id,owner,material,role,quantity,volume_mm3,STEP,note
l_yaw_bush_top,chest,pom,structural_concept,1,154.55379218600356,../../revM/manny/parts/l_yaw_bush_top.step,"Machined POM-C plain sleeve. CAD is installed/compressed state; free OD is +0.030 +/-0.005 mm above nominal, housing bore +0.000..+0.010. Finish running bore after installation. No clutch axial preload. Pull-out and thermal qualification required."
l_yaw_bush_lower,chest,pom,structural_concept,1,123.64303374880286,../../revM/manny/parts/l_yaw_bush_lower.step,"Machined POM-C plain sleeve. CAD is installed/compressed state; free OD is +0.030 +/-0.005 mm above nominal, housing bore +0.000..+0.010. Finish running bore after installation. No clutch axial preload. Pull-out and thermal qualification required."
l_elev_bush_27,clavicle_l.protract_frame,pom,structural_concept,1,92.73227531160211,../../revM/manny/parts/l_elev_bush_27.step,"Machined POM-C plain sleeve. CAD is installed/compressed state; free OD is +0.030 +/-0.005 mm above nominal, housing bore +0.000..+0.010. Finish running bore after installation. No clutch axial preload. Pull-out and thermal qualification required."
l_elev_bush_43,clavicle_l.protract_frame,pom,structural_concept,1,92.73227531160211,../../revM/manny/parts/l_elev_bush_43.step,"Machined POM-C plain sleeve. CAD is installed/compressed state; free OD is +0.030 +/-0.005 mm above nominal, housing bore +0.000..+0.010. Finish running bore after installation. No clutch axial preload. Pull-out and thermal qualification required."
l_yaw_carriage,clavicle_l.protract_frame,aluminum_7075,structural_concept,1,5420.450253883302,../../revM/manny/parts/l_yaw_carriage.step,"Machined yaw carriage, keyed D4 end and two original elevation bearings; bolt-on G4 reaction plate support; reamed press-fit sleeve seat, see retained_bushes manifest; reamed press-fit sleeve seat, see retained_bushes manifest"
l_flex_bush_-36.5,clavicle_l,pom,structural_concept,1,108.06450409818179,../../revM/manny/parts/l_flex_bush_-36.5.step,"Machined POM-C plain sleeve. CAD is installed/compressed state; free OD is +0.030 +/-0.005 mm above nominal, housing bore +0.000..+0.010. Finish running bore after installation. No clutch axial preload. Pull-out and thermal qualification required."
l_flex_bush_-27.5,clavicle_l,pom,structural_concept,1,108.06450409818176,../../revM/manny/parts/l_flex_bush_-27.5.step,"Machined POM-C plain sleeve. CAD is installed/compressed state; free OD is +0.030 +/-0.005 mm above nominal, housing bore +0.000..+0.010. Finish running bore after installation. No clutch axial preload. Pull-out and thermal qualification required."
l_clavicle_output_frame,clavicle_l,aluminum_7075,structural_concept,1,7466.219322912576,../../revM/manny/parts/l_clavicle_output_frame.step,"Machined clavicle link, D4 middle key transfers elevation torque, M2 radial retainer; original shoulder centre preserved; reamed press-fit sleeve seat, see retained_bushes manifest; reamed press-fit sleeve seat, see retained_bushes manifest"
l_abduct_bush_-20.5,upperarm_l.flex_frame,pom,structural_concept,1,77.27689609300177,../../revM/manny/parts/l_abduct_bush_-20.5.step,"Machined POM-C plain sleeve. CAD is installed/compressed state; free OD is +0.030 +/-0.005 mm above nominal, housing bore +0.000..+0.010. Finish running bore after installation. No clutch axial preload. Pull-out and thermal qualification required."
l_abduct_bush_20.5,upperarm_l.flex_frame,pom,structural_concept,1,108.06450409818177,../../revM/manny/parts/l_abduct_bush_20.5.step,"Machined POM-C plain sleeve. CAD is installed/compressed state; free OD is +0.030 +/-0.005 mm above nominal, housing bore +0.000..+0.010. Finish running bore after installation. No clutch axial preload. Pull-out and thermal qualification required."
l_flex_ring,upperarm_l.flex_frame,aluminum_7075,structural_concept,1,3827.037402435624,../../revM/manny/parts/l_flex_ring.step,"Rev J removable split metal drive hub; flange fixed with two M2 screws, nut pockets and tool relief; strain/creep not verified; 7075-T6 metal candidate required for reamed interference-fit radial bush seats; no PLA press-fit claim; reamed press-fit sleeve seat, see retained_bushes manifest; reamed press-fit sleeve seat, see retained_bushes manifest"
l_abduct_ring_and_twist_seat,upperarm_l.abduct_frame,aluminum_7075,structural_concept,1,3537.6585981641724,parts/l_abduct_ring_and_twist_seat.step,"Machined metal shoulder abduction ring and twist reaction face; top thrust face Z5.5, radial bush does not carry preload; integral positive travel stops; D6.04 nominal sleeve seat and captured D7.4 lower flange; outer friction contact radius increased to 10 mm; Rev N1 local travel-tab relief outside R10.15, protected bearing/friction region R<=9.5 unchanged; original end-stop angular faces retained, strength not rated"
l_twist_bush,upperarm_l.abduct_frame,pom,structural_concept,1,223.31565271886208,../../revM/manny/parts/l_twist_bush.step,"Flanged POM-C D6 sleeve, D4.06 running bore; D7.4 x0.8 flange trapped between lining top -9 and housing shoulder -8. Nominal axial float .2 mm."
l_twist_rotor_face,upperarm_l,aluminum_7075,structural_concept,1,620.1574205087352,../../revM/manny/parts/l_twist_rotor_face.step,Positive D4 drive; axial spring force reacts into the fixed metal shoulder seat; integral travel tab reacts directly into bearing frame; outer friction contact radius increased to 10 mm
l_twist_lining,upperarm_l.abduct_frame,peek,structural_concept,1,282.9868122537348,../../revM/manny/parts/l_twist_lining.step,"; unfilled PEEK ring R3.15..10, dry contact candidate"
l_arm_upperarm_shell_front,upperarm_l,shell,solid_concept,1,6198.84831428299,../../revM/manny/parts/l_arm_upperarm_shell_front.step,"1.8 mm partial rigid arm cover; two M2x20 through captive rear nuts into closed centreline rail lugs; front straight hex access, remove before servicing joints; pose clearance sampled digitally"
l_arm_upperarm_shell_back,upperarm_l,shell,solid_concept,1,12891.846331741643,../../revM/manny/parts/l_arm_upperarm_shell_back.step,"1.8 mm partial rigid arm cover; two M2x20 through captive rear nuts into closed centreline rail lugs; front straight hex access, remove before servicing joints; pose clearance sampled digitally"
r_yaw_bush_top,chest,pom,structural_concept,1,154.55379218600356,../../revM/manny/parts/r_yaw_bush_top.step,"Machined POM-C plain sleeve. CAD is installed/compressed state; free OD is +0.030 +/-0.005 mm above nominal, housing bore +0.000..+0.010. Finish running bore after installation. No clutch axial preload. Pull-out and thermal qualification required."
r_yaw_bush_lower,chest,pom,structural_concept,1,123.64303374880289,../../revM/manny/parts/r_yaw_bush_lower.step,"Machined POM-C plain sleeve. CAD is installed/compressed state; free OD is +0.030 +/-0.005 mm above nominal, housing bore +0.000..+0.010. Finish running bore after installation. No clutch axial preload. Pull-out and thermal qualification required."
r_elev_bush_27,clavicle_r.protract_frame,pom,structural_concept,1,92.73227531160211,../../revM/manny/parts/r_elev_bush_27.step,"Machined POM-C plain sleeve. CAD is installed/compressed state; free OD is +0.030 +/-0.005 mm above nominal, housing bore +0.000..+0.010. Finish running bore after installation. No clutch axial preload. Pull-out and thermal qualification required."
r_elev_bush_43,clavicle_r.protract_frame,pom,structural_concept,1,92.73227531160214,../../revM/manny/parts/r_elev_bush_43.step,"Machined POM-C plain sleeve. CAD is installed/compressed state; free OD is +0.030 +/-0.005 mm above nominal, housing bore +0.000..+0.010. Finish running bore after installation. No clutch axial preload. Pull-out and thermal qualification required."
r_yaw_carriage,clavicle_r.protract_frame,aluminum_7075,structural_concept,1,5420.450481341685,../../revM/manny/parts/r_yaw_carriage.step,"Machined yaw carriage, keyed D4 end and two original elevation bearings; bolt-on G4 reaction plate support; reamed press-fit sleeve seat, see retained_bushes manifest; reamed press-fit sleeve seat, see retained_bushes manifest"
r_flex_bush_-36.5,clavicle_r,pom,structural_concept,1,108.06450409818183,../../revM/manny/parts/r_flex_bush_-36.5.step,"Machined POM-C plain sleeve. CAD is installed/compressed state; free OD is +0.030 +/-0.005 mm above nominal, housing bore +0.000..+0.010. Finish running bore after installation. No clutch axial preload. Pull-out and thermal qualification required."
r_flex_bush_-27.5,clavicle_r,pom,structural_concept,1,108.06450409818183,../../revM/manny/parts/r_flex_bush_-27.5.step,"Machined POM-C plain sleeve. CAD is installed/compressed state; free OD is +0.030 +/-0.005 mm above nominal, housing bore +0.000..+0.010. Finish running bore after installation. No clutch axial preload. Pull-out and thermal qualification required."
r_clavicle_output_frame,clavicle_r,aluminum_7075,structural_concept,1,7151.624709201116,../../revM/manny/parts/r_clavicle_output_frame.step,"Machined clavicle link, D4 middle key transfers elevation torque, M2 radial retainer; original shoulder centre preserved; reamed press-fit sleeve seat, see retained_bushes manifest; reamed press-fit sleeve seat, see retained_bushes manifest"
r_abduct_bush_-20.5,upperarm_r.flex_frame,pom,structural_concept,1,77.27689609300175,../../revM/manny/parts/r_abduct_bush_-20.5.step,"Machined POM-C plain sleeve. CAD is installed/compressed state; free OD is +0.030 +/-0.005 mm above nominal, housing bore +0.000..+0.010. Finish running bore after installation. No clutch axial preload. Pull-out and thermal qualification required."
r_abduct_bush_20.5,upperarm_r.flex_frame,pom,structural_concept,1,108.06450409818177,../../revM/manny/parts/r_abduct_bush_20.5.step,"Machined POM-C plain sleeve. CAD is installed/compressed state; free OD is +0.030 +/-0.005 mm above nominal, housing bore +0.000..+0.010. Finish running bore after installation. No clutch axial preload. Pull-out and thermal qualification required."
r_flex_ring,upperarm_r.flex_frame,aluminum_7075,structural_concept,1,3827.041946137451,../../revM/manny/parts/r_flex_ring.step,"Rev J removable split metal drive hub; flange fixed with two M2 screws, nut pockets and tool relief; strain/creep not verified; 7075-T6 metal candidate required for reamed interference-fit radial bush seats; no PLA press-fit claim; reamed press-fit sleeve seat, see retained_bushes manifest; reamed press-fit sleeve seat, see retained_bushes manifest"
r_abduct_ring_and_twist_seat,upperarm_r.abduct_frame,aluminum_7075,structural_concept,1,3537.340626127649,../../revM/manny/parts/r_abduct_ring_and_twist_seat.step,"Machined metal shoulder abduction ring and twist reaction face; top thrust face Z5.5, radial bush does not carry preload; integral positive travel stops; D6.04 nominal sleeve seat and captured D7.4 lower flange; outer friction contact radius increased to 10 mm"
r_twist_bush,upperarm_r.abduct_frame,pom,structural_concept,1,223.31565271886217,../../revM/manny/parts/r_twist_bush.step,"Flanged POM-C D6 sleeve, D4.06 running bore; D7.4 x0.8 flange trapped between lining top -9 and housing shoulder -8. Nominal axial float .2 mm."
r_twist_rotor_face,upperarm_r,aluminum_7075,structural_concept,1,620.1574205087362,../../revM/manny/parts/r_twist_rotor_face.step,Positive D4 drive; axial spring force reacts into the fixed metal shoulder seat; integral travel tab reacts directly into bearing frame; outer friction contact radius increased to 10 mm
r_twist_lining,upperarm_r.abduct_frame,peek,structural_concept,1,282.98681225373497,../../revM/manny/parts/r_twist_lining.step,"; unfilled PEEK ring R3.15..10, dry contact candidate"
r_arm_upperarm_shell_front,upperarm_r,shell,solid_concept,1,6198.779965077366,../../revM/manny/parts/r_arm_upperarm_shell_front.step,"1.8 mm partial rigid arm cover; two M2x20 through captive rear nuts into closed centreline rail lugs; front straight hex access, remove before servicing joints; pose clearance sampled digitally"
r_arm_upperarm_shell_back,upperarm_r,shell,solid_concept,1,12891.78337106259,../../revM/manny/parts/r_arm_upperarm_shell_back.step,"1.8 mm partial rigid arm cover; two M2x20 through captive rear nuts into closed centreline rail lugs; front straight hex access, remove before servicing joints; pose clearance sampled digitally"
l_flex_clutch_flanged_shaft,upperarm_l.flex_frame,aluminum_7075,structural_concept,1,2486.5737569435355,../../revM/manny/parts/l_flex_clutch_flanged_shaft.step,"Custom steel 6 mm journal; integral flange, inner D drive, outer D cap seat, two M3 blind threads; integral travel tab reacts directly into bearing frame"
l_flex_clutch_keyed_lining,clavicle_l,peek,structural_concept,1,352.38699863507384,../../revM/manny/parts/l_flex_clutch_keyed_lining.step,"1 mm replaceable lining; coefficient and wear unqualified; inner radius 6.8 mm leaves a 0.3 mm radial clearance to protected inner travel tabs; unfilled machined PEEK candidate, dry contact; actual torque and creep must be qualified"
l_flex_clutch_reaction_plate,clavicle_l,aluminum_7075,structural_concept,1,1856.160324750695,../../revM/manny/parts/l_flex_clutch_reaction_plate.step,"3 mm steel reaction plate with keyed lining recess and two M3 frame mounts; spring thrust closes through plate; Rev L two M2 through pilot bores at +/-11.9 for separate brass sensor standoffs; 1.0 mm minimum radial ligament; integral positive travel stops; D14.50 x0.85 upper retaining counterbore, flat Z3.15"
l_flex_clutch_radial_bush,clavicle_l,pom,structural_concept,1,138.80021299272474,../../revM/manny/parts/l_flex_clutch_radial_bush.step,"POM radial guide, clear of thrust faces; press fit/retention pending; D14.40 x0.70 flange at Z3.20..3.90, captured below thrust washer Z4.00; 0.15 total nominal axial float"
l_flex_clutch_thrust_washer,clavicle_l,thrust,structural_concept,1,353.4291735288514,../../revM/manny/parts/l_flex_clutch_thrust_washer.step,SKF dimension candidate; PTFE face towards rotating spring seat; washer retention pending
l_flex_clutch_spring_seat,upperarm_l.flex_frame,metal,structural_concept,1,141.98427997899066,../../revM/manny/parts/l_flex_clutch_spring_seat.step,Steel spring seat; thrust washer separates rotation from fixed reaction plate
l_flex_clutch_disc_spring_a,upperarm_l.flex_frame,spring,structural_concept,1,49.74397807694075,../../revM/manny/parts/l_flex_clutch_disc_spring_a.step,SCHNORR 002 200 dimensional candidate at catalog test height
l_flex_clutch_disc_spring_b,upperarm_l.flex_frame,spring,structural_concept,1,49.74397807694075,../../revM/manny/parts/l_flex_clutch_disc_spring_b.step,Opposed pair in series: force is not doubled
l_flex_clutch_keyed_stop_cap,upperarm_l.flex_frame,aluminum,structural_concept,1,361.6983591114389,../../revM/manny/parts/l_flex_clutch_keyed_stop_cap.step,Rev L aluminum stop cap retains original metal stop heights and adds outside D flat for magnet cup; local contact stress and fatigue unqualified
l_flex_clutch_outer_M3x8,upperarm_l.flex_frame,titanium,structural_concept,1,95.05001952736514,../../revM/manny/parts/l_flex_clutch_outer_M3x8.step,"Rev L M3x8 titanium Grade 5 button screw dimension candidate (Accu SSB-M3-8-TI5); cylindrical head envelope 5.7 x 1.65, 2 mm hex, strength/procurement not released"
l_flex_clutch_drive_retainer_washer,upperarm_l.flex_frame,metal,structural_concept,1,69.98683034034684,../../revM/manny/parts/l_flex_clutch_drive_retainer_washer.step,Separate washer retains D drive in printed output hub
l_flex_clutch_inner_M3x8,upperarm_l.flex_frame,fastener,structural_concept,1,95.18858359197088,../../revM/manny/parts/l_flex_clutch_inner_M3x8.step,"M3x8 ISO7380-1 low-profile button screw, 1.65 mm nominal head height; independent output-hub retention, no spring adjustment"
l_flex_clutch_mount_M3x10_0,clavicle_l,fastener,structural_concept,1,133.84172987360972,../../revM/manny/parts/l_flex_clutch_mount_M3x10_0.step,Reaction plate to printed support; simplified thread
l_flex_clutch_mount_M3_nut_0,clavicle_l,fastener,structural_concept,1,51.09247186378846,../../revM/manny/parts/l_flex_clutch_mount_M3_nut_0.step,"Captured hex nut, accessible from inside of support"
l_flex_clutch_mount_M3x10_1,clavicle_l,fastener,structural_concept,1,133.84172987360975,../../revM/manny/parts/l_flex_clutch_mount_M3x10_1.step,Reaction plate to printed support; simplified thread
l_flex_clutch_mount_M3_nut_1,clavicle_l,fastener,structural_concept,1,51.092471863788454,../../revM/manny/parts/l_flex_clutch_mount_M3_nut_1.step,"Captured hex nut, accessible from inside of support"
l_abduct_clutch_flanged_shaft,upperarm_l.abduct_frame,aluminum_7075,structural_concept,1,2260.379085885075,../../revM/manny/parts/l_abduct_clutch_flanged_shaft.step,"Custom steel 6 mm journal; integral flange, inner D drive, outer D cap seat, two M3 blind threads; integral travel tab reacts directly into bearing frame"
l_abduct_clutch_keyed_lining,upperarm_l.flex_frame,peek,structural_concept,1,352.3869986350729,../../revM/manny/parts/l_abduct_clutch_keyed_lining.step,"1 mm replaceable lining; coefficient and wear unqualified; inner radius 6.8 mm leaves a 0.3 mm radial clearance to protected inner travel tabs; unfilled machined PEEK candidate, dry contact; actual torque and creep must be qualified"
l_abduct_clutch_reaction_plate,upperarm_l.flex_frame,aluminum_7075,structural_concept,1,1868.5223587779958,../../revM/manny/parts/l_abduct_clutch_reaction_plate.step,"3 mm steel reaction plate with keyed lining recess and two M3 frame mounts; spring thrust closes through plate; integral positive travel stops; D14.50 x0.85 upper retaining counterbore, flat Z3.15"
l_abduct_clutch_radial_bush,upperarm_l.flex_frame,pom,structural_concept,1,138.8002129927253,../../revM/manny/parts/l_abduct_clutch_radial_bush.step,"POM radial guide, clear of thrust faces; press fit/retention pending; D14.40 x0.70 flange at Z3.20..3.90, captured below thrust washer Z4.00; 0.15 total nominal axial float"
l_abduct_clutch_thrust_washer,upperarm_l.flex_frame,thrust,structural_concept,1,353.42917352885195,../../revM/manny/parts/l_abduct_clutch_thrust_washer.step,SKF dimension candidate; PTFE face towards rotating spring seat; washer retention pending
l_abduct_clutch_spring_seat,upperarm_l.abduct_frame,metal,structural_concept,1,141.98427997899074,../../revM/manny/parts/l_abduct_clutch_spring_seat.step,Steel spring seat; thrust washer separates rotation from fixed reaction plate
l_abduct_clutch_disc_spring_a,upperarm_l.abduct_frame,spring,structural_concept,1,49.74397807694068,../../revM/manny/parts/l_abduct_clutch_disc_spring_a.step,SCHNORR 002 200 dimensional candidate at catalog test height
l_abduct_clutch_disc_spring_b,upperarm_l.abduct_frame,spring,structural_concept,1,49.74397807694071,../../revM/manny/parts/l_abduct_clutch_disc_spring_b.step,Opposed pair in series: force is not doubled
l_abduct_clutch_keyed_stop_cap,upperarm_l.abduct_frame,metal,structural_concept,1,396.88687888604244,../../revM/manny/parts/l_abduct_clutch_keyed_stop_cap.step,D key follows shaft; cap seats on metal shaft end; shim selection/retention and backlash need physical validation
l_abduct_clutch_outer_M3x8,upperarm_l.abduct_frame,fastener,structural_concept,1,119.7045629324554,../../revM/manny/parts/l_abduct_clutch_outer_M3x8.step,"Simplified thread envelope; axial cap retention, not hand tightness setting"
l_abduct_clutch_drive_retainer_washer,upperarm_l.abduct_frame,metal,structural_concept,1,69.98683034034687,../../revM/manny/parts/l_abduct_clutch_drive_retainer_washer.step,Separate washer retains D drive in printed output hub
l_abduct_clutch_inner_M3x8,upperarm_l.abduct_frame,fastener,structural_concept,1,119.70456293245542,../../revM/manny/parts/l_abduct_clutch_inner_M3x8.step,Independent output-hub retention; does not set clutch spring compression
l_abduct_clutch_mount_M3x10_0,upperarm_l.flex_frame,fastener,structural_concept,1,133.8417298736095,../../revM/manny/parts/l_abduct_clutch_mount_M3x10_0.step,Reaction plate to printed support; simplified thread
l_abduct_clutch_mount_M3_nut_0,upperarm_l.flex_frame,fastener,structural_concept,1,51.09247186378785,../../revM/manny/parts/l_abduct_clutch_mount_M3_nut_0.step,"Captured hex nut, accessible from inside of support"
l_abduct_clutch_mount_M3x10_1,upperarm_l.flex_frame,fastener,structural_concept,1,133.8417298736095,../../revM/manny/parts/l_abduct_clutch_mount_M3x10_1.step,Reaction plate to printed support; simplified thread
l_abduct_clutch_mount_M3_nut_1,upperarm_l.flex_frame,fastener,structural_concept,1,51.09247186378785,../../revM/manny/parts/l_abduct_clutch_mount_M3_nut_1.step,"Captured hex nut, accessible from inside of support"
r_flex_clutch_flanged_shaft,upperarm_r.flex_frame,aluminum_7075,structural_concept,1,2486.5737569435355,../../revM/manny/parts/r_flex_clutch_flanged_shaft.step,"Custom steel 6 mm journal; integral flange, inner D drive, outer D cap seat, two M3 blind threads; integral travel tab reacts directly into bearing frame"
r_flex_clutch_keyed_lining,clavicle_r,peek,structural_concept,1,352.38699863507355,../../revM/manny/parts/r_flex_clutch_keyed_lining.step,"1 mm replaceable lining; coefficient and wear unqualified; inner radius 6.8 mm leaves a 0.3 mm radial clearance to protected inner travel tabs; unfilled machined PEEK candidate, dry contact; actual torque and creep must be qualified"
r_flex_clutch_reaction_plate,clavicle_r,aluminum_7075,structural_concept,1,1856.1603247506964,../../revM/manny/parts/r_flex_clutch_reaction_plate.step,"3 mm steel reaction plate with keyed lining recess and two M3 frame mounts; spring thrust closes through plate; Rev L two M2 through pilot bores at +/-11.9 for separate brass sensor standoffs; 1.0 mm minimum radial ligament; integral positive travel stops; D14.50 x0.85 upper retaining counterbore, flat Z3.15"
r_flex_clutch_radial_bush,clavicle_r,pom,structural_concept,1,138.80021299272474,../../revM/manny/parts/r_flex_clutch_radial_bush.step,"POM radial guide, clear of thrust faces; press fit/retention pending; D14.40 x0.70 flange at Z3.20..3.90, captured below thrust washer Z4.00; 0.15 total nominal axial float"
r_flex_clutch_thrust_washer,clavicle_r,thrust,structural_concept,1,353.42917352885195,../../revM/manny/parts/r_flex_clutch_thrust_washer.step,SKF dimension candidate; PTFE face towards rotating spring seat; washer retention pending
r_flex_clutch_spring_seat,upperarm_r.flex_frame,metal,structural_concept,1,141.98427997899094,../../revM/manny/parts/r_flex_clutch_spring_seat.step,Steel spring seat; thrust washer separates rotation from fixed reaction plate
r_flex_clutch_disc_spring_a,upperarm_r.flex_frame,spring,structural_concept,1,49.743978076940756,../../revM/manny/parts/r_flex_clutch_disc_spring_a.step,SCHNORR 002 200 dimensional candidate at catalog test height
r_flex_clutch_disc_spring_b,upperarm_r.flex_frame,spring,structural_concept,1,49.743978076940756,../../revM/manny/parts/r_flex_clutch_disc_spring_b.step,Opposed pair in series: force is not doubled
r_flex_clutch_keyed_stop_cap,upperarm_r.flex_frame,aluminum,structural_concept,1,361.6983591114387,../../revM/manny/parts/r_flex_clutch_keyed_stop_cap.step,Rev L aluminum stop cap retains original metal stop heights and adds outside D flat for magnet cup; local contact stress and fatigue unqualified
r_flex_clutch_outer_M3x8,upperarm_r.flex_frame,titanium,structural_concept,1,95.05001952736538,../../revM/manny/parts/r_flex_clutch_outer_M3x8.step,"Rev L M3x8 titanium Grade 5 button screw dimension candidate (Accu SSB-M3-8-TI5); cylindrical head envelope 5.7 x 1.65, 2 mm hex, strength/procurement not released"
r_flex_clutch_drive_retainer_washer,upperarm_r.flex_frame,metal,structural_concept,1,69.98683034034684,../../revM/manny/parts/r_flex_clutch_drive_retainer_washer.step,Separate washer retains D drive in printed output hub
r_flex_clutch_inner_M3x8,upperarm_r.flex_frame,fastener,structural_concept,1,95.18858359197093,../../revM/manny/parts/r_flex_clutch_inner_M3x8.step,"M3x8 ISO7380-1 low-profile button screw, 1.65 mm nominal head height; independent output-hub retention, no spring adjustment"
r_flex_clutch_mount_M3x10_0,clavicle_r,fastener,structural_concept,1,133.84172987360978,../../revM/manny/parts/r_flex_clutch_mount_M3x10_0.step,Reaction plate to printed support; simplified thread
r_flex_clutch_mount_M3_nut_0,clavicle_r,fastener,structural_concept,1,51.092471863788454,../../revM/manny/parts/r_flex_clutch_mount_M3_nut_0.step,"Captured hex nut, accessible from inside of support"
r_flex_clutch_mount_M3x10_1,clavicle_r,fastener,structural_concept,1,133.84172987360975,../../revM/manny/parts/r_flex_clutch_mount_M3x10_1.step,Reaction plate to printed support; simplified thread
r_flex_clutch_mount_M3_nut_1,clavicle_r,fastener,structural_concept,1,51.09247186378844,../../revM/manny/parts/r_flex_clutch_mount_M3_nut_1.step,"Captured hex nut, accessible from inside of support"
r_abduct_clutch_flanged_shaft,upperarm_r.abduct_frame,aluminum_7075,structural_concept,1,2260.3790858850757,../../revM/manny/parts/r_abduct_clutch_flanged_shaft.step,"Custom steel 6 mm journal; integral flange, inner D drive, outer D cap seat, two M3 blind threads; integral travel tab reacts directly into bearing frame"
r_abduct_clutch_keyed_lining,upperarm_r.flex_frame,peek,structural_concept,1,352.386998635074,../../revM/manny/parts/r_abduct_clutch_keyed_lining.step,"1 mm replaceable lining; coefficient and wear unqualified; inner radius 6.8 mm leaves a 0.3 mm radial clearance to protected inner travel tabs; unfilled machined PEEK candidate, dry contact; actual torque and creep must be qualified"
r_abduct_clutch_reaction_plate,upperarm_r.flex_frame,aluminum_7075,structural_concept,1,1868.5223587779994,../../revM/manny/parts/r_abduct_clutch_reaction_plate.step,"3 mm steel reaction plate with keyed lining recess and two M3 frame mounts; spring thrust closes through plate; integral positive travel stops; D14.50 x0.85 upper retaining counterbore, flat Z3.15"
r_abduct_clutch_radial_bush,upperarm_r.flex_frame,pom,structural_concept,1,138.8002129927253,../../revM/manny/parts/r_abduct_clutch_radial_bush.step,"POM radial guide, clear of thrust faces; press fit/retention pending; D14.40 x0.70 flange at Z3.20..3.90, captured below thrust washer Z4.00; 0.15 total nominal axial float"
r_abduct_clutch_thrust_washer,upperarm_r.flex_frame,thrust,structural_concept,1,353.42917352885195,../../revM/manny/parts/r_abduct_clutch_thrust_washer.step,SKF dimension candidate; PTFE face towards rotating spring seat; washer retention pending
r_abduct_clutch_spring_seat,upperarm_r.abduct_frame,metal,structural_concept,1,141.9842799789904,../../revM/manny/parts/r_abduct_clutch_spring_seat.step,Steel spring seat; thrust washer separates rotation from fixed reaction plate
r_abduct_clutch_disc_spring_a,upperarm_r.abduct_frame,spring,structural_concept,1,49.743978076940664,../../revM/manny/parts/r_abduct_clutch_disc_spring_a.step,SCHNORR 002 200 dimensional candidate at catalog test height
r_abduct_clutch_disc_spring_b,upperarm_r.abduct_frame,spring,structural_concept,1,49.74397807694069,../../revM/manny/parts/r_abduct_clutch_disc_spring_b.step,Opposed pair in series: force is not doubled
r_abduct_clutch_keyed_stop_cap,upperarm_r.abduct_frame,metal,structural_concept,1,396.8868788860425,../../revM/manny/parts/r_abduct_clutch_keyed_stop_cap.step,D key follows shaft; cap seats on metal shaft end; shim selection/retention and backlash need physical validation
r_abduct_clutch_outer_M3x8,upperarm_r.abduct_frame,fastener,structural_concept,1,119.7045629324554,../../revM/manny/parts/r_abduct_clutch_outer_M3x8.step,"Simplified thread envelope; axial cap retention, not hand tightness setting"
r_abduct_clutch_drive_retainer_washer,upperarm_r.abduct_frame,metal,structural_concept,1,69.98683034034687,../../revM/manny/parts/r_abduct_clutch_drive_retainer_washer.step,Separate washer retains D drive in printed output hub
r_abduct_clutch_inner_M3x8,upperarm_r.abduct_frame,fastener,structural_concept,1,119.70456293245542,../../revM/manny/parts/r_abduct_clutch_inner_M3x8.step,Independent output-hub retention; does not set clutch spring compression
r_abduct_clutch_mount_M3x10_0,upperarm_r.flex_frame,fastener,structural_concept,1,133.8417298736095,../../revM/manny/parts/r_abduct_clutch_mount_M3x10_0.step,Reaction plate to printed support; simplified thread
r_abduct_clutch_mount_M3_nut_0,upperarm_r.flex_frame,fastener,structural_concept,1,51.092471863787836,../../revM/manny/parts/r_abduct_clutch_mount_M3_nut_0.step,"Captured hex nut, accessible from inside of support"
r_abduct_clutch_mount_M3x10_1,upperarm_r.flex_frame,fastener,structural_concept,1,133.8417298736095,../../revM/manny/parts/r_abduct_clutch_mount_M3x10_1.step,Reaction plate to printed support; simplified thread
r_abduct_clutch_mount_M3_nut_1,upperarm_r.flex_frame,fastener,structural_concept,1,51.092471863787836,../../revM/manny/parts/r_abduct_clutch_mount_M3_nut_1.step,"Captured hex nut, accessible from inside of support"
l_flex_drive_split_hub,upperarm_l.flex_frame,aluminum,structural_concept,1,593.4821423412807,../../revM/manny/parts/l_flex_drive_split_hub.step,Custom split metal D hub; M2 tapped clamp ear; preload/elastic closure not simulated
l_flex_drive_pinch_M2x10,upperarm_l.flex_frame,fastener,structural_concept,1,52.1496683363016,../../revM/manny/parts/l_flex_drive_pinch_M2x10.step,M2 transverse pinch screw takes up shaft fit clearance; tightening torque not yet qualified
l_flex_drive_mount_M2x4_0,upperarm_l.flex_frame,fastener,structural_concept,1,33.10525669891111,../../revM/manny/parts/l_flex_drive_mount_M2x4_0.step,Flange screw with trapped M2 nut; 1.6 mm nominal nut engagement
l_flex_drive_mount_M2_nut_0,upperarm_l.flex_frame,fastener,structural_concept,1,18.953259459605672,../../revM/manny/parts/l_flex_drive_mount_M2_nut_0.step,Captured nut inside output yoke; fit and creep require testing
l_flex_drive_mount_M2x4_1,upperarm_l.flex_frame,fastener,structural_concept,1,33.105256698911106,../../revM/manny/parts/l_flex_drive_mount_M2x4_1.step,Flange screw with trapped M2 nut; 1.6 mm nominal nut engagement
l_flex_drive_mount_M2_nut_1,upperarm_l.flex_frame,fastener,structural_concept,1,18.95325945960568,../../revM/manny/parts/l_flex_drive_mount_M2_nut_1.step,Captured nut inside output yoke; fit and creep require testing
l_abduct_drive_split_hub,upperarm_l.abduct_frame,aluminum,structural_concept,1,593.4821423412805,../../revM/manny/parts/l_abduct_drive_split_hub.step,Custom split metal D hub; M2 tapped clamp ear; preload/elastic closure not simulated
l_abduct_drive_pinch_M2x10,upperarm_l.abduct_frame,fastener,structural_concept,1,52.14966833630126,../../revM/manny/parts/l_abduct_drive_pinch_M2x10.step,M2 transverse pinch screw takes up shaft fit clearance; tightening torque not yet qualified
l_abduct_drive_mount_M2x4_0,upperarm_l.abduct_frame,fastener,structural_concept,1,33.10525669891099,../../revM/manny/parts/l_abduct_drive_mount_M2x4_0.step,Flange screw with trapped M2 nut; 1.6 mm nominal nut engagement
l_abduct_drive_mount_M2_nut_0,upperarm_l.abduct_frame,fastener,structural_concept,1,18.953259459605682,../../revM/manny/parts/l_abduct_drive_mount_M2_nut_0.step,Captured nut inside output yoke; fit and creep require testing
l_abduct_drive_mount_M2x4_1,upperarm_l.abduct_frame,fastener,structural_concept,1,33.10525669891095,../../revM/manny/parts/l_abduct_drive_mount_M2x4_1.step,Flange screw with trapped M2 nut; 1.6 mm nominal nut engagement
l_abduct_drive_mount_M2_nut_1,upperarm_l.abduct_frame,fastener,structural_concept,1,18.95325945960571,../../revM/manny/parts/l_abduct_drive_mount_M2_nut_1.step,Captured nut inside output yoke; fit and creep require testing
r_flex_drive_split_hub,upperarm_r.flex_frame,aluminum,structural_concept,1,593.4821423412809,../../revM/manny/parts/r_flex_drive_split_hub.step,Custom split metal D hub; M2 tapped clamp ear; preload/elastic closure not simulated
r_flex_drive_pinch_M2x10,upperarm_r.flex_frame,fastener,structural_concept,1,52.14966833630161,../../revM/manny/parts/r_flex_drive_pinch_M2x10.step,M2 transverse pinch screw takes up shaft fit clearance; tightening torque not yet qualified
r_flex_drive_mount_M2x4_0,upperarm_r.flex_frame,fastener,structural_concept,1,33.105256698911106,../../revM/manny/parts/r_flex_drive_mount_M2x4_0.step,Flange screw with trapped M2 nut; 1.6 mm nominal nut engagement
r_flex_drive_mount_M2_nut_0,upperarm_r.flex_frame,fastener,structural_concept,1,18.95325945960562,../../revM/manny/parts/r_flex_drive_mount_M2_nut_0.step,Captured nut inside output yoke; fit and creep require testing
r_flex_drive_mount_M2x4_1,upperarm_r.flex_frame,fastener,structural_concept,1,33.105256698911106,../../revM/manny/parts/r_flex_drive_mount_M2x4_1.step,Flange screw with trapped M2 nut; 1.6 mm nominal nut engagement
r_flex_drive_mount_M2_nut_1,upperarm_r.flex_frame,fastener,structural_concept,1,18.9532594596056,../../revM/manny/parts/r_flex_drive_mount_M2_nut_1.step,Captured nut inside output yoke; fit and creep require testing
r_abduct_drive_split_hub,upperarm_r.abduct_frame,aluminum,structural_concept,1,593.4821423412808,../../revM/manny/parts/r_abduct_drive_split_hub.step,Custom split metal D hub; M2 tapped clamp ear; preload/elastic closure not simulated
r_abduct_drive_pinch_M2x10,upperarm_r.abduct_frame,fastener,structural_concept,1,52.14966833630126,../../revM/manny/parts/r_abduct_drive_pinch_M2x10.step,M2 transverse pinch screw takes up shaft fit clearance; tightening torque not yet qualified
r_abduct_drive_mount_M2x4_0,upperarm_r.abduct_frame,fastener,structural_concept,1,33.10525669891099,../../revM/manny/parts/r_abduct_drive_mount_M2x4_0.step,Flange screw with trapped M2 nut; 1.6 mm nominal nut engagement
r_abduct_drive_mount_M2_nut_0,upperarm_r.abduct_frame,fastener,structural_concept,1,18.953259459605686,../../revM/manny/parts/r_abduct_drive_mount_M2_nut_0.step,Captured nut inside output yoke; fit and creep require testing
r_abduct_drive_mount_M2x4_1,upperarm_r.abduct_frame,fastener,structural_concept,1,33.10525669891095,../../revM/manny/parts/r_abduct_drive_mount_M2x4_1.step,Flange screw with trapped M2 nut; 1.6 mm nominal nut engagement
r_abduct_drive_mount_M2_nut_1,upperarm_r.abduct_frame,fastener,structural_concept,1,18.953259459605707,../../revM/manny/parts/r_abduct_drive_mount_M2_nut_1.step,Captured nut inside output yoke; fit and creep require testing
l_abduct_sensor_rear_journal,upperarm_l.abduct_frame,aluminum,sensor_candidate,1,202.14747738287605,../../revM/manny/parts/l_abduct_sensor_rear_journal.step,Custom nonferromagnetic 4 mm journal; inner radial M2 and outer axial M2 retention
l_abduct_sensor_journal_radial_M2x4,upperarm_l.abduct_frame,brass,sensor_candidate,1,33.3001124147625,../../revM/manny/parts/l_abduct_sensor_journal_radial_M2x4.step,"Candidate nonferromagnetic M2x4; keyed shaft is installed after front clutch screw, before twist shaft"
l_abduct_sensor_magnet_carrier,upperarm_l.abduct_frame,frame,sensor_candidate,1,983.5430596436537,../../revM/manny/parts/l_abduct_sensor_magnet_carrier.step,D driven magnet cup with separate axial screw; 0.1 mm radial adhesive bed prevents magnet rotation; adhesive selection and rotational slip test pending
l_abduct_sensor_carrier_axial_M2x6,upperarm_l.abduct_frame,nylon,sensor_candidate,1,32.31913442380509,../../revM/manny/parts/l_abduct_sensor_carrier_axial_M2x6.step,Insert before magnet; nonmagnetic M2 screw into rear journal
l_abduct_sensor_diametric_magnet_6x2p5,upperarm_l.abduct_frame,magnet,sensor_candidate,1,70.6858347057706,../../revM/manny/parts/l_abduct_sensor_diametric_magnet_6x2p5.step,"6 x 2.5 mm diametrically magnetized candidate, never axially magnetized; grade and diagnostics require testing"
l_abduct_sensor_magnet_retaining_bridge,upperarm_l.abduct_frame,frame,sensor_candidate,1,50.749876622649815,../../revM/manny/parts/l_abduct_sensor_magnet_retaining_bridge.step,"Positive removable cover; magnet face seats at 36.5 mm, no adhesive-only axial retention"
l_abduct_sensor_magnet_cover_M2x6_0,upperarm_l.abduct_frame,nylon,sensor_candidate,1,32.319134423805096,../../revM/manny/parts/l_abduct_sensor_magnet_cover_M2x6_0.step,Nominal M2 nylon screw into cup; printed threads not qualified
l_abduct_sensor_magnet_cover_M2x6_1,upperarm_l.abduct_frame,nylon,sensor_candidate,1,32.319134423805096,../../revM/manny/parts/l_abduct_sensor_magnet_cover_M2x6_1.step,Nominal M2 nylon screw into cup; printed threads not qualified
l_abduct_sensor_pcb_AS5048A,upperarm_l.flex_frame,pcb_component,sensor_candidate,1,19.559259977171457,../../revM/manny/parts/l_abduct_sensor_pcb_AS5048A.step,Actual sensor_revB STEP; model holes/parts preserved; 1.51 mm STEP board versus 1.6 mm nominal fabrication
l_abduct_sensor_pcb_passive_1,upperarm_l.flex_frame,pcb_component,sensor_candidate,1,0.9303638934211322,../../revM/manny/parts/l_abduct_sensor_pcb_passive_1.step,Actual sensor_revB STEP; model holes/parts preserved; 1.51 mm STEP board versus 1.6 mm nominal fabrication
l_abduct_sensor_pcb_passive_2,upperarm_l.flex_frame,pcb_component,sensor_candidate,1,0.5372187601976335,../../revM/manny/parts/l_abduct_sensor_pcb_passive_2.step,Actual sensor_revB STEP; model holes/parts preserved; 1.51 mm STEP board versus 1.6 mm nominal fabrication
l_abduct_sensor_pcb_passive_3,upperarm_l.flex_frame,pcb_component,sensor_candidate,1,3.5017500000000616,../../revM/manny/parts/l_abduct_sensor_pcb_passive_3.step,"Murata GRM219R61E106KA12D 10 uF 25 V X5R, max .95 mm body + .10 mm solder seating allocation"
l_abduct_sensor_pcb_passive_4,upperarm_l.flex_frame,pcb_component,sensor_candidate,1,0.5372187601976335,../../revM/manny/parts/l_abduct_sensor_pcb_passive_4.step,Actual sensor_revB STEP; model holes/parts preserved; 1.51 mm STEP board versus 1.6 mm nominal fabrication
l_abduct_sensor_pcb_J1_back_connector,upperarm_l.flex_frame,pcb_component,sensor_candidate,1,297.7920000000016,../../revM/manny/parts/l_abduct_sensor_pcb_J1_back_connector.step,"JST SH6 SM06B-SRSS-TB with conservative mated allocation; actual 18 x20 x1.6 PCB keeps chip, holes and native pin order; wire exit toward local +Y"
l_abduct_sensor_pcb_board,upperarm_l.flex_frame,pcb,sensor_candidate,1,532.1199921252521,../../revM/manny/parts/l_abduct_sensor_pcb_board.step,Actual sensor_revB STEP; model holes/parts preserved; 1.51 mm STEP board versus 1.6 mm nominal fabrication
l_abduct_sensor_nylon_spacer_0,upperarm_l.flex_frame,nylon,sensor_candidate,1,87.65043503515429,../../revM/manny/parts/l_abduct_sensor_nylon_spacer_0.step,M2 female 6 mm spacer; electrical insulation and spreaders required
l_abduct_sensor_nylon_spreader_0,upperarm_l.flex_frame,nylon,sensor_candidate,1,5.70199066626559,../../revM/manny/parts/l_abduct_sensor_nylon_spreader_0.step,"0.5 mm insulating spreader, OD4.4/ID2.2"
l_abduct_sensor_board_M2x4_0,upperarm_l.flex_frame,nylon,sensor_candidate,1,26.03594911662546,../../revM/manny/parts/l_abduct_sensor_board_M2x4_0.step,Front board screw; 1.99 mm nominal engagement
l_abduct_sensor_support_M2x6_0,upperarm_l.flex_frame,nylon,sensor_candidate,1,32.319134423805096,../../revM/manny/parts/l_abduct_sensor_support_M2x6_0.step,Rear support screw; 3 mm nominal engagement; 1.01 mm gap to opposing screw
l_abduct_sensor_nylon_spacer_1,upperarm_l.flex_frame,nylon,sensor_candidate,1,87.65043503515429,../../revM/manny/parts/l_abduct_sensor_nylon_spacer_1.step,M2 female 6 mm spacer; electrical insulation and spreaders required
l_abduct_sensor_nylon_spreader_1,upperarm_l.flex_frame,nylon,sensor_candidate,1,5.701990666265589,../../revM/manny/parts/l_abduct_sensor_nylon_spreader_1.step,"0.5 mm insulating spreader, OD4.4/ID2.2"
l_abduct_sensor_board_M2x4_1,upperarm_l.flex_frame,nylon,sensor_candidate,1,26.03594911662546,../../revM/manny/parts/l_abduct_sensor_board_M2x4_1.step,Front board screw; 1.99 mm nominal engagement
l_abduct_sensor_support_M2x6_1,upperarm_l.flex_frame,nylon,sensor_candidate,1,32.319134423805096,../../revM/manny/parts/l_abduct_sensor_support_M2x6_1.step,Rear support screw; 3 mm nominal engagement; 1.01 mm gap to opposing screw
r_abduct_sensor_rear_journal,upperarm_r.abduct_frame,aluminum,sensor_candidate,1,202.14747738287602,../../revM/manny/parts/r_abduct_sensor_rear_journal.step,Custom nonferromagnetic 4 mm journal; inner radial M2 and outer axial M2 retention
r_abduct_sensor_journal_radial_M2x4,upperarm_r.abduct_frame,brass,sensor_candidate,1,33.3001124147625,../../revM/manny/parts/r_abduct_sensor_journal_radial_M2x4.step,"Candidate nonferromagnetic M2x4; keyed shaft is installed after front clutch screw, before twist shaft"
r_abduct_sensor_magnet_carrier,upperarm_r.abduct_frame,frame,sensor_candidate,1,983.5430596436544,../../revM/manny/parts/r_abduct_sensor_magnet_carrier.step,D driven magnet cup with separate axial screw; 0.1 mm radial adhesive bed prevents magnet rotation; adhesive selection and rotational slip test pending
r_abduct_sensor_carrier_axial_M2x6,upperarm_r.abduct_frame,nylon,sensor_candidate,1,32.3191344238051,../../revM/manny/parts/r_abduct_sensor_carrier_axial_M2x6.step,Insert before magnet; nonmagnetic M2 screw into rear journal
r_abduct_sensor_diametric_magnet_6x2p5,upperarm_r.abduct_frame,magnet,sensor_candidate,1,70.68583470577062,../../revM/manny/parts/r_abduct_sensor_diametric_magnet_6x2p5.step,"6 x 2.5 mm diametrically magnetized candidate, never axially magnetized; grade and diagnostics require testing"
r_abduct_sensor_magnet_retaining_bridge,upperarm_r.abduct_frame,frame,sensor_candidate,1,50.749876622649815,../../revM/manny/parts/r_abduct_sensor_magnet_retaining_bridge.step,"Positive removable cover; magnet face seats at 36.5 mm, no adhesive-only axial retention"
r_abduct_sensor_magnet_cover_M2x6_0,upperarm_r.abduct_frame,nylon,sensor_candidate,1,32.31913442380511,../../revM/manny/parts/r_abduct_sensor_magnet_cover_M2x6_0.step,Nominal M2 nylon screw into cup; printed threads not qualified
r_abduct_sensor_magnet_cover_M2x6_1,upperarm_r.abduct_frame,nylon,sensor_candidate,1,32.31913442380511,../../revM/manny/parts/r_abduct_sensor_magnet_cover_M2x6_1.step,Nominal M2 nylon screw into cup; printed threads not qualified
r_abduct_sensor_pcb_AS5048A,upperarm_r.flex_frame,pcb_component,sensor_candidate,1,19.559259977171465,../../revM/manny/parts/r_abduct_sensor_pcb_AS5048A.step,Actual sensor_revB STEP; model holes/parts preserved; 1.51 mm STEP board versus 1.6 mm nominal fabrication
r_abduct_sensor_pcb_passive_1,upperarm_r.flex_frame,pcb_component,sensor_candidate,1,0.9303638934211385,../../revM/manny/parts/r_abduct_sensor_pcb_passive_1.step,Actual sensor_revB STEP; model holes/parts preserved; 1.51 mm STEP board versus 1.6 mm nominal fabrication
r_abduct_sensor_pcb_passive_2,upperarm_r.flex_frame,pcb_component,sensor_candidate,1,0.5372187601976335,../../revM/manny/parts/r_abduct_sensor_pcb_passive_2.step,Actual sensor_revB STEP; model holes/parts preserved; 1.51 mm STEP board versus 1.6 mm nominal fabrication
r_abduct_sensor_pcb_passive_3,upperarm_r.flex_frame,pcb_component,sensor_candidate,1,3.501750000000062,../../revM/manny/parts/r_abduct_sensor_pcb_passive_3.step,"Murata GRM219R61E106KA12D 10 uF 25 V X5R, max .95 mm body + .10 mm solder seating allocation"
r_abduct_sensor_pcb_passive_4,upperarm_r.flex_frame,pcb_component,sensor_candidate,1,0.5372187601976336,../../revM/manny/parts/r_abduct_sensor_pcb_passive_4.step,Actual sensor_revB STEP; model holes/parts preserved; 1.51 mm STEP board versus 1.6 mm nominal fabrication
r_abduct_sensor_pcb_J1_back_connector,upperarm_r.flex_frame,pcb_component,sensor_candidate,1,297.79200000000156,../../revM/manny/parts/r_abduct_sensor_pcb_J1_back_connector.step,"JST SH6 SM06B-SRSS-TB with conservative mated allocation; actual 18 x20 x1.6 PCB keeps chip, holes and native pin order; wire exit toward local +Y"
r_abduct_sensor_pcb_board,upperarm_r.flex_frame,pcb,sensor_candidate,1,532.1199921252528,../../revM/manny/parts/r_abduct_sensor_pcb_board.step,Actual sensor_revB STEP; model holes/parts preserved; 1.51 mm STEP board versus 1.6 mm nominal fabrication
r_abduct_sensor_nylon_spacer_0,upperarm_r.flex_frame,nylon,sensor_candidate,1,87.65043503515426,../../revM/manny/parts/r_abduct_sensor_nylon_spacer_0.step,M2 female 6 mm spacer; electrical insulation and spreaders required
r_abduct_sensor_nylon_spreader_0,upperarm_r.flex_frame,nylon,sensor_candidate,1,5.70199066626559,../../revM/manny/parts/r_abduct_sensor_nylon_spreader_0.step,"0.5 mm insulating spreader, OD4.4/ID2.2"
r_abduct_sensor_board_M2x4_0,upperarm_r.flex_frame,nylon,sensor_candidate,1,26.035949116625435,../../revM/manny/parts/r_abduct_sensor_board_M2x4_0.step,Front board screw; 1.99 mm nominal engagement
r_abduct_sensor_support_M2x6_0,upperarm_r.flex_frame,nylon,sensor_candidate,1,32.31913442380507,../../revM/manny/parts/r_abduct_sensor_support_M2x6_0.step,Rear support screw; 3 mm nominal engagement; 1.01 mm gap to opposing screw
r_abduct_sensor_nylon_spacer_1,upperarm_r.flex_frame,nylon,sensor_candidate,1,87.65043503515426,../../revM/manny/parts/r_abduct_sensor_nylon_spacer_1.step,M2 female 6 mm spacer; electrical insulation and spreaders required
r_abduct_sensor_nylon_spreader_1,upperarm_r.flex_frame,nylon,sensor_candidate,1,5.70199066626559,../../revM/manny/parts/r_abduct_sensor_nylon_spreader_1.step,"0.5 mm insulating spreader, OD4.4/ID2.2"
r_abduct_sensor_board_M2x4_1,upperarm_r.flex_frame,nylon,sensor_candidate,1,26.035949116625435,../../revM/manny/parts/r_abduct_sensor_board_M2x4_1.step,Front board screw; 1.99 mm nominal engagement
r_abduct_sensor_support_M2x6_1,upperarm_r.flex_frame,nylon,sensor_candidate,1,32.31913442380507,../../revM/manny/parts/r_abduct_sensor_support_M2x6_1.step,Rear support screw; 3 mm nominal engagement; 1.01 mm gap to opposing screw
l_twist_sensor_integral_magnet_shaft,upperarm_l,aluminum_7075,sensor_candidate,1,565.1308629191602,../../revM/manny/parts/l_twist_sensor_integral_magnet_shaft.step,"D4 arm drive and friction rotor drive; side-assembled keyed groove on Z -17.626..-16.426, D3 / flat 1.1; no inaccessible end nut; integral magnet cup and metal thrust shoulder"
l_twist_sensor_diametric_magnet_6x2p5,upperarm_l,magnet,sensor_candidate,1,70.68583470577042,../../revM/manny/parts/l_twist_sensor_diametric_magnet_6x2p5.step,6 x 2.5 diametric magnet; 0.1 mm radial adhesive allowance; grade and field not qualified
l_twist_sensor_magnet_keeper,upperarm_l,frame,sensor_candidate,1,144.82486012765943,../../revM/manny/parts/l_twist_sensor_magnet_keeper.step,"Removable rigid cover retains outer 0.5 mm of magnet face; 0.6 mm cover, radial brass screw attachment; print durability pending"
l_twist_sensor_keeper_set_M2x3_0,upperarm_l,brass,sensor_candidate,1,9.235777960769425,../../revM/manny/parts/l_twist_sensor_keeper_set_M2x3_0.step,Nominal slotted brass M2x3 set screw; exact purchased part and slot specification pending
l_twist_sensor_keeper_set_M2x3_1,upperarm_l,brass,sensor_candidate,1,9.235777960769429,../../revM/manny/parts/l_twist_sensor_keeper_set_M2x3_1.step,Nominal slotted brass M2x3 set screw; exact purchased part and slot specification pending
l_twist_sensor_arm_radial_M2x6,upperarm_l,brass,sensor_candidate,1,41.53185488045705,../../revM/manny/parts/l_twist_sensor_arm_radial_M2x6.step,Simplified brass M2x6; 1.5 mm nominal thread engagement through the D flat; head tool recess is an envelope
l_twist_sensor_pcb_AS5048A,upperarm_l.abduct_frame,pcb_component,sensor_candidate,1,19.55925997717073,../../revM/manny/parts/l_twist_sensor_pcb_AS5048A.step,actual_KiCad_STEP
l_twist_sensor_pcb_C1,upperarm_l.abduct_frame,pcb_component,sensor_candidate,1,0.9303638934211547,../../revM/manny/parts/l_twist_sensor_pcb_C1.step,actual_KiCad_STEP
l_twist_sensor_pcb_C2,upperarm_l.abduct_frame,pcb_component,sensor_candidate,1,3.5017499999998396,../../revM/manny/parts/l_twist_sensor_pcb_C2.step,"Murata GRM219R61E106KA12D 10 uF 25 V X5R, max .95 mm body + .10 mm solder seating allocation"
l_twist_sensor_pcb_R1,upperarm_l.abduct_frame,pcb_component,sensor_candidate,1,0.5372187601976918,../../revM/manny/parts/l_twist_sensor_pcb_R1.step,actual_KiCad_STEP
l_twist_sensor_pcb_R2,upperarm_l.abduct_frame,pcb_component,sensor_candidate,1,0.5372187601976905,../../revM/manny/parts/l_twist_sensor_pcb_R2.step,actual_KiCad_STEP
l_twist_sensor_pcb_board,upperarm_l.abduct_frame,pcb,sensor_candidate,1,107.37999999999877,../../revM/manny/parts/l_twist_sensor_pcb_board.step,actual_KiCad_STEP
l_twist_sensor_pcb_J1_dimension_envelope,upperarm_l.abduct_frame,pcb_component,sensor_candidate,1,297.79199999999594,../../revM/manny/parts/l_twist_sensor_pcb_J1_dimension_envelope.step,"JST SM06B-SRSS-TB side-entry SH6, conservative 9.4 x9.6 x3.3 mm mated plug allocation; cable bend remains a separate harness requirement"
l_twist_sensor_board_seat_saddle_0,upperarm_l.abduct_frame,frame,sensor_candidate,1,21.75761120048071,../../revM/manny/parts/l_twist_sensor_board_seat_saddle_0.step,"Separate L saddle installed after complete magnet shaft; locating wall at +/-6.1, nominal 1.0 mm board slot; never fuse to base posts"
l_twist_sensor_board_seat_saddle_1,upperarm_l.abduct_frame,frame,sensor_candidate,1,21.757611200480696,../../revM/manny/parts/l_twist_sensor_board_seat_saddle_1.step,"Separate L saddle installed after complete magnet shaft; locating wall at +/-6.1, nominal 1.0 mm board slot; never fuse to base posts"
l_twist_sensor_board_edge_cap_0,upperarm_l.abduct_frame,nylon,sensor_candidate,1,10.558938311324361,../../revM/manny/parts/l_twist_sensor_board_edge_cap_0.step,Removable insulating edge retainer; nominal 1.0 mm board stack; STEP FR4 body is 0.91 mm excluding copper/model offsets; fit requires physical verification
l_twist_sensor_board_cap_M2x6_0,upperarm_l.abduct_frame,nylon,sensor_candidate,1,32.31913442380531,../../revM/manny/parts/l_twist_sensor_board_cap_M2x6_0.step,"Nominal nylon M2x6 into replaceable printed support; 3.4 mm engagement, creep and repeated assembly unqualified"
l_twist_sensor_board_edge_cap_1,upperarm_l.abduct_frame,nylon,sensor_candidate,1,10.558938311324354,../../revM/manny/parts/l_twist_sensor_board_edge_cap_1.step,Removable insulating edge retainer; nominal 1.0 mm board stack; STEP FR4 body is 0.91 mm excluding copper/model offsets; fit requires physical verification
l_twist_sensor_board_cap_M2x6_1,upperarm_l.abduct_frame,nylon,sensor_candidate,1,32.31913442380531,../../revM/manny/parts/l_twist_sensor_board_cap_M2x6_1.step,"Nominal nylon M2x6 into replaceable printed support; 3.4 mm engagement, creep and repeated assembly unqualified"
r_twist_sensor_integral_magnet_shaft,upperarm_r,aluminum_7075,sensor_candidate,1,565.1308629191601,../../revM/manny/parts/r_twist_sensor_integral_magnet_shaft.step,"D4 arm drive and friction rotor drive; side-assembled keyed groove on Z -17.626..-16.426, D3 / flat 1.1; no inaccessible end nut; integral magnet cup and metal thrust shoulder"
r_twist_sensor_diametric_magnet_6x2p5,upperarm_r,magnet,sensor_candidate,1,70.68583470577042,../../revM/manny/parts/r_twist_sensor_diametric_magnet_6x2p5.step,6 x 2.5 diametric magnet; 0.1 mm radial adhesive allowance; grade and field not qualified
r_twist_sensor_magnet_keeper,upperarm_r,frame,sensor_candidate,1,144.8248601276594,../../revM/manny/parts/r_twist_sensor_magnet_keeper.step,"Removable rigid cover retains outer 0.5 mm of magnet face; 0.6 mm cover, radial brass screw attachment; print durability pending"
r_twist_sensor_keeper_set_M2x3_0,upperarm_r,brass,sensor_candidate,1,9.23577796076943,../../revM/manny/parts/r_twist_sensor_keeper_set_M2x3_0.step,Nominal slotted brass M2x3 set screw; exact purchased part and slot specification pending
r_twist_sensor_keeper_set_M2x3_1,upperarm_r,brass,sensor_candidate,1,9.235777960769433,../../revM/manny/parts/r_twist_sensor_keeper_set_M2x3_1.step,Nominal slotted brass M2x3 set screw; exact purchased part and slot specification pending
r_twist_sensor_arm_radial_M2x6,upperarm_r,brass,sensor_candidate,1,41.531854880457054,../../revM/manny/parts/r_twist_sensor_arm_radial_M2x6.step,Simplified brass M2x6; 1.5 mm nominal thread engagement through the D flat; head tool recess is an envelope
r_twist_sensor_pcb_AS5048A,upperarm_r.abduct_frame,pcb_component,sensor_candidate,1,19.559259977170775,../../revM/manny/parts/r_twist_sensor_pcb_AS5048A.step,actual_KiCad_STEP
r_twist_sensor_pcb_C1,upperarm_r.abduct_frame,pcb_component,sensor_candidate,1,0.930363893421155,../../revM/manny/parts/r_twist_sensor_pcb_C1.step,actual_KiCad_STEP
r_twist_sensor_pcb_C2,upperarm_r.abduct_frame,pcb_component,sensor_candidate,1,3.5017499999998396,../../revM/manny/parts/r_twist_sensor_pcb_C2.step,"Murata GRM219R61E106KA12D 10 uF 25 V X5R, max .95 mm body + .10 mm solder seating allocation"
r_twist_sensor_pcb_R1,upperarm_r.abduct_frame,pcb_component,sensor_candidate,1,0.5372187601976917,../../revM/manny/parts/r_twist_sensor_pcb_R1.step,actual_KiCad_STEP
r_twist_sensor_pcb_R2,upperarm_r.abduct_frame,pcb_component,sensor_candidate,1,0.5372187601976907,../../revM/manny/parts/r_twist_sensor_pcb_R2.step,actual_KiCad_STEP
r_twist_sensor_pcb_board,upperarm_r.abduct_frame,pcb,sensor_candidate,1,107.37999999999877,../../revM/manny/parts/r_twist_sensor_pcb_board.step,actual_KiCad_STEP
r_twist_sensor_pcb_J1_dimension_envelope,upperarm_r.abduct_frame,pcb_component,sensor_candidate,1,297.79199999999594,../../revM/manny/parts/r_twist_sensor_pcb_J1_dimension_envelope.step,"JST SM06B-SRSS-TB side-entry SH6, conservative 9.4 x9.6 x3.3 mm mated plug allocation; cable bend remains a separate harness requirement"
r_twist_sensor_board_seat_saddle_0,upperarm_r.abduct_frame,frame,sensor_candidate,1,21.757611200480703,../../revM/manny/parts/r_twist_sensor_board_seat_saddle_0.step,"Separate L saddle installed after complete magnet shaft; locating wall at +/-6.1, nominal 1.0 mm board slot; never fuse to base posts"
r_twist_sensor_board_seat_saddle_1,upperarm_r.abduct_frame,frame,sensor_candidate,1,21.75761120048071,../../revM/manny/parts/r_twist_sensor_board_seat_saddle_1.step,"Separate L saddle installed after complete magnet shaft; locating wall at +/-6.1, nominal 1.0 mm board slot; never fuse to base posts"
r_twist_sensor_board_edge_cap_0,upperarm_r.abduct_frame,nylon,sensor_candidate,1,10.558938311324356,../../revM/manny/parts/r_twist_sensor_board_edge_cap_0.step,Removable insulating edge retainer; nominal 1.0 mm board stack; STEP FR4 body is 0.91 mm excluding copper/model offsets; fit requires physical verification
r_twist_sensor_board_cap_M2x6_0,upperarm_r.abduct_frame,nylon,sensor_candidate,1,32.31913442380531,../../revM/manny/parts/r_twist_sensor_board_cap_M2x6_0.step,"Nominal nylon M2x6 into replaceable printed support; 3.4 mm engagement, creep and repeated assembly unqualified"
r_twist_sensor_board_edge_cap_1,upperarm_r.abduct_frame,nylon,sensor_candidate,1,10.558938311324363,../../revM/manny/parts/r_twist_sensor_board_edge_cap_1.step,Removable insulating edge retainer; nominal 1.0 mm board stack; STEP FR4 body is 0.91 mm excluding copper/model offsets; fit requires physical verification
r_twist_sensor_board_cap_M2x6_1,upperarm_r.abduct_frame,nylon,sensor_candidate,1,32.31913442380531,../../revM/manny/parts/r_twist_sensor_board_cap_M2x6_1.step,"Nominal nylon M2x6 into replaceable printed support; 3.4 mm engagement, creep and repeated assembly unqualified"
l_flex_sensor_D_keyed_magnet_cup,upperarm_l.flex_frame,aluminum,sensor_candidate,1,1248.9944017862115,../../revM/manny/parts/l_flex_sensor_D_keyed_magnet_cup.step,Machined aluminum cup keyed to flat on metal stop cap; 0.05 mm nominal fit and 0.6 mm floor; install after the outer clutch M3 is tightened
l_flex_sensor_cap_set_M2x4_0,upperarm_l.flex_frame,brass,sensor_candidate,1,12.393120614359189,../../revM/manny/parts/l_flex_sensor_cap_set_M2x4_0.step,Nominal slotted brass M2x4 retaining cup on keyed cap; 2.3 mm nominal thread engagement; exact product pending
l_flex_sensor_cap_set_M2x4_1,upperarm_l.flex_frame,brass,sensor_candidate,1,12.39312061435919,../../revM/manny/parts/l_flex_sensor_cap_set_M2x4_1.step,Nominal slotted brass M2x4 retaining cup on keyed cap; 2.3 mm nominal thread engagement; exact product pending
l_flex_sensor_diametric_magnet_6x2p5,upperarm_l.flex_frame,magnet,sensor_candidate,1,70.68583470577035,../../revM/manny/parts/l_flex_sensor_diametric_magnet_6x2p5.step,"6x2.5 diametric magnet, 0.1 mm radial adhesive gap; rotational bonding and magnetic field unverified"
l_flex_sensor_magnet_keeper,upperarm_l.flex_frame,frame,sensor_candidate,1,238.883120810475,../../revM/manny/parts/l_flex_sensor_magnet_keeper.step,"Printed removable cover positively retains magnet face; minimum radial wall 0.75 mm, stiffness and wear unqualified"
l_flex_sensor_keeper_set_M2x3_0,upperarm_l.flex_frame,brass,sensor_candidate,1,9.251527960769403,../../revM/manny/parts/l_flex_sensor_keeper_set_M2x3_0.step,Nominal slotted brass M2x3 into aluminum cup; exact purchased part pending
l_flex_sensor_keeper_set_M2x3_1,upperarm_l.flex_frame,brass,sensor_candidate,1,9.251527960769403,../../revM/manny/parts/l_flex_sensor_keeper_set_M2x3_1.step,Nominal slotted brass M2x3 into aluminum cup; exact purchased part pending
l_flex_sensor_pcb_AS5048A,clavicle_l,pcb_component,sensor_candidate,1,19.559259977171244,../../revM/manny/parts/l_flex_sensor_pcb_AS5048A.step,actual_KiCad_STEP
l_flex_sensor_pcb_C1,clavicle_l,pcb_component,sensor_candidate,1,0.930363893421132,../../revM/manny/parts/l_flex_sensor_pcb_C1.step,actual_KiCad_STEP
l_flex_sensor_pcb_C2,clavicle_l,pcb_component,sensor_candidate,1,3.5017500000000585,../../revM/manny/parts/l_flex_sensor_pcb_C2.step,"Murata GRM219R61E106KA12D 10 uF 25 V X5R, max .95 mm body + .10 mm solder seating allocation"
l_flex_sensor_pcb_R1,clavicle_l,pcb_component,sensor_candidate,1,0.5372187601976354,../../revM/manny/parts/l_flex_sensor_pcb_R1.step,actual_KiCad_STEP
l_flex_sensor_pcb_R2,clavicle_l,pcb_component,sensor_candidate,1,0.5372187601976354,../../revM/manny/parts/l_flex_sensor_pcb_R2.step,actual_KiCad_STEP
l_flex_sensor_pcb_board,clavicle_l,pcb,sensor_candidate,1,107.37999999999988,../../revM/manny/parts/l_flex_sensor_pcb_board.step,actual_KiCad_STEP
l_flex_sensor_pcb_J1_dimension_envelope,clavicle_l,pcb_component,sensor_candidate,1,297.79200000000293,../../revM/manny/parts/l_flex_sensor_pcb_J1_dimension_envelope.step,"JST SM06B-SRSS-TB side-entry SH6, conservative 9.4 x9.6 x3.3 mm mated plug allocation; cable bend remains a separate harness requirement"
l_flex_sensor_threaded_standoff_0,clavicle_l,brass,sensor_candidate,1,132.28070328204382,../../revM/manny/parts/l_flex_sensor_threaded_standoff_0.step,"Custom AF3.5 brass male/female M2 standoff; 2.5 mm male engagement into reaction plate; nominal height 12.771 mm, locking and bending pending"
l_flex_sensor_board_saddle_0,clavicle_l,frame,sensor_candidate,1,56.797345778312554,../../revM/manny/parts/l_flex_sensor_board_saddle_0.step,"Separate insulating saddle, bearing edge at +/-6.1 mm in Y; installed after rotating magnet cup"
l_flex_sensor_board_cap_0,clavicle_l,nylon,sensor_candidate,1,23.51893831132539,../../revM/manny/parts/l_flex_sensor_board_cap_0.step,Removable edge cap with 1.0 mm nominal board slot; board thickness tolerance pending
l_flex_sensor_board_M2x6_0,clavicle_l,nylon,sensor_candidate,1,32.319134423805174,../../revM/manny/parts/l_flex_sensor_board_M2x6_0.step,"Nominal nylon M2x6 into brass standoff, 3.2 mm nominal engagement; creep and locking pending"
l_flex_sensor_threaded_standoff_1,clavicle_l,brass,sensor_candidate,1,132.28070328204382,../../revM/manny/parts/l_flex_sensor_threaded_standoff_1.step,"Custom AF3.5 brass male/female M2 standoff; 2.5 mm male engagement into reaction plate; nominal height 12.771 mm, locking and bending pending"
l_flex_sensor_board_saddle_1,clavicle_l,frame,sensor_candidate,1,56.79734577831255,../../revM/manny/parts/l_flex_sensor_board_saddle_1.step,"Separate insulating saddle, bearing edge at +/-6.1 mm in Y; installed after rotating magnet cup"
l_flex_sensor_board_cap_1,clavicle_l,nylon,sensor_candidate,1,23.518938311325385,../../revM/manny/parts/l_flex_sensor_board_cap_1.step,Removable edge cap with 1.0 mm nominal board slot; board thickness tolerance pending
l_flex_sensor_board_M2x6_1,clavicle_l,nylon,sensor_candidate,1,32.319134423805174,../../revM/manny/parts/l_flex_sensor_board_M2x6_1.step,"Nominal nylon M2x6 into brass standoff, 3.2 mm nominal engagement; creep and locking pending"
r_flex_sensor_D_keyed_magnet_cup,upperarm_r.flex_frame,aluminum,sensor_candidate,1,1248.9944017862126,../../revM/manny/parts/r_flex_sensor_D_keyed_magnet_cup.step,Machined aluminum cup keyed to flat on metal stop cap; 0.05 mm nominal fit and 0.6 mm floor; install after the outer clutch M3 is tightened
r_flex_sensor_cap_set_M2x4_0,upperarm_r.flex_frame,brass,sensor_candidate,1,12.393120614359193,../../revM/manny/parts/r_flex_sensor_cap_set_M2x4_0.step,Nominal slotted brass M2x4 retaining cup on keyed cap; 2.3 mm nominal thread engagement; exact product pending
r_flex_sensor_cap_set_M2x4_1,upperarm_r.flex_frame,brass,sensor_candidate,1,12.39312061435919,../../revM/manny/parts/r_flex_sensor_cap_set_M2x4_1.step,Nominal slotted brass M2x4 retaining cup on keyed cap; 2.3 mm nominal thread engagement; exact product pending
r_flex_sensor_diametric_magnet_6x2p5,upperarm_r.flex_frame,magnet,sensor_candidate,1,70.68583470577035,../../revM/manny/parts/r_flex_sensor_diametric_magnet_6x2p5.step,"6x2.5 diametric magnet, 0.1 mm radial adhesive gap; rotational bonding and magnetic field unverified"
r_flex_sensor_magnet_keeper,upperarm_r.flex_frame,frame,sensor_candidate,1,238.88312081047263,../../revM/manny/parts/r_flex_sensor_magnet_keeper.step,"Printed removable cover positively retains magnet face; minimum radial wall 0.75 mm, stiffness and wear unqualified"
r_flex_sensor_keeper_set_M2x3_0,upperarm_r.flex_frame,brass,sensor_candidate,1,9.251527960769403,../../revM/manny/parts/r_flex_sensor_keeper_set_M2x3_0.step,Nominal slotted brass M2x3 into aluminum cup; exact purchased part pending
r_flex_sensor_keeper_set_M2x3_1,upperarm_r.flex_frame,brass,sensor_candidate,1,9.251527960769405,../../revM/manny/parts/r_flex_sensor_keeper_set_M2x3_1.step,Nominal slotted brass M2x3 into aluminum cup; exact purchased part pending
r_flex_sensor_pcb_AS5048A,clavicle_r,pcb_component,sensor_candidate,1,19.559259977171546,../../revM/manny/parts/r_flex_sensor_pcb_AS5048A.step,actual_KiCad_STEP
r_flex_sensor_pcb_C1,clavicle_r,pcb_component,sensor_candidate,1,0.930363893421132,../../revM/manny/parts/r_flex_sensor_pcb_C1.step,actual_KiCad_STEP
r_flex_sensor_pcb_C2,clavicle_r,pcb_component,sensor_candidate,1,3.501750000000059,../../revM/manny/parts/r_flex_sensor_pcb_C2.step,"Murata GRM219R61E106KA12D 10 uF 25 V X5R, max .95 mm body + .10 mm solder seating allocation"
r_flex_sensor_pcb_R1,clavicle_r,pcb_component,sensor_candidate,1,0.5372187601976368,../../revM/manny/parts/r_flex_sensor_pcb_R1.step,actual_KiCad_STEP
r_flex_sensor_pcb_R2,clavicle_r,pcb_component,sensor_candidate,1,0.5372187601976571,../../revM/manny/parts/r_flex_sensor_pcb_R2.step,actual_KiCad_STEP
r_flex_sensor_pcb_board,clavicle_r,pcb,sensor_candidate,1,107.37999999999991,../../revM/manny/parts/r_flex_sensor_pcb_board.step,actual_KiCad_STEP
r_flex_sensor_pcb_J1_dimension_envelope,clavicle_r,pcb_component,sensor_candidate,1,297.792000000003,../../revM/manny/parts/r_flex_sensor_pcb_J1_dimension_envelope.step,"JST SM06B-SRSS-TB side-entry SH6, conservative 9.4 x9.6 x3.3 mm mated plug allocation; cable bend remains a separate harness requirement"
r_flex_sensor_threaded_standoff_0,clavicle_r,brass,sensor_candidate,1,132.28070328204385,../../revM/manny/parts/r_flex_sensor_threaded_standoff_0.step,"Custom AF3.5 brass male/female M2 standoff; 2.5 mm male engagement into reaction plate; nominal height 12.771 mm, locking and bending pending"
r_flex_sensor_board_saddle_0,clavicle_r,frame,sensor_candidate,1,56.79734577831254,../../revM/manny/parts/r_flex_sensor_board_saddle_0.step,"Separate insulating saddle, bearing edge at +/-6.1 mm in Y; installed after rotating magnet cup"
r_flex_sensor_board_cap_0,clavicle_r,nylon,sensor_candidate,1,23.518938311325385,../../revM/manny/parts/r_flex_sensor_board_cap_0.step,Removable edge cap with 1.0 mm nominal board slot; board thickness tolerance pending
r_flex_sensor_board_M2x6_0,clavicle_r,nylon,sensor_candidate,1,32.319134423805174,../../revM/manny/parts/r_flex_sensor_board_M2x6_0.step,"Nominal nylon M2x6 into brass standoff, 3.2 mm nominal engagement; creep and locking pending"
r_flex_sensor_threaded_standoff_1,clavicle_r,brass,sensor_candidate,1,132.28070328204385,../../revM/manny/parts/r_flex_sensor_threaded_standoff_1.step,"Custom AF3.5 brass male/female M2 standoff; 2.5 mm male engagement into reaction plate; nominal height 12.771 mm, locking and bending pending"
r_flex_sensor_board_saddle_1,clavicle_r,frame,sensor_candidate,1,56.79734577831254,../../revM/manny/parts/r_flex_sensor_board_saddle_1.step,"Separate insulating saddle, bearing edge at +/-6.1 mm in Y; installed after rotating magnet cup"
r_flex_sensor_board_cap_1,clavicle_r,nylon,sensor_candidate,1,23.51893831132539,../../revM/manny/parts/r_flex_sensor_board_cap_1.step,Removable edge cap with 1.0 mm nominal board slot; board thickness tolerance pending
r_flex_sensor_board_M2x6_1,clavicle_r,nylon,sensor_candidate,1,32.319134423805174,../../revM/manny/parts/r_flex_sensor_board_M2x6_1.step,"Nominal nylon M2x6 into brass standoff, 3.2 mm nominal engagement; creep and locking pending"
elbow_l_flex_M_fixed_metal_eye,upperarm_l,aluminum_7075,candidate_solid,1,2374.7284451693936,../../revM/manny/parts/elbow_l_flex_M_fixed_metal_eye.step,"Machined 6061-T6 eye; 2 x M3 tapped mounting holes; friction lining reacts into this eye; integral angular travel guards reacting directly into bearing eye; D14.50 x0.85 upper retaining counterbore, flat Z3.15"
elbow_l_flex_M_radial_bush,upperarm_l,pom,candidate_solid,1,138.80021299272556,../../revM/manny/parts/elbow_l_flex_M_radial_bush.step,"D6 journal +0.06 mm nominal diametral clearance; not part of axial preload loop; D14.40 x0.70 flange at Z3.20..3.90, captured below thrust washer Z4.00; 0.15 total nominal axial float"
elbow_l_flex_M_friction_lining,upperarm_l,peek,candidate_solid,1,480.9703136141925,../../revM/manny/parts/elbow_l_flex_M_friction_lining.step,"1 mm replaceable lining with positive edge tabs; friction coefficient is an untested assumption; unfilled machined PEEK candidate, dry contact; actual torque and creep must be qualified"
elbow_l_flex_M_flanged_rotor_shaft,elbow_l,aluminum_7075,candidate_solid,1,2266.318790425535,../../revM/manny/parts/elbow_l_flex_M_flanged_rotor_shaft.step,"Integral D6 drive, journal and friction flange; blind M3 end thread and M2 radial retention; no threaded running surface; integral load-bearing flange stop tab; magnetic cup is not a stop"
elbow_l_flex_M_thrust_wear_washer,upperarm_l,ptfe_composite,candidate_solid,1,353.429173528852,../../revM/manny/parts/elbow_l_flex_M_thrust_wear_washer.step,SKF PCMW102001.5 E envelope; radial bush is unloaded axially
elbow_l_flex_M_spring_seat,elbow_l,spring,candidate_solid,1,141.98427997899074,../../revM/manny/parts/elbow_l_flex_M_spring_seat.step,
elbow_l_flex_M_disc_spring_0_0,elbow_l,spring,candidate_solid,1,41.45331506411727,../../revM/manny/parts/elbow_l_flex_M_disc_spring_0_0.step,"SCHNORR 002100; 1 nested parallel per group, two groups opposed in series"
elbow_l_flex_M_disc_spring_1_0,elbow_l,spring,candidate_solid,1,41.45331506411688,../../revM/manny/parts/elbow_l_flex_M_disc_spring_1_0.step,"SCHNORR 002100; 1 nested parallel per group, two groups opposed in series"
elbow_l_flex_M_D_stop_cap,elbow_l,aluminum,candidate_solid,1,336.39279423290094,../../revM/manny/parts/elbow_l_flex_M_D_stop_cap.step,Metal shoulder fixes nominal spring height; actual preload requires selected shims and a physical torque test
elbow_l_flex_M_M3x8_button_retainer,elbow_l,titanium,candidate_solid,1,95.05001952736528,../../revM/manny/parts/elbow_l_flex_M_M3x8_button_retainer.step,Accu SSB-M3-8-TI5 nominal head envelope; thread and bearing stress unqualified
elbow_l_flex_M_keyed_magnet_cup,elbow_l,aluminum,candidate_solid,1,1046.485024640748,../../revM/manny/parts/elbow_l_flex_M_keyed_magnet_cup.step,External D key transmits angle; 0.05 mm nominal fit and two radial brass retainers
elbow_l_flex_M_cup_M2x4_0,elbow_l,brass,candidate_solid,1,12.566370614359288,../../revM/manny/parts/elbow_l_flex_M_cup_M2x4_0.step,Thread envelope; slotted brass M2x4
elbow_l_flex_M_cup_M2x4_1,elbow_l,brass,candidate_solid,1,12.56637061435929,../../revM/manny/parts/elbow_l_flex_M_cup_M2x4_1.step,Thread envelope; slotted brass M2x4
elbow_l_flex_M_diametric_magnet_6x2p5,elbow_l,magnet,candidate_solid,1,70.68583470577059,../../revM/manny/parts/elbow_l_flex_M_diametric_magnet_6x2p5.step,Diametric magnet; magnetic field and interference require bench qualification
elbow_l_flex_M_magnet_keeper,elbow_l,frame,candidate_solid,1,336.0945690155036,../../revM/manny/parts/elbow_l_flex_M_magnet_keeper.step,"1.2 mm radial wall, 0.20 mm nominal radial fit allowance, 0.8 mm face; mechanical retention outside sensor air gap"
elbow_l_flex_M_keeper_M2x3_0,elbow_l,brass,candidate_solid,1,9.424777960769468,../../revM/manny/parts/elbow_l_flex_M_keeper_M2x3_0.step,Slotted brass M2x3 thread envelope
elbow_l_flex_M_keeper_M2x3_1,elbow_l,brass,candidate_solid,1,9.424777960769468,../../revM/manny/parts/elbow_l_flex_M_keeper_M2x3_1.step,Slotted brass M2x3 thread envelope
elbow_l_flex_M_D_output_cleat,elbow_l,aluminum,candidate_solid,1,1706.6550536711898,../../revM/manny/parts/elbow_l_flex_M_D_output_cleat.step,"Two M3 attachment bores; drive on D-flat, axial retention by radial M2 into shaft"
elbow_l_flex_M_output_M2x6,elbow_l,brass,candidate_solid,1,41.53185488045716,../../revM/manny/parts/elbow_l_flex_M_output_M2x6.step,Nominal M2x6 radial retainer; install before connecting distal segment
elbow_l_flex_M_board_post_0,upperarm_l,brass,candidate_solid,1,129.57292901246782,../../revM/manny/parts/elbow_l_flex_M_board_post_0.step,Custom AF3.5 male/female M2 spacer; 2.5 mm nominal engagement in metal eye
elbow_l_flex_M_PCB_edge_saddle_0,upperarm_l,frame,candidate_solid,1,89.59734577831252,../../revM/manny/parts/elbow_l_flex_M_PCB_edge_saddle_0.step,
elbow_l_flex_M_PCB_edge_cap_0,upperarm_l,nylon,candidate_solid,1,36.638938311324864,../../revM/manny/parts/elbow_l_flex_M_PCB_edge_cap_0.step,
elbow_l_flex_M_PCB_M2x6_0,upperarm_l,nylon,candidate_solid,1,38.80387485853606,../../revM/manny/parts/elbow_l_flex_M_PCB_M2x6_0.step,
elbow_l_flex_M_board_post_1,upperarm_l,brass,candidate_solid,1,129.57292901246782,../../revM/manny/parts/elbow_l_flex_M_board_post_1.step,Custom AF3.5 male/female M2 spacer; 2.5 mm nominal engagement in metal eye
elbow_l_flex_M_PCB_edge_saddle_1,upperarm_l,frame,candidate_solid,1,89.59734577831249,../../revM/manny/parts/elbow_l_flex_M_PCB_edge_saddle_1.step,
elbow_l_flex_M_PCB_edge_cap_1,upperarm_l,nylon,candidate_solid,1,36.63893831132486,../../revM/manny/parts/elbow_l_flex_M_PCB_edge_cap_1.step,
elbow_l_flex_M_PCB_M2x6_1,upperarm_l,nylon,candidate_solid,1,38.80387485853606,../../revM/manny/parts/elbow_l_flex_M_PCB_M2x6_1.step,
elbow_l_flex_M_pcb_AS5048A,upperarm_l,pcb_component,candidate_solid,1,19.559259977171603,../../revM/manny/parts/elbow_l_flex_M_pcb_AS5048A.step,actual_KiCad_STEP
elbow_l_flex_M_pcb_C1,upperarm_l,pcb_component,candidate_solid,1,0.9303638934211439,../../revM/manny/parts/elbow_l_flex_M_pcb_C1.step,actual_KiCad_STEP
elbow_l_flex_M_pcb_C2,upperarm_l,pcb_component,candidate_solid,1,3.5017500000000594,../../revM/manny/parts/elbow_l_flex_M_pcb_C2.step,"Murata GRM219R61E106KA12D 10 uF 25 V X5R, max .95 mm body + .10 mm solder seating allocation"
elbow_l_flex_M_pcb_R1,upperarm_l,pcb_component,candidate_solid,1,0.5372187601976202,../../revM/manny/parts/elbow_l_flex_M_pcb_R1.step,actual_KiCad_STEP
elbow_l_flex_M_pcb_R2,upperarm_l,pcb_component,candidate_solid,1,0.5372187601976317,../../revM/manny/parts/elbow_l_flex_M_pcb_R2.step,actual_KiCad_STEP
elbow_l_flex_M_pcb_board,upperarm_l,pcb,candidate_solid,1,107.38000000000044,../../revM/manny/parts/elbow_l_flex_M_pcb_board.step,actual_KiCad_STEP
elbow_l_flex_M_pcb_J1_dimension_envelope,upperarm_l,pcb_component,candidate_solid,1,297.7920000000017,../../revM/manny/parts/elbow_l_flex_M_pcb_J1_dimension_envelope.step,"JST SM06B-SRSS-TB side-entry SH6, conservative 9.4 x9.6 x3.3 mm mated plug allocation; cable bend remains a separate harness requirement"
forearm_l_twist_M_fixed_metal_eye,elbow_l,aluminum_7075,candidate_solid,1,1861.133004664128,../../revM/manny/parts/forearm_l_twist_M_fixed_metal_eye.step,"Machined 6061-T6 eye; 2 x M3 tapped mounting holes; friction lining reacts into this eye; integral angular travel guards reacting directly into bearing eye; D14.50 x0.85 upper retaining counterbore, flat Z3.15"
forearm_l_twist_M_radial_bush,elbow_l,pom,candidate_solid,1,138.8002129927214,../../revM/manny/parts/forearm_l_twist_M_radial_bush.step,"D6 journal +0.06 mm nominal diametral clearance; not part of axial preload loop; D14.40 x0.70 flange at Z3.20..3.90, captured below thrust washer Z4.00; 0.15 total nominal axial float"
forearm_l_twist_M_friction_lining,elbow_l,peek,candidate_solid,1,330.18321999225975,../../revM/manny/parts/forearm_l_twist_M_friction_lining.step,"1 mm replaceable lining with positive edge tabs; friction coefficient is an untested assumption; unfilled machined PEEK candidate, dry contact; actual torque and creep must be qualified"
forearm_l_twist_M_flanged_rotor_shaft,forearm_l,aluminum_7075,candidate_solid,1,1762.9511733846598,../../revM/manny/parts/forearm_l_twist_M_flanged_rotor_shaft.step,"Integral D6 drive, journal and friction flange; blind M3 end thread and M2 radial retention; no threaded running surface; integral load-bearing flange stop tab; magnetic cup is not a stop"
forearm_l_twist_M_thrust_wear_washer,elbow_l,ptfe_composite,candidate_solid,1,353.42917352885183,../../revM/manny/parts/forearm_l_twist_M_thrust_wear_washer.step,SKF PCMW102001.5 E envelope; radial bush is unloaded axially
forearm_l_twist_M_spring_seat,forearm_l,spring,candidate_solid,1,141.9842799789908,../../revM/manny/parts/forearm_l_twist_M_spring_seat.step,
forearm_l_twist_M_disc_spring_0_0,forearm_l,spring,candidate_solid,1,32.38471517044793,../../revM/manny/parts/forearm_l_twist_M_disc_spring_0_0.step,"SCHNORR 002050; 1 nested parallel per group, two groups opposed in series"
forearm_l_twist_M_disc_spring_1_0,forearm_l,spring,candidate_solid,1,32.38471517044793,../../revM/manny/parts/forearm_l_twist_M_disc_spring_1_0.step,"SCHNORR 002050; 1 nested parallel per group, two groups opposed in series"
forearm_l_twist_M_D_stop_cap,forearm_l,aluminum,candidate_solid,1,336.3927942329091,../../revM/manny/parts/forearm_l_twist_M_D_stop_cap.step,Metal shoulder fixes nominal spring height; actual preload requires selected shims and a physical torque test
forearm_l_twist_M_M3x8_button_retainer,forearm_l,titanium,candidate_solid,1,95.05001952736495,../../revM/manny/parts/forearm_l_twist_M_M3x8_button_retainer.step,Accu SSB-M3-8-TI5 nominal head envelope; thread and bearing stress unqualified
forearm_l_twist_M_keyed_magnet_cup,forearm_l,aluminum,candidate_solid,1,1046.4850246407445,../../revM/manny/parts/forearm_l_twist_M_keyed_magnet_cup.step,External D key transmits angle; 0.05 mm nominal fit and two radial brass retainers
forearm_l_twist_M_cup_M2x4_0,forearm_l,brass,candidate_solid,1,12.566370614359263,../../revM/manny/parts/forearm_l_twist_M_cup_M2x4_0.step,Thread envelope; slotted brass M2x4
forearm_l_twist_M_cup_M2x4_1,forearm_l,brass,candidate_solid,1,12.566370614359263,../../revM/manny/parts/forearm_l_twist_M_cup_M2x4_1.step,Thread envelope; slotted brass M2x4
forearm_l_twist_M_diametric_magnet_6x2p5,forearm_l,magnet,candidate_solid,1,70.68583470577042,../../revM/manny/parts/forearm_l_twist_M_diametric_magnet_6x2p5.step,Diametric magnet; magnetic field and interference require bench qualification
forearm_l_twist_M_magnet_keeper,forearm_l,frame,candidate_solid,1,336.0945687665093,../../revM/manny/parts/forearm_l_twist_M_magnet_keeper.step,"1.2 mm radial wall, 0.20 mm nominal radial fit allowance, 0.8 mm face; mechanical retention outside sensor air gap"
forearm_l_twist_M_keeper_M2x3_0,forearm_l,brass,candidate_solid,1,9.424777960769363,../../revM/manny/parts/forearm_l_twist_M_keeper_M2x3_0.step,Slotted brass M2x3 thread envelope
forearm_l_twist_M_keeper_M2x3_1,forearm_l,brass,candidate_solid,1,9.424777960769365,../../revM/manny/parts/forearm_l_twist_M_keeper_M2x3_1.step,Slotted brass M2x3 thread envelope
forearm_l_twist_M_D_output_cleat,forearm_l,aluminum,candidate_solid,1,1568.0550306519547,../../revM/manny/parts/forearm_l_twist_M_D_output_cleat.step,"Two M3 attachment bores; drive on D-flat, axial retention by radial M2 into shaft"
forearm_l_twist_M_output_M2x6,forearm_l,brass,candidate_solid,1,41.53185488045706,../../revM/manny/parts/forearm_l_twist_M_output_M2x6.step,Nominal M2x6 radial retainer; install before connecting distal segment
forearm_l_twist_M_board_post_0,elbow_l,brass,candidate_solid,1,126.92072621337746,../../revM/manny/parts/forearm_l_twist_M_board_post_0.step,Custom AF3.5 male/female M2 spacer; 2.5 mm nominal engagement in metal eye
forearm_l_twist_M_PCB_edge_saddle_0,elbow_l,frame,candidate_solid,1,73.59734577831264,../../revM/manny/parts/forearm_l_twist_M_PCB_edge_saddle_0.step,
forearm_l_twist_M_PCB_edge_cap_0,elbow_l,nylon,candidate_solid,1,30.238938311323235,../../revM/manny/parts/forearm_l_twist_M_PCB_edge_cap_0.step,
forearm_l_twist_M_PCB_M2x6_0,elbow_l,nylon,candidate_solid,1,38.80387485853608,../../revM/manny/parts/forearm_l_twist_M_PCB_M2x6_0.step,
forearm_l_twist_M_board_post_1,elbow_l,brass,candidate_solid,1,126.92072621337718,../../revM/manny/parts/forearm_l_twist_M_board_post_1.step,Custom AF3.5 male/female M2 spacer; 2.5 mm nominal engagement in metal eye
forearm_l_twist_M_PCB_edge_saddle_1,elbow_l,frame,candidate_solid,1,73.59734577831264,../../revM/manny/parts/forearm_l_twist_M_PCB_edge_saddle_1.step,
forearm_l_twist_M_PCB_edge_cap_1,elbow_l,nylon,candidate_solid,1,30.23893831132324,../../revM/manny/parts/forearm_l_twist_M_PCB_edge_cap_1.step,
forearm_l_twist_M_PCB_M2x6_1,elbow_l,nylon,candidate_solid,1,38.8038748585361,../../revM/manny/parts/forearm_l_twist_M_PCB_M2x6_1.step,
forearm_l_twist_M_pcb_AS5048A,elbow_l,pcb_component,candidate_solid,1,19.559259977170928,../../revM/manny/parts/forearm_l_twist_M_pcb_AS5048A.step,actual_KiCad_STEP
forearm_l_twist_M_pcb_C1,elbow_l,pcb_component,candidate_solid,1,0.9303638934210836,../../revM/manny/parts/forearm_l_twist_M_pcb_C1.step,actual_KiCad_STEP
forearm_l_twist_M_pcb_C2,elbow_l,pcb_component,candidate_solid,1,3.501750000000219,../../revM/manny/parts/forearm_l_twist_M_pcb_C2.step,"Murata GRM219R61E106KA12D 10 uF 25 V X5R, max .95 mm body + .10 mm solder seating allocation"
forearm_l_twist_M_pcb_R1,elbow_l,pcb_component,candidate_solid,1,0.5372187601976007,../../revM/manny/parts/forearm_l_twist_M_pcb_R1.step,actual_KiCad_STEP
forearm_l_twist_M_pcb_R2,elbow_l,pcb_component,candidate_solid,1,0.5372187601975997,../../revM/manny/parts/forearm_l_twist_M_pcb_R2.step,actual_KiCad_STEP
forearm_l_twist_M_pcb_board,elbow_l,pcb,candidate_solid,1,107.38000000000324,../../revM/manny/parts/forearm_l_twist_M_pcb_board.step,actual_KiCad_STEP
forearm_l_twist_M_pcb_J1_dimension_envelope,elbow_l,pcb_component,candidate_solid,1,297.791999999996,../../revM/manny/parts/forearm_l_twist_M_pcb_J1_dimension_envelope.step,"JST SM06B-SRSS-TB side-entry SH6, conservative 9.4 x9.6 x3.3 mm mated plug allocation; cable bend remains a separate harness requirement"
elbow_l_flex_M_fixed_mount_M3x8_0,upperarm_l,metal,candidate_solid,1,120.24582880982065,../../revM/manny/parts/elbow_l_flex_M_fixed_mount_M3x8_0.step,M3x8 from outer carrier face into metal eye; 3 mm nominal threaded engagement
elbow_l_flex_M_fixed_mount_M3x8_1,upperarm_l,metal,candidate_solid,1,120.24582880982065,../../revM/manny/parts/elbow_l_flex_M_fixed_mount_M3x8_1.step,M3x8 from outer carrier face into metal eye; 3 mm nominal threaded engagement
elbow_l_flex_M_upperarm_carrier,upperarm_l,frame,candidate_solid,1,12247.92832407991,../../revM/manny/parts/elbow_l_flex_M_upperarm_carrier.step,One printed carrier includes the existing Rev K keyed shoulder coupling and its radial retainer interface; closed local shell lugs and M2.4 through bores
elbow_l_flex_M_rotor_mount_M3x12_0,elbow_l,metal,candidate_solid,1,147.9788968147636,../../revM/manny/parts/elbow_l_flex_M_rotor_mount_M3x12_0.step,M3x12 socket screw; unmodelled helical thread
elbow_l_flex_M_rotor_mount_nut_M3_0,elbow_l,metal,candidate_solid,1,51.09247186378789,../../revM/manny/parts/elbow_l_flex_M_rotor_mount_nut_M3_0.step,M3 nut envelope; removable thread locking method pending
elbow_l_flex_M_rotor_mount_M3x12_1,elbow_l,metal,candidate_solid,1,147.9788968147636,../../revM/manny/parts/elbow_l_flex_M_rotor_mount_M3x12_1.step,M3x12 socket screw; unmodelled helical thread
elbow_l_flex_M_rotor_mount_nut_M3_1,elbow_l,metal,candidate_solid,1,51.092471863787864,../../revM/manny/parts/elbow_l_flex_M_rotor_mount_nut_M3_1.step,M3 nut envelope; removable thread locking method pending
forearm_l_twist_M_fixed_mount_M3x8_0,elbow_l,metal,candidate_solid,1,120.245828809821,../../revM/manny/parts/forearm_l_twist_M_fixed_mount_M3x8_0.step,M3x8 from outer carrier face into metal eye; 3 mm nominal threaded engagement
forearm_l_twist_M_fixed_mount_M3x8_1,elbow_l,metal,candidate_solid,1,120.245828809821,../../revM/manny/parts/forearm_l_twist_M_fixed_mount_M3x8_1.step,M3x8 from outer carrier face into metal eye; 3 mm nominal threaded engagement
elbow_l_flex_M_proximal_forearm,elbow_l,frame,candidate_solid,1,6828.874003248879,../../revM/manny/parts/elbow_l_flex_M_proximal_forearm.step,Direct elbow and axial forearm rotation share a single printed proximal carrier; rounded underside pocket gives 0.6 mm nominal SH plug clearance; upper load bridge retained
forearm_l_twist_M_rotor_mount_M3x12_0,forearm_l,metal,candidate_solid,1,147.97889681476383,../../revM/manny/parts/forearm_l_twist_M_rotor_mount_M3x12_0.step,M3x12 socket screw; unmodelled helical thread
forearm_l_twist_M_rotor_mount_nut_M3_0,forearm_l,metal,candidate_solid,1,51.09247186378828,../../revM/manny/parts/forearm_l_twist_M_rotor_mount_nut_M3_0.step,M3 nut envelope; removable thread locking method pending
forearm_l_twist_M_rotor_mount_M3x12_1,forearm_l,metal,candidate_solid,1,147.97889681476383,../../revM/manny/parts/forearm_l_twist_M_rotor_mount_M3x12_1.step,M3x12 socket screw; unmodelled helical thread
forearm_l_twist_M_rotor_mount_nut_M3_1,forearm_l,metal,candidate_solid,1,51.09247186378828,../../revM/manny/parts/forearm_l_twist_M_rotor_mount_nut_M3_1.step,M3 nut envelope; removable thread locking method pending
forearm_l_twist_M_distal_forearm_carrier,forearm_l,frame,candidate_solid,1,9006.494445152231,../../revM/manny/parts/forearm_l_twist_M_distal_forearm_carrier.step,PLA candidate with explicit mount pads; print fit and fatigue untested; integrated wrist flex mounting pad and two 6 mm branches; closed local shell lugs and M2.4 through bores
l_arm_forearm_shell_front_distal,forearm_l,shell,candidate_solid,1,1536.151152101726,../../revM/manny/parts/l_arm_forearm_shell_front_distal.step,"1.8 mm partial rigid arm cover; one M2x20 through captive rear nuts into closed centreline rail lugs; front straight hex access, remove before servicing joints; pose clearance sampled digitally"
l_arm_forearm_shell_back_distal,forearm_l,shell,candidate_solid,1,2056.5880870062056,../../revM/manny/parts/l_arm_forearm_shell_back_distal.step,"1.8 mm partial rigid arm cover; one M2x20 through captive rear nuts into closed centreline rail lugs; front straight hex access, remove before servicing joints; pose clearance sampled digitally"
elbow_r_flex_M_fixed_metal_eye,upperarm_r,aluminum_7075,candidate_solid,1,2374.7284451694295,../../revM/manny/parts/elbow_r_flex_M_fixed_metal_eye.step,"Machined 6061-T6 eye; 2 x M3 tapped mounting holes; friction lining reacts into this eye; integral angular travel guards reacting directly into bearing eye; D14.50 x0.85 upper retaining counterbore, flat Z3.15"
elbow_r_flex_M_radial_bush,upperarm_r,pom,candidate_solid,1,138.80021299272562,../../revM/manny/parts/elbow_r_flex_M_radial_bush.step,"D6 journal +0.06 mm nominal diametral clearance; not part of axial preload loop; D14.40 x0.70 flange at Z3.20..3.90, captured below thrust washer Z4.00; 0.15 total nominal axial float"
elbow_r_flex_M_friction_lining,upperarm_r,peek,candidate_solid,1,480.9703136141924,../../revM/manny/parts/elbow_r_flex_M_friction_lining.step,"1 mm replaceable lining with positive edge tabs; friction coefficient is an untested assumption; unfilled machined PEEK candidate, dry contact; actual torque and creep must be qualified"
elbow_r_flex_M_flanged_rotor_shaft,elbow_r,aluminum_7075,candidate_solid,1,2266.318790425534,../../revM/manny/parts/elbow_r_flex_M_flanged_rotor_shaft.step,"Integral D6 drive, journal and friction flange; blind M3 end thread and M2 radial retention; no threaded running surface; integral load-bearing flange stop tab; magnetic cup is not a stop"
elbow_r_flex_M_thrust_wear_washer,upperarm_r,ptfe_composite,candidate_solid,1,353.42917352885206,../../revM/manny/parts/elbow_r_flex_M_thrust_wear_washer.step,SKF PCMW102001.5 E envelope; radial bush is unloaded axially
elbow_r_flex_M_spring_seat,elbow_r,spring,candidate_solid,1,141.98427997899077,../../revM/manny/parts/elbow_r_flex_M_spring_seat.step,
elbow_r_flex_M_disc_spring_0_0,elbow_r,spring,candidate_solid,1,41.45331506411727,../../revM/manny/parts/elbow_r_flex_M_disc_spring_0_0.step,"SCHNORR 002100; 1 nested parallel per group, two groups opposed in series"
elbow_r_flex_M_disc_spring_1_0,elbow_r,spring,candidate_solid,1,41.45331506411687,../../revM/manny/parts/elbow_r_flex_M_disc_spring_1_0.step,"SCHNORR 002100; 1 nested parallel per group, two groups opposed in series"
elbow_r_flex_M_D_stop_cap,elbow_r,aluminum,candidate_solid,1,336.3927942329009,../../revM/manny/parts/elbow_r_flex_M_D_stop_cap.step,Metal shoulder fixes nominal spring height; actual preload requires selected shims and a physical torque test
elbow_r_flex_M_M3x8_button_retainer,elbow_r,titanium,candidate_solid,1,95.05001952736538,../../revM/manny/parts/elbow_r_flex_M_M3x8_button_retainer.step,Accu SSB-M3-8-TI5 nominal head envelope; thread and bearing stress unqualified
elbow_r_flex_M_keyed_magnet_cup,elbow_r,aluminum,candidate_solid,1,1046.485024640748,../../revM/manny/parts/elbow_r_flex_M_keyed_magnet_cup.step,External D key transmits angle; 0.05 mm nominal fit and two radial brass retainers
elbow_r_flex_M_cup_M2x4_0,elbow_r,brass,candidate_solid,1,12.56637061435929,../../revM/manny/parts/elbow_r_flex_M_cup_M2x4_0.step,Thread envelope; slotted brass M2x4
elbow_r_flex_M_cup_M2x4_1,elbow_r,brass,candidate_solid,1,12.56637061435929,../../revM/manny/parts/elbow_r_flex_M_cup_M2x4_1.step,Thread envelope; slotted brass M2x4
elbow_r_flex_M_diametric_magnet_6x2p5,elbow_r,magnet,candidate_solid,1,70.68583470577059,../../revM/manny/parts/elbow_r_flex_M_diametric_magnet_6x2p5.step,Diametric magnet; magnetic field and interference require bench qualification
elbow_r_flex_M_magnet_keeper,elbow_r,frame,candidate_solid,1,336.0945690155043,../../revM/manny/parts/elbow_r_flex_M_magnet_keeper.step,"1.2 mm radial wall, 0.20 mm nominal radial fit allowance, 0.8 mm face; mechanical retention outside sensor air gap"
elbow_r_flex_M_keeper_M2x3_0,elbow_r,brass,candidate_solid,1,9.424777960769468,../../revM/manny/parts/elbow_r_flex_M_keeper_M2x3_0.step,Slotted brass M2x3 thread envelope
elbow_r_flex_M_keeper_M2x3_1,elbow_r,brass,candidate_solid,1,9.424777960769468,../../revM/manny/parts/elbow_r_flex_M_keeper_M2x3_1.step,Slotted brass M2x3 thread envelope
elbow_r_flex_M_D_output_cleat,elbow_r,aluminum,candidate_solid,1,1706.6550536711898,../../revM/manny/parts/elbow_r_flex_M_D_output_cleat.step,"Two M3 attachment bores; drive on D-flat, axial retention by radial M2 into shaft"
elbow_r_flex_M_output_M2x6,elbow_r,brass,candidate_solid,1,41.53185488045716,../../revM/manny/parts/elbow_r_flex_M_output_M2x6.step,Nominal M2x6 radial retainer; install before connecting distal segment
elbow_r_flex_M_board_post_0,upperarm_r,brass,candidate_solid,1,129.57292901246785,../../revM/manny/parts/elbow_r_flex_M_board_post_0.step,Custom AF3.5 male/female M2 spacer; 2.5 mm nominal engagement in metal eye
elbow_r_flex_M_PCB_edge_saddle_0,upperarm_r,frame,candidate_solid,1,89.5973457783125,../../revM/manny/parts/elbow_r_flex_M_PCB_edge_saddle_0.step,
elbow_r_flex_M_PCB_edge_cap_0,upperarm_r,nylon,candidate_solid,1,36.638938311324864,../../revM/manny/parts/elbow_r_flex_M_PCB_edge_cap_0.step,
elbow_r_flex_M_PCB_M2x6_0,upperarm_r,nylon,candidate_solid,1,38.803874858536076,../../revM/manny/parts/elbow_r_flex_M_PCB_M2x6_0.step,
elbow_r_flex_M_board_post_1,upperarm_r,brass,candidate_solid,1,129.57292901246782,../../revM/manny/parts/elbow_r_flex_M_board_post_1.step,Custom AF3.5 male/female M2 spacer; 2.5 mm nominal engagement in metal eye
elbow_r_flex_M_PCB_edge_saddle_1,upperarm_r,frame,candidate_solid,1,89.5973457783125,../../revM/manny/parts/elbow_r_flex_M_PCB_edge_saddle_1.step,
elbow_r_flex_M_PCB_edge_cap_1,upperarm_r,nylon,candidate_solid,1,36.63893831132485,../../revM/manny/parts/elbow_r_flex_M_PCB_edge_cap_1.step,
elbow_r_flex_M_PCB_M2x6_1,upperarm_r,nylon,candidate_solid,1,38.80387485853607,../../revM/manny/parts/elbow_r_flex_M_PCB_M2x6_1.step,
elbow_r_flex_M_pcb_AS5048A,upperarm_r,pcb_component,candidate_solid,1,19.55925997717152,../../revM/manny/parts/elbow_r_flex_M_pcb_AS5048A.step,actual_KiCad_STEP
elbow_r_flex_M_pcb_C1,upperarm_r,pcb_component,candidate_solid,1,0.9303638934211267,../../revM/manny/parts/elbow_r_flex_M_pcb_C1.step,actual_KiCad_STEP
elbow_r_flex_M_pcb_C2,upperarm_r,pcb_component,candidate_solid,1,3.501750000000059,../../revM/manny/parts/elbow_r_flex_M_pcb_C2.step,"Murata GRM219R61E106KA12D 10 uF 25 V X5R, max .95 mm body + .10 mm solder seating allocation"
elbow_r_flex_M_pcb_R1,upperarm_r,pcb_component,candidate_solid,1,0.5372187601976357,../../revM/manny/parts/elbow_r_flex_M_pcb_R1.step,actual_KiCad_STEP
elbow_r_flex_M_pcb_R2,upperarm_r,pcb_component,candidate_solid,1,0.5372187601976357,../../revM/manny/parts/elbow_r_flex_M_pcb_R2.step,actual_KiCad_STEP
elbow_r_flex_M_pcb_board,upperarm_r,pcb,candidate_solid,1,107.3799999999999,../../revM/manny/parts/elbow_r_flex_M_pcb_board.step,actual_KiCad_STEP
elbow_r_flex_M_pcb_J1_dimension_envelope,upperarm_r,pcb_component,candidate_solid,1,297.7920000000016,../../revM/manny/parts/elbow_r_flex_M_pcb_J1_dimension_envelope.step,"JST SM06B-SRSS-TB side-entry SH6, conservative 9.4 x9.6 x3.3 mm mated plug allocation; cable bend remains a separate harness requirement"
forearm_r_twist_M_fixed_metal_eye,elbow_r,aluminum_7075,candidate_solid,1,1861.1330046641497,../../revM/manny/parts/forearm_r_twist_M_fixed_metal_eye.step,"Machined 6061-T6 eye; 2 x M3 tapped mounting holes; friction lining reacts into this eye; integral angular travel guards reacting directly into bearing eye; D14.50 x0.85 upper retaining counterbore, flat Z3.15"
forearm_r_twist_M_radial_bush,elbow_r,pom,candidate_solid,1,138.8002129927214,../../revM/manny/parts/forearm_r_twist_M_radial_bush.step,"D6 journal +0.06 mm nominal diametral clearance; not part of axial preload loop; D14.40 x0.70 flange at Z3.20..3.90, captured below thrust washer Z4.00; 0.15 total nominal axial float"
forearm_r_twist_M_friction_lining,elbow_r,peek,candidate_solid,1,330.18321999225986,../../revM/manny/parts/forearm_r_twist_M_friction_lining.step,"1 mm replaceable lining with positive edge tabs; friction coefficient is an untested assumption; unfilled machined PEEK candidate, dry contact; actual torque and creep must be qualified"
forearm_r_twist_M_flanged_rotor_shaft,forearm_r,aluminum_7075,candidate_solid,1,1762.9511733846568,../../revM/manny/parts/forearm_r_twist_M_flanged_rotor_shaft.step,"Integral D6 drive, journal and friction flange; blind M3 end thread and M2 radial retention; no threaded running surface; integral load-bearing flange stop tab; magnetic cup is not a stop"
forearm_r_twist_M_thrust_wear_washer,elbow_r,ptfe_composite,candidate_solid,1,353.42917352885195,../../revM/manny/parts/forearm_r_twist_M_thrust_wear_washer.step,SKF PCMW102001.5 E envelope; radial bush is unloaded axially
forearm_r_twist_M_spring_seat,forearm_r,spring,candidate_solid,1,141.9842799789908,../../revM/manny/parts/forearm_r_twist_M_spring_seat.step,
forearm_r_twist_M_disc_spring_0_0,forearm_r,spring,candidate_solid,1,32.38471517044793,../../revM/manny/parts/forearm_r_twist_M_disc_spring_0_0.step,"SCHNORR 002050; 1 nested parallel per group, two groups opposed in series"
forearm_r_twist_M_disc_spring_1_0,forearm_r,spring,candidate_solid,1,32.38471517044793,../../revM/manny/parts/forearm_r_twist_M_disc_spring_1_0.step,"SCHNORR 002050; 1 nested parallel per group, two groups opposed in series"
forearm_r_twist_M_D_stop_cap,forearm_r,aluminum,candidate_solid,1,336.39279423290907,../../revM/manny/parts/forearm_r_twist_M_D_stop_cap.step,Metal shoulder fixes nominal spring height; actual preload requires selected shims and a physical torque test
forearm_r_twist_M_M3x8_button_retainer,forearm_r,titanium,candidate_solid,1,95.05001952736505,../../revM/manny/parts/forearm_r_twist_M_M3x8_button_retainer.step,Accu SSB-M3-8-TI5 nominal head envelope; thread and bearing stress unqualified
forearm_r_twist_M_keyed_magnet_cup,forearm_r,aluminum,candidate_solid,1,1046.4850246407448,../../revM/manny/parts/forearm_r_twist_M_keyed_magnet_cup.step,External D key transmits angle; 0.05 mm nominal fit and two radial brass retainers
forearm_r_twist_M_cup_M2x4_0,forearm_r,brass,candidate_solid,1,12.566370614359265,../../revM/manny/parts/forearm_r_twist_M_cup_M2x4_0.step,Thread envelope; slotted brass M2x4
forearm_r_twist_M_cup_M2x4_1,forearm_r,brass,candidate_solid,1,12.566370614359265,../../revM/manny/parts/forearm_r_twist_M_cup_M2x4_1.step,Thread envelope; slotted brass M2x4
forearm_r_twist_M_diametric_magnet_6x2p5,forearm_r,magnet,candidate_solid,1,70.68583470577042,../../revM/manny/parts/forearm_r_twist_M_diametric_magnet_6x2p5.step,Diametric magnet; magnetic field and interference require bench qualification
forearm_r_twist_M_magnet_keeper,forearm_r,frame,candidate_solid,1,336.0945687665095,../../revM/manny/parts/forearm_r_twist_M_magnet_keeper.step,"1.2 mm radial wall, 0.20 mm nominal radial fit allowance, 0.8 mm face; mechanical retention outside sensor air gap"
forearm_r_twist_M_keeper_M2x3_0,forearm_r,brass,candidate_solid,1,9.424777960769363,../../revM/manny/parts/forearm_r_twist_M_keeper_M2x3_0.step,Slotted brass M2x3 thread envelope
forearm_r_twist_M_keeper_M2x3_1,forearm_r,brass,candidate_solid,1,9.424777960769362,../../revM/manny/parts/forearm_r_twist_M_keeper_M2x3_1.step,Slotted brass M2x3 thread envelope
forearm_r_twist_M_D_output_cleat,forearm_r,aluminum,candidate_solid,1,1568.0550306519551,../../revM/manny/parts/forearm_r_twist_M_D_output_cleat.step,"Two M3 attachment bores; drive on D-flat, axial retention by radial M2 into shaft"
forearm_r_twist_M_output_M2x6,forearm_r,brass,candidate_solid,1,41.531854880457054,../../revM/manny/parts/forearm_r_twist_M_output_M2x6.step,Nominal M2x6 radial retainer; install before connecting distal segment
forearm_r_twist_M_board_post_0,elbow_r,brass,candidate_solid,1,126.92072621337721,../../revM/manny/parts/forearm_r_twist_M_board_post_0.step,Custom AF3.5 male/female M2 spacer; 2.5 mm nominal engagement in metal eye
forearm_r_twist_M_PCB_edge_saddle_0,elbow_r,frame,candidate_solid,1,73.59734577831264,../../revM/manny/parts/forearm_r_twist_M_PCB_edge_saddle_0.step,
forearm_r_twist_M_PCB_edge_cap_0,elbow_r,nylon,candidate_solid,1,30.23893831132325,../../revM/manny/parts/forearm_r_twist_M_PCB_edge_cap_0.step,
forearm_r_twist_M_PCB_M2x6_0,elbow_r,nylon,candidate_solid,1,38.8038748585361,../../revM/manny/parts/forearm_r_twist_M_PCB_M2x6_0.step,
forearm_r_twist_M_board_post_1,elbow_r,brass,candidate_solid,1,126.9207262133772,../../revM/manny/parts/forearm_r_twist_M_board_post_1.step,Custom AF3.5 male/female M2 spacer; 2.5 mm nominal engagement in metal eye
forearm_r_twist_M_PCB_edge_saddle_1,elbow_r,frame,candidate_solid,1,73.59734577831264,../../revM/manny/parts/forearm_r_twist_M_PCB_edge_saddle_1.step,
forearm_r_twist_M_PCB_edge_cap_1,elbow_r,nylon,candidate_solid,1,30.238938311323246,../../revM/manny/parts/forearm_r_twist_M_PCB_edge_cap_1.step,
forearm_r_twist_M_PCB_M2x6_1,elbow_r,nylon,candidate_solid,1,38.80387485853611,../../revM/manny/parts/forearm_r_twist_M_PCB_M2x6_1.step,
forearm_r_twist_M_pcb_AS5048A,elbow_r,pcb_component,candidate_solid,1,19.55925997717101,../../revM/manny/parts/forearm_r_twist_M_pcb_AS5048A.step,actual_KiCad_STEP
forearm_r_twist_M_pcb_C1,elbow_r,pcb_component,candidate_solid,1,0.9303638934210833,../../revM/manny/parts/forearm_r_twist_M_pcb_C1.step,actual_KiCad_STEP
forearm_r_twist_M_pcb_C2,elbow_r,pcb_component,candidate_solid,1,3.501750000000219,../../revM/manny/parts/forearm_r_twist_M_pcb_C2.step,"Murata GRM219R61E106KA12D 10 uF 25 V X5R, max .95 mm body + .10 mm solder seating allocation"
forearm_r_twist_M_pcb_R1,elbow_r,pcb_component,candidate_solid,1,0.5372187601976006,../../revM/manny/parts/forearm_r_twist_M_pcb_R1.step,actual_KiCad_STEP
forearm_r_twist_M_pcb_R2,elbow_r,pcb_component,candidate_solid,1,0.5372187601975997,../../revM/manny/parts/forearm_r_twist_M_pcb_R2.step,actual_KiCad_STEP
forearm_r_twist_M_pcb_board,elbow_r,pcb,candidate_solid,1,107.38000000000325,../../revM/manny/parts/forearm_r_twist_M_pcb_board.step,actual_KiCad_STEP
forearm_r_twist_M_pcb_J1_dimension_envelope,elbow_r,pcb_component,candidate_solid,1,297.79199999999594,../../revM/manny/parts/forearm_r_twist_M_pcb_J1_dimension_envelope.step,"JST SM06B-SRSS-TB side-entry SH6, conservative 9.4 x9.6 x3.3 mm mated plug allocation; cable bend remains a separate harness requirement"
elbow_r_flex_M_fixed_mount_M3x8_0,upperarm_r,metal,candidate_solid,1,120.24582880982065,../../revM/manny/parts/elbow_r_flex_M_fixed_mount_M3x8_0.step,M3x8 from outer carrier face into metal eye; 3 mm nominal threaded engagement
elbow_r_flex_M_fixed_mount_M3x8_1,upperarm_r,metal,candidate_solid,1,120.24582880982065,../../revM/manny/parts/elbow_r_flex_M_fixed_mount_M3x8_1.step,M3x8 from outer carrier face into metal eye; 3 mm nominal threaded engagement
elbow_r_flex_M_upperarm_carrier,upperarm_r,frame,candidate_solid,1,12247.76833567668,../../revM/manny/parts/elbow_r_flex_M_upperarm_carrier.step,One printed carrier includes the existing Rev K keyed shoulder coupling and its radial retainer interface; closed local shell lugs and M2.4 through bores
elbow_r_flex_M_rotor_mount_M3x12_0,elbow_r,metal,candidate_solid,1,147.9788968147636,../../revM/manny/parts/elbow_r_flex_M_rotor_mount_M3x12_0.step,M3x12 socket screw; unmodelled helical thread
elbow_r_flex_M_rotor_mount_nut_M3_0,elbow_r,metal,candidate_solid,1,51.0924718637879,../../revM/manny/parts/elbow_r_flex_M_rotor_mount_nut_M3_0.step,M3 nut envelope; removable thread locking method pending
elbow_r_flex_M_rotor_mount_M3x12_1,elbow_r,metal,candidate_solid,1,147.9788968147636,../../revM/manny/parts/elbow_r_flex_M_rotor_mount_M3x12_1.step,M3x12 socket screw; unmodelled helical thread
elbow_r_flex_M_rotor_mount_nut_M3_1,elbow_r,metal,candidate_solid,1,51.09247186378785,../../revM/manny/parts/elbow_r_flex_M_rotor_mount_nut_M3_1.step,M3 nut envelope; removable thread locking method pending
forearm_r_twist_M_fixed_mount_M3x8_0,elbow_r,metal,candidate_solid,1,120.245828809821,../../revM/manny/parts/forearm_r_twist_M_fixed_mount_M3x8_0.step,M3x8 from outer carrier face into metal eye; 3 mm nominal threaded engagement
forearm_r_twist_M_fixed_mount_M3x8_1,elbow_r,metal,candidate_solid,1,120.245828809821,../../revM/manny/parts/forearm_r_twist_M_fixed_mount_M3x8_1.step,M3x8 from outer carrier face into metal eye; 3 mm nominal threaded engagement
elbow_r_flex_M_proximal_forearm,elbow_r,frame,candidate_solid,1,6792.058620534102,../../revM/manny/parts/elbow_r_flex_M_proximal_forearm.step,Direct elbow and axial forearm rotation share a single printed proximal carrier; rounded underside pocket gives 0.6 mm nominal SH plug clearance; upper load bridge retained
forearm_r_twist_M_rotor_mount_M3x12_0,forearm_r,metal,candidate_solid,1,147.97889681476383,../../revM/manny/parts/forearm_r_twist_M_rotor_mount_M3x12_0.step,M3x12 socket screw; unmodelled helical thread
forearm_r_twist_M_rotor_mount_nut_M3_0,forearm_r,metal,candidate_solid,1,51.09247186378833,../../revM/manny/parts/forearm_r_twist_M_rotor_mount_nut_M3_0.step,M3 nut envelope; removable thread locking method pending
forearm_r_twist_M_rotor_mount_M3x12_1,forearm_r,metal,candidate_solid,1,147.97889681476383,../../revM/manny/parts/forearm_r_twist_M_rotor_mount_M3x12_1.step,M3x12 socket screw; unmodelled helical thread
forearm_r_twist_M_rotor_mount_nut_M3_1,forearm_r,metal,candidate_solid,1,51.09247186378833,../../revM/manny/parts/forearm_r_twist_M_rotor_mount_nut_M3_1.step,M3 nut envelope; removable thread locking method pending
forearm_r_twist_M_distal_forearm_carrier,forearm_r,frame,candidate_solid,1,9006.49447205455,../../revM/manny/parts/forearm_r_twist_M_distal_forearm_carrier.step,PLA candidate with explicit mount pads; print fit and fatigue untested; integrated wrist flex mounting pad and two 6 mm branches; closed local shell lugs and M2.4 through bores
r_arm_forearm_shell_front_distal,forearm_r,shell,candidate_solid,1,1536.16591870028,../../revM/manny/parts/r_arm_forearm_shell_front_distal.step,"1.8 mm partial rigid arm cover; one M2x20 through captive rear nuts into closed centreline rail lugs; front straight hex access, remove before servicing joints; pose clearance sampled digitally"
r_arm_forearm_shell_back_distal,forearm_r,shell,candidate_solid,1,2056.605057252598,../../revM/manny/parts/r_arm_forearm_shell_back_distal.step,"1.8 mm partial rigid arm cover; one M2x20 through captive rear nuts into closed centreline rail lugs; front straight hex access, remove before servicing joints; pose clearance sampled digitally"
hand_l_flex_M_fixed_metal_eye,forearm_l,aluminum_7075,candidate_solid,1,1824.0711394745906,../../revM/manny/parts/hand_l_flex_M_fixed_metal_eye.step,"Machined 6061-T6 eye; 2 x M3 tapped mounting holes; friction lining reacts into this eye; integral angular travel guards reacting directly into bearing eye; D14.50 x0.85 upper retaining counterbore, flat Z3.15"
hand_l_flex_M_radial_bush,forearm_l,pom,candidate_solid,1,138.80021299272562,../../revM/manny/parts/hand_l_flex_M_radial_bush.step,"D6 journal +0.06 mm nominal diametral clearance; not part of axial preload loop; D14.40 x0.70 flange at Z3.20..3.90, captured below thrust washer Z4.00; 0.15 total nominal axial float"
hand_l_flex_M_friction_lining,forearm_l,peek,candidate_solid,1,330.1832199922596,../../revM/manny/parts/hand_l_flex_M_friction_lining.step,"1 mm replaceable lining with positive edge tabs; friction coefficient is an untested assumption; unfilled machined PEEK candidate, dry contact; actual torque and creep must be qualified"
hand_l_flex_M_flanged_rotor_shaft,hand_l.flex_frame,aluminum_7075,candidate_solid,1,1762.9511733846568,../../revM/manny/parts/hand_l_flex_M_flanged_rotor_shaft.step,"Integral D6 drive, journal and friction flange; blind M3 end thread and M2 radial retention; no threaded running surface; integral load-bearing flange stop tab; magnetic cup is not a stop"
hand_l_flex_M_thrust_wear_washer,forearm_l,ptfe_composite,candidate_solid,1,353.42917352885195,../../revM/manny/parts/hand_l_flex_M_thrust_wear_washer.step,SKF PCMW102001.5 E envelope; radial bush is unloaded axially
hand_l_flex_M_spring_seat,hand_l.flex_frame,spring,candidate_solid,1,141.98427997899068,../../revM/manny/parts/hand_l_flex_M_spring_seat.step,
hand_l_flex_M_disc_spring_0_0,hand_l.flex_frame,spring,candidate_solid,1,32.384715170448565,../../revM/manny/parts/hand_l_flex_M_disc_spring_0_0.step,"SCHNORR 002050; 1 nested parallel per group, two groups opposed in series"
hand_l_flex_M_disc_spring_1_0,hand_l.flex_frame,spring,candidate_solid,1,32.38471517044902,../../revM/manny/parts/hand_l_flex_M_disc_spring_1_0.step,"SCHNORR 002050; 1 nested parallel per group, two groups opposed in series"
hand_l_flex_M_D_stop_cap,hand_l.flex_frame,aluminum,candidate_solid,1,336.39279423290964,../../revM/manny/parts/hand_l_flex_M_D_stop_cap.step,Metal shoulder fixes nominal spring height; actual preload requires selected shims and a physical torque test
hand_l_flex_M_M3x8_button_retainer,hand_l.flex_frame,titanium,candidate_solid,1,95.05001952736542,../../revM/manny/parts/hand_l_flex_M_M3x8_button_retainer.step,Accu SSB-M3-8-TI5 nominal head envelope; thread and bearing stress unqualified
hand_l_flex_M_keyed_magnet_cup,hand_l.flex_frame,aluminum,candidate_solid,1,1046.4850246407423,../../revM/manny/parts/hand_l_flex_M_keyed_magnet_cup.step,External D key transmits angle; 0.05 mm nominal fit and two radial brass retainers
hand_l_flex_M_cup_M2x4_0,hand_l.flex_frame,brass,candidate_solid,1,12.566370614359174,../../revM/manny/parts/hand_l_flex_M_cup_M2x4_0.step,Thread envelope; slotted brass M2x4
hand_l_flex_M_cup_M2x4_1,hand_l.flex_frame,brass,candidate_solid,1,12.566370614359174,../../revM/manny/parts/hand_l_flex_M_cup_M2x4_1.step,Thread envelope; slotted brass M2x4
hand_l_flex_M_diametric_magnet_6x2p5,hand_l.flex_frame,magnet,candidate_solid,1,70.68583470577035,../../revM/manny/parts/hand_l_flex_M_diametric_magnet_6x2p5.step,Diametric magnet; magnetic field and interference require bench qualification
hand_l_flex_M_magnet_keeper,hand_l.flex_frame,frame,candidate_solid,1,336.09456876651024,../../revM/manny/parts/hand_l_flex_M_magnet_keeper.step,"1.2 mm radial wall, 0.20 mm nominal radial fit allowance, 0.8 mm face; mechanical retention outside sensor air gap"
hand_l_flex_M_keeper_M2x3_0,hand_l.flex_frame,brass,candidate_solid,1,9.424777960769381,../../revM/manny/parts/hand_l_flex_M_keeper_M2x3_0.step,Slotted brass M2x3 thread envelope
hand_l_flex_M_keeper_M2x3_1,hand_l.flex_frame,brass,candidate_solid,1,9.424777960769383,../../revM/manny/parts/hand_l_flex_M_keeper_M2x3_1.step,Slotted brass M2x3 thread envelope
hand_l_flex_M_D_output_cleat,hand_l.flex_frame,aluminum,candidate_solid,1,1568.0550306519426,../../revM/manny/parts/hand_l_flex_M_D_output_cleat.step,"Two M3 attachment bores; drive on D-flat, axial retention by radial M2 into shaft"
hand_l_flex_M_output_M2x6,hand_l.flex_frame,brass,candidate_solid,1,41.53185488045715,../../revM/manny/parts/hand_l_flex_M_output_M2x6.step,Nominal M2x6 radial retainer; install before connecting distal segment
hand_l_flex_M_board_post_0,forearm_l,brass,candidate_solid,1,126.92072621337692,../../revM/manny/parts/hand_l_flex_M_board_post_0.step,Custom AF3.5 male/female M2 spacer; 2.5 mm nominal engagement in metal eye
hand_l_flex_M_PCB_edge_saddle_0,forearm_l,frame,candidate_solid,1,73.59734577831246,../../revM/manny/parts/hand_l_flex_M_PCB_edge_saddle_0.step,
hand_l_flex_M_PCB_edge_cap_0,forearm_l,nylon,candidate_solid,1,30.23893831132486,../../revM/manny/parts/hand_l_flex_M_PCB_edge_cap_0.step,
hand_l_flex_M_PCB_M2x6_0,forearm_l,nylon,candidate_solid,1,38.80387485853585,../../revM/manny/parts/hand_l_flex_M_PCB_M2x6_0.step,
hand_l_flex_M_board_post_1,forearm_l,brass,candidate_solid,1,126.92072621337798,../../revM/manny/parts/hand_l_flex_M_board_post_1.step,Custom AF3.5 male/female M2 spacer; 2.5 mm nominal engagement in metal eye
hand_l_flex_M_PCB_edge_saddle_1,forearm_l,frame,candidate_solid,1,73.5973457783125,../../revM/manny/parts/hand_l_flex_M_PCB_edge_saddle_1.step,
hand_l_flex_M_PCB_edge_cap_1,forearm_l,nylon,candidate_solid,1,30.238938311324876,../../revM/manny/parts/hand_l_flex_M_PCB_edge_cap_1.step,
hand_l_flex_M_PCB_M2x6_1,forearm_l,nylon,candidate_solid,1,38.80387485853606,../../revM/manny/parts/hand_l_flex_M_PCB_M2x6_1.step,
hand_l_flex_M_pcb_AS5048A,forearm_l,pcb_component,candidate_solid,1,19.559259977171642,../../revM/manny/parts/hand_l_flex_M_pcb_AS5048A.step,actual_KiCad_STEP
hand_l_flex_M_pcb_C1,forearm_l,pcb_component,candidate_solid,1,0.930363893421144,../../revM/manny/parts/hand_l_flex_M_pcb_C1.step,actual_KiCad_STEP
hand_l_flex_M_pcb_C2,forearm_l,pcb_component,candidate_solid,1,3.501750000000059,../../revM/manny/parts/hand_l_flex_M_pcb_C2.step,"Murata GRM219R61E106KA12D 10 uF 25 V X5R, max .95 mm body + .10 mm solder seating allocation"
hand_l_flex_M_pcb_R1,forearm_l,pcb_component,candidate_solid,1,0.5372187601976202,../../revM/manny/parts/hand_l_flex_M_pcb_R1.step,actual_KiCad_STEP
hand_l_flex_M_pcb_R2,forearm_l,pcb_component,candidate_solid,1,0.5372187601976315,../../revM/manny/parts/hand_l_flex_M_pcb_R2.step,actual_KiCad_STEP
hand_l_flex_M_pcb_board,forearm_l,pcb,candidate_solid,1,107.38000000000044,../../revM/manny/parts/hand_l_flex_M_pcb_board.step,actual_KiCad_STEP
hand_l_flex_M_pcb_J1_dimension_envelope,forearm_l,pcb_component,candidate_solid,1,297.7920000000017,../../revM/manny/parts/hand_l_flex_M_pcb_J1_dimension_envelope.step,"JST SM06B-SRSS-TB side-entry SH6, conservative 9.4 x9.6 x3.3 mm mated plug allocation; cable bend remains a separate harness requirement"
hand_l_deviate_M_fixed_metal_eye,hand_l.flex_frame,aluminum_7075,candidate_solid,1,1858.4721894047243,../../revM/manny/parts/hand_l_deviate_M_fixed_metal_eye.step,"Machined 6061-T6 eye; 2 x M3 tapped mounting holes; friction lining reacts into this eye; integral angular travel guards reacting directly into bearing eye; D14.50 x0.85 upper retaining counterbore, flat Z3.15"
hand_l_deviate_M_radial_bush,hand_l.flex_frame,pom,candidate_solid,1,138.80021299272494,../../revM/manny/parts/hand_l_deviate_M_radial_bush.step,"D6 journal +0.06 mm nominal diametral clearance; not part of axial preload loop; D14.40 x0.70 flange at Z3.20..3.90, captured below thrust washer Z4.00; 0.15 total nominal axial float"
hand_l_deviate_M_friction_lining,hand_l.flex_frame,peek,candidate_solid,1,330.18321999225947,../../revM/manny/parts/hand_l_deviate_M_friction_lining.step,"1 mm replaceable lining with positive edge tabs; friction coefficient is an untested assumption; unfilled machined PEEK candidate, dry contact; actual torque and creep must be qualified"
hand_l_deviate_M_flanged_rotor_shaft,hand_l,aluminum_7075,candidate_solid,1,1762.951173384652,../../revM/manny/parts/hand_l_deviate_M_flanged_rotor_shaft.step,"Integral D6 drive, journal and friction flange; blind M3 end thread and M2 radial retention; no threaded running surface; integral load-bearing flange stop tab; magnetic cup is not a stop"
hand_l_deviate_M_thrust_wear_washer,hand_l.flex_frame,ptfe_composite,candidate_solid,1,353.4291735288518,../../revM/manny/parts/hand_l_deviate_M_thrust_wear_washer.step,SKF PCMW102001.5 E envelope; radial bush is unloaded axially
hand_l_deviate_M_spring_seat,hand_l,spring,candidate_solid,1,141.98427997899068,../../revM/manny/parts/hand_l_deviate_M_spring_seat.step,
hand_l_deviate_M_disc_spring_0_0,hand_l,spring,candidate_solid,1,32.38471517044864,../../revM/manny/parts/hand_l_deviate_M_disc_spring_0_0.step,"SCHNORR 002050; 1 nested parallel per group, two groups opposed in series"
hand_l_deviate_M_disc_spring_1_0,hand_l,spring,candidate_solid,1,32.38471517044864,../../revM/manny/parts/hand_l_deviate_M_disc_spring_1_0.step,"SCHNORR 002050; 1 nested parallel per group, two groups opposed in series"
hand_l_deviate_M_D_stop_cap,hand_l,aluminum,candidate_solid,1,336.39279423290975,../../revM/manny/parts/hand_l_deviate_M_D_stop_cap.step,Metal shoulder fixes nominal spring height; actual preload requires selected shims and a physical torque test
hand_l_deviate_M_M3x8_button_retainer,hand_l,titanium,candidate_solid,1,95.05001952736556,../../revM/manny/parts/hand_l_deviate_M_M3x8_button_retainer.step,Accu SSB-M3-8-TI5 nominal head envelope; thread and bearing stress unqualified
hand_l_deviate_M_keyed_magnet_cup,hand_l,aluminum,candidate_solid,1,1046.4850246407411,../../revM/manny/parts/hand_l_deviate_M_keyed_magnet_cup.step,External D key transmits angle; 0.05 mm nominal fit and two radial brass retainers
hand_l_deviate_M_cup_M2x4_0,hand_l,brass,candidate_solid,1,12.566370614359155,../../revM/manny/parts/hand_l_deviate_M_cup_M2x4_0.step,Thread envelope; slotted brass M2x4
hand_l_deviate_M_cup_M2x4_1,hand_l,brass,candidate_solid,1,12.566370614359155,../../revM/manny/parts/hand_l_deviate_M_cup_M2x4_1.step,Thread envelope; slotted brass M2x4
hand_l_deviate_M_diametric_magnet_6x2p5,hand_l,magnet,candidate_solid,1,70.68583470577035,../../revM/manny/parts/hand_l_deviate_M_diametric_magnet_6x2p5.step,Diametric magnet; magnetic field and interference require bench qualification
hand_l_deviate_M_magnet_keeper,hand_l,frame,candidate_solid,1,336.0945687665105,../../revM/manny/parts/hand_l_deviate_M_magnet_keeper.step,"1.2 mm radial wall, 0.20 mm nominal radial fit allowance, 0.8 mm face; mechanical retention outside sensor air gap"
hand_l_deviate_M_keeper_M2x3_0,hand_l,brass,candidate_solid,1,9.42477796076937,../../revM/manny/parts/hand_l_deviate_M_keeper_M2x3_0.step,Slotted brass M2x3 thread envelope
hand_l_deviate_M_keeper_M2x3_1,hand_l,brass,candidate_solid,1,9.424777960769372,../../revM/manny/parts/hand_l_deviate_M_keeper_M2x3_1.step,Slotted brass M2x3 thread envelope
hand_l_deviate_M_D_output_cleat,hand_l,aluminum,candidate_solid,1,1568.0550306519424,../../revM/manny/parts/hand_l_deviate_M_D_output_cleat.step,"Two M3 attachment bores; drive on D-flat, axial retention by radial M2 into shaft"
hand_l_deviate_M_output_M2x6,hand_l,brass,candidate_solid,1,41.531854880457075,../../revM/manny/parts/hand_l_deviate_M_output_M2x6.step,Nominal M2x6 radial retainer; install before connecting distal segment
hand_l_deviate_M_board_post_0,hand_l.flex_frame,brass,candidate_solid,1,126.9207262133773,../../revM/manny/parts/hand_l_deviate_M_board_post_0.step,Custom AF3.5 male/female M2 spacer; 2.5 mm nominal engagement in metal eye
hand_l_deviate_M_PCB_edge_saddle_0,hand_l.flex_frame,frame,candidate_solid,1,73.59734577831266,../../revM/manny/parts/hand_l_deviate_M_PCB_edge_saddle_0.step,
hand_l_deviate_M_PCB_edge_cap_0,hand_l.flex_frame,nylon,candidate_solid,1,30.238938311324997,../../revM/manny/parts/hand_l_deviate_M_PCB_edge_cap_0.step,
hand_l_deviate_M_PCB_M2x6_0,hand_l.flex_frame,nylon,candidate_solid,1,38.803874858536176,../../revM/manny/parts/hand_l_deviate_M_PCB_M2x6_0.step,
hand_l_deviate_M_board_post_1,hand_l.flex_frame,brass,candidate_solid,1,126.9207262133773,../../revM/manny/parts/hand_l_deviate_M_board_post_1.step,Custom AF3.5 male/female M2 spacer; 2.5 mm nominal engagement in metal eye
hand_l_deviate_M_PCB_edge_saddle_1,hand_l.flex_frame,frame,candidate_solid,1,73.59734577831266,../../revM/manny/parts/hand_l_deviate_M_PCB_edge_saddle_1.step,
hand_l_deviate_M_PCB_edge_cap_1,hand_l.flex_frame,nylon,candidate_solid,1,30.23893831132499,../../revM/manny/parts/hand_l_deviate_M_PCB_edge_cap_1.step,
hand_l_deviate_M_PCB_M2x6_1,hand_l.flex_frame,nylon,candidate_solid,1,38.80387485853618,../../revM/manny/parts/hand_l_deviate_M_PCB_M2x6_1.step,
hand_l_deviate_M_pcb_AS5048A,hand_l.flex_frame,pcb_component,candidate_solid,1,19.55925997717123,../../revM/manny/parts/hand_l_deviate_M_pcb_AS5048A.step,actual_KiCad_STEP
hand_l_deviate_M_pcb_C1,hand_l.flex_frame,pcb_component,candidate_solid,1,0.9303638934211781,../../revM/manny/parts/hand_l_deviate_M_pcb_C1.step,actual_KiCad_STEP
hand_l_deviate_M_pcb_C2,hand_l.flex_frame,pcb_component,candidate_solid,1,3.5017500000000243,../../revM/manny/parts/hand_l_deviate_M_pcb_C2.step,"Murata GRM219R61E106KA12D 10 uF 25 V X5R, max .95 mm body + .10 mm solder seating allocation"
hand_l_deviate_M_pcb_R1,hand_l.flex_frame,pcb_component,candidate_solid,1,0.5372187601976209,../../revM/manny/parts/hand_l_deviate_M_pcb_R1.step,actual_KiCad_STEP
hand_l_deviate_M_pcb_R2,hand_l.flex_frame,pcb_component,candidate_solid,1,0.537218760197637,../../revM/manny/parts/hand_l_deviate_M_pcb_R2.step,actual_KiCad_STEP
hand_l_deviate_M_pcb_board,hand_l.flex_frame,pcb,candidate_solid,1,107.37999999999975,../../revM/manny/parts/hand_l_deviate_M_pcb_board.step,actual_KiCad_STEP
hand_l_deviate_M_pcb_J1_dimension_envelope,hand_l.flex_frame,pcb_component,candidate_solid,1,297.7919999999995,../../revM/manny/parts/hand_l_deviate_M_pcb_J1_dimension_envelope.step,"JST SM06B-SRSS-TB side-entry SH6, conservative 9.4 x9.6 x3.3 mm mated plug allocation; cable bend remains a separate harness requirement"
hand_l_flex_M_fixed_mount_M3x8_0,forearm_l,metal,candidate_solid,1,120.24582880982065,../../revM/manny/parts/hand_l_flex_M_fixed_mount_M3x8_0.step,M3x8 from outer carrier face into metal eye; 3 mm nominal threaded engagement
hand_l_flex_M_fixed_mount_M3x8_1,forearm_l,metal,candidate_solid,1,120.24582880982065,../../revM/manny/parts/hand_l_flex_M_fixed_mount_M3x8_1.step,M3x8 from outer carrier face into metal eye; 3 mm nominal threaded engagement
hand_l_flex_M_rotor_mount_M3x12_0,hand_l.flex_frame,metal,candidate_solid,1,147.97889681476414,../../revM/manny/parts/hand_l_flex_M_rotor_mount_M3x12_0.step,M3x12 socket screw; unmodelled helical thread
hand_l_flex_M_rotor_mount_nut_M3_0,hand_l.flex_frame,metal,candidate_solid,1,51.09247186378843,../../revM/manny/parts/hand_l_flex_M_rotor_mount_nut_M3_0.step,M3 nut envelope; removable thread locking method pending
hand_l_flex_M_rotor_mount_M3x12_1,hand_l.flex_frame,metal,candidate_solid,1,147.97889681476414,../../revM/manny/parts/hand_l_flex_M_rotor_mount_M3x12_1.step,M3x12 socket screw; unmodelled helical thread
hand_l_flex_M_rotor_mount_nut_M3_1,hand_l.flex_frame,metal,candidate_solid,1,51.09247186378845,../../revM/manny/parts/hand_l_flex_M_rotor_mount_nut_M3_1.step,M3 nut envelope; removable thread locking method pending
hand_l_deviate_M_fixed_mount_M3x8_0,hand_l.flex_frame,metal,candidate_solid,1,120.24582880982119,../../revM/manny/parts/hand_l_deviate_M_fixed_mount_M3x8_0.step,M3x8 from outer carrier face into metal eye; 3 mm nominal threaded engagement
hand_l_deviate_M_fixed_mount_M3x8_1,hand_l.flex_frame,metal,candidate_solid,1,120.24582880982119,../../revM/manny/parts/hand_l_deviate_M_fixed_mount_M3x8_1.step,M3x8 from outer carrier face into metal eye; 3 mm nominal threaded engagement
hand_l_flex_M_intermediate_frame,hand_l.flex_frame,frame,candidate_solid,1,3304.17242940205,../../revM/manny/parts/hand_l_flex_M_intermediate_frame.step,"Exposed wrist frame; concentric flex/deviation axes, 5 mm round members, fastener access reviewed separately"
hand_l_deviate_M_rotor_mount_M3x12_0,hand_l,metal,candidate_solid,1,147.9788968147642,../../revM/manny/parts/hand_l_deviate_M_rotor_mount_M3x12_0.step,M3x12 socket screw; unmodelled helical thread
hand_l_deviate_M_rotor_mount_nut_M3_0,hand_l,metal,candidate_solid,1,51.092471863788504,../../revM/manny/parts/hand_l_deviate_M_rotor_mount_nut_M3_0.step,M3 nut envelope; removable thread locking method pending
hand_l_deviate_M_rotor_mount_M3x12_1,hand_l,metal,candidate_solid,1,147.9788968147642,../../revM/manny/parts/hand_l_deviate_M_rotor_mount_M3x12_1.step,M3x12 socket screw; unmodelled helical thread
hand_l_deviate_M_rotor_mount_nut_M3_1,hand_l,metal,candidate_solid,1,51.092471863788504,../../revM/manny/parts/hand_l_deviate_M_rotor_mount_nut_M3_1.step,M3 nut envelope; removable thread locking method pending
hand_l_M_palm_rail,hand_l,frame,candidate_solid,1,5966.680134972916,../../revM/manny/parts/hand_l_M_palm_rail.step,Hand rail points to the character-specific hand tip; palm shell and finger silhouette will be added around it
hand_r_flex_M_fixed_metal_eye,forearm_r,aluminum_7075,candidate_solid,1,1824.0711394746238,../../revM/manny/parts/hand_r_flex_M_fixed_metal_eye.step,"Machined 6061-T6 eye; 2 x M3 tapped mounting holes; friction lining reacts into this eye; integral angular travel guards reacting directly into bearing eye; D14.50 x0.85 upper retaining counterbore, flat Z3.15"
hand_r_flex_M_radial_bush,forearm_r,pom,candidate_solid,1,138.80021299272562,../../revM/manny/parts/hand_r_flex_M_radial_bush.step,"D6 journal +0.06 mm nominal diametral clearance; not part of axial preload loop; D14.40 x0.70 flange at Z3.20..3.90, captured below thrust washer Z4.00; 0.15 total nominal axial float"
hand_r_flex_M_friction_lining,forearm_r,peek,candidate_solid,1,330.18321999225964,../../revM/manny/parts/hand_r_flex_M_friction_lining.step,"1 mm replaceable lining with positive edge tabs; friction coefficient is an untested assumption; unfilled machined PEEK candidate, dry contact; actual torque and creep must be qualified"
hand_r_flex_M_flanged_rotor_shaft,hand_r.flex_frame,aluminum_7075,candidate_solid,1,1762.951173384652,../../revM/manny/parts/hand_r_flex_M_flanged_rotor_shaft.step,"Integral D6 drive, journal and friction flange; blind M3 end thread and M2 radial retention; no threaded running surface; integral load-bearing flange stop tab; magnetic cup is not a stop"
hand_r_flex_M_thrust_wear_washer,forearm_r,ptfe_composite,candidate_solid,1,353.429173528852,../../revM/manny/parts/hand_r_flex_M_thrust_wear_washer.step,SKF PCMW102001.5 E envelope; radial bush is unloaded axially
hand_r_flex_M_spring_seat,hand_r.flex_frame,spring,candidate_solid,1,141.98427997899068,../../revM/manny/parts/hand_r_flex_M_spring_seat.step,
hand_r_flex_M_disc_spring_0_0,hand_r.flex_frame,spring,candidate_solid,1,32.38471517044857,../../revM/manny/parts/hand_r_flex_M_disc_spring_0_0.step,"SCHNORR 002050; 1 nested parallel per group, two groups opposed in series"
hand_r_flex_M_disc_spring_1_0,hand_r.flex_frame,spring,candidate_solid,1,32.38471517044903,../../revM/manny/parts/hand_r_flex_M_disc_spring_1_0.step,"SCHNORR 002050; 1 nested parallel per group, two groups opposed in series"
hand_r_flex_M_D_stop_cap,hand_r.flex_frame,aluminum,candidate_solid,1,336.3927942329097,../../revM/manny/parts/hand_r_flex_M_D_stop_cap.step,Metal shoulder fixes nominal spring height; actual preload requires selected shims and a physical torque test
hand_r_flex_M_M3x8_button_retainer,hand_r.flex_frame,titanium,candidate_solid,1,95.05001952736544,../../revM/manny/parts/hand_r_flex_M_M3x8_button_retainer.step,Accu SSB-M3-8-TI5 nominal head envelope; thread and bearing stress unqualified
hand_r_flex_M_keyed_magnet_cup,hand_r.flex_frame,aluminum,candidate_solid,1,1046.4850246407418,../../revM/manny/parts/hand_r_flex_M_keyed_magnet_cup.step,External D key transmits angle; 0.05 mm nominal fit and two radial brass retainers
hand_r_flex_M_cup_M2x4_0,hand_r.flex_frame,brass,candidate_solid,1,12.566370614359174,../../revM/manny/parts/hand_r_flex_M_cup_M2x4_0.step,Thread envelope; slotted brass M2x4
hand_r_flex_M_cup_M2x4_1,hand_r.flex_frame,brass,candidate_solid,1,12.56637061435917,../../revM/manny/parts/hand_r_flex_M_cup_M2x4_1.step,Thread envelope; slotted brass M2x4
hand_r_flex_M_diametric_magnet_6x2p5,hand_r.flex_frame,magnet,candidate_solid,1,70.68583470577033,../../revM/manny/parts/hand_r_flex_M_diametric_magnet_6x2p5.step,Diametric magnet; magnetic field and interference require bench qualification
hand_r_flex_M_magnet_keeper,hand_r.flex_frame,frame,candidate_solid,1,336.0945687665101,../../revM/manny/parts/hand_r_flex_M_magnet_keeper.step,"1.2 mm radial wall, 0.20 mm nominal radial fit allowance, 0.8 mm face; mechanical retention outside sensor air gap"
hand_r_flex_M_keeper_M2x3_0,hand_r.flex_frame,brass,candidate_solid,1,9.42477796076938,../../revM/manny/parts/hand_r_flex_M_keeper_M2x3_0.step,Slotted brass M2x3 thread envelope
hand_r_flex_M_keeper_M2x3_1,hand_r.flex_frame,brass,candidate_solid,1,9.424777960769381,../../revM/manny/parts/hand_r_flex_M_keeper_M2x3_1.step,Slotted brass M2x3 thread envelope
hand_r_flex_M_D_output_cleat,hand_r.flex_frame,aluminum,candidate_solid,1,1568.055030651943,../../revM/manny/parts/hand_r_flex_M_D_output_cleat.step,"Two M3 attachment bores; drive on D-flat, axial retention by radial M2 into shaft"
hand_r_flex_M_output_M2x6,hand_r.flex_frame,brass,candidate_solid,1,41.531854880457146,../../revM/manny/parts/hand_r_flex_M_output_M2x6.step,Nominal M2x6 radial retainer; install before connecting distal segment
hand_r_flex_M_board_post_0,forearm_r,brass,candidate_solid,1,126.92072621337694,../../revM/manny/parts/hand_r_flex_M_board_post_0.step,Custom AF3.5 male/female M2 spacer; 2.5 mm nominal engagement in metal eye
hand_r_flex_M_PCB_edge_saddle_0,forearm_r,frame,candidate_solid,1,73.59734577831247,../../revM/manny/parts/hand_r_flex_M_PCB_edge_saddle_0.step,
hand_r_flex_M_PCB_edge_cap_0,forearm_r,nylon,candidate_solid,1,30.238938311324866,../../revM/manny/parts/hand_r_flex_M_PCB_edge_cap_0.step,
hand_r_flex_M_PCB_M2x6_0,forearm_r,nylon,candidate_solid,1,38.80387485853585,../../revM/manny/parts/hand_r_flex_M_PCB_M2x6_0.step,
hand_r_flex_M_board_post_1,forearm_r,brass,candidate_solid,1,126.92072621337799,../../revM/manny/parts/hand_r_flex_M_board_post_1.step,Custom AF3.5 male/female M2 spacer; 2.5 mm nominal engagement in metal eye
hand_r_flex_M_PCB_edge_saddle_1,forearm_r,frame,candidate_solid,1,73.5973457783125,../../revM/manny/parts/hand_r_flex_M_PCB_edge_saddle_1.step,
hand_r_flex_M_PCB_edge_cap_1,forearm_r,nylon,candidate_solid,1,30.238938311324873,../../revM/manny/parts/hand_r_flex_M_PCB_edge_cap_1.step,
hand_r_flex_M_PCB_M2x6_1,forearm_r,nylon,candidate_solid,1,38.80387485853607,../../revM/manny/parts/hand_r_flex_M_PCB_M2x6_1.step,
hand_r_flex_M_pcb_AS5048A,forearm_r,pcb_component,candidate_solid,1,19.559259977171568,../../revM/manny/parts/hand_r_flex_M_pcb_AS5048A.step,actual_KiCad_STEP
hand_r_flex_M_pcb_C1,forearm_r,pcb_component,candidate_solid,1,0.9303638934211438,../../revM/manny/parts/hand_r_flex_M_pcb_C1.step,actual_KiCad_STEP
hand_r_flex_M_pcb_C2,forearm_r,pcb_component,candidate_solid,1,3.5017500000000616,../../revM/manny/parts/hand_r_flex_M_pcb_C2.step,"Murata GRM219R61E106KA12D 10 uF 25 V X5R, max .95 mm body + .10 mm solder seating allocation"
hand_r_flex_M_pcb_R1,forearm_r,pcb_component,candidate_solid,1,0.5372187601976203,../../revM/manny/parts/hand_r_flex_M_pcb_R1.step,actual_KiCad_STEP
hand_r_flex_M_pcb_R2,forearm_r,pcb_component,candidate_solid,1,0.5372187601976317,../../revM/manny/parts/hand_r_flex_M_pcb_R2.step,actual_KiCad_STEP
hand_r_flex_M_pcb_board,forearm_r,pcb,candidate_solid,1,107.38000000000046,../../revM/manny/parts/hand_r_flex_M_pcb_board.step,actual_KiCad_STEP
hand_r_flex_M_pcb_J1_dimension_envelope,forearm_r,pcb_component,candidate_solid,1,297.7920000000017,../../revM/manny/parts/hand_r_flex_M_pcb_J1_dimension_envelope.step,"JST SM06B-SRSS-TB side-entry SH6, conservative 9.4 x9.6 x3.3 mm mated plug allocation; cable bend remains a separate harness requirement"
hand_r_deviate_M_fixed_metal_eye,hand_r.flex_frame,aluminum_7075,candidate_solid,1,1832.702564785739,../../revM/manny/parts/hand_r_deviate_M_fixed_metal_eye.step,"Machined 6061-T6 eye; 2 x M3 tapped mounting holes; friction lining reacts into this eye; integral angular travel guards reacting directly into bearing eye; D14.50 x0.85 upper retaining counterbore, flat Z3.15"
hand_r_deviate_M_radial_bush,hand_r.flex_frame,pom,candidate_solid,1,138.800212992725,../../revM/manny/parts/hand_r_deviate_M_radial_bush.step,"D6 journal +0.06 mm nominal diametral clearance; not part of axial preload loop; D14.40 x0.70 flange at Z3.20..3.90, captured below thrust washer Z4.00; 0.15 total nominal axial float"
hand_r_deviate_M_friction_lining,hand_r.flex_frame,peek,candidate_solid,1,330.1832199922595,../../revM/manny/parts/hand_r_deviate_M_friction_lining.step,"1 mm replaceable lining with positive edge tabs; friction coefficient is an untested assumption; unfilled machined PEEK candidate, dry contact; actual torque and creep must be qualified"
hand_r_deviate_M_flanged_rotor_shaft,hand_r,aluminum_7075,candidate_solid,1,1762.9511733846516,../../revM/manny/parts/hand_r_deviate_M_flanged_rotor_shaft.step,"Integral D6 drive, journal and friction flange; blind M3 end thread and M2 radial retention; no threaded running surface; integral load-bearing flange stop tab; magnetic cup is not a stop"
hand_r_deviate_M_thrust_wear_washer,hand_r.flex_frame,ptfe_composite,candidate_solid,1,353.42917352885183,../../revM/manny/parts/hand_r_deviate_M_thrust_wear_washer.step,SKF PCMW102001.5 E envelope; radial bush is unloaded axially
hand_r_deviate_M_spring_seat,hand_r,spring,candidate_solid,1,141.98427997899066,../../revM/manny/parts/hand_r_deviate_M_spring_seat.step,
hand_r_deviate_M_disc_spring_0_0,hand_r,spring,candidate_solid,1,32.38471517044875,../../revM/manny/parts/hand_r_deviate_M_disc_spring_0_0.step,"SCHNORR 002050; 1 nested parallel per group, two groups opposed in series"
hand_r_deviate_M_disc_spring_1_0,hand_r,spring,candidate_solid,1,32.384715170448644,../../revM/manny/parts/hand_r_deviate_M_disc_spring_1_0.step,"SCHNORR 002050; 1 nested parallel per group, two groups opposed in series"
hand_r_deviate_M_D_stop_cap,hand_r,aluminum,candidate_solid,1,336.3927942329099,../../revM/manny/parts/hand_r_deviate_M_D_stop_cap.step,Metal shoulder fixes nominal spring height; actual preload requires selected shims and a physical torque test
hand_r_deviate_M_M3x8_button_retainer,hand_r,titanium,candidate_solid,1,95.05001952736549,../../revM/manny/parts/hand_r_deviate_M_M3x8_button_retainer.step,Accu SSB-M3-8-TI5 nominal head envelope; thread and bearing stress unqualified
hand_r_deviate_M_keyed_magnet_cup,hand_r,aluminum,candidate_solid,1,1046.4850246407411,../../revM/manny/parts/hand_r_deviate_M_keyed_magnet_cup.step,External D key transmits angle; 0.05 mm nominal fit and two radial brass retainers
hand_r_deviate_M_cup_M2x4_0,hand_r,brass,candidate_solid,1,12.566370614359156,../../revM/manny/parts/hand_r_deviate_M_cup_M2x4_0.step,Thread envelope; slotted brass M2x4
hand_r_deviate_M_cup_M2x4_1,hand_r,brass,candidate_solid,1,12.566370614359156,../../revM/manny/parts/hand_r_deviate_M_cup_M2x4_1.step,Thread envelope; slotted brass M2x4
hand_r_deviate_M_diametric_magnet_6x2p5,hand_r,magnet,candidate_solid,1,70.68583470577035,../../revM/manny/parts/hand_r_deviate_M_diametric_magnet_6x2p5.step,Diametric magnet; magnetic field and interference require bench qualification
hand_r_deviate_M_magnet_keeper,hand_r,frame,candidate_solid,1,336.09456876651006,../../revM/manny/parts/hand_r_deviate_M_magnet_keeper.step,"1.2 mm radial wall, 0.20 mm nominal radial fit allowance, 0.8 mm face; mechanical retention outside sensor air gap"
hand_r_deviate_M_keeper_M2x3_0,hand_r,brass,candidate_solid,1,9.424777960769365,../../revM/manny/parts/hand_r_deviate_M_keeper_M2x3_0.step,Slotted brass M2x3 thread envelope
hand_r_deviate_M_keeper_M2x3_1,hand_r,brass,candidate_solid,1,9.424777960769365,../../revM/manny/parts/hand_r_deviate_M_keeper_M2x3_1.step,Slotted brass M2x3 thread envelope
hand_r_deviate_M_D_output_cleat,hand_r,aluminum,candidate_solid,1,1568.0550306519426,../../revM/manny/parts/hand_r_deviate_M_D_output_cleat.step,"Two M3 attachment bores; drive on D-flat, axial retention by radial M2 into shaft"
hand_r_deviate_M_output_M2x6,hand_r,brass,candidate_solid,1,41.53185488045706,../../revM/manny/parts/hand_r_deviate_M_output_M2x6.step,Nominal M2x6 radial retainer; install before connecting distal segment
hand_r_deviate_M_board_post_0,hand_r.flex_frame,brass,candidate_solid,1,126.92072621337729,../../revM/manny/parts/hand_r_deviate_M_board_post_0.step,Custom AF3.5 male/female M2 spacer; 2.5 mm nominal engagement in metal eye
hand_r_deviate_M_PCB_edge_saddle_0,hand_r.flex_frame,frame,candidate_solid,1,73.59734577831271,../../revM/manny/parts/hand_r_deviate_M_PCB_edge_saddle_0.step,
hand_r_deviate_M_PCB_edge_cap_0,hand_r.flex_frame,nylon,candidate_solid,1,30.23893831132499,../../revM/manny/parts/hand_r_deviate_M_PCB_edge_cap_0.step,
hand_r_deviate_M_PCB_M2x6_0,hand_r.flex_frame,nylon,candidate_solid,1,38.80387485853618,../../revM/manny/parts/hand_r_deviate_M_PCB_M2x6_0.step,
hand_r_deviate_M_board_post_1,hand_r.flex_frame,brass,candidate_solid,1,126.92072621337729,../../revM/manny/parts/hand_r_deviate_M_board_post_1.step,Custom AF3.5 male/female M2 spacer; 2.5 mm nominal engagement in metal eye
hand_r_deviate_M_PCB_edge_saddle_1,hand_r.flex_frame,frame,candidate_solid,1,73.59734577831267,../../revM/manny/parts/hand_r_deviate_M_PCB_edge_saddle_1.step,
hand_r_deviate_M_PCB_edge_cap_1,hand_r.flex_frame,nylon,candidate_solid,1,30.238938311324983,../../revM/manny/parts/hand_r_deviate_M_PCB_edge_cap_1.step,
hand_r_deviate_M_PCB_M2x6_1,hand_r.flex_frame,nylon,candidate_solid,1,38.803874858536176,../../revM/manny/parts/hand_r_deviate_M_PCB_M2x6_1.step,
hand_r_deviate_M_pcb_AS5048A,hand_r.flex_frame,pcb_component,candidate_solid,1,19.559259977171187,../../revM/manny/parts/hand_r_deviate_M_pcb_AS5048A.step,actual_KiCad_STEP
hand_r_deviate_M_pcb_C1,hand_r.flex_frame,pcb_component,candidate_solid,1,0.9303638934211781,../../revM/manny/parts/hand_r_deviate_M_pcb_C1.step,actual_KiCad_STEP
hand_r_deviate_M_pcb_C2,hand_r.flex_frame,pcb_component,candidate_solid,1,3.5017500000000243,../../revM/manny/parts/hand_r_deviate_M_pcb_C2.step,"Murata GRM219R61E106KA12D 10 uF 25 V X5R, max .95 mm body + .10 mm solder seating allocation"
hand_r_deviate_M_pcb_R1,hand_r.flex_frame,pcb_component,candidate_solid,1,0.5372187601976208,../../revM/manny/parts/hand_r_deviate_M_pcb_R1.step,actual_KiCad_STEP
hand_r_deviate_M_pcb_R2,hand_r.flex_frame,pcb_component,candidate_solid,1,0.5372187601976371,../../revM/manny/parts/hand_r_deviate_M_pcb_R2.step,actual_KiCad_STEP
hand_r_deviate_M_pcb_board,hand_r.flex_frame,pcb,candidate_solid,1,107.3799999999999,../../revM/manny/parts/hand_r_deviate_M_pcb_board.step,actual_KiCad_STEP
hand_r_deviate_M_pcb_J1_dimension_envelope,hand_r.flex_frame,pcb_component,candidate_solid,1,297.7919999999995,../../revM/manny/parts/hand_r_deviate_M_pcb_J1_dimension_envelope.step,"JST SM06B-SRSS-TB side-entry SH6, conservative 9.4 x9.6 x3.3 mm mated plug allocation; cable bend remains a separate harness requirement"
hand_r_flex_M_fixed_mount_M3x8_0,forearm_r,metal,candidate_solid,1,120.24582880982067,../../revM/manny/parts/hand_r_flex_M_fixed_mount_M3x8_0.step,M3x8 from outer carrier face into metal eye; 3 mm nominal threaded engagement
hand_r_flex_M_fixed_mount_M3x8_1,forearm_r,metal,candidate_solid,1,120.2458288098207,../../revM/manny/parts/hand_r_flex_M_fixed_mount_M3x8_1.step,M3x8 from outer carrier face into metal eye; 3 mm nominal threaded engagement
hand_r_flex_M_rotor_mount_M3x12_0,hand_r.flex_frame,metal,candidate_solid,1,147.97889681476414,../../revM/manny/parts/hand_r_flex_M_rotor_mount_M3x12_0.step,M3x12 socket screw; unmodelled helical thread
hand_r_flex_M_rotor_mount_nut_M3_0,hand_r.flex_frame,metal,candidate_solid,1,51.092471863788454,../../revM/manny/parts/hand_r_flex_M_rotor_mount_nut_M3_0.step,M3 nut envelope; removable thread locking method pending
hand_r_flex_M_rotor_mount_M3x12_1,hand_r.flex_frame,metal,candidate_solid,1,147.97889681476414,../../revM/manny/parts/hand_r_flex_M_rotor_mount_M3x12_1.step,M3x12 socket screw; unmodelled helical thread
hand_r_flex_M_rotor_mount_nut_M3_1,hand_r.flex_frame,metal,candidate_solid,1,51.092471863788454,../../revM/manny/parts/hand_r_flex_M_rotor_mount_nut_M3_1.step,M3 nut envelope; removable thread locking method pending
hand_r_deviate_M_fixed_mount_M3x8_0,hand_r.flex_frame,metal,candidate_solid,1,120.24582880982118,../../revM/manny/parts/hand_r_deviate_M_fixed_mount_M3x8_0.step,M3x8 from outer carrier face into metal eye; 3 mm nominal threaded engagement
hand_r_deviate_M_fixed_mount_M3x8_1,hand_r.flex_frame,metal,candidate_solid,1,120.24582880982118,../../revM/manny/parts/hand_r_deviate_M_fixed_mount_M3x8_1.step,M3x8 from outer carrier face into metal eye; 3 mm nominal threaded engagement
hand_r_flex_M_intermediate_frame,hand_r.flex_frame,frame,candidate_solid,1,3304.172438472295,../../revM/manny/parts/hand_r_flex_M_intermediate_frame.step,"Exposed wrist frame; concentric flex/deviation axes, 5 mm round members, fastener access reviewed separately"
hand_r_deviate_M_rotor_mount_M3x12_0,hand_r,metal,candidate_solid,1,147.97889681476417,../../revM/manny/parts/hand_r_deviate_M_rotor_mount_M3x12_0.step,M3x12 socket screw; unmodelled helical thread
hand_r_deviate_M_rotor_mount_nut_M3_0,hand_r,metal,candidate_solid,1,51.092471863788504,../../revM/manny/parts/hand_r_deviate_M_rotor_mount_nut_M3_0.step,M3 nut envelope; removable thread locking method pending
hand_r_deviate_M_rotor_mount_M3x12_1,hand_r,metal,candidate_solid,1,147.97889681476417,../../revM/manny/parts/hand_r_deviate_M_rotor_mount_M3x12_1.step,M3x12 socket screw; unmodelled helical thread
hand_r_deviate_M_rotor_mount_nut_M3_1,hand_r,metal,candidate_solid,1,51.092471863788504,../../revM/manny/parts/hand_r_deviate_M_rotor_mount_nut_M3_1.step,M3 nut envelope; removable thread locking method pending
hand_r_M_palm_rail,hand_r,frame,candidate_solid,1,5966.717728411654,../../revM/manny/parts/hand_r_M_palm_rail.step,Hand rail points to the character-specific hand tip; palm shell and finger silhouette will be added around it
hand_l_M_shell_M2x16_0,hand_l,metal,candidate_solid,1,70.41465711028533,../../revM/manny/parts/hand_l_M_shell_M2x16_0.step,M2x16 recessed socket screw; two screws release the static hand grip
hand_l_M_shell_nut_M2_0,hand_l,metal,candidate_solid,1,18.95325945960566,../../revM/manny/parts/hand_l_M_shell_nut_M2_0.step,Captured M2 hex nut; 4.2 mm AF nominal printed pocket
hand_l_M_shell_M2x16_1,hand_l,metal,candidate_solid,1,70.41465711028475,../../revM/manny/parts/hand_l_M_shell_M2x16_1.step,M2x16 recessed socket screw; two screws release the static hand grip
hand_l_M_shell_nut_M2_1,hand_l,metal,candidate_solid,1,18.95325945960567,../../revM/manny/parts/hand_l_M_shell_nut_M2_1.step,Captured M2 hex nut; 4.2 mm AF nominal printed pocket
hand_l_M_shell_front,hand_l,aluminum_7075,candidate_solid,1,4098.622364982951,../../revM/manny/parts/hand_l_M_shell_front.step,"Rigid removable simplified hand silhouette, 1.8 mm nominal wall and 0.30 mm split seam; no independent fingers; tip +0.8 mm allowance; wrist-side walls start at max(49% palm length, 45.5 mm), central mounting tongue preserved"
hand_l_M_shell_back,hand_l,aluminum_7075,candidate_solid,1,4087.0872578491826,../../revM/manny/parts/hand_l_M_shell_back.step,"Rigid removable simplified hand silhouette, 1.8 mm nominal wall and 0.30 mm split seam; no independent fingers; tip +0.8 mm allowance; wrist-side walls start at max(49% palm length, 45.5 mm), central mounting tongue preserved"
hand_r_M_shell_M2x16_0,hand_r,metal,candidate_solid,1,70.4146571102851,../../revM/manny/parts/hand_r_M_shell_M2x16_0.step,M2x16 recessed socket screw; two screws release the static hand grip
hand_r_M_shell_nut_M2_0,hand_r,metal,candidate_solid,1,18.953259459605643,../../revM/manny/parts/hand_r_M_shell_nut_M2_0.step,Captured M2 hex nut; 4.2 mm AF nominal printed pocket
hand_r_M_shell_M2x16_1,hand_r,metal,candidate_solid,1,70.41465711028508,../../revM/manny/parts/hand_r_M_shell_M2x16_1.step,M2x16 recessed socket screw; two screws release the static hand grip
hand_r_M_shell_nut_M2_1,hand_r,metal,candidate_solid,1,18.953259459605675,../../revM/manny/parts/hand_r_M_shell_nut_M2_1.step,Captured M2 hex nut; 4.2 mm AF nominal printed pocket
hand_r_M_shell_front,hand_r,aluminum_7075,candidate_solid,1,4098.6334269544495,../../revM/manny/parts/hand_r_M_shell_front.step,"Rigid removable simplified hand silhouette, 1.8 mm nominal wall and 0.30 mm split seam; no independent fingers; tip +0.8 mm allowance; wrist-side walls start at max(49% palm length, 45.5 mm), central mounting tongue preserved"
hand_r_M_shell_back,hand_r,aluminum_7075,candidate_solid,1,4087.0983345198683,../../revM/manny/parts/hand_r_M_shell_back.step,"Rigid removable simplified hand silhouette, 1.8 mm nominal wall and 0.30 mm split seam; no independent fingers; tip +0.8 mm allowance; wrist-side walls start at max(49% palm length, 45.5 mm), central mounting tongue preserved"
thigh_l_flex_M_fixed_metal_eye,pelvis,aluminum_7075,candidate_solid,1,3287.3374206061894,../../revM/manny/parts/thigh_l_flex_M_fixed_metal_eye.step,"Machined 6061-T6 eye; 2 x M3 tapped mounting holes; friction lining reacts into this eye; integral angular travel guards reacting directly into bearing eye; D14.50 x0.85 upper retaining counterbore, flat Z3.15"
thigh_l_flex_M_radial_bush,pelvis,pom,candidate_solid,1,138.80021299272528,../../revM/manny/parts/thigh_l_flex_M_radial_bush.step,"D6 journal +0.06 mm nominal diametral clearance; not part of axial preload loop; D14.40 x0.70 flange at Z3.20..3.90, captured below thrust washer Z4.00; 0.15 total nominal axial float"
thigh_l_flex_M_friction_lining,pelvis,peek,candidate_solid,1,754.2792379269965,../../revM/manny/parts/thigh_l_flex_M_friction_lining.step,"1 mm replaceable lining with positive edge tabs; friction coefficient is an untested assumption; unfilled machined PEEK candidate, dry contact; actual torque and creep must be qualified"
thigh_l_flex_M_flanged_rotor_shaft,thigh_l.flex_frame,aluminum_7075,candidate_solid,1,3320.5633993471556,../../revM/manny/parts/thigh_l_flex_M_flanged_rotor_shaft.step,"Integral D6 drive, journal and friction flange; blind M3 end thread and M2 radial retention; no threaded running surface; integral load-bearing flange stop tab; magnetic cup is not a stop; D8/flat3.5 output below flange, D6 journal preserved; 7075-T6 material candidate; radial M2 pilot retained"
thigh_l_flex_M_thrust_wear_washer,pelvis,ptfe_composite,candidate_solid,1,353.4291735288517,../../revM/manny/parts/thigh_l_flex_M_thrust_wear_washer.step,SKF PCMW102001.5 E envelope; radial bush is unloaded axially
thigh_l_flex_M_spring_seat,thigh_l.flex_frame,spring,candidate_solid,1,141.98427997899066,../../revM/manny/parts/thigh_l_flex_M_spring_seat.step,
thigh_l_flex_M_disc_spring_0_0,thigh_l.flex_frame,spring,candidate_solid,1,49.74397807694078,../../revM/manny/parts/thigh_l_flex_M_disc_spring_0_0.step,"SCHNORR 002200; 2 nested parallel per group, two groups opposed in series"
thigh_l_flex_M_disc_spring_0_1,thigh_l.flex_frame,spring,candidate_solid,1,49.74397807694078,../../revM/manny/parts/thigh_l_flex_M_disc_spring_0_1.step,"SCHNORR 002200; 2 nested parallel per group, two groups opposed in series"
thigh_l_flex_M_disc_spring_1_0,thigh_l.flex_frame,spring,candidate_solid,1,49.74397807694077,../../revM/manny/parts/thigh_l_flex_M_disc_spring_1_0.step,"SCHNORR 002200; 2 nested parallel per group, two groups opposed in series"
thigh_l_flex_M_disc_spring_1_1,thigh_l.flex_frame,spring,candidate_solid,1,49.74397807694078,../../revM/manny/parts/thigh_l_flex_M_disc_spring_1_1.step,"SCHNORR 002200; 2 nested parallel per group, two groups opposed in series"
thigh_l_flex_M_D_stop_cap,thigh_l.flex_frame,aluminum,candidate_solid,1,336.39279423290066,../../revM/manny/parts/thigh_l_flex_M_D_stop_cap.step,Metal shoulder fixes nominal spring height; actual preload requires selected shims and a physical torque test
thigh_l_flex_M_M3x8_button_retainer,thigh_l.flex_frame,titanium,candidate_solid,1,95.05001952736548,../../revM/manny/parts/thigh_l_flex_M_M3x8_button_retainer.step,Accu SSB-M3-8-TI5 nominal head envelope; thread and bearing stress unqualified
thigh_l_flex_M_keyed_magnet_cup,thigh_l.flex_frame,aluminum,candidate_solid,1,1046.4850246407304,../../revM/manny/parts/thigh_l_flex_M_keyed_magnet_cup.step,External D key transmits angle; 0.05 mm nominal fit and two radial brass retainers
thigh_l_flex_M_cup_M2x4_0,thigh_l.flex_frame,brass,candidate_solid,1,12.566370614359158,../../revM/manny/parts/thigh_l_flex_M_cup_M2x4_0.step,Thread envelope; slotted brass M2x4
thigh_l_flex_M_cup_M2x4_1,thigh_l.flex_frame,brass,candidate_solid,1,12.566370614359158,../../revM/manny/parts/thigh_l_flex_M_cup_M2x4_1.step,Thread envelope; slotted brass M2x4
thigh_l_flex_M_diametric_magnet_6x2p5,thigh_l.flex_frame,magnet,candidate_solid,1,70.68583470577033,../../revM/manny/parts/thigh_l_flex_M_diametric_magnet_6x2p5.step,Diametric magnet; magnetic field and interference require bench qualification
thigh_l_flex_M_magnet_keeper,thigh_l.flex_frame,frame,candidate_solid,1,336.0945687869486,../../revM/manny/parts/thigh_l_flex_M_magnet_keeper.step,"1.2 mm radial wall, 0.20 mm nominal radial fit allowance, 0.8 mm face; mechanical retention outside sensor air gap"
thigh_l_flex_M_keeper_M2x3_0,thigh_l.flex_frame,brass,candidate_solid,1,9.424777960769363,../../revM/manny/parts/thigh_l_flex_M_keeper_M2x3_0.step,Slotted brass M2x3 thread envelope
thigh_l_flex_M_keeper_M2x3_1,thigh_l.flex_frame,brass,candidate_solid,1,9.424777960769363,../../revM/manny/parts/thigh_l_flex_M_keeper_M2x3_1.step,Slotted brass M2x3 thread envelope
thigh_l_flex_M_D_output_cleat,thigh_l.flex_frame,aluminum_7075,candidate_solid,1,1808.8425503466406,../../revM/manny/parts/thigh_l_flex_M_D_output_cleat.step,"Two M3 attachment bores; drive on D-flat, axial retention by radial M2 into shaft; enlarged D8 output bore matches strengthened high-load shaft"
thigh_l_flex_M_output_M2x6,thigh_l.flex_frame,brass,candidate_solid,1,41.53185488045708,../../revM/manny/parts/thigh_l_flex_M_output_M2x6.step,Nominal M2x6 radial retainer; install before connecting distal segment
thigh_l_flex_M_board_post_0,pelvis,brass,candidate_solid,1,144.42526468736992,../../revM/manny/parts/thigh_l_flex_M_board_post_0.step,Custom AF3.5 male/female M2 spacer; 2.5 mm nominal engagement in metal eye
thigh_l_flex_M_PCB_edge_saddle_0,pelvis,frame,candidate_solid,1,113.59734577831266,../../revM/manny/parts/thigh_l_flex_M_PCB_edge_saddle_0.step,
thigh_l_flex_M_PCB_edge_cap_0,pelvis,nylon,candidate_solid,1,46.2389383113249,../../revM/manny/parts/thigh_l_flex_M_PCB_edge_cap_0.step,
thigh_l_flex_M_PCB_M2x6_0,pelvis,nylon,candidate_solid,1,38.80387485853611,../../revM/manny/parts/thigh_l_flex_M_PCB_M2x6_0.step,
thigh_l_flex_M_board_post_1,pelvis,brass,candidate_solid,1,144.42526468736992,../../revM/manny/parts/thigh_l_flex_M_board_post_1.step,Custom AF3.5 male/female M2 spacer; 2.5 mm nominal engagement in metal eye
thigh_l_flex_M_PCB_edge_saddle_1,pelvis,frame,candidate_solid,1,113.59734577831266,../../revM/manny/parts/thigh_l_flex_M_PCB_edge_saddle_1.step,
thigh_l_flex_M_PCB_edge_cap_1,pelvis,nylon,candidate_solid,1,46.238938311324894,../../revM/manny/parts/thigh_l_flex_M_PCB_edge_cap_1.step,
thigh_l_flex_M_PCB_M2x6_1,pelvis,nylon,candidate_solid,1,38.803874858536105,../../revM/manny/parts/thigh_l_flex_M_PCB_M2x6_1.step,
thigh_l_flex_M_pcb_AS5048A,pelvis,pcb_component,candidate_solid,1,19.5592599771711,../../revM/manny/parts/thigh_l_flex_M_pcb_AS5048A.step,actual_KiCad_STEP
thigh_l_flex_M_pcb_C1,pelvis,pcb_component,candidate_solid,1,0.9303638934211738,../../revM/manny/parts/thigh_l_flex_M_pcb_C1.step,actual_KiCad_STEP
thigh_l_flex_M_pcb_C2,pelvis,pcb_component,candidate_solid,1,3.501750000000011,../../revM/manny/parts/thigh_l_flex_M_pcb_C2.step,"Murata GRM219R61E106KA12D 10 uF 25 V X5R, max .95 mm body + .10 mm solder seating allocation"
thigh_l_flex_M_pcb_R1,pelvis,pcb_component,candidate_solid,1,0.537218760197623,../../revM/manny/parts/thigh_l_flex_M_pcb_R1.step,actual_KiCad_STEP
thigh_l_flex_M_pcb_R2,pelvis,pcb_component,candidate_solid,1,0.5372187601976356,../../revM/manny/parts/thigh_l_flex_M_pcb_R2.step,actual_KiCad_STEP
thigh_l_flex_M_pcb_board,pelvis,pcb,candidate_solid,1,107.37999999999988,../../revM/manny/parts/thigh_l_flex_M_pcb_board.step,actual_KiCad_STEP
thigh_l_flex_M_pcb_J1_dimension_envelope,pelvis,pcb_component,candidate_solid,1,297.7919999999994,../../revM/manny/parts/thigh_l_flex_M_pcb_J1_dimension_envelope.step,"JST SM06B-SRSS-TB side-entry SH6, conservative 9.4 x9.6 x3.3 mm mated plug allocation; cable bend remains a separate harness requirement"
thigh_l_abduct_M_fixed_metal_eye,thigh_l.flex_frame,aluminum_7075,candidate_solid,1,3253.4068268592277,../../revM/manny/parts/thigh_l_abduct_M_fixed_metal_eye.step,"Machined 6061-T6 eye; 2 x M3 tapped mounting holes; friction lining reacts into this eye; integral angular travel guards reacting directly into bearing eye; D14.50 x0.85 upper retaining counterbore, flat Z3.15"
thigh_l_abduct_M_radial_bush,thigh_l.flex_frame,pom,candidate_solid,1,138.80021299272505,../../revM/manny/parts/thigh_l_abduct_M_radial_bush.step,"D6 journal +0.06 mm nominal diametral clearance; not part of axial preload loop; D14.40 x0.70 flange at Z3.20..3.90, captured below thrust washer Z4.00; 0.15 total nominal axial float"
thigh_l_abduct_M_friction_lining,thigh_l.flex_frame,peek,candidate_solid,1,754.2792379269969,../../revM/manny/parts/thigh_l_abduct_M_friction_lining.step,"1 mm replaceable lining with positive edge tabs; friction coefficient is an untested assumption; unfilled machined PEEK candidate, dry contact; actual torque and creep must be qualified"
thigh_l_abduct_M_flanged_rotor_shaft,thigh_l.abduct_frame,aluminum_7075,candidate_solid,1,3320.563399347162,../../revM/manny/parts/thigh_l_abduct_M_flanged_rotor_shaft.step,"Integral D6 drive, journal and friction flange; blind M3 end thread and M2 radial retention; no threaded running surface; integral load-bearing flange stop tab; magnetic cup is not a stop; D8/flat3.5 output below flange, D6 journal preserved; 7075-T6 material candidate; radial M2 pilot retained"
thigh_l_abduct_M_thrust_wear_washer,thigh_l.flex_frame,ptfe_composite,candidate_solid,1,353.4291735288517,../../revM/manny/parts/thigh_l_abduct_M_thrust_wear_washer.step,SKF PCMW102001.5 E envelope; radial bush is unloaded axially
thigh_l_abduct_M_spring_seat,thigh_l.abduct_frame,spring,candidate_solid,1,141.98427997899066,../../revM/manny/parts/thigh_l_abduct_M_spring_seat.step,
thigh_l_abduct_M_disc_spring_0_0,thigh_l.abduct_frame,spring,candidate_solid,1,49.74397807694073,../../revM/manny/parts/thigh_l_abduct_M_disc_spring_0_0.step,"SCHNORR 002200; 2 nested parallel per group, two groups opposed in series"
thigh_l_abduct_M_disc_spring_0_1,thigh_l.abduct_frame,spring,candidate_solid,1,49.74397807694073,../../revM/manny/parts/thigh_l_abduct_M_disc_spring_0_1.step,"SCHNORR 002200; 2 nested parallel per group, two groups opposed in series"
thigh_l_abduct_M_disc_spring_1_0,thigh_l.abduct_frame,spring,candidate_solid,1,49.74397807694071,../../revM/manny/parts/thigh_l_abduct_M_disc_spring_1_0.step,"SCHNORR 002200; 2 nested parallel per group, two groups opposed in series"
thigh_l_abduct_M_disc_spring_1_1,thigh_l.abduct_frame,spring,candidate_solid,1,49.74397807694078,../../revM/manny/parts/thigh_l_abduct_M_disc_spring_1_1.step,"SCHNORR 002200; 2 nested parallel per group, two groups opposed in series"
thigh_l_abduct_M_D_stop_cap,thigh_l.abduct_frame,aluminum,candidate_solid,1,336.39279423290077,../../revM/manny/parts/thigh_l_abduct_M_D_stop_cap.step,Metal shoulder fixes nominal spring height; actual preload requires selected shims and a physical torque test
thigh_l_abduct_M_M3x8_button_retainer,thigh_l.abduct_frame,titanium,candidate_solid,1,95.0500195273655,../../revM/manny/parts/thigh_l_abduct_M_M3x8_button_retainer.step,Accu SSB-M3-8-TI5 nominal head envelope; thread and bearing stress unqualified
thigh_l_abduct_M_keyed_magnet_cup,thigh_l.abduct_frame,aluminum,candidate_solid,1,1046.4850246407307,../../revM/manny/parts/thigh_l_abduct_M_keyed_magnet_cup.step,External D key transmits angle; 0.05 mm nominal fit and two radial brass retainers
thigh_l_abduct_M_cup_M2x4_0,thigh_l.abduct_frame,brass,candidate_solid,1,12.566370614359162,../../revM/manny/parts/thigh_l_abduct_M_cup_M2x4_0.step,Thread envelope; slotted brass M2x4
thigh_l_abduct_M_cup_M2x4_1,thigh_l.abduct_frame,brass,candidate_solid,1,12.566370614359162,../../revM/manny/parts/thigh_l_abduct_M_cup_M2x4_1.step,Thread envelope; slotted brass M2x4
thigh_l_abduct_M_diametric_magnet_6x2p5,thigh_l.abduct_frame,magnet,candidate_solid,1,70.68583470577032,../../revM/manny/parts/thigh_l_abduct_M_diametric_magnet_6x2p5.step,Diametric magnet; magnetic field and interference require bench qualification
thigh_l_abduct_M_magnet_keeper,thigh_l.abduct_frame,frame,candidate_solid,1,336.09456878694886,../../revM/manny/parts/thigh_l_abduct_M_magnet_keeper.step,"1.2 mm radial wall, 0.20 mm nominal radial fit allowance, 0.8 mm face; mechanical retention outside sensor air gap"
thigh_l_abduct_M_keeper_M2x3_0,thigh_l.abduct_frame,brass,candidate_solid,1,9.424777960769363,../../revM/manny/parts/thigh_l_abduct_M_keeper_M2x3_0.step,Slotted brass M2x3 thread envelope
thigh_l_abduct_M_keeper_M2x3_1,thigh_l.abduct_frame,brass,candidate_solid,1,9.424777960769363,../../revM/manny/parts/thigh_l_abduct_M_keeper_M2x3_1.step,Slotted brass M2x3 thread envelope
thigh_l_abduct_M_D_output_cleat,thigh_l.abduct_frame,aluminum_7075,candidate_solid,1,1808.8425503466376,../../revM/manny/parts/thigh_l_abduct_M_D_output_cleat.step,"Two M3 attachment bores; drive on D-flat, axial retention by radial M2 into shaft; enlarged D8 output bore matches strengthened high-load shaft"
thigh_l_abduct_M_output_M2x6,thigh_l.abduct_frame,brass,candidate_solid,1,41.53185488045709,../../revM/manny/parts/thigh_l_abduct_M_output_M2x6.step,Nominal M2x6 radial retainer; install before connecting distal segment
thigh_l_abduct_M_board_post_0,thigh_l.flex_frame,brass,candidate_solid,1,144.42526468737003,../../revM/manny/parts/thigh_l_abduct_M_board_post_0.step,Custom AF3.5 male/female M2 spacer; 2.5 mm nominal engagement in metal eye
thigh_l_abduct_M_PCB_edge_saddle_0,thigh_l.flex_frame,frame,candidate_solid,1,113.59734577831266,../../revM/manny/parts/thigh_l_abduct_M_PCB_edge_saddle_0.step,
thigh_l_abduct_M_PCB_edge_cap_0,thigh_l.flex_frame,nylon,candidate_solid,1,46.23893831132491,../../revM/manny/parts/thigh_l_abduct_M_PCB_edge_cap_0.step,
thigh_l_abduct_M_PCB_M2x6_0,thigh_l.flex_frame,nylon,candidate_solid,1,38.80387485853612,../../revM/manny/parts/thigh_l_abduct_M_PCB_M2x6_0.step,
thigh_l_abduct_M_board_post_1,thigh_l.flex_frame,brass,candidate_solid,1,144.4252646873703,../../revM/manny/parts/thigh_l_abduct_M_board_post_1.step,Custom AF3.5 male/female M2 spacer; 2.5 mm nominal engagement in metal eye
thigh_l_abduct_M_PCB_edge_saddle_1,thigh_l.flex_frame,frame,candidate_solid,1,113.59734577831267,../../revM/manny/parts/thigh_l_abduct_M_PCB_edge_saddle_1.step,
thigh_l_abduct_M_PCB_edge_cap_1,thigh_l.flex_frame,nylon,candidate_solid,1,46.23893831132491,../../revM/manny/parts/thigh_l_abduct_M_PCB_edge_cap_1.step,
thigh_l_abduct_M_PCB_M2x6_1,thigh_l.flex_frame,nylon,candidate_solid,1,38.80387485853619,../../revM/manny/parts/thigh_l_abduct_M_PCB_M2x6_1.step,
thigh_l_abduct_M_pcb_AS5048A,thigh_l.flex_frame,pcb_component,candidate_solid,1,19.55925997717118,../../revM/manny/parts/thigh_l_abduct_M_pcb_AS5048A.step,actual_KiCad_STEP
thigh_l_abduct_M_pcb_C1,thigh_l.flex_frame,pcb_component,candidate_solid,1,0.9303638934211742,../../revM/manny/parts/thigh_l_abduct_M_pcb_C1.step,actual_KiCad_STEP
thigh_l_abduct_M_pcb_C2,thigh_l.flex_frame,pcb_component,candidate_solid,1,3.501750000000031,../../revM/manny/parts/thigh_l_abduct_M_pcb_C2.step,"Murata GRM219R61E106KA12D 10 uF 25 V X5R, max .95 mm body + .10 mm solder seating allocation"
thigh_l_abduct_M_pcb_R1,thigh_l.flex_frame,pcb_component,candidate_solid,1,0.5372187601976228,../../revM/manny/parts/thigh_l_abduct_M_pcb_R1.step,actual_KiCad_STEP
thigh_l_abduct_M_pcb_R2,thigh_l.flex_frame,pcb_component,candidate_solid,1,0.537218760197636,../../revM/manny/parts/thigh_l_abduct_M_pcb_R2.step,actual_KiCad_STEP
thigh_l_abduct_M_pcb_board,thigh_l.flex_frame,pcb,candidate_solid,1,107.37999999999988,../../revM/manny/parts/thigh_l_abduct_M_pcb_board.step,actual_KiCad_STEP
thigh_l_abduct_M_pcb_J1_dimension_envelope,thigh_l.flex_frame,pcb_component,candidate_solid,1,297.7919999999995,../../revM/manny/parts/thigh_l_abduct_M_pcb_J1_dimension_envelope.step,"JST SM06B-SRSS-TB side-entry SH6, conservative 9.4 x9.6 x3.3 mm mated plug allocation; cable bend remains a separate harness requirement"
thigh_l_flex_M_rotor_mount_M3x12_0,thigh_l.flex_frame,metal,candidate_solid,1,147.97889681476417,../../revM/manny/parts/thigh_l_flex_M_rotor_mount_M3x12_0.step,M3x12 socket screw; unmodelled helical thread
thigh_l_flex_M_rotor_mount_nut_M3_0,thigh_l.flex_frame,metal,candidate_solid,1,51.092471863788504,../../revM/manny/parts/thigh_l_flex_M_rotor_mount_nut_M3_0.step,M3 nut envelope; removable thread locking method pending
thigh_l_flex_M_rotor_mount_M3x12_1,thigh_l.flex_frame,metal,candidate_solid,1,147.97889681476417,../../revM/manny/parts/thigh_l_flex_M_rotor_mount_M3x12_1.step,M3x12 socket screw; unmodelled helical thread
thigh_l_flex_M_rotor_mount_nut_M3_1,thigh_l.flex_frame,metal,candidate_solid,1,51.092471863788504,../../revM/manny/parts/thigh_l_flex_M_rotor_mount_nut_M3_1.step,M3 nut envelope; removable thread locking method pending
thigh_l_abduct_M_fixed_mount_M3x8_0,thigh_l.flex_frame,metal,candidate_solid,1,120.24582880982123,../../revM/manny/parts/thigh_l_abduct_M_fixed_mount_M3x8_0.step,M3x8 from outer carrier face into metal eye; 3 mm nominal threaded engagement
thigh_l_abduct_M_fixed_mount_M3x8_1,thigh_l.flex_frame,metal,candidate_solid,1,120.24582880982123,../../revM/manny/parts/thigh_l_abduct_M_fixed_mount_M3x8_1.step,M3x8 from outer carrier face into metal eye; 3 mm nominal threaded engagement
thigh_l_flex_M_intermediate_frame,thigh_l.flex_frame,aluminum_7075,candidate_solid,1,3790.1247627479875,../../revM/manny/parts/thigh_l_flex_M_intermediate_frame.step,Bolted frame between concentric orthogonal axes; no offset of anatomical pivot
thigh_l_twist_M_fixed_metal_eye,thigh_l.abduct_frame,aluminum_7075,candidate_solid,1,3287.3374206061712,../../revM/manny/parts/thigh_l_twist_M_fixed_metal_eye.step,"Machined 6061-T6 eye; 2 x M3 tapped mounting holes; friction lining reacts into this eye; integral angular travel guards reacting directly into bearing eye; D14.50 x0.85 upper retaining counterbore, flat Z3.15"
thigh_l_twist_M_radial_bush,thigh_l.abduct_frame,pom,candidate_solid,1,138.80021299272377,../../revM/manny/parts/thigh_l_twist_M_radial_bush.step,"D6 journal +0.06 mm nominal diametral clearance; not part of axial preload loop; D14.40 x0.70 flange at Z3.20..3.90, captured below thrust washer Z4.00; 0.15 total nominal axial float"
thigh_l_twist_M_friction_lining,thigh_l.abduct_frame,peek,candidate_solid,1,754.2792379269971,../../revM/manny/parts/thigh_l_twist_M_friction_lining.step,"1 mm replaceable lining with positive edge tabs; friction coefficient is an untested assumption; unfilled machined PEEK candidate, dry contact; actual torque and creep must be qualified"
thigh_l_twist_M_flanged_rotor_shaft,thigh_l,aluminum_7075,candidate_solid,1,3320.563399347166,../../revM/manny/parts/thigh_l_twist_M_flanged_rotor_shaft.step,"Integral D6 drive, journal and friction flange; blind M3 end thread and M2 radial retention; no threaded running surface; integral load-bearing flange stop tab; magnetic cup is not a stop; D8/flat3.5 output below flange, D6 journal preserved; 7075-T6 material candidate; radial M2 pilot retained"
thigh_l_twist_M_thrust_wear_washer,thigh_l.abduct_frame,ptfe_composite,candidate_solid,1,353.42917352885195,../../revM/manny/parts/thigh_l_twist_M_thrust_wear_washer.step,SKF PCMW102001.5 E envelope; radial bush is unloaded axially
thigh_l_twist_M_spring_seat,thigh_l,spring,candidate_solid,1,141.98427997899083,../../revM/manny/parts/thigh_l_twist_M_spring_seat.step,
thigh_l_twist_M_disc_spring_0_0,thigh_l,spring,candidate_solid,1,49.74397807694062,../../revM/manny/parts/thigh_l_twist_M_disc_spring_0_0.step,"SCHNORR 002200; 2 nested parallel per group, two groups opposed in series"
thigh_l_twist_M_disc_spring_0_1,thigh_l,spring,candidate_solid,1,49.74397807694062,../../revM/manny/parts/thigh_l_twist_M_disc_spring_0_1.step,"SCHNORR 002200; 2 nested parallel per group, two groups opposed in series"
thigh_l_twist_M_disc_spring_1_0,thigh_l,spring,candidate_solid,1,49.74397807694062,../../revM/manny/parts/thigh_l_twist_M_disc_spring_1_0.step,"SCHNORR 002200; 2 nested parallel per group, two groups opposed in series"
thigh_l_twist_M_disc_spring_1_1,thigh_l,spring,candidate_solid,1,49.74397807694062,../../revM/manny/parts/thigh_l_twist_M_disc_spring_1_1.step,"SCHNORR 002200; 2 nested parallel per group, two groups opposed in series"
thigh_l_twist_M_D_stop_cap,thigh_l,aluminum,candidate_solid,1,336.39279423290054,../../revM/manny/parts/thigh_l_twist_M_D_stop_cap.step,Metal shoulder fixes nominal spring height; actual preload requires selected shims and a physical torque test
thigh_l_twist_M_M3x8_button_retainer,thigh_l,titanium,candidate_solid,1,95.05001952736498,../../revM/manny/parts/thigh_l_twist_M_M3x8_button_retainer.step,Accu SSB-M3-8-TI5 nominal head envelope; thread and bearing stress unqualified
thigh_l_twist_M_keyed_magnet_cup,thigh_l,aluminum,candidate_solid,1,1046.4850246407336,../../revM/manny/parts/thigh_l_twist_M_keyed_magnet_cup.step,External D key transmits angle; 0.05 mm nominal fit and two radial brass retainers
thigh_l_twist_M_cup_M2x4_0,thigh_l,brass,candidate_solid,1,12.566370614359151,../../revM/manny/parts/thigh_l_twist_M_cup_M2x4_0.step,Thread envelope; slotted brass M2x4
thigh_l_twist_M_cup_M2x4_1,thigh_l,brass,candidate_solid,1,12.566370614359151,../../revM/manny/parts/thigh_l_twist_M_cup_M2x4_1.step,Thread envelope; slotted brass M2x4
thigh_l_twist_M_diametric_magnet_6x2p5,thigh_l,magnet,candidate_solid,1,70.68583470577039,../../revM/manny/parts/thigh_l_twist_M_diametric_magnet_6x2p5.step,Diametric magnet; magnetic field and interference require bench qualification
thigh_l_twist_M_magnet_keeper,thigh_l,frame,candidate_solid,1,336.0945687869437,../../revM/manny/parts/thigh_l_twist_M_magnet_keeper.step,"1.2 mm radial wall, 0.20 mm nominal radial fit allowance, 0.8 mm face; mechanical retention outside sensor air gap"
thigh_l_twist_M_keeper_M2x3_0,thigh_l,brass,candidate_solid,1,9.424777960769365,../../revM/manny/parts/thigh_l_twist_M_keeper_M2x3_0.step,Slotted brass M2x3 thread envelope
thigh_l_twist_M_keeper_M2x3_1,thigh_l,brass,candidate_solid,1,9.424777960769365,../../revM/manny/parts/thigh_l_twist_M_keeper_M2x3_1.step,Slotted brass M2x3 thread envelope
thigh_l_twist_M_D_output_cleat,thigh_l,aluminum_7075,candidate_solid,1,1808.8425503466572,../../revM/manny/parts/thigh_l_twist_M_D_output_cleat.step,"Two M3 attachment bores; drive on D-flat, axial retention by radial M2 into shaft; enlarged D8 output bore matches strengthened high-load shaft"
thigh_l_twist_M_output_M2x6,thigh_l,brass,candidate_solid,1,41.531854880456805,../../revM/manny/parts/thigh_l_twist_M_output_M2x6.step,Nominal M2x6 radial retainer; install before connecting distal segment
thigh_l_twist_M_board_post_0,thigh_l.abduct_frame,brass,candidate_solid,1,144.42526468737003,../../revM/manny/parts/thigh_l_twist_M_board_post_0.step,Custom AF3.5 male/female M2 spacer; 2.5 mm nominal engagement in metal eye
thigh_l_twist_M_PCB_edge_saddle_0,thigh_l.abduct_frame,frame,candidate_solid,1,113.59734577831266,../../revM/manny/parts/thigh_l_twist_M_PCB_edge_saddle_0.step,
thigh_l_twist_M_PCB_edge_cap_0,thigh_l.abduct_frame,nylon,candidate_solid,1,46.238938311322336,../../revM/manny/parts/thigh_l_twist_M_PCB_edge_cap_0.step,
thigh_l_twist_M_PCB_M2x6_0,thigh_l.abduct_frame,nylon,candidate_solid,1,38.80387485853611,../../revM/manny/parts/thigh_l_twist_M_PCB_M2x6_0.step,
thigh_l_twist_M_board_post_1,thigh_l.abduct_frame,brass,candidate_solid,1,144.42526468737006,../../revM/manny/parts/thigh_l_twist_M_board_post_1.step,Custom AF3.5 male/female M2 spacer; 2.5 mm nominal engagement in metal eye
thigh_l_twist_M_PCB_edge_saddle_1,thigh_l.abduct_frame,frame,candidate_solid,1,113.59734577831263,../../revM/manny/parts/thigh_l_twist_M_PCB_edge_saddle_1.step,
thigh_l_twist_M_PCB_edge_cap_1,thigh_l.abduct_frame,nylon,candidate_solid,1,46.23893831132232,../../revM/manny/parts/thigh_l_twist_M_PCB_edge_cap_1.step,
thigh_l_twist_M_PCB_M2x6_1,thigh_l.abduct_frame,nylon,candidate_solid,1,38.80387485853611,../../revM/manny/parts/thigh_l_twist_M_PCB_M2x6_1.step,
thigh_l_twist_M_pcb_AS5048A,thigh_l.abduct_frame,pcb_component,candidate_solid,1,19.55925997717091,../../revM/manny/parts/thigh_l_twist_M_pcb_AS5048A.step,actual_KiCad_STEP
thigh_l_twist_M_pcb_C1,thigh_l.abduct_frame,pcb_component,candidate_solid,1,0.9303638934211572,../../revM/manny/parts/thigh_l_twist_M_pcb_C1.step,actual_KiCad_STEP
thigh_l_twist_M_pcb_C2,thigh_l.abduct_frame,pcb_component,candidate_solid,1,3.5017500000000403,../../revM/manny/parts/thigh_l_twist_M_pcb_C2.step,"Murata GRM219R61E106KA12D 10 uF 25 V X5R, max .95 mm body + .10 mm solder seating allocation"
thigh_l_twist_M_pcb_R1,thigh_l.abduct_frame,pcb_component,candidate_solid,1,0.5372187601976763,../../revM/manny/parts/thigh_l_twist_M_pcb_R1.step,actual_KiCad_STEP
thigh_l_twist_M_pcb_R2,thigh_l.abduct_frame,pcb_component,candidate_solid,1,0.5372187601976764,../../revM/manny/parts/thigh_l_twist_M_pcb_R2.step,actual_KiCad_STEP
thigh_l_twist_M_pcb_board,thigh_l.abduct_frame,pcb,candidate_solid,1,107.38000000000099,../../revM/manny/parts/thigh_l_twist_M_pcb_board.step,actual_KiCad_STEP
thigh_l_twist_M_pcb_J1_dimension_envelope,thigh_l.abduct_frame,pcb_component,candidate_solid,1,297.79199999999594,../../revM/manny/parts/thigh_l_twist_M_pcb_J1_dimension_envelope.step,"JST SM06B-SRSS-TB side-entry SH6, conservative 9.4 x9.6 x3.3 mm mated plug allocation; cable bend remains a separate harness requirement"
thigh_l_abduct_M_rotor_mount_M3x12_0,thigh_l.abduct_frame,metal,candidate_solid,1,147.97889681476417,../../revM/manny/parts/thigh_l_abduct_M_rotor_mount_M3x12_0.step,M3x12 socket screw; unmodelled helical thread
thigh_l_abduct_M_rotor_mount_nut_M3_0,thigh_l.abduct_frame,metal,candidate_solid,1,51.092471863788525,../../revM/manny/parts/thigh_l_abduct_M_rotor_mount_nut_M3_0.step,M3 nut envelope; removable thread locking method pending
thigh_l_abduct_M_rotor_mount_M3x12_1,thigh_l.abduct_frame,metal,candidate_solid,1,147.97889681476417,../../revM/manny/parts/thigh_l_abduct_M_rotor_mount_M3x12_1.step,M3x12 socket screw; unmodelled helical thread
thigh_l_abduct_M_rotor_mount_nut_M3_1,thigh_l.abduct_frame,metal,candidate_solid,1,51.092471863788525,../../revM/manny/parts/thigh_l_abduct_M_rotor_mount_nut_M3_1.step,M3 nut envelope; removable thread locking method pending
thigh_l_twist_M_fixed_mount_M3x8_0,thigh_l.abduct_frame,metal,candidate_solid,1,120.245828809821,../../revM/manny/parts/thigh_l_twist_M_fixed_mount_M3x8_0.step,M3x8 from outer carrier face into metal eye; 3 mm nominal threaded engagement
thigh_l_twist_M_fixed_mount_M3x8_1,thigh_l.abduct_frame,metal,candidate_solid,1,120.245828809821,../../revM/manny/parts/thigh_l_twist_M_fixed_mount_M3x8_1.step,M3x8 from outer carrier face into metal eye; 3 mm nominal threaded engagement
thigh_l_twist_M_axial_carrier,thigh_l.abduct_frame,aluminum_7075,candidate_solid,1,3319.6136396622364,../../revM/manny/parts/thigh_l_twist_M_axial_carrier.step,Twist cartridge translated along the original axial line; bolt-on carrier beneath the orthogonal pair
calf_l_flex_M_fixed_metal_eye,thigh_l,aluminum_7075,candidate_solid,1,3287.3374206062026,../../revM/manny/parts/calf_l_flex_M_fixed_metal_eye.step,"Machined 6061-T6 eye; 2 x M3 tapped mounting holes; friction lining reacts into this eye; integral angular travel guards reacting directly into bearing eye; D14.50 x0.85 upper retaining counterbore, flat Z3.15"
calf_l_flex_M_radial_bush,thigh_l,pom,candidate_solid,1,138.80021299272494,../../revM/manny/parts/calf_l_flex_M_radial_bush.step,"D6 journal +0.06 mm nominal diametral clearance; not part of axial preload loop; D14.40 x0.70 flange at Z3.20..3.90, captured below thrust washer Z4.00; 0.15 total nominal axial float"
calf_l_flex_M_friction_lining,thigh_l,peek,candidate_solid,1,754.2792379269966,../../revM/manny/parts/calf_l_flex_M_friction_lining.step,"1 mm replaceable lining with positive edge tabs; friction coefficient is an untested assumption; unfilled machined PEEK candidate, dry contact; actual torque and creep must be qualified"
calf_l_flex_M_flanged_rotor_shaft,calf_l,aluminum_7075,candidate_solid,1,3286.6341986883886,../../revM/manny/parts/calf_l_flex_M_flanged_rotor_shaft.step,"Integral D6 drive, journal and friction flange; blind M3 end thread and M2 radial retention; no threaded running surface; integral load-bearing flange stop tab; magnetic cup is not a stop; D8/flat3.5 output below flange, D6 journal preserved; 7075-T6 material candidate; radial M2 pilot retained"
calf_l_flex_M_thrust_wear_washer,thigh_l,ptfe_composite,candidate_solid,1,353.4291735288517,../../revM/manny/parts/calf_l_flex_M_thrust_wear_washer.step,SKF PCMW102001.5 E envelope; radial bush is unloaded axially
calf_l_flex_M_spring_seat,calf_l,spring,candidate_solid,1,141.98427997899083,../../revM/manny/parts/calf_l_flex_M_spring_seat.step,
calf_l_flex_M_disc_spring_0_0,calf_l,spring,candidate_solid,1,49.74397807694079,../../revM/manny/parts/calf_l_flex_M_disc_spring_0_0.step,"SCHNORR 002200; 1 nested parallel per group, two groups opposed in series"
calf_l_flex_M_disc_spring_1_0,calf_l,spring,candidate_solid,1,49.743978076940586,../../revM/manny/parts/calf_l_flex_M_disc_spring_1_0.step,"SCHNORR 002200; 1 nested parallel per group, two groups opposed in series"
calf_l_flex_M_D_stop_cap,calf_l,aluminum,candidate_solid,1,336.39279423290077,../../revM/manny/parts/calf_l_flex_M_D_stop_cap.step,Metal shoulder fixes nominal spring height; actual preload requires selected shims and a physical torque test
calf_l_flex_M_M3x8_button_retainer,calf_l,titanium,candidate_solid,1,95.0500195273651,../../revM/manny/parts/calf_l_flex_M_M3x8_button_retainer.step,Accu SSB-M3-8-TI5 nominal head envelope; thread and bearing stress unqualified
calf_l_flex_M_keyed_magnet_cup,calf_l,aluminum,candidate_solid,1,1046.4850246407314,../../revM/manny/parts/calf_l_flex_M_keyed_magnet_cup.step,External D key transmits angle; 0.05 mm nominal fit and two radial brass retainers
calf_l_flex_M_cup_M2x4_0,calf_l,brass,candidate_solid,1,12.566370614359188,../../revM/manny/parts/calf_l_flex_M_cup_M2x4_0.step,Thread envelope; slotted brass M2x4
calf_l_flex_M_cup_M2x4_1,calf_l,brass,candidate_solid,1,12.56637061435919,../../revM/manny/parts/calf_l_flex_M_cup_M2x4_1.step,Thread envelope; slotted brass M2x4
calf_l_flex_M_diametric_magnet_6x2p5,calf_l,magnet,candidate_solid,1,70.68583470577038,../../revM/manny/parts/calf_l_flex_M_diametric_magnet_6x2p5.step,Diametric magnet; magnetic field and interference require bench qualification
calf_l_flex_M_magnet_keeper,calf_l,frame,candidate_solid,1,336.09456875213874,../../revM/manny/parts/calf_l_flex_M_magnet_keeper.step,"1.2 mm radial wall, 0.20 mm nominal radial fit allowance, 0.8 mm face; mechanical retention outside sensor air gap"
calf_l_flex_M_keeper_M2x3_0,calf_l,brass,candidate_solid,1,9.424777960769394,../../revM/manny/parts/calf_l_flex_M_keeper_M2x3_0.step,Slotted brass M2x3 thread envelope
calf_l_flex_M_keeper_M2x3_1,calf_l,brass,candidate_solid,1,9.424777960769394,../../revM/manny/parts/calf_l_flex_M_keeper_M2x3_1.step,Slotted brass M2x3 thread envelope
calf_l_flex_M_D_output_cleat,calf_l,aluminum_7075,candidate_solid,1,1808.8425503466328,../../revM/manny/parts/calf_l_flex_M_D_output_cleat.step,"Two M3 attachment bores; drive on D-flat, axial retention by radial M2 into shaft; enlarged D8 output bore matches strengthened high-load shaft"
calf_l_flex_M_output_M2x6,calf_l,brass,candidate_solid,1,41.53185488045707,../../revM/manny/parts/calf_l_flex_M_output_M2x6.step,Nominal M2x6 radial retainer; install before connecting distal segment
calf_l_flex_M_board_post_0,thigh_l,brass,candidate_solid,1,131.69469125173862,../../revM/manny/parts/calf_l_flex_M_board_post_0.step,Custom AF3.5 male/female M2 spacer; 2.5 mm nominal engagement in metal eye
calf_l_flex_M_PCB_edge_saddle_0,thigh_l,frame,candidate_solid,1,113.59734577831227,../../revM/manny/parts/calf_l_flex_M_PCB_edge_saddle_0.step,
calf_l_flex_M_PCB_edge_cap_0,thigh_l,nylon,candidate_solid,1,46.2389383113248,../../revM/manny/parts/calf_l_flex_M_PCB_edge_cap_0.step,
calf_l_flex_M_PCB_M2x6_0,thigh_l,nylon,candidate_solid,1,38.803874858535856,../../revM/manny/parts/calf_l_flex_M_PCB_M2x6_0.step,
calf_l_flex_M_board_post_1,thigh_l,brass,candidate_solid,1,131.69469125173862,../../revM/manny/parts/calf_l_flex_M_board_post_1.step,Custom AF3.5 male/female M2 spacer; 2.5 mm nominal engagement in metal eye
calf_l_flex_M_PCB_edge_saddle_1,thigh_l,frame,candidate_solid,1,113.59734577831225,../../revM/manny/parts/calf_l_flex_M_PCB_edge_saddle_1.step,
calf_l_flex_M_PCB_edge_cap_1,thigh_l,nylon,candidate_solid,1,46.238938311324794,../../revM/manny/parts/calf_l_flex_M_PCB_edge_cap_1.step,
calf_l_flex_M_PCB_M2x6_1,thigh_l,nylon,candidate_solid,1,38.80387485853586,../../revM/manny/parts/calf_l_flex_M_PCB_M2x6_1.step,
calf_l_flex_M_pcb_AS5048A,thigh_l,pcb_component,candidate_solid,1,19.559259977171045,../../revM/manny/parts/calf_l_flex_M_pcb_AS5048A.step,actual_KiCad_STEP
calf_l_flex_M_pcb_C1,thigh_l,pcb_component,candidate_solid,1,0.9303638934211805,../../revM/manny/parts/calf_l_flex_M_pcb_C1.step,actual_KiCad_STEP
calf_l_flex_M_pcb_C2,thigh_l,pcb_component,candidate_solid,1,3.5017500000000017,../../revM/manny/parts/calf_l_flex_M_pcb_C2.step,"Murata GRM219R61E106KA12D 10 uF 25 V X5R, max .95 mm body + .10 mm solder seating allocation"
calf_l_flex_M_pcb_R1,thigh_l,pcb_component,candidate_solid,1,0.5372187601976297,../../revM/manny/parts/calf_l_flex_M_pcb_R1.step,actual_KiCad_STEP
calf_l_flex_M_pcb_R2,thigh_l,pcb_component,candidate_solid,1,0.5372187601976302,../../revM/manny/parts/calf_l_flex_M_pcb_R2.step,actual_KiCad_STEP
calf_l_flex_M_pcb_board,thigh_l,pcb,candidate_solid,1,107.38000000000004,../../revM/manny/parts/calf_l_flex_M_pcb_board.step,actual_KiCad_STEP
calf_l_flex_M_pcb_J1_dimension_envelope,thigh_l,pcb_component,candidate_solid,1,297.79199999999923,../../revM/manny/parts/calf_l_flex_M_pcb_J1_dimension_envelope.step,"JST SM06B-SRSS-TB side-entry SH6, conservative 9.4 x9.6 x3.3 mm mated plug allocation; cable bend remains a separate harness requirement"
foot_l_dorsiflex_M_fixed_metal_eye,calf_l,aluminum_7075,candidate_solid,1,2372.0228686925693,../../revM/manny/parts/foot_l_dorsiflex_M_fixed_metal_eye.step,"Machined 6061-T6 eye; 2 x M3 tapped mounting holes; friction lining reacts into this eye; integral angular travel guards reacting directly into bearing eye; D14.50 x0.85 upper retaining counterbore, flat Z3.15"
foot_l_dorsiflex_M_radial_bush,calf_l,pom,candidate_solid,1,138.8002129927247,../../revM/manny/parts/foot_l_dorsiflex_M_radial_bush.step,"D6 journal +0.06 mm nominal diametral clearance; not part of axial preload loop; D14.40 x0.70 flange at Z3.20..3.90, captured below thrust washer Z4.00; 0.15 total nominal axial float"
foot_l_dorsiflex_M_friction_lining,calf_l,peek,candidate_solid,1,480.9703136141927,../../revM/manny/parts/foot_l_dorsiflex_M_friction_lining.step,"1 mm replaceable lining with positive edge tabs; friction coefficient is an untested assumption; unfilled machined PEEK candidate, dry contact; actual torque and creep must be qualified"
foot_l_dorsiflex_M_flanged_rotor_shaft,foot_l.dorsiflex_frame,aluminum_7075,candidate_solid,1,2266.318790425534,../../revM/manny/parts/foot_l_dorsiflex_M_flanged_rotor_shaft.step,"Integral D6 drive, journal and friction flange; blind M3 end thread and M2 radial retention; no threaded running surface; integral load-bearing flange stop tab; magnetic cup is not a stop"
foot_l_dorsiflex_M_thrust_wear_washer,calf_l,ptfe_composite,candidate_solid,1,353.42917352885206,../../revM/manny/parts/foot_l_dorsiflex_M_thrust_wear_washer.step,SKF PCMW102001.5 E envelope; radial bush is unloaded axially
foot_l_dorsiflex_M_spring_seat,foot_l.dorsiflex_frame,spring,candidate_solid,1,141.9842799789908,../../revM/manny/parts/foot_l_dorsiflex_M_spring_seat.step,
foot_l_dorsiflex_M_disc_spring_0_0,foot_l.dorsiflex_frame,spring,candidate_solid,1,41.453315064117284,../../revM/manny/parts/foot_l_dorsiflex_M_disc_spring_0_0.step,"SCHNORR 002100; 1 nested parallel per group, two groups opposed in series"
foot_l_dorsiflex_M_disc_spring_1_0,foot_l.dorsiflex_frame,spring,candidate_solid,1,41.453315064117284,../../revM/manny/parts/foot_l_dorsiflex_M_disc_spring_1_0.step,"SCHNORR 002100; 1 nested parallel per group, two groups opposed in series"
foot_l_dorsiflex_M_D_stop_cap,foot_l.dorsiflex_frame,aluminum,candidate_solid,1,336.39279423290066,../../revM/manny/parts/foot_l_dorsiflex_M_D_stop_cap.step,Metal shoulder fixes nominal spring height; actual preload requires selected shims and a physical torque test
foot_l_dorsiflex_M_M3x8_button_retainer,foot_l.dorsiflex_frame,titanium,candidate_solid,1,95.0500195273652,../../revM/manny/parts/foot_l_dorsiflex_M_M3x8_button_retainer.step,Accu SSB-M3-8-TI5 nominal head envelope; thread and bearing stress unqualified
foot_l_dorsiflex_M_keyed_magnet_cup,foot_l.dorsiflex_frame,aluminum,candidate_solid,1,1046.4850246407464,../../revM/manny/parts/foot_l_dorsiflex_M_keyed_magnet_cup.step,External D key transmits angle; 0.05 mm nominal fit and two radial brass retainers
foot_l_dorsiflex_M_cup_M2x4_0,foot_l.dorsiflex_frame,brass,candidate_solid,1,12.566370614359167,../../revM/manny/parts/foot_l_dorsiflex_M_cup_M2x4_0.step,Thread envelope; slotted brass M2x4
foot_l_dorsiflex_M_cup_M2x4_1,foot_l.dorsiflex_frame,brass,candidate_solid,1,12.566370614359167,../../revM/manny/parts/foot_l_dorsiflex_M_cup_M2x4_1.step,Thread envelope; slotted brass M2x4
foot_l_dorsiflex_M_diametric_magnet_6x2p5,foot_l.dorsiflex_frame,magnet,candidate_solid,1,70.68583470577039,../../revM/manny/parts/foot_l_dorsiflex_M_diametric_magnet_6x2p5.step,Diametric magnet; magnetic field and interference require bench qualification
foot_l_dorsiflex_M_magnet_keeper,foot_l.dorsiflex_frame,frame,candidate_solid,1,336.09456901550243,../../revM/manny/parts/foot_l_dorsiflex_M_magnet_keeper.step,"1.2 mm radial wall, 0.20 mm nominal radial fit allowance, 0.8 mm face; mechanical retention outside sensor air gap"
foot_l_dorsiflex_M_keeper_M2x3_0,foot_l.dorsiflex_frame,brass,candidate_solid,1,9.424777960769383,../../revM/manny/parts/foot_l_dorsiflex_M_keeper_M2x3_0.step,Slotted brass M2x3 thread envelope
foot_l_dorsiflex_M_keeper_M2x3_1,foot_l.dorsiflex_frame,brass,candidate_solid,1,9.424777960769381,../../revM/manny/parts/foot_l_dorsiflex_M_keeper_M2x3_1.step,Slotted brass M2x3 thread envelope
foot_l_dorsiflex_M_D_output_cleat,foot_l.dorsiflex_frame,aluminum,candidate_solid,1,1706.655053671191,../../revM/manny/parts/foot_l_dorsiflex_M_D_output_cleat.step,"Two M3 attachment bores; drive on D-flat, axial retention by radial M2 into shaft"
foot_l_dorsiflex_M_output_M2x6,foot_l.dorsiflex_frame,brass,candidate_solid,1,41.53185488045709,../../revM/manny/parts/foot_l_dorsiflex_M_output_M2x6.step,Nominal M2x6 radial retainer; install before connecting distal segment
foot_l_dorsiflex_M_board_post_0,calf_l,brass,candidate_solid,1,129.5729290124666,../../revM/manny/parts/foot_l_dorsiflex_M_board_post_0.step,Custom AF3.5 male/female M2 spacer; 2.5 mm nominal engagement in metal eye
foot_l_dorsiflex_M_PCB_edge_saddle_0,calf_l,frame,candidate_solid,1,89.59734577831264,../../revM/manny/parts/foot_l_dorsiflex_M_PCB_edge_saddle_0.step,
foot_l_dorsiflex_M_PCB_edge_cap_0,calf_l,nylon,candidate_solid,1,36.63893831132499,../../revM/manny/parts/foot_l_dorsiflex_M_PCB_edge_cap_0.step,
foot_l_dorsiflex_M_PCB_M2x6_0,calf_l,nylon,candidate_solid,1,38.80387485853618,../../revM/manny/parts/foot_l_dorsiflex_M_PCB_M2x6_0.step,
foot_l_dorsiflex_M_board_post_1,calf_l,brass,candidate_solid,1,129.57292901246677,../../revM/manny/parts/foot_l_dorsiflex_M_board_post_1.step,Custom AF3.5 male/female M2 spacer; 2.5 mm nominal engagement in metal eye
foot_l_dorsiflex_M_PCB_edge_saddle_1,calf_l,frame,candidate_solid,1,89.59734577831235,../../revM/manny/parts/foot_l_dorsiflex_M_PCB_edge_saddle_1.step,
foot_l_dorsiflex_M_PCB_edge_cap_1,calf_l,nylon,candidate_solid,1,36.63893831132482,../../revM/manny/parts/foot_l_dorsiflex_M_PCB_edge_cap_1.step,
foot_l_dorsiflex_M_PCB_M2x6_1,calf_l,nylon,candidate_solid,1,38.803874858535856,../../revM/manny/parts/foot_l_dorsiflex_M_PCB_M2x6_1.step,
foot_l_dorsiflex_M_pcb_AS5048A,calf_l,pcb_component,candidate_solid,1,19.559259977170992,../../revM/manny/parts/foot_l_dorsiflex_M_pcb_AS5048A.step,actual_KiCad_STEP
foot_l_dorsiflex_M_pcb_C1,calf_l,pcb_component,candidate_solid,1,0.9303638934211822,../../revM/manny/parts/foot_l_dorsiflex_M_pcb_C1.step,actual_KiCad_STEP
foot_l_dorsiflex_M_pcb_C2,calf_l,pcb_component,candidate_solid,1,3.5017500000000013,../../revM/manny/parts/foot_l_dorsiflex_M_pcb_C2.step,"Murata GRM219R61E106KA12D 10 uF 25 V X5R, max .95 mm body + .10 mm solder seating allocation"
foot_l_dorsiflex_M_pcb_R1,calf_l,pcb_component,candidate_solid,1,0.5372187601976339,../../revM/manny/parts/foot_l_dorsiflex_M_pcb_R1.step,actual_KiCad_STEP
foot_l_dorsiflex_M_pcb_R2,calf_l,pcb_component,candidate_solid,1,0.5372187601976325,../../revM/manny/parts/foot_l_dorsiflex_M_pcb_R2.step,actual_KiCad_STEP
foot_l_dorsiflex_M_pcb_board,calf_l,pcb,candidate_solid,1,107.38000000000018,../../revM/manny/parts/foot_l_dorsiflex_M_pcb_board.step,actual_KiCad_STEP
foot_l_dorsiflex_M_pcb_J1_dimension_envelope,calf_l,pcb_component,candidate_solid,1,297.79199999999923,../../revM/manny/parts/foot_l_dorsiflex_M_pcb_J1_dimension_envelope.step,"JST SM06B-SRSS-TB side-entry SH6, conservative 9.4 x9.6 x3.3 mm mated plug allocation; cable bend remains a separate harness requirement"
foot_l_invert_M_fixed_metal_eye,foot_l.dorsiflex_frame,aluminum_7075,candidate_solid,1,2374.728445169431,../../revM/manny/parts/foot_l_invert_M_fixed_metal_eye.step,"Machined 6061-T6 eye; 2 x M3 tapped mounting holes; friction lining reacts into this eye; integral angular travel guards reacting directly into bearing eye; D14.50 x0.85 upper retaining counterbore, flat Z3.15"
foot_l_invert_M_radial_bush,foot_l.dorsiflex_frame,pom,candidate_solid,1,138.80021299272443,../../revM/manny/parts/foot_l_invert_M_radial_bush.step,"D6 journal +0.06 mm nominal diametral clearance; not part of axial preload loop; D14.40 x0.70 flange at Z3.20..3.90, captured below thrust washer Z4.00; 0.15 total nominal axial float"
foot_l_invert_M_friction_lining,foot_l.dorsiflex_frame,peek,candidate_solid,1,480.9703136141929,../../revM/manny/parts/foot_l_invert_M_friction_lining.step,"1 mm replaceable lining with positive edge tabs; friction coefficient is an untested assumption; unfilled machined PEEK candidate, dry contact; actual torque and creep must be qualified"
foot_l_invert_M_flanged_rotor_shaft,foot_l,aluminum_7075,candidate_solid,1,2266.318790425534,../../revM/manny/parts/foot_l_invert_M_flanged_rotor_shaft.step,"Integral D6 drive, journal and friction flange; blind M3 end thread and M2 radial retention; no threaded running surface; integral load-bearing flange stop tab; magnetic cup is not a stop"
foot_l_invert_M_thrust_wear_washer,foot_l.dorsiflex_frame,ptfe_composite,candidate_solid,1,353.42917352885195,../../revM/manny/parts/foot_l_invert_M_thrust_wear_washer.step,SKF PCMW102001.5 E envelope; radial bush is unloaded axially
foot_l_invert_M_spring_seat,foot_l,spring,candidate_solid,1,141.9842799789908,../../revM/manny/parts/foot_l_invert_M_spring_seat.step,
foot_l_invert_M_disc_spring_0_0,foot_l,spring,candidate_solid,1,41.45331506411729,../../revM/manny/parts/foot_l_invert_M_disc_spring_0_0.step,"SCHNORR 002100; 1 nested parallel per group, two groups opposed in series"
foot_l_invert_M_disc_spring_1_0,foot_l,spring,candidate_solid,1,41.45331506411728,../../revM/manny/parts/foot_l_invert_M_disc_spring_1_0.step,"SCHNORR 002100; 1 nested parallel per group, two groups opposed in series"
foot_l_invert_M_D_stop_cap,foot_l,aluminum,candidate_solid,1,336.39279423290054,../../revM/manny/parts/foot_l_invert_M_D_stop_cap.step,Metal shoulder fixes nominal spring height; actual preload requires selected shims and a physical torque test
foot_l_invert_M_M3x8_button_retainer,foot_l,titanium,candidate_solid,1,95.05001952736521,../../revM/manny/parts/foot_l_invert_M_M3x8_button_retainer.step,Accu SSB-M3-8-TI5 nominal head envelope; thread and bearing stress unqualified
foot_l_invert_M_keyed_magnet_cup,foot_l,aluminum,candidate_solid,1,1046.485024640745,../../revM/manny/parts/foot_l_invert_M_keyed_magnet_cup.step,External D key transmits angle; 0.05 mm nominal fit and two radial brass retainers
foot_l_invert_M_cup_M2x4_0,foot_l,brass,candidate_solid,1,12.56637061435918,../../revM/manny/parts/foot_l_invert_M_cup_M2x4_0.step,Thread envelope; slotted brass M2x4
foot_l_invert_M_cup_M2x4_1,foot_l,brass,candidate_solid,1,12.566370614359178,../../revM/manny/parts/foot_l_invert_M_cup_M2x4_1.step,Thread envelope; slotted brass M2x4
foot_l_invert_M_diametric_magnet_6x2p5,foot_l,magnet,candidate_solid,1,70.68583470577038,../../revM/manny/parts/foot_l_invert_M_diametric_magnet_6x2p5.step,Diametric magnet; magnetic field and interference require bench qualification
foot_l_invert_M_magnet_keeper,foot_l,frame,candidate_solid,1,336.0945690155028,../../revM/manny/parts/foot_l_invert_M_magnet_keeper.step,"1.2 mm radial wall, 0.20 mm nominal radial fit allowance, 0.8 mm face; mechanical retention outside sensor air gap"
foot_l_invert_M_keeper_M2x3_0,foot_l,brass,candidate_solid,1,9.424777960769378,../../revM/manny/parts/foot_l_invert_M_keeper_M2x3_0.step,Slotted brass M2x3 thread envelope
foot_l_invert_M_keeper_M2x3_1,foot_l,brass,candidate_solid,1,9.424777960769378,../../revM/manny/parts/foot_l_invert_M_keeper_M2x3_1.step,Slotted brass M2x3 thread envelope
foot_l_invert_M_D_output_cleat,foot_l,aluminum,candidate_solid,1,1706.65505367119,../../revM/manny/parts/foot_l_invert_M_D_output_cleat.step,"Two M3 attachment bores; drive on D-flat, axial retention by radial M2 into shaft"
foot_l_invert_M_output_M2x6,foot_l,brass,candidate_solid,1,41.53185488045709,../../revM/manny/parts/foot_l_invert_M_output_M2x6.step,Nominal M2x6 radial retainer; install before connecting distal segment
foot_l_invert_M_board_post_0,foot_l.dorsiflex_frame,brass,candidate_solid,1,129.57292901246709,../../revM/manny/parts/foot_l_invert_M_board_post_0.step,Custom AF3.5 male/female M2 spacer; 2.5 mm nominal engagement in metal eye
foot_l_invert_M_PCB_edge_saddle_0,foot_l.dorsiflex_frame,frame,candidate_solid,1,89.59734577831263,../../revM/manny/parts/foot_l_invert_M_PCB_edge_saddle_0.step,
foot_l_invert_M_PCB_edge_cap_0,foot_l.dorsiflex_frame,nylon,candidate_solid,1,36.638938311324935,../../revM/manny/parts/foot_l_invert_M_PCB_edge_cap_0.step,
foot_l_invert_M_PCB_M2x6_0,foot_l.dorsiflex_frame,nylon,candidate_solid,1,38.8038748585361,../../revM/manny/parts/foot_l_invert_M_PCB_M2x6_0.step,
foot_l_invert_M_board_post_1,foot_l.dorsiflex_frame,brass,candidate_solid,1,129.57292901246714,../../revM/manny/parts/foot_l_invert_M_board_post_1.step,Custom AF3.5 male/female M2 spacer; 2.5 mm nominal engagement in metal eye
foot_l_invert_M_PCB_edge_saddle_1,foot_l.dorsiflex_frame,frame,candidate_solid,1,89.59734577831267,../../revM/manny/parts/foot_l_invert_M_PCB_edge_saddle_1.step,
foot_l_invert_M_PCB_edge_cap_1,foot_l.dorsiflex_frame,nylon,candidate_solid,1,36.63893831132495,../../revM/manny/parts/foot_l_invert_M_PCB_edge_cap_1.step,
foot_l_invert_M_PCB_M2x6_1,foot_l.dorsiflex_frame,nylon,candidate_solid,1,38.803874858536176,../../revM/manny/parts/foot_l_invert_M_PCB_M2x6_1.step,
foot_l_invert_M_pcb_AS5048A,foot_l.dorsiflex_frame,pcb_component,candidate_solid,1,19.55925997717116,../../revM/manny/parts/foot_l_invert_M_pcb_AS5048A.step,actual_KiCad_STEP
foot_l_invert_M_pcb_C1,foot_l.dorsiflex_frame,pcb_component,candidate_solid,1,0.9303638934211704,../../revM/manny/parts/foot_l_invert_M_pcb_C1.step,actual_KiCad_STEP
foot_l_invert_M_pcb_C2,foot_l.dorsiflex_frame,pcb_component,candidate_solid,1,3.501749999999997,../../revM/manny/parts/foot_l_invert_M_pcb_C2.step,"Murata GRM219R61E106KA12D 10 uF 25 V X5R, max .95 mm body + .10 mm solder seating allocation"
foot_l_invert_M_pcb_R1,foot_l.dorsiflex_frame,pcb_component,candidate_solid,1,0.5372187601976305,../../revM/manny/parts/foot_l_invert_M_pcb_R1.step,actual_KiCad_STEP
foot_l_invert_M_pcb_R2,foot_l.dorsiflex_frame,pcb_component,candidate_solid,1,0.5372187601976312,../../revM/manny/parts/foot_l_invert_M_pcb_R2.step,actual_KiCad_STEP
foot_l_invert_M_pcb_board,foot_l.dorsiflex_frame,pcb,candidate_solid,1,107.37999999999991,../../revM/manny/parts/foot_l_invert_M_pcb_board.step,actual_KiCad_STEP
foot_l_invert_M_pcb_J1_dimension_envelope,foot_l.dorsiflex_frame,pcb_component,candidate_solid,1,297.79199999999986,../../revM/manny/parts/foot_l_invert_M_pcb_J1_dimension_envelope.step,"JST SM06B-SRSS-TB side-entry SH6, conservative 9.4 x9.6 x3.3 mm mated plug allocation; cable bend remains a separate harness requirement"
foot_l_dorsiflex_M_rotor_mount_M3x12_0,foot_l.dorsiflex_frame,metal,candidate_solid,1,147.97889681476386,../../revM/manny/parts/foot_l_dorsiflex_M_rotor_mount_M3x12_0.step,M3x12 socket screw; unmodelled helical thread
foot_l_dorsiflex_M_rotor_mount_nut_M3_0,foot_l.dorsiflex_frame,metal,candidate_solid,1,51.09247186378848,../../revM/manny/parts/foot_l_dorsiflex_M_rotor_mount_nut_M3_0.step,M3 nut envelope; removable thread locking method pending
foot_l_dorsiflex_M_rotor_mount_M3x12_1,foot_l.dorsiflex_frame,metal,candidate_solid,1,147.97889681476383,../../revM/manny/parts/foot_l_dorsiflex_M_rotor_mount_M3x12_1.step,M3x12 socket screw; unmodelled helical thread
foot_l_dorsiflex_M_rotor_mount_nut_M3_1,foot_l.dorsiflex_frame,metal,candidate_solid,1,51.09247186378849,../../revM/manny/parts/foot_l_dorsiflex_M_rotor_mount_nut_M3_1.step,M3 nut envelope; removable thread locking method pending
foot_l_invert_M_fixed_mount_M3x8_0,foot_l.dorsiflex_frame,metal,candidate_solid,1,120.24582880982098,../../revM/manny/parts/foot_l_invert_M_fixed_mount_M3x8_0.step,M3x8 from outer carrier face into metal eye; 3 mm nominal threaded engagement
foot_l_invert_M_fixed_mount_M3x8_1,foot_l.dorsiflex_frame,metal,candidate_solid,1,120.24582880982098,../../revM/manny/parts/foot_l_invert_M_fixed_mount_M3x8_1.step,M3x8 from outer carrier face into metal eye; 3 mm nominal threaded engagement
foot_l_dorsiflex_M_intermediate_frame,foot_l.dorsiflex_frame,frame,candidate_solid,1,3498.271789861719,../../revM/manny/parts/foot_l_dorsiflex_M_intermediate_frame.step,Bolted frame between concentric orthogonal axes; no offset of anatomical pivot
ball_l_flex_M_fixed_metal_eye,foot_l,aluminum_7075,candidate_solid,1,1815.2940556986446,../../revM/manny/parts/ball_l_flex_M_fixed_metal_eye.step,"Machined 6061-T6 eye; 2 x M3 tapped mounting holes; friction lining reacts into this eye; integral angular travel guards reacting directly into bearing eye; D14.50 x0.85 upper retaining counterbore, flat Z3.15"
ball_l_flex_M_radial_bush,foot_l,pom,candidate_solid,1,138.80021299272437,../../revM/manny/parts/ball_l_flex_M_radial_bush.step,"D6 journal +0.06 mm nominal diametral clearance; not part of axial preload loop; D14.40 x0.70 flange at Z3.20..3.90, captured below thrust washer Z4.00; 0.15 total nominal axial float"
ball_l_flex_M_friction_lining,foot_l,peek,candidate_solid,1,330.18321999225986,../../revM/manny/parts/ball_l_flex_M_friction_lining.step,"1 mm replaceable lining with positive edge tabs; friction coefficient is an untested assumption; unfilled machined PEEK candidate, dry contact; actual torque and creep must be qualified"
ball_l_flex_M_flanged_rotor_shaft,ball_l,aluminum_7075,candidate_solid,1,1762.951173384658,../../revM/manny/parts/ball_l_flex_M_flanged_rotor_shaft.step,"Integral D6 drive, journal and friction flange; blind M3 end thread and M2 radial retention; no threaded running surface; integral load-bearing flange stop tab; magnetic cup is not a stop"
ball_l_flex_M_thrust_wear_washer,foot_l,ptfe_composite,candidate_solid,1,353.42917352885195,../../revM/manny/parts/ball_l_flex_M_thrust_wear_washer.step,SKF PCMW102001.5 E envelope; radial bush is unloaded axially
ball_l_flex_M_spring_seat,ball_l,spring,candidate_solid,1,141.98427997899083,../../revM/manny/parts/ball_l_flex_M_spring_seat.step,
ball_l_flex_M_disc_spring_0_0,ball_l,spring,candidate_solid,1,32.384715170448736,../../revM/manny/parts/ball_l_flex_M_disc_spring_0_0.step,"SCHNORR 002050; 1 nested parallel per group, two groups opposed in series"
ball_l_flex_M_disc_spring_1_0,ball_l,spring,candidate_solid,1,32.384715170448736,../../revM/manny/parts/ball_l_flex_M_disc_spring_1_0.step,"SCHNORR 002050; 1 nested parallel per group, two groups opposed in series"
ball_l_flex_M_D_stop_cap,ball_l,aluminum,candidate_solid,1,336.392794232909,../../revM/manny/parts/ball_l_flex_M_D_stop_cap.step,Metal shoulder fixes nominal spring height; actual preload requires selected shims and a physical torque test
ball_l_flex_M_M3x8_button_retainer,ball_l,titanium,candidate_solid,1,95.05001952736514,../../revM/manny/parts/ball_l_flex_M_M3x8_button_retainer.step,Accu SSB-M3-8-TI5 nominal head envelope; thread and bearing stress unqualified
ball_l_flex_M_keyed_magnet_cup,ball_l,aluminum,candidate_solid,1,1046.4850246407439,../../revM/manny/parts/ball_l_flex_M_keyed_magnet_cup.step,External D key transmits angle; 0.05 mm nominal fit and two radial brass retainers
ball_l_flex_M_cup_M2x4_0,ball_l,brass,candidate_solid,1,12.566370614359172,../../revM/manny/parts/ball_l_flex_M_cup_M2x4_0.step,Thread envelope; slotted brass M2x4
ball_l_flex_M_cup_M2x4_1,ball_l,brass,candidate_solid,1,12.566370614359174,../../revM/manny/parts/ball_l_flex_M_cup_M2x4_1.step,Thread envelope; slotted brass M2x4
ball_l_flex_M_diametric_magnet_6x2p5,ball_l,magnet,candidate_solid,1,70.68583470577039,../../revM/manny/parts/ball_l_flex_M_diametric_magnet_6x2p5.step,Diametric magnet; magnetic field and interference require bench qualification
ball_l_flex_M_magnet_keeper,ball_l,frame,candidate_solid,1,336.09456876650813,../../revM/manny/parts/ball_l_flex_M_magnet_keeper.step,"1.2 mm radial wall, 0.20 mm nominal radial fit allowance, 0.8 mm face; mechanical retention outside sensor air gap"
ball_l_flex_M_keeper_M2x3_0,ball_l,brass,candidate_solid,1,9.424777960769374,../../revM/manny/parts/ball_l_flex_M_keeper_M2x3_0.step,Slotted brass M2x3 thread envelope
ball_l_flex_M_keeper_M2x3_1,ball_l,brass,candidate_solid,1,9.424777960769374,../../revM/manny/parts/ball_l_flex_M_keeper_M2x3_1.step,Slotted brass M2x3 thread envelope
ball_l_flex_M_D_output_cleat,ball_l,aluminum,candidate_solid,1,1568.055030651943,../../revM/manny/parts/ball_l_flex_M_D_output_cleat.step,"Two M3 attachment bores; drive on D-flat, axial retention by radial M2 into shaft"
ball_l_flex_M_output_M2x6,ball_l,brass,candidate_solid,1,41.53185488045706,../../revM/manny/parts/ball_l_flex_M_output_M2x6.step,Nominal M2x6 radial retainer; install before connecting distal segment
ball_l_flex_M_board_post_0,foot_l,brass,candidate_solid,1,126.92072621337708,../../revM/manny/parts/ball_l_flex_M_board_post_0.step,Custom AF3.5 male/female M2 spacer; 2.5 mm nominal engagement in metal eye
ball_l_flex_M_PCB_edge_saddle_0,foot_l,frame,candidate_solid,1,73.5973457783128,../../revM/manny/parts/ball_l_flex_M_PCB_edge_saddle_0.step,
ball_l_flex_M_PCB_edge_cap_0,foot_l,nylon,candidate_solid,1,30.238938311324976,../../revM/manny/parts/ball_l_flex_M_PCB_edge_cap_0.step,
ball_l_flex_M_PCB_M2x6_0,foot_l,nylon,candidate_solid,1,38.80387485853613,../../revM/manny/parts/ball_l_flex_M_PCB_M2x6_0.step,
ball_l_flex_M_board_post_1,foot_l,brass,candidate_solid,1,126.92072621337707,../../revM/manny/parts/ball_l_flex_M_board_post_1.step,Custom AF3.5 male/female M2 spacer; 2.5 mm nominal engagement in metal eye
ball_l_flex_M_PCB_edge_saddle_1,foot_l,frame,candidate_solid,1,73.5973457783128,../../revM/manny/parts/ball_l_flex_M_PCB_edge_saddle_1.step,
ball_l_flex_M_PCB_edge_cap_1,foot_l,nylon,candidate_solid,1,30.23893831132496,../../revM/manny/parts/ball_l_flex_M_PCB_edge_cap_1.step,
ball_l_flex_M_PCB_M2x6_1,foot_l,nylon,candidate_solid,1,38.80387485853611,../../revM/manny/parts/ball_l_flex_M_PCB_M2x6_1.step,
ball_l_flex_M_pcb_AS5048A,foot_l,pcb_component,candidate_solid,1,19.55925997717119,../../revM/manny/parts/ball_l_flex_M_pcb_AS5048A.step,actual_KiCad_STEP
ball_l_flex_M_pcb_C1,foot_l,pcb_component,candidate_solid,1,0.9303638934211713,../../revM/manny/parts/ball_l_flex_M_pcb_C1.step,actual_KiCad_STEP
ball_l_flex_M_pcb_C2,foot_l,pcb_component,candidate_solid,1,3.5017499999999906,../../revM/manny/parts/ball_l_flex_M_pcb_C2.step,"Murata GRM219R61E106KA12D 10 uF 25 V X5R, max .95 mm body + .10 mm solder seating allocation"
ball_l_flex_M_pcb_R1,foot_l,pcb_component,candidate_solid,1,0.5372187601976334,../../revM/manny/parts/ball_l_flex_M_pcb_R1.step,actual_KiCad_STEP
ball_l_flex_M_pcb_R2,foot_l,pcb_component,candidate_solid,1,0.5372187601976307,../../revM/manny/parts/ball_l_flex_M_pcb_R2.step,actual_KiCad_STEP
ball_l_flex_M_pcb_board,foot_l,pcb,candidate_solid,1,107.38000000000004,../../revM/manny/parts/ball_l_flex_M_pcb_board.step,actual_KiCad_STEP
ball_l_flex_M_pcb_J1_dimension_envelope,foot_l,pcb_component,candidate_solid,1,297.7919999999998,../../revM/manny/parts/ball_l_flex_M_pcb_J1_dimension_envelope.step,"JST SM06B-SRSS-TB side-entry SH6, conservative 9.4 x9.6 x3.3 mm mated plug allocation; cable bend remains a separate harness requirement"
thigh_l_twist_M_rotor_mount_M3x12_0,thigh_l,metal,candidate_solid,1,147.97889681476386,../../revM/manny/parts/thigh_l_twist_M_rotor_mount_M3x12_0.step,M3x12 socket screw; unmodelled helical thread
thigh_l_twist_M_rotor_mount_nut_M3_0,thigh_l,metal,candidate_solid,1,51.092471863788724,../../revM/manny/parts/thigh_l_twist_M_rotor_mount_nut_M3_0.step,M3 nut envelope; removable thread locking method pending
thigh_l_twist_M_rotor_mount_M3x12_1,thigh_l,metal,candidate_solid,1,147.97889681476386,../../revM/manny/parts/thigh_l_twist_M_rotor_mount_M3x12_1.step,M3x12 socket screw; unmodelled helical thread
thigh_l_twist_M_rotor_mount_nut_M3_1,thigh_l,metal,candidate_solid,1,51.092471863788724,../../revM/manny/parts/thigh_l_twist_M_rotor_mount_nut_M3_1.step,M3 nut envelope; removable thread locking method pending
calf_l_flex_M_fixed_mount_M3x8_0,thigh_l,metal,candidate_solid,1,120.2458288098212,../../revM/manny/parts/calf_l_flex_M_fixed_mount_M3x8_0.step,M3x8 from outer carrier face into metal eye; 3 mm nominal threaded engagement
calf_l_flex_M_fixed_mount_M3x8_1,thigh_l,metal,candidate_solid,1,120.2458288098212,../../revM/manny/parts/calf_l_flex_M_fixed_mount_M3x8_1.step,M3x8 from outer carrier face into metal eye; 3 mm nominal threaded engagement
thigh_l_M_centreline_frame,thigh_l,frame,candidate_solid,1,13084.01439220292,../../revM/manny/parts/thigh_l_M_centreline_frame.step,Hollow centreline thigh between the measured hip twist and metal knee eye; two printed shell attachment lugs with through M2.4 holes
calf_l_flex_M_rotor_mount_M3x12_0,calf_l,metal,candidate_solid,1,147.97889681476417,../../revM/manny/parts/calf_l_flex_M_rotor_mount_M3x12_0.step,M3x12 socket screw; unmodelled helical thread
calf_l_flex_M_rotor_mount_nut_M3_0,calf_l,metal,candidate_solid,1,51.0924718637885,../../revM/manny/parts/calf_l_flex_M_rotor_mount_nut_M3_0.step,M3 nut envelope; removable thread locking method pending
calf_l_flex_M_rotor_mount_M3x12_1,calf_l,metal,candidate_solid,1,147.97889681476417,../../revM/manny/parts/calf_l_flex_M_rotor_mount_M3x12_1.step,M3x12 socket screw; unmodelled helical thread
calf_l_flex_M_rotor_mount_nut_M3_1,calf_l,metal,candidate_solid,1,51.092471863788504,../../revM/manny/parts/calf_l_flex_M_rotor_mount_nut_M3_1.step,M3 nut envelope; removable thread locking method pending
foot_l_dorsiflex_M_fixed_mount_M3x8_0,calf_l,metal,candidate_solid,1,120.2458288098212,../../revM/manny/parts/foot_l_dorsiflex_M_fixed_mount_M3x8_0.step,M3x8 from outer carrier face into metal eye; 3 mm nominal threaded engagement
foot_l_dorsiflex_M_fixed_mount_M3x8_1,calf_l,metal,candidate_solid,1,120.24582880982119,../../revM/manny/parts/foot_l_dorsiflex_M_fixed_mount_M3x8_1.step,M3x8 from outer carrier face into metal eye; 3 mm nominal threaded engagement
calf_l_M_centreline_frame,calf_l,frame,candidate_solid,1,17460.237281333346,../../revM/manny/parts/calf_l_M_centreline_frame.step,"Centreline calf with external ankle yoke; hollow section, explicit M3 joint mounts; two printed shell attachment lugs with through M2.4 holes"
foot_l_invert_M_rotor_mount_M3x12_0,foot_l,metal,candidate_solid,1,147.97889681476383,../../revM/manny/parts/foot_l_invert_M_rotor_mount_M3x12_0.step,M3x12 socket screw; unmodelled helical thread
foot_l_invert_M_rotor_mount_nut_M3_0,foot_l,metal,candidate_solid,1,51.09247186378844,../../revM/manny/parts/foot_l_invert_M_rotor_mount_nut_M3_0.step,M3 nut envelope; removable thread locking method pending
foot_l_invert_M_rotor_mount_M3x12_1,foot_l,metal,candidate_solid,1,147.97889681476383,../../revM/manny/parts/foot_l_invert_M_rotor_mount_M3x12_1.step,M3x12 socket screw; unmodelled helical thread
foot_l_invert_M_rotor_mount_nut_M3_1,foot_l,metal,candidate_solid,1,51.09247186378844,../../revM/manny/parts/foot_l_invert_M_rotor_mount_nut_M3_1.step,M3 nut envelope; removable thread locking method pending
ball_l_flex_M_fixed_mount_M3x8_0,foot_l,metal,candidate_solid,1,120.24582880982098,../../revM/manny/parts/ball_l_flex_M_fixed_mount_M3x8_0.step,M3x8 from outer carrier face into metal eye; 3 mm nominal threaded engagement
ball_l_flex_M_fixed_mount_M3x8_1,foot_l,metal,candidate_solid,1,120.24582880982098,../../revM/manny/parts/ball_l_flex_M_fixed_mount_M3x8_1.step,M3x8 from outer carrier face into metal eye; 3 mm nominal threaded engagement
foot_l_M_tray,foot_l,frame,candidate_solid,1,17564.431729308366,../../revM/manny/parts/foot_l_M_tray.step,"Foot tray with measured toe hinge; 5 mm nominal stand-off above reference sole, removable low shoe with two M2 mounts"
ball_l_flex_M_rotor_mount_M3x12_0,ball_l,metal,candidate_solid,1,147.97889681476386,../../revM/manny/parts/ball_l_flex_M_rotor_mount_M3x12_0.step,M3x12 socket screw; unmodelled helical thread
ball_l_flex_M_rotor_mount_nut_M3_0,ball_l,metal,candidate_solid,1,51.09247186378842,../../revM/manny/parts/ball_l_flex_M_rotor_mount_nut_M3_0.step,M3 nut envelope; removable thread locking method pending
ball_l_flex_M_rotor_mount_M3x12_1,ball_l,metal,candidate_solid,1,147.97889681476386,../../revM/manny/parts/ball_l_flex_M_rotor_mount_M3x12_1.step,M3x12 socket screw; unmodelled helical thread
ball_l_flex_M_rotor_mount_nut_M3_1,ball_l,metal,candidate_solid,1,51.09247186378842,../../revM/manny/parts/ball_l_flex_M_rotor_mount_nut_M3_1.step,M3 nut envelope; removable thread locking method pending
ball_l_M_forefoot_frame,ball_l,frame,candidate_solid,1,2250.2237080108707,../../revM/manny/parts/ball_l_M_forefoot_frame.step,Rigid forefoot rail towards the character-specific toe tip; no toe-finger channels; two spaced cross-holes for removable toe cap
thigh_r_flex_M_fixed_metal_eye,pelvis,aluminum_7075,candidate_solid,1,3287.337420606193,../../revM/manny/parts/thigh_r_flex_M_fixed_metal_eye.step,"Machined 6061-T6 eye; 2 x M3 tapped mounting holes; friction lining reacts into this eye; integral angular travel guards reacting directly into bearing eye; D14.50 x0.85 upper retaining counterbore, flat Z3.15"
thigh_r_flex_M_radial_bush,pelvis,pom,candidate_solid,1,138.80021299272528,../../revM/manny/parts/thigh_r_flex_M_radial_bush.step,"D6 journal +0.06 mm nominal diametral clearance; not part of axial preload loop; D14.40 x0.70 flange at Z3.20..3.90, captured below thrust washer Z4.00; 0.15 total nominal axial float"
thigh_r_flex_M_friction_lining,pelvis,peek,candidate_solid,1,754.2792379269966,../../revM/manny/parts/thigh_r_flex_M_friction_lining.step,"1 mm replaceable lining with positive edge tabs; friction coefficient is an untested assumption; unfilled machined PEEK candidate, dry contact; actual torque and creep must be qualified"
thigh_r_flex_M_flanged_rotor_shaft,thigh_r.flex_frame,aluminum_7075,candidate_solid,1,3320.5633993471565,../../revM/manny/parts/thigh_r_flex_M_flanged_rotor_shaft.step,"Integral D6 drive, journal and friction flange; blind M3 end thread and M2 radial retention; no threaded running surface; integral load-bearing flange stop tab; magnetic cup is not a stop; D8/flat3.5 output below flange, D6 journal preserved; 7075-T6 material candidate; radial M2 pilot retained"
thigh_r_flex_M_thrust_wear_washer,pelvis,ptfe_composite,candidate_solid,1,353.4291735288517,../../revM/manny/parts/thigh_r_flex_M_thrust_wear_washer.step,SKF PCMW102001.5 E envelope; radial bush is unloaded axially
thigh_r_flex_M_spring_seat,thigh_r.flex_frame,spring,candidate_solid,1,141.98427997899066,../../revM/manny/parts/thigh_r_flex_M_spring_seat.step,
thigh_r_flex_M_disc_spring_0_0,thigh_r.flex_frame,spring,candidate_solid,1,49.74397807694078,../../revM/manny/parts/thigh_r_flex_M_disc_spring_0_0.step,"SCHNORR 002200; 2 nested parallel per group, two groups opposed in series"
thigh_r_flex_M_disc_spring_0_1,thigh_r.flex_frame,spring,candidate_solid,1,49.74397807694078,../../revM/manny/parts/thigh_r_flex_M_disc_spring_0_1.step,"SCHNORR 002200; 2 nested parallel per group, two groups opposed in series"
thigh_r_flex_M_disc_spring_1_0,thigh_r.flex_frame,spring,candidate_solid,1,49.74397807694078,../../revM/manny/parts/thigh_r_flex_M_disc_spring_1_0.step,"SCHNORR 002200; 2 nested parallel per group, two groups opposed in series"
thigh_r_flex_M_disc_spring_1_1,thigh_r.flex_frame,spring,candidate_solid,1,49.74397807694078,../../revM/manny/parts/thigh_r_flex_M_disc_spring_1_1.step,"SCHNORR 002200; 2 nested parallel per group, two groups opposed in series"
thigh_r_flex_M_D_stop_cap,thigh_r.flex_frame,aluminum,candidate_solid,1,336.3927942329006,../../revM/manny/parts/thigh_r_flex_M_D_stop_cap.step,Metal shoulder fixes nominal spring height; actual preload requires selected shims and a physical torque test
thigh_r_flex_M_M3x8_button_retainer,thigh_r.flex_frame,titanium,candidate_solid,1,95.05001952736548,../../revM/manny/parts/thigh_r_flex_M_M3x8_button_retainer.step,Accu SSB-M3-8-TI5 nominal head envelope; thread and bearing stress unqualified
thigh_r_flex_M_keyed_magnet_cup,thigh_r.flex_frame,aluminum,candidate_solid,1,1046.4850246407304,../../revM/manny/parts/thigh_r_flex_M_keyed_magnet_cup.step,External D key transmits angle; 0.05 mm nominal fit and two radial brass retainers
thigh_r_flex_M_cup_M2x4_0,thigh_r.flex_frame,brass,candidate_solid,1,12.566370614359162,../../revM/manny/parts/thigh_r_flex_M_cup_M2x4_0.step,Thread envelope; slotted brass M2x4
thigh_r_flex_M_cup_M2x4_1,thigh_r.flex_frame,brass,candidate_solid,1,12.566370614359158,../../revM/manny/parts/thigh_r_flex_M_cup_M2x4_1.step,Thread envelope; slotted brass M2x4
thigh_r_flex_M_diametric_magnet_6x2p5,thigh_r.flex_frame,magnet,candidate_solid,1,70.68583470577033,../../revM/manny/parts/thigh_r_flex_M_diametric_magnet_6x2p5.step,Diametric magnet; magnetic field and interference require bench qualification
thigh_r_flex_M_magnet_keeper,thigh_r.flex_frame,frame,candidate_solid,1,336.09456878694886,../../revM/manny/parts/thigh_r_flex_M_magnet_keeper.step,"1.2 mm radial wall, 0.20 mm nominal radial fit allowance, 0.8 mm face; mechanical retention outside sensor air gap"
thigh_r_flex_M_keeper_M2x3_0,thigh_r.flex_frame,brass,candidate_solid,1,9.424777960769365,../../revM/manny/parts/thigh_r_flex_M_keeper_M2x3_0.step,Slotted brass M2x3 thread envelope
thigh_r_flex_M_keeper_M2x3_1,thigh_r.flex_frame,brass,candidate_solid,1,9.424777960769365,../../revM/manny/parts/thigh_r_flex_M_keeper_M2x3_1.step,Slotted brass M2x3 thread envelope
thigh_r_flex_M_D_output_cleat,thigh_r.flex_frame,aluminum_7075,candidate_solid,1,1808.8425503466374,../../revM/manny/parts/thigh_r_flex_M_D_output_cleat.step,"Two M3 attachment bores; drive on D-flat, axial retention by radial M2 into shaft; enlarged D8 output bore matches strengthened high-load shaft"
thigh_r_flex_M_output_M2x6,thigh_r.flex_frame,brass,candidate_solid,1,41.53185488045709,../../revM/manny/parts/thigh_r_flex_M_output_M2x6.step,Nominal M2x6 radial retainer; install before connecting distal segment
thigh_r_flex_M_board_post_0,pelvis,brass,candidate_solid,1,144.42526468736992,../../revM/manny/parts/thigh_r_flex_M_board_post_0.step,Custom AF3.5 male/female M2 spacer; 2.5 mm nominal engagement in metal eye
thigh_r_flex_M_PCB_edge_saddle_0,pelvis,frame,candidate_solid,1,113.59734577831263,../../revM/manny/parts/thigh_r_flex_M_PCB_edge_saddle_0.step,
thigh_r_flex_M_PCB_edge_cap_0,pelvis,nylon,candidate_solid,1,46.23893831132491,../../revM/manny/parts/thigh_r_flex_M_PCB_edge_cap_0.step,
thigh_r_flex_M_PCB_M2x6_0,pelvis,nylon,candidate_solid,1,38.803874858536105,../../revM/manny/parts/thigh_r_flex_M_PCB_M2x6_0.step,
thigh_r_flex_M_board_post_1,pelvis,brass,candidate_solid,1,144.42526468736992,../../revM/manny/parts/thigh_r_flex_M_board_post_1.step,Custom AF3.5 male/female M2 spacer; 2.5 mm nominal engagement in metal eye
thigh_r_flex_M_PCB_edge_saddle_1,pelvis,frame,candidate_solid,1,113.59734577831266,../../revM/manny/parts/thigh_r_flex_M_PCB_edge_saddle_1.step,
thigh_r_flex_M_PCB_edge_cap_1,pelvis,nylon,candidate_solid,1,46.2389383113249,../../revM/manny/parts/thigh_r_flex_M_PCB_edge_cap_1.step,
thigh_r_flex_M_PCB_M2x6_1,pelvis,nylon,candidate_solid,1,38.803874858536105,../../revM/manny/parts/thigh_r_flex_M_PCB_M2x6_1.step,
thigh_r_flex_M_pcb_AS5048A,pelvis,pcb_component,candidate_solid,1,19.559259977171116,../../revM/manny/parts/thigh_r_flex_M_pcb_AS5048A.step,actual_KiCad_STEP
thigh_r_flex_M_pcb_C1,pelvis,pcb_component,candidate_solid,1,0.9303638934211735,../../revM/manny/parts/thigh_r_flex_M_pcb_C1.step,actual_KiCad_STEP
thigh_r_flex_M_pcb_C2,pelvis,pcb_component,candidate_solid,1,3.501750000000011,../../revM/manny/parts/thigh_r_flex_M_pcb_C2.step,"Murata GRM219R61E106KA12D 10 uF 25 V X5R, max .95 mm body + .10 mm solder seating allocation"
thigh_r_flex_M_pcb_R1,pelvis,pcb_component,candidate_solid,1,0.537218760197623,../../revM/manny/parts/thigh_r_flex_M_pcb_R1.step,actual_KiCad_STEP
thigh_r_flex_M_pcb_R2,pelvis,pcb_component,candidate_solid,1,0.5372187601976355,../../revM/manny/parts/thigh_r_flex_M_pcb_R2.step,actual_KiCad_STEP
thigh_r_flex_M_pcb_board,pelvis,pcb,candidate_solid,1,107.3799999999999,../../revM/manny/parts/thigh_r_flex_M_pcb_board.step,actual_KiCad_STEP
thigh_r_flex_M_pcb_J1_dimension_envelope,pelvis,pcb_component,candidate_solid,1,297.7919999999994,../../revM/manny/parts/thigh_r_flex_M_pcb_J1_dimension_envelope.step,"JST SM06B-SRSS-TB side-entry SH6, conservative 9.4 x9.6 x3.3 mm mated plug allocation; cable bend remains a separate harness requirement"
thigh_r_abduct_M_fixed_metal_eye,thigh_r.flex_frame,aluminum_7075,candidate_solid,1,3245.272529323882,../../revM/manny/parts/thigh_r_abduct_M_fixed_metal_eye.step,"Machined 6061-T6 eye; 2 x M3 tapped mounting holes; friction lining reacts into this eye; integral angular travel guards reacting directly into bearing eye; D14.50 x0.85 upper retaining counterbore, flat Z3.15"
thigh_r_abduct_M_radial_bush,thigh_r.flex_frame,pom,candidate_solid,1,138.80021299272514,../../revM/manny/parts/thigh_r_abduct_M_radial_bush.step,"D6 journal +0.06 mm nominal diametral clearance; not part of axial preload loop; D14.40 x0.70 flange at Z3.20..3.90, captured below thrust washer Z4.00; 0.15 total nominal axial float"
thigh_r_abduct_M_friction_lining,thigh_r.flex_frame,peek,candidate_solid,1,754.2792379269968,../../revM/manny/parts/thigh_r_abduct_M_friction_lining.step,"1 mm replaceable lining with positive edge tabs; friction coefficient is an untested assumption; unfilled machined PEEK candidate, dry contact; actual torque and creep must be qualified"
thigh_r_abduct_M_flanged_rotor_shaft,thigh_r.abduct_frame,aluminum_7075,candidate_solid,1,3320.563399347157,../../revM/manny/parts/thigh_r_abduct_M_flanged_rotor_shaft.step,"Integral D6 drive, journal and friction flange; blind M3 end thread and M2 radial retention; no threaded running surface; integral load-bearing flange stop tab; magnetic cup is not a stop; D8/flat3.5 output below flange, D6 journal preserved; 7075-T6 material candidate; radial M2 pilot retained"
thigh_r_abduct_M_thrust_wear_washer,thigh_r.flex_frame,ptfe_composite,candidate_solid,1,353.4291735288517,../../revM/manny/parts/thigh_r_abduct_M_thrust_wear_washer.step,SKF PCMW102001.5 E envelope; radial bush is unloaded axially
thigh_r_abduct_M_spring_seat,thigh_r.abduct_frame,spring,candidate_solid,1,141.98427997899066,../../revM/manny/parts/thigh_r_abduct_M_spring_seat.step,
thigh_r_abduct_M_disc_spring_0_0,thigh_r.abduct_frame,spring,candidate_solid,1,49.74397807694073,../../revM/manny/parts/thigh_r_abduct_M_disc_spring_0_0.step,"SCHNORR 002200; 2 nested parallel per group, two groups opposed in series"
thigh_r_abduct_M_disc_spring_0_1,thigh_r.abduct_frame,spring,candidate_solid,1,49.74397807694073,../../revM/manny/parts/thigh_r_abduct_M_disc_spring_0_1.step,"SCHNORR 002200; 2 nested parallel per group, two groups opposed in series"
thigh_r_abduct_M_disc_spring_1_0,thigh_r.abduct_frame,spring,candidate_solid,1,49.74397807694071,../../revM/manny/parts/thigh_r_abduct_M_disc_spring_1_0.step,"SCHNORR 002200; 2 nested parallel per group, two groups opposed in series"
thigh_r_abduct_M_disc_spring_1_1,thigh_r.abduct_frame,spring,candidate_solid,1,49.743978076940785,../../revM/manny/parts/thigh_r_abduct_M_disc_spring_1_1.step,"SCHNORR 002200; 2 nested parallel per group, two groups opposed in series"
thigh_r_abduct_M_D_stop_cap,thigh_r.abduct_frame,aluminum,candidate_solid,1,336.39279423290077,../../revM/manny/parts/thigh_r_abduct_M_D_stop_cap.step,Metal shoulder fixes nominal spring height; actual preload requires selected shims and a physical torque test
thigh_r_abduct_M_M3x8_button_retainer,thigh_r.abduct_frame,titanium,candidate_solid,1,95.0500195273655,../../revM/manny/parts/thigh_r_abduct_M_M3x8_button_retainer.step,Accu SSB-M3-8-TI5 nominal head envelope; thread and bearing stress unqualified
thigh_r_abduct_M_keyed_magnet_cup,thigh_r.abduct_frame,aluminum,candidate_solid,1,1046.485024640731,../../revM/manny/parts/thigh_r_abduct_M_keyed_magnet_cup.step,External D key transmits angle; 0.05 mm nominal fit and two radial brass retainers
thigh_r_abduct_M_cup_M2x4_0,thigh_r.abduct_frame,brass,candidate_solid,1,12.566370614359162,../../revM/manny/parts/thigh_r_abduct_M_cup_M2x4_0.step,Thread envelope; slotted brass M2x4
thigh_r_abduct_M_cup_M2x4_1,thigh_r.abduct_frame,brass,candidate_solid,1,12.566370614359162,../../revM/manny/parts/thigh_r_abduct_M_cup_M2x4_1.step,Thread envelope; slotted brass M2x4
thigh_r_abduct_M_diametric_magnet_6x2p5,thigh_r.abduct_frame,magnet,candidate_solid,1,70.68583470577032,../../revM/manny/parts/thigh_r_abduct_M_diametric_magnet_6x2p5.step,Diametric magnet; magnetic field and interference require bench qualification
thigh_r_abduct_M_magnet_keeper,thigh_r.abduct_frame,frame,candidate_solid,1,336.0945687869488,../../revM/manny/parts/thigh_r_abduct_M_magnet_keeper.step,"1.2 mm radial wall, 0.20 mm nominal radial fit allowance, 0.8 mm face; mechanical retention outside sensor air gap"
thigh_r_abduct_M_keeper_M2x3_0,thigh_r.abduct_frame,brass,candidate_solid,1,9.424777960769365,../../revM/manny/parts/thigh_r_abduct_M_keeper_M2x3_0.step,Slotted brass M2x3 thread envelope
thigh_r_abduct_M_keeper_M2x3_1,thigh_r.abduct_frame,brass,candidate_solid,1,9.424777960769365,../../revM/manny/parts/thigh_r_abduct_M_keeper_M2x3_1.step,Slotted brass M2x3 thread envelope
thigh_r_abduct_M_D_output_cleat,thigh_r.abduct_frame,aluminum_7075,candidate_solid,1,1808.8425503466397,../../revM/manny/parts/thigh_r_abduct_M_D_output_cleat.step,"Two M3 attachment bores; drive on D-flat, axial retention by radial M2 into shaft; enlarged D8 output bore matches strengthened high-load shaft"
thigh_r_abduct_M_output_M2x6,thigh_r.abduct_frame,brass,candidate_solid,1,41.53185488045709,../../revM/manny/parts/thigh_r_abduct_M_output_M2x6.step,Nominal M2x6 radial retainer; install before connecting distal segment
thigh_r_abduct_M_board_post_0,thigh_r.flex_frame,brass,candidate_solid,1,144.4252646873703,../../revM/manny/parts/thigh_r_abduct_M_board_post_0.step,Custom AF3.5 male/female M2 spacer; 2.5 mm nominal engagement in metal eye
thigh_r_abduct_M_PCB_edge_saddle_0,thigh_r.flex_frame,frame,candidate_solid,1,113.59734577831266,../../revM/manny/parts/thigh_r_abduct_M_PCB_edge_saddle_0.step,
thigh_r_abduct_M_PCB_edge_cap_0,thigh_r.flex_frame,nylon,candidate_solid,1,46.23893831132492,../../revM/manny/parts/thigh_r_abduct_M_PCB_edge_cap_0.step,
thigh_r_abduct_M_PCB_M2x6_0,thigh_r.flex_frame,nylon,candidate_solid,1,38.8038748585362,../../revM/manny/parts/thigh_r_abduct_M_PCB_M2x6_0.step,
thigh_r_abduct_M_board_post_1,thigh_r.flex_frame,brass,candidate_solid,1,144.42526468737,../../revM/manny/parts/thigh_r_abduct_M_board_post_1.step,Custom AF3.5 male/female M2 spacer; 2.5 mm nominal engagement in metal eye
thigh_r_abduct_M_PCB_edge_saddle_1,thigh_r.flex_frame,frame,candidate_solid,1,113.59734577831264,../../revM/manny/parts/thigh_r_abduct_M_PCB_edge_saddle_1.step,
thigh_r_abduct_M_PCB_edge_cap_1,thigh_r.flex_frame,nylon,candidate_solid,1,46.238938311324894,../../revM/manny/parts/thigh_r_abduct_M_PCB_edge_cap_1.step,
thigh_r_abduct_M_PCB_M2x6_1,thigh_r.flex_frame,nylon,candidate_solid,1,38.80387485853612,../../revM/manny/parts/thigh_r_abduct_M_PCB_M2x6_1.step,
thigh_r_abduct_M_pcb_AS5048A,thigh_r.flex_frame,pcb_component,candidate_solid,1,19.55925997717115,../../revM/manny/parts/thigh_r_abduct_M_pcb_AS5048A.step,actual_KiCad_STEP
thigh_r_abduct_M_pcb_C1,thigh_r.flex_frame,pcb_component,candidate_solid,1,0.9303638934211744,../../revM/manny/parts/thigh_r_abduct_M_pcb_C1.step,actual_KiCad_STEP
thigh_r_abduct_M_pcb_C2,thigh_r.flex_frame,pcb_component,candidate_solid,1,3.501750000000031,../../revM/manny/parts/thigh_r_abduct_M_pcb_C2.step,"Murata GRM219R61E106KA12D 10 uF 25 V X5R, max .95 mm body + .10 mm solder seating allocation"
thigh_r_abduct_M_pcb_R1,thigh_r.flex_frame,pcb_component,candidate_solid,1,0.5372187601976229,../../revM/manny/parts/thigh_r_abduct_M_pcb_R1.step,actual_KiCad_STEP
thigh_r_abduct_M_pcb_R2,thigh_r.flex_frame,pcb_component,candidate_solid,1,0.537218760197636,../../revM/manny/parts/thigh_r_abduct_M_pcb_R2.step,actual_KiCad_STEP
thigh_r_abduct_M_pcb_board,thigh_r.flex_frame,pcb,candidate_solid,1,107.3799999999999,../../revM/manny/parts/thigh_r_abduct_M_pcb_board.step,actual_KiCad_STEP
thigh_r_abduct_M_pcb_J1_dimension_envelope,thigh_r.flex_frame,pcb_component,candidate_solid,1,297.7919999999995,../../revM/manny/parts/thigh_r_abduct_M_pcb_J1_dimension_envelope.step,"JST SM06B-SRSS-TB side-entry SH6, conservative 9.4 x9.6 x3.3 mm mated plug allocation; cable bend remains a separate harness requirement"
thigh_r_flex_M_rotor_mount_M3x12_0,thigh_r.flex_frame,metal,candidate_solid,1,147.97889681476417,../../revM/manny/parts/thigh_r_flex_M_rotor_mount_M3x12_0.step,M3x12 socket screw; unmodelled helical thread
thigh_r_flex_M_rotor_mount_nut_M3_0,thigh_r.flex_frame,metal,candidate_solid,1,51.0924718637885,../../revM/manny/parts/thigh_r_flex_M_rotor_mount_nut_M3_0.step,M3 nut envelope; removable thread locking method pending
thigh_r_flex_M_rotor_mount_M3x12_1,thigh_r.flex_frame,metal,candidate_solid,1,147.97889681476417,../../revM/manny/parts/thigh_r_flex_M_rotor_mount_M3x12_1.step,M3x12 socket screw; unmodelled helical thread
thigh_r_flex_M_rotor_mount_nut_M3_1,thigh_r.flex_frame,metal,candidate_solid,1,51.092471863788504,../../revM/manny/parts/thigh_r_flex_M_rotor_mount_nut_M3_1.step,M3 nut envelope; removable thread locking method pending
thigh_r_abduct_M_fixed_mount_M3x8_0,thigh_r.flex_frame,metal,candidate_solid,1,120.24582880982123,../../revM/manny/parts/thigh_r_abduct_M_fixed_mount_M3x8_0.step,M3x8 from outer carrier face into metal eye; 3 mm nominal threaded engagement
thigh_r_abduct_M_fixed_mount_M3x8_1,thigh_r.flex_frame,metal,candidate_solid,1,120.24582880982123,../../revM/manny/parts/thigh_r_abduct_M_fixed_mount_M3x8_1.step,M3x8 from outer carrier face into metal eye; 3 mm nominal threaded engagement
thigh_r_flex_M_intermediate_frame,thigh_r.flex_frame,aluminum_7075,candidate_solid,1,3790.12475744506,../../revM/manny/parts/thigh_r_flex_M_intermediate_frame.step,Bolted frame between concentric orthogonal axes; no offset of anatomical pivot
thigh_r_twist_M_fixed_metal_eye,thigh_r.abduct_frame,aluminum_7075,candidate_solid,1,3287.337420606279,../../revM/manny/parts/thigh_r_twist_M_fixed_metal_eye.step,"Machined 6061-T6 eye; 2 x M3 tapped mounting holes; friction lining reacts into this eye; integral angular travel guards reacting directly into bearing eye; D14.50 x0.85 upper retaining counterbore, flat Z3.15"
thigh_r_twist_M_radial_bush,thigh_r.abduct_frame,pom,candidate_solid,1,138.80021299272374,../../revM/manny/parts/thigh_r_twist_M_radial_bush.step,"D6 journal +0.06 mm nominal diametral clearance; not part of axial preload loop; D14.40 x0.70 flange at Z3.20..3.90, captured below thrust washer Z4.00; 0.15 total nominal axial float"
thigh_r_twist_M_friction_lining,thigh_r.abduct_frame,peek,candidate_solid,1,754.2792379269971,../../revM/manny/parts/thigh_r_twist_M_friction_lining.step,"1 mm replaceable lining with positive edge tabs; friction coefficient is an untested assumption; unfilled machined PEEK candidate, dry contact; actual torque and creep must be qualified"
thigh_r_twist_M_flanged_rotor_shaft,thigh_r,aluminum_7075,candidate_solid,1,3320.563399347161,../../revM/manny/parts/thigh_r_twist_M_flanged_rotor_shaft.step,"Integral D6 drive, journal and friction flange; blind M3 end thread and M2 radial retention; no threaded running surface; integral load-bearing flange stop tab; magnetic cup is not a stop; D8/flat3.5 output below flange, D6 journal preserved; 7075-T6 material candidate; radial M2 pilot retained"
thigh_r_twist_M_thrust_wear_washer,thigh_r.abduct_frame,ptfe_composite,candidate_solid,1,353.42917352885183,../../revM/manny/parts/thigh_r_twist_M_thrust_wear_washer.step,SKF PCMW102001.5 E envelope; radial bush is unloaded axially
thigh_r_twist_M_spring_seat,thigh_r,spring,candidate_solid,1,141.9842799789908,../../revM/manny/parts/thigh_r_twist_M_spring_seat.step,
thigh_r_twist_M_disc_spring_0_0,thigh_r,spring,candidate_solid,1,49.743978076940635,../../revM/manny/parts/thigh_r_twist_M_disc_spring_0_0.step,"SCHNORR 002200; 2 nested parallel per group, two groups opposed in series"
thigh_r_twist_M_disc_spring_0_1,thigh_r,spring,candidate_solid,1,49.74397807694062,../../revM/manny/parts/thigh_r_twist_M_disc_spring_0_1.step,"SCHNORR 002200; 2 nested parallel per group, two groups opposed in series"
thigh_r_twist_M_disc_spring_1_0,thigh_r,spring,candidate_solid,1,49.743978076940635,../../revM/manny/parts/thigh_r_twist_M_disc_spring_1_0.step,"SCHNORR 002200; 2 nested parallel per group, two groups opposed in series"
thigh_r_twist_M_disc_spring_1_1,thigh_r,spring,candidate_solid,1,49.743978076940635,../../revM/manny/parts/thigh_r_twist_M_disc_spring_1_1.step,"SCHNORR 002200; 2 nested parallel per group, two groups opposed in series"
thigh_r_twist_M_D_stop_cap,thigh_r,aluminum,candidate_solid,1,336.3927942329005,../../revM/manny/parts/thigh_r_twist_M_D_stop_cap.step,Metal shoulder fixes nominal spring height; actual preload requires selected shims and a physical torque test
thigh_r_twist_M_M3x8_button_retainer,thigh_r,titanium,candidate_solid,1,95.05001952736495,../../revM/manny/parts/thigh_r_twist_M_M3x8_button_retainer.step,Accu SSB-M3-8-TI5 nominal head envelope; thread and bearing stress unqualified
thigh_r_twist_M_keyed_magnet_cup,thigh_r,aluminum,candidate_solid,1,1046.4850246407336,../../revM/manny/parts/thigh_r_twist_M_keyed_magnet_cup.step,External D key transmits angle; 0.05 mm nominal fit and two radial brass retainers
thigh_r_twist_M_cup_M2x4_0,thigh_r,brass,candidate_solid,1,12.566370614359155,../../revM/manny/parts/thigh_r_twist_M_cup_M2x4_0.step,Thread envelope; slotted brass M2x4
thigh_r_twist_M_cup_M2x4_1,thigh_r,brass,candidate_solid,1,12.566370614359153,../../revM/manny/parts/thigh_r_twist_M_cup_M2x4_1.step,Thread envelope; slotted brass M2x4
thigh_r_twist_M_diametric_magnet_6x2p5,thigh_r,magnet,candidate_solid,1,70.68583470577039,../../revM/manny/parts/thigh_r_twist_M_diametric_magnet_6x2p5.step,Diametric magnet; magnetic field and interference require bench qualification
thigh_r_twist_M_magnet_keeper,thigh_r,frame,candidate_solid,1,336.0945687869436,../../revM/manny/parts/thigh_r_twist_M_magnet_keeper.step,"1.2 mm radial wall, 0.20 mm nominal radial fit allowance, 0.8 mm face; mechanical retention outside sensor air gap"
thigh_r_twist_M_keeper_M2x3_0,thigh_r,brass,candidate_solid,1,9.424777960769365,../../revM/manny/parts/thigh_r_twist_M_keeper_M2x3_0.step,Slotted brass M2x3 thread envelope
thigh_r_twist_M_keeper_M2x3_1,thigh_r,brass,candidate_solid,1,9.424777960769365,../../revM/manny/parts/thigh_r_twist_M_keeper_M2x3_1.step,Slotted brass M2x3 thread envelope
thigh_r_twist_M_D_output_cleat,thigh_r,aluminum_7075,candidate_solid,1,1808.8425503466572,../../revM/manny/parts/thigh_r_twist_M_D_output_cleat.step,"Two M3 attachment bores; drive on D-flat, axial retention by radial M2 into shaft; enlarged D8 output bore matches strengthened high-load shaft"
thigh_r_twist_M_output_M2x6,thigh_r,brass,candidate_solid,1,41.531854880456805,../../revM/manny/parts/thigh_r_twist_M_output_M2x6.step,Nominal M2x6 radial retainer; install before connecting distal segment
thigh_r_twist_M_board_post_0,thigh_r.abduct_frame,brass,candidate_solid,1,144.42526468737003,../../revM/manny/parts/thigh_r_twist_M_board_post_0.step,Custom AF3.5 male/female M2 spacer; 2.5 mm nominal engagement in metal eye
thigh_r_twist_M_PCB_edge_saddle_0,thigh_r.abduct_frame,frame,candidate_solid,1,113.59734577831266,../../revM/manny/parts/thigh_r_twist_M_PCB_edge_saddle_0.step,
thigh_r_twist_M_PCB_edge_cap_0,thigh_r.abduct_frame,nylon,candidate_solid,1,46.23893831132234,../../revM/manny/parts/thigh_r_twist_M_PCB_edge_cap_0.step,
thigh_r_twist_M_PCB_M2x6_0,thigh_r.abduct_frame,nylon,candidate_solid,1,38.80387485853611,../../revM/manny/parts/thigh_r_twist_M_PCB_M2x6_0.step,
thigh_r_twist_M_board_post_1,thigh_r.abduct_frame,brass,candidate_solid,1,144.42526468737006,../../revM/manny/parts/thigh_r_twist_M_board_post_1.step,Custom AF3.5 male/female M2 spacer; 2.5 mm nominal engagement in metal eye
thigh_r_twist_M_PCB_edge_saddle_1,thigh_r.abduct_frame,frame,candidate_solid,1,113.59734577831264,../../revM/manny/parts/thigh_r_twist_M_PCB_edge_saddle_1.step,
thigh_r_twist_M_PCB_edge_cap_1,thigh_r.abduct_frame,nylon,candidate_solid,1,46.23893831132232,../../revM/manny/parts/thigh_r_twist_M_PCB_edge_cap_1.step,
thigh_r_twist_M_PCB_M2x6_1,thigh_r.abduct_frame,nylon,candidate_solid,1,38.80387485853611,../../revM/manny/parts/thigh_r_twist_M_PCB_M2x6_1.step,
thigh_r_twist_M_pcb_AS5048A,thigh_r.abduct_frame,pcb_component,candidate_solid,1,19.559259977170946,../../revM/manny/parts/thigh_r_twist_M_pcb_AS5048A.step,actual_KiCad_STEP
thigh_r_twist_M_pcb_C1,thigh_r.abduct_frame,pcb_component,candidate_solid,1,0.9303638934211573,../../revM/manny/parts/thigh_r_twist_M_pcb_C1.step,actual_KiCad_STEP
thigh_r_twist_M_pcb_C2,thigh_r.abduct_frame,pcb_component,candidate_solid,1,3.50175000000004,../../revM/manny/parts/thigh_r_twist_M_pcb_C2.step,"Murata GRM219R61E106KA12D 10 uF 25 V X5R, max .95 mm body + .10 mm solder seating allocation"
thigh_r_twist_M_pcb_R1,thigh_r.abduct_frame,pcb_component,candidate_solid,1,0.5372187601976182,../../revM/manny/parts/thigh_r_twist_M_pcb_R1.step,actual_KiCad_STEP
thigh_r_twist_M_pcb_R2,thigh_r.abduct_frame,pcb_component,candidate_solid,1,0.5372187601976182,../../revM/manny/parts/thigh_r_twist_M_pcb_R2.step,actual_KiCad_STEP
thigh_r_twist_M_pcb_board,thigh_r.abduct_frame,pcb,candidate_solid,1,107.380000000001,../../revM/manny/parts/thigh_r_twist_M_pcb_board.step,actual_KiCad_STEP
thigh_r_twist_M_pcb_J1_dimension_envelope,thigh_r.abduct_frame,pcb_component,candidate_solid,1,297.79199999999594,../../revM/manny/parts/thigh_r_twist_M_pcb_J1_dimension_envelope.step,"JST SM06B-SRSS-TB side-entry SH6, conservative 9.4 x9.6 x3.3 mm mated plug allocation; cable bend remains a separate harness requirement"
thigh_r_abduct_M_rotor_mount_M3x12_0,thigh_r.abduct_frame,metal,candidate_solid,1,147.97889681476417,../../revM/manny/parts/thigh_r_abduct_M_rotor_mount_M3x12_0.step,M3x12 socket screw; unmodelled helical thread
thigh_r_abduct_M_rotor_mount_nut_M3_0,thigh_r.abduct_frame,metal,candidate_solid,1,51.09247186378853,../../revM/manny/parts/thigh_r_abduct_M_rotor_mount_nut_M3_0.step,M3 nut envelope; removable thread locking method pending
thigh_r_abduct_M_rotor_mount_M3x12_1,thigh_r.abduct_frame,metal,candidate_solid,1,147.97889681476417,../../revM/manny/parts/thigh_r_abduct_M_rotor_mount_M3x12_1.step,M3x12 socket screw; unmodelled helical thread
thigh_r_abduct_M_rotor_mount_nut_M3_1,thigh_r.abduct_frame,metal,candidate_solid,1,51.09247186378853,../../revM/manny/parts/thigh_r_abduct_M_rotor_mount_nut_M3_1.step,M3 nut envelope; removable thread locking method pending
thigh_r_twist_M_fixed_mount_M3x8_0,thigh_r.abduct_frame,metal,candidate_solid,1,120.24582880982102,../../revM/manny/parts/thigh_r_twist_M_fixed_mount_M3x8_0.step,M3x8 from outer carrier face into metal eye; 3 mm nominal threaded engagement
thigh_r_twist_M_fixed_mount_M3x8_1,thigh_r.abduct_frame,metal,candidate_solid,1,120.24582880982102,../../revM/manny/parts/thigh_r_twist_M_fixed_mount_M3x8_1.step,M3x8 from outer carrier face into metal eye; 3 mm nominal threaded engagement
thigh_r_twist_M_axial_carrier,thigh_r.abduct_frame,aluminum_7075,candidate_solid,1,3319.6136396621955,../../revM/manny/parts/thigh_r_twist_M_axial_carrier.step,Twist cartridge translated along the original axial line; bolt-on carrier beneath the orthogonal pair
calf_r_flex_M_fixed_metal_eye,thigh_r,aluminum_7075,candidate_solid,1,3287.3374206062044,../../revM/manny/parts/calf_r_flex_M_fixed_metal_eye.step,"Machined 6061-T6 eye; 2 x M3 tapped mounting holes; friction lining reacts into this eye; integral angular travel guards reacting directly into bearing eye; D14.50 x0.85 upper retaining counterbore, flat Z3.15"
calf_r_flex_M_radial_bush,thigh_r,pom,candidate_solid,1,138.80021299272494,../../revM/manny/parts/calf_r_flex_M_radial_bush.step,"D6 journal +0.06 mm nominal diametral clearance; not part of axial preload loop; D14.40 x0.70 flange at Z3.20..3.90, captured below thrust washer Z4.00; 0.15 total nominal axial float"
calf_r_flex_M_friction_lining,thigh_r,peek,candidate_solid,1,754.2792379269968,../../revM/manny/parts/calf_r_flex_M_friction_lining.step,"1 mm replaceable lining with positive edge tabs; friction coefficient is an untested assumption; unfilled machined PEEK candidate, dry contact; actual torque and creep must be qualified"
calf_r_flex_M_flanged_rotor_shaft,calf_r,aluminum_7075,candidate_solid,1,3286.6341986883886,../../revM/manny/parts/calf_r_flex_M_flanged_rotor_shaft.step,"Integral D6 drive, journal and friction flange; blind M3 end thread and M2 radial retention; no threaded running surface; integral load-bearing flange stop tab; magnetic cup is not a stop; D8/flat3.5 output below flange, D6 journal preserved; 7075-T6 material candidate; radial M2 pilot retained"
calf_r_flex_M_thrust_wear_washer,thigh_r,ptfe_composite,candidate_solid,1,353.4291735288517,../../revM/manny/parts/calf_r_flex_M_thrust_wear_washer.step,SKF PCMW102001.5 E envelope; radial bush is unloaded axially
calf_r_flex_M_spring_seat,calf_r,spring,candidate_solid,1,141.9842799789908,../../revM/manny/parts/calf_r_flex_M_spring_seat.step,
calf_r_flex_M_disc_spring_0_0,calf_r,spring,candidate_solid,1,49.74397807694079,../../revM/manny/parts/calf_r_flex_M_disc_spring_0_0.step,"SCHNORR 002200; 1 nested parallel per group, two groups opposed in series"
calf_r_flex_M_disc_spring_1_0,calf_r,spring,candidate_solid,1,49.743978076940586,../../revM/manny/parts/calf_r_flex_M_disc_spring_1_0.step,"SCHNORR 002200; 1 nested parallel per group, two groups opposed in series"
calf_r_flex_M_D_stop_cap,calf_r,aluminum,candidate_solid,1,336.3927942329006,../../revM/manny/parts/calf_r_flex_M_D_stop_cap.step,Metal shoulder fixes nominal spring height; actual preload requires selected shims and a physical torque test
calf_r_flex_M_M3x8_button_retainer,calf_r,titanium,candidate_solid,1,95.05001952736511,../../revM/manny/parts/calf_r_flex_M_M3x8_button_retainer.step,Accu SSB-M3-8-TI5 nominal head envelope; thread and bearing stress unqualified
calf_r_flex_M_keyed_magnet_cup,calf_r,aluminum,candidate_solid,1,1046.4850246407316,../../revM/manny/parts/calf_r_flex_M_keyed_magnet_cup.step,External D key transmits angle; 0.05 mm nominal fit and two radial brass retainers
calf_r_flex_M_cup_M2x4_0,calf_r,brass,candidate_solid,1,12.566370614359187,../../revM/manny/parts/calf_r_flex_M_cup_M2x4_0.step,Thread envelope; slotted brass M2x4
calf_r_flex_M_cup_M2x4_1,calf_r,brass,candidate_solid,1,12.56637061435919,../../revM/manny/parts/calf_r_flex_M_cup_M2x4_1.step,Thread envelope; slotted brass M2x4
calf_r_flex_M_diametric_magnet_6x2p5,calf_r,magnet,candidate_solid,1,70.68583470577038,../../revM/manny/parts/calf_r_flex_M_diametric_magnet_6x2p5.step,Diametric magnet; magnetic field and interference require bench qualification
calf_r_flex_M_magnet_keeper,calf_r,frame,candidate_solid,1,336.09456875213874,../../revM/manny/parts/calf_r_flex_M_magnet_keeper.step,"1.2 mm radial wall, 0.20 mm nominal radial fit allowance, 0.8 mm face; mechanical retention outside sensor air gap"
calf_r_flex_M_keeper_M2x3_0,calf_r,brass,candidate_solid,1,9.424777960769395,../../revM/manny/parts/calf_r_flex_M_keeper_M2x3_0.step,Slotted brass M2x3 thread envelope
calf_r_flex_M_keeper_M2x3_1,calf_r,brass,candidate_solid,1,9.424777960769394,../../revM/manny/parts/calf_r_flex_M_keeper_M2x3_1.step,Slotted brass M2x3 thread envelope
calf_r_flex_M_D_output_cleat,calf_r,aluminum_7075,candidate_solid,1,1808.8425503466356,../../revM/manny/parts/calf_r_flex_M_D_output_cleat.step,"Two M3 attachment bores; drive on D-flat, axial retention by radial M2 into shaft; enlarged D8 output bore matches strengthened high-load shaft"
calf_r_flex_M_output_M2x6,calf_r,brass,candidate_solid,1,41.531854880457075,../../revM/manny/parts/calf_r_flex_M_output_M2x6.step,Nominal M2x6 radial retainer; install before connecting distal segment
calf_r_flex_M_board_post_0,thigh_r,brass,candidate_solid,1,131.69469125173862,../../revM/manny/parts/calf_r_flex_M_board_post_0.step,Custom AF3.5 male/female M2 spacer; 2.5 mm nominal engagement in metal eye
calf_r_flex_M_PCB_edge_saddle_0,thigh_r,frame,candidate_solid,1,113.59734577831225,../../revM/manny/parts/calf_r_flex_M_PCB_edge_saddle_0.step,
calf_r_flex_M_PCB_edge_cap_0,thigh_r,nylon,candidate_solid,1,46.238938311324794,../../revM/manny/parts/calf_r_flex_M_PCB_edge_cap_0.step,
calf_r_flex_M_PCB_M2x6_0,thigh_r,nylon,candidate_solid,1,38.803874858535856,../../revM/manny/parts/calf_r_flex_M_PCB_M2x6_0.step,
calf_r_flex_M_board_post_1,thigh_r,brass,candidate_solid,1,131.69469125173862,../../revM/manny/parts/calf_r_flex_M_board_post_1.step,Custom AF3.5 male/female M2 spacer; 2.5 mm nominal engagement in metal eye
calf_r_flex_M_PCB_edge_saddle_1,thigh_r,frame,candidate_solid,1,113.59734577831223,../../revM/manny/parts/calf_r_flex_M_PCB_edge_saddle_1.step,
calf_r_flex_M_PCB_edge_cap_1,thigh_r,nylon,candidate_solid,1,46.238938311324794,../../revM/manny/parts/calf_r_flex_M_PCB_edge_cap_1.step,
calf_r_flex_M_PCB_M2x6_1,thigh_r,nylon,candidate_solid,1,38.803874858535856,../../revM/manny/parts/calf_r_flex_M_PCB_M2x6_1.step,
calf_r_flex_M_pcb_AS5048A,thigh_r,pcb_component,candidate_solid,1,19.559259977171056,../../revM/manny/parts/calf_r_flex_M_pcb_AS5048A.step,actual_KiCad_STEP
calf_r_flex_M_pcb_C1,thigh_r,pcb_component,candidate_solid,1,0.9303638934211803,../../revM/manny/parts/calf_r_flex_M_pcb_C1.step,actual_KiCad_STEP
calf_r_flex_M_pcb_C2,thigh_r,pcb_component,candidate_solid,1,3.5017500000000017,../../revM/manny/parts/calf_r_flex_M_pcb_C2.step,"Murata GRM219R61E106KA12D 10 uF 25 V X5R, max .95 mm body + .10 mm solder seating allocation"
calf_r_flex_M_pcb_R1,thigh_r,pcb_component,candidate_solid,1,0.5372187601976299,../../revM/manny/parts/calf_r_flex_M_pcb_R1.step,actual_KiCad_STEP
calf_r_flex_M_pcb_R2,thigh_r,pcb_component,candidate_solid,1,0.53721876019763,../../revM/manny/parts/calf_r_flex_M_pcb_R2.step,actual_KiCad_STEP
calf_r_flex_M_pcb_board,thigh_r,pcb,candidate_solid,1,107.38000000000004,../../revM/manny/parts/calf_r_flex_M_pcb_board.step,actual_KiCad_STEP
calf_r_flex_M_pcb_J1_dimension_envelope,thigh_r,pcb_component,candidate_solid,1,297.79199999999923,../../revM/manny/parts/calf_r_flex_M_pcb_J1_dimension_envelope.step,"JST SM06B-SRSS-TB side-entry SH6, conservative 9.4 x9.6 x3.3 mm mated plug allocation; cable bend remains a separate harness requirement"
foot_r_dorsiflex_M_fixed_metal_eye,calf_r,aluminum_7075,candidate_solid,1,2326.8551214865106,../../revM/manny/parts/foot_r_dorsiflex_M_fixed_metal_eye.step,"Machined 6061-T6 eye; 2 x M3 tapped mounting holes; friction lining reacts into this eye; integral angular travel guards reacting directly into bearing eye; D14.50 x0.85 upper retaining counterbore, flat Z3.15"
foot_r_dorsiflex_M_radial_bush,calf_r,pom,candidate_solid,1,138.80021299272482,../../revM/manny/parts/foot_r_dorsiflex_M_radial_bush.step,"D6 journal +0.06 mm nominal diametral clearance; not part of axial preload loop; D14.40 x0.70 flange at Z3.20..3.90, captured below thrust washer Z4.00; 0.15 total nominal axial float"
foot_r_dorsiflex_M_friction_lining,calf_r,peek,candidate_solid,1,480.97031361419295,../../revM/manny/parts/foot_r_dorsiflex_M_friction_lining.step,"1 mm replaceable lining with positive edge tabs; friction coefficient is an untested assumption; unfilled machined PEEK candidate, dry contact; actual torque and creep must be qualified"
foot_r_dorsiflex_M_flanged_rotor_shaft,foot_r.dorsiflex_frame,aluminum_7075,candidate_solid,1,2266.3187904255337,../../revM/manny/parts/foot_r_dorsiflex_M_flanged_rotor_shaft.step,"Integral D6 drive, journal and friction flange; blind M3 end thread and M2 radial retention; no threaded running surface; integral load-bearing flange stop tab; magnetic cup is not a stop"
foot_r_dorsiflex_M_thrust_wear_washer,calf_r,ptfe_composite,candidate_solid,1,353.42917352885206,../../revM/manny/parts/foot_r_dorsiflex_M_thrust_wear_washer.step,SKF PCMW102001.5 E envelope; radial bush is unloaded axially
foot_r_dorsiflex_M_spring_seat,foot_r.dorsiflex_frame,spring,candidate_solid,1,141.9842799789908,../../revM/manny/parts/foot_r_dorsiflex_M_spring_seat.step,
foot_r_dorsiflex_M_disc_spring_0_0,foot_r.dorsiflex_frame,spring,candidate_solid,1,41.453315064117284,../../revM/manny/parts/foot_r_dorsiflex_M_disc_spring_0_0.step,"SCHNORR 002100; 1 nested parallel per group, two groups opposed in series"
foot_r_dorsiflex_M_disc_spring_1_0,foot_r.dorsiflex_frame,spring,candidate_solid,1,41.453315064117284,../../revM/manny/parts/foot_r_dorsiflex_M_disc_spring_1_0.step,"SCHNORR 002100; 1 nested parallel per group, two groups opposed in series"
foot_r_dorsiflex_M_D_stop_cap,foot_r.dorsiflex_frame,aluminum,candidate_solid,1,336.39279423290066,../../revM/manny/parts/foot_r_dorsiflex_M_D_stop_cap.step,Metal shoulder fixes nominal spring height; actual preload requires selected shims and a physical torque test
foot_r_dorsiflex_M_M3x8_button_retainer,foot_r.dorsiflex_frame,titanium,candidate_solid,1,95.0500195273652,../../revM/manny/parts/foot_r_dorsiflex_M_M3x8_button_retainer.step,Accu SSB-M3-8-TI5 nominal head envelope; thread and bearing stress unqualified
foot_r_dorsiflex_M_keyed_magnet_cup,foot_r.dorsiflex_frame,aluminum,candidate_solid,1,1046.485024640746,../../revM/manny/parts/foot_r_dorsiflex_M_keyed_magnet_cup.step,External D key transmits angle; 0.05 mm nominal fit and two radial brass retainers
foot_r_dorsiflex_M_cup_M2x4_0,foot_r.dorsiflex_frame,brass,candidate_solid,1,12.566370614359167,../../revM/manny/parts/foot_r_dorsiflex_M_cup_M2x4_0.step,Thread envelope; slotted brass M2x4
foot_r_dorsiflex_M_cup_M2x4_1,foot_r.dorsiflex_frame,brass,candidate_solid,1,12.566370614359165,../../revM/manny/parts/foot_r_dorsiflex_M_cup_M2x4_1.step,Thread envelope; slotted brass M2x4
foot_r_dorsiflex_M_diametric_magnet_6x2p5,foot_r.dorsiflex_frame,magnet,candidate_solid,1,70.68583470577039,../../revM/manny/parts/foot_r_dorsiflex_M_diametric_magnet_6x2p5.step,Diametric magnet; magnetic field and interference require bench qualification
foot_r_dorsiflex_M_magnet_keeper,foot_r.dorsiflex_frame,frame,candidate_solid,1,336.09456901550243,../../revM/manny/parts/foot_r_dorsiflex_M_magnet_keeper.step,"1.2 mm radial wall, 0.20 mm nominal radial fit allowance, 0.8 mm face; mechanical retention outside sensor air gap"
foot_r_dorsiflex_M_keeper_M2x3_0,foot_r.dorsiflex_frame,brass,candidate_solid,1,9.424777960769381,../../revM/manny/parts/foot_r_dorsiflex_M_keeper_M2x3_0.step,Slotted brass M2x3 thread envelope
foot_r_dorsiflex_M_keeper_M2x3_1,foot_r.dorsiflex_frame,brass,candidate_solid,1,9.424777960769383,../../revM/manny/parts/foot_r_dorsiflex_M_keeper_M2x3_1.step,Slotted brass M2x3 thread envelope
foot_r_dorsiflex_M_D_output_cleat,foot_r.dorsiflex_frame,aluminum,candidate_solid,1,1706.6550536711911,../../revM/manny/parts/foot_r_dorsiflex_M_D_output_cleat.step,"Two M3 attachment bores; drive on D-flat, axial retention by radial M2 into shaft"
foot_r_dorsiflex_M_output_M2x6,foot_r.dorsiflex_frame,brass,candidate_solid,1,41.53185488045709,../../revM/manny/parts/foot_r_dorsiflex_M_output_M2x6.step,Nominal M2x6 radial retainer; install before connecting distal segment
foot_r_dorsiflex_M_board_post_0,calf_r,brass,candidate_solid,1,129.57292901246666,../../revM/manny/parts/foot_r_dorsiflex_M_board_post_0.step,Custom AF3.5 male/female M2 spacer; 2.5 mm nominal engagement in metal eye
foot_r_dorsiflex_M_PCB_edge_saddle_0,calf_r,frame,candidate_solid,1,89.5973457783125,../../revM/manny/parts/foot_r_dorsiflex_M_PCB_edge_saddle_0.step,
foot_r_dorsiflex_M_PCB_edge_cap_0,calf_r,nylon,candidate_solid,1,36.638938311324935,../../revM/manny/parts/foot_r_dorsiflex_M_PCB_edge_cap_0.step,
foot_r_dorsiflex_M_PCB_M2x6_0,calf_r,nylon,candidate_solid,1,38.803874858536254,../../revM/manny/parts/foot_r_dorsiflex_M_PCB_M2x6_0.step,
foot_r_dorsiflex_M_board_post_1,calf_r,brass,candidate_solid,1,129.57292901246677,../../revM/manny/parts/foot_r_dorsiflex_M_board_post_1.step,Custom AF3.5 male/female M2 spacer; 2.5 mm nominal engagement in metal eye
foot_r_dorsiflex_M_PCB_edge_saddle_1,calf_r,frame,candidate_solid,1,89.59734577831235,../../revM/manny/parts/foot_r_dorsiflex_M_PCB_edge_saddle_1.step,
foot_r_dorsiflex_M_PCB_edge_cap_1,calf_r,nylon,candidate_solid,1,36.63893831132483,../../revM/manny/parts/foot_r_dorsiflex_M_PCB_edge_cap_1.step,
foot_r_dorsiflex_M_PCB_M2x6_1,calf_r,nylon,candidate_solid,1,38.803874858535856,../../revM/manny/parts/foot_r_dorsiflex_M_PCB_M2x6_1.step,
foot_r_dorsiflex_M_pcb_AS5048A,calf_r,pcb_component,candidate_solid,1,19.559259977171017,../../revM/manny/parts/foot_r_dorsiflex_M_pcb_AS5048A.step,actual_KiCad_STEP
foot_r_dorsiflex_M_pcb_C1,calf_r,pcb_component,candidate_solid,1,0.9303638934211826,../../revM/manny/parts/foot_r_dorsiflex_M_pcb_C1.step,actual_KiCad_STEP
foot_r_dorsiflex_M_pcb_C2,calf_r,pcb_component,candidate_solid,1,3.5017500000000013,../../revM/manny/parts/foot_r_dorsiflex_M_pcb_C2.step,"Murata GRM219R61E106KA12D 10 uF 25 V X5R, max .95 mm body + .10 mm solder seating allocation"
foot_r_dorsiflex_M_pcb_R1,calf_r,pcb_component,candidate_solid,1,0.5372187601976338,../../revM/manny/parts/foot_r_dorsiflex_M_pcb_R1.step,actual_KiCad_STEP
foot_r_dorsiflex_M_pcb_R2,calf_r,pcb_component,candidate_solid,1,0.5372187601976326,../../revM/manny/parts/foot_r_dorsiflex_M_pcb_R2.step,actual_KiCad_STEP
foot_r_dorsiflex_M_pcb_board,calf_r,pcb,candidate_solid,1,107.38000000000018,../../revM/manny/parts/foot_r_dorsiflex_M_pcb_board.step,actual_KiCad_STEP
foot_r_dorsiflex_M_pcb_J1_dimension_envelope,calf_r,pcb_component,candidate_solid,1,297.7919999999993,../../revM/manny/parts/foot_r_dorsiflex_M_pcb_J1_dimension_envelope.step,"JST SM06B-SRSS-TB side-entry SH6, conservative 9.4 x9.6 x3.3 mm mated plug allocation; cable bend remains a separate harness requirement"
foot_r_invert_M_fixed_metal_eye,foot_r.dorsiflex_frame,aluminum_7075,candidate_solid,1,2374.7284451694295,../../revM/manny/parts/foot_r_invert_M_fixed_metal_eye.step,"Machined 6061-T6 eye; 2 x M3 tapped mounting holes; friction lining reacts into this eye; integral angular travel guards reacting directly into bearing eye; D14.50 x0.85 upper retaining counterbore, flat Z3.15"
foot_r_invert_M_radial_bush,foot_r.dorsiflex_frame,pom,candidate_solid,1,138.80021299272443,../../revM/manny/parts/foot_r_invert_M_radial_bush.step,"D6 journal +0.06 mm nominal diametral clearance; not part of axial preload loop; D14.40 x0.70 flange at Z3.20..3.90, captured below thrust washer Z4.00; 0.15 total nominal axial float"
foot_r_invert_M_friction_lining,foot_r.dorsiflex_frame,peek,candidate_solid,1,480.97031361419295,../../revM/manny/parts/foot_r_invert_M_friction_lining.step,"1 mm replaceable lining with positive edge tabs; friction coefficient is an untested assumption; unfilled machined PEEK candidate, dry contact; actual torque and creep must be qualified"
foot_r_invert_M_flanged_rotor_shaft,foot_r,aluminum_7075,candidate_solid,1,2266.3187904255333,../../revM/manny/parts/foot_r_invert_M_flanged_rotor_shaft.step,"Integral D6 drive, journal and friction flange; blind M3 end thread and M2 radial retention; no threaded running surface; integral load-bearing flange stop tab; magnetic cup is not a stop"
foot_r_invert_M_thrust_wear_washer,foot_r.dorsiflex_frame,ptfe_composite,candidate_solid,1,353.429173528852,../../revM/manny/parts/foot_r_invert_M_thrust_wear_washer.step,SKF PCMW102001.5 E envelope; radial bush is unloaded axially
foot_r_invert_M_spring_seat,foot_r,spring,candidate_solid,1,141.9842799789908,../../revM/manny/parts/foot_r_invert_M_spring_seat.step,
foot_r_invert_M_disc_spring_0_0,foot_r,spring,candidate_solid,1,41.45331506411729,../../revM/manny/parts/foot_r_invert_M_disc_spring_0_0.step,"SCHNORR 002100; 1 nested parallel per group, two groups opposed in series"
foot_r_invert_M_disc_spring_1_0,foot_r,spring,candidate_solid,1,41.45331506411729,../../revM/manny/parts/foot_r_invert_M_disc_spring_1_0.step,"SCHNORR 002100; 1 nested parallel per group, two groups opposed in series"
foot_r_invert_M_D_stop_cap,foot_r,aluminum,candidate_solid,1,336.39279423290054,../../revM/manny/parts/foot_r_invert_M_D_stop_cap.step,Metal shoulder fixes nominal spring height; actual preload requires selected shims and a physical torque test
foot_r_invert_M_M3x8_button_retainer,foot_r,titanium,candidate_solid,1,95.05001952736518,../../revM/manny/parts/foot_r_invert_M_M3x8_button_retainer.step,Accu SSB-M3-8-TI5 nominal head envelope; thread and bearing stress unqualified
foot_r_invert_M_keyed_magnet_cup,foot_r,aluminum,candidate_solid,1,1046.4850246407457,../../revM/manny/parts/foot_r_invert_M_keyed_magnet_cup.step,External D key transmits angle; 0.05 mm nominal fit and two radial brass retainers
foot_r_invert_M_cup_M2x4_0,foot_r,brass,candidate_solid,1,12.566370614359172,../../revM/manny/parts/foot_r_invert_M_cup_M2x4_0.step,Thread envelope; slotted brass M2x4
foot_r_invert_M_cup_M2x4_1,foot_r,brass,candidate_solid,1,12.566370614359172,../../revM/manny/parts/foot_r_invert_M_cup_M2x4_1.step,Thread envelope; slotted brass M2x4
foot_r_invert_M_diametric_magnet_6x2p5,foot_r,magnet,candidate_solid,1,70.68583470577038,../../revM/manny/parts/foot_r_invert_M_diametric_magnet_6x2p5.step,Diametric magnet; magnetic field and interference require bench qualification
foot_r_invert_M_magnet_keeper,foot_r,frame,candidate_solid,1,336.09456901550226,../../revM/manny/parts/foot_r_invert_M_magnet_keeper.step,"1.2 mm radial wall, 0.20 mm nominal radial fit allowance, 0.8 mm face; mechanical retention outside sensor air gap"
foot_r_invert_M_keeper_M2x3_0,foot_r,brass,candidate_solid,1,9.424777960769383,../../revM/manny/parts/foot_r_invert_M_keeper_M2x3_0.step,Slotted brass M2x3 thread envelope
foot_r_invert_M_keeper_M2x3_1,foot_r,brass,candidate_solid,1,9.424777960769383,../../revM/manny/parts/foot_r_invert_M_keeper_M2x3_1.step,Slotted brass M2x3 thread envelope
foot_r_invert_M_D_output_cleat,foot_r,aluminum,candidate_solid,1,1706.6550536711898,../../revM/manny/parts/foot_r_invert_M_D_output_cleat.step,"Two M3 attachment bores; drive on D-flat, axial retention by radial M2 into shaft"
foot_r_invert_M_output_M2x6,foot_r,brass,candidate_solid,1,41.53185488045709,../../revM/manny/parts/foot_r_invert_M_output_M2x6.step,Nominal M2x6 radial retainer; install before connecting distal segment
foot_r_invert_M_board_post_0,foot_r.dorsiflex_frame,brass,candidate_solid,1,129.5729290124671,../../revM/manny/parts/foot_r_invert_M_board_post_0.step,Custom AF3.5 male/female M2 spacer; 2.5 mm nominal engagement in metal eye
foot_r_invert_M_PCB_edge_saddle_0,foot_r.dorsiflex_frame,frame,candidate_solid,1,89.59734577831267,../../revM/manny/parts/foot_r_invert_M_PCB_edge_saddle_0.step,
foot_r_invert_M_PCB_edge_cap_0,foot_r.dorsiflex_frame,nylon,candidate_solid,1,36.63893831132496,../../revM/manny/parts/foot_r_invert_M_PCB_edge_cap_0.step,
foot_r_invert_M_PCB_M2x6_0,foot_r.dorsiflex_frame,nylon,candidate_solid,1,38.80387485853612,../../revM/manny/parts/foot_r_invert_M_PCB_M2x6_0.step,
foot_r_invert_M_board_post_1,foot_r.dorsiflex_frame,brass,candidate_solid,1,129.57292901246709,../../revM/manny/parts/foot_r_invert_M_board_post_1.step,Custom AF3.5 male/female M2 spacer; 2.5 mm nominal engagement in metal eye
foot_r_invert_M_PCB_edge_saddle_1,foot_r.dorsiflex_frame,frame,candidate_solid,1,89.59734577831267,../../revM/manny/parts/foot_r_invert_M_PCB_edge_saddle_1.step,
foot_r_invert_M_PCB_edge_cap_1,foot_r.dorsiflex_frame,nylon,candidate_solid,1,36.63893831132493,../../revM/manny/parts/foot_r_invert_M_PCB_edge_cap_1.step,
foot_r_invert_M_PCB_M2x6_1,foot_r.dorsiflex_frame,nylon,candidate_solid,1,38.8038748585361,../../revM/manny/parts/foot_r_invert_M_PCB_M2x6_1.step,
foot_r_invert_M_pcb_AS5048A,foot_r.dorsiflex_frame,pcb_component,candidate_solid,1,19.559259977171227,../../revM/manny/parts/foot_r_invert_M_pcb_AS5048A.step,actual_KiCad_STEP
foot_r_invert_M_pcb_C1,foot_r.dorsiflex_frame,pcb_component,candidate_solid,1,0.9303638934211702,../../revM/manny/parts/foot_r_invert_M_pcb_C1.step,actual_KiCad_STEP
foot_r_invert_M_pcb_C2,foot_r.dorsiflex_frame,pcb_component,candidate_solid,1,3.501749999999997,../../revM/manny/parts/foot_r_invert_M_pcb_C2.step,"Murata GRM219R61E106KA12D 10 uF 25 V X5R, max .95 mm body + .10 mm solder seating allocation"
foot_r_invert_M_pcb_R1,foot_r.dorsiflex_frame,pcb_component,candidate_solid,1,0.5372187601976303,../../revM/manny/parts/foot_r_invert_M_pcb_R1.step,actual_KiCad_STEP
foot_r_invert_M_pcb_R2,foot_r.dorsiflex_frame,pcb_component,candidate_solid,1,0.537218760197631,../../revM/manny/parts/foot_r_invert_M_pcb_R2.step,actual_KiCad_STEP
foot_r_invert_M_pcb_board,foot_r.dorsiflex_frame,pcb,candidate_solid,1,107.38000000000017,../../revM/manny/parts/foot_r_invert_M_pcb_board.step,actual_KiCad_STEP
foot_r_invert_M_pcb_J1_dimension_envelope,foot_r.dorsiflex_frame,pcb_component,candidate_solid,1,297.79199999999986,../../revM/manny/parts/foot_r_invert_M_pcb_J1_dimension_envelope.step,"JST SM06B-SRSS-TB side-entry SH6, conservative 9.4 x9.6 x3.3 mm mated plug allocation; cable bend remains a separate harness requirement"
foot_r_dorsiflex_M_rotor_mount_M3x12_0,foot_r.dorsiflex_frame,metal,candidate_solid,1,147.97889681476386,../../revM/manny/parts/foot_r_dorsiflex_M_rotor_mount_M3x12_0.step,M3x12 socket screw; unmodelled helical thread
foot_r_dorsiflex_M_rotor_mount_nut_M3_0,foot_r.dorsiflex_frame,metal,candidate_solid,1,51.092471863788475,../../revM/manny/parts/foot_r_dorsiflex_M_rotor_mount_nut_M3_0.step,M3 nut envelope; removable thread locking method pending
foot_r_dorsiflex_M_rotor_mount_M3x12_1,foot_r.dorsiflex_frame,metal,candidate_solid,1,147.97889681476383,../../revM/manny/parts/foot_r_dorsiflex_M_rotor_mount_M3x12_1.step,M3x12 socket screw; unmodelled helical thread
foot_r_dorsiflex_M_rotor_mount_nut_M3_1,foot_r.dorsiflex_frame,metal,candidate_solid,1,51.092471863788475,../../revM/manny/parts/foot_r_dorsiflex_M_rotor_mount_nut_M3_1.step,M3 nut envelope; removable thread locking method pending
foot_r_invert_M_fixed_mount_M3x8_0,foot_r.dorsiflex_frame,metal,candidate_solid,1,120.24582880982095,../../revM/manny/parts/foot_r_invert_M_fixed_mount_M3x8_0.step,M3x8 from outer carrier face into metal eye; 3 mm nominal threaded engagement
foot_r_invert_M_fixed_mount_M3x8_1,foot_r.dorsiflex_frame,metal,candidate_solid,1,120.24582880982095,../../revM/manny/parts/foot_r_invert_M_fixed_mount_M3x8_1.step,M3x8 from outer carrier face into metal eye; 3 mm nominal threaded engagement
foot_r_dorsiflex_M_intermediate_frame,foot_r.dorsiflex_frame,frame,candidate_solid,1,3498.2717900195835,../../revM/manny/parts/foot_r_dorsiflex_M_intermediate_frame.step,Bolted frame between concentric orthogonal axes; no offset of anatomical pivot
ball_r_flex_M_fixed_metal_eye,foot_r,aluminum_7075,candidate_solid,1,1861.1330046641406,../../revM/manny/parts/ball_r_flex_M_fixed_metal_eye.step,"Machined 6061-T6 eye; 2 x M3 tapped mounting holes; friction lining reacts into this eye; integral angular travel guards reacting directly into bearing eye; D14.50 x0.85 upper retaining counterbore, flat Z3.15"
ball_r_flex_M_radial_bush,foot_r,pom,candidate_solid,1,138.8002129927243,../../revM/manny/parts/ball_r_flex_M_radial_bush.step,"D6 journal +0.06 mm nominal diametral clearance; not part of axial preload loop; D14.40 x0.70 flange at Z3.20..3.90, captured below thrust washer Z4.00; 0.15 total nominal axial float"
ball_r_flex_M_friction_lining,foot_r,peek,candidate_solid,1,330.18321999225986,../../revM/manny/parts/ball_r_flex_M_friction_lining.step,"1 mm replaceable lining with positive edge tabs; friction coefficient is an untested assumption; unfilled machined PEEK candidate, dry contact; actual torque and creep must be qualified"
ball_r_flex_M_flanged_rotor_shaft,ball_r,aluminum_7075,candidate_solid,1,1762.9511733846498,../../revM/manny/parts/ball_r_flex_M_flanged_rotor_shaft.step,"Integral D6 drive, journal and friction flange; blind M3 end thread and M2 radial retention; no threaded running surface; integral load-bearing flange stop tab; magnetic cup is not a stop"
ball_r_flex_M_thrust_wear_washer,foot_r,ptfe_composite,candidate_solid,1,353.429173528852,../../revM/manny/parts/ball_r_flex_M_thrust_wear_washer.step,SKF PCMW102001.5 E envelope; radial bush is unloaded axially
ball_r_flex_M_spring_seat,ball_r,spring,candidate_solid,1,141.98427997899083,../../revM/manny/parts/ball_r_flex_M_spring_seat.step,
ball_r_flex_M_disc_spring_0_0,ball_r,spring,candidate_solid,1,32.38471517044874,../../revM/manny/parts/ball_r_flex_M_disc_spring_0_0.step,"SCHNORR 002050; 1 nested parallel per group, two groups opposed in series"
ball_r_flex_M_disc_spring_1_0,ball_r,spring,candidate_solid,1,32.38471517044874,../../revM/manny/parts/ball_r_flex_M_disc_spring_1_0.step,"SCHNORR 002050; 1 nested parallel per group, two groups opposed in series"
ball_r_flex_M_D_stop_cap,ball_r,aluminum,candidate_solid,1,336.392794232909,../../revM/manny/parts/ball_r_flex_M_D_stop_cap.step,Metal shoulder fixes nominal spring height; actual preload requires selected shims and a physical torque test
ball_r_flex_M_M3x8_button_retainer,ball_r,titanium,candidate_solid,1,95.05001952736514,../../revM/manny/parts/ball_r_flex_M_M3x8_button_retainer.step,Accu SSB-M3-8-TI5 nominal head envelope; thread and bearing stress unqualified
ball_r_flex_M_keyed_magnet_cup,ball_r,aluminum,candidate_solid,1,1046.4850246407432,../../revM/manny/parts/ball_r_flex_M_keyed_magnet_cup.step,External D key transmits angle; 0.05 mm nominal fit and two radial brass retainers
ball_r_flex_M_cup_M2x4_0,ball_r,brass,candidate_solid,1,12.566370614359174,../../revM/manny/parts/ball_r_flex_M_cup_M2x4_0.step,Thread envelope; slotted brass M2x4
ball_r_flex_M_cup_M2x4_1,ball_r,brass,candidate_solid,1,12.566370614359172,../../revM/manny/parts/ball_r_flex_M_cup_M2x4_1.step,Thread envelope; slotted brass M2x4
ball_r_flex_M_diametric_magnet_6x2p5,ball_r,magnet,candidate_solid,1,70.68583470577038,../../revM/manny/parts/ball_r_flex_M_diametric_magnet_6x2p5.step,Diametric magnet; magnetic field and interference require bench qualification
ball_r_flex_M_magnet_keeper,ball_r,frame,candidate_solid,1,336.094568766508,../../revM/manny/parts/ball_r_flex_M_magnet_keeper.step,"1.2 mm radial wall, 0.20 mm nominal radial fit allowance, 0.8 mm face; mechanical retention outside sensor air gap"
ball_r_flex_M_keeper_M2x3_0,ball_r,brass,candidate_solid,1,9.424777960769374,../../revM/manny/parts/ball_r_flex_M_keeper_M2x3_0.step,Slotted brass M2x3 thread envelope
ball_r_flex_M_keeper_M2x3_1,ball_r,brass,candidate_solid,1,9.424777960769376,../../revM/manny/parts/ball_r_flex_M_keeper_M2x3_1.step,Slotted brass M2x3 thread envelope
ball_r_flex_M_D_output_cleat,ball_r,aluminum,candidate_solid,1,1568.055030651943,../../revM/manny/parts/ball_r_flex_M_D_output_cleat.step,"Two M3 attachment bores; drive on D-flat, axial retention by radial M2 into shaft"
ball_r_flex_M_output_M2x6,ball_r,brass,candidate_solid,1,41.53185488045706,../../revM/manny/parts/ball_r_flex_M_output_M2x6.step,Nominal M2x6 radial retainer; install before connecting distal segment
ball_r_flex_M_board_post_0,foot_r,brass,candidate_solid,1,126.92072621337705,../../revM/manny/parts/ball_r_flex_M_board_post_0.step,Custom AF3.5 male/female M2 spacer; 2.5 mm nominal engagement in metal eye
ball_r_flex_M_PCB_edge_saddle_0,foot_r,frame,candidate_solid,1,73.5973457783128,../../revM/manny/parts/ball_r_flex_M_PCB_edge_saddle_0.step,
ball_r_flex_M_PCB_edge_cap_0,foot_r,nylon,candidate_solid,1,30.23893831132497,../../revM/manny/parts/ball_r_flex_M_PCB_edge_cap_0.step,
ball_r_flex_M_PCB_M2x6_0,foot_r,nylon,candidate_solid,1,38.803874858536126,../../revM/manny/parts/ball_r_flex_M_PCB_M2x6_0.step,
ball_r_flex_M_board_post_1,foot_r,brass,candidate_solid,1,126.92072621337705,../../revM/manny/parts/ball_r_flex_M_board_post_1.step,Custom AF3.5 male/female M2 spacer; 2.5 mm nominal engagement in metal eye
ball_r_flex_M_PCB_edge_saddle_1,foot_r,frame,candidate_solid,1,73.5973457783128,../../revM/manny/parts/ball_r_flex_M_PCB_edge_saddle_1.step,
ball_r_flex_M_PCB_edge_cap_1,foot_r,nylon,candidate_solid,1,30.23893831132497,../../revM/manny/parts/ball_r_flex_M_PCB_edge_cap_1.step,
ball_r_flex_M_PCB_M2x6_1,foot_r,nylon,candidate_solid,1,38.80387485853611,../../revM/manny/parts/ball_r_flex_M_PCB_M2x6_1.step,
ball_r_flex_M_pcb_AS5048A,foot_r,pcb_component,candidate_solid,1,19.559259977171145,../../revM/manny/parts/ball_r_flex_M_pcb_AS5048A.step,actual_KiCad_STEP
ball_r_flex_M_pcb_C1,foot_r,pcb_component,candidate_solid,1,0.9303638934211715,../../revM/manny/parts/ball_r_flex_M_pcb_C1.step,actual_KiCad_STEP
ball_r_flex_M_pcb_C2,foot_r,pcb_component,candidate_solid,1,3.5017499999999906,../../revM/manny/parts/ball_r_flex_M_pcb_C2.step,"Murata GRM219R61E106KA12D 10 uF 25 V X5R, max .95 mm body + .10 mm solder seating allocation"
ball_r_flex_M_pcb_R1,foot_r,pcb_component,candidate_solid,1,0.5372187601976334,../../revM/manny/parts/ball_r_flex_M_pcb_R1.step,actual_KiCad_STEP
ball_r_flex_M_pcb_R2,foot_r,pcb_component,candidate_solid,1,0.5372187601976306,../../revM/manny/parts/ball_r_flex_M_pcb_R2.step,actual_KiCad_STEP
ball_r_flex_M_pcb_board,foot_r,pcb,candidate_solid,1,107.38000000000004,../../revM/manny/parts/ball_r_flex_M_pcb_board.step,actual_KiCad_STEP
ball_r_flex_M_pcb_J1_dimension_envelope,foot_r,pcb_component,candidate_solid,1,297.7919999999998,../../revM/manny/parts/ball_r_flex_M_pcb_J1_dimension_envelope.step,"JST SM06B-SRSS-TB side-entry SH6, conservative 9.4 x9.6 x3.3 mm mated plug allocation; cable bend remains a separate harness requirement"
thigh_r_twist_M_rotor_mount_M3x12_0,thigh_r,metal,candidate_solid,1,147.97889681476386,../../revM/manny/parts/thigh_r_twist_M_rotor_mount_M3x12_0.step,M3x12 socket screw; unmodelled helical thread
thigh_r_twist_M_rotor_mount_nut_M3_0,thigh_r,metal,candidate_solid,1,51.09247186378872,../../revM/manny/parts/thigh_r_twist_M_rotor_mount_nut_M3_0.step,M3 nut envelope; removable thread locking method pending
thigh_r_twist_M_rotor_mount_M3x12_1,thigh_r,metal,candidate_solid,1,147.97889681476386,../../revM/manny/parts/thigh_r_twist_M_rotor_mount_M3x12_1.step,M3x12 socket screw; unmodelled helical thread
thigh_r_twist_M_rotor_mount_nut_M3_1,thigh_r,metal,candidate_solid,1,51.09247186378872,../../revM/manny/parts/thigh_r_twist_M_rotor_mount_nut_M3_1.step,M3 nut envelope; removable thread locking method pending
calf_r_flex_M_fixed_mount_M3x8_0,thigh_r,metal,candidate_solid,1,120.2458288098212,../../revM/manny/parts/calf_r_flex_M_fixed_mount_M3x8_0.step,M3x8 from outer carrier face into metal eye; 3 mm nominal threaded engagement
calf_r_flex_M_fixed_mount_M3x8_1,thigh_r,metal,candidate_solid,1,120.2458288098212,../../revM/manny/parts/calf_r_flex_M_fixed_mount_M3x8_1.step,M3x8 from outer carrier face into metal eye; 3 mm nominal threaded engagement
thigh_r_M_centreline_frame,thigh_r,frame,candidate_solid,1,13083.997912710722,../../revM/manny/parts/thigh_r_M_centreline_frame.step,Hollow centreline thigh between the measured hip twist and metal knee eye; two printed shell attachment lugs with through M2.4 holes
calf_r_flex_M_rotor_mount_M3x12_0,calf_r,metal,candidate_solid,1,147.97889681476414,../../revM/manny/parts/calf_r_flex_M_rotor_mount_M3x12_0.step,M3x12 socket screw; unmodelled helical thread
calf_r_flex_M_rotor_mount_nut_M3_0,calf_r,metal,candidate_solid,1,51.092471863788504,../../revM/manny/parts/calf_r_flex_M_rotor_mount_nut_M3_0.step,M3 nut envelope; removable thread locking method pending
calf_r_flex_M_rotor_mount_M3x12_1,calf_r,metal,candidate_solid,1,147.9788968147641,../../revM/manny/parts/calf_r_flex_M_rotor_mount_M3x12_1.step,M3x12 socket screw; unmodelled helical thread
calf_r_flex_M_rotor_mount_nut_M3_1,calf_r,metal,candidate_solid,1,51.0924718637885,../../revM/manny/parts/calf_r_flex_M_rotor_mount_nut_M3_1.step,M3 nut envelope; removable thread locking method pending
foot_r_dorsiflex_M_fixed_mount_M3x8_0,calf_r,metal,candidate_solid,1,120.24582880982118,../../revM/manny/parts/foot_r_dorsiflex_M_fixed_mount_M3x8_0.step,M3x8 from outer carrier face into metal eye; 3 mm nominal threaded engagement
foot_r_dorsiflex_M_fixed_mount_M3x8_1,calf_r,metal,candidate_solid,1,120.24582880982119,../../revM/manny/parts/foot_r_dorsiflex_M_fixed_mount_M3x8_1.step,M3x8 from outer carrier face into metal eye; 3 mm nominal threaded engagement
calf_r_M_centreline_frame,calf_r,frame,candidate_solid,1,17460.249639736703,../../revM/manny/parts/calf_r_M_centreline_frame.step,"Centreline calf with external ankle yoke; hollow section, explicit M3 joint mounts; two printed shell attachment lugs with through M2.4 holes"
foot_r_invert_M_rotor_mount_M3x12_0,foot_r,metal,candidate_solid,1,147.9788968147638,../../revM/manny/parts/foot_r_invert_M_rotor_mount_M3x12_0.step,M3x12 socket screw; unmodelled helical thread
foot_r_invert_M_rotor_mount_nut_M3_0,foot_r,metal,candidate_solid,1,51.092471863788454,../../revM/manny/parts/foot_r_invert_M_rotor_mount_nut_M3_0.step,M3 nut envelope; removable thread locking method pending
foot_r_invert_M_rotor_mount_M3x12_1,foot_r,metal,candidate_solid,1,147.9788968147638,../../revM/manny/parts/foot_r_invert_M_rotor_mount_M3x12_1.step,M3x12 socket screw; unmodelled helical thread
foot_r_invert_M_rotor_mount_nut_M3_1,foot_r,metal,candidate_solid,1,51.092471863788454,../../revM/manny/parts/foot_r_invert_M_rotor_mount_nut_M3_1.step,M3 nut envelope; removable thread locking method pending
ball_r_flex_M_fixed_mount_M3x8_0,foot_r,metal,candidate_solid,1,120.24582880982098,../../revM/manny/parts/ball_r_flex_M_fixed_mount_M3x8_0.step,M3x8 from outer carrier face into metal eye; 3 mm nominal threaded engagement
ball_r_flex_M_fixed_mount_M3x8_1,foot_r,metal,candidate_solid,1,120.24582880982098,../../revM/manny/parts/ball_r_flex_M_fixed_mount_M3x8_1.step,M3x8 from outer carrier face into metal eye; 3 mm nominal threaded engagement
foot_r_M_tray,foot_r,frame,candidate_solid,1,17566.117680672647,../../revM/manny/parts/foot_r_M_tray.step,"Foot tray with measured toe hinge; 5 mm nominal stand-off above reference sole, removable low shoe with two M2 mounts"
ball_r_flex_M_rotor_mount_M3x12_0,ball_r,metal,candidate_solid,1,147.9788968147638,../../revM/manny/parts/ball_r_flex_M_rotor_mount_M3x12_0.step,M3x12 socket screw; unmodelled helical thread
ball_r_flex_M_rotor_mount_nut_M3_0,ball_r,metal,candidate_solid,1,51.09247186378842,../../revM/manny/parts/ball_r_flex_M_rotor_mount_nut_M3_0.step,M3 nut envelope; removable thread locking method pending
ball_r_flex_M_rotor_mount_M3x12_1,ball_r,metal,candidate_solid,1,147.9788968147638,../../revM/manny/parts/ball_r_flex_M_rotor_mount_M3x12_1.step,M3x12 socket screw; unmodelled helical thread
ball_r_flex_M_rotor_mount_nut_M3_1,ball_r,metal,candidate_solid,1,51.09247186378842,../../revM/manny/parts/ball_r_flex_M_rotor_mount_nut_M3_1.step,M3 nut envelope; removable thread locking method pending
ball_r_M_forefoot_frame,ball_r,frame,candidate_solid,1,2248.9988516104045,../../revM/manny/parts/ball_r_M_forefoot_frame.step,Rigid forefoot rail towards the character-specific toe tip; no toe-finger channels; two spaced cross-holes for removable toe cap
waist_yaw_M_fixed_metal_eye,pelvis,aluminum_7075,candidate_solid,1,3849.326767084099,../../revM/manny/parts/waist_yaw_M_fixed_metal_eye.step,"Machined 6061-T6 eye; 2 x M3 tapped mounting holes; friction lining reacts into this eye; integral angular travel guards reacting directly into bearing eye; D14.50 x0.85 upper retaining counterbore, flat Z3.15; two M2 tapped upper reaction mounts and shallow countersink runout"
waist_yaw_M_radial_bush,pelvis,pom,candidate_solid,1,138.80021299272374,../../revM/manny/parts/waist_yaw_M_radial_bush.step,"D6 journal +0.06 mm nominal diametral clearance; not part of axial preload loop; D14.40 x0.70 flange at Z3.20..3.90, captured below thrust washer Z4.00; 0.15 total nominal axial float"
waist_yaw_M_friction_lining,pelvis,peek,candidate_solid,1,967.9029014589917,../../revM/manny/parts/waist_yaw_M_friction_lining.step,"1 mm replaceable lining with positive edge tabs; friction coefficient is an untested assumption; unfilled machined PEEK candidate, dry contact; actual torque and creep must be qualified"
waist_yaw_M_flanged_rotor_shaft,waist.yaw_frame,aluminum_7075,candidate_solid,1,4065.3094110167203,../../revM/manny/parts/waist_yaw_M_flanged_rotor_shaft.step,"Integral D6 drive, journal and friction flange; blind M3 end thread and M2 radial retention; no threaded running surface; integral load-bearing flange stop tab; magnetic cup is not a stop; extended D-flat above bearing Z4 drives upper pressure plate; journal below Z3.9 remains round; D8/flat3.5 output below flange, D6 journal preserved; 7075-T6 material candidate; radial M2 pilot retained"
waist_yaw_M_thrust_wear_washer,pelvis,steel_17_4,candidate_solid,1,505.4117637889842,../../revM/manny/parts/waist_yaw_M_thrust_wear_washer.step,"Custom removable ground 17-4PH H900 reaction washer, 1 mm web and keyed upper PEEK pocket; captures radial bush flange below Z4"
waist_yaw_M_spring_seat,waist.yaw_frame,steel_17_4,candidate_solid,1,235.8169796351268,../../revM/manny/parts/waist_yaw_M_spring_seat.step,"Ground 17-4PH H900 pressure plate with 1.85 mm deep D6 hub; 0.2 mm radial gap to reaction washer, lower hub clear of POM flange"
waist_yaw_M_disc_spring_0_0,waist.yaw_frame,spring,candidate_solid,1,49.74397807694551,../../revM/manny/parts/waist_yaw_M_disc_spring_0_0.step,"SCHNORR 002200, three nested in each of two opposed groups; nominal 1656 N at catalog test height"
waist_yaw_M_disc_spring_0_1,waist.yaw_frame,spring,candidate_solid,1,49.74397807694551,../../revM/manny/parts/waist_yaw_M_disc_spring_0_1.step,"SCHNORR 002200, three nested in each of two opposed groups; nominal 1656 N at catalog test height"
waist_yaw_M_disc_spring_0_2,waist.yaw_frame,spring,candidate_solid,1,49.74397807693923,../../revM/manny/parts/waist_yaw_M_disc_spring_0_2.step,"SCHNORR 002200, three nested in each of two opposed groups; nominal 1656 N at catalog test height"
waist_yaw_M_disc_spring_1_0,waist.yaw_frame,spring,candidate_solid,1,49.74397807694551,../../revM/manny/parts/waist_yaw_M_disc_spring_1_0.step,"SCHNORR 002200, three nested in each of two opposed groups; nominal 1656 N at catalog test height"
waist_yaw_M_disc_spring_1_1,waist.yaw_frame,spring,candidate_solid,1,49.74397807693923,../../revM/manny/parts/waist_yaw_M_disc_spring_1_1.step,"SCHNORR 002200, three nested in each of two opposed groups; nominal 1656 N at catalog test height"
waist_yaw_M_disc_spring_1_2,waist.yaw_frame,spring,candidate_solid,1,49.74397807693923,../../revM/manny/parts/waist_yaw_M_disc_spring_1_2.step,"SCHNORR 002200, three nested in each of two opposed groups; nominal 1656 N at catalog test height"
waist_yaw_M_D_stop_cap,waist.yaw_frame,aluminum,candidate_solid,1,336.39279423289986,../../revM/manny/parts/waist_yaw_M_D_stop_cap.step,Metal shoulder fixes nominal spring height; actual preload requires selected shims and a physical torque test
waist_yaw_M_M3x8_button_retainer,waist.yaw_frame,titanium,candidate_solid,1,95.05001952736504,../../revM/manny/parts/waist_yaw_M_M3x8_button_retainer.step,Accu SSB-M3-8-TI5 nominal head envelope; thread and bearing stress unqualified
waist_yaw_M_keyed_magnet_cup,waist.yaw_frame,aluminum,candidate_solid,1,1046.4850246407343,../../revM/manny/parts/waist_yaw_M_keyed_magnet_cup.step,External D key transmits angle; 0.05 mm nominal fit and two radial brass retainers
waist_yaw_M_cup_M2x4_0,waist.yaw_frame,brass,candidate_solid,1,12.566370614359263,../../revM/manny/parts/waist_yaw_M_cup_M2x4_0.step,Thread envelope; slotted brass M2x4
waist_yaw_M_cup_M2x4_1,waist.yaw_frame,brass,candidate_solid,1,12.566370614359263,../../revM/manny/parts/waist_yaw_M_cup_M2x4_1.step,Thread envelope; slotted brass M2x4
waist_yaw_M_diametric_magnet_6x2p5,waist.yaw_frame,magnet,candidate_solid,1,70.68583470577039,../../revM/manny/parts/waist_yaw_M_diametric_magnet_6x2p5.step,Diametric magnet; magnetic field and interference require bench qualification
waist_yaw_M_magnet_keeper,waist.yaw_frame,frame,candidate_solid,1,336.0945688464309,../../revM/manny/parts/waist_yaw_M_magnet_keeper.step,"1.2 mm radial wall, 0.20 mm nominal radial fit allowance, 0.8 mm face; mechanical retention outside sensor air gap"
waist_yaw_M_keeper_M2x3_0,waist.yaw_frame,brass,candidate_solid,1,9.424777960769447,../../revM/manny/parts/waist_yaw_M_keeper_M2x3_0.step,Slotted brass M2x3 thread envelope
waist_yaw_M_keeper_M2x3_1,waist.yaw_frame,brass,candidate_solid,1,9.424777960769447,../../revM/manny/parts/waist_yaw_M_keeper_M2x3_1.step,Slotted brass M2x3 thread envelope
waist_yaw_M_D_output_cleat,waist.yaw_frame,aluminum_7075,candidate_solid,1,1947.442573365904,../../revM/manny/parts/waist_yaw_M_D_output_cleat.step,"Two M3 attachment bores; drive on D-flat, axial retention by radial M2 into shaft; enlarged D8 output bore matches strengthened high-load shaft"
waist_yaw_M_output_M2x6,waist.yaw_frame,brass,candidate_solid,1,41.53185488045708,../../revM/manny/parts/waist_yaw_M_output_M2x6.step,Nominal M2x6 radial retainer; install before connecting distal segment
waist_yaw_M_board_post_0,pelvis,brass,candidate_solid,1,169.88641155863237,../../revM/manny/parts/waist_yaw_M_board_post_0.step,Custom AF3.5 male/female M2 spacer; 2.5 mm nominal engagement in metal eye
waist_yaw_M_PCB_edge_saddle_0,pelvis,frame,candidate_solid,1,113.59734577831263,../../revM/manny/parts/waist_yaw_M_PCB_edge_saddle_0.step,
waist_yaw_M_PCB_edge_cap_0,pelvis,nylon,candidate_solid,1,46.23893831132576,../../revM/manny/parts/waist_yaw_M_PCB_edge_cap_0.step,
waist_yaw_M_PCB_M2x6_0,pelvis,nylon,candidate_solid,1,38.80387485853608,../../revM/manny/parts/waist_yaw_M_PCB_M2x6_0.step,
waist_yaw_M_board_post_1,pelvis,brass,candidate_solid,1,169.8864115586324,../../revM/manny/parts/waist_yaw_M_board_post_1.step,Custom AF3.5 male/female M2 spacer; 2.5 mm nominal engagement in metal eye
waist_yaw_M_PCB_edge_saddle_1,pelvis,frame,candidate_solid,1,113.59734577831263,../../revM/manny/parts/waist_yaw_M_PCB_edge_saddle_1.step,
waist_yaw_M_PCB_edge_cap_1,pelvis,nylon,candidate_solid,1,46.23893831132575,../../revM/manny/parts/waist_yaw_M_PCB_edge_cap_1.step,
waist_yaw_M_PCB_M2x6_1,pelvis,nylon,candidate_solid,1,38.80387485853608,../../revM/manny/parts/waist_yaw_M_PCB_M2x6_1.step,
waist_yaw_M_pcb_AS5048A,pelvis,pcb_component,candidate_solid,1,19.559259977170775,../../revM/manny/parts/waist_yaw_M_pcb_AS5048A.step,actual_KiCad_STEP
waist_yaw_M_pcb_C1,pelvis,pcb_component,candidate_solid,1,0.9303638934211572,../../revM/manny/parts/waist_yaw_M_pcb_C1.step,actual_KiCad_STEP
waist_yaw_M_pcb_C2,pelvis,pcb_component,candidate_solid,1,3.5017500000000377,../../revM/manny/parts/waist_yaw_M_pcb_C2.step,"Murata GRM219R61E106KA12D 10 uF 25 V X5R, max .95 mm body + .10 mm solder seating allocation"
waist_yaw_M_pcb_R1,pelvis,pcb_component,candidate_solid,1,0.5372187601976044,../../revM/manny/parts/waist_yaw_M_pcb_R1.step,actual_KiCad_STEP
waist_yaw_M_pcb_R2,pelvis,pcb_component,candidate_solid,1,0.5372187601976046,../../revM/manny/parts/waist_yaw_M_pcb_R2.step,actual_KiCad_STEP
waist_yaw_M_pcb_board,pelvis,pcb,candidate_solid,1,107.380000000001,../../revM/manny/parts/waist_yaw_M_pcb_board.step,actual_KiCad_STEP
waist_yaw_M_pcb_J1_dimension_envelope,pelvis,pcb_component,candidate_solid,1,297.79200000000105,../../revM/manny/parts/waist_yaw_M_pcb_J1_dimension_envelope.step,"JST SM06B-SRSS-TB side-entry SH6, conservative 9.4 x9.6 x3.3 mm mated plug allocation; cable bend remains a separate harness requirement"
waist_pitch_M_fixed_metal_eye,waist.yaw_frame,aluminum_7075,candidate_solid,1,3849.326767084093,../../revM/manny/parts/waist_pitch_M_fixed_metal_eye.step,"Machined 6061-T6 eye; 2 x M3 tapped mounting holes; friction lining reacts into this eye; integral angular travel guards reacting directly into bearing eye; D14.50 x0.85 upper retaining counterbore, flat Z3.15; two M2 tapped upper reaction mounts and shallow countersink runout"
waist_pitch_M_radial_bush,waist.yaw_frame,pom,candidate_solid,1,138.80021299272525,../../revM/manny/parts/waist_pitch_M_radial_bush.step,"D6 journal +0.06 mm nominal diametral clearance; not part of axial preload loop; D14.40 x0.70 flange at Z3.20..3.90, captured below thrust washer Z4.00; 0.15 total nominal axial float"
waist_pitch_M_friction_lining,waist.yaw_frame,peek,candidate_solid,1,967.9029014589914,../../revM/manny/parts/waist_pitch_M_friction_lining.step,"1 mm replaceable lining with positive edge tabs; friction coefficient is an untested assumption; unfilled machined PEEK candidate, dry contact; actual torque and creep must be qualified"
waist_pitch_M_flanged_rotor_shaft,waist.pitch_frame,aluminum_7075,candidate_solid,1,4065.3094110167117,../../revM/manny/parts/waist_pitch_M_flanged_rotor_shaft.step,"Integral D6 drive, journal and friction flange; blind M3 end thread and M2 radial retention; no threaded running surface; integral load-bearing flange stop tab; magnetic cup is not a stop; extended D-flat above bearing Z4 drives upper pressure plate; journal below Z3.9 remains round; D8/flat3.5 output below flange, D6 journal preserved; 7075-T6 material candidate; radial M2 pilot retained"
waist_pitch_M_thrust_wear_washer,waist.yaw_frame,steel_17_4,candidate_solid,1,505.4117637889845,../../revM/manny/parts/waist_pitch_M_thrust_wear_washer.step,"Custom removable ground 17-4PH H900 reaction washer, 1 mm web and keyed upper PEEK pocket; captures radial bush flange below Z4"
waist_pitch_M_spring_seat,waist.pitch_frame,steel_17_4,candidate_solid,1,235.81697963512627,../../revM/manny/parts/waist_pitch_M_spring_seat.step,"Ground 17-4PH H900 pressure plate with 1.85 mm deep D6 hub; 0.2 mm radial gap to reaction washer, lower hub clear of POM flange"
waist_pitch_M_disc_spring_0_0,waist.pitch_frame,spring,candidate_solid,1,49.74397807694079,../../revM/manny/parts/waist_pitch_M_disc_spring_0_0.step,"SCHNORR 002200, three nested in each of two opposed groups; nominal 1656 N at catalog test height"
waist_pitch_M_disc_spring_0_1,waist.pitch_frame,spring,candidate_solid,1,49.743978076940934,../../revM/manny/parts/waist_pitch_M_disc_spring_0_1.step,"SCHNORR 002200, three nested in each of two opposed groups; nominal 1656 N at catalog test height"
waist_pitch_M_disc_spring_0_2,waist.pitch_frame,spring,candidate_solid,1,49.74397807694092,../../revM/manny/parts/waist_pitch_M_disc_spring_0_2.step,"SCHNORR 002200, three nested in each of two opposed groups; nominal 1656 N at catalog test height"
waist_pitch_M_disc_spring_1_0,waist.pitch_frame,spring,candidate_solid,1,49.74397807694086,../../revM/manny/parts/waist_pitch_M_disc_spring_1_0.step,"SCHNORR 002200, three nested in each of two opposed groups; nominal 1656 N at catalog test height"
waist_pitch_M_disc_spring_1_1,waist.pitch_frame,spring,candidate_solid,1,49.743978076940905,../../revM/manny/parts/waist_pitch_M_disc_spring_1_1.step,"SCHNORR 002200, three nested in each of two opposed groups; nominal 1656 N at catalog test height"
waist_pitch_M_disc_spring_1_2,waist.pitch_frame,spring,candidate_solid,1,49.74397807694096,../../revM/manny/parts/waist_pitch_M_disc_spring_1_2.step,"SCHNORR 002200, three nested in each of two opposed groups; nominal 1656 N at catalog test height"
waist_pitch_M_D_stop_cap,waist.pitch_frame,aluminum,candidate_solid,1,336.39279423290054,../../revM/manny/parts/waist_pitch_M_D_stop_cap.step,Metal shoulder fixes nominal spring height; actual preload requires selected shims and a physical torque test
waist_pitch_M_M3x8_button_retainer,waist.pitch_frame,titanium,candidate_solid,1,95.05001952736534,../../revM/manny/parts/waist_pitch_M_M3x8_button_retainer.step,Accu SSB-M3-8-TI5 nominal head envelope; thread and bearing stress unqualified
waist_pitch_M_keyed_magnet_cup,waist.pitch_frame,aluminum,candidate_solid,1,1046.485024640739,../../revM/manny/parts/waist_pitch_M_keyed_magnet_cup.step,External D key transmits angle; 0.05 mm nominal fit and two radial brass retainers
waist_pitch_M_cup_M2x4_0,waist.pitch_frame,brass,candidate_solid,1,12.566370614359274,../../revM/manny/parts/waist_pitch_M_cup_M2x4_0.step,Thread envelope; slotted brass M2x4
waist_pitch_M_cup_M2x4_1,waist.pitch_frame,brass,candidate_solid,1,12.566370614359272,../../revM/manny/parts/waist_pitch_M_cup_M2x4_1.step,Thread envelope; slotted brass M2x4
waist_pitch_M_diametric_magnet_6x2p5,waist.pitch_frame,magnet,candidate_solid,1,70.68583470577059,../../revM/manny/parts/waist_pitch_M_diametric_magnet_6x2p5.step,Diametric magnet; magnetic field and interference require bench qualification
waist_pitch_M_magnet_keeper,waist.pitch_frame,frame,candidate_solid,1,336.09456884643663,../../revM/manny/parts/waist_pitch_M_magnet_keeper.step,"1.2 mm radial wall, 0.20 mm nominal radial fit allowance, 0.8 mm face; mechanical retention outside sensor air gap"
waist_pitch_M_keeper_M2x3_0,waist.pitch_frame,brass,candidate_solid,1,9.424777960769463,../../revM/manny/parts/waist_pitch_M_keeper_M2x3_0.step,Slotted brass M2x3 thread envelope
waist_pitch_M_keeper_M2x3_1,waist.pitch_frame,brass,candidate_solid,1,9.424777960769465,../../revM/manny/parts/waist_pitch_M_keeper_M2x3_1.step,Slotted brass M2x3 thread envelope
waist_pitch_M_D_output_cleat,waist.pitch_frame,aluminum_7075,candidate_solid,1,1947.4425733658861,../../revM/manny/parts/waist_pitch_M_D_output_cleat.step,"Two M3 attachment bores; drive on D-flat, axial retention by radial M2 into shaft; enlarged D8 output bore matches strengthened high-load shaft"
waist_pitch_M_output_M2x6,waist.pitch_frame,brass,candidate_solid,1,41.53185488045709,../../revM/manny/parts/waist_pitch_M_output_M2x6.step,Nominal M2x6 radial retainer; install before connecting distal segment
waist_pitch_M_board_post_0,waist.yaw_frame,brass,candidate_solid,1,169.88641155863237,../../revM/manny/parts/waist_pitch_M_board_post_0.step,Custom AF3.5 male/female M2 spacer; 2.5 mm nominal engagement in metal eye
waist_pitch_M_PCB_edge_saddle_0,waist.yaw_frame,frame,candidate_solid,1,113.59734577831263,../../revM/manny/parts/waist_pitch_M_PCB_edge_saddle_0.step,
waist_pitch_M_PCB_edge_cap_0,waist.yaw_frame,nylon,candidate_solid,1,46.2389383113249,../../revM/manny/parts/waist_pitch_M_PCB_edge_cap_0.step,
waist_pitch_M_PCB_M2x6_0,waist.yaw_frame,nylon,candidate_solid,1,38.80387485853625,../../revM/manny/parts/waist_pitch_M_PCB_M2x6_0.step,
waist_pitch_M_board_post_1,waist.yaw_frame,brass,candidate_solid,1,169.88641155863237,../../revM/manny/parts/waist_pitch_M_board_post_1.step,Custom AF3.5 male/female M2 spacer; 2.5 mm nominal engagement in metal eye
waist_pitch_M_PCB_edge_saddle_1,waist.yaw_frame,frame,candidate_solid,1,113.59734577831264,../../revM/manny/parts/waist_pitch_M_PCB_edge_saddle_1.step,
waist_pitch_M_PCB_edge_cap_1,waist.yaw_frame,nylon,candidate_solid,1,46.238938311324894,../../revM/manny/parts/waist_pitch_M_PCB_edge_cap_1.step,
waist_pitch_M_PCB_M2x6_1,waist.yaw_frame,nylon,candidate_solid,1,38.803874858536275,../../revM/manny/parts/waist_pitch_M_PCB_M2x6_1.step,
waist_pitch_M_pcb_AS5048A,waist.yaw_frame,pcb_component,candidate_solid,1,19.559259977171106,../../revM/manny/parts/waist_pitch_M_pcb_AS5048A.step,actual_KiCad_STEP
waist_pitch_M_pcb_C1,waist.yaw_frame,pcb_component,candidate_solid,1,0.930363893421167,../../revM/manny/parts/waist_pitch_M_pcb_C1.step,actual_KiCad_STEP
waist_pitch_M_pcb_C2,waist.yaw_frame,pcb_component,candidate_solid,1,3.501750000000027,../../revM/manny/parts/waist_pitch_M_pcb_C2.step,"Murata GRM219R61E106KA12D 10 uF 25 V X5R, max .95 mm body + .10 mm solder seating allocation"
waist_pitch_M_pcb_R1,waist.yaw_frame,pcb_component,candidate_solid,1,0.5372187601976229,../../revM/manny/parts/waist_pitch_M_pcb_R1.step,actual_KiCad_STEP
waist_pitch_M_pcb_R2,waist.yaw_frame,pcb_component,candidate_solid,1,0.5372187601976228,../../revM/manny/parts/waist_pitch_M_pcb_R2.step,actual_KiCad_STEP
waist_pitch_M_pcb_board,waist.yaw_frame,pcb,candidate_solid,1,107.38000000000017,../../revM/manny/parts/waist_pitch_M_pcb_board.step,actual_KiCad_STEP
waist_pitch_M_pcb_J1_dimension_envelope,waist.yaw_frame,pcb_component,candidate_solid,1,297.792,../../revM/manny/parts/waist_pitch_M_pcb_J1_dimension_envelope.step,"JST SM06B-SRSS-TB side-entry SH6, conservative 9.4 x9.6 x3.3 mm mated plug allocation; cable bend remains a separate harness requirement"
waist_roll_M_fixed_metal_eye,waist.pitch_frame,aluminum_7075,candidate_solid,1,3849.3267670841005,../../revM/manny/parts/waist_roll_M_fixed_metal_eye.step,"Machined 6061-T6 eye; 2 x M3 tapped mounting holes; friction lining reacts into this eye; integral angular travel guards reacting directly into bearing eye; D14.50 x0.85 upper retaining counterbore, flat Z3.15; two M2 tapped upper reaction mounts and shallow countersink runout"
waist_roll_M_radial_bush,waist.pitch_frame,pom,candidate_solid,1,138.80021299272522,../../revM/manny/parts/waist_roll_M_radial_bush.step,"D6 journal +0.06 mm nominal diametral clearance; not part of axial preload loop; D14.40 x0.70 flange at Z3.20..3.90, captured below thrust washer Z4.00; 0.15 total nominal axial float"
waist_roll_M_friction_lining,waist.pitch_frame,peek,candidate_solid,1,967.9029014589913,../../revM/manny/parts/waist_roll_M_friction_lining.step,"1 mm replaceable lining with positive edge tabs; friction coefficient is an untested assumption; unfilled machined PEEK candidate, dry contact; actual torque and creep must be qualified"
waist_roll_M_flanged_rotor_shaft,waist,aluminum_7075,candidate_solid,1,4065.309411016716,../../revM/manny/parts/waist_roll_M_flanged_rotor_shaft.step,"Integral D6 drive, journal and friction flange; blind M3 end thread and M2 radial retention; no threaded running surface; integral load-bearing flange stop tab; magnetic cup is not a stop; extended D-flat above bearing Z4 drives upper pressure plate; journal below Z3.9 remains round; D8/flat3.5 output below flange, D6 journal preserved; 7075-T6 material candidate; radial M2 pilot retained"
waist_roll_M_thrust_wear_washer,waist.pitch_frame,steel_17_4,candidate_solid,1,505.4117637889844,../../revM/manny/parts/waist_roll_M_thrust_wear_washer.step,"Custom removable ground 17-4PH H900 reaction washer, 1 mm web and keyed upper PEEK pocket; captures radial bush flange below Z4"
waist_roll_M_spring_seat,waist,steel_17_4,candidate_solid,1,235.81697963512633,../../revM/manny/parts/waist_roll_M_spring_seat.step,"Ground 17-4PH H900 pressure plate with 1.85 mm deep D6 hub; 0.2 mm radial gap to reaction washer, lower hub clear of POM flange"
waist_roll_M_disc_spring_0_0,waist,spring,candidate_solid,1,49.74397807694079,../../revM/manny/parts/waist_roll_M_disc_spring_0_0.step,"SCHNORR 002200, three nested in each of two opposed groups; nominal 1656 N at catalog test height"
waist_roll_M_disc_spring_0_1,waist,spring,candidate_solid,1,49.743978076940934,../../revM/manny/parts/waist_roll_M_disc_spring_0_1.step,"SCHNORR 002200, three nested in each of two opposed groups; nominal 1656 N at catalog test height"
waist_roll_M_disc_spring_0_2,waist,spring,candidate_solid,1,49.74397807694092,../../revM/manny/parts/waist_roll_M_disc_spring_0_2.step,"SCHNORR 002200, three nested in each of two opposed groups; nominal 1656 N at catalog test height"
waist_roll_M_disc_spring_1_0,waist,spring,candidate_solid,1,49.74397807694082,../../revM/manny/parts/waist_roll_M_disc_spring_1_0.step,"SCHNORR 002200, three nested in each of two opposed groups; nominal 1656 N at catalog test height"
waist_roll_M_disc_spring_1_1,waist,spring,candidate_solid,1,49.74397807694095,../../revM/manny/parts/waist_roll_M_disc_spring_1_1.step,"SCHNORR 002200, three nested in each of two opposed groups; nominal 1656 N at catalog test height"
waist_roll_M_disc_spring_1_2,waist,spring,candidate_solid,1,49.743978076940934,../../revM/manny/parts/waist_roll_M_disc_spring_1_2.step,"SCHNORR 002200, three nested in each of two opposed groups; nominal 1656 N at catalog test height"
waist_roll_M_D_stop_cap,waist,aluminum,candidate_solid,1,336.3927942329006,../../revM/manny/parts/waist_roll_M_D_stop_cap.step,Metal shoulder fixes nominal spring height; actual preload requires selected shims and a physical torque test
waist_roll_M_M3x8_button_retainer,waist,titanium,candidate_solid,1,95.05001952736532,../../revM/manny/parts/waist_roll_M_M3x8_button_retainer.step,Accu SSB-M3-8-TI5 nominal head envelope; thread and bearing stress unqualified
waist_roll_M_keyed_magnet_cup,waist,aluminum,candidate_solid,1,1046.4850246407395,../../revM/manny/parts/waist_roll_M_keyed_magnet_cup.step,External D key transmits angle; 0.05 mm nominal fit and two radial brass retainers
waist_roll_M_cup_M2x4_0,waist,brass,candidate_solid,1,12.566370614359275,../../revM/manny/parts/waist_roll_M_cup_M2x4_0.step,Thread envelope; slotted brass M2x4
waist_roll_M_cup_M2x4_1,waist,brass,candidate_solid,1,12.566370614359275,../../revM/manny/parts/waist_roll_M_cup_M2x4_1.step,Thread envelope; slotted brass M2x4
waist_roll_M_diametric_magnet_6x2p5,waist,magnet,candidate_solid,1,70.68583470577059,../../revM/manny/parts/waist_roll_M_diametric_magnet_6x2p5.step,Diametric magnet; magnetic field and interference require bench qualification
waist_roll_M_magnet_keeper,waist,frame,candidate_solid,1,336.0945688464367,../../revM/manny/parts/waist_roll_M_magnet_keeper.step,"1.2 mm radial wall, 0.20 mm nominal radial fit allowance, 0.8 mm face; mechanical retention outside sensor air gap"
waist_roll_M_keeper_M2x3_0,waist,brass,candidate_solid,1,9.424777960769456,../../revM/manny/parts/waist_roll_M_keeper_M2x3_0.step,Slotted brass M2x3 thread envelope
waist_roll_M_keeper_M2x3_1,waist,brass,candidate_solid,1,9.424777960769456,../../revM/manny/parts/waist_roll_M_keeper_M2x3_1.step,Slotted brass M2x3 thread envelope
waist_roll_M_D_output_cleat,waist,aluminum_7075,candidate_solid,1,1947.442573365888,../../revM/manny/parts/waist_roll_M_D_output_cleat.step,"Two M3 attachment bores; drive on D-flat, axial retention by radial M2 into shaft; enlarged D8 output bore matches strengthened high-load shaft"
waist_roll_M_output_M2x6,waist,brass,candidate_solid,1,41.53185488045709,../../revM/manny/parts/waist_roll_M_output_M2x6.step,Nominal M2x6 radial retainer; install before connecting distal segment
waist_roll_M_board_post_0,waist.pitch_frame,brass,candidate_solid,1,169.88641155863237,../../revM/manny/parts/waist_roll_M_board_post_0.step,Custom AF3.5 male/female M2 spacer; 2.5 mm nominal engagement in metal eye
waist_roll_M_PCB_edge_saddle_0,waist.pitch_frame,frame,candidate_solid,1,113.5973457783126,../../revM/manny/parts/waist_roll_M_PCB_edge_saddle_0.step,
waist_roll_M_PCB_edge_cap_0,waist.pitch_frame,nylon,candidate_solid,1,46.2389383113249,../../revM/manny/parts/waist_roll_M_PCB_edge_cap_0.step,
waist_roll_M_PCB_M2x6_0,waist.pitch_frame,nylon,candidate_solid,1,38.80387485853625,../../revM/manny/parts/waist_roll_M_PCB_M2x6_0.step,
waist_roll_M_board_post_1,waist.pitch_frame,brass,candidate_solid,1,169.88641155863237,../../revM/manny/parts/waist_roll_M_board_post_1.step,Custom AF3.5 male/female M2 spacer; 2.5 mm nominal engagement in metal eye
waist_roll_M_PCB_edge_saddle_1,waist.pitch_frame,frame,candidate_solid,1,113.59734577831262,../../revM/manny/parts/waist_roll_M_PCB_edge_saddle_1.step,
waist_roll_M_PCB_edge_cap_1,waist.pitch_frame,nylon,candidate_solid,1,46.23893831132489,../../revM/manny/parts/waist_roll_M_PCB_edge_cap_1.step,
waist_roll_M_PCB_M2x6_1,waist.pitch_frame,nylon,candidate_solid,1,38.80387485853625,../../revM/manny/parts/waist_roll_M_PCB_M2x6_1.step,
waist_roll_M_pcb_AS5048A,waist.pitch_frame,pcb_component,candidate_solid,1,19.559259977171052,../../revM/manny/parts/waist_roll_M_pcb_AS5048A.step,actual_KiCad_STEP
waist_roll_M_pcb_C1,waist.pitch_frame,pcb_component,candidate_solid,1,0.9303638934211639,../../revM/manny/parts/waist_roll_M_pcb_C1.step,actual_KiCad_STEP
waist_roll_M_pcb_C2,waist.pitch_frame,pcb_component,candidate_solid,1,3.501750000000026,../../revM/manny/parts/waist_roll_M_pcb_C2.step,"Murata GRM219R61E106KA12D 10 uF 25 V X5R, max .95 mm body + .10 mm solder seating allocation"
waist_roll_M_pcb_R1,waist.pitch_frame,pcb_component,candidate_solid,1,0.5372187601976223,../../revM/manny/parts/waist_roll_M_pcb_R1.step,actual_KiCad_STEP
waist_roll_M_pcb_R2,waist.pitch_frame,pcb_component,candidate_solid,1,0.5372187601976219,../../revM/manny/parts/waist_roll_M_pcb_R2.step,actual_KiCad_STEP
waist_roll_M_pcb_board,waist.pitch_frame,pcb,candidate_solid,1,107.38000000000045,../../revM/manny/parts/waist_roll_M_pcb_board.step,actual_KiCad_STEP
waist_roll_M_pcb_J1_dimension_envelope,waist.pitch_frame,pcb_component,candidate_solid,1,297.792,../../revM/manny/parts/waist_roll_M_pcb_J1_dimension_envelope.step,"JST SM06B-SRSS-TB side-entry SH6, conservative 9.4 x9.6 x3.3 mm mated plug allocation; cable bend remains a separate harness requirement"
waist_pitch_M_rotor_mount_M3x12_0,waist.pitch_frame,metal,candidate_solid,1,147.9788968147636,../../revM/manny/parts/waist_pitch_M_rotor_mount_M3x12_0.step,M3x12 socket screw; unmodelled helical thread
waist_pitch_M_rotor_mount_nut_M3_0,waist.pitch_frame,metal,candidate_solid,1,51.092471863787935,../../revM/manny/parts/waist_pitch_M_rotor_mount_nut_M3_0.step,M3 nut envelope; removable thread locking method pending
waist_pitch_M_rotor_mount_M3x12_1,waist.pitch_frame,metal,candidate_solid,1,147.9788968147636,../../revM/manny/parts/waist_pitch_M_rotor_mount_M3x12_1.step,M3x12 socket screw; unmodelled helical thread
waist_pitch_M_rotor_mount_nut_M3_1,waist.pitch_frame,metal,candidate_solid,1,51.09247186378794,../../revM/manny/parts/waist_pitch_M_rotor_mount_nut_M3_1.step,M3 nut envelope; removable thread locking method pending
waist_roll_M_fixed_mount_M3x8_0,waist.pitch_frame,metal,candidate_solid,1,120.2458288098207,../../revM/manny/parts/waist_roll_M_fixed_mount_M3x8_0.step,M3x8 from outer carrier face into metal eye; 3 mm nominal threaded engagement
waist_roll_M_fixed_mount_M3x8_1,waist.pitch_frame,metal,candidate_solid,1,120.2458288098207,../../revM/manny/parts/waist_roll_M_fixed_mount_M3x8_1.step,M3x8 from outer carrier face into metal eye; 3 mm nominal threaded engagement
waist_M_pitch_roll_frame,waist.pitch_frame,aluminum_7075,candidate_solid,1,5229.740165750538,../../revM/manny/parts/waist_M_pitch_roll_frame.step,Two concentric upper-body axes; naked moving region; bolted metal interfaces
waist_yaw_M_rotor_mount_M3x12_0,waist.yaw_frame,metal,candidate_solid,1,147.97889681476386,../../revM/manny/parts/waist_yaw_M_rotor_mount_M3x12_0.step,M3x12 socket screw; unmodelled helical thread
waist_yaw_M_rotor_mount_nut_M3_0,waist.yaw_frame,metal,candidate_solid,1,51.09247186378828,../../revM/manny/parts/waist_yaw_M_rotor_mount_nut_M3_0.step,M3 nut envelope; removable thread locking method pending
waist_yaw_M_rotor_mount_M3x12_1,waist.yaw_frame,metal,candidate_solid,1,147.97889681476383,../../revM/manny/parts/waist_yaw_M_rotor_mount_M3x12_1.step,M3x12 socket screw; unmodelled helical thread
waist_yaw_M_rotor_mount_nut_M3_1,waist.yaw_frame,metal,candidate_solid,1,51.092471863788305,../../revM/manny/parts/waist_yaw_M_rotor_mount_nut_M3_1.step,M3 nut envelope; removable thread locking method pending
waist_pitch_M_fixed_mount_M3x8_0,waist.yaw_frame,metal,candidate_solid,1,120.2458288098207,../../revM/manny/parts/waist_pitch_M_fixed_mount_M3x8_0.step,M3x8 from outer carrier face into metal eye; 3 mm nominal threaded engagement
waist_pitch_M_fixed_mount_M3x8_1,waist.yaw_frame,metal,candidate_solid,1,120.2458288098207,../../revM/manny/parts/waist_pitch_M_fixed_mount_M3x8_1.step,M3x8 from outer carrier face into metal eye; 3 mm nominal threaded engagement
waist_M_yaw_pitch_frame,waist.yaw_frame,aluminum_7075,candidate_solid,1,8401.946058712525,../../revM/manny/parts/waist_M_yaw_pitch_frame.step,Rigid yaw-to-pitch frame; yaw cartridge shifted only along the original vertical axis
chest_yaw_M_fixed_metal_eye,waist,aluminum_7075,candidate_solid,1,3276.688561038193,../../revM/manny/parts/chest_yaw_M_fixed_metal_eye.step,"Machined 6061-T6 eye; 2 x M3 tapped mounting holes; friction lining reacts into this eye; integral angular travel guards reacting directly into bearing eye; D14.50 x0.85 upper retaining counterbore, flat Z3.15; two M2 tapped upper reaction mounts and shallow countersink runout"
chest_yaw_M_radial_bush,waist,pom,candidate_solid,1,138.80021299272158,../../revM/manny/parts/chest_yaw_M_radial_bush.step,"D6 journal +0.06 mm nominal diametral clearance; not part of axial preload loop; D14.40 x0.70 flange at Z3.20..3.90, captured below thrust washer Z4.00; 0.15 total nominal axial float"
chest_yaw_M_friction_lining,waist,peek,candidate_solid,1,754.279237926997,../../revM/manny/parts/chest_yaw_M_friction_lining.step,"1 mm replaceable lining with positive edge tabs; friction coefficient is an untested assumption; unfilled machined PEEK candidate, dry contact; actual torque and creep must be qualified"
chest_yaw_M_flanged_rotor_shaft,chest.yaw_frame,aluminum_7075,candidate_solid,1,3347.936084256058,../../revM/manny/parts/chest_yaw_M_flanged_rotor_shaft.step,"Integral D6 drive, journal and friction flange; blind M3 end thread and M2 radial retention; no threaded running surface; integral load-bearing flange stop tab; magnetic cup is not a stop; extended D-flat above bearing Z4 drives upper pressure plate; journal below Z3.9 remains round; D8/flat3.5 output below flange, D6 journal preserved; 7075-T6 material candidate; radial M2 pilot retained"
chest_yaw_M_thrust_wear_washer,waist,steel_17_4,candidate_solid,1,505.41176378898405,../../revM/manny/parts/chest_yaw_M_thrust_wear_washer.step,"Custom removable ground 17-4PH H900 reaction washer, 1 mm web and keyed upper PEEK pocket; captures radial bush flange below Z4"
chest_yaw_M_spring_seat,chest.yaw_frame,steel_17_4,candidate_solid,1,235.81697963512678,../../revM/manny/parts/chest_yaw_M_spring_seat.step,"Ground 17-4PH H900 pressure plate with 1.85 mm deep D6 hub; 0.2 mm radial gap to reaction washer, lower hub clear of POM flange"
chest_yaw_M_disc_spring_0_0,chest.yaw_frame,spring,candidate_solid,1,49.743978076942454,../../revM/manny/parts/chest_yaw_M_disc_spring_0_0.step,"SCHNORR 002200; 3 nested parallel per group, two groups opposed in series"
chest_yaw_M_disc_spring_0_1,chest.yaw_frame,spring,candidate_solid,1,49.743978076942454,../../revM/manny/parts/chest_yaw_M_disc_spring_0_1.step,"SCHNORR 002200; 3 nested parallel per group, two groups opposed in series"
chest_yaw_M_disc_spring_0_2,chest.yaw_frame,spring,candidate_solid,1,49.743978076939314,../../revM/manny/parts/chest_yaw_M_disc_spring_0_2.step,"SCHNORR 002200; 3 nested parallel per group, two groups opposed in series"
chest_yaw_M_disc_spring_1_0,chest.yaw_frame,spring,candidate_solid,1,49.743978076942454,../../revM/manny/parts/chest_yaw_M_disc_spring_1_0.step,"SCHNORR 002200; 3 nested parallel per group, two groups opposed in series"
chest_yaw_M_disc_spring_1_1,chest.yaw_frame,spring,candidate_solid,1,49.743978076939314,../../revM/manny/parts/chest_yaw_M_disc_spring_1_1.step,"SCHNORR 002200; 3 nested parallel per group, two groups opposed in series"
chest_yaw_M_disc_spring_1_2,chest.yaw_frame,spring,candidate_solid,1,49.743978076939314,../../revM/manny/parts/chest_yaw_M_disc_spring_1_2.step,"SCHNORR 002200; 3 nested parallel per group, two groups opposed in series"
chest_yaw_M_D_stop_cap,chest.yaw_frame,aluminum,candidate_solid,1,336.3927942328992,../../revM/manny/parts/chest_yaw_M_D_stop_cap.step,Metal shoulder fixes nominal spring height; actual preload requires selected shims and a physical torque test
chest_yaw_M_M3x8_button_retainer,chest.yaw_frame,titanium,candidate_solid,1,95.05001952736585,../../revM/manny/parts/chest_yaw_M_M3x8_button_retainer.step,Accu SSB-M3-8-TI5 nominal head envelope; thread and bearing stress unqualified
chest_yaw_M_keyed_magnet_cup,chest.yaw_frame,aluminum,candidate_solid,1,1046.4850246407368,../../revM/manny/parts/chest_yaw_M_keyed_magnet_cup.step,External D key transmits angle; 0.05 mm nominal fit and two radial brass retainers
chest_yaw_M_cup_M2x4_0,chest.yaw_frame,brass,candidate_solid,1,12.566370614359263,../../revM/manny/parts/chest_yaw_M_cup_M2x4_0.step,Thread envelope; slotted brass M2x4
chest_yaw_M_cup_M2x4_1,chest.yaw_frame,brass,candidate_solid,1,12.566370614359263,../../revM/manny/parts/chest_yaw_M_cup_M2x4_1.step,Thread envelope; slotted brass M2x4
chest_yaw_M_diametric_magnet_6x2p5,chest.yaw_frame,magnet,candidate_solid,1,70.68583470577039,../../revM/manny/parts/chest_yaw_M_diametric_magnet_6x2p5.step,Diametric magnet; magnetic field and interference require bench qualification
chest_yaw_M_magnet_keeper,chest.yaw_frame,frame,candidate_solid,1,336.0945687874376,../../revM/manny/parts/chest_yaw_M_magnet_keeper.step,"1.2 mm radial wall, 0.20 mm nominal radial fit allowance, 0.8 mm face; mechanical retention outside sensor air gap"
chest_yaw_M_keeper_M2x3_0,chest.yaw_frame,brass,candidate_solid,1,9.424777960769447,../../revM/manny/parts/chest_yaw_M_keeper_M2x3_0.step,Slotted brass M2x3 thread envelope
chest_yaw_M_keeper_M2x3_1,chest.yaw_frame,brass,candidate_solid,1,9.424777960769447,../../revM/manny/parts/chest_yaw_M_keeper_M2x3_1.step,Slotted brass M2x3 thread envelope
chest_yaw_M_D_output_cleat,chest.yaw_frame,aluminum_7075,candidate_solid,1,1808.842550346655,../../revM/manny/parts/chest_yaw_M_D_output_cleat.step,"Two M3 attachment bores; drive on D-flat, axial retention by radial M2 into shaft; enlarged D8 output bore matches strengthened high-load shaft"
chest_yaw_M_output_M2x6,chest.yaw_frame,brass,candidate_solid,1,41.53185488045708,../../revM/manny/parts/chest_yaw_M_output_M2x6.step,Nominal M2x6 radial retainer; install before connecting distal segment
chest_yaw_M_board_post_0,waist,brass,candidate_solid,1,157.15583812300102,../../revM/manny/parts/chest_yaw_M_board_post_0.step,Custom AF3.5 male/female M2 spacer; 2.5 mm nominal engagement in metal eye
chest_yaw_M_PCB_edge_saddle_0,waist,frame,candidate_solid,1,113.59734577831266,../../revM/manny/parts/chest_yaw_M_PCB_edge_saddle_0.step,
chest_yaw_M_PCB_edge_cap_0,waist,nylon,candidate_solid,1,46.2389383113292,../../revM/manny/parts/chest_yaw_M_PCB_edge_cap_0.step,
chest_yaw_M_PCB_M2x6_0,waist,nylon,candidate_solid,1,38.80387485853612,../../revM/manny/parts/chest_yaw_M_PCB_M2x6_0.step,
chest_yaw_M_board_post_1,waist,brass,candidate_solid,1,157.155838123001,../../revM/manny/parts/chest_yaw_M_board_post_1.step,Custom AF3.5 male/female M2 spacer; 2.5 mm nominal engagement in metal eye
chest_yaw_M_PCB_edge_saddle_1,waist,frame,candidate_solid,1,113.59734577831263,../../revM/manny/parts/chest_yaw_M_PCB_edge_saddle_1.step,
chest_yaw_M_PCB_edge_cap_1,waist,nylon,candidate_solid,1,46.23893831132918,../../revM/manny/parts/chest_yaw_M_PCB_edge_cap_1.step,
chest_yaw_M_PCB_M2x6_1,waist,nylon,candidate_solid,1,38.80387485853612,../../revM/manny/parts/chest_yaw_M_PCB_M2x6_1.step,
chest_yaw_M_pcb_AS5048A,waist,pcb_component,candidate_solid,1,19.559259977172594,../../revM/manny/parts/chest_yaw_M_pcb_AS5048A.step,actual_KiCad_STEP
chest_yaw_M_pcb_C1,waist,pcb_component,candidate_solid,1,0.9303638934211237,../../revM/manny/parts/chest_yaw_M_pcb_C1.step,actual_KiCad_STEP
chest_yaw_M_pcb_C2,waist,pcb_component,candidate_solid,1,3.501749999999847,../../revM/manny/parts/chest_yaw_M_pcb_C2.step,"Murata GRM219R61E106KA12D 10 uF 25 V X5R, max .95 mm body + .10 mm solder seating allocation"
chest_yaw_M_pcb_R1,waist,pcb_component,candidate_solid,1,0.5372187601975756,../../revM/manny/parts/chest_yaw_M_pcb_R1.step,actual_KiCad_STEP
chest_yaw_M_pcb_R2,waist,pcb_component,candidate_solid,1,0.5372187601975756,../../revM/manny/parts/chest_yaw_M_pcb_R2.step,actual_KiCad_STEP
chest_yaw_M_pcb_board,waist,pcb,candidate_solid,1,107.37999999999876,../../revM/manny/parts/chest_yaw_M_pcb_board.step,actual_KiCad_STEP
chest_yaw_M_pcb_J1_dimension_envelope,waist,pcb_component,candidate_solid,1,297.7920000000061,../../revM/manny/parts/chest_yaw_M_pcb_J1_dimension_envelope.step,"JST SM06B-SRSS-TB side-entry SH6, conservative 9.4 x9.6 x3.3 mm mated plug allocation; cable bend remains a separate harness requirement"
chest_pitch_M_fixed_metal_eye,chest.yaw_frame,aluminum_7075,candidate_solid,1,3278.219355172637,../../revM/manny/parts/chest_pitch_M_fixed_metal_eye.step,"Machined 6061-T6 eye; 2 x M3 tapped mounting holes; friction lining reacts into this eye; integral angular travel guards reacting directly into bearing eye; D14.50 x0.85 upper retaining counterbore, flat Z3.15; two M2 tapped upper reaction mounts and shallow countersink runout"
chest_pitch_M_radial_bush,chest.yaw_frame,pom,candidate_solid,1,138.80021299272525,../../revM/manny/parts/chest_pitch_M_radial_bush.step,"D6 journal +0.06 mm nominal diametral clearance; not part of axial preload loop; D14.40 x0.70 flange at Z3.20..3.90, captured below thrust washer Z4.00; 0.15 total nominal axial float"
chest_pitch_M_friction_lining,chest.yaw_frame,peek,candidate_solid,1,754.2792379269965,../../revM/manny/parts/chest_pitch_M_friction_lining.step,"1 mm replaceable lining with positive edge tabs; friction coefficient is an untested assumption; unfilled machined PEEK candidate, dry contact; actual torque and creep must be qualified"
chest_pitch_M_flanged_rotor_shaft,chest.pitch_frame,aluminum_7075,candidate_solid,1,3347.9360842560504,../../revM/manny/parts/chest_pitch_M_flanged_rotor_shaft.step,"Integral D6 drive, journal and friction flange; blind M3 end thread and M2 radial retention; no threaded running surface; integral load-bearing flange stop tab; magnetic cup is not a stop; extended D-flat above bearing Z4 drives upper pressure plate; journal below Z3.9 remains round; D8/flat3.5 output below flange, D6 journal preserved; 7075-T6 material candidate; radial M2 pilot retained"
chest_pitch_M_thrust_wear_washer,chest.yaw_frame,steel_17_4,candidate_solid,1,505.4117637889847,../../revM/manny/parts/chest_pitch_M_thrust_wear_washer.step,"Custom removable ground 17-4PH H900 reaction washer, 1 mm web and keyed upper PEEK pocket; captures radial bush flange below Z4"
chest_pitch_M_spring_seat,chest.pitch_frame,steel_17_4,candidate_solid,1,235.81697963512627,../../revM/manny/parts/chest_pitch_M_spring_seat.step,"Ground 17-4PH H900 pressure plate with 1.85 mm deep D6 hub; 0.2 mm radial gap to reaction washer, lower hub clear of POM flange"
chest_pitch_M_disc_spring_0_0,chest.pitch_frame,spring,candidate_solid,1,49.74397807694069,../../revM/manny/parts/chest_pitch_M_disc_spring_0_0.step,"SCHNORR 002200; 3 nested parallel per group, two groups opposed in series"
chest_pitch_M_disc_spring_0_1,chest.pitch_frame,spring,candidate_solid,1,49.74397807694056,../../revM/manny/parts/chest_pitch_M_disc_spring_0_1.step,"SCHNORR 002200; 3 nested parallel per group, two groups opposed in series"
chest_pitch_M_disc_spring_0_2,chest.pitch_frame,spring,candidate_solid,1,49.74397807694056,../../revM/manny/parts/chest_pitch_M_disc_spring_0_2.step,"SCHNORR 002200; 3 nested parallel per group, two groups opposed in series"
chest_pitch_M_disc_spring_1_0,chest.pitch_frame,spring,candidate_solid,1,49.74397807694069,../../revM/manny/parts/chest_pitch_M_disc_spring_1_0.step,"SCHNORR 002200; 3 nested parallel per group, two groups opposed in series"
chest_pitch_M_disc_spring_1_1,chest.pitch_frame,spring,candidate_solid,1,49.74397807694067,../../revM/manny/parts/chest_pitch_M_disc_spring_1_1.step,"SCHNORR 002200; 3 nested parallel per group, two groups opposed in series"
chest_pitch_M_disc_spring_1_2,chest.pitch_frame,spring,candidate_solid,1,49.74397807694064,../../revM/manny/parts/chest_pitch_M_disc_spring_1_2.step,"SCHNORR 002200; 3 nested parallel per group, two groups opposed in series"
chest_pitch_M_D_stop_cap,chest.pitch_frame,aluminum,candidate_solid,1,336.39279423290037,../../revM/manny/parts/chest_pitch_M_D_stop_cap.step,Metal shoulder fixes nominal spring height; actual preload requires selected shims and a physical torque test
chest_pitch_M_M3x8_button_retainer,chest.pitch_frame,titanium,candidate_solid,1,95.0500195273654,../../revM/manny/parts/chest_pitch_M_M3x8_button_retainer.step,Accu SSB-M3-8-TI5 nominal head envelope; thread and bearing stress unqualified
chest_pitch_M_keyed_magnet_cup,chest.pitch_frame,aluminum,candidate_solid,1,1046.4850246407432,../../revM/manny/parts/chest_pitch_M_keyed_magnet_cup.step,External D key transmits angle; 0.05 mm nominal fit and two radial brass retainers
chest_pitch_M_cup_M2x4_0,chest.pitch_frame,brass,candidate_solid,1,12.566370614359277,../../revM/manny/parts/chest_pitch_M_cup_M2x4_0.step,Thread envelope; slotted brass M2x4
chest_pitch_M_cup_M2x4_1,chest.pitch_frame,brass,candidate_solid,1,12.566370614359279,../../revM/manny/parts/chest_pitch_M_cup_M2x4_1.step,Thread envelope; slotted brass M2x4
chest_pitch_M_diametric_magnet_6x2p5,chest.pitch_frame,magnet,candidate_solid,1,70.68583470577059,../../revM/manny/parts/chest_pitch_M_diametric_magnet_6x2p5.step,Diametric magnet; magnetic field and interference require bench qualification
chest_pitch_M_magnet_keeper,chest.pitch_frame,frame,candidate_solid,1,336.0945687874338,../../revM/manny/parts/chest_pitch_M_magnet_keeper.step,"1.2 mm radial wall, 0.20 mm nominal radial fit allowance, 0.8 mm face; mechanical retention outside sensor air gap"
chest_pitch_M_keeper_M2x3_0,chest.pitch_frame,brass,candidate_solid,1,9.424777960769458,../../revM/manny/parts/chest_pitch_M_keeper_M2x3_0.step,Slotted brass M2x3 thread envelope
chest_pitch_M_keeper_M2x3_1,chest.pitch_frame,brass,candidate_solid,1,9.42477796076946,../../revM/manny/parts/chest_pitch_M_keeper_M2x3_1.step,Slotted brass M2x3 thread envelope
chest_pitch_M_D_output_cleat,chest.pitch_frame,aluminum_7075,candidate_solid,1,1808.84255034664,../../revM/manny/parts/chest_pitch_M_D_output_cleat.step,"Two M3 attachment bores; drive on D-flat, axial retention by radial M2 into shaft; enlarged D8 output bore matches strengthened high-load shaft"
chest_pitch_M_output_M2x6,chest.pitch_frame,brass,candidate_solid,1,41.5318548804571,../../revM/manny/parts/chest_pitch_M_output_M2x6.step,Nominal M2x6 radial retainer; install before connecting distal segment
chest_pitch_M_board_post_0,chest.yaw_frame,brass,candidate_solid,1,157.15583812300113,../../revM/manny/parts/chest_pitch_M_board_post_0.step,Custom AF3.5 male/female M2 spacer; 2.5 mm nominal engagement in metal eye
chest_pitch_M_PCB_edge_saddle_0,chest.yaw_frame,frame,candidate_solid,1,113.59734577831264,../../revM/manny/parts/chest_pitch_M_PCB_edge_saddle_0.step,
chest_pitch_M_PCB_edge_cap_0,chest.yaw_frame,nylon,candidate_solid,1,46.2389383113249,../../revM/manny/parts/chest_pitch_M_PCB_edge_cap_0.step,
chest_pitch_M_PCB_M2x6_0,chest.yaw_frame,nylon,candidate_solid,1,38.80387485853625,../../revM/manny/parts/chest_pitch_M_PCB_M2x6_0.step,
chest_pitch_M_board_post_1,chest.yaw_frame,brass,candidate_solid,1,157.15583812300113,../../revM/manny/parts/chest_pitch_M_board_post_1.step,Custom AF3.5 male/female M2 spacer; 2.5 mm nominal engagement in metal eye
chest_pitch_M_PCB_edge_saddle_1,chest.yaw_frame,frame,candidate_solid,1,113.59734577831263,../../revM/manny/parts/chest_pitch_M_PCB_edge_saddle_1.step,
chest_pitch_M_PCB_edge_cap_1,chest.yaw_frame,nylon,candidate_solid,1,46.23893831132488,../../revM/manny/parts/chest_pitch_M_PCB_edge_cap_1.step,
chest_pitch_M_PCB_M2x6_1,chest.yaw_frame,nylon,candidate_solid,1,38.80387485853626,../../revM/manny/parts/chest_pitch_M_PCB_M2x6_1.step,
chest_pitch_M_pcb_AS5048A,chest.yaw_frame,pcb_component,candidate_solid,1,19.55925997717115,../../revM/manny/parts/chest_pitch_M_pcb_AS5048A.step,actual_KiCad_STEP
chest_pitch_M_pcb_C1,chest.yaw_frame,pcb_component,candidate_solid,1,0.9303638934211643,../../revM/manny/parts/chest_pitch_M_pcb_C1.step,actual_KiCad_STEP
chest_pitch_M_pcb_C2,chest.yaw_frame,pcb_component,candidate_solid,1,3.501750000000026,../../revM/manny/parts/chest_pitch_M_pcb_C2.step,"Murata GRM219R61E106KA12D 10 uF 25 V X5R, max .95 mm body + .10 mm solder seating allocation"
chest_pitch_M_pcb_R1,chest.yaw_frame,pcb_component,candidate_solid,1,0.5372187601976182,../../revM/manny/parts/chest_pitch_M_pcb_R1.step,actual_KiCad_STEP
chest_pitch_M_pcb_R2,chest.yaw_frame,pcb_component,candidate_solid,1,0.5372187601976229,../../revM/manny/parts/chest_pitch_M_pcb_R2.step,actual_KiCad_STEP
chest_pitch_M_pcb_board,chest.yaw_frame,pcb,candidate_solid,1,107.3799999999999,../../revM/manny/parts/chest_pitch_M_pcb_board.step,actual_KiCad_STEP
chest_pitch_M_pcb_J1_dimension_envelope,chest.yaw_frame,pcb_component,candidate_solid,1,297.792,../../revM/manny/parts/chest_pitch_M_pcb_J1_dimension_envelope.step,"JST SM06B-SRSS-TB side-entry SH6, conservative 9.4 x9.6 x3.3 mm mated plug allocation; cable bend remains a separate harness requirement"
chest_roll_M_fixed_metal_eye,chest.pitch_frame,aluminum_7075,candidate_solid,1,3278.2193551726396,../../revM/manny/parts/chest_roll_M_fixed_metal_eye.step,"Machined 6061-T6 eye; 2 x M3 tapped mounting holes; friction lining reacts into this eye; integral angular travel guards reacting directly into bearing eye; D14.50 x0.85 upper retaining counterbore, flat Z3.15; two M2 tapped upper reaction mounts and shallow countersink runout"
chest_roll_M_radial_bush,chest.pitch_frame,pom,candidate_solid,1,138.80021299272545,../../revM/manny/parts/chest_roll_M_radial_bush.step,"D6 journal +0.06 mm nominal diametral clearance; not part of axial preload loop; D14.40 x0.70 flange at Z3.20..3.90, captured below thrust washer Z4.00; 0.15 total nominal axial float"
chest_roll_M_friction_lining,chest.pitch_frame,peek,candidate_solid,1,754.2792379269965,../../revM/manny/parts/chest_roll_M_friction_lining.step,"1 mm replaceable lining with positive edge tabs; friction coefficient is an untested assumption; unfilled machined PEEK candidate, dry contact; actual torque and creep must be qualified"
chest_roll_M_flanged_rotor_shaft,chest,aluminum_7075,candidate_solid,1,3347.936084256055,../../revM/manny/parts/chest_roll_M_flanged_rotor_shaft.step,"Integral D6 drive, journal and friction flange; blind M3 end thread and M2 radial retention; no threaded running surface; integral load-bearing flange stop tab; magnetic cup is not a stop; extended D-flat above bearing Z4 drives upper pressure plate; journal below Z3.9 remains round; D8/flat3.5 output below flange, D6 journal preserved; 7075-T6 material candidate; radial M2 pilot retained"
chest_roll_M_thrust_wear_washer,chest.pitch_frame,steel_17_4,candidate_solid,1,505.4117637889847,../../revM/manny/parts/chest_roll_M_thrust_wear_washer.step,"Custom removable ground 17-4PH H900 reaction washer, 1 mm web and keyed upper PEEK pocket; captures radial bush flange below Z4"
chest_roll_M_spring_seat,chest,steel_17_4,candidate_solid,1,235.81697963512627,../../revM/manny/parts/chest_roll_M_spring_seat.step,"Ground 17-4PH H900 pressure plate with 1.85 mm deep D6 hub; 0.2 mm radial gap to reaction washer, lower hub clear of POM flange"
chest_roll_M_disc_spring_0_0,chest,spring,candidate_solid,1,49.74397807694062,../../revM/manny/parts/chest_roll_M_disc_spring_0_0.step,"SCHNORR 002200; 3 nested parallel per group, two groups opposed in series"
chest_roll_M_disc_spring_0_1,chest,spring,candidate_solid,1,49.743978076940685,../../revM/manny/parts/chest_roll_M_disc_spring_0_1.step,"SCHNORR 002200; 3 nested parallel per group, two groups opposed in series"
chest_roll_M_disc_spring_0_2,chest,spring,candidate_solid,1,49.743978076940685,../../revM/manny/parts/chest_roll_M_disc_spring_0_2.step,"SCHNORR 002200; 3 nested parallel per group, two groups opposed in series"
chest_roll_M_disc_spring_1_0,chest,spring,candidate_solid,1,49.74397807694067,../../revM/manny/parts/chest_roll_M_disc_spring_1_0.step,"SCHNORR 002200; 3 nested parallel per group, two groups opposed in series"
chest_roll_M_disc_spring_1_1,chest,spring,candidate_solid,1,49.743978076940635,../../revM/manny/parts/chest_roll_M_disc_spring_1_1.step,"SCHNORR 002200; 3 nested parallel per group, two groups opposed in series"
chest_roll_M_disc_spring_1_2,chest,spring,candidate_solid,1,49.743978076940714,../../revM/manny/parts/chest_roll_M_disc_spring_1_2.step,"SCHNORR 002200; 3 nested parallel per group, two groups opposed in series"
chest_roll_M_D_stop_cap,chest,aluminum,candidate_solid,1,336.3927942329004,../../revM/manny/parts/chest_roll_M_D_stop_cap.step,Metal shoulder fixes nominal spring height; actual preload requires selected shims and a physical torque test
chest_roll_M_M3x8_button_retainer,chest,titanium,candidate_solid,1,95.05001952736534,../../revM/manny/parts/chest_roll_M_M3x8_button_retainer.step,Accu SSB-M3-8-TI5 nominal head envelope; thread and bearing stress unqualified
chest_roll_M_keyed_magnet_cup,chest,aluminum,candidate_solid,1,1046.485024640743,../../revM/manny/parts/chest_roll_M_keyed_magnet_cup.step,External D key transmits angle; 0.05 mm nominal fit and two radial brass retainers
chest_roll_M_cup_M2x4_0,chest,brass,candidate_solid,1,12.566370614359277,../../revM/manny/parts/chest_roll_M_cup_M2x4_0.step,Thread envelope; slotted brass M2x4
chest_roll_M_cup_M2x4_1,chest,brass,candidate_solid,1,12.566370614359277,../../revM/manny/parts/chest_roll_M_cup_M2x4_1.step,Thread envelope; slotted brass M2x4
chest_roll_M_diametric_magnet_6x2p5,chest,magnet,candidate_solid,1,70.68583470577059,../../revM/manny/parts/chest_roll_M_diametric_magnet_6x2p5.step,Diametric magnet; magnetic field and interference require bench qualification
chest_roll_M_magnet_keeper,chest,frame,candidate_solid,1,336.0945687874332,../../revM/manny/parts/chest_roll_M_magnet_keeper.step,"1.2 mm radial wall, 0.20 mm nominal radial fit allowance, 0.8 mm face; mechanical retention outside sensor air gap"
chest_roll_M_keeper_M2x3_0,chest,brass,candidate_solid,1,9.424777960769456,../../revM/manny/parts/chest_roll_M_keeper_M2x3_0.step,Slotted brass M2x3 thread envelope
chest_roll_M_keeper_M2x3_1,chest,brass,candidate_solid,1,9.424777960769456,../../revM/manny/parts/chest_roll_M_keeper_M2x3_1.step,Slotted brass M2x3 thread envelope
chest_roll_M_D_output_cleat,chest,aluminum_7075,candidate_solid,1,1808.8425503466378,../../revM/manny/parts/chest_roll_M_D_output_cleat.step,"Two M3 attachment bores; drive on D-flat, axial retention by radial M2 into shaft; enlarged D8 output bore matches strengthened high-load shaft"
chest_roll_M_output_M2x6,chest,brass,candidate_solid,1,41.531854880457104,../../revM/manny/parts/chest_roll_M_output_M2x6.step,Nominal M2x6 radial retainer; install before connecting distal segment
chest_roll_M_board_post_0,chest.pitch_frame,brass,candidate_solid,1,157.15583812300116,../../revM/manny/parts/chest_roll_M_board_post_0.step,Custom AF3.5 male/female M2 spacer; 2.5 mm nominal engagement in metal eye
chest_roll_M_PCB_edge_saddle_0,chest.pitch_frame,frame,candidate_solid,1,113.59734577831263,../../revM/manny/parts/chest_roll_M_PCB_edge_saddle_0.step,
chest_roll_M_PCB_edge_cap_0,chest.pitch_frame,nylon,candidate_solid,1,46.2389383113249,../../revM/manny/parts/chest_roll_M_PCB_edge_cap_0.step,
chest_roll_M_PCB_M2x6_0,chest.pitch_frame,nylon,candidate_solid,1,38.803874858536254,../../revM/manny/parts/chest_roll_M_PCB_M2x6_0.step,
chest_roll_M_board_post_1,chest.pitch_frame,brass,candidate_solid,1,157.15583812300116,../../revM/manny/parts/chest_roll_M_board_post_1.step,Custom AF3.5 male/female M2 spacer; 2.5 mm nominal engagement in metal eye
chest_roll_M_PCB_edge_saddle_1,chest.pitch_frame,frame,candidate_solid,1,113.59734577831263,../../revM/manny/parts/chest_roll_M_PCB_edge_saddle_1.step,
chest_roll_M_PCB_edge_cap_1,chest.pitch_frame,nylon,candidate_solid,1,46.238938311324894,../../revM/manny/parts/chest_roll_M_PCB_edge_cap_1.step,
chest_roll_M_PCB_M2x6_1,chest.pitch_frame,nylon,candidate_solid,1,38.803874858536254,../../revM/manny/parts/chest_roll_M_PCB_M2x6_1.step,
chest_roll_M_pcb_AS5048A,chest.pitch_frame,pcb_component,candidate_solid,1,19.559259977171116,../../revM/manny/parts/chest_roll_M_pcb_AS5048A.step,actual_KiCad_STEP
chest_roll_M_pcb_C1,chest.pitch_frame,pcb_component,candidate_solid,1,0.9303638934211653,../../revM/manny/parts/chest_roll_M_pcb_C1.step,actual_KiCad_STEP
chest_roll_M_pcb_C2,chest.pitch_frame,pcb_component,candidate_solid,1,3.501750000000027,../../revM/manny/parts/chest_roll_M_pcb_C2.step,"Murata GRM219R61E106KA12D 10 uF 25 V X5R, max .95 mm body + .10 mm solder seating allocation"
chest_roll_M_pcb_R1,chest.pitch_frame,pcb_component,candidate_solid,1,0.5372187601976172,../../revM/manny/parts/chest_roll_M_pcb_R1.step,actual_KiCad_STEP
chest_roll_M_pcb_R2,chest.pitch_frame,pcb_component,candidate_solid,1,0.5372187601976212,../../revM/manny/parts/chest_roll_M_pcb_R2.step,actual_KiCad_STEP
chest_roll_M_pcb_board,chest.pitch_frame,pcb,candidate_solid,1,107.38000000000018,../../revM/manny/parts/chest_roll_M_pcb_board.step,actual_KiCad_STEP
chest_roll_M_pcb_J1_dimension_envelope,chest.pitch_frame,pcb_component,candidate_solid,1,297.79200000000003,../../revM/manny/parts/chest_roll_M_pcb_J1_dimension_envelope.step,"JST SM06B-SRSS-TB side-entry SH6, conservative 9.4 x9.6 x3.3 mm mated plug allocation; cable bend remains a separate harness requirement"
chest_pitch_M_rotor_mount_M3x12_0,chest.pitch_frame,metal,candidate_solid,1,147.9788968147636,../../revM/manny/parts/chest_pitch_M_rotor_mount_M3x12_0.step,M3x12 socket screw; unmodelled helical thread
chest_pitch_M_rotor_mount_nut_M3_0,chest.pitch_frame,metal,candidate_solid,1,51.09247186378794,../../revM/manny/parts/chest_pitch_M_rotor_mount_nut_M3_0.step,M3 nut envelope; removable thread locking method pending
chest_pitch_M_rotor_mount_M3x12_1,chest.pitch_frame,metal,candidate_solid,1,147.97889681476363,../../revM/manny/parts/chest_pitch_M_rotor_mount_M3x12_1.step,M3x12 socket screw; unmodelled helical thread
chest_pitch_M_rotor_mount_nut_M3_1,chest.pitch_frame,metal,candidate_solid,1,51.09247186378794,../../revM/manny/parts/chest_pitch_M_rotor_mount_nut_M3_1.step,M3 nut envelope; removable thread locking method pending
chest_roll_M_fixed_mount_M3x8_0,chest.pitch_frame,metal,candidate_solid,1,120.24582880982067,../../revM/manny/parts/chest_roll_M_fixed_mount_M3x8_0.step,M3x8 from outer carrier face into metal eye; 3 mm nominal threaded engagement
chest_roll_M_fixed_mount_M3x8_1,chest.pitch_frame,metal,candidate_solid,1,120.24582880982067,../../revM/manny/parts/chest_roll_M_fixed_mount_M3x8_1.step,M3x8 from outer carrier face into metal eye; 3 mm nominal threaded engagement
chest_pitch_M_intermediate_frame,chest.pitch_frame,aluminum_7075,candidate_solid,1,2964.8383378982335,../../revM/manny/parts/chest_pitch_M_intermediate_frame.step,"Metal anterior chest pitch/roll arch, clears the shoulder-girdle readout behind it"
chest_yaw_M_rotor_mount_M3x12_0,chest.yaw_frame,metal,candidate_solid,1,147.97889681476383,../../revM/manny/parts/chest_yaw_M_rotor_mount_M3x12_0.step,M3x12 socket screw; unmodelled helical thread
chest_yaw_M_rotor_mount_nut_M3_0,chest.yaw_frame,metal,candidate_solid,1,51.09247186378832,../../revM/manny/parts/chest_yaw_M_rotor_mount_nut_M3_0.step,M3 nut envelope; removable thread locking method pending
chest_yaw_M_rotor_mount_M3x12_1,chest.yaw_frame,metal,candidate_solid,1,147.97889681476386,../../revM/manny/parts/chest_yaw_M_rotor_mount_M3x12_1.step,M3x12 socket screw; unmodelled helical thread
chest_yaw_M_rotor_mount_nut_M3_1,chest.yaw_frame,metal,candidate_solid,1,51.09247186378832,../../revM/manny/parts/chest_yaw_M_rotor_mount_nut_M3_1.step,M3 nut envelope; removable thread locking method pending
chest_pitch_M_fixed_mount_M3x8_0,chest.yaw_frame,metal,candidate_solid,1,120.2458288098207,../../revM/manny/parts/chest_pitch_M_fixed_mount_M3x8_0.step,M3x8 from outer carrier face into metal eye; 3 mm nominal threaded engagement
chest_pitch_M_fixed_mount_M3x8_1,chest.yaw_frame,metal,candidate_solid,1,120.24582880982071,../../revM/manny/parts/chest_pitch_M_fixed_mount_M3x8_1.step,M3x8 from outer carrier face into metal eye; 3 mm nominal threaded engagement
chest_M_yaw_pitch_frame,chest.yaw_frame,aluminum_7075,candidate_solid,1,5214.133308617888,../../revM/manny/parts/chest_M_yaw_pitch_frame.step,Rigid yaw-to-pitch frame; yaw cartridge shifted only along the original vertical axis
waist_roll_M_rotor_mount_M3x12_0,waist,metal,candidate_solid,1,147.9788968147636,../../revM/manny/parts/waist_roll_M_rotor_mount_M3x12_0.step,M3x12 socket screw; unmodelled helical thread
waist_roll_M_rotor_mount_nut_M3_0,waist,metal,candidate_solid,1,51.0924718637879,../../revM/manny/parts/waist_roll_M_rotor_mount_nut_M3_0.step,M3 nut envelope; removable thread locking method pending
waist_roll_M_rotor_mount_M3x12_1,waist,metal,candidate_solid,1,147.9788968147636,../../revM/manny/parts/waist_roll_M_rotor_mount_M3x12_1.step,M3x12 socket screw; unmodelled helical thread
waist_roll_M_rotor_mount_nut_M3_1,waist,metal,candidate_solid,1,51.092471863787985,../../revM/manny/parts/waist_roll_M_rotor_mount_nut_M3_1.step,M3 nut envelope; removable thread locking method pending
chest_yaw_M_fixed_mount_M3x8_0,waist,metal,candidate_solid,1,120.24582880982102,../../revM/manny/parts/chest_yaw_M_fixed_mount_M3x8_0.step,M3x8 from outer carrier face into metal eye; 3 mm nominal threaded engagement
chest_yaw_M_fixed_mount_M3x8_1,waist,metal,candidate_solid,1,120.24582880982102,../../revM/manny/parts/chest_yaw_M_fixed_mount_M3x8_1.step,M3x8 from outer carrier face into metal eye; 3 mm nominal threaded engagement
waist_M_chest_input_frame,waist,aluminum_7075,candidate_solid,1,2123.3638018399397,../../revM/manny/parts/waist_M_chest_input_frame.step,Continuous waist-to-chest member; posterior offset route between the compact waist and chest cartridges
waist_yaw_M_fixed_mount_M3x8_0,pelvis,metal,candidate_solid,1,120.24582880982102,../../revM/manny/parts/waist_yaw_M_fixed_mount_M3x8_0.step,M3x8 from outer carrier face into metal eye; 3 mm nominal threaded engagement
waist_yaw_M_fixed_mount_M3x8_1,pelvis,metal,candidate_solid,1,120.24582880982099,../../revM/manny/parts/waist_yaw_M_fixed_mount_M3x8_1.step,M3x8 from outer carrier face into metal eye; 3 mm nominal threaded engagement
thigh_l_flex_M_fixed_mount_M3x8_0,pelvis,metal,candidate_solid,1,120.24582880982118,../../revM/manny/parts/thigh_l_flex_M_fixed_mount_M3x8_0.step,M3x8 from outer carrier face into metal eye; 3 mm nominal threaded engagement
thigh_l_flex_M_fixed_mount_M3x8_1,pelvis,metal,candidate_solid,1,120.24582880982118,../../revM/manny/parts/thigh_l_flex_M_fixed_mount_M3x8_1.step,M3x8 from outer carrier face into metal eye; 3 mm nominal threaded engagement
thigh_r_flex_M_fixed_mount_M3x8_0,pelvis,metal,candidate_solid,1,120.24582880982116,../../revM/manny/parts/thigh_r_flex_M_fixed_mount_M3x8_0.step,M3x8 from outer carrier face into metal eye; 3 mm nominal threaded engagement
thigh_r_flex_M_fixed_mount_M3x8_1,pelvis,metal,candidate_solid,1,120.24582880982118,../../revM/manny/parts/thigh_r_flex_M_fixed_mount_M3x8_1.step,M3x8 from outer carrier face into metal eye; 3 mm nominal threaded engagement
pelvis_M_body_frame,pelvis,aluminum_7075,candidate_solid,1,34993.19788352355,../../revM/manny/parts/pelvis_M_body_frame.step,"Permanent internal pelvis frame, no external stand; root forward is a fixed local reference; fixed rear electronics spine and two flat bolt lugs"
chest_roll_M_rotor_mount_M3x12_0,chest,metal,candidate_solid,1,147.97889681476357,../../revM/manny/parts/chest_roll_M_rotor_mount_M3x12_0.step,M3x12 socket screw; unmodelled helical thread
chest_roll_M_rotor_mount_nut_M3_0,chest,metal,candidate_solid,1,51.092471863787935,../../revM/manny/parts/chest_roll_M_rotor_mount_nut_M3_0.step,M3 nut envelope; removable thread locking method pending
chest_roll_M_rotor_mount_M3x12_1,chest,metal,candidate_solid,1,147.9788968147636,../../revM/manny/parts/chest_roll_M_rotor_mount_M3x12_1.step,M3x12 socket screw; unmodelled helical thread
chest_roll_M_rotor_mount_nut_M3_1,chest,metal,candidate_solid,1,51.09247186378793,../../revM/manny/parts/chest_roll_M_rotor_mount_nut_M3_1.step,M3 nut envelope; removable thread locking method pending
l_twist_M_upper_thrust_shim,upperarm_l.abduct_frame,bronze,candidate_solid,1,11.215485773316425,../../revM/manny/parts/l_twist_M_upper_thrust_shim.step,"0.20 mm CuSn8 thrust shim candidate; metal frame at 5.5, shaft shoulder at 5.7; flatness, wear and supplier process pending"
l_twist_M_spring_upper_washer,upperarm_l,spring,candidate_solid,1,81.1787541687603,../../revM/manny/parts/l_twist_M_spring_upper_washer.step,Ground steel washer; spring load kept away from arm coupling
l_twist_M_disc_spring_0,upperarm_l,spring,candidate_solid,1,32.342696368707216,../../revM/manny/parts/l_twist_M_disc_spring_0.step,"SCHNORR 001200 opposed pair in series; 294 N nominal at 0.563 mm each, needs physical adjustment"
l_twist_M_disc_spring_1,upperarm_l,spring,candidate_solid,1,32.342696368707216,../../revM/manny/parts/l_twist_M_disc_spring_1.step,"SCHNORR 001200 opposed pair in series; 294 N nominal at 0.563 mm each, needs physical adjustment"
l_twist_M_spring_lower_washer,upperarm_l,spring,candidate_solid,1,40.58937708438015,../../revM/manny/parts/l_twist_M_spring_lower_washer.step,Ground steel spring washer
l_twist_M_split_stop_collar_left,upperarm_l,aluminum_7075,candidate_solid,1,169.32641399120305,../../revM/manny/parts/l_twist_M_split_stop_collar_left.step,Radial assembly into positive D3 groove; 1.1 mm axial lip; stop geometry sets nominal spring stack
l_twist_M_split_stop_collar_right,upperarm_l,aluminum_7075,candidate_solid,1,151.42245795747866,../../revM/manny/parts/l_twist_M_split_stop_collar_right.step,Second collar half; 0.20 mm split; M2 screws join the halves without relying on friction for axial retention
l_twist_M_collar_M2x8_0,upperarm_l,brass,candidate_solid,1,45.087060165715755,../../revM/manny/parts/l_twist_M_collar_M2x8_0.step,M2x8 into tapped left collar half; 2.9 mm nominal engagement; install before arm carrier
l_twist_M_collar_M2x8_1,upperarm_l,brass,candidate_solid,1,45.087060165715755,../../revM/manny/parts/l_twist_M_collar_M2x8_1.step,M2x8 into tapped left collar half; 2.9 mm nominal engagement; install before arm carrier
r_twist_M_upper_thrust_shim,upperarm_r.abduct_frame,bronze,candidate_solid,1,11.215485773316427,../../revM/manny/parts/r_twist_M_upper_thrust_shim.step,"0.20 mm CuSn8 thrust shim candidate; metal frame at 5.5, shaft shoulder at 5.7; flatness, wear and supplier process pending"
r_twist_M_spring_upper_washer,upperarm_r,spring,candidate_solid,1,81.1787541687603,../../revM/manny/parts/r_twist_M_spring_upper_washer.step,Ground steel washer; spring load kept away from arm coupling
r_twist_M_disc_spring_0,upperarm_r,spring,candidate_solid,1,32.342696368707216,../../revM/manny/parts/r_twist_M_disc_spring_0.step,"SCHNORR 001200 opposed pair in series; 294 N nominal at 0.563 mm each, needs physical adjustment"
r_twist_M_disc_spring_1,upperarm_r,spring,candidate_solid,1,32.342696368707216,../../revM/manny/parts/r_twist_M_disc_spring_1.step,"SCHNORR 001200 opposed pair in series; 294 N nominal at 0.563 mm each, needs physical adjustment"
r_twist_M_spring_lower_washer,upperarm_r,spring,candidate_solid,1,40.58937708438015,../../revM/manny/parts/r_twist_M_spring_lower_washer.step,Ground steel spring washer
r_twist_M_split_stop_collar_left,upperarm_r,aluminum_7075,candidate_solid,1,169.32641399120308,../../revM/manny/parts/r_twist_M_split_stop_collar_left.step,Radial assembly into positive D3 groove; 1.1 mm axial lip; stop geometry sets nominal spring stack
r_twist_M_split_stop_collar_right,upperarm_r,aluminum_7075,candidate_solid,1,151.4224579574787,../../revM/manny/parts/r_twist_M_split_stop_collar_right.step,Second collar half; 0.20 mm split; M2 screws join the halves without relying on friction for axial retention
r_twist_M_collar_M2x8_0,upperarm_r,brass,candidate_solid,1,45.08706016571576,../../revM/manny/parts/r_twist_M_collar_M2x8_0.step,M2x8 into tapped left collar half; 2.9 mm nominal engagement; install before arm carrier
r_twist_M_collar_M2x8_1,upperarm_r,brass,candidate_solid,1,45.08706016571576,../../revM/manny/parts/r_twist_M_collar_M2x8_1.step,M2x8 into tapped left collar half; 2.9 mm nominal engagement; install before arm carrier
clavicle_l_protract_G4_stepped_D4_shaft,clavicle_l.protract_frame,aluminum_7075,candidate_solid,1,613.1793733623127,../../revM/manny/parts/clavicle_l_protract_G4_stepped_D4_shaft.step,"M3x0.5 external thread continuously to Z-15 including magnet-key flat; fully round loaded thread above Z-9.95. Upper D4 key for carriage, M2 end-retention pilot."
clavicle_l_protract_G4_fixed_reaction_plate,chest,aluminum_7075,candidate_solid,1,1549.0459932041397,../../revM/manny/parts/clavicle_l_protract_G4_fixed_reaction_plate.step,"M3 tapped attachment pair at X+/-6,Y outward9; two independent M2 sensor posts; clipped inward boundary Y=-/+5.5; integral positive travel stops"
clavicle_l_protract_G4_keyed_friction_lining,chest,peek,candidate_solid,1,170.9341955220875,../../revM/manny/parts/clavicle_l_protract_G4_keyed_friction_lining.step,"Positive lining tabs; 0.5 mm candidate, friction coefficient untested; unfilled machined PEEK candidate, dry contact; actual torque and creep must be qualified"
clavicle_l_protract_G4_D4_friction_rotor,clavicle_l.protract_frame,aluminum_7075,candidate_solid,1,1074.0092834646894,../../revM/manny/parts/clavicle_l_protract_G4_D4_friction_rotor.step,3 mm metal drive face; upper shaft flange carries the axial spring load; integral travel tab reacts directly into bearing frame
clavicle_l_protract_G4_lower_thrust_washer,chest,bronze,candidate_solid,1,59.43893300591892,../../revM/manny/parts/clavicle_l_protract_G4_lower_thrust_washer.step,0.5 mm CuSn8 plain thrust washer; surface and wear require qualification
clavicle_l_protract_G4_disc_0_0,clavicle_l.protract_frame,spring,candidate_solid,1,59.54574715614167,../../revM/manny/parts/clavicle_l_protract_G4_disc_0_0.step,Two nested discs per group; two opposed groups. Nominal 1114 N at catalog height.
clavicle_l_protract_G4_disc_0_1,clavicle_l.protract_frame,spring,candidate_solid,1,59.54574715614169,../../revM/manny/parts/clavicle_l_protract_G4_disc_0_1.step,Two nested discs per group; two opposed groups. Nominal 1114 N at catalog height.
clavicle_l_protract_G4_disc_1_0,clavicle_l.protract_frame,spring,candidate_solid,1,59.54574715614169,../../revM/manny/parts/clavicle_l_protract_G4_disc_1_0.step,Two nested discs per group; two opposed groups. Nominal 1114 N at catalog height.
clavicle_l_protract_G4_disc_1_1,clavicle_l.protract_frame,spring,candidate_solid,1,59.54574715614167,../../revM/manny/parts/clavicle_l_protract_G4_disc_1_1.step,Two nested discs per group; two opposed groups. Nominal 1114 N at catalog height.
clavicle_l_protract_G4_spring_lower_washer,clavicle_l.protract_frame,spring,candidate_solid,1,62.34490621048947,../../revM/manny/parts/clavicle_l_protract_G4_spring_lower_washer.step,
clavicle_l_protract_G4_preload_nut,clavicle_l.protract_frame,metal,candidate_solid,1,38.31935389784104,../../revM/manny/parts/clavicle_l_protract_G4_preload_nut.step,"M3 thin nut, nominal AF5.5 x1.8; threads onto the continuous threaded tip before magnet cup installation"
clavicle_l_protract_G4_jam_nut,clavicle_l.protract_frame,metal,candidate_solid,1,38.31935389784184,../../revM/manny/parts/clavicle_l_protract_G4_jam_nut.step,"M3 thin nut, nominal AF5.5 x1.8; threads onto the continuous threaded tip before magnet cup installation"
clavicle_l_protract_G4_removable_D3_magnet_cup,clavicle_l.protract_frame,aluminum,candidate_solid,1,638.9545396996783,../../revM/manny/parts/clavicle_l_protract_G4_removable_D3_magnet_cup.step,D3 threaded-tip flat transmits only encoder torque; 0.75 mm floor separates shaft and magnet
clavicle_l_protract_G4_cup_M2x5_0,clavicle_l.protract_frame,brass,candidate_solid,1,15.70796326794908,../../revM/manny/parts/clavicle_l_protract_G4_cup_M2x5_0.step,"Slotted brass M2x5, 1 mm nominal shaft thread engagement, unloaded magnet extension"
clavicle_l_protract_G4_cup_M2x5_1,clavicle_l.protract_frame,brass,candidate_solid,1,15.70796326794908,../../revM/manny/parts/clavicle_l_protract_G4_cup_M2x5_1.step,"Slotted brass M2x5, 1 mm nominal shaft thread engagement, unloaded magnet extension"
clavicle_l_protract_G4_magnet_6x2p5,clavicle_l.protract_frame,magnet,candidate_solid,1,70.6858347057704,../../revM/manny/parts/clavicle_l_protract_G4_magnet_6x2p5.step,
clavicle_l_protract_G4_magnet_keeper,clavicle_l.protract_frame,frame,candidate_solid,1,178.61523078978783,../../revM/manny/parts/clavicle_l_protract_G4_magnet_keeper.step,1.1 mm radial wall; 0.20 mm radial clearance; 0.8 mm retention face
clavicle_l_protract_G4_keeper_M2x3_0,clavicle_l.protract_frame,brass,candidate_solid,1,9.424777960769449,../../revM/manny/parts/clavicle_l_protract_G4_keeper_M2x3_0.step,
clavicle_l_protract_G4_keeper_M2x3_1,clavicle_l.protract_frame,brass,candidate_solid,1,9.424777960769447,../../revM/manny/parts/clavicle_l_protract_G4_keeper_M2x3_1.step,
clavicle_l_protract_G4_post_0,chest,brass,candidate_solid,1,186.584680381702,../../revM/manny/parts/clavicle_l_protract_G4_post_0.step,Custom M2 male/female spacer; 2.5 mm into reaction plate; clamping does not load PCB
clavicle_l_protract_G4_board_saddle_0,chest,frame,candidate_solid,1,41.59734577831272,../../revM/manny/parts/clavicle_l_protract_G4_board_saddle_0.step,
clavicle_l_protract_G4_board_cap_0,chest,nylon,candidate_solid,1,17.438938311326737,../../revM/manny/parts/clavicle_l_protract_G4_board_cap_0.step,
clavicle_l_protract_G4_board_M2x6_0,chest,nylon,candidate_solid,1,38.803874858536126,../../revM/manny/parts/clavicle_l_protract_G4_board_M2x6_0.step,
clavicle_l_protract_G4_post_1,chest,brass,candidate_solid,1,186.58468038170193,../../revM/manny/parts/clavicle_l_protract_G4_post_1.step,Custom M2 male/female spacer; 2.5 mm into reaction plate; clamping does not load PCB
clavicle_l_protract_G4_board_saddle_1,chest,frame,candidate_solid,1,41.59734577831272,../../revM/manny/parts/clavicle_l_protract_G4_board_saddle_1.step,
clavicle_l_protract_G4_board_cap_1,chest,nylon,candidate_solid,1,17.438938311326737,../../revM/manny/parts/clavicle_l_protract_G4_board_cap_1.step,
clavicle_l_protract_G4_board_M2x6_1,chest,nylon,candidate_solid,1,38.803874858536126,../../revM/manny/parts/clavicle_l_protract_G4_board_M2x6_1.step,
clavicle_l_protract_G4_pcb_AS5048A,chest,pcb_component,candidate_solid,1,19.559259977173532,../../revM/manny/parts/clavicle_l_protract_G4_pcb_AS5048A.step,actual_KiCad_STEP
clavicle_l_protract_G4_pcb_C1,chest,pcb_component,candidate_solid,1,0.9303638934211472,../../revM/manny/parts/clavicle_l_protract_G4_pcb_C1.step,actual_KiCad_STEP
clavicle_l_protract_G4_pcb_C2,chest,pcb_component,candidate_solid,1,3.501749999999848,../../revM/manny/parts/clavicle_l_protract_G4_pcb_C2.step,"Murata GRM219R61E106KA12D 10 uF 25 V X5R, max .95 mm body + .10 mm solder seating allocation"
clavicle_l_protract_G4_pcb_R1,chest,pcb_component,candidate_solid,1,0.5372187601976899,../../revM/manny/parts/clavicle_l_protract_G4_pcb_R1.step,actual_KiCad_STEP
clavicle_l_protract_G4_pcb_R2,chest,pcb_component,candidate_solid,1,0.5372187601976901,../../revM/manny/parts/clavicle_l_protract_G4_pcb_R2.step,actual_KiCad_STEP
clavicle_l_protract_G4_pcb_board,chest,pcb,candidate_solid,1,107.38000000000325,../../revM/manny/parts/clavicle_l_protract_G4_pcb_board.step,actual_KiCad_STEP
clavicle_l_protract_G4_pcb_J1_dimension_envelope,chest,pcb_component,candidate_solid,1,297.7920000000061,../../revM/manny/parts/clavicle_l_protract_G4_pcb_J1_dimension_envelope.step,"JST SM06B-SRSS-TB side-entry SH6, conservative 9.4 x9.6 x3.3 mm mated plug allocation; cable bend remains a separate harness requirement"
clavicle_l_elevate_G4_stepped_D4_shaft,clavicle_l,aluminum_7075,candidate_solid,1,680.1219266010418,../../revM/manny/parts/clavicle_l_elevate_G4_stepped_D4_shaft.step,"M3x0.5 external thread continuously to Z-15 including magnet-key flat; fully round loaded thread above Z-9.95. Upper D4 key for carriage, M2 end-retention pilot."
clavicle_l_elevate_G4_fixed_reaction_plate,clavicle_l.protract_frame,aluminum_7075,candidate_solid,1,2052.3299677316163,../../revM/manny/parts/clavicle_l_elevate_G4_fixed_reaction_plate.step,"M3 tapped attachment pair at X+/-6,Y outward9; two independent M2 sensor posts; clipped inward boundary Y=-/+5.5; integral positive travel stops"
clavicle_l_elevate_G4_keyed_friction_lining,clavicle_l.protract_frame,peek,candidate_solid,1,220.42120628008217,../../revM/manny/parts/clavicle_l_elevate_G4_keyed_friction_lining.step,"Positive lining tabs; 0.5 mm candidate, friction coefficient untested; unfilled machined PEEK candidate, dry contact; actual torque and creep must be qualified"
clavicle_l_elevate_G4_D4_friction_rotor,clavicle_l,aluminum_7075,candidate_solid,1,1370.9313480126518,../../revM/manny/parts/clavicle_l_elevate_G4_D4_friction_rotor.step,3 mm metal drive face; upper shaft flange carries the axial spring load; integral travel tab reacts directly into bearing frame
clavicle_l_elevate_G4_lower_thrust_washer,clavicle_l.protract_frame,bronze,candidate_solid,1,59.43893300591892,../../revM/manny/parts/clavicle_l_elevate_G4_lower_thrust_washer.step,0.5 mm CuSn8 plain thrust washer; surface and wear require qualification
clavicle_l_elevate_G4_disc_0_0,clavicle_l,spring,candidate_solid,1,59.54574715614092,../../revM/manny/parts/clavicle_l_elevate_G4_disc_0_0.step,Two nested discs per group; two opposed groups. Nominal 1114 N at catalog height.
clavicle_l_elevate_G4_disc_0_1,clavicle_l,spring,candidate_solid,1,59.54574715614075,../../revM/manny/parts/clavicle_l_elevate_G4_disc_0_1.step,Two nested discs per group; two opposed groups. Nominal 1114 N at catalog height.
clavicle_l_elevate_G4_disc_1_0,clavicle_l,spring,candidate_solid,1,59.54574715614086,../../revM/manny/parts/clavicle_l_elevate_G4_disc_1_0.step,Two nested discs per group; two opposed groups. Nominal 1114 N at catalog height.
clavicle_l_elevate_G4_disc_1_1,clavicle_l,spring,candidate_solid,1,59.54574715614076,../../revM/manny/parts/clavicle_l_elevate_G4_disc_1_1.step,Two nested discs per group; two opposed groups. Nominal 1114 N at catalog height.
clavicle_l_elevate_G4_spring_lower_washer,clavicle_l,spring,candidate_solid,1,62.3449062104895,../../revM/manny/parts/clavicle_l_elevate_G4_spring_lower_washer.step,
clavicle_l_elevate_G4_preload_nut,clavicle_l,metal,candidate_solid,1,38.31935389784091,../../revM/manny/parts/clavicle_l_elevate_G4_preload_nut.step,"M3 thin nut, nominal AF5.5 x1.8; threads onto the continuous threaded tip before magnet cup installation"
clavicle_l_elevate_G4_jam_nut,clavicle_l,metal,candidate_solid,1,38.31935389784091,../../revM/manny/parts/clavicle_l_elevate_G4_jam_nut.step,"M3 thin nut, nominal AF5.5 x1.8; threads onto the continuous threaded tip before magnet cup installation"
clavicle_l_elevate_G4_removable_D3_magnet_cup,clavicle_l,aluminum,candidate_solid,1,638.9545396996813,../../revM/manny/parts/clavicle_l_elevate_G4_removable_D3_magnet_cup.step,D3 threaded-tip flat transmits only encoder torque; 0.75 mm floor separates shaft and magnet
clavicle_l_elevate_G4_cup_M2x5_0,clavicle_l,brass,candidate_solid,1,15.707963267949097,../../revM/manny/parts/clavicle_l_elevate_G4_cup_M2x5_0.step,"Slotted brass M2x5, 1 mm nominal shaft thread engagement, unloaded magnet extension"
clavicle_l_elevate_G4_cup_M2x5_1,clavicle_l,brass,candidate_solid,1,15.707963267949097,../../revM/manny/parts/clavicle_l_elevate_G4_cup_M2x5_1.step,"Slotted brass M2x5, 1 mm nominal shaft thread engagement, unloaded magnet extension"
clavicle_l_elevate_G4_magnet_6x2p5,clavicle_l,magnet,candidate_solid,1,70.68583470577059,../../revM/manny/parts/clavicle_l_elevate_G4_magnet_6x2p5.step,
clavicle_l_elevate_G4_magnet_keeper,clavicle_l,frame,candidate_solid,1,178.6152307897825,../../revM/manny/parts/clavicle_l_elevate_G4_magnet_keeper.step,1.1 mm radial wall; 0.20 mm radial clearance; 0.8 mm retention face
clavicle_l_elevate_G4_keeper_M2x3_0,clavicle_l,brass,candidate_solid,1,9.42477796076947,../../revM/manny/parts/clavicle_l_elevate_G4_keeper_M2x3_0.step,
clavicle_l_elevate_G4_keeper_M2x3_1,clavicle_l,brass,candidate_solid,1,9.424777960769468,../../revM/manny/parts/clavicle_l_elevate_G4_keeper_M2x3_1.step,
clavicle_l_elevate_G4_post_0,clavicle_l.protract_frame,brass,candidate_solid,1,186.5846803817032,../../revM/manny/parts/clavicle_l_elevate_G4_post_0.step,Custom M2 male/female spacer; 2.5 mm into reaction plate; clamping does not load PCB
clavicle_l_elevate_G4_board_saddle_0,clavicle_l.protract_frame,frame,candidate_solid,1,41.59734577831258,../../revM/manny/parts/clavicle_l_elevate_G4_board_saddle_0.step,
clavicle_l_elevate_G4_board_cap_0,clavicle_l.protract_frame,nylon,candidate_solid,1,17.438938311324826,../../revM/manny/parts/clavicle_l_elevate_G4_board_cap_0.step,
clavicle_l_elevate_G4_board_M2x6_0,clavicle_l.protract_frame,nylon,candidate_solid,1,38.80387485853607,../../revM/manny/parts/clavicle_l_elevate_G4_board_M2x6_0.step,
clavicle_l_elevate_G4_post_1,clavicle_l.protract_frame,brass,candidate_solid,1,186.5846803817032,../../revM/manny/parts/clavicle_l_elevate_G4_post_1.step,Custom M2 male/female spacer; 2.5 mm into reaction plate; clamping does not load PCB
clavicle_l_elevate_G4_board_saddle_1,clavicle_l.protract_frame,frame,candidate_solid,1,41.597345778312565,../../revM/manny/parts/clavicle_l_elevate_G4_board_saddle_1.step,
clavicle_l_elevate_G4_board_cap_1,clavicle_l.protract_frame,nylon,candidate_solid,1,17.438938311324826,../../revM/manny/parts/clavicle_l_elevate_G4_board_cap_1.step,
clavicle_l_elevate_G4_board_M2x6_1,clavicle_l.protract_frame,nylon,candidate_solid,1,38.80387485853606,../../revM/manny/parts/clavicle_l_elevate_G4_board_M2x6_1.step,
clavicle_l_elevate_G4_pcb_AS5048A,clavicle_l.protract_frame,pcb_component,candidate_solid,1,19.55925997717151,../../revM/manny/parts/clavicle_l_elevate_G4_pcb_AS5048A.step,actual_KiCad_STEP
clavicle_l_elevate_G4_pcb_C1,clavicle_l.protract_frame,pcb_component,candidate_solid,1,0.9303638934211382,../../revM/manny/parts/clavicle_l_elevate_G4_pcb_C1.step,actual_KiCad_STEP
clavicle_l_elevate_G4_pcb_C2,clavicle_l.protract_frame,pcb_component,candidate_solid,1,3.50175000000006,../../revM/manny/parts/clavicle_l_elevate_G4_pcb_C2.step,"Murata GRM219R61E106KA12D 10 uF 25 V X5R, max .95 mm body + .10 mm solder seating allocation"
clavicle_l_elevate_G4_pcb_R1,clavicle_l.protract_frame,pcb_component,candidate_solid,1,0.5372187601976253,../../revM/manny/parts/clavicle_l_elevate_G4_pcb_R1.step,actual_KiCad_STEP
clavicle_l_elevate_G4_pcb_R2,clavicle_l.protract_frame,pcb_component,candidate_solid,1,0.5372187601976329,../../revM/manny/parts/clavicle_l_elevate_G4_pcb_R2.step,actual_KiCad_STEP
clavicle_l_elevate_G4_pcb_board,clavicle_l.protract_frame,pcb,candidate_solid,1,107.38000000000045,../../revM/manny/parts/clavicle_l_elevate_G4_pcb_board.step,actual_KiCad_STEP
clavicle_l_elevate_G4_pcb_J1_dimension_envelope,clavicle_l.protract_frame,pcb_component,candidate_solid,1,297.7920000000012,../../revM/manny/parts/clavicle_l_elevate_G4_pcb_J1_dimension_envelope.step,"JST SM06B-SRSS-TB side-entry SH6, conservative 9.4 x9.6 x3.3 mm mated plug allocation; cable bend remains a separate harness requirement"
clavicle_l_elevate_G4_fixed_mount_M3x6_0,clavicle_l.protract_frame,metal,candidate_solid,1,105.5673959913013,../../revM/manny/parts/clavicle_l_elevate_G4_fixed_mount_M3x6_0.step,"M3x6 into metal cartridge plate; nominal 1.95 mm engagement, spring preload closed inside cartridge"
clavicle_l_elevate_G4_fixed_mount_M3x6_1,clavicle_l.protract_frame,metal,candidate_solid,1,105.5673959913013,../../revM/manny/parts/clavicle_l_elevate_G4_fixed_mount_M3x6_1.step,"M3x6 into metal cartridge plate; nominal 1.95 mm engagement, spring preload closed inside cartridge"
clavicle_l_protract_G4_carriage_retention_washer,clavicle_l.protract_frame,brass,candidate_solid,1,13.939246603977216,../../revM/manny/parts/clavicle_l_protract_G4_carriage_retention_washer.step,"0.30 mm metal end washer; retains carriage, not spring preload"
clavicle_l_protract_G4_carriage_M2x4,clavicle_l.protract_frame,brass,candidate_solid,1,32.52068955135653,../../revM/manny/parts/clavicle_l_protract_G4_carriage_M2x4.step,M2x4 into shaft end; nominal 3.7 mm engagement; accessible from above before adjacent carriage
clavicle_l_protract_G4_fixed_mount_M3x6_0,chest,metal,candidate_solid,1,105.5673959913016,../../revM/manny/parts/clavicle_l_protract_G4_fixed_mount_M3x6_0.step,"M3x6 into metal cartridge plate; nominal 1.95 mm engagement, spring preload closed inside cartridge"
clavicle_l_protract_G4_fixed_mount_M3x6_1,chest,metal,candidate_solid,1,105.56739599130158,../../revM/manny/parts/clavicle_l_protract_G4_fixed_mount_M3x6_1.step,"M3x6 into metal cartridge plate; nominal 1.95 mm engagement, spring preload closed inside cartridge"
clavicle_l_elevate_G4_hub_M2x6,clavicle_l,brass,candidate_solid,1,18.849555921538762,../../revM/manny/parts/clavicle_l_elevate_G4_hub_M2x6.step,"Slotted M2x6 from top of hub into shaft, nominal 1.5 mm engagement"
clavicle_r_protract_G4_stepped_D4_shaft,clavicle_r.protract_frame,aluminum_7075,candidate_solid,1,1128.4005675962371,../../revM/manny/parts/clavicle_r_protract_G4_stepped_D4_shaft.step,"M3x0.5 external thread continuously to Z-15 including magnet-key flat; fully round loaded thread above Z-9.95. Upper D4 key for carriage, M2 end-retention pilot."
clavicle_r_protract_G4_fixed_reaction_plate,chest,aluminum_7075,candidate_solid,1,1549.0459932041397,../../revM/manny/parts/clavicle_r_protract_G4_fixed_reaction_plate.step,"M3 tapped attachment pair at X+/-6,Y outward9; two independent M2 sensor posts; clipped inward boundary Y=-/+5.5; integral positive travel stops"
clavicle_r_protract_G4_keyed_friction_lining,chest,peek,candidate_solid,1,170.93419552208778,../../revM/manny/parts/clavicle_r_protract_G4_keyed_friction_lining.step,"Positive lining tabs; 0.5 mm candidate, friction coefficient untested; unfilled machined PEEK candidate, dry contact; actual torque and creep must be qualified"
clavicle_r_protract_G4_D4_friction_rotor,clavicle_r.protract_frame,aluminum_7075,candidate_solid,1,1074.0092834646912,../../revM/manny/parts/clavicle_r_protract_G4_D4_friction_rotor.step,3 mm metal drive face; upper shaft flange carries the axial spring load; integral travel tab reacts directly into bearing frame
clavicle_r_protract_G4_lower_thrust_washer,chest,bronze,candidate_solid,1,59.438933005918905,../../revM/manny/parts/clavicle_r_protract_G4_lower_thrust_washer.step,0.5 mm CuSn8 plain thrust washer; surface and wear require qualification
clavicle_r_protract_G4_disc_0_0,clavicle_r.protract_frame,spring,candidate_solid,1,59.54574715614167,../../revM/manny/parts/clavicle_r_protract_G4_disc_0_0.step,Two nested discs per group; two opposed groups. Nominal 1114 N at catalog height.
clavicle_r_protract_G4_disc_0_1,clavicle_r.protract_frame,spring,candidate_solid,1,59.54574715614169,../../revM/manny/parts/clavicle_r_protract_G4_disc_0_1.step,Two nested discs per group; two opposed groups. Nominal 1114 N at catalog height.
clavicle_r_protract_G4_disc_1_0,clavicle_r.protract_frame,spring,candidate_solid,1,59.54574715614169,../../revM/manny/parts/clavicle_r_protract_G4_disc_1_0.step,Two nested discs per group; two opposed groups. Nominal 1114 N at catalog height.
clavicle_r_protract_G4_disc_1_1,clavicle_r.protract_frame,spring,candidate_solid,1,59.54574715614169,../../revM/manny/parts/clavicle_r_protract_G4_disc_1_1.step,Two nested discs per group; two opposed groups. Nominal 1114 N at catalog height.
clavicle_r_protract_G4_spring_lower_washer,clavicle_r.protract_frame,spring,candidate_solid,1,62.34490621048947,../../revM/manny/parts/clavicle_r_protract_G4_spring_lower_washer.step,
clavicle_r_protract_G4_preload_nut,clavicle_r.protract_frame,metal,candidate_solid,1,38.319353897841054,../../revM/manny/parts/clavicle_r_protract_G4_preload_nut.step,"M3 thin nut, nominal AF5.5 x1.8; threads onto the continuous threaded tip before magnet cup installation"
clavicle_r_protract_G4_jam_nut,clavicle_r.protract_frame,metal,candidate_solid,1,38.31935389784186,../../revM/manny/parts/clavicle_r_protract_G4_jam_nut.step,"M3 thin nut, nominal AF5.5 x1.8; threads onto the continuous threaded tip before magnet cup installation"
clavicle_r_protract_G4_removable_D3_magnet_cup,clavicle_r.protract_frame,aluminum,candidate_solid,1,638.9545396996785,../../revM/manny/parts/clavicle_r_protract_G4_removable_D3_magnet_cup.step,D3 threaded-tip flat transmits only encoder torque; 0.75 mm floor separates shaft and magnet
clavicle_r_protract_G4_cup_M2x5_0,clavicle_r.protract_frame,brass,candidate_solid,1,15.707963267949081,../../revM/manny/parts/clavicle_r_protract_G4_cup_M2x5_0.step,"Slotted brass M2x5, 1 mm nominal shaft thread engagement, unloaded magnet extension"
clavicle_r_protract_G4_cup_M2x5_1,clavicle_r.protract_frame,brass,candidate_solid,1,15.707963267949081,../../revM/manny/parts/clavicle_r_protract_G4_cup_M2x5_1.step,"Slotted brass M2x5, 1 mm nominal shaft thread engagement, unloaded magnet extension"
clavicle_r_protract_G4_magnet_6x2p5,clavicle_r.protract_frame,magnet,candidate_solid,1,70.6858347057704,../../revM/manny/parts/clavicle_r_protract_G4_magnet_6x2p5.step,
clavicle_r_protract_G4_magnet_keeper,clavicle_r.protract_frame,frame,candidate_solid,1,178.6152307897878,../../revM/manny/parts/clavicle_r_protract_G4_magnet_keeper.step,1.1 mm radial wall; 0.20 mm radial clearance; 0.8 mm retention face
clavicle_r_protract_G4_keeper_M2x3_0,clavicle_r.protract_frame,brass,candidate_solid,1,9.424777960769447,../../revM/manny/parts/clavicle_r_protract_G4_keeper_M2x3_0.step,
clavicle_r_protract_G4_keeper_M2x3_1,clavicle_r.protract_frame,brass,candidate_solid,1,9.424777960769449,../../revM/manny/parts/clavicle_r_protract_G4_keeper_M2x3_1.step,
clavicle_r_protract_G4_post_0,chest,brass,candidate_solid,1,186.58468038170201,../../revM/manny/parts/clavicle_r_protract_G4_post_0.step,Custom M2 male/female spacer; 2.5 mm into reaction plate; clamping does not load PCB
clavicle_r_protract_G4_board_saddle_0,chest,frame,candidate_solid,1,41.59734577831273,../../revM/manny/parts/clavicle_r_protract_G4_board_saddle_0.step,
clavicle_r_protract_G4_board_cap_0,chest,nylon,candidate_solid,1,17.438938311326744,../../revM/manny/parts/clavicle_r_protract_G4_board_cap_0.step,
clavicle_r_protract_G4_board_M2x6_0,chest,nylon,candidate_solid,1,38.80387485853614,../../revM/manny/parts/clavicle_r_protract_G4_board_M2x6_0.step,
clavicle_r_protract_G4_post_1,chest,brass,candidate_solid,1,186.58468038170196,../../revM/manny/parts/clavicle_r_protract_G4_post_1.step,Custom M2 male/female spacer; 2.5 mm into reaction plate; clamping does not load PCB
clavicle_r_protract_G4_board_saddle_1,chest,frame,candidate_solid,1,41.59734577831272,../../revM/manny/parts/clavicle_r_protract_G4_board_saddle_1.step,
clavicle_r_protract_G4_board_cap_1,chest,nylon,candidate_solid,1,17.43893831132674,../../revM/manny/parts/clavicle_r_protract_G4_board_cap_1.step,
clavicle_r_protract_G4_board_M2x6_1,chest,nylon,candidate_solid,1,38.80387485853614,../../revM/manny/parts/clavicle_r_protract_G4_board_M2x6_1.step,
clavicle_r_protract_G4_pcb_AS5048A,chest,pcb_component,candidate_solid,1,19.559259977172566,../../revM/manny/parts/clavicle_r_protract_G4_pcb_AS5048A.step,actual_KiCad_STEP
clavicle_r_protract_G4_pcb_C1,chest,pcb_component,candidate_solid,1,0.9303638934211564,../../revM/manny/parts/clavicle_r_protract_G4_pcb_C1.step,actual_KiCad_STEP
clavicle_r_protract_G4_pcb_C2,chest,pcb_component,candidate_solid,1,3.5017499999998454,../../revM/manny/parts/clavicle_r_protract_G4_pcb_C2.step,"Murata GRM219R61E106KA12D 10 uF 25 V X5R, max .95 mm body + .10 mm solder seating allocation"
clavicle_r_protract_G4_pcb_R1,chest,pcb_component,candidate_solid,1,0.5372187601975755,../../revM/manny/parts/clavicle_r_protract_G4_pcb_R1.step,actual_KiCad_STEP
clavicle_r_protract_G4_pcb_R2,chest,pcb_component,candidate_solid,1,0.5372187601975759,../../revM/manny/parts/clavicle_r_protract_G4_pcb_R2.step,actual_KiCad_STEP
clavicle_r_protract_G4_pcb_board,chest,pcb,candidate_solid,1,107.37999999999877,../../revM/manny/parts/clavicle_r_protract_G4_pcb_board.step,actual_KiCad_STEP
clavicle_r_protract_G4_pcb_J1_dimension_envelope,chest,pcb_component,candidate_solid,1,297.79200000000617,../../revM/manny/parts/clavicle_r_protract_G4_pcb_J1_dimension_envelope.step,"JST SM06B-SRSS-TB side-entry SH6, conservative 9.4 x9.6 x3.3 mm mated plug allocation; cable bend remains a separate harness requirement"
clavicle_r_elevate_G4_stepped_D4_shaft,clavicle_r,aluminum_7075,candidate_solid,1,680.1219266010419,../../revM/manny/parts/clavicle_r_elevate_G4_stepped_D4_shaft.step,"M3x0.5 external thread continuously to Z-15 including magnet-key flat; fully round loaded thread above Z-9.95. Upper D4 key for carriage, M2 end-retention pilot."
clavicle_r_elevate_G4_fixed_reaction_plate,clavicle_r.protract_frame,aluminum_7075,candidate_solid,1,2052.3299677315595,../../revM/manny/parts/clavicle_r_elevate_G4_fixed_reaction_plate.step,"M3 tapped attachment pair at X+/-6,Y outward9; two independent M2 sensor posts; clipped inward boundary Y=-/+5.5; integral positive travel stops"
clavicle_r_elevate_G4_keyed_friction_lining,clavicle_r.protract_frame,peek,candidate_solid,1,220.4212062800822,../../revM/manny/parts/clavicle_r_elevate_G4_keyed_friction_lining.step,"Positive lining tabs; 0.5 mm candidate, friction coefficient untested; unfilled machined PEEK candidate, dry contact; actual torque and creep must be qualified"
clavicle_r_elevate_G4_D4_friction_rotor,clavicle_r,aluminum_7075,candidate_solid,1,1370.9313480126539,../../revM/manny/parts/clavicle_r_elevate_G4_D4_friction_rotor.step,3 mm metal drive face; upper shaft flange carries the axial spring load; integral travel tab reacts directly into bearing frame
clavicle_r_elevate_G4_lower_thrust_washer,clavicle_r.protract_frame,bronze,candidate_solid,1,59.438933005918905,../../revM/manny/parts/clavicle_r_elevate_G4_lower_thrust_washer.step,0.5 mm CuSn8 plain thrust washer; surface and wear require qualification
clavicle_r_elevate_G4_disc_0_0,clavicle_r,spring,candidate_solid,1,59.54574715614082,../../revM/manny/parts/clavicle_r_elevate_G4_disc_0_0.step,Two nested discs per group; two opposed groups. Nominal 1114 N at catalog height.
clavicle_r_elevate_G4_disc_0_1,clavicle_r,spring,candidate_solid,1,59.545747156140976,../../revM/manny/parts/clavicle_r_elevate_G4_disc_0_1.step,Two nested discs per group; two opposed groups. Nominal 1114 N at catalog height.
clavicle_r_elevate_G4_disc_1_0,clavicle_r,spring,candidate_solid,1,59.54574715614082,../../revM/manny/parts/clavicle_r_elevate_G4_disc_1_0.step,Two nested discs per group; two opposed groups. Nominal 1114 N at catalog height.
clavicle_r_elevate_G4_disc_1_1,clavicle_r,spring,candidate_solid,1,59.54574715614092,../../revM/manny/parts/clavicle_r_elevate_G4_disc_1_1.step,Two nested discs per group; two opposed groups. Nominal 1114 N at catalog height.
clavicle_r_elevate_G4_spring_lower_washer,clavicle_r,spring,candidate_solid,1,62.3449062104895,../../revM/manny/parts/clavicle_r_elevate_G4_spring_lower_washer.step,
clavicle_r_elevate_G4_preload_nut,clavicle_r,metal,candidate_solid,1,38.31935389784099,../../revM/manny/parts/clavicle_r_elevate_G4_preload_nut.step,"M3 thin nut, nominal AF5.5 x1.8; threads onto the continuous threaded tip before magnet cup installation"
clavicle_r_elevate_G4_jam_nut,clavicle_r,metal,candidate_solid,1,38.31935389784094,../../revM/manny/parts/clavicle_r_elevate_G4_jam_nut.step,"M3 thin nut, nominal AF5.5 x1.8; threads onto the continuous threaded tip before magnet cup installation"
clavicle_r_elevate_G4_removable_D3_magnet_cup,clavicle_r,aluminum,candidate_solid,1,638.954539699681,../../revM/manny/parts/clavicle_r_elevate_G4_removable_D3_magnet_cup.step,D3 threaded-tip flat transmits only encoder torque; 0.75 mm floor separates shaft and magnet
clavicle_r_elevate_G4_cup_M2x5_0,clavicle_r,brass,candidate_solid,1,15.707963267949111,../../revM/manny/parts/clavicle_r_elevate_G4_cup_M2x5_0.step,"Slotted brass M2x5, 1 mm nominal shaft thread engagement, unloaded magnet extension"
clavicle_r_elevate_G4_cup_M2x5_1,clavicle_r,brass,candidate_solid,1,15.707963267949111,../../revM/manny/parts/clavicle_r_elevate_G4_cup_M2x5_1.step,"Slotted brass M2x5, 1 mm nominal shaft thread engagement, unloaded magnet extension"
clavicle_r_elevate_G4_magnet_6x2p5,clavicle_r,magnet,candidate_solid,1,70.68583470577059,../../revM/manny/parts/clavicle_r_elevate_G4_magnet_6x2p5.step,
clavicle_r_elevate_G4_magnet_keeper,clavicle_r,frame,candidate_solid,1,178.61523078978252,../../revM/manny/parts/clavicle_r_elevate_G4_magnet_keeper.step,1.1 mm radial wall; 0.20 mm radial clearance; 0.8 mm retention face
clavicle_r_elevate_G4_keeper_M2x3_0,clavicle_r,brass,candidate_solid,1,9.424777960769458,../../revM/manny/parts/clavicle_r_elevate_G4_keeper_M2x3_0.step,
clavicle_r_elevate_G4_keeper_M2x3_1,clavicle_r,brass,candidate_solid,1,9.424777960769458,../../revM/manny/parts/clavicle_r_elevate_G4_keeper_M2x3_1.step,
clavicle_r_elevate_G4_post_0,clavicle_r.protract_frame,brass,candidate_solid,1,186.5846803817032,../../revM/manny/parts/clavicle_r_elevate_G4_post_0.step,Custom M2 male/female spacer; 2.5 mm into reaction plate; clamping does not load PCB
clavicle_r_elevate_G4_board_saddle_0,clavicle_r.protract_frame,frame,candidate_solid,1,41.59734577831257,../../revM/manny/parts/clavicle_r_elevate_G4_board_saddle_0.step,
clavicle_r_elevate_G4_board_cap_0,clavicle_r.protract_frame,nylon,candidate_solid,1,17.438938311324925,../../revM/manny/parts/clavicle_r_elevate_G4_board_cap_0.step,
clavicle_r_elevate_G4_board_M2x6_0,clavicle_r.protract_frame,nylon,candidate_solid,1,38.803874858536076,../../revM/manny/parts/clavicle_r_elevate_G4_board_M2x6_0.step,
clavicle_r_elevate_G4_post_1,clavicle_r.protract_frame,brass,candidate_solid,1,186.58468038170318,../../revM/manny/parts/clavicle_r_elevate_G4_post_1.step,Custom M2 male/female spacer; 2.5 mm into reaction plate; clamping does not load PCB
clavicle_r_elevate_G4_board_saddle_1,clavicle_r.protract_frame,frame,candidate_solid,1,41.59734577831256,../../revM/manny/parts/clavicle_r_elevate_G4_board_saddle_1.step,
clavicle_r_elevate_G4_board_cap_1,clavicle_r.protract_frame,nylon,candidate_solid,1,17.438938311324925,../../revM/manny/parts/clavicle_r_elevate_G4_board_cap_1.step,
clavicle_r_elevate_G4_board_M2x6_1,clavicle_r.protract_frame,nylon,candidate_solid,1,38.803874858536076,../../revM/manny/parts/clavicle_r_elevate_G4_board_M2x6_1.step,
clavicle_r_elevate_G4_pcb_AS5048A,clavicle_r.protract_frame,pcb_component,candidate_solid,1,19.55925997717138,../../revM/manny/parts/clavicle_r_elevate_G4_pcb_AS5048A.step,actual_KiCad_STEP
clavicle_r_elevate_G4_pcb_C1,clavicle_r.protract_frame,pcb_component,candidate_solid,1,0.9303638934211304,../../revM/manny/parts/clavicle_r_elevate_G4_pcb_C1.step,actual_KiCad_STEP
clavicle_r_elevate_G4_pcb_C2,clavicle_r.protract_frame,pcb_component,candidate_solid,1,3.5017500000000585,../../revM/manny/parts/clavicle_r_elevate_G4_pcb_C2.step,"Murata GRM219R61E106KA12D 10 uF 25 V X5R, max .95 mm body + .10 mm solder seating allocation"
clavicle_r_elevate_G4_pcb_R1,clavicle_r.protract_frame,pcb_component,candidate_solid,1,0.5372187601976319,../../revM/manny/parts/clavicle_r_elevate_G4_pcb_R1.step,actual_KiCad_STEP
clavicle_r_elevate_G4_pcb_R2,clavicle_r.protract_frame,pcb_component,candidate_solid,1,0.537218760197634,../../revM/manny/parts/clavicle_r_elevate_G4_pcb_R2.step,actual_KiCad_STEP
clavicle_r_elevate_G4_pcb_board,clavicle_r.protract_frame,pcb,candidate_solid,1,107.37999999999988,../../revM/manny/parts/clavicle_r_elevate_G4_pcb_board.step,actual_KiCad_STEP
clavicle_r_elevate_G4_pcb_J1_dimension_envelope,clavicle_r.protract_frame,pcb_component,candidate_solid,1,297.7920000000017,../../revM/manny/parts/clavicle_r_elevate_G4_pcb_J1_dimension_envelope.step,"JST SM06B-SRSS-TB side-entry SH6, conservative 9.4 x9.6 x3.3 mm mated plug allocation; cable bend remains a separate harness requirement"
clavicle_r_elevate_G4_fixed_mount_M3x6_0,clavicle_r.protract_frame,metal,candidate_solid,1,105.56739599130131,../../revM/manny/parts/clavicle_r_elevate_G4_fixed_mount_M3x6_0.step,"M3x6 into metal cartridge plate; nominal 1.95 mm engagement, spring preload closed inside cartridge"
clavicle_r_elevate_G4_fixed_mount_M3x6_1,clavicle_r.protract_frame,metal,candidate_solid,1,105.56739599130131,../../revM/manny/parts/clavicle_r_elevate_G4_fixed_mount_M3x6_1.step,"M3x6 into metal cartridge plate; nominal 1.95 mm engagement, spring preload closed inside cartridge"
clavicle_r_protract_G4_carriage_retention_washer,clavicle_r.protract_frame,brass,candidate_solid,1,13.939246603977216,../../revM/manny/parts/clavicle_r_protract_G4_carriage_retention_washer.step,"0.30 mm metal end washer; retains carriage, not spring preload"
clavicle_r_protract_G4_carriage_M2x4,clavicle_r.protract_frame,brass,candidate_solid,1,32.520689551356526,../../revM/manny/parts/clavicle_r_protract_G4_carriage_M2x4.step,M2x4 into shaft end; nominal 3.7 mm engagement; accessible from above before adjacent carriage
clavicle_r_protract_G4_fixed_mount_M3x6_0,chest,metal,candidate_solid,1,105.5673959913016,../../revM/manny/parts/clavicle_r_protract_G4_fixed_mount_M3x6_0.step,"M3x6 into metal cartridge plate; nominal 1.95 mm engagement, spring preload closed inside cartridge"
clavicle_r_protract_G4_fixed_mount_M3x6_1,chest,metal,candidate_solid,1,105.56739599130162,../../revM/manny/parts/clavicle_r_protract_G4_fixed_mount_M3x6_1.step,"M3x6 into metal cartridge plate; nominal 1.95 mm engagement, spring preload closed inside cartridge"
clavicle_r_elevate_G4_hub_M2x6,clavicle_r,brass,candidate_solid,1,18.849555921538776,../../revM/manny/parts/clavicle_r_elevate_G4_hub_M2x6.step,"Slotted M2x6 from top of hub into shaft, nominal 1.5 mm engagement"
head_yaw_T4_rotor_face,head.yaw_frame,aluminum_7075,structural_concept,1,506.08270059838645,../../revM/manny/parts/head_yaw_T4_rotor_face.step,Positive D4 drive; axial spring force reacts into the fixed metal shoulder seat; integral travel tab reacts directly into bearing frame
head_yaw_T4_lining,chest,peek,structural_concept,1,226.17076369229306,../../revM/manny/parts/head_yaw_T4_lining.step,"; unfilled machined PEEK candidate, dry contact; actual torque and creep must be qualified"
head_yaw_T4_sensor_integral_magnet_shaft,head.yaw_frame,aluminum_7075,sensor_candidate,1,565.1308629191659,../../revM/manny/parts/head_yaw_T4_sensor_integral_magnet_shaft.step,"D4 arm drive and friction rotor drive; side-assembled keyed groove on Z -17.626..-16.426, D3 / flat 1.1; no inaccessible end nut; integral magnet cup and metal thrust shoulder"
head_yaw_T4_sensor_diametric_magnet_6x2p5,head.yaw_frame,magnet,sensor_candidate,1,70.68583470577042,../../revM/manny/parts/head_yaw_T4_sensor_diametric_magnet_6x2p5.step,6 x 2.5 diametric magnet; 0.1 mm radial adhesive allowance; grade and field not qualified
head_yaw_T4_sensor_magnet_keeper,head.yaw_frame,frame,sensor_candidate,1,144.82486012765506,../../revM/manny/parts/head_yaw_T4_sensor_magnet_keeper.step,"Removable rigid cover retains outer 0.5 mm of magnet face; 0.6 mm cover, radial brass screw attachment; print durability pending"
head_yaw_T4_sensor_keeper_set_M2x3_0,head.yaw_frame,brass,sensor_candidate,1,9.235777960769374,../../revM/manny/parts/head_yaw_T4_sensor_keeper_set_M2x3_0.step,Nominal slotted brass M2x3 set screw; exact purchased part and slot specification pending
head_yaw_T4_sensor_keeper_set_M2x3_1,head.yaw_frame,brass,sensor_candidate,1,9.235777960769376,../../revM/manny/parts/head_yaw_T4_sensor_keeper_set_M2x3_1.step,Nominal slotted brass M2x3 set screw; exact purchased part and slot specification pending
head_yaw_T4_sensor_pcb_AS5048A,chest,pcb_component,sensor_candidate,1,19.55925997717194,../../revM/manny/parts/head_yaw_T4_sensor_pcb_AS5048A.step,actual_KiCad_STEP
head_yaw_T4_sensor_pcb_C1,chest,pcb_component,sensor_candidate,1,0.9303638934211933,../../revM/manny/parts/head_yaw_T4_sensor_pcb_C1.step,actual_KiCad_STEP
head_yaw_T4_sensor_pcb_C2,chest,pcb_component,sensor_candidate,1,3.5017499999998463,../../revM/manny/parts/head_yaw_T4_sensor_pcb_C2.step,"Murata GRM219R61E106KA12D 10 uF 25 V X5R, max .95 mm body + .10 mm solder seating allocation"
head_yaw_T4_sensor_pcb_R1,chest,pcb_component,sensor_candidate,1,0.5372187601975309,../../revM/manny/parts/head_yaw_T4_sensor_pcb_R1.step,actual_KiCad_STEP
head_yaw_T4_sensor_pcb_R2,chest,pcb_component,sensor_candidate,1,0.5372187601975299,../../revM/manny/parts/head_yaw_T4_sensor_pcb_R2.step,actual_KiCad_STEP
head_yaw_T4_sensor_pcb_board,chest,pcb,sensor_candidate,1,107.37999999999431,../../revM/manny/parts/head_yaw_T4_sensor_pcb_board.step,actual_KiCad_STEP
head_yaw_T4_sensor_pcb_J1_dimension_envelope,chest,pcb_component,sensor_candidate,1,297.7919999999959,../../revM/manny/parts/head_yaw_T4_sensor_pcb_J1_dimension_envelope.step,"JST SM06B-SRSS-TB side-entry SH6, conservative 9.4 x9.6 x3.3 mm mated plug allocation; cable bend remains a separate harness requirement"
head_yaw_T4_sensor_board_seat_saddle_0,chest,frame,sensor_candidate,1,21.75761120048069,../../revM/manny/parts/head_yaw_T4_sensor_board_seat_saddle_0.step,"Separate L saddle installed after complete magnet shaft; locating wall at +/-6.1, nominal 1.0 mm board slot; never fuse to base posts"
head_yaw_T4_sensor_board_seat_saddle_1,chest,frame,sensor_candidate,1,21.757611200480685,../../revM/manny/parts/head_yaw_T4_sensor_board_seat_saddle_1.step,"Separate L saddle installed after complete magnet shaft; locating wall at +/-6.1, nominal 1.0 mm board slot; never fuse to base posts"
head_yaw_T4_sensor_board_edge_cap_0,chest,nylon,sensor_candidate,1,10.558938311324354,../../revM/manny/parts/head_yaw_T4_sensor_board_edge_cap_0.step,Removable insulating edge retainer; nominal 1.0 mm board stack; STEP FR4 body is 0.91 mm excluding copper/model offsets; fit requires physical verification
head_yaw_T4_sensor_board_cap_M2x6_0,chest,nylon,sensor_candidate,1,32.31913442380537,../../revM/manny/parts/head_yaw_T4_sensor_board_cap_M2x6_0.step,"Nominal nylon M2x6 into replaceable printed support; 3.4 mm engagement, creep and repeated assembly unqualified"
head_yaw_T4_sensor_board_edge_cap_1,chest,nylon,sensor_candidate,1,10.558938311324352,../../revM/manny/parts/head_yaw_T4_sensor_board_edge_cap_1.step,Removable insulating edge retainer; nominal 1.0 mm board stack; STEP FR4 body is 0.91 mm excluding copper/model offsets; fit requires physical verification
head_yaw_T4_sensor_board_cap_M2x6_1,chest,nylon,sensor_candidate,1,32.31913442380537,../../revM/manny/parts/head_yaw_T4_sensor_board_cap_M2x6_1.step,"Nominal nylon M2x6 into replaceable printed support; 3.4 mm engagement, creep and repeated assembly unqualified"
head_yaw_T4_M_upper_thrust_shim,chest,bronze,candidate_solid,1,11.21548577331215,../../revM/manny/parts/head_yaw_T4_M_upper_thrust_shim.step,"0.20 mm CuSn8 thrust shim candidate; metal frame at 5.5, shaft shoulder at 5.7; flatness, wear and supplier process pending"
head_yaw_T4_M_spring_upper_washer,head.yaw_frame,spring,candidate_solid,1,81.17875416876028,../../revM/manny/parts/head_yaw_T4_M_spring_upper_washer.step,Ground steel washer; spring load kept away from arm coupling
head_yaw_T4_M_disc_spring_0,head.yaw_frame,spring,candidate_solid,1,32.34269636870457,../../revM/manny/parts/head_yaw_T4_M_disc_spring_0.step,"SCHNORR 001200 opposed pair in series; 294 N nominal at 0.563 mm each, needs physical adjustment"
head_yaw_T4_M_disc_spring_1,head.yaw_frame,spring,candidate_solid,1,32.34269636870457,../../revM/manny/parts/head_yaw_T4_M_disc_spring_1.step,"SCHNORR 001200 opposed pair in series; 294 N nominal at 0.563 mm each, needs physical adjustment"
head_yaw_T4_M_spring_lower_washer,head.yaw_frame,spring,candidate_solid,1,40.58937708438014,../../revM/manny/parts/head_yaw_T4_M_spring_lower_washer.step,Ground steel spring washer
head_yaw_T4_M_split_stop_collar_left,head.yaw_frame,aluminum_7075,candidate_solid,1,169.32641399120206,../../revM/manny/parts/head_yaw_T4_M_split_stop_collar_left.step,Radial assembly into positive D3 groove; 1.1 mm axial lip; stop geometry sets nominal spring stack
head_yaw_T4_M_split_stop_collar_right,head.yaw_frame,aluminum_7075,candidate_solid,1,151.42245795747925,../../revM/manny/parts/head_yaw_T4_M_split_stop_collar_right.step,Second collar half; 0.20 mm split; M2 screws join the halves without relying on friction for axial retention
head_yaw_T4_M_collar_M2x8_0,head.yaw_frame,brass,candidate_solid,1,45.08706016571594,../../revM/manny/parts/head_yaw_T4_M_collar_M2x8_0.step,M2x8 into tapped left collar half; 2.9 mm nominal engagement; install before arm carrier
head_yaw_T4_M_collar_M2x8_1,head.yaw_frame,brass,candidate_solid,1,45.08706016571594,../../revM/manny/parts/head_yaw_T4_M_collar_M2x8_1.step,M2x8 into tapped left collar half; 2.9 mm nominal engagement; install before arm carrier
head_yaw_T4_flanged_POM_bush,chest,pom,candidate_solid,1,223.31565271886217,../../revM/manny/parts/head_yaw_T4_flanged_POM_bush.step,"D6 nominal radial sleeve, D4.06 running bore, D7.4 x0.8 flange; nominal dimensions require fit qualification"
head_yaw_T4_socket_M2x3,head.yaw_frame,brass,candidate_solid,1,9.30227796076931,../../revM/manny/parts/head_yaw_T4_socket_M2x3.step,Flush slotted M2x3 radial retainer; D face carries torque
head_pitch_T4_rotor_face,head.pitch_frame,aluminum_7075,structural_concept,1,506.0827005983885,../../revM/manny/parts/head_pitch_T4_rotor_face.step,Positive D4 drive; axial spring force reacts into the fixed metal shoulder seat; integral travel tab reacts directly into bearing frame
head_pitch_T4_lining,head.yaw_frame,peek,structural_concept,1,226.17076369229306,../../revM/manny/parts/head_pitch_T4_lining.step,"; unfilled machined PEEK candidate, dry contact; actual torque and creep must be qualified"
head_pitch_T4_sensor_integral_magnet_shaft,head.pitch_frame,aluminum_7075,sensor_candidate,1,565.1308629191681,../../revM/manny/parts/head_pitch_T4_sensor_integral_magnet_shaft.step,"D4 arm drive and friction rotor drive; side-assembled keyed groove on Z -17.626..-16.426, D3 / flat 1.1; no inaccessible end nut; integral magnet cup and metal thrust shoulder"
head_pitch_T4_sensor_diametric_magnet_6x2p5,head.pitch_frame,magnet,sensor_candidate,1,70.68583470577046,../../revM/manny/parts/head_pitch_T4_sensor_diametric_magnet_6x2p5.step,6 x 2.5 diametric magnet; 0.1 mm radial adhesive allowance; grade and field not qualified
head_pitch_T4_sensor_magnet_keeper,head.pitch_frame,frame,sensor_candidate,1,144.82486012765438,../../revM/manny/parts/head_pitch_T4_sensor_magnet_keeper.step,"Removable rigid cover retains outer 0.5 mm of magnet face; 0.6 mm cover, radial brass screw attachment; print durability pending"
head_pitch_T4_sensor_keeper_set_M2x3_0,head.pitch_frame,brass,sensor_candidate,1,9.235777960769285,../../revM/manny/parts/head_pitch_T4_sensor_keeper_set_M2x3_0.step,Nominal slotted brass M2x3 set screw; exact purchased part and slot specification pending
head_pitch_T4_sensor_keeper_set_M2x3_1,head.pitch_frame,brass,sensor_candidate,1,9.235777960769285,../../revM/manny/parts/head_pitch_T4_sensor_keeper_set_M2x3_1.step,Nominal slotted brass M2x3 set screw; exact purchased part and slot specification pending
head_pitch_T4_sensor_pcb_AS5048A,head.yaw_frame,pcb_component,sensor_candidate,1,19.559259977172815,../../revM/manny/parts/head_pitch_T4_sensor_pcb_AS5048A.step,actual_KiCad_STEP
head_pitch_T4_sensor_pcb_C1,head.yaw_frame,pcb_component,sensor_candidate,1,0.930363893421171,../../revM/manny/parts/head_pitch_T4_sensor_pcb_C1.step,actual_KiCad_STEP
head_pitch_T4_sensor_pcb_C2,head.yaw_frame,pcb_component,sensor_candidate,1,3.501750000000034,../../revM/manny/parts/head_pitch_T4_sensor_pcb_C2.step,"Murata GRM219R61E106KA12D 10 uF 25 V X5R, max .95 mm body + .10 mm solder seating allocation"
head_pitch_T4_sensor_pcb_R1,head.yaw_frame,pcb_component,sensor_candidate,1,0.5372187601975696,../../revM/manny/parts/head_pitch_T4_sensor_pcb_R1.step,actual_KiCad_STEP
head_pitch_T4_sensor_pcb_R2,head.yaw_frame,pcb_component,sensor_candidate,1,0.5372187601975702,../../revM/manny/parts/head_pitch_T4_sensor_pcb_R2.step,actual_KiCad_STEP
head_pitch_T4_sensor_pcb_board,head.yaw_frame,pcb,sensor_candidate,1,107.37999999999423,../../revM/manny/parts/head_pitch_T4_sensor_pcb_board.step,actual_KiCad_STEP
head_pitch_T4_sensor_pcb_J1_dimension_envelope,head.yaw_frame,pcb_component,sensor_candidate,1,297.79200000000037,../../revM/manny/parts/head_pitch_T4_sensor_pcb_J1_dimension_envelope.step,"JST SM06B-SRSS-TB side-entry SH6, conservative 9.4 x9.6 x3.3 mm mated plug allocation; cable bend remains a separate harness requirement"
head_pitch_T4_sensor_board_seat_saddle_0,head.yaw_frame,frame,sensor_candidate,1,21.757611200480795,../../revM/manny/parts/head_pitch_T4_sensor_board_seat_saddle_0.step,"Separate L saddle installed after complete magnet shaft; locating wall at +/-6.1, nominal 1.0 mm board slot; never fuse to base posts"
head_pitch_T4_sensor_board_seat_saddle_1,head.yaw_frame,frame,sensor_candidate,1,21.757611200480792,../../revM/manny/parts/head_pitch_T4_sensor_board_seat_saddle_1.step,"Separate L saddle installed after complete magnet shaft; locating wall at +/-6.1, nominal 1.0 mm board slot; never fuse to base posts"
head_pitch_T4_sensor_board_edge_cap_0,head.yaw_frame,nylon,sensor_candidate,1,10.5589383113244,../../revM/manny/parts/head_pitch_T4_sensor_board_edge_cap_0.step,Removable insulating edge retainer; nominal 1.0 mm board stack; STEP FR4 body is 0.91 mm excluding copper/model offsets; fit requires physical verification
head_pitch_T4_sensor_board_cap_M2x6_0,head.yaw_frame,nylon,sensor_candidate,1,32.3191344238053,../../revM/manny/parts/head_pitch_T4_sensor_board_cap_M2x6_0.step,"Nominal nylon M2x6 into replaceable printed support; 3.4 mm engagement, creep and repeated assembly unqualified"
head_pitch_T4_sensor_board_edge_cap_1,head.yaw_frame,nylon,sensor_candidate,1,10.558938311324399,../../revM/manny/parts/head_pitch_T4_sensor_board_edge_cap_1.step,Removable insulating edge retainer; nominal 1.0 mm board stack; STEP FR4 body is 0.91 mm excluding copper/model offsets; fit requires physical verification
head_pitch_T4_sensor_board_cap_M2x6_1,head.yaw_frame,nylon,sensor_candidate,1,32.319134423805316,../../revM/manny/parts/head_pitch_T4_sensor_board_cap_M2x6_1.step,"Nominal nylon M2x6 into replaceable printed support; 3.4 mm engagement, creep and repeated assembly unqualified"
head_pitch_T4_M_upper_thrust_shim,head.yaw_frame,bronze,candidate_solid,1,11.215485773312171,../../revM/manny/parts/head_pitch_T4_M_upper_thrust_shim.step,"0.20 mm CuSn8 thrust shim candidate; metal frame at 5.5, shaft shoulder at 5.7; flatness, wear and supplier process pending"
head_pitch_T4_M_spring_upper_washer,head.pitch_frame,spring,candidate_solid,1,81.17875416876018,../../revM/manny/parts/head_pitch_T4_M_spring_upper_washer.step,Ground steel washer; spring load kept away from arm coupling
head_pitch_T4_M_disc_spring_0,head.pitch_frame,spring,candidate_solid,1,32.342696368705134,../../revM/manny/parts/head_pitch_T4_M_disc_spring_0.step,"SCHNORR 001200 opposed pair in series; 294 N nominal at 0.563 mm each, needs physical adjustment"
head_pitch_T4_M_disc_spring_1,head.pitch_frame,spring,candidate_solid,1,32.342696368705134,../../revM/manny/parts/head_pitch_T4_M_disc_spring_1.step,"SCHNORR 001200 opposed pair in series; 294 N nominal at 0.563 mm each, needs physical adjustment"
head_pitch_T4_M_spring_lower_washer,head.pitch_frame,spring,candidate_solid,1,40.5893770843801,../../revM/manny/parts/head_pitch_T4_M_spring_lower_washer.step,Ground steel spring washer
head_pitch_T4_M_split_stop_collar_left,head.pitch_frame,aluminum_7075,candidate_solid,1,169.32641399120308,../../revM/manny/parts/head_pitch_T4_M_split_stop_collar_left.step,Radial assembly into positive D3 groove; 1.1 mm axial lip; stop geometry sets nominal spring stack
head_pitch_T4_M_split_stop_collar_right,head.pitch_frame,aluminum_7075,candidate_solid,1,151.42245795748158,../../revM/manny/parts/head_pitch_T4_M_split_stop_collar_right.step,Second collar half; 0.20 mm split; M2 screws join the halves without relying on friction for axial retention
head_pitch_T4_M_collar_M2x8_0,head.pitch_frame,brass,candidate_solid,1,45.087060165716125,../../revM/manny/parts/head_pitch_T4_M_collar_M2x8_0.step,M2x8 into tapped left collar half; 2.9 mm nominal engagement; install before arm carrier
head_pitch_T4_M_collar_M2x8_1,head.pitch_frame,brass,candidate_solid,1,45.087060165716125,../../revM/manny/parts/head_pitch_T4_M_collar_M2x8_1.step,M2x8 into tapped left collar half; 2.9 mm nominal engagement; install before arm carrier
head_pitch_T4_flanged_POM_bush,head.yaw_frame,pom,candidate_solid,1,223.3156527188637,../../revM/manny/parts/head_pitch_T4_flanged_POM_bush.step,"D6 nominal radial sleeve, D4.06 running bore, D7.4 x0.8 flange; nominal dimensions require fit qualification"
head_pitch_T4_socket_M2x3,head.pitch_frame,brass,candidate_solid,1,9.30227796076943,../../revM/manny/parts/head_pitch_T4_socket_M2x3.step,Flush slotted M2x3 radial retainer; D face carries torque
head_roll_T4_rotor_face,head,aluminum_7075,structural_concept,1,506.0827005983818,../../revM/manny/parts/head_roll_T4_rotor_face.step,Positive D4 drive; axial spring force reacts into the fixed metal shoulder seat; integral travel tab reacts directly into bearing frame
head_roll_T4_lining,head.pitch_frame,peek,structural_concept,1,226.17076369229304,../../revM/manny/parts/head_roll_T4_lining.step,"; unfilled machined PEEK candidate, dry contact; actual torque and creep must be qualified"
head_roll_T4_sensor_integral_magnet_shaft,head,aluminum_7075,sensor_candidate,1,565.130862919168,../../revM/manny/parts/head_roll_T4_sensor_integral_magnet_shaft.step,"D4 arm drive and friction rotor drive; side-assembled keyed groove on Z -17.626..-16.426, D3 / flat 1.1; no inaccessible end nut; integral magnet cup and metal thrust shoulder"
head_roll_T4_sensor_diametric_magnet_6x2p5,head,magnet,sensor_candidate,1,70.68583470577046,../../revM/manny/parts/head_roll_T4_sensor_diametric_magnet_6x2p5.step,6 x 2.5 diametric magnet; 0.1 mm radial adhesive allowance; grade and field not qualified
head_roll_T4_sensor_magnet_keeper,head,frame,sensor_candidate,1,144.8248601276545,../../revM/manny/parts/head_roll_T4_sensor_magnet_keeper.step,"Removable rigid cover retains outer 0.5 mm of magnet face; 0.6 mm cover, radial brass screw attachment; print durability pending"
head_roll_T4_sensor_keeper_set_M2x3_0,head,brass,sensor_candidate,1,9.235777960769289,../../revM/manny/parts/head_roll_T4_sensor_keeper_set_M2x3_0.step,Nominal slotted brass M2x3 set screw; exact purchased part and slot specification pending
head_roll_T4_sensor_keeper_set_M2x3_1,head,brass,sensor_candidate,1,9.23577796076929,../../revM/manny/parts/head_roll_T4_sensor_keeper_set_M2x3_1.step,Nominal slotted brass M2x3 set screw; exact purchased part and slot specification pending
head_roll_T4_sensor_pcb_AS5048A,head.pitch_frame,pcb_component,sensor_candidate,1,19.559259977172704,../../revM/manny/parts/head_roll_T4_sensor_pcb_AS5048A.step,actual_KiCad_STEP
head_roll_T4_sensor_pcb_C1,head.pitch_frame,pcb_component,sensor_candidate,1,0.9303638934211709,../../revM/manny/parts/head_roll_T4_sensor_pcb_C1.step,actual_KiCad_STEP
head_roll_T4_sensor_pcb_C2,head.pitch_frame,pcb_component,sensor_candidate,1,3.501750000000035,../../revM/manny/parts/head_roll_T4_sensor_pcb_C2.step,"Murata GRM219R61E106KA12D 10 uF 25 V X5R, max .95 mm body + .10 mm solder seating allocation"
head_roll_T4_sensor_pcb_R1,head.pitch_frame,pcb_component,sensor_candidate,1,0.5372187601975695,../../revM/manny/parts/head_roll_T4_sensor_pcb_R1.step,actual_KiCad_STEP
head_roll_T4_sensor_pcb_R2,head.pitch_frame,pcb_component,sensor_candidate,1,0.5372187601975702,../../revM/manny/parts/head_roll_T4_sensor_pcb_R2.step,actual_KiCad_STEP
head_roll_T4_sensor_pcb_board,head.pitch_frame,pcb,sensor_candidate,1,107.37999999999428,../../revM/manny/parts/head_roll_T4_sensor_pcb_board.step,actual_KiCad_STEP
head_roll_T4_sensor_pcb_J1_dimension_envelope,head.pitch_frame,pcb_component,sensor_candidate,1,297.7920000000004,../../revM/manny/parts/head_roll_T4_sensor_pcb_J1_dimension_envelope.step,"JST SM06B-SRSS-TB side-entry SH6, conservative 9.4 x9.6 x3.3 mm mated plug allocation; cable bend remains a separate harness requirement"
head_roll_T4_sensor_board_seat_saddle_0,head.pitch_frame,frame,sensor_candidate,1,21.757611200480795,../../revM/manny/parts/head_roll_T4_sensor_board_seat_saddle_0.step,"Separate L saddle installed after complete magnet shaft; locating wall at +/-6.1, nominal 1.0 mm board slot; never fuse to base posts"
head_roll_T4_sensor_board_seat_saddle_1,head.pitch_frame,frame,sensor_candidate,1,21.757611200480792,../../revM/manny/parts/head_roll_T4_sensor_board_seat_saddle_1.step,"Separate L saddle installed after complete magnet shaft; locating wall at +/-6.1, nominal 1.0 mm board slot; never fuse to base posts"
head_roll_T4_sensor_board_edge_cap_0,head.pitch_frame,nylon,sensor_candidate,1,10.558938311324402,../../revM/manny/parts/head_roll_T4_sensor_board_edge_cap_0.step,Removable insulating edge retainer; nominal 1.0 mm board stack; STEP FR4 body is 0.91 mm excluding copper/model offsets; fit requires physical verification
head_roll_T4_sensor_board_cap_M2x6_0,head.pitch_frame,nylon,sensor_candidate,1,32.3191344238053,../../revM/manny/parts/head_roll_T4_sensor_board_cap_M2x6_0.step,"Nominal nylon M2x6 into replaceable printed support; 3.4 mm engagement, creep and repeated assembly unqualified"
head_roll_T4_sensor_board_edge_cap_1,head.pitch_frame,nylon,sensor_candidate,1,10.5589383113244,../../revM/manny/parts/head_roll_T4_sensor_board_edge_cap_1.step,Removable insulating edge retainer; nominal 1.0 mm board stack; STEP FR4 body is 0.91 mm excluding copper/model offsets; fit requires physical verification
head_roll_T4_sensor_board_cap_M2x6_1,head.pitch_frame,nylon,sensor_candidate,1,32.3191344238053,../../revM/manny/parts/head_roll_T4_sensor_board_cap_M2x6_1.step,"Nominal nylon M2x6 into replaceable printed support; 3.4 mm engagement, creep and repeated assembly unqualified"
head_roll_T4_M_upper_thrust_shim,head.pitch_frame,bronze,candidate_solid,1,11.215485773312171,../../revM/manny/parts/head_roll_T4_M_upper_thrust_shim.step,"0.20 mm CuSn8 thrust shim candidate; metal frame at 5.5, shaft shoulder at 5.7; flatness, wear and supplier process pending"
head_roll_T4_M_spring_upper_washer,head,spring,candidate_solid,1,81.1787541687602,../../revM/manny/parts/head_roll_T4_M_spring_upper_washer.step,Ground steel washer; spring load kept away from arm coupling
head_roll_T4_M_disc_spring_0,head,spring,candidate_solid,1,32.342696368705134,../../revM/manny/parts/head_roll_T4_M_disc_spring_0.step,"SCHNORR 001200 opposed pair in series; 294 N nominal at 0.563 mm each, needs physical adjustment"
head_roll_T4_M_disc_spring_1,head,spring,candidate_solid,1,32.342696368705134,../../revM/manny/parts/head_roll_T4_M_disc_spring_1.step,"SCHNORR 001200 opposed pair in series; 294 N nominal at 0.563 mm each, needs physical adjustment"
head_roll_T4_M_spring_lower_washer,head,spring,candidate_solid,1,40.5893770843801,../../revM/manny/parts/head_roll_T4_M_spring_lower_washer.step,Ground steel spring washer
head_roll_T4_M_split_stop_collar_left,head,aluminum_7075,candidate_solid,1,169.32641399120305,../../revM/manny/parts/head_roll_T4_M_split_stop_collar_left.step,Radial assembly into positive D3 groove; 1.1 mm axial lip; stop geometry sets nominal spring stack
head_roll_T4_M_split_stop_collar_right,head,aluminum_7075,candidate_solid,1,151.42245795748164,../../revM/manny/parts/head_roll_T4_M_split_stop_collar_right.step,Second collar half; 0.20 mm split; M2 screws join the halves without relying on friction for axial retention
head_roll_T4_M_collar_M2x8_0,head,brass,candidate_solid,1,45.087060165716125,../../revM/manny/parts/head_roll_T4_M_collar_M2x8_0.step,M2x8 into tapped left collar half; 2.9 mm nominal engagement; install before arm carrier
head_roll_T4_M_collar_M2x8_1,head,brass,candidate_solid,1,45.087060165716125,../../revM/manny/parts/head_roll_T4_M_collar_M2x8_1.step,M2x8 into tapped left collar half; 2.9 mm nominal engagement; install before arm carrier
head_roll_T4_flanged_POM_bush,head.pitch_frame,pom,candidate_solid,1,223.3156527188637,../../revM/manny/parts/head_roll_T4_flanged_POM_bush.step,"D6 nominal radial sleeve, D4.06 running bore, D7.4 x0.8 flange; nominal dimensions require fit qualification"
head_roll_T4_socket_M2x3,head,brass,candidate_solid,1,9.302277960769432,../../revM/manny/parts/head_roll_T4_socket_M2x3.step,Flush slotted M2x3 radial retainer; D face carries torque
head_T4_yaw_pitch_frame,head.yaw_frame,aluminum_7075,candidate_solid,1,4123.099948294314,../../revM/manny/parts/head_T4_yaw_pitch_frame.step,"Integral D4 socket and pitch bearing housing, exterior routing leaves the central pivot empty; integral positive travel stops"
head_T4_pitch_roll_frame,head.pitch_frame,aluminum_7075,candidate_solid,1,4632.253792147184,../../revM/manny/parts/head_T4_pitch_roll_frame.step,Integral pitch output socket and roll bearing housing; arch above pivot; integral positive travel stops
head_T4_skull_frame,head,aluminum_7075,candidate_solid,1,3945.793464750908,../../revM/manny/parts/head_T4_skull_frame.step,Rigid head frame retains the original head-tip datum; cover mounting pending; two drilled metal cover attachment lugs
chest_M_body_frame,chest,aluminum_7075,candidate_solid,1,40136.61944201645,../../revM/manny/parts/chest_M_body_frame.step,"Continuous metal chest frame with integrated T4 neck bearing, four girdle cartridges and centre-line anterior support; machining split pending; integral positive travel stops; reamed press-fit sleeve seat, see retained_bushes manifest; reamed press-fit sleeve seat, see retained_bushes manifest; reamed press-fit sleeve seat, see retained_bushes manifest; reamed press-fit sleeve seat, see retained_bushes manifest; fixed rear electronics spine and two flat bolt lugs; two flat thorax shell attachment lugs; local SH plug swing relief outside protected yaw-bearing walls"
thigh_l_shell_M2x16_0,thigh_l,metal,candidate_solid,1,70.41465711028573,../../revM/manny/parts/thigh_l_shell_M2x16_0.step,"M2x16, recessed straight hex access through front cover; no joint-preload function"
thigh_l_shell_nut_M2_0,thigh_l,metal,candidate_solid,1,18.953259459605682,../../revM/manny/parts/thigh_l_shell_nut_M2_0.step,M2 nut in printed AF4.2 capture pocket
thigh_l_shell_M2x16_1,thigh_l,metal,candidate_solid,1,70.41465711028573,../../revM/manny/parts/thigh_l_shell_M2x16_1.step,"M2x16, recessed straight hex access through front cover; no joint-preload function"
thigh_l_shell_nut_M2_1,thigh_l,metal,candidate_solid,1,18.953259459605682,../../revM/manny/parts/thigh_l_shell_nut_M2_1.step,M2 nut in printed AF4.2 capture pocket
thigh_l_M_shell_front,thigh_l,shell,candidate_solid,1,14325.94036851645,../../revM/manny/parts/thigh_l_M_shell_front.step,"Rigid removable thigh cover following 1:2 character surface-section width/depth; 1.8 mm wall, 0.30 mm seam; posterior thigh and proximal 75 mm of rear calf intentionally exposed for deep flexion"
calf_l_shell_M2x20_0,calf_l,metal,candidate_solid,1,82.98102772464485,../../revM/manny/parts/calf_l_shell_M2x20_0.step,"M2x20, recessed straight hex access through front cover; no joint-preload function"
calf_l_shell_nut_M2_0,calf_l,metal,candidate_solid,1,18.953259459605686,../../revM/manny/parts/calf_l_shell_nut_M2_0.step,M2 nut in printed AF4.2 capture pocket
calf_l_shell_M2x20_1,calf_l,metal,candidate_solid,1,82.98102772464493,../../revM/manny/parts/calf_l_shell_M2x20_1.step,"M2x20, recessed straight hex access through front cover; no joint-preload function"
calf_l_shell_nut_M2_1,calf_l,metal,candidate_solid,1,18.95325945960568,../../revM/manny/parts/calf_l_shell_nut_M2_1.step,M2 nut in printed AF4.2 capture pocket
calf_l_M_shell_front,calf_l,shell,candidate_solid,1,19580.628252905124,../../revM/manny/parts/calf_l_M_shell_front.step,"Rigid removable calf cover following 1:2 character surface-section width/depth; 1.8 mm wall, 0.30 mm seam; posterior thigh and proximal 75 mm of rear calf intentionally exposed for deep flexion"
calf_l_M_shell_back,calf_l,shell,candidate_solid,1,14393.552832406087,../../revM/manny/parts/calf_l_M_shell_back.step,"Rigid removable calf cover following 1:2 character surface-section width/depth; 1.8 mm wall, 0.30 mm seam; posterior thigh and proximal 75 mm of rear calf intentionally exposed for deep flexion"
thigh_r_shell_M2x16_0,thigh_r,metal,candidate_solid,1,70.41465711028573,../../revM/manny/parts/thigh_r_shell_M2x16_0.step,"M2x16, recessed straight hex access through front cover; no joint-preload function"
thigh_r_shell_nut_M2_0,thigh_r,metal,candidate_solid,1,18.953259459605686,../../revM/manny/parts/thigh_r_shell_nut_M2_0.step,M2 nut in printed AF4.2 capture pocket
thigh_r_shell_M2x16_1,thigh_r,metal,candidate_solid,1,70.41465711028573,../../revM/manny/parts/thigh_r_shell_M2x16_1.step,"M2x16, recessed straight hex access through front cover; no joint-preload function"
thigh_r_shell_nut_M2_1,thigh_r,metal,candidate_solid,1,18.953259459605682,../../revM/manny/parts/thigh_r_shell_nut_M2_1.step,M2 nut in printed AF4.2 capture pocket
thigh_r_M_shell_front,thigh_r,shell,candidate_solid,1,14325.891706682964,../../revM/manny/parts/thigh_r_M_shell_front.step,"Rigid removable thigh cover following 1:2 character surface-section width/depth; 1.8 mm wall, 0.30 mm seam; posterior thigh and proximal 75 mm of rear calf intentionally exposed for deep flexion"
calf_r_shell_M2x20_0,calf_r,metal,candidate_solid,1,82.98102772464485,../../revM/manny/parts/calf_r_shell_M2x20_0.step,"M2x20, recessed straight hex access through front cover; no joint-preload function"
calf_r_shell_nut_M2_0,calf_r,metal,candidate_solid,1,18.953259459605682,../../revM/manny/parts/calf_r_shell_nut_M2_0.step,M2 nut in printed AF4.2 capture pocket
calf_r_shell_M2x20_1,calf_r,metal,candidate_solid,1,82.98102772464493,../../revM/manny/parts/calf_r_shell_M2x20_1.step,"M2x20, recessed straight hex access through front cover; no joint-preload function"
calf_r_shell_nut_M2_1,calf_r,metal,candidate_solid,1,18.95325945960568,../../revM/manny/parts/calf_r_shell_nut_M2_1.step,M2 nut in printed AF4.2 capture pocket
calf_r_M_shell_front,calf_r,shell,candidate_solid,1,19580.65630442841,../../revM/manny/parts/calf_r_M_shell_front.step,"Rigid removable calf cover following 1:2 character surface-section width/depth; 1.8 mm wall, 0.30 mm seam; posterior thigh and proximal 75 mm of rear calf intentionally exposed for deep flexion"
calf_r_M_shell_back,calf_r,shell,candidate_solid,1,14393.580967692724,../../revM/manny/parts/calf_r_M_shell_back.step,"Rigid removable calf cover following 1:2 character surface-section width/depth; 1.8 mm wall, 0.30 mm seam; posterior thigh and proximal 75 mm of rear calf intentionally exposed for deep flexion"
head_shell_M2x16_0,head,metal,candidate_solid,1,70.41465711028556,../../revM/manny/parts/head_shell_M2x16_0.step,M2x16 through integral skull lug; deep straight screwdriver access from front
head_shell_nut_M2_0,head,metal,candidate_solid,1,18.95325945960567,../../revM/manny/parts/head_shell_nut_M2_0.step,M2 nut in AF4.2 rear cover pocket
head_shell_M2x16_1,head,metal,candidate_solid,1,70.41465711028566,../../revM/manny/parts/head_shell_M2x16_1.step,M2x16 through integral skull lug; deep straight screwdriver access from front
head_shell_nut_M2_1,head,metal,candidate_solid,1,18.953259459605665,../../revM/manny/parts/head_shell_nut_M2_1.step,M2 nut in AF4.2 rear cover pocket
head_M_shell_front,head,shell,candidate_solid,1,21865.53827051276,../../revM/manny/parts/head_M_shell_front.step,"Character-derived head-section silhouette; 1.8 mm nominal wall, 0.30 mm seam; lower front 50 mm / back 47 mm kept exposed for neck motion; surface is simplified, not exact character mesh"
head_M_shell_back,head,shell,candidate_solid,1,17051.747070510995,../../revM/manny/parts/head_M_shell_back.step,"Character-derived head-section silhouette; 1.8 mm nominal wall, 0.30 mm seam; lower front 50 mm / back 47 mm kept exposed for neck motion; surface is simplified, not exact character mesh"
foot_l_shoe_M2x8_0,foot_l,metal,candidate_solid,1,45.08706016571569,../../revM/manny/parts/foot_l_shoe_M2x8_0.step,"M2x8 from underside, recessed head; no joint-preload function"
foot_l_shoe_nut_M2_0,foot_l,metal,candidate_solid,1,18.953259459605658,../../revM/manny/parts/foot_l_shoe_nut_M2_0.step,M2 nut inserted from upper open pocket
foot_l_shoe_M2x8_1,foot_l,metal,candidate_solid,1,45.087060165715684,../../revM/manny/parts/foot_l_shoe_M2x8_1.step,"M2x8 from underside, recessed head; no joint-preload function"
foot_l_shoe_nut_M2_1,foot_l,metal,candidate_solid,1,18.953259459605707,../../revM/manny/parts/foot_l_shoe_nut_M2_1.step,M2 nut inserted from upper open pocket
foot_l_M_low_shoe,foot_l,shell,candidate_solid,1,9527.578876940748,../../revM/manny/parts/foot_l_M_low_shoe.step,1.8 mm wall rigid low heel/midfoot cover; outer heel strip above and below the ankle left open for inversion; ankle and toe hinge exposed; underside 0.3 mm above original sole datum
foot_r_shoe_M2x8_0,foot_r,metal,candidate_solid,1,45.0870601657157,../../revM/manny/parts/foot_r_shoe_M2x8_0.step,"M2x8 from underside, recessed head; no joint-preload function"
foot_r_shoe_nut_M2_0,foot_r,metal,candidate_solid,1,18.953259459605665,../../revM/manny/parts/foot_r_shoe_nut_M2_0.step,M2 nut inserted from upper open pocket
foot_r_shoe_M2x8_1,foot_r,metal,candidate_solid,1,45.087060165715656,../../revM/manny/parts/foot_r_shoe_M2x8_1.step,"M2x8 from underside, recessed head; no joint-preload function"
foot_r_shoe_nut_M2_1,foot_r,metal,candidate_solid,1,18.95325945960568,../../revM/manny/parts/foot_r_shoe_nut_M2_1.step,M2 nut inserted from upper open pocket
foot_r_M_low_shoe,foot_r,shell,candidate_solid,1,9527.583568817583,../../revM/manny/parts/foot_r_M_low_shoe.step,1.8 mm wall rigid low heel/midfoot cover; outer heel strip above and below the ankle left open for inversion; ankle and toe hinge exposed; underside 0.3 mm above original sole datum
ball_l_cap_M2x20_0,ball_l,metal,candidate_solid,1,82.98102772464478,../../revM/manny/parts/ball_l_cap_M2x20_0.step,M2x20 cross bolt; two spaced fasteners prevent cap rotation
ball_l_cap_nut_M2_0,ball_l,metal,candidate_solid,1,18.953259459605654,../../revM/manny/parts/ball_l_cap_nut_M2_0.step,"M2 captured nut, open side pocket"
ball_l_cap_M2x20_1,ball_l,metal,candidate_solid,1,82.98102772464476,../../revM/manny/parts/ball_l_cap_M2x20_1.step,M2x20 cross bolt; two spaced fasteners prevent cap rotation
ball_l_cap_nut_M2_1,ball_l,metal,candidate_solid,1,18.95325945960565,../../revM/manny/parts/ball_l_cap_nut_M2_1.step,"M2 captured nut, open side pocket"
ball_l_M_toecap_left,ball_l,shell,candidate_solid,1,1485.161133459396,../../revM/manny/parts/ball_l_M_toecap_left.step,"Rigid character-derived toe cap; 1.8 mm wall, toe joint proximal 18 mm left exposed; two M2 fasteners, no deforming skin"
ball_l_M_toecap_right,ball_l,shell,candidate_solid,1,822.8374766031149,../../revM/manny/parts/ball_l_M_toecap_right.step,"Rigid character-derived toe cap; 1.8 mm wall, toe joint proximal 18 mm left exposed; two M2 fasteners, no deforming skin"
ball_r_cap_M2x20_0,ball_r,metal,candidate_solid,1,82.98102772464476,../../revM/manny/parts/ball_r_cap_M2x20_0.step,M2x20 cross bolt; two spaced fasteners prevent cap rotation
ball_r_cap_nut_M2_0,ball_r,metal,candidate_solid,1,18.953259459605654,../../revM/manny/parts/ball_r_cap_nut_M2_0.step,"M2 captured nut, open side pocket"
ball_r_cap_M2x20_1,ball_r,metal,candidate_solid,1,82.98102772464475,../../revM/manny/parts/ball_r_cap_M2x20_1.step,M2x20 cross bolt; two spaced fasteners prevent cap rotation
ball_r_cap_nut_M2_1,ball_r,metal,candidate_solid,1,18.953259459605654,../../revM/manny/parts/ball_r_cap_nut_M2_1.step,"M2 captured nut, open side pocket"
ball_r_M_toecap_left,ball_r,shell,candidate_solid,1,842.257843358615,../../revM/manny/parts/ball_r_M_toecap_left.step,"Rigid character-derived toe cap; 1.8 mm wall, toe joint proximal 18 mm left exposed; two M2 fasteners, no deforming skin"
ball_r_M_toecap_right,ball_r,shell,candidate_solid,1,1439.3566856272291,../../revM/manny/parts/ball_r_M_toecap_right.step,"Rigid character-derived toe cap; 1.8 mm wall, toe joint proximal 18 mm left exposed; two M2 fasteners, no deforming skin"
waist_yaw_M_upper_face_M2x3_0,pelvis,metal,candidate_solid,1,13.561214770764636,../../revM/manny/parts/waist_yaw_M_upper_face_M2x3_0.step,"M2x3 countersunk screw, nominal 2 mm engagement in fixed eye; axial spring force seats reaction plate directly on metal, screw carries reaction torque"
waist_yaw_M_upper_face_M2x3_1,pelvis,metal,candidate_solid,1,13.561214770764636,../../revM/manny/parts/waist_yaw_M_upper_face_M2x3_1.step,"M2x3 countersunk screw, nominal 2 mm engagement in fixed eye; axial spring force seats reaction plate directly on metal, screw carries reaction torque"
waist_yaw_M_upper_PEEK_friction_ring,pelvis,peek,candidate_solid,1,152.4267880796797,../../revM/manny/parts/waist_yaw_M_upper_PEEK_friction_ring.step,"Unfilled machined PEEK, 0.50 mm finished, R5..11 and two tabs; dry contact against ground steel pressure plate; torque/creep/wear acceptance required"
waist_yaw_M_three_parallel_height_spacer,waist.yaw_frame,steel_17_4,candidate_solid,1,99.48795615388289,../../revM/manny/parts/waist_yaw_M_three_parallel_height_spacer.step,"Ground steel spacer 1.20 mm, preserves cap and sensor position after reducing waist spring count from eight to six"
waist_pitch_M_upper_face_M2x3_0,waist.yaw_frame,metal,candidate_solid,1,13.561214770764757,../../revM/manny/parts/waist_pitch_M_upper_face_M2x3_0.step,"M2x3 countersunk screw, nominal 2 mm engagement in fixed eye; axial spring force seats reaction plate directly on metal, screw carries reaction torque"
waist_pitch_M_upper_face_M2x3_1,waist.yaw_frame,metal,candidate_solid,1,13.561214770764757,../../revM/manny/parts/waist_pitch_M_upper_face_M2x3_1.step,"M2x3 countersunk screw, nominal 2 mm engagement in fixed eye; axial spring force seats reaction plate directly on metal, screw carries reaction torque"
waist_pitch_M_upper_PEEK_friction_ring,waist.yaw_frame,peek,candidate_solid,1,152.42678807967962,../../revM/manny/parts/waist_pitch_M_upper_PEEK_friction_ring.step,"Unfilled machined PEEK, 0.50 mm finished, R5..11 and two tabs; dry contact against ground steel pressure plate; torque/creep/wear acceptance required"
waist_pitch_M_three_parallel_height_spacer,waist.pitch_frame,steel_17_4,candidate_solid,1,99.48795615388133,../../revM/manny/parts/waist_pitch_M_three_parallel_height_spacer.step,"Ground steel spacer 1.20 mm, preserves cap and sensor position after reducing waist spring count from eight to six"
waist_roll_M_upper_face_M2x3_0,waist.pitch_frame,metal,candidate_solid,1,13.561214770764755,../../revM/manny/parts/waist_roll_M_upper_face_M2x3_0.step,"M2x3 countersunk screw, nominal 2 mm engagement in fixed eye; axial spring force seats reaction plate directly on metal, screw carries reaction torque"
waist_roll_M_upper_face_M2x3_1,waist.pitch_frame,metal,candidate_solid,1,13.561214770764755,../../revM/manny/parts/waist_roll_M_upper_face_M2x3_1.step,"M2x3 countersunk screw, nominal 2 mm engagement in fixed eye; axial spring force seats reaction plate directly on metal, screw carries reaction torque"
waist_roll_M_upper_PEEK_friction_ring,waist.pitch_frame,peek,candidate_solid,1,152.42678807967954,../../revM/manny/parts/waist_roll_M_upper_PEEK_friction_ring.step,"Unfilled machined PEEK, 0.50 mm finished, R5..11 and two tabs; dry contact against ground steel pressure plate; torque/creep/wear acceptance required"
waist_roll_M_three_parallel_height_spacer,waist,steel_17_4,candidate_solid,1,99.48795615388133,../../revM/manny/parts/waist_roll_M_three_parallel_height_spacer.step,"Ground steel spacer 1.20 mm, preserves cap and sensor position after reducing waist spring count from eight to six"
chest_yaw_M_upper_face_M2x3_0,waist,metal,candidate_solid,1,13.561214770764733,../../revM/manny/parts/chest_yaw_M_upper_face_M2x3_0.step,"M2x3 countersunk screw, nominal 2 mm engagement in fixed eye; axial spring force seats reaction plate directly on metal, screw carries reaction torque"
chest_yaw_M_upper_face_M2x3_1,waist,metal,candidate_solid,1,13.561214770764737,../../revM/manny/parts/chest_yaw_M_upper_face_M2x3_1.step,"M2x3 countersunk screw, nominal 2 mm engagement in fixed eye; axial spring force seats reaction plate directly on metal, screw carries reaction torque"
chest_yaw_M_upper_PEEK_friction_ring,waist,peek,candidate_solid,1,152.42678807967965,../../revM/manny/parts/chest_yaw_M_upper_PEEK_friction_ring.step,"Unfilled machined PEEK, 0.50 mm finished, R5..11 and two tabs; dry contact against ground steel pressure plate; torque/creep/wear acceptance required"
chest_pitch_M_upper_face_M2x3_0,chest.yaw_frame,metal,candidate_solid,1,13.561214770764757,../../revM/manny/parts/chest_pitch_M_upper_face_M2x3_0.step,"M2x3 countersunk screw, nominal 2 mm engagement in fixed eye; axial spring force seats reaction plate directly on metal, screw carries reaction torque"
chest_pitch_M_upper_face_M2x3_1,chest.yaw_frame,metal,candidate_solid,1,13.561214770764757,../../revM/manny/parts/chest_pitch_M_upper_face_M2x3_1.step,"M2x3 countersunk screw, nominal 2 mm engagement in fixed eye; axial spring force seats reaction plate directly on metal, screw carries reaction torque"
chest_pitch_M_upper_PEEK_friction_ring,chest.yaw_frame,peek,candidate_solid,1,152.4267880796796,../../revM/manny/parts/chest_pitch_M_upper_PEEK_friction_ring.step,"Unfilled machined PEEK, 0.50 mm finished, R5..11 and two tabs; dry contact against ground steel pressure plate; torque/creep/wear acceptance required"
chest_roll_M_upper_face_M2x3_0,chest.pitch_frame,metal,candidate_solid,1,13.561214770764757,../../revM/manny/parts/chest_roll_M_upper_face_M2x3_0.step,"M2x3 countersunk screw, nominal 2 mm engagement in fixed eye; axial spring force seats reaction plate directly on metal, screw carries reaction torque"
chest_roll_M_upper_face_M2x3_1,chest.pitch_frame,metal,candidate_solid,1,13.561214770764764,../../revM/manny/parts/chest_roll_M_upper_face_M2x3_1.step,"M2x3 countersunk screw, nominal 2 mm engagement in fixed eye; axial spring force seats reaction plate directly on metal, screw carries reaction torque"
chest_roll_M_upper_PEEK_friction_ring,chest.pitch_frame,peek,candidate_solid,1,152.42678807967957,../../revM/manny/parts/chest_roll_M_upper_PEEK_friction_ring.step,"Unfilled machined PEEK, 0.50 mm finished, R5..11 and two tabs; dry contact against ground steel pressure plate; torque/creep/wear acceptance required"
chest_electronics_frame_M3x16_0,chest,metal,candidate_solid,1,176.25323069707196,../../revM/manny/parts/chest_electronics_frame_M3x16_0.step,M3x16 from open torso into captured carrier nut; two spaced joints
chest_electronics_frame_nut_M3_0,chest,metal,candidate_solid,1,51.092471863787694,../../revM/manny/parts/chest_electronics_frame_nut_M3_0.step,Insert M3 nut from rear before fitting centre node case
chest_electronics_frame_M3x16_1,chest,metal,candidate_solid,1,176.25323069707196,../../revM/manny/parts/chest_electronics_frame_M3x16_1.step,M3x16 from open torso into captured carrier nut; two spaced joints
chest_electronics_frame_nut_M3_1,chest,metal,candidate_solid,1,51.09247186378771,../../revM/manny/parts/chest_electronics_frame_nut_M3_1.step,Insert M3 nut from rear before fitting centre node case
chest_electronics_carrier,chest,frame,candidate_solid,1,10025.935783098665,../../revM/manny/parts/chest_electronics_carrier.step,Three removable regional nodes on rigid ladder carrier; four PCB clamping screws per pod; all printed below A1 mini envelope
N4_lid_M2x25_-1_-1,chest,metal,candidate_solid,1,98.68899099259363,../../revM/manny/parts/N4_lid_M2x25_-1_-1.step,M2x25 clamps case seam; polymer pads retain board without drilled holes
N4_lid_nut_M2_-1_-1,chest,metal,candidate_solid,1,18.953259459605892,../../revM/manny/parts/N4_lid_nut_M2_-1_-1.step,M2 nut inserted radially from open side slot
N4_board_pad_front_-1_-1,chest,silicone,candidate_solid,1,5.568000000000265,../../revM/manny/parts/N4_board_pad_front_-1_-1.step,"0.5 mm free silicone sheet, nominal 0.4 mm installed; PCB corner support, no solder-pad contact"
N4_board_pad_rear_-1_-1,chest,silicone,candidate_solid,1,5.568000000000265,../../revM/manny/parts/N4_board_pad_rear_-1_-1.step,"0.5 mm free silicone sheet, nominal 0.4 mm installed; PCB corner support, no solder-pad contact"
N4_lid_M2x25_-1_1,chest,metal,candidate_solid,1,98.68899099259374,../../revM/manny/parts/N4_lid_M2x25_-1_1.step,M2x25 clamps case seam; polymer pads retain board without drilled holes
N4_lid_nut_M2_-1_1,chest,metal,candidate_solid,1,18.95325945960588,../../revM/manny/parts/N4_lid_nut_M2_-1_1.step,M2 nut inserted radially from open side slot
N4_board_pad_front_-1_1,chest,silicone,candidate_solid,1,5.568000000000264,../../revM/manny/parts/N4_board_pad_front_-1_1.step,"0.5 mm free silicone sheet, nominal 0.4 mm installed; PCB corner support, no solder-pad contact"
N4_board_pad_rear_-1_1,chest,silicone,candidate_solid,1,5.568000000000264,../../revM/manny/parts/N4_board_pad_rear_-1_1.step,"0.5 mm free silicone sheet, nominal 0.4 mm installed; PCB corner support, no solder-pad contact"
N4_lid_M2x25_1_-1,chest,metal,candidate_solid,1,98.68899099259366,../../revM/manny/parts/N4_lid_M2x25_1_-1.step,M2x25 clamps case seam; polymer pads retain board without drilled holes
N4_lid_nut_M2_1_-1,chest,metal,candidate_solid,1,18.953259459605892,../../revM/manny/parts/N4_lid_nut_M2_1_-1.step,M2 nut inserted radially from open side slot
N4_board_pad_front_1_-1,chest,silicone,candidate_solid,1,5.5680000000002625,../../revM/manny/parts/N4_board_pad_front_1_-1.step,"0.5 mm free silicone sheet, nominal 0.4 mm installed; PCB corner support, no solder-pad contact"
N4_board_pad_rear_1_-1,chest,silicone,candidate_solid,1,5.568000000000263,../../revM/manny/parts/N4_board_pad_rear_1_-1.step,"0.5 mm free silicone sheet, nominal 0.4 mm installed; PCB corner support, no solder-pad contact"
N4_lid_M2x25_1_1,chest,metal,candidate_solid,1,98.68899099259379,../../revM/manny/parts/N4_lid_M2x25_1_1.step,M2x25 clamps case seam; polymer pads retain board without drilled holes
N4_lid_nut_M2_1_1,chest,metal,candidate_solid,1,18.953259459605885,../../revM/manny/parts/N4_lid_nut_M2_1_1.step,M2 nut inserted radially from open side slot
N4_board_pad_front_1_1,chest,silicone,candidate_solid,1,5.568000000000262,../../revM/manny/parts/N4_board_pad_front_1_1.step,"0.5 mm free silicone sheet, nominal 0.4 mm installed; PCB corner support, no solder-pad contact"
N4_board_pad_rear_1_1,chest,silicone,candidate_solid,1,5.5680000000002625,../../revM/manny/parts/N4_board_pad_rear_1_1.step,"0.5 mm free silicone sheet, nominal 0.4 mm installed; PCB corner support, no solder-pad contact"
N4_mount_nut_M3_-1,chest,metal,candidate_solid,1,51.09247186378792,../../revM/manny/parts/N4_mount_nut_M3_-1.step,M3 captive nut installed from inside before PCB
N4_mount_M3x10_-1,chest,metal,candidate_solid,1,133.84172987360972,../../revM/manny/parts/N4_mount_M3x10_-1.step,M3x10 through separate carrier; serviceable from the open torso
N4_mount_nut_M3_1,chest,metal,candidate_solid,1,51.09247186378795,../../revM/manny/parts/N4_mount_nut_M3_1.step,M3 captive nut installed from inside before PCB
N4_mount_M3x10_1,chest,metal,candidate_solid,1,133.84172987360972,../../revM/manny/parts/N4_mount_M3x10_1.step,M3x10 through separate carrier; serviceable from the open torso
N4_case_front,chest,shell,candidate_solid,1,24820.964093063274,../../revM/manny/parts/N4_case_front.step,36 x44 x100 mm printed pod; 1.8 mm walls; removable rear lid; top/bottom wire exits
N4_case_rear,chest,shell,candidate_solid,1,11406.190316442633,../../revM/manny/parts/N4_case_rear.step,Removable lid includes insulated board corner supports; requires all four M2x25 screws
N4_regional_PCBA,chest,pcb_component,purchased_assembly,1,6532.830124394572,../../revM/manny/parts/N4_regional_PCBA.step,Native KiCad assembly plus five conservative body envelopes; no plug geometry included; no internal component-to-component collision inference
N2_lid_M2x25_-1_-1,chest,metal,candidate_solid,1,98.68899099259366,../../revM/manny/parts/N2_lid_M2x25_-1_-1.step,M2x25 clamps case seam; polymer pads retain board without drilled holes
N2_lid_nut_M2_-1_-1,chest,metal,candidate_solid,1,18.953259459605892,../../revM/manny/parts/N2_lid_nut_M2_-1_-1.step,M2 nut inserted radially from open side slot
N2_board_pad_front_-1_-1,chest,silicone,candidate_solid,1,5.568000000000263,../../revM/manny/parts/N2_board_pad_front_-1_-1.step,"0.5 mm free silicone sheet, nominal 0.4 mm installed; PCB corner support, no solder-pad contact"
N2_board_pad_rear_-1_-1,chest,silicone,candidate_solid,1,5.568000000000263,../../revM/manny/parts/N2_board_pad_rear_-1_-1.step,"0.5 mm free silicone sheet, nominal 0.4 mm installed; PCB corner support, no solder-pad contact"
N2_lid_M2x25_-1_1,chest,metal,candidate_solid,1,98.68899099259379,../../revM/manny/parts/N2_lid_M2x25_-1_1.step,M2x25 clamps case seam; polymer pads retain board without drilled holes
N2_lid_nut_M2_-1_1,chest,metal,candidate_solid,1,18.95325945960589,../../revM/manny/parts/N2_lid_nut_M2_-1_1.step,M2 nut inserted radially from open side slot
N2_board_pad_front_-1_1,chest,silicone,candidate_solid,1,5.5680000000002625,../../revM/manny/parts/N2_board_pad_front_-1_1.step,"0.5 mm free silicone sheet, nominal 0.4 mm installed; PCB corner support, no solder-pad contact"
N2_board_pad_rear_-1_1,chest,silicone,candidate_solid,1,5.5680000000002625,../../revM/manny/parts/N2_board_pad_rear_-1_1.step,"0.5 mm free silicone sheet, nominal 0.4 mm installed; PCB corner support, no solder-pad contact"
N2_lid_M2x25_1_-1,chest,metal,candidate_solid,1,98.68899099259366,../../revM/manny/parts/N2_lid_M2x25_1_-1.step,M2x25 clamps case seam; polymer pads retain board without drilled holes
N2_lid_nut_M2_1_-1,chest,metal,candidate_solid,1,18.953259459605892,../../revM/manny/parts/N2_lid_nut_M2_1_-1.step,M2 nut inserted radially from open side slot
N2_board_pad_front_1_-1,chest,silicone,candidate_solid,1,5.568000000000263,../../revM/manny/parts/N2_board_pad_front_1_-1.step,"0.5 mm free silicone sheet, nominal 0.4 mm installed; PCB corner support, no solder-pad contact"
N2_board_pad_rear_1_-1,chest,silicone,candidate_solid,1,5.568000000000263,../../revM/manny/parts/N2_board_pad_rear_1_-1.step,"0.5 mm free silicone sheet, nominal 0.4 mm installed; PCB corner support, no solder-pad contact"
N2_lid_M2x25_1_1,chest,metal,candidate_solid,1,98.68899099259379,../../revM/manny/parts/N2_lid_M2x25_1_1.step,M2x25 clamps case seam; polymer pads retain board without drilled holes
N2_lid_nut_M2_1_1,chest,metal,candidate_solid,1,18.95325945960589,../../revM/manny/parts/N2_lid_nut_M2_1_1.step,M2 nut inserted radially from open side slot
N2_board_pad_front_1_1,chest,silicone,candidate_solid,1,5.5680000000002625,../../revM/manny/parts/N2_board_pad_front_1_1.step,"0.5 mm free silicone sheet, nominal 0.4 mm installed; PCB corner support, no solder-pad contact"
N2_board_pad_rear_1_1,chest,silicone,candidate_solid,1,5.5680000000002625,../../revM/manny/parts/N2_board_pad_rear_1_1.step,"0.5 mm free silicone sheet, nominal 0.4 mm installed; PCB corner support, no solder-pad contact"
N2_mount_nut_M3_-1,chest,metal,candidate_solid,1,51.09247186378793,../../revM/manny/parts/N2_mount_nut_M3_-1.step,M3 captive nut installed from inside before PCB
N2_mount_M3x10_-1,chest,metal,candidate_solid,1,133.8417298736097,../../revM/manny/parts/N2_mount_M3x10_-1.step,M3x10 through separate carrier; serviceable from the open torso
N2_mount_nut_M3_1,chest,metal,candidate_solid,1,51.09247186378795,../../revM/manny/parts/N2_mount_nut_M3_1.step,M3 captive nut installed from inside before PCB
N2_mount_M3x10_1,chest,metal,candidate_solid,1,133.8417298736097,../../revM/manny/parts/N2_mount_M3x10_1.step,M3x10 through separate carrier; serviceable from the open torso
N2_case_front,chest,shell,candidate_solid,1,24820.96409306328,../../revM/manny/parts/N2_case_front.step,36 x44 x100 mm printed pod; 1.8 mm walls; removable rear lid; top/bottom wire exits
N2_case_rear,chest,shell,candidate_solid,1,11406.190316442633,../../revM/manny/parts/N2_case_rear.step,Removable lid includes insulated board corner supports; requires all four M2x25 screws
N2_regional_PCBA,chest,pcb_component,purchased_assembly,1,6532.83012439457,../../revM/manny/parts/N2_regional_PCBA.step,Native KiCad assembly plus five conservative body envelopes; no plug geometry included; no internal component-to-component collision inference
N3_lid_M2x25_-1_-1,chest,metal,candidate_solid,1,98.68899099259366,../../revM/manny/parts/N3_lid_M2x25_-1_-1.step,M2x25 clamps case seam; polymer pads retain board without drilled holes
N3_lid_nut_M2_-1_-1,chest,metal,candidate_solid,1,18.953259459605892,../../revM/manny/parts/N3_lid_nut_M2_-1_-1.step,M2 nut inserted radially from open side slot
N3_board_pad_front_-1_-1,chest,silicone,candidate_solid,1,5.5680000000002625,../../revM/manny/parts/N3_board_pad_front_-1_-1.step,"0.5 mm free silicone sheet, nominal 0.4 mm installed; PCB corner support, no solder-pad contact"
N3_board_pad_rear_-1_-1,chest,silicone,candidate_solid,1,5.568000000000263,../../revM/manny/parts/N3_board_pad_rear_-1_-1.step,"0.5 mm free silicone sheet, nominal 0.4 mm installed; PCB corner support, no solder-pad contact"
N3_lid_M2x25_-1_1,chest,metal,candidate_solid,1,98.68899099259379,../../revM/manny/parts/N3_lid_M2x25_-1_1.step,M2x25 clamps case seam; polymer pads retain board without drilled holes
N3_lid_nut_M2_-1_1,chest,metal,candidate_solid,1,18.953259459605885,../../revM/manny/parts/N3_lid_nut_M2_-1_1.step,M2 nut inserted radially from open side slot
N3_board_pad_front_-1_1,chest,silicone,candidate_solid,1,5.568000000000262,../../revM/manny/parts/N3_board_pad_front_-1_1.step,"0.5 mm free silicone sheet, nominal 0.4 mm installed; PCB corner support, no solder-pad contact"
N3_board_pad_rear_-1_1,chest,silicone,candidate_solid,1,5.5680000000002625,../../revM/manny/parts/N3_board_pad_rear_-1_1.step,"0.5 mm free silicone sheet, nominal 0.4 mm installed; PCB corner support, no solder-pad contact"
N3_lid_M2x25_1_-1,chest,metal,candidate_solid,1,98.68899099259363,../../revM/manny/parts/N3_lid_M2x25_1_-1.step,M2x25 clamps case seam; polymer pads retain board without drilled holes
N3_lid_nut_M2_1_-1,chest,metal,candidate_solid,1,18.95325945960589,../../revM/manny/parts/N3_lid_nut_M2_1_-1.step,M2 nut inserted radially from open side slot
N3_board_pad_front_1_-1,chest,silicone,candidate_solid,1,5.568000000000265,../../revM/manny/parts/N3_board_pad_front_1_-1.step,"0.5 mm free silicone sheet, nominal 0.4 mm installed; PCB corner support, no solder-pad contact"
N3_board_pad_rear_1_-1,chest,silicone,candidate_solid,1,5.568000000000265,../../revM/manny/parts/N3_board_pad_rear_1_-1.step,"0.5 mm free silicone sheet, nominal 0.4 mm installed; PCB corner support, no solder-pad contact"
N3_lid_M2x25_1_1,chest,metal,candidate_solid,1,98.68899099259374,../../revM/manny/parts/N3_lid_M2x25_1_1.step,M2x25 clamps case seam; polymer pads retain board without drilled holes
N3_lid_nut_M2_1_1,chest,metal,candidate_solid,1,18.95325945960588,../../revM/manny/parts/N3_lid_nut_M2_1_1.step,M2 nut inserted radially from open side slot
N3_board_pad_front_1_1,chest,silicone,candidate_solid,1,5.568000000000264,../../revM/manny/parts/N3_board_pad_front_1_1.step,"0.5 mm free silicone sheet, nominal 0.4 mm installed; PCB corner support, no solder-pad contact"
N3_board_pad_rear_1_1,chest,silicone,candidate_solid,1,5.568000000000264,../../revM/manny/parts/N3_board_pad_rear_1_1.step,"0.5 mm free silicone sheet, nominal 0.4 mm installed; PCB corner support, no solder-pad contact"
N3_mount_nut_M3_-1,chest,metal,candidate_solid,1,51.09247186378792,../../revM/manny/parts/N3_mount_nut_M3_-1.step,M3 captive nut installed from inside before PCB
N3_mount_M3x10_-1,chest,metal,candidate_solid,1,133.84172987360972,../../revM/manny/parts/N3_mount_M3x10_-1.step,M3x10 through separate carrier; serviceable from the open torso
N3_mount_nut_M3_1,chest,metal,candidate_solid,1,51.09247186378795,../../revM/manny/parts/N3_mount_nut_M3_1.step,M3 captive nut installed from inside before PCB
N3_mount_M3x10_1,chest,metal,candidate_solid,1,133.84172987360972,../../revM/manny/parts/N3_mount_M3x10_1.step,M3x10 through separate carrier; serviceable from the open torso
N3_case_front,chest,shell,candidate_solid,1,24820.964093063274,../../revM/manny/parts/N3_case_front.step,36 x44 x100 mm printed pod; 1.8 mm walls; removable rear lid; top/bottom wire exits
N3_case_rear,chest,shell,candidate_solid,1,11406.190316442633,../../revM/manny/parts/N3_case_rear.step,Removable lid includes insulated board corner supports; requires all four M2x25 screws
N3_regional_PCBA,chest,pcb_component,purchased_assembly,1,6532.830124394573,../../revM/manny/parts/N3_regional_PCBA.step,Native KiCad assembly plus five conservative body envelopes; no plug geometry included; no internal component-to-component collision inference
pelvis_electronics_frame_M3x16_0,pelvis,metal,candidate_solid,1,176.2532306970719,../../revM/manny/parts/pelvis_electronics_frame_M3x16_0.step,M3x16 from open torso into captured carrier nut; two spaced joints
pelvis_electronics_frame_nut_M3_0,pelvis,metal,candidate_solid,1,51.092471863788134,../../revM/manny/parts/pelvis_electronics_frame_nut_M3_0.step,Insert M3 nut from rear before fitting centre node case
pelvis_electronics_frame_M3x16_1,pelvis,metal,candidate_solid,1,176.25323069707196,../../revM/manny/parts/pelvis_electronics_frame_M3x16_1.step,M3x16 from open torso into captured carrier nut; two spaced joints
pelvis_electronics_frame_nut_M3_1,pelvis,metal,candidate_solid,1,51.09247186378806,../../revM/manny/parts/pelvis_electronics_frame_nut_M3_1.step,Insert M3 nut from rear before fitting centre node case
pelvis_electronics_carrier,pelvis,frame,candidate_solid,1,10025.935783098668,../../revM/manny/parts/pelvis_electronics_carrier.step,Three removable regional nodes on rigid ladder carrier; four PCB clamping screws per pod; all printed below A1 mini envelope
N6_lid_M2x25_-1_-1,pelvis,metal,candidate_solid,1,98.68899099259386,../../revM/manny/parts/N6_lid_M2x25_-1_-1.step,M2x25 clamps case seam; polymer pads retain board without drilled holes
N6_lid_nut_M2_-1_-1,pelvis,metal,candidate_solid,1,18.95325945960554,../../revM/manny/parts/N6_lid_nut_M2_-1_-1.step,M2 nut inserted radially from open side slot
N6_board_pad_front_-1_-1,pelvis,silicone,candidate_solid,1,5.568000000000001,../../revM/manny/parts/N6_board_pad_front_-1_-1.step,"0.5 mm free silicone sheet, nominal 0.4 mm installed; PCB corner support, no solder-pad contact"
N6_board_pad_rear_-1_-1,pelvis,silicone,candidate_solid,1,5.5680000000000005,../../revM/manny/parts/N6_board_pad_rear_-1_-1.step,"0.5 mm free silicone sheet, nominal 0.4 mm installed; PCB corner support, no solder-pad contact"
N6_lid_M2x25_-1_1,pelvis,metal,candidate_solid,1,98.68899099259373,../../revM/manny/parts/N6_lid_M2x25_-1_1.step,M2x25 clamps case seam; polymer pads retain board without drilled holes
N6_lid_nut_M2_-1_1,pelvis,metal,candidate_solid,1,18.953259459605718,../../revM/manny/parts/N6_lid_nut_M2_-1_1.step,M2 nut inserted radially from open side slot
N6_board_pad_front_-1_1,pelvis,silicone,candidate_solid,1,5.568000000000001,../../revM/manny/parts/N6_board_pad_front_-1_1.step,"0.5 mm free silicone sheet, nominal 0.4 mm installed; PCB corner support, no solder-pad contact"
N6_board_pad_rear_-1_1,pelvis,silicone,candidate_solid,1,5.568000000000001,../../revM/manny/parts/N6_board_pad_rear_-1_1.step,"0.5 mm free silicone sheet, nominal 0.4 mm installed; PCB corner support, no solder-pad contact"
N6_lid_M2x25_1_-1,pelvis,metal,candidate_solid,1,98.6889909925939,../../revM/manny/parts/N6_lid_M2x25_1_-1.step,M2x25 clamps case seam; polymer pads retain board without drilled holes
N6_lid_nut_M2_1_-1,pelvis,metal,candidate_solid,1,18.95325945960553,../../revM/manny/parts/N6_lid_nut_M2_1_-1.step,M2 nut inserted radially from open side slot
N6_board_pad_front_1_-1,pelvis,silicone,candidate_solid,1,5.568,../../revM/manny/parts/N6_board_pad_front_1_-1.step,"0.5 mm free silicone sheet, nominal 0.4 mm installed; PCB corner support, no solder-pad contact"
N6_board_pad_rear_1_-1,pelvis,silicone,candidate_solid,1,5.567999999999999,../../revM/manny/parts/N6_board_pad_rear_1_-1.step,"0.5 mm free silicone sheet, nominal 0.4 mm installed; PCB corner support, no solder-pad contact"
N6_lid_M2x25_1_1,pelvis,metal,candidate_solid,1,98.68899099259376,../../revM/manny/parts/N6_lid_M2x25_1_1.step,M2x25 clamps case seam; polymer pads retain board without drilled holes
N6_lid_nut_M2_1_1,pelvis,metal,candidate_solid,1,18.953259459605704,../../revM/manny/parts/N6_lid_nut_M2_1_1.step,M2 nut inserted radially from open side slot
N6_board_pad_front_1_1,pelvis,silicone,candidate_solid,1,5.568,../../revM/manny/parts/N6_board_pad_front_1_1.step,"0.5 mm free silicone sheet, nominal 0.4 mm installed; PCB corner support, no solder-pad contact"
N6_board_pad_rear_1_1,pelvis,silicone,candidate_solid,1,5.567999999999999,../../revM/manny/parts/N6_board_pad_rear_1_1.step,"0.5 mm free silicone sheet, nominal 0.4 mm installed; PCB corner support, no solder-pad contact"
N6_mount_nut_M3_-1,pelvis,metal,candidate_solid,1,51.0924718637887,../../revM/manny/parts/N6_mount_nut_M3_-1.step,M3 captive nut installed from inside before PCB
N6_mount_M3x10_-1,pelvis,metal,candidate_solid,1,133.84172987360972,../../revM/manny/parts/N6_mount_M3x10_-1.step,M3x10 through separate carrier; serviceable from the open torso
N6_mount_nut_M3_1,pelvis,metal,candidate_solid,1,51.092471863788674,../../revM/manny/parts/N6_mount_nut_M3_1.step,M3 captive nut installed from inside before PCB
N6_mount_M3x10_1,pelvis,metal,candidate_solid,1,133.84172987360975,../../revM/manny/parts/N6_mount_M3x10_1.step,M3x10 through separate carrier; serviceable from the open torso
N6_case_front,pelvis,shell,candidate_solid,1,24820.964093063296,../../revM/manny/parts/N6_case_front.step,36 x44 x100 mm printed pod; 1.8 mm walls; removable rear lid; top/bottom wire exits
N6_case_rear,pelvis,shell,candidate_solid,1,11406.190316442637,../../revM/manny/parts/N6_case_rear.step,Removable lid includes insulated board corner supports; requires all four M2x25 screws
N6_regional_PCBA,pelvis,pcb_component,purchased_assembly,1,6532.830124394572,../../revM/manny/parts/N6_regional_PCBA.step,Native KiCad assembly plus five conservative body envelopes; no plug geometry included; no internal component-to-component collision inference
N1_lid_M2x25_-1_-1,pelvis,metal,candidate_solid,1,98.6889909925939,../../revM/manny/parts/N1_lid_M2x25_-1_-1.step,M2x25 clamps case seam; polymer pads retain board without drilled holes
N1_lid_nut_M2_-1_-1,pelvis,metal,candidate_solid,1,18.953259459605533,../../revM/manny/parts/N1_lid_nut_M2_-1_-1.step,M2 nut inserted radially from open side slot
N1_board_pad_front_-1_-1,pelvis,silicone,candidate_solid,1,5.568,../../revM/manny/parts/N1_board_pad_front_-1_-1.step,"0.5 mm free silicone sheet, nominal 0.4 mm installed; PCB corner support, no solder-pad contact"
N1_board_pad_rear_-1_-1,pelvis,silicone,candidate_solid,1,5.567999999999999,../../revM/manny/parts/N1_board_pad_rear_-1_-1.step,"0.5 mm free silicone sheet, nominal 0.4 mm installed; PCB corner support, no solder-pad contact"
N1_lid_M2x25_-1_1,pelvis,metal,candidate_solid,1,98.68899099259376,../../revM/manny/parts/N1_lid_M2x25_-1_1.step,M2x25 clamps case seam; polymer pads retain board without drilled holes
N1_lid_nut_M2_-1_1,pelvis,metal,candidate_solid,1,18.953259459605704,../../revM/manny/parts/N1_lid_nut_M2_-1_1.step,M2 nut inserted radially from open side slot
N1_board_pad_front_-1_1,pelvis,silicone,candidate_solid,1,5.568,../../revM/manny/parts/N1_board_pad_front_-1_1.step,"0.5 mm free silicone sheet, nominal 0.4 mm installed; PCB corner support, no solder-pad contact"
N1_board_pad_rear_-1_1,pelvis,silicone,candidate_solid,1,5.568,../../revM/manny/parts/N1_board_pad_rear_-1_1.step,"0.5 mm free silicone sheet, nominal 0.4 mm installed; PCB corner support, no solder-pad contact"
N1_lid_M2x25_1_-1,pelvis,metal,candidate_solid,1,98.6889909925939,../../revM/manny/parts/N1_lid_M2x25_1_-1.step,M2x25 clamps case seam; polymer pads retain board without drilled holes
N1_lid_nut_M2_1_-1,pelvis,metal,candidate_solid,1,18.95325945960553,../../revM/manny/parts/N1_lid_nut_M2_1_-1.step,M2 nut inserted radially from open side slot
N1_board_pad_front_1_-1,pelvis,silicone,candidate_solid,1,5.568,../../revM/manny/parts/N1_board_pad_front_1_-1.step,"0.5 mm free silicone sheet, nominal 0.4 mm installed; PCB corner support, no solder-pad contact"
N1_board_pad_rear_1_-1,pelvis,silicone,candidate_solid,1,5.567999999999999,../../revM/manny/parts/N1_board_pad_rear_1_-1.step,"0.5 mm free silicone sheet, nominal 0.4 mm installed; PCB corner support, no solder-pad contact"
N1_lid_M2x25_1_1,pelvis,metal,candidate_solid,1,98.68899099259376,../../revM/manny/parts/N1_lid_M2x25_1_1.step,M2x25 clamps case seam; polymer pads retain board without drilled holes
N1_lid_nut_M2_1_1,pelvis,metal,candidate_solid,1,18.953259459605704,../../revM/manny/parts/N1_lid_nut_M2_1_1.step,M2 nut inserted radially from open side slot
N1_board_pad_front_1_1,pelvis,silicone,candidate_solid,1,5.568,../../revM/manny/parts/N1_board_pad_front_1_1.step,"0.5 mm free silicone sheet, nominal 0.4 mm installed; PCB corner support, no solder-pad contact"
N1_board_pad_rear_1_1,pelvis,silicone,candidate_solid,1,5.568,../../revM/manny/parts/N1_board_pad_rear_1_1.step,"0.5 mm free silicone sheet, nominal 0.4 mm installed; PCB corner support, no solder-pad contact"
N1_mount_nut_M3_-1,pelvis,metal,candidate_solid,1,51.0924718637887,../../revM/manny/parts/N1_mount_nut_M3_-1.step,M3 captive nut installed from inside before PCB
N1_mount_M3x10_-1,pelvis,metal,candidate_solid,1,133.8417298736097,../../revM/manny/parts/N1_mount_M3x10_-1.step,M3x10 through separate carrier; serviceable from the open torso
N1_mount_nut_M3_1,pelvis,metal,candidate_solid,1,51.09247186378868,../../revM/manny/parts/N1_mount_nut_M3_1.step,M3 captive nut installed from inside before PCB
N1_mount_M3x10_1,pelvis,metal,candidate_solid,1,133.84172987360972,../../revM/manny/parts/N1_mount_M3x10_1.step,M3x10 through separate carrier; serviceable from the open torso
N1_case_front,pelvis,shell,candidate_solid,1,24820.964093063296,../../revM/manny/parts/N1_case_front.step,36 x44 x100 mm printed pod; 1.8 mm walls; removable rear lid; top/bottom wire exits
N1_case_rear,pelvis,shell,candidate_solid,1,20506.55186532525,../../revM/manny/parts/N1_case_rear.step,"Removable lid includes insulated board corner supports; requires all four M2x25 screws; integrated protected rear power compartment, four PCB posts and supported downward DC jack"
N1_regional_PCBA,pelvis,pcb_component,purchased_assembly,1,6532.830124394567,../../revM/manny/parts/N1_regional_PCBA.step,Native KiCad assembly plus five conservative body envelopes; no plug geometry included; no internal component-to-component collision inference
N5_lid_M2x25_-1_-1,pelvis,metal,candidate_solid,1,98.6889909925939,../../revM/manny/parts/N5_lid_M2x25_-1_-1.step,M2x25 clamps case seam; polymer pads retain board without drilled holes
N5_lid_nut_M2_-1_-1,pelvis,metal,candidate_solid,1,18.95325945960553,../../revM/manny/parts/N5_lid_nut_M2_-1_-1.step,M2 nut inserted radially from open side slot
N5_board_pad_front_-1_-1,pelvis,silicone,candidate_solid,1,5.568,../../revM/manny/parts/N5_board_pad_front_-1_-1.step,"0.5 mm free silicone sheet, nominal 0.4 mm installed; PCB corner support, no solder-pad contact"
N5_board_pad_rear_-1_-1,pelvis,silicone,candidate_solid,1,5.567999999999999,../../revM/manny/parts/N5_board_pad_rear_-1_-1.step,"0.5 mm free silicone sheet, nominal 0.4 mm installed; PCB corner support, no solder-pad contact"
N5_lid_M2x25_-1_1,pelvis,metal,candidate_solid,1,98.68899099259376,../../revM/manny/parts/N5_lid_M2x25_-1_1.step,M2x25 clamps case seam; polymer pads retain board without drilled holes
N5_lid_nut_M2_-1_1,pelvis,metal,candidate_solid,1,18.953259459605704,../../revM/manny/parts/N5_lid_nut_M2_-1_1.step,M2 nut inserted radially from open side slot
N5_board_pad_front_-1_1,pelvis,silicone,candidate_solid,1,5.568,../../revM/manny/parts/N5_board_pad_front_-1_1.step,"0.5 mm free silicone sheet, nominal 0.4 mm installed; PCB corner support, no solder-pad contact"
N5_board_pad_rear_-1_1,pelvis,silicone,candidate_solid,1,5.567999999999999,../../revM/manny/parts/N5_board_pad_rear_-1_1.step,"0.5 mm free silicone sheet, nominal 0.4 mm installed; PCB corner support, no solder-pad contact"
N5_lid_M2x25_1_-1,pelvis,metal,candidate_solid,1,98.68899099259386,../../revM/manny/parts/N5_lid_M2x25_1_-1.step,M2x25 clamps case seam; polymer pads retain board without drilled holes
N5_lid_nut_M2_1_-1,pelvis,metal,candidate_solid,1,18.95325945960554,../../revM/manny/parts/N5_lid_nut_M2_1_-1.step,M2 nut inserted radially from open side slot
N5_board_pad_front_1_-1,pelvis,silicone,candidate_solid,1,5.568000000000001,../../revM/manny/parts/N5_board_pad_front_1_-1.step,"0.5 mm free silicone sheet, nominal 0.4 mm installed; PCB corner support, no solder-pad contact"
N5_board_pad_rear_1_-1,pelvis,silicone,candidate_solid,1,5.568000000000001,../../revM/manny/parts/N5_board_pad_rear_1_-1.step,"0.5 mm free silicone sheet, nominal 0.4 mm installed; PCB corner support, no solder-pad contact"
N5_lid_M2x25_1_1,pelvis,metal,candidate_solid,1,98.68899099259373,../../revM/manny/parts/N5_lid_M2x25_1_1.step,M2x25 clamps case seam; polymer pads retain board without drilled holes
N5_lid_nut_M2_1_1,pelvis,metal,candidate_solid,1,18.95325945960571,../../revM/manny/parts/N5_lid_nut_M2_1_1.step,M2 nut inserted radially from open side slot
N5_board_pad_front_1_1,pelvis,silicone,candidate_solid,1,5.568000000000001,../../revM/manny/parts/N5_board_pad_front_1_1.step,"0.5 mm free silicone sheet, nominal 0.4 mm installed; PCB corner support, no solder-pad contact"
N5_board_pad_rear_1_1,pelvis,silicone,candidate_solid,1,5.568000000000001,../../revM/manny/parts/N5_board_pad_rear_1_1.step,"0.5 mm free silicone sheet, nominal 0.4 mm installed; PCB corner support, no solder-pad contact"
N5_mount_nut_M3_-1,pelvis,metal,candidate_solid,1,51.0924718637887,../../revM/manny/parts/N5_mount_nut_M3_-1.step,M3 captive nut installed from inside before PCB
N5_mount_M3x10_-1,pelvis,metal,candidate_solid,1,133.84172987360972,../../revM/manny/parts/N5_mount_M3x10_-1.step,M3x10 through separate carrier; serviceable from the open torso
N5_mount_nut_M3_1,pelvis,metal,candidate_solid,1,51.092471863788674,../../revM/manny/parts/N5_mount_nut_M3_1.step,M3 captive nut installed from inside before PCB
N5_mount_M3x10_1,pelvis,metal,candidate_solid,1,133.84172987360975,../../revM/manny/parts/N5_mount_M3x10_1.step,M3x10 through separate carrier; serviceable from the open torso
N5_case_front,pelvis,shell,candidate_solid,1,24820.96409306328,../../revM/manny/parts/N5_case_front.step,36 x44 x100 mm printed pod; 1.8 mm walls; removable rear lid; top/bottom wire exits
N5_case_rear,pelvis,shell,candidate_solid,1,11406.190316442637,../../revM/manny/parts/N5_case_rear.step,Removable lid includes insulated board corner supports; requires all four M2x25 screws
N5_regional_PCBA,pelvis,pcb_component,purchased_assembly,1,6532.830124394569,../../revM/manny/parts/N5_regional_PCBA.step,Native KiCad assembly plus five conservative body envelopes; no plug geometry included; no internal component-to-component collision inference
POWER_case_rear,pelvis,shell,candidate_solid,1,10270.788647530037,../../revM/manny/parts/POWER_case_rear.step,Removable 1.8 mm wall rear cover; four M2x10 fasteners; top branch-cable exit; DC plug enters from below; 3 mm direct-view opening for the green power indicator
POWER_PCB_washer_-17.0_-38.0,pelvis,nylon,candidate_solid,1,7.916813487046282,../../revM/manny/parts/POWER_PCB_washer_-17.0_-38.0.step,"M2 nylon flat washer, 5 OD x2.2 ID x0.5; isolates screw head from board"
POWER_PCB_M2x8_-17.0_-38.0,pelvis,metal,candidate_solid,1,45.281915881567244,../../revM/manny/parts/POWER_PCB_M2x8_-17.0_-38.0.step,M2x8 into captive nut; remove power before servicing
POWER_PCB_nut_-17.0_-38.0,pelvis,metal,candidate_solid,1,18.953259459605544,../../revM/manny/parts/POWER_PCB_nut_-17.0_-38.0.step,M2 captive nut inserted from inner radial opening before fitting PCB
POWER_PCB_washer_-17.0_17.0,pelvis,nylon,candidate_solid,1,7.916813487046283,../../revM/manny/parts/POWER_PCB_washer_-17.0_17.0.step,"M2 nylon flat washer, 5 OD x2.2 ID x0.5; isolates screw head from board"
POWER_PCB_M2x8_-17.0_17.0,pelvis,metal,candidate_solid,1,45.28191588156724,../../revM/manny/parts/POWER_PCB_M2x8_-17.0_17.0.step,M2x8 into captive nut; remove power before servicing
POWER_PCB_nut_-17.0_17.0,pelvis,metal,candidate_solid,1,18.953259459605533,../../revM/manny/parts/POWER_PCB_nut_-17.0_17.0.step,M2 captive nut inserted from inner radial opening before fitting PCB
POWER_PCB_washer_17.0_-38.0,pelvis,nylon,candidate_solid,1,7.916813487046282,../../revM/manny/parts/POWER_PCB_washer_17.0_-38.0.step,"M2 nylon flat washer, 5 OD x2.2 ID x0.5; isolates screw head from board"
POWER_PCB_M2x8_17.0_-38.0,pelvis,metal,candidate_solid,1,45.281915881567244,../../revM/manny/parts/POWER_PCB_M2x8_17.0_-38.0.step,M2x8 into captive nut; remove power before servicing
POWER_PCB_nut_17.0_-38.0,pelvis,metal,candidate_solid,1,18.95325945960554,../../revM/manny/parts/POWER_PCB_nut_17.0_-38.0.step,M2 captive nut inserted from inner radial opening before fitting PCB
POWER_PCB_washer_17.0_17.0,pelvis,nylon,candidate_solid,1,7.916813487046283,../../revM/manny/parts/POWER_PCB_washer_17.0_17.0.step,"M2 nylon flat washer, 5 OD x2.2 ID x0.5; isolates screw head from board"
POWER_PCB_M2x8_17.0_17.0,pelvis,metal,candidate_solid,1,45.28191588156724,../../revM/manny/parts/POWER_PCB_M2x8_17.0_17.0.step,M2x8 into captive nut; remove power before servicing
POWER_PCB_nut_17.0_17.0,pelvis,metal,candidate_solid,1,18.95325945960553,../../revM/manny/parts/POWER_PCB_nut_17.0_17.0.step,M2 captive nut inserted from inner radial opening before fitting PCB
POWER_cover_M2x10_-1_-1,pelvis,metal,candidate_solid,1,51.56510118874684,../../revM/manny/parts/POWER_cover_M2x10_-1_-1.step,M2x10 removable power cover screw
POWER_cover_nut_-1_-1,pelvis,metal,candidate_solid,1,18.95325945960553,../../revM/manny/parts/POWER_cover_nut_-1_-1.step,M2 captive nut inserted from outside before fitting rear cover
POWER_cover_M2x10_-1_1,pelvis,metal,candidate_solid,1,51.56510118874682,../../revM/manny/parts/POWER_cover_M2x10_-1_1.step,M2x10 removable power cover screw
POWER_cover_nut_-1_1,pelvis,metal,candidate_solid,1,18.9532594596057,../../revM/manny/parts/POWER_cover_nut_-1_1.step,M2 captive nut inserted from outside before fitting rear cover
POWER_cover_M2x10_1_-1,pelvis,metal,candidate_solid,1,51.56510118874684,../../revM/manny/parts/POWER_cover_M2x10_1_-1.step,M2x10 removable power cover screw
POWER_cover_nut_1_-1,pelvis,metal,candidate_solid,1,18.95325945960553,../../revM/manny/parts/POWER_cover_nut_1_-1.step,M2 captive nut inserted from outside before fitting rear cover
POWER_cover_M2x10_1_1,pelvis,metal,candidate_solid,1,51.56510118874682,../../revM/manny/parts/POWER_cover_M2x10_1_1.step,M2x10 removable power cover screw
POWER_cover_nut_1_1,pelvis,metal,candidate_solid,1,18.95325945960571,../../revM/manny/parts/POWER_cover_nut_1_1.step,M2 captive nut inserted from outside before fitting rear cover
POWER_PCBA,pelvis,pcb_component,purchased_assembly,1,6649.178379671803,../../revM/manny/parts/POWER_PCBA.step,"Native KiCad power board plus jack, terminal and F0 maximum-body allocations; bought assembly, internal overlaps intentional"
WIRE_upperarm_l_saddle,upperarm_l,frame,candidate_solid,1,109.1950407574988,../../revM/manny/parts/WIRE_upperarm_l_saddle.step,"4.8 mm open wire saddle, .4 mm installed silicone pad, 2.5 mm PA66 cable tie; no rotating shaft contact"
WIRE_upperarm_l_pad,upperarm_l,silicone,candidate_solid,1,14.399999999999796,../../revM/manny/parts/WIRE_upperarm_l_pad.step,"4.8 mm open wire saddle, .4 mm installed silicone pad, 2.5 mm PA66 cable tie; no rotating shaft contact"
WIRE_upperarm_l_strap,upperarm_l,nylon,candidate_solid,1,99.94149509655564,../../revM/manny/parts/WIRE_upperarm_l_strap.step,"4.8 mm open wire saddle, .4 mm installed silicone pad, 2.5 mm PA66 cable tie; no rotating shaft contact"
WIRE_forearm_l_saddle,forearm_l,frame,candidate_solid,1,109.19504075749893,../../revM/manny/parts/WIRE_forearm_l_saddle.step,"4.8 mm open wire saddle, .4 mm installed silicone pad, 2.5 mm PA66 cable tie; no rotating shaft contact"
WIRE_forearm_l_pad,forearm_l,silicone,candidate_solid,1,14.400000000000137,../../revM/manny/parts/WIRE_forearm_l_pad.step,"4.8 mm open wire saddle, .4 mm installed silicone pad, 2.5 mm PA66 cable tie; no rotating shaft contact"
WIRE_forearm_l_strap,forearm_l,nylon,candidate_solid,1,70.04149509655521,../../revM/manny/parts/WIRE_forearm_l_strap.step,"4.8 mm open wire saddle, .4 mm installed silicone pad, 2.5 mm PA66 cable tie; no rotating shaft contact"
WIRE_thigh_l_saddle,thigh_l,frame,candidate_solid,1,109.19504075749862,../../revM/manny/parts/WIRE_thigh_l_saddle.step,"4.8 mm open wire saddle, .4 mm installed silicone pad, 2.5 mm PA66 cable tie; no rotating shaft contact"
WIRE_thigh_l_pad,thigh_l,silicone,candidate_solid,1,14.399999999999967,../../revM/manny/parts/WIRE_thigh_l_pad.step,"4.8 mm open wire saddle, .4 mm installed silicone pad, 2.5 mm PA66 cable tie; no rotating shaft contact"
WIRE_thigh_l_strap,thigh_l,nylon,candidate_solid,1,99.94149509655529,../../revM/manny/parts/WIRE_thigh_l_strap.step,"4.8 mm open wire saddle, .4 mm installed silicone pad, 2.5 mm PA66 cable tie; no rotating shaft contact"
WIRE_calf_l_saddle,calf_l,frame,candidate_solid,1,109.19504075749859,../../revM/manny/parts/WIRE_calf_l_saddle.step,"4.8 mm open wire saddle, .4 mm installed silicone pad, 2.5 mm PA66 cable tie; no rotating shaft contact"
WIRE_calf_l_pad,calf_l,silicone,candidate_solid,1,14.399999999999967,../../revM/manny/parts/WIRE_calf_l_pad.step,"4.8 mm open wire saddle, .4 mm installed silicone pad, 2.5 mm PA66 cable tie; no rotating shaft contact"
WIRE_calf_l_strap,calf_l,nylon,candidate_solid,1,99.94149509655661,../../revM/manny/parts/WIRE_calf_l_strap.step,"4.8 mm open wire saddle, .4 mm installed silicone pad, 2.5 mm PA66 cable tie; no rotating shaft contact"
WIRE_upperarm_r_saddle,upperarm_r,frame,candidate_solid,1,109.19504075749879,../../revM/manny/parts/WIRE_upperarm_r_saddle.step,"4.8 mm open wire saddle, .4 mm installed silicone pad, 2.5 mm PA66 cable tie; no rotating shaft contact"
WIRE_upperarm_r_pad,upperarm_r,silicone,candidate_solid,1,14.399999999999796,../../revM/manny/parts/WIRE_upperarm_r_pad.step,"4.8 mm open wire saddle, .4 mm installed silicone pad, 2.5 mm PA66 cable tie; no rotating shaft contact"
WIRE_upperarm_r_strap,upperarm_r,nylon,candidate_solid,1,99.94149509655624,../../revM/manny/parts/WIRE_upperarm_r_strap.step,"4.8 mm open wire saddle, .4 mm installed silicone pad, 2.5 mm PA66 cable tie; no rotating shaft contact"
WIRE_forearm_r_saddle,forearm_r,frame,candidate_solid,1,109.19504075749893,../../revM/manny/parts/WIRE_forearm_r_saddle.step,"4.8 mm open wire saddle, .4 mm installed silicone pad, 2.5 mm PA66 cable tie; no rotating shaft contact"
WIRE_forearm_r_pad,forearm_r,silicone,candidate_solid,1,14.400000000000137,../../revM/manny/parts/WIRE_forearm_r_pad.step,"4.8 mm open wire saddle, .4 mm installed silicone pad, 2.5 mm PA66 cable tie; no rotating shaft contact"
WIRE_forearm_r_strap,forearm_r,nylon,candidate_solid,1,70.04149509655545,../../revM/manny/parts/WIRE_forearm_r_strap.step,"4.8 mm open wire saddle, .4 mm installed silicone pad, 2.5 mm PA66 cable tie; no rotating shaft contact"
WIRE_thigh_r_saddle,thigh_r,frame,candidate_solid,1,109.19504075749862,../../revM/manny/parts/WIRE_thigh_r_saddle.step,"4.8 mm open wire saddle, .4 mm installed silicone pad, 2.5 mm PA66 cable tie; no rotating shaft contact"
WIRE_thigh_r_pad,thigh_r,silicone,candidate_solid,1,14.399999999999967,../../revM/manny/parts/WIRE_thigh_r_pad.step,"4.8 mm open wire saddle, .4 mm installed silicone pad, 2.5 mm PA66 cable tie; no rotating shaft contact"
WIRE_thigh_r_strap,thigh_r,nylon,candidate_solid,1,99.94149509655539,../../revM/manny/parts/WIRE_thigh_r_strap.step,"4.8 mm open wire saddle, .4 mm installed silicone pad, 2.5 mm PA66 cable tie; no rotating shaft contact"
WIRE_calf_r_saddle,calf_r,frame,candidate_solid,1,109.1950407574986,../../revM/manny/parts/WIRE_calf_r_saddle.step,"4.8 mm open wire saddle, .4 mm installed silicone pad, 2.5 mm PA66 cable tie; no rotating shaft contact"
WIRE_calf_r_pad,calf_r,silicone,candidate_solid,1,14.399999999999967,../../revM/manny/parts/WIRE_calf_r_pad.step,"4.8 mm open wire saddle, .4 mm installed silicone pad, 2.5 mm PA66 cable tie; no rotating shaft contact"
WIRE_calf_r_strap,calf_r,nylon,candidate_solid,1,99.94149509655752,../../revM/manny/parts/WIRE_calf_r_strap.step,"4.8 mm open wire saddle, .4 mm installed silicone pad, 2.5 mm PA66 cable tie; no rotating shaft contact"
upperarm_l_cover_M2x20_0,upperarm_l,metal,candidate_solid,1,82.98102772464475,../../revM/manny/parts/upperarm_l_cover_M2x20_0.step,M2x20 socket screw; straight front access; cover attachment only
upperarm_l_cover_nut_M2_0,upperarm_l,metal,candidate_solid,1,18.95325945960565,../../revM/manny/parts/upperarm_l_cover_nut_M2_0.step,M2 regular nut in AF4.2 rear cover pocket; install before cover closure
upperarm_l_cover_M2x20_1,upperarm_l,metal,candidate_solid,1,82.98102772464479,../../revM/manny/parts/upperarm_l_cover_M2x20_1.step,M2x20 socket screw; straight front access; cover attachment only
upperarm_l_cover_nut_M2_1,upperarm_l,metal,candidate_solid,1,18.953259459605654,../../revM/manny/parts/upperarm_l_cover_nut_M2_1.step,M2 regular nut in AF4.2 rear cover pocket; install before cover closure
forearm_l_cover_M2x20_0,forearm_l,metal,candidate_solid,1,82.98102772464475,../../revM/manny/parts/forearm_l_cover_M2x20_0.step,M2x20 socket screw; straight front access; cover attachment only
forearm_l_cover_nut_M2_0,forearm_l,metal,candidate_solid,1,18.953259459605647,../../revM/manny/parts/forearm_l_cover_nut_M2_0.step,M2 regular nut in AF4.2 rear cover pocket; install before cover closure
upperarm_r_cover_M2x20_0,upperarm_r,metal,candidate_solid,1,82.98102772464475,../../revM/manny/parts/upperarm_r_cover_M2x20_0.step,M2x20 socket screw; straight front access; cover attachment only
upperarm_r_cover_nut_M2_0,upperarm_r,metal,candidate_solid,1,18.95325945960562,../../revM/manny/parts/upperarm_r_cover_nut_M2_0.step,M2 regular nut in AF4.2 rear cover pocket; install before cover closure
upperarm_r_cover_M2x20_1,upperarm_r,metal,candidate_solid,1,82.98102772464479,../../revM/manny/parts/upperarm_r_cover_M2x20_1.step,M2x20 socket screw; straight front access; cover attachment only
upperarm_r_cover_nut_M2_1,upperarm_r,metal,candidate_solid,1,18.953259459605622,../../revM/manny/parts/upperarm_r_cover_nut_M2_1.step,M2 regular nut in AF4.2 rear cover pocket; install before cover closure
forearm_r_cover_M2x20_0,forearm_r,metal,candidate_solid,1,82.98102772464475,../../revM/manny/parts/forearm_r_cover_M2x20_0.step,M2x20 socket screw; straight front access; cover attachment only
forearm_r_cover_nut_M2_0,forearm_r,metal,candidate_solid,1,18.95325945960562,../../revM/manny/parts/forearm_r_cover_nut_M2_0.step,M2 regular nut in AF4.2 rear cover pocket; install before cover closure
