ISO-10303-21;
HEADER;
FILE_DESCRIPTION(('KiCad electronic assembly'),'2;1');
FILE_NAME('power_assembly_work.step','2026-09-23T08:58:38',('Pcbnew'),(
    'Kicad'),'Open CASCADE STEP processor 7.9','KiCad to STEP converter'
  ,'Unknown');
FILE_SCHEMA(('AUTOMOTIVE_DESIGN { 1 0 10303 214 1 1 1 1 }'));
ENDSEC;
DATA;
#1 = APPLICATION_PROTOCOL_DEFINITION('international standard',
  'automotive_design',2000,#2);
#2 = APPLICATION_CONTEXT(
  'core data for automotive mechanical design processes');
#3 = SHAPE_DEFINITION_REPRESENTATION(#4,#10);
#4 = PRODUCT_DEFINITION_SHAPE('','',#5);
#5 = PRODUCT_DEFINITION('design','',#6,#9);
#6 = PRODUCT_DEFINITION_FORMATION('','',#7);
#7 = PRODUCT('power_assembly_work 1','power_assembly_work 1','',(#8));
#8 = PRODUCT_CONTEXT('',#2,'mechanical');
#9 = PRODUCT_DEFINITION_CONTEXT('part definition',#2,'design');
#10 = SHAPE_REPRESENTATION('',(#11,#15,#19,#23,#27,#31,#35,#39,#43,#47,
    #51,#55,#59,#63,#67,#71,#75,#79,#83),#87);
#11 = AXIS2_PLACEMENT_3D('',#12,#13,#14);
#12 = CARTESIAN_POINT('',(0.,0.,0.));
#13 = DIRECTION('',(0.,0.,1.));
#14 = DIRECTION('',(1.,0.,-0.));
#15 = AXIS2_PLACEMENT_3D('',#16,#17,#18);
#16 = CARTESIAN_POINT('',(-14.,25.,1.595));
#17 = DIRECTION('',(0.,0.,1.));
#18 = DIRECTION('',(1.,0.,0.));
#19 = AXIS2_PLACEMENT_3D('',#20,#21,#22);
#20 = CARTESIAN_POINT('',(-5.,25.,1.595));
#21 = DIRECTION('',(0.,0.,1.));
#22 = DIRECTION('',(1.,0.,0.));
#23 = AXIS2_PLACEMENT_3D('',#24,#25,#26);
#24 = CARTESIAN_POINT('',(12.,-5.,1.595));
#25 = DIRECTION('',(0.,0.,1.));
#26 = DIRECTION('',(1.,0.,0.));
#27 = AXIS2_PLACEMENT_3D('',#28,#29,#30);
#28 = CARTESIAN_POINT('',(5.,-5.,1.595));
#29 = DIRECTION('',(0.,0.,1.));
#30 = DIRECTION('',(1.,0.,0.));
#31 = AXIS2_PLACEMENT_3D('',#32,#33,#34);
#32 = CARTESIAN_POINT('',(5.,10.,1.595));
#33 = DIRECTION('',(0.,0.,1.));
#34 = DIRECTION('',(1.,0.,0.));
#35 = AXIS2_PLACEMENT_3D('',#36,#37,#38);
#36 = CARTESIAN_POINT('',(0.,-15.,1.595));
#37 = DIRECTION('',(0.,0.,1.));
#38 = DIRECTION('',(1.,0.,0.));
#39 = AXIS2_PLACEMENT_3D('',#40,#41,#42);
#40 = CARTESIAN_POINT('',(5.,25.,1.595));
#41 = DIRECTION('',(0.,0.,1.));
#42 = DIRECTION('',(1.,0.,0.));
#43 = AXIS2_PLACEMENT_3D('',#44,#45,#46);
#44 = CARTESIAN_POINT('',(-5.,-5.,1.595));
#45 = DIRECTION('',(0.,0.,1.));
#46 = DIRECTION('',(1.,0.,0.));
#47 = AXIS2_PLACEMENT_3D('',#48,#49,#50);
#48 = CARTESIAN_POINT('',(12.,10.,1.595));
#49 = DIRECTION('',(0.,0.,1.));
#50 = DIRECTION('',(1.,0.,0.));
#51 = AXIS2_PLACEMENT_3D('',#52,#53,#54);
#52 = CARTESIAN_POINT('',(12.,25.,1.595));
#53 = DIRECTION('',(0.,0.,1.));
#54 = DIRECTION('',(1.,0.,0.));
#55 = AXIS2_PLACEMENT_3D('',#56,#57,#58);
#56 = CARTESIAN_POINT('',(-5.,10.,1.595));
#57 = DIRECTION('',(0.,0.,1.));
#58 = DIRECTION('',(1.,0.,0.));
#59 = AXIS2_PLACEMENT_3D('',#60,#61,#62);
#60 = CARTESIAN_POINT('',(-14.,10.,1.595));
#61 = DIRECTION('',(0.,0.,1.));
#62 = DIRECTION('',(1.,0.,0.));
#63 = AXIS2_PLACEMENT_3D('',#64,#65,#66);
#64 = CARTESIAN_POINT('',(-8.,-18.,1.595));
#65 = DIRECTION('',(0.,0.,1.));
#66 = DIRECTION('',(-1.,1.224646799147E-16,0.));
#67 = AXIS2_PLACEMENT_3D('',#68,#69,#70);
#68 = CARTESIAN_POINT('',(12.,-31.,1.595));
#69 = DIRECTION('',(0.,0.,1.));
#70 = DIRECTION('',(1.,0.,0.));
#71 = AXIS2_PLACEMENT_3D('',#72,#73,#74);
#72 = CARTESIAN_POINT('',(-14.,-5.,1.595));
#73 = DIRECTION('',(0.,0.,1.));
#74 = DIRECTION('',(1.,0.,0.));
#75 = AXIS2_PLACEMENT_3D('',#76,#77,#78);
#76 = CARTESIAN_POINT('',(-10.,-26.,1.595));
#77 = DIRECTION('',(0.,0.,1.));
#78 = DIRECTION('',(1.,0.,0.));
#79 = AXIS2_PLACEMENT_3D('',#80,#81,#82);
#80 = CARTESIAN_POINT('',(12.,-28.,1.595));
#81 = DIRECTION('',(0.,0.,1.));
#82 = DIRECTION('',(1.,0.,0.));
#83 = AXIS2_PLACEMENT_3D('',#84,#85,#86);
#84 = CARTESIAN_POINT('',(0.,0.,0.));
#85 = DIRECTION('',(0.,0.,1.));
#86 = DIRECTION('',(1.,0.,-0.));
#87 = ( GEOMETRIC_REPRESENTATION_CONTEXT(3) 
GLOBAL_UNCERTAINTY_ASSIGNED_CONTEXT((#91)) GLOBAL_UNIT_ASSIGNED_CONTEXT(
(#88,#89,#90)) REPRESENTATION_CONTEXT('Context #1',
  '3D Context with UNIT and UNCERTAINTY') );
#88 = ( LENGTH_UNIT() NAMED_UNIT(*) SI_UNIT(.MILLI.,.METRE.) );
#89 = ( NAMED_UNIT(*) PLANE_ANGLE_UNIT() SI_UNIT($,.RADIAN.) );
#90 = ( NAMED_UNIT(*) SI_UNIT($,.STERADIAN.) SOLID_ANGLE_UNIT() );
#91 = UNCERTAINTY_MEASURE_WITH_UNIT(LENGTH_MEASURE(1.E-07),#88,
  'distance_accuracy_value','confusion accuracy');
#92 = PRODUCT_RELATED_PRODUCT_CATEGORY('part',$,(#7));
#93 = SHAPE_DEFINITION_REPRESENTATION(#94,#100);
#94 = PRODUCT_DEFINITION_SHAPE('','',#95);
#95 = PRODUCT_DEFINITION('design','',#96,#99);
#96 = PRODUCT_DEFINITION_FORMATION('','',#97);
#97 = PRODUCT('JST_PH_B2B-PH-K_1x02_P2.00mm_Vertical',
  'JST_PH_B2B-PH-K_1x02_P2.00mm_Vertical','',(#98));
#98 = PRODUCT_CONTEXT('',#2,'mechanical');
#99 = PRODUCT_DEFINITION_CONTEXT('part definition',#2,'design');
#100 = SHAPE_REPRESENTATION('',(#11,#101),#105);
#101 = AXIS2_PLACEMENT_3D('',#102,#103,#104);
#102 = CARTESIAN_POINT('',(0.,0.,0.));
#103 = DIRECTION('',(0.,0.,1.));
#104 = DIRECTION('',(1.,0.,-0.));
#105 = ( GEOMETRIC_REPRESENTATION_CONTEXT(3) 
GLOBAL_UNCERTAINTY_ASSIGNED_CONTEXT((#109)) GLOBAL_UNIT_ASSIGNED_CONTEXT
((#106,#107,#108)) REPRESENTATION_CONTEXT('Context #1',
  '3D Context with UNIT and UNCERTAINTY') );
#106 = ( LENGTH_UNIT() NAMED_UNIT(*) SI_UNIT(.MILLI.,.METRE.) );
#107 = ( NAMED_UNIT(*) PLANE_ANGLE_UNIT() SI_UNIT($,.RADIAN.) );
#108 = ( NAMED_UNIT(*) SI_UNIT($,.STERADIAN.) SOLID_ANGLE_UNIT() );
#109 = UNCERTAINTY_MEASURE_WITH_UNIT(LENGTH_MEASURE(1.E-07),#106,
  'distance_accuracy_value','confusion accuracy');
#110 = CONTEXT_DEPENDENT_SHAPE_REPRESENTATION(#111,#113);
#111 = ( REPRESENTATION_RELATIONSHIP('','',#100,#10) 
REPRESENTATION_RELATIONSHIP_WITH_TRANSFORMATION(#112) 
SHAPE_REPRESENTATION_RELATIONSHIP() );
#112 = ITEM_DEFINED_TRANSFORMATION('','',#11,#15);
#113 = PRODUCT_DEFINITION_SHAPE('Placement','Placement of an item',#114
  );
#114 = NEXT_ASSEMBLY_USAGE_OCCURRENCE('2','J2','',#5,#95,$);
#115 = PRODUCT_RELATED_PRODUCT_CATEGORY('part',$,(#97));
#116 = SHAPE_DEFINITION_REPRESENTATION(#117,#123);
#117 = PRODUCT_DEFINITION_SHAPE('','',#118);
#118 = PRODUCT_DEFINITION('design','',#119,#122);
#119 = PRODUCT_DEFINITION_FORMATION('','',#120);
#120 = PRODUCT('JST_B2B_PH_K','JST_B2B_PH_K','',(#121));
#121 = PRODUCT_CONTEXT('',#2,'mechanical');
#122 = PRODUCT_DEFINITION_CONTEXT('part definition',#2,'design');
#123 = ADVANCED_BREP_SHAPE_REPRESENTATION('',(#11,#124),#3016);
#124 = MANIFOLD_SOLID_BREP('',#125);
#125 = CLOSED_SHELL('',(#126,#166,#230,#318,#358,#569,#609,#633,#658,
    #682,#731,#753,#786,#810,#841,#858,#891,#908,#951,#968,#1014,#1031,
    #1094,#1118,#1165,#1189,#1213,#1230,#1247,#1271,#1295,#1312,#1343,
    #1367,#1391,#1408,#1443,#1483,#1507,#1548,#1597,#1643,#1660,#1672,
    #1703,#1759,#1783,#1832,#1844,#1947,#1971,#1995,#2012,#2043,#2099,
    #2123,#2172,#2189,#2236,#2262,#2279,#2305,#2338,#2350,#2381,#2405,
    #2429,#2446,#2477,#2501,#2525,#2542,#2559,#2606,#2632,#2649,#2675,
    #2708,#2725,#2742,#2754,#2785,#2809,#2833,#2850,#2881,#2905,#2929,
    #2946,#2963,#2980,#2992,#3004));
#126 = ADVANCED_FACE('',(#127),#161,.F.);
#127 = FACE_BOUND('',#128,.F.);
#128 = EDGE_LOOP('',(#129,#139,#147,#155));
#129 = ORIENTED_EDGE('',*,*,#130,.T.);
#130 = EDGE_CURVE('',#131,#133,#135,.T.);
#131 = VERTEX_POINT('',#132);
#132 = CARTESIAN_POINT('',(3.95,-2.8,0.));
#133 = VERTEX_POINT('',#134);
#134 = CARTESIAN_POINT('',(3.95,1.7,0.));
#135 = LINE('',#136,#137);
#136 = CARTESIAN_POINT('',(3.95,-2.8,0.));
#137 = VECTOR('',#138,1.);
#138 = DIRECTION('',(1.224646799147E-16,1.,0.));
#139 = ORIENTED_EDGE('',*,*,#140,.T.);
#140 = EDGE_CURVE('',#133,#141,#143,.T.);
#141 = VERTEX_POINT('',#142);
#142 = CARTESIAN_POINT('',(2.75,1.7,0.));
#143 = LINE('',#144,#145);
#144 = CARTESIAN_POINT('',(3.95,1.7,0.));
#145 = VECTOR('',#146,1.);
#146 = DIRECTION('',(-1.,1.224646799147E-16,0.));
#147 = ORIENTED_EDGE('',*,*,#148,.F.);
#148 = EDGE_CURVE('',#149,#141,#151,.T.);
#149 = VERTEX_POINT('',#150);
#150 = CARTESIAN_POINT('',(2.75,-2.8,0.));
#151 = LINE('',#152,#153);
#152 = CARTESIAN_POINT('',(2.75,-2.8,0.));
#153 = VECTOR('',#154,1.);
#154 = DIRECTION('',(1.224646799147E-16,1.,0.));
#155 = ORIENTED_EDGE('',*,*,#156,.T.);
#156 = EDGE_CURVE('',#149,#131,#157,.T.);
#157 = LINE('',#158,#159);
#158 = CARTESIAN_POINT('',(-1.95,-2.8,0.));
#159 = VECTOR('',#160,1.);
#160 = DIRECTION('',(1.,-1.224646799147E-16,0.));
#161 = PLANE('',#162);
#162 = AXIS2_PLACEMENT_3D('',#163,#164,#165);
#163 = CARTESIAN_POINT('',(1.,-0.55,0.));
#164 = DIRECTION('',(0.,0.,1.));
#165 = DIRECTION('',(-1.,1.224646799147E-16,0.));
#166 = ADVANCED_FACE('',(#167),#225,.F.);
#167 = FACE_BOUND('',#168,.F.);
#168 = EDGE_LOOP('',(#169,#170,#178,#186,#194,#203,#211,#219));
#169 = ORIENTED_EDGE('',*,*,#130,.F.);
#170 = ORIENTED_EDGE('',*,*,#171,.T.);
#171 = EDGE_CURVE('',#131,#172,#174,.T.);
#172 = VERTEX_POINT('',#173);
#173 = CARTESIAN_POINT('',(3.95,-2.8,6.));
#174 = LINE('',#175,#176);
#175 = CARTESIAN_POINT('',(3.95,-2.8,0.));
#176 = VECTOR('',#177,1.);
#177 = DIRECTION('',(0.,0.,1.));
#178 = ORIENTED_EDGE('',*,*,#179,.T.);
#179 = EDGE_CURVE('',#172,#180,#182,.T.);
#180 = VERTEX_POINT('',#181);
#181 = CARTESIAN_POINT('',(3.95,-0.6,6.));
#182 = LINE('',#183,#184);
#183 = CARTESIAN_POINT('',(3.95,-2.8,6.));
#184 = VECTOR('',#185,1.);
#185 = DIRECTION('',(1.224646799147E-16,1.,0.));
#186 = ORIENTED_EDGE('',*,*,#187,.F.);
#187 = EDGE_CURVE('',#188,#180,#190,.T.);
#188 = VERTEX_POINT('',#189);
#189 = CARTESIAN_POINT('',(3.95,-0.6,4.4));
#190 = LINE('',#191,#192);
#191 = CARTESIAN_POINT('',(3.95,-0.6,4.4));
#192 = VECTOR('',#193,1.);
#193 = DIRECTION('',(0.,0.,1.));
#194 = ORIENTED_EDGE('',*,*,#195,.F.);
#195 = EDGE_CURVE('',#196,#188,#198,.T.);
#196 = VERTEX_POINT('',#197);
#197 = CARTESIAN_POINT('',(3.95,0.2,4.4));
#198 = CIRCLE('',#199,0.4);
#199 = AXIS2_PLACEMENT_3D('',#200,#201,#202);
#200 = CARTESIAN_POINT('',(3.95,-0.2,4.4));
#201 = DIRECTION('',(-1.,1.224646799147E-16,0.));
#202 = DIRECTION('',(1.224646799147E-16,1.,0.));
#203 = ORIENTED_EDGE('',*,*,#204,.F.);
#204 = EDGE_CURVE('',#205,#196,#207,.T.);
#205 = VERTEX_POINT('',#206);
#206 = CARTESIAN_POINT('',(3.95,0.2,6.));
#207 = LINE('',#208,#209);
#208 = CARTESIAN_POINT('',(3.95,0.2,6.));
#209 = VECTOR('',#210,1.);
#210 = DIRECTION('',(-0.,0.,-1.));
#211 = ORIENTED_EDGE('',*,*,#212,.T.);
#212 = EDGE_CURVE('',#205,#213,#215,.T.);
#213 = VERTEX_POINT('',#214);
#214 = CARTESIAN_POINT('',(3.95,1.7,6.));
#215 = LINE('',#216,#217);
#216 = CARTESIAN_POINT('',(3.95,-2.8,6.));
#217 = VECTOR('',#218,1.);
#218 = DIRECTION('',(1.224646799147E-16,1.,0.));
#219 = ORIENTED_EDGE('',*,*,#220,.F.);
#220 = EDGE_CURVE('',#133,#213,#221,.T.);
#221 = LINE('',#222,#223);
#222 = CARTESIAN_POINT('',(3.95,1.7,0.));
#223 = VECTOR('',#224,1.);
#224 = DIRECTION('',(0.,0.,1.));
#225 = PLANE('',#226);
#226 = AXIS2_PLACEMENT_3D('',#227,#228,#229);
#227 = CARTESIAN_POINT('',(3.95,-2.8,0.));
#228 = DIRECTION('',(-1.,1.224646799147E-16,0.));
#229 = DIRECTION('',(1.224646799147E-16,1.,0.));
#230 = ADVANCED_FACE('',(#231),#313,.F.);
#231 = FACE_BOUND('',#232,.F.);
#232 = EDGE_LOOP('',(#233,#243,#251,#257,#258,#259,#267,#275,#283,#291,
    #299,#307));
#233 = ORIENTED_EDGE('',*,*,#234,.F.);
#234 = EDGE_CURVE('',#235,#237,#239,.T.);
#235 = VERTEX_POINT('',#236);
#236 = CARTESIAN_POINT('',(-1.95,-2.8,0.));
#237 = VERTEX_POINT('',#238);
#238 = CARTESIAN_POINT('',(-0.75,-2.8,0.));
#239 = LINE('',#240,#241);
#240 = CARTESIAN_POINT('',(-1.95,-2.8,0.));
#241 = VECTOR('',#242,1.);
#242 = DIRECTION('',(1.,-1.224646799147E-16,0.));
#243 = ORIENTED_EDGE('',*,*,#244,.T.);
#244 = EDGE_CURVE('',#235,#245,#247,.T.);
#245 = VERTEX_POINT('',#246);
#246 = CARTESIAN_POINT('',(-1.95,-2.8,6.));
#247 = LINE('',#248,#249);
#248 = CARTESIAN_POINT('',(-1.95,-2.8,0.));
#249 = VECTOR('',#250,1.);
#250 = DIRECTION('',(0.,0.,1.));
#251 = ORIENTED_EDGE('',*,*,#252,.T.);
#252 = EDGE_CURVE('',#245,#172,#253,.T.);
#253 = LINE('',#254,#255);
#254 = CARTESIAN_POINT('',(-1.95,-2.8,6.));
#255 = VECTOR('',#256,1.);
#256 = DIRECTION('',(1.,-1.224646799147E-16,0.));
#257 = ORIENTED_EDGE('',*,*,#171,.F.);
#258 = ORIENTED_EDGE('',*,*,#156,.F.);
#259 = ORIENTED_EDGE('',*,*,#260,.F.);
#260 = EDGE_CURVE('',#261,#149,#263,.T.);
#261 = VERTEX_POINT('',#262);
#262 = CARTESIAN_POINT('',(2.75,-2.8,0.2));
#263 = LINE('',#264,#265);
#264 = CARTESIAN_POINT('',(2.75,-2.8,0.2));
#265 = VECTOR('',#266,1.);
#266 = DIRECTION('',(-0.,0.,-1.));
#267 = ORIENTED_EDGE('',*,*,#268,.T.);
#268 = EDGE_CURVE('',#261,#269,#271,.T.);
#269 = VERTEX_POINT('',#270);
#270 = CARTESIAN_POINT('',(1.25,-2.8,0.2));
#271 = LINE('',#272,#273);
#272 = CARTESIAN_POINT('',(2.75,-2.8,0.2));
#273 = VECTOR('',#274,1.);
#274 = DIRECTION('',(-1.,1.224646799147E-16,0.));
#275 = ORIENTED_EDGE('',*,*,#276,.T.);
#276 = EDGE_CURVE('',#269,#277,#279,.T.);
#277 = VERTEX_POINT('',#278);
#278 = CARTESIAN_POINT('',(1.25,-2.8,0.));
#279 = LINE('',#280,#281);
#280 = CARTESIAN_POINT('',(1.25,-2.8,0.2));
#281 = VECTOR('',#282,1.);
#282 = DIRECTION('',(-0.,0.,-1.));
#283 = ORIENTED_EDGE('',*,*,#284,.F.);
#284 = EDGE_CURVE('',#285,#277,#287,.T.);
#285 = VERTEX_POINT('',#286);
#286 = CARTESIAN_POINT('',(0.75,-2.8,0.));
#287 = LINE('',#288,#289);
#288 = CARTESIAN_POINT('',(-1.95,-2.8,0.));
#289 = VECTOR('',#290,1.);
#290 = DIRECTION('',(1.,-1.224646799147E-16,0.));
#291 = ORIENTED_EDGE('',*,*,#292,.F.);
#292 = EDGE_CURVE('',#293,#285,#295,.T.);
#293 = VERTEX_POINT('',#294);
#294 = CARTESIAN_POINT('',(0.75,-2.8,0.2));
#295 = LINE('',#296,#297);
#296 = CARTESIAN_POINT('',(0.75,-2.8,0.2));
#297 = VECTOR('',#298,1.);
#298 = DIRECTION('',(-0.,0.,-1.));
#299 = ORIENTED_EDGE('',*,*,#300,.T.);
#300 = EDGE_CURVE('',#293,#301,#303,.T.);
#301 = VERTEX_POINT('',#302);
#302 = CARTESIAN_POINT('',(-0.75,-2.8,0.2));
#303 = LINE('',#304,#305);
#304 = CARTESIAN_POINT('',(0.75,-2.8,0.2));
#305 = VECTOR('',#306,1.);
#306 = DIRECTION('',(-1.,1.224646799147E-16,0.));
#307 = ORIENTED_EDGE('',*,*,#308,.T.);
#308 = EDGE_CURVE('',#301,#237,#309,.T.);
#309 = LINE('',#310,#311);
#310 = CARTESIAN_POINT('',(-0.75,-2.8,0.2));
#311 = VECTOR('',#312,1.);
#312 = DIRECTION('',(-0.,0.,-1.));
#313 = PLANE('',#314);
#314 = AXIS2_PLACEMENT_3D('',#315,#316,#317);
#315 = CARTESIAN_POINT('',(-1.95,-2.8,0.));
#316 = DIRECTION('',(1.224646799147E-16,1.,0.));
#317 = DIRECTION('',(1.,-1.224646799147E-16,0.));
#318 = ADVANCED_FACE('',(#319),#353,.F.);
#319 = FACE_BOUND('',#320,.F.);
#320 = EDGE_LOOP('',(#321,#329,#337,#345,#351,#352));
#321 = ORIENTED_EDGE('',*,*,#322,.T.);
#322 = EDGE_CURVE('',#141,#323,#325,.T.);
#323 = VERTEX_POINT('',#324);
#324 = CARTESIAN_POINT('',(2.75,1.7,0.2));
#325 = LINE('',#326,#327);
#326 = CARTESIAN_POINT('',(2.75,1.7,0.));
#327 = VECTOR('',#328,1.);
#328 = DIRECTION('',(0.,0.,1.));
#329 = ORIENTED_EDGE('',*,*,#330,.T.);
#330 = EDGE_CURVE('',#323,#331,#333,.T.);
#331 = VERTEX_POINT('',#332);
#332 = CARTESIAN_POINT('',(2.75,0.5,0.1));
#333 = LINE('',#334,#335);
#334 = CARTESIAN_POINT('',(2.75,1.7,0.2));
#335 = VECTOR('',#336,1.);
#336 = DIRECTION('',(-1.220416573038E-16,-0.996545758245,
    -8.304547985373E-02));
#337 = ORIENTED_EDGE('',*,*,#338,.T.);
#338 = EDGE_CURVE('',#331,#339,#341,.T.);
#339 = VERTEX_POINT('',#340);
#340 = CARTESIAN_POINT('',(2.75,-0.5,0.1));
#341 = LINE('',#342,#343);
#342 = CARTESIAN_POINT('',(2.75,0.5,0.1));
#343 = VECTOR('',#344,1.);
#344 = DIRECTION('',(-1.224646799147E-16,-1.,0.));
#345 = ORIENTED_EDGE('',*,*,#346,.T.);
#346 = EDGE_CURVE('',#339,#261,#347,.T.);
#347 = LINE('',#348,#349);
#348 = CARTESIAN_POINT('',(2.75,-0.5,0.1));
#349 = VECTOR('',#350,1.);
#350 = DIRECTION('',(-1.223490926498E-16,-0.999056158355,
    4.343722427631E-02));
#351 = ORIENTED_EDGE('',*,*,#260,.T.);
#352 = ORIENTED_EDGE('',*,*,#148,.T.);
#353 = PLANE('',#354);
#354 = AXIS2_PLACEMENT_3D('',#355,#356,#357);
#355 = CARTESIAN_POINT('',(2.75,-0.549524476701,7.07980355453E-02));
#356 = DIRECTION('',(1.,-1.224646799147E-16,-0.));
#357 = DIRECTION('',(-0.,0.,-1.));
#358 = ADVANCED_FACE('',(#359,#530),#564,.F.);
#359 = FACE_BOUND('',#360,.F.);
#360 = EDGE_LOOP('',(#361,#362,#363,#371,#379,#387,#395,#403,#411,#419,
    #427,#435,#443,#451,#459,#467,#475,#483,#491,#499,#507,#515,#523,
    #529));
#361 = ORIENTED_EDGE('',*,*,#140,.F.);
#362 = ORIENTED_EDGE('',*,*,#220,.T.);
#363 = ORIENTED_EDGE('',*,*,#364,.T.);
#364 = EDGE_CURVE('',#213,#365,#367,.T.);
#365 = VERTEX_POINT('',#366);
#366 = CARTESIAN_POINT('',(1.45,1.7,6.));
#367 = LINE('',#368,#369);
#368 = CARTESIAN_POINT('',(3.95,1.7,6.));
#369 = VECTOR('',#370,1.);
#370 = DIRECTION('',(-1.,1.224646799147E-16,0.));
#371 = ORIENTED_EDGE('',*,*,#372,.T.);
#372 = EDGE_CURVE('',#365,#373,#375,.T.);
#373 = VERTEX_POINT('',#374);
#374 = CARTESIAN_POINT('',(1.45,1.7,2.1));
#375 = LINE('',#376,#377);
#376 = CARTESIAN_POINT('',(1.45,1.7,6.));
#377 = VECTOR('',#378,1.);
#378 = DIRECTION('',(-0.,0.,-1.));
#379 = ORIENTED_EDGE('',*,*,#380,.T.);
#380 = EDGE_CURVE('',#373,#381,#383,.T.);
#381 = VERTEX_POINT('',#382);
#382 = CARTESIAN_POINT('',(0.55,1.7,2.1));
#383 = LINE('',#384,#385);
#384 = CARTESIAN_POINT('',(1.45,1.7,2.1));
#385 = VECTOR('',#386,1.);
#386 = DIRECTION('',(-1.,1.224646799147E-16,0.));
#387 = ORIENTED_EDGE('',*,*,#388,.T.);
#388 = EDGE_CURVE('',#381,#389,#391,.T.);
#389 = VERTEX_POINT('',#390);
#390 = CARTESIAN_POINT('',(0.55,1.7,6.));
#391 = LINE('',#392,#393);
#392 = CARTESIAN_POINT('',(0.55,1.7,2.1));
#393 = VECTOR('',#394,1.);
#394 = DIRECTION('',(0.,0.,1.));
#395 = ORIENTED_EDGE('',*,*,#396,.T.);
#396 = EDGE_CURVE('',#389,#397,#399,.T.);
#397 = VERTEX_POINT('',#398);
#398 = CARTESIAN_POINT('',(-0.45,1.7,6.));
#399 = LINE('',#400,#401);
#400 = CARTESIAN_POINT('',(3.95,1.7,6.));
#401 = VECTOR('',#402,1.);
#402 = DIRECTION('',(-1.,1.224646799147E-16,0.));
#403 = ORIENTED_EDGE('',*,*,#404,.F.);
#404 = EDGE_CURVE('',#405,#397,#407,.T.);
#405 = VERTEX_POINT('',#406);
#406 = CARTESIAN_POINT('',(-0.45,1.7,4.2));
#407 = LINE('',#408,#409);
#408 = CARTESIAN_POINT('',(-0.45,1.7,4.2));
#409 = VECTOR('',#410,1.);
#410 = DIRECTION('',(0.,0.,1.));
#411 = ORIENTED_EDGE('',*,*,#412,.F.);
#412 = EDGE_CURVE('',#413,#405,#415,.T.);
#413 = VERTEX_POINT('',#414);
#414 = CARTESIAN_POINT('',(-0.4,1.7,4.2));
#415 = LINE('',#416,#417);
#416 = CARTESIAN_POINT('',(-0.4,1.7,4.2));
#417 = VECTOR('',#418,1.);
#418 = DIRECTION('',(-1.,1.224646799147E-16,0.));
#419 = ORIENTED_EDGE('',*,*,#420,.F.);
#420 = EDGE_CURVE('',#421,#413,#423,.T.);
#421 = VERTEX_POINT('',#422);
#422 = CARTESIAN_POINT('',(-0.4,1.7,2.4));
#423 = LINE('',#424,#425);
#424 = CARTESIAN_POINT('',(-0.4,1.7,2.4));
#425 = VECTOR('',#426,1.);
#426 = DIRECTION('',(0.,0.,1.));
#427 = ORIENTED_EDGE('',*,*,#428,.F.);
#428 = EDGE_CURVE('',#429,#421,#431,.T.);
#429 = VERTEX_POINT('',#430);
#430 = CARTESIAN_POINT('',(-1.4,1.7,2.4));
#431 = LINE('',#432,#433);
#432 = CARTESIAN_POINT('',(-1.4,1.7,2.4));
#433 = VECTOR('',#434,1.);
#434 = DIRECTION('',(1.,-1.224646799147E-16,0.));
#435 = ORIENTED_EDGE('',*,*,#436,.F.);
#436 = EDGE_CURVE('',#437,#429,#439,.T.);
#437 = VERTEX_POINT('',#438);
#438 = CARTESIAN_POINT('',(-1.4,1.7,4.2));
#439 = LINE('',#440,#441);
#440 = CARTESIAN_POINT('',(-1.4,1.7,4.2));
#441 = VECTOR('',#442,1.);
#442 = DIRECTION('',(-0.,0.,-1.));
#443 = ORIENTED_EDGE('',*,*,#444,.F.);
#444 = EDGE_CURVE('',#445,#437,#447,.T.);
#445 = VERTEX_POINT('',#446);
#446 = CARTESIAN_POINT('',(-0.95,1.7,4.2));
#447 = LINE('',#448,#449);
#448 = CARTESIAN_POINT('',(-0.4,1.7,4.2));
#449 = VECTOR('',#450,1.);
#450 = DIRECTION('',(-1.,1.224646799147E-16,0.));
#451 = ORIENTED_EDGE('',*,*,#452,.T.);
#452 = EDGE_CURVE('',#445,#453,#455,.T.);
#453 = VERTEX_POINT('',#454);
#454 = CARTESIAN_POINT('',(-0.95,1.7,6.));
#455 = LINE('',#456,#457);
#456 = CARTESIAN_POINT('',(-0.95,1.7,4.2));
#457 = VECTOR('',#458,1.);
#458 = DIRECTION('',(0.,0.,1.));
#459 = ORIENTED_EDGE('',*,*,#460,.T.);
#460 = EDGE_CURVE('',#453,#461,#463,.T.);
#461 = VERTEX_POINT('',#462);
#462 = CARTESIAN_POINT('',(-1.95,1.7,6.));
#463 = LINE('',#464,#465);
#464 = CARTESIAN_POINT('',(3.95,1.7,6.));
#465 = VECTOR('',#466,1.);
#466 = DIRECTION('',(-1.,1.224646799147E-16,0.));
#467 = ORIENTED_EDGE('',*,*,#468,.F.);
#468 = EDGE_CURVE('',#469,#461,#471,.T.);
#469 = VERTEX_POINT('',#470);
#470 = CARTESIAN_POINT('',(-1.95,1.7,0.));
#471 = LINE('',#472,#473);
#472 = CARTESIAN_POINT('',(-1.95,1.7,0.));
#473 = VECTOR('',#474,1.);
#474 = DIRECTION('',(0.,0.,1.));
#475 = ORIENTED_EDGE('',*,*,#476,.F.);
#476 = EDGE_CURVE('',#477,#469,#479,.T.);
#477 = VERTEX_POINT('',#478);
#478 = CARTESIAN_POINT('',(-0.75,1.7,0.));
#479 = LINE('',#480,#481);
#480 = CARTESIAN_POINT('',(3.95,1.7,0.));
#481 = VECTOR('',#482,1.);
#482 = DIRECTION('',(-1.,1.224646799147E-16,0.));
#483 = ORIENTED_EDGE('',*,*,#484,.T.);
#484 = EDGE_CURVE('',#477,#485,#487,.T.);
#485 = VERTEX_POINT('',#486);
#486 = CARTESIAN_POINT('',(-0.75,1.7,0.2));
#487 = LINE('',#488,#489);
#488 = CARTESIAN_POINT('',(-0.75,1.7,0.));
#489 = VECTOR('',#490,1.);
#490 = DIRECTION('',(0.,0.,1.));
#491 = ORIENTED_EDGE('',*,*,#492,.F.);
#492 = EDGE_CURVE('',#493,#485,#495,.T.);
#493 = VERTEX_POINT('',#494);
#494 = CARTESIAN_POINT('',(0.75,1.7,0.2));
#495 = LINE('',#496,#497);
#496 = CARTESIAN_POINT('',(0.75,1.7,0.2));
#497 = VECTOR('',#498,1.);
#498 = DIRECTION('',(-1.,1.224646799147E-16,0.));
#499 = ORIENTED_EDGE('',*,*,#500,.F.);
#500 = EDGE_CURVE('',#501,#493,#503,.T.);
#501 = VERTEX_POINT('',#502);
#502 = CARTESIAN_POINT('',(0.75,1.7,0.));
#503 = LINE('',#504,#505);
#504 = CARTESIAN_POINT('',(0.75,1.7,0.));
#505 = VECTOR('',#506,1.);
#506 = DIRECTION('',(0.,0.,1.));
#507 = ORIENTED_EDGE('',*,*,#508,.F.);
#508 = EDGE_CURVE('',#509,#501,#511,.T.);
#509 = VERTEX_POINT('',#510);
#510 = CARTESIAN_POINT('',(1.25,1.7,0.));
#511 = LINE('',#512,#513);
#512 = CARTESIAN_POINT('',(3.95,1.7,0.));
#513 = VECTOR('',#514,1.);
#514 = DIRECTION('',(-1.,1.224646799147E-16,0.));
#515 = ORIENTED_EDGE('',*,*,#516,.T.);
#516 = EDGE_CURVE('',#509,#517,#519,.T.);
#517 = VERTEX_POINT('',#518);
#518 = CARTESIAN_POINT('',(1.25,1.7,0.2));
#519 = LINE('',#520,#521);
#520 = CARTESIAN_POINT('',(1.25,1.7,0.));
#521 = VECTOR('',#522,1.);
#522 = DIRECTION('',(0.,0.,1.));
#523 = ORIENTED_EDGE('',*,*,#524,.F.);
#524 = EDGE_CURVE('',#323,#517,#525,.T.);
#525 = LINE('',#526,#527);
#526 = CARTESIAN_POINT('',(2.75,1.7,0.2));
#527 = VECTOR('',#528,1.);
#528 = DIRECTION('',(-1.,1.224646799147E-16,0.));
#529 = ORIENTED_EDGE('',*,*,#322,.F.);
#530 = FACE_BOUND('',#531,.F.);
#531 = EDGE_LOOP('',(#532,#542,#550,#558));
#532 = ORIENTED_EDGE('',*,*,#533,.T.);
#533 = EDGE_CURVE('',#534,#536,#538,.T.);
#534 = VERTEX_POINT('',#535);
#535 = CARTESIAN_POINT('',(2.4,1.7,4.2));
#536 = VERTEX_POINT('',#537);
#537 = CARTESIAN_POINT('',(3.4,1.7,4.2));
#538 = LINE('',#539,#540);
#539 = CARTESIAN_POINT('',(2.4,1.7,4.2));
#540 = VECTOR('',#541,1.);
#541 = DIRECTION('',(1.,-1.224646799147E-16,0.));
#542 = ORIENTED_EDGE('',*,*,#543,.T.);
#543 = EDGE_CURVE('',#536,#544,#546,.T.);
#544 = VERTEX_POINT('',#545);
#545 = CARTESIAN_POINT('',(3.4,1.7,2.4));
#546 = LINE('',#547,#548);
#547 = CARTESIAN_POINT('',(3.4,1.7,4.2));
#548 = VECTOR('',#549,1.);
#549 = DIRECTION('',(-0.,0.,-1.));
#550 = ORIENTED_EDGE('',*,*,#551,.T.);
#551 = EDGE_CURVE('',#544,#552,#554,.T.);
#552 = VERTEX_POINT('',#553);
#553 = CARTESIAN_POINT('',(2.4,1.7,2.4));
#554 = LINE('',#555,#556);
#555 = CARTESIAN_POINT('',(3.4,1.7,2.4));
#556 = VECTOR('',#557,1.);
#557 = DIRECTION('',(-1.,1.224646799147E-16,0.));
#558 = ORIENTED_EDGE('',*,*,#559,.T.);
#559 = EDGE_CURVE('',#552,#534,#560,.T.);
#560 = LINE('',#561,#562);
#561 = CARTESIAN_POINT('',(2.4,1.7,2.4));
#562 = VECTOR('',#563,1.);
#563 = DIRECTION('',(0.,0.,1.));
#564 = PLANE('',#565);
#565 = AXIS2_PLACEMENT_3D('',#566,#567,#568);
#566 = CARTESIAN_POINT('',(3.95,1.7,0.));
#567 = DIRECTION('',(-1.224646799147E-16,-1.,0.));
#568 = DIRECTION('',(-1.,1.224646799147E-16,0.));
#569 = ADVANCED_FACE('',(#570),#604,.T.);
#570 = FACE_BOUND('',#571,.T.);
#571 = EDGE_LOOP('',(#572,#580,#581,#582,#590,#598));
#572 = ORIENTED_EDGE('',*,*,#573,.F.);
#573 = EDGE_CURVE('',#205,#574,#576,.T.);
#574 = VERTEX_POINT('',#575);
#575 = CARTESIAN_POINT('',(3.45,0.2,6.));
#576 = LINE('',#577,#578);
#577 = CARTESIAN_POINT('',(3.95,0.2,6.));
#578 = VECTOR('',#579,1.);
#579 = DIRECTION('',(-1.,1.224646799147E-16,0.));
#580 = ORIENTED_EDGE('',*,*,#212,.T.);
#581 = ORIENTED_EDGE('',*,*,#364,.T.);
#582 = ORIENTED_EDGE('',*,*,#583,.T.);
#583 = EDGE_CURVE('',#365,#584,#586,.T.);
#584 = VERTEX_POINT('',#585);
#585 = CARTESIAN_POINT('',(1.45,1.1,6.));
#586 = LINE('',#587,#588);
#587 = CARTESIAN_POINT('',(1.45,1.7,6.));
#588 = VECTOR('',#589,1.);
#589 = DIRECTION('',(-1.224646799147E-16,-1.,0.));
#590 = ORIENTED_EDGE('',*,*,#591,.F.);
#591 = EDGE_CURVE('',#592,#584,#594,.T.);
#592 = VERTEX_POINT('',#593);
#593 = CARTESIAN_POINT('',(3.45,1.1,6.));
#594 = LINE('',#595,#596);
#595 = CARTESIAN_POINT('',(3.45,1.1,6.));
#596 = VECTOR('',#597,1.);
#597 = DIRECTION('',(-1.,1.224646799147E-16,0.));
#598 = ORIENTED_EDGE('',*,*,#599,.F.);
#599 = EDGE_CURVE('',#574,#592,#600,.T.);
#600 = LINE('',#601,#602);
#601 = CARTESIAN_POINT('',(3.45,-2.3,6.));
#602 = VECTOR('',#603,1.);
#603 = DIRECTION('',(1.224646799147E-16,1.,0.));
#604 = PLANE('',#605);
#605 = AXIS2_PLACEMENT_3D('',#606,#607,#608);
#606 = CARTESIAN_POINT('',(1.,-0.55,6.));
#607 = DIRECTION('',(0.,0.,1.));
#608 = DIRECTION('',(-1.,1.224646799147E-16,0.));
#609 = ADVANCED_FACE('',(#610),#628,.T.);
#610 = FACE_BOUND('',#611,.T.);
#611 = EDGE_LOOP('',(#612,#613,#614,#622));
#612 = ORIENTED_EDGE('',*,*,#204,.F.);
#613 = ORIENTED_EDGE('',*,*,#573,.T.);
#614 = ORIENTED_EDGE('',*,*,#615,.T.);
#615 = EDGE_CURVE('',#574,#616,#618,.T.);
#616 = VERTEX_POINT('',#617);
#617 = CARTESIAN_POINT('',(3.45,0.2,4.4));
#618 = LINE('',#619,#620);
#619 = CARTESIAN_POINT('',(3.45,0.2,6.));
#620 = VECTOR('',#621,1.);
#621 = DIRECTION('',(-0.,0.,-1.));
#622 = ORIENTED_EDGE('',*,*,#623,.F.);
#623 = EDGE_CURVE('',#196,#616,#624,.T.);
#624 = LINE('',#625,#626);
#625 = CARTESIAN_POINT('',(3.95,0.2,4.4));
#626 = VECTOR('',#627,1.);
#627 = DIRECTION('',(-1.,1.224646799147E-16,0.));
#628 = PLANE('',#629);
#629 = AXIS2_PLACEMENT_3D('',#630,#631,#632);
#630 = CARTESIAN_POINT('',(3.95,0.2,6.));
#631 = DIRECTION('',(-1.224646799147E-16,-1.,0.));
#632 = DIRECTION('',(-0.,0.,-1.));
#633 = ADVANCED_FACE('',(#634),#653,.F.);
#634 = FACE_BOUND('',#635,.F.);
#635 = EDGE_LOOP('',(#636,#644,#651,#652));
#636 = ORIENTED_EDGE('',*,*,#637,.T.);
#637 = EDGE_CURVE('',#188,#638,#640,.T.);
#638 = VERTEX_POINT('',#639);
#639 = CARTESIAN_POINT('',(3.45,-0.6,4.4));
#640 = LINE('',#641,#642);
#641 = CARTESIAN_POINT('',(3.95,-0.6,4.4));
#642 = VECTOR('',#643,1.);
#643 = DIRECTION('',(-1.,1.224646799147E-16,0.));
#644 = ORIENTED_EDGE('',*,*,#645,.T.);
#645 = EDGE_CURVE('',#638,#616,#646,.T.);
#646 = CIRCLE('',#647,0.4);
#647 = AXIS2_PLACEMENT_3D('',#648,#649,#650);
#648 = CARTESIAN_POINT('',(3.45,-0.2,4.4));
#649 = DIRECTION('',(1.,-1.224646799147E-16,0.));
#650 = DIRECTION('',(1.224646799147E-16,1.,0.));
#651 = ORIENTED_EDGE('',*,*,#623,.F.);
#652 = ORIENTED_EDGE('',*,*,#195,.T.);
#653 = CYLINDRICAL_SURFACE('',#654,0.4);
#654 = AXIS2_PLACEMENT_3D('',#655,#656,#657);
#655 = CARTESIAN_POINT('',(3.95,-0.2,4.4));
#656 = DIRECTION('',(1.,-1.224646799147E-16,-0.));
#657 = DIRECTION('',(1.224646799147E-16,1.,0.));
#658 = ADVANCED_FACE('',(#659),#677,.T.);
#659 = FACE_BOUND('',#660,.T.);
#660 = EDGE_LOOP('',(#661,#662,#663,#671));
#661 = ORIENTED_EDGE('',*,*,#187,.F.);
#662 = ORIENTED_EDGE('',*,*,#637,.T.);
#663 = ORIENTED_EDGE('',*,*,#664,.T.);
#664 = EDGE_CURVE('',#638,#665,#667,.T.);
#665 = VERTEX_POINT('',#666);
#666 = CARTESIAN_POINT('',(3.45,-0.6,6.));
#667 = LINE('',#668,#669);
#668 = CARTESIAN_POINT('',(3.45,-0.6,5.2));
#669 = VECTOR('',#670,1.);
#670 = DIRECTION('',(0.,0.,1.));
#671 = ORIENTED_EDGE('',*,*,#672,.F.);
#672 = EDGE_CURVE('',#180,#665,#673,.T.);
#673 = LINE('',#674,#675);
#674 = CARTESIAN_POINT('',(3.95,-0.6,6.));
#675 = VECTOR('',#676,1.);
#676 = DIRECTION('',(-1.,1.224646799147E-16,0.));
#677 = PLANE('',#678);
#678 = AXIS2_PLACEMENT_3D('',#679,#680,#681);
#679 = CARTESIAN_POINT('',(3.95,-0.6,4.4));
#680 = DIRECTION('',(1.224646799147E-16,1.,0.));
#681 = DIRECTION('',(0.,-0.,1.));
#682 = ADVANCED_FACE('',(#683),#726,.T.);
#683 = FACE_BOUND('',#684,.T.);
#684 = EDGE_LOOP('',(#685,#686,#687,#695,#703,#711,#719,#725));
#685 = ORIENTED_EDGE('',*,*,#179,.T.);
#686 = ORIENTED_EDGE('',*,*,#672,.T.);
#687 = ORIENTED_EDGE('',*,*,#688,.F.);
#688 = EDGE_CURVE('',#689,#665,#691,.T.);
#689 = VERTEX_POINT('',#690);
#690 = CARTESIAN_POINT('',(3.45,-2.3,6.));
#691 = LINE('',#692,#693);
#692 = CARTESIAN_POINT('',(3.45,-2.3,6.));
#693 = VECTOR('',#694,1.);
#694 = DIRECTION('',(1.224646799147E-16,1.,0.));
#695 = ORIENTED_EDGE('',*,*,#696,.F.);
#696 = EDGE_CURVE('',#697,#689,#699,.T.);
#697 = VERTEX_POINT('',#698);
#698 = CARTESIAN_POINT('',(-1.45,-2.3,6.));
#699 = LINE('',#700,#701);
#700 = CARTESIAN_POINT('',(-1.45,-2.3,6.));
#701 = VECTOR('',#702,1.);
#702 = DIRECTION('',(1.,-1.224646799147E-16,0.));
#703 = ORIENTED_EDGE('',*,*,#704,.F.);
#704 = EDGE_CURVE('',#705,#697,#707,.T.);
#705 = VERTEX_POINT('',#706);
#706 = CARTESIAN_POINT('',(-1.45,-0.6,6.));
#707 = LINE('',#708,#709);
#708 = CARTESIAN_POINT('',(-1.45,1.1,6.));
#709 = VECTOR('',#710,1.);
#710 = DIRECTION('',(-1.224646799147E-16,-1.,0.));
#711 = ORIENTED_EDGE('',*,*,#712,.T.);
#712 = EDGE_CURVE('',#705,#713,#715,.T.);
#713 = VERTEX_POINT('',#714);
#714 = CARTESIAN_POINT('',(-1.95,-0.6,6.));
#715 = LINE('',#716,#717);
#716 = CARTESIAN_POINT('',(3.95,-0.6,6.));
#717 = VECTOR('',#718,1.);
#718 = DIRECTION('',(-1.,1.224646799147E-16,0.));
#719 = ORIENTED_EDGE('',*,*,#720,.T.);
#720 = EDGE_CURVE('',#713,#245,#721,.T.);
#721 = LINE('',#722,#723);
#722 = CARTESIAN_POINT('',(-1.95,1.7,6.));
#723 = VECTOR('',#724,1.);
#724 = DIRECTION('',(-1.224646799147E-16,-1.,0.));
#725 = ORIENTED_EDGE('',*,*,#252,.T.);
#726 = PLANE('',#727);
#727 = AXIS2_PLACEMENT_3D('',#728,#729,#730);
#728 = CARTESIAN_POINT('',(1.,-0.55,6.));
#729 = DIRECTION('',(0.,0.,1.));
#730 = DIRECTION('',(-1.,1.224646799147E-16,0.));
#731 = ADVANCED_FACE('',(#732),#748,.F.);
#732 = FACE_BOUND('',#733,.F.);
#733 = EDGE_LOOP('',(#734,#735,#741,#742));
#734 = ORIENTED_EDGE('',*,*,#234,.T.);
#735 = ORIENTED_EDGE('',*,*,#736,.T.);
#736 = EDGE_CURVE('',#237,#477,#737,.T.);
#737 = LINE('',#738,#739);
#738 = CARTESIAN_POINT('',(-0.75,-2.8,0.));
#739 = VECTOR('',#740,1.);
#740 = DIRECTION('',(1.224646799147E-16,1.,0.));
#741 = ORIENTED_EDGE('',*,*,#476,.T.);
#742 = ORIENTED_EDGE('',*,*,#743,.T.);
#743 = EDGE_CURVE('',#469,#235,#744,.T.);
#744 = LINE('',#745,#746);
#745 = CARTESIAN_POINT('',(-1.95,1.7,0.));
#746 = VECTOR('',#747,1.);
#747 = DIRECTION('',(-1.224646799147E-16,-1.,0.));
#748 = PLANE('',#749);
#749 = AXIS2_PLACEMENT_3D('',#750,#751,#752);
#750 = CARTESIAN_POINT('',(1.,-0.55,0.));
#751 = DIRECTION('',(0.,0.,1.));
#752 = DIRECTION('',(-1.,1.224646799147E-16,0.));
#753 = ADVANCED_FACE('',(#754),#781,.T.);
#754 = FACE_BOUND('',#755,.T.);
#755 = EDGE_LOOP('',(#756,#757,#765,#773,#779,#780));
#756 = ORIENTED_EDGE('',*,*,#484,.T.);
#757 = ORIENTED_EDGE('',*,*,#758,.T.);
#758 = EDGE_CURVE('',#485,#759,#761,.T.);
#759 = VERTEX_POINT('',#760);
#760 = CARTESIAN_POINT('',(-0.75,0.5,0.1));
#761 = LINE('',#762,#763);
#762 = CARTESIAN_POINT('',(-0.75,1.7,0.2));
#763 = VECTOR('',#764,1.);
#764 = DIRECTION('',(-1.220416573038E-16,-0.996545758245,
    -8.304547985373E-02));
#765 = ORIENTED_EDGE('',*,*,#766,.T.);
#766 = EDGE_CURVE('',#759,#767,#769,.T.);
#767 = VERTEX_POINT('',#768);
#768 = CARTESIAN_POINT('',(-0.75,-0.5,0.1));
#769 = LINE('',#770,#771);
#770 = CARTESIAN_POINT('',(-0.75,0.5,0.1));
#771 = VECTOR('',#772,1.);
#772 = DIRECTION('',(-1.224646799147E-16,-1.,0.));
#773 = ORIENTED_EDGE('',*,*,#774,.T.);
#774 = EDGE_CURVE('',#767,#301,#775,.T.);
#775 = LINE('',#776,#777);
#776 = CARTESIAN_POINT('',(-0.75,-0.5,0.1));
#777 = VECTOR('',#778,1.);
#778 = DIRECTION('',(-1.223490926498E-16,-0.999056158355,
    4.343722427631E-02));
#779 = ORIENTED_EDGE('',*,*,#308,.T.);
#780 = ORIENTED_EDGE('',*,*,#736,.T.);
#781 = PLANE('',#782);
#782 = AXIS2_PLACEMENT_3D('',#783,#784,#785);
#783 = CARTESIAN_POINT('',(-0.75,-0.549524476701,7.07980355453E-02));
#784 = DIRECTION('',(1.,-1.224646799147E-16,-0.));
#785 = DIRECTION('',(-0.,0.,-1.));
#786 = ADVANCED_FACE('',(#787),#805,.F.);
#787 = FACE_BOUND('',#788,.F.);
#788 = EDGE_LOOP('',(#789,#797,#798,#799));
#789 = ORIENTED_EDGE('',*,*,#790,.T.);
#790 = EDGE_CURVE('',#791,#767,#793,.T.);
#791 = VERTEX_POINT('',#792);
#792 = CARTESIAN_POINT('',(0.75,-0.5,0.1));
#793 = LINE('',#794,#795);
#794 = CARTESIAN_POINT('',(0.75,-0.5,0.1));
#795 = VECTOR('',#796,1.);
#796 = DIRECTION('',(-1.,1.224646799147E-16,0.));
#797 = ORIENTED_EDGE('',*,*,#774,.T.);
#798 = ORIENTED_EDGE('',*,*,#300,.F.);
#799 = ORIENTED_EDGE('',*,*,#800,.F.);
#800 = EDGE_CURVE('',#791,#293,#801,.T.);
#801 = LINE('',#802,#803);
#802 = CARTESIAN_POINT('',(0.75,-0.5,0.1));
#803 = VECTOR('',#804,1.);
#804 = DIRECTION('',(-1.223490926498E-16,-0.999056158355,
    4.343722427631E-02));
#805 = PLANE('',#806);
#806 = AXIS2_PLACEMENT_3D('',#807,#808,#809);
#807 = CARTESIAN_POINT('',(0.75,-0.5,0.1));
#808 = DIRECTION('',(5.319525767383E-18,4.343722427631E-02,
    0.999056158355));
#809 = DIRECTION('',(-1.223490926498E-16,-0.999056158355,
    4.343722427631E-02));
#810 = ADVANCED_FACE('',(#811),#836,.F.);
#811 = FACE_BOUND('',#812,.F.);
#812 = EDGE_LOOP('',(#813,#814,#822,#828,#829,#830));
#813 = ORIENTED_EDGE('',*,*,#500,.T.);
#814 = ORIENTED_EDGE('',*,*,#815,.T.);
#815 = EDGE_CURVE('',#493,#816,#818,.T.);
#816 = VERTEX_POINT('',#817);
#817 = CARTESIAN_POINT('',(0.75,0.5,0.1));
#818 = LINE('',#819,#820);
#819 = CARTESIAN_POINT('',(0.75,1.7,0.2));
#820 = VECTOR('',#821,1.);
#821 = DIRECTION('',(-1.220416573038E-16,-0.996545758245,
    -8.304547985373E-02));
#822 = ORIENTED_EDGE('',*,*,#823,.T.);
#823 = EDGE_CURVE('',#816,#791,#824,.T.);
#824 = LINE('',#825,#826);
#825 = CARTESIAN_POINT('',(0.75,0.5,0.1));
#826 = VECTOR('',#827,1.);
#827 = DIRECTION('',(-1.224646799147E-16,-1.,0.));
#828 = ORIENTED_EDGE('',*,*,#800,.T.);
#829 = ORIENTED_EDGE('',*,*,#292,.T.);
#830 = ORIENTED_EDGE('',*,*,#831,.T.);
#831 = EDGE_CURVE('',#285,#501,#832,.T.);
#832 = LINE('',#833,#834);
#833 = CARTESIAN_POINT('',(0.75,-2.8,0.));
#834 = VECTOR('',#835,1.);
#835 = DIRECTION('',(1.224646799147E-16,1.,0.));
#836 = PLANE('',#837);
#837 = AXIS2_PLACEMENT_3D('',#838,#839,#840);
#838 = CARTESIAN_POINT('',(0.75,-0.549524476701,7.07980355453E-02));
#839 = DIRECTION('',(1.,-1.224646799147E-16,-0.));
#840 = DIRECTION('',(-0.,0.,-1.));
#841 = ADVANCED_FACE('',(#842),#853,.F.);
#842 = FACE_BOUND('',#843,.F.);
#843 = EDGE_LOOP('',(#844,#845,#851,#852));
#844 = ORIENTED_EDGE('',*,*,#284,.T.);
#845 = ORIENTED_EDGE('',*,*,#846,.T.);
#846 = EDGE_CURVE('',#277,#509,#847,.T.);
#847 = LINE('',#848,#849);
#848 = CARTESIAN_POINT('',(1.25,-2.8,0.));
#849 = VECTOR('',#850,1.);
#850 = DIRECTION('',(1.224646799147E-16,1.,0.));
#851 = ORIENTED_EDGE('',*,*,#508,.T.);
#852 = ORIENTED_EDGE('',*,*,#831,.F.);
#853 = PLANE('',#854);
#854 = AXIS2_PLACEMENT_3D('',#855,#856,#857);
#855 = CARTESIAN_POINT('',(1.,-0.55,0.));
#856 = DIRECTION('',(0.,0.,1.));
#857 = DIRECTION('',(-1.,1.224646799147E-16,0.));
#858 = ADVANCED_FACE('',(#859),#886,.T.);
#859 = FACE_BOUND('',#860,.T.);
#860 = EDGE_LOOP('',(#861,#862,#870,#878,#884,#885));
#861 = ORIENTED_EDGE('',*,*,#516,.T.);
#862 = ORIENTED_EDGE('',*,*,#863,.T.);
#863 = EDGE_CURVE('',#517,#864,#866,.T.);
#864 = VERTEX_POINT('',#865);
#865 = CARTESIAN_POINT('',(1.25,0.5,0.1));
#866 = LINE('',#867,#868);
#867 = CARTESIAN_POINT('',(1.25,1.7,0.2));
#868 = VECTOR('',#869,1.);
#869 = DIRECTION('',(-1.220416573038E-16,-0.996545758245,
    -8.304547985373E-02));
#870 = ORIENTED_EDGE('',*,*,#871,.T.);
#871 = EDGE_CURVE('',#864,#872,#874,.T.);
#872 = VERTEX_POINT('',#873);
#873 = CARTESIAN_POINT('',(1.25,-0.5,0.1));
#874 = LINE('',#875,#876);
#875 = CARTESIAN_POINT('',(1.25,0.5,0.1));
#876 = VECTOR('',#877,1.);
#877 = DIRECTION('',(-1.224646799147E-16,-1.,0.));
#878 = ORIENTED_EDGE('',*,*,#879,.T.);
#879 = EDGE_CURVE('',#872,#269,#880,.T.);
#880 = LINE('',#881,#882);
#881 = CARTESIAN_POINT('',(1.25,-0.5,0.1));
#882 = VECTOR('',#883,1.);
#883 = DIRECTION('',(-1.223490926498E-16,-0.999056158355,
    4.343722427631E-02));
#884 = ORIENTED_EDGE('',*,*,#276,.T.);
#885 = ORIENTED_EDGE('',*,*,#846,.T.);
#886 = PLANE('',#887);
#887 = AXIS2_PLACEMENT_3D('',#888,#889,#890);
#888 = CARTESIAN_POINT('',(1.25,-0.549524476701,7.07980355453E-02));
#889 = DIRECTION('',(1.,-1.224646799147E-16,-0.));
#890 = DIRECTION('',(-0.,0.,-1.));
#891 = ADVANCED_FACE('',(#892),#903,.F.);
#892 = FACE_BOUND('',#893,.F.);
#893 = EDGE_LOOP('',(#894,#900,#901,#902));
#894 = ORIENTED_EDGE('',*,*,#895,.T.);
#895 = EDGE_CURVE('',#339,#872,#896,.T.);
#896 = LINE('',#897,#898);
#897 = CARTESIAN_POINT('',(2.75,-0.5,0.1));
#898 = VECTOR('',#899,1.);
#899 = DIRECTION('',(-1.,1.224646799147E-16,0.));
#900 = ORIENTED_EDGE('',*,*,#879,.T.);
#901 = ORIENTED_EDGE('',*,*,#268,.F.);
#902 = ORIENTED_EDGE('',*,*,#346,.F.);
#903 = PLANE('',#904);
#904 = AXIS2_PLACEMENT_3D('',#905,#906,#907);
#905 = CARTESIAN_POINT('',(2.75,-0.5,0.1));
#906 = DIRECTION('',(5.319525767383E-18,4.343722427631E-02,
    0.999056158355));
#907 = DIRECTION('',(-1.223490926498E-16,-0.999056158355,
    4.343722427631E-02));
#908 = ADVANCED_FACE('',(#909),#946,.F.);
#909 = FACE_BOUND('',#910,.F.);
#910 = EDGE_LOOP('',(#911,#912,#913,#921,#929,#938,#944,#945));
#911 = ORIENTED_EDGE('',*,*,#743,.F.);
#912 = ORIENTED_EDGE('',*,*,#468,.T.);
#913 = ORIENTED_EDGE('',*,*,#914,.T.);
#914 = EDGE_CURVE('',#461,#915,#917,.T.);
#915 = VERTEX_POINT('',#916);
#916 = CARTESIAN_POINT('',(-1.95,0.2,6.));
#917 = LINE('',#918,#919);
#918 = CARTESIAN_POINT('',(-1.95,1.7,6.));
#919 = VECTOR('',#920,1.);
#920 = DIRECTION('',(-1.224646799147E-16,-1.,0.));
#921 = ORIENTED_EDGE('',*,*,#922,.T.);
#922 = EDGE_CURVE('',#915,#923,#925,.T.);
#923 = VERTEX_POINT('',#924);
#924 = CARTESIAN_POINT('',(-1.95,0.2,4.4));
#925 = LINE('',#926,#927);
#926 = CARTESIAN_POINT('',(-1.95,0.2,3.));
#927 = VECTOR('',#928,1.);
#928 = DIRECTION('',(-0.,0.,-1.));
#929 = ORIENTED_EDGE('',*,*,#930,.F.);
#930 = EDGE_CURVE('',#931,#923,#933,.T.);
#931 = VERTEX_POINT('',#932);
#932 = CARTESIAN_POINT('',(-1.95,-0.6,4.4));
#933 = CIRCLE('',#934,0.4);
#934 = AXIS2_PLACEMENT_3D('',#935,#936,#937);
#935 = CARTESIAN_POINT('',(-1.95,-0.2,4.4));
#936 = DIRECTION('',(1.,-1.224646799147E-16,0.));
#937 = DIRECTION('',(1.224646799147E-16,1.,0.));
#938 = ORIENTED_EDGE('',*,*,#939,.T.);
#939 = EDGE_CURVE('',#931,#713,#940,.T.);
#940 = LINE('',#941,#942);
#941 = CARTESIAN_POINT('',(-1.95,-0.6,2.2));
#942 = VECTOR('',#943,1.);
#943 = DIRECTION('',(0.,0.,1.));
#944 = ORIENTED_EDGE('',*,*,#720,.T.);
#945 = ORIENTED_EDGE('',*,*,#244,.F.);
#946 = PLANE('',#947);
#947 = AXIS2_PLACEMENT_3D('',#948,#949,#950);
#948 = CARTESIAN_POINT('',(-1.95,1.7,0.));
#949 = DIRECTION('',(1.,-1.224646799147E-16,0.));
#950 = DIRECTION('',(-1.224646799147E-16,-1.,0.));
#951 = ADVANCED_FACE('',(#952),#963,.F.);
#952 = FACE_BOUND('',#953,.F.);
#953 = EDGE_LOOP('',(#954,#955,#956,#962));
#954 = ORIENTED_EDGE('',*,*,#524,.T.);
#955 = ORIENTED_EDGE('',*,*,#863,.T.);
#956 = ORIENTED_EDGE('',*,*,#957,.F.);
#957 = EDGE_CURVE('',#331,#864,#958,.T.);
#958 = LINE('',#959,#960);
#959 = CARTESIAN_POINT('',(2.75,0.5,0.1));
#960 = VECTOR('',#961,1.);
#961 = DIRECTION('',(-1.,1.224646799147E-16,0.));
#962 = ORIENTED_EDGE('',*,*,#330,.F.);
#963 = PLANE('',#964);
#964 = AXIS2_PLACEMENT_3D('',#965,#966,#967);
#965 = CARTESIAN_POINT('',(2.75,1.7,0.2));
#966 = DIRECTION('',(-1.017013810865E-17,-8.304547985373E-02,
    0.996545758245));
#967 = DIRECTION('',(-1.220416573038E-16,-0.996545758245,
    -8.304547985373E-02));
#968 = ADVANCED_FACE('',(#969,#975),#1009,.F.);
#969 = FACE_BOUND('',#970,.F.);
#970 = EDGE_LOOP('',(#971,#972,#973,#974));
#971 = ORIENTED_EDGE('',*,*,#957,.T.);
#972 = ORIENTED_EDGE('',*,*,#871,.T.);
#973 = ORIENTED_EDGE('',*,*,#895,.F.);
#974 = ORIENTED_EDGE('',*,*,#338,.F.);
#975 = FACE_BOUND('',#976,.F.);
#976 = EDGE_LOOP('',(#977,#987,#995,#1003));
#977 = ORIENTED_EDGE('',*,*,#978,.T.);
#978 = EDGE_CURVE('',#979,#981,#983,.T.);
#979 = VERTEX_POINT('',#980);
#980 = CARTESIAN_POINT('',(1.75,0.25,0.1));
#981 = VERTEX_POINT('',#982);
#982 = CARTESIAN_POINT('',(2.25,0.25,0.1));
#983 = LINE('',#984,#985);
#984 = CARTESIAN_POINT('',(2.5,0.25,0.1));
#985 = VECTOR('',#986,1.);
#986 = DIRECTION('',(1.,-1.224646799147E-16,0.));
#987 = ORIENTED_EDGE('',*,*,#988,.T.);
#988 = EDGE_CURVE('',#981,#989,#991,.T.);
#989 = VERTEX_POINT('',#990);
#990 = CARTESIAN_POINT('',(2.25,-0.25,0.1));
#991 = LINE('',#992,#993);
#992 = CARTESIAN_POINT('',(2.25,0.271633216363,0.1));
#993 = VECTOR('',#994,1.);
#994 = DIRECTION('',(-1.224646799147E-16,-1.,0.));
#995 = ORIENTED_EDGE('',*,*,#996,.T.);
#996 = EDGE_CURVE('',#989,#997,#999,.T.);
#997 = VERTEX_POINT('',#998);
#998 = CARTESIAN_POINT('',(1.75,-0.25,0.1));
#999 = LINE('',#1000,#1001);
#1000 = CARTESIAN_POINT('',(2.5,-0.25,0.1));
#1001 = VECTOR('',#1002,1.);
#1002 = DIRECTION('',(-1.,1.224646799147E-16,0.));
#1003 = ORIENTED_EDGE('',*,*,#1004,.F.);
#1004 = EDGE_CURVE('',#979,#997,#1005,.T.);
#1005 = LINE('',#1006,#1007);
#1006 = CARTESIAN_POINT('',(1.75,0.271633216363,0.1));
#1007 = VECTOR('',#1008,1.);
#1008 = DIRECTION('',(-1.224646799147E-16,-1.,0.));
#1009 = PLANE('',#1010);
#1010 = AXIS2_PLACEMENT_3D('',#1011,#1012,#1013);
#1011 = CARTESIAN_POINT('',(2.75,0.5,0.1));
#1012 = DIRECTION('',(0.,0.,1.));
#1013 = DIRECTION('',(-1.224646799147E-16,-1.,0.));
#1014 = ADVANCED_FACE('',(#1015),#1026,.F.);
#1015 = FACE_BOUND('',#1016,.F.);
#1016 = EDGE_LOOP('',(#1017,#1018,#1019,#1025));
#1017 = ORIENTED_EDGE('',*,*,#492,.T.);
#1018 = ORIENTED_EDGE('',*,*,#758,.T.);
#1019 = ORIENTED_EDGE('',*,*,#1020,.F.);
#1020 = EDGE_CURVE('',#816,#759,#1021,.T.);
#1021 = LINE('',#1022,#1023);
#1022 = CARTESIAN_POINT('',(0.75,0.5,0.1));
#1023 = VECTOR('',#1024,1.);
#1024 = DIRECTION('',(-1.,1.224646799147E-16,0.));
#1025 = ORIENTED_EDGE('',*,*,#815,.F.);
#1026 = PLANE('',#1027);
#1027 = AXIS2_PLACEMENT_3D('',#1028,#1029,#1030);
#1028 = CARTESIAN_POINT('',(0.75,1.7,0.2));
#1029 = DIRECTION('',(-1.017013810865E-17,-8.304547985373E-02,
    0.996545758245));
#1030 = DIRECTION('',(-1.220416573038E-16,-0.996545758245,
    -8.304547985373E-02));
#1031 = ADVANCED_FACE('',(#1032),#1089,.T.);
#1032 = FACE_BOUND('',#1033,.T.);
#1033 = EDGE_LOOP('',(#1034,#1042,#1043,#1051,#1059,#1065,#1066,#1067,
    #1075,#1083));
#1034 = ORIENTED_EDGE('',*,*,#1035,.F.);
#1035 = EDGE_CURVE('',#389,#1036,#1038,.T.);
#1036 = VERTEX_POINT('',#1037);
#1037 = CARTESIAN_POINT('',(0.55,1.1,6.));
#1038 = LINE('',#1039,#1040);
#1039 = CARTESIAN_POINT('',(0.55,1.7,6.));
#1040 = VECTOR('',#1041,1.);
#1041 = DIRECTION('',(-1.224646799147E-16,-1.,0.));
#1042 = ORIENTED_EDGE('',*,*,#396,.T.);
#1043 = ORIENTED_EDGE('',*,*,#1044,.T.);
#1044 = EDGE_CURVE('',#397,#1045,#1047,.T.);
#1045 = VERTEX_POINT('',#1046);
#1046 = CARTESIAN_POINT('',(-0.45,1.75,6.));
#1047 = LINE('',#1048,#1049);
#1048 = CARTESIAN_POINT('',(-0.45,1.7,6.));
#1049 = VECTOR('',#1050,1.);
#1050 = DIRECTION('',(1.224646799147E-16,1.,0.));
#1051 = ORIENTED_EDGE('',*,*,#1052,.T.);
#1052 = EDGE_CURVE('',#1045,#1053,#1055,.T.);
#1053 = VERTEX_POINT('',#1054);
#1054 = CARTESIAN_POINT('',(-0.95,1.75,6.));
#1055 = LINE('',#1056,#1057);
#1056 = CARTESIAN_POINT('',(-0.45,1.75,6.));
#1057 = VECTOR('',#1058,1.);
#1058 = DIRECTION('',(-1.,1.224646799147E-16,0.));
#1059 = ORIENTED_EDGE('',*,*,#1060,.T.);
#1060 = EDGE_CURVE('',#1053,#453,#1061,.T.);
#1061 = LINE('',#1062,#1063);
#1062 = CARTESIAN_POINT('',(-0.95,1.75,6.));
#1063 = VECTOR('',#1064,1.);
#1064 = DIRECTION('',(-1.224646799147E-16,-1.,0.));
#1065 = ORIENTED_EDGE('',*,*,#460,.T.);
#1066 = ORIENTED_EDGE('',*,*,#914,.T.);
#1067 = ORIENTED_EDGE('',*,*,#1068,.F.);
#1068 = EDGE_CURVE('',#1069,#915,#1071,.T.);
#1069 = VERTEX_POINT('',#1070);
#1070 = CARTESIAN_POINT('',(-1.45,0.2,6.));
#1071 = LINE('',#1072,#1073);
#1072 = CARTESIAN_POINT('',(3.95,0.2,6.));
#1073 = VECTOR('',#1074,1.);
#1074 = DIRECTION('',(-1.,1.224646799147E-16,0.));
#1075 = ORIENTED_EDGE('',*,*,#1076,.F.);
#1076 = EDGE_CURVE('',#1077,#1069,#1079,.T.);
#1077 = VERTEX_POINT('',#1078);
#1078 = CARTESIAN_POINT('',(-1.45,1.1,6.));
#1079 = LINE('',#1080,#1081);
#1080 = CARTESIAN_POINT('',(-1.45,1.1,6.));
#1081 = VECTOR('',#1082,1.);
#1082 = DIRECTION('',(-1.224646799147E-16,-1.,0.));
#1083 = ORIENTED_EDGE('',*,*,#1084,.F.);
#1084 = EDGE_CURVE('',#1036,#1077,#1085,.T.);
#1085 = LINE('',#1086,#1087);
#1086 = CARTESIAN_POINT('',(3.45,1.1,6.));
#1087 = VECTOR('',#1088,1.);
#1088 = DIRECTION('',(-1.,1.224646799147E-16,0.));
#1089 = PLANE('',#1090);
#1090 = AXIS2_PLACEMENT_3D('',#1091,#1092,#1093);
#1091 = CARTESIAN_POINT('',(-0.922222222222,1.18487654321,6.));
#1092 = DIRECTION('',(0.,0.,1.));
#1093 = DIRECTION('',(-1.,1.224646799147E-16,0.));
#1094 = ADVANCED_FACE('',(#1095),#1113,.F.);
#1095 = FACE_BOUND('',#1096,.F.);
#1096 = EDGE_LOOP('',(#1097,#1105,#1106,#1107));
#1097 = ORIENTED_EDGE('',*,*,#1098,.T.);
#1098 = EDGE_CURVE('',#1099,#1053,#1101,.T.);
#1099 = VERTEX_POINT('',#1100);
#1100 = CARTESIAN_POINT('',(-0.95,1.75,4.2));
#1101 = LINE('',#1102,#1103);
#1102 = CARTESIAN_POINT('',(-0.95,1.75,4.2));
#1103 = VECTOR('',#1104,1.);
#1104 = DIRECTION('',(0.,0.,1.));
#1105 = ORIENTED_EDGE('',*,*,#1060,.T.);
#1106 = ORIENTED_EDGE('',*,*,#452,.F.);
#1107 = ORIENTED_EDGE('',*,*,#1108,.F.);
#1108 = EDGE_CURVE('',#1099,#445,#1109,.T.);
#1109 = LINE('',#1110,#1111);
#1110 = CARTESIAN_POINT('',(-0.95,1.75,4.2));
#1111 = VECTOR('',#1112,1.);
#1112 = DIRECTION('',(-1.224646799147E-16,-1.,0.));
#1113 = PLANE('',#1114);
#1114 = AXIS2_PLACEMENT_3D('',#1115,#1116,#1117);
#1115 = CARTESIAN_POINT('',(-0.95,1.75,4.2));
#1116 = DIRECTION('',(1.,-1.224646799147E-16,0.));
#1117 = DIRECTION('',(-1.224646799147E-16,-1.,0.));
#1118 = ADVANCED_FACE('',(#1119),#1160,.T.);
#1119 = FACE_BOUND('',#1120,.T.);
#1120 = EDGE_LOOP('',(#1121,#1122,#1130,#1138,#1144,#1145,#1146,#1154));
#1121 = ORIENTED_EDGE('',*,*,#412,.F.);
#1122 = ORIENTED_EDGE('',*,*,#1123,.T.);
#1123 = EDGE_CURVE('',#413,#1124,#1126,.T.);
#1124 = VERTEX_POINT('',#1125);
#1125 = CARTESIAN_POINT('',(-0.4,1.1,4.2));
#1126 = LINE('',#1127,#1128);
#1127 = CARTESIAN_POINT('',(-0.4,1.7,4.2));
#1128 = VECTOR('',#1129,1.);
#1129 = DIRECTION('',(-1.224646799147E-16,-1.,0.));
#1130 = ORIENTED_EDGE('',*,*,#1131,.T.);
#1131 = EDGE_CURVE('',#1124,#1132,#1134,.T.);
#1132 = VERTEX_POINT('',#1133);
#1133 = CARTESIAN_POINT('',(-1.4,1.1,4.2));
#1134 = LINE('',#1135,#1136);
#1135 = CARTESIAN_POINT('',(1.525,1.1,4.2));
#1136 = VECTOR('',#1137,1.);
#1137 = DIRECTION('',(-1.,1.224646799147E-16,0.));
#1138 = ORIENTED_EDGE('',*,*,#1139,.F.);
#1139 = EDGE_CURVE('',#437,#1132,#1140,.T.);
#1140 = LINE('',#1141,#1142);
#1141 = CARTESIAN_POINT('',(-1.4,1.7,4.2));
#1142 = VECTOR('',#1143,1.);
#1143 = DIRECTION('',(-1.224646799147E-16,-1.,0.));
#1144 = ORIENTED_EDGE('',*,*,#444,.F.);
#1145 = ORIENTED_EDGE('',*,*,#1108,.F.);
#1146 = ORIENTED_EDGE('',*,*,#1147,.F.);
#1147 = EDGE_CURVE('',#1148,#1099,#1150,.T.);
#1148 = VERTEX_POINT('',#1149);
#1149 = CARTESIAN_POINT('',(-0.45,1.75,4.2));
#1150 = LINE('',#1151,#1152);
#1151 = CARTESIAN_POINT('',(-0.45,1.75,4.2));
#1152 = VECTOR('',#1153,1.);
#1153 = DIRECTION('',(-1.,1.224646799147E-16,0.));
#1154 = ORIENTED_EDGE('',*,*,#1155,.F.);
#1155 = EDGE_CURVE('',#405,#1148,#1156,.T.);
#1156 = LINE('',#1157,#1158);
#1157 = CARTESIAN_POINT('',(-0.45,1.7,4.2));
#1158 = VECTOR('',#1159,1.);
#1159 = DIRECTION('',(1.224646799147E-16,1.,0.));
#1160 = PLANE('',#1161);
#1161 = AXIS2_PLACEMENT_3D('',#1162,#1163,#1164);
#1162 = CARTESIAN_POINT('',(-0.893939393939,1.417424242424,4.2));
#1163 = DIRECTION('',(-2.590322521168E-30,-2.221330562073E-31,-1.));
#1164 = DIRECTION('',(1.,-1.224646799147E-16,-2.590322521168E-30));
#1165 = ADVANCED_FACE('',(#1166),#1184,.T.);
#1166 = FACE_BOUND('',#1167,.T.);
#1167 = EDGE_LOOP('',(#1168,#1169,#1170,#1178));
#1168 = ORIENTED_EDGE('',*,*,#436,.F.);
#1169 = ORIENTED_EDGE('',*,*,#1139,.T.);
#1170 = ORIENTED_EDGE('',*,*,#1171,.T.);
#1171 = EDGE_CURVE('',#1132,#1172,#1174,.T.);
#1172 = VERTEX_POINT('',#1173);
#1173 = CARTESIAN_POINT('',(-1.4,1.1,2.4));
#1174 = LINE('',#1175,#1176);
#1175 = CARTESIAN_POINT('',(-1.4,1.1,5.1));
#1176 = VECTOR('',#1177,1.);
#1177 = DIRECTION('',(-0.,0.,-1.));
#1178 = ORIENTED_EDGE('',*,*,#1179,.F.);
#1179 = EDGE_CURVE('',#429,#1172,#1180,.T.);
#1180 = LINE('',#1181,#1182);
#1181 = CARTESIAN_POINT('',(-1.4,1.7,2.4));
#1182 = VECTOR('',#1183,1.);
#1183 = DIRECTION('',(-1.224646799147E-16,-1.,0.));
#1184 = PLANE('',#1185);
#1185 = AXIS2_PLACEMENT_3D('',#1186,#1187,#1188);
#1186 = CARTESIAN_POINT('',(-1.4,1.7,4.2));
#1187 = DIRECTION('',(1.,-1.224646799147E-16,-0.));
#1188 = DIRECTION('',(-0.,0.,-1.));
#1189 = ADVANCED_FACE('',(#1190),#1208,.T.);
#1190 = FACE_BOUND('',#1191,.T.);
#1191 = EDGE_LOOP('',(#1192,#1193,#1194,#1202));
#1192 = ORIENTED_EDGE('',*,*,#428,.F.);
#1193 = ORIENTED_EDGE('',*,*,#1179,.T.);
#1194 = ORIENTED_EDGE('',*,*,#1195,.T.);
#1195 = EDGE_CURVE('',#1172,#1196,#1198,.T.);
#1196 = VERTEX_POINT('',#1197);
#1197 = CARTESIAN_POINT('',(-0.4,1.1,2.4));
#1198 = LINE('',#1199,#1200);
#1199 = CARTESIAN_POINT('',(1.025,1.1,2.4));
#1200 = VECTOR('',#1201,1.);
#1201 = DIRECTION('',(1.,-1.224646799147E-16,0.));
#1202 = ORIENTED_EDGE('',*,*,#1203,.F.);
#1203 = EDGE_CURVE('',#421,#1196,#1204,.T.);
#1204 = LINE('',#1205,#1206);
#1205 = CARTESIAN_POINT('',(-0.4,1.7,2.4));
#1206 = VECTOR('',#1207,1.);
#1207 = DIRECTION('',(-1.224646799147E-16,-1.,0.));
#1208 = PLANE('',#1209);
#1209 = AXIS2_PLACEMENT_3D('',#1210,#1211,#1212);
#1210 = CARTESIAN_POINT('',(-1.4,1.7,2.4));
#1211 = DIRECTION('',(0.,0.,1.));
#1212 = DIRECTION('',(1.,-1.224646799147E-16,0.));
#1213 = ADVANCED_FACE('',(#1214),#1225,.T.);
#1214 = FACE_BOUND('',#1215,.T.);
#1215 = EDGE_LOOP('',(#1216,#1217,#1218,#1224));
#1216 = ORIENTED_EDGE('',*,*,#420,.F.);
#1217 = ORIENTED_EDGE('',*,*,#1203,.T.);
#1218 = ORIENTED_EDGE('',*,*,#1219,.T.);
#1219 = EDGE_CURVE('',#1196,#1124,#1220,.T.);
#1220 = LINE('',#1221,#1222);
#1221 = CARTESIAN_POINT('',(-0.4,1.1,4.2));
#1222 = VECTOR('',#1223,1.);
#1223 = DIRECTION('',(0.,0.,1.));
#1224 = ORIENTED_EDGE('',*,*,#1123,.F.);
#1225 = PLANE('',#1226);
#1226 = AXIS2_PLACEMENT_3D('',#1227,#1228,#1229);
#1227 = CARTESIAN_POINT('',(-0.4,1.7,2.4));
#1228 = DIRECTION('',(-1.,1.224646799147E-16,0.));
#1229 = DIRECTION('',(0.,0.,1.));
#1230 = ADVANCED_FACE('',(#1231),#1242,.F.);
#1231 = FACE_BOUND('',#1232,.F.);
#1232 = EDGE_LOOP('',(#1233,#1234,#1235,#1241));
#1233 = ORIENTED_EDGE('',*,*,#404,.T.);
#1234 = ORIENTED_EDGE('',*,*,#1044,.T.);
#1235 = ORIENTED_EDGE('',*,*,#1236,.F.);
#1236 = EDGE_CURVE('',#1148,#1045,#1237,.T.);
#1237 = LINE('',#1238,#1239);
#1238 = CARTESIAN_POINT('',(-0.45,1.75,4.2));
#1239 = VECTOR('',#1240,1.);
#1240 = DIRECTION('',(0.,0.,1.));
#1241 = ORIENTED_EDGE('',*,*,#1155,.F.);
#1242 = PLANE('',#1243);
#1243 = AXIS2_PLACEMENT_3D('',#1244,#1245,#1246);
#1244 = CARTESIAN_POINT('',(-0.45,1.7,4.2));
#1245 = DIRECTION('',(-1.,1.224646799147E-16,0.));
#1246 = DIRECTION('',(1.224646799147E-16,1.,0.));
#1247 = ADVANCED_FACE('',(#1248),#1266,.F.);
#1248 = FACE_BOUND('',#1249,.F.);
#1249 = EDGE_LOOP('',(#1250,#1251,#1259,#1265));
#1250 = ORIENTED_EDGE('',*,*,#388,.F.);
#1251 = ORIENTED_EDGE('',*,*,#1252,.T.);
#1252 = EDGE_CURVE('',#381,#1253,#1255,.T.);
#1253 = VERTEX_POINT('',#1254);
#1254 = CARTESIAN_POINT('',(0.55,1.1,2.1));
#1255 = LINE('',#1256,#1257);
#1256 = CARTESIAN_POINT('',(0.55,1.7,2.1));
#1257 = VECTOR('',#1258,1.);
#1258 = DIRECTION('',(-1.224646799147E-16,-1.,0.));
#1259 = ORIENTED_EDGE('',*,*,#1260,.T.);
#1260 = EDGE_CURVE('',#1253,#1036,#1261,.T.);
#1261 = LINE('',#1262,#1263);
#1262 = CARTESIAN_POINT('',(0.55,1.1,4.05));
#1263 = VECTOR('',#1264,1.);
#1264 = DIRECTION('',(0.,0.,1.));
#1265 = ORIENTED_EDGE('',*,*,#1035,.F.);
#1266 = PLANE('',#1267);
#1267 = AXIS2_PLACEMENT_3D('',#1268,#1269,#1270);
#1268 = CARTESIAN_POINT('',(0.55,1.7,2.1));
#1269 = DIRECTION('',(-1.,1.224646799147E-16,0.));
#1270 = DIRECTION('',(0.,0.,1.));
#1271 = ADVANCED_FACE('',(#1272),#1290,.F.);
#1272 = FACE_BOUND('',#1273,.F.);
#1273 = EDGE_LOOP('',(#1274,#1275,#1283,#1289));
#1274 = ORIENTED_EDGE('',*,*,#380,.F.);
#1275 = ORIENTED_EDGE('',*,*,#1276,.T.);
#1276 = EDGE_CURVE('',#373,#1277,#1279,.T.);
#1277 = VERTEX_POINT('',#1278);
#1278 = CARTESIAN_POINT('',(1.45,1.1,2.1));
#1279 = LINE('',#1280,#1281);
#1280 = CARTESIAN_POINT('',(1.45,1.7,2.1));
#1281 = VECTOR('',#1282,1.);
#1282 = DIRECTION('',(-1.224646799147E-16,-1.,0.));
#1283 = ORIENTED_EDGE('',*,*,#1284,.T.);
#1284 = EDGE_CURVE('',#1277,#1253,#1285,.T.);
#1285 = LINE('',#1286,#1287);
#1286 = CARTESIAN_POINT('',(2.45,1.1,2.1));
#1287 = VECTOR('',#1288,1.);
#1288 = DIRECTION('',(-1.,1.224646799147E-16,0.));
#1289 = ORIENTED_EDGE('',*,*,#1252,.F.);
#1290 = PLANE('',#1291);
#1291 = AXIS2_PLACEMENT_3D('',#1292,#1293,#1294);
#1292 = CARTESIAN_POINT('',(1.45,1.7,2.1));
#1293 = DIRECTION('',(-0.,0.,-1.));
#1294 = DIRECTION('',(-1.,1.224646799147E-16,0.));
#1295 = ADVANCED_FACE('',(#1296),#1307,.F.);
#1296 = FACE_BOUND('',#1297,.F.);
#1297 = EDGE_LOOP('',(#1298,#1299,#1300,#1306));
#1298 = ORIENTED_EDGE('',*,*,#372,.F.);
#1299 = ORIENTED_EDGE('',*,*,#583,.T.);
#1300 = ORIENTED_EDGE('',*,*,#1301,.T.);
#1301 = EDGE_CURVE('',#584,#1277,#1302,.T.);
#1302 = LINE('',#1303,#1304);
#1303 = CARTESIAN_POINT('',(1.45,1.1,6.));
#1304 = VECTOR('',#1305,1.);
#1305 = DIRECTION('',(-0.,0.,-1.));
#1306 = ORIENTED_EDGE('',*,*,#1276,.F.);
#1307 = PLANE('',#1308);
#1308 = AXIS2_PLACEMENT_3D('',#1309,#1310,#1311);
#1309 = CARTESIAN_POINT('',(1.45,1.7,6.));
#1310 = DIRECTION('',(1.,-1.224646799147E-16,0.));
#1311 = DIRECTION('',(0.,-0.,-1.));
#1312 = ADVANCED_FACE('',(#1313),#1338,.F.);
#1313 = FACE_BOUND('',#1314,.F.);
#1314 = EDGE_LOOP('',(#1315,#1316,#1324,#1332));
#1315 = ORIENTED_EDGE('',*,*,#533,.F.);
#1316 = ORIENTED_EDGE('',*,*,#1317,.T.);
#1317 = EDGE_CURVE('',#534,#1318,#1320,.T.);
#1318 = VERTEX_POINT('',#1319);
#1319 = CARTESIAN_POINT('',(2.4,1.1,4.2));
#1320 = LINE('',#1321,#1322);
#1321 = CARTESIAN_POINT('',(2.4,1.7,4.2));
#1322 = VECTOR('',#1323,1.);
#1323 = DIRECTION('',(-1.224646799147E-16,-1.,0.));
#1324 = ORIENTED_EDGE('',*,*,#1325,.T.);
#1325 = EDGE_CURVE('',#1318,#1326,#1328,.T.);
#1326 = VERTEX_POINT('',#1327);
#1327 = CARTESIAN_POINT('',(3.4,1.1,4.2));
#1328 = LINE('',#1329,#1330);
#1329 = CARTESIAN_POINT('',(2.925,1.1,4.2));
#1330 = VECTOR('',#1331,1.);
#1331 = DIRECTION('',(1.,-1.224646799147E-16,0.));
#1332 = ORIENTED_EDGE('',*,*,#1333,.F.);
#1333 = EDGE_CURVE('',#536,#1326,#1334,.T.);
#1334 = LINE('',#1335,#1336);
#1335 = CARTESIAN_POINT('',(3.4,1.7,4.2));
#1336 = VECTOR('',#1337,1.);
#1337 = DIRECTION('',(-1.224646799147E-16,-1.,0.));
#1338 = PLANE('',#1339);
#1339 = AXIS2_PLACEMENT_3D('',#1340,#1341,#1342);
#1340 = CARTESIAN_POINT('',(2.4,1.7,4.2));
#1341 = DIRECTION('',(0.,0.,1.));
#1342 = DIRECTION('',(1.,-1.224646799147E-16,0.));
#1343 = ADVANCED_FACE('',(#1344),#1362,.F.);
#1344 = FACE_BOUND('',#1345,.F.);
#1345 = EDGE_LOOP('',(#1346,#1347,#1355,#1361));
#1346 = ORIENTED_EDGE('',*,*,#559,.F.);
#1347 = ORIENTED_EDGE('',*,*,#1348,.T.);
#1348 = EDGE_CURVE('',#552,#1349,#1351,.T.);
#1349 = VERTEX_POINT('',#1350);
#1350 = CARTESIAN_POINT('',(2.4,1.1,2.4));
#1351 = LINE('',#1352,#1353);
#1352 = CARTESIAN_POINT('',(2.4,1.7,2.4));
#1353 = VECTOR('',#1354,1.);
#1354 = DIRECTION('',(-1.224646799147E-16,-1.,0.));
#1355 = ORIENTED_EDGE('',*,*,#1356,.T.);
#1356 = EDGE_CURVE('',#1349,#1318,#1357,.T.);
#1357 = LINE('',#1358,#1359);
#1358 = CARTESIAN_POINT('',(2.4,1.1,4.2));
#1359 = VECTOR('',#1360,1.);
#1360 = DIRECTION('',(0.,0.,1.));
#1361 = ORIENTED_EDGE('',*,*,#1317,.F.);
#1362 = PLANE('',#1363);
#1363 = AXIS2_PLACEMENT_3D('',#1364,#1365,#1366);
#1364 = CARTESIAN_POINT('',(2.4,1.7,2.4));
#1365 = DIRECTION('',(-1.,1.224646799147E-16,0.));
#1366 = DIRECTION('',(0.,0.,1.));
#1367 = ADVANCED_FACE('',(#1368),#1386,.F.);
#1368 = FACE_BOUND('',#1369,.F.);
#1369 = EDGE_LOOP('',(#1370,#1371,#1372,#1380));
#1370 = ORIENTED_EDGE('',*,*,#543,.F.);
#1371 = ORIENTED_EDGE('',*,*,#1333,.T.);
#1372 = ORIENTED_EDGE('',*,*,#1373,.T.);
#1373 = EDGE_CURVE('',#1326,#1374,#1376,.T.);
#1374 = VERTEX_POINT('',#1375);
#1375 = CARTESIAN_POINT('',(3.4,1.1,2.4));
#1376 = LINE('',#1377,#1378);
#1377 = CARTESIAN_POINT('',(3.4,1.1,5.1));
#1378 = VECTOR('',#1379,1.);
#1379 = DIRECTION('',(-0.,0.,-1.));
#1380 = ORIENTED_EDGE('',*,*,#1381,.F.);
#1381 = EDGE_CURVE('',#544,#1374,#1382,.T.);
#1382 = LINE('',#1383,#1384);
#1383 = CARTESIAN_POINT('',(3.4,1.7,2.4));
#1384 = VECTOR('',#1385,1.);
#1385 = DIRECTION('',(-1.224646799147E-16,-1.,0.));
#1386 = PLANE('',#1387);
#1387 = AXIS2_PLACEMENT_3D('',#1388,#1389,#1390);
#1388 = CARTESIAN_POINT('',(3.4,1.7,4.2));
#1389 = DIRECTION('',(1.,-1.224646799147E-16,-0.));
#1390 = DIRECTION('',(-0.,0.,-1.));
#1391 = ADVANCED_FACE('',(#1392),#1403,.F.);
#1392 = FACE_BOUND('',#1393,.F.);
#1393 = EDGE_LOOP('',(#1394,#1395,#1396,#1402));
#1394 = ORIENTED_EDGE('',*,*,#551,.F.);
#1395 = ORIENTED_EDGE('',*,*,#1381,.T.);
#1396 = ORIENTED_EDGE('',*,*,#1397,.T.);
#1397 = EDGE_CURVE('',#1374,#1349,#1398,.T.);
#1398 = LINE('',#1399,#1400);
#1399 = CARTESIAN_POINT('',(3.425,1.1,2.4));
#1400 = VECTOR('',#1401,1.);
#1401 = DIRECTION('',(-1.,1.224646799147E-16,0.));
#1402 = ORIENTED_EDGE('',*,*,#1348,.F.);
#1403 = PLANE('',#1404);
#1404 = AXIS2_PLACEMENT_3D('',#1405,#1406,#1407);
#1405 = CARTESIAN_POINT('',(3.4,1.7,2.4));
#1406 = DIRECTION('',(-0.,0.,-1.));
#1407 = DIRECTION('',(-1.,1.224646799147E-16,0.));
#1408 = ADVANCED_FACE('',(#1409),#1438,.F.);
#1409 = FACE_BOUND('',#1410,.F.);
#1410 = EDGE_LOOP('',(#1411,#1412,#1420,#1428,#1434,#1435,#1436,#1437));
#1411 = ORIENTED_EDGE('',*,*,#688,.F.);
#1412 = ORIENTED_EDGE('',*,*,#1413,.T.);
#1413 = EDGE_CURVE('',#689,#1414,#1416,.T.);
#1414 = VERTEX_POINT('',#1415);
#1415 = CARTESIAN_POINT('',(3.45,-2.3,1.8));
#1416 = LINE('',#1417,#1418);
#1417 = CARTESIAN_POINT('',(3.45,-2.3,6.));
#1418 = VECTOR('',#1419,1.);
#1419 = DIRECTION('',(0.,0.,-1.));
#1420 = ORIENTED_EDGE('',*,*,#1421,.T.);
#1421 = EDGE_CURVE('',#1414,#1422,#1424,.T.);
#1422 = VERTEX_POINT('',#1423);
#1423 = CARTESIAN_POINT('',(3.45,1.1,1.8));
#1424 = LINE('',#1425,#1426);
#1425 = CARTESIAN_POINT('',(3.45,-2.3,1.8));
#1426 = VECTOR('',#1427,1.);
#1427 = DIRECTION('',(1.224646799147E-16,1.,0.));
#1428 = ORIENTED_EDGE('',*,*,#1429,.F.);
#1429 = EDGE_CURVE('',#592,#1422,#1430,.T.);
#1430 = LINE('',#1431,#1432);
#1431 = CARTESIAN_POINT('',(3.45,1.1,6.));
#1432 = VECTOR('',#1433,1.);
#1433 = DIRECTION('',(0.,0.,-1.));
#1434 = ORIENTED_EDGE('',*,*,#599,.F.);
#1435 = ORIENTED_EDGE('',*,*,#615,.T.);
#1436 = ORIENTED_EDGE('',*,*,#645,.F.);
#1437 = ORIENTED_EDGE('',*,*,#664,.T.);
#1438 = PLANE('',#1439);
#1439 = AXIS2_PLACEMENT_3D('',#1440,#1441,#1442);
#1440 = CARTESIAN_POINT('',(3.45,-2.3,6.));
#1441 = DIRECTION('',(1.,-1.224646799147E-16,0.));
#1442 = DIRECTION('',(1.224646799147E-16,1.,0.));
#1443 = ADVANCED_FACE('',(#1444,#1466,#1472),#1478,.F.);
#1444 = FACE_BOUND('',#1445,.F.);
#1445 = EDGE_LOOP('',(#1446,#1447,#1448,#1456,#1462,#1463,#1464,#1465));
#1446 = ORIENTED_EDGE('',*,*,#591,.F.);
#1447 = ORIENTED_EDGE('',*,*,#1429,.T.);
#1448 = ORIENTED_EDGE('',*,*,#1449,.T.);
#1449 = EDGE_CURVE('',#1422,#1450,#1452,.T.);
#1450 = VERTEX_POINT('',#1451);
#1451 = CARTESIAN_POINT('',(-1.45,1.1,1.8));
#1452 = LINE('',#1453,#1454);
#1453 = CARTESIAN_POINT('',(3.45,1.1,1.8));
#1454 = VECTOR('',#1455,1.);
#1455 = DIRECTION('',(-1.,1.224646799147E-16,0.));
#1456 = ORIENTED_EDGE('',*,*,#1457,.F.);
#1457 = EDGE_CURVE('',#1077,#1450,#1458,.T.);
#1458 = LINE('',#1459,#1460);
#1459 = CARTESIAN_POINT('',(-1.45,1.1,6.));
#1460 = VECTOR('',#1461,1.);
#1461 = DIRECTION('',(0.,0.,-1.));
#1462 = ORIENTED_EDGE('',*,*,#1084,.F.);
#1463 = ORIENTED_EDGE('',*,*,#1260,.F.);
#1464 = ORIENTED_EDGE('',*,*,#1284,.F.);
#1465 = ORIENTED_EDGE('',*,*,#1301,.F.);
#1466 = FACE_BOUND('',#1467,.F.);
#1467 = EDGE_LOOP('',(#1468,#1469,#1470,#1471));
#1468 = ORIENTED_EDGE('',*,*,#1131,.T.);
#1469 = ORIENTED_EDGE('',*,*,#1171,.T.);
#1470 = ORIENTED_EDGE('',*,*,#1195,.T.);
#1471 = ORIENTED_EDGE('',*,*,#1219,.T.);
#1472 = FACE_BOUND('',#1473,.F.);
#1473 = EDGE_LOOP('',(#1474,#1475,#1476,#1477));
#1474 = ORIENTED_EDGE('',*,*,#1397,.F.);
#1475 = ORIENTED_EDGE('',*,*,#1373,.F.);
#1476 = ORIENTED_EDGE('',*,*,#1325,.F.);
#1477 = ORIENTED_EDGE('',*,*,#1356,.F.);
#1478 = PLANE('',#1479);
#1479 = AXIS2_PLACEMENT_3D('',#1480,#1481,#1482);
#1480 = CARTESIAN_POINT('',(3.45,1.1,6.));
#1481 = DIRECTION('',(1.224646799147E-16,1.,0.));
#1482 = DIRECTION('',(-1.,1.224646799147E-16,0.));
#1483 = ADVANCED_FACE('',(#1484),#1502,.T.);
#1484 = FACE_BOUND('',#1485,.T.);
#1485 = EDGE_LOOP('',(#1486,#1494,#1500,#1501));
#1486 = ORIENTED_EDGE('',*,*,#1487,.T.);
#1487 = EDGE_CURVE('',#705,#1488,#1490,.T.);
#1488 = VERTEX_POINT('',#1489);
#1489 = CARTESIAN_POINT('',(-1.45,-0.6,4.4));
#1490 = LINE('',#1491,#1492);
#1491 = CARTESIAN_POINT('',(-1.45,-0.6,5.2));
#1492 = VECTOR('',#1493,1.);
#1493 = DIRECTION('',(-0.,0.,-1.));
#1494 = ORIENTED_EDGE('',*,*,#1495,.T.);
#1495 = EDGE_CURVE('',#1488,#931,#1496,.T.);
#1496 = LINE('',#1497,#1498);
#1497 = CARTESIAN_POINT('',(3.95,-0.6,4.4));
#1498 = VECTOR('',#1499,1.);
#1499 = DIRECTION('',(-1.,1.224646799147E-16,0.));
#1500 = ORIENTED_EDGE('',*,*,#939,.T.);
#1501 = ORIENTED_EDGE('',*,*,#712,.F.);
#1502 = PLANE('',#1503);
#1503 = AXIS2_PLACEMENT_3D('',#1504,#1505,#1506);
#1504 = CARTESIAN_POINT('',(3.95,-0.6,4.4));
#1505 = DIRECTION('',(1.224646799147E-16,1.,0.));
#1506 = DIRECTION('',(0.,-0.,1.));
#1507 = ADVANCED_FACE('',(#1508),#1543,.F.);
#1508 = FACE_BOUND('',#1509,.F.);
#1509 = EDGE_LOOP('',(#1510,#1511,#1512,#1520,#1526,#1527,#1528,#1537));
#1510 = ORIENTED_EDGE('',*,*,#1076,.F.);
#1511 = ORIENTED_EDGE('',*,*,#1457,.T.);
#1512 = ORIENTED_EDGE('',*,*,#1513,.T.);
#1513 = EDGE_CURVE('',#1450,#1514,#1516,.T.);
#1514 = VERTEX_POINT('',#1515);
#1515 = CARTESIAN_POINT('',(-1.45,-2.3,1.8));
#1516 = LINE('',#1517,#1518);
#1517 = CARTESIAN_POINT('',(-1.45,1.1,1.8));
#1518 = VECTOR('',#1519,1.);
#1519 = DIRECTION('',(-1.224646799147E-16,-1.,0.));
#1520 = ORIENTED_EDGE('',*,*,#1521,.F.);
#1521 = EDGE_CURVE('',#697,#1514,#1522,.T.);
#1522 = LINE('',#1523,#1524);
#1523 = CARTESIAN_POINT('',(-1.45,-2.3,6.));
#1524 = VECTOR('',#1525,1.);
#1525 = DIRECTION('',(0.,0.,-1.));
#1526 = ORIENTED_EDGE('',*,*,#704,.F.);
#1527 = ORIENTED_EDGE('',*,*,#1487,.T.);
#1528 = ORIENTED_EDGE('',*,*,#1529,.T.);
#1529 = EDGE_CURVE('',#1488,#1530,#1532,.T.);
#1530 = VERTEX_POINT('',#1531);
#1531 = CARTESIAN_POINT('',(-1.45,0.2,4.4));
#1532 = CIRCLE('',#1533,0.4);
#1533 = AXIS2_PLACEMENT_3D('',#1534,#1535,#1536);
#1534 = CARTESIAN_POINT('',(-1.45,-0.2,4.4));
#1535 = DIRECTION('',(1.,-1.224646799147E-16,0.));
#1536 = DIRECTION('',(1.224646799147E-16,1.,0.));
#1537 = ORIENTED_EDGE('',*,*,#1538,.T.);
#1538 = EDGE_CURVE('',#1530,#1069,#1539,.T.);
#1539 = LINE('',#1540,#1541);
#1540 = CARTESIAN_POINT('',(-1.45,0.2,6.));
#1541 = VECTOR('',#1542,1.);
#1542 = DIRECTION('',(0.,0.,1.));
#1543 = PLANE('',#1544);
#1544 = AXIS2_PLACEMENT_3D('',#1545,#1546,#1547);
#1545 = CARTESIAN_POINT('',(-1.45,1.1,6.));
#1546 = DIRECTION('',(-1.,1.224646799147E-16,0.));
#1547 = DIRECTION('',(-1.224646799147E-16,-1.,0.));
#1548 = ADVANCED_FACE('',(#1549),#1592,.F.);
#1549 = FACE_BOUND('',#1550,.F.);
#1550 = EDGE_LOOP('',(#1551,#1552,#1553,#1561,#1569,#1577,#1585,#1591));
#1551 = ORIENTED_EDGE('',*,*,#696,.F.);
#1552 = ORIENTED_EDGE('',*,*,#1521,.T.);
#1553 = ORIENTED_EDGE('',*,*,#1554,.T.);
#1554 = EDGE_CURVE('',#1514,#1555,#1557,.T.);
#1555 = VERTEX_POINT('',#1556);
#1556 = CARTESIAN_POINT('',(0.8,-2.3,1.8));
#1557 = LINE('',#1558,#1559);
#1558 = CARTESIAN_POINT('',(-1.45,-2.3,1.8));
#1559 = VECTOR('',#1560,1.);
#1560 = DIRECTION('',(1.,-1.224646799147E-16,0.));
#1561 = ORIENTED_EDGE('',*,*,#1562,.T.);
#1562 = EDGE_CURVE('',#1555,#1563,#1565,.T.);
#1563 = VERTEX_POINT('',#1564);
#1564 = CARTESIAN_POINT('',(0.8,-2.3,3.7));
#1565 = LINE('',#1566,#1567);
#1566 = CARTESIAN_POINT('',(0.8,-2.3,1.8));
#1567 = VECTOR('',#1568,1.);
#1568 = DIRECTION('',(0.,0.,1.));
#1569 = ORIENTED_EDGE('',*,*,#1570,.T.);
#1570 = EDGE_CURVE('',#1563,#1571,#1573,.T.);
#1571 = VERTEX_POINT('',#1572);
#1572 = CARTESIAN_POINT('',(1.2,-2.3,3.7));
#1573 = LINE('',#1574,#1575);
#1574 = CARTESIAN_POINT('',(0.8,-2.3,3.7));
#1575 = VECTOR('',#1576,1.);
#1576 = DIRECTION('',(1.,-1.224646799147E-16,0.));
#1577 = ORIENTED_EDGE('',*,*,#1578,.F.);
#1578 = EDGE_CURVE('',#1579,#1571,#1581,.T.);
#1579 = VERTEX_POINT('',#1580);
#1580 = CARTESIAN_POINT('',(1.2,-2.3,1.8));
#1581 = LINE('',#1582,#1583);
#1582 = CARTESIAN_POINT('',(1.2,-2.3,1.8));
#1583 = VECTOR('',#1584,1.);
#1584 = DIRECTION('',(0.,0.,1.));
#1585 = ORIENTED_EDGE('',*,*,#1586,.T.);
#1586 = EDGE_CURVE('',#1579,#1414,#1587,.T.);
#1587 = LINE('',#1588,#1589);
#1588 = CARTESIAN_POINT('',(-1.45,-2.3,1.8));
#1589 = VECTOR('',#1590,1.);
#1590 = DIRECTION('',(1.,-1.224646799147E-16,0.));
#1591 = ORIENTED_EDGE('',*,*,#1413,.F.);
#1592 = PLANE('',#1593);
#1593 = AXIS2_PLACEMENT_3D('',#1594,#1595,#1596);
#1594 = CARTESIAN_POINT('',(-1.45,-2.3,6.));
#1595 = DIRECTION('',(-1.224646799147E-16,-1.,0.));
#1596 = DIRECTION('',(1.,-1.224646799147E-16,0.));
#1597 = ADVANCED_FACE('',(#1598,#1604),#1638,.F.);
#1598 = FACE_BOUND('',#1599,.F.);
#1599 = EDGE_LOOP('',(#1600,#1601,#1602,#1603));
#1600 = ORIENTED_EDGE('',*,*,#1020,.T.);
#1601 = ORIENTED_EDGE('',*,*,#766,.T.);
#1602 = ORIENTED_EDGE('',*,*,#790,.F.);
#1603 = ORIENTED_EDGE('',*,*,#823,.F.);
#1604 = FACE_BOUND('',#1605,.F.);
#1605 = EDGE_LOOP('',(#1606,#1616,#1624,#1632));
#1606 = ORIENTED_EDGE('',*,*,#1607,.T.);
#1607 = EDGE_CURVE('',#1608,#1610,#1612,.T.);
#1608 = VERTEX_POINT('',#1609);
#1609 = CARTESIAN_POINT('',(-0.25,0.25,0.1));
#1610 = VERTEX_POINT('',#1611);
#1611 = CARTESIAN_POINT('',(0.25,0.25,0.1));
#1612 = LINE('',#1613,#1614);
#1613 = CARTESIAN_POINT('',(0.5,0.25,0.1));
#1614 = VECTOR('',#1615,1.);
#1615 = DIRECTION('',(1.,-1.224646799147E-16,0.));
#1616 = ORIENTED_EDGE('',*,*,#1617,.T.);
#1617 = EDGE_CURVE('',#1610,#1618,#1620,.T.);
#1618 = VERTEX_POINT('',#1619);
#1619 = CARTESIAN_POINT('',(0.25,-0.25,0.1));
#1620 = LINE('',#1621,#1622);
#1621 = CARTESIAN_POINT('',(0.25,0.271633216363,0.1));
#1622 = VECTOR('',#1623,1.);
#1623 = DIRECTION('',(-1.224646799147E-16,-1.,0.));
#1624 = ORIENTED_EDGE('',*,*,#1625,.T.);
#1625 = EDGE_CURVE('',#1618,#1626,#1628,.T.);
#1626 = VERTEX_POINT('',#1627);
#1627 = CARTESIAN_POINT('',(-0.25,-0.25,0.1));
#1628 = LINE('',#1629,#1630);
#1629 = CARTESIAN_POINT('',(0.5,-0.25,0.1));
#1630 = VECTOR('',#1631,1.);
#1631 = DIRECTION('',(-1.,1.224646799147E-16,0.));
#1632 = ORIENTED_EDGE('',*,*,#1633,.F.);
#1633 = EDGE_CURVE('',#1608,#1626,#1634,.T.);
#1634 = LINE('',#1635,#1636);
#1635 = CARTESIAN_POINT('',(-0.25,0.271633216363,0.1));
#1636 = VECTOR('',#1637,1.);
#1637 = DIRECTION('',(-1.224646799147E-16,-1.,0.));
#1638 = PLANE('',#1639);
#1639 = AXIS2_PLACEMENT_3D('',#1640,#1641,#1642);
#1640 = CARTESIAN_POINT('',(0.75,0.5,0.1));
#1641 = DIRECTION('',(0.,0.,1.));
#1642 = DIRECTION('',(-1.224646799147E-16,-1.,0.));
#1643 = ADVANCED_FACE('',(#1644),#1655,.F.);
#1644 = FACE_BOUND('',#1645,.F.);
#1645 = EDGE_LOOP('',(#1646,#1647,#1648,#1654));
#1646 = ORIENTED_EDGE('',*,*,#1495,.T.);
#1647 = ORIENTED_EDGE('',*,*,#930,.T.);
#1648 = ORIENTED_EDGE('',*,*,#1649,.F.);
#1649 = EDGE_CURVE('',#1530,#923,#1650,.T.);
#1650 = LINE('',#1651,#1652);
#1651 = CARTESIAN_POINT('',(3.95,0.2,4.4));
#1652 = VECTOR('',#1653,1.);
#1653 = DIRECTION('',(-1.,1.224646799147E-16,0.));
#1654 = ORIENTED_EDGE('',*,*,#1529,.F.);
#1655 = CYLINDRICAL_SURFACE('',#1656,0.4);
#1656 = AXIS2_PLACEMENT_3D('',#1657,#1658,#1659);
#1657 = CARTESIAN_POINT('',(3.95,-0.2,4.4));
#1658 = DIRECTION('',(1.,-1.224646799147E-16,-0.));
#1659 = DIRECTION('',(1.224646799147E-16,1.,0.));
#1660 = ADVANCED_FACE('',(#1661),#1667,.T.);
#1661 = FACE_BOUND('',#1662,.T.);
#1662 = EDGE_LOOP('',(#1663,#1664,#1665,#1666));
#1663 = ORIENTED_EDGE('',*,*,#1538,.T.);
#1664 = ORIENTED_EDGE('',*,*,#1068,.T.);
#1665 = ORIENTED_EDGE('',*,*,#922,.T.);
#1666 = ORIENTED_EDGE('',*,*,#1649,.F.);
#1667 = PLANE('',#1668);
#1668 = AXIS2_PLACEMENT_3D('',#1669,#1670,#1671);
#1669 = CARTESIAN_POINT('',(3.95,0.2,6.));
#1670 = DIRECTION('',(-1.224646799147E-16,-1.,0.));
#1671 = DIRECTION('',(-0.,0.,-1.));
#1672 = ADVANCED_FACE('',(#1673),#1698,.F.);
#1673 = FACE_BOUND('',#1674,.F.);
#1674 = EDGE_LOOP('',(#1675,#1683,#1684,#1692));
#1675 = ORIENTED_EDGE('',*,*,#1676,.F.);
#1676 = EDGE_CURVE('',#981,#1677,#1679,.T.);
#1677 = VERTEX_POINT('',#1678);
#1678 = CARTESIAN_POINT('',(2.25,0.25,-0.9));
#1679 = LINE('',#1680,#1681);
#1680 = CARTESIAN_POINT('',(2.25,0.25,5.));
#1681 = VECTOR('',#1682,1.);
#1682 = DIRECTION('',(-0.,0.,-1.));
#1683 = ORIENTED_EDGE('',*,*,#978,.F.);
#1684 = ORIENTED_EDGE('',*,*,#1685,.T.);
#1685 = EDGE_CURVE('',#979,#1686,#1688,.T.);
#1686 = VERTEX_POINT('',#1687);
#1687 = CARTESIAN_POINT('',(1.75,0.25,-0.9));
#1688 = LINE('',#1689,#1690);
#1689 = CARTESIAN_POINT('',(1.75,0.25,5.));
#1690 = VECTOR('',#1691,1.);
#1691 = DIRECTION('',(-0.,0.,-1.));
#1692 = ORIENTED_EDGE('',*,*,#1693,.F.);
#1693 = EDGE_CURVE('',#1677,#1686,#1694,.T.);
#1694 = LINE('',#1695,#1696);
#1695 = CARTESIAN_POINT('',(2.25,0.25,-0.9));
#1696 = VECTOR('',#1697,1.);
#1697 = DIRECTION('',(-1.,1.224646799147E-16,0.));
#1698 = PLANE('',#1699);
#1699 = AXIS2_PLACEMENT_3D('',#1700,#1701,#1702);
#1700 = CARTESIAN_POINT('',(2.25,0.25,5.));
#1701 = DIRECTION('',(-1.224646799147E-16,-1.,0.));
#1702 = DIRECTION('',(-0.,0.,-1.));
#1703 = ADVANCED_FACE('',(#1704),#1754,.T.);
#1704 = FACE_BOUND('',#1705,.T.);
#1705 = EDGE_LOOP('',(#1706,#1716,#1724,#1732,#1738,#1739,#1740,#1748));
#1706 = ORIENTED_EDGE('',*,*,#1707,.T.);
#1707 = EDGE_CURVE('',#1708,#1710,#1712,.T.);
#1708 = VERTEX_POINT('',#1709);
#1709 = CARTESIAN_POINT('',(1.75,0.281578947368,-3.2));
#1710 = VERTEX_POINT('',#1711);
#1711 = CARTESIAN_POINT('',(1.75,-0.218421052632,-3.2));
#1712 = LINE('',#1713,#1714);
#1713 = CARTESIAN_POINT('',(1.75,0.25,-3.2));
#1714 = VECTOR('',#1715,1.);
#1715 = DIRECTION('',(-1.224646799147E-16,-1.,0.));
#1716 = ORIENTED_EDGE('',*,*,#1717,.T.);
#1717 = EDGE_CURVE('',#1710,#1718,#1720,.T.);
#1718 = VERTEX_POINT('',#1719);
#1719 = CARTESIAN_POINT('',(1.75,5.E-02,-1.5));
#1720 = LINE('',#1721,#1722);
#1721 = CARTESIAN_POINT('',(1.75,-0.25,-3.4));
#1722 = VECTOR('',#1723,1.);
#1723 = DIRECTION('',(1.909990663905E-17,0.155962573473,0.987762965329)
  );
#1724 = ORIENTED_EDGE('',*,*,#1725,.T.);
#1725 = EDGE_CURVE('',#1718,#1726,#1728,.T.);
#1726 = VERTEX_POINT('',#1727);
#1727 = CARTESIAN_POINT('',(1.75,-0.25,-0.9));
#1728 = LINE('',#1729,#1730);
#1729 = CARTESIAN_POINT('',(1.75,5.E-02,-1.5));
#1730 = VECTOR('',#1731,1.);
#1731 = DIRECTION('',(-5.476786982641E-17,-0.4472135955,0.894427191));
#1732 = ORIENTED_EDGE('',*,*,#1733,.T.);
#1733 = EDGE_CURVE('',#1726,#997,#1734,.T.);
#1734 = LINE('',#1735,#1736);
#1735 = CARTESIAN_POINT('',(1.75,-0.25,-0.9));
#1736 = VECTOR('',#1737,1.);
#1737 = DIRECTION('',(0.,0.,1.));
#1738 = ORIENTED_EDGE('',*,*,#1004,.F.);
#1739 = ORIENTED_EDGE('',*,*,#1685,.T.);
#1740 = ORIENTED_EDGE('',*,*,#1741,.T.);
#1741 = EDGE_CURVE('',#1686,#1742,#1744,.T.);
#1742 = VERTEX_POINT('',#1743);
#1743 = CARTESIAN_POINT('',(1.75,0.55,-1.5));
#1744 = LINE('',#1745,#1746);
#1745 = CARTESIAN_POINT('',(1.75,0.25,-0.9));
#1746 = VECTOR('',#1747,1.);
#1747 = DIRECTION('',(5.476786982641E-17,0.4472135955,-0.894427191));
#1748 = ORIENTED_EDGE('',*,*,#1749,.T.);
#1749 = EDGE_CURVE('',#1742,#1708,#1750,.T.);
#1750 = LINE('',#1751,#1752);
#1751 = CARTESIAN_POINT('',(1.75,0.55,-1.5));
#1752 = VECTOR('',#1753,1.);
#1753 = DIRECTION('',(-1.909990663905E-17,-0.155962573473,
    -0.987762965329));
#1754 = PLANE('',#1755);
#1755 = AXIS2_PLACEMENT_3D('',#1756,#1757,#1758);
#1756 = CARTESIAN_POINT('',(1.75,4.326643272645E-02,0.775746953017));
#1757 = DIRECTION('',(-1.,1.224646799147E-16,0.));
#1758 = DIRECTION('',(0.,0.,1.));
#1759 = ADVANCED_FACE('',(#1760),#1778,.F.);
#1760 = FACE_BOUND('',#1761,.F.);
#1761 = EDGE_LOOP('',(#1762,#1770,#1776,#1777));
#1762 = ORIENTED_EDGE('',*,*,#1763,.F.);
#1763 = EDGE_CURVE('',#1764,#989,#1766,.T.);
#1764 = VERTEX_POINT('',#1765);
#1765 = CARTESIAN_POINT('',(2.25,-0.25,-0.9));
#1766 = LINE('',#1767,#1768);
#1767 = CARTESIAN_POINT('',(2.25,-0.25,-0.9));
#1768 = VECTOR('',#1769,1.);
#1769 = DIRECTION('',(0.,0.,1.));
#1770 = ORIENTED_EDGE('',*,*,#1771,.T.);
#1771 = EDGE_CURVE('',#1764,#1726,#1772,.T.);
#1772 = LINE('',#1773,#1774);
#1773 = CARTESIAN_POINT('',(2.25,-0.25,-0.9));
#1774 = VECTOR('',#1775,1.);
#1775 = DIRECTION('',(-1.,1.224646799147E-16,0.));
#1776 = ORIENTED_EDGE('',*,*,#1733,.T.);
#1777 = ORIENTED_EDGE('',*,*,#996,.F.);
#1778 = PLANE('',#1779);
#1779 = AXIS2_PLACEMENT_3D('',#1780,#1781,#1782);
#1780 = CARTESIAN_POINT('',(2.25,-0.25,-0.9));
#1781 = DIRECTION('',(1.224646799147E-16,1.,0.));
#1782 = DIRECTION('',(0.,-0.,1.));
#1783 = ADVANCED_FACE('',(#1784),#1827,.F.);
#1784 = FACE_BOUND('',#1785,.F.);
#1785 = EDGE_LOOP('',(#1786,#1796,#1804,#1810,#1811,#1812,#1813,#1821));
#1786 = ORIENTED_EDGE('',*,*,#1787,.T.);
#1787 = EDGE_CURVE('',#1788,#1790,#1792,.T.);
#1788 = VERTEX_POINT('',#1789);
#1789 = CARTESIAN_POINT('',(2.25,0.281578947368,-3.2));
#1790 = VERTEX_POINT('',#1791);
#1791 = CARTESIAN_POINT('',(2.25,-0.218421052632,-3.2));
#1792 = LINE('',#1793,#1794);
#1793 = CARTESIAN_POINT('',(2.25,0.25,-3.2));
#1794 = VECTOR('',#1795,1.);
#1795 = DIRECTION('',(-1.224646799147E-16,-1.,0.));
#1796 = ORIENTED_EDGE('',*,*,#1797,.T.);
#1797 = EDGE_CURVE('',#1790,#1798,#1800,.T.);
#1798 = VERTEX_POINT('',#1799);
#1799 = CARTESIAN_POINT('',(2.25,5.E-02,-1.5));
#1800 = LINE('',#1801,#1802);
#1801 = CARTESIAN_POINT('',(2.25,-0.25,-3.4));
#1802 = VECTOR('',#1803,1.);
#1803 = DIRECTION('',(1.909990663905E-17,0.155962573473,0.987762965329)
  );
#1804 = ORIENTED_EDGE('',*,*,#1805,.T.);
#1805 = EDGE_CURVE('',#1798,#1764,#1806,.T.);
#1806 = LINE('',#1807,#1808);
#1807 = CARTESIAN_POINT('',(2.25,5.E-02,-1.5));
#1808 = VECTOR('',#1809,1.);
#1809 = DIRECTION('',(-5.476786982641E-17,-0.4472135955,0.894427191));
#1810 = ORIENTED_EDGE('',*,*,#1763,.T.);
#1811 = ORIENTED_EDGE('',*,*,#988,.F.);
#1812 = ORIENTED_EDGE('',*,*,#1676,.T.);
#1813 = ORIENTED_EDGE('',*,*,#1814,.T.);
#1814 = EDGE_CURVE('',#1677,#1815,#1817,.T.);
#1815 = VERTEX_POINT('',#1816);
#1816 = CARTESIAN_POINT('',(2.25,0.55,-1.5));
#1817 = LINE('',#1818,#1819);
#1818 = CARTESIAN_POINT('',(2.25,0.25,-0.9));
#1819 = VECTOR('',#1820,1.);
#1820 = DIRECTION('',(5.476786982641E-17,0.4472135955,-0.894427191));
#1821 = ORIENTED_EDGE('',*,*,#1822,.T.);
#1822 = EDGE_CURVE('',#1815,#1788,#1823,.T.);
#1823 = LINE('',#1824,#1825);
#1824 = CARTESIAN_POINT('',(2.25,0.55,-1.5));
#1825 = VECTOR('',#1826,1.);
#1826 = DIRECTION('',(-1.909990663905E-17,-0.155962573473,
    -0.987762965329));
#1827 = PLANE('',#1828);
#1828 = AXIS2_PLACEMENT_3D('',#1829,#1830,#1831);
#1829 = CARTESIAN_POINT('',(2.25,4.326643272645E-02,0.775746953017));
#1830 = DIRECTION('',(-1.,1.224646799147E-16,0.));
#1831 = DIRECTION('',(0.,0.,1.));
#1832 = ADVANCED_FACE('',(#1833),#1839,.F.);
#1833 = FACE_BOUND('',#1834,.F.);
#1834 = EDGE_LOOP('',(#1835,#1836,#1837,#1838));
#1835 = ORIENTED_EDGE('',*,*,#1236,.T.);
#1836 = ORIENTED_EDGE('',*,*,#1052,.T.);
#1837 = ORIENTED_EDGE('',*,*,#1098,.F.);
#1838 = ORIENTED_EDGE('',*,*,#1147,.F.);
#1839 = PLANE('',#1840);
#1840 = AXIS2_PLACEMENT_3D('',#1841,#1842,#1843);
#1841 = CARTESIAN_POINT('',(-0.45,1.75,4.2));
#1842 = DIRECTION('',(-1.224646799147E-16,-1.,0.));
#1843 = DIRECTION('',(-1.,1.224646799147E-16,0.));
#1844 = ADVANCED_FACE('',(#1845,#1874,#1908),#1942,.T.);
#1845 = FACE_BOUND('',#1846,.T.);
#1846 = EDGE_LOOP('',(#1847,#1848,#1849,#1850,#1851,#1859,#1867,#1873));
#1847 = ORIENTED_EDGE('',*,*,#1421,.T.);
#1848 = ORIENTED_EDGE('',*,*,#1449,.T.);
#1849 = ORIENTED_EDGE('',*,*,#1513,.T.);
#1850 = ORIENTED_EDGE('',*,*,#1554,.T.);
#1851 = ORIENTED_EDGE('',*,*,#1852,.F.);
#1852 = EDGE_CURVE('',#1853,#1555,#1855,.T.);
#1853 = VERTEX_POINT('',#1854);
#1854 = CARTESIAN_POINT('',(0.8,-2.,1.8));
#1855 = LINE('',#1856,#1857);
#1856 = CARTESIAN_POINT('',(0.8,-2.,1.8));
#1857 = VECTOR('',#1858,1.);
#1858 = DIRECTION('',(-1.224646799147E-16,-1.,0.));
#1859 = ORIENTED_EDGE('',*,*,#1860,.F.);
#1860 = EDGE_CURVE('',#1861,#1853,#1863,.T.);
#1861 = VERTEX_POINT('',#1862);
#1862 = CARTESIAN_POINT('',(1.2,-2.,1.8));
#1863 = LINE('',#1864,#1865);
#1864 = CARTESIAN_POINT('',(1.2,-2.,1.8));
#1865 = VECTOR('',#1866,1.);
#1866 = DIRECTION('',(-1.,1.224646799147E-16,0.));
#1867 = ORIENTED_EDGE('',*,*,#1868,.F.);
#1868 = EDGE_CURVE('',#1579,#1861,#1869,.T.);
#1869 = LINE('',#1870,#1871);
#1870 = CARTESIAN_POINT('',(1.2,-2.3,1.8));
#1871 = VECTOR('',#1872,1.);
#1872 = DIRECTION('',(1.224646799147E-16,1.,0.));
#1873 = ORIENTED_EDGE('',*,*,#1586,.T.);
#1874 = FACE_BOUND('',#1875,.T.);
#1875 = EDGE_LOOP('',(#1876,#1886,#1894,#1902));
#1876 = ORIENTED_EDGE('',*,*,#1877,.T.);
#1877 = EDGE_CURVE('',#1878,#1880,#1882,.T.);
#1878 = VERTEX_POINT('',#1879);
#1879 = CARTESIAN_POINT('',(1.75,0.25,1.8));
#1880 = VERTEX_POINT('',#1881);
#1881 = CARTESIAN_POINT('',(2.25,0.25,1.8));
#1882 = LINE('',#1883,#1884);
#1883 = CARTESIAN_POINT('',(1.625,0.25,1.8));
#1884 = VECTOR('',#1885,1.);
#1885 = DIRECTION('',(1.,-1.224646799147E-16,0.));
#1886 = ORIENTED_EDGE('',*,*,#1887,.T.);
#1887 = EDGE_CURVE('',#1880,#1888,#1890,.T.);
#1888 = VERTEX_POINT('',#1889);
#1889 = CARTESIAN_POINT('',(2.25,-0.25,1.8));
#1890 = LINE('',#1891,#1892);
#1891 = CARTESIAN_POINT('',(2.25,-0.278366783637,1.8));
#1892 = VECTOR('',#1893,1.);
#1893 = DIRECTION('',(-1.224646799147E-16,-1.,0.));
#1894 = ORIENTED_EDGE('',*,*,#1895,.T.);
#1895 = EDGE_CURVE('',#1888,#1896,#1898,.T.);
#1896 = VERTEX_POINT('',#1897);
#1897 = CARTESIAN_POINT('',(1.75,-0.25,1.8));
#1898 = LINE('',#1899,#1900);
#1899 = CARTESIAN_POINT('',(1.625,-0.25,1.8));
#1900 = VECTOR('',#1901,1.);
#1901 = DIRECTION('',(-1.,1.224646799147E-16,0.));
#1902 = ORIENTED_EDGE('',*,*,#1903,.F.);
#1903 = EDGE_CURVE('',#1878,#1896,#1904,.T.);
#1904 = LINE('',#1905,#1906);
#1905 = CARTESIAN_POINT('',(1.75,-0.278366783637,1.8));
#1906 = VECTOR('',#1907,1.);
#1907 = DIRECTION('',(-1.224646799147E-16,-1.,0.));
#1908 = FACE_BOUND('',#1909,.T.);
#1909 = EDGE_LOOP('',(#1910,#1920,#1928,#1936));
#1910 = ORIENTED_EDGE('',*,*,#1911,.T.);
#1911 = EDGE_CURVE('',#1912,#1914,#1916,.T.);
#1912 = VERTEX_POINT('',#1913);
#1913 = CARTESIAN_POINT('',(-0.25,0.25,1.8));
#1914 = VERTEX_POINT('',#1915);
#1915 = CARTESIAN_POINT('',(0.25,0.25,1.8));
#1916 = LINE('',#1917,#1918);
#1917 = CARTESIAN_POINT('',(0.625,0.25,1.8));
#1918 = VECTOR('',#1919,1.);
#1919 = DIRECTION('',(1.,-1.224646799147E-16,0.));
#1920 = ORIENTED_EDGE('',*,*,#1921,.T.);
#1921 = EDGE_CURVE('',#1914,#1922,#1924,.T.);
#1922 = VERTEX_POINT('',#1923);
#1923 = CARTESIAN_POINT('',(0.25,-0.25,1.8));
#1924 = LINE('',#1925,#1926);
#1925 = CARTESIAN_POINT('',(0.25,-0.278366783637,1.8));
#1926 = VECTOR('',#1927,1.);
#1927 = DIRECTION('',(-1.224646799147E-16,-1.,0.));
#1928 = ORIENTED_EDGE('',*,*,#1929,.T.);
#1929 = EDGE_CURVE('',#1922,#1930,#1932,.T.);
#1930 = VERTEX_POINT('',#1931);
#1931 = CARTESIAN_POINT('',(-0.25,-0.25,1.8));
#1932 = LINE('',#1933,#1934);
#1933 = CARTESIAN_POINT('',(0.625,-0.25,1.8));
#1934 = VECTOR('',#1935,1.);
#1935 = DIRECTION('',(-1.,1.224646799147E-16,0.));
#1936 = ORIENTED_EDGE('',*,*,#1937,.F.);
#1937 = EDGE_CURVE('',#1912,#1930,#1938,.T.);
#1938 = LINE('',#1939,#1940);
#1939 = CARTESIAN_POINT('',(-0.25,-0.278366783637,1.8));
#1940 = VECTOR('',#1941,1.);
#1941 = DIRECTION('',(-1.224646799147E-16,-1.,0.));
#1942 = PLANE('',#1943);
#1943 = AXIS2_PLACEMENT_3D('',#1944,#1945,#1946);
#1944 = CARTESIAN_POINT('',(1.,-0.6,1.8));
#1945 = DIRECTION('',(0.,0.,1.));
#1946 = DIRECTION('',(-1.,1.224646799147E-16,0.));
#1947 = ADVANCED_FACE('',(#1948),#1966,.F.);
#1948 = FACE_BOUND('',#1949,.F.);
#1949 = EDGE_LOOP('',(#1950,#1951,#1959,#1965));
#1950 = ORIENTED_EDGE('',*,*,#1578,.T.);
#1951 = ORIENTED_EDGE('',*,*,#1952,.T.);
#1952 = EDGE_CURVE('',#1571,#1953,#1955,.T.);
#1953 = VERTEX_POINT('',#1954);
#1954 = CARTESIAN_POINT('',(1.2,-2.,3.7));
#1955 = LINE('',#1956,#1957);
#1956 = CARTESIAN_POINT('',(1.2,-2.3,3.7));
#1957 = VECTOR('',#1958,1.);
#1958 = DIRECTION('',(1.224646799147E-16,1.,0.));
#1959 = ORIENTED_EDGE('',*,*,#1960,.F.);
#1960 = EDGE_CURVE('',#1861,#1953,#1961,.T.);
#1961 = LINE('',#1962,#1963);
#1962 = CARTESIAN_POINT('',(1.2,-2.,1.8));
#1963 = VECTOR('',#1964,1.);
#1964 = DIRECTION('',(0.,0.,1.));
#1965 = ORIENTED_EDGE('',*,*,#1868,.F.);
#1966 = PLANE('',#1967);
#1967 = AXIS2_PLACEMENT_3D('',#1968,#1969,#1970);
#1968 = CARTESIAN_POINT('',(1.2,-2.3,1.8));
#1969 = DIRECTION('',(-1.,1.224646799147E-16,0.));
#1970 = DIRECTION('',(1.224646799147E-16,1.,0.));
#1971 = ADVANCED_FACE('',(#1972),#1990,.T.);
#1972 = FACE_BOUND('',#1973,.T.);
#1973 = EDGE_LOOP('',(#1974,#1982,#1988,#1989));
#1974 = ORIENTED_EDGE('',*,*,#1975,.T.);
#1975 = EDGE_CURVE('',#1953,#1976,#1978,.T.);
#1976 = VERTEX_POINT('',#1977);
#1977 = CARTESIAN_POINT('',(0.8,-2.,3.7));
#1978 = LINE('',#1979,#1980);
#1979 = CARTESIAN_POINT('',(1.2,-2.,3.7));
#1980 = VECTOR('',#1981,1.);
#1981 = DIRECTION('',(-1.,1.224646799147E-16,0.));
#1982 = ORIENTED_EDGE('',*,*,#1983,.T.);
#1983 = EDGE_CURVE('',#1976,#1563,#1984,.T.);
#1984 = LINE('',#1985,#1986);
#1985 = CARTESIAN_POINT('',(0.8,-2.,3.7));
#1986 = VECTOR('',#1987,1.);
#1987 = DIRECTION('',(-1.224646799147E-16,-1.,0.));
#1988 = ORIENTED_EDGE('',*,*,#1570,.T.);
#1989 = ORIENTED_EDGE('',*,*,#1952,.T.);
#1990 = PLANE('',#1991);
#1991 = AXIS2_PLACEMENT_3D('',#1992,#1993,#1994);
#1992 = CARTESIAN_POINT('',(1.,-2.15,3.7));
#1993 = DIRECTION('',(0.,0.,1.));
#1994 = DIRECTION('',(-1.,1.224646799147E-16,0.));
#1995 = ADVANCED_FACE('',(#1996),#2007,.F.);
#1996 = FACE_BOUND('',#1997,.F.);
#1997 = EDGE_LOOP('',(#1998,#2004,#2005,#2006));
#1998 = ORIENTED_EDGE('',*,*,#1999,.T.);
#1999 = EDGE_CURVE('',#1853,#1976,#2000,.T.);
#2000 = LINE('',#2001,#2002);
#2001 = CARTESIAN_POINT('',(0.8,-2.,1.8));
#2002 = VECTOR('',#2003,1.);
#2003 = DIRECTION('',(0.,0.,1.));
#2004 = ORIENTED_EDGE('',*,*,#1983,.T.);
#2005 = ORIENTED_EDGE('',*,*,#1562,.F.);
#2006 = ORIENTED_EDGE('',*,*,#1852,.F.);
#2007 = PLANE('',#2008);
#2008 = AXIS2_PLACEMENT_3D('',#2009,#2010,#2011);
#2009 = CARTESIAN_POINT('',(0.8,-2.,1.8));
#2010 = DIRECTION('',(1.,-1.224646799147E-16,0.));
#2011 = DIRECTION('',(-1.224646799147E-16,-1.,0.));
#2012 = ADVANCED_FACE('',(#2013),#2038,.F.);
#2013 = FACE_BOUND('',#2014,.F.);
#2014 = EDGE_LOOP('',(#2015,#2023,#2024,#2032));
#2015 = ORIENTED_EDGE('',*,*,#2016,.F.);
#2016 = EDGE_CURVE('',#1610,#2017,#2019,.T.);
#2017 = VERTEX_POINT('',#2018);
#2018 = CARTESIAN_POINT('',(0.25,0.25,-0.9));
#2019 = LINE('',#2020,#2021);
#2020 = CARTESIAN_POINT('',(0.25,0.25,5.));
#2021 = VECTOR('',#2022,1.);
#2022 = DIRECTION('',(-0.,0.,-1.));
#2023 = ORIENTED_EDGE('',*,*,#1607,.F.);
#2024 = ORIENTED_EDGE('',*,*,#2025,.T.);
#2025 = EDGE_CURVE('',#1608,#2026,#2028,.T.);
#2026 = VERTEX_POINT('',#2027);
#2027 = CARTESIAN_POINT('',(-0.25,0.25,-0.9));
#2028 = LINE('',#2029,#2030);
#2029 = CARTESIAN_POINT('',(-0.25,0.25,5.));
#2030 = VECTOR('',#2031,1.);
#2031 = DIRECTION('',(-0.,0.,-1.));
#2032 = ORIENTED_EDGE('',*,*,#2033,.F.);
#2033 = EDGE_CURVE('',#2017,#2026,#2034,.T.);
#2034 = LINE('',#2035,#2036);
#2035 = CARTESIAN_POINT('',(0.25,0.25,-0.9));
#2036 = VECTOR('',#2037,1.);
#2037 = DIRECTION('',(-1.,1.224646799147E-16,0.));
#2038 = PLANE('',#2039);
#2039 = AXIS2_PLACEMENT_3D('',#2040,#2041,#2042);
#2040 = CARTESIAN_POINT('',(0.25,0.25,5.));
#2041 = DIRECTION('',(-1.224646799147E-16,-1.,0.));
#2042 = DIRECTION('',(-0.,0.,-1.));
#2043 = ADVANCED_FACE('',(#2044),#2094,.T.);
#2044 = FACE_BOUND('',#2045,.T.);
#2045 = EDGE_LOOP('',(#2046,#2056,#2064,#2072,#2078,#2079,#2080,#2088));
#2046 = ORIENTED_EDGE('',*,*,#2047,.T.);
#2047 = EDGE_CURVE('',#2048,#2050,#2052,.T.);
#2048 = VERTEX_POINT('',#2049);
#2049 = CARTESIAN_POINT('',(-0.25,0.281578947368,-3.2));
#2050 = VERTEX_POINT('',#2051);
#2051 = CARTESIAN_POINT('',(-0.25,-0.218421052632,-3.2));
#2052 = LINE('',#2053,#2054);
#2053 = CARTESIAN_POINT('',(-0.25,0.25,-3.2));
#2054 = VECTOR('',#2055,1.);
#2055 = DIRECTION('',(-1.224646799147E-16,-1.,0.));
#2056 = ORIENTED_EDGE('',*,*,#2057,.T.);
#2057 = EDGE_CURVE('',#2050,#2058,#2060,.T.);
#2058 = VERTEX_POINT('',#2059);
#2059 = CARTESIAN_POINT('',(-0.25,5.E-02,-1.5));
#2060 = LINE('',#2061,#2062);
#2061 = CARTESIAN_POINT('',(-0.25,-0.25,-3.4));
#2062 = VECTOR('',#2063,1.);
#2063 = DIRECTION('',(1.909990663905E-17,0.155962573473,0.987762965329)
  );
#2064 = ORIENTED_EDGE('',*,*,#2065,.T.);
#2065 = EDGE_CURVE('',#2058,#2066,#2068,.T.);
#2066 = VERTEX_POINT('',#2067);
#2067 = CARTESIAN_POINT('',(-0.25,-0.25,-0.9));
#2068 = LINE('',#2069,#2070);
#2069 = CARTESIAN_POINT('',(-0.25,5.E-02,-1.5));
#2070 = VECTOR('',#2071,1.);
#2071 = DIRECTION('',(-5.476786982641E-17,-0.4472135955,0.894427191));
#2072 = ORIENTED_EDGE('',*,*,#2073,.T.);
#2073 = EDGE_CURVE('',#2066,#1626,#2074,.T.);
#2074 = LINE('',#2075,#2076);
#2075 = CARTESIAN_POINT('',(-0.25,-0.25,-0.9));
#2076 = VECTOR('',#2077,1.);
#2077 = DIRECTION('',(0.,0.,1.));
#2078 = ORIENTED_EDGE('',*,*,#1633,.F.);
#2079 = ORIENTED_EDGE('',*,*,#2025,.T.);
#2080 = ORIENTED_EDGE('',*,*,#2081,.T.);
#2081 = EDGE_CURVE('',#2026,#2082,#2084,.T.);
#2082 = VERTEX_POINT('',#2083);
#2083 = CARTESIAN_POINT('',(-0.25,0.55,-1.5));
#2084 = LINE('',#2085,#2086);
#2085 = CARTESIAN_POINT('',(-0.25,0.25,-0.9));
#2086 = VECTOR('',#2087,1.);
#2087 = DIRECTION('',(5.476786982641E-17,0.4472135955,-0.894427191));
#2088 = ORIENTED_EDGE('',*,*,#2089,.T.);
#2089 = EDGE_CURVE('',#2082,#2048,#2090,.T.);
#2090 = LINE('',#2091,#2092);
#2091 = CARTESIAN_POINT('',(-0.25,0.55,-1.5));
#2092 = VECTOR('',#2093,1.);
#2093 = DIRECTION('',(-1.909990663905E-17,-0.155962573473,
    -0.987762965329));
#2094 = PLANE('',#2095);
#2095 = AXIS2_PLACEMENT_3D('',#2096,#2097,#2098);
#2096 = CARTESIAN_POINT('',(-0.25,4.326643272645E-02,0.775746953017));
#2097 = DIRECTION('',(-1.,1.224646799147E-16,0.));
#2098 = DIRECTION('',(0.,0.,1.));
#2099 = ADVANCED_FACE('',(#2100),#2118,.F.);
#2100 = FACE_BOUND('',#2101,.F.);
#2101 = EDGE_LOOP('',(#2102,#2110,#2116,#2117));
#2102 = ORIENTED_EDGE('',*,*,#2103,.F.);
#2103 = EDGE_CURVE('',#2104,#1618,#2106,.T.);
#2104 = VERTEX_POINT('',#2105);
#2105 = CARTESIAN_POINT('',(0.25,-0.25,-0.9));
#2106 = LINE('',#2107,#2108);
#2107 = CARTESIAN_POINT('',(0.25,-0.25,-0.9));
#2108 = VECTOR('',#2109,1.);
#2109 = DIRECTION('',(0.,0.,1.));
#2110 = ORIENTED_EDGE('',*,*,#2111,.T.);
#2111 = EDGE_CURVE('',#2104,#2066,#2112,.T.);
#2112 = LINE('',#2113,#2114);
#2113 = CARTESIAN_POINT('',(0.25,-0.25,-0.9));
#2114 = VECTOR('',#2115,1.);
#2115 = DIRECTION('',(-1.,1.224646799147E-16,0.));
#2116 = ORIENTED_EDGE('',*,*,#2073,.T.);
#2117 = ORIENTED_EDGE('',*,*,#1625,.F.);
#2118 = PLANE('',#2119);
#2119 = AXIS2_PLACEMENT_3D('',#2120,#2121,#2122);
#2120 = CARTESIAN_POINT('',(0.25,-0.25,-0.9));
#2121 = DIRECTION('',(1.224646799147E-16,1.,0.));
#2122 = DIRECTION('',(0.,-0.,1.));
#2123 = ADVANCED_FACE('',(#2124),#2167,.F.);
#2124 = FACE_BOUND('',#2125,.F.);
#2125 = EDGE_LOOP('',(#2126,#2136,#2144,#2150,#2151,#2152,#2153,#2161));
#2126 = ORIENTED_EDGE('',*,*,#2127,.T.);
#2127 = EDGE_CURVE('',#2128,#2130,#2132,.T.);
#2128 = VERTEX_POINT('',#2129);
#2129 = CARTESIAN_POINT('',(0.25,0.281578947368,-3.2));
#2130 = VERTEX_POINT('',#2131);
#2131 = CARTESIAN_POINT('',(0.25,-0.218421052632,-3.2));
#2132 = LINE('',#2133,#2134);
#2133 = CARTESIAN_POINT('',(0.25,0.25,-3.2));
#2134 = VECTOR('',#2135,1.);
#2135 = DIRECTION('',(-1.224646799147E-16,-1.,0.));
#2136 = ORIENTED_EDGE('',*,*,#2137,.T.);
#2137 = EDGE_CURVE('',#2130,#2138,#2140,.T.);
#2138 = VERTEX_POINT('',#2139);
#2139 = CARTESIAN_POINT('',(0.25,5.E-02,-1.5));
#2140 = LINE('',#2141,#2142);
#2141 = CARTESIAN_POINT('',(0.25,-0.25,-3.4));
#2142 = VECTOR('',#2143,1.);
#2143 = DIRECTION('',(1.909990663905E-17,0.155962573473,0.987762965329)
  );
#2144 = ORIENTED_EDGE('',*,*,#2145,.T.);
#2145 = EDGE_CURVE('',#2138,#2104,#2146,.T.);
#2146 = LINE('',#2147,#2148);
#2147 = CARTESIAN_POINT('',(0.25,5.E-02,-1.5));
#2148 = VECTOR('',#2149,1.);
#2149 = DIRECTION('',(-5.476786982641E-17,-0.4472135955,0.894427191));
#2150 = ORIENTED_EDGE('',*,*,#2103,.T.);
#2151 = ORIENTED_EDGE('',*,*,#1617,.F.);
#2152 = ORIENTED_EDGE('',*,*,#2016,.T.);
#2153 = ORIENTED_EDGE('',*,*,#2154,.T.);
#2154 = EDGE_CURVE('',#2017,#2155,#2157,.T.);
#2155 = VERTEX_POINT('',#2156);
#2156 = CARTESIAN_POINT('',(0.25,0.55,-1.5));
#2157 = LINE('',#2158,#2159);
#2158 = CARTESIAN_POINT('',(0.25,0.25,-0.9));
#2159 = VECTOR('',#2160,1.);
#2160 = DIRECTION('',(5.476786982641E-17,0.4472135955,-0.894427191));
#2161 = ORIENTED_EDGE('',*,*,#2162,.T.);
#2162 = EDGE_CURVE('',#2155,#2128,#2163,.T.);
#2163 = LINE('',#2164,#2165);
#2164 = CARTESIAN_POINT('',(0.25,0.55,-1.5));
#2165 = VECTOR('',#2166,1.);
#2166 = DIRECTION('',(-1.909990663905E-17,-0.155962573473,
    -0.987762965329));
#2167 = PLANE('',#2168);
#2168 = AXIS2_PLACEMENT_3D('',#2169,#2170,#2171);
#2169 = CARTESIAN_POINT('',(0.25,4.326643272645E-02,0.775746953017));
#2170 = DIRECTION('',(-1.,1.224646799147E-16,0.));
#2171 = DIRECTION('',(0.,0.,1.));
#2172 = ADVANCED_FACE('',(#2173),#2184,.F.);
#2173 = FACE_BOUND('',#2174,.F.);
#2174 = EDGE_LOOP('',(#2175,#2176,#2177,#2183));
#2175 = ORIENTED_EDGE('',*,*,#1693,.T.);
#2176 = ORIENTED_EDGE('',*,*,#1741,.T.);
#2177 = ORIENTED_EDGE('',*,*,#2178,.F.);
#2178 = EDGE_CURVE('',#1815,#1742,#2179,.T.);
#2179 = LINE('',#2180,#2181);
#2180 = CARTESIAN_POINT('',(2.25,0.55,-1.5));
#2181 = VECTOR('',#2182,1.);
#2182 = DIRECTION('',(-1.,1.224646799147E-16,0.));
#2183 = ORIENTED_EDGE('',*,*,#1814,.F.);
#2184 = PLANE('',#2185);
#2185 = AXIS2_PLACEMENT_3D('',#2186,#2187,#2188);
#2186 = CARTESIAN_POINT('',(2.25,0.25,-0.9));
#2187 = DIRECTION('',(-1.095357396528E-16,-0.894427191,-0.4472135955));
#2188 = DIRECTION('',(5.476786982641E-17,0.4472135955,-0.894427191));
#2189 = ADVANCED_FACE('',(#2190),#2231,.F.);
#2190 = FACE_BOUND('',#2191,.T.);
#2191 = EDGE_LOOP('',(#2192,#2202,#2208,#2209,#2217,#2225));
#2192 = ORIENTED_EDGE('',*,*,#2193,.T.);
#2193 = EDGE_CURVE('',#2194,#2196,#2198,.T.);
#2194 = VERTEX_POINT('',#2195);
#2195 = CARTESIAN_POINT('',(1.95,-5.E-02,-3.4));
#2196 = VERTEX_POINT('',#2197);
#2197 = CARTESIAN_POINT('',(1.752447406934,-0.218807485305,
    -3.202447406934));
#2198 = LINE('',#2199,#2200);
#2199 = CARTESIAN_POINT('',(1.983963101414,-2.097873708559E-02,
    -3.433963101414));
#2200 = VECTOR('',#2201,1.);
#2201 = DIRECTION('',(-0.605209817607,-0.517148096144,0.605209817607));
#2202 = ORIENTED_EDGE('',*,*,#2203,.T.);
#2203 = EDGE_CURVE('',#2196,#1710,#2204,.T.);
#2204 = LINE('',#2205,#2206);
#2205 = CARTESIAN_POINT('',(1.955198358413,-0.250820793434,
    -3.405198358413));
#2206 = VECTOR('',#2207,1.);
#2207 = DIRECTION('',(-0.702740385383,0.110959008218,0.702740385383));
#2208 = ORIENTED_EDGE('',*,*,#1707,.F.);
#2209 = ORIENTED_EDGE('',*,*,#2210,.F.);
#2210 = EDGE_CURVE('',#2211,#1708,#2213,.T.);
#2211 = VERTEX_POINT('',#2212);
#2212 = CARTESIAN_POINT('',(1.752447406934,0.281192514695,
    -3.202447406934));
#2213 = LINE('',#2214,#2215);
#2214 = CARTESIAN_POINT('',(1.493844049248,0.322024623803,
    -2.943844049248));
#2215 = VECTOR('',#2216,1.);
#2216 = DIRECTION('',(-0.702740385383,0.110959008218,0.702740385383));
#2217 = ORIENTED_EDGE('',*,*,#2218,.F.);
#2218 = EDGE_CURVE('',#2219,#2211,#2221,.T.);
#2219 = VERTEX_POINT('',#2220);
#2220 = CARTESIAN_POINT('',(1.95,5.E-02,-3.4));
#2221 = LINE('',#2222,#2223);
#2222 = CARTESIAN_POINT('',(1.895376695718,0.113924744707,
    -3.345376695718));
#2223 = VECTOR('',#2224,1.);
#2224 = DIRECTION('',(-0.544770019249,0.63753529491,0.544770019249));
#2225 = ORIENTED_EDGE('',*,*,#2226,.T.);
#2226 = EDGE_CURVE('',#2219,#2194,#2227,.T.);
#2227 = LINE('',#2228,#2229);
#2228 = CARTESIAN_POINT('',(1.95,0.25,-3.4));
#2229 = VECTOR('',#2230,1.);
#2230 = DIRECTION('',(-1.224646799147E-16,-1.,0.));
#2231 = PLANE('',#2232);
#2232 = AXIS2_PLACEMENT_3D('',#2233,#2234,#2235);
#2233 = CARTESIAN_POINT('',(1.85,0.25,-3.3));
#2234 = DIRECTION('',(0.707106781187,-8.833102285013E-17,0.707106781187)
  );
#2235 = DIRECTION('',(1.236918052038E-16,1.,1.227125289097E-18));
#2236 = ADVANCED_FACE('',(#2237),#2257,.F.);
#2237 = FACE_BOUND('',#2238,.F.);
#2238 = EDGE_LOOP('',(#2239,#2240,#2241,#2242,#2243,#2251));
#2239 = ORIENTED_EDGE('',*,*,#1822,.F.);
#2240 = ORIENTED_EDGE('',*,*,#2178,.T.);
#2241 = ORIENTED_EDGE('',*,*,#1749,.T.);
#2242 = ORIENTED_EDGE('',*,*,#2210,.F.);
#2243 = ORIENTED_EDGE('',*,*,#2244,.F.);
#2244 = EDGE_CURVE('',#2245,#2211,#2247,.T.);
#2245 = VERTEX_POINT('',#2246);
#2246 = CARTESIAN_POINT('',(2.247552593066,0.281192514695,
    -3.202447406934));
#2247 = LINE('',#2248,#2249);
#2248 = CARTESIAN_POINT('',(2.25,0.281192514695,-3.202447406934));
#2249 = VECTOR('',#2250,1.);
#2250 = DIRECTION('',(-1.,1.224646799147E-16,0.));
#2251 = ORIENTED_EDGE('',*,*,#2252,.T.);
#2252 = EDGE_CURVE('',#2245,#1788,#2253,.T.);
#2253 = LINE('',#2254,#2255);
#2254 = CARTESIAN_POINT('',(2.629616963064,0.341518467852,
    -2.820383036936));
#2255 = VECTOR('',#2256,1.);
#2256 = DIRECTION('',(0.702740385383,0.110959008218,0.702740385383));
#2257 = PLANE('',#2258);
#2258 = AXIS2_PLACEMENT_3D('',#2259,#2260,#2261);
#2259 = CARTESIAN_POINT('',(2.25,0.55,-1.5));
#2260 = DIRECTION('',(-1.209660753807E-16,-0.987762965329,0.155962573473
    ));
#2261 = DIRECTION('',(-1.909990663905E-17,-0.155962573473,
    -0.987762965329));
#2262 = ADVANCED_FACE('',(#2263),#2274,.F.);
#2263 = FACE_BOUND('',#2264,.F.);
#2264 = EDGE_LOOP('',(#2265,#2271,#2272,#2273));
#2265 = ORIENTED_EDGE('',*,*,#2266,.T.);
#2266 = EDGE_CURVE('',#1798,#1718,#2267,.T.);
#2267 = LINE('',#2268,#2269);
#2268 = CARTESIAN_POINT('',(2.25,5.E-02,-1.5));
#2269 = VECTOR('',#2270,1.);
#2270 = DIRECTION('',(-1.,1.224646799147E-16,0.));
#2271 = ORIENTED_EDGE('',*,*,#1725,.T.);
#2272 = ORIENTED_EDGE('',*,*,#1771,.F.);
#2273 = ORIENTED_EDGE('',*,*,#1805,.F.);
#2274 = PLANE('',#2275);
#2275 = AXIS2_PLACEMENT_3D('',#2276,#2277,#2278);
#2276 = CARTESIAN_POINT('',(2.25,5.E-02,-1.5));
#2277 = DIRECTION('',(1.095357396528E-16,0.894427191,0.4472135955));
#2278 = DIRECTION('',(-5.476786982641E-17,-0.4472135955,0.894427191));
#2279 = ADVANCED_FACE('',(#2280),#2300,.F.);
#2280 = FACE_BOUND('',#2281,.F.);
#2281 = EDGE_LOOP('',(#2282,#2283,#2291,#2297,#2298,#2299));
#2282 = ORIENTED_EDGE('',*,*,#1797,.F.);
#2283 = ORIENTED_EDGE('',*,*,#2284,.F.);
#2284 = EDGE_CURVE('',#2285,#1790,#2287,.T.);
#2285 = VERTEX_POINT('',#2286);
#2286 = CARTESIAN_POINT('',(2.247552593066,-0.218807485305,
    -3.202447406934));
#2287 = LINE('',#2288,#2289);
#2288 = CARTESIAN_POINT('',(2.168262653899,-0.231326949384,
    -3.281737346101));
#2289 = VECTOR('',#2290,1.);
#2290 = DIRECTION('',(0.702740385383,0.110959008218,0.702740385383));
#2291 = ORIENTED_EDGE('',*,*,#2292,.T.);
#2292 = EDGE_CURVE('',#2285,#2196,#2293,.T.);
#2293 = LINE('',#2294,#2295);
#2294 = CARTESIAN_POINT('',(2.25,-0.218807485305,-3.202447406934));
#2295 = VECTOR('',#2296,1.);
#2296 = DIRECTION('',(-1.,1.224646799147E-16,0.));
#2297 = ORIENTED_EDGE('',*,*,#2203,.T.);
#2298 = ORIENTED_EDGE('',*,*,#1717,.T.);
#2299 = ORIENTED_EDGE('',*,*,#2266,.F.);
#2300 = PLANE('',#2301);
#2301 = AXIS2_PLACEMENT_3D('',#2302,#2303,#2304);
#2302 = CARTESIAN_POINT('',(2.25,-0.25,-3.4));
#2303 = DIRECTION('',(1.209660753807E-16,0.987762965329,-0.155962573473)
  );
#2304 = DIRECTION('',(1.909990663905E-17,0.155962573473,0.987762965329)
  );
#2305 = ADVANCED_FACE('',(#2306),#2333,.T.);
#2306 = FACE_BOUND('',#2307,.F.);
#2307 = EDGE_LOOP('',(#2308,#2316,#2317,#2318,#2319,#2327));
#2308 = ORIENTED_EDGE('',*,*,#2309,.T.);
#2309 = EDGE_CURVE('',#2310,#2285,#2312,.T.);
#2310 = VERTEX_POINT('',#2311);
#2311 = CARTESIAN_POINT('',(2.05,-5.E-02,-3.4));
#2312 = LINE('',#2313,#2314);
#2313 = CARTESIAN_POINT('',(2.107606629418,-9.922451332131E-02,
    -3.342393370582));
#2314 = VECTOR('',#2315,1.);
#2315 = DIRECTION('',(0.605209817607,-0.517148096144,0.605209817607));
#2316 = ORIENTED_EDGE('',*,*,#2284,.T.);
#2317 = ORIENTED_EDGE('',*,*,#1787,.F.);
#2318 = ORIENTED_EDGE('',*,*,#2252,.F.);
#2319 = ORIENTED_EDGE('',*,*,#2320,.F.);
#2320 = EDGE_CURVE('',#2321,#2245,#2323,.T.);
#2321 = VERTEX_POINT('',#2322);
#2322 = CARTESIAN_POINT('',(2.05,5.E-02,-3.4));
#2323 = LINE('',#2324,#2325);
#2324 = CARTESIAN_POINT('',(2.17881689775,0.200752273427,-3.27118310225)
  );
#2325 = VECTOR('',#2326,1.);
#2326 = DIRECTION('',(0.544770019249,0.63753529491,0.544770019249));
#2327 = ORIENTED_EDGE('',*,*,#2328,.T.);
#2328 = EDGE_CURVE('',#2321,#2310,#2329,.T.);
#2329 = LINE('',#2330,#2331);
#2330 = CARTESIAN_POINT('',(2.05,0.25,-3.4));
#2331 = VECTOR('',#2332,1.);
#2332 = DIRECTION('',(-1.224646799147E-16,-1.,0.));
#2333 = PLANE('',#2334);
#2334 = AXIS2_PLACEMENT_3D('',#2335,#2336,#2337);
#2335 = CARTESIAN_POINT('',(2.15,0.25,-3.3));
#2336 = DIRECTION('',(0.707106781187,-8.486018839685E-17,-0.707106781187
    ));
#2337 = DIRECTION('',(1.212375546256E-16,1.,1.227125289196E-18));
#2338 = ADVANCED_FACE('',(#2339),#2345,.F.);
#2339 = FACE_BOUND('',#2340,.F.);
#2340 = EDGE_LOOP('',(#2341,#2342,#2343,#2344));
#2341 = ORIENTED_EDGE('',*,*,#1960,.T.);
#2342 = ORIENTED_EDGE('',*,*,#1975,.T.);
#2343 = ORIENTED_EDGE('',*,*,#1999,.F.);
#2344 = ORIENTED_EDGE('',*,*,#1860,.F.);
#2345 = PLANE('',#2346);
#2346 = AXIS2_PLACEMENT_3D('',#2347,#2348,#2349);
#2347 = CARTESIAN_POINT('',(1.2,-2.,1.8));
#2348 = DIRECTION('',(-1.224646799147E-16,-1.,0.));
#2349 = DIRECTION('',(-1.,1.224646799147E-16,0.));
#2350 = ADVANCED_FACE('',(#2351),#2376,.F.);
#2351 = FACE_BOUND('',#2352,.F.);
#2352 = EDGE_LOOP('',(#2353,#2361,#2369,#2375));
#2353 = ORIENTED_EDGE('',*,*,#2354,.F.);
#2354 = EDGE_CURVE('',#2355,#1880,#2357,.T.);
#2355 = VERTEX_POINT('',#2356);
#2356 = CARTESIAN_POINT('',(2.25,0.25,4.8));
#2357 = LINE('',#2358,#2359);
#2358 = CARTESIAN_POINT('',(2.25,0.25,5.));
#2359 = VECTOR('',#2360,1.);
#2360 = DIRECTION('',(-0.,0.,-1.));
#2361 = ORIENTED_EDGE('',*,*,#2362,.T.);
#2362 = EDGE_CURVE('',#2355,#2363,#2365,.T.);
#2363 = VERTEX_POINT('',#2364);
#2364 = CARTESIAN_POINT('',(1.75,0.25,4.8));
#2365 = LINE('',#2366,#2367);
#2366 = CARTESIAN_POINT('',(2.25,0.25,4.8));
#2367 = VECTOR('',#2368,1.);
#2368 = DIRECTION('',(-1.,1.224646799147E-16,0.));
#2369 = ORIENTED_EDGE('',*,*,#2370,.T.);
#2370 = EDGE_CURVE('',#2363,#1878,#2371,.T.);
#2371 = LINE('',#2372,#2373);
#2372 = CARTESIAN_POINT('',(1.75,0.25,5.));
#2373 = VECTOR('',#2374,1.);
#2374 = DIRECTION('',(-0.,0.,-1.));
#2375 = ORIENTED_EDGE('',*,*,#1877,.T.);
#2376 = PLANE('',#2377);
#2377 = AXIS2_PLACEMENT_3D('',#2378,#2379,#2380);
#2378 = CARTESIAN_POINT('',(2.25,0.25,5.));
#2379 = DIRECTION('',(-1.224646799147E-16,-1.,0.));
#2380 = DIRECTION('',(-0.,0.,-1.));
#2381 = ADVANCED_FACE('',(#2382),#2400,.T.);
#2382 = FACE_BOUND('',#2383,.T.);
#2383 = EDGE_LOOP('',(#2384,#2385,#2393,#2399));
#2384 = ORIENTED_EDGE('',*,*,#1903,.T.);
#2385 = ORIENTED_EDGE('',*,*,#2386,.T.);
#2386 = EDGE_CURVE('',#1896,#2387,#2389,.T.);
#2387 = VERTEX_POINT('',#2388);
#2388 = CARTESIAN_POINT('',(1.75,-0.25,4.8));
#2389 = LINE('',#2390,#2391);
#2390 = CARTESIAN_POINT('',(1.75,-0.25,-0.9));
#2391 = VECTOR('',#2392,1.);
#2392 = DIRECTION('',(0.,0.,1.));
#2393 = ORIENTED_EDGE('',*,*,#2394,.T.);
#2394 = EDGE_CURVE('',#2387,#2363,#2395,.T.);
#2395 = LINE('',#2396,#2397);
#2396 = CARTESIAN_POINT('',(1.75,-0.25,4.8));
#2397 = VECTOR('',#2398,1.);
#2398 = DIRECTION('',(1.224646799147E-16,1.,0.));
#2399 = ORIENTED_EDGE('',*,*,#2370,.T.);
#2400 = PLANE('',#2401);
#2401 = AXIS2_PLACEMENT_3D('',#2402,#2403,#2404);
#2402 = CARTESIAN_POINT('',(1.75,4.326643272645E-02,0.775746953017));
#2403 = DIRECTION('',(-1.,1.224646799147E-16,0.));
#2404 = DIRECTION('',(0.,0.,1.));
#2405 = ADVANCED_FACE('',(#2406),#2424,.F.);
#2406 = FACE_BOUND('',#2407,.F.);
#2407 = EDGE_LOOP('',(#2408,#2416,#2417,#2418));
#2408 = ORIENTED_EDGE('',*,*,#2409,.F.);
#2409 = EDGE_CURVE('',#1888,#2410,#2412,.T.);
#2410 = VERTEX_POINT('',#2411);
#2411 = CARTESIAN_POINT('',(2.25,-0.25,4.8));
#2412 = LINE('',#2413,#2414);
#2413 = CARTESIAN_POINT('',(2.25,-0.25,-0.9));
#2414 = VECTOR('',#2415,1.);
#2415 = DIRECTION('',(0.,0.,1.));
#2416 = ORIENTED_EDGE('',*,*,#1895,.T.);
#2417 = ORIENTED_EDGE('',*,*,#2386,.T.);
#2418 = ORIENTED_EDGE('',*,*,#2419,.F.);
#2419 = EDGE_CURVE('',#2410,#2387,#2420,.T.);
#2420 = LINE('',#2421,#2422);
#2421 = CARTESIAN_POINT('',(2.25,-0.25,4.8));
#2422 = VECTOR('',#2423,1.);
#2423 = DIRECTION('',(-1.,1.224646799147E-16,0.));
#2424 = PLANE('',#2425);
#2425 = AXIS2_PLACEMENT_3D('',#2426,#2427,#2428);
#2426 = CARTESIAN_POINT('',(2.25,-0.25,-0.9));
#2427 = DIRECTION('',(1.224646799147E-16,1.,0.));
#2428 = DIRECTION('',(0.,-0.,1.));
#2429 = ADVANCED_FACE('',(#2430),#2441,.F.);
#2430 = FACE_BOUND('',#2431,.F.);
#2431 = EDGE_LOOP('',(#2432,#2433,#2434,#2440));
#2432 = ORIENTED_EDGE('',*,*,#1887,.T.);
#2433 = ORIENTED_EDGE('',*,*,#2409,.T.);
#2434 = ORIENTED_EDGE('',*,*,#2435,.T.);
#2435 = EDGE_CURVE('',#2410,#2355,#2436,.T.);
#2436 = LINE('',#2437,#2438);
#2437 = CARTESIAN_POINT('',(2.25,-0.25,4.8));
#2438 = VECTOR('',#2439,1.);
#2439 = DIRECTION('',(1.224646799147E-16,1.,0.));
#2440 = ORIENTED_EDGE('',*,*,#2354,.T.);
#2441 = PLANE('',#2442);
#2442 = AXIS2_PLACEMENT_3D('',#2443,#2444,#2445);
#2443 = CARTESIAN_POINT('',(2.25,4.326643272645E-02,0.775746953017));
#2444 = DIRECTION('',(-1.,1.224646799147E-16,0.));
#2445 = DIRECTION('',(0.,0.,1.));
#2446 = ADVANCED_FACE('',(#2447),#2472,.F.);
#2447 = FACE_BOUND('',#2448,.F.);
#2448 = EDGE_LOOP('',(#2449,#2457,#2465,#2471));
#2449 = ORIENTED_EDGE('',*,*,#2450,.F.);
#2450 = EDGE_CURVE('',#2451,#1914,#2453,.T.);
#2451 = VERTEX_POINT('',#2452);
#2452 = CARTESIAN_POINT('',(0.25,0.25,4.8));
#2453 = LINE('',#2454,#2455);
#2454 = CARTESIAN_POINT('',(0.25,0.25,5.));
#2455 = VECTOR('',#2456,1.);
#2456 = DIRECTION('',(-0.,0.,-1.));
#2457 = ORIENTED_EDGE('',*,*,#2458,.T.);
#2458 = EDGE_CURVE('',#2451,#2459,#2461,.T.);
#2459 = VERTEX_POINT('',#2460);
#2460 = CARTESIAN_POINT('',(-0.25,0.25,4.8));
#2461 = LINE('',#2462,#2463);
#2462 = CARTESIAN_POINT('',(0.25,0.25,4.8));
#2463 = VECTOR('',#2464,1.);
#2464 = DIRECTION('',(-1.,1.224646799147E-16,0.));
#2465 = ORIENTED_EDGE('',*,*,#2466,.T.);
#2466 = EDGE_CURVE('',#2459,#1912,#2467,.T.);
#2467 = LINE('',#2468,#2469);
#2468 = CARTESIAN_POINT('',(-0.25,0.25,5.));
#2469 = VECTOR('',#2470,1.);
#2470 = DIRECTION('',(-0.,0.,-1.));
#2471 = ORIENTED_EDGE('',*,*,#1911,.T.);
#2472 = PLANE('',#2473);
#2473 = AXIS2_PLACEMENT_3D('',#2474,#2475,#2476);
#2474 = CARTESIAN_POINT('',(0.25,0.25,5.));
#2475 = DIRECTION('',(-1.224646799147E-16,-1.,0.));
#2476 = DIRECTION('',(-0.,0.,-1.));
#2477 = ADVANCED_FACE('',(#2478),#2496,.T.);
#2478 = FACE_BOUND('',#2479,.T.);
#2479 = EDGE_LOOP('',(#2480,#2481,#2489,#2495));
#2480 = ORIENTED_EDGE('',*,*,#1937,.T.);
#2481 = ORIENTED_EDGE('',*,*,#2482,.T.);
#2482 = EDGE_CURVE('',#1930,#2483,#2485,.T.);
#2483 = VERTEX_POINT('',#2484);
#2484 = CARTESIAN_POINT('',(-0.25,-0.25,4.8));
#2485 = LINE('',#2486,#2487);
#2486 = CARTESIAN_POINT('',(-0.25,-0.25,-0.9));
#2487 = VECTOR('',#2488,1.);
#2488 = DIRECTION('',(0.,0.,1.));
#2489 = ORIENTED_EDGE('',*,*,#2490,.T.);
#2490 = EDGE_CURVE('',#2483,#2459,#2491,.T.);
#2491 = LINE('',#2492,#2493);
#2492 = CARTESIAN_POINT('',(-0.25,-0.25,4.8));
#2493 = VECTOR('',#2494,1.);
#2494 = DIRECTION('',(1.224646799147E-16,1.,0.));
#2495 = ORIENTED_EDGE('',*,*,#2466,.T.);
#2496 = PLANE('',#2497);
#2497 = AXIS2_PLACEMENT_3D('',#2498,#2499,#2500);
#2498 = CARTESIAN_POINT('',(-0.25,4.326643272645E-02,0.775746953017));
#2499 = DIRECTION('',(-1.,1.224646799147E-16,0.));
#2500 = DIRECTION('',(0.,0.,1.));
#2501 = ADVANCED_FACE('',(#2502),#2520,.F.);
#2502 = FACE_BOUND('',#2503,.F.);
#2503 = EDGE_LOOP('',(#2504,#2512,#2513,#2514));
#2504 = ORIENTED_EDGE('',*,*,#2505,.F.);
#2505 = EDGE_CURVE('',#1922,#2506,#2508,.T.);
#2506 = VERTEX_POINT('',#2507);
#2507 = CARTESIAN_POINT('',(0.25,-0.25,4.8));
#2508 = LINE('',#2509,#2510);
#2509 = CARTESIAN_POINT('',(0.25,-0.25,-0.9));
#2510 = VECTOR('',#2511,1.);
#2511 = DIRECTION('',(0.,0.,1.));
#2512 = ORIENTED_EDGE('',*,*,#1929,.T.);
#2513 = ORIENTED_EDGE('',*,*,#2482,.T.);
#2514 = ORIENTED_EDGE('',*,*,#2515,.F.);
#2515 = EDGE_CURVE('',#2506,#2483,#2516,.T.);
#2516 = LINE('',#2517,#2518);
#2517 = CARTESIAN_POINT('',(0.25,-0.25,4.8));
#2518 = VECTOR('',#2519,1.);
#2519 = DIRECTION('',(-1.,1.224646799147E-16,0.));
#2520 = PLANE('',#2521);
#2521 = AXIS2_PLACEMENT_3D('',#2522,#2523,#2524);
#2522 = CARTESIAN_POINT('',(0.25,-0.25,-0.9));
#2523 = DIRECTION('',(1.224646799147E-16,1.,0.));
#2524 = DIRECTION('',(0.,-0.,1.));
#2525 = ADVANCED_FACE('',(#2526),#2537,.F.);
#2526 = FACE_BOUND('',#2527,.F.);
#2527 = EDGE_LOOP('',(#2528,#2529,#2530,#2536));
#2528 = ORIENTED_EDGE('',*,*,#1921,.T.);
#2529 = ORIENTED_EDGE('',*,*,#2505,.T.);
#2530 = ORIENTED_EDGE('',*,*,#2531,.T.);
#2531 = EDGE_CURVE('',#2506,#2451,#2532,.T.);
#2532 = LINE('',#2533,#2534);
#2533 = CARTESIAN_POINT('',(0.25,-0.25,4.8));
#2534 = VECTOR('',#2535,1.);
#2535 = DIRECTION('',(1.224646799147E-16,1.,0.));
#2536 = ORIENTED_EDGE('',*,*,#2450,.T.);
#2537 = PLANE('',#2538);
#2538 = AXIS2_PLACEMENT_3D('',#2539,#2540,#2541);
#2539 = CARTESIAN_POINT('',(0.25,4.326643272645E-02,0.775746953017));
#2540 = DIRECTION('',(-1.,1.224646799147E-16,0.));
#2541 = DIRECTION('',(0.,0.,1.));
#2542 = ADVANCED_FACE('',(#2543),#2554,.F.);
#2543 = FACE_BOUND('',#2544,.F.);
#2544 = EDGE_LOOP('',(#2545,#2546,#2547,#2553));
#2545 = ORIENTED_EDGE('',*,*,#2033,.T.);
#2546 = ORIENTED_EDGE('',*,*,#2081,.T.);
#2547 = ORIENTED_EDGE('',*,*,#2548,.F.);
#2548 = EDGE_CURVE('',#2155,#2082,#2549,.T.);
#2549 = LINE('',#2550,#2551);
#2550 = CARTESIAN_POINT('',(0.25,0.55,-1.5));
#2551 = VECTOR('',#2552,1.);
#2552 = DIRECTION('',(-1.,1.224646799147E-16,0.));
#2553 = ORIENTED_EDGE('',*,*,#2154,.F.);
#2554 = PLANE('',#2555);
#2555 = AXIS2_PLACEMENT_3D('',#2556,#2557,#2558);
#2556 = CARTESIAN_POINT('',(0.25,0.25,-0.9));
#2557 = DIRECTION('',(-1.095357396528E-16,-0.894427191,-0.4472135955));
#2558 = DIRECTION('',(5.476786982641E-17,0.4472135955,-0.894427191));
#2559 = ADVANCED_FACE('',(#2560),#2601,.F.);
#2560 = FACE_BOUND('',#2561,.T.);
#2561 = EDGE_LOOP('',(#2562,#2572,#2578,#2579,#2587,#2595));
#2562 = ORIENTED_EDGE('',*,*,#2563,.T.);
#2563 = EDGE_CURVE('',#2564,#2566,#2568,.T.);
#2564 = VERTEX_POINT('',#2565);
#2565 = CARTESIAN_POINT('',(-5.E-02,-5.E-02,-3.4));
#2566 = VERTEX_POINT('',#2567);
#2567 = CARTESIAN_POINT('',(-0.247552593066,-0.218807485305,
    -3.202447406934));
#2568 = LINE('',#2569,#2570);
#2569 = CARTESIAN_POINT('',(-1.603689858649E-02,-2.097873708559E-02,
    -3.433963101414));
#2570 = VECTOR('',#2571,1.);
#2571 = DIRECTION('',(-0.605209817607,-0.517148096144,0.605209817607));
#2572 = ORIENTED_EDGE('',*,*,#2573,.T.);
#2573 = EDGE_CURVE('',#2566,#2050,#2574,.T.);
#2574 = LINE('',#2575,#2576);
#2575 = CARTESIAN_POINT('',(-4.480164158687E-02,-0.250820793434,
    -3.405198358413));
#2576 = VECTOR('',#2577,1.);
#2577 = DIRECTION('',(-0.702740385383,0.110959008218,0.702740385383));
#2578 = ORIENTED_EDGE('',*,*,#2047,.F.);
#2579 = ORIENTED_EDGE('',*,*,#2580,.F.);
#2580 = EDGE_CURVE('',#2581,#2048,#2583,.T.);
#2581 = VERTEX_POINT('',#2582);
#2582 = CARTESIAN_POINT('',(-0.247552593066,0.281192514695,
    -3.202447406934));
#2583 = LINE('',#2584,#2585);
#2584 = CARTESIAN_POINT('',(-0.506155950752,0.322024623803,
    -2.943844049248));
#2585 = VECTOR('',#2586,1.);
#2586 = DIRECTION('',(-0.702740385383,0.110959008218,0.702740385383));
#2587 = ORIENTED_EDGE('',*,*,#2588,.F.);
#2588 = EDGE_CURVE('',#2589,#2581,#2591,.T.);
#2589 = VERTEX_POINT('',#2590);
#2590 = CARTESIAN_POINT('',(-5.E-02,5.E-02,-3.4));
#2591 = LINE('',#2592,#2593);
#2592 = CARTESIAN_POINT('',(-0.104623304282,0.113924744707,
    -3.345376695718));
#2593 = VECTOR('',#2594,1.);
#2594 = DIRECTION('',(-0.544770019249,0.63753529491,0.544770019249));
#2595 = ORIENTED_EDGE('',*,*,#2596,.T.);
#2596 = EDGE_CURVE('',#2589,#2564,#2597,.T.);
#2597 = LINE('',#2598,#2599);
#2598 = CARTESIAN_POINT('',(-5.E-02,0.25,-3.4));
#2599 = VECTOR('',#2600,1.);
#2600 = DIRECTION('',(-1.224646799147E-16,-1.,0.));
#2601 = PLANE('',#2602);
#2602 = AXIS2_PLACEMENT_3D('',#2603,#2604,#2605);
#2603 = CARTESIAN_POINT('',(-0.15,0.25,-3.3));
#2604 = DIRECTION('',(0.707106781187,-8.833102285013E-17,0.707106781187)
  );
#2605 = DIRECTION('',(1.236918052038E-16,1.,1.227125289097E-18));
#2606 = ADVANCED_FACE('',(#2607),#2627,.F.);
#2607 = FACE_BOUND('',#2608,.F.);
#2608 = EDGE_LOOP('',(#2609,#2610,#2611,#2612,#2613,#2621));
#2609 = ORIENTED_EDGE('',*,*,#2162,.F.);
#2610 = ORIENTED_EDGE('',*,*,#2548,.T.);
#2611 = ORIENTED_EDGE('',*,*,#2089,.T.);
#2612 = ORIENTED_EDGE('',*,*,#2580,.F.);
#2613 = ORIENTED_EDGE('',*,*,#2614,.F.);
#2614 = EDGE_CURVE('',#2615,#2581,#2617,.T.);
#2615 = VERTEX_POINT('',#2616);
#2616 = CARTESIAN_POINT('',(0.247552593066,0.281192514695,
    -3.202447406934));
#2617 = LINE('',#2618,#2619);
#2618 = CARTESIAN_POINT('',(0.25,0.281192514695,-3.202447406934));
#2619 = VECTOR('',#2620,1.);
#2620 = DIRECTION('',(-1.,1.224646799147E-16,0.));
#2621 = ORIENTED_EDGE('',*,*,#2622,.T.);
#2622 = EDGE_CURVE('',#2615,#2128,#2623,.T.);
#2623 = LINE('',#2624,#2625);
#2624 = CARTESIAN_POINT('',(0.629616963064,0.341518467852,
    -2.820383036936));
#2625 = VECTOR('',#2626,1.);
#2626 = DIRECTION('',(0.702740385383,0.110959008218,0.702740385383));
#2627 = PLANE('',#2628);
#2628 = AXIS2_PLACEMENT_3D('',#2629,#2630,#2631);
#2629 = CARTESIAN_POINT('',(0.25,0.55,-1.5));
#2630 = DIRECTION('',(-1.209660753807E-16,-0.987762965329,0.155962573473
    ));
#2631 = DIRECTION('',(-1.909990663905E-17,-0.155962573473,
    -0.987762965329));
#2632 = ADVANCED_FACE('',(#2633),#2644,.F.);
#2633 = FACE_BOUND('',#2634,.F.);
#2634 = EDGE_LOOP('',(#2635,#2641,#2642,#2643));
#2635 = ORIENTED_EDGE('',*,*,#2636,.T.);
#2636 = EDGE_CURVE('',#2138,#2058,#2637,.T.);
#2637 = LINE('',#2638,#2639);
#2638 = CARTESIAN_POINT('',(0.25,5.E-02,-1.5));
#2639 = VECTOR('',#2640,1.);
#2640 = DIRECTION('',(-1.,1.224646799147E-16,0.));
#2641 = ORIENTED_EDGE('',*,*,#2065,.T.);
#2642 = ORIENTED_EDGE('',*,*,#2111,.F.);
#2643 = ORIENTED_EDGE('',*,*,#2145,.F.);
#2644 = PLANE('',#2645);
#2645 = AXIS2_PLACEMENT_3D('',#2646,#2647,#2648);
#2646 = CARTESIAN_POINT('',(0.25,5.E-02,-1.5));
#2647 = DIRECTION('',(1.095357396528E-16,0.894427191,0.4472135955));
#2648 = DIRECTION('',(-5.476786982641E-17,-0.4472135955,0.894427191));
#2649 = ADVANCED_FACE('',(#2650),#2670,.F.);
#2650 = FACE_BOUND('',#2651,.F.);
#2651 = EDGE_LOOP('',(#2652,#2653,#2661,#2667,#2668,#2669));
#2652 = ORIENTED_EDGE('',*,*,#2137,.F.);
#2653 = ORIENTED_EDGE('',*,*,#2654,.F.);
#2654 = EDGE_CURVE('',#2655,#2130,#2657,.T.);
#2655 = VERTEX_POINT('',#2656);
#2656 = CARTESIAN_POINT('',(0.247552593066,-0.218807485305,
    -3.202447406934));
#2657 = LINE('',#2658,#2659);
#2658 = CARTESIAN_POINT('',(0.168262653899,-0.231326949384,
    -3.281737346101));
#2659 = VECTOR('',#2660,1.);
#2660 = DIRECTION('',(0.702740385383,0.110959008218,0.702740385383));
#2661 = ORIENTED_EDGE('',*,*,#2662,.T.);
#2662 = EDGE_CURVE('',#2655,#2566,#2663,.T.);
#2663 = LINE('',#2664,#2665);
#2664 = CARTESIAN_POINT('',(0.25,-0.218807485305,-3.202447406934));
#2665 = VECTOR('',#2666,1.);
#2666 = DIRECTION('',(-1.,1.224646799147E-16,0.));
#2667 = ORIENTED_EDGE('',*,*,#2573,.T.);
#2668 = ORIENTED_EDGE('',*,*,#2057,.T.);
#2669 = ORIENTED_EDGE('',*,*,#2636,.F.);
#2670 = PLANE('',#2671);
#2671 = AXIS2_PLACEMENT_3D('',#2672,#2673,#2674);
#2672 = CARTESIAN_POINT('',(0.25,-0.25,-3.4));
#2673 = DIRECTION('',(1.209660753807E-16,0.987762965329,-0.155962573473)
  );
#2674 = DIRECTION('',(1.909990663905E-17,0.155962573473,0.987762965329)
  );
#2675 = ADVANCED_FACE('',(#2676),#2703,.T.);
#2676 = FACE_BOUND('',#2677,.F.);
#2677 = EDGE_LOOP('',(#2678,#2686,#2687,#2688,#2689,#2697));
#2678 = ORIENTED_EDGE('',*,*,#2679,.T.);
#2679 = EDGE_CURVE('',#2680,#2655,#2682,.T.);
#2680 = VERTEX_POINT('',#2681);
#2681 = CARTESIAN_POINT('',(5.E-02,-5.E-02,-3.4));
#2682 = LINE('',#2683,#2684);
#2683 = CARTESIAN_POINT('',(0.107606629418,-9.922451332131E-02,
    -3.342393370582));
#2684 = VECTOR('',#2685,1.);
#2685 = DIRECTION('',(0.605209817607,-0.517148096144,0.605209817607));
#2686 = ORIENTED_EDGE('',*,*,#2654,.T.);
#2687 = ORIENTED_EDGE('',*,*,#2127,.F.);
#2688 = ORIENTED_EDGE('',*,*,#2622,.F.);
#2689 = ORIENTED_EDGE('',*,*,#2690,.F.);
#2690 = EDGE_CURVE('',#2691,#2615,#2693,.T.);
#2691 = VERTEX_POINT('',#2692);
#2692 = CARTESIAN_POINT('',(5.E-02,5.E-02,-3.4));
#2693 = LINE('',#2694,#2695);
#2694 = CARTESIAN_POINT('',(0.17881689775,0.200752273427,-3.27118310225)
  );
#2695 = VECTOR('',#2696,1.);
#2696 = DIRECTION('',(0.544770019249,0.63753529491,0.544770019249));
#2697 = ORIENTED_EDGE('',*,*,#2698,.T.);
#2698 = EDGE_CURVE('',#2691,#2680,#2699,.T.);
#2699 = LINE('',#2700,#2701);
#2700 = CARTESIAN_POINT('',(5.E-02,0.25,-3.4));
#2701 = VECTOR('',#2702,1.);
#2702 = DIRECTION('',(-1.224646799147E-16,-1.,0.));
#2703 = PLANE('',#2704);
#2704 = AXIS2_PLACEMENT_3D('',#2705,#2706,#2707);
#2705 = CARTESIAN_POINT('',(0.15,0.25,-3.3));
#2706 = DIRECTION('',(0.707106781187,-8.486018839685E-17,-0.707106781187
    ));
#2707 = DIRECTION('',(1.212375546256E-16,1.,1.227125289196E-18));
#2708 = ADVANCED_FACE('',(#2709),#2720,.T.);
#2709 = FACE_BOUND('',#2710,.F.);
#2710 = EDGE_LOOP('',(#2711,#2712,#2718,#2719));
#2711 = ORIENTED_EDGE('',*,*,#2309,.F.);
#2712 = ORIENTED_EDGE('',*,*,#2713,.T.);
#2713 = EDGE_CURVE('',#2310,#2194,#2714,.T.);
#2714 = LINE('',#2715,#2716);
#2715 = CARTESIAN_POINT('',(2.25,-5.E-02,-3.4));
#2716 = VECTOR('',#2717,1.);
#2717 = DIRECTION('',(-1.,1.224646799147E-16,0.));
#2718 = ORIENTED_EDGE('',*,*,#2193,.T.);
#2719 = ORIENTED_EDGE('',*,*,#2292,.F.);
#2720 = PLANE('',#2721);
#2721 = AXIS2_PLACEMENT_3D('',#2722,#2723,#2724);
#2722 = CARTESIAN_POINT('',(2.25,-0.134403742653,-3.301223703467));
#2723 = DIRECTION('',(-9.136856246232E-17,-0.760250805153,-0.64962967394
    ));
#2724 = DIRECTION('',(1.,-1.211454098155E-16,1.127308249542E-18));
#2725 = ADVANCED_FACE('',(#2726),#2737,.F.);
#2726 = FACE_BOUND('',#2727,.F.);
#2727 = EDGE_LOOP('',(#2728,#2729,#2730,#2736));
#2728 = ORIENTED_EDGE('',*,*,#2713,.F.);
#2729 = ORIENTED_EDGE('',*,*,#2328,.F.);
#2730 = ORIENTED_EDGE('',*,*,#2731,.T.);
#2731 = EDGE_CURVE('',#2321,#2219,#2732,.T.);
#2732 = LINE('',#2733,#2734);
#2733 = CARTESIAN_POINT('',(2.25,5.E-02,-3.4));
#2734 = VECTOR('',#2735,1.);
#2735 = DIRECTION('',(-1.,1.224646799147E-16,0.));
#2736 = ORIENTED_EDGE('',*,*,#2226,.T.);
#2737 = PLANE('',#2738);
#2738 = AXIS2_PLACEMENT_3D('',#2739,#2740,#2741);
#2739 = CARTESIAN_POINT('',(2.25,0.25,-3.4));
#2740 = DIRECTION('',(0.,0.,1.));
#2741 = DIRECTION('',(-1.224646799147E-16,-1.,0.));
#2742 = ADVANCED_FACE('',(#2743),#2749,.T.);
#2743 = FACE_BOUND('',#2744,.T.);
#2744 = EDGE_LOOP('',(#2745,#2746,#2747,#2748));
#2745 = ORIENTED_EDGE('',*,*,#2320,.F.);
#2746 = ORIENTED_EDGE('',*,*,#2731,.T.);
#2747 = ORIENTED_EDGE('',*,*,#2218,.T.);
#2748 = ORIENTED_EDGE('',*,*,#2244,.F.);
#2749 = PLANE('',#2750);
#2750 = AXIS2_PLACEMENT_3D('',#2751,#2752,#2753);
#2751 = CARTESIAN_POINT('',(2.25,0.165596257347,-3.301223703467));
#2752 = DIRECTION('',(8.302774088379E-17,0.64962967394,-0.760250805153)
  );
#2753 = DIRECTION('',(-1.,1.247195775152E-16,-2.638869166629E-18));
#2754 = ADVANCED_FACE('',(#2755),#2780,.T.);
#2755 = FACE_BOUND('',#2756,.F.);
#2756 = EDGE_LOOP('',(#2757,#2765,#2773,#2779));
#2757 = ORIENTED_EDGE('',*,*,#2758,.F.);
#2758 = EDGE_CURVE('',#2759,#2355,#2761,.T.);
#2759 = VERTEX_POINT('',#2760);
#2760 = CARTESIAN_POINT('',(2.05,5.E-02,5.));
#2761 = LINE('',#2762,#2763);
#2762 = CARTESIAN_POINT('',(2.1,0.1,4.95));
#2763 = VECTOR('',#2764,1.);
#2764 = DIRECTION('',(0.57735026919,0.57735026919,-0.57735026919));
#2765 = ORIENTED_EDGE('',*,*,#2766,.T.);
#2766 = EDGE_CURVE('',#2759,#2767,#2769,.T.);
#2767 = VERTEX_POINT('',#2768);
#2768 = CARTESIAN_POINT('',(1.95,5.E-02,5.));
#2769 = LINE('',#2770,#2771);
#2770 = CARTESIAN_POINT('',(2.25,5.E-02,5.));
#2771 = VECTOR('',#2772,1.);
#2772 = DIRECTION('',(-1.,1.224646799147E-16,0.));
#2773 = ORIENTED_EDGE('',*,*,#2774,.T.);
#2774 = EDGE_CURVE('',#2767,#2363,#2775,.T.);
#2775 = LINE('',#2776,#2777);
#2776 = CARTESIAN_POINT('',(1.983333333333,1.666666666667E-02,
    5.033333333333));
#2777 = VECTOR('',#2778,1.);
#2778 = DIRECTION('',(-0.57735026919,0.57735026919,-0.57735026919));
#2779 = ORIENTED_EDGE('',*,*,#2362,.F.);
#2780 = PLANE('',#2781);
#2781 = AXIS2_PLACEMENT_3D('',#2782,#2783,#2784);
#2782 = CARTESIAN_POINT('',(2.25,0.15,4.9));
#2783 = DIRECTION('',(8.833102285013E-17,0.707106781187,0.707106781187)
  );
#2784 = DIRECTION('',(1.,-1.236918052038E-16,-1.227125289097E-18));
#2785 = ADVANCED_FACE('',(#2786),#2804,.F.);
#2786 = FACE_BOUND('',#2787,.T.);
#2787 = EDGE_LOOP('',(#2788,#2796,#2802,#2803));
#2788 = ORIENTED_EDGE('',*,*,#2789,.F.);
#2789 = EDGE_CURVE('',#2790,#2387,#2792,.T.);
#2790 = VERTEX_POINT('',#2791);
#2791 = CARTESIAN_POINT('',(1.95,-5.E-02,5.));
#2792 = LINE('',#2793,#2794);
#2793 = CARTESIAN_POINT('',(1.9,-0.1,4.95));
#2794 = VECTOR('',#2795,1.);
#2795 = DIRECTION('',(-0.57735026919,-0.57735026919,-0.57735026919));
#2796 = ORIENTED_EDGE('',*,*,#2797,.T.);
#2797 = EDGE_CURVE('',#2790,#2767,#2798,.T.);
#2798 = LINE('',#2799,#2800);
#2799 = CARTESIAN_POINT('',(1.95,-0.25,5.));
#2800 = VECTOR('',#2801,1.);
#2801 = DIRECTION('',(1.224646799147E-16,1.,0.));
#2802 = ORIENTED_EDGE('',*,*,#2774,.T.);
#2803 = ORIENTED_EDGE('',*,*,#2394,.F.);
#2804 = PLANE('',#2805);
#2805 = AXIS2_PLACEMENT_3D('',#2806,#2807,#2808);
#2806 = CARTESIAN_POINT('',(1.85,-0.25,4.9));
#2807 = DIRECTION('',(0.707106781187,-8.486018839685E-17,-0.707106781187
    ));
#2808 = DIRECTION('',(-1.212375546256E-16,-1.,-1.227125289196E-18));
#2809 = ADVANCED_FACE('',(#2810),#2828,.T.);
#2810 = FACE_BOUND('',#2811,.F.);
#2811 = EDGE_LOOP('',(#2812,#2820,#2821,#2822));
#2812 = ORIENTED_EDGE('',*,*,#2813,.F.);
#2813 = EDGE_CURVE('',#2410,#2814,#2816,.T.);
#2814 = VERTEX_POINT('',#2815);
#2815 = CARTESIAN_POINT('',(2.05,-5.E-02,5.));
#2816 = LINE('',#2817,#2818);
#2817 = CARTESIAN_POINT('',(2.183333333333,-0.183333333333,
    4.866666666667));
#2818 = VECTOR('',#2819,1.);
#2819 = DIRECTION('',(-0.57735026919,0.57735026919,0.57735026919));
#2820 = ORIENTED_EDGE('',*,*,#2419,.T.);
#2821 = ORIENTED_EDGE('',*,*,#2789,.F.);
#2822 = ORIENTED_EDGE('',*,*,#2823,.F.);
#2823 = EDGE_CURVE('',#2814,#2790,#2824,.T.);
#2824 = LINE('',#2825,#2826);
#2825 = CARTESIAN_POINT('',(2.25,-5.E-02,5.));
#2826 = VECTOR('',#2827,1.);
#2827 = DIRECTION('',(-1.,1.224646799147E-16,0.));
#2828 = PLANE('',#2829);
#2829 = AXIS2_PLACEMENT_3D('',#2830,#2831,#2832);
#2830 = CARTESIAN_POINT('',(2.25,-0.15,4.9));
#2831 = DIRECTION('',(-8.833102285013E-17,-0.707106781187,0.707106781187
    ));
#2832 = DIRECTION('',(1.,-1.236918052038E-16,1.227125289097E-18));
#2833 = ADVANCED_FACE('',(#2834),#2845,.T.);
#2834 = FACE_BOUND('',#2835,.F.);
#2835 = EDGE_LOOP('',(#2836,#2837,#2843,#2844));
#2836 = ORIENTED_EDGE('',*,*,#2813,.T.);
#2837 = ORIENTED_EDGE('',*,*,#2838,.T.);
#2838 = EDGE_CURVE('',#2814,#2759,#2839,.T.);
#2839 = LINE('',#2840,#2841);
#2840 = CARTESIAN_POINT('',(2.05,-0.25,5.));
#2841 = VECTOR('',#2842,1.);
#2842 = DIRECTION('',(1.224646799147E-16,1.,0.));
#2843 = ORIENTED_EDGE('',*,*,#2758,.T.);
#2844 = ORIENTED_EDGE('',*,*,#2435,.F.);
#2845 = PLANE('',#2846);
#2846 = AXIS2_PLACEMENT_3D('',#2847,#2848,#2849);
#2847 = CARTESIAN_POINT('',(2.15,-0.25,4.9));
#2848 = DIRECTION('',(0.707106781187,-8.833102285013E-17,0.707106781187)
  );
#2849 = DIRECTION('',(-1.236918052038E-16,-1.,-1.227125289097E-18));
#2850 = ADVANCED_FACE('',(#2851),#2876,.T.);
#2851 = FACE_BOUND('',#2852,.F.);
#2852 = EDGE_LOOP('',(#2853,#2861,#2869,#2875));
#2853 = ORIENTED_EDGE('',*,*,#2854,.F.);
#2854 = EDGE_CURVE('',#2855,#2451,#2857,.T.);
#2855 = VERTEX_POINT('',#2856);
#2856 = CARTESIAN_POINT('',(5.E-02,5.E-02,5.));
#2857 = LINE('',#2858,#2859);
#2858 = CARTESIAN_POINT('',(0.1,0.1,4.95));
#2859 = VECTOR('',#2860,1.);
#2860 = DIRECTION('',(0.57735026919,0.57735026919,-0.57735026919));
#2861 = ORIENTED_EDGE('',*,*,#2862,.T.);
#2862 = EDGE_CURVE('',#2855,#2863,#2865,.T.);
#2863 = VERTEX_POINT('',#2864);
#2864 = CARTESIAN_POINT('',(-5.E-02,5.E-02,5.));
#2865 = LINE('',#2866,#2867);
#2866 = CARTESIAN_POINT('',(0.25,5.E-02,5.));
#2867 = VECTOR('',#2868,1.);
#2868 = DIRECTION('',(-1.,1.224646799147E-16,0.));
#2869 = ORIENTED_EDGE('',*,*,#2870,.T.);
#2870 = EDGE_CURVE('',#2863,#2459,#2871,.T.);
#2871 = LINE('',#2872,#2873);
#2872 = CARTESIAN_POINT('',(-1.666666666667E-02,1.666666666667E-02,
    5.033333333333));
#2873 = VECTOR('',#2874,1.);
#2874 = DIRECTION('',(-0.57735026919,0.57735026919,-0.57735026919));
#2875 = ORIENTED_EDGE('',*,*,#2458,.F.);
#2876 = PLANE('',#2877);
#2877 = AXIS2_PLACEMENT_3D('',#2878,#2879,#2880);
#2878 = CARTESIAN_POINT('',(0.25,0.15,4.9));
#2879 = DIRECTION('',(8.833102285013E-17,0.707106781187,0.707106781187)
  );
#2880 = DIRECTION('',(1.,-1.236918052038E-16,-1.227125289097E-18));
#2881 = ADVANCED_FACE('',(#2882),#2900,.F.);
#2882 = FACE_BOUND('',#2883,.T.);
#2883 = EDGE_LOOP('',(#2884,#2892,#2898,#2899));
#2884 = ORIENTED_EDGE('',*,*,#2885,.F.);
#2885 = EDGE_CURVE('',#2886,#2483,#2888,.T.);
#2886 = VERTEX_POINT('',#2887);
#2887 = CARTESIAN_POINT('',(-5.E-02,-5.E-02,5.));
#2888 = LINE('',#2889,#2890);
#2889 = CARTESIAN_POINT('',(-0.1,-0.1,4.95));
#2890 = VECTOR('',#2891,1.);
#2891 = DIRECTION('',(-0.57735026919,-0.57735026919,-0.57735026919));
#2892 = ORIENTED_EDGE('',*,*,#2893,.T.);
#2893 = EDGE_CURVE('',#2886,#2863,#2894,.T.);
#2894 = LINE('',#2895,#2896);
#2895 = CARTESIAN_POINT('',(-5.E-02,-0.25,5.));
#2896 = VECTOR('',#2897,1.);
#2897 = DIRECTION('',(1.224646799147E-16,1.,0.));
#2898 = ORIENTED_EDGE('',*,*,#2870,.T.);
#2899 = ORIENTED_EDGE('',*,*,#2490,.F.);
#2900 = PLANE('',#2901);
#2901 = AXIS2_PLACEMENT_3D('',#2902,#2903,#2904);
#2902 = CARTESIAN_POINT('',(-0.15,-0.25,4.9));
#2903 = DIRECTION('',(0.707106781187,-8.486018839685E-17,-0.707106781187
    ));
#2904 = DIRECTION('',(-1.212375546256E-16,-1.,-1.227125289196E-18));
#2905 = ADVANCED_FACE('',(#2906),#2924,.T.);
#2906 = FACE_BOUND('',#2907,.F.);
#2907 = EDGE_LOOP('',(#2908,#2916,#2917,#2918));
#2908 = ORIENTED_EDGE('',*,*,#2909,.F.);
#2909 = EDGE_CURVE('',#2506,#2910,#2912,.T.);
#2910 = VERTEX_POINT('',#2911);
#2911 = CARTESIAN_POINT('',(5.E-02,-5.E-02,5.));
#2912 = LINE('',#2913,#2914);
#2913 = CARTESIAN_POINT('',(0.183333333333,-0.183333333333,
    4.866666666667));
#2914 = VECTOR('',#2915,1.);
#2915 = DIRECTION('',(-0.57735026919,0.57735026919,0.57735026919));
#2916 = ORIENTED_EDGE('',*,*,#2515,.T.);
#2917 = ORIENTED_EDGE('',*,*,#2885,.F.);
#2918 = ORIENTED_EDGE('',*,*,#2919,.F.);
#2919 = EDGE_CURVE('',#2910,#2886,#2920,.T.);
#2920 = LINE('',#2921,#2922);
#2921 = CARTESIAN_POINT('',(0.25,-5.E-02,5.));
#2922 = VECTOR('',#2923,1.);
#2923 = DIRECTION('',(-1.,1.224646799147E-16,0.));
#2924 = PLANE('',#2925);
#2925 = AXIS2_PLACEMENT_3D('',#2926,#2927,#2928);
#2926 = CARTESIAN_POINT('',(0.25,-0.15,4.9));
#2927 = DIRECTION('',(-8.833102285013E-17,-0.707106781187,0.707106781187
    ));
#2928 = DIRECTION('',(1.,-1.236918052038E-16,1.227125289097E-18));
#2929 = ADVANCED_FACE('',(#2930),#2941,.T.);
#2930 = FACE_BOUND('',#2931,.F.);
#2931 = EDGE_LOOP('',(#2932,#2933,#2939,#2940));
#2932 = ORIENTED_EDGE('',*,*,#2909,.T.);
#2933 = ORIENTED_EDGE('',*,*,#2934,.T.);
#2934 = EDGE_CURVE('',#2910,#2855,#2935,.T.);
#2935 = LINE('',#2936,#2937);
#2936 = CARTESIAN_POINT('',(5.E-02,-0.25,5.));
#2937 = VECTOR('',#2938,1.);
#2938 = DIRECTION('',(1.224646799147E-16,1.,0.));
#2939 = ORIENTED_EDGE('',*,*,#2854,.T.);
#2940 = ORIENTED_EDGE('',*,*,#2531,.F.);
#2941 = PLANE('',#2942);
#2942 = AXIS2_PLACEMENT_3D('',#2943,#2944,#2945);
#2943 = CARTESIAN_POINT('',(0.15,-0.25,4.9));
#2944 = DIRECTION('',(0.707106781187,-8.833102285013E-17,0.707106781187)
  );
#2945 = DIRECTION('',(-1.236918052038E-16,-1.,-1.227125289097E-18));
#2946 = ADVANCED_FACE('',(#2947),#2958,.T.);
#2947 = FACE_BOUND('',#2948,.F.);
#2948 = EDGE_LOOP('',(#2949,#2950,#2956,#2957));
#2949 = ORIENTED_EDGE('',*,*,#2679,.F.);
#2950 = ORIENTED_EDGE('',*,*,#2951,.T.);
#2951 = EDGE_CURVE('',#2680,#2564,#2952,.T.);
#2952 = LINE('',#2953,#2954);
#2953 = CARTESIAN_POINT('',(0.25,-5.E-02,-3.4));
#2954 = VECTOR('',#2955,1.);
#2955 = DIRECTION('',(-1.,1.224646799147E-16,0.));
#2956 = ORIENTED_EDGE('',*,*,#2563,.T.);
#2957 = ORIENTED_EDGE('',*,*,#2662,.F.);
#2958 = PLANE('',#2959);
#2959 = AXIS2_PLACEMENT_3D('',#2960,#2961,#2962);
#2960 = CARTESIAN_POINT('',(0.25,-0.134403742653,-3.301223703467));
#2961 = DIRECTION('',(-9.136856246232E-17,-0.760250805153,-0.64962967394
    ));
#2962 = DIRECTION('',(1.,-1.211454098155E-16,1.127308249542E-18));
#2963 = ADVANCED_FACE('',(#2964),#2975,.F.);
#2964 = FACE_BOUND('',#2965,.F.);
#2965 = EDGE_LOOP('',(#2966,#2967,#2968,#2974));
#2966 = ORIENTED_EDGE('',*,*,#2951,.F.);
#2967 = ORIENTED_EDGE('',*,*,#2698,.F.);
#2968 = ORIENTED_EDGE('',*,*,#2969,.T.);
#2969 = EDGE_CURVE('',#2691,#2589,#2970,.T.);
#2970 = LINE('',#2971,#2972);
#2971 = CARTESIAN_POINT('',(0.25,5.E-02,-3.4));
#2972 = VECTOR('',#2973,1.);
#2973 = DIRECTION('',(-1.,1.224646799147E-16,0.));
#2974 = ORIENTED_EDGE('',*,*,#2596,.T.);
#2975 = PLANE('',#2976);
#2976 = AXIS2_PLACEMENT_3D('',#2977,#2978,#2979);
#2977 = CARTESIAN_POINT('',(0.25,0.25,-3.4));
#2978 = DIRECTION('',(0.,0.,1.));
#2979 = DIRECTION('',(-1.224646799147E-16,-1.,0.));
#2980 = ADVANCED_FACE('',(#2981),#2987,.T.);
#2981 = FACE_BOUND('',#2982,.T.);
#2982 = EDGE_LOOP('',(#2983,#2984,#2985,#2986));
#2983 = ORIENTED_EDGE('',*,*,#2690,.F.);
#2984 = ORIENTED_EDGE('',*,*,#2969,.T.);
#2985 = ORIENTED_EDGE('',*,*,#2588,.T.);
#2986 = ORIENTED_EDGE('',*,*,#2614,.F.);
#2987 = PLANE('',#2988);
#2988 = AXIS2_PLACEMENT_3D('',#2989,#2990,#2991);
#2989 = CARTESIAN_POINT('',(0.25,0.165596257347,-3.301223703467));
#2990 = DIRECTION('',(8.302774088379E-17,0.64962967394,-0.760250805153)
  );
#2991 = DIRECTION('',(-1.,1.247195775152E-16,-2.638869166629E-18));
#2992 = ADVANCED_FACE('',(#2993),#2999,.F.);
#2993 = FACE_BOUND('',#2994,.F.);
#2994 = EDGE_LOOP('',(#2995,#2996,#2997,#2998));
#2995 = ORIENTED_EDGE('',*,*,#2797,.T.);
#2996 = ORIENTED_EDGE('',*,*,#2766,.F.);
#2997 = ORIENTED_EDGE('',*,*,#2838,.F.);
#2998 = ORIENTED_EDGE('',*,*,#2823,.T.);
#2999 = PLANE('',#3000);
#3000 = AXIS2_PLACEMENT_3D('',#3001,#3002,#3003);
#3001 = CARTESIAN_POINT('',(2.25,-0.25,5.));
#3002 = DIRECTION('',(-0.,0.,-1.));
#3003 = DIRECTION('',(1.224646799147E-16,1.,0.));
#3004 = ADVANCED_FACE('',(#3005),#3011,.F.);
#3005 = FACE_BOUND('',#3006,.F.);
#3006 = EDGE_LOOP('',(#3007,#3008,#3009,#3010));
#3007 = ORIENTED_EDGE('',*,*,#2893,.T.);
#3008 = ORIENTED_EDGE('',*,*,#2862,.F.);
#3009 = ORIENTED_EDGE('',*,*,#2934,.F.);
#3010 = ORIENTED_EDGE('',*,*,#2919,.T.);
#3011 = PLANE('',#3012);
#3012 = AXIS2_PLACEMENT_3D('',#3013,#3014,#3015);
#3013 = CARTESIAN_POINT('',(0.25,-0.25,5.));
#3014 = DIRECTION('',(-0.,0.,-1.));
#3015 = DIRECTION('',(1.224646799147E-16,1.,0.));
#3016 = ( GEOMETRIC_REPRESENTATION_CONTEXT(3) 
GLOBAL_UNCERTAINTY_ASSIGNED_CONTEXT((#3020)) 
GLOBAL_UNIT_ASSIGNED_CONTEXT((#3017,#3018,#3019)) REPRESENTATION_CONTEXT
('Context #1','3D Context with UNIT and UNCERTAINTY') );
#3017 = ( LENGTH_UNIT() NAMED_UNIT(*) SI_UNIT(.MILLI.,.METRE.) );
#3018 = ( NAMED_UNIT(*) PLANE_ANGLE_UNIT() SI_UNIT($,.RADIAN.) );
#3019 = ( NAMED_UNIT(*) SI_UNIT($,.STERADIAN.) SOLID_ANGLE_UNIT() );
#3020 = UNCERTAINTY_MEASURE_WITH_UNIT(LENGTH_MEASURE(1.E-07),#3017,
  'distance_accuracy_value','confusion accuracy');
#3021 = CONTEXT_DEPENDENT_SHAPE_REPRESENTATION(#3022,#3024);
#3022 = ( REPRESENTATION_RELATIONSHIP('','',#123,#100) 
REPRESENTATION_RELATIONSHIP_WITH_TRANSFORMATION(#3023) 
SHAPE_REPRESENTATION_RELATIONSHIP() );
#3023 = ITEM_DEFINED_TRANSFORMATION('','',#11,#101);
#3024 = PRODUCT_DEFINITION_SHAPE('Placement','Placement of an item',
  #3025);
#3025 = NEXT_ASSEMBLY_USAGE_OCCURRENCE('1','=>[0:1:1:3]','',#95,#118,$);
#3026 = PRODUCT_RELATED_PRODUCT_CATEGORY('part',$,(#120));
#3027 = SHAPE_DEFINITION_REPRESENTATION(#3028,#3034);
#3028 = PRODUCT_DEFINITION_SHAPE('','',#3029);
#3029 = PRODUCT_DEFINITION('design','',#3030,#3033);
#3030 = PRODUCT_DEFINITION_FORMATION('','',#3031);
#3031 = PRODUCT('Fuse_1206_3216Metric','Fuse_1206_3216Metric','',(#3032)
  );
#3032 = PRODUCT_CONTEXT('',#2,'mechanical');
#3033 = PRODUCT_DEFINITION_CONTEXT('part definition',#2,'design');
#3034 = SHAPE_REPRESENTATION('',(#11,#3035),#3039);
#3035 = AXIS2_PLACEMENT_3D('',#3036,#3037,#3038);
#3036 = CARTESIAN_POINT('',(0.,0.,0.));
#3037 = DIRECTION('',(0.,0.,1.));
#3038 = DIRECTION('',(1.,0.,-0.));
#3039 = ( GEOMETRIC_REPRESENTATION_CONTEXT(3) 
GLOBAL_UNCERTAINTY_ASSIGNED_CONTEXT((#3043)) 
GLOBAL_UNIT_ASSIGNED_CONTEXT((#3040,#3041,#3042)) REPRESENTATION_CONTEXT
('Context #1','3D Context with UNIT and UNCERTAINTY') );
#3040 = ( LENGTH_UNIT() NAMED_UNIT(*) SI_UNIT(.MILLI.,.METRE.) );
#3041 = ( NAMED_UNIT(*) PLANE_ANGLE_UNIT() SI_UNIT($,.RADIAN.) );
#3042 = ( NAMED_UNIT(*) SI_UNIT($,.STERADIAN.) SOLID_ANGLE_UNIT() );
#3043 = UNCERTAINTY_MEASURE_WITH_UNIT(LENGTH_MEASURE(1.E-07),#3040,
  'distance_accuracy_value','confusion accuracy');
#3044 = CONTEXT_DEPENDENT_SHAPE_REPRESENTATION(#3045,#3047);
#3045 = ( REPRESENTATION_RELATIONSHIP('','',#3034,#10) 
REPRESENTATION_RELATIONSHIP_WITH_TRANSFORMATION(#3046) 
SHAPE_REPRESENTATION_RELATIONSHIP() );
#3046 = ITEM_DEFINED_TRANSFORMATION('','',#11,#19);
#3047 = PRODUCT_DEFINITION_SHAPE('Placement','Placement of an item',
  #3048);
#3048 = NEXT_ASSEMBLY_USAGE_OCCURRENCE('4','F1','',#5,#3029,$);
#3049 = PRODUCT_RELATED_PRODUCT_CATEGORY('part',$,(#3031));
#3050 = SHAPE_DEFINITION_REPRESENTATION(#3051,#3057);
#3051 = PRODUCT_DEFINITION_SHAPE('','',#3052);
#3052 = PRODUCT_DEFINITION('design','',#3053,#3056);
#3053 = PRODUCT_DEFINITION_FORMATION('','',#3054);
#3054 = PRODUCT('Fuse_1206_3216Metric','Fuse_1206_3216Metric','',(#3055)
  );
#3055 = PRODUCT_CONTEXT('',#2,'mechanical');
#3056 = PRODUCT_DEFINITION_CONTEXT('part definition',#2,'design');
#3057 = ADVANCED_BREP_SHAPE_REPRESENTATION('',(#11,#3058),#3848);
#3058 = MANIFOLD_SOLID_BREP('',#3059);
#3059 = CLOSED_SHELL('',(#3060,#3100,#3183,#3208,#3233,#3300,#3317,#3334
    ,#3383,#3405,#3417,#3466,#3483,#3552,#3583,#3607,#3676,#3700,#3717,
    #3734,#3751,#3768,#3785,#3802,#3819,#3836));
#3060 = ADVANCED_FACE('',(#3061),#3095,.F.);
#3061 = FACE_BOUND('',#3062,.F.);
#3062 = EDGE_LOOP('',(#3063,#3073,#3081,#3089));
#3063 = ORIENTED_EDGE('',*,*,#3064,.F.);
#3064 = EDGE_CURVE('',#3065,#3067,#3069,.T.);
#3065 = VERTEX_POINT('',#3066);
#3066 = CARTESIAN_POINT('',(-1.6,-0.8,5.5E-02));
#3067 = VERTEX_POINT('',#3068);
#3068 = CARTESIAN_POINT('',(-1.6,-0.8,0.495));
#3069 = LINE('',#3070,#3071);
#3070 = CARTESIAN_POINT('',(-1.6,-0.8,0.));
#3071 = VECTOR('',#3072,1.);
#3072 = DIRECTION('',(0.,0.,1.));
#3073 = ORIENTED_EDGE('',*,*,#3074,.T.);
#3074 = EDGE_CURVE('',#3065,#3075,#3077,.T.);
#3075 = VERTEX_POINT('',#3076);
#3076 = CARTESIAN_POINT('',(-1.6,0.8,5.5E-02));
#3077 = LINE('',#3078,#3079);
#3078 = CARTESIAN_POINT('',(-1.6,-0.8,5.5E-02));
#3079 = VECTOR('',#3080,1.);
#3080 = DIRECTION('',(0.,1.,0.));
#3081 = ORIENTED_EDGE('',*,*,#3082,.T.);
#3082 = EDGE_CURVE('',#3075,#3083,#3085,.T.);
#3083 = VERTEX_POINT('',#3084);
#3084 = CARTESIAN_POINT('',(-1.6,0.8,0.495));
#3085 = LINE('',#3086,#3087);
#3086 = CARTESIAN_POINT('',(-1.6,0.8,0.));
#3087 = VECTOR('',#3088,1.);
#3088 = DIRECTION('',(0.,0.,1.));
#3089 = ORIENTED_EDGE('',*,*,#3090,.F.);
#3090 = EDGE_CURVE('',#3067,#3083,#3091,.T.);
#3091 = LINE('',#3092,#3093);
#3092 = CARTESIAN_POINT('',(-1.6,-0.8,0.495));
#3093 = VECTOR('',#3094,1.);
#3094 = DIRECTION('',(0.,1.,0.));
#3095 = PLANE('',#3096);
#3096 = AXIS2_PLACEMENT_3D('',#3097,#3098,#3099);
#3097 = CARTESIAN_POINT('',(-1.6,-0.8,0.));
#3098 = DIRECTION('',(1.,0.,0.));
#3099 = DIRECTION('',(0.,0.,1.));
#3100 = ADVANCED_FACE('',(#3101),#3178,.F.);
#3101 = FACE_BOUND('',#3102,.F.);
#3102 = EDGE_LOOP('',(#3103,#3113,#3120,#3121,#3130,#3138,#3147,#3155,
    #3163,#3171));
#3103 = ORIENTED_EDGE('',*,*,#3104,.F.);
#3104 = EDGE_CURVE('',#3105,#3107,#3109,.T.);
#3105 = VERTEX_POINT('',#3106);
#3106 = CARTESIAN_POINT('',(-1.545,-0.8,0.));
#3107 = VERTEX_POINT('',#3108);
#3108 = CARTESIAN_POINT('',(-1.155,-0.8,0.));
#3109 = LINE('',#3110,#3111);
#3110 = CARTESIAN_POINT('',(-1.6,-0.8,0.));
#3111 = VECTOR('',#3112,1.);
#3112 = DIRECTION('',(1.,0.,0.));
#3113 = ORIENTED_EDGE('',*,*,#3114,.F.);
#3114 = EDGE_CURVE('',#3065,#3105,#3115,.T.);
#3115 = CIRCLE('',#3116,5.5E-02);
#3116 = AXIS2_PLACEMENT_3D('',#3117,#3118,#3119);
#3117 = CARTESIAN_POINT('',(-1.545,-0.8,5.5E-02));
#3118 = DIRECTION('',(0.,-1.,0.));
#3119 = DIRECTION('',(0.,0.,1.));
#3120 = ORIENTED_EDGE('',*,*,#3064,.T.);
#3121 = ORIENTED_EDGE('',*,*,#3122,.T.);
#3122 = EDGE_CURVE('',#3067,#3123,#3125,.T.);
#3123 = VERTEX_POINT('',#3124);
#3124 = CARTESIAN_POINT('',(-1.545,-0.8,0.55));
#3125 = CIRCLE('',#3126,5.5E-02);
#3126 = AXIS2_PLACEMENT_3D('',#3127,#3128,#3129);
#3127 = CARTESIAN_POINT('',(-1.545,-0.8,0.495));
#3128 = DIRECTION('',(0.,1.,0.));
#3129 = DIRECTION('',(0.,-0.,1.));
#3130 = ORIENTED_EDGE('',*,*,#3131,.T.);
#3131 = EDGE_CURVE('',#3123,#3132,#3134,.T.);
#3132 = VERTEX_POINT('',#3133);
#3133 = CARTESIAN_POINT('',(-1.155,-0.8,0.55));
#3134 = LINE('',#3135,#3136);
#3135 = CARTESIAN_POINT('',(-1.6,-0.8,0.55));
#3136 = VECTOR('',#3137,1.);
#3137 = DIRECTION('',(1.,0.,0.));
#3138 = ORIENTED_EDGE('',*,*,#3139,.F.);
#3139 = EDGE_CURVE('',#3140,#3132,#3142,.T.);
#3140 = VERTEX_POINT('',#3141);
#3141 = CARTESIAN_POINT('',(-1.1,-0.8,0.495));
#3142 = CIRCLE('',#3143,5.5E-02);
#3143 = AXIS2_PLACEMENT_3D('',#3144,#3145,#3146);
#3144 = CARTESIAN_POINT('',(-1.155,-0.8,0.495));
#3145 = DIRECTION('',(0.,-1.,0.));
#3146 = DIRECTION('',(0.,0.,1.));
#3147 = ORIENTED_EDGE('',*,*,#3148,.F.);
#3148 = EDGE_CURVE('',#3149,#3140,#3151,.T.);
#3149 = VERTEX_POINT('',#3150);
#3150 = CARTESIAN_POINT('',(-1.545,-0.8,0.495));
#3151 = LINE('',#3152,#3153);
#3152 = CARTESIAN_POINT('',(-1.545,-0.8,0.495));
#3153 = VECTOR('',#3154,1.);
#3154 = DIRECTION('',(1.,0.,0.));
#3155 = ORIENTED_EDGE('',*,*,#3156,.F.);
#3156 = EDGE_CURVE('',#3157,#3149,#3159,.T.);
#3157 = VERTEX_POINT('',#3158);
#3158 = CARTESIAN_POINT('',(-1.545,-0.8,5.5E-02));
#3159 = LINE('',#3160,#3161);
#3160 = CARTESIAN_POINT('',(-1.545,-0.8,5.5E-02));
#3161 = VECTOR('',#3162,1.);
#3162 = DIRECTION('',(0.,0.,1.));
#3163 = ORIENTED_EDGE('',*,*,#3164,.T.);
#3164 = EDGE_CURVE('',#3157,#3165,#3167,.T.);
#3165 = VERTEX_POINT('',#3166);
#3166 = CARTESIAN_POINT('',(-1.1,-0.8,5.5E-02));
#3167 = LINE('',#3168,#3169);
#3168 = CARTESIAN_POINT('',(-1.545,-0.8,5.5E-02));
#3169 = VECTOR('',#3170,1.);
#3170 = DIRECTION('',(1.,0.,0.));
#3171 = ORIENTED_EDGE('',*,*,#3172,.T.);
#3172 = EDGE_CURVE('',#3165,#3107,#3173,.T.);
#3173 = CIRCLE('',#3174,5.5E-02);
#3174 = AXIS2_PLACEMENT_3D('',#3175,#3176,#3177);
#3175 = CARTESIAN_POINT('',(-1.155,-0.8,5.5E-02));
#3176 = DIRECTION('',(0.,1.,0.));
#3177 = DIRECTION('',(0.,-0.,1.));
#3178 = PLANE('',#3179);
#3179 = AXIS2_PLACEMENT_3D('',#3180,#3181,#3182);
#3180 = CARTESIAN_POINT('',(-1.6,-0.8,0.));
#3181 = DIRECTION('',(0.,1.,0.));
#3182 = DIRECTION('',(0.,-0.,1.));
#3183 = ADVANCED_FACE('',(#3184),#3203,.T.);
#3184 = FACE_BOUND('',#3185,.T.);
#3185 = EDGE_LOOP('',(#3186,#3187,#3196,#3202));
#3186 = ORIENTED_EDGE('',*,*,#3074,.T.);
#3187 = ORIENTED_EDGE('',*,*,#3188,.T.);
#3188 = EDGE_CURVE('',#3075,#3189,#3191,.T.);
#3189 = VERTEX_POINT('',#3190);
#3190 = CARTESIAN_POINT('',(-1.545,0.8,0.));
#3191 = CIRCLE('',#3192,5.5E-02);
#3192 = AXIS2_PLACEMENT_3D('',#3193,#3194,#3195);
#3193 = CARTESIAN_POINT('',(-1.545,0.8,5.5E-02));
#3194 = DIRECTION('',(0.,-1.,0.));
#3195 = DIRECTION('',(0.,0.,1.));
#3196 = ORIENTED_EDGE('',*,*,#3197,.F.);
#3197 = EDGE_CURVE('',#3105,#3189,#3198,.T.);
#3198 = LINE('',#3199,#3200);
#3199 = CARTESIAN_POINT('',(-1.545,-0.8,0.));
#3200 = VECTOR('',#3201,1.);
#3201 = DIRECTION('',(0.,1.,0.));
#3202 = ORIENTED_EDGE('',*,*,#3114,.F.);
#3203 = CYLINDRICAL_SURFACE('',#3204,5.5E-02);
#3204 = AXIS2_PLACEMENT_3D('',#3205,#3206,#3207);
#3205 = CARTESIAN_POINT('',(-1.545,-0.8,5.5E-02));
#3206 = DIRECTION('',(0.,1.,0.));
#3207 = DIRECTION('',(-1.,0.,0.));
#3208 = ADVANCED_FACE('',(#3209),#3228,.T.);
#3209 = FACE_BOUND('',#3210,.T.);
#3210 = EDGE_LOOP('',(#3211,#3212,#3220,#3227));
#3211 = ORIENTED_EDGE('',*,*,#3122,.T.);
#3212 = ORIENTED_EDGE('',*,*,#3213,.T.);
#3213 = EDGE_CURVE('',#3123,#3214,#3216,.T.);
#3214 = VERTEX_POINT('',#3215);
#3215 = CARTESIAN_POINT('',(-1.545,0.8,0.55));
#3216 = LINE('',#3217,#3218);
#3217 = CARTESIAN_POINT('',(-1.545,-0.8,0.55));
#3218 = VECTOR('',#3219,1.);
#3219 = DIRECTION('',(0.,1.,0.));
#3220 = ORIENTED_EDGE('',*,*,#3221,.F.);
#3221 = EDGE_CURVE('',#3083,#3214,#3222,.T.);
#3222 = CIRCLE('',#3223,5.5E-02);
#3223 = AXIS2_PLACEMENT_3D('',#3224,#3225,#3226);
#3224 = CARTESIAN_POINT('',(-1.545,0.8,0.495));
#3225 = DIRECTION('',(0.,1.,0.));
#3226 = DIRECTION('',(0.,-0.,1.));
#3227 = ORIENTED_EDGE('',*,*,#3090,.F.);
#3228 = CYLINDRICAL_SURFACE('',#3229,5.5E-02);
#3229 = AXIS2_PLACEMENT_3D('',#3230,#3231,#3232);
#3230 = CARTESIAN_POINT('',(-1.545,-0.8,0.495));
#3231 = DIRECTION('',(0.,1.,0.));
#3232 = DIRECTION('',(-1.,0.,0.));
#3233 = ADVANCED_FACE('',(#3234),#3295,.T.);
#3234 = FACE_BOUND('',#3235,.T.);
#3235 = EDGE_LOOP('',(#3236,#3244,#3245,#3246,#3247,#3255,#3264,#3272,
    #3280,#3288));
#3236 = ORIENTED_EDGE('',*,*,#3237,.F.);
#3237 = EDGE_CURVE('',#3189,#3238,#3240,.T.);
#3238 = VERTEX_POINT('',#3239);
#3239 = CARTESIAN_POINT('',(-1.155,0.8,0.));
#3240 = LINE('',#3241,#3242);
#3241 = CARTESIAN_POINT('',(-1.6,0.8,0.));
#3242 = VECTOR('',#3243,1.);
#3243 = DIRECTION('',(1.,0.,0.));
#3244 = ORIENTED_EDGE('',*,*,#3188,.F.);
#3245 = ORIENTED_EDGE('',*,*,#3082,.T.);
#3246 = ORIENTED_EDGE('',*,*,#3221,.T.);
#3247 = ORIENTED_EDGE('',*,*,#3248,.T.);
#3248 = EDGE_CURVE('',#3214,#3249,#3251,.T.);
#3249 = VERTEX_POINT('',#3250);
#3250 = CARTESIAN_POINT('',(-1.155,0.8,0.55));
#3251 = LINE('',#3252,#3253);
#3252 = CARTESIAN_POINT('',(-1.6,0.8,0.55));
#3253 = VECTOR('',#3254,1.);
#3254 = DIRECTION('',(1.,0.,0.));
#3255 = ORIENTED_EDGE('',*,*,#3256,.F.);
#3256 = EDGE_CURVE('',#3257,#3249,#3259,.T.);
#3257 = VERTEX_POINT('',#3258);
#3258 = CARTESIAN_POINT('',(-1.1,0.8,0.495));
#3259 = CIRCLE('',#3260,5.5E-02);
#3260 = AXIS2_PLACEMENT_3D('',#3261,#3262,#3263);
#3261 = CARTESIAN_POINT('',(-1.155,0.8,0.495));
#3262 = DIRECTION('',(0.,-1.,0.));
#3263 = DIRECTION('',(0.,0.,1.));
#3264 = ORIENTED_EDGE('',*,*,#3265,.F.);
#3265 = EDGE_CURVE('',#3266,#3257,#3268,.T.);
#3266 = VERTEX_POINT('',#3267);
#3267 = CARTESIAN_POINT('',(-1.545,0.8,0.495));
#3268 = LINE('',#3269,#3270);
#3269 = CARTESIAN_POINT('',(-1.545,0.8,0.495));
#3270 = VECTOR('',#3271,1.);
#3271 = DIRECTION('',(1.,0.,0.));
#3272 = ORIENTED_EDGE('',*,*,#3273,.F.);
#3273 = EDGE_CURVE('',#3274,#3266,#3276,.T.);
#3274 = VERTEX_POINT('',#3275);
#3275 = CARTESIAN_POINT('',(-1.545,0.8,5.5E-02));
#3276 = LINE('',#3277,#3278);
#3277 = CARTESIAN_POINT('',(-1.545,0.8,5.5E-02));
#3278 = VECTOR('',#3279,1.);
#3279 = DIRECTION('',(0.,0.,1.));
#3280 = ORIENTED_EDGE('',*,*,#3281,.T.);
#3281 = EDGE_CURVE('',#3274,#3282,#3284,.T.);
#3282 = VERTEX_POINT('',#3283);
#3283 = CARTESIAN_POINT('',(-1.1,0.8,5.5E-02));
#3284 = LINE('',#3285,#3286);
#3285 = CARTESIAN_POINT('',(-1.545,0.8,5.5E-02));
#3286 = VECTOR('',#3287,1.);
#3287 = DIRECTION('',(1.,0.,0.));
#3288 = ORIENTED_EDGE('',*,*,#3289,.T.);
#3289 = EDGE_CURVE('',#3282,#3238,#3290,.T.);
#3290 = CIRCLE('',#3291,5.5E-02);
#3291 = AXIS2_PLACEMENT_3D('',#3292,#3293,#3294);
#3292 = CARTESIAN_POINT('',(-1.155,0.8,5.5E-02));
#3293 = DIRECTION('',(0.,1.,0.));
#3294 = DIRECTION('',(0.,-0.,1.));
#3295 = PLANE('',#3296);
#3296 = AXIS2_PLACEMENT_3D('',#3297,#3298,#3299);
#3297 = CARTESIAN_POINT('',(-1.6,0.8,0.));
#3298 = DIRECTION('',(0.,1.,0.));
#3299 = DIRECTION('',(0.,-0.,1.));
#3300 = ADVANCED_FACE('',(#3301),#3312,.F.);
#3301 = FACE_BOUND('',#3302,.F.);
#3302 = EDGE_LOOP('',(#3303,#3304,#3305,#3306));
#3303 = ORIENTED_EDGE('',*,*,#3237,.F.);
#3304 = ORIENTED_EDGE('',*,*,#3197,.F.);
#3305 = ORIENTED_EDGE('',*,*,#3104,.T.);
#3306 = ORIENTED_EDGE('',*,*,#3307,.T.);
#3307 = EDGE_CURVE('',#3107,#3238,#3308,.T.);
#3308 = LINE('',#3309,#3310);
#3309 = CARTESIAN_POINT('',(-1.155,-0.8,0.));
#3310 = VECTOR('',#3311,1.);
#3311 = DIRECTION('',(0.,1.,0.));
#3312 = PLANE('',#3313);
#3313 = AXIS2_PLACEMENT_3D('',#3314,#3315,#3316);
#3314 = CARTESIAN_POINT('',(-1.6,-0.8,0.));
#3315 = DIRECTION('',(0.,0.,1.));
#3316 = DIRECTION('',(1.,0.,-0.));
#3317 = ADVANCED_FACE('',(#3318),#3329,.T.);
#3318 = FACE_BOUND('',#3319,.T.);
#3319 = EDGE_LOOP('',(#3320,#3321,#3322,#3323));
#3320 = ORIENTED_EDGE('',*,*,#3172,.T.);
#3321 = ORIENTED_EDGE('',*,*,#3307,.T.);
#3322 = ORIENTED_EDGE('',*,*,#3289,.F.);
#3323 = ORIENTED_EDGE('',*,*,#3324,.F.);
#3324 = EDGE_CURVE('',#3165,#3282,#3325,.T.);
#3325 = LINE('',#3326,#3327);
#3326 = CARTESIAN_POINT('',(-1.1,-0.8,5.5E-02));
#3327 = VECTOR('',#3328,1.);
#3328 = DIRECTION('',(0.,1.,0.));
#3329 = CYLINDRICAL_SURFACE('',#3330,5.5E-02);
#3330 = AXIS2_PLACEMENT_3D('',#3331,#3332,#3333);
#3331 = CARTESIAN_POINT('',(-1.155,-0.8,5.5E-02));
#3332 = DIRECTION('',(0.,1.,0.));
#3333 = DIRECTION('',(1.,0.,0.));
#3334 = ADVANCED_FACE('',(#3335),#3378,.F.);
#3335 = FACE_BOUND('',#3336,.F.);
#3336 = EDGE_LOOP('',(#3337,#3338,#3339,#3340,#3348,#3356,#3364,#3372));
#3337 = ORIENTED_EDGE('',*,*,#3164,.F.);
#3338 = ORIENTED_EDGE('',*,*,#3156,.T.);
#3339 = ORIENTED_EDGE('',*,*,#3148,.T.);
#3340 = ORIENTED_EDGE('',*,*,#3341,.T.);
#3341 = EDGE_CURVE('',#3140,#3342,#3344,.T.);
#3342 = VERTEX_POINT('',#3343);
#3343 = CARTESIAN_POINT('',(1.1,-0.8,0.495));
#3344 = LINE('',#3345,#3346);
#3345 = CARTESIAN_POINT('',(-1.1,-0.8,0.495));
#3346 = VECTOR('',#3347,1.);
#3347 = DIRECTION('',(1.,0.,0.));
#3348 = ORIENTED_EDGE('',*,*,#3349,.T.);
#3349 = EDGE_CURVE('',#3342,#3350,#3352,.T.);
#3350 = VERTEX_POINT('',#3351);
#3351 = CARTESIAN_POINT('',(1.545,-0.8,0.495));
#3352 = LINE('',#3353,#3354);
#3353 = CARTESIAN_POINT('',(-1.545,-0.8,0.495));
#3354 = VECTOR('',#3355,1.);
#3355 = DIRECTION('',(1.,0.,0.));
#3356 = ORIENTED_EDGE('',*,*,#3357,.F.);
#3357 = EDGE_CURVE('',#3358,#3350,#3360,.T.);
#3358 = VERTEX_POINT('',#3359);
#3359 = CARTESIAN_POINT('',(1.545,-0.8,5.5E-02));
#3360 = LINE('',#3361,#3362);
#3361 = CARTESIAN_POINT('',(1.545,-0.8,5.5E-02));
#3362 = VECTOR('',#3363,1.);
#3363 = DIRECTION('',(0.,0.,1.));
#3364 = ORIENTED_EDGE('',*,*,#3365,.F.);
#3365 = EDGE_CURVE('',#3366,#3358,#3368,.T.);
#3366 = VERTEX_POINT('',#3367);
#3367 = CARTESIAN_POINT('',(1.1,-0.8,5.5E-02));
#3368 = LINE('',#3369,#3370);
#3369 = CARTESIAN_POINT('',(-1.545,-0.8,5.5E-02));
#3370 = VECTOR('',#3371,1.);
#3371 = DIRECTION('',(1.,0.,0.));
#3372 = ORIENTED_EDGE('',*,*,#3373,.F.);
#3373 = EDGE_CURVE('',#3165,#3366,#3374,.T.);
#3374 = LINE('',#3375,#3376);
#3375 = CARTESIAN_POINT('',(-1.545,-0.8,5.5E-02));
#3376 = VECTOR('',#3377,1.);
#3377 = DIRECTION('',(1.,0.,0.));
#3378 = PLANE('',#3379);
#3379 = AXIS2_PLACEMENT_3D('',#3380,#3381,#3382);
#3380 = CARTESIAN_POINT('',(-1.545,-0.8,5.5E-02));
#3381 = DIRECTION('',(0.,1.,0.));
#3382 = DIRECTION('',(0.,-0.,1.));
#3383 = ADVANCED_FACE('',(#3384),#3400,.T.);
#3384 = FACE_BOUND('',#3385,.T.);
#3385 = EDGE_LOOP('',(#3386,#3392,#3393,#3399));
#3386 = ORIENTED_EDGE('',*,*,#3387,.T.);
#3387 = EDGE_CURVE('',#3140,#3257,#3388,.T.);
#3388 = LINE('',#3389,#3390);
#3389 = CARTESIAN_POINT('',(-1.1,-0.8,0.495));
#3390 = VECTOR('',#3391,1.);
#3391 = DIRECTION('',(0.,1.,0.));
#3392 = ORIENTED_EDGE('',*,*,#3256,.T.);
#3393 = ORIENTED_EDGE('',*,*,#3394,.F.);
#3394 = EDGE_CURVE('',#3132,#3249,#3395,.T.);
#3395 = LINE('',#3396,#3397);
#3396 = CARTESIAN_POINT('',(-1.155,-0.8,0.55));
#3397 = VECTOR('',#3398,1.);
#3398 = DIRECTION('',(0.,1.,0.));
#3399 = ORIENTED_EDGE('',*,*,#3139,.F.);
#3400 = CYLINDRICAL_SURFACE('',#3401,5.5E-02);
#3401 = AXIS2_PLACEMENT_3D('',#3402,#3403,#3404);
#3402 = CARTESIAN_POINT('',(-1.155,-0.8,0.495));
#3403 = DIRECTION('',(0.,1.,0.));
#3404 = DIRECTION('',(1.,0.,0.));
#3405 = ADVANCED_FACE('',(#3406),#3412,.T.);
#3406 = FACE_BOUND('',#3407,.T.);
#3407 = EDGE_LOOP('',(#3408,#3409,#3410,#3411));
#3408 = ORIENTED_EDGE('',*,*,#3248,.F.);
#3409 = ORIENTED_EDGE('',*,*,#3213,.F.);
#3410 = ORIENTED_EDGE('',*,*,#3131,.T.);
#3411 = ORIENTED_EDGE('',*,*,#3394,.T.);
#3412 = PLANE('',#3413);
#3413 = AXIS2_PLACEMENT_3D('',#3414,#3415,#3416);
#3414 = CARTESIAN_POINT('',(-1.6,-0.8,0.55));
#3415 = DIRECTION('',(0.,0.,1.));
#3416 = DIRECTION('',(1.,0.,-0.));
#3417 = ADVANCED_FACE('',(#3418),#3461,.T.);
#3418 = FACE_BOUND('',#3419,.T.);
#3419 = EDGE_LOOP('',(#3420,#3421,#3422,#3423,#3431,#3439,#3447,#3455));
#3420 = ORIENTED_EDGE('',*,*,#3281,.F.);
#3421 = ORIENTED_EDGE('',*,*,#3273,.T.);
#3422 = ORIENTED_EDGE('',*,*,#3265,.T.);
#3423 = ORIENTED_EDGE('',*,*,#3424,.T.);
#3424 = EDGE_CURVE('',#3257,#3425,#3427,.T.);
#3425 = VERTEX_POINT('',#3426);
#3426 = CARTESIAN_POINT('',(1.1,0.8,0.495));
#3427 = LINE('',#3428,#3429);
#3428 = CARTESIAN_POINT('',(-1.1,0.8,0.495));
#3429 = VECTOR('',#3430,1.);
#3430 = DIRECTION('',(1.,0.,0.));
#3431 = ORIENTED_EDGE('',*,*,#3432,.T.);
#3432 = EDGE_CURVE('',#3425,#3433,#3435,.T.);
#3433 = VERTEX_POINT('',#3434);
#3434 = CARTESIAN_POINT('',(1.545,0.8,0.495));
#3435 = LINE('',#3436,#3437);
#3436 = CARTESIAN_POINT('',(-1.545,0.8,0.495));
#3437 = VECTOR('',#3438,1.);
#3438 = DIRECTION('',(1.,0.,0.));
#3439 = ORIENTED_EDGE('',*,*,#3440,.F.);
#3440 = EDGE_CURVE('',#3441,#3433,#3443,.T.);
#3441 = VERTEX_POINT('',#3442);
#3442 = CARTESIAN_POINT('',(1.545,0.8,5.5E-02));
#3443 = LINE('',#3444,#3445);
#3444 = CARTESIAN_POINT('',(1.545,0.8,5.5E-02));
#3445 = VECTOR('',#3446,1.);
#3446 = DIRECTION('',(0.,0.,1.));
#3447 = ORIENTED_EDGE('',*,*,#3448,.F.);
#3448 = EDGE_CURVE('',#3449,#3441,#3451,.T.);
#3449 = VERTEX_POINT('',#3450);
#3450 = CARTESIAN_POINT('',(1.1,0.8,5.5E-02));
#3451 = LINE('',#3452,#3453);
#3452 = CARTESIAN_POINT('',(-1.545,0.8,5.5E-02));
#3453 = VECTOR('',#3454,1.);
#3454 = DIRECTION('',(1.,0.,0.));
#3455 = ORIENTED_EDGE('',*,*,#3456,.F.);
#3456 = EDGE_CURVE('',#3282,#3449,#3457,.T.);
#3457 = LINE('',#3458,#3459);
#3458 = CARTESIAN_POINT('',(-1.545,0.8,5.5E-02));
#3459 = VECTOR('',#3460,1.);
#3460 = DIRECTION('',(1.,0.,0.));
#3461 = PLANE('',#3462);
#3462 = AXIS2_PLACEMENT_3D('',#3463,#3464,#3465);
#3463 = CARTESIAN_POINT('',(-1.545,0.8,5.5E-02));
#3464 = DIRECTION('',(0.,1.,0.));
#3465 = DIRECTION('',(0.,-0.,1.));
#3466 = ADVANCED_FACE('',(#3467),#3478,.F.);
#3467 = FACE_BOUND('',#3468,.F.);
#3468 = EDGE_LOOP('',(#3469,#3470,#3471,#3477));
#3469 = ORIENTED_EDGE('',*,*,#3324,.F.);
#3470 = ORIENTED_EDGE('',*,*,#3373,.T.);
#3471 = ORIENTED_EDGE('',*,*,#3472,.T.);
#3472 = EDGE_CURVE('',#3366,#3449,#3473,.T.);
#3473 = LINE('',#3474,#3475);
#3474 = CARTESIAN_POINT('',(1.1,-0.8,5.5E-02));
#3475 = VECTOR('',#3476,1.);
#3476 = DIRECTION('',(0.,1.,0.));
#3477 = ORIENTED_EDGE('',*,*,#3456,.F.);
#3478 = PLANE('',#3479);
#3479 = AXIS2_PLACEMENT_3D('',#3480,#3481,#3482);
#3480 = CARTESIAN_POINT('',(-1.545,-0.8,5.5E-02));
#3481 = DIRECTION('',(0.,0.,1.));
#3482 = DIRECTION('',(1.,0.,-0.));
#3483 = ADVANCED_FACE('',(#3484),#3547,.F.);
#3484 = FACE_BOUND('',#3485,.F.);
#3485 = EDGE_LOOP('',(#3486,#3496,#3503,#3504,#3505,#3506,#3515,#3523,
    #3532,#3540));
#3486 = ORIENTED_EDGE('',*,*,#3487,.F.);
#3487 = EDGE_CURVE('',#3488,#3490,#3492,.T.);
#3488 = VERTEX_POINT('',#3489);
#3489 = CARTESIAN_POINT('',(1.155,-0.8,0.));
#3490 = VERTEX_POINT('',#3491);
#3491 = CARTESIAN_POINT('',(1.545,-0.8,0.));
#3492 = LINE('',#3493,#3494);
#3493 = CARTESIAN_POINT('',(1.1,-0.8,0.));
#3494 = VECTOR('',#3495,1.);
#3495 = DIRECTION('',(1.,0.,0.));
#3496 = ORIENTED_EDGE('',*,*,#3497,.F.);
#3497 = EDGE_CURVE('',#3366,#3488,#3498,.T.);
#3498 = CIRCLE('',#3499,5.5E-02);
#3499 = AXIS2_PLACEMENT_3D('',#3500,#3501,#3502);
#3500 = CARTESIAN_POINT('',(1.155,-0.8,5.5E-02));
#3501 = DIRECTION('',(0.,-1.,0.));
#3502 = DIRECTION('',(0.,0.,1.));
#3503 = ORIENTED_EDGE('',*,*,#3365,.T.);
#3504 = ORIENTED_EDGE('',*,*,#3357,.T.);
#3505 = ORIENTED_EDGE('',*,*,#3349,.F.);
#3506 = ORIENTED_EDGE('',*,*,#3507,.T.);
#3507 = EDGE_CURVE('',#3342,#3508,#3510,.T.);
#3508 = VERTEX_POINT('',#3509);
#3509 = CARTESIAN_POINT('',(1.155,-0.8,0.55));
#3510 = CIRCLE('',#3511,5.5E-02);
#3511 = AXIS2_PLACEMENT_3D('',#3512,#3513,#3514);
#3512 = CARTESIAN_POINT('',(1.155,-0.8,0.495));
#3513 = DIRECTION('',(0.,1.,0.));
#3514 = DIRECTION('',(0.,-0.,1.));
#3515 = ORIENTED_EDGE('',*,*,#3516,.T.);
#3516 = EDGE_CURVE('',#3508,#3517,#3519,.T.);
#3517 = VERTEX_POINT('',#3518);
#3518 = CARTESIAN_POINT('',(1.545,-0.8,0.55));
#3519 = LINE('',#3520,#3521);
#3520 = CARTESIAN_POINT('',(1.1,-0.8,0.55));
#3521 = VECTOR('',#3522,1.);
#3522 = DIRECTION('',(1.,0.,0.));
#3523 = ORIENTED_EDGE('',*,*,#3524,.F.);
#3524 = EDGE_CURVE('',#3525,#3517,#3527,.T.);
#3525 = VERTEX_POINT('',#3526);
#3526 = CARTESIAN_POINT('',(1.6,-0.8,0.495));
#3527 = CIRCLE('',#3528,5.5E-02);
#3528 = AXIS2_PLACEMENT_3D('',#3529,#3530,#3531);
#3529 = CARTESIAN_POINT('',(1.545,-0.8,0.495));
#3530 = DIRECTION('',(0.,-1.,0.));
#3531 = DIRECTION('',(0.,0.,1.));
#3532 = ORIENTED_EDGE('',*,*,#3533,.F.);
#3533 = EDGE_CURVE('',#3534,#3525,#3536,.T.);
#3534 = VERTEX_POINT('',#3535);
#3535 = CARTESIAN_POINT('',(1.6,-0.8,5.5E-02));
#3536 = LINE('',#3537,#3538);
#3537 = CARTESIAN_POINT('',(1.6,-0.8,0.));
#3538 = VECTOR('',#3539,1.);
#3539 = DIRECTION('',(0.,0.,1.));
#3540 = ORIENTED_EDGE('',*,*,#3541,.T.);
#3541 = EDGE_CURVE('',#3534,#3490,#3542,.T.);
#3542 = CIRCLE('',#3543,5.5E-02);
#3543 = AXIS2_PLACEMENT_3D('',#3544,#3545,#3546);
#3544 = CARTESIAN_POINT('',(1.545,-0.8,5.5E-02));
#3545 = DIRECTION('',(0.,1.,0.));
#3546 = DIRECTION('',(0.,-0.,1.));
#3547 = PLANE('',#3548);
#3548 = AXIS2_PLACEMENT_3D('',#3549,#3550,#3551);
#3549 = CARTESIAN_POINT('',(1.1,-0.8,0.));
#3550 = DIRECTION('',(0.,1.,0.));
#3551 = DIRECTION('',(0.,-0.,1.));
#3552 = ADVANCED_FACE('',(#3553),#3578,.F.);
#3553 = FACE_BOUND('',#3554,.F.);
#3554 = EDGE_LOOP('',(#3555,#3556,#3564,#3572));
#3555 = ORIENTED_EDGE('',*,*,#3341,.F.);
#3556 = ORIENTED_EDGE('',*,*,#3557,.T.);
#3557 = EDGE_CURVE('',#3140,#3558,#3560,.T.);
#3558 = VERTEX_POINT('',#3559);
#3559 = CARTESIAN_POINT('',(-1.1,-0.8,0.55));
#3560 = LINE('',#3561,#3562);
#3561 = CARTESIAN_POINT('',(-1.1,-0.8,0.495));
#3562 = VECTOR('',#3563,1.);
#3563 = DIRECTION('',(0.,0.,1.));
#3564 = ORIENTED_EDGE('',*,*,#3565,.T.);
#3565 = EDGE_CURVE('',#3558,#3566,#3568,.T.);
#3566 = VERTEX_POINT('',#3567);
#3567 = CARTESIAN_POINT('',(1.1,-0.8,0.55));
#3568 = LINE('',#3569,#3570);
#3569 = CARTESIAN_POINT('',(-1.1,-0.8,0.55));
#3570 = VECTOR('',#3571,1.);
#3571 = DIRECTION('',(1.,0.,0.));
#3572 = ORIENTED_EDGE('',*,*,#3573,.F.);
#3573 = EDGE_CURVE('',#3342,#3566,#3574,.T.);
#3574 = LINE('',#3575,#3576);
#3575 = CARTESIAN_POINT('',(1.1,-0.8,0.495));
#3576 = VECTOR('',#3577,1.);
#3577 = DIRECTION('',(0.,0.,1.));
#3578 = PLANE('',#3579);
#3579 = AXIS2_PLACEMENT_3D('',#3580,#3581,#3582);
#3580 = CARTESIAN_POINT('',(-1.1,-0.8,0.495));
#3581 = DIRECTION('',(0.,1.,0.));
#3582 = DIRECTION('',(0.,-0.,1.));
#3583 = ADVANCED_FACE('',(#3584),#3602,.F.);
#3584 = FACE_BOUND('',#3585,.F.);
#3585 = EDGE_LOOP('',(#3586,#3587,#3588,#3596));
#3586 = ORIENTED_EDGE('',*,*,#3557,.F.);
#3587 = ORIENTED_EDGE('',*,*,#3387,.T.);
#3588 = ORIENTED_EDGE('',*,*,#3589,.T.);
#3589 = EDGE_CURVE('',#3257,#3590,#3592,.T.);
#3590 = VERTEX_POINT('',#3591);
#3591 = CARTESIAN_POINT('',(-1.1,0.8,0.55));
#3592 = LINE('',#3593,#3594);
#3593 = CARTESIAN_POINT('',(-1.1,0.8,0.495));
#3594 = VECTOR('',#3595,1.);
#3595 = DIRECTION('',(0.,0.,1.));
#3596 = ORIENTED_EDGE('',*,*,#3597,.F.);
#3597 = EDGE_CURVE('',#3558,#3590,#3598,.T.);
#3598 = LINE('',#3599,#3600);
#3599 = CARTESIAN_POINT('',(-1.1,-0.8,0.55));
#3600 = VECTOR('',#3601,1.);
#3601 = DIRECTION('',(0.,1.,0.));
#3602 = PLANE('',#3603);
#3603 = AXIS2_PLACEMENT_3D('',#3604,#3605,#3606);
#3604 = CARTESIAN_POINT('',(-1.1,-0.8,0.495));
#3605 = DIRECTION('',(1.,0.,0.));
#3606 = DIRECTION('',(0.,0.,1.));
#3607 = ADVANCED_FACE('',(#3608),#3671,.T.);
#3608 = FACE_BOUND('',#3609,.T.);
#3609 = EDGE_LOOP('',(#3610,#3620,#3627,#3628,#3629,#3630,#3639,#3647,
    #3656,#3664));
#3610 = ORIENTED_EDGE('',*,*,#3611,.F.);
#3611 = EDGE_CURVE('',#3612,#3614,#3616,.T.);
#3612 = VERTEX_POINT('',#3613);
#3613 = CARTESIAN_POINT('',(1.155,0.8,0.));
#3614 = VERTEX_POINT('',#3615);
#3615 = CARTESIAN_POINT('',(1.545,0.8,0.));
#3616 = LINE('',#3617,#3618);
#3617 = CARTESIAN_POINT('',(1.1,0.8,0.));
#3618 = VECTOR('',#3619,1.);
#3619 = DIRECTION('',(1.,0.,0.));
#3620 = ORIENTED_EDGE('',*,*,#3621,.F.);
#3621 = EDGE_CURVE('',#3449,#3612,#3622,.T.);
#3622 = CIRCLE('',#3623,5.5E-02);
#3623 = AXIS2_PLACEMENT_3D('',#3624,#3625,#3626);
#3624 = CARTESIAN_POINT('',(1.155,0.8,5.5E-02));
#3625 = DIRECTION('',(0.,-1.,0.));
#3626 = DIRECTION('',(0.,0.,1.));
#3627 = ORIENTED_EDGE('',*,*,#3448,.T.);
#3628 = ORIENTED_EDGE('',*,*,#3440,.T.);
#3629 = ORIENTED_EDGE('',*,*,#3432,.F.);
#3630 = ORIENTED_EDGE('',*,*,#3631,.T.);
#3631 = EDGE_CURVE('',#3425,#3632,#3634,.T.);
#3632 = VERTEX_POINT('',#3633);
#3633 = CARTESIAN_POINT('',(1.155,0.8,0.55));
#3634 = CIRCLE('',#3635,5.5E-02);
#3635 = AXIS2_PLACEMENT_3D('',#3636,#3637,#3638);
#3636 = CARTESIAN_POINT('',(1.155,0.8,0.495));
#3637 = DIRECTION('',(0.,1.,0.));
#3638 = DIRECTION('',(0.,-0.,1.));
#3639 = ORIENTED_EDGE('',*,*,#3640,.T.);
#3640 = EDGE_CURVE('',#3632,#3641,#3643,.T.);
#3641 = VERTEX_POINT('',#3642);
#3642 = CARTESIAN_POINT('',(1.545,0.8,0.55));
#3643 = LINE('',#3644,#3645);
#3644 = CARTESIAN_POINT('',(1.1,0.8,0.55));
#3645 = VECTOR('',#3646,1.);
#3646 = DIRECTION('',(1.,0.,0.));
#3647 = ORIENTED_EDGE('',*,*,#3648,.F.);
#3648 = EDGE_CURVE('',#3649,#3641,#3651,.T.);
#3649 = VERTEX_POINT('',#3650);
#3650 = CARTESIAN_POINT('',(1.6,0.8,0.495));
#3651 = CIRCLE('',#3652,5.5E-02);
#3652 = AXIS2_PLACEMENT_3D('',#3653,#3654,#3655);
#3653 = CARTESIAN_POINT('',(1.545,0.8,0.495));
#3654 = DIRECTION('',(0.,-1.,0.));
#3655 = DIRECTION('',(0.,0.,1.));
#3656 = ORIENTED_EDGE('',*,*,#3657,.F.);
#3657 = EDGE_CURVE('',#3658,#3649,#3660,.T.);
#3658 = VERTEX_POINT('',#3659);
#3659 = CARTESIAN_POINT('',(1.6,0.8,5.5E-02));
#3660 = LINE('',#3661,#3662);
#3661 = CARTESIAN_POINT('',(1.6,0.8,0.));
#3662 = VECTOR('',#3663,1.);
#3663 = DIRECTION('',(0.,0.,1.));
#3664 = ORIENTED_EDGE('',*,*,#3665,.T.);
#3665 = EDGE_CURVE('',#3658,#3614,#3666,.T.);
#3666 = CIRCLE('',#3667,5.5E-02);
#3667 = AXIS2_PLACEMENT_3D('',#3668,#3669,#3670);
#3668 = CARTESIAN_POINT('',(1.545,0.8,5.5E-02));
#3669 = DIRECTION('',(0.,1.,0.));
#3670 = DIRECTION('',(0.,-0.,1.));
#3671 = PLANE('',#3672);
#3672 = AXIS2_PLACEMENT_3D('',#3673,#3674,#3675);
#3673 = CARTESIAN_POINT('',(1.1,0.8,0.));
#3674 = DIRECTION('',(0.,1.,0.));
#3675 = DIRECTION('',(0.,-0.,1.));
#3676 = ADVANCED_FACE('',(#3677),#3695,.T.);
#3677 = FACE_BOUND('',#3678,.T.);
#3678 = EDGE_LOOP('',(#3679,#3680,#3681,#3689));
#3679 = ORIENTED_EDGE('',*,*,#3424,.F.);
#3680 = ORIENTED_EDGE('',*,*,#3589,.T.);
#3681 = ORIENTED_EDGE('',*,*,#3682,.T.);
#3682 = EDGE_CURVE('',#3590,#3683,#3685,.T.);
#3683 = VERTEX_POINT('',#3684);
#3684 = CARTESIAN_POINT('',(1.1,0.8,0.55));
#3685 = LINE('',#3686,#3687);
#3686 = CARTESIAN_POINT('',(-1.1,0.8,0.55));
#3687 = VECTOR('',#3688,1.);
#3688 = DIRECTION('',(1.,0.,0.));
#3689 = ORIENTED_EDGE('',*,*,#3690,.F.);
#3690 = EDGE_CURVE('',#3425,#3683,#3691,.T.);
#3691 = LINE('',#3692,#3693);
#3692 = CARTESIAN_POINT('',(1.1,0.8,0.495));
#3693 = VECTOR('',#3694,1.);
#3694 = DIRECTION('',(0.,0.,1.));
#3695 = PLANE('',#3696);
#3696 = AXIS2_PLACEMENT_3D('',#3697,#3698,#3699);
#3697 = CARTESIAN_POINT('',(-1.1,0.8,0.495));
#3698 = DIRECTION('',(0.,1.,0.));
#3699 = DIRECTION('',(0.,-0.,1.));
#3700 = ADVANCED_FACE('',(#3701),#3712,.T.);
#3701 = FACE_BOUND('',#3702,.T.);
#3702 = EDGE_LOOP('',(#3703,#3704,#3705,#3711));
#3703 = ORIENTED_EDGE('',*,*,#3472,.T.);
#3704 = ORIENTED_EDGE('',*,*,#3621,.T.);
#3705 = ORIENTED_EDGE('',*,*,#3706,.F.);
#3706 = EDGE_CURVE('',#3488,#3612,#3707,.T.);
#3707 = LINE('',#3708,#3709);
#3708 = CARTESIAN_POINT('',(1.155,-0.8,0.));
#3709 = VECTOR('',#3710,1.);
#3710 = DIRECTION('',(0.,1.,0.));
#3711 = ORIENTED_EDGE('',*,*,#3497,.F.);
#3712 = CYLINDRICAL_SURFACE('',#3713,5.5E-02);
#3713 = AXIS2_PLACEMENT_3D('',#3714,#3715,#3716);
#3714 = CARTESIAN_POINT('',(1.155,-0.8,5.5E-02));
#3715 = DIRECTION('',(0.,1.,0.));
#3716 = DIRECTION('',(-1.,0.,0.));
#3717 = ADVANCED_FACE('',(#3718),#3729,.F.);
#3718 = FACE_BOUND('',#3719,.F.);
#3719 = EDGE_LOOP('',(#3720,#3721,#3722,#3723));
#3720 = ORIENTED_EDGE('',*,*,#3611,.F.);
#3721 = ORIENTED_EDGE('',*,*,#3706,.F.);
#3722 = ORIENTED_EDGE('',*,*,#3487,.T.);
#3723 = ORIENTED_EDGE('',*,*,#3724,.T.);
#3724 = EDGE_CURVE('',#3490,#3614,#3725,.T.);
#3725 = LINE('',#3726,#3727);
#3726 = CARTESIAN_POINT('',(1.545,-0.8,0.));
#3727 = VECTOR('',#3728,1.);
#3728 = DIRECTION('',(0.,1.,0.));
#3729 = PLANE('',#3730);
#3730 = AXIS2_PLACEMENT_3D('',#3731,#3732,#3733);
#3731 = CARTESIAN_POINT('',(1.1,-0.8,0.));
#3732 = DIRECTION('',(0.,0.,1.));
#3733 = DIRECTION('',(1.,0.,-0.));
#3734 = ADVANCED_FACE('',(#3735),#3746,.T.);
#3735 = FACE_BOUND('',#3736,.T.);
#3736 = EDGE_LOOP('',(#3737,#3738,#3739,#3740));
#3737 = ORIENTED_EDGE('',*,*,#3541,.T.);
#3738 = ORIENTED_EDGE('',*,*,#3724,.T.);
#3739 = ORIENTED_EDGE('',*,*,#3665,.F.);
#3740 = ORIENTED_EDGE('',*,*,#3741,.F.);
#3741 = EDGE_CURVE('',#3534,#3658,#3742,.T.);
#3742 = LINE('',#3743,#3744);
#3743 = CARTESIAN_POINT('',(1.6,-0.8,5.5E-02));
#3744 = VECTOR('',#3745,1.);
#3745 = DIRECTION('',(0.,1.,0.));
#3746 = CYLINDRICAL_SURFACE('',#3747,5.5E-02);
#3747 = AXIS2_PLACEMENT_3D('',#3748,#3749,#3750);
#3748 = CARTESIAN_POINT('',(1.545,-0.8,5.5E-02));
#3749 = DIRECTION('',(0.,1.,0.));
#3750 = DIRECTION('',(1.,0.,0.));
#3751 = ADVANCED_FACE('',(#3752),#3763,.T.);
#3752 = FACE_BOUND('',#3753,.T.);
#3753 = EDGE_LOOP('',(#3754,#3755,#3756,#3757));
#3754 = ORIENTED_EDGE('',*,*,#3533,.F.);
#3755 = ORIENTED_EDGE('',*,*,#3741,.T.);
#3756 = ORIENTED_EDGE('',*,*,#3657,.T.);
#3757 = ORIENTED_EDGE('',*,*,#3758,.F.);
#3758 = EDGE_CURVE('',#3525,#3649,#3759,.T.);
#3759 = LINE('',#3760,#3761);
#3760 = CARTESIAN_POINT('',(1.6,-0.8,0.495));
#3761 = VECTOR('',#3762,1.);
#3762 = DIRECTION('',(0.,1.,0.));
#3763 = PLANE('',#3764);
#3764 = AXIS2_PLACEMENT_3D('',#3765,#3766,#3767);
#3765 = CARTESIAN_POINT('',(1.6,-0.8,0.));
#3766 = DIRECTION('',(1.,0.,0.));
#3767 = DIRECTION('',(0.,0.,1.));
#3768 = ADVANCED_FACE('',(#3769),#3780,.T.);
#3769 = FACE_BOUND('',#3770,.T.);
#3770 = EDGE_LOOP('',(#3771,#3772,#3773,#3779));
#3771 = ORIENTED_EDGE('',*,*,#3758,.T.);
#3772 = ORIENTED_EDGE('',*,*,#3648,.T.);
#3773 = ORIENTED_EDGE('',*,*,#3774,.F.);
#3774 = EDGE_CURVE('',#3517,#3641,#3775,.T.);
#3775 = LINE('',#3776,#3777);
#3776 = CARTESIAN_POINT('',(1.545,-0.8,0.55));
#3777 = VECTOR('',#3778,1.);
#3778 = DIRECTION('',(0.,1.,0.));
#3779 = ORIENTED_EDGE('',*,*,#3524,.F.);
#3780 = CYLINDRICAL_SURFACE('',#3781,5.5E-02);
#3781 = AXIS2_PLACEMENT_3D('',#3782,#3783,#3784);
#3782 = CARTESIAN_POINT('',(1.545,-0.8,0.495));
#3783 = DIRECTION('',(0.,1.,0.));
#3784 = DIRECTION('',(1.,0.,0.));
#3785 = ADVANCED_FACE('',(#3786),#3797,.T.);
#3786 = FACE_BOUND('',#3787,.T.);
#3787 = EDGE_LOOP('',(#3788,#3789,#3795,#3796));
#3788 = ORIENTED_EDGE('',*,*,#3640,.F.);
#3789 = ORIENTED_EDGE('',*,*,#3790,.F.);
#3790 = EDGE_CURVE('',#3508,#3632,#3791,.T.);
#3791 = LINE('',#3792,#3793);
#3792 = CARTESIAN_POINT('',(1.155,-0.8,0.55));
#3793 = VECTOR('',#3794,1.);
#3794 = DIRECTION('',(0.,1.,0.));
#3795 = ORIENTED_EDGE('',*,*,#3516,.T.);
#3796 = ORIENTED_EDGE('',*,*,#3774,.T.);
#3797 = PLANE('',#3798);
#3798 = AXIS2_PLACEMENT_3D('',#3799,#3800,#3801);
#3799 = CARTESIAN_POINT('',(1.1,-0.8,0.55));
#3800 = DIRECTION('',(0.,0.,1.));
#3801 = DIRECTION('',(1.,0.,-0.));
#3802 = ADVANCED_FACE('',(#3803),#3814,.T.);
#3803 = FACE_BOUND('',#3804,.T.);
#3804 = EDGE_LOOP('',(#3805,#3806,#3807,#3808));
#3805 = ORIENTED_EDGE('',*,*,#3507,.T.);
#3806 = ORIENTED_EDGE('',*,*,#3790,.T.);
#3807 = ORIENTED_EDGE('',*,*,#3631,.F.);
#3808 = ORIENTED_EDGE('',*,*,#3809,.F.);
#3809 = EDGE_CURVE('',#3342,#3425,#3810,.T.);
#3810 = LINE('',#3811,#3812);
#3811 = CARTESIAN_POINT('',(1.1,-0.8,0.495));
#3812 = VECTOR('',#3813,1.);
#3813 = DIRECTION('',(0.,1.,0.));
#3814 = CYLINDRICAL_SURFACE('',#3815,5.5E-02);
#3815 = AXIS2_PLACEMENT_3D('',#3816,#3817,#3818);
#3816 = CARTESIAN_POINT('',(1.155,-0.8,0.495));
#3817 = DIRECTION('',(0.,1.,0.));
#3818 = DIRECTION('',(-1.,0.,0.));
#3819 = ADVANCED_FACE('',(#3820),#3831,.T.);
#3820 = FACE_BOUND('',#3821,.T.);
#3821 = EDGE_LOOP('',(#3822,#3823,#3824,#3825));
#3822 = ORIENTED_EDGE('',*,*,#3573,.F.);
#3823 = ORIENTED_EDGE('',*,*,#3809,.T.);
#3824 = ORIENTED_EDGE('',*,*,#3690,.T.);
#3825 = ORIENTED_EDGE('',*,*,#3826,.F.);
#3826 = EDGE_CURVE('',#3566,#3683,#3827,.T.);
#3827 = LINE('',#3828,#3829);
#3828 = CARTESIAN_POINT('',(1.1,-0.8,0.55));
#3829 = VECTOR('',#3830,1.);
#3830 = DIRECTION('',(0.,1.,0.));
#3831 = PLANE('',#3832);
#3832 = AXIS2_PLACEMENT_3D('',#3833,#3834,#3835);
#3833 = CARTESIAN_POINT('',(1.1,-0.8,0.495));
#3834 = DIRECTION('',(1.,0.,0.));
#3835 = DIRECTION('',(0.,0.,1.));
#3836 = ADVANCED_FACE('',(#3837),#3843,.T.);
#3837 = FACE_BOUND('',#3838,.T.);
#3838 = EDGE_LOOP('',(#3839,#3840,#3841,#3842));
#3839 = ORIENTED_EDGE('',*,*,#3597,.F.);
#3840 = ORIENTED_EDGE('',*,*,#3565,.T.);
#3841 = ORIENTED_EDGE('',*,*,#3826,.T.);
#3842 = ORIENTED_EDGE('',*,*,#3682,.F.);
#3843 = PLANE('',#3844);
#3844 = AXIS2_PLACEMENT_3D('',#3845,#3846,#3847);
#3845 = CARTESIAN_POINT('',(-1.1,-0.8,0.55));
#3846 = DIRECTION('',(0.,0.,1.));
#3847 = DIRECTION('',(1.,0.,-0.));
#3848 = ( GEOMETRIC_REPRESENTATION_CONTEXT(3) 
GLOBAL_UNCERTAINTY_ASSIGNED_CONTEXT((#3852)) 
GLOBAL_UNIT_ASSIGNED_CONTEXT((#3849,#3850,#3851)) REPRESENTATION_CONTEXT
('Context #1','3D Context with UNIT and UNCERTAINTY') );
#3849 = ( LENGTH_UNIT() NAMED_UNIT(*) SI_UNIT(.MILLI.,.METRE.) );
#3850 = ( NAMED_UNIT(*) PLANE_ANGLE_UNIT() SI_UNIT($,.RADIAN.) );
#3851 = ( NAMED_UNIT(*) SI_UNIT($,.STERADIAN.) SOLID_ANGLE_UNIT() );
#3852 = UNCERTAINTY_MEASURE_WITH_UNIT(LENGTH_MEASURE(1.E-07),#3849,
  'distance_accuracy_value','confusion accuracy');
#3853 = CONTEXT_DEPENDENT_SHAPE_REPRESENTATION(#3854,#3856);
#3854 = ( REPRESENTATION_RELATIONSHIP('','',#3057,#3034) 
REPRESENTATION_RELATIONSHIP_WITH_TRANSFORMATION(#3855) 
SHAPE_REPRESENTATION_RELATIONSHIP() );
#3855 = ITEM_DEFINED_TRANSFORMATION('','',#11,#3035);
#3856 = PRODUCT_DEFINITION_SHAPE('Placement','Placement of an item',
  #3857);
#3857 = NEXT_ASSEMBLY_USAGE_OCCURRENCE('3','=>[0:1:1:5]','',#3029,#3052,
  $);
#3858 = PRODUCT_RELATED_PRODUCT_CATEGORY('part',$,(#3054));
#3859 = CONTEXT_DEPENDENT_SHAPE_REPRESENTATION(#3860,#3862);
#3860 = ( REPRESENTATION_RELATIONSHIP('','',#100,#10) 
REPRESENTATION_RELATIONSHIP_WITH_TRANSFORMATION(#3861) 
SHAPE_REPRESENTATION_RELATIONSHIP() );
#3861 = ITEM_DEFINED_TRANSFORMATION('','',#11,#23);
#3862 = PRODUCT_DEFINITION_SHAPE('Placement','Placement of an item',
  #3863);
#3863 = NEXT_ASSEMBLY_USAGE_OCCURRENCE('5','J7','',#5,#95,$);
#3864 = CONTEXT_DEPENDENT_SHAPE_REPRESENTATION(#3865,#3867);
#3865 = ( REPRESENTATION_RELATIONSHIP('','',#3034,#10) 
REPRESENTATION_RELATIONSHIP_WITH_TRANSFORMATION(#3866) 
SHAPE_REPRESENTATION_RELATIONSHIP() );
#3866 = ITEM_DEFINED_TRANSFORMATION('','',#11,#27);
#3867 = PRODUCT_DEFINITION_SHAPE('Placement','Placement of an item',
  #3868);
#3868 = NEXT_ASSEMBLY_USAGE_OCCURRENCE('6','F6','',#5,#3029,$);
#3869 = CONTEXT_DEPENDENT_SHAPE_REPRESENTATION(#3870,#3872);
#3870 = ( REPRESENTATION_RELATIONSHIP('','',#3034,#10) 
REPRESENTATION_RELATIONSHIP_WITH_TRANSFORMATION(#3871) 
SHAPE_REPRESENTATION_RELATIONSHIP() );
#3871 = ITEM_DEFINED_TRANSFORMATION('','',#11,#31);
#3872 = PRODUCT_DEFINITION_SHAPE('Placement','Placement of an item',
  #3873);
#3873 = NEXT_ASSEMBLY_USAGE_OCCURRENCE('7','F4','',#5,#3029,$);
#3874 = SHAPE_DEFINITION_REPRESENTATION(#3875,#3881);
#3875 = PRODUCT_DEFINITION_SHAPE('','',#3876);
#3876 = PRODUCT_DEFINITION('design','',#3877,#3880);
#3877 = PRODUCT_DEFINITION_FORMATION('','',#3878);
#3878 = PRODUCT('SOIC-8_3.9x4.9mm_P1.27mm','SOIC-8_3.9x4.9mm_P1.27mm',''
  ,(#3879));
#3879 = PRODUCT_CONTEXT('',#2,'mechanical');
#3880 = PRODUCT_DEFINITION_CONTEXT('part definition',#2,'design');
#3881 = SHAPE_REPRESENTATION('',(#11,#3882),#3886);
#3882 = AXIS2_PLACEMENT_3D('',#3883,#3884,#3885);
#3883 = CARTESIAN_POINT('',(0.,0.,0.));
#3884 = DIRECTION('',(0.,0.,1.));
#3885 = DIRECTION('',(1.,0.,-0.));
#3886 = ( GEOMETRIC_REPRESENTATION_CONTEXT(3) 
GLOBAL_UNCERTAINTY_ASSIGNED_CONTEXT((#3890)) 
GLOBAL_UNIT_ASSIGNED_CONTEXT((#3887,#3888,#3889)) REPRESENTATION_CONTEXT
('Context #1','3D Context with UNIT and UNCERTAINTY') );
#3887 = ( LENGTH_UNIT() NAMED_UNIT(*) SI_UNIT(.MILLI.,.METRE.) );
#3888 = ( NAMED_UNIT(*) PLANE_ANGLE_UNIT() SI_UNIT($,.RADIAN.) );
#3889 = ( NAMED_UNIT(*) SI_UNIT($,.STERADIAN.) SOLID_ANGLE_UNIT() );
#3890 = UNCERTAINTY_MEASURE_WITH_UNIT(LENGTH_MEASURE(1.E-07),#3887,
  'distance_accuracy_value','confusion accuracy');
#3891 = CONTEXT_DEPENDENT_SHAPE_REPRESENTATION(#3892,#3894);
#3892 = ( REPRESENTATION_RELATIONSHIP('','',#3881,#10) 
REPRESENTATION_RELATIONSHIP_WITH_TRANSFORMATION(#3893) 
SHAPE_REPRESENTATION_RELATIONSHIP() );
#3893 = ITEM_DEFINED_TRANSFORMATION('','',#11,#35);
#3894 = PRODUCT_DEFINITION_SHAPE('Placement','Placement of an item',
  #3895);
#3895 = NEXT_ASSEMBLY_USAGE_OCCURRENCE('9','Q1','',#5,#3876,$);
#3896 = PRODUCT_RELATED_PRODUCT_CATEGORY('part',$,(#3878));
#3897 = SHAPE_DEFINITION_REPRESENTATION(#3898,#3904);
#3898 = PRODUCT_DEFINITION_SHAPE('','',#3899);
#3899 = PRODUCT_DEFINITION('design','',#3900,#3903);
#3900 = PRODUCT_DEFINITION_FORMATION('','',#3901);
#3901 = PRODUCT('SOIC-8_3.9x4.9mm_P1.27mm','SOIC-8_3.9x4.9mm_P1.27mm',''
  ,(#3902));
#3902 = PRODUCT_CONTEXT('',#2,'mechanical');
#3903 = PRODUCT_DEFINITION_CONTEXT('part definition',#2,'design');
#3904 = ADVANCED_BREP_SHAPE_REPRESENTATION('',(#11,#3905),#8373);
#3905 = MANIFOLD_SOLID_BREP('',#3906);
#3906 = CLOSED_SHELL('',(#3907,#3945,#4008,#4031,#4060,#4083,#4170,#4257
    ,#4280,#4303,#4320,#4343,#4431,#4447,#4477,#4508,#4539,#4570,#4601,
    #4632,#4663,#4694,#4711,#4728,#4759,#4790,#4821,#4852,#4883,#4914,
    #4945,#4975,#4998,#5021,#5038,#5083,#5169,#5192,#5215,#5238,#5325,
    #5363,#5412,#5504,#5529,#5613,#5635,#5727,#5752,#5836,#5858,#5950,
    #5975,#6059,#6076,#6161,#6186,#6263,#6348,#6373,#6450,#6467,#6559,
    #6584,#6668,#6690,#6782,#6807,#6891,#6913,#7005,#7030,#7114,#7131,
    #7150,#7169,#7188,#7234,#7250,#7269,#7288,#7307,#7323,#7340,#7352,
    #7369,#7386,#7403,#7420,#7437,#7454,#7471,#7483,#7500,#7517,#7534,
    #7551,#7568,#7585,#7602,#7614,#7631,#7648,#7665,#7682,#7699,#7716,
    #7733,#7745,#7762,#7779,#7796,#7813,#7830,#7847,#7859,#7876,#7893,
    #7910,#7927,#7944,#7961,#7973,#7990,#8007,#8024,#8041,#8058,#8075,
    #8092,#8104,#8121,#8138,#8155,#8172,#8189,#8206,#8223,#8235,#8252,
    #8269,#8286,#8303,#8320,#8337,#8354,#8366));
#3907 = ADVANCED_FACE('',(#3908),#3940,.F.);
#3908 = FACE_BOUND('',#3909,.F.);
#3909 = EDGE_LOOP('',(#3910,#3920,#3927,#3935));
#3910 = ORIENTED_EDGE('',*,*,#3911,.T.);
#3911 = EDGE_CURVE('',#3912,#3914,#3916,.T.);
#3912 = VERTEX_POINT('',#3913);
#3913 = CARTESIAN_POINT('',(-1.717585640382,2.335171280765,0.1));
#3914 = VERTEX_POINT('',#3915);
#3915 = CARTESIAN_POINT('',(1.717585640382,2.335171280765,0.1));
#3916 = LINE('',#3917,#3918);
#3917 = CARTESIAN_POINT('',(-1.717585640382,2.335171280765,0.1));
#3918 = VECTOR('',#3919,1.);
#3919 = DIRECTION('',(1.,1.110223024625E-16,0.));
#3920 = ORIENTED_EDGE('',*,*,#3921,.T.);
#3921 = EDGE_CURVE('',#3914,#3922,#3924,.T.);
#3922 = VERTEX_POINT('',#3923);
#3923 = CARTESIAN_POINT('',(1.775,2.45,0.825));
#3924 = B_SPLINE_CURVE_WITH_KNOTS('',1,(#3925,#3926),.UNSPECIFIED.,.F.,
  .F.,(2,2),(0.,1.),.PIECEWISE_BEZIER_KNOTS.);
#3925 = CARTESIAN_POINT('',(1.717585640382,2.335171280765,0.1));
#3926 = CARTESIAN_POINT('',(1.775,2.45,0.825));
#3927 = ORIENTED_EDGE('',*,*,#3928,.F.);
#3928 = EDGE_CURVE('',#3929,#3922,#3931,.T.);
#3929 = VERTEX_POINT('',#3930);
#3930 = CARTESIAN_POINT('',(-1.775,2.45,0.825));
#3931 = LINE('',#3932,#3933);
#3932 = CARTESIAN_POINT('',(-1.775,2.45,0.825));
#3933 = VECTOR('',#3934,1.);
#3934 = DIRECTION('',(1.,1.110223024625E-16,0.));
#3935 = ORIENTED_EDGE('',*,*,#3936,.F.);
#3936 = EDGE_CURVE('',#3912,#3929,#3937,.T.);
#3937 = B_SPLINE_CURVE_WITH_KNOTS('',1,(#3938,#3939),.UNSPECIFIED.,.F.,
  .F.,(2,2),(0.,1.),.PIECEWISE_BEZIER_KNOTS.);
#3938 = CARTESIAN_POINT('',(-1.717585640382,2.335171280765,0.1));
#3939 = CARTESIAN_POINT('',(-1.775,2.45,0.825));
#3940 = B_SPLINE_SURFACE_WITH_KNOTS('',1,1,(
    (#3941,#3942)
    ,(#3943,#3944
    )),.UNSPECIFIED.,.F.,.F.,.F.,(2,2),(2,2),(0.,3.55),(0.,1.),
  .PIECEWISE_BEZIER_KNOTS.);
#3941 = CARTESIAN_POINT('',(-1.717585640382,2.335171280765,0.1));
#3942 = CARTESIAN_POINT('',(-1.775,2.45,0.825));
#3943 = CARTESIAN_POINT('',(1.717585640382,2.335171280765,0.1));
#3944 = CARTESIAN_POINT('',(1.775,2.45,0.825));
#3945 = ADVANCED_FACE('',(#3946),#4003,.F.);
#3946 = FACE_BOUND('',#3947,.T.);
#3947 = EDGE_LOOP('',(#3948,#3949,#3957,#3965,#3973,#3981,#3989,#3997));
#3948 = ORIENTED_EDGE('',*,*,#3911,.T.);
#3949 = ORIENTED_EDGE('',*,*,#3950,.T.);
#3950 = EDGE_CURVE('',#3914,#3951,#3953,.T.);
#3951 = VERTEX_POINT('',#3952);
#3952 = CARTESIAN_POINT('',(1.835171280765,2.217585640382,0.1));
#3953 = LINE('',#3954,#3955);
#3954 = CARTESIAN_POINT('',(1.717585640382,2.335171280765,0.1));
#3955 = VECTOR('',#3956,1.);
#3956 = DIRECTION('',(0.707106781187,-0.707106781187,0.));
#3957 = ORIENTED_EDGE('',*,*,#3958,.T.);
#3958 = EDGE_CURVE('',#3951,#3959,#3961,.T.);
#3959 = VERTEX_POINT('',#3960);
#3960 = CARTESIAN_POINT('',(1.835171280765,-2.217585640382,0.1));
#3961 = LINE('',#3962,#3963);
#3962 = CARTESIAN_POINT('',(1.835171280765,2.217585640382,0.1));
#3963 = VECTOR('',#3964,1.);
#3964 = DIRECTION('',(1.110223024625E-16,-1.,0.));
#3965 = ORIENTED_EDGE('',*,*,#3966,.T.);
#3966 = EDGE_CURVE('',#3959,#3967,#3969,.T.);
#3967 = VERTEX_POINT('',#3968);
#3968 = CARTESIAN_POINT('',(1.717585640382,-2.335171280765,0.1));
#3969 = LINE('',#3970,#3971);
#3970 = CARTESIAN_POINT('',(1.835171280765,-2.217585640382,0.1));
#3971 = VECTOR('',#3972,1.);
#3972 = DIRECTION('',(-0.707106781187,-0.707106781187,0.));
#3973 = ORIENTED_EDGE('',*,*,#3974,.T.);
#3974 = EDGE_CURVE('',#3967,#3975,#3977,.T.);
#3975 = VERTEX_POINT('',#3976);
#3976 = CARTESIAN_POINT('',(-1.717585640382,-2.335171280765,0.1));
#3977 = LINE('',#3978,#3979);
#3978 = CARTESIAN_POINT('',(1.717585640382,-2.335171280765,0.1));
#3979 = VECTOR('',#3980,1.);
#3980 = DIRECTION('',(-1.,-1.110223024625E-16,0.));
#3981 = ORIENTED_EDGE('',*,*,#3982,.T.);
#3982 = EDGE_CURVE('',#3975,#3983,#3985,.T.);
#3983 = VERTEX_POINT('',#3984);
#3984 = CARTESIAN_POINT('',(-1.835171280765,-2.217585640382,0.1));
#3985 = LINE('',#3986,#3987);
#3986 = CARTESIAN_POINT('',(-1.717585640382,-2.335171280765,0.1));
#3987 = VECTOR('',#3988,1.);
#3988 = DIRECTION('',(-0.707106781187,0.707106781187,0.));
#3989 = ORIENTED_EDGE('',*,*,#3990,.T.);
#3990 = EDGE_CURVE('',#3983,#3991,#3993,.T.);
#3991 = VERTEX_POINT('',#3992);
#3992 = CARTESIAN_POINT('',(-1.835171280765,2.217585640382,0.1));
#3993 = LINE('',#3994,#3995);
#3994 = CARTESIAN_POINT('',(-1.835171280765,-2.217585640382,0.1));
#3995 = VECTOR('',#3996,1.);
#3996 = DIRECTION('',(-1.110223024625E-16,1.,0.));
#3997 = ORIENTED_EDGE('',*,*,#3998,.T.);
#3998 = EDGE_CURVE('',#3991,#3912,#3999,.T.);
#3999 = LINE('',#4000,#4001);
#4000 = CARTESIAN_POINT('',(-1.835171280765,2.217585640382,0.1));
#4001 = VECTOR('',#4002,1.);
#4002 = DIRECTION('',(0.707106781187,0.707106781187,0.));
#4003 = PLANE('',#4004);
#4004 = AXIS2_PLACEMENT_3D('',#4005,#4006,#4007);
#4005 = CARTESIAN_POINT('',(-1.717585640382,2.335171280765,0.1));
#4006 = DIRECTION('',(0.,0.,1.));
#4007 = DIRECTION('',(0.592513131498,-0.805560791625,0.));
#4008 = ADVANCED_FACE('',(#4009),#4026,.F.);
#4009 = FACE_BOUND('',#4010,.F.);
#4010 = EDGE_LOOP('',(#4011,#4012,#4019,#4025));
#4011 = ORIENTED_EDGE('',*,*,#3950,.T.);
#4012 = ORIENTED_EDGE('',*,*,#4013,.T.);
#4013 = EDGE_CURVE('',#3951,#4014,#4016,.T.);
#4014 = VERTEX_POINT('',#4015);
#4015 = CARTESIAN_POINT('',(1.95,2.275,0.825));
#4016 = B_SPLINE_CURVE_WITH_KNOTS('',1,(#4017,#4018),.UNSPECIFIED.,.F.,
  .F.,(2,2),(0.,1.),.PIECEWISE_BEZIER_KNOTS.);
#4017 = CARTESIAN_POINT('',(1.835171280765,2.217585640382,0.1));
#4018 = CARTESIAN_POINT('',(1.95,2.275,0.825));
#4019 = ORIENTED_EDGE('',*,*,#4020,.F.);
#4020 = EDGE_CURVE('',#3922,#4014,#4021,.T.);
#4021 = LINE('',#4022,#4023);
#4022 = CARTESIAN_POINT('',(1.775,2.45,0.825));
#4023 = VECTOR('',#4024,1.);
#4024 = DIRECTION('',(0.707106781187,-0.707106781187,0.));
#4025 = ORIENTED_EDGE('',*,*,#3921,.F.);
#4026 = B_SPLINE_SURFACE_WITH_KNOTS('',1,1,(
    (#4027,#4028)
    ,(#4029,#4030
    )),.UNSPECIFIED.,.F.,.F.,.F.,(2,2),(2,2),(0.,0.247487373415),(0.,1.)
  ,.PIECEWISE_BEZIER_KNOTS.);
#4027 = CARTESIAN_POINT('',(1.717585640382,2.335171280765,0.1));
#4028 = CARTESIAN_POINT('',(1.775,2.45,0.825));
#4029 = CARTESIAN_POINT('',(1.835171280765,2.217585640382,0.1));
#4030 = CARTESIAN_POINT('',(1.95,2.275,0.825));
#4031 = ADVANCED_FACE('',(#4032),#4055,.F.);
#4032 = FACE_BOUND('',#4033,.F.);
#4033 = EDGE_LOOP('',(#4034,#4035,#4042,#4050));
#4034 = ORIENTED_EDGE('',*,*,#3928,.T.);
#4035 = ORIENTED_EDGE('',*,*,#4036,.T.);
#4036 = EDGE_CURVE('',#3922,#4037,#4039,.T.);
#4037 = VERTEX_POINT('',#4038);
#4038 = CARTESIAN_POINT('',(1.775,2.45,1.025));
#4039 = B_SPLINE_CURVE_WITH_KNOTS('',1,(#4040,#4041),.UNSPECIFIED.,.F.,
  .F.,(2,2),(0.,1.),.PIECEWISE_BEZIER_KNOTS.);
#4040 = CARTESIAN_POINT('',(1.775,2.45,0.825));
#4041 = CARTESIAN_POINT('',(1.775,2.45,1.025));
#4042 = ORIENTED_EDGE('',*,*,#4043,.F.);
#4043 = EDGE_CURVE('',#4044,#4037,#4046,.T.);
#4044 = VERTEX_POINT('',#4045);
#4045 = CARTESIAN_POINT('',(-1.775,2.45,1.025));
#4046 = LINE('',#4047,#4048);
#4047 = CARTESIAN_POINT('',(-1.775,2.45,1.025));
#4048 = VECTOR('',#4049,1.);
#4049 = DIRECTION('',(1.,1.110223024625E-16,0.));
#4050 = ORIENTED_EDGE('',*,*,#4051,.F.);
#4051 = EDGE_CURVE('',#3929,#4044,#4052,.T.);
#4052 = B_SPLINE_CURVE_WITH_KNOTS('',1,(#4053,#4054),.UNSPECIFIED.,.F.,
  .F.,(2,2),(0.,1.),.PIECEWISE_BEZIER_KNOTS.);
#4053 = CARTESIAN_POINT('',(-1.775,2.45,0.825));
#4054 = CARTESIAN_POINT('',(-1.775,2.45,1.025));
#4055 = PLANE('',#4056);
#4056 = AXIS2_PLACEMENT_3D('',#4057,#4058,#4059);
#4057 = CARTESIAN_POINT('',(-1.775,2.45,1.025));
#4058 = DIRECTION('',(1.110223024625E-16,-1.,0.));
#4059 = DIRECTION('',(1.,1.110223024625E-16,0.));
#4060 = ADVANCED_FACE('',(#4061),#4078,.F.);
#4061 = FACE_BOUND('',#4062,.F.);
#4062 = EDGE_LOOP('',(#4063,#4064,#4065,#4073));
#4063 = ORIENTED_EDGE('',*,*,#3998,.T.);
#4064 = ORIENTED_EDGE('',*,*,#3936,.T.);
#4065 = ORIENTED_EDGE('',*,*,#4066,.F.);
#4066 = EDGE_CURVE('',#4067,#3929,#4069,.T.);
#4067 = VERTEX_POINT('',#4068);
#4068 = CARTESIAN_POINT('',(-1.95,2.275,0.825));
#4069 = LINE('',#4070,#4071);
#4070 = CARTESIAN_POINT('',(-1.95,2.275,0.825));
#4071 = VECTOR('',#4072,1.);
#4072 = DIRECTION('',(0.707106781187,0.707106781187,0.));
#4073 = ORIENTED_EDGE('',*,*,#4074,.F.);
#4074 = EDGE_CURVE('',#3991,#4067,#4075,.T.);
#4075 = B_SPLINE_CURVE_WITH_KNOTS('',1,(#4076,#4077),.UNSPECIFIED.,.F.,
  .F.,(2,2),(0.,1.),.PIECEWISE_BEZIER_KNOTS.);
#4076 = CARTESIAN_POINT('',(-1.835171280765,2.217585640382,0.1));
#4077 = CARTESIAN_POINT('',(-1.95,2.275,0.825));
#4078 = B_SPLINE_SURFACE_WITH_KNOTS('',1,1,(
    (#4079,#4080)
    ,(#4081,#4082
    )),.UNSPECIFIED.,.F.,.F.,.F.,(2,2),(2,2),(0.,0.247487373415),(0.,1.)
  ,.PIECEWISE_BEZIER_KNOTS.);
#4079 = CARTESIAN_POINT('',(-1.835171280765,2.217585640382,0.1));
#4080 = CARTESIAN_POINT('',(-1.95,2.275,0.825));
#4081 = CARTESIAN_POINT('',(-1.717585640382,2.335171280765,0.1));
#4082 = CARTESIAN_POINT('',(-1.775,2.45,0.825));
#4083 = ADVANCED_FACE('',(#4084),#4165,.F.);
#4084 = FACE_BOUND('',#4085,.F.);
#4085 = EDGE_LOOP('',(#4086,#4087,#4088,#4096,#4104,#4112,#4120,#4128,
    #4136,#4144,#4152,#4160));
#4086 = ORIENTED_EDGE('',*,*,#3990,.T.);
#4087 = ORIENTED_EDGE('',*,*,#4074,.T.);
#4088 = ORIENTED_EDGE('',*,*,#4089,.F.);
#4089 = EDGE_CURVE('',#4090,#4067,#4092,.T.);
#4090 = VERTEX_POINT('',#4091);
#4091 = CARTESIAN_POINT('',(-1.95,2.11,0.825));
#4092 = LINE('',#4093,#4094);
#4093 = CARTESIAN_POINT('',(-1.95,-2.275,0.825));
#4094 = VECTOR('',#4095,1.);
#4095 = DIRECTION('',(-1.110223024625E-16,1.,0.));
#4096 = ORIENTED_EDGE('',*,*,#4097,.F.);
#4097 = EDGE_CURVE('',#4098,#4090,#4100,.T.);
#4098 = VERTEX_POINT('',#4099);
#4099 = CARTESIAN_POINT('',(-1.95,1.7,0.825));
#4100 = LINE('',#4101,#4102);
#4101 = CARTESIAN_POINT('',(-1.95,-2.275,0.825));
#4102 = VECTOR('',#4103,1.);
#4103 = DIRECTION('',(-1.110223024625E-16,1.,0.));
#4104 = ORIENTED_EDGE('',*,*,#4105,.F.);
#4105 = EDGE_CURVE('',#4106,#4098,#4108,.T.);
#4106 = VERTEX_POINT('',#4107);
#4107 = CARTESIAN_POINT('',(-1.95,0.84,0.825));
#4108 = LINE('',#4109,#4110);
#4109 = CARTESIAN_POINT('',(-1.95,-2.275,0.825));
#4110 = VECTOR('',#4111,1.);
#4111 = DIRECTION('',(-1.110223024625E-16,1.,0.));
#4112 = ORIENTED_EDGE('',*,*,#4113,.F.);
#4113 = EDGE_CURVE('',#4114,#4106,#4116,.T.);
#4114 = VERTEX_POINT('',#4115);
#4115 = CARTESIAN_POINT('',(-1.95,0.43,0.825));
#4116 = LINE('',#4117,#4118);
#4117 = CARTESIAN_POINT('',(-1.95,-2.275,0.825));
#4118 = VECTOR('',#4119,1.);
#4119 = DIRECTION('',(-1.110223024625E-16,1.,0.));
#4120 = ORIENTED_EDGE('',*,*,#4121,.F.);
#4121 = EDGE_CURVE('',#4122,#4114,#4124,.T.);
#4122 = VERTEX_POINT('',#4123);
#4123 = CARTESIAN_POINT('',(-1.95,-0.43,0.825));
#4124 = LINE('',#4125,#4126);
#4125 = CARTESIAN_POINT('',(-1.95,-2.275,0.825));
#4126 = VECTOR('',#4127,1.);
#4127 = DIRECTION('',(-1.110223024625E-16,1.,0.));
#4128 = ORIENTED_EDGE('',*,*,#4129,.F.);
#4129 = EDGE_CURVE('',#4130,#4122,#4132,.T.);
#4130 = VERTEX_POINT('',#4131);
#4131 = CARTESIAN_POINT('',(-1.95,-0.84,0.825));
#4132 = LINE('',#4133,#4134);
#4133 = CARTESIAN_POINT('',(-1.95,-2.275,0.825));
#4134 = VECTOR('',#4135,1.);
#4135 = DIRECTION('',(-1.110223024625E-16,1.,0.));
#4136 = ORIENTED_EDGE('',*,*,#4137,.F.);
#4137 = EDGE_CURVE('',#4138,#4130,#4140,.T.);
#4138 = VERTEX_POINT('',#4139);
#4139 = CARTESIAN_POINT('',(-1.95,-1.7,0.825));
#4140 = LINE('',#4141,#4142);
#4141 = CARTESIAN_POINT('',(-1.95,-2.275,0.825));
#4142 = VECTOR('',#4143,1.);
#4143 = DIRECTION('',(-1.110223024625E-16,1.,0.));
#4144 = ORIENTED_EDGE('',*,*,#4145,.F.);
#4145 = EDGE_CURVE('',#4146,#4138,#4148,.T.);
#4146 = VERTEX_POINT('',#4147);
#4147 = CARTESIAN_POINT('',(-1.95,-2.11,0.825));
#4148 = LINE('',#4149,#4150);
#4149 = CARTESIAN_POINT('',(-1.95,-2.275,0.825));
#4150 = VECTOR('',#4151,1.);
#4151 = DIRECTION('',(-1.110223024625E-16,1.,0.));
#4152 = ORIENTED_EDGE('',*,*,#4153,.F.);
#4153 = EDGE_CURVE('',#4154,#4146,#4156,.T.);
#4154 = VERTEX_POINT('',#4155);
#4155 = CARTESIAN_POINT('',(-1.95,-2.275,0.825));
#4156 = LINE('',#4157,#4158);
#4157 = CARTESIAN_POINT('',(-1.95,-2.275,0.825));
#4158 = VECTOR('',#4159,1.);
#4159 = DIRECTION('',(-1.110223024625E-16,1.,0.));
#4160 = ORIENTED_EDGE('',*,*,#4161,.F.);
#4161 = EDGE_CURVE('',#3983,#4154,#4162,.T.);
#4162 = B_SPLINE_CURVE_WITH_KNOTS('',1,(#4163,#4164),.UNSPECIFIED.,.F.,
  .F.,(2,2),(0.,1.),.PIECEWISE_BEZIER_KNOTS.);
#4163 = CARTESIAN_POINT('',(-1.835171280765,-2.217585640382,0.1));
#4164 = CARTESIAN_POINT('',(-1.95,-2.275,0.825));
#4165 = B_SPLINE_SURFACE_WITH_KNOTS('',1,1,(
    (#4166,#4167)
    ,(#4168,#4169
    )),.UNSPECIFIED.,.F.,.F.,.F.,(2,2),(2,2),(0.,4.55),(0.,1.),
  .PIECEWISE_BEZIER_KNOTS.);
#4166 = CARTESIAN_POINT('',(-1.835171280765,-2.217585640382,0.1));
#4167 = CARTESIAN_POINT('',(-1.95,-2.275,0.825));
#4168 = CARTESIAN_POINT('',(-1.835171280765,2.217585640382,0.1));
#4169 = CARTESIAN_POINT('',(-1.95,2.275,0.825));
#4170 = ADVANCED_FACE('',(#4171),#4252,.F.);
#4171 = FACE_BOUND('',#4172,.F.);
#4172 = EDGE_LOOP('',(#4173,#4174,#4181,#4189,#4197,#4205,#4213,#4221,
    #4229,#4237,#4245,#4251));
#4173 = ORIENTED_EDGE('',*,*,#3958,.T.);
#4174 = ORIENTED_EDGE('',*,*,#4175,.T.);
#4175 = EDGE_CURVE('',#3959,#4176,#4178,.T.);
#4176 = VERTEX_POINT('',#4177);
#4177 = CARTESIAN_POINT('',(1.95,-2.275,0.825));
#4178 = B_SPLINE_CURVE_WITH_KNOTS('',1,(#4179,#4180),.UNSPECIFIED.,.F.,
  .F.,(2,2),(0.,1.),.PIECEWISE_BEZIER_KNOTS.);
#4179 = CARTESIAN_POINT('',(1.835171280765,-2.217585640382,0.1));
#4180 = CARTESIAN_POINT('',(1.95,-2.275,0.825));
#4181 = ORIENTED_EDGE('',*,*,#4182,.F.);
#4182 = EDGE_CURVE('',#4183,#4176,#4185,.T.);
#4183 = VERTEX_POINT('',#4184);
#4184 = CARTESIAN_POINT('',(1.95,-2.11,0.825));
#4185 = LINE('',#4186,#4187);
#4186 = CARTESIAN_POINT('',(1.95,2.275,0.825));
#4187 = VECTOR('',#4188,1.);
#4188 = DIRECTION('',(1.110223024625E-16,-1.,0.));
#4189 = ORIENTED_EDGE('',*,*,#4190,.F.);
#4190 = EDGE_CURVE('',#4191,#4183,#4193,.T.);
#4191 = VERTEX_POINT('',#4192);
#4192 = CARTESIAN_POINT('',(1.95,-1.7,0.825));
#4193 = LINE('',#4194,#4195);
#4194 = CARTESIAN_POINT('',(1.95,2.275,0.825));
#4195 = VECTOR('',#4196,1.);
#4196 = DIRECTION('',(1.110223024625E-16,-1.,0.));
#4197 = ORIENTED_EDGE('',*,*,#4198,.F.);
#4198 = EDGE_CURVE('',#4199,#4191,#4201,.T.);
#4199 = VERTEX_POINT('',#4200);
#4200 = CARTESIAN_POINT('',(1.95,-0.84,0.825));
#4201 = LINE('',#4202,#4203);
#4202 = CARTESIAN_POINT('',(1.95,2.275,0.825));
#4203 = VECTOR('',#4204,1.);
#4204 = DIRECTION('',(1.110223024625E-16,-1.,0.));
#4205 = ORIENTED_EDGE('',*,*,#4206,.F.);
#4206 = EDGE_CURVE('',#4207,#4199,#4209,.T.);
#4207 = VERTEX_POINT('',#4208);
#4208 = CARTESIAN_POINT('',(1.95,-0.43,0.825));
#4209 = LINE('',#4210,#4211);
#4210 = CARTESIAN_POINT('',(1.95,2.275,0.825));
#4211 = VECTOR('',#4212,1.);
#4212 = DIRECTION('',(1.110223024625E-16,-1.,0.));
#4213 = ORIENTED_EDGE('',*,*,#4214,.F.);
#4214 = EDGE_CURVE('',#4215,#4207,#4217,.T.);
#4215 = VERTEX_POINT('',#4216);
#4216 = CARTESIAN_POINT('',(1.95,0.43,0.825));
#4217 = LINE('',#4218,#4219);
#4218 = CARTESIAN_POINT('',(1.95,2.275,0.825));
#4219 = VECTOR('',#4220,1.);
#4220 = DIRECTION('',(1.110223024625E-16,-1.,0.));
#4221 = ORIENTED_EDGE('',*,*,#4222,.F.);
#4222 = EDGE_CURVE('',#4223,#4215,#4225,.T.);
#4223 = VERTEX_POINT('',#4224);
#4224 = CARTESIAN_POINT('',(1.95,0.84,0.825));
#4225 = LINE('',#4226,#4227);
#4226 = CARTESIAN_POINT('',(1.95,2.275,0.825));
#4227 = VECTOR('',#4228,1.);
#4228 = DIRECTION('',(1.110223024625E-16,-1.,0.));
#4229 = ORIENTED_EDGE('',*,*,#4230,.F.);
#4230 = EDGE_CURVE('',#4231,#4223,#4233,.T.);
#4231 = VERTEX_POINT('',#4232);
#4232 = CARTESIAN_POINT('',(1.95,1.7,0.825));
#4233 = LINE('',#4234,#4235);
#4234 = CARTESIAN_POINT('',(1.95,2.275,0.825));
#4235 = VECTOR('',#4236,1.);
#4236 = DIRECTION('',(1.110223024625E-16,-1.,0.));
#4237 = ORIENTED_EDGE('',*,*,#4238,.F.);
#4238 = EDGE_CURVE('',#4239,#4231,#4241,.T.);
#4239 = VERTEX_POINT('',#4240);
#4240 = CARTESIAN_POINT('',(1.95,2.11,0.825));
#4241 = LINE('',#4242,#4243);
#4242 = CARTESIAN_POINT('',(1.95,2.275,0.825));
#4243 = VECTOR('',#4244,1.);
#4244 = DIRECTION('',(1.110223024625E-16,-1.,0.));
#4245 = ORIENTED_EDGE('',*,*,#4246,.F.);
#4246 = EDGE_CURVE('',#4014,#4239,#4247,.T.);
#4247 = LINE('',#4248,#4249);
#4248 = CARTESIAN_POINT('',(1.95,2.275,0.825));
#4249 = VECTOR('',#4250,1.);
#4250 = DIRECTION('',(1.110223024625E-16,-1.,0.));
#4251 = ORIENTED_EDGE('',*,*,#4013,.F.);
#4252 = B_SPLINE_SURFACE_WITH_KNOTS('',1,1,(
    (#4253,#4254)
    ,(#4255,#4256
    )),.UNSPECIFIED.,.F.,.F.,.F.,(2,2),(2,2),(0.,4.55),(0.,1.),
  .PIECEWISE_BEZIER_KNOTS.);
#4253 = CARTESIAN_POINT('',(1.835171280765,2.217585640382,0.1));
#4254 = CARTESIAN_POINT('',(1.95,2.275,0.825));
#4255 = CARTESIAN_POINT('',(1.835171280765,-2.217585640382,0.1));
#4256 = CARTESIAN_POINT('',(1.95,-2.275,0.825));
#4257 = ADVANCED_FACE('',(#4258),#4275,.F.);
#4258 = FACE_BOUND('',#4259,.F.);
#4259 = EDGE_LOOP('',(#4260,#4261,#4262,#4270));
#4260 = ORIENTED_EDGE('',*,*,#3982,.T.);
#4261 = ORIENTED_EDGE('',*,*,#4161,.T.);
#4262 = ORIENTED_EDGE('',*,*,#4263,.F.);
#4263 = EDGE_CURVE('',#4264,#4154,#4266,.T.);
#4264 = VERTEX_POINT('',#4265);
#4265 = CARTESIAN_POINT('',(-1.775,-2.45,0.825));
#4266 = LINE('',#4267,#4268);
#4267 = CARTESIAN_POINT('',(-1.775,-2.45,0.825));
#4268 = VECTOR('',#4269,1.);
#4269 = DIRECTION('',(-0.707106781187,0.707106781187,0.));
#4270 = ORIENTED_EDGE('',*,*,#4271,.F.);
#4271 = EDGE_CURVE('',#3975,#4264,#4272,.T.);
#4272 = B_SPLINE_CURVE_WITH_KNOTS('',1,(#4273,#4274),.UNSPECIFIED.,.F.,
  .F.,(2,2),(0.,1.),.PIECEWISE_BEZIER_KNOTS.);
#4273 = CARTESIAN_POINT('',(-1.717585640382,-2.335171280765,0.1));
#4274 = CARTESIAN_POINT('',(-1.775,-2.45,0.825));
#4275 = B_SPLINE_SURFACE_WITH_KNOTS('',1,1,(
    (#4276,#4277)
    ,(#4278,#4279
    )),.UNSPECIFIED.,.F.,.F.,.F.,(2,2),(2,2),(0.,0.247487373415),(0.,1.)
  ,.PIECEWISE_BEZIER_KNOTS.);
#4276 = CARTESIAN_POINT('',(-1.717585640382,-2.335171280765,0.1));
#4277 = CARTESIAN_POINT('',(-1.775,-2.45,0.825));
#4278 = CARTESIAN_POINT('',(-1.835171280765,-2.217585640382,0.1));
#4279 = CARTESIAN_POINT('',(-1.95,-2.275,0.825));
#4280 = ADVANCED_FACE('',(#4281),#4298,.F.);
#4281 = FACE_BOUND('',#4282,.F.);
#4282 = EDGE_LOOP('',(#4283,#4284,#4291,#4297));
#4283 = ORIENTED_EDGE('',*,*,#3966,.T.);
#4284 = ORIENTED_EDGE('',*,*,#4285,.T.);
#4285 = EDGE_CURVE('',#3967,#4286,#4288,.T.);
#4286 = VERTEX_POINT('',#4287);
#4287 = CARTESIAN_POINT('',(1.775,-2.45,0.825));
#4288 = B_SPLINE_CURVE_WITH_KNOTS('',1,(#4289,#4290),.UNSPECIFIED.,.F.,
  .F.,(2,2),(0.,1.),.PIECEWISE_BEZIER_KNOTS.);
#4289 = CARTESIAN_POINT('',(1.717585640382,-2.335171280765,0.1));
#4290 = CARTESIAN_POINT('',(1.775,-2.45,0.825));
#4291 = ORIENTED_EDGE('',*,*,#4292,.F.);
#4292 = EDGE_CURVE('',#4176,#4286,#4293,.T.);
#4293 = LINE('',#4294,#4295);
#4294 = CARTESIAN_POINT('',(1.95,-2.275,0.825));
#4295 = VECTOR('',#4296,1.);
#4296 = DIRECTION('',(-0.707106781187,-0.707106781187,0.));
#4297 = ORIENTED_EDGE('',*,*,#4175,.F.);
#4298 = B_SPLINE_SURFACE_WITH_KNOTS('',1,1,(
    (#4299,#4300)
    ,(#4301,#4302
    )),.UNSPECIFIED.,.F.,.F.,.F.,(2,2),(2,2),(0.,0.247487373415),(0.,1.)
  ,.PIECEWISE_BEZIER_KNOTS.);
#4299 = CARTESIAN_POINT('',(1.835171280765,-2.217585640382,0.1));
#4300 = CARTESIAN_POINT('',(1.95,-2.275,0.825));
#4301 = CARTESIAN_POINT('',(1.717585640382,-2.335171280765,0.1));
#4302 = CARTESIAN_POINT('',(1.775,-2.45,0.825));
#4303 = ADVANCED_FACE('',(#4304),#4315,.F.);
#4304 = FACE_BOUND('',#4305,.F.);
#4305 = EDGE_LOOP('',(#4306,#4307,#4308,#4314));
#4306 = ORIENTED_EDGE('',*,*,#3974,.T.);
#4307 = ORIENTED_EDGE('',*,*,#4271,.T.);
#4308 = ORIENTED_EDGE('',*,*,#4309,.F.);
#4309 = EDGE_CURVE('',#4286,#4264,#4310,.T.);
#4310 = LINE('',#4311,#4312);
#4311 = CARTESIAN_POINT('',(1.775,-2.45,0.825));
#4312 = VECTOR('',#4313,1.);
#4313 = DIRECTION('',(-1.,-1.110223024625E-16,0.));
#4314 = ORIENTED_EDGE('',*,*,#4285,.F.);
#4315 = B_SPLINE_SURFACE_WITH_KNOTS('',1,1,(
    (#4316,#4317)
    ,(#4318,#4319
    )),.UNSPECIFIED.,.F.,.F.,.F.,(2,2),(2,2),(0.,3.55),(0.,1.),
  .PIECEWISE_BEZIER_KNOTS.);
#4316 = CARTESIAN_POINT('',(1.717585640382,-2.335171280765,0.1));
#4317 = CARTESIAN_POINT('',(1.775,-2.45,0.825));
#4318 = CARTESIAN_POINT('',(-1.717585640382,-2.335171280765,0.1));
#4319 = CARTESIAN_POINT('',(-1.775,-2.45,0.825));
#4320 = ADVANCED_FACE('',(#4321),#4338,.F.);
#4321 = FACE_BOUND('',#4322,.F.);
#4322 = EDGE_LOOP('',(#4323,#4324,#4331,#4337));
#4323 = ORIENTED_EDGE('',*,*,#4020,.T.);
#4324 = ORIENTED_EDGE('',*,*,#4325,.T.);
#4325 = EDGE_CURVE('',#4014,#4326,#4328,.T.);
#4326 = VERTEX_POINT('',#4327);
#4327 = CARTESIAN_POINT('',(1.95,2.275,1.025));
#4328 = B_SPLINE_CURVE_WITH_KNOTS('',1,(#4329,#4330),.UNSPECIFIED.,.F.,
  .F.,(2,2),(0.,1.),.PIECEWISE_BEZIER_KNOTS.);
#4329 = CARTESIAN_POINT('',(1.95,2.275,0.825));
#4330 = CARTESIAN_POINT('',(1.95,2.275,1.025));
#4331 = ORIENTED_EDGE('',*,*,#4332,.F.);
#4332 = EDGE_CURVE('',#4037,#4326,#4333,.T.);
#4333 = LINE('',#4334,#4335);
#4334 = CARTESIAN_POINT('',(1.775,2.45,1.025));
#4335 = VECTOR('',#4336,1.);
#4336 = DIRECTION('',(0.707106781187,-0.707106781187,0.));
#4337 = ORIENTED_EDGE('',*,*,#4036,.F.);
#4338 = PLANE('',#4339);
#4339 = AXIS2_PLACEMENT_3D('',#4340,#4341,#4342);
#4340 = CARTESIAN_POINT('',(1.775,2.45,1.025));
#4341 = DIRECTION('',(-0.707106781187,-0.707106781187,0.));
#4342 = DIRECTION('',(0.707106781187,-0.707106781187,0.));
#4343 = ADVANCED_FACE('',(#4344),#4426,.F.);
#4344 = FACE_BOUND('',#4345,.F.);
#4345 = EDGE_LOOP('',(#4346,#4354,#4355,#4356,#4364,#4372,#4380,#4388,
    #4396,#4404,#4412,#4420));
#4346 = ORIENTED_EDGE('',*,*,#4347,.T.);
#4347 = EDGE_CURVE('',#4348,#4044,#4350,.T.);
#4348 = VERTEX_POINT('',#4349);
#4349 = CARTESIAN_POINT('',(-1.95,2.275,1.025));
#4350 = LINE('',#4351,#4352);
#4351 = CARTESIAN_POINT('',(-1.95,2.275,1.025));
#4352 = VECTOR('',#4353,1.);
#4353 = DIRECTION('',(0.707106781187,0.707106781187,0.));
#4354 = ORIENTED_EDGE('',*,*,#4043,.T.);
#4355 = ORIENTED_EDGE('',*,*,#4332,.T.);
#4356 = ORIENTED_EDGE('',*,*,#4357,.T.);
#4357 = EDGE_CURVE('',#4326,#4358,#4360,.T.);
#4358 = VERTEX_POINT('',#4359);
#4359 = CARTESIAN_POINT('',(1.95,2.11,1.025));
#4360 = LINE('',#4361,#4362);
#4361 = CARTESIAN_POINT('',(1.95,2.275,1.025));
#4362 = VECTOR('',#4363,1.);
#4363 = DIRECTION('',(1.110223024625E-16,-1.,0.));
#4364 = ORIENTED_EDGE('',*,*,#4365,.T.);
#4365 = EDGE_CURVE('',#4358,#4366,#4368,.T.);
#4366 = VERTEX_POINT('',#4367);
#4367 = CARTESIAN_POINT('',(1.875,2.11,1.025));
#4368 = LINE('',#4369,#4370);
#4369 = CARTESIAN_POINT('',(2.25,2.11,1.025));
#4370 = VECTOR('',#4371,1.);
#4371 = DIRECTION('',(-1.,-1.110223024625E-16,0.));
#4372 = ORIENTED_EDGE('',*,*,#4373,.F.);
#4373 = EDGE_CURVE('',#4374,#4366,#4376,.T.);
#4374 = VERTEX_POINT('',#4375);
#4375 = CARTESIAN_POINT('',(1.875,2.2375,1.025));
#4376 = LINE('',#4377,#4378);
#4377 = CARTESIAN_POINT('',(1.875,2.2375,1.025));
#4378 = VECTOR('',#4379,1.);
#4379 = DIRECTION('',(1.110223024625E-16,-1.,0.));
#4380 = ORIENTED_EDGE('',*,*,#4381,.F.);
#4381 = EDGE_CURVE('',#4382,#4374,#4384,.T.);
#4382 = VERTEX_POINT('',#4383);
#4383 = CARTESIAN_POINT('',(1.7375,2.375,1.025));
#4384 = LINE('',#4385,#4386);
#4385 = CARTESIAN_POINT('',(1.7375,2.375,1.025));
#4386 = VECTOR('',#4387,1.);
#4387 = DIRECTION('',(0.707106781187,-0.707106781187,0.));
#4388 = ORIENTED_EDGE('',*,*,#4389,.F.);
#4389 = EDGE_CURVE('',#4390,#4382,#4392,.T.);
#4390 = VERTEX_POINT('',#4391);
#4391 = CARTESIAN_POINT('',(-1.7375,2.375,1.025));
#4392 = LINE('',#4393,#4394);
#4393 = CARTESIAN_POINT('',(-1.7375,2.375,1.025));
#4394 = VECTOR('',#4395,1.);
#4395 = DIRECTION('',(1.,1.110223024625E-16,0.));
#4396 = ORIENTED_EDGE('',*,*,#4397,.F.);
#4397 = EDGE_CURVE('',#4398,#4390,#4400,.T.);
#4398 = VERTEX_POINT('',#4399);
#4399 = CARTESIAN_POINT('',(-1.875,2.2375,1.025));
#4400 = LINE('',#4401,#4402);
#4401 = CARTESIAN_POINT('',(-1.875,2.2375,1.025));
#4402 = VECTOR('',#4403,1.);
#4403 = DIRECTION('',(0.707106781187,0.707106781187,0.));
#4404 = ORIENTED_EDGE('',*,*,#4405,.F.);
#4405 = EDGE_CURVE('',#4406,#4398,#4408,.T.);
#4406 = VERTEX_POINT('',#4407);
#4407 = CARTESIAN_POINT('',(-1.875,2.11,1.025));
#4408 = LINE('',#4409,#4410);
#4409 = CARTESIAN_POINT('',(-1.875,-2.2375,1.025));
#4410 = VECTOR('',#4411,1.);
#4411 = DIRECTION('',(-1.110223024625E-16,1.,0.));
#4412 = ORIENTED_EDGE('',*,*,#4413,.F.);
#4413 = EDGE_CURVE('',#4414,#4406,#4416,.T.);
#4414 = VERTEX_POINT('',#4415);
#4415 = CARTESIAN_POINT('',(-1.95,2.11,1.025));
#4416 = LINE('',#4417,#4418);
#4417 = CARTESIAN_POINT('',(-2.25,2.11,1.025));
#4418 = VECTOR('',#4419,1.);
#4419 = DIRECTION('',(1.,-1.144237745222E-17,0.));
#4420 = ORIENTED_EDGE('',*,*,#4421,.T.);
#4421 = EDGE_CURVE('',#4414,#4348,#4422,.T.);
#4422 = LINE('',#4423,#4424);
#4423 = CARTESIAN_POINT('',(-1.95,-2.275,1.025));
#4424 = VECTOR('',#4425,1.);
#4425 = DIRECTION('',(-1.110223024625E-16,1.,0.));
#4426 = PLANE('',#4427);
#4427 = AXIS2_PLACEMENT_3D('',#4428,#4429,#4430);
#4428 = CARTESIAN_POINT('',(-3.027078129022E-16,2.4125,1.025));
#4429 = DIRECTION('',(2.007919022429E-31,-7.713306628828E-27,-1.));
#4430 = DIRECTION('',(1.,1.112083013911E-16,2.00791902242E-31));
#4431 = ADVANCED_FACE('',(#4432),#4442,.F.);
#4432 = FACE_BOUND('',#4433,.F.);
#4433 = EDGE_LOOP('',(#4434,#4435,#4436,#4437));
#4434 = ORIENTED_EDGE('',*,*,#4066,.T.);
#4435 = ORIENTED_EDGE('',*,*,#4051,.T.);
#4436 = ORIENTED_EDGE('',*,*,#4347,.F.);
#4437 = ORIENTED_EDGE('',*,*,#4438,.F.);
#4438 = EDGE_CURVE('',#4067,#4348,#4439,.T.);
#4439 = B_SPLINE_CURVE_WITH_KNOTS('',1,(#4440,#4441),.UNSPECIFIED.,.F.,
  .F.,(2,2),(0.,1.),.PIECEWISE_BEZIER_KNOTS.);
#4440 = CARTESIAN_POINT('',(-1.95,2.275,0.825));
#4441 = CARTESIAN_POINT('',(-1.95,2.275,1.025));
#4442 = PLANE('',#4443);
#4443 = AXIS2_PLACEMENT_3D('',#4444,#4445,#4446);
#4444 = CARTESIAN_POINT('',(-1.95,2.275,1.025));
#4445 = DIRECTION('',(0.707106781187,-0.707106781187,0.));
#4446 = DIRECTION('',(0.707106781187,0.707106781187,0.));
#4447 = ADVANCED_FACE('',(#4448),#4472,.F.);
#4448 = FACE_BOUND('',#4449,.F.);
#4449 = EDGE_LOOP('',(#4450,#4457,#4458,#4466));
#4450 = ORIENTED_EDGE('',*,*,#4451,.F.);
#4451 = EDGE_CURVE('',#4154,#4452,#4454,.T.);
#4452 = VERTEX_POINT('',#4453);
#4453 = CARTESIAN_POINT('',(-1.95,-2.275,1.025));
#4454 = B_SPLINE_CURVE_WITH_KNOTS('',1,(#4455,#4456),.UNSPECIFIED.,.F.,
  .F.,(2,2),(0.,1.),.PIECEWISE_BEZIER_KNOTS.);
#4455 = CARTESIAN_POINT('',(-1.95,-2.275,0.825));
#4456 = CARTESIAN_POINT('',(-1.95,-2.275,1.025));
#4457 = ORIENTED_EDGE('',*,*,#4153,.T.);
#4458 = ORIENTED_EDGE('',*,*,#4459,.T.);
#4459 = EDGE_CURVE('',#4146,#4460,#4462,.T.);
#4460 = VERTEX_POINT('',#4461);
#4461 = CARTESIAN_POINT('',(-1.95,-2.11,1.025));
#4462 = LINE('',#4463,#4464);
#4463 = CARTESIAN_POINT('',(-1.95,-2.11,0.786976568901));
#4464 = VECTOR('',#4465,1.);
#4465 = DIRECTION('',(0.,0.,1.));
#4466 = ORIENTED_EDGE('',*,*,#4467,.F.);
#4467 = EDGE_CURVE('',#4452,#4460,#4468,.T.);
#4468 = LINE('',#4469,#4470);
#4469 = CARTESIAN_POINT('',(-1.95,-2.275,1.025));
#4470 = VECTOR('',#4471,1.);
#4471 = DIRECTION('',(-1.110223024625E-16,1.,0.));
#4472 = PLANE('',#4473);
#4473 = AXIS2_PLACEMENT_3D('',#4474,#4475,#4476);
#4474 = CARTESIAN_POINT('',(-1.95,-2.275,1.025));
#4475 = DIRECTION('',(1.,1.110223024625E-16,0.));
#4476 = DIRECTION('',(-1.110223024625E-16,1.,0.));
#4477 = ADVANCED_FACE('',(#4478),#4503,.F.);
#4478 = FACE_BOUND('',#4479,.F.);
#4479 = EDGE_LOOP('',(#4480,#4488,#4489,#4497));
#4480 = ORIENTED_EDGE('',*,*,#4481,.F.);
#4481 = EDGE_CURVE('',#4146,#4482,#4484,.T.);
#4482 = VERTEX_POINT('',#4483);
#4483 = CARTESIAN_POINT('',(-2.25,-2.11,0.825));
#4484 = LINE('',#4485,#4486);
#4485 = CARTESIAN_POINT('',(-1.8,-2.11,0.825));
#4486 = VECTOR('',#4487,1.);
#4487 = DIRECTION('',(-1.,1.144237745222E-17,0.));
#4488 = ORIENTED_EDGE('',*,*,#4145,.T.);
#4489 = ORIENTED_EDGE('',*,*,#4490,.T.);
#4490 = EDGE_CURVE('',#4138,#4491,#4493,.T.);
#4491 = VERTEX_POINT('',#4492);
#4492 = CARTESIAN_POINT('',(-2.25,-1.7,0.825));
#4493 = LINE('',#4494,#4495);
#4494 = CARTESIAN_POINT('',(-1.8,-1.7,0.825));
#4495 = VECTOR('',#4496,1.);
#4496 = DIRECTION('',(-1.,1.144237745222E-17,0.));
#4497 = ORIENTED_EDGE('',*,*,#4498,.F.);
#4498 = EDGE_CURVE('',#4482,#4491,#4499,.T.);
#4499 = LINE('',#4500,#4501);
#4500 = CARTESIAN_POINT('',(-2.25,-2.11,0.825));
#4501 = VECTOR('',#4502,1.);
#4502 = DIRECTION('',(1.144237745222E-17,1.,0.));
#4503 = PLANE('',#4504);
#4504 = AXIS2_PLACEMENT_3D('',#4505,#4506,#4507);
#4505 = CARTESIAN_POINT('',(-1.8,-2.11,0.825));
#4506 = DIRECTION('',(0.,0.,1.));
#4507 = DIRECTION('',(-1.,1.144237745222E-17,0.));
#4508 = ADVANCED_FACE('',(#4509),#4534,.F.);
#4509 = FACE_BOUND('',#4510,.F.);
#4510 = EDGE_LOOP('',(#4511,#4519,#4520,#4528));
#4511 = ORIENTED_EDGE('',*,*,#4512,.F.);
#4512 = EDGE_CURVE('',#4138,#4513,#4515,.T.);
#4513 = VERTEX_POINT('',#4514);
#4514 = CARTESIAN_POINT('',(-1.95,-1.7,1.025));
#4515 = LINE('',#4516,#4517);
#4516 = CARTESIAN_POINT('',(-1.95,-1.7,0.786976568901));
#4517 = VECTOR('',#4518,1.);
#4518 = DIRECTION('',(0.,0.,1.));
#4519 = ORIENTED_EDGE('',*,*,#4137,.T.);
#4520 = ORIENTED_EDGE('',*,*,#4521,.T.);
#4521 = EDGE_CURVE('',#4130,#4522,#4524,.T.);
#4522 = VERTEX_POINT('',#4523);
#4523 = CARTESIAN_POINT('',(-1.95,-0.84,1.025));
#4524 = LINE('',#4525,#4526);
#4525 = CARTESIAN_POINT('',(-1.95,-0.84,0.786976568901));
#4526 = VECTOR('',#4527,1.);
#4527 = DIRECTION('',(0.,0.,1.));
#4528 = ORIENTED_EDGE('',*,*,#4529,.F.);
#4529 = EDGE_CURVE('',#4513,#4522,#4530,.T.);
#4530 = LINE('',#4531,#4532);
#4531 = CARTESIAN_POINT('',(-1.95,-2.275,1.025));
#4532 = VECTOR('',#4533,1.);
#4533 = DIRECTION('',(-1.110223024625E-16,1.,0.));
#4534 = PLANE('',#4535);
#4535 = AXIS2_PLACEMENT_3D('',#4536,#4537,#4538);
#4536 = CARTESIAN_POINT('',(-1.95,-2.275,1.025));
#4537 = DIRECTION('',(1.,1.110223024625E-16,0.));
#4538 = DIRECTION('',(-1.110223024625E-16,1.,0.));
#4539 = ADVANCED_FACE('',(#4540),#4565,.F.);
#4540 = FACE_BOUND('',#4541,.F.);
#4541 = EDGE_LOOP('',(#4542,#4550,#4551,#4559));
#4542 = ORIENTED_EDGE('',*,*,#4543,.F.);
#4543 = EDGE_CURVE('',#4130,#4544,#4546,.T.);
#4544 = VERTEX_POINT('',#4545);
#4545 = CARTESIAN_POINT('',(-2.25,-0.84,0.825));
#4546 = LINE('',#4547,#4548);
#4547 = CARTESIAN_POINT('',(-1.8,-0.84,0.825));
#4548 = VECTOR('',#4549,1.);
#4549 = DIRECTION('',(-1.,1.144237745222E-17,0.));
#4550 = ORIENTED_EDGE('',*,*,#4129,.T.);
#4551 = ORIENTED_EDGE('',*,*,#4552,.T.);
#4552 = EDGE_CURVE('',#4122,#4553,#4555,.T.);
#4553 = VERTEX_POINT('',#4554);
#4554 = CARTESIAN_POINT('',(-2.25,-0.43,0.825));
#4555 = LINE('',#4556,#4557);
#4556 = CARTESIAN_POINT('',(-1.8,-0.43,0.825));
#4557 = VECTOR('',#4558,1.);
#4558 = DIRECTION('',(-1.,1.144237745222E-17,0.));
#4559 = ORIENTED_EDGE('',*,*,#4560,.F.);
#4560 = EDGE_CURVE('',#4544,#4553,#4561,.T.);
#4561 = LINE('',#4562,#4563);
#4562 = CARTESIAN_POINT('',(-2.25,-0.84,0.825));
#4563 = VECTOR('',#4564,1.);
#4564 = DIRECTION('',(1.144237745222E-17,1.,0.));
#4565 = PLANE('',#4566);
#4566 = AXIS2_PLACEMENT_3D('',#4567,#4568,#4569);
#4567 = CARTESIAN_POINT('',(-1.8,-0.84,0.825));
#4568 = DIRECTION('',(0.,0.,1.));
#4569 = DIRECTION('',(-1.,1.144237745222E-17,0.));
#4570 = ADVANCED_FACE('',(#4571),#4596,.F.);
#4571 = FACE_BOUND('',#4572,.F.);
#4572 = EDGE_LOOP('',(#4573,#4581,#4582,#4590));
#4573 = ORIENTED_EDGE('',*,*,#4574,.F.);
#4574 = EDGE_CURVE('',#4122,#4575,#4577,.T.);
#4575 = VERTEX_POINT('',#4576);
#4576 = CARTESIAN_POINT('',(-1.95,-0.43,1.025));
#4577 = LINE('',#4578,#4579);
#4578 = CARTESIAN_POINT('',(-1.95,-0.43,0.786976568901));
#4579 = VECTOR('',#4580,1.);
#4580 = DIRECTION('',(0.,0.,1.));
#4581 = ORIENTED_EDGE('',*,*,#4121,.T.);
#4582 = ORIENTED_EDGE('',*,*,#4583,.T.);
#4583 = EDGE_CURVE('',#4114,#4584,#4586,.T.);
#4584 = VERTEX_POINT('',#4585);
#4585 = CARTESIAN_POINT('',(-1.95,0.43,1.025));
#4586 = LINE('',#4587,#4588);
#4587 = CARTESIAN_POINT('',(-1.95,0.43,0.786976568901));
#4588 = VECTOR('',#4589,1.);
#4589 = DIRECTION('',(0.,0.,1.));
#4590 = ORIENTED_EDGE('',*,*,#4591,.F.);
#4591 = EDGE_CURVE('',#4575,#4584,#4592,.T.);
#4592 = LINE('',#4593,#4594);
#4593 = CARTESIAN_POINT('',(-1.95,-2.275,1.025));
#4594 = VECTOR('',#4595,1.);
#4595 = DIRECTION('',(-1.110223024625E-16,1.,0.));
#4596 = PLANE('',#4597);
#4597 = AXIS2_PLACEMENT_3D('',#4598,#4599,#4600);
#4598 = CARTESIAN_POINT('',(-1.95,-2.275,1.025));
#4599 = DIRECTION('',(1.,1.110223024625E-16,0.));
#4600 = DIRECTION('',(-1.110223024625E-16,1.,0.));
#4601 = ADVANCED_FACE('',(#4602),#4627,.F.);
#4602 = FACE_BOUND('',#4603,.F.);
#4603 = EDGE_LOOP('',(#4604,#4612,#4613,#4621));
#4604 = ORIENTED_EDGE('',*,*,#4605,.F.);
#4605 = EDGE_CURVE('',#4114,#4606,#4608,.T.);
#4606 = VERTEX_POINT('',#4607);
#4607 = CARTESIAN_POINT('',(-2.25,0.43,0.825));
#4608 = LINE('',#4609,#4610);
#4609 = CARTESIAN_POINT('',(-1.8,0.43,0.825));
#4610 = VECTOR('',#4611,1.);
#4611 = DIRECTION('',(-1.,1.144237745222E-17,0.));
#4612 = ORIENTED_EDGE('',*,*,#4113,.T.);
#4613 = ORIENTED_EDGE('',*,*,#4614,.T.);
#4614 = EDGE_CURVE('',#4106,#4615,#4617,.T.);
#4615 = VERTEX_POINT('',#4616);
#4616 = CARTESIAN_POINT('',(-2.25,0.84,0.825));
#4617 = LINE('',#4618,#4619);
#4618 = CARTESIAN_POINT('',(-1.8,0.84,0.825));
#4619 = VECTOR('',#4620,1.);
#4620 = DIRECTION('',(-1.,1.144237745222E-17,0.));
#4621 = ORIENTED_EDGE('',*,*,#4622,.F.);
#4622 = EDGE_CURVE('',#4606,#4615,#4623,.T.);
#4623 = LINE('',#4624,#4625);
#4624 = CARTESIAN_POINT('',(-2.25,0.43,0.825));
#4625 = VECTOR('',#4626,1.);
#4626 = DIRECTION('',(1.144237745222E-17,1.,0.));
#4627 = PLANE('',#4628);
#4628 = AXIS2_PLACEMENT_3D('',#4629,#4630,#4631);
#4629 = CARTESIAN_POINT('',(-1.8,0.43,0.825));
#4630 = DIRECTION('',(0.,0.,1.));
#4631 = DIRECTION('',(-1.,1.144237745222E-17,0.));
#4632 = ADVANCED_FACE('',(#4633),#4658,.F.);
#4633 = FACE_BOUND('',#4634,.F.);
#4634 = EDGE_LOOP('',(#4635,#4643,#4644,#4652));
#4635 = ORIENTED_EDGE('',*,*,#4636,.F.);
#4636 = EDGE_CURVE('',#4106,#4637,#4639,.T.);
#4637 = VERTEX_POINT('',#4638);
#4638 = CARTESIAN_POINT('',(-1.95,0.84,1.025));
#4639 = LINE('',#4640,#4641);
#4640 = CARTESIAN_POINT('',(-1.95,0.84,0.786976568901));
#4641 = VECTOR('',#4642,1.);
#4642 = DIRECTION('',(0.,0.,1.));
#4643 = ORIENTED_EDGE('',*,*,#4105,.T.);
#4644 = ORIENTED_EDGE('',*,*,#4645,.T.);
#4645 = EDGE_CURVE('',#4098,#4646,#4648,.T.);
#4646 = VERTEX_POINT('',#4647);
#4647 = CARTESIAN_POINT('',(-1.95,1.7,1.025));
#4648 = LINE('',#4649,#4650);
#4649 = CARTESIAN_POINT('',(-1.95,1.7,0.786976568901));
#4650 = VECTOR('',#4651,1.);
#4651 = DIRECTION('',(0.,0.,1.));
#4652 = ORIENTED_EDGE('',*,*,#4653,.F.);
#4653 = EDGE_CURVE('',#4637,#4646,#4654,.T.);
#4654 = LINE('',#4655,#4656);
#4655 = CARTESIAN_POINT('',(-1.95,-2.275,1.025));
#4656 = VECTOR('',#4657,1.);
#4657 = DIRECTION('',(-1.110223024625E-16,1.,0.));
#4658 = PLANE('',#4659);
#4659 = AXIS2_PLACEMENT_3D('',#4660,#4661,#4662);
#4660 = CARTESIAN_POINT('',(-1.95,-2.275,1.025));
#4661 = DIRECTION('',(1.,1.110223024625E-16,0.));
#4662 = DIRECTION('',(-1.110223024625E-16,1.,0.));
#4663 = ADVANCED_FACE('',(#4664),#4689,.F.);
#4664 = FACE_BOUND('',#4665,.F.);
#4665 = EDGE_LOOP('',(#4666,#4674,#4675,#4683));
#4666 = ORIENTED_EDGE('',*,*,#4667,.F.);
#4667 = EDGE_CURVE('',#4098,#4668,#4670,.T.);
#4668 = VERTEX_POINT('',#4669);
#4669 = CARTESIAN_POINT('',(-2.25,1.7,0.825));
#4670 = LINE('',#4671,#4672);
#4671 = CARTESIAN_POINT('',(-1.8,1.7,0.825));
#4672 = VECTOR('',#4673,1.);
#4673 = DIRECTION('',(-1.,1.144237745222E-17,0.));
#4674 = ORIENTED_EDGE('',*,*,#4097,.T.);
#4675 = ORIENTED_EDGE('',*,*,#4676,.T.);
#4676 = EDGE_CURVE('',#4090,#4677,#4679,.T.);
#4677 = VERTEX_POINT('',#4678);
#4678 = CARTESIAN_POINT('',(-2.25,2.11,0.825));
#4679 = LINE('',#4680,#4681);
#4680 = CARTESIAN_POINT('',(-1.8,2.11,0.825));
#4681 = VECTOR('',#4682,1.);
#4682 = DIRECTION('',(-1.,1.144237745222E-17,0.));
#4683 = ORIENTED_EDGE('',*,*,#4684,.F.);
#4684 = EDGE_CURVE('',#4668,#4677,#4685,.T.);
#4685 = LINE('',#4686,#4687);
#4686 = CARTESIAN_POINT('',(-2.25,1.7,0.825));
#4687 = VECTOR('',#4688,1.);
#4688 = DIRECTION('',(1.144237745222E-17,1.,0.));
#4689 = PLANE('',#4690);
#4690 = AXIS2_PLACEMENT_3D('',#4691,#4692,#4693);
#4691 = CARTESIAN_POINT('',(-1.8,1.7,0.825));
#4692 = DIRECTION('',(0.,0.,1.));
#4693 = DIRECTION('',(-1.,1.144237745222E-17,0.));
#4694 = ADVANCED_FACE('',(#4695),#4706,.F.);
#4695 = FACE_BOUND('',#4696,.F.);
#4696 = EDGE_LOOP('',(#4697,#4703,#4704,#4705));
#4697 = ORIENTED_EDGE('',*,*,#4698,.F.);
#4698 = EDGE_CURVE('',#4090,#4414,#4699,.T.);
#4699 = LINE('',#4700,#4701);
#4700 = CARTESIAN_POINT('',(-1.95,2.11,0.786976568901));
#4701 = VECTOR('',#4702,1.);
#4702 = DIRECTION('',(0.,0.,1.));
#4703 = ORIENTED_EDGE('',*,*,#4089,.T.);
#4704 = ORIENTED_EDGE('',*,*,#4438,.T.);
#4705 = ORIENTED_EDGE('',*,*,#4421,.F.);
#4706 = PLANE('',#4707);
#4707 = AXIS2_PLACEMENT_3D('',#4708,#4709,#4710);
#4708 = CARTESIAN_POINT('',(-1.95,-2.275,1.025));
#4709 = DIRECTION('',(1.,1.110223024625E-16,0.));
#4710 = DIRECTION('',(-1.110223024625E-16,1.,0.));
#4711 = ADVANCED_FACE('',(#4712),#4723,.F.);
#4712 = FACE_BOUND('',#4713,.F.);
#4713 = EDGE_LOOP('',(#4714,#4715,#4716,#4722));
#4714 = ORIENTED_EDGE('',*,*,#4325,.F.);
#4715 = ORIENTED_EDGE('',*,*,#4246,.T.);
#4716 = ORIENTED_EDGE('',*,*,#4717,.T.);
#4717 = EDGE_CURVE('',#4239,#4358,#4718,.T.);
#4718 = LINE('',#4719,#4720);
#4719 = CARTESIAN_POINT('',(1.95,2.11,0.786976568901));
#4720 = VECTOR('',#4721,1.);
#4721 = DIRECTION('',(0.,0.,1.));
#4722 = ORIENTED_EDGE('',*,*,#4357,.F.);
#4723 = PLANE('',#4724);
#4724 = AXIS2_PLACEMENT_3D('',#4725,#4726,#4727);
#4725 = CARTESIAN_POINT('',(1.95,2.275,1.025));
#4726 = DIRECTION('',(-1.,-1.110223024625E-16,0.));
#4727 = DIRECTION('',(1.110223024625E-16,-1.,0.));
#4728 = ADVANCED_FACE('',(#4729),#4754,.F.);
#4729 = FACE_BOUND('',#4730,.F.);
#4730 = EDGE_LOOP('',(#4731,#4739,#4740,#4748));
#4731 = ORIENTED_EDGE('',*,*,#4732,.F.);
#4732 = EDGE_CURVE('',#4239,#4733,#4735,.T.);
#4733 = VERTEX_POINT('',#4734);
#4734 = CARTESIAN_POINT('',(2.25,2.11,0.825));
#4735 = LINE('',#4736,#4737);
#4736 = CARTESIAN_POINT('',(1.8,2.11,0.825));
#4737 = VECTOR('',#4738,1.);
#4738 = DIRECTION('',(1.,1.110223024625E-16,0.));
#4739 = ORIENTED_EDGE('',*,*,#4238,.T.);
#4740 = ORIENTED_EDGE('',*,*,#4741,.T.);
#4741 = EDGE_CURVE('',#4231,#4742,#4744,.T.);
#4742 = VERTEX_POINT('',#4743);
#4743 = CARTESIAN_POINT('',(2.25,1.7,0.825));
#4744 = LINE('',#4745,#4746);
#4745 = CARTESIAN_POINT('',(1.8,1.7,0.825));
#4746 = VECTOR('',#4747,1.);
#4747 = DIRECTION('',(1.,1.110223024625E-16,0.));
#4748 = ORIENTED_EDGE('',*,*,#4749,.F.);
#4749 = EDGE_CURVE('',#4733,#4742,#4750,.T.);
#4750 = LINE('',#4751,#4752);
#4751 = CARTESIAN_POINT('',(2.25,2.11,0.825));
#4752 = VECTOR('',#4753,1.);
#4753 = DIRECTION('',(1.110223024625E-16,-1.,0.));
#4754 = PLANE('',#4755);
#4755 = AXIS2_PLACEMENT_3D('',#4756,#4757,#4758);
#4756 = CARTESIAN_POINT('',(1.8,2.11,0.825));
#4757 = DIRECTION('',(0.,0.,1.));
#4758 = DIRECTION('',(1.,1.110223024625E-16,-0.));
#4759 = ADVANCED_FACE('',(#4760),#4785,.F.);
#4760 = FACE_BOUND('',#4761,.F.);
#4761 = EDGE_LOOP('',(#4762,#4770,#4771,#4779));
#4762 = ORIENTED_EDGE('',*,*,#4763,.F.);
#4763 = EDGE_CURVE('',#4231,#4764,#4766,.T.);
#4764 = VERTEX_POINT('',#4765);
#4765 = CARTESIAN_POINT('',(1.95,1.7,1.025));
#4766 = LINE('',#4767,#4768);
#4767 = CARTESIAN_POINT('',(1.95,1.7,0.786976568901));
#4768 = VECTOR('',#4769,1.);
#4769 = DIRECTION('',(0.,0.,1.));
#4770 = ORIENTED_EDGE('',*,*,#4230,.T.);
#4771 = ORIENTED_EDGE('',*,*,#4772,.T.);
#4772 = EDGE_CURVE('',#4223,#4773,#4775,.T.);
#4773 = VERTEX_POINT('',#4774);
#4774 = CARTESIAN_POINT('',(1.95,0.84,1.025));
#4775 = LINE('',#4776,#4777);
#4776 = CARTESIAN_POINT('',(1.95,0.84,0.786976568901));
#4777 = VECTOR('',#4778,1.);
#4778 = DIRECTION('',(0.,0.,1.));
#4779 = ORIENTED_EDGE('',*,*,#4780,.F.);
#4780 = EDGE_CURVE('',#4764,#4773,#4781,.T.);
#4781 = LINE('',#4782,#4783);
#4782 = CARTESIAN_POINT('',(1.95,2.275,1.025));
#4783 = VECTOR('',#4784,1.);
#4784 = DIRECTION('',(1.110223024625E-16,-1.,0.));
#4785 = PLANE('',#4786);
#4786 = AXIS2_PLACEMENT_3D('',#4787,#4788,#4789);
#4787 = CARTESIAN_POINT('',(1.95,2.275,1.025));
#4788 = DIRECTION('',(-1.,-1.110223024625E-16,0.));
#4789 = DIRECTION('',(1.110223024625E-16,-1.,0.));
#4790 = ADVANCED_FACE('',(#4791),#4816,.F.);
#4791 = FACE_BOUND('',#4792,.F.);
#4792 = EDGE_LOOP('',(#4793,#4801,#4802,#4810));
#4793 = ORIENTED_EDGE('',*,*,#4794,.F.);
#4794 = EDGE_CURVE('',#4223,#4795,#4797,.T.);
#4795 = VERTEX_POINT('',#4796);
#4796 = CARTESIAN_POINT('',(2.25,0.84,0.825));
#4797 = LINE('',#4798,#4799);
#4798 = CARTESIAN_POINT('',(1.8,0.84,0.825));
#4799 = VECTOR('',#4800,1.);
#4800 = DIRECTION('',(1.,1.110223024625E-16,0.));
#4801 = ORIENTED_EDGE('',*,*,#4222,.T.);
#4802 = ORIENTED_EDGE('',*,*,#4803,.T.);
#4803 = EDGE_CURVE('',#4215,#4804,#4806,.T.);
#4804 = VERTEX_POINT('',#4805);
#4805 = CARTESIAN_POINT('',(2.25,0.43,0.825));
#4806 = LINE('',#4807,#4808);
#4807 = CARTESIAN_POINT('',(1.8,0.43,0.825));
#4808 = VECTOR('',#4809,1.);
#4809 = DIRECTION('',(1.,1.110223024625E-16,0.));
#4810 = ORIENTED_EDGE('',*,*,#4811,.F.);
#4811 = EDGE_CURVE('',#4795,#4804,#4812,.T.);
#4812 = LINE('',#4813,#4814);
#4813 = CARTESIAN_POINT('',(2.25,0.84,0.825));
#4814 = VECTOR('',#4815,1.);
#4815 = DIRECTION('',(1.110223024625E-16,-1.,0.));
#4816 = PLANE('',#4817);
#4817 = AXIS2_PLACEMENT_3D('',#4818,#4819,#4820);
#4818 = CARTESIAN_POINT('',(1.8,0.84,0.825));
#4819 = DIRECTION('',(0.,0.,1.));
#4820 = DIRECTION('',(1.,1.110223024625E-16,-0.));
#4821 = ADVANCED_FACE('',(#4822),#4847,.F.);
#4822 = FACE_BOUND('',#4823,.F.);
#4823 = EDGE_LOOP('',(#4824,#4832,#4833,#4841));
#4824 = ORIENTED_EDGE('',*,*,#4825,.F.);
#4825 = EDGE_CURVE('',#4215,#4826,#4828,.T.);
#4826 = VERTEX_POINT('',#4827);
#4827 = CARTESIAN_POINT('',(1.95,0.43,1.025));
#4828 = LINE('',#4829,#4830);
#4829 = CARTESIAN_POINT('',(1.95,0.43,0.786976568901));
#4830 = VECTOR('',#4831,1.);
#4831 = DIRECTION('',(0.,0.,1.));
#4832 = ORIENTED_EDGE('',*,*,#4214,.T.);
#4833 = ORIENTED_EDGE('',*,*,#4834,.T.);
#4834 = EDGE_CURVE('',#4207,#4835,#4837,.T.);
#4835 = VERTEX_POINT('',#4836);
#4836 = CARTESIAN_POINT('',(1.95,-0.43,1.025));
#4837 = LINE('',#4838,#4839);
#4838 = CARTESIAN_POINT('',(1.95,-0.43,0.786976568901));
#4839 = VECTOR('',#4840,1.);
#4840 = DIRECTION('',(0.,0.,1.));
#4841 = ORIENTED_EDGE('',*,*,#4842,.F.);
#4842 = EDGE_CURVE('',#4826,#4835,#4843,.T.);
#4843 = LINE('',#4844,#4845);
#4844 = CARTESIAN_POINT('',(1.95,2.275,1.025));
#4845 = VECTOR('',#4846,1.);
#4846 = DIRECTION('',(1.110223024625E-16,-1.,0.));
#4847 = PLANE('',#4848);
#4848 = AXIS2_PLACEMENT_3D('',#4849,#4850,#4851);
#4849 = CARTESIAN_POINT('',(1.95,2.275,1.025));
#4850 = DIRECTION('',(-1.,-1.110223024625E-16,0.));
#4851 = DIRECTION('',(1.110223024625E-16,-1.,0.));
#4852 = ADVANCED_FACE('',(#4853),#4878,.F.);
#4853 = FACE_BOUND('',#4854,.F.);
#4854 = EDGE_LOOP('',(#4855,#4863,#4864,#4872));
#4855 = ORIENTED_EDGE('',*,*,#4856,.F.);
#4856 = EDGE_CURVE('',#4207,#4857,#4859,.T.);
#4857 = VERTEX_POINT('',#4858);
#4858 = CARTESIAN_POINT('',(2.25,-0.43,0.825));
#4859 = LINE('',#4860,#4861);
#4860 = CARTESIAN_POINT('',(1.8,-0.43,0.825));
#4861 = VECTOR('',#4862,1.);
#4862 = DIRECTION('',(1.,1.110223024625E-16,0.));
#4863 = ORIENTED_EDGE('',*,*,#4206,.T.);
#4864 = ORIENTED_EDGE('',*,*,#4865,.T.);
#4865 = EDGE_CURVE('',#4199,#4866,#4868,.T.);
#4866 = VERTEX_POINT('',#4867);
#4867 = CARTESIAN_POINT('',(2.25,-0.84,0.825));
#4868 = LINE('',#4869,#4870);
#4869 = CARTESIAN_POINT('',(1.8,-0.84,0.825));
#4870 = VECTOR('',#4871,1.);
#4871 = DIRECTION('',(1.,1.110223024625E-16,0.));
#4872 = ORIENTED_EDGE('',*,*,#4873,.F.);
#4873 = EDGE_CURVE('',#4857,#4866,#4874,.T.);
#4874 = LINE('',#4875,#4876);
#4875 = CARTESIAN_POINT('',(2.25,-0.43,0.825));
#4876 = VECTOR('',#4877,1.);
#4877 = DIRECTION('',(1.110223024625E-16,-1.,0.));
#4878 = PLANE('',#4879);
#4879 = AXIS2_PLACEMENT_3D('',#4880,#4881,#4882);
#4880 = CARTESIAN_POINT('',(1.8,-0.43,0.825));
#4881 = DIRECTION('',(0.,0.,1.));
#4882 = DIRECTION('',(1.,1.110223024625E-16,-0.));
#4883 = ADVANCED_FACE('',(#4884),#4909,.F.);
#4884 = FACE_BOUND('',#4885,.F.);
#4885 = EDGE_LOOP('',(#4886,#4894,#4895,#4903));
#4886 = ORIENTED_EDGE('',*,*,#4887,.F.);
#4887 = EDGE_CURVE('',#4199,#4888,#4890,.T.);
#4888 = VERTEX_POINT('',#4889);
#4889 = CARTESIAN_POINT('',(1.95,-0.84,1.025));
#4890 = LINE('',#4891,#4892);
#4891 = CARTESIAN_POINT('',(1.95,-0.84,0.786976568901));
#4892 = VECTOR('',#4893,1.);
#4893 = DIRECTION('',(0.,0.,1.));
#4894 = ORIENTED_EDGE('',*,*,#4198,.T.);
#4895 = ORIENTED_EDGE('',*,*,#4896,.T.);
#4896 = EDGE_CURVE('',#4191,#4897,#4899,.T.);
#4897 = VERTEX_POINT('',#4898);
#4898 = CARTESIAN_POINT('',(1.95,-1.7,1.025));
#4899 = LINE('',#4900,#4901);
#4900 = CARTESIAN_POINT('',(1.95,-1.7,0.786976568901));
#4901 = VECTOR('',#4902,1.);
#4902 = DIRECTION('',(0.,0.,1.));
#4903 = ORIENTED_EDGE('',*,*,#4904,.F.);
#4904 = EDGE_CURVE('',#4888,#4897,#4905,.T.);
#4905 = LINE('',#4906,#4907);
#4906 = CARTESIAN_POINT('',(1.95,2.275,1.025));
#4907 = VECTOR('',#4908,1.);
#4908 = DIRECTION('',(1.110223024625E-16,-1.,0.));
#4909 = PLANE('',#4910);
#4910 = AXIS2_PLACEMENT_3D('',#4911,#4912,#4913);
#4911 = CARTESIAN_POINT('',(1.95,2.275,1.025));
#4912 = DIRECTION('',(-1.,-1.110223024625E-16,0.));
#4913 = DIRECTION('',(1.110223024625E-16,-1.,0.));
#4914 = ADVANCED_FACE('',(#4915),#4940,.F.);
#4915 = FACE_BOUND('',#4916,.F.);
#4916 = EDGE_LOOP('',(#4917,#4925,#4926,#4934));
#4917 = ORIENTED_EDGE('',*,*,#4918,.F.);
#4918 = EDGE_CURVE('',#4191,#4919,#4921,.T.);
#4919 = VERTEX_POINT('',#4920);
#4920 = CARTESIAN_POINT('',(2.25,-1.7,0.825));
#4921 = LINE('',#4922,#4923);
#4922 = CARTESIAN_POINT('',(1.8,-1.7,0.825));
#4923 = VECTOR('',#4924,1.);
#4924 = DIRECTION('',(1.,1.110223024625E-16,0.));
#4925 = ORIENTED_EDGE('',*,*,#4190,.T.);
#4926 = ORIENTED_EDGE('',*,*,#4927,.T.);
#4927 = EDGE_CURVE('',#4183,#4928,#4930,.T.);
#4928 = VERTEX_POINT('',#4929);
#4929 = CARTESIAN_POINT('',(2.25,-2.11,0.825));
#4930 = LINE('',#4931,#4932);
#4931 = CARTESIAN_POINT('',(1.8,-2.11,0.825));
#4932 = VECTOR('',#4933,1.);
#4933 = DIRECTION('',(1.,1.110223024625E-16,0.));
#4934 = ORIENTED_EDGE('',*,*,#4935,.F.);
#4935 = EDGE_CURVE('',#4919,#4928,#4936,.T.);
#4936 = LINE('',#4937,#4938);
#4937 = CARTESIAN_POINT('',(2.25,-1.7,0.825));
#4938 = VECTOR('',#4939,1.);
#4939 = DIRECTION('',(1.110223024625E-16,-1.,0.));
#4940 = PLANE('',#4941);
#4941 = AXIS2_PLACEMENT_3D('',#4942,#4943,#4944);
#4942 = CARTESIAN_POINT('',(1.8,-1.7,0.825));
#4943 = DIRECTION('',(0.,0.,1.));
#4944 = DIRECTION('',(1.,1.110223024625E-16,-0.));
#4945 = ADVANCED_FACE('',(#4946),#4970,.F.);
#4946 = FACE_BOUND('',#4947,.F.);
#4947 = EDGE_LOOP('',(#4948,#4956,#4957,#4964));
#4948 = ORIENTED_EDGE('',*,*,#4949,.F.);
#4949 = EDGE_CURVE('',#4183,#4950,#4952,.T.);
#4950 = VERTEX_POINT('',#4951);
#4951 = CARTESIAN_POINT('',(1.95,-2.11,1.025));
#4952 = LINE('',#4953,#4954);
#4953 = CARTESIAN_POINT('',(1.95,-2.11,0.786976568901));
#4954 = VECTOR('',#4955,1.);
#4955 = DIRECTION('',(0.,0.,1.));
#4956 = ORIENTED_EDGE('',*,*,#4182,.T.);
#4957 = ORIENTED_EDGE('',*,*,#4958,.T.);
#4958 = EDGE_CURVE('',#4176,#4959,#4961,.T.);
#4959 = VERTEX_POINT('',#4960);
#4960 = CARTESIAN_POINT('',(1.95,-2.275,1.025));
#4961 = B_SPLINE_CURVE_WITH_KNOTS('',1,(#4962,#4963),.UNSPECIFIED.,.F.,
  .F.,(2,2),(0.,1.),.PIECEWISE_BEZIER_KNOTS.);
#4962 = CARTESIAN_POINT('',(1.95,-2.275,0.825));
#4963 = CARTESIAN_POINT('',(1.95,-2.275,1.025));
#4964 = ORIENTED_EDGE('',*,*,#4965,.F.);
#4965 = EDGE_CURVE('',#4950,#4959,#4966,.T.);
#4966 = LINE('',#4967,#4968);
#4967 = CARTESIAN_POINT('',(1.95,2.275,1.025));
#4968 = VECTOR('',#4969,1.);
#4969 = DIRECTION('',(1.110223024625E-16,-1.,0.));
#4970 = PLANE('',#4971);
#4971 = AXIS2_PLACEMENT_3D('',#4972,#4973,#4974);
#4972 = CARTESIAN_POINT('',(1.95,2.275,1.025));
#4973 = DIRECTION('',(-1.,-1.110223024625E-16,0.));
#4974 = DIRECTION('',(1.110223024625E-16,-1.,0.));
#4975 = ADVANCED_FACE('',(#4976),#4993,.F.);
#4976 = FACE_BOUND('',#4977,.F.);
#4977 = EDGE_LOOP('',(#4978,#4979,#4980,#4988));
#4978 = ORIENTED_EDGE('',*,*,#4263,.T.);
#4979 = ORIENTED_EDGE('',*,*,#4451,.T.);
#4980 = ORIENTED_EDGE('',*,*,#4981,.F.);
#4981 = EDGE_CURVE('',#4982,#4452,#4984,.T.);
#4982 = VERTEX_POINT('',#4983);
#4983 = CARTESIAN_POINT('',(-1.775,-2.45,1.025));
#4984 = LINE('',#4985,#4986);
#4985 = CARTESIAN_POINT('',(-1.775,-2.45,1.025));
#4986 = VECTOR('',#4987,1.);
#4987 = DIRECTION('',(-0.707106781187,0.707106781187,0.));
#4988 = ORIENTED_EDGE('',*,*,#4989,.F.);
#4989 = EDGE_CURVE('',#4264,#4982,#4990,.T.);
#4990 = B_SPLINE_CURVE_WITH_KNOTS('',1,(#4991,#4992),.UNSPECIFIED.,.F.,
  .F.,(2,2),(0.,1.),.PIECEWISE_BEZIER_KNOTS.);
#4991 = CARTESIAN_POINT('',(-1.775,-2.45,0.825));
#4992 = CARTESIAN_POINT('',(-1.775,-2.45,1.025));
#4993 = PLANE('',#4994);
#4994 = AXIS2_PLACEMENT_3D('',#4995,#4996,#4997);
#4995 = CARTESIAN_POINT('',(-1.775,-2.45,1.025));
#4996 = DIRECTION('',(0.707106781187,0.707106781187,0.));
#4997 = DIRECTION('',(-0.707106781187,0.707106781187,0.));
#4998 = ADVANCED_FACE('',(#4999),#5016,.F.);
#4999 = FACE_BOUND('',#5000,.F.);
#5000 = EDGE_LOOP('',(#5001,#5002,#5009,#5015));
#5001 = ORIENTED_EDGE('',*,*,#4292,.T.);
#5002 = ORIENTED_EDGE('',*,*,#5003,.T.);
#5003 = EDGE_CURVE('',#4286,#5004,#5006,.T.);
#5004 = VERTEX_POINT('',#5005);
#5005 = CARTESIAN_POINT('',(1.775,-2.45,1.025));
#5006 = B_SPLINE_CURVE_WITH_KNOTS('',1,(#5007,#5008),.UNSPECIFIED.,.F.,
  .F.,(2,2),(0.,1.),.PIECEWISE_BEZIER_KNOTS.);
#5007 = CARTESIAN_POINT('',(1.775,-2.45,0.825));
#5008 = CARTESIAN_POINT('',(1.775,-2.45,1.025));
#5009 = ORIENTED_EDGE('',*,*,#5010,.F.);
#5010 = EDGE_CURVE('',#4959,#5004,#5011,.T.);
#5011 = LINE('',#5012,#5013);
#5012 = CARTESIAN_POINT('',(1.95,-2.275,1.025));
#5013 = VECTOR('',#5014,1.);
#5014 = DIRECTION('',(-0.707106781187,-0.707106781187,0.));
#5015 = ORIENTED_EDGE('',*,*,#4958,.F.);
#5016 = PLANE('',#5017);
#5017 = AXIS2_PLACEMENT_3D('',#5018,#5019,#5020);
#5018 = CARTESIAN_POINT('',(1.95,-2.275,1.025));
#5019 = DIRECTION('',(-0.707106781187,0.707106781187,0.));
#5020 = DIRECTION('',(-0.707106781187,-0.707106781187,0.));
#5021 = ADVANCED_FACE('',(#5022),#5033,.F.);
#5022 = FACE_BOUND('',#5023,.F.);
#5023 = EDGE_LOOP('',(#5024,#5025,#5026,#5032));
#5024 = ORIENTED_EDGE('',*,*,#4309,.T.);
#5025 = ORIENTED_EDGE('',*,*,#4989,.T.);
#5026 = ORIENTED_EDGE('',*,*,#5027,.F.);
#5027 = EDGE_CURVE('',#5004,#4982,#5028,.T.);
#5028 = LINE('',#5029,#5030);
#5029 = CARTESIAN_POINT('',(1.775,-2.45,1.025));
#5030 = VECTOR('',#5031,1.);
#5031 = DIRECTION('',(-1.,-1.110223024625E-16,0.));
#5032 = ORIENTED_EDGE('',*,*,#5003,.F.);
#5033 = PLANE('',#5034);
#5034 = AXIS2_PLACEMENT_3D('',#5035,#5036,#5037);
#5035 = CARTESIAN_POINT('',(1.775,-2.45,1.025));
#5036 = DIRECTION('',(-1.110223024625E-16,1.,0.));
#5037 = DIRECTION('',(-1.,-1.110223024625E-16,0.));
#5038 = ADVANCED_FACE('',(#5039),#5078,.F.);
#5039 = FACE_BOUND('',#5040,.F.);
#5040 = EDGE_LOOP('',(#5041,#5049,#5057,#5063,#5064,#5072));
#5041 = ORIENTED_EDGE('',*,*,#5042,.F.);
#5042 = EDGE_CURVE('',#5043,#4646,#5045,.T.);
#5043 = VERTEX_POINT('',#5044);
#5044 = CARTESIAN_POINT('',(-2.25,1.7,1.025));
#5045 = LINE('',#5046,#5047);
#5046 = CARTESIAN_POINT('',(-2.25,1.7,1.025));
#5047 = VECTOR('',#5048,1.);
#5048 = DIRECTION('',(1.,-1.144237745222E-17,0.));
#5049 = ORIENTED_EDGE('',*,*,#5050,.T.);
#5050 = EDGE_CURVE('',#5043,#5051,#5053,.T.);
#5051 = VERTEX_POINT('',#5052);
#5052 = CARTESIAN_POINT('',(-2.25,2.11,1.025));
#5053 = LINE('',#5054,#5055);
#5054 = CARTESIAN_POINT('',(-2.25,1.7,1.025));
#5055 = VECTOR('',#5056,1.);
#5056 = DIRECTION('',(1.144237745222E-17,1.,0.));
#5057 = ORIENTED_EDGE('',*,*,#5058,.T.);
#5058 = EDGE_CURVE('',#5051,#4414,#5059,.T.);
#5059 = LINE('',#5060,#5061);
#5060 = CARTESIAN_POINT('',(-2.25,2.11,1.025));
#5061 = VECTOR('',#5062,1.);
#5062 = DIRECTION('',(1.,-1.144237745222E-17,0.));
#5063 = ORIENTED_EDGE('',*,*,#4413,.T.);
#5064 = ORIENTED_EDGE('',*,*,#5065,.F.);
#5065 = EDGE_CURVE('',#5066,#4406,#5068,.T.);
#5066 = VERTEX_POINT('',#5067);
#5067 = CARTESIAN_POINT('',(-1.875,1.7,1.025));
#5068 = LINE('',#5069,#5070);
#5069 = CARTESIAN_POINT('',(-1.875,-2.2375,1.025));
#5070 = VECTOR('',#5071,1.);
#5071 = DIRECTION('',(-1.110223024625E-16,1.,0.));
#5072 = ORIENTED_EDGE('',*,*,#5073,.F.);
#5073 = EDGE_CURVE('',#4646,#5066,#5074,.T.);
#5074 = LINE('',#5075,#5076);
#5075 = CARTESIAN_POINT('',(-2.25,1.7,1.025));
#5076 = VECTOR('',#5077,1.);
#5077 = DIRECTION('',(1.,-1.144237745222E-17,0.));
#5078 = PLANE('',#5079);
#5079 = AXIS2_PLACEMENT_3D('',#5080,#5081,#5082);
#5080 = CARTESIAN_POINT('',(-2.25,1.7,1.025));
#5081 = DIRECTION('',(0.,0.,-1.));
#5082 = DIRECTION('',(1.,-1.144237745222E-17,0.));
#5083 = ADVANCED_FACE('',(#5084),#5164,.F.);
#5084 = FACE_BOUND('',#5085,.F.);
#5085 = EDGE_LOOP('',(#5086,#5096,#5104,#5112,#5120,#5128,#5136,#5142,
    #5143,#5144,#5151,#5159));
#5086 = ORIENTED_EDGE('',*,*,#5087,.T.);
#5087 = EDGE_CURVE('',#5088,#5090,#5092,.T.);
#5088 = VERTEX_POINT('',#5089);
#5089 = CARTESIAN_POINT('',(-1.875,-2.2375,1.025));
#5090 = VERTEX_POINT('',#5091);
#5091 = CARTESIAN_POINT('',(-1.875,-2.11,1.025));
#5092 = LINE('',#5093,#5094);
#5093 = CARTESIAN_POINT('',(-1.875,-2.2375,1.025));
#5094 = VECTOR('',#5095,1.);
#5095 = DIRECTION('',(-1.110223024625E-16,1.,0.));
#5096 = ORIENTED_EDGE('',*,*,#5097,.T.);
#5097 = EDGE_CURVE('',#5090,#5098,#5100,.T.);
#5098 = VERTEX_POINT('',#5099);
#5099 = CARTESIAN_POINT('',(-1.875,-1.7,1.025));
#5100 = LINE('',#5101,#5102);
#5101 = CARTESIAN_POINT('',(-1.875,-2.2375,1.025));
#5102 = VECTOR('',#5103,1.);
#5103 = DIRECTION('',(-1.110223024625E-16,1.,0.));
#5104 = ORIENTED_EDGE('',*,*,#5105,.T.);
#5105 = EDGE_CURVE('',#5098,#5106,#5108,.T.);
#5106 = VERTEX_POINT('',#5107);
#5107 = CARTESIAN_POINT('',(-1.875,-0.84,1.025));
#5108 = LINE('',#5109,#5110);
#5109 = CARTESIAN_POINT('',(-1.875,-2.2375,1.025));
#5110 = VECTOR('',#5111,1.);
#5111 = DIRECTION('',(-1.110223024625E-16,1.,0.));
#5112 = ORIENTED_EDGE('',*,*,#5113,.T.);
#5113 = EDGE_CURVE('',#5106,#5114,#5116,.T.);
#5114 = VERTEX_POINT('',#5115);
#5115 = CARTESIAN_POINT('',(-1.875,-0.43,1.025));
#5116 = LINE('',#5117,#5118);
#5117 = CARTESIAN_POINT('',(-1.875,-2.2375,1.025));
#5118 = VECTOR('',#5119,1.);
#5119 = DIRECTION('',(-1.110223024625E-16,1.,0.));
#5120 = ORIENTED_EDGE('',*,*,#5121,.T.);
#5121 = EDGE_CURVE('',#5114,#5122,#5124,.T.);
#5122 = VERTEX_POINT('',#5123);
#5123 = CARTESIAN_POINT('',(-1.875,0.43,1.025));
#5124 = LINE('',#5125,#5126);
#5125 = CARTESIAN_POINT('',(-1.875,-2.2375,1.025));
#5126 = VECTOR('',#5127,1.);
#5127 = DIRECTION('',(-1.110223024625E-16,1.,0.));
#5128 = ORIENTED_EDGE('',*,*,#5129,.T.);
#5129 = EDGE_CURVE('',#5122,#5130,#5132,.T.);
#5130 = VERTEX_POINT('',#5131);
#5131 = CARTESIAN_POINT('',(-1.875,0.84,1.025));
#5132 = LINE('',#5133,#5134);
#5133 = CARTESIAN_POINT('',(-1.875,-2.2375,1.025));
#5134 = VECTOR('',#5135,1.);
#5135 = DIRECTION('',(-1.110223024625E-16,1.,0.));
#5136 = ORIENTED_EDGE('',*,*,#5137,.T.);
#5137 = EDGE_CURVE('',#5130,#5066,#5138,.T.);
#5138 = LINE('',#5139,#5140);
#5139 = CARTESIAN_POINT('',(-1.875,-2.2375,1.025));
#5140 = VECTOR('',#5141,1.);
#5141 = DIRECTION('',(-1.110223024625E-16,1.,0.));
#5142 = ORIENTED_EDGE('',*,*,#5065,.T.);
#5143 = ORIENTED_EDGE('',*,*,#4405,.T.);
#5144 = ORIENTED_EDGE('',*,*,#5145,.T.);
#5145 = EDGE_CURVE('',#4398,#5146,#5148,.T.);
#5146 = VERTEX_POINT('',#5147);
#5147 = CARTESIAN_POINT('',(-1.760171280765,2.180085640382,1.75));
#5148 = B_SPLINE_CURVE_WITH_KNOTS('',1,(#5149,#5150),.UNSPECIFIED.,.F.,
  .F.,(2,2),(0.,1.),.PIECEWISE_BEZIER_KNOTS.);
#5149 = CARTESIAN_POINT('',(-1.875,2.2375,1.025));
#5150 = CARTESIAN_POINT('',(-1.760171280765,2.180085640382,1.75));
#5151 = ORIENTED_EDGE('',*,*,#5152,.F.);
#5152 = EDGE_CURVE('',#5153,#5146,#5155,.T.);
#5153 = VERTEX_POINT('',#5154);
#5154 = CARTESIAN_POINT('',(-1.760171280765,-2.180085640382,1.75));
#5155 = LINE('',#5156,#5157);
#5156 = CARTESIAN_POINT('',(-1.760171280765,-2.180085640382,1.75));
#5157 = VECTOR('',#5158,1.);
#5158 = DIRECTION('',(-1.110223024625E-16,1.,0.));
#5159 = ORIENTED_EDGE('',*,*,#5160,.F.);
#5160 = EDGE_CURVE('',#5088,#5153,#5161,.T.);
#5161 = B_SPLINE_CURVE_WITH_KNOTS('',1,(#5162,#5163),.UNSPECIFIED.,.F.,
  .F.,(2,2),(0.,1.),.PIECEWISE_BEZIER_KNOTS.);
#5162 = CARTESIAN_POINT('',(-1.875,-2.2375,1.025));
#5163 = CARTESIAN_POINT('',(-1.760171280765,-2.180085640382,1.75));
#5164 = B_SPLINE_SURFACE_WITH_KNOTS('',1,1,(
    (#5165,#5166)
    ,(#5167,#5168
    )),.UNSPECIFIED.,.F.,.F.,.F.,(2,2),(2,2),(0.,4.475),(0.,1.),
  .PIECEWISE_BEZIER_KNOTS.);
#5165 = CARTESIAN_POINT('',(-1.875,-2.2375,1.025));
#5166 = CARTESIAN_POINT('',(-1.760171280765,-2.180085640382,1.75));
#5167 = CARTESIAN_POINT('',(-1.875,2.2375,1.025));
#5168 = CARTESIAN_POINT('',(-1.760171280765,2.180085640382,1.75));
#5169 = ADVANCED_FACE('',(#5170),#5187,.F.);
#5170 = FACE_BOUND('',#5171,.F.);
#5171 = EDGE_LOOP('',(#5172,#5173,#5180,#5186));
#5172 = ORIENTED_EDGE('',*,*,#4397,.T.);
#5173 = ORIENTED_EDGE('',*,*,#5174,.T.);
#5174 = EDGE_CURVE('',#4390,#5175,#5177,.T.);
#5175 = VERTEX_POINT('',#5176);
#5176 = CARTESIAN_POINT('',(-1.680085640382,2.260171280765,1.75));
#5177 = B_SPLINE_CURVE_WITH_KNOTS('',1,(#5178,#5179),.UNSPECIFIED.,.F.,
  .F.,(2,2),(0.,1.),.PIECEWISE_BEZIER_KNOTS.);
#5178 = CARTESIAN_POINT('',(-1.7375,2.375,1.025));
#5179 = CARTESIAN_POINT('',(-1.680085640382,2.260171280765,1.75));
#5180 = ORIENTED_EDGE('',*,*,#5181,.F.);
#5181 = EDGE_CURVE('',#5146,#5175,#5182,.T.);
#5182 = LINE('',#5183,#5184);
#5183 = CARTESIAN_POINT('',(-1.760171280765,2.180085640382,1.75));
#5184 = VECTOR('',#5185,1.);
#5185 = DIRECTION('',(0.707106781187,0.707106781187,0.));
#5186 = ORIENTED_EDGE('',*,*,#5145,.F.);
#5187 = B_SPLINE_SURFACE_WITH_KNOTS('',1,1,(
    (#5188,#5189)
    ,(#5190,#5191
    )),.UNSPECIFIED.,.F.,.F.,.F.,(2,2),(2,2),(0.,0.194454364826),(0.,1.)
  ,.PIECEWISE_BEZIER_KNOTS.);
#5188 = CARTESIAN_POINT('',(-1.875,2.2375,1.025));
#5189 = CARTESIAN_POINT('',(-1.760171280765,2.180085640382,1.75));
#5190 = CARTESIAN_POINT('',(-1.7375,2.375,1.025));
#5191 = CARTESIAN_POINT('',(-1.680085640382,2.260171280765,1.75));
#5192 = ADVANCED_FACE('',(#5193),#5210,.F.);
#5193 = FACE_BOUND('',#5194,.F.);
#5194 = EDGE_LOOP('',(#5195,#5196,#5203,#5209));
#5195 = ORIENTED_EDGE('',*,*,#4389,.T.);
#5196 = ORIENTED_EDGE('',*,*,#5197,.T.);
#5197 = EDGE_CURVE('',#4382,#5198,#5200,.T.);
#5198 = VERTEX_POINT('',#5199);
#5199 = CARTESIAN_POINT('',(1.680085640382,2.260171280765,1.75));
#5200 = B_SPLINE_CURVE_WITH_KNOTS('',1,(#5201,#5202),.UNSPECIFIED.,.F.,
  .F.,(2,2),(0.,1.),.PIECEWISE_BEZIER_KNOTS.);
#5201 = CARTESIAN_POINT('',(1.7375,2.375,1.025));
#5202 = CARTESIAN_POINT('',(1.680085640382,2.260171280765,1.75));
#5203 = ORIENTED_EDGE('',*,*,#5204,.F.);
#5204 = EDGE_CURVE('',#5175,#5198,#5205,.T.);
#5205 = LINE('',#5206,#5207);
#5206 = CARTESIAN_POINT('',(-1.680085640382,2.260171280765,1.75));
#5207 = VECTOR('',#5208,1.);
#5208 = DIRECTION('',(1.,1.110223024625E-16,0.));
#5209 = ORIENTED_EDGE('',*,*,#5174,.F.);
#5210 = B_SPLINE_SURFACE_WITH_KNOTS('',1,1,(
    (#5211,#5212)
    ,(#5213,#5214
    )),.UNSPECIFIED.,.F.,.F.,.F.,(2,2),(2,2),(0.,3.475),(0.,1.),
  .PIECEWISE_BEZIER_KNOTS.);
#5211 = CARTESIAN_POINT('',(-1.7375,2.375,1.025));
#5212 = CARTESIAN_POINT('',(-1.680085640382,2.260171280765,1.75));
#5213 = CARTESIAN_POINT('',(1.7375,2.375,1.025));
#5214 = CARTESIAN_POINT('',(1.680085640382,2.260171280765,1.75));
#5215 = ADVANCED_FACE('',(#5216),#5233,.F.);
#5216 = FACE_BOUND('',#5217,.F.);
#5217 = EDGE_LOOP('',(#5218,#5219,#5226,#5232));
#5218 = ORIENTED_EDGE('',*,*,#4381,.T.);
#5219 = ORIENTED_EDGE('',*,*,#5220,.T.);
#5220 = EDGE_CURVE('',#4374,#5221,#5223,.T.);
#5221 = VERTEX_POINT('',#5222);
#5222 = CARTESIAN_POINT('',(1.760171280765,2.180085640382,1.75));
#5223 = B_SPLINE_CURVE_WITH_KNOTS('',1,(#5224,#5225),.UNSPECIFIED.,.F.,
  .F.,(2,2),(0.,1.),.PIECEWISE_BEZIER_KNOTS.);
#5224 = CARTESIAN_POINT('',(1.875,2.2375,1.025));
#5225 = CARTESIAN_POINT('',(1.760171280765,2.180085640382,1.75));
#5226 = ORIENTED_EDGE('',*,*,#5227,.F.);
#5227 = EDGE_CURVE('',#5198,#5221,#5228,.T.);
#5228 = LINE('',#5229,#5230);
#5229 = CARTESIAN_POINT('',(1.680085640382,2.260171280765,1.75));
#5230 = VECTOR('',#5231,1.);
#5231 = DIRECTION('',(0.707106781187,-0.707106781187,0.));
#5232 = ORIENTED_EDGE('',*,*,#5197,.F.);
#5233 = B_SPLINE_SURFACE_WITH_KNOTS('',1,1,(
    (#5234,#5235)
    ,(#5236,#5237
    )),.UNSPECIFIED.,.F.,.F.,.F.,(2,2),(2,2),(0.,0.194454364826),(0.,1.)
  ,.PIECEWISE_BEZIER_KNOTS.);
#5234 = CARTESIAN_POINT('',(1.7375,2.375,1.025));
#5235 = CARTESIAN_POINT('',(1.680085640382,2.260171280765,1.75));
#5236 = CARTESIAN_POINT('',(1.875,2.2375,1.025));
#5237 = CARTESIAN_POINT('',(1.760171280765,2.180085640382,1.75));
#5238 = ADVANCED_FACE('',(#5239),#5320,.F.);
#5239 = FACE_BOUND('',#5240,.F.);
#5240 = EDGE_LOOP('',(#5241,#5242,#5250,#5258,#5266,#5274,#5282,#5290,
    #5298,#5306,#5313,#5319));
#5241 = ORIENTED_EDGE('',*,*,#4373,.T.);
#5242 = ORIENTED_EDGE('',*,*,#5243,.T.);
#5243 = EDGE_CURVE('',#4366,#5244,#5246,.T.);
#5244 = VERTEX_POINT('',#5245);
#5245 = CARTESIAN_POINT('',(1.875,1.7,1.025));
#5246 = LINE('',#5247,#5248);
#5247 = CARTESIAN_POINT('',(1.875,2.2375,1.025));
#5248 = VECTOR('',#5249,1.);
#5249 = DIRECTION('',(1.110223024625E-16,-1.,0.));
#5250 = ORIENTED_EDGE('',*,*,#5251,.T.);
#5251 = EDGE_CURVE('',#5244,#5252,#5254,.T.);
#5252 = VERTEX_POINT('',#5253);
#5253 = CARTESIAN_POINT('',(1.875,0.84,1.025));
#5254 = LINE('',#5255,#5256);
#5255 = CARTESIAN_POINT('',(1.875,2.2375,1.025));
#5256 = VECTOR('',#5257,1.);
#5257 = DIRECTION('',(1.110223024625E-16,-1.,0.));
#5258 = ORIENTED_EDGE('',*,*,#5259,.T.);
#5259 = EDGE_CURVE('',#5252,#5260,#5262,.T.);
#5260 = VERTEX_POINT('',#5261);
#5261 = CARTESIAN_POINT('',(1.875,0.43,1.025));
#5262 = LINE('',#5263,#5264);
#5263 = CARTESIAN_POINT('',(1.875,2.2375,1.025));
#5264 = VECTOR('',#5265,1.);
#5265 = DIRECTION('',(1.110223024625E-16,-1.,0.));
#5266 = ORIENTED_EDGE('',*,*,#5267,.T.);
#5267 = EDGE_CURVE('',#5260,#5268,#5270,.T.);
#5268 = VERTEX_POINT('',#5269);
#5269 = CARTESIAN_POINT('',(1.875,-0.43,1.025));
#5270 = LINE('',#5271,#5272);
#5271 = CARTESIAN_POINT('',(1.875,2.2375,1.025));
#5272 = VECTOR('',#5273,1.);
#5273 = DIRECTION('',(1.110223024625E-16,-1.,0.));
#5274 = ORIENTED_EDGE('',*,*,#5275,.T.);
#5275 = EDGE_CURVE('',#5268,#5276,#5278,.T.);
#5276 = VERTEX_POINT('',#5277);
#5277 = CARTESIAN_POINT('',(1.875,-0.84,1.025));
#5278 = LINE('',#5279,#5280);
#5279 = CARTESIAN_POINT('',(1.875,2.2375,1.025));
#5280 = VECTOR('',#5281,1.);
#5281 = DIRECTION('',(1.110223024625E-16,-1.,0.));
#5282 = ORIENTED_EDGE('',*,*,#5283,.T.);
#5283 = EDGE_CURVE('',#5276,#5284,#5286,.T.);
#5284 = VERTEX_POINT('',#5285);
#5285 = CARTESIAN_POINT('',(1.875,-1.7,1.025));
#5286 = LINE('',#5287,#5288);
#5287 = CARTESIAN_POINT('',(1.875,2.2375,1.025));
#5288 = VECTOR('',#5289,1.);
#5289 = DIRECTION('',(1.110223024625E-16,-1.,0.));
#5290 = ORIENTED_EDGE('',*,*,#5291,.T.);
#5291 = EDGE_CURVE('',#5284,#5292,#5294,.T.);
#5292 = VERTEX_POINT('',#5293);
#5293 = CARTESIAN_POINT('',(1.875,-2.11,1.025));
#5294 = LINE('',#5295,#5296);
#5295 = CARTESIAN_POINT('',(1.875,2.2375,1.025));
#5296 = VECTOR('',#5297,1.);
#5297 = DIRECTION('',(1.110223024625E-16,-1.,0.));
#5298 = ORIENTED_EDGE('',*,*,#5299,.T.);
#5299 = EDGE_CURVE('',#5292,#5300,#5302,.T.);
#5300 = VERTEX_POINT('',#5301);
#5301 = CARTESIAN_POINT('',(1.875,-2.2375,1.025));
#5302 = LINE('',#5303,#5304);
#5303 = CARTESIAN_POINT('',(1.875,2.2375,1.025));
#5304 = VECTOR('',#5305,1.);
#5305 = DIRECTION('',(1.110223024625E-16,-1.,0.));
#5306 = ORIENTED_EDGE('',*,*,#5307,.T.);
#5307 = EDGE_CURVE('',#5300,#5308,#5310,.T.);
#5308 = VERTEX_POINT('',#5309);
#5309 = CARTESIAN_POINT('',(1.760171280765,-2.180085640382,1.75));
#5310 = B_SPLINE_CURVE_WITH_KNOTS('',1,(#5311,#5312),.UNSPECIFIED.,.F.,
  .F.,(2,2),(0.,1.),.PIECEWISE_BEZIER_KNOTS.);
#5311 = CARTESIAN_POINT('',(1.875,-2.2375,1.025));
#5312 = CARTESIAN_POINT('',(1.760171280765,-2.180085640382,1.75));
#5313 = ORIENTED_EDGE('',*,*,#5314,.F.);
#5314 = EDGE_CURVE('',#5221,#5308,#5315,.T.);
#5315 = LINE('',#5316,#5317);
#5316 = CARTESIAN_POINT('',(1.760171280765,2.180085640382,1.75));
#5317 = VECTOR('',#5318,1.);
#5318 = DIRECTION('',(1.110223024625E-16,-1.,0.));
#5319 = ORIENTED_EDGE('',*,*,#5220,.F.);
#5320 = B_SPLINE_SURFACE_WITH_KNOTS('',1,1,(
    (#5321,#5322)
    ,(#5323,#5324
    )),.UNSPECIFIED.,.F.,.F.,.F.,(2,2),(2,2),(0.,4.475),(0.,1.),
  .PIECEWISE_BEZIER_KNOTS.);
#5321 = CARTESIAN_POINT('',(1.875,2.2375,1.025));
#5322 = CARTESIAN_POINT('',(1.760171280765,2.180085640382,1.75));
#5323 = CARTESIAN_POINT('',(1.875,-2.2375,1.025));
#5324 = CARTESIAN_POINT('',(1.760171280765,-2.180085640382,1.75));
#5325 = ADVANCED_FACE('',(#5326),#5358,.F.);
#5326 = FACE_BOUND('',#5327,.F.);
#5327 = EDGE_LOOP('',(#5328,#5336,#5344,#5350,#5356,#5357));
#5328 = ORIENTED_EDGE('',*,*,#5329,.F.);
#5329 = EDGE_CURVE('',#5330,#4358,#5332,.T.);
#5330 = VERTEX_POINT('',#5331);
#5331 = CARTESIAN_POINT('',(2.25,2.11,1.025));
#5332 = LINE('',#5333,#5334);
#5333 = CARTESIAN_POINT('',(2.25,2.11,1.025));
#5334 = VECTOR('',#5335,1.);
#5335 = DIRECTION('',(-1.,-1.110223024625E-16,0.));
#5336 = ORIENTED_EDGE('',*,*,#5337,.T.);
#5337 = EDGE_CURVE('',#5330,#5338,#5340,.T.);
#5338 = VERTEX_POINT('',#5339);
#5339 = CARTESIAN_POINT('',(2.25,1.7,1.025));
#5340 = LINE('',#5341,#5342);
#5341 = CARTESIAN_POINT('',(2.25,2.11,1.025));
#5342 = VECTOR('',#5343,1.);
#5343 = DIRECTION('',(1.110223024625E-16,-1.,0.));
#5344 = ORIENTED_EDGE('',*,*,#5345,.T.);
#5345 = EDGE_CURVE('',#5338,#4764,#5346,.T.);
#5346 = LINE('',#5347,#5348);
#5347 = CARTESIAN_POINT('',(2.25,1.7,1.025));
#5348 = VECTOR('',#5349,1.);
#5349 = DIRECTION('',(-1.,-1.110223024625E-16,0.));
#5350 = ORIENTED_EDGE('',*,*,#5351,.T.);
#5351 = EDGE_CURVE('',#4764,#5244,#5352,.T.);
#5352 = LINE('',#5353,#5354);
#5353 = CARTESIAN_POINT('',(2.25,1.7,1.025));
#5354 = VECTOR('',#5355,1.);
#5355 = DIRECTION('',(-1.,-1.110223024625E-16,0.));
#5356 = ORIENTED_EDGE('',*,*,#5243,.F.);
#5357 = ORIENTED_EDGE('',*,*,#4365,.F.);
#5358 = PLANE('',#5359);
#5359 = AXIS2_PLACEMENT_3D('',#5360,#5361,#5362);
#5360 = CARTESIAN_POINT('',(2.25,2.11,1.025));
#5361 = DIRECTION('',(0.,0.,-1.));
#5362 = DIRECTION('',(-1.,-1.110223024625E-16,-0.));
#5363 = ADVANCED_FACE('',(#5364),#5407,.F.);
#5364 = FACE_BOUND('',#5365,.F.);
#5365 = EDGE_LOOP('',(#5366,#5367,#5373,#5374,#5382,#5390,#5396,#5397,
    #5403,#5404,#5405,#5406));
#5366 = ORIENTED_EDGE('',*,*,#4467,.T.);
#5367 = ORIENTED_EDGE('',*,*,#5368,.T.);
#5368 = EDGE_CURVE('',#4460,#5090,#5369,.T.);
#5369 = LINE('',#5370,#5371);
#5370 = CARTESIAN_POINT('',(-2.25,-2.11,1.025));
#5371 = VECTOR('',#5372,1.);
#5372 = DIRECTION('',(1.,-1.144237745222E-17,0.));
#5373 = ORIENTED_EDGE('',*,*,#5087,.F.);
#5374 = ORIENTED_EDGE('',*,*,#5375,.F.);
#5375 = EDGE_CURVE('',#5376,#5088,#5378,.T.);
#5376 = VERTEX_POINT('',#5377);
#5377 = CARTESIAN_POINT('',(-1.7375,-2.375,1.025));
#5378 = LINE('',#5379,#5380);
#5379 = CARTESIAN_POINT('',(-1.7375,-2.375,1.025));
#5380 = VECTOR('',#5381,1.);
#5381 = DIRECTION('',(-0.707106781187,0.707106781187,0.));
#5382 = ORIENTED_EDGE('',*,*,#5383,.F.);
#5383 = EDGE_CURVE('',#5384,#5376,#5386,.T.);
#5384 = VERTEX_POINT('',#5385);
#5385 = CARTESIAN_POINT('',(1.7375,-2.375,1.025));
#5386 = LINE('',#5387,#5388);
#5387 = CARTESIAN_POINT('',(1.7375,-2.375,1.025));
#5388 = VECTOR('',#5389,1.);
#5389 = DIRECTION('',(-1.,-1.110223024625E-16,0.));
#5390 = ORIENTED_EDGE('',*,*,#5391,.F.);
#5391 = EDGE_CURVE('',#5300,#5384,#5392,.T.);
#5392 = LINE('',#5393,#5394);
#5393 = CARTESIAN_POINT('',(1.875,-2.2375,1.025));
#5394 = VECTOR('',#5395,1.);
#5395 = DIRECTION('',(-0.707106781187,-0.707106781187,0.));
#5396 = ORIENTED_EDGE('',*,*,#5299,.F.);
#5397 = ORIENTED_EDGE('',*,*,#5398,.F.);
#5398 = EDGE_CURVE('',#4950,#5292,#5399,.T.);
#5399 = LINE('',#5400,#5401);
#5400 = CARTESIAN_POINT('',(2.25,-2.11,1.025));
#5401 = VECTOR('',#5402,1.);
#5402 = DIRECTION('',(-1.,-1.110223024625E-16,0.));
#5403 = ORIENTED_EDGE('',*,*,#4965,.T.);
#5404 = ORIENTED_EDGE('',*,*,#5010,.T.);
#5405 = ORIENTED_EDGE('',*,*,#5027,.T.);
#5406 = ORIENTED_EDGE('',*,*,#4981,.T.);
#5407 = PLANE('',#5408);
#5408 = AXIS2_PLACEMENT_3D('',#5409,#5410,#5411);
#5409 = CARTESIAN_POINT('',(-3.027078129022E-16,2.4125,1.025));
#5410 = DIRECTION('',(2.007919022429E-31,-7.713306628828E-27,-1.));
#5411 = DIRECTION('',(1.,1.112083013911E-16,2.00791902242E-31));
#5412 = ADVANCED_FACE('',(#5413),#5499,.F.);
#5413 = FACE_BOUND('',#5414,.F.);
#5414 = EDGE_LOOP('',(#5415,#5416,#5417,#5426,#5434,#5443,#5451,#5459,
    #5467,#5476,#5484,#5493));
#5415 = ORIENTED_EDGE('',*,*,#4459,.F.);
#5416 = ORIENTED_EDGE('',*,*,#4481,.T.);
#5417 = ORIENTED_EDGE('',*,*,#5418,.T.);
#5418 = EDGE_CURVE('',#4482,#5419,#5421,.T.);
#5419 = VERTEX_POINT('',#5420);
#5420 = CARTESIAN_POINT('',(-2.348480775301,-2.11,0.742364817767));
#5421 = CIRCLE('',#5422,0.1);
#5422 = AXIS2_PLACEMENT_3D('',#5423,#5424,#5425);
#5423 = CARTESIAN_POINT('',(-2.25,-2.11,0.725));
#5424 = DIRECTION('',(-1.144237745222E-17,-1.,3.284293275761E-47));
#5425 = DIRECTION('',(-4.440892098501E-15,5.081436361563E-32,1.));
#5426 = ORIENTED_EDGE('',*,*,#5427,.T.);
#5427 = EDGE_CURVE('',#5419,#5428,#5430,.T.);
#5428 = VERTEX_POINT('',#5429);
#5429 = CARTESIAN_POINT('',(-2.429496640897,-2.11,0.2479055467));
#5430 = LINE('',#5431,#5432);
#5431 = CARTESIAN_POINT('',(-2.348480775301,-2.11,0.742364817767));
#5432 = VECTOR('',#5433,1.);
#5433 = DIRECTION('',(-0.161691392282,1.85013394127E-18,-0.986841372087)
  );
#5434 = ORIENTED_EDGE('',*,*,#5435,.T.);
#5435 = EDGE_CURVE('',#5428,#5436,#5438,.T.);
#5436 = VERTEX_POINT('',#5437);
#5437 = CARTESIAN_POINT('',(-2.724938966801,-2.11,-1.665334536938E-16));
#5438 = CIRCLE('',#5439,0.3);
#5439 = AXIS2_PLACEMENT_3D('',#5440,#5441,#5442);
#5440 = CARTESIAN_POINT('',(-2.724938966801,-2.11,0.3));
#5441 = DIRECTION('',(1.144237745222E-17,1.,7.703719777549E-34));
#5442 = DIRECTION('',(0.984807753012,-1.126854202784E-17,-0.173648177667
    ));
#5443 = ORIENTED_EDGE('',*,*,#5444,.T.);
#5444 = EDGE_CURVE('',#5436,#5445,#5447,.T.);
#5445 = VERTEX_POINT('',#5446);
#5446 = CARTESIAN_POINT('',(-3.,-2.11,-1.665334536938E-16));
#5447 = LINE('',#5448,#5449);
#5448 = CARTESIAN_POINT('',(-2.724938966801,-2.11,-1.665334536938E-16));
#5449 = VECTOR('',#5450,1.);
#5450 = DIRECTION('',(-1.,1.144237745222E-17,0.));
#5451 = ORIENTED_EDGE('',*,*,#5452,.T.);
#5452 = EDGE_CURVE('',#5445,#5453,#5455,.T.);
#5453 = VERTEX_POINT('',#5454);
#5454 = CARTESIAN_POINT('',(-3.,-2.11,0.2));
#5455 = LINE('',#5456,#5457);
#5456 = CARTESIAN_POINT('',(-3.,-2.11,-1.665334536938E-16));
#5457 = VECTOR('',#5458,1.);
#5458 = DIRECTION('',(0.,0.,1.));
#5459 = ORIENTED_EDGE('',*,*,#5460,.T.);
#5460 = EDGE_CURVE('',#5453,#5461,#5463,.T.);
#5461 = VERTEX_POINT('',#5462);
#5462 = CARTESIAN_POINT('',(-2.724938966801,-2.11,0.2));
#5463 = LINE('',#5464,#5465);
#5464 = CARTESIAN_POINT('',(-3.,-2.11,0.2));
#5465 = VECTOR('',#5466,1.);
#5466 = DIRECTION('',(1.,-1.144237745222E-17,0.));
#5467 = ORIENTED_EDGE('',*,*,#5468,.T.);
#5468 = EDGE_CURVE('',#5461,#5469,#5471,.T.);
#5469 = VERTEX_POINT('',#5470);
#5470 = CARTESIAN_POINT('',(-2.6264581915,-2.11,0.282635182233));
#5471 = CIRCLE('',#5472,0.1);
#5472 = AXIS2_PLACEMENT_3D('',#5473,#5474,#5475);
#5473 = CARTESIAN_POINT('',(-2.724938966801,-2.11,0.3));
#5474 = DIRECTION('',(-1.144237745222E-17,-1.,-0.));
#5475 = DIRECTION('',(0.,0.,-1.));
#5476 = ORIENTED_EDGE('',*,*,#5477,.T.);
#5477 = EDGE_CURVE('',#5469,#5478,#5480,.T.);
#5478 = VERTEX_POINT('',#5479);
#5479 = CARTESIAN_POINT('',(-2.545442325904,-2.11,0.7770944533));
#5480 = LINE('',#5481,#5482);
#5481 = CARTESIAN_POINT('',(-2.6264581915,-2.11,0.282635182233));
#5482 = VECTOR('',#5483,1.);
#5483 = DIRECTION('',(0.161691392282,-1.85013394127E-18,0.986841372087)
  );
#5484 = ORIENTED_EDGE('',*,*,#5485,.T.);
#5485 = EDGE_CURVE('',#5478,#5486,#5488,.T.);
#5486 = VERTEX_POINT('',#5487);
#5487 = CARTESIAN_POINT('',(-2.25,-2.11,1.025));
#5488 = CIRCLE('',#5489,0.3);
#5489 = AXIS2_PLACEMENT_3D('',#5490,#5491,#5492);
#5490 = CARTESIAN_POINT('',(-2.25,-2.11,0.725));
#5491 = DIRECTION('',(1.144237745222E-17,1.,7.703719777549E-34));
#5492 = DIRECTION('',(-0.984807753012,1.126854202784E-17,0.173648177667)
  );
#5493 = ORIENTED_EDGE('',*,*,#5494,.T.);
#5494 = EDGE_CURVE('',#5486,#4460,#5495,.T.);
#5495 = LINE('',#5496,#5497);
#5496 = CARTESIAN_POINT('',(-2.25,-2.11,1.025));
#5497 = VECTOR('',#5498,1.);
#5498 = DIRECTION('',(1.,-1.144237745222E-17,0.));
#5499 = PLANE('',#5500);
#5500 = AXIS2_PLACEMENT_3D('',#5501,#5502,#5503);
#5501 = CARTESIAN_POINT('',(-2.42560961319,-2.11,0.548953137803));
#5502 = DIRECTION('',(1.144237745222E-17,1.,0.));
#5503 = DIRECTION('',(0.,-0.,1.));
#5504 = ADVANCED_FACE('',(#5505),#5524,.F.);
#5505 = FACE_BOUND('',#5506,.F.);
#5506 = EDGE_LOOP('',(#5507,#5508,#5517,#5523));
#5507 = ORIENTED_EDGE('',*,*,#4498,.T.);
#5508 = ORIENTED_EDGE('',*,*,#5509,.T.);
#5509 = EDGE_CURVE('',#4491,#5510,#5512,.T.);
#5510 = VERTEX_POINT('',#5511);
#5511 = CARTESIAN_POINT('',(-2.348480775301,-1.7,0.742364817767));
#5512 = CIRCLE('',#5513,0.1);
#5513 = AXIS2_PLACEMENT_3D('',#5514,#5515,#5516);
#5514 = CARTESIAN_POINT('',(-2.25,-1.7,0.725));
#5515 = DIRECTION('',(-1.144237745222E-17,-1.,3.284293275761E-47));
#5516 = DIRECTION('',(-4.440892098501E-15,5.081436361563E-32,1.));
#5517 = ORIENTED_EDGE('',*,*,#5518,.F.);
#5518 = EDGE_CURVE('',#5419,#5510,#5519,.T.);
#5519 = LINE('',#5520,#5521);
#5520 = CARTESIAN_POINT('',(-2.348480775301,-2.11,0.742364817767));
#5521 = VECTOR('',#5522,1.);
#5522 = DIRECTION('',(1.144237745222E-17,1.,0.));
#5523 = ORIENTED_EDGE('',*,*,#5418,.F.);
#5524 = CYLINDRICAL_SURFACE('',#5525,0.1);
#5525 = AXIS2_PLACEMENT_3D('',#5526,#5527,#5528);
#5526 = CARTESIAN_POINT('',(-2.25,-2.11,0.725));
#5527 = DIRECTION('',(-1.144237745222E-17,-1.,0.));
#5528 = DIRECTION('',(-4.440892098501E-15,5.081436361563E-32,1.));
#5529 = ADVANCED_FACE('',(#5530),#5608,.T.);
#5530 = FACE_BOUND('',#5531,.T.);
#5531 = EDGE_LOOP('',(#5532,#5533,#5534,#5535,#5543,#5552,#5560,#5568,
    #5576,#5585,#5593,#5602));
#5532 = ORIENTED_EDGE('',*,*,#4512,.F.);
#5533 = ORIENTED_EDGE('',*,*,#4490,.T.);
#5534 = ORIENTED_EDGE('',*,*,#5509,.T.);
#5535 = ORIENTED_EDGE('',*,*,#5536,.T.);
#5536 = EDGE_CURVE('',#5510,#5537,#5539,.T.);
#5537 = VERTEX_POINT('',#5538);
#5538 = CARTESIAN_POINT('',(-2.429496640897,-1.7,0.2479055467));
#5539 = LINE('',#5540,#5541);
#5540 = CARTESIAN_POINT('',(-2.348480775301,-1.7,0.742364817767));
#5541 = VECTOR('',#5542,1.);
#5542 = DIRECTION('',(-0.161691392282,1.85013394127E-18,-0.986841372087)
  );
#5543 = ORIENTED_EDGE('',*,*,#5544,.T.);
#5544 = EDGE_CURVE('',#5537,#5545,#5547,.T.);
#5545 = VERTEX_POINT('',#5546);
#5546 = CARTESIAN_POINT('',(-2.724938966801,-1.7,-1.665334536938E-16));
#5547 = CIRCLE('',#5548,0.3);
#5548 = AXIS2_PLACEMENT_3D('',#5549,#5550,#5551);
#5549 = CARTESIAN_POINT('',(-2.724938966801,-1.7,0.3));
#5550 = DIRECTION('',(1.144237745222E-17,1.,7.703719777549E-34));
#5551 = DIRECTION('',(0.984807753012,-1.126854202784E-17,-0.173648177667
    ));
#5552 = ORIENTED_EDGE('',*,*,#5553,.T.);
#5553 = EDGE_CURVE('',#5545,#5554,#5556,.T.);
#5554 = VERTEX_POINT('',#5555);
#5555 = CARTESIAN_POINT('',(-3.,-1.7,-1.665334536938E-16));
#5556 = LINE('',#5557,#5558);
#5557 = CARTESIAN_POINT('',(-2.724938966801,-1.7,-1.665334536938E-16));
#5558 = VECTOR('',#5559,1.);
#5559 = DIRECTION('',(-1.,1.144237745222E-17,0.));
#5560 = ORIENTED_EDGE('',*,*,#5561,.T.);
#5561 = EDGE_CURVE('',#5554,#5562,#5564,.T.);
#5562 = VERTEX_POINT('',#5563);
#5563 = CARTESIAN_POINT('',(-3.,-1.7,0.2));
#5564 = LINE('',#5565,#5566);
#5565 = CARTESIAN_POINT('',(-3.,-1.7,-1.665334536938E-16));
#5566 = VECTOR('',#5567,1.);
#5567 = DIRECTION('',(0.,0.,1.));
#5568 = ORIENTED_EDGE('',*,*,#5569,.T.);
#5569 = EDGE_CURVE('',#5562,#5570,#5572,.T.);
#5570 = VERTEX_POINT('',#5571);
#5571 = CARTESIAN_POINT('',(-2.724938966801,-1.7,0.2));
#5572 = LINE('',#5573,#5574);
#5573 = CARTESIAN_POINT('',(-3.,-1.7,0.2));
#5574 = VECTOR('',#5575,1.);
#5575 = DIRECTION('',(1.,-1.144237745222E-17,0.));
#5576 = ORIENTED_EDGE('',*,*,#5577,.T.);
#5577 = EDGE_CURVE('',#5570,#5578,#5580,.T.);
#5578 = VERTEX_POINT('',#5579);
#5579 = CARTESIAN_POINT('',(-2.6264581915,-1.7,0.282635182233));
#5580 = CIRCLE('',#5581,0.1);
#5581 = AXIS2_PLACEMENT_3D('',#5582,#5583,#5584);
#5582 = CARTESIAN_POINT('',(-2.724938966801,-1.7,0.3));
#5583 = DIRECTION('',(-1.144237745222E-17,-1.,-0.));
#5584 = DIRECTION('',(0.,0.,-1.));
#5585 = ORIENTED_EDGE('',*,*,#5586,.T.);
#5586 = EDGE_CURVE('',#5578,#5587,#5589,.T.);
#5587 = VERTEX_POINT('',#5588);
#5588 = CARTESIAN_POINT('',(-2.545442325904,-1.7,0.7770944533));
#5589 = LINE('',#5590,#5591);
#5590 = CARTESIAN_POINT('',(-2.6264581915,-1.7,0.282635182233));
#5591 = VECTOR('',#5592,1.);
#5592 = DIRECTION('',(0.161691392282,-1.85013394127E-18,0.986841372087)
  );
#5593 = ORIENTED_EDGE('',*,*,#5594,.T.);
#5594 = EDGE_CURVE('',#5587,#5595,#5597,.T.);
#5595 = VERTEX_POINT('',#5596);
#5596 = CARTESIAN_POINT('',(-2.25,-1.7,1.025));
#5597 = CIRCLE('',#5598,0.3);
#5598 = AXIS2_PLACEMENT_3D('',#5599,#5600,#5601);
#5599 = CARTESIAN_POINT('',(-2.25,-1.7,0.725));
#5600 = DIRECTION('',(1.144237745222E-17,1.,7.703719777549E-34));
#5601 = DIRECTION('',(-0.984807753012,1.126854202784E-17,0.173648177667)
  );
#5602 = ORIENTED_EDGE('',*,*,#5603,.T.);
#5603 = EDGE_CURVE('',#5595,#4513,#5604,.T.);
#5604 = LINE('',#5605,#5606);
#5605 = CARTESIAN_POINT('',(-2.25,-1.7,1.025));
#5606 = VECTOR('',#5607,1.);
#5607 = DIRECTION('',(1.,-1.144237745222E-17,0.));
#5608 = PLANE('',#5609);
#5609 = AXIS2_PLACEMENT_3D('',#5610,#5611,#5612);
#5610 = CARTESIAN_POINT('',(-2.42560961319,-1.7,0.548953137803));
#5611 = DIRECTION('',(1.144237745222E-17,1.,0.));
#5612 = DIRECTION('',(0.,-0.,1.));
#5613 = ADVANCED_FACE('',(#5614),#5630,.F.);
#5614 = FACE_BOUND('',#5615,.F.);
#5615 = EDGE_LOOP('',(#5616,#5617,#5623,#5624));
#5616 = ORIENTED_EDGE('',*,*,#4529,.T.);
#5617 = ORIENTED_EDGE('',*,*,#5618,.T.);
#5618 = EDGE_CURVE('',#4522,#5106,#5619,.T.);
#5619 = LINE('',#5620,#5621);
#5620 = CARTESIAN_POINT('',(-2.25,-0.84,1.025));
#5621 = VECTOR('',#5622,1.);
#5622 = DIRECTION('',(1.,-1.144237745222E-17,0.));
#5623 = ORIENTED_EDGE('',*,*,#5105,.F.);
#5624 = ORIENTED_EDGE('',*,*,#5625,.F.);
#5625 = EDGE_CURVE('',#4513,#5098,#5626,.T.);
#5626 = LINE('',#5627,#5628);
#5627 = CARTESIAN_POINT('',(-2.25,-1.7,1.025));
#5628 = VECTOR('',#5629,1.);
#5629 = DIRECTION('',(1.,-1.144237745222E-17,0.));
#5630 = PLANE('',#5631);
#5631 = AXIS2_PLACEMENT_3D('',#5632,#5633,#5634);
#5632 = CARTESIAN_POINT('',(-3.027078129022E-16,2.4125,1.025));
#5633 = DIRECTION('',(2.007919022429E-31,-7.713306628828E-27,-1.));
#5634 = DIRECTION('',(1.,1.112083013911E-16,2.00791902242E-31));
#5635 = ADVANCED_FACE('',(#5636),#5722,.F.);
#5636 = FACE_BOUND('',#5637,.F.);
#5637 = EDGE_LOOP('',(#5638,#5639,#5640,#5649,#5657,#5666,#5674,#5682,
    #5690,#5699,#5707,#5716));
#5638 = ORIENTED_EDGE('',*,*,#4521,.F.);
#5639 = ORIENTED_EDGE('',*,*,#4543,.T.);
#5640 = ORIENTED_EDGE('',*,*,#5641,.T.);
#5641 = EDGE_CURVE('',#4544,#5642,#5644,.T.);
#5642 = VERTEX_POINT('',#5643);
#5643 = CARTESIAN_POINT('',(-2.348480775301,-0.84,0.742364817767));
#5644 = CIRCLE('',#5645,0.1);
#5645 = AXIS2_PLACEMENT_3D('',#5646,#5647,#5648);
#5646 = CARTESIAN_POINT('',(-2.25,-0.84,0.725));
#5647 = DIRECTION('',(-1.144237745222E-17,-1.,3.284293275761E-47));
#5648 = DIRECTION('',(-4.440892098501E-15,5.081436361563E-32,1.));
#5649 = ORIENTED_EDGE('',*,*,#5650,.T.);
#5650 = EDGE_CURVE('',#5642,#5651,#5653,.T.);
#5651 = VERTEX_POINT('',#5652);
#5652 = CARTESIAN_POINT('',(-2.429496640897,-0.84,0.2479055467));
#5653 = LINE('',#5654,#5655);
#5654 = CARTESIAN_POINT('',(-2.348480775301,-0.84,0.742364817767));
#5655 = VECTOR('',#5656,1.);
#5656 = DIRECTION('',(-0.161691392282,1.85013394127E-18,-0.986841372087)
  );
#5657 = ORIENTED_EDGE('',*,*,#5658,.T.);
#5658 = EDGE_CURVE('',#5651,#5659,#5661,.T.);
#5659 = VERTEX_POINT('',#5660);
#5660 = CARTESIAN_POINT('',(-2.724938966801,-0.84,-1.665334536938E-16));
#5661 = CIRCLE('',#5662,0.3);
#5662 = AXIS2_PLACEMENT_3D('',#5663,#5664,#5665);
#5663 = CARTESIAN_POINT('',(-2.724938966801,-0.84,0.3));
#5664 = DIRECTION('',(1.144237745222E-17,1.,7.703719777549E-34));
#5665 = DIRECTION('',(0.984807753012,-1.126854202784E-17,-0.173648177667
    ));
#5666 = ORIENTED_EDGE('',*,*,#5667,.T.);
#5667 = EDGE_CURVE('',#5659,#5668,#5670,.T.);
#5668 = VERTEX_POINT('',#5669);
#5669 = CARTESIAN_POINT('',(-3.,-0.84,-1.665334536938E-16));
#5670 = LINE('',#5671,#5672);
#5671 = CARTESIAN_POINT('',(-2.724938966801,-0.84,-1.665334536938E-16));
#5672 = VECTOR('',#5673,1.);
#5673 = DIRECTION('',(-1.,1.144237745222E-17,0.));
#5674 = ORIENTED_EDGE('',*,*,#5675,.T.);
#5675 = EDGE_CURVE('',#5668,#5676,#5678,.T.);
#5676 = VERTEX_POINT('',#5677);
#5677 = CARTESIAN_POINT('',(-3.,-0.84,0.2));
#5678 = LINE('',#5679,#5680);
#5679 = CARTESIAN_POINT('',(-3.,-0.84,-1.665334536938E-16));
#5680 = VECTOR('',#5681,1.);
#5681 = DIRECTION('',(0.,0.,1.));
#5682 = ORIENTED_EDGE('',*,*,#5683,.T.);
#5683 = EDGE_CURVE('',#5676,#5684,#5686,.T.);
#5684 = VERTEX_POINT('',#5685);
#5685 = CARTESIAN_POINT('',(-2.724938966801,-0.84,0.2));
#5686 = LINE('',#5687,#5688);
#5687 = CARTESIAN_POINT('',(-3.,-0.84,0.2));
#5688 = VECTOR('',#5689,1.);
#5689 = DIRECTION('',(1.,-1.144237745222E-17,0.));
#5690 = ORIENTED_EDGE('',*,*,#5691,.T.);
#5691 = EDGE_CURVE('',#5684,#5692,#5694,.T.);
#5692 = VERTEX_POINT('',#5693);
#5693 = CARTESIAN_POINT('',(-2.6264581915,-0.84,0.282635182233));
#5694 = CIRCLE('',#5695,0.1);
#5695 = AXIS2_PLACEMENT_3D('',#5696,#5697,#5698);
#5696 = CARTESIAN_POINT('',(-2.724938966801,-0.84,0.3));
#5697 = DIRECTION('',(-1.144237745222E-17,-1.,-0.));
#5698 = DIRECTION('',(0.,0.,-1.));
#5699 = ORIENTED_EDGE('',*,*,#5700,.T.);
#5700 = EDGE_CURVE('',#5692,#5701,#5703,.T.);
#5701 = VERTEX_POINT('',#5702);
#5702 = CARTESIAN_POINT('',(-2.545442325904,-0.84,0.7770944533));
#5703 = LINE('',#5704,#5705);
#5704 = CARTESIAN_POINT('',(-2.6264581915,-0.84,0.282635182233));
#5705 = VECTOR('',#5706,1.);
#5706 = DIRECTION('',(0.161691392282,-1.85013394127E-18,0.986841372087)
  );
#5707 = ORIENTED_EDGE('',*,*,#5708,.T.);
#5708 = EDGE_CURVE('',#5701,#5709,#5711,.T.);
#5709 = VERTEX_POINT('',#5710);
#5710 = CARTESIAN_POINT('',(-2.25,-0.84,1.025));
#5711 = CIRCLE('',#5712,0.3);
#5712 = AXIS2_PLACEMENT_3D('',#5713,#5714,#5715);
#5713 = CARTESIAN_POINT('',(-2.25,-0.84,0.725));
#5714 = DIRECTION('',(1.144237745222E-17,1.,7.703719777549E-34));
#5715 = DIRECTION('',(-0.984807753012,1.126854202784E-17,0.173648177667)
  );
#5716 = ORIENTED_EDGE('',*,*,#5717,.T.);
#5717 = EDGE_CURVE('',#5709,#4522,#5718,.T.);
#5718 = LINE('',#5719,#5720);
#5719 = CARTESIAN_POINT('',(-2.25,-0.84,1.025));
#5720 = VECTOR('',#5721,1.);
#5721 = DIRECTION('',(1.,-1.144237745222E-17,0.));
#5722 = PLANE('',#5723);
#5723 = AXIS2_PLACEMENT_3D('',#5724,#5725,#5726);
#5724 = CARTESIAN_POINT('',(-2.42560961319,-0.84,0.548953137803));
#5725 = DIRECTION('',(1.144237745222E-17,1.,0.));
#5726 = DIRECTION('',(0.,-0.,1.));
#5727 = ADVANCED_FACE('',(#5728),#5747,.F.);
#5728 = FACE_BOUND('',#5729,.F.);
#5729 = EDGE_LOOP('',(#5730,#5731,#5740,#5746));
#5730 = ORIENTED_EDGE('',*,*,#4560,.T.);
#5731 = ORIENTED_EDGE('',*,*,#5732,.T.);
#5732 = EDGE_CURVE('',#4553,#5733,#5735,.T.);
#5733 = VERTEX_POINT('',#5734);
#5734 = CARTESIAN_POINT('',(-2.348480775301,-0.43,0.742364817767));
#5735 = CIRCLE('',#5736,0.1);
#5736 = AXIS2_PLACEMENT_3D('',#5737,#5738,#5739);
#5737 = CARTESIAN_POINT('',(-2.25,-0.43,0.725));
#5738 = DIRECTION('',(-1.144237745222E-17,-1.,3.284293275761E-47));
#5739 = DIRECTION('',(-4.440892098501E-15,5.081436361563E-32,1.));
#5740 = ORIENTED_EDGE('',*,*,#5741,.F.);
#5741 = EDGE_CURVE('',#5642,#5733,#5742,.T.);
#5742 = LINE('',#5743,#5744);
#5743 = CARTESIAN_POINT('',(-2.348480775301,-0.84,0.742364817767));
#5744 = VECTOR('',#5745,1.);
#5745 = DIRECTION('',(1.144237745222E-17,1.,0.));
#5746 = ORIENTED_EDGE('',*,*,#5641,.F.);
#5747 = CYLINDRICAL_SURFACE('',#5748,0.1);
#5748 = AXIS2_PLACEMENT_3D('',#5749,#5750,#5751);
#5749 = CARTESIAN_POINT('',(-2.25,-0.84,0.725));
#5750 = DIRECTION('',(-1.144237745222E-17,-1.,0.));
#5751 = DIRECTION('',(-4.440892098501E-15,5.081436361563E-32,1.));
#5752 = ADVANCED_FACE('',(#5753),#5831,.T.);
#5753 = FACE_BOUND('',#5754,.T.);
#5754 = EDGE_LOOP('',(#5755,#5756,#5757,#5758,#5766,#5775,#5783,#5791,
    #5799,#5808,#5816,#5825));
#5755 = ORIENTED_EDGE('',*,*,#4574,.F.);
#5756 = ORIENTED_EDGE('',*,*,#4552,.T.);
#5757 = ORIENTED_EDGE('',*,*,#5732,.T.);
#5758 = ORIENTED_EDGE('',*,*,#5759,.T.);
#5759 = EDGE_CURVE('',#5733,#5760,#5762,.T.);
#5760 = VERTEX_POINT('',#5761);
#5761 = CARTESIAN_POINT('',(-2.429496640897,-0.43,0.2479055467));
#5762 = LINE('',#5763,#5764);
#5763 = CARTESIAN_POINT('',(-2.348480775301,-0.43,0.742364817767));
#5764 = VECTOR('',#5765,1.);
#5765 = DIRECTION('',(-0.161691392282,1.85013394127E-18,-0.986841372087)
  );
#5766 = ORIENTED_EDGE('',*,*,#5767,.T.);
#5767 = EDGE_CURVE('',#5760,#5768,#5770,.T.);
#5768 = VERTEX_POINT('',#5769);
#5769 = CARTESIAN_POINT('',(-2.724938966801,-0.43,-1.665334536938E-16));
#5770 = CIRCLE('',#5771,0.3);
#5771 = AXIS2_PLACEMENT_3D('',#5772,#5773,#5774);
#5772 = CARTESIAN_POINT('',(-2.724938966801,-0.43,0.3));
#5773 = DIRECTION('',(1.144237745222E-17,1.,7.703719777549E-34));
#5774 = DIRECTION('',(0.984807753012,-1.126854202784E-17,-0.173648177667
    ));
#5775 = ORIENTED_EDGE('',*,*,#5776,.T.);
#5776 = EDGE_CURVE('',#5768,#5777,#5779,.T.);
#5777 = VERTEX_POINT('',#5778);
#5778 = CARTESIAN_POINT('',(-3.,-0.43,-1.665334536938E-16));
#5779 = LINE('',#5780,#5781);
#5780 = CARTESIAN_POINT('',(-2.724938966801,-0.43,-1.665334536938E-16));
#5781 = VECTOR('',#5782,1.);
#5782 = DIRECTION('',(-1.,1.144237745222E-17,0.));
#5783 = ORIENTED_EDGE('',*,*,#5784,.T.);
#5784 = EDGE_CURVE('',#5777,#5785,#5787,.T.);
#5785 = VERTEX_POINT('',#5786);
#5786 = CARTESIAN_POINT('',(-3.,-0.43,0.2));
#5787 = LINE('',#5788,#5789);
#5788 = CARTESIAN_POINT('',(-3.,-0.43,-1.665334536938E-16));
#5789 = VECTOR('',#5790,1.);
#5790 = DIRECTION('',(0.,0.,1.));
#5791 = ORIENTED_EDGE('',*,*,#5792,.T.);
#5792 = EDGE_CURVE('',#5785,#5793,#5795,.T.);
#5793 = VERTEX_POINT('',#5794);
#5794 = CARTESIAN_POINT('',(-2.724938966801,-0.43,0.2));
#5795 = LINE('',#5796,#5797);
#5796 = CARTESIAN_POINT('',(-3.,-0.43,0.2));
#5797 = VECTOR('',#5798,1.);
#5798 = DIRECTION('',(1.,-1.144237745222E-17,0.));
#5799 = ORIENTED_EDGE('',*,*,#5800,.T.);
#5800 = EDGE_CURVE('',#5793,#5801,#5803,.T.);
#5801 = VERTEX_POINT('',#5802);
#5802 = CARTESIAN_POINT('',(-2.6264581915,-0.43,0.282635182233));
#5803 = CIRCLE('',#5804,0.1);
#5804 = AXIS2_PLACEMENT_3D('',#5805,#5806,#5807);
#5805 = CARTESIAN_POINT('',(-2.724938966801,-0.43,0.3));
#5806 = DIRECTION('',(-1.144237745222E-17,-1.,-0.));
#5807 = DIRECTION('',(0.,0.,-1.));
#5808 = ORIENTED_EDGE('',*,*,#5809,.T.);
#5809 = EDGE_CURVE('',#5801,#5810,#5812,.T.);
#5810 = VERTEX_POINT('',#5811);
#5811 = CARTESIAN_POINT('',(-2.545442325904,-0.43,0.7770944533));
#5812 = LINE('',#5813,#5814);
#5813 = CARTESIAN_POINT('',(-2.6264581915,-0.43,0.282635182233));
#5814 = VECTOR('',#5815,1.);
#5815 = DIRECTION('',(0.161691392282,-1.85013394127E-18,0.986841372087)
  );
#5816 = ORIENTED_EDGE('',*,*,#5817,.T.);
#5817 = EDGE_CURVE('',#5810,#5818,#5820,.T.);
#5818 = VERTEX_POINT('',#5819);
#5819 = CARTESIAN_POINT('',(-2.25,-0.43,1.025));
#5820 = CIRCLE('',#5821,0.3);
#5821 = AXIS2_PLACEMENT_3D('',#5822,#5823,#5824);
#5822 = CARTESIAN_POINT('',(-2.25,-0.43,0.725));
#5823 = DIRECTION('',(1.144237745222E-17,1.,7.703719777549E-34));
#5824 = DIRECTION('',(-0.984807753012,1.126854202784E-17,0.173648177667)
  );
#5825 = ORIENTED_EDGE('',*,*,#5826,.T.);
#5826 = EDGE_CURVE('',#5818,#4575,#5827,.T.);
#5827 = LINE('',#5828,#5829);
#5828 = CARTESIAN_POINT('',(-2.25,-0.43,1.025));
#5829 = VECTOR('',#5830,1.);
#5830 = DIRECTION('',(1.,-1.144237745222E-17,0.));
#5831 = PLANE('',#5832);
#5832 = AXIS2_PLACEMENT_3D('',#5833,#5834,#5835);
#5833 = CARTESIAN_POINT('',(-2.42560961319,-0.43,0.548953137803));
#5834 = DIRECTION('',(1.144237745222E-17,1.,0.));
#5835 = DIRECTION('',(0.,-0.,1.));
#5836 = ADVANCED_FACE('',(#5837),#5853,.F.);
#5837 = FACE_BOUND('',#5838,.F.);
#5838 = EDGE_LOOP('',(#5839,#5840,#5846,#5847));
#5839 = ORIENTED_EDGE('',*,*,#4591,.T.);
#5840 = ORIENTED_EDGE('',*,*,#5841,.T.);
#5841 = EDGE_CURVE('',#4584,#5122,#5842,.T.);
#5842 = LINE('',#5843,#5844);
#5843 = CARTESIAN_POINT('',(-2.25,0.43,1.025));
#5844 = VECTOR('',#5845,1.);
#5845 = DIRECTION('',(1.,-1.144237745222E-17,0.));
#5846 = ORIENTED_EDGE('',*,*,#5121,.F.);
#5847 = ORIENTED_EDGE('',*,*,#5848,.F.);
#5848 = EDGE_CURVE('',#4575,#5114,#5849,.T.);
#5849 = LINE('',#5850,#5851);
#5850 = CARTESIAN_POINT('',(-2.25,-0.43,1.025));
#5851 = VECTOR('',#5852,1.);
#5852 = DIRECTION('',(1.,-1.144237745222E-17,0.));
#5853 = PLANE('',#5854);
#5854 = AXIS2_PLACEMENT_3D('',#5855,#5856,#5857);
#5855 = CARTESIAN_POINT('',(-3.027078129022E-16,2.4125,1.025));
#5856 = DIRECTION('',(2.007919022429E-31,-7.713306628828E-27,-1.));
#5857 = DIRECTION('',(1.,1.112083013911E-16,2.00791902242E-31));
#5858 = ADVANCED_FACE('',(#5859),#5945,.F.);
#5859 = FACE_BOUND('',#5860,.F.);
#5860 = EDGE_LOOP('',(#5861,#5862,#5863,#5872,#5880,#5889,#5897,#5905,
    #5913,#5922,#5930,#5939));
#5861 = ORIENTED_EDGE('',*,*,#4583,.F.);
#5862 = ORIENTED_EDGE('',*,*,#4605,.T.);
#5863 = ORIENTED_EDGE('',*,*,#5864,.T.);
#5864 = EDGE_CURVE('',#4606,#5865,#5867,.T.);
#5865 = VERTEX_POINT('',#5866);
#5866 = CARTESIAN_POINT('',(-2.348480775301,0.43,0.742364817767));
#5867 = CIRCLE('',#5868,0.1);
#5868 = AXIS2_PLACEMENT_3D('',#5869,#5870,#5871);
#5869 = CARTESIAN_POINT('',(-2.25,0.43,0.725));
#5870 = DIRECTION('',(-1.144237745222E-17,-1.,3.284293275761E-47));
#5871 = DIRECTION('',(-4.440892098501E-15,5.081436361563E-32,1.));
#5872 = ORIENTED_EDGE('',*,*,#5873,.T.);
#5873 = EDGE_CURVE('',#5865,#5874,#5876,.T.);
#5874 = VERTEX_POINT('',#5875);
#5875 = CARTESIAN_POINT('',(-2.429496640897,0.43,0.2479055467));
#5876 = LINE('',#5877,#5878);
#5877 = CARTESIAN_POINT('',(-2.348480775301,0.43,0.742364817767));
#5878 = VECTOR('',#5879,1.);
#5879 = DIRECTION('',(-0.161691392282,1.85013394127E-18,-0.986841372087)
  );
#5880 = ORIENTED_EDGE('',*,*,#5881,.T.);
#5881 = EDGE_CURVE('',#5874,#5882,#5884,.T.);
#5882 = VERTEX_POINT('',#5883);
#5883 = CARTESIAN_POINT('',(-2.724938966801,0.43,-1.665334536938E-16));
#5884 = CIRCLE('',#5885,0.3);
#5885 = AXIS2_PLACEMENT_3D('',#5886,#5887,#5888);
#5886 = CARTESIAN_POINT('',(-2.724938966801,0.43,0.3));
#5887 = DIRECTION('',(1.144237745222E-17,1.,7.703719777549E-34));
#5888 = DIRECTION('',(0.984807753012,-1.126854202784E-17,-0.173648177667
    ));
#5889 = ORIENTED_EDGE('',*,*,#5890,.T.);
#5890 = EDGE_CURVE('',#5882,#5891,#5893,.T.);
#5891 = VERTEX_POINT('',#5892);
#5892 = CARTESIAN_POINT('',(-3.,0.43,-1.665334536938E-16));
#5893 = LINE('',#5894,#5895);
#5894 = CARTESIAN_POINT('',(-2.724938966801,0.43,-1.665334536938E-16));
#5895 = VECTOR('',#5896,1.);
#5896 = DIRECTION('',(-1.,1.144237745222E-17,0.));
#5897 = ORIENTED_EDGE('',*,*,#5898,.T.);
#5898 = EDGE_CURVE('',#5891,#5899,#5901,.T.);
#5899 = VERTEX_POINT('',#5900);
#5900 = CARTESIAN_POINT('',(-3.,0.43,0.2));
#5901 = LINE('',#5902,#5903);
#5902 = CARTESIAN_POINT('',(-3.,0.43,-1.665334536938E-16));
#5903 = VECTOR('',#5904,1.);
#5904 = DIRECTION('',(0.,0.,1.));
#5905 = ORIENTED_EDGE('',*,*,#5906,.T.);
#5906 = EDGE_CURVE('',#5899,#5907,#5909,.T.);
#5907 = VERTEX_POINT('',#5908);
#5908 = CARTESIAN_POINT('',(-2.724938966801,0.43,0.2));
#5909 = LINE('',#5910,#5911);
#5910 = CARTESIAN_POINT('',(-3.,0.43,0.2));
#5911 = VECTOR('',#5912,1.);
#5912 = DIRECTION('',(1.,-1.144237745222E-17,0.));
#5913 = ORIENTED_EDGE('',*,*,#5914,.T.);
#5914 = EDGE_CURVE('',#5907,#5915,#5917,.T.);
#5915 = VERTEX_POINT('',#5916);
#5916 = CARTESIAN_POINT('',(-2.6264581915,0.43,0.282635182233));
#5917 = CIRCLE('',#5918,0.1);
#5918 = AXIS2_PLACEMENT_3D('',#5919,#5920,#5921);
#5919 = CARTESIAN_POINT('',(-2.724938966801,0.43,0.3));
#5920 = DIRECTION('',(-1.144237745222E-17,-1.,-0.));
#5921 = DIRECTION('',(0.,0.,-1.));
#5922 = ORIENTED_EDGE('',*,*,#5923,.T.);
#5923 = EDGE_CURVE('',#5915,#5924,#5926,.T.);
#5924 = VERTEX_POINT('',#5925);
#5925 = CARTESIAN_POINT('',(-2.545442325904,0.43,0.7770944533));
#5926 = LINE('',#5927,#5928);
#5927 = CARTESIAN_POINT('',(-2.6264581915,0.43,0.282635182233));
#5928 = VECTOR('',#5929,1.);
#5929 = DIRECTION('',(0.161691392282,-1.85013394127E-18,0.986841372087)
  );
#5930 = ORIENTED_EDGE('',*,*,#5931,.T.);
#5931 = EDGE_CURVE('',#5924,#5932,#5934,.T.);
#5932 = VERTEX_POINT('',#5933);
#5933 = CARTESIAN_POINT('',(-2.25,0.43,1.025));
#5934 = CIRCLE('',#5935,0.3);
#5935 = AXIS2_PLACEMENT_3D('',#5936,#5937,#5938);
#5936 = CARTESIAN_POINT('',(-2.25,0.43,0.725));
#5937 = DIRECTION('',(1.144237745222E-17,1.,7.703719777549E-34));
#5938 = DIRECTION('',(-0.984807753012,1.126854202784E-17,0.173648177667)
  );
#5939 = ORIENTED_EDGE('',*,*,#5940,.T.);
#5940 = EDGE_CURVE('',#5932,#4584,#5941,.T.);
#5941 = LINE('',#5942,#5943);
#5942 = CARTESIAN_POINT('',(-2.25,0.43,1.025));
#5943 = VECTOR('',#5944,1.);
#5944 = DIRECTION('',(1.,-1.144237745222E-17,0.));
#5945 = PLANE('',#5946);
#5946 = AXIS2_PLACEMENT_3D('',#5947,#5948,#5949);
#5947 = CARTESIAN_POINT('',(-2.42560961319,0.43,0.548953137803));
#5948 = DIRECTION('',(1.144237745222E-17,1.,0.));
#5949 = DIRECTION('',(0.,-0.,1.));
#5950 = ADVANCED_FACE('',(#5951),#5970,.F.);
#5951 = FACE_BOUND('',#5952,.F.);
#5952 = EDGE_LOOP('',(#5953,#5954,#5963,#5969));
#5953 = ORIENTED_EDGE('',*,*,#4622,.T.);
#5954 = ORIENTED_EDGE('',*,*,#5955,.T.);
#5955 = EDGE_CURVE('',#4615,#5956,#5958,.T.);
#5956 = VERTEX_POINT('',#5957);
#5957 = CARTESIAN_POINT('',(-2.348480775301,0.84,0.742364817767));
#5958 = CIRCLE('',#5959,0.1);
#5959 = AXIS2_PLACEMENT_3D('',#5960,#5961,#5962);
#5960 = CARTESIAN_POINT('',(-2.25,0.84,0.725));
#5961 = DIRECTION('',(-1.144237745222E-17,-1.,3.284293275761E-47));
#5962 = DIRECTION('',(-4.440892098501E-15,5.081436361563E-32,1.));
#5963 = ORIENTED_EDGE('',*,*,#5964,.F.);
#5964 = EDGE_CURVE('',#5865,#5956,#5965,.T.);
#5965 = LINE('',#5966,#5967);
#5966 = CARTESIAN_POINT('',(-2.348480775301,0.43,0.742364817767));
#5967 = VECTOR('',#5968,1.);
#5968 = DIRECTION('',(1.144237745222E-17,1.,0.));
#5969 = ORIENTED_EDGE('',*,*,#5864,.F.);
#5970 = CYLINDRICAL_SURFACE('',#5971,0.1);
#5971 = AXIS2_PLACEMENT_3D('',#5972,#5973,#5974);
#5972 = CARTESIAN_POINT('',(-2.25,0.43,0.725));
#5973 = DIRECTION('',(-1.144237745222E-17,-1.,0.));
#5974 = DIRECTION('',(-4.440892098501E-15,5.081436361563E-32,1.));
#5975 = ADVANCED_FACE('',(#5976),#6054,.T.);
#5976 = FACE_BOUND('',#5977,.T.);
#5977 = EDGE_LOOP('',(#5978,#5979,#5980,#5981,#5989,#5998,#6006,#6014,
    #6022,#6031,#6039,#6048));
#5978 = ORIENTED_EDGE('',*,*,#4636,.F.);
#5979 = ORIENTED_EDGE('',*,*,#4614,.T.);
#5980 = ORIENTED_EDGE('',*,*,#5955,.T.);
#5981 = ORIENTED_EDGE('',*,*,#5982,.T.);
#5982 = EDGE_CURVE('',#5956,#5983,#5985,.T.);
#5983 = VERTEX_POINT('',#5984);
#5984 = CARTESIAN_POINT('',(-2.429496640897,0.84,0.2479055467));
#5985 = LINE('',#5986,#5987);
#5986 = CARTESIAN_POINT('',(-2.348480775301,0.84,0.742364817767));
#5987 = VECTOR('',#5988,1.);
#5988 = DIRECTION('',(-0.161691392282,1.85013394127E-18,-0.986841372087)
  );
#5989 = ORIENTED_EDGE('',*,*,#5990,.T.);
#5990 = EDGE_CURVE('',#5983,#5991,#5993,.T.);
#5991 = VERTEX_POINT('',#5992);
#5992 = CARTESIAN_POINT('',(-2.724938966801,0.84,-1.665334536938E-16));
#5993 = CIRCLE('',#5994,0.3);
#5994 = AXIS2_PLACEMENT_3D('',#5995,#5996,#5997);
#5995 = CARTESIAN_POINT('',(-2.724938966801,0.84,0.3));
#5996 = DIRECTION('',(1.144237745222E-17,1.,7.703719777549E-34));
#5997 = DIRECTION('',(0.984807753012,-1.126854202784E-17,-0.173648177667
    ));
#5998 = ORIENTED_EDGE('',*,*,#5999,.T.);
#5999 = EDGE_CURVE('',#5991,#6000,#6002,.T.);
#6000 = VERTEX_POINT('',#6001);
#6001 = CARTESIAN_POINT('',(-3.,0.84,-1.665334536938E-16));
#6002 = LINE('',#6003,#6004);
#6003 = CARTESIAN_POINT('',(-2.724938966801,0.84,-1.665334536938E-16));
#6004 = VECTOR('',#6005,1.);
#6005 = DIRECTION('',(-1.,1.144237745222E-17,0.));
#6006 = ORIENTED_EDGE('',*,*,#6007,.T.);
#6007 = EDGE_CURVE('',#6000,#6008,#6010,.T.);
#6008 = VERTEX_POINT('',#6009);
#6009 = CARTESIAN_POINT('',(-3.,0.84,0.2));
#6010 = LINE('',#6011,#6012);
#6011 = CARTESIAN_POINT('',(-3.,0.84,-1.665334536938E-16));
#6012 = VECTOR('',#6013,1.);
#6013 = DIRECTION('',(0.,0.,1.));
#6014 = ORIENTED_EDGE('',*,*,#6015,.T.);
#6015 = EDGE_CURVE('',#6008,#6016,#6018,.T.);
#6016 = VERTEX_POINT('',#6017);
#6017 = CARTESIAN_POINT('',(-2.724938966801,0.84,0.2));
#6018 = LINE('',#6019,#6020);
#6019 = CARTESIAN_POINT('',(-3.,0.84,0.2));
#6020 = VECTOR('',#6021,1.);
#6021 = DIRECTION('',(1.,-1.144237745222E-17,0.));
#6022 = ORIENTED_EDGE('',*,*,#6023,.T.);
#6023 = EDGE_CURVE('',#6016,#6024,#6026,.T.);
#6024 = VERTEX_POINT('',#6025);
#6025 = CARTESIAN_POINT('',(-2.6264581915,0.84,0.282635182233));
#6026 = CIRCLE('',#6027,0.1);
#6027 = AXIS2_PLACEMENT_3D('',#6028,#6029,#6030);
#6028 = CARTESIAN_POINT('',(-2.724938966801,0.84,0.3));
#6029 = DIRECTION('',(-1.144237745222E-17,-1.,-0.));
#6030 = DIRECTION('',(0.,0.,-1.));
#6031 = ORIENTED_EDGE('',*,*,#6032,.T.);
#6032 = EDGE_CURVE('',#6024,#6033,#6035,.T.);
#6033 = VERTEX_POINT('',#6034);
#6034 = CARTESIAN_POINT('',(-2.545442325904,0.84,0.7770944533));
#6035 = LINE('',#6036,#6037);
#6036 = CARTESIAN_POINT('',(-2.6264581915,0.84,0.282635182233));
#6037 = VECTOR('',#6038,1.);
#6038 = DIRECTION('',(0.161691392282,-1.85013394127E-18,0.986841372087)
  );
#6039 = ORIENTED_EDGE('',*,*,#6040,.T.);
#6040 = EDGE_CURVE('',#6033,#6041,#6043,.T.);
#6041 = VERTEX_POINT('',#6042);
#6042 = CARTESIAN_POINT('',(-2.25,0.84,1.025));
#6043 = CIRCLE('',#6044,0.3);
#6044 = AXIS2_PLACEMENT_3D('',#6045,#6046,#6047);
#6045 = CARTESIAN_POINT('',(-2.25,0.84,0.725));
#6046 = DIRECTION('',(1.144237745222E-17,1.,7.703719777549E-34));
#6047 = DIRECTION('',(-0.984807753012,1.126854202784E-17,0.173648177667)
  );
#6048 = ORIENTED_EDGE('',*,*,#6049,.T.);
#6049 = EDGE_CURVE('',#6041,#4637,#6050,.T.);
#6050 = LINE('',#6051,#6052);
#6051 = CARTESIAN_POINT('',(-2.25,0.84,1.025));
#6052 = VECTOR('',#6053,1.);
#6053 = DIRECTION('',(1.,-1.144237745222E-17,0.));
#6054 = PLANE('',#6055);
#6055 = AXIS2_PLACEMENT_3D('',#6056,#6057,#6058);
#6056 = CARTESIAN_POINT('',(-2.42560961319,0.84,0.548953137803));
#6057 = DIRECTION('',(1.144237745222E-17,1.,0.));
#6058 = DIRECTION('',(0.,-0.,1.));
#6059 = ADVANCED_FACE('',(#6060),#6071,.F.);
#6060 = FACE_BOUND('',#6061,.F.);
#6061 = EDGE_LOOP('',(#6062,#6063,#6064,#6065));
#6062 = ORIENTED_EDGE('',*,*,#4653,.T.);
#6063 = ORIENTED_EDGE('',*,*,#5073,.T.);
#6064 = ORIENTED_EDGE('',*,*,#5137,.F.);
#6065 = ORIENTED_EDGE('',*,*,#6066,.F.);
#6066 = EDGE_CURVE('',#4637,#5130,#6067,.T.);
#6067 = LINE('',#6068,#6069);
#6068 = CARTESIAN_POINT('',(-2.25,0.84,1.025));
#6069 = VECTOR('',#6070,1.);
#6070 = DIRECTION('',(1.,-1.144237745222E-17,0.));
#6071 = PLANE('',#6072);
#6072 = AXIS2_PLACEMENT_3D('',#6073,#6074,#6075);
#6073 = CARTESIAN_POINT('',(-3.027078129022E-16,2.4125,1.025));
#6074 = DIRECTION('',(2.007919022429E-31,-7.713306628828E-27,-1.));
#6075 = DIRECTION('',(1.,1.112083013911E-16,2.00791902242E-31));
#6076 = ADVANCED_FACE('',(#6077),#6156,.F.);
#6077 = FACE_BOUND('',#6078,.F.);
#6078 = EDGE_LOOP('',(#6079,#6080,#6081,#6090,#6098,#6107,#6115,#6123,
    #6131,#6140,#6148,#6155));
#6079 = ORIENTED_EDGE('',*,*,#4645,.F.);
#6080 = ORIENTED_EDGE('',*,*,#4667,.T.);
#6081 = ORIENTED_EDGE('',*,*,#6082,.T.);
#6082 = EDGE_CURVE('',#4668,#6083,#6085,.T.);
#6083 = VERTEX_POINT('',#6084);
#6084 = CARTESIAN_POINT('',(-2.348480775301,1.7,0.742364817767));
#6085 = CIRCLE('',#6086,0.1);
#6086 = AXIS2_PLACEMENT_3D('',#6087,#6088,#6089);
#6087 = CARTESIAN_POINT('',(-2.25,1.7,0.725));
#6088 = DIRECTION('',(-1.144237745222E-17,-1.,3.284293275761E-47));
#6089 = DIRECTION('',(-4.440892098501E-15,5.081436361563E-32,1.));
#6090 = ORIENTED_EDGE('',*,*,#6091,.T.);
#6091 = EDGE_CURVE('',#6083,#6092,#6094,.T.);
#6092 = VERTEX_POINT('',#6093);
#6093 = CARTESIAN_POINT('',(-2.429496640897,1.7,0.2479055467));
#6094 = LINE('',#6095,#6096);
#6095 = CARTESIAN_POINT('',(-2.348480775301,1.7,0.742364817767));
#6096 = VECTOR('',#6097,1.);
#6097 = DIRECTION('',(-0.161691392282,1.85013394127E-18,-0.986841372087)
  );
#6098 = ORIENTED_EDGE('',*,*,#6099,.T.);
#6099 = EDGE_CURVE('',#6092,#6100,#6102,.T.);
#6100 = VERTEX_POINT('',#6101);
#6101 = CARTESIAN_POINT('',(-2.724938966801,1.7,-1.665334536938E-16));
#6102 = CIRCLE('',#6103,0.3);
#6103 = AXIS2_PLACEMENT_3D('',#6104,#6105,#6106);
#6104 = CARTESIAN_POINT('',(-2.724938966801,1.7,0.3));
#6105 = DIRECTION('',(1.144237745222E-17,1.,7.703719777549E-34));
#6106 = DIRECTION('',(0.984807753012,-1.126854202784E-17,-0.173648177667
    ));
#6107 = ORIENTED_EDGE('',*,*,#6108,.T.);
#6108 = EDGE_CURVE('',#6100,#6109,#6111,.T.);
#6109 = VERTEX_POINT('',#6110);
#6110 = CARTESIAN_POINT('',(-3.,1.7,-1.665334536938E-16));
#6111 = LINE('',#6112,#6113);
#6112 = CARTESIAN_POINT('',(-2.724938966801,1.7,-1.665334536938E-16));
#6113 = VECTOR('',#6114,1.);
#6114 = DIRECTION('',(-1.,1.144237745222E-17,0.));
#6115 = ORIENTED_EDGE('',*,*,#6116,.T.);
#6116 = EDGE_CURVE('',#6109,#6117,#6119,.T.);
#6117 = VERTEX_POINT('',#6118);
#6118 = CARTESIAN_POINT('',(-3.,1.7,0.2));
#6119 = LINE('',#6120,#6121);
#6120 = CARTESIAN_POINT('',(-3.,1.7,-1.665334536938E-16));
#6121 = VECTOR('',#6122,1.);
#6122 = DIRECTION('',(0.,0.,1.));
#6123 = ORIENTED_EDGE('',*,*,#6124,.T.);
#6124 = EDGE_CURVE('',#6117,#6125,#6127,.T.);
#6125 = VERTEX_POINT('',#6126);
#6126 = CARTESIAN_POINT('',(-2.724938966801,1.7,0.2));
#6127 = LINE('',#6128,#6129);
#6128 = CARTESIAN_POINT('',(-3.,1.7,0.2));
#6129 = VECTOR('',#6130,1.);
#6130 = DIRECTION('',(1.,-1.144237745222E-17,0.));
#6131 = ORIENTED_EDGE('',*,*,#6132,.T.);
#6132 = EDGE_CURVE('',#6125,#6133,#6135,.T.);
#6133 = VERTEX_POINT('',#6134);
#6134 = CARTESIAN_POINT('',(-2.6264581915,1.7,0.282635182233));
#6135 = CIRCLE('',#6136,0.1);
#6136 = AXIS2_PLACEMENT_3D('',#6137,#6138,#6139);
#6137 = CARTESIAN_POINT('',(-2.724938966801,1.7,0.3));
#6138 = DIRECTION('',(-1.144237745222E-17,-1.,-0.));
#6139 = DIRECTION('',(0.,0.,-1.));
#6140 = ORIENTED_EDGE('',*,*,#6141,.T.);
#6141 = EDGE_CURVE('',#6133,#6142,#6144,.T.);
#6142 = VERTEX_POINT('',#6143);
#6143 = CARTESIAN_POINT('',(-2.545442325904,1.7,0.7770944533));
#6144 = LINE('',#6145,#6146);
#6145 = CARTESIAN_POINT('',(-2.6264581915,1.7,0.282635182233));
#6146 = VECTOR('',#6147,1.);
#6147 = DIRECTION('',(0.161691392282,-1.85013394127E-18,0.986841372087)
  );
#6148 = ORIENTED_EDGE('',*,*,#6149,.T.);
#6149 = EDGE_CURVE('',#6142,#5043,#6150,.T.);
#6150 = CIRCLE('',#6151,0.3);
#6151 = AXIS2_PLACEMENT_3D('',#6152,#6153,#6154);
#6152 = CARTESIAN_POINT('',(-2.25,1.7,0.725));
#6153 = DIRECTION('',(1.144237745222E-17,1.,7.703719777549E-34));
#6154 = DIRECTION('',(-0.984807753012,1.126854202784E-17,0.173648177667)
  );
#6155 = ORIENTED_EDGE('',*,*,#5042,.T.);
#6156 = PLANE('',#6157);
#6157 = AXIS2_PLACEMENT_3D('',#6158,#6159,#6160);
#6158 = CARTESIAN_POINT('',(-2.42560961319,1.7,0.548953137803));
#6159 = DIRECTION('',(1.144237745222E-17,1.,0.));
#6160 = DIRECTION('',(0.,-0.,1.));
#6161 = ADVANCED_FACE('',(#6162),#6181,.F.);
#6162 = FACE_BOUND('',#6163,.F.);
#6163 = EDGE_LOOP('',(#6164,#6165,#6174,#6180));
#6164 = ORIENTED_EDGE('',*,*,#4684,.T.);
#6165 = ORIENTED_EDGE('',*,*,#6166,.T.);
#6166 = EDGE_CURVE('',#4677,#6167,#6169,.T.);
#6167 = VERTEX_POINT('',#6168);
#6168 = CARTESIAN_POINT('',(-2.348480775301,2.11,0.742364817767));
#6169 = CIRCLE('',#6170,0.1);
#6170 = AXIS2_PLACEMENT_3D('',#6171,#6172,#6173);
#6171 = CARTESIAN_POINT('',(-2.25,2.11,0.725));
#6172 = DIRECTION('',(-1.144237745222E-17,-1.,3.284293275761E-47));
#6173 = DIRECTION('',(-4.440892098501E-15,5.081436361563E-32,1.));
#6174 = ORIENTED_EDGE('',*,*,#6175,.F.);
#6175 = EDGE_CURVE('',#6083,#6167,#6176,.T.);
#6176 = LINE('',#6177,#6178);
#6177 = CARTESIAN_POINT('',(-2.348480775301,1.7,0.742364817767));
#6178 = VECTOR('',#6179,1.);
#6179 = DIRECTION('',(1.144237745222E-17,1.,0.));
#6180 = ORIENTED_EDGE('',*,*,#6082,.F.);
#6181 = CYLINDRICAL_SURFACE('',#6182,0.1);
#6182 = AXIS2_PLACEMENT_3D('',#6183,#6184,#6185);
#6183 = CARTESIAN_POINT('',(-2.25,1.7,0.725));
#6184 = DIRECTION('',(-1.144237745222E-17,-1.,0.));
#6185 = DIRECTION('',(-4.440892098501E-15,5.081436361563E-32,1.));
#6186 = ADVANCED_FACE('',(#6187),#6258,.T.);
#6187 = FACE_BOUND('',#6188,.T.);
#6188 = EDGE_LOOP('',(#6189,#6190,#6191,#6192,#6200,#6209,#6217,#6225,
    #6233,#6242,#6250,#6257));
#6189 = ORIENTED_EDGE('',*,*,#4698,.F.);
#6190 = ORIENTED_EDGE('',*,*,#4676,.T.);
#6191 = ORIENTED_EDGE('',*,*,#6166,.T.);
#6192 = ORIENTED_EDGE('',*,*,#6193,.T.);
#6193 = EDGE_CURVE('',#6167,#6194,#6196,.T.);
#6194 = VERTEX_POINT('',#6195);
#6195 = CARTESIAN_POINT('',(-2.429496640897,2.11,0.2479055467));
#6196 = LINE('',#6197,#6198);
#6197 = CARTESIAN_POINT('',(-2.348480775301,2.11,0.742364817767));
#6198 = VECTOR('',#6199,1.);
#6199 = DIRECTION('',(-0.161691392282,1.85013394127E-18,-0.986841372087)
  );
#6200 = ORIENTED_EDGE('',*,*,#6201,.T.);
#6201 = EDGE_CURVE('',#6194,#6202,#6204,.T.);
#6202 = VERTEX_POINT('',#6203);
#6203 = CARTESIAN_POINT('',(-2.724938966801,2.11,-1.665334536938E-16));
#6204 = CIRCLE('',#6205,0.3);
#6205 = AXIS2_PLACEMENT_3D('',#6206,#6207,#6208);
#6206 = CARTESIAN_POINT('',(-2.724938966801,2.11,0.3));
#6207 = DIRECTION('',(1.144237745222E-17,1.,7.703719777549E-34));
#6208 = DIRECTION('',(0.984807753012,-1.126854202784E-17,-0.173648177667
    ));
#6209 = ORIENTED_EDGE('',*,*,#6210,.T.);
#6210 = EDGE_CURVE('',#6202,#6211,#6213,.T.);
#6211 = VERTEX_POINT('',#6212);
#6212 = CARTESIAN_POINT('',(-3.,2.11,-1.665334536938E-16));
#6213 = LINE('',#6214,#6215);
#6214 = CARTESIAN_POINT('',(-2.724938966801,2.11,-1.665334536938E-16));
#6215 = VECTOR('',#6216,1.);
#6216 = DIRECTION('',(-1.,1.144237745222E-17,0.));
#6217 = ORIENTED_EDGE('',*,*,#6218,.T.);
#6218 = EDGE_CURVE('',#6211,#6219,#6221,.T.);
#6219 = VERTEX_POINT('',#6220);
#6220 = CARTESIAN_POINT('',(-3.,2.11,0.2));
#6221 = LINE('',#6222,#6223);
#6222 = CARTESIAN_POINT('',(-3.,2.11,-1.665334536938E-16));
#6223 = VECTOR('',#6224,1.);
#6224 = DIRECTION('',(0.,0.,1.));
#6225 = ORIENTED_EDGE('',*,*,#6226,.T.);
#6226 = EDGE_CURVE('',#6219,#6227,#6229,.T.);
#6227 = VERTEX_POINT('',#6228);
#6228 = CARTESIAN_POINT('',(-2.724938966801,2.11,0.2));
#6229 = LINE('',#6230,#6231);
#6230 = CARTESIAN_POINT('',(-3.,2.11,0.2));
#6231 = VECTOR('',#6232,1.);
#6232 = DIRECTION('',(1.,-1.144237745222E-17,0.));
#6233 = ORIENTED_EDGE('',*,*,#6234,.T.);
#6234 = EDGE_CURVE('',#6227,#6235,#6237,.T.);
#6235 = VERTEX_POINT('',#6236);
#6236 = CARTESIAN_POINT('',(-2.6264581915,2.11,0.282635182233));
#6237 = CIRCLE('',#6238,0.1);
#6238 = AXIS2_PLACEMENT_3D('',#6239,#6240,#6241);
#6239 = CARTESIAN_POINT('',(-2.724938966801,2.11,0.3));
#6240 = DIRECTION('',(-1.144237745222E-17,-1.,-0.));
#6241 = DIRECTION('',(0.,0.,-1.));
#6242 = ORIENTED_EDGE('',*,*,#6243,.T.);
#6243 = EDGE_CURVE('',#6235,#6244,#6246,.T.);
#6244 = VERTEX_POINT('',#6245);
#6245 = CARTESIAN_POINT('',(-2.545442325904,2.11,0.7770944533));
#6246 = LINE('',#6247,#6248);
#6247 = CARTESIAN_POINT('',(-2.6264581915,2.11,0.282635182233));
#6248 = VECTOR('',#6249,1.);
#6249 = DIRECTION('',(0.161691392282,-1.85013394127E-18,0.986841372087)
  );
#6250 = ORIENTED_EDGE('',*,*,#6251,.T.);
#6251 = EDGE_CURVE('',#6244,#5051,#6252,.T.);
#6252 = CIRCLE('',#6253,0.3);
#6253 = AXIS2_PLACEMENT_3D('',#6254,#6255,#6256);
#6254 = CARTESIAN_POINT('',(-2.25,2.11,0.725));
#6255 = DIRECTION('',(1.144237745222E-17,1.,7.703719777549E-34));
#6256 = DIRECTION('',(-0.984807753012,1.126854202784E-17,0.173648177667)
  );
#6257 = ORIENTED_EDGE('',*,*,#5058,.T.);
#6258 = PLANE('',#6259);
#6259 = AXIS2_PLACEMENT_3D('',#6260,#6261,#6262);
#6260 = CARTESIAN_POINT('',(-2.42560961319,2.11,0.548953137803));
#6261 = DIRECTION('',(1.144237745222E-17,1.,0.));
#6262 = DIRECTION('',(0.,-0.,1.));
#6263 = ADVANCED_FACE('',(#6264),#6343,.F.);
#6264 = FACE_BOUND('',#6265,.F.);
#6265 = EDGE_LOOP('',(#6266,#6267,#6268,#6277,#6285,#6294,#6302,#6310,
    #6318,#6327,#6335,#6342));
#6266 = ORIENTED_EDGE('',*,*,#4717,.F.);
#6267 = ORIENTED_EDGE('',*,*,#4732,.T.);
#6268 = ORIENTED_EDGE('',*,*,#6269,.T.);
#6269 = EDGE_CURVE('',#4733,#6270,#6272,.T.);
#6270 = VERTEX_POINT('',#6271);
#6271 = CARTESIAN_POINT('',(2.348480775301,2.11,0.742364817767));
#6272 = CIRCLE('',#6273,0.1);
#6273 = AXIS2_PLACEMENT_3D('',#6274,#6275,#6276);
#6274 = CARTESIAN_POINT('',(2.25,2.11,0.725));
#6275 = DIRECTION('',(-1.110223024625E-16,1.,0.));
#6276 = DIRECTION('',(4.440892098501E-15,4.930380657631E-31,1.));
#6277 = ORIENTED_EDGE('',*,*,#6278,.T.);
#6278 = EDGE_CURVE('',#6270,#6279,#6281,.T.);
#6279 = VERTEX_POINT('',#6280);
#6280 = CARTESIAN_POINT('',(2.429496640897,2.11,0.2479055467));
#6281 = LINE('',#6282,#6283);
#6282 = CARTESIAN_POINT('',(2.348480775301,2.11,0.742364817767));
#6283 = VECTOR('',#6284,1.);
#6284 = DIRECTION('',(0.161691392282,1.795135065956E-17,-0.986841372087)
  );
#6285 = ORIENTED_EDGE('',*,*,#6286,.T.);
#6286 = EDGE_CURVE('',#6279,#6287,#6289,.T.);
#6287 = VERTEX_POINT('',#6288);
#6288 = CARTESIAN_POINT('',(2.724938966801,2.11,-1.665334536938E-16));
#6289 = CIRCLE('',#6290,0.3);
#6290 = AXIS2_PLACEMENT_3D('',#6291,#6292,#6293);
#6291 = CARTESIAN_POINT('',(2.724938966801,2.11,0.3));
#6292 = DIRECTION('',(1.110223024625E-16,-1.,0.));
#6293 = DIRECTION('',(-0.984807753012,-1.093356242223E-16,
    -0.173648177667));
#6294 = ORIENTED_EDGE('',*,*,#6295,.T.);
#6295 = EDGE_CURVE('',#6287,#6296,#6298,.T.);
#6296 = VERTEX_POINT('',#6297);
#6297 = CARTESIAN_POINT('',(3.,2.11,-1.665334536938E-16));
#6298 = LINE('',#6299,#6300);
#6299 = CARTESIAN_POINT('',(2.724938966801,2.11,-1.665334536938E-16));
#6300 = VECTOR('',#6301,1.);
#6301 = DIRECTION('',(1.,1.110223024625E-16,0.));
#6302 = ORIENTED_EDGE('',*,*,#6303,.T.);
#6303 = EDGE_CURVE('',#6296,#6304,#6306,.T.);
#6304 = VERTEX_POINT('',#6305);
#6305 = CARTESIAN_POINT('',(3.,2.11,0.2));
#6306 = LINE('',#6307,#6308);
#6307 = CARTESIAN_POINT('',(3.,2.11,-1.665334536938E-16));
#6308 = VECTOR('',#6309,1.);
#6309 = DIRECTION('',(0.,0.,1.));
#6310 = ORIENTED_EDGE('',*,*,#6311,.T.);
#6311 = EDGE_CURVE('',#6304,#6312,#6314,.T.);
#6312 = VERTEX_POINT('',#6313);
#6313 = CARTESIAN_POINT('',(2.724938966801,2.11,0.2));
#6314 = LINE('',#6315,#6316);
#6315 = CARTESIAN_POINT('',(3.,2.11,0.2));
#6316 = VECTOR('',#6317,1.);
#6317 = DIRECTION('',(-1.,-1.110223024625E-16,0.));
#6318 = ORIENTED_EDGE('',*,*,#6319,.T.);
#6319 = EDGE_CURVE('',#6312,#6320,#6322,.T.);
#6320 = VERTEX_POINT('',#6321);
#6321 = CARTESIAN_POINT('',(2.6264581915,2.11,0.282635182233));
#6322 = CIRCLE('',#6323,0.1);
#6323 = AXIS2_PLACEMENT_3D('',#6324,#6325,#6326);
#6324 = CARTESIAN_POINT('',(2.724938966801,2.11,0.3));
#6325 = DIRECTION('',(-1.110223024625E-16,1.,0.));
#6326 = DIRECTION('',(0.,0.,-1.));
#6327 = ORIENTED_EDGE('',*,*,#6328,.T.);
#6328 = EDGE_CURVE('',#6320,#6329,#6331,.T.);
#6329 = VERTEX_POINT('',#6330);
#6330 = CARTESIAN_POINT('',(2.545442325904,2.11,0.7770944533));
#6331 = LINE('',#6332,#6333);
#6332 = CARTESIAN_POINT('',(2.6264581915,2.11,0.282635182233));
#6333 = VECTOR('',#6334,1.);
#6334 = DIRECTION('',(-0.161691392282,-1.795135065956E-17,0.986841372087
    ));
#6335 = ORIENTED_EDGE('',*,*,#6336,.T.);
#6336 = EDGE_CURVE('',#6329,#5330,#6337,.T.);
#6337 = CIRCLE('',#6338,0.3);
#6338 = AXIS2_PLACEMENT_3D('',#6339,#6340,#6341);
#6339 = CARTESIAN_POINT('',(2.25,2.11,0.725));
#6340 = DIRECTION('',(1.110223024625E-16,-1.,0.));
#6341 = DIRECTION('',(0.984807753012,1.093356242223E-16,0.173648177667)
  );
#6342 = ORIENTED_EDGE('',*,*,#5329,.T.);
#6343 = PLANE('',#6344);
#6344 = AXIS2_PLACEMENT_3D('',#6345,#6346,#6347);
#6345 = CARTESIAN_POINT('',(2.42560961319,2.11,0.548953137803));
#6346 = DIRECTION('',(1.110223024625E-16,-1.,0.));
#6347 = DIRECTION('',(0.,0.,1.));
#6348 = ADVANCED_FACE('',(#6349),#6368,.F.);
#6349 = FACE_BOUND('',#6350,.F.);
#6350 = EDGE_LOOP('',(#6351,#6352,#6361,#6367));
#6351 = ORIENTED_EDGE('',*,*,#4749,.T.);
#6352 = ORIENTED_EDGE('',*,*,#6353,.T.);
#6353 = EDGE_CURVE('',#4742,#6354,#6356,.T.);
#6354 = VERTEX_POINT('',#6355);
#6355 = CARTESIAN_POINT('',(2.348480775301,1.7,0.742364817767));
#6356 = CIRCLE('',#6357,0.1);
#6357 = AXIS2_PLACEMENT_3D('',#6358,#6359,#6360);
#6358 = CARTESIAN_POINT('',(2.25,1.7,0.725));
#6359 = DIRECTION('',(-1.110223024625E-16,1.,0.));
#6360 = DIRECTION('',(4.440892098501E-15,4.930380657631E-31,1.));
#6361 = ORIENTED_EDGE('',*,*,#6362,.F.);
#6362 = EDGE_CURVE('',#6270,#6354,#6363,.T.);
#6363 = LINE('',#6364,#6365);
#6364 = CARTESIAN_POINT('',(2.348480775301,2.11,0.742364817767));
#6365 = VECTOR('',#6366,1.);
#6366 = DIRECTION('',(1.110223024625E-16,-1.,0.));
#6367 = ORIENTED_EDGE('',*,*,#6269,.F.);
#6368 = CYLINDRICAL_SURFACE('',#6369,0.1);
#6369 = AXIS2_PLACEMENT_3D('',#6370,#6371,#6372);
#6370 = CARTESIAN_POINT('',(2.25,2.11,0.725));
#6371 = DIRECTION('',(-1.110223024625E-16,1.,0.));
#6372 = DIRECTION('',(4.440892098501E-15,4.930380657631E-31,1.));
#6373 = ADVANCED_FACE('',(#6374),#6445,.T.);
#6374 = FACE_BOUND('',#6375,.T.);
#6375 = EDGE_LOOP('',(#6376,#6377,#6378,#6379,#6387,#6396,#6404,#6412,
    #6420,#6429,#6437,#6444));
#6376 = ORIENTED_EDGE('',*,*,#4763,.F.);
#6377 = ORIENTED_EDGE('',*,*,#4741,.T.);
#6378 = ORIENTED_EDGE('',*,*,#6353,.T.);
#6379 = ORIENTED_EDGE('',*,*,#6380,.T.);
#6380 = EDGE_CURVE('',#6354,#6381,#6383,.T.);
#6381 = VERTEX_POINT('',#6382);
#6382 = CARTESIAN_POINT('',(2.429496640897,1.7,0.2479055467));
#6383 = LINE('',#6384,#6385);
#6384 = CARTESIAN_POINT('',(2.348480775301,1.7,0.742364817767));
#6385 = VECTOR('',#6386,1.);
#6386 = DIRECTION('',(0.161691392282,1.795135065956E-17,-0.986841372087)
  );
#6387 = ORIENTED_EDGE('',*,*,#6388,.T.);
#6388 = EDGE_CURVE('',#6381,#6389,#6391,.T.);
#6389 = VERTEX_POINT('',#6390);
#6390 = CARTESIAN_POINT('',(2.724938966801,1.7,-1.665334536938E-16));
#6391 = CIRCLE('',#6392,0.3);
#6392 = AXIS2_PLACEMENT_3D('',#6393,#6394,#6395);
#6393 = CARTESIAN_POINT('',(2.724938966801,1.7,0.3));
#6394 = DIRECTION('',(1.110223024625E-16,-1.,0.));
#6395 = DIRECTION('',(-0.984807753012,-1.093356242223E-16,
    -0.173648177667));
#6396 = ORIENTED_EDGE('',*,*,#6397,.T.);
#6397 = EDGE_CURVE('',#6389,#6398,#6400,.T.);
#6398 = VERTEX_POINT('',#6399);
#6399 = CARTESIAN_POINT('',(3.,1.7,-1.665334536938E-16));
#6400 = LINE('',#6401,#6402);
#6401 = CARTESIAN_POINT('',(2.724938966801,1.7,-1.665334536938E-16));
#6402 = VECTOR('',#6403,1.);
#6403 = DIRECTION('',(1.,1.110223024625E-16,0.));
#6404 = ORIENTED_EDGE('',*,*,#6405,.T.);
#6405 = EDGE_CURVE('',#6398,#6406,#6408,.T.);
#6406 = VERTEX_POINT('',#6407);
#6407 = CARTESIAN_POINT('',(3.,1.7,0.2));
#6408 = LINE('',#6409,#6410);
#6409 = CARTESIAN_POINT('',(3.,1.7,-1.665334536938E-16));
#6410 = VECTOR('',#6411,1.);
#6411 = DIRECTION('',(0.,0.,1.));
#6412 = ORIENTED_EDGE('',*,*,#6413,.T.);
#6413 = EDGE_CURVE('',#6406,#6414,#6416,.T.);
#6414 = VERTEX_POINT('',#6415);
#6415 = CARTESIAN_POINT('',(2.724938966801,1.7,0.2));
#6416 = LINE('',#6417,#6418);
#6417 = CARTESIAN_POINT('',(3.,1.7,0.2));
#6418 = VECTOR('',#6419,1.);
#6419 = DIRECTION('',(-1.,-1.110223024625E-16,0.));
#6420 = ORIENTED_EDGE('',*,*,#6421,.T.);
#6421 = EDGE_CURVE('',#6414,#6422,#6424,.T.);
#6422 = VERTEX_POINT('',#6423);
#6423 = CARTESIAN_POINT('',(2.6264581915,1.7,0.282635182233));
#6424 = CIRCLE('',#6425,0.1);
#6425 = AXIS2_PLACEMENT_3D('',#6426,#6427,#6428);
#6426 = CARTESIAN_POINT('',(2.724938966801,1.7,0.3));
#6427 = DIRECTION('',(-1.110223024625E-16,1.,0.));
#6428 = DIRECTION('',(0.,0.,-1.));
#6429 = ORIENTED_EDGE('',*,*,#6430,.T.);
#6430 = EDGE_CURVE('',#6422,#6431,#6433,.T.);
#6431 = VERTEX_POINT('',#6432);
#6432 = CARTESIAN_POINT('',(2.545442325904,1.7,0.7770944533));
#6433 = LINE('',#6434,#6435);
#6434 = CARTESIAN_POINT('',(2.6264581915,1.7,0.282635182233));
#6435 = VECTOR('',#6436,1.);
#6436 = DIRECTION('',(-0.161691392282,-1.795135065956E-17,0.986841372087
    ));
#6437 = ORIENTED_EDGE('',*,*,#6438,.T.);
#6438 = EDGE_CURVE('',#6431,#5338,#6439,.T.);
#6439 = CIRCLE('',#6440,0.3);
#6440 = AXIS2_PLACEMENT_3D('',#6441,#6442,#6443);
#6441 = CARTESIAN_POINT('',(2.25,1.7,0.725));
#6442 = DIRECTION('',(1.110223024625E-16,-1.,0.));
#6443 = DIRECTION('',(0.984807753012,1.093356242223E-16,0.173648177667)
  );
#6444 = ORIENTED_EDGE('',*,*,#5345,.T.);
#6445 = PLANE('',#6446);
#6446 = AXIS2_PLACEMENT_3D('',#6447,#6448,#6449);
#6447 = CARTESIAN_POINT('',(2.42560961319,1.7,0.548953137803));
#6448 = DIRECTION('',(1.110223024625E-16,-1.,0.));
#6449 = DIRECTION('',(0.,0.,1.));
#6450 = ADVANCED_FACE('',(#6451),#6462,.F.);
#6451 = FACE_BOUND('',#6452,.F.);
#6452 = EDGE_LOOP('',(#6453,#6454,#6455,#6461));
#6453 = ORIENTED_EDGE('',*,*,#5351,.F.);
#6454 = ORIENTED_EDGE('',*,*,#4780,.T.);
#6455 = ORIENTED_EDGE('',*,*,#6456,.T.);
#6456 = EDGE_CURVE('',#4773,#5252,#6457,.T.);
#6457 = LINE('',#6458,#6459);
#6458 = CARTESIAN_POINT('',(2.25,0.84,1.025));
#6459 = VECTOR('',#6460,1.);
#6460 = DIRECTION('',(-1.,-1.110223024625E-16,0.));
#6461 = ORIENTED_EDGE('',*,*,#5251,.F.);
#6462 = PLANE('',#6463);
#6463 = AXIS2_PLACEMENT_3D('',#6464,#6465,#6466);
#6464 = CARTESIAN_POINT('',(-3.027078129022E-16,2.4125,1.025));
#6465 = DIRECTION('',(2.007919022429E-31,-7.713306628828E-27,-1.));
#6466 = DIRECTION('',(1.,1.112083013911E-16,2.00791902242E-31));
#6467 = ADVANCED_FACE('',(#6468),#6554,.F.);
#6468 = FACE_BOUND('',#6469,.F.);
#6469 = EDGE_LOOP('',(#6470,#6471,#6472,#6481,#6489,#6498,#6506,#6514,
    #6522,#6531,#6539,#6548));
#6470 = ORIENTED_EDGE('',*,*,#4772,.F.);
#6471 = ORIENTED_EDGE('',*,*,#4794,.T.);
#6472 = ORIENTED_EDGE('',*,*,#6473,.T.);
#6473 = EDGE_CURVE('',#4795,#6474,#6476,.T.);
#6474 = VERTEX_POINT('',#6475);
#6475 = CARTESIAN_POINT('',(2.348480775301,0.84,0.742364817767));
#6476 = CIRCLE('',#6477,0.1);
#6477 = AXIS2_PLACEMENT_3D('',#6478,#6479,#6480);
#6478 = CARTESIAN_POINT('',(2.25,0.84,0.725));
#6479 = DIRECTION('',(-1.110223024625E-16,1.,0.));
#6480 = DIRECTION('',(4.440892098501E-15,4.930380657631E-31,1.));
#6481 = ORIENTED_EDGE('',*,*,#6482,.T.);
#6482 = EDGE_CURVE('',#6474,#6483,#6485,.T.);
#6483 = VERTEX_POINT('',#6484);
#6484 = CARTESIAN_POINT('',(2.429496640897,0.84,0.2479055467));
#6485 = LINE('',#6486,#6487);
#6486 = CARTESIAN_POINT('',(2.348480775301,0.84,0.742364817767));
#6487 = VECTOR('',#6488,1.);
#6488 = DIRECTION('',(0.161691392282,1.795135065956E-17,-0.986841372087)
  );
#6489 = ORIENTED_EDGE('',*,*,#6490,.T.);
#6490 = EDGE_CURVE('',#6483,#6491,#6493,.T.);
#6491 = VERTEX_POINT('',#6492);
#6492 = CARTESIAN_POINT('',(2.724938966801,0.84,-1.665334536938E-16));
#6493 = CIRCLE('',#6494,0.3);
#6494 = AXIS2_PLACEMENT_3D('',#6495,#6496,#6497);
#6495 = CARTESIAN_POINT('',(2.724938966801,0.84,0.3));
#6496 = DIRECTION('',(1.110223024625E-16,-1.,0.));
#6497 = DIRECTION('',(-0.984807753012,-1.093356242223E-16,
    -0.173648177667));
#6498 = ORIENTED_EDGE('',*,*,#6499,.T.);
#6499 = EDGE_CURVE('',#6491,#6500,#6502,.T.);
#6500 = VERTEX_POINT('',#6501);
#6501 = CARTESIAN_POINT('',(3.,0.84,-1.665334536938E-16));
#6502 = LINE('',#6503,#6504);
#6503 = CARTESIAN_POINT('',(2.724938966801,0.84,-1.665334536938E-16));
#6504 = VECTOR('',#6505,1.);
#6505 = DIRECTION('',(1.,1.110223024625E-16,0.));
#6506 = ORIENTED_EDGE('',*,*,#6507,.T.);
#6507 = EDGE_CURVE('',#6500,#6508,#6510,.T.);
#6508 = VERTEX_POINT('',#6509);
#6509 = CARTESIAN_POINT('',(3.,0.84,0.2));
#6510 = LINE('',#6511,#6512);
#6511 = CARTESIAN_POINT('',(3.,0.84,-1.665334536938E-16));
#6512 = VECTOR('',#6513,1.);
#6513 = DIRECTION('',(0.,0.,1.));
#6514 = ORIENTED_EDGE('',*,*,#6515,.T.);
#6515 = EDGE_CURVE('',#6508,#6516,#6518,.T.);
#6516 = VERTEX_POINT('',#6517);
#6517 = CARTESIAN_POINT('',(2.724938966801,0.84,0.2));
#6518 = LINE('',#6519,#6520);
#6519 = CARTESIAN_POINT('',(3.,0.84,0.2));
#6520 = VECTOR('',#6521,1.);
#6521 = DIRECTION('',(-1.,-1.110223024625E-16,0.));
#6522 = ORIENTED_EDGE('',*,*,#6523,.T.);
#6523 = EDGE_CURVE('',#6516,#6524,#6526,.T.);
#6524 = VERTEX_POINT('',#6525);
#6525 = CARTESIAN_POINT('',(2.6264581915,0.84,0.282635182233));
#6526 = CIRCLE('',#6527,0.1);
#6527 = AXIS2_PLACEMENT_3D('',#6528,#6529,#6530);
#6528 = CARTESIAN_POINT('',(2.724938966801,0.84,0.3));
#6529 = DIRECTION('',(-1.110223024625E-16,1.,0.));
#6530 = DIRECTION('',(0.,0.,-1.));
#6531 = ORIENTED_EDGE('',*,*,#6532,.T.);
#6532 = EDGE_CURVE('',#6524,#6533,#6535,.T.);
#6533 = VERTEX_POINT('',#6534);
#6534 = CARTESIAN_POINT('',(2.545442325904,0.84,0.7770944533));
#6535 = LINE('',#6536,#6537);
#6536 = CARTESIAN_POINT('',(2.6264581915,0.84,0.282635182233));
#6537 = VECTOR('',#6538,1.);
#6538 = DIRECTION('',(-0.161691392282,-1.795135065956E-17,0.986841372087
    ));
#6539 = ORIENTED_EDGE('',*,*,#6540,.T.);
#6540 = EDGE_CURVE('',#6533,#6541,#6543,.T.);
#6541 = VERTEX_POINT('',#6542);
#6542 = CARTESIAN_POINT('',(2.25,0.84,1.025));
#6543 = CIRCLE('',#6544,0.3);
#6544 = AXIS2_PLACEMENT_3D('',#6545,#6546,#6547);
#6545 = CARTESIAN_POINT('',(2.25,0.84,0.725));
#6546 = DIRECTION('',(1.110223024625E-16,-1.,0.));
#6547 = DIRECTION('',(0.984807753012,1.093356242223E-16,0.173648177667)
  );
#6548 = ORIENTED_EDGE('',*,*,#6549,.T.);
#6549 = EDGE_CURVE('',#6541,#4773,#6550,.T.);
#6550 = LINE('',#6551,#6552);
#6551 = CARTESIAN_POINT('',(2.25,0.84,1.025));
#6552 = VECTOR('',#6553,1.);
#6553 = DIRECTION('',(-1.,-1.110223024625E-16,0.));
#6554 = PLANE('',#6555);
#6555 = AXIS2_PLACEMENT_3D('',#6556,#6557,#6558);
#6556 = CARTESIAN_POINT('',(2.42560961319,0.84,0.548953137803));
#6557 = DIRECTION('',(1.110223024625E-16,-1.,0.));
#6558 = DIRECTION('',(0.,0.,1.));
#6559 = ADVANCED_FACE('',(#6560),#6579,.F.);
#6560 = FACE_BOUND('',#6561,.F.);
#6561 = EDGE_LOOP('',(#6562,#6563,#6572,#6578));
#6562 = ORIENTED_EDGE('',*,*,#4811,.T.);
#6563 = ORIENTED_EDGE('',*,*,#6564,.T.);
#6564 = EDGE_CURVE('',#4804,#6565,#6567,.T.);
#6565 = VERTEX_POINT('',#6566);
#6566 = CARTESIAN_POINT('',(2.348480775301,0.43,0.742364817767));
#6567 = CIRCLE('',#6568,0.1);
#6568 = AXIS2_PLACEMENT_3D('',#6569,#6570,#6571);
#6569 = CARTESIAN_POINT('',(2.25,0.43,0.725));
#6570 = DIRECTION('',(-1.110223024625E-16,1.,0.));
#6571 = DIRECTION('',(4.440892098501E-15,4.930380657631E-31,1.));
#6572 = ORIENTED_EDGE('',*,*,#6573,.F.);
#6573 = EDGE_CURVE('',#6474,#6565,#6574,.T.);
#6574 = LINE('',#6575,#6576);
#6575 = CARTESIAN_POINT('',(2.348480775301,0.84,0.742364817767));
#6576 = VECTOR('',#6577,1.);
#6577 = DIRECTION('',(1.110223024625E-16,-1.,0.));
#6578 = ORIENTED_EDGE('',*,*,#6473,.F.);
#6579 = CYLINDRICAL_SURFACE('',#6580,0.1);
#6580 = AXIS2_PLACEMENT_3D('',#6581,#6582,#6583);
#6581 = CARTESIAN_POINT('',(2.25,0.84,0.725));
#6582 = DIRECTION('',(-1.110223024625E-16,1.,0.));
#6583 = DIRECTION('',(4.440892098501E-15,4.930380657631E-31,1.));
#6584 = ADVANCED_FACE('',(#6585),#6663,.T.);
#6585 = FACE_BOUND('',#6586,.T.);
#6586 = EDGE_LOOP('',(#6587,#6588,#6589,#6590,#6598,#6607,#6615,#6623,
    #6631,#6640,#6648,#6657));
#6587 = ORIENTED_EDGE('',*,*,#4825,.F.);
#6588 = ORIENTED_EDGE('',*,*,#4803,.T.);
#6589 = ORIENTED_EDGE('',*,*,#6564,.T.);
#6590 = ORIENTED_EDGE('',*,*,#6591,.T.);
#6591 = EDGE_CURVE('',#6565,#6592,#6594,.T.);
#6592 = VERTEX_POINT('',#6593);
#6593 = CARTESIAN_POINT('',(2.429496640897,0.43,0.2479055467));
#6594 = LINE('',#6595,#6596);
#6595 = CARTESIAN_POINT('',(2.348480775301,0.43,0.742364817767));
#6596 = VECTOR('',#6597,1.);
#6597 = DIRECTION('',(0.161691392282,1.795135065956E-17,-0.986841372087)
  );
#6598 = ORIENTED_EDGE('',*,*,#6599,.T.);
#6599 = EDGE_CURVE('',#6592,#6600,#6602,.T.);
#6600 = VERTEX_POINT('',#6601);
#6601 = CARTESIAN_POINT('',(2.724938966801,0.43,-1.665334536938E-16));
#6602 = CIRCLE('',#6603,0.3);
#6603 = AXIS2_PLACEMENT_3D('',#6604,#6605,#6606);
#6604 = CARTESIAN_POINT('',(2.724938966801,0.43,0.3));
#6605 = DIRECTION('',(1.110223024625E-16,-1.,0.));
#6606 = DIRECTION('',(-0.984807753012,-1.093356242223E-16,
    -0.173648177667));
#6607 = ORIENTED_EDGE('',*,*,#6608,.T.);
#6608 = EDGE_CURVE('',#6600,#6609,#6611,.T.);
#6609 = VERTEX_POINT('',#6610);
#6610 = CARTESIAN_POINT('',(3.,0.43,-1.665334536938E-16));
#6611 = LINE('',#6612,#6613);
#6612 = CARTESIAN_POINT('',(2.724938966801,0.43,-1.665334536938E-16));
#6613 = VECTOR('',#6614,1.);
#6614 = DIRECTION('',(1.,1.110223024625E-16,0.));
#6615 = ORIENTED_EDGE('',*,*,#6616,.T.);
#6616 = EDGE_CURVE('',#6609,#6617,#6619,.T.);
#6617 = VERTEX_POINT('',#6618);
#6618 = CARTESIAN_POINT('',(3.,0.43,0.2));
#6619 = LINE('',#6620,#6621);
#6620 = CARTESIAN_POINT('',(3.,0.43,-1.665334536938E-16));
#6621 = VECTOR('',#6622,1.);
#6622 = DIRECTION('',(0.,0.,1.));
#6623 = ORIENTED_EDGE('',*,*,#6624,.T.);
#6624 = EDGE_CURVE('',#6617,#6625,#6627,.T.);
#6625 = VERTEX_POINT('',#6626);
#6626 = CARTESIAN_POINT('',(2.724938966801,0.43,0.2));
#6627 = LINE('',#6628,#6629);
#6628 = CARTESIAN_POINT('',(3.,0.43,0.2));
#6629 = VECTOR('',#6630,1.);
#6630 = DIRECTION('',(-1.,-1.110223024625E-16,0.));
#6631 = ORIENTED_EDGE('',*,*,#6632,.T.);
#6632 = EDGE_CURVE('',#6625,#6633,#6635,.T.);
#6633 = VERTEX_POINT('',#6634);
#6634 = CARTESIAN_POINT('',(2.6264581915,0.43,0.282635182233));
#6635 = CIRCLE('',#6636,0.1);
#6636 = AXIS2_PLACEMENT_3D('',#6637,#6638,#6639);
#6637 = CARTESIAN_POINT('',(2.724938966801,0.43,0.3));
#6638 = DIRECTION('',(-1.110223024625E-16,1.,0.));
#6639 = DIRECTION('',(0.,0.,-1.));
#6640 = ORIENTED_EDGE('',*,*,#6641,.T.);
#6641 = EDGE_CURVE('',#6633,#6642,#6644,.T.);
#6642 = VERTEX_POINT('',#6643);
#6643 = CARTESIAN_POINT('',(2.545442325904,0.43,0.7770944533));
#6644 = LINE('',#6645,#6646);
#6645 = CARTESIAN_POINT('',(2.6264581915,0.43,0.282635182233));
#6646 = VECTOR('',#6647,1.);
#6647 = DIRECTION('',(-0.161691392282,-1.795135065956E-17,0.986841372087
    ));
#6648 = ORIENTED_EDGE('',*,*,#6649,.T.);
#6649 = EDGE_CURVE('',#6642,#6650,#6652,.T.);
#6650 = VERTEX_POINT('',#6651);
#6651 = CARTESIAN_POINT('',(2.25,0.43,1.025));
#6652 = CIRCLE('',#6653,0.3);
#6653 = AXIS2_PLACEMENT_3D('',#6654,#6655,#6656);
#6654 = CARTESIAN_POINT('',(2.25,0.43,0.725));
#6655 = DIRECTION('',(1.110223024625E-16,-1.,0.));
#6656 = DIRECTION('',(0.984807753012,1.093356242223E-16,0.173648177667)
  );
#6657 = ORIENTED_EDGE('',*,*,#6658,.T.);
#6658 = EDGE_CURVE('',#6650,#4826,#6659,.T.);
#6659 = LINE('',#6660,#6661);
#6660 = CARTESIAN_POINT('',(2.25,0.43,1.025));
#6661 = VECTOR('',#6662,1.);
#6662 = DIRECTION('',(-1.,-1.110223024625E-16,0.));
#6663 = PLANE('',#6664);
#6664 = AXIS2_PLACEMENT_3D('',#6665,#6666,#6667);
#6665 = CARTESIAN_POINT('',(2.42560961319,0.43,0.548953137803));
#6666 = DIRECTION('',(1.110223024625E-16,-1.,0.));
#6667 = DIRECTION('',(0.,0.,1.));
#6668 = ADVANCED_FACE('',(#6669),#6685,.F.);
#6669 = FACE_BOUND('',#6670,.F.);
#6670 = EDGE_LOOP('',(#6671,#6677,#6678,#6684));
#6671 = ORIENTED_EDGE('',*,*,#6672,.F.);
#6672 = EDGE_CURVE('',#4826,#5260,#6673,.T.);
#6673 = LINE('',#6674,#6675);
#6674 = CARTESIAN_POINT('',(2.25,0.43,1.025));
#6675 = VECTOR('',#6676,1.);
#6676 = DIRECTION('',(-1.,-1.110223024625E-16,0.));
#6677 = ORIENTED_EDGE('',*,*,#4842,.T.);
#6678 = ORIENTED_EDGE('',*,*,#6679,.T.);
#6679 = EDGE_CURVE('',#4835,#5268,#6680,.T.);
#6680 = LINE('',#6681,#6682);
#6681 = CARTESIAN_POINT('',(2.25,-0.43,1.025));
#6682 = VECTOR('',#6683,1.);
#6683 = DIRECTION('',(-1.,-1.110223024625E-16,0.));
#6684 = ORIENTED_EDGE('',*,*,#5267,.F.);
#6685 = PLANE('',#6686);
#6686 = AXIS2_PLACEMENT_3D('',#6687,#6688,#6689);
#6687 = CARTESIAN_POINT('',(-3.027078129022E-16,2.4125,1.025));
#6688 = DIRECTION('',(2.007919022429E-31,-7.713306628828E-27,-1.));
#6689 = DIRECTION('',(1.,1.112083013911E-16,2.00791902242E-31));
#6690 = ADVANCED_FACE('',(#6691),#6777,.F.);
#6691 = FACE_BOUND('',#6692,.F.);
#6692 = EDGE_LOOP('',(#6693,#6694,#6695,#6704,#6712,#6721,#6729,#6737,
    #6745,#6754,#6762,#6771));
#6693 = ORIENTED_EDGE('',*,*,#4834,.F.);
#6694 = ORIENTED_EDGE('',*,*,#4856,.T.);
#6695 = ORIENTED_EDGE('',*,*,#6696,.T.);
#6696 = EDGE_CURVE('',#4857,#6697,#6699,.T.);
#6697 = VERTEX_POINT('',#6698);
#6698 = CARTESIAN_POINT('',(2.348480775301,-0.43,0.742364817767));
#6699 = CIRCLE('',#6700,0.1);
#6700 = AXIS2_PLACEMENT_3D('',#6701,#6702,#6703);
#6701 = CARTESIAN_POINT('',(2.25,-0.43,0.725));
#6702 = DIRECTION('',(-1.110223024625E-16,1.,0.));
#6703 = DIRECTION('',(4.440892098501E-15,4.930380657631E-31,1.));
#6704 = ORIENTED_EDGE('',*,*,#6705,.T.);
#6705 = EDGE_CURVE('',#6697,#6706,#6708,.T.);
#6706 = VERTEX_POINT('',#6707);
#6707 = CARTESIAN_POINT('',(2.429496640897,-0.43,0.2479055467));
#6708 = LINE('',#6709,#6710);
#6709 = CARTESIAN_POINT('',(2.348480775301,-0.43,0.742364817767));
#6710 = VECTOR('',#6711,1.);
#6711 = DIRECTION('',(0.161691392282,1.795135065956E-17,-0.986841372087)
  );
#6712 = ORIENTED_EDGE('',*,*,#6713,.T.);
#6713 = EDGE_CURVE('',#6706,#6714,#6716,.T.);
#6714 = VERTEX_POINT('',#6715);
#6715 = CARTESIAN_POINT('',(2.724938966801,-0.43,-1.665334536938E-16));
#6716 = CIRCLE('',#6717,0.3);
#6717 = AXIS2_PLACEMENT_3D('',#6718,#6719,#6720);
#6718 = CARTESIAN_POINT('',(2.724938966801,-0.43,0.3));
#6719 = DIRECTION('',(1.110223024625E-16,-1.,0.));
#6720 = DIRECTION('',(-0.984807753012,-1.093356242223E-16,
    -0.173648177667));
#6721 = ORIENTED_EDGE('',*,*,#6722,.T.);
#6722 = EDGE_CURVE('',#6714,#6723,#6725,.T.);
#6723 = VERTEX_POINT('',#6724);
#6724 = CARTESIAN_POINT('',(3.,-0.43,-1.665334536938E-16));
#6725 = LINE('',#6726,#6727);
#6726 = CARTESIAN_POINT('',(2.724938966801,-0.43,-1.665334536938E-16));
#6727 = VECTOR('',#6728,1.);
#6728 = DIRECTION('',(1.,1.110223024625E-16,0.));
#6729 = ORIENTED_EDGE('',*,*,#6730,.T.);
#6730 = EDGE_CURVE('',#6723,#6731,#6733,.T.);
#6731 = VERTEX_POINT('',#6732);
#6732 = CARTESIAN_POINT('',(3.,-0.43,0.2));
#6733 = LINE('',#6734,#6735);
#6734 = CARTESIAN_POINT('',(3.,-0.43,-1.665334536938E-16));
#6735 = VECTOR('',#6736,1.);
#6736 = DIRECTION('',(0.,0.,1.));
#6737 = ORIENTED_EDGE('',*,*,#6738,.T.);
#6738 = EDGE_CURVE('',#6731,#6739,#6741,.T.);
#6739 = VERTEX_POINT('',#6740);
#6740 = CARTESIAN_POINT('',(2.724938966801,-0.43,0.2));
#6741 = LINE('',#6742,#6743);
#6742 = CARTESIAN_POINT('',(3.,-0.43,0.2));
#6743 = VECTOR('',#6744,1.);
#6744 = DIRECTION('',(-1.,-1.110223024625E-16,0.));
#6745 = ORIENTED_EDGE('',*,*,#6746,.T.);
#6746 = EDGE_CURVE('',#6739,#6747,#6749,.T.);
#6747 = VERTEX_POINT('',#6748);
#6748 = CARTESIAN_POINT('',(2.6264581915,-0.43,0.282635182233));
#6749 = CIRCLE('',#6750,0.1);
#6750 = AXIS2_PLACEMENT_3D('',#6751,#6752,#6753);
#6751 = CARTESIAN_POINT('',(2.724938966801,-0.43,0.3));
#6752 = DIRECTION('',(-1.110223024625E-16,1.,0.));
#6753 = DIRECTION('',(0.,0.,-1.));
#6754 = ORIENTED_EDGE('',*,*,#6755,.T.);
#6755 = EDGE_CURVE('',#6747,#6756,#6758,.T.);
#6756 = VERTEX_POINT('',#6757);
#6757 = CARTESIAN_POINT('',(2.545442325904,-0.43,0.7770944533));
#6758 = LINE('',#6759,#6760);
#6759 = CARTESIAN_POINT('',(2.6264581915,-0.43,0.282635182233));
#6760 = VECTOR('',#6761,1.);
#6761 = DIRECTION('',(-0.161691392282,-1.795135065956E-17,0.986841372087
    ));
#6762 = ORIENTED_EDGE('',*,*,#6763,.T.);
#6763 = EDGE_CURVE('',#6756,#6764,#6766,.T.);
#6764 = VERTEX_POINT('',#6765);
#6765 = CARTESIAN_POINT('',(2.25,-0.43,1.025));
#6766 = CIRCLE('',#6767,0.3);
#6767 = AXIS2_PLACEMENT_3D('',#6768,#6769,#6770);
#6768 = CARTESIAN_POINT('',(2.25,-0.43,0.725));
#6769 = DIRECTION('',(1.110223024625E-16,-1.,0.));
#6770 = DIRECTION('',(0.984807753012,1.093356242223E-16,0.173648177667)
  );
#6771 = ORIENTED_EDGE('',*,*,#6772,.T.);
#6772 = EDGE_CURVE('',#6764,#4835,#6773,.T.);
#6773 = LINE('',#6774,#6775);
#6774 = CARTESIAN_POINT('',(2.25,-0.43,1.025));
#6775 = VECTOR('',#6776,1.);
#6776 = DIRECTION('',(-1.,-1.110223024625E-16,0.));
#6777 = PLANE('',#6778);
#6778 = AXIS2_PLACEMENT_3D('',#6779,#6780,#6781);
#6779 = CARTESIAN_POINT('',(2.42560961319,-0.43,0.548953137803));
#6780 = DIRECTION('',(1.110223024625E-16,-1.,0.));
#6781 = DIRECTION('',(0.,0.,1.));
#6782 = ADVANCED_FACE('',(#6783),#6802,.F.);
#6783 = FACE_BOUND('',#6784,.F.);
#6784 = EDGE_LOOP('',(#6785,#6786,#6795,#6801));
#6785 = ORIENTED_EDGE('',*,*,#4873,.T.);
#6786 = ORIENTED_EDGE('',*,*,#6787,.T.);
#6787 = EDGE_CURVE('',#4866,#6788,#6790,.T.);
#6788 = VERTEX_POINT('',#6789);
#6789 = CARTESIAN_POINT('',(2.348480775301,-0.84,0.742364817767));
#6790 = CIRCLE('',#6791,0.1);
#6791 = AXIS2_PLACEMENT_3D('',#6792,#6793,#6794);
#6792 = CARTESIAN_POINT('',(2.25,-0.84,0.725));
#6793 = DIRECTION('',(-1.110223024625E-16,1.,0.));
#6794 = DIRECTION('',(4.440892098501E-15,4.930380657631E-31,1.));
#6795 = ORIENTED_EDGE('',*,*,#6796,.F.);
#6796 = EDGE_CURVE('',#6697,#6788,#6797,.T.);
#6797 = LINE('',#6798,#6799);
#6798 = CARTESIAN_POINT('',(2.348480775301,-0.43,0.742364817767));
#6799 = VECTOR('',#6800,1.);
#6800 = DIRECTION('',(1.110223024625E-16,-1.,0.));
#6801 = ORIENTED_EDGE('',*,*,#6696,.F.);
#6802 = CYLINDRICAL_SURFACE('',#6803,0.1);
#6803 = AXIS2_PLACEMENT_3D('',#6804,#6805,#6806);
#6804 = CARTESIAN_POINT('',(2.25,-0.43,0.725));
#6805 = DIRECTION('',(-1.110223024625E-16,1.,0.));
#6806 = DIRECTION('',(4.440892098501E-15,4.930380657631E-31,1.));
#6807 = ADVANCED_FACE('',(#6808),#6886,.T.);
#6808 = FACE_BOUND('',#6809,.T.);
#6809 = EDGE_LOOP('',(#6810,#6811,#6812,#6813,#6821,#6830,#6838,#6846,
    #6854,#6863,#6871,#6880));
#6810 = ORIENTED_EDGE('',*,*,#4887,.F.);
#6811 = ORIENTED_EDGE('',*,*,#4865,.T.);
#6812 = ORIENTED_EDGE('',*,*,#6787,.T.);
#6813 = ORIENTED_EDGE('',*,*,#6814,.T.);
#6814 = EDGE_CURVE('',#6788,#6815,#6817,.T.);
#6815 = VERTEX_POINT('',#6816);
#6816 = CARTESIAN_POINT('',(2.429496640897,-0.84,0.2479055467));
#6817 = LINE('',#6818,#6819);
#6818 = CARTESIAN_POINT('',(2.348480775301,-0.84,0.742364817767));
#6819 = VECTOR('',#6820,1.);
#6820 = DIRECTION('',(0.161691392282,1.795135065956E-17,-0.986841372087)
  );
#6821 = ORIENTED_EDGE('',*,*,#6822,.T.);
#6822 = EDGE_CURVE('',#6815,#6823,#6825,.T.);
#6823 = VERTEX_POINT('',#6824);
#6824 = CARTESIAN_POINT('',(2.724938966801,-0.84,-1.665334536938E-16));
#6825 = CIRCLE('',#6826,0.3);
#6826 = AXIS2_PLACEMENT_3D('',#6827,#6828,#6829);
#6827 = CARTESIAN_POINT('',(2.724938966801,-0.84,0.3));
#6828 = DIRECTION('',(1.110223024625E-16,-1.,0.));
#6829 = DIRECTION('',(-0.984807753012,-1.093356242223E-16,
    -0.173648177667));
#6830 = ORIENTED_EDGE('',*,*,#6831,.T.);
#6831 = EDGE_CURVE('',#6823,#6832,#6834,.T.);
#6832 = VERTEX_POINT('',#6833);
#6833 = CARTESIAN_POINT('',(3.,-0.84,-1.665334536938E-16));
#6834 = LINE('',#6835,#6836);
#6835 = CARTESIAN_POINT('',(2.724938966801,-0.84,-1.665334536938E-16));
#6836 = VECTOR('',#6837,1.);
#6837 = DIRECTION('',(1.,1.110223024625E-16,0.));
#6838 = ORIENTED_EDGE('',*,*,#6839,.T.);
#6839 = EDGE_CURVE('',#6832,#6840,#6842,.T.);
#6840 = VERTEX_POINT('',#6841);
#6841 = CARTESIAN_POINT('',(3.,-0.84,0.2));
#6842 = LINE('',#6843,#6844);
#6843 = CARTESIAN_POINT('',(3.,-0.84,-1.665334536938E-16));
#6844 = VECTOR('',#6845,1.);
#6845 = DIRECTION('',(0.,0.,1.));
#6846 = ORIENTED_EDGE('',*,*,#6847,.T.);
#6847 = EDGE_CURVE('',#6840,#6848,#6850,.T.);
#6848 = VERTEX_POINT('',#6849);
#6849 = CARTESIAN_POINT('',(2.724938966801,-0.84,0.2));
#6850 = LINE('',#6851,#6852);
#6851 = CARTESIAN_POINT('',(3.,-0.84,0.2));
#6852 = VECTOR('',#6853,1.);
#6853 = DIRECTION('',(-1.,-1.110223024625E-16,0.));
#6854 = ORIENTED_EDGE('',*,*,#6855,.T.);
#6855 = EDGE_CURVE('',#6848,#6856,#6858,.T.);
#6856 = VERTEX_POINT('',#6857);
#6857 = CARTESIAN_POINT('',(2.6264581915,-0.84,0.282635182233));
#6858 = CIRCLE('',#6859,0.1);
#6859 = AXIS2_PLACEMENT_3D('',#6860,#6861,#6862);
#6860 = CARTESIAN_POINT('',(2.724938966801,-0.84,0.3));
#6861 = DIRECTION('',(-1.110223024625E-16,1.,0.));
#6862 = DIRECTION('',(0.,0.,-1.));
#6863 = ORIENTED_EDGE('',*,*,#6864,.T.);
#6864 = EDGE_CURVE('',#6856,#6865,#6867,.T.);
#6865 = VERTEX_POINT('',#6866);
#6866 = CARTESIAN_POINT('',(2.545442325904,-0.84,0.7770944533));
#6867 = LINE('',#6868,#6869);
#6868 = CARTESIAN_POINT('',(2.6264581915,-0.84,0.282635182233));
#6869 = VECTOR('',#6870,1.);
#6870 = DIRECTION('',(-0.161691392282,-1.795135065956E-17,0.986841372087
    ));
#6871 = ORIENTED_EDGE('',*,*,#6872,.T.);
#6872 = EDGE_CURVE('',#6865,#6873,#6875,.T.);
#6873 = VERTEX_POINT('',#6874);
#6874 = CARTESIAN_POINT('',(2.25,-0.84,1.025));
#6875 = CIRCLE('',#6876,0.3);
#6876 = AXIS2_PLACEMENT_3D('',#6877,#6878,#6879);
#6877 = CARTESIAN_POINT('',(2.25,-0.84,0.725));
#6878 = DIRECTION('',(1.110223024625E-16,-1.,0.));
#6879 = DIRECTION('',(0.984807753012,1.093356242223E-16,0.173648177667)
  );
#6880 = ORIENTED_EDGE('',*,*,#6881,.T.);
#6881 = EDGE_CURVE('',#6873,#4888,#6882,.T.);
#6882 = LINE('',#6883,#6884);
#6883 = CARTESIAN_POINT('',(2.25,-0.84,1.025));
#6884 = VECTOR('',#6885,1.);
#6885 = DIRECTION('',(-1.,-1.110223024625E-16,0.));
#6886 = PLANE('',#6887);
#6887 = AXIS2_PLACEMENT_3D('',#6888,#6889,#6890);
#6888 = CARTESIAN_POINT('',(2.42560961319,-0.84,0.548953137803));
#6889 = DIRECTION('',(1.110223024625E-16,-1.,0.));
#6890 = DIRECTION('',(0.,0.,1.));
#6891 = ADVANCED_FACE('',(#6892),#6908,.F.);
#6892 = FACE_BOUND('',#6893,.F.);
#6893 = EDGE_LOOP('',(#6894,#6900,#6901,#6907));
#6894 = ORIENTED_EDGE('',*,*,#6895,.F.);
#6895 = EDGE_CURVE('',#4888,#5276,#6896,.T.);
#6896 = LINE('',#6897,#6898);
#6897 = CARTESIAN_POINT('',(2.25,-0.84,1.025));
#6898 = VECTOR('',#6899,1.);
#6899 = DIRECTION('',(-1.,-1.110223024625E-16,0.));
#6900 = ORIENTED_EDGE('',*,*,#4904,.T.);
#6901 = ORIENTED_EDGE('',*,*,#6902,.T.);
#6902 = EDGE_CURVE('',#4897,#5284,#6903,.T.);
#6903 = LINE('',#6904,#6905);
#6904 = CARTESIAN_POINT('',(2.25,-1.7,1.025));
#6905 = VECTOR('',#6906,1.);
#6906 = DIRECTION('',(-1.,-1.110223024625E-16,0.));
#6907 = ORIENTED_EDGE('',*,*,#5283,.F.);
#6908 = PLANE('',#6909);
#6909 = AXIS2_PLACEMENT_3D('',#6910,#6911,#6912);
#6910 = CARTESIAN_POINT('',(-3.027078129022E-16,2.4125,1.025));
#6911 = DIRECTION('',(2.007919022429E-31,-7.713306628828E-27,-1.));
#6912 = DIRECTION('',(1.,1.112083013911E-16,2.00791902242E-31));
#6913 = ADVANCED_FACE('',(#6914),#7000,.F.);
#6914 = FACE_BOUND('',#6915,.F.);
#6915 = EDGE_LOOP('',(#6916,#6917,#6918,#6927,#6935,#6944,#6952,#6960,
    #6968,#6977,#6985,#6994));
#6916 = ORIENTED_EDGE('',*,*,#4896,.F.);
#6917 = ORIENTED_EDGE('',*,*,#4918,.T.);
#6918 = ORIENTED_EDGE('',*,*,#6919,.T.);
#6919 = EDGE_CURVE('',#4919,#6920,#6922,.T.);
#6920 = VERTEX_POINT('',#6921);
#6921 = CARTESIAN_POINT('',(2.348480775301,-1.7,0.742364817767));
#6922 = CIRCLE('',#6923,0.1);
#6923 = AXIS2_PLACEMENT_3D('',#6924,#6925,#6926);
#6924 = CARTESIAN_POINT('',(2.25,-1.7,0.725));
#6925 = DIRECTION('',(-1.110223024625E-16,1.,0.));
#6926 = DIRECTION('',(4.440892098501E-15,4.930380657631E-31,1.));
#6927 = ORIENTED_EDGE('',*,*,#6928,.T.);
#6928 = EDGE_CURVE('',#6920,#6929,#6931,.T.);
#6929 = VERTEX_POINT('',#6930);
#6930 = CARTESIAN_POINT('',(2.429496640897,-1.7,0.2479055467));
#6931 = LINE('',#6932,#6933);
#6932 = CARTESIAN_POINT('',(2.348480775301,-1.7,0.742364817767));
#6933 = VECTOR('',#6934,1.);
#6934 = DIRECTION('',(0.161691392282,1.795135065956E-17,-0.986841372087)
  );
#6935 = ORIENTED_EDGE('',*,*,#6936,.T.);
#6936 = EDGE_CURVE('',#6929,#6937,#6939,.T.);
#6937 = VERTEX_POINT('',#6938);
#6938 = CARTESIAN_POINT('',(2.724938966801,-1.7,-1.665334536938E-16));
#6939 = CIRCLE('',#6940,0.3);
#6940 = AXIS2_PLACEMENT_3D('',#6941,#6942,#6943);
#6941 = CARTESIAN_POINT('',(2.724938966801,-1.7,0.3));
#6942 = DIRECTION('',(1.110223024625E-16,-1.,0.));
#6943 = DIRECTION('',(-0.984807753012,-1.093356242223E-16,
    -0.173648177667));
#6944 = ORIENTED_EDGE('',*,*,#6945,.T.);
#6945 = EDGE_CURVE('',#6937,#6946,#6948,.T.);
#6946 = VERTEX_POINT('',#6947);
#6947 = CARTESIAN_POINT('',(3.,-1.7,-1.665334536938E-16));
#6948 = LINE('',#6949,#6950);
#6949 = CARTESIAN_POINT('',(2.724938966801,-1.7,-1.665334536938E-16));
#6950 = VECTOR('',#6951,1.);
#6951 = DIRECTION('',(1.,1.110223024625E-16,0.));
#6952 = ORIENTED_EDGE('',*,*,#6953,.T.);
#6953 = EDGE_CURVE('',#6946,#6954,#6956,.T.);
#6954 = VERTEX_POINT('',#6955);
#6955 = CARTESIAN_POINT('',(3.,-1.7,0.2));
#6956 = LINE('',#6957,#6958);
#6957 = CARTESIAN_POINT('',(3.,-1.7,-1.665334536938E-16));
#6958 = VECTOR('',#6959,1.);
#6959 = DIRECTION('',(0.,0.,1.));
#6960 = ORIENTED_EDGE('',*,*,#6961,.T.);
#6961 = EDGE_CURVE('',#6954,#6962,#6964,.T.);
#6962 = VERTEX_POINT('',#6963);
#6963 = CARTESIAN_POINT('',(2.724938966801,-1.7,0.2));
#6964 = LINE('',#6965,#6966);
#6965 = CARTESIAN_POINT('',(3.,-1.7,0.2));
#6966 = VECTOR('',#6967,1.);
#6967 = DIRECTION('',(-1.,-1.110223024625E-16,0.));
#6968 = ORIENTED_EDGE('',*,*,#6969,.T.);
#6969 = EDGE_CURVE('',#6962,#6970,#6972,.T.);
#6970 = VERTEX_POINT('',#6971);
#6971 = CARTESIAN_POINT('',(2.6264581915,-1.7,0.282635182233));
#6972 = CIRCLE('',#6973,0.1);
#6973 = AXIS2_PLACEMENT_3D('',#6974,#6975,#6976);
#6974 = CARTESIAN_POINT('',(2.724938966801,-1.7,0.3));
#6975 = DIRECTION('',(-1.110223024625E-16,1.,0.));
#6976 = DIRECTION('',(0.,0.,-1.));
#6977 = ORIENTED_EDGE('',*,*,#6978,.T.);
#6978 = EDGE_CURVE('',#6970,#6979,#6981,.T.);
#6979 = VERTEX_POINT('',#6980);
#6980 = CARTESIAN_POINT('',(2.545442325904,-1.7,0.7770944533));
#6981 = LINE('',#6982,#6983);
#6982 = CARTESIAN_POINT('',(2.6264581915,-1.7,0.282635182233));
#6983 = VECTOR('',#6984,1.);
#6984 = DIRECTION('',(-0.161691392282,-1.795135065956E-17,0.986841372087
    ));
#6985 = ORIENTED_EDGE('',*,*,#6986,.T.);
#6986 = EDGE_CURVE('',#6979,#6987,#6989,.T.);
#6987 = VERTEX_POINT('',#6988);
#6988 = CARTESIAN_POINT('',(2.25,-1.7,1.025));
#6989 = CIRCLE('',#6990,0.3);
#6990 = AXIS2_PLACEMENT_3D('',#6991,#6992,#6993);
#6991 = CARTESIAN_POINT('',(2.25,-1.7,0.725));
#6992 = DIRECTION('',(1.110223024625E-16,-1.,0.));
#6993 = DIRECTION('',(0.984807753012,1.093356242223E-16,0.173648177667)
  );
#6994 = ORIENTED_EDGE('',*,*,#6995,.T.);
#6995 = EDGE_CURVE('',#6987,#4897,#6996,.T.);
#6996 = LINE('',#6997,#6998);
#6997 = CARTESIAN_POINT('',(2.25,-1.7,1.025));
#6998 = VECTOR('',#6999,1.);
#6999 = DIRECTION('',(-1.,-1.110223024625E-16,0.));
#7000 = PLANE('',#7001);
#7001 = AXIS2_PLACEMENT_3D('',#7002,#7003,#7004);
#7002 = CARTESIAN_POINT('',(2.42560961319,-1.7,0.548953137803));
#7003 = DIRECTION('',(1.110223024625E-16,-1.,0.));
#7004 = DIRECTION('',(0.,0.,1.));
#7005 = ADVANCED_FACE('',(#7006),#7025,.F.);
#7006 = FACE_BOUND('',#7007,.F.);
#7007 = EDGE_LOOP('',(#7008,#7009,#7018,#7024));
#7008 = ORIENTED_EDGE('',*,*,#4935,.T.);
#7009 = ORIENTED_EDGE('',*,*,#7010,.T.);
#7010 = EDGE_CURVE('',#4928,#7011,#7013,.T.);
#7011 = VERTEX_POINT('',#7012);
#7012 = CARTESIAN_POINT('',(2.348480775301,-2.11,0.742364817767));
#7013 = CIRCLE('',#7014,0.1);
#7014 = AXIS2_PLACEMENT_3D('',#7015,#7016,#7017);
#7015 = CARTESIAN_POINT('',(2.25,-2.11,0.725));
#7016 = DIRECTION('',(-1.110223024625E-16,1.,0.));
#7017 = DIRECTION('',(4.440892098501E-15,4.930380657631E-31,1.));
#7018 = ORIENTED_EDGE('',*,*,#7019,.F.);
#7019 = EDGE_CURVE('',#6920,#7011,#7020,.T.);
#7020 = LINE('',#7021,#7022);
#7021 = CARTESIAN_POINT('',(2.348480775301,-1.7,0.742364817767));
#7022 = VECTOR('',#7023,1.);
#7023 = DIRECTION('',(1.110223024625E-16,-1.,0.));
#7024 = ORIENTED_EDGE('',*,*,#6919,.F.);
#7025 = CYLINDRICAL_SURFACE('',#7026,0.1);
#7026 = AXIS2_PLACEMENT_3D('',#7027,#7028,#7029);
#7027 = CARTESIAN_POINT('',(2.25,-1.7,0.725));
#7028 = DIRECTION('',(-1.110223024625E-16,1.,0.));
#7029 = DIRECTION('',(4.440892098501E-15,4.930380657631E-31,1.));
#7030 = ADVANCED_FACE('',(#7031),#7109,.T.);
#7031 = FACE_BOUND('',#7032,.T.);
#7032 = EDGE_LOOP('',(#7033,#7034,#7035,#7036,#7044,#7053,#7061,#7069,
    #7077,#7086,#7094,#7103));
#7033 = ORIENTED_EDGE('',*,*,#4949,.F.);
#7034 = ORIENTED_EDGE('',*,*,#4927,.T.);
#7035 = ORIENTED_EDGE('',*,*,#7010,.T.);
#7036 = ORIENTED_EDGE('',*,*,#7037,.T.);
#7037 = EDGE_CURVE('',#7011,#7038,#7040,.T.);
#7038 = VERTEX_POINT('',#7039);
#7039 = CARTESIAN_POINT('',(2.429496640897,-2.11,0.2479055467));
#7040 = LINE('',#7041,#7042);
#7041 = CARTESIAN_POINT('',(2.348480775301,-2.11,0.742364817767));
#7042 = VECTOR('',#7043,1.);
#7043 = DIRECTION('',(0.161691392282,1.795135065956E-17,-0.986841372087)
  );
#7044 = ORIENTED_EDGE('',*,*,#7045,.T.);
#7045 = EDGE_CURVE('',#7038,#7046,#7048,.T.);
#7046 = VERTEX_POINT('',#7047);
#7047 = CARTESIAN_POINT('',(2.724938966801,-2.11,-1.665334536938E-16));
#7048 = CIRCLE('',#7049,0.3);
#7049 = AXIS2_PLACEMENT_3D('',#7050,#7051,#7052);
#7050 = CARTESIAN_POINT('',(2.724938966801,-2.11,0.3));
#7051 = DIRECTION('',(1.110223024625E-16,-1.,0.));
#7052 = DIRECTION('',(-0.984807753012,-1.093356242223E-16,
    -0.173648177667));
#7053 = ORIENTED_EDGE('',*,*,#7054,.T.);
#7054 = EDGE_CURVE('',#7046,#7055,#7057,.T.);
#7055 = VERTEX_POINT('',#7056);
#7056 = CARTESIAN_POINT('',(3.,-2.11,-1.665334536938E-16));
#7057 = LINE('',#7058,#7059);
#7058 = CARTESIAN_POINT('',(2.724938966801,-2.11,-1.665334536938E-16));
#7059 = VECTOR('',#7060,1.);
#7060 = DIRECTION('',(1.,1.110223024625E-16,0.));
#7061 = ORIENTED_EDGE('',*,*,#7062,.T.);
#7062 = EDGE_CURVE('',#7055,#7063,#7065,.T.);
#7063 = VERTEX_POINT('',#7064);
#7064 = CARTESIAN_POINT('',(3.,-2.11,0.2));
#7065 = LINE('',#7066,#7067);
#7066 = CARTESIAN_POINT('',(3.,-2.11,-1.665334536938E-16));
#7067 = VECTOR('',#7068,1.);
#7068 = DIRECTION('',(0.,0.,1.));
#7069 = ORIENTED_EDGE('',*,*,#7070,.T.);
#7070 = EDGE_CURVE('',#7063,#7071,#7073,.T.);
#7071 = VERTEX_POINT('',#7072);
#7072 = CARTESIAN_POINT('',(2.724938966801,-2.11,0.2));
#7073 = LINE('',#7074,#7075);
#7074 = CARTESIAN_POINT('',(3.,-2.11,0.2));
#7075 = VECTOR('',#7076,1.);
#7076 = DIRECTION('',(-1.,-1.110223024625E-16,0.));
#7077 = ORIENTED_EDGE('',*,*,#7078,.T.);
#7078 = EDGE_CURVE('',#7071,#7079,#7081,.T.);
#7079 = VERTEX_POINT('',#7080);
#7080 = CARTESIAN_POINT('',(2.6264581915,-2.11,0.282635182233));
#7081 = CIRCLE('',#7082,0.1);
#7082 = AXIS2_PLACEMENT_3D('',#7083,#7084,#7085);
#7083 = CARTESIAN_POINT('',(2.724938966801,-2.11,0.3));
#7084 = DIRECTION('',(-1.110223024625E-16,1.,0.));
#7085 = DIRECTION('',(0.,0.,-1.));
#7086 = ORIENTED_EDGE('',*,*,#7087,.T.);
#7087 = EDGE_CURVE('',#7079,#7088,#7090,.T.);
#7088 = VERTEX_POINT('',#7089);
#7089 = CARTESIAN_POINT('',(2.545442325904,-2.11,0.7770944533));
#7090 = LINE('',#7091,#7092);
#7091 = CARTESIAN_POINT('',(2.6264581915,-2.11,0.282635182233));
#7092 = VECTOR('',#7093,1.);
#7093 = DIRECTION('',(-0.161691392282,-1.795135065956E-17,0.986841372087
    ));
#7094 = ORIENTED_EDGE('',*,*,#7095,.T.);
#7095 = EDGE_CURVE('',#7088,#7096,#7098,.T.);
#7096 = VERTEX_POINT('',#7097);
#7097 = CARTESIAN_POINT('',(2.25,-2.11,1.025));
#7098 = CIRCLE('',#7099,0.3);
#7099 = AXIS2_PLACEMENT_3D('',#7100,#7101,#7102);
#7100 = CARTESIAN_POINT('',(2.25,-2.11,0.725));
#7101 = DIRECTION('',(1.110223024625E-16,-1.,0.));
#7102 = DIRECTION('',(0.984807753012,1.093356242223E-16,0.173648177667)
  );
#7103 = ORIENTED_EDGE('',*,*,#7104,.T.);
#7104 = EDGE_CURVE('',#7096,#4950,#7105,.T.);
#7105 = LINE('',#7106,#7107);
#7106 = CARTESIAN_POINT('',(2.25,-2.11,1.025));
#7107 = VECTOR('',#7108,1.);
#7108 = DIRECTION('',(-1.,-1.110223024625E-16,0.));
#7109 = PLANE('',#7110);
#7110 = AXIS2_PLACEMENT_3D('',#7111,#7112,#7113);
#7111 = CARTESIAN_POINT('',(2.42560961319,-2.11,0.548953137803));
#7112 = DIRECTION('',(1.110223024625E-16,-1.,0.));
#7113 = DIRECTION('',(0.,0.,1.));
#7114 = ADVANCED_FACE('',(#7115),#7126,.T.);
#7115 = FACE_BOUND('',#7116,.T.);
#7116 = EDGE_LOOP('',(#7117,#7118,#7119,#7120));
#7117 = ORIENTED_EDGE('',*,*,#6149,.T.);
#7118 = ORIENTED_EDGE('',*,*,#5050,.T.);
#7119 = ORIENTED_EDGE('',*,*,#6251,.F.);
#7120 = ORIENTED_EDGE('',*,*,#7121,.F.);
#7121 = EDGE_CURVE('',#6142,#6244,#7122,.T.);
#7122 = LINE('',#7123,#7124);
#7123 = CARTESIAN_POINT('',(-2.545442325904,1.7,0.7770944533));
#7124 = VECTOR('',#7125,1.);
#7125 = DIRECTION('',(1.144237745222E-17,1.,0.));
#7126 = CYLINDRICAL_SURFACE('',#7127,0.3);
#7127 = AXIS2_PLACEMENT_3D('',#7128,#7129,#7130);
#7128 = CARTESIAN_POINT('',(-2.25,1.7,0.725));
#7129 = DIRECTION('',(-1.144237745222E-17,-1.,0.));
#7130 = DIRECTION('',(-0.984807753012,1.126854202784E-17,0.173648177667)
  );
#7131 = ADVANCED_FACE('',(#7132),#7145,.F.);
#7132 = FACE_BOUND('',#7133,.F.);
#7133 = EDGE_LOOP('',(#7134,#7135,#7141,#7142,#7143,#7144));
#7134 = ORIENTED_EDGE('',*,*,#5494,.F.);
#7135 = ORIENTED_EDGE('',*,*,#7136,.T.);
#7136 = EDGE_CURVE('',#5486,#5595,#7137,.T.);
#7137 = LINE('',#7138,#7139);
#7138 = CARTESIAN_POINT('',(-2.25,-2.11,1.025));
#7139 = VECTOR('',#7140,1.);
#7140 = DIRECTION('',(1.144237745222E-17,1.,0.));
#7141 = ORIENTED_EDGE('',*,*,#5603,.T.);
#7142 = ORIENTED_EDGE('',*,*,#5625,.T.);
#7143 = ORIENTED_EDGE('',*,*,#5097,.F.);
#7144 = ORIENTED_EDGE('',*,*,#5368,.F.);
#7145 = PLANE('',#7146);
#7146 = AXIS2_PLACEMENT_3D('',#7147,#7148,#7149);
#7147 = CARTESIAN_POINT('',(-2.25,-2.11,1.025));
#7148 = DIRECTION('',(0.,0.,-1.));
#7149 = DIRECTION('',(1.,-1.144237745222E-17,0.));
#7150 = ADVANCED_FACE('',(#7151),#7164,.F.);
#7151 = FACE_BOUND('',#7152,.F.);
#7152 = EDGE_LOOP('',(#7153,#7154,#7160,#7161,#7162,#7163));
#7153 = ORIENTED_EDGE('',*,*,#5717,.F.);
#7154 = ORIENTED_EDGE('',*,*,#7155,.T.);
#7155 = EDGE_CURVE('',#5709,#5818,#7156,.T.);
#7156 = LINE('',#7157,#7158);
#7157 = CARTESIAN_POINT('',(-2.25,-0.84,1.025));
#7158 = VECTOR('',#7159,1.);
#7159 = DIRECTION('',(1.144237745222E-17,1.,0.));
#7160 = ORIENTED_EDGE('',*,*,#5826,.T.);
#7161 = ORIENTED_EDGE('',*,*,#5848,.T.);
#7162 = ORIENTED_EDGE('',*,*,#5113,.F.);
#7163 = ORIENTED_EDGE('',*,*,#5618,.F.);
#7164 = PLANE('',#7165);
#7165 = AXIS2_PLACEMENT_3D('',#7166,#7167,#7168);
#7166 = CARTESIAN_POINT('',(-2.25,-0.84,1.025));
#7167 = DIRECTION('',(0.,0.,-1.));
#7168 = DIRECTION('',(1.,-1.144237745222E-17,0.));
#7169 = ADVANCED_FACE('',(#7170),#7183,.F.);
#7170 = FACE_BOUND('',#7171,.F.);
#7171 = EDGE_LOOP('',(#7172,#7173,#7179,#7180,#7181,#7182));
#7172 = ORIENTED_EDGE('',*,*,#5940,.F.);
#7173 = ORIENTED_EDGE('',*,*,#7174,.T.);
#7174 = EDGE_CURVE('',#5932,#6041,#7175,.T.);
#7175 = LINE('',#7176,#7177);
#7176 = CARTESIAN_POINT('',(-2.25,0.43,1.025));
#7177 = VECTOR('',#7178,1.);
#7178 = DIRECTION('',(1.144237745222E-17,1.,0.));
#7179 = ORIENTED_EDGE('',*,*,#6049,.T.);
#7180 = ORIENTED_EDGE('',*,*,#6066,.T.);
#7181 = ORIENTED_EDGE('',*,*,#5129,.F.);
#7182 = ORIENTED_EDGE('',*,*,#5841,.F.);
#7183 = PLANE('',#7184);
#7184 = AXIS2_PLACEMENT_3D('',#7185,#7186,#7187);
#7185 = CARTESIAN_POINT('',(-2.25,0.43,1.025));
#7186 = DIRECTION('',(0.,0.,-1.));
#7187 = DIRECTION('',(1.,-1.144237745222E-17,0.));
#7188 = ADVANCED_FACE('',(#7189,#7218),#7229,.F.);
#7189 = FACE_BOUND('',#7190,.F.);
#7190 = EDGE_LOOP('',(#7191,#7192,#7193,#7194,#7202,#7210,#7216,#7217));
#7191 = ORIENTED_EDGE('',*,*,#5204,.T.);
#7192 = ORIENTED_EDGE('',*,*,#5227,.T.);
#7193 = ORIENTED_EDGE('',*,*,#5314,.T.);
#7194 = ORIENTED_EDGE('',*,*,#7195,.T.);
#7195 = EDGE_CURVE('',#5308,#7196,#7198,.T.);
#7196 = VERTEX_POINT('',#7197);
#7197 = CARTESIAN_POINT('',(1.680085640382,-2.260171280765,1.75));
#7198 = LINE('',#7199,#7200);
#7199 = CARTESIAN_POINT('',(1.760171280765,-2.180085640382,1.75));
#7200 = VECTOR('',#7201,1.);
#7201 = DIRECTION('',(-0.707106781187,-0.707106781187,0.));
#7202 = ORIENTED_EDGE('',*,*,#7203,.T.);
#7203 = EDGE_CURVE('',#7196,#7204,#7206,.T.);
#7204 = VERTEX_POINT('',#7205);
#7205 = CARTESIAN_POINT('',(-1.680085640382,-2.260171280765,1.75));
#7206 = LINE('',#7207,#7208);
#7207 = CARTESIAN_POINT('',(1.680085640382,-2.260171280765,1.75));
#7208 = VECTOR('',#7209,1.);
#7209 = DIRECTION('',(-1.,-1.110223024625E-16,0.));
#7210 = ORIENTED_EDGE('',*,*,#7211,.T.);
#7211 = EDGE_CURVE('',#7204,#5153,#7212,.T.);
#7212 = LINE('',#7213,#7214);
#7213 = CARTESIAN_POINT('',(-1.680085640382,-2.260171280765,1.75));
#7214 = VECTOR('',#7215,1.);
#7215 = DIRECTION('',(-0.707106781187,0.707106781187,0.));
#7216 = ORIENTED_EDGE('',*,*,#5152,.T.);
#7217 = ORIENTED_EDGE('',*,*,#5181,.T.);
#7218 = FACE_BOUND('',#7219,.F.);
#7219 = EDGE_LOOP('',(#7220));
#7220 = ORIENTED_EDGE('',*,*,#7221,.F.);
#7221 = EDGE_CURVE('',#7222,#7222,#7224,.T.);
#7222 = VERTEX_POINT('',#7223);
#7223 = CARTESIAN_POINT('',(-1.110171280765,1.310171280765,1.75));
#7224 = CIRCLE('',#7225,0.3);
#7225 = AXIS2_PLACEMENT_3D('',#7226,#7227,#7228);
#7226 = CARTESIAN_POINT('',(-1.110171280765,1.610171280765,1.75));
#7227 = DIRECTION('',(0.,-0.,-1.));
#7228 = DIRECTION('',(1.110223024625E-16,-1.,0.));
#7229 = PLANE('',#7230);
#7230 = AXIS2_PLACEMENT_3D('',#7231,#7232,#7233);
#7231 = CARTESIAN_POINT('',(-1.680085640382,2.260171280765,1.75));
#7232 = DIRECTION('',(0.,0.,-1.));
#7233 = DIRECTION('',(0.596575959062,-0.802556617983,0.));
#7234 = ADVANCED_FACE('',(#7235),#7245,.F.);
#7235 = FACE_BOUND('',#7236,.F.);
#7236 = EDGE_LOOP('',(#7237,#7238,#7239,#7240));
#7237 = ORIENTED_EDGE('',*,*,#5375,.T.);
#7238 = ORIENTED_EDGE('',*,*,#5160,.T.);
#7239 = ORIENTED_EDGE('',*,*,#7211,.F.);
#7240 = ORIENTED_EDGE('',*,*,#7241,.F.);
#7241 = EDGE_CURVE('',#5376,#7204,#7242,.T.);
#7242 = B_SPLINE_CURVE_WITH_KNOTS('',1,(#7243,#7244),.UNSPECIFIED.,.F.,
  .F.,(2,2),(0.,1.),.PIECEWISE_BEZIER_KNOTS.);
#7243 = CARTESIAN_POINT('',(-1.7375,-2.375,1.025));
#7244 = CARTESIAN_POINT('',(-1.680085640382,-2.260171280765,1.75));
#7245 = B_SPLINE_SURFACE_WITH_KNOTS('',1,1,(
    (#7246,#7247)
    ,(#7248,#7249
    )),.UNSPECIFIED.,.F.,.F.,.F.,(2,2),(2,2),(0.,0.194454364826),(0.,1.)
  ,.PIECEWISE_BEZIER_KNOTS.);
#7246 = CARTESIAN_POINT('',(-1.7375,-2.375,1.025));
#7247 = CARTESIAN_POINT('',(-1.680085640382,-2.260171280765,1.75));
#7248 = CARTESIAN_POINT('',(-1.875,-2.2375,1.025));
#7249 = CARTESIAN_POINT('',(-1.760171280765,-2.180085640382,1.75));
#7250 = ADVANCED_FACE('',(#7251),#7264,.F.);
#7251 = FACE_BOUND('',#7252,.F.);
#7252 = EDGE_LOOP('',(#7253,#7254,#7260,#7261,#7262,#7263));
#7253 = ORIENTED_EDGE('',*,*,#6549,.F.);
#7254 = ORIENTED_EDGE('',*,*,#7255,.T.);
#7255 = EDGE_CURVE('',#6541,#6650,#7256,.T.);
#7256 = LINE('',#7257,#7258);
#7257 = CARTESIAN_POINT('',(2.25,0.84,1.025));
#7258 = VECTOR('',#7259,1.);
#7259 = DIRECTION('',(1.110223024625E-16,-1.,0.));
#7260 = ORIENTED_EDGE('',*,*,#6658,.T.);
#7261 = ORIENTED_EDGE('',*,*,#6672,.T.);
#7262 = ORIENTED_EDGE('',*,*,#5259,.F.);
#7263 = ORIENTED_EDGE('',*,*,#6456,.F.);
#7264 = PLANE('',#7265);
#7265 = AXIS2_PLACEMENT_3D('',#7266,#7267,#7268);
#7266 = CARTESIAN_POINT('',(2.25,0.84,1.025));
#7267 = DIRECTION('',(0.,0.,-1.));
#7268 = DIRECTION('',(-1.,-1.110223024625E-16,-0.));
#7269 = ADVANCED_FACE('',(#7270),#7283,.F.);
#7270 = FACE_BOUND('',#7271,.F.);
#7271 = EDGE_LOOP('',(#7272,#7273,#7279,#7280,#7281,#7282));
#7272 = ORIENTED_EDGE('',*,*,#6772,.F.);
#7273 = ORIENTED_EDGE('',*,*,#7274,.T.);
#7274 = EDGE_CURVE('',#6764,#6873,#7275,.T.);
#7275 = LINE('',#7276,#7277);
#7276 = CARTESIAN_POINT('',(2.25,-0.43,1.025));
#7277 = VECTOR('',#7278,1.);
#7278 = DIRECTION('',(1.110223024625E-16,-1.,0.));
#7279 = ORIENTED_EDGE('',*,*,#6881,.T.);
#7280 = ORIENTED_EDGE('',*,*,#6895,.T.);
#7281 = ORIENTED_EDGE('',*,*,#5275,.F.);
#7282 = ORIENTED_EDGE('',*,*,#6679,.F.);
#7283 = PLANE('',#7284);
#7284 = AXIS2_PLACEMENT_3D('',#7285,#7286,#7287);
#7285 = CARTESIAN_POINT('',(2.25,-0.43,1.025));
#7286 = DIRECTION('',(0.,0.,-1.));
#7287 = DIRECTION('',(-1.,-1.110223024625E-16,-0.));
#7288 = ADVANCED_FACE('',(#7289),#7302,.F.);
#7289 = FACE_BOUND('',#7290,.F.);
#7290 = EDGE_LOOP('',(#7291,#7292,#7298,#7299,#7300,#7301));
#7291 = ORIENTED_EDGE('',*,*,#6995,.F.);
#7292 = ORIENTED_EDGE('',*,*,#7293,.T.);
#7293 = EDGE_CURVE('',#6987,#7096,#7294,.T.);
#7294 = LINE('',#7295,#7296);
#7295 = CARTESIAN_POINT('',(2.25,-1.7,1.025));
#7296 = VECTOR('',#7297,1.);
#7297 = DIRECTION('',(1.110223024625E-16,-1.,0.));
#7298 = ORIENTED_EDGE('',*,*,#7104,.T.);
#7299 = ORIENTED_EDGE('',*,*,#5398,.T.);
#7300 = ORIENTED_EDGE('',*,*,#5291,.F.);
#7301 = ORIENTED_EDGE('',*,*,#6902,.F.);
#7302 = PLANE('',#7303);
#7303 = AXIS2_PLACEMENT_3D('',#7304,#7305,#7306);
#7304 = CARTESIAN_POINT('',(2.25,-1.7,1.025));
#7305 = DIRECTION('',(0.,0.,-1.));
#7306 = DIRECTION('',(-1.,-1.110223024625E-16,-0.));
#7307 = ADVANCED_FACE('',(#7308),#7318,.F.);
#7308 = FACE_BOUND('',#7309,.F.);
#7309 = EDGE_LOOP('',(#7310,#7311,#7316,#7317));
#7310 = ORIENTED_EDGE('',*,*,#5391,.T.);
#7311 = ORIENTED_EDGE('',*,*,#7312,.T.);
#7312 = EDGE_CURVE('',#5384,#7196,#7313,.T.);
#7313 = B_SPLINE_CURVE_WITH_KNOTS('',1,(#7314,#7315),.UNSPECIFIED.,.F.,
  .F.,(2,2),(0.,1.),.PIECEWISE_BEZIER_KNOTS.);
#7314 = CARTESIAN_POINT('',(1.7375,-2.375,1.025));
#7315 = CARTESIAN_POINT('',(1.680085640382,-2.260171280765,1.75));
#7316 = ORIENTED_EDGE('',*,*,#7195,.F.);
#7317 = ORIENTED_EDGE('',*,*,#5307,.F.);
#7318 = B_SPLINE_SURFACE_WITH_KNOTS('',1,1,(
    (#7319,#7320)
    ,(#7321,#7322
    )),.UNSPECIFIED.,.F.,.F.,.F.,(2,2),(2,2),(0.,0.194454364826),(0.,1.)
  ,.PIECEWISE_BEZIER_KNOTS.);
#7319 = CARTESIAN_POINT('',(1.875,-2.2375,1.025));
#7320 = CARTESIAN_POINT('',(1.760171280765,-2.180085640382,1.75));
#7321 = CARTESIAN_POINT('',(1.7375,-2.375,1.025));
#7322 = CARTESIAN_POINT('',(1.680085640382,-2.260171280765,1.75));
#7323 = ADVANCED_FACE('',(#7324),#7335,.T.);
#7324 = FACE_BOUND('',#7325,.T.);
#7325 = EDGE_LOOP('',(#7326,#7327,#7328,#7329));
#7326 = ORIENTED_EDGE('',*,*,#6336,.T.);
#7327 = ORIENTED_EDGE('',*,*,#5337,.T.);
#7328 = ORIENTED_EDGE('',*,*,#6438,.F.);
#7329 = ORIENTED_EDGE('',*,*,#7330,.F.);
#7330 = EDGE_CURVE('',#6329,#6431,#7331,.T.);
#7331 = LINE('',#7332,#7333);
#7332 = CARTESIAN_POINT('',(2.545442325904,2.11,0.7770944533));
#7333 = VECTOR('',#7334,1.);
#7334 = DIRECTION('',(1.110223024625E-16,-1.,0.));
#7335 = CYLINDRICAL_SURFACE('',#7336,0.3);
#7336 = AXIS2_PLACEMENT_3D('',#7337,#7338,#7339);
#7337 = CARTESIAN_POINT('',(2.25,2.11,0.725));
#7338 = DIRECTION('',(-1.110223024625E-16,1.,0.));
#7339 = DIRECTION('',(0.984807753012,1.093356242223E-16,0.173648177667)
  );
#7340 = ADVANCED_FACE('',(#7341),#7347,.F.);
#7341 = FACE_BOUND('',#7342,.F.);
#7342 = EDGE_LOOP('',(#7343,#7344,#7345,#7346));
#7343 = ORIENTED_EDGE('',*,*,#5383,.T.);
#7344 = ORIENTED_EDGE('',*,*,#7241,.T.);
#7345 = ORIENTED_EDGE('',*,*,#7203,.F.);
#7346 = ORIENTED_EDGE('',*,*,#7312,.F.);
#7347 = B_SPLINE_SURFACE_WITH_KNOTS('',1,1,(
    (#7348,#7349)
    ,(#7350,#7351
    )),.UNSPECIFIED.,.F.,.F.,.F.,(2,2),(2,2),(0.,3.475),(0.,1.),
  .PIECEWISE_BEZIER_KNOTS.);
#7348 = CARTESIAN_POINT('',(1.7375,-2.375,1.025));
#7349 = CARTESIAN_POINT('',(1.680085640382,-2.260171280765,1.75));
#7350 = CARTESIAN_POINT('',(-1.7375,-2.375,1.025));
#7351 = CARTESIAN_POINT('',(-1.680085640382,-2.260171280765,1.75));
#7352 = ADVANCED_FACE('',(#7353),#7364,.T.);
#7353 = FACE_BOUND('',#7354,.T.);
#7354 = EDGE_LOOP('',(#7355,#7356,#7357,#7358));
#7355 = ORIENTED_EDGE('',*,*,#5485,.T.);
#7356 = ORIENTED_EDGE('',*,*,#7136,.T.);
#7357 = ORIENTED_EDGE('',*,*,#5594,.F.);
#7358 = ORIENTED_EDGE('',*,*,#7359,.F.);
#7359 = EDGE_CURVE('',#5478,#5587,#7360,.T.);
#7360 = LINE('',#7361,#7362);
#7361 = CARTESIAN_POINT('',(-2.545442325904,-2.11,0.7770944533));
#7362 = VECTOR('',#7363,1.);
#7363 = DIRECTION('',(1.144237745222E-17,1.,0.));
#7364 = CYLINDRICAL_SURFACE('',#7365,0.3);
#7365 = AXIS2_PLACEMENT_3D('',#7366,#7367,#7368);
#7366 = CARTESIAN_POINT('',(-2.25,-2.11,0.725));
#7367 = DIRECTION('',(-1.144237745222E-17,-1.,0.));
#7368 = DIRECTION('',(-0.984807753012,1.126854202784E-17,0.173648177667)
  );
#7369 = ADVANCED_FACE('',(#7370),#7381,.F.);
#7370 = FACE_BOUND('',#7371,.F.);
#7371 = EDGE_LOOP('',(#7372,#7378,#7379,#7380));
#7372 = ORIENTED_EDGE('',*,*,#7373,.T.);
#7373 = EDGE_CURVE('',#5469,#5578,#7374,.T.);
#7374 = LINE('',#7375,#7376);
#7375 = CARTESIAN_POINT('',(-2.6264581915,-2.11,0.282635182233));
#7376 = VECTOR('',#7377,1.);
#7377 = DIRECTION('',(1.144237745222E-17,1.,0.));
#7378 = ORIENTED_EDGE('',*,*,#5586,.T.);
#7379 = ORIENTED_EDGE('',*,*,#7359,.F.);
#7380 = ORIENTED_EDGE('',*,*,#5477,.F.);
#7381 = PLANE('',#7382);
#7382 = AXIS2_PLACEMENT_3D('',#7383,#7384,#7385);
#7383 = CARTESIAN_POINT('',(-2.6264581915,-2.11,0.282635182233));
#7384 = DIRECTION('',(0.986841372087,-1.129181146488E-17,-0.161691392282
    ));
#7385 = DIRECTION('',(0.161691392282,-1.85013394127E-18,0.986841372087)
  );
#7386 = ADVANCED_FACE('',(#7387),#7398,.F.);
#7387 = FACE_BOUND('',#7388,.F.);
#7388 = EDGE_LOOP('',(#7389,#7395,#7396,#7397));
#7389 = ORIENTED_EDGE('',*,*,#7390,.T.);
#7390 = EDGE_CURVE('',#5461,#5570,#7391,.T.);
#7391 = LINE('',#7392,#7393);
#7392 = CARTESIAN_POINT('',(-2.724938966801,-2.11,0.2));
#7393 = VECTOR('',#7394,1.);
#7394 = DIRECTION('',(1.144237745222E-17,1.,0.));
#7395 = ORIENTED_EDGE('',*,*,#5577,.T.);
#7396 = ORIENTED_EDGE('',*,*,#7373,.F.);
#7397 = ORIENTED_EDGE('',*,*,#5468,.F.);
#7398 = CYLINDRICAL_SURFACE('',#7399,0.1);
#7399 = AXIS2_PLACEMENT_3D('',#7400,#7401,#7402);
#7400 = CARTESIAN_POINT('',(-2.724938966801,-2.11,0.3));
#7401 = DIRECTION('',(-1.144237745222E-17,-1.,0.));
#7402 = DIRECTION('',(-0.,0.,-1.));
#7403 = ADVANCED_FACE('',(#7404),#7415,.F.);
#7404 = FACE_BOUND('',#7405,.F.);
#7405 = EDGE_LOOP('',(#7406,#7412,#7413,#7414));
#7406 = ORIENTED_EDGE('',*,*,#7407,.T.);
#7407 = EDGE_CURVE('',#5453,#5562,#7408,.T.);
#7408 = LINE('',#7409,#7410);
#7409 = CARTESIAN_POINT('',(-3.,-2.11,0.2));
#7410 = VECTOR('',#7411,1.);
#7411 = DIRECTION('',(1.144237745222E-17,1.,0.));
#7412 = ORIENTED_EDGE('',*,*,#5569,.T.);
#7413 = ORIENTED_EDGE('',*,*,#7390,.F.);
#7414 = ORIENTED_EDGE('',*,*,#5460,.F.);
#7415 = PLANE('',#7416);
#7416 = AXIS2_PLACEMENT_3D('',#7417,#7418,#7419);
#7417 = CARTESIAN_POINT('',(-3.,-2.11,0.2));
#7418 = DIRECTION('',(0.,0.,-1.));
#7419 = DIRECTION('',(1.,-1.144237745222E-17,0.));
#7420 = ADVANCED_FACE('',(#7421),#7432,.F.);
#7421 = FACE_BOUND('',#7422,.F.);
#7422 = EDGE_LOOP('',(#7423,#7429,#7430,#7431));
#7423 = ORIENTED_EDGE('',*,*,#7424,.T.);
#7424 = EDGE_CURVE('',#5445,#5554,#7425,.T.);
#7425 = LINE('',#7426,#7427);
#7426 = CARTESIAN_POINT('',(-3.,-2.11,-1.665334536938E-16));
#7427 = VECTOR('',#7428,1.);
#7428 = DIRECTION('',(1.144237745222E-17,1.,0.));
#7429 = ORIENTED_EDGE('',*,*,#5561,.T.);
#7430 = ORIENTED_EDGE('',*,*,#7407,.F.);
#7431 = ORIENTED_EDGE('',*,*,#5452,.F.);
#7432 = PLANE('',#7433);
#7433 = AXIS2_PLACEMENT_3D('',#7434,#7435,#7436);
#7434 = CARTESIAN_POINT('',(-3.,-2.11,-1.665334536938E-16));
#7435 = DIRECTION('',(1.,-1.144237745222E-17,0.));
#7436 = DIRECTION('',(0.,0.,1.));
#7437 = ADVANCED_FACE('',(#7438),#7449,.F.);
#7438 = FACE_BOUND('',#7439,.F.);
#7439 = EDGE_LOOP('',(#7440,#7446,#7447,#7448));
#7440 = ORIENTED_EDGE('',*,*,#7441,.T.);
#7441 = EDGE_CURVE('',#5436,#5545,#7442,.T.);
#7442 = LINE('',#7443,#7444);
#7443 = CARTESIAN_POINT('',(-2.724938966801,-2.11,-1.665334536938E-16));
#7444 = VECTOR('',#7445,1.);
#7445 = DIRECTION('',(1.144237745222E-17,1.,0.));
#7446 = ORIENTED_EDGE('',*,*,#5553,.T.);
#7447 = ORIENTED_EDGE('',*,*,#7424,.F.);
#7448 = ORIENTED_EDGE('',*,*,#5444,.F.);
#7449 = PLANE('',#7450);
#7450 = AXIS2_PLACEMENT_3D('',#7451,#7452,#7453);
#7451 = CARTESIAN_POINT('',(-2.724938966801,-2.11,-1.665334536938E-16));
#7452 = DIRECTION('',(0.,0.,1.));
#7453 = DIRECTION('',(-1.,1.144237745222E-17,0.));
#7454 = ADVANCED_FACE('',(#7455),#7466,.T.);
#7455 = FACE_BOUND('',#7456,.T.);
#7456 = EDGE_LOOP('',(#7457,#7458,#7459,#7460));
#7457 = ORIENTED_EDGE('',*,*,#5435,.T.);
#7458 = ORIENTED_EDGE('',*,*,#7441,.T.);
#7459 = ORIENTED_EDGE('',*,*,#5544,.F.);
#7460 = ORIENTED_EDGE('',*,*,#7461,.F.);
#7461 = EDGE_CURVE('',#5428,#5537,#7462,.T.);
#7462 = LINE('',#7463,#7464);
#7463 = CARTESIAN_POINT('',(-2.429496640897,-2.11,0.2479055467));
#7464 = VECTOR('',#7465,1.);
#7465 = DIRECTION('',(1.144237745222E-17,1.,0.));
#7466 = CYLINDRICAL_SURFACE('',#7467,0.3);
#7467 = AXIS2_PLACEMENT_3D('',#7468,#7469,#7470);
#7468 = CARTESIAN_POINT('',(-2.724938966801,-2.11,0.3));
#7469 = DIRECTION('',(-1.144237745222E-17,-1.,0.));
#7470 = DIRECTION('',(0.984807753012,-1.126854202784E-17,-0.173648177667
    ));
#7471 = ADVANCED_FACE('',(#7472),#7478,.F.);
#7472 = FACE_BOUND('',#7473,.F.);
#7473 = EDGE_LOOP('',(#7474,#7475,#7476,#7477));
#7474 = ORIENTED_EDGE('',*,*,#5518,.T.);
#7475 = ORIENTED_EDGE('',*,*,#5536,.T.);
#7476 = ORIENTED_EDGE('',*,*,#7461,.F.);
#7477 = ORIENTED_EDGE('',*,*,#5427,.F.);
#7478 = PLANE('',#7479);
#7479 = AXIS2_PLACEMENT_3D('',#7480,#7481,#7482);
#7480 = CARTESIAN_POINT('',(-2.348480775301,-2.11,0.742364817767));
#7481 = DIRECTION('',(-0.986841372087,1.129181146488E-17,0.161691392282)
  );
#7482 = DIRECTION('',(-0.161691392282,1.85013394127E-18,-0.986841372087)
  );
#7483 = ADVANCED_FACE('',(#7484),#7495,.T.);
#7484 = FACE_BOUND('',#7485,.T.);
#7485 = EDGE_LOOP('',(#7486,#7487,#7488,#7489));
#7486 = ORIENTED_EDGE('',*,*,#5708,.T.);
#7487 = ORIENTED_EDGE('',*,*,#7155,.T.);
#7488 = ORIENTED_EDGE('',*,*,#5817,.F.);
#7489 = ORIENTED_EDGE('',*,*,#7490,.F.);
#7490 = EDGE_CURVE('',#5701,#5810,#7491,.T.);
#7491 = LINE('',#7492,#7493);
#7492 = CARTESIAN_POINT('',(-2.545442325904,-0.84,0.7770944533));
#7493 = VECTOR('',#7494,1.);
#7494 = DIRECTION('',(1.144237745222E-17,1.,0.));
#7495 = CYLINDRICAL_SURFACE('',#7496,0.3);
#7496 = AXIS2_PLACEMENT_3D('',#7497,#7498,#7499);
#7497 = CARTESIAN_POINT('',(-2.25,-0.84,0.725));
#7498 = DIRECTION('',(-1.144237745222E-17,-1.,0.));
#7499 = DIRECTION('',(-0.984807753012,1.126854202784E-17,0.173648177667)
  );
#7500 = ADVANCED_FACE('',(#7501),#7512,.F.);
#7501 = FACE_BOUND('',#7502,.F.);
#7502 = EDGE_LOOP('',(#7503,#7509,#7510,#7511));
#7503 = ORIENTED_EDGE('',*,*,#7504,.T.);
#7504 = EDGE_CURVE('',#5692,#5801,#7505,.T.);
#7505 = LINE('',#7506,#7507);
#7506 = CARTESIAN_POINT('',(-2.6264581915,-0.84,0.282635182233));
#7507 = VECTOR('',#7508,1.);
#7508 = DIRECTION('',(1.144237745222E-17,1.,0.));
#7509 = ORIENTED_EDGE('',*,*,#5809,.T.);
#7510 = ORIENTED_EDGE('',*,*,#7490,.F.);
#7511 = ORIENTED_EDGE('',*,*,#5700,.F.);
#7512 = PLANE('',#7513);
#7513 = AXIS2_PLACEMENT_3D('',#7514,#7515,#7516);
#7514 = CARTESIAN_POINT('',(-2.6264581915,-0.84,0.282635182233));
#7515 = DIRECTION('',(0.986841372087,-1.129181146488E-17,-0.161691392282
    ));
#7516 = DIRECTION('',(0.161691392282,-1.85013394127E-18,0.986841372087)
  );
#7517 = ADVANCED_FACE('',(#7518),#7529,.F.);
#7518 = FACE_BOUND('',#7519,.F.);
#7519 = EDGE_LOOP('',(#7520,#7526,#7527,#7528));
#7520 = ORIENTED_EDGE('',*,*,#7521,.T.);
#7521 = EDGE_CURVE('',#5684,#5793,#7522,.T.);
#7522 = LINE('',#7523,#7524);
#7523 = CARTESIAN_POINT('',(-2.724938966801,-0.84,0.2));
#7524 = VECTOR('',#7525,1.);
#7525 = DIRECTION('',(1.144237745222E-17,1.,0.));
#7526 = ORIENTED_EDGE('',*,*,#5800,.T.);
#7527 = ORIENTED_EDGE('',*,*,#7504,.F.);
#7528 = ORIENTED_EDGE('',*,*,#5691,.F.);
#7529 = CYLINDRICAL_SURFACE('',#7530,0.1);
#7530 = AXIS2_PLACEMENT_3D('',#7531,#7532,#7533);
#7531 = CARTESIAN_POINT('',(-2.724938966801,-0.84,0.3));
#7532 = DIRECTION('',(-1.144237745222E-17,-1.,0.));
#7533 = DIRECTION('',(-0.,0.,-1.));
#7534 = ADVANCED_FACE('',(#7535),#7546,.F.);
#7535 = FACE_BOUND('',#7536,.F.);
#7536 = EDGE_LOOP('',(#7537,#7543,#7544,#7545));
#7537 = ORIENTED_EDGE('',*,*,#7538,.T.);
#7538 = EDGE_CURVE('',#5676,#5785,#7539,.T.);
#7539 = LINE('',#7540,#7541);
#7540 = CARTESIAN_POINT('',(-3.,-0.84,0.2));
#7541 = VECTOR('',#7542,1.);
#7542 = DIRECTION('',(1.144237745222E-17,1.,0.));
#7543 = ORIENTED_EDGE('',*,*,#5792,.T.);
#7544 = ORIENTED_EDGE('',*,*,#7521,.F.);
#7545 = ORIENTED_EDGE('',*,*,#5683,.F.);
#7546 = PLANE('',#7547);
#7547 = AXIS2_PLACEMENT_3D('',#7548,#7549,#7550);
#7548 = CARTESIAN_POINT('',(-3.,-0.84,0.2));
#7549 = DIRECTION('',(0.,0.,-1.));
#7550 = DIRECTION('',(1.,-1.144237745222E-17,0.));
#7551 = ADVANCED_FACE('',(#7552),#7563,.F.);
#7552 = FACE_BOUND('',#7553,.F.);
#7553 = EDGE_LOOP('',(#7554,#7560,#7561,#7562));
#7554 = ORIENTED_EDGE('',*,*,#7555,.T.);
#7555 = EDGE_CURVE('',#5668,#5777,#7556,.T.);
#7556 = LINE('',#7557,#7558);
#7557 = CARTESIAN_POINT('',(-3.,-0.84,-1.665334536938E-16));
#7558 = VECTOR('',#7559,1.);
#7559 = DIRECTION('',(1.144237745222E-17,1.,0.));
#7560 = ORIENTED_EDGE('',*,*,#5784,.T.);
#7561 = ORIENTED_EDGE('',*,*,#7538,.F.);
#7562 = ORIENTED_EDGE('',*,*,#5675,.F.);
#7563 = PLANE('',#7564);
#7564 = AXIS2_PLACEMENT_3D('',#7565,#7566,#7567);
#7565 = CARTESIAN_POINT('',(-3.,-0.84,-1.665334536938E-16));
#7566 = DIRECTION('',(1.,-1.144237745222E-17,0.));
#7567 = DIRECTION('',(0.,0.,1.));
#7568 = ADVANCED_FACE('',(#7569),#7580,.F.);
#7569 = FACE_BOUND('',#7570,.F.);
#7570 = EDGE_LOOP('',(#7571,#7577,#7578,#7579));
#7571 = ORIENTED_EDGE('',*,*,#7572,.T.);
#7572 = EDGE_CURVE('',#5659,#5768,#7573,.T.);
#7573 = LINE('',#7574,#7575);
#7574 = CARTESIAN_POINT('',(-2.724938966801,-0.84,-1.665334536938E-16));
#7575 = VECTOR('',#7576,1.);
#7576 = DIRECTION('',(1.144237745222E-17,1.,0.));
#7577 = ORIENTED_EDGE('',*,*,#5776,.T.);
#7578 = ORIENTED_EDGE('',*,*,#7555,.F.);
#7579 = ORIENTED_EDGE('',*,*,#5667,.F.);
#7580 = PLANE('',#7581);
#7581 = AXIS2_PLACEMENT_3D('',#7582,#7583,#7584);
#7582 = CARTESIAN_POINT('',(-2.724938966801,-0.84,-1.665334536938E-16));
#7583 = DIRECTION('',(0.,0.,1.));
#7584 = DIRECTION('',(-1.,1.144237745222E-17,0.));
#7585 = ADVANCED_FACE('',(#7586),#7597,.T.);
#7586 = FACE_BOUND('',#7587,.T.);
#7587 = EDGE_LOOP('',(#7588,#7589,#7590,#7591));
#7588 = ORIENTED_EDGE('',*,*,#5658,.T.);
#7589 = ORIENTED_EDGE('',*,*,#7572,.T.);
#7590 = ORIENTED_EDGE('',*,*,#5767,.F.);
#7591 = ORIENTED_EDGE('',*,*,#7592,.F.);
#7592 = EDGE_CURVE('',#5651,#5760,#7593,.T.);
#7593 = LINE('',#7594,#7595);
#7594 = CARTESIAN_POINT('',(-2.429496640897,-0.84,0.2479055467));
#7595 = VECTOR('',#7596,1.);
#7596 = DIRECTION('',(1.144237745222E-17,1.,0.));
#7597 = CYLINDRICAL_SURFACE('',#7598,0.3);
#7598 = AXIS2_PLACEMENT_3D('',#7599,#7600,#7601);
#7599 = CARTESIAN_POINT('',(-2.724938966801,-0.84,0.3));
#7600 = DIRECTION('',(-1.144237745222E-17,-1.,0.));
#7601 = DIRECTION('',(0.984807753012,-1.126854202784E-17,-0.173648177667
    ));
#7602 = ADVANCED_FACE('',(#7603),#7609,.F.);
#7603 = FACE_BOUND('',#7604,.F.);
#7604 = EDGE_LOOP('',(#7605,#7606,#7607,#7608));
#7605 = ORIENTED_EDGE('',*,*,#5741,.T.);
#7606 = ORIENTED_EDGE('',*,*,#5759,.T.);
#7607 = ORIENTED_EDGE('',*,*,#7592,.F.);
#7608 = ORIENTED_EDGE('',*,*,#5650,.F.);
#7609 = PLANE('',#7610);
#7610 = AXIS2_PLACEMENT_3D('',#7611,#7612,#7613);
#7611 = CARTESIAN_POINT('',(-2.348480775301,-0.84,0.742364817767));
#7612 = DIRECTION('',(-0.986841372087,1.129181146488E-17,0.161691392282)
  );
#7613 = DIRECTION('',(-0.161691392282,1.85013394127E-18,-0.986841372087)
  );
#7614 = ADVANCED_FACE('',(#7615),#7626,.T.);
#7615 = FACE_BOUND('',#7616,.T.);
#7616 = EDGE_LOOP('',(#7617,#7618,#7619,#7620));
#7617 = ORIENTED_EDGE('',*,*,#5931,.T.);
#7618 = ORIENTED_EDGE('',*,*,#7174,.T.);
#7619 = ORIENTED_EDGE('',*,*,#6040,.F.);
#7620 = ORIENTED_EDGE('',*,*,#7621,.F.);
#7621 = EDGE_CURVE('',#5924,#6033,#7622,.T.);
#7622 = LINE('',#7623,#7624);
#7623 = CARTESIAN_POINT('',(-2.545442325904,0.43,0.7770944533));
#7624 = VECTOR('',#7625,1.);
#7625 = DIRECTION('',(1.144237745222E-17,1.,0.));
#7626 = CYLINDRICAL_SURFACE('',#7627,0.3);
#7627 = AXIS2_PLACEMENT_3D('',#7628,#7629,#7630);
#7628 = CARTESIAN_POINT('',(-2.25,0.43,0.725));
#7629 = DIRECTION('',(-1.144237745222E-17,-1.,0.));
#7630 = DIRECTION('',(-0.984807753012,1.126854202784E-17,0.173648177667)
  );
#7631 = ADVANCED_FACE('',(#7632),#7643,.F.);
#7632 = FACE_BOUND('',#7633,.F.);
#7633 = EDGE_LOOP('',(#7634,#7640,#7641,#7642));
#7634 = ORIENTED_EDGE('',*,*,#7635,.T.);
#7635 = EDGE_CURVE('',#5915,#6024,#7636,.T.);
#7636 = LINE('',#7637,#7638);
#7637 = CARTESIAN_POINT('',(-2.6264581915,0.43,0.282635182233));
#7638 = VECTOR('',#7639,1.);
#7639 = DIRECTION('',(1.144237745222E-17,1.,0.));
#7640 = ORIENTED_EDGE('',*,*,#6032,.T.);
#7641 = ORIENTED_EDGE('',*,*,#7621,.F.);
#7642 = ORIENTED_EDGE('',*,*,#5923,.F.);
#7643 = PLANE('',#7644);
#7644 = AXIS2_PLACEMENT_3D('',#7645,#7646,#7647);
#7645 = CARTESIAN_POINT('',(-2.6264581915,0.43,0.282635182233));
#7646 = DIRECTION('',(0.986841372087,-1.129181146488E-17,-0.161691392282
    ));
#7647 = DIRECTION('',(0.161691392282,-1.85013394127E-18,0.986841372087)
  );
#7648 = ADVANCED_FACE('',(#7649),#7660,.F.);
#7649 = FACE_BOUND('',#7650,.F.);
#7650 = EDGE_LOOP('',(#7651,#7657,#7658,#7659));
#7651 = ORIENTED_EDGE('',*,*,#7652,.T.);
#7652 = EDGE_CURVE('',#5907,#6016,#7653,.T.);
#7653 = LINE('',#7654,#7655);
#7654 = CARTESIAN_POINT('',(-2.724938966801,0.43,0.2));
#7655 = VECTOR('',#7656,1.);
#7656 = DIRECTION('',(1.144237745222E-17,1.,0.));
#7657 = ORIENTED_EDGE('',*,*,#6023,.T.);
#7658 = ORIENTED_EDGE('',*,*,#7635,.F.);
#7659 = ORIENTED_EDGE('',*,*,#5914,.F.);
#7660 = CYLINDRICAL_SURFACE('',#7661,0.1);
#7661 = AXIS2_PLACEMENT_3D('',#7662,#7663,#7664);
#7662 = CARTESIAN_POINT('',(-2.724938966801,0.43,0.3));
#7663 = DIRECTION('',(-1.144237745222E-17,-1.,0.));
#7664 = DIRECTION('',(-0.,0.,-1.));
#7665 = ADVANCED_FACE('',(#7666),#7677,.F.);
#7666 = FACE_BOUND('',#7667,.F.);
#7667 = EDGE_LOOP('',(#7668,#7674,#7675,#7676));
#7668 = ORIENTED_EDGE('',*,*,#7669,.T.);
#7669 = EDGE_CURVE('',#5899,#6008,#7670,.T.);
#7670 = LINE('',#7671,#7672);
#7671 = CARTESIAN_POINT('',(-3.,0.43,0.2));
#7672 = VECTOR('',#7673,1.);
#7673 = DIRECTION('',(1.144237745222E-17,1.,0.));
#7674 = ORIENTED_EDGE('',*,*,#6015,.T.);
#7675 = ORIENTED_EDGE('',*,*,#7652,.F.);
#7676 = ORIENTED_EDGE('',*,*,#5906,.F.);
#7677 = PLANE('',#7678);
#7678 = AXIS2_PLACEMENT_3D('',#7679,#7680,#7681);
#7679 = CARTESIAN_POINT('',(-3.,0.43,0.2));
#7680 = DIRECTION('',(0.,0.,-1.));
#7681 = DIRECTION('',(1.,-1.144237745222E-17,0.));
#7682 = ADVANCED_FACE('',(#7683),#7694,.F.);
#7683 = FACE_BOUND('',#7684,.F.);
#7684 = EDGE_LOOP('',(#7685,#7691,#7692,#7693));
#7685 = ORIENTED_EDGE('',*,*,#7686,.T.);
#7686 = EDGE_CURVE('',#5891,#6000,#7687,.T.);
#7687 = LINE('',#7688,#7689);
#7688 = CARTESIAN_POINT('',(-3.,0.43,-1.665334536938E-16));
#7689 = VECTOR('',#7690,1.);
#7690 = DIRECTION('',(1.144237745222E-17,1.,0.));
#7691 = ORIENTED_EDGE('',*,*,#6007,.T.);
#7692 = ORIENTED_EDGE('',*,*,#7669,.F.);
#7693 = ORIENTED_EDGE('',*,*,#5898,.F.);
#7694 = PLANE('',#7695);
#7695 = AXIS2_PLACEMENT_3D('',#7696,#7697,#7698);
#7696 = CARTESIAN_POINT('',(-3.,0.43,-1.665334536938E-16));
#7697 = DIRECTION('',(1.,-1.144237745222E-17,0.));
#7698 = DIRECTION('',(0.,0.,1.));
#7699 = ADVANCED_FACE('',(#7700),#7711,.F.);
#7700 = FACE_BOUND('',#7701,.F.);
#7701 = EDGE_LOOP('',(#7702,#7708,#7709,#7710));
#7702 = ORIENTED_EDGE('',*,*,#7703,.T.);
#7703 = EDGE_CURVE('',#5882,#5991,#7704,.T.);
#7704 = LINE('',#7705,#7706);
#7705 = CARTESIAN_POINT('',(-2.724938966801,0.43,-1.665334536938E-16));
#7706 = VECTOR('',#7707,1.);
#7707 = DIRECTION('',(1.144237745222E-17,1.,0.));
#7708 = ORIENTED_EDGE('',*,*,#5999,.T.);
#7709 = ORIENTED_EDGE('',*,*,#7686,.F.);
#7710 = ORIENTED_EDGE('',*,*,#5890,.F.);
#7711 = PLANE('',#7712);
#7712 = AXIS2_PLACEMENT_3D('',#7713,#7714,#7715);
#7713 = CARTESIAN_POINT('',(-2.724938966801,0.43,-1.665334536938E-16));
#7714 = DIRECTION('',(0.,0.,1.));
#7715 = DIRECTION('',(-1.,1.144237745222E-17,0.));
#7716 = ADVANCED_FACE('',(#7717),#7728,.T.);
#7717 = FACE_BOUND('',#7718,.T.);
#7718 = EDGE_LOOP('',(#7719,#7720,#7721,#7722));
#7719 = ORIENTED_EDGE('',*,*,#5881,.T.);
#7720 = ORIENTED_EDGE('',*,*,#7703,.T.);
#7721 = ORIENTED_EDGE('',*,*,#5990,.F.);
#7722 = ORIENTED_EDGE('',*,*,#7723,.F.);
#7723 = EDGE_CURVE('',#5874,#5983,#7724,.T.);
#7724 = LINE('',#7725,#7726);
#7725 = CARTESIAN_POINT('',(-2.429496640897,0.43,0.2479055467));
#7726 = VECTOR('',#7727,1.);
#7727 = DIRECTION('',(1.144237745222E-17,1.,0.));
#7728 = CYLINDRICAL_SURFACE('',#7729,0.3);
#7729 = AXIS2_PLACEMENT_3D('',#7730,#7731,#7732);
#7730 = CARTESIAN_POINT('',(-2.724938966801,0.43,0.3));
#7731 = DIRECTION('',(-1.144237745222E-17,-1.,0.));
#7732 = DIRECTION('',(0.984807753012,-1.126854202784E-17,-0.173648177667
    ));
#7733 = ADVANCED_FACE('',(#7734),#7740,.F.);
#7734 = FACE_BOUND('',#7735,.F.);
#7735 = EDGE_LOOP('',(#7736,#7737,#7738,#7739));
#7736 = ORIENTED_EDGE('',*,*,#5964,.T.);
#7737 = ORIENTED_EDGE('',*,*,#5982,.T.);
#7738 = ORIENTED_EDGE('',*,*,#7723,.F.);
#7739 = ORIENTED_EDGE('',*,*,#5873,.F.);
#7740 = PLANE('',#7741);
#7741 = AXIS2_PLACEMENT_3D('',#7742,#7743,#7744);
#7742 = CARTESIAN_POINT('',(-2.348480775301,0.43,0.742364817767));
#7743 = DIRECTION('',(-0.986841372087,1.129181146488E-17,0.161691392282)
  );
#7744 = DIRECTION('',(-0.161691392282,1.85013394127E-18,-0.986841372087)
  );
#7745 = ADVANCED_FACE('',(#7746),#7757,.F.);
#7746 = FACE_BOUND('',#7747,.F.);
#7747 = EDGE_LOOP('',(#7748,#7754,#7755,#7756));
#7748 = ORIENTED_EDGE('',*,*,#7749,.T.);
#7749 = EDGE_CURVE('',#6133,#6235,#7750,.T.);
#7750 = LINE('',#7751,#7752);
#7751 = CARTESIAN_POINT('',(-2.6264581915,1.7,0.282635182233));
#7752 = VECTOR('',#7753,1.);
#7753 = DIRECTION('',(1.144237745222E-17,1.,0.));
#7754 = ORIENTED_EDGE('',*,*,#6243,.T.);
#7755 = ORIENTED_EDGE('',*,*,#7121,.F.);
#7756 = ORIENTED_EDGE('',*,*,#6141,.F.);
#7757 = PLANE('',#7758);
#7758 = AXIS2_PLACEMENT_3D('',#7759,#7760,#7761);
#7759 = CARTESIAN_POINT('',(-2.6264581915,1.7,0.282635182233));
#7760 = DIRECTION('',(0.986841372087,-1.129181146488E-17,-0.161691392282
    ));
#7761 = DIRECTION('',(0.161691392282,-1.85013394127E-18,0.986841372087)
  );
#7762 = ADVANCED_FACE('',(#7763),#7774,.F.);
#7763 = FACE_BOUND('',#7764,.F.);
#7764 = EDGE_LOOP('',(#7765,#7771,#7772,#7773));
#7765 = ORIENTED_EDGE('',*,*,#7766,.T.);
#7766 = EDGE_CURVE('',#6125,#6227,#7767,.T.);
#7767 = LINE('',#7768,#7769);
#7768 = CARTESIAN_POINT('',(-2.724938966801,1.7,0.2));
#7769 = VECTOR('',#7770,1.);
#7770 = DIRECTION('',(1.144237745222E-17,1.,0.));
#7771 = ORIENTED_EDGE('',*,*,#6234,.T.);
#7772 = ORIENTED_EDGE('',*,*,#7749,.F.);
#7773 = ORIENTED_EDGE('',*,*,#6132,.F.);
#7774 = CYLINDRICAL_SURFACE('',#7775,0.1);
#7775 = AXIS2_PLACEMENT_3D('',#7776,#7777,#7778);
#7776 = CARTESIAN_POINT('',(-2.724938966801,1.7,0.3));
#7777 = DIRECTION('',(-1.144237745222E-17,-1.,0.));
#7778 = DIRECTION('',(-0.,0.,-1.));
#7779 = ADVANCED_FACE('',(#7780),#7791,.F.);
#7780 = FACE_BOUND('',#7781,.F.);
#7781 = EDGE_LOOP('',(#7782,#7788,#7789,#7790));
#7782 = ORIENTED_EDGE('',*,*,#7783,.T.);
#7783 = EDGE_CURVE('',#6117,#6219,#7784,.T.);
#7784 = LINE('',#7785,#7786);
#7785 = CARTESIAN_POINT('',(-3.,1.7,0.2));
#7786 = VECTOR('',#7787,1.);
#7787 = DIRECTION('',(1.144237745222E-17,1.,0.));
#7788 = ORIENTED_EDGE('',*,*,#6226,.T.);
#7789 = ORIENTED_EDGE('',*,*,#7766,.F.);
#7790 = ORIENTED_EDGE('',*,*,#6124,.F.);
#7791 = PLANE('',#7792);
#7792 = AXIS2_PLACEMENT_3D('',#7793,#7794,#7795);
#7793 = CARTESIAN_POINT('',(-3.,1.7,0.2));
#7794 = DIRECTION('',(0.,0.,-1.));
#7795 = DIRECTION('',(1.,-1.144237745222E-17,0.));
#7796 = ADVANCED_FACE('',(#7797),#7808,.F.);
#7797 = FACE_BOUND('',#7798,.F.);
#7798 = EDGE_LOOP('',(#7799,#7805,#7806,#7807));
#7799 = ORIENTED_EDGE('',*,*,#7800,.T.);
#7800 = EDGE_CURVE('',#6109,#6211,#7801,.T.);
#7801 = LINE('',#7802,#7803);
#7802 = CARTESIAN_POINT('',(-3.,1.7,-1.665334536938E-16));
#7803 = VECTOR('',#7804,1.);
#7804 = DIRECTION('',(1.144237745222E-17,1.,0.));
#7805 = ORIENTED_EDGE('',*,*,#6218,.T.);
#7806 = ORIENTED_EDGE('',*,*,#7783,.F.);
#7807 = ORIENTED_EDGE('',*,*,#6116,.F.);
#7808 = PLANE('',#7809);
#7809 = AXIS2_PLACEMENT_3D('',#7810,#7811,#7812);
#7810 = CARTESIAN_POINT('',(-3.,1.7,-1.665334536938E-16));
#7811 = DIRECTION('',(1.,-1.144237745222E-17,0.));
#7812 = DIRECTION('',(0.,0.,1.));
#7813 = ADVANCED_FACE('',(#7814),#7825,.F.);
#7814 = FACE_BOUND('',#7815,.F.);
#7815 = EDGE_LOOP('',(#7816,#7822,#7823,#7824));
#7816 = ORIENTED_EDGE('',*,*,#7817,.T.);
#7817 = EDGE_CURVE('',#6100,#6202,#7818,.T.);
#7818 = LINE('',#7819,#7820);
#7819 = CARTESIAN_POINT('',(-2.724938966801,1.7,-1.665334536938E-16));
#7820 = VECTOR('',#7821,1.);
#7821 = DIRECTION('',(1.144237745222E-17,1.,0.));
#7822 = ORIENTED_EDGE('',*,*,#6210,.T.);
#7823 = ORIENTED_EDGE('',*,*,#7800,.F.);
#7824 = ORIENTED_EDGE('',*,*,#6108,.F.);
#7825 = PLANE('',#7826);
#7826 = AXIS2_PLACEMENT_3D('',#7827,#7828,#7829);
#7827 = CARTESIAN_POINT('',(-2.724938966801,1.7,-1.665334536938E-16));
#7828 = DIRECTION('',(0.,0.,1.));
#7829 = DIRECTION('',(-1.,1.144237745222E-17,0.));
#7830 = ADVANCED_FACE('',(#7831),#7842,.T.);
#7831 = FACE_BOUND('',#7832,.T.);
#7832 = EDGE_LOOP('',(#7833,#7834,#7835,#7836));
#7833 = ORIENTED_EDGE('',*,*,#6099,.T.);
#7834 = ORIENTED_EDGE('',*,*,#7817,.T.);
#7835 = ORIENTED_EDGE('',*,*,#6201,.F.);
#7836 = ORIENTED_EDGE('',*,*,#7837,.F.);
#7837 = EDGE_CURVE('',#6092,#6194,#7838,.T.);
#7838 = LINE('',#7839,#7840);
#7839 = CARTESIAN_POINT('',(-2.429496640897,1.7,0.2479055467));
#7840 = VECTOR('',#7841,1.);
#7841 = DIRECTION('',(1.144237745222E-17,1.,0.));
#7842 = CYLINDRICAL_SURFACE('',#7843,0.3);
#7843 = AXIS2_PLACEMENT_3D('',#7844,#7845,#7846);
#7844 = CARTESIAN_POINT('',(-2.724938966801,1.7,0.3));
#7845 = DIRECTION('',(-1.144237745222E-17,-1.,0.));
#7846 = DIRECTION('',(0.984807753012,-1.126854202784E-17,-0.173648177667
    ));
#7847 = ADVANCED_FACE('',(#7848),#7854,.F.);
#7848 = FACE_BOUND('',#7849,.F.);
#7849 = EDGE_LOOP('',(#7850,#7851,#7852,#7853));
#7850 = ORIENTED_EDGE('',*,*,#6175,.T.);
#7851 = ORIENTED_EDGE('',*,*,#6193,.T.);
#7852 = ORIENTED_EDGE('',*,*,#7837,.F.);
#7853 = ORIENTED_EDGE('',*,*,#6091,.F.);
#7854 = PLANE('',#7855);
#7855 = AXIS2_PLACEMENT_3D('',#7856,#7857,#7858);
#7856 = CARTESIAN_POINT('',(-2.348480775301,1.7,0.742364817767));
#7857 = DIRECTION('',(-0.986841372087,1.129181146488E-17,0.161691392282)
  );
#7858 = DIRECTION('',(-0.161691392282,1.85013394127E-18,-0.986841372087)
  );
#7859 = ADVANCED_FACE('',(#7860),#7871,.F.);
#7860 = FACE_BOUND('',#7861,.F.);
#7861 = EDGE_LOOP('',(#7862,#7868,#7869,#7870));
#7862 = ORIENTED_EDGE('',*,*,#7863,.T.);
#7863 = EDGE_CURVE('',#6320,#6422,#7864,.T.);
#7864 = LINE('',#7865,#7866);
#7865 = CARTESIAN_POINT('',(2.6264581915,2.11,0.282635182233));
#7866 = VECTOR('',#7867,1.);
#7867 = DIRECTION('',(1.110223024625E-16,-1.,0.));
#7868 = ORIENTED_EDGE('',*,*,#6430,.T.);
#7869 = ORIENTED_EDGE('',*,*,#7330,.F.);
#7870 = ORIENTED_EDGE('',*,*,#6328,.F.);
#7871 = PLANE('',#7872);
#7872 = AXIS2_PLACEMENT_3D('',#7873,#7874,#7875);
#7873 = CARTESIAN_POINT('',(2.6264581915,2.11,0.282635182233));
#7874 = DIRECTION('',(-0.986841372087,-1.095614012943E-16,
    -0.161691392282));
#7875 = DIRECTION('',(-0.161691392282,-1.795135065956E-17,0.986841372087
    ));
#7876 = ADVANCED_FACE('',(#7877),#7888,.F.);
#7877 = FACE_BOUND('',#7878,.F.);
#7878 = EDGE_LOOP('',(#7879,#7885,#7886,#7887));
#7879 = ORIENTED_EDGE('',*,*,#7880,.T.);
#7880 = EDGE_CURVE('',#6312,#6414,#7881,.T.);
#7881 = LINE('',#7882,#7883);
#7882 = CARTESIAN_POINT('',(2.724938966801,2.11,0.2));
#7883 = VECTOR('',#7884,1.);
#7884 = DIRECTION('',(1.110223024625E-16,-1.,0.));
#7885 = ORIENTED_EDGE('',*,*,#6421,.T.);
#7886 = ORIENTED_EDGE('',*,*,#7863,.F.);
#7887 = ORIENTED_EDGE('',*,*,#6319,.F.);
#7888 = CYLINDRICAL_SURFACE('',#7889,0.1);
#7889 = AXIS2_PLACEMENT_3D('',#7890,#7891,#7892);
#7890 = CARTESIAN_POINT('',(2.724938966801,2.11,0.3));
#7891 = DIRECTION('',(-1.110223024625E-16,1.,0.));
#7892 = DIRECTION('',(0.,0.,-1.));
#7893 = ADVANCED_FACE('',(#7894),#7905,.F.);
#7894 = FACE_BOUND('',#7895,.F.);
#7895 = EDGE_LOOP('',(#7896,#7902,#7903,#7904));
#7896 = ORIENTED_EDGE('',*,*,#7897,.T.);
#7897 = EDGE_CURVE('',#6304,#6406,#7898,.T.);
#7898 = LINE('',#7899,#7900);
#7899 = CARTESIAN_POINT('',(3.,2.11,0.2));
#7900 = VECTOR('',#7901,1.);
#7901 = DIRECTION('',(1.110223024625E-16,-1.,0.));
#7902 = ORIENTED_EDGE('',*,*,#6413,.T.);
#7903 = ORIENTED_EDGE('',*,*,#7880,.F.);
#7904 = ORIENTED_EDGE('',*,*,#6311,.F.);
#7905 = PLANE('',#7906);
#7906 = AXIS2_PLACEMENT_3D('',#7907,#7908,#7909);
#7907 = CARTESIAN_POINT('',(3.,2.11,0.2));
#7908 = DIRECTION('',(0.,0.,-1.));
#7909 = DIRECTION('',(-1.,-1.110223024625E-16,-0.));
#7910 = ADVANCED_FACE('',(#7911),#7922,.F.);
#7911 = FACE_BOUND('',#7912,.F.);
#7912 = EDGE_LOOP('',(#7913,#7919,#7920,#7921));
#7913 = ORIENTED_EDGE('',*,*,#7914,.T.);
#7914 = EDGE_CURVE('',#6296,#6398,#7915,.T.);
#7915 = LINE('',#7916,#7917);
#7916 = CARTESIAN_POINT('',(3.,2.11,-1.665334536938E-16));
#7917 = VECTOR('',#7918,1.);
#7918 = DIRECTION('',(1.110223024625E-16,-1.,0.));
#7919 = ORIENTED_EDGE('',*,*,#6405,.T.);
#7920 = ORIENTED_EDGE('',*,*,#7897,.F.);
#7921 = ORIENTED_EDGE('',*,*,#6303,.F.);
#7922 = PLANE('',#7923);
#7923 = AXIS2_PLACEMENT_3D('',#7924,#7925,#7926);
#7924 = CARTESIAN_POINT('',(3.,2.11,-1.665334536938E-16));
#7925 = DIRECTION('',(-1.,-1.110223024625E-16,0.));
#7926 = DIRECTION('',(0.,0.,1.));
#7927 = ADVANCED_FACE('',(#7928),#7939,.F.);
#7928 = FACE_BOUND('',#7929,.F.);
#7929 = EDGE_LOOP('',(#7930,#7936,#7937,#7938));
#7930 = ORIENTED_EDGE('',*,*,#7931,.T.);
#7931 = EDGE_CURVE('',#6287,#6389,#7932,.T.);
#7932 = LINE('',#7933,#7934);
#7933 = CARTESIAN_POINT('',(2.724938966801,2.11,-1.665334536938E-16));
#7934 = VECTOR('',#7935,1.);
#7935 = DIRECTION('',(1.110223024625E-16,-1.,0.));
#7936 = ORIENTED_EDGE('',*,*,#6397,.T.);
#7937 = ORIENTED_EDGE('',*,*,#7914,.F.);
#7938 = ORIENTED_EDGE('',*,*,#6295,.F.);
#7939 = PLANE('',#7940);
#7940 = AXIS2_PLACEMENT_3D('',#7941,#7942,#7943);
#7941 = CARTESIAN_POINT('',(2.724938966801,2.11,-1.665334536938E-16));
#7942 = DIRECTION('',(0.,0.,1.));
#7943 = DIRECTION('',(1.,1.110223024625E-16,-0.));
#7944 = ADVANCED_FACE('',(#7945),#7956,.T.);
#7945 = FACE_BOUND('',#7946,.T.);
#7946 = EDGE_LOOP('',(#7947,#7948,#7949,#7950));
#7947 = ORIENTED_EDGE('',*,*,#6286,.T.);
#7948 = ORIENTED_EDGE('',*,*,#7931,.T.);
#7949 = ORIENTED_EDGE('',*,*,#6388,.F.);
#7950 = ORIENTED_EDGE('',*,*,#7951,.F.);
#7951 = EDGE_CURVE('',#6279,#6381,#7952,.T.);
#7952 = LINE('',#7953,#7954);
#7953 = CARTESIAN_POINT('',(2.429496640897,2.11,0.2479055467));
#7954 = VECTOR('',#7955,1.);
#7955 = DIRECTION('',(1.110223024625E-16,-1.,0.));
#7956 = CYLINDRICAL_SURFACE('',#7957,0.3);
#7957 = AXIS2_PLACEMENT_3D('',#7958,#7959,#7960);
#7958 = CARTESIAN_POINT('',(2.724938966801,2.11,0.3));
#7959 = DIRECTION('',(-1.110223024625E-16,1.,0.));
#7960 = DIRECTION('',(-0.984807753012,-1.093356242223E-16,
    -0.173648177667));
#7961 = ADVANCED_FACE('',(#7962),#7968,.F.);
#7962 = FACE_BOUND('',#7963,.F.);
#7963 = EDGE_LOOP('',(#7964,#7965,#7966,#7967));
#7964 = ORIENTED_EDGE('',*,*,#6362,.T.);
#7965 = ORIENTED_EDGE('',*,*,#6380,.T.);
#7966 = ORIENTED_EDGE('',*,*,#7951,.F.);
#7967 = ORIENTED_EDGE('',*,*,#6278,.F.);
#7968 = PLANE('',#7969);
#7969 = AXIS2_PLACEMENT_3D('',#7970,#7971,#7972);
#7970 = CARTESIAN_POINT('',(2.348480775301,2.11,0.742364817767));
#7971 = DIRECTION('',(0.986841372087,1.095614012943E-16,0.161691392282)
  );
#7972 = DIRECTION('',(0.161691392282,1.795135065956E-17,-0.986841372087)
  );
#7973 = ADVANCED_FACE('',(#7974),#7985,.T.);
#7974 = FACE_BOUND('',#7975,.T.);
#7975 = EDGE_LOOP('',(#7976,#7977,#7978,#7979));
#7976 = ORIENTED_EDGE('',*,*,#6540,.T.);
#7977 = ORIENTED_EDGE('',*,*,#7255,.T.);
#7978 = ORIENTED_EDGE('',*,*,#6649,.F.);
#7979 = ORIENTED_EDGE('',*,*,#7980,.F.);
#7980 = EDGE_CURVE('',#6533,#6642,#7981,.T.);
#7981 = LINE('',#7982,#7983);
#7982 = CARTESIAN_POINT('',(2.545442325904,0.84,0.7770944533));
#7983 = VECTOR('',#7984,1.);
#7984 = DIRECTION('',(1.110223024625E-16,-1.,0.));
#7985 = CYLINDRICAL_SURFACE('',#7986,0.3);
#7986 = AXIS2_PLACEMENT_3D('',#7987,#7988,#7989);
#7987 = CARTESIAN_POINT('',(2.25,0.84,0.725));
#7988 = DIRECTION('',(-1.110223024625E-16,1.,0.));
#7989 = DIRECTION('',(0.984807753012,1.093356242223E-16,0.173648177667)
  );
#7990 = ADVANCED_FACE('',(#7991),#8002,.F.);
#7991 = FACE_BOUND('',#7992,.F.);
#7992 = EDGE_LOOP('',(#7993,#7999,#8000,#8001));
#7993 = ORIENTED_EDGE('',*,*,#7994,.T.);
#7994 = EDGE_CURVE('',#6524,#6633,#7995,.T.);
#7995 = LINE('',#7996,#7997);
#7996 = CARTESIAN_POINT('',(2.6264581915,0.84,0.282635182233));
#7997 = VECTOR('',#7998,1.);
#7998 = DIRECTION('',(1.110223024625E-16,-1.,0.));
#7999 = ORIENTED_EDGE('',*,*,#6641,.T.);
#8000 = ORIENTED_EDGE('',*,*,#7980,.F.);
#8001 = ORIENTED_EDGE('',*,*,#6532,.F.);
#8002 = PLANE('',#8003);
#8003 = AXIS2_PLACEMENT_3D('',#8004,#8005,#8006);
#8004 = CARTESIAN_POINT('',(2.6264581915,0.84,0.282635182233));
#8005 = DIRECTION('',(-0.986841372087,-1.095614012943E-16,
    -0.161691392282));
#8006 = DIRECTION('',(-0.161691392282,-1.795135065956E-17,0.986841372087
    ));
#8007 = ADVANCED_FACE('',(#8008),#8019,.F.);
#8008 = FACE_BOUND('',#8009,.F.);
#8009 = EDGE_LOOP('',(#8010,#8016,#8017,#8018));
#8010 = ORIENTED_EDGE('',*,*,#8011,.T.);
#8011 = EDGE_CURVE('',#6516,#6625,#8012,.T.);
#8012 = LINE('',#8013,#8014);
#8013 = CARTESIAN_POINT('',(2.724938966801,0.84,0.2));
#8014 = VECTOR('',#8015,1.);
#8015 = DIRECTION('',(1.110223024625E-16,-1.,0.));
#8016 = ORIENTED_EDGE('',*,*,#6632,.T.);
#8017 = ORIENTED_EDGE('',*,*,#7994,.F.);
#8018 = ORIENTED_EDGE('',*,*,#6523,.F.);
#8019 = CYLINDRICAL_SURFACE('',#8020,0.1);
#8020 = AXIS2_PLACEMENT_3D('',#8021,#8022,#8023);
#8021 = CARTESIAN_POINT('',(2.724938966801,0.84,0.3));
#8022 = DIRECTION('',(-1.110223024625E-16,1.,0.));
#8023 = DIRECTION('',(0.,0.,-1.));
#8024 = ADVANCED_FACE('',(#8025),#8036,.F.);
#8025 = FACE_BOUND('',#8026,.F.);
#8026 = EDGE_LOOP('',(#8027,#8033,#8034,#8035));
#8027 = ORIENTED_EDGE('',*,*,#8028,.T.);
#8028 = EDGE_CURVE('',#6508,#6617,#8029,.T.);
#8029 = LINE('',#8030,#8031);
#8030 = CARTESIAN_POINT('',(3.,0.84,0.2));
#8031 = VECTOR('',#8032,1.);
#8032 = DIRECTION('',(1.110223024625E-16,-1.,0.));
#8033 = ORIENTED_EDGE('',*,*,#6624,.T.);
#8034 = ORIENTED_EDGE('',*,*,#8011,.F.);
#8035 = ORIENTED_EDGE('',*,*,#6515,.F.);
#8036 = PLANE('',#8037);
#8037 = AXIS2_PLACEMENT_3D('',#8038,#8039,#8040);
#8038 = CARTESIAN_POINT('',(3.,0.84,0.2));
#8039 = DIRECTION('',(0.,0.,-1.));
#8040 = DIRECTION('',(-1.,-1.110223024625E-16,-0.));
#8041 = ADVANCED_FACE('',(#8042),#8053,.F.);
#8042 = FACE_BOUND('',#8043,.F.);
#8043 = EDGE_LOOP('',(#8044,#8050,#8051,#8052));
#8044 = ORIENTED_EDGE('',*,*,#8045,.T.);
#8045 = EDGE_CURVE('',#6500,#6609,#8046,.T.);
#8046 = LINE('',#8047,#8048);
#8047 = CARTESIAN_POINT('',(3.,0.84,-1.665334536938E-16));
#8048 = VECTOR('',#8049,1.);
#8049 = DIRECTION('',(1.110223024625E-16,-1.,0.));
#8050 = ORIENTED_EDGE('',*,*,#6616,.T.);
#8051 = ORIENTED_EDGE('',*,*,#8028,.F.);
#8052 = ORIENTED_EDGE('',*,*,#6507,.F.);
#8053 = PLANE('',#8054);
#8054 = AXIS2_PLACEMENT_3D('',#8055,#8056,#8057);
#8055 = CARTESIAN_POINT('',(3.,0.84,-1.665334536938E-16));
#8056 = DIRECTION('',(-1.,-1.110223024625E-16,0.));
#8057 = DIRECTION('',(0.,0.,1.));
#8058 = ADVANCED_FACE('',(#8059),#8070,.F.);
#8059 = FACE_BOUND('',#8060,.F.);
#8060 = EDGE_LOOP('',(#8061,#8067,#8068,#8069));
#8061 = ORIENTED_EDGE('',*,*,#8062,.T.);
#8062 = EDGE_CURVE('',#6491,#6600,#8063,.T.);
#8063 = LINE('',#8064,#8065);
#8064 = CARTESIAN_POINT('',(2.724938966801,0.84,-1.665334536938E-16));
#8065 = VECTOR('',#8066,1.);
#8066 = DIRECTION('',(1.110223024625E-16,-1.,0.));
#8067 = ORIENTED_EDGE('',*,*,#6608,.T.);
#8068 = ORIENTED_EDGE('',*,*,#8045,.F.);
#8069 = ORIENTED_EDGE('',*,*,#6499,.F.);
#8070 = PLANE('',#8071);
#8071 = AXIS2_PLACEMENT_3D('',#8072,#8073,#8074);
#8072 = CARTESIAN_POINT('',(2.724938966801,0.84,-1.665334536938E-16));
#8073 = DIRECTION('',(0.,0.,1.));
#8074 = DIRECTION('',(1.,1.110223024625E-16,-0.));
#8075 = ADVANCED_FACE('',(#8076),#8087,.T.);
#8076 = FACE_BOUND('',#8077,.T.);
#8077 = EDGE_LOOP('',(#8078,#8079,#8080,#8081));
#8078 = ORIENTED_EDGE('',*,*,#6490,.T.);
#8079 = ORIENTED_EDGE('',*,*,#8062,.T.);
#8080 = ORIENTED_EDGE('',*,*,#6599,.F.);
#8081 = ORIENTED_EDGE('',*,*,#8082,.F.);
#8082 = EDGE_CURVE('',#6483,#6592,#8083,.T.);
#8083 = LINE('',#8084,#8085);
#8084 = CARTESIAN_POINT('',(2.429496640897,0.84,0.2479055467));
#8085 = VECTOR('',#8086,1.);
#8086 = DIRECTION('',(1.110223024625E-16,-1.,0.));
#8087 = CYLINDRICAL_SURFACE('',#8088,0.3);
#8088 = AXIS2_PLACEMENT_3D('',#8089,#8090,#8091);
#8089 = CARTESIAN_POINT('',(2.724938966801,0.84,0.3));
#8090 = DIRECTION('',(-1.110223024625E-16,1.,0.));
#8091 = DIRECTION('',(-0.984807753012,-1.093356242223E-16,
    -0.173648177667));
#8092 = ADVANCED_FACE('',(#8093),#8099,.F.);
#8093 = FACE_BOUND('',#8094,.F.);
#8094 = EDGE_LOOP('',(#8095,#8096,#8097,#8098));
#8095 = ORIENTED_EDGE('',*,*,#6573,.T.);
#8096 = ORIENTED_EDGE('',*,*,#6591,.T.);
#8097 = ORIENTED_EDGE('',*,*,#8082,.F.);
#8098 = ORIENTED_EDGE('',*,*,#6482,.F.);
#8099 = PLANE('',#8100);
#8100 = AXIS2_PLACEMENT_3D('',#8101,#8102,#8103);
#8101 = CARTESIAN_POINT('',(2.348480775301,0.84,0.742364817767));
#8102 = DIRECTION('',(0.986841372087,1.095614012943E-16,0.161691392282)
  );
#8103 = DIRECTION('',(0.161691392282,1.795135065956E-17,-0.986841372087)
  );
#8104 = ADVANCED_FACE('',(#8105),#8116,.T.);
#8105 = FACE_BOUND('',#8106,.T.);
#8106 = EDGE_LOOP('',(#8107,#8108,#8109,#8110));
#8107 = ORIENTED_EDGE('',*,*,#6763,.T.);
#8108 = ORIENTED_EDGE('',*,*,#7274,.T.);
#8109 = ORIENTED_EDGE('',*,*,#6872,.F.);
#8110 = ORIENTED_EDGE('',*,*,#8111,.F.);
#8111 = EDGE_CURVE('',#6756,#6865,#8112,.T.);
#8112 = LINE('',#8113,#8114);
#8113 = CARTESIAN_POINT('',(2.545442325904,-0.43,0.7770944533));
#8114 = VECTOR('',#8115,1.);
#8115 = DIRECTION('',(1.110223024625E-16,-1.,0.));
#8116 = CYLINDRICAL_SURFACE('',#8117,0.3);
#8117 = AXIS2_PLACEMENT_3D('',#8118,#8119,#8120);
#8118 = CARTESIAN_POINT('',(2.25,-0.43,0.725));
#8119 = DIRECTION('',(-1.110223024625E-16,1.,0.));
#8120 = DIRECTION('',(0.984807753012,1.093356242223E-16,0.173648177667)
  );
#8121 = ADVANCED_FACE('',(#8122),#8133,.F.);
#8122 = FACE_BOUND('',#8123,.F.);
#8123 = EDGE_LOOP('',(#8124,#8130,#8131,#8132));
#8124 = ORIENTED_EDGE('',*,*,#8125,.T.);
#8125 = EDGE_CURVE('',#6747,#6856,#8126,.T.);
#8126 = LINE('',#8127,#8128);
#8127 = CARTESIAN_POINT('',(2.6264581915,-0.43,0.282635182233));
#8128 = VECTOR('',#8129,1.);
#8129 = DIRECTION('',(1.110223024625E-16,-1.,0.));
#8130 = ORIENTED_EDGE('',*,*,#6864,.T.);
#8131 = ORIENTED_EDGE('',*,*,#8111,.F.);
#8132 = ORIENTED_EDGE('',*,*,#6755,.F.);
#8133 = PLANE('',#8134);
#8134 = AXIS2_PLACEMENT_3D('',#8135,#8136,#8137);
#8135 = CARTESIAN_POINT('',(2.6264581915,-0.43,0.282635182233));
#8136 = DIRECTION('',(-0.986841372087,-1.095614012943E-16,
    -0.161691392282));
#8137 = DIRECTION('',(-0.161691392282,-1.795135065956E-17,0.986841372087
    ));
#8138 = ADVANCED_FACE('',(#8139),#8150,.F.);
#8139 = FACE_BOUND('',#8140,.F.);
#8140 = EDGE_LOOP('',(#8141,#8147,#8148,#8149));
#8141 = ORIENTED_EDGE('',*,*,#8142,.T.);
#8142 = EDGE_CURVE('',#6739,#6848,#8143,.T.);
#8143 = LINE('',#8144,#8145);
#8144 = CARTESIAN_POINT('',(2.724938966801,-0.43,0.2));
#8145 = VECTOR('',#8146,1.);
#8146 = DIRECTION('',(1.110223024625E-16,-1.,0.));
#8147 = ORIENTED_EDGE('',*,*,#6855,.T.);
#8148 = ORIENTED_EDGE('',*,*,#8125,.F.);
#8149 = ORIENTED_EDGE('',*,*,#6746,.F.);
#8150 = CYLINDRICAL_SURFACE('',#8151,0.1);
#8151 = AXIS2_PLACEMENT_3D('',#8152,#8153,#8154);
#8152 = CARTESIAN_POINT('',(2.724938966801,-0.43,0.3));
#8153 = DIRECTION('',(-1.110223024625E-16,1.,0.));
#8154 = DIRECTION('',(0.,0.,-1.));
#8155 = ADVANCED_FACE('',(#8156),#8167,.F.);
#8156 = FACE_BOUND('',#8157,.F.);
#8157 = EDGE_LOOP('',(#8158,#8164,#8165,#8166));
#8158 = ORIENTED_EDGE('',*,*,#8159,.T.);
#8159 = EDGE_CURVE('',#6731,#6840,#8160,.T.);
#8160 = LINE('',#8161,#8162);
#8161 = CARTESIAN_POINT('',(3.,-0.43,0.2));
#8162 = VECTOR('',#8163,1.);
#8163 = DIRECTION('',(1.110223024625E-16,-1.,0.));
#8164 = ORIENTED_EDGE('',*,*,#6847,.T.);
#8165 = ORIENTED_EDGE('',*,*,#8142,.F.);
#8166 = ORIENTED_EDGE('',*,*,#6738,.F.);
#8167 = PLANE('',#8168);
#8168 = AXIS2_PLACEMENT_3D('',#8169,#8170,#8171);
#8169 = CARTESIAN_POINT('',(3.,-0.43,0.2));
#8170 = DIRECTION('',(0.,0.,-1.));
#8171 = DIRECTION('',(-1.,-1.110223024625E-16,-0.));
#8172 = ADVANCED_FACE('',(#8173),#8184,.F.);
#8173 = FACE_BOUND('',#8174,.F.);
#8174 = EDGE_LOOP('',(#8175,#8181,#8182,#8183));
#8175 = ORIENTED_EDGE('',*,*,#8176,.T.);
#8176 = EDGE_CURVE('',#6723,#6832,#8177,.T.);
#8177 = LINE('',#8178,#8179);
#8178 = CARTESIAN_POINT('',(3.,-0.43,-1.665334536938E-16));
#8179 = VECTOR('',#8180,1.);
#8180 = DIRECTION('',(1.110223024625E-16,-1.,0.));
#8181 = ORIENTED_EDGE('',*,*,#6839,.T.);
#8182 = ORIENTED_EDGE('',*,*,#8159,.F.);
#8183 = ORIENTED_EDGE('',*,*,#6730,.F.);
#8184 = PLANE('',#8185);
#8185 = AXIS2_PLACEMENT_3D('',#8186,#8187,#8188);
#8186 = CARTESIAN_POINT('',(3.,-0.43,-1.665334536938E-16));
#8187 = DIRECTION('',(-1.,-1.110223024625E-16,0.));
#8188 = DIRECTION('',(0.,0.,1.));
#8189 = ADVANCED_FACE('',(#8190),#8201,.F.);
#8190 = FACE_BOUND('',#8191,.F.);
#8191 = EDGE_LOOP('',(#8192,#8198,#8199,#8200));
#8192 = ORIENTED_EDGE('',*,*,#8193,.T.);
#8193 = EDGE_CURVE('',#6714,#6823,#8194,.T.);
#8194 = LINE('',#8195,#8196);
#8195 = CARTESIAN_POINT('',(2.724938966801,-0.43,-1.665334536938E-16));
#8196 = VECTOR('',#8197,1.);
#8197 = DIRECTION('',(1.110223024625E-16,-1.,0.));
#8198 = ORIENTED_EDGE('',*,*,#6831,.T.);
#8199 = ORIENTED_EDGE('',*,*,#8176,.F.);
#8200 = ORIENTED_EDGE('',*,*,#6722,.F.);
#8201 = PLANE('',#8202);
#8202 = AXIS2_PLACEMENT_3D('',#8203,#8204,#8205);
#8203 = CARTESIAN_POINT('',(2.724938966801,-0.43,-1.665334536938E-16));
#8204 = DIRECTION('',(0.,0.,1.));
#8205 = DIRECTION('',(1.,1.110223024625E-16,-0.));
#8206 = ADVANCED_FACE('',(#8207),#8218,.T.);
#8207 = FACE_BOUND('',#8208,.T.);
#8208 = EDGE_LOOP('',(#8209,#8210,#8211,#8212));
#8209 = ORIENTED_EDGE('',*,*,#6713,.T.);
#8210 = ORIENTED_EDGE('',*,*,#8193,.T.);
#8211 = ORIENTED_EDGE('',*,*,#6822,.F.);
#8212 = ORIENTED_EDGE('',*,*,#8213,.F.);
#8213 = EDGE_CURVE('',#6706,#6815,#8214,.T.);
#8214 = LINE('',#8215,#8216);
#8215 = CARTESIAN_POINT('',(2.429496640897,-0.43,0.2479055467));
#8216 = VECTOR('',#8217,1.);
#8217 = DIRECTION('',(1.110223024625E-16,-1.,0.));
#8218 = CYLINDRICAL_SURFACE('',#8219,0.3);
#8219 = AXIS2_PLACEMENT_3D('',#8220,#8221,#8222);
#8220 = CARTESIAN_POINT('',(2.724938966801,-0.43,0.3));
#8221 = DIRECTION('',(-1.110223024625E-16,1.,0.));
#8222 = DIRECTION('',(-0.984807753012,-1.093356242223E-16,
    -0.173648177667));
#8223 = ADVANCED_FACE('',(#8224),#8230,.F.);
#8224 = FACE_BOUND('',#8225,.F.);
#8225 = EDGE_LOOP('',(#8226,#8227,#8228,#8229));
#8226 = ORIENTED_EDGE('',*,*,#6796,.T.);
#8227 = ORIENTED_EDGE('',*,*,#6814,.T.);
#8228 = ORIENTED_EDGE('',*,*,#8213,.F.);
#8229 = ORIENTED_EDGE('',*,*,#6705,.F.);
#8230 = PLANE('',#8231);
#8231 = AXIS2_PLACEMENT_3D('',#8232,#8233,#8234);
#8232 = CARTESIAN_POINT('',(2.348480775301,-0.43,0.742364817767));
#8233 = DIRECTION('',(0.986841372087,1.095614012943E-16,0.161691392282)
  );
#8234 = DIRECTION('',(0.161691392282,1.795135065956E-17,-0.986841372087)
  );
#8235 = ADVANCED_FACE('',(#8236),#8247,.T.);
#8236 = FACE_BOUND('',#8237,.T.);
#8237 = EDGE_LOOP('',(#8238,#8239,#8240,#8241));
#8238 = ORIENTED_EDGE('',*,*,#6986,.T.);
#8239 = ORIENTED_EDGE('',*,*,#7293,.T.);
#8240 = ORIENTED_EDGE('',*,*,#7095,.F.);
#8241 = ORIENTED_EDGE('',*,*,#8242,.F.);
#8242 = EDGE_CURVE('',#6979,#7088,#8243,.T.);
#8243 = LINE('',#8244,#8245);
#8244 = CARTESIAN_POINT('',(2.545442325904,-1.7,0.7770944533));
#8245 = VECTOR('',#8246,1.);
#8246 = DIRECTION('',(1.110223024625E-16,-1.,0.));
#8247 = CYLINDRICAL_SURFACE('',#8248,0.3);
#8248 = AXIS2_PLACEMENT_3D('',#8249,#8250,#8251);
#8249 = CARTESIAN_POINT('',(2.25,-1.7,0.725));
#8250 = DIRECTION('',(-1.110223024625E-16,1.,0.));
#8251 = DIRECTION('',(0.984807753012,1.093356242223E-16,0.173648177667)
  );
#8252 = ADVANCED_FACE('',(#8253),#8264,.F.);
#8253 = FACE_BOUND('',#8254,.F.);
#8254 = EDGE_LOOP('',(#8255,#8261,#8262,#8263));
#8255 = ORIENTED_EDGE('',*,*,#8256,.T.);
#8256 = EDGE_CURVE('',#6970,#7079,#8257,.T.);
#8257 = LINE('',#8258,#8259);
#8258 = CARTESIAN_POINT('',(2.6264581915,-1.7,0.282635182233));
#8259 = VECTOR('',#8260,1.);
#8260 = DIRECTION('',(1.110223024625E-16,-1.,0.));
#8261 = ORIENTED_EDGE('',*,*,#7087,.T.);
#8262 = ORIENTED_EDGE('',*,*,#8242,.F.);
#8263 = ORIENTED_EDGE('',*,*,#6978,.F.);
#8264 = PLANE('',#8265);
#8265 = AXIS2_PLACEMENT_3D('',#8266,#8267,#8268);
#8266 = CARTESIAN_POINT('',(2.6264581915,-1.7,0.282635182233));
#8267 = DIRECTION('',(-0.986841372087,-1.095614012943E-16,
    -0.161691392282));
#8268 = DIRECTION('',(-0.161691392282,-1.795135065956E-17,0.986841372087
    ));
#8269 = ADVANCED_FACE('',(#8270),#8281,.F.);
#8270 = FACE_BOUND('',#8271,.F.);
#8271 = EDGE_LOOP('',(#8272,#8278,#8279,#8280));
#8272 = ORIENTED_EDGE('',*,*,#8273,.T.);
#8273 = EDGE_CURVE('',#6962,#7071,#8274,.T.);
#8274 = LINE('',#8275,#8276);
#8275 = CARTESIAN_POINT('',(2.724938966801,-1.7,0.2));
#8276 = VECTOR('',#8277,1.);
#8277 = DIRECTION('',(1.110223024625E-16,-1.,0.));
#8278 = ORIENTED_EDGE('',*,*,#7078,.T.);
#8279 = ORIENTED_EDGE('',*,*,#8256,.F.);
#8280 = ORIENTED_EDGE('',*,*,#6969,.F.);
#8281 = CYLINDRICAL_SURFACE('',#8282,0.1);
#8282 = AXIS2_PLACEMENT_3D('',#8283,#8284,#8285);
#8283 = CARTESIAN_POINT('',(2.724938966801,-1.7,0.3));
#8284 = DIRECTION('',(-1.110223024625E-16,1.,0.));
#8285 = DIRECTION('',(0.,0.,-1.));
#8286 = ADVANCED_FACE('',(#8287),#8298,.F.);
#8287 = FACE_BOUND('',#8288,.F.);
#8288 = EDGE_LOOP('',(#8289,#8295,#8296,#8297));
#8289 = ORIENTED_EDGE('',*,*,#8290,.T.);
#8290 = EDGE_CURVE('',#6954,#7063,#8291,.T.);
#8291 = LINE('',#8292,#8293);
#8292 = CARTESIAN_POINT('',(3.,-1.7,0.2));
#8293 = VECTOR('',#8294,1.);
#8294 = DIRECTION('',(1.110223024625E-16,-1.,0.));
#8295 = ORIENTED_EDGE('',*,*,#7070,.T.);
#8296 = ORIENTED_EDGE('',*,*,#8273,.F.);
#8297 = ORIENTED_EDGE('',*,*,#6961,.F.);
#8298 = PLANE('',#8299);
#8299 = AXIS2_PLACEMENT_3D('',#8300,#8301,#8302);
#8300 = CARTESIAN_POINT('',(3.,-1.7,0.2));
#8301 = DIRECTION('',(0.,0.,-1.));
#8302 = DIRECTION('',(-1.,-1.110223024625E-16,-0.));
#8303 = ADVANCED_FACE('',(#8304),#8315,.F.);
#8304 = FACE_BOUND('',#8305,.F.);
#8305 = EDGE_LOOP('',(#8306,#8312,#8313,#8314));
#8306 = ORIENTED_EDGE('',*,*,#8307,.T.);
#8307 = EDGE_CURVE('',#6946,#7055,#8308,.T.);
#8308 = LINE('',#8309,#8310);
#8309 = CARTESIAN_POINT('',(3.,-1.7,-1.665334536938E-16));
#8310 = VECTOR('',#8311,1.);
#8311 = DIRECTION('',(1.110223024625E-16,-1.,0.));
#8312 = ORIENTED_EDGE('',*,*,#7062,.T.);
#8313 = ORIENTED_EDGE('',*,*,#8290,.F.);
#8314 = ORIENTED_EDGE('',*,*,#6953,.F.);
#8315 = PLANE('',#8316);
#8316 = AXIS2_PLACEMENT_3D('',#8317,#8318,#8319);
#8317 = CARTESIAN_POINT('',(3.,-1.7,-1.665334536938E-16));
#8318 = DIRECTION('',(-1.,-1.110223024625E-16,0.));
#8319 = DIRECTION('',(0.,0.,1.));
#8320 = ADVANCED_FACE('',(#8321),#8332,.F.);
#8321 = FACE_BOUND('',#8322,.F.);
#8322 = EDGE_LOOP('',(#8323,#8329,#8330,#8331));
#8323 = ORIENTED_EDGE('',*,*,#8324,.T.);
#8324 = EDGE_CURVE('',#6937,#7046,#8325,.T.);
#8325 = LINE('',#8326,#8327);
#8326 = CARTESIAN_POINT('',(2.724938966801,-1.7,-1.665334536938E-16));
#8327 = VECTOR('',#8328,1.);
#8328 = DIRECTION('',(1.110223024625E-16,-1.,0.));
#8329 = ORIENTED_EDGE('',*,*,#7054,.T.);
#8330 = ORIENTED_EDGE('',*,*,#8307,.F.);
#8331 = ORIENTED_EDGE('',*,*,#6945,.F.);
#8332 = PLANE('',#8333);
#8333 = AXIS2_PLACEMENT_3D('',#8334,#8335,#8336);
#8334 = CARTESIAN_POINT('',(2.724938966801,-1.7,-1.665334536938E-16));
#8335 = DIRECTION('',(0.,0.,1.));
#8336 = DIRECTION('',(1.,1.110223024625E-16,-0.));
#8337 = ADVANCED_FACE('',(#8338),#8349,.T.);
#8338 = FACE_BOUND('',#8339,.T.);
#8339 = EDGE_LOOP('',(#8340,#8341,#8342,#8343));
#8340 = ORIENTED_EDGE('',*,*,#6936,.T.);
#8341 = ORIENTED_EDGE('',*,*,#8324,.T.);
#8342 = ORIENTED_EDGE('',*,*,#7045,.F.);
#8343 = ORIENTED_EDGE('',*,*,#8344,.F.);
#8344 = EDGE_CURVE('',#6929,#7038,#8345,.T.);
#8345 = LINE('',#8346,#8347);
#8346 = CARTESIAN_POINT('',(2.429496640897,-1.7,0.2479055467));
#8347 = VECTOR('',#8348,1.);
#8348 = DIRECTION('',(1.110223024625E-16,-1.,0.));
#8349 = CYLINDRICAL_SURFACE('',#8350,0.3);
#8350 = AXIS2_PLACEMENT_3D('',#8351,#8352,#8353);
#8351 = CARTESIAN_POINT('',(2.724938966801,-1.7,0.3));
#8352 = DIRECTION('',(-1.110223024625E-16,1.,0.));
#8353 = DIRECTION('',(-0.984807753012,-1.093356242223E-16,
    -0.173648177667));
#8354 = ADVANCED_FACE('',(#8355),#8361,.F.);
#8355 = FACE_BOUND('',#8356,.F.);
#8356 = EDGE_LOOP('',(#8357,#8358,#8359,#8360));
#8357 = ORIENTED_EDGE('',*,*,#7019,.T.);
#8358 = ORIENTED_EDGE('',*,*,#7037,.T.);
#8359 = ORIENTED_EDGE('',*,*,#8344,.F.);
#8360 = ORIENTED_EDGE('',*,*,#6928,.F.);
#8361 = PLANE('',#8362);
#8362 = AXIS2_PLACEMENT_3D('',#8363,#8364,#8365);
#8363 = CARTESIAN_POINT('',(2.348480775301,-1.7,0.742364817767));
#8364 = DIRECTION('',(0.986841372087,1.095614012943E-16,0.161691392282)
  );
#8365 = DIRECTION('',(0.161691392282,1.795135065956E-17,-0.986841372087)
  );
#8366 = ADVANCED_FACE('',(#8367),#8368,.F.);
#8367 = FACE_BOUND('',#7219,.T.);
#8368 = PLANE('',#8369);
#8369 = AXIS2_PLACEMENT_3D('',#8370,#8371,#8372);
#8370 = CARTESIAN_POINT('',(-1.110171280765,1.610171280765,1.75));
#8371 = DIRECTION('',(0.,0.,-1.));
#8372 = DIRECTION('',(1.110223024625E-16,-1.,0.));
#8373 = ( GEOMETRIC_REPRESENTATION_CONTEXT(3) 
GLOBAL_UNCERTAINTY_ASSIGNED_CONTEXT((#8377)) 
GLOBAL_UNIT_ASSIGNED_CONTEXT((#8374,#8375,#8376)) REPRESENTATION_CONTEXT
('Context #1','3D Context with UNIT and UNCERTAINTY') );
#8374 = ( LENGTH_UNIT() NAMED_UNIT(*) SI_UNIT(.MILLI.,.METRE.) );
#8375 = ( NAMED_UNIT(*) PLANE_ANGLE_UNIT() SI_UNIT($,.RADIAN.) );
#8376 = ( NAMED_UNIT(*) SI_UNIT($,.STERADIAN.) SOLID_ANGLE_UNIT() );
#8377 = UNCERTAINTY_MEASURE_WITH_UNIT(LENGTH_MEASURE(1.E-07),#8374,
  'distance_accuracy_value','confusion accuracy');
#8378 = CONTEXT_DEPENDENT_SHAPE_REPRESENTATION(#8379,#8381);
#8379 = ( REPRESENTATION_RELATIONSHIP('','',#3904,#3881) 
REPRESENTATION_RELATIONSHIP_WITH_TRANSFORMATION(#8380) 
SHAPE_REPRESENTATION_RELATIONSHIP() );
#8380 = ITEM_DEFINED_TRANSFORMATION('','',#11,#3882);
#8381 = PRODUCT_DEFINITION_SHAPE('Placement','Placement of an item',
  #8382);
#8382 = NEXT_ASSEMBLY_USAGE_OCCURRENCE('8','=>[0:1:1:7]','',#3876,#3899,
  $);
#8383 = PRODUCT_RELATED_PRODUCT_CATEGORY('part',$,(#3901));
#8384 = CONTEXT_DEPENDENT_SHAPE_REPRESENTATION(#8385,#8387);
#8385 = ( REPRESENTATION_RELATIONSHIP('','',#3034,#10) 
REPRESENTATION_RELATIONSHIP_WITH_TRANSFORMATION(#8386) 
SHAPE_REPRESENTATION_RELATIONSHIP() );
#8386 = ITEM_DEFINED_TRANSFORMATION('','',#11,#39);
#8387 = PRODUCT_DEFINITION_SHAPE('Placement','Placement of an item',
  #8388);
#8388 = NEXT_ASSEMBLY_USAGE_OCCURRENCE('10','F2','',#5,#3029,$);
#8389 = CONTEXT_DEPENDENT_SHAPE_REPRESENTATION(#8390,#8392);
#8390 = ( REPRESENTATION_RELATIONSHIP('','',#3034,#10) 
REPRESENTATION_RELATIONSHIP_WITH_TRANSFORMATION(#8391) 
SHAPE_REPRESENTATION_RELATIONSHIP() );
#8391 = ITEM_DEFINED_TRANSFORMATION('','',#11,#43);
#8392 = PRODUCT_DEFINITION_SHAPE('Placement','Placement of an item',
  #8393);
#8393 = NEXT_ASSEMBLY_USAGE_OCCURRENCE('11','F5','',#5,#3029,$);
#8394 = CONTEXT_DEPENDENT_SHAPE_REPRESENTATION(#8395,#8397);
#8395 = ( REPRESENTATION_RELATIONSHIP('','',#100,#10) 
REPRESENTATION_RELATIONSHIP_WITH_TRANSFORMATION(#8396) 
SHAPE_REPRESENTATION_RELATIONSHIP() );
#8396 = ITEM_DEFINED_TRANSFORMATION('','',#11,#47);
#8397 = PRODUCT_DEFINITION_SHAPE('Placement','Placement of an item',
  #8398);
#8398 = NEXT_ASSEMBLY_USAGE_OCCURRENCE('12','J5','',#5,#95,$);
#8399 = CONTEXT_DEPENDENT_SHAPE_REPRESENTATION(#8400,#8402);
#8400 = ( REPRESENTATION_RELATIONSHIP('','',#100,#10) 
REPRESENTATION_RELATIONSHIP_WITH_TRANSFORMATION(#8401) 
SHAPE_REPRESENTATION_RELATIONSHIP() );
#8401 = ITEM_DEFINED_TRANSFORMATION('','',#11,#51);
#8402 = PRODUCT_DEFINITION_SHAPE('Placement','Placement of an item',
  #8403);
#8403 = NEXT_ASSEMBLY_USAGE_OCCURRENCE('13','J3','',#5,#95,$);
#8404 = CONTEXT_DEPENDENT_SHAPE_REPRESENTATION(#8405,#8407);
#8405 = ( REPRESENTATION_RELATIONSHIP('','',#3034,#10) 
REPRESENTATION_RELATIONSHIP_WITH_TRANSFORMATION(#8406) 
SHAPE_REPRESENTATION_RELATIONSHIP() );
#8406 = ITEM_DEFINED_TRANSFORMATION('','',#11,#55);
#8407 = PRODUCT_DEFINITION_SHAPE('Placement','Placement of an item',
  #8408);
#8408 = NEXT_ASSEMBLY_USAGE_OCCURRENCE('14','F3','',#5,#3029,$);
#8409 = CONTEXT_DEPENDENT_SHAPE_REPRESENTATION(#8410,#8412);
#8410 = ( REPRESENTATION_RELATIONSHIP('','',#100,#10) 
REPRESENTATION_RELATIONSHIP_WITH_TRANSFORMATION(#8411) 
SHAPE_REPRESENTATION_RELATIONSHIP() );
#8411 = ITEM_DEFINED_TRANSFORMATION('','',#11,#59);
#8412 = PRODUCT_DEFINITION_SHAPE('Placement','Placement of an item',
  #8413);
#8413 = NEXT_ASSEMBLY_USAGE_OCCURRENCE('15','J4','',#5,#95,$);
#8414 = SHAPE_DEFINITION_REPRESENTATION(#8415,#8421);
#8415 = PRODUCT_DEFINITION_SHAPE('','',#8416);
#8416 = PRODUCT_DEFINITION('design','',#8417,#8420);
#8417 = PRODUCT_DEFINITION_FORMATION('','',#8418);
#8418 = PRODUCT('R_0603_1608Metric','R_0603_1608Metric','',(#8419));
#8419 = PRODUCT_CONTEXT('',#2,'mechanical');
#8420 = PRODUCT_DEFINITION_CONTEXT('part definition',#2,'design');
#8421 = SHAPE_REPRESENTATION('',(#11,#8422),#8426);
#8422 = AXIS2_PLACEMENT_3D('',#8423,#8424,#8425);
#8423 = CARTESIAN_POINT('',(0.,0.,0.));
#8424 = DIRECTION('',(0.,0.,1.));
#8425 = DIRECTION('',(1.,0.,-0.));
#8426 = ( GEOMETRIC_REPRESENTATION_CONTEXT(3) 
GLOBAL_UNCERTAINTY_ASSIGNED_CONTEXT((#8430)) 
GLOBAL_UNIT_ASSIGNED_CONTEXT((#8427,#8428,#8429)) REPRESENTATION_CONTEXT
('Context #1','3D Context with UNIT and UNCERTAINTY') );
#8427 = ( LENGTH_UNIT() NAMED_UNIT(*) SI_UNIT(.MILLI.,.METRE.) );
#8428 = ( NAMED_UNIT(*) PLANE_ANGLE_UNIT() SI_UNIT($,.RADIAN.) );
#8429 = ( NAMED_UNIT(*) SI_UNIT($,.STERADIAN.) SOLID_ANGLE_UNIT() );
#8430 = UNCERTAINTY_MEASURE_WITH_UNIT(LENGTH_MEASURE(1.E-07),#8427,
  'distance_accuracy_value','confusion accuracy');
#8431 = CONTEXT_DEPENDENT_SHAPE_REPRESENTATION(#8432,#8434);
#8432 = ( REPRESENTATION_RELATIONSHIP('','',#8421,#10) 
REPRESENTATION_RELATIONSHIP_WITH_TRANSFORMATION(#8433) 
SHAPE_REPRESENTATION_RELATIONSHIP() );
#8433 = ITEM_DEFINED_TRANSFORMATION('','',#11,#63);
#8434 = PRODUCT_DEFINITION_SHAPE('Placement','Placement of an item',
  #8435);
#8435 = NEXT_ASSEMBLY_USAGE_OCCURRENCE('17','R1','',#5,#8416,$);
#8436 = PRODUCT_RELATED_PRODUCT_CATEGORY('part',$,(#8418));
#8437 = SHAPE_DEFINITION_REPRESENTATION(#8438,#8444);
#8438 = PRODUCT_DEFINITION_SHAPE('','',#8439);
#8439 = PRODUCT_DEFINITION('design','',#8440,#8443);
#8440 = PRODUCT_DEFINITION_FORMATION('','',#8441);
#8441 = PRODUCT('R_0603_1608Metric','R_0603_1608Metric','',(#8442));
#8442 = PRODUCT_CONTEXT('',#2,'mechanical');
#8443 = PRODUCT_DEFINITION_CONTEXT('part definition',#2,'design');
#8444 = ADVANCED_BREP_SHAPE_REPRESENTATION('',(#11,#8445),#9235);
#8445 = MANIFOLD_SOLID_BREP('',#8446);
#8446 = CLOSED_SHELL('',(#8447,#8487,#8570,#8595,#8620,#8687,#8704,#8721
    ,#8770,#8787,#8804,#8853,#8870,#8939,#8970,#8994,#9063,#9087,#9104,
    #9121,#9138,#9155,#9172,#9189,#9206,#9223));
#8447 = ADVANCED_FACE('',(#8448),#8482,.F.);
#8448 = FACE_BOUND('',#8449,.F.);
#8449 = EDGE_LOOP('',(#8450,#8460,#8468,#8476));
#8450 = ORIENTED_EDGE('',*,*,#8451,.F.);
#8451 = EDGE_CURVE('',#8452,#8454,#8456,.T.);
#8452 = VERTEX_POINT('',#8453);
#8453 = CARTESIAN_POINT('',(-0.8,-0.4,4.5E-02));
#8454 = VERTEX_POINT('',#8455);
#8455 = CARTESIAN_POINT('',(-0.8,-0.4,0.405));
#8456 = LINE('',#8457,#8458);
#8457 = CARTESIAN_POINT('',(-0.8,-0.4,0.));
#8458 = VECTOR('',#8459,1.);
#8459 = DIRECTION('',(0.,0.,1.));
#8460 = ORIENTED_EDGE('',*,*,#8461,.T.);
#8461 = EDGE_CURVE('',#8452,#8462,#8464,.T.);
#8462 = VERTEX_POINT('',#8463);
#8463 = CARTESIAN_POINT('',(-0.8,0.4,4.5E-02));
#8464 = LINE('',#8465,#8466);
#8465 = CARTESIAN_POINT('',(-0.8,-0.4,4.5E-02));
#8466 = VECTOR('',#8467,1.);
#8467 = DIRECTION('',(0.,1.,0.));
#8468 = ORIENTED_EDGE('',*,*,#8469,.T.);
#8469 = EDGE_CURVE('',#8462,#8470,#8472,.T.);
#8470 = VERTEX_POINT('',#8471);
#8471 = CARTESIAN_POINT('',(-0.8,0.4,0.405));
#8472 = LINE('',#8473,#8474);
#8473 = CARTESIAN_POINT('',(-0.8,0.4,0.));
#8474 = VECTOR('',#8475,1.);
#8475 = DIRECTION('',(0.,0.,1.));
#8476 = ORIENTED_EDGE('',*,*,#8477,.F.);
#8477 = EDGE_CURVE('',#8454,#8470,#8478,.T.);
#8478 = LINE('',#8479,#8480);
#8479 = CARTESIAN_POINT('',(-0.8,-0.4,0.405));
#8480 = VECTOR('',#8481,1.);
#8481 = DIRECTION('',(0.,1.,0.));
#8482 = PLANE('',#8483);
#8483 = AXIS2_PLACEMENT_3D('',#8484,#8485,#8486);
#8484 = CARTESIAN_POINT('',(-0.8,-0.4,0.));
#8485 = DIRECTION('',(1.,0.,0.));
#8486 = DIRECTION('',(0.,0.,1.));
#8487 = ADVANCED_FACE('',(#8488),#8565,.F.);
#8488 = FACE_BOUND('',#8489,.F.);
#8489 = EDGE_LOOP('',(#8490,#8500,#8507,#8508,#8517,#8525,#8534,#8542,
    #8550,#8558));
#8490 = ORIENTED_EDGE('',*,*,#8491,.F.);
#8491 = EDGE_CURVE('',#8492,#8494,#8496,.T.);
#8492 = VERTEX_POINT('',#8493);
#8493 = CARTESIAN_POINT('',(-0.755,-0.4,-2.775557561563E-17));
#8494 = VERTEX_POINT('',#8495);
#8495 = CARTESIAN_POINT('',(-0.545,-0.4,-2.775557561563E-17));
#8496 = LINE('',#8497,#8498);
#8497 = CARTESIAN_POINT('',(-0.8,-0.4,0.));
#8498 = VECTOR('',#8499,1.);
#8499 = DIRECTION('',(1.,0.,0.));
#8500 = ORIENTED_EDGE('',*,*,#8501,.F.);
#8501 = EDGE_CURVE('',#8452,#8492,#8502,.T.);
#8502 = CIRCLE('',#8503,4.5E-02);
#8503 = AXIS2_PLACEMENT_3D('',#8504,#8505,#8506);
#8504 = CARTESIAN_POINT('',(-0.755,-0.4,4.5E-02));
#8505 = DIRECTION('',(0.,-1.,0.));
#8506 = DIRECTION('',(0.,0.,1.));
#8507 = ORIENTED_EDGE('',*,*,#8451,.T.);
#8508 = ORIENTED_EDGE('',*,*,#8509,.T.);
#8509 = EDGE_CURVE('',#8454,#8510,#8512,.T.);
#8510 = VERTEX_POINT('',#8511);
#8511 = CARTESIAN_POINT('',(-0.755,-0.4,0.45));
#8512 = CIRCLE('',#8513,4.5E-02);
#8513 = AXIS2_PLACEMENT_3D('',#8514,#8515,#8516);
#8514 = CARTESIAN_POINT('',(-0.755,-0.4,0.405));
#8515 = DIRECTION('',(0.,1.,0.));
#8516 = DIRECTION('',(0.,-0.,1.));
#8517 = ORIENTED_EDGE('',*,*,#8518,.T.);
#8518 = EDGE_CURVE('',#8510,#8519,#8521,.T.);
#8519 = VERTEX_POINT('',#8520);
#8520 = CARTESIAN_POINT('',(-0.545,-0.4,0.45));
#8521 = LINE('',#8522,#8523);
#8522 = CARTESIAN_POINT('',(-0.8,-0.4,0.45));
#8523 = VECTOR('',#8524,1.);
#8524 = DIRECTION('',(1.,0.,0.));
#8525 = ORIENTED_EDGE('',*,*,#8526,.F.);
#8526 = EDGE_CURVE('',#8527,#8519,#8529,.T.);
#8527 = VERTEX_POINT('',#8528);
#8528 = CARTESIAN_POINT('',(-0.5,-0.4,0.405));
#8529 = CIRCLE('',#8530,4.5E-02);
#8530 = AXIS2_PLACEMENT_3D('',#8531,#8532,#8533);
#8531 = CARTESIAN_POINT('',(-0.545,-0.4,0.405));
#8532 = DIRECTION('',(0.,-1.,0.));
#8533 = DIRECTION('',(0.,0.,1.));
#8534 = ORIENTED_EDGE('',*,*,#8535,.F.);
#8535 = EDGE_CURVE('',#8536,#8527,#8538,.T.);
#8536 = VERTEX_POINT('',#8537);
#8537 = CARTESIAN_POINT('',(-0.755,-0.4,0.405));
#8538 = LINE('',#8539,#8540);
#8539 = CARTESIAN_POINT('',(-0.755,-0.4,0.405));
#8540 = VECTOR('',#8541,1.);
#8541 = DIRECTION('',(1.,0.,0.));
#8542 = ORIENTED_EDGE('',*,*,#8543,.F.);
#8543 = EDGE_CURVE('',#8544,#8536,#8546,.T.);
#8544 = VERTEX_POINT('',#8545);
#8545 = CARTESIAN_POINT('',(-0.755,-0.4,4.5E-02));
#8546 = LINE('',#8547,#8548);
#8547 = CARTESIAN_POINT('',(-0.755,-0.4,4.5E-02));
#8548 = VECTOR('',#8549,1.);
#8549 = DIRECTION('',(0.,0.,1.));
#8550 = ORIENTED_EDGE('',*,*,#8551,.T.);
#8551 = EDGE_CURVE('',#8544,#8552,#8554,.T.);
#8552 = VERTEX_POINT('',#8553);
#8553 = CARTESIAN_POINT('',(-0.5,-0.4,4.5E-02));
#8554 = LINE('',#8555,#8556);
#8555 = CARTESIAN_POINT('',(-0.755,-0.4,4.5E-02));
#8556 = VECTOR('',#8557,1.);
#8557 = DIRECTION('',(1.,0.,0.));
#8558 = ORIENTED_EDGE('',*,*,#8559,.T.);
#8559 = EDGE_CURVE('',#8552,#8494,#8560,.T.);
#8560 = CIRCLE('',#8561,4.5E-02);
#8561 = AXIS2_PLACEMENT_3D('',#8562,#8563,#8564);
#8562 = CARTESIAN_POINT('',(-0.545,-0.4,4.5E-02));
#8563 = DIRECTION('',(0.,1.,0.));
#8564 = DIRECTION('',(0.,-0.,1.));
#8565 = PLANE('',#8566);
#8566 = AXIS2_PLACEMENT_3D('',#8567,#8568,#8569);
#8567 = CARTESIAN_POINT('',(-0.8,-0.4,0.));
#8568 = DIRECTION('',(0.,1.,0.));
#8569 = DIRECTION('',(0.,-0.,1.));
#8570 = ADVANCED_FACE('',(#8571),#8590,.T.);
#8571 = FACE_BOUND('',#8572,.T.);
#8572 = EDGE_LOOP('',(#8573,#8574,#8583,#8589));
#8573 = ORIENTED_EDGE('',*,*,#8461,.T.);
#8574 = ORIENTED_EDGE('',*,*,#8575,.T.);
#8575 = EDGE_CURVE('',#8462,#8576,#8578,.T.);
#8576 = VERTEX_POINT('',#8577);
#8577 = CARTESIAN_POINT('',(-0.755,0.4,-2.775557561563E-17));
#8578 = CIRCLE('',#8579,4.5E-02);
#8579 = AXIS2_PLACEMENT_3D('',#8580,#8581,#8582);
#8580 = CARTESIAN_POINT('',(-0.755,0.4,4.5E-02));
#8581 = DIRECTION('',(0.,-1.,0.));
#8582 = DIRECTION('',(0.,0.,1.));
#8583 = ORIENTED_EDGE('',*,*,#8584,.F.);
#8584 = EDGE_CURVE('',#8492,#8576,#8585,.T.);
#8585 = LINE('',#8586,#8587);
#8586 = CARTESIAN_POINT('',(-0.755,-0.4,-2.775557561563E-17));
#8587 = VECTOR('',#8588,1.);
#8588 = DIRECTION('',(0.,1.,0.));
#8589 = ORIENTED_EDGE('',*,*,#8501,.F.);
#8590 = CYLINDRICAL_SURFACE('',#8591,4.5E-02);
#8591 = AXIS2_PLACEMENT_3D('',#8592,#8593,#8594);
#8592 = CARTESIAN_POINT('',(-0.755,-0.4,4.5E-02));
#8593 = DIRECTION('',(0.,1.,0.));
#8594 = DIRECTION('',(-1.,0.,0.));
#8595 = ADVANCED_FACE('',(#8596),#8615,.T.);
#8596 = FACE_BOUND('',#8597,.T.);
#8597 = EDGE_LOOP('',(#8598,#8599,#8607,#8614));
#8598 = ORIENTED_EDGE('',*,*,#8509,.T.);
#8599 = ORIENTED_EDGE('',*,*,#8600,.T.);
#8600 = EDGE_CURVE('',#8510,#8601,#8603,.T.);
#8601 = VERTEX_POINT('',#8602);
#8602 = CARTESIAN_POINT('',(-0.755,0.4,0.45));
#8603 = LINE('',#8604,#8605);
#8604 = CARTESIAN_POINT('',(-0.755,-0.4,0.45));
#8605 = VECTOR('',#8606,1.);
#8606 = DIRECTION('',(0.,1.,0.));
#8607 = ORIENTED_EDGE('',*,*,#8608,.F.);
#8608 = EDGE_CURVE('',#8470,#8601,#8609,.T.);
#8609 = CIRCLE('',#8610,4.5E-02);
#8610 = AXIS2_PLACEMENT_3D('',#8611,#8612,#8613);
#8611 = CARTESIAN_POINT('',(-0.755,0.4,0.405));
#8612 = DIRECTION('',(0.,1.,0.));
#8613 = DIRECTION('',(0.,-0.,1.));
#8614 = ORIENTED_EDGE('',*,*,#8477,.F.);
#8615 = CYLINDRICAL_SURFACE('',#8616,4.5E-02);
#8616 = AXIS2_PLACEMENT_3D('',#8617,#8618,#8619);
#8617 = CARTESIAN_POINT('',(-0.755,-0.4,0.405));
#8618 = DIRECTION('',(0.,1.,0.));
#8619 = DIRECTION('',(-1.,0.,0.));
#8620 = ADVANCED_FACE('',(#8621),#8682,.T.);
#8621 = FACE_BOUND('',#8622,.T.);
#8622 = EDGE_LOOP('',(#8623,#8631,#8632,#8633,#8634,#8642,#8651,#8659,
    #8667,#8675));
#8623 = ORIENTED_EDGE('',*,*,#8624,.F.);
#8624 = EDGE_CURVE('',#8576,#8625,#8627,.T.);
#8625 = VERTEX_POINT('',#8626);
#8626 = CARTESIAN_POINT('',(-0.545,0.4,-2.775557561563E-17));
#8627 = LINE('',#8628,#8629);
#8628 = CARTESIAN_POINT('',(-0.8,0.4,0.));
#8629 = VECTOR('',#8630,1.);
#8630 = DIRECTION('',(1.,0.,0.));
#8631 = ORIENTED_EDGE('',*,*,#8575,.F.);
#8632 = ORIENTED_EDGE('',*,*,#8469,.T.);
#8633 = ORIENTED_EDGE('',*,*,#8608,.T.);
#8634 = ORIENTED_EDGE('',*,*,#8635,.T.);
#8635 = EDGE_CURVE('',#8601,#8636,#8638,.T.);
#8636 = VERTEX_POINT('',#8637);
#8637 = CARTESIAN_POINT('',(-0.545,0.4,0.45));
#8638 = LINE('',#8639,#8640);
#8639 = CARTESIAN_POINT('',(-0.8,0.4,0.45));
#8640 = VECTOR('',#8641,1.);
#8641 = DIRECTION('',(1.,0.,0.));
#8642 = ORIENTED_EDGE('',*,*,#8643,.F.);
#8643 = EDGE_CURVE('',#8644,#8636,#8646,.T.);
#8644 = VERTEX_POINT('',#8645);
#8645 = CARTESIAN_POINT('',(-0.5,0.4,0.405));
#8646 = CIRCLE('',#8647,4.5E-02);
#8647 = AXIS2_PLACEMENT_3D('',#8648,#8649,#8650);
#8648 = CARTESIAN_POINT('',(-0.545,0.4,0.405));
#8649 = DIRECTION('',(0.,-1.,0.));
#8650 = DIRECTION('',(0.,0.,1.));
#8651 = ORIENTED_EDGE('',*,*,#8652,.F.);
#8652 = EDGE_CURVE('',#8653,#8644,#8655,.T.);
#8653 = VERTEX_POINT('',#8654);
#8654 = CARTESIAN_POINT('',(-0.755,0.4,0.405));
#8655 = LINE('',#8656,#8657);
#8656 = CARTESIAN_POINT('',(-0.755,0.4,0.405));
#8657 = VECTOR('',#8658,1.);
#8658 = DIRECTION('',(1.,0.,0.));
#8659 = ORIENTED_EDGE('',*,*,#8660,.F.);
#8660 = EDGE_CURVE('',#8661,#8653,#8663,.T.);
#8661 = VERTEX_POINT('',#8662);
#8662 = CARTESIAN_POINT('',(-0.755,0.4,4.5E-02));
#8663 = LINE('',#8664,#8665);
#8664 = CARTESIAN_POINT('',(-0.755,0.4,4.5E-02));
#8665 = VECTOR('',#8666,1.);
#8666 = DIRECTION('',(0.,0.,1.));
#8667 = ORIENTED_EDGE('',*,*,#8668,.T.);
#8668 = EDGE_CURVE('',#8661,#8669,#8671,.T.);
#8669 = VERTEX_POINT('',#8670);
#8670 = CARTESIAN_POINT('',(-0.5,0.4,4.5E-02));
#8671 = LINE('',#8672,#8673);
#8672 = CARTESIAN_POINT('',(-0.755,0.4,4.5E-02));
#8673 = VECTOR('',#8674,1.);
#8674 = DIRECTION('',(1.,0.,0.));
#8675 = ORIENTED_EDGE('',*,*,#8676,.T.);
#8676 = EDGE_CURVE('',#8669,#8625,#8677,.T.);
#8677 = CIRCLE('',#8678,4.5E-02);
#8678 = AXIS2_PLACEMENT_3D('',#8679,#8680,#8681);
#8679 = CARTESIAN_POINT('',(-0.545,0.4,4.5E-02));
#8680 = DIRECTION('',(0.,1.,0.));
#8681 = DIRECTION('',(0.,-0.,1.));
#8682 = PLANE('',#8683);
#8683 = AXIS2_PLACEMENT_3D('',#8684,#8685,#8686);
#8684 = CARTESIAN_POINT('',(-0.8,0.4,0.));
#8685 = DIRECTION('',(0.,1.,0.));
#8686 = DIRECTION('',(0.,-0.,1.));
#8687 = ADVANCED_FACE('',(#8688),#8699,.F.);
#8688 = FACE_BOUND('',#8689,.F.);
#8689 = EDGE_LOOP('',(#8690,#8691,#8692,#8693));
#8690 = ORIENTED_EDGE('',*,*,#8624,.F.);
#8691 = ORIENTED_EDGE('',*,*,#8584,.F.);
#8692 = ORIENTED_EDGE('',*,*,#8491,.T.);
#8693 = ORIENTED_EDGE('',*,*,#8694,.T.);
#8694 = EDGE_CURVE('',#8494,#8625,#8695,.T.);
#8695 = LINE('',#8696,#8697);
#8696 = CARTESIAN_POINT('',(-0.545,-0.4,-2.775557561563E-17));
#8697 = VECTOR('',#8698,1.);
#8698 = DIRECTION('',(0.,1.,0.));
#8699 = PLANE('',#8700);
#8700 = AXIS2_PLACEMENT_3D('',#8701,#8702,#8703);
#8701 = CARTESIAN_POINT('',(-0.8,-0.4,0.));
#8702 = DIRECTION('',(0.,0.,1.));
#8703 = DIRECTION('',(1.,0.,-0.));
#8704 = ADVANCED_FACE('',(#8705),#8716,.T.);
#8705 = FACE_BOUND('',#8706,.T.);
#8706 = EDGE_LOOP('',(#8707,#8708,#8709,#8710));
#8707 = ORIENTED_EDGE('',*,*,#8559,.T.);
#8708 = ORIENTED_EDGE('',*,*,#8694,.T.);
#8709 = ORIENTED_EDGE('',*,*,#8676,.F.);
#8710 = ORIENTED_EDGE('',*,*,#8711,.F.);
#8711 = EDGE_CURVE('',#8552,#8669,#8712,.T.);
#8712 = LINE('',#8713,#8714);
#8713 = CARTESIAN_POINT('',(-0.5,-0.4,4.5E-02));
#8714 = VECTOR('',#8715,1.);
#8715 = DIRECTION('',(0.,1.,0.));
#8716 = CYLINDRICAL_SURFACE('',#8717,4.5E-02);
#8717 = AXIS2_PLACEMENT_3D('',#8718,#8719,#8720);
#8718 = CARTESIAN_POINT('',(-0.545,-0.4,4.5E-02));
#8719 = DIRECTION('',(0.,1.,0.));
#8720 = DIRECTION('',(1.,0.,0.));
#8721 = ADVANCED_FACE('',(#8722),#8765,.F.);
#8722 = FACE_BOUND('',#8723,.F.);
#8723 = EDGE_LOOP('',(#8724,#8725,#8726,#8727,#8735,#8743,#8751,#8759));
#8724 = ORIENTED_EDGE('',*,*,#8551,.F.);
#8725 = ORIENTED_EDGE('',*,*,#8543,.T.);
#8726 = ORIENTED_EDGE('',*,*,#8535,.T.);
#8727 = ORIENTED_EDGE('',*,*,#8728,.T.);
#8728 = EDGE_CURVE('',#8527,#8729,#8731,.T.);
#8729 = VERTEX_POINT('',#8730);
#8730 = CARTESIAN_POINT('',(0.5,-0.4,0.405));
#8731 = LINE('',#8732,#8733);
#8732 = CARTESIAN_POINT('',(-0.5,-0.4,0.405));
#8733 = VECTOR('',#8734,1.);
#8734 = DIRECTION('',(1.,0.,0.));
#8735 = ORIENTED_EDGE('',*,*,#8736,.T.);
#8736 = EDGE_CURVE('',#8729,#8737,#8739,.T.);
#8737 = VERTEX_POINT('',#8738);
#8738 = CARTESIAN_POINT('',(0.755,-0.4,0.405));
#8739 = LINE('',#8740,#8741);
#8740 = CARTESIAN_POINT('',(-0.755,-0.4,0.405));
#8741 = VECTOR('',#8742,1.);
#8742 = DIRECTION('',(1.,0.,0.));
#8743 = ORIENTED_EDGE('',*,*,#8744,.F.);
#8744 = EDGE_CURVE('',#8745,#8737,#8747,.T.);
#8745 = VERTEX_POINT('',#8746);
#8746 = CARTESIAN_POINT('',(0.755,-0.4,4.5E-02));
#8747 = LINE('',#8748,#8749);
#8748 = CARTESIAN_POINT('',(0.755,-0.4,4.5E-02));
#8749 = VECTOR('',#8750,1.);
#8750 = DIRECTION('',(0.,0.,1.));
#8751 = ORIENTED_EDGE('',*,*,#8752,.F.);
#8752 = EDGE_CURVE('',#8753,#8745,#8755,.T.);
#8753 = VERTEX_POINT('',#8754);
#8754 = CARTESIAN_POINT('',(0.5,-0.4,4.5E-02));
#8755 = LINE('',#8756,#8757);
#8756 = CARTESIAN_POINT('',(-0.755,-0.4,4.5E-02));
#8757 = VECTOR('',#8758,1.);
#8758 = DIRECTION('',(1.,0.,0.));
#8759 = ORIENTED_EDGE('',*,*,#8760,.F.);
#8760 = EDGE_CURVE('',#8552,#8753,#8761,.T.);
#8761 = LINE('',#8762,#8763);
#8762 = CARTESIAN_POINT('',(-0.755,-0.4,4.5E-02));
#8763 = VECTOR('',#8764,1.);
#8764 = DIRECTION('',(1.,0.,0.));
#8765 = PLANE('',#8766);
#8766 = AXIS2_PLACEMENT_3D('',#8767,#8768,#8769);
#8767 = CARTESIAN_POINT('',(-0.755,-0.4,4.5E-02));
#8768 = DIRECTION('',(0.,1.,0.));
#8769 = DIRECTION('',(0.,-0.,1.));
#8770 = ADVANCED_FACE('',(#8771),#8782,.T.);
#8771 = FACE_BOUND('',#8772,.T.);
#8772 = EDGE_LOOP('',(#8773,#8774,#8775,#8776));
#8773 = ORIENTED_EDGE('',*,*,#8635,.F.);
#8774 = ORIENTED_EDGE('',*,*,#8600,.F.);
#8775 = ORIENTED_EDGE('',*,*,#8518,.T.);
#8776 = ORIENTED_EDGE('',*,*,#8777,.T.);
#8777 = EDGE_CURVE('',#8519,#8636,#8778,.T.);
#8778 = LINE('',#8779,#8780);
#8779 = CARTESIAN_POINT('',(-0.545,-0.4,0.45));
#8780 = VECTOR('',#8781,1.);
#8781 = DIRECTION('',(0.,1.,0.));
#8782 = PLANE('',#8783);
#8783 = AXIS2_PLACEMENT_3D('',#8784,#8785,#8786);
#8784 = CARTESIAN_POINT('',(-0.8,-0.4,0.45));
#8785 = DIRECTION('',(0.,0.,1.));
#8786 = DIRECTION('',(1.,0.,-0.));
#8787 = ADVANCED_FACE('',(#8788),#8799,.T.);
#8788 = FACE_BOUND('',#8789,.T.);
#8789 = EDGE_LOOP('',(#8790,#8796,#8797,#8798));
#8790 = ORIENTED_EDGE('',*,*,#8791,.T.);
#8791 = EDGE_CURVE('',#8527,#8644,#8792,.T.);
#8792 = LINE('',#8793,#8794);
#8793 = CARTESIAN_POINT('',(-0.5,-0.4,0.405));
#8794 = VECTOR('',#8795,1.);
#8795 = DIRECTION('',(0.,1.,0.));
#8796 = ORIENTED_EDGE('',*,*,#8643,.T.);
#8797 = ORIENTED_EDGE('',*,*,#8777,.F.);
#8798 = ORIENTED_EDGE('',*,*,#8526,.F.);
#8799 = CYLINDRICAL_SURFACE('',#8800,4.5E-02);
#8800 = AXIS2_PLACEMENT_3D('',#8801,#8802,#8803);
#8801 = CARTESIAN_POINT('',(-0.545,-0.4,0.405));
#8802 = DIRECTION('',(0.,1.,0.));
#8803 = DIRECTION('',(1.,0.,0.));
#8804 = ADVANCED_FACE('',(#8805),#8848,.T.);
#8805 = FACE_BOUND('',#8806,.T.);
#8806 = EDGE_LOOP('',(#8807,#8808,#8809,#8810,#8818,#8826,#8834,#8842));
#8807 = ORIENTED_EDGE('',*,*,#8668,.F.);
#8808 = ORIENTED_EDGE('',*,*,#8660,.T.);
#8809 = ORIENTED_EDGE('',*,*,#8652,.T.);
#8810 = ORIENTED_EDGE('',*,*,#8811,.T.);
#8811 = EDGE_CURVE('',#8644,#8812,#8814,.T.);
#8812 = VERTEX_POINT('',#8813);
#8813 = CARTESIAN_POINT('',(0.5,0.4,0.405));
#8814 = LINE('',#8815,#8816);
#8815 = CARTESIAN_POINT('',(-0.5,0.4,0.405));
#8816 = VECTOR('',#8817,1.);
#8817 = DIRECTION('',(1.,0.,0.));
#8818 = ORIENTED_EDGE('',*,*,#8819,.T.);
#8819 = EDGE_CURVE('',#8812,#8820,#8822,.T.);
#8820 = VERTEX_POINT('',#8821);
#8821 = CARTESIAN_POINT('',(0.755,0.4,0.405));
#8822 = LINE('',#8823,#8824);
#8823 = CARTESIAN_POINT('',(-0.755,0.4,0.405));
#8824 = VECTOR('',#8825,1.);
#8825 = DIRECTION('',(1.,0.,0.));
#8826 = ORIENTED_EDGE('',*,*,#8827,.F.);
#8827 = EDGE_CURVE('',#8828,#8820,#8830,.T.);
#8828 = VERTEX_POINT('',#8829);
#8829 = CARTESIAN_POINT('',(0.755,0.4,4.5E-02));
#8830 = LINE('',#8831,#8832);
#8831 = CARTESIAN_POINT('',(0.755,0.4,4.5E-02));
#8832 = VECTOR('',#8833,1.);
#8833 = DIRECTION('',(0.,0.,1.));
#8834 = ORIENTED_EDGE('',*,*,#8835,.F.);
#8835 = EDGE_CURVE('',#8836,#8828,#8838,.T.);
#8836 = VERTEX_POINT('',#8837);
#8837 = CARTESIAN_POINT('',(0.5,0.4,4.5E-02));
#8838 = LINE('',#8839,#8840);
#8839 = CARTESIAN_POINT('',(-0.755,0.4,4.5E-02));
#8840 = VECTOR('',#8841,1.);
#8841 = DIRECTION('',(1.,0.,0.));
#8842 = ORIENTED_EDGE('',*,*,#8843,.F.);
#8843 = EDGE_CURVE('',#8669,#8836,#8844,.T.);
#8844 = LINE('',#8845,#8846);
#8845 = CARTESIAN_POINT('',(-0.755,0.4,4.5E-02));
#8846 = VECTOR('',#8847,1.);
#8847 = DIRECTION('',(1.,0.,0.));
#8848 = PLANE('',#8849);
#8849 = AXIS2_PLACEMENT_3D('',#8850,#8851,#8852);
#8850 = CARTESIAN_POINT('',(-0.755,0.4,4.5E-02));
#8851 = DIRECTION('',(0.,1.,0.));
#8852 = DIRECTION('',(0.,-0.,1.));
#8853 = ADVANCED_FACE('',(#8854),#8865,.F.);
#8854 = FACE_BOUND('',#8855,.F.);
#8855 = EDGE_LOOP('',(#8856,#8857,#8858,#8864));
#8856 = ORIENTED_EDGE('',*,*,#8711,.F.);
#8857 = ORIENTED_EDGE('',*,*,#8760,.T.);
#8858 = ORIENTED_EDGE('',*,*,#8859,.T.);
#8859 = EDGE_CURVE('',#8753,#8836,#8860,.T.);
#8860 = LINE('',#8861,#8862);
#8861 = CARTESIAN_POINT('',(0.5,-0.4,4.5E-02));
#8862 = VECTOR('',#8863,1.);
#8863 = DIRECTION('',(0.,1.,0.));
#8864 = ORIENTED_EDGE('',*,*,#8843,.F.);
#8865 = PLANE('',#8866);
#8866 = AXIS2_PLACEMENT_3D('',#8867,#8868,#8869);
#8867 = CARTESIAN_POINT('',(-0.755,-0.4,4.5E-02));
#8868 = DIRECTION('',(0.,0.,1.));
#8869 = DIRECTION('',(1.,0.,-0.));
#8870 = ADVANCED_FACE('',(#8871),#8934,.F.);
#8871 = FACE_BOUND('',#8872,.F.);
#8872 = EDGE_LOOP('',(#8873,#8883,#8890,#8891,#8892,#8893,#8902,#8910,
    #8919,#8927));
#8873 = ORIENTED_EDGE('',*,*,#8874,.F.);
#8874 = EDGE_CURVE('',#8875,#8877,#8879,.T.);
#8875 = VERTEX_POINT('',#8876);
#8876 = CARTESIAN_POINT('',(0.545,-0.4,-2.775557561563E-17));
#8877 = VERTEX_POINT('',#8878);
#8878 = CARTESIAN_POINT('',(0.755,-0.4,-2.775557561563E-17));
#8879 = LINE('',#8880,#8881);
#8880 = CARTESIAN_POINT('',(0.5,-0.4,0.));
#8881 = VECTOR('',#8882,1.);
#8882 = DIRECTION('',(1.,0.,0.));
#8883 = ORIENTED_EDGE('',*,*,#8884,.F.);
#8884 = EDGE_CURVE('',#8753,#8875,#8885,.T.);
#8885 = CIRCLE('',#8886,4.5E-02);
#8886 = AXIS2_PLACEMENT_3D('',#8887,#8888,#8889);
#8887 = CARTESIAN_POINT('',(0.545,-0.4,4.5E-02));
#8888 = DIRECTION('',(0.,-1.,0.));
#8889 = DIRECTION('',(0.,0.,1.));
#8890 = ORIENTED_EDGE('',*,*,#8752,.T.);
#8891 = ORIENTED_EDGE('',*,*,#8744,.T.);
#8892 = ORIENTED_EDGE('',*,*,#8736,.F.);
#8893 = ORIENTED_EDGE('',*,*,#8894,.T.);
#8894 = EDGE_CURVE('',#8729,#8895,#8897,.T.);
#8895 = VERTEX_POINT('',#8896);
#8896 = CARTESIAN_POINT('',(0.545,-0.4,0.45));
#8897 = CIRCLE('',#8898,4.5E-02);
#8898 = AXIS2_PLACEMENT_3D('',#8899,#8900,#8901);
#8899 = CARTESIAN_POINT('',(0.545,-0.4,0.405));
#8900 = DIRECTION('',(0.,1.,0.));
#8901 = DIRECTION('',(0.,-0.,1.));
#8902 = ORIENTED_EDGE('',*,*,#8903,.T.);
#8903 = EDGE_CURVE('',#8895,#8904,#8906,.T.);
#8904 = VERTEX_POINT('',#8905);
#8905 = CARTESIAN_POINT('',(0.755,-0.4,0.45));
#8906 = LINE('',#8907,#8908);
#8907 = CARTESIAN_POINT('',(0.5,-0.4,0.45));
#8908 = VECTOR('',#8909,1.);
#8909 = DIRECTION('',(1.,0.,0.));
#8910 = ORIENTED_EDGE('',*,*,#8911,.F.);
#8911 = EDGE_CURVE('',#8912,#8904,#8914,.T.);
#8912 = VERTEX_POINT('',#8913);
#8913 = CARTESIAN_POINT('',(0.8,-0.4,0.405));
#8914 = CIRCLE('',#8915,4.5E-02);
#8915 = AXIS2_PLACEMENT_3D('',#8916,#8917,#8918);
#8916 = CARTESIAN_POINT('',(0.755,-0.4,0.405));
#8917 = DIRECTION('',(0.,-1.,0.));
#8918 = DIRECTION('',(0.,0.,1.));
#8919 = ORIENTED_EDGE('',*,*,#8920,.F.);
#8920 = EDGE_CURVE('',#8921,#8912,#8923,.T.);
#8921 = VERTEX_POINT('',#8922);
#8922 = CARTESIAN_POINT('',(0.8,-0.4,4.5E-02));
#8923 = LINE('',#8924,#8925);
#8924 = CARTESIAN_POINT('',(0.8,-0.4,0.));
#8925 = VECTOR('',#8926,1.);
#8926 = DIRECTION('',(0.,0.,1.));
#8927 = ORIENTED_EDGE('',*,*,#8928,.T.);
#8928 = EDGE_CURVE('',#8921,#8877,#8929,.T.);
#8929 = CIRCLE('',#8930,4.5E-02);
#8930 = AXIS2_PLACEMENT_3D('',#8931,#8932,#8933);
#8931 = CARTESIAN_POINT('',(0.755,-0.4,4.5E-02));
#8932 = DIRECTION('',(0.,1.,0.));
#8933 = DIRECTION('',(0.,-0.,1.));
#8934 = PLANE('',#8935);
#8935 = AXIS2_PLACEMENT_3D('',#8936,#8937,#8938);
#8936 = CARTESIAN_POINT('',(0.5,-0.4,0.));
#8937 = DIRECTION('',(0.,1.,0.));
#8938 = DIRECTION('',(0.,-0.,1.));
#8939 = ADVANCED_FACE('',(#8940),#8965,.F.);
#8940 = FACE_BOUND('',#8941,.F.);
#8941 = EDGE_LOOP('',(#8942,#8943,#8951,#8959));
#8942 = ORIENTED_EDGE('',*,*,#8728,.F.);
#8943 = ORIENTED_EDGE('',*,*,#8944,.T.);
#8944 = EDGE_CURVE('',#8527,#8945,#8947,.T.);
#8945 = VERTEX_POINT('',#8946);
#8946 = CARTESIAN_POINT('',(-0.5,-0.4,0.45));
#8947 = LINE('',#8948,#8949);
#8948 = CARTESIAN_POINT('',(-0.5,-0.4,0.405));
#8949 = VECTOR('',#8950,1.);
#8950 = DIRECTION('',(0.,0.,1.));
#8951 = ORIENTED_EDGE('',*,*,#8952,.T.);
#8952 = EDGE_CURVE('',#8945,#8953,#8955,.T.);
#8953 = VERTEX_POINT('',#8954);
#8954 = CARTESIAN_POINT('',(0.5,-0.4,0.45));
#8955 = LINE('',#8956,#8957);
#8956 = CARTESIAN_POINT('',(-0.5,-0.4,0.45));
#8957 = VECTOR('',#8958,1.);
#8958 = DIRECTION('',(1.,0.,0.));
#8959 = ORIENTED_EDGE('',*,*,#8960,.F.);
#8960 = EDGE_CURVE('',#8729,#8953,#8961,.T.);
#8961 = LINE('',#8962,#8963);
#8962 = CARTESIAN_POINT('',(0.5,-0.4,0.405));
#8963 = VECTOR('',#8964,1.);
#8964 = DIRECTION('',(0.,0.,1.));
#8965 = PLANE('',#8966);
#8966 = AXIS2_PLACEMENT_3D('',#8967,#8968,#8969);
#8967 = CARTESIAN_POINT('',(-0.5,-0.4,0.405));
#8968 = DIRECTION('',(0.,1.,0.));
#8969 = DIRECTION('',(0.,-0.,1.));
#8970 = ADVANCED_FACE('',(#8971),#8989,.F.);
#8971 = FACE_BOUND('',#8972,.F.);
#8972 = EDGE_LOOP('',(#8973,#8974,#8975,#8983));
#8973 = ORIENTED_EDGE('',*,*,#8944,.F.);
#8974 = ORIENTED_EDGE('',*,*,#8791,.T.);
#8975 = ORIENTED_EDGE('',*,*,#8976,.T.);
#8976 = EDGE_CURVE('',#8644,#8977,#8979,.T.);
#8977 = VERTEX_POINT('',#8978);
#8978 = CARTESIAN_POINT('',(-0.5,0.4,0.45));
#8979 = LINE('',#8980,#8981);
#8980 = CARTESIAN_POINT('',(-0.5,0.4,0.405));
#8981 = VECTOR('',#8982,1.);
#8982 = DIRECTION('',(0.,0.,1.));
#8983 = ORIENTED_EDGE('',*,*,#8984,.F.);
#8984 = EDGE_CURVE('',#8945,#8977,#8985,.T.);
#8985 = LINE('',#8986,#8987);
#8986 = CARTESIAN_POINT('',(-0.5,-0.4,0.45));
#8987 = VECTOR('',#8988,1.);
#8988 = DIRECTION('',(0.,1.,0.));
#8989 = PLANE('',#8990);
#8990 = AXIS2_PLACEMENT_3D('',#8991,#8992,#8993);
#8991 = CARTESIAN_POINT('',(-0.5,-0.4,0.405));
#8992 = DIRECTION('',(1.,0.,0.));
#8993 = DIRECTION('',(0.,0.,1.));
#8994 = ADVANCED_FACE('',(#8995),#9058,.T.);
#8995 = FACE_BOUND('',#8996,.T.);
#8996 = EDGE_LOOP('',(#8997,#9007,#9014,#9015,#9016,#9017,#9026,#9034,
    #9043,#9051));
#8997 = ORIENTED_EDGE('',*,*,#8998,.F.);
#8998 = EDGE_CURVE('',#8999,#9001,#9003,.T.);
#8999 = VERTEX_POINT('',#9000);
#9000 = CARTESIAN_POINT('',(0.545,0.4,-2.775557561563E-17));
#9001 = VERTEX_POINT('',#9002);
#9002 = CARTESIAN_POINT('',(0.755,0.4,-2.775557561563E-17));
#9003 = LINE('',#9004,#9005);
#9004 = CARTESIAN_POINT('',(0.5,0.4,0.));
#9005 = VECTOR('',#9006,1.);
#9006 = DIRECTION('',(1.,0.,0.));
#9007 = ORIENTED_EDGE('',*,*,#9008,.F.);
#9008 = EDGE_CURVE('',#8836,#8999,#9009,.T.);
#9009 = CIRCLE('',#9010,4.5E-02);
#9010 = AXIS2_PLACEMENT_3D('',#9011,#9012,#9013);
#9011 = CARTESIAN_POINT('',(0.545,0.4,4.5E-02));
#9012 = DIRECTION('',(0.,-1.,0.));
#9013 = DIRECTION('',(0.,0.,1.));
#9014 = ORIENTED_EDGE('',*,*,#8835,.T.);
#9015 = ORIENTED_EDGE('',*,*,#8827,.T.);
#9016 = ORIENTED_EDGE('',*,*,#8819,.F.);
#9017 = ORIENTED_EDGE('',*,*,#9018,.T.);
#9018 = EDGE_CURVE('',#8812,#9019,#9021,.T.);
#9019 = VERTEX_POINT('',#9020);
#9020 = CARTESIAN_POINT('',(0.545,0.4,0.45));
#9021 = CIRCLE('',#9022,4.5E-02);
#9022 = AXIS2_PLACEMENT_3D('',#9023,#9024,#9025);
#9023 = CARTESIAN_POINT('',(0.545,0.4,0.405));
#9024 = DIRECTION('',(0.,1.,0.));
#9025 = DIRECTION('',(0.,-0.,1.));
#9026 = ORIENTED_EDGE('',*,*,#9027,.T.);
#9027 = EDGE_CURVE('',#9019,#9028,#9030,.T.);
#9028 = VERTEX_POINT('',#9029);
#9029 = CARTESIAN_POINT('',(0.755,0.4,0.45));
#9030 = LINE('',#9031,#9032);
#9031 = CARTESIAN_POINT('',(0.5,0.4,0.45));
#9032 = VECTOR('',#9033,1.);
#9033 = DIRECTION('',(1.,0.,0.));
#9034 = ORIENTED_EDGE('',*,*,#9035,.F.);
#9035 = EDGE_CURVE('',#9036,#9028,#9038,.T.);
#9036 = VERTEX_POINT('',#9037);
#9037 = CARTESIAN_POINT('',(0.8,0.4,0.405));
#9038 = CIRCLE('',#9039,4.5E-02);
#9039 = AXIS2_PLACEMENT_3D('',#9040,#9041,#9042);
#9040 = CARTESIAN_POINT('',(0.755,0.4,0.405));
#9041 = DIRECTION('',(0.,-1.,0.));
#9042 = DIRECTION('',(0.,0.,1.));
#9043 = ORIENTED_EDGE('',*,*,#9044,.F.);
#9044 = EDGE_CURVE('',#9045,#9036,#9047,.T.);
#9045 = VERTEX_POINT('',#9046);
#9046 = CARTESIAN_POINT('',(0.8,0.4,4.5E-02));
#9047 = LINE('',#9048,#9049);
#9048 = CARTESIAN_POINT('',(0.8,0.4,0.));
#9049 = VECTOR('',#9050,1.);
#9050 = DIRECTION('',(0.,0.,1.));
#9051 = ORIENTED_EDGE('',*,*,#9052,.T.);
#9052 = EDGE_CURVE('',#9045,#9001,#9053,.T.);
#9053 = CIRCLE('',#9054,4.5E-02);
#9054 = AXIS2_PLACEMENT_3D('',#9055,#9056,#9057);
#9055 = CARTESIAN_POINT('',(0.755,0.4,4.5E-02));
#9056 = DIRECTION('',(0.,1.,0.));
#9057 = DIRECTION('',(0.,-0.,1.));
#9058 = PLANE('',#9059);
#9059 = AXIS2_PLACEMENT_3D('',#9060,#9061,#9062);
#9060 = CARTESIAN_POINT('',(0.5,0.4,0.));
#9061 = DIRECTION('',(0.,1.,0.));
#9062 = DIRECTION('',(0.,-0.,1.));
#9063 = ADVANCED_FACE('',(#9064),#9082,.T.);
#9064 = FACE_BOUND('',#9065,.T.);
#9065 = EDGE_LOOP('',(#9066,#9067,#9068,#9076));
#9066 = ORIENTED_EDGE('',*,*,#8811,.F.);
#9067 = ORIENTED_EDGE('',*,*,#8976,.T.);
#9068 = ORIENTED_EDGE('',*,*,#9069,.T.);
#9069 = EDGE_CURVE('',#8977,#9070,#9072,.T.);
#9070 = VERTEX_POINT('',#9071);
#9071 = CARTESIAN_POINT('',(0.5,0.4,0.45));
#9072 = LINE('',#9073,#9074);
#9073 = CARTESIAN_POINT('',(-0.5,0.4,0.45));
#9074 = VECTOR('',#9075,1.);
#9075 = DIRECTION('',(1.,0.,0.));
#9076 = ORIENTED_EDGE('',*,*,#9077,.F.);
#9077 = EDGE_CURVE('',#8812,#9070,#9078,.T.);
#9078 = LINE('',#9079,#9080);
#9079 = CARTESIAN_POINT('',(0.5,0.4,0.405));
#9080 = VECTOR('',#9081,1.);
#9081 = DIRECTION('',(0.,0.,1.));
#9082 = PLANE('',#9083);
#9083 = AXIS2_PLACEMENT_3D('',#9084,#9085,#9086);
#9084 = CARTESIAN_POINT('',(-0.5,0.4,0.405));
#9085 = DIRECTION('',(0.,1.,0.));
#9086 = DIRECTION('',(0.,-0.,1.));
#9087 = ADVANCED_FACE('',(#9088),#9099,.T.);
#9088 = FACE_BOUND('',#9089,.T.);
#9089 = EDGE_LOOP('',(#9090,#9091,#9092,#9098));
#9090 = ORIENTED_EDGE('',*,*,#8859,.T.);
#9091 = ORIENTED_EDGE('',*,*,#9008,.T.);
#9092 = ORIENTED_EDGE('',*,*,#9093,.F.);
#9093 = EDGE_CURVE('',#8875,#8999,#9094,.T.);
#9094 = LINE('',#9095,#9096);
#9095 = CARTESIAN_POINT('',(0.545,-0.4,-2.775557561563E-17));
#9096 = VECTOR('',#9097,1.);
#9097 = DIRECTION('',(0.,1.,0.));
#9098 = ORIENTED_EDGE('',*,*,#8884,.F.);
#9099 = CYLINDRICAL_SURFACE('',#9100,4.5E-02);
#9100 = AXIS2_PLACEMENT_3D('',#9101,#9102,#9103);
#9101 = CARTESIAN_POINT('',(0.545,-0.4,4.5E-02));
#9102 = DIRECTION('',(0.,1.,0.));
#9103 = DIRECTION('',(-1.,0.,0.));
#9104 = ADVANCED_FACE('',(#9105),#9116,.F.);
#9105 = FACE_BOUND('',#9106,.F.);
#9106 = EDGE_LOOP('',(#9107,#9108,#9109,#9110));
#9107 = ORIENTED_EDGE('',*,*,#8998,.F.);
#9108 = ORIENTED_EDGE('',*,*,#9093,.F.);
#9109 = ORIENTED_EDGE('',*,*,#8874,.T.);
#9110 = ORIENTED_EDGE('',*,*,#9111,.T.);
#9111 = EDGE_CURVE('',#8877,#9001,#9112,.T.);
#9112 = LINE('',#9113,#9114);
#9113 = CARTESIAN_POINT('',(0.755,-0.4,-2.775557561563E-17));
#9114 = VECTOR('',#9115,1.);
#9115 = DIRECTION('',(0.,1.,0.));
#9116 = PLANE('',#9117);
#9117 = AXIS2_PLACEMENT_3D('',#9118,#9119,#9120);
#9118 = CARTESIAN_POINT('',(0.5,-0.4,0.));
#9119 = DIRECTION('',(0.,0.,1.));
#9120 = DIRECTION('',(1.,0.,-0.));
#9121 = ADVANCED_FACE('',(#9122),#9133,.T.);
#9122 = FACE_BOUND('',#9123,.T.);
#9123 = EDGE_LOOP('',(#9124,#9125,#9126,#9127));
#9124 = ORIENTED_EDGE('',*,*,#8928,.T.);
#9125 = ORIENTED_EDGE('',*,*,#9111,.T.);
#9126 = ORIENTED_EDGE('',*,*,#9052,.F.);
#9127 = ORIENTED_EDGE('',*,*,#9128,.F.);
#9128 = EDGE_CURVE('',#8921,#9045,#9129,.T.);
#9129 = LINE('',#9130,#9131);
#9130 = CARTESIAN_POINT('',(0.8,-0.4,4.5E-02));
#9131 = VECTOR('',#9132,1.);
#9132 = DIRECTION('',(0.,1.,0.));
#9133 = CYLINDRICAL_SURFACE('',#9134,4.5E-02);
#9134 = AXIS2_PLACEMENT_3D('',#9135,#9136,#9137);
#9135 = CARTESIAN_POINT('',(0.755,-0.4,4.5E-02));
#9136 = DIRECTION('',(0.,1.,0.));
#9137 = DIRECTION('',(1.,0.,0.));
#9138 = ADVANCED_FACE('',(#9139),#9150,.T.);
#9139 = FACE_BOUND('',#9140,.T.);
#9140 = EDGE_LOOP('',(#9141,#9142,#9143,#9144));
#9141 = ORIENTED_EDGE('',*,*,#8920,.F.);
#9142 = ORIENTED_EDGE('',*,*,#9128,.T.);
#9143 = ORIENTED_EDGE('',*,*,#9044,.T.);
#9144 = ORIENTED_EDGE('',*,*,#9145,.F.);
#9145 = EDGE_CURVE('',#8912,#9036,#9146,.T.);
#9146 = LINE('',#9147,#9148);
#9147 = CARTESIAN_POINT('',(0.8,-0.4,0.405));
#9148 = VECTOR('',#9149,1.);
#9149 = DIRECTION('',(0.,1.,0.));
#9150 = PLANE('',#9151);
#9151 = AXIS2_PLACEMENT_3D('',#9152,#9153,#9154);
#9152 = CARTESIAN_POINT('',(0.8,-0.4,0.));
#9153 = DIRECTION('',(1.,0.,0.));
#9154 = DIRECTION('',(0.,0.,1.));
#9155 = ADVANCED_FACE('',(#9156),#9167,.T.);
#9156 = FACE_BOUND('',#9157,.T.);
#9157 = EDGE_LOOP('',(#9158,#9159,#9160,#9166));
#9158 = ORIENTED_EDGE('',*,*,#9145,.T.);
#9159 = ORIENTED_EDGE('',*,*,#9035,.T.);
#9160 = ORIENTED_EDGE('',*,*,#9161,.F.);
#9161 = EDGE_CURVE('',#8904,#9028,#9162,.T.);
#9162 = LINE('',#9163,#9164);
#9163 = CARTESIAN_POINT('',(0.755,-0.4,0.45));
#9164 = VECTOR('',#9165,1.);
#9165 = DIRECTION('',(0.,1.,0.));
#9166 = ORIENTED_EDGE('',*,*,#8911,.F.);
#9167 = CYLINDRICAL_SURFACE('',#9168,4.5E-02);
#9168 = AXIS2_PLACEMENT_3D('',#9169,#9170,#9171);
#9169 = CARTESIAN_POINT('',(0.755,-0.4,0.405));
#9170 = DIRECTION('',(0.,1.,0.));
#9171 = DIRECTION('',(1.,0.,0.));
#9172 = ADVANCED_FACE('',(#9173),#9184,.T.);
#9173 = FACE_BOUND('',#9174,.T.);
#9174 = EDGE_LOOP('',(#9175,#9176,#9182,#9183));
#9175 = ORIENTED_EDGE('',*,*,#9027,.F.);
#9176 = ORIENTED_EDGE('',*,*,#9177,.F.);
#9177 = EDGE_CURVE('',#8895,#9019,#9178,.T.);
#9178 = LINE('',#9179,#9180);
#9179 = CARTESIAN_POINT('',(0.545,-0.4,0.45));
#9180 = VECTOR('',#9181,1.);
#9181 = DIRECTION('',(0.,1.,0.));
#9182 = ORIENTED_EDGE('',*,*,#8903,.T.);
#9183 = ORIENTED_EDGE('',*,*,#9161,.T.);
#9184 = PLANE('',#9185);
#9185 = AXIS2_PLACEMENT_3D('',#9186,#9187,#9188);
#9186 = CARTESIAN_POINT('',(0.5,-0.4,0.45));
#9187 = DIRECTION('',(0.,0.,1.));
#9188 = DIRECTION('',(1.,0.,-0.));
#9189 = ADVANCED_FACE('',(#9190),#9201,.T.);
#9190 = FACE_BOUND('',#9191,.T.);
#9191 = EDGE_LOOP('',(#9192,#9193,#9194,#9195));
#9192 = ORIENTED_EDGE('',*,*,#8894,.T.);
#9193 = ORIENTED_EDGE('',*,*,#9177,.T.);
#9194 = ORIENTED_EDGE('',*,*,#9018,.F.);
#9195 = ORIENTED_EDGE('',*,*,#9196,.F.);
#9196 = EDGE_CURVE('',#8729,#8812,#9197,.T.);
#9197 = LINE('',#9198,#9199);
#9198 = CARTESIAN_POINT('',(0.5,-0.4,0.405));
#9199 = VECTOR('',#9200,1.);
#9200 = DIRECTION('',(0.,1.,0.));
#9201 = CYLINDRICAL_SURFACE('',#9202,4.5E-02);
#9202 = AXIS2_PLACEMENT_3D('',#9203,#9204,#9205);
#9203 = CARTESIAN_POINT('',(0.545,-0.4,0.405));
#9204 = DIRECTION('',(0.,1.,0.));
#9205 = DIRECTION('',(-1.,0.,0.));
#9206 = ADVANCED_FACE('',(#9207),#9218,.T.);
#9207 = FACE_BOUND('',#9208,.T.);
#9208 = EDGE_LOOP('',(#9209,#9210,#9211,#9212));
#9209 = ORIENTED_EDGE('',*,*,#8960,.F.);
#9210 = ORIENTED_EDGE('',*,*,#9196,.T.);
#9211 = ORIENTED_EDGE('',*,*,#9077,.T.);
#9212 = ORIENTED_EDGE('',*,*,#9213,.F.);
#9213 = EDGE_CURVE('',#8953,#9070,#9214,.T.);
#9214 = LINE('',#9215,#9216);
#9215 = CARTESIAN_POINT('',(0.5,-0.4,0.45));
#9216 = VECTOR('',#9217,1.);
#9217 = DIRECTION('',(0.,1.,0.));
#9218 = PLANE('',#9219);
#9219 = AXIS2_PLACEMENT_3D('',#9220,#9221,#9222);
#9220 = CARTESIAN_POINT('',(0.5,-0.4,0.405));
#9221 = DIRECTION('',(1.,0.,0.));
#9222 = DIRECTION('',(0.,0.,1.));
#9223 = ADVANCED_FACE('',(#9224),#9230,.T.);
#9224 = FACE_BOUND('',#9225,.T.);
#9225 = EDGE_LOOP('',(#9226,#9227,#9228,#9229));
#9226 = ORIENTED_EDGE('',*,*,#8984,.F.);
#9227 = ORIENTED_EDGE('',*,*,#8952,.T.);
#9228 = ORIENTED_EDGE('',*,*,#9213,.T.);
#9229 = ORIENTED_EDGE('',*,*,#9069,.F.);
#9230 = PLANE('',#9231);
#9231 = AXIS2_PLACEMENT_3D('',#9232,#9233,#9234);
#9232 = CARTESIAN_POINT('',(-0.5,-0.4,0.45));
#9233 = DIRECTION('',(0.,0.,1.));
#9234 = DIRECTION('',(1.,0.,-0.));
#9235 = ( GEOMETRIC_REPRESENTATION_CONTEXT(3) 
GLOBAL_UNCERTAINTY_ASSIGNED_CONTEXT((#9239)) 
GLOBAL_UNIT_ASSIGNED_CONTEXT((#9236,#9237,#9238)) REPRESENTATION_CONTEXT
('Context #1','3D Context with UNIT and UNCERTAINTY') );
#9236 = ( LENGTH_UNIT() NAMED_UNIT(*) SI_UNIT(.MILLI.,.METRE.) );
#9237 = ( NAMED_UNIT(*) PLANE_ANGLE_UNIT() SI_UNIT($,.RADIAN.) );
#9238 = ( NAMED_UNIT(*) SI_UNIT($,.STERADIAN.) SOLID_ANGLE_UNIT() );
#9239 = UNCERTAINTY_MEASURE_WITH_UNIT(LENGTH_MEASURE(1.E-07),#9236,
  'distance_accuracy_value','confusion accuracy');
#9240 = CONTEXT_DEPENDENT_SHAPE_REPRESENTATION(#9241,#9243);
#9241 = ( REPRESENTATION_RELATIONSHIP('','',#8444,#8421) 
REPRESENTATION_RELATIONSHIP_WITH_TRANSFORMATION(#9242) 
SHAPE_REPRESENTATION_RELATIONSHIP() );
#9242 = ITEM_DEFINED_TRANSFORMATION('','',#11,#8422);
#9243 = PRODUCT_DEFINITION_SHAPE('Placement','Placement of an item',
  #9244);
#9244 = NEXT_ASSEMBLY_USAGE_OCCURRENCE('16','=>[0:1:1:9]','',#8416,#8439
  ,$);
#9245 = PRODUCT_RELATED_PRODUCT_CATEGORY('part',$,(#8441));
#9246 = SHAPE_DEFINITION_REPRESENTATION(#9247,#9253);
#9247 = PRODUCT_DEFINITION_SHAPE('','',#9248);
#9248 = PRODUCT_DEFINITION('design','',#9249,#9252);
#9249 = PRODUCT_DEFINITION_FORMATION('','',#9250);
#9250 = PRODUCT('LED_0603_1608Metric','LED_0603_1608Metric','',(#9251));
#9251 = PRODUCT_CONTEXT('',#2,'mechanical');
#9252 = PRODUCT_DEFINITION_CONTEXT('part definition',#2,'design');
#9253 = SHAPE_REPRESENTATION('',(#11,#9254),#9258);
#9254 = AXIS2_PLACEMENT_3D('',#9255,#9256,#9257);
#9255 = CARTESIAN_POINT('',(0.,0.,0.));
#9256 = DIRECTION('',(0.,0.,1.));
#9257 = DIRECTION('',(1.,0.,-0.));
#9258 = ( GEOMETRIC_REPRESENTATION_CONTEXT(3) 
GLOBAL_UNCERTAINTY_ASSIGNED_CONTEXT((#9262)) 
GLOBAL_UNIT_ASSIGNED_CONTEXT((#9259,#9260,#9261)) REPRESENTATION_CONTEXT
('Context #1','3D Context with UNIT and UNCERTAINTY') );
#9259 = ( LENGTH_UNIT() NAMED_UNIT(*) SI_UNIT(.MILLI.,.METRE.) );
#9260 = ( NAMED_UNIT(*) PLANE_ANGLE_UNIT() SI_UNIT($,.RADIAN.) );
#9261 = ( NAMED_UNIT(*) SI_UNIT($,.STERADIAN.) SOLID_ANGLE_UNIT() );
#9262 = UNCERTAINTY_MEASURE_WITH_UNIT(LENGTH_MEASURE(1.E-07),#9259,
  'distance_accuracy_value','confusion accuracy');
#9263 = CONTEXT_DEPENDENT_SHAPE_REPRESENTATION(#9264,#9266);
#9264 = ( REPRESENTATION_RELATIONSHIP('','',#9253,#10) 
REPRESENTATION_RELATIONSHIP_WITH_TRANSFORMATION(#9265) 
SHAPE_REPRESENTATION_RELATIONSHIP() );
#9265 = ITEM_DEFINED_TRANSFORMATION('','',#11,#67);
#9266 = PRODUCT_DEFINITION_SHAPE('Placement','Placement of an item',
  #9267);
#9267 = NEXT_ASSEMBLY_USAGE_OCCURRENCE('19','D1','',#5,#9248,$);
#9268 = PRODUCT_RELATED_PRODUCT_CATEGORY('part',$,(#9250));
#9269 = SHAPE_DEFINITION_REPRESENTATION(#9270,#9276);
#9270 = PRODUCT_DEFINITION_SHAPE('','',#9271);
#9271 = PRODUCT_DEFINITION('design','',#9272,#9275);
#9272 = PRODUCT_DEFINITION_FORMATION('','',#9273);
#9273 = PRODUCT('LED_0603_1608Metric','LED_0603_1608Metric','',(#9274));
#9274 = PRODUCT_CONTEXT('',#2,'mechanical');
#9275 = PRODUCT_DEFINITION_CONTEXT('part definition',#2,'design');
#9276 = ADVANCED_BREP_SHAPE_REPRESENTATION('',(#11,#9277),#10800);
#9277 = MANIFOLD_SOLID_BREP('',#9278);
#9278 = CLOSED_SHELL('',(#9279,#9319,#9366,#9445,#9469,#9509,#9540,#9557
    ,#9590,#9614,#9681,#9802,#9869,#9893,#9924,#9957,#10013,#10037,
    #10061,#10085,#10118,#10130,#10193,#10218,#10235,#10259,#10277,
    #10295,#10313,#10330,#10347,#10378,#10403,#10428,#10452,#10469,
    #10500,#10524,#10541,#10569,#10594,#10618,#10643,#10690,#10707,
    #10719,#10741,#10753,#10771,#10789));
#9279 = ADVANCED_FACE('',(#9280),#9314,.F.);
#9280 = FACE_BOUND('',#9281,.F.);
#9281 = EDGE_LOOP('',(#9282,#9292,#9300,#9308));
#9282 = ORIENTED_EDGE('',*,*,#9283,.T.);
#9283 = EDGE_CURVE('',#9284,#9286,#9288,.T.);
#9284 = VERTEX_POINT('',#9285);
#9285 = CARTESIAN_POINT('',(-0.5,-0.4,0.47));
#9286 = VERTEX_POINT('',#9287);
#9287 = CARTESIAN_POINT('',(-0.45,-0.4,1.1));
#9288 = LINE('',#9289,#9290);
#9289 = CARTESIAN_POINT('',(-0.5,-0.4,0.47));
#9290 = VECTOR('',#9291,1.);
#9291 = DIRECTION('',(7.911630099815E-02,0.,0.996865392576));
#9292 = ORIENTED_EDGE('',*,*,#9293,.T.);
#9293 = EDGE_CURVE('',#9286,#9294,#9296,.T.);
#9294 = VERTEX_POINT('',#9295);
#9295 = CARTESIAN_POINT('',(0.45,-0.4,1.1));
#9296 = LINE('',#9297,#9298);
#9297 = CARTESIAN_POINT('',(-0.45,-0.4,1.1));
#9298 = VECTOR('',#9299,1.);
#9299 = DIRECTION('',(1.,0.,0.));
#9300 = ORIENTED_EDGE('',*,*,#9301,.T.);
#9301 = EDGE_CURVE('',#9294,#9302,#9304,.T.);
#9302 = VERTEX_POINT('',#9303);
#9303 = CARTESIAN_POINT('',(0.5,-0.4,0.47));
#9304 = LINE('',#9305,#9306);
#9305 = CARTESIAN_POINT('',(0.45,-0.4,1.1));
#9306 = VECTOR('',#9307,1.);
#9307 = DIRECTION('',(7.911630099815E-02,0.,-0.996865392576));
#9308 = ORIENTED_EDGE('',*,*,#9309,.T.);
#9309 = EDGE_CURVE('',#9302,#9284,#9310,.T.);
#9310 = LINE('',#9311,#9312);
#9311 = CARTESIAN_POINT('',(0.5,-0.4,0.47));
#9312 = VECTOR('',#9313,1.);
#9313 = DIRECTION('',(-1.,0.,0.));
#9314 = PLANE('',#9315);
#9315 = AXIS2_PLACEMENT_3D('',#9316,#9317,#9318);
#9316 = CARTESIAN_POINT('',(-8.772411109409E-18,-0.4,0.775044128294));
#9317 = DIRECTION('',(0.,1.,0.));
#9318 = DIRECTION('',(0.,-0.,1.));
#9319 = ADVANCED_FACE('',(#9320),#9361,.T.);
#9320 = FACE_BOUND('',#9321,.T.);
#9321 = EDGE_LOOP('',(#9322,#9332,#9340,#9346,#9347,#9355));
#9322 = ORIENTED_EDGE('',*,*,#9323,.T.);
#9323 = EDGE_CURVE('',#9324,#9326,#9328,.T.);
#9324 = VERTEX_POINT('',#9325);
#9325 = CARTESIAN_POINT('',(-0.5,0.4,0.47));
#9326 = VERTEX_POINT('',#9327);
#9327 = CARTESIAN_POINT('',(-0.5,0.3,0.47));
#9328 = LINE('',#9329,#9330);
#9329 = CARTESIAN_POINT('',(-0.5,0.4,0.47));
#9330 = VECTOR('',#9331,1.);
#9331 = DIRECTION('',(0.,-1.,0.));
#9332 = ORIENTED_EDGE('',*,*,#9333,.F.);
#9333 = EDGE_CURVE('',#9334,#9326,#9336,.T.);
#9334 = VERTEX_POINT('',#9335);
#9335 = CARTESIAN_POINT('',(-0.5,-0.3,0.47));
#9336 = LINE('',#9337,#9338);
#9337 = CARTESIAN_POINT('',(-0.5,-0.4,0.47));
#9338 = VECTOR('',#9339,1.);
#9339 = DIRECTION('',(0.,1.,0.));
#9340 = ORIENTED_EDGE('',*,*,#9341,.T.);
#9341 = EDGE_CURVE('',#9334,#9284,#9342,.T.);
#9342 = LINE('',#9343,#9344);
#9343 = CARTESIAN_POINT('',(-0.5,0.4,0.47));
#9344 = VECTOR('',#9345,1.);
#9345 = DIRECTION('',(0.,-1.,0.));
#9346 = ORIENTED_EDGE('',*,*,#9283,.T.);
#9347 = ORIENTED_EDGE('',*,*,#9348,.F.);
#9348 = EDGE_CURVE('',#9349,#9286,#9351,.T.);
#9349 = VERTEX_POINT('',#9350);
#9350 = CARTESIAN_POINT('',(-0.45,0.4,1.1));
#9351 = LINE('',#9352,#9353);
#9352 = CARTESIAN_POINT('',(-0.45,0.4,1.1));
#9353 = VECTOR('',#9354,1.);
#9354 = DIRECTION('',(0.,-1.,0.));
#9355 = ORIENTED_EDGE('',*,*,#9356,.F.);
#9356 = EDGE_CURVE('',#9324,#9349,#9357,.T.);
#9357 = LINE('',#9358,#9359);
#9358 = CARTESIAN_POINT('',(-0.5,0.4,0.47));
#9359 = VECTOR('',#9360,1.);
#9360 = DIRECTION('',(7.911630099815E-02,0.,0.996865392576));
#9361 = PLANE('',#9362);
#9362 = AXIS2_PLACEMENT_3D('',#9363,#9364,#9365);
#9363 = CARTESIAN_POINT('',(-0.5,0.4,0.47));
#9364 = DIRECTION('',(-0.996865392576,0.,7.911630099815E-02));
#9365 = DIRECTION('',(7.911630099815E-02,0.,0.996865392576));
#9366 = ADVANCED_FACE('',(#9367),#9440,.F.);
#9367 = FACE_BOUND('',#9368,.F.);
#9368 = EDGE_LOOP('',(#9369,#9379,#9387,#9395,#9401,#9402,#9410,#9418,
    #9426,#9434));
#9369 = ORIENTED_EDGE('',*,*,#9370,.F.);
#9370 = EDGE_CURVE('',#9371,#9373,#9375,.T.);
#9371 = VERTEX_POINT('',#9372);
#9372 = CARTESIAN_POINT('',(-0.77,-0.4,3.E-02));
#9373 = VERTEX_POINT('',#9374);
#9374 = CARTESIAN_POINT('',(-0.725,-0.4,3.E-02));
#9375 = LINE('',#9376,#9377);
#9376 = CARTESIAN_POINT('',(-0.77,-0.4,3.E-02));
#9377 = VECTOR('',#9378,1.);
#9378 = DIRECTION('',(1.,0.,0.));
#9379 = ORIENTED_EDGE('',*,*,#9380,.T.);
#9380 = EDGE_CURVE('',#9371,#9381,#9383,.T.);
#9381 = VERTEX_POINT('',#9382);
#9382 = CARTESIAN_POINT('',(-0.77,-0.4,0.47));
#9383 = LINE('',#9384,#9385);
#9384 = CARTESIAN_POINT('',(-0.77,-0.4,3.E-02));
#9385 = VECTOR('',#9386,1.);
#9386 = DIRECTION('',(0.,0.,1.));
#9387 = ORIENTED_EDGE('',*,*,#9388,.T.);
#9388 = EDGE_CURVE('',#9381,#9389,#9391,.T.);
#9389 = VERTEX_POINT('',#9390);
#9390 = CARTESIAN_POINT('',(-0.725,-0.4,0.47));
#9391 = LINE('',#9392,#9393);
#9392 = CARTESIAN_POINT('',(-0.77,-0.4,0.47));
#9393 = VECTOR('',#9394,1.);
#9394 = DIRECTION('',(1.,0.,0.));
#9395 = ORIENTED_EDGE('',*,*,#9396,.T.);
#9396 = EDGE_CURVE('',#9389,#9284,#9397,.T.);
#9397 = LINE('',#9398,#9399);
#9398 = CARTESIAN_POINT('',(-0.77,-0.4,0.47));
#9399 = VECTOR('',#9400,1.);
#9400 = DIRECTION('',(1.,0.,0.));
#9401 = ORIENTED_EDGE('',*,*,#9309,.F.);
#9402 = ORIENTED_EDGE('',*,*,#9403,.T.);
#9403 = EDGE_CURVE('',#9302,#9404,#9406,.T.);
#9404 = VERTEX_POINT('',#9405);
#9405 = CARTESIAN_POINT('',(0.725,-0.4,0.47));
#9406 = LINE('',#9407,#9408);
#9407 = CARTESIAN_POINT('',(-0.77,-0.4,0.47));
#9408 = VECTOR('',#9409,1.);
#9409 = DIRECTION('',(1.,0.,0.));
#9410 = ORIENTED_EDGE('',*,*,#9411,.T.);
#9411 = EDGE_CURVE('',#9404,#9412,#9414,.T.);
#9412 = VERTEX_POINT('',#9413);
#9413 = CARTESIAN_POINT('',(0.77,-0.4,0.47));
#9414 = LINE('',#9415,#9416);
#9415 = CARTESIAN_POINT('',(-0.77,-0.4,0.47));
#9416 = VECTOR('',#9417,1.);
#9417 = DIRECTION('',(1.,0.,0.));
#9418 = ORIENTED_EDGE('',*,*,#9419,.F.);
#9419 = EDGE_CURVE('',#9420,#9412,#9422,.T.);
#9420 = VERTEX_POINT('',#9421);
#9421 = CARTESIAN_POINT('',(0.77,-0.4,3.E-02));
#9422 = LINE('',#9423,#9424);
#9423 = CARTESIAN_POINT('',(0.77,-0.4,3.E-02));
#9424 = VECTOR('',#9425,1.);
#9425 = DIRECTION('',(0.,0.,1.));
#9426 = ORIENTED_EDGE('',*,*,#9427,.F.);
#9427 = EDGE_CURVE('',#9428,#9420,#9430,.T.);
#9428 = VERTEX_POINT('',#9429);
#9429 = CARTESIAN_POINT('',(0.725,-0.4,3.E-02));
#9430 = LINE('',#9431,#9432);
#9431 = CARTESIAN_POINT('',(-0.77,-0.4,3.E-02));
#9432 = VECTOR('',#9433,1.);
#9433 = DIRECTION('',(1.,0.,0.));
#9434 = ORIENTED_EDGE('',*,*,#9435,.F.);
#9435 = EDGE_CURVE('',#9373,#9428,#9436,.T.);
#9436 = LINE('',#9437,#9438);
#9437 = CARTESIAN_POINT('',(-0.77,-0.4,3.E-02));
#9438 = VECTOR('',#9439,1.);
#9439 = DIRECTION('',(1.,0.,0.));
#9440 = PLANE('',#9441);
#9441 = AXIS2_PLACEMENT_3D('',#9442,#9443,#9444);
#9442 = CARTESIAN_POINT('',(-0.77,-0.4,3.E-02));
#9443 = DIRECTION('',(0.,1.,0.));
#9444 = DIRECTION('',(0.,-0.,1.));
#9445 = ADVANCED_FACE('',(#9446),#9464,.T.);
#9446 = FACE_BOUND('',#9447,.T.);
#9447 = EDGE_LOOP('',(#9448,#9449,#9450,#9458));
#9448 = ORIENTED_EDGE('',*,*,#9348,.T.);
#9449 = ORIENTED_EDGE('',*,*,#9293,.T.);
#9450 = ORIENTED_EDGE('',*,*,#9451,.F.);
#9451 = EDGE_CURVE('',#9452,#9294,#9454,.T.);
#9452 = VERTEX_POINT('',#9453);
#9453 = CARTESIAN_POINT('',(0.45,0.4,1.1));
#9454 = LINE('',#9455,#9456);
#9455 = CARTESIAN_POINT('',(0.45,0.4,1.1));
#9456 = VECTOR('',#9457,1.);
#9457 = DIRECTION('',(0.,-1.,0.));
#9458 = ORIENTED_EDGE('',*,*,#9459,.F.);
#9459 = EDGE_CURVE('',#9349,#9452,#9460,.T.);
#9460 = LINE('',#9461,#9462);
#9461 = CARTESIAN_POINT('',(-0.45,0.4,1.1));
#9462 = VECTOR('',#9463,1.);
#9463 = DIRECTION('',(1.,0.,0.));
#9464 = PLANE('',#9465);
#9465 = AXIS2_PLACEMENT_3D('',#9466,#9467,#9468);
#9466 = CARTESIAN_POINT('',(-0.45,0.4,1.1));
#9467 = DIRECTION('',(0.,0.,1.));
#9468 = DIRECTION('',(1.,0.,-0.));
#9469 = ADVANCED_FACE('',(#9470),#9504,.T.);
#9470 = FACE_BOUND('',#9471,.T.);
#9471 = EDGE_LOOP('',(#9472,#9473,#9474,#9482,#9490,#9498));
#9472 = ORIENTED_EDGE('',*,*,#9451,.T.);
#9473 = ORIENTED_EDGE('',*,*,#9301,.T.);
#9474 = ORIENTED_EDGE('',*,*,#9475,.F.);
#9475 = EDGE_CURVE('',#9476,#9302,#9478,.T.);
#9476 = VERTEX_POINT('',#9477);
#9477 = CARTESIAN_POINT('',(0.5,-0.3,0.47));
#9478 = LINE('',#9479,#9480);
#9479 = CARTESIAN_POINT('',(0.5,0.4,0.47));
#9480 = VECTOR('',#9481,1.);
#9481 = DIRECTION('',(0.,-1.,0.));
#9482 = ORIENTED_EDGE('',*,*,#9483,.T.);
#9483 = EDGE_CURVE('',#9476,#9484,#9486,.T.);
#9484 = VERTEX_POINT('',#9485);
#9485 = CARTESIAN_POINT('',(0.5,0.3,0.47));
#9486 = LINE('',#9487,#9488);
#9487 = CARTESIAN_POINT('',(0.5,-0.4,0.47));
#9488 = VECTOR('',#9489,1.);
#9489 = DIRECTION('',(0.,1.,0.));
#9490 = ORIENTED_EDGE('',*,*,#9491,.F.);
#9491 = EDGE_CURVE('',#9492,#9484,#9494,.T.);
#9492 = VERTEX_POINT('',#9493);
#9493 = CARTESIAN_POINT('',(0.5,0.4,0.47));
#9494 = LINE('',#9495,#9496);
#9495 = CARTESIAN_POINT('',(0.5,0.4,0.47));
#9496 = VECTOR('',#9497,1.);
#9497 = DIRECTION('',(0.,-1.,0.));
#9498 = ORIENTED_EDGE('',*,*,#9499,.F.);
#9499 = EDGE_CURVE('',#9452,#9492,#9500,.T.);
#9500 = LINE('',#9501,#9502);
#9501 = CARTESIAN_POINT('',(0.45,0.4,1.1));
#9502 = VECTOR('',#9503,1.);
#9503 = DIRECTION('',(7.911630099815E-02,0.,-0.996865392576));
#9504 = PLANE('',#9505);
#9505 = AXIS2_PLACEMENT_3D('',#9506,#9507,#9508);
#9506 = CARTESIAN_POINT('',(0.45,0.4,1.1));
#9507 = DIRECTION('',(0.996865392576,0.,7.911630099815E-02));
#9508 = DIRECTION('',(7.911630099815E-02,0.,-0.996865392576));
#9509 = ADVANCED_FACE('',(#9510),#9535,.T.);
#9510 = FACE_BOUND('',#9511,.T.);
#9511 = EDGE_LOOP('',(#9512,#9520,#9528,#9534));
#9512 = ORIENTED_EDGE('',*,*,#9513,.F.);
#9513 = EDGE_CURVE('',#9514,#9324,#9516,.T.);
#9514 = VERTEX_POINT('',#9515);
#9515 = CARTESIAN_POINT('',(-0.725,0.4,0.47));
#9516 = LINE('',#9517,#9518);
#9517 = CARTESIAN_POINT('',(-0.77,0.4,0.47));
#9518 = VECTOR('',#9519,1.);
#9519 = DIRECTION('',(1.,0.,0.));
#9520 = ORIENTED_EDGE('',*,*,#9521,.F.);
#9521 = EDGE_CURVE('',#9522,#9514,#9524,.T.);
#9522 = VERTEX_POINT('',#9523);
#9523 = CARTESIAN_POINT('',(-0.725,0.3,0.47));
#9524 = LINE('',#9525,#9526);
#9525 = CARTESIAN_POINT('',(-0.725,5.E-02,0.47));
#9526 = VECTOR('',#9527,1.);
#9527 = DIRECTION('',(0.,1.,0.));
#9528 = ORIENTED_EDGE('',*,*,#9529,.F.);
#9529 = EDGE_CURVE('',#9326,#9522,#9530,.T.);
#9530 = LINE('',#9531,#9532);
#9531 = CARTESIAN_POINT('',(-0.7475,0.3,0.47));
#9532 = VECTOR('',#9533,1.);
#9533 = DIRECTION('',(-1.,0.,0.));
#9534 = ORIENTED_EDGE('',*,*,#9323,.F.);
#9535 = PLANE('',#9536);
#9536 = AXIS2_PLACEMENT_3D('',#9537,#9538,#9539);
#9537 = CARTESIAN_POINT('',(-0.77,-0.4,0.47));
#9538 = DIRECTION('',(0.,0.,1.));
#9539 = DIRECTION('',(1.,0.,-0.));
#9540 = ADVANCED_FACE('',(#9541),#9552,.T.);
#9541 = FACE_BOUND('',#9542,.T.);
#9542 = EDGE_LOOP('',(#9543,#9544,#9545,#9546));
#9543 = ORIENTED_EDGE('',*,*,#9356,.T.);
#9544 = ORIENTED_EDGE('',*,*,#9459,.T.);
#9545 = ORIENTED_EDGE('',*,*,#9499,.T.);
#9546 = ORIENTED_EDGE('',*,*,#9547,.T.);
#9547 = EDGE_CURVE('',#9492,#9324,#9548,.T.);
#9548 = LINE('',#9549,#9550);
#9549 = CARTESIAN_POINT('',(0.5,0.4,0.47));
#9550 = VECTOR('',#9551,1.);
#9551 = DIRECTION('',(-1.,0.,0.));
#9552 = PLANE('',#9553);
#9553 = AXIS2_PLACEMENT_3D('',#9554,#9555,#9556);
#9554 = CARTESIAN_POINT('',(-8.772411109409E-18,0.4,0.775044128294));
#9555 = DIRECTION('',(0.,1.,0.));
#9556 = DIRECTION('',(0.,-0.,1.));
#9557 = ADVANCED_FACE('',(#9558),#9585,.T.);
#9558 = FACE_BOUND('',#9559,.T.);
#9559 = EDGE_LOOP('',(#9560,#9569,#9577,#9584));
#9560 = ORIENTED_EDGE('',*,*,#9561,.F.);
#9561 = EDGE_CURVE('',#9562,#9326,#9564,.T.);
#9562 = VERTEX_POINT('',#9563);
#9563 = CARTESIAN_POINT('',(-0.53,0.3,0.5));
#9564 = CIRCLE('',#9565,3.E-02);
#9565 = AXIS2_PLACEMENT_3D('',#9566,#9567,#9568);
#9566 = CARTESIAN_POINT('',(-0.53,0.3,0.47));
#9567 = DIRECTION('',(-0.,1.,0.));
#9568 = DIRECTION('',(1.,0.,0.));
#9569 = ORIENTED_EDGE('',*,*,#9570,.F.);
#9570 = EDGE_CURVE('',#9571,#9562,#9573,.T.);
#9571 = VERTEX_POINT('',#9572);
#9572 = CARTESIAN_POINT('',(-0.53,-0.3,0.5));
#9573 = LINE('',#9574,#9575);
#9574 = CARTESIAN_POINT('',(-0.53,-0.4,0.5));
#9575 = VECTOR('',#9576,1.);
#9576 = DIRECTION('',(0.,1.,0.));
#9577 = ORIENTED_EDGE('',*,*,#9578,.T.);
#9578 = EDGE_CURVE('',#9571,#9334,#9579,.T.);
#9579 = CIRCLE('',#9580,3.E-02);
#9580 = AXIS2_PLACEMENT_3D('',#9581,#9582,#9583);
#9581 = CARTESIAN_POINT('',(-0.53,-0.3,0.47));
#9582 = DIRECTION('',(-0.,1.,0.));
#9583 = DIRECTION('',(1.,0.,0.));
#9584 = ORIENTED_EDGE('',*,*,#9333,.T.);
#9585 = CYLINDRICAL_SURFACE('',#9586,3.E-02);
#9586 = AXIS2_PLACEMENT_3D('',#9587,#9588,#9589);
#9587 = CARTESIAN_POINT('',(-0.53,-0.4,0.47));
#9588 = DIRECTION('',(0.,1.,0.));
#9589 = DIRECTION('',(1.,0.,0.));
#9590 = ADVANCED_FACE('',(#9591),#9609,.T.);
#9591 = FACE_BOUND('',#9592,.T.);
#9592 = EDGE_LOOP('',(#9593,#9601,#9602,#9603));
#9593 = ORIENTED_EDGE('',*,*,#9594,.F.);
#9594 = EDGE_CURVE('',#9389,#9595,#9597,.T.);
#9595 = VERTEX_POINT('',#9596);
#9596 = CARTESIAN_POINT('',(-0.725,-0.3,0.47));
#9597 = LINE('',#9598,#9599);
#9598 = CARTESIAN_POINT('',(-0.725,-0.35,0.47));
#9599 = VECTOR('',#9600,1.);
#9600 = DIRECTION('',(0.,1.,0.));
#9601 = ORIENTED_EDGE('',*,*,#9396,.T.);
#9602 = ORIENTED_EDGE('',*,*,#9341,.F.);
#9603 = ORIENTED_EDGE('',*,*,#9604,.F.);
#9604 = EDGE_CURVE('',#9595,#9334,#9605,.T.);
#9605 = LINE('',#9606,#9607);
#9606 = CARTESIAN_POINT('',(-2.25E-02,-0.3,0.47));
#9607 = VECTOR('',#9608,1.);
#9608 = DIRECTION('',(1.,0.,0.));
#9609 = PLANE('',#9610);
#9610 = AXIS2_PLACEMENT_3D('',#9611,#9612,#9613);
#9611 = CARTESIAN_POINT('',(-0.77,-0.4,0.47));
#9612 = DIRECTION('',(0.,0.,1.));
#9613 = DIRECTION('',(1.,0.,-0.));
#9614 = ADVANCED_FACE('',(#9615),#9676,.F.);
#9615 = FACE_BOUND('',#9616,.F.);
#9616 = EDGE_LOOP('',(#9617,#9627,#9636,#9644,#9653,#9661,#9667,#9668,
    #9669,#9670));
#9617 = ORIENTED_EDGE('',*,*,#9618,.F.);
#9618 = EDGE_CURVE('',#9619,#9621,#9623,.T.);
#9619 = VERTEX_POINT('',#9620);
#9620 = CARTESIAN_POINT('',(-0.77,-0.4,-3.469446951954E-18));
#9621 = VERTEX_POINT('',#9622);
#9622 = CARTESIAN_POINT('',(-0.725,-0.4,0.));
#9623 = LINE('',#9624,#9625);
#9624 = CARTESIAN_POINT('',(-0.8,-0.4,0.));
#9625 = VECTOR('',#9626,1.);
#9626 = DIRECTION('',(1.,0.,0.));
#9627 = ORIENTED_EDGE('',*,*,#9628,.F.);
#9628 = EDGE_CURVE('',#9629,#9619,#9631,.T.);
#9629 = VERTEX_POINT('',#9630);
#9630 = CARTESIAN_POINT('',(-0.8,-0.4,3.E-02));
#9631 = CIRCLE('',#9632,3.E-02);
#9632 = AXIS2_PLACEMENT_3D('',#9633,#9634,#9635);
#9633 = CARTESIAN_POINT('',(-0.77,-0.4,3.E-02));
#9634 = DIRECTION('',(0.,-1.,0.));
#9635 = DIRECTION('',(0.,0.,1.));
#9636 = ORIENTED_EDGE('',*,*,#9637,.T.);
#9637 = EDGE_CURVE('',#9629,#9638,#9640,.T.);
#9638 = VERTEX_POINT('',#9639);
#9639 = CARTESIAN_POINT('',(-0.8,-0.4,0.47));
#9640 = LINE('',#9641,#9642);
#9641 = CARTESIAN_POINT('',(-0.8,-0.4,0.));
#9642 = VECTOR('',#9643,1.);
#9643 = DIRECTION('',(0.,0.,1.));
#9644 = ORIENTED_EDGE('',*,*,#9645,.T.);
#9645 = EDGE_CURVE('',#9638,#9646,#9648,.T.);
#9646 = VERTEX_POINT('',#9647);
#9647 = CARTESIAN_POINT('',(-0.77,-0.4,0.5));
#9648 = CIRCLE('',#9649,3.E-02);
#9649 = AXIS2_PLACEMENT_3D('',#9650,#9651,#9652);
#9650 = CARTESIAN_POINT('',(-0.77,-0.4,0.47));
#9651 = DIRECTION('',(0.,1.,0.));
#9652 = DIRECTION('',(0.,-0.,1.));
#9653 = ORIENTED_EDGE('',*,*,#9654,.T.);
#9654 = EDGE_CURVE('',#9646,#9655,#9657,.T.);
#9655 = VERTEX_POINT('',#9656);
#9656 = CARTESIAN_POINT('',(-0.725,-0.4,0.5));
#9657 = LINE('',#9658,#9659);
#9658 = CARTESIAN_POINT('',(-0.8,-0.4,0.5));
#9659 = VECTOR('',#9660,1.);
#9660 = DIRECTION('',(1.,0.,0.));
#9661 = ORIENTED_EDGE('',*,*,#9662,.F.);
#9662 = EDGE_CURVE('',#9389,#9655,#9663,.T.);
#9663 = LINE('',#9664,#9665);
#9664 = CARTESIAN_POINT('',(-0.725,-0.4,0.375));
#9665 = VECTOR('',#9666,1.);
#9666 = DIRECTION('',(0.,0.,1.));
#9667 = ORIENTED_EDGE('',*,*,#9388,.F.);
#9668 = ORIENTED_EDGE('',*,*,#9380,.F.);
#9669 = ORIENTED_EDGE('',*,*,#9370,.T.);
#9670 = ORIENTED_EDGE('',*,*,#9671,.F.);
#9671 = EDGE_CURVE('',#9621,#9373,#9672,.T.);
#9672 = LINE('',#9673,#9674);
#9673 = CARTESIAN_POINT('',(-0.725,-0.4,0.375));
#9674 = VECTOR('',#9675,1.);
#9675 = DIRECTION('',(0.,0.,1.));
#9676 = PLANE('',#9677);
#9677 = AXIS2_PLACEMENT_3D('',#9678,#9679,#9680);
#9678 = CARTESIAN_POINT('',(-0.8,-0.4,0.));
#9679 = DIRECTION('',(0.,1.,0.));
#9680 = DIRECTION('',(0.,-0.,1.));
#9681 = ADVANCED_FACE('',(#9682,#9771),#9797,.F.);
#9682 = FACE_BOUND('',#9683,.F.);
#9683 = EDGE_LOOP('',(#9684,#9692,#9693,#9701,#9709,#9717,#9725,#9733,
    #9741,#9749,#9757,#9765));
#9684 = ORIENTED_EDGE('',*,*,#9685,.F.);
#9685 = EDGE_CURVE('',#9373,#9686,#9688,.T.);
#9686 = VERTEX_POINT('',#9687);
#9687 = CARTESIAN_POINT('',(-0.725,-0.3,3.E-02));
#9688 = LINE('',#9689,#9690);
#9689 = CARTESIAN_POINT('',(-0.725,-0.35,3.E-02));
#9690 = VECTOR('',#9691,1.);
#9691 = DIRECTION('',(0.,1.,0.));
#9692 = ORIENTED_EDGE('',*,*,#9435,.T.);
#9693 = ORIENTED_EDGE('',*,*,#9694,.F.);
#9694 = EDGE_CURVE('',#9695,#9428,#9697,.T.);
#9695 = VERTEX_POINT('',#9696);
#9696 = CARTESIAN_POINT('',(0.725,-0.3,3.E-02));
#9697 = LINE('',#9698,#9699);
#9698 = CARTESIAN_POINT('',(0.725,-0.45,3.E-02));
#9699 = VECTOR('',#9700,1.);
#9700 = DIRECTION('',(0.,-1.,0.));
#9701 = ORIENTED_EDGE('',*,*,#9702,.F.);
#9702 = EDGE_CURVE('',#9703,#9695,#9705,.T.);
#9703 = VERTEX_POINT('',#9704);
#9704 = CARTESIAN_POINT('',(0.5,-0.3,3.E-02));
#9705 = LINE('',#9706,#9707);
#9706 = CARTESIAN_POINT('',(-2.25E-02,-0.3,3.E-02));
#9707 = VECTOR('',#9708,1.);
#9708 = DIRECTION('',(1.,0.,0.));
#9709 = ORIENTED_EDGE('',*,*,#9710,.T.);
#9710 = EDGE_CURVE('',#9703,#9711,#9713,.T.);
#9711 = VERTEX_POINT('',#9712);
#9712 = CARTESIAN_POINT('',(0.5,0.3,3.E-02));
#9713 = LINE('',#9714,#9715);
#9714 = CARTESIAN_POINT('',(0.5,-0.4,3.E-02));
#9715 = VECTOR('',#9716,1.);
#9716 = DIRECTION('',(0.,1.,0.));
#9717 = ORIENTED_EDGE('',*,*,#9718,.F.);
#9718 = EDGE_CURVE('',#9719,#9711,#9721,.T.);
#9719 = VERTEX_POINT('',#9720);
#9720 = CARTESIAN_POINT('',(0.725,0.3,3.E-02));
#9721 = LINE('',#9722,#9723);
#9722 = CARTESIAN_POINT('',(-0.7475,0.3,3.E-02));
#9723 = VECTOR('',#9724,1.);
#9724 = DIRECTION('',(-1.,0.,0.));
#9725 = ORIENTED_EDGE('',*,*,#9726,.F.);
#9726 = EDGE_CURVE('',#9727,#9719,#9729,.T.);
#9727 = VERTEX_POINT('',#9728);
#9728 = CARTESIAN_POINT('',(0.725,0.4,3.E-02));
#9729 = LINE('',#9730,#9731);
#9730 = CARTESIAN_POINT('',(0.725,-5.E-02,3.E-02));
#9731 = VECTOR('',#9732,1.);
#9732 = DIRECTION('',(0.,-1.,0.));
#9733 = ORIENTED_EDGE('',*,*,#9734,.F.);
#9734 = EDGE_CURVE('',#9735,#9727,#9737,.T.);
#9735 = VERTEX_POINT('',#9736);
#9736 = CARTESIAN_POINT('',(-0.725,0.4,3.E-02));
#9737 = LINE('',#9738,#9739);
#9738 = CARTESIAN_POINT('',(-0.77,0.4,3.E-02));
#9739 = VECTOR('',#9740,1.);
#9740 = DIRECTION('',(1.,0.,0.));
#9741 = ORIENTED_EDGE('',*,*,#9742,.F.);
#9742 = EDGE_CURVE('',#9743,#9735,#9745,.T.);
#9743 = VERTEX_POINT('',#9744);
#9744 = CARTESIAN_POINT('',(-0.725,0.3,3.E-02));
#9745 = LINE('',#9746,#9747);
#9746 = CARTESIAN_POINT('',(-0.725,5.E-02,3.E-02));
#9747 = VECTOR('',#9748,1.);
#9748 = DIRECTION('',(0.,1.,0.));
#9749 = ORIENTED_EDGE('',*,*,#9750,.F.);
#9750 = EDGE_CURVE('',#9751,#9743,#9753,.T.);
#9751 = VERTEX_POINT('',#9752);
#9752 = CARTESIAN_POINT('',(-0.5,0.3,3.E-02));
#9753 = LINE('',#9754,#9755);
#9754 = CARTESIAN_POINT('',(-0.7475,0.3,3.E-02));
#9755 = VECTOR('',#9756,1.);
#9756 = DIRECTION('',(-1.,0.,0.));
#9757 = ORIENTED_EDGE('',*,*,#9758,.F.);
#9758 = EDGE_CURVE('',#9759,#9751,#9761,.T.);
#9759 = VERTEX_POINT('',#9760);
#9760 = CARTESIAN_POINT('',(-0.5,-0.3,3.E-02));
#9761 = LINE('',#9762,#9763);
#9762 = CARTESIAN_POINT('',(-0.5,-0.4,3.E-02));
#9763 = VECTOR('',#9764,1.);
#9764 = DIRECTION('',(0.,1.,0.));
#9765 = ORIENTED_EDGE('',*,*,#9766,.F.);
#9766 = EDGE_CURVE('',#9686,#9759,#9767,.T.);
#9767 = LINE('',#9768,#9769);
#9768 = CARTESIAN_POINT('',(-2.25E-02,-0.3,3.E-02));
#9769 = VECTOR('',#9770,1.);
#9770 = DIRECTION('',(1.,0.,0.));
#9771 = FACE_BOUND('',#9772,.F.);
#9772 = EDGE_LOOP('',(#9773,#9783,#9791));
#9773 = ORIENTED_EDGE('',*,*,#9774,.T.);
#9774 = EDGE_CURVE('',#9775,#9777,#9779,.T.);
#9775 = VERTEX_POINT('',#9776);
#9776 = CARTESIAN_POINT('',(0.277128129211,0.32,3.E-02));
#9777 = VERTEX_POINT('',#9778);
#9778 = CARTESIAN_POINT('',(0.277128129211,-0.32,3.E-02));
#9779 = LINE('',#9780,#9781);
#9780 = CARTESIAN_POINT('',(0.277128129211,0.32,3.E-02));
#9781 = VECTOR('',#9782,1.);
#9782 = DIRECTION('',(0.,-1.,0.));
#9783 = ORIENTED_EDGE('',*,*,#9784,.T.);
#9784 = EDGE_CURVE('',#9777,#9785,#9787,.T.);
#9785 = VERTEX_POINT('',#9786);
#9786 = CARTESIAN_POINT('',(-0.277128129211,0.,3.E-02));
#9787 = LINE('',#9788,#9789);
#9788 = CARTESIAN_POINT('',(0.277128129211,-0.32,3.E-02));
#9789 = VECTOR('',#9790,1.);
#9790 = DIRECTION('',(-0.866025403784,0.5,0.));
#9791 = ORIENTED_EDGE('',*,*,#9792,.T.);
#9792 = EDGE_CURVE('',#9785,#9775,#9793,.T.);
#9793 = LINE('',#9794,#9795);
#9794 = CARTESIAN_POINT('',(-0.277128129211,0.,3.E-02));
#9795 = VECTOR('',#9796,1.);
#9796 = DIRECTION('',(0.866025403784,0.5,0.));
#9797 = PLANE('',#9798);
#9798 = AXIS2_PLACEMENT_3D('',#9799,#9800,#9801);
#9799 = CARTESIAN_POINT('',(-0.77,-0.4,3.E-02));
#9800 = DIRECTION('',(0.,0.,1.));
#9801 = DIRECTION('',(1.,0.,-0.));
#9802 = ADVANCED_FACE('',(#9803),#9864,.F.);
#9803 = FACE_BOUND('',#9804,.F.);
#9804 = EDGE_LOOP('',(#9805,#9815,#9821,#9822,#9823,#9824,#9832,#9840,
    #9849,#9857));
#9805 = ORIENTED_EDGE('',*,*,#9806,.F.);
#9806 = EDGE_CURVE('',#9807,#9809,#9811,.T.);
#9807 = VERTEX_POINT('',#9808);
#9808 = CARTESIAN_POINT('',(0.725,-0.4,0.));
#9809 = VERTEX_POINT('',#9810);
#9810 = CARTESIAN_POINT('',(0.77,-0.4,-3.469446951954E-18));
#9811 = LINE('',#9812,#9813);
#9812 = CARTESIAN_POINT('',(0.5,-0.4,0.));
#9813 = VECTOR('',#9814,1.);
#9814 = DIRECTION('',(1.,0.,0.));
#9815 = ORIENTED_EDGE('',*,*,#9816,.F.);
#9816 = EDGE_CURVE('',#9428,#9807,#9817,.T.);
#9817 = LINE('',#9818,#9819);
#9818 = CARTESIAN_POINT('',(0.725,-0.4,0.375));
#9819 = VECTOR('',#9820,1.);
#9820 = DIRECTION('',(0.,0.,-1.));
#9821 = ORIENTED_EDGE('',*,*,#9427,.T.);
#9822 = ORIENTED_EDGE('',*,*,#9419,.T.);
#9823 = ORIENTED_EDGE('',*,*,#9411,.F.);
#9824 = ORIENTED_EDGE('',*,*,#9825,.F.);
#9825 = EDGE_CURVE('',#9826,#9404,#9828,.T.);
#9826 = VERTEX_POINT('',#9827);
#9827 = CARTESIAN_POINT('',(0.725,-0.4,0.5));
#9828 = LINE('',#9829,#9830);
#9829 = CARTESIAN_POINT('',(0.725,-0.4,0.375));
#9830 = VECTOR('',#9831,1.);
#9831 = DIRECTION('',(0.,0.,-1.));
#9832 = ORIENTED_EDGE('',*,*,#9833,.T.);
#9833 = EDGE_CURVE('',#9826,#9834,#9836,.T.);
#9834 = VERTEX_POINT('',#9835);
#9835 = CARTESIAN_POINT('',(0.77,-0.4,0.5));
#9836 = LINE('',#9837,#9838);
#9837 = CARTESIAN_POINT('',(0.5,-0.4,0.5));
#9838 = VECTOR('',#9839,1.);
#9839 = DIRECTION('',(1.,0.,0.));
#9840 = ORIENTED_EDGE('',*,*,#9841,.F.);
#9841 = EDGE_CURVE('',#9842,#9834,#9844,.T.);
#9842 = VERTEX_POINT('',#9843);
#9843 = CARTESIAN_POINT('',(0.8,-0.4,0.47));
#9844 = CIRCLE('',#9845,3.E-02);
#9845 = AXIS2_PLACEMENT_3D('',#9846,#9847,#9848);
#9846 = CARTESIAN_POINT('',(0.77,-0.4,0.47));
#9847 = DIRECTION('',(0.,-1.,0.));
#9848 = DIRECTION('',(0.,0.,1.));
#9849 = ORIENTED_EDGE('',*,*,#9850,.F.);
#9850 = EDGE_CURVE('',#9851,#9842,#9853,.T.);
#9851 = VERTEX_POINT('',#9852);
#9852 = CARTESIAN_POINT('',(0.8,-0.4,3.E-02));
#9853 = LINE('',#9854,#9855);
#9854 = CARTESIAN_POINT('',(0.8,-0.4,0.));
#9855 = VECTOR('',#9856,1.);
#9856 = DIRECTION('',(0.,0.,1.));
#9857 = ORIENTED_EDGE('',*,*,#9858,.T.);
#9858 = EDGE_CURVE('',#9851,#9809,#9859,.T.);
#9859 = CIRCLE('',#9860,3.E-02);
#9860 = AXIS2_PLACEMENT_3D('',#9861,#9862,#9863);
#9861 = CARTESIAN_POINT('',(0.77,-0.4,3.E-02));
#9862 = DIRECTION('',(0.,1.,0.));
#9863 = DIRECTION('',(0.,-0.,1.));
#9864 = PLANE('',#9865);
#9865 = AXIS2_PLACEMENT_3D('',#9866,#9867,#9868);
#9866 = CARTESIAN_POINT('',(0.5,-0.4,0.));
#9867 = DIRECTION('',(0.,1.,0.));
#9868 = DIRECTION('',(0.,-0.,1.));
#9869 = ADVANCED_FACE('',(#9870),#9888,.T.);
#9870 = FACE_BOUND('',#9871,.T.);
#9871 = EDGE_LOOP('',(#9872,#9880,#9881,#9882));
#9872 = ORIENTED_EDGE('',*,*,#9873,.F.);
#9873 = EDGE_CURVE('',#9476,#9874,#9876,.T.);
#9874 = VERTEX_POINT('',#9875);
#9875 = CARTESIAN_POINT('',(0.725,-0.3,0.47));
#9876 = LINE('',#9877,#9878);
#9877 = CARTESIAN_POINT('',(-2.25E-02,-0.3,0.47));
#9878 = VECTOR('',#9879,1.);
#9879 = DIRECTION('',(1.,0.,0.));
#9880 = ORIENTED_EDGE('',*,*,#9475,.T.);
#9881 = ORIENTED_EDGE('',*,*,#9403,.T.);
#9882 = ORIENTED_EDGE('',*,*,#9883,.F.);
#9883 = EDGE_CURVE('',#9874,#9404,#9884,.T.);
#9884 = LINE('',#9885,#9886);
#9885 = CARTESIAN_POINT('',(0.725,-0.45,0.47));
#9886 = VECTOR('',#9887,1.);
#9887 = DIRECTION('',(0.,-1.,0.));
#9888 = PLANE('',#9889);
#9889 = AXIS2_PLACEMENT_3D('',#9890,#9891,#9892);
#9890 = CARTESIAN_POINT('',(-0.77,-0.4,0.47));
#9891 = DIRECTION('',(0.,0.,1.));
#9892 = DIRECTION('',(1.,0.,-0.));
#9893 = ADVANCED_FACE('',(#9894),#9919,.T.);
#9894 = FACE_BOUND('',#9895,.T.);
#9895 = EDGE_LOOP('',(#9896,#9904,#9905,#9913));
#9896 = ORIENTED_EDGE('',*,*,#9897,.F.);
#9897 = EDGE_CURVE('',#9492,#9898,#9900,.T.);
#9898 = VERTEX_POINT('',#9899);
#9899 = CARTESIAN_POINT('',(0.725,0.4,0.47));
#9900 = LINE('',#9901,#9902);
#9901 = CARTESIAN_POINT('',(-0.77,0.4,0.47));
#9902 = VECTOR('',#9903,1.);
#9903 = DIRECTION('',(1.,0.,0.));
#9904 = ORIENTED_EDGE('',*,*,#9491,.T.);
#9905 = ORIENTED_EDGE('',*,*,#9906,.F.);
#9906 = EDGE_CURVE('',#9907,#9484,#9909,.T.);
#9907 = VERTEX_POINT('',#9908);
#9908 = CARTESIAN_POINT('',(0.725,0.3,0.47));
#9909 = LINE('',#9910,#9911);
#9910 = CARTESIAN_POINT('',(-0.7475,0.3,0.47));
#9911 = VECTOR('',#9912,1.);
#9912 = DIRECTION('',(-1.,0.,0.));
#9913 = ORIENTED_EDGE('',*,*,#9914,.F.);
#9914 = EDGE_CURVE('',#9898,#9907,#9915,.T.);
#9915 = LINE('',#9916,#9917);
#9916 = CARTESIAN_POINT('',(0.725,-5.E-02,0.47));
#9917 = VECTOR('',#9918,1.);
#9918 = DIRECTION('',(0.,-1.,0.));
#9919 = PLANE('',#9920);
#9920 = AXIS2_PLACEMENT_3D('',#9921,#9922,#9923);
#9921 = CARTESIAN_POINT('',(-0.77,-0.4,0.47));
#9922 = DIRECTION('',(0.,0.,1.));
#9923 = DIRECTION('',(1.,0.,-0.));
#9924 = ADVANCED_FACE('',(#9925),#9952,.T.);
#9925 = FACE_BOUND('',#9926,.T.);
#9926 = EDGE_LOOP('',(#9927,#9928,#9937,#9945));
#9927 = ORIENTED_EDGE('',*,*,#9483,.F.);
#9928 = ORIENTED_EDGE('',*,*,#9929,.T.);
#9929 = EDGE_CURVE('',#9476,#9930,#9932,.T.);
#9930 = VERTEX_POINT('',#9931);
#9931 = CARTESIAN_POINT('',(0.53,-0.3,0.5));
#9932 = CIRCLE('',#9933,3.E-02);
#9933 = AXIS2_PLACEMENT_3D('',#9934,#9935,#9936);
#9934 = CARTESIAN_POINT('',(0.53,-0.3,0.47));
#9935 = DIRECTION('',(0.,1.,-0.));
#9936 = DIRECTION('',(-1.,0.,0.));
#9937 = ORIENTED_EDGE('',*,*,#9938,.T.);
#9938 = EDGE_CURVE('',#9930,#9939,#9941,.T.);
#9939 = VERTEX_POINT('',#9940);
#9940 = CARTESIAN_POINT('',(0.53,0.3,0.5));
#9941 = LINE('',#9942,#9943);
#9942 = CARTESIAN_POINT('',(0.53,-0.4,0.5));
#9943 = VECTOR('',#9944,1.);
#9944 = DIRECTION('',(0.,1.,0.));
#9945 = ORIENTED_EDGE('',*,*,#9946,.F.);
#9946 = EDGE_CURVE('',#9484,#9939,#9947,.T.);
#9947 = CIRCLE('',#9948,3.E-02);
#9948 = AXIS2_PLACEMENT_3D('',#9949,#9950,#9951);
#9949 = CARTESIAN_POINT('',(0.53,0.3,0.47));
#9950 = DIRECTION('',(0.,1.,-0.));
#9951 = DIRECTION('',(-1.,0.,0.));
#9952 = CYLINDRICAL_SURFACE('',#9953,3.E-02);
#9953 = AXIS2_PLACEMENT_3D('',#9954,#9955,#9956);
#9954 = CARTESIAN_POINT('',(0.53,-0.4,0.47));
#9955 = DIRECTION('',(0.,1.,0.));
#9956 = DIRECTION('',(-1.,0.,0.));
#9957 = ADVANCED_FACE('',(#9958),#10008,.T.);
#9958 = FACE_BOUND('',#9959,.T.);
#9959 = EDGE_LOOP('',(#9960,#9968,#9976,#9982,#9983,#9984,#9985,#9993,
    #10001,#10007));
#9960 = ORIENTED_EDGE('',*,*,#9961,.F.);
#9961 = EDGE_CURVE('',#9962,#9735,#9964,.T.);
#9962 = VERTEX_POINT('',#9963);
#9963 = CARTESIAN_POINT('',(-0.77,0.4,3.E-02));
#9964 = LINE('',#9965,#9966);
#9965 = CARTESIAN_POINT('',(-0.77,0.4,3.E-02));
#9966 = VECTOR('',#9967,1.);
#9967 = DIRECTION('',(1.,0.,0.));
#9968 = ORIENTED_EDGE('',*,*,#9969,.T.);
#9969 = EDGE_CURVE('',#9962,#9970,#9972,.T.);
#9970 = VERTEX_POINT('',#9971);
#9971 = CARTESIAN_POINT('',(-0.77,0.4,0.47));
#9972 = LINE('',#9973,#9974);
#9973 = CARTESIAN_POINT('',(-0.77,0.4,3.E-02));
#9974 = VECTOR('',#9975,1.);
#9975 = DIRECTION('',(0.,0.,1.));
#9976 = ORIENTED_EDGE('',*,*,#9977,.T.);
#9977 = EDGE_CURVE('',#9970,#9514,#9978,.T.);
#9978 = LINE('',#9979,#9980);
#9979 = CARTESIAN_POINT('',(-0.77,0.4,0.47));
#9980 = VECTOR('',#9981,1.);
#9981 = DIRECTION('',(1.,0.,0.));
#9982 = ORIENTED_EDGE('',*,*,#9513,.T.);
#9983 = ORIENTED_EDGE('',*,*,#9547,.F.);
#9984 = ORIENTED_EDGE('',*,*,#9897,.T.);
#9985 = ORIENTED_EDGE('',*,*,#9986,.T.);
#9986 = EDGE_CURVE('',#9898,#9987,#9989,.T.);
#9987 = VERTEX_POINT('',#9988);
#9988 = CARTESIAN_POINT('',(0.77,0.4,0.47));
#9989 = LINE('',#9990,#9991);
#9990 = CARTESIAN_POINT('',(-0.77,0.4,0.47));
#9991 = VECTOR('',#9992,1.);
#9992 = DIRECTION('',(1.,0.,0.));
#9993 = ORIENTED_EDGE('',*,*,#9994,.F.);
#9994 = EDGE_CURVE('',#9995,#9987,#9997,.T.);
#9995 = VERTEX_POINT('',#9996);
#9996 = CARTESIAN_POINT('',(0.77,0.4,3.E-02));
#9997 = LINE('',#9998,#9999);
#9998 = CARTESIAN_POINT('',(0.77,0.4,3.E-02));
#9999 = VECTOR('',#10000,1.);
#10000 = DIRECTION('',(0.,0.,1.));
#10001 = ORIENTED_EDGE('',*,*,#10002,.F.);
#10002 = EDGE_CURVE('',#9727,#9995,#10003,.T.);
#10003 = LINE('',#10004,#10005);
#10004 = CARTESIAN_POINT('',(-0.77,0.4,3.E-02));
#10005 = VECTOR('',#10006,1.);
#10006 = DIRECTION('',(1.,0.,0.));
#10007 = ORIENTED_EDGE('',*,*,#9734,.F.);
#10008 = PLANE('',#10009);
#10009 = AXIS2_PLACEMENT_3D('',#10010,#10011,#10012);
#10010 = CARTESIAN_POINT('',(-0.77,0.4,3.E-02));
#10011 = DIRECTION('',(0.,1.,0.));
#10012 = DIRECTION('',(0.,-0.,1.));
#10013 = ADVANCED_FACE('',(#10014),#10032,.F.);
#10014 = FACE_BOUND('',#10015,.F.);
#10015 = EDGE_LOOP('',(#10016,#10024,#10030,#10031));
#10016 = ORIENTED_EDGE('',*,*,#10017,.F.);
#10017 = EDGE_CURVE('',#10018,#9562,#10020,.T.);
#10018 = VERTEX_POINT('',#10019);
#10019 = CARTESIAN_POINT('',(-0.725,0.3,0.5));
#10020 = LINE('',#10021,#10022);
#10021 = CARTESIAN_POINT('',(-0.7625,0.3,0.5));
#10022 = VECTOR('',#10023,1.);
#10023 = DIRECTION('',(1.,0.,0.));
#10024 = ORIENTED_EDGE('',*,*,#10025,.T.);
#10025 = EDGE_CURVE('',#10018,#9522,#10026,.T.);
#10026 = LINE('',#10027,#10028);
#10027 = CARTESIAN_POINT('',(-0.725,0.3,0.75));
#10028 = VECTOR('',#10029,1.);
#10029 = DIRECTION('',(-0.,-0.,-1.));
#10030 = ORIENTED_EDGE('',*,*,#9529,.F.);
#10031 = ORIENTED_EDGE('',*,*,#9561,.F.);
#10032 = PLANE('',#10033);
#10033 = AXIS2_PLACEMENT_3D('',#10034,#10035,#10036);
#10034 = CARTESIAN_POINT('',(-0.725,0.3,0.75));
#10035 = DIRECTION('',(0.,-1.,0.));
#10036 = DIRECTION('',(1.,0.,0.));
#10037 = ADVANCED_FACE('',(#10038),#10056,.F.);
#10038 = FACE_BOUND('',#10039,.F.);
#10039 = EDGE_LOOP('',(#10040,#10041,#10049,#10055));
#10040 = ORIENTED_EDGE('',*,*,#10025,.F.);
#10041 = ORIENTED_EDGE('',*,*,#10042,.F.);
#10042 = EDGE_CURVE('',#10043,#10018,#10045,.T.);
#10043 = VERTEX_POINT('',#10044);
#10044 = CARTESIAN_POINT('',(-0.725,0.4,0.5));
#10045 = LINE('',#10046,#10047);
#10046 = CARTESIAN_POINT('',(-0.725,5.E-02,0.5));
#10047 = VECTOR('',#10048,1.);
#10048 = DIRECTION('',(0.,-1.,0.));
#10049 = ORIENTED_EDGE('',*,*,#10050,.F.);
#10050 = EDGE_CURVE('',#9514,#10043,#10051,.T.);
#10051 = LINE('',#10052,#10053);
#10052 = CARTESIAN_POINT('',(-0.725,0.4,0.375));
#10053 = VECTOR('',#10054,1.);
#10054 = DIRECTION('',(0.,0.,1.));
#10055 = ORIENTED_EDGE('',*,*,#9521,.F.);
#10056 = PLANE('',#10057);
#10057 = AXIS2_PLACEMENT_3D('',#10058,#10059,#10060);
#10058 = CARTESIAN_POINT('',(-0.725,0.5,0.75));
#10059 = DIRECTION('',(-1.,0.,0.));
#10060 = DIRECTION('',(0.,-1.,0.));
#10061 = ADVANCED_FACE('',(#10062),#10080,.F.);
#10062 = FACE_BOUND('',#10063,.F.);
#10063 = EDGE_LOOP('',(#10064,#10072,#10078,#10079));
#10064 = ORIENTED_EDGE('',*,*,#10065,.F.);
#10065 = EDGE_CURVE('',#10066,#9595,#10068,.T.);
#10066 = VERTEX_POINT('',#10067);
#10067 = CARTESIAN_POINT('',(-0.725,-0.3,0.5));
#10068 = LINE('',#10069,#10070);
#10069 = CARTESIAN_POINT('',(-0.725,-0.3,0.75));
#10070 = VECTOR('',#10071,1.);
#10071 = DIRECTION('',(-0.,-0.,-1.));
#10072 = ORIENTED_EDGE('',*,*,#10073,.F.);
#10073 = EDGE_CURVE('',#9571,#10066,#10074,.T.);
#10074 = LINE('',#10075,#10076);
#10075 = CARTESIAN_POINT('',(-3.75E-02,-0.3,0.5));
#10076 = VECTOR('',#10077,1.);
#10077 = DIRECTION('',(-1.,0.,0.));
#10078 = ORIENTED_EDGE('',*,*,#9578,.T.);
#10079 = ORIENTED_EDGE('',*,*,#9604,.F.);
#10080 = PLANE('',#10081);
#10081 = AXIS2_PLACEMENT_3D('',#10082,#10083,#10084);
#10082 = CARTESIAN_POINT('',(0.725,-0.3,0.75));
#10083 = DIRECTION('',(0.,1.,0.));
#10084 = DIRECTION('',(-1.,0.,0.));
#10085 = ADVANCED_FACE('',(#10086),#10113,.T.);
#10086 = FACE_BOUND('',#10087,.T.);
#10087 = EDGE_LOOP('',(#10088,#10096,#10102,#10103,#10109,#10110,#10111,
    #10112));
#10088 = ORIENTED_EDGE('',*,*,#10089,.F.);
#10089 = EDGE_CURVE('',#10090,#10043,#10092,.T.);
#10090 = VERTEX_POINT('',#10091);
#10091 = CARTESIAN_POINT('',(-0.77,0.4,0.5));
#10092 = LINE('',#10093,#10094);
#10093 = CARTESIAN_POINT('',(-0.8,0.4,0.5));
#10094 = VECTOR('',#10095,1.);
#10095 = DIRECTION('',(1.,0.,0.));
#10096 = ORIENTED_EDGE('',*,*,#10097,.F.);
#10097 = EDGE_CURVE('',#9646,#10090,#10098,.T.);
#10098 = LINE('',#10099,#10100);
#10099 = CARTESIAN_POINT('',(-0.77,-0.4,0.5));
#10100 = VECTOR('',#10101,1.);
#10101 = DIRECTION('',(0.,1.,0.));
#10102 = ORIENTED_EDGE('',*,*,#9654,.T.);
#10103 = ORIENTED_EDGE('',*,*,#10104,.F.);
#10104 = EDGE_CURVE('',#10066,#9655,#10105,.T.);
#10105 = LINE('',#10106,#10107);
#10106 = CARTESIAN_POINT('',(-0.725,-0.35,0.5));
#10107 = VECTOR('',#10108,1.);
#10108 = DIRECTION('',(0.,-1.,0.));
#10109 = ORIENTED_EDGE('',*,*,#10073,.F.);
#10110 = ORIENTED_EDGE('',*,*,#9570,.T.);
#10111 = ORIENTED_EDGE('',*,*,#10017,.F.);
#10112 = ORIENTED_EDGE('',*,*,#10042,.F.);
#10113 = PLANE('',#10114);
#10114 = AXIS2_PLACEMENT_3D('',#10115,#10116,#10117);
#10115 = CARTESIAN_POINT('',(-0.8,-0.4,0.5));
#10116 = DIRECTION('',(0.,0.,1.));
#10117 = DIRECTION('',(1.,0.,-0.));
#10118 = ADVANCED_FACE('',(#10119),#10125,.F.);
#10119 = FACE_BOUND('',#10120,.F.);
#10120 = EDGE_LOOP('',(#10121,#10122,#10123,#10124));
#10121 = ORIENTED_EDGE('',*,*,#10104,.F.);
#10122 = ORIENTED_EDGE('',*,*,#10065,.T.);
#10123 = ORIENTED_EDGE('',*,*,#9594,.F.);
#10124 = ORIENTED_EDGE('',*,*,#9662,.T.);
#10125 = PLANE('',#10126);
#10126 = AXIS2_PLACEMENT_3D('',#10127,#10128,#10129);
#10127 = CARTESIAN_POINT('',(-0.725,-0.3,0.75));
#10128 = DIRECTION('',(-1.,0.,0.));
#10129 = DIRECTION('',(0.,-1.,0.));
#10130 = ADVANCED_FACE('',(#10131),#10188,.F.);
#10131 = FACE_BOUND('',#10132,.F.);
#10132 = EDGE_LOOP('',(#10133,#10143,#10149,#10150,#10158,#10166,#10174,
    #10182));
#10133 = ORIENTED_EDGE('',*,*,#10134,.F.);
#10134 = EDGE_CURVE('',#10135,#10137,#10139,.T.);
#10135 = VERTEX_POINT('',#10136);
#10136 = CARTESIAN_POINT('',(-0.77,0.4,-3.469446951954E-18));
#10137 = VERTEX_POINT('',#10138);
#10138 = CARTESIAN_POINT('',(-0.725,0.4,0.));
#10139 = LINE('',#10140,#10141);
#10140 = CARTESIAN_POINT('',(-0.8,0.4,0.));
#10141 = VECTOR('',#10142,1.);
#10142 = DIRECTION('',(1.,0.,0.));
#10143 = ORIENTED_EDGE('',*,*,#10144,.F.);
#10144 = EDGE_CURVE('',#9619,#10135,#10145,.T.);
#10145 = LINE('',#10146,#10147);
#10146 = CARTESIAN_POINT('',(-0.77,-0.4,-3.469446951954E-18));
#10147 = VECTOR('',#10148,1.);
#10148 = DIRECTION('',(0.,1.,0.));
#10149 = ORIENTED_EDGE('',*,*,#9618,.T.);
#10150 = ORIENTED_EDGE('',*,*,#10151,.F.);
#10151 = EDGE_CURVE('',#10152,#9621,#10154,.T.);
#10152 = VERTEX_POINT('',#10153);
#10153 = CARTESIAN_POINT('',(-0.725,-0.3,0.));
#10154 = LINE('',#10155,#10156);
#10155 = CARTESIAN_POINT('',(-0.725,-0.35,0.));
#10156 = VECTOR('',#10157,1.);
#10157 = DIRECTION('',(0.,-1.,0.));
#10158 = ORIENTED_EDGE('',*,*,#10159,.F.);
#10159 = EDGE_CURVE('',#10160,#10152,#10162,.T.);
#10160 = VERTEX_POINT('',#10161);
#10161 = CARTESIAN_POINT('',(-0.53,-0.3,-3.469446951954E-18));
#10162 = LINE('',#10163,#10164);
#10163 = CARTESIAN_POINT('',(-3.75E-02,-0.3,0.));
#10164 = VECTOR('',#10165,1.);
#10165 = DIRECTION('',(-1.,0.,0.));
#10166 = ORIENTED_EDGE('',*,*,#10167,.T.);
#10167 = EDGE_CURVE('',#10160,#10168,#10170,.T.);
#10168 = VERTEX_POINT('',#10169);
#10169 = CARTESIAN_POINT('',(-0.53,0.3,-3.469446951954E-18));
#10170 = LINE('',#10171,#10172);
#10171 = CARTESIAN_POINT('',(-0.53,-0.4,-3.469446951954E-18));
#10172 = VECTOR('',#10173,1.);
#10173 = DIRECTION('',(0.,1.,0.));
#10174 = ORIENTED_EDGE('',*,*,#10175,.F.);
#10175 = EDGE_CURVE('',#10176,#10168,#10178,.T.);
#10176 = VERTEX_POINT('',#10177);
#10177 = CARTESIAN_POINT('',(-0.725,0.3,0.));
#10178 = LINE('',#10179,#10180);
#10179 = CARTESIAN_POINT('',(-0.7625,0.3,0.));
#10180 = VECTOR('',#10181,1.);
#10181 = DIRECTION('',(1.,0.,0.));
#10182 = ORIENTED_EDGE('',*,*,#10183,.F.);
#10183 = EDGE_CURVE('',#10137,#10176,#10184,.T.);
#10184 = LINE('',#10185,#10186);
#10185 = CARTESIAN_POINT('',(-0.725,5.E-02,0.));
#10186 = VECTOR('',#10187,1.);
#10187 = DIRECTION('',(0.,-1.,0.));
#10188 = PLANE('',#10189);
#10189 = AXIS2_PLACEMENT_3D('',#10190,#10191,#10192);
#10190 = CARTESIAN_POINT('',(-0.8,-0.4,0.));
#10191 = DIRECTION('',(0.,0.,1.));
#10192 = DIRECTION('',(1.,0.,-0.));
#10193 = ADVANCED_FACE('',(#10194),#10213,.T.);
#10194 = FACE_BOUND('',#10195,.T.);
#10195 = EDGE_LOOP('',(#10196,#10204,#10211,#10212));
#10196 = ORIENTED_EDGE('',*,*,#10197,.T.);
#10197 = EDGE_CURVE('',#9629,#10198,#10200,.T.);
#10198 = VERTEX_POINT('',#10199);
#10199 = CARTESIAN_POINT('',(-0.8,0.4,3.E-02));
#10200 = LINE('',#10201,#10202);
#10201 = CARTESIAN_POINT('',(-0.8,-0.4,3.E-02));
#10202 = VECTOR('',#10203,1.);
#10203 = DIRECTION('',(0.,1.,0.));
#10204 = ORIENTED_EDGE('',*,*,#10205,.T.);
#10205 = EDGE_CURVE('',#10198,#10135,#10206,.T.);
#10206 = CIRCLE('',#10207,3.E-02);
#10207 = AXIS2_PLACEMENT_3D('',#10208,#10209,#10210);
#10208 = CARTESIAN_POINT('',(-0.77,0.4,3.E-02));
#10209 = DIRECTION('',(0.,-1.,0.));
#10210 = DIRECTION('',(0.,0.,1.));
#10211 = ORIENTED_EDGE('',*,*,#10144,.F.);
#10212 = ORIENTED_EDGE('',*,*,#9628,.F.);
#10213 = CYLINDRICAL_SURFACE('',#10214,3.E-02);
#10214 = AXIS2_PLACEMENT_3D('',#10215,#10216,#10217);
#10215 = CARTESIAN_POINT('',(-0.77,-0.4,3.E-02));
#10216 = DIRECTION('',(0.,1.,0.));
#10217 = DIRECTION('',(-1.,0.,0.));
#10218 = ADVANCED_FACE('',(#10219),#10230,.F.);
#10219 = FACE_BOUND('',#10220,.F.);
#10220 = EDGE_LOOP('',(#10221,#10222,#10228,#10229));
#10221 = ORIENTED_EDGE('',*,*,#9685,.T.);
#10222 = ORIENTED_EDGE('',*,*,#10223,.T.);
#10223 = EDGE_CURVE('',#9686,#10152,#10224,.T.);
#10224 = LINE('',#10225,#10226);
#10225 = CARTESIAN_POINT('',(-0.725,-0.3,0.75));
#10226 = VECTOR('',#10227,1.);
#10227 = DIRECTION('',(-0.,-0.,-1.));
#10228 = ORIENTED_EDGE('',*,*,#10151,.T.);
#10229 = ORIENTED_EDGE('',*,*,#9671,.T.);
#10230 = PLANE('',#10231);
#10231 = AXIS2_PLACEMENT_3D('',#10232,#10233,#10234);
#10232 = CARTESIAN_POINT('',(-0.725,-0.3,0.75));
#10233 = DIRECTION('',(-1.,0.,0.));
#10234 = DIRECTION('',(0.,-1.,0.));
#10235 = ADVANCED_FACE('',(#10236),#10254,.F.);
#10236 = FACE_BOUND('',#10237,.F.);
#10237 = EDGE_LOOP('',(#10238,#10239,#10240,#10248));
#10238 = ORIENTED_EDGE('',*,*,#9637,.F.);
#10239 = ORIENTED_EDGE('',*,*,#10197,.T.);
#10240 = ORIENTED_EDGE('',*,*,#10241,.T.);
#10241 = EDGE_CURVE('',#10198,#10242,#10244,.T.);
#10242 = VERTEX_POINT('',#10243);
#10243 = CARTESIAN_POINT('',(-0.8,0.4,0.47));
#10244 = LINE('',#10245,#10246);
#10245 = CARTESIAN_POINT('',(-0.8,0.4,0.));
#10246 = VECTOR('',#10247,1.);
#10247 = DIRECTION('',(0.,0.,1.));
#10248 = ORIENTED_EDGE('',*,*,#10249,.F.);
#10249 = EDGE_CURVE('',#9638,#10242,#10250,.T.);
#10250 = LINE('',#10251,#10252);
#10251 = CARTESIAN_POINT('',(-0.8,-0.4,0.47));
#10252 = VECTOR('',#10253,1.);
#10253 = DIRECTION('',(0.,1.,0.));
#10254 = PLANE('',#10255);
#10255 = AXIS2_PLACEMENT_3D('',#10256,#10257,#10258);
#10256 = CARTESIAN_POINT('',(-0.8,-0.4,0.));
#10257 = DIRECTION('',(1.,0.,0.));
#10258 = DIRECTION('',(0.,0.,1.));
#10259 = ADVANCED_FACE('',(#10260),#10272,.T.);
#10260 = FACE_BOUND('',#10261,.T.);
#10261 = EDGE_LOOP('',(#10262,#10263,#10264,#10271));
#10262 = ORIENTED_EDGE('',*,*,#9645,.T.);
#10263 = ORIENTED_EDGE('',*,*,#10097,.T.);
#10264 = ORIENTED_EDGE('',*,*,#10265,.F.);
#10265 = EDGE_CURVE('',#10242,#10090,#10266,.T.);
#10266 = CIRCLE('',#10267,3.E-02);
#10267 = AXIS2_PLACEMENT_3D('',#10268,#10269,#10270);
#10268 = CARTESIAN_POINT('',(-0.77,0.4,0.47));
#10269 = DIRECTION('',(0.,1.,0.));
#10270 = DIRECTION('',(0.,-0.,1.));
#10271 = ORIENTED_EDGE('',*,*,#10249,.F.);
#10272 = CYLINDRICAL_SURFACE('',#10273,3.E-02);
#10273 = AXIS2_PLACEMENT_3D('',#10274,#10275,#10276);
#10274 = CARTESIAN_POINT('',(-0.77,-0.4,0.47));
#10275 = DIRECTION('',(0.,1.,0.));
#10276 = DIRECTION('',(-1.,0.,0.));
#10277 = ADVANCED_FACE('',(#10278),#10290,.F.);
#10278 = FACE_BOUND('',#10279,.F.);
#10279 = EDGE_LOOP('',(#10280,#10281,#10282,#10289));
#10280 = ORIENTED_EDGE('',*,*,#10223,.F.);
#10281 = ORIENTED_EDGE('',*,*,#9766,.T.);
#10282 = ORIENTED_EDGE('',*,*,#10283,.T.);
#10283 = EDGE_CURVE('',#9759,#10160,#10284,.T.);
#10284 = CIRCLE('',#10285,3.E-02);
#10285 = AXIS2_PLACEMENT_3D('',#10286,#10287,#10288);
#10286 = CARTESIAN_POINT('',(-0.53,-0.3,3.E-02));
#10287 = DIRECTION('',(-0.,1.,0.));
#10288 = DIRECTION('',(1.,0.,0.));
#10289 = ORIENTED_EDGE('',*,*,#10159,.T.);
#10290 = PLANE('',#10291);
#10291 = AXIS2_PLACEMENT_3D('',#10292,#10293,#10294);
#10292 = CARTESIAN_POINT('',(0.725,-0.3,0.75));
#10293 = DIRECTION('',(0.,1.,0.));
#10294 = DIRECTION('',(-1.,0.,0.));
#10295 = ADVANCED_FACE('',(#10296),#10308,.T.);
#10296 = FACE_BOUND('',#10297,.T.);
#10297 = EDGE_LOOP('',(#10298,#10299,#10300,#10301));
#10298 = ORIENTED_EDGE('',*,*,#9758,.F.);
#10299 = ORIENTED_EDGE('',*,*,#10283,.T.);
#10300 = ORIENTED_EDGE('',*,*,#10167,.T.);
#10301 = ORIENTED_EDGE('',*,*,#10302,.F.);
#10302 = EDGE_CURVE('',#9751,#10168,#10303,.T.);
#10303 = CIRCLE('',#10304,3.E-02);
#10304 = AXIS2_PLACEMENT_3D('',#10305,#10306,#10307);
#10305 = CARTESIAN_POINT('',(-0.53,0.3,3.E-02));
#10306 = DIRECTION('',(-0.,1.,0.));
#10307 = DIRECTION('',(1.,0.,0.));
#10308 = CYLINDRICAL_SURFACE('',#10309,3.E-02);
#10309 = AXIS2_PLACEMENT_3D('',#10310,#10311,#10312);
#10310 = CARTESIAN_POINT('',(-0.53,-0.4,3.E-02));
#10311 = DIRECTION('',(0.,1.,0.));
#10312 = DIRECTION('',(1.,0.,0.));
#10313 = ADVANCED_FACE('',(#10314),#10325,.F.);
#10314 = FACE_BOUND('',#10315,.F.);
#10315 = EDGE_LOOP('',(#10316,#10317,#10323,#10324));
#10316 = ORIENTED_EDGE('',*,*,#9750,.T.);
#10317 = ORIENTED_EDGE('',*,*,#10318,.T.);
#10318 = EDGE_CURVE('',#9743,#10176,#10319,.T.);
#10319 = LINE('',#10320,#10321);
#10320 = CARTESIAN_POINT('',(-0.725,0.3,0.75));
#10321 = VECTOR('',#10322,1.);
#10322 = DIRECTION('',(-0.,-0.,-1.));
#10323 = ORIENTED_EDGE('',*,*,#10175,.T.);
#10324 = ORIENTED_EDGE('',*,*,#10302,.F.);
#10325 = PLANE('',#10326);
#10326 = AXIS2_PLACEMENT_3D('',#10327,#10328,#10329);
#10327 = CARTESIAN_POINT('',(-0.725,0.3,0.75));
#10328 = DIRECTION('',(0.,-1.,0.));
#10329 = DIRECTION('',(1.,0.,0.));
#10330 = ADVANCED_FACE('',(#10331),#10342,.F.);
#10331 = FACE_BOUND('',#10332,.F.);
#10332 = EDGE_LOOP('',(#10333,#10334,#10335,#10341));
#10333 = ORIENTED_EDGE('',*,*,#10318,.F.);
#10334 = ORIENTED_EDGE('',*,*,#9742,.T.);
#10335 = ORIENTED_EDGE('',*,*,#10336,.F.);
#10336 = EDGE_CURVE('',#10137,#9735,#10337,.T.);
#10337 = LINE('',#10338,#10339);
#10338 = CARTESIAN_POINT('',(-0.725,0.4,0.375));
#10339 = VECTOR('',#10340,1.);
#10340 = DIRECTION('',(0.,0.,1.));
#10341 = ORIENTED_EDGE('',*,*,#10183,.T.);
#10342 = PLANE('',#10343);
#10343 = AXIS2_PLACEMENT_3D('',#10344,#10345,#10346);
#10344 = CARTESIAN_POINT('',(-0.725,0.5,0.75));
#10345 = DIRECTION('',(-1.,0.,0.));
#10346 = DIRECTION('',(0.,-1.,0.));
#10347 = ADVANCED_FACE('',(#10348),#10373,.F.);
#10348 = FACE_BOUND('',#10349,.F.);
#10349 = EDGE_LOOP('',(#10350,#10351,#10359,#10367));
#10350 = ORIENTED_EDGE('',*,*,#9726,.T.);
#10351 = ORIENTED_EDGE('',*,*,#10352,.T.);
#10352 = EDGE_CURVE('',#9719,#10353,#10355,.T.);
#10353 = VERTEX_POINT('',#10354);
#10354 = CARTESIAN_POINT('',(0.725,0.3,0.));
#10355 = LINE('',#10356,#10357);
#10356 = CARTESIAN_POINT('',(0.725,0.3,0.75));
#10357 = VECTOR('',#10358,1.);
#10358 = DIRECTION('',(-0.,-0.,-1.));
#10359 = ORIENTED_EDGE('',*,*,#10360,.T.);
#10360 = EDGE_CURVE('',#10353,#10361,#10363,.T.);
#10361 = VERTEX_POINT('',#10362);
#10362 = CARTESIAN_POINT('',(0.725,0.4,0.));
#10363 = LINE('',#10364,#10365);
#10364 = CARTESIAN_POINT('',(0.725,-5.E-02,0.));
#10365 = VECTOR('',#10366,1.);
#10366 = DIRECTION('',(0.,1.,0.));
#10367 = ORIENTED_EDGE('',*,*,#10368,.F.);
#10368 = EDGE_CURVE('',#9727,#10361,#10369,.T.);
#10369 = LINE('',#10370,#10371);
#10370 = CARTESIAN_POINT('',(0.725,0.4,0.375));
#10371 = VECTOR('',#10372,1.);
#10372 = DIRECTION('',(0.,0.,-1.));
#10373 = PLANE('',#10374);
#10374 = AXIS2_PLACEMENT_3D('',#10375,#10376,#10377);
#10375 = CARTESIAN_POINT('',(0.725,0.3,0.75));
#10376 = DIRECTION('',(1.,0.,0.));
#10377 = DIRECTION('',(-0.,1.,0.));
#10378 = ADVANCED_FACE('',(#10379),#10398,.F.);
#10379 = FACE_BOUND('',#10380,.F.);
#10380 = EDGE_LOOP('',(#10381,#10382,#10383,#10392));
#10381 = ORIENTED_EDGE('',*,*,#10352,.F.);
#10382 = ORIENTED_EDGE('',*,*,#9718,.T.);
#10383 = ORIENTED_EDGE('',*,*,#10384,.F.);
#10384 = EDGE_CURVE('',#10385,#9711,#10387,.T.);
#10385 = VERTEX_POINT('',#10386);
#10386 = CARTESIAN_POINT('',(0.53,0.3,-3.469446951954E-18));
#10387 = CIRCLE('',#10388,3.E-02);
#10388 = AXIS2_PLACEMENT_3D('',#10389,#10390,#10391);
#10389 = CARTESIAN_POINT('',(0.53,0.3,3.E-02));
#10390 = DIRECTION('',(0.,1.,-0.));
#10391 = DIRECTION('',(-1.,0.,0.));
#10392 = ORIENTED_EDGE('',*,*,#10393,.T.);
#10393 = EDGE_CURVE('',#10385,#10353,#10394,.T.);
#10394 = LINE('',#10395,#10396);
#10395 = CARTESIAN_POINT('',(-0.1125,0.3,0.));
#10396 = VECTOR('',#10397,1.);
#10397 = DIRECTION('',(1.,0.,0.));
#10398 = PLANE('',#10399);
#10399 = AXIS2_PLACEMENT_3D('',#10400,#10401,#10402);
#10400 = CARTESIAN_POINT('',(-0.725,0.3,0.75));
#10401 = DIRECTION('',(0.,-1.,0.));
#10402 = DIRECTION('',(1.,0.,0.));
#10403 = ADVANCED_FACE('',(#10404),#10423,.T.);
#10404 = FACE_BOUND('',#10405,.T.);
#10405 = EDGE_LOOP('',(#10406,#10407,#10415,#10422));
#10406 = ORIENTED_EDGE('',*,*,#10384,.F.);
#10407 = ORIENTED_EDGE('',*,*,#10408,.F.);
#10408 = EDGE_CURVE('',#10409,#10385,#10411,.T.);
#10409 = VERTEX_POINT('',#10410);
#10410 = CARTESIAN_POINT('',(0.53,-0.3,-3.469446951954E-18));
#10411 = LINE('',#10412,#10413);
#10412 = CARTESIAN_POINT('',(0.53,-0.4,-3.469446951954E-18));
#10413 = VECTOR('',#10414,1.);
#10414 = DIRECTION('',(0.,1.,0.));
#10415 = ORIENTED_EDGE('',*,*,#10416,.T.);
#10416 = EDGE_CURVE('',#10409,#9703,#10417,.T.);
#10417 = CIRCLE('',#10418,3.E-02);
#10418 = AXIS2_PLACEMENT_3D('',#10419,#10420,#10421);
#10419 = CARTESIAN_POINT('',(0.53,-0.3,3.E-02));
#10420 = DIRECTION('',(0.,1.,-0.));
#10421 = DIRECTION('',(-1.,0.,0.));
#10422 = ORIENTED_EDGE('',*,*,#9710,.T.);
#10423 = CYLINDRICAL_SURFACE('',#10424,3.E-02);
#10424 = AXIS2_PLACEMENT_3D('',#10425,#10426,#10427);
#10425 = CARTESIAN_POINT('',(0.53,-0.4,3.E-02));
#10426 = DIRECTION('',(0.,1.,0.));
#10427 = DIRECTION('',(-1.,0.,0.));
#10428 = ADVANCED_FACE('',(#10429),#10447,.F.);
#10429 = FACE_BOUND('',#10430,.F.);
#10430 = EDGE_LOOP('',(#10431,#10432,#10440,#10446));
#10431 = ORIENTED_EDGE('',*,*,#9702,.T.);
#10432 = ORIENTED_EDGE('',*,*,#10433,.T.);
#10433 = EDGE_CURVE('',#9695,#10434,#10436,.T.);
#10434 = VERTEX_POINT('',#10435);
#10435 = CARTESIAN_POINT('',(0.725,-0.3,0.));
#10436 = LINE('',#10437,#10438);
#10437 = CARTESIAN_POINT('',(0.725,-0.3,0.75));
#10438 = VECTOR('',#10439,1.);
#10439 = DIRECTION('',(-0.,-0.,-1.));
#10440 = ORIENTED_EDGE('',*,*,#10441,.T.);
#10441 = EDGE_CURVE('',#10434,#10409,#10442,.T.);
#10442 = LINE('',#10443,#10444);
#10443 = CARTESIAN_POINT('',(0.6125,-0.3,0.));
#10444 = VECTOR('',#10445,1.);
#10445 = DIRECTION('',(-1.,0.,0.));
#10446 = ORIENTED_EDGE('',*,*,#10416,.T.);
#10447 = PLANE('',#10448);
#10448 = AXIS2_PLACEMENT_3D('',#10449,#10450,#10451);
#10449 = CARTESIAN_POINT('',(0.725,-0.3,0.75));
#10450 = DIRECTION('',(0.,1.,0.));
#10451 = DIRECTION('',(-1.,0.,0.));
#10452 = ADVANCED_FACE('',(#10453),#10464,.F.);
#10453 = FACE_BOUND('',#10454,.F.);
#10454 = EDGE_LOOP('',(#10455,#10456,#10457,#10458));
#10455 = ORIENTED_EDGE('',*,*,#10433,.F.);
#10456 = ORIENTED_EDGE('',*,*,#9694,.T.);
#10457 = ORIENTED_EDGE('',*,*,#9816,.T.);
#10458 = ORIENTED_EDGE('',*,*,#10459,.T.);
#10459 = EDGE_CURVE('',#9807,#10434,#10460,.T.);
#10460 = LINE('',#10461,#10462);
#10461 = CARTESIAN_POINT('',(0.725,-0.45,0.));
#10462 = VECTOR('',#10463,1.);
#10463 = DIRECTION('',(0.,1.,0.));
#10464 = PLANE('',#10465);
#10465 = AXIS2_PLACEMENT_3D('',#10466,#10467,#10468);
#10466 = CARTESIAN_POINT('',(0.725,-0.5,0.75));
#10467 = DIRECTION('',(1.,0.,0.));
#10468 = DIRECTION('',(-0.,1.,0.));
#10469 = ADVANCED_FACE('',(#10470),#10495,.T.);
#10470 = FACE_BOUND('',#10471,.T.);
#10471 = EDGE_LOOP('',(#10472,#10480,#10481,#10489));
#10472 = ORIENTED_EDGE('',*,*,#10473,.T.);
#10473 = EDGE_CURVE('',#10474,#9775,#10476,.T.);
#10474 = VERTEX_POINT('',#10475);
#10475 = CARTESIAN_POINT('',(0.277128129211,0.32,1.5E-02));
#10476 = LINE('',#10477,#10478);
#10477 = CARTESIAN_POINT('',(0.277128129211,0.32,1.5E-02));
#10478 = VECTOR('',#10479,1.);
#10479 = DIRECTION('',(0.,0.,1.));
#10480 = ORIENTED_EDGE('',*,*,#9774,.T.);
#10481 = ORIENTED_EDGE('',*,*,#10482,.F.);
#10482 = EDGE_CURVE('',#10483,#9777,#10485,.T.);
#10483 = VERTEX_POINT('',#10484);
#10484 = CARTESIAN_POINT('',(0.277128129211,-0.32,1.5E-02));
#10485 = LINE('',#10486,#10487);
#10486 = CARTESIAN_POINT('',(0.277128129211,-0.32,1.5E-02));
#10487 = VECTOR('',#10488,1.);
#10488 = DIRECTION('',(0.,0.,1.));
#10489 = ORIENTED_EDGE('',*,*,#10490,.F.);
#10490 = EDGE_CURVE('',#10474,#10483,#10491,.T.);
#10491 = LINE('',#10492,#10493);
#10492 = CARTESIAN_POINT('',(0.277128129211,0.32,1.5E-02));
#10493 = VECTOR('',#10494,1.);
#10494 = DIRECTION('',(0.,-1.,0.));
#10495 = PLANE('',#10496);
#10496 = AXIS2_PLACEMENT_3D('',#10497,#10498,#10499);
#10497 = CARTESIAN_POINT('',(0.277128129211,0.32,1.5E-02));
#10498 = DIRECTION('',(1.,0.,0.));
#10499 = DIRECTION('',(0.,-1.,0.));
#10500 = ADVANCED_FACE('',(#10501),#10519,.T.);
#10501 = FACE_BOUND('',#10502,.T.);
#10502 = EDGE_LOOP('',(#10503,#10511,#10512,#10513));
#10503 = ORIENTED_EDGE('',*,*,#10504,.T.);
#10504 = EDGE_CURVE('',#10505,#9785,#10507,.T.);
#10505 = VERTEX_POINT('',#10506);
#10506 = CARTESIAN_POINT('',(-0.277128129211,0.,1.5E-02));
#10507 = LINE('',#10508,#10509);
#10508 = CARTESIAN_POINT('',(-0.277128129211,0.,1.5E-02));
#10509 = VECTOR('',#10510,1.);
#10510 = DIRECTION('',(0.,0.,1.));
#10511 = ORIENTED_EDGE('',*,*,#9792,.T.);
#10512 = ORIENTED_EDGE('',*,*,#10473,.F.);
#10513 = ORIENTED_EDGE('',*,*,#10514,.F.);
#10514 = EDGE_CURVE('',#10505,#10474,#10515,.T.);
#10515 = LINE('',#10516,#10517);
#10516 = CARTESIAN_POINT('',(-0.277128129211,0.,1.5E-02));
#10517 = VECTOR('',#10518,1.);
#10518 = DIRECTION('',(0.866025403784,0.5,0.));
#10519 = PLANE('',#10520);
#10520 = AXIS2_PLACEMENT_3D('',#10521,#10522,#10523);
#10521 = CARTESIAN_POINT('',(-0.277128129211,0.,1.5E-02));
#10522 = DIRECTION('',(-0.5,0.866025403784,0.));
#10523 = DIRECTION('',(0.866025403784,0.5,0.));
#10524 = ADVANCED_FACE('',(#10525),#10536,.T.);
#10525 = FACE_BOUND('',#10526,.T.);
#10526 = EDGE_LOOP('',(#10527,#10528,#10529,#10530));
#10527 = ORIENTED_EDGE('',*,*,#10482,.T.);
#10528 = ORIENTED_EDGE('',*,*,#9784,.T.);
#10529 = ORIENTED_EDGE('',*,*,#10504,.F.);
#10530 = ORIENTED_EDGE('',*,*,#10531,.F.);
#10531 = EDGE_CURVE('',#10483,#10505,#10532,.T.);
#10532 = LINE('',#10533,#10534);
#10533 = CARTESIAN_POINT('',(0.277128129211,-0.32,1.5E-02));
#10534 = VECTOR('',#10535,1.);
#10535 = DIRECTION('',(-0.866025403784,0.5,0.));
#10536 = PLANE('',#10537);
#10537 = AXIS2_PLACEMENT_3D('',#10538,#10539,#10540);
#10538 = CARTESIAN_POINT('',(0.277128129211,-0.32,1.5E-02));
#10539 = DIRECTION('',(-0.5,-0.866025403784,0.));
#10540 = DIRECTION('',(-0.866025403784,0.5,0.));
#10541 = ADVANCED_FACE('',(#10542),#10564,.F.);
#10542 = FACE_BOUND('',#10543,.F.);
#10543 = EDGE_LOOP('',(#10544,#10552,#10553,#10554,#10555,#10556,#10557,
    #10558));
#10544 = ORIENTED_EDGE('',*,*,#10545,.F.);
#10545 = EDGE_CURVE('',#10361,#10546,#10548,.T.);
#10546 = VERTEX_POINT('',#10547);
#10547 = CARTESIAN_POINT('',(0.77,0.4,-3.469446951954E-18));
#10548 = LINE('',#10549,#10550);
#10549 = CARTESIAN_POINT('',(0.5,0.4,0.));
#10550 = VECTOR('',#10551,1.);
#10551 = DIRECTION('',(1.,0.,0.));
#10552 = ORIENTED_EDGE('',*,*,#10360,.F.);
#10553 = ORIENTED_EDGE('',*,*,#10393,.F.);
#10554 = ORIENTED_EDGE('',*,*,#10408,.F.);
#10555 = ORIENTED_EDGE('',*,*,#10441,.F.);
#10556 = ORIENTED_EDGE('',*,*,#10459,.F.);
#10557 = ORIENTED_EDGE('',*,*,#9806,.T.);
#10558 = ORIENTED_EDGE('',*,*,#10559,.T.);
#10559 = EDGE_CURVE('',#9809,#10546,#10560,.T.);
#10560 = LINE('',#10561,#10562);
#10561 = CARTESIAN_POINT('',(0.77,-0.4,-3.469446951954E-18));
#10562 = VECTOR('',#10563,1.);
#10563 = DIRECTION('',(0.,1.,0.));
#10564 = PLANE('',#10565);
#10565 = AXIS2_PLACEMENT_3D('',#10566,#10567,#10568);
#10566 = CARTESIAN_POINT('',(0.5,-0.4,0.));
#10567 = DIRECTION('',(0.,0.,1.));
#10568 = DIRECTION('',(1.,0.,-0.));
#10569 = ADVANCED_FACE('',(#10570),#10589,.T.);
#10570 = FACE_BOUND('',#10571,.T.);
#10571 = EDGE_LOOP('',(#10572,#10573,#10574,#10583));
#10572 = ORIENTED_EDGE('',*,*,#9858,.T.);
#10573 = ORIENTED_EDGE('',*,*,#10559,.T.);
#10574 = ORIENTED_EDGE('',*,*,#10575,.F.);
#10575 = EDGE_CURVE('',#10576,#10546,#10578,.T.);
#10576 = VERTEX_POINT('',#10577);
#10577 = CARTESIAN_POINT('',(0.8,0.4,3.E-02));
#10578 = CIRCLE('',#10579,3.E-02);
#10579 = AXIS2_PLACEMENT_3D('',#10580,#10581,#10582);
#10580 = CARTESIAN_POINT('',(0.77,0.4,3.E-02));
#10581 = DIRECTION('',(0.,1.,0.));
#10582 = DIRECTION('',(0.,-0.,1.));
#10583 = ORIENTED_EDGE('',*,*,#10584,.F.);
#10584 = EDGE_CURVE('',#9851,#10576,#10585,.T.);
#10585 = LINE('',#10586,#10587);
#10586 = CARTESIAN_POINT('',(0.8,-0.4,3.E-02));
#10587 = VECTOR('',#10588,1.);
#10588 = DIRECTION('',(0.,1.,0.));
#10589 = CYLINDRICAL_SURFACE('',#10590,3.E-02);
#10590 = AXIS2_PLACEMENT_3D('',#10591,#10592,#10593);
#10591 = CARTESIAN_POINT('',(0.77,-0.4,3.E-02));
#10592 = DIRECTION('',(0.,1.,0.));
#10593 = DIRECTION('',(1.,0.,0.));
#10594 = ADVANCED_FACE('',(#10595),#10613,.T.);
#10595 = FACE_BOUND('',#10596,.T.);
#10596 = EDGE_LOOP('',(#10597,#10598,#10599,#10607));
#10597 = ORIENTED_EDGE('',*,*,#9850,.F.);
#10598 = ORIENTED_EDGE('',*,*,#10584,.T.);
#10599 = ORIENTED_EDGE('',*,*,#10600,.T.);
#10600 = EDGE_CURVE('',#10576,#10601,#10603,.T.);
#10601 = VERTEX_POINT('',#10602);
#10602 = CARTESIAN_POINT('',(0.8,0.4,0.47));
#10603 = LINE('',#10604,#10605);
#10604 = CARTESIAN_POINT('',(0.8,0.4,0.));
#10605 = VECTOR('',#10606,1.);
#10606 = DIRECTION('',(0.,0.,1.));
#10607 = ORIENTED_EDGE('',*,*,#10608,.F.);
#10608 = EDGE_CURVE('',#9842,#10601,#10609,.T.);
#10609 = LINE('',#10610,#10611);
#10610 = CARTESIAN_POINT('',(0.8,-0.4,0.47));
#10611 = VECTOR('',#10612,1.);
#10612 = DIRECTION('',(0.,1.,0.));
#10613 = PLANE('',#10614);
#10614 = AXIS2_PLACEMENT_3D('',#10615,#10616,#10617);
#10615 = CARTESIAN_POINT('',(0.8,-0.4,0.));
#10616 = DIRECTION('',(1.,0.,0.));
#10617 = DIRECTION('',(0.,0.,1.));
#10618 = ADVANCED_FACE('',(#10619),#10638,.T.);
#10619 = FACE_BOUND('',#10620,.T.);
#10620 = EDGE_LOOP('',(#10621,#10622,#10631,#10637));
#10621 = ORIENTED_EDGE('',*,*,#10608,.T.);
#10622 = ORIENTED_EDGE('',*,*,#10623,.T.);
#10623 = EDGE_CURVE('',#10601,#10624,#10626,.T.);
#10624 = VERTEX_POINT('',#10625);
#10625 = CARTESIAN_POINT('',(0.77,0.4,0.5));
#10626 = CIRCLE('',#10627,3.E-02);
#10627 = AXIS2_PLACEMENT_3D('',#10628,#10629,#10630);
#10628 = CARTESIAN_POINT('',(0.77,0.4,0.47));
#10629 = DIRECTION('',(0.,-1.,0.));
#10630 = DIRECTION('',(0.,0.,1.));
#10631 = ORIENTED_EDGE('',*,*,#10632,.F.);
#10632 = EDGE_CURVE('',#9834,#10624,#10633,.T.);
#10633 = LINE('',#10634,#10635);
#10634 = CARTESIAN_POINT('',(0.77,-0.4,0.5));
#10635 = VECTOR('',#10636,1.);
#10636 = DIRECTION('',(0.,1.,0.));
#10637 = ORIENTED_EDGE('',*,*,#9841,.F.);
#10638 = CYLINDRICAL_SURFACE('',#10639,3.E-02);
#10639 = AXIS2_PLACEMENT_3D('',#10640,#10641,#10642);
#10640 = CARTESIAN_POINT('',(0.77,-0.4,0.47));
#10641 = DIRECTION('',(0.,1.,0.));
#10642 = DIRECTION('',(1.,0.,0.));
#10643 = ADVANCED_FACE('',(#10644),#10685,.T.);
#10644 = FACE_BOUND('',#10645,.T.);
#10645 = EDGE_LOOP('',(#10646,#10654,#10662,#10668,#10669,#10677,#10683,
    #10684));
#10646 = ORIENTED_EDGE('',*,*,#10647,.F.);
#10647 = EDGE_CURVE('',#10648,#10624,#10650,.T.);
#10648 = VERTEX_POINT('',#10649);
#10649 = CARTESIAN_POINT('',(0.725,0.4,0.5));
#10650 = LINE('',#10651,#10652);
#10651 = CARTESIAN_POINT('',(0.5,0.4,0.5));
#10652 = VECTOR('',#10653,1.);
#10653 = DIRECTION('',(1.,0.,0.));
#10654 = ORIENTED_EDGE('',*,*,#10655,.F.);
#10655 = EDGE_CURVE('',#10656,#10648,#10658,.T.);
#10656 = VERTEX_POINT('',#10657);
#10657 = CARTESIAN_POINT('',(0.725,0.3,0.5));
#10658 = LINE('',#10659,#10660);
#10659 = CARTESIAN_POINT('',(0.725,-5.E-02,0.5));
#10660 = VECTOR('',#10661,1.);
#10661 = DIRECTION('',(0.,1.,0.));
#10662 = ORIENTED_EDGE('',*,*,#10663,.F.);
#10663 = EDGE_CURVE('',#9939,#10656,#10664,.T.);
#10664 = LINE('',#10665,#10666);
#10665 = CARTESIAN_POINT('',(-0.1125,0.3,0.5));
#10666 = VECTOR('',#10667,1.);
#10667 = DIRECTION('',(1.,0.,0.));
#10668 = ORIENTED_EDGE('',*,*,#9938,.F.);
#10669 = ORIENTED_EDGE('',*,*,#10670,.F.);
#10670 = EDGE_CURVE('',#10671,#9930,#10673,.T.);
#10671 = VERTEX_POINT('',#10672);
#10672 = CARTESIAN_POINT('',(0.725,-0.3,0.5));
#10673 = LINE('',#10674,#10675);
#10674 = CARTESIAN_POINT('',(0.6125,-0.3,0.5));
#10675 = VECTOR('',#10676,1.);
#10676 = DIRECTION('',(-1.,0.,0.));
#10677 = ORIENTED_EDGE('',*,*,#10678,.F.);
#10678 = EDGE_CURVE('',#9826,#10671,#10679,.T.);
#10679 = LINE('',#10680,#10681);
#10680 = CARTESIAN_POINT('',(0.725,-0.45,0.5));
#10681 = VECTOR('',#10682,1.);
#10682 = DIRECTION('',(0.,1.,0.));
#10683 = ORIENTED_EDGE('',*,*,#9833,.T.);
#10684 = ORIENTED_EDGE('',*,*,#10632,.T.);
#10685 = PLANE('',#10686);
#10686 = AXIS2_PLACEMENT_3D('',#10687,#10688,#10689);
#10687 = CARTESIAN_POINT('',(0.5,-0.4,0.5));
#10688 = DIRECTION('',(0.,0.,1.));
#10689 = DIRECTION('',(1.,0.,-0.));
#10690 = ADVANCED_FACE('',(#10691),#10702,.F.);
#10691 = FACE_BOUND('',#10692,.F.);
#10692 = EDGE_LOOP('',(#10693,#10699,#10700,#10701));
#10693 = ORIENTED_EDGE('',*,*,#10694,.F.);
#10694 = EDGE_CURVE('',#10671,#9874,#10695,.T.);
#10695 = LINE('',#10696,#10697);
#10696 = CARTESIAN_POINT('',(0.725,-0.3,0.75));
#10697 = VECTOR('',#10698,1.);
#10698 = DIRECTION('',(-0.,-0.,-1.));
#10699 = ORIENTED_EDGE('',*,*,#10678,.F.);
#10700 = ORIENTED_EDGE('',*,*,#9825,.T.);
#10701 = ORIENTED_EDGE('',*,*,#9883,.F.);
#10702 = PLANE('',#10703);
#10703 = AXIS2_PLACEMENT_3D('',#10704,#10705,#10706);
#10704 = CARTESIAN_POINT('',(0.725,-0.5,0.75));
#10705 = DIRECTION('',(1.,0.,0.));
#10706 = DIRECTION('',(-0.,1.,0.));
#10707 = ADVANCED_FACE('',(#10708),#10714,.F.);
#10708 = FACE_BOUND('',#10709,.F.);
#10709 = EDGE_LOOP('',(#10710,#10711,#10712,#10713));
#10710 = ORIENTED_EDGE('',*,*,#10670,.F.);
#10711 = ORIENTED_EDGE('',*,*,#10694,.T.);
#10712 = ORIENTED_EDGE('',*,*,#9873,.F.);
#10713 = ORIENTED_EDGE('',*,*,#9929,.T.);
#10714 = PLANE('',#10715);
#10715 = AXIS2_PLACEMENT_3D('',#10716,#10717,#10718);
#10716 = CARTESIAN_POINT('',(0.725,-0.3,0.75));
#10717 = DIRECTION('',(0.,1.,0.));
#10718 = DIRECTION('',(-1.,0.,0.));
#10719 = ADVANCED_FACE('',(#10720),#10736,.F.);
#10720 = FACE_BOUND('',#10721,.F.);
#10721 = EDGE_LOOP('',(#10722,#10723,#10729,#10730));
#10722 = ORIENTED_EDGE('',*,*,#10655,.F.);
#10723 = ORIENTED_EDGE('',*,*,#10724,.T.);
#10724 = EDGE_CURVE('',#10656,#9907,#10725,.T.);
#10725 = LINE('',#10726,#10727);
#10726 = CARTESIAN_POINT('',(0.725,0.3,0.75));
#10727 = VECTOR('',#10728,1.);
#10728 = DIRECTION('',(-0.,-0.,-1.));
#10729 = ORIENTED_EDGE('',*,*,#9914,.F.);
#10730 = ORIENTED_EDGE('',*,*,#10731,.F.);
#10731 = EDGE_CURVE('',#10648,#9898,#10732,.T.);
#10732 = LINE('',#10733,#10734);
#10733 = CARTESIAN_POINT('',(0.725,0.4,0.375));
#10734 = VECTOR('',#10735,1.);
#10735 = DIRECTION('',(0.,0.,-1.));
#10736 = PLANE('',#10737);
#10737 = AXIS2_PLACEMENT_3D('',#10738,#10739,#10740);
#10738 = CARTESIAN_POINT('',(0.725,0.3,0.75));
#10739 = DIRECTION('',(1.,0.,0.));
#10740 = DIRECTION('',(-0.,1.,0.));
#10741 = ADVANCED_FACE('',(#10742),#10748,.F.);
#10742 = FACE_BOUND('',#10743,.F.);
#10743 = EDGE_LOOP('',(#10744,#10745,#10746,#10747));
#10744 = ORIENTED_EDGE('',*,*,#10724,.F.);
#10745 = ORIENTED_EDGE('',*,*,#10663,.F.);
#10746 = ORIENTED_EDGE('',*,*,#9946,.F.);
#10747 = ORIENTED_EDGE('',*,*,#9906,.F.);
#10748 = PLANE('',#10749);
#10749 = AXIS2_PLACEMENT_3D('',#10750,#10751,#10752);
#10750 = CARTESIAN_POINT('',(-0.725,0.3,0.75));
#10751 = DIRECTION('',(0.,-1.,0.));
#10752 = DIRECTION('',(1.,0.,0.));
#10753 = ADVANCED_FACE('',(#10754),#10766,.T.);
#10754 = FACE_BOUND('',#10755,.T.);
#10755 = EDGE_LOOP('',(#10756,#10757,#10758,#10759,#10760,#10761,#10762,
    #10763,#10764,#10765));
#10756 = ORIENTED_EDGE('',*,*,#10134,.F.);
#10757 = ORIENTED_EDGE('',*,*,#10205,.F.);
#10758 = ORIENTED_EDGE('',*,*,#10241,.T.);
#10759 = ORIENTED_EDGE('',*,*,#10265,.T.);
#10760 = ORIENTED_EDGE('',*,*,#10089,.T.);
#10761 = ORIENTED_EDGE('',*,*,#10050,.F.);
#10762 = ORIENTED_EDGE('',*,*,#9977,.F.);
#10763 = ORIENTED_EDGE('',*,*,#9969,.F.);
#10764 = ORIENTED_EDGE('',*,*,#9961,.T.);
#10765 = ORIENTED_EDGE('',*,*,#10336,.F.);
#10766 = PLANE('',#10767);
#10767 = AXIS2_PLACEMENT_3D('',#10768,#10769,#10770);
#10768 = CARTESIAN_POINT('',(-0.8,0.4,0.));
#10769 = DIRECTION('',(0.,1.,0.));
#10770 = DIRECTION('',(0.,-0.,1.));
#10771 = ADVANCED_FACE('',(#10772),#10784,.T.);
#10772 = FACE_BOUND('',#10773,.T.);
#10773 = EDGE_LOOP('',(#10774,#10775,#10776,#10777,#10778,#10779,#10780,
    #10781,#10782,#10783));
#10774 = ORIENTED_EDGE('',*,*,#10545,.F.);
#10775 = ORIENTED_EDGE('',*,*,#10368,.F.);
#10776 = ORIENTED_EDGE('',*,*,#10002,.T.);
#10777 = ORIENTED_EDGE('',*,*,#9994,.T.);
#10778 = ORIENTED_EDGE('',*,*,#9986,.F.);
#10779 = ORIENTED_EDGE('',*,*,#10731,.F.);
#10780 = ORIENTED_EDGE('',*,*,#10647,.T.);
#10781 = ORIENTED_EDGE('',*,*,#10623,.F.);
#10782 = ORIENTED_EDGE('',*,*,#10600,.F.);
#10783 = ORIENTED_EDGE('',*,*,#10575,.T.);
#10784 = PLANE('',#10785);
#10785 = AXIS2_PLACEMENT_3D('',#10786,#10787,#10788);
#10786 = CARTESIAN_POINT('',(0.5,0.4,0.));
#10787 = DIRECTION('',(0.,1.,0.));
#10788 = DIRECTION('',(0.,-0.,1.));
#10789 = ADVANCED_FACE('',(#10790),#10795,.T.);
#10790 = FACE_BOUND('',#10791,.T.);
#10791 = EDGE_LOOP('',(#10792,#10793,#10794));
#10792 = ORIENTED_EDGE('',*,*,#10514,.T.);
#10793 = ORIENTED_EDGE('',*,*,#10490,.T.);
#10794 = ORIENTED_EDGE('',*,*,#10531,.T.);
#10795 = PLANE('',#10796);
#10796 = AXIS2_PLACEMENT_3D('',#10797,#10798,#10799);
#10797 = CARTESIAN_POINT('',(9.237604307034E-02,0.,1.5E-02));
#10798 = DIRECTION('',(-0.,-0.,-1.));
#10799 = DIRECTION('',(-1.,0.,0.));
#10800 = ( GEOMETRIC_REPRESENTATION_CONTEXT(3) 
GLOBAL_UNCERTAINTY_ASSIGNED_CONTEXT((#10804)) 
GLOBAL_UNIT_ASSIGNED_CONTEXT((#10801,#10802,#10803)) 
REPRESENTATION_CONTEXT('Context #1',
  '3D Context with UNIT and UNCERTAINTY') );
#10801 = ( LENGTH_UNIT() NAMED_UNIT(*) SI_UNIT(.MILLI.,.METRE.) );
#10802 = ( NAMED_UNIT(*) PLANE_ANGLE_UNIT() SI_UNIT($,.RADIAN.) );
#10803 = ( NAMED_UNIT(*) SI_UNIT($,.STERADIAN.) SOLID_ANGLE_UNIT() );
#10804 = UNCERTAINTY_MEASURE_WITH_UNIT(LENGTH_MEASURE(1.E-07),#10801,
  'distance_accuracy_value','confusion accuracy');
#10805 = CONTEXT_DEPENDENT_SHAPE_REPRESENTATION(#10806,#10808);
#10806 = ( REPRESENTATION_RELATIONSHIP('','',#9276,#9253) 
REPRESENTATION_RELATIONSHIP_WITH_TRANSFORMATION(#10807) 
SHAPE_REPRESENTATION_RELATIONSHIP() );
#10807 = ITEM_DEFINED_TRANSFORMATION('','',#11,#9254);
#10808 = PRODUCT_DEFINITION_SHAPE('Placement','Placement of an item',
  #10809);
#10809 = NEXT_ASSEMBLY_USAGE_OCCURRENCE('18','=>[0:1:1:11]','',#9248,
  #9271,$);
#10810 = PRODUCT_RELATED_PRODUCT_CATEGORY('part',$,(#9273));
#10811 = CONTEXT_DEPENDENT_SHAPE_REPRESENTATION(#10812,#10814);
#10812 = ( REPRESENTATION_RELATIONSHIP('','',#100,#10) 
REPRESENTATION_RELATIONSHIP_WITH_TRANSFORMATION(#10813) 
SHAPE_REPRESENTATION_RELATIONSHIP() );
#10813 = ITEM_DEFINED_TRANSFORMATION('','',#11,#71);
#10814 = PRODUCT_DEFINITION_SHAPE('Placement','Placement of an item',
  #10815);
#10815 = NEXT_ASSEMBLY_USAGE_OCCURRENCE('20','J6','',#5,#95,$);
#10816 = SHAPE_DEFINITION_REPRESENTATION(#10817,#10823);
#10817 = PRODUCT_DEFINITION_SHAPE('','',#10818);
#10818 = PRODUCT_DEFINITION('design','',#10819,#10822);
#10819 = PRODUCT_DEFINITION_FORMATION('','',#10820);
#10820 = PRODUCT('CP_Elec_6.3x5.8','CP_Elec_6.3x5.8','',(#10821));
#10821 = PRODUCT_CONTEXT('',#2,'mechanical');
#10822 = PRODUCT_DEFINITION_CONTEXT('part definition',#2,'design');
#10823 = SHAPE_REPRESENTATION('',(#11,#10824),#10828);
#10824 = AXIS2_PLACEMENT_3D('',#10825,#10826,#10827);
#10825 = CARTESIAN_POINT('',(0.,0.,0.));
#10826 = DIRECTION('',(0.,0.,1.));
#10827 = DIRECTION('',(1.,0.,-0.));
#10828 = ( GEOMETRIC_REPRESENTATION_CONTEXT(3) 
GLOBAL_UNCERTAINTY_ASSIGNED_CONTEXT((#10832)) 
GLOBAL_UNIT_ASSIGNED_CONTEXT((#10829,#10830,#10831)) 
REPRESENTATION_CONTEXT('Context #1',
  '3D Context with UNIT and UNCERTAINTY') );
#10829 = ( LENGTH_UNIT() NAMED_UNIT(*) SI_UNIT(.MILLI.,.METRE.) );
#10830 = ( NAMED_UNIT(*) PLANE_ANGLE_UNIT() SI_UNIT($,.RADIAN.) );
#10831 = ( NAMED_UNIT(*) SI_UNIT($,.STERADIAN.) SOLID_ANGLE_UNIT() );
#10832 = UNCERTAINTY_MEASURE_WITH_UNIT(LENGTH_MEASURE(1.E-06),#10829,
  'distance_accuracy_value','confusion accuracy');
#10833 = CONTEXT_DEPENDENT_SHAPE_REPRESENTATION(#10834,#10836);
#10834 = ( REPRESENTATION_RELATIONSHIP('','',#10823,#10) 
REPRESENTATION_RELATIONSHIP_WITH_TRANSFORMATION(#10835) 
SHAPE_REPRESENTATION_RELATIONSHIP() );
#10835 = ITEM_DEFINED_TRANSFORMATION('','',#11,#75);
#10836 = PRODUCT_DEFINITION_SHAPE('Placement','Placement of an item',
  #10837);
#10837 = NEXT_ASSEMBLY_USAGE_OCCURRENCE('22','C1','',#5,#10818,$);
#10838 = PRODUCT_RELATED_PRODUCT_CATEGORY('part',$,(#10820));
#10839 = SHAPE_DEFINITION_REPRESENTATION(#10840,#10846);
#10840 = PRODUCT_DEFINITION_SHAPE('','',#10841);
#10841 = PRODUCT_DEFINITION('design','',#10842,#10845);
#10842 = PRODUCT_DEFINITION_FORMATION('','',#10843);
#10843 = PRODUCT('CP_Elec_63x58','CP_Elec_63x58','',(#10844));
#10844 = PRODUCT_CONTEXT('',#2,'mechanical');
#10845 = PRODUCT_DEFINITION_CONTEXT('part definition',#2,'design');
#10846 = ADVANCED_BREP_SHAPE_REPRESENTATION('',(#11,#10847),#12212);
#10847 = MANIFOLD_SOLID_BREP('',#10848);
#10848 = CLOSED_SHELL('',(#10849,#10892,#10918,#10991,#11070,#11110,
    #11189,#11214,#11239,#11295,#11351,#11376,#11401,#11466,#11539,
    #11625,#11642,#11673,#11685,#11702,#11714,#11732,#11744,#11762,
    #11774,#11805,#11857,#11889,#11914,#11939,#11971,#11996,#12021,
    #12038,#12055,#12103,#12144,#12162,#12174,#12186,#12202));
#10849 = ADVANCED_FACE('',(#10850),#10887,.T.);
#10850 = FACE_BOUND('',#10851,.T.);
#10851 = EDGE_LOOP('',(#10852,#10871,#10879,#10886));
#10852 = ORIENTED_EDGE('',*,*,#10853,.T.);
#10853 = EDGE_CURVE('',#10854,#10854,#10856,.T.);
#10854 = VERTEX_POINT('',#10855);
#10855 = CARTESIAN_POINT('',(-3.15,3.857637417314E-16,1.588987583314));
#10856 = ( BOUNDED_CURVE() B_SPLINE_CURVE(13,(#10857,#10858,#10859,
    #10860,#10861,#10862,#10863,#10864,#10865,#10866,#10867,#10868,
#10869,#10870),.UNSPECIFIED.,.T.,.F.) B_SPLINE_CURVE_WITH_KNOTS((1,13,13
    ,1),(-19.79203371761,3.914259941243E-16,19.792033717616,
39.584067435232),.UNSPECIFIED.) CURVE() GEOMETRIC_REPRESENTATION_ITEM() 
RATIONAL_B_SPLINE_CURVE((1.,1.,1.000000000001,0.999999999998,
    1.000000000004,0.999999999994,1.000000000007,0.999999999994,
    1.000000000005,0.999999999997,1.000000000001,1.,1.,1.)) 
REPRESENTATION_ITEM('') );
#10857 = CARTESIAN_POINT('',(-3.15,3.857637417314E-16,1.588987583314));
#10858 = CARTESIAN_POINT('',(-3.150000000001,1.500440617323,
    1.588987583314));
#10859 = CARTESIAN_POINT('',(-2.374522784296,3.035482525996,
    1.588987583314));
#10860 = CARTESIAN_POINT('',(-0.778699260132,4.133102804314,
    1.588987583314));
#10861 = CARTESIAN_POINT('',(1.417356467599,4.301676360906,
    1.588987583314));
#10862 = CARTESIAN_POINT('',(3.314487228417,3.131786890308,
    1.588987583314));
#10863 = CARTESIAN_POINT('',(4.705833357232,1.424009627082,
    1.588987583314));
#10864 = CARTESIAN_POINT('',(4.705833357254,-1.4240096271,1.588987583314
    ));
#10865 = CARTESIAN_POINT('',(3.314487228414,-3.131786890276,
    1.588987583314));
#10866 = CARTESIAN_POINT('',(1.417356467589,-4.301676360935,
    1.588987583314));
#10867 = CARTESIAN_POINT('',(-0.778699260121,-4.1331028043,
    1.588987583314));
#10868 = CARTESIAN_POINT('',(-2.374522784302,-3.035482525999,
    1.588987583314));
#10869 = CARTESIAN_POINT('',(-3.149999999999,-1.500440617323,
    1.588987583314));
#10870 = CARTESIAN_POINT('',(-3.15,3.857637417314E-16,1.588987583314));
#10871 = ORIENTED_EDGE('',*,*,#10872,.F.);
#10872 = EDGE_CURVE('',#10873,#10854,#10875,.T.);
#10873 = VERTEX_POINT('',#10874);
#10874 = CARTESIAN_POINT('',(-3.15,3.857637417314E-16,1.07));
#10875 = LINE('',#10876,#10877);
#10876 = CARTESIAN_POINT('',(-3.15,3.857637417314E-16,0.65));
#10877 = VECTOR('',#10878,1.);
#10878 = DIRECTION('',(0.,0.,1.));
#10879 = ORIENTED_EDGE('',*,*,#10880,.F.);
#10880 = EDGE_CURVE('',#10873,#10873,#10881,.T.);
#10881 = CIRCLE('',#10882,3.15);
#10882 = AXIS2_PLACEMENT_3D('',#10883,#10884,#10885);
#10883 = CARTESIAN_POINT('',(0.,0.,1.07));
#10884 = DIRECTION('',(0.,0.,-1.));
#10885 = DIRECTION('',(-1.,1.224646799147E-16,0.));
#10886 = ORIENTED_EDGE('',*,*,#10872,.T.);
#10887 = CYLINDRICAL_SURFACE('',#10888,3.15);
#10888 = AXIS2_PLACEMENT_3D('',#10889,#10890,#10891);
#10889 = CARTESIAN_POINT('',(0.,0.,0.65));
#10890 = DIRECTION('',(0.,0.,1.));
#10891 = DIRECTION('',(-1.,1.224646799147E-16,0.));
#10892 = ADVANCED_FACE('',(#10893),#10913,.T.);
#10893 = FACE_BOUND('',#10894,.T.);
#10894 = EDGE_LOOP('',(#10895,#10896,#10905,#10912));
#10895 = ORIENTED_EDGE('',*,*,#10880,.T.);
#10896 = ORIENTED_EDGE('',*,*,#10897,.T.);
#10897 = EDGE_CURVE('',#10873,#10898,#10900,.T.);
#10898 = VERTEX_POINT('',#10899);
#10899 = CARTESIAN_POINT('',(-2.73,3.343285761672E-16,0.65));
#10900 = CIRCLE('',#10901,0.42);
#10901 = AXIS2_PLACEMENT_3D('',#10902,#10903,#10904);
#10902 = CARTESIAN_POINT('',(-2.73,3.343285761672E-16,1.07));
#10903 = DIRECTION('',(-1.224646799147E-16,-1.,-0.));
#10904 = DIRECTION('',(-1.,1.224646799147E-16,0.));
#10905 = ORIENTED_EDGE('',*,*,#10906,.F.);
#10906 = EDGE_CURVE('',#10898,#10898,#10907,.T.);
#10907 = CIRCLE('',#10908,2.73);
#10908 = AXIS2_PLACEMENT_3D('',#10909,#10910,#10911);
#10909 = CARTESIAN_POINT('',(0.,0.,0.65));
#10910 = DIRECTION('',(0.,0.,-1.));
#10911 = DIRECTION('',(-1.,1.224646799147E-16,0.));
#10912 = ORIENTED_EDGE('',*,*,#10897,.F.);
#10913 = TOROIDAL_SURFACE('',#10914,2.73,0.42);
#10914 = AXIS2_PLACEMENT_3D('',#10915,#10916,#10917);
#10915 = CARTESIAN_POINT('',(0.,0.,1.07));
#10916 = DIRECTION('',(0.,0.,-1.));
#10917 = DIRECTION('',(-1.,1.224646799147E-16,0.));
#10918 = ADVANCED_FACE('',(#10919),#10948,.T.);
#10919 = FACE_BOUND('',#10920,.T.);
#10920 = EDGE_LOOP('',(#10921,#10929,#10946,#10947));
#10921 = ORIENTED_EDGE('',*,*,#10922,.T.);
#10922 = EDGE_CURVE('',#10854,#10923,#10925,.T.);
#10923 = VERTEX_POINT('',#10924);
#10924 = CARTESIAN_POINT('',(-3.123636363636,3.825351274428E-16,
    1.617867499982));
#10925 = ( BOUNDED_CURVE() B_SPLINE_CURVE(2,(#10926,#10927,#10928),
.UNSPECIFIED.,.F.,.F.) B_SPLINE_CURVE_WITH_KNOTS((3,3),(0.,
19.792033717616),.PIECEWISE_BEZIER_KNOTS.) CURVE() 
GEOMETRIC_REPRESENTATION_ITEM() RATIONAL_B_SPLINE_CURVE((1.,
0.738548945876,1.)) REPRESENTATION_ITEM('') );
#10926 = CARTESIAN_POINT('',(-3.15,3.857637417314E-16,1.588987583314));
#10927 = CARTESIAN_POINT('',(-3.15,1.01590204438E-15,1.61546084026));
#10928 = CARTESIAN_POINT('',(-3.123636363636,3.825351274428E-16,
    1.617867499982));
#10929 = ORIENTED_EDGE('',*,*,#10930,.T.);
#10930 = EDGE_CURVE('',#10923,#10923,#10931,.T.);
#10931 = ( BOUNDED_CURVE() B_SPLINE_CURVE(13,(#10932,#10933,#10934,
    #10935,#10936,#10937,#10938,#10939,#10940,#10941,#10942,#10943,
#10944,#10945),.UNSPECIFIED.,.T.,.F.) B_SPLINE_CURVE_WITH_KNOTS((1,13,13
    ,1),(-19.79203371761,3.914259941243E-16,19.792033717616,
39.584067435232),.UNSPECIFIED.) CURVE() GEOMETRIC_REPRESENTATION_ITEM() 
RATIONAL_B_SPLINE_CURVE((1.,1.,1.000000000001,0.999999999998,
    1.000000000004,0.999999999994,1.000000000007,0.999999999994,
    1.000000000005,0.999999999997,1.000000000001,1.,1.,1.)) 
REPRESENTATION_ITEM('') );
#10932 = CARTESIAN_POINT('',(-3.123636363636,3.825351274428E-16,
    1.617867499982));
#10933 = CARTESIAN_POINT('',(-3.123636363637,1.487882817062,
    1.617867499982));
#10934 = CARTESIAN_POINT('',(-2.354649433432,3.010077333139,
    1.617867499982));
#10935 = CARTESIAN_POINT('',(-0.772182008027,4.098511179108,
    1.617867499982));
#10936 = CARTESIAN_POINT('',(1.405494032515,4.265673874776,
    1.617867499982));
#10937 = CARTESIAN_POINT('',(3.286746931269,3.105575686886,
    1.617867499982));
#10938 = CARTESIAN_POINT('',(4.666448316144,1.412091509005,
    1.617867499982));
#10939 = CARTESIAN_POINT('',(4.666448316173,-1.412091509023,
    1.617867499982));
#10940 = CARTESIAN_POINT('',(3.28674693126,-3.105575686853,
    1.617867499982));
#10941 = CARTESIAN_POINT('',(1.40549403251,-4.265673874805,
    1.617867499982));
#10942 = CARTESIAN_POINT('',(-0.772182008017,-4.098511179094,
    1.617867499982));
#10943 = CARTESIAN_POINT('',(-2.354649433438,-3.010077333143,
    1.617867499982));
#10944 = CARTESIAN_POINT('',(-3.123636363636,-1.487882817062,
    1.617867499982));
#10945 = CARTESIAN_POINT('',(-3.123636363636,3.825351274428E-16,
    1.617867499982));
#10946 = ORIENTED_EDGE('',*,*,#10922,.F.);
#10947 = ORIENTED_EDGE('',*,*,#10853,.F.);
#10948 = ( BOUNDED_SURFACE() B_SPLINE_SURFACE(2,13,(
    (#10949,#10950,#10951,#10952,#10953,#10954,#10955,#10956,#10957
      ,#10958,#10959,#10960,#10961,#10962)
    ,(#10963,#10964,#10965,#10966,#10967,#10968,#10969,#10970,#10971
      ,#10972,#10973,#10974,#10975,#10976)
    ,(#10977,#10978,#10979,#10980,#10981,#10982,#10983,#10984,#10985
      ,#10986,#10987,#10988,#10989,#10990
)),.UNSPECIFIED.,.F.,.T.,.F.) B_SPLINE_SURFACE_WITH_KNOTS((3,3),(1,13,13
    ,1),(0.,19.792033717616),(-19.79203371761,3.914259941243E-16,
    19.792033717616,39.584067435232),.UNSPECIFIED.) 
GEOMETRIC_REPRESENTATION_ITEM() RATIONAL_B_SPLINE_SURFACE((
    (1.,1.,1.000000000001,0.999999999998,1.000000000004,0.999999999994
      ,1.000000000007,0.999999999994,1.000000000005,0.999999999997
      ,1.000000000001,1.,1.,1.)
    ,(0.738548945876,0.738548945876,0.738548945877,0.738548945874
      ,0.738548945879,0.738548945871,0.738548945882,0.73854894587
      ,0.73854894588,0.738548945873,0.738548945877,0.738548945876
      ,0.738548945876,0.738548945876)
    ,(1.,1.,1.000000000001,0.999999999998,1.000000000004,0.999999999994
      ,1.000000000007,0.999999999994,1.000000000005,0.999999999997
,1.000000000001,1.,1.,1.))) REPRESENTATION_ITEM('') SURFACE() );
#10949 = CARTESIAN_POINT('',(-3.15,3.857637417314E-16,1.588987583314));
#10950 = CARTESIAN_POINT('',(-3.150000000001,1.500440617323,
    1.588987583314));
#10951 = CARTESIAN_POINT('',(-2.374522784296,3.035482525996,
    1.588987583314));
#10952 = CARTESIAN_POINT('',(-0.778699260132,4.133102804314,
    1.588987583314));
#10953 = CARTESIAN_POINT('',(1.417356467599,4.301676360906,
    1.588987583314));
#10954 = CARTESIAN_POINT('',(3.314487228417,3.131786890308,
    1.588987583314));
#10955 = CARTESIAN_POINT('',(4.705833357232,1.424009627082,
    1.588987583314));
#10956 = CARTESIAN_POINT('',(4.705833357254,-1.4240096271,1.588987583314
    ));
#10957 = CARTESIAN_POINT('',(3.314487228414,-3.131786890276,
    1.588987583314));
#10958 = CARTESIAN_POINT('',(1.417356467589,-4.301676360935,
    1.588987583314));
#10959 = CARTESIAN_POINT('',(-0.778699260121,-4.1331028043,
    1.588987583314));
#10960 = CARTESIAN_POINT('',(-2.374522784302,-3.035482525999,
    1.588987583314));
#10961 = CARTESIAN_POINT('',(-3.149999999999,-1.500440617323,
    1.588987583314));
#10962 = CARTESIAN_POINT('',(-3.15,3.857637417314E-16,1.588987583314));
#10963 = CARTESIAN_POINT('',(-3.15,1.01590204438E-15,1.61546084026));
#10964 = CARTESIAN_POINT('',(-3.150000000001,1.500440617323,
    1.61546084026));
#10965 = CARTESIAN_POINT('',(-2.374522784295,3.035482525997,
    1.61546084026));
#10966 = CARTESIAN_POINT('',(-0.778699260134,4.133102804311,
    1.61546084026));
#10967 = CARTESIAN_POINT('',(1.417356467602,4.30167636091,1.61546084026)
  );
#10968 = CARTESIAN_POINT('',(3.314487228415,3.131786890302,1.61546084026
    ));
#10969 = CARTESIAN_POINT('',(4.705833357232,1.424009627093,
    1.615460840259));
#10970 = CARTESIAN_POINT('',(4.705833357255,-1.424009627117,
    1.61546084026));
#10971 = CARTESIAN_POINT('',(3.314487228415,-3.131786890259,
    1.61546084026));
#10972 = CARTESIAN_POINT('',(1.417356467587,-4.301676360947,
    1.61546084026));
#10973 = CARTESIAN_POINT('',(-0.778699260118,-4.133102804293,
    1.61546084026));
#10974 = CARTESIAN_POINT('',(-2.374522784303,-3.035482526002,
    1.61546084026));
#10975 = CARTESIAN_POINT('',(-3.149999999999,-1.500440617322,
    1.61546084026));
#10976 = CARTESIAN_POINT('',(-3.15,1.01590204438E-15,1.61546084026));
#10977 = CARTESIAN_POINT('',(-3.123636363636,3.825351274428E-16,
    1.617867499982));
#10978 = CARTESIAN_POINT('',(-3.123636363637,1.487882817062,
    1.617867499982));
#10979 = CARTESIAN_POINT('',(-2.354649433432,3.010077333139,
    1.617867499982));
#10980 = CARTESIAN_POINT('',(-0.772182008027,4.098511179108,
    1.617867499982));
#10981 = CARTESIAN_POINT('',(1.405494032515,4.265673874776,
    1.617867499982));
#10982 = CARTESIAN_POINT('',(3.286746931269,3.105575686886,
    1.617867499982));
#10983 = CARTESIAN_POINT('',(4.666448316144,1.412091509005,
    1.617867499982));
#10984 = CARTESIAN_POINT('',(4.666448316173,-1.412091509023,
    1.617867499982));
#10985 = CARTESIAN_POINT('',(3.28674693126,-3.105575686853,
    1.617867499982));
#10986 = CARTESIAN_POINT('',(1.40549403251,-4.265673874805,
    1.617867499982));
#10987 = CARTESIAN_POINT('',(-0.772182008017,-4.098511179094,
    1.617867499982));
#10988 = CARTESIAN_POINT('',(-2.354649433438,-3.010077333143,
    1.617867499982));
#10989 = CARTESIAN_POINT('',(-3.123636363636,-1.487882817062,
    1.617867499982));
#10990 = CARTESIAN_POINT('',(-3.123636363636,3.825351274428E-16,
    1.617867499982));
#10991 = ADVANCED_FACE('',(#10992,#11062),#11065,.T.);
#10992 = FACE_BOUND('',#10993,.T.);
#10993 = EDGE_LOOP('',(#10994,#11004,#11013,#11021,#11030,#11038,#11047,
    #11055));
#10994 = ORIENTED_EDGE('',*,*,#10995,.T.);
#10995 = EDGE_CURVE('',#10996,#10998,#11000,.T.);
#10996 = VERTEX_POINT('',#10997);
#10997 = CARTESIAN_POINT('',(-3.3,0.576628129734,0.65));
#10998 = VERTEX_POINT('',#10999);
#10999 = CARTESIAN_POINT('',(-3.3,-0.576628129734,0.65));
#11000 = LINE('',#11001,#11002);
#11001 = CARTESIAN_POINT('',(-3.3,1.15,0.65));
#11002 = VECTOR('',#11003,1.);
#11003 = DIRECTION('',(-1.224646799147E-16,-1.,0.));
#11004 = ORIENTED_EDGE('',*,*,#11005,.T.);
#11005 = EDGE_CURVE('',#10998,#11006,#11008,.T.);
#11006 = VERTEX_POINT('',#11007);
#11007 = CARTESIAN_POINT('',(-0.576628129734,-3.3,0.65));
#11008 = CIRCLE('',#11009,3.35);
#11009 = AXIS2_PLACEMENT_3D('',#11010,#11011,#11012);
#11010 = CARTESIAN_POINT('',(0.,0.,0.65));
#11011 = DIRECTION('',(0.,0.,1.));
#11012 = DIRECTION('',(-1.,1.224646799147E-16,0.));
#11013 = ORIENTED_EDGE('',*,*,#11014,.T.);
#11014 = EDGE_CURVE('',#11006,#11015,#11017,.T.);
#11015 = VERTEX_POINT('',#11016);
#11016 = CARTESIAN_POINT('',(0.576628129734,-3.3,0.65));
#11017 = LINE('',#11018,#11019);
#11018 = CARTESIAN_POINT('',(-1.15,-3.3,0.65));
#11019 = VECTOR('',#11020,1.);
#11020 = DIRECTION('',(1.,-1.224646799147E-16,0.));
#11021 = ORIENTED_EDGE('',*,*,#11022,.T.);
#11022 = EDGE_CURVE('',#11015,#11023,#11025,.T.);
#11023 = VERTEX_POINT('',#11024);
#11024 = CARTESIAN_POINT('',(3.3,-0.576628129734,0.65));
#11025 = CIRCLE('',#11026,3.35);
#11026 = AXIS2_PLACEMENT_3D('',#11027,#11028,#11029);
#11027 = CARTESIAN_POINT('',(0.,0.,0.65));
#11028 = DIRECTION('',(0.,0.,1.));
#11029 = DIRECTION('',(-1.,1.224646799147E-16,0.));
#11030 = ORIENTED_EDGE('',*,*,#11031,.T.);
#11031 = EDGE_CURVE('',#11023,#11032,#11034,.T.);
#11032 = VERTEX_POINT('',#11033);
#11033 = CARTESIAN_POINT('',(3.3,0.576628129734,0.65));
#11034 = LINE('',#11035,#11036);
#11035 = CARTESIAN_POINT('',(3.3,-1.65,0.65));
#11036 = VECTOR('',#11037,1.);
#11037 = DIRECTION('',(1.224646799147E-16,1.,0.));
#11038 = ORIENTED_EDGE('',*,*,#11039,.T.);
#11039 = EDGE_CURVE('',#11032,#11040,#11042,.T.);
#11040 = VERTEX_POINT('',#11041);
#11041 = CARTESIAN_POINT('',(0.576628129734,3.3,0.65));
#11042 = CIRCLE('',#11043,3.35);
#11043 = AXIS2_PLACEMENT_3D('',#11044,#11045,#11046);
#11044 = CARTESIAN_POINT('',(0.,0.,0.65));
#11045 = DIRECTION('',(0.,0.,1.));
#11046 = DIRECTION('',(-1.,1.224646799147E-16,0.));
#11047 = ORIENTED_EDGE('',*,*,#11048,.T.);
#11048 = EDGE_CURVE('',#11040,#11049,#11051,.T.);
#11049 = VERTEX_POINT('',#11050);
#11050 = CARTESIAN_POINT('',(-0.576628129734,3.3,0.65));
#11051 = LINE('',#11052,#11053);
#11052 = CARTESIAN_POINT('',(1.65,3.3,0.65));
#11053 = VECTOR('',#11054,1.);
#11054 = DIRECTION('',(-1.,1.224646799147E-16,0.));
#11055 = ORIENTED_EDGE('',*,*,#11056,.T.);
#11056 = EDGE_CURVE('',#11049,#10996,#11057,.T.);
#11057 = CIRCLE('',#11058,3.35);
#11058 = AXIS2_PLACEMENT_3D('',#11059,#11060,#11061);
#11059 = CARTESIAN_POINT('',(0.,0.,0.65));
#11060 = DIRECTION('',(0.,0.,1.));
#11061 = DIRECTION('',(-1.,1.224646799147E-16,0.));
#11062 = FACE_BOUND('',#11063,.T.);
#11063 = EDGE_LOOP('',(#11064));
#11064 = ORIENTED_EDGE('',*,*,#10906,.T.);
#11065 = PLANE('',#11066);
#11066 = AXIS2_PLACEMENT_3D('',#11067,#11068,#11069);
#11067 = CARTESIAN_POINT('',(2.040955421701E-16,-6.734331626528E-17,0.65
    ));
#11068 = DIRECTION('',(0.,0.,1.));
#11069 = DIRECTION('',(-1.,1.224646799147E-16,0.));
#11070 = ADVANCED_FACE('',(#11071),#11101,.F.);
#11071 = FACE_BOUND('',#11072,.F.);
#11072 = EDGE_LOOP('',(#11073,#11082,#11083,#11084));
#11073 = ORIENTED_EDGE('',*,*,#11074,.F.);
#11074 = EDGE_CURVE('',#10923,#11075,#11077,.T.);
#11075 = VERTEX_POINT('',#11076);
#11076 = CARTESIAN_POINT('',(-3.123636363636,3.825351274428E-16,
    2.195465833351));
#11077 = CIRCLE('',#11078,0.29);
#11078 = AXIS2_PLACEMENT_3D('',#11079,#11080,#11081);
#11079 = CARTESIAN_POINT('',(-3.15,3.857637417314E-16,1.906666666667));
#11080 = DIRECTION('',(-1.224646799147E-16,-1.,-0.));
#11081 = DIRECTION('',(0.,0.,-1.));
#11082 = ORIENTED_EDGE('',*,*,#10930,.T.);
#11083 = ORIENTED_EDGE('',*,*,#11074,.T.);
#11084 = ORIENTED_EDGE('',*,*,#11085,.F.);
#11085 = EDGE_CURVE('',#11075,#11075,#11086,.T.);
#11086 = ( BOUNDED_CURVE() B_SPLINE_CURVE(13,(#11087,#11088,#11089,
    #11090,#11091,#11092,#11093,#11094,#11095,#11096,#11097,#11098,
#11099,#11100),.UNSPECIFIED.,.T.,.F.) B_SPLINE_CURVE_WITH_KNOTS((1,13,13
    ,1),(-19.79203371761,3.914259941243E-16,19.792033717616,
39.584067435232),.UNSPECIFIED.) CURVE() GEOMETRIC_REPRESENTATION_ITEM() 
RATIONAL_B_SPLINE_CURVE((1.,1.,1.000000000001,0.999999999998,
    1.000000000004,0.999999999994,1.000000000007,0.999999999994,
    1.000000000005,0.999999999997,1.000000000001,1.,1.,1.)) 
REPRESENTATION_ITEM('') );
#11087 = CARTESIAN_POINT('',(-3.123636363636,3.825351274428E-16,
    2.195465833351));
#11088 = CARTESIAN_POINT('',(-3.123636363637,1.487882817062,
    2.195465833351));
#11089 = CARTESIAN_POINT('',(-2.354649433433,3.010077333139,
    2.195465833351));
#11090 = CARTESIAN_POINT('',(-0.772182008026,4.098511179107,
    2.195465833351));
#11091 = CARTESIAN_POINT('',(1.405494032514,4.265673874777,
    2.195465833351));
#11092 = CARTESIAN_POINT('',(3.286746931272,3.105575686884,
    2.195465833351));
#11093 = CARTESIAN_POINT('',(4.666448316142,1.412091509007,
    2.195465833351));
#11094 = CARTESIAN_POINT('',(4.666448316175,-1.412091509024,
    2.195465833351));
#11095 = CARTESIAN_POINT('',(3.286746931258,-3.105575686853,
    2.195465833351));
#11096 = CARTESIAN_POINT('',(1.405494032511,-4.265673874805,
    2.195465833351));
#11097 = CARTESIAN_POINT('',(-0.772182008017,-4.098511179094,
    2.195465833351));
#11098 = CARTESIAN_POINT('',(-2.354649433438,-3.010077333143,
    2.195465833351));
#11099 = CARTESIAN_POINT('',(-3.123636363636,-1.487882817062,
    2.195465833351));
#11100 = CARTESIAN_POINT('',(-3.123636363636,3.825351274428E-16,
    2.195465833351));
#11101 = SURFACE_OF_REVOLUTION('',#11102,#11107);
#11102 = CIRCLE('',#11103,0.29);
#11103 = AXIS2_PLACEMENT_3D('',#11104,#11105,#11106);
#11104 = CARTESIAN_POINT('',(-3.15,3.857637417314E-16,1.906666666667));
#11105 = DIRECTION('',(-1.224646799147E-16,-1.,-0.));
#11106 = DIRECTION('',(0.,0.,-1.));
#11107 = AXIS1_PLACEMENT('',#11108,#11109);
#11108 = CARTESIAN_POINT('',(0.,0.,0.65));
#11109 = DIRECTION('',(-0.,0.,-1.));
#11110 = ADVANCED_FACE('',(#11111),#11184,.F.);
#11111 = FACE_BOUND('',#11112,.F.);
#11112 = EDGE_LOOP('',(#11113,#11123,#11131,#11139,#11145,#11146,#11154,
    #11162,#11170,#11178));
#11113 = ORIENTED_EDGE('',*,*,#11114,.F.);
#11114 = EDGE_CURVE('',#11115,#11117,#11119,.T.);
#11115 = VERTEX_POINT('',#11116);
#11116 = CARTESIAN_POINT('',(-3.3,2.3,0.15));
#11117 = VERTEX_POINT('',#11118);
#11118 = CARTESIAN_POINT('',(-3.3,0.325,0.15));
#11119 = LINE('',#11120,#11121);
#11120 = CARTESIAN_POINT('',(-3.3,2.3,0.15));
#11121 = VECTOR('',#11122,1.);
#11122 = DIRECTION('',(-1.224646799147E-16,-1.,0.));
#11123 = ORIENTED_EDGE('',*,*,#11124,.T.);
#11124 = EDGE_CURVE('',#11115,#11125,#11127,.T.);
#11125 = VERTEX_POINT('',#11126);
#11126 = CARTESIAN_POINT('',(-3.3,2.3,0.85));
#11127 = LINE('',#11128,#11129);
#11128 = CARTESIAN_POINT('',(-3.3,2.3,0.15));
#11129 = VECTOR('',#11130,1.);
#11130 = DIRECTION('',(0.,0.,1.));
#11131 = ORIENTED_EDGE('',*,*,#11132,.T.);
#11132 = EDGE_CURVE('',#11125,#11133,#11135,.T.);
#11133 = VERTEX_POINT('',#11134);
#11134 = CARTESIAN_POINT('',(-3.3,0.576628129734,0.85));
#11135 = LINE('',#11136,#11137);
#11136 = CARTESIAN_POINT('',(-3.3,3.3,0.85));
#11137 = VECTOR('',#11138,1.);
#11138 = DIRECTION('',(-1.224646799147E-16,-1.,0.));
#11139 = ORIENTED_EDGE('',*,*,#11140,.T.);
#11140 = EDGE_CURVE('',#11133,#10996,#11141,.T.);
#11141 = LINE('',#11142,#11143);
#11142 = CARTESIAN_POINT('',(-3.3,0.576628129734,0.65));
#11143 = VECTOR('',#11144,1.);
#11144 = DIRECTION('',(0.,0.,-1.));
#11145 = ORIENTED_EDGE('',*,*,#10995,.T.);
#11146 = ORIENTED_EDGE('',*,*,#11147,.F.);
#11147 = EDGE_CURVE('',#11148,#10998,#11150,.T.);
#11148 = VERTEX_POINT('',#11149);
#11149 = CARTESIAN_POINT('',(-3.3,-0.576628129734,0.85));
#11150 = LINE('',#11151,#11152);
#11151 = CARTESIAN_POINT('',(-3.3,-0.576628129734,0.65));
#11152 = VECTOR('',#11153,1.);
#11153 = DIRECTION('',(0.,0.,-1.));
#11154 = ORIENTED_EDGE('',*,*,#11155,.T.);
#11155 = EDGE_CURVE('',#11148,#11156,#11158,.T.);
#11156 = VERTEX_POINT('',#11157);
#11157 = CARTESIAN_POINT('',(-3.3,-2.3,0.85));
#11158 = LINE('',#11159,#11160);
#11159 = CARTESIAN_POINT('',(-3.3,3.3,0.85));
#11160 = VECTOR('',#11161,1.);
#11161 = DIRECTION('',(-1.224646799147E-16,-1.,0.));
#11162 = ORIENTED_EDGE('',*,*,#11163,.F.);
#11163 = EDGE_CURVE('',#11164,#11156,#11166,.T.);
#11164 = VERTEX_POINT('',#11165);
#11165 = CARTESIAN_POINT('',(-3.3,-2.3,0.15));
#11166 = LINE('',#11167,#11168);
#11167 = CARTESIAN_POINT('',(-3.3,-2.3,0.15));
#11168 = VECTOR('',#11169,1.);
#11169 = DIRECTION('',(0.,0.,1.));
#11170 = ORIENTED_EDGE('',*,*,#11171,.F.);
#11171 = EDGE_CURVE('',#11172,#11164,#11174,.T.);
#11172 = VERTEX_POINT('',#11173);
#11173 = CARTESIAN_POINT('',(-3.3,-0.325,0.15));
#11174 = LINE('',#11175,#11176);
#11175 = CARTESIAN_POINT('',(-3.3,2.3,0.15));
#11176 = VECTOR('',#11177,1.);
#11177 = DIRECTION('',(-1.224646799147E-16,-1.,0.));
#11178 = ORIENTED_EDGE('',*,*,#11179,.F.);
#11179 = EDGE_CURVE('',#11117,#11172,#11180,.T.);
#11180 = LINE('',#11181,#11182);
#11181 = CARTESIAN_POINT('',(-3.3,2.3,0.15));
#11182 = VECTOR('',#11183,1.);
#11183 = DIRECTION('',(-1.224646799147E-16,-1.,0.));
#11184 = PLANE('',#11185);
#11185 = AXIS2_PLACEMENT_3D('',#11186,#11187,#11188);
#11186 = CARTESIAN_POINT('',(-3.3,2.3,0.15));
#11187 = DIRECTION('',(1.,-1.224646799147E-16,0.));
#11188 = DIRECTION('',(-1.224646799147E-16,-1.,0.));
#11189 = ADVANCED_FACE('',(#11190),#11209,.F.);
#11190 = FACE_BOUND('',#11191,.F.);
#11191 = EDGE_LOOP('',(#11192,#11200,#11201,#11202));
#11192 = ORIENTED_EDGE('',*,*,#11193,.T.);
#11193 = EDGE_CURVE('',#11194,#11049,#11196,.T.);
#11194 = VERTEX_POINT('',#11195);
#11195 = CARTESIAN_POINT('',(-0.576628129734,3.3,0.85));
#11196 = LINE('',#11197,#11198);
#11197 = CARTESIAN_POINT('',(-0.576628129734,3.3,0.65));
#11198 = VECTOR('',#11199,1.);
#11199 = DIRECTION('',(0.,0.,-1.));
#11200 = ORIENTED_EDGE('',*,*,#11056,.T.);
#11201 = ORIENTED_EDGE('',*,*,#11140,.F.);
#11202 = ORIENTED_EDGE('',*,*,#11203,.T.);
#11203 = EDGE_CURVE('',#11133,#11194,#11204,.T.);
#11204 = CIRCLE('',#11205,3.35);
#11205 = AXIS2_PLACEMENT_3D('',#11206,#11207,#11208);
#11206 = CARTESIAN_POINT('',(0.,0.,0.85));
#11207 = DIRECTION('',(0.,0.,-1.));
#11208 = DIRECTION('',(-1.,1.224646799147E-16,0.));
#11209 = CYLINDRICAL_SURFACE('',#11210,3.35);
#11210 = AXIS2_PLACEMENT_3D('',#11211,#11212,#11213);
#11211 = CARTESIAN_POINT('',(0.,0.,0.65));
#11212 = DIRECTION('',(0.,0.,-1.));
#11213 = DIRECTION('',(-1.,1.224646799147E-16,0.));
#11214 = ADVANCED_FACE('',(#11215),#11234,.F.);
#11215 = FACE_BOUND('',#11216,.F.);
#11216 = EDGE_LOOP('',(#11217,#11225,#11232,#11233));
#11217 = ORIENTED_EDGE('',*,*,#11218,.F.);
#11218 = EDGE_CURVE('',#11219,#11006,#11221,.T.);
#11219 = VERTEX_POINT('',#11220);
#11220 = CARTESIAN_POINT('',(-0.576628129734,-3.3,0.85));
#11221 = LINE('',#11222,#11223);
#11222 = CARTESIAN_POINT('',(-0.576628129734,-3.3,0.65));
#11223 = VECTOR('',#11224,1.);
#11224 = DIRECTION('',(0.,0.,-1.));
#11225 = ORIENTED_EDGE('',*,*,#11226,.T.);
#11226 = EDGE_CURVE('',#11219,#11148,#11227,.T.);
#11227 = CIRCLE('',#11228,3.35);
#11228 = AXIS2_PLACEMENT_3D('',#11229,#11230,#11231);
#11229 = CARTESIAN_POINT('',(0.,0.,0.85));
#11230 = DIRECTION('',(0.,0.,-1.));
#11231 = DIRECTION('',(-1.,1.224646799147E-16,0.));
#11232 = ORIENTED_EDGE('',*,*,#11147,.T.);
#11233 = ORIENTED_EDGE('',*,*,#11005,.T.);
#11234 = CYLINDRICAL_SURFACE('',#11235,3.35);
#11235 = AXIS2_PLACEMENT_3D('',#11236,#11237,#11238);
#11236 = CARTESIAN_POINT('',(0.,0.,0.65));
#11237 = DIRECTION('',(0.,0.,-1.));
#11238 = DIRECTION('',(-1.,1.224646799147E-16,0.));
#11239 = ADVANCED_FACE('',(#11240),#11290,.F.);
#11240 = FACE_BOUND('',#11241,.F.);
#11241 = EDGE_LOOP('',(#11242,#11252,#11260,#11268,#11274,#11275,#11276,
    #11284));
#11242 = ORIENTED_EDGE('',*,*,#11243,.F.);
#11243 = EDGE_CURVE('',#11244,#11246,#11248,.T.);
#11244 = VERTEX_POINT('',#11245);
#11245 = CARTESIAN_POINT('',(2.9,3.3,0.15));
#11246 = VERTEX_POINT('',#11247);
#11247 = CARTESIAN_POINT('',(-2.3,3.3,0.15));
#11248 = LINE('',#11249,#11250);
#11249 = CARTESIAN_POINT('',(3.3,3.3,0.15));
#11250 = VECTOR('',#11251,1.);
#11251 = DIRECTION('',(-1.,1.224646799147E-16,0.));
#11252 = ORIENTED_EDGE('',*,*,#11253,.T.);
#11253 = EDGE_CURVE('',#11244,#11254,#11256,.T.);
#11254 = VERTEX_POINT('',#11255);
#11255 = CARTESIAN_POINT('',(2.9,3.3,1.15));
#11256 = LINE('',#11257,#11258);
#11257 = CARTESIAN_POINT('',(2.9,3.3,0.15));
#11258 = VECTOR('',#11259,1.);
#11259 = DIRECTION('',(0.,0.,1.));
#11260 = ORIENTED_EDGE('',*,*,#11261,.T.);
#11261 = EDGE_CURVE('',#11254,#11262,#11264,.T.);
#11262 = VERTEX_POINT('',#11263);
#11263 = CARTESIAN_POINT('',(0.576628129734,3.3,1.15));
#11264 = LINE('',#11265,#11266);
#11265 = CARTESIAN_POINT('',(3.3,3.3,1.15));
#11266 = VECTOR('',#11267,1.);
#11267 = DIRECTION('',(-1.,1.224646799147E-16,0.));
#11268 = ORIENTED_EDGE('',*,*,#11269,.T.);
#11269 = EDGE_CURVE('',#11262,#11040,#11270,.T.);
#11270 = LINE('',#11271,#11272);
#11271 = CARTESIAN_POINT('',(0.576628129734,3.3,0.65));
#11272 = VECTOR('',#11273,1.);
#11273 = DIRECTION('',(0.,0.,-1.));
#11274 = ORIENTED_EDGE('',*,*,#11048,.T.);
#11275 = ORIENTED_EDGE('',*,*,#11193,.F.);
#11276 = ORIENTED_EDGE('',*,*,#11277,.T.);
#11277 = EDGE_CURVE('',#11194,#11278,#11280,.T.);
#11278 = VERTEX_POINT('',#11279);
#11279 = CARTESIAN_POINT('',(-2.3,3.3,0.85));
#11280 = LINE('',#11281,#11282);
#11281 = CARTESIAN_POINT('',(4.041334437186E-16,3.3,0.85));
#11282 = VECTOR('',#11283,1.);
#11283 = DIRECTION('',(-1.,1.224646799147E-16,0.));
#11284 = ORIENTED_EDGE('',*,*,#11285,.F.);
#11285 = EDGE_CURVE('',#11246,#11278,#11286,.T.);
#11286 = LINE('',#11287,#11288);
#11287 = CARTESIAN_POINT('',(-2.3,3.3,0.15));
#11288 = VECTOR('',#11289,1.);
#11289 = DIRECTION('',(0.,0.,1.));
#11290 = PLANE('',#11291);
#11291 = AXIS2_PLACEMENT_3D('',#11292,#11293,#11294);
#11292 = CARTESIAN_POINT('',(3.3,3.3,0.15));
#11293 = DIRECTION('',(-1.224646799147E-16,-1.,0.));
#11294 = DIRECTION('',(-1.,1.224646799147E-16,0.));
#11295 = ADVANCED_FACE('',(#11296),#11346,.F.);
#11296 = FACE_BOUND('',#11297,.F.);
#11297 = EDGE_LOOP('',(#11298,#11308,#11316,#11324,#11330,#11331,#11332,
    #11340));
#11298 = ORIENTED_EDGE('',*,*,#11299,.F.);
#11299 = EDGE_CURVE('',#11300,#11302,#11304,.T.);
#11300 = VERTEX_POINT('',#11301);
#11301 = CARTESIAN_POINT('',(2.9,-3.3,0.15));
#11302 = VERTEX_POINT('',#11303);
#11303 = CARTESIAN_POINT('',(2.9,-3.3,1.15));
#11304 = LINE('',#11305,#11306);
#11305 = CARTESIAN_POINT('',(2.9,-3.3,0.15));
#11306 = VECTOR('',#11307,1.);
#11307 = DIRECTION('',(0.,0.,1.));
#11308 = ORIENTED_EDGE('',*,*,#11309,.F.);
#11309 = EDGE_CURVE('',#11310,#11300,#11312,.T.);
#11310 = VERTEX_POINT('',#11311);
#11311 = CARTESIAN_POINT('',(-2.3,-3.3,0.15));
#11312 = LINE('',#11313,#11314);
#11313 = CARTESIAN_POINT('',(-2.3,-3.3,0.15));
#11314 = VECTOR('',#11315,1.);
#11315 = DIRECTION('',(1.,-1.224646799147E-16,0.));
#11316 = ORIENTED_EDGE('',*,*,#11317,.T.);
#11317 = EDGE_CURVE('',#11310,#11318,#11320,.T.);
#11318 = VERTEX_POINT('',#11319);
#11319 = CARTESIAN_POINT('',(-2.3,-3.3,0.85));
#11320 = LINE('',#11321,#11322);
#11321 = CARTESIAN_POINT('',(-2.3,-3.3,0.15));
#11322 = VECTOR('',#11323,1.);
#11323 = DIRECTION('',(0.,0.,1.));
#11324 = ORIENTED_EDGE('',*,*,#11325,.F.);
#11325 = EDGE_CURVE('',#11219,#11318,#11326,.T.);
#11326 = LINE('',#11327,#11328);
#11327 = CARTESIAN_POINT('',(-4.041334437186E-16,-3.3,0.85));
#11328 = VECTOR('',#11329,1.);
#11329 = DIRECTION('',(-1.,1.224646799147E-16,0.));
#11330 = ORIENTED_EDGE('',*,*,#11218,.T.);
#11331 = ORIENTED_EDGE('',*,*,#11014,.T.);
#11332 = ORIENTED_EDGE('',*,*,#11333,.F.);
#11333 = EDGE_CURVE('',#11334,#11015,#11336,.T.);
#11334 = VERTEX_POINT('',#11335);
#11335 = CARTESIAN_POINT('',(0.576628129734,-3.3,1.15));
#11336 = LINE('',#11337,#11338);
#11337 = CARTESIAN_POINT('',(0.576628129734,-3.3,0.65));
#11338 = VECTOR('',#11339,1.);
#11339 = DIRECTION('',(0.,0.,-1.));
#11340 = ORIENTED_EDGE('',*,*,#11341,.T.);
#11341 = EDGE_CURVE('',#11334,#11302,#11342,.T.);
#11342 = LINE('',#11343,#11344);
#11343 = CARTESIAN_POINT('',(-2.3,-3.3,1.15));
#11344 = VECTOR('',#11345,1.);
#11345 = DIRECTION('',(1.,-1.224646799147E-16,0.));
#11346 = PLANE('',#11347);
#11347 = AXIS2_PLACEMENT_3D('',#11348,#11349,#11350);
#11348 = CARTESIAN_POINT('',(-2.3,-3.3,0.15));
#11349 = DIRECTION('',(1.224646799147E-16,1.,0.));
#11350 = DIRECTION('',(1.,-1.224646799147E-16,0.));
#11351 = ADVANCED_FACE('',(#11352),#11371,.F.);
#11352 = FACE_BOUND('',#11353,.F.);
#11353 = EDGE_LOOP('',(#11354,#11363,#11369,#11370));
#11354 = ORIENTED_EDGE('',*,*,#11355,.F.);
#11355 = EDGE_CURVE('',#11356,#11262,#11358,.T.);
#11356 = VERTEX_POINT('',#11357);
#11357 = CARTESIAN_POINT('',(3.3,0.576628129734,1.15));
#11358 = CIRCLE('',#11359,3.35);
#11359 = AXIS2_PLACEMENT_3D('',#11360,#11361,#11362);
#11360 = CARTESIAN_POINT('',(0.,0.,1.15));
#11361 = DIRECTION('',(0.,0.,1.));
#11362 = DIRECTION('',(-1.,1.224646799147E-16,0.));
#11363 = ORIENTED_EDGE('',*,*,#11364,.T.);
#11364 = EDGE_CURVE('',#11356,#11032,#11365,.T.);
#11365 = LINE('',#11366,#11367);
#11366 = CARTESIAN_POINT('',(3.3,0.576628129734,0.65));
#11367 = VECTOR('',#11368,1.);
#11368 = DIRECTION('',(0.,0.,-1.));
#11369 = ORIENTED_EDGE('',*,*,#11039,.T.);
#11370 = ORIENTED_EDGE('',*,*,#11269,.F.);
#11371 = CYLINDRICAL_SURFACE('',#11372,3.35);
#11372 = AXIS2_PLACEMENT_3D('',#11373,#11374,#11375);
#11373 = CARTESIAN_POINT('',(0.,0.,0.65));
#11374 = DIRECTION('',(0.,0.,-1.));
#11375 = DIRECTION('',(-1.,1.224646799147E-16,0.));
#11376 = ADVANCED_FACE('',(#11377),#11396,.F.);
#11377 = FACE_BOUND('',#11378,.F.);
#11378 = EDGE_LOOP('',(#11379,#11387,#11394,#11395));
#11379 = ORIENTED_EDGE('',*,*,#11380,.F.);
#11380 = EDGE_CURVE('',#11381,#11023,#11383,.T.);
#11381 = VERTEX_POINT('',#11382);
#11382 = CARTESIAN_POINT('',(3.3,-0.576628129734,1.15));
#11383 = LINE('',#11384,#11385);
#11384 = CARTESIAN_POINT('',(3.3,-0.576628129734,0.65));
#11385 = VECTOR('',#11386,1.);
#11386 = DIRECTION('',(0.,0.,-1.));
#11387 = ORIENTED_EDGE('',*,*,#11388,.F.);
#11388 = EDGE_CURVE('',#11334,#11381,#11389,.T.);
#11389 = CIRCLE('',#11390,3.35);
#11390 = AXIS2_PLACEMENT_3D('',#11391,#11392,#11393);
#11391 = CARTESIAN_POINT('',(0.,0.,1.15));
#11392 = DIRECTION('',(0.,0.,1.));
#11393 = DIRECTION('',(-1.,1.224646799147E-16,0.));
#11394 = ORIENTED_EDGE('',*,*,#11333,.T.);
#11395 = ORIENTED_EDGE('',*,*,#11022,.T.);
#11396 = CYLINDRICAL_SURFACE('',#11397,3.35);
#11397 = AXIS2_PLACEMENT_3D('',#11398,#11399,#11400);
#11398 = CARTESIAN_POINT('',(0.,0.,0.65));
#11399 = DIRECTION('',(0.,0.,-1.));
#11400 = DIRECTION('',(-1.,1.224646799147E-16,0.));
#11401 = ADVANCED_FACE('',(#11402),#11461,.F.);
#11402 = FACE_BOUND('',#11403,.F.);
#11403 = EDGE_LOOP('',(#11404,#11414,#11422,#11428,#11429,#11430,#11431,
    #11439,#11447,#11455));
#11404 = ORIENTED_EDGE('',*,*,#11405,.F.);
#11405 = EDGE_CURVE('',#11406,#11408,#11410,.T.);
#11406 = VERTEX_POINT('',#11407);
#11407 = CARTESIAN_POINT('',(3.3,-2.9,0.15));
#11408 = VERTEX_POINT('',#11409);
#11409 = CARTESIAN_POINT('',(3.3,-0.325,0.15));
#11410 = LINE('',#11411,#11412);
#11411 = CARTESIAN_POINT('',(3.3,-3.3,0.15));
#11412 = VECTOR('',#11413,1.);
#11413 = DIRECTION('',(1.224646799147E-16,1.,0.));
#11414 = ORIENTED_EDGE('',*,*,#11415,.T.);
#11415 = EDGE_CURVE('',#11406,#11416,#11418,.T.);
#11416 = VERTEX_POINT('',#11417);
#11417 = CARTESIAN_POINT('',(3.3,-2.9,1.15));
#11418 = LINE('',#11419,#11420);
#11419 = CARTESIAN_POINT('',(3.3,-2.9,0.15));
#11420 = VECTOR('',#11421,1.);
#11421 = DIRECTION('',(0.,0.,1.));
#11422 = ORIENTED_EDGE('',*,*,#11423,.T.);
#11423 = EDGE_CURVE('',#11416,#11381,#11424,.T.);
#11424 = LINE('',#11425,#11426);
#11425 = CARTESIAN_POINT('',(3.3,-3.3,1.15));
#11426 = VECTOR('',#11427,1.);
#11427 = DIRECTION('',(1.224646799147E-16,1.,0.));
#11428 = ORIENTED_EDGE('',*,*,#11380,.T.);
#11429 = ORIENTED_EDGE('',*,*,#11031,.T.);
#11430 = ORIENTED_EDGE('',*,*,#11364,.F.);
#11431 = ORIENTED_EDGE('',*,*,#11432,.T.);
#11432 = EDGE_CURVE('',#11356,#11433,#11435,.T.);
#11433 = VERTEX_POINT('',#11434);
#11434 = CARTESIAN_POINT('',(3.3,2.9,1.15));
#11435 = LINE('',#11436,#11437);
#11436 = CARTESIAN_POINT('',(3.3,-3.3,1.15));
#11437 = VECTOR('',#11438,1.);
#11438 = DIRECTION('',(1.224646799147E-16,1.,0.));
#11439 = ORIENTED_EDGE('',*,*,#11440,.F.);
#11440 = EDGE_CURVE('',#11441,#11433,#11443,.T.);
#11441 = VERTEX_POINT('',#11442);
#11442 = CARTESIAN_POINT('',(3.3,2.9,0.15));
#11443 = LINE('',#11444,#11445);
#11444 = CARTESIAN_POINT('',(3.3,2.9,0.15));
#11445 = VECTOR('',#11446,1.);
#11446 = DIRECTION('',(0.,0.,1.));
#11447 = ORIENTED_EDGE('',*,*,#11448,.F.);
#11448 = EDGE_CURVE('',#11449,#11441,#11451,.T.);
#11449 = VERTEX_POINT('',#11450);
#11450 = CARTESIAN_POINT('',(3.3,0.325,0.15));
#11451 = LINE('',#11452,#11453);
#11452 = CARTESIAN_POINT('',(3.3,-3.3,0.15));
#11453 = VECTOR('',#11454,1.);
#11454 = DIRECTION('',(1.224646799147E-16,1.,0.));
#11455 = ORIENTED_EDGE('',*,*,#11456,.F.);
#11456 = EDGE_CURVE('',#11408,#11449,#11457,.T.);
#11457 = LINE('',#11458,#11459);
#11458 = CARTESIAN_POINT('',(3.3,-3.3,0.15));
#11459 = VECTOR('',#11460,1.);
#11460 = DIRECTION('',(1.224646799147E-16,1.,0.));
#11461 = PLANE('',#11462);
#11462 = AXIS2_PLACEMENT_3D('',#11463,#11464,#11465);
#11463 = CARTESIAN_POINT('',(3.3,-3.3,0.15));
#11464 = DIRECTION('',(-1.,1.224646799147E-16,0.));
#11465 = DIRECTION('',(1.224646799147E-16,1.,0.));
#11466 = ADVANCED_FACE('',(#11467),#11496,.T.);
#11467 = FACE_BOUND('',#11468,.T.);
#11468 = EDGE_LOOP('',(#11469,#11477,#11494,#11495));
#11469 = ORIENTED_EDGE('',*,*,#11470,.T.);
#11470 = EDGE_CURVE('',#11075,#11471,#11473,.T.);
#11471 = VERTEX_POINT('',#11472);
#11472 = CARTESIAN_POINT('',(-3.15,3.857637417314E-16,2.22434575002));
#11473 = ( BOUNDED_CURVE() B_SPLINE_CURVE(2,(#11474,#11475,#11476),
.UNSPECIFIED.,.F.,.F.) B_SPLINE_CURVE_WITH_KNOTS((3,3),(0.,
19.792033717616),.PIECEWISE_BEZIER_KNOTS.) CURVE() 
GEOMETRIC_REPRESENTATION_ITEM() RATIONAL_B_SPLINE_CURVE((1.,
0.738548945876,1.)) REPRESENTATION_ITEM('') );
#11474 = CARTESIAN_POINT('',(-3.123636363636,3.825351274428E-16,
    2.195465833351));
#11475 = CARTESIAN_POINT('',(-3.15,1.752725840801E-15,2.197872493074));
#11476 = CARTESIAN_POINT('',(-3.15,3.857637417314E-16,2.22434575002));
#11477 = ORIENTED_EDGE('',*,*,#11478,.T.);
#11478 = EDGE_CURVE('',#11471,#11471,#11479,.T.);
#11479 = ( BOUNDED_CURVE() B_SPLINE_CURVE(13,(#11480,#11481,#11482,
    #11483,#11484,#11485,#11486,#11487,#11488,#11489,#11490,#11491,
#11492,#11493),.UNSPECIFIED.,.T.,.F.) B_SPLINE_CURVE_WITH_KNOTS((1,13,13
    ,1),(-19.79203371761,3.914259941243E-16,19.792033717616,
39.584067435232),.UNSPECIFIED.) CURVE() GEOMETRIC_REPRESENTATION_ITEM() 
RATIONAL_B_SPLINE_CURVE((1.,1.,1.000000000001,0.999999999998,
    1.000000000004,0.999999999994,1.000000000007,0.999999999994,
    1.000000000005,0.999999999997,1.000000000001,1.,1.,1.)) 
REPRESENTATION_ITEM('') );
#11480 = CARTESIAN_POINT('',(-3.15,3.857637417314E-16,2.22434575002));
#11481 = CARTESIAN_POINT('',(-3.150000000001,1.500440617323,
    2.22434575002));
#11482 = CARTESIAN_POINT('',(-2.374522784296,3.035482525996,
    2.22434575002));
#11483 = CARTESIAN_POINT('',(-0.778699260132,4.133102804312,
    2.22434575002));
#11484 = CARTESIAN_POINT('',(1.417356467599,4.301676360908,2.22434575002
    ));
#11485 = CARTESIAN_POINT('',(3.314487228417,3.131786890306,2.22434575002
    ));
#11486 = CARTESIAN_POINT('',(4.705833357232,1.424009627085,
    2.224345750019));
#11487 = CARTESIAN_POINT('',(4.705833357255,-1.424009627103,
    2.22434575002));
#11488 = CARTESIAN_POINT('',(3.314487228412,-3.131786890273,
    2.22434575002));
#11489 = CARTESIAN_POINT('',(1.41735646759,-4.301676360936,2.22434575002
    ));
#11490 = CARTESIAN_POINT('',(-0.778699260121,-4.133102804299,
    2.22434575002));
#11491 = CARTESIAN_POINT('',(-2.374522784302,-3.035482526,2.22434575002)
  );
#11492 = CARTESIAN_POINT('',(-3.149999999999,-1.500440617323,
    2.22434575002));
#11493 = CARTESIAN_POINT('',(-3.15,3.857637417314E-16,2.22434575002));
#11494 = ORIENTED_EDGE('',*,*,#11470,.F.);
#11495 = ORIENTED_EDGE('',*,*,#11085,.F.);
#11496 = ( BOUNDED_SURFACE() B_SPLINE_SURFACE(2,13,(
    (#11497,#11498,#11499,#11500,#11501,#11502,#11503,#11504,#11505
      ,#11506,#11507,#11508,#11509,#11510)
    ,(#11511,#11512,#11513,#11514,#11515,#11516,#11517,#11518,#11519
      ,#11520,#11521,#11522,#11523,#11524)
    ,(#11525,#11526,#11527,#11528,#11529,#11530,#11531,#11532,#11533
      ,#11534,#11535,#11536,#11537,#11538
)),.UNSPECIFIED.,.F.,.T.,.F.) B_SPLINE_SURFACE_WITH_KNOTS((3,3),(1,13,13
    ,1),(0.,19.792033717616),(-19.79203371761,3.914259941243E-16,
    19.792033717616,39.584067435232),.UNSPECIFIED.) 
GEOMETRIC_REPRESENTATION_ITEM() RATIONAL_B_SPLINE_SURFACE((
    (1.,1.,1.000000000001,0.999999999998,1.000000000004,0.999999999994
      ,1.000000000007,0.999999999994,1.000000000005,0.999999999997
      ,1.000000000001,1.,1.,1.)
    ,(0.738548945876,0.738548945876,0.738548945876,0.738548945875
      ,0.738548945878,0.738548945872,0.73854894588,0.738548945872
      ,0.738548945879,0.738548945874,0.738548945877,0.738548945876
      ,0.738548945876,0.738548945876)
    ,(1.,1.,1.000000000001,0.999999999998,1.000000000004,0.999999999994
      ,1.000000000007,0.999999999994,1.000000000005,0.999999999997
,1.000000000001,1.,1.,1.))) REPRESENTATION_ITEM('') SURFACE() );
#11497 = CARTESIAN_POINT('',(-3.123636363636,3.825351274428E-16,
    2.195465833351));
#11498 = CARTESIAN_POINT('',(-3.123636363637,1.487882817062,
    2.195465833351));
#11499 = CARTESIAN_POINT('',(-2.354649433433,3.010077333139,
    2.195465833351));
#11500 = CARTESIAN_POINT('',(-0.772182008026,4.098511179107,
    2.195465833351));
#11501 = CARTESIAN_POINT('',(1.405494032514,4.265673874777,
    2.195465833351));
#11502 = CARTESIAN_POINT('',(3.286746931272,3.105575686884,
    2.195465833351));
#11503 = CARTESIAN_POINT('',(4.666448316142,1.412091509007,
    2.195465833351));
#11504 = CARTESIAN_POINT('',(4.666448316175,-1.412091509024,
    2.195465833351));
#11505 = CARTESIAN_POINT('',(3.286746931258,-3.105575686853,
    2.195465833351));
#11506 = CARTESIAN_POINT('',(1.405494032511,-4.265673874805,
    2.195465833351));
#11507 = CARTESIAN_POINT('',(-0.772182008017,-4.098511179094,
    2.195465833351));
#11508 = CARTESIAN_POINT('',(-2.354649433438,-3.010077333143,
    2.195465833351));
#11509 = CARTESIAN_POINT('',(-3.123636363636,-1.487882817062,
    2.195465833351));
#11510 = CARTESIAN_POINT('',(-3.123636363636,3.825351274428E-16,
    2.195465833351));
#11511 = CARTESIAN_POINT('',(-3.15,1.752725840801E-15,2.197872493074));
#11512 = CARTESIAN_POINT('',(-3.150000000001,1.500440617323,
    2.197872493074));
#11513 = CARTESIAN_POINT('',(-2.374522784297,3.035482525996,
    2.197872493074));
#11514 = CARTESIAN_POINT('',(-0.778699260132,4.133102804312,
    2.197872493074));
#11515 = CARTESIAN_POINT('',(1.4173564676,4.301676360909,2.197872493073)
  );
#11516 = CARTESIAN_POINT('',(3.314487228414,3.131786890305,
    2.197872493074));
#11517 = CARTESIAN_POINT('',(4.705833357238,1.424009627084,
    2.197872493073));
#11518 = CARTESIAN_POINT('',(4.705833357249,-1.424009627099,
    2.197872493074));
#11519 = CARTESIAN_POINT('',(3.314487228416,-3.131786890278,
    2.197872493074));
#11520 = CARTESIAN_POINT('',(1.417356467589,-4.301676360933,
    2.197872493074));
#11521 = CARTESIAN_POINT('',(-0.778699260121,-4.133102804301,
    2.197872493074));
#11522 = CARTESIAN_POINT('',(-2.374522784302,-3.035482525999,
    2.197872493074));
#11523 = CARTESIAN_POINT('',(-3.15,-1.500440617323,2.197872493074));
#11524 = CARTESIAN_POINT('',(-3.15,1.752725840801E-15,2.197872493074));
#11525 = CARTESIAN_POINT('',(-3.15,3.857637417314E-16,2.22434575002));
#11526 = CARTESIAN_POINT('',(-3.150000000001,1.500440617323,
    2.22434575002));
#11527 = CARTESIAN_POINT('',(-2.374522784296,3.035482525996,
    2.22434575002));
#11528 = CARTESIAN_POINT('',(-0.778699260132,4.133102804312,
    2.22434575002));
#11529 = CARTESIAN_POINT('',(1.417356467599,4.301676360908,2.22434575002
    ));
#11530 = CARTESIAN_POINT('',(3.314487228417,3.131786890306,2.22434575002
    ));
#11531 = CARTESIAN_POINT('',(4.705833357232,1.424009627085,
    2.224345750019));
#11532 = CARTESIAN_POINT('',(4.705833357255,-1.424009627103,
    2.22434575002));
#11533 = CARTESIAN_POINT('',(3.314487228412,-3.131786890273,
    2.22434575002));
#11534 = CARTESIAN_POINT('',(1.41735646759,-4.301676360936,2.22434575002
    ));
#11535 = CARTESIAN_POINT('',(-0.778699260121,-4.133102804299,
    2.22434575002));
#11536 = CARTESIAN_POINT('',(-2.374522784302,-3.035482526,2.22434575002)
  );
#11537 = CARTESIAN_POINT('',(-3.149999999999,-1.500440617323,
    2.22434575002));
#11538 = CARTESIAN_POINT('',(-3.15,3.857637417314E-16,2.22434575002));
#11539 = ADVANCED_FACE('',(#11540),#11620,.F.);
#11540 = FACE_BOUND('',#11541,.F.);
#11541 = EDGE_LOOP('',(#11542,#11549,#11550,#11558,#11567,#11573,#11574,
    #11581,#11582,#11588,#11589,#11597,#11606,#11612,#11613,#11619));
#11542 = ORIENTED_EDGE('',*,*,#11543,.F.);
#11543 = EDGE_CURVE('',#11406,#11300,#11544,.T.);
#11544 = CIRCLE('',#11545,0.4);
#11545 = AXIS2_PLACEMENT_3D('',#11546,#11547,#11548);
#11546 = CARTESIAN_POINT('',(2.9,-2.9,0.15));
#11547 = DIRECTION('',(0.,0.,-1.));
#11548 = DIRECTION('',(1.224646799147E-16,1.,0.));
#11549 = ORIENTED_EDGE('',*,*,#11405,.T.);
#11550 = ORIENTED_EDGE('',*,*,#11551,.F.);
#11551 = EDGE_CURVE('',#11552,#11408,#11554,.T.);
#11552 = VERTEX_POINT('',#11553);
#11553 = CARTESIAN_POINT('',(1.225,-0.325,0.15));
#11554 = LINE('',#11555,#11556);
#11555 = CARTESIAN_POINT('',(1.225,-0.325,0.15));
#11556 = VECTOR('',#11557,1.);
#11557 = DIRECTION('',(1.,-2.656811920655E-16,0.));
#11558 = ORIENTED_EDGE('',*,*,#11559,.F.);
#11559 = EDGE_CURVE('',#11560,#11552,#11562,.T.);
#11560 = VERTEX_POINT('',#11561);
#11561 = CARTESIAN_POINT('',(1.225,0.325,0.15));
#11562 = CIRCLE('',#11563,0.325);
#11563 = AXIS2_PLACEMENT_3D('',#11564,#11565,#11566);
#11564 = CARTESIAN_POINT('',(1.225,-3.000384657911E-16,0.15));
#11565 = DIRECTION('',(0.,-0.,1.));
#11566 = DIRECTION('',(9.281435288296E-16,1.,0.));
#11567 = ORIENTED_EDGE('',*,*,#11568,.F.);
#11568 = EDGE_CURVE('',#11449,#11560,#11569,.T.);
#11569 = LINE('',#11570,#11571);
#11570 = CARTESIAN_POINT('',(3.9,0.325,0.15));
#11571 = VECTOR('',#11572,1.);
#11572 = DIRECTION('',(-1.,2.449293598295E-16,0.));
#11573 = ORIENTED_EDGE('',*,*,#11448,.T.);
#11574 = ORIENTED_EDGE('',*,*,#11575,.F.);
#11575 = EDGE_CURVE('',#11244,#11441,#11576,.T.);
#11576 = CIRCLE('',#11577,0.4);
#11577 = AXIS2_PLACEMENT_3D('',#11578,#11579,#11580);
#11578 = CARTESIAN_POINT('',(2.9,2.9,0.15));
#11579 = DIRECTION('',(0.,0.,-1.));
#11580 = DIRECTION('',(1.224646799147E-16,1.,0.));
#11581 = ORIENTED_EDGE('',*,*,#11243,.T.);
#11582 = ORIENTED_EDGE('',*,*,#11583,.T.);
#11583 = EDGE_CURVE('',#11246,#11115,#11584,.T.);
#11584 = LINE('',#11585,#11586);
#11585 = CARTESIAN_POINT('',(-2.3,3.3,0.15));
#11586 = VECTOR('',#11587,1.);
#11587 = DIRECTION('',(-0.707106781187,-0.707106781187,0.));
#11588 = ORIENTED_EDGE('',*,*,#11114,.T.);
#11589 = ORIENTED_EDGE('',*,*,#11590,.F.);
#11590 = EDGE_CURVE('',#11591,#11117,#11593,.T.);
#11591 = VERTEX_POINT('',#11592);
#11592 = CARTESIAN_POINT('',(-1.225,0.325,0.15));
#11593 = LINE('',#11594,#11595);
#11594 = CARTESIAN_POINT('',(-1.225,0.325,0.15));
#11595 = VECTOR('',#11596,1.);
#11596 = DIRECTION('',(-1.,1.432165121507E-16,0.));
#11597 = ORIENTED_EDGE('',*,*,#11598,.F.);
#11598 = EDGE_CURVE('',#11599,#11591,#11601,.T.);
#11599 = VERTEX_POINT('',#11600);
#11600 = CARTESIAN_POINT('',(-1.225,-0.325,0.15));
#11601 = CIRCLE('',#11602,0.325);
#11602 = AXIS2_PLACEMENT_3D('',#11603,#11604,#11605);
#11603 = CARTESIAN_POINT('',(-1.225,1.500192328956E-16,0.15));
#11604 = DIRECTION('',(0.,0.,1.));
#11605 = DIRECTION('',(-8.056788489148E-16,-1.,0.));
#11606 = ORIENTED_EDGE('',*,*,#11607,.F.);
#11607 = EDGE_CURVE('',#11172,#11599,#11608,.T.);
#11608 = LINE('',#11609,#11610);
#11609 = CARTESIAN_POINT('',(-3.9,-0.325,0.15));
#11610 = VECTOR('',#11611,1.);
#11611 = DIRECTION('',(1.,-1.224646799147E-16,0.));
#11612 = ORIENTED_EDGE('',*,*,#11171,.T.);
#11613 = ORIENTED_EDGE('',*,*,#11614,.T.);
#11614 = EDGE_CURVE('',#11164,#11310,#11615,.T.);
#11615 = LINE('',#11616,#11617);
#11616 = CARTESIAN_POINT('',(-3.3,-2.3,0.15));
#11617 = VECTOR('',#11618,1.);
#11618 = DIRECTION('',(0.707106781187,-0.707106781187,0.));
#11619 = ORIENTED_EDGE('',*,*,#11309,.T.);
#11620 = PLANE('',#11621);
#11621 = AXIS2_PLACEMENT_3D('',#11622,#11623,#11624);
#11622 = CARTESIAN_POINT('',(0.169665910187,-2.077808138351E-17,0.15));
#11623 = DIRECTION('',(0.,0.,1.));
#11624 = DIRECTION('',(-1.,1.224646799147E-16,0.));
#11625 = ADVANCED_FACE('',(#11626),#11637,.F.);
#11626 = FACE_BOUND('',#11627,.F.);
#11627 = EDGE_LOOP('',(#11628,#11629,#11630,#11636));
#11628 = ORIENTED_EDGE('',*,*,#11583,.F.);
#11629 = ORIENTED_EDGE('',*,*,#11285,.T.);
#11630 = ORIENTED_EDGE('',*,*,#11631,.T.);
#11631 = EDGE_CURVE('',#11278,#11125,#11632,.T.);
#11632 = LINE('',#11633,#11634);
#11633 = CARTESIAN_POINT('',(-1.725,3.875,0.85));
#11634 = VECTOR('',#11635,1.);
#11635 = DIRECTION('',(-0.707106781187,-0.707106781187,0.));
#11636 = ORIENTED_EDGE('',*,*,#11124,.F.);
#11637 = PLANE('',#11638);
#11638 = AXIS2_PLACEMENT_3D('',#11639,#11640,#11641);
#11639 = CARTESIAN_POINT('',(-2.3,3.3,0.15));
#11640 = DIRECTION('',(0.707106781187,-0.707106781187,0.));
#11641 = DIRECTION('',(-0.707106781187,-0.707106781187,0.));
#11642 = ADVANCED_FACE('',(#11643),#11668,.T.);
#11643 = FACE_BOUND('',#11644,.T.);
#11644 = EDGE_LOOP('',(#11645,#11653,#11661,#11667));
#11645 = ORIENTED_EDGE('',*,*,#11646,.T.);
#11646 = EDGE_CURVE('',#11117,#11647,#11649,.T.);
#11647 = VERTEX_POINT('',#11648);
#11648 = CARTESIAN_POINT('',(-3.9,0.325,0.15));
#11649 = LINE('',#11650,#11651);
#11650 = CARTESIAN_POINT('',(-1.225,0.325,0.15));
#11651 = VECTOR('',#11652,1.);
#11652 = DIRECTION('',(-1.,1.432165121507E-16,0.));
#11653 = ORIENTED_EDGE('',*,*,#11654,.T.);
#11654 = EDGE_CURVE('',#11647,#11655,#11657,.T.);
#11655 = VERTEX_POINT('',#11656);
#11656 = CARTESIAN_POINT('',(-3.9,-0.325,0.15));
#11657 = LINE('',#11658,#11659);
#11658 = CARTESIAN_POINT('',(-3.9,0.325,0.15));
#11659 = VECTOR('',#11660,1.);
#11660 = DIRECTION('',(-1.224646799147E-16,-1.,0.));
#11661 = ORIENTED_EDGE('',*,*,#11662,.T.);
#11662 = EDGE_CURVE('',#11655,#11172,#11663,.T.);
#11663 = LINE('',#11664,#11665);
#11664 = CARTESIAN_POINT('',(-3.9,-0.325,0.15));
#11665 = VECTOR('',#11666,1.);
#11666 = DIRECTION('',(1.,-1.224646799147E-16,0.));
#11667 = ORIENTED_EDGE('',*,*,#11179,.F.);
#11668 = PLANE('',#11669);
#11669 = AXIS2_PLACEMENT_3D('',#11670,#11671,#11672);
#11670 = CARTESIAN_POINT('',(-2.47395012666,2.870543344061E-16,0.15));
#11671 = DIRECTION('',(0.,0.,1.));
#11672 = DIRECTION('',(-1.,1.224646799147E-16,0.));
#11673 = ADVANCED_FACE('',(#11674),#11680,.T.);
#11674 = FACE_BOUND('',#11675,.T.);
#11675 = EDGE_LOOP('',(#11676,#11677,#11678,#11679));
#11676 = ORIENTED_EDGE('',*,*,#11203,.T.);
#11677 = ORIENTED_EDGE('',*,*,#11277,.T.);
#11678 = ORIENTED_EDGE('',*,*,#11631,.T.);
#11679 = ORIENTED_EDGE('',*,*,#11132,.T.);
#11680 = PLANE('',#11681);
#11681 = AXIS2_PLACEMENT_3D('',#11682,#11683,#11684);
#11682 = CARTESIAN_POINT('',(4.041334437186E-16,3.3,0.85));
#11683 = DIRECTION('',(0.,0.,1.));
#11684 = DIRECTION('',(-1.,1.224646799147E-16,0.));
#11685 = ADVANCED_FACE('',(#11686),#11697,.F.);
#11686 = FACE_BOUND('',#11687,.F.);
#11687 = EDGE_LOOP('',(#11688,#11689,#11690,#11696));
#11688 = ORIENTED_EDGE('',*,*,#11614,.F.);
#11689 = ORIENTED_EDGE('',*,*,#11163,.T.);
#11690 = ORIENTED_EDGE('',*,*,#11691,.T.);
#11691 = EDGE_CURVE('',#11156,#11318,#11692,.T.);
#11692 = LINE('',#11693,#11694);
#11693 = CARTESIAN_POINT('',(-3.875,-1.725,0.85));
#11694 = VECTOR('',#11695,1.);
#11695 = DIRECTION('',(0.707106781187,-0.707106781187,0.));
#11696 = ORIENTED_EDGE('',*,*,#11317,.F.);
#11697 = PLANE('',#11698);
#11698 = AXIS2_PLACEMENT_3D('',#11699,#11700,#11701);
#11699 = CARTESIAN_POINT('',(-3.3,-2.3,0.15));
#11700 = DIRECTION('',(0.707106781187,0.707106781187,0.));
#11701 = DIRECTION('',(0.707106781187,-0.707106781187,0.));
#11702 = ADVANCED_FACE('',(#11703),#11709,.T.);
#11703 = FACE_BOUND('',#11704,.T.);
#11704 = EDGE_LOOP('',(#11705,#11706,#11707,#11708));
#11705 = ORIENTED_EDGE('',*,*,#11325,.F.);
#11706 = ORIENTED_EDGE('',*,*,#11226,.T.);
#11707 = ORIENTED_EDGE('',*,*,#11155,.T.);
#11708 = ORIENTED_EDGE('',*,*,#11691,.T.);
#11709 = PLANE('',#11710);
#11710 = AXIS2_PLACEMENT_3D('',#11711,#11712,#11713);
#11711 = CARTESIAN_POINT('',(4.041334437186E-16,3.3,0.85));
#11712 = DIRECTION('',(0.,0.,1.));
#11713 = DIRECTION('',(-1.,1.224646799147E-16,0.));
#11714 = ADVANCED_FACE('',(#11715),#11727,.T.);
#11715 = FACE_BOUND('',#11716,.T.);
#11716 = EDGE_LOOP('',(#11717,#11718,#11719,#11726));
#11717 = ORIENTED_EDGE('',*,*,#11355,.F.);
#11718 = ORIENTED_EDGE('',*,*,#11432,.T.);
#11719 = ORIENTED_EDGE('',*,*,#11720,.F.);
#11720 = EDGE_CURVE('',#11254,#11433,#11721,.T.);
#11721 = CIRCLE('',#11722,0.4);
#11722 = AXIS2_PLACEMENT_3D('',#11723,#11724,#11725);
#11723 = CARTESIAN_POINT('',(2.9,2.9,1.15));
#11724 = DIRECTION('',(0.,0.,-1.));
#11725 = DIRECTION('',(1.224646799147E-16,1.,0.));
#11726 = ORIENTED_EDGE('',*,*,#11261,.T.);
#11727 = PLANE('',#11728);
#11728 = AXIS2_PLACEMENT_3D('',#11729,#11730,#11731);
#11729 = CARTESIAN_POINT('',(0.169665910187,-2.077808138351E-17,1.15));
#11730 = DIRECTION('',(0.,0.,1.));
#11731 = DIRECTION('',(-1.,1.224646799147E-16,0.));
#11732 = ADVANCED_FACE('',(#11733),#11739,.T.);
#11733 = FACE_BOUND('',#11734,.T.);
#11734 = EDGE_LOOP('',(#11735,#11736,#11737,#11738));
#11735 = ORIENTED_EDGE('',*,*,#11253,.T.);
#11736 = ORIENTED_EDGE('',*,*,#11720,.T.);
#11737 = ORIENTED_EDGE('',*,*,#11440,.F.);
#11738 = ORIENTED_EDGE('',*,*,#11575,.F.);
#11739 = CYLINDRICAL_SURFACE('',#11740,0.4);
#11740 = AXIS2_PLACEMENT_3D('',#11741,#11742,#11743);
#11741 = CARTESIAN_POINT('',(2.9,2.9,0.15));
#11742 = DIRECTION('',(0.,0.,1.));
#11743 = DIRECTION('',(1.224646799147E-16,1.,-0.));
#11744 = ADVANCED_FACE('',(#11745),#11757,.T.);
#11745 = FACE_BOUND('',#11746,.T.);
#11746 = EDGE_LOOP('',(#11747,#11748,#11755,#11756));
#11747 = ORIENTED_EDGE('',*,*,#11415,.T.);
#11748 = ORIENTED_EDGE('',*,*,#11749,.T.);
#11749 = EDGE_CURVE('',#11416,#11302,#11750,.T.);
#11750 = CIRCLE('',#11751,0.4);
#11751 = AXIS2_PLACEMENT_3D('',#11752,#11753,#11754);
#11752 = CARTESIAN_POINT('',(2.9,-2.9,1.15));
#11753 = DIRECTION('',(0.,0.,-1.));
#11754 = DIRECTION('',(1.224646799147E-16,1.,0.));
#11755 = ORIENTED_EDGE('',*,*,#11299,.F.);
#11756 = ORIENTED_EDGE('',*,*,#11543,.F.);
#11757 = CYLINDRICAL_SURFACE('',#11758,0.4);
#11758 = AXIS2_PLACEMENT_3D('',#11759,#11760,#11761);
#11759 = CARTESIAN_POINT('',(2.9,-2.9,0.15));
#11760 = DIRECTION('',(0.,0.,1.));
#11761 = DIRECTION('',(1.,-1.224646799147E-16,0.));
#11762 = ADVANCED_FACE('',(#11763),#11769,.T.);
#11763 = FACE_BOUND('',#11764,.T.);
#11764 = EDGE_LOOP('',(#11765,#11766,#11767,#11768));
#11765 = ORIENTED_EDGE('',*,*,#11749,.F.);
#11766 = ORIENTED_EDGE('',*,*,#11423,.T.);
#11767 = ORIENTED_EDGE('',*,*,#11388,.F.);
#11768 = ORIENTED_EDGE('',*,*,#11341,.T.);
#11769 = PLANE('',#11770);
#11770 = AXIS2_PLACEMENT_3D('',#11771,#11772,#11773);
#11771 = CARTESIAN_POINT('',(0.169665910187,-2.077808138351E-17,1.15));
#11772 = DIRECTION('',(0.,0.,1.));
#11773 = DIRECTION('',(-1.,1.224646799147E-16,0.));
#11774 = ADVANCED_FACE('',(#11775),#11800,.T.);
#11775 = FACE_BOUND('',#11776,.T.);
#11776 = EDGE_LOOP('',(#11777,#11785,#11793,#11799));
#11777 = ORIENTED_EDGE('',*,*,#11778,.T.);
#11778 = EDGE_CURVE('',#11408,#11779,#11781,.T.);
#11779 = VERTEX_POINT('',#11780);
#11780 = CARTESIAN_POINT('',(3.9,-0.325,0.15));
#11781 = LINE('',#11782,#11783);
#11782 = CARTESIAN_POINT('',(1.225,-0.325,0.15));
#11783 = VECTOR('',#11784,1.);
#11784 = DIRECTION('',(1.,-2.656811920655E-16,0.));
#11785 = ORIENTED_EDGE('',*,*,#11786,.T.);
#11786 = EDGE_CURVE('',#11779,#11787,#11789,.T.);
#11787 = VERTEX_POINT('',#11788);
#11788 = CARTESIAN_POINT('',(3.9,0.325,0.15));
#11789 = LINE('',#11790,#11791);
#11790 = CARTESIAN_POINT('',(3.9,-0.325,0.15));
#11791 = VECTOR('',#11792,1.);
#11792 = DIRECTION('',(2.449293598295E-16,1.,0.));
#11793 = ORIENTED_EDGE('',*,*,#11794,.T.);
#11794 = EDGE_CURVE('',#11787,#11449,#11795,.T.);
#11795 = LINE('',#11796,#11797);
#11796 = CARTESIAN_POINT('',(3.9,0.325,0.15));
#11797 = VECTOR('',#11798,1.);
#11798 = DIRECTION('',(-1.,2.449293598295E-16,0.));
#11799 = ORIENTED_EDGE('',*,*,#11456,.F.);
#11800 = PLANE('',#11801);
#11801 = AXIS2_PLACEMENT_3D('',#11802,#11803,#11804);
#11802 = CARTESIAN_POINT('',(2.47395012666,-5.900258447925E-16,0.15));
#11803 = DIRECTION('',(0.,0.,1.));
#11804 = DIRECTION('',(1.,-2.449293598295E-16,0.));
#11805 = ADVANCED_FACE('',(#11806),#11852,.T.);
#11806 = FACE_BOUND('',#11807,.T.);
#11807 = EDGE_LOOP('',(#11808,#11809,#11817,#11826,#11835,#11844,#11851)
  );
#11808 = ORIENTED_EDGE('',*,*,#11478,.F.);
#11809 = ORIENTED_EDGE('',*,*,#11810,.T.);
#11810 = EDGE_CURVE('',#11471,#11811,#11813,.T.);
#11811 = VERTEX_POINT('',#11812);
#11812 = CARTESIAN_POINT('',(-3.15,3.857637417314E-16,5.38));
#11813 = LINE('',#11814,#11815);
#11814 = CARTESIAN_POINT('',(-3.15,3.857637417314E-16,2.196666666667));
#11815 = VECTOR('',#11816,1.);
#11816 = DIRECTION('',(0.,0.,1.));
#11817 = ORIENTED_EDGE('',*,*,#11818,.T.);
#11818 = EDGE_CURVE('',#11811,#11819,#11821,.T.);
#11819 = VERTEX_POINT('',#11820);
#11820 = CARTESIAN_POINT('',(0.945,3.004908484463,5.38));
#11821 = CIRCLE('',#11822,3.15);
#11822 = AXIS2_PLACEMENT_3D('',#11823,#11824,#11825);
#11823 = CARTESIAN_POINT('',(0.,0.,5.38));
#11824 = DIRECTION('',(0.,0.,-1.));
#11825 = DIRECTION('',(-1.,1.224646799147E-16,0.));
#11826 = ORIENTED_EDGE('',*,*,#11827,.T.);
#11827 = EDGE_CURVE('',#11819,#11828,#11830,.T.);
#11828 = VERTEX_POINT('',#11829);
#11829 = CARTESIAN_POINT('',(3.15,1.394737054348E-15,5.38));
#11830 = CIRCLE('',#11831,3.15);
#11831 = AXIS2_PLACEMENT_3D('',#11832,#11833,#11834);
#11832 = CARTESIAN_POINT('',(0.,0.,5.38));
#11833 = DIRECTION('',(0.,0.,-1.));
#11834 = DIRECTION('',(-1.,1.224646799147E-16,0.));
#11835 = ORIENTED_EDGE('',*,*,#11836,.T.);
#11836 = EDGE_CURVE('',#11828,#11837,#11839,.T.);
#11837 = VERTEX_POINT('',#11838);
#11838 = CARTESIAN_POINT('',(0.945,-3.004908484463,5.38));
#11839 = CIRCLE('',#11840,3.15);
#11840 = AXIS2_PLACEMENT_3D('',#11841,#11842,#11843);
#11841 = CARTESIAN_POINT('',(0.,0.,5.38));
#11842 = DIRECTION('',(0.,0.,-1.));
#11843 = DIRECTION('',(-1.,1.224646799147E-16,0.));
#11844 = ORIENTED_EDGE('',*,*,#11845,.T.);
#11845 = EDGE_CURVE('',#11837,#11811,#11846,.T.);
#11846 = CIRCLE('',#11847,3.15);
#11847 = AXIS2_PLACEMENT_3D('',#11848,#11849,#11850);
#11848 = CARTESIAN_POINT('',(0.,0.,5.38));
#11849 = DIRECTION('',(0.,0.,-1.));
#11850 = DIRECTION('',(-1.,1.224646799147E-16,0.));
#11851 = ORIENTED_EDGE('',*,*,#11810,.F.);
#11852 = CYLINDRICAL_SURFACE('',#11853,3.15);
#11853 = AXIS2_PLACEMENT_3D('',#11854,#11855,#11856);
#11854 = CARTESIAN_POINT('',(0.,0.,2.196666666667));
#11855 = DIRECTION('',(0.,0.,1.));
#11856 = DIRECTION('',(-1.,1.224646799147E-16,0.));
#11857 = ADVANCED_FACE('',(#11858),#11884,.F.);
#11858 = FACE_BOUND('',#11859,.F.);
#11859 = EDGE_LOOP('',(#11860,#11868,#11869,#11870,#11878));
#11860 = ORIENTED_EDGE('',*,*,#11861,.T.);
#11861 = EDGE_CURVE('',#11862,#11655,#11864,.T.);
#11862 = VERTEX_POINT('',#11863);
#11863 = CARTESIAN_POINT('',(-3.9,-0.325,0.));
#11864 = LINE('',#11865,#11866);
#11865 = CARTESIAN_POINT('',(-3.9,-0.325,0.));
#11866 = VECTOR('',#11867,1.);
#11867 = DIRECTION('',(0.,0.,1.));
#11868 = ORIENTED_EDGE('',*,*,#11662,.T.);
#11869 = ORIENTED_EDGE('',*,*,#11607,.T.);
#11870 = ORIENTED_EDGE('',*,*,#11871,.F.);
#11871 = EDGE_CURVE('',#11872,#11599,#11874,.T.);
#11872 = VERTEX_POINT('',#11873);
#11873 = CARTESIAN_POINT('',(-1.225,-0.325,0.));
#11874 = LINE('',#11875,#11876);
#11875 = CARTESIAN_POINT('',(-1.225,-0.325,0.));
#11876 = VECTOR('',#11877,1.);
#11877 = DIRECTION('',(0.,0.,1.));
#11878 = ORIENTED_EDGE('',*,*,#11879,.F.);
#11879 = EDGE_CURVE('',#11862,#11872,#11880,.T.);
#11880 = LINE('',#11881,#11882);
#11881 = CARTESIAN_POINT('',(-3.9,-0.325,0.));
#11882 = VECTOR('',#11883,1.);
#11883 = DIRECTION('',(1.,-1.224646799147E-16,0.));
#11884 = PLANE('',#11885);
#11885 = AXIS2_PLACEMENT_3D('',#11886,#11887,#11888);
#11886 = CARTESIAN_POINT('',(-3.9,-0.325,0.));
#11887 = DIRECTION('',(1.224646799147E-16,1.,0.));
#11888 = DIRECTION('',(1.,-1.224646799147E-16,0.));
#11889 = ADVANCED_FACE('',(#11890),#11909,.T.);
#11890 = FACE_BOUND('',#11891,.T.);
#11891 = EDGE_LOOP('',(#11892,#11901,#11907,#11908));
#11892 = ORIENTED_EDGE('',*,*,#11893,.T.);
#11893 = EDGE_CURVE('',#11872,#11894,#11896,.T.);
#11894 = VERTEX_POINT('',#11895);
#11895 = CARTESIAN_POINT('',(-1.225,0.325,0.));
#11896 = CIRCLE('',#11897,0.325);
#11897 = AXIS2_PLACEMENT_3D('',#11898,#11899,#11900);
#11898 = CARTESIAN_POINT('',(-1.225,1.500192328956E-16,0.));
#11899 = DIRECTION('',(0.,0.,1.));
#11900 = DIRECTION('',(-8.056788489148E-16,-1.,0.));
#11901 = ORIENTED_EDGE('',*,*,#11902,.T.);
#11902 = EDGE_CURVE('',#11894,#11591,#11903,.T.);
#11903 = LINE('',#11904,#11905);
#11904 = CARTESIAN_POINT('',(-1.225,0.325,0.));
#11905 = VECTOR('',#11906,1.);
#11906 = DIRECTION('',(0.,0.,1.));
#11907 = ORIENTED_EDGE('',*,*,#11598,.F.);
#11908 = ORIENTED_EDGE('',*,*,#11871,.F.);
#11909 = CYLINDRICAL_SURFACE('',#11910,0.325);
#11910 = AXIS2_PLACEMENT_3D('',#11911,#11912,#11913);
#11911 = CARTESIAN_POINT('',(-1.225,1.500192328956E-16,0.));
#11912 = DIRECTION('',(0.,0.,-1.));
#11913 = DIRECTION('',(-8.056788489148E-16,-1.,-0.));
#11914 = ADVANCED_FACE('',(#11915),#11934,.F.);
#11915 = FACE_BOUND('',#11916,.F.);
#11916 = EDGE_LOOP('',(#11917,#11918,#11919,#11920,#11928));
#11917 = ORIENTED_EDGE('',*,*,#11902,.T.);
#11918 = ORIENTED_EDGE('',*,*,#11590,.T.);
#11919 = ORIENTED_EDGE('',*,*,#11646,.T.);
#11920 = ORIENTED_EDGE('',*,*,#11921,.F.);
#11921 = EDGE_CURVE('',#11922,#11647,#11924,.T.);
#11922 = VERTEX_POINT('',#11923);
#11923 = CARTESIAN_POINT('',(-3.9,0.325,0.));
#11924 = LINE('',#11925,#11926);
#11925 = CARTESIAN_POINT('',(-3.9,0.325,0.));
#11926 = VECTOR('',#11927,1.);
#11927 = DIRECTION('',(0.,0.,1.));
#11928 = ORIENTED_EDGE('',*,*,#11929,.F.);
#11929 = EDGE_CURVE('',#11894,#11922,#11930,.T.);
#11930 = LINE('',#11931,#11932);
#11931 = CARTESIAN_POINT('',(-1.225,0.325,0.));
#11932 = VECTOR('',#11933,1.);
#11933 = DIRECTION('',(-1.,1.432165121507E-16,0.));
#11934 = PLANE('',#11935);
#11935 = AXIS2_PLACEMENT_3D('',#11936,#11937,#11938);
#11936 = CARTESIAN_POINT('',(-1.225,0.325,0.));
#11937 = DIRECTION('',(-1.432165121507E-16,-1.,0.));
#11938 = DIRECTION('',(-1.,1.432165121507E-16,0.));
#11939 = ADVANCED_FACE('',(#11940),#11966,.F.);
#11940 = FACE_BOUND('',#11941,.F.);
#11941 = EDGE_LOOP('',(#11942,#11950,#11951,#11952,#11960));
#11942 = ORIENTED_EDGE('',*,*,#11943,.T.);
#11943 = EDGE_CURVE('',#11944,#11787,#11946,.T.);
#11944 = VERTEX_POINT('',#11945);
#11945 = CARTESIAN_POINT('',(3.9,0.325,0.));
#11946 = LINE('',#11947,#11948);
#11947 = CARTESIAN_POINT('',(3.9,0.325,0.));
#11948 = VECTOR('',#11949,1.);
#11949 = DIRECTION('',(0.,0.,1.));
#11950 = ORIENTED_EDGE('',*,*,#11794,.T.);
#11951 = ORIENTED_EDGE('',*,*,#11568,.T.);
#11952 = ORIENTED_EDGE('',*,*,#11953,.F.);
#11953 = EDGE_CURVE('',#11954,#11560,#11956,.T.);
#11954 = VERTEX_POINT('',#11955);
#11955 = CARTESIAN_POINT('',(1.225,0.325,0.));
#11956 = LINE('',#11957,#11958);
#11957 = CARTESIAN_POINT('',(1.225,0.325,0.));
#11958 = VECTOR('',#11959,1.);
#11959 = DIRECTION('',(0.,0.,1.));
#11960 = ORIENTED_EDGE('',*,*,#11961,.F.);
#11961 = EDGE_CURVE('',#11944,#11954,#11962,.T.);
#11962 = LINE('',#11963,#11964);
#11963 = CARTESIAN_POINT('',(3.9,0.325,0.));
#11964 = VECTOR('',#11965,1.);
#11965 = DIRECTION('',(-1.,2.449293598295E-16,0.));
#11966 = PLANE('',#11967);
#11967 = AXIS2_PLACEMENT_3D('',#11968,#11969,#11970);
#11968 = CARTESIAN_POINT('',(3.9,0.325,0.));
#11969 = DIRECTION('',(-2.449293598295E-16,-1.,0.));
#11970 = DIRECTION('',(-1.,2.449293598295E-16,0.));
#11971 = ADVANCED_FACE('',(#11972),#11991,.T.);
#11972 = FACE_BOUND('',#11973,.T.);
#11973 = EDGE_LOOP('',(#11974,#11983,#11989,#11990));
#11974 = ORIENTED_EDGE('',*,*,#11975,.T.);
#11975 = EDGE_CURVE('',#11954,#11976,#11978,.T.);
#11976 = VERTEX_POINT('',#11977);
#11977 = CARTESIAN_POINT('',(1.225,-0.325,0.));
#11978 = CIRCLE('',#11979,0.325);
#11979 = AXIS2_PLACEMENT_3D('',#11980,#11981,#11982);
#11980 = CARTESIAN_POINT('',(1.225,-3.000384657911E-16,0.));
#11981 = DIRECTION('',(0.,-0.,1.));
#11982 = DIRECTION('',(9.281435288296E-16,1.,0.));
#11983 = ORIENTED_EDGE('',*,*,#11984,.T.);
#11984 = EDGE_CURVE('',#11976,#11552,#11985,.T.);
#11985 = LINE('',#11986,#11987);
#11986 = CARTESIAN_POINT('',(1.225,-0.325,0.));
#11987 = VECTOR('',#11988,1.);
#11988 = DIRECTION('',(0.,0.,1.));
#11989 = ORIENTED_EDGE('',*,*,#11559,.F.);
#11990 = ORIENTED_EDGE('',*,*,#11953,.F.);
#11991 = CYLINDRICAL_SURFACE('',#11992,0.325);
#11992 = AXIS2_PLACEMENT_3D('',#11993,#11994,#11995);
#11993 = CARTESIAN_POINT('',(1.225,-3.000384657911E-16,0.));
#11994 = DIRECTION('',(-0.,0.,-1.));
#11995 = DIRECTION('',(9.281435288296E-16,1.,0.));
#11996 = ADVANCED_FACE('',(#11997),#12016,.F.);
#11997 = FACE_BOUND('',#11998,.F.);
#11998 = EDGE_LOOP('',(#11999,#12000,#12001,#12002,#12010));
#11999 = ORIENTED_EDGE('',*,*,#11984,.T.);
#12000 = ORIENTED_EDGE('',*,*,#11551,.T.);
#12001 = ORIENTED_EDGE('',*,*,#11778,.T.);
#12002 = ORIENTED_EDGE('',*,*,#12003,.F.);
#12003 = EDGE_CURVE('',#12004,#11779,#12006,.T.);
#12004 = VERTEX_POINT('',#12005);
#12005 = CARTESIAN_POINT('',(3.9,-0.325,0.));
#12006 = LINE('',#12007,#12008);
#12007 = CARTESIAN_POINT('',(3.9,-0.325,0.));
#12008 = VECTOR('',#12009,1.);
#12009 = DIRECTION('',(0.,0.,1.));
#12010 = ORIENTED_EDGE('',*,*,#12011,.F.);
#12011 = EDGE_CURVE('',#11976,#12004,#12012,.T.);
#12012 = LINE('',#12013,#12014);
#12013 = CARTESIAN_POINT('',(1.225,-0.325,0.));
#12014 = VECTOR('',#12015,1.);
#12015 = DIRECTION('',(1.,-2.656811920655E-16,0.));
#12016 = PLANE('',#12017);
#12017 = AXIS2_PLACEMENT_3D('',#12018,#12019,#12020);
#12018 = CARTESIAN_POINT('',(1.225,-0.325,0.));
#12019 = DIRECTION('',(2.656811920655E-16,1.,0.));
#12020 = DIRECTION('',(1.,-2.656811920655E-16,0.));
#12021 = ADVANCED_FACE('',(#12022),#12033,.F.);
#12022 = FACE_BOUND('',#12023,.F.);
#12023 = EDGE_LOOP('',(#12024,#12025,#12026,#12027));
#12024 = ORIENTED_EDGE('',*,*,#11921,.T.);
#12025 = ORIENTED_EDGE('',*,*,#11654,.T.);
#12026 = ORIENTED_EDGE('',*,*,#11861,.F.);
#12027 = ORIENTED_EDGE('',*,*,#12028,.F.);
#12028 = EDGE_CURVE('',#11922,#11862,#12029,.T.);
#12029 = LINE('',#12030,#12031);
#12030 = CARTESIAN_POINT('',(-3.9,0.325,0.));
#12031 = VECTOR('',#12032,1.);
#12032 = DIRECTION('',(-1.224646799147E-16,-1.,0.));
#12033 = PLANE('',#12034);
#12034 = AXIS2_PLACEMENT_3D('',#12035,#12036,#12037);
#12035 = CARTESIAN_POINT('',(-3.9,0.325,0.));
#12036 = DIRECTION('',(1.,-1.224646799147E-16,0.));
#12037 = DIRECTION('',(-1.224646799147E-16,-1.,0.));
#12038 = ADVANCED_FACE('',(#12039),#12050,.F.);
#12039 = FACE_BOUND('',#12040,.F.);
#12040 = EDGE_LOOP('',(#12041,#12042,#12043,#12044));
#12041 = ORIENTED_EDGE('',*,*,#12003,.T.);
#12042 = ORIENTED_EDGE('',*,*,#11786,.T.);
#12043 = ORIENTED_EDGE('',*,*,#11943,.F.);
#12044 = ORIENTED_EDGE('',*,*,#12045,.F.);
#12045 = EDGE_CURVE('',#12004,#11944,#12046,.T.);
#12046 = LINE('',#12047,#12048);
#12047 = CARTESIAN_POINT('',(3.9,-0.325,0.));
#12048 = VECTOR('',#12049,1.);
#12049 = DIRECTION('',(2.449293598295E-16,1.,0.));
#12050 = PLANE('',#12051);
#12051 = AXIS2_PLACEMENT_3D('',#12052,#12053,#12054);
#12052 = CARTESIAN_POINT('',(3.9,-0.325,0.));
#12053 = DIRECTION('',(-1.,2.449293598295E-16,0.));
#12054 = DIRECTION('',(2.449293598295E-16,1.,0.));
#12055 = ADVANCED_FACE('',(#12056),#12098,.T.);
#12056 = FACE_BOUND('',#12057,.T.);
#12057 = EDGE_LOOP('',(#12058,#12069,#12090,#12091));
#12058 = ORIENTED_EDGE('',*,*,#12059,.T.);
#12059 = EDGE_CURVE('',#12060,#12062,#12064,.T.);
#12060 = VERTEX_POINT('',#12061);
#12061 = CARTESIAN_POINT('',(-2.73,3.343285761672E-16,5.8));
#12062 = VERTEX_POINT('',#12063);
#12063 = CARTESIAN_POINT('',(0.945,2.561225292707,5.8));
#12064 = CIRCLE('',#12065,2.73);
#12065 = AXIS2_PLACEMENT_3D('',#12066,#12067,#12068);
#12066 = CARTESIAN_POINT('',(0.,0.,5.8));
#12067 = DIRECTION('',(0.,0.,-1.));
#12068 = DIRECTION('',(-1.,1.224646799147E-16,0.));
#12069 = ORIENTED_EDGE('',*,*,#12070,.F.);
#12070 = EDGE_CURVE('',#11819,#12062,#12071,.T.);
#12071 = B_SPLINE_CURVE_WITH_KNOTS('',5,(#12072,#12073,#12074,#12075,
    #12076,#12077,#12078,#12079,#12080,#12081,#12082,#12083,#12084,
    #12085,#12086,#12087,#12088,#12089),.UNSPECIFIED.,.F.,.F.,(6,4,4,4,6
    ),(0.,0.249577466955,0.497599275591,0.74730978514,1.),
  .UNSPECIFIED.);
#12072 = CARTESIAN_POINT('',(0.945,3.004908484463,5.38));
#12073 = CARTESIAN_POINT('',(0.945,3.00490848098,5.413228015972));
#12074 = CARTESIAN_POINT('',(0.945,3.001463821946,5.446456730622));
#12075 = CARTESIAN_POINT('',(0.945,2.994574119979,5.479237505919));
#12076 = CARTESIAN_POINT('',(0.945,2.984338296282,5.511126992482));
#12077 = CARTESIAN_POINT('',(0.945,2.957631160106,5.572127049006));
#12078 = CARTESIAN_POINT('',(0.945,2.941198599864,5.601254840031));
#12079 = CARTESIAN_POINT('',(0.945,2.921827872491,5.628710244247));
#12080 = CARTESIAN_POINT('',(0.945,2.899782785018,5.654145479611));
#12081 = CARTESIAN_POINT('',(0.945,2.850815155175,5.700572655349));
#12082 = CARTESIAN_POINT('',(0.945,2.823859719074,5.72153380299));
#12083 = CARTESIAN_POINT('',(0.945,2.794840653888,5.73987747649));
#12084 = CARTESIAN_POINT('',(0.945,2.764133571656,5.755390822856));
#12085 = CARTESIAN_POINT('',(0.945,2.699757531029,5.780632446489));
#12086 = CARTESIAN_POINT('',(0.945,2.666057065744,5.790289667083));
#12087 = CARTESIAN_POINT('',(0.945,2.631447275386,5.796766294835));
#12088 = CARTESIAN_POINT('',(0.945,2.596359892027,5.799999996714));
#12089 = CARTESIAN_POINT('',(0.945,2.561225292707,5.8));
#12090 = ORIENTED_EDGE('',*,*,#11818,.F.);
#12091 = ORIENTED_EDGE('',*,*,#12092,.T.);
#12092 = EDGE_CURVE('',#11811,#12060,#12093,.T.);
#12093 = CIRCLE('',#12094,0.42);
#12094 = AXIS2_PLACEMENT_3D('',#12095,#12096,#12097);
#12095 = CARTESIAN_POINT('',(-2.73,3.343285761672E-16,5.38));
#12096 = DIRECTION('',(1.224646799147E-16,1.,-0.));
#12097 = DIRECTION('',(-1.,1.224646799147E-16,0.));
#12098 = TOROIDAL_SURFACE('',#12099,2.73,0.42);
#12099 = AXIS2_PLACEMENT_3D('',#12100,#12101,#12102);
#12100 = CARTESIAN_POINT('',(0.,0.,5.38));
#12101 = DIRECTION('',(0.,0.,1.));
#12102 = DIRECTION('',(-1.,1.224646799147E-16,0.));
#12103 = ADVANCED_FACE('',(#12104),#12139,.T.);
#12104 = FACE_BOUND('',#12105,.T.);
#12105 = EDGE_LOOP('',(#12106,#12115,#12136,#12137,#12138));
#12106 = ORIENTED_EDGE('',*,*,#12107,.T.);
#12107 = EDGE_CURVE('',#12062,#12108,#12110,.T.);
#12108 = VERTEX_POINT('',#12109);
#12109 = CARTESIAN_POINT('',(0.945,-2.561225292707,5.8));
#12110 = CIRCLE('',#12111,2.73);
#12111 = AXIS2_PLACEMENT_3D('',#12112,#12113,#12114);
#12112 = CARTESIAN_POINT('',(0.,0.,5.8));
#12113 = DIRECTION('',(0.,0.,-1.));
#12114 = DIRECTION('',(-1.,1.224646799147E-16,0.));
#12115 = ORIENTED_EDGE('',*,*,#12116,.F.);
#12116 = EDGE_CURVE('',#11837,#12108,#12117,.T.);
#12117 = B_SPLINE_CURVE_WITH_KNOTS('',5,(#12118,#12119,#12120,#12121,
    #12122,#12123,#12124,#12125,#12126,#12127,#12128,#12129,#12130,
    #12131,#12132,#12133,#12134,#12135),.UNSPECIFIED.,.F.,.F.,(6,4,4,4,6
    ),(0.,0.249577466959,0.497599275595,0.747309785144,1.),
  .UNSPECIFIED.);
#12118 = CARTESIAN_POINT('',(0.945,-3.004908484463,5.38));
#12119 = CARTESIAN_POINT('',(0.945,-3.00490848098,5.413228015972));
#12120 = CARTESIAN_POINT('',(0.945,-3.001463821946,5.446456730623));
#12121 = CARTESIAN_POINT('',(0.945,-2.994574119979,5.47923750592));
#12122 = CARTESIAN_POINT('',(0.945,-2.984338296281,5.511126992484));
#12123 = CARTESIAN_POINT('',(0.945,-2.957631160105,5.572127049008));
#12124 = CARTESIAN_POINT('',(0.945,-2.941198599863,5.601254840033));
#12125 = CARTESIAN_POINT('',(0.945,-2.921827872489,5.628710244249));
#12126 = CARTESIAN_POINT('',(0.945,-2.899782785017,5.654145479613));
#12127 = CARTESIAN_POINT('',(0.945,-2.850815155173,5.700572655351));
#12128 = CARTESIAN_POINT('',(0.945,-2.823859719072,5.721533802992));
#12129 = CARTESIAN_POINT('',(0.945,-2.794840653886,5.739877476491));
#12130 = CARTESIAN_POINT('',(0.945,-2.764133571654,5.755390822857));
#12131 = CARTESIAN_POINT('',(0.945,-2.699757531027,5.780632446489));
#12132 = CARTESIAN_POINT('',(0.945,-2.666057065743,5.790289667083));
#12133 = CARTESIAN_POINT('',(0.945,-2.631447275385,5.796766294835));
#12134 = CARTESIAN_POINT('',(0.945,-2.596359892027,5.799999996714));
#12135 = CARTESIAN_POINT('',(0.945,-2.561225292707,5.8));
#12136 = ORIENTED_EDGE('',*,*,#11836,.F.);
#12137 = ORIENTED_EDGE('',*,*,#11827,.F.);
#12138 = ORIENTED_EDGE('',*,*,#12070,.T.);
#12139 = TOROIDAL_SURFACE('',#12140,2.73,0.42);
#12140 = AXIS2_PLACEMENT_3D('',#12141,#12142,#12143);
#12141 = CARTESIAN_POINT('',(0.,0.,5.38));
#12142 = DIRECTION('',(0.,0.,1.));
#12143 = DIRECTION('',(-1.,1.224646799147E-16,0.));
#12144 = ADVANCED_FACE('',(#12145),#12157,.T.);
#12145 = FACE_BOUND('',#12146,.T.);
#12146 = EDGE_LOOP('',(#12147,#12148,#12155,#12156));
#12147 = ORIENTED_EDGE('',*,*,#12116,.T.);
#12148 = ORIENTED_EDGE('',*,*,#12149,.T.);
#12149 = EDGE_CURVE('',#12108,#12060,#12150,.T.);
#12150 = CIRCLE('',#12151,2.73);
#12151 = AXIS2_PLACEMENT_3D('',#12152,#12153,#12154);
#12152 = CARTESIAN_POINT('',(0.,0.,5.8));
#12153 = DIRECTION('',(0.,0.,-1.));
#12154 = DIRECTION('',(-1.,1.224646799147E-16,0.));
#12155 = ORIENTED_EDGE('',*,*,#12092,.F.);
#12156 = ORIENTED_EDGE('',*,*,#11845,.F.);
#12157 = TOROIDAL_SURFACE('',#12158,2.73,0.42);
#12158 = AXIS2_PLACEMENT_3D('',#12159,#12160,#12161);
#12159 = CARTESIAN_POINT('',(0.,0.,5.38));
#12160 = DIRECTION('',(0.,0.,1.));
#12161 = DIRECTION('',(-1.,1.224646799147E-16,0.));
#12162 = ADVANCED_FACE('',(#12163),#12169,.F.);
#12163 = FACE_BOUND('',#12164,.F.);
#12164 = EDGE_LOOP('',(#12165,#12166,#12167,#12168));
#12165 = ORIENTED_EDGE('',*,*,#12028,.T.);
#12166 = ORIENTED_EDGE('',*,*,#11879,.T.);
#12167 = ORIENTED_EDGE('',*,*,#11893,.T.);
#12168 = ORIENTED_EDGE('',*,*,#11929,.T.);
#12169 = PLANE('',#12170);
#12170 = AXIS2_PLACEMENT_3D('',#12171,#12172,#12173);
#12171 = CARTESIAN_POINT('',(-2.47395012666,2.870543344061E-16,0.));
#12172 = DIRECTION('',(0.,0.,1.));
#12173 = DIRECTION('',(-1.,1.224646799147E-16,0.));
#12174 = ADVANCED_FACE('',(#12175),#12181,.F.);
#12175 = FACE_BOUND('',#12176,.F.);
#12176 = EDGE_LOOP('',(#12177,#12178,#12179,#12180));
#12177 = ORIENTED_EDGE('',*,*,#12045,.T.);
#12178 = ORIENTED_EDGE('',*,*,#11961,.T.);
#12179 = ORIENTED_EDGE('',*,*,#11975,.T.);
#12180 = ORIENTED_EDGE('',*,*,#12011,.T.);
#12181 = PLANE('',#12182);
#12182 = AXIS2_PLACEMENT_3D('',#12183,#12184,#12185);
#12183 = CARTESIAN_POINT('',(2.47395012666,-5.900258447925E-16,0.));
#12184 = DIRECTION('',(0.,0.,1.));
#12185 = DIRECTION('',(1.,-2.449293598295E-16,0.));
#12186 = ADVANCED_FACE('',(#12187),#12197,.F.);
#12187 = FACE_BOUND('',#12188,.F.);
#12188 = EDGE_LOOP('',(#12189,#12190,#12191));
#12189 = ORIENTED_EDGE('',*,*,#12149,.T.);
#12190 = ORIENTED_EDGE('',*,*,#12059,.T.);
#12191 = ORIENTED_EDGE('',*,*,#12192,.T.);
#12192 = EDGE_CURVE('',#12062,#12108,#12193,.T.);
#12193 = LINE('',#12194,#12195);
#12194 = CARTESIAN_POINT('',(0.945,3.15,5.8));
#12195 = VECTOR('',#12196,1.);
#12196 = DIRECTION('',(-1.224646799147E-16,-1.,0.));
#12197 = PLANE('',#12198);
#12198 = AXIS2_PLACEMENT_3D('',#12199,#12200,#12201);
#12199 = CARTESIAN_POINT('',(0.,0.,5.8));
#12200 = DIRECTION('',(-0.,0.,-1.));
#12201 = DIRECTION('',(-1.,1.224646799147E-16,0.));
#12202 = ADVANCED_FACE('',(#12203),#12207,.T.);
#12203 = FACE_BOUND('',#12204,.T.);
#12204 = EDGE_LOOP('',(#12205,#12206));
#12205 = ORIENTED_EDGE('',*,*,#12107,.F.);
#12206 = ORIENTED_EDGE('',*,*,#12192,.T.);
#12207 = PLANE('',#12208);
#12208 = AXIS2_PLACEMENT_3D('',#12209,#12210,#12211);
#12209 = CARTESIAN_POINT('',(3.15,3.15,5.8));
#12210 = DIRECTION('',(0.,0.,1.));
#12211 = DIRECTION('',(-1.,1.224646799147E-16,0.));
#12212 = ( GEOMETRIC_REPRESENTATION_CONTEXT(3) 
GLOBAL_UNCERTAINTY_ASSIGNED_CONTEXT((#12216)) 
GLOBAL_UNIT_ASSIGNED_CONTEXT((#12213,#12214,#12215)) 
REPRESENTATION_CONTEXT('Context #1',
  '3D Context with UNIT and UNCERTAINTY') );
#12213 = ( LENGTH_UNIT() NAMED_UNIT(*) SI_UNIT(.MILLI.,.METRE.) );
#12214 = ( NAMED_UNIT(*) PLANE_ANGLE_UNIT() SI_UNIT($,.RADIAN.) );
#12215 = ( NAMED_UNIT(*) SI_UNIT($,.STERADIAN.) SOLID_ANGLE_UNIT() );
#12216 = UNCERTAINTY_MEASURE_WITH_UNIT(LENGTH_MEASURE(1.E-06),#12213,
  'distance_accuracy_value','confusion accuracy');
#12217 = CONTEXT_DEPENDENT_SHAPE_REPRESENTATION(#12218,#12220);
#12218 = ( REPRESENTATION_RELATIONSHIP('','',#10846,#10823) 
REPRESENTATION_RELATIONSHIP_WITH_TRANSFORMATION(#12219) 
SHAPE_REPRESENTATION_RELATIONSHIP() );
#12219 = ITEM_DEFINED_TRANSFORMATION('','',#11,#10824);
#12220 = PRODUCT_DEFINITION_SHAPE('Placement','Placement of an item',
  #12221);
#12221 = NEXT_ASSEMBLY_USAGE_OCCURRENCE('21','=>[0:1:1:13]','',#10818,
  #10841,$);
#12222 = PRODUCT_RELATED_PRODUCT_CATEGORY('part',$,(#10843));
#12223 = CONTEXT_DEPENDENT_SHAPE_REPRESENTATION(#12224,#12226);
#12224 = ( REPRESENTATION_RELATIONSHIP('','',#8421,#10) 
REPRESENTATION_RELATIONSHIP_WITH_TRANSFORMATION(#12225) 
SHAPE_REPRESENTATION_RELATIONSHIP() );
#12225 = ITEM_DEFINED_TRANSFORMATION('','',#11,#79);
#12226 = PRODUCT_DEFINITION_SHAPE('Placement','Placement of an item',
  #12227);
#12227 = NEXT_ASSEMBLY_USAGE_OCCURRENCE('23','R2','',#5,#8416,$);
#12228 = SHAPE_DEFINITION_REPRESENTATION(#12229,#12235);
#12229 = PRODUCT_DEFINITION_SHAPE('','',#12230);
#12230 = PRODUCT_DEFINITION('design','',#12231,#12234);
#12231 = PRODUCT_DEFINITION_FORMATION('','',#12232);
#12232 = PRODUCT('PoseDoll_PD41_Power_revM_PCB',
  'PoseDoll_PD41_Power_revM_PCB','',(#12233));
#12233 = PRODUCT_CONTEXT('',#2,'mechanical');
#12234 = PRODUCT_DEFINITION_CONTEXT('part definition',#2,'design');
#12235 = ADVANCED_BREP_SHAPE_REPRESENTATION('',(#11,#12236),#13430);
#12236 = MANIFOLD_SOLID_BREP('',#12237);
#12237 = CLOSED_SHELL('',(#12238,#12278,#12309,#12340,#12641,#12942,
    #12954,#12971,#12988,#13005,#13027,#13044,#13061,#13073,#13095,
    #13112,#13129,#13141,#13163,#13180,#13197,#13209,#13226,#13243,
    #13260,#13277,#13294,#13311,#13328,#13345,#13362,#13379,#13396,
    #13413));
#12238 = ADVANCED_FACE('',(#12239),#12273,.T.);
#12239 = FACE_BOUND('',#12240,.T.);
#12240 = EDGE_LOOP('',(#12241,#12251,#12259,#12267));
#12241 = ORIENTED_EDGE('',*,*,#12242,.T.);
#12242 = EDGE_CURVE('',#12243,#12245,#12247,.T.);
#12243 = VERTEX_POINT('',#12244);
#12244 = CARTESIAN_POINT('',(20.,-35.,0.));
#12245 = VERTEX_POINT('',#12246);
#12246 = CARTESIAN_POINT('',(20.,-35.,1.51));
#12247 = LINE('',#12248,#12249);
#12248 = CARTESIAN_POINT('',(20.,-35.,0.));
#12249 = VECTOR('',#12250,1.);
#12250 = DIRECTION('',(0.,0.,1.));
#12251 = ORIENTED_EDGE('',*,*,#12252,.T.);
#12252 = EDGE_CURVE('',#12245,#12253,#12255,.T.);
#12253 = VERTEX_POINT('',#12254);
#12254 = CARTESIAN_POINT('',(-20.,-35.,1.51));
#12255 = LINE('',#12256,#12257);
#12256 = CARTESIAN_POINT('',(20.,-35.,1.51));
#12257 = VECTOR('',#12258,1.);
#12258 = DIRECTION('',(-1.,0.,0.));
#12259 = ORIENTED_EDGE('',*,*,#12260,.F.);
#12260 = EDGE_CURVE('',#12261,#12253,#12263,.T.);
#12261 = VERTEX_POINT('',#12262);
#12262 = CARTESIAN_POINT('',(-20.,-35.,0.));
#12263 = LINE('',#12264,#12265);
#12264 = CARTESIAN_POINT('',(-20.,-35.,0.));
#12265 = VECTOR('',#12266,1.);
#12266 = DIRECTION('',(0.,0.,1.));
#12267 = ORIENTED_EDGE('',*,*,#12268,.F.);
#12268 = EDGE_CURVE('',#12243,#12261,#12269,.T.);
#12269 = LINE('',#12270,#12271);
#12270 = CARTESIAN_POINT('',(20.,-35.,0.));
#12271 = VECTOR('',#12272,1.);
#12272 = DIRECTION('',(-1.,0.,0.));
#12273 = PLANE('',#12274);
#12274 = AXIS2_PLACEMENT_3D('',#12275,#12276,#12277);
#12275 = CARTESIAN_POINT('',(20.,-35.,0.));
#12276 = DIRECTION('',(0.,-1.,0.));
#12277 = DIRECTION('',(-1.,0.,0.));
#12278 = ADVANCED_FACE('',(#12279),#12304,.T.);
#12279 = FACE_BOUND('',#12280,.T.);
#12280 = EDGE_LOOP('',(#12281,#12291,#12297,#12298));
#12281 = ORIENTED_EDGE('',*,*,#12282,.T.);
#12282 = EDGE_CURVE('',#12283,#12285,#12287,.T.);
#12283 = VERTEX_POINT('',#12284);
#12284 = CARTESIAN_POINT('',(20.,35.,0.));
#12285 = VERTEX_POINT('',#12286);
#12286 = CARTESIAN_POINT('',(20.,35.,1.51));
#12287 = LINE('',#12288,#12289);
#12288 = CARTESIAN_POINT('',(20.,35.,0.));
#12289 = VECTOR('',#12290,1.);
#12290 = DIRECTION('',(0.,0.,1.));
#12291 = ORIENTED_EDGE('',*,*,#12292,.T.);
#12292 = EDGE_CURVE('',#12285,#12245,#12293,.T.);
#12293 = LINE('',#12294,#12295);
#12294 = CARTESIAN_POINT('',(20.,35.,1.51));
#12295 = VECTOR('',#12296,1.);
#12296 = DIRECTION('',(0.,-1.,0.));
#12297 = ORIENTED_EDGE('',*,*,#12242,.F.);
#12298 = ORIENTED_EDGE('',*,*,#12299,.F.);
#12299 = EDGE_CURVE('',#12283,#12243,#12300,.T.);
#12300 = LINE('',#12301,#12302);
#12301 = CARTESIAN_POINT('',(20.,35.,0.));
#12302 = VECTOR('',#12303,1.);
#12303 = DIRECTION('',(0.,-1.,0.));
#12304 = PLANE('',#12305);
#12305 = AXIS2_PLACEMENT_3D('',#12306,#12307,#12308);
#12306 = CARTESIAN_POINT('',(20.,35.,0.));
#12307 = DIRECTION('',(1.,0.,-0.));
#12308 = DIRECTION('',(0.,-1.,0.));
#12309 = ADVANCED_FACE('',(#12310),#12335,.T.);
#12310 = FACE_BOUND('',#12311,.T.);
#12311 = EDGE_LOOP('',(#12312,#12313,#12321,#12329));
#12312 = ORIENTED_EDGE('',*,*,#12260,.T.);
#12313 = ORIENTED_EDGE('',*,*,#12314,.T.);
#12314 = EDGE_CURVE('',#12253,#12315,#12317,.T.);
#12315 = VERTEX_POINT('',#12316);
#12316 = CARTESIAN_POINT('',(-20.,35.,1.51));
#12317 = LINE('',#12318,#12319);
#12318 = CARTESIAN_POINT('',(-20.,-35.,1.51));
#12319 = VECTOR('',#12320,1.);
#12320 = DIRECTION('',(0.,1.,0.));
#12321 = ORIENTED_EDGE('',*,*,#12322,.F.);
#12322 = EDGE_CURVE('',#12323,#12315,#12325,.T.);
#12323 = VERTEX_POINT('',#12324);
#12324 = CARTESIAN_POINT('',(-20.,35.,0.));
#12325 = LINE('',#12326,#12327);
#12326 = CARTESIAN_POINT('',(-20.,35.,0.));
#12327 = VECTOR('',#12328,1.);
#12328 = DIRECTION('',(0.,0.,1.));
#12329 = ORIENTED_EDGE('',*,*,#12330,.F.);
#12330 = EDGE_CURVE('',#12261,#12323,#12331,.T.);
#12331 = LINE('',#12332,#12333);
#12332 = CARTESIAN_POINT('',(-20.,-35.,0.));
#12333 = VECTOR('',#12334,1.);
#12334 = DIRECTION('',(0.,1.,0.));
#12335 = PLANE('',#12336);
#12336 = AXIS2_PLACEMENT_3D('',#12337,#12338,#12339);
#12337 = CARTESIAN_POINT('',(-20.,-35.,0.));
#12338 = DIRECTION('',(-1.,0.,0.));
#12339 = DIRECTION('',(0.,1.,0.));
#12340 = ADVANCED_FACE('',(#12341,#12352,#12363,#12374,#12385,#12421,
    #12457,#12493,#12504,#12515,#12526,#12537,#12548,#12559,#12570,
    #12581,#12592,#12603,#12614,#12625),#12636,.F.);
#12341 = FACE_BOUND('',#12342,.F.);
#12342 = EDGE_LOOP('',(#12343,#12344,#12345,#12351));
#12343 = ORIENTED_EDGE('',*,*,#12268,.F.);
#12344 = ORIENTED_EDGE('',*,*,#12299,.F.);
#12345 = ORIENTED_EDGE('',*,*,#12346,.F.);
#12346 = EDGE_CURVE('',#12323,#12283,#12347,.T.);
#12347 = LINE('',#12348,#12349);
#12348 = CARTESIAN_POINT('',(-20.,35.,0.));
#12349 = VECTOR('',#12350,1.);
#12350 = DIRECTION('',(1.,0.,0.));
#12351 = ORIENTED_EDGE('',*,*,#12330,.F.);
#12352 = FACE_BOUND('',#12353,.F.);
#12353 = EDGE_LOOP('',(#12354));
#12354 = ORIENTED_EDGE('',*,*,#12355,.T.);
#12355 = EDGE_CURVE('',#12356,#12356,#12358,.T.);
#12356 = VERTEX_POINT('',#12357);
#12357 = CARTESIAN_POINT('',(-17.,-24.1,0.));
#12358 = CIRCLE('',#12359,1.1);
#12359 = AXIS2_PLACEMENT_3D('',#12360,#12361,#12362);
#12360 = CARTESIAN_POINT('',(-17.,-23.,0.));
#12361 = DIRECTION('',(-0.,0.,-1.));
#12362 = DIRECTION('',(-0.,-1.,0.));
#12363 = FACE_BOUND('',#12364,.F.);
#12364 = EDGE_LOOP('',(#12365));
#12365 = ORIENTED_EDGE('',*,*,#12366,.T.);
#12366 = EDGE_CURVE('',#12367,#12367,#12369,.T.);
#12367 = VERTEX_POINT('',#12368);
#12368 = CARTESIAN_POINT('',(-14.,-5.375,0.));
#12369 = CIRCLE('',#12370,0.375);
#12370 = AXIS2_PLACEMENT_3D('',#12371,#12372,#12373);
#12371 = CARTESIAN_POINT('',(-14.,-5.,0.));
#12372 = DIRECTION('',(-0.,0.,-1.));
#12373 = DIRECTION('',(-0.,-1.,0.));
#12374 = FACE_BOUND('',#12375,.F.);
#12375 = EDGE_LOOP('',(#12376));
#12376 = ORIENTED_EDGE('',*,*,#12377,.T.);
#12377 = EDGE_CURVE('',#12378,#12378,#12380,.T.);
#12378 = VERTEX_POINT('',#12379);
#12379 = CARTESIAN_POINT('',(-12.,-5.375,0.));
#12380 = CIRCLE('',#12381,0.375);
#12381 = AXIS2_PLACEMENT_3D('',#12382,#12383,#12384);
#12382 = CARTESIAN_POINT('',(-12.,-5.,0.));
#12383 = DIRECTION('',(-0.,0.,-1.));
#12384 = DIRECTION('',(-0.,-1.,0.));
#12385 = FACE_BOUND('',#12386,.F.);
#12386 = EDGE_LOOP('',(#12387,#12398,#12406,#12415));
#12387 = ORIENTED_EDGE('',*,*,#12388,.T.);
#12388 = EDGE_CURVE('',#12389,#12391,#12393,.T.);
#12389 = VERTEX_POINT('',#12390);
#12390 = CARTESIAN_POINT('',(1.25,-26.8,0.));
#12391 = VERTEX_POINT('',#12392);
#12392 = CARTESIAN_POINT('',(1.25,-27.8,0.));
#12393 = CIRCLE('',#12394,0.5);
#12394 = AXIS2_PLACEMENT_3D('',#12395,#12396,#12397);
#12395 = CARTESIAN_POINT('',(1.25,-27.3,0.));
#12396 = DIRECTION('',(-0.,0.,-1.));
#12397 = DIRECTION('',(-0.,-1.,0.));
#12398 = ORIENTED_EDGE('',*,*,#12399,.T.);
#12399 = EDGE_CURVE('',#12391,#12400,#12402,.T.);
#12400 = VERTEX_POINT('',#12401);
#12401 = CARTESIAN_POINT('',(-1.25,-27.8,0.));
#12402 = LINE('',#12403,#12404);
#12403 = CARTESIAN_POINT('',(-0.625,-27.8,0.));
#12404 = VECTOR('',#12405,1.);
#12405 = DIRECTION('',(-1.,0.,0.));
#12406 = ORIENTED_EDGE('',*,*,#12407,.T.);
#12407 = EDGE_CURVE('',#12400,#12408,#12410,.T.);
#12408 = VERTEX_POINT('',#12409);
#12409 = CARTESIAN_POINT('',(-1.25,-26.8,0.));
#12410 = CIRCLE('',#12411,0.5);
#12411 = AXIS2_PLACEMENT_3D('',#12412,#12413,#12414);
#12412 = CARTESIAN_POINT('',(-1.25,-27.3,0.));
#12413 = DIRECTION('',(-0.,0.,-1.));
#12414 = DIRECTION('',(0.,1.,0.));
#12415 = ORIENTED_EDGE('',*,*,#12416,.T.);
#12416 = EDGE_CURVE('',#12408,#12389,#12417,.T.);
#12417 = LINE('',#12418,#12419);
#12418 = CARTESIAN_POINT('',(0.625,-26.8,0.));
#12419 = VECTOR('',#12420,1.);
#12420 = DIRECTION('',(1.,0.,-0.));
#12421 = FACE_BOUND('',#12422,.F.);
#12422 = EDGE_LOOP('',(#12423,#12434,#12442,#12451));
#12423 = ORIENTED_EDGE('',*,*,#12424,.T.);
#12424 = EDGE_CURVE('',#12425,#12427,#12429,.T.);
#12425 = VERTEX_POINT('',#12426);
#12426 = CARTESIAN_POINT('',(1.25,-20.8,0.));
#12427 = VERTEX_POINT('',#12428);
#12428 = CARTESIAN_POINT('',(1.25,-21.8,0.));
#12429 = CIRCLE('',#12430,0.5);
#12430 = AXIS2_PLACEMENT_3D('',#12431,#12432,#12433);
#12431 = CARTESIAN_POINT('',(1.25,-21.3,0.));
#12432 = DIRECTION('',(-0.,0.,-1.));
#12433 = DIRECTION('',(-0.,-1.,0.));
#12434 = ORIENTED_EDGE('',*,*,#12435,.T.);
#12435 = EDGE_CURVE('',#12427,#12436,#12438,.T.);
#12436 = VERTEX_POINT('',#12437);
#12437 = CARTESIAN_POINT('',(-1.25,-21.8,0.));
#12438 = LINE('',#12439,#12440);
#12439 = CARTESIAN_POINT('',(-0.625,-21.8,0.));
#12440 = VECTOR('',#12441,1.);
#12441 = DIRECTION('',(-1.,0.,0.));
#12442 = ORIENTED_EDGE('',*,*,#12443,.T.);
#12443 = EDGE_CURVE('',#12436,#12444,#12446,.T.);
#12444 = VERTEX_POINT('',#12445);
#12445 = CARTESIAN_POINT('',(-1.25,-20.8,0.));
#12446 = CIRCLE('',#12447,0.5);
#12447 = AXIS2_PLACEMENT_3D('',#12448,#12449,#12450);
#12448 = CARTESIAN_POINT('',(-1.25,-21.3,0.));
#12449 = DIRECTION('',(-0.,0.,-1.));
#12450 = DIRECTION('',(0.,1.,0.));
#12451 = ORIENTED_EDGE('',*,*,#12452,.T.);
#12452 = EDGE_CURVE('',#12444,#12425,#12453,.T.);
#12453 = LINE('',#12454,#12455);
#12454 = CARTESIAN_POINT('',(0.625,-20.8,0.));
#12455 = VECTOR('',#12456,1.);
#12456 = DIRECTION('',(1.,0.,-0.));
#12457 = FACE_BOUND('',#12458,.F.);
#12458 = EDGE_LOOP('',(#12459,#12470,#12478,#12487));
#12459 = ORIENTED_EDGE('',*,*,#12460,.T.);
#12460 = EDGE_CURVE('',#12461,#12463,#12465,.T.);
#12461 = VERTEX_POINT('',#12462);
#12462 = CARTESIAN_POINT('',(4.2,-23.3,0.));
#12463 = VERTEX_POINT('',#12464);
#12464 = CARTESIAN_POINT('',(5.2,-23.3,0.));
#12465 = CIRCLE('',#12466,0.5);
#12466 = AXIS2_PLACEMENT_3D('',#12467,#12468,#12469);
#12467 = CARTESIAN_POINT('',(4.7,-23.3,0.));
#12468 = DIRECTION('',(0.,-0.,-1.));
#12469 = DIRECTION('',(1.,0.,-0.));
#12470 = ORIENTED_EDGE('',*,*,#12471,.T.);
#12471 = EDGE_CURVE('',#12463,#12472,#12474,.T.);
#12472 = VERTEX_POINT('',#12473);
#12473 = CARTESIAN_POINT('',(5.2,-25.3,0.));
#12474 = LINE('',#12475,#12476);
#12475 = CARTESIAN_POINT('',(5.2,-12.65,0.));
#12476 = VECTOR('',#12477,1.);
#12477 = DIRECTION('',(0.,-1.,0.));
#12478 = ORIENTED_EDGE('',*,*,#12479,.T.);
#12479 = EDGE_CURVE('',#12472,#12480,#12482,.T.);
#12480 = VERTEX_POINT('',#12481);
#12481 = CARTESIAN_POINT('',(4.2,-25.3,0.));
#12482 = CIRCLE('',#12483,0.5);
#12483 = AXIS2_PLACEMENT_3D('',#12484,#12485,#12486);
#12484 = CARTESIAN_POINT('',(4.7,-25.3,0.));
#12485 = DIRECTION('',(-0.,0.,-1.));
#12486 = DIRECTION('',(-1.,0.,0.));
#12487 = ORIENTED_EDGE('',*,*,#12488,.T.);
#12488 = EDGE_CURVE('',#12480,#12461,#12489,.T.);
#12489 = LINE('',#12490,#12491);
#12490 = CARTESIAN_POINT('',(4.2,-11.65,0.));
#12491 = VECTOR('',#12492,1.);
#12492 = DIRECTION('',(-0.,1.,0.));
#12493 = FACE_BOUND('',#12494,.F.);
#12494 = EDGE_LOOP('',(#12495));
#12495 = ORIENTED_EDGE('',*,*,#12496,.T.);
#12496 = EDGE_CURVE('',#12497,#12497,#12499,.T.);
#12497 = VERTEX_POINT('',#12498);
#12498 = CARTESIAN_POINT('',(17.,-24.1,0.));
#12499 = CIRCLE('',#12500,1.1);
#12500 = AXIS2_PLACEMENT_3D('',#12501,#12502,#12503);
#12501 = CARTESIAN_POINT('',(17.,-23.,0.));
#12502 = DIRECTION('',(-0.,0.,-1.));
#12503 = DIRECTION('',(-0.,-1.,0.));
#12504 = FACE_BOUND('',#12505,.F.);
#12505 = EDGE_LOOP('',(#12506));
#12506 = ORIENTED_EDGE('',*,*,#12507,.T.);
#12507 = EDGE_CURVE('',#12508,#12508,#12510,.T.);
#12508 = VERTEX_POINT('',#12509);
#12509 = CARTESIAN_POINT('',(12.,-5.375,0.));
#12510 = CIRCLE('',#12511,0.375);
#12511 = AXIS2_PLACEMENT_3D('',#12512,#12513,#12514);
#12512 = CARTESIAN_POINT('',(12.,-5.,0.));
#12513 = DIRECTION('',(-0.,0.,-1.));
#12514 = DIRECTION('',(-0.,-1.,0.));
#12515 = FACE_BOUND('',#12516,.F.);
#12516 = EDGE_LOOP('',(#12517));
#12517 = ORIENTED_EDGE('',*,*,#12518,.T.);
#12518 = EDGE_CURVE('',#12519,#12519,#12521,.T.);
#12519 = VERTEX_POINT('',#12520);
#12520 = CARTESIAN_POINT('',(14.,-5.375,0.));
#12521 = CIRCLE('',#12522,0.375);
#12522 = AXIS2_PLACEMENT_3D('',#12523,#12524,#12525);
#12523 = CARTESIAN_POINT('',(14.,-5.,0.));
#12524 = DIRECTION('',(-0.,0.,-1.));
#12525 = DIRECTION('',(-0.,-1.,0.));
#12526 = FACE_BOUND('',#12527,.F.);
#12527 = EDGE_LOOP('',(#12528));
#12528 = ORIENTED_EDGE('',*,*,#12529,.T.);
#12529 = EDGE_CURVE('',#12530,#12530,#12532,.T.);
#12530 = VERTEX_POINT('',#12531);
#12531 = CARTESIAN_POINT('',(-14.,9.625,0.));
#12532 = CIRCLE('',#12533,0.375);
#12533 = AXIS2_PLACEMENT_3D('',#12534,#12535,#12536);
#12534 = CARTESIAN_POINT('',(-14.,10.,0.));
#12535 = DIRECTION('',(-0.,0.,-1.));
#12536 = DIRECTION('',(-0.,-1.,0.));
#12537 = FACE_BOUND('',#12538,.F.);
#12538 = EDGE_LOOP('',(#12539));
#12539 = ORIENTED_EDGE('',*,*,#12540,.T.);
#12540 = EDGE_CURVE('',#12541,#12541,#12543,.T.);
#12541 = VERTEX_POINT('',#12542);
#12542 = CARTESIAN_POINT('',(-12.,9.625,0.));
#12543 = CIRCLE('',#12544,0.375);
#12544 = AXIS2_PLACEMENT_3D('',#12545,#12546,#12547);
#12545 = CARTESIAN_POINT('',(-12.,10.,0.));
#12546 = DIRECTION('',(-0.,0.,-1.));
#12547 = DIRECTION('',(-0.,-1.,0.));
#12548 = FACE_BOUND('',#12549,.F.);
#12549 = EDGE_LOOP('',(#12550));
#12550 = ORIENTED_EDGE('',*,*,#12551,.T.);
#12551 = EDGE_CURVE('',#12552,#12552,#12554,.T.);
#12552 = VERTEX_POINT('',#12553);
#12553 = CARTESIAN_POINT('',(-14.,24.625,0.));
#12554 = CIRCLE('',#12555,0.375);
#12555 = AXIS2_PLACEMENT_3D('',#12556,#12557,#12558);
#12556 = CARTESIAN_POINT('',(-14.,25.,0.));
#12557 = DIRECTION('',(-0.,0.,-1.));
#12558 = DIRECTION('',(-0.,-1.,0.));
#12559 = FACE_BOUND('',#12560,.F.);
#12560 = EDGE_LOOP('',(#12561));
#12561 = ORIENTED_EDGE('',*,*,#12562,.T.);
#12562 = EDGE_CURVE('',#12563,#12563,#12565,.T.);
#12563 = VERTEX_POINT('',#12564);
#12564 = CARTESIAN_POINT('',(-12.,24.625,0.));
#12565 = CIRCLE('',#12566,0.375);
#12566 = AXIS2_PLACEMENT_3D('',#12567,#12568,#12569);
#12567 = CARTESIAN_POINT('',(-12.,25.,0.));
#12568 = DIRECTION('',(-0.,0.,-1.));
#12569 = DIRECTION('',(-0.,-1.,0.));
#12570 = FACE_BOUND('',#12571,.F.);
#12571 = EDGE_LOOP('',(#12572));
#12572 = ORIENTED_EDGE('',*,*,#12573,.T.);
#12573 = EDGE_CURVE('',#12574,#12574,#12576,.T.);
#12574 = VERTEX_POINT('',#12575);
#12575 = CARTESIAN_POINT('',(-17.,30.9,0.));
#12576 = CIRCLE('',#12577,1.1);
#12577 = AXIS2_PLACEMENT_3D('',#12578,#12579,#12580);
#12578 = CARTESIAN_POINT('',(-17.,32.,0.));
#12579 = DIRECTION('',(-0.,0.,-1.));
#12580 = DIRECTION('',(-0.,-1.,0.));
#12581 = FACE_BOUND('',#12582,.F.);
#12582 = EDGE_LOOP('',(#12583));
#12583 = ORIENTED_EDGE('',*,*,#12584,.T.);
#12584 = EDGE_CURVE('',#12585,#12585,#12587,.T.);
#12585 = VERTEX_POINT('',#12586);
#12586 = CARTESIAN_POINT('',(12.,9.625,0.));
#12587 = CIRCLE('',#12588,0.375);
#12588 = AXIS2_PLACEMENT_3D('',#12589,#12590,#12591);
#12589 = CARTESIAN_POINT('',(12.,10.,0.));
#12590 = DIRECTION('',(-0.,0.,-1.));
#12591 = DIRECTION('',(-0.,-1.,0.));
#12592 = FACE_BOUND('',#12593,.F.);
#12593 = EDGE_LOOP('',(#12594));
#12594 = ORIENTED_EDGE('',*,*,#12595,.T.);
#12595 = EDGE_CURVE('',#12596,#12596,#12598,.T.);
#12596 = VERTEX_POINT('',#12597);
#12597 = CARTESIAN_POINT('',(14.,9.625,0.));
#12598 = CIRCLE('',#12599,0.375);
#12599 = AXIS2_PLACEMENT_3D('',#12600,#12601,#12602);
#12600 = CARTESIAN_POINT('',(14.,10.,0.));
#12601 = DIRECTION('',(-0.,0.,-1.));
#12602 = DIRECTION('',(-0.,-1.,0.));
#12603 = FACE_BOUND('',#12604,.F.);
#12604 = EDGE_LOOP('',(#12605));
#12605 = ORIENTED_EDGE('',*,*,#12606,.T.);
#12606 = EDGE_CURVE('',#12607,#12607,#12609,.T.);
#12607 = VERTEX_POINT('',#12608);
#12608 = CARTESIAN_POINT('',(12.,24.625,0.));
#12609 = CIRCLE('',#12610,0.375);
#12610 = AXIS2_PLACEMENT_3D('',#12611,#12612,#12613);
#12611 = CARTESIAN_POINT('',(12.,25.,0.));
#12612 = DIRECTION('',(-0.,0.,-1.));
#12613 = DIRECTION('',(-0.,-1.,0.));
#12614 = FACE_BOUND('',#12615,.F.);
#12615 = EDGE_LOOP('',(#12616));
#12616 = ORIENTED_EDGE('',*,*,#12617,.T.);
#12617 = EDGE_CURVE('',#12618,#12618,#12620,.T.);
#12618 = VERTEX_POINT('',#12619);
#12619 = CARTESIAN_POINT('',(14.,24.625,0.));
#12620 = CIRCLE('',#12621,0.375);
#12621 = AXIS2_PLACEMENT_3D('',#12622,#12623,#12624);
#12622 = CARTESIAN_POINT('',(14.,25.,0.));
#12623 = DIRECTION('',(-0.,0.,-1.));
#12624 = DIRECTION('',(-0.,-1.,0.));
#12625 = FACE_BOUND('',#12626,.F.);
#12626 = EDGE_LOOP('',(#12627));
#12627 = ORIENTED_EDGE('',*,*,#12628,.T.);
#12628 = EDGE_CURVE('',#12629,#12629,#12631,.T.);
#12629 = VERTEX_POINT('',#12630);
#12630 = CARTESIAN_POINT('',(17.,30.9,0.));
#12631 = CIRCLE('',#12632,1.1);
#12632 = AXIS2_PLACEMENT_3D('',#12633,#12634,#12635);
#12633 = CARTESIAN_POINT('',(17.,32.,0.));
#12634 = DIRECTION('',(-0.,0.,-1.));
#12635 = DIRECTION('',(-0.,-1.,0.));
#12636 = PLANE('',#12637);
#12637 = AXIS2_PLACEMENT_3D('',#12638,#12639,#12640);
#12638 = CARTESIAN_POINT('',(0.,0.,0.));
#12639 = DIRECTION('',(0.,0.,1.));
#12640 = DIRECTION('',(1.,0.,-0.));
#12641 = ADVANCED_FACE('',(#12642,#12653,#12664,#12675,#12686,#12722,
    #12758,#12794,#12805,#12816,#12827,#12838,#12849,#12860,#12871,
    #12882,#12893,#12904,#12915,#12926),#12937,.T.);
#12642 = FACE_BOUND('',#12643,.T.);
#12643 = EDGE_LOOP('',(#12644,#12645,#12646,#12652));
#12644 = ORIENTED_EDGE('',*,*,#12252,.F.);
#12645 = ORIENTED_EDGE('',*,*,#12292,.F.);
#12646 = ORIENTED_EDGE('',*,*,#12647,.F.);
#12647 = EDGE_CURVE('',#12315,#12285,#12648,.T.);
#12648 = LINE('',#12649,#12650);
#12649 = CARTESIAN_POINT('',(-20.,35.,1.51));
#12650 = VECTOR('',#12651,1.);
#12651 = DIRECTION('',(1.,0.,0.));
#12652 = ORIENTED_EDGE('',*,*,#12314,.F.);
#12653 = FACE_BOUND('',#12654,.T.);
#12654 = EDGE_LOOP('',(#12655));
#12655 = ORIENTED_EDGE('',*,*,#12656,.T.);
#12656 = EDGE_CURVE('',#12657,#12657,#12659,.T.);
#12657 = VERTEX_POINT('',#12658);
#12658 = CARTESIAN_POINT('',(-17.,-24.1,1.51));
#12659 = CIRCLE('',#12660,1.1);
#12660 = AXIS2_PLACEMENT_3D('',#12661,#12662,#12663);
#12661 = CARTESIAN_POINT('',(-17.,-23.,1.51));
#12662 = DIRECTION('',(-0.,0.,-1.));
#12663 = DIRECTION('',(-0.,-1.,0.));
#12664 = FACE_BOUND('',#12665,.T.);
#12665 = EDGE_LOOP('',(#12666));
#12666 = ORIENTED_EDGE('',*,*,#12667,.T.);
#12667 = EDGE_CURVE('',#12668,#12668,#12670,.T.);
#12668 = VERTEX_POINT('',#12669);
#12669 = CARTESIAN_POINT('',(-14.,-5.375,1.51));
#12670 = CIRCLE('',#12671,0.375);
#12671 = AXIS2_PLACEMENT_3D('',#12672,#12673,#12674);
#12672 = CARTESIAN_POINT('',(-14.,-5.,1.51));
#12673 = DIRECTION('',(-0.,0.,-1.));
#12674 = DIRECTION('',(-0.,-1.,0.));
#12675 = FACE_BOUND('',#12676,.T.);
#12676 = EDGE_LOOP('',(#12677));
#12677 = ORIENTED_EDGE('',*,*,#12678,.T.);
#12678 = EDGE_CURVE('',#12679,#12679,#12681,.T.);
#12679 = VERTEX_POINT('',#12680);
#12680 = CARTESIAN_POINT('',(-12.,-5.375,1.51));
#12681 = CIRCLE('',#12682,0.375);
#12682 = AXIS2_PLACEMENT_3D('',#12683,#12684,#12685);
#12683 = CARTESIAN_POINT('',(-12.,-5.,1.51));
#12684 = DIRECTION('',(-0.,0.,-1.));
#12685 = DIRECTION('',(-0.,-1.,0.));
#12686 = FACE_BOUND('',#12687,.T.);
#12687 = EDGE_LOOP('',(#12688,#12699,#12707,#12716));
#12688 = ORIENTED_EDGE('',*,*,#12689,.T.);
#12689 = EDGE_CURVE('',#12690,#12692,#12694,.T.);
#12690 = VERTEX_POINT('',#12691);
#12691 = CARTESIAN_POINT('',(1.25,-26.8,1.51));
#12692 = VERTEX_POINT('',#12693);
#12693 = CARTESIAN_POINT('',(1.25,-27.8,1.51));
#12694 = CIRCLE('',#12695,0.5);
#12695 = AXIS2_PLACEMENT_3D('',#12696,#12697,#12698);
#12696 = CARTESIAN_POINT('',(1.25,-27.3,1.51));
#12697 = DIRECTION('',(-0.,0.,-1.));
#12698 = DIRECTION('',(-0.,-1.,0.));
#12699 = ORIENTED_EDGE('',*,*,#12700,.T.);
#12700 = EDGE_CURVE('',#12692,#12701,#12703,.T.);
#12701 = VERTEX_POINT('',#12702);
#12702 = CARTESIAN_POINT('',(-1.25,-27.8,1.51));
#12703 = LINE('',#12704,#12705);
#12704 = CARTESIAN_POINT('',(-0.625,-27.8,1.51));
#12705 = VECTOR('',#12706,1.);
#12706 = DIRECTION('',(-1.,0.,0.));
#12707 = ORIENTED_EDGE('',*,*,#12708,.T.);
#12708 = EDGE_CURVE('',#12701,#12709,#12711,.T.);
#12709 = VERTEX_POINT('',#12710);
#12710 = CARTESIAN_POINT('',(-1.25,-26.8,1.51));
#12711 = CIRCLE('',#12712,0.5);
#12712 = AXIS2_PLACEMENT_3D('',#12713,#12714,#12715);
#12713 = CARTESIAN_POINT('',(-1.25,-27.3,1.51));
#12714 = DIRECTION('',(-0.,0.,-1.));
#12715 = DIRECTION('',(0.,1.,0.));
#12716 = ORIENTED_EDGE('',*,*,#12717,.T.);
#12717 = EDGE_CURVE('',#12709,#12690,#12718,.T.);
#12718 = LINE('',#12719,#12720);
#12719 = CARTESIAN_POINT('',(0.625,-26.8,1.51));
#12720 = VECTOR('',#12721,1.);
#12721 = DIRECTION('',(1.,0.,-0.));
#12722 = FACE_BOUND('',#12723,.T.);
#12723 = EDGE_LOOP('',(#12724,#12735,#12743,#12752));
#12724 = ORIENTED_EDGE('',*,*,#12725,.T.);
#12725 = EDGE_CURVE('',#12726,#12728,#12730,.T.);
#12726 = VERTEX_POINT('',#12727);
#12727 = CARTESIAN_POINT('',(1.25,-20.8,1.51));
#12728 = VERTEX_POINT('',#12729);
#12729 = CARTESIAN_POINT('',(1.25,-21.8,1.51));
#12730 = CIRCLE('',#12731,0.5);
#12731 = AXIS2_PLACEMENT_3D('',#12732,#12733,#12734);
#12732 = CARTESIAN_POINT('',(1.25,-21.3,1.51));
#12733 = DIRECTION('',(-0.,0.,-1.));
#12734 = DIRECTION('',(-0.,-1.,0.));
#12735 = ORIENTED_EDGE('',*,*,#12736,.T.);
#12736 = EDGE_CURVE('',#12728,#12737,#12739,.T.);
#12737 = VERTEX_POINT('',#12738);
#12738 = CARTESIAN_POINT('',(-1.25,-21.8,1.51));
#12739 = LINE('',#12740,#12741);
#12740 = CARTESIAN_POINT('',(-0.625,-21.8,1.51));
#12741 = VECTOR('',#12742,1.);
#12742 = DIRECTION('',(-1.,0.,0.));
#12743 = ORIENTED_EDGE('',*,*,#12744,.T.);
#12744 = EDGE_CURVE('',#12737,#12745,#12747,.T.);
#12745 = VERTEX_POINT('',#12746);
#12746 = CARTESIAN_POINT('',(-1.25,-20.8,1.51));
#12747 = CIRCLE('',#12748,0.5);
#12748 = AXIS2_PLACEMENT_3D('',#12749,#12750,#12751);
#12749 = CARTESIAN_POINT('',(-1.25,-21.3,1.51));
#12750 = DIRECTION('',(-0.,0.,-1.));
#12751 = DIRECTION('',(0.,1.,0.));
#12752 = ORIENTED_EDGE('',*,*,#12753,.T.);
#12753 = EDGE_CURVE('',#12745,#12726,#12754,.T.);
#12754 = LINE('',#12755,#12756);
#12755 = CARTESIAN_POINT('',(0.625,-20.8,1.51));
#12756 = VECTOR('',#12757,1.);
#12757 = DIRECTION('',(1.,0.,-0.));
#12758 = FACE_BOUND('',#12759,.T.);
#12759 = EDGE_LOOP('',(#12760,#12771,#12779,#12788));
#12760 = ORIENTED_EDGE('',*,*,#12761,.T.);
#12761 = EDGE_CURVE('',#12762,#12764,#12766,.T.);
#12762 = VERTEX_POINT('',#12763);
#12763 = CARTESIAN_POINT('',(4.2,-23.3,1.51));
#12764 = VERTEX_POINT('',#12765);
#12765 = CARTESIAN_POINT('',(5.2,-23.3,1.51));
#12766 = CIRCLE('',#12767,0.5);
#12767 = AXIS2_PLACEMENT_3D('',#12768,#12769,#12770);
#12768 = CARTESIAN_POINT('',(4.7,-23.3,1.51));
#12769 = DIRECTION('',(0.,-0.,-1.));
#12770 = DIRECTION('',(1.,0.,-0.));
#12771 = ORIENTED_EDGE('',*,*,#12772,.T.);
#12772 = EDGE_CURVE('',#12764,#12773,#12775,.T.);
#12773 = VERTEX_POINT('',#12774);
#12774 = CARTESIAN_POINT('',(5.2,-25.3,1.51));
#12775 = LINE('',#12776,#12777);
#12776 = CARTESIAN_POINT('',(5.2,-12.65,1.51));
#12777 = VECTOR('',#12778,1.);
#12778 = DIRECTION('',(0.,-1.,0.));
#12779 = ORIENTED_EDGE('',*,*,#12780,.T.);
#12780 = EDGE_CURVE('',#12773,#12781,#12783,.T.);
#12781 = VERTEX_POINT('',#12782);
#12782 = CARTESIAN_POINT('',(4.2,-25.3,1.51));
#12783 = CIRCLE('',#12784,0.5);
#12784 = AXIS2_PLACEMENT_3D('',#12785,#12786,#12787);
#12785 = CARTESIAN_POINT('',(4.7,-25.3,1.51));
#12786 = DIRECTION('',(-0.,0.,-1.));
#12787 = DIRECTION('',(-1.,0.,0.));
#12788 = ORIENTED_EDGE('',*,*,#12789,.T.);
#12789 = EDGE_CURVE('',#12781,#12762,#12790,.T.);
#12790 = LINE('',#12791,#12792);
#12791 = CARTESIAN_POINT('',(4.2,-11.65,1.51));
#12792 = VECTOR('',#12793,1.);
#12793 = DIRECTION('',(-0.,1.,0.));
#12794 = FACE_BOUND('',#12795,.T.);
#12795 = EDGE_LOOP('',(#12796));
#12796 = ORIENTED_EDGE('',*,*,#12797,.T.);
#12797 = EDGE_CURVE('',#12798,#12798,#12800,.T.);
#12798 = VERTEX_POINT('',#12799);
#12799 = CARTESIAN_POINT('',(17.,-24.1,1.51));
#12800 = CIRCLE('',#12801,1.1);
#12801 = AXIS2_PLACEMENT_3D('',#12802,#12803,#12804);
#12802 = CARTESIAN_POINT('',(17.,-23.,1.51));
#12803 = DIRECTION('',(-0.,0.,-1.));
#12804 = DIRECTION('',(-0.,-1.,0.));
#12805 = FACE_BOUND('',#12806,.T.);
#12806 = EDGE_LOOP('',(#12807));
#12807 = ORIENTED_EDGE('',*,*,#12808,.T.);
#12808 = EDGE_CURVE('',#12809,#12809,#12811,.T.);
#12809 = VERTEX_POINT('',#12810);
#12810 = CARTESIAN_POINT('',(12.,-5.375,1.51));
#12811 = CIRCLE('',#12812,0.375);
#12812 = AXIS2_PLACEMENT_3D('',#12813,#12814,#12815);
#12813 = CARTESIAN_POINT('',(12.,-5.,1.51));
#12814 = DIRECTION('',(-0.,0.,-1.));
#12815 = DIRECTION('',(-0.,-1.,0.));
#12816 = FACE_BOUND('',#12817,.T.);
#12817 = EDGE_LOOP('',(#12818));
#12818 = ORIENTED_EDGE('',*,*,#12819,.T.);
#12819 = EDGE_CURVE('',#12820,#12820,#12822,.T.);
#12820 = VERTEX_POINT('',#12821);
#12821 = CARTESIAN_POINT('',(14.,-5.375,1.51));
#12822 = CIRCLE('',#12823,0.375);
#12823 = AXIS2_PLACEMENT_3D('',#12824,#12825,#12826);
#12824 = CARTESIAN_POINT('',(14.,-5.,1.51));
#12825 = DIRECTION('',(-0.,0.,-1.));
#12826 = DIRECTION('',(-0.,-1.,0.));
#12827 = FACE_BOUND('',#12828,.T.);
#12828 = EDGE_LOOP('',(#12829));
#12829 = ORIENTED_EDGE('',*,*,#12830,.T.);
#12830 = EDGE_CURVE('',#12831,#12831,#12833,.T.);
#12831 = VERTEX_POINT('',#12832);
#12832 = CARTESIAN_POINT('',(-14.,9.625,1.51));
#12833 = CIRCLE('',#12834,0.375);
#12834 = AXIS2_PLACEMENT_3D('',#12835,#12836,#12837);
#12835 = CARTESIAN_POINT('',(-14.,10.,1.51));
#12836 = DIRECTION('',(-0.,0.,-1.));
#12837 = DIRECTION('',(-0.,-1.,0.));
#12838 = FACE_BOUND('',#12839,.T.);
#12839 = EDGE_LOOP('',(#12840));
#12840 = ORIENTED_EDGE('',*,*,#12841,.T.);
#12841 = EDGE_CURVE('',#12842,#12842,#12844,.T.);
#12842 = VERTEX_POINT('',#12843);
#12843 = CARTESIAN_POINT('',(-12.,9.625,1.51));
#12844 = CIRCLE('',#12845,0.375);
#12845 = AXIS2_PLACEMENT_3D('',#12846,#12847,#12848);
#12846 = CARTESIAN_POINT('',(-12.,10.,1.51));
#12847 = DIRECTION('',(-0.,0.,-1.));
#12848 = DIRECTION('',(-0.,-1.,0.));
#12849 = FACE_BOUND('',#12850,.T.);
#12850 = EDGE_LOOP('',(#12851));
#12851 = ORIENTED_EDGE('',*,*,#12852,.T.);
#12852 = EDGE_CURVE('',#12853,#12853,#12855,.T.);
#12853 = VERTEX_POINT('',#12854);
#12854 = CARTESIAN_POINT('',(-14.,24.625,1.51));
#12855 = CIRCLE('',#12856,0.375);
#12856 = AXIS2_PLACEMENT_3D('',#12857,#12858,#12859);
#12857 = CARTESIAN_POINT('',(-14.,25.,1.51));
#12858 = DIRECTION('',(-0.,0.,-1.));
#12859 = DIRECTION('',(-0.,-1.,0.));
#12860 = FACE_BOUND('',#12861,.T.);
#12861 = EDGE_LOOP('',(#12862));
#12862 = ORIENTED_EDGE('',*,*,#12863,.T.);
#12863 = EDGE_CURVE('',#12864,#12864,#12866,.T.);
#12864 = VERTEX_POINT('',#12865);
#12865 = CARTESIAN_POINT('',(-12.,24.625,1.51));
#12866 = CIRCLE('',#12867,0.375);
#12867 = AXIS2_PLACEMENT_3D('',#12868,#12869,#12870);
#12868 = CARTESIAN_POINT('',(-12.,25.,1.51));
#12869 = DIRECTION('',(-0.,0.,-1.));
#12870 = DIRECTION('',(-0.,-1.,0.));
#12871 = FACE_BOUND('',#12872,.T.);
#12872 = EDGE_LOOP('',(#12873));
#12873 = ORIENTED_EDGE('',*,*,#12874,.T.);
#12874 = EDGE_CURVE('',#12875,#12875,#12877,.T.);
#12875 = VERTEX_POINT('',#12876);
#12876 = CARTESIAN_POINT('',(-17.,30.9,1.51));
#12877 = CIRCLE('',#12878,1.1);
#12878 = AXIS2_PLACEMENT_3D('',#12879,#12880,#12881);
#12879 = CARTESIAN_POINT('',(-17.,32.,1.51));
#12880 = DIRECTION('',(-0.,0.,-1.));
#12881 = DIRECTION('',(-0.,-1.,0.));
#12882 = FACE_BOUND('',#12883,.T.);
#12883 = EDGE_LOOP('',(#12884));
#12884 = ORIENTED_EDGE('',*,*,#12885,.T.);
#12885 = EDGE_CURVE('',#12886,#12886,#12888,.T.);
#12886 = VERTEX_POINT('',#12887);
#12887 = CARTESIAN_POINT('',(12.,9.625,1.51));
#12888 = CIRCLE('',#12889,0.375);
#12889 = AXIS2_PLACEMENT_3D('',#12890,#12891,#12892);
#12890 = CARTESIAN_POINT('',(12.,10.,1.51));
#12891 = DIRECTION('',(-0.,0.,-1.));
#12892 = DIRECTION('',(-0.,-1.,0.));
#12893 = FACE_BOUND('',#12894,.T.);
#12894 = EDGE_LOOP('',(#12895));
#12895 = ORIENTED_EDGE('',*,*,#12896,.T.);
#12896 = EDGE_CURVE('',#12897,#12897,#12899,.T.);
#12897 = VERTEX_POINT('',#12898);
#12898 = CARTESIAN_POINT('',(14.,9.625,1.51));
#12899 = CIRCLE('',#12900,0.375);
#12900 = AXIS2_PLACEMENT_3D('',#12901,#12902,#12903);
#12901 = CARTESIAN_POINT('',(14.,10.,1.51));
#12902 = DIRECTION('',(-0.,0.,-1.));
#12903 = DIRECTION('',(-0.,-1.,0.));
#12904 = FACE_BOUND('',#12905,.T.);
#12905 = EDGE_LOOP('',(#12906));
#12906 = ORIENTED_EDGE('',*,*,#12907,.T.);
#12907 = EDGE_CURVE('',#12908,#12908,#12910,.T.);
#12908 = VERTEX_POINT('',#12909);
#12909 = CARTESIAN_POINT('',(12.,24.625,1.51));
#12910 = CIRCLE('',#12911,0.375);
#12911 = AXIS2_PLACEMENT_3D('',#12912,#12913,#12914);
#12912 = CARTESIAN_POINT('',(12.,25.,1.51));
#12913 = DIRECTION('',(-0.,0.,-1.));
#12914 = DIRECTION('',(-0.,-1.,0.));
#12915 = FACE_BOUND('',#12916,.T.);
#12916 = EDGE_LOOP('',(#12917));
#12917 = ORIENTED_EDGE('',*,*,#12918,.T.);
#12918 = EDGE_CURVE('',#12919,#12919,#12921,.T.);
#12919 = VERTEX_POINT('',#12920);
#12920 = CARTESIAN_POINT('',(14.,24.625,1.51));
#12921 = CIRCLE('',#12922,0.375);
#12922 = AXIS2_PLACEMENT_3D('',#12923,#12924,#12925);
#12923 = CARTESIAN_POINT('',(14.,25.,1.51));
#12924 = DIRECTION('',(-0.,0.,-1.));
#12925 = DIRECTION('',(-0.,-1.,0.));
#12926 = FACE_BOUND('',#12927,.T.);
#12927 = EDGE_LOOP('',(#12928));
#12928 = ORIENTED_EDGE('',*,*,#12929,.T.);
#12929 = EDGE_CURVE('',#12930,#12930,#12932,.T.);
#12930 = VERTEX_POINT('',#12931);
#12931 = CARTESIAN_POINT('',(17.,30.9,1.51));
#12932 = CIRCLE('',#12933,1.1);
#12933 = AXIS2_PLACEMENT_3D('',#12934,#12935,#12936);
#12934 = CARTESIAN_POINT('',(17.,32.,1.51));
#12935 = DIRECTION('',(-0.,0.,-1.));
#12936 = DIRECTION('',(-0.,-1.,0.));
#12937 = PLANE('',#12938);
#12938 = AXIS2_PLACEMENT_3D('',#12939,#12940,#12941);
#12939 = CARTESIAN_POINT('',(0.,0.,1.51));
#12940 = DIRECTION('',(0.,0.,1.));
#12941 = DIRECTION('',(1.,0.,-0.));
#12942 = ADVANCED_FACE('',(#12943),#12949,.T.);
#12943 = FACE_BOUND('',#12944,.T.);
#12944 = EDGE_LOOP('',(#12945,#12946,#12947,#12948));
#12945 = ORIENTED_EDGE('',*,*,#12322,.T.);
#12946 = ORIENTED_EDGE('',*,*,#12647,.T.);
#12947 = ORIENTED_EDGE('',*,*,#12282,.F.);
#12948 = ORIENTED_EDGE('',*,*,#12346,.F.);
#12949 = PLANE('',#12950);
#12950 = AXIS2_PLACEMENT_3D('',#12951,#12952,#12953);
#12951 = CARTESIAN_POINT('',(-20.,35.,0.));
#12952 = DIRECTION('',(0.,1.,0.));
#12953 = DIRECTION('',(1.,0.,0.));
#12954 = ADVANCED_FACE('',(#12955),#12966,.F.);
#12955 = FACE_BOUND('',#12956,.T.);
#12956 = EDGE_LOOP('',(#12957,#12958,#12964,#12965));
#12957 = ORIENTED_EDGE('',*,*,#12355,.T.);
#12958 = ORIENTED_EDGE('',*,*,#12959,.T.);
#12959 = EDGE_CURVE('',#12356,#12657,#12960,.T.);
#12960 = LINE('',#12961,#12962);
#12961 = CARTESIAN_POINT('',(-17.,-24.1,-4.6E-02));
#12962 = VECTOR('',#12963,1.);
#12963 = DIRECTION('',(0.,0.,1.));
#12964 = ORIENTED_EDGE('',*,*,#12656,.F.);
#12965 = ORIENTED_EDGE('',*,*,#12959,.F.);
#12966 = CYLINDRICAL_SURFACE('',#12967,1.1);
#12967 = AXIS2_PLACEMENT_3D('',#12968,#12969,#12970);
#12968 = CARTESIAN_POINT('',(-17.,-23.,-4.6E-02));
#12969 = DIRECTION('',(-0.,-0.,-1.));
#12970 = DIRECTION('',(-0.,-1.,0.));
#12971 = ADVANCED_FACE('',(#12972),#12983,.F.);
#12972 = FACE_BOUND('',#12973,.T.);
#12973 = EDGE_LOOP('',(#12974,#12975,#12981,#12982));
#12974 = ORIENTED_EDGE('',*,*,#12366,.T.);
#12975 = ORIENTED_EDGE('',*,*,#12976,.T.);
#12976 = EDGE_CURVE('',#12367,#12668,#12977,.T.);
#12977 = LINE('',#12978,#12979);
#12978 = CARTESIAN_POINT('',(-14.,-5.375,-4.6E-02));
#12979 = VECTOR('',#12980,1.);
#12980 = DIRECTION('',(0.,0.,1.));
#12981 = ORIENTED_EDGE('',*,*,#12667,.F.);
#12982 = ORIENTED_EDGE('',*,*,#12976,.F.);
#12983 = CYLINDRICAL_SURFACE('',#12984,0.375);
#12984 = AXIS2_PLACEMENT_3D('',#12985,#12986,#12987);
#12985 = CARTESIAN_POINT('',(-14.,-5.,-4.6E-02));
#12986 = DIRECTION('',(-0.,-0.,-1.));
#12987 = DIRECTION('',(-0.,-1.,0.));
#12988 = ADVANCED_FACE('',(#12989),#13000,.F.);
#12989 = FACE_BOUND('',#12990,.T.);
#12990 = EDGE_LOOP('',(#12991,#12992,#12998,#12999));
#12991 = ORIENTED_EDGE('',*,*,#12377,.T.);
#12992 = ORIENTED_EDGE('',*,*,#12993,.T.);
#12993 = EDGE_CURVE('',#12378,#12679,#12994,.T.);
#12994 = LINE('',#12995,#12996);
#12995 = CARTESIAN_POINT('',(-12.,-5.375,-4.6E-02));
#12996 = VECTOR('',#12997,1.);
#12997 = DIRECTION('',(0.,0.,1.));
#12998 = ORIENTED_EDGE('',*,*,#12678,.F.);
#12999 = ORIENTED_EDGE('',*,*,#12993,.F.);
#13000 = CYLINDRICAL_SURFACE('',#13001,0.375);
#13001 = AXIS2_PLACEMENT_3D('',#13002,#13003,#13004);
#13002 = CARTESIAN_POINT('',(-12.,-5.,-4.6E-02));
#13003 = DIRECTION('',(-0.,-0.,-1.));
#13004 = DIRECTION('',(-0.,-1.,0.));
#13005 = ADVANCED_FACE('',(#13006),#13022,.F.);
#13006 = FACE_BOUND('',#13007,.T.);
#13007 = EDGE_LOOP('',(#13008,#13009,#13015,#13016));
#13008 = ORIENTED_EDGE('',*,*,#12388,.T.);
#13009 = ORIENTED_EDGE('',*,*,#13010,.T.);
#13010 = EDGE_CURVE('',#12391,#12692,#13011,.T.);
#13011 = LINE('',#13012,#13013);
#13012 = CARTESIAN_POINT('',(1.25,-27.8,-4.6E-02));
#13013 = VECTOR('',#13014,1.);
#13014 = DIRECTION('',(0.,0.,1.));
#13015 = ORIENTED_EDGE('',*,*,#12689,.F.);
#13016 = ORIENTED_EDGE('',*,*,#13017,.F.);
#13017 = EDGE_CURVE('',#12389,#12690,#13018,.T.);
#13018 = LINE('',#13019,#13020);
#13019 = CARTESIAN_POINT('',(1.25,-26.8,-4.6E-02));
#13020 = VECTOR('',#13021,1.);
#13021 = DIRECTION('',(0.,0.,1.));
#13022 = CYLINDRICAL_SURFACE('',#13023,0.5);
#13023 = AXIS2_PLACEMENT_3D('',#13024,#13025,#13026);
#13024 = CARTESIAN_POINT('',(1.25,-27.3,-4.6E-02));
#13025 = DIRECTION('',(-0.,-0.,-1.));
#13026 = DIRECTION('',(-0.,-1.,0.));
#13027 = ADVANCED_FACE('',(#13028),#13039,.T.);
#13028 = FACE_BOUND('',#13029,.T.);
#13029 = EDGE_LOOP('',(#13030,#13031,#13032,#13033));
#13030 = ORIENTED_EDGE('',*,*,#12416,.T.);
#13031 = ORIENTED_EDGE('',*,*,#13017,.T.);
#13032 = ORIENTED_EDGE('',*,*,#12717,.F.);
#13033 = ORIENTED_EDGE('',*,*,#13034,.F.);
#13034 = EDGE_CURVE('',#12408,#12709,#13035,.T.);
#13035 = LINE('',#13036,#13037);
#13036 = CARTESIAN_POINT('',(-1.25,-26.8,-4.6E-02));
#13037 = VECTOR('',#13038,1.);
#13038 = DIRECTION('',(0.,0.,1.));
#13039 = PLANE('',#13040);
#13040 = AXIS2_PLACEMENT_3D('',#13041,#13042,#13043);
#13041 = CARTESIAN_POINT('',(1.25,-26.8,-4.6E-02));
#13042 = DIRECTION('',(0.,-1.,0.));
#13043 = DIRECTION('',(-1.,0.,0.));
#13044 = ADVANCED_FACE('',(#13045),#13056,.F.);
#13045 = FACE_BOUND('',#13046,.T.);
#13046 = EDGE_LOOP('',(#13047,#13048,#13049,#13050));
#13047 = ORIENTED_EDGE('',*,*,#12407,.T.);
#13048 = ORIENTED_EDGE('',*,*,#13034,.T.);
#13049 = ORIENTED_EDGE('',*,*,#12708,.F.);
#13050 = ORIENTED_EDGE('',*,*,#13051,.F.);
#13051 = EDGE_CURVE('',#12400,#12701,#13052,.T.);
#13052 = LINE('',#13053,#13054);
#13053 = CARTESIAN_POINT('',(-1.25,-27.8,-4.6E-02));
#13054 = VECTOR('',#13055,1.);
#13055 = DIRECTION('',(0.,0.,1.));
#13056 = CYLINDRICAL_SURFACE('',#13057,0.5);
#13057 = AXIS2_PLACEMENT_3D('',#13058,#13059,#13060);
#13058 = CARTESIAN_POINT('',(-1.25,-27.3,-4.6E-02));
#13059 = DIRECTION('',(-0.,0.,-1.));
#13060 = DIRECTION('',(0.,1.,0.));
#13061 = ADVANCED_FACE('',(#13062),#13068,.T.);
#13062 = FACE_BOUND('',#13063,.T.);
#13063 = EDGE_LOOP('',(#13064,#13065,#13066,#13067));
#13064 = ORIENTED_EDGE('',*,*,#12399,.T.);
#13065 = ORIENTED_EDGE('',*,*,#13051,.T.);
#13066 = ORIENTED_EDGE('',*,*,#12700,.F.);
#13067 = ORIENTED_EDGE('',*,*,#13010,.F.);
#13068 = PLANE('',#13069);
#13069 = AXIS2_PLACEMENT_3D('',#13070,#13071,#13072);
#13070 = CARTESIAN_POINT('',(-1.25,-27.8,-4.6E-02));
#13071 = DIRECTION('',(0.,1.,0.));
#13072 = DIRECTION('',(1.,0.,0.));
#13073 = ADVANCED_FACE('',(#13074),#13090,.F.);
#13074 = FACE_BOUND('',#13075,.T.);
#13075 = EDGE_LOOP('',(#13076,#13077,#13083,#13084));
#13076 = ORIENTED_EDGE('',*,*,#12424,.T.);
#13077 = ORIENTED_EDGE('',*,*,#13078,.T.);
#13078 = EDGE_CURVE('',#12427,#12728,#13079,.T.);
#13079 = LINE('',#13080,#13081);
#13080 = CARTESIAN_POINT('',(1.25,-21.8,-4.6E-02));
#13081 = VECTOR('',#13082,1.);
#13082 = DIRECTION('',(0.,0.,1.));
#13083 = ORIENTED_EDGE('',*,*,#12725,.F.);
#13084 = ORIENTED_EDGE('',*,*,#13085,.F.);
#13085 = EDGE_CURVE('',#12425,#12726,#13086,.T.);
#13086 = LINE('',#13087,#13088);
#13087 = CARTESIAN_POINT('',(1.25,-20.8,-4.6E-02));
#13088 = VECTOR('',#13089,1.);
#13089 = DIRECTION('',(0.,0.,1.));
#13090 = CYLINDRICAL_SURFACE('',#13091,0.5);
#13091 = AXIS2_PLACEMENT_3D('',#13092,#13093,#13094);
#13092 = CARTESIAN_POINT('',(1.25,-21.3,-4.6E-02));
#13093 = DIRECTION('',(-0.,-0.,-1.));
#13094 = DIRECTION('',(-0.,-1.,0.));
#13095 = ADVANCED_FACE('',(#13096),#13107,.T.);
#13096 = FACE_BOUND('',#13097,.T.);
#13097 = EDGE_LOOP('',(#13098,#13099,#13100,#13101));
#13098 = ORIENTED_EDGE('',*,*,#12452,.T.);
#13099 = ORIENTED_EDGE('',*,*,#13085,.T.);
#13100 = ORIENTED_EDGE('',*,*,#12753,.F.);
#13101 = ORIENTED_EDGE('',*,*,#13102,.F.);
#13102 = EDGE_CURVE('',#12444,#12745,#13103,.T.);
#13103 = LINE('',#13104,#13105);
#13104 = CARTESIAN_POINT('',(-1.25,-20.8,-4.6E-02));
#13105 = VECTOR('',#13106,1.);
#13106 = DIRECTION('',(0.,0.,1.));
#13107 = PLANE('',#13108);
#13108 = AXIS2_PLACEMENT_3D('',#13109,#13110,#13111);
#13109 = CARTESIAN_POINT('',(1.25,-20.8,-4.6E-02));
#13110 = DIRECTION('',(0.,-1.,0.));
#13111 = DIRECTION('',(-1.,0.,0.));
#13112 = ADVANCED_FACE('',(#13113),#13124,.F.);
#13113 = FACE_BOUND('',#13114,.T.);
#13114 = EDGE_LOOP('',(#13115,#13116,#13117,#13118));
#13115 = ORIENTED_EDGE('',*,*,#12443,.T.);
#13116 = ORIENTED_EDGE('',*,*,#13102,.T.);
#13117 = ORIENTED_EDGE('',*,*,#12744,.F.);
#13118 = ORIENTED_EDGE('',*,*,#13119,.F.);
#13119 = EDGE_CURVE('',#12436,#12737,#13120,.T.);
#13120 = LINE('',#13121,#13122);
#13121 = CARTESIAN_POINT('',(-1.25,-21.8,-4.6E-02));
#13122 = VECTOR('',#13123,1.);
#13123 = DIRECTION('',(0.,0.,1.));
#13124 = CYLINDRICAL_SURFACE('',#13125,0.5);
#13125 = AXIS2_PLACEMENT_3D('',#13126,#13127,#13128);
#13126 = CARTESIAN_POINT('',(-1.25,-21.3,-4.6E-02));
#13127 = DIRECTION('',(-0.,0.,-1.));
#13128 = DIRECTION('',(0.,1.,0.));
#13129 = ADVANCED_FACE('',(#13130),#13136,.T.);
#13130 = FACE_BOUND('',#13131,.T.);
#13131 = EDGE_LOOP('',(#13132,#13133,#13134,#13135));
#13132 = ORIENTED_EDGE('',*,*,#12435,.T.);
#13133 = ORIENTED_EDGE('',*,*,#13119,.T.);
#13134 = ORIENTED_EDGE('',*,*,#12736,.F.);
#13135 = ORIENTED_EDGE('',*,*,#13078,.F.);
#13136 = PLANE('',#13137);
#13137 = AXIS2_PLACEMENT_3D('',#13138,#13139,#13140);
#13138 = CARTESIAN_POINT('',(-1.25,-21.8,-4.6E-02));
#13139 = DIRECTION('',(0.,1.,0.));
#13140 = DIRECTION('',(1.,0.,0.));
#13141 = ADVANCED_FACE('',(#13142),#13158,.F.);
#13142 = FACE_BOUND('',#13143,.T.);
#13143 = EDGE_LOOP('',(#13144,#13145,#13151,#13152));
#13144 = ORIENTED_EDGE('',*,*,#12460,.T.);
#13145 = ORIENTED_EDGE('',*,*,#13146,.T.);
#13146 = EDGE_CURVE('',#12463,#12764,#13147,.T.);
#13147 = LINE('',#13148,#13149);
#13148 = CARTESIAN_POINT('',(5.2,-23.3,-4.6E-02));
#13149 = VECTOR('',#13150,1.);
#13150 = DIRECTION('',(0.,0.,1.));
#13151 = ORIENTED_EDGE('',*,*,#12761,.F.);
#13152 = ORIENTED_EDGE('',*,*,#13153,.F.);
#13153 = EDGE_CURVE('',#12461,#12762,#13154,.T.);
#13154 = LINE('',#13155,#13156);
#13155 = CARTESIAN_POINT('',(4.2,-23.3,-4.6E-02));
#13156 = VECTOR('',#13157,1.);
#13157 = DIRECTION('',(0.,0.,1.));
#13158 = CYLINDRICAL_SURFACE('',#13159,0.5);
#13159 = AXIS2_PLACEMENT_3D('',#13160,#13161,#13162);
#13160 = CARTESIAN_POINT('',(4.7,-23.3,-4.6E-02));
#13161 = DIRECTION('',(-0.,-0.,-1.));
#13162 = DIRECTION('',(1.,0.,-0.));
#13163 = ADVANCED_FACE('',(#13164),#13175,.T.);
#13164 = FACE_BOUND('',#13165,.T.);
#13165 = EDGE_LOOP('',(#13166,#13167,#13168,#13169));
#13166 = ORIENTED_EDGE('',*,*,#12488,.T.);
#13167 = ORIENTED_EDGE('',*,*,#13153,.T.);
#13168 = ORIENTED_EDGE('',*,*,#12789,.F.);
#13169 = ORIENTED_EDGE('',*,*,#13170,.F.);
#13170 = EDGE_CURVE('',#12480,#12781,#13171,.T.);
#13171 = LINE('',#13172,#13173);
#13172 = CARTESIAN_POINT('',(4.2,-25.3,-4.6E-02));
#13173 = VECTOR('',#13174,1.);
#13174 = DIRECTION('',(0.,0.,1.));
#13175 = PLANE('',#13176);
#13176 = AXIS2_PLACEMENT_3D('',#13177,#13178,#13179);
#13177 = CARTESIAN_POINT('',(4.2,-23.3,-4.6E-02));
#13178 = DIRECTION('',(1.,0.,-0.));
#13179 = DIRECTION('',(0.,-1.,0.));
#13180 = ADVANCED_FACE('',(#13181),#13192,.F.);
#13181 = FACE_BOUND('',#13182,.T.);
#13182 = EDGE_LOOP('',(#13183,#13184,#13185,#13186));
#13183 = ORIENTED_EDGE('',*,*,#12479,.T.);
#13184 = ORIENTED_EDGE('',*,*,#13170,.T.);
#13185 = ORIENTED_EDGE('',*,*,#12780,.F.);
#13186 = ORIENTED_EDGE('',*,*,#13187,.F.);
#13187 = EDGE_CURVE('',#12472,#12773,#13188,.T.);
#13188 = LINE('',#13189,#13190);
#13189 = CARTESIAN_POINT('',(5.2,-25.3,-4.6E-02));
#13190 = VECTOR('',#13191,1.);
#13191 = DIRECTION('',(0.,0.,1.));
#13192 = CYLINDRICAL_SURFACE('',#13193,0.5);
#13193 = AXIS2_PLACEMENT_3D('',#13194,#13195,#13196);
#13194 = CARTESIAN_POINT('',(4.7,-25.3,-4.6E-02));
#13195 = DIRECTION('',(-0.,-0.,-1.));
#13196 = DIRECTION('',(-1.,0.,-0.));
#13197 = ADVANCED_FACE('',(#13198),#13204,.T.);
#13198 = FACE_BOUND('',#13199,.T.);
#13199 = EDGE_LOOP('',(#13200,#13201,#13202,#13203));
#13200 = ORIENTED_EDGE('',*,*,#12471,.T.);
#13201 = ORIENTED_EDGE('',*,*,#13187,.T.);
#13202 = ORIENTED_EDGE('',*,*,#12772,.F.);
#13203 = ORIENTED_EDGE('',*,*,#13146,.F.);
#13204 = PLANE('',#13205);
#13205 = AXIS2_PLACEMENT_3D('',#13206,#13207,#13208);
#13206 = CARTESIAN_POINT('',(5.2,-25.3,-4.6E-02));
#13207 = DIRECTION('',(-1.,0.,0.));
#13208 = DIRECTION('',(0.,1.,0.));
#13209 = ADVANCED_FACE('',(#13210),#13221,.F.);
#13210 = FACE_BOUND('',#13211,.T.);
#13211 = EDGE_LOOP('',(#13212,#13213,#13219,#13220));
#13212 = ORIENTED_EDGE('',*,*,#12496,.T.);
#13213 = ORIENTED_EDGE('',*,*,#13214,.T.);
#13214 = EDGE_CURVE('',#12497,#12798,#13215,.T.);
#13215 = LINE('',#13216,#13217);
#13216 = CARTESIAN_POINT('',(17.,-24.1,-4.6E-02));
#13217 = VECTOR('',#13218,1.);
#13218 = DIRECTION('',(0.,0.,1.));
#13219 = ORIENTED_EDGE('',*,*,#12797,.F.);
#13220 = ORIENTED_EDGE('',*,*,#13214,.F.);
#13221 = CYLINDRICAL_SURFACE('',#13222,1.1);
#13222 = AXIS2_PLACEMENT_3D('',#13223,#13224,#13225);
#13223 = CARTESIAN_POINT('',(17.,-23.,-4.6E-02));
#13224 = DIRECTION('',(-0.,-0.,-1.));
#13225 = DIRECTION('',(-0.,-1.,0.));
#13226 = ADVANCED_FACE('',(#13227),#13238,.F.);
#13227 = FACE_BOUND('',#13228,.T.);
#13228 = EDGE_LOOP('',(#13229,#13230,#13236,#13237));
#13229 = ORIENTED_EDGE('',*,*,#12507,.T.);
#13230 = ORIENTED_EDGE('',*,*,#13231,.T.);
#13231 = EDGE_CURVE('',#12508,#12809,#13232,.T.);
#13232 = LINE('',#13233,#13234);
#13233 = CARTESIAN_POINT('',(12.,-5.375,-4.6E-02));
#13234 = VECTOR('',#13235,1.);
#13235 = DIRECTION('',(0.,0.,1.));
#13236 = ORIENTED_EDGE('',*,*,#12808,.F.);
#13237 = ORIENTED_EDGE('',*,*,#13231,.F.);
#13238 = CYLINDRICAL_SURFACE('',#13239,0.375);
#13239 = AXIS2_PLACEMENT_3D('',#13240,#13241,#13242);
#13240 = CARTESIAN_POINT('',(12.,-5.,-4.6E-02));
#13241 = DIRECTION('',(-0.,-0.,-1.));
#13242 = DIRECTION('',(-0.,-1.,0.));
#13243 = ADVANCED_FACE('',(#13244),#13255,.F.);
#13244 = FACE_BOUND('',#13245,.T.);
#13245 = EDGE_LOOP('',(#13246,#13247,#13253,#13254));
#13246 = ORIENTED_EDGE('',*,*,#12518,.T.);
#13247 = ORIENTED_EDGE('',*,*,#13248,.T.);
#13248 = EDGE_CURVE('',#12519,#12820,#13249,.T.);
#13249 = LINE('',#13250,#13251);
#13250 = CARTESIAN_POINT('',(14.,-5.375,-4.6E-02));
#13251 = VECTOR('',#13252,1.);
#13252 = DIRECTION('',(0.,0.,1.));
#13253 = ORIENTED_EDGE('',*,*,#12819,.F.);
#13254 = ORIENTED_EDGE('',*,*,#13248,.F.);
#13255 = CYLINDRICAL_SURFACE('',#13256,0.375);
#13256 = AXIS2_PLACEMENT_3D('',#13257,#13258,#13259);
#13257 = CARTESIAN_POINT('',(14.,-5.,-4.6E-02));
#13258 = DIRECTION('',(-0.,-0.,-1.));
#13259 = DIRECTION('',(-0.,-1.,0.));
#13260 = ADVANCED_FACE('',(#13261),#13272,.F.);
#13261 = FACE_BOUND('',#13262,.T.);
#13262 = EDGE_LOOP('',(#13263,#13264,#13270,#13271));
#13263 = ORIENTED_EDGE('',*,*,#12529,.T.);
#13264 = ORIENTED_EDGE('',*,*,#13265,.T.);
#13265 = EDGE_CURVE('',#12530,#12831,#13266,.T.);
#13266 = LINE('',#13267,#13268);
#13267 = CARTESIAN_POINT('',(-14.,9.625,-4.6E-02));
#13268 = VECTOR('',#13269,1.);
#13269 = DIRECTION('',(0.,0.,1.));
#13270 = ORIENTED_EDGE('',*,*,#12830,.F.);
#13271 = ORIENTED_EDGE('',*,*,#13265,.F.);
#13272 = CYLINDRICAL_SURFACE('',#13273,0.375);
#13273 = AXIS2_PLACEMENT_3D('',#13274,#13275,#13276);
#13274 = CARTESIAN_POINT('',(-14.,10.,-4.6E-02));
#13275 = DIRECTION('',(-0.,-0.,-1.));
#13276 = DIRECTION('',(-0.,-1.,0.));
#13277 = ADVANCED_FACE('',(#13278),#13289,.F.);
#13278 = FACE_BOUND('',#13279,.T.);
#13279 = EDGE_LOOP('',(#13280,#13281,#13287,#13288));
#13280 = ORIENTED_EDGE('',*,*,#12540,.T.);
#13281 = ORIENTED_EDGE('',*,*,#13282,.T.);
#13282 = EDGE_CURVE('',#12541,#12842,#13283,.T.);
#13283 = LINE('',#13284,#13285);
#13284 = CARTESIAN_POINT('',(-12.,9.625,-4.6E-02));
#13285 = VECTOR('',#13286,1.);
#13286 = DIRECTION('',(0.,0.,1.));
#13287 = ORIENTED_EDGE('',*,*,#12841,.F.);
#13288 = ORIENTED_EDGE('',*,*,#13282,.F.);
#13289 = CYLINDRICAL_SURFACE('',#13290,0.375);
#13290 = AXIS2_PLACEMENT_3D('',#13291,#13292,#13293);
#13291 = CARTESIAN_POINT('',(-12.,10.,-4.6E-02));
#13292 = DIRECTION('',(-0.,-0.,-1.));
#13293 = DIRECTION('',(-0.,-1.,0.));
#13294 = ADVANCED_FACE('',(#13295),#13306,.F.);
#13295 = FACE_BOUND('',#13296,.T.);
#13296 = EDGE_LOOP('',(#13297,#13298,#13304,#13305));
#13297 = ORIENTED_EDGE('',*,*,#12551,.T.);
#13298 = ORIENTED_EDGE('',*,*,#13299,.T.);
#13299 = EDGE_CURVE('',#12552,#12853,#13300,.T.);
#13300 = LINE('',#13301,#13302);
#13301 = CARTESIAN_POINT('',(-14.,24.625,-4.6E-02));
#13302 = VECTOR('',#13303,1.);
#13303 = DIRECTION('',(0.,0.,1.));
#13304 = ORIENTED_EDGE('',*,*,#12852,.F.);
#13305 = ORIENTED_EDGE('',*,*,#13299,.F.);
#13306 = CYLINDRICAL_SURFACE('',#13307,0.375);
#13307 = AXIS2_PLACEMENT_3D('',#13308,#13309,#13310);
#13308 = CARTESIAN_POINT('',(-14.,25.,-4.6E-02));
#13309 = DIRECTION('',(-0.,-0.,-1.));
#13310 = DIRECTION('',(-0.,-1.,0.));
#13311 = ADVANCED_FACE('',(#13312),#13323,.F.);
#13312 = FACE_BOUND('',#13313,.T.);
#13313 = EDGE_LOOP('',(#13314,#13315,#13321,#13322));
#13314 = ORIENTED_EDGE('',*,*,#12562,.T.);
#13315 = ORIENTED_EDGE('',*,*,#13316,.T.);
#13316 = EDGE_CURVE('',#12563,#12864,#13317,.T.);
#13317 = LINE('',#13318,#13319);
#13318 = CARTESIAN_POINT('',(-12.,24.625,-4.6E-02));
#13319 = VECTOR('',#13320,1.);
#13320 = DIRECTION('',(0.,0.,1.));
#13321 = ORIENTED_EDGE('',*,*,#12863,.F.);
#13322 = ORIENTED_EDGE('',*,*,#13316,.F.);
#13323 = CYLINDRICAL_SURFACE('',#13324,0.375);
#13324 = AXIS2_PLACEMENT_3D('',#13325,#13326,#13327);
#13325 = CARTESIAN_POINT('',(-12.,25.,-4.6E-02));
#13326 = DIRECTION('',(-0.,-0.,-1.));
#13327 = DIRECTION('',(-0.,-1.,0.));
#13328 = ADVANCED_FACE('',(#13329),#13340,.F.);
#13329 = FACE_BOUND('',#13330,.T.);
#13330 = EDGE_LOOP('',(#13331,#13332,#13338,#13339));
#13331 = ORIENTED_EDGE('',*,*,#12573,.T.);
#13332 = ORIENTED_EDGE('',*,*,#13333,.T.);
#13333 = EDGE_CURVE('',#12574,#12875,#13334,.T.);
#13334 = LINE('',#13335,#13336);
#13335 = CARTESIAN_POINT('',(-17.,30.9,-4.6E-02));
#13336 = VECTOR('',#13337,1.);
#13337 = DIRECTION('',(0.,0.,1.));
#13338 = ORIENTED_EDGE('',*,*,#12874,.F.);
#13339 = ORIENTED_EDGE('',*,*,#13333,.F.);
#13340 = CYLINDRICAL_SURFACE('',#13341,1.1);
#13341 = AXIS2_PLACEMENT_3D('',#13342,#13343,#13344);
#13342 = CARTESIAN_POINT('',(-17.,32.,-4.6E-02));
#13343 = DIRECTION('',(-0.,-0.,-1.));
#13344 = DIRECTION('',(-0.,-1.,0.));
#13345 = ADVANCED_FACE('',(#13346),#13357,.F.);
#13346 = FACE_BOUND('',#13347,.T.);
#13347 = EDGE_LOOP('',(#13348,#13349,#13355,#13356));
#13348 = ORIENTED_EDGE('',*,*,#12584,.T.);
#13349 = ORIENTED_EDGE('',*,*,#13350,.T.);
#13350 = EDGE_CURVE('',#12585,#12886,#13351,.T.);
#13351 = LINE('',#13352,#13353);
#13352 = CARTESIAN_POINT('',(12.,9.625,-4.6E-02));
#13353 = VECTOR('',#13354,1.);
#13354 = DIRECTION('',(0.,0.,1.));
#13355 = ORIENTED_EDGE('',*,*,#12885,.F.);
#13356 = ORIENTED_EDGE('',*,*,#13350,.F.);
#13357 = CYLINDRICAL_SURFACE('',#13358,0.375);
#13358 = AXIS2_PLACEMENT_3D('',#13359,#13360,#13361);
#13359 = CARTESIAN_POINT('',(12.,10.,-4.6E-02));
#13360 = DIRECTION('',(-0.,-0.,-1.));
#13361 = DIRECTION('',(-0.,-1.,0.));
#13362 = ADVANCED_FACE('',(#13363),#13374,.F.);
#13363 = FACE_BOUND('',#13364,.T.);
#13364 = EDGE_LOOP('',(#13365,#13366,#13372,#13373));
#13365 = ORIENTED_EDGE('',*,*,#12595,.T.);
#13366 = ORIENTED_EDGE('',*,*,#13367,.T.);
#13367 = EDGE_CURVE('',#12596,#12897,#13368,.T.);
#13368 = LINE('',#13369,#13370);
#13369 = CARTESIAN_POINT('',(14.,9.625,-4.6E-02));
#13370 = VECTOR('',#13371,1.);
#13371 = DIRECTION('',(0.,0.,1.));
#13372 = ORIENTED_EDGE('',*,*,#12896,.F.);
#13373 = ORIENTED_EDGE('',*,*,#13367,.F.);
#13374 = CYLINDRICAL_SURFACE('',#13375,0.375);
#13375 = AXIS2_PLACEMENT_3D('',#13376,#13377,#13378);
#13376 = CARTESIAN_POINT('',(14.,10.,-4.6E-02));
#13377 = DIRECTION('',(-0.,-0.,-1.));
#13378 = DIRECTION('',(-0.,-1.,0.));
#13379 = ADVANCED_FACE('',(#13380),#13391,.F.);
#13380 = FACE_BOUND('',#13381,.T.);
#13381 = EDGE_LOOP('',(#13382,#13383,#13389,#13390));
#13382 = ORIENTED_EDGE('',*,*,#12606,.T.);
#13383 = ORIENTED_EDGE('',*,*,#13384,.T.);
#13384 = EDGE_CURVE('',#12607,#12908,#13385,.T.);
#13385 = LINE('',#13386,#13387);
#13386 = CARTESIAN_POINT('',(12.,24.625,-4.6E-02));
#13387 = VECTOR('',#13388,1.);
#13388 = DIRECTION('',(0.,0.,1.));
#13389 = ORIENTED_EDGE('',*,*,#12907,.F.);
#13390 = ORIENTED_EDGE('',*,*,#13384,.F.);
#13391 = CYLINDRICAL_SURFACE('',#13392,0.375);
#13392 = AXIS2_PLACEMENT_3D('',#13393,#13394,#13395);
#13393 = CARTESIAN_POINT('',(12.,25.,-4.6E-02));
#13394 = DIRECTION('',(-0.,-0.,-1.));
#13395 = DIRECTION('',(-0.,-1.,0.));
#13396 = ADVANCED_FACE('',(#13397),#13408,.F.);
#13397 = FACE_BOUND('',#13398,.T.);
#13398 = EDGE_LOOP('',(#13399,#13400,#13406,#13407));
#13399 = ORIENTED_EDGE('',*,*,#12617,.T.);
#13400 = ORIENTED_EDGE('',*,*,#13401,.T.);
#13401 = EDGE_CURVE('',#12618,#12919,#13402,.T.);
#13402 = LINE('',#13403,#13404);
#13403 = CARTESIAN_POINT('',(14.,24.625,-4.6E-02));
#13404 = VECTOR('',#13405,1.);
#13405 = DIRECTION('',(0.,0.,1.));
#13406 = ORIENTED_EDGE('',*,*,#12918,.F.);
#13407 = ORIENTED_EDGE('',*,*,#13401,.F.);
#13408 = CYLINDRICAL_SURFACE('',#13409,0.375);
#13409 = AXIS2_PLACEMENT_3D('',#13410,#13411,#13412);
#13410 = CARTESIAN_POINT('',(14.,25.,-4.6E-02));
#13411 = DIRECTION('',(-0.,-0.,-1.));
#13412 = DIRECTION('',(-0.,-1.,0.));
#13413 = ADVANCED_FACE('',(#13414),#13425,.F.);
#13414 = FACE_BOUND('',#13415,.T.);
#13415 = EDGE_LOOP('',(#13416,#13417,#13423,#13424));
#13416 = ORIENTED_EDGE('',*,*,#12628,.T.);
#13417 = ORIENTED_EDGE('',*,*,#13418,.T.);
#13418 = EDGE_CURVE('',#12629,#12930,#13419,.T.);
#13419 = LINE('',#13420,#13421);
#13420 = CARTESIAN_POINT('',(17.,30.9,-4.6E-02));
#13421 = VECTOR('',#13422,1.);
#13422 = DIRECTION('',(0.,0.,1.));
#13423 = ORIENTED_EDGE('',*,*,#12929,.F.);
#13424 = ORIENTED_EDGE('',*,*,#13418,.F.);
#13425 = CYLINDRICAL_SURFACE('',#13426,1.1);
#13426 = AXIS2_PLACEMENT_3D('',#13427,#13428,#13429);
#13427 = CARTESIAN_POINT('',(17.,32.,-4.6E-02));
#13428 = DIRECTION('',(-0.,-0.,-1.));
#13429 = DIRECTION('',(-0.,-1.,0.));
#13430 = ( GEOMETRIC_REPRESENTATION_CONTEXT(3) 
GLOBAL_UNCERTAINTY_ASSIGNED_CONTEXT((#13434)) 
GLOBAL_UNIT_ASSIGNED_CONTEXT((#13431,#13432,#13433)) 
REPRESENTATION_CONTEXT('Context #1',
  '3D Context with UNIT and UNCERTAINTY') );
#13431 = ( LENGTH_UNIT() NAMED_UNIT(*) SI_UNIT(.MILLI.,.METRE.) );
#13432 = ( NAMED_UNIT(*) PLANE_ANGLE_UNIT() SI_UNIT($,.RADIAN.) );
#13433 = ( NAMED_UNIT(*) SI_UNIT($,.STERADIAN.) SOLID_ANGLE_UNIT() );
#13434 = UNCERTAINTY_MEASURE_WITH_UNIT(LENGTH_MEASURE(1.E-07),#13431,
  'distance_accuracy_value','confusion accuracy');
#13435 = CONTEXT_DEPENDENT_SHAPE_REPRESENTATION(#13436,#13438);
#13436 = ( REPRESENTATION_RELATIONSHIP('','',#12235,#10) 
REPRESENTATION_RELATIONSHIP_WITH_TRANSFORMATION(#13437) 
SHAPE_REPRESENTATION_RELATIONSHIP() );
#13437 = ITEM_DEFINED_TRANSFORMATION('','',#11,#83);
#13438 = PRODUCT_DEFINITION_SHAPE('Placement','Placement of an item',
  #13439);
#13439 = NEXT_ASSEMBLY_USAGE_OCCURRENCE('24','=>[0:1:1:14]','',#5,#12230
  ,$);
#13440 = PRODUCT_RELATED_PRODUCT_CATEGORY('part',$,(#12232));
#13441 = MECHANICAL_DESIGN_GEOMETRIC_PRESENTATION_REPRESENTATION('',(
    #13442,#13450,#13457,#13464,#13471,#13478,#13485,#13492,#13500,
    #13507,#13514,#13521,#13528,#13535,#13543,#13550,#13557,#13564,
    #13571,#13578,#13585,#13592,#13599,#13606,#13613,#13620),#9235);
#13442 = STYLED_ITEM('color',(#13443),#8447);
#13443 = PRESENTATION_STYLE_ASSIGNMENT((#13444));
#13444 = SURFACE_STYLE_USAGE(.BOTH.,#13445);
#13445 = SURFACE_SIDE_STYLE('',(#13446));
#13446 = SURFACE_STYLE_FILL_AREA(#13447);
#13447 = FILL_AREA_STYLE('',(#13448));
#13448 = FILL_AREA_STYLE_COLOUR('',#13449);
#13449 = COLOUR_RGB('',0.823999987314,0.819999987296,0.781000009244);
#13450 = STYLED_ITEM('color',(#13451),#8487);
#13451 = PRESENTATION_STYLE_ASSIGNMENT((#13452));
#13452 = SURFACE_STYLE_USAGE(.BOTH.,#13453);
#13453 = SURFACE_SIDE_STYLE('',(#13454));
#13454 = SURFACE_STYLE_FILL_AREA(#13455);
#13455 = FILL_AREA_STYLE('',(#13456));
#13456 = FILL_AREA_STYLE_COLOUR('',#13449);
#13457 = STYLED_ITEM('color',(#13458),#8570);
#13458 = PRESENTATION_STYLE_ASSIGNMENT((#13459));
#13459 = SURFACE_STYLE_USAGE(.BOTH.,#13460);
#13460 = SURFACE_SIDE_STYLE('',(#13461));
#13461 = SURFACE_STYLE_FILL_AREA(#13462);
#13462 = FILL_AREA_STYLE('',(#13463));
#13463 = FILL_AREA_STYLE_COLOUR('',#13449);
#13464 = STYLED_ITEM('color',(#13465),#8595);
#13465 = PRESENTATION_STYLE_ASSIGNMENT((#13466));
#13466 = SURFACE_STYLE_USAGE(.BOTH.,#13467);
#13467 = SURFACE_SIDE_STYLE('',(#13468));
#13468 = SURFACE_STYLE_FILL_AREA(#13469);
#13469 = FILL_AREA_STYLE('',(#13470));
#13470 = FILL_AREA_STYLE_COLOUR('',#13449);
#13471 = STYLED_ITEM('color',(#13472),#8620);
#13472 = PRESENTATION_STYLE_ASSIGNMENT((#13473));
#13473 = SURFACE_STYLE_USAGE(.BOTH.,#13474);
#13474 = SURFACE_SIDE_STYLE('',(#13475));
#13475 = SURFACE_STYLE_FILL_AREA(#13476);
#13476 = FILL_AREA_STYLE('',(#13477));
#13477 = FILL_AREA_STYLE_COLOUR('',#13449);
#13478 = STYLED_ITEM('color',(#13479),#8687);
#13479 = PRESENTATION_STYLE_ASSIGNMENT((#13480));
#13480 = SURFACE_STYLE_USAGE(.BOTH.,#13481);
#13481 = SURFACE_SIDE_STYLE('',(#13482));
#13482 = SURFACE_STYLE_FILL_AREA(#13483);
#13483 = FILL_AREA_STYLE('',(#13484));
#13484 = FILL_AREA_STYLE_COLOUR('',#13449);
#13485 = STYLED_ITEM('color',(#13486),#8704);
#13486 = PRESENTATION_STYLE_ASSIGNMENT((#13487));
#13487 = SURFACE_STYLE_USAGE(.BOTH.,#13488);
#13488 = SURFACE_SIDE_STYLE('',(#13489));
#13489 = SURFACE_STYLE_FILL_AREA(#13490);
#13490 = FILL_AREA_STYLE('',(#13491));
#13491 = FILL_AREA_STYLE_COLOUR('',#13449);
#13492 = STYLED_ITEM('color',(#13493),#8721);
#13493 = PRESENTATION_STYLE_ASSIGNMENT((#13494));
#13494 = SURFACE_STYLE_USAGE(.BOTH.,#13495);
#13495 = SURFACE_SIDE_STYLE('',(#13496));
#13496 = SURFACE_STYLE_FILL_AREA(#13497);
#13497 = FILL_AREA_STYLE('',(#13498));
#13498 = FILL_AREA_STYLE_COLOUR('',#13499);
#13499 = COLOUR_RGB('',0.894999966383,0.890999961016,0.813000030345);
#13500 = STYLED_ITEM('color',(#13501),#8770);
#13501 = PRESENTATION_STYLE_ASSIGNMENT((#13502));
#13502 = SURFACE_STYLE_USAGE(.BOTH.,#13503);
#13503 = SURFACE_SIDE_STYLE('',(#13504));
#13504 = SURFACE_STYLE_FILL_AREA(#13505);
#13505 = FILL_AREA_STYLE('',(#13506));
#13506 = FILL_AREA_STYLE_COLOUR('',#13449);
#13507 = STYLED_ITEM('color',(#13508),#8787);
#13508 = PRESENTATION_STYLE_ASSIGNMENT((#13509));
#13509 = SURFACE_STYLE_USAGE(.BOTH.,#13510);
#13510 = SURFACE_SIDE_STYLE('',(#13511));
#13511 = SURFACE_STYLE_FILL_AREA(#13512);
#13512 = FILL_AREA_STYLE('',(#13513));
#13513 = FILL_AREA_STYLE_COLOUR('',#13449);
#13514 = STYLED_ITEM('color',(#13515),#8804);
#13515 = PRESENTATION_STYLE_ASSIGNMENT((#13516));
#13516 = SURFACE_STYLE_USAGE(.BOTH.,#13517);
#13517 = SURFACE_SIDE_STYLE('',(#13518));
#13518 = SURFACE_STYLE_FILL_AREA(#13519);
#13519 = FILL_AREA_STYLE('',(#13520));
#13520 = FILL_AREA_STYLE_COLOUR('',#13499);
#13521 = STYLED_ITEM('color',(#13522),#8853);
#13522 = PRESENTATION_STYLE_ASSIGNMENT((#13523));
#13523 = SURFACE_STYLE_USAGE(.BOTH.,#13524);
#13524 = SURFACE_SIDE_STYLE('',(#13525));
#13525 = SURFACE_STYLE_FILL_AREA(#13526);
#13526 = FILL_AREA_STYLE('',(#13527));
#13527 = FILL_AREA_STYLE_COLOUR('',#13499);
#13528 = STYLED_ITEM('color',(#13529),#8870);
#13529 = PRESENTATION_STYLE_ASSIGNMENT((#13530));
#13530 = SURFACE_STYLE_USAGE(.BOTH.,#13531);
#13531 = SURFACE_SIDE_STYLE('',(#13532));
#13532 = SURFACE_STYLE_FILL_AREA(#13533);
#13533 = FILL_AREA_STYLE('',(#13534));
#13534 = FILL_AREA_STYLE_COLOUR('',#13449);
#13535 = STYLED_ITEM('color',(#13536),#8939);
#13536 = PRESENTATION_STYLE_ASSIGNMENT((#13537));
#13537 = SURFACE_STYLE_USAGE(.BOTH.,#13538);
#13538 = SURFACE_SIDE_STYLE('',(#13539));
#13539 = SURFACE_STYLE_FILL_AREA(#13540);
#13540 = FILL_AREA_STYLE('',(#13541));
#13541 = FILL_AREA_STYLE_COLOUR('',#13542);
#13542 = COLOUR_RGB('',8.200000279077E-02,8.600000121357E-02,
  9.399999706163E-02);
#13543 = STYLED_ITEM('color',(#13544),#8970);
#13544 = PRESENTATION_STYLE_ASSIGNMENT((#13545));
#13545 = SURFACE_STYLE_USAGE(.BOTH.,#13546);
#13546 = SURFACE_SIDE_STYLE('',(#13547));
#13547 = SURFACE_STYLE_FILL_AREA(#13548);
#13548 = FILL_AREA_STYLE('',(#13549));
#13549 = FILL_AREA_STYLE_COLOUR('',#13542);
#13550 = STYLED_ITEM('color',(#13551),#8994);
#13551 = PRESENTATION_STYLE_ASSIGNMENT((#13552));
#13552 = SURFACE_STYLE_USAGE(.BOTH.,#13553);
#13553 = SURFACE_SIDE_STYLE('',(#13554));
#13554 = SURFACE_STYLE_FILL_AREA(#13555);
#13555 = FILL_AREA_STYLE('',(#13556));
#13556 = FILL_AREA_STYLE_COLOUR('',#13449);
#13557 = STYLED_ITEM('color',(#13558),#9063);
#13558 = PRESENTATION_STYLE_ASSIGNMENT((#13559));
#13559 = SURFACE_STYLE_USAGE(.BOTH.,#13560);
#13560 = SURFACE_SIDE_STYLE('',(#13561));
#13561 = SURFACE_STYLE_FILL_AREA(#13562);
#13562 = FILL_AREA_STYLE('',(#13563));
#13563 = FILL_AREA_STYLE_COLOUR('',#13542);
#13564 = STYLED_ITEM('color',(#13565),#9087);
#13565 = PRESENTATION_STYLE_ASSIGNMENT((#13566));
#13566 = SURFACE_STYLE_USAGE(.BOTH.,#13567);
#13567 = SURFACE_SIDE_STYLE('',(#13568));
#13568 = SURFACE_STYLE_FILL_AREA(#13569);
#13569 = FILL_AREA_STYLE('',(#13570));
#13570 = FILL_AREA_STYLE_COLOUR('',#13449);
#13571 = STYLED_ITEM('color',(#13572),#9104);
#13572 = PRESENTATION_STYLE_ASSIGNMENT((#13573));
#13573 = SURFACE_STYLE_USAGE(.BOTH.,#13574);
#13574 = SURFACE_SIDE_STYLE('',(#13575));
#13575 = SURFACE_STYLE_FILL_AREA(#13576);
#13576 = FILL_AREA_STYLE('',(#13577));
#13577 = FILL_AREA_STYLE_COLOUR('',#13449);
#13578 = STYLED_ITEM('color',(#13579),#9121);
#13579 = PRESENTATION_STYLE_ASSIGNMENT((#13580));
#13580 = SURFACE_STYLE_USAGE(.BOTH.,#13581);
#13581 = SURFACE_SIDE_STYLE('',(#13582));
#13582 = SURFACE_STYLE_FILL_AREA(#13583);
#13583 = FILL_AREA_STYLE('',(#13584));
#13584 = FILL_AREA_STYLE_COLOUR('',#13449);
#13585 = STYLED_ITEM('color',(#13586),#9138);
#13586 = PRESENTATION_STYLE_ASSIGNMENT((#13587));
#13587 = SURFACE_STYLE_USAGE(.BOTH.,#13588);
#13588 = SURFACE_SIDE_STYLE('',(#13589));
#13589 = SURFACE_STYLE_FILL_AREA(#13590);
#13590 = FILL_AREA_STYLE('',(#13591));
#13591 = FILL_AREA_STYLE_COLOUR('',#13449);
#13592 = STYLED_ITEM('color',(#13593),#9155);
#13593 = PRESENTATION_STYLE_ASSIGNMENT((#13594));
#13594 = SURFACE_STYLE_USAGE(.BOTH.,#13595);
#13595 = SURFACE_SIDE_STYLE('',(#13596));
#13596 = SURFACE_STYLE_FILL_AREA(#13597);
#13597 = FILL_AREA_STYLE('',(#13598));
#13598 = FILL_AREA_STYLE_COLOUR('',#13449);
#13599 = STYLED_ITEM('color',(#13600),#9172);
#13600 = PRESENTATION_STYLE_ASSIGNMENT((#13601));
#13601 = SURFACE_STYLE_USAGE(.BOTH.,#13602);
#13602 = SURFACE_SIDE_STYLE('',(#13603));
#13603 = SURFACE_STYLE_FILL_AREA(#13604);
#13604 = FILL_AREA_STYLE('',(#13605));
#13605 = FILL_AREA_STYLE_COLOUR('',#13449);
#13606 = STYLED_ITEM('color',(#13607),#9189);
#13607 = PRESENTATION_STYLE_ASSIGNMENT((#13608));
#13608 = SURFACE_STYLE_USAGE(.BOTH.,#13609);
#13609 = SURFACE_SIDE_STYLE('',(#13610));
#13610 = SURFACE_STYLE_FILL_AREA(#13611);
#13611 = FILL_AREA_STYLE('',(#13612));
#13612 = FILL_AREA_STYLE_COLOUR('',#13449);
#13613 = STYLED_ITEM('color',(#13614),#9206);
#13614 = PRESENTATION_STYLE_ASSIGNMENT((#13615));
#13615 = SURFACE_STYLE_USAGE(.BOTH.,#13616);
#13616 = SURFACE_SIDE_STYLE('',(#13617));
#13617 = SURFACE_STYLE_FILL_AREA(#13618);
#13618 = FILL_AREA_STYLE('',(#13619));
#13619 = FILL_AREA_STYLE_COLOUR('',#13542);
#13620 = STYLED_ITEM('color',(#13621),#9223);
#13621 = PRESENTATION_STYLE_ASSIGNMENT((#13622));
#13622 = SURFACE_STYLE_USAGE(.BOTH.,#13623);
#13623 = SURFACE_SIDE_STYLE('',(#13624));
#13624 = SURFACE_STYLE_FILL_AREA(#13625);
#13625 = FILL_AREA_STYLE('',(#13626));
#13626 = FILL_AREA_STYLE_COLOUR('',#13542);
#13627 = MECHANICAL_DESIGN_GEOMETRIC_PRESENTATION_REPRESENTATION('',(
    #13628,#13638,#13647,#13656,#13665,#13674,#13683,#13692,#13701,
    #13710,#13719,#13728,#13737,#13746,#13755,#13764,#13773,#13782,
    #13791,#13800,#13809,#13818,#13827,#13836,#13845,#13854,#13863,
    #13872,#13881,#13890,#13899,#13908,#13917,#13926,#13935,#13944,
    #13953,#13962,#13971,#13980,#13989,#13998,#14007,#14016,#14025,
    #14034,#14043,#14052,#14061,#14070,#14079,#14088,#14097,#14106,
    #14115,#14124,#14133,#14142,#14151,#14160,#14169,#14178,#14187,
    #14196,#14205,#14214,#14223,#14232,#14241,#14250,#14259,#14268,
    #14277,#14286,#14295,#14304,#14313,#14322,#14331,#14340,#14349,
    #14358,#14367,#14376,#14385,#14394,#14403,#14412,#14421,#14430,
    #14439,#14448,#14457,#14466,#14475,#14484,#14493,#14502,#14511,
    #14520,#14529,#14538,#14547,#14556,#14565,#14574,#14583,#14592,
    #14601,#14610,#14619,#14628,#14637,#14646,#14655,#14664,#14673,
    #14682,#14691,#14700,#14709,#14718,#14727,#14736,#14745,#14754,
    #14763,#14772,#14781,#14790,#14799,#14808,#14817,#14826,#14835,
    #14844,#14853,#14862,#14871,#14880,#14889,#14898,#14907,#14916,
    #14925,#14934,#14943),#8373);
#13628 = STYLED_ITEM('color',(#13629),#3907);
#13629 = PRESENTATION_STYLE_ASSIGNMENT((#13630,#13636));
#13630 = SURFACE_STYLE_USAGE(.BOTH.,#13631);
#13631 = SURFACE_SIDE_STYLE('',(#13632));
#13632 = SURFACE_STYLE_FILL_AREA(#13633);
#13633 = FILL_AREA_STYLE('',(#13634));
#13634 = FILL_AREA_STYLE_COLOUR('',#13635);
#13635 = COLOUR_RGB('',0.147999998088,0.145000001626,0.145000001626);
#13636 = CURVE_STYLE('',#13637,POSITIVE_LENGTH_MEASURE(0.1),#13635);
#13637 = DRAUGHTING_PRE_DEFINED_CURVE_FONT('continuous');
#13638 = STYLED_ITEM('color',(#13639),#3945);
#13639 = PRESENTATION_STYLE_ASSIGNMENT((#13640,#13645));
#13640 = SURFACE_STYLE_USAGE(.BOTH.,#13641);
#13641 = SURFACE_SIDE_STYLE('',(#13642));
#13642 = SURFACE_STYLE_FILL_AREA(#13643);
#13643 = FILL_AREA_STYLE('',(#13644));
#13644 = FILL_AREA_STYLE_COLOUR('',#13635);
#13645 = CURVE_STYLE('',#13646,POSITIVE_LENGTH_MEASURE(0.1),#13635);
#13646 = DRAUGHTING_PRE_DEFINED_CURVE_FONT('continuous');
#13647 = STYLED_ITEM('color',(#13648),#4008);
#13648 = PRESENTATION_STYLE_ASSIGNMENT((#13649,#13654));
#13649 = SURFACE_STYLE_USAGE(.BOTH.,#13650);
#13650 = SURFACE_SIDE_STYLE('',(#13651));
#13651 = SURFACE_STYLE_FILL_AREA(#13652);
#13652 = FILL_AREA_STYLE('',(#13653));
#13653 = FILL_AREA_STYLE_COLOUR('',#13635);
#13654 = CURVE_STYLE('',#13655,POSITIVE_LENGTH_MEASURE(0.1),#13635);
#13655 = DRAUGHTING_PRE_DEFINED_CURVE_FONT('continuous');
#13656 = STYLED_ITEM('color',(#13657),#4031);
#13657 = PRESENTATION_STYLE_ASSIGNMENT((#13658,#13663));
#13658 = SURFACE_STYLE_USAGE(.BOTH.,#13659);
#13659 = SURFACE_SIDE_STYLE('',(#13660));
#13660 = SURFACE_STYLE_FILL_AREA(#13661);
#13661 = FILL_AREA_STYLE('',(#13662));
#13662 = FILL_AREA_STYLE_COLOUR('',#13635);
#13663 = CURVE_STYLE('',#13664,POSITIVE_LENGTH_MEASURE(0.1),#13635);
#13664 = DRAUGHTING_PRE_DEFINED_CURVE_FONT('continuous');
#13665 = STYLED_ITEM('color',(#13666),#4060);
#13666 = PRESENTATION_STYLE_ASSIGNMENT((#13667,#13672));
#13667 = SURFACE_STYLE_USAGE(.BOTH.,#13668);
#13668 = SURFACE_SIDE_STYLE('',(#13669));
#13669 = SURFACE_STYLE_FILL_AREA(#13670);
#13670 = FILL_AREA_STYLE('',(#13671));
#13671 = FILL_AREA_STYLE_COLOUR('',#13635);
#13672 = CURVE_STYLE('',#13673,POSITIVE_LENGTH_MEASURE(0.1),#13635);
#13673 = DRAUGHTING_PRE_DEFINED_CURVE_FONT('continuous');
#13674 = STYLED_ITEM('color',(#13675),#4083);
#13675 = PRESENTATION_STYLE_ASSIGNMENT((#13676,#13681));
#13676 = SURFACE_STYLE_USAGE(.BOTH.,#13677);
#13677 = SURFACE_SIDE_STYLE('',(#13678));
#13678 = SURFACE_STYLE_FILL_AREA(#13679);
#13679 = FILL_AREA_STYLE('',(#13680));
#13680 = FILL_AREA_STYLE_COLOUR('',#13635);
#13681 = CURVE_STYLE('',#13682,POSITIVE_LENGTH_MEASURE(0.1),#13635);
#13682 = DRAUGHTING_PRE_DEFINED_CURVE_FONT('continuous');
#13683 = STYLED_ITEM('color',(#13684),#4170);
#13684 = PRESENTATION_STYLE_ASSIGNMENT((#13685,#13690));
#13685 = SURFACE_STYLE_USAGE(.BOTH.,#13686);
#13686 = SURFACE_SIDE_STYLE('',(#13687));
#13687 = SURFACE_STYLE_FILL_AREA(#13688);
#13688 = FILL_AREA_STYLE('',(#13689));
#13689 = FILL_AREA_STYLE_COLOUR('',#13635);
#13690 = CURVE_STYLE('',#13691,POSITIVE_LENGTH_MEASURE(0.1),#13635);
#13691 = DRAUGHTING_PRE_DEFINED_CURVE_FONT('continuous');
#13692 = STYLED_ITEM('color',(#13693),#4257);
#13693 = PRESENTATION_STYLE_ASSIGNMENT((#13694,#13699));
#13694 = SURFACE_STYLE_USAGE(.BOTH.,#13695);
#13695 = SURFACE_SIDE_STYLE('',(#13696));
#13696 = SURFACE_STYLE_FILL_AREA(#13697);
#13697 = FILL_AREA_STYLE('',(#13698));
#13698 = FILL_AREA_STYLE_COLOUR('',#13635);
#13699 = CURVE_STYLE('',#13700,POSITIVE_LENGTH_MEASURE(0.1),#13635);
#13700 = DRAUGHTING_PRE_DEFINED_CURVE_FONT('continuous');
#13701 = STYLED_ITEM('color',(#13702),#4280);
#13702 = PRESENTATION_STYLE_ASSIGNMENT((#13703,#13708));
#13703 = SURFACE_STYLE_USAGE(.BOTH.,#13704);
#13704 = SURFACE_SIDE_STYLE('',(#13705));
#13705 = SURFACE_STYLE_FILL_AREA(#13706);
#13706 = FILL_AREA_STYLE('',(#13707));
#13707 = FILL_AREA_STYLE_COLOUR('',#13635);
#13708 = CURVE_STYLE('',#13709,POSITIVE_LENGTH_MEASURE(0.1),#13635);
#13709 = DRAUGHTING_PRE_DEFINED_CURVE_FONT('continuous');
#13710 = STYLED_ITEM('color',(#13711),#4303);
#13711 = PRESENTATION_STYLE_ASSIGNMENT((#13712,#13717));
#13712 = SURFACE_STYLE_USAGE(.BOTH.,#13713);
#13713 = SURFACE_SIDE_STYLE('',(#13714));
#13714 = SURFACE_STYLE_FILL_AREA(#13715);
#13715 = FILL_AREA_STYLE('',(#13716));
#13716 = FILL_AREA_STYLE_COLOUR('',#13635);
#13717 = CURVE_STYLE('',#13718,POSITIVE_LENGTH_MEASURE(0.1),#13635);
#13718 = DRAUGHTING_PRE_DEFINED_CURVE_FONT('continuous');
#13719 = STYLED_ITEM('color',(#13720),#4320);
#13720 = PRESENTATION_STYLE_ASSIGNMENT((#13721,#13726));
#13721 = SURFACE_STYLE_USAGE(.BOTH.,#13722);
#13722 = SURFACE_SIDE_STYLE('',(#13723));
#13723 = SURFACE_STYLE_FILL_AREA(#13724);
#13724 = FILL_AREA_STYLE('',(#13725));
#13725 = FILL_AREA_STYLE_COLOUR('',#13635);
#13726 = CURVE_STYLE('',#13727,POSITIVE_LENGTH_MEASURE(0.1),#13635);
#13727 = DRAUGHTING_PRE_DEFINED_CURVE_FONT('continuous');
#13728 = STYLED_ITEM('color',(#13729),#4343);
#13729 = PRESENTATION_STYLE_ASSIGNMENT((#13730,#13735));
#13730 = SURFACE_STYLE_USAGE(.BOTH.,#13731);
#13731 = SURFACE_SIDE_STYLE('',(#13732));
#13732 = SURFACE_STYLE_FILL_AREA(#13733);
#13733 = FILL_AREA_STYLE('',(#13734));
#13734 = FILL_AREA_STYLE_COLOUR('',#13635);
#13735 = CURVE_STYLE('',#13736,POSITIVE_LENGTH_MEASURE(0.1),#13635);
#13736 = DRAUGHTING_PRE_DEFINED_CURVE_FONT('continuous');
#13737 = STYLED_ITEM('color',(#13738),#4431);
#13738 = PRESENTATION_STYLE_ASSIGNMENT((#13739,#13744));
#13739 = SURFACE_STYLE_USAGE(.BOTH.,#13740);
#13740 = SURFACE_SIDE_STYLE('',(#13741));
#13741 = SURFACE_STYLE_FILL_AREA(#13742);
#13742 = FILL_AREA_STYLE('',(#13743));
#13743 = FILL_AREA_STYLE_COLOUR('',#13635);
#13744 = CURVE_STYLE('',#13745,POSITIVE_LENGTH_MEASURE(0.1),#13635);
#13745 = DRAUGHTING_PRE_DEFINED_CURVE_FONT('continuous');
#13746 = STYLED_ITEM('color',(#13747),#4447);
#13747 = PRESENTATION_STYLE_ASSIGNMENT((#13748,#13753));
#13748 = SURFACE_STYLE_USAGE(.BOTH.,#13749);
#13749 = SURFACE_SIDE_STYLE('',(#13750));
#13750 = SURFACE_STYLE_FILL_AREA(#13751);
#13751 = FILL_AREA_STYLE('',(#13752));
#13752 = FILL_AREA_STYLE_COLOUR('',#13635);
#13753 = CURVE_STYLE('',#13754,POSITIVE_LENGTH_MEASURE(0.1),#13635);
#13754 = DRAUGHTING_PRE_DEFINED_CURVE_FONT('continuous');
#13755 = STYLED_ITEM('color',(#13756),#4477);
#13756 = PRESENTATION_STYLE_ASSIGNMENT((#13757,#13762));
#13757 = SURFACE_STYLE_USAGE(.BOTH.,#13758);
#13758 = SURFACE_SIDE_STYLE('',(#13759));
#13759 = SURFACE_STYLE_FILL_AREA(#13760);
#13760 = FILL_AREA_STYLE('',(#13761));
#13761 = FILL_AREA_STYLE_COLOUR('',#13449);
#13762 = CURVE_STYLE('',#13763,POSITIVE_LENGTH_MEASURE(0.1),#13449);
#13763 = DRAUGHTING_PRE_DEFINED_CURVE_FONT('continuous');
#13764 = STYLED_ITEM('color',(#13765),#4508);
#13765 = PRESENTATION_STYLE_ASSIGNMENT((#13766,#13771));
#13766 = SURFACE_STYLE_USAGE(.BOTH.,#13767);
#13767 = SURFACE_SIDE_STYLE('',(#13768));
#13768 = SURFACE_STYLE_FILL_AREA(#13769);
#13769 = FILL_AREA_STYLE('',(#13770));
#13770 = FILL_AREA_STYLE_COLOUR('',#13635);
#13771 = CURVE_STYLE('',#13772,POSITIVE_LENGTH_MEASURE(0.1),#13635);
#13772 = DRAUGHTING_PRE_DEFINED_CURVE_FONT('continuous');
#13773 = STYLED_ITEM('color',(#13774),#4539);
#13774 = PRESENTATION_STYLE_ASSIGNMENT((#13775,#13780));
#13775 = SURFACE_STYLE_USAGE(.BOTH.,#13776);
#13776 = SURFACE_SIDE_STYLE('',(#13777));
#13777 = SURFACE_STYLE_FILL_AREA(#13778);
#13778 = FILL_AREA_STYLE('',(#13779));
#13779 = FILL_AREA_STYLE_COLOUR('',#13449);
#13780 = CURVE_STYLE('',#13781,POSITIVE_LENGTH_MEASURE(0.1),#13449);
#13781 = DRAUGHTING_PRE_DEFINED_CURVE_FONT('continuous');
#13782 = STYLED_ITEM('color',(#13783),#4570);
#13783 = PRESENTATION_STYLE_ASSIGNMENT((#13784,#13789));
#13784 = SURFACE_STYLE_USAGE(.BOTH.,#13785);
#13785 = SURFACE_SIDE_STYLE('',(#13786));
#13786 = SURFACE_STYLE_FILL_AREA(#13787);
#13787 = FILL_AREA_STYLE('',(#13788));
#13788 = FILL_AREA_STYLE_COLOUR('',#13635);
#13789 = CURVE_STYLE('',#13790,POSITIVE_LENGTH_MEASURE(0.1),#13635);
#13790 = DRAUGHTING_PRE_DEFINED_CURVE_FONT('continuous');
#13791 = STYLED_ITEM('color',(#13792),#4601);
#13792 = PRESENTATION_STYLE_ASSIGNMENT((#13793,#13798));
#13793 = SURFACE_STYLE_USAGE(.BOTH.,#13794);
#13794 = SURFACE_SIDE_STYLE('',(#13795));
#13795 = SURFACE_STYLE_FILL_AREA(#13796);
#13796 = FILL_AREA_STYLE('',(#13797));
#13797 = FILL_AREA_STYLE_COLOUR('',#13449);
#13798 = CURVE_STYLE('',#13799,POSITIVE_LENGTH_MEASURE(0.1),#13449);
#13799 = DRAUGHTING_PRE_DEFINED_CURVE_FONT('continuous');
#13800 = STYLED_ITEM('color',(#13801),#4632);
#13801 = PRESENTATION_STYLE_ASSIGNMENT((#13802,#13807));
#13802 = SURFACE_STYLE_USAGE(.BOTH.,#13803);
#13803 = SURFACE_SIDE_STYLE('',(#13804));
#13804 = SURFACE_STYLE_FILL_AREA(#13805);
#13805 = FILL_AREA_STYLE('',(#13806));
#13806 = FILL_AREA_STYLE_COLOUR('',#13635);
#13807 = CURVE_STYLE('',#13808,POSITIVE_LENGTH_MEASURE(0.1),#13635);
#13808 = DRAUGHTING_PRE_DEFINED_CURVE_FONT('continuous');
#13809 = STYLED_ITEM('color',(#13810),#4663);
#13810 = PRESENTATION_STYLE_ASSIGNMENT((#13811,#13816));
#13811 = SURFACE_STYLE_USAGE(.BOTH.,#13812);
#13812 = SURFACE_SIDE_STYLE('',(#13813));
#13813 = SURFACE_STYLE_FILL_AREA(#13814);
#13814 = FILL_AREA_STYLE('',(#13815));
#13815 = FILL_AREA_STYLE_COLOUR('',#13449);
#13816 = CURVE_STYLE('',#13817,POSITIVE_LENGTH_MEASURE(0.1),#13449);
#13817 = DRAUGHTING_PRE_DEFINED_CURVE_FONT('continuous');
#13818 = STYLED_ITEM('color',(#13819),#4694);
#13819 = PRESENTATION_STYLE_ASSIGNMENT((#13820,#13825));
#13820 = SURFACE_STYLE_USAGE(.BOTH.,#13821);
#13821 = SURFACE_SIDE_STYLE('',(#13822));
#13822 = SURFACE_STYLE_FILL_AREA(#13823);
#13823 = FILL_AREA_STYLE('',(#13824));
#13824 = FILL_AREA_STYLE_COLOUR('',#13635);
#13825 = CURVE_STYLE('',#13826,POSITIVE_LENGTH_MEASURE(0.1),#13635);
#13826 = DRAUGHTING_PRE_DEFINED_CURVE_FONT('continuous');
#13827 = STYLED_ITEM('color',(#13828),#4711);
#13828 = PRESENTATION_STYLE_ASSIGNMENT((#13829,#13834));
#13829 = SURFACE_STYLE_USAGE(.BOTH.,#13830);
#13830 = SURFACE_SIDE_STYLE('',(#13831));
#13831 = SURFACE_STYLE_FILL_AREA(#13832);
#13832 = FILL_AREA_STYLE('',(#13833));
#13833 = FILL_AREA_STYLE_COLOUR('',#13635);
#13834 = CURVE_STYLE('',#13835,POSITIVE_LENGTH_MEASURE(0.1),#13635);
#13835 = DRAUGHTING_PRE_DEFINED_CURVE_FONT('continuous');
#13836 = STYLED_ITEM('color',(#13837),#4728);
#13837 = PRESENTATION_STYLE_ASSIGNMENT((#13838,#13843));
#13838 = SURFACE_STYLE_USAGE(.BOTH.,#13839);
#13839 = SURFACE_SIDE_STYLE('',(#13840));
#13840 = SURFACE_STYLE_FILL_AREA(#13841);
#13841 = FILL_AREA_STYLE('',(#13842));
#13842 = FILL_AREA_STYLE_COLOUR('',#13449);
#13843 = CURVE_STYLE('',#13844,POSITIVE_LENGTH_MEASURE(0.1),#13449);
#13844 = DRAUGHTING_PRE_DEFINED_CURVE_FONT('continuous');
#13845 = STYLED_ITEM('color',(#13846),#4759);
#13846 = PRESENTATION_STYLE_ASSIGNMENT((#13847,#13852));
#13847 = SURFACE_STYLE_USAGE(.BOTH.,#13848);
#13848 = SURFACE_SIDE_STYLE('',(#13849));
#13849 = SURFACE_STYLE_FILL_AREA(#13850);
#13850 = FILL_AREA_STYLE('',(#13851));
#13851 = FILL_AREA_STYLE_COLOUR('',#13635);
#13852 = CURVE_STYLE('',#13853,POSITIVE_LENGTH_MEASURE(0.1),#13635);
#13853 = DRAUGHTING_PRE_DEFINED_CURVE_FONT('continuous');
#13854 = STYLED_ITEM('color',(#13855),#4790);
#13855 = PRESENTATION_STYLE_ASSIGNMENT((#13856,#13861));
#13856 = SURFACE_STYLE_USAGE(.BOTH.,#13857);
#13857 = SURFACE_SIDE_STYLE('',(#13858));
#13858 = SURFACE_STYLE_FILL_AREA(#13859);
#13859 = FILL_AREA_STYLE('',(#13860));
#13860 = FILL_AREA_STYLE_COLOUR('',#13449);
#13861 = CURVE_STYLE('',#13862,POSITIVE_LENGTH_MEASURE(0.1),#13449);
#13862 = DRAUGHTING_PRE_DEFINED_CURVE_FONT('continuous');
#13863 = STYLED_ITEM('color',(#13864),#4821);
#13864 = PRESENTATION_STYLE_ASSIGNMENT((#13865,#13870));
#13865 = SURFACE_STYLE_USAGE(.BOTH.,#13866);
#13866 = SURFACE_SIDE_STYLE('',(#13867));
#13867 = SURFACE_STYLE_FILL_AREA(#13868);
#13868 = FILL_AREA_STYLE('',(#13869));
#13869 = FILL_AREA_STYLE_COLOUR('',#13635);
#13870 = CURVE_STYLE('',#13871,POSITIVE_LENGTH_MEASURE(0.1),#13635);
#13871 = DRAUGHTING_PRE_DEFINED_CURVE_FONT('continuous');
#13872 = STYLED_ITEM('color',(#13873),#4852);
#13873 = PRESENTATION_STYLE_ASSIGNMENT((#13874,#13879));
#13874 = SURFACE_STYLE_USAGE(.BOTH.,#13875);
#13875 = SURFACE_SIDE_STYLE('',(#13876));
#13876 = SURFACE_STYLE_FILL_AREA(#13877);
#13877 = FILL_AREA_STYLE('',(#13878));
#13878 = FILL_AREA_STYLE_COLOUR('',#13449);
#13879 = CURVE_STYLE('',#13880,POSITIVE_LENGTH_MEASURE(0.1),#13449);
#13880 = DRAUGHTING_PRE_DEFINED_CURVE_FONT('continuous');
#13881 = STYLED_ITEM('color',(#13882),#4883);
#13882 = PRESENTATION_STYLE_ASSIGNMENT((#13883,#13888));
#13883 = SURFACE_STYLE_USAGE(.BOTH.,#13884);
#13884 = SURFACE_SIDE_STYLE('',(#13885));
#13885 = SURFACE_STYLE_FILL_AREA(#13886);
#13886 = FILL_AREA_STYLE('',(#13887));
#13887 = FILL_AREA_STYLE_COLOUR('',#13635);
#13888 = CURVE_STYLE('',#13889,POSITIVE_LENGTH_MEASURE(0.1),#13635);
#13889 = DRAUGHTING_PRE_DEFINED_CURVE_FONT('continuous');
#13890 = STYLED_ITEM('color',(#13891),#4914);
#13891 = PRESENTATION_STYLE_ASSIGNMENT((#13892,#13897));
#13892 = SURFACE_STYLE_USAGE(.BOTH.,#13893);
#13893 = SURFACE_SIDE_STYLE('',(#13894));
#13894 = SURFACE_STYLE_FILL_AREA(#13895);
#13895 = FILL_AREA_STYLE('',(#13896));
#13896 = FILL_AREA_STYLE_COLOUR('',#13449);
#13897 = CURVE_STYLE('',#13898,POSITIVE_LENGTH_MEASURE(0.1),#13449);
#13898 = DRAUGHTING_PRE_DEFINED_CURVE_FONT('continuous');
#13899 = STYLED_ITEM('color',(#13900),#4945);
#13900 = PRESENTATION_STYLE_ASSIGNMENT((#13901,#13906));
#13901 = SURFACE_STYLE_USAGE(.BOTH.,#13902);
#13902 = SURFACE_SIDE_STYLE('',(#13903));
#13903 = SURFACE_STYLE_FILL_AREA(#13904);
#13904 = FILL_AREA_STYLE('',(#13905));
#13905 = FILL_AREA_STYLE_COLOUR('',#13635);
#13906 = CURVE_STYLE('',#13907,POSITIVE_LENGTH_MEASURE(0.1),#13635);
#13907 = DRAUGHTING_PRE_DEFINED_CURVE_FONT('continuous');
#13908 = STYLED_ITEM('color',(#13909),#4975);
#13909 = PRESENTATION_STYLE_ASSIGNMENT((#13910,#13915));
#13910 = SURFACE_STYLE_USAGE(.BOTH.,#13911);
#13911 = SURFACE_SIDE_STYLE('',(#13912));
#13912 = SURFACE_STYLE_FILL_AREA(#13913);
#13913 = FILL_AREA_STYLE('',(#13914));
#13914 = FILL_AREA_STYLE_COLOUR('',#13635);
#13915 = CURVE_STYLE('',#13916,POSITIVE_LENGTH_MEASURE(0.1),#13635);
#13916 = DRAUGHTING_PRE_DEFINED_CURVE_FONT('continuous');
#13917 = STYLED_ITEM('color',(#13918),#4998);
#13918 = PRESENTATION_STYLE_ASSIGNMENT((#13919,#13924));
#13919 = SURFACE_STYLE_USAGE(.BOTH.,#13920);
#13920 = SURFACE_SIDE_STYLE('',(#13921));
#13921 = SURFACE_STYLE_FILL_AREA(#13922);
#13922 = FILL_AREA_STYLE('',(#13923));
#13923 = FILL_AREA_STYLE_COLOUR('',#13635);
#13924 = CURVE_STYLE('',#13925,POSITIVE_LENGTH_MEASURE(0.1),#13635);
#13925 = DRAUGHTING_PRE_DEFINED_CURVE_FONT('continuous');
#13926 = STYLED_ITEM('color',(#13927),#5021);
#13927 = PRESENTATION_STYLE_ASSIGNMENT((#13928,#13933));
#13928 = SURFACE_STYLE_USAGE(.BOTH.,#13929);
#13929 = SURFACE_SIDE_STYLE('',(#13930));
#13930 = SURFACE_STYLE_FILL_AREA(#13931);
#13931 = FILL_AREA_STYLE('',(#13932));
#13932 = FILL_AREA_STYLE_COLOUR('',#13635);
#13933 = CURVE_STYLE('',#13934,POSITIVE_LENGTH_MEASURE(0.1),#13635);
#13934 = DRAUGHTING_PRE_DEFINED_CURVE_FONT('continuous');
#13935 = STYLED_ITEM('color',(#13936),#5038);
#13936 = PRESENTATION_STYLE_ASSIGNMENT((#13937,#13942));
#13937 = SURFACE_STYLE_USAGE(.BOTH.,#13938);
#13938 = SURFACE_SIDE_STYLE('',(#13939));
#13939 = SURFACE_STYLE_FILL_AREA(#13940);
#13940 = FILL_AREA_STYLE('',(#13941));
#13941 = FILL_AREA_STYLE_COLOUR('',#13449);
#13942 = CURVE_STYLE('',#13943,POSITIVE_LENGTH_MEASURE(0.1),#13449);
#13943 = DRAUGHTING_PRE_DEFINED_CURVE_FONT('continuous');
#13944 = STYLED_ITEM('color',(#13945),#5083);
#13945 = PRESENTATION_STYLE_ASSIGNMENT((#13946,#13951));
#13946 = SURFACE_STYLE_USAGE(.BOTH.,#13947);
#13947 = SURFACE_SIDE_STYLE('',(#13948));
#13948 = SURFACE_STYLE_FILL_AREA(#13949);
#13949 = FILL_AREA_STYLE('',(#13950));
#13950 = FILL_AREA_STYLE_COLOUR('',#13635);
#13951 = CURVE_STYLE('',#13952,POSITIVE_LENGTH_MEASURE(0.1),#13635);
#13952 = DRAUGHTING_PRE_DEFINED_CURVE_FONT('continuous');
#13953 = STYLED_ITEM('color',(#13954),#5169);
#13954 = PRESENTATION_STYLE_ASSIGNMENT((#13955,#13960));
#13955 = SURFACE_STYLE_USAGE(.BOTH.,#13956);
#13956 = SURFACE_SIDE_STYLE('',(#13957));
#13957 = SURFACE_STYLE_FILL_AREA(#13958);
#13958 = FILL_AREA_STYLE('',(#13959));
#13959 = FILL_AREA_STYLE_COLOUR('',#13635);
#13960 = CURVE_STYLE('',#13961,POSITIVE_LENGTH_MEASURE(0.1),#13635);
#13961 = DRAUGHTING_PRE_DEFINED_CURVE_FONT('continuous');
#13962 = STYLED_ITEM('color',(#13963),#5192);
#13963 = PRESENTATION_STYLE_ASSIGNMENT((#13964,#13969));
#13964 = SURFACE_STYLE_USAGE(.BOTH.,#13965);
#13965 = SURFACE_SIDE_STYLE('',(#13966));
#13966 = SURFACE_STYLE_FILL_AREA(#13967);
#13967 = FILL_AREA_STYLE('',(#13968));
#13968 = FILL_AREA_STYLE_COLOUR('',#13635);
#13969 = CURVE_STYLE('',#13970,POSITIVE_LENGTH_MEASURE(0.1),#13635);
#13970 = DRAUGHTING_PRE_DEFINED_CURVE_FONT('continuous');
#13971 = STYLED_ITEM('color',(#13972),#5215);
#13972 = PRESENTATION_STYLE_ASSIGNMENT((#13973,#13978));
#13973 = SURFACE_STYLE_USAGE(.BOTH.,#13974);
#13974 = SURFACE_SIDE_STYLE('',(#13975));
#13975 = SURFACE_STYLE_FILL_AREA(#13976);
#13976 = FILL_AREA_STYLE('',(#13977));
#13977 = FILL_AREA_STYLE_COLOUR('',#13635);
#13978 = CURVE_STYLE('',#13979,POSITIVE_LENGTH_MEASURE(0.1),#13635);
#13979 = DRAUGHTING_PRE_DEFINED_CURVE_FONT('continuous');
#13980 = STYLED_ITEM('color',(#13981),#5238);
#13981 = PRESENTATION_STYLE_ASSIGNMENT((#13982,#13987));
#13982 = SURFACE_STYLE_USAGE(.BOTH.,#13983);
#13983 = SURFACE_SIDE_STYLE('',(#13984));
#13984 = SURFACE_STYLE_FILL_AREA(#13985);
#13985 = FILL_AREA_STYLE('',(#13986));
#13986 = FILL_AREA_STYLE_COLOUR('',#13635);
#13987 = CURVE_STYLE('',#13988,POSITIVE_LENGTH_MEASURE(0.1),#13635);
#13988 = DRAUGHTING_PRE_DEFINED_CURVE_FONT('continuous');
#13989 = STYLED_ITEM('color',(#13990),#5325);
#13990 = PRESENTATION_STYLE_ASSIGNMENT((#13991,#13996));
#13991 = SURFACE_STYLE_USAGE(.BOTH.,#13992);
#13992 = SURFACE_SIDE_STYLE('',(#13993));
#13993 = SURFACE_STYLE_FILL_AREA(#13994);
#13994 = FILL_AREA_STYLE('',(#13995));
#13995 = FILL_AREA_STYLE_COLOUR('',#13449);
#13996 = CURVE_STYLE('',#13997,POSITIVE_LENGTH_MEASURE(0.1),#13449);
#13997 = DRAUGHTING_PRE_DEFINED_CURVE_FONT('continuous');
#13998 = STYLED_ITEM('color',(#13999),#5363);
#13999 = PRESENTATION_STYLE_ASSIGNMENT((#14000,#14005));
#14000 = SURFACE_STYLE_USAGE(.BOTH.,#14001);
#14001 = SURFACE_SIDE_STYLE('',(#14002));
#14002 = SURFACE_STYLE_FILL_AREA(#14003);
#14003 = FILL_AREA_STYLE('',(#14004));
#14004 = FILL_AREA_STYLE_COLOUR('',#13635);
#14005 = CURVE_STYLE('',#14006,POSITIVE_LENGTH_MEASURE(0.1),#13635);
#14006 = DRAUGHTING_PRE_DEFINED_CURVE_FONT('continuous');
#14007 = STYLED_ITEM('color',(#14008),#5412);
#14008 = PRESENTATION_STYLE_ASSIGNMENT((#14009,#14014));
#14009 = SURFACE_STYLE_USAGE(.BOTH.,#14010);
#14010 = SURFACE_SIDE_STYLE('',(#14011));
#14011 = SURFACE_STYLE_FILL_AREA(#14012);
#14012 = FILL_AREA_STYLE('',(#14013));
#14013 = FILL_AREA_STYLE_COLOUR('',#13449);
#14014 = CURVE_STYLE('',#14015,POSITIVE_LENGTH_MEASURE(0.1),#13449);
#14015 = DRAUGHTING_PRE_DEFINED_CURVE_FONT('continuous');
#14016 = STYLED_ITEM('color',(#14017),#5504);
#14017 = PRESENTATION_STYLE_ASSIGNMENT((#14018,#14023));
#14018 = SURFACE_STYLE_USAGE(.BOTH.,#14019);
#14019 = SURFACE_SIDE_STYLE('',(#14020));
#14020 = SURFACE_STYLE_FILL_AREA(#14021);
#14021 = FILL_AREA_STYLE('',(#14022));
#14022 = FILL_AREA_STYLE_COLOUR('',#13449);
#14023 = CURVE_STYLE('',#14024,POSITIVE_LENGTH_MEASURE(0.1),#13449);
#14024 = DRAUGHTING_PRE_DEFINED_CURVE_FONT('continuous');
#14025 = STYLED_ITEM('color',(#14026),#5529);
#14026 = PRESENTATION_STYLE_ASSIGNMENT((#14027,#14032));
#14027 = SURFACE_STYLE_USAGE(.BOTH.,#14028);
#14028 = SURFACE_SIDE_STYLE('',(#14029));
#14029 = SURFACE_STYLE_FILL_AREA(#14030);
#14030 = FILL_AREA_STYLE('',(#14031));
#14031 = FILL_AREA_STYLE_COLOUR('',#13449);
#14032 = CURVE_STYLE('',#14033,POSITIVE_LENGTH_MEASURE(0.1),#13449);
#14033 = DRAUGHTING_PRE_DEFINED_CURVE_FONT('continuous');
#14034 = STYLED_ITEM('color',(#14035),#5613);
#14035 = PRESENTATION_STYLE_ASSIGNMENT((#14036,#14041));
#14036 = SURFACE_STYLE_USAGE(.BOTH.,#14037);
#14037 = SURFACE_SIDE_STYLE('',(#14038));
#14038 = SURFACE_STYLE_FILL_AREA(#14039);
#14039 = FILL_AREA_STYLE('',(#14040));
#14040 = FILL_AREA_STYLE_COLOUR('',#13635);
#14041 = CURVE_STYLE('',#14042,POSITIVE_LENGTH_MEASURE(0.1),#13635);
#14042 = DRAUGHTING_PRE_DEFINED_CURVE_FONT('continuous');
#14043 = STYLED_ITEM('color',(#14044),#5635);
#14044 = PRESENTATION_STYLE_ASSIGNMENT((#14045,#14050));
#14045 = SURFACE_STYLE_USAGE(.BOTH.,#14046);
#14046 = SURFACE_SIDE_STYLE('',(#14047));
#14047 = SURFACE_STYLE_FILL_AREA(#14048);
#14048 = FILL_AREA_STYLE('',(#14049));
#14049 = FILL_AREA_STYLE_COLOUR('',#13449);
#14050 = CURVE_STYLE('',#14051,POSITIVE_LENGTH_MEASURE(0.1),#13449);
#14051 = DRAUGHTING_PRE_DEFINED_CURVE_FONT('continuous');
#14052 = STYLED_ITEM('color',(#14053),#5727);
#14053 = PRESENTATION_STYLE_ASSIGNMENT((#14054,#14059));
#14054 = SURFACE_STYLE_USAGE(.BOTH.,#14055);
#14055 = SURFACE_SIDE_STYLE('',(#14056));
#14056 = SURFACE_STYLE_FILL_AREA(#14057);
#14057 = FILL_AREA_STYLE('',(#14058));
#14058 = FILL_AREA_STYLE_COLOUR('',#13449);
#14059 = CURVE_STYLE('',#14060,POSITIVE_LENGTH_MEASURE(0.1),#13449);
#14060 = DRAUGHTING_PRE_DEFINED_CURVE_FONT('continuous');
#14061 = STYLED_ITEM('color',(#14062),#5752);
#14062 = PRESENTATION_STYLE_ASSIGNMENT((#14063,#14068));
#14063 = SURFACE_STYLE_USAGE(.BOTH.,#14064);
#14064 = SURFACE_SIDE_STYLE('',(#14065));
#14065 = SURFACE_STYLE_FILL_AREA(#14066);
#14066 = FILL_AREA_STYLE('',(#14067));
#14067 = FILL_AREA_STYLE_COLOUR('',#13449);
#14068 = CURVE_STYLE('',#14069,POSITIVE_LENGTH_MEASURE(0.1),#13449);
#14069 = DRAUGHTING_PRE_DEFINED_CURVE_FONT('continuous');
#14070 = STYLED_ITEM('color',(#14071),#5836);
#14071 = PRESENTATION_STYLE_ASSIGNMENT((#14072,#14077));
#14072 = SURFACE_STYLE_USAGE(.BOTH.,#14073);
#14073 = SURFACE_SIDE_STYLE('',(#14074));
#14074 = SURFACE_STYLE_FILL_AREA(#14075);
#14075 = FILL_AREA_STYLE('',(#14076));
#14076 = FILL_AREA_STYLE_COLOUR('',#13635);
#14077 = CURVE_STYLE('',#14078,POSITIVE_LENGTH_MEASURE(0.1),#13635);
#14078 = DRAUGHTING_PRE_DEFINED_CURVE_FONT('continuous');
#14079 = STYLED_ITEM('color',(#14080),#5858);
#14080 = PRESENTATION_STYLE_ASSIGNMENT((#14081,#14086));
#14081 = SURFACE_STYLE_USAGE(.BOTH.,#14082);
#14082 = SURFACE_SIDE_STYLE('',(#14083));
#14083 = SURFACE_STYLE_FILL_AREA(#14084);
#14084 = FILL_AREA_STYLE('',(#14085));
#14085 = FILL_AREA_STYLE_COLOUR('',#13449);
#14086 = CURVE_STYLE('',#14087,POSITIVE_LENGTH_MEASURE(0.1),#13449);
#14087 = DRAUGHTING_PRE_DEFINED_CURVE_FONT('continuous');
#14088 = STYLED_ITEM('color',(#14089),#5950);
#14089 = PRESENTATION_STYLE_ASSIGNMENT((#14090,#14095));
#14090 = SURFACE_STYLE_USAGE(.BOTH.,#14091);
#14091 = SURFACE_SIDE_STYLE('',(#14092));
#14092 = SURFACE_STYLE_FILL_AREA(#14093);
#14093 = FILL_AREA_STYLE('',(#14094));
#14094 = FILL_AREA_STYLE_COLOUR('',#13449);
#14095 = CURVE_STYLE('',#14096,POSITIVE_LENGTH_MEASURE(0.1),#13449);
#14096 = DRAUGHTING_PRE_DEFINED_CURVE_FONT('continuous');
#14097 = STYLED_ITEM('color',(#14098),#5975);
#14098 = PRESENTATION_STYLE_ASSIGNMENT((#14099,#14104));
#14099 = SURFACE_STYLE_USAGE(.BOTH.,#14100);
#14100 = SURFACE_SIDE_STYLE('',(#14101));
#14101 = SURFACE_STYLE_FILL_AREA(#14102);
#14102 = FILL_AREA_STYLE('',(#14103));
#14103 = FILL_AREA_STYLE_COLOUR('',#13449);
#14104 = CURVE_STYLE('',#14105,POSITIVE_LENGTH_MEASURE(0.1),#13449);
#14105 = DRAUGHTING_PRE_DEFINED_CURVE_FONT('continuous');
#14106 = STYLED_ITEM('color',(#14107),#6059);
#14107 = PRESENTATION_STYLE_ASSIGNMENT((#14108,#14113));
#14108 = SURFACE_STYLE_USAGE(.BOTH.,#14109);
#14109 = SURFACE_SIDE_STYLE('',(#14110));
#14110 = SURFACE_STYLE_FILL_AREA(#14111);
#14111 = FILL_AREA_STYLE('',(#14112));
#14112 = FILL_AREA_STYLE_COLOUR('',#13635);
#14113 = CURVE_STYLE('',#14114,POSITIVE_LENGTH_MEASURE(0.1),#13635);
#14114 = DRAUGHTING_PRE_DEFINED_CURVE_FONT('continuous');
#14115 = STYLED_ITEM('color',(#14116),#6076);
#14116 = PRESENTATION_STYLE_ASSIGNMENT((#14117,#14122));
#14117 = SURFACE_STYLE_USAGE(.BOTH.,#14118);
#14118 = SURFACE_SIDE_STYLE('',(#14119));
#14119 = SURFACE_STYLE_FILL_AREA(#14120);
#14120 = FILL_AREA_STYLE('',(#14121));
#14121 = FILL_AREA_STYLE_COLOUR('',#13449);
#14122 = CURVE_STYLE('',#14123,POSITIVE_LENGTH_MEASURE(0.1),#13449);
#14123 = DRAUGHTING_PRE_DEFINED_CURVE_FONT('continuous');
#14124 = STYLED_ITEM('color',(#14125),#6161);
#14125 = PRESENTATION_STYLE_ASSIGNMENT((#14126,#14131));
#14126 = SURFACE_STYLE_USAGE(.BOTH.,#14127);
#14127 = SURFACE_SIDE_STYLE('',(#14128));
#14128 = SURFACE_STYLE_FILL_AREA(#14129);
#14129 = FILL_AREA_STYLE('',(#14130));
#14130 = FILL_AREA_STYLE_COLOUR('',#13449);
#14131 = CURVE_STYLE('',#14132,POSITIVE_LENGTH_MEASURE(0.1),#13449);
#14132 = DRAUGHTING_PRE_DEFINED_CURVE_FONT('continuous');
#14133 = STYLED_ITEM('color',(#14134),#6186);
#14134 = PRESENTATION_STYLE_ASSIGNMENT((#14135,#14140));
#14135 = SURFACE_STYLE_USAGE(.BOTH.,#14136);
#14136 = SURFACE_SIDE_STYLE('',(#14137));
#14137 = SURFACE_STYLE_FILL_AREA(#14138);
#14138 = FILL_AREA_STYLE('',(#14139));
#14139 = FILL_AREA_STYLE_COLOUR('',#13449);
#14140 = CURVE_STYLE('',#14141,POSITIVE_LENGTH_MEASURE(0.1),#13449);
#14141 = DRAUGHTING_PRE_DEFINED_CURVE_FONT('continuous');
#14142 = STYLED_ITEM('color',(#14143),#6263);
#14143 = PRESENTATION_STYLE_ASSIGNMENT((#14144,#14149));
#14144 = SURFACE_STYLE_USAGE(.BOTH.,#14145);
#14145 = SURFACE_SIDE_STYLE('',(#14146));
#14146 = SURFACE_STYLE_FILL_AREA(#14147);
#14147 = FILL_AREA_STYLE('',(#14148));
#14148 = FILL_AREA_STYLE_COLOUR('',#13449);
#14149 = CURVE_STYLE('',#14150,POSITIVE_LENGTH_MEASURE(0.1),#13449);
#14150 = DRAUGHTING_PRE_DEFINED_CURVE_FONT('continuous');
#14151 = STYLED_ITEM('color',(#14152),#6348);
#14152 = PRESENTATION_STYLE_ASSIGNMENT((#14153,#14158));
#14153 = SURFACE_STYLE_USAGE(.BOTH.,#14154);
#14154 = SURFACE_SIDE_STYLE('',(#14155));
#14155 = SURFACE_STYLE_FILL_AREA(#14156);
#14156 = FILL_AREA_STYLE('',(#14157));
#14157 = FILL_AREA_STYLE_COLOUR('',#13449);
#14158 = CURVE_STYLE('',#14159,POSITIVE_LENGTH_MEASURE(0.1),#13449);
#14159 = DRAUGHTING_PRE_DEFINED_CURVE_FONT('continuous');
#14160 = STYLED_ITEM('color',(#14161),#6373);
#14161 = PRESENTATION_STYLE_ASSIGNMENT((#14162,#14167));
#14162 = SURFACE_STYLE_USAGE(.BOTH.,#14163);
#14163 = SURFACE_SIDE_STYLE('',(#14164));
#14164 = SURFACE_STYLE_FILL_AREA(#14165);
#14165 = FILL_AREA_STYLE('',(#14166));
#14166 = FILL_AREA_STYLE_COLOUR('',#13449);
#14167 = CURVE_STYLE('',#14168,POSITIVE_LENGTH_MEASURE(0.1),#13449);
#14168 = DRAUGHTING_PRE_DEFINED_CURVE_FONT('continuous');
#14169 = STYLED_ITEM('color',(#14170),#6450);
#14170 = PRESENTATION_STYLE_ASSIGNMENT((#14171,#14176));
#14171 = SURFACE_STYLE_USAGE(.BOTH.,#14172);
#14172 = SURFACE_SIDE_STYLE('',(#14173));
#14173 = SURFACE_STYLE_FILL_AREA(#14174);
#14174 = FILL_AREA_STYLE('',(#14175));
#14175 = FILL_AREA_STYLE_COLOUR('',#13635);
#14176 = CURVE_STYLE('',#14177,POSITIVE_LENGTH_MEASURE(0.1),#13635);
#14177 = DRAUGHTING_PRE_DEFINED_CURVE_FONT('continuous');
#14178 = STYLED_ITEM('color',(#14179),#6467);
#14179 = PRESENTATION_STYLE_ASSIGNMENT((#14180,#14185));
#14180 = SURFACE_STYLE_USAGE(.BOTH.,#14181);
#14181 = SURFACE_SIDE_STYLE('',(#14182));
#14182 = SURFACE_STYLE_FILL_AREA(#14183);
#14183 = FILL_AREA_STYLE('',(#14184));
#14184 = FILL_AREA_STYLE_COLOUR('',#13449);
#14185 = CURVE_STYLE('',#14186,POSITIVE_LENGTH_MEASURE(0.1),#13449);
#14186 = DRAUGHTING_PRE_DEFINED_CURVE_FONT('continuous');
#14187 = STYLED_ITEM('color',(#14188),#6559);
#14188 = PRESENTATION_STYLE_ASSIGNMENT((#14189,#14194));
#14189 = SURFACE_STYLE_USAGE(.BOTH.,#14190);
#14190 = SURFACE_SIDE_STYLE('',(#14191));
#14191 = SURFACE_STYLE_FILL_AREA(#14192);
#14192 = FILL_AREA_STYLE('',(#14193));
#14193 = FILL_AREA_STYLE_COLOUR('',#13449);
#14194 = CURVE_STYLE('',#14195,POSITIVE_LENGTH_MEASURE(0.1),#13449);
#14195 = DRAUGHTING_PRE_DEFINED_CURVE_FONT('continuous');
#14196 = STYLED_ITEM('color',(#14197),#6584);
#14197 = PRESENTATION_STYLE_ASSIGNMENT((#14198,#14203));
#14198 = SURFACE_STYLE_USAGE(.BOTH.,#14199);
#14199 = SURFACE_SIDE_STYLE('',(#14200));
#14200 = SURFACE_STYLE_FILL_AREA(#14201);
#14201 = FILL_AREA_STYLE('',(#14202));
#14202 = FILL_AREA_STYLE_COLOUR('',#13449);
#14203 = CURVE_STYLE('',#14204,POSITIVE_LENGTH_MEASURE(0.1),#13449);
#14204 = DRAUGHTING_PRE_DEFINED_CURVE_FONT('continuous');
#14205 = STYLED_ITEM('color',(#14206),#6668);
#14206 = PRESENTATION_STYLE_ASSIGNMENT((#14207,#14212));
#14207 = SURFACE_STYLE_USAGE(.BOTH.,#14208);
#14208 = SURFACE_SIDE_STYLE('',(#14209));
#14209 = SURFACE_STYLE_FILL_AREA(#14210);
#14210 = FILL_AREA_STYLE('',(#14211));
#14211 = FILL_AREA_STYLE_COLOUR('',#13635);
#14212 = CURVE_STYLE('',#14213,POSITIVE_LENGTH_MEASURE(0.1),#13635);
#14213 = DRAUGHTING_PRE_DEFINED_CURVE_FONT('continuous');
#14214 = STYLED_ITEM('color',(#14215),#6690);
#14215 = PRESENTATION_STYLE_ASSIGNMENT((#14216,#14221));
#14216 = SURFACE_STYLE_USAGE(.BOTH.,#14217);
#14217 = SURFACE_SIDE_STYLE('',(#14218));
#14218 = SURFACE_STYLE_FILL_AREA(#14219);
#14219 = FILL_AREA_STYLE('',(#14220));
#14220 = FILL_AREA_STYLE_COLOUR('',#13449);
#14221 = CURVE_STYLE('',#14222,POSITIVE_LENGTH_MEASURE(0.1),#13449);
#14222 = DRAUGHTING_PRE_DEFINED_CURVE_FONT('continuous');
#14223 = STYLED_ITEM('color',(#14224),#6782);
#14224 = PRESENTATION_STYLE_ASSIGNMENT((#14225,#14230));
#14225 = SURFACE_STYLE_USAGE(.BOTH.,#14226);
#14226 = SURFACE_SIDE_STYLE('',(#14227));
#14227 = SURFACE_STYLE_FILL_AREA(#14228);
#14228 = FILL_AREA_STYLE('',(#14229));
#14229 = FILL_AREA_STYLE_COLOUR('',#13449);
#14230 = CURVE_STYLE('',#14231,POSITIVE_LENGTH_MEASURE(0.1),#13449);
#14231 = DRAUGHTING_PRE_DEFINED_CURVE_FONT('continuous');
#14232 = STYLED_ITEM('color',(#14233),#6807);
#14233 = PRESENTATION_STYLE_ASSIGNMENT((#14234,#14239));
#14234 = SURFACE_STYLE_USAGE(.BOTH.,#14235);
#14235 = SURFACE_SIDE_STYLE('',(#14236));
#14236 = SURFACE_STYLE_FILL_AREA(#14237);
#14237 = FILL_AREA_STYLE('',(#14238));
#14238 = FILL_AREA_STYLE_COLOUR('',#13449);
#14239 = CURVE_STYLE('',#14240,POSITIVE_LENGTH_MEASURE(0.1),#13449);
#14240 = DRAUGHTING_PRE_DEFINED_CURVE_FONT('continuous');
#14241 = STYLED_ITEM('color',(#14242),#6891);
#14242 = PRESENTATION_STYLE_ASSIGNMENT((#14243,#14248));
#14243 = SURFACE_STYLE_USAGE(.BOTH.,#14244);
#14244 = SURFACE_SIDE_STYLE('',(#14245));
#14245 = SURFACE_STYLE_FILL_AREA(#14246);
#14246 = FILL_AREA_STYLE('',(#14247));
#14247 = FILL_AREA_STYLE_COLOUR('',#13635);
#14248 = CURVE_STYLE('',#14249,POSITIVE_LENGTH_MEASURE(0.1),#13635);
#14249 = DRAUGHTING_PRE_DEFINED_CURVE_FONT('continuous');
#14250 = STYLED_ITEM('color',(#14251),#6913);
#14251 = PRESENTATION_STYLE_ASSIGNMENT((#14252,#14257));
#14252 = SURFACE_STYLE_USAGE(.BOTH.,#14253);
#14253 = SURFACE_SIDE_STYLE('',(#14254));
#14254 = SURFACE_STYLE_FILL_AREA(#14255);
#14255 = FILL_AREA_STYLE('',(#14256));
#14256 = FILL_AREA_STYLE_COLOUR('',#13449);
#14257 = CURVE_STYLE('',#14258,POSITIVE_LENGTH_MEASURE(0.1),#13449);
#14258 = DRAUGHTING_PRE_DEFINED_CURVE_FONT('continuous');
#14259 = STYLED_ITEM('color',(#14260),#7005);
#14260 = PRESENTATION_STYLE_ASSIGNMENT((#14261,#14266));
#14261 = SURFACE_STYLE_USAGE(.BOTH.,#14262);
#14262 = SURFACE_SIDE_STYLE('',(#14263));
#14263 = SURFACE_STYLE_FILL_AREA(#14264);
#14264 = FILL_AREA_STYLE('',(#14265));
#14265 = FILL_AREA_STYLE_COLOUR('',#13449);
#14266 = CURVE_STYLE('',#14267,POSITIVE_LENGTH_MEASURE(0.1),#13449);
#14267 = DRAUGHTING_PRE_DEFINED_CURVE_FONT('continuous');
#14268 = STYLED_ITEM('color',(#14269),#7030);
#14269 = PRESENTATION_STYLE_ASSIGNMENT((#14270,#14275));
#14270 = SURFACE_STYLE_USAGE(.BOTH.,#14271);
#14271 = SURFACE_SIDE_STYLE('',(#14272));
#14272 = SURFACE_STYLE_FILL_AREA(#14273);
#14273 = FILL_AREA_STYLE('',(#14274));
#14274 = FILL_AREA_STYLE_COLOUR('',#13449);
#14275 = CURVE_STYLE('',#14276,POSITIVE_LENGTH_MEASURE(0.1),#13449);
#14276 = DRAUGHTING_PRE_DEFINED_CURVE_FONT('continuous');
#14277 = STYLED_ITEM('color',(#14278),#7114);
#14278 = PRESENTATION_STYLE_ASSIGNMENT((#14279,#14284));
#14279 = SURFACE_STYLE_USAGE(.BOTH.,#14280);
#14280 = SURFACE_SIDE_STYLE('',(#14281));
#14281 = SURFACE_STYLE_FILL_AREA(#14282);
#14282 = FILL_AREA_STYLE('',(#14283));
#14283 = FILL_AREA_STYLE_COLOUR('',#13449);
#14284 = CURVE_STYLE('',#14285,POSITIVE_LENGTH_MEASURE(0.1),#13449);
#14285 = DRAUGHTING_PRE_DEFINED_CURVE_FONT('continuous');
#14286 = STYLED_ITEM('color',(#14287),#7131);
#14287 = PRESENTATION_STYLE_ASSIGNMENT((#14288,#14293));
#14288 = SURFACE_STYLE_USAGE(.BOTH.,#14289);
#14289 = SURFACE_SIDE_STYLE('',(#14290));
#14290 = SURFACE_STYLE_FILL_AREA(#14291);
#14291 = FILL_AREA_STYLE('',(#14292));
#14292 = FILL_AREA_STYLE_COLOUR('',#13449);
#14293 = CURVE_STYLE('',#14294,POSITIVE_LENGTH_MEASURE(0.1),#13449);
#14294 = DRAUGHTING_PRE_DEFINED_CURVE_FONT('continuous');
#14295 = STYLED_ITEM('color',(#14296),#7150);
#14296 = PRESENTATION_STYLE_ASSIGNMENT((#14297,#14302));
#14297 = SURFACE_STYLE_USAGE(.BOTH.,#14298);
#14298 = SURFACE_SIDE_STYLE('',(#14299));
#14299 = SURFACE_STYLE_FILL_AREA(#14300);
#14300 = FILL_AREA_STYLE('',(#14301));
#14301 = FILL_AREA_STYLE_COLOUR('',#13449);
#14302 = CURVE_STYLE('',#14303,POSITIVE_LENGTH_MEASURE(0.1),#13449);
#14303 = DRAUGHTING_PRE_DEFINED_CURVE_FONT('continuous');
#14304 = STYLED_ITEM('color',(#14305),#7169);
#14305 = PRESENTATION_STYLE_ASSIGNMENT((#14306,#14311));
#14306 = SURFACE_STYLE_USAGE(.BOTH.,#14307);
#14307 = SURFACE_SIDE_STYLE('',(#14308));
#14308 = SURFACE_STYLE_FILL_AREA(#14309);
#14309 = FILL_AREA_STYLE('',(#14310));
#14310 = FILL_AREA_STYLE_COLOUR('',#13449);
#14311 = CURVE_STYLE('',#14312,POSITIVE_LENGTH_MEASURE(0.1),#13449);
#14312 = DRAUGHTING_PRE_DEFINED_CURVE_FONT('continuous');
#14313 = STYLED_ITEM('color',(#14314),#7188);
#14314 = PRESENTATION_STYLE_ASSIGNMENT((#14315,#14320));
#14315 = SURFACE_STYLE_USAGE(.BOTH.,#14316);
#14316 = SURFACE_SIDE_STYLE('',(#14317));
#14317 = SURFACE_STYLE_FILL_AREA(#14318);
#14318 = FILL_AREA_STYLE('',(#14319));
#14319 = FILL_AREA_STYLE_COLOUR('',#13635);
#14320 = CURVE_STYLE('',#14321,POSITIVE_LENGTH_MEASURE(0.1),#13635);
#14321 = DRAUGHTING_PRE_DEFINED_CURVE_FONT('continuous');
#14322 = STYLED_ITEM('color',(#14323),#7234);
#14323 = PRESENTATION_STYLE_ASSIGNMENT((#14324,#14329));
#14324 = SURFACE_STYLE_USAGE(.BOTH.,#14325);
#14325 = SURFACE_SIDE_STYLE('',(#14326));
#14326 = SURFACE_STYLE_FILL_AREA(#14327);
#14327 = FILL_AREA_STYLE('',(#14328));
#14328 = FILL_AREA_STYLE_COLOUR('',#13635);
#14329 = CURVE_STYLE('',#14330,POSITIVE_LENGTH_MEASURE(0.1),#13635);
#14330 = DRAUGHTING_PRE_DEFINED_CURVE_FONT('continuous');
#14331 = STYLED_ITEM('color',(#14332),#7250);
#14332 = PRESENTATION_STYLE_ASSIGNMENT((#14333,#14338));
#14333 = SURFACE_STYLE_USAGE(.BOTH.,#14334);
#14334 = SURFACE_SIDE_STYLE('',(#14335));
#14335 = SURFACE_STYLE_FILL_AREA(#14336);
#14336 = FILL_AREA_STYLE('',(#14337));
#14337 = FILL_AREA_STYLE_COLOUR('',#13449);
#14338 = CURVE_STYLE('',#14339,POSITIVE_LENGTH_MEASURE(0.1),#13449);
#14339 = DRAUGHTING_PRE_DEFINED_CURVE_FONT('continuous');
#14340 = STYLED_ITEM('color',(#14341),#7269);
#14341 = PRESENTATION_STYLE_ASSIGNMENT((#14342,#14347));
#14342 = SURFACE_STYLE_USAGE(.BOTH.,#14343);
#14343 = SURFACE_SIDE_STYLE('',(#14344));
#14344 = SURFACE_STYLE_FILL_AREA(#14345);
#14345 = FILL_AREA_STYLE('',(#14346));
#14346 = FILL_AREA_STYLE_COLOUR('',#13449);
#14347 = CURVE_STYLE('',#14348,POSITIVE_LENGTH_MEASURE(0.1),#13449);
#14348 = DRAUGHTING_PRE_DEFINED_CURVE_FONT('continuous');
#14349 = STYLED_ITEM('color',(#14350),#7288);
#14350 = PRESENTATION_STYLE_ASSIGNMENT((#14351,#14356));
#14351 = SURFACE_STYLE_USAGE(.BOTH.,#14352);
#14352 = SURFACE_SIDE_STYLE('',(#14353));
#14353 = SURFACE_STYLE_FILL_AREA(#14354);
#14354 = FILL_AREA_STYLE('',(#14355));
#14355 = FILL_AREA_STYLE_COLOUR('',#13449);
#14356 = CURVE_STYLE('',#14357,POSITIVE_LENGTH_MEASURE(0.1),#13449);
#14357 = DRAUGHTING_PRE_DEFINED_CURVE_FONT('continuous');
#14358 = STYLED_ITEM('color',(#14359),#7307);
#14359 = PRESENTATION_STYLE_ASSIGNMENT((#14360,#14365));
#14360 = SURFACE_STYLE_USAGE(.BOTH.,#14361);
#14361 = SURFACE_SIDE_STYLE('',(#14362));
#14362 = SURFACE_STYLE_FILL_AREA(#14363);
#14363 = FILL_AREA_STYLE('',(#14364));
#14364 = FILL_AREA_STYLE_COLOUR('',#13635);
#14365 = CURVE_STYLE('',#14366,POSITIVE_LENGTH_MEASURE(0.1),#13635);
#14366 = DRAUGHTING_PRE_DEFINED_CURVE_FONT('continuous');
#14367 = STYLED_ITEM('color',(#14368),#7323);
#14368 = PRESENTATION_STYLE_ASSIGNMENT((#14369,#14374));
#14369 = SURFACE_STYLE_USAGE(.BOTH.,#14370);
#14370 = SURFACE_SIDE_STYLE('',(#14371));
#14371 = SURFACE_STYLE_FILL_AREA(#14372);
#14372 = FILL_AREA_STYLE('',(#14373));
#14373 = FILL_AREA_STYLE_COLOUR('',#13449);
#14374 = CURVE_STYLE('',#14375,POSITIVE_LENGTH_MEASURE(0.1),#13449);
#14375 = DRAUGHTING_PRE_DEFINED_CURVE_FONT('continuous');
#14376 = STYLED_ITEM('color',(#14377),#7340);
#14377 = PRESENTATION_STYLE_ASSIGNMENT((#14378,#14383));
#14378 = SURFACE_STYLE_USAGE(.BOTH.,#14379);
#14379 = SURFACE_SIDE_STYLE('',(#14380));
#14380 = SURFACE_STYLE_FILL_AREA(#14381);
#14381 = FILL_AREA_STYLE('',(#14382));
#14382 = FILL_AREA_STYLE_COLOUR('',#13635);
#14383 = CURVE_STYLE('',#14384,POSITIVE_LENGTH_MEASURE(0.1),#13635);
#14384 = DRAUGHTING_PRE_DEFINED_CURVE_FONT('continuous');
#14385 = STYLED_ITEM('color',(#14386),#7352);
#14386 = PRESENTATION_STYLE_ASSIGNMENT((#14387,#14392));
#14387 = SURFACE_STYLE_USAGE(.BOTH.,#14388);
#14388 = SURFACE_SIDE_STYLE('',(#14389));
#14389 = SURFACE_STYLE_FILL_AREA(#14390);
#14390 = FILL_AREA_STYLE('',(#14391));
#14391 = FILL_AREA_STYLE_COLOUR('',#13449);
#14392 = CURVE_STYLE('',#14393,POSITIVE_LENGTH_MEASURE(0.1),#13449);
#14393 = DRAUGHTING_PRE_DEFINED_CURVE_FONT('continuous');
#14394 = STYLED_ITEM('color',(#14395),#7369);
#14395 = PRESENTATION_STYLE_ASSIGNMENT((#14396,#14401));
#14396 = SURFACE_STYLE_USAGE(.BOTH.,#14397);
#14397 = SURFACE_SIDE_STYLE('',(#14398));
#14398 = SURFACE_STYLE_FILL_AREA(#14399);
#14399 = FILL_AREA_STYLE('',(#14400));
#14400 = FILL_AREA_STYLE_COLOUR('',#13449);
#14401 = CURVE_STYLE('',#14402,POSITIVE_LENGTH_MEASURE(0.1),#13449);
#14402 = DRAUGHTING_PRE_DEFINED_CURVE_FONT('continuous');
#14403 = STYLED_ITEM('color',(#14404),#7386);
#14404 = PRESENTATION_STYLE_ASSIGNMENT((#14405,#14410));
#14405 = SURFACE_STYLE_USAGE(.BOTH.,#14406);
#14406 = SURFACE_SIDE_STYLE('',(#14407));
#14407 = SURFACE_STYLE_FILL_AREA(#14408);
#14408 = FILL_AREA_STYLE('',(#14409));
#14409 = FILL_AREA_STYLE_COLOUR('',#13449);
#14410 = CURVE_STYLE('',#14411,POSITIVE_LENGTH_MEASURE(0.1),#13449);
#14411 = DRAUGHTING_PRE_DEFINED_CURVE_FONT('continuous');
#14412 = STYLED_ITEM('color',(#14413),#7403);
#14413 = PRESENTATION_STYLE_ASSIGNMENT((#14414,#14419));
#14414 = SURFACE_STYLE_USAGE(.BOTH.,#14415);
#14415 = SURFACE_SIDE_STYLE('',(#14416));
#14416 = SURFACE_STYLE_FILL_AREA(#14417);
#14417 = FILL_AREA_STYLE('',(#14418));
#14418 = FILL_AREA_STYLE_COLOUR('',#13449);
#14419 = CURVE_STYLE('',#14420,POSITIVE_LENGTH_MEASURE(0.1),#13449);
#14420 = DRAUGHTING_PRE_DEFINED_CURVE_FONT('continuous');
#14421 = STYLED_ITEM('color',(#14422),#7420);
#14422 = PRESENTATION_STYLE_ASSIGNMENT((#14423,#14428));
#14423 = SURFACE_STYLE_USAGE(.BOTH.,#14424);
#14424 = SURFACE_SIDE_STYLE('',(#14425));
#14425 = SURFACE_STYLE_FILL_AREA(#14426);
#14426 = FILL_AREA_STYLE('',(#14427));
#14427 = FILL_AREA_STYLE_COLOUR('',#13449);
#14428 = CURVE_STYLE('',#14429,POSITIVE_LENGTH_MEASURE(0.1),#13449);
#14429 = DRAUGHTING_PRE_DEFINED_CURVE_FONT('continuous');
#14430 = STYLED_ITEM('color',(#14431),#7437);
#14431 = PRESENTATION_STYLE_ASSIGNMENT((#14432,#14437));
#14432 = SURFACE_STYLE_USAGE(.BOTH.,#14433);
#14433 = SURFACE_SIDE_STYLE('',(#14434));
#14434 = SURFACE_STYLE_FILL_AREA(#14435);
#14435 = FILL_AREA_STYLE('',(#14436));
#14436 = FILL_AREA_STYLE_COLOUR('',#13449);
#14437 = CURVE_STYLE('',#14438,POSITIVE_LENGTH_MEASURE(0.1),#13449);
#14438 = DRAUGHTING_PRE_DEFINED_CURVE_FONT('continuous');
#14439 = STYLED_ITEM('color',(#14440),#7454);
#14440 = PRESENTATION_STYLE_ASSIGNMENT((#14441,#14446));
#14441 = SURFACE_STYLE_USAGE(.BOTH.,#14442);
#14442 = SURFACE_SIDE_STYLE('',(#14443));
#14443 = SURFACE_STYLE_FILL_AREA(#14444);
#14444 = FILL_AREA_STYLE('',(#14445));
#14445 = FILL_AREA_STYLE_COLOUR('',#13449);
#14446 = CURVE_STYLE('',#14447,POSITIVE_LENGTH_MEASURE(0.1),#13449);
#14447 = DRAUGHTING_PRE_DEFINED_CURVE_FONT('continuous');
#14448 = STYLED_ITEM('color',(#14449),#7471);
#14449 = PRESENTATION_STYLE_ASSIGNMENT((#14450,#14455));
#14450 = SURFACE_STYLE_USAGE(.BOTH.,#14451);
#14451 = SURFACE_SIDE_STYLE('',(#14452));
#14452 = SURFACE_STYLE_FILL_AREA(#14453);
#14453 = FILL_AREA_STYLE('',(#14454));
#14454 = FILL_AREA_STYLE_COLOUR('',#13449);
#14455 = CURVE_STYLE('',#14456,POSITIVE_LENGTH_MEASURE(0.1),#13449);
#14456 = DRAUGHTING_PRE_DEFINED_CURVE_FONT('continuous');
#14457 = STYLED_ITEM('color',(#14458),#7483);
#14458 = PRESENTATION_STYLE_ASSIGNMENT((#14459,#14464));
#14459 = SURFACE_STYLE_USAGE(.BOTH.,#14460);
#14460 = SURFACE_SIDE_STYLE('',(#14461));
#14461 = SURFACE_STYLE_FILL_AREA(#14462);
#14462 = FILL_AREA_STYLE('',(#14463));
#14463 = FILL_AREA_STYLE_COLOUR('',#13449);
#14464 = CURVE_STYLE('',#14465,POSITIVE_LENGTH_MEASURE(0.1),#13449);
#14465 = DRAUGHTING_PRE_DEFINED_CURVE_FONT('continuous');
#14466 = STYLED_ITEM('color',(#14467),#7500);
#14467 = PRESENTATION_STYLE_ASSIGNMENT((#14468,#14473));
#14468 = SURFACE_STYLE_USAGE(.BOTH.,#14469);
#14469 = SURFACE_SIDE_STYLE('',(#14470));
#14470 = SURFACE_STYLE_FILL_AREA(#14471);
#14471 = FILL_AREA_STYLE('',(#14472));
#14472 = FILL_AREA_STYLE_COLOUR('',#13449);
#14473 = CURVE_STYLE('',#14474,POSITIVE_LENGTH_MEASURE(0.1),#13449);
#14474 = DRAUGHTING_PRE_DEFINED_CURVE_FONT('continuous');
#14475 = STYLED_ITEM('color',(#14476),#7517);
#14476 = PRESENTATION_STYLE_ASSIGNMENT((#14477,#14482));
#14477 = SURFACE_STYLE_USAGE(.BOTH.,#14478);
#14478 = SURFACE_SIDE_STYLE('',(#14479));
#14479 = SURFACE_STYLE_FILL_AREA(#14480);
#14480 = FILL_AREA_STYLE('',(#14481));
#14481 = FILL_AREA_STYLE_COLOUR('',#13449);
#14482 = CURVE_STYLE('',#14483,POSITIVE_LENGTH_MEASURE(0.1),#13449);
#14483 = DRAUGHTING_PRE_DEFINED_CURVE_FONT('continuous');
#14484 = STYLED_ITEM('color',(#14485),#7534);
#14485 = PRESENTATION_STYLE_ASSIGNMENT((#14486,#14491));
#14486 = SURFACE_STYLE_USAGE(.BOTH.,#14487);
#14487 = SURFACE_SIDE_STYLE('',(#14488));
#14488 = SURFACE_STYLE_FILL_AREA(#14489);
#14489 = FILL_AREA_STYLE('',(#14490));
#14490 = FILL_AREA_STYLE_COLOUR('',#13449);
#14491 = CURVE_STYLE('',#14492,POSITIVE_LENGTH_MEASURE(0.1),#13449);
#14492 = DRAUGHTING_PRE_DEFINED_CURVE_FONT('continuous');
#14493 = STYLED_ITEM('color',(#14494),#7551);
#14494 = PRESENTATION_STYLE_ASSIGNMENT((#14495,#14500));
#14495 = SURFACE_STYLE_USAGE(.BOTH.,#14496);
#14496 = SURFACE_SIDE_STYLE('',(#14497));
#14497 = SURFACE_STYLE_FILL_AREA(#14498);
#14498 = FILL_AREA_STYLE('',(#14499));
#14499 = FILL_AREA_STYLE_COLOUR('',#13449);
#14500 = CURVE_STYLE('',#14501,POSITIVE_LENGTH_MEASURE(0.1),#13449);
#14501 = DRAUGHTING_PRE_DEFINED_CURVE_FONT('continuous');
#14502 = STYLED_ITEM('color',(#14503),#7568);
#14503 = PRESENTATION_STYLE_ASSIGNMENT((#14504,#14509));
#14504 = SURFACE_STYLE_USAGE(.BOTH.,#14505);
#14505 = SURFACE_SIDE_STYLE('',(#14506));
#14506 = SURFACE_STYLE_FILL_AREA(#14507);
#14507 = FILL_AREA_STYLE('',(#14508));
#14508 = FILL_AREA_STYLE_COLOUR('',#13449);
#14509 = CURVE_STYLE('',#14510,POSITIVE_LENGTH_MEASURE(0.1),#13449);
#14510 = DRAUGHTING_PRE_DEFINED_CURVE_FONT('continuous');
#14511 = STYLED_ITEM('color',(#14512),#7585);
#14512 = PRESENTATION_STYLE_ASSIGNMENT((#14513,#14518));
#14513 = SURFACE_STYLE_USAGE(.BOTH.,#14514);
#14514 = SURFACE_SIDE_STYLE('',(#14515));
#14515 = SURFACE_STYLE_FILL_AREA(#14516);
#14516 = FILL_AREA_STYLE('',(#14517));
#14517 = FILL_AREA_STYLE_COLOUR('',#13449);
#14518 = CURVE_STYLE('',#14519,POSITIVE_LENGTH_MEASURE(0.1),#13449);
#14519 = DRAUGHTING_PRE_DEFINED_CURVE_FONT('continuous');
#14520 = STYLED_ITEM('color',(#14521),#7602);
#14521 = PRESENTATION_STYLE_ASSIGNMENT((#14522,#14527));
#14522 = SURFACE_STYLE_USAGE(.BOTH.,#14523);
#14523 = SURFACE_SIDE_STYLE('',(#14524));
#14524 = SURFACE_STYLE_FILL_AREA(#14525);
#14525 = FILL_AREA_STYLE('',(#14526));
#14526 = FILL_AREA_STYLE_COLOUR('',#13449);
#14527 = CURVE_STYLE('',#14528,POSITIVE_LENGTH_MEASURE(0.1),#13449);
#14528 = DRAUGHTING_PRE_DEFINED_CURVE_FONT('continuous');
#14529 = STYLED_ITEM('color',(#14530),#7614);
#14530 = PRESENTATION_STYLE_ASSIGNMENT((#14531,#14536));
#14531 = SURFACE_STYLE_USAGE(.BOTH.,#14532);
#14532 = SURFACE_SIDE_STYLE('',(#14533));
#14533 = SURFACE_STYLE_FILL_AREA(#14534);
#14534 = FILL_AREA_STYLE('',(#14535));
#14535 = FILL_AREA_STYLE_COLOUR('',#13449);
#14536 = CURVE_STYLE('',#14537,POSITIVE_LENGTH_MEASURE(0.1),#13449);
#14537 = DRAUGHTING_PRE_DEFINED_CURVE_FONT('continuous');
#14538 = STYLED_ITEM('color',(#14539),#7631);
#14539 = PRESENTATION_STYLE_ASSIGNMENT((#14540,#14545));
#14540 = SURFACE_STYLE_USAGE(.BOTH.,#14541);
#14541 = SURFACE_SIDE_STYLE('',(#14542));
#14542 = SURFACE_STYLE_FILL_AREA(#14543);
#14543 = FILL_AREA_STYLE('',(#14544));
#14544 = FILL_AREA_STYLE_COLOUR('',#13449);
#14545 = CURVE_STYLE('',#14546,POSITIVE_LENGTH_MEASURE(0.1),#13449);
#14546 = DRAUGHTING_PRE_DEFINED_CURVE_FONT('continuous');
#14547 = STYLED_ITEM('color',(#14548),#7648);
#14548 = PRESENTATION_STYLE_ASSIGNMENT((#14549,#14554));
#14549 = SURFACE_STYLE_USAGE(.BOTH.,#14550);
#14550 = SURFACE_SIDE_STYLE('',(#14551));
#14551 = SURFACE_STYLE_FILL_AREA(#14552);
#14552 = FILL_AREA_STYLE('',(#14553));
#14553 = FILL_AREA_STYLE_COLOUR('',#13449);
#14554 = CURVE_STYLE('',#14555,POSITIVE_LENGTH_MEASURE(0.1),#13449);
#14555 = DRAUGHTING_PRE_DEFINED_CURVE_FONT('continuous');
#14556 = STYLED_ITEM('color',(#14557),#7665);
#14557 = PRESENTATION_STYLE_ASSIGNMENT((#14558,#14563));
#14558 = SURFACE_STYLE_USAGE(.BOTH.,#14559);
#14559 = SURFACE_SIDE_STYLE('',(#14560));
#14560 = SURFACE_STYLE_FILL_AREA(#14561);
#14561 = FILL_AREA_STYLE('',(#14562));
#14562 = FILL_AREA_STYLE_COLOUR('',#13449);
#14563 = CURVE_STYLE('',#14564,POSITIVE_LENGTH_MEASURE(0.1),#13449);
#14564 = DRAUGHTING_PRE_DEFINED_CURVE_FONT('continuous');
#14565 = STYLED_ITEM('color',(#14566),#7682);
#14566 = PRESENTATION_STYLE_ASSIGNMENT((#14567,#14572));
#14567 = SURFACE_STYLE_USAGE(.BOTH.,#14568);
#14568 = SURFACE_SIDE_STYLE('',(#14569));
#14569 = SURFACE_STYLE_FILL_AREA(#14570);
#14570 = FILL_AREA_STYLE('',(#14571));
#14571 = FILL_AREA_STYLE_COLOUR('',#13449);
#14572 = CURVE_STYLE('',#14573,POSITIVE_LENGTH_MEASURE(0.1),#13449);
#14573 = DRAUGHTING_PRE_DEFINED_CURVE_FONT('continuous');
#14574 = STYLED_ITEM('color',(#14575),#7699);
#14575 = PRESENTATION_STYLE_ASSIGNMENT((#14576,#14581));
#14576 = SURFACE_STYLE_USAGE(.BOTH.,#14577);
#14577 = SURFACE_SIDE_STYLE('',(#14578));
#14578 = SURFACE_STYLE_FILL_AREA(#14579);
#14579 = FILL_AREA_STYLE('',(#14580));
#14580 = FILL_AREA_STYLE_COLOUR('',#13449);
#14581 = CURVE_STYLE('',#14582,POSITIVE_LENGTH_MEASURE(0.1),#13449);
#14582 = DRAUGHTING_PRE_DEFINED_CURVE_FONT('continuous');
#14583 = STYLED_ITEM('color',(#14584),#7716);
#14584 = PRESENTATION_STYLE_ASSIGNMENT((#14585,#14590));
#14585 = SURFACE_STYLE_USAGE(.BOTH.,#14586);
#14586 = SURFACE_SIDE_STYLE('',(#14587));
#14587 = SURFACE_STYLE_FILL_AREA(#14588);
#14588 = FILL_AREA_STYLE('',(#14589));
#14589 = FILL_AREA_STYLE_COLOUR('',#13449);
#14590 = CURVE_STYLE('',#14591,POSITIVE_LENGTH_MEASURE(0.1),#13449);
#14591 = DRAUGHTING_PRE_DEFINED_CURVE_FONT('continuous');
#14592 = STYLED_ITEM('color',(#14593),#7733);
#14593 = PRESENTATION_STYLE_ASSIGNMENT((#14594,#14599));
#14594 = SURFACE_STYLE_USAGE(.BOTH.,#14595);
#14595 = SURFACE_SIDE_STYLE('',(#14596));
#14596 = SURFACE_STYLE_FILL_AREA(#14597);
#14597 = FILL_AREA_STYLE('',(#14598));
#14598 = FILL_AREA_STYLE_COLOUR('',#13449);
#14599 = CURVE_STYLE('',#14600,POSITIVE_LENGTH_MEASURE(0.1),#13449);
#14600 = DRAUGHTING_PRE_DEFINED_CURVE_FONT('continuous');
#14601 = STYLED_ITEM('color',(#14602),#7745);
#14602 = PRESENTATION_STYLE_ASSIGNMENT((#14603,#14608));
#14603 = SURFACE_STYLE_USAGE(.BOTH.,#14604);
#14604 = SURFACE_SIDE_STYLE('',(#14605));
#14605 = SURFACE_STYLE_FILL_AREA(#14606);
#14606 = FILL_AREA_STYLE('',(#14607));
#14607 = FILL_AREA_STYLE_COLOUR('',#13449);
#14608 = CURVE_STYLE('',#14609,POSITIVE_LENGTH_MEASURE(0.1),#13449);
#14609 = DRAUGHTING_PRE_DEFINED_CURVE_FONT('continuous');
#14610 = STYLED_ITEM('color',(#14611),#7762);
#14611 = PRESENTATION_STYLE_ASSIGNMENT((#14612,#14617));
#14612 = SURFACE_STYLE_USAGE(.BOTH.,#14613);
#14613 = SURFACE_SIDE_STYLE('',(#14614));
#14614 = SURFACE_STYLE_FILL_AREA(#14615);
#14615 = FILL_AREA_STYLE('',(#14616));
#14616 = FILL_AREA_STYLE_COLOUR('',#13449);
#14617 = CURVE_STYLE('',#14618,POSITIVE_LENGTH_MEASURE(0.1),#13449);
#14618 = DRAUGHTING_PRE_DEFINED_CURVE_FONT('continuous');
#14619 = STYLED_ITEM('color',(#14620),#7779);
#14620 = PRESENTATION_STYLE_ASSIGNMENT((#14621,#14626));
#14621 = SURFACE_STYLE_USAGE(.BOTH.,#14622);
#14622 = SURFACE_SIDE_STYLE('',(#14623));
#14623 = SURFACE_STYLE_FILL_AREA(#14624);
#14624 = FILL_AREA_STYLE('',(#14625));
#14625 = FILL_AREA_STYLE_COLOUR('',#13449);
#14626 = CURVE_STYLE('',#14627,POSITIVE_LENGTH_MEASURE(0.1),#13449);
#14627 = DRAUGHTING_PRE_DEFINED_CURVE_FONT('continuous');
#14628 = STYLED_ITEM('color',(#14629),#7796);
#14629 = PRESENTATION_STYLE_ASSIGNMENT((#14630,#14635));
#14630 = SURFACE_STYLE_USAGE(.BOTH.,#14631);
#14631 = SURFACE_SIDE_STYLE('',(#14632));
#14632 = SURFACE_STYLE_FILL_AREA(#14633);
#14633 = FILL_AREA_STYLE('',(#14634));
#14634 = FILL_AREA_STYLE_COLOUR('',#13449);
#14635 = CURVE_STYLE('',#14636,POSITIVE_LENGTH_MEASURE(0.1),#13449);
#14636 = DRAUGHTING_PRE_DEFINED_CURVE_FONT('continuous');
#14637 = STYLED_ITEM('color',(#14638),#7813);
#14638 = PRESENTATION_STYLE_ASSIGNMENT((#14639,#14644));
#14639 = SURFACE_STYLE_USAGE(.BOTH.,#14640);
#14640 = SURFACE_SIDE_STYLE('',(#14641));
#14641 = SURFACE_STYLE_FILL_AREA(#14642);
#14642 = FILL_AREA_STYLE('',(#14643));
#14643 = FILL_AREA_STYLE_COLOUR('',#13449);
#14644 = CURVE_STYLE('',#14645,POSITIVE_LENGTH_MEASURE(0.1),#13449);
#14645 = DRAUGHTING_PRE_DEFINED_CURVE_FONT('continuous');
#14646 = STYLED_ITEM('color',(#14647),#7830);
#14647 = PRESENTATION_STYLE_ASSIGNMENT((#14648,#14653));
#14648 = SURFACE_STYLE_USAGE(.BOTH.,#14649);
#14649 = SURFACE_SIDE_STYLE('',(#14650));
#14650 = SURFACE_STYLE_FILL_AREA(#14651);
#14651 = FILL_AREA_STYLE('',(#14652));
#14652 = FILL_AREA_STYLE_COLOUR('',#13449);
#14653 = CURVE_STYLE('',#14654,POSITIVE_LENGTH_MEASURE(0.1),#13449);
#14654 = DRAUGHTING_PRE_DEFINED_CURVE_FONT('continuous');
#14655 = STYLED_ITEM('color',(#14656),#7847);
#14656 = PRESENTATION_STYLE_ASSIGNMENT((#14657,#14662));
#14657 = SURFACE_STYLE_USAGE(.BOTH.,#14658);
#14658 = SURFACE_SIDE_STYLE('',(#14659));
#14659 = SURFACE_STYLE_FILL_AREA(#14660);
#14660 = FILL_AREA_STYLE('',(#14661));
#14661 = FILL_AREA_STYLE_COLOUR('',#13449);
#14662 = CURVE_STYLE('',#14663,POSITIVE_LENGTH_MEASURE(0.1),#13449);
#14663 = DRAUGHTING_PRE_DEFINED_CURVE_FONT('continuous');
#14664 = STYLED_ITEM('color',(#14665),#7859);
#14665 = PRESENTATION_STYLE_ASSIGNMENT((#14666,#14671));
#14666 = SURFACE_STYLE_USAGE(.BOTH.,#14667);
#14667 = SURFACE_SIDE_STYLE('',(#14668));
#14668 = SURFACE_STYLE_FILL_AREA(#14669);
#14669 = FILL_AREA_STYLE('',(#14670));
#14670 = FILL_AREA_STYLE_COLOUR('',#13449);
#14671 = CURVE_STYLE('',#14672,POSITIVE_LENGTH_MEASURE(0.1),#13449);
#14672 = DRAUGHTING_PRE_DEFINED_CURVE_FONT('continuous');
#14673 = STYLED_ITEM('color',(#14674),#7876);
#14674 = PRESENTATION_STYLE_ASSIGNMENT((#14675,#14680));
#14675 = SURFACE_STYLE_USAGE(.BOTH.,#14676);
#14676 = SURFACE_SIDE_STYLE('',(#14677));
#14677 = SURFACE_STYLE_FILL_AREA(#14678);
#14678 = FILL_AREA_STYLE('',(#14679));
#14679 = FILL_AREA_STYLE_COLOUR('',#13449);
#14680 = CURVE_STYLE('',#14681,POSITIVE_LENGTH_MEASURE(0.1),#13449);
#14681 = DRAUGHTING_PRE_DEFINED_CURVE_FONT('continuous');
#14682 = STYLED_ITEM('color',(#14683),#7893);
#14683 = PRESENTATION_STYLE_ASSIGNMENT((#14684,#14689));
#14684 = SURFACE_STYLE_USAGE(.BOTH.,#14685);
#14685 = SURFACE_SIDE_STYLE('',(#14686));
#14686 = SURFACE_STYLE_FILL_AREA(#14687);
#14687 = FILL_AREA_STYLE('',(#14688));
#14688 = FILL_AREA_STYLE_COLOUR('',#13449);
#14689 = CURVE_STYLE('',#14690,POSITIVE_LENGTH_MEASURE(0.1),#13449);
#14690 = DRAUGHTING_PRE_DEFINED_CURVE_FONT('continuous');
#14691 = STYLED_ITEM('color',(#14692),#7910);
#14692 = PRESENTATION_STYLE_ASSIGNMENT((#14693,#14698));
#14693 = SURFACE_STYLE_USAGE(.BOTH.,#14694);
#14694 = SURFACE_SIDE_STYLE('',(#14695));
#14695 = SURFACE_STYLE_FILL_AREA(#14696);
#14696 = FILL_AREA_STYLE('',(#14697));
#14697 = FILL_AREA_STYLE_COLOUR('',#13449);
#14698 = CURVE_STYLE('',#14699,POSITIVE_LENGTH_MEASURE(0.1),#13449);
#14699 = DRAUGHTING_PRE_DEFINED_CURVE_FONT('continuous');
#14700 = STYLED_ITEM('color',(#14701),#7927);
#14701 = PRESENTATION_STYLE_ASSIGNMENT((#14702,#14707));
#14702 = SURFACE_STYLE_USAGE(.BOTH.,#14703);
#14703 = SURFACE_SIDE_STYLE('',(#14704));
#14704 = SURFACE_STYLE_FILL_AREA(#14705);
#14705 = FILL_AREA_STYLE('',(#14706));
#14706 = FILL_AREA_STYLE_COLOUR('',#13449);
#14707 = CURVE_STYLE('',#14708,POSITIVE_LENGTH_MEASURE(0.1),#13449);
#14708 = DRAUGHTING_PRE_DEFINED_CURVE_FONT('continuous');
#14709 = STYLED_ITEM('color',(#14710),#7944);
#14710 = PRESENTATION_STYLE_ASSIGNMENT((#14711,#14716));
#14711 = SURFACE_STYLE_USAGE(.BOTH.,#14712);
#14712 = SURFACE_SIDE_STYLE('',(#14713));
#14713 = SURFACE_STYLE_FILL_AREA(#14714);
#14714 = FILL_AREA_STYLE('',(#14715));
#14715 = FILL_AREA_STYLE_COLOUR('',#13449);
#14716 = CURVE_STYLE('',#14717,POSITIVE_LENGTH_MEASURE(0.1),#13449);
#14717 = DRAUGHTING_PRE_DEFINED_CURVE_FONT('continuous');
#14718 = STYLED_ITEM('color',(#14719),#7961);
#14719 = PRESENTATION_STYLE_ASSIGNMENT((#14720,#14725));
#14720 = SURFACE_STYLE_USAGE(.BOTH.,#14721);
#14721 = SURFACE_SIDE_STYLE('',(#14722));
#14722 = SURFACE_STYLE_FILL_AREA(#14723);
#14723 = FILL_AREA_STYLE('',(#14724));
#14724 = FILL_AREA_STYLE_COLOUR('',#13449);
#14725 = CURVE_STYLE('',#14726,POSITIVE_LENGTH_MEASURE(0.1),#13449);
#14726 = DRAUGHTING_PRE_DEFINED_CURVE_FONT('continuous');
#14727 = STYLED_ITEM('color',(#14728),#7973);
#14728 = PRESENTATION_STYLE_ASSIGNMENT((#14729,#14734));
#14729 = SURFACE_STYLE_USAGE(.BOTH.,#14730);
#14730 = SURFACE_SIDE_STYLE('',(#14731));
#14731 = SURFACE_STYLE_FILL_AREA(#14732);
#14732 = FILL_AREA_STYLE('',(#14733));
#14733 = FILL_AREA_STYLE_COLOUR('',#13449);
#14734 = CURVE_STYLE('',#14735,POSITIVE_LENGTH_MEASURE(0.1),#13449);
#14735 = DRAUGHTING_PRE_DEFINED_CURVE_FONT('continuous');
#14736 = STYLED_ITEM('color',(#14737),#7990);
#14737 = PRESENTATION_STYLE_ASSIGNMENT((#14738,#14743));
#14738 = SURFACE_STYLE_USAGE(.BOTH.,#14739);
#14739 = SURFACE_SIDE_STYLE('',(#14740));
#14740 = SURFACE_STYLE_FILL_AREA(#14741);
#14741 = FILL_AREA_STYLE('',(#14742));
#14742 = FILL_AREA_STYLE_COLOUR('',#13449);
#14743 = CURVE_STYLE('',#14744,POSITIVE_LENGTH_MEASURE(0.1),#13449);
#14744 = DRAUGHTING_PRE_DEFINED_CURVE_FONT('continuous');
#14745 = STYLED_ITEM('color',(#14746),#8007);
#14746 = PRESENTATION_STYLE_ASSIGNMENT((#14747,#14752));
#14747 = SURFACE_STYLE_USAGE(.BOTH.,#14748);
#14748 = SURFACE_SIDE_STYLE('',(#14749));
#14749 = SURFACE_STYLE_FILL_AREA(#14750);
#14750 = FILL_AREA_STYLE('',(#14751));
#14751 = FILL_AREA_STYLE_COLOUR('',#13449);
#14752 = CURVE_STYLE('',#14753,POSITIVE_LENGTH_MEASURE(0.1),#13449);
#14753 = DRAUGHTING_PRE_DEFINED_CURVE_FONT('continuous');
#14754 = STYLED_ITEM('color',(#14755),#8024);
#14755 = PRESENTATION_STYLE_ASSIGNMENT((#14756,#14761));
#14756 = SURFACE_STYLE_USAGE(.BOTH.,#14757);
#14757 = SURFACE_SIDE_STYLE('',(#14758));
#14758 = SURFACE_STYLE_FILL_AREA(#14759);
#14759 = FILL_AREA_STYLE('',(#14760));
#14760 = FILL_AREA_STYLE_COLOUR('',#13449);
#14761 = CURVE_STYLE('',#14762,POSITIVE_LENGTH_MEASURE(0.1),#13449);
#14762 = DRAUGHTING_PRE_DEFINED_CURVE_FONT('continuous');
#14763 = STYLED_ITEM('color',(#14764),#8041);
#14764 = PRESENTATION_STYLE_ASSIGNMENT((#14765,#14770));
#14765 = SURFACE_STYLE_USAGE(.BOTH.,#14766);
#14766 = SURFACE_SIDE_STYLE('',(#14767));
#14767 = SURFACE_STYLE_FILL_AREA(#14768);
#14768 = FILL_AREA_STYLE('',(#14769));
#14769 = FILL_AREA_STYLE_COLOUR('',#13449);
#14770 = CURVE_STYLE('',#14771,POSITIVE_LENGTH_MEASURE(0.1),#13449);
#14771 = DRAUGHTING_PRE_DEFINED_CURVE_FONT('continuous');
#14772 = STYLED_ITEM('color',(#14773),#8058);
#14773 = PRESENTATION_STYLE_ASSIGNMENT((#14774,#14779));
#14774 = SURFACE_STYLE_USAGE(.BOTH.,#14775);
#14775 = SURFACE_SIDE_STYLE('',(#14776));
#14776 = SURFACE_STYLE_FILL_AREA(#14777);
#14777 = FILL_AREA_STYLE('',(#14778));
#14778 = FILL_AREA_STYLE_COLOUR('',#13449);
#14779 = CURVE_STYLE('',#14780,POSITIVE_LENGTH_MEASURE(0.1),#13449);
#14780 = DRAUGHTING_PRE_DEFINED_CURVE_FONT('continuous');
#14781 = STYLED_ITEM('color',(#14782),#8075);
#14782 = PRESENTATION_STYLE_ASSIGNMENT((#14783,#14788));
#14783 = SURFACE_STYLE_USAGE(.BOTH.,#14784);
#14784 = SURFACE_SIDE_STYLE('',(#14785));
#14785 = SURFACE_STYLE_FILL_AREA(#14786);
#14786 = FILL_AREA_STYLE('',(#14787));
#14787 = FILL_AREA_STYLE_COLOUR('',#13449);
#14788 = CURVE_STYLE('',#14789,POSITIVE_LENGTH_MEASURE(0.1),#13449);
#14789 = DRAUGHTING_PRE_DEFINED_CURVE_FONT('continuous');
#14790 = STYLED_ITEM('color',(#14791),#8092);
#14791 = PRESENTATION_STYLE_ASSIGNMENT((#14792,#14797));
#14792 = SURFACE_STYLE_USAGE(.BOTH.,#14793);
#14793 = SURFACE_SIDE_STYLE('',(#14794));
#14794 = SURFACE_STYLE_FILL_AREA(#14795);
#14795 = FILL_AREA_STYLE('',(#14796));
#14796 = FILL_AREA_STYLE_COLOUR('',#13449);
#14797 = CURVE_STYLE('',#14798,POSITIVE_LENGTH_MEASURE(0.1),#13449);
#14798 = DRAUGHTING_PRE_DEFINED_CURVE_FONT('continuous');
#14799 = STYLED_ITEM('color',(#14800),#8104);
#14800 = PRESENTATION_STYLE_ASSIGNMENT((#14801,#14806));
#14801 = SURFACE_STYLE_USAGE(.BOTH.,#14802);
#14802 = SURFACE_SIDE_STYLE('',(#14803));
#14803 = SURFACE_STYLE_FILL_AREA(#14804);
#14804 = FILL_AREA_STYLE('',(#14805));
#14805 = FILL_AREA_STYLE_COLOUR('',#13449);
#14806 = CURVE_STYLE('',#14807,POSITIVE_LENGTH_MEASURE(0.1),#13449);
#14807 = DRAUGHTING_PRE_DEFINED_CURVE_FONT('continuous');
#14808 = STYLED_ITEM('color',(#14809),#8121);
#14809 = PRESENTATION_STYLE_ASSIGNMENT((#14810,#14815));
#14810 = SURFACE_STYLE_USAGE(.BOTH.,#14811);
#14811 = SURFACE_SIDE_STYLE('',(#14812));
#14812 = SURFACE_STYLE_FILL_AREA(#14813);
#14813 = FILL_AREA_STYLE('',(#14814));
#14814 = FILL_AREA_STYLE_COLOUR('',#13449);
#14815 = CURVE_STYLE('',#14816,POSITIVE_LENGTH_MEASURE(0.1),#13449);
#14816 = DRAUGHTING_PRE_DEFINED_CURVE_FONT('continuous');
#14817 = STYLED_ITEM('color',(#14818),#8138);
#14818 = PRESENTATION_STYLE_ASSIGNMENT((#14819,#14824));
#14819 = SURFACE_STYLE_USAGE(.BOTH.,#14820);
#14820 = SURFACE_SIDE_STYLE('',(#14821));
#14821 = SURFACE_STYLE_FILL_AREA(#14822);
#14822 = FILL_AREA_STYLE('',(#14823));
#14823 = FILL_AREA_STYLE_COLOUR('',#13449);
#14824 = CURVE_STYLE('',#14825,POSITIVE_LENGTH_MEASURE(0.1),#13449);
#14825 = DRAUGHTING_PRE_DEFINED_CURVE_FONT('continuous');
#14826 = STYLED_ITEM('color',(#14827),#8155);
#14827 = PRESENTATION_STYLE_ASSIGNMENT((#14828,#14833));
#14828 = SURFACE_STYLE_USAGE(.BOTH.,#14829);
#14829 = SURFACE_SIDE_STYLE('',(#14830));
#14830 = SURFACE_STYLE_FILL_AREA(#14831);
#14831 = FILL_AREA_STYLE('',(#14832));
#14832 = FILL_AREA_STYLE_COLOUR('',#13449);
#14833 = CURVE_STYLE('',#14834,POSITIVE_LENGTH_MEASURE(0.1),#13449);
#14834 = DRAUGHTING_PRE_DEFINED_CURVE_FONT('continuous');
#14835 = STYLED_ITEM('color',(#14836),#8172);
#14836 = PRESENTATION_STYLE_ASSIGNMENT((#14837,#14842));
#14837 = SURFACE_STYLE_USAGE(.BOTH.,#14838);
#14838 = SURFACE_SIDE_STYLE('',(#14839));
#14839 = SURFACE_STYLE_FILL_AREA(#14840);
#14840 = FILL_AREA_STYLE('',(#14841));
#14841 = FILL_AREA_STYLE_COLOUR('',#13449);
#14842 = CURVE_STYLE('',#14843,POSITIVE_LENGTH_MEASURE(0.1),#13449);
#14843 = DRAUGHTING_PRE_DEFINED_CURVE_FONT('continuous');
#14844 = STYLED_ITEM('color',(#14845),#8189);
#14845 = PRESENTATION_STYLE_ASSIGNMENT((#14846,#14851));
#14846 = SURFACE_STYLE_USAGE(.BOTH.,#14847);
#14847 = SURFACE_SIDE_STYLE('',(#14848));
#14848 = SURFACE_STYLE_FILL_AREA(#14849);
#14849 = FILL_AREA_STYLE('',(#14850));
#14850 = FILL_AREA_STYLE_COLOUR('',#13449);
#14851 = CURVE_STYLE('',#14852,POSITIVE_LENGTH_MEASURE(0.1),#13449);
#14852 = DRAUGHTING_PRE_DEFINED_CURVE_FONT('continuous');
#14853 = STYLED_ITEM('color',(#14854),#8206);
#14854 = PRESENTATION_STYLE_ASSIGNMENT((#14855,#14860));
#14855 = SURFACE_STYLE_USAGE(.BOTH.,#14856);
#14856 = SURFACE_SIDE_STYLE('',(#14857));
#14857 = SURFACE_STYLE_FILL_AREA(#14858);
#14858 = FILL_AREA_STYLE('',(#14859));
#14859 = FILL_AREA_STYLE_COLOUR('',#13449);
#14860 = CURVE_STYLE('',#14861,POSITIVE_LENGTH_MEASURE(0.1),#13449);
#14861 = DRAUGHTING_PRE_DEFINED_CURVE_FONT('continuous');
#14862 = STYLED_ITEM('color',(#14863),#8223);
#14863 = PRESENTATION_STYLE_ASSIGNMENT((#14864,#14869));
#14864 = SURFACE_STYLE_USAGE(.BOTH.,#14865);
#14865 = SURFACE_SIDE_STYLE('',(#14866));
#14866 = SURFACE_STYLE_FILL_AREA(#14867);
#14867 = FILL_AREA_STYLE('',(#14868));
#14868 = FILL_AREA_STYLE_COLOUR('',#13449);
#14869 = CURVE_STYLE('',#14870,POSITIVE_LENGTH_MEASURE(0.1),#13449);
#14870 = DRAUGHTING_PRE_DEFINED_CURVE_FONT('continuous');
#14871 = STYLED_ITEM('color',(#14872),#8235);
#14872 = PRESENTATION_STYLE_ASSIGNMENT((#14873,#14878));
#14873 = SURFACE_STYLE_USAGE(.BOTH.,#14874);
#14874 = SURFACE_SIDE_STYLE('',(#14875));
#14875 = SURFACE_STYLE_FILL_AREA(#14876);
#14876 = FILL_AREA_STYLE('',(#14877));
#14877 = FILL_AREA_STYLE_COLOUR('',#13449);
#14878 = CURVE_STYLE('',#14879,POSITIVE_LENGTH_MEASURE(0.1),#13449);
#14879 = DRAUGHTING_PRE_DEFINED_CURVE_FONT('continuous');
#14880 = STYLED_ITEM('color',(#14881),#8252);
#14881 = PRESENTATION_STYLE_ASSIGNMENT((#14882,#14887));
#14882 = SURFACE_STYLE_USAGE(.BOTH.,#14883);
#14883 = SURFACE_SIDE_STYLE('',(#14884));
#14884 = SURFACE_STYLE_FILL_AREA(#14885);
#14885 = FILL_AREA_STYLE('',(#14886));
#14886 = FILL_AREA_STYLE_COLOUR('',#13449);
#14887 = CURVE_STYLE('',#14888,POSITIVE_LENGTH_MEASURE(0.1),#13449);
#14888 = DRAUGHTING_PRE_DEFINED_CURVE_FONT('continuous');
#14889 = STYLED_ITEM('color',(#14890),#8269);
#14890 = PRESENTATION_STYLE_ASSIGNMENT((#14891,#14896));
#14891 = SURFACE_STYLE_USAGE(.BOTH.,#14892);
#14892 = SURFACE_SIDE_STYLE('',(#14893));
#14893 = SURFACE_STYLE_FILL_AREA(#14894);
#14894 = FILL_AREA_STYLE('',(#14895));
#14895 = FILL_AREA_STYLE_COLOUR('',#13449);
#14896 = CURVE_STYLE('',#14897,POSITIVE_LENGTH_MEASURE(0.1),#13449);
#14897 = DRAUGHTING_PRE_DEFINED_CURVE_FONT('continuous');
#14898 = STYLED_ITEM('color',(#14899),#8286);
#14899 = PRESENTATION_STYLE_ASSIGNMENT((#14900,#14905));
#14900 = SURFACE_STYLE_USAGE(.BOTH.,#14901);
#14901 = SURFACE_SIDE_STYLE('',(#14902));
#14902 = SURFACE_STYLE_FILL_AREA(#14903);
#14903 = FILL_AREA_STYLE('',(#14904));
#14904 = FILL_AREA_STYLE_COLOUR('',#13449);
#14905 = CURVE_STYLE('',#14906,POSITIVE_LENGTH_MEASURE(0.1),#13449);
#14906 = DRAUGHTING_PRE_DEFINED_CURVE_FONT('continuous');
#14907 = STYLED_ITEM('color',(#14908),#8303);
#14908 = PRESENTATION_STYLE_ASSIGNMENT((#14909,#14914));
#14909 = SURFACE_STYLE_USAGE(.BOTH.,#14910);
#14910 = SURFACE_SIDE_STYLE('',(#14911));
#14911 = SURFACE_STYLE_FILL_AREA(#14912);
#14912 = FILL_AREA_STYLE('',(#14913));
#14913 = FILL_AREA_STYLE_COLOUR('',#13449);
#14914 = CURVE_STYLE('',#14915,POSITIVE_LENGTH_MEASURE(0.1),#13449);
#14915 = DRAUGHTING_PRE_DEFINED_CURVE_FONT('continuous');
#14916 = STYLED_ITEM('color',(#14917),#8320);
#14917 = PRESENTATION_STYLE_ASSIGNMENT((#14918,#14923));
#14918 = SURFACE_STYLE_USAGE(.BOTH.,#14919);
#14919 = SURFACE_SIDE_STYLE('',(#14920));
#14920 = SURFACE_STYLE_FILL_AREA(#14921);
#14921 = FILL_AREA_STYLE('',(#14922));
#14922 = FILL_AREA_STYLE_COLOUR('',#13449);
#14923 = CURVE_STYLE('',#14924,POSITIVE_LENGTH_MEASURE(0.1),#13449);
#14924 = DRAUGHTING_PRE_DEFINED_CURVE_FONT('continuous');
#14925 = STYLED_ITEM('color',(#14926),#8337);
#14926 = PRESENTATION_STYLE_ASSIGNMENT((#14927,#14932));
#14927 = SURFACE_STYLE_USAGE(.BOTH.,#14928);
#14928 = SURFACE_SIDE_STYLE('',(#14929));
#14929 = SURFACE_STYLE_FILL_AREA(#14930);
#14930 = FILL_AREA_STYLE('',(#14931));
#14931 = FILL_AREA_STYLE_COLOUR('',#13449);
#14932 = CURVE_STYLE('',#14933,POSITIVE_LENGTH_MEASURE(0.1),#13449);
#14933 = DRAUGHTING_PRE_DEFINED_CURVE_FONT('continuous');
#14934 = STYLED_ITEM('color',(#14935),#8354);
#14935 = PRESENTATION_STYLE_ASSIGNMENT((#14936,#14941));
#14936 = SURFACE_STYLE_USAGE(.BOTH.,#14937);
#14937 = SURFACE_SIDE_STYLE('',(#14938));
#14938 = SURFACE_STYLE_FILL_AREA(#14939);
#14939 = FILL_AREA_STYLE('',(#14940));
#14940 = FILL_AREA_STYLE_COLOUR('',#13449);
#14941 = CURVE_STYLE('',#14942,POSITIVE_LENGTH_MEASURE(0.1),#13449);
#14942 = DRAUGHTING_PRE_DEFINED_CURVE_FONT('continuous');
#14943 = STYLED_ITEM('color',(#14944),#8366);
#14944 = PRESENTATION_STYLE_ASSIGNMENT((#14945,#14951));
#14945 = SURFACE_STYLE_USAGE(.BOTH.,#14946);
#14946 = SURFACE_SIDE_STYLE('',(#14947));
#14947 = SURFACE_STYLE_FILL_AREA(#14948);
#14948 = FILL_AREA_STYLE('',(#14949));
#14949 = FILL_AREA_STYLE_COLOUR('',#14950);
#14950 = COLOUR_RGB('',0.690999998585,0.664000007176,0.597999987832);
#14951 = CURVE_STYLE('',#14952,POSITIVE_LENGTH_MEASURE(0.1),#14950);
#14952 = DRAUGHTING_PRE_DEFINED_CURVE_FONT('continuous');
#14953 = MECHANICAL_DESIGN_GEOMETRIC_PRESENTATION_REPRESENTATION('',(
    #14954,#14962,#14969,#14976,#14983,#14990,#14997,#15004,#15011,
    #15018,#15025,#15032,#15039,#15046,#15053,#15060,#15067,#15074,
    #15081,#15088,#15095,#15102,#15109,#15116,#15123,#15130,#15137,
    #15144,#15151,#15158,#15165,#15172,#15179,#15186,#15193,#15200,
    #15207,#15214,#15221,#15228,#15235,#15242,#15249,#15256,#15264,
    #15271,#15278,#15285,#15292,#15299,#15306,#15313,#15320,#15327,
    #15334,#15341,#15348,#15355,#15362,#15369,#15376,#15383,#15390,
    #15397,#15404,#15411,#15418,#15425,#15432,#15439,#15446,#15453,
    #15460,#15467,#15474,#15481,#15488,#15495,#15502,#15509,#15516,
    #15523,#15530,#15537,#15544,#15551,#15558,#15565,#15572,#15579,
    #15586,#15593,#15600),#3016);
#14954 = STYLED_ITEM('color',(#14955),#126);
#14955 = PRESENTATION_STYLE_ASSIGNMENT((#14956));
#14956 = SURFACE_STYLE_USAGE(.BOTH.,#14957);
#14957 = SURFACE_SIDE_STYLE('',(#14958));
#14958 = SURFACE_STYLE_FILL_AREA(#14959);
#14959 = FILL_AREA_STYLE('',(#14960));
#14960 = FILL_AREA_STYLE_COLOUR('',#14961);
#14961 = COLOUR_RGB('',0.894117649055,0.890196087049,0.811764731185);
#14962 = STYLED_ITEM('color',(#14963),#166);
#14963 = PRESENTATION_STYLE_ASSIGNMENT((#14964));
#14964 = SURFACE_STYLE_USAGE(.BOTH.,#14965);
#14965 = SURFACE_SIDE_STYLE('',(#14966));
#14966 = SURFACE_STYLE_FILL_AREA(#14967);
#14967 = FILL_AREA_STYLE('',(#14968));
#14968 = FILL_AREA_STYLE_COLOUR('',#14961);
#14969 = STYLED_ITEM('color',(#14970),#230);
#14970 = PRESENTATION_STYLE_ASSIGNMENT((#14971));
#14971 = SURFACE_STYLE_USAGE(.BOTH.,#14972);
#14972 = SURFACE_SIDE_STYLE('',(#14973));
#14973 = SURFACE_STYLE_FILL_AREA(#14974);
#14974 = FILL_AREA_STYLE('',(#14975));
#14975 = FILL_AREA_STYLE_COLOUR('',#14961);
#14976 = STYLED_ITEM('color',(#14977),#318);
#14977 = PRESENTATION_STYLE_ASSIGNMENT((#14978));
#14978 = SURFACE_STYLE_USAGE(.BOTH.,#14979);
#14979 = SURFACE_SIDE_STYLE('',(#14980));
#14980 = SURFACE_STYLE_FILL_AREA(#14981);
#14981 = FILL_AREA_STYLE('',(#14982));
#14982 = FILL_AREA_STYLE_COLOUR('',#14961);
#14983 = STYLED_ITEM('color',(#14984),#358);
#14984 = PRESENTATION_STYLE_ASSIGNMENT((#14985));
#14985 = SURFACE_STYLE_USAGE(.BOTH.,#14986);
#14986 = SURFACE_SIDE_STYLE('',(#14987));
#14987 = SURFACE_STYLE_FILL_AREA(#14988);
#14988 = FILL_AREA_STYLE('',(#14989));
#14989 = FILL_AREA_STYLE_COLOUR('',#14961);
#14990 = STYLED_ITEM('color',(#14991),#569);
#14991 = PRESENTATION_STYLE_ASSIGNMENT((#14992));
#14992 = SURFACE_STYLE_USAGE(.BOTH.,#14993);
#14993 = SURFACE_SIDE_STYLE('',(#14994));
#14994 = SURFACE_STYLE_FILL_AREA(#14995);
#14995 = FILL_AREA_STYLE('',(#14996));
#14996 = FILL_AREA_STYLE_COLOUR('',#14961);
#14997 = STYLED_ITEM('color',(#14998),#609);
#14998 = PRESENTATION_STYLE_ASSIGNMENT((#14999));
#14999 = SURFACE_STYLE_USAGE(.BOTH.,#15000);
#15000 = SURFACE_SIDE_STYLE('',(#15001));
#15001 = SURFACE_STYLE_FILL_AREA(#15002);
#15002 = FILL_AREA_STYLE('',(#15003));
#15003 = FILL_AREA_STYLE_COLOUR('',#14961);
#15004 = STYLED_ITEM('color',(#15005),#633);
#15005 = PRESENTATION_STYLE_ASSIGNMENT((#15006));
#15006 = SURFACE_STYLE_USAGE(.BOTH.,#15007);
#15007 = SURFACE_SIDE_STYLE('',(#15008));
#15008 = SURFACE_STYLE_FILL_AREA(#15009);
#15009 = FILL_AREA_STYLE('',(#15010));
#15010 = FILL_AREA_STYLE_COLOUR('',#14961);
#15011 = STYLED_ITEM('color',(#15012),#658);
#15012 = PRESENTATION_STYLE_ASSIGNMENT((#15013));
#15013 = SURFACE_STYLE_USAGE(.BOTH.,#15014);
#15014 = SURFACE_SIDE_STYLE('',(#15015));
#15015 = SURFACE_STYLE_FILL_AREA(#15016);
#15016 = FILL_AREA_STYLE('',(#15017));
#15017 = FILL_AREA_STYLE_COLOUR('',#14961);
#15018 = STYLED_ITEM('color',(#15019),#682);
#15019 = PRESENTATION_STYLE_ASSIGNMENT((#15020));
#15020 = SURFACE_STYLE_USAGE(.BOTH.,#15021);
#15021 = SURFACE_SIDE_STYLE('',(#15022));
#15022 = SURFACE_STYLE_FILL_AREA(#15023);
#15023 = FILL_AREA_STYLE('',(#15024));
#15024 = FILL_AREA_STYLE_COLOUR('',#14961);
#15025 = STYLED_ITEM('color',(#15026),#731);
#15026 = PRESENTATION_STYLE_ASSIGNMENT((#15027));
#15027 = SURFACE_STYLE_USAGE(.BOTH.,#15028);
#15028 = SURFACE_SIDE_STYLE('',(#15029));
#15029 = SURFACE_STYLE_FILL_AREA(#15030);
#15030 = FILL_AREA_STYLE('',(#15031));
#15031 = FILL_AREA_STYLE_COLOUR('',#14961);
#15032 = STYLED_ITEM('color',(#15033),#753);
#15033 = PRESENTATION_STYLE_ASSIGNMENT((#15034));
#15034 = SURFACE_STYLE_USAGE(.BOTH.,#15035);
#15035 = SURFACE_SIDE_STYLE('',(#15036));
#15036 = SURFACE_STYLE_FILL_AREA(#15037);
#15037 = FILL_AREA_STYLE('',(#15038));
#15038 = FILL_AREA_STYLE_COLOUR('',#14961);
#15039 = STYLED_ITEM('color',(#15040),#786);
#15040 = PRESENTATION_STYLE_ASSIGNMENT((#15041));
#15041 = SURFACE_STYLE_USAGE(.BOTH.,#15042);
#15042 = SURFACE_SIDE_STYLE('',(#15043));
#15043 = SURFACE_STYLE_FILL_AREA(#15044);
#15044 = FILL_AREA_STYLE('',(#15045));
#15045 = FILL_AREA_STYLE_COLOUR('',#14961);
#15046 = STYLED_ITEM('color',(#15047),#810);
#15047 = PRESENTATION_STYLE_ASSIGNMENT((#15048));
#15048 = SURFACE_STYLE_USAGE(.BOTH.,#15049);
#15049 = SURFACE_SIDE_STYLE('',(#15050));
#15050 = SURFACE_STYLE_FILL_AREA(#15051);
#15051 = FILL_AREA_STYLE('',(#15052));
#15052 = FILL_AREA_STYLE_COLOUR('',#14961);
#15053 = STYLED_ITEM('color',(#15054),#841);
#15054 = PRESENTATION_STYLE_ASSIGNMENT((#15055));
#15055 = SURFACE_STYLE_USAGE(.BOTH.,#15056);
#15056 = SURFACE_SIDE_STYLE('',(#15057));
#15057 = SURFACE_STYLE_FILL_AREA(#15058);
#15058 = FILL_AREA_STYLE('',(#15059));
#15059 = FILL_AREA_STYLE_COLOUR('',#14961);
#15060 = STYLED_ITEM('color',(#15061),#858);
#15061 = PRESENTATION_STYLE_ASSIGNMENT((#15062));
#15062 = SURFACE_STYLE_USAGE(.BOTH.,#15063);
#15063 = SURFACE_SIDE_STYLE('',(#15064));
#15064 = SURFACE_STYLE_FILL_AREA(#15065);
#15065 = FILL_AREA_STYLE('',(#15066));
#15066 = FILL_AREA_STYLE_COLOUR('',#14961);
#15067 = STYLED_ITEM('color',(#15068),#891);
#15068 = PRESENTATION_STYLE_ASSIGNMENT((#15069));
#15069 = SURFACE_STYLE_USAGE(.BOTH.,#15070);
#15070 = SURFACE_SIDE_STYLE('',(#15071));
#15071 = SURFACE_STYLE_FILL_AREA(#15072);
#15072 = FILL_AREA_STYLE('',(#15073));
#15073 = FILL_AREA_STYLE_COLOUR('',#14961);
#15074 = STYLED_ITEM('color',(#15075),#908);
#15075 = PRESENTATION_STYLE_ASSIGNMENT((#15076));
#15076 = SURFACE_STYLE_USAGE(.BOTH.,#15077);
#15077 = SURFACE_SIDE_STYLE('',(#15078));
#15078 = SURFACE_STYLE_FILL_AREA(#15079);
#15079 = FILL_AREA_STYLE('',(#15080));
#15080 = FILL_AREA_STYLE_COLOUR('',#14961);
#15081 = STYLED_ITEM('color',(#15082),#951);
#15082 = PRESENTATION_STYLE_ASSIGNMENT((#15083));
#15083 = SURFACE_STYLE_USAGE(.BOTH.,#15084);
#15084 = SURFACE_SIDE_STYLE('',(#15085));
#15085 = SURFACE_STYLE_FILL_AREA(#15086);
#15086 = FILL_AREA_STYLE('',(#15087));
#15087 = FILL_AREA_STYLE_COLOUR('',#14961);
#15088 = STYLED_ITEM('color',(#15089),#968);
#15089 = PRESENTATION_STYLE_ASSIGNMENT((#15090));
#15090 = SURFACE_STYLE_USAGE(.BOTH.,#15091);
#15091 = SURFACE_SIDE_STYLE('',(#15092));
#15092 = SURFACE_STYLE_FILL_AREA(#15093);
#15093 = FILL_AREA_STYLE('',(#15094));
#15094 = FILL_AREA_STYLE_COLOUR('',#14961);
#15095 = STYLED_ITEM('color',(#15096),#1014);
#15096 = PRESENTATION_STYLE_ASSIGNMENT((#15097));
#15097 = SURFACE_STYLE_USAGE(.BOTH.,#15098);
#15098 = SURFACE_SIDE_STYLE('',(#15099));
#15099 = SURFACE_STYLE_FILL_AREA(#15100);
#15100 = FILL_AREA_STYLE('',(#15101));
#15101 = FILL_AREA_STYLE_COLOUR('',#14961);
#15102 = STYLED_ITEM('color',(#15103),#1031);
#15103 = PRESENTATION_STYLE_ASSIGNMENT((#15104));
#15104 = SURFACE_STYLE_USAGE(.BOTH.,#15105);
#15105 = SURFACE_SIDE_STYLE('',(#15106));
#15106 = SURFACE_STYLE_FILL_AREA(#15107);
#15107 = FILL_AREA_STYLE('',(#15108));
#15108 = FILL_AREA_STYLE_COLOUR('',#14961);
#15109 = STYLED_ITEM('color',(#15110),#1094);
#15110 = PRESENTATION_STYLE_ASSIGNMENT((#15111));
#15111 = SURFACE_STYLE_USAGE(.BOTH.,#15112);
#15112 = SURFACE_SIDE_STYLE('',(#15113));
#15113 = SURFACE_STYLE_FILL_AREA(#15114);
#15114 = FILL_AREA_STYLE('',(#15115));
#15115 = FILL_AREA_STYLE_COLOUR('',#14961);
#15116 = STYLED_ITEM('color',(#15117),#1118);
#15117 = PRESENTATION_STYLE_ASSIGNMENT((#15118));
#15118 = SURFACE_STYLE_USAGE(.BOTH.,#15119);
#15119 = SURFACE_SIDE_STYLE('',(#15120));
#15120 = SURFACE_STYLE_FILL_AREA(#15121);
#15121 = FILL_AREA_STYLE('',(#15122));
#15122 = FILL_AREA_STYLE_COLOUR('',#14961);
#15123 = STYLED_ITEM('color',(#15124),#1165);
#15124 = PRESENTATION_STYLE_ASSIGNMENT((#15125));
#15125 = SURFACE_STYLE_USAGE(.BOTH.,#15126);
#15126 = SURFACE_SIDE_STYLE('',(#15127));
#15127 = SURFACE_STYLE_FILL_AREA(#15128);
#15128 = FILL_AREA_STYLE('',(#15129));
#15129 = FILL_AREA_STYLE_COLOUR('',#14961);
#15130 = STYLED_ITEM('color',(#15131),#1189);
#15131 = PRESENTATION_STYLE_ASSIGNMENT((#15132));
#15132 = SURFACE_STYLE_USAGE(.BOTH.,#15133);
#15133 = SURFACE_SIDE_STYLE('',(#15134));
#15134 = SURFACE_STYLE_FILL_AREA(#15135);
#15135 = FILL_AREA_STYLE('',(#15136));
#15136 = FILL_AREA_STYLE_COLOUR('',#14961);
#15137 = STYLED_ITEM('color',(#15138),#1213);
#15138 = PRESENTATION_STYLE_ASSIGNMENT((#15139));
#15139 = SURFACE_STYLE_USAGE(.BOTH.,#15140);
#15140 = SURFACE_SIDE_STYLE('',(#15141));
#15141 = SURFACE_STYLE_FILL_AREA(#15142);
#15142 = FILL_AREA_STYLE('',(#15143));
#15143 = FILL_AREA_STYLE_COLOUR('',#14961);
#15144 = STYLED_ITEM('color',(#15145),#1230);
#15145 = PRESENTATION_STYLE_ASSIGNMENT((#15146));
#15146 = SURFACE_STYLE_USAGE(.BOTH.,#15147);
#15147 = SURFACE_SIDE_STYLE('',(#15148));
#15148 = SURFACE_STYLE_FILL_AREA(#15149);
#15149 = FILL_AREA_STYLE('',(#15150));
#15150 = FILL_AREA_STYLE_COLOUR('',#14961);
#15151 = STYLED_ITEM('color',(#15152),#1247);
#15152 = PRESENTATION_STYLE_ASSIGNMENT((#15153));
#15153 = SURFACE_STYLE_USAGE(.BOTH.,#15154);
#15154 = SURFACE_SIDE_STYLE('',(#15155));
#15155 = SURFACE_STYLE_FILL_AREA(#15156);
#15156 = FILL_AREA_STYLE('',(#15157));
#15157 = FILL_AREA_STYLE_COLOUR('',#14961);
#15158 = STYLED_ITEM('color',(#15159),#1271);
#15159 = PRESENTATION_STYLE_ASSIGNMENT((#15160));
#15160 = SURFACE_STYLE_USAGE(.BOTH.,#15161);
#15161 = SURFACE_SIDE_STYLE('',(#15162));
#15162 = SURFACE_STYLE_FILL_AREA(#15163);
#15163 = FILL_AREA_STYLE('',(#15164));
#15164 = FILL_AREA_STYLE_COLOUR('',#14961);
#15165 = STYLED_ITEM('color',(#15166),#1295);
#15166 = PRESENTATION_STYLE_ASSIGNMENT((#15167));
#15167 = SURFACE_STYLE_USAGE(.BOTH.,#15168);
#15168 = SURFACE_SIDE_STYLE('',(#15169));
#15169 = SURFACE_STYLE_FILL_AREA(#15170);
#15170 = FILL_AREA_STYLE('',(#15171));
#15171 = FILL_AREA_STYLE_COLOUR('',#14961);
#15172 = STYLED_ITEM('color',(#15173),#1312);
#15173 = PRESENTATION_STYLE_ASSIGNMENT((#15174));
#15174 = SURFACE_STYLE_USAGE(.BOTH.,#15175);
#15175 = SURFACE_SIDE_STYLE('',(#15176));
#15176 = SURFACE_STYLE_FILL_AREA(#15177);
#15177 = FILL_AREA_STYLE('',(#15178));
#15178 = FILL_AREA_STYLE_COLOUR('',#14961);
#15179 = STYLED_ITEM('color',(#15180),#1343);
#15180 = PRESENTATION_STYLE_ASSIGNMENT((#15181));
#15181 = SURFACE_STYLE_USAGE(.BOTH.,#15182);
#15182 = SURFACE_SIDE_STYLE('',(#15183));
#15183 = SURFACE_STYLE_FILL_AREA(#15184);
#15184 = FILL_AREA_STYLE('',(#15185));
#15185 = FILL_AREA_STYLE_COLOUR('',#14961);
#15186 = STYLED_ITEM('color',(#15187),#1367);
#15187 = PRESENTATION_STYLE_ASSIGNMENT((#15188));
#15188 = SURFACE_STYLE_USAGE(.BOTH.,#15189);
#15189 = SURFACE_SIDE_STYLE('',(#15190));
#15190 = SURFACE_STYLE_FILL_AREA(#15191);
#15191 = FILL_AREA_STYLE('',(#15192));
#15192 = FILL_AREA_STYLE_COLOUR('',#14961);
#15193 = STYLED_ITEM('color',(#15194),#1391);
#15194 = PRESENTATION_STYLE_ASSIGNMENT((#15195));
#15195 = SURFACE_STYLE_USAGE(.BOTH.,#15196);
#15196 = SURFACE_SIDE_STYLE('',(#15197));
#15197 = SURFACE_STYLE_FILL_AREA(#15198);
#15198 = FILL_AREA_STYLE('',(#15199));
#15199 = FILL_AREA_STYLE_COLOUR('',#14961);
#15200 = STYLED_ITEM('color',(#15201),#1408);
#15201 = PRESENTATION_STYLE_ASSIGNMENT((#15202));
#15202 = SURFACE_STYLE_USAGE(.BOTH.,#15203);
#15203 = SURFACE_SIDE_STYLE('',(#15204));
#15204 = SURFACE_STYLE_FILL_AREA(#15205);
#15205 = FILL_AREA_STYLE('',(#15206));
#15206 = FILL_AREA_STYLE_COLOUR('',#14961);
#15207 = STYLED_ITEM('color',(#15208),#1443);
#15208 = PRESENTATION_STYLE_ASSIGNMENT((#15209));
#15209 = SURFACE_STYLE_USAGE(.BOTH.,#15210);
#15210 = SURFACE_SIDE_STYLE('',(#15211));
#15211 = SURFACE_STYLE_FILL_AREA(#15212);
#15212 = FILL_AREA_STYLE('',(#15213));
#15213 = FILL_AREA_STYLE_COLOUR('',#14961);
#15214 = STYLED_ITEM('color',(#15215),#1483);
#15215 = PRESENTATION_STYLE_ASSIGNMENT((#15216));
#15216 = SURFACE_STYLE_USAGE(.BOTH.,#15217);
#15217 = SURFACE_SIDE_STYLE('',(#15218));
#15218 = SURFACE_STYLE_FILL_AREA(#15219);
#15219 = FILL_AREA_STYLE('',(#15220));
#15220 = FILL_AREA_STYLE_COLOUR('',#14961);
#15221 = STYLED_ITEM('color',(#15222),#1507);
#15222 = PRESENTATION_STYLE_ASSIGNMENT((#15223));
#15223 = SURFACE_STYLE_USAGE(.BOTH.,#15224);
#15224 = SURFACE_SIDE_STYLE('',(#15225));
#15225 = SURFACE_STYLE_FILL_AREA(#15226);
#15226 = FILL_AREA_STYLE('',(#15227));
#15227 = FILL_AREA_STYLE_COLOUR('',#14961);
#15228 = STYLED_ITEM('color',(#15229),#1548);
#15229 = PRESENTATION_STYLE_ASSIGNMENT((#15230));
#15230 = SURFACE_STYLE_USAGE(.BOTH.,#15231);
#15231 = SURFACE_SIDE_STYLE('',(#15232));
#15232 = SURFACE_STYLE_FILL_AREA(#15233);
#15233 = FILL_AREA_STYLE('',(#15234));
#15234 = FILL_AREA_STYLE_COLOUR('',#14961);
#15235 = STYLED_ITEM('color',(#15236),#1597);
#15236 = PRESENTATION_STYLE_ASSIGNMENT((#15237));
#15237 = SURFACE_STYLE_USAGE(.BOTH.,#15238);
#15238 = SURFACE_SIDE_STYLE('',(#15239));
#15239 = SURFACE_STYLE_FILL_AREA(#15240);
#15240 = FILL_AREA_STYLE('',(#15241));
#15241 = FILL_AREA_STYLE_COLOUR('',#14961);
#15242 = STYLED_ITEM('color',(#15243),#1643);
#15243 = PRESENTATION_STYLE_ASSIGNMENT((#15244));
#15244 = SURFACE_STYLE_USAGE(.BOTH.,#15245);
#15245 = SURFACE_SIDE_STYLE('',(#15246));
#15246 = SURFACE_STYLE_FILL_AREA(#15247);
#15247 = FILL_AREA_STYLE('',(#15248));
#15248 = FILL_AREA_STYLE_COLOUR('',#14961);
#15249 = STYLED_ITEM('color',(#15250),#1660);
#15250 = PRESENTATION_STYLE_ASSIGNMENT((#15251));
#15251 = SURFACE_STYLE_USAGE(.BOTH.,#15252);
#15252 = SURFACE_SIDE_STYLE('',(#15253));
#15253 = SURFACE_STYLE_FILL_AREA(#15254);
#15254 = FILL_AREA_STYLE('',(#15255));
#15255 = FILL_AREA_STYLE_COLOUR('',#14961);
#15256 = STYLED_ITEM('color',(#15257),#1672);
#15257 = PRESENTATION_STYLE_ASSIGNMENT((#15258));
#15258 = SURFACE_STYLE_USAGE(.BOTH.,#15259);
#15259 = SURFACE_SIDE_STYLE('',(#15260));
#15260 = SURFACE_STYLE_FILL_AREA(#15261);
#15261 = FILL_AREA_STYLE('',(#15262));
#15262 = FILL_AREA_STYLE_COLOUR('',#15263);
#15263 = COLOUR_RGB('',0.823529417451,0.819607860991,0.780392170416);
#15264 = STYLED_ITEM('color',(#15265),#1703);
#15265 = PRESENTATION_STYLE_ASSIGNMENT((#15266));
#15266 = SURFACE_STYLE_USAGE(.BOTH.,#15267);
#15267 = SURFACE_SIDE_STYLE('',(#15268));
#15268 = SURFACE_STYLE_FILL_AREA(#15269);
#15269 = FILL_AREA_STYLE('',(#15270));
#15270 = FILL_AREA_STYLE_COLOUR('',#15263);
#15271 = STYLED_ITEM('color',(#15272),#1759);
#15272 = PRESENTATION_STYLE_ASSIGNMENT((#15273));
#15273 = SURFACE_STYLE_USAGE(.BOTH.,#15274);
#15274 = SURFACE_SIDE_STYLE('',(#15275));
#15275 = SURFACE_STYLE_FILL_AREA(#15276);
#15276 = FILL_AREA_STYLE('',(#15277));
#15277 = FILL_AREA_STYLE_COLOUR('',#15263);
#15278 = STYLED_ITEM('color',(#15279),#1783);
#15279 = PRESENTATION_STYLE_ASSIGNMENT((#15280));
#15280 = SURFACE_STYLE_USAGE(.BOTH.,#15281);
#15281 = SURFACE_SIDE_STYLE('',(#15282));
#15282 = SURFACE_STYLE_FILL_AREA(#15283);
#15283 = FILL_AREA_STYLE('',(#15284));
#15284 = FILL_AREA_STYLE_COLOUR('',#15263);
#15285 = STYLED_ITEM('color',(#15286),#1832);
#15286 = PRESENTATION_STYLE_ASSIGNMENT((#15287));
#15287 = SURFACE_STYLE_USAGE(.BOTH.,#15288);
#15288 = SURFACE_SIDE_STYLE('',(#15289));
#15289 = SURFACE_STYLE_FILL_AREA(#15290);
#15290 = FILL_AREA_STYLE('',(#15291));
#15291 = FILL_AREA_STYLE_COLOUR('',#14961);
#15292 = STYLED_ITEM('color',(#15293),#1844);
#15293 = PRESENTATION_STYLE_ASSIGNMENT((#15294));
#15294 = SURFACE_STYLE_USAGE(.BOTH.,#15295);
#15295 = SURFACE_SIDE_STYLE('',(#15296));
#15296 = SURFACE_STYLE_FILL_AREA(#15297);
#15297 = FILL_AREA_STYLE('',(#15298));
#15298 = FILL_AREA_STYLE_COLOUR('',#14961);
#15299 = STYLED_ITEM('color',(#15300),#1947);
#15300 = PRESENTATION_STYLE_ASSIGNMENT((#15301));
#15301 = SURFACE_STYLE_USAGE(.BOTH.,#15302);
#15302 = SURFACE_SIDE_STYLE('',(#15303));
#15303 = SURFACE_STYLE_FILL_AREA(#15304);
#15304 = FILL_AREA_STYLE('',(#15305));
#15305 = FILL_AREA_STYLE_COLOUR('',#14961);
#15306 = STYLED_ITEM('color',(#15307),#1971);
#15307 = PRESENTATION_STYLE_ASSIGNMENT((#15308));
#15308 = SURFACE_STYLE_USAGE(.BOTH.,#15309);
#15309 = SURFACE_SIDE_STYLE('',(#15310));
#15310 = SURFACE_STYLE_FILL_AREA(#15311);
#15311 = FILL_AREA_STYLE('',(#15312));
#15312 = FILL_AREA_STYLE_COLOUR('',#14961);
#15313 = STYLED_ITEM('color',(#15314),#1995);
#15314 = PRESENTATION_STYLE_ASSIGNMENT((#15315));
#15315 = SURFACE_STYLE_USAGE(.BOTH.,#15316);
#15316 = SURFACE_SIDE_STYLE('',(#15317));
#15317 = SURFACE_STYLE_FILL_AREA(#15318);
#15318 = FILL_AREA_STYLE('',(#15319));
#15319 = FILL_AREA_STYLE_COLOUR('',#14961);
#15320 = STYLED_ITEM('color',(#15321),#2012);
#15321 = PRESENTATION_STYLE_ASSIGNMENT((#15322));
#15322 = SURFACE_STYLE_USAGE(.BOTH.,#15323);
#15323 = SURFACE_SIDE_STYLE('',(#15324));
#15324 = SURFACE_STYLE_FILL_AREA(#15325);
#15325 = FILL_AREA_STYLE('',(#15326));
#15326 = FILL_AREA_STYLE_COLOUR('',#15263);
#15327 = STYLED_ITEM('color',(#15328),#2043);
#15328 = PRESENTATION_STYLE_ASSIGNMENT((#15329));
#15329 = SURFACE_STYLE_USAGE(.BOTH.,#15330);
#15330 = SURFACE_SIDE_STYLE('',(#15331));
#15331 = SURFACE_STYLE_FILL_AREA(#15332);
#15332 = FILL_AREA_STYLE('',(#15333));
#15333 = FILL_AREA_STYLE_COLOUR('',#15263);
#15334 = STYLED_ITEM('color',(#15335),#2099);
#15335 = PRESENTATION_STYLE_ASSIGNMENT((#15336));
#15336 = SURFACE_STYLE_USAGE(.BOTH.,#15337);
#15337 = SURFACE_SIDE_STYLE('',(#15338));
#15338 = SURFACE_STYLE_FILL_AREA(#15339);
#15339 = FILL_AREA_STYLE('',(#15340));
#15340 = FILL_AREA_STYLE_COLOUR('',#15263);
#15341 = STYLED_ITEM('color',(#15342),#2123);
#15342 = PRESENTATION_STYLE_ASSIGNMENT((#15343));
#15343 = SURFACE_STYLE_USAGE(.BOTH.,#15344);
#15344 = SURFACE_SIDE_STYLE('',(#15345));
#15345 = SURFACE_STYLE_FILL_AREA(#15346);
#15346 = FILL_AREA_STYLE('',(#15347));
#15347 = FILL_AREA_STYLE_COLOUR('',#15263);
#15348 = STYLED_ITEM('color',(#15349),#2172);
#15349 = PRESENTATION_STYLE_ASSIGNMENT((#15350));
#15350 = SURFACE_STYLE_USAGE(.BOTH.,#15351);
#15351 = SURFACE_SIDE_STYLE('',(#15352));
#15352 = SURFACE_STYLE_FILL_AREA(#15353);
#15353 = FILL_AREA_STYLE('',(#15354));
#15354 = FILL_AREA_STYLE_COLOUR('',#15263);
#15355 = STYLED_ITEM('color',(#15356),#2189);
#15356 = PRESENTATION_STYLE_ASSIGNMENT((#15357));
#15357 = SURFACE_STYLE_USAGE(.BOTH.,#15358);
#15358 = SURFACE_SIDE_STYLE('',(#15359));
#15359 = SURFACE_STYLE_FILL_AREA(#15360);
#15360 = FILL_AREA_STYLE('',(#15361));
#15361 = FILL_AREA_STYLE_COLOUR('',#15263);
#15362 = STYLED_ITEM('color',(#15363),#2236);
#15363 = PRESENTATION_STYLE_ASSIGNMENT((#15364));
#15364 = SURFACE_STYLE_USAGE(.BOTH.,#15365);
#15365 = SURFACE_SIDE_STYLE('',(#15366));
#15366 = SURFACE_STYLE_FILL_AREA(#15367);
#15367 = FILL_AREA_STYLE('',(#15368));
#15368 = FILL_AREA_STYLE_COLOUR('',#15263);
#15369 = STYLED_ITEM('color',(#15370),#2262);
#15370 = PRESENTATION_STYLE_ASSIGNMENT((#15371));
#15371 = SURFACE_STYLE_USAGE(.BOTH.,#15372);
#15372 = SURFACE_SIDE_STYLE('',(#15373));
#15373 = SURFACE_STYLE_FILL_AREA(#15374);
#15374 = FILL_AREA_STYLE('',(#15375));
#15375 = FILL_AREA_STYLE_COLOUR('',#15263);
#15376 = STYLED_ITEM('color',(#15377),#2279);
#15377 = PRESENTATION_STYLE_ASSIGNMENT((#15378));
#15378 = SURFACE_STYLE_USAGE(.BOTH.,#15379);
#15379 = SURFACE_SIDE_STYLE('',(#15380));
#15380 = SURFACE_STYLE_FILL_AREA(#15381);
#15381 = FILL_AREA_STYLE('',(#15382));
#15382 = FILL_AREA_STYLE_COLOUR('',#15263);
#15383 = STYLED_ITEM('color',(#15384),#2305);
#15384 = PRESENTATION_STYLE_ASSIGNMENT((#15385));
#15385 = SURFACE_STYLE_USAGE(.BOTH.,#15386);
#15386 = SURFACE_SIDE_STYLE('',(#15387));
#15387 = SURFACE_STYLE_FILL_AREA(#15388);
#15388 = FILL_AREA_STYLE('',(#15389));
#15389 = FILL_AREA_STYLE_COLOUR('',#15263);
#15390 = STYLED_ITEM('color',(#15391),#2338);
#15391 = PRESENTATION_STYLE_ASSIGNMENT((#15392));
#15392 = SURFACE_STYLE_USAGE(.BOTH.,#15393);
#15393 = SURFACE_SIDE_STYLE('',(#15394));
#15394 = SURFACE_STYLE_FILL_AREA(#15395);
#15395 = FILL_AREA_STYLE('',(#15396));
#15396 = FILL_AREA_STYLE_COLOUR('',#14961);
#15397 = STYLED_ITEM('color',(#15398),#2350);
#15398 = PRESENTATION_STYLE_ASSIGNMENT((#15399));
#15399 = SURFACE_STYLE_USAGE(.BOTH.,#15400);
#15400 = SURFACE_SIDE_STYLE('',(#15401));
#15401 = SURFACE_STYLE_FILL_AREA(#15402);
#15402 = FILL_AREA_STYLE('',(#15403));
#15403 = FILL_AREA_STYLE_COLOUR('',#15263);
#15404 = STYLED_ITEM('color',(#15405),#2381);
#15405 = PRESENTATION_STYLE_ASSIGNMENT((#15406));
#15406 = SURFACE_STYLE_USAGE(.BOTH.,#15407);
#15407 = SURFACE_SIDE_STYLE('',(#15408));
#15408 = SURFACE_STYLE_FILL_AREA(#15409);
#15409 = FILL_AREA_STYLE('',(#15410));
#15410 = FILL_AREA_STYLE_COLOUR('',#15263);
#15411 = STYLED_ITEM('color',(#15412),#2405);
#15412 = PRESENTATION_STYLE_ASSIGNMENT((#15413));
#15413 = SURFACE_STYLE_USAGE(.BOTH.,#15414);
#15414 = SURFACE_SIDE_STYLE('',(#15415));
#15415 = SURFACE_STYLE_FILL_AREA(#15416);
#15416 = FILL_AREA_STYLE('',(#15417));
#15417 = FILL_AREA_STYLE_COLOUR('',#15263);
#15418 = STYLED_ITEM('color',(#15419),#2429);
#15419 = PRESENTATION_STYLE_ASSIGNMENT((#15420));
#15420 = SURFACE_STYLE_USAGE(.BOTH.,#15421);
#15421 = SURFACE_SIDE_STYLE('',(#15422));
#15422 = SURFACE_STYLE_FILL_AREA(#15423);
#15423 = FILL_AREA_STYLE('',(#15424));
#15424 = FILL_AREA_STYLE_COLOUR('',#15263);
#15425 = STYLED_ITEM('color',(#15426),#2446);
#15426 = PRESENTATION_STYLE_ASSIGNMENT((#15427));
#15427 = SURFACE_STYLE_USAGE(.BOTH.,#15428);
#15428 = SURFACE_SIDE_STYLE('',(#15429));
#15429 = SURFACE_STYLE_FILL_AREA(#15430);
#15430 = FILL_AREA_STYLE('',(#15431));
#15431 = FILL_AREA_STYLE_COLOUR('',#15263);
#15432 = STYLED_ITEM('color',(#15433),#2477);
#15433 = PRESENTATION_STYLE_ASSIGNMENT((#15434));
#15434 = SURFACE_STYLE_USAGE(.BOTH.,#15435);
#15435 = SURFACE_SIDE_STYLE('',(#15436));
#15436 = SURFACE_STYLE_FILL_AREA(#15437);
#15437 = FILL_AREA_STYLE('',(#15438));
#15438 = FILL_AREA_STYLE_COLOUR('',#15263);
#15439 = STYLED_ITEM('color',(#15440),#2501);
#15440 = PRESENTATION_STYLE_ASSIGNMENT((#15441));
#15441 = SURFACE_STYLE_USAGE(.BOTH.,#15442);
#15442 = SURFACE_SIDE_STYLE('',(#15443));
#15443 = SURFACE_STYLE_FILL_AREA(#15444);
#15444 = FILL_AREA_STYLE('',(#15445));
#15445 = FILL_AREA_STYLE_COLOUR('',#15263);
#15446 = STYLED_ITEM('color',(#15447),#2525);
#15447 = PRESENTATION_STYLE_ASSIGNMENT((#15448));
#15448 = SURFACE_STYLE_USAGE(.BOTH.,#15449);
#15449 = SURFACE_SIDE_STYLE('',(#15450));
#15450 = SURFACE_STYLE_FILL_AREA(#15451);
#15451 = FILL_AREA_STYLE('',(#15452));
#15452 = FILL_AREA_STYLE_COLOUR('',#15263);
#15453 = STYLED_ITEM('color',(#15454),#2542);
#15454 = PRESENTATION_STYLE_ASSIGNMENT((#15455));
#15455 = SURFACE_STYLE_USAGE(.BOTH.,#15456);
#15456 = SURFACE_SIDE_STYLE('',(#15457));
#15457 = SURFACE_STYLE_FILL_AREA(#15458);
#15458 = FILL_AREA_STYLE('',(#15459));
#15459 = FILL_AREA_STYLE_COLOUR('',#15263);
#15460 = STYLED_ITEM('color',(#15461),#2559);
#15461 = PRESENTATION_STYLE_ASSIGNMENT((#15462));
#15462 = SURFACE_STYLE_USAGE(.BOTH.,#15463);
#15463 = SURFACE_SIDE_STYLE('',(#15464));
#15464 = SURFACE_STYLE_FILL_AREA(#15465);
#15465 = FILL_AREA_STYLE('',(#15466));
#15466 = FILL_AREA_STYLE_COLOUR('',#15263);
#15467 = STYLED_ITEM('color',(#15468),#2606);
#15468 = PRESENTATION_STYLE_ASSIGNMENT((#15469));
#15469 = SURFACE_STYLE_USAGE(.BOTH.,#15470);
#15470 = SURFACE_SIDE_STYLE('',(#15471));
#15471 = SURFACE_STYLE_FILL_AREA(#15472);
#15472 = FILL_AREA_STYLE('',(#15473));
#15473 = FILL_AREA_STYLE_COLOUR('',#15263);
#15474 = STYLED_ITEM('color',(#15475),#2632);
#15475 = PRESENTATION_STYLE_ASSIGNMENT((#15476));
#15476 = SURFACE_STYLE_USAGE(.BOTH.,#15477);
#15477 = SURFACE_SIDE_STYLE('',(#15478));
#15478 = SURFACE_STYLE_FILL_AREA(#15479);
#15479 = FILL_AREA_STYLE('',(#15480));
#15480 = FILL_AREA_STYLE_COLOUR('',#15263);
#15481 = STYLED_ITEM('color',(#15482),#2649);
#15482 = PRESENTATION_STYLE_ASSIGNMENT((#15483));
#15483 = SURFACE_STYLE_USAGE(.BOTH.,#15484);
#15484 = SURFACE_SIDE_STYLE('',(#15485));
#15485 = SURFACE_STYLE_FILL_AREA(#15486);
#15486 = FILL_AREA_STYLE('',(#15487));
#15487 = FILL_AREA_STYLE_COLOUR('',#15263);
#15488 = STYLED_ITEM('color',(#15489),#2675);
#15489 = PRESENTATION_STYLE_ASSIGNMENT((#15490));
#15490 = SURFACE_STYLE_USAGE(.BOTH.,#15491);
#15491 = SURFACE_SIDE_STYLE('',(#15492));
#15492 = SURFACE_STYLE_FILL_AREA(#15493);
#15493 = FILL_AREA_STYLE('',(#15494));
#15494 = FILL_AREA_STYLE_COLOUR('',#15263);
#15495 = STYLED_ITEM('color',(#15496),#2708);
#15496 = PRESENTATION_STYLE_ASSIGNMENT((#15497));
#15497 = SURFACE_STYLE_USAGE(.BOTH.,#15498);
#15498 = SURFACE_SIDE_STYLE('',(#15499));
#15499 = SURFACE_STYLE_FILL_AREA(#15500);
#15500 = FILL_AREA_STYLE('',(#15501));
#15501 = FILL_AREA_STYLE_COLOUR('',#15263);
#15502 = STYLED_ITEM('color',(#15503),#2725);
#15503 = PRESENTATION_STYLE_ASSIGNMENT((#15504));
#15504 = SURFACE_STYLE_USAGE(.BOTH.,#15505);
#15505 = SURFACE_SIDE_STYLE('',(#15506));
#15506 = SURFACE_STYLE_FILL_AREA(#15507);
#15507 = FILL_AREA_STYLE('',(#15508));
#15508 = FILL_AREA_STYLE_COLOUR('',#15263);
#15509 = STYLED_ITEM('color',(#15510),#2742);
#15510 = PRESENTATION_STYLE_ASSIGNMENT((#15511));
#15511 = SURFACE_STYLE_USAGE(.BOTH.,#15512);
#15512 = SURFACE_SIDE_STYLE('',(#15513));
#15513 = SURFACE_STYLE_FILL_AREA(#15514);
#15514 = FILL_AREA_STYLE('',(#15515));
#15515 = FILL_AREA_STYLE_COLOUR('',#15263);
#15516 = STYLED_ITEM('color',(#15517),#2754);
#15517 = PRESENTATION_STYLE_ASSIGNMENT((#15518));
#15518 = SURFACE_STYLE_USAGE(.BOTH.,#15519);
#15519 = SURFACE_SIDE_STYLE('',(#15520));
#15520 = SURFACE_STYLE_FILL_AREA(#15521);
#15521 = FILL_AREA_STYLE('',(#15522));
#15522 = FILL_AREA_STYLE_COLOUR('',#15263);
#15523 = STYLED_ITEM('color',(#15524),#2785);
#15524 = PRESENTATION_STYLE_ASSIGNMENT((#15525));
#15525 = SURFACE_STYLE_USAGE(.BOTH.,#15526);
#15526 = SURFACE_SIDE_STYLE('',(#15527));
#15527 = SURFACE_STYLE_FILL_AREA(#15528);
#15528 = FILL_AREA_STYLE('',(#15529));
#15529 = FILL_AREA_STYLE_COLOUR('',#15263);
#15530 = STYLED_ITEM('color',(#15531),#2809);
#15531 = PRESENTATION_STYLE_ASSIGNMENT((#15532));
#15532 = SURFACE_STYLE_USAGE(.BOTH.,#15533);
#15533 = SURFACE_SIDE_STYLE('',(#15534));
#15534 = SURFACE_STYLE_FILL_AREA(#15535);
#15535 = FILL_AREA_STYLE('',(#15536));
#15536 = FILL_AREA_STYLE_COLOUR('',#15263);
#15537 = STYLED_ITEM('color',(#15538),#2833);
#15538 = PRESENTATION_STYLE_ASSIGNMENT((#15539));
#15539 = SURFACE_STYLE_USAGE(.BOTH.,#15540);
#15540 = SURFACE_SIDE_STYLE('',(#15541));
#15541 = SURFACE_STYLE_FILL_AREA(#15542);
#15542 = FILL_AREA_STYLE('',(#15543));
#15543 = FILL_AREA_STYLE_COLOUR('',#15263);
#15544 = STYLED_ITEM('color',(#15545),#2850);
#15545 = PRESENTATION_STYLE_ASSIGNMENT((#15546));
#15546 = SURFACE_STYLE_USAGE(.BOTH.,#15547);
#15547 = SURFACE_SIDE_STYLE('',(#15548));
#15548 = SURFACE_STYLE_FILL_AREA(#15549);
#15549 = FILL_AREA_STYLE('',(#15550));
#15550 = FILL_AREA_STYLE_COLOUR('',#15263);
#15551 = STYLED_ITEM('color',(#15552),#2881);
#15552 = PRESENTATION_STYLE_ASSIGNMENT((#15553));
#15553 = SURFACE_STYLE_USAGE(.BOTH.,#15554);
#15554 = SURFACE_SIDE_STYLE('',(#15555));
#15555 = SURFACE_STYLE_FILL_AREA(#15556);
#15556 = FILL_AREA_STYLE('',(#15557));
#15557 = FILL_AREA_STYLE_COLOUR('',#15263);
#15558 = STYLED_ITEM('color',(#15559),#2905);
#15559 = PRESENTATION_STYLE_ASSIGNMENT((#15560));
#15560 = SURFACE_STYLE_USAGE(.BOTH.,#15561);
#15561 = SURFACE_SIDE_STYLE('',(#15562));
#15562 = SURFACE_STYLE_FILL_AREA(#15563);
#15563 = FILL_AREA_STYLE('',(#15564));
#15564 = FILL_AREA_STYLE_COLOUR('',#15263);
#15565 = STYLED_ITEM('color',(#15566),#2929);
#15566 = PRESENTATION_STYLE_ASSIGNMENT((#15567));
#15567 = SURFACE_STYLE_USAGE(.BOTH.,#15568);
#15568 = SURFACE_SIDE_STYLE('',(#15569));
#15569 = SURFACE_STYLE_FILL_AREA(#15570);
#15570 = FILL_AREA_STYLE('',(#15571));
#15571 = FILL_AREA_STYLE_COLOUR('',#15263);
#15572 = STYLED_ITEM('color',(#15573),#2946);
#15573 = PRESENTATION_STYLE_ASSIGNMENT((#15574));
#15574 = SURFACE_STYLE_USAGE(.BOTH.,#15575);
#15575 = SURFACE_SIDE_STYLE('',(#15576));
#15576 = SURFACE_STYLE_FILL_AREA(#15577);
#15577 = FILL_AREA_STYLE('',(#15578));
#15578 = FILL_AREA_STYLE_COLOUR('',#15263);
#15579 = STYLED_ITEM('color',(#15580),#2963);
#15580 = PRESENTATION_STYLE_ASSIGNMENT((#15581));
#15581 = SURFACE_STYLE_USAGE(.BOTH.,#15582);
#15582 = SURFACE_SIDE_STYLE('',(#15583));
#15583 = SURFACE_STYLE_FILL_AREA(#15584);
#15584 = FILL_AREA_STYLE('',(#15585));
#15585 = FILL_AREA_STYLE_COLOUR('',#15263);
#15586 = STYLED_ITEM('color',(#15587),#2980);
#15587 = PRESENTATION_STYLE_ASSIGNMENT((#15588));
#15588 = SURFACE_STYLE_USAGE(.BOTH.,#15589);
#15589 = SURFACE_SIDE_STYLE('',(#15590));
#15590 = SURFACE_STYLE_FILL_AREA(#15591);
#15591 = FILL_AREA_STYLE('',(#15592));
#15592 = FILL_AREA_STYLE_COLOUR('',#15263);
#15593 = STYLED_ITEM('color',(#15594),#2992);
#15594 = PRESENTATION_STYLE_ASSIGNMENT((#15595));
#15595 = SURFACE_STYLE_USAGE(.BOTH.,#15596);
#15596 = SURFACE_SIDE_STYLE('',(#15597));
#15597 = SURFACE_STYLE_FILL_AREA(#15598);
#15598 = FILL_AREA_STYLE('',(#15599));
#15599 = FILL_AREA_STYLE_COLOUR('',#15263);
#15600 = STYLED_ITEM('color',(#15601),#3004);
#15601 = PRESENTATION_STYLE_ASSIGNMENT((#15602));
#15602 = SURFACE_STYLE_USAGE(.BOTH.,#15603);
#15603 = SURFACE_SIDE_STYLE('',(#15604));
#15604 = SURFACE_STYLE_FILL_AREA(#15605);
#15605 = FILL_AREA_STYLE('',(#15606));
#15606 = FILL_AREA_STYLE_COLOUR('',#15263);
#15607 = MECHANICAL_DESIGN_GEOMETRIC_PRESENTATION_REPRESENTATION('',(
    #15608,#15615,#15622,#15629,#15636,#15643,#15650,#15657,#15665,
    #15672,#15679,#15686,#15693,#15700,#15707,#15714,#15721,#15728,
    #15735,#15742,#15749,#15756,#15763,#15770,#15777,#15784,#15791,
    #15798,#15805,#15812,#15819,#15826,#15833,#15840,#15847,#15854,
    #15862,#15869,#15876,#15883,#15890,#15897,#15904,#15911,#15918,
    #15925,#15932,#15939,#15946,#15953),#10800);
#15608 = STYLED_ITEM('color',(#15609),#9279);
#15609 = PRESENTATION_STYLE_ASSIGNMENT((#15610));
#15610 = SURFACE_STYLE_USAGE(.BOTH.,#15611);
#15611 = SURFACE_SIDE_STYLE('',(#15612));
#15612 = SURFACE_STYLE_FILL_AREA(#15613);
#15613 = FILL_AREA_STYLE('',(#15614));
#15614 = FILL_AREA_STYLE_COLOUR('',#13499);
#15615 = STYLED_ITEM('color',(#15616),#9319);
#15616 = PRESENTATION_STYLE_ASSIGNMENT((#15617));
#15617 = SURFACE_STYLE_USAGE(.BOTH.,#15618);
#15618 = SURFACE_SIDE_STYLE('',(#15619));
#15619 = SURFACE_STYLE_FILL_AREA(#15620);
#15620 = FILL_AREA_STYLE('',(#15621));
#15621 = FILL_AREA_STYLE_COLOUR('',#13499);
#15622 = STYLED_ITEM('color',(#15623),#9366);
#15623 = PRESENTATION_STYLE_ASSIGNMENT((#15624));
#15624 = SURFACE_STYLE_USAGE(.BOTH.,#15625);
#15625 = SURFACE_SIDE_STYLE('',(#15626));
#15626 = SURFACE_STYLE_FILL_AREA(#15627);
#15627 = FILL_AREA_STYLE('',(#15628));
#15628 = FILL_AREA_STYLE_COLOUR('',#13499);
#15629 = STYLED_ITEM('color',(#15630),#9445);
#15630 = PRESENTATION_STYLE_ASSIGNMENT((#15631));
#15631 = SURFACE_STYLE_USAGE(.BOTH.,#15632);
#15632 = SURFACE_SIDE_STYLE('',(#15633));
#15633 = SURFACE_STYLE_FILL_AREA(#15634);
#15634 = FILL_AREA_STYLE('',(#15635));
#15635 = FILL_AREA_STYLE_COLOUR('',#13499);
#15636 = STYLED_ITEM('color',(#15637),#9469);
#15637 = PRESENTATION_STYLE_ASSIGNMENT((#15638));
#15638 = SURFACE_STYLE_USAGE(.BOTH.,#15639);
#15639 = SURFACE_SIDE_STYLE('',(#15640));
#15640 = SURFACE_STYLE_FILL_AREA(#15641);
#15641 = FILL_AREA_STYLE('',(#15642));
#15642 = FILL_AREA_STYLE_COLOUR('',#13499);
#15643 = STYLED_ITEM('color',(#15644),#9509);
#15644 = PRESENTATION_STYLE_ASSIGNMENT((#15645));
#15645 = SURFACE_STYLE_USAGE(.BOTH.,#15646);
#15646 = SURFACE_SIDE_STYLE('',(#15647));
#15647 = SURFACE_STYLE_FILL_AREA(#15648);
#15648 = FILL_AREA_STYLE('',(#15649));
#15649 = FILL_AREA_STYLE_COLOUR('',#13499);
#15650 = STYLED_ITEM('color',(#15651),#9540);
#15651 = PRESENTATION_STYLE_ASSIGNMENT((#15652));
#15652 = SURFACE_STYLE_USAGE(.BOTH.,#15653);
#15653 = SURFACE_SIDE_STYLE('',(#15654));
#15654 = SURFACE_STYLE_FILL_AREA(#15655);
#15655 = FILL_AREA_STYLE('',(#15656));
#15656 = FILL_AREA_STYLE_COLOUR('',#13499);
#15657 = STYLED_ITEM('color',(#15658),#9557);
#15658 = PRESENTATION_STYLE_ASSIGNMENT((#15659));
#15659 = SURFACE_STYLE_USAGE(.BOTH.,#15660);
#15660 = SURFACE_SIDE_STYLE('',(#15661));
#15661 = SURFACE_STYLE_FILL_AREA(#15662);
#15662 = FILL_AREA_STYLE('',(#15663));
#15663 = FILL_AREA_STYLE_COLOUR('',#15664);
#15664 = COLOUR_RGB('',0.859000020776,0.737999965183,0.495999988746);
#15665 = STYLED_ITEM('color',(#15666),#9590);
#15666 = PRESENTATION_STYLE_ASSIGNMENT((#15667));
#15667 = SURFACE_STYLE_USAGE(.BOTH.,#15668);
#15668 = SURFACE_SIDE_STYLE('',(#15669));
#15669 = SURFACE_STYLE_FILL_AREA(#15670);
#15670 = FILL_AREA_STYLE('',(#15671));
#15671 = FILL_AREA_STYLE_COLOUR('',#13499);
#15672 = STYLED_ITEM('color',(#15673),#9614);
#15673 = PRESENTATION_STYLE_ASSIGNMENT((#15674));
#15674 = SURFACE_STYLE_USAGE(.BOTH.,#15675);
#15675 = SURFACE_SIDE_STYLE('',(#15676));
#15676 = SURFACE_STYLE_FILL_AREA(#15677);
#15677 = FILL_AREA_STYLE('',(#15678));
#15678 = FILL_AREA_STYLE_COLOUR('',#15664);
#15679 = STYLED_ITEM('color',(#15680),#9681);
#15680 = PRESENTATION_STYLE_ASSIGNMENT((#15681));
#15681 = SURFACE_STYLE_USAGE(.BOTH.,#15682);
#15682 = SURFACE_SIDE_STYLE('',(#15683));
#15683 = SURFACE_STYLE_FILL_AREA(#15684);
#15684 = FILL_AREA_STYLE('',(#15685));
#15685 = FILL_AREA_STYLE_COLOUR('',#13499);
#15686 = STYLED_ITEM('color',(#15687),#9802);
#15687 = PRESENTATION_STYLE_ASSIGNMENT((#15688));
#15688 = SURFACE_STYLE_USAGE(.BOTH.,#15689);
#15689 = SURFACE_SIDE_STYLE('',(#15690));
#15690 = SURFACE_STYLE_FILL_AREA(#15691);
#15691 = FILL_AREA_STYLE('',(#15692));
#15692 = FILL_AREA_STYLE_COLOUR('',#15664);
#15693 = STYLED_ITEM('color',(#15694),#9869);
#15694 = PRESENTATION_STYLE_ASSIGNMENT((#15695));
#15695 = SURFACE_STYLE_USAGE(.BOTH.,#15696);
#15696 = SURFACE_SIDE_STYLE('',(#15697));
#15697 = SURFACE_STYLE_FILL_AREA(#15698);
#15698 = FILL_AREA_STYLE('',(#15699));
#15699 = FILL_AREA_STYLE_COLOUR('',#13499);
#15700 = STYLED_ITEM('color',(#15701),#9893);
#15701 = PRESENTATION_STYLE_ASSIGNMENT((#15702));
#15702 = SURFACE_STYLE_USAGE(.BOTH.,#15703);
#15703 = SURFACE_SIDE_STYLE('',(#15704));
#15704 = SURFACE_STYLE_FILL_AREA(#15705);
#15705 = FILL_AREA_STYLE('',(#15706));
#15706 = FILL_AREA_STYLE_COLOUR('',#13499);
#15707 = STYLED_ITEM('color',(#15708),#9924);
#15708 = PRESENTATION_STYLE_ASSIGNMENT((#15709));
#15709 = SURFACE_STYLE_USAGE(.BOTH.,#15710);
#15710 = SURFACE_SIDE_STYLE('',(#15711));
#15711 = SURFACE_STYLE_FILL_AREA(#15712);
#15712 = FILL_AREA_STYLE('',(#15713));
#15713 = FILL_AREA_STYLE_COLOUR('',#15664);
#15714 = STYLED_ITEM('color',(#15715),#9957);
#15715 = PRESENTATION_STYLE_ASSIGNMENT((#15716));
#15716 = SURFACE_STYLE_USAGE(.BOTH.,#15717);
#15717 = SURFACE_SIDE_STYLE('',(#15718));
#15718 = SURFACE_STYLE_FILL_AREA(#15719);
#15719 = FILL_AREA_STYLE('',(#15720));
#15720 = FILL_AREA_STYLE_COLOUR('',#13499);
#15721 = STYLED_ITEM('color',(#15722),#10013);
#15722 = PRESENTATION_STYLE_ASSIGNMENT((#15723));
#15723 = SURFACE_STYLE_USAGE(.BOTH.,#15724);
#15724 = SURFACE_SIDE_STYLE('',(#15725));
#15725 = SURFACE_STYLE_FILL_AREA(#15726);
#15726 = FILL_AREA_STYLE('',(#15727));
#15727 = FILL_AREA_STYLE_COLOUR('',#15664);
#15728 = STYLED_ITEM('color',(#15729),#10037);
#15729 = PRESENTATION_STYLE_ASSIGNMENT((#15730));
#15730 = SURFACE_STYLE_USAGE(.BOTH.,#15731);
#15731 = SURFACE_SIDE_STYLE('',(#15732));
#15732 = SURFACE_STYLE_FILL_AREA(#15733);
#15733 = FILL_AREA_STYLE('',(#15734));
#15734 = FILL_AREA_STYLE_COLOUR('',#15664);
#15735 = STYLED_ITEM('color',(#15736),#10061);
#15736 = PRESENTATION_STYLE_ASSIGNMENT((#15737));
#15737 = SURFACE_STYLE_USAGE(.BOTH.,#15738);
#15738 = SURFACE_SIDE_STYLE('',(#15739));
#15739 = SURFACE_STYLE_FILL_AREA(#15740);
#15740 = FILL_AREA_STYLE('',(#15741));
#15741 = FILL_AREA_STYLE_COLOUR('',#15664);
#15742 = STYLED_ITEM('color',(#15743),#10085);
#15743 = PRESENTATION_STYLE_ASSIGNMENT((#15744));
#15744 = SURFACE_STYLE_USAGE(.BOTH.,#15745);
#15745 = SURFACE_SIDE_STYLE('',(#15746));
#15746 = SURFACE_STYLE_FILL_AREA(#15747);
#15747 = FILL_AREA_STYLE('',(#15748));
#15748 = FILL_AREA_STYLE_COLOUR('',#15664);
#15749 = STYLED_ITEM('color',(#15750),#10118);
#15750 = PRESENTATION_STYLE_ASSIGNMENT((#15751));
#15751 = SURFACE_STYLE_USAGE(.BOTH.,#15752);
#15752 = SURFACE_SIDE_STYLE('',(#15753));
#15753 = SURFACE_STYLE_FILL_AREA(#15754);
#15754 = FILL_AREA_STYLE('',(#15755));
#15755 = FILL_AREA_STYLE_COLOUR('',#15664);
#15756 = STYLED_ITEM('color',(#15757),#10130);
#15757 = PRESENTATION_STYLE_ASSIGNMENT((#15758));
#15758 = SURFACE_STYLE_USAGE(.BOTH.,#15759);
#15759 = SURFACE_SIDE_STYLE('',(#15760));
#15760 = SURFACE_STYLE_FILL_AREA(#15761);
#15761 = FILL_AREA_STYLE('',(#15762));
#15762 = FILL_AREA_STYLE_COLOUR('',#15664);
#15763 = STYLED_ITEM('color',(#15764),#10193);
#15764 = PRESENTATION_STYLE_ASSIGNMENT((#15765));
#15765 = SURFACE_STYLE_USAGE(.BOTH.,#15766);
#15766 = SURFACE_SIDE_STYLE('',(#15767));
#15767 = SURFACE_STYLE_FILL_AREA(#15768);
#15768 = FILL_AREA_STYLE('',(#15769));
#15769 = FILL_AREA_STYLE_COLOUR('',#15664);
#15770 = STYLED_ITEM('color',(#15771),#10218);
#15771 = PRESENTATION_STYLE_ASSIGNMENT((#15772));
#15772 = SURFACE_STYLE_USAGE(.BOTH.,#15773);
#15773 = SURFACE_SIDE_STYLE('',(#15774));
#15774 = SURFACE_STYLE_FILL_AREA(#15775);
#15775 = FILL_AREA_STYLE('',(#15776));
#15776 = FILL_AREA_STYLE_COLOUR('',#15664);
#15777 = STYLED_ITEM('color',(#15778),#10235);
#15778 = PRESENTATION_STYLE_ASSIGNMENT((#15779));
#15779 = SURFACE_STYLE_USAGE(.BOTH.,#15780);
#15780 = SURFACE_SIDE_STYLE('',(#15781));
#15781 = SURFACE_STYLE_FILL_AREA(#15782);
#15782 = FILL_AREA_STYLE('',(#15783));
#15783 = FILL_AREA_STYLE_COLOUR('',#15664);
#15784 = STYLED_ITEM('color',(#15785),#10259);
#15785 = PRESENTATION_STYLE_ASSIGNMENT((#15786));
#15786 = SURFACE_STYLE_USAGE(.BOTH.,#15787);
#15787 = SURFACE_SIDE_STYLE('',(#15788));
#15788 = SURFACE_STYLE_FILL_AREA(#15789);
#15789 = FILL_AREA_STYLE('',(#15790));
#15790 = FILL_AREA_STYLE_COLOUR('',#15664);
#15791 = STYLED_ITEM('color',(#15792),#10277);
#15792 = PRESENTATION_STYLE_ASSIGNMENT((#15793));
#15793 = SURFACE_STYLE_USAGE(.BOTH.,#15794);
#15794 = SURFACE_SIDE_STYLE('',(#15795));
#15795 = SURFACE_STYLE_FILL_AREA(#15796);
#15796 = FILL_AREA_STYLE('',(#15797));
#15797 = FILL_AREA_STYLE_COLOUR('',#15664);
#15798 = STYLED_ITEM('color',(#15799),#10295);
#15799 = PRESENTATION_STYLE_ASSIGNMENT((#15800));
#15800 = SURFACE_STYLE_USAGE(.BOTH.,#15801);
#15801 = SURFACE_SIDE_STYLE('',(#15802));
#15802 = SURFACE_STYLE_FILL_AREA(#15803);
#15803 = FILL_AREA_STYLE('',(#15804));
#15804 = FILL_AREA_STYLE_COLOUR('',#15664);
#15805 = STYLED_ITEM('color',(#15806),#10313);
#15806 = PRESENTATION_STYLE_ASSIGNMENT((#15807));
#15807 = SURFACE_STYLE_USAGE(.BOTH.,#15808);
#15808 = SURFACE_SIDE_STYLE('',(#15809));
#15809 = SURFACE_STYLE_FILL_AREA(#15810);
#15810 = FILL_AREA_STYLE('',(#15811));
#15811 = FILL_AREA_STYLE_COLOUR('',#15664);
#15812 = STYLED_ITEM('color',(#15813),#10330);
#15813 = PRESENTATION_STYLE_ASSIGNMENT((#15814));
#15814 = SURFACE_STYLE_USAGE(.BOTH.,#15815);
#15815 = SURFACE_SIDE_STYLE('',(#15816));
#15816 = SURFACE_STYLE_FILL_AREA(#15817);
#15817 = FILL_AREA_STYLE('',(#15818));
#15818 = FILL_AREA_STYLE_COLOUR('',#15664);
#15819 = STYLED_ITEM('color',(#15820),#10347);
#15820 = PRESENTATION_STYLE_ASSIGNMENT((#15821));
#15821 = SURFACE_STYLE_USAGE(.BOTH.,#15822);
#15822 = SURFACE_SIDE_STYLE('',(#15823));
#15823 = SURFACE_STYLE_FILL_AREA(#15824);
#15824 = FILL_AREA_STYLE('',(#15825));
#15825 = FILL_AREA_STYLE_COLOUR('',#15664);
#15826 = STYLED_ITEM('color',(#15827),#10378);
#15827 = PRESENTATION_STYLE_ASSIGNMENT((#15828));
#15828 = SURFACE_STYLE_USAGE(.BOTH.,#15829);
#15829 = SURFACE_SIDE_STYLE('',(#15830));
#15830 = SURFACE_STYLE_FILL_AREA(#15831);
#15831 = FILL_AREA_STYLE('',(#15832));
#15832 = FILL_AREA_STYLE_COLOUR('',#15664);
#15833 = STYLED_ITEM('color',(#15834),#10403);
#15834 = PRESENTATION_STYLE_ASSIGNMENT((#15835));
#15835 = SURFACE_STYLE_USAGE(.BOTH.,#15836);
#15836 = SURFACE_SIDE_STYLE('',(#15837));
#15837 = SURFACE_STYLE_FILL_AREA(#15838);
#15838 = FILL_AREA_STYLE('',(#15839));
#15839 = FILL_AREA_STYLE_COLOUR('',#15664);
#15840 = STYLED_ITEM('color',(#15841),#10428);
#15841 = PRESENTATION_STYLE_ASSIGNMENT((#15842));
#15842 = SURFACE_STYLE_USAGE(.BOTH.,#15843);
#15843 = SURFACE_SIDE_STYLE('',(#15844));
#15844 = SURFACE_STYLE_FILL_AREA(#15845);
#15845 = FILL_AREA_STYLE('',(#15846));
#15846 = FILL_AREA_STYLE_COLOUR('',#15664);
#15847 = STYLED_ITEM('color',(#15848),#10452);
#15848 = PRESENTATION_STYLE_ASSIGNMENT((#15849));
#15849 = SURFACE_STYLE_USAGE(.BOTH.,#15850);
#15850 = SURFACE_SIDE_STYLE('',(#15851));
#15851 = SURFACE_STYLE_FILL_AREA(#15852);
#15852 = FILL_AREA_STYLE('',(#15853));
#15853 = FILL_AREA_STYLE_COLOUR('',#15664);
#15854 = STYLED_ITEM('color',(#15855),#10469);
#15855 = PRESENTATION_STYLE_ASSIGNMENT((#15856));
#15856 = SURFACE_STYLE_USAGE(.BOTH.,#15857);
#15857 = SURFACE_SIDE_STYLE('',(#15858));
#15858 = SURFACE_STYLE_FILL_AREA(#15859);
#15859 = FILL_AREA_STYLE('',(#15860));
#15860 = FILL_AREA_STYLE_COLOUR('',#15861);
#15861 = COLOUR_RGB('',0.340000006699,0.68000001254,0.444999988852);
#15862 = STYLED_ITEM('color',(#15863),#10500);
#15863 = PRESENTATION_STYLE_ASSIGNMENT((#15864));
#15864 = SURFACE_STYLE_USAGE(.BOTH.,#15865);
#15865 = SURFACE_SIDE_STYLE('',(#15866));
#15866 = SURFACE_STYLE_FILL_AREA(#15867);
#15867 = FILL_AREA_STYLE('',(#15868));
#15868 = FILL_AREA_STYLE_COLOUR('',#15861);
#15869 = STYLED_ITEM('color',(#15870),#10524);
#15870 = PRESENTATION_STYLE_ASSIGNMENT((#15871));
#15871 = SURFACE_STYLE_USAGE(.BOTH.,#15872);
#15872 = SURFACE_SIDE_STYLE('',(#15873));
#15873 = SURFACE_STYLE_FILL_AREA(#15874);
#15874 = FILL_AREA_STYLE('',(#15875));
#15875 = FILL_AREA_STYLE_COLOUR('',#15861);
#15876 = STYLED_ITEM('color',(#15877),#10541);
#15877 = PRESENTATION_STYLE_ASSIGNMENT((#15878));
#15878 = SURFACE_STYLE_USAGE(.BOTH.,#15879);
#15879 = SURFACE_SIDE_STYLE('',(#15880));
#15880 = SURFACE_STYLE_FILL_AREA(#15881);
#15881 = FILL_AREA_STYLE('',(#15882));
#15882 = FILL_AREA_STYLE_COLOUR('',#15664);
#15883 = STYLED_ITEM('color',(#15884),#10569);
#15884 = PRESENTATION_STYLE_ASSIGNMENT((#15885));
#15885 = SURFACE_STYLE_USAGE(.BOTH.,#15886);
#15886 = SURFACE_SIDE_STYLE('',(#15887));
#15887 = SURFACE_STYLE_FILL_AREA(#15888);
#15888 = FILL_AREA_STYLE('',(#15889));
#15889 = FILL_AREA_STYLE_COLOUR('',#15664);
#15890 = STYLED_ITEM('color',(#15891),#10594);
#15891 = PRESENTATION_STYLE_ASSIGNMENT((#15892));
#15892 = SURFACE_STYLE_USAGE(.BOTH.,#15893);
#15893 = SURFACE_SIDE_STYLE('',(#15894));
#15894 = SURFACE_STYLE_FILL_AREA(#15895);
#15895 = FILL_AREA_STYLE('',(#15896));
#15896 = FILL_AREA_STYLE_COLOUR('',#15664);
#15897 = STYLED_ITEM('color',(#15898),#10618);
#15898 = PRESENTATION_STYLE_ASSIGNMENT((#15899));
#15899 = SURFACE_STYLE_USAGE(.BOTH.,#15900);
#15900 = SURFACE_SIDE_STYLE('',(#15901));
#15901 = SURFACE_STYLE_FILL_AREA(#15902);
#15902 = FILL_AREA_STYLE('',(#15903));
#15903 = FILL_AREA_STYLE_COLOUR('',#15664);
#15904 = STYLED_ITEM('color',(#15905),#10643);
#15905 = PRESENTATION_STYLE_ASSIGNMENT((#15906));
#15906 = SURFACE_STYLE_USAGE(.BOTH.,#15907);
#15907 = SURFACE_SIDE_STYLE('',(#15908));
#15908 = SURFACE_STYLE_FILL_AREA(#15909);
#15909 = FILL_AREA_STYLE('',(#15910));
#15910 = FILL_AREA_STYLE_COLOUR('',#15664);
#15911 = STYLED_ITEM('color',(#15912),#10690);
#15912 = PRESENTATION_STYLE_ASSIGNMENT((#15913));
#15913 = SURFACE_STYLE_USAGE(.BOTH.,#15914);
#15914 = SURFACE_SIDE_STYLE('',(#15915));
#15915 = SURFACE_STYLE_FILL_AREA(#15916);
#15916 = FILL_AREA_STYLE('',(#15917));
#15917 = FILL_AREA_STYLE_COLOUR('',#15664);
#15918 = STYLED_ITEM('color',(#15919),#10707);
#15919 = PRESENTATION_STYLE_ASSIGNMENT((#15920));
#15920 = SURFACE_STYLE_USAGE(.BOTH.,#15921);
#15921 = SURFACE_SIDE_STYLE('',(#15922));
#15922 = SURFACE_STYLE_FILL_AREA(#15923);
#15923 = FILL_AREA_STYLE('',(#15924));
#15924 = FILL_AREA_STYLE_COLOUR('',#15664);
#15925 = STYLED_ITEM('color',(#15926),#10719);
#15926 = PRESENTATION_STYLE_ASSIGNMENT((#15927));
#15927 = SURFACE_STYLE_USAGE(.BOTH.,#15928);
#15928 = SURFACE_SIDE_STYLE('',(#15929));
#15929 = SURFACE_STYLE_FILL_AREA(#15930);
#15930 = FILL_AREA_STYLE('',(#15931));
#15931 = FILL_AREA_STYLE_COLOUR('',#15664);
#15932 = STYLED_ITEM('color',(#15933),#10741);
#15933 = PRESENTATION_STYLE_ASSIGNMENT((#15934));
#15934 = SURFACE_STYLE_USAGE(.BOTH.,#15935);
#15935 = SURFACE_SIDE_STYLE('',(#15936));
#15936 = SURFACE_STYLE_FILL_AREA(#15937);
#15937 = FILL_AREA_STYLE('',(#15938));
#15938 = FILL_AREA_STYLE_COLOUR('',#15664);
#15939 = STYLED_ITEM('color',(#15940),#10753);
#15940 = PRESENTATION_STYLE_ASSIGNMENT((#15941));
#15941 = SURFACE_STYLE_USAGE(.BOTH.,#15942);
#15942 = SURFACE_SIDE_STYLE('',(#15943));
#15943 = SURFACE_STYLE_FILL_AREA(#15944);
#15944 = FILL_AREA_STYLE('',(#15945));
#15945 = FILL_AREA_STYLE_COLOUR('',#15664);
#15946 = STYLED_ITEM('color',(#15947),#10771);
#15947 = PRESENTATION_STYLE_ASSIGNMENT((#15948));
#15948 = SURFACE_STYLE_USAGE(.BOTH.,#15949);
#15949 = SURFACE_SIDE_STYLE('',(#15950));
#15950 = SURFACE_STYLE_FILL_AREA(#15951);
#15951 = FILL_AREA_STYLE('',(#15952));
#15952 = FILL_AREA_STYLE_COLOUR('',#15664);
#15953 = STYLED_ITEM('color',(#15954),#10789);
#15954 = PRESENTATION_STYLE_ASSIGNMENT((#15955));
#15955 = SURFACE_STYLE_USAGE(.BOTH.,#15956);
#15956 = SURFACE_SIDE_STYLE('',(#15957));
#15957 = SURFACE_STYLE_FILL_AREA(#15958);
#15958 = FILL_AREA_STYLE('',(#15959));
#15959 = FILL_AREA_STYLE_COLOUR('',#15861);
#15960 = MECHANICAL_DESIGN_GEOMETRIC_PRESENTATION_REPRESENTATION('',(
    #15961,#15968,#15975,#15982,#15989,#15996,#16003,#16010,#16017,
    #16024,#16031,#16038,#16045,#16052,#16059,#16066,#16073,#16080,
    #16087,#16094,#16101,#16108,#16115,#16122,#16129,#16136,#16143,
    #16150,#16157,#16164,#16171,#16178,#16185,#16192,#16199,#16206,
    #16213,#16220,#16227,#16234,#16241),#12212);
#15961 = STYLED_ITEM('color',(#15962),#10849);
#15962 = PRESENTATION_STYLE_ASSIGNMENT((#15963));
#15963 = SURFACE_STYLE_USAGE(.BOTH.,#15964);
#15964 = SURFACE_SIDE_STYLE('',(#15965));
#15965 = SURFACE_STYLE_FILL_AREA(#15966);
#15966 = FILL_AREA_STYLE('',(#15967));
#15967 = FILL_AREA_STYLE_COLOUR('',#13449);
#15968 = STYLED_ITEM('color',(#15969),#10892);
#15969 = PRESENTATION_STYLE_ASSIGNMENT((#15970));
#15970 = SURFACE_STYLE_USAGE(.BOTH.,#15971);
#15971 = SURFACE_SIDE_STYLE('',(#15972));
#15972 = SURFACE_STYLE_FILL_AREA(#15973);
#15973 = FILL_AREA_STYLE('',(#15974));
#15974 = FILL_AREA_STYLE_COLOUR('',#13449);
#15975 = STYLED_ITEM('color',(#15976),#10918);
#15976 = PRESENTATION_STYLE_ASSIGNMENT((#15977));
#15977 = SURFACE_STYLE_USAGE(.BOTH.,#15978);
#15978 = SURFACE_SIDE_STYLE('',(#15979));
#15979 = SURFACE_STYLE_FILL_AREA(#15980);
#15980 = FILL_AREA_STYLE('',(#15981));
#15981 = FILL_AREA_STYLE_COLOUR('',#13449);
#15982 = STYLED_ITEM('color',(#15983),#10991);
#15983 = PRESENTATION_STYLE_ASSIGNMENT((#15984));
#15984 = SURFACE_STYLE_USAGE(.BOTH.,#15985);
#15985 = SURFACE_SIDE_STYLE('',(#15986));
#15986 = SURFACE_STYLE_FILL_AREA(#15987);
#15987 = FILL_AREA_STYLE('',(#15988));
#15988 = FILL_AREA_STYLE_COLOUR('',#13635);
#15989 = STYLED_ITEM('color',(#15990),#11070);
#15990 = PRESENTATION_STYLE_ASSIGNMENT((#15991));
#15991 = SURFACE_STYLE_USAGE(.BOTH.,#15992);
#15992 = SURFACE_SIDE_STYLE('',(#15993));
#15993 = SURFACE_STYLE_FILL_AREA(#15994);
#15994 = FILL_AREA_STYLE('',(#15995));
#15995 = FILL_AREA_STYLE_COLOUR('',#13449);
#15996 = STYLED_ITEM('color',(#15997),#11110);
#15997 = PRESENTATION_STYLE_ASSIGNMENT((#15998));
#15998 = SURFACE_STYLE_USAGE(.BOTH.,#15999);
#15999 = SURFACE_SIDE_STYLE('',(#16000));
#16000 = SURFACE_STYLE_FILL_AREA(#16001);
#16001 = FILL_AREA_STYLE('',(#16002));
#16002 = FILL_AREA_STYLE_COLOUR('',#13635);
#16003 = STYLED_ITEM('color',(#16004),#11189);
#16004 = PRESENTATION_STYLE_ASSIGNMENT((#16005));
#16005 = SURFACE_STYLE_USAGE(.BOTH.,#16006);
#16006 = SURFACE_SIDE_STYLE('',(#16007));
#16007 = SURFACE_STYLE_FILL_AREA(#16008);
#16008 = FILL_AREA_STYLE('',(#16009));
#16009 = FILL_AREA_STYLE_COLOUR('',#13635);
#16010 = STYLED_ITEM('color',(#16011),#11214);
#16011 = PRESENTATION_STYLE_ASSIGNMENT((#16012));
#16012 = SURFACE_STYLE_USAGE(.BOTH.,#16013);
#16013 = SURFACE_SIDE_STYLE('',(#16014));
#16014 = SURFACE_STYLE_FILL_AREA(#16015);
#16015 = FILL_AREA_STYLE('',(#16016));
#16016 = FILL_AREA_STYLE_COLOUR('',#13635);
#16017 = STYLED_ITEM('color',(#16018),#11239);
#16018 = PRESENTATION_STYLE_ASSIGNMENT((#16019));
#16019 = SURFACE_STYLE_USAGE(.BOTH.,#16020);
#16020 = SURFACE_SIDE_STYLE('',(#16021));
#16021 = SURFACE_STYLE_FILL_AREA(#16022);
#16022 = FILL_AREA_STYLE('',(#16023));
#16023 = FILL_AREA_STYLE_COLOUR('',#13635);
#16024 = STYLED_ITEM('color',(#16025),#11295);
#16025 = PRESENTATION_STYLE_ASSIGNMENT((#16026));
#16026 = SURFACE_STYLE_USAGE(.BOTH.,#16027);
#16027 = SURFACE_SIDE_STYLE('',(#16028));
#16028 = SURFACE_STYLE_FILL_AREA(#16029);
#16029 = FILL_AREA_STYLE('',(#16030));
#16030 = FILL_AREA_STYLE_COLOUR('',#13635);
#16031 = STYLED_ITEM('color',(#16032),#11351);
#16032 = PRESENTATION_STYLE_ASSIGNMENT((#16033));
#16033 = SURFACE_STYLE_USAGE(.BOTH.,#16034);
#16034 = SURFACE_SIDE_STYLE('',(#16035));
#16035 = SURFACE_STYLE_FILL_AREA(#16036);
#16036 = FILL_AREA_STYLE('',(#16037));
#16037 = FILL_AREA_STYLE_COLOUR('',#13635);
#16038 = STYLED_ITEM('color',(#16039),#11376);
#16039 = PRESENTATION_STYLE_ASSIGNMENT((#16040));
#16040 = SURFACE_STYLE_USAGE(.BOTH.,#16041);
#16041 = SURFACE_SIDE_STYLE('',(#16042));
#16042 = SURFACE_STYLE_FILL_AREA(#16043);
#16043 = FILL_AREA_STYLE('',(#16044));
#16044 = FILL_AREA_STYLE_COLOUR('',#13635);
#16045 = STYLED_ITEM('color',(#16046),#11401);
#16046 = PRESENTATION_STYLE_ASSIGNMENT((#16047));
#16047 = SURFACE_STYLE_USAGE(.BOTH.,#16048);
#16048 = SURFACE_SIDE_STYLE('',(#16049));
#16049 = SURFACE_STYLE_FILL_AREA(#16050);
#16050 = FILL_AREA_STYLE('',(#16051));
#16051 = FILL_AREA_STYLE_COLOUR('',#13635);
#16052 = STYLED_ITEM('color',(#16053),#11466);
#16053 = PRESENTATION_STYLE_ASSIGNMENT((#16054));
#16054 = SURFACE_STYLE_USAGE(.BOTH.,#16055);
#16055 = SURFACE_SIDE_STYLE('',(#16056));
#16056 = SURFACE_STYLE_FILL_AREA(#16057);
#16057 = FILL_AREA_STYLE('',(#16058));
#16058 = FILL_AREA_STYLE_COLOUR('',#13449);
#16059 = STYLED_ITEM('color',(#16060),#11539);
#16060 = PRESENTATION_STYLE_ASSIGNMENT((#16061));
#16061 = SURFACE_STYLE_USAGE(.BOTH.,#16062);
#16062 = SURFACE_SIDE_STYLE('',(#16063));
#16063 = SURFACE_STYLE_FILL_AREA(#16064);
#16064 = FILL_AREA_STYLE('',(#16065));
#16065 = FILL_AREA_STYLE_COLOUR('',#13635);
#16066 = STYLED_ITEM('color',(#16067),#11625);
#16067 = PRESENTATION_STYLE_ASSIGNMENT((#16068));
#16068 = SURFACE_STYLE_USAGE(.BOTH.,#16069);
#16069 = SURFACE_SIDE_STYLE('',(#16070));
#16070 = SURFACE_STYLE_FILL_AREA(#16071);
#16071 = FILL_AREA_STYLE('',(#16072));
#16072 = FILL_AREA_STYLE_COLOUR('',#13635);
#16073 = STYLED_ITEM('color',(#16074),#11642);
#16074 = PRESENTATION_STYLE_ASSIGNMENT((#16075));
#16075 = SURFACE_STYLE_USAGE(.BOTH.,#16076);
#16076 = SURFACE_SIDE_STYLE('',(#16077));
#16077 = SURFACE_STYLE_FILL_AREA(#16078);
#16078 = FILL_AREA_STYLE('',(#16079));
#16079 = FILL_AREA_STYLE_COLOUR('',#13449);
#16080 = STYLED_ITEM('color',(#16081),#11673);
#16081 = PRESENTATION_STYLE_ASSIGNMENT((#16082));
#16082 = SURFACE_STYLE_USAGE(.BOTH.,#16083);
#16083 = SURFACE_SIDE_STYLE('',(#16084));
#16084 = SURFACE_STYLE_FILL_AREA(#16085);
#16085 = FILL_AREA_STYLE('',(#16086));
#16086 = FILL_AREA_STYLE_COLOUR('',#13635);
#16087 = STYLED_ITEM('color',(#16088),#11685);
#16088 = PRESENTATION_STYLE_ASSIGNMENT((#16089));
#16089 = SURFACE_STYLE_USAGE(.BOTH.,#16090);
#16090 = SURFACE_SIDE_STYLE('',(#16091));
#16091 = SURFACE_STYLE_FILL_AREA(#16092);
#16092 = FILL_AREA_STYLE('',(#16093));
#16093 = FILL_AREA_STYLE_COLOUR('',#13635);
#16094 = STYLED_ITEM('color',(#16095),#11702);
#16095 = PRESENTATION_STYLE_ASSIGNMENT((#16096));
#16096 = SURFACE_STYLE_USAGE(.BOTH.,#16097);
#16097 = SURFACE_SIDE_STYLE('',(#16098));
#16098 = SURFACE_STYLE_FILL_AREA(#16099);
#16099 = FILL_AREA_STYLE('',(#16100));
#16100 = FILL_AREA_STYLE_COLOUR('',#13635);
#16101 = STYLED_ITEM('color',(#16102),#11714);
#16102 = PRESENTATION_STYLE_ASSIGNMENT((#16103));
#16103 = SURFACE_STYLE_USAGE(.BOTH.,#16104);
#16104 = SURFACE_SIDE_STYLE('',(#16105));
#16105 = SURFACE_STYLE_FILL_AREA(#16106);
#16106 = FILL_AREA_STYLE('',(#16107));
#16107 = FILL_AREA_STYLE_COLOUR('',#13635);
#16108 = STYLED_ITEM('color',(#16109),#11732);
#16109 = PRESENTATION_STYLE_ASSIGNMENT((#16110));
#16110 = SURFACE_STYLE_USAGE(.BOTH.,#16111);
#16111 = SURFACE_SIDE_STYLE('',(#16112));
#16112 = SURFACE_STYLE_FILL_AREA(#16113);
#16113 = FILL_AREA_STYLE('',(#16114));
#16114 = FILL_AREA_STYLE_COLOUR('',#13635);
#16115 = STYLED_ITEM('color',(#16116),#11744);
#16116 = PRESENTATION_STYLE_ASSIGNMENT((#16117));
#16117 = SURFACE_STYLE_USAGE(.BOTH.,#16118);
#16118 = SURFACE_SIDE_STYLE('',(#16119));
#16119 = SURFACE_STYLE_FILL_AREA(#16120);
#16120 = FILL_AREA_STYLE('',(#16121));
#16121 = FILL_AREA_STYLE_COLOUR('',#13635);
#16122 = STYLED_ITEM('color',(#16123),#11762);
#16123 = PRESENTATION_STYLE_ASSIGNMENT((#16124));
#16124 = SURFACE_STYLE_USAGE(.BOTH.,#16125);
#16125 = SURFACE_SIDE_STYLE('',(#16126));
#16126 = SURFACE_STYLE_FILL_AREA(#16127);
#16127 = FILL_AREA_STYLE('',(#16128));
#16128 = FILL_AREA_STYLE_COLOUR('',#13635);
#16129 = STYLED_ITEM('color',(#16130),#11774);
#16130 = PRESENTATION_STYLE_ASSIGNMENT((#16131));
#16131 = SURFACE_STYLE_USAGE(.BOTH.,#16132);
#16132 = SURFACE_SIDE_STYLE('',(#16133));
#16133 = SURFACE_STYLE_FILL_AREA(#16134);
#16134 = FILL_AREA_STYLE('',(#16135));
#16135 = FILL_AREA_STYLE_COLOUR('',#13449);
#16136 = STYLED_ITEM('color',(#16137),#11805);
#16137 = PRESENTATION_STYLE_ASSIGNMENT((#16138));
#16138 = SURFACE_STYLE_USAGE(.BOTH.,#16139);
#16139 = SURFACE_SIDE_STYLE('',(#16140));
#16140 = SURFACE_STYLE_FILL_AREA(#16141);
#16141 = FILL_AREA_STYLE('',(#16142));
#16142 = FILL_AREA_STYLE_COLOUR('',#13449);
#16143 = STYLED_ITEM('color',(#16144),#11857);
#16144 = PRESENTATION_STYLE_ASSIGNMENT((#16145));
#16145 = SURFACE_STYLE_USAGE(.BOTH.,#16146);
#16146 = SURFACE_SIDE_STYLE('',(#16147));
#16147 = SURFACE_STYLE_FILL_AREA(#16148);
#16148 = FILL_AREA_STYLE('',(#16149));
#16149 = FILL_AREA_STYLE_COLOUR('',#13449);
#16150 = STYLED_ITEM('color',(#16151),#11889);
#16151 = PRESENTATION_STYLE_ASSIGNMENT((#16152));
#16152 = SURFACE_STYLE_USAGE(.BOTH.,#16153);
#16153 = SURFACE_SIDE_STYLE('',(#16154));
#16154 = SURFACE_STYLE_FILL_AREA(#16155);
#16155 = FILL_AREA_STYLE('',(#16156));
#16156 = FILL_AREA_STYLE_COLOUR('',#13449);
#16157 = STYLED_ITEM('color',(#16158),#11914);
#16158 = PRESENTATION_STYLE_ASSIGNMENT((#16159));
#16159 = SURFACE_STYLE_USAGE(.BOTH.,#16160);
#16160 = SURFACE_SIDE_STYLE('',(#16161));
#16161 = SURFACE_STYLE_FILL_AREA(#16162);
#16162 = FILL_AREA_STYLE('',(#16163));
#16163 = FILL_AREA_STYLE_COLOUR('',#13449);
#16164 = STYLED_ITEM('color',(#16165),#11939);
#16165 = PRESENTATION_STYLE_ASSIGNMENT((#16166));
#16166 = SURFACE_STYLE_USAGE(.BOTH.,#16167);
#16167 = SURFACE_SIDE_STYLE('',(#16168));
#16168 = SURFACE_STYLE_FILL_AREA(#16169);
#16169 = FILL_AREA_STYLE('',(#16170));
#16170 = FILL_AREA_STYLE_COLOUR('',#13449);
#16171 = STYLED_ITEM('color',(#16172),#11971);
#16172 = PRESENTATION_STYLE_ASSIGNMENT((#16173));
#16173 = SURFACE_STYLE_USAGE(.BOTH.,#16174);
#16174 = SURFACE_SIDE_STYLE('',(#16175));
#16175 = SURFACE_STYLE_FILL_AREA(#16176);
#16176 = FILL_AREA_STYLE('',(#16177));
#16177 = FILL_AREA_STYLE_COLOUR('',#13449);
#16178 = STYLED_ITEM('color',(#16179),#11996);
#16179 = PRESENTATION_STYLE_ASSIGNMENT((#16180));
#16180 = SURFACE_STYLE_USAGE(.BOTH.,#16181);
#16181 = SURFACE_SIDE_STYLE('',(#16182));
#16182 = SURFACE_STYLE_FILL_AREA(#16183);
#16183 = FILL_AREA_STYLE('',(#16184));
#16184 = FILL_AREA_STYLE_COLOUR('',#13449);
#16185 = STYLED_ITEM('color',(#16186),#12021);
#16186 = PRESENTATION_STYLE_ASSIGNMENT((#16187));
#16187 = SURFACE_STYLE_USAGE(.BOTH.,#16188);
#16188 = SURFACE_SIDE_STYLE('',(#16189));
#16189 = SURFACE_STYLE_FILL_AREA(#16190);
#16190 = FILL_AREA_STYLE('',(#16191));
#16191 = FILL_AREA_STYLE_COLOUR('',#13449);
#16192 = STYLED_ITEM('color',(#16193),#12038);
#16193 = PRESENTATION_STYLE_ASSIGNMENT((#16194));
#16194 = SURFACE_STYLE_USAGE(.BOTH.,#16195);
#16195 = SURFACE_SIDE_STYLE('',(#16196));
#16196 = SURFACE_STYLE_FILL_AREA(#16197);
#16197 = FILL_AREA_STYLE('',(#16198));
#16198 = FILL_AREA_STYLE_COLOUR('',#13449);
#16199 = STYLED_ITEM('color',(#16200),#12055);
#16200 = PRESENTATION_STYLE_ASSIGNMENT((#16201));
#16201 = SURFACE_STYLE_USAGE(.BOTH.,#16202);
#16202 = SURFACE_SIDE_STYLE('',(#16203));
#16203 = SURFACE_STYLE_FILL_AREA(#16204);
#16204 = FILL_AREA_STYLE('',(#16205));
#16205 = FILL_AREA_STYLE_COLOUR('',#13449);
#16206 = STYLED_ITEM('color',(#16207),#12103);
#16207 = PRESENTATION_STYLE_ASSIGNMENT((#16208));
#16208 = SURFACE_STYLE_USAGE(.BOTH.,#16209);
#16209 = SURFACE_SIDE_STYLE('',(#16210));
#16210 = SURFACE_STYLE_FILL_AREA(#16211);
#16211 = FILL_AREA_STYLE('',(#16212));
#16212 = FILL_AREA_STYLE_COLOUR('',#13635);
#16213 = STYLED_ITEM('color',(#16214),#12144);
#16214 = PRESENTATION_STYLE_ASSIGNMENT((#16215));
#16215 = SURFACE_STYLE_USAGE(.BOTH.,#16216);
#16216 = SURFACE_SIDE_STYLE('',(#16217));
#16217 = SURFACE_STYLE_FILL_AREA(#16218);
#16218 = FILL_AREA_STYLE('',(#16219));
#16219 = FILL_AREA_STYLE_COLOUR('',#13449);
#16220 = STYLED_ITEM('color',(#16221),#12162);
#16221 = PRESENTATION_STYLE_ASSIGNMENT((#16222));
#16222 = SURFACE_STYLE_USAGE(.BOTH.,#16223);
#16223 = SURFACE_SIDE_STYLE('',(#16224));
#16224 = SURFACE_STYLE_FILL_AREA(#16225);
#16225 = FILL_AREA_STYLE('',(#16226));
#16226 = FILL_AREA_STYLE_COLOUR('',#13449);
#16227 = STYLED_ITEM('color',(#16228),#12174);
#16228 = PRESENTATION_STYLE_ASSIGNMENT((#16229));
#16229 = SURFACE_STYLE_USAGE(.BOTH.,#16230);
#16230 = SURFACE_SIDE_STYLE('',(#16231));
#16231 = SURFACE_STYLE_FILL_AREA(#16232);
#16232 = FILL_AREA_STYLE('',(#16233));
#16233 = FILL_AREA_STYLE_COLOUR('',#13449);
#16234 = STYLED_ITEM('color',(#16235),#12186);
#16235 = PRESENTATION_STYLE_ASSIGNMENT((#16236));
#16236 = SURFACE_STYLE_USAGE(.BOTH.,#16237);
#16237 = SURFACE_SIDE_STYLE('',(#16238));
#16238 = SURFACE_STYLE_FILL_AREA(#16239);
#16239 = FILL_AREA_STYLE('',(#16240));
#16240 = FILL_AREA_STYLE_COLOUR('',#13449);
#16241 = STYLED_ITEM('color',(#16242),#12202);
#16242 = PRESENTATION_STYLE_ASSIGNMENT((#16243));
#16243 = SURFACE_STYLE_USAGE(.BOTH.,#16244);
#16244 = SURFACE_SIDE_STYLE('',(#16245));
#16245 = SURFACE_STYLE_FILL_AREA(#16246);
#16246 = FILL_AREA_STYLE('',(#16247));
#16247 = FILL_AREA_STYLE_COLOUR('',#13635);
#16248 = MECHANICAL_DESIGN_GEOMETRIC_PRESENTATION_REPRESENTATION('',(
    #16249),#13430);
#16249 = STYLED_ITEM('color',(#16250),#12236);
#16250 = PRESENTATION_STYLE_ASSIGNMENT((#16251));
#16251 = SURFACE_STYLE_USAGE(.BOTH.,#16252);
#16252 = SURFACE_SIDE_STYLE('',(#16253));
#16253 = SURFACE_STYLE_FILL_AREA(#16254);
#16254 = FILL_AREA_STYLE('',(#16255));
#16255 = FILL_AREA_STYLE_COLOUR('',#16256);
#16256 = COLOUR_RGB('',0.313304153717,0.484529207832,0.410020903123);
#16257 = MECHANICAL_DESIGN_GEOMETRIC_PRESENTATION_REPRESENTATION('',(
    #16258,#16265,#16272,#16279,#16286,#16293,#16300,#16307,#16314,
    #16321,#16328,#16335,#16342,#16349,#16356,#16363,#16370,#16377,
    #16384,#16391,#16398,#16405,#16412,#16419,#16426,#16433),#3848);
#16258 = STYLED_ITEM('color',(#16259),#3060);
#16259 = PRESENTATION_STYLE_ASSIGNMENT((#16260));
#16260 = SURFACE_STYLE_USAGE(.BOTH.,#16261);
#16261 = SURFACE_SIDE_STYLE('',(#16262));
#16262 = SURFACE_STYLE_FILL_AREA(#16263);
#16263 = FILL_AREA_STYLE('',(#16264));
#16264 = FILL_AREA_STYLE_COLOUR('',#13449);
#16265 = STYLED_ITEM('color',(#16266),#3100);
#16266 = PRESENTATION_STYLE_ASSIGNMENT((#16267));
#16267 = SURFACE_STYLE_USAGE(.BOTH.,#16268);
#16268 = SURFACE_SIDE_STYLE('',(#16269));
#16269 = SURFACE_STYLE_FILL_AREA(#16270);
#16270 = FILL_AREA_STYLE('',(#16271));
#16271 = FILL_AREA_STYLE_COLOUR('',#13449);
#16272 = STYLED_ITEM('color',(#16273),#3183);
#16273 = PRESENTATION_STYLE_ASSIGNMENT((#16274));
#16274 = SURFACE_STYLE_USAGE(.BOTH.,#16275);
#16275 = SURFACE_SIDE_STYLE('',(#16276));
#16276 = SURFACE_STYLE_FILL_AREA(#16277);
#16277 = FILL_AREA_STYLE('',(#16278));
#16278 = FILL_AREA_STYLE_COLOUR('',#13449);
#16279 = STYLED_ITEM('color',(#16280),#3208);
#16280 = PRESENTATION_STYLE_ASSIGNMENT((#16281));
#16281 = SURFACE_STYLE_USAGE(.BOTH.,#16282);
#16282 = SURFACE_SIDE_STYLE('',(#16283));
#16283 = SURFACE_STYLE_FILL_AREA(#16284);
#16284 = FILL_AREA_STYLE('',(#16285));
#16285 = FILL_AREA_STYLE_COLOUR('',#13449);
#16286 = STYLED_ITEM('color',(#16287),#3233);
#16287 = PRESENTATION_STYLE_ASSIGNMENT((#16288));
#16288 = SURFACE_STYLE_USAGE(.BOTH.,#16289);
#16289 = SURFACE_SIDE_STYLE('',(#16290));
#16290 = SURFACE_STYLE_FILL_AREA(#16291);
#16291 = FILL_AREA_STYLE('',(#16292));
#16292 = FILL_AREA_STYLE_COLOUR('',#13449);
#16293 = STYLED_ITEM('color',(#16294),#3300);
#16294 = PRESENTATION_STYLE_ASSIGNMENT((#16295));
#16295 = SURFACE_STYLE_USAGE(.BOTH.,#16296);
#16296 = SURFACE_SIDE_STYLE('',(#16297));
#16297 = SURFACE_STYLE_FILL_AREA(#16298);
#16298 = FILL_AREA_STYLE('',(#16299));
#16299 = FILL_AREA_STYLE_COLOUR('',#13449);
#16300 = STYLED_ITEM('color',(#16301),#3317);
#16301 = PRESENTATION_STYLE_ASSIGNMENT((#16302));
#16302 = SURFACE_STYLE_USAGE(.BOTH.,#16303);
#16303 = SURFACE_SIDE_STYLE('',(#16304));
#16304 = SURFACE_STYLE_FILL_AREA(#16305);
#16305 = FILL_AREA_STYLE('',(#16306));
#16306 = FILL_AREA_STYLE_COLOUR('',#13449);
#16307 = STYLED_ITEM('color',(#16308),#3334);
#16308 = PRESENTATION_STYLE_ASSIGNMENT((#16309));
#16309 = SURFACE_STYLE_USAGE(.BOTH.,#16310);
#16310 = SURFACE_SIDE_STYLE('',(#16311));
#16311 = SURFACE_STYLE_FILL_AREA(#16312);
#16312 = FILL_AREA_STYLE('',(#16313));
#16313 = FILL_AREA_STYLE_COLOUR('',#13499);
#16314 = STYLED_ITEM('color',(#16315),#3383);
#16315 = PRESENTATION_STYLE_ASSIGNMENT((#16316));
#16316 = SURFACE_STYLE_USAGE(.BOTH.,#16317);
#16317 = SURFACE_SIDE_STYLE('',(#16318));
#16318 = SURFACE_STYLE_FILL_AREA(#16319);
#16319 = FILL_AREA_STYLE('',(#16320));
#16320 = FILL_AREA_STYLE_COLOUR('',#13449);
#16321 = STYLED_ITEM('color',(#16322),#3405);
#16322 = PRESENTATION_STYLE_ASSIGNMENT((#16323));
#16323 = SURFACE_STYLE_USAGE(.BOTH.,#16324);
#16324 = SURFACE_SIDE_STYLE('',(#16325));
#16325 = SURFACE_STYLE_FILL_AREA(#16326);
#16326 = FILL_AREA_STYLE('',(#16327));
#16327 = FILL_AREA_STYLE_COLOUR('',#13449);
#16328 = STYLED_ITEM('color',(#16329),#3417);
#16329 = PRESENTATION_STYLE_ASSIGNMENT((#16330));
#16330 = SURFACE_STYLE_USAGE(.BOTH.,#16331);
#16331 = SURFACE_SIDE_STYLE('',(#16332));
#16332 = SURFACE_STYLE_FILL_AREA(#16333);
#16333 = FILL_AREA_STYLE('',(#16334));
#16334 = FILL_AREA_STYLE_COLOUR('',#13499);
#16335 = STYLED_ITEM('color',(#16336),#3466);
#16336 = PRESENTATION_STYLE_ASSIGNMENT((#16337));
#16337 = SURFACE_STYLE_USAGE(.BOTH.,#16338);
#16338 = SURFACE_SIDE_STYLE('',(#16339));
#16339 = SURFACE_STYLE_FILL_AREA(#16340);
#16340 = FILL_AREA_STYLE('',(#16341));
#16341 = FILL_AREA_STYLE_COLOUR('',#13499);
#16342 = STYLED_ITEM('color',(#16343),#3483);
#16343 = PRESENTATION_STYLE_ASSIGNMENT((#16344));
#16344 = SURFACE_STYLE_USAGE(.BOTH.,#16345);
#16345 = SURFACE_SIDE_STYLE('',(#16346));
#16346 = SURFACE_STYLE_FILL_AREA(#16347);
#16347 = FILL_AREA_STYLE('',(#16348));
#16348 = FILL_AREA_STYLE_COLOUR('',#13449);
#16349 = STYLED_ITEM('color',(#16350),#3552);
#16350 = PRESENTATION_STYLE_ASSIGNMENT((#16351));
#16351 = SURFACE_STYLE_USAGE(.BOTH.,#16352);
#16352 = SURFACE_SIDE_STYLE('',(#16353));
#16353 = SURFACE_STYLE_FILL_AREA(#16354);
#16354 = FILL_AREA_STYLE('',(#16355));
#16355 = FILL_AREA_STYLE_COLOUR('',#13542);
#16356 = STYLED_ITEM('color',(#16357),#3583);
#16357 = PRESENTATION_STYLE_ASSIGNMENT((#16358));
#16358 = SURFACE_STYLE_USAGE(.BOTH.,#16359);
#16359 = SURFACE_SIDE_STYLE('',(#16360));
#16360 = SURFACE_STYLE_FILL_AREA(#16361);
#16361 = FILL_AREA_STYLE('',(#16362));
#16362 = FILL_AREA_STYLE_COLOUR('',#13542);
#16363 = STYLED_ITEM('color',(#16364),#3607);
#16364 = PRESENTATION_STYLE_ASSIGNMENT((#16365));
#16365 = SURFACE_STYLE_USAGE(.BOTH.,#16366);
#16366 = SURFACE_SIDE_STYLE('',(#16367));
#16367 = SURFACE_STYLE_FILL_AREA(#16368);
#16368 = FILL_AREA_STYLE('',(#16369));
#16369 = FILL_AREA_STYLE_COLOUR('',#13449);
#16370 = STYLED_ITEM('color',(#16371),#3676);
#16371 = PRESENTATION_STYLE_ASSIGNMENT((#16372));
#16372 = SURFACE_STYLE_USAGE(.BOTH.,#16373);
#16373 = SURFACE_SIDE_STYLE('',(#16374));
#16374 = SURFACE_STYLE_FILL_AREA(#16375);
#16375 = FILL_AREA_STYLE('',(#16376));
#16376 = FILL_AREA_STYLE_COLOUR('',#13542);
#16377 = STYLED_ITEM('color',(#16378),#3700);
#16378 = PRESENTATION_STYLE_ASSIGNMENT((#16379));
#16379 = SURFACE_STYLE_USAGE(.BOTH.,#16380);
#16380 = SURFACE_SIDE_STYLE('',(#16381));
#16381 = SURFACE_STYLE_FILL_AREA(#16382);
#16382 = FILL_AREA_STYLE('',(#16383));
#16383 = FILL_AREA_STYLE_COLOUR('',#13449);
#16384 = STYLED_ITEM('color',(#16385),#3717);
#16385 = PRESENTATION_STYLE_ASSIGNMENT((#16386));
#16386 = SURFACE_STYLE_USAGE(.BOTH.,#16387);
#16387 = SURFACE_SIDE_STYLE('',(#16388));
#16388 = SURFACE_STYLE_FILL_AREA(#16389);
#16389 = FILL_AREA_STYLE('',(#16390));
#16390 = FILL_AREA_STYLE_COLOUR('',#13449);
#16391 = STYLED_ITEM('color',(#16392),#3734);
#16392 = PRESENTATION_STYLE_ASSIGNMENT((#16393));
#16393 = SURFACE_STYLE_USAGE(.BOTH.,#16394);
#16394 = SURFACE_SIDE_STYLE('',(#16395));
#16395 = SURFACE_STYLE_FILL_AREA(#16396);
#16396 = FILL_AREA_STYLE('',(#16397));
#16397 = FILL_AREA_STYLE_COLOUR('',#13449);
#16398 = STYLED_ITEM('color',(#16399),#3751);
#16399 = PRESENTATION_STYLE_ASSIGNMENT((#16400));
#16400 = SURFACE_STYLE_USAGE(.BOTH.,#16401);
#16401 = SURFACE_SIDE_STYLE('',(#16402));
#16402 = SURFACE_STYLE_FILL_AREA(#16403);
#16403 = FILL_AREA_STYLE('',(#16404));
#16404 = FILL_AREA_STYLE_COLOUR('',#13449);
#16405 = STYLED_ITEM('color',(#16406),#3768);
#16406 = PRESENTATION_STYLE_ASSIGNMENT((#16407));
#16407 = SURFACE_STYLE_USAGE(.BOTH.,#16408);
#16408 = SURFACE_SIDE_STYLE('',(#16409));
#16409 = SURFACE_STYLE_FILL_AREA(#16410);
#16410 = FILL_AREA_STYLE('',(#16411));
#16411 = FILL_AREA_STYLE_COLOUR('',#13449);
#16412 = STYLED_ITEM('color',(#16413),#3785);
#16413 = PRESENTATION_STYLE_ASSIGNMENT((#16414));
#16414 = SURFACE_STYLE_USAGE(.BOTH.,#16415);
#16415 = SURFACE_SIDE_STYLE('',(#16416));
#16416 = SURFACE_STYLE_FILL_AREA(#16417);
#16417 = FILL_AREA_STYLE('',(#16418));
#16418 = FILL_AREA_STYLE_COLOUR('',#13449);
#16419 = STYLED_ITEM('color',(#16420),#3802);
#16420 = PRESENTATION_STYLE_ASSIGNMENT((#16421));
#16421 = SURFACE_STYLE_USAGE(.BOTH.,#16422);
#16422 = SURFACE_SIDE_STYLE('',(#16423));
#16423 = SURFACE_STYLE_FILL_AREA(#16424);
#16424 = FILL_AREA_STYLE('',(#16425));
#16425 = FILL_AREA_STYLE_COLOUR('',#13449);
#16426 = STYLED_ITEM('color',(#16427),#3819);
#16427 = PRESENTATION_STYLE_ASSIGNMENT((#16428));
#16428 = SURFACE_STYLE_USAGE(.BOTH.,#16429);
#16429 = SURFACE_SIDE_STYLE('',(#16430));
#16430 = SURFACE_STYLE_FILL_AREA(#16431);
#16431 = FILL_AREA_STYLE('',(#16432));
#16432 = FILL_AREA_STYLE_COLOUR('',#13542);
#16433 = STYLED_ITEM('color',(#16434),#3836);
#16434 = PRESENTATION_STYLE_ASSIGNMENT((#16435));
#16435 = SURFACE_STYLE_USAGE(.BOTH.,#16436);
#16436 = SURFACE_SIDE_STYLE('',(#16437));
#16437 = SURFACE_STYLE_FILL_AREA(#16438);
#16438 = FILL_AREA_STYLE('',(#16439));
#16439 = FILL_AREA_STYLE_COLOUR('',#13542);
ENDSEC;
END-ISO-10303-21;
