DBRep_DrawableShape

CASCADE Topology V3, (c) Open Cascade
Locations 10
1
              1              -0               0 6.92982373913894 
              0               1               0 1.61831749097449e-12 
             -0               0               1 619.079068614291 
1
              1              -0               0              -0 
              0               1               0               0 
             -0               0               1              -0 
2  2 -1 0
2  2 1 1 1 0
2  1 -1 0
1
              1              -0               0              -0 
              0               1               0               0 
             -0               0               1              -0 
1
              0 1.22464679914735e-16               1 25.9298237391389 
              0              -1 1.22464679914735e-16 1.61831749097449e-12 
              1               0               0 619.079068614291 
2  6 1 7 1 0
2  6 -1 0
2  7 -1 6 -1 0
Curve2ds 193
7 0 0  7 14 3  6.2831853071795862 3.4125822554913903  6.1309017505061263 3.4125822554913903  5.9786181938327658 3.3523225373634205  5.8263346371587303 3.2318041085363802  5.6740510804861159 3.0544466880719483  5.5217675238122226 2.8271088476826662  5.3694839671388266 2.5593830579019055  5.0649168537919067 1.9656430537185074  4.9126332971183828 1.6396289545232037  4.7603497404452568 1.2957154697741089  4.6080661837711645 0.94680291227791713  4.455782627098209 0.60638404591162498  4.303499070424607 0.28715724068425752  4.1512155137511471 -5.999999999062311e-07 
 0 8 1.0659848967142194 6 2.1319697934284387 8
7 0 0  7 14 3  2.1319697934284387 -5.999999999062311e-07  1.979686236754979 0.28715724068425735  1.8274026800816046 0.60638404591151129  1.6751191234077396 0.94680291227894031  1.5228355667350115 1.2957154697737678  1.370552010060976 1.6396289545233458  1.2182684533876795 1.9656430537185057  0.91370134004075987 2.5593830579019041  0.76141778336739208 2.8271088476828936  0.60913422669341344 3.0544466880719483  0.45685067002085589 3.2318041085359255  0.30456711334670672 3.3523225373631931  0.15228355667346019 3.4125822554913903  2.5376526277146429e-16 3.4125822554913903 
 4.1512155137511479 8 5.2172004104653666 6 6.2831853071795862 8
7 0 0  7 14 3  6.2831853071795862 3.4125822554913903  6.1309017505061263 3.4125822554913903  5.9786181938327374 3.3523225373634205  5.8263346371589009 3.2318041085363802  5.6740510804860591 3.0544466880719483  5.521767523812251 2.8271088476826662  5.3694839671388266 2.5593830579019055  5.0649168537919067 1.9656430537185074  4.9126332971180418 1.6396289545232037  4.7603497404457116 1.2957154697741089  4.6080661837711645 0.94680291227791713  4.4557826270981522 0.60638404591162498  4.303499070424607 0.28715724068425752  4.1512155137511471 -5.999999999062311e-07 
 0 8 1.0659848967142194 6 2.1319697934284387 8
7 0 0  7 14 3  2.1319697934284387 -5.999999999062311e-07  1.979686236754979 0.28715724068425735  1.8274026800816046 0.60638404591151129  1.6751191234077396 0.94680291227894031  1.5228355667350115 1.2957154697737678  1.370552010060976 1.6396289545233458  1.2182684533876795 1.9656430537185057  0.91370134004075987 2.5593830579019041  0.76141778336739208 2.8271088476828936  0.60913422669341344 3.0544466880719483  0.45685067002085589 3.2318041085359255  0.30456711334670672 3.3523225373631931  0.15228355667346019 3.4125822554913903  2.5376526277146429e-16 3.4125822554913903 
 4.1512155137511479 8 5.2172004104653666 6 6.2831853071795862 8
1 0 82.001136874417625 1 0 
1 0 81.998863125582375 1 0 
1 0 72.001136874417625 1 0 
1 0 71.998863125582375 1 0 
1 6.2831853071795862 -0 0 1 
1 0 -0 0 1 
1 0 0 1 0 
1 0 26.076809620810597 1 0 
7 0 0  6 7 2  5.4124320010114335 22.533431372335766  5.2957581460584917 23.024217562535814  5.1790842911055961 23.572885581686933  5.0624104361525042 24.167413185829901  4.9457365811996965 24.793398299003002  4.8290627262467227 25.435104018569419  4.7123888712937809 26.076810220810597 
 4.0123459597579458 7 4.7123890894755984 7
7 0 0  7 14 3  5.9937669749583407 26.076810220810597  5.9599505146663683 25.831252017764847  5.9216257681479831 25.590060065763865  5.8790718036387846 25.355498934181874  5.8326785146900981 25.128812841943535  5.7828471602858045 24.910478226499826  5.729964983820544 24.700419764934598  5.6190466282881149 24.296584439165311  5.5613254958876741 24.103852891199555  5.5017062571568394 23.919444790630045  5.4406074070744035 23.742436956971012  5.3784458663674943 23.571797661158477  5.315679657753023 23.406685976186086  5.2528679146080677 23.246801550312259 
 0 8 0.50073535835235816 6 1 8
7 0 0  7 14 3  5.2528679146080739 80.169991929501677  5.3158554606755777 80.330323853692391  5.3787869018363237 80.495886646468421  5.4411023363707232 80.666987052272958  5.5023461999955128 80.844492809370394  5.5621033715713981 81.02944980318118  5.6199541377951308 81.222802424956825  5.7307929102937436 81.626905332179334  5.783495471438961 81.836511243137764  5.8331636240860076 82.054372093340902  5.8794110442114214 82.280550780791842  5.9218341228713118 82.514557031308797  5.9600448989204136 82.755127768149777  5.9937669749583424 83.000000600000007 
 0 8 0.50073535835235816 6 1 8
1 6.2831853071795862 -0 0 1 
1 0 -0 0 1 
1 0 0 1 0 
1 0 26.076809620810597 1 0 
7 0 0  7 14 3  0.28941833222124441 26.076810220810593  0.32312797627574691 25.832027663799437  0.36132294252409808 25.591544529540975  0.40372716420004134 25.357620255398896  0.44995320036933445 25.131516638670842  0.49959794772203742 24.913723877224577  0.55227553100842519 24.704179719083921  0.66310352355413305 24.300038692797358  0.72097200383990501 24.106599727792556  0.78074881741962732 23.921564214824105  0.84201381862523639 23.743986629745262  0.90435156346269152 23.572819538478914  0.96730618591625261 23.407193701449419  1.0303173925715132 23.246801550312274 
 0 8 0.49907825486676272 6 1 8
7 0 0  7 14 3  1.030317392571515 80.169991929501677  0.96752880560914256 80.329817412369422  0.90478584781273041 80.494865976771294  0.84264692558540222 80.665437871310687  0.78156952522956069 80.842373061138943  0.72197010031405073 81.026702115342104  0.6642666641688465 81.21934743890931  0.5533370131136881 81.623146659589565  0.50042983511013439 81.833266952964564  0.45057522262606375 82.05166904303897  0.40416077115957527 82.278429060667818  0.36158809755262766 82.51307094766139  0.32324749529934527 82.754350155681578  0.28941833222124558 83.000000600000007 
 0 8 0.49907825486676272 6 1 8
7 0 0  6 7 2  1.5707964358858062 26.076810220810597  1.454122580932864 25.435104018569419  1.3374487259799253 24.79339829900232  1.220774871026947 24.167413185831265  1.1041010160740399 23.572885581686251  0.98742716112109497 23.024217562535814  0.87075330616815272 22.533431372335766 
 1.5707962177039876 7 2.2708393474216408 7
1 6.2831853071795862 -0 0 1 
1 0 -0 0 1 
1 6.2831853071795862 -0 0 1 
1 0 -0 0 1 
7 0 0  6 7 2  5.41243200101143 79.456621751525176  5.2957581460584882 79.947407941725231  5.1790842911054256 80.496075960875714  5.0624104361526179 81.090603565018682  4.945736581199526 81.716588678192238  4.8290627262467209 82.358294397758826  4.7123888712937791 83.000000600000007 
 4.0123459597579494 7 4.7123890894756002 7
1 0 83 1 0 
1 6.2831853071795862 -0 0 1 
1 0 -0 0 1 
7 0 0  7 8 2  -6.2172489379008766e-15 73.590951865978639  0.19179032865950399 73.742843421732118  0.38358065731901547 74.041032183293282  0.57537098597873637 74.476384976922418  0.76716131463808779 75.026622670920915  0.95895164329760973 75.657533743597014  1.1507419719570549 76.328766802345612  1.342532300616565 77.000000633865824 
 3.3698568608813617 8 4.7123891614979332 8
7 0 0  7 8 2  4.4841247730931206 20.203438244939811  4.2923344444336102 20.355329800693287  4.1005441157734595 20.653518562270619  3.9087537871164386 21.088871355841547  3.7169634584547566 21.639109049914623  3.5251731297955757 22.270020122545247  3.3333828011360591 22.941253181306784  3.1415924724765487 23.612487012826996 
 3.3698568608813617 8 4.7123891614979332 8
7 0 0  7 8 2  -8.8817841970012523e-16 80.409376421873873  0.19179030140397582 80.257470260706299  0.38358060280785367 79.959252847020252  0.57537090421226367 79.523858230306359  0.76716120561570733 78.973567676061066  0.9589515070199468 78.342595982889179  1.1507418084238592 77.671298409119316  1.342532109827836 77.000000033865831 
 0.22826420729157407 8 1.5707963171194108 8
7 0 0  7 8 2  1.7990605340864696 20.203109957087293  1.9908508354904462 20.355016118254859  2.1826411368939489 20.653233531930709  2.3744314382993252 21.088628148663702  2.566221739701632 21.6389187028999  2.758012041106781 22.269890396075425  2.9498023425103277 22.941187969841849  3.1415926439143043 23.612486345095334 
 0.22826420729157407 8 1.5707963171194108 8
7 0 0  5 6 2  6.054921099888011 80.500168519155196  6.100573941346326 80.500168519155196  6.1462267828046322 80.491049799133748  6.191879624262981 80.472812260728801  6.2375324657212703 80.44553543430338  6.2831853071795853 80.409376421873873 
 0 6 0.22826420729157407 6
7 0 0  5 6 2  1.5707963267948968 20.112317859805977  1.6164491682532116 20.112317859805977  1.6621020097115284 20.121436579827332  1.7077548511698488 20.139674118232648  1.7534076926281548 20.166950944657792  1.7990605340864696 20.203109957087293 
 0 6 0.22826420729157407 6
7 0 0  8 9 2  4.4841245893732466 76.999999356949502  4.6804741531875917 77.687255918962322  4.8768237170020257 78.374512672431592  5.0731732808108063 79.021393405128038  5.269522844653693 79.587529995653313  5.4658724084292771 80.037509297952056  5.6622219722612499 80.345948342059273  5.8585715360736659 80.500168519155196  6.054921099888011 80.500168519155196 
 4.7123887966648228 9 6.2831853071795862 9
7 0 0  8 9 2  -1.8371986687526487e-07 23.612487022011663  0.19634938009447861 22.925230459998851  0.39269894390895388 22.237973706442062  0.58904850772250938 21.591092973816558  0.78539807154083974 21.024956383145764  0.98174763535098464 20.574977081007091  1.1780971991659044 20.266538036892598  1.3744467629805508 20.112317859805977  1.5707963267948963 20.112317859805977 
 4.7123887966648228 9 6.2831853071795862 9
7 0 0  8 9 2  4.4841245893555559 77.000000643050498  4.7090071790835593 76.212949474201949  4.9338897688057841 75.425897774068289  5.1587723585216736 74.69950213082484  5.3836549482621194 74.094394328829367  5.6085375379880134 73.661471558240009  5.8334201277193642 73.431785233915434  6.0583027174515767 73.412852341073517  6.28318530717958 73.590951865978639 
 1.5707961430573378 9 3.3698568608813617 9
7 0 0  8 9 2  6.2831854909171474 23.612487022011656  6.0583029011891441 22.825435853163107  5.8334203114600527 22.038384153043808  5.6085377217398431 21.311988510024094  5.3836551319993973 20.706880707715754  5.1587725422825983 20.273957937271916  4.9338899525484052 20.04427161284184  4.709007362821124 20.025338720034682  4.4841247730931206 20.203438244939811 
 1.5707961430573378 9 3.3698568608813617 9
1 0 0 1 0 
7 0 0  8 9 2  4.7123889803846897 13.5  4.908738521234052 13.5  5.1050880620838583 13.345787284051767  5.3014376029325589 13.03736316216964  5.4977871437861481 12.587405626989494  5.694136684631097 12.021296414190147  5.8904862254811619 11.37444694910846  6.0868357663302239 10.687223392972767  6.2831853071795862 10 
 0 9 1.5707963267948966 9
7 0 0  8 9 2  0 16.5  0.19634954084936207 16.5  0.39269908169933387 16.654212715950052  0.58904862254621548 16.9626368377576  0.78539816339889512 17.412594372945023  0.98174770424338931 17.978703585729818  1.1780972450967511 18.625553050878807  1.3744467859455345 19.312776607027232  1.5707963267948966 20 
 0 9 1.5707963267948966 9
7 0 0  8 9 2  3.1415926642111613 10.000000037174786  3.3379422037328523 10.687223425500704  3.5342917432540162 11.374446975347382  3.7306412827692839 12.021296433347743  3.9269908223104721 12.587405639154895  4.1233403618170996 13.037363168426964  4.3196899013405528 13.345787286130872  4.5160394408629987 13.5  4.7123889803846897 13.5 
 4.7123889910060583 9 6.2831853071795862 9
7 0 0  8 9 2  4.7123889910060566 19.999999962825211  4.9087385305277476 19.312776574499292  5.1050880700488719 18.625553024647161  5.3014376095764177 17.978703566572221  5.4977871490885022 17.412594360910589  5.6941366886192313 16.962636831456621  5.8904862281360906 16.654212713878223  6.0868357676578952 16.5  6.2831853071795862 16.5 
 4.7123889910060583 9 6.2831853071795862 9
7 0 0  8 16 3  3.1415924715398535 10.000000637174793  3.3379420231035013 9.3127772067020373  3.5342915746618928 8.6255535849695661  3.7306411262397887 7.9787040328556031  3.9269906777517463 7.4125947204011027  4.1233402293673862 6.9626370830810629  4.3196897809134498 6.6542128651708481  4.5160393324853878 6.5000000662041328  4.9087384356126833 6.4999999337958956  5.1050879871781945 6.6542126003669182  5.3014375387210748 6.9626366935881379  5.4977870903203439 7.4125942219106946  5.6941366418432153 7.9787034476030385  5.8904861934306609 8.6255529403424589  6.0868357449945698 9.3127765323524478  6.2831852965582176 9.9999999628252141 
 1.5707961447449568 9 3.141592557254139 7 4.712388969763321 9
7 0 0  8 16 3  4.7123891624346301 20.000000637174789  4.5160396108709824 19.312777206702034  4.3196900593093233 18.625553584970476  4.1233405077364296 17.978704032815585  3.9269909561771783 17.412594720430207  3.7306414046015561 16.962637083030131  3.5342918530550378 16.65421286516721  3.337942301489095 16.500000066204134  2.9452431983617995 16.499999933795895  2.7488936467982512 16.654212600349638  2.5525440952287681 16.962636693628156  2.3561945436740643 17.412594221823383  2.1598449921038991 17.978703447639418  1.9634954405432836 18.625552940335183  1.7671458889799119 19.312776532352441  1.5707963374162641 19.999999962825207 
 1.5707961447449568 9 3.141592557254139 7 4.712388969763321 9
7 0 0  6 7 2  1.5707964358858069 83.000000600000007  1.4541225809328651 82.358294397758826  1.3374487259799537 81.716588678192238  1.2207748710269186 81.090603565018682  1.1041010160740541 80.496075960875714  0.98742716112109885 79.947407941725245  0.87075330616815705 79.456621751525191 
 1.570796217703986 7 2.2708393474216364 7
1 0 0 1 0 
1 6.2831853071795862 -0 0 1 
1 0 -0 0 1 
7 0 0  8 44 7  0 30.681059023915342  0.022638714930359939 30.681059023915342  0.045116972345445198 30.675959585227385  0.067445458289567523 30.66588617123341  0.089622192581234605 30.651087433548792  0.11162478500762743 30.631938718852894  0.13340168089912824 30.60894330835513  0.1548623960838991 30.582731389896782  0.18631837278815735 30.539788446447862  0.19670194333351079 30.524849034756173  0.20702090167689846 30.509291862413011  0.21727861539600399 30.49316696267476  0.22747837082786823 30.476521067254495  0.23762337306888878 30.459397606322035  0.2477167459748201 30.441836708503899  0.29180199460314082 30.363006008224872  0.32544951071412936 30.297241119495443  0.35874832319696037 30.228057165051677  0.39174811642368723 30.156611144396514  0.42453117518051381 30.083682781411341  0.45723113743425908 30.009703419388863  0.49003827164177455 29.934841223028943  0.59219642252630234 29.701453822689917  0.66135890906725858 29.543068603969701  0.73200313095933423 29.385902386920442  0.80511387102206711 29.231068326306268  0.88155464548680307 29.080917953577231  0.96205050637462075 28.93908945556322  1.0473098820980942 28.810974474773587  1.155696214097399 28.683490822247695  1.1735047338960458 28.663588895613785  1.1915315057962361 28.644539200816631  1.2097746634989652 28.626409362380844  1.2282326823874474 28.609267489737469  1.2469043795271157 28.593182177224058  1.2657889136656222 28.578222504084579  1.3105429594836915 28.545965089478898  1.3366187572822641 28.529604170303447  1.3630494527200658 28.515600854603576  1.3897761007070941 28.504147721751817  1.4167434588434413 28.495403969218305  1.4438989092908963 28.489495028956235  1.4711913806445507 28.48651218378734  1.4985702698044037 28.48651218378734 
 0 9 0.1206537392462325 7 0.18069028984072388 7 0.38414628261616485 7 0.80771838229421289 7 0.88976632435042913 7 1 9
7 0 0  8 44 7  1.1885704767233491 9.9999995435271298  1.1885704767233491 9.9207640412708695  1.1870001853243766 9.8420900790063044  1.1838981939625803 9.7640024257899292  1.1793355977655937 9.6865656908584388  1.1734175135532043 9.6099137119741727  1.1662851520028328 9.5342780065583295  1.1581184439798073 9.4600152856118118  1.1446712155139527 9.3516175678065938  1.1399828363072719 9.3159121279791925  1.1350888635814478 9.2805100080061358  1.1300030784631461 9.245403670262716  1.1247382630366527 9.2105857424349971  1.1193062003438723 9.1760490175198175  1.1137176743843309 9.1417864538247819  1.0885466153434211 8.9925856353270781  1.0673321279063002 8.8798915612390736  1.0447303378391994 8.7697146009688414  1.021037461371098 8.6620298743479172  0.99643856276455733 8.5566941645261565  0.97100800157143008 8.4534095550406398  0.94472128764684526 8.3517484878637767  0.86074600317511396 8.0420243183758728  0.80094206622115727 7.8418546814778924  0.73794976812625013 7.6483031047457288  0.67117511015122844 7.4609324747325383  0.60006286614956283 7.2808164418636938  0.52401681167657777 7.1108728234819445  0.44242661763371233 6.95580813810035  0.33750380016316323 6.7967409398614205  0.32022890600267373 6.7717285982725368  0.30270716037721718 6.7475807087255726  0.28494020118805108 6.724362070361682  0.26692929005692789 6.7021376297312454  0.24867531232609499 6.6809724807938746  0.23017877705829462 6.6609318649184033  0.18626350683014384 6.6167547429432894  0.16061487949451025 6.5935414195126185  0.13455527098139491 6.572673594183196  0.10814184461472388 6.5543473054961661  0.081428534213588991 6.5387225721244837  0.054466987215018837 6.5259237280559441  0.027307507796750351 6.5160397577761664  0 6.5091246314516136 
 0 9 0.1206537392462325 7 0.18069028984072388 7 0.38414628261616485 7 0.80771838229421289 7 0.88976632435042913 7 1 9
7 0 0  8 128 19  0 33.291965343659335  0.022638714930347859 33.291965343659335  0.045116972345448446 33.297064782347313  0.067445458289567731 33.307138196341263  0.089622192581236229 33.321936934025878  0.11162478500764125 33.341085648721808  0.13340168089913598 33.364081059219579  0.15486239608386573 33.390292977677852  0.18631837278432575 33.433235921121593  0.19670194333196106 33.448175332816987  0.20702090167876272 33.463732505165169  0.21727861539941096 33.479857404905289  0.2274783708299202 33.496503300322864  0.23762337306763934 33.513626761249803  0.24771674597125135 33.531187659064393  0.29180199460312839 33.61001835934978  0.32544951071420691 33.675783248079263  0.35874832319690819 33.744967202523128  0.39174811642361662 33.816413223178003  0.42453117518048622 33.889341586163034  0.45723113743423838 33.963320948185917  0.49003827164192565 34.038183144546082  0.57410282320407424 34.230234458904079  0.62528443303780989 34.347368816439726  0.67717030262563105 34.464318563343689  0.73012572363920036 34.580339548131427  0.78448466217906199 34.694573280351896  0.84055664676709119 34.80587847423228  0.8986301682671467 34.912748200079591  0.98089700870848806 35.049624425393255  1.0031105567431968 35.085236371717905  1.0256628933689327 35.119942430961281  1.0485704566637855 35.153637785067325  1.0718491245479926 35.186206066757236  1.0955146033856009 35.217519122558329  1.1195828165861295 35.247436775833066  1.171207845971139 35.307246633044024  1.1989042297723884 35.336836543003905  1.227130727961782 35.364294820521792  1.2558620023147731 35.389348791470859  1.2850758352641229 35.411734739105398  1.3147528721335642 35.431198036402833  1.3448763633714589 35.447493278405751  1.4157510335456023 35.477394727417177  1.4567802211354279 35.488460072443537  1.4982331783702525 35.492953223529113  1.5398455291045359 35.490503957172713  1.5813641947635104 35.48100286292123  1.6225367768758121 35.464605153804953  1.6631009396061107 35.441734476773021  1.7316183021771412 35.392258112190959  1.7599857596866404 35.36837997383477  1.7878666225317696 35.34165068236188  1.8152489903798816 35.31227700897194  1.84211859938499 35.280474194691486  1.8684588167226028 35.246466023302816  1.8942506351245649 35.210484894272881  1.9427563050931054 35.137957262788582  1.9655832451918438 35.101623632292501  1.987968910481682 35.063902596801043  2.0099278523905664 35.024914712705232  2.0314740724732241 34.984769365684748  2.0526213438815715 34.943564636212713  2.0733835328351207 34.901387165060498  2.1509407228536532 34.737553912255414  2.2053351132669934 34.609439290597734  2.2572052252041681 34.475638543800322  2.3067665153346004 34.337318016953454  2.3542146480996595 34.19515833130734  2.3997259219490634 34.049414743230884  2.4434266271965344 33.899947076539831  2.5133260633604064 33.643279299741749  2.5403278914037957 33.539208295621108  2.566434635148783 33.433437483044585  2.5916752320264087 33.325504967682825  2.6159698117643568 33.215093292787458  2.6391165006384263 33.102057104811671  2.6607912921480246 32.986380053567871  2.6972711427669438 32.768139785120098  2.7131073624150495 32.663417386390215  2.727403635472974 32.555371757291937  2.7395981550123594 32.445036420455054  2.7492261175673129 32.332989733554705  2.7559128218647571 32.219383181046815  2.7593668035182457 32.104023536876802  2.7593668035182448 31.938240976004412  2.7587839787554782 31.890017010659793  2.7576203186375285 31.841897319721248  2.7558857081981483 31.793941675120497  2.7535980972526364 31.746217512675436  2.7507837129864372 31.698804839828174  2.7474773159769899 31.651801127198802  2.7278392994805292 31.408733125377864  2.7038826947297387 31.22098508795624  2.674155796303002 31.040022210839361  2.6406644046194945 30.865898845845415  2.6048007208951462 30.699124513005831  2.5671738196858738 30.538712095656347  2.527651549116388 30.382347646370487  2.4434266271965432 30.073077291034878  2.3997259219488969 29.923609624342959  2.3542146480998292 29.777866036268382  2.3067665153346022 29.635706350621266  2.2572052252040278 29.497385823773371  2.2053351132671835 29.363585076977767  2.1509407228535351 29.235470455319021  2.0733835328350909 29.071637202514111  2.0526213438815599 29.029459731361953  2.0314740724732325 28.988255001889957  2.0099278523905779 28.948109654869462  1.9879689104816809 28.909121770773627  1.9655832451918285 28.871400735282155  1.9427563050930885 28.835067104786074  1.9026202003887793 28.775053984400405  1.8855251551780476 28.750646364717973  1.8681898485212121 28.727092538612826  1.8506162282557359 28.704455385216793  1.832805873317028 28.682797737025837  1.8147599937384447 28.662182379900088  1.7964794306512895 28.642672053063865  1.7449644757069713 28.591636139918798  1.7111165186622428 28.56254994764501  1.6765823209450468 28.53763226695111  1.6415103681867567 28.51731914313255  1.6060398870367882 28.501922455850348  1.5703046363436852 28.4916311028678  1.5344366983362048 28.48651218378734  1.4985702698044037 28.48651218378734 
 0 9 0.039737062065377027 7 0.059509977112971249 7 0.12651779184925849 7 0.22944458918328503 7 0.26676632695523977 7 0.30812708632531055 7 0.36270408001313154 7 0.40238478174628328 7 0.43901589344310954 7 0.54170860776925833 7 0.61039337755601664 7 0.66841049352824911 7 0.69224271217295485 7 0.79305507317903601 7 0.89278472155819177 7 0.92835888972818381 7 0.95410712135297093 7 1 9
7 0 0  8 128 19  1.953022176866444 9.9999995435271298  1.953022176866444 9.9207640412709139  1.9545924682654219 9.8420900790062831  1.9576944596272099 9.7640024257899309  1.962257055824195 9.6865656908584405  1.9681751400365948 9.6099137119741282  1.9753075015869683 9.5342780065582939  1.9834742096099711 9.4600152856119273  1.996921438074202 9.3516175678197975  2.0016098172820564 9.3159121279846158  2.0065037900094644 9.2805100079998457  2.011589575128343 9.2454036702510756  2.0168543905539735 9.2105857424279076  2.0222864532449987 9.1760490175239582  2.0278749792034239 9.1417864538368594  2.0530460382463649 8.9925856353271207  2.0742605256835702 8.879891561238793  2.0968623157505109 8.7697146009690545  2.1205551922186539 8.6620298743481463  2.1451540908252609 8.556694164526192  2.1705846520183067 8.4534095550407233  2.1968713659430716 8.3517484878633184  2.2659734842791739 8.0968806854361794  2.3096521120657707 7.9468887860488726  2.3551424936846512 7.8006484267172054  2.4025686757576143 7.6580017353871517  2.4521073935854147 7.5191859249919908  2.5039558643847868 7.3848648555501626  2.5583316177158699 7.256191564260897  2.6362083642334819 7.0908210497804873  2.6573152466665007 7.0477372661328639  2.6788202897127098 7.0056547472984869  2.700738201600998 6.9646640509753626  2.7230835800557012 6.9248680796599995  2.7458712638671505 6.8863819326636451  2.769116684462221 6.8493327581284786  2.8191227184760463 6.7745474873230993  2.8460340526089554 6.7371074447707668  2.8735433887486339 6.7018185194545161  2.9016268911807277 6.6689478520803238  2.9302636627355363 6.63875078990392  2.9594356879220323 6.6114709946422829  2.9891277760618862 6.5873405503851261  3.0591771205636999 6.5391858809262802  3.0998691257374547 6.5176880139660502  3.1411234181627457 6.5027423384112391  3.1826793038972365 6.4947328554210912  3.2242848423266635 6.4937755455039774  3.2656861916532298 6.4997222144928175  3.3066169543840127 6.5121643395205107  3.375993901493326 6.5437221578847176  3.4047923303581711 6.5600867049100495  3.4331715531621874 6.5793185206419471  3.4611183071506368 6.6011989828224502  3.4886171596124114 6.6255029723247354  3.5156503444266933 6.6519989631128249  3.5421975986096257 6.6804491122012868  3.5922732639886954 6.7384516754118016  3.6159066815527154 6.7677858371100719  3.6391518164910979 6.7984675994725432  3.6620236775955033 6.8303640946924347  3.684537071808387 6.8633536078606348  3.7067069585202153 6.8973253624329329  3.7285488038666728 6.9321793056972618  3.8104371252669105 7.0677585679832688  3.8684960891248785 7.1741709547041772  3.9245517108606474 7.2850759963898275  3.9788887633536087 7.3989591836061255  4.0318128195445393 7.5146708884925637  4.0836540021495624 7.6313464691561714  4.1347741138831235 7.7482438787040397  4.2196087770950514 7.9420704340179595  4.2532382629413021 8.0188601902109919  4.2867504938793877 8.094748264092722  4.3203509363769976 8.16956166246535  4.3541820727538649 8.242838291089523  4.3883296120870137 8.3137310144824585  4.4228441455670708 8.3809766464646689  4.4872757883890246 8.4953259593247559  4.5179343901751103 8.5454623508408574  4.549318607153598 8.5911564543109993  4.581160329338517 8.6304359653055762  4.6133376521814693 8.6616154995591845  4.6458544271546698 8.6833297594306096  4.6788143080734148 8.6945463836551387  4.7261807540369567 8.6945463836551387  4.739959029031569 8.6926537014088971  4.7537115128052756 8.6888748002018001  4.767425082309213 8.6832442583089513  4.7810843322329992 8.6758252947971926  4.7946700639042694 8.6667100712605958  4.8081577148636478 8.6560197694894274  4.8780212930798612 8.5926555673653997  4.9323845813311973 8.5157482718552657  4.985417946567626 8.4213268360257949  5.0372782269881409 8.3168466271443489  5.0879662773476113 8.2075127792458495  5.1378556187426607 8.0957615487723533  5.1877828093893221 7.9817940671352678  5.290003846886246 7.7482438787040646  5.341123958619991 7.6313464691558597  5.3929651412246677 7.5146708884928213  5.4458891974157817 7.398959183606153  5.5002262499088825 7.2850759963896241  5.556281871644285 7.1741709547044801  5.6143408355025928 7.0677585679830637  5.6962291569027377 6.9321793056972112  5.7180710022491734 6.8973253624329196  5.7402408889609822 6.8633536078606516  5.762754283173865 6.8303640946924524  5.7856261442782841 6.7984675994725379  5.8088712792166808 6.7677858371100479  5.8325046967806999 6.7384516754117829  5.8739398970386478 6.6904573491475459  5.8915528109973465 6.6710829703413133  5.9093781763971291 6.6525514332661926  5.9274138048997074 6.634928243394465  5.9456578472158768 6.618279191600771  5.9641087931055186 6.6026703541620977  5.9827654713776051 6.5881680927577797  6.0352453638149699 6.5510817749188215  6.0696201408664816 6.5309769998060423  6.1045837410204067 6.5150640540378824  6.1399835909825589 6.5037676250228849  6.1756779689852381 6.4973959076575243  6.2115317895835505 6.4961387493123395  6.2474123884517532 6.5000657948180356  6.2831853071795862 6.5091246314516136 
 0 9 0.039737062065377027 7 0.059509977112971249 7 0.12651779184925849 7 0.22944458918328503 7 0.26676632695523977 7 0.30812708632531055 7 0.36270408001313154 7 0.40238478174628328 7 0.43901589344310954 7 0.54170860776925833 7 0.61039337755601664 7 0.66841049352824911 7 0.69224271217295485 7 0.79305507317903601 7 0.89278472155819177 7 0.92835888972818381 7 0.95410712135297093 7 1 9
7 0 0  8 9 2  -8.8817841970012523e-16 42.590623484042879  0.2248825746073701 42.412506911471368  0.4497651492146133 42.431441709581122  0.67464772382118099 42.66115020372672  0.89953029842763499 43.094114679901395  1.124412873035908 43.699280735978391  1.3492954476442947 44.425746288732626  1.574178022251596 45.212873727727242  1.799060596858967 46.000000635855123 
 2.913328565189865 9 4.712389162048833 9
7 0 0  8 9 2  4.9406530687846182 20.203121947248448  4.7157704941772476 20.025005374676937  4.4908879195645568 20.04394017278355  4.2660053449562838 20.273648666974623  4.0411227703334589 20.706613143192953  3.8162401957506518 21.311779199226294  3.5913576211346481 22.038244751915045  3.3664750465330195 22.825372190932811  3.1415924719256485 23.612499099060692 
 2.913328565189865 9 4.712389162048833 9
7 0 0  8 9 2  0.22826408839992704 49.499831489044581  0.42461362796868773 49.499831489044581  0.62096316753547853 49.345626199807157  0.81731270711088655 49.037216931261355  1.0136622466616245 48.587281065381831  1.2100117862487423 48.021199115348281  1.4063613258106216 47.374380800269137  1.6027108653812516 46.687190337297267  1.7990604049500125 46.000000035855116 
 0 9 1.5707963165500858 9
7 0 0  8 9 2  1.5707963267948966 20.112666974161009  1.7671458663636572 20.112666974161009  1.963495405932008 20.266872263369805  2.1598449454913862 20.575281531870132  2.3561944850716827 21.02521739754593  2.5525440246292419 21.591299347826862  2.7488935642059005 22.238117662887817  2.9452431037762201 22.925308125908316  3.141592643344981 23.612498427350467 
 0 9 1.5707963165500858 9
7 0 0  5 6 2  -3.5527136788005009e-15 49.409048228263558  0.045652817679982506 49.445203721618213  0.091305635359969273 49.472477893237738  0.13695845303995391 49.490713656560047  0.18261127071994049 49.499831489044581  0.22826408839992654 49.499831489044581 
 6.0549212187796559 6 6.2831853071795862 6
7 0 0  5 6 2  1.3425322383949665 20.203450234942032  1.3881850560749525 20.167294741587376  1.4338378737549409 20.140020569967845  1.4794906914349237 20.121784806645707  1.5251435091149101 20.112666974161009  1.5707963267948961 20.112666974161009 
 6.0549212187796559 6 6.2831853071795862 6
1 0 83 1 0 
7 0 0  7 8 2  4.9406528863503132 45.999999361510689  5.132443232183066 46.671233253150895  5.324233578015992 47.342466372236231  5.5160239238502982 47.973377494534361  5.7078142696818759 48.523615216829057  5.8996046155139084 48.958968008939337  6.0913949613468299 49.257156736639736  6.2831853071795827 49.409048228263558 
 4.7123887979503865 8 6.0549212187796559 8
7 0 0  7 8 2  -1.8243430410791461e-07 23.612499101694901  0.19179016339844859 22.941265210054695  0.3835805092312512 22.270032090970744  0.57537085506396579 21.639120968675343  0.76716120089679407 21.088883246384285  0.95895154672956551 20.653530454258544  1.1507418925622137 20.355341726565857  1.3425322383949665 20.203450234942032 
 4.7123887979503865 8 6.0549212187796559 8
7 0 0  7 8 2  4.9406528863678822 46.000000638489318  5.1324432321981259 45.328702107752967  5.3242335780289523 44.657404349656645  5.5160239238584836 44.026432471291628  5.7078142696900613 43.476141761730105  5.8996046155189106 43.040747045593889  6.0913949613493417 42.742529602652695  6.2831853071795853 42.590623484042879 
 1.5707961443781622 8 2.913328565189865 8
7 0 0  7 8 2  6.2831854895963213 23.612499101694894  6.0913951437660785 22.941200570958543  5.8996047979358579 22.269902812857254  5.7078144521054455 21.638930934503151  5.5160241062751751 21.088640224925257  5.3242337604450469 20.653245508800865  5.1324434146148619 20.355028065858264  4.9406530687846182 20.203121947248448 
 1.5707961443781622 8 2.913328565189865 8
8 27.786512183787295 36.186512183787386
1 6.2831851767587663 0 0 1 
8 27.786512183787295 36.186512183787386
1 31.98651218378734 3.2474285284483244 -1 0 
7 0 0  8 16 3  -1.8204993956771887e-07 10.000000637174793  0.19634936951370818 9.3127772067020373  0.39269892107779469 8.6255535849695661  0.58904847263693227 7.9787040328556031  0.78539802420982596 7.4125947204011027  0.98174757576452976 6.9626370830810629  1.1780971273327623 6.6542128651708481  1.3744466788955947 6.5000000662041328  1.7671457820228902 6.4999999337958956  1.9634953335885257 6.6542126003669182  2.1598448851400462 6.9626366935881379  2.3561944367356773 7.4125942219106946  2.5525439882640057 7.9787034476030385  2.7488935398437206 8.6255529403424589  2.9452430914047767 9.3127765323524478  3.1415926429684244 9.9999999628252141 
 1.5707961447449568 9 3.141592557254139 7 4.712388969763321 9
7 0 0  8 16 3  1.5707961447449559 -6.3717478937519445e-07  1.7671456963086036 0.68722279329796643  1.9634952478691048 1.3744464150145177  2.1598447994520029 2.0212959671716817  2.3561943509703269 2.5874052795534226  2.5525439025732339 3.0373629169680498  2.748893454123845 3.3457871348114168  2.9452430056904912 3.4999999337958654  3.3379421088177867 3.5000000662041026  3.5342916603785852 3.345787399626488  3.7306412119542074 3.0373633064136811  3.9269907634843548 2.5874057780583826  4.1233403150836239 2.0212965523842286  4.3196898666301422 1.3744470596489009  4.5160394181996741 0.68722346764755815  4.7123889697633219 3.7174791245320193e-08 
 1.5707961447449568 9 3.141592557254139 7 4.712388969763321 9
7 0 0  8 9 2  1.5707963267948966 13.5  1.7671458904005011 13.5  1.9634954540040326 13.345787248294073  2.1598450176070401 13.037363054965681  2.3561945812234626 12.587405418402341  2.5525441448207857 12.021296086160874  2.7488937084262943 11.374446499312398  2.9452432720341282 10.687222835444812  3.1415928356397327 9.9999993628252071 
 0 9 1.5707965088448363 9
7 0 0  8 9 2  6.2831853071795862 3.5  6.0868357435739817 3.5  5.8904861799686827 3.3457872482977109  5.6941366163644247 3.0373630549629524  5.4977870527584614 2.5874054184041597  5.3014374891529528 2.0212960861972533  5.1050879255466484 1.3744464993019392  4.9087383619403528 0.68722283544481511  4.7123887983347483 -6.3717478937519445e-07 
 0 9 1.5707965088448363 9
7 0 0  8 9 2  0 10  0.19634954084936204 10.687223392972767  0.39269908169751488 11.374446949082994  0.58904862254621548 12.02129641429201  0.78539816339616664 12.587405626967666  0.98174770424566304 13.037363162235124  1.1780972450948184 13.345787284031758  1.3744467859455345 13.5  1.5707963267948966 13.5 
 4.7123889803846897 9 6.2831853071795862 9
7 0 0  8 9 2  1.5707963267948966 0  1.3744467859455345 0.68722339297276713  1.1780972450972058 1.3744469491139171  0.98174770424338931 2.0212964142338024  0.78539816340025936 2.5874056270222354  0.58904862254530599 3.0373631621841923  0.39269908169956125 3.3457872840467644  0.19634954084936207 3.5  0 3.5 
 4.7123889803846897 9 6.2831853071795862 9
1 6.2831853071795862 -0 0 1 
1 0 -0 0 1 
1 0 0 1 0 
7 0 0  6 92 19  1.1518831937285048 -6.0000000000000008e-07  1.1858531775378423 0.056977938486347988  1.2205658093495486 0.11253007800249744  1.2560410698122004 0.16629458966248814  1.2923021595382105 0.21789545906516536  1.3293781476667779 0.26694803293457586  1.3846270728502559 0.33412505947310889  1.4021196684977217 0.3545659908493568  1.4197779593176503 0.37433975054664154  1.4375960642340482 0.39340176545073313  1.4555686691465104 0.41171109867563888  1.5079933350222208 0.46239137591232127  1.542861918763957 0.49275096197011092  1.5781745809772592 0.51995891717001619  1.6138214151586447 0.54377776528179045  1.6496974930263646 0.56408004913401733  1.7145175715522483 0.59426890267503041  1.7433892625126937 0.60541171294366691  1.7722495973647712 0.61426908239409161  1.8010374710252137 0.62088346502952785  1.829688929131996 0.62534050447747314  1.8986917426432453 0.63122155173972838  1.9387784028354045 0.63054166922338239  1.9783566727629702 0.62611931525080466  2.017380201289797 0.61839640642490445  2.0557901607406124 0.60784653461995852  2.1234774118607791 0.58472071031639294  2.1530377633805386 0.57299730790237591  2.1822088570402935 0.56000906397820482  2.2110058398949604 0.54596239322598528  2.2394426209930596 0.53104965637687951  2.2889346253725664 0.50356227903454509  2.3101397482237536 0.49127390378714869  2.3311569887435941 0.47866008099665508  2.3519963283035215 0.46579171484004817  2.3726679808330786 0.45273456714355947  2.4579547787313349 0.39791784368475697  2.521194187492017 0.35498764025889001  2.5831921067152148 0.31269556421952099  2.6442072403206907 0.27257444515778267  2.7044969064102276 0.23587595700983149  2.8280544166983779 0.16925693984751236  2.8912622108006887 0.13993562401399198  2.9540748468806077 0.1169898890350612  3.0166345538762425 0.10136477176647593  3.0790882155628321 0.09354582175549872  3.1750825063205301 0.093561998242854327  3.2085695758505417 0.095815289238005086  3.2420732409354986 0.10031584834430059  3.2756116556769594 0.10702226690844228  3.3092024283400421 0.11585344241951979  3.3722890719966045 0.13616297636182492  3.4017672495225146 0.14716814225446972  3.4313173766169349 0.15962813342302637  3.460958125842422 0.1734459834878315  3.4907079660062785 0.18850599328462281  3.5990233583007485 0.24712190831353398  3.6782129926591738 0.29713996180305724  3.7587846150136133 0.35242409919607798  3.8413622596584549 0.41004638268691057  3.9265492111729854 0.46615312405478782  4.043123111638681 0.53098485965973286  4.0715161510102833 0.5458990678002229  4.1002682503322596 0.55995210453839939  4.1293933172888755 0.57295253454171369  4.1589064846001769 0.58469491746732249  4.2259650237644699 0.60770304567119571  4.2637714713951924 0.6181837219715216  4.302174076234377 0.62593613285607941  4.3411183989256754 0.6305079684572884  4.380561603740845 0.63147510625387115  4.4495723198793167 0.62625496781352663  4.4788991183704923 0.6219354962638749  4.5083744477980146 0.61536076462144085  4.5379295582096573 0.60643616486507257  4.567498907706586 0.59511440734503485  4.6334729208437588 0.56446275289022596  4.6698047461140639 0.54389746461221189  4.7059011680323293 0.51972458077347217  4.7416533389675761 0.49207704560993565  4.7769471273388922 0.4612034812347387  4.8298051385738239 0.40983163508923431  4.8478037262737814 0.39140167356158567  4.8656464598628242 0.37221895327727289  4.8833281409213223 0.35232476182486133  4.9008430014759279 0.33176398124006412  4.9557216366248165 0.26474237519653432  4.9924218876732906 0.21603445292659387  5.0283222889505197 0.16483771372475739  5.0634515093298633 0.11152561248406324  5.0978326164453485 0.056462823915207606  5.1314856383845049 -6.0000000000000008e-07 
 0 7 0.053904534121616311 5 0.078520629912407519 5 0.125114396127356 5 0.16241991963309452 5 0.215609871887496 5 0.25786429164706909 5 0.29006027192420103 5 0.39171614490965967 5 0.50002652793094338 5 0.55805918754829698 5 0.60879036910828965 5 0.74197353586200165 5 0.78416781797220514 5 0.83654945488979371 5 0.87474959736115221 5 0.92192802839308308 5 0.94659884798194804 5 1 7
7 0 0  6 92 19  3.3964749116740038 7.1973605342736562  3.3741742744245897 7.2457204261344828  3.3512943837716418 7.2907102868102198  3.3278459000647267 7.3318944187071322  3.3038404749856376 7.3688066097678728  3.2792905337286271 7.400945595622443  3.2427553262590698 7.4400204179979381  3.2311944791227982 7.4511580999123224  3.219534391809713 7.4611264224907217  3.2077828068892469 7.4698713733632678  3.1959473334623532 7.4773420727817852  3.1614884254811479 7.4951291395006825  3.1386480873026876 7.5020410016992498  3.1156245054316885 7.5038564986450211  3.0925216696588778 7.5003295429067407  3.0694402195387211 7.4913397271054345  3.0280971085746224 7.4653283728033779  3.0098100624772051 7.4502766818154056  2.9916736333739817 7.4317587448149709  2.9737413184569448 7.4098513316739734  2.9560660920171511 7.3846908160118767  2.913941925418813 7.3162465368236314  2.8898450294175007 7.269859162061981  2.8664616738083271 7.2177585778512894  2.8438441661037746 7.1604518992195425  2.8220446384189342 7.0985160445734126  2.784486478295277 6.9802458170982424  2.7683912089072806 6.9253275229365165  2.7528246330706634 6.8680713857835336  2.7377834453161682 6.8086838661129798  2.7232645399945175 6.7473571457659345  2.6985979957769324 6.6361988766291056  2.6882304697142061 6.5870970477740682  2.6781591705642414 6.5370322747334351  2.6683809292347127 6.4860661026256698  2.6588926700649669 6.4342529883400106  2.6206392734955481 6.2155205345674638  2.5944329910478992 6.0413421064127704  2.5710018234170828 5.860674262574328  2.55031120465559 5.6746310079248659  2.5323530458041996 5.4839961857099944  2.5009556371277548 5.0819615593998559  2.4878882985238584 4.8700087163588126  2.4780245649940622 4.6547682160702983  2.4714232796268467 4.4373484883210192  2.4681176997644036 4.2187610288741295  2.4681176997644036 3.8827810108327587  2.4690666616125623 3.7655761668499328  2.4709643687833189 3.6485497331379992  2.4738076143564385 3.5318747080585933  2.4775903276903617 3.4157285138841491  2.4864240533860751 3.1993815618656658  2.4912554546894667 3.0990171604614858  2.496793080930952 2.9992951236453642  2.5030316322029038 2.9003176732059175  2.5099655791279489 2.8021942533949544  2.5376040393470709 2.449989673041193  2.5623403835686052 2.2020539735358375  2.5917430444859484 1.962343537143552  2.6258769221471647 1.7326461260787502  2.6648746964593135 1.5159502154203806  2.7229498894642492 1.253940310151566  2.7374402186903972 1.1926575076123085  2.7524514200824011 1.133306104815176  2.7679866205334469 1.0760772589081109  2.7840491467944664 1.021176376211099  2.821242196656248 0.90382971669233303  2.8426834361792941 0.84268939661482101  2.8649189541207893 0.78602207984776717  2.8879001979888703 0.73437732649416843  2.911578451695366 0.68824131282954137  2.9536471386014056 0.61872915029874587  2.9717193846620145 0.59259629401781977  2.990065804195094 0.56986348352167771  3.0086296015265668 0.55068067299991885  3.0273534173931806 0.53513227133151386  3.0694285257947005 0.50855238533623659  3.0928038163086122 0.49946005507300656  3.1162007297116783 0.49597122970023677  3.139514809525251 0.49796012634241532  3.1626380617357825 0.50516885413338974  3.1973881490057088 0.52350575778511688  3.2092426335357707 0.53112639175391951  3.2210120775922402 0.54002301597594515  3.2326889340783063 0.55014424519393934  3.2442655241949758 0.56143562470156227  3.2805581750044692 0.60068868529781205  3.3048591314572504 0.63273233862247769  3.3286246476113441 0.66944533059109179  3.3518430037647966 0.71034099652266247  3.3745032424408503 0.75496695594348007  3.3965953911270361 0.8029008017490975 
 0 7 0.053904534121616311 5 0.078520629912407519 5 0.125114396127356 5 0.16241991963309452 5 0.215609871887496 5 0.25786429164706909 5 0.29006027192420103 5 0.39171614490965967 5 0.50002652793094338 5 0.55805918754829698 5 0.60879036910828965 5 0.74197353586200165 5 0.78416781797220514 5 0.83654945488979371 5 0.87474959736115221 5 0.92192802839308308 5 0.94659884798194804 5 1 7
1 6.2831853071795862 -0 0 1 
1 0 -0 0 1 
7 0 0  6 57 12  6.2831853071795862 12.98934857831016  6.2311576334210868 12.973963131213175  6.1801131128746958 12.945462327483547  6.130353258605461 12.904650519670792  6.0821945869452874 12.852837465116806  6.0360025648463127 12.79184643032805  5.96881624854566 12.687922923375339  5.9460130397904001 12.649671757627871  5.9237733887505195 12.609531509328855  5.9020853697065947 12.567679636644277  5.8809379674762878 12.524273425193011  5.8075379839481194 12.364698904982834  5.7581621160651499 12.240515738648705  5.7119490812930485 12.108984231473549  5.6687177323364706 11.971268593616962  5.6283571416106311 11.827823304385262  5.5563217751942409 11.54030050641733  5.5242403567559792 11.397139686023067  5.4948156943419768 11.249121054799392  5.4683526278528749 11.096329107585508  5.4453171504829747 10.938739572001152  5.4118391070599818 10.652281717582261  5.3996512819132922 10.525046603785652  5.3901950299450787 10.395551496092544  5.3837626889418022 10.264540602196289  5.380522142460646 10.132540261826239  5.380522142460646 9.9141441611560488  5.3818819479995446 9.8283639670033409  5.3845970083434027 9.7428568174958379  5.388634548706869 9.6578286082959099  5.3939319420077707 9.5735169541655551  5.4039408212176836 9.4445145360131573  5.4078391632645513 9.3990953804397943  5.4120780846114842 9.3539693190822835  5.4166447381216534 9.3091514530546373  5.4215254516722595 9.2646600676129687  5.4456796746313545 9.0588312115910803  5.4686420227062262 8.9020748969369699  5.4949941350721412 8.7500709577857325  5.5242778012488847 8.6027948306928472  5.5561930750956581 8.4603282025755568  5.6273805632270593 8.1759510503776571  5.6669866618243585 8.0348004677928948  5.70936807353681 7.8991885653622305  5.7546252954211372 7.7695372376187946  5.8029273214196948 7.6469254729083493  5.8753239851731314 7.4874040321310389  5.8966889609988291 7.4429648659314394  5.9186093372964166 7.400104103792688  5.9410971554331953 7.3589826646255387  5.9641654105612716 7.3197834068618457  6.032188112338047 7.213215158383373  6.0790170474059808 7.1506006297240265  6.1278840162743169 7.0973894080590147  6.1784138279905827 7.0554936624698561  6.2302832541458155 7.0262945243126405  6.2831853071795862 7.0106505087440993 
 0 7 0.097645141558170459 5 0.14976101596298846 5 0.28318015419921838 5 0.40663234981869867 5 0.50071300881264413 5 0.56165526908786323 5 0.59508878477973959 5 0.71754667663996952 5 0.84828153949271989 5 0.90106084333946002 5 1 7
7 0 0  6 57 12  1.6550865934643753 16.51348781621266  1.7160018148172289 16.51348781621266  1.776142111345655 16.502118690154465  1.8352468906129087 16.480187695984625  1.8930263795131457 16.449000934717059  1.9491198838423327 16.410337886700773  2.0318141541183627 16.342872875620106  2.0600974444026208 16.317775719880601  2.0879112260088815 16.291271684589727  2.1152780531217195 16.263556744053307  2.1422201063813375 16.234810568313463  2.2367053324487687 16.129385303913065  2.3021021400722081 16.047795900722306  2.3654251461099545 15.963040554533757  2.4271448258322423 15.877063551383195  2.4877564824005001 15.791427076901781  2.603389943851421 15.630505094662485  2.6584636582911481 15.554962340304117  2.7133810060091159 15.48271125179261  2.7683989999934084 15.415517699470113  2.8237922045098673 15.355575161459409  2.9226439313783024 15.267016284098247  2.965963061089429 15.234199421041424  3.0095865002865079 15.208388805115217  3.0534123728711844 15.190716799639462  3.0974124141567572 15.181813548446661  3.1702111143801548 15.181813548446661  3.1988045587763114 15.185549270705716  3.2273490129550062 15.1930093887157  3.2558180268053896 15.204071513464577  3.2841723299706129 15.218506253263518  3.3278077503032981 15.245568239386097  3.3432203375545377 15.256075139644375  3.3585893540438074 15.267456446241534  3.3739155932411369 15.279663364349846  3.3891985376858984 15.292643832421192  3.4602483618359381 15.356517104047882  3.5153648667040116 15.416247976331226  3.5701114324909984 15.483139191046726  3.6247589156114621 15.555032316440816  3.679561327853095 15.630187891718462  3.7938902256314755 15.789276889142322  3.8534572364168365 15.873420827248927  3.9140830258149308 15.957931029334363  3.9762376374139938 16.041319110544048  4.0403685796026743 16.121752559067811  4.1337965146124676 16.227079293604277  4.1610751548100282 16.256506199366264  4.1887874325030312 16.284899206368781  4.2169573559166871 16.31207295302519  4.2456092341470066 16.337824467270771  4.3294318500944549 16.407124832051252  4.3863455764228014 16.446926949069844  4.4450048192060461 16.479086515137652  4.5050408862282083 16.501733323978939  4.5661597485880971 16.51348781621266  4.628098713715211 16.51348781621266 
 0 7 0.097645141558170459 5 0.14976101596298846 5 0.28318015419921838 5 0.40663234981869867 5 0.50071300881264413 5 0.56165526908786323 5 0.59508878477973959 5 0.71754667663996952 5 0.84828153949271989 5 0.90106084333946002 5 1 7
7 0 0  7 38 7  0 7.0106505087440993  0.039284219579822095 6.9990335126643357  0.078772717451242993 6.9947869310984752  0.11822452806176452 6.9980286470162421  0.1574026596309864 7.0086075291902867  0.19606325171150599 7.0261092972039147  0.23394507947478904 7.0498576685059016  0.31767223229547203 7.115933439788825  0.36296089044031155 7.161656564494395  0.4066805460025173 7.2147318058555072  0.44887989837979742 7.2739859694700959  0.4896044492721166 7.3384000780097134  0.52889796892918894 7.4070946114174276  0.62634304710864663 7.5927759153396632  0.68278736863686584 7.715576403498047  0.73642645484895519 7.8453768701694244  0.78751897197503284 7.9807021859960274  0.83630436415211307 8.1208742026668688  0.88297657296009857 8.2658294843589744  0.95820470025470783 8.519902178757782  0.98762973132648013 8.6253080947822625  1.0159701855151626 8.7331434674200992  1.0432508006570318 8.8441000652216601  1.0692689588958877 8.9585512798235403  1.0935670350205799 9.0765646670526561  1.1218398604136579 9.2334442905293201  1.1280140330331838 9.2691217608212373  1.1339829032587401 9.3051783810832145  1.1397285094187279 9.3416268507463762  1.1452306475419343 9.3784798235085134  1.1504668713575315 9.4157499073340993  1.1650465982129372 9.5268890682743272  1.1736799539914331 9.6027369283145987  1.1809710563828568 9.6802501155567438  1.1866582989844561 9.7589484346106907  1.1905522015970569 9.8385541197894533  1.1925295673095999 9.9189276015824248  1.1925295673095999 9.9999995435271298 
 0 8 0.14623725830668413 6 0.33258871898642151 6 0.62531444400062819 6 0.82716148942102952 6 0.88579041746681564 6 1 8
7 0 0  7 38 7  4.628098713715211 16.51348781621266  4.6740935998691979 16.51348781621266  4.7201191050333193 16.50718615311213  4.7659357194666123 16.494465173232356  4.8113112759688059 16.475461069098127  4.8560054310994971 16.450568266597379  4.8997546906080442 16.420438708025404  4.9964203039226556 16.342059930052109  5.0486855461414617 16.291005019897391  5.0991835799785132 16.23399663362239  5.1480208041735898 16.172107000409685  5.1952915909182655 16.106292785531387  5.2410847560833727 16.037398524858336  5.3552301892236116 15.85427197730866  5.4219266929989365 15.735985141553378  5.4860687615998547 15.613692183642332  5.5481169606331209 15.489107676716872  5.608582778642071 15.363446003385958  5.6680019020017296 15.237599336863363  5.767721809295864 15.026927871635101  5.807890894054224 14.942216180757496  5.8479788046625245 14.858711037319372  5.8883341445826893 14.776669054413519  5.929158691297526 14.696999162606614  5.9705540890790259 14.621482013743046  6.0248217455100646 14.532608623552617  6.0371150011986927 14.513127869135447  6.0494929607906638 14.494228875363218  6.0619619190443208 14.475977631862387  6.0745282456580423 14.458447565298068  6.087198385270244 14.441719539373983  6.1248753111717047 14.395029928998927  6.1504542431786335 14.367229817338456  6.1764758029412947 14.34363705146397  6.2028026379008123 14.325170559010344  6.2293701899110347 14.312505465205001  6.2561613265313509 14.306073914872375  6.2831853071795862 14.306073914872375 
 0 8 0.14623725830668413 6 0.33258871898642151 6 0.62531444400062819 6 0.82716148942102952 6 0.88579041746681564 6 1 8
7 0 0  7 38 7  1.1925295673095999 9.9999995435271298  1.1925295673095999 10.082383198672821  1.1904877071713245 10.164018416017866  1.1864702003210075 10.244845124068027  1.1806079265888665 10.324727276427952  1.1731004204781714 10.403382157351816  1.1642219413123758 10.480313786183249  1.1493322271494326 10.59235430380744  1.1440483322133304 10.629530430940784  1.1385023536084957 10.666291303085915  1.1327164237762788 10.702649645886058  1.1267103944428891 10.738618409626302  1.120501836619396 10.774210769233594  1.0921567282710343 10.930341434280169  1.0678631151379565 11.047733940990884  1.0418781785237323 11.161608574492625  1.0146465443592465 11.272036296510144  0.98636423375322324 11.379384784702253  0.9570065967775423 11.48432678878503  0.8816755079830314 11.738287519828576  0.83480942831195815 11.883559094266626  0.78581611165957987 12.024018554794241  0.73449634728219437 12.159595437345374  0.68060645428534006 12.289593337751924  0.62388407349200636 12.412505360336823  0.52602178135587596 12.597983018498242  0.48660906477307814 12.666466429937426  0.44575737251335518 12.730622990321677  0.40342572306520408 12.789558630246175  0.35957107700501828 12.84224232948716  0.31414691178620513 12.887491324197295  0.23073214464795591 12.9521333509438  0.19333494184556624 12.975110207028584  0.15518835760812433 12.991982352198548  0.11654625423561511 13.002106510125044  0.077646115843809621 13.005091288453555  0.038719032255951094 13.000798439112808  0 12.989348578310159 
 0 8 0.11599503264023443 6 0.17459337846107775 6 0.37569319323477779 6 0.66933391035166312 6 0.85583324924718951 6 1 8
7 0 0  7 38 7  0 14.306073914872375  0.027461218381897103 14.306073914872375  0.054672932097875653 14.312715240735368  0.081649086970612433 14.325782355633152  0.1083750288393573 14.344816055970167  0.13478579968195201 14.36910490588132  0.16073973514302636 14.39768510104491  0.19874195495465402 14.445344603195151  0.2113871929741038 14.462216243056542  0.22392955043296708 14.479876305662104  0.23637549275661796 14.498244974125585  0.24873147788955927 14.517249990407196  0.26100395629542239 14.536826655313602  0.31505201364118107 14.625867406329164  0.35626265579975314 14.701313638367225  0.39691608737057227 14.780817574870561  0.43711441798424455 14.862644630697657  0.47705748071178017 14.945908362542745  0.51708702878799551 15.030353564657055  0.61685479801328735 15.241136750487406  0.67647550130167233 15.367368709304607  0.73715984437460902 15.493389365159754  0.79944920024024069 15.618302346369623  0.86386023529971523 15.740877166728488  0.93085799643245626 15.859371347102055  1.0454545157770487 16.042481415599575  1.0913743058615544 16.111240238826419  1.1387825920865176 16.176876205259536  1.1877651884155509 16.238531656294075  1.2384140265840162 16.295239142989626  1.2908335646905182 16.345918373711889  1.3871413408576936 16.422974770165514  1.4303341543477586 16.452312189654158  1.4744387408586692 16.476529017125543  1.5191986721626465 16.495004768032494  1.5643792937342766 16.507366181229692  1.6097534418922426 16.51348781621266  1.6550865934643753 16.51348781621266 
 0 8 0.11599503264023443 6 0.17459337846107775 6 0.37569319323477779 6 0.66933391035166312 6 0.85583324924718951 6 1 8
7 0 0  7 140 24  1.9490630862801939 9.9999995435271298  1.9490630862801939 10.082383198672707  1.9511049464184733 10.16401841601802  1.9551224532687779 10.244845124067981  1.9609847270009275 10.324727276427897  1.9684922331116359 10.403382157351956  1.9773707122774022 10.480313786183133  1.9922604262611485 10.59235430245892  1.9975443213760913 10.629530430736949  2.0030903001511682 10.666291304092036  2.0088762299660394 10.702649646941186  2.0148822591031679 10.738618409544987  2.0210908167478201 10.774210768007592  2.0494359253186571 10.930341434279608  2.073729538451841 11.047733940991211  2.0997144750663321 11.161608574493449  2.1269461092304027 11.272036296509619  2.1552284198363663 11.379384784701575  2.1845860568124227 11.48432678878561  2.2599171456069316 11.73828751982915  2.3067832252775311 11.883559094265372  2.3557765419304149 12.024018554795465  2.4070963063074622 12.1595954373445  2.4609861993046653 12.289593337752557  2.5177085800976471 12.412505360336558  2.615570872259485 12.597983018546699  2.6549835888155333 12.666466429926986  2.6958352810530637 12.730622990282034  2.7381669305053427 12.789558630228569  2.7820215765917586 12.842242329504904  2.827445741833015 12.887491324220099  2.9059660250978245 12.948340385184746  2.9381792806128493 12.968806921769168  2.9709649334067696 12.984795660207364  3.0041703249126366 12.995882224030563  3.037652296804958 13.001771915440498  3.0712719218249775 13.002299677278563  3.154995503541143 12.99017193161839  3.2045086504255029 12.971008909545697  3.2531395304807456 12.94031037794649  3.3005967358452155 12.898856672678189  3.3465647703744317 12.847839528627892  3.3906909894002233 12.788883398523316  3.4526216539732131 12.693089311204458  3.4722497184778285 12.660600662126026  3.4914732929994985 12.626734472889277  3.5102994373212035 12.591594992468544  3.5287347059860017 12.55527786194393  3.5467853783113048 12.517870039544635  3.6096996499042957 12.381091879370091  3.6525084538806709 12.275996643315159  3.693023293145373 12.165354877406012  3.7313566004576333 12.049963243820995  3.7675918257832626 11.930284225264629  3.8017658500544416 11.806489086003264  3.8635104498328614 11.560040973487489  3.8913714844602789 11.438042777566457  3.9173516968267301 11.312557611014737  3.9413035806400996 11.183638791685468  3.9630068978774995 11.051303525994159  3.9821749736696357 10.915515591750003  4.0108704394641341 10.669980287933617  4.0216444430999037 10.561399493441616  4.0305302514093553 10.451049399389676  4.0373396483971273 10.339403970137113  4.0419411422507645 10.226826219233251  4.0442558183087334 10.113605873497841  4.0442558183087334 9.9264092157805539  4.0432845286380905 9.8528725939040864  4.0413445497162011 9.77950273871331  4.0384505779844933 9.7064161564101799  4.0346298711193942 9.6337395642586667  4.0299227132453233 9.5616166562604317  4.0213436739225452 9.4510431549869942  4.0180526095182154 9.4120722820321294  4.0145165567351508 9.3733090596640576  4.0107427389392525 9.3347616622133085  4.0067387330618409 9.2964396286427586  4.0025124695996572 9.2583538625476365  3.9818088499204407 9.0819291288146555  3.9626966089416853 8.9468624154094361  3.9410775881397666 8.8152155031363026  3.9172336830500565 8.6869526176031329  3.8913815098499862 8.562090079802088  3.8636662898827905 8.4406795775074066  3.8019644041913065 8.1941951601081531  3.7676518568761286 8.0698499782467348  3.7312606350657482 7.9496550346359074  3.6927532772818488 7.8337831756089313  3.6520450216713449 7.722703652203287  3.6090217547279644 7.6172259491964898  3.5317700333259592 7.4496336178009868  3.4987161968093177 7.3838510996823112  3.4643828705552075 7.3217913203746772  3.4287682869257203 7.2640754537468348  3.3918654866344999 7.2113733101594546  3.353661089083666 7.164408542134181  3.2655419720615035 7.0742436376819455  3.2147539841039179 7.0341754486157049  3.1625197488668606 7.0061958053789324  3.1095148446275469 6.9916704676316712  3.0563799266419105 6.9909619208401272  3.0037697728227424 7.0034559007609101  2.9198040983843918 7.0428429363148028  2.8877572474650921 7.0627875524062889  2.8563035019283221 7.0870119348247158  2.8254780855332498 7.1151316796603643  2.7953202015107239 7.1467454056885922  2.7658736166064619 7.1814333138065072  2.7125143209317235 7.2508564794727244  2.688360799451341 7.2849619493286317  2.6647092718757892 7.3208728175672002  2.6415431299678951 7.3584109312274162  2.618845973216068 7.3974191292305784  2.5966010159897492 7.4377610487534769  2.5152496064813259 7.5927759153393213  2.458805284953145 7.7155764034973942  2.4051661987401882 7.8453768701710747  2.3540736816150627 7.9807021859954101  2.3052882894378484 8.1208742026662115  2.258616080629543 8.2658294843594859  2.1833879533347011 8.5199021787590787  2.1539629222636312 8.6253080947808964  2.1256224680747056 8.7331434674207173  2.0983418529327906 8.8441000652203474  2.0723236946937438 8.9585512798247926  2.0480256185692203 9.076564667052617  2.0197527936469499 9.2334442879168677  2.0135786206499628 9.2691217606487317  2.0076097500095487 9.3051783833326063  2.0018641438121065 9.3416268528906716  1.9963620060475777 9.3784798230732687  1.9911257826094413 9.4157499044589112  1.9765460553768552 9.5268890682743397  1.9679126995983729 9.6027369283143518  1.960621597206931 9.6802501155568983  1.9549343546053277 9.7589484346108843  1.9510404519927431 9.8385541197892632  1.9490630862801939 9.9189276015824124  1.9490630862801939 9.9999995435271298 
 0 8 0.031309872375454968 6 0.047126986449263192 6 0.10140869961429289 6 0.18066944482282077 6 0.23101013577604546 6 0.26468707959216853 6 0.31488222798964943 6 0.33889561430987569 6 0.40037103511039124 6 0.45725399637784736 6 0.50060346014080126 6 0.52868377262670463 6 0.54408890469587701 6 0.60051372146960458 6 0.66206016257483458 6 0.70505667623364288 6 0.75791394074522955 6 0.79147427537880422 6 0.82033925723274848 6 0.89913822928004794 6 0.95347352792655982 6 0.96925587476437958 6 1 8
7 0 0  7 140 24  0 11.720901717552939  0.027461218381859116 11.720901717552939  0.054672932097923524 11.714260391689947  0.081649086970598472 11.701193276792187  0.10837502883934111 11.68215957645514  0.13478579968199597 11.657870726543965  0.16073973514298792 11.629290531380461  0.19874195449725957 11.5816310298038  0.21138719290874994 11.564759389375755  0.22392955077932183 11.547099326227258  0.23637549311616723 11.528730657813998  0.24873147785719171 11.509725642150656  0.26100395587101421 11.490148977810904  0.31505201364098645 11.401108226096476  0.35626265579984845 11.325661994058049  0.3969160873708969 11.246158057553952  0.43711441798404893 11.16433100172814  0.47705748071151283 11.081067269883118  0.51708702878822377 10.996622067767785  0.61685479801351295 10.785838881937437  0.67647550130126677 10.659606923121535  0.73715984437486792 10.533586267265106  0.79944920024009614 10.408673286055864  0.86386023529994915 10.286098465696496  0.93085799643229228 10.167604285323527  1.0454545158069874 9.9844942167779056  1.0913743058598553 9.9157353936077328  1.1387825920594419 9.8500994272059419  1.1877651883934885 9.7884439761516209  1.2384140265920185 9.7317364894184379  1.290833564724494 9.6810572586862467  1.3814903407928989 9.6085222593752011  1.4186941100746258 9.5826659339459237  1.4565904201679731 9.5605594579170532  1.495026149280593 9.5426084791225119  1.5338609785703774 9.529092117241234  1.5729602115106438 9.5201626248134126  1.6706556139483493 9.5094097435224416  1.7287221315055226 9.5132958803776848  1.786127460301951 9.5271281852663829  1.8426023567049978 9.550126421930333  1.897842418932645 9.5811158212622605  1.9514776348467211 9.6185612852528077  2.0277031432025518 9.6807488436977849  2.0520165043218896 9.7020292966198873  2.0759910338891023 9.72434507556566  2.0996398661972955 9.7475817794910906  2.1229757826247657 9.7716320814405186  2.1460115972771723 9.796395555446864  2.2269989339030758 9.8867600677863567  2.2834173378942952 9.9558684736487812  2.3382867149508195 10.027611358096326  2.3918764374193771 10.100782364955922  2.4444624419947845 10.174379645179917  2.4963364960074048 10.247488981589996  2.5954508915254375 10.385422109207914  2.6427283113082467 10.450429648019087  2.6898449998531939 10.513299628426383  2.7369601462957402 10.573061617350916  2.7842256298534855 10.628584372382219  2.8318064045646771 10.678580199457112  2.916536456176118 10.754487808632714  2.9535861668862906 10.783399964796279  2.9908907406306153 10.807525134770286  3.0283690171085027 10.826160543942539  3.0659838132385144 10.838802618840967  3.1037238769328903 10.845162083978661  3.1661227628386519 10.845162083978661  3.1906350032345654 10.84249371093647  3.2151156754498635 10.837163437142468  3.239550018890875 10.829225333102967  3.2639192562811656 10.818779907589619  3.288197638244764 10.805972947688845  3.3255994271013334 10.782776959583785  3.3388167411970575 10.773902464283294  3.3520026326912697 10.764396889011129  3.3651577422712302 10.75428764985165  3.3782821487967749 10.743603562912236  3.3913753693003073 10.732374844323292  3.4522752185717467 10.67762632578615  3.4996172938846124 10.627793619603578  3.5466486185822701 10.572504104828109  3.5935317823997441 10.513025101923999  3.6404167476805473 10.45047029447656  3.6874607164978594 10.38579571818082  3.7865554979984211 10.247905038350948  3.8386489263774424 10.174480199348016  3.8914597527484003 10.100560755170147  3.9452836066824588 10.027072088485811  4.0003999580680647 9.9550289520609123  4.0570816063566228 9.885654817178736  4.1564862565175131 9.7749230335307509  4.1983740453153375 9.7313044023824506  4.2412896346428459 9.6902336846440988  4.2852616200581215 9.652378573913861  4.3303254184543345 9.6184511148590737  4.3765247330231629 9.5892090448798193  4.4821692560421011 9.5362580022728078  4.5424584828774499 9.5152372228774418  4.6039274038248852 9.5045060268091088  4.6658728905703617 9.5053369560379934  4.727654999245587 9.5180804256614682  4.7886166830260279 9.5421294315214329  4.8857205559373531 9.5973947170805758  4.9227335678668425 9.6227519021771766  4.9590363019403725 9.6516815105521214  4.9946089110226906 9.6838353550563028  5.0294242232562407 9.7188412083544176  5.0634473311595096 9.7563045000908684  5.125179791080134 9.8297883982457126  5.153156196484713 9.8653366661717339  5.1805932428219608 9.9022720261304737  5.2075180262695264 9.9404282531255568  5.2339569187875483 9.9796557503702843  5.2599365936063212 10.019821610790375  5.355230189223402 10.172703655116322  5.4219266929983476 10.290990490871213  5.4860687616014179 10.413283448784879  5.5481169606320098 10.537867955707478  5.6085827786421394 10.663529629038967  5.6680019020019303 10.789376295562382  5.7677218092963738 11.000047760791297  5.8078908940536627 11.084759451666683  5.8479788046627856 11.168264595106402  5.8883341445822399 11.250306578010974  5.929158691297947 11.329976469819504  5.9705540890790116 11.405493618682254  6.0248217446063688 11.494367007392736  6.0371150011301236 11.513847763006549  6.0494929615567345 11.532746758086514  6.0619619197819867 11.550998001696183  6.074528245518465 11.568528067116032  6.0871983842955384 11.585256091843471  6.1248753111717091 11.631945703426398  6.1504542431785438 11.659745815086799  6.1764758029413498 11.683338580961385  6.2028026379008816 11.701805073415025  6.2293701899109655 11.714470167220282  6.2561613265313474 11.720901717552939  6.2831853071795862 11.720901717552939 
 0 8 0.031309872375454968 6 0.047126986449263192 6 0.10140869961429289 6 0.18066944482282077 6 0.23101013577604546 6 0.26468707959216853 6 0.31488222798964943 6 0.33889561430987569 6 0.40037103511039124 6 0.45725399637784736 6 0.50060346014080126 6 0.52868377262670463 6 0.54408890469587701 6 0.60051372146960458 6 0.66206016257483458 6 0.70505667623364288 6 0.75791394074522955 6 0.79147427537880422 6 0.82033925723274848 6 0.89913822928004794 6 0.95347352792655982 6 0.96925587476437958 6 1 8
1 0 10 1 0 
2 0 0 1 0 -0 1 3.5
1 6.2831853071795862 -0 0 1 
1 0 -0 0 1 
7 0 0  7 38 7  3.1415924535897966 33.197224362267896  3.1746403307295004 33.197224395264904  3.2075287841210214 33.190863484195404  3.2402537079614109 33.178251036081413  3.2727935965469408 33.159713438599248  3.3050944453635154 33.135798198530964  3.3370488995833028 33.107265571238145  3.4226613730322057 33.019535616483935  3.4757665533993105 32.952587920194475  3.5281237702604376 32.87736495633925  3.579960615120731 32.796568155430172  3.6315321898826647 32.712109670181029  3.6831896608856796 32.625220185235989  3.7895003445449449 32.445089700969099  3.8439833395879681 32.352092110993972  3.8992892961728907 32.258850777815276  3.9558028666005005 32.166311842393945  4.0138795519272801 32.075545202420606  4.0738617425163319 31.987929431226171  4.1598532268897888 31.873668387768021  4.1839487463547531 31.842804594605866  4.2084032443043791 31.812743536126085  4.2332340339668928 31.783597480259289  4.2584583272169256 31.75548834564146  4.2840938127562564 31.728547814583973  4.3311770836940244 31.682250401574663  4.352479251288357 31.662430465885631  4.3740608242291756 31.643547530604415  4.3959177974602657 31.625690384884567  4.4180470737175765 31.60894671540532  4.4404464635292147 31.593403106371575  4.4973505117539405 31.557611074015007  4.5322630813855813 31.53896926402421  4.5677092014036704 31.523623170967749  4.6035610395363076 31.511884091687659  4.6397006969921204 31.503969251957816  4.676014781505974 31.5  4.7123889803846888 31.5 
 0 8 0.15214651392195208 6 0.41455532487869828 6 0.68631594701951859 6 0.79004125494707589 6 0.87368014402972027 6 1 8
7 0 0  7 38 7  5.2534885063418679 -6.0000000000000008e-07  5.2534884953428707 0.099143031419110877  5.2556087851275226 0.19780851074811542  5.2598129837514813 0.295806003333625  5.2660091324944656 0.39290338848851619  5.2740473716220793 0.48877621831913315  5.2837151622548371 0.58296030823663014  5.3137275903844365 0.83321591533496597  5.3369076691468003 0.98613665530991457  5.3634270187481645 1.1339666955407428  5.3926128625320704 1.2768373110089208  5.4240384390285223 1.4149611121652803  5.4575201268310414 1.5487448914397011  5.5299656990288879 1.8130784366008812  5.5689380605127905 1.9428172008829012  5.6099840893324631 2.0680809613018165  5.6531853239513357 2.1887541503481196  5.6986779120250999 2.3043045804970652  5.7466219760926567 2.4137277600712257  5.8165170333661154 2.5543024604335991  5.8362202014888611 2.5920366986850771  5.8563281678184396 2.6285802812995422  5.8768503485123889 2.6638286577293435  5.8977962619175273 2.6976648809274155  5.9191758553400984 2.7299596250467033  5.9585975925193679 2.785254845308621  5.9764882971870508 2.8088496036821291  5.9946652423283906 2.8312627558023702  6.0131222306454095 2.852402444177919  6.0318535710326984 2.8721776762836635  6.0508540785774283 2.8904983245608067  6.0992150076162517 2.9326131386423158  6.1289682877650407 2.954476269431185  6.159245263078688 2.9724278960597887  6.1899220705541298 2.9861354285691739  6.2208810940836718 2.9953689738954297  6.2520074224264013 3  6.2831853071795862 3 
 0 8 0.15214651392195208 6 0.41455532487869828 6 0.68631594701951859 6 0.79004125494707589 6 0.87368014402972027 6 1 8
1 0 0 1 0 
2 0 0 1 0 -0 1 3.5
7 0 0  7 38 7  4.7123889803846888 31.5  4.7488220314166183 31.5  4.7851902618821578 31.503982112479694  4.821380648145511 31.511920758570405  4.8572810797927159 31.523693317558717  4.8927749538269811 31.539081937150151  4.9277357688640198 31.557775343732747  4.9849402309175606 31.593806079712486  5.0075832778082674 31.609554675719487  5.029949768216162 31.626528071743117  5.0520376626666046 31.644636838334037  5.0738439739936751 31.663790485512184  5.0953647673401772 31.683897462766716  5.142321752221501 31.730273420391345  5.1676293966326314 31.756953055467843  5.192536203370949 31.78476795829561  5.2170592917330181 31.813591458518935  5.2412153359523943 31.843306212676801  5.2650211108199647 31.873804095463374  5.3501663476022951 31.986913059277729  5.409623668075235 32.073671698149539  5.4672054287155509 32.163540996324755  5.5232449180104508 32.25517596006906  5.578088476435008 32.347531393559173  5.6321110280337292 32.439686509502884  5.7374823792625902 32.618297194702293  5.7886613491304129 32.704503608749896  5.8397335796823482 32.788389939914637  5.8910451660206054 32.86878624036013  5.9428481486713842 32.94387635399989  5.9953645176963448 33.011083871116746  6.0813088437846785 33.101454384077542  6.114283486329577 33.131740321153451  6.1476302832675183 33.157190955968183  6.1812327213552054 33.176957529781262  6.2150349675854004 33.190425401947934  6.2490184344946371 33.19722436226801  6.2831853071795862 33.19722436226801 
 0 8 0.12652232713028086 6 0.21109642764555014 6 0.31358173735385042 6 0.58284964587530352 6 0.84276398570003797 6 1 8
7 0 0  7 38 7  0 3  0.03122832945593872 3  0.062401066425803356 2.9953539584970499  0.09340348609341434 2.986092641156874  0.1241217088694688 2.9723459892898783  0.15443916611957745 2.9543444808183468  0.18423306589230162 2.932420491243644  0.23284807400622837 2.8900237304679628  0.25205431065336853 2.8714606274276671  0.27098493591719996 2.8514126097188361  0.28963478625679573 2.8299727411706548  0.30799816726171292 2.8072348852151827  0.3260688536519924 2.7832937048873521  0.3653749394976834 2.727890703184614  0.38647634714015738 2.6959012688444646  0.40715466844966353 2.662412478104133  0.42741954658732634 2.6275486418726226  0.44728021955109576 2.5914222449445599  0.46674582809553061 2.5541339272764283  0.53595586997016709 2.4149823064231666  0.58349034518288201 2.306648833357734  0.62861521793240072 2.1922856039214853  0.67148683597248471 2.0728757367193045  0.71223886347346277 1.9489447210393842  0.75095330287558004 1.8206127175946005  0.82296485838504052 1.5592595346196456  0.85626815099215048 1.4270462422637225  0.88756066299406799 1.2905970050433235  0.91667520291674931 1.1495131166794306  0.94321129471568521 1.0035784856870418  0.96653063010038776 0.85266291101811842  0.99750010459203431 0.60187296504189114  1.0077736238413388 0.50479850815627703  1.016332931688952 0.40589312548548412  1.0229411452525792 0.30566195870375684  1.0274304982687767 0.20445115917243425  1.0296968008377512 0.1025006180548492  1.0296968008377512 7.3478807948841178e-16 
 0 8 0.12652232713028086 6 0.21109642764555014 6 0.31358173735385042 6 0.58284964587530352 6 0.84276398570003797 6 1 8
1 6.2831853071795862 -0 0 1 
1 0 -0 0 1 
7 0 0  6 47 10  4.2934757463633408 -6.0000000000000008e-07  4.3274457491143936 0.056977960409635209  4.3621584006296166 0.11253012067400171  4.3976336815759138 0.16629465127462711  4.4338947925913645 0.21789553714838883  4.4709708028545325 0.26694812434490783  4.5262197554426935 0.3341251572564487  4.5437123554837848 0.3545660850957752  4.5613706507419183 0.37433984085693933  4.5791887601395667 0.39340185140882139  4.5971613695568125 0.41171117983416439  4.649586066003903 0.46239145875574844  4.6844546764694472 0.49275104725556346  4.7197673657193553 0.51995899967502457  4.7554142269571118 0.54377783947241121  4.7912903316134985 0.56408010952359378  4.8561104756298361 0.59426893755805399  4.8849822054804601 0.60541173504056989  4.9138425786372553 0.61426908579047845  4.9426304898183888 0.62088344429040443  4.9712819844398153 0.62534045483295897  5.040284738946081 0.63122141008122667  5.080371306255163 0.6305414899690065  5.1199494850046312 0.62611911777113738  5.1589729244503433 0.61839620730861578  5.1973827974184941 0.60784634728688447  5.2650699575441342 0.58472054225975711  5.2946302834938876 0.57299714584023342  5.3238013556616295 0.56000890690542582  5.3525983286363656 0.54596223695429902  5.3810351046627831 0.5310494999241816  5.4305270360370832 0.50356215703911344  5.4517321082105132 0.49127380949915761  5.4727492988997648 0.47866001555873844  5.4935885894013694 0.46579167890235795  5.5142601935701494 0.45273456091117953  5.5995468849105805 0.39791790107674396  5.6627862364056165 0.35498772633527065  5.724784099239324 0.31269566890837985  5.7857991767967221 0.27257455501655553  5.8460887866505278 0.23587605611799334  5.9696463842437675 0.16925687036737272  6.0328543189010402 0.1399354265047022  6.0956670928060683 0.11698958715467185  6.1582269359272814 0.10136439735051594  6.2206807331052811 0.093545410924690015  6.2831853071795862 0.09355594388375188 
 0 7 0.1078033716669502 5 0.15703294434868387 5 0.2502155674372275 5 0.32482273113200161 5 0.43119671982861985 5 0.51570102429126541 5 0.58008942316722523 5 0.78339021193382385 5 1 7
7 0 0  6 47 10  2.8867103292268648 0.8026396094546504  2.9090109772931521 0.75427967966123832  2.9318908794961138 0.70928978446672397  2.9553393754615098 0.66810562218376823  2.9793448134814287 0.63119340564050208  3.0038947683346024 0.59905440004203125  3.0404299924532832 0.55997956294743279  3.0519908420443174 0.54884188002694234  3.0636509318504501 0.53887355708342566  3.0754025192987378 0.53012860651099036  3.0872379952726798 0.52265790808489843  3.1216969221534145 0.504870840361484  3.1445372770370796 0.49795898283129736  3.1675608756774349 0.49614349865021717  3.1906637280221872 0.49967047552809135  3.213745194263494 0.50866032068133771  3.2550883446563694 0.53467174886046454  3.2733754141408684 0.54972348601828569  3.2915118658257225 0.56824147805753256  3.309444202343427 0.59014895446920457  3.3271194492276095 0.61530954071515542  3.369243573967927 0.68375386257606829  3.3933404113742633 0.7301411723488872  3.4167237111895203 0.78224166307372256  3.4393411663304598 0.83954822288654363  3.4611406451046229 0.90148393730644683  3.4986987571174963 1.0197539852326647  3.5147940139885563 1.0746722204369163  3.5303605797424988 1.1319283049849993  3.5454017639634503 1.1913157925572422  3.559920668840252 1.2526424869970019  3.5845871806832572 1.3638005667479238  3.5949546842388713 1.4129022640139619  3.6050259623308682 1.4629669012329571  3.6148041840276588 1.5139329336968441  3.6242924249684969 1.5657459048653146  3.6625457927337211 1.7844779861088695  3.6887520688241633 1.9586561783404848  3.7121832356602873 2.1393237799423845  3.7328738592929347 2.3253667883348696  3.7508320288492856 2.5160013619665245  3.7822295242279984 2.9180361400719526  3.7952969196581745 3.1299894144075786  3.805160696353699 3.3452303671329129  3.8117620107384012 3.5626505612726187  3.8150676051743764 3.7812384949380795  3.8150676051743764 4.0000045044517147 
 0 7 0.1078033716669502 5 0.15703294434868387 5 0.2502155674372275 5 0.32482273113200161 5 0.43119671982861985 5 0.51570102429126541 5 0.58008942316722523 5 0.78339021193382385 5 1 7
1 0 0 1 0 
7 0 0  6 47 10  0 0.09355594388375188  0.062786207177953648 0.093566524302219664  0.12552024639553916 0.10147732054449717  0.18836150991600364 0.11726417209758568  0.2514591832448555 0.14043263384062907  0.31495773348147238 0.1700209084872816  0.43849212936030563 0.23687274579933967  0.49845879962858591 0.27344630249450774  0.55914580434662708 0.31338652695413316  0.62080658014114209 0.3554603304751055  0.68369599549491233 0.39815919432391184  0.76857272010713318 0.45274523951869822  0.78920109840043073 0.46578402975944849  0.80999640408036855 0.47863547546219715  0.83096879991373662 0.49123424149049072  0.85212819938016748 0.50350989743735219  0.90153094082695029 0.5309848697475944  0.92992399274326143 0.54589907878297306  0.9586761050271555 0.55995211410063017  0.9878011853273293 0.57295254006232488  1.0173143663350916 0.58469491602236423  1.0843729150088048 0.60770301386196257  1.1221793578803547 0.61818366768469868  1.1605819574626566 0.62593605395853091  1.199526274171381 0.63050786320883823  1.2389694720586555 0.63147497354587678  1.3079801384818388 0.62625478993514161  1.3373068940890738 0.6219353059992766  1.3667821796783899 0.6153605679835551  1.3963372455690133 0.60643596858115367  1.425906550106921 0.59511421861997238  1.4918805053145381 0.564462577635096  1.5282123174339428 0.54389729050936531  1.5643087259982602 0.51972441075972098  1.6000608835404984 0.49207688272738714  1.6353546586477865 0.46120332842213557  1.6882126536940341 0.40983149814605052  1.7062112381739734 0.39140154022602874  1.7240539685729799 0.37221882395121059  1.7417356464802081 0.35232463689565324  1.7592505039317843 0.33176386107438771  1.8141291262161425 0.26474227512499332  1.850829367945414 0.21603436982661847  1.8867297603295345 0.16483764939049314  1.9218589722240813 0.11152556847359457  1.9562400712908199 0.056462801481131843  1.9898930856792261 -6.0000000000000008e-07 
 0 7 0.21756069937856823 5 0.41970915520651675 5 0.48396448282128413 5 0.56835025533660855 5 0.67311000157730072 5 0.74950762025077067 5 0.84386130067455889 5 0.89320128568215817 5 1 7
7 0 0  6 47 10  3.8150676051743764 4.0000045044517156  3.8150676051743764 4.2197562298292617  3.8117321554994863 4.4393257677141191  3.8050714474253615 4.6577115579922861  3.7951193331457214 4.8738896621813179  3.7819355911215182 5.0867369854027178  3.7504137552003529 5.4884285682680787  3.7325058916893763 5.6779184739634756  3.7118960564987344 5.862856016620178  3.6885759809582108 6.0424687284428948  3.6625113912692822 6.215660359760629  3.6244531824971635 6.4334089005916075  3.6149878834577573 6.4851328844094738  3.6052337737156681 6.5360139306740406  3.5951877946792439 6.5859979709224534  3.5848468000744194 6.6350238754761373  3.5602351606867457 6.7460607394887324  3.5457448199444155 6.8073435311847312  3.530733606707265 6.8666949201241243  3.5151983941083604 6.9239237487503766  3.4991358554242953 6.978824610355093  3.4619427893291932 7.0961711748485783  3.4405015468297937 7.1573114232714437  3.4182660266734914 7.2139786664206609  3.3952847815178928 7.2656233444369747  3.3716065276164522 7.311759281579751  3.329537864323767 7.3812712751796026  3.3114656423539768 7.4074040469733733  3.2931192482435279 7.4301367819326165  3.2745554774515635 7.4493195268921957  3.2558316890243177 7.4648678736430361  3.2137566160422466 7.4914476787651658  3.1903813334312798 7.5005399757704936  3.1669844283955846 7.5040287720381924  3.1436703572738462 7.5020398506670274  3.1205471139304053 7.4948311024991865  3.0857970378621062 7.4764941728097156  3.0739425556925841 7.4688735296950126  3.0621731140257289 7.4599768969153368  3.0504962599496603 7.4498556597119636  3.03891967225427 7.4385642727693737  3.0026270312484993 7.3993111926090229  2.9783260820390045 7.3672675299278474  2.9545605730047488 7.3305545315030436  2.9313422238312685 7.2896588616546358  2.9086819919546927 7.2450329004668674  2.8865898498288192 7.197099054563691 
 0 7 0.21756069937856823 5 0.41970915520651675 5 0.48396448282128413 5 0.56835025533660855 5 0.67311000157730072 5 0.74950762025077067 5 0.84386130067455889 5 0.89320128568215817 5 1 7
7 0 0  5 6 2  3.3966102820564958 -6.0002048485330306e-07  3.3965801360788888 1.6002294549237019  3.3965499901012848 3.2003446055549247  3.3965198441236808 4.8003448483239168  3.396489698146067 6.4002301809979976  3.39645955216846 8.0000006000032045 
 5.7999034714213087 6 5.8000542013093446 6
1 6.2831853071795862 -0 0 1 
1 0 -0 0 1 
1 0 0 1 0 
1 0 8 1 0 
1 6.2831853071795862 -0 0 1 
1 0 -0 0 1 
1 35 3 -1 0 
1 0 35 1 0 
2 0 0 1 0 -0 1 3
8 30.799999999999955 35.000000600000021
1 3.1415926535897931 0 0 1 
8 30.799999999999955 35.000000600000021
1 35 -3 -1 0 
7 0 0  8 9 2  1.5707962267948932 64.000000300000011  1.7671457801442556 63.410951639951925  1.9634953334900729 62.821902826814039  2.1598448868517153 62.267460370872868  2.3561944401844812 61.782223846355919  2.5525439935518079 61.396545911644353  2.7488935468886666 61.132182344743342  2.9452431002404302 61  3.1415926535897927 61 
 1.5707962267948932 9 3.1415926535897927 9
7 0 0  8 9 2  4.7123888803846858 -3.0000001061125658e-07  4.9087384337340483 0.5890483600480737  5.10508798707815 1.1780971731745922  5.3014375404345628 1.7325396291671495  5.4977870937691478 2.2177761535313039  5.6941366471437505 2.6034540885193564  5.8904862004810639 2.8678176552120931  6.0868357538302229 2.9999999999999996  6.2831853071795853 3 
 1.5707962267948932 9 3.1415926535897927 9
1 0 0 1 0 
2 0 0 1 0 -0 1 3
7 0 0  8 9 2  3.1415926535897927 61  3.3379422069391551 61  3.534291760285214 61.13218234472879  3.730641313642991 61.396545911644353  3.926990866973938 61.78222384606488  4.1233404203412647 62.26746037096018  4.3196899736808518 62.821902826763107  4.5160395270353302 63.410951639951911  4.7123890803846926 64.000000299999996 
 3.1415926535897927 9 4.7123890803846908 9
7 0 0  8 9 2  -8.8817841970012523e-16 3  0.19634955334936138 3.0000000000000004  0.39269910669906949 2.8678176552123205  0.58904866004559153 2.6034540885275419  0.78539821340018534 2.217776153513114  0.98174776674477471 1.7325396291744255  1.1780973200967537 1.1780971731720911  1.3744468734455355 0.58904836004807315  1.5707964267948977 -3.0000001061125658e-07 
 3.1415926535897927 9 4.7123890803846908 9
8 -3 3
1 0 0 1 0 
8 -3 3
1 0 0 0 1 
1 6.2831853071795862 -0 0 1 
1 0 -0 0 1 
1 0 0 1 0 
1 0 8 1 0 
7 0 0  5 6 2  2.8865749589028984 8.0000006000059329  2.8866051048681021 6.3997705451282139  2.8866352508333009 4.799655394664363  2.886665396798513 3.1996551517180123  2.8866955427637131 1.5997698190512903  2.8867256887289168 -6.0001775636919774e-07 
 2.6583108705029712 6 2.6584616003289896 6
1 0 1 1 0 
1 0 9 1 0 
7 0 0  8 9 2  1.5707963269690406 19.999999999477609  1.7671458677966345 19.410951376994827  1.9634954086241123 18.821902614685314  2.1598449494467786 18.267460216062318  2.3561944902739924 17.782223748174147  2.5525440310993872 17.396545860850892  2.748893571933877 17.132182327939518  2.9452431127621987 17  3.1415926535897927 17 
 1.5707963269690406 9 3.1415926535897927 9
7 0 0  8 9 2  4.7123889805588197 5.2243187553813186e-10  4.9087385213864136 0.58904862300521377  5.1050880622078694 1.1780973853258274  5.3014376030478161 1.7325397838885692  5.4977871438350121 2.2177762519095268  5.6941366847131576 2.6034541390927188  5.890486225519453 2.8678176720732154  6.0868357663519914 2.9999999999999996  6.2831853071795853 3 
 1.5707963269690406 9 3.1415926535897927 9
1 0 0 1 0 
2 0 0 1 0 -0 1 3
7 0 0  8 9 2  3.1415926535897927 17  3.3379421947724084 17  3.5342917359525927 17.132182328427007  3.7306412771467876 17.396545862189669  3.9269908183123334 17.782223751026322  4.1233403595069831 18.267460220355133  4.3196899006825333 18.82190262070435  4.5160394418681014 19.41095138445025  4.7123889830507171 20.000000007998096 
 3.1415926535897927 9 4.712388983050718 9
7 0 0  8 9 2  -8.8817841970012523e-16 3  0.19634954118261477 3.0000000000000004  0.39269908236440187 2.8678176715948211  0.5890486235480239 2.6034541376566267  0.78539816472311941 2.217776249115559  0.98174770591140259 1.7325397795029858  1.1780972470953657 1.1780973793102021  1.3744467882783131 0.58904861554976296  1.5707963294609288 -7.9980839728932551e-09 
 3.1415926535897927 9 4.712388983050718 9
1 6.2831853071795862 -0 0 1 
1 0 -0 0 1 
1 0 64 1 0 
2 0 0 1 0 -0 1 3
8 -3 3
1 0 -0 0 -1 
8 -3 3
1 0 0 0 1 
1 0 1 1 0 
1 0 9 1 0 
1 6.2831853071795862 -0 0 1 
1 0 -0 0 1 
2 0.050000000000001266 -9.9999999999999982 1 -1.2246467991473532e-16 1.2246467991473532e-16 1 3
1 0 8 1 0 
8 -6.0000002122251317e-07 9.6000000000000227
1 8 12.999583304394127 1 0 
8 -6.0000002122251317e-07 9.6000000000000227
1 4.6957215420166181 0 0 1 
1 0 0 1 0 
2 0 0 1 0 -0 1 3
8 -6.0000002122251317e-07 9.6000000000000227
1 8 7.0004166956058693 1 0 
8 -6.0000002122251317e-07 9.6000000000000227
1 1.5874637651629684 0 0 1 
2 0.050000000000001266 -9.9999999999999982 1 -1.2246467991473532e-16 1.2246467991473532e-16 1 3
1 0 8 1 0 
1 6.2831853071795862 -0 0 1 
1 0 -0 0 1 
1 0 20 1 0 
2 0 0 1 0 -0 1 3
8 -3 3
1 0 0 0 -1 
8 -3 3
1 0 -0 0 1 
1 6.2831853071795862 -0 0 1 
1 0 -0 0 1 
1 16 0 0 1 
1 4 0 0 -1 
1 0 -20 1 0 
1 16 0 0 1 
1 0 0 0 -1 
1 0 0 1 0 
1 0 20 1 0 
8 1.9999999999999991 7.9999999999999991
1 8 4.9999999999999991 0 1 
8 1.9999999999999991 7.9999999999999991
1 -0.050000000000000711 4.9999999999999991 1.2246467991473532e-16 -1 
1 0 0 1 0 
1 0 0 0 1 
2 8 4 1 0 -0 1 1.7
1 0 0.099999999999999645 1 0 
2 8 16 1 0 -0 1 1.7
1 0 0.099999999999999645 1 0 
1 0 0 0 1 
1 0 20 1 0 
1 0 0 1 0 
2 8 4 1 0 -0 1 1.7
1 0 4.0999999999999996 1 0 
2 8 16 1 0 -0 1 1.7
1 0 4.0999999999999996 1 0 
1 6.2831853071795862 -0 0 1 
1 0 -0 0 1 
1 6.2831853071795862 -0 0 1 
1 0 -0 0 1 
Curves 143
1 -36.25257147155164 -9.6567985325942356 95.01348781621266 0 0 1 
1 -36.25257147155164 -9.6567985325942356 105.01348781621266 0 1 0 
1 -36.25257147155164 -9.6567985325942356 95.01348781621266 0 1 0 
1 -36.25257147155164 9.6567994455399759 95.01348781621266 0 0 1 
3 -36.25257147155164 6.0000004564728702 99.377124179849019 1 0 0 0 0 -1 -0 1 0 4.1485833487653219 3.5
1 -36.25257147155164 -1.8283990380606827 101.58491638764123 -0 1 0 
3 -36.25257147155164 6.0000004564728702 99.377124179849019 1 0 0 0 0 -1 -0 1 0 4.1485833487653219 3.5
3 -36.25257147155164 -5.9999995435271298 99.377124179849019 1 0 0 0 0 -1 -0 1 0 4.1485833487653219 3.5
3 -36.25257147155164 -5.9999995435271298 99.377124179849019 1 0 0 0 0 -1 -0 1 0 4.1485833487653219 3.5
1 -36.25257147155164 -7.8283990380606827 101.58491638764123 -0 1 0 
1 -36.25257147155164 -9.6567985325942356 95.01348781621266 1 0 0 
1 -22.25257147155164 -9.6567985325942356 95.01348781621266 0 0 1 
1 -36.25257147155164 -9.6567985325942356 105.01348781621266 1 0 0 
1 -36.25257147155164 9.6567994455399759 105.01348781621266 1 0 0 
1 -22.25257147155164 -9.6567985325942356 105.01348781621266 0 1 0 
2 -29.252565268527082 -4.6567985325942356 105.01348781621266 0 0 1 1 0 -0 -0 1 0 3.1499999999999999
2 -29.252577674576198 4.6567994455399759 105.01348781621266 0 0 1 1 0 -0 -0 1 0 3.1499999999999999
1 -36.25257147155164 9.6567994455399759 95.01348781621266 1 0 0 
1 -22.25257147155164 -9.6567985325942356 95.01348781621266 0 1 0 
2 -29.252565268527082 -4.6567985325942356 95.01348781621266 0 0 1 1 0 -0 -0 1 0 3.1499999999999999
2 -29.252577674576198 4.6567994455399759 95.01348781621266 0 0 1 1 0 -0 -0 1 0 3.1499999999999999
1 -22.25257147155164 9.6567994455399759 95.01348781621266 0 0 1 
1 -33.373507248875583 6.0000004564728711 97.060672609150288 -0.84366148773210747 0 -0.53687549219315922 
2 -35.25257147155164 6.0000004564728702 100.01348781621266 -0.84366148773210747 0 -0.53687549219315922 0.53687549219315922 0 -0.84366148773210747 0 -1 -0 3.5
2 -57.25257147155164 6.0000004564728702 86.01348781621266 -0.84366148773210747 0 -0.53687549219315922 0.53687549219315922 0 -0.84366148773210747 0 -1 -0 3.5
3 -57.252571471551647 6.0000004564728702 86.01348781621266 0 0 1 -1 0 0 0 -1 0 6.51920240520265 3.5
7 0 0  7 14 3  -55.451657956056607 6.998882246587212 83.183479745714337  -55.262624884557404 7.1123173696080464 83.343811669905051  -55.082095906578246 7.2395425737207661 83.509374462681109  -54.912950438786204 7.3787703985596469 83.680474868485561  -54.757215462802321 7.5275288133336016 83.85798062558311  -54.616121267930041 7.6829683280035583 84.042937619393811  -54.490179549447205 7.8420094591021394 84.236290241169485  -54.268666085486799 8.160483783851415 84.640393148391979  -54.17360512499549 8.3190551011084466 84.849999059350424  -54.093663169166263 8.4740261622924233 85.067859909553562  -54.02778598937509 8.6223406096789432 85.294038597004487  -53.974438674670793 8.7611494993855956 85.528044847521457  -53.931820690151582 8.8880001491969853 85.768615584362436  -53.898136322472439 9.0011186663585381 86.013488416212681 
 0 8 0.50073535835235816 6 1 8
2 -57.25257147155164 6.0000004564728702 86.01348781621266 -0.84366148773210747 0 -0.53687549219315922 0.53687549219315922 0 -0.84366148773210747 0 -1 -0 3.5
1 -33.373507248875583 -5.9999995435271289 97.060672609150288 -0.84366148773210747 0 -0.53687549219315922 
2 -35.25257147155164 -5.9999995435271298 100.01348781621266 -0.84366148773210747 0 -0.53687549219315922 0.53687549219315922 0 -0.84366148773210747 0 -1 -0 3.5
2 -57.25257147155164 -5.9999995435271298 86.01348781621266 -0.84366148773210747 0 -0.53687549219315922 0.53687549219315922 0 -0.84366148773210747 0 -1 -0 3.5
7 0 0  7 14 3  -55.451657956056607 -6.9988813336414681 83.183479745714351  -55.263221984350835 -7.1119581485208387 83.343305228582082  -55.083205938557768 -7.238756741075961 83.508353792983968  -54.914479018606045 -7.3775052774688676 83.67892568752336  -54.759071368133391 -7.5257542120887742 83.855860877351603  -54.618219840034271 -7.6806582033950583 84.04018993155475  -54.492437631441263 -7.8391646083373754 84.232835255121955  -54.27036856267263 -8.1576396079302231 84.636634475802225  -54.174796428289611 -8.3167456892198803 84.846754769177252  -54.094455219938411 -8.4722518040339025 85.065156859251559  -54.028272645746576 -8.6210749758363665 85.291916876880563  -53.974704226001577 -8.7603626299582444 85.526558763874007  -53.931927657445968 -8.8876400197196812 85.767837971894224  -53.898136322472439 -9.0011177534127906 86.013488416212667 
 0 8 0.49907825486676272 6 1 8
3 -57.252571471551647 -5.9999995435271298 86.01348781621266 0 0 1 -1 0 0 0 -1 0 6.51920240520265 3.5
2 -57.25257147155164 -5.9999995435271298 86.01348781621266 -0.84366148773210747 0 -0.53687549219315922 0.53687549219315922 0 -0.84366148773210747 0 -1 -0 3.5
1 -26.102565268527083 -4.6567985325942365 23.012350941795034 0 0 1 
1 -26.102577674576199 4.656799445539975 23.014624690630285 0 0 1 
3 -57.25257147155164 10.00000045647287 86.01348781621266 -0.84366148773210747 0 -0.53687549219315922 -0.53687549219315922 0 0.84366148773210747 0 1 0 6.51920240520265 3.5
1 -57.25257147155164 8.0000004564728702 86.01348781621266 -0 -1 0 
2 -57.25257147155164 10.00000045647287 86.01348781621266 0 0 1 1 0 -0 -0 1 0 3.5
2 -57.25257147155164 10.00000045647287 86.01348781621266 0 0 1 1 0 -0 -0 1 0 3.5
1 -53.75257147155164 10.000000456472868 3.0134878162126597 0 0 1 
1 -53.75257147155164 10.000000456472868 3.0134878162126597 0 0 1 
3 -57.25257147155164 10.00000045647287 80.01348781621266 0.68874830945910626 -0.16000528938682426 0.70712380357718263 -0.68878147154003466 0.16001299337430813 0.70708975838611754 -0.22628709790964166 -0.97406064971316453 -1.3877787807814457e-17 4.9496283144398134 3.5
3 -57.25257147155164 10.00000045647287 80.01348781621266 -0.68878147154003466 0.16001299337430813 0.70708975838611754 0.68874830945910626 -0.16000528938682426 0.70712380357718263 0.22628709790964169 0.97406064971316464 0 4.9498666307775459 3.5
1 -53.75257147155164 10.000000456472868 3.0134878162126597 0 0 1 
3 -57.25257147155164 10.00000045647287 80.01348781621266 -0.68878147154003466 0.16001299337430813 0.70708975838611754 0.68874830945910626 -0.16000528938682426 0.70712380357718263 0.22628709790964169 0.97406064971316464 0 4.9498666307775459 3.5
3 -57.25257147155164 10.00000045647287 80.01348781621266 -0.68878147154003466 0.16001299337430813 0.70708975838611754 0.68874830945910626 -0.16000528938682426 0.70712380357718263 0.22628709790964169 0.97406064971316464 0 4.9498666307775459 3.5
3 -57.25257147155164 10.00000045647287 80.01348781621266 0.68874830945910626 -0.16000528938682426 0.70712380357718263 -0.68878147154003466 0.16001299337430813 0.70708975838611754 -0.22628709790964166 -0.97406064971316453 -1.3877787807814457e-17 4.9496283144398134 3.5
2 -57.25257147155164 10.00000045647287 3.0134878162126597 0 0 1 1 0 -0 -0 1 0 3.5
3 -57.25257147155164 10.00000045647287 13.01348781621266 0 0.70710678118654757 0.70710678118654757 0 -0.70710678118654746 0.70710678118654746 1 0 -0 4.9497474683058327 3.5
3 -57.25257147155164 10.00000045647287 13.01348781621266 0 0.70710678118654757 0.70710678118654757 0 -0.70710678118654746 0.70710678118654746 1 0 -0 4.9497474683058327 3.5
3 -57.25257147155164 10.00000045647287 13.01348781621266 0 -0.70710678118654757 0.70710678118654757 0 0.70710678118654746 0.70710678118654746 -1 0 0 4.9497474683058327 3.5
1 -57.25257147155164 -7.9999995435271298 86.01348781621266 -0 -1 0 
3 -57.25257147155164 -9.9999995435271298 86.01348781621266 -0.84366148773210747 0 -0.53687549219315922 -0.53687549219315922 0 0.84366148773210747 0 1 0 6.51920240520265 3.5
2 -57.25257147155164 -9.9999995435271298 3.0134878162126597 0 0 1 1 0 -0 -0 1 0 3.5
1 -53.75257147155164 -9.9999995435271316 3.0134878162126597 0 0 1 
1 -53.75257147155164 -9.9999995435271316 3.0134878162126597 0 0 1 
7 0 0  8 44 7  -46.822747732412715 -9.9999995435255098 652.77361545441875  -46.822747732412715 -9.9207640412692495 652.77361545441875  -46.824797827229737 -9.8420900790046719 652.76851601573082  -46.828846957189398 -9.7640024257883127 652.75844260173676  -46.83484820774197 -9.6865656908568329 652.74364386405216  -46.842748236006642 -9.6099137119725597 652.72449514935613  -46.852467598154767 -9.5342780065567023 652.70149973885827  -46.863871977632144 -9.4600152856101953 652.67528782040006  -46.883134532946819 -9.3516175678049738 652.63234487695115  -46.889923233316679 -9.3159121279775725 652.61740546525925  -46.897091750872733 -9.2805100080045158 652.6018482929162  -46.904632118462537 -9.2454036702610978 652.585723393178  -46.912537066238407 -9.2105857424333788 652.56907749775792  -46.920800021657406 -9.176049017518201 652.55195403682535  -46.929415109481354 -9.1417864538231655 652.53439313900719  -46.968748337237543 -8.9925856353254581 652.45556243872807  -47.003250813112011 -8.879891561237466 652.38979754999866  -47.041689375005241 -8.7697146009672089 652.32061359555473  -47.083903260371358 -8.6620298743463007 652.24916757489962  -47.129795853490435 -8.556694164524556 652.17623921191478  -47.179405410107066 -8.4534095550390109 652.10225984989222  -47.232969652508508 -8.3517484878621602 652.02739765353203  -47.411618649955507 -8.0420243183742546 651.79401025319305  -47.549067157910898 -7.8418546814756382 651.63562503447349  -47.704865169853718 -7.6483031047460894 651.47845881742228  -47.881559034276201 -7.4609324747282519 651.32362475681111  -48.082120136420144 -7.2808164418638723 651.17347438407944  -48.309567860471006 -7.1108728234797987 651.03164588606671  -48.566646458657686 -6.9558081380987318 650.90353090527685  -48.911038225772771 -6.7967409398598022 650.77604725275103  -48.968142610501175 -6.7717285982709221 650.75614532611689  -49.026455811781759 -6.7475807087239534 650.73709563131968  -49.085965242488832 -6.7243620703600628 650.71896579288398  -49.146656178433688 -6.7021376297296253 650.70182392024071  -49.20851175836458 -6.6809724807922546 650.68573860772733  -49.271512983966723 -6.6609318649167832 650.67077893458793  -49.421793416669395 -6.6167547429416738 650.63852151998196  -49.510096435515933 -6.5935414195109985 650.62216060080664  -49.600289832251356 -6.572673594181575 650.60815728510693  -49.692109346759452 -6.5543473054945451 650.59670415225514  -49.785285009020313 -6.5387225721228699 650.58796039972151  -49.879541745172013 -6.5259237280543294 650.58205145945942  -49.974599983572432 -6.5160397577745472 650.57906861429058  -50.070176260861054 -6.5091246314499935 650.57906861429058 
 0 9 0.1206537392462325 7 0.18069028984072388 7 0.38414628261616485 7 0.80771838229421289 7 0.88976632435042913 7 1 9
7 0 0  8 128 19  -46.822747732412715 -9.9999995435255098 655.38452177416264  -46.822747732412715 -9.9207640412692939 655.38452177416264  -46.824797827229702 -9.8420900790046613 655.38962121285078  -46.828846957189384 -9.7640024257883145 655.39969462684451  -46.834848207741999 -9.6865656908568294 655.41449336452899  -46.842748236006649 -9.60991371197251 655.43364207922502  -46.852467598154746 -9.5342780065566721 655.45663748972277  -46.86387197763213 -9.460015285610309 655.48284940818121  -46.883134532944474 -9.3516175678181792 655.52579235162489  -46.889923233316125 -9.3159121279829975 655.54073176332031  -46.897091750874502 -9.2805100079982292 655.55628893566859  -46.904632118465095 -9.2454036702494591 655.57241383540838  -46.912537066239572 -9.2105857424262894 655.58905973082597  -46.920800021655879 -9.1760490175223381 655.60618319175296  -46.929415109478171 -9.1417864538352429 655.62374408956759  -46.968748337237521 -8.9925856353255007 655.70257478985297  -47.003250813112203 -8.8798915612371907 655.76833967858249  -47.041689375004985 -8.7697146009674025 655.83752363302608  -47.083903260371301 -8.6620298743465423 655.90896965368131  -47.129795853490592 -8.5566941645246146 655.98189801666638  -47.179405410106845 -8.453409555039066 656.05587737868882  -47.232969652508771 -8.3517484878617001 656.13073957504935  -47.379977480346071 -8.0968806854345647 656.32279088940732  -47.478463681241173 -7.946888786047225 656.43992524694318  -47.586978450978478 -7.8006484267156253 656.55687499384635  -47.706334858530049 -7.6580017353855343 656.67289597863476  -47.837512201059354 -7.5191859249903308 656.78712971085565  -47.981574789119918 -7.3848648555485692 656.89843490473527  -48.139591692827416 -7.2561915642592787 657.00530463058283  -48.375300300294235 -7.0908210497788682 657.14218085589653  -48.440046953097898 -7.0477372661312438 657.17779280222101  -48.506876121525551 -7.0056547472968704 657.21249886146461  -48.575844916963057 -6.9646640509737434 657.24619421557054  -48.647006723112447 -6.9248680796583795 657.27876249726046  -48.720410973564775 -6.886381932662025 657.31007555306155  -48.796102929373006 -6.8493327581268586 657.33999320633632  -48.96058749732196 -6.7745474873214793 657.3998030635471  -49.05005129591607 -6.7371074447691486 657.42939297350711  -49.142414194665982 -6.7018185194529014 657.45685125102511  -49.237562899792771 -6.6689478520787047 657.4819052219741  -49.335371587926723 -6.6387507899022999 657.50429116960856  -49.435702012554238 -6.6114709946406629 657.5237544669061  -49.538403610464634 -6.587340550383507 657.54004970890901  -49.781746083113589 -6.5391858809246646 657.5699511579204  -49.923879091177341 -6.5176880139644311 657.58101650294702  -50.068463764440935 -6.502742338409619 657.58550965403242  -50.214223905688399 -6.4947328554194721 657.58306038767603  -50.359870102474588 -6.4937755455023618 657.57355929342452  -50.504113841164603 -6.4997222144912028 657.55716158430835  -50.645681620973299 -6.5121643395188942 657.53429090727627  -50.883406901555304 -6.543722157883102 657.48481454269415  -50.981391619585111 -6.5600867049084295 657.4609364043381  -51.07714859999242 -6.5793185206403262 657.43420711286512  -51.170553619186379 -6.6011989828208302 657.40483343947517  -51.261492914859396 -6.6255029723231171 657.3730306251947  -51.349863248759526 -6.6519989631112084 657.33902245380602  -51.435571969462856 -6.6804491121996703 657.30304132477613  -51.595126044606509 -6.7384516754101851 657.23051369329175  -51.669471853307016 -6.7677858371084572 657.19418006279579  -51.741612904094119 -6.7984675994709258 657.15645902730432  -51.811591714258725 -6.8303640946908164 657.11747114320849  -51.879454713182888 -6.8633536078590147 657.07732579618801  -51.945252039986691 -6.8973253624313138 657.03612106671608  -52.00903734117535 -6.9321793056956453 656.99394359556379  -52.244204209062232 -7.0677585679816497 656.83011034275853  -52.402608322601175 -7.1741709547024684 656.70199572110107  -52.547075689515765 -7.2850759963883487 656.56819497430365  -52.678663112635505 -7.3989591836045152 656.42987444745654  -52.7984270334453 -7.5146708884908078 656.28771476181055  -52.90734431406208 -7.6313464691546287 656.14197117373419  -53.006231914252211 -7.7482438787024215 655.99250350704301  -53.155509921210616 -7.9420704340163404 655.73583573024496  -53.210688383070284 -8.0188601902092973 655.63176472612452  -53.26171046959346 -8.0947482640912423 655.52599391354772  -53.308835215185198 -8.1695616624637228 655.41806139818596  -53.352100134830572 -8.2428382910877644 655.30764972329075  -53.391395453654219 -8.313731014480938 655.19461353531494  -53.426544687143611 -8.3809766464630506 655.07893648407105  -53.483345070398187 -8.4953259593231376 654.86069621562331  -53.50700314345174 -8.5454623508392 654.75597381689352  -53.527433970775107 -8.5911564543094343 654.64792818779529  -53.544152863375722 -8.6304359653039597 654.53759285095828  -53.556937728993319 -8.6616154995575112 654.42554616405789  -53.565667324748496 -8.6833297594290269 654.31193961154997  -53.570176260861054 -8.6945463836535186 654.19657996737999  -53.570176260861054 -8.6945463836535186 654.03079740650765  -53.569415407101147 -8.6926537014072824 653.98257344116303  -53.567896315145468 -8.6888748002001783 653.93445375022441  -53.565625678001808 -8.6832442583073259 653.88649810562367  -53.562614689540993 -8.6758252947955761 653.83877394317881  -53.558880497975835 -8.6667100712589864 653.79136127033144  -53.554448689399116 -8.6560197694878127 653.74435755770196  -53.527817671484897 -8.5926555673637814 653.50128955588104  -53.494398718753743 -8.5157482718539708 653.3135415184596  -53.450586592779445 -8.4213268360232068 653.13257864134243  -53.397026388671414 -8.3168466271439989 652.9584552763489  -53.334893267800432 -8.2075127792433857 652.79168094350894  -53.264827557379924 -8.0957615487709802 652.6312685261596  -53.186103586620895 -7.9817940671336496 652.47490407687371  -53.00623191425224 -7.7482438787024455 652.16563372153826  -52.907344314061731 -7.6313464691541864 652.01616605484617  -52.798427033445741 -7.5146708884912981 651.87042246677174  -52.678663112635412 -7.3989591836045294 651.7282627811245  -52.547075689515374 -7.2850759963879081 651.58994225427648  -52.402608322601758 -7.174170954702924 651.45614150748077  -52.244204209061863 -7.0677585679814445 651.32802688582217  -52.009037341175265 -6.9321793056955912 651.16419363301736  -51.945252039986663 -6.8973253624312996 651.12201616186496  -51.879454713182909 -6.8633536078590325 651.08081143239303  -51.811591714258768 -6.8303640946908333 651.04066608537266  -51.741612904094112 -6.7984675994709196 651.00167820127683  -51.669471853306945 -6.7677858371084287 650.96395716578536  -51.595126044606452 -6.7384516754101638 650.92762353528929  -51.463102735370278 -6.6904573491459267 650.86761041490331  -51.406482441346526 -6.6710829703396977 650.84320279522103  -51.348688037744381 -6.6525514332645743 650.81964896911609  -51.289733403742865 -6.6349282433928458 650.79701181572011  -51.229634453030222 -6.618279191599151 650.77535416752914  -51.168409133803983 -6.6026703541604777 650.7547388104033  -51.106077428770924 -6.5881680927561606 650.7352284835672  -50.92963044050007 -6.5510817749172023 650.68419257042194  -50.812800168637885 -6.5309769998044223 650.65510637814828  -50.692829463257453 -6.5150640540362623 650.63018869745429  -50.570399420536752 -6.5037676250212657 650.6098755736358  -50.446207816710015 -6.4973959076559078 650.59447888635373  -50.320963615643038 -6.4961387493107221 650.58418753337116  -50.195381476408464 -6.5000657948164164 650.57906861429058  -50.070176260861054 -6.5091246314499935 650.57906861429058 
 0 9 0.039737062065377027 7 0.059509977112971249 7 0.12651779184925849 7 0.22944458918328503 7 0.26676632695523977 7 0.30812708632531055 7 0.36270408001313154 7 0.40238478174628328 7 0.43901589344310954 7 0.54170860776925833 7 0.61039337755601664 7 0.66841049352824911 7 0.69224271217295485 7 0.79305507317903601 7 0.89278472155819177 7 0.92835888972818381 7 0.95410712135297093 7 1 9
3 -57.25257147155164 -9.9999995435271298 49.013487816212667 0.68878149055575277 0.1600129114819715 0.70708975839482935 -0.68874832849087975 -0.16000520750237296 0.70712380356847115 0.22628698210196424 -0.97406067661680362 0 4.9498666307165591 3.5
3 -57.25257147155164 -9.9999995435271298 49.013487816212667 -0.68874832849087975 -0.16000520750237296 0.70712380356847115 0.68878149055575277 0.16001291148197147 0.70708975839482946 -0.22628698210196418 0.97406067661680362 1.3877787807814457e-17 4.9496283145007904 3.5
3 -57.25257147155164 -9.9999995435271298 49.013487816212667 -0.68874832849087975 -0.16000520750237296 0.70712380356847115 0.68878149055575277 0.16001291148197147 0.70708975839482946 -0.22628698210196418 0.97406067661680362 1.3877787807814457e-17 4.9496283145007904 3.5
1 -53.75257147155164 -9.9999995435271316 3.0134878162126597 0 0 1 
2 -57.25257147155164 -9.9999995435271298 86.01348781621266 0 0 1 1 0 -0 -0 1 0 3.5
2 -57.25257147155164 -9.9999995435271298 86.01348781621266 0 0 1 1 0 -0 -0 1 0 3.5
3 -57.25257147155164 -9.9999995435271298 49.013487816212667 -0.68874832849087975 -0.16000520750237296 0.70712380356847115 0.68878149055575277 0.16001291148197147 0.70708975839482946 -0.22628698210196418 0.97406067661680362 1.3877787807814457e-17 4.9496283145007904 3.5
3 -57.25257147155164 -9.9999995435271298 49.013487816212667 0.68878149055575277 0.1600129114819715 0.70708975839482935 -0.68874832849087975 -0.16000520750237296 0.70712380356847115 0.22628698210196424 -0.97406067661680362 0 4.9498666307165591 3.5
1 -46.822747732412736 -9.9999999999983817 622.09255643050324 0 0 1 
3 -57.25257147155164 -9.9999995435271298 13.01348781621266 0 0.70710678118654757 0.70710678118654757 0 -0.70710678118654746 0.70710678118654746 1 0 -0 4.9497474683058327 3.5
3 -57.25257147155164 -9.9999995435271298 13.01348781621266 0 -0.70710678118654757 0.70710678118654757 0 0.70710678118654746 0.70710678118654746 -1 0 0 4.9497474683058327 3.5
3 -57.25257147155164 -9.9999995435271298 13.01348781621266 0 -0.70710678118654757 0.70710678118654757 0 0.70710678118654746 0.70710678118654746 -1 0 0 4.9497474683058327 3.5
1 -35.044582517259947 1.2475871715438995 80.014624690630285 -0.9740606485841552 0.22628709764735794 -4.8147170923862661e-05 
2 -34.252577674576202 4.6567994455399759 80.014624690630285 -0.97406064858415531 0.22628709764735799 -4.8147170923862668e-05 -0.22628709790964169 -0.97406064971316464 0 -4.6898264591948453e-05 1.0895083580920363e-05 0.99999999884092505 3.5
7 0 0  6 92 19  -34.574889113189229 3.2700763475824792 83.211985224903941  -34.605813921962167 3.3887672843033951 83.260345116764768  -34.634365718288961 3.5113687259709736 83.305334977440495  -34.660192732117771 3.6377984562374883 83.346519109337422  -34.682935847169439 3.7679405347226322 83.383431300398158  -34.702235365113694 3.9016433424349057 83.415570286252731  -34.724817112580162 4.101314100366257 83.454645108628227  -34.731102339774779 4.1645933385345115 83.465782790542605  -34.736556634798688 4.228500762535309 83.475751113121007  -34.74114710326414 4.2929809799656384 83.484496063993561  -34.744844772926115 4.3579777851819523 83.491966763412066  -34.752886285850657 4.5473311013198341 83.509753830130961  -34.754864290916515 4.6729821978368884 83.516665692329553  -34.753364213742756 4.7996761589765544 83.518481189275306  -34.748304248592198 4.9267156213854788 83.514954233537011  -34.739711594313157 5.053420226801447 83.505964417735711  -34.718116836617348 5.2797795967683188 83.479953063433655  -34.706344678735988 5.3796919715723321 83.464901372445695  -34.692480121544918 5.4785106743021794 83.446383435445256  -34.676646225084561 5.5758936163274475 83.424476022304248  -34.65900676982595 5.6715143012676545 83.399315506642168  -34.612322076263048 5.898444936237853 83.330871227453912  -34.581653554374974 6.0274442680057581 83.284483852692262  -34.54824035685715 6.1517183369630191 83.23238326848157  -34.512605245148968 6.2709699086303816 83.175076589849837  -34.475292291218658 6.3849500097186889 83.1131407352037  -34.406310684610652 6.5796617288163715 82.994870507728535  -34.375029327884079 6.6624940787030429 82.939952213566798  -34.343220347526803 6.7420075621472497 82.882696076413822  -34.31108273404832 6.8182578420567195 82.823308556743271  -34.278799757210393 6.8913061420775721 82.761981836396217  -34.221957684291802 7.0144899090940518 82.650823567259394  -34.197384738462794 7.0659502014012725 82.601721738404351  -34.172889193650398 7.115638907105688 82.551656965363719  -34.148534831985479 7.1635948241614935 82.500690793255956  -34.12438015261931 7.2098567648873715 82.448877678970291  -34.025010677249021 7.3953054327845127 82.230145225197745  -33.952025529186159 7.5197198219715808 82.055966797043041  -33.883256907529507 7.6288026366119208 81.875298953204634  -33.82006151678025 7.7234879589542507 81.689255698555144  -33.763553703652789 7.8045105652817801 81.498620876340283  -33.662594075027357 7.9446088195663513 81.096586250030143  -33.619170930348545 8.0019044225455929 80.88463340698911  -33.585686688466097 8.0445917178695225 80.669392906700551  -33.563041811577904 8.0729711443689514 80.451973178951334  -33.551702395427803 8.0871823155069098 80.233385719504412  -33.551702395427803 8.0871823155069098 79.897405701463043  -33.554957681846993 8.0831025491530006 79.780200857480224  -33.561467588965634 8.0749442416100017 79.663174423768282  -33.571191928818848 8.0626974285061088 79.546499398688866  -33.584052001068521 8.0463425105526873 79.430353204514432  -33.613813285494437 8.0079391784479146 79.214006252495949  -33.630001968843402 7.9868667186323439 79.113641851091757  -33.64842362819418 7.9626115857605528 79.013919814275653  -33.668986207861408 7.9351415480461744 78.914942363836218  -33.691580364455376 7.9044160074975052 78.816818944025243  -33.780398976863005 7.7810516702305117 78.464614363671473  -33.857745363422147 7.6690967437948654 78.216678664166125  -33.945999314991617 7.5334632692785108 77.976968227773838  -34.042604057325597 7.3722183103602044 77.747270816709033  -34.144181520877417 7.1828734365188662 77.530574906050674  -34.278094524033108 6.8928866594526044 77.268565000781848  -34.31033715800217 6.8199924309237208 77.207282198242581  -34.342437480000854 6.7439055417075098 77.147930795445461  -34.374213188656938 6.6645647707437856 77.090701949538385  -34.405466328461863 6.5819143933263655 77.035801066841373  -34.473868242592701 6.389127729826602 76.918454407322614  -34.510661500833692 6.2770527035324202 76.857314087245101  -34.545842565363465 6.1598617178514354 76.800646770478068  -34.578893659451197 6.0377848456909486 76.74900201712444  -34.609315481174143 5.9110971855522498 76.702866003459832  -34.656571951683247 5.6845966289536545 76.633353840929033  -34.674839282600146 5.5868702530202219 76.607220984648109  -34.691227331725706 5.4872676678196184 76.584488174151971  -34.705557824842622 5.3861382043533386 76.565305363630202  -34.717697061499734 5.2838484180430205 76.549756961961805  -34.739743614767733 5.0534878949802806 76.523177075966515  -34.748440458535256 4.9251686950315863 76.514084745703286  -34.753513219121182 4.796508119219058 76.51059592033053  -34.754934263427273 4.6682125909097687 76.512584816972691  -34.752790572784086 4.5410063431989949 76.519793544763672  -34.744409850135014 4.3500646961252887 76.538130448415401  -34.740612085194797 4.2849688891261666 76.545751082384214  -34.735919755498912 4.2203974735130192 76.554647706606232  -34.730362265427651 4.1564063228416197 76.564768935824219  -34.72397290557479 4.0930504661288056 76.576060315331858  -34.701238631736537 3.8947397578900955 76.61531337592811  -34.681975421404125 3.7624173912161005 76.64735702925276  -34.659343563071076 3.6335979875839577 76.684070021221373  -34.633692803019137 3.5084263072199717 76.724965687152945  -34.605371861696277 3.3870127323085382 76.769591646573758  -34.574722002921817 3.2694351284773862 76.817525492379389 
 0 7 0.053904534121616311 5 0.078520629912407519 5 0.125114396127356 5 0.16241991963309452 5 0.215609871887496 5 0.25786429164706909 5 0.29006027192420103 5 0.39171614490965967 5 0.50002652793094338 5 0.55805918754829698 5 0.60879036910828965 5 0.74197353586200165 5 0.78416781797220514 5 0.83654945488979371 5 0.87474959736115221 5 0.92192802839308308 5 0.94659884798194804 5 1 7
2 -34.252577674576202 4.6567994455399759 80.014624690630285 -0.97406064858415531 0.22628709764735799 -4.8147170923862668e-05 -0.22628709790964169 -0.97406064971316464 0 -4.6898264591948453e-05 1.0895083580920363e-05 0.99999999884092505 3.5
1 -57.25257147155164 -9.9999995435271298 16.51348781621266 0 1 0 
7 0 0  6 57 12  -50.322747732412708 2.9893490347846488 635.59255643050324  -50.504844590567458 2.9739635876876642 635.59255643050324  -50.683500277366882 2.9454627839580354 635.58118730444494  -50.856773137738408 2.9046509761452803 635.55925631027526  -51.022833006239381 2.852837921591294 635.52806954900768  -51.180020634988765 2.7918468868025395 635.48940650099132  -51.405287112146418 2.6879233798498299 635.42194148991075  -51.481084429103184 2.6496722141023601 635.39684433417119  -51.55431741596913 2.6095319658033449 635.37034029888025  -51.625024826139942 2.5676800931187667 635.34262535834387  -51.693253869340019 2.5242738816675012 635.31387918260396  -51.927525280324822 2.3646993614573217 635.20845391820365  -52.080316824684935 2.2405161951231936 635.12686451501293  -52.218529274835987 2.1089846879480376 635.04210916882425  -52.343369558939436 1.9712690500914514 634.95613216567392  -52.455868033620916 1.8278237608597507 634.87049569119233  -52.649956975379034 1.5403009628918181 634.70957370895303  -52.733182302980836 1.3971401424975465 634.63403095459466  -52.806721368345926 1.2491215112738985 634.56177986608316  -52.870548488878867 1.0963295640599826 634.49458631376069  -52.924487288678712 0.9387400284756402 634.43464377575003  -53.001213247685882 0.65228217405674949 634.34608489838877  -53.028480404375735 0.52504706026012915 634.31326803533182  -53.049202896551265 0.39555195256705122 634.28745741940611  -53.06314953559815 0.26454105867077038 634.26978541392975  -53.070176260861061 0.13254071830072833 634.26088216273729  -53.070176260861054 -0.085855382369464703 634.26088216273729  -53.067227376037806 -0.17163557652216813 634.26461788499603  -53.061341329021474 -0.25714272602967325 634.27207800300619  -53.052547391524847 -0.34217093522960279 634.28314012775525  -53.040909869084267 -0.42648258935995625 634.29757486755398  -53.018665200524715 -0.55548500751235552 634.32463685367668  -53.009960531773437 -0.60090416308571593 634.33514375393486  -53.000442779114927 -0.64603022444322566 634.34652506053192  -52.990124360683353 -0.69084809047087425 634.35873197864032  -52.979018913179026 -0.73533947591254256 634.37171244671174  -52.923636789398117 -0.94116833193443172 634.43558571833842  -52.869845450999421 -1.0979246465885542 634.495316590622  -52.806264740435012 -1.249928585739756 634.56220780533715  -52.733068019597532 -1.397204712832677 634.63410093073139  -52.650279110015788 -1.5396713409499545 634.70925650600907  -52.458525343135477 -1.8240484931478544 634.86834550343292  -52.348217360399644 -1.9651990757326179 634.95248944153934  -52.225997680149824 -2.1008109781632811 635.03699964362522  -52.090898867287855 -2.230462305906717 635.12038772483436  -51.941783007340391 -2.3530740706171622 635.20082117335846  -51.711322769351106 -2.5125955113944727 635.30614790789502  -51.642554770100851 -2.5570346775940722 635.33557481365665  -51.571239568540101 -2.5998954397328244 635.36396782065947  -51.497324752350345 -2.6410168788999724 635.39114156731591  -51.420766566294674 -2.6802161366636654 635.41689308156128  -51.19299631601011 -2.7867843851421386 635.48619344634176  -51.033786764503276 -2.8493989138014846 635.52599556336065  -50.865370041754545 -2.9026101354664968 635.55815512942797  -50.689447761023182 -2.9445058810556555 635.5808019382697  -50.507904918030903 -2.9737050192128711 635.59255643050324  -50.322747732412708 -2.9893490347814122 635.59255643050324 
 0 7 0.097645141558170459 5 0.14976101596298846 5 0.28318015419921838 5 0.40663234981869867 5 0.50071300881264413 5 0.56165526908786323 5 0.59508878477973959 5 0.71754667663996952 5 0.84828153949271989 5 0.90106084333946002 5 1 7
7 0 0  7 38 7  -50.322747732412715 -2.9893490347814122 635.59255643050335  -50.185252963883322 -3.0009660308611754 635.59255643050335  -50.047043302532806 -3.0052126124270377 635.58625476740269  -49.909308266079556 -3.0019708965092695 635.57353378752293  -49.773241099519225 -2.9913920143352244 635.55452968338875  -49.64001832190938 -2.9738902463215977 635.52963688088801  -49.510782228876316 -2.9501418750196113 635.49950732231605  -49.228413392729735 -2.8840661037366866 635.42112854434265  -49.078081536618136 -2.8383429790311161 635.37007363418797  -48.935713820954959 -2.7852677376700048 635.31306524791307  -48.80125767978658 -2.7260135740554157 635.25117561470029  -48.674558135007715 -2.6615994655157982 635.18536139982177  -48.555387005383345 -2.5929049321080848 635.11646713914888  -48.267663053417756 -2.4072236281858488 634.93334059159929  -48.108774007480974 -2.2844231400274668 634.81505375584356  -47.965501869961962 -2.1546226733560854 634.69276079793349  -47.836449417276135 -2.0192973575294841 634.56817629100681  -47.72025315356538 -1.8791253408586426 634.44251461767681  -47.615791128727274 -1.7341700591665385 634.31666795115393  -47.457855682554836 -1.4800973647677302 634.10599648592563  -47.399159735187041 -1.3746914487432957 634.02128479504813  -47.345459789813354 -1.2668560761052947 633.93777965160996  -47.296437028338566 -1.1558994783039651 633.8557376687038  -47.252205554023817 -1.0414482637019302 633.77606777689743  -47.213047626198041 -0.92343487647285505 633.70055062803362  -47.169532220322914 -0.76655525299619198 633.61167723784342  -47.160177922499962 -0.73087778270427251 633.59219648342616  -47.15127286761566 -0.69482116244229453 633.57329748965378  -47.142827664962347 -0.65837269277913502 633.5550462461531  -47.13485460630006 -0.62151972001699762 633.53751617958881  -47.127367665856504 -0.58424963619141246 633.52078815366463  -47.106775346561221 -0.47311047525118133 633.4740985432893  -47.094928176515232 -0.39726261521093148 633.44629843162897  -47.085197069993235 -0.31974942796874911 633.42270566575462  -47.077764936494304 -0.24105110891480422 633.40423917330088  -47.072732365424869 -0.16144542373608001 633.39157407949551  -47.070176260861054 -0.081071941943086562 633.38514252916309  -47.070176260861054 1.6178169914837781e-12 633.38514252916309 
 0 8 0.14623725830668413 6 0.33258871898642151 6 0.62531444400062819 6 0.82716148942102952 6 0.88579041746681564 6 1 8
7 0 0  7 38 7  -47.070176260861054 1.6179218917943139e-12 633.38514252916309  -47.070176260861054 0.082383655147309234 633.38514252916309  -47.072815750149985 0.16401887249235364 633.39178385502589  -47.078008023243818 0.24484558054251582 633.40485096992381  -47.085671795335863 0.324727732902441 633.4238846702608  -47.095702146600573 0.40338261382630536 633.44817352017185  -47.107907668561197 0.48031424265773681 633.47675371533546  -47.128989433335633 0.59235476028192946 633.52441321748574  -47.136563916376716 0.62953088741527174 633.54128485734714  -47.144621781321241 0.66629175956040132 633.55894491995264  -47.153149291556154 0.70265010236054637 633.57731358841613  -47.162134454178265 0.73861886610079275 633.59631860469767  -47.171567019994164 0.77421122570808509 633.61589526960415  -47.2153157109205 0.93034189075465912 633.70493602061981  -47.254576651984351 1.0477343974653874 633.78038225265777  -47.298867040617168 1.1616090309670803 633.85988618916122  -47.347913873270933 1.2720367529846603 633.94171324498814  -47.401611912101572 1.3793852411767322 634.0249769768335  -47.460277098000603 1.4843272452595178 634.10942217894763  -47.618664020041365 1.7382879763030656 634.32020536477796  -47.723727974520699 1.8835595507410987 634.44643732359509  -47.840614866827842 2.0240190112687797 634.57245797945052  -47.970465354590061 2.1595958938198003 634.69737096065978  -48.114662374934895 2.2895937942264415 634.81994578101933  -48.274620144454339 2.4125058168113123 634.93843996139265  -48.564083956589833 2.5979834749727297 635.12155002989016  -48.683815823777415 2.6664668864119276 635.19030885311702  -48.811111195632108 2.7306234467961543 635.25594481955011  -48.94618744598926 2.7895590867206521 635.31760027058476  -49.089187072498369 2.842242785961663 635.37430775728012  -49.240148634124871 2.8874917806717835 635.42498698800239  -49.521747814042897 2.9521338074182877 635.50204338445599  -49.649422049491925 2.9751106635030808 635.53138080394467  -49.780932001839069 2.9919828086730318 635.55559763141616  -49.915167494139396 3.0021069665995221 635.57407338232315  -50.050986398473114 3.005091744928047 635.58643479552029  -50.187231119516881 3.000798895587296 635.59255643050335  -50.322747732412715 2.9893490347846488 635.59255643050335 
 0 8 0.11599503264023443 6 0.17459337846107775 6 0.37569319323477779 6 0.66933391035166312 6 0.85583324924718951 6 1 8
7 0 0  7 140 24  -47.070176260861054 1.6178169914837781e-12 630.79997033184361  -47.070176260861054 0.082383655147195187 630.79997033184361  -47.072815750149985 0.16401887249252706 630.79332900598058  -47.078008023243811 0.24484558054244956 630.78026189108266  -47.085671795335863 0.32472773290236756 630.76122819074567  -47.095702146600594 0.40338261382646706 630.73693934083451  -47.107907668561175 0.48031424265762324 630.70835914567101  -47.128989433081891 0.59235475893341072 630.66069964409439  -47.136563916388631 0.62953088721144002 630.64382800366639  -47.144621781578465 0.66629176056652584 630.62616794051792  -47.153149291777474 0.7026501034156768 630.60779927210456  -47.162134454100382 0.73861886601947579 630.58879425644113  -47.171567019650624 0.77421122448208113 630.56921759210138  -47.215315710920336 0.93034189075409701 630.480176840387  -47.254576651984664 1.0477343974656979 630.4047306083487  -47.29886704061677 1.1616090309679414 630.32522667184446  -47.347913873271651 1.2720367529841043 630.24339961601879  -47.401611912100726 1.3793852411760632 630.16013588417354  -47.460277098000965 1.4843272452600997 630.07569068205839  -47.618664020041727 1.7382879763036403 629.86490749622806  -47.723727974520216 1.8835595507398617 629.73867553741229  -47.840614866827821 2.0240190112699539 629.61265488155516  -47.970465354590189 2.1595958938189872 629.48774190034703  -48.114662374935307 2.289593794227045 629.36516707998669  -48.274620144453927 2.4125058168110467 629.24667289961417  -48.564083956665463 2.5979834750211879 629.06356283106845  -48.683815823778218 2.666466886401488 628.99480400789821  -48.811111195559725 2.7306234467565043 628.9291680414965  -48.946187445924004 2.7895590867030466 628.86751259044217  -49.089187072518953 2.8422427859794142 628.81080510370907  -49.240148634224219 2.8874917806945879 628.7601258729768  -49.505224569012299 2.9483408416592312 628.68759087366584  -49.615040454460669 2.9688073782436533 628.66173454823661  -49.727775148530796 2.9847961166818502 628.63962807220764  -49.842760994709373 2.9958826805050527 628.62167709341304  -49.959313050146605 3.0017723719149885 628.60816073153171  -50.076733255829659 3.0023001337530499 628.59923123910414  -50.369568435926567 2.9901723880928777 628.58847835781307  -50.543123694633827 2.9710093660202048 628.59236449466823  -50.71323558925571 2.9403108344209654 628.6061967995571  -50.878209118162026 2.8988571291526557 628.62919503622095  -51.036438777547062 2.8478399851023917 628.66018443555276  -51.186443356430054 2.7888838549978048 628.69762989954336  -51.394088356253526 2.6930897676789507 628.75981745798833  -51.459428052830845 2.6606011186005163 628.7810979109106  -51.522931850161875 2.6267349293637672 628.80341368985614  -51.584620591749555 2.5915954489430306 628.82665039378173  -51.644518838483847 2.5552783184184129 628.85070069573101  -51.702654682132376 2.5178704960191216 628.87546416973748  -51.903458748682546 2.3810923358445804 628.9658286820769  -52.036662097725412 2.2759970997896541 629.03493708793928  -52.159295367628182 2.1653553338804978 629.10667997238704  -52.272032253737152 2.0499637002954807 629.17985097924668  -52.375511980277381 1.9302846817391159 629.25344825947036  -52.47026945117203 1.8064895424777525 629.32655759588056  -52.636631401231398 1.5600414299619767 629.46449072349844  -52.709403637954665 1.4380432340409632 629.52949826230963  -52.775204626060074 1.3125580674892103 629.59236824271704  -52.834075848581072 1.1836392481599414 629.65213023164142  -52.885959574531462 1.0513039824686647 629.70765298667277  -52.930707687698131 0.91551604822448973 629.75764881374766  -52.996472795426271 0.66998074440810662 629.83355642292338  -53.020689788178672 0.56139994991610997 629.86246857908702  -53.040321828476024 0.45104985586416074 629.88659374906081  -53.055180027571346 0.33940442661159748 629.90522915823306  -53.065157171387568 0.2268266757077444 629.91787123313168  -53.070176260861054 0.11360632997232763 629.9242306982693  -53.070176260861054 -0.073590327744957149 629.9242306982693  -53.068069914558734 -0.14712694962142364 629.921562325227  -53.063863920599907 -0.22049680481219916 629.9162320514331  -53.057572498665778 -0.29358338711533211 629.90829394739353  -53.049222385113247 -0.36625997926684517 629.89784852188006  -53.038857828615171 -0.43838288726508079 629.88504156197939  -53.019790969849858 -0.54895638853851569 629.86184557387435  -53.01244757998807 -0.58792726149338037 629.85297107857389  -53.004521815968552 -0.62669048386145376 629.84346550330156  -52.996020599787094 -0.66523788131220374 629.83335626414225  -52.986951375682125 -0.70355991488275227 629.82267217720289  -52.977322110134665 -0.74164568097787531 629.81144345861401  -52.929851718322467 -0.9180704147108566 629.75669494007673  -52.885214404827579 -1.0531371281160971 629.70686223389396  -52.833513616391208 -1.1847840403891898 629.65157271911869  -52.774894717218963 -1.3130469259223594 629.59209371621455  -52.709414045431281 -1.4379094637234471 629.52953890876711  -52.637030162828168 -1.5593199660181065 629.46486433247139  -52.470827234258458 -1.8058043834173598 629.32697365264153  -52.375699809866198 -1.9301495652787786 629.25354881363853  -52.271776791987108 -2.0503445088896015 629.1796293694606  -52.158516100490282 -2.1662163679165771 629.10614070277632  -52.035269543915881 -2.2772958913222263 629.03409756635153  -51.901354245219984 -2.3827735943290214 628.96472343146922  -51.654687727994997 -2.5503659257245248 628.8539916478212  -51.547457723087327 -2.6161484438431999 628.810373016673  -51.434376884346193 -2.6782082231508357 628.76930229893458  -51.3154115298723 -2.7359240897786781 628.73144718820447  -51.19057547000331 -2.7886262333660565 628.69751972914958  -51.059941141518514 -2.8355910013913292 628.66827765917049  -50.756103722492803 -2.9257559058435656 628.61532661656349  -50.579330719387762 -2.9658240949098085 628.59430583716801  -50.396288565378441 -2.9938037381465787 628.58357464109963  -50.210103015463268 -3.0083290758938404 628.58440557032861  -50.023978031398805 -3.0090376226853848 628.59714903995189  -49.841103117184574 -2.9965436427646011 628.62119804581187  -49.552466458667872 -2.9571566072107083 628.67646333137111  -49.443120065218956 -2.9372119911192232 628.70182051646782  -49.33677321717083 -2.9129876087007962 628.73075012484264  -49.233655087762209 -2.8848678638651473 628.76290396934678  -49.133970239500727 -2.8532541378369194 628.79790982264501  -49.037898532288111 -2.8185662297190044 628.83537311438135  -48.866205511056776 -2.7491430640527859 628.90885701253626  -48.789465341467867 -2.715037594196879 628.94440528046232  -48.715323279059078 -2.6791267259583114 628.98134064042108  -48.6437208280297 -2.6415886122980967 629.01949686741614  -48.574592751371718 -2.6025804142949327 629.05872436466086  -48.507867581743753 -2.562238494772036 629.09889022508105  -48.267663053418289 -2.4072236281861903 629.25177226940684  -48.10877400748204 -2.2844231400281769 629.37005910516211  -47.965501869958921 -2.1546226733542904 629.49235206307492  -47.836449417278295 -2.0192973575302444 629.61693656999864  -47.720253153565203 -1.879125340859245 629.74259824332921  -47.615791128726954 -1.7341700591660261 629.868444909853  -47.457855682554026 -1.4800973647664328 630.07911637508187  -47.399159735187936 -1.3746914487446145 630.16382806595732  -47.345459789813034 -1.2668560761047947 630.24733320939674  -47.296437028338943 -1.1558994783051642 630.32937519230211  -47.252205554023433 -1.0414482637007194 630.40904508410972  -47.213047626198048 -0.92343487647289502 630.48456223297285  -47.169532221047568 -0.76655525560864368 630.57343562168342  -47.160177922665369 -0.73087778287678185 630.59291637729712  -47.151272867150361 -0.69482116019290618 630.61181537237701  -47.142827664420274 -0.65837269063484005 630.63006661598672  -47.134854606273542 -0.62151972045224058 630.64759668140664  -47.127367666389219 -0.58424963906659777 630.66432470613415  -47.106775346561221 -0.47311047525117145 630.71101431771706  -47.094928176515232 -0.39726261521114642 630.73881442937738  -47.085197069993242 -0.31974942796862527 630.76240719525197  -47.077764936494312 -0.24105110891463907 630.78087368770559  -47.072732365424848 -0.16144542373623372 630.79353878151107  -47.070176260861054 -0.08107194194309951 630.79997033184361  -47.070176260861054 1.6178169914837781e-12 630.79997033184361 
 0 8 0.031309872375454968 6 0.047126986449263192 6 0.10140869961429289 6 0.18066944482282077 6 0.23101013577604546 6 0.26468707959216853 6 0.31488222798964943 6 0.33889561430987569 6 0.40037103511039124 6 0.45725399637784736 6 0.50060346014080126 6 0.52868377262670463 6 0.54408890469587701 6 0.60051372146960458 6 0.66206016257483458 6 0.70505667623364288 6 0.75791394074522955 6 0.79147427537880422 6 0.82033925723274848 6 0.89913822928004794 6 0.95347352792655982 6 0.96925587476437958 6 1 8
2 -50.070176260861061 -9.9999999999983817 654.07906861429058 0 -1 0 0 -0 -1 1 0 0 3.5
1 -50.070176260861068 1.6183174909744876e-12 650.57906861429058 0 -1 0 
7 0 0  7 38 7  -53.070176260860997 6.000016141705089e-07 652.27629297655847  -53.070176280689729 -0.099143031417496877 652.27629300955539  -53.066353740636252 -0.19780851074650144 652.26993209848604  -53.058774958456475 -0.29580600333199747 652.25731965037187  -53.047519195035875 -0.39290338848689138 652.23878205288963  -53.032696307040474 -0.48877621831752233 652.21486681282181  -53.014500062859256 -0.58296030823501177 652.18633418552872  -52.956728169985674 -0.83321591533334738 652.09860423077441  -52.910877370125448 -0.98613665530841388 652.03165653448525  -52.85641347159806 -1.1339666955388275 651.95643357062954  -52.793728542177014 -1.2768373110076014 651.87563676972081  -52.7230661005634 -1.4149611121635433 651.7911782844717  -52.644265628586183 -1.5487448914380828 651.70428879952658  -52.465812749530023 -1.8130784365992629 651.52415831525957  -52.365872406011455 -1.9428172008812872 651.43116072528471  -52.25627234592617 -2.068080961300196 651.33791939210573  -52.136268324127514 -2.1887541503464969 651.2453804566843  -52.004978284969198 -2.3043045804954474 651.15461381671116  -51.861482834978304 -2.4137277600696074 651.06699804551681  -51.645173861330001 -2.5543024604319808 650.95273700205848  -51.583486117480469 -2.5920366986834624 650.92187320889639  -51.519818628074638 -2.6285802812979258 650.89181215041674  -51.454129838984905 -2.6638286577277226 650.86266609454981  -51.386382719309658 -2.6976648809257928 650.83455695993177  -51.316545027083393 -2.7299596250450855 650.80761642887444  -51.186568305182966 -2.7852548453070036 650.7613190158653  -51.127156908108944 -2.8088496036805108 650.74149908017625  -51.066381299511427 -2.8312627558007528 650.72261614489514  -51.004270922144769 -2.8524024441763003 650.70475899917517  -50.940858745771301 -2.8721776762820448 650.68801532969587  -50.876181267161222 -2.8904983245591884 650.6724717206622  -50.710745543165039 -2.9326131386406971 650.63667968830555  -50.608233064257 -2.9544762694295659 650.61803787831479  -50.503275849438388 -2.97242789605817 650.60269178525834  -50.396424244326042 -2.9861354285675552 650.59095270597822  -50.288241124762941 -2.995368973893811 650.58303786624833  -50.179298857497201 -2.9999999999983822 650.57906861429058  -50.070176260861054 -2.9999999999983822 650.57906861429058 
 0 8 0.15214651392195208 6 0.41455532487869828 6 0.68631594701951859 6 0.79004125494707589 6 0.87368014402972027 6 1 8
2 -50.070176260861061 1.6183174909744876e-12 654.07906861429058 0 -1 0 0 -0 -1 1 0 0 3.5
7 0 0  7 38 7  -50.070176260861054 -2.9999999999983822 650.57906861429058  -49.960877107765278 -2.9999999999983822 650.57906861429058  -49.851772403166208 -2.9953539584954325 650.58305072677024  -49.743438242935603 -2.9860926411552566 650.59098937286103  -49.636444007568443 -2.9723459892882587 650.60276193184939  -49.531349411686897 -2.9543444808167272 650.61815055144064  -49.428701553544407 -2.9324204912420266 650.63684395802318  -49.262407630067798 -2.890023730466345 650.67287469400321  -49.197038282282982 -2.8714606274260492 650.6886232900099  -49.132964512078061 -2.8514126097172188 650.70559668603369  -49.070223257014767 -2.8299727411690374 650.7237054526247  -49.008847801313777 -2.8072348852135645 650.74285909980267  -48.948867775854772 -2.7832937048857334 650.76296607705729  -48.819348922923503 -2.7278907031829958 650.80934203468189  -48.750455305309899 -2.6959012688428481 650.83602166975834  -48.68360163911418 -2.6624124781025165 650.86383657258625  -48.618756469945659 -2.6275486418710043 650.89266007280969  -48.555883804844015 -2.5914222449429403 650.92237482696748  -48.494943361879095 -2.5541339272748096 650.95287270975393  -48.280737319633822 -2.4149823064215483 651.06598167356844  -48.138408637602765 -2.3066488333561148 651.1527403124403  -48.00807446819686 -2.1922856039198666 651.24260961061532  -47.888839911013164 -2.0728757367176858 651.33424457435956  -47.779843857884849 -1.9489447210377655 651.42660000784974  -47.680355702427747 -1.8206127175929825 651.51875512379331  -47.502528233551246 -1.5592595346180274 651.6973658089928  -47.423907941676156 -1.4270462422619885 651.78357222304044  -47.353291230184041 -1.2905970050419779 651.86745855420554  -47.290499940263231 -1.1495131166775572 651.94785485465013  -47.23575168468814 -1.0035784856855192 652.02294496829086  -47.189417015254158 -0.85266291101650005 652.09015248540732  -47.129565134095408 -0.60187296504027288 652.18052299836825  -47.110174134009512 -0.50479850815465721 652.21080893544411  -47.094365667473184 -0.40589312548386575 652.23625957025877  -47.082354804932926 -0.30566195870213908 652.25602614407183  -47.074262061343063 -0.20445115917081561 652.26949401623858  -47.070176260861054 -0.1025006180532311 652.27629297655858  -47.070176260861054 1.617372902273928e-12 652.27629297655858 
 0 8 0.12652232713028086 6 0.21109642764555014 6 0.31358173735385042 6 0.58284964587530352 6 0.84276398570003797 6 1 8
1 -33.460560831170206 -8.0660109007530476 49.012350941795034 -0.9740606754877954 -0.22628698183968091 4.8147146283429873e-05 
7 0 0  6 47 10  -34.574876615229876 -3.2700750818807607 45.814990551249693  -34.605801446869506 -3.3887660741227901 45.766630621456272  -34.634353264257513 -3.5113675761734839 45.721640726261754  -34.660180296720718 -3.6377973715641398 45.680456563978808  -34.682923427341159 -3.7679395197220971 45.643544347435522  -34.702222957150688 -3.9016424013862641 45.611405341837056  -34.724804713089128 -4.1013132505134067 45.572330504742482  -34.731089940862702 -4.1645925021956671 45.56119282182199  -34.736544236098666 -4.228499939945908 45.551224498878454  -34.741134704392834 -4.2929801713328475 45.542479548306005  -34.744832373484407 -4.3579769906174297 45.535008849879929  -34.752873886257142 -4.5473304108028696 45.51722178215654  -34.754851887329409 -4.6729815993701642 45.510309924626327  -34.753351800964218 -4.7996756528014961 45.508494440445247  -34.748291821425084 -4.9267152060167998 45.512021417323126  -34.739699147913043 -5.0534198990932113 45.521011262476364  -34.718104341998064 -5.2797794823028301 45.54702269065551  -34.706332153907198 -5.3796919831646752 45.562074427813329  -34.692467561622976 -5.4785108065250672 45.580592419852564  -34.676633625889828 -5.5758938626521042 45.602499896264234  -34.658994128055014 -5.6715146541464359 45.62766048251018  -34.612309423428663 -5.8984450518003628 45.696104804371089  -34.581640953335935 -6.0274440641543512 45.742492114143914  -34.548227822598705 -6.151717832709787 45.794592604868754  -34.512592789153253 -6.2709691255578486 45.851899164681583  -34.475279921184054 -6.3849489715001235 45.913834879101486  -34.406298416278119 -6.5796604459040511 46.032104927027703  -34.375017090777249 -6.6624927339981985 46.087023162231958  -34.343208137263581 -6.7420061684340675 46.14427924678003  -34.311070538071718 -6.8182564332435174 46.203666734352282  -34.278787570326699 -6.8913047345582035 46.264993428792053  -34.221945585160945 -7.0144883459644101 46.376151508542989  -34.197372699755597 -7.0659485299104459 46.425253205809014  -34.17287721435796 -7.1156371357311583 46.47531784302798  -34.148522910664866 -7.1635929610849098 46.526283875491885  -34.124368287439943 -7.2098548180049695 46.578096846660358  -34.02499892935915 -7.3953033690168368 46.796828927903903  -33.952013830342054 -7.5197177462641696 46.971007120135482  -33.883245239382092 -7.6288005750941981 47.15167472173745  -33.820049858005255 -7.7234859359826684 47.337717730129896  -33.763542030665583 -7.8045086042356742 47.528352303761565  -33.662582153473615 -7.944607267177493 47.930387081866982  -33.619158826299227 -8.0019031243496581 48.142340356202624  -33.585674439541684 -8.0445906078152358 48.357581308927905  -33.563029463176683 -8.072970159109639 48.575001503067682  -33.551689997065516 -8.087181392927663 48.793589436733114  -33.551689997065516 -8.087181392927663 49.012355446246744 
 0 7 0.1078033716669502 5 0.15703294434868387 5 0.2502155674372275 5 0.32482273113200161 5 0.43119671982861985 5 0.51570102429126541 5 0.58008942316722523 5 0.78339021193382385 5 1 7
2 -34.252565268527079 -4.6567985325942356 49.012350941795034 -0.9740606754877954 -0.22628698183968085 4.8147146283429873e-05 0.22628698210196418 -0.97406067661680362 -1.6940658945086003e-21 4.6898241886005926e-05 1.0895072429299146e-05 0.99999999884092616 3.5
7 0 0  6 47 10  -33.551689997065516 -8.087181392927663 49.012355446246744  -33.551689997065516 -8.087181392927663 49.232107171624293  -33.563131878278099 -8.0728418055560454 49.451676709509179  -33.585980596504143 -8.0442069236191376 49.670062499787292  -33.619761626725122 -8.0011345398160589 49.886240603976361  -33.663558768054152 -7.9433183706949118 50.099087927197751  -33.764856950434833 -7.8026205776185558 50.500779510063111  -33.821170776713899 -7.7217999744222867 50.6902694157585  -33.884081975235084 -7.6274595748597331 50.875206958415234  -33.952492972565373 -7.518874863582349 51.054819670237926  -34.02506879008267 -7.3951261421962915 51.228011301555661  -34.123956831025168 -7.2106374438417529 51.44575984238665  -34.148060618789778 -7.164491387058562 51.497483826204508  -34.172363994566943 -7.1166584688209635 51.54836487246908  -34.196808849498645 -7.0671001054700922 51.598348912717491  -34.221331839690649 -7.0157777324041657 51.647374817271178  -34.278082693500949 -6.8928844551649044 51.758411681283754  -34.310325334234506 -6.8199901603429209 51.819694472979762  -34.3424256608318 -6.7439032023079877 51.879045861919167  -34.374201371570408 -6.6645623601469364 51.936274690545417  -34.40545451058685 -6.5819119093379976 51.991175552150132  -34.473856393337556 -6.3891251399678337 52.10852211664362  -34.51064962054064 -6.277050086235719 52.169662365066472  -34.545830650291123 -6.1598590773684245 52.226329608215686  -34.578881706023836 -6.0377821874759219 52.277974286232002  -34.609303486228356 -5.9110945162755302 52.324110223374788  -34.656559856192395 -5.684594071369494 52.393622216974642  -34.67482713327864 -5.5868678202506041 52.41975498876841  -34.691215132522409 -5.4872653686995685 52.442487723727645  -34.705545580775492 -5.3861360464724291 52.461670468687231  -34.717684778440194 -5.2838464076311435 52.477218815438071  -34.739731273378517 -5.053486074683077 52.503798620560197  -34.748428093082026 -4.9251669167146792 52.512890917565528  -34.753500831911204 -4.7965063861836779 52.516379713833231  -34.75492185716935 -4.6682109055587686 52.514390792462059  -34.752778150393411 -4.5410047069504298 52.507182044294233  -34.744397407029744 -4.3500631224541824 52.488845114604743  -34.74059963504132 -4.2849673288753509 52.481224471490044  -34.735907298740322 -4.2203959269255753 52.472327838710363  -34.730349802512166 -4.1564047900995451 52.462206601507006  -34.723960436949682 -4.0930489473510168 52.450915214564411  -34.701226147774136 -3.8947382951442129 52.411662134404054  -34.681962930049579 -3.7624159698598381 52.379618471722885  -34.659331066837794 -3.6335966069189678 52.342905473298082  -34.63368030423608 -3.5084249663313387 52.302009803449671  -34.605359362455587 -3.3870114299658707 52.257383842261902  -34.57470950499625 -3.269433863079394 52.209449996358728 
 0 7 0.21756069937856823 5 0.41970915520651675 5 0.48396448282128413 5 0.56835025533660855 5 0.67311000157730072 5 0.74950762025077067 5 0.84386130067455889 5 0.89320128568215817 5 1 7
3 -29.252577674576198 4.6567994455399759 -101074.49039539479 -0.9740606485841552 0.22628709764735797 -4.8147170923862668e-05 -4.6898264591948446e-05 1.0895083580920361e-05 0.99999999884092494 0.22628709790964166 0.97406064971316453 1.6940658945086007e-21 114233.08772798725 5.5
1 -23.752577674576198 4.6567994455399742 76.014624690630285 0 0 1 
2 -29.252577674576198 4.6567994455399759 76.014624690630285 0 0 1 1 0 -0 -0 1 0 5.5
2 -29.252577674576198 4.6567994455399759 84.014624690630285 0 0 1 1 0 -0 -0 1 0 5.5
1 -47.070176260861061 1.6175827028949991e-12 619.07906861429058 0 0 1 
2 -50.070176260861061 1.6183174909744876e-12 654.07906861429058 0 0 1 1 0 -0 -0 1 0 3
1 -53.070176260861061 1.6183174909744876e-12 619.07906861429058 0 0 1 
3 -50.070176260861061 1.6183174909744876e-12 619.07906861429058 -0.70710678118654757 0 0.70710678118654757 -0.70710678118654746 0 -0.70710678118654746 -0 -1 0 4.2426406871192848 3
2 -50.070176260861061 1.6183174909744876e-12 619.07906861429058 0 0 1 1 0 -0 -0 1 0 3
3 -50.070176260861061 1.6183174909744876e-12 619.07906861429058 -0.70710678118654757 0 0.70710678118654757 -0.70710678118654746 0 -0.70710678118654746 -0 -1 0 4.2426406871192848 3
1 -50.070176260861061 1.6183174909744876e-12 654.07906861429058 1 0 -0 
1 -23.752565268527082 -4.6567985325942374 45.012350941795034 0 0 1 
2 -29.252565268527082 -4.6567985325942356 45.012350941795034 0 0 1 1 0 -0 -0 1 0 5.5
2 -29.252565268527082 -4.6567985325942356 53.012350941795034 0 0 1 1 0 -0 -0 1 0 5.5
3 -29.252565268527082 -4.6567985325942356 101203.57193311834 -0.97406067548779551 -0.22628698183968088 4.814714628342988e-05 4.6898241886005932e-05 1.0895072429299149e-05 0.99999999884092627 -0.22628698210196418 0.97406067661680362 1.6940658945086003e-21 114233.14618945251 5.5
2 -29.252577674576198 4.6567994455399759 76.014624690630285 0 0 1 1 0 -0 -0 1 0 3.1499999999999999
2 -29.252577674576198 4.6567994455399759 84.014624690630285 0 0 1 1 0 -0 -0 1 0 3.1499999999999999
3 13.929823739138936 1.6183174909744876e-12 619.07906861429058 -0.70710678118654757 0 0.70710678118654757 0.70710678118654746 0 0.70710678118654746 0 1 -0 4.2426406871192848 3
2 13.929823739138936 1.6183174909744876e-12 619.07906861429058 -1 0 0 0 0 -1 -0 -1 -0 3
3 13.929823739138936 1.6183174909744876e-12 619.07906861429058 -0.70710678118654757 0 0.70710678118654757 0.70710678118654746 0 0.70710678118654746 0 1 -0 4.2426406871192848 3
1 13.929823739138936 1.6190522790539762e-12 616.07906861429058 -1 0 0 
2 -50.070176260861061 1.6183174909744876e-12 619.07906861429058 -1 0 0 0 0 -1 -0 -1 -0 3
1 -50.070176260861061 1.6183174909744876e-12 619.07906861429058 0 1 -0 
2 -29.252565268527082 -4.6567985325942356 45.012350941795034 0 0 1 1 0 -0 -0 1 0 3.1499999999999999
2 -29.252565268527082 -4.6567985325942356 53.012350941795034 0 0 1 1 0 -0 -0 1 0 3.1499999999999999
1 -26.102577674576199 4.656799445539975 75.014624690630285 0 0 1 
2 13.929823739138936 1.6183174909744876e-12 607.07906861429058 0 0 1 1 0 -0 -0 1 0 3
1 13.879823739138935 -2.9995833043925106 599.07906861429058 0 0 1 
2 13.929823739138936 1.6183174909744876e-12 599.07906861429058 0 0 1 1 0 -0 -0 1 0 3
1 13.879823739138935 2.9995833043957472 599.07906861429058 0 0 1 
2 13.929823739138936 1.6183174909744876e-12 607.07906861429058 0 0 1 1 0 -0 -0 1 0 3
1 16.929823739138936 1.6175827028949991e-12 599.07906861429058 0 0 1 
2 13.929823739138936 1.6183174909744876e-12 619.07906861429058 0 0 1 1 0 -0 -0 1 0 3
1 13.929823739138936 1.6183174909744876e-12 619.07906861429058 0 -1 0 
1 -26.102565268527083 -4.6567985325942365 44.012350941795034 0 0 1 
1 -12 -10 -8.0500000000000007 0 1 0 
1 -12 10 -12.050000000000001 0 0 1 
1 -12 -10 -12.050000000000001 0 1 0 
1 -12 -10 -12.050000000000001 0 0 1 
1 -28 10 -12.050000000000001 1 0 0 
1 13.879823739138935 5.0000000000016174 599.07906861429058 1.2246467991473532e-16 -1 0 
1 -28 -10 -12.050000000000001 1 0 0 
1 -28 -10 -12.050000000000001 0 1 0 
2 -20 -6 -12.050000000000001 0 0 1 1 0 -0 -0 1 0 1.7
2 -20 6 -12.050000000000001 0 0 1 1 0 -0 -0 1 0 1.7
1 -28 -10 -8.0500000000000007 0 1 0 
1 -28 10 -8.0500000000000007 1 0 0 
1 -28 -10 -8.0500000000000007 1 0 0 
2 -20 -6 -8.0500000000000007 0 0 1 1 0 -0 -0 1 0 1.7
2 -20 6 -8.0500000000000007 0 0 1 1 0 -0 -0 1 0 1.7
1 -28 10 -12.050000000000001 0 0 1 
1 -28 -10 -12.050000000000001 0 0 1 
1 -18.300000000000001 -6 -12.15 0 0 1 
1 -18.300000000000001 6 -12.15 0 0 1 
Polygon3D 0
PolygonOnTriangulations 0
Surfaces 53
1 -36.25257147155164 -9.6567985325942356 95.01348781621266 1 0 0 0 0 1 0 -1 0 
2 -35.25257147155164 6.0000004564728702 100.01348781621266 -0.84366148773210747 0 -0.53687549219315922 0.53687549219315922 0 -0.84366148773210747 0 -1 -0 3.5
2 -35.25257147155164 -5.9999995435271298 100.01348781621266 -0.84366148773210747 0 -0.53687549219315922 0.53687549219315922 0 -0.84366148773210747 0 -1 -0 3.5
1 -36.25257147155164 -9.6567985325942356 95.01348781621266 0 1 0 0 0 1 1 0 0 
1 -36.25257147155164 -9.6567985325942356 105.01348781621266 0 0 1 1 0 0 0 1 0 
2 -29.252565268527082 -4.6567985325942356 23.012350941795034 0 0 1 1 0 -0 -0 1 0 3.1499999999999999
2 -29.252577674576198 4.6567994455399759 23.014624690630285 0 0 1 1 0 -0 -0 1 0 3.1499999999999999
1 -36.25257147155164 -9.6567985325942356 95.01348781621266 0 0 1 1 0 0 0 1 0 
1 -36.25257147155164 9.6567994455399759 95.01348781621266 0 1 0 0 0 1 1 0 0 
2 -57.25257147155164 10.00000045647287 3.0134878162126597 0 0 1 1 0 -0 -0 1 0 3.5
1 -35.25257147155164 6.0000004564728702 100.01348781621266 -0.84366148773210747 0 -0.53687549219315922 0.53687549219315922 0 -0.84366148773210747 0 -1 -0 
2 -57.25257147155164 -9.9999995435271298 3.0134878162126597 0 0 1 1 0 -0 -0 1 0 3.5
1 -35.25257147155164 -5.9999995435271298 100.01348781621266 -0.84366148773210747 0 -0.53687549219315922 0.53687549219315922 0 -0.84366148773210747 0 -1 -0 
1 -22.25257147155164 -9.6567985325942356 95.01348781621266 1 0 0 0 0 1 0 -1 0 
1 -57.25257147155164 6.0000004564728702 86.01348781621266 -0.84366148773210747 0 -0.53687549219315922 0.53687549219315922 0 -0.84366148773210747 0 -1 -0 
1 -57.25257147155164 10.00000045647287 86.01348781621266 0 0 1 1 0 -0 -0 1 0 
2 -34.252577674576202 4.6567994455399759 80.014624690630285 -0.9740606485841552 0.22628709764735794 -4.8147170923862661e-05 -0.22628709790964169 -0.97406064971316464 0 -4.6898264591948453e-05 1.0895083580920363e-05 0.99999999884092505 3.5
2 -57.25257147155164 -9.9999995435271298 13.01348781621266 0 1 0 0 -0 1 1 0 -0 3.5
1 -57.25257147155164 -5.9999995435271298 86.01348781621266 -0.84366148773210747 0 -0.53687549219315922 0.53687549219315922 0 -0.84366148773210747 0 -1 -0 
2 -50.070176260861061 1.6183174909744876e-12 654.07906861429058 0 -1 0 0 -0 -1 1 0 0 3.5
2 -34.252565268527079 -4.6567985325942356 49.012350941795034 -0.9740606754877954 -0.22628698183968091 4.8147146283429873e-05 0.22628698210196421 -0.97406067661680373 0 4.6898241886005932e-05 1.0895072429299149e-05 0.99999999884092627 3.5
1 -50.070176260861061 -9.9999999999983817 654.07906861429058 0 -1 0 0 -0 -1 1 0 0 
1 -57.25257147155164 -9.9999995435271298 86.01348781621266 0 0 1 1 0 -0 -0 1 0 
2 -29.252577674576198 4.6567994455399759 76.014624690630285 0 0 1 1 0 -0 -0 1 0 5.5
1 -57.25257147155164 10.00000045647287 3.0134878162126597 0 0 1 1 0 -0 -0 1 0 
2 -50.070176260861061 1.6183174909744876e-12 619.07906861429058 0 0 1 1 0 -0 -0 1 0 3
1 -57.25257147155164 -9.9999995435271298 3.0134878162126597 0 0 1 1 0 -0 -0 1 0 
1 -50.070176260861061 1.6183174909744876e-12 654.07906861429058 0 -1 0 0 -0 -1 1 0 0 
2 -29.252565268527082 -4.6567985325942356 45.012350941795034 0 0 1 1 0 -0 -0 1 0 5.5
1 -34.252577674576202 4.6567994455399759 80.014624690630285 -0.9740606485841552 0.22628709764735794 -4.8147170923862661e-05 -0.22628709790964169 -0.97406064971316464 0 -4.6898264591948453e-05 1.0895083580920363e-05 0.99999999884092505 
1 -50.070176260861061 1.6183174909744876e-12 654.07906861429058 0 0 1 1 0 -0 -0 1 0 
2 13.929823739138936 1.6183174909744876e-12 619.07906861429058 -1 0 0 0 0 -1 -0 -1 -0 3
1 -50.070176260861061 1.6183174909744876e-12 619.07906861429058 0 0 1 1 0 -0 -0 1 0 
1 -34.252565268527079 -4.6567985325942356 49.012350941795034 -0.9740606754877954 -0.22628698183968091 4.8147146283429873e-05 0.22628698210196421 -0.97406067661680373 0 4.6898241886005932e-05 1.0895072429299149e-05 0.99999999884092627 
1 -29.252577674576198 4.6567994455399759 76.014624690630285 0 0 1 1 0 -0 -0 1 0 
2 -29.252577674576198 4.6567994455399759 75.014624690630285 0 0 1 1 0 -0 -0 1 0 3.1499999999999999
1 -29.252577674576198 4.6567994455399759 84.014624690630285 0 0 1 1 0 -0 -0 1 0 
2 13.929823739138936 1.6183174909744876e-12 599.07906861429058 0 0 1 1 0 -0 -0 1 0 3
1 13.929823739138936 1.6183174909744876e-12 619.07906861429058 -1 0 0 0 0 -1 -0 -1 -0 
1 -50.070176260861061 1.6183174909744876e-12 619.07906861429058 -1 0 0 0 0 -1 -0 -1 -0 
1 -29.252565268527082 -4.6567985325942356 45.012350941795034 0 0 1 1 0 -0 -0 1 0 
2 -29.252565268527082 -4.6567985325942356 44.012350941795034 0 0 1 1 0 -0 -0 1 0 3.1499999999999999
1 -29.252565268527082 -4.6567985325942356 53.012350941795034 0 0 1 1 0 -0 -0 1 0 
1 -12 -10 -12.050000000000001 1 0 0 0 0 1 0 -1 0 
1 -28 -10 -12.050000000000001 0 0 1 1 0 0 0 1 0 
1 13.929823739138936 1.6183174909744876e-12 599.07906861429058 0 0 1 1 0 -0 -0 1 0 
1 13.929823739138936 1.6183174909744876e-12 619.07906861429058 0 0 1 1 0 -0 -0 1 0 
1 -28 -10 -8.0500000000000007 0 0 1 1 0 0 0 1 0 
2 -20 -6 -12.15 0 0 1 1 0 -0 -0 1 0 1.7
2 -20 6 -12.15 0 0 1 1 0 -0 -0 1 0 1.7
1 -28 10 -12.050000000000001 0 1 0 0 0 1 1 0 0 
1 -28 -10 -12.050000000000001 0 1 0 0 0 1 1 0 0 
1 -28 -10 -12.050000000000001 1 0 0 0 0 1 0 -1 0 
Triangulations 0

TShapes 379
Ve
1e-07
-36.2525714715516 -9.65679853259424 105.013487816213
0 0

0101101
*
Ve
1e-07
-36.2525714715516 -9.65679853259424 95.0134878162127
0 0

0101101
*
Ed
 1e-07 1 1 0
1  1 0 0 10
0

0101000
-379 3 +378 3 *
Ve
1e-07
-36.2525714715516 9.65679944553998 105.013487816213
0 0

0101101
*
Ed
 1e-07 1 1 0
1  2 0 0 19.3135979781342
0

0101000
-376 3 +379 3 *
Ve
1e-07
-36.2525714715516 9.65679944553998 95.0134878162127
0 0

0101101
*
Ed
 1e-07 1 1 0
1  3 0 0 19.3135979781342
0

0101000
-374 3 +378 3 *
Ed
 1e-07 1 1 0
1  4 0 0 10
0

0101000
-376 3 +374 3 *
Wi

0101100
-377 2 -375 2 +373 2 +372 2 *
Ve
1.00000001776357e-07
-36.2525714715516 6.00000045647287 95.2285408310837
0 0

0101101
*
Ve
1.5e-07
-36.2525714715516 8.96321024400023 101.584916387641
0 0

0101101
*
Ed
 1e-07 1 1 0
1  5 0 0 2.13196947524063
2  1 2 0 0 2.13196947524063
0

0101000
+370 0 -369 0 *
Ve
1.5e-07
-36.2525714715516 3.03679066894551 101.584916387641
0 0

0101101
*
Ed
 1.5e-07 1 1 0
1  6 0 4.86518970700619 10.7916092820609
0

0101000
+367 0 -369 0 *
Ed
 1e-07 1 1 0
1  7 0 4.15121583193896 6.28318530717959
2  2 2 0 4.15121583193896 6.28318530717959
0

0101000
+367 0 -370 0 *
Wi

0101100
-368 0 +366 0 -365 0 *
Ve
1.00000001776357e-07
-36.2525714715516 -5.99999954352713 95.2285408310837
0 0

0101101
*
Ve
1.5e-07
-36.2525714715516 -3.03678975599977 101.584916387641
0 0

0101101
*
Ed
 1e-07 1 1 0
1  8 0 0 2.13196947524063
2  3 3 0 0 2.13196947524063
0

0101000
+363 0 -362 0 *
Ve
1.5e-07
-36.2525714715516 -8.96320933105449 101.584916387641
0 0

0101101
*
Ed
 1e-07 1 1 0
1  9 0 4.15121583193896 6.28318530717959
2  4 3 0 4.15121583193896 6.28318530717959
0

0101000
+360 0 -363 0 *
Ed
 1.5e-07 1 1 0
1  10 0 -1.13481029299381 4.79160928206092
0

0101000
+360 0 -362 0 *
Wi

0101100
-361 0 -359 0 +358 0 *
Fa
0  1e-07 1 2

0101000
+371 0 +364 0 +357 0 *
Ve
1e-07
-22.2525714715516 -9.65679853259424 95.0134878162127
0 0

0101101
*
Ed
 1e-07 1 1 0
1  11 0 0 14
0

0101000
-355 3 +378 3 *
Ve
1e-07
-22.2525714715516 -9.65679853259424 105.013487816213
0 0

0101101
*
Ed
 1e-07 1 1 0
1  12 0 0 10
0

0101000
-353 3 +355 3 *
Ed
 1e-07 1 1 0
1  13 0 0 14
0

0101000
-353 3 +379 3 *
Wi

0101100
-354 0 -352 0 +351 0 +377 0 *
Fa
0  1e-07 4 0

0111000
+350 0 *
Ve
1e-07
-22.2525714715516 9.65679944553998 105.013487816213
0 0

0101101
*
Ed
 1e-07 1 1 0
1  14 0 0 14
0

0101000
-348 3 +376 3 *
Ed
 1e-07 1 1 0
1  15 0 0 19.3135979781342
0

0101000
-348 3 +353 3 *
Wi

0101100
-375 2 -347 2 +351 2 +346 2 *
Ve
1.00000000888178e-07
-26.1025652685271 -4.65679853259424 105.013487816213
0 0

0101101
*
Ed
 1e-07 1 1 0
1  16 0 0 6.28318530717959
2  5 6 0 0 6.28318530717959
0

0101100
+344 0 -344 0 *
Wi

0101100
-343 0 *
Ve
1.00000000888178e-07
-26.1025776745762 4.65679944553998 105.013487816213
0 0

0101101
*
Ed
 1e-07 1 1 0
1  17 0 0 6.28318530717959
2  6 7 0 0 6.28318530717959
0

0101100
+341 0 -341 0 *
Wi

0101100
-340 0 *
Fa
0  1e-07 5 2

0101000
+345 0 +342 0 +339 0 *
Ve
1e-07
-22.2525714715516 9.65679944553998 95.0134878162127
0 0

0101101
*
Ed
 1e-07 1 1 0
1  18 0 0 14
0

0101000
-337 3 +374 3 *
Ed
 1e-07 1 1 0
1  19 0 0 19.3135979781342
0

0101000
-337 3 +355 3 *
Wi

0101100
-373 2 -336 2 +354 2 +335 2 *
Ve
1.00000000888178e-07
-26.1025652685271 -4.65679853259424 95.0134878162127
0 0

0101101
*
Ed
 1e-07 1 1 0
1  20 0 0 6.28318530717959
2  7 6 0 0 6.28318530717959
0

0101100
+333 0 -333 0 *
Wi

0101100
-332 0 *
Ve
1.00000000888178e-07
-26.1025776745762 4.65679944553998 95.0134878162127
0 0

0101101
*
Ed
 1e-07 1 1 0
1  21 0 0 6.28318530717959
2  8 7 0 0 6.28318530717959
0

0101100
+330 0 -330 0 *
Wi

0101100
-329 0 *
Fa
0  1e-07 8 2

0101000
+334 0 +331 0 +328 0 *
Ed
 1e-07 1 1 0
1  22 0 0 10
0

0101000
-348 3 +337 3 *
Wi

0101100
-336 0 -326 0 +347 0 +372 0 *
Fa
0  1e-07 9 0

0111000
+325 0 *
Ve
1e-07
-55.3735072488756 6.00000045647287 83.0606726091503
0 0

0101101
*
Ed
 1e-07 1 1 0
1  23 0 3.41258225549139 26.0768096208106
3  9 10CN 2 0 3.41258225549139 26.0768096208106
0

0101000
+370 0 -323 0 *
Ed
 1e-07 1 1 0
1  24 0 2.13196947524063 4.15121583193896
2  11 2 0 2.13196947524063 4.15121583193896
0

0101000
+367 0 -369 0 *
Ve
1.5e-07
-57.2525714715516 9.50000045647287 86.0134878162127
0 0

0101101
*
Ed
 1e-07 1 1 0
1  25 0 0 4.71238898038469
2  12 2 0 0 4.71238898038469
0

0101000
+323 0 -320 0 *
Ve
1.00000033704001e-07
-53.8981364050076 9.00111838918972 86.0134878162127
0 0

0101101
*
Ed
 1e-07 1 1 0
1  26 0 4.17190989225674 4.71238898038469
2  13 2 0 4.17190989225674 4.71238898038469
0

0101000
+318 0 -320 0 *
Ve
1.00000005329071e-07
-55.4516574941708 6.99888252375606 83.1834801374714
0 0

0101101
*
Ed
 1e-07 1 1 0
1  27 0 1.74786155651277e-07 0.999999825239441
2  14 2 0 1.74786155651277e-07 0.999999825239441
2  15 10 0 1.74786155651277e-07 0.999999825239441
0

0101000
+316 0 -318 0 *
Ed
 1e-07 1 1 0
1  28 0 5.99376689233076 6.28318530717959
2  12 2 0 5.99376689233076 6.28318530717959
0

0101000
+316 0 -323 0 *
Wi

0101100
+322 0 -368 0 +321 0 -365 0 -322 0 -319 0 +317 0 +315 0 -314 0 *
Fa
0  1e-07 2 0

0101000
+313 0 *
Wi

0101100
-366 0 +321 0 *
Fa
0  1e-07 11 0

0101000
+311 0 *
Ve
1e-07
-55.3735072488756 -5.99999954352713 83.0606726091503
0 0

0101101
*
Ed
 1e-07 1 1 0
1  29 0 3.41258225549139 26.0768096208106
3  16 17CN 3 0 3.41258225549139 26.0768096208106
0

0101000
+363 0 -309 0 *
Ed
 1e-07 1 1 0
1  30 0 2.13196947524063 4.15121583193896
2  18 3 0 2.13196947524063 4.15121583193896
0

0101000
+360 0 -362 0 *
Ve
1.00000007160723e-07
-55.4516574941708 -6.99888161081032 83.1834801374714
0 0

0101101
*
Ed
 1e-07 1 1 0
1  31 0 0 0.289418414848823
2  19 3 0 0 0.289418414848823
0

0101000
+309 0 -306 0 *
Ve
1.00000035393659e-07
-53.8981364050076 -9.00111747624398 86.0134878162127
0 0

0101101
*
Ed
 1e-07 1 1 0
1  32 0 1.74759742447088e-07 0.999999825214444
2  20 3 0 1.74759742447088e-07 0.999999825214444
2  21 12 0 1.74759742447088e-07 0.999999825214444
0

0101000
+306 0 -304 0 *
Ve
1.5e-07
-57.2525714715516 -9.49999954352713 86.0134878162127
0 0

0101101
*
Ed
 1e-07 1 1 0
1  33 0 1.5707963267949 2.11127541492284
2  22 3 0 1.5707963267949 2.11127541492284
0

0101000
+302 0 -304 0 *
Ed
 1e-07 1 1 0
1  34 0 1.5707963267949 6.28318530717959
2  19 3 0 1.5707963267949 6.28318530717959
0

0101000
+302 0 -309 0 *
Wi

0101100
+308 0 -361 0 +307 0 -359 0 -308 0 -305 0 -303 0 +301 0 -300 0 *
Fa
0  1e-07 3 0

0101000
+299 0 *
Wi

0101100
-358 0 +307 0 *
Fa
0  1e-07 13 0

0101000
+297 0 *
Wi

0101100
-352 0 -346 0 +326 0 +335 0 *
Fa
0  1e-07 14 0

0111000
+295 0 *
Ed
 1e-07 1 1 0
1  35 0 72.0011368744176 82.0011368744176
3  23 24CN 6 0 72.0011368744176 82.0011368744176
0

0101000
+333 0 -344 0 *
Wi

0101100
-343 0 +293 0 +332 0 -293 0 *
Fa
0  1e-07 6 0

0101000
+292 0 *
Ed
 1e-07 1 1 0
1  36 0 71.9988631255824 81.9988631255824
3  25 26CN 7 0 71.9988631255824 81.9988631255824
0

0101000
+330 0 -341 0 *
Wi

0101100
-340 0 +290 0 +329 0 -290 0 *
Fa
0  1e-07 7 0

0101000
+289 0 *
Ve
1.5e-07
-57.2525714715516 6.50000045647287 86.0134878162127
0 0

0101101
*
Ed
 1e-07 1 1 0
1  37 0 4.17190989225674 4.71238898038469
2  27 10 0 4.17190989225674 4.71238898038469
0

0101000
+316 0 -287 0 *
Ed
 1.5e-07 1 1 0
1  38 0 -1.5 1.5
0

0101000
+320 0 -287 0 *
Wi

0101100
+314 0 -286 0 +285 0 +319 0 *
Fa
0  1e-07 15 0

0101000
+284 0 *
Ve
1e-07
-53.7525714715516 10.0000004564729 86.0134878162127
0 0

0101101
*
Ed
 1e-07 1 1 0
1  39 0 5.99376689233077 6.28318530717959
2  28 10 0 5.99376689233077 6.28318530717959
0

0101000
+318 0 -282 0 *
Ed
 1e-07 1 1 0
1  40 0 0 4.71238898038469
2  28 10 0 0 4.71238898038469
0

0101000
+282 0 -287 0 *
Wi

0101100
+281 0 -317 0 -285 0 +280 0 *
Fa
0  1e-07 16 0

0101000
+279 0 *
Ve
1e-07
-53.7525714715516 10.0000004564729 3.01348781621266
0 0

0101101
*
Ve
1.50001e-07
-53.7525714715516 10.0000004564729 13.013487816212
0 0

0101101
*
Ed
 1e-07 1 1 0
1  41 0 0 9.99999999999935
3  29 30CN 10 0 0 9.99999999999935
0

0101000
+277 0 -276 0 *
Ve
1.00000193027144e-07
-53.7525714715516 10.0000004564729 76.6044396821911
0 0

0101101
*
Ed
 1e-07 1 1 0
1  42 0 9.99999999999935 73.5909518659785
3  29 30CN 10 0 9.99999999999935 73.5909518659785
0

0101000
+276 0 -274 0 *
Ve
1.47892364253314e-07
-56.4605666288679 13.4092127304689 80.0134878162127
0 0

0101101
*
Ed
 1e-07 1 1 0
1  43 0 3.36985686088136 4.71238898038469
2  31 10 0 3.36985686088136 4.71238898038469
2  32 17 0 3.36985686088136 4.71238898038469
0

0101000
+274 0 -272 0 *
Ve
1.00000028477166e-07
-53.7525714715516 10.0000004564729 83.4228642380866
0 0

0101101
*
Ed
 1e-07 1 1 0
1  44 0 0.228264207291574 1.57079631711941
2  33 10 0 0.228264207291574 1.57079631711941
2  34 17 0 0.228264207291574 1.57079631711941
0

0101000
+270 0 -272 0 *
Ed
 1e-07 1 1 0
1  45 0 80.4093764218739 83
3  29 30CN 10 0 80.4093764218739 83
0

0101000
+270 0 -282 0 *
Ve
1.00000001776357e-07
-53.8433591975556 9.20799561378912 83.5136563353679
0 0

0101101
*
Ed
 1e-07 1 1 0
1  46 0 0 0.228264207291574
2  35 10 0 0 0.228264207291574
2  36 17 0 0 0.228264207291574
0

0101000
+267 0 -270 0 *
Ve
1.00943262253186e-06
-58.0445763142354 6.59078818247679 80.0134878162127
0 0

0101101
*
Ed
 1e-07 1 1 0
1  47 0 4.71238879666482 6.28318530717959
2  37 10 0 4.71238879666482 6.28318530717959
2  38 17 0 4.71238879666482 6.28318530717959
0

0101000
+265 0 -267 0 *
Ed
 1e-07 1 1 0
1  48 0 1.57079614305734 3.36985686088136
2  39 10 0 1.57079614305734 3.36985686088136
2  40 17 0 1.57079614305734 3.36985686088136
0

0101000
+265 0 -274 0 *
Ed
 1e-07 1 1 0
1  49 0 0 6.28318530717959
2  41 10 0 0 6.28318530717959
0

0101000
+277 0 -277 0 *
Wi

0101100
-275 0 -273 0 -271 0 +269 0 -268 0 -280 0 +286 0 -315 0 -281 0 +268 0 
+266 0 +264 0 -263 0 +273 0 +275 0 +262 0 *
Ve
1e-07
-57.2525714715516 6.50000045647287 16.5134878162127
0 0

0101101
*
Ed
 1e-07 1 1 0
1  50 0 0 1.5707963267949
2  42 10 0 0 1.5707963267949
2  43 18 0 0 1.5707963267949
0

0101000
+260 0 -276 0 *
Ve
1.52573088933225e-07
-60.7525714715516 10.0000004564729 13.0134878162127
0 0

0101101
*
Ed
 1e-07 1 1 0
1  51 0 4.71238899100606 6.28318530717959
2  44 10 0 4.71238899100606 6.28318530717959
2  45 18 0 4.71238899100606 6.28318530717959
0

0101000
+258 0 -260 0 *
Ed
 1e-07 1 1 0
1  52 0 1.5707963267949 4.71238896976332
2  46 10 0 1.5707963267949 4.71238896976332
2  47 18 0 1.5707963267949 4.71238896976332
0

0101000
+258 0 -276 0 *
Wi

0101100
+259 0 +257 0 -256 0 *
Fa
0  1e-07 10 0

0101000
+261 0 +255 0 *
Ve
1.5e-07
-57.2525714715516 -6.49999954352713 86.0134878162127
0 0

0101101
*
Ed
 1.5e-07 1 1 0
1  53 0 -1.5 1.5
0

0101000
+253 0 -302 0 *
Ed
 1e-07 1 1 0
1  54 0 1.5707963267949 2.11127541492284
2  48 12 0 1.5707963267949 2.11127541492284
0

0101000
+253 0 -306 0 *
Wi

0101100
+300 0 +252 0 -251 0 +305 0 *
Fa
0  1e-07 19 0

0101000
+250 0 *
Ve
1e-07
-53.7525714715516 -9.99999954352713 3.01348781621266
0 0

0101101
*
Ed
 1e-07 1 1 0
1  55 0 0 6.28318530717959
2  49 12 0 0 6.28318530717959
0

0101000
+248 0 -248 0 *
Ve
1.00000653699317e-07
-53.7525714715516 -9.99999954352713 13.013487816212
0 0

0101101
*
Ed
 1e-07 1 1 0
1  56 0 0 9.99999999999935
3  50 51CN 12 0 0 9.99999999999935
0

0101000
+248 0 -246 0 *
Ve
3.28236440666805e-07
-46.8227477324127 -9.99999977176195 652.773615454455
0 0

0101101
*
Ed
 1e-07 1 1 0
1  57 0 9.99999999999935 30.681059023952
3  50 51CN 12 0 9.99999999999935 30.681059023952
0

0101000
+246 0 -244 5 *
Ve
1.16910576009581e-07
-50.0701762608611 -6.50912463145005 650.579068614291
0 0

0101101
*
Ed
 1e-07 1 1 0
1  58 0 0 1
2  52 12 1 0 1
2  53 20 0 0 1
0

0101000
+244 0 -242 0 *
Ve
3.45146961559907e-07
-46.8227477324127 -9.99999977176195 655.384521774126
0 0

0101101
*
Ed
 1.16910520856634e-07 1 1 0
1  59 0 0 1
2  54 12 1 0 1
2  55 20 0 0 1
0

0101000
+240 0 -242 0 *
Ve
1.00000028477166e-07
-53.7525714715516 -9.99999954352713 45.6041113002556
0 0

0101101
*
Ed
 1e-07 1 1 0
1  57 0 33.2919653436227 42.5906234840429
3  50 51CN 12 0 33.2919653436227 42.5906234840429
0

0101000
+240 5 -238 0 *
Ve
1.76327232375733e-07
-58.0445759089037 -6.59078717536719 49.0134879194509
0 0

0101101
*
Ed
 1e-07 1 1 0
1  60 0 2.91332856518987 4.7123889951323
2  56 12 0 2.91332856518987 4.7123889951323
2  57 21 0 2.91332856518987 4.7123889951323
0

0101000
+238 0 -236 0 *
Ve
1.00000001776357e-07
-53.8433591033928 -9.20799510617026 52.5133193052572
0 0

0101101
*
Ed
 1e-07 1 1 0
1  61 0 0 1.57079631655009
2  58 12 0 0 1.57079631655009
2  59 21 0 0 1.57079631655009
0

0101000
+234 0 -236 0 *
Ve
1.00000107112992e-07
-53.7525714715516 -9.99999954352713 52.4225360444761
0 0

0101101
*
Ed
 1e-07 1 1 0
1  62 0 6.05492121877966 6.28318530717959
2  60 12 0 6.05492121877966 6.28318530717959
2  61 21 0 6.05492121877966 6.28318530717959
0

0101000
+232 0 -234 0 *
Ve
1e-07
-53.7525714715516 -9.99999954352713 86.0134878162127
0 0

0101101
*
Ed
 1e-07 1 1 0
1  63 0 49.4090482282635 83
3  50 51CN 12 0 49.4090482282635 83
0

0101000
+232 0 -230 0 *
Ed
 1e-07 1 1 0
1  64 0 0 0.289418414848812
2  62 12 0 0 0.289418414848812
0

0101000
+230 0 -304 0 *
Ed
 1e-07 1 1 0
1  65 0 1.5707963267949 6.28318530717959
2  62 12 0 1.5707963267949 6.28318530717959
0

0101000
+253 0 -230 0 *
Ve
1.00298198619254e-06
-56.4605670341948 -13.4092119116859 49.0134878162127
0 0

0101101
*
Ed
 1e-07 1 1 0
1  66 0 4.71238879795039 6.05492121877966
2  63 12 0 4.71238879795039 6.05492121877966
2  64 21 0 4.71238879795039 6.05492121877966
0

0101000
+226 0 -232 0 *
Ed
 1e-07 1 1 0
1  67 0 1.57079614437816 2.91332856518987
2  65 12 0 1.57079614437816 2.91332856518987
2  66 21 0 1.57079614437816 2.91332856518987
0

0101000
+226 0 -238 0 *
Ed
 1e-07 1 1 0
1  68 0 30.681059023952 33.2919653436227
2  67 12 1 30.681059023952 33.2919653436227
2  68 22 0 30.681059023952 33.2919653436227
0

0101000
+244 0 -240 0 *
Wi

0101100
+247 1 -245 1 -243 1 -241 0 +239 0 -237 1 -235 1 +233 1 +231 1 -229 1 
-228 1 +303 1 +251 1 -227 1 +229 1 +225 1 -224 1 +237 1 +223 0 +243 1 
+245 1 *
Ve
1.52573090189299e-07
-60.7525714715516 -9.99999954352713 13.0134878162127
0 0

0101101
*
Ed
 1e-07 1 1 0
1  69 0 1.57079632679499 4.71238896976332
2  69 12 0 1.57079632679499 4.71238896976332
2  70 18 0 1.57079632679499 4.71238896976332
0

0101000
+246 0 -221 0 *
Ve
1e-07
-57.2525714715516 -6.49999954352713 16.5134878162127
0 0

0101101
*
Ed
 1e-07 1 1 0
1  70 0 0 1.5707963267949
2  71 12 0 0 1.5707963267949
2  72 18 0 0 1.5707963267949
0

0101000
+219 0 -221 0 *
Ed
 1e-07 1 1 0
1  71 0 4.71238898038469 6.28318530717959
2  73 12 0 4.71238898038469 6.28318530717959
2  74 18 0 4.71238898038469 6.28318530717959
0

0101000
+246 0 -219 0 *
Wi

0101100
-220 1 +218 1 +217 1 *
Fa
0  1e-07 12 1

0101000
+222 0 +216 0 *
Wi

0101100
+227 0 -252 0 -301 0 +228 0 *
Fa
0  1e-07 23 0

0101000
+214 0 *
Ve
1e-07
-35.0445825172599 1.2475871715439 80.0146246906303
0 0

0101101
*
Ed
 1e-07 1 1 0
1  72 0 0 23.6124863789612
3  75 76CN 17 0 0 23.6124863789612
0

0101000
-265 0 +212 0 *
Ve
1.91408936847993e-07
-34.5747223286178 3.26943637789826 76.8175249830177
0 0

0101101
*
Ed
 1e-07 1 1 0
1  73 0 5.1314852807757 6.28318530717959
2  77 17 0 5.1314852807757 6.28318530717959
0

0101000
+210 0 -212 0 *
Ve
1.9140893689749e-07
-34.5748894388361 3.27007759743166 83.2119857341471
0 0

0101101
*
Ed
 1.91408928903884e-07 1 1 0
1  74 0 9.46049885391614e-08 0.999999905423451
2  78 17 0 9.46049885391614e-08 0.999999905423451
2  79 24 0 9.46049885391614e-08 0.999999905423451
0

0101000
+208 0 -210 0 *
Ed
 1e-07 1 1 0
1  75 0 0 1.15188355144204
2  77 17 0 0 1.15188355144204
0

0101000
+212 0 -208 0 *
Wi

0101100
-264 0 -266 0 -269 0 +271 0 +263 0 +211 0 +209 0 +207 0 +206 0 -211 0 
*
Fa
0  1e-07 17 0

0101000
+205 0 *
Wi

0101100
-262 0 *
Fa
0  1e-07 25 0

0111000
-203 0 *
Ve
1.0000012810723e-07
-50.3227477324127 2.98934903478459 635.592556430503
0 0

0101101
*
Ed
 1e-07 1 1 0
1  76 0 12.9893485783101 16.5
3  80 81CN 18 0 12.9893485783101 16.5
0

0101000
+201 5 -260 0 *
Ve
1.0000012810723e-07
-50.3227477324127 -2.98934903478135 635.592556430503
0 0

0101101
*
Ed
 1e-07 1 1 0
1  77 0 0 1
2  82 18 1 0 1
2  83 26 0 0 1
0

0101000
+201 0 -199 0 *
Ed
 1e-07 1 1 0
1  76 0 3.5 7.01065050874416
3  80 81CN 18 0 3.5 7.01065050874416
0

0101000
+219 0 -199 5 *
Ve
1.00044792614627e-07
-47.0701762608611 1.617582702895e-12 633.385142529118
0 0

0101101
*
Ed
 1e-07 1 1 0
1  78 0 0 1
2  84 18 1 0 1
2  85 26 0 0 1
0

0101000
+199 0 -196 0 *
Ed
 1e-07 1 1 0
1  79 0 0 1
2  86 18 1 0 1
2  87 26 0 0 1
0

0101000
+196 0 -201 0 *
Wi

0101100
-257 1 +200 1 -198 0 +197 1 -218 1 +220 1 -217 1 -197 1 -195 0 -194 0 
-200 1 -259 1 +256 1 *
Ve
1.00044565240954e-07
-47.0701762608611 1.617582702895e-12 630.799970331888
0 0

0101101
*
Ed
 1e-07 1 1 0
1  80 0 0 1
2  88 18 1 0 1
2  89 26 0 0 1
0

0101100
+192 0 -192 0 *
Wi

0101100
+191 0 *
Fa
0  1e-07 18 1

0101000
+193 0 +190 0 *
Wi

0101100
-247 0 *
Fa
0  1e-07 27 0

0111000
-188 0 *
Ed
 1e-07 1 1 0
1  81 0 1.18857047673306 1.95302217685673
2  90 20 0 1.18857047673306 1.95302217685673
2  91 22 0 1.18857047673306 1.95302217685673
0

0101000
+244 0 -240 0 *
Ve
1.00000014217792e-07
-50.0701762608611 -2.99999999999838 650.579068614291
0 0

0101101
*
Ed
 1e-07 1 1 0
1  82 0 3 6.50912463145167
3  92 93CN 20 0 3 6.50912463145167
0

0101000
+185 0 -242 0 *
Ve
1.00000115667977e-07
-53.0701762608611 1.61831749097449e-12 652.276292976559
0 0

0101101
*
Ed
 1e-07 1 1 0
1  83 0 1.31537746308701e-07 1
2  94 26 0 1.31537746308701e-07 1
2  95 20 0 1.31537746308701e-07 1
0

0101000
+183 0 -185 0 *
Ve
1.00000119110065e-07
-47.0701762608611 1.61795009693474e-12 652.276292976558
0 0

0101101
*
Ed
 1e-07 1 1 0
1  84 0 1.02969680083772 5.25348850634184
2  96 20 0 1.02969680083772 5.25348850634184
2  97 28 0 1.02969680083772 5.25348850634184
0

0101000
+181 0 -183 0 *
Ed
 1e-07 1 1 0
1  85 0 0 1
2  98 26 0 0 1
2  99 20 0 0 1
0

0101000
+185 0 -181 0 *
Wi

0101100
-186 0 -239 0 +184 0 +182 0 +180 0 +179 0 -184 0 +241 0 *
Fa
0  1e-07 20 0

0101000
+178 0 *
Ve
2.00001e-07
-33.5516899970655 -8.08718139292766 49.0123554462467
0 0

0101101
*
Ed
 1e-07 1 1 0
1  86 0 0.0935559438837532 23.6124984632056
3  100 101CN 21 0 0.0935559438837532 23.6124984632056
0

0101000
+176 0 -226 0 *
Ve
1.9138644071128e-07
-34.5748769408768 -3.27007633173005 45.8149900420064
0 0

0101101
*
Ed
 1.91386439110094e-07 1 1 0
1  87 0 1.89199906696951e-07 1
2  102 21 0 1.89199906696951e-07 1
2  103 29 0 1.89199906696951e-07 1
0

0101000
+174 0 -176 0 *
Ve
1.89856441517822e-07
-34.5747098306924 -3.26943511250037 52.2094505057206
0 0

0101101
*
Ed
 1e-07 1 1 0
1  88 0 1.98989272807036 4.29347610407693
2  104 21 0 1.98989272807036 4.29347610407693
0

0101000
+172 0 -174 0 *
Ed
 1.89856427134541e-07 1 1 0
1  89 0 0 0.999999810853184
2  105 21 0 0 0.999999810853184
2  106 29 0 0 0.999999810853184
0

0101000
+176 0 -172 0 *
Wi

0101100
-225 0 -231 0 -233 0 +235 0 +224 0 +175 0 +173 0 +171 0 +170 0 -175 0 
*
Fa
0  1e-07 21 0

0101000
+169 0 *
Wi

0101100
-223 0 +186 0 *
Fa
0  1e-07 22 0

0101000
+167 0 *
Ed
 1e-07 1 1 0
1  90 0 5.79991859710968 5.80003907663582
2  107 24 0 5.79991859710968 5.80003907663582
0

0101000
+210 0 -208 0 *
Wi

0101100
+209 0 -165 0 +206 0 *
Fa
0  1e-07 30 0

0101000
+164 0 *
Ve
1e-07
-23.7525776745762 4.65679944553997 84.0146246906303
0 0

0101101
*
Ve
1e-07
-23.7525776745762 4.65679944553997 76.0146246906303
0 0

0101101
*
Ed
 1e-07 1 1 0
1  91 0 0 8
3  108 109CN 24 0 0 8
0

0101000
-162 0 +161 0 *
Ed
 1e-07 1 1 0
1  92 0 0 6.28318530717959
2  110 24 0 0 6.28318530717959
0

0101000
+161 0 -161 0 *
Ed
 1e-07 1 1 0
1  93 0 0 6.28318530717959
2  111 24 0 0 6.28318530717959
0

0101000
+162 0 -162 0 *
Wi

0101100
+160 0 +159 0 -160 0 -158 0 *
Wi

0101100
-207 0 -165 0 *
Fa
0  1e-07 24 0

0101000
+157 0 +156 0 *
Ed
 1e-07 1 1 0
1  94 0 14.3060739148277 33.1972243622679
3  112 113CN 26 0 14.3060739148277 33.1972243622679
0

0101000
+196 0 -181 0 *
Ve
1.50000000734788e-07
-47.0701762608611 1.617582702895e-12 654.079068614291
0 0

0101101
*
Ed
 1.00000000734788e-07 1 1 0
1  94 0 33.1972243622679 35
3  112 113CN 26 0 33.1972243622679 35
2  114 28 0 33.1972243622679 35
0

0101000
+181 0 -153 0 *
Ve
1.50000000367394e-07
-53.0701762608611 1.61868488501423e-12 654.079068614291
0 0

0101101
*
Ed
 1e-07 1 1 0
1  95 0 0 3.14159265358979
2  115 26 0 0 3.14159265358979
2  116 31 0 0 3.14159265358979
0

0101000
+153 0 -151 0 *
Ed
 1e-07 1 1 0
1  96 0 33.197224362268 35
2  117 26 0 33.197224362268 35
2  118 28 0 33.197224362268 35
0

0101000
+183 0 -151 0 *
Wi

0101100
+198 0 +194 0 -154 0 -152 0 -150 0 +149 0 -182 0 -179 0 +154 0 +195 0 
*
Fa
0  1e-07 26 0

0101000
+148 0 *
Ve
1.50000113686838e-07
-50.0701762608611 -2.99999999999838 619.07906861429
0 0

0101101
*
Ve
1.00000000964874e-07
-47.0701762608611 1.617582702895e-12 622.079068614291
0 0

0101101
*
Ed
 1e-07 1 1 0
1  97 0 1.5707963267949 3.14159265358979
2  119 32 0 1.5707963267949 3.14159265358979
2  120 26 0 1.5707963267949 3.14159265358979
0

0101000
+146 0 -145 0 *
Ve
1.50000113686838e-07
-50.0701762608611 3.00000000000162 619.07906861429
0 0

0101101
*
Ed
 1e-07 1 1 0
1  98 0 1.5707963267949 4.71238898038469
2  121 26 0 1.5707963267949 4.71238898038469
2  122 33 0 1.5707963267949 4.71238898038469
0

0101000
+143 0 -146 0 *
Ed
 1e-07 1 1 0
1  99 0 3.14159265358979 4.71238898038469
2  123 32 0 3.14159265358979 4.71238898038469
2  124 26 0 3.14159265358979 4.71238898038469
0

0101000
+145 0 -143 0 *
Ed
 1e-07 1 1 0
1  94 0 3 11.7209017175976
3  112 113CN 26 0 3 11.7209017175976
0

0101000
+145 0 -192 0 *
Wi

0101100
+144 0 +142 0 +141 0 -140 0 -191 0 +140 0 *
Fa
0  1e-07 26 0

0101000
+139 0 *
Ed
 1.5e-07 1 1 0
1  100 0 -3 3
2  125 31 0 -3 3
2  126 28 0 -3 3
0

0101000
+151 0 -153 0 *
Wi

0101100
-152 0 +137 0 +149 0 +180 0 *
Fa
0  1e-07 28 0

0101000
+136 0 *
Ve
1e-07
-23.7525652685271 -4.65679853259424 53.012350941795
0 0

0101101
*
Ve
1e-07
-23.7525652685271 -4.65679853259424 45.012350941795
0 0

0101101
*
Ed
 1e-07 1 1 0
1  101 0 0 8
3  127 128CN 29 0 0 8
0

0101000
-134 0 +133 0 *
Ed
 1e-07 1 1 0
1  102 0 0 6.28318530717959
2  129 29 0 0 6.28318530717959
0

0101000
+133 0 -133 0 *
Ed
 1e-07 1 1 0
1  103 0 0 6.28318530717959
2  130 29 0 0 6.28318530717959
0

0101000
+134 0 -134 0 *
Wi

0101100
+132 0 +131 0 -132 0 -130 0 *
Ed
 1e-07 1 1 0
1  104 0 2.65832599618783 2.65844647565898
2  131 29 0 2.65832599618783 2.65844647565898
0

0101000
+172 0 -174 0 *
Wi

0101100
-170 0 -128 0 -173 0 *
Fa
0  1e-07 29 0

0101000
+129 0 +127 0 *
Wi

0101100
-128 0 +171 0 *
Fa
0  1e-07 34 0

0101000
+125 0 *
Wi

0101100
+159 0 *
Ve
1.00000003552714e-07
-26.1025776745762 4.65679944553998 76.0146246906303
0 0

0101101
*
Ed
 1.00000000666134e-07 1 1 0
1  105 0 0 6.28318530717959
2  132 36 0 0 6.28318530717959
0

0101100
+122 0 -122 0 *
Wi

0101100
-121 0 *
Fa
0  1e-07 35 0

0101000
+123 0 +120 0 *
Wi

0101100
+158 0 *
Ve
1.00000003552714e-07
-26.1025776745762 4.65679944553998 84.0146246906303
0 0

0101101
*
Ed
 1.00000000666134e-07 1 1 0
1  106 0 0 6.28318530717959
2  133 36 0 0 6.28318530717959
0

0101100
+117 0 -117 0 *
Wi

0101100
-116 0 *
Fa
0  1e-07 37 0

0101000
+118 0 +115 0 *
Wi

0101100
+137 0 +150 0 *
Fa
0  1e-07 31 0

0101000
+113 0 *
Ve
1.50000111910481e-07
13.929823739139 3.00000000000162 619.079068614291
0 0

0101101
*
Ve
1.00000000964874e-07
10.9298237391389 1.61905227905398e-12 616.079068614291
0 0

0101101
*
Ed
 1e-07 1 1 0
1  107 0 1.57079632696904 3.14159265358979
2  134 38 0 1.57079632696904 3.14159265358979
2  135 32 0 1.57079632696904 3.14159265358979
0

0101000
+111 0 -110 0 *
Ve
1.50000110134124e-07
13.929823739139 -2.99999999999838 619.079068614291
0 0

0101101
*
Ed
 1e-07 1 1 0
1  108 0 1.5707963267949 4.71238898038469
2  136 32 0 1.5707963267949 4.71238898038469
2  137 39 0 1.5707963267949 4.71238898038469
0

0101000
+108 0 -111 0 *
Ed
 1e-07 1 1 0
1  109 0 3.14159265358979 4.71238898305072
2  138 38 0 3.14159265358979 4.71238898305072
2  139 32 0 3.14159265358979 4.71238898305072
0

0101000
+110 0 -108 0 *
Ve
1e-07
-50.0701762608611 1.61905227905398e-12 616.079068614291
0 0

0101101
*
Ed
 1e-07 1 1 0
1  110 0 3 64
3  140 141CN 32 0 3 64
0

0101000
+110 0 -105 0 *
Ed
 1e-07 1 1 0
1  111 0 0 1.57079632679486
2  142 32 0 0 1.57079632679486
2  143 40 0 0 1.57079632679486
0

0101000
+105 0 -146 0 *
Ed
 1e-07 1 1 0
1  111 0 4.71238898038473 6.28318530717959
2  142 32 0 4.71238898038473 6.28318530717959
2  143 40 0 4.71238898038473 6.28318530717959
0

0101000
+143 0 -105 0 *
Wi

0101100
+109 0 +107 0 +106 0 -104 0 -103 0 -144 0 -141 0 -102 0 +104 0 *
Fa
0  1e-07 32 0

0101000
+101 0 *
Ed
 1.5e-07 1 1 0
1  112 0 -3 3
2  144 40 0 -3 3
2  145 33 0 -3 3
0

0101000
+146 0 -143 0 *
Wi

0101100
+99 0 +142 0 *
Fa
0  1e-07 33 0

0101000
+98 0 *
Wi

0101100
+131 0 *
Ve
1.00000000888178e-07
-26.1025652685271 -4.65679853259424 45.012350941795
0 0

0101101
*
Ed
 1e-07 1 1 0
1  113 0 0 6.28318530717959
2  146 42 0 0 6.28318530717959
0

0101100
+95 0 -95 0 *
Wi

0101100
-94 0 *
Fa
0  1e-07 41 0

0101000
+96 0 +93 0 *
Wi

0101100
+130 0 *
Ve
1.00000000888178e-07
-26.1025652685271 -4.65679853259424 53.012350941795
0 0

0101101
*
Ed
 1e-07 1 1 0
1  114 0 0 6.28318530717959
2  147 42 0 0 6.28318530717959
0

0101100
+90 0 -90 0 *
Wi

0101100
-89 0 *
Fa
0  1e-07 43 0

0101000
+91 0 +88 0 *
Ed
 1.00000003552714e-07 1 1 0
1  115 0 1 9
3  148 149CN 36 0 1 9
0

0101000
+122 0 -117 0 *
Wi

0101100
-116 0 +86 0 +121 0 -86 0 *
Fa
0  1e-07 36 0

0101000
+85 0 *
Ve
1.00000014210855e-07
13.8798237391389 -2.9995833043925 607.079068614291
0 0

0101101
*
Ve
1.00000000734788e-07
16.9298237391389 1.617582702895e-12 607.079068614291
0 0

0101101
*
Ed
 1e-07 1 1 0
1  116 0 4.69572154201662 6.28318530717959
2  150 44 8 4.69572154201662 6.28318530717959
2  151 38 0 4.69572154201662 6.28318530717959
0

0101000
+83 0 -82 0 *
Ve
1.50000001831027e-07
13.8798237391389 -2.99958330439251 599.079068614291
0 0

0101101
*
Ed
 1e-07 1 1 0
1  117 0 0 8
2  152 45 8 0 8
2  153 38 0 0 8
0

0101000
+80 0 -83 0 *
Ve
1.5e-07
13.8798237391389 2.99958330439575 599.079068614291
0 0

0101101
*
Ed
 1e-07 1 1 0
1  118 0 1.58746376516297 4.69572154201662
2  154 38 0 1.58746376516297 4.69572154201662
2  155 46 0 1.58746376516297 4.69572154201662
0

0101000
+78 0 -80 0 *
Ve
1.00000015203166e-07
13.8798237391389 2.99958330439573 607.079068614291
0 0

0101101
*
Ed
 1e-07 1 1 0
1  119 0 0 8
2  156 45 8 0 8
2  157 38 0 0 8
0

0101000
+78 0 -76 0 *
Ed
 1e-07 1 1 0
1  120 0 0 1.58746376516297
2  158 44 8 0 1.58746376516297
2  159 38 0 0 1.58746376516297
0

0101000
+82 0 -76 0 *
Ve
1e-07
16.9298237391389 1.617582702895e-12 619.079068614291
0 0

0101101
*
Ed
 1e-07 1 1 0
1  121 0 8 20
3  160 161CN 38 0 8 20
0

0101000
+82 0 -73 0 *
Ed
 1e-07 1 1 0
1  122 0 0 1.57079632679486
2  162 38 0 0 1.57079632679486
2  163 47 0 0 1.57079632679486
0

0101000
+73 0 -111 0 *
Ed
 1e-07 1 1 0
1  122 0 4.71238898038473 6.28318530717959
2  162 38 0 4.71238898038473 6.28318530717959
2  163 47 0 4.71238898038473 6.28318530717959
0

0101000
+108 0 -73 0 *
Wi

0101100
+81 0 +79 0 +77 0 -75 0 +74 0 -72 0 -71 0 -109 0 -106 0 -70 0 
+72 0 *
Fa
0  1e-07 38 0

0101000
+69 0 *
Ed
 1.5e-07 1 1 0
1  123 0 -3 3
2  164 47 0 -3 3
2  165 39 0 -3 3
0

0101000
+111 0 -108 0 *
Wi

0101100
+67 0 +107 0 *
Fa
0  1e-07 39 0

0101000
+66 0 *
Wi

0101100
+102 0 +99 0 +103 0 *
Fa
0  1e-07 40 0

0101000
+64 0 *
Ed
 1e-07 1 1 0
1  124 0 1 9
3  166 167CN 42 0 1 9
0

0101000
+95 0 -90 0 *
Wi

0101100
-89 0 +62 0 +94 0 -62 0 *
Fa
0  1e-07 42 0

0101000
+61 0 *
Ve
1e-07
-12 10 -8.05
0 0

0101101
*
Ve
1e-07
-12 -10 -8.05
0 0

0101101
*
Ed
 1e-07 1 1 0
1  125 0 0 20
2  168 48 0 0 20
2  169 44 0 0 20
0

0101000
-59 9 +58 9 *
Ve
1e-07
-12 10 -12.05
0 0

0101101
*
Ed
 1e-07 1 1 0
1  126 0 0 4
2  170 44 0 0 4
0

0101000
-59 9 +56 9 *
Ed
 1e-07 1 1 0
1  127 0 12.9995833043941 20
2  171 45 0 12.9995833043941 20
2  172 44 0 12.9995833043941 20
0

0101000
+83 10 -56 9 *
Ve
1e-07
-12 -10 -12.05
0 0

0101101
*
Ed
 1e-07 1 1 0
1  127 0 0 7.00041669560588
2  171 45 0 0 7.00041669560588
2  172 44 0 0 7.00041669560588
0

0101000
+53 9 -76 10 *
Ed
 1e-07 1 1 0
1  128 0 0 4
2  173 44 0 0 4
0

0101000
-58 9 +53 9 *
Wi

0101100
-57 8 +55 8 +54 8 -81 0 -74 0 +52 8 -51 8 *
Fa
0  1e-07 44 8

0101000
+50 0 *
Ve
1e-07
-28 10 -12.05
0 0

0101101
*
Ed
 1e-07 1 1 0
1  129 0 0 16
2  174 45 0 0 16
0

0101000
-56 9 +48 9 *
Ed
 1.5e-07 1 1 0
1  130 0 2.00041669560587 7.99958330439413
2  175 45 8 2.00041669560587 7.99958330439413
2  176 46 0 2.00041669560587 7.99958330439413
0

0101000
+78 0 -80 0 *
Ve
1e-07
-28 -10 -12.05
0 0

0101101
*
Ed
 1e-07 1 1 0
1  131 0 0 16
2  177 45 0 0 16
0

0101000
-53 9 +45 9 *
Ed
 1e-07 1 1 0
1  132 0 0 20
2  178 45 0 0 20
0

0101000
-48 9 +45 9 *
Wi

0101100
-47 8 +54 8 +79 0 +46 0 -75 0 +52 8 +44 8 -43 8 *
Ve
1e-07
-18.3 -6 -12.05
0 0

0101101
*
Ed
 1e-07 1 1 0
1  133 0 0 6.28318530717959
2  179 45 6 0 6.28318530717959
2  180 49 0 0 6.28318530717959
0

0101100
+41 0 -41 0 *
Wi

0101100
-40 7 *
Ve
1e-07
-18.3 6 -12.05
0 0

0101101
*
Ed
 1e-07 1 1 0
1  134 0 0 6.28318530717959
2  181 45 6 0 6.28318530717959
2  182 50 0 0 6.28318530717959
0

0101100
+38 0 -38 0 *
Wi

0101100
-37 7 *
Fa
0  1e-07 45 8

0101000
+42 0 +39 0 +36 0 *
Wi

0101100
-46 0 +77 0 *
Fa
0  1e-07 46 0

0101000
+34 0 *
Wi

0101100
+70 0 +67 0 +71 0 *
Fa
0  1e-07 47 0

0101000
+32 0 *
Ve
1e-07
-28 10 -8.05
0 0

0101101
*
Ve
1e-07
-28 -10 -8.05
0 0

0101101
*
Ed
 1e-07 1 1 0
1  135 0 0 20
2  183 48 0 0 20
0

0101000
-30 9 +29 9 *
Ed
 1e-07 1 1 0
1  136 0 0 16
2  184 48 0 0 16
0

0101000
-59 9 +30 9 *
Ed
 1e-07 1 1 0
1  137 0 0 16
2  185 48 0 0 16
0

0101000
-58 9 +29 9 *
Wi

0101100
-28 6 -27 6 +26 6 +57 6 *
Ve
1e-07
-18.3 -6 -8.05
0 0

0101101
*
Ed
 1e-07 1 1 0
1  138 0 0 6.28318530717959
2  186 48 6 0 6.28318530717959
2  187 49 0 0 6.28318530717959
0

0101100
+24 0 -24 0 *
Wi

0101100
-23 0 *
Ve
1e-07
-18.3 6 -8.05
0 0

0101101
*
Ed
 1e-07 1 1 0
1  139 0 0 6.28318530717959
2  188 48 6 0 6.28318530717959
2  189 50 0 0 6.28318530717959
0

0101100
+21 0 -21 0 *
Wi

0101100
-20 0 *
Fa
0  1e-07 48 6

0101000
+25 0 +22 0 +19 0 *
Ed
 1e-07 1 1 0
1  140 0 0 4
0

0101000
-30 9 +48 9 *
Wi

0101100
-47 0 -55 0 +27 0 +17 0 *
Fa
0  1e-07 51 0

0111000
+16 0 *
Ed
 1e-07 1 1 0
1  141 0 0 4
0

0101000
-29 9 +45 9 *
Wi

0101100
-44 0 -51 0 +26 0 +14 0 *
Fa
0  1e-07 52 0

0111000
+13 0 *
Wi

0101100
-14 0 -28 0 +17 0 +43 0 *
Fa
0  1e-07 53 0

0111000
+11 0 *
Ed
 1e-07 1 1 0
1  142 0 0.0999999999999996 4.1
3  190 191CN 49 0 0.0999999999999996 4.1
0

0101000
+41 0 -24 0 *
Wi

0101100
-23 0 +9 0 +40 0 -9 0 *
Fa
0  1e-07 49 0

0101000
+8 0 *
Ed
 1e-07 1 1 0
1  143 0 0.0999999999999996 4.1
3  192 193CN 50 0 0.0999999999999996 4.1
0

0101000
+38 0 -21 0 *
Wi

0101100
-20 0 +6 0 +37 0 -6 0 *
Fa
0  1e-07 50 0

0101000
+5 0 *
Sh

0101100
-356 1 -349 4 +338 1 -327 1 +324 4 +312 1 -310 1 +298 1 -296 1 +294 4 
-291 1 -288 1 +283 1 +278 1 +254 1 +249 1 +215 0 +213 1 +204 1 -202 1 
+189 0 -187 1 +177 0 +168 1 +166 0 -163 1 +155 1 +147 0 +138 0 -135 0 
+126 1 -124 1 -119 1 +114 1 +112 0 +100 0 -97 0 -92 1 +87 1 -84 1 
+68 0 -65 0 +63 0 -60 1 +49 0 -35 0 -33 0 +31 0 +18 7 +15 8 
-12 8 -10 8 -7 7 -4 7 *
So

0100000
+3 0 *
Co

1100000
+2 0 *

+1 0 