ISO-10303-21;
HEADER;
FILE_DESCRIPTION(('KiCad electronic assembly'),'2;1');
FILE_NAME('sensor_revC_mini.step','2026-09-22T22:43:26',('Pcbnew'),(
    'Kicad'),'Open CASCADE STEP processor 7.9','KiCad to STEP converter'
  ,'Unknown');
FILE_SCHEMA(('AUTOMOTIVE_DESIGN { 1 0 10303 214 1 1 1 1 }'));
ENDSEC;
DATA;
#1 = APPLICATION_PROTOCOL_DEFINITION('international standard',
  'automotive_design',2000,#2);
#2 = APPLICATION_CONTEXT(
  'core data for automotive mechanical design processes');
#3 = SHAPE_DEFINITION_REPRESENTATION(#4,#10);
#4 = PRODUCT_DEFINITION_SHAPE('','',#5);
#5 = PRODUCT_DEFINITION('design','',#6,#9);
#6 = PRODUCT_DEFINITION_FORMATION('','',#7);
#7 = PRODUCT('sensor_revC_mini 1','sensor_revC_mini 1','',(#8));
#8 = PRODUCT_CONTEXT('',#2,'mechanical');
#9 = PRODUCT_DEFINITION_CONTEXT('part definition',#2,'design');
#10 = SHAPE_REPRESENTATION('',(#11,#15,#19,#23,#27,#31,#35),#39);
#11 = AXIS2_PLACEMENT_3D('',#12,#13,#14);
#12 = CARTESIAN_POINT('',(0.,0.,0.));
#13 = DIRECTION('',(0.,0.,1.));
#14 = DIRECTION('',(1.,0.,-0.));
#15 = AXIS2_PLACEMENT_3D('',#16,#17,#18);
#16 = CARTESIAN_POINT('',(-2.3,3.7,0.995));
#17 = DIRECTION('',(0.,0.,1.));
#18 = DIRECTION('',(-1.,1.224646799147E-16,0.));
#19 = AXIS2_PLACEMENT_3D('',#20,#21,#22);
#20 = CARTESIAN_POINT('',(-2.3,-3.7,0.995));
#21 = DIRECTION('',(0.,0.,1.));
#22 = DIRECTION('',(1.,0.,0.));
#23 = AXIS2_PLACEMENT_3D('',#24,#25,#26);
#24 = CARTESIAN_POINT('',(2.3,3.7,0.995));
#25 = DIRECTION('',(0.,0.,1.));
#26 = DIRECTION('',(1.,0.,0.));
#27 = AXIS2_PLACEMENT_3D('',#28,#29,#30);
#28 = CARTESIAN_POINT('',(2.3,-3.75,0.995));
#29 = DIRECTION('',(0.,0.,1.));
#30 = DIRECTION('',(1.,0.,0.));
#31 = AXIS2_PLACEMENT_3D('',#32,#33,#34);
#32 = CARTESIAN_POINT('',(0.,0.,0.995));
#33 = DIRECTION('',(0.,0.,1.));
#34 = DIRECTION('',(1.,0.,0.));
#35 = AXIS2_PLACEMENT_3D('',#36,#37,#38);
#36 = CARTESIAN_POINT('',(0.,0.,0.));
#37 = DIRECTION('',(0.,0.,1.));
#38 = DIRECTION('',(1.,0.,-0.));
#39 = ( GEOMETRIC_REPRESENTATION_CONTEXT(3) 
GLOBAL_UNCERTAINTY_ASSIGNED_CONTEXT((#43)) GLOBAL_UNIT_ASSIGNED_CONTEXT(
(#40,#41,#42)) REPRESENTATION_CONTEXT('Context #1',
  '3D Context with UNIT and UNCERTAINTY') );
#40 = ( LENGTH_UNIT() NAMED_UNIT(*) SI_UNIT(.MILLI.,.METRE.) );
#41 = ( NAMED_UNIT(*) PLANE_ANGLE_UNIT() SI_UNIT($,.RADIAN.) );
#42 = ( NAMED_UNIT(*) SI_UNIT($,.STERADIAN.) SOLID_ANGLE_UNIT() );
#43 = UNCERTAINTY_MEASURE_WITH_UNIT(LENGTH_MEASURE(1.E-07),#40,
  'distance_accuracy_value','confusion accuracy');
#44 = PRODUCT_RELATED_PRODUCT_CATEGORY('part',$,(#7));
#45 = SHAPE_DEFINITION_REPRESENTATION(#46,#52);
#46 = PRODUCT_DEFINITION_SHAPE('','',#47);
#47 = PRODUCT_DEFINITION('design','',#48,#51);
#48 = PRODUCT_DEFINITION_FORMATION('','',#49);
#49 = PRODUCT('R_0603_1608Metric','R_0603_1608Metric','',(#50));
#50 = PRODUCT_CONTEXT('',#2,'mechanical');
#51 = PRODUCT_DEFINITION_CONTEXT('part definition',#2,'design');
#52 = SHAPE_REPRESENTATION('',(#11,#53),#57);
#53 = AXIS2_PLACEMENT_3D('',#54,#55,#56);
#54 = CARTESIAN_POINT('',(0.,0.,0.));
#55 = DIRECTION('',(0.,0.,1.));
#56 = DIRECTION('',(1.,0.,-0.));
#57 = ( GEOMETRIC_REPRESENTATION_CONTEXT(3) 
GLOBAL_UNCERTAINTY_ASSIGNED_CONTEXT((#61)) GLOBAL_UNIT_ASSIGNED_CONTEXT(
(#58,#59,#60)) REPRESENTATION_CONTEXT('Context #1',
  '3D Context with UNIT and UNCERTAINTY') );
#58 = ( LENGTH_UNIT() NAMED_UNIT(*) SI_UNIT(.MILLI.,.METRE.) );
#59 = ( NAMED_UNIT(*) PLANE_ANGLE_UNIT() SI_UNIT($,.RADIAN.) );
#60 = ( NAMED_UNIT(*) SI_UNIT($,.STERADIAN.) SOLID_ANGLE_UNIT() );
#61 = UNCERTAINTY_MEASURE_WITH_UNIT(LENGTH_MEASURE(1.E-07),#58,
  'distance_accuracy_value','confusion accuracy');
#62 = CONTEXT_DEPENDENT_SHAPE_REPRESENTATION(#63,#65);
#63 = ( REPRESENTATION_RELATIONSHIP('','',#52,#10) 
REPRESENTATION_RELATIONSHIP_WITH_TRANSFORMATION(#64) 
SHAPE_REPRESENTATION_RELATIONSHIP() );
#64 = ITEM_DEFINED_TRANSFORMATION('','',#11,#15);
#65 = PRODUCT_DEFINITION_SHAPE('Placement','Placement of an item',#66);
#66 = NEXT_ASSEMBLY_USAGE_OCCURRENCE('2','R1','',#5,#47,$);
#67 = PRODUCT_RELATED_PRODUCT_CATEGORY('part',$,(#49));
#68 = SHAPE_DEFINITION_REPRESENTATION(#69,#75);
#69 = PRODUCT_DEFINITION_SHAPE('','',#70);
#70 = PRODUCT_DEFINITION('design','',#71,#74);
#71 = PRODUCT_DEFINITION_FORMATION('','',#72);
#72 = PRODUCT('R_0603_1608Metric','R_0603_1608Metric','',(#73));
#73 = PRODUCT_CONTEXT('',#2,'mechanical');
#74 = PRODUCT_DEFINITION_CONTEXT('part definition',#2,'design');
#75 = ADVANCED_BREP_SHAPE_REPRESENTATION('',(#11,#76),#866);
#76 = MANIFOLD_SOLID_BREP('',#77);
#77 = CLOSED_SHELL('',(#78,#118,#201,#226,#251,#318,#335,#352,#401,#418,
    #435,#484,#501,#570,#601,#625,#694,#718,#735,#752,#769,#786,#803,
    #820,#837,#854));
#78 = ADVANCED_FACE('',(#79),#113,.F.);
#79 = FACE_BOUND('',#80,.F.);
#80 = EDGE_LOOP('',(#81,#91,#99,#107));
#81 = ORIENTED_EDGE('',*,*,#82,.F.);
#82 = EDGE_CURVE('',#83,#85,#87,.T.);
#83 = VERTEX_POINT('',#84);
#84 = CARTESIAN_POINT('',(-0.8,-0.4,4.5E-02));
#85 = VERTEX_POINT('',#86);
#86 = CARTESIAN_POINT('',(-0.8,-0.4,0.405));
#87 = LINE('',#88,#89);
#88 = CARTESIAN_POINT('',(-0.8,-0.4,0.));
#89 = VECTOR('',#90,1.);
#90 = DIRECTION('',(0.,0.,1.));
#91 = ORIENTED_EDGE('',*,*,#92,.T.);
#92 = EDGE_CURVE('',#83,#93,#95,.T.);
#93 = VERTEX_POINT('',#94);
#94 = CARTESIAN_POINT('',(-0.8,0.4,4.5E-02));
#95 = LINE('',#96,#97);
#96 = CARTESIAN_POINT('',(-0.8,-0.4,4.5E-02));
#97 = VECTOR('',#98,1.);
#98 = DIRECTION('',(0.,1.,0.));
#99 = ORIENTED_EDGE('',*,*,#100,.T.);
#100 = EDGE_CURVE('',#93,#101,#103,.T.);
#101 = VERTEX_POINT('',#102);
#102 = CARTESIAN_POINT('',(-0.8,0.4,0.405));
#103 = LINE('',#104,#105);
#104 = CARTESIAN_POINT('',(-0.8,0.4,0.));
#105 = VECTOR('',#106,1.);
#106 = DIRECTION('',(0.,0.,1.));
#107 = ORIENTED_EDGE('',*,*,#108,.F.);
#108 = EDGE_CURVE('',#85,#101,#109,.T.);
#109 = LINE('',#110,#111);
#110 = CARTESIAN_POINT('',(-0.8,-0.4,0.405));
#111 = VECTOR('',#112,1.);
#112 = DIRECTION('',(0.,1.,0.));
#113 = PLANE('',#114);
#114 = AXIS2_PLACEMENT_3D('',#115,#116,#117);
#115 = CARTESIAN_POINT('',(-0.8,-0.4,0.));
#116 = DIRECTION('',(1.,0.,0.));
#117 = DIRECTION('',(0.,0.,1.));
#118 = ADVANCED_FACE('',(#119),#196,.F.);
#119 = FACE_BOUND('',#120,.F.);
#120 = EDGE_LOOP('',(#121,#131,#138,#139,#148,#156,#165,#173,#181,#189)
  );
#121 = ORIENTED_EDGE('',*,*,#122,.F.);
#122 = EDGE_CURVE('',#123,#125,#127,.T.);
#123 = VERTEX_POINT('',#124);
#124 = CARTESIAN_POINT('',(-0.755,-0.4,-2.775557561563E-17));
#125 = VERTEX_POINT('',#126);
#126 = CARTESIAN_POINT('',(-0.545,-0.4,-2.775557561563E-17));
#127 = LINE('',#128,#129);
#128 = CARTESIAN_POINT('',(-0.8,-0.4,0.));
#129 = VECTOR('',#130,1.);
#130 = DIRECTION('',(1.,0.,0.));
#131 = ORIENTED_EDGE('',*,*,#132,.F.);
#132 = EDGE_CURVE('',#83,#123,#133,.T.);
#133 = CIRCLE('',#134,4.5E-02);
#134 = AXIS2_PLACEMENT_3D('',#135,#136,#137);
#135 = CARTESIAN_POINT('',(-0.755,-0.4,4.5E-02));
#136 = DIRECTION('',(0.,-1.,0.));
#137 = DIRECTION('',(0.,0.,1.));
#138 = ORIENTED_EDGE('',*,*,#82,.T.);
#139 = ORIENTED_EDGE('',*,*,#140,.T.);
#140 = EDGE_CURVE('',#85,#141,#143,.T.);
#141 = VERTEX_POINT('',#142);
#142 = CARTESIAN_POINT('',(-0.755,-0.4,0.45));
#143 = CIRCLE('',#144,4.5E-02);
#144 = AXIS2_PLACEMENT_3D('',#145,#146,#147);
#145 = CARTESIAN_POINT('',(-0.755,-0.4,0.405));
#146 = DIRECTION('',(0.,1.,0.));
#147 = DIRECTION('',(0.,-0.,1.));
#148 = ORIENTED_EDGE('',*,*,#149,.T.);
#149 = EDGE_CURVE('',#141,#150,#152,.T.);
#150 = VERTEX_POINT('',#151);
#151 = CARTESIAN_POINT('',(-0.545,-0.4,0.45));
#152 = LINE('',#153,#154);
#153 = CARTESIAN_POINT('',(-0.8,-0.4,0.45));
#154 = VECTOR('',#155,1.);
#155 = DIRECTION('',(1.,0.,0.));
#156 = ORIENTED_EDGE('',*,*,#157,.F.);
#157 = EDGE_CURVE('',#158,#150,#160,.T.);
#158 = VERTEX_POINT('',#159);
#159 = CARTESIAN_POINT('',(-0.5,-0.4,0.405));
#160 = CIRCLE('',#161,4.5E-02);
#161 = AXIS2_PLACEMENT_3D('',#162,#163,#164);
#162 = CARTESIAN_POINT('',(-0.545,-0.4,0.405));
#163 = DIRECTION('',(0.,-1.,0.));
#164 = DIRECTION('',(0.,0.,1.));
#165 = ORIENTED_EDGE('',*,*,#166,.F.);
#166 = EDGE_CURVE('',#167,#158,#169,.T.);
#167 = VERTEX_POINT('',#168);
#168 = CARTESIAN_POINT('',(-0.755,-0.4,0.405));
#169 = LINE('',#170,#171);
#170 = CARTESIAN_POINT('',(-0.755,-0.4,0.405));
#171 = VECTOR('',#172,1.);
#172 = DIRECTION('',(1.,0.,0.));
#173 = ORIENTED_EDGE('',*,*,#174,.F.);
#174 = EDGE_CURVE('',#175,#167,#177,.T.);
#175 = VERTEX_POINT('',#176);
#176 = CARTESIAN_POINT('',(-0.755,-0.4,4.5E-02));
#177 = LINE('',#178,#179);
#178 = CARTESIAN_POINT('',(-0.755,-0.4,4.5E-02));
#179 = VECTOR('',#180,1.);
#180 = DIRECTION('',(0.,0.,1.));
#181 = ORIENTED_EDGE('',*,*,#182,.T.);
#182 = EDGE_CURVE('',#175,#183,#185,.T.);
#183 = VERTEX_POINT('',#184);
#184 = CARTESIAN_POINT('',(-0.5,-0.4,4.5E-02));
#185 = LINE('',#186,#187);
#186 = CARTESIAN_POINT('',(-0.755,-0.4,4.5E-02));
#187 = VECTOR('',#188,1.);
#188 = DIRECTION('',(1.,0.,0.));
#189 = ORIENTED_EDGE('',*,*,#190,.T.);
#190 = EDGE_CURVE('',#183,#125,#191,.T.);
#191 = CIRCLE('',#192,4.5E-02);
#192 = AXIS2_PLACEMENT_3D('',#193,#194,#195);
#193 = CARTESIAN_POINT('',(-0.545,-0.4,4.5E-02));
#194 = DIRECTION('',(0.,1.,0.));
#195 = DIRECTION('',(0.,-0.,1.));
#196 = PLANE('',#197);
#197 = AXIS2_PLACEMENT_3D('',#198,#199,#200);
#198 = CARTESIAN_POINT('',(-0.8,-0.4,0.));
#199 = DIRECTION('',(0.,1.,0.));
#200 = DIRECTION('',(0.,-0.,1.));
#201 = ADVANCED_FACE('',(#202),#221,.T.);
#202 = FACE_BOUND('',#203,.T.);
#203 = EDGE_LOOP('',(#204,#205,#214,#220));
#204 = ORIENTED_EDGE('',*,*,#92,.T.);
#205 = ORIENTED_EDGE('',*,*,#206,.T.);
#206 = EDGE_CURVE('',#93,#207,#209,.T.);
#207 = VERTEX_POINT('',#208);
#208 = CARTESIAN_POINT('',(-0.755,0.4,-2.775557561563E-17));
#209 = CIRCLE('',#210,4.5E-02);
#210 = AXIS2_PLACEMENT_3D('',#211,#212,#213);
#211 = CARTESIAN_POINT('',(-0.755,0.4,4.5E-02));
#212 = DIRECTION('',(0.,-1.,0.));
#213 = DIRECTION('',(0.,0.,1.));
#214 = ORIENTED_EDGE('',*,*,#215,.F.);
#215 = EDGE_CURVE('',#123,#207,#216,.T.);
#216 = LINE('',#217,#218);
#217 = CARTESIAN_POINT('',(-0.755,-0.4,-2.775557561563E-17));
#218 = VECTOR('',#219,1.);
#219 = DIRECTION('',(0.,1.,0.));
#220 = ORIENTED_EDGE('',*,*,#132,.F.);
#221 = CYLINDRICAL_SURFACE('',#222,4.5E-02);
#222 = AXIS2_PLACEMENT_3D('',#223,#224,#225);
#223 = CARTESIAN_POINT('',(-0.755,-0.4,4.5E-02));
#224 = DIRECTION('',(0.,1.,0.));
#225 = DIRECTION('',(-1.,0.,0.));
#226 = ADVANCED_FACE('',(#227),#246,.T.);
#227 = FACE_BOUND('',#228,.T.);
#228 = EDGE_LOOP('',(#229,#230,#238,#245));
#229 = ORIENTED_EDGE('',*,*,#140,.T.);
#230 = ORIENTED_EDGE('',*,*,#231,.T.);
#231 = EDGE_CURVE('',#141,#232,#234,.T.);
#232 = VERTEX_POINT('',#233);
#233 = CARTESIAN_POINT('',(-0.755,0.4,0.45));
#234 = LINE('',#235,#236);
#235 = CARTESIAN_POINT('',(-0.755,-0.4,0.45));
#236 = VECTOR('',#237,1.);
#237 = DIRECTION('',(0.,1.,0.));
#238 = ORIENTED_EDGE('',*,*,#239,.F.);
#239 = EDGE_CURVE('',#101,#232,#240,.T.);
#240 = CIRCLE('',#241,4.5E-02);
#241 = AXIS2_PLACEMENT_3D('',#242,#243,#244);
#242 = CARTESIAN_POINT('',(-0.755,0.4,0.405));
#243 = DIRECTION('',(0.,1.,0.));
#244 = DIRECTION('',(0.,-0.,1.));
#245 = ORIENTED_EDGE('',*,*,#108,.F.);
#246 = CYLINDRICAL_SURFACE('',#247,4.5E-02);
#247 = AXIS2_PLACEMENT_3D('',#248,#249,#250);
#248 = CARTESIAN_POINT('',(-0.755,-0.4,0.405));
#249 = DIRECTION('',(0.,1.,0.));
#250 = DIRECTION('',(-1.,0.,0.));
#251 = ADVANCED_FACE('',(#252),#313,.T.);
#252 = FACE_BOUND('',#253,.T.);
#253 = EDGE_LOOP('',(#254,#262,#263,#264,#265,#273,#282,#290,#298,#306)
  );
#254 = ORIENTED_EDGE('',*,*,#255,.F.);
#255 = EDGE_CURVE('',#207,#256,#258,.T.);
#256 = VERTEX_POINT('',#257);
#257 = CARTESIAN_POINT('',(-0.545,0.4,-2.775557561563E-17));
#258 = LINE('',#259,#260);
#259 = CARTESIAN_POINT('',(-0.8,0.4,0.));
#260 = VECTOR('',#261,1.);
#261 = DIRECTION('',(1.,0.,0.));
#262 = ORIENTED_EDGE('',*,*,#206,.F.);
#263 = ORIENTED_EDGE('',*,*,#100,.T.);
#264 = ORIENTED_EDGE('',*,*,#239,.T.);
#265 = ORIENTED_EDGE('',*,*,#266,.T.);
#266 = EDGE_CURVE('',#232,#267,#269,.T.);
#267 = VERTEX_POINT('',#268);
#268 = CARTESIAN_POINT('',(-0.545,0.4,0.45));
#269 = LINE('',#270,#271);
#270 = CARTESIAN_POINT('',(-0.8,0.4,0.45));
#271 = VECTOR('',#272,1.);
#272 = DIRECTION('',(1.,0.,0.));
#273 = ORIENTED_EDGE('',*,*,#274,.F.);
#274 = EDGE_CURVE('',#275,#267,#277,.T.);
#275 = VERTEX_POINT('',#276);
#276 = CARTESIAN_POINT('',(-0.5,0.4,0.405));
#277 = CIRCLE('',#278,4.5E-02);
#278 = AXIS2_PLACEMENT_3D('',#279,#280,#281);
#279 = CARTESIAN_POINT('',(-0.545,0.4,0.405));
#280 = DIRECTION('',(0.,-1.,0.));
#281 = DIRECTION('',(0.,0.,1.));
#282 = ORIENTED_EDGE('',*,*,#283,.F.);
#283 = EDGE_CURVE('',#284,#275,#286,.T.);
#284 = VERTEX_POINT('',#285);
#285 = CARTESIAN_POINT('',(-0.755,0.4,0.405));
#286 = LINE('',#287,#288);
#287 = CARTESIAN_POINT('',(-0.755,0.4,0.405));
#288 = VECTOR('',#289,1.);
#289 = DIRECTION('',(1.,0.,0.));
#290 = ORIENTED_EDGE('',*,*,#291,.F.);
#291 = EDGE_CURVE('',#292,#284,#294,.T.);
#292 = VERTEX_POINT('',#293);
#293 = CARTESIAN_POINT('',(-0.755,0.4,4.5E-02));
#294 = LINE('',#295,#296);
#295 = CARTESIAN_POINT('',(-0.755,0.4,4.5E-02));
#296 = VECTOR('',#297,1.);
#297 = DIRECTION('',(0.,0.,1.));
#298 = ORIENTED_EDGE('',*,*,#299,.T.);
#299 = EDGE_CURVE('',#292,#300,#302,.T.);
#300 = VERTEX_POINT('',#301);
#301 = CARTESIAN_POINT('',(-0.5,0.4,4.5E-02));
#302 = LINE('',#303,#304);
#303 = CARTESIAN_POINT('',(-0.755,0.4,4.5E-02));
#304 = VECTOR('',#305,1.);
#305 = DIRECTION('',(1.,0.,0.));
#306 = ORIENTED_EDGE('',*,*,#307,.T.);
#307 = EDGE_CURVE('',#300,#256,#308,.T.);
#308 = CIRCLE('',#309,4.5E-02);
#309 = AXIS2_PLACEMENT_3D('',#310,#311,#312);
#310 = CARTESIAN_POINT('',(-0.545,0.4,4.5E-02));
#311 = DIRECTION('',(0.,1.,0.));
#312 = DIRECTION('',(0.,-0.,1.));
#313 = PLANE('',#314);
#314 = AXIS2_PLACEMENT_3D('',#315,#316,#317);
#315 = CARTESIAN_POINT('',(-0.8,0.4,0.));
#316 = DIRECTION('',(0.,1.,0.));
#317 = DIRECTION('',(0.,-0.,1.));
#318 = ADVANCED_FACE('',(#319),#330,.F.);
#319 = FACE_BOUND('',#320,.F.);
#320 = EDGE_LOOP('',(#321,#322,#323,#324));
#321 = ORIENTED_EDGE('',*,*,#255,.F.);
#322 = ORIENTED_EDGE('',*,*,#215,.F.);
#323 = ORIENTED_EDGE('',*,*,#122,.T.);
#324 = ORIENTED_EDGE('',*,*,#325,.T.);
#325 = EDGE_CURVE('',#125,#256,#326,.T.);
#326 = LINE('',#327,#328);
#327 = CARTESIAN_POINT('',(-0.545,-0.4,-2.775557561563E-17));
#328 = VECTOR('',#329,1.);
#329 = DIRECTION('',(0.,1.,0.));
#330 = PLANE('',#331);
#331 = AXIS2_PLACEMENT_3D('',#332,#333,#334);
#332 = CARTESIAN_POINT('',(-0.8,-0.4,0.));
#333 = DIRECTION('',(0.,0.,1.));
#334 = DIRECTION('',(1.,0.,-0.));
#335 = ADVANCED_FACE('',(#336),#347,.T.);
#336 = FACE_BOUND('',#337,.T.);
#337 = EDGE_LOOP('',(#338,#339,#340,#341));
#338 = ORIENTED_EDGE('',*,*,#190,.T.);
#339 = ORIENTED_EDGE('',*,*,#325,.T.);
#340 = ORIENTED_EDGE('',*,*,#307,.F.);
#341 = ORIENTED_EDGE('',*,*,#342,.F.);
#342 = EDGE_CURVE('',#183,#300,#343,.T.);
#343 = LINE('',#344,#345);
#344 = CARTESIAN_POINT('',(-0.5,-0.4,4.5E-02));
#345 = VECTOR('',#346,1.);
#346 = DIRECTION('',(0.,1.,0.));
#347 = CYLINDRICAL_SURFACE('',#348,4.5E-02);
#348 = AXIS2_PLACEMENT_3D('',#349,#350,#351);
#349 = CARTESIAN_POINT('',(-0.545,-0.4,4.5E-02));
#350 = DIRECTION('',(0.,1.,0.));
#351 = DIRECTION('',(1.,0.,0.));
#352 = ADVANCED_FACE('',(#353),#396,.F.);
#353 = FACE_BOUND('',#354,.F.);
#354 = EDGE_LOOP('',(#355,#356,#357,#358,#366,#374,#382,#390));
#355 = ORIENTED_EDGE('',*,*,#182,.F.);
#356 = ORIENTED_EDGE('',*,*,#174,.T.);
#357 = ORIENTED_EDGE('',*,*,#166,.T.);
#358 = ORIENTED_EDGE('',*,*,#359,.T.);
#359 = EDGE_CURVE('',#158,#360,#362,.T.);
#360 = VERTEX_POINT('',#361);
#361 = CARTESIAN_POINT('',(0.5,-0.4,0.405));
#362 = LINE('',#363,#364);
#363 = CARTESIAN_POINT('',(-0.5,-0.4,0.405));
#364 = VECTOR('',#365,1.);
#365 = DIRECTION('',(1.,0.,0.));
#366 = ORIENTED_EDGE('',*,*,#367,.T.);
#367 = EDGE_CURVE('',#360,#368,#370,.T.);
#368 = VERTEX_POINT('',#369);
#369 = CARTESIAN_POINT('',(0.755,-0.4,0.405));
#370 = LINE('',#371,#372);
#371 = CARTESIAN_POINT('',(-0.755,-0.4,0.405));
#372 = VECTOR('',#373,1.);
#373 = DIRECTION('',(1.,0.,0.));
#374 = ORIENTED_EDGE('',*,*,#375,.F.);
#375 = EDGE_CURVE('',#376,#368,#378,.T.);
#376 = VERTEX_POINT('',#377);
#377 = CARTESIAN_POINT('',(0.755,-0.4,4.5E-02));
#378 = LINE('',#379,#380);
#379 = CARTESIAN_POINT('',(0.755,-0.4,4.5E-02));
#380 = VECTOR('',#381,1.);
#381 = DIRECTION('',(0.,0.,1.));
#382 = ORIENTED_EDGE('',*,*,#383,.F.);
#383 = EDGE_CURVE('',#384,#376,#386,.T.);
#384 = VERTEX_POINT('',#385);
#385 = CARTESIAN_POINT('',(0.5,-0.4,4.5E-02));
#386 = LINE('',#387,#388);
#387 = CARTESIAN_POINT('',(-0.755,-0.4,4.5E-02));
#388 = VECTOR('',#389,1.);
#389 = DIRECTION('',(1.,0.,0.));
#390 = ORIENTED_EDGE('',*,*,#391,.F.);
#391 = EDGE_CURVE('',#183,#384,#392,.T.);
#392 = LINE('',#393,#394);
#393 = CARTESIAN_POINT('',(-0.755,-0.4,4.5E-02));
#394 = VECTOR('',#395,1.);
#395 = DIRECTION('',(1.,0.,0.));
#396 = PLANE('',#397);
#397 = AXIS2_PLACEMENT_3D('',#398,#399,#400);
#398 = CARTESIAN_POINT('',(-0.755,-0.4,4.5E-02));
#399 = DIRECTION('',(0.,1.,0.));
#400 = DIRECTION('',(0.,-0.,1.));
#401 = ADVANCED_FACE('',(#402),#413,.T.);
#402 = FACE_BOUND('',#403,.T.);
#403 = EDGE_LOOP('',(#404,#405,#406,#407));
#404 = ORIENTED_EDGE('',*,*,#266,.F.);
#405 = ORIENTED_EDGE('',*,*,#231,.F.);
#406 = ORIENTED_EDGE('',*,*,#149,.T.);
#407 = ORIENTED_EDGE('',*,*,#408,.T.);
#408 = EDGE_CURVE('',#150,#267,#409,.T.);
#409 = LINE('',#410,#411);
#410 = CARTESIAN_POINT('',(-0.545,-0.4,0.45));
#411 = VECTOR('',#412,1.);
#412 = DIRECTION('',(0.,1.,0.));
#413 = PLANE('',#414);
#414 = AXIS2_PLACEMENT_3D('',#415,#416,#417);
#415 = CARTESIAN_POINT('',(-0.8,-0.4,0.45));
#416 = DIRECTION('',(0.,0.,1.));
#417 = DIRECTION('',(1.,0.,-0.));
#418 = ADVANCED_FACE('',(#419),#430,.T.);
#419 = FACE_BOUND('',#420,.T.);
#420 = EDGE_LOOP('',(#421,#427,#428,#429));
#421 = ORIENTED_EDGE('',*,*,#422,.T.);
#422 = EDGE_CURVE('',#158,#275,#423,.T.);
#423 = LINE('',#424,#425);
#424 = CARTESIAN_POINT('',(-0.5,-0.4,0.405));
#425 = VECTOR('',#426,1.);
#426 = DIRECTION('',(0.,1.,0.));
#427 = ORIENTED_EDGE('',*,*,#274,.T.);
#428 = ORIENTED_EDGE('',*,*,#408,.F.);
#429 = ORIENTED_EDGE('',*,*,#157,.F.);
#430 = CYLINDRICAL_SURFACE('',#431,4.5E-02);
#431 = AXIS2_PLACEMENT_3D('',#432,#433,#434);
#432 = CARTESIAN_POINT('',(-0.545,-0.4,0.405));
#433 = DIRECTION('',(0.,1.,0.));
#434 = DIRECTION('',(1.,0.,0.));
#435 = ADVANCED_FACE('',(#436),#479,.T.);
#436 = FACE_BOUND('',#437,.T.);
#437 = EDGE_LOOP('',(#438,#439,#440,#441,#449,#457,#465,#473));
#438 = ORIENTED_EDGE('',*,*,#299,.F.);
#439 = ORIENTED_EDGE('',*,*,#291,.T.);
#440 = ORIENTED_EDGE('',*,*,#283,.T.);
#441 = ORIENTED_EDGE('',*,*,#442,.T.);
#442 = EDGE_CURVE('',#275,#443,#445,.T.);
#443 = VERTEX_POINT('',#444);
#444 = CARTESIAN_POINT('',(0.5,0.4,0.405));
#445 = LINE('',#446,#447);
#446 = CARTESIAN_POINT('',(-0.5,0.4,0.405));
#447 = VECTOR('',#448,1.);
#448 = DIRECTION('',(1.,0.,0.));
#449 = ORIENTED_EDGE('',*,*,#450,.T.);
#450 = EDGE_CURVE('',#443,#451,#453,.T.);
#451 = VERTEX_POINT('',#452);
#452 = CARTESIAN_POINT('',(0.755,0.4,0.405));
#453 = LINE('',#454,#455);
#454 = CARTESIAN_POINT('',(-0.755,0.4,0.405));
#455 = VECTOR('',#456,1.);
#456 = DIRECTION('',(1.,0.,0.));
#457 = ORIENTED_EDGE('',*,*,#458,.F.);
#458 = EDGE_CURVE('',#459,#451,#461,.T.);
#459 = VERTEX_POINT('',#460);
#460 = CARTESIAN_POINT('',(0.755,0.4,4.5E-02));
#461 = LINE('',#462,#463);
#462 = CARTESIAN_POINT('',(0.755,0.4,4.5E-02));
#463 = VECTOR('',#464,1.);
#464 = DIRECTION('',(0.,0.,1.));
#465 = ORIENTED_EDGE('',*,*,#466,.F.);
#466 = EDGE_CURVE('',#467,#459,#469,.T.);
#467 = VERTEX_POINT('',#468);
#468 = CARTESIAN_POINT('',(0.5,0.4,4.5E-02));
#469 = LINE('',#470,#471);
#470 = CARTESIAN_POINT('',(-0.755,0.4,4.5E-02));
#471 = VECTOR('',#472,1.);
#472 = DIRECTION('',(1.,0.,0.));
#473 = ORIENTED_EDGE('',*,*,#474,.F.);
#474 = EDGE_CURVE('',#300,#467,#475,.T.);
#475 = LINE('',#476,#477);
#476 = CARTESIAN_POINT('',(-0.755,0.4,4.5E-02));
#477 = VECTOR('',#478,1.);
#478 = DIRECTION('',(1.,0.,0.));
#479 = PLANE('',#480);
#480 = AXIS2_PLACEMENT_3D('',#481,#482,#483);
#481 = CARTESIAN_POINT('',(-0.755,0.4,4.5E-02));
#482 = DIRECTION('',(0.,1.,0.));
#483 = DIRECTION('',(0.,-0.,1.));
#484 = ADVANCED_FACE('',(#485),#496,.F.);
#485 = FACE_BOUND('',#486,.F.);
#486 = EDGE_LOOP('',(#487,#488,#489,#495));
#487 = ORIENTED_EDGE('',*,*,#342,.F.);
#488 = ORIENTED_EDGE('',*,*,#391,.T.);
#489 = ORIENTED_EDGE('',*,*,#490,.T.);
#490 = EDGE_CURVE('',#384,#467,#491,.T.);
#491 = LINE('',#492,#493);
#492 = CARTESIAN_POINT('',(0.5,-0.4,4.5E-02));
#493 = VECTOR('',#494,1.);
#494 = DIRECTION('',(0.,1.,0.));
#495 = ORIENTED_EDGE('',*,*,#474,.F.);
#496 = PLANE('',#497);
#497 = AXIS2_PLACEMENT_3D('',#498,#499,#500);
#498 = CARTESIAN_POINT('',(-0.755,-0.4,4.5E-02));
#499 = DIRECTION('',(0.,0.,1.));
#500 = DIRECTION('',(1.,0.,-0.));
#501 = ADVANCED_FACE('',(#502),#565,.F.);
#502 = FACE_BOUND('',#503,.F.);
#503 = EDGE_LOOP('',(#504,#514,#521,#522,#523,#524,#533,#541,#550,#558)
  );
#504 = ORIENTED_EDGE('',*,*,#505,.F.);
#505 = EDGE_CURVE('',#506,#508,#510,.T.);
#506 = VERTEX_POINT('',#507);
#507 = CARTESIAN_POINT('',(0.545,-0.4,-2.775557561563E-17));
#508 = VERTEX_POINT('',#509);
#509 = CARTESIAN_POINT('',(0.755,-0.4,-2.775557561563E-17));
#510 = LINE('',#511,#512);
#511 = CARTESIAN_POINT('',(0.5,-0.4,0.));
#512 = VECTOR('',#513,1.);
#513 = DIRECTION('',(1.,0.,0.));
#514 = ORIENTED_EDGE('',*,*,#515,.F.);
#515 = EDGE_CURVE('',#384,#506,#516,.T.);
#516 = CIRCLE('',#517,4.5E-02);
#517 = AXIS2_PLACEMENT_3D('',#518,#519,#520);
#518 = CARTESIAN_POINT('',(0.545,-0.4,4.5E-02));
#519 = DIRECTION('',(0.,-1.,0.));
#520 = DIRECTION('',(0.,0.,1.));
#521 = ORIENTED_EDGE('',*,*,#383,.T.);
#522 = ORIENTED_EDGE('',*,*,#375,.T.);
#523 = ORIENTED_EDGE('',*,*,#367,.F.);
#524 = ORIENTED_EDGE('',*,*,#525,.T.);
#525 = EDGE_CURVE('',#360,#526,#528,.T.);
#526 = VERTEX_POINT('',#527);
#527 = CARTESIAN_POINT('',(0.545,-0.4,0.45));
#528 = CIRCLE('',#529,4.5E-02);
#529 = AXIS2_PLACEMENT_3D('',#530,#531,#532);
#530 = CARTESIAN_POINT('',(0.545,-0.4,0.405));
#531 = DIRECTION('',(0.,1.,0.));
#532 = DIRECTION('',(0.,-0.,1.));
#533 = ORIENTED_EDGE('',*,*,#534,.T.);
#534 = EDGE_CURVE('',#526,#535,#537,.T.);
#535 = VERTEX_POINT('',#536);
#536 = CARTESIAN_POINT('',(0.755,-0.4,0.45));
#537 = LINE('',#538,#539);
#538 = CARTESIAN_POINT('',(0.5,-0.4,0.45));
#539 = VECTOR('',#540,1.);
#540 = DIRECTION('',(1.,0.,0.));
#541 = ORIENTED_EDGE('',*,*,#542,.F.);
#542 = EDGE_CURVE('',#543,#535,#545,.T.);
#543 = VERTEX_POINT('',#544);
#544 = CARTESIAN_POINT('',(0.8,-0.4,0.405));
#545 = CIRCLE('',#546,4.5E-02);
#546 = AXIS2_PLACEMENT_3D('',#547,#548,#549);
#547 = CARTESIAN_POINT('',(0.755,-0.4,0.405));
#548 = DIRECTION('',(0.,-1.,0.));
#549 = DIRECTION('',(0.,0.,1.));
#550 = ORIENTED_EDGE('',*,*,#551,.F.);
#551 = EDGE_CURVE('',#552,#543,#554,.T.);
#552 = VERTEX_POINT('',#553);
#553 = CARTESIAN_POINT('',(0.8,-0.4,4.5E-02));
#554 = LINE('',#555,#556);
#555 = CARTESIAN_POINT('',(0.8,-0.4,0.));
#556 = VECTOR('',#557,1.);
#557 = DIRECTION('',(0.,0.,1.));
#558 = ORIENTED_EDGE('',*,*,#559,.T.);
#559 = EDGE_CURVE('',#552,#508,#560,.T.);
#560 = CIRCLE('',#561,4.5E-02);
#561 = AXIS2_PLACEMENT_3D('',#562,#563,#564);
#562 = CARTESIAN_POINT('',(0.755,-0.4,4.5E-02));
#563 = DIRECTION('',(0.,1.,0.));
#564 = DIRECTION('',(0.,-0.,1.));
#565 = PLANE('',#566);
#566 = AXIS2_PLACEMENT_3D('',#567,#568,#569);
#567 = CARTESIAN_POINT('',(0.5,-0.4,0.));
#568 = DIRECTION('',(0.,1.,0.));
#569 = DIRECTION('',(0.,-0.,1.));
#570 = ADVANCED_FACE('',(#571),#596,.F.);
#571 = FACE_BOUND('',#572,.F.);
#572 = EDGE_LOOP('',(#573,#574,#582,#590));
#573 = ORIENTED_EDGE('',*,*,#359,.F.);
#574 = ORIENTED_EDGE('',*,*,#575,.T.);
#575 = EDGE_CURVE('',#158,#576,#578,.T.);
#576 = VERTEX_POINT('',#577);
#577 = CARTESIAN_POINT('',(-0.5,-0.4,0.45));
#578 = LINE('',#579,#580);
#579 = CARTESIAN_POINT('',(-0.5,-0.4,0.405));
#580 = VECTOR('',#581,1.);
#581 = DIRECTION('',(0.,0.,1.));
#582 = ORIENTED_EDGE('',*,*,#583,.T.);
#583 = EDGE_CURVE('',#576,#584,#586,.T.);
#584 = VERTEX_POINT('',#585);
#585 = CARTESIAN_POINT('',(0.5,-0.4,0.45));
#586 = LINE('',#587,#588);
#587 = CARTESIAN_POINT('',(-0.5,-0.4,0.45));
#588 = VECTOR('',#589,1.);
#589 = DIRECTION('',(1.,0.,0.));
#590 = ORIENTED_EDGE('',*,*,#591,.F.);
#591 = EDGE_CURVE('',#360,#584,#592,.T.);
#592 = LINE('',#593,#594);
#593 = CARTESIAN_POINT('',(0.5,-0.4,0.405));
#594 = VECTOR('',#595,1.);
#595 = DIRECTION('',(0.,0.,1.));
#596 = PLANE('',#597);
#597 = AXIS2_PLACEMENT_3D('',#598,#599,#600);
#598 = CARTESIAN_POINT('',(-0.5,-0.4,0.405));
#599 = DIRECTION('',(0.,1.,0.));
#600 = DIRECTION('',(0.,-0.,1.));
#601 = ADVANCED_FACE('',(#602),#620,.F.);
#602 = FACE_BOUND('',#603,.F.);
#603 = EDGE_LOOP('',(#604,#605,#606,#614));
#604 = ORIENTED_EDGE('',*,*,#575,.F.);
#605 = ORIENTED_EDGE('',*,*,#422,.T.);
#606 = ORIENTED_EDGE('',*,*,#607,.T.);
#607 = EDGE_CURVE('',#275,#608,#610,.T.);
#608 = VERTEX_POINT('',#609);
#609 = CARTESIAN_POINT('',(-0.5,0.4,0.45));
#610 = LINE('',#611,#612);
#611 = CARTESIAN_POINT('',(-0.5,0.4,0.405));
#612 = VECTOR('',#613,1.);
#613 = DIRECTION('',(0.,0.,1.));
#614 = ORIENTED_EDGE('',*,*,#615,.F.);
#615 = EDGE_CURVE('',#576,#608,#616,.T.);
#616 = LINE('',#617,#618);
#617 = CARTESIAN_POINT('',(-0.5,-0.4,0.45));
#618 = VECTOR('',#619,1.);
#619 = DIRECTION('',(0.,1.,0.));
#620 = PLANE('',#621);
#621 = AXIS2_PLACEMENT_3D('',#622,#623,#624);
#622 = CARTESIAN_POINT('',(-0.5,-0.4,0.405));
#623 = DIRECTION('',(1.,0.,0.));
#624 = DIRECTION('',(0.,0.,1.));
#625 = ADVANCED_FACE('',(#626),#689,.T.);
#626 = FACE_BOUND('',#627,.T.);
#627 = EDGE_LOOP('',(#628,#638,#645,#646,#647,#648,#657,#665,#674,#682)
  );
#628 = ORIENTED_EDGE('',*,*,#629,.F.);
#629 = EDGE_CURVE('',#630,#632,#634,.T.);
#630 = VERTEX_POINT('',#631);
#631 = CARTESIAN_POINT('',(0.545,0.4,-2.775557561563E-17));
#632 = VERTEX_POINT('',#633);
#633 = CARTESIAN_POINT('',(0.755,0.4,-2.775557561563E-17));
#634 = LINE('',#635,#636);
#635 = CARTESIAN_POINT('',(0.5,0.4,0.));
#636 = VECTOR('',#637,1.);
#637 = DIRECTION('',(1.,0.,0.));
#638 = ORIENTED_EDGE('',*,*,#639,.F.);
#639 = EDGE_CURVE('',#467,#630,#640,.T.);
#640 = CIRCLE('',#641,4.5E-02);
#641 = AXIS2_PLACEMENT_3D('',#642,#643,#644);
#642 = CARTESIAN_POINT('',(0.545,0.4,4.5E-02));
#643 = DIRECTION('',(0.,-1.,0.));
#644 = DIRECTION('',(0.,0.,1.));
#645 = ORIENTED_EDGE('',*,*,#466,.T.);
#646 = ORIENTED_EDGE('',*,*,#458,.T.);
#647 = ORIENTED_EDGE('',*,*,#450,.F.);
#648 = ORIENTED_EDGE('',*,*,#649,.T.);
#649 = EDGE_CURVE('',#443,#650,#652,.T.);
#650 = VERTEX_POINT('',#651);
#651 = CARTESIAN_POINT('',(0.545,0.4,0.45));
#652 = CIRCLE('',#653,4.5E-02);
#653 = AXIS2_PLACEMENT_3D('',#654,#655,#656);
#654 = CARTESIAN_POINT('',(0.545,0.4,0.405));
#655 = DIRECTION('',(0.,1.,0.));
#656 = DIRECTION('',(0.,-0.,1.));
#657 = ORIENTED_EDGE('',*,*,#658,.T.);
#658 = EDGE_CURVE('',#650,#659,#661,.T.);
#659 = VERTEX_POINT('',#660);
#660 = CARTESIAN_POINT('',(0.755,0.4,0.45));
#661 = LINE('',#662,#663);
#662 = CARTESIAN_POINT('',(0.5,0.4,0.45));
#663 = VECTOR('',#664,1.);
#664 = DIRECTION('',(1.,0.,0.));
#665 = ORIENTED_EDGE('',*,*,#666,.F.);
#666 = EDGE_CURVE('',#667,#659,#669,.T.);
#667 = VERTEX_POINT('',#668);
#668 = CARTESIAN_POINT('',(0.8,0.4,0.405));
#669 = CIRCLE('',#670,4.5E-02);
#670 = AXIS2_PLACEMENT_3D('',#671,#672,#673);
#671 = CARTESIAN_POINT('',(0.755,0.4,0.405));
#672 = DIRECTION('',(0.,-1.,0.));
#673 = DIRECTION('',(0.,0.,1.));
#674 = ORIENTED_EDGE('',*,*,#675,.F.);
#675 = EDGE_CURVE('',#676,#667,#678,.T.);
#676 = VERTEX_POINT('',#677);
#677 = CARTESIAN_POINT('',(0.8,0.4,4.5E-02));
#678 = LINE('',#679,#680);
#679 = CARTESIAN_POINT('',(0.8,0.4,0.));
#680 = VECTOR('',#681,1.);
#681 = DIRECTION('',(0.,0.,1.));
#682 = ORIENTED_EDGE('',*,*,#683,.T.);
#683 = EDGE_CURVE('',#676,#632,#684,.T.);
#684 = CIRCLE('',#685,4.5E-02);
#685 = AXIS2_PLACEMENT_3D('',#686,#687,#688);
#686 = CARTESIAN_POINT('',(0.755,0.4,4.5E-02));
#687 = DIRECTION('',(0.,1.,0.));
#688 = DIRECTION('',(0.,-0.,1.));
#689 = PLANE('',#690);
#690 = AXIS2_PLACEMENT_3D('',#691,#692,#693);
#691 = CARTESIAN_POINT('',(0.5,0.4,0.));
#692 = DIRECTION('',(0.,1.,0.));
#693 = DIRECTION('',(0.,-0.,1.));
#694 = ADVANCED_FACE('',(#695),#713,.T.);
#695 = FACE_BOUND('',#696,.T.);
#696 = EDGE_LOOP('',(#697,#698,#699,#707));
#697 = ORIENTED_EDGE('',*,*,#442,.F.);
#698 = ORIENTED_EDGE('',*,*,#607,.T.);
#699 = ORIENTED_EDGE('',*,*,#700,.T.);
#700 = EDGE_CURVE('',#608,#701,#703,.T.);
#701 = VERTEX_POINT('',#702);
#702 = CARTESIAN_POINT('',(0.5,0.4,0.45));
#703 = LINE('',#704,#705);
#704 = CARTESIAN_POINT('',(-0.5,0.4,0.45));
#705 = VECTOR('',#706,1.);
#706 = DIRECTION('',(1.,0.,0.));
#707 = ORIENTED_EDGE('',*,*,#708,.F.);
#708 = EDGE_CURVE('',#443,#701,#709,.T.);
#709 = LINE('',#710,#711);
#710 = CARTESIAN_POINT('',(0.5,0.4,0.405));
#711 = VECTOR('',#712,1.);
#712 = DIRECTION('',(0.,0.,1.));
#713 = PLANE('',#714);
#714 = AXIS2_PLACEMENT_3D('',#715,#716,#717);
#715 = CARTESIAN_POINT('',(-0.5,0.4,0.405));
#716 = DIRECTION('',(0.,1.,0.));
#717 = DIRECTION('',(0.,-0.,1.));
#718 = ADVANCED_FACE('',(#719),#730,.T.);
#719 = FACE_BOUND('',#720,.T.);
#720 = EDGE_LOOP('',(#721,#722,#723,#729));
#721 = ORIENTED_EDGE('',*,*,#490,.T.);
#722 = ORIENTED_EDGE('',*,*,#639,.T.);
#723 = ORIENTED_EDGE('',*,*,#724,.F.);
#724 = EDGE_CURVE('',#506,#630,#725,.T.);
#725 = LINE('',#726,#727);
#726 = CARTESIAN_POINT('',(0.545,-0.4,-2.775557561563E-17));
#727 = VECTOR('',#728,1.);
#728 = DIRECTION('',(0.,1.,0.));
#729 = ORIENTED_EDGE('',*,*,#515,.F.);
#730 = CYLINDRICAL_SURFACE('',#731,4.5E-02);
#731 = AXIS2_PLACEMENT_3D('',#732,#733,#734);
#732 = CARTESIAN_POINT('',(0.545,-0.4,4.5E-02));
#733 = DIRECTION('',(0.,1.,0.));
#734 = DIRECTION('',(-1.,0.,0.));
#735 = ADVANCED_FACE('',(#736),#747,.F.);
#736 = FACE_BOUND('',#737,.F.);
#737 = EDGE_LOOP('',(#738,#739,#740,#741));
#738 = ORIENTED_EDGE('',*,*,#629,.F.);
#739 = ORIENTED_EDGE('',*,*,#724,.F.);
#740 = ORIENTED_EDGE('',*,*,#505,.T.);
#741 = ORIENTED_EDGE('',*,*,#742,.T.);
#742 = EDGE_CURVE('',#508,#632,#743,.T.);
#743 = LINE('',#744,#745);
#744 = CARTESIAN_POINT('',(0.755,-0.4,-2.775557561563E-17));
#745 = VECTOR('',#746,1.);
#746 = DIRECTION('',(0.,1.,0.));
#747 = PLANE('',#748);
#748 = AXIS2_PLACEMENT_3D('',#749,#750,#751);
#749 = CARTESIAN_POINT('',(0.5,-0.4,0.));
#750 = DIRECTION('',(0.,0.,1.));
#751 = DIRECTION('',(1.,0.,-0.));
#752 = ADVANCED_FACE('',(#753),#764,.T.);
#753 = FACE_BOUND('',#754,.T.);
#754 = EDGE_LOOP('',(#755,#756,#757,#758));
#755 = ORIENTED_EDGE('',*,*,#559,.T.);
#756 = ORIENTED_EDGE('',*,*,#742,.T.);
#757 = ORIENTED_EDGE('',*,*,#683,.F.);
#758 = ORIENTED_EDGE('',*,*,#759,.F.);
#759 = EDGE_CURVE('',#552,#676,#760,.T.);
#760 = LINE('',#761,#762);
#761 = CARTESIAN_POINT('',(0.8,-0.4,4.5E-02));
#762 = VECTOR('',#763,1.);
#763 = DIRECTION('',(0.,1.,0.));
#764 = CYLINDRICAL_SURFACE('',#765,4.5E-02);
#765 = AXIS2_PLACEMENT_3D('',#766,#767,#768);
#766 = CARTESIAN_POINT('',(0.755,-0.4,4.5E-02));
#767 = DIRECTION('',(0.,1.,0.));
#768 = DIRECTION('',(1.,0.,0.));
#769 = ADVANCED_FACE('',(#770),#781,.T.);
#770 = FACE_BOUND('',#771,.T.);
#771 = EDGE_LOOP('',(#772,#773,#774,#775));
#772 = ORIENTED_EDGE('',*,*,#551,.F.);
#773 = ORIENTED_EDGE('',*,*,#759,.T.);
#774 = ORIENTED_EDGE('',*,*,#675,.T.);
#775 = ORIENTED_EDGE('',*,*,#776,.F.);
#776 = EDGE_CURVE('',#543,#667,#777,.T.);
#777 = LINE('',#778,#779);
#778 = CARTESIAN_POINT('',(0.8,-0.4,0.405));
#779 = VECTOR('',#780,1.);
#780 = DIRECTION('',(0.,1.,0.));
#781 = PLANE('',#782);
#782 = AXIS2_PLACEMENT_3D('',#783,#784,#785);
#783 = CARTESIAN_POINT('',(0.8,-0.4,0.));
#784 = DIRECTION('',(1.,0.,0.));
#785 = DIRECTION('',(0.,0.,1.));
#786 = ADVANCED_FACE('',(#787),#798,.T.);
#787 = FACE_BOUND('',#788,.T.);
#788 = EDGE_LOOP('',(#789,#790,#791,#797));
#789 = ORIENTED_EDGE('',*,*,#776,.T.);
#790 = ORIENTED_EDGE('',*,*,#666,.T.);
#791 = ORIENTED_EDGE('',*,*,#792,.F.);
#792 = EDGE_CURVE('',#535,#659,#793,.T.);
#793 = LINE('',#794,#795);
#794 = CARTESIAN_POINT('',(0.755,-0.4,0.45));
#795 = VECTOR('',#796,1.);
#796 = DIRECTION('',(0.,1.,0.));
#797 = ORIENTED_EDGE('',*,*,#542,.F.);
#798 = CYLINDRICAL_SURFACE('',#799,4.5E-02);
#799 = AXIS2_PLACEMENT_3D('',#800,#801,#802);
#800 = CARTESIAN_POINT('',(0.755,-0.4,0.405));
#801 = DIRECTION('',(0.,1.,0.));
#802 = DIRECTION('',(1.,0.,0.));
#803 = ADVANCED_FACE('',(#804),#815,.T.);
#804 = FACE_BOUND('',#805,.T.);
#805 = EDGE_LOOP('',(#806,#807,#813,#814));
#806 = ORIENTED_EDGE('',*,*,#658,.F.);
#807 = ORIENTED_EDGE('',*,*,#808,.F.);
#808 = EDGE_CURVE('',#526,#650,#809,.T.);
#809 = LINE('',#810,#811);
#810 = CARTESIAN_POINT('',(0.545,-0.4,0.45));
#811 = VECTOR('',#812,1.);
#812 = DIRECTION('',(0.,1.,0.));
#813 = ORIENTED_EDGE('',*,*,#534,.T.);
#814 = ORIENTED_EDGE('',*,*,#792,.T.);
#815 = PLANE('',#816);
#816 = AXIS2_PLACEMENT_3D('',#817,#818,#819);
#817 = CARTESIAN_POINT('',(0.5,-0.4,0.45));
#818 = DIRECTION('',(0.,0.,1.));
#819 = DIRECTION('',(1.,0.,-0.));
#820 = ADVANCED_FACE('',(#821),#832,.T.);
#821 = FACE_BOUND('',#822,.T.);
#822 = EDGE_LOOP('',(#823,#824,#825,#826));
#823 = ORIENTED_EDGE('',*,*,#525,.T.);
#824 = ORIENTED_EDGE('',*,*,#808,.T.);
#825 = ORIENTED_EDGE('',*,*,#649,.F.);
#826 = ORIENTED_EDGE('',*,*,#827,.F.);
#827 = EDGE_CURVE('',#360,#443,#828,.T.);
#828 = LINE('',#829,#830);
#829 = CARTESIAN_POINT('',(0.5,-0.4,0.405));
#830 = VECTOR('',#831,1.);
#831 = DIRECTION('',(0.,1.,0.));
#832 = CYLINDRICAL_SURFACE('',#833,4.5E-02);
#833 = AXIS2_PLACEMENT_3D('',#834,#835,#836);
#834 = CARTESIAN_POINT('',(0.545,-0.4,0.405));
#835 = DIRECTION('',(0.,1.,0.));
#836 = DIRECTION('',(-1.,0.,0.));
#837 = ADVANCED_FACE('',(#838),#849,.T.);
#838 = FACE_BOUND('',#839,.T.);
#839 = EDGE_LOOP('',(#840,#841,#842,#843));
#840 = ORIENTED_EDGE('',*,*,#591,.F.);
#841 = ORIENTED_EDGE('',*,*,#827,.T.);
#842 = ORIENTED_EDGE('',*,*,#708,.T.);
#843 = ORIENTED_EDGE('',*,*,#844,.F.);
#844 = EDGE_CURVE('',#584,#701,#845,.T.);
#845 = LINE('',#846,#847);
#846 = CARTESIAN_POINT('',(0.5,-0.4,0.45));
#847 = VECTOR('',#848,1.);
#848 = DIRECTION('',(0.,1.,0.));
#849 = PLANE('',#850);
#850 = AXIS2_PLACEMENT_3D('',#851,#852,#853);
#851 = CARTESIAN_POINT('',(0.5,-0.4,0.405));
#852 = DIRECTION('',(1.,0.,0.));
#853 = DIRECTION('',(0.,0.,1.));
#854 = ADVANCED_FACE('',(#855),#861,.T.);
#855 = FACE_BOUND('',#856,.T.);
#856 = EDGE_LOOP('',(#857,#858,#859,#860));
#857 = ORIENTED_EDGE('',*,*,#615,.F.);
#858 = ORIENTED_EDGE('',*,*,#583,.T.);
#859 = ORIENTED_EDGE('',*,*,#844,.T.);
#860 = ORIENTED_EDGE('',*,*,#700,.F.);
#861 = PLANE('',#862);
#862 = AXIS2_PLACEMENT_3D('',#863,#864,#865);
#863 = CARTESIAN_POINT('',(-0.5,-0.4,0.45));
#864 = DIRECTION('',(0.,0.,1.));
#865 = DIRECTION('',(1.,0.,-0.));
#866 = ( GEOMETRIC_REPRESENTATION_CONTEXT(3) 
GLOBAL_UNCERTAINTY_ASSIGNED_CONTEXT((#870)) GLOBAL_UNIT_ASSIGNED_CONTEXT
((#867,#868,#869)) REPRESENTATION_CONTEXT('Context #1',
  '3D Context with UNIT and UNCERTAINTY') );
#867 = ( LENGTH_UNIT() NAMED_UNIT(*) SI_UNIT(.MILLI.,.METRE.) );
#868 = ( NAMED_UNIT(*) PLANE_ANGLE_UNIT() SI_UNIT($,.RADIAN.) );
#869 = ( NAMED_UNIT(*) SI_UNIT($,.STERADIAN.) SOLID_ANGLE_UNIT() );
#870 = UNCERTAINTY_MEASURE_WITH_UNIT(LENGTH_MEASURE(1.E-07),#867,
  'distance_accuracy_value','confusion accuracy');
#871 = CONTEXT_DEPENDENT_SHAPE_REPRESENTATION(#872,#874);
#872 = ( REPRESENTATION_RELATIONSHIP('','',#75,#52) 
REPRESENTATION_RELATIONSHIP_WITH_TRANSFORMATION(#873) 
SHAPE_REPRESENTATION_RELATIONSHIP() );
#873 = ITEM_DEFINED_TRANSFORMATION('','',#11,#53);
#874 = PRODUCT_DEFINITION_SHAPE('Placement','Placement of an item',#875
  );
#875 = NEXT_ASSEMBLY_USAGE_OCCURRENCE('1','=>[0:1:1:3]','',#47,#70,$);
#876 = PRODUCT_RELATED_PRODUCT_CATEGORY('part',$,(#72));
#877 = CONTEXT_DEPENDENT_SHAPE_REPRESENTATION(#878,#880);
#878 = ( REPRESENTATION_RELATIONSHIP('','',#52,#10) 
REPRESENTATION_RELATIONSHIP_WITH_TRANSFORMATION(#879) 
SHAPE_REPRESENTATION_RELATIONSHIP() );
#879 = ITEM_DEFINED_TRANSFORMATION('','',#11,#19);
#880 = PRODUCT_DEFINITION_SHAPE('Placement','Placement of an item',#881
  );
#881 = NEXT_ASSEMBLY_USAGE_OCCURRENCE('3','R2','',#5,#47,$);
#882 = SHAPE_DEFINITION_REPRESENTATION(#883,#889);
#883 = PRODUCT_DEFINITION_SHAPE('','',#884);
#884 = PRODUCT_DEFINITION('design','',#885,#888);
#885 = PRODUCT_DEFINITION_FORMATION('','',#886);
#886 = PRODUCT('C_0603_1608Metric','C_0603_1608Metric','',(#887));
#887 = PRODUCT_CONTEXT('',#2,'mechanical');
#888 = PRODUCT_DEFINITION_CONTEXT('part definition',#2,'design');
#889 = SHAPE_REPRESENTATION('',(#11,#890),#894);
#890 = AXIS2_PLACEMENT_3D('',#891,#892,#893);
#891 = CARTESIAN_POINT('',(0.,0.,0.));
#892 = DIRECTION('',(0.,0.,1.));
#893 = DIRECTION('',(1.,0.,-0.));
#894 = ( GEOMETRIC_REPRESENTATION_CONTEXT(3) 
GLOBAL_UNCERTAINTY_ASSIGNED_CONTEXT((#898)) GLOBAL_UNIT_ASSIGNED_CONTEXT
((#895,#896,#897)) REPRESENTATION_CONTEXT('Context #1',
  '3D Context with UNIT and UNCERTAINTY') );
#895 = ( LENGTH_UNIT() NAMED_UNIT(*) SI_UNIT(.MILLI.,.METRE.) );
#896 = ( NAMED_UNIT(*) PLANE_ANGLE_UNIT() SI_UNIT($,.RADIAN.) );
#897 = ( NAMED_UNIT(*) SI_UNIT($,.STERADIAN.) SOLID_ANGLE_UNIT() );
#898 = UNCERTAINTY_MEASURE_WITH_UNIT(LENGTH_MEASURE(1.E-07),#895,
  'distance_accuracy_value','confusion accuracy');
#899 = CONTEXT_DEPENDENT_SHAPE_REPRESENTATION(#900,#902);
#900 = ( REPRESENTATION_RELATIONSHIP('','',#889,#10) 
REPRESENTATION_RELATIONSHIP_WITH_TRANSFORMATION(#901) 
SHAPE_REPRESENTATION_RELATIONSHIP() );
#901 = ITEM_DEFINED_TRANSFORMATION('','',#11,#23);
#902 = PRODUCT_DEFINITION_SHAPE('Placement','Placement of an item',#903
  );
#903 = NEXT_ASSEMBLY_USAGE_OCCURRENCE('5','C1','',#5,#884,$);
#904 = PRODUCT_RELATED_PRODUCT_CATEGORY('part',$,(#886));
#905 = SHAPE_DEFINITION_REPRESENTATION(#906,#912);
#906 = PRODUCT_DEFINITION_SHAPE('','',#907);
#907 = PRODUCT_DEFINITION('design','',#908,#911);
#908 = PRODUCT_DEFINITION_FORMATION('','',#909);
#909 = PRODUCT('C_0603_1608Metric','C_0603_1608Metric','',(#910));
#910 = PRODUCT_CONTEXT('',#2,'mechanical');
#911 = PRODUCT_DEFINITION_CONTEXT('part definition',#2,'design');
#912 = ADVANCED_BREP_SHAPE_REPRESENTATION('',(#11,#913),#1767);
#913 = MANIFOLD_SOLID_BREP('',#914);
#914 = CLOSED_SHELL('',(#915,#991,#1022,#1047,#1072,#1096,#1120,#1145,
    #1170,#1187,#1273,#1305,#1329,#1354,#1378,#1403,#1427,#1452,#1469,
    #1555,#1586,#1611,#1636,#1660,#1684,#1709,#1734,#1751));
#915 = ADVANCED_FACE('',(#916),#986,.F.);
#916 = FACE_BOUND('',#917,.F.);
#917 = EDGE_LOOP('',(#918,#928,#937,#945,#954,#962,#971,#979));
#918 = ORIENTED_EDGE('',*,*,#919,.F.);
#919 = EDGE_CURVE('',#920,#922,#924,.T.);
#920 = VERTEX_POINT('',#921);
#921 = CARTESIAN_POINT('',(-0.8,-0.4,3.E-02));
#922 = VERTEX_POINT('',#923);
#923 = CARTESIAN_POINT('',(-0.8,-0.4,0.77));
#924 = LINE('',#925,#926);
#925 = CARTESIAN_POINT('',(-0.8,-0.4,0.));
#926 = VECTOR('',#927,1.);
#927 = DIRECTION('',(0.,0.,1.));
#928 = ORIENTED_EDGE('',*,*,#929,.T.);
#929 = EDGE_CURVE('',#920,#930,#932,.T.);
#930 = VERTEX_POINT('',#931);
#931 = CARTESIAN_POINT('',(-0.8,-0.37,0.));
#932 = CIRCLE('',#933,3.E-02);
#933 = AXIS2_PLACEMENT_3D('',#934,#935,#936);
#934 = CARTESIAN_POINT('',(-0.8,-0.37,3.E-02));
#935 = DIRECTION('',(1.,0.,-0.));
#936 = DIRECTION('',(0.,0.,1.));
#937 = ORIENTED_EDGE('',*,*,#938,.T.);
#938 = EDGE_CURVE('',#930,#939,#941,.T.);
#939 = VERTEX_POINT('',#940);
#940 = CARTESIAN_POINT('',(-0.8,0.37,0.));
#941 = LINE('',#942,#943);
#942 = CARTESIAN_POINT('',(-0.8,-0.4,0.));
#943 = VECTOR('',#944,1.);
#944 = DIRECTION('',(0.,1.,0.));
#945 = ORIENTED_EDGE('',*,*,#946,.F.);
#946 = EDGE_CURVE('',#947,#939,#949,.T.);
#947 = VERTEX_POINT('',#948);
#948 = CARTESIAN_POINT('',(-0.8,0.4,3.E-02));
#949 = CIRCLE('',#950,3.E-02);
#950 = AXIS2_PLACEMENT_3D('',#951,#952,#953);
#951 = CARTESIAN_POINT('',(-0.8,0.37,3.E-02));
#952 = DIRECTION('',(-1.,0.,0.));
#953 = DIRECTION('',(0.,0.,1.));
#954 = ORIENTED_EDGE('',*,*,#955,.T.);
#955 = EDGE_CURVE('',#947,#956,#958,.T.);
#956 = VERTEX_POINT('',#957);
#957 = CARTESIAN_POINT('',(-0.8,0.4,0.77));
#958 = LINE('',#959,#960);
#959 = CARTESIAN_POINT('',(-0.8,0.4,0.));
#960 = VECTOR('',#961,1.);
#961 = DIRECTION('',(0.,0.,1.));
#962 = ORIENTED_EDGE('',*,*,#963,.T.);
#963 = EDGE_CURVE('',#956,#964,#966,.T.);
#964 = VERTEX_POINT('',#965);
#965 = CARTESIAN_POINT('',(-0.8,0.37,0.8));
#966 = CIRCLE('',#967,3.E-02);
#967 = AXIS2_PLACEMENT_3D('',#968,#969,#970);
#968 = CARTESIAN_POINT('',(-0.8,0.37,0.77));
#969 = DIRECTION('',(1.,0.,-0.));
#970 = DIRECTION('',(0.,0.,1.));
#971 = ORIENTED_EDGE('',*,*,#972,.F.);
#972 = EDGE_CURVE('',#973,#964,#975,.T.);
#973 = VERTEX_POINT('',#974);
#974 = CARTESIAN_POINT('',(-0.8,-0.37,0.8));
#975 = LINE('',#976,#977);
#976 = CARTESIAN_POINT('',(-0.8,-0.4,0.8));
#977 = VECTOR('',#978,1.);
#978 = DIRECTION('',(0.,1.,0.));
#979 = ORIENTED_EDGE('',*,*,#980,.F.);
#980 = EDGE_CURVE('',#922,#973,#981,.T.);
#981 = CIRCLE('',#982,3.E-02);
#982 = AXIS2_PLACEMENT_3D('',#983,#984,#985);
#983 = CARTESIAN_POINT('',(-0.8,-0.37,0.77));
#984 = DIRECTION('',(-1.,0.,0.));
#985 = DIRECTION('',(0.,0.,1.));
#986 = PLANE('',#987);
#987 = AXIS2_PLACEMENT_3D('',#988,#989,#990);
#988 = CARTESIAN_POINT('',(-0.8,-0.4,0.));
#989 = DIRECTION('',(1.,0.,0.));
#990 = DIRECTION('',(0.,0.,1.));
#991 = ADVANCED_FACE('',(#992),#1017,.F.);
#992 = FACE_BOUND('',#993,.F.);
#993 = EDGE_LOOP('',(#994,#1004,#1010,#1011));
#994 = ORIENTED_EDGE('',*,*,#995,.F.);
#995 = EDGE_CURVE('',#996,#998,#1000,.T.);
#996 = VERTEX_POINT('',#997);
#997 = CARTESIAN_POINT('',(-0.5,-0.4,3.E-02));
#998 = VERTEX_POINT('',#999);
#999 = CARTESIAN_POINT('',(-0.5,-0.4,0.77));
#1000 = LINE('',#1001,#1002);
#1001 = CARTESIAN_POINT('',(-0.5,-0.4,0.));
#1002 = VECTOR('',#1003,1.);
#1003 = DIRECTION('',(0.,0.,1.));
#1004 = ORIENTED_EDGE('',*,*,#1005,.F.);
#1005 = EDGE_CURVE('',#920,#996,#1006,.T.);
#1006 = LINE('',#1007,#1008);
#1007 = CARTESIAN_POINT('',(-0.8,-0.4,3.E-02));
#1008 = VECTOR('',#1009,1.);
#1009 = DIRECTION('',(1.,0.,0.));
#1010 = ORIENTED_EDGE('',*,*,#919,.T.);
#1011 = ORIENTED_EDGE('',*,*,#1012,.T.);
#1012 = EDGE_CURVE('',#922,#998,#1013,.T.);
#1013 = LINE('',#1014,#1015);
#1014 = CARTESIAN_POINT('',(-0.8,-0.4,0.77));
#1015 = VECTOR('',#1016,1.);
#1016 = DIRECTION('',(1.,0.,0.));
#1017 = PLANE('',#1018);
#1018 = AXIS2_PLACEMENT_3D('',#1019,#1020,#1021);
#1019 = CARTESIAN_POINT('',(-0.8,-0.4,0.));
#1020 = DIRECTION('',(0.,1.,0.));
#1021 = DIRECTION('',(0.,-0.,1.));
#1022 = ADVANCED_FACE('',(#1023),#1042,.T.);
#1023 = FACE_BOUND('',#1024,.T.);
#1024 = EDGE_LOOP('',(#1025,#1026,#1034,#1041));
#1025 = ORIENTED_EDGE('',*,*,#929,.T.);
#1026 = ORIENTED_EDGE('',*,*,#1027,.T.);
#1027 = EDGE_CURVE('',#930,#1028,#1030,.T.);
#1028 = VERTEX_POINT('',#1029);
#1029 = CARTESIAN_POINT('',(-0.5,-0.37,0.));
#1030 = LINE('',#1031,#1032);
#1031 = CARTESIAN_POINT('',(-0.8,-0.37,0.));
#1032 = VECTOR('',#1033,1.);
#1033 = DIRECTION('',(1.,0.,0.));
#1034 = ORIENTED_EDGE('',*,*,#1035,.F.);
#1035 = EDGE_CURVE('',#996,#1028,#1036,.T.);
#1036 = CIRCLE('',#1037,3.E-02);
#1037 = AXIS2_PLACEMENT_3D('',#1038,#1039,#1040);
#1038 = CARTESIAN_POINT('',(-0.5,-0.37,3.E-02));
#1039 = DIRECTION('',(1.,0.,-0.));
#1040 = DIRECTION('',(0.,0.,1.));
#1041 = ORIENTED_EDGE('',*,*,#1005,.F.);
#1042 = CYLINDRICAL_SURFACE('',#1043,3.E-02);
#1043 = AXIS2_PLACEMENT_3D('',#1044,#1045,#1046);
#1044 = CARTESIAN_POINT('',(-0.8,-0.37,3.E-02));
#1045 = DIRECTION('',(1.,0.,0.));
#1046 = DIRECTION('',(0.,-1.,0.));
#1047 = ADVANCED_FACE('',(#1048),#1067,.T.);
#1048 = FACE_BOUND('',#1049,.T.);
#1049 = EDGE_LOOP('',(#1050,#1051,#1060,#1066));
#1050 = ORIENTED_EDGE('',*,*,#1012,.T.);
#1051 = ORIENTED_EDGE('',*,*,#1052,.T.);
#1052 = EDGE_CURVE('',#998,#1053,#1055,.T.);
#1053 = VERTEX_POINT('',#1054);
#1054 = CARTESIAN_POINT('',(-0.5,-0.37,0.8));
#1055 = CIRCLE('',#1056,3.E-02);
#1056 = AXIS2_PLACEMENT_3D('',#1057,#1058,#1059);
#1057 = CARTESIAN_POINT('',(-0.5,-0.37,0.77));
#1058 = DIRECTION('',(-1.,0.,0.));
#1059 = DIRECTION('',(0.,0.,1.));
#1060 = ORIENTED_EDGE('',*,*,#1061,.F.);
#1061 = EDGE_CURVE('',#973,#1053,#1062,.T.);
#1062 = LINE('',#1063,#1064);
#1063 = CARTESIAN_POINT('',(-0.8,-0.37,0.8));
#1064 = VECTOR('',#1065,1.);
#1065 = DIRECTION('',(1.,0.,0.));
#1066 = ORIENTED_EDGE('',*,*,#980,.F.);
#1067 = CYLINDRICAL_SURFACE('',#1068,3.E-02);
#1068 = AXIS2_PLACEMENT_3D('',#1069,#1070,#1071);
#1069 = CARTESIAN_POINT('',(-0.8,-0.37,0.77));
#1070 = DIRECTION('',(1.,0.,0.));
#1071 = DIRECTION('',(0.,-1.,0.));
#1072 = ADVANCED_FACE('',(#1073),#1091,.F.);
#1073 = FACE_BOUND('',#1074,.F.);
#1074 = EDGE_LOOP('',(#1075,#1076,#1077,#1085));
#1075 = ORIENTED_EDGE('',*,*,#938,.F.);
#1076 = ORIENTED_EDGE('',*,*,#1027,.T.);
#1077 = ORIENTED_EDGE('',*,*,#1078,.T.);
#1078 = EDGE_CURVE('',#1028,#1079,#1081,.T.);
#1079 = VERTEX_POINT('',#1080);
#1080 = CARTESIAN_POINT('',(-0.5,0.37,0.));
#1081 = LINE('',#1082,#1083);
#1082 = CARTESIAN_POINT('',(-0.5,-0.4,0.));
#1083 = VECTOR('',#1084,1.);
#1084 = DIRECTION('',(0.,1.,0.));
#1085 = ORIENTED_EDGE('',*,*,#1086,.F.);
#1086 = EDGE_CURVE('',#939,#1079,#1087,.T.);
#1087 = LINE('',#1088,#1089);
#1088 = CARTESIAN_POINT('',(-0.8,0.37,0.));
#1089 = VECTOR('',#1090,1.);
#1090 = DIRECTION('',(1.,0.,0.));
#1091 = PLANE('',#1092);
#1092 = AXIS2_PLACEMENT_3D('',#1093,#1094,#1095);
#1093 = CARTESIAN_POINT('',(-0.8,-0.4,0.));
#1094 = DIRECTION('',(0.,0.,1.));
#1095 = DIRECTION('',(1.,0.,-0.));
#1096 = ADVANCED_FACE('',(#1097),#1115,.T.);
#1097 = FACE_BOUND('',#1098,.T.);
#1098 = EDGE_LOOP('',(#1099,#1100,#1101,#1109));
#1099 = ORIENTED_EDGE('',*,*,#972,.F.);
#1100 = ORIENTED_EDGE('',*,*,#1061,.T.);
#1101 = ORIENTED_EDGE('',*,*,#1102,.T.);
#1102 = EDGE_CURVE('',#1053,#1103,#1105,.T.);
#1103 = VERTEX_POINT('',#1104);
#1104 = CARTESIAN_POINT('',(-0.5,0.37,0.8));
#1105 = LINE('',#1106,#1107);
#1106 = CARTESIAN_POINT('',(-0.5,-0.4,0.8));
#1107 = VECTOR('',#1108,1.);
#1108 = DIRECTION('',(0.,1.,0.));
#1109 = ORIENTED_EDGE('',*,*,#1110,.F.);
#1110 = EDGE_CURVE('',#964,#1103,#1111,.T.);
#1111 = LINE('',#1112,#1113);
#1112 = CARTESIAN_POINT('',(-0.8,0.37,0.8));
#1113 = VECTOR('',#1114,1.);
#1114 = DIRECTION('',(1.,0.,0.));
#1115 = PLANE('',#1116);
#1116 = AXIS2_PLACEMENT_3D('',#1117,#1118,#1119);
#1117 = CARTESIAN_POINT('',(-0.8,-0.4,0.8));
#1118 = DIRECTION('',(0.,0.,1.));
#1119 = DIRECTION('',(1.,0.,-0.));
#1120 = ADVANCED_FACE('',(#1121),#1140,.T.);
#1121 = FACE_BOUND('',#1122,.T.);
#1122 = EDGE_LOOP('',(#1123,#1131,#1138,#1139));
#1123 = ORIENTED_EDGE('',*,*,#1124,.T.);
#1124 = EDGE_CURVE('',#947,#1125,#1127,.T.);
#1125 = VERTEX_POINT('',#1126);
#1126 = CARTESIAN_POINT('',(-0.5,0.4,3.E-02));
#1127 = LINE('',#1128,#1129);
#1128 = CARTESIAN_POINT('',(-0.8,0.4,3.E-02));
#1129 = VECTOR('',#1130,1.);
#1130 = DIRECTION('',(1.,0.,0.));
#1131 = ORIENTED_EDGE('',*,*,#1132,.T.);
#1132 = EDGE_CURVE('',#1125,#1079,#1133,.T.);
#1133 = CIRCLE('',#1134,3.E-02);
#1134 = AXIS2_PLACEMENT_3D('',#1135,#1136,#1137);
#1135 = CARTESIAN_POINT('',(-0.5,0.37,3.E-02));
#1136 = DIRECTION('',(-1.,0.,0.));
#1137 = DIRECTION('',(0.,0.,1.));
#1138 = ORIENTED_EDGE('',*,*,#1086,.F.);
#1139 = ORIENTED_EDGE('',*,*,#946,.F.);
#1140 = CYLINDRICAL_SURFACE('',#1141,3.E-02);
#1141 = AXIS2_PLACEMENT_3D('',#1142,#1143,#1144);
#1142 = CARTESIAN_POINT('',(-0.8,0.37,3.E-02));
#1143 = DIRECTION('',(1.,0.,0.));
#1144 = DIRECTION('',(-0.,1.,0.));
#1145 = ADVANCED_FACE('',(#1146),#1165,.T.);
#1146 = FACE_BOUND('',#1147,.T.);
#1147 = EDGE_LOOP('',(#1148,#1149,#1150,#1159));
#1148 = ORIENTED_EDGE('',*,*,#963,.T.);
#1149 = ORIENTED_EDGE('',*,*,#1110,.T.);
#1150 = ORIENTED_EDGE('',*,*,#1151,.F.);
#1151 = EDGE_CURVE('',#1152,#1103,#1154,.T.);
#1152 = VERTEX_POINT('',#1153);
#1153 = CARTESIAN_POINT('',(-0.5,0.4,0.77));
#1154 = CIRCLE('',#1155,3.E-02);
#1155 = AXIS2_PLACEMENT_3D('',#1156,#1157,#1158);
#1156 = CARTESIAN_POINT('',(-0.5,0.37,0.77));
#1157 = DIRECTION('',(1.,0.,-0.));
#1158 = DIRECTION('',(0.,0.,1.));
#1159 = ORIENTED_EDGE('',*,*,#1160,.F.);
#1160 = EDGE_CURVE('',#956,#1152,#1161,.T.);
#1161 = LINE('',#1162,#1163);
#1162 = CARTESIAN_POINT('',(-0.8,0.4,0.77));
#1163 = VECTOR('',#1164,1.);
#1164 = DIRECTION('',(1.,0.,0.));
#1165 = CYLINDRICAL_SURFACE('',#1166,3.E-02);
#1166 = AXIS2_PLACEMENT_3D('',#1167,#1168,#1169);
#1167 = CARTESIAN_POINT('',(-0.8,0.37,0.77));
#1168 = DIRECTION('',(1.,0.,0.));
#1169 = DIRECTION('',(-0.,1.,0.));
#1170 = ADVANCED_FACE('',(#1171),#1182,.T.);
#1171 = FACE_BOUND('',#1172,.T.);
#1172 = EDGE_LOOP('',(#1173,#1179,#1180,#1181));
#1173 = ORIENTED_EDGE('',*,*,#1174,.F.);
#1174 = EDGE_CURVE('',#1125,#1152,#1175,.T.);
#1175 = LINE('',#1176,#1177);
#1176 = CARTESIAN_POINT('',(-0.5,0.4,0.));
#1177 = VECTOR('',#1178,1.);
#1178 = DIRECTION('',(0.,0.,1.));
#1179 = ORIENTED_EDGE('',*,*,#1124,.F.);
#1180 = ORIENTED_EDGE('',*,*,#955,.T.);
#1181 = ORIENTED_EDGE('',*,*,#1160,.T.);
#1182 = PLANE('',#1183);
#1183 = AXIS2_PLACEMENT_3D('',#1184,#1185,#1186);
#1184 = CARTESIAN_POINT('',(-0.8,0.4,0.));
#1185 = DIRECTION('',(0.,1.,0.));
#1186 = DIRECTION('',(0.,-0.,1.));
#1187 = ADVANCED_FACE('',(#1188,#1198),#1268,.T.);
#1188 = FACE_BOUND('',#1189,.T.);
#1189 = EDGE_LOOP('',(#1190,#1191,#1192,#1193,#1194,#1195,#1196,#1197));
#1190 = ORIENTED_EDGE('',*,*,#995,.F.);
#1191 = ORIENTED_EDGE('',*,*,#1035,.T.);
#1192 = ORIENTED_EDGE('',*,*,#1078,.T.);
#1193 = ORIENTED_EDGE('',*,*,#1132,.F.);
#1194 = ORIENTED_EDGE('',*,*,#1174,.T.);
#1195 = ORIENTED_EDGE('',*,*,#1151,.T.);
#1196 = ORIENTED_EDGE('',*,*,#1102,.F.);
#1197 = ORIENTED_EDGE('',*,*,#1052,.F.);
#1198 = FACE_BOUND('',#1199,.T.);
#1199 = EDGE_LOOP('',(#1200,#1211,#1219,#1228,#1236,#1245,#1253,#1262));
#1200 = ORIENTED_EDGE('',*,*,#1201,.F.);
#1201 = EDGE_CURVE('',#1202,#1204,#1206,.T.);
#1202 = VERTEX_POINT('',#1203);
#1203 = CARTESIAN_POINT('',(-0.5,-0.37,6.E-02));
#1204 = VERTEX_POINT('',#1205);
#1205 = CARTESIAN_POINT('',(-0.5,-0.34,3.E-02));
#1206 = CIRCLE('',#1207,3.E-02);
#1207 = AXIS2_PLACEMENT_3D('',#1208,#1209,#1210);
#1208 = CARTESIAN_POINT('',(-0.5,-0.34,6.E-02));
#1209 = DIRECTION('',(1.,0.,-0.));
#1210 = DIRECTION('',(0.,0.,1.));
#1211 = ORIENTED_EDGE('',*,*,#1212,.T.);
#1212 = EDGE_CURVE('',#1202,#1213,#1215,.T.);
#1213 = VERTEX_POINT('',#1214);
#1214 = CARTESIAN_POINT('',(-0.5,-0.37,0.74));
#1215 = LINE('',#1216,#1217);
#1216 = CARTESIAN_POINT('',(-0.5,-0.37,3.E-02));
#1217 = VECTOR('',#1218,1.);
#1218 = DIRECTION('',(0.,0.,1.));
#1219 = ORIENTED_EDGE('',*,*,#1220,.T.);
#1220 = EDGE_CURVE('',#1213,#1221,#1223,.T.);
#1221 = VERTEX_POINT('',#1222);
#1222 = CARTESIAN_POINT('',(-0.5,-0.34,0.77));
#1223 = CIRCLE('',#1224,3.E-02);
#1224 = AXIS2_PLACEMENT_3D('',#1225,#1226,#1227);
#1225 = CARTESIAN_POINT('',(-0.5,-0.34,0.74));
#1226 = DIRECTION('',(-1.,0.,0.));
#1227 = DIRECTION('',(0.,0.,1.));
#1228 = ORIENTED_EDGE('',*,*,#1229,.T.);
#1229 = EDGE_CURVE('',#1221,#1230,#1232,.T.);
#1230 = VERTEX_POINT('',#1231);
#1231 = CARTESIAN_POINT('',(-0.5,0.34,0.77));
#1232 = LINE('',#1233,#1234);
#1233 = CARTESIAN_POINT('',(-0.5,-0.37,0.77));
#1234 = VECTOR('',#1235,1.);
#1235 = DIRECTION('',(0.,1.,0.));
#1236 = ORIENTED_EDGE('',*,*,#1237,.F.);
#1237 = EDGE_CURVE('',#1238,#1230,#1240,.T.);
#1238 = VERTEX_POINT('',#1239);
#1239 = CARTESIAN_POINT('',(-0.5,0.37,0.74));
#1240 = CIRCLE('',#1241,3.E-02);
#1241 = AXIS2_PLACEMENT_3D('',#1242,#1243,#1244);
#1242 = CARTESIAN_POINT('',(-0.5,0.34,0.74));
#1243 = DIRECTION('',(1.,0.,-0.));
#1244 = DIRECTION('',(0.,0.,1.));
#1245 = ORIENTED_EDGE('',*,*,#1246,.F.);
#1246 = EDGE_CURVE('',#1247,#1238,#1249,.T.);
#1247 = VERTEX_POINT('',#1248);
#1248 = CARTESIAN_POINT('',(-0.5,0.37,6.E-02));
#1249 = LINE('',#1250,#1251);
#1250 = CARTESIAN_POINT('',(-0.5,0.37,3.E-02));
#1251 = VECTOR('',#1252,1.);
#1252 = DIRECTION('',(0.,0.,1.));
#1253 = ORIENTED_EDGE('',*,*,#1254,.T.);
#1254 = EDGE_CURVE('',#1247,#1255,#1257,.T.);
#1255 = VERTEX_POINT('',#1256);
#1256 = CARTESIAN_POINT('',(-0.5,0.34,3.E-02));
#1257 = CIRCLE('',#1258,3.E-02);
#1258 = AXIS2_PLACEMENT_3D('',#1259,#1260,#1261);
#1259 = CARTESIAN_POINT('',(-0.5,0.34,6.E-02));
#1260 = DIRECTION('',(-1.,0.,0.));
#1261 = DIRECTION('',(0.,0.,1.));
#1262 = ORIENTED_EDGE('',*,*,#1263,.F.);
#1263 = EDGE_CURVE('',#1204,#1255,#1264,.T.);
#1264 = LINE('',#1265,#1266);
#1265 = CARTESIAN_POINT('',(-0.5,-0.37,3.E-02));
#1266 = VECTOR('',#1267,1.);
#1267 = DIRECTION('',(0.,1.,0.));
#1268 = PLANE('',#1269);
#1269 = AXIS2_PLACEMENT_3D('',#1270,#1271,#1272);
#1270 = CARTESIAN_POINT('',(-0.5,-0.4,0.));
#1271 = DIRECTION('',(1.,0.,0.));
#1272 = DIRECTION('',(0.,0.,1.));
#1273 = ADVANCED_FACE('',(#1274),#1300,.T.);
#1274 = FACE_BOUND('',#1275,.T.);
#1275 = EDGE_LOOP('',(#1276,#1277,#1285,#1294));
#1276 = ORIENTED_EDGE('',*,*,#1201,.T.);
#1277 = ORIENTED_EDGE('',*,*,#1278,.T.);
#1278 = EDGE_CURVE('',#1204,#1279,#1281,.T.);
#1279 = VERTEX_POINT('',#1280);
#1280 = CARTESIAN_POINT('',(0.5,-0.34,3.E-02));
#1281 = LINE('',#1282,#1283);
#1282 = CARTESIAN_POINT('',(-0.5,-0.34,3.E-02));
#1283 = VECTOR('',#1284,1.);
#1284 = DIRECTION('',(1.,0.,0.));
#1285 = ORIENTED_EDGE('',*,*,#1286,.F.);
#1286 = EDGE_CURVE('',#1287,#1279,#1289,.T.);
#1287 = VERTEX_POINT('',#1288);
#1288 = CARTESIAN_POINT('',(0.5,-0.37,6.E-02));
#1289 = CIRCLE('',#1290,3.E-02);
#1290 = AXIS2_PLACEMENT_3D('',#1291,#1292,#1293);
#1291 = CARTESIAN_POINT('',(0.5,-0.34,6.E-02));
#1292 = DIRECTION('',(1.,0.,-0.));
#1293 = DIRECTION('',(0.,0.,1.));
#1294 = ORIENTED_EDGE('',*,*,#1295,.F.);
#1295 = EDGE_CURVE('',#1202,#1287,#1296,.T.);
#1296 = LINE('',#1297,#1298);
#1297 = CARTESIAN_POINT('',(-0.5,-0.37,6.E-02));
#1298 = VECTOR('',#1299,1.);
#1299 = DIRECTION('',(1.,0.,0.));
#1300 = CYLINDRICAL_SURFACE('',#1301,3.E-02);
#1301 = AXIS2_PLACEMENT_3D('',#1302,#1303,#1304);
#1302 = CARTESIAN_POINT('',(-0.5,-0.34,6.E-02));
#1303 = DIRECTION('',(1.,0.,0.));
#1304 = DIRECTION('',(0.,-1.,0.));
#1305 = ADVANCED_FACE('',(#1306),#1324,.F.);
#1306 = FACE_BOUND('',#1307,.F.);
#1307 = EDGE_LOOP('',(#1308,#1309,#1310,#1318));
#1308 = ORIENTED_EDGE('',*,*,#1263,.F.);
#1309 = ORIENTED_EDGE('',*,*,#1278,.T.);
#1310 = ORIENTED_EDGE('',*,*,#1311,.T.);
#1311 = EDGE_CURVE('',#1279,#1312,#1314,.T.);
#1312 = VERTEX_POINT('',#1313);
#1313 = CARTESIAN_POINT('',(0.5,0.34,3.E-02));
#1314 = LINE('',#1315,#1316);
#1315 = CARTESIAN_POINT('',(0.5,-0.37,3.E-02));
#1316 = VECTOR('',#1317,1.);
#1317 = DIRECTION('',(0.,1.,0.));
#1318 = ORIENTED_EDGE('',*,*,#1319,.F.);
#1319 = EDGE_CURVE('',#1255,#1312,#1320,.T.);
#1320 = LINE('',#1321,#1322);
#1321 = CARTESIAN_POINT('',(-0.5,0.34,3.E-02));
#1322 = VECTOR('',#1323,1.);
#1323 = DIRECTION('',(1.,0.,0.));
#1324 = PLANE('',#1325);
#1325 = AXIS2_PLACEMENT_3D('',#1326,#1327,#1328);
#1326 = CARTESIAN_POINT('',(-0.5,-0.37,3.E-02));
#1327 = DIRECTION('',(0.,0.,1.));
#1328 = DIRECTION('',(1.,0.,-0.));
#1329 = ADVANCED_FACE('',(#1330),#1349,.T.);
#1330 = FACE_BOUND('',#1331,.T.);
#1331 = EDGE_LOOP('',(#1332,#1340,#1347,#1348));
#1332 = ORIENTED_EDGE('',*,*,#1333,.T.);
#1333 = EDGE_CURVE('',#1247,#1334,#1336,.T.);
#1334 = VERTEX_POINT('',#1335);
#1335 = CARTESIAN_POINT('',(0.5,0.37,6.E-02));
#1336 = LINE('',#1337,#1338);
#1337 = CARTESIAN_POINT('',(-0.5,0.37,6.E-02));
#1338 = VECTOR('',#1339,1.);
#1339 = DIRECTION('',(1.,0.,0.));
#1340 = ORIENTED_EDGE('',*,*,#1341,.T.);
#1341 = EDGE_CURVE('',#1334,#1312,#1342,.T.);
#1342 = CIRCLE('',#1343,3.E-02);
#1343 = AXIS2_PLACEMENT_3D('',#1344,#1345,#1346);
#1344 = CARTESIAN_POINT('',(0.5,0.34,6.E-02));
#1345 = DIRECTION('',(-1.,0.,0.));
#1346 = DIRECTION('',(0.,0.,1.));
#1347 = ORIENTED_EDGE('',*,*,#1319,.F.);
#1348 = ORIENTED_EDGE('',*,*,#1254,.F.);
#1349 = CYLINDRICAL_SURFACE('',#1350,3.E-02);
#1350 = AXIS2_PLACEMENT_3D('',#1351,#1352,#1353);
#1351 = CARTESIAN_POINT('',(-0.5,0.34,6.E-02));
#1352 = DIRECTION('',(1.,0.,0.));
#1353 = DIRECTION('',(-0.,1.,0.));
#1354 = ADVANCED_FACE('',(#1355),#1373,.T.);
#1355 = FACE_BOUND('',#1356,.T.);
#1356 = EDGE_LOOP('',(#1357,#1365,#1366,#1367));
#1357 = ORIENTED_EDGE('',*,*,#1358,.F.);
#1358 = EDGE_CURVE('',#1334,#1359,#1361,.T.);
#1359 = VERTEX_POINT('',#1360);
#1360 = CARTESIAN_POINT('',(0.5,0.37,0.74));
#1361 = LINE('',#1362,#1363);
#1362 = CARTESIAN_POINT('',(0.5,0.37,3.E-02));
#1363 = VECTOR('',#1364,1.);
#1364 = DIRECTION('',(0.,0.,1.));
#1365 = ORIENTED_EDGE('',*,*,#1333,.F.);
#1366 = ORIENTED_EDGE('',*,*,#1246,.T.);
#1367 = ORIENTED_EDGE('',*,*,#1368,.T.);
#1368 = EDGE_CURVE('',#1238,#1359,#1369,.T.);
#1369 = LINE('',#1370,#1371);
#1370 = CARTESIAN_POINT('',(-0.5,0.37,0.74));
#1371 = VECTOR('',#1372,1.);
#1372 = DIRECTION('',(1.,0.,0.));
#1373 = PLANE('',#1374);
#1374 = AXIS2_PLACEMENT_3D('',#1375,#1376,#1377);
#1375 = CARTESIAN_POINT('',(-0.5,0.37,3.E-02));
#1376 = DIRECTION('',(0.,1.,0.));
#1377 = DIRECTION('',(0.,-0.,1.));
#1378 = ADVANCED_FACE('',(#1379),#1398,.T.);
#1379 = FACE_BOUND('',#1380,.T.);
#1380 = EDGE_LOOP('',(#1381,#1382,#1390,#1397));
#1381 = ORIENTED_EDGE('',*,*,#1237,.T.);
#1382 = ORIENTED_EDGE('',*,*,#1383,.T.);
#1383 = EDGE_CURVE('',#1230,#1384,#1386,.T.);
#1384 = VERTEX_POINT('',#1385);
#1385 = CARTESIAN_POINT('',(0.5,0.34,0.77));
#1386 = LINE('',#1387,#1388);
#1387 = CARTESIAN_POINT('',(-0.5,0.34,0.77));
#1388 = VECTOR('',#1389,1.);
#1389 = DIRECTION('',(1.,0.,0.));
#1390 = ORIENTED_EDGE('',*,*,#1391,.F.);
#1391 = EDGE_CURVE('',#1359,#1384,#1392,.T.);
#1392 = CIRCLE('',#1393,3.E-02);
#1393 = AXIS2_PLACEMENT_3D('',#1394,#1395,#1396);
#1394 = CARTESIAN_POINT('',(0.5,0.34,0.74));
#1395 = DIRECTION('',(1.,0.,-0.));
#1396 = DIRECTION('',(0.,0.,1.));
#1397 = ORIENTED_EDGE('',*,*,#1368,.F.);
#1398 = CYLINDRICAL_SURFACE('',#1399,3.E-02);
#1399 = AXIS2_PLACEMENT_3D('',#1400,#1401,#1402);
#1400 = CARTESIAN_POINT('',(-0.5,0.34,0.74));
#1401 = DIRECTION('',(1.,0.,0.));
#1402 = DIRECTION('',(-0.,1.,0.));
#1403 = ADVANCED_FACE('',(#1404),#1422,.T.);
#1404 = FACE_BOUND('',#1405,.T.);
#1405 = EDGE_LOOP('',(#1406,#1407,#1415,#1421));
#1406 = ORIENTED_EDGE('',*,*,#1229,.F.);
#1407 = ORIENTED_EDGE('',*,*,#1408,.T.);
#1408 = EDGE_CURVE('',#1221,#1409,#1411,.T.);
#1409 = VERTEX_POINT('',#1410);
#1410 = CARTESIAN_POINT('',(0.5,-0.34,0.77));
#1411 = LINE('',#1412,#1413);
#1412 = CARTESIAN_POINT('',(-0.5,-0.34,0.77));
#1413 = VECTOR('',#1414,1.);
#1414 = DIRECTION('',(1.,0.,0.));
#1415 = ORIENTED_EDGE('',*,*,#1416,.T.);
#1416 = EDGE_CURVE('',#1409,#1384,#1417,.T.);
#1417 = LINE('',#1418,#1419);
#1418 = CARTESIAN_POINT('',(0.5,-0.37,0.77));
#1419 = VECTOR('',#1420,1.);
#1420 = DIRECTION('',(0.,1.,0.));
#1421 = ORIENTED_EDGE('',*,*,#1383,.F.);
#1422 = PLANE('',#1423);
#1423 = AXIS2_PLACEMENT_3D('',#1424,#1425,#1426);
#1424 = CARTESIAN_POINT('',(-0.5,-0.37,0.77));
#1425 = DIRECTION('',(0.,0.,1.));
#1426 = DIRECTION('',(1.,0.,-0.));
#1427 = ADVANCED_FACE('',(#1428),#1447,.T.);
#1428 = FACE_BOUND('',#1429,.T.);
#1429 = EDGE_LOOP('',(#1430,#1438,#1445,#1446));
#1430 = ORIENTED_EDGE('',*,*,#1431,.T.);
#1431 = EDGE_CURVE('',#1213,#1432,#1434,.T.);
#1432 = VERTEX_POINT('',#1433);
#1433 = CARTESIAN_POINT('',(0.5,-0.37,0.74));
#1434 = LINE('',#1435,#1436);
#1435 = CARTESIAN_POINT('',(-0.5,-0.37,0.74));
#1436 = VECTOR('',#1437,1.);
#1437 = DIRECTION('',(1.,0.,0.));
#1438 = ORIENTED_EDGE('',*,*,#1439,.T.);
#1439 = EDGE_CURVE('',#1432,#1409,#1440,.T.);
#1440 = CIRCLE('',#1441,3.E-02);
#1441 = AXIS2_PLACEMENT_3D('',#1442,#1443,#1444);
#1442 = CARTESIAN_POINT('',(0.5,-0.34,0.74));
#1443 = DIRECTION('',(-1.,0.,0.));
#1444 = DIRECTION('',(0.,0.,1.));
#1445 = ORIENTED_EDGE('',*,*,#1408,.F.);
#1446 = ORIENTED_EDGE('',*,*,#1220,.F.);
#1447 = CYLINDRICAL_SURFACE('',#1448,3.E-02);
#1448 = AXIS2_PLACEMENT_3D('',#1449,#1450,#1451);
#1449 = CARTESIAN_POINT('',(-0.5,-0.34,0.74));
#1450 = DIRECTION('',(1.,0.,0.));
#1451 = DIRECTION('',(0.,-1.,0.));
#1452 = ADVANCED_FACE('',(#1453),#1464,.F.);
#1453 = FACE_BOUND('',#1454,.F.);
#1454 = EDGE_LOOP('',(#1455,#1461,#1462,#1463));
#1455 = ORIENTED_EDGE('',*,*,#1456,.F.);
#1456 = EDGE_CURVE('',#1287,#1432,#1457,.T.);
#1457 = LINE('',#1458,#1459);
#1458 = CARTESIAN_POINT('',(0.5,-0.37,3.E-02));
#1459 = VECTOR('',#1460,1.);
#1460 = DIRECTION('',(0.,0.,1.));
#1461 = ORIENTED_EDGE('',*,*,#1295,.F.);
#1462 = ORIENTED_EDGE('',*,*,#1212,.T.);
#1463 = ORIENTED_EDGE('',*,*,#1431,.T.);
#1464 = PLANE('',#1465);
#1465 = AXIS2_PLACEMENT_3D('',#1466,#1467,#1468);
#1466 = CARTESIAN_POINT('',(-0.5,-0.37,3.E-02));
#1467 = DIRECTION('',(0.,1.,0.));
#1468 = DIRECTION('',(0.,-0.,1.));
#1469 = ADVANCED_FACE('',(#1470,#1540),#1550,.F.);
#1470 = FACE_BOUND('',#1471,.F.);
#1471 = EDGE_LOOP('',(#1472,#1482,#1491,#1499,#1508,#1516,#1525,#1533));
#1472 = ORIENTED_EDGE('',*,*,#1473,.F.);
#1473 = EDGE_CURVE('',#1474,#1476,#1478,.T.);
#1474 = VERTEX_POINT('',#1475);
#1475 = CARTESIAN_POINT('',(0.5,-0.4,3.E-02));
#1476 = VERTEX_POINT('',#1477);
#1477 = CARTESIAN_POINT('',(0.5,-0.4,0.77));
#1478 = LINE('',#1479,#1480);
#1479 = CARTESIAN_POINT('',(0.5,-0.4,0.));
#1480 = VECTOR('',#1481,1.);
#1481 = DIRECTION('',(0.,0.,1.));
#1482 = ORIENTED_EDGE('',*,*,#1483,.T.);
#1483 = EDGE_CURVE('',#1474,#1484,#1486,.T.);
#1484 = VERTEX_POINT('',#1485);
#1485 = CARTESIAN_POINT('',(0.5,-0.37,0.));
#1486 = CIRCLE('',#1487,3.E-02);
#1487 = AXIS2_PLACEMENT_3D('',#1488,#1489,#1490);
#1488 = CARTESIAN_POINT('',(0.5,-0.37,3.E-02));
#1489 = DIRECTION('',(1.,0.,-0.));
#1490 = DIRECTION('',(0.,0.,1.));
#1491 = ORIENTED_EDGE('',*,*,#1492,.T.);
#1492 = EDGE_CURVE('',#1484,#1493,#1495,.T.);
#1493 = VERTEX_POINT('',#1494);
#1494 = CARTESIAN_POINT('',(0.5,0.37,0.));
#1495 = LINE('',#1496,#1497);
#1496 = CARTESIAN_POINT('',(0.5,-0.4,0.));
#1497 = VECTOR('',#1498,1.);
#1498 = DIRECTION('',(0.,1.,0.));
#1499 = ORIENTED_EDGE('',*,*,#1500,.F.);
#1500 = EDGE_CURVE('',#1501,#1493,#1503,.T.);
#1501 = VERTEX_POINT('',#1502);
#1502 = CARTESIAN_POINT('',(0.5,0.4,3.E-02));
#1503 = CIRCLE('',#1504,3.E-02);
#1504 = AXIS2_PLACEMENT_3D('',#1505,#1506,#1507);
#1505 = CARTESIAN_POINT('',(0.5,0.37,3.E-02));
#1506 = DIRECTION('',(-1.,0.,0.));
#1507 = DIRECTION('',(0.,0.,1.));
#1508 = ORIENTED_EDGE('',*,*,#1509,.T.);
#1509 = EDGE_CURVE('',#1501,#1510,#1512,.T.);
#1510 = VERTEX_POINT('',#1511);
#1511 = CARTESIAN_POINT('',(0.5,0.4,0.77));
#1512 = LINE('',#1513,#1514);
#1513 = CARTESIAN_POINT('',(0.5,0.4,0.));
#1514 = VECTOR('',#1515,1.);
#1515 = DIRECTION('',(0.,0.,1.));
#1516 = ORIENTED_EDGE('',*,*,#1517,.T.);
#1517 = EDGE_CURVE('',#1510,#1518,#1520,.T.);
#1518 = VERTEX_POINT('',#1519);
#1519 = CARTESIAN_POINT('',(0.5,0.37,0.8));
#1520 = CIRCLE('',#1521,3.E-02);
#1521 = AXIS2_PLACEMENT_3D('',#1522,#1523,#1524);
#1522 = CARTESIAN_POINT('',(0.5,0.37,0.77));
#1523 = DIRECTION('',(1.,0.,-0.));
#1524 = DIRECTION('',(0.,0.,1.));
#1525 = ORIENTED_EDGE('',*,*,#1526,.F.);
#1526 = EDGE_CURVE('',#1527,#1518,#1529,.T.);
#1527 = VERTEX_POINT('',#1528);
#1528 = CARTESIAN_POINT('',(0.5,-0.37,0.8));
#1529 = LINE('',#1530,#1531);
#1530 = CARTESIAN_POINT('',(0.5,-0.4,0.8));
#1531 = VECTOR('',#1532,1.);
#1532 = DIRECTION('',(0.,1.,0.));
#1533 = ORIENTED_EDGE('',*,*,#1534,.F.);
#1534 = EDGE_CURVE('',#1476,#1527,#1535,.T.);
#1535 = CIRCLE('',#1536,3.E-02);
#1536 = AXIS2_PLACEMENT_3D('',#1537,#1538,#1539);
#1537 = CARTESIAN_POINT('',(0.5,-0.37,0.77));
#1538 = DIRECTION('',(-1.,0.,0.));
#1539 = DIRECTION('',(0.,0.,1.));
#1540 = FACE_BOUND('',#1541,.F.);
#1541 = EDGE_LOOP('',(#1542,#1543,#1544,#1545,#1546,#1547,#1548,#1549));
#1542 = ORIENTED_EDGE('',*,*,#1286,.F.);
#1543 = ORIENTED_EDGE('',*,*,#1456,.T.);
#1544 = ORIENTED_EDGE('',*,*,#1439,.T.);
#1545 = ORIENTED_EDGE('',*,*,#1416,.T.);
#1546 = ORIENTED_EDGE('',*,*,#1391,.F.);
#1547 = ORIENTED_EDGE('',*,*,#1358,.F.);
#1548 = ORIENTED_EDGE('',*,*,#1341,.T.);
#1549 = ORIENTED_EDGE('',*,*,#1311,.F.);
#1550 = PLANE('',#1551);
#1551 = AXIS2_PLACEMENT_3D('',#1552,#1553,#1554);
#1552 = CARTESIAN_POINT('',(0.5,-0.4,0.));
#1553 = DIRECTION('',(1.,0.,0.));
#1554 = DIRECTION('',(0.,0.,1.));
#1555 = ADVANCED_FACE('',(#1556),#1581,.F.);
#1556 = FACE_BOUND('',#1557,.F.);
#1557 = EDGE_LOOP('',(#1558,#1568,#1574,#1575));
#1558 = ORIENTED_EDGE('',*,*,#1559,.F.);
#1559 = EDGE_CURVE('',#1560,#1562,#1564,.T.);
#1560 = VERTEX_POINT('',#1561);
#1561 = CARTESIAN_POINT('',(0.8,-0.4,3.E-02));
#1562 = VERTEX_POINT('',#1563);
#1563 = CARTESIAN_POINT('',(0.8,-0.4,0.77));
#1564 = LINE('',#1565,#1566);
#1565 = CARTESIAN_POINT('',(0.8,-0.4,0.));
#1566 = VECTOR('',#1567,1.);
#1567 = DIRECTION('',(0.,0.,1.));
#1568 = ORIENTED_EDGE('',*,*,#1569,.F.);
#1569 = EDGE_CURVE('',#1474,#1560,#1570,.T.);
#1570 = LINE('',#1571,#1572);
#1571 = CARTESIAN_POINT('',(0.5,-0.4,3.E-02));
#1572 = VECTOR('',#1573,1.);
#1573 = DIRECTION('',(1.,0.,0.));
#1574 = ORIENTED_EDGE('',*,*,#1473,.T.);
#1575 = ORIENTED_EDGE('',*,*,#1576,.T.);
#1576 = EDGE_CURVE('',#1476,#1562,#1577,.T.);
#1577 = LINE('',#1578,#1579);
#1578 = CARTESIAN_POINT('',(0.5,-0.4,0.77));
#1579 = VECTOR('',#1580,1.);
#1580 = DIRECTION('',(1.,0.,0.));
#1581 = PLANE('',#1582);
#1582 = AXIS2_PLACEMENT_3D('',#1583,#1584,#1585);
#1583 = CARTESIAN_POINT('',(0.5,-0.4,0.));
#1584 = DIRECTION('',(0.,1.,0.));
#1585 = DIRECTION('',(0.,-0.,1.));
#1586 = ADVANCED_FACE('',(#1587),#1606,.T.);
#1587 = FACE_BOUND('',#1588,.T.);
#1588 = EDGE_LOOP('',(#1589,#1590,#1598,#1605));
#1589 = ORIENTED_EDGE('',*,*,#1483,.T.);
#1590 = ORIENTED_EDGE('',*,*,#1591,.T.);
#1591 = EDGE_CURVE('',#1484,#1592,#1594,.T.);
#1592 = VERTEX_POINT('',#1593);
#1593 = CARTESIAN_POINT('',(0.8,-0.37,0.));
#1594 = LINE('',#1595,#1596);
#1595 = CARTESIAN_POINT('',(0.5,-0.37,0.));
#1596 = VECTOR('',#1597,1.);
#1597 = DIRECTION('',(1.,0.,0.));
#1598 = ORIENTED_EDGE('',*,*,#1599,.F.);
#1599 = EDGE_CURVE('',#1560,#1592,#1600,.T.);
#1600 = CIRCLE('',#1601,3.E-02);
#1601 = AXIS2_PLACEMENT_3D('',#1602,#1603,#1604);
#1602 = CARTESIAN_POINT('',(0.8,-0.37,3.E-02));
#1603 = DIRECTION('',(1.,0.,-0.));
#1604 = DIRECTION('',(0.,0.,1.));
#1605 = ORIENTED_EDGE('',*,*,#1569,.F.);
#1606 = CYLINDRICAL_SURFACE('',#1607,3.E-02);
#1607 = AXIS2_PLACEMENT_3D('',#1608,#1609,#1610);
#1608 = CARTESIAN_POINT('',(0.5,-0.37,3.E-02));
#1609 = DIRECTION('',(1.,0.,0.));
#1610 = DIRECTION('',(0.,-1.,0.));
#1611 = ADVANCED_FACE('',(#1612),#1631,.T.);
#1612 = FACE_BOUND('',#1613,.T.);
#1613 = EDGE_LOOP('',(#1614,#1615,#1624,#1630));
#1614 = ORIENTED_EDGE('',*,*,#1576,.T.);
#1615 = ORIENTED_EDGE('',*,*,#1616,.T.);
#1616 = EDGE_CURVE('',#1562,#1617,#1619,.T.);
#1617 = VERTEX_POINT('',#1618);
#1618 = CARTESIAN_POINT('',(0.8,-0.37,0.8));
#1619 = CIRCLE('',#1620,3.E-02);
#1620 = AXIS2_PLACEMENT_3D('',#1621,#1622,#1623);
#1621 = CARTESIAN_POINT('',(0.8,-0.37,0.77));
#1622 = DIRECTION('',(-1.,0.,0.));
#1623 = DIRECTION('',(0.,0.,1.));
#1624 = ORIENTED_EDGE('',*,*,#1625,.F.);
#1625 = EDGE_CURVE('',#1527,#1617,#1626,.T.);
#1626 = LINE('',#1627,#1628);
#1627 = CARTESIAN_POINT('',(0.5,-0.37,0.8));
#1628 = VECTOR('',#1629,1.);
#1629 = DIRECTION('',(1.,0.,0.));
#1630 = ORIENTED_EDGE('',*,*,#1534,.F.);
#1631 = CYLINDRICAL_SURFACE('',#1632,3.E-02);
#1632 = AXIS2_PLACEMENT_3D('',#1633,#1634,#1635);
#1633 = CARTESIAN_POINT('',(0.5,-0.37,0.77));
#1634 = DIRECTION('',(1.,0.,0.));
#1635 = DIRECTION('',(0.,-1.,0.));
#1636 = ADVANCED_FACE('',(#1637),#1655,.F.);
#1637 = FACE_BOUND('',#1638,.F.);
#1638 = EDGE_LOOP('',(#1639,#1640,#1641,#1649));
#1639 = ORIENTED_EDGE('',*,*,#1492,.F.);
#1640 = ORIENTED_EDGE('',*,*,#1591,.T.);
#1641 = ORIENTED_EDGE('',*,*,#1642,.T.);
#1642 = EDGE_CURVE('',#1592,#1643,#1645,.T.);
#1643 = VERTEX_POINT('',#1644);
#1644 = CARTESIAN_POINT('',(0.8,0.37,0.));
#1645 = LINE('',#1646,#1647);
#1646 = CARTESIAN_POINT('',(0.8,-0.4,0.));
#1647 = VECTOR('',#1648,1.);
#1648 = DIRECTION('',(0.,1.,0.));
#1649 = ORIENTED_EDGE('',*,*,#1650,.F.);
#1650 = EDGE_CURVE('',#1493,#1643,#1651,.T.);
#1651 = LINE('',#1652,#1653);
#1652 = CARTESIAN_POINT('',(0.5,0.37,0.));
#1653 = VECTOR('',#1654,1.);
#1654 = DIRECTION('',(1.,0.,0.));
#1655 = PLANE('',#1656);
#1656 = AXIS2_PLACEMENT_3D('',#1657,#1658,#1659);
#1657 = CARTESIAN_POINT('',(0.5,-0.4,0.));
#1658 = DIRECTION('',(0.,0.,1.));
#1659 = DIRECTION('',(1.,0.,-0.));
#1660 = ADVANCED_FACE('',(#1661),#1679,.T.);
#1661 = FACE_BOUND('',#1662,.T.);
#1662 = EDGE_LOOP('',(#1663,#1664,#1665,#1673));
#1663 = ORIENTED_EDGE('',*,*,#1526,.F.);
#1664 = ORIENTED_EDGE('',*,*,#1625,.T.);
#1665 = ORIENTED_EDGE('',*,*,#1666,.T.);
#1666 = EDGE_CURVE('',#1617,#1667,#1669,.T.);
#1667 = VERTEX_POINT('',#1668);
#1668 = CARTESIAN_POINT('',(0.8,0.37,0.8));
#1669 = LINE('',#1670,#1671);
#1670 = CARTESIAN_POINT('',(0.8,-0.4,0.8));
#1671 = VECTOR('',#1672,1.);
#1672 = DIRECTION('',(0.,1.,0.));
#1673 = ORIENTED_EDGE('',*,*,#1674,.F.);
#1674 = EDGE_CURVE('',#1518,#1667,#1675,.T.);
#1675 = LINE('',#1676,#1677);
#1676 = CARTESIAN_POINT('',(0.5,0.37,0.8));
#1677 = VECTOR('',#1678,1.);
#1678 = DIRECTION('',(1.,0.,0.));
#1679 = PLANE('',#1680);
#1680 = AXIS2_PLACEMENT_3D('',#1681,#1682,#1683);
#1681 = CARTESIAN_POINT('',(0.5,-0.4,0.8));
#1682 = DIRECTION('',(0.,0.,1.));
#1683 = DIRECTION('',(1.,0.,-0.));
#1684 = ADVANCED_FACE('',(#1685),#1704,.T.);
#1685 = FACE_BOUND('',#1686,.T.);
#1686 = EDGE_LOOP('',(#1687,#1695,#1702,#1703));
#1687 = ORIENTED_EDGE('',*,*,#1688,.T.);
#1688 = EDGE_CURVE('',#1501,#1689,#1691,.T.);
#1689 = VERTEX_POINT('',#1690);
#1690 = CARTESIAN_POINT('',(0.8,0.4,3.E-02));
#1691 = LINE('',#1692,#1693);
#1692 = CARTESIAN_POINT('',(0.5,0.4,3.E-02));
#1693 = VECTOR('',#1694,1.);
#1694 = DIRECTION('',(1.,0.,0.));
#1695 = ORIENTED_EDGE('',*,*,#1696,.T.);
#1696 = EDGE_CURVE('',#1689,#1643,#1697,.T.);
#1697 = CIRCLE('',#1698,3.E-02);
#1698 = AXIS2_PLACEMENT_3D('',#1699,#1700,#1701);
#1699 = CARTESIAN_POINT('',(0.8,0.37,3.E-02));
#1700 = DIRECTION('',(-1.,0.,0.));
#1701 = DIRECTION('',(0.,0.,1.));
#1702 = ORIENTED_EDGE('',*,*,#1650,.F.);
#1703 = ORIENTED_EDGE('',*,*,#1500,.F.);
#1704 = CYLINDRICAL_SURFACE('',#1705,3.E-02);
#1705 = AXIS2_PLACEMENT_3D('',#1706,#1707,#1708);
#1706 = CARTESIAN_POINT('',(0.5,0.37,3.E-02));
#1707 = DIRECTION('',(1.,0.,0.));
#1708 = DIRECTION('',(-0.,1.,0.));
#1709 = ADVANCED_FACE('',(#1710),#1729,.T.);
#1710 = FACE_BOUND('',#1711,.T.);
#1711 = EDGE_LOOP('',(#1712,#1713,#1714,#1723));
#1712 = ORIENTED_EDGE('',*,*,#1517,.T.);
#1713 = ORIENTED_EDGE('',*,*,#1674,.T.);
#1714 = ORIENTED_EDGE('',*,*,#1715,.F.);
#1715 = EDGE_CURVE('',#1716,#1667,#1718,.T.);
#1716 = VERTEX_POINT('',#1717);
#1717 = CARTESIAN_POINT('',(0.8,0.4,0.77));
#1718 = CIRCLE('',#1719,3.E-02);
#1719 = AXIS2_PLACEMENT_3D('',#1720,#1721,#1722);
#1720 = CARTESIAN_POINT('',(0.8,0.37,0.77));
#1721 = DIRECTION('',(1.,0.,-0.));
#1722 = DIRECTION('',(0.,0.,1.));
#1723 = ORIENTED_EDGE('',*,*,#1724,.F.);
#1724 = EDGE_CURVE('',#1510,#1716,#1725,.T.);
#1725 = LINE('',#1726,#1727);
#1726 = CARTESIAN_POINT('',(0.5,0.4,0.77));
#1727 = VECTOR('',#1728,1.);
#1728 = DIRECTION('',(1.,0.,0.));
#1729 = CYLINDRICAL_SURFACE('',#1730,3.E-02);
#1730 = AXIS2_PLACEMENT_3D('',#1731,#1732,#1733);
#1731 = CARTESIAN_POINT('',(0.5,0.37,0.77));
#1732 = DIRECTION('',(1.,0.,0.));
#1733 = DIRECTION('',(-0.,1.,0.));
#1734 = ADVANCED_FACE('',(#1735),#1746,.T.);
#1735 = FACE_BOUND('',#1736,.T.);
#1736 = EDGE_LOOP('',(#1737,#1743,#1744,#1745));
#1737 = ORIENTED_EDGE('',*,*,#1738,.F.);
#1738 = EDGE_CURVE('',#1689,#1716,#1739,.T.);
#1739 = LINE('',#1740,#1741);
#1740 = CARTESIAN_POINT('',(0.8,0.4,0.));
#1741 = VECTOR('',#1742,1.);
#1742 = DIRECTION('',(0.,0.,1.));
#1743 = ORIENTED_EDGE('',*,*,#1688,.F.);
#1744 = ORIENTED_EDGE('',*,*,#1509,.T.);
#1745 = ORIENTED_EDGE('',*,*,#1724,.T.);
#1746 = PLANE('',#1747);
#1747 = AXIS2_PLACEMENT_3D('',#1748,#1749,#1750);
#1748 = CARTESIAN_POINT('',(0.5,0.4,0.));
#1749 = DIRECTION('',(0.,1.,0.));
#1750 = DIRECTION('',(0.,-0.,1.));
#1751 = ADVANCED_FACE('',(#1752),#1762,.T.);
#1752 = FACE_BOUND('',#1753,.T.);
#1753 = EDGE_LOOP('',(#1754,#1755,#1756,#1757,#1758,#1759,#1760,#1761));
#1754 = ORIENTED_EDGE('',*,*,#1559,.F.);
#1755 = ORIENTED_EDGE('',*,*,#1599,.T.);
#1756 = ORIENTED_EDGE('',*,*,#1642,.T.);
#1757 = ORIENTED_EDGE('',*,*,#1696,.F.);
#1758 = ORIENTED_EDGE('',*,*,#1738,.T.);
#1759 = ORIENTED_EDGE('',*,*,#1715,.T.);
#1760 = ORIENTED_EDGE('',*,*,#1666,.F.);
#1761 = ORIENTED_EDGE('',*,*,#1616,.F.);
#1762 = PLANE('',#1763);
#1763 = AXIS2_PLACEMENT_3D('',#1764,#1765,#1766);
#1764 = CARTESIAN_POINT('',(0.8,-0.4,0.));
#1765 = DIRECTION('',(1.,0.,0.));
#1766 = DIRECTION('',(0.,0.,1.));
#1767 = ( GEOMETRIC_REPRESENTATION_CONTEXT(3) 
GLOBAL_UNCERTAINTY_ASSIGNED_CONTEXT((#1771)) 
GLOBAL_UNIT_ASSIGNED_CONTEXT((#1768,#1769,#1770)) REPRESENTATION_CONTEXT
('Context #1','3D Context with UNIT and UNCERTAINTY') );
#1768 = ( LENGTH_UNIT() NAMED_UNIT(*) SI_UNIT(.MILLI.,.METRE.) );
#1769 = ( NAMED_UNIT(*) PLANE_ANGLE_UNIT() SI_UNIT($,.RADIAN.) );
#1770 = ( NAMED_UNIT(*) SI_UNIT($,.STERADIAN.) SOLID_ANGLE_UNIT() );
#1771 = UNCERTAINTY_MEASURE_WITH_UNIT(LENGTH_MEASURE(1.E-07),#1768,
  'distance_accuracy_value','confusion accuracy');
#1772 = CONTEXT_DEPENDENT_SHAPE_REPRESENTATION(#1773,#1775);
#1773 = ( REPRESENTATION_RELATIONSHIP('','',#912,#889) 
REPRESENTATION_RELATIONSHIP_WITH_TRANSFORMATION(#1774) 
SHAPE_REPRESENTATION_RELATIONSHIP() );
#1774 = ITEM_DEFINED_TRANSFORMATION('','',#11,#890);
#1775 = PRODUCT_DEFINITION_SHAPE('Placement','Placement of an item',
  #1776);
#1776 = NEXT_ASSEMBLY_USAGE_OCCURRENCE('4','=>[0:1:1:5]','',#884,#907,$
  );
#1777 = PRODUCT_RELATED_PRODUCT_CATEGORY('part',$,(#909));
#1778 = SHAPE_DEFINITION_REPRESENTATION(#1779,#1785);
#1779 = PRODUCT_DEFINITION_SHAPE('','',#1780);
#1780 = PRODUCT_DEFINITION('design','',#1781,#1784);
#1781 = PRODUCT_DEFINITION_FORMATION('','',#1782);
#1782 = PRODUCT('C_0805_2012Metric','C_0805_2012Metric','',(#1783));
#1783 = PRODUCT_CONTEXT('',#2,'mechanical');
#1784 = PRODUCT_DEFINITION_CONTEXT('part definition',#2,'design');
#1785 = SHAPE_REPRESENTATION('',(#11,#1786),#1790);
#1786 = AXIS2_PLACEMENT_3D('',#1787,#1788,#1789);
#1787 = CARTESIAN_POINT('',(0.,0.,0.));
#1788 = DIRECTION('',(0.,0.,1.));
#1789 = DIRECTION('',(1.,0.,-0.));
#1790 = ( GEOMETRIC_REPRESENTATION_CONTEXT(3) 
GLOBAL_UNCERTAINTY_ASSIGNED_CONTEXT((#1794)) 
GLOBAL_UNIT_ASSIGNED_CONTEXT((#1791,#1792,#1793)) REPRESENTATION_CONTEXT
('Context #1','3D Context with UNIT and UNCERTAINTY') );
#1791 = ( LENGTH_UNIT() NAMED_UNIT(*) SI_UNIT(.MILLI.,.METRE.) );
#1792 = ( NAMED_UNIT(*) PLANE_ANGLE_UNIT() SI_UNIT($,.RADIAN.) );
#1793 = ( NAMED_UNIT(*) SI_UNIT($,.STERADIAN.) SOLID_ANGLE_UNIT() );
#1794 = UNCERTAINTY_MEASURE_WITH_UNIT(LENGTH_MEASURE(1.E-07),#1791,
  'distance_accuracy_value','confusion accuracy');
#1795 = CONTEXT_DEPENDENT_SHAPE_REPRESENTATION(#1796,#1798);
#1796 = ( REPRESENTATION_RELATIONSHIP('','',#1785,#10) 
REPRESENTATION_RELATIONSHIP_WITH_TRANSFORMATION(#1797) 
SHAPE_REPRESENTATION_RELATIONSHIP() );
#1797 = ITEM_DEFINED_TRANSFORMATION('','',#11,#27);
#1798 = PRODUCT_DEFINITION_SHAPE('Placement','Placement of an item',
  #1799);
#1799 = NEXT_ASSEMBLY_USAGE_OCCURRENCE('7','C2','',#5,#1780,$);
#1800 = PRODUCT_RELATED_PRODUCT_CATEGORY('part',$,(#1782));
#1801 = SHAPE_DEFINITION_REPRESENTATION(#1802,#1808);
#1802 = PRODUCT_DEFINITION_SHAPE('','',#1803);
#1803 = PRODUCT_DEFINITION('design','',#1804,#1807);
#1804 = PRODUCT_DEFINITION_FORMATION('','',#1805);
#1805 = PRODUCT('C_0805_2012Metric','C_0805_2012Metric','',(#1806));
#1806 = PRODUCT_CONTEXT('',#2,'mechanical');
#1807 = PRODUCT_DEFINITION_CONTEXT('part definition',#2,'design');
#1808 = ADVANCED_BREP_SHAPE_REPRESENTATION('',(#11,#1809),#2663);
#1809 = MANIFOLD_SOLID_BREP('',#1810);
#1810 = CLOSED_SHELL('',(#1811,#1887,#1918,#1943,#1968,#1992,#2016,#2041
    ,#2066,#2083,#2169,#2201,#2225,#2250,#2274,#2299,#2323,#2348,#2365,
    #2451,#2482,#2507,#2532,#2556,#2580,#2605,#2630,#2647));
#1811 = ADVANCED_FACE('',(#1812),#1882,.F.);
#1812 = FACE_BOUND('',#1813,.F.);
#1813 = EDGE_LOOP('',(#1814,#1824,#1833,#1841,#1850,#1858,#1867,#1875));
#1814 = ORIENTED_EDGE('',*,*,#1815,.F.);
#1815 = EDGE_CURVE('',#1816,#1818,#1820,.T.);
#1816 = VERTEX_POINT('',#1817);
#1817 = CARTESIAN_POINT('',(-1.,-0.625,4.E-02));
#1818 = VERTEX_POINT('',#1819);
#1819 = CARTESIAN_POINT('',(-1.,-0.625,1.21));
#1820 = LINE('',#1821,#1822);
#1821 = CARTESIAN_POINT('',(-1.,-0.625,0.));
#1822 = VECTOR('',#1823,1.);
#1823 = DIRECTION('',(0.,0.,1.));
#1824 = ORIENTED_EDGE('',*,*,#1825,.T.);
#1825 = EDGE_CURVE('',#1816,#1826,#1828,.T.);
#1826 = VERTEX_POINT('',#1827);
#1827 = CARTESIAN_POINT('',(-1.,-0.585,0.));
#1828 = CIRCLE('',#1829,4.E-02);
#1829 = AXIS2_PLACEMENT_3D('',#1830,#1831,#1832);
#1830 = CARTESIAN_POINT('',(-1.,-0.585,4.E-02));
#1831 = DIRECTION('',(1.,0.,-0.));
#1832 = DIRECTION('',(0.,0.,1.));
#1833 = ORIENTED_EDGE('',*,*,#1834,.T.);
#1834 = EDGE_CURVE('',#1826,#1835,#1837,.T.);
#1835 = VERTEX_POINT('',#1836);
#1836 = CARTESIAN_POINT('',(-1.,0.585,0.));
#1837 = LINE('',#1838,#1839);
#1838 = CARTESIAN_POINT('',(-1.,-0.625,0.));
#1839 = VECTOR('',#1840,1.);
#1840 = DIRECTION('',(0.,1.,0.));
#1841 = ORIENTED_EDGE('',*,*,#1842,.F.);
#1842 = EDGE_CURVE('',#1843,#1835,#1845,.T.);
#1843 = VERTEX_POINT('',#1844);
#1844 = CARTESIAN_POINT('',(-1.,0.625,4.E-02));
#1845 = CIRCLE('',#1846,4.E-02);
#1846 = AXIS2_PLACEMENT_3D('',#1847,#1848,#1849);
#1847 = CARTESIAN_POINT('',(-1.,0.585,4.E-02));
#1848 = DIRECTION('',(-1.,0.,0.));
#1849 = DIRECTION('',(0.,0.,1.));
#1850 = ORIENTED_EDGE('',*,*,#1851,.T.);
#1851 = EDGE_CURVE('',#1843,#1852,#1854,.T.);
#1852 = VERTEX_POINT('',#1853);
#1853 = CARTESIAN_POINT('',(-1.,0.625,1.21));
#1854 = LINE('',#1855,#1856);
#1855 = CARTESIAN_POINT('',(-1.,0.625,0.));
#1856 = VECTOR('',#1857,1.);
#1857 = DIRECTION('',(0.,0.,1.));
#1858 = ORIENTED_EDGE('',*,*,#1859,.T.);
#1859 = EDGE_CURVE('',#1852,#1860,#1862,.T.);
#1860 = VERTEX_POINT('',#1861);
#1861 = CARTESIAN_POINT('',(-1.,0.585,1.25));
#1862 = CIRCLE('',#1863,4.E-02);
#1863 = AXIS2_PLACEMENT_3D('',#1864,#1865,#1866);
#1864 = CARTESIAN_POINT('',(-1.,0.585,1.21));
#1865 = DIRECTION('',(1.,0.,-0.));
#1866 = DIRECTION('',(0.,0.,1.));
#1867 = ORIENTED_EDGE('',*,*,#1868,.F.);
#1868 = EDGE_CURVE('',#1869,#1860,#1871,.T.);
#1869 = VERTEX_POINT('',#1870);
#1870 = CARTESIAN_POINT('',(-1.,-0.585,1.25));
#1871 = LINE('',#1872,#1873);
#1872 = CARTESIAN_POINT('',(-1.,-0.625,1.25));
#1873 = VECTOR('',#1874,1.);
#1874 = DIRECTION('',(0.,1.,0.));
#1875 = ORIENTED_EDGE('',*,*,#1876,.F.);
#1876 = EDGE_CURVE('',#1818,#1869,#1877,.T.);
#1877 = CIRCLE('',#1878,4.E-02);
#1878 = AXIS2_PLACEMENT_3D('',#1879,#1880,#1881);
#1879 = CARTESIAN_POINT('',(-1.,-0.585,1.21));
#1880 = DIRECTION('',(-1.,0.,0.));
#1881 = DIRECTION('',(0.,0.,1.));
#1882 = PLANE('',#1883);
#1883 = AXIS2_PLACEMENT_3D('',#1884,#1885,#1886);
#1884 = CARTESIAN_POINT('',(-1.,-0.625,0.));
#1885 = DIRECTION('',(1.,0.,0.));
#1886 = DIRECTION('',(0.,0.,1.));
#1887 = ADVANCED_FACE('',(#1888),#1913,.F.);
#1888 = FACE_BOUND('',#1889,.F.);
#1889 = EDGE_LOOP('',(#1890,#1900,#1906,#1907));
#1890 = ORIENTED_EDGE('',*,*,#1891,.F.);
#1891 = EDGE_CURVE('',#1892,#1894,#1896,.T.);
#1892 = VERTEX_POINT('',#1893);
#1893 = CARTESIAN_POINT('',(-0.6,-0.625,4.E-02));
#1894 = VERTEX_POINT('',#1895);
#1895 = CARTESIAN_POINT('',(-0.6,-0.625,1.21));
#1896 = LINE('',#1897,#1898);
#1897 = CARTESIAN_POINT('',(-0.6,-0.625,0.));
#1898 = VECTOR('',#1899,1.);
#1899 = DIRECTION('',(0.,0.,1.));
#1900 = ORIENTED_EDGE('',*,*,#1901,.F.);
#1901 = EDGE_CURVE('',#1816,#1892,#1902,.T.);
#1902 = LINE('',#1903,#1904);
#1903 = CARTESIAN_POINT('',(-1.,-0.625,4.E-02));
#1904 = VECTOR('',#1905,1.);
#1905 = DIRECTION('',(1.,0.,0.));
#1906 = ORIENTED_EDGE('',*,*,#1815,.T.);
#1907 = ORIENTED_EDGE('',*,*,#1908,.T.);
#1908 = EDGE_CURVE('',#1818,#1894,#1909,.T.);
#1909 = LINE('',#1910,#1911);
#1910 = CARTESIAN_POINT('',(-1.,-0.625,1.21));
#1911 = VECTOR('',#1912,1.);
#1912 = DIRECTION('',(1.,0.,0.));
#1913 = PLANE('',#1914);
#1914 = AXIS2_PLACEMENT_3D('',#1915,#1916,#1917);
#1915 = CARTESIAN_POINT('',(-1.,-0.625,0.));
#1916 = DIRECTION('',(0.,1.,0.));
#1917 = DIRECTION('',(0.,-0.,1.));
#1918 = ADVANCED_FACE('',(#1919),#1938,.T.);
#1919 = FACE_BOUND('',#1920,.T.);
#1920 = EDGE_LOOP('',(#1921,#1922,#1930,#1937));
#1921 = ORIENTED_EDGE('',*,*,#1825,.T.);
#1922 = ORIENTED_EDGE('',*,*,#1923,.T.);
#1923 = EDGE_CURVE('',#1826,#1924,#1926,.T.);
#1924 = VERTEX_POINT('',#1925);
#1925 = CARTESIAN_POINT('',(-0.6,-0.585,0.));
#1926 = LINE('',#1927,#1928);
#1927 = CARTESIAN_POINT('',(-1.,-0.585,0.));
#1928 = VECTOR('',#1929,1.);
#1929 = DIRECTION('',(1.,0.,0.));
#1930 = ORIENTED_EDGE('',*,*,#1931,.F.);
#1931 = EDGE_CURVE('',#1892,#1924,#1932,.T.);
#1932 = CIRCLE('',#1933,4.E-02);
#1933 = AXIS2_PLACEMENT_3D('',#1934,#1935,#1936);
#1934 = CARTESIAN_POINT('',(-0.6,-0.585,4.E-02));
#1935 = DIRECTION('',(1.,0.,-0.));
#1936 = DIRECTION('',(0.,0.,1.));
#1937 = ORIENTED_EDGE('',*,*,#1901,.F.);
#1938 = CYLINDRICAL_SURFACE('',#1939,4.E-02);
#1939 = AXIS2_PLACEMENT_3D('',#1940,#1941,#1942);
#1940 = CARTESIAN_POINT('',(-1.,-0.585,4.E-02));
#1941 = DIRECTION('',(1.,0.,0.));
#1942 = DIRECTION('',(0.,-1.,0.));
#1943 = ADVANCED_FACE('',(#1944),#1963,.T.);
#1944 = FACE_BOUND('',#1945,.T.);
#1945 = EDGE_LOOP('',(#1946,#1947,#1956,#1962));
#1946 = ORIENTED_EDGE('',*,*,#1908,.T.);
#1947 = ORIENTED_EDGE('',*,*,#1948,.T.);
#1948 = EDGE_CURVE('',#1894,#1949,#1951,.T.);
#1949 = VERTEX_POINT('',#1950);
#1950 = CARTESIAN_POINT('',(-0.6,-0.585,1.25));
#1951 = CIRCLE('',#1952,4.E-02);
#1952 = AXIS2_PLACEMENT_3D('',#1953,#1954,#1955);
#1953 = CARTESIAN_POINT('',(-0.6,-0.585,1.21));
#1954 = DIRECTION('',(-1.,0.,0.));
#1955 = DIRECTION('',(0.,0.,1.));
#1956 = ORIENTED_EDGE('',*,*,#1957,.F.);
#1957 = EDGE_CURVE('',#1869,#1949,#1958,.T.);
#1958 = LINE('',#1959,#1960);
#1959 = CARTESIAN_POINT('',(-1.,-0.585,1.25));
#1960 = VECTOR('',#1961,1.);
#1961 = DIRECTION('',(1.,0.,0.));
#1962 = ORIENTED_EDGE('',*,*,#1876,.F.);
#1963 = CYLINDRICAL_SURFACE('',#1964,4.E-02);
#1964 = AXIS2_PLACEMENT_3D('',#1965,#1966,#1967);
#1965 = CARTESIAN_POINT('',(-1.,-0.585,1.21));
#1966 = DIRECTION('',(1.,0.,0.));
#1967 = DIRECTION('',(0.,-1.,0.));
#1968 = ADVANCED_FACE('',(#1969),#1987,.F.);
#1969 = FACE_BOUND('',#1970,.F.);
#1970 = EDGE_LOOP('',(#1971,#1972,#1973,#1981));
#1971 = ORIENTED_EDGE('',*,*,#1834,.F.);
#1972 = ORIENTED_EDGE('',*,*,#1923,.T.);
#1973 = ORIENTED_EDGE('',*,*,#1974,.T.);
#1974 = EDGE_CURVE('',#1924,#1975,#1977,.T.);
#1975 = VERTEX_POINT('',#1976);
#1976 = CARTESIAN_POINT('',(-0.6,0.585,0.));
#1977 = LINE('',#1978,#1979);
#1978 = CARTESIAN_POINT('',(-0.6,-0.625,0.));
#1979 = VECTOR('',#1980,1.);
#1980 = DIRECTION('',(0.,1.,0.));
#1981 = ORIENTED_EDGE('',*,*,#1982,.F.);
#1982 = EDGE_CURVE('',#1835,#1975,#1983,.T.);
#1983 = LINE('',#1984,#1985);
#1984 = CARTESIAN_POINT('',(-1.,0.585,0.));
#1985 = VECTOR('',#1986,1.);
#1986 = DIRECTION('',(1.,0.,0.));
#1987 = PLANE('',#1988);
#1988 = AXIS2_PLACEMENT_3D('',#1989,#1990,#1991);
#1989 = CARTESIAN_POINT('',(-1.,-0.625,0.));
#1990 = DIRECTION('',(0.,0.,1.));
#1991 = DIRECTION('',(1.,0.,-0.));
#1992 = ADVANCED_FACE('',(#1993),#2011,.T.);
#1993 = FACE_BOUND('',#1994,.T.);
#1994 = EDGE_LOOP('',(#1995,#1996,#1997,#2005));
#1995 = ORIENTED_EDGE('',*,*,#1868,.F.);
#1996 = ORIENTED_EDGE('',*,*,#1957,.T.);
#1997 = ORIENTED_EDGE('',*,*,#1998,.T.);
#1998 = EDGE_CURVE('',#1949,#1999,#2001,.T.);
#1999 = VERTEX_POINT('',#2000);
#2000 = CARTESIAN_POINT('',(-0.6,0.585,1.25));
#2001 = LINE('',#2002,#2003);
#2002 = CARTESIAN_POINT('',(-0.6,-0.625,1.25));
#2003 = VECTOR('',#2004,1.);
#2004 = DIRECTION('',(0.,1.,0.));
#2005 = ORIENTED_EDGE('',*,*,#2006,.F.);
#2006 = EDGE_CURVE('',#1860,#1999,#2007,.T.);
#2007 = LINE('',#2008,#2009);
#2008 = CARTESIAN_POINT('',(-1.,0.585,1.25));
#2009 = VECTOR('',#2010,1.);
#2010 = DIRECTION('',(1.,0.,0.));
#2011 = PLANE('',#2012);
#2012 = AXIS2_PLACEMENT_3D('',#2013,#2014,#2015);
#2013 = CARTESIAN_POINT('',(-1.,-0.625,1.25));
#2014 = DIRECTION('',(0.,0.,1.));
#2015 = DIRECTION('',(1.,0.,-0.));
#2016 = ADVANCED_FACE('',(#2017),#2036,.T.);
#2017 = FACE_BOUND('',#2018,.T.);
#2018 = EDGE_LOOP('',(#2019,#2027,#2034,#2035));
#2019 = ORIENTED_EDGE('',*,*,#2020,.T.);
#2020 = EDGE_CURVE('',#1843,#2021,#2023,.T.);
#2021 = VERTEX_POINT('',#2022);
#2022 = CARTESIAN_POINT('',(-0.6,0.625,4.E-02));
#2023 = LINE('',#2024,#2025);
#2024 = CARTESIAN_POINT('',(-1.,0.625,4.E-02));
#2025 = VECTOR('',#2026,1.);
#2026 = DIRECTION('',(1.,0.,0.));
#2027 = ORIENTED_EDGE('',*,*,#2028,.T.);
#2028 = EDGE_CURVE('',#2021,#1975,#2029,.T.);
#2029 = CIRCLE('',#2030,4.E-02);
#2030 = AXIS2_PLACEMENT_3D('',#2031,#2032,#2033);
#2031 = CARTESIAN_POINT('',(-0.6,0.585,4.E-02));
#2032 = DIRECTION('',(-1.,0.,0.));
#2033 = DIRECTION('',(0.,0.,1.));
#2034 = ORIENTED_EDGE('',*,*,#1982,.F.);
#2035 = ORIENTED_EDGE('',*,*,#1842,.F.);
#2036 = CYLINDRICAL_SURFACE('',#2037,4.E-02);
#2037 = AXIS2_PLACEMENT_3D('',#2038,#2039,#2040);
#2038 = CARTESIAN_POINT('',(-1.,0.585,4.E-02));
#2039 = DIRECTION('',(1.,0.,0.));
#2040 = DIRECTION('',(-0.,1.,0.));
#2041 = ADVANCED_FACE('',(#2042),#2061,.T.);
#2042 = FACE_BOUND('',#2043,.T.);
#2043 = EDGE_LOOP('',(#2044,#2045,#2046,#2055));
#2044 = ORIENTED_EDGE('',*,*,#1859,.T.);
#2045 = ORIENTED_EDGE('',*,*,#2006,.T.);
#2046 = ORIENTED_EDGE('',*,*,#2047,.F.);
#2047 = EDGE_CURVE('',#2048,#1999,#2050,.T.);
#2048 = VERTEX_POINT('',#2049);
#2049 = CARTESIAN_POINT('',(-0.6,0.625,1.21));
#2050 = CIRCLE('',#2051,4.E-02);
#2051 = AXIS2_PLACEMENT_3D('',#2052,#2053,#2054);
#2052 = CARTESIAN_POINT('',(-0.6,0.585,1.21));
#2053 = DIRECTION('',(1.,0.,-0.));
#2054 = DIRECTION('',(0.,0.,1.));
#2055 = ORIENTED_EDGE('',*,*,#2056,.F.);
#2056 = EDGE_CURVE('',#1852,#2048,#2057,.T.);
#2057 = LINE('',#2058,#2059);
#2058 = CARTESIAN_POINT('',(-1.,0.625,1.21));
#2059 = VECTOR('',#2060,1.);
#2060 = DIRECTION('',(1.,0.,0.));
#2061 = CYLINDRICAL_SURFACE('',#2062,4.E-02);
#2062 = AXIS2_PLACEMENT_3D('',#2063,#2064,#2065);
#2063 = CARTESIAN_POINT('',(-1.,0.585,1.21));
#2064 = DIRECTION('',(1.,0.,0.));
#2065 = DIRECTION('',(-0.,1.,0.));
#2066 = ADVANCED_FACE('',(#2067),#2078,.T.);
#2067 = FACE_BOUND('',#2068,.T.);
#2068 = EDGE_LOOP('',(#2069,#2075,#2076,#2077));
#2069 = ORIENTED_EDGE('',*,*,#2070,.F.);
#2070 = EDGE_CURVE('',#2021,#2048,#2071,.T.);
#2071 = LINE('',#2072,#2073);
#2072 = CARTESIAN_POINT('',(-0.6,0.625,0.));
#2073 = VECTOR('',#2074,1.);
#2074 = DIRECTION('',(0.,0.,1.));
#2075 = ORIENTED_EDGE('',*,*,#2020,.F.);
#2076 = ORIENTED_EDGE('',*,*,#1851,.T.);
#2077 = ORIENTED_EDGE('',*,*,#2056,.T.);
#2078 = PLANE('',#2079);
#2079 = AXIS2_PLACEMENT_3D('',#2080,#2081,#2082);
#2080 = CARTESIAN_POINT('',(-1.,0.625,0.));
#2081 = DIRECTION('',(0.,1.,0.));
#2082 = DIRECTION('',(0.,-0.,1.));
#2083 = ADVANCED_FACE('',(#2084,#2094),#2164,.T.);
#2084 = FACE_BOUND('',#2085,.T.);
#2085 = EDGE_LOOP('',(#2086,#2087,#2088,#2089,#2090,#2091,#2092,#2093));
#2086 = ORIENTED_EDGE('',*,*,#1891,.F.);
#2087 = ORIENTED_EDGE('',*,*,#1931,.T.);
#2088 = ORIENTED_EDGE('',*,*,#1974,.T.);
#2089 = ORIENTED_EDGE('',*,*,#2028,.F.);
#2090 = ORIENTED_EDGE('',*,*,#2070,.T.);
#2091 = ORIENTED_EDGE('',*,*,#2047,.T.);
#2092 = ORIENTED_EDGE('',*,*,#1998,.F.);
#2093 = ORIENTED_EDGE('',*,*,#1948,.F.);
#2094 = FACE_BOUND('',#2095,.T.);
#2095 = EDGE_LOOP('',(#2096,#2107,#2115,#2124,#2132,#2141,#2149,#2158));
#2096 = ORIENTED_EDGE('',*,*,#2097,.F.);
#2097 = EDGE_CURVE('',#2098,#2100,#2102,.T.);
#2098 = VERTEX_POINT('',#2099);
#2099 = CARTESIAN_POINT('',(-0.6,-0.585,8.E-02));
#2100 = VERTEX_POINT('',#2101);
#2101 = CARTESIAN_POINT('',(-0.6,-0.545,4.E-02));
#2102 = CIRCLE('',#2103,4.E-02);
#2103 = AXIS2_PLACEMENT_3D('',#2104,#2105,#2106);
#2104 = CARTESIAN_POINT('',(-0.6,-0.545,8.E-02));
#2105 = DIRECTION('',(1.,0.,-0.));
#2106 = DIRECTION('',(0.,0.,1.));
#2107 = ORIENTED_EDGE('',*,*,#2108,.T.);
#2108 = EDGE_CURVE('',#2098,#2109,#2111,.T.);
#2109 = VERTEX_POINT('',#2110);
#2110 = CARTESIAN_POINT('',(-0.6,-0.585,1.17));
#2111 = LINE('',#2112,#2113);
#2112 = CARTESIAN_POINT('',(-0.6,-0.585,4.E-02));
#2113 = VECTOR('',#2114,1.);
#2114 = DIRECTION('',(0.,0.,1.));
#2115 = ORIENTED_EDGE('',*,*,#2116,.T.);
#2116 = EDGE_CURVE('',#2109,#2117,#2119,.T.);
#2117 = VERTEX_POINT('',#2118);
#2118 = CARTESIAN_POINT('',(-0.6,-0.545,1.21));
#2119 = CIRCLE('',#2120,4.E-02);
#2120 = AXIS2_PLACEMENT_3D('',#2121,#2122,#2123);
#2121 = CARTESIAN_POINT('',(-0.6,-0.545,1.17));
#2122 = DIRECTION('',(-1.,0.,0.));
#2123 = DIRECTION('',(0.,0.,1.));
#2124 = ORIENTED_EDGE('',*,*,#2125,.T.);
#2125 = EDGE_CURVE('',#2117,#2126,#2128,.T.);
#2126 = VERTEX_POINT('',#2127);
#2127 = CARTESIAN_POINT('',(-0.6,0.545,1.21));
#2128 = LINE('',#2129,#2130);
#2129 = CARTESIAN_POINT('',(-0.6,-0.585,1.21));
#2130 = VECTOR('',#2131,1.);
#2131 = DIRECTION('',(0.,1.,0.));
#2132 = ORIENTED_EDGE('',*,*,#2133,.F.);
#2133 = EDGE_CURVE('',#2134,#2126,#2136,.T.);
#2134 = VERTEX_POINT('',#2135);
#2135 = CARTESIAN_POINT('',(-0.6,0.585,1.17));
#2136 = CIRCLE('',#2137,4.E-02);
#2137 = AXIS2_PLACEMENT_3D('',#2138,#2139,#2140);
#2138 = CARTESIAN_POINT('',(-0.6,0.545,1.17));
#2139 = DIRECTION('',(1.,0.,-0.));
#2140 = DIRECTION('',(0.,0.,1.));
#2141 = ORIENTED_EDGE('',*,*,#2142,.F.);
#2142 = EDGE_CURVE('',#2143,#2134,#2145,.T.);
#2143 = VERTEX_POINT('',#2144);
#2144 = CARTESIAN_POINT('',(-0.6,0.585,8.E-02));
#2145 = LINE('',#2146,#2147);
#2146 = CARTESIAN_POINT('',(-0.6,0.585,4.E-02));
#2147 = VECTOR('',#2148,1.);
#2148 = DIRECTION('',(0.,0.,1.));
#2149 = ORIENTED_EDGE('',*,*,#2150,.T.);
#2150 = EDGE_CURVE('',#2143,#2151,#2153,.T.);
#2151 = VERTEX_POINT('',#2152);
#2152 = CARTESIAN_POINT('',(-0.6,0.545,4.E-02));
#2153 = CIRCLE('',#2154,4.E-02);
#2154 = AXIS2_PLACEMENT_3D('',#2155,#2156,#2157);
#2155 = CARTESIAN_POINT('',(-0.6,0.545,8.E-02));
#2156 = DIRECTION('',(-1.,0.,0.));
#2157 = DIRECTION('',(0.,0.,1.));
#2158 = ORIENTED_EDGE('',*,*,#2159,.F.);
#2159 = EDGE_CURVE('',#2100,#2151,#2160,.T.);
#2160 = LINE('',#2161,#2162);
#2161 = CARTESIAN_POINT('',(-0.6,-0.585,4.E-02));
#2162 = VECTOR('',#2163,1.);
#2163 = DIRECTION('',(0.,1.,0.));
#2164 = PLANE('',#2165);
#2165 = AXIS2_PLACEMENT_3D('',#2166,#2167,#2168);
#2166 = CARTESIAN_POINT('',(-0.6,-0.625,0.));
#2167 = DIRECTION('',(1.,0.,0.));
#2168 = DIRECTION('',(0.,0.,1.));
#2169 = ADVANCED_FACE('',(#2170),#2196,.T.);
#2170 = FACE_BOUND('',#2171,.T.);
#2171 = EDGE_LOOP('',(#2172,#2173,#2181,#2190));
#2172 = ORIENTED_EDGE('',*,*,#2097,.T.);
#2173 = ORIENTED_EDGE('',*,*,#2174,.T.);
#2174 = EDGE_CURVE('',#2100,#2175,#2177,.T.);
#2175 = VERTEX_POINT('',#2176);
#2176 = CARTESIAN_POINT('',(0.6,-0.545,4.E-02));
#2177 = LINE('',#2178,#2179);
#2178 = CARTESIAN_POINT('',(-0.6,-0.545,4.E-02));
#2179 = VECTOR('',#2180,1.);
#2180 = DIRECTION('',(1.,0.,0.));
#2181 = ORIENTED_EDGE('',*,*,#2182,.F.);
#2182 = EDGE_CURVE('',#2183,#2175,#2185,.T.);
#2183 = VERTEX_POINT('',#2184);
#2184 = CARTESIAN_POINT('',(0.6,-0.585,8.E-02));
#2185 = CIRCLE('',#2186,4.E-02);
#2186 = AXIS2_PLACEMENT_3D('',#2187,#2188,#2189);
#2187 = CARTESIAN_POINT('',(0.6,-0.545,8.E-02));
#2188 = DIRECTION('',(1.,0.,-0.));
#2189 = DIRECTION('',(0.,0.,1.));
#2190 = ORIENTED_EDGE('',*,*,#2191,.F.);
#2191 = EDGE_CURVE('',#2098,#2183,#2192,.T.);
#2192 = LINE('',#2193,#2194);
#2193 = CARTESIAN_POINT('',(-0.6,-0.585,8.E-02));
#2194 = VECTOR('',#2195,1.);
#2195 = DIRECTION('',(1.,0.,0.));
#2196 = CYLINDRICAL_SURFACE('',#2197,4.E-02);
#2197 = AXIS2_PLACEMENT_3D('',#2198,#2199,#2200);
#2198 = CARTESIAN_POINT('',(-0.6,-0.545,8.E-02));
#2199 = DIRECTION('',(1.,0.,0.));
#2200 = DIRECTION('',(0.,-1.,0.));
#2201 = ADVANCED_FACE('',(#2202),#2220,.F.);
#2202 = FACE_BOUND('',#2203,.F.);
#2203 = EDGE_LOOP('',(#2204,#2205,#2206,#2214));
#2204 = ORIENTED_EDGE('',*,*,#2159,.F.);
#2205 = ORIENTED_EDGE('',*,*,#2174,.T.);
#2206 = ORIENTED_EDGE('',*,*,#2207,.T.);
#2207 = EDGE_CURVE('',#2175,#2208,#2210,.T.);
#2208 = VERTEX_POINT('',#2209);
#2209 = CARTESIAN_POINT('',(0.6,0.545,4.E-02));
#2210 = LINE('',#2211,#2212);
#2211 = CARTESIAN_POINT('',(0.6,-0.585,4.E-02));
#2212 = VECTOR('',#2213,1.);
#2213 = DIRECTION('',(0.,1.,0.));
#2214 = ORIENTED_EDGE('',*,*,#2215,.F.);
#2215 = EDGE_CURVE('',#2151,#2208,#2216,.T.);
#2216 = LINE('',#2217,#2218);
#2217 = CARTESIAN_POINT('',(-0.6,0.545,4.E-02));
#2218 = VECTOR('',#2219,1.);
#2219 = DIRECTION('',(1.,0.,0.));
#2220 = PLANE('',#2221);
#2221 = AXIS2_PLACEMENT_3D('',#2222,#2223,#2224);
#2222 = CARTESIAN_POINT('',(-0.6,-0.585,4.E-02));
#2223 = DIRECTION('',(0.,0.,1.));
#2224 = DIRECTION('',(1.,0.,-0.));
#2225 = ADVANCED_FACE('',(#2226),#2245,.T.);
#2226 = FACE_BOUND('',#2227,.T.);
#2227 = EDGE_LOOP('',(#2228,#2236,#2243,#2244));
#2228 = ORIENTED_EDGE('',*,*,#2229,.T.);
#2229 = EDGE_CURVE('',#2143,#2230,#2232,.T.);
#2230 = VERTEX_POINT('',#2231);
#2231 = CARTESIAN_POINT('',(0.6,0.585,8.E-02));
#2232 = LINE('',#2233,#2234);
#2233 = CARTESIAN_POINT('',(-0.6,0.585,8.E-02));
#2234 = VECTOR('',#2235,1.);
#2235 = DIRECTION('',(1.,0.,0.));
#2236 = ORIENTED_EDGE('',*,*,#2237,.T.);
#2237 = EDGE_CURVE('',#2230,#2208,#2238,.T.);
#2238 = CIRCLE('',#2239,4.E-02);
#2239 = AXIS2_PLACEMENT_3D('',#2240,#2241,#2242);
#2240 = CARTESIAN_POINT('',(0.6,0.545,8.E-02));
#2241 = DIRECTION('',(-1.,0.,0.));
#2242 = DIRECTION('',(0.,0.,1.));
#2243 = ORIENTED_EDGE('',*,*,#2215,.F.);
#2244 = ORIENTED_EDGE('',*,*,#2150,.F.);
#2245 = CYLINDRICAL_SURFACE('',#2246,4.E-02);
#2246 = AXIS2_PLACEMENT_3D('',#2247,#2248,#2249);
#2247 = CARTESIAN_POINT('',(-0.6,0.545,8.E-02));
#2248 = DIRECTION('',(1.,0.,0.));
#2249 = DIRECTION('',(-0.,1.,0.));
#2250 = ADVANCED_FACE('',(#2251),#2269,.T.);
#2251 = FACE_BOUND('',#2252,.T.);
#2252 = EDGE_LOOP('',(#2253,#2261,#2262,#2263));
#2253 = ORIENTED_EDGE('',*,*,#2254,.F.);
#2254 = EDGE_CURVE('',#2230,#2255,#2257,.T.);
#2255 = VERTEX_POINT('',#2256);
#2256 = CARTESIAN_POINT('',(0.6,0.585,1.17));
#2257 = LINE('',#2258,#2259);
#2258 = CARTESIAN_POINT('',(0.6,0.585,4.E-02));
#2259 = VECTOR('',#2260,1.);
#2260 = DIRECTION('',(0.,0.,1.));
#2261 = ORIENTED_EDGE('',*,*,#2229,.F.);
#2262 = ORIENTED_EDGE('',*,*,#2142,.T.);
#2263 = ORIENTED_EDGE('',*,*,#2264,.T.);
#2264 = EDGE_CURVE('',#2134,#2255,#2265,.T.);
#2265 = LINE('',#2266,#2267);
#2266 = CARTESIAN_POINT('',(-0.6,0.585,1.17));
#2267 = VECTOR('',#2268,1.);
#2268 = DIRECTION('',(1.,0.,0.));
#2269 = PLANE('',#2270);
#2270 = AXIS2_PLACEMENT_3D('',#2271,#2272,#2273);
#2271 = CARTESIAN_POINT('',(-0.6,0.585,4.E-02));
#2272 = DIRECTION('',(0.,1.,0.));
#2273 = DIRECTION('',(0.,-0.,1.));
#2274 = ADVANCED_FACE('',(#2275),#2294,.T.);
#2275 = FACE_BOUND('',#2276,.T.);
#2276 = EDGE_LOOP('',(#2277,#2278,#2286,#2293));
#2277 = ORIENTED_EDGE('',*,*,#2133,.T.);
#2278 = ORIENTED_EDGE('',*,*,#2279,.T.);
#2279 = EDGE_CURVE('',#2126,#2280,#2282,.T.);
#2280 = VERTEX_POINT('',#2281);
#2281 = CARTESIAN_POINT('',(0.6,0.545,1.21));
#2282 = LINE('',#2283,#2284);
#2283 = CARTESIAN_POINT('',(-0.6,0.545,1.21));
#2284 = VECTOR('',#2285,1.);
#2285 = DIRECTION('',(1.,0.,0.));
#2286 = ORIENTED_EDGE('',*,*,#2287,.F.);
#2287 = EDGE_CURVE('',#2255,#2280,#2288,.T.);
#2288 = CIRCLE('',#2289,4.E-02);
#2289 = AXIS2_PLACEMENT_3D('',#2290,#2291,#2292);
#2290 = CARTESIAN_POINT('',(0.6,0.545,1.17));
#2291 = DIRECTION('',(1.,0.,-0.));
#2292 = DIRECTION('',(0.,0.,1.));
#2293 = ORIENTED_EDGE('',*,*,#2264,.F.);
#2294 = CYLINDRICAL_SURFACE('',#2295,4.E-02);
#2295 = AXIS2_PLACEMENT_3D('',#2296,#2297,#2298);
#2296 = CARTESIAN_POINT('',(-0.6,0.545,1.17));
#2297 = DIRECTION('',(1.,0.,0.));
#2298 = DIRECTION('',(-0.,1.,0.));
#2299 = ADVANCED_FACE('',(#2300),#2318,.T.);
#2300 = FACE_BOUND('',#2301,.T.);
#2301 = EDGE_LOOP('',(#2302,#2303,#2311,#2317));
#2302 = ORIENTED_EDGE('',*,*,#2125,.F.);
#2303 = ORIENTED_EDGE('',*,*,#2304,.T.);
#2304 = EDGE_CURVE('',#2117,#2305,#2307,.T.);
#2305 = VERTEX_POINT('',#2306);
#2306 = CARTESIAN_POINT('',(0.6,-0.545,1.21));
#2307 = LINE('',#2308,#2309);
#2308 = CARTESIAN_POINT('',(-0.6,-0.545,1.21));
#2309 = VECTOR('',#2310,1.);
#2310 = DIRECTION('',(1.,0.,0.));
#2311 = ORIENTED_EDGE('',*,*,#2312,.T.);
#2312 = EDGE_CURVE('',#2305,#2280,#2313,.T.);
#2313 = LINE('',#2314,#2315);
#2314 = CARTESIAN_POINT('',(0.6,-0.585,1.21));
#2315 = VECTOR('',#2316,1.);
#2316 = DIRECTION('',(0.,1.,0.));
#2317 = ORIENTED_EDGE('',*,*,#2279,.F.);
#2318 = PLANE('',#2319);
#2319 = AXIS2_PLACEMENT_3D('',#2320,#2321,#2322);
#2320 = CARTESIAN_POINT('',(-0.6,-0.585,1.21));
#2321 = DIRECTION('',(0.,0.,1.));
#2322 = DIRECTION('',(1.,0.,-0.));
#2323 = ADVANCED_FACE('',(#2324),#2343,.T.);
#2324 = FACE_BOUND('',#2325,.T.);
#2325 = EDGE_LOOP('',(#2326,#2334,#2341,#2342));
#2326 = ORIENTED_EDGE('',*,*,#2327,.T.);
#2327 = EDGE_CURVE('',#2109,#2328,#2330,.T.);
#2328 = VERTEX_POINT('',#2329);
#2329 = CARTESIAN_POINT('',(0.6,-0.585,1.17));
#2330 = LINE('',#2331,#2332);
#2331 = CARTESIAN_POINT('',(-0.6,-0.585,1.17));
#2332 = VECTOR('',#2333,1.);
#2333 = DIRECTION('',(1.,0.,0.));
#2334 = ORIENTED_EDGE('',*,*,#2335,.T.);
#2335 = EDGE_CURVE('',#2328,#2305,#2336,.T.);
#2336 = CIRCLE('',#2337,4.E-02);
#2337 = AXIS2_PLACEMENT_3D('',#2338,#2339,#2340);
#2338 = CARTESIAN_POINT('',(0.6,-0.545,1.17));
#2339 = DIRECTION('',(-1.,0.,0.));
#2340 = DIRECTION('',(0.,0.,1.));
#2341 = ORIENTED_EDGE('',*,*,#2304,.F.);
#2342 = ORIENTED_EDGE('',*,*,#2116,.F.);
#2343 = CYLINDRICAL_SURFACE('',#2344,4.E-02);
#2344 = AXIS2_PLACEMENT_3D('',#2345,#2346,#2347);
#2345 = CARTESIAN_POINT('',(-0.6,-0.545,1.17));
#2346 = DIRECTION('',(1.,0.,0.));
#2347 = DIRECTION('',(0.,-1.,0.));
#2348 = ADVANCED_FACE('',(#2349),#2360,.F.);
#2349 = FACE_BOUND('',#2350,.F.);
#2350 = EDGE_LOOP('',(#2351,#2357,#2358,#2359));
#2351 = ORIENTED_EDGE('',*,*,#2352,.F.);
#2352 = EDGE_CURVE('',#2183,#2328,#2353,.T.);
#2353 = LINE('',#2354,#2355);
#2354 = CARTESIAN_POINT('',(0.6,-0.585,4.E-02));
#2355 = VECTOR('',#2356,1.);
#2356 = DIRECTION('',(0.,0.,1.));
#2357 = ORIENTED_EDGE('',*,*,#2191,.F.);
#2358 = ORIENTED_EDGE('',*,*,#2108,.T.);
#2359 = ORIENTED_EDGE('',*,*,#2327,.T.);
#2360 = PLANE('',#2361);
#2361 = AXIS2_PLACEMENT_3D('',#2362,#2363,#2364);
#2362 = CARTESIAN_POINT('',(-0.6,-0.585,4.E-02));
#2363 = DIRECTION('',(0.,1.,0.));
#2364 = DIRECTION('',(0.,-0.,1.));
#2365 = ADVANCED_FACE('',(#2366,#2436),#2446,.F.);
#2366 = FACE_BOUND('',#2367,.F.);
#2367 = EDGE_LOOP('',(#2368,#2378,#2387,#2395,#2404,#2412,#2421,#2429));
#2368 = ORIENTED_EDGE('',*,*,#2369,.F.);
#2369 = EDGE_CURVE('',#2370,#2372,#2374,.T.);
#2370 = VERTEX_POINT('',#2371);
#2371 = CARTESIAN_POINT('',(0.6,-0.625,4.E-02));
#2372 = VERTEX_POINT('',#2373);
#2373 = CARTESIAN_POINT('',(0.6,-0.625,1.21));
#2374 = LINE('',#2375,#2376);
#2375 = CARTESIAN_POINT('',(0.6,-0.625,0.));
#2376 = VECTOR('',#2377,1.);
#2377 = DIRECTION('',(0.,0.,1.));
#2378 = ORIENTED_EDGE('',*,*,#2379,.T.);
#2379 = EDGE_CURVE('',#2370,#2380,#2382,.T.);
#2380 = VERTEX_POINT('',#2381);
#2381 = CARTESIAN_POINT('',(0.6,-0.585,0.));
#2382 = CIRCLE('',#2383,4.E-02);
#2383 = AXIS2_PLACEMENT_3D('',#2384,#2385,#2386);
#2384 = CARTESIAN_POINT('',(0.6,-0.585,4.E-02));
#2385 = DIRECTION('',(1.,0.,-0.));
#2386 = DIRECTION('',(0.,0.,1.));
#2387 = ORIENTED_EDGE('',*,*,#2388,.T.);
#2388 = EDGE_CURVE('',#2380,#2389,#2391,.T.);
#2389 = VERTEX_POINT('',#2390);
#2390 = CARTESIAN_POINT('',(0.6,0.585,0.));
#2391 = LINE('',#2392,#2393);
#2392 = CARTESIAN_POINT('',(0.6,-0.625,0.));
#2393 = VECTOR('',#2394,1.);
#2394 = DIRECTION('',(0.,1.,0.));
#2395 = ORIENTED_EDGE('',*,*,#2396,.F.);
#2396 = EDGE_CURVE('',#2397,#2389,#2399,.T.);
#2397 = VERTEX_POINT('',#2398);
#2398 = CARTESIAN_POINT('',(0.6,0.625,4.E-02));
#2399 = CIRCLE('',#2400,4.E-02);
#2400 = AXIS2_PLACEMENT_3D('',#2401,#2402,#2403);
#2401 = CARTESIAN_POINT('',(0.6,0.585,4.E-02));
#2402 = DIRECTION('',(-1.,0.,0.));
#2403 = DIRECTION('',(0.,0.,1.));
#2404 = ORIENTED_EDGE('',*,*,#2405,.T.);
#2405 = EDGE_CURVE('',#2397,#2406,#2408,.T.);
#2406 = VERTEX_POINT('',#2407);
#2407 = CARTESIAN_POINT('',(0.6,0.625,1.21));
#2408 = LINE('',#2409,#2410);
#2409 = CARTESIAN_POINT('',(0.6,0.625,0.));
#2410 = VECTOR('',#2411,1.);
#2411 = DIRECTION('',(0.,0.,1.));
#2412 = ORIENTED_EDGE('',*,*,#2413,.T.);
#2413 = EDGE_CURVE('',#2406,#2414,#2416,.T.);
#2414 = VERTEX_POINT('',#2415);
#2415 = CARTESIAN_POINT('',(0.6,0.585,1.25));
#2416 = CIRCLE('',#2417,4.E-02);
#2417 = AXIS2_PLACEMENT_3D('',#2418,#2419,#2420);
#2418 = CARTESIAN_POINT('',(0.6,0.585,1.21));
#2419 = DIRECTION('',(1.,0.,-0.));
#2420 = DIRECTION('',(0.,0.,1.));
#2421 = ORIENTED_EDGE('',*,*,#2422,.F.);
#2422 = EDGE_CURVE('',#2423,#2414,#2425,.T.);
#2423 = VERTEX_POINT('',#2424);
#2424 = CARTESIAN_POINT('',(0.6,-0.585,1.25));
#2425 = LINE('',#2426,#2427);
#2426 = CARTESIAN_POINT('',(0.6,-0.625,1.25));
#2427 = VECTOR('',#2428,1.);
#2428 = DIRECTION('',(0.,1.,0.));
#2429 = ORIENTED_EDGE('',*,*,#2430,.F.);
#2430 = EDGE_CURVE('',#2372,#2423,#2431,.T.);
#2431 = CIRCLE('',#2432,4.E-02);
#2432 = AXIS2_PLACEMENT_3D('',#2433,#2434,#2435);
#2433 = CARTESIAN_POINT('',(0.6,-0.585,1.21));
#2434 = DIRECTION('',(-1.,0.,0.));
#2435 = DIRECTION('',(0.,0.,1.));
#2436 = FACE_BOUND('',#2437,.F.);
#2437 = EDGE_LOOP('',(#2438,#2439,#2440,#2441,#2442,#2443,#2444,#2445));
#2438 = ORIENTED_EDGE('',*,*,#2182,.F.);
#2439 = ORIENTED_EDGE('',*,*,#2352,.T.);
#2440 = ORIENTED_EDGE('',*,*,#2335,.T.);
#2441 = ORIENTED_EDGE('',*,*,#2312,.T.);
#2442 = ORIENTED_EDGE('',*,*,#2287,.F.);
#2443 = ORIENTED_EDGE('',*,*,#2254,.F.);
#2444 = ORIENTED_EDGE('',*,*,#2237,.T.);
#2445 = ORIENTED_EDGE('',*,*,#2207,.F.);
#2446 = PLANE('',#2447);
#2447 = AXIS2_PLACEMENT_3D('',#2448,#2449,#2450);
#2448 = CARTESIAN_POINT('',(0.6,-0.625,0.));
#2449 = DIRECTION('',(1.,0.,0.));
#2450 = DIRECTION('',(0.,0.,1.));
#2451 = ADVANCED_FACE('',(#2452),#2477,.F.);
#2452 = FACE_BOUND('',#2453,.F.);
#2453 = EDGE_LOOP('',(#2454,#2464,#2470,#2471));
#2454 = ORIENTED_EDGE('',*,*,#2455,.F.);
#2455 = EDGE_CURVE('',#2456,#2458,#2460,.T.);
#2456 = VERTEX_POINT('',#2457);
#2457 = CARTESIAN_POINT('',(1.,-0.625,4.E-02));
#2458 = VERTEX_POINT('',#2459);
#2459 = CARTESIAN_POINT('',(1.,-0.625,1.21));
#2460 = LINE('',#2461,#2462);
#2461 = CARTESIAN_POINT('',(1.,-0.625,0.));
#2462 = VECTOR('',#2463,1.);
#2463 = DIRECTION('',(0.,0.,1.));
#2464 = ORIENTED_EDGE('',*,*,#2465,.F.);
#2465 = EDGE_CURVE('',#2370,#2456,#2466,.T.);
#2466 = LINE('',#2467,#2468);
#2467 = CARTESIAN_POINT('',(0.6,-0.625,4.E-02));
#2468 = VECTOR('',#2469,1.);
#2469 = DIRECTION('',(1.,0.,0.));
#2470 = ORIENTED_EDGE('',*,*,#2369,.T.);
#2471 = ORIENTED_EDGE('',*,*,#2472,.T.);
#2472 = EDGE_CURVE('',#2372,#2458,#2473,.T.);
#2473 = LINE('',#2474,#2475);
#2474 = CARTESIAN_POINT('',(0.6,-0.625,1.21));
#2475 = VECTOR('',#2476,1.);
#2476 = DIRECTION('',(1.,0.,0.));
#2477 = PLANE('',#2478);
#2478 = AXIS2_PLACEMENT_3D('',#2479,#2480,#2481);
#2479 = CARTESIAN_POINT('',(0.6,-0.625,0.));
#2480 = DIRECTION('',(0.,1.,0.));
#2481 = DIRECTION('',(0.,-0.,1.));
#2482 = ADVANCED_FACE('',(#2483),#2502,.T.);
#2483 = FACE_BOUND('',#2484,.T.);
#2484 = EDGE_LOOP('',(#2485,#2486,#2494,#2501));
#2485 = ORIENTED_EDGE('',*,*,#2379,.T.);
#2486 = ORIENTED_EDGE('',*,*,#2487,.T.);
#2487 = EDGE_CURVE('',#2380,#2488,#2490,.T.);
#2488 = VERTEX_POINT('',#2489);
#2489 = CARTESIAN_POINT('',(1.,-0.585,0.));
#2490 = LINE('',#2491,#2492);
#2491 = CARTESIAN_POINT('',(0.6,-0.585,0.));
#2492 = VECTOR('',#2493,1.);
#2493 = DIRECTION('',(1.,0.,0.));
#2494 = ORIENTED_EDGE('',*,*,#2495,.F.);
#2495 = EDGE_CURVE('',#2456,#2488,#2496,.T.);
#2496 = CIRCLE('',#2497,4.E-02);
#2497 = AXIS2_PLACEMENT_3D('',#2498,#2499,#2500);
#2498 = CARTESIAN_POINT('',(1.,-0.585,4.E-02));
#2499 = DIRECTION('',(1.,0.,-0.));
#2500 = DIRECTION('',(0.,0.,1.));
#2501 = ORIENTED_EDGE('',*,*,#2465,.F.);
#2502 = CYLINDRICAL_SURFACE('',#2503,4.E-02);
#2503 = AXIS2_PLACEMENT_3D('',#2504,#2505,#2506);
#2504 = CARTESIAN_POINT('',(0.6,-0.585,4.E-02));
#2505 = DIRECTION('',(1.,0.,0.));
#2506 = DIRECTION('',(0.,-1.,0.));
#2507 = ADVANCED_FACE('',(#2508),#2527,.T.);
#2508 = FACE_BOUND('',#2509,.T.);
#2509 = EDGE_LOOP('',(#2510,#2511,#2520,#2526));
#2510 = ORIENTED_EDGE('',*,*,#2472,.T.);
#2511 = ORIENTED_EDGE('',*,*,#2512,.T.);
#2512 = EDGE_CURVE('',#2458,#2513,#2515,.T.);
#2513 = VERTEX_POINT('',#2514);
#2514 = CARTESIAN_POINT('',(1.,-0.585,1.25));
#2515 = CIRCLE('',#2516,4.E-02);
#2516 = AXIS2_PLACEMENT_3D('',#2517,#2518,#2519);
#2517 = CARTESIAN_POINT('',(1.,-0.585,1.21));
#2518 = DIRECTION('',(-1.,0.,0.));
#2519 = DIRECTION('',(0.,0.,1.));
#2520 = ORIENTED_EDGE('',*,*,#2521,.F.);
#2521 = EDGE_CURVE('',#2423,#2513,#2522,.T.);
#2522 = LINE('',#2523,#2524);
#2523 = CARTESIAN_POINT('',(0.6,-0.585,1.25));
#2524 = VECTOR('',#2525,1.);
#2525 = DIRECTION('',(1.,0.,0.));
#2526 = ORIENTED_EDGE('',*,*,#2430,.F.);
#2527 = CYLINDRICAL_SURFACE('',#2528,4.E-02);
#2528 = AXIS2_PLACEMENT_3D('',#2529,#2530,#2531);
#2529 = CARTESIAN_POINT('',(0.6,-0.585,1.21));
#2530 = DIRECTION('',(1.,0.,0.));
#2531 = DIRECTION('',(0.,-1.,0.));
#2532 = ADVANCED_FACE('',(#2533),#2551,.F.);
#2533 = FACE_BOUND('',#2534,.F.);
#2534 = EDGE_LOOP('',(#2535,#2536,#2537,#2545));
#2535 = ORIENTED_EDGE('',*,*,#2388,.F.);
#2536 = ORIENTED_EDGE('',*,*,#2487,.T.);
#2537 = ORIENTED_EDGE('',*,*,#2538,.T.);
#2538 = EDGE_CURVE('',#2488,#2539,#2541,.T.);
#2539 = VERTEX_POINT('',#2540);
#2540 = CARTESIAN_POINT('',(1.,0.585,0.));
#2541 = LINE('',#2542,#2543);
#2542 = CARTESIAN_POINT('',(1.,-0.625,0.));
#2543 = VECTOR('',#2544,1.);
#2544 = DIRECTION('',(0.,1.,0.));
#2545 = ORIENTED_EDGE('',*,*,#2546,.F.);
#2546 = EDGE_CURVE('',#2389,#2539,#2547,.T.);
#2547 = LINE('',#2548,#2549);
#2548 = CARTESIAN_POINT('',(0.6,0.585,0.));
#2549 = VECTOR('',#2550,1.);
#2550 = DIRECTION('',(1.,0.,0.));
#2551 = PLANE('',#2552);
#2552 = AXIS2_PLACEMENT_3D('',#2553,#2554,#2555);
#2553 = CARTESIAN_POINT('',(0.6,-0.625,0.));
#2554 = DIRECTION('',(0.,0.,1.));
#2555 = DIRECTION('',(1.,0.,-0.));
#2556 = ADVANCED_FACE('',(#2557),#2575,.T.);
#2557 = FACE_BOUND('',#2558,.T.);
#2558 = EDGE_LOOP('',(#2559,#2560,#2561,#2569));
#2559 = ORIENTED_EDGE('',*,*,#2422,.F.);
#2560 = ORIENTED_EDGE('',*,*,#2521,.T.);
#2561 = ORIENTED_EDGE('',*,*,#2562,.T.);
#2562 = EDGE_CURVE('',#2513,#2563,#2565,.T.);
#2563 = VERTEX_POINT('',#2564);
#2564 = CARTESIAN_POINT('',(1.,0.585,1.25));
#2565 = LINE('',#2566,#2567);
#2566 = CARTESIAN_POINT('',(1.,-0.625,1.25));
#2567 = VECTOR('',#2568,1.);
#2568 = DIRECTION('',(0.,1.,0.));
#2569 = ORIENTED_EDGE('',*,*,#2570,.F.);
#2570 = EDGE_CURVE('',#2414,#2563,#2571,.T.);
#2571 = LINE('',#2572,#2573);
#2572 = CARTESIAN_POINT('',(0.6,0.585,1.25));
#2573 = VECTOR('',#2574,1.);
#2574 = DIRECTION('',(1.,0.,0.));
#2575 = PLANE('',#2576);
#2576 = AXIS2_PLACEMENT_3D('',#2577,#2578,#2579);
#2577 = CARTESIAN_POINT('',(0.6,-0.625,1.25));
#2578 = DIRECTION('',(0.,0.,1.));
#2579 = DIRECTION('',(1.,0.,-0.));
#2580 = ADVANCED_FACE('',(#2581),#2600,.T.);
#2581 = FACE_BOUND('',#2582,.T.);
#2582 = EDGE_LOOP('',(#2583,#2591,#2598,#2599));
#2583 = ORIENTED_EDGE('',*,*,#2584,.T.);
#2584 = EDGE_CURVE('',#2397,#2585,#2587,.T.);
#2585 = VERTEX_POINT('',#2586);
#2586 = CARTESIAN_POINT('',(1.,0.625,4.E-02));
#2587 = LINE('',#2588,#2589);
#2588 = CARTESIAN_POINT('',(0.6,0.625,4.E-02));
#2589 = VECTOR('',#2590,1.);
#2590 = DIRECTION('',(1.,0.,0.));
#2591 = ORIENTED_EDGE('',*,*,#2592,.T.);
#2592 = EDGE_CURVE('',#2585,#2539,#2593,.T.);
#2593 = CIRCLE('',#2594,4.E-02);
#2594 = AXIS2_PLACEMENT_3D('',#2595,#2596,#2597);
#2595 = CARTESIAN_POINT('',(1.,0.585,4.E-02));
#2596 = DIRECTION('',(-1.,0.,0.));
#2597 = DIRECTION('',(0.,0.,1.));
#2598 = ORIENTED_EDGE('',*,*,#2546,.F.);
#2599 = ORIENTED_EDGE('',*,*,#2396,.F.);
#2600 = CYLINDRICAL_SURFACE('',#2601,4.E-02);
#2601 = AXIS2_PLACEMENT_3D('',#2602,#2603,#2604);
#2602 = CARTESIAN_POINT('',(0.6,0.585,4.E-02));
#2603 = DIRECTION('',(1.,0.,0.));
#2604 = DIRECTION('',(-0.,1.,0.));
#2605 = ADVANCED_FACE('',(#2606),#2625,.T.);
#2606 = FACE_BOUND('',#2607,.T.);
#2607 = EDGE_LOOP('',(#2608,#2609,#2610,#2619));
#2608 = ORIENTED_EDGE('',*,*,#2413,.T.);
#2609 = ORIENTED_EDGE('',*,*,#2570,.T.);
#2610 = ORIENTED_EDGE('',*,*,#2611,.F.);
#2611 = EDGE_CURVE('',#2612,#2563,#2614,.T.);
#2612 = VERTEX_POINT('',#2613);
#2613 = CARTESIAN_POINT('',(1.,0.625,1.21));
#2614 = CIRCLE('',#2615,4.E-02);
#2615 = AXIS2_PLACEMENT_3D('',#2616,#2617,#2618);
#2616 = CARTESIAN_POINT('',(1.,0.585,1.21));
#2617 = DIRECTION('',(1.,0.,-0.));
#2618 = DIRECTION('',(0.,0.,1.));
#2619 = ORIENTED_EDGE('',*,*,#2620,.F.);
#2620 = EDGE_CURVE('',#2406,#2612,#2621,.T.);
#2621 = LINE('',#2622,#2623);
#2622 = CARTESIAN_POINT('',(0.6,0.625,1.21));
#2623 = VECTOR('',#2624,1.);
#2624 = DIRECTION('',(1.,0.,0.));
#2625 = CYLINDRICAL_SURFACE('',#2626,4.E-02);
#2626 = AXIS2_PLACEMENT_3D('',#2627,#2628,#2629);
#2627 = CARTESIAN_POINT('',(0.6,0.585,1.21));
#2628 = DIRECTION('',(1.,0.,0.));
#2629 = DIRECTION('',(-0.,1.,0.));
#2630 = ADVANCED_FACE('',(#2631),#2642,.T.);
#2631 = FACE_BOUND('',#2632,.T.);
#2632 = EDGE_LOOP('',(#2633,#2639,#2640,#2641));
#2633 = ORIENTED_EDGE('',*,*,#2634,.F.);
#2634 = EDGE_CURVE('',#2585,#2612,#2635,.T.);
#2635 = LINE('',#2636,#2637);
#2636 = CARTESIAN_POINT('',(1.,0.625,0.));
#2637 = VECTOR('',#2638,1.);
#2638 = DIRECTION('',(0.,0.,1.));
#2639 = ORIENTED_EDGE('',*,*,#2584,.F.);
#2640 = ORIENTED_EDGE('',*,*,#2405,.T.);
#2641 = ORIENTED_EDGE('',*,*,#2620,.T.);
#2642 = PLANE('',#2643);
#2643 = AXIS2_PLACEMENT_3D('',#2644,#2645,#2646);
#2644 = CARTESIAN_POINT('',(0.6,0.625,0.));
#2645 = DIRECTION('',(0.,1.,0.));
#2646 = DIRECTION('',(0.,-0.,1.));
#2647 = ADVANCED_FACE('',(#2648),#2658,.T.);
#2648 = FACE_BOUND('',#2649,.T.);
#2649 = EDGE_LOOP('',(#2650,#2651,#2652,#2653,#2654,#2655,#2656,#2657));
#2650 = ORIENTED_EDGE('',*,*,#2455,.F.);
#2651 = ORIENTED_EDGE('',*,*,#2495,.T.);
#2652 = ORIENTED_EDGE('',*,*,#2538,.T.);
#2653 = ORIENTED_EDGE('',*,*,#2592,.F.);
#2654 = ORIENTED_EDGE('',*,*,#2634,.T.);
#2655 = ORIENTED_EDGE('',*,*,#2611,.T.);
#2656 = ORIENTED_EDGE('',*,*,#2562,.F.);
#2657 = ORIENTED_EDGE('',*,*,#2512,.F.);
#2658 = PLANE('',#2659);
#2659 = AXIS2_PLACEMENT_3D('',#2660,#2661,#2662);
#2660 = CARTESIAN_POINT('',(1.,-0.625,0.));
#2661 = DIRECTION('',(1.,0.,0.));
#2662 = DIRECTION('',(0.,0.,1.));
#2663 = ( GEOMETRIC_REPRESENTATION_CONTEXT(3) 
GLOBAL_UNCERTAINTY_ASSIGNED_CONTEXT((#2667)) 
GLOBAL_UNIT_ASSIGNED_CONTEXT((#2664,#2665,#2666)) REPRESENTATION_CONTEXT
('Context #1','3D Context with UNIT and UNCERTAINTY') );
#2664 = ( LENGTH_UNIT() NAMED_UNIT(*) SI_UNIT(.MILLI.,.METRE.) );
#2665 = ( NAMED_UNIT(*) PLANE_ANGLE_UNIT() SI_UNIT($,.RADIAN.) );
#2666 = ( NAMED_UNIT(*) SI_UNIT($,.STERADIAN.) SOLID_ANGLE_UNIT() );
#2667 = UNCERTAINTY_MEASURE_WITH_UNIT(LENGTH_MEASURE(1.E-07),#2664,
  'distance_accuracy_value','confusion accuracy');
#2668 = CONTEXT_DEPENDENT_SHAPE_REPRESENTATION(#2669,#2671);
#2669 = ( REPRESENTATION_RELATIONSHIP('','',#1808,#1785) 
REPRESENTATION_RELATIONSHIP_WITH_TRANSFORMATION(#2670) 
SHAPE_REPRESENTATION_RELATIONSHIP() );
#2670 = ITEM_DEFINED_TRANSFORMATION('','',#11,#1786);
#2671 = PRODUCT_DEFINITION_SHAPE('Placement','Placement of an item',
  #2672);
#2672 = NEXT_ASSEMBLY_USAGE_OCCURRENCE('6','=>[0:1:1:7]','',#1780,#1803,
  $);
#2673 = PRODUCT_RELATED_PRODUCT_CATEGORY('part',$,(#1805));
#2674 = SHAPE_DEFINITION_REPRESENTATION(#2675,#2681);
#2675 = PRODUCT_DEFINITION_SHAPE('','',#2676);
#2676 = PRODUCT_DEFINITION('design','',#2677,#2680);
#2677 = PRODUCT_DEFINITION_FORMATION('','',#2678);
#2678 = PRODUCT('TSSOP-14_4.4x5mm_P0.65mm','TSSOP-14_4.4x5mm_P0.65mm',''
  ,(#2679));
#2679 = PRODUCT_CONTEXT('',#2,'mechanical');
#2680 = PRODUCT_DEFINITION_CONTEXT('part definition',#2,'design');
#2681 = SHAPE_REPRESENTATION('',(#11,#2682),#2686);
#2682 = AXIS2_PLACEMENT_3D('',#2683,#2684,#2685);
#2683 = CARTESIAN_POINT('',(0.,0.,0.));
#2684 = DIRECTION('',(0.,0.,1.));
#2685 = DIRECTION('',(1.,0.,-0.));
#2686 = ( GEOMETRIC_REPRESENTATION_CONTEXT(3) 
GLOBAL_UNCERTAINTY_ASSIGNED_CONTEXT((#2690)) 
GLOBAL_UNIT_ASSIGNED_CONTEXT((#2687,#2688,#2689)) REPRESENTATION_CONTEXT
('Context #1','3D Context with UNIT and UNCERTAINTY') );
#2687 = ( LENGTH_UNIT() NAMED_UNIT(*) SI_UNIT(.MILLI.,.METRE.) );
#2688 = ( NAMED_UNIT(*) PLANE_ANGLE_UNIT() SI_UNIT($,.RADIAN.) );
#2689 = ( NAMED_UNIT(*) SI_UNIT($,.STERADIAN.) SOLID_ANGLE_UNIT() );
#2690 = UNCERTAINTY_MEASURE_WITH_UNIT(LENGTH_MEASURE(1.E-07),#2687,
  'distance_accuracy_value','confusion accuracy');
#2691 = CONTEXT_DEPENDENT_SHAPE_REPRESENTATION(#2692,#2694);
#2692 = ( REPRESENTATION_RELATIONSHIP('','',#2681,#10) 
REPRESENTATION_RELATIONSHIP_WITH_TRANSFORMATION(#2693) 
SHAPE_REPRESENTATION_RELATIONSHIP() );
#2693 = ITEM_DEFINED_TRANSFORMATION('','',#11,#31);
#2694 = PRODUCT_DEFINITION_SHAPE('Placement','Placement of an item',
  #2695);
#2695 = NEXT_ASSEMBLY_USAGE_OCCURRENCE('9','U1','',#5,#2676,$);
#2696 = PRODUCT_RELATED_PRODUCT_CATEGORY('part',$,(#2678));
#2697 = SHAPE_DEFINITION_REPRESENTATION(#2698,#2704);
#2698 = PRODUCT_DEFINITION_SHAPE('','',#2699);
#2699 = PRODUCT_DEFINITION('design','',#2700,#2703);
#2700 = PRODUCT_DEFINITION_FORMATION('','',#2701);
#2701 = PRODUCT('TSSOP-14_4.4x5mm_P0.65mm','TSSOP-14_4.4x5mm_P0.65mm',''
  ,(#2702));
#2702 = PRODUCT_CONTEXT('',#2,'mechanical');
#2703 = PRODUCT_DEFINITION_CONTEXT('part definition',#2,'design');
#2704 = ADVANCED_BREP_SHAPE_REPRESENTATION('',(#11,#2705),#9977);
#2705 = MANIFOLD_SOLID_BREP('',#2706);
#2706 = CLOSED_SHELL('',(#2707,#2745,#2808,#2831,#2860,#2883,#3018,#3153
    ,#3176,#3199,#3216,#3239,#3327,#3343,#3373,#3404,#3435,#3466,#3497,
    #3528,#3559,#3590,#3621,#3652,#3683,#3714,#3745,#3776,#3793,#3810,
    #3841,#3872,#3903,#3934,#3965,#3996,#4027,#4058,#4089,#4120,#4151,
    #4182,#4213,#4243,#4266,#4289,#4306,#4351,#4485,#4508,#4531,#4554,
    #4689,#4727,#4776,#4868,#4893,#4977,#4999,#5091,#5116,#5200,#5222,
    #5314,#5339,#5423,#5445,#5537,#5562,#5646,#5668,#5760,#5785,#5869,
    #5891,#5983,#6008,#6092,#6109,#6194,#6219,#6296,#6381,#6406,#6483,
    #6500,#6592,#6617,#6701,#6723,#6815,#6840,#6924,#6946,#7038,#7063,
    #7147,#7169,#7261,#7286,#7370,#7392,#7484,#7509,#7593,#7615,#7707,
    #7732,#7816,#7833,#7852,#7871,#7890,#7909,#7928,#7947,#7993,#8009,
    #8028,#8047,#8066,#8085,#8104,#8123,#8139,#8156,#8168,#8185,#8202,
    #8219,#8236,#8253,#8270,#8287,#8299,#8316,#8333,#8350,#8367,#8384,
    #8401,#8418,#8430,#8447,#8464,#8481,#8498,#8515,#8532,#8549,#8561,
    #8578,#8595,#8612,#8629,#8646,#8663,#8680,#8692,#8709,#8726,#8743,
    #8760,#8777,#8794,#8811,#8823,#8840,#8857,#8874,#8891,#8908,#8925,
    #8942,#8954,#8971,#8988,#9005,#9022,#9039,#9056,#9068,#9085,#9102,
    #9119,#9136,#9153,#9170,#9182,#9199,#9216,#9233,#9250,#9267,#9284,
    #9301,#9313,#9330,#9347,#9364,#9381,#9398,#9415,#9432,#9444,#9461,
    #9478,#9495,#9512,#9529,#9546,#9563,#9575,#9592,#9609,#9626,#9643,
    #9660,#9677,#9694,#9706,#9723,#9740,#9757,#9774,#9791,#9808,#9825,
    #9837,#9854,#9871,#9888,#9905,#9922,#9939,#9956,#9968));
#2707 = ADVANCED_FACE('',(#2708),#2740,.F.);
#2708 = FACE_BOUND('',#2709,.F.);
#2709 = EDGE_LOOP('',(#2710,#2720,#2727,#2735));
#2710 = ORIENTED_EDGE('',*,*,#2711,.T.);
#2711 = EDGE_CURVE('',#2712,#2714,#2716,.T.);
#2712 = VERTEX_POINT('',#2713);
#2713 = CARTESIAN_POINT('',(-1.960145644687,2.420291289374,0.1));
#2714 = VERTEX_POINT('',#2715);
#2715 = CARTESIAN_POINT('',(1.960145644687,2.420291289374,0.1));
#2716 = LINE('',#2717,#2718);
#2717 = CARTESIAN_POINT('',(-1.960145644687,2.420291289374,0.1));
#2718 = VECTOR('',#2719,1.);
#2719 = DIRECTION('',(1.,1.110223024625E-16,0.));
#2720 = ORIENTED_EDGE('',*,*,#2721,.T.);
#2721 = EDGE_CURVE('',#2714,#2722,#2724,.T.);
#2722 = VERTEX_POINT('',#2723);
#2723 = CARTESIAN_POINT('',(2.,2.5,0.475));
#2724 = B_SPLINE_CURVE_WITH_KNOTS('',1,(#2725,#2726),.UNSPECIFIED.,.F.,
  .F.,(2,2),(0.,1.),.PIECEWISE_BEZIER_KNOTS.);
#2725 = CARTESIAN_POINT('',(1.960145644687,2.420291289374,0.1));
#2726 = CARTESIAN_POINT('',(2.,2.5,0.475));
#2727 = ORIENTED_EDGE('',*,*,#2728,.F.);
#2728 = EDGE_CURVE('',#2729,#2722,#2731,.T.);
#2729 = VERTEX_POINT('',#2730);
#2730 = CARTESIAN_POINT('',(-2.,2.5,0.475));
#2731 = LINE('',#2732,#2733);
#2732 = CARTESIAN_POINT('',(-2.,2.5,0.475));
#2733 = VECTOR('',#2734,1.);
#2734 = DIRECTION('',(1.,1.110223024625E-16,0.));
#2735 = ORIENTED_EDGE('',*,*,#2736,.F.);
#2736 = EDGE_CURVE('',#2712,#2729,#2737,.T.);
#2737 = B_SPLINE_CURVE_WITH_KNOTS('',1,(#2738,#2739),.UNSPECIFIED.,.F.,
  .F.,(2,2),(0.,1.),.PIECEWISE_BEZIER_KNOTS.);
#2738 = CARTESIAN_POINT('',(-1.960145644687,2.420291289374,0.1));
#2739 = CARTESIAN_POINT('',(-2.,2.5,0.475));
#2740 = B_SPLINE_SURFACE_WITH_KNOTS('',1,1,(
    (#2741,#2742)
    ,(#2743,#2744
    )),.UNSPECIFIED.,.F.,.F.,.F.,(2,2),(2,2),(0.,4.),(0.,1.),
  .PIECEWISE_BEZIER_KNOTS.);
#2741 = CARTESIAN_POINT('',(-1.960145644687,2.420291289374,0.1));
#2742 = CARTESIAN_POINT('',(-2.,2.5,0.475));
#2743 = CARTESIAN_POINT('',(1.960145644687,2.420291289374,0.1));
#2744 = CARTESIAN_POINT('',(2.,2.5,0.475));
#2745 = ADVANCED_FACE('',(#2746),#2803,.T.);
#2746 = FACE_BOUND('',#2747,.T.);
#2747 = EDGE_LOOP('',(#2748,#2749,#2757,#2765,#2773,#2781,#2789,#2797));
#2748 = ORIENTED_EDGE('',*,*,#2711,.T.);
#2749 = ORIENTED_EDGE('',*,*,#2750,.T.);
#2750 = EDGE_CURVE('',#2714,#2751,#2753,.T.);
#2751 = VERTEX_POINT('',#2752);
#2752 = CARTESIAN_POINT('',(2.120291289374,2.260145644687,0.1));
#2753 = LINE('',#2754,#2755);
#2754 = CARTESIAN_POINT('',(1.960145644687,2.420291289374,0.1));
#2755 = VECTOR('',#2756,1.);
#2756 = DIRECTION('',(0.707106781187,-0.707106781187,0.));
#2757 = ORIENTED_EDGE('',*,*,#2758,.T.);
#2758 = EDGE_CURVE('',#2751,#2759,#2761,.T.);
#2759 = VERTEX_POINT('',#2760);
#2760 = CARTESIAN_POINT('',(2.120291289374,-2.260145644687,0.1));
#2761 = LINE('',#2762,#2763);
#2762 = CARTESIAN_POINT('',(2.120291289374,2.260145644687,0.1));
#2763 = VECTOR('',#2764,1.);
#2764 = DIRECTION('',(1.110223024625E-16,-1.,0.));
#2765 = ORIENTED_EDGE('',*,*,#2766,.T.);
#2766 = EDGE_CURVE('',#2759,#2767,#2769,.T.);
#2767 = VERTEX_POINT('',#2768);
#2768 = CARTESIAN_POINT('',(1.960145644687,-2.420291289374,0.1));
#2769 = LINE('',#2770,#2771);
#2770 = CARTESIAN_POINT('',(2.120291289374,-2.260145644687,0.1));
#2771 = VECTOR('',#2772,1.);
#2772 = DIRECTION('',(-0.707106781187,-0.707106781187,0.));
#2773 = ORIENTED_EDGE('',*,*,#2774,.T.);
#2774 = EDGE_CURVE('',#2767,#2775,#2777,.T.);
#2775 = VERTEX_POINT('',#2776);
#2776 = CARTESIAN_POINT('',(-1.960145644687,-2.420291289374,0.1));
#2777 = LINE('',#2778,#2779);
#2778 = CARTESIAN_POINT('',(1.960145644687,-2.420291289374,0.1));
#2779 = VECTOR('',#2780,1.);
#2780 = DIRECTION('',(-1.,-1.110223024625E-16,0.));
#2781 = ORIENTED_EDGE('',*,*,#2782,.T.);
#2782 = EDGE_CURVE('',#2775,#2783,#2785,.T.);
#2783 = VERTEX_POINT('',#2784);
#2784 = CARTESIAN_POINT('',(-2.120291289374,-2.260145644687,0.1));
#2785 = LINE('',#2786,#2787);
#2786 = CARTESIAN_POINT('',(-1.960145644687,-2.420291289374,0.1));
#2787 = VECTOR('',#2788,1.);
#2788 = DIRECTION('',(-0.707106781187,0.707106781187,0.));
#2789 = ORIENTED_EDGE('',*,*,#2790,.T.);
#2790 = EDGE_CURVE('',#2783,#2791,#2793,.T.);
#2791 = VERTEX_POINT('',#2792);
#2792 = CARTESIAN_POINT('',(-2.120291289374,2.260145644687,0.1));
#2793 = LINE('',#2794,#2795);
#2794 = CARTESIAN_POINT('',(-2.120291289374,-2.260145644687,0.1));
#2795 = VECTOR('',#2796,1.);
#2796 = DIRECTION('',(-1.110223024625E-16,1.,0.));
#2797 = ORIENTED_EDGE('',*,*,#2798,.T.);
#2798 = EDGE_CURVE('',#2791,#2712,#2799,.T.);
#2799 = LINE('',#2800,#2801);
#2800 = CARTESIAN_POINT('',(-2.120291289374,2.260145644687,0.1));
#2801 = VECTOR('',#2802,1.);
#2802 = DIRECTION('',(0.707106781187,0.707106781187,0.));
#2803 = PLANE('',#2804);
#2804 = AXIS2_PLACEMENT_3D('',#2805,#2806,#2807);
#2805 = CARTESIAN_POINT('',(-1.960145644687,2.420291289374,0.1));
#2806 = DIRECTION('',(0.,0.,-1.));
#2807 = DIRECTION('',(0.62936545726,-0.777109465396,0.));
#2808 = ADVANCED_FACE('',(#2809),#2826,.F.);
#2809 = FACE_BOUND('',#2810,.F.);
#2810 = EDGE_LOOP('',(#2811,#2812,#2819,#2825));
#2811 = ORIENTED_EDGE('',*,*,#2750,.T.);
#2812 = ORIENTED_EDGE('',*,*,#2813,.T.);
#2813 = EDGE_CURVE('',#2751,#2814,#2816,.T.);
#2814 = VERTEX_POINT('',#2815);
#2815 = CARTESIAN_POINT('',(2.2,2.3,0.475));
#2816 = B_SPLINE_CURVE_WITH_KNOTS('',1,(#2817,#2818),.UNSPECIFIED.,.F.,
  .F.,(2,2),(0.,1.),.PIECEWISE_BEZIER_KNOTS.);
#2817 = CARTESIAN_POINT('',(2.120291289374,2.260145644687,0.1));
#2818 = CARTESIAN_POINT('',(2.2,2.3,0.475));
#2819 = ORIENTED_EDGE('',*,*,#2820,.F.);
#2820 = EDGE_CURVE('',#2722,#2814,#2821,.T.);
#2821 = LINE('',#2822,#2823);
#2822 = CARTESIAN_POINT('',(2.,2.5,0.475));
#2823 = VECTOR('',#2824,1.);
#2824 = DIRECTION('',(0.707106781187,-0.707106781187,0.));
#2825 = ORIENTED_EDGE('',*,*,#2721,.F.);
#2826 = B_SPLINE_SURFACE_WITH_KNOTS('',1,1,(
    (#2827,#2828)
    ,(#2829,#2830
    )),.UNSPECIFIED.,.F.,.F.,.F.,(2,2),(2,2),(0.,0.282842712475),(0.,1.)
  ,.PIECEWISE_BEZIER_KNOTS.);
#2827 = CARTESIAN_POINT('',(1.960145644687,2.420291289374,0.1));
#2828 = CARTESIAN_POINT('',(2.,2.5,0.475));
#2829 = CARTESIAN_POINT('',(2.120291289374,2.260145644687,0.1));
#2830 = CARTESIAN_POINT('',(2.2,2.3,0.475));
#2831 = ADVANCED_FACE('',(#2832),#2855,.F.);
#2832 = FACE_BOUND('',#2833,.F.);
#2833 = EDGE_LOOP('',(#2834,#2835,#2842,#2850));
#2834 = ORIENTED_EDGE('',*,*,#2728,.T.);
#2835 = ORIENTED_EDGE('',*,*,#2836,.T.);
#2836 = EDGE_CURVE('',#2722,#2837,#2839,.T.);
#2837 = VERTEX_POINT('',#2838);
#2838 = CARTESIAN_POINT('',(2.,2.5,0.625));
#2839 = B_SPLINE_CURVE_WITH_KNOTS('',1,(#2840,#2841),.UNSPECIFIED.,.F.,
  .F.,(2,2),(0.,1.),.PIECEWISE_BEZIER_KNOTS.);
#2840 = CARTESIAN_POINT('',(2.,2.5,0.475));
#2841 = CARTESIAN_POINT('',(2.,2.5,0.625));
#2842 = ORIENTED_EDGE('',*,*,#2843,.F.);
#2843 = EDGE_CURVE('',#2844,#2837,#2846,.T.);
#2844 = VERTEX_POINT('',#2845);
#2845 = CARTESIAN_POINT('',(-2.,2.5,0.625));
#2846 = LINE('',#2847,#2848);
#2847 = CARTESIAN_POINT('',(-2.,2.5,0.625));
#2848 = VECTOR('',#2849,1.);
#2849 = DIRECTION('',(1.,1.110223024625E-16,0.));
#2850 = ORIENTED_EDGE('',*,*,#2851,.F.);
#2851 = EDGE_CURVE('',#2729,#2844,#2852,.T.);
#2852 = B_SPLINE_CURVE_WITH_KNOTS('',1,(#2853,#2854),.UNSPECIFIED.,.F.,
  .F.,(2,2),(0.,1.),.PIECEWISE_BEZIER_KNOTS.);
#2853 = CARTESIAN_POINT('',(-2.,2.5,0.475));
#2854 = CARTESIAN_POINT('',(-2.,2.5,0.625));
#2855 = PLANE('',#2856);
#2856 = AXIS2_PLACEMENT_3D('',#2857,#2858,#2859);
#2857 = CARTESIAN_POINT('',(-2.,2.5,0.625));
#2858 = DIRECTION('',(1.110223024625E-16,-1.,0.));
#2859 = DIRECTION('',(1.,1.110223024625E-16,0.));
#2860 = ADVANCED_FACE('',(#2861),#2878,.F.);
#2861 = FACE_BOUND('',#2862,.F.);
#2862 = EDGE_LOOP('',(#2863,#2864,#2865,#2873));
#2863 = ORIENTED_EDGE('',*,*,#2798,.T.);
#2864 = ORIENTED_EDGE('',*,*,#2736,.T.);
#2865 = ORIENTED_EDGE('',*,*,#2866,.F.);
#2866 = EDGE_CURVE('',#2867,#2729,#2869,.T.);
#2867 = VERTEX_POINT('',#2868);
#2868 = CARTESIAN_POINT('',(-2.2,2.3,0.475));
#2869 = LINE('',#2870,#2871);
#2870 = CARTESIAN_POINT('',(-2.2,2.3,0.475));
#2871 = VECTOR('',#2872,1.);
#2872 = DIRECTION('',(0.707106781187,0.707106781187,0.));
#2873 = ORIENTED_EDGE('',*,*,#2874,.F.);
#2874 = EDGE_CURVE('',#2791,#2867,#2875,.T.);
#2875 = B_SPLINE_CURVE_WITH_KNOTS('',1,(#2876,#2877),.UNSPECIFIED.,.F.,
  .F.,(2,2),(0.,1.),.PIECEWISE_BEZIER_KNOTS.);
#2876 = CARTESIAN_POINT('',(-2.120291289374,2.260145644687,0.1));
#2877 = CARTESIAN_POINT('',(-2.2,2.3,0.475));
#2878 = B_SPLINE_SURFACE_WITH_KNOTS('',1,1,(
    (#2879,#2880)
    ,(#2881,#2882
    )),.UNSPECIFIED.,.F.,.F.,.F.,(2,2),(2,2),(0.,0.282842712475),(0.,1.)
  ,.PIECEWISE_BEZIER_KNOTS.);
#2879 = CARTESIAN_POINT('',(-2.120291289374,2.260145644687,0.1));
#2880 = CARTESIAN_POINT('',(-2.2,2.3,0.475));
#2881 = CARTESIAN_POINT('',(-1.960145644687,2.420291289374,0.1));
#2882 = CARTESIAN_POINT('',(-2.,2.5,0.475));
#2883 = ADVANCED_FACE('',(#2884),#3013,.F.);
#2884 = FACE_BOUND('',#2885,.F.);
#2885 = EDGE_LOOP('',(#2886,#2887,#2888,#2896,#2904,#2912,#2920,#2928,
    #2936,#2944,#2952,#2960,#2968,#2976,#2984,#2992,#3000,#3008));
#2886 = ORIENTED_EDGE('',*,*,#2790,.T.);
#2887 = ORIENTED_EDGE('',*,*,#2874,.T.);
#2888 = ORIENTED_EDGE('',*,*,#2889,.F.);
#2889 = EDGE_CURVE('',#2890,#2867,#2892,.T.);
#2890 = VERTEX_POINT('',#2891);
#2891 = CARTESIAN_POINT('',(-2.2,2.08,0.475));
#2892 = LINE('',#2893,#2894);
#2893 = CARTESIAN_POINT('',(-2.2,-2.3,0.475));
#2894 = VECTOR('',#2895,1.);
#2895 = DIRECTION('',(-1.110223024625E-16,1.,0.));
#2896 = ORIENTED_EDGE('',*,*,#2897,.F.);
#2897 = EDGE_CURVE('',#2898,#2890,#2900,.T.);
#2898 = VERTEX_POINT('',#2899);
#2899 = CARTESIAN_POINT('',(-2.2,1.82,0.475));
#2900 = LINE('',#2901,#2902);
#2901 = CARTESIAN_POINT('',(-2.2,-2.3,0.475));
#2902 = VECTOR('',#2903,1.);
#2903 = DIRECTION('',(-1.110223024625E-16,1.,0.));
#2904 = ORIENTED_EDGE('',*,*,#2905,.F.);
#2905 = EDGE_CURVE('',#2906,#2898,#2908,.T.);
#2906 = VERTEX_POINT('',#2907);
#2907 = CARTESIAN_POINT('',(-2.2,1.43,0.475));
#2908 = LINE('',#2909,#2910);
#2909 = CARTESIAN_POINT('',(-2.2,-2.3,0.475));
#2910 = VECTOR('',#2911,1.);
#2911 = DIRECTION('',(-1.110223024625E-16,1.,0.));
#2912 = ORIENTED_EDGE('',*,*,#2913,.F.);
#2913 = EDGE_CURVE('',#2914,#2906,#2916,.T.);
#2914 = VERTEX_POINT('',#2915);
#2915 = CARTESIAN_POINT('',(-2.2,1.17,0.475));
#2916 = LINE('',#2917,#2918);
#2917 = CARTESIAN_POINT('',(-2.2,-2.3,0.475));
#2918 = VECTOR('',#2919,1.);
#2919 = DIRECTION('',(-1.110223024625E-16,1.,0.));
#2920 = ORIENTED_EDGE('',*,*,#2921,.F.);
#2921 = EDGE_CURVE('',#2922,#2914,#2924,.T.);
#2922 = VERTEX_POINT('',#2923);
#2923 = CARTESIAN_POINT('',(-2.2,0.78,0.475));
#2924 = LINE('',#2925,#2926);
#2925 = CARTESIAN_POINT('',(-2.2,-2.3,0.475));
#2926 = VECTOR('',#2927,1.);
#2927 = DIRECTION('',(-1.110223024625E-16,1.,0.));
#2928 = ORIENTED_EDGE('',*,*,#2929,.F.);
#2929 = EDGE_CURVE('',#2930,#2922,#2932,.T.);
#2930 = VERTEX_POINT('',#2931);
#2931 = CARTESIAN_POINT('',(-2.2,0.52,0.475));
#2932 = LINE('',#2933,#2934);
#2933 = CARTESIAN_POINT('',(-2.2,-2.3,0.475));
#2934 = VECTOR('',#2935,1.);
#2935 = DIRECTION('',(-1.110223024625E-16,1.,0.));
#2936 = ORIENTED_EDGE('',*,*,#2937,.F.);
#2937 = EDGE_CURVE('',#2938,#2930,#2940,.T.);
#2938 = VERTEX_POINT('',#2939);
#2939 = CARTESIAN_POINT('',(-2.2,0.13,0.475));
#2940 = LINE('',#2941,#2942);
#2941 = CARTESIAN_POINT('',(-2.2,-2.3,0.475));
#2942 = VECTOR('',#2943,1.);
#2943 = DIRECTION('',(-1.110223024625E-16,1.,0.));
#2944 = ORIENTED_EDGE('',*,*,#2945,.F.);
#2945 = EDGE_CURVE('',#2946,#2938,#2948,.T.);
#2946 = VERTEX_POINT('',#2947);
#2947 = CARTESIAN_POINT('',(-2.2,-0.13,0.475));
#2948 = LINE('',#2949,#2950);
#2949 = CARTESIAN_POINT('',(-2.2,-2.3,0.475));
#2950 = VECTOR('',#2951,1.);
#2951 = DIRECTION('',(-1.110223024625E-16,1.,0.));
#2952 = ORIENTED_EDGE('',*,*,#2953,.F.);
#2953 = EDGE_CURVE('',#2954,#2946,#2956,.T.);
#2954 = VERTEX_POINT('',#2955);
#2955 = CARTESIAN_POINT('',(-2.2,-0.52,0.475));
#2956 = LINE('',#2957,#2958);
#2957 = CARTESIAN_POINT('',(-2.2,-2.3,0.475));
#2958 = VECTOR('',#2959,1.);
#2959 = DIRECTION('',(-1.110223024625E-16,1.,0.));
#2960 = ORIENTED_EDGE('',*,*,#2961,.F.);
#2961 = EDGE_CURVE('',#2962,#2954,#2964,.T.);
#2962 = VERTEX_POINT('',#2963);
#2963 = CARTESIAN_POINT('',(-2.2,-0.78,0.475));
#2964 = LINE('',#2965,#2966);
#2965 = CARTESIAN_POINT('',(-2.2,-2.3,0.475));
#2966 = VECTOR('',#2967,1.);
#2967 = DIRECTION('',(-1.110223024625E-16,1.,0.));
#2968 = ORIENTED_EDGE('',*,*,#2969,.F.);
#2969 = EDGE_CURVE('',#2970,#2962,#2972,.T.);
#2970 = VERTEX_POINT('',#2971);
#2971 = CARTESIAN_POINT('',(-2.2,-1.17,0.475));
#2972 = LINE('',#2973,#2974);
#2973 = CARTESIAN_POINT('',(-2.2,-2.3,0.475));
#2974 = VECTOR('',#2975,1.);
#2975 = DIRECTION('',(-1.110223024625E-16,1.,0.));
#2976 = ORIENTED_EDGE('',*,*,#2977,.F.);
#2977 = EDGE_CURVE('',#2978,#2970,#2980,.T.);
#2978 = VERTEX_POINT('',#2979);
#2979 = CARTESIAN_POINT('',(-2.2,-1.43,0.475));
#2980 = LINE('',#2981,#2982);
#2981 = CARTESIAN_POINT('',(-2.2,-2.3,0.475));
#2982 = VECTOR('',#2983,1.);
#2983 = DIRECTION('',(-1.110223024625E-16,1.,0.));
#2984 = ORIENTED_EDGE('',*,*,#2985,.F.);
#2985 = EDGE_CURVE('',#2986,#2978,#2988,.T.);
#2986 = VERTEX_POINT('',#2987);
#2987 = CARTESIAN_POINT('',(-2.2,-1.82,0.475));
#2988 = LINE('',#2989,#2990);
#2989 = CARTESIAN_POINT('',(-2.2,-2.3,0.475));
#2990 = VECTOR('',#2991,1.);
#2991 = DIRECTION('',(-1.110223024625E-16,1.,0.));
#2992 = ORIENTED_EDGE('',*,*,#2993,.F.);
#2993 = EDGE_CURVE('',#2994,#2986,#2996,.T.);
#2994 = VERTEX_POINT('',#2995);
#2995 = CARTESIAN_POINT('',(-2.2,-2.08,0.475));
#2996 = LINE('',#2997,#2998);
#2997 = CARTESIAN_POINT('',(-2.2,-2.3,0.475));
#2998 = VECTOR('',#2999,1.);
#2999 = DIRECTION('',(-1.110223024625E-16,1.,0.));
#3000 = ORIENTED_EDGE('',*,*,#3001,.F.);
#3001 = EDGE_CURVE('',#3002,#2994,#3004,.T.);
#3002 = VERTEX_POINT('',#3003);
#3003 = CARTESIAN_POINT('',(-2.2,-2.3,0.475));
#3004 = LINE('',#3005,#3006);
#3005 = CARTESIAN_POINT('',(-2.2,-2.3,0.475));
#3006 = VECTOR('',#3007,1.);
#3007 = DIRECTION('',(-1.110223024625E-16,1.,0.));
#3008 = ORIENTED_EDGE('',*,*,#3009,.F.);
#3009 = EDGE_CURVE('',#2783,#3002,#3010,.T.);
#3010 = B_SPLINE_CURVE_WITH_KNOTS('',1,(#3011,#3012),.UNSPECIFIED.,.F.,
  .F.,(2,2),(0.,1.),.PIECEWISE_BEZIER_KNOTS.);
#3011 = CARTESIAN_POINT('',(-2.120291289374,-2.260145644687,0.1));
#3012 = CARTESIAN_POINT('',(-2.2,-2.3,0.475));
#3013 = B_SPLINE_SURFACE_WITH_KNOTS('',1,1,(
    (#3014,#3015)
    ,(#3016,#3017
    )),.UNSPECIFIED.,.F.,.F.,.F.,(2,2),(2,2),(0.,4.6),(0.,1.),
  .PIECEWISE_BEZIER_KNOTS.);
#3014 = CARTESIAN_POINT('',(-2.120291289374,-2.260145644687,0.1));
#3015 = CARTESIAN_POINT('',(-2.2,-2.3,0.475));
#3016 = CARTESIAN_POINT('',(-2.120291289374,2.260145644687,0.1));
#3017 = CARTESIAN_POINT('',(-2.2,2.3,0.475));
#3018 = ADVANCED_FACE('',(#3019),#3148,.F.);
#3019 = FACE_BOUND('',#3020,.F.);
#3020 = EDGE_LOOP('',(#3021,#3022,#3029,#3037,#3045,#3053,#3061,#3069,
    #3077,#3085,#3093,#3101,#3109,#3117,#3125,#3133,#3141,#3147));
#3021 = ORIENTED_EDGE('',*,*,#2758,.T.);
#3022 = ORIENTED_EDGE('',*,*,#3023,.T.);
#3023 = EDGE_CURVE('',#2759,#3024,#3026,.T.);
#3024 = VERTEX_POINT('',#3025);
#3025 = CARTESIAN_POINT('',(2.2,-2.3,0.475));
#3026 = B_SPLINE_CURVE_WITH_KNOTS('',1,(#3027,#3028),.UNSPECIFIED.,.F.,
  .F.,(2,2),(0.,1.),.PIECEWISE_BEZIER_KNOTS.);
#3027 = CARTESIAN_POINT('',(2.120291289374,-2.260145644687,0.1));
#3028 = CARTESIAN_POINT('',(2.2,-2.3,0.475));
#3029 = ORIENTED_EDGE('',*,*,#3030,.F.);
#3030 = EDGE_CURVE('',#3031,#3024,#3033,.T.);
#3031 = VERTEX_POINT('',#3032);
#3032 = CARTESIAN_POINT('',(2.2,-2.08,0.475));
#3033 = LINE('',#3034,#3035);
#3034 = CARTESIAN_POINT('',(2.2,2.3,0.475));
#3035 = VECTOR('',#3036,1.);
#3036 = DIRECTION('',(1.110223024625E-16,-1.,0.));
#3037 = ORIENTED_EDGE('',*,*,#3038,.F.);
#3038 = EDGE_CURVE('',#3039,#3031,#3041,.T.);
#3039 = VERTEX_POINT('',#3040);
#3040 = CARTESIAN_POINT('',(2.2,-1.82,0.475));
#3041 = LINE('',#3042,#3043);
#3042 = CARTESIAN_POINT('',(2.2,2.3,0.475));
#3043 = VECTOR('',#3044,1.);
#3044 = DIRECTION('',(1.110223024625E-16,-1.,0.));
#3045 = ORIENTED_EDGE('',*,*,#3046,.F.);
#3046 = EDGE_CURVE('',#3047,#3039,#3049,.T.);
#3047 = VERTEX_POINT('',#3048);
#3048 = CARTESIAN_POINT('',(2.2,-1.43,0.475));
#3049 = LINE('',#3050,#3051);
#3050 = CARTESIAN_POINT('',(2.2,2.3,0.475));
#3051 = VECTOR('',#3052,1.);
#3052 = DIRECTION('',(1.110223024625E-16,-1.,0.));
#3053 = ORIENTED_EDGE('',*,*,#3054,.F.);
#3054 = EDGE_CURVE('',#3055,#3047,#3057,.T.);
#3055 = VERTEX_POINT('',#3056);
#3056 = CARTESIAN_POINT('',(2.2,-1.17,0.475));
#3057 = LINE('',#3058,#3059);
#3058 = CARTESIAN_POINT('',(2.2,2.3,0.475));
#3059 = VECTOR('',#3060,1.);
#3060 = DIRECTION('',(1.110223024625E-16,-1.,0.));
#3061 = ORIENTED_EDGE('',*,*,#3062,.F.);
#3062 = EDGE_CURVE('',#3063,#3055,#3065,.T.);
#3063 = VERTEX_POINT('',#3064);
#3064 = CARTESIAN_POINT('',(2.2,-0.78,0.475));
#3065 = LINE('',#3066,#3067);
#3066 = CARTESIAN_POINT('',(2.2,2.3,0.475));
#3067 = VECTOR('',#3068,1.);
#3068 = DIRECTION('',(1.110223024625E-16,-1.,0.));
#3069 = ORIENTED_EDGE('',*,*,#3070,.F.);
#3070 = EDGE_CURVE('',#3071,#3063,#3073,.T.);
#3071 = VERTEX_POINT('',#3072);
#3072 = CARTESIAN_POINT('',(2.2,-0.52,0.475));
#3073 = LINE('',#3074,#3075);
#3074 = CARTESIAN_POINT('',(2.2,2.3,0.475));
#3075 = VECTOR('',#3076,1.);
#3076 = DIRECTION('',(1.110223024625E-16,-1.,0.));
#3077 = ORIENTED_EDGE('',*,*,#3078,.F.);
#3078 = EDGE_CURVE('',#3079,#3071,#3081,.T.);
#3079 = VERTEX_POINT('',#3080);
#3080 = CARTESIAN_POINT('',(2.2,-0.13,0.475));
#3081 = LINE('',#3082,#3083);
#3082 = CARTESIAN_POINT('',(2.2,2.3,0.475));
#3083 = VECTOR('',#3084,1.);
#3084 = DIRECTION('',(1.110223024625E-16,-1.,0.));
#3085 = ORIENTED_EDGE('',*,*,#3086,.F.);
#3086 = EDGE_CURVE('',#3087,#3079,#3089,.T.);
#3087 = VERTEX_POINT('',#3088);
#3088 = CARTESIAN_POINT('',(2.2,0.13,0.475));
#3089 = LINE('',#3090,#3091);
#3090 = CARTESIAN_POINT('',(2.2,2.3,0.475));
#3091 = VECTOR('',#3092,1.);
#3092 = DIRECTION('',(1.110223024625E-16,-1.,0.));
#3093 = ORIENTED_EDGE('',*,*,#3094,.F.);
#3094 = EDGE_CURVE('',#3095,#3087,#3097,.T.);
#3095 = VERTEX_POINT('',#3096);
#3096 = CARTESIAN_POINT('',(2.2,0.52,0.475));
#3097 = LINE('',#3098,#3099);
#3098 = CARTESIAN_POINT('',(2.2,2.3,0.475));
#3099 = VECTOR('',#3100,1.);
#3100 = DIRECTION('',(1.110223024625E-16,-1.,0.));
#3101 = ORIENTED_EDGE('',*,*,#3102,.F.);
#3102 = EDGE_CURVE('',#3103,#3095,#3105,.T.);
#3103 = VERTEX_POINT('',#3104);
#3104 = CARTESIAN_POINT('',(2.2,0.78,0.475));
#3105 = LINE('',#3106,#3107);
#3106 = CARTESIAN_POINT('',(2.2,2.3,0.475));
#3107 = VECTOR('',#3108,1.);
#3108 = DIRECTION('',(1.110223024625E-16,-1.,0.));
#3109 = ORIENTED_EDGE('',*,*,#3110,.F.);
#3110 = EDGE_CURVE('',#3111,#3103,#3113,.T.);
#3111 = VERTEX_POINT('',#3112);
#3112 = CARTESIAN_POINT('',(2.2,1.17,0.475));
#3113 = LINE('',#3114,#3115);
#3114 = CARTESIAN_POINT('',(2.2,2.3,0.475));
#3115 = VECTOR('',#3116,1.);
#3116 = DIRECTION('',(1.110223024625E-16,-1.,0.));
#3117 = ORIENTED_EDGE('',*,*,#3118,.F.);
#3118 = EDGE_CURVE('',#3119,#3111,#3121,.T.);
#3119 = VERTEX_POINT('',#3120);
#3120 = CARTESIAN_POINT('',(2.2,1.43,0.475));
#3121 = LINE('',#3122,#3123);
#3122 = CARTESIAN_POINT('',(2.2,2.3,0.475));
#3123 = VECTOR('',#3124,1.);
#3124 = DIRECTION('',(1.110223024625E-16,-1.,0.));
#3125 = ORIENTED_EDGE('',*,*,#3126,.F.);
#3126 = EDGE_CURVE('',#3127,#3119,#3129,.T.);
#3127 = VERTEX_POINT('',#3128);
#3128 = CARTESIAN_POINT('',(2.2,1.82,0.475));
#3129 = LINE('',#3130,#3131);
#3130 = CARTESIAN_POINT('',(2.2,2.3,0.475));
#3131 = VECTOR('',#3132,1.);
#3132 = DIRECTION('',(1.110223024625E-16,-1.,0.));
#3133 = ORIENTED_EDGE('',*,*,#3134,.F.);
#3134 = EDGE_CURVE('',#3135,#3127,#3137,.T.);
#3135 = VERTEX_POINT('',#3136);
#3136 = CARTESIAN_POINT('',(2.2,2.08,0.475));
#3137 = LINE('',#3138,#3139);
#3138 = CARTESIAN_POINT('',(2.2,2.3,0.475));
#3139 = VECTOR('',#3140,1.);
#3140 = DIRECTION('',(1.110223024625E-16,-1.,0.));
#3141 = ORIENTED_EDGE('',*,*,#3142,.F.);
#3142 = EDGE_CURVE('',#2814,#3135,#3143,.T.);
#3143 = LINE('',#3144,#3145);
#3144 = CARTESIAN_POINT('',(2.2,2.3,0.475));
#3145 = VECTOR('',#3146,1.);
#3146 = DIRECTION('',(1.110223024625E-16,-1.,0.));
#3147 = ORIENTED_EDGE('',*,*,#2813,.F.);
#3148 = B_SPLINE_SURFACE_WITH_KNOTS('',1,1,(
    (#3149,#3150)
    ,(#3151,#3152
    )),.UNSPECIFIED.,.F.,.F.,.F.,(2,2),(2,2),(0.,4.6),(0.,1.),
  .PIECEWISE_BEZIER_KNOTS.);
#3149 = CARTESIAN_POINT('',(2.120291289374,2.260145644687,0.1));
#3150 = CARTESIAN_POINT('',(2.2,2.3,0.475));
#3151 = CARTESIAN_POINT('',(2.120291289374,-2.260145644687,0.1));
#3152 = CARTESIAN_POINT('',(2.2,-2.3,0.475));
#3153 = ADVANCED_FACE('',(#3154),#3171,.F.);
#3154 = FACE_BOUND('',#3155,.F.);
#3155 = EDGE_LOOP('',(#3156,#3157,#3158,#3166));
#3156 = ORIENTED_EDGE('',*,*,#2782,.T.);
#3157 = ORIENTED_EDGE('',*,*,#3009,.T.);
#3158 = ORIENTED_EDGE('',*,*,#3159,.F.);
#3159 = EDGE_CURVE('',#3160,#3002,#3162,.T.);
#3160 = VERTEX_POINT('',#3161);
#3161 = CARTESIAN_POINT('',(-2.,-2.5,0.475));
#3162 = LINE('',#3163,#3164);
#3163 = CARTESIAN_POINT('',(-2.,-2.5,0.475));
#3164 = VECTOR('',#3165,1.);
#3165 = DIRECTION('',(-0.707106781187,0.707106781187,0.));
#3166 = ORIENTED_EDGE('',*,*,#3167,.F.);
#3167 = EDGE_CURVE('',#2775,#3160,#3168,.T.);
#3168 = B_SPLINE_CURVE_WITH_KNOTS('',1,(#3169,#3170),.UNSPECIFIED.,.F.,
  .F.,(2,2),(0.,1.),.PIECEWISE_BEZIER_KNOTS.);
#3169 = CARTESIAN_POINT('',(-1.960145644687,-2.420291289374,0.1));
#3170 = CARTESIAN_POINT('',(-2.,-2.5,0.475));
#3171 = B_SPLINE_SURFACE_WITH_KNOTS('',1,1,(
    (#3172,#3173)
    ,(#3174,#3175
    )),.UNSPECIFIED.,.F.,.F.,.F.,(2,2),(2,2),(0.,0.282842712475),(0.,1.)
  ,.PIECEWISE_BEZIER_KNOTS.);
#3172 = CARTESIAN_POINT('',(-1.960145644687,-2.420291289374,0.1));
#3173 = CARTESIAN_POINT('',(-2.,-2.5,0.475));
#3174 = CARTESIAN_POINT('',(-2.120291289374,-2.260145644687,0.1));
#3175 = CARTESIAN_POINT('',(-2.2,-2.3,0.475));
#3176 = ADVANCED_FACE('',(#3177),#3194,.F.);
#3177 = FACE_BOUND('',#3178,.F.);
#3178 = EDGE_LOOP('',(#3179,#3180,#3187,#3193));
#3179 = ORIENTED_EDGE('',*,*,#2766,.T.);
#3180 = ORIENTED_EDGE('',*,*,#3181,.T.);
#3181 = EDGE_CURVE('',#2767,#3182,#3184,.T.);
#3182 = VERTEX_POINT('',#3183);
#3183 = CARTESIAN_POINT('',(2.,-2.5,0.475));
#3184 = B_SPLINE_CURVE_WITH_KNOTS('',1,(#3185,#3186),.UNSPECIFIED.,.F.,
  .F.,(2,2),(0.,1.),.PIECEWISE_BEZIER_KNOTS.);
#3185 = CARTESIAN_POINT('',(1.960145644687,-2.420291289374,0.1));
#3186 = CARTESIAN_POINT('',(2.,-2.5,0.475));
#3187 = ORIENTED_EDGE('',*,*,#3188,.F.);
#3188 = EDGE_CURVE('',#3024,#3182,#3189,.T.);
#3189 = LINE('',#3190,#3191);
#3190 = CARTESIAN_POINT('',(2.2,-2.3,0.475));
#3191 = VECTOR('',#3192,1.);
#3192 = DIRECTION('',(-0.707106781187,-0.707106781187,0.));
#3193 = ORIENTED_EDGE('',*,*,#3023,.F.);
#3194 = B_SPLINE_SURFACE_WITH_KNOTS('',1,1,(
    (#3195,#3196)
    ,(#3197,#3198
    )),.UNSPECIFIED.,.F.,.F.,.F.,(2,2),(2,2),(0.,0.282842712475),(0.,1.)
  ,.PIECEWISE_BEZIER_KNOTS.);
#3195 = CARTESIAN_POINT('',(2.120291289374,-2.260145644687,0.1));
#3196 = CARTESIAN_POINT('',(2.2,-2.3,0.475));
#3197 = CARTESIAN_POINT('',(1.960145644687,-2.420291289374,0.1));
#3198 = CARTESIAN_POINT('',(2.,-2.5,0.475));
#3199 = ADVANCED_FACE('',(#3200),#3211,.F.);
#3200 = FACE_BOUND('',#3201,.F.);
#3201 = EDGE_LOOP('',(#3202,#3203,#3204,#3210));
#3202 = ORIENTED_EDGE('',*,*,#2774,.T.);
#3203 = ORIENTED_EDGE('',*,*,#3167,.T.);
#3204 = ORIENTED_EDGE('',*,*,#3205,.F.);
#3205 = EDGE_CURVE('',#3182,#3160,#3206,.T.);
#3206 = LINE('',#3207,#3208);
#3207 = CARTESIAN_POINT('',(2.,-2.5,0.475));
#3208 = VECTOR('',#3209,1.);
#3209 = DIRECTION('',(-1.,-1.110223024625E-16,0.));
#3210 = ORIENTED_EDGE('',*,*,#3181,.F.);
#3211 = B_SPLINE_SURFACE_WITH_KNOTS('',1,1,(
    (#3212,#3213)
    ,(#3214,#3215
    )),.UNSPECIFIED.,.F.,.F.,.F.,(2,2),(2,2),(0.,4.),(0.,1.),
  .PIECEWISE_BEZIER_KNOTS.);
#3212 = CARTESIAN_POINT('',(1.960145644687,-2.420291289374,0.1));
#3213 = CARTESIAN_POINT('',(2.,-2.5,0.475));
#3214 = CARTESIAN_POINT('',(-1.960145644687,-2.420291289374,0.1));
#3215 = CARTESIAN_POINT('',(-2.,-2.5,0.475));
#3216 = ADVANCED_FACE('',(#3217),#3234,.F.);
#3217 = FACE_BOUND('',#3218,.F.);
#3218 = EDGE_LOOP('',(#3219,#3220,#3227,#3233));
#3219 = ORIENTED_EDGE('',*,*,#2820,.T.);
#3220 = ORIENTED_EDGE('',*,*,#3221,.T.);
#3221 = EDGE_CURVE('',#2814,#3222,#3224,.T.);
#3222 = VERTEX_POINT('',#3223);
#3223 = CARTESIAN_POINT('',(2.2,2.3,0.625));
#3224 = B_SPLINE_CURVE_WITH_KNOTS('',1,(#3225,#3226),.UNSPECIFIED.,.F.,
  .F.,(2,2),(0.,1.),.PIECEWISE_BEZIER_KNOTS.);
#3225 = CARTESIAN_POINT('',(2.2,2.3,0.475));
#3226 = CARTESIAN_POINT('',(2.2,2.3,0.625));
#3227 = ORIENTED_EDGE('',*,*,#3228,.F.);
#3228 = EDGE_CURVE('',#2837,#3222,#3229,.T.);
#3229 = LINE('',#3230,#3231);
#3230 = CARTESIAN_POINT('',(2.,2.5,0.625));
#3231 = VECTOR('',#3232,1.);
#3232 = DIRECTION('',(0.707106781187,-0.707106781187,0.));
#3233 = ORIENTED_EDGE('',*,*,#2836,.F.);
#3234 = PLANE('',#3235);
#3235 = AXIS2_PLACEMENT_3D('',#3236,#3237,#3238);
#3236 = CARTESIAN_POINT('',(2.,2.5,0.625));
#3237 = DIRECTION('',(-0.707106781187,-0.707106781187,0.));
#3238 = DIRECTION('',(0.707106781187,-0.707106781187,0.));
#3239 = ADVANCED_FACE('',(#3240),#3322,.F.);
#3240 = FACE_BOUND('',#3241,.F.);
#3241 = EDGE_LOOP('',(#3242,#3250,#3251,#3252,#3260,#3268,#3276,#3284,
    #3292,#3300,#3308,#3316));
#3242 = ORIENTED_EDGE('',*,*,#3243,.T.);
#3243 = EDGE_CURVE('',#3244,#2844,#3246,.T.);
#3244 = VERTEX_POINT('',#3245);
#3245 = CARTESIAN_POINT('',(-2.2,2.3,0.625));
#3246 = LINE('',#3247,#3248);
#3247 = CARTESIAN_POINT('',(-2.2,2.3,0.625));
#3248 = VECTOR('',#3249,1.);
#3249 = DIRECTION('',(0.707106781187,0.707106781187,0.));
#3250 = ORIENTED_EDGE('',*,*,#2843,.T.);
#3251 = ORIENTED_EDGE('',*,*,#3228,.T.);
#3252 = ORIENTED_EDGE('',*,*,#3253,.T.);
#3253 = EDGE_CURVE('',#3222,#3254,#3256,.T.);
#3254 = VERTEX_POINT('',#3255);
#3255 = CARTESIAN_POINT('',(2.2,2.08,0.625));
#3256 = LINE('',#3257,#3258);
#3257 = CARTESIAN_POINT('',(2.2,2.3,0.625));
#3258 = VECTOR('',#3259,1.);
#3259 = DIRECTION('',(1.110223024625E-16,-1.,0.));
#3260 = ORIENTED_EDGE('',*,*,#3261,.T.);
#3261 = EDGE_CURVE('',#3254,#3262,#3264,.T.);
#3262 = VERTEX_POINT('',#3263);
#3263 = CARTESIAN_POINT('',(2.15,2.08,0.625));
#3264 = LINE('',#3265,#3266);
#3265 = CARTESIAN_POINT('',(2.4,2.08,0.625));
#3266 = VECTOR('',#3267,1.);
#3267 = DIRECTION('',(-1.,-1.110223024625E-16,0.));
#3268 = ORIENTED_EDGE('',*,*,#3269,.F.);
#3269 = EDGE_CURVE('',#3270,#3262,#3272,.T.);
#3270 = VERTEX_POINT('',#3271);
#3271 = CARTESIAN_POINT('',(2.15,2.275,0.625));
#3272 = LINE('',#3273,#3274);
#3273 = CARTESIAN_POINT('',(2.15,2.275,0.625));
#3274 = VECTOR('',#3275,1.);
#3275 = DIRECTION('',(1.110223024625E-16,-1.,0.));
#3276 = ORIENTED_EDGE('',*,*,#3277,.F.);
#3277 = EDGE_CURVE('',#3278,#3270,#3280,.T.);
#3278 = VERTEX_POINT('',#3279);
#3279 = CARTESIAN_POINT('',(1.975,2.45,0.625));
#3280 = LINE('',#3281,#3282);
#3281 = CARTESIAN_POINT('',(1.975,2.45,0.625));
#3282 = VECTOR('',#3283,1.);
#3283 = DIRECTION('',(0.707106781187,-0.707106781187,0.));
#3284 = ORIENTED_EDGE('',*,*,#3285,.F.);
#3285 = EDGE_CURVE('',#3286,#3278,#3288,.T.);
#3286 = VERTEX_POINT('',#3287);
#3287 = CARTESIAN_POINT('',(-1.975,2.45,0.625));
#3288 = LINE('',#3289,#3290);
#3289 = CARTESIAN_POINT('',(-1.975,2.45,0.625));
#3290 = VECTOR('',#3291,1.);
#3291 = DIRECTION('',(1.,1.110223024625E-16,0.));
#3292 = ORIENTED_EDGE('',*,*,#3293,.F.);
#3293 = EDGE_CURVE('',#3294,#3286,#3296,.T.);
#3294 = VERTEX_POINT('',#3295);
#3295 = CARTESIAN_POINT('',(-2.15,2.275,0.625));
#3296 = LINE('',#3297,#3298);
#3297 = CARTESIAN_POINT('',(-2.15,2.275,0.625));
#3298 = VECTOR('',#3299,1.);
#3299 = DIRECTION('',(0.707106781187,0.707106781187,0.));
#3300 = ORIENTED_EDGE('',*,*,#3301,.F.);
#3301 = EDGE_CURVE('',#3302,#3294,#3304,.T.);
#3302 = VERTEX_POINT('',#3303);
#3303 = CARTESIAN_POINT('',(-2.15,2.08,0.625));
#3304 = LINE('',#3305,#3306);
#3305 = CARTESIAN_POINT('',(-2.15,-2.275,0.625));
#3306 = VECTOR('',#3307,1.);
#3307 = DIRECTION('',(-1.110223024625E-16,1.,0.));
#3308 = ORIENTED_EDGE('',*,*,#3309,.F.);
#3309 = EDGE_CURVE('',#3310,#3302,#3312,.T.);
#3310 = VERTEX_POINT('',#3311);
#3311 = CARTESIAN_POINT('',(-2.2,2.08,0.625));
#3312 = LINE('',#3313,#3314);
#3313 = CARTESIAN_POINT('',(-2.4,2.08,0.625));
#3314 = VECTOR('',#3315,1.);
#3315 = DIRECTION('',(1.,-1.144237745222E-17,0.));
#3316 = ORIENTED_EDGE('',*,*,#3317,.T.);
#3317 = EDGE_CURVE('',#3310,#3244,#3318,.T.);
#3318 = LINE('',#3319,#3320);
#3319 = CARTESIAN_POINT('',(-2.2,-2.3,0.625));
#3320 = VECTOR('',#3321,1.);
#3321 = DIRECTION('',(-1.110223024625E-16,1.,0.));
#3322 = PLANE('',#3323);
#3323 = AXIS2_PLACEMENT_3D('',#3324,#3325,#3326);
#3324 = CARTESIAN_POINT('',(-3.188450421961E-18,2.475,0.625));
#3325 = DIRECTION('',(0.,0.,-1.));
#3326 = DIRECTION('',(1.,1.111674977262E-16,0.));
#3327 = ADVANCED_FACE('',(#3328),#3338,.F.);
#3328 = FACE_BOUND('',#3329,.F.);
#3329 = EDGE_LOOP('',(#3330,#3331,#3332,#3333));
#3330 = ORIENTED_EDGE('',*,*,#2866,.T.);
#3331 = ORIENTED_EDGE('',*,*,#2851,.T.);
#3332 = ORIENTED_EDGE('',*,*,#3243,.F.);
#3333 = ORIENTED_EDGE('',*,*,#3334,.F.);
#3334 = EDGE_CURVE('',#2867,#3244,#3335,.T.);
#3335 = B_SPLINE_CURVE_WITH_KNOTS('',1,(#3336,#3337),.UNSPECIFIED.,.F.,
  .F.,(2,2),(0.,1.),.PIECEWISE_BEZIER_KNOTS.);
#3336 = CARTESIAN_POINT('',(-2.2,2.3,0.475));
#3337 = CARTESIAN_POINT('',(-2.2,2.3,0.625));
#3338 = PLANE('',#3339);
#3339 = AXIS2_PLACEMENT_3D('',#3340,#3341,#3342);
#3340 = CARTESIAN_POINT('',(-2.2,2.3,0.625));
#3341 = DIRECTION('',(0.707106781187,-0.707106781187,0.));
#3342 = DIRECTION('',(0.707106781187,0.707106781187,0.));
#3343 = ADVANCED_FACE('',(#3344),#3368,.F.);
#3344 = FACE_BOUND('',#3345,.F.);
#3345 = EDGE_LOOP('',(#3346,#3353,#3354,#3362));
#3346 = ORIENTED_EDGE('',*,*,#3347,.F.);
#3347 = EDGE_CURVE('',#3002,#3348,#3350,.T.);
#3348 = VERTEX_POINT('',#3349);
#3349 = CARTESIAN_POINT('',(-2.2,-2.3,0.625));
#3350 = B_SPLINE_CURVE_WITH_KNOTS('',1,(#3351,#3352),.UNSPECIFIED.,.F.,
  .F.,(2,2),(0.,1.),.PIECEWISE_BEZIER_KNOTS.);
#3351 = CARTESIAN_POINT('',(-2.2,-2.3,0.475));
#3352 = CARTESIAN_POINT('',(-2.2,-2.3,0.625));
#3353 = ORIENTED_EDGE('',*,*,#3001,.T.);
#3354 = ORIENTED_EDGE('',*,*,#3355,.T.);
#3355 = EDGE_CURVE('',#2994,#3356,#3358,.T.);
#3356 = VERTEX_POINT('',#3357);
#3357 = CARTESIAN_POINT('',(-2.2,-2.08,0.625));
#3358 = LINE('',#3359,#3360);
#3359 = CARTESIAN_POINT('',(-2.2,-2.08,0.458946888107));
#3360 = VECTOR('',#3361,1.);
#3361 = DIRECTION('',(0.,0.,1.));
#3362 = ORIENTED_EDGE('',*,*,#3363,.F.);
#3363 = EDGE_CURVE('',#3348,#3356,#3364,.T.);
#3364 = LINE('',#3365,#3366);
#3365 = CARTESIAN_POINT('',(-2.2,-2.3,0.625));
#3366 = VECTOR('',#3367,1.);
#3367 = DIRECTION('',(-1.110223024625E-16,1.,0.));
#3368 = PLANE('',#3369);
#3369 = AXIS2_PLACEMENT_3D('',#3370,#3371,#3372);
#3370 = CARTESIAN_POINT('',(-2.2,-2.3,0.625));
#3371 = DIRECTION('',(1.,1.110223024625E-16,0.));
#3372 = DIRECTION('',(-1.110223024625E-16,1.,0.));
#3373 = ADVANCED_FACE('',(#3374),#3399,.F.);
#3374 = FACE_BOUND('',#3375,.F.);
#3375 = EDGE_LOOP('',(#3376,#3384,#3385,#3393));
#3376 = ORIENTED_EDGE('',*,*,#3377,.F.);
#3377 = EDGE_CURVE('',#2994,#3378,#3380,.T.);
#3378 = VERTEX_POINT('',#3379);
#3379 = CARTESIAN_POINT('',(-2.4,-2.08,0.475));
#3380 = LINE('',#3381,#3382);
#3381 = CARTESIAN_POINT('',(-2.1,-2.08,0.475));
#3382 = VECTOR('',#3383,1.);
#3383 = DIRECTION('',(-1.,1.144237745222E-17,0.));
#3384 = ORIENTED_EDGE('',*,*,#2993,.T.);
#3385 = ORIENTED_EDGE('',*,*,#3386,.T.);
#3386 = EDGE_CURVE('',#2986,#3387,#3389,.T.);
#3387 = VERTEX_POINT('',#3388);
#3388 = CARTESIAN_POINT('',(-2.4,-1.82,0.475));
#3389 = LINE('',#3390,#3391);
#3390 = CARTESIAN_POINT('',(-2.1,-1.82,0.475));
#3391 = VECTOR('',#3392,1.);
#3392 = DIRECTION('',(-1.,1.144237745222E-17,0.));
#3393 = ORIENTED_EDGE('',*,*,#3394,.F.);
#3394 = EDGE_CURVE('',#3378,#3387,#3395,.T.);
#3395 = LINE('',#3396,#3397);
#3396 = CARTESIAN_POINT('',(-2.4,-2.08,0.475));
#3397 = VECTOR('',#3398,1.);
#3398 = DIRECTION('',(1.144237745222E-17,1.,0.));
#3399 = PLANE('',#3400);
#3400 = AXIS2_PLACEMENT_3D('',#3401,#3402,#3403);
#3401 = CARTESIAN_POINT('',(-2.1,-2.08,0.475));
#3402 = DIRECTION('',(0.,0.,1.));
#3403 = DIRECTION('',(-1.,1.144237745222E-17,0.));
#3404 = ADVANCED_FACE('',(#3405),#3430,.F.);
#3405 = FACE_BOUND('',#3406,.F.);
#3406 = EDGE_LOOP('',(#3407,#3415,#3416,#3424));
#3407 = ORIENTED_EDGE('',*,*,#3408,.F.);
#3408 = EDGE_CURVE('',#2986,#3409,#3411,.T.);
#3409 = VERTEX_POINT('',#3410);
#3410 = CARTESIAN_POINT('',(-2.2,-1.82,0.625));
#3411 = LINE('',#3412,#3413);
#3412 = CARTESIAN_POINT('',(-2.2,-1.82,0.458946888107));
#3413 = VECTOR('',#3414,1.);
#3414 = DIRECTION('',(0.,0.,1.));
#3415 = ORIENTED_EDGE('',*,*,#2985,.T.);
#3416 = ORIENTED_EDGE('',*,*,#3417,.T.);
#3417 = EDGE_CURVE('',#2978,#3418,#3420,.T.);
#3418 = VERTEX_POINT('',#3419);
#3419 = CARTESIAN_POINT('',(-2.2,-1.43,0.625));
#3420 = LINE('',#3421,#3422);
#3421 = CARTESIAN_POINT('',(-2.2,-1.43,0.458946888107));
#3422 = VECTOR('',#3423,1.);
#3423 = DIRECTION('',(0.,0.,1.));
#3424 = ORIENTED_EDGE('',*,*,#3425,.F.);
#3425 = EDGE_CURVE('',#3409,#3418,#3426,.T.);
#3426 = LINE('',#3427,#3428);
#3427 = CARTESIAN_POINT('',(-2.2,-2.3,0.625));
#3428 = VECTOR('',#3429,1.);
#3429 = DIRECTION('',(-1.110223024625E-16,1.,0.));
#3430 = PLANE('',#3431);
#3431 = AXIS2_PLACEMENT_3D('',#3432,#3433,#3434);
#3432 = CARTESIAN_POINT('',(-2.2,-2.3,0.625));
#3433 = DIRECTION('',(1.,1.110223024625E-16,0.));
#3434 = DIRECTION('',(-1.110223024625E-16,1.,0.));
#3435 = ADVANCED_FACE('',(#3436),#3461,.F.);
#3436 = FACE_BOUND('',#3437,.F.);
#3437 = EDGE_LOOP('',(#3438,#3446,#3447,#3455));
#3438 = ORIENTED_EDGE('',*,*,#3439,.F.);
#3439 = EDGE_CURVE('',#2978,#3440,#3442,.T.);
#3440 = VERTEX_POINT('',#3441);
#3441 = CARTESIAN_POINT('',(-2.4,-1.43,0.475));
#3442 = LINE('',#3443,#3444);
#3443 = CARTESIAN_POINT('',(-2.1,-1.43,0.475));
#3444 = VECTOR('',#3445,1.);
#3445 = DIRECTION('',(-1.,1.144237745222E-17,0.));
#3446 = ORIENTED_EDGE('',*,*,#2977,.T.);
#3447 = ORIENTED_EDGE('',*,*,#3448,.T.);
#3448 = EDGE_CURVE('',#2970,#3449,#3451,.T.);
#3449 = VERTEX_POINT('',#3450);
#3450 = CARTESIAN_POINT('',(-2.4,-1.17,0.475));
#3451 = LINE('',#3452,#3453);
#3452 = CARTESIAN_POINT('',(-2.1,-1.17,0.475));
#3453 = VECTOR('',#3454,1.);
#3454 = DIRECTION('',(-1.,1.144237745222E-17,0.));
#3455 = ORIENTED_EDGE('',*,*,#3456,.F.);
#3456 = EDGE_CURVE('',#3440,#3449,#3457,.T.);
#3457 = LINE('',#3458,#3459);
#3458 = CARTESIAN_POINT('',(-2.4,-1.43,0.475));
#3459 = VECTOR('',#3460,1.);
#3460 = DIRECTION('',(1.144237745222E-17,1.,0.));
#3461 = PLANE('',#3462);
#3462 = AXIS2_PLACEMENT_3D('',#3463,#3464,#3465);
#3463 = CARTESIAN_POINT('',(-2.1,-1.43,0.475));
#3464 = DIRECTION('',(0.,0.,1.));
#3465 = DIRECTION('',(-1.,1.144237745222E-17,0.));
#3466 = ADVANCED_FACE('',(#3467),#3492,.F.);
#3467 = FACE_BOUND('',#3468,.F.);
#3468 = EDGE_LOOP('',(#3469,#3477,#3478,#3486));
#3469 = ORIENTED_EDGE('',*,*,#3470,.F.);
#3470 = EDGE_CURVE('',#2970,#3471,#3473,.T.);
#3471 = VERTEX_POINT('',#3472);
#3472 = CARTESIAN_POINT('',(-2.2,-1.17,0.625));
#3473 = LINE('',#3474,#3475);
#3474 = CARTESIAN_POINT('',(-2.2,-1.17,0.458946888107));
#3475 = VECTOR('',#3476,1.);
#3476 = DIRECTION('',(0.,0.,1.));
#3477 = ORIENTED_EDGE('',*,*,#2969,.T.);
#3478 = ORIENTED_EDGE('',*,*,#3479,.T.);
#3479 = EDGE_CURVE('',#2962,#3480,#3482,.T.);
#3480 = VERTEX_POINT('',#3481);
#3481 = CARTESIAN_POINT('',(-2.2,-0.78,0.625));
#3482 = LINE('',#3483,#3484);
#3483 = CARTESIAN_POINT('',(-2.2,-0.78,0.458946888107));
#3484 = VECTOR('',#3485,1.);
#3485 = DIRECTION('',(0.,0.,1.));
#3486 = ORIENTED_EDGE('',*,*,#3487,.F.);
#3487 = EDGE_CURVE('',#3471,#3480,#3488,.T.);
#3488 = LINE('',#3489,#3490);
#3489 = CARTESIAN_POINT('',(-2.2,-2.3,0.625));
#3490 = VECTOR('',#3491,1.);
#3491 = DIRECTION('',(-1.110223024625E-16,1.,0.));
#3492 = PLANE('',#3493);
#3493 = AXIS2_PLACEMENT_3D('',#3494,#3495,#3496);
#3494 = CARTESIAN_POINT('',(-2.2,-2.3,0.625));
#3495 = DIRECTION('',(1.,1.110223024625E-16,0.));
#3496 = DIRECTION('',(-1.110223024625E-16,1.,0.));
#3497 = ADVANCED_FACE('',(#3498),#3523,.F.);
#3498 = FACE_BOUND('',#3499,.F.);
#3499 = EDGE_LOOP('',(#3500,#3508,#3509,#3517));
#3500 = ORIENTED_EDGE('',*,*,#3501,.F.);
#3501 = EDGE_CURVE('',#2962,#3502,#3504,.T.);
#3502 = VERTEX_POINT('',#3503);
#3503 = CARTESIAN_POINT('',(-2.4,-0.78,0.475));
#3504 = LINE('',#3505,#3506);
#3505 = CARTESIAN_POINT('',(-2.1,-0.78,0.475));
#3506 = VECTOR('',#3507,1.);
#3507 = DIRECTION('',(-1.,1.144237745222E-17,0.));
#3508 = ORIENTED_EDGE('',*,*,#2961,.T.);
#3509 = ORIENTED_EDGE('',*,*,#3510,.T.);
#3510 = EDGE_CURVE('',#2954,#3511,#3513,.T.);
#3511 = VERTEX_POINT('',#3512);
#3512 = CARTESIAN_POINT('',(-2.4,-0.52,0.475));
#3513 = LINE('',#3514,#3515);
#3514 = CARTESIAN_POINT('',(-2.1,-0.52,0.475));
#3515 = VECTOR('',#3516,1.);
#3516 = DIRECTION('',(-1.,1.144237745222E-17,0.));
#3517 = ORIENTED_EDGE('',*,*,#3518,.F.);
#3518 = EDGE_CURVE('',#3502,#3511,#3519,.T.);
#3519 = LINE('',#3520,#3521);
#3520 = CARTESIAN_POINT('',(-2.4,-0.78,0.475));
#3521 = VECTOR('',#3522,1.);
#3522 = DIRECTION('',(1.144237745222E-17,1.,0.));
#3523 = PLANE('',#3524);
#3524 = AXIS2_PLACEMENT_3D('',#3525,#3526,#3527);
#3525 = CARTESIAN_POINT('',(-2.1,-0.78,0.475));
#3526 = DIRECTION('',(0.,0.,1.));
#3527 = DIRECTION('',(-1.,1.144237745222E-17,0.));
#3528 = ADVANCED_FACE('',(#3529),#3554,.F.);
#3529 = FACE_BOUND('',#3530,.F.);
#3530 = EDGE_LOOP('',(#3531,#3539,#3540,#3548));
#3531 = ORIENTED_EDGE('',*,*,#3532,.F.);
#3532 = EDGE_CURVE('',#2954,#3533,#3535,.T.);
#3533 = VERTEX_POINT('',#3534);
#3534 = CARTESIAN_POINT('',(-2.2,-0.52,0.625));
#3535 = LINE('',#3536,#3537);
#3536 = CARTESIAN_POINT('',(-2.2,-0.52,0.458946888107));
#3537 = VECTOR('',#3538,1.);
#3538 = DIRECTION('',(0.,0.,1.));
#3539 = ORIENTED_EDGE('',*,*,#2953,.T.);
#3540 = ORIENTED_EDGE('',*,*,#3541,.T.);
#3541 = EDGE_CURVE('',#2946,#3542,#3544,.T.);
#3542 = VERTEX_POINT('',#3543);
#3543 = CARTESIAN_POINT('',(-2.2,-0.13,0.625));
#3544 = LINE('',#3545,#3546);
#3545 = CARTESIAN_POINT('',(-2.2,-0.13,0.458946888107));
#3546 = VECTOR('',#3547,1.);
#3547 = DIRECTION('',(0.,0.,1.));
#3548 = ORIENTED_EDGE('',*,*,#3549,.F.);
#3549 = EDGE_CURVE('',#3533,#3542,#3550,.T.);
#3550 = LINE('',#3551,#3552);
#3551 = CARTESIAN_POINT('',(-2.2,-2.3,0.625));
#3552 = VECTOR('',#3553,1.);
#3553 = DIRECTION('',(-1.110223024625E-16,1.,0.));
#3554 = PLANE('',#3555);
#3555 = AXIS2_PLACEMENT_3D('',#3556,#3557,#3558);
#3556 = CARTESIAN_POINT('',(-2.2,-2.3,0.625));
#3557 = DIRECTION('',(1.,1.110223024625E-16,0.));
#3558 = DIRECTION('',(-1.110223024625E-16,1.,0.));
#3559 = ADVANCED_FACE('',(#3560),#3585,.F.);
#3560 = FACE_BOUND('',#3561,.F.);
#3561 = EDGE_LOOP('',(#3562,#3570,#3571,#3579));
#3562 = ORIENTED_EDGE('',*,*,#3563,.F.);
#3563 = EDGE_CURVE('',#2946,#3564,#3566,.T.);
#3564 = VERTEX_POINT('',#3565);
#3565 = CARTESIAN_POINT('',(-2.4,-0.13,0.475));
#3566 = LINE('',#3567,#3568);
#3567 = CARTESIAN_POINT('',(-2.1,-0.13,0.475));
#3568 = VECTOR('',#3569,1.);
#3569 = DIRECTION('',(-1.,1.144237745222E-17,0.));
#3570 = ORIENTED_EDGE('',*,*,#2945,.T.);
#3571 = ORIENTED_EDGE('',*,*,#3572,.T.);
#3572 = EDGE_CURVE('',#2938,#3573,#3575,.T.);
#3573 = VERTEX_POINT('',#3574);
#3574 = CARTESIAN_POINT('',(-2.4,0.13,0.475));
#3575 = LINE('',#3576,#3577);
#3576 = CARTESIAN_POINT('',(-2.1,0.13,0.475));
#3577 = VECTOR('',#3578,1.);
#3578 = DIRECTION('',(-1.,1.144237745222E-17,0.));
#3579 = ORIENTED_EDGE('',*,*,#3580,.F.);
#3580 = EDGE_CURVE('',#3564,#3573,#3581,.T.);
#3581 = LINE('',#3582,#3583);
#3582 = CARTESIAN_POINT('',(-2.4,-0.13,0.475));
#3583 = VECTOR('',#3584,1.);
#3584 = DIRECTION('',(1.144237745222E-17,1.,0.));
#3585 = PLANE('',#3586);
#3586 = AXIS2_PLACEMENT_3D('',#3587,#3588,#3589);
#3587 = CARTESIAN_POINT('',(-2.1,-0.13,0.475));
#3588 = DIRECTION('',(0.,0.,1.));
#3589 = DIRECTION('',(-1.,1.144237745222E-17,0.));
#3590 = ADVANCED_FACE('',(#3591),#3616,.F.);
#3591 = FACE_BOUND('',#3592,.F.);
#3592 = EDGE_LOOP('',(#3593,#3601,#3602,#3610));
#3593 = ORIENTED_EDGE('',*,*,#3594,.F.);
#3594 = EDGE_CURVE('',#2938,#3595,#3597,.T.);
#3595 = VERTEX_POINT('',#3596);
#3596 = CARTESIAN_POINT('',(-2.2,0.13,0.625));
#3597 = LINE('',#3598,#3599);
#3598 = CARTESIAN_POINT('',(-2.2,0.13,0.458946888107));
#3599 = VECTOR('',#3600,1.);
#3600 = DIRECTION('',(0.,0.,1.));
#3601 = ORIENTED_EDGE('',*,*,#2937,.T.);
#3602 = ORIENTED_EDGE('',*,*,#3603,.T.);
#3603 = EDGE_CURVE('',#2930,#3604,#3606,.T.);
#3604 = VERTEX_POINT('',#3605);
#3605 = CARTESIAN_POINT('',(-2.2,0.52,0.625));
#3606 = LINE('',#3607,#3608);
#3607 = CARTESIAN_POINT('',(-2.2,0.52,0.458946888107));
#3608 = VECTOR('',#3609,1.);
#3609 = DIRECTION('',(0.,0.,1.));
#3610 = ORIENTED_EDGE('',*,*,#3611,.F.);
#3611 = EDGE_CURVE('',#3595,#3604,#3612,.T.);
#3612 = LINE('',#3613,#3614);
#3613 = CARTESIAN_POINT('',(-2.2,-2.3,0.625));
#3614 = VECTOR('',#3615,1.);
#3615 = DIRECTION('',(-1.110223024625E-16,1.,0.));
#3616 = PLANE('',#3617);
#3617 = AXIS2_PLACEMENT_3D('',#3618,#3619,#3620);
#3618 = CARTESIAN_POINT('',(-2.2,-2.3,0.625));
#3619 = DIRECTION('',(1.,1.110223024625E-16,0.));
#3620 = DIRECTION('',(-1.110223024625E-16,1.,0.));
#3621 = ADVANCED_FACE('',(#3622),#3647,.F.);
#3622 = FACE_BOUND('',#3623,.F.);
#3623 = EDGE_LOOP('',(#3624,#3632,#3633,#3641));
#3624 = ORIENTED_EDGE('',*,*,#3625,.F.);
#3625 = EDGE_CURVE('',#2930,#3626,#3628,.T.);
#3626 = VERTEX_POINT('',#3627);
#3627 = CARTESIAN_POINT('',(-2.4,0.52,0.475));
#3628 = LINE('',#3629,#3630);
#3629 = CARTESIAN_POINT('',(-2.1,0.52,0.475));
#3630 = VECTOR('',#3631,1.);
#3631 = DIRECTION('',(-1.,1.144237745222E-17,0.));
#3632 = ORIENTED_EDGE('',*,*,#2929,.T.);
#3633 = ORIENTED_EDGE('',*,*,#3634,.T.);
#3634 = EDGE_CURVE('',#2922,#3635,#3637,.T.);
#3635 = VERTEX_POINT('',#3636);
#3636 = CARTESIAN_POINT('',(-2.4,0.78,0.475));
#3637 = LINE('',#3638,#3639);
#3638 = CARTESIAN_POINT('',(-2.1,0.78,0.475));
#3639 = VECTOR('',#3640,1.);
#3640 = DIRECTION('',(-1.,1.144237745222E-17,0.));
#3641 = ORIENTED_EDGE('',*,*,#3642,.F.);
#3642 = EDGE_CURVE('',#3626,#3635,#3643,.T.);
#3643 = LINE('',#3644,#3645);
#3644 = CARTESIAN_POINT('',(-2.4,0.52,0.475));
#3645 = VECTOR('',#3646,1.);
#3646 = DIRECTION('',(1.144237745222E-17,1.,0.));
#3647 = PLANE('',#3648);
#3648 = AXIS2_PLACEMENT_3D('',#3649,#3650,#3651);
#3649 = CARTESIAN_POINT('',(-2.1,0.52,0.475));
#3650 = DIRECTION('',(0.,0.,1.));
#3651 = DIRECTION('',(-1.,1.144237745222E-17,0.));
#3652 = ADVANCED_FACE('',(#3653),#3678,.F.);
#3653 = FACE_BOUND('',#3654,.F.);
#3654 = EDGE_LOOP('',(#3655,#3663,#3664,#3672));
#3655 = ORIENTED_EDGE('',*,*,#3656,.F.);
#3656 = EDGE_CURVE('',#2922,#3657,#3659,.T.);
#3657 = VERTEX_POINT('',#3658);
#3658 = CARTESIAN_POINT('',(-2.2,0.78,0.625));
#3659 = LINE('',#3660,#3661);
#3660 = CARTESIAN_POINT('',(-2.2,0.78,0.458946888107));
#3661 = VECTOR('',#3662,1.);
#3662 = DIRECTION('',(0.,0.,1.));
#3663 = ORIENTED_EDGE('',*,*,#2921,.T.);
#3664 = ORIENTED_EDGE('',*,*,#3665,.T.);
#3665 = EDGE_CURVE('',#2914,#3666,#3668,.T.);
#3666 = VERTEX_POINT('',#3667);
#3667 = CARTESIAN_POINT('',(-2.2,1.17,0.625));
#3668 = LINE('',#3669,#3670);
#3669 = CARTESIAN_POINT('',(-2.2,1.17,0.458946888107));
#3670 = VECTOR('',#3671,1.);
#3671 = DIRECTION('',(0.,0.,1.));
#3672 = ORIENTED_EDGE('',*,*,#3673,.F.);
#3673 = EDGE_CURVE('',#3657,#3666,#3674,.T.);
#3674 = LINE('',#3675,#3676);
#3675 = CARTESIAN_POINT('',(-2.2,-2.3,0.625));
#3676 = VECTOR('',#3677,1.);
#3677 = DIRECTION('',(-1.110223024625E-16,1.,0.));
#3678 = PLANE('',#3679);
#3679 = AXIS2_PLACEMENT_3D('',#3680,#3681,#3682);
#3680 = CARTESIAN_POINT('',(-2.2,-2.3,0.625));
#3681 = DIRECTION('',(1.,1.110223024625E-16,0.));
#3682 = DIRECTION('',(-1.110223024625E-16,1.,0.));
#3683 = ADVANCED_FACE('',(#3684),#3709,.F.);
#3684 = FACE_BOUND('',#3685,.F.);
#3685 = EDGE_LOOP('',(#3686,#3694,#3695,#3703));
#3686 = ORIENTED_EDGE('',*,*,#3687,.F.);
#3687 = EDGE_CURVE('',#2914,#3688,#3690,.T.);
#3688 = VERTEX_POINT('',#3689);
#3689 = CARTESIAN_POINT('',(-2.4,1.17,0.475));
#3690 = LINE('',#3691,#3692);
#3691 = CARTESIAN_POINT('',(-2.1,1.17,0.475));
#3692 = VECTOR('',#3693,1.);
#3693 = DIRECTION('',(-1.,1.144237745222E-17,0.));
#3694 = ORIENTED_EDGE('',*,*,#2913,.T.);
#3695 = ORIENTED_EDGE('',*,*,#3696,.T.);
#3696 = EDGE_CURVE('',#2906,#3697,#3699,.T.);
#3697 = VERTEX_POINT('',#3698);
#3698 = CARTESIAN_POINT('',(-2.4,1.43,0.475));
#3699 = LINE('',#3700,#3701);
#3700 = CARTESIAN_POINT('',(-2.1,1.43,0.475));
#3701 = VECTOR('',#3702,1.);
#3702 = DIRECTION('',(-1.,1.144237745222E-17,0.));
#3703 = ORIENTED_EDGE('',*,*,#3704,.F.);
#3704 = EDGE_CURVE('',#3688,#3697,#3705,.T.);
#3705 = LINE('',#3706,#3707);
#3706 = CARTESIAN_POINT('',(-2.4,1.17,0.475));
#3707 = VECTOR('',#3708,1.);
#3708 = DIRECTION('',(1.144237745222E-17,1.,0.));
#3709 = PLANE('',#3710);
#3710 = AXIS2_PLACEMENT_3D('',#3711,#3712,#3713);
#3711 = CARTESIAN_POINT('',(-2.1,1.17,0.475));
#3712 = DIRECTION('',(0.,0.,1.));
#3713 = DIRECTION('',(-1.,1.144237745222E-17,0.));
#3714 = ADVANCED_FACE('',(#3715),#3740,.F.);
#3715 = FACE_BOUND('',#3716,.F.);
#3716 = EDGE_LOOP('',(#3717,#3725,#3726,#3734));
#3717 = ORIENTED_EDGE('',*,*,#3718,.F.);
#3718 = EDGE_CURVE('',#2906,#3719,#3721,.T.);
#3719 = VERTEX_POINT('',#3720);
#3720 = CARTESIAN_POINT('',(-2.2,1.43,0.625));
#3721 = LINE('',#3722,#3723);
#3722 = CARTESIAN_POINT('',(-2.2,1.43,0.458946888107));
#3723 = VECTOR('',#3724,1.);
#3724 = DIRECTION('',(0.,0.,1.));
#3725 = ORIENTED_EDGE('',*,*,#2905,.T.);
#3726 = ORIENTED_EDGE('',*,*,#3727,.T.);
#3727 = EDGE_CURVE('',#2898,#3728,#3730,.T.);
#3728 = VERTEX_POINT('',#3729);
#3729 = CARTESIAN_POINT('',(-2.2,1.82,0.625));
#3730 = LINE('',#3731,#3732);
#3731 = CARTESIAN_POINT('',(-2.2,1.82,0.458946888107));
#3732 = VECTOR('',#3733,1.);
#3733 = DIRECTION('',(0.,0.,1.));
#3734 = ORIENTED_EDGE('',*,*,#3735,.F.);
#3735 = EDGE_CURVE('',#3719,#3728,#3736,.T.);
#3736 = LINE('',#3737,#3738);
#3737 = CARTESIAN_POINT('',(-2.2,-2.3,0.625));
#3738 = VECTOR('',#3739,1.);
#3739 = DIRECTION('',(-1.110223024625E-16,1.,0.));
#3740 = PLANE('',#3741);
#3741 = AXIS2_PLACEMENT_3D('',#3742,#3743,#3744);
#3742 = CARTESIAN_POINT('',(-2.2,-2.3,0.625));
#3743 = DIRECTION('',(1.,1.110223024625E-16,0.));
#3744 = DIRECTION('',(-1.110223024625E-16,1.,0.));
#3745 = ADVANCED_FACE('',(#3746),#3771,.F.);
#3746 = FACE_BOUND('',#3747,.F.);
#3747 = EDGE_LOOP('',(#3748,#3756,#3757,#3765));
#3748 = ORIENTED_EDGE('',*,*,#3749,.F.);
#3749 = EDGE_CURVE('',#2898,#3750,#3752,.T.);
#3750 = VERTEX_POINT('',#3751);
#3751 = CARTESIAN_POINT('',(-2.4,1.82,0.475));
#3752 = LINE('',#3753,#3754);
#3753 = CARTESIAN_POINT('',(-2.1,1.82,0.475));
#3754 = VECTOR('',#3755,1.);
#3755 = DIRECTION('',(-1.,1.144237745222E-17,0.));
#3756 = ORIENTED_EDGE('',*,*,#2897,.T.);
#3757 = ORIENTED_EDGE('',*,*,#3758,.T.);
#3758 = EDGE_CURVE('',#2890,#3759,#3761,.T.);
#3759 = VERTEX_POINT('',#3760);
#3760 = CARTESIAN_POINT('',(-2.4,2.08,0.475));
#3761 = LINE('',#3762,#3763);
#3762 = CARTESIAN_POINT('',(-2.1,2.08,0.475));
#3763 = VECTOR('',#3764,1.);
#3764 = DIRECTION('',(-1.,1.144237745222E-17,0.));
#3765 = ORIENTED_EDGE('',*,*,#3766,.F.);
#3766 = EDGE_CURVE('',#3750,#3759,#3767,.T.);
#3767 = LINE('',#3768,#3769);
#3768 = CARTESIAN_POINT('',(-2.4,1.82,0.475));
#3769 = VECTOR('',#3770,1.);
#3770 = DIRECTION('',(1.144237745222E-17,1.,0.));
#3771 = PLANE('',#3772);
#3772 = AXIS2_PLACEMENT_3D('',#3773,#3774,#3775);
#3773 = CARTESIAN_POINT('',(-2.1,1.82,0.475));
#3774 = DIRECTION('',(0.,0.,1.));
#3775 = DIRECTION('',(-1.,1.144237745222E-17,0.));
#3776 = ADVANCED_FACE('',(#3777),#3788,.F.);
#3777 = FACE_BOUND('',#3778,.F.);
#3778 = EDGE_LOOP('',(#3779,#3785,#3786,#3787));
#3779 = ORIENTED_EDGE('',*,*,#3780,.F.);
#3780 = EDGE_CURVE('',#2890,#3310,#3781,.T.);
#3781 = LINE('',#3782,#3783);
#3782 = CARTESIAN_POINT('',(-2.2,2.08,0.458946888107));
#3783 = VECTOR('',#3784,1.);
#3784 = DIRECTION('',(0.,0.,1.));
#3785 = ORIENTED_EDGE('',*,*,#2889,.T.);
#3786 = ORIENTED_EDGE('',*,*,#3334,.T.);
#3787 = ORIENTED_EDGE('',*,*,#3317,.F.);
#3788 = PLANE('',#3789);
#3789 = AXIS2_PLACEMENT_3D('',#3790,#3791,#3792);
#3790 = CARTESIAN_POINT('',(-2.2,-2.3,0.625));
#3791 = DIRECTION('',(1.,1.110223024625E-16,0.));
#3792 = DIRECTION('',(-1.110223024625E-16,1.,0.));
#3793 = ADVANCED_FACE('',(#3794),#3805,.F.);
#3794 = FACE_BOUND('',#3795,.F.);
#3795 = EDGE_LOOP('',(#3796,#3797,#3798,#3804));
#3796 = ORIENTED_EDGE('',*,*,#3221,.F.);
#3797 = ORIENTED_EDGE('',*,*,#3142,.T.);
#3798 = ORIENTED_EDGE('',*,*,#3799,.T.);
#3799 = EDGE_CURVE('',#3135,#3254,#3800,.T.);
#3800 = LINE('',#3801,#3802);
#3801 = CARTESIAN_POINT('',(2.2,2.08,0.458946888107));
#3802 = VECTOR('',#3803,1.);
#3803 = DIRECTION('',(0.,0.,1.));
#3804 = ORIENTED_EDGE('',*,*,#3253,.F.);
#3805 = PLANE('',#3806);
#3806 = AXIS2_PLACEMENT_3D('',#3807,#3808,#3809);
#3807 = CARTESIAN_POINT('',(2.2,2.3,0.625));
#3808 = DIRECTION('',(-1.,-1.110223024625E-16,0.));
#3809 = DIRECTION('',(1.110223024625E-16,-1.,0.));
#3810 = ADVANCED_FACE('',(#3811),#3836,.F.);
#3811 = FACE_BOUND('',#3812,.F.);
#3812 = EDGE_LOOP('',(#3813,#3821,#3822,#3830));
#3813 = ORIENTED_EDGE('',*,*,#3814,.F.);
#3814 = EDGE_CURVE('',#3135,#3815,#3817,.T.);
#3815 = VERTEX_POINT('',#3816);
#3816 = CARTESIAN_POINT('',(2.4,2.08,0.475));
#3817 = LINE('',#3818,#3819);
#3818 = CARTESIAN_POINT('',(2.1,2.08,0.475));
#3819 = VECTOR('',#3820,1.);
#3820 = DIRECTION('',(1.,1.110223024625E-16,0.));
#3821 = ORIENTED_EDGE('',*,*,#3134,.T.);
#3822 = ORIENTED_EDGE('',*,*,#3823,.T.);
#3823 = EDGE_CURVE('',#3127,#3824,#3826,.T.);
#3824 = VERTEX_POINT('',#3825);
#3825 = CARTESIAN_POINT('',(2.4,1.82,0.475));
#3826 = LINE('',#3827,#3828);
#3827 = CARTESIAN_POINT('',(2.1,1.82,0.475));
#3828 = VECTOR('',#3829,1.);
#3829 = DIRECTION('',(1.,1.110223024625E-16,0.));
#3830 = ORIENTED_EDGE('',*,*,#3831,.F.);
#3831 = EDGE_CURVE('',#3815,#3824,#3832,.T.);
#3832 = LINE('',#3833,#3834);
#3833 = CARTESIAN_POINT('',(2.4,2.08,0.475));
#3834 = VECTOR('',#3835,1.);
#3835 = DIRECTION('',(1.110223024625E-16,-1.,0.));
#3836 = PLANE('',#3837);
#3837 = AXIS2_PLACEMENT_3D('',#3838,#3839,#3840);
#3838 = CARTESIAN_POINT('',(2.1,2.08,0.475));
#3839 = DIRECTION('',(0.,0.,1.));
#3840 = DIRECTION('',(1.,1.110223024625E-16,-0.));
#3841 = ADVANCED_FACE('',(#3842),#3867,.F.);
#3842 = FACE_BOUND('',#3843,.F.);
#3843 = EDGE_LOOP('',(#3844,#3852,#3853,#3861));
#3844 = ORIENTED_EDGE('',*,*,#3845,.F.);
#3845 = EDGE_CURVE('',#3127,#3846,#3848,.T.);
#3846 = VERTEX_POINT('',#3847);
#3847 = CARTESIAN_POINT('',(2.2,1.82,0.625));
#3848 = LINE('',#3849,#3850);
#3849 = CARTESIAN_POINT('',(2.2,1.82,0.458946888107));
#3850 = VECTOR('',#3851,1.);
#3851 = DIRECTION('',(0.,0.,1.));
#3852 = ORIENTED_EDGE('',*,*,#3126,.T.);
#3853 = ORIENTED_EDGE('',*,*,#3854,.T.);
#3854 = EDGE_CURVE('',#3119,#3855,#3857,.T.);
#3855 = VERTEX_POINT('',#3856);
#3856 = CARTESIAN_POINT('',(2.2,1.43,0.625));
#3857 = LINE('',#3858,#3859);
#3858 = CARTESIAN_POINT('',(2.2,1.43,0.458946888107));
#3859 = VECTOR('',#3860,1.);
#3860 = DIRECTION('',(0.,0.,1.));
#3861 = ORIENTED_EDGE('',*,*,#3862,.F.);
#3862 = EDGE_CURVE('',#3846,#3855,#3863,.T.);
#3863 = LINE('',#3864,#3865);
#3864 = CARTESIAN_POINT('',(2.2,2.3,0.625));
#3865 = VECTOR('',#3866,1.);
#3866 = DIRECTION('',(1.110223024625E-16,-1.,0.));
#3867 = PLANE('',#3868);
#3868 = AXIS2_PLACEMENT_3D('',#3869,#3870,#3871);
#3869 = CARTESIAN_POINT('',(2.2,2.3,0.625));
#3870 = DIRECTION('',(-1.,-1.110223024625E-16,0.));
#3871 = DIRECTION('',(1.110223024625E-16,-1.,0.));
#3872 = ADVANCED_FACE('',(#3873),#3898,.F.);
#3873 = FACE_BOUND('',#3874,.F.);
#3874 = EDGE_LOOP('',(#3875,#3883,#3884,#3892));
#3875 = ORIENTED_EDGE('',*,*,#3876,.F.);
#3876 = EDGE_CURVE('',#3119,#3877,#3879,.T.);
#3877 = VERTEX_POINT('',#3878);
#3878 = CARTESIAN_POINT('',(2.4,1.43,0.475));
#3879 = LINE('',#3880,#3881);
#3880 = CARTESIAN_POINT('',(2.1,1.43,0.475));
#3881 = VECTOR('',#3882,1.);
#3882 = DIRECTION('',(1.,1.110223024625E-16,0.));
#3883 = ORIENTED_EDGE('',*,*,#3118,.T.);
#3884 = ORIENTED_EDGE('',*,*,#3885,.T.);
#3885 = EDGE_CURVE('',#3111,#3886,#3888,.T.);
#3886 = VERTEX_POINT('',#3887);
#3887 = CARTESIAN_POINT('',(2.4,1.17,0.475));
#3888 = LINE('',#3889,#3890);
#3889 = CARTESIAN_POINT('',(2.1,1.17,0.475));
#3890 = VECTOR('',#3891,1.);
#3891 = DIRECTION('',(1.,1.110223024625E-16,0.));
#3892 = ORIENTED_EDGE('',*,*,#3893,.F.);
#3893 = EDGE_CURVE('',#3877,#3886,#3894,.T.);
#3894 = LINE('',#3895,#3896);
#3895 = CARTESIAN_POINT('',(2.4,1.43,0.475));
#3896 = VECTOR('',#3897,1.);
#3897 = DIRECTION('',(1.110223024625E-16,-1.,0.));
#3898 = PLANE('',#3899);
#3899 = AXIS2_PLACEMENT_3D('',#3900,#3901,#3902);
#3900 = CARTESIAN_POINT('',(2.1,1.43,0.475));
#3901 = DIRECTION('',(0.,0.,1.));
#3902 = DIRECTION('',(1.,1.110223024625E-16,-0.));
#3903 = ADVANCED_FACE('',(#3904),#3929,.F.);
#3904 = FACE_BOUND('',#3905,.F.);
#3905 = EDGE_LOOP('',(#3906,#3914,#3915,#3923));
#3906 = ORIENTED_EDGE('',*,*,#3907,.F.);
#3907 = EDGE_CURVE('',#3111,#3908,#3910,.T.);
#3908 = VERTEX_POINT('',#3909);
#3909 = CARTESIAN_POINT('',(2.2,1.17,0.625));
#3910 = LINE('',#3911,#3912);
#3911 = CARTESIAN_POINT('',(2.2,1.17,0.458946888107));
#3912 = VECTOR('',#3913,1.);
#3913 = DIRECTION('',(0.,0.,1.));
#3914 = ORIENTED_EDGE('',*,*,#3110,.T.);
#3915 = ORIENTED_EDGE('',*,*,#3916,.T.);
#3916 = EDGE_CURVE('',#3103,#3917,#3919,.T.);
#3917 = VERTEX_POINT('',#3918);
#3918 = CARTESIAN_POINT('',(2.2,0.78,0.625));
#3919 = LINE('',#3920,#3921);
#3920 = CARTESIAN_POINT('',(2.2,0.78,0.458946888107));
#3921 = VECTOR('',#3922,1.);
#3922 = DIRECTION('',(0.,0.,1.));
#3923 = ORIENTED_EDGE('',*,*,#3924,.F.);
#3924 = EDGE_CURVE('',#3908,#3917,#3925,.T.);
#3925 = LINE('',#3926,#3927);
#3926 = CARTESIAN_POINT('',(2.2,2.3,0.625));
#3927 = VECTOR('',#3928,1.);
#3928 = DIRECTION('',(1.110223024625E-16,-1.,0.));
#3929 = PLANE('',#3930);
#3930 = AXIS2_PLACEMENT_3D('',#3931,#3932,#3933);
#3931 = CARTESIAN_POINT('',(2.2,2.3,0.625));
#3932 = DIRECTION('',(-1.,-1.110223024625E-16,0.));
#3933 = DIRECTION('',(1.110223024625E-16,-1.,0.));
#3934 = ADVANCED_FACE('',(#3935),#3960,.F.);
#3935 = FACE_BOUND('',#3936,.F.);
#3936 = EDGE_LOOP('',(#3937,#3945,#3946,#3954));
#3937 = ORIENTED_EDGE('',*,*,#3938,.F.);
#3938 = EDGE_CURVE('',#3103,#3939,#3941,.T.);
#3939 = VERTEX_POINT('',#3940);
#3940 = CARTESIAN_POINT('',(2.4,0.78,0.475));
#3941 = LINE('',#3942,#3943);
#3942 = CARTESIAN_POINT('',(2.1,0.78,0.475));
#3943 = VECTOR('',#3944,1.);
#3944 = DIRECTION('',(1.,1.110223024625E-16,0.));
#3945 = ORIENTED_EDGE('',*,*,#3102,.T.);
#3946 = ORIENTED_EDGE('',*,*,#3947,.T.);
#3947 = EDGE_CURVE('',#3095,#3948,#3950,.T.);
#3948 = VERTEX_POINT('',#3949);
#3949 = CARTESIAN_POINT('',(2.4,0.52,0.475));
#3950 = LINE('',#3951,#3952);
#3951 = CARTESIAN_POINT('',(2.1,0.52,0.475));
#3952 = VECTOR('',#3953,1.);
#3953 = DIRECTION('',(1.,1.110223024625E-16,0.));
#3954 = ORIENTED_EDGE('',*,*,#3955,.F.);
#3955 = EDGE_CURVE('',#3939,#3948,#3956,.T.);
#3956 = LINE('',#3957,#3958);
#3957 = CARTESIAN_POINT('',(2.4,0.78,0.475));
#3958 = VECTOR('',#3959,1.);
#3959 = DIRECTION('',(1.110223024625E-16,-1.,0.));
#3960 = PLANE('',#3961);
#3961 = AXIS2_PLACEMENT_3D('',#3962,#3963,#3964);
#3962 = CARTESIAN_POINT('',(2.1,0.78,0.475));
#3963 = DIRECTION('',(0.,0.,1.));
#3964 = DIRECTION('',(1.,1.110223024625E-16,-0.));
#3965 = ADVANCED_FACE('',(#3966),#3991,.F.);
#3966 = FACE_BOUND('',#3967,.F.);
#3967 = EDGE_LOOP('',(#3968,#3976,#3977,#3985));
#3968 = ORIENTED_EDGE('',*,*,#3969,.F.);
#3969 = EDGE_CURVE('',#3095,#3970,#3972,.T.);
#3970 = VERTEX_POINT('',#3971);
#3971 = CARTESIAN_POINT('',(2.2,0.52,0.625));
#3972 = LINE('',#3973,#3974);
#3973 = CARTESIAN_POINT('',(2.2,0.52,0.458946888107));
#3974 = VECTOR('',#3975,1.);
#3975 = DIRECTION('',(0.,0.,1.));
#3976 = ORIENTED_EDGE('',*,*,#3094,.T.);
#3977 = ORIENTED_EDGE('',*,*,#3978,.T.);
#3978 = EDGE_CURVE('',#3087,#3979,#3981,.T.);
#3979 = VERTEX_POINT('',#3980);
#3980 = CARTESIAN_POINT('',(2.2,0.13,0.625));
#3981 = LINE('',#3982,#3983);
#3982 = CARTESIAN_POINT('',(2.2,0.13,0.458946888107));
#3983 = VECTOR('',#3984,1.);
#3984 = DIRECTION('',(0.,0.,1.));
#3985 = ORIENTED_EDGE('',*,*,#3986,.F.);
#3986 = EDGE_CURVE('',#3970,#3979,#3987,.T.);
#3987 = LINE('',#3988,#3989);
#3988 = CARTESIAN_POINT('',(2.2,2.3,0.625));
#3989 = VECTOR('',#3990,1.);
#3990 = DIRECTION('',(1.110223024625E-16,-1.,0.));
#3991 = PLANE('',#3992);
#3992 = AXIS2_PLACEMENT_3D('',#3993,#3994,#3995);
#3993 = CARTESIAN_POINT('',(2.2,2.3,0.625));
#3994 = DIRECTION('',(-1.,-1.110223024625E-16,0.));
#3995 = DIRECTION('',(1.110223024625E-16,-1.,0.));
#3996 = ADVANCED_FACE('',(#3997),#4022,.F.);
#3997 = FACE_BOUND('',#3998,.F.);
#3998 = EDGE_LOOP('',(#3999,#4007,#4008,#4016));
#3999 = ORIENTED_EDGE('',*,*,#4000,.F.);
#4000 = EDGE_CURVE('',#3087,#4001,#4003,.T.);
#4001 = VERTEX_POINT('',#4002);
#4002 = CARTESIAN_POINT('',(2.4,0.13,0.475));
#4003 = LINE('',#4004,#4005);
#4004 = CARTESIAN_POINT('',(2.1,0.13,0.475));
#4005 = VECTOR('',#4006,1.);
#4006 = DIRECTION('',(1.,1.110223024625E-16,0.));
#4007 = ORIENTED_EDGE('',*,*,#3086,.T.);
#4008 = ORIENTED_EDGE('',*,*,#4009,.T.);
#4009 = EDGE_CURVE('',#3079,#4010,#4012,.T.);
#4010 = VERTEX_POINT('',#4011);
#4011 = CARTESIAN_POINT('',(2.4,-0.13,0.475));
#4012 = LINE('',#4013,#4014);
#4013 = CARTESIAN_POINT('',(2.1,-0.13,0.475));
#4014 = VECTOR('',#4015,1.);
#4015 = DIRECTION('',(1.,1.110223024625E-16,0.));
#4016 = ORIENTED_EDGE('',*,*,#4017,.F.);
#4017 = EDGE_CURVE('',#4001,#4010,#4018,.T.);
#4018 = LINE('',#4019,#4020);
#4019 = CARTESIAN_POINT('',(2.4,0.13,0.475));
#4020 = VECTOR('',#4021,1.);
#4021 = DIRECTION('',(1.110223024625E-16,-1.,0.));
#4022 = PLANE('',#4023);
#4023 = AXIS2_PLACEMENT_3D('',#4024,#4025,#4026);
#4024 = CARTESIAN_POINT('',(2.1,0.13,0.475));
#4025 = DIRECTION('',(0.,0.,1.));
#4026 = DIRECTION('',(1.,1.110223024625E-16,-0.));
#4027 = ADVANCED_FACE('',(#4028),#4053,.F.);
#4028 = FACE_BOUND('',#4029,.F.);
#4029 = EDGE_LOOP('',(#4030,#4038,#4039,#4047));
#4030 = ORIENTED_EDGE('',*,*,#4031,.F.);
#4031 = EDGE_CURVE('',#3079,#4032,#4034,.T.);
#4032 = VERTEX_POINT('',#4033);
#4033 = CARTESIAN_POINT('',(2.2,-0.13,0.625));
#4034 = LINE('',#4035,#4036);
#4035 = CARTESIAN_POINT('',(2.2,-0.13,0.458946888107));
#4036 = VECTOR('',#4037,1.);
#4037 = DIRECTION('',(0.,0.,1.));
#4038 = ORIENTED_EDGE('',*,*,#3078,.T.);
#4039 = ORIENTED_EDGE('',*,*,#4040,.T.);
#4040 = EDGE_CURVE('',#3071,#4041,#4043,.T.);
#4041 = VERTEX_POINT('',#4042);
#4042 = CARTESIAN_POINT('',(2.2,-0.52,0.625));
#4043 = LINE('',#4044,#4045);
#4044 = CARTESIAN_POINT('',(2.2,-0.52,0.458946888107));
#4045 = VECTOR('',#4046,1.);
#4046 = DIRECTION('',(0.,0.,1.));
#4047 = ORIENTED_EDGE('',*,*,#4048,.F.);
#4048 = EDGE_CURVE('',#4032,#4041,#4049,.T.);
#4049 = LINE('',#4050,#4051);
#4050 = CARTESIAN_POINT('',(2.2,2.3,0.625));
#4051 = VECTOR('',#4052,1.);
#4052 = DIRECTION('',(1.110223024625E-16,-1.,0.));
#4053 = PLANE('',#4054);
#4054 = AXIS2_PLACEMENT_3D('',#4055,#4056,#4057);
#4055 = CARTESIAN_POINT('',(2.2,2.3,0.625));
#4056 = DIRECTION('',(-1.,-1.110223024625E-16,0.));
#4057 = DIRECTION('',(1.110223024625E-16,-1.,0.));
#4058 = ADVANCED_FACE('',(#4059),#4084,.F.);
#4059 = FACE_BOUND('',#4060,.F.);
#4060 = EDGE_LOOP('',(#4061,#4069,#4070,#4078));
#4061 = ORIENTED_EDGE('',*,*,#4062,.F.);
#4062 = EDGE_CURVE('',#3071,#4063,#4065,.T.);
#4063 = VERTEX_POINT('',#4064);
#4064 = CARTESIAN_POINT('',(2.4,-0.52,0.475));
#4065 = LINE('',#4066,#4067);
#4066 = CARTESIAN_POINT('',(2.1,-0.52,0.475));
#4067 = VECTOR('',#4068,1.);
#4068 = DIRECTION('',(1.,1.110223024625E-16,0.));
#4069 = ORIENTED_EDGE('',*,*,#3070,.T.);
#4070 = ORIENTED_EDGE('',*,*,#4071,.T.);
#4071 = EDGE_CURVE('',#3063,#4072,#4074,.T.);
#4072 = VERTEX_POINT('',#4073);
#4073 = CARTESIAN_POINT('',(2.4,-0.78,0.475));
#4074 = LINE('',#4075,#4076);
#4075 = CARTESIAN_POINT('',(2.1,-0.78,0.475));
#4076 = VECTOR('',#4077,1.);
#4077 = DIRECTION('',(1.,1.110223024625E-16,0.));
#4078 = ORIENTED_EDGE('',*,*,#4079,.F.);
#4079 = EDGE_CURVE('',#4063,#4072,#4080,.T.);
#4080 = LINE('',#4081,#4082);
#4081 = CARTESIAN_POINT('',(2.4,-0.52,0.475));
#4082 = VECTOR('',#4083,1.);
#4083 = DIRECTION('',(1.110223024625E-16,-1.,0.));
#4084 = PLANE('',#4085);
#4085 = AXIS2_PLACEMENT_3D('',#4086,#4087,#4088);
#4086 = CARTESIAN_POINT('',(2.1,-0.52,0.475));
#4087 = DIRECTION('',(0.,0.,1.));
#4088 = DIRECTION('',(1.,1.110223024625E-16,-0.));
#4089 = ADVANCED_FACE('',(#4090),#4115,.F.);
#4090 = FACE_BOUND('',#4091,.F.);
#4091 = EDGE_LOOP('',(#4092,#4100,#4101,#4109));
#4092 = ORIENTED_EDGE('',*,*,#4093,.F.);
#4093 = EDGE_CURVE('',#3063,#4094,#4096,.T.);
#4094 = VERTEX_POINT('',#4095);
#4095 = CARTESIAN_POINT('',(2.2,-0.78,0.625));
#4096 = LINE('',#4097,#4098);
#4097 = CARTESIAN_POINT('',(2.2,-0.78,0.458946888107));
#4098 = VECTOR('',#4099,1.);
#4099 = DIRECTION('',(0.,0.,1.));
#4100 = ORIENTED_EDGE('',*,*,#3062,.T.);
#4101 = ORIENTED_EDGE('',*,*,#4102,.T.);
#4102 = EDGE_CURVE('',#3055,#4103,#4105,.T.);
#4103 = VERTEX_POINT('',#4104);
#4104 = CARTESIAN_POINT('',(2.2,-1.17,0.625));
#4105 = LINE('',#4106,#4107);
#4106 = CARTESIAN_POINT('',(2.2,-1.17,0.458946888107));
#4107 = VECTOR('',#4108,1.);
#4108 = DIRECTION('',(0.,0.,1.));
#4109 = ORIENTED_EDGE('',*,*,#4110,.F.);
#4110 = EDGE_CURVE('',#4094,#4103,#4111,.T.);
#4111 = LINE('',#4112,#4113);
#4112 = CARTESIAN_POINT('',(2.2,2.3,0.625));
#4113 = VECTOR('',#4114,1.);
#4114 = DIRECTION('',(1.110223024625E-16,-1.,0.));
#4115 = PLANE('',#4116);
#4116 = AXIS2_PLACEMENT_3D('',#4117,#4118,#4119);
#4117 = CARTESIAN_POINT('',(2.2,2.3,0.625));
#4118 = DIRECTION('',(-1.,-1.110223024625E-16,0.));
#4119 = DIRECTION('',(1.110223024625E-16,-1.,0.));
#4120 = ADVANCED_FACE('',(#4121),#4146,.F.);
#4121 = FACE_BOUND('',#4122,.F.);
#4122 = EDGE_LOOP('',(#4123,#4131,#4132,#4140));
#4123 = ORIENTED_EDGE('',*,*,#4124,.F.);
#4124 = EDGE_CURVE('',#3055,#4125,#4127,.T.);
#4125 = VERTEX_POINT('',#4126);
#4126 = CARTESIAN_POINT('',(2.4,-1.17,0.475));
#4127 = LINE('',#4128,#4129);
#4128 = CARTESIAN_POINT('',(2.1,-1.17,0.475));
#4129 = VECTOR('',#4130,1.);
#4130 = DIRECTION('',(1.,1.110223024625E-16,0.));
#4131 = ORIENTED_EDGE('',*,*,#3054,.T.);
#4132 = ORIENTED_EDGE('',*,*,#4133,.T.);
#4133 = EDGE_CURVE('',#3047,#4134,#4136,.T.);
#4134 = VERTEX_POINT('',#4135);
#4135 = CARTESIAN_POINT('',(2.4,-1.43,0.475));
#4136 = LINE('',#4137,#4138);
#4137 = CARTESIAN_POINT('',(2.1,-1.43,0.475));
#4138 = VECTOR('',#4139,1.);
#4139 = DIRECTION('',(1.,1.110223024625E-16,0.));
#4140 = ORIENTED_EDGE('',*,*,#4141,.F.);
#4141 = EDGE_CURVE('',#4125,#4134,#4142,.T.);
#4142 = LINE('',#4143,#4144);
#4143 = CARTESIAN_POINT('',(2.4,-1.17,0.475));
#4144 = VECTOR('',#4145,1.);
#4145 = DIRECTION('',(1.110223024625E-16,-1.,0.));
#4146 = PLANE('',#4147);
#4147 = AXIS2_PLACEMENT_3D('',#4148,#4149,#4150);
#4148 = CARTESIAN_POINT('',(2.1,-1.17,0.475));
#4149 = DIRECTION('',(0.,0.,1.));
#4150 = DIRECTION('',(1.,1.110223024625E-16,-0.));
#4151 = ADVANCED_FACE('',(#4152),#4177,.F.);
#4152 = FACE_BOUND('',#4153,.F.);
#4153 = EDGE_LOOP('',(#4154,#4162,#4163,#4171));
#4154 = ORIENTED_EDGE('',*,*,#4155,.F.);
#4155 = EDGE_CURVE('',#3047,#4156,#4158,.T.);
#4156 = VERTEX_POINT('',#4157);
#4157 = CARTESIAN_POINT('',(2.2,-1.43,0.625));
#4158 = LINE('',#4159,#4160);
#4159 = CARTESIAN_POINT('',(2.2,-1.43,0.458946888107));
#4160 = VECTOR('',#4161,1.);
#4161 = DIRECTION('',(0.,0.,1.));
#4162 = ORIENTED_EDGE('',*,*,#3046,.T.);
#4163 = ORIENTED_EDGE('',*,*,#4164,.T.);
#4164 = EDGE_CURVE('',#3039,#4165,#4167,.T.);
#4165 = VERTEX_POINT('',#4166);
#4166 = CARTESIAN_POINT('',(2.2,-1.82,0.625));
#4167 = LINE('',#4168,#4169);
#4168 = CARTESIAN_POINT('',(2.2,-1.82,0.458946888107));
#4169 = VECTOR('',#4170,1.);
#4170 = DIRECTION('',(0.,0.,1.));
#4171 = ORIENTED_EDGE('',*,*,#4172,.F.);
#4172 = EDGE_CURVE('',#4156,#4165,#4173,.T.);
#4173 = LINE('',#4174,#4175);
#4174 = CARTESIAN_POINT('',(2.2,2.3,0.625));
#4175 = VECTOR('',#4176,1.);
#4176 = DIRECTION('',(1.110223024625E-16,-1.,0.));
#4177 = PLANE('',#4178);
#4178 = AXIS2_PLACEMENT_3D('',#4179,#4180,#4181);
#4179 = CARTESIAN_POINT('',(2.2,2.3,0.625));
#4180 = DIRECTION('',(-1.,-1.110223024625E-16,0.));
#4181 = DIRECTION('',(1.110223024625E-16,-1.,0.));
#4182 = ADVANCED_FACE('',(#4183),#4208,.F.);
#4183 = FACE_BOUND('',#4184,.F.);
#4184 = EDGE_LOOP('',(#4185,#4193,#4194,#4202));
#4185 = ORIENTED_EDGE('',*,*,#4186,.F.);
#4186 = EDGE_CURVE('',#3039,#4187,#4189,.T.);
#4187 = VERTEX_POINT('',#4188);
#4188 = CARTESIAN_POINT('',(2.4,-1.82,0.475));
#4189 = LINE('',#4190,#4191);
#4190 = CARTESIAN_POINT('',(2.1,-1.82,0.475));
#4191 = VECTOR('',#4192,1.);
#4192 = DIRECTION('',(1.,1.110223024625E-16,0.));
#4193 = ORIENTED_EDGE('',*,*,#3038,.T.);
#4194 = ORIENTED_EDGE('',*,*,#4195,.T.);
#4195 = EDGE_CURVE('',#3031,#4196,#4198,.T.);
#4196 = VERTEX_POINT('',#4197);
#4197 = CARTESIAN_POINT('',(2.4,-2.08,0.475));
#4198 = LINE('',#4199,#4200);
#4199 = CARTESIAN_POINT('',(2.1,-2.08,0.475));
#4200 = VECTOR('',#4201,1.);
#4201 = DIRECTION('',(1.,1.110223024625E-16,0.));
#4202 = ORIENTED_EDGE('',*,*,#4203,.F.);
#4203 = EDGE_CURVE('',#4187,#4196,#4204,.T.);
#4204 = LINE('',#4205,#4206);
#4205 = CARTESIAN_POINT('',(2.4,-1.82,0.475));
#4206 = VECTOR('',#4207,1.);
#4207 = DIRECTION('',(1.110223024625E-16,-1.,0.));
#4208 = PLANE('',#4209);
#4209 = AXIS2_PLACEMENT_3D('',#4210,#4211,#4212);
#4210 = CARTESIAN_POINT('',(2.1,-1.82,0.475));
#4211 = DIRECTION('',(0.,0.,1.));
#4212 = DIRECTION('',(1.,1.110223024625E-16,-0.));
#4213 = ADVANCED_FACE('',(#4214),#4238,.F.);
#4214 = FACE_BOUND('',#4215,.F.);
#4215 = EDGE_LOOP('',(#4216,#4224,#4225,#4232));
#4216 = ORIENTED_EDGE('',*,*,#4217,.F.);
#4217 = EDGE_CURVE('',#3031,#4218,#4220,.T.);
#4218 = VERTEX_POINT('',#4219);
#4219 = CARTESIAN_POINT('',(2.2,-2.08,0.625));
#4220 = LINE('',#4221,#4222);
#4221 = CARTESIAN_POINT('',(2.2,-2.08,0.458946888107));
#4222 = VECTOR('',#4223,1.);
#4223 = DIRECTION('',(0.,0.,1.));
#4224 = ORIENTED_EDGE('',*,*,#3030,.T.);
#4225 = ORIENTED_EDGE('',*,*,#4226,.T.);
#4226 = EDGE_CURVE('',#3024,#4227,#4229,.T.);
#4227 = VERTEX_POINT('',#4228);
#4228 = CARTESIAN_POINT('',(2.2,-2.3,0.625));
#4229 = B_SPLINE_CURVE_WITH_KNOTS('',1,(#4230,#4231),.UNSPECIFIED.,.F.,
  .F.,(2,2),(0.,1.),.PIECEWISE_BEZIER_KNOTS.);
#4230 = CARTESIAN_POINT('',(2.2,-2.3,0.475));
#4231 = CARTESIAN_POINT('',(2.2,-2.3,0.625));
#4232 = ORIENTED_EDGE('',*,*,#4233,.F.);
#4233 = EDGE_CURVE('',#4218,#4227,#4234,.T.);
#4234 = LINE('',#4235,#4236);
#4235 = CARTESIAN_POINT('',(2.2,2.3,0.625));
#4236 = VECTOR('',#4237,1.);
#4237 = DIRECTION('',(1.110223024625E-16,-1.,0.));
#4238 = PLANE('',#4239);
#4239 = AXIS2_PLACEMENT_3D('',#4240,#4241,#4242);
#4240 = CARTESIAN_POINT('',(2.2,2.3,0.625));
#4241 = DIRECTION('',(-1.,-1.110223024625E-16,0.));
#4242 = DIRECTION('',(1.110223024625E-16,-1.,0.));
#4243 = ADVANCED_FACE('',(#4244),#4261,.F.);
#4244 = FACE_BOUND('',#4245,.F.);
#4245 = EDGE_LOOP('',(#4246,#4247,#4248,#4256));
#4246 = ORIENTED_EDGE('',*,*,#3159,.T.);
#4247 = ORIENTED_EDGE('',*,*,#3347,.T.);
#4248 = ORIENTED_EDGE('',*,*,#4249,.F.);
#4249 = EDGE_CURVE('',#4250,#3348,#4252,.T.);
#4250 = VERTEX_POINT('',#4251);
#4251 = CARTESIAN_POINT('',(-2.,-2.5,0.625));
#4252 = LINE('',#4253,#4254);
#4253 = CARTESIAN_POINT('',(-2.,-2.5,0.625));
#4254 = VECTOR('',#4255,1.);
#4255 = DIRECTION('',(-0.707106781187,0.707106781187,0.));
#4256 = ORIENTED_EDGE('',*,*,#4257,.F.);
#4257 = EDGE_CURVE('',#3160,#4250,#4258,.T.);
#4258 = B_SPLINE_CURVE_WITH_KNOTS('',1,(#4259,#4260),.UNSPECIFIED.,.F.,
  .F.,(2,2),(0.,1.),.PIECEWISE_BEZIER_KNOTS.);
#4259 = CARTESIAN_POINT('',(-2.,-2.5,0.475));
#4260 = CARTESIAN_POINT('',(-2.,-2.5,0.625));
#4261 = PLANE('',#4262);
#4262 = AXIS2_PLACEMENT_3D('',#4263,#4264,#4265);
#4263 = CARTESIAN_POINT('',(-2.,-2.5,0.625));
#4264 = DIRECTION('',(0.707106781187,0.707106781187,0.));
#4265 = DIRECTION('',(-0.707106781187,0.707106781187,0.));
#4266 = ADVANCED_FACE('',(#4267),#4284,.F.);
#4267 = FACE_BOUND('',#4268,.F.);
#4268 = EDGE_LOOP('',(#4269,#4270,#4277,#4283));
#4269 = ORIENTED_EDGE('',*,*,#3188,.T.);
#4270 = ORIENTED_EDGE('',*,*,#4271,.T.);
#4271 = EDGE_CURVE('',#3182,#4272,#4274,.T.);
#4272 = VERTEX_POINT('',#4273);
#4273 = CARTESIAN_POINT('',(2.,-2.5,0.625));
#4274 = B_SPLINE_CURVE_WITH_KNOTS('',1,(#4275,#4276),.UNSPECIFIED.,.F.,
  .F.,(2,2),(0.,1.),.PIECEWISE_BEZIER_KNOTS.);
#4275 = CARTESIAN_POINT('',(2.,-2.5,0.475));
#4276 = CARTESIAN_POINT('',(2.,-2.5,0.625));
#4277 = ORIENTED_EDGE('',*,*,#4278,.F.);
#4278 = EDGE_CURVE('',#4227,#4272,#4279,.T.);
#4279 = LINE('',#4280,#4281);
#4280 = CARTESIAN_POINT('',(2.2,-2.3,0.625));
#4281 = VECTOR('',#4282,1.);
#4282 = DIRECTION('',(-0.707106781187,-0.707106781187,0.));
#4283 = ORIENTED_EDGE('',*,*,#4226,.F.);
#4284 = PLANE('',#4285);
#4285 = AXIS2_PLACEMENT_3D('',#4286,#4287,#4288);
#4286 = CARTESIAN_POINT('',(2.2,-2.3,0.625));
#4287 = DIRECTION('',(-0.707106781187,0.707106781187,0.));
#4288 = DIRECTION('',(-0.707106781187,-0.707106781187,0.));
#4289 = ADVANCED_FACE('',(#4290),#4301,.F.);
#4290 = FACE_BOUND('',#4291,.F.);
#4291 = EDGE_LOOP('',(#4292,#4293,#4294,#4300));
#4292 = ORIENTED_EDGE('',*,*,#3205,.T.);
#4293 = ORIENTED_EDGE('',*,*,#4257,.T.);
#4294 = ORIENTED_EDGE('',*,*,#4295,.F.);
#4295 = EDGE_CURVE('',#4272,#4250,#4296,.T.);
#4296 = LINE('',#4297,#4298);
#4297 = CARTESIAN_POINT('',(2.,-2.5,0.625));
#4298 = VECTOR('',#4299,1.);
#4299 = DIRECTION('',(-1.,-1.110223024625E-16,0.));
#4300 = ORIENTED_EDGE('',*,*,#4271,.F.);
#4301 = PLANE('',#4302);
#4302 = AXIS2_PLACEMENT_3D('',#4303,#4304,#4305);
#4303 = CARTESIAN_POINT('',(2.,-2.5,0.625));
#4304 = DIRECTION('',(-1.110223024625E-16,1.,0.));
#4305 = DIRECTION('',(-1.,-1.110223024625E-16,0.));
#4306 = ADVANCED_FACE('',(#4307),#4346,.F.);
#4307 = FACE_BOUND('',#4308,.F.);
#4308 = EDGE_LOOP('',(#4309,#4317,#4325,#4331,#4332,#4340));
#4309 = ORIENTED_EDGE('',*,*,#4310,.F.);
#4310 = EDGE_CURVE('',#4311,#3728,#4313,.T.);
#4311 = VERTEX_POINT('',#4312);
#4312 = CARTESIAN_POINT('',(-2.4,1.82,0.625));
#4313 = LINE('',#4314,#4315);
#4314 = CARTESIAN_POINT('',(-2.4,1.82,0.625));
#4315 = VECTOR('',#4316,1.);
#4316 = DIRECTION('',(1.,-1.144237745222E-17,0.));
#4317 = ORIENTED_EDGE('',*,*,#4318,.T.);
#4318 = EDGE_CURVE('',#4311,#4319,#4321,.T.);
#4319 = VERTEX_POINT('',#4320);
#4320 = CARTESIAN_POINT('',(-2.4,2.08,0.625));
#4321 = LINE('',#4322,#4323);
#4322 = CARTESIAN_POINT('',(-2.4,1.82,0.625));
#4323 = VECTOR('',#4324,1.);
#4324 = DIRECTION('',(1.144237745222E-17,1.,0.));
#4325 = ORIENTED_EDGE('',*,*,#4326,.T.);
#4326 = EDGE_CURVE('',#4319,#3310,#4327,.T.);
#4327 = LINE('',#4328,#4329);
#4328 = CARTESIAN_POINT('',(-2.4,2.08,0.625));
#4329 = VECTOR('',#4330,1.);
#4330 = DIRECTION('',(1.,-1.144237745222E-17,0.));
#4331 = ORIENTED_EDGE('',*,*,#3309,.T.);
#4332 = ORIENTED_EDGE('',*,*,#4333,.F.);
#4333 = EDGE_CURVE('',#4334,#3302,#4336,.T.);
#4334 = VERTEX_POINT('',#4335);
#4335 = CARTESIAN_POINT('',(-2.15,1.82,0.625));
#4336 = LINE('',#4337,#4338);
#4337 = CARTESIAN_POINT('',(-2.15,-2.275,0.625));
#4338 = VECTOR('',#4339,1.);
#4339 = DIRECTION('',(-1.110223024625E-16,1.,0.));
#4340 = ORIENTED_EDGE('',*,*,#4341,.F.);
#4341 = EDGE_CURVE('',#3728,#4334,#4342,.T.);
#4342 = LINE('',#4343,#4344);
#4343 = CARTESIAN_POINT('',(-2.4,1.82,0.625));
#4344 = VECTOR('',#4345,1.);
#4345 = DIRECTION('',(1.,-1.144237745222E-17,0.));
#4346 = PLANE('',#4347);
#4347 = AXIS2_PLACEMENT_3D('',#4348,#4349,#4350);
#4348 = CARTESIAN_POINT('',(-2.4,1.82,0.625));
#4349 = DIRECTION('',(0.,0.,-1.));
#4350 = DIRECTION('',(1.,-1.144237745222E-17,0.));
#4351 = ADVANCED_FACE('',(#4352),#4480,.F.);
#4352 = FACE_BOUND('',#4353,.F.);
#4353 = EDGE_LOOP('',(#4354,#4364,#4372,#4380,#4388,#4396,#4404,#4412,
    #4420,#4428,#4436,#4444,#4452,#4458,#4459,#4460,#4467,#4475));
#4354 = ORIENTED_EDGE('',*,*,#4355,.T.);
#4355 = EDGE_CURVE('',#4356,#4358,#4360,.T.);
#4356 = VERTEX_POINT('',#4357);
#4357 = CARTESIAN_POINT('',(-2.15,-2.275,0.625));
#4358 = VERTEX_POINT('',#4359);
#4359 = CARTESIAN_POINT('',(-2.15,-2.08,0.625));
#4360 = LINE('',#4361,#4362);
#4361 = CARTESIAN_POINT('',(-2.15,-2.275,0.625));
#4362 = VECTOR('',#4363,1.);
#4363 = DIRECTION('',(-1.110223024625E-16,1.,0.));
#4364 = ORIENTED_EDGE('',*,*,#4365,.T.);
#4365 = EDGE_CURVE('',#4358,#4366,#4368,.T.);
#4366 = VERTEX_POINT('',#4367);
#4367 = CARTESIAN_POINT('',(-2.15,-1.82,0.625));
#4368 = LINE('',#4369,#4370);
#4369 = CARTESIAN_POINT('',(-2.15,-2.275,0.625));
#4370 = VECTOR('',#4371,1.);
#4371 = DIRECTION('',(-1.110223024625E-16,1.,0.));
#4372 = ORIENTED_EDGE('',*,*,#4373,.T.);
#4373 = EDGE_CURVE('',#4366,#4374,#4376,.T.);
#4374 = VERTEX_POINT('',#4375);
#4375 = CARTESIAN_POINT('',(-2.15,-1.43,0.625));
#4376 = LINE('',#4377,#4378);
#4377 = CARTESIAN_POINT('',(-2.15,-2.275,0.625));
#4378 = VECTOR('',#4379,1.);
#4379 = DIRECTION('',(-1.110223024625E-16,1.,0.));
#4380 = ORIENTED_EDGE('',*,*,#4381,.T.);
#4381 = EDGE_CURVE('',#4374,#4382,#4384,.T.);
#4382 = VERTEX_POINT('',#4383);
#4383 = CARTESIAN_POINT('',(-2.15,-1.17,0.625));
#4384 = LINE('',#4385,#4386);
#4385 = CARTESIAN_POINT('',(-2.15,-2.275,0.625));
#4386 = VECTOR('',#4387,1.);
#4387 = DIRECTION('',(-1.110223024625E-16,1.,0.));
#4388 = ORIENTED_EDGE('',*,*,#4389,.T.);
#4389 = EDGE_CURVE('',#4382,#4390,#4392,.T.);
#4390 = VERTEX_POINT('',#4391);
#4391 = CARTESIAN_POINT('',(-2.15,-0.78,0.625));
#4392 = LINE('',#4393,#4394);
#4393 = CARTESIAN_POINT('',(-2.15,-2.275,0.625));
#4394 = VECTOR('',#4395,1.);
#4395 = DIRECTION('',(-1.110223024625E-16,1.,0.));
#4396 = ORIENTED_EDGE('',*,*,#4397,.T.);
#4397 = EDGE_CURVE('',#4390,#4398,#4400,.T.);
#4398 = VERTEX_POINT('',#4399);
#4399 = CARTESIAN_POINT('',(-2.15,-0.52,0.625));
#4400 = LINE('',#4401,#4402);
#4401 = CARTESIAN_POINT('',(-2.15,-2.275,0.625));
#4402 = VECTOR('',#4403,1.);
#4403 = DIRECTION('',(-1.110223024625E-16,1.,0.));
#4404 = ORIENTED_EDGE('',*,*,#4405,.T.);
#4405 = EDGE_CURVE('',#4398,#4406,#4408,.T.);
#4406 = VERTEX_POINT('',#4407);
#4407 = CARTESIAN_POINT('',(-2.15,-0.13,0.625));
#4408 = LINE('',#4409,#4410);
#4409 = CARTESIAN_POINT('',(-2.15,-2.275,0.625));
#4410 = VECTOR('',#4411,1.);
#4411 = DIRECTION('',(-1.110223024625E-16,1.,0.));
#4412 = ORIENTED_EDGE('',*,*,#4413,.T.);
#4413 = EDGE_CURVE('',#4406,#4414,#4416,.T.);
#4414 = VERTEX_POINT('',#4415);
#4415 = CARTESIAN_POINT('',(-2.15,0.13,0.625));
#4416 = LINE('',#4417,#4418);
#4417 = CARTESIAN_POINT('',(-2.15,-2.275,0.625));
#4418 = VECTOR('',#4419,1.);
#4419 = DIRECTION('',(-1.110223024625E-16,1.,0.));
#4420 = ORIENTED_EDGE('',*,*,#4421,.T.);
#4421 = EDGE_CURVE('',#4414,#4422,#4424,.T.);
#4422 = VERTEX_POINT('',#4423);
#4423 = CARTESIAN_POINT('',(-2.15,0.52,0.625));
#4424 = LINE('',#4425,#4426);
#4425 = CARTESIAN_POINT('',(-2.15,-2.275,0.625));
#4426 = VECTOR('',#4427,1.);
#4427 = DIRECTION('',(-1.110223024625E-16,1.,0.));
#4428 = ORIENTED_EDGE('',*,*,#4429,.T.);
#4429 = EDGE_CURVE('',#4422,#4430,#4432,.T.);
#4430 = VERTEX_POINT('',#4431);
#4431 = CARTESIAN_POINT('',(-2.15,0.78,0.625));
#4432 = LINE('',#4433,#4434);
#4433 = CARTESIAN_POINT('',(-2.15,-2.275,0.625));
#4434 = VECTOR('',#4435,1.);
#4435 = DIRECTION('',(-1.110223024625E-16,1.,0.));
#4436 = ORIENTED_EDGE('',*,*,#4437,.T.);
#4437 = EDGE_CURVE('',#4430,#4438,#4440,.T.);
#4438 = VERTEX_POINT('',#4439);
#4439 = CARTESIAN_POINT('',(-2.15,1.17,0.625));
#4440 = LINE('',#4441,#4442);
#4441 = CARTESIAN_POINT('',(-2.15,-2.275,0.625));
#4442 = VECTOR('',#4443,1.);
#4443 = DIRECTION('',(-1.110223024625E-16,1.,0.));
#4444 = ORIENTED_EDGE('',*,*,#4445,.T.);
#4445 = EDGE_CURVE('',#4438,#4446,#4448,.T.);
#4446 = VERTEX_POINT('',#4447);
#4447 = CARTESIAN_POINT('',(-2.15,1.43,0.625));
#4448 = LINE('',#4449,#4450);
#4449 = CARTESIAN_POINT('',(-2.15,-2.275,0.625));
#4450 = VECTOR('',#4451,1.);
#4451 = DIRECTION('',(-1.110223024625E-16,1.,0.));
#4452 = ORIENTED_EDGE('',*,*,#4453,.T.);
#4453 = EDGE_CURVE('',#4446,#4334,#4454,.T.);
#4454 = LINE('',#4455,#4456);
#4455 = CARTESIAN_POINT('',(-2.15,-2.275,0.625));
#4456 = VECTOR('',#4457,1.);
#4457 = DIRECTION('',(-1.110223024625E-16,1.,0.));
#4458 = ORIENTED_EDGE('',*,*,#4333,.T.);
#4459 = ORIENTED_EDGE('',*,*,#3301,.T.);
#4460 = ORIENTED_EDGE('',*,*,#4461,.T.);
#4461 = EDGE_CURVE('',#3294,#4462,#4464,.T.);
#4462 = VERTEX_POINT('',#4463);
#4463 = CARTESIAN_POINT('',(-2.070291289374,2.235145644687,1.));
#4464 = B_SPLINE_CURVE_WITH_KNOTS('',1,(#4465,#4466),.UNSPECIFIED.,.F.,
  .F.,(2,2),(0.,1.),.PIECEWISE_BEZIER_KNOTS.);
#4465 = CARTESIAN_POINT('',(-2.15,2.275,0.625));
#4466 = CARTESIAN_POINT('',(-2.070291289374,2.235145644687,1.));
#4467 = ORIENTED_EDGE('',*,*,#4468,.F.);
#4468 = EDGE_CURVE('',#4469,#4462,#4471,.T.);
#4469 = VERTEX_POINT('',#4470);
#4470 = CARTESIAN_POINT('',(-2.070291289374,-2.235145644687,1.));
#4471 = LINE('',#4472,#4473);
#4472 = CARTESIAN_POINT('',(-2.070291289374,-2.235145644687,1.));
#4473 = VECTOR('',#4474,1.);
#4474 = DIRECTION('',(-1.110223024625E-16,1.,0.));
#4475 = ORIENTED_EDGE('',*,*,#4476,.F.);
#4476 = EDGE_CURVE('',#4356,#4469,#4477,.T.);
#4477 = B_SPLINE_CURVE_WITH_KNOTS('',1,(#4478,#4479),.UNSPECIFIED.,.F.,
  .F.,(2,2),(0.,1.),.PIECEWISE_BEZIER_KNOTS.);
#4478 = CARTESIAN_POINT('',(-2.15,-2.275,0.625));
#4479 = CARTESIAN_POINT('',(-2.070291289374,-2.235145644687,1.));
#4480 = B_SPLINE_SURFACE_WITH_KNOTS('',1,1,(
    (#4481,#4482)
    ,(#4483,#4484
    )),.UNSPECIFIED.,.F.,.F.,.F.,(2,2),(2,2),(0.,4.55),(0.,1.),
  .PIECEWISE_BEZIER_KNOTS.);
#4481 = CARTESIAN_POINT('',(-2.15,-2.275,0.625));
#4482 = CARTESIAN_POINT('',(-2.070291289374,-2.235145644687,1.));
#4483 = CARTESIAN_POINT('',(-2.15,2.275,0.625));
#4484 = CARTESIAN_POINT('',(-2.070291289374,2.235145644687,1.));
#4485 = ADVANCED_FACE('',(#4486),#4503,.F.);
#4486 = FACE_BOUND('',#4487,.F.);
#4487 = EDGE_LOOP('',(#4488,#4489,#4496,#4502));
#4488 = ORIENTED_EDGE('',*,*,#3293,.T.);
#4489 = ORIENTED_EDGE('',*,*,#4490,.T.);
#4490 = EDGE_CURVE('',#3286,#4491,#4493,.T.);
#4491 = VERTEX_POINT('',#4492);
#4492 = CARTESIAN_POINT('',(-1.935145644687,2.370291289374,1.));
#4493 = B_SPLINE_CURVE_WITH_KNOTS('',1,(#4494,#4495),.UNSPECIFIED.,.F.,
  .F.,(2,2),(0.,1.),.PIECEWISE_BEZIER_KNOTS.);
#4494 = CARTESIAN_POINT('',(-1.975,2.45,0.625));
#4495 = CARTESIAN_POINT('',(-1.935145644687,2.370291289374,1.));
#4496 = ORIENTED_EDGE('',*,*,#4497,.F.);
#4497 = EDGE_CURVE('',#4462,#4491,#4498,.T.);
#4498 = LINE('',#4499,#4500);
#4499 = CARTESIAN_POINT('',(-2.070291289374,2.235145644687,1.));
#4500 = VECTOR('',#4501,1.);
#4501 = DIRECTION('',(0.707106781187,0.707106781187,0.));
#4502 = ORIENTED_EDGE('',*,*,#4461,.F.);
#4503 = B_SPLINE_SURFACE_WITH_KNOTS('',1,1,(
    (#4504,#4505)
    ,(#4506,#4507
    )),.UNSPECIFIED.,.F.,.F.,.F.,(2,2),(2,2),(0.,0.247487373415),(0.,1.)
  ,.PIECEWISE_BEZIER_KNOTS.);
#4504 = CARTESIAN_POINT('',(-2.15,2.275,0.625));
#4505 = CARTESIAN_POINT('',(-2.070291289374,2.235145644687,1.));
#4506 = CARTESIAN_POINT('',(-1.975,2.45,0.625));
#4507 = CARTESIAN_POINT('',(-1.935145644687,2.370291289374,1.));
#4508 = ADVANCED_FACE('',(#4509),#4526,.F.);
#4509 = FACE_BOUND('',#4510,.F.);
#4510 = EDGE_LOOP('',(#4511,#4512,#4519,#4525));
#4511 = ORIENTED_EDGE('',*,*,#3285,.T.);
#4512 = ORIENTED_EDGE('',*,*,#4513,.T.);
#4513 = EDGE_CURVE('',#3278,#4514,#4516,.T.);
#4514 = VERTEX_POINT('',#4515);
#4515 = CARTESIAN_POINT('',(1.935145644687,2.370291289374,1.));
#4516 = B_SPLINE_CURVE_WITH_KNOTS('',1,(#4517,#4518),.UNSPECIFIED.,.F.,
  .F.,(2,2),(0.,1.),.PIECEWISE_BEZIER_KNOTS.);
#4517 = CARTESIAN_POINT('',(1.975,2.45,0.625));
#4518 = CARTESIAN_POINT('',(1.935145644687,2.370291289374,1.));
#4519 = ORIENTED_EDGE('',*,*,#4520,.F.);
#4520 = EDGE_CURVE('',#4491,#4514,#4521,.T.);
#4521 = LINE('',#4522,#4523);
#4522 = CARTESIAN_POINT('',(-1.935145644687,2.370291289374,1.));
#4523 = VECTOR('',#4524,1.);
#4524 = DIRECTION('',(1.,1.110223024625E-16,0.));
#4525 = ORIENTED_EDGE('',*,*,#4490,.F.);
#4526 = B_SPLINE_SURFACE_WITH_KNOTS('',1,1,(
    (#4527,#4528)
    ,(#4529,#4530
    )),.UNSPECIFIED.,.F.,.F.,.F.,(2,2),(2,2),(0.,3.95),(0.,1.),
  .PIECEWISE_BEZIER_KNOTS.);
#4527 = CARTESIAN_POINT('',(-1.975,2.45,0.625));
#4528 = CARTESIAN_POINT('',(-1.935145644687,2.370291289374,1.));
#4529 = CARTESIAN_POINT('',(1.975,2.45,0.625));
#4530 = CARTESIAN_POINT('',(1.935145644687,2.370291289374,1.));
#4531 = ADVANCED_FACE('',(#4532),#4549,.F.);
#4532 = FACE_BOUND('',#4533,.F.);
#4533 = EDGE_LOOP('',(#4534,#4535,#4542,#4548));
#4534 = ORIENTED_EDGE('',*,*,#3277,.T.);
#4535 = ORIENTED_EDGE('',*,*,#4536,.T.);
#4536 = EDGE_CURVE('',#3270,#4537,#4539,.T.);
#4537 = VERTEX_POINT('',#4538);
#4538 = CARTESIAN_POINT('',(2.070291289374,2.235145644687,1.));
#4539 = B_SPLINE_CURVE_WITH_KNOTS('',1,(#4540,#4541),.UNSPECIFIED.,.F.,
  .F.,(2,2),(0.,1.),.PIECEWISE_BEZIER_KNOTS.);
#4540 = CARTESIAN_POINT('',(2.15,2.275,0.625));
#4541 = CARTESIAN_POINT('',(2.070291289374,2.235145644687,1.));
#4542 = ORIENTED_EDGE('',*,*,#4543,.F.);
#4543 = EDGE_CURVE('',#4514,#4537,#4544,.T.);
#4544 = LINE('',#4545,#4546);
#4545 = CARTESIAN_POINT('',(1.935145644687,2.370291289374,1.));
#4546 = VECTOR('',#4547,1.);
#4547 = DIRECTION('',(0.707106781187,-0.707106781187,0.));
#4548 = ORIENTED_EDGE('',*,*,#4513,.F.);
#4549 = B_SPLINE_SURFACE_WITH_KNOTS('',1,1,(
    (#4550,#4551)
    ,(#4552,#4553
    )),.UNSPECIFIED.,.F.,.F.,.F.,(2,2),(2,2),(0.,0.247487373415),(0.,1.)
  ,.PIECEWISE_BEZIER_KNOTS.);
#4550 = CARTESIAN_POINT('',(1.975,2.45,0.625));
#4551 = CARTESIAN_POINT('',(1.935145644687,2.370291289374,1.));
#4552 = CARTESIAN_POINT('',(2.15,2.275,0.625));
#4553 = CARTESIAN_POINT('',(2.070291289374,2.235145644687,1.));
#4554 = ADVANCED_FACE('',(#4555),#4684,.F.);
#4555 = FACE_BOUND('',#4556,.F.);
#4556 = EDGE_LOOP('',(#4557,#4558,#4566,#4574,#4582,#4590,#4598,#4606,
    #4614,#4622,#4630,#4638,#4646,#4654,#4662,#4670,#4677,#4683));
#4557 = ORIENTED_EDGE('',*,*,#3269,.T.);
#4558 = ORIENTED_EDGE('',*,*,#4559,.T.);
#4559 = EDGE_CURVE('',#3262,#4560,#4562,.T.);
#4560 = VERTEX_POINT('',#4561);
#4561 = CARTESIAN_POINT('',(2.15,1.82,0.625));
#4562 = LINE('',#4563,#4564);
#4563 = CARTESIAN_POINT('',(2.15,2.275,0.625));
#4564 = VECTOR('',#4565,1.);
#4565 = DIRECTION('',(1.110223024625E-16,-1.,0.));
#4566 = ORIENTED_EDGE('',*,*,#4567,.T.);
#4567 = EDGE_CURVE('',#4560,#4568,#4570,.T.);
#4568 = VERTEX_POINT('',#4569);
#4569 = CARTESIAN_POINT('',(2.15,1.43,0.625));
#4570 = LINE('',#4571,#4572);
#4571 = CARTESIAN_POINT('',(2.15,2.275,0.625));
#4572 = VECTOR('',#4573,1.);
#4573 = DIRECTION('',(1.110223024625E-16,-1.,0.));
#4574 = ORIENTED_EDGE('',*,*,#4575,.T.);
#4575 = EDGE_CURVE('',#4568,#4576,#4578,.T.);
#4576 = VERTEX_POINT('',#4577);
#4577 = CARTESIAN_POINT('',(2.15,1.17,0.625));
#4578 = LINE('',#4579,#4580);
#4579 = CARTESIAN_POINT('',(2.15,2.275,0.625));
#4580 = VECTOR('',#4581,1.);
#4581 = DIRECTION('',(1.110223024625E-16,-1.,0.));
#4582 = ORIENTED_EDGE('',*,*,#4583,.T.);
#4583 = EDGE_CURVE('',#4576,#4584,#4586,.T.);
#4584 = VERTEX_POINT('',#4585);
#4585 = CARTESIAN_POINT('',(2.15,0.78,0.625));
#4586 = LINE('',#4587,#4588);
#4587 = CARTESIAN_POINT('',(2.15,2.275,0.625));
#4588 = VECTOR('',#4589,1.);
#4589 = DIRECTION('',(1.110223024625E-16,-1.,0.));
#4590 = ORIENTED_EDGE('',*,*,#4591,.T.);
#4591 = EDGE_CURVE('',#4584,#4592,#4594,.T.);
#4592 = VERTEX_POINT('',#4593);
#4593 = CARTESIAN_POINT('',(2.15,0.52,0.625));
#4594 = LINE('',#4595,#4596);
#4595 = CARTESIAN_POINT('',(2.15,2.275,0.625));
#4596 = VECTOR('',#4597,1.);
#4597 = DIRECTION('',(1.110223024625E-16,-1.,0.));
#4598 = ORIENTED_EDGE('',*,*,#4599,.T.);
#4599 = EDGE_CURVE('',#4592,#4600,#4602,.T.);
#4600 = VERTEX_POINT('',#4601);
#4601 = CARTESIAN_POINT('',(2.15,0.13,0.625));
#4602 = LINE('',#4603,#4604);
#4603 = CARTESIAN_POINT('',(2.15,2.275,0.625));
#4604 = VECTOR('',#4605,1.);
#4605 = DIRECTION('',(1.110223024625E-16,-1.,0.));
#4606 = ORIENTED_EDGE('',*,*,#4607,.T.);
#4607 = EDGE_CURVE('',#4600,#4608,#4610,.T.);
#4608 = VERTEX_POINT('',#4609);
#4609 = CARTESIAN_POINT('',(2.15,-0.13,0.625));
#4610 = LINE('',#4611,#4612);
#4611 = CARTESIAN_POINT('',(2.15,2.275,0.625));
#4612 = VECTOR('',#4613,1.);
#4613 = DIRECTION('',(1.110223024625E-16,-1.,0.));
#4614 = ORIENTED_EDGE('',*,*,#4615,.T.);
#4615 = EDGE_CURVE('',#4608,#4616,#4618,.T.);
#4616 = VERTEX_POINT('',#4617);
#4617 = CARTESIAN_POINT('',(2.15,-0.52,0.625));
#4618 = LINE('',#4619,#4620);
#4619 = CARTESIAN_POINT('',(2.15,2.275,0.625));
#4620 = VECTOR('',#4621,1.);
#4621 = DIRECTION('',(1.110223024625E-16,-1.,0.));
#4622 = ORIENTED_EDGE('',*,*,#4623,.T.);
#4623 = EDGE_CURVE('',#4616,#4624,#4626,.T.);
#4624 = VERTEX_POINT('',#4625);
#4625 = CARTESIAN_POINT('',(2.15,-0.78,0.625));
#4626 = LINE('',#4627,#4628);
#4627 = CARTESIAN_POINT('',(2.15,2.275,0.625));
#4628 = VECTOR('',#4629,1.);
#4629 = DIRECTION('',(1.110223024625E-16,-1.,0.));
#4630 = ORIENTED_EDGE('',*,*,#4631,.T.);
#4631 = EDGE_CURVE('',#4624,#4632,#4634,.T.);
#4632 = VERTEX_POINT('',#4633);
#4633 = CARTESIAN_POINT('',(2.15,-1.17,0.625));
#4634 = LINE('',#4635,#4636);
#4635 = CARTESIAN_POINT('',(2.15,2.275,0.625));
#4636 = VECTOR('',#4637,1.);
#4637 = DIRECTION('',(1.110223024625E-16,-1.,0.));
#4638 = ORIENTED_EDGE('',*,*,#4639,.T.);
#4639 = EDGE_CURVE('',#4632,#4640,#4642,.T.);
#4640 = VERTEX_POINT('',#4641);
#4641 = CARTESIAN_POINT('',(2.15,-1.43,0.625));
#4642 = LINE('',#4643,#4644);
#4643 = CARTESIAN_POINT('',(2.15,2.275,0.625));
#4644 = VECTOR('',#4645,1.);
#4645 = DIRECTION('',(1.110223024625E-16,-1.,0.));
#4646 = ORIENTED_EDGE('',*,*,#4647,.T.);
#4647 = EDGE_CURVE('',#4640,#4648,#4650,.T.);
#4648 = VERTEX_POINT('',#4649);
#4649 = CARTESIAN_POINT('',(2.15,-1.82,0.625));
#4650 = LINE('',#4651,#4652);
#4651 = CARTESIAN_POINT('',(2.15,2.275,0.625));
#4652 = VECTOR('',#4653,1.);
#4653 = DIRECTION('',(1.110223024625E-16,-1.,0.));
#4654 = ORIENTED_EDGE('',*,*,#4655,.T.);
#4655 = EDGE_CURVE('',#4648,#4656,#4658,.T.);
#4656 = VERTEX_POINT('',#4657);
#4657 = CARTESIAN_POINT('',(2.15,-2.08,0.625));
#4658 = LINE('',#4659,#4660);
#4659 = CARTESIAN_POINT('',(2.15,2.275,0.625));
#4660 = VECTOR('',#4661,1.);
#4661 = DIRECTION('',(1.110223024625E-16,-1.,0.));
#4662 = ORIENTED_EDGE('',*,*,#4663,.T.);
#4663 = EDGE_CURVE('',#4656,#4664,#4666,.T.);
#4664 = VERTEX_POINT('',#4665);
#4665 = CARTESIAN_POINT('',(2.15,-2.275,0.625));
#4666 = LINE('',#4667,#4668);
#4667 = CARTESIAN_POINT('',(2.15,2.275,0.625));
#4668 = VECTOR('',#4669,1.);
#4669 = DIRECTION('',(1.110223024625E-16,-1.,0.));
#4670 = ORIENTED_EDGE('',*,*,#4671,.T.);
#4671 = EDGE_CURVE('',#4664,#4672,#4674,.T.);
#4672 = VERTEX_POINT('',#4673);
#4673 = CARTESIAN_POINT('',(2.070291289374,-2.235145644687,1.));
#4674 = B_SPLINE_CURVE_WITH_KNOTS('',1,(#4675,#4676),.UNSPECIFIED.,.F.,
  .F.,(2,2),(0.,1.),.PIECEWISE_BEZIER_KNOTS.);
#4675 = CARTESIAN_POINT('',(2.15,-2.275,0.625));
#4676 = CARTESIAN_POINT('',(2.070291289374,-2.235145644687,1.));
#4677 = ORIENTED_EDGE('',*,*,#4678,.F.);
#4678 = EDGE_CURVE('',#4537,#4672,#4679,.T.);
#4679 = LINE('',#4680,#4681);
#4680 = CARTESIAN_POINT('',(2.070291289374,2.235145644687,1.));
#4681 = VECTOR('',#4682,1.);
#4682 = DIRECTION('',(1.110223024625E-16,-1.,0.));
#4683 = ORIENTED_EDGE('',*,*,#4536,.F.);
#4684 = B_SPLINE_SURFACE_WITH_KNOTS('',1,1,(
    (#4685,#4686)
    ,(#4687,#4688
    )),.UNSPECIFIED.,.F.,.F.,.F.,(2,2),(2,2),(0.,4.55),(0.,1.),
  .PIECEWISE_BEZIER_KNOTS.);
#4685 = CARTESIAN_POINT('',(2.15,2.275,0.625));
#4686 = CARTESIAN_POINT('',(2.070291289374,2.235145644687,1.));
#4687 = CARTESIAN_POINT('',(2.15,-2.275,0.625));
#4688 = CARTESIAN_POINT('',(2.070291289374,-2.235145644687,1.));
#4689 = ADVANCED_FACE('',(#4690),#4722,.F.);
#4690 = FACE_BOUND('',#4691,.F.);
#4691 = EDGE_LOOP('',(#4692,#4700,#4708,#4714,#4720,#4721));
#4692 = ORIENTED_EDGE('',*,*,#4693,.F.);
#4693 = EDGE_CURVE('',#4694,#3254,#4696,.T.);
#4694 = VERTEX_POINT('',#4695);
#4695 = CARTESIAN_POINT('',(2.4,2.08,0.625));
#4696 = LINE('',#4697,#4698);
#4697 = CARTESIAN_POINT('',(2.4,2.08,0.625));
#4698 = VECTOR('',#4699,1.);
#4699 = DIRECTION('',(-1.,-1.110223024625E-16,0.));
#4700 = ORIENTED_EDGE('',*,*,#4701,.T.);
#4701 = EDGE_CURVE('',#4694,#4702,#4704,.T.);
#4702 = VERTEX_POINT('',#4703);
#4703 = CARTESIAN_POINT('',(2.4,1.82,0.625));
#4704 = LINE('',#4705,#4706);
#4705 = CARTESIAN_POINT('',(2.4,2.08,0.625));
#4706 = VECTOR('',#4707,1.);
#4707 = DIRECTION('',(1.110223024625E-16,-1.,0.));
#4708 = ORIENTED_EDGE('',*,*,#4709,.T.);
#4709 = EDGE_CURVE('',#4702,#3846,#4710,.T.);
#4710 = LINE('',#4711,#4712);
#4711 = CARTESIAN_POINT('',(2.4,1.82,0.625));
#4712 = VECTOR('',#4713,1.);
#4713 = DIRECTION('',(-1.,-1.110223024625E-16,0.));
#4714 = ORIENTED_EDGE('',*,*,#4715,.T.);
#4715 = EDGE_CURVE('',#3846,#4560,#4716,.T.);
#4716 = LINE('',#4717,#4718);
#4717 = CARTESIAN_POINT('',(2.4,1.82,0.625));
#4718 = VECTOR('',#4719,1.);
#4719 = DIRECTION('',(-1.,-1.110223024625E-16,0.));
#4720 = ORIENTED_EDGE('',*,*,#4559,.F.);
#4721 = ORIENTED_EDGE('',*,*,#3261,.F.);
#4722 = PLANE('',#4723);
#4723 = AXIS2_PLACEMENT_3D('',#4724,#4725,#4726);
#4724 = CARTESIAN_POINT('',(2.4,2.08,0.625));
#4725 = DIRECTION('',(0.,0.,-1.));
#4726 = DIRECTION('',(-1.,-1.110223024625E-16,-0.));
#4727 = ADVANCED_FACE('',(#4728),#4771,.F.);
#4728 = FACE_BOUND('',#4729,.F.);
#4729 = EDGE_LOOP('',(#4730,#4731,#4737,#4738,#4746,#4754,#4760,#4761,
    #4767,#4768,#4769,#4770));
#4730 = ORIENTED_EDGE('',*,*,#3363,.T.);
#4731 = ORIENTED_EDGE('',*,*,#4732,.T.);
#4732 = EDGE_CURVE('',#3356,#4358,#4733,.T.);
#4733 = LINE('',#4734,#4735);
#4734 = CARTESIAN_POINT('',(-2.4,-2.08,0.625));
#4735 = VECTOR('',#4736,1.);
#4736 = DIRECTION('',(1.,-1.144237745222E-17,0.));
#4737 = ORIENTED_EDGE('',*,*,#4355,.F.);
#4738 = ORIENTED_EDGE('',*,*,#4739,.F.);
#4739 = EDGE_CURVE('',#4740,#4356,#4742,.T.);
#4740 = VERTEX_POINT('',#4741);
#4741 = CARTESIAN_POINT('',(-1.975,-2.45,0.625));
#4742 = LINE('',#4743,#4744);
#4743 = CARTESIAN_POINT('',(-1.975,-2.45,0.625));
#4744 = VECTOR('',#4745,1.);
#4745 = DIRECTION('',(-0.707106781187,0.707106781187,0.));
#4746 = ORIENTED_EDGE('',*,*,#4747,.F.);
#4747 = EDGE_CURVE('',#4748,#4740,#4750,.T.);
#4748 = VERTEX_POINT('',#4749);
#4749 = CARTESIAN_POINT('',(1.975,-2.45,0.625));
#4750 = LINE('',#4751,#4752);
#4751 = CARTESIAN_POINT('',(1.975,-2.45,0.625));
#4752 = VECTOR('',#4753,1.);
#4753 = DIRECTION('',(-1.,-1.110223024625E-16,0.));
#4754 = ORIENTED_EDGE('',*,*,#4755,.F.);
#4755 = EDGE_CURVE('',#4664,#4748,#4756,.T.);
#4756 = LINE('',#4757,#4758);
#4757 = CARTESIAN_POINT('',(2.15,-2.275,0.625));
#4758 = VECTOR('',#4759,1.);
#4759 = DIRECTION('',(-0.707106781187,-0.707106781187,0.));
#4760 = ORIENTED_EDGE('',*,*,#4663,.F.);
#4761 = ORIENTED_EDGE('',*,*,#4762,.F.);
#4762 = EDGE_CURVE('',#4218,#4656,#4763,.T.);
#4763 = LINE('',#4764,#4765);
#4764 = CARTESIAN_POINT('',(2.4,-2.08,0.625));
#4765 = VECTOR('',#4766,1.);
#4766 = DIRECTION('',(-1.,-1.110223024625E-16,0.));
#4767 = ORIENTED_EDGE('',*,*,#4233,.T.);
#4768 = ORIENTED_EDGE('',*,*,#4278,.T.);
#4769 = ORIENTED_EDGE('',*,*,#4295,.T.);
#4770 = ORIENTED_EDGE('',*,*,#4249,.T.);
#4771 = PLANE('',#4772);
#4772 = AXIS2_PLACEMENT_3D('',#4773,#4774,#4775);
#4773 = CARTESIAN_POINT('',(-3.188450421961E-18,2.475,0.625));
#4774 = DIRECTION('',(0.,0.,-1.));
#4775 = DIRECTION('',(1.,1.111674977262E-16,0.));
#4776 = ADVANCED_FACE('',(#4777),#4863,.F.);
#4777 = FACE_BOUND('',#4778,.F.);
#4778 = EDGE_LOOP('',(#4779,#4780,#4781,#4790,#4798,#4807,#4815,#4823,
    #4831,#4840,#4848,#4857));
#4779 = ORIENTED_EDGE('',*,*,#3355,.F.);
#4780 = ORIENTED_EDGE('',*,*,#3377,.T.);
#4781 = ORIENTED_EDGE('',*,*,#4782,.T.);
#4782 = EDGE_CURVE('',#3378,#4783,#4785,.T.);
#4783 = VERTEX_POINT('',#4784);
#4784 = CARTESIAN_POINT('',(-2.498480775301,-2.08,0.392364817767));
#4785 = CIRCLE('',#4786,0.1);
#4786 = AXIS2_PLACEMENT_3D('',#4787,#4788,#4789);
#4787 = CARTESIAN_POINT('',(-2.4,-2.08,0.375));
#4788 = DIRECTION('',(-1.144237745222E-17,-1.,4.379057701015E-47));
#4789 = DIRECTION('',(-4.440892098501E-15,5.081436361563E-32,1.));
#4790 = ORIENTED_EDGE('',*,*,#4791,.T.);
#4791 = EDGE_CURVE('',#4783,#4792,#4794,.T.);
#4792 = VERTEX_POINT('',#4793);
#4793 = CARTESIAN_POINT('',(-2.525838934336,-2.08,0.206587955583));
#4794 = LINE('',#4795,#4796);
#4795 = CARTESIAN_POINT('',(-2.498480775301,-2.08,0.392364817767));
#4796 = VECTOR('',#4797,1.);
#4797 = DIRECTION('',(-0.145692235845,1.667065554401E-18,-0.989329961345
    ));
#4798 = ORIENTED_EDGE('',*,*,#4799,.T.);
#4799 = EDGE_CURVE('',#4792,#4800,#4802,.T.);
#4800 = VERTEX_POINT('',#4801);
#4801 = CARTESIAN_POINT('',(-2.772040872589,-2.08,-5.551115123126E-17));
#4802 = CIRCLE('',#4803,0.25);
#4803 = AXIS2_PLACEMENT_3D('',#4804,#4805,#4806);
#4804 = CARTESIAN_POINT('',(-2.772040872589,-2.08,0.25));
#4805 = DIRECTION('',(1.144237745222E-17,1.,3.08148791102E-33));
#4806 = DIRECTION('',(0.984807753012,-1.126854202784E-17,-0.173648177667
    ));
#4807 = ORIENTED_EDGE('',*,*,#4808,.T.);
#4808 = EDGE_CURVE('',#4800,#4809,#4811,.T.);
#4809 = VERTEX_POINT('',#4810);
#4810 = CARTESIAN_POINT('',(-3.2,-2.08,-5.551115123126E-17));
#4811 = LINE('',#4812,#4813);
#4812 = CARTESIAN_POINT('',(-2.772040872589,-2.08,-5.551115123126E-17));
#4813 = VECTOR('',#4814,1.);
#4814 = DIRECTION('',(-1.,1.144237745222E-17,0.));
#4815 = ORIENTED_EDGE('',*,*,#4816,.T.);
#4816 = EDGE_CURVE('',#4809,#4817,#4819,.T.);
#4817 = VERTEX_POINT('',#4818);
#4818 = CARTESIAN_POINT('',(-3.2,-2.08,0.15));
#4819 = LINE('',#4820,#4821);
#4820 = CARTESIAN_POINT('',(-3.2,-2.08,-5.551115123126E-17));
#4821 = VECTOR('',#4822,1.);
#4822 = DIRECTION('',(0.,0.,1.));
#4823 = ORIENTED_EDGE('',*,*,#4824,.T.);
#4824 = EDGE_CURVE('',#4817,#4825,#4827,.T.);
#4825 = VERTEX_POINT('',#4826);
#4826 = CARTESIAN_POINT('',(-2.772040872589,-2.08,0.15));
#4827 = LINE('',#4828,#4829);
#4828 = CARTESIAN_POINT('',(-3.2,-2.08,0.15));
#4829 = VECTOR('',#4830,1.);
#4830 = DIRECTION('',(1.,-1.144237745222E-17,0.));
#4831 = ORIENTED_EDGE('',*,*,#4832,.T.);
#4832 = EDGE_CURVE('',#4825,#4833,#4835,.T.);
#4833 = VERTEX_POINT('',#4834);
#4834 = CARTESIAN_POINT('',(-2.673560097287,-2.08,0.232635182233));
#4835 = CIRCLE('',#4836,0.1);
#4836 = AXIS2_PLACEMENT_3D('',#4837,#4838,#4839);
#4837 = CARTESIAN_POINT('',(-2.772040872589,-2.08,0.25));
#4838 = DIRECTION('',(-1.144237745222E-17,-1.,-0.));
#4839 = DIRECTION('',(0.,0.,-1.));
#4840 = ORIENTED_EDGE('',*,*,#4841,.T.);
#4841 = EDGE_CURVE('',#4833,#4842,#4844,.T.);
#4842 = VERTEX_POINT('',#4843);
#4843 = CARTESIAN_POINT('',(-2.646201938253,-2.08,0.418412044417));
#4844 = LINE('',#4845,#4846);
#4845 = CARTESIAN_POINT('',(-2.673560097287,-2.08,0.232635182233));
#4846 = VECTOR('',#4847,1.);
#4847 = DIRECTION('',(0.145692235845,-1.667065554401E-18,0.989329961345)
  );
#4848 = ORIENTED_EDGE('',*,*,#4849,.T.);
#4849 = EDGE_CURVE('',#4842,#4850,#4852,.T.);
#4850 = VERTEX_POINT('',#4851);
#4851 = CARTESIAN_POINT('',(-2.4,-2.08,0.625));
#4852 = CIRCLE('',#4853,0.25);
#4853 = AXIS2_PLACEMENT_3D('',#4854,#4855,#4856);
#4854 = CARTESIAN_POINT('',(-2.4,-2.08,0.375));
#4855 = DIRECTION('',(1.144237745222E-17,1.,-3.851859888774E-34));
#4856 = DIRECTION('',(-0.984807753012,1.126854202784E-17,0.173648177667)
  );
#4857 = ORIENTED_EDGE('',*,*,#4858,.T.);
#4858 = EDGE_CURVE('',#4850,#3356,#4859,.T.);
#4859 = LINE('',#4860,#4861);
#4860 = CARTESIAN_POINT('',(-2.4,-2.08,0.625));
#4861 = VECTOR('',#4862,1.);
#4862 = DIRECTION('',(1.,-1.144237745222E-17,0.));
#4863 = PLANE('',#4864);
#4864 = AXIS2_PLACEMENT_3D('',#4865,#4866,#4867);
#4865 = CARTESIAN_POINT('',(-2.637615762047,-2.08,0.292893776214));
#4866 = DIRECTION('',(1.144237745222E-17,1.,0.));
#4867 = DIRECTION('',(0.,-0.,1.));
#4868 = ADVANCED_FACE('',(#4869),#4888,.F.);
#4869 = FACE_BOUND('',#4870,.F.);
#4870 = EDGE_LOOP('',(#4871,#4872,#4881,#4887));
#4871 = ORIENTED_EDGE('',*,*,#3394,.T.);
#4872 = ORIENTED_EDGE('',*,*,#4873,.T.);
#4873 = EDGE_CURVE('',#3387,#4874,#4876,.T.);
#4874 = VERTEX_POINT('',#4875);
#4875 = CARTESIAN_POINT('',(-2.498480775301,-1.82,0.392364817767));
#4876 = CIRCLE('',#4877,0.1);
#4877 = AXIS2_PLACEMENT_3D('',#4878,#4879,#4880);
#4878 = CARTESIAN_POINT('',(-2.4,-1.82,0.375));
#4879 = DIRECTION('',(-1.144237745222E-17,-1.,4.379057701015E-47));
#4880 = DIRECTION('',(-4.440892098501E-15,5.081436361563E-32,1.));
#4881 = ORIENTED_EDGE('',*,*,#4882,.F.);
#4882 = EDGE_CURVE('',#4783,#4874,#4883,.T.);
#4883 = LINE('',#4884,#4885);
#4884 = CARTESIAN_POINT('',(-2.498480775301,-2.08,0.392364817767));
#4885 = VECTOR('',#4886,1.);
#4886 = DIRECTION('',(1.144237745222E-17,1.,0.));
#4887 = ORIENTED_EDGE('',*,*,#4782,.F.);
#4888 = CYLINDRICAL_SURFACE('',#4889,0.1);
#4889 = AXIS2_PLACEMENT_3D('',#4890,#4891,#4892);
#4890 = CARTESIAN_POINT('',(-2.4,-2.08,0.375));
#4891 = DIRECTION('',(-1.144237745222E-17,-1.,0.));
#4892 = DIRECTION('',(-4.440892098501E-15,5.081436361563E-32,1.));
#4893 = ADVANCED_FACE('',(#4894),#4972,.T.);
#4894 = FACE_BOUND('',#4895,.T.);
#4895 = EDGE_LOOP('',(#4896,#4897,#4898,#4899,#4907,#4916,#4924,#4932,
    #4940,#4949,#4957,#4966));
#4896 = ORIENTED_EDGE('',*,*,#3408,.F.);
#4897 = ORIENTED_EDGE('',*,*,#3386,.T.);
#4898 = ORIENTED_EDGE('',*,*,#4873,.T.);
#4899 = ORIENTED_EDGE('',*,*,#4900,.T.);
#4900 = EDGE_CURVE('',#4874,#4901,#4903,.T.);
#4901 = VERTEX_POINT('',#4902);
#4902 = CARTESIAN_POINT('',(-2.525838934336,-1.82,0.206587955583));
#4903 = LINE('',#4904,#4905);
#4904 = CARTESIAN_POINT('',(-2.498480775301,-1.82,0.392364817767));
#4905 = VECTOR('',#4906,1.);
#4906 = DIRECTION('',(-0.145692235845,1.667065554401E-18,-0.989329961345
    ));
#4907 = ORIENTED_EDGE('',*,*,#4908,.T.);
#4908 = EDGE_CURVE('',#4901,#4909,#4911,.T.);
#4909 = VERTEX_POINT('',#4910);
#4910 = CARTESIAN_POINT('',(-2.772040872589,-1.82,-5.551115123126E-17));
#4911 = CIRCLE('',#4912,0.25);
#4912 = AXIS2_PLACEMENT_3D('',#4913,#4914,#4915);
#4913 = CARTESIAN_POINT('',(-2.772040872589,-1.82,0.25));
#4914 = DIRECTION('',(1.144237745222E-17,1.,3.08148791102E-33));
#4915 = DIRECTION('',(0.984807753012,-1.126854202784E-17,-0.173648177667
    ));
#4916 = ORIENTED_EDGE('',*,*,#4917,.T.);
#4917 = EDGE_CURVE('',#4909,#4918,#4920,.T.);
#4918 = VERTEX_POINT('',#4919);
#4919 = CARTESIAN_POINT('',(-3.2,-1.82,-5.551115123126E-17));
#4920 = LINE('',#4921,#4922);
#4921 = CARTESIAN_POINT('',(-2.772040872589,-1.82,-5.551115123126E-17));
#4922 = VECTOR('',#4923,1.);
#4923 = DIRECTION('',(-1.,1.144237745222E-17,0.));
#4924 = ORIENTED_EDGE('',*,*,#4925,.T.);
#4925 = EDGE_CURVE('',#4918,#4926,#4928,.T.);
#4926 = VERTEX_POINT('',#4927);
#4927 = CARTESIAN_POINT('',(-3.2,-1.82,0.15));
#4928 = LINE('',#4929,#4930);
#4929 = CARTESIAN_POINT('',(-3.2,-1.82,-5.551115123126E-17));
#4930 = VECTOR('',#4931,1.);
#4931 = DIRECTION('',(0.,0.,1.));
#4932 = ORIENTED_EDGE('',*,*,#4933,.T.);
#4933 = EDGE_CURVE('',#4926,#4934,#4936,.T.);
#4934 = VERTEX_POINT('',#4935);
#4935 = CARTESIAN_POINT('',(-2.772040872589,-1.82,0.15));
#4936 = LINE('',#4937,#4938);
#4937 = CARTESIAN_POINT('',(-3.2,-1.82,0.15));
#4938 = VECTOR('',#4939,1.);
#4939 = DIRECTION('',(1.,-1.144237745222E-17,0.));
#4940 = ORIENTED_EDGE('',*,*,#4941,.T.);
#4941 = EDGE_CURVE('',#4934,#4942,#4944,.T.);
#4942 = VERTEX_POINT('',#4943);
#4943 = CARTESIAN_POINT('',(-2.673560097287,-1.82,0.232635182233));
#4944 = CIRCLE('',#4945,0.1);
#4945 = AXIS2_PLACEMENT_3D('',#4946,#4947,#4948);
#4946 = CARTESIAN_POINT('',(-2.772040872589,-1.82,0.25));
#4947 = DIRECTION('',(-1.144237745222E-17,-1.,-0.));
#4948 = DIRECTION('',(0.,0.,-1.));
#4949 = ORIENTED_EDGE('',*,*,#4950,.T.);
#4950 = EDGE_CURVE('',#4942,#4951,#4953,.T.);
#4951 = VERTEX_POINT('',#4952);
#4952 = CARTESIAN_POINT('',(-2.646201938253,-1.82,0.418412044417));
#4953 = LINE('',#4954,#4955);
#4954 = CARTESIAN_POINT('',(-2.673560097287,-1.82,0.232635182233));
#4955 = VECTOR('',#4956,1.);
#4956 = DIRECTION('',(0.145692235845,-1.667065554401E-18,0.989329961345)
  );
#4957 = ORIENTED_EDGE('',*,*,#4958,.T.);
#4958 = EDGE_CURVE('',#4951,#4959,#4961,.T.);
#4959 = VERTEX_POINT('',#4960);
#4960 = CARTESIAN_POINT('',(-2.4,-1.82,0.625));
#4961 = CIRCLE('',#4962,0.25);
#4962 = AXIS2_PLACEMENT_3D('',#4963,#4964,#4965);
#4963 = CARTESIAN_POINT('',(-2.4,-1.82,0.375));
#4964 = DIRECTION('',(1.144237745222E-17,1.,-3.851859888774E-34));
#4965 = DIRECTION('',(-0.984807753012,1.126854202784E-17,0.173648177667)
  );
#4966 = ORIENTED_EDGE('',*,*,#4967,.T.);
#4967 = EDGE_CURVE('',#4959,#3409,#4968,.T.);
#4968 = LINE('',#4969,#4970);
#4969 = CARTESIAN_POINT('',(-2.4,-1.82,0.625));
#4970 = VECTOR('',#4971,1.);
#4971 = DIRECTION('',(1.,-1.144237745222E-17,0.));
#4972 = PLANE('',#4973);
#4973 = AXIS2_PLACEMENT_3D('',#4974,#4975,#4976);
#4974 = CARTESIAN_POINT('',(-2.637615762047,-1.82,0.292893776214));
#4975 = DIRECTION('',(1.144237745222E-17,1.,0.));
#4976 = DIRECTION('',(0.,-0.,1.));
#4977 = ADVANCED_FACE('',(#4978),#4994,.F.);
#4978 = FACE_BOUND('',#4979,.F.);
#4979 = EDGE_LOOP('',(#4980,#4981,#4987,#4988));
#4980 = ORIENTED_EDGE('',*,*,#3425,.T.);
#4981 = ORIENTED_EDGE('',*,*,#4982,.T.);
#4982 = EDGE_CURVE('',#3418,#4374,#4983,.T.);
#4983 = LINE('',#4984,#4985);
#4984 = CARTESIAN_POINT('',(-2.4,-1.43,0.625));
#4985 = VECTOR('',#4986,1.);
#4986 = DIRECTION('',(1.,-1.144237745222E-17,0.));
#4987 = ORIENTED_EDGE('',*,*,#4373,.F.);
#4988 = ORIENTED_EDGE('',*,*,#4989,.F.);
#4989 = EDGE_CURVE('',#3409,#4366,#4990,.T.);
#4990 = LINE('',#4991,#4992);
#4991 = CARTESIAN_POINT('',(-2.4,-1.82,0.625));
#4992 = VECTOR('',#4993,1.);
#4993 = DIRECTION('',(1.,-1.144237745222E-17,0.));
#4994 = PLANE('',#4995);
#4995 = AXIS2_PLACEMENT_3D('',#4996,#4997,#4998);
#4996 = CARTESIAN_POINT('',(-3.188450421961E-18,2.475,0.625));
#4997 = DIRECTION('',(0.,0.,-1.));
#4998 = DIRECTION('',(1.,1.111674977262E-16,0.));
#4999 = ADVANCED_FACE('',(#5000),#5086,.F.);
#5000 = FACE_BOUND('',#5001,.F.);
#5001 = EDGE_LOOP('',(#5002,#5003,#5004,#5013,#5021,#5030,#5038,#5046,
    #5054,#5063,#5071,#5080));
#5002 = ORIENTED_EDGE('',*,*,#3417,.F.);
#5003 = ORIENTED_EDGE('',*,*,#3439,.T.);
#5004 = ORIENTED_EDGE('',*,*,#5005,.T.);
#5005 = EDGE_CURVE('',#3440,#5006,#5008,.T.);
#5006 = VERTEX_POINT('',#5007);
#5007 = CARTESIAN_POINT('',(-2.498480775301,-1.43,0.392364817767));
#5008 = CIRCLE('',#5009,0.1);
#5009 = AXIS2_PLACEMENT_3D('',#5010,#5011,#5012);
#5010 = CARTESIAN_POINT('',(-2.4,-1.43,0.375));
#5011 = DIRECTION('',(-1.144237745222E-17,-1.,4.379057701015E-47));
#5012 = DIRECTION('',(-4.440892098501E-15,5.081436361563E-32,1.));
#5013 = ORIENTED_EDGE('',*,*,#5014,.T.);
#5014 = EDGE_CURVE('',#5006,#5015,#5017,.T.);
#5015 = VERTEX_POINT('',#5016);
#5016 = CARTESIAN_POINT('',(-2.525838934336,-1.43,0.206587955583));
#5017 = LINE('',#5018,#5019);
#5018 = CARTESIAN_POINT('',(-2.498480775301,-1.43,0.392364817767));
#5019 = VECTOR('',#5020,1.);
#5020 = DIRECTION('',(-0.145692235845,1.667065554401E-18,-0.989329961345
    ));
#5021 = ORIENTED_EDGE('',*,*,#5022,.T.);
#5022 = EDGE_CURVE('',#5015,#5023,#5025,.T.);
#5023 = VERTEX_POINT('',#5024);
#5024 = CARTESIAN_POINT('',(-2.772040872589,-1.43,-5.551115123126E-17));
#5025 = CIRCLE('',#5026,0.25);
#5026 = AXIS2_PLACEMENT_3D('',#5027,#5028,#5029);
#5027 = CARTESIAN_POINT('',(-2.772040872589,-1.43,0.25));
#5028 = DIRECTION('',(1.144237745222E-17,1.,3.08148791102E-33));
#5029 = DIRECTION('',(0.984807753012,-1.126854202784E-17,-0.173648177667
    ));
#5030 = ORIENTED_EDGE('',*,*,#5031,.T.);
#5031 = EDGE_CURVE('',#5023,#5032,#5034,.T.);
#5032 = VERTEX_POINT('',#5033);
#5033 = CARTESIAN_POINT('',(-3.2,-1.43,-5.551115123126E-17));
#5034 = LINE('',#5035,#5036);
#5035 = CARTESIAN_POINT('',(-2.772040872589,-1.43,-5.551115123126E-17));
#5036 = VECTOR('',#5037,1.);
#5037 = DIRECTION('',(-1.,1.144237745222E-17,0.));
#5038 = ORIENTED_EDGE('',*,*,#5039,.T.);
#5039 = EDGE_CURVE('',#5032,#5040,#5042,.T.);
#5040 = VERTEX_POINT('',#5041);
#5041 = CARTESIAN_POINT('',(-3.2,-1.43,0.15));
#5042 = LINE('',#5043,#5044);
#5043 = CARTESIAN_POINT('',(-3.2,-1.43,-5.551115123126E-17));
#5044 = VECTOR('',#5045,1.);
#5045 = DIRECTION('',(0.,0.,1.));
#5046 = ORIENTED_EDGE('',*,*,#5047,.T.);
#5047 = EDGE_CURVE('',#5040,#5048,#5050,.T.);
#5048 = VERTEX_POINT('',#5049);
#5049 = CARTESIAN_POINT('',(-2.772040872589,-1.43,0.15));
#5050 = LINE('',#5051,#5052);
#5051 = CARTESIAN_POINT('',(-3.2,-1.43,0.15));
#5052 = VECTOR('',#5053,1.);
#5053 = DIRECTION('',(1.,-1.144237745222E-17,0.));
#5054 = ORIENTED_EDGE('',*,*,#5055,.T.);
#5055 = EDGE_CURVE('',#5048,#5056,#5058,.T.);
#5056 = VERTEX_POINT('',#5057);
#5057 = CARTESIAN_POINT('',(-2.673560097287,-1.43,0.232635182233));
#5058 = CIRCLE('',#5059,0.1);
#5059 = AXIS2_PLACEMENT_3D('',#5060,#5061,#5062);
#5060 = CARTESIAN_POINT('',(-2.772040872589,-1.43,0.25));
#5061 = DIRECTION('',(-1.144237745222E-17,-1.,-0.));
#5062 = DIRECTION('',(0.,0.,-1.));
#5063 = ORIENTED_EDGE('',*,*,#5064,.T.);
#5064 = EDGE_CURVE('',#5056,#5065,#5067,.T.);
#5065 = VERTEX_POINT('',#5066);
#5066 = CARTESIAN_POINT('',(-2.646201938253,-1.43,0.418412044417));
#5067 = LINE('',#5068,#5069);
#5068 = CARTESIAN_POINT('',(-2.673560097287,-1.43,0.232635182233));
#5069 = VECTOR('',#5070,1.);
#5070 = DIRECTION('',(0.145692235845,-1.667065554401E-18,0.989329961345)
  );
#5071 = ORIENTED_EDGE('',*,*,#5072,.T.);
#5072 = EDGE_CURVE('',#5065,#5073,#5075,.T.);
#5073 = VERTEX_POINT('',#5074);
#5074 = CARTESIAN_POINT('',(-2.4,-1.43,0.625));
#5075 = CIRCLE('',#5076,0.25);
#5076 = AXIS2_PLACEMENT_3D('',#5077,#5078,#5079);
#5077 = CARTESIAN_POINT('',(-2.4,-1.43,0.375));
#5078 = DIRECTION('',(1.144237745222E-17,1.,-3.851859888774E-34));
#5079 = DIRECTION('',(-0.984807753012,1.126854202784E-17,0.173648177667)
  );
#5080 = ORIENTED_EDGE('',*,*,#5081,.T.);
#5081 = EDGE_CURVE('',#5073,#3418,#5082,.T.);
#5082 = LINE('',#5083,#5084);
#5083 = CARTESIAN_POINT('',(-2.4,-1.43,0.625));
#5084 = VECTOR('',#5085,1.);
#5085 = DIRECTION('',(1.,-1.144237745222E-17,0.));
#5086 = PLANE('',#5087);
#5087 = AXIS2_PLACEMENT_3D('',#5088,#5089,#5090);
#5088 = CARTESIAN_POINT('',(-2.637615762047,-1.43,0.292893776214));
#5089 = DIRECTION('',(1.144237745222E-17,1.,0.));
#5090 = DIRECTION('',(0.,-0.,1.));
#5091 = ADVANCED_FACE('',(#5092),#5111,.F.);
#5092 = FACE_BOUND('',#5093,.F.);
#5093 = EDGE_LOOP('',(#5094,#5095,#5104,#5110));
#5094 = ORIENTED_EDGE('',*,*,#3456,.T.);
#5095 = ORIENTED_EDGE('',*,*,#5096,.T.);
#5096 = EDGE_CURVE('',#3449,#5097,#5099,.T.);
#5097 = VERTEX_POINT('',#5098);
#5098 = CARTESIAN_POINT('',(-2.498480775301,-1.17,0.392364817767));
#5099 = CIRCLE('',#5100,0.1);
#5100 = AXIS2_PLACEMENT_3D('',#5101,#5102,#5103);
#5101 = CARTESIAN_POINT('',(-2.4,-1.17,0.375));
#5102 = DIRECTION('',(-1.144237745222E-17,-1.,4.379057701015E-47));
#5103 = DIRECTION('',(-4.440892098501E-15,5.081436361563E-32,1.));
#5104 = ORIENTED_EDGE('',*,*,#5105,.F.);
#5105 = EDGE_CURVE('',#5006,#5097,#5106,.T.);
#5106 = LINE('',#5107,#5108);
#5107 = CARTESIAN_POINT('',(-2.498480775301,-1.43,0.392364817767));
#5108 = VECTOR('',#5109,1.);
#5109 = DIRECTION('',(1.144237745222E-17,1.,0.));
#5110 = ORIENTED_EDGE('',*,*,#5005,.F.);
#5111 = CYLINDRICAL_SURFACE('',#5112,0.1);
#5112 = AXIS2_PLACEMENT_3D('',#5113,#5114,#5115);
#5113 = CARTESIAN_POINT('',(-2.4,-1.43,0.375));
#5114 = DIRECTION('',(-1.144237745222E-17,-1.,0.));
#5115 = DIRECTION('',(-4.440892098501E-15,5.081436361563E-32,1.));
#5116 = ADVANCED_FACE('',(#5117),#5195,.T.);
#5117 = FACE_BOUND('',#5118,.T.);
#5118 = EDGE_LOOP('',(#5119,#5120,#5121,#5122,#5130,#5139,#5147,#5155,
    #5163,#5172,#5180,#5189));
#5119 = ORIENTED_EDGE('',*,*,#3470,.F.);
#5120 = ORIENTED_EDGE('',*,*,#3448,.T.);
#5121 = ORIENTED_EDGE('',*,*,#5096,.T.);
#5122 = ORIENTED_EDGE('',*,*,#5123,.T.);
#5123 = EDGE_CURVE('',#5097,#5124,#5126,.T.);
#5124 = VERTEX_POINT('',#5125);
#5125 = CARTESIAN_POINT('',(-2.525838934336,-1.17,0.206587955583));
#5126 = LINE('',#5127,#5128);
#5127 = CARTESIAN_POINT('',(-2.498480775301,-1.17,0.392364817767));
#5128 = VECTOR('',#5129,1.);
#5129 = DIRECTION('',(-0.145692235845,1.667065554401E-18,-0.989329961345
    ));
#5130 = ORIENTED_EDGE('',*,*,#5131,.T.);
#5131 = EDGE_CURVE('',#5124,#5132,#5134,.T.);
#5132 = VERTEX_POINT('',#5133);
#5133 = CARTESIAN_POINT('',(-2.772040872589,-1.17,-5.551115123126E-17));
#5134 = CIRCLE('',#5135,0.25);
#5135 = AXIS2_PLACEMENT_3D('',#5136,#5137,#5138);
#5136 = CARTESIAN_POINT('',(-2.772040872589,-1.17,0.25));
#5137 = DIRECTION('',(1.144237745222E-17,1.,3.08148791102E-33));
#5138 = DIRECTION('',(0.984807753012,-1.126854202784E-17,-0.173648177667
    ));
#5139 = ORIENTED_EDGE('',*,*,#5140,.T.);
#5140 = EDGE_CURVE('',#5132,#5141,#5143,.T.);
#5141 = VERTEX_POINT('',#5142);
#5142 = CARTESIAN_POINT('',(-3.2,-1.17,-5.551115123126E-17));
#5143 = LINE('',#5144,#5145);
#5144 = CARTESIAN_POINT('',(-2.772040872589,-1.17,-5.551115123126E-17));
#5145 = VECTOR('',#5146,1.);
#5146 = DIRECTION('',(-1.,1.144237745222E-17,0.));
#5147 = ORIENTED_EDGE('',*,*,#5148,.T.);
#5148 = EDGE_CURVE('',#5141,#5149,#5151,.T.);
#5149 = VERTEX_POINT('',#5150);
#5150 = CARTESIAN_POINT('',(-3.2,-1.17,0.15));
#5151 = LINE('',#5152,#5153);
#5152 = CARTESIAN_POINT('',(-3.2,-1.17,-5.551115123126E-17));
#5153 = VECTOR('',#5154,1.);
#5154 = DIRECTION('',(0.,0.,1.));
#5155 = ORIENTED_EDGE('',*,*,#5156,.T.);
#5156 = EDGE_CURVE('',#5149,#5157,#5159,.T.);
#5157 = VERTEX_POINT('',#5158);
#5158 = CARTESIAN_POINT('',(-2.772040872589,-1.17,0.15));
#5159 = LINE('',#5160,#5161);
#5160 = CARTESIAN_POINT('',(-3.2,-1.17,0.15));
#5161 = VECTOR('',#5162,1.);
#5162 = DIRECTION('',(1.,-1.144237745222E-17,0.));
#5163 = ORIENTED_EDGE('',*,*,#5164,.T.);
#5164 = EDGE_CURVE('',#5157,#5165,#5167,.T.);
#5165 = VERTEX_POINT('',#5166);
#5166 = CARTESIAN_POINT('',(-2.673560097287,-1.17,0.232635182233));
#5167 = CIRCLE('',#5168,0.1);
#5168 = AXIS2_PLACEMENT_3D('',#5169,#5170,#5171);
#5169 = CARTESIAN_POINT('',(-2.772040872589,-1.17,0.25));
#5170 = DIRECTION('',(-1.144237745222E-17,-1.,-0.));
#5171 = DIRECTION('',(0.,0.,-1.));
#5172 = ORIENTED_EDGE('',*,*,#5173,.T.);
#5173 = EDGE_CURVE('',#5165,#5174,#5176,.T.);
#5174 = VERTEX_POINT('',#5175);
#5175 = CARTESIAN_POINT('',(-2.646201938253,-1.17,0.418412044417));
#5176 = LINE('',#5177,#5178);
#5177 = CARTESIAN_POINT('',(-2.673560097287,-1.17,0.232635182233));
#5178 = VECTOR('',#5179,1.);
#5179 = DIRECTION('',(0.145692235845,-1.667065554401E-18,0.989329961345)
  );
#5180 = ORIENTED_EDGE('',*,*,#5181,.T.);
#5181 = EDGE_CURVE('',#5174,#5182,#5184,.T.);
#5182 = VERTEX_POINT('',#5183);
#5183 = CARTESIAN_POINT('',(-2.4,-1.17,0.625));
#5184 = CIRCLE('',#5185,0.25);
#5185 = AXIS2_PLACEMENT_3D('',#5186,#5187,#5188);
#5186 = CARTESIAN_POINT('',(-2.4,-1.17,0.375));
#5187 = DIRECTION('',(1.144237745222E-17,1.,-3.851859888774E-34));
#5188 = DIRECTION('',(-0.984807753012,1.126854202784E-17,0.173648177667)
  );
#5189 = ORIENTED_EDGE('',*,*,#5190,.T.);
#5190 = EDGE_CURVE('',#5182,#3471,#5191,.T.);
#5191 = LINE('',#5192,#5193);
#5192 = CARTESIAN_POINT('',(-2.4,-1.17,0.625));
#5193 = VECTOR('',#5194,1.);
#5194 = DIRECTION('',(1.,-1.144237745222E-17,0.));
#5195 = PLANE('',#5196);
#5196 = AXIS2_PLACEMENT_3D('',#5197,#5198,#5199);
#5197 = CARTESIAN_POINT('',(-2.637615762047,-1.17,0.292893776214));
#5198 = DIRECTION('',(1.144237745222E-17,1.,0.));
#5199 = DIRECTION('',(0.,-0.,1.));
#5200 = ADVANCED_FACE('',(#5201),#5217,.F.);
#5201 = FACE_BOUND('',#5202,.F.);
#5202 = EDGE_LOOP('',(#5203,#5204,#5210,#5211));
#5203 = ORIENTED_EDGE('',*,*,#3487,.T.);
#5204 = ORIENTED_EDGE('',*,*,#5205,.T.);
#5205 = EDGE_CURVE('',#3480,#4390,#5206,.T.);
#5206 = LINE('',#5207,#5208);
#5207 = CARTESIAN_POINT('',(-2.4,-0.78,0.625));
#5208 = VECTOR('',#5209,1.);
#5209 = DIRECTION('',(1.,-1.144237745222E-17,0.));
#5210 = ORIENTED_EDGE('',*,*,#4389,.F.);
#5211 = ORIENTED_EDGE('',*,*,#5212,.F.);
#5212 = EDGE_CURVE('',#3471,#4382,#5213,.T.);
#5213 = LINE('',#5214,#5215);
#5214 = CARTESIAN_POINT('',(-2.4,-1.17,0.625));
#5215 = VECTOR('',#5216,1.);
#5216 = DIRECTION('',(1.,-1.144237745222E-17,0.));
#5217 = PLANE('',#5218);
#5218 = AXIS2_PLACEMENT_3D('',#5219,#5220,#5221);
#5219 = CARTESIAN_POINT('',(-3.188450421961E-18,2.475,0.625));
#5220 = DIRECTION('',(0.,0.,-1.));
#5221 = DIRECTION('',(1.,1.111674977262E-16,0.));
#5222 = ADVANCED_FACE('',(#5223),#5309,.F.);
#5223 = FACE_BOUND('',#5224,.F.);
#5224 = EDGE_LOOP('',(#5225,#5226,#5227,#5236,#5244,#5253,#5261,#5269,
    #5277,#5286,#5294,#5303));
#5225 = ORIENTED_EDGE('',*,*,#3479,.F.);
#5226 = ORIENTED_EDGE('',*,*,#3501,.T.);
#5227 = ORIENTED_EDGE('',*,*,#5228,.T.);
#5228 = EDGE_CURVE('',#3502,#5229,#5231,.T.);
#5229 = VERTEX_POINT('',#5230);
#5230 = CARTESIAN_POINT('',(-2.498480775301,-0.78,0.392364817767));
#5231 = CIRCLE('',#5232,0.1);
#5232 = AXIS2_PLACEMENT_3D('',#5233,#5234,#5235);
#5233 = CARTESIAN_POINT('',(-2.4,-0.78,0.375));
#5234 = DIRECTION('',(-1.144237745222E-17,-1.,4.379057701015E-47));
#5235 = DIRECTION('',(-4.440892098501E-15,5.081436361563E-32,1.));
#5236 = ORIENTED_EDGE('',*,*,#5237,.T.);
#5237 = EDGE_CURVE('',#5229,#5238,#5240,.T.);
#5238 = VERTEX_POINT('',#5239);
#5239 = CARTESIAN_POINT('',(-2.525838934336,-0.78,0.206587955583));
#5240 = LINE('',#5241,#5242);
#5241 = CARTESIAN_POINT('',(-2.498480775301,-0.78,0.392364817767));
#5242 = VECTOR('',#5243,1.);
#5243 = DIRECTION('',(-0.145692235845,1.667065554401E-18,-0.989329961345
    ));
#5244 = ORIENTED_EDGE('',*,*,#5245,.T.);
#5245 = EDGE_CURVE('',#5238,#5246,#5248,.T.);
#5246 = VERTEX_POINT('',#5247);
#5247 = CARTESIAN_POINT('',(-2.772040872589,-0.78,-5.551115123126E-17));
#5248 = CIRCLE('',#5249,0.25);
#5249 = AXIS2_PLACEMENT_3D('',#5250,#5251,#5252);
#5250 = CARTESIAN_POINT('',(-2.772040872589,-0.78,0.25));
#5251 = DIRECTION('',(1.144237745222E-17,1.,3.08148791102E-33));
#5252 = DIRECTION('',(0.984807753012,-1.126854202784E-17,-0.173648177667
    ));
#5253 = ORIENTED_EDGE('',*,*,#5254,.T.);
#5254 = EDGE_CURVE('',#5246,#5255,#5257,.T.);
#5255 = VERTEX_POINT('',#5256);
#5256 = CARTESIAN_POINT('',(-3.2,-0.78,-5.551115123126E-17));
#5257 = LINE('',#5258,#5259);
#5258 = CARTESIAN_POINT('',(-2.772040872589,-0.78,-5.551115123126E-17));
#5259 = VECTOR('',#5260,1.);
#5260 = DIRECTION('',(-1.,1.144237745222E-17,0.));
#5261 = ORIENTED_EDGE('',*,*,#5262,.T.);
#5262 = EDGE_CURVE('',#5255,#5263,#5265,.T.);
#5263 = VERTEX_POINT('',#5264);
#5264 = CARTESIAN_POINT('',(-3.2,-0.78,0.15));
#5265 = LINE('',#5266,#5267);
#5266 = CARTESIAN_POINT('',(-3.2,-0.78,-5.551115123126E-17));
#5267 = VECTOR('',#5268,1.);
#5268 = DIRECTION('',(0.,0.,1.));
#5269 = ORIENTED_EDGE('',*,*,#5270,.T.);
#5270 = EDGE_CURVE('',#5263,#5271,#5273,.T.);
#5271 = VERTEX_POINT('',#5272);
#5272 = CARTESIAN_POINT('',(-2.772040872589,-0.78,0.15));
#5273 = LINE('',#5274,#5275);
#5274 = CARTESIAN_POINT('',(-3.2,-0.78,0.15));
#5275 = VECTOR('',#5276,1.);
#5276 = DIRECTION('',(1.,-1.144237745222E-17,0.));
#5277 = ORIENTED_EDGE('',*,*,#5278,.T.);
#5278 = EDGE_CURVE('',#5271,#5279,#5281,.T.);
#5279 = VERTEX_POINT('',#5280);
#5280 = CARTESIAN_POINT('',(-2.673560097287,-0.78,0.232635182233));
#5281 = CIRCLE('',#5282,0.1);
#5282 = AXIS2_PLACEMENT_3D('',#5283,#5284,#5285);
#5283 = CARTESIAN_POINT('',(-2.772040872589,-0.78,0.25));
#5284 = DIRECTION('',(-1.144237745222E-17,-1.,-0.));
#5285 = DIRECTION('',(0.,0.,-1.));
#5286 = ORIENTED_EDGE('',*,*,#5287,.T.);
#5287 = EDGE_CURVE('',#5279,#5288,#5290,.T.);
#5288 = VERTEX_POINT('',#5289);
#5289 = CARTESIAN_POINT('',(-2.646201938253,-0.78,0.418412044417));
#5290 = LINE('',#5291,#5292);
#5291 = CARTESIAN_POINT('',(-2.673560097287,-0.78,0.232635182233));
#5292 = VECTOR('',#5293,1.);
#5293 = DIRECTION('',(0.145692235845,-1.667065554401E-18,0.989329961345)
  );
#5294 = ORIENTED_EDGE('',*,*,#5295,.T.);
#5295 = EDGE_CURVE('',#5288,#5296,#5298,.T.);
#5296 = VERTEX_POINT('',#5297);
#5297 = CARTESIAN_POINT('',(-2.4,-0.78,0.625));
#5298 = CIRCLE('',#5299,0.25);
#5299 = AXIS2_PLACEMENT_3D('',#5300,#5301,#5302);
#5300 = CARTESIAN_POINT('',(-2.4,-0.78,0.375));
#5301 = DIRECTION('',(1.144237745222E-17,1.,-3.851859888774E-34));
#5302 = DIRECTION('',(-0.984807753012,1.126854202784E-17,0.173648177667)
  );
#5303 = ORIENTED_EDGE('',*,*,#5304,.T.);
#5304 = EDGE_CURVE('',#5296,#3480,#5305,.T.);
#5305 = LINE('',#5306,#5307);
#5306 = CARTESIAN_POINT('',(-2.4,-0.78,0.625));
#5307 = VECTOR('',#5308,1.);
#5308 = DIRECTION('',(1.,-1.144237745222E-17,0.));
#5309 = PLANE('',#5310);
#5310 = AXIS2_PLACEMENT_3D('',#5311,#5312,#5313);
#5311 = CARTESIAN_POINT('',(-2.637615762047,-0.78,0.292893776214));
#5312 = DIRECTION('',(1.144237745222E-17,1.,0.));
#5313 = DIRECTION('',(0.,-0.,1.));
#5314 = ADVANCED_FACE('',(#5315),#5334,.F.);
#5315 = FACE_BOUND('',#5316,.F.);
#5316 = EDGE_LOOP('',(#5317,#5318,#5327,#5333));
#5317 = ORIENTED_EDGE('',*,*,#3518,.T.);
#5318 = ORIENTED_EDGE('',*,*,#5319,.T.);
#5319 = EDGE_CURVE('',#3511,#5320,#5322,.T.);
#5320 = VERTEX_POINT('',#5321);
#5321 = CARTESIAN_POINT('',(-2.498480775301,-0.52,0.392364817767));
#5322 = CIRCLE('',#5323,0.1);
#5323 = AXIS2_PLACEMENT_3D('',#5324,#5325,#5326);
#5324 = CARTESIAN_POINT('',(-2.4,-0.52,0.375));
#5325 = DIRECTION('',(-1.144237745222E-17,-1.,4.379057701015E-47));
#5326 = DIRECTION('',(-4.440892098501E-15,5.081436361563E-32,1.));
#5327 = ORIENTED_EDGE('',*,*,#5328,.F.);
#5328 = EDGE_CURVE('',#5229,#5320,#5329,.T.);
#5329 = LINE('',#5330,#5331);
#5330 = CARTESIAN_POINT('',(-2.498480775301,-0.78,0.392364817767));
#5331 = VECTOR('',#5332,1.);
#5332 = DIRECTION('',(1.144237745222E-17,1.,0.));
#5333 = ORIENTED_EDGE('',*,*,#5228,.F.);
#5334 = CYLINDRICAL_SURFACE('',#5335,0.1);
#5335 = AXIS2_PLACEMENT_3D('',#5336,#5337,#5338);
#5336 = CARTESIAN_POINT('',(-2.4,-0.78,0.375));
#5337 = DIRECTION('',(-1.144237745222E-17,-1.,0.));
#5338 = DIRECTION('',(-4.440892098501E-15,5.081436361563E-32,1.));
#5339 = ADVANCED_FACE('',(#5340),#5418,.T.);
#5340 = FACE_BOUND('',#5341,.T.);
#5341 = EDGE_LOOP('',(#5342,#5343,#5344,#5345,#5353,#5362,#5370,#5378,
    #5386,#5395,#5403,#5412));
#5342 = ORIENTED_EDGE('',*,*,#3532,.F.);
#5343 = ORIENTED_EDGE('',*,*,#3510,.T.);
#5344 = ORIENTED_EDGE('',*,*,#5319,.T.);
#5345 = ORIENTED_EDGE('',*,*,#5346,.T.);
#5346 = EDGE_CURVE('',#5320,#5347,#5349,.T.);
#5347 = VERTEX_POINT('',#5348);
#5348 = CARTESIAN_POINT('',(-2.525838934336,-0.52,0.206587955583));
#5349 = LINE('',#5350,#5351);
#5350 = CARTESIAN_POINT('',(-2.498480775301,-0.52,0.392364817767));
#5351 = VECTOR('',#5352,1.);
#5352 = DIRECTION('',(-0.145692235845,1.667065554401E-18,-0.989329961345
    ));
#5353 = ORIENTED_EDGE('',*,*,#5354,.T.);
#5354 = EDGE_CURVE('',#5347,#5355,#5357,.T.);
#5355 = VERTEX_POINT('',#5356);
#5356 = CARTESIAN_POINT('',(-2.772040872589,-0.52,-5.551115123126E-17));
#5357 = CIRCLE('',#5358,0.25);
#5358 = AXIS2_PLACEMENT_3D('',#5359,#5360,#5361);
#5359 = CARTESIAN_POINT('',(-2.772040872589,-0.52,0.25));
#5360 = DIRECTION('',(1.144237745222E-17,1.,3.08148791102E-33));
#5361 = DIRECTION('',(0.984807753012,-1.126854202784E-17,-0.173648177667
    ));
#5362 = ORIENTED_EDGE('',*,*,#5363,.T.);
#5363 = EDGE_CURVE('',#5355,#5364,#5366,.T.);
#5364 = VERTEX_POINT('',#5365);
#5365 = CARTESIAN_POINT('',(-3.2,-0.52,-5.551115123126E-17));
#5366 = LINE('',#5367,#5368);
#5367 = CARTESIAN_POINT('',(-2.772040872589,-0.52,-5.551115123126E-17));
#5368 = VECTOR('',#5369,1.);
#5369 = DIRECTION('',(-1.,1.144237745222E-17,0.));
#5370 = ORIENTED_EDGE('',*,*,#5371,.T.);
#5371 = EDGE_CURVE('',#5364,#5372,#5374,.T.);
#5372 = VERTEX_POINT('',#5373);
#5373 = CARTESIAN_POINT('',(-3.2,-0.52,0.15));
#5374 = LINE('',#5375,#5376);
#5375 = CARTESIAN_POINT('',(-3.2,-0.52,-5.551115123126E-17));
#5376 = VECTOR('',#5377,1.);
#5377 = DIRECTION('',(0.,0.,1.));
#5378 = ORIENTED_EDGE('',*,*,#5379,.T.);
#5379 = EDGE_CURVE('',#5372,#5380,#5382,.T.);
#5380 = VERTEX_POINT('',#5381);
#5381 = CARTESIAN_POINT('',(-2.772040872589,-0.52,0.15));
#5382 = LINE('',#5383,#5384);
#5383 = CARTESIAN_POINT('',(-3.2,-0.52,0.15));
#5384 = VECTOR('',#5385,1.);
#5385 = DIRECTION('',(1.,-1.144237745222E-17,0.));
#5386 = ORIENTED_EDGE('',*,*,#5387,.T.);
#5387 = EDGE_CURVE('',#5380,#5388,#5390,.T.);
#5388 = VERTEX_POINT('',#5389);
#5389 = CARTESIAN_POINT('',(-2.673560097287,-0.52,0.232635182233));
#5390 = CIRCLE('',#5391,0.1);
#5391 = AXIS2_PLACEMENT_3D('',#5392,#5393,#5394);
#5392 = CARTESIAN_POINT('',(-2.772040872589,-0.52,0.25));
#5393 = DIRECTION('',(-1.144237745222E-17,-1.,-0.));
#5394 = DIRECTION('',(0.,0.,-1.));
#5395 = ORIENTED_EDGE('',*,*,#5396,.T.);
#5396 = EDGE_CURVE('',#5388,#5397,#5399,.T.);
#5397 = VERTEX_POINT('',#5398);
#5398 = CARTESIAN_POINT('',(-2.646201938253,-0.52,0.418412044417));
#5399 = LINE('',#5400,#5401);
#5400 = CARTESIAN_POINT('',(-2.673560097287,-0.52,0.232635182233));
#5401 = VECTOR('',#5402,1.);
#5402 = DIRECTION('',(0.145692235845,-1.667065554401E-18,0.989329961345)
  );
#5403 = ORIENTED_EDGE('',*,*,#5404,.T.);
#5404 = EDGE_CURVE('',#5397,#5405,#5407,.T.);
#5405 = VERTEX_POINT('',#5406);
#5406 = CARTESIAN_POINT('',(-2.4,-0.52,0.625));
#5407 = CIRCLE('',#5408,0.25);
#5408 = AXIS2_PLACEMENT_3D('',#5409,#5410,#5411);
#5409 = CARTESIAN_POINT('',(-2.4,-0.52,0.375));
#5410 = DIRECTION('',(1.144237745222E-17,1.,-3.851859888774E-34));
#5411 = DIRECTION('',(-0.984807753012,1.126854202784E-17,0.173648177667)
  );
#5412 = ORIENTED_EDGE('',*,*,#5413,.T.);
#5413 = EDGE_CURVE('',#5405,#3533,#5414,.T.);
#5414 = LINE('',#5415,#5416);
#5415 = CARTESIAN_POINT('',(-2.4,-0.52,0.625));
#5416 = VECTOR('',#5417,1.);
#5417 = DIRECTION('',(1.,-1.144237745222E-17,0.));
#5418 = PLANE('',#5419);
#5419 = AXIS2_PLACEMENT_3D('',#5420,#5421,#5422);
#5420 = CARTESIAN_POINT('',(-2.637615762047,-0.52,0.292893776214));
#5421 = DIRECTION('',(1.144237745222E-17,1.,0.));
#5422 = DIRECTION('',(0.,-0.,1.));
#5423 = ADVANCED_FACE('',(#5424),#5440,.F.);
#5424 = FACE_BOUND('',#5425,.F.);
#5425 = EDGE_LOOP('',(#5426,#5427,#5433,#5434));
#5426 = ORIENTED_EDGE('',*,*,#3549,.T.);
#5427 = ORIENTED_EDGE('',*,*,#5428,.T.);
#5428 = EDGE_CURVE('',#3542,#4406,#5429,.T.);
#5429 = LINE('',#5430,#5431);
#5430 = CARTESIAN_POINT('',(-2.4,-0.13,0.625));
#5431 = VECTOR('',#5432,1.);
#5432 = DIRECTION('',(1.,-1.144237745222E-17,0.));
#5433 = ORIENTED_EDGE('',*,*,#4405,.F.);
#5434 = ORIENTED_EDGE('',*,*,#5435,.F.);
#5435 = EDGE_CURVE('',#3533,#4398,#5436,.T.);
#5436 = LINE('',#5437,#5438);
#5437 = CARTESIAN_POINT('',(-2.4,-0.52,0.625));
#5438 = VECTOR('',#5439,1.);
#5439 = DIRECTION('',(1.,-1.144237745222E-17,0.));
#5440 = PLANE('',#5441);
#5441 = AXIS2_PLACEMENT_3D('',#5442,#5443,#5444);
#5442 = CARTESIAN_POINT('',(-3.188450421961E-18,2.475,0.625));
#5443 = DIRECTION('',(0.,0.,-1.));
#5444 = DIRECTION('',(1.,1.111674977262E-16,0.));
#5445 = ADVANCED_FACE('',(#5446),#5532,.F.);
#5446 = FACE_BOUND('',#5447,.F.);
#5447 = EDGE_LOOP('',(#5448,#5449,#5450,#5459,#5467,#5476,#5484,#5492,
    #5500,#5509,#5517,#5526));
#5448 = ORIENTED_EDGE('',*,*,#3541,.F.);
#5449 = ORIENTED_EDGE('',*,*,#3563,.T.);
#5450 = ORIENTED_EDGE('',*,*,#5451,.T.);
#5451 = EDGE_CURVE('',#3564,#5452,#5454,.T.);
#5452 = VERTEX_POINT('',#5453);
#5453 = CARTESIAN_POINT('',(-2.498480775301,-0.13,0.392364817767));
#5454 = CIRCLE('',#5455,0.1);
#5455 = AXIS2_PLACEMENT_3D('',#5456,#5457,#5458);
#5456 = CARTESIAN_POINT('',(-2.4,-0.13,0.375));
#5457 = DIRECTION('',(-1.144237745222E-17,-1.,4.379057701015E-47));
#5458 = DIRECTION('',(-4.440892098501E-15,5.081436361563E-32,1.));
#5459 = ORIENTED_EDGE('',*,*,#5460,.T.);
#5460 = EDGE_CURVE('',#5452,#5461,#5463,.T.);
#5461 = VERTEX_POINT('',#5462);
#5462 = CARTESIAN_POINT('',(-2.525838934336,-0.13,0.206587955583));
#5463 = LINE('',#5464,#5465);
#5464 = CARTESIAN_POINT('',(-2.498480775301,-0.13,0.392364817767));
#5465 = VECTOR('',#5466,1.);
#5466 = DIRECTION('',(-0.145692235845,1.667065554401E-18,-0.989329961345
    ));
#5467 = ORIENTED_EDGE('',*,*,#5468,.T.);
#5468 = EDGE_CURVE('',#5461,#5469,#5471,.T.);
#5469 = VERTEX_POINT('',#5470);
#5470 = CARTESIAN_POINT('',(-2.772040872589,-0.13,-5.551115123126E-17));
#5471 = CIRCLE('',#5472,0.25);
#5472 = AXIS2_PLACEMENT_3D('',#5473,#5474,#5475);
#5473 = CARTESIAN_POINT('',(-2.772040872589,-0.13,0.25));
#5474 = DIRECTION('',(1.144237745222E-17,1.,3.08148791102E-33));
#5475 = DIRECTION('',(0.984807753012,-1.126854202784E-17,-0.173648177667
    ));
#5476 = ORIENTED_EDGE('',*,*,#5477,.T.);
#5477 = EDGE_CURVE('',#5469,#5478,#5480,.T.);
#5478 = VERTEX_POINT('',#5479);
#5479 = CARTESIAN_POINT('',(-3.2,-0.13,-5.551115123126E-17));
#5480 = LINE('',#5481,#5482);
#5481 = CARTESIAN_POINT('',(-2.772040872589,-0.13,-5.551115123126E-17));
#5482 = VECTOR('',#5483,1.);
#5483 = DIRECTION('',(-1.,1.144237745222E-17,0.));
#5484 = ORIENTED_EDGE('',*,*,#5485,.T.);
#5485 = EDGE_CURVE('',#5478,#5486,#5488,.T.);
#5486 = VERTEX_POINT('',#5487);
#5487 = CARTESIAN_POINT('',(-3.2,-0.13,0.15));
#5488 = LINE('',#5489,#5490);
#5489 = CARTESIAN_POINT('',(-3.2,-0.13,-5.551115123126E-17));
#5490 = VECTOR('',#5491,1.);
#5491 = DIRECTION('',(0.,0.,1.));
#5492 = ORIENTED_EDGE('',*,*,#5493,.T.);
#5493 = EDGE_CURVE('',#5486,#5494,#5496,.T.);
#5494 = VERTEX_POINT('',#5495);
#5495 = CARTESIAN_POINT('',(-2.772040872589,-0.13,0.15));
#5496 = LINE('',#5497,#5498);
#5497 = CARTESIAN_POINT('',(-3.2,-0.13,0.15));
#5498 = VECTOR('',#5499,1.);
#5499 = DIRECTION('',(1.,-1.144237745222E-17,0.));
#5500 = ORIENTED_EDGE('',*,*,#5501,.T.);
#5501 = EDGE_CURVE('',#5494,#5502,#5504,.T.);
#5502 = VERTEX_POINT('',#5503);
#5503 = CARTESIAN_POINT('',(-2.673560097287,-0.13,0.232635182233));
#5504 = CIRCLE('',#5505,0.1);
#5505 = AXIS2_PLACEMENT_3D('',#5506,#5507,#5508);
#5506 = CARTESIAN_POINT('',(-2.772040872589,-0.13,0.25));
#5507 = DIRECTION('',(-1.144237745222E-17,-1.,-0.));
#5508 = DIRECTION('',(0.,0.,-1.));
#5509 = ORIENTED_EDGE('',*,*,#5510,.T.);
#5510 = EDGE_CURVE('',#5502,#5511,#5513,.T.);
#5511 = VERTEX_POINT('',#5512);
#5512 = CARTESIAN_POINT('',(-2.646201938253,-0.13,0.418412044417));
#5513 = LINE('',#5514,#5515);
#5514 = CARTESIAN_POINT('',(-2.673560097287,-0.13,0.232635182233));
#5515 = VECTOR('',#5516,1.);
#5516 = DIRECTION('',(0.145692235845,-1.667065554401E-18,0.989329961345)
  );
#5517 = ORIENTED_EDGE('',*,*,#5518,.T.);
#5518 = EDGE_CURVE('',#5511,#5519,#5521,.T.);
#5519 = VERTEX_POINT('',#5520);
#5520 = CARTESIAN_POINT('',(-2.4,-0.13,0.625));
#5521 = CIRCLE('',#5522,0.25);
#5522 = AXIS2_PLACEMENT_3D('',#5523,#5524,#5525);
#5523 = CARTESIAN_POINT('',(-2.4,-0.13,0.375));
#5524 = DIRECTION('',(1.144237745222E-17,1.,-3.851859888774E-34));
#5525 = DIRECTION('',(-0.984807753012,1.126854202784E-17,0.173648177667)
  );
#5526 = ORIENTED_EDGE('',*,*,#5527,.T.);
#5527 = EDGE_CURVE('',#5519,#3542,#5528,.T.);
#5528 = LINE('',#5529,#5530);
#5529 = CARTESIAN_POINT('',(-2.4,-0.13,0.625));
#5530 = VECTOR('',#5531,1.);
#5531 = DIRECTION('',(1.,-1.144237745222E-17,0.));
#5532 = PLANE('',#5533);
#5533 = AXIS2_PLACEMENT_3D('',#5534,#5535,#5536);
#5534 = CARTESIAN_POINT('',(-2.637615762047,-0.13,0.292893776214));
#5535 = DIRECTION('',(1.144237745222E-17,1.,0.));
#5536 = DIRECTION('',(0.,-0.,1.));
#5537 = ADVANCED_FACE('',(#5538),#5557,.F.);
#5538 = FACE_BOUND('',#5539,.F.);
#5539 = EDGE_LOOP('',(#5540,#5541,#5550,#5556));
#5540 = ORIENTED_EDGE('',*,*,#3580,.T.);
#5541 = ORIENTED_EDGE('',*,*,#5542,.T.);
#5542 = EDGE_CURVE('',#3573,#5543,#5545,.T.);
#5543 = VERTEX_POINT('',#5544);
#5544 = CARTESIAN_POINT('',(-2.498480775301,0.13,0.392364817767));
#5545 = CIRCLE('',#5546,0.1);
#5546 = AXIS2_PLACEMENT_3D('',#5547,#5548,#5549);
#5547 = CARTESIAN_POINT('',(-2.4,0.13,0.375));
#5548 = DIRECTION('',(-1.144237745222E-17,-1.,4.379057701015E-47));
#5549 = DIRECTION('',(-4.440892098501E-15,5.081436361563E-32,1.));
#5550 = ORIENTED_EDGE('',*,*,#5551,.F.);
#5551 = EDGE_CURVE('',#5452,#5543,#5552,.T.);
#5552 = LINE('',#5553,#5554);
#5553 = CARTESIAN_POINT('',(-2.498480775301,-0.13,0.392364817767));
#5554 = VECTOR('',#5555,1.);
#5555 = DIRECTION('',(1.144237745222E-17,1.,0.));
#5556 = ORIENTED_EDGE('',*,*,#5451,.F.);
#5557 = CYLINDRICAL_SURFACE('',#5558,0.1);
#5558 = AXIS2_PLACEMENT_3D('',#5559,#5560,#5561);
#5559 = CARTESIAN_POINT('',(-2.4,-0.13,0.375));
#5560 = DIRECTION('',(-1.144237745222E-17,-1.,0.));
#5561 = DIRECTION('',(-4.440892098501E-15,5.081436361563E-32,1.));
#5562 = ADVANCED_FACE('',(#5563),#5641,.T.);
#5563 = FACE_BOUND('',#5564,.T.);
#5564 = EDGE_LOOP('',(#5565,#5566,#5567,#5568,#5576,#5585,#5593,#5601,
    #5609,#5618,#5626,#5635));
#5565 = ORIENTED_EDGE('',*,*,#3594,.F.);
#5566 = ORIENTED_EDGE('',*,*,#3572,.T.);
#5567 = ORIENTED_EDGE('',*,*,#5542,.T.);
#5568 = ORIENTED_EDGE('',*,*,#5569,.T.);
#5569 = EDGE_CURVE('',#5543,#5570,#5572,.T.);
#5570 = VERTEX_POINT('',#5571);
#5571 = CARTESIAN_POINT('',(-2.525838934336,0.13,0.206587955583));
#5572 = LINE('',#5573,#5574);
#5573 = CARTESIAN_POINT('',(-2.498480775301,0.13,0.392364817767));
#5574 = VECTOR('',#5575,1.);
#5575 = DIRECTION('',(-0.145692235845,1.667065554401E-18,-0.989329961345
    ));
#5576 = ORIENTED_EDGE('',*,*,#5577,.T.);
#5577 = EDGE_CURVE('',#5570,#5578,#5580,.T.);
#5578 = VERTEX_POINT('',#5579);
#5579 = CARTESIAN_POINT('',(-2.772040872589,0.13,-5.551115123126E-17));
#5580 = CIRCLE('',#5581,0.25);
#5581 = AXIS2_PLACEMENT_3D('',#5582,#5583,#5584);
#5582 = CARTESIAN_POINT('',(-2.772040872589,0.13,0.25));
#5583 = DIRECTION('',(1.144237745222E-17,1.,3.08148791102E-33));
#5584 = DIRECTION('',(0.984807753012,-1.126854202784E-17,-0.173648177667
    ));
#5585 = ORIENTED_EDGE('',*,*,#5586,.T.);
#5586 = EDGE_CURVE('',#5578,#5587,#5589,.T.);
#5587 = VERTEX_POINT('',#5588);
#5588 = CARTESIAN_POINT('',(-3.2,0.13,-5.551115123126E-17));
#5589 = LINE('',#5590,#5591);
#5590 = CARTESIAN_POINT('',(-2.772040872589,0.13,-5.551115123126E-17));
#5591 = VECTOR('',#5592,1.);
#5592 = DIRECTION('',(-1.,1.144237745222E-17,0.));
#5593 = ORIENTED_EDGE('',*,*,#5594,.T.);
#5594 = EDGE_CURVE('',#5587,#5595,#5597,.T.);
#5595 = VERTEX_POINT('',#5596);
#5596 = CARTESIAN_POINT('',(-3.2,0.13,0.15));
#5597 = LINE('',#5598,#5599);
#5598 = CARTESIAN_POINT('',(-3.2,0.13,-5.551115123126E-17));
#5599 = VECTOR('',#5600,1.);
#5600 = DIRECTION('',(0.,0.,1.));
#5601 = ORIENTED_EDGE('',*,*,#5602,.T.);
#5602 = EDGE_CURVE('',#5595,#5603,#5605,.T.);
#5603 = VERTEX_POINT('',#5604);
#5604 = CARTESIAN_POINT('',(-2.772040872589,0.13,0.15));
#5605 = LINE('',#5606,#5607);
#5606 = CARTESIAN_POINT('',(-3.2,0.13,0.15));
#5607 = VECTOR('',#5608,1.);
#5608 = DIRECTION('',(1.,-1.144237745222E-17,0.));
#5609 = ORIENTED_EDGE('',*,*,#5610,.T.);
#5610 = EDGE_CURVE('',#5603,#5611,#5613,.T.);
#5611 = VERTEX_POINT('',#5612);
#5612 = CARTESIAN_POINT('',(-2.673560097287,0.13,0.232635182233));
#5613 = CIRCLE('',#5614,0.1);
#5614 = AXIS2_PLACEMENT_3D('',#5615,#5616,#5617);
#5615 = CARTESIAN_POINT('',(-2.772040872589,0.13,0.25));
#5616 = DIRECTION('',(-1.144237745222E-17,-1.,-0.));
#5617 = DIRECTION('',(0.,0.,-1.));
#5618 = ORIENTED_EDGE('',*,*,#5619,.T.);
#5619 = EDGE_CURVE('',#5611,#5620,#5622,.T.);
#5620 = VERTEX_POINT('',#5621);
#5621 = CARTESIAN_POINT('',(-2.646201938253,0.13,0.418412044417));
#5622 = LINE('',#5623,#5624);
#5623 = CARTESIAN_POINT('',(-2.673560097287,0.13,0.232635182233));
#5624 = VECTOR('',#5625,1.);
#5625 = DIRECTION('',(0.145692235845,-1.667065554401E-18,0.989329961345)
  );
#5626 = ORIENTED_EDGE('',*,*,#5627,.T.);
#5627 = EDGE_CURVE('',#5620,#5628,#5630,.T.);
#5628 = VERTEX_POINT('',#5629);
#5629 = CARTESIAN_POINT('',(-2.4,0.13,0.625));
#5630 = CIRCLE('',#5631,0.25);
#5631 = AXIS2_PLACEMENT_3D('',#5632,#5633,#5634);
#5632 = CARTESIAN_POINT('',(-2.4,0.13,0.375));
#5633 = DIRECTION('',(1.144237745222E-17,1.,-3.851859888774E-34));
#5634 = DIRECTION('',(-0.984807753012,1.126854202784E-17,0.173648177667)
  );
#5635 = ORIENTED_EDGE('',*,*,#5636,.T.);
#5636 = EDGE_CURVE('',#5628,#3595,#5637,.T.);
#5637 = LINE('',#5638,#5639);
#5638 = CARTESIAN_POINT('',(-2.4,0.13,0.625));
#5639 = VECTOR('',#5640,1.);
#5640 = DIRECTION('',(1.,-1.144237745222E-17,0.));
#5641 = PLANE('',#5642);
#5642 = AXIS2_PLACEMENT_3D('',#5643,#5644,#5645);
#5643 = CARTESIAN_POINT('',(-2.637615762047,0.13,0.292893776214));
#5644 = DIRECTION('',(1.144237745222E-17,1.,0.));
#5645 = DIRECTION('',(0.,-0.,1.));
#5646 = ADVANCED_FACE('',(#5647),#5663,.F.);
#5647 = FACE_BOUND('',#5648,.F.);
#5648 = EDGE_LOOP('',(#5649,#5650,#5656,#5657));
#5649 = ORIENTED_EDGE('',*,*,#3611,.T.);
#5650 = ORIENTED_EDGE('',*,*,#5651,.T.);
#5651 = EDGE_CURVE('',#3604,#4422,#5652,.T.);
#5652 = LINE('',#5653,#5654);
#5653 = CARTESIAN_POINT('',(-2.4,0.52,0.625));
#5654 = VECTOR('',#5655,1.);
#5655 = DIRECTION('',(1.,-1.144237745222E-17,0.));
#5656 = ORIENTED_EDGE('',*,*,#4421,.F.);
#5657 = ORIENTED_EDGE('',*,*,#5658,.F.);
#5658 = EDGE_CURVE('',#3595,#4414,#5659,.T.);
#5659 = LINE('',#5660,#5661);
#5660 = CARTESIAN_POINT('',(-2.4,0.13,0.625));
#5661 = VECTOR('',#5662,1.);
#5662 = DIRECTION('',(1.,-1.144237745222E-17,0.));
#5663 = PLANE('',#5664);
#5664 = AXIS2_PLACEMENT_3D('',#5665,#5666,#5667);
#5665 = CARTESIAN_POINT('',(-3.188450421961E-18,2.475,0.625));
#5666 = DIRECTION('',(0.,0.,-1.));
#5667 = DIRECTION('',(1.,1.111674977262E-16,0.));
#5668 = ADVANCED_FACE('',(#5669),#5755,.F.);
#5669 = FACE_BOUND('',#5670,.F.);
#5670 = EDGE_LOOP('',(#5671,#5672,#5673,#5682,#5690,#5699,#5707,#5715,
    #5723,#5732,#5740,#5749));
#5671 = ORIENTED_EDGE('',*,*,#3603,.F.);
#5672 = ORIENTED_EDGE('',*,*,#3625,.T.);
#5673 = ORIENTED_EDGE('',*,*,#5674,.T.);
#5674 = EDGE_CURVE('',#3626,#5675,#5677,.T.);
#5675 = VERTEX_POINT('',#5676);
#5676 = CARTESIAN_POINT('',(-2.498480775301,0.52,0.392364817767));
#5677 = CIRCLE('',#5678,0.1);
#5678 = AXIS2_PLACEMENT_3D('',#5679,#5680,#5681);
#5679 = CARTESIAN_POINT('',(-2.4,0.52,0.375));
#5680 = DIRECTION('',(-1.144237745222E-17,-1.,4.379057701015E-47));
#5681 = DIRECTION('',(-4.440892098501E-15,5.081436361563E-32,1.));
#5682 = ORIENTED_EDGE('',*,*,#5683,.T.);
#5683 = EDGE_CURVE('',#5675,#5684,#5686,.T.);
#5684 = VERTEX_POINT('',#5685);
#5685 = CARTESIAN_POINT('',(-2.525838934336,0.52,0.206587955583));
#5686 = LINE('',#5687,#5688);
#5687 = CARTESIAN_POINT('',(-2.498480775301,0.52,0.392364817767));
#5688 = VECTOR('',#5689,1.);
#5689 = DIRECTION('',(-0.145692235845,1.667065554401E-18,-0.989329961345
    ));
#5690 = ORIENTED_EDGE('',*,*,#5691,.T.);
#5691 = EDGE_CURVE('',#5684,#5692,#5694,.T.);
#5692 = VERTEX_POINT('',#5693);
#5693 = CARTESIAN_POINT('',(-2.772040872589,0.52,-5.551115123126E-17));
#5694 = CIRCLE('',#5695,0.25);
#5695 = AXIS2_PLACEMENT_3D('',#5696,#5697,#5698);
#5696 = CARTESIAN_POINT('',(-2.772040872589,0.52,0.25));
#5697 = DIRECTION('',(1.144237745222E-17,1.,3.08148791102E-33));
#5698 = DIRECTION('',(0.984807753012,-1.126854202784E-17,-0.173648177667
    ));
#5699 = ORIENTED_EDGE('',*,*,#5700,.T.);
#5700 = EDGE_CURVE('',#5692,#5701,#5703,.T.);
#5701 = VERTEX_POINT('',#5702);
#5702 = CARTESIAN_POINT('',(-3.2,0.52,-5.551115123126E-17));
#5703 = LINE('',#5704,#5705);
#5704 = CARTESIAN_POINT('',(-2.772040872589,0.52,-5.551115123126E-17));
#5705 = VECTOR('',#5706,1.);
#5706 = DIRECTION('',(-1.,1.144237745222E-17,0.));
#5707 = ORIENTED_EDGE('',*,*,#5708,.T.);
#5708 = EDGE_CURVE('',#5701,#5709,#5711,.T.);
#5709 = VERTEX_POINT('',#5710);
#5710 = CARTESIAN_POINT('',(-3.2,0.52,0.15));
#5711 = LINE('',#5712,#5713);
#5712 = CARTESIAN_POINT('',(-3.2,0.52,-5.551115123126E-17));
#5713 = VECTOR('',#5714,1.);
#5714 = DIRECTION('',(0.,0.,1.));
#5715 = ORIENTED_EDGE('',*,*,#5716,.T.);
#5716 = EDGE_CURVE('',#5709,#5717,#5719,.T.);
#5717 = VERTEX_POINT('',#5718);
#5718 = CARTESIAN_POINT('',(-2.772040872589,0.52,0.15));
#5719 = LINE('',#5720,#5721);
#5720 = CARTESIAN_POINT('',(-3.2,0.52,0.15));
#5721 = VECTOR('',#5722,1.);
#5722 = DIRECTION('',(1.,-1.144237745222E-17,0.));
#5723 = ORIENTED_EDGE('',*,*,#5724,.T.);
#5724 = EDGE_CURVE('',#5717,#5725,#5727,.T.);
#5725 = VERTEX_POINT('',#5726);
#5726 = CARTESIAN_POINT('',(-2.673560097287,0.52,0.232635182233));
#5727 = CIRCLE('',#5728,0.1);
#5728 = AXIS2_PLACEMENT_3D('',#5729,#5730,#5731);
#5729 = CARTESIAN_POINT('',(-2.772040872589,0.52,0.25));
#5730 = DIRECTION('',(-1.144237745222E-17,-1.,-0.));
#5731 = DIRECTION('',(0.,0.,-1.));
#5732 = ORIENTED_EDGE('',*,*,#5733,.T.);
#5733 = EDGE_CURVE('',#5725,#5734,#5736,.T.);
#5734 = VERTEX_POINT('',#5735);
#5735 = CARTESIAN_POINT('',(-2.646201938253,0.52,0.418412044417));
#5736 = LINE('',#5737,#5738);
#5737 = CARTESIAN_POINT('',(-2.673560097287,0.52,0.232635182233));
#5738 = VECTOR('',#5739,1.);
#5739 = DIRECTION('',(0.145692235845,-1.667065554401E-18,0.989329961345)
  );
#5740 = ORIENTED_EDGE('',*,*,#5741,.T.);
#5741 = EDGE_CURVE('',#5734,#5742,#5744,.T.);
#5742 = VERTEX_POINT('',#5743);
#5743 = CARTESIAN_POINT('',(-2.4,0.52,0.625));
#5744 = CIRCLE('',#5745,0.25);
#5745 = AXIS2_PLACEMENT_3D('',#5746,#5747,#5748);
#5746 = CARTESIAN_POINT('',(-2.4,0.52,0.375));
#5747 = DIRECTION('',(1.144237745222E-17,1.,-3.851859888774E-34));
#5748 = DIRECTION('',(-0.984807753012,1.126854202784E-17,0.173648177667)
  );
#5749 = ORIENTED_EDGE('',*,*,#5750,.T.);
#5750 = EDGE_CURVE('',#5742,#3604,#5751,.T.);
#5751 = LINE('',#5752,#5753);
#5752 = CARTESIAN_POINT('',(-2.4,0.52,0.625));
#5753 = VECTOR('',#5754,1.);
#5754 = DIRECTION('',(1.,-1.144237745222E-17,0.));
#5755 = PLANE('',#5756);
#5756 = AXIS2_PLACEMENT_3D('',#5757,#5758,#5759);
#5757 = CARTESIAN_POINT('',(-2.637615762047,0.52,0.292893776214));
#5758 = DIRECTION('',(1.144237745222E-17,1.,0.));
#5759 = DIRECTION('',(0.,-0.,1.));
#5760 = ADVANCED_FACE('',(#5761),#5780,.F.);
#5761 = FACE_BOUND('',#5762,.F.);
#5762 = EDGE_LOOP('',(#5763,#5764,#5773,#5779));
#5763 = ORIENTED_EDGE('',*,*,#3642,.T.);
#5764 = ORIENTED_EDGE('',*,*,#5765,.T.);
#5765 = EDGE_CURVE('',#3635,#5766,#5768,.T.);
#5766 = VERTEX_POINT('',#5767);
#5767 = CARTESIAN_POINT('',(-2.498480775301,0.78,0.392364817767));
#5768 = CIRCLE('',#5769,0.1);
#5769 = AXIS2_PLACEMENT_3D('',#5770,#5771,#5772);
#5770 = CARTESIAN_POINT('',(-2.4,0.78,0.375));
#5771 = DIRECTION('',(-1.144237745222E-17,-1.,4.379057701015E-47));
#5772 = DIRECTION('',(-4.440892098501E-15,5.081436361563E-32,1.));
#5773 = ORIENTED_EDGE('',*,*,#5774,.F.);
#5774 = EDGE_CURVE('',#5675,#5766,#5775,.T.);
#5775 = LINE('',#5776,#5777);
#5776 = CARTESIAN_POINT('',(-2.498480775301,0.52,0.392364817767));
#5777 = VECTOR('',#5778,1.);
#5778 = DIRECTION('',(1.144237745222E-17,1.,0.));
#5779 = ORIENTED_EDGE('',*,*,#5674,.F.);
#5780 = CYLINDRICAL_SURFACE('',#5781,0.1);
#5781 = AXIS2_PLACEMENT_3D('',#5782,#5783,#5784);
#5782 = CARTESIAN_POINT('',(-2.4,0.52,0.375));
#5783 = DIRECTION('',(-1.144237745222E-17,-1.,0.));
#5784 = DIRECTION('',(-4.440892098501E-15,5.081436361563E-32,1.));
#5785 = ADVANCED_FACE('',(#5786),#5864,.T.);
#5786 = FACE_BOUND('',#5787,.T.);
#5787 = EDGE_LOOP('',(#5788,#5789,#5790,#5791,#5799,#5808,#5816,#5824,
    #5832,#5841,#5849,#5858));
#5788 = ORIENTED_EDGE('',*,*,#3656,.F.);
#5789 = ORIENTED_EDGE('',*,*,#3634,.T.);
#5790 = ORIENTED_EDGE('',*,*,#5765,.T.);
#5791 = ORIENTED_EDGE('',*,*,#5792,.T.);
#5792 = EDGE_CURVE('',#5766,#5793,#5795,.T.);
#5793 = VERTEX_POINT('',#5794);
#5794 = CARTESIAN_POINT('',(-2.525838934336,0.78,0.206587955583));
#5795 = LINE('',#5796,#5797);
#5796 = CARTESIAN_POINT('',(-2.498480775301,0.78,0.392364817767));
#5797 = VECTOR('',#5798,1.);
#5798 = DIRECTION('',(-0.145692235845,1.667065554401E-18,-0.989329961345
    ));
#5799 = ORIENTED_EDGE('',*,*,#5800,.T.);
#5800 = EDGE_CURVE('',#5793,#5801,#5803,.T.);
#5801 = VERTEX_POINT('',#5802);
#5802 = CARTESIAN_POINT('',(-2.772040872589,0.78,-5.551115123126E-17));
#5803 = CIRCLE('',#5804,0.25);
#5804 = AXIS2_PLACEMENT_3D('',#5805,#5806,#5807);
#5805 = CARTESIAN_POINT('',(-2.772040872589,0.78,0.25));
#5806 = DIRECTION('',(1.144237745222E-17,1.,3.08148791102E-33));
#5807 = DIRECTION('',(0.984807753012,-1.126854202784E-17,-0.173648177667
    ));
#5808 = ORIENTED_EDGE('',*,*,#5809,.T.);
#5809 = EDGE_CURVE('',#5801,#5810,#5812,.T.);
#5810 = VERTEX_POINT('',#5811);
#5811 = CARTESIAN_POINT('',(-3.2,0.78,-5.551115123126E-17));
#5812 = LINE('',#5813,#5814);
#5813 = CARTESIAN_POINT('',(-2.772040872589,0.78,-5.551115123126E-17));
#5814 = VECTOR('',#5815,1.);
#5815 = DIRECTION('',(-1.,1.144237745222E-17,0.));
#5816 = ORIENTED_EDGE('',*,*,#5817,.T.);
#5817 = EDGE_CURVE('',#5810,#5818,#5820,.T.);
#5818 = VERTEX_POINT('',#5819);
#5819 = CARTESIAN_POINT('',(-3.2,0.78,0.15));
#5820 = LINE('',#5821,#5822);
#5821 = CARTESIAN_POINT('',(-3.2,0.78,-5.551115123126E-17));
#5822 = VECTOR('',#5823,1.);
#5823 = DIRECTION('',(0.,0.,1.));
#5824 = ORIENTED_EDGE('',*,*,#5825,.T.);
#5825 = EDGE_CURVE('',#5818,#5826,#5828,.T.);
#5826 = VERTEX_POINT('',#5827);
#5827 = CARTESIAN_POINT('',(-2.772040872589,0.78,0.15));
#5828 = LINE('',#5829,#5830);
#5829 = CARTESIAN_POINT('',(-3.2,0.78,0.15));
#5830 = VECTOR('',#5831,1.);
#5831 = DIRECTION('',(1.,-1.144237745222E-17,0.));
#5832 = ORIENTED_EDGE('',*,*,#5833,.T.);
#5833 = EDGE_CURVE('',#5826,#5834,#5836,.T.);
#5834 = VERTEX_POINT('',#5835);
#5835 = CARTESIAN_POINT('',(-2.673560097287,0.78,0.232635182233));
#5836 = CIRCLE('',#5837,0.1);
#5837 = AXIS2_PLACEMENT_3D('',#5838,#5839,#5840);
#5838 = CARTESIAN_POINT('',(-2.772040872589,0.78,0.25));
#5839 = DIRECTION('',(-1.144237745222E-17,-1.,-0.));
#5840 = DIRECTION('',(0.,0.,-1.));
#5841 = ORIENTED_EDGE('',*,*,#5842,.T.);
#5842 = EDGE_CURVE('',#5834,#5843,#5845,.T.);
#5843 = VERTEX_POINT('',#5844);
#5844 = CARTESIAN_POINT('',(-2.646201938253,0.78,0.418412044417));
#5845 = LINE('',#5846,#5847);
#5846 = CARTESIAN_POINT('',(-2.673560097287,0.78,0.232635182233));
#5847 = VECTOR('',#5848,1.);
#5848 = DIRECTION('',(0.145692235845,-1.667065554401E-18,0.989329961345)
  );
#5849 = ORIENTED_EDGE('',*,*,#5850,.T.);
#5850 = EDGE_CURVE('',#5843,#5851,#5853,.T.);
#5851 = VERTEX_POINT('',#5852);
#5852 = CARTESIAN_POINT('',(-2.4,0.78,0.625));
#5853 = CIRCLE('',#5854,0.25);
#5854 = AXIS2_PLACEMENT_3D('',#5855,#5856,#5857);
#5855 = CARTESIAN_POINT('',(-2.4,0.78,0.375));
#5856 = DIRECTION('',(1.144237745222E-17,1.,-3.851859888774E-34));
#5857 = DIRECTION('',(-0.984807753012,1.126854202784E-17,0.173648177667)
  );
#5858 = ORIENTED_EDGE('',*,*,#5859,.T.);
#5859 = EDGE_CURVE('',#5851,#3657,#5860,.T.);
#5860 = LINE('',#5861,#5862);
#5861 = CARTESIAN_POINT('',(-2.4,0.78,0.625));
#5862 = VECTOR('',#5863,1.);
#5863 = DIRECTION('',(1.,-1.144237745222E-17,0.));
#5864 = PLANE('',#5865);
#5865 = AXIS2_PLACEMENT_3D('',#5866,#5867,#5868);
#5866 = CARTESIAN_POINT('',(-2.637615762047,0.78,0.292893776214));
#5867 = DIRECTION('',(1.144237745222E-17,1.,0.));
#5868 = DIRECTION('',(0.,-0.,1.));
#5869 = ADVANCED_FACE('',(#5870),#5886,.F.);
#5870 = FACE_BOUND('',#5871,.F.);
#5871 = EDGE_LOOP('',(#5872,#5873,#5879,#5880));
#5872 = ORIENTED_EDGE('',*,*,#3673,.T.);
#5873 = ORIENTED_EDGE('',*,*,#5874,.T.);
#5874 = EDGE_CURVE('',#3666,#4438,#5875,.T.);
#5875 = LINE('',#5876,#5877);
#5876 = CARTESIAN_POINT('',(-2.4,1.17,0.625));
#5877 = VECTOR('',#5878,1.);
#5878 = DIRECTION('',(1.,-1.144237745222E-17,0.));
#5879 = ORIENTED_EDGE('',*,*,#4437,.F.);
#5880 = ORIENTED_EDGE('',*,*,#5881,.F.);
#5881 = EDGE_CURVE('',#3657,#4430,#5882,.T.);
#5882 = LINE('',#5883,#5884);
#5883 = CARTESIAN_POINT('',(-2.4,0.78,0.625));
#5884 = VECTOR('',#5885,1.);
#5885 = DIRECTION('',(1.,-1.144237745222E-17,0.));
#5886 = PLANE('',#5887);
#5887 = AXIS2_PLACEMENT_3D('',#5888,#5889,#5890);
#5888 = CARTESIAN_POINT('',(-3.188450421961E-18,2.475,0.625));
#5889 = DIRECTION('',(0.,0.,-1.));
#5890 = DIRECTION('',(1.,1.111674977262E-16,0.));
#5891 = ADVANCED_FACE('',(#5892),#5978,.F.);
#5892 = FACE_BOUND('',#5893,.F.);
#5893 = EDGE_LOOP('',(#5894,#5895,#5896,#5905,#5913,#5922,#5930,#5938,
    #5946,#5955,#5963,#5972));
#5894 = ORIENTED_EDGE('',*,*,#3665,.F.);
#5895 = ORIENTED_EDGE('',*,*,#3687,.T.);
#5896 = ORIENTED_EDGE('',*,*,#5897,.T.);
#5897 = EDGE_CURVE('',#3688,#5898,#5900,.T.);
#5898 = VERTEX_POINT('',#5899);
#5899 = CARTESIAN_POINT('',(-2.498480775301,1.17,0.392364817767));
#5900 = CIRCLE('',#5901,0.1);
#5901 = AXIS2_PLACEMENT_3D('',#5902,#5903,#5904);
#5902 = CARTESIAN_POINT('',(-2.4,1.17,0.375));
#5903 = DIRECTION('',(-1.144237745222E-17,-1.,4.379057701015E-47));
#5904 = DIRECTION('',(-4.440892098501E-15,5.081436361563E-32,1.));
#5905 = ORIENTED_EDGE('',*,*,#5906,.T.);
#5906 = EDGE_CURVE('',#5898,#5907,#5909,.T.);
#5907 = VERTEX_POINT('',#5908);
#5908 = CARTESIAN_POINT('',(-2.525838934336,1.17,0.206587955583));
#5909 = LINE('',#5910,#5911);
#5910 = CARTESIAN_POINT('',(-2.498480775301,1.17,0.392364817767));
#5911 = VECTOR('',#5912,1.);
#5912 = DIRECTION('',(-0.145692235845,1.667065554401E-18,-0.989329961345
    ));
#5913 = ORIENTED_EDGE('',*,*,#5914,.T.);
#5914 = EDGE_CURVE('',#5907,#5915,#5917,.T.);
#5915 = VERTEX_POINT('',#5916);
#5916 = CARTESIAN_POINT('',(-2.772040872589,1.17,-5.551115123126E-17));
#5917 = CIRCLE('',#5918,0.25);
#5918 = AXIS2_PLACEMENT_3D('',#5919,#5920,#5921);
#5919 = CARTESIAN_POINT('',(-2.772040872589,1.17,0.25));
#5920 = DIRECTION('',(1.144237745222E-17,1.,3.08148791102E-33));
#5921 = DIRECTION('',(0.984807753012,-1.126854202784E-17,-0.173648177667
    ));
#5922 = ORIENTED_EDGE('',*,*,#5923,.T.);
#5923 = EDGE_CURVE('',#5915,#5924,#5926,.T.);
#5924 = VERTEX_POINT('',#5925);
#5925 = CARTESIAN_POINT('',(-3.2,1.17,-5.551115123126E-17));
#5926 = LINE('',#5927,#5928);
#5927 = CARTESIAN_POINT('',(-2.772040872589,1.17,-5.551115123126E-17));
#5928 = VECTOR('',#5929,1.);
#5929 = DIRECTION('',(-1.,1.144237745222E-17,0.));
#5930 = ORIENTED_EDGE('',*,*,#5931,.T.);
#5931 = EDGE_CURVE('',#5924,#5932,#5934,.T.);
#5932 = VERTEX_POINT('',#5933);
#5933 = CARTESIAN_POINT('',(-3.2,1.17,0.15));
#5934 = LINE('',#5935,#5936);
#5935 = CARTESIAN_POINT('',(-3.2,1.17,-5.551115123126E-17));
#5936 = VECTOR('',#5937,1.);
#5937 = DIRECTION('',(0.,0.,1.));
#5938 = ORIENTED_EDGE('',*,*,#5939,.T.);
#5939 = EDGE_CURVE('',#5932,#5940,#5942,.T.);
#5940 = VERTEX_POINT('',#5941);
#5941 = CARTESIAN_POINT('',(-2.772040872589,1.17,0.15));
#5942 = LINE('',#5943,#5944);
#5943 = CARTESIAN_POINT('',(-3.2,1.17,0.15));
#5944 = VECTOR('',#5945,1.);
#5945 = DIRECTION('',(1.,-1.144237745222E-17,0.));
#5946 = ORIENTED_EDGE('',*,*,#5947,.T.);
#5947 = EDGE_CURVE('',#5940,#5948,#5950,.T.);
#5948 = VERTEX_POINT('',#5949);
#5949 = CARTESIAN_POINT('',(-2.673560097287,1.17,0.232635182233));
#5950 = CIRCLE('',#5951,0.1);
#5951 = AXIS2_PLACEMENT_3D('',#5952,#5953,#5954);
#5952 = CARTESIAN_POINT('',(-2.772040872589,1.17,0.25));
#5953 = DIRECTION('',(-1.144237745222E-17,-1.,-0.));
#5954 = DIRECTION('',(0.,0.,-1.));
#5955 = ORIENTED_EDGE('',*,*,#5956,.T.);
#5956 = EDGE_CURVE('',#5948,#5957,#5959,.T.);
#5957 = VERTEX_POINT('',#5958);
#5958 = CARTESIAN_POINT('',(-2.646201938253,1.17,0.418412044417));
#5959 = LINE('',#5960,#5961);
#5960 = CARTESIAN_POINT('',(-2.673560097287,1.17,0.232635182233));
#5961 = VECTOR('',#5962,1.);
#5962 = DIRECTION('',(0.145692235845,-1.667065554401E-18,0.989329961345)
  );
#5963 = ORIENTED_EDGE('',*,*,#5964,.T.);
#5964 = EDGE_CURVE('',#5957,#5965,#5967,.T.);
#5965 = VERTEX_POINT('',#5966);
#5966 = CARTESIAN_POINT('',(-2.4,1.17,0.625));
#5967 = CIRCLE('',#5968,0.25);
#5968 = AXIS2_PLACEMENT_3D('',#5969,#5970,#5971);
#5969 = CARTESIAN_POINT('',(-2.4,1.17,0.375));
#5970 = DIRECTION('',(1.144237745222E-17,1.,-3.851859888774E-34));
#5971 = DIRECTION('',(-0.984807753012,1.126854202784E-17,0.173648177667)
  );
#5972 = ORIENTED_EDGE('',*,*,#5973,.T.);
#5973 = EDGE_CURVE('',#5965,#3666,#5974,.T.);
#5974 = LINE('',#5975,#5976);
#5975 = CARTESIAN_POINT('',(-2.4,1.17,0.625));
#5976 = VECTOR('',#5977,1.);
#5977 = DIRECTION('',(1.,-1.144237745222E-17,0.));
#5978 = PLANE('',#5979);
#5979 = AXIS2_PLACEMENT_3D('',#5980,#5981,#5982);
#5980 = CARTESIAN_POINT('',(-2.637615762047,1.17,0.292893776214));
#5981 = DIRECTION('',(1.144237745222E-17,1.,0.));
#5982 = DIRECTION('',(0.,-0.,1.));
#5983 = ADVANCED_FACE('',(#5984),#6003,.F.);
#5984 = FACE_BOUND('',#5985,.F.);
#5985 = EDGE_LOOP('',(#5986,#5987,#5996,#6002));
#5986 = ORIENTED_EDGE('',*,*,#3704,.T.);
#5987 = ORIENTED_EDGE('',*,*,#5988,.T.);
#5988 = EDGE_CURVE('',#3697,#5989,#5991,.T.);
#5989 = VERTEX_POINT('',#5990);
#5990 = CARTESIAN_POINT('',(-2.498480775301,1.43,0.392364817767));
#5991 = CIRCLE('',#5992,0.1);
#5992 = AXIS2_PLACEMENT_3D('',#5993,#5994,#5995);
#5993 = CARTESIAN_POINT('',(-2.4,1.43,0.375));
#5994 = DIRECTION('',(-1.144237745222E-17,-1.,4.379057701015E-47));
#5995 = DIRECTION('',(-4.440892098501E-15,5.081436361563E-32,1.));
#5996 = ORIENTED_EDGE('',*,*,#5997,.F.);
#5997 = EDGE_CURVE('',#5898,#5989,#5998,.T.);
#5998 = LINE('',#5999,#6000);
#5999 = CARTESIAN_POINT('',(-2.498480775301,1.17,0.392364817767));
#6000 = VECTOR('',#6001,1.);
#6001 = DIRECTION('',(1.144237745222E-17,1.,0.));
#6002 = ORIENTED_EDGE('',*,*,#5897,.F.);
#6003 = CYLINDRICAL_SURFACE('',#6004,0.1);
#6004 = AXIS2_PLACEMENT_3D('',#6005,#6006,#6007);
#6005 = CARTESIAN_POINT('',(-2.4,1.17,0.375));
#6006 = DIRECTION('',(-1.144237745222E-17,-1.,0.));
#6007 = DIRECTION('',(-4.440892098501E-15,5.081436361563E-32,1.));
#6008 = ADVANCED_FACE('',(#6009),#6087,.T.);
#6009 = FACE_BOUND('',#6010,.T.);
#6010 = EDGE_LOOP('',(#6011,#6012,#6013,#6014,#6022,#6031,#6039,#6047,
    #6055,#6064,#6072,#6081));
#6011 = ORIENTED_EDGE('',*,*,#3718,.F.);
#6012 = ORIENTED_EDGE('',*,*,#3696,.T.);
#6013 = ORIENTED_EDGE('',*,*,#5988,.T.);
#6014 = ORIENTED_EDGE('',*,*,#6015,.T.);
#6015 = EDGE_CURVE('',#5989,#6016,#6018,.T.);
#6016 = VERTEX_POINT('',#6017);
#6017 = CARTESIAN_POINT('',(-2.525838934336,1.43,0.206587955583));
#6018 = LINE('',#6019,#6020);
#6019 = CARTESIAN_POINT('',(-2.498480775301,1.43,0.392364817767));
#6020 = VECTOR('',#6021,1.);
#6021 = DIRECTION('',(-0.145692235845,1.667065554401E-18,-0.989329961345
    ));
#6022 = ORIENTED_EDGE('',*,*,#6023,.T.);
#6023 = EDGE_CURVE('',#6016,#6024,#6026,.T.);
#6024 = VERTEX_POINT('',#6025);
#6025 = CARTESIAN_POINT('',(-2.772040872589,1.43,-5.551115123126E-17));
#6026 = CIRCLE('',#6027,0.25);
#6027 = AXIS2_PLACEMENT_3D('',#6028,#6029,#6030);
#6028 = CARTESIAN_POINT('',(-2.772040872589,1.43,0.25));
#6029 = DIRECTION('',(1.144237745222E-17,1.,3.08148791102E-33));
#6030 = DIRECTION('',(0.984807753012,-1.126854202784E-17,-0.173648177667
    ));
#6031 = ORIENTED_EDGE('',*,*,#6032,.T.);
#6032 = EDGE_CURVE('',#6024,#6033,#6035,.T.);
#6033 = VERTEX_POINT('',#6034);
#6034 = CARTESIAN_POINT('',(-3.2,1.43,-5.551115123126E-17));
#6035 = LINE('',#6036,#6037);
#6036 = CARTESIAN_POINT('',(-2.772040872589,1.43,-5.551115123126E-17));
#6037 = VECTOR('',#6038,1.);
#6038 = DIRECTION('',(-1.,1.144237745222E-17,0.));
#6039 = ORIENTED_EDGE('',*,*,#6040,.T.);
#6040 = EDGE_CURVE('',#6033,#6041,#6043,.T.);
#6041 = VERTEX_POINT('',#6042);
#6042 = CARTESIAN_POINT('',(-3.2,1.43,0.15));
#6043 = LINE('',#6044,#6045);
#6044 = CARTESIAN_POINT('',(-3.2,1.43,-5.551115123126E-17));
#6045 = VECTOR('',#6046,1.);
#6046 = DIRECTION('',(0.,0.,1.));
#6047 = ORIENTED_EDGE('',*,*,#6048,.T.);
#6048 = EDGE_CURVE('',#6041,#6049,#6051,.T.);
#6049 = VERTEX_POINT('',#6050);
#6050 = CARTESIAN_POINT('',(-2.772040872589,1.43,0.15));
#6051 = LINE('',#6052,#6053);
#6052 = CARTESIAN_POINT('',(-3.2,1.43,0.15));
#6053 = VECTOR('',#6054,1.);
#6054 = DIRECTION('',(1.,-1.144237745222E-17,0.));
#6055 = ORIENTED_EDGE('',*,*,#6056,.T.);
#6056 = EDGE_CURVE('',#6049,#6057,#6059,.T.);
#6057 = VERTEX_POINT('',#6058);
#6058 = CARTESIAN_POINT('',(-2.673560097287,1.43,0.232635182233));
#6059 = CIRCLE('',#6060,0.1);
#6060 = AXIS2_PLACEMENT_3D('',#6061,#6062,#6063);
#6061 = CARTESIAN_POINT('',(-2.772040872589,1.43,0.25));
#6062 = DIRECTION('',(-1.144237745222E-17,-1.,-0.));
#6063 = DIRECTION('',(0.,0.,-1.));
#6064 = ORIENTED_EDGE('',*,*,#6065,.T.);
#6065 = EDGE_CURVE('',#6057,#6066,#6068,.T.);
#6066 = VERTEX_POINT('',#6067);
#6067 = CARTESIAN_POINT('',(-2.646201938253,1.43,0.418412044417));
#6068 = LINE('',#6069,#6070);
#6069 = CARTESIAN_POINT('',(-2.673560097287,1.43,0.232635182233));
#6070 = VECTOR('',#6071,1.);
#6071 = DIRECTION('',(0.145692235845,-1.667065554401E-18,0.989329961345)
  );
#6072 = ORIENTED_EDGE('',*,*,#6073,.T.);
#6073 = EDGE_CURVE('',#6066,#6074,#6076,.T.);
#6074 = VERTEX_POINT('',#6075);
#6075 = CARTESIAN_POINT('',(-2.4,1.43,0.625));
#6076 = CIRCLE('',#6077,0.25);
#6077 = AXIS2_PLACEMENT_3D('',#6078,#6079,#6080);
#6078 = CARTESIAN_POINT('',(-2.4,1.43,0.375));
#6079 = DIRECTION('',(1.144237745222E-17,1.,-3.851859888774E-34));
#6080 = DIRECTION('',(-0.984807753012,1.126854202784E-17,0.173648177667)
  );
#6081 = ORIENTED_EDGE('',*,*,#6082,.T.);
#6082 = EDGE_CURVE('',#6074,#3719,#6083,.T.);
#6083 = LINE('',#6084,#6085);
#6084 = CARTESIAN_POINT('',(-2.4,1.43,0.625));
#6085 = VECTOR('',#6086,1.);
#6086 = DIRECTION('',(1.,-1.144237745222E-17,0.));
#6087 = PLANE('',#6088);
#6088 = AXIS2_PLACEMENT_3D('',#6089,#6090,#6091);
#6089 = CARTESIAN_POINT('',(-2.637615762047,1.43,0.292893776214));
#6090 = DIRECTION('',(1.144237745222E-17,1.,0.));
#6091 = DIRECTION('',(0.,-0.,1.));
#6092 = ADVANCED_FACE('',(#6093),#6104,.F.);
#6093 = FACE_BOUND('',#6094,.F.);
#6094 = EDGE_LOOP('',(#6095,#6096,#6097,#6098));
#6095 = ORIENTED_EDGE('',*,*,#3735,.T.);
#6096 = ORIENTED_EDGE('',*,*,#4341,.T.);
#6097 = ORIENTED_EDGE('',*,*,#4453,.F.);
#6098 = ORIENTED_EDGE('',*,*,#6099,.F.);
#6099 = EDGE_CURVE('',#3719,#4446,#6100,.T.);
#6100 = LINE('',#6101,#6102);
#6101 = CARTESIAN_POINT('',(-2.4,1.43,0.625));
#6102 = VECTOR('',#6103,1.);
#6103 = DIRECTION('',(1.,-1.144237745222E-17,0.));
#6104 = PLANE('',#6105);
#6105 = AXIS2_PLACEMENT_3D('',#6106,#6107,#6108);
#6106 = CARTESIAN_POINT('',(-3.188450421961E-18,2.475,0.625));
#6107 = DIRECTION('',(0.,0.,-1.));
#6108 = DIRECTION('',(1.,1.111674977262E-16,0.));
#6109 = ADVANCED_FACE('',(#6110),#6189,.F.);
#6110 = FACE_BOUND('',#6111,.F.);
#6111 = EDGE_LOOP('',(#6112,#6113,#6114,#6123,#6131,#6140,#6148,#6156,
    #6164,#6173,#6181,#6188));
#6112 = ORIENTED_EDGE('',*,*,#3727,.F.);
#6113 = ORIENTED_EDGE('',*,*,#3749,.T.);
#6114 = ORIENTED_EDGE('',*,*,#6115,.T.);
#6115 = EDGE_CURVE('',#3750,#6116,#6118,.T.);
#6116 = VERTEX_POINT('',#6117);
#6117 = CARTESIAN_POINT('',(-2.498480775301,1.82,0.392364817767));
#6118 = CIRCLE('',#6119,0.1);
#6119 = AXIS2_PLACEMENT_3D('',#6120,#6121,#6122);
#6120 = CARTESIAN_POINT('',(-2.4,1.82,0.375));
#6121 = DIRECTION('',(-1.144237745222E-17,-1.,4.379057701015E-47));
#6122 = DIRECTION('',(-4.440892098501E-15,5.081436361563E-32,1.));
#6123 = ORIENTED_EDGE('',*,*,#6124,.T.);
#6124 = EDGE_CURVE('',#6116,#6125,#6127,.T.);
#6125 = VERTEX_POINT('',#6126);
#6126 = CARTESIAN_POINT('',(-2.525838934336,1.82,0.206587955583));
#6127 = LINE('',#6128,#6129);
#6128 = CARTESIAN_POINT('',(-2.498480775301,1.82,0.392364817767));
#6129 = VECTOR('',#6130,1.);
#6130 = DIRECTION('',(-0.145692235845,1.667065554401E-18,-0.989329961345
    ));
#6131 = ORIENTED_EDGE('',*,*,#6132,.T.);
#6132 = EDGE_CURVE('',#6125,#6133,#6135,.T.);
#6133 = VERTEX_POINT('',#6134);
#6134 = CARTESIAN_POINT('',(-2.772040872589,1.82,-5.551115123126E-17));
#6135 = CIRCLE('',#6136,0.25);
#6136 = AXIS2_PLACEMENT_3D('',#6137,#6138,#6139);
#6137 = CARTESIAN_POINT('',(-2.772040872589,1.82,0.25));
#6138 = DIRECTION('',(1.144237745222E-17,1.,3.08148791102E-33));
#6139 = DIRECTION('',(0.984807753012,-1.126854202784E-17,-0.173648177667
    ));
#6140 = ORIENTED_EDGE('',*,*,#6141,.T.);
#6141 = EDGE_CURVE('',#6133,#6142,#6144,.T.);
#6142 = VERTEX_POINT('',#6143);
#6143 = CARTESIAN_POINT('',(-3.2,1.82,-5.551115123126E-17));
#6144 = LINE('',#6145,#6146);
#6145 = CARTESIAN_POINT('',(-2.772040872589,1.82,-5.551115123126E-17));
#6146 = VECTOR('',#6147,1.);
#6147 = DIRECTION('',(-1.,1.144237745222E-17,0.));
#6148 = ORIENTED_EDGE('',*,*,#6149,.T.);
#6149 = EDGE_CURVE('',#6142,#6150,#6152,.T.);
#6150 = VERTEX_POINT('',#6151);
#6151 = CARTESIAN_POINT('',(-3.2,1.82,0.15));
#6152 = LINE('',#6153,#6154);
#6153 = CARTESIAN_POINT('',(-3.2,1.82,-5.551115123126E-17));
#6154 = VECTOR('',#6155,1.);
#6155 = DIRECTION('',(0.,0.,1.));
#6156 = ORIENTED_EDGE('',*,*,#6157,.T.);
#6157 = EDGE_CURVE('',#6150,#6158,#6160,.T.);
#6158 = VERTEX_POINT('',#6159);
#6159 = CARTESIAN_POINT('',(-2.772040872589,1.82,0.15));
#6160 = LINE('',#6161,#6162);
#6161 = CARTESIAN_POINT('',(-3.2,1.82,0.15));
#6162 = VECTOR('',#6163,1.);
#6163 = DIRECTION('',(1.,-1.144237745222E-17,0.));
#6164 = ORIENTED_EDGE('',*,*,#6165,.T.);
#6165 = EDGE_CURVE('',#6158,#6166,#6168,.T.);
#6166 = VERTEX_POINT('',#6167);
#6167 = CARTESIAN_POINT('',(-2.673560097287,1.82,0.232635182233));
#6168 = CIRCLE('',#6169,0.1);
#6169 = AXIS2_PLACEMENT_3D('',#6170,#6171,#6172);
#6170 = CARTESIAN_POINT('',(-2.772040872589,1.82,0.25));
#6171 = DIRECTION('',(-1.144237745222E-17,-1.,-0.));
#6172 = DIRECTION('',(0.,0.,-1.));
#6173 = ORIENTED_EDGE('',*,*,#6174,.T.);
#6174 = EDGE_CURVE('',#6166,#6175,#6177,.T.);
#6175 = VERTEX_POINT('',#6176);
#6176 = CARTESIAN_POINT('',(-2.646201938253,1.82,0.418412044417));
#6177 = LINE('',#6178,#6179);
#6178 = CARTESIAN_POINT('',(-2.673560097287,1.82,0.232635182233));
#6179 = VECTOR('',#6180,1.);
#6180 = DIRECTION('',(0.145692235845,-1.667065554401E-18,0.989329961345)
  );
#6181 = ORIENTED_EDGE('',*,*,#6182,.T.);
#6182 = EDGE_CURVE('',#6175,#4311,#6183,.T.);
#6183 = CIRCLE('',#6184,0.25);
#6184 = AXIS2_PLACEMENT_3D('',#6185,#6186,#6187);
#6185 = CARTESIAN_POINT('',(-2.4,1.82,0.375));
#6186 = DIRECTION('',(1.144237745222E-17,1.,-3.851859888774E-34));
#6187 = DIRECTION('',(-0.984807753012,1.126854202784E-17,0.173648177667)
  );
#6188 = ORIENTED_EDGE('',*,*,#4310,.T.);
#6189 = PLANE('',#6190);
#6190 = AXIS2_PLACEMENT_3D('',#6191,#6192,#6193);
#6191 = CARTESIAN_POINT('',(-2.637615762047,1.82,0.292893776214));
#6192 = DIRECTION('',(1.144237745222E-17,1.,0.));
#6193 = DIRECTION('',(0.,-0.,1.));
#6194 = ADVANCED_FACE('',(#6195),#6214,.F.);
#6195 = FACE_BOUND('',#6196,.F.);
#6196 = EDGE_LOOP('',(#6197,#6198,#6207,#6213));
#6197 = ORIENTED_EDGE('',*,*,#3766,.T.);
#6198 = ORIENTED_EDGE('',*,*,#6199,.T.);
#6199 = EDGE_CURVE('',#3759,#6200,#6202,.T.);
#6200 = VERTEX_POINT('',#6201);
#6201 = CARTESIAN_POINT('',(-2.498480775301,2.08,0.392364817767));
#6202 = CIRCLE('',#6203,0.1);
#6203 = AXIS2_PLACEMENT_3D('',#6204,#6205,#6206);
#6204 = CARTESIAN_POINT('',(-2.4,2.08,0.375));
#6205 = DIRECTION('',(-1.144237745222E-17,-1.,4.379057701015E-47));
#6206 = DIRECTION('',(-4.440892098501E-15,5.081436361563E-32,1.));
#6207 = ORIENTED_EDGE('',*,*,#6208,.F.);
#6208 = EDGE_CURVE('',#6116,#6200,#6209,.T.);
#6209 = LINE('',#6210,#6211);
#6210 = CARTESIAN_POINT('',(-2.498480775301,1.82,0.392364817767));
#6211 = VECTOR('',#6212,1.);
#6212 = DIRECTION('',(1.144237745222E-17,1.,0.));
#6213 = ORIENTED_EDGE('',*,*,#6115,.F.);
#6214 = CYLINDRICAL_SURFACE('',#6215,0.1);
#6215 = AXIS2_PLACEMENT_3D('',#6216,#6217,#6218);
#6216 = CARTESIAN_POINT('',(-2.4,1.82,0.375));
#6217 = DIRECTION('',(-1.144237745222E-17,-1.,0.));
#6218 = DIRECTION('',(-4.440892098501E-15,5.081436361563E-32,1.));
#6219 = ADVANCED_FACE('',(#6220),#6291,.T.);
#6220 = FACE_BOUND('',#6221,.T.);
#6221 = EDGE_LOOP('',(#6222,#6223,#6224,#6225,#6233,#6242,#6250,#6258,
    #6266,#6275,#6283,#6290));
#6222 = ORIENTED_EDGE('',*,*,#3780,.F.);
#6223 = ORIENTED_EDGE('',*,*,#3758,.T.);
#6224 = ORIENTED_EDGE('',*,*,#6199,.T.);
#6225 = ORIENTED_EDGE('',*,*,#6226,.T.);
#6226 = EDGE_CURVE('',#6200,#6227,#6229,.T.);
#6227 = VERTEX_POINT('',#6228);
#6228 = CARTESIAN_POINT('',(-2.525838934336,2.08,0.206587955583));
#6229 = LINE('',#6230,#6231);
#6230 = CARTESIAN_POINT('',(-2.498480775301,2.08,0.392364817767));
#6231 = VECTOR('',#6232,1.);
#6232 = DIRECTION('',(-0.145692235845,1.667065554401E-18,-0.989329961345
    ));
#6233 = ORIENTED_EDGE('',*,*,#6234,.T.);
#6234 = EDGE_CURVE('',#6227,#6235,#6237,.T.);
#6235 = VERTEX_POINT('',#6236);
#6236 = CARTESIAN_POINT('',(-2.772040872589,2.08,-5.551115123126E-17));
#6237 = CIRCLE('',#6238,0.25);
#6238 = AXIS2_PLACEMENT_3D('',#6239,#6240,#6241);
#6239 = CARTESIAN_POINT('',(-2.772040872589,2.08,0.25));
#6240 = DIRECTION('',(1.144237745222E-17,1.,3.08148791102E-33));
#6241 = DIRECTION('',(0.984807753012,-1.126854202784E-17,-0.173648177667
    ));
#6242 = ORIENTED_EDGE('',*,*,#6243,.T.);
#6243 = EDGE_CURVE('',#6235,#6244,#6246,.T.);
#6244 = VERTEX_POINT('',#6245);
#6245 = CARTESIAN_POINT('',(-3.2,2.08,-5.551115123126E-17));
#6246 = LINE('',#6247,#6248);
#6247 = CARTESIAN_POINT('',(-2.772040872589,2.08,-5.551115123126E-17));
#6248 = VECTOR('',#6249,1.);
#6249 = DIRECTION('',(-1.,1.144237745222E-17,0.));
#6250 = ORIENTED_EDGE('',*,*,#6251,.T.);
#6251 = EDGE_CURVE('',#6244,#6252,#6254,.T.);
#6252 = VERTEX_POINT('',#6253);
#6253 = CARTESIAN_POINT('',(-3.2,2.08,0.15));
#6254 = LINE('',#6255,#6256);
#6255 = CARTESIAN_POINT('',(-3.2,2.08,-5.551115123126E-17));
#6256 = VECTOR('',#6257,1.);
#6257 = DIRECTION('',(0.,0.,1.));
#6258 = ORIENTED_EDGE('',*,*,#6259,.T.);
#6259 = EDGE_CURVE('',#6252,#6260,#6262,.T.);
#6260 = VERTEX_POINT('',#6261);
#6261 = CARTESIAN_POINT('',(-2.772040872589,2.08,0.15));
#6262 = LINE('',#6263,#6264);
#6263 = CARTESIAN_POINT('',(-3.2,2.08,0.15));
#6264 = VECTOR('',#6265,1.);
#6265 = DIRECTION('',(1.,-1.144237745222E-17,0.));
#6266 = ORIENTED_EDGE('',*,*,#6267,.T.);
#6267 = EDGE_CURVE('',#6260,#6268,#6270,.T.);
#6268 = VERTEX_POINT('',#6269);
#6269 = CARTESIAN_POINT('',(-2.673560097287,2.08,0.232635182233));
#6270 = CIRCLE('',#6271,0.1);
#6271 = AXIS2_PLACEMENT_3D('',#6272,#6273,#6274);
#6272 = CARTESIAN_POINT('',(-2.772040872589,2.08,0.25));
#6273 = DIRECTION('',(-1.144237745222E-17,-1.,-0.));
#6274 = DIRECTION('',(0.,0.,-1.));
#6275 = ORIENTED_EDGE('',*,*,#6276,.T.);
#6276 = EDGE_CURVE('',#6268,#6277,#6279,.T.);
#6277 = VERTEX_POINT('',#6278);
#6278 = CARTESIAN_POINT('',(-2.646201938253,2.08,0.418412044417));
#6279 = LINE('',#6280,#6281);
#6280 = CARTESIAN_POINT('',(-2.673560097287,2.08,0.232635182233));
#6281 = VECTOR('',#6282,1.);
#6282 = DIRECTION('',(0.145692235845,-1.667065554401E-18,0.989329961345)
  );
#6283 = ORIENTED_EDGE('',*,*,#6284,.T.);
#6284 = EDGE_CURVE('',#6277,#4319,#6285,.T.);
#6285 = CIRCLE('',#6286,0.25);
#6286 = AXIS2_PLACEMENT_3D('',#6287,#6288,#6289);
#6287 = CARTESIAN_POINT('',(-2.4,2.08,0.375));
#6288 = DIRECTION('',(1.144237745222E-17,1.,-3.851859888774E-34));
#6289 = DIRECTION('',(-0.984807753012,1.126854202784E-17,0.173648177667)
  );
#6290 = ORIENTED_EDGE('',*,*,#4326,.T.);
#6291 = PLANE('',#6292);
#6292 = AXIS2_PLACEMENT_3D('',#6293,#6294,#6295);
#6293 = CARTESIAN_POINT('',(-2.637615762047,2.08,0.292893776214));
#6294 = DIRECTION('',(1.144237745222E-17,1.,0.));
#6295 = DIRECTION('',(0.,-0.,1.));
#6296 = ADVANCED_FACE('',(#6297),#6376,.F.);
#6297 = FACE_BOUND('',#6298,.F.);
#6298 = EDGE_LOOP('',(#6299,#6300,#6301,#6310,#6318,#6327,#6335,#6343,
    #6351,#6360,#6368,#6375));
#6299 = ORIENTED_EDGE('',*,*,#3799,.F.);
#6300 = ORIENTED_EDGE('',*,*,#3814,.T.);
#6301 = ORIENTED_EDGE('',*,*,#6302,.T.);
#6302 = EDGE_CURVE('',#3815,#6303,#6305,.T.);
#6303 = VERTEX_POINT('',#6304);
#6304 = CARTESIAN_POINT('',(2.498480775301,2.08,0.392364817767));
#6305 = CIRCLE('',#6306,0.1);
#6306 = AXIS2_PLACEMENT_3D('',#6307,#6308,#6309);
#6307 = CARTESIAN_POINT('',(2.4,2.08,0.375));
#6308 = DIRECTION('',(-1.110223024625E-16,1.,0.));
#6309 = DIRECTION('',(4.440892098501E-15,4.930380657631E-31,1.));
#6310 = ORIENTED_EDGE('',*,*,#6311,.T.);
#6311 = EDGE_CURVE('',#6303,#6312,#6314,.T.);
#6312 = VERTEX_POINT('',#6313);
#6313 = CARTESIAN_POINT('',(2.525838934336,2.08,0.206587955583));
#6314 = LINE('',#6315,#6316);
#6315 = CARTESIAN_POINT('',(2.498480775301,2.08,0.392364817767));
#6316 = VECTOR('',#6317,1.);
#6317 = DIRECTION('',(0.145692235845,1.617508747447E-17,-0.989329961345)
  );
#6318 = ORIENTED_EDGE('',*,*,#6319,.T.);
#6319 = EDGE_CURVE('',#6312,#6320,#6322,.T.);
#6320 = VERTEX_POINT('',#6321);
#6321 = CARTESIAN_POINT('',(2.772040872589,2.08,-5.551115123126E-17));
#6322 = CIRCLE('',#6323,0.25);
#6323 = AXIS2_PLACEMENT_3D('',#6324,#6325,#6326);
#6324 = CARTESIAN_POINT('',(2.772040872589,2.08,0.25));
#6325 = DIRECTION('',(1.110223024625E-16,-1.,0.));
#6326 = DIRECTION('',(-0.984807753012,-1.093356242223E-16,
    -0.173648177667));
#6327 = ORIENTED_EDGE('',*,*,#6328,.T.);
#6328 = EDGE_CURVE('',#6320,#6329,#6331,.T.);
#6329 = VERTEX_POINT('',#6330);
#6330 = CARTESIAN_POINT('',(3.2,2.08,-5.551115123126E-17));
#6331 = LINE('',#6332,#6333);
#6332 = CARTESIAN_POINT('',(2.772040872589,2.08,-5.551115123126E-17));
#6333 = VECTOR('',#6334,1.);
#6334 = DIRECTION('',(1.,1.110223024625E-16,0.));
#6335 = ORIENTED_EDGE('',*,*,#6336,.T.);
#6336 = EDGE_CURVE('',#6329,#6337,#6339,.T.);
#6337 = VERTEX_POINT('',#6338);
#6338 = CARTESIAN_POINT('',(3.2,2.08,0.15));
#6339 = LINE('',#6340,#6341);
#6340 = CARTESIAN_POINT('',(3.2,2.08,-5.551115123126E-17));
#6341 = VECTOR('',#6342,1.);
#6342 = DIRECTION('',(0.,0.,1.));
#6343 = ORIENTED_EDGE('',*,*,#6344,.T.);
#6344 = EDGE_CURVE('',#6337,#6345,#6347,.T.);
#6345 = VERTEX_POINT('',#6346);
#6346 = CARTESIAN_POINT('',(2.772040872589,2.08,0.15));
#6347 = LINE('',#6348,#6349);
#6348 = CARTESIAN_POINT('',(3.2,2.08,0.15));
#6349 = VECTOR('',#6350,1.);
#6350 = DIRECTION('',(-1.,-1.110223024625E-16,0.));
#6351 = ORIENTED_EDGE('',*,*,#6352,.T.);
#6352 = EDGE_CURVE('',#6345,#6353,#6355,.T.);
#6353 = VERTEX_POINT('',#6354);
#6354 = CARTESIAN_POINT('',(2.673560097287,2.08,0.232635182233));
#6355 = CIRCLE('',#6356,0.1);
#6356 = AXIS2_PLACEMENT_3D('',#6357,#6358,#6359);
#6357 = CARTESIAN_POINT('',(2.772040872589,2.08,0.25));
#6358 = DIRECTION('',(-1.110223024625E-16,1.,0.));
#6359 = DIRECTION('',(0.,0.,-1.));
#6360 = ORIENTED_EDGE('',*,*,#6361,.T.);
#6361 = EDGE_CURVE('',#6353,#6362,#6364,.T.);
#6362 = VERTEX_POINT('',#6363);
#6363 = CARTESIAN_POINT('',(2.646201938253,2.08,0.418412044417));
#6364 = LINE('',#6365,#6366);
#6365 = CARTESIAN_POINT('',(2.673560097287,2.08,0.232635182233));
#6366 = VECTOR('',#6367,1.);
#6367 = DIRECTION('',(-0.145692235845,-1.617508747447E-17,0.989329961345
    ));
#6368 = ORIENTED_EDGE('',*,*,#6369,.T.);
#6369 = EDGE_CURVE('',#6362,#4694,#6370,.T.);
#6370 = CIRCLE('',#6371,0.25);
#6371 = AXIS2_PLACEMENT_3D('',#6372,#6373,#6374);
#6372 = CARTESIAN_POINT('',(2.4,2.08,0.375));
#6373 = DIRECTION('',(1.110223024625E-16,-1.,0.));
#6374 = DIRECTION('',(0.984807753012,1.093356242223E-16,0.173648177667)
  );
#6375 = ORIENTED_EDGE('',*,*,#4693,.T.);
#6376 = PLANE('',#6377);
#6377 = AXIS2_PLACEMENT_3D('',#6378,#6379,#6380);
#6378 = CARTESIAN_POINT('',(2.637615762047,2.08,0.292893776214));
#6379 = DIRECTION('',(1.110223024625E-16,-1.,0.));
#6380 = DIRECTION('',(0.,0.,1.));
#6381 = ADVANCED_FACE('',(#6382),#6401,.F.);
#6382 = FACE_BOUND('',#6383,.F.);
#6383 = EDGE_LOOP('',(#6384,#6385,#6394,#6400));
#6384 = ORIENTED_EDGE('',*,*,#3831,.T.);
#6385 = ORIENTED_EDGE('',*,*,#6386,.T.);
#6386 = EDGE_CURVE('',#3824,#6387,#6389,.T.);
#6387 = VERTEX_POINT('',#6388);
#6388 = CARTESIAN_POINT('',(2.498480775301,1.82,0.392364817767));
#6389 = CIRCLE('',#6390,0.1);
#6390 = AXIS2_PLACEMENT_3D('',#6391,#6392,#6393);
#6391 = CARTESIAN_POINT('',(2.4,1.82,0.375));
#6392 = DIRECTION('',(-1.110223024625E-16,1.,0.));
#6393 = DIRECTION('',(4.440892098501E-15,4.930380657631E-31,1.));
#6394 = ORIENTED_EDGE('',*,*,#6395,.F.);
#6395 = EDGE_CURVE('',#6303,#6387,#6396,.T.);
#6396 = LINE('',#6397,#6398);
#6397 = CARTESIAN_POINT('',(2.498480775301,2.08,0.392364817767));
#6398 = VECTOR('',#6399,1.);
#6399 = DIRECTION('',(1.110223024625E-16,-1.,0.));
#6400 = ORIENTED_EDGE('',*,*,#6302,.F.);
#6401 = CYLINDRICAL_SURFACE('',#6402,0.1);
#6402 = AXIS2_PLACEMENT_3D('',#6403,#6404,#6405);
#6403 = CARTESIAN_POINT('',(2.4,2.08,0.375));
#6404 = DIRECTION('',(-1.110223024625E-16,1.,0.));
#6405 = DIRECTION('',(4.440892098501E-15,4.930380657631E-31,1.));
#6406 = ADVANCED_FACE('',(#6407),#6478,.T.);
#6407 = FACE_BOUND('',#6408,.T.);
#6408 = EDGE_LOOP('',(#6409,#6410,#6411,#6412,#6420,#6429,#6437,#6445,
    #6453,#6462,#6470,#6477));
#6409 = ORIENTED_EDGE('',*,*,#3845,.F.);
#6410 = ORIENTED_EDGE('',*,*,#3823,.T.);
#6411 = ORIENTED_EDGE('',*,*,#6386,.T.);
#6412 = ORIENTED_EDGE('',*,*,#6413,.T.);
#6413 = EDGE_CURVE('',#6387,#6414,#6416,.T.);
#6414 = VERTEX_POINT('',#6415);
#6415 = CARTESIAN_POINT('',(2.525838934336,1.82,0.206587955583));
#6416 = LINE('',#6417,#6418);
#6417 = CARTESIAN_POINT('',(2.498480775301,1.82,0.392364817767));
#6418 = VECTOR('',#6419,1.);
#6419 = DIRECTION('',(0.145692235845,1.617508747447E-17,-0.989329961345)
  );
#6420 = ORIENTED_EDGE('',*,*,#6421,.T.);
#6421 = EDGE_CURVE('',#6414,#6422,#6424,.T.);
#6422 = VERTEX_POINT('',#6423);
#6423 = CARTESIAN_POINT('',(2.772040872589,1.82,-5.551115123126E-17));
#6424 = CIRCLE('',#6425,0.25);
#6425 = AXIS2_PLACEMENT_3D('',#6426,#6427,#6428);
#6426 = CARTESIAN_POINT('',(2.772040872589,1.82,0.25));
#6427 = DIRECTION('',(1.110223024625E-16,-1.,0.));
#6428 = DIRECTION('',(-0.984807753012,-1.093356242223E-16,
    -0.173648177667));
#6429 = ORIENTED_EDGE('',*,*,#6430,.T.);
#6430 = EDGE_CURVE('',#6422,#6431,#6433,.T.);
#6431 = VERTEX_POINT('',#6432);
#6432 = CARTESIAN_POINT('',(3.2,1.82,-5.551115123126E-17));
#6433 = LINE('',#6434,#6435);
#6434 = CARTESIAN_POINT('',(2.772040872589,1.82,-5.551115123126E-17));
#6435 = VECTOR('',#6436,1.);
#6436 = DIRECTION('',(1.,1.110223024625E-16,0.));
#6437 = ORIENTED_EDGE('',*,*,#6438,.T.);
#6438 = EDGE_CURVE('',#6431,#6439,#6441,.T.);
#6439 = VERTEX_POINT('',#6440);
#6440 = CARTESIAN_POINT('',(3.2,1.82,0.15));
#6441 = LINE('',#6442,#6443);
#6442 = CARTESIAN_POINT('',(3.2,1.82,-5.551115123126E-17));
#6443 = VECTOR('',#6444,1.);
#6444 = DIRECTION('',(0.,0.,1.));
#6445 = ORIENTED_EDGE('',*,*,#6446,.T.);
#6446 = EDGE_CURVE('',#6439,#6447,#6449,.T.);
#6447 = VERTEX_POINT('',#6448);
#6448 = CARTESIAN_POINT('',(2.772040872589,1.82,0.15));
#6449 = LINE('',#6450,#6451);
#6450 = CARTESIAN_POINT('',(3.2,1.82,0.15));
#6451 = VECTOR('',#6452,1.);
#6452 = DIRECTION('',(-1.,-1.110223024625E-16,0.));
#6453 = ORIENTED_EDGE('',*,*,#6454,.T.);
#6454 = EDGE_CURVE('',#6447,#6455,#6457,.T.);
#6455 = VERTEX_POINT('',#6456);
#6456 = CARTESIAN_POINT('',(2.673560097287,1.82,0.232635182233));
#6457 = CIRCLE('',#6458,0.1);
#6458 = AXIS2_PLACEMENT_3D('',#6459,#6460,#6461);
#6459 = CARTESIAN_POINT('',(2.772040872589,1.82,0.25));
#6460 = DIRECTION('',(-1.110223024625E-16,1.,0.));
#6461 = DIRECTION('',(0.,0.,-1.));
#6462 = ORIENTED_EDGE('',*,*,#6463,.T.);
#6463 = EDGE_CURVE('',#6455,#6464,#6466,.T.);
#6464 = VERTEX_POINT('',#6465);
#6465 = CARTESIAN_POINT('',(2.646201938253,1.82,0.418412044417));
#6466 = LINE('',#6467,#6468);
#6467 = CARTESIAN_POINT('',(2.673560097287,1.82,0.232635182233));
#6468 = VECTOR('',#6469,1.);
#6469 = DIRECTION('',(-0.145692235845,-1.617508747447E-17,0.989329961345
    ));
#6470 = ORIENTED_EDGE('',*,*,#6471,.T.);
#6471 = EDGE_CURVE('',#6464,#4702,#6472,.T.);
#6472 = CIRCLE('',#6473,0.25);
#6473 = AXIS2_PLACEMENT_3D('',#6474,#6475,#6476);
#6474 = CARTESIAN_POINT('',(2.4,1.82,0.375));
#6475 = DIRECTION('',(1.110223024625E-16,-1.,0.));
#6476 = DIRECTION('',(0.984807753012,1.093356242223E-16,0.173648177667)
  );
#6477 = ORIENTED_EDGE('',*,*,#4709,.T.);
#6478 = PLANE('',#6479);
#6479 = AXIS2_PLACEMENT_3D('',#6480,#6481,#6482);
#6480 = CARTESIAN_POINT('',(2.637615762047,1.82,0.292893776214));
#6481 = DIRECTION('',(1.110223024625E-16,-1.,0.));
#6482 = DIRECTION('',(0.,0.,1.));
#6483 = ADVANCED_FACE('',(#6484),#6495,.F.);
#6484 = FACE_BOUND('',#6485,.F.);
#6485 = EDGE_LOOP('',(#6486,#6487,#6488,#6494));
#6486 = ORIENTED_EDGE('',*,*,#4715,.F.);
#6487 = ORIENTED_EDGE('',*,*,#3862,.T.);
#6488 = ORIENTED_EDGE('',*,*,#6489,.T.);
#6489 = EDGE_CURVE('',#3855,#4568,#6490,.T.);
#6490 = LINE('',#6491,#6492);
#6491 = CARTESIAN_POINT('',(2.4,1.43,0.625));
#6492 = VECTOR('',#6493,1.);
#6493 = DIRECTION('',(-1.,-1.110223024625E-16,0.));
#6494 = ORIENTED_EDGE('',*,*,#4567,.F.);
#6495 = PLANE('',#6496);
#6496 = AXIS2_PLACEMENT_3D('',#6497,#6498,#6499);
#6497 = CARTESIAN_POINT('',(-3.188450421961E-18,2.475,0.625));
#6498 = DIRECTION('',(0.,0.,-1.));
#6499 = DIRECTION('',(1.,1.111674977262E-16,0.));
#6500 = ADVANCED_FACE('',(#6501),#6587,.F.);
#6501 = FACE_BOUND('',#6502,.F.);
#6502 = EDGE_LOOP('',(#6503,#6504,#6505,#6514,#6522,#6531,#6539,#6547,
    #6555,#6564,#6572,#6581));
#6503 = ORIENTED_EDGE('',*,*,#3854,.F.);
#6504 = ORIENTED_EDGE('',*,*,#3876,.T.);
#6505 = ORIENTED_EDGE('',*,*,#6506,.T.);
#6506 = EDGE_CURVE('',#3877,#6507,#6509,.T.);
#6507 = VERTEX_POINT('',#6508);
#6508 = CARTESIAN_POINT('',(2.498480775301,1.43,0.392364817767));
#6509 = CIRCLE('',#6510,0.1);
#6510 = AXIS2_PLACEMENT_3D('',#6511,#6512,#6513);
#6511 = CARTESIAN_POINT('',(2.4,1.43,0.375));
#6512 = DIRECTION('',(-1.110223024625E-16,1.,0.));
#6513 = DIRECTION('',(4.440892098501E-15,4.930380657631E-31,1.));
#6514 = ORIENTED_EDGE('',*,*,#6515,.T.);
#6515 = EDGE_CURVE('',#6507,#6516,#6518,.T.);
#6516 = VERTEX_POINT('',#6517);
#6517 = CARTESIAN_POINT('',(2.525838934336,1.43,0.206587955583));
#6518 = LINE('',#6519,#6520);
#6519 = CARTESIAN_POINT('',(2.498480775301,1.43,0.392364817767));
#6520 = VECTOR('',#6521,1.);
#6521 = DIRECTION('',(0.145692235845,1.617508747447E-17,-0.989329961345)
  );
#6522 = ORIENTED_EDGE('',*,*,#6523,.T.);
#6523 = EDGE_CURVE('',#6516,#6524,#6526,.T.);
#6524 = VERTEX_POINT('',#6525);
#6525 = CARTESIAN_POINT('',(2.772040872589,1.43,-5.551115123126E-17));
#6526 = CIRCLE('',#6527,0.25);
#6527 = AXIS2_PLACEMENT_3D('',#6528,#6529,#6530);
#6528 = CARTESIAN_POINT('',(2.772040872589,1.43,0.25));
#6529 = DIRECTION('',(1.110223024625E-16,-1.,0.));
#6530 = DIRECTION('',(-0.984807753012,-1.093356242223E-16,
    -0.173648177667));
#6531 = ORIENTED_EDGE('',*,*,#6532,.T.);
#6532 = EDGE_CURVE('',#6524,#6533,#6535,.T.);
#6533 = VERTEX_POINT('',#6534);
#6534 = CARTESIAN_POINT('',(3.2,1.43,-5.551115123126E-17));
#6535 = LINE('',#6536,#6537);
#6536 = CARTESIAN_POINT('',(2.772040872589,1.43,-5.551115123126E-17));
#6537 = VECTOR('',#6538,1.);
#6538 = DIRECTION('',(1.,1.110223024625E-16,0.));
#6539 = ORIENTED_EDGE('',*,*,#6540,.T.);
#6540 = EDGE_CURVE('',#6533,#6541,#6543,.T.);
#6541 = VERTEX_POINT('',#6542);
#6542 = CARTESIAN_POINT('',(3.2,1.43,0.15));
#6543 = LINE('',#6544,#6545);
#6544 = CARTESIAN_POINT('',(3.2,1.43,-5.551115123126E-17));
#6545 = VECTOR('',#6546,1.);
#6546 = DIRECTION('',(0.,0.,1.));
#6547 = ORIENTED_EDGE('',*,*,#6548,.T.);
#6548 = EDGE_CURVE('',#6541,#6549,#6551,.T.);
#6549 = VERTEX_POINT('',#6550);
#6550 = CARTESIAN_POINT('',(2.772040872589,1.43,0.15));
#6551 = LINE('',#6552,#6553);
#6552 = CARTESIAN_POINT('',(3.2,1.43,0.15));
#6553 = VECTOR('',#6554,1.);
#6554 = DIRECTION('',(-1.,-1.110223024625E-16,0.));
#6555 = ORIENTED_EDGE('',*,*,#6556,.T.);
#6556 = EDGE_CURVE('',#6549,#6557,#6559,.T.);
#6557 = VERTEX_POINT('',#6558);
#6558 = CARTESIAN_POINT('',(2.673560097287,1.43,0.232635182233));
#6559 = CIRCLE('',#6560,0.1);
#6560 = AXIS2_PLACEMENT_3D('',#6561,#6562,#6563);
#6561 = CARTESIAN_POINT('',(2.772040872589,1.43,0.25));
#6562 = DIRECTION('',(-1.110223024625E-16,1.,0.));
#6563 = DIRECTION('',(0.,0.,-1.));
#6564 = ORIENTED_EDGE('',*,*,#6565,.T.);
#6565 = EDGE_CURVE('',#6557,#6566,#6568,.T.);
#6566 = VERTEX_POINT('',#6567);
#6567 = CARTESIAN_POINT('',(2.646201938253,1.43,0.418412044417));
#6568 = LINE('',#6569,#6570);
#6569 = CARTESIAN_POINT('',(2.673560097287,1.43,0.232635182233));
#6570 = VECTOR('',#6571,1.);
#6571 = DIRECTION('',(-0.145692235845,-1.617508747447E-17,0.989329961345
    ));
#6572 = ORIENTED_EDGE('',*,*,#6573,.T.);
#6573 = EDGE_CURVE('',#6566,#6574,#6576,.T.);
#6574 = VERTEX_POINT('',#6575);
#6575 = CARTESIAN_POINT('',(2.4,1.43,0.625));
#6576 = CIRCLE('',#6577,0.25);
#6577 = AXIS2_PLACEMENT_3D('',#6578,#6579,#6580);
#6578 = CARTESIAN_POINT('',(2.4,1.43,0.375));
#6579 = DIRECTION('',(1.110223024625E-16,-1.,0.));
#6580 = DIRECTION('',(0.984807753012,1.093356242223E-16,0.173648177667)
  );
#6581 = ORIENTED_EDGE('',*,*,#6582,.T.);
#6582 = EDGE_CURVE('',#6574,#3855,#6583,.T.);
#6583 = LINE('',#6584,#6585);
#6584 = CARTESIAN_POINT('',(2.4,1.43,0.625));
#6585 = VECTOR('',#6586,1.);
#6586 = DIRECTION('',(-1.,-1.110223024625E-16,0.));
#6587 = PLANE('',#6588);
#6588 = AXIS2_PLACEMENT_3D('',#6589,#6590,#6591);
#6589 = CARTESIAN_POINT('',(2.637615762047,1.43,0.292893776214));
#6590 = DIRECTION('',(1.110223024625E-16,-1.,0.));
#6591 = DIRECTION('',(0.,0.,1.));
#6592 = ADVANCED_FACE('',(#6593),#6612,.F.);
#6593 = FACE_BOUND('',#6594,.F.);
#6594 = EDGE_LOOP('',(#6595,#6596,#6605,#6611));
#6595 = ORIENTED_EDGE('',*,*,#3893,.T.);
#6596 = ORIENTED_EDGE('',*,*,#6597,.T.);
#6597 = EDGE_CURVE('',#3886,#6598,#6600,.T.);
#6598 = VERTEX_POINT('',#6599);
#6599 = CARTESIAN_POINT('',(2.498480775301,1.17,0.392364817767));
#6600 = CIRCLE('',#6601,0.1);
#6601 = AXIS2_PLACEMENT_3D('',#6602,#6603,#6604);
#6602 = CARTESIAN_POINT('',(2.4,1.17,0.375));
#6603 = DIRECTION('',(-1.110223024625E-16,1.,0.));
#6604 = DIRECTION('',(4.440892098501E-15,4.930380657631E-31,1.));
#6605 = ORIENTED_EDGE('',*,*,#6606,.F.);
#6606 = EDGE_CURVE('',#6507,#6598,#6607,.T.);
#6607 = LINE('',#6608,#6609);
#6608 = CARTESIAN_POINT('',(2.498480775301,1.43,0.392364817767));
#6609 = VECTOR('',#6610,1.);
#6610 = DIRECTION('',(1.110223024625E-16,-1.,0.));
#6611 = ORIENTED_EDGE('',*,*,#6506,.F.);
#6612 = CYLINDRICAL_SURFACE('',#6613,0.1);
#6613 = AXIS2_PLACEMENT_3D('',#6614,#6615,#6616);
#6614 = CARTESIAN_POINT('',(2.4,1.43,0.375));
#6615 = DIRECTION('',(-1.110223024625E-16,1.,0.));
#6616 = DIRECTION('',(4.440892098501E-15,4.930380657631E-31,1.));
#6617 = ADVANCED_FACE('',(#6618),#6696,.T.);
#6618 = FACE_BOUND('',#6619,.T.);
#6619 = EDGE_LOOP('',(#6620,#6621,#6622,#6623,#6631,#6640,#6648,#6656,
    #6664,#6673,#6681,#6690));
#6620 = ORIENTED_EDGE('',*,*,#3907,.F.);
#6621 = ORIENTED_EDGE('',*,*,#3885,.T.);
#6622 = ORIENTED_EDGE('',*,*,#6597,.T.);
#6623 = ORIENTED_EDGE('',*,*,#6624,.T.);
#6624 = EDGE_CURVE('',#6598,#6625,#6627,.T.);
#6625 = VERTEX_POINT('',#6626);
#6626 = CARTESIAN_POINT('',(2.525838934336,1.17,0.206587955583));
#6627 = LINE('',#6628,#6629);
#6628 = CARTESIAN_POINT('',(2.498480775301,1.17,0.392364817767));
#6629 = VECTOR('',#6630,1.);
#6630 = DIRECTION('',(0.145692235845,1.617508747447E-17,-0.989329961345)
  );
#6631 = ORIENTED_EDGE('',*,*,#6632,.T.);
#6632 = EDGE_CURVE('',#6625,#6633,#6635,.T.);
#6633 = VERTEX_POINT('',#6634);
#6634 = CARTESIAN_POINT('',(2.772040872589,1.17,-5.551115123126E-17));
#6635 = CIRCLE('',#6636,0.25);
#6636 = AXIS2_PLACEMENT_3D('',#6637,#6638,#6639);
#6637 = CARTESIAN_POINT('',(2.772040872589,1.17,0.25));
#6638 = DIRECTION('',(1.110223024625E-16,-1.,0.));
#6639 = DIRECTION('',(-0.984807753012,-1.093356242223E-16,
    -0.173648177667));
#6640 = ORIENTED_EDGE('',*,*,#6641,.T.);
#6641 = EDGE_CURVE('',#6633,#6642,#6644,.T.);
#6642 = VERTEX_POINT('',#6643);
#6643 = CARTESIAN_POINT('',(3.2,1.17,-5.551115123126E-17));
#6644 = LINE('',#6645,#6646);
#6645 = CARTESIAN_POINT('',(2.772040872589,1.17,-5.551115123126E-17));
#6646 = VECTOR('',#6647,1.);
#6647 = DIRECTION('',(1.,1.110223024625E-16,0.));
#6648 = ORIENTED_EDGE('',*,*,#6649,.T.);
#6649 = EDGE_CURVE('',#6642,#6650,#6652,.T.);
#6650 = VERTEX_POINT('',#6651);
#6651 = CARTESIAN_POINT('',(3.2,1.17,0.15));
#6652 = LINE('',#6653,#6654);
#6653 = CARTESIAN_POINT('',(3.2,1.17,-5.551115123126E-17));
#6654 = VECTOR('',#6655,1.);
#6655 = DIRECTION('',(0.,0.,1.));
#6656 = ORIENTED_EDGE('',*,*,#6657,.T.);
#6657 = EDGE_CURVE('',#6650,#6658,#6660,.T.);
#6658 = VERTEX_POINT('',#6659);
#6659 = CARTESIAN_POINT('',(2.772040872589,1.17,0.15));
#6660 = LINE('',#6661,#6662);
#6661 = CARTESIAN_POINT('',(3.2,1.17,0.15));
#6662 = VECTOR('',#6663,1.);
#6663 = DIRECTION('',(-1.,-1.110223024625E-16,0.));
#6664 = ORIENTED_EDGE('',*,*,#6665,.T.);
#6665 = EDGE_CURVE('',#6658,#6666,#6668,.T.);
#6666 = VERTEX_POINT('',#6667);
#6667 = CARTESIAN_POINT('',(2.673560097287,1.17,0.232635182233));
#6668 = CIRCLE('',#6669,0.1);
#6669 = AXIS2_PLACEMENT_3D('',#6670,#6671,#6672);
#6670 = CARTESIAN_POINT('',(2.772040872589,1.17,0.25));
#6671 = DIRECTION('',(-1.110223024625E-16,1.,0.));
#6672 = DIRECTION('',(0.,0.,-1.));
#6673 = ORIENTED_EDGE('',*,*,#6674,.T.);
#6674 = EDGE_CURVE('',#6666,#6675,#6677,.T.);
#6675 = VERTEX_POINT('',#6676);
#6676 = CARTESIAN_POINT('',(2.646201938253,1.17,0.418412044417));
#6677 = LINE('',#6678,#6679);
#6678 = CARTESIAN_POINT('',(2.673560097287,1.17,0.232635182233));
#6679 = VECTOR('',#6680,1.);
#6680 = DIRECTION('',(-0.145692235845,-1.617508747447E-17,0.989329961345
    ));
#6681 = ORIENTED_EDGE('',*,*,#6682,.T.);
#6682 = EDGE_CURVE('',#6675,#6683,#6685,.T.);
#6683 = VERTEX_POINT('',#6684);
#6684 = CARTESIAN_POINT('',(2.4,1.17,0.625));
#6685 = CIRCLE('',#6686,0.25);
#6686 = AXIS2_PLACEMENT_3D('',#6687,#6688,#6689);
#6687 = CARTESIAN_POINT('',(2.4,1.17,0.375));
#6688 = DIRECTION('',(1.110223024625E-16,-1.,0.));
#6689 = DIRECTION('',(0.984807753012,1.093356242223E-16,0.173648177667)
  );
#6690 = ORIENTED_EDGE('',*,*,#6691,.T.);
#6691 = EDGE_CURVE('',#6683,#3908,#6692,.T.);
#6692 = LINE('',#6693,#6694);
#6693 = CARTESIAN_POINT('',(2.4,1.17,0.625));
#6694 = VECTOR('',#6695,1.);
#6695 = DIRECTION('',(-1.,-1.110223024625E-16,0.));
#6696 = PLANE('',#6697);
#6697 = AXIS2_PLACEMENT_3D('',#6698,#6699,#6700);
#6698 = CARTESIAN_POINT('',(2.637615762047,1.17,0.292893776214));
#6699 = DIRECTION('',(1.110223024625E-16,-1.,0.));
#6700 = DIRECTION('',(0.,0.,1.));
#6701 = ADVANCED_FACE('',(#6702),#6718,.F.);
#6702 = FACE_BOUND('',#6703,.F.);
#6703 = EDGE_LOOP('',(#6704,#6710,#6711,#6717));
#6704 = ORIENTED_EDGE('',*,*,#6705,.F.);
#6705 = EDGE_CURVE('',#3908,#4576,#6706,.T.);
#6706 = LINE('',#6707,#6708);
#6707 = CARTESIAN_POINT('',(2.4,1.17,0.625));
#6708 = VECTOR('',#6709,1.);
#6709 = DIRECTION('',(-1.,-1.110223024625E-16,0.));
#6710 = ORIENTED_EDGE('',*,*,#3924,.T.);
#6711 = ORIENTED_EDGE('',*,*,#6712,.T.);
#6712 = EDGE_CURVE('',#3917,#4584,#6713,.T.);
#6713 = LINE('',#6714,#6715);
#6714 = CARTESIAN_POINT('',(2.4,0.78,0.625));
#6715 = VECTOR('',#6716,1.);
#6716 = DIRECTION('',(-1.,-1.110223024625E-16,0.));
#6717 = ORIENTED_EDGE('',*,*,#4583,.F.);
#6718 = PLANE('',#6719);
#6719 = AXIS2_PLACEMENT_3D('',#6720,#6721,#6722);
#6720 = CARTESIAN_POINT('',(-3.188450421961E-18,2.475,0.625));
#6721 = DIRECTION('',(0.,0.,-1.));
#6722 = DIRECTION('',(1.,1.111674977262E-16,0.));
#6723 = ADVANCED_FACE('',(#6724),#6810,.F.);
#6724 = FACE_BOUND('',#6725,.F.);
#6725 = EDGE_LOOP('',(#6726,#6727,#6728,#6737,#6745,#6754,#6762,#6770,
    #6778,#6787,#6795,#6804));
#6726 = ORIENTED_EDGE('',*,*,#3916,.F.);
#6727 = ORIENTED_EDGE('',*,*,#3938,.T.);
#6728 = ORIENTED_EDGE('',*,*,#6729,.T.);
#6729 = EDGE_CURVE('',#3939,#6730,#6732,.T.);
#6730 = VERTEX_POINT('',#6731);
#6731 = CARTESIAN_POINT('',(2.498480775301,0.78,0.392364817767));
#6732 = CIRCLE('',#6733,0.1);
#6733 = AXIS2_PLACEMENT_3D('',#6734,#6735,#6736);
#6734 = CARTESIAN_POINT('',(2.4,0.78,0.375));
#6735 = DIRECTION('',(-1.110223024625E-16,1.,0.));
#6736 = DIRECTION('',(4.440892098501E-15,4.930380657631E-31,1.));
#6737 = ORIENTED_EDGE('',*,*,#6738,.T.);
#6738 = EDGE_CURVE('',#6730,#6739,#6741,.T.);
#6739 = VERTEX_POINT('',#6740);
#6740 = CARTESIAN_POINT('',(2.525838934336,0.78,0.206587955583));
#6741 = LINE('',#6742,#6743);
#6742 = CARTESIAN_POINT('',(2.498480775301,0.78,0.392364817767));
#6743 = VECTOR('',#6744,1.);
#6744 = DIRECTION('',(0.145692235845,1.617508747447E-17,-0.989329961345)
  );
#6745 = ORIENTED_EDGE('',*,*,#6746,.T.);
#6746 = EDGE_CURVE('',#6739,#6747,#6749,.T.);
#6747 = VERTEX_POINT('',#6748);
#6748 = CARTESIAN_POINT('',(2.772040872589,0.78,-5.551115123126E-17));
#6749 = CIRCLE('',#6750,0.25);
#6750 = AXIS2_PLACEMENT_3D('',#6751,#6752,#6753);
#6751 = CARTESIAN_POINT('',(2.772040872589,0.78,0.25));
#6752 = DIRECTION('',(1.110223024625E-16,-1.,0.));
#6753 = DIRECTION('',(-0.984807753012,-1.093356242223E-16,
    -0.173648177667));
#6754 = ORIENTED_EDGE('',*,*,#6755,.T.);
#6755 = EDGE_CURVE('',#6747,#6756,#6758,.T.);
#6756 = VERTEX_POINT('',#6757);
#6757 = CARTESIAN_POINT('',(3.2,0.78,-5.551115123126E-17));
#6758 = LINE('',#6759,#6760);
#6759 = CARTESIAN_POINT('',(2.772040872589,0.78,-5.551115123126E-17));
#6760 = VECTOR('',#6761,1.);
#6761 = DIRECTION('',(1.,1.110223024625E-16,0.));
#6762 = ORIENTED_EDGE('',*,*,#6763,.T.);
#6763 = EDGE_CURVE('',#6756,#6764,#6766,.T.);
#6764 = VERTEX_POINT('',#6765);
#6765 = CARTESIAN_POINT('',(3.2,0.78,0.15));
#6766 = LINE('',#6767,#6768);
#6767 = CARTESIAN_POINT('',(3.2,0.78,-5.551115123126E-17));
#6768 = VECTOR('',#6769,1.);
#6769 = DIRECTION('',(0.,0.,1.));
#6770 = ORIENTED_EDGE('',*,*,#6771,.T.);
#6771 = EDGE_CURVE('',#6764,#6772,#6774,.T.);
#6772 = VERTEX_POINT('',#6773);
#6773 = CARTESIAN_POINT('',(2.772040872589,0.78,0.15));
#6774 = LINE('',#6775,#6776);
#6775 = CARTESIAN_POINT('',(3.2,0.78,0.15));
#6776 = VECTOR('',#6777,1.);
#6777 = DIRECTION('',(-1.,-1.110223024625E-16,0.));
#6778 = ORIENTED_EDGE('',*,*,#6779,.T.);
#6779 = EDGE_CURVE('',#6772,#6780,#6782,.T.);
#6780 = VERTEX_POINT('',#6781);
#6781 = CARTESIAN_POINT('',(2.673560097287,0.78,0.232635182233));
#6782 = CIRCLE('',#6783,0.1);
#6783 = AXIS2_PLACEMENT_3D('',#6784,#6785,#6786);
#6784 = CARTESIAN_POINT('',(2.772040872589,0.78,0.25));
#6785 = DIRECTION('',(-1.110223024625E-16,1.,0.));
#6786 = DIRECTION('',(0.,0.,-1.));
#6787 = ORIENTED_EDGE('',*,*,#6788,.T.);
#6788 = EDGE_CURVE('',#6780,#6789,#6791,.T.);
#6789 = VERTEX_POINT('',#6790);
#6790 = CARTESIAN_POINT('',(2.646201938253,0.78,0.418412044417));
#6791 = LINE('',#6792,#6793);
#6792 = CARTESIAN_POINT('',(2.673560097287,0.78,0.232635182233));
#6793 = VECTOR('',#6794,1.);
#6794 = DIRECTION('',(-0.145692235845,-1.617508747447E-17,0.989329961345
    ));
#6795 = ORIENTED_EDGE('',*,*,#6796,.T.);
#6796 = EDGE_CURVE('',#6789,#6797,#6799,.T.);
#6797 = VERTEX_POINT('',#6798);
#6798 = CARTESIAN_POINT('',(2.4,0.78,0.625));
#6799 = CIRCLE('',#6800,0.25);
#6800 = AXIS2_PLACEMENT_3D('',#6801,#6802,#6803);
#6801 = CARTESIAN_POINT('',(2.4,0.78,0.375));
#6802 = DIRECTION('',(1.110223024625E-16,-1.,0.));
#6803 = DIRECTION('',(0.984807753012,1.093356242223E-16,0.173648177667)
  );
#6804 = ORIENTED_EDGE('',*,*,#6805,.T.);
#6805 = EDGE_CURVE('',#6797,#3917,#6806,.T.);
#6806 = LINE('',#6807,#6808);
#6807 = CARTESIAN_POINT('',(2.4,0.78,0.625));
#6808 = VECTOR('',#6809,1.);
#6809 = DIRECTION('',(-1.,-1.110223024625E-16,0.));
#6810 = PLANE('',#6811);
#6811 = AXIS2_PLACEMENT_3D('',#6812,#6813,#6814);
#6812 = CARTESIAN_POINT('',(2.637615762047,0.78,0.292893776214));
#6813 = DIRECTION('',(1.110223024625E-16,-1.,0.));
#6814 = DIRECTION('',(0.,0.,1.));
#6815 = ADVANCED_FACE('',(#6816),#6835,.F.);
#6816 = FACE_BOUND('',#6817,.F.);
#6817 = EDGE_LOOP('',(#6818,#6819,#6828,#6834));
#6818 = ORIENTED_EDGE('',*,*,#3955,.T.);
#6819 = ORIENTED_EDGE('',*,*,#6820,.T.);
#6820 = EDGE_CURVE('',#3948,#6821,#6823,.T.);
#6821 = VERTEX_POINT('',#6822);
#6822 = CARTESIAN_POINT('',(2.498480775301,0.52,0.392364817767));
#6823 = CIRCLE('',#6824,0.1);
#6824 = AXIS2_PLACEMENT_3D('',#6825,#6826,#6827);
#6825 = CARTESIAN_POINT('',(2.4,0.52,0.375));
#6826 = DIRECTION('',(-1.110223024625E-16,1.,0.));
#6827 = DIRECTION('',(4.440892098501E-15,4.930380657631E-31,1.));
#6828 = ORIENTED_EDGE('',*,*,#6829,.F.);
#6829 = EDGE_CURVE('',#6730,#6821,#6830,.T.);
#6830 = LINE('',#6831,#6832);
#6831 = CARTESIAN_POINT('',(2.498480775301,0.78,0.392364817767));
#6832 = VECTOR('',#6833,1.);
#6833 = DIRECTION('',(1.110223024625E-16,-1.,0.));
#6834 = ORIENTED_EDGE('',*,*,#6729,.F.);
#6835 = CYLINDRICAL_SURFACE('',#6836,0.1);
#6836 = AXIS2_PLACEMENT_3D('',#6837,#6838,#6839);
#6837 = CARTESIAN_POINT('',(2.4,0.78,0.375));
#6838 = DIRECTION('',(-1.110223024625E-16,1.,0.));
#6839 = DIRECTION('',(4.440892098501E-15,4.930380657631E-31,1.));
#6840 = ADVANCED_FACE('',(#6841),#6919,.T.);
#6841 = FACE_BOUND('',#6842,.T.);
#6842 = EDGE_LOOP('',(#6843,#6844,#6845,#6846,#6854,#6863,#6871,#6879,
    #6887,#6896,#6904,#6913));
#6843 = ORIENTED_EDGE('',*,*,#3969,.F.);
#6844 = ORIENTED_EDGE('',*,*,#3947,.T.);
#6845 = ORIENTED_EDGE('',*,*,#6820,.T.);
#6846 = ORIENTED_EDGE('',*,*,#6847,.T.);
#6847 = EDGE_CURVE('',#6821,#6848,#6850,.T.);
#6848 = VERTEX_POINT('',#6849);
#6849 = CARTESIAN_POINT('',(2.525838934336,0.52,0.206587955583));
#6850 = LINE('',#6851,#6852);
#6851 = CARTESIAN_POINT('',(2.498480775301,0.52,0.392364817767));
#6852 = VECTOR('',#6853,1.);
#6853 = DIRECTION('',(0.145692235845,1.617508747447E-17,-0.989329961345)
  );
#6854 = ORIENTED_EDGE('',*,*,#6855,.T.);
#6855 = EDGE_CURVE('',#6848,#6856,#6858,.T.);
#6856 = VERTEX_POINT('',#6857);
#6857 = CARTESIAN_POINT('',(2.772040872589,0.52,-5.551115123126E-17));
#6858 = CIRCLE('',#6859,0.25);
#6859 = AXIS2_PLACEMENT_3D('',#6860,#6861,#6862);
#6860 = CARTESIAN_POINT('',(2.772040872589,0.52,0.25));
#6861 = DIRECTION('',(1.110223024625E-16,-1.,0.));
#6862 = DIRECTION('',(-0.984807753012,-1.093356242223E-16,
    -0.173648177667));
#6863 = ORIENTED_EDGE('',*,*,#6864,.T.);
#6864 = EDGE_CURVE('',#6856,#6865,#6867,.T.);
#6865 = VERTEX_POINT('',#6866);
#6866 = CARTESIAN_POINT('',(3.2,0.52,-5.551115123126E-17));
#6867 = LINE('',#6868,#6869);
#6868 = CARTESIAN_POINT('',(2.772040872589,0.52,-5.551115123126E-17));
#6869 = VECTOR('',#6870,1.);
#6870 = DIRECTION('',(1.,1.110223024625E-16,0.));
#6871 = ORIENTED_EDGE('',*,*,#6872,.T.);
#6872 = EDGE_CURVE('',#6865,#6873,#6875,.T.);
#6873 = VERTEX_POINT('',#6874);
#6874 = CARTESIAN_POINT('',(3.2,0.52,0.15));
#6875 = LINE('',#6876,#6877);
#6876 = CARTESIAN_POINT('',(3.2,0.52,-5.551115123126E-17));
#6877 = VECTOR('',#6878,1.);
#6878 = DIRECTION('',(0.,0.,1.));
#6879 = ORIENTED_EDGE('',*,*,#6880,.T.);
#6880 = EDGE_CURVE('',#6873,#6881,#6883,.T.);
#6881 = VERTEX_POINT('',#6882);
#6882 = CARTESIAN_POINT('',(2.772040872589,0.52,0.15));
#6883 = LINE('',#6884,#6885);
#6884 = CARTESIAN_POINT('',(3.2,0.52,0.15));
#6885 = VECTOR('',#6886,1.);
#6886 = DIRECTION('',(-1.,-1.110223024625E-16,0.));
#6887 = ORIENTED_EDGE('',*,*,#6888,.T.);
#6888 = EDGE_CURVE('',#6881,#6889,#6891,.T.);
#6889 = VERTEX_POINT('',#6890);
#6890 = CARTESIAN_POINT('',(2.673560097287,0.52,0.232635182233));
#6891 = CIRCLE('',#6892,0.1);
#6892 = AXIS2_PLACEMENT_3D('',#6893,#6894,#6895);
#6893 = CARTESIAN_POINT('',(2.772040872589,0.52,0.25));
#6894 = DIRECTION('',(-1.110223024625E-16,1.,0.));
#6895 = DIRECTION('',(0.,0.,-1.));
#6896 = ORIENTED_EDGE('',*,*,#6897,.T.);
#6897 = EDGE_CURVE('',#6889,#6898,#6900,.T.);
#6898 = VERTEX_POINT('',#6899);
#6899 = CARTESIAN_POINT('',(2.646201938253,0.52,0.418412044417));
#6900 = LINE('',#6901,#6902);
#6901 = CARTESIAN_POINT('',(2.673560097287,0.52,0.232635182233));
#6902 = VECTOR('',#6903,1.);
#6903 = DIRECTION('',(-0.145692235845,-1.617508747447E-17,0.989329961345
    ));
#6904 = ORIENTED_EDGE('',*,*,#6905,.T.);
#6905 = EDGE_CURVE('',#6898,#6906,#6908,.T.);
#6906 = VERTEX_POINT('',#6907);
#6907 = CARTESIAN_POINT('',(2.4,0.52,0.625));
#6908 = CIRCLE('',#6909,0.25);
#6909 = AXIS2_PLACEMENT_3D('',#6910,#6911,#6912);
#6910 = CARTESIAN_POINT('',(2.4,0.52,0.375));
#6911 = DIRECTION('',(1.110223024625E-16,-1.,0.));
#6912 = DIRECTION('',(0.984807753012,1.093356242223E-16,0.173648177667)
  );
#6913 = ORIENTED_EDGE('',*,*,#6914,.T.);
#6914 = EDGE_CURVE('',#6906,#3970,#6915,.T.);
#6915 = LINE('',#6916,#6917);
#6916 = CARTESIAN_POINT('',(2.4,0.52,0.625));
#6917 = VECTOR('',#6918,1.);
#6918 = DIRECTION('',(-1.,-1.110223024625E-16,0.));
#6919 = PLANE('',#6920);
#6920 = AXIS2_PLACEMENT_3D('',#6921,#6922,#6923);
#6921 = CARTESIAN_POINT('',(2.637615762047,0.52,0.292893776214));
#6922 = DIRECTION('',(1.110223024625E-16,-1.,0.));
#6923 = DIRECTION('',(0.,0.,1.));
#6924 = ADVANCED_FACE('',(#6925),#6941,.F.);
#6925 = FACE_BOUND('',#6926,.F.);
#6926 = EDGE_LOOP('',(#6927,#6933,#6934,#6940));
#6927 = ORIENTED_EDGE('',*,*,#6928,.F.);
#6928 = EDGE_CURVE('',#3970,#4592,#6929,.T.);
#6929 = LINE('',#6930,#6931);
#6930 = CARTESIAN_POINT('',(2.4,0.52,0.625));
#6931 = VECTOR('',#6932,1.);
#6932 = DIRECTION('',(-1.,-1.110223024625E-16,0.));
#6933 = ORIENTED_EDGE('',*,*,#3986,.T.);
#6934 = ORIENTED_EDGE('',*,*,#6935,.T.);
#6935 = EDGE_CURVE('',#3979,#4600,#6936,.T.);
#6936 = LINE('',#6937,#6938);
#6937 = CARTESIAN_POINT('',(2.4,0.13,0.625));
#6938 = VECTOR('',#6939,1.);
#6939 = DIRECTION('',(-1.,-1.110223024625E-16,0.));
#6940 = ORIENTED_EDGE('',*,*,#4599,.F.);
#6941 = PLANE('',#6942);
#6942 = AXIS2_PLACEMENT_3D('',#6943,#6944,#6945);
#6943 = CARTESIAN_POINT('',(-3.188450421961E-18,2.475,0.625));
#6944 = DIRECTION('',(0.,0.,-1.));
#6945 = DIRECTION('',(1.,1.111674977262E-16,0.));
#6946 = ADVANCED_FACE('',(#6947),#7033,.F.);
#6947 = FACE_BOUND('',#6948,.F.);
#6948 = EDGE_LOOP('',(#6949,#6950,#6951,#6960,#6968,#6977,#6985,#6993,
    #7001,#7010,#7018,#7027));
#6949 = ORIENTED_EDGE('',*,*,#3978,.F.);
#6950 = ORIENTED_EDGE('',*,*,#4000,.T.);
#6951 = ORIENTED_EDGE('',*,*,#6952,.T.);
#6952 = EDGE_CURVE('',#4001,#6953,#6955,.T.);
#6953 = VERTEX_POINT('',#6954);
#6954 = CARTESIAN_POINT('',(2.498480775301,0.13,0.392364817767));
#6955 = CIRCLE('',#6956,0.1);
#6956 = AXIS2_PLACEMENT_3D('',#6957,#6958,#6959);
#6957 = CARTESIAN_POINT('',(2.4,0.13,0.375));
#6958 = DIRECTION('',(-1.110223024625E-16,1.,0.));
#6959 = DIRECTION('',(4.440892098501E-15,4.930380657631E-31,1.));
#6960 = ORIENTED_EDGE('',*,*,#6961,.T.);
#6961 = EDGE_CURVE('',#6953,#6962,#6964,.T.);
#6962 = VERTEX_POINT('',#6963);
#6963 = CARTESIAN_POINT('',(2.525838934336,0.13,0.206587955583));
#6964 = LINE('',#6965,#6966);
#6965 = CARTESIAN_POINT('',(2.498480775301,0.13,0.392364817767));
#6966 = VECTOR('',#6967,1.);
#6967 = DIRECTION('',(0.145692235845,1.617508747447E-17,-0.989329961345)
  );
#6968 = ORIENTED_EDGE('',*,*,#6969,.T.);
#6969 = EDGE_CURVE('',#6962,#6970,#6972,.T.);
#6970 = VERTEX_POINT('',#6971);
#6971 = CARTESIAN_POINT('',(2.772040872589,0.13,-5.551115123126E-17));
#6972 = CIRCLE('',#6973,0.25);
#6973 = AXIS2_PLACEMENT_3D('',#6974,#6975,#6976);
#6974 = CARTESIAN_POINT('',(2.772040872589,0.13,0.25));
#6975 = DIRECTION('',(1.110223024625E-16,-1.,0.));
#6976 = DIRECTION('',(-0.984807753012,-1.093356242223E-16,
    -0.173648177667));
#6977 = ORIENTED_EDGE('',*,*,#6978,.T.);
#6978 = EDGE_CURVE('',#6970,#6979,#6981,.T.);
#6979 = VERTEX_POINT('',#6980);
#6980 = CARTESIAN_POINT('',(3.2,0.13,-5.551115123126E-17));
#6981 = LINE('',#6982,#6983);
#6982 = CARTESIAN_POINT('',(2.772040872589,0.13,-5.551115123126E-17));
#6983 = VECTOR('',#6984,1.);
#6984 = DIRECTION('',(1.,1.110223024625E-16,0.));
#6985 = ORIENTED_EDGE('',*,*,#6986,.T.);
#6986 = EDGE_CURVE('',#6979,#6987,#6989,.T.);
#6987 = VERTEX_POINT('',#6988);
#6988 = CARTESIAN_POINT('',(3.2,0.13,0.15));
#6989 = LINE('',#6990,#6991);
#6990 = CARTESIAN_POINT('',(3.2,0.13,-5.551115123126E-17));
#6991 = VECTOR('',#6992,1.);
#6992 = DIRECTION('',(0.,0.,1.));
#6993 = ORIENTED_EDGE('',*,*,#6994,.T.);
#6994 = EDGE_CURVE('',#6987,#6995,#6997,.T.);
#6995 = VERTEX_POINT('',#6996);
#6996 = CARTESIAN_POINT('',(2.772040872589,0.13,0.15));
#6997 = LINE('',#6998,#6999);
#6998 = CARTESIAN_POINT('',(3.2,0.13,0.15));
#6999 = VECTOR('',#7000,1.);
#7000 = DIRECTION('',(-1.,-1.110223024625E-16,0.));
#7001 = ORIENTED_EDGE('',*,*,#7002,.T.);
#7002 = EDGE_CURVE('',#6995,#7003,#7005,.T.);
#7003 = VERTEX_POINT('',#7004);
#7004 = CARTESIAN_POINT('',(2.673560097287,0.13,0.232635182233));
#7005 = CIRCLE('',#7006,0.1);
#7006 = AXIS2_PLACEMENT_3D('',#7007,#7008,#7009);
#7007 = CARTESIAN_POINT('',(2.772040872589,0.13,0.25));
#7008 = DIRECTION('',(-1.110223024625E-16,1.,0.));
#7009 = DIRECTION('',(0.,0.,-1.));
#7010 = ORIENTED_EDGE('',*,*,#7011,.T.);
#7011 = EDGE_CURVE('',#7003,#7012,#7014,.T.);
#7012 = VERTEX_POINT('',#7013);
#7013 = CARTESIAN_POINT('',(2.646201938253,0.13,0.418412044417));
#7014 = LINE('',#7015,#7016);
#7015 = CARTESIAN_POINT('',(2.673560097287,0.13,0.232635182233));
#7016 = VECTOR('',#7017,1.);
#7017 = DIRECTION('',(-0.145692235845,-1.617508747447E-17,0.989329961345
    ));
#7018 = ORIENTED_EDGE('',*,*,#7019,.T.);
#7019 = EDGE_CURVE('',#7012,#7020,#7022,.T.);
#7020 = VERTEX_POINT('',#7021);
#7021 = CARTESIAN_POINT('',(2.4,0.13,0.625));
#7022 = CIRCLE('',#7023,0.25);
#7023 = AXIS2_PLACEMENT_3D('',#7024,#7025,#7026);
#7024 = CARTESIAN_POINT('',(2.4,0.13,0.375));
#7025 = DIRECTION('',(1.110223024625E-16,-1.,0.));
#7026 = DIRECTION('',(0.984807753012,1.093356242223E-16,0.173648177667)
  );
#7027 = ORIENTED_EDGE('',*,*,#7028,.T.);
#7028 = EDGE_CURVE('',#7020,#3979,#7029,.T.);
#7029 = LINE('',#7030,#7031);
#7030 = CARTESIAN_POINT('',(2.4,0.13,0.625));
#7031 = VECTOR('',#7032,1.);
#7032 = DIRECTION('',(-1.,-1.110223024625E-16,0.));
#7033 = PLANE('',#7034);
#7034 = AXIS2_PLACEMENT_3D('',#7035,#7036,#7037);
#7035 = CARTESIAN_POINT('',(2.637615762047,0.13,0.292893776214));
#7036 = DIRECTION('',(1.110223024625E-16,-1.,0.));
#7037 = DIRECTION('',(0.,0.,1.));
#7038 = ADVANCED_FACE('',(#7039),#7058,.F.);
#7039 = FACE_BOUND('',#7040,.F.);
#7040 = EDGE_LOOP('',(#7041,#7042,#7051,#7057));
#7041 = ORIENTED_EDGE('',*,*,#4017,.T.);
#7042 = ORIENTED_EDGE('',*,*,#7043,.T.);
#7043 = EDGE_CURVE('',#4010,#7044,#7046,.T.);
#7044 = VERTEX_POINT('',#7045);
#7045 = CARTESIAN_POINT('',(2.498480775301,-0.13,0.392364817767));
#7046 = CIRCLE('',#7047,0.1);
#7047 = AXIS2_PLACEMENT_3D('',#7048,#7049,#7050);
#7048 = CARTESIAN_POINT('',(2.4,-0.13,0.375));
#7049 = DIRECTION('',(-1.110223024625E-16,1.,0.));
#7050 = DIRECTION('',(4.440892098501E-15,4.930380657631E-31,1.));
#7051 = ORIENTED_EDGE('',*,*,#7052,.F.);
#7052 = EDGE_CURVE('',#6953,#7044,#7053,.T.);
#7053 = LINE('',#7054,#7055);
#7054 = CARTESIAN_POINT('',(2.498480775301,0.13,0.392364817767));
#7055 = VECTOR('',#7056,1.);
#7056 = DIRECTION('',(1.110223024625E-16,-1.,0.));
#7057 = ORIENTED_EDGE('',*,*,#6952,.F.);
#7058 = CYLINDRICAL_SURFACE('',#7059,0.1);
#7059 = AXIS2_PLACEMENT_3D('',#7060,#7061,#7062);
#7060 = CARTESIAN_POINT('',(2.4,0.13,0.375));
#7061 = DIRECTION('',(-1.110223024625E-16,1.,0.));
#7062 = DIRECTION('',(4.440892098501E-15,4.930380657631E-31,1.));
#7063 = ADVANCED_FACE('',(#7064),#7142,.T.);
#7064 = FACE_BOUND('',#7065,.T.);
#7065 = EDGE_LOOP('',(#7066,#7067,#7068,#7069,#7077,#7086,#7094,#7102,
    #7110,#7119,#7127,#7136));
#7066 = ORIENTED_EDGE('',*,*,#4031,.F.);
#7067 = ORIENTED_EDGE('',*,*,#4009,.T.);
#7068 = ORIENTED_EDGE('',*,*,#7043,.T.);
#7069 = ORIENTED_EDGE('',*,*,#7070,.T.);
#7070 = EDGE_CURVE('',#7044,#7071,#7073,.T.);
#7071 = VERTEX_POINT('',#7072);
#7072 = CARTESIAN_POINT('',(2.525838934336,-0.13,0.206587955583));
#7073 = LINE('',#7074,#7075);
#7074 = CARTESIAN_POINT('',(2.498480775301,-0.13,0.392364817767));
#7075 = VECTOR('',#7076,1.);
#7076 = DIRECTION('',(0.145692235845,1.617508747447E-17,-0.989329961345)
  );
#7077 = ORIENTED_EDGE('',*,*,#7078,.T.);
#7078 = EDGE_CURVE('',#7071,#7079,#7081,.T.);
#7079 = VERTEX_POINT('',#7080);
#7080 = CARTESIAN_POINT('',(2.772040872589,-0.13,-5.551115123126E-17));
#7081 = CIRCLE('',#7082,0.25);
#7082 = AXIS2_PLACEMENT_3D('',#7083,#7084,#7085);
#7083 = CARTESIAN_POINT('',(2.772040872589,-0.13,0.25));
#7084 = DIRECTION('',(1.110223024625E-16,-1.,0.));
#7085 = DIRECTION('',(-0.984807753012,-1.093356242223E-16,
    -0.173648177667));
#7086 = ORIENTED_EDGE('',*,*,#7087,.T.);
#7087 = EDGE_CURVE('',#7079,#7088,#7090,.T.);
#7088 = VERTEX_POINT('',#7089);
#7089 = CARTESIAN_POINT('',(3.2,-0.13,-5.551115123126E-17));
#7090 = LINE('',#7091,#7092);
#7091 = CARTESIAN_POINT('',(2.772040872589,-0.13,-5.551115123126E-17));
#7092 = VECTOR('',#7093,1.);
#7093 = DIRECTION('',(1.,1.110223024625E-16,0.));
#7094 = ORIENTED_EDGE('',*,*,#7095,.T.);
#7095 = EDGE_CURVE('',#7088,#7096,#7098,.T.);
#7096 = VERTEX_POINT('',#7097);
#7097 = CARTESIAN_POINT('',(3.2,-0.13,0.15));
#7098 = LINE('',#7099,#7100);
#7099 = CARTESIAN_POINT('',(3.2,-0.13,-5.551115123126E-17));
#7100 = VECTOR('',#7101,1.);
#7101 = DIRECTION('',(0.,0.,1.));
#7102 = ORIENTED_EDGE('',*,*,#7103,.T.);
#7103 = EDGE_CURVE('',#7096,#7104,#7106,.T.);
#7104 = VERTEX_POINT('',#7105);
#7105 = CARTESIAN_POINT('',(2.772040872589,-0.13,0.15));
#7106 = LINE('',#7107,#7108);
#7107 = CARTESIAN_POINT('',(3.2,-0.13,0.15));
#7108 = VECTOR('',#7109,1.);
#7109 = DIRECTION('',(-1.,-1.110223024625E-16,0.));
#7110 = ORIENTED_EDGE('',*,*,#7111,.T.);
#7111 = EDGE_CURVE('',#7104,#7112,#7114,.T.);
#7112 = VERTEX_POINT('',#7113);
#7113 = CARTESIAN_POINT('',(2.673560097287,-0.13,0.232635182233));
#7114 = CIRCLE('',#7115,0.1);
#7115 = AXIS2_PLACEMENT_3D('',#7116,#7117,#7118);
#7116 = CARTESIAN_POINT('',(2.772040872589,-0.13,0.25));
#7117 = DIRECTION('',(-1.110223024625E-16,1.,0.));
#7118 = DIRECTION('',(0.,0.,-1.));
#7119 = ORIENTED_EDGE('',*,*,#7120,.T.);
#7120 = EDGE_CURVE('',#7112,#7121,#7123,.T.);
#7121 = VERTEX_POINT('',#7122);
#7122 = CARTESIAN_POINT('',(2.646201938253,-0.13,0.418412044417));
#7123 = LINE('',#7124,#7125);
#7124 = CARTESIAN_POINT('',(2.673560097287,-0.13,0.232635182233));
#7125 = VECTOR('',#7126,1.);
#7126 = DIRECTION('',(-0.145692235845,-1.617508747447E-17,0.989329961345
    ));
#7127 = ORIENTED_EDGE('',*,*,#7128,.T.);
#7128 = EDGE_CURVE('',#7121,#7129,#7131,.T.);
#7129 = VERTEX_POINT('',#7130);
#7130 = CARTESIAN_POINT('',(2.4,-0.13,0.625));
#7131 = CIRCLE('',#7132,0.25);
#7132 = AXIS2_PLACEMENT_3D('',#7133,#7134,#7135);
#7133 = CARTESIAN_POINT('',(2.4,-0.13,0.375));
#7134 = DIRECTION('',(1.110223024625E-16,-1.,0.));
#7135 = DIRECTION('',(0.984807753012,1.093356242223E-16,0.173648177667)
  );
#7136 = ORIENTED_EDGE('',*,*,#7137,.T.);
#7137 = EDGE_CURVE('',#7129,#4032,#7138,.T.);
#7138 = LINE('',#7139,#7140);
#7139 = CARTESIAN_POINT('',(2.4,-0.13,0.625));
#7140 = VECTOR('',#7141,1.);
#7141 = DIRECTION('',(-1.,-1.110223024625E-16,0.));
#7142 = PLANE('',#7143);
#7143 = AXIS2_PLACEMENT_3D('',#7144,#7145,#7146);
#7144 = CARTESIAN_POINT('',(2.637615762047,-0.13,0.292893776214));
#7145 = DIRECTION('',(1.110223024625E-16,-1.,0.));
#7146 = DIRECTION('',(0.,0.,1.));
#7147 = ADVANCED_FACE('',(#7148),#7164,.F.);
#7148 = FACE_BOUND('',#7149,.F.);
#7149 = EDGE_LOOP('',(#7150,#7156,#7157,#7163));
#7150 = ORIENTED_EDGE('',*,*,#7151,.F.);
#7151 = EDGE_CURVE('',#4032,#4608,#7152,.T.);
#7152 = LINE('',#7153,#7154);
#7153 = CARTESIAN_POINT('',(2.4,-0.13,0.625));
#7154 = VECTOR('',#7155,1.);
#7155 = DIRECTION('',(-1.,-1.110223024625E-16,0.));
#7156 = ORIENTED_EDGE('',*,*,#4048,.T.);
#7157 = ORIENTED_EDGE('',*,*,#7158,.T.);
#7158 = EDGE_CURVE('',#4041,#4616,#7159,.T.);
#7159 = LINE('',#7160,#7161);
#7160 = CARTESIAN_POINT('',(2.4,-0.52,0.625));
#7161 = VECTOR('',#7162,1.);
#7162 = DIRECTION('',(-1.,-1.110223024625E-16,0.));
#7163 = ORIENTED_EDGE('',*,*,#4615,.F.);
#7164 = PLANE('',#7165);
#7165 = AXIS2_PLACEMENT_3D('',#7166,#7167,#7168);
#7166 = CARTESIAN_POINT('',(-3.188450421961E-18,2.475,0.625));
#7167 = DIRECTION('',(0.,0.,-1.));
#7168 = DIRECTION('',(1.,1.111674977262E-16,0.));
#7169 = ADVANCED_FACE('',(#7170),#7256,.F.);
#7170 = FACE_BOUND('',#7171,.F.);
#7171 = EDGE_LOOP('',(#7172,#7173,#7174,#7183,#7191,#7200,#7208,#7216,
    #7224,#7233,#7241,#7250));
#7172 = ORIENTED_EDGE('',*,*,#4040,.F.);
#7173 = ORIENTED_EDGE('',*,*,#4062,.T.);
#7174 = ORIENTED_EDGE('',*,*,#7175,.T.);
#7175 = EDGE_CURVE('',#4063,#7176,#7178,.T.);
#7176 = VERTEX_POINT('',#7177);
#7177 = CARTESIAN_POINT('',(2.498480775301,-0.52,0.392364817767));
#7178 = CIRCLE('',#7179,0.1);
#7179 = AXIS2_PLACEMENT_3D('',#7180,#7181,#7182);
#7180 = CARTESIAN_POINT('',(2.4,-0.52,0.375));
#7181 = DIRECTION('',(-1.110223024625E-16,1.,0.));
#7182 = DIRECTION('',(4.440892098501E-15,4.930380657631E-31,1.));
#7183 = ORIENTED_EDGE('',*,*,#7184,.T.);
#7184 = EDGE_CURVE('',#7176,#7185,#7187,.T.);
#7185 = VERTEX_POINT('',#7186);
#7186 = CARTESIAN_POINT('',(2.525838934336,-0.52,0.206587955583));
#7187 = LINE('',#7188,#7189);
#7188 = CARTESIAN_POINT('',(2.498480775301,-0.52,0.392364817767));
#7189 = VECTOR('',#7190,1.);
#7190 = DIRECTION('',(0.145692235845,1.617508747447E-17,-0.989329961345)
  );
#7191 = ORIENTED_EDGE('',*,*,#7192,.T.);
#7192 = EDGE_CURVE('',#7185,#7193,#7195,.T.);
#7193 = VERTEX_POINT('',#7194);
#7194 = CARTESIAN_POINT('',(2.772040872589,-0.52,-5.551115123126E-17));
#7195 = CIRCLE('',#7196,0.25);
#7196 = AXIS2_PLACEMENT_3D('',#7197,#7198,#7199);
#7197 = CARTESIAN_POINT('',(2.772040872589,-0.52,0.25));
#7198 = DIRECTION('',(1.110223024625E-16,-1.,0.));
#7199 = DIRECTION('',(-0.984807753012,-1.093356242223E-16,
    -0.173648177667));
#7200 = ORIENTED_EDGE('',*,*,#7201,.T.);
#7201 = EDGE_CURVE('',#7193,#7202,#7204,.T.);
#7202 = VERTEX_POINT('',#7203);
#7203 = CARTESIAN_POINT('',(3.2,-0.52,-5.551115123126E-17));
#7204 = LINE('',#7205,#7206);
#7205 = CARTESIAN_POINT('',(2.772040872589,-0.52,-5.551115123126E-17));
#7206 = VECTOR('',#7207,1.);
#7207 = DIRECTION('',(1.,1.110223024625E-16,0.));
#7208 = ORIENTED_EDGE('',*,*,#7209,.T.);
#7209 = EDGE_CURVE('',#7202,#7210,#7212,.T.);
#7210 = VERTEX_POINT('',#7211);
#7211 = CARTESIAN_POINT('',(3.2,-0.52,0.15));
#7212 = LINE('',#7213,#7214);
#7213 = CARTESIAN_POINT('',(3.2,-0.52,-5.551115123126E-17));
#7214 = VECTOR('',#7215,1.);
#7215 = DIRECTION('',(0.,0.,1.));
#7216 = ORIENTED_EDGE('',*,*,#7217,.T.);
#7217 = EDGE_CURVE('',#7210,#7218,#7220,.T.);
#7218 = VERTEX_POINT('',#7219);
#7219 = CARTESIAN_POINT('',(2.772040872589,-0.52,0.15));
#7220 = LINE('',#7221,#7222);
#7221 = CARTESIAN_POINT('',(3.2,-0.52,0.15));
#7222 = VECTOR('',#7223,1.);
#7223 = DIRECTION('',(-1.,-1.110223024625E-16,0.));
#7224 = ORIENTED_EDGE('',*,*,#7225,.T.);
#7225 = EDGE_CURVE('',#7218,#7226,#7228,.T.);
#7226 = VERTEX_POINT('',#7227);
#7227 = CARTESIAN_POINT('',(2.673560097287,-0.52,0.232635182233));
#7228 = CIRCLE('',#7229,0.1);
#7229 = AXIS2_PLACEMENT_3D('',#7230,#7231,#7232);
#7230 = CARTESIAN_POINT('',(2.772040872589,-0.52,0.25));
#7231 = DIRECTION('',(-1.110223024625E-16,1.,0.));
#7232 = DIRECTION('',(0.,0.,-1.));
#7233 = ORIENTED_EDGE('',*,*,#7234,.T.);
#7234 = EDGE_CURVE('',#7226,#7235,#7237,.T.);
#7235 = VERTEX_POINT('',#7236);
#7236 = CARTESIAN_POINT('',(2.646201938253,-0.52,0.418412044417));
#7237 = LINE('',#7238,#7239);
#7238 = CARTESIAN_POINT('',(2.673560097287,-0.52,0.232635182233));
#7239 = VECTOR('',#7240,1.);
#7240 = DIRECTION('',(-0.145692235845,-1.617508747447E-17,0.989329961345
    ));
#7241 = ORIENTED_EDGE('',*,*,#7242,.T.);
#7242 = EDGE_CURVE('',#7235,#7243,#7245,.T.);
#7243 = VERTEX_POINT('',#7244);
#7244 = CARTESIAN_POINT('',(2.4,-0.52,0.625));
#7245 = CIRCLE('',#7246,0.25);
#7246 = AXIS2_PLACEMENT_3D('',#7247,#7248,#7249);
#7247 = CARTESIAN_POINT('',(2.4,-0.52,0.375));
#7248 = DIRECTION('',(1.110223024625E-16,-1.,0.));
#7249 = DIRECTION('',(0.984807753012,1.093356242223E-16,0.173648177667)
  );
#7250 = ORIENTED_EDGE('',*,*,#7251,.T.);
#7251 = EDGE_CURVE('',#7243,#4041,#7252,.T.);
#7252 = LINE('',#7253,#7254);
#7253 = CARTESIAN_POINT('',(2.4,-0.52,0.625));
#7254 = VECTOR('',#7255,1.);
#7255 = DIRECTION('',(-1.,-1.110223024625E-16,0.));
#7256 = PLANE('',#7257);
#7257 = AXIS2_PLACEMENT_3D('',#7258,#7259,#7260);
#7258 = CARTESIAN_POINT('',(2.637615762047,-0.52,0.292893776214));
#7259 = DIRECTION('',(1.110223024625E-16,-1.,0.));
#7260 = DIRECTION('',(0.,0.,1.));
#7261 = ADVANCED_FACE('',(#7262),#7281,.F.);
#7262 = FACE_BOUND('',#7263,.F.);
#7263 = EDGE_LOOP('',(#7264,#7265,#7274,#7280));
#7264 = ORIENTED_EDGE('',*,*,#4079,.T.);
#7265 = ORIENTED_EDGE('',*,*,#7266,.T.);
#7266 = EDGE_CURVE('',#4072,#7267,#7269,.T.);
#7267 = VERTEX_POINT('',#7268);
#7268 = CARTESIAN_POINT('',(2.498480775301,-0.78,0.392364817767));
#7269 = CIRCLE('',#7270,0.1);
#7270 = AXIS2_PLACEMENT_3D('',#7271,#7272,#7273);
#7271 = CARTESIAN_POINT('',(2.4,-0.78,0.375));
#7272 = DIRECTION('',(-1.110223024625E-16,1.,0.));
#7273 = DIRECTION('',(4.440892098501E-15,4.930380657631E-31,1.));
#7274 = ORIENTED_EDGE('',*,*,#7275,.F.);
#7275 = EDGE_CURVE('',#7176,#7267,#7276,.T.);
#7276 = LINE('',#7277,#7278);
#7277 = CARTESIAN_POINT('',(2.498480775301,-0.52,0.392364817767));
#7278 = VECTOR('',#7279,1.);
#7279 = DIRECTION('',(1.110223024625E-16,-1.,0.));
#7280 = ORIENTED_EDGE('',*,*,#7175,.F.);
#7281 = CYLINDRICAL_SURFACE('',#7282,0.1);
#7282 = AXIS2_PLACEMENT_3D('',#7283,#7284,#7285);
#7283 = CARTESIAN_POINT('',(2.4,-0.52,0.375));
#7284 = DIRECTION('',(-1.110223024625E-16,1.,0.));
#7285 = DIRECTION('',(4.440892098501E-15,4.930380657631E-31,1.));
#7286 = ADVANCED_FACE('',(#7287),#7365,.T.);
#7287 = FACE_BOUND('',#7288,.T.);
#7288 = EDGE_LOOP('',(#7289,#7290,#7291,#7292,#7300,#7309,#7317,#7325,
    #7333,#7342,#7350,#7359));
#7289 = ORIENTED_EDGE('',*,*,#4093,.F.);
#7290 = ORIENTED_EDGE('',*,*,#4071,.T.);
#7291 = ORIENTED_EDGE('',*,*,#7266,.T.);
#7292 = ORIENTED_EDGE('',*,*,#7293,.T.);
#7293 = EDGE_CURVE('',#7267,#7294,#7296,.T.);
#7294 = VERTEX_POINT('',#7295);
#7295 = CARTESIAN_POINT('',(2.525838934336,-0.78,0.206587955583));
#7296 = LINE('',#7297,#7298);
#7297 = CARTESIAN_POINT('',(2.498480775301,-0.78,0.392364817767));
#7298 = VECTOR('',#7299,1.);
#7299 = DIRECTION('',(0.145692235845,1.617508747447E-17,-0.989329961345)
  );
#7300 = ORIENTED_EDGE('',*,*,#7301,.T.);
#7301 = EDGE_CURVE('',#7294,#7302,#7304,.T.);
#7302 = VERTEX_POINT('',#7303);
#7303 = CARTESIAN_POINT('',(2.772040872589,-0.78,-5.551115123126E-17));
#7304 = CIRCLE('',#7305,0.25);
#7305 = AXIS2_PLACEMENT_3D('',#7306,#7307,#7308);
#7306 = CARTESIAN_POINT('',(2.772040872589,-0.78,0.25));
#7307 = DIRECTION('',(1.110223024625E-16,-1.,0.));
#7308 = DIRECTION('',(-0.984807753012,-1.093356242223E-16,
    -0.173648177667));
#7309 = ORIENTED_EDGE('',*,*,#7310,.T.);
#7310 = EDGE_CURVE('',#7302,#7311,#7313,.T.);
#7311 = VERTEX_POINT('',#7312);
#7312 = CARTESIAN_POINT('',(3.2,-0.78,-5.551115123126E-17));
#7313 = LINE('',#7314,#7315);
#7314 = CARTESIAN_POINT('',(2.772040872589,-0.78,-5.551115123126E-17));
#7315 = VECTOR('',#7316,1.);
#7316 = DIRECTION('',(1.,1.110223024625E-16,0.));
#7317 = ORIENTED_EDGE('',*,*,#7318,.T.);
#7318 = EDGE_CURVE('',#7311,#7319,#7321,.T.);
#7319 = VERTEX_POINT('',#7320);
#7320 = CARTESIAN_POINT('',(3.2,-0.78,0.15));
#7321 = LINE('',#7322,#7323);
#7322 = CARTESIAN_POINT('',(3.2,-0.78,-5.551115123126E-17));
#7323 = VECTOR('',#7324,1.);
#7324 = DIRECTION('',(0.,0.,1.));
#7325 = ORIENTED_EDGE('',*,*,#7326,.T.);
#7326 = EDGE_CURVE('',#7319,#7327,#7329,.T.);
#7327 = VERTEX_POINT('',#7328);
#7328 = CARTESIAN_POINT('',(2.772040872589,-0.78,0.15));
#7329 = LINE('',#7330,#7331);
#7330 = CARTESIAN_POINT('',(3.2,-0.78,0.15));
#7331 = VECTOR('',#7332,1.);
#7332 = DIRECTION('',(-1.,-1.110223024625E-16,0.));
#7333 = ORIENTED_EDGE('',*,*,#7334,.T.);
#7334 = EDGE_CURVE('',#7327,#7335,#7337,.T.);
#7335 = VERTEX_POINT('',#7336);
#7336 = CARTESIAN_POINT('',(2.673560097287,-0.78,0.232635182233));
#7337 = CIRCLE('',#7338,0.1);
#7338 = AXIS2_PLACEMENT_3D('',#7339,#7340,#7341);
#7339 = CARTESIAN_POINT('',(2.772040872589,-0.78,0.25));
#7340 = DIRECTION('',(-1.110223024625E-16,1.,0.));
#7341 = DIRECTION('',(0.,0.,-1.));
#7342 = ORIENTED_EDGE('',*,*,#7343,.T.);
#7343 = EDGE_CURVE('',#7335,#7344,#7346,.T.);
#7344 = VERTEX_POINT('',#7345);
#7345 = CARTESIAN_POINT('',(2.646201938253,-0.78,0.418412044417));
#7346 = LINE('',#7347,#7348);
#7347 = CARTESIAN_POINT('',(2.673560097287,-0.78,0.232635182233));
#7348 = VECTOR('',#7349,1.);
#7349 = DIRECTION('',(-0.145692235845,-1.617508747447E-17,0.989329961345
    ));
#7350 = ORIENTED_EDGE('',*,*,#7351,.T.);
#7351 = EDGE_CURVE('',#7344,#7352,#7354,.T.);
#7352 = VERTEX_POINT('',#7353);
#7353 = CARTESIAN_POINT('',(2.4,-0.78,0.625));
#7354 = CIRCLE('',#7355,0.25);
#7355 = AXIS2_PLACEMENT_3D('',#7356,#7357,#7358);
#7356 = CARTESIAN_POINT('',(2.4,-0.78,0.375));
#7357 = DIRECTION('',(1.110223024625E-16,-1.,0.));
#7358 = DIRECTION('',(0.984807753012,1.093356242223E-16,0.173648177667)
  );
#7359 = ORIENTED_EDGE('',*,*,#7360,.T.);
#7360 = EDGE_CURVE('',#7352,#4094,#7361,.T.);
#7361 = LINE('',#7362,#7363);
#7362 = CARTESIAN_POINT('',(2.4,-0.78,0.625));
#7363 = VECTOR('',#7364,1.);
#7364 = DIRECTION('',(-1.,-1.110223024625E-16,0.));
#7365 = PLANE('',#7366);
#7366 = AXIS2_PLACEMENT_3D('',#7367,#7368,#7369);
#7367 = CARTESIAN_POINT('',(2.637615762047,-0.78,0.292893776214));
#7368 = DIRECTION('',(1.110223024625E-16,-1.,0.));
#7369 = DIRECTION('',(0.,0.,1.));
#7370 = ADVANCED_FACE('',(#7371),#7387,.F.);
#7371 = FACE_BOUND('',#7372,.F.);
#7372 = EDGE_LOOP('',(#7373,#7379,#7380,#7386));
#7373 = ORIENTED_EDGE('',*,*,#7374,.F.);
#7374 = EDGE_CURVE('',#4094,#4624,#7375,.T.);
#7375 = LINE('',#7376,#7377);
#7376 = CARTESIAN_POINT('',(2.4,-0.78,0.625));
#7377 = VECTOR('',#7378,1.);
#7378 = DIRECTION('',(-1.,-1.110223024625E-16,0.));
#7379 = ORIENTED_EDGE('',*,*,#4110,.T.);
#7380 = ORIENTED_EDGE('',*,*,#7381,.T.);
#7381 = EDGE_CURVE('',#4103,#4632,#7382,.T.);
#7382 = LINE('',#7383,#7384);
#7383 = CARTESIAN_POINT('',(2.4,-1.17,0.625));
#7384 = VECTOR('',#7385,1.);
#7385 = DIRECTION('',(-1.,-1.110223024625E-16,0.));
#7386 = ORIENTED_EDGE('',*,*,#4631,.F.);
#7387 = PLANE('',#7388);
#7388 = AXIS2_PLACEMENT_3D('',#7389,#7390,#7391);
#7389 = CARTESIAN_POINT('',(-3.188450421961E-18,2.475,0.625));
#7390 = DIRECTION('',(0.,0.,-1.));
#7391 = DIRECTION('',(1.,1.111674977262E-16,0.));
#7392 = ADVANCED_FACE('',(#7393),#7479,.F.);
#7393 = FACE_BOUND('',#7394,.F.);
#7394 = EDGE_LOOP('',(#7395,#7396,#7397,#7406,#7414,#7423,#7431,#7439,
    #7447,#7456,#7464,#7473));
#7395 = ORIENTED_EDGE('',*,*,#4102,.F.);
#7396 = ORIENTED_EDGE('',*,*,#4124,.T.);
#7397 = ORIENTED_EDGE('',*,*,#7398,.T.);
#7398 = EDGE_CURVE('',#4125,#7399,#7401,.T.);
#7399 = VERTEX_POINT('',#7400);
#7400 = CARTESIAN_POINT('',(2.498480775301,-1.17,0.392364817767));
#7401 = CIRCLE('',#7402,0.1);
#7402 = AXIS2_PLACEMENT_3D('',#7403,#7404,#7405);
#7403 = CARTESIAN_POINT('',(2.4,-1.17,0.375));
#7404 = DIRECTION('',(-1.110223024625E-16,1.,0.));
#7405 = DIRECTION('',(4.440892098501E-15,4.930380657631E-31,1.));
#7406 = ORIENTED_EDGE('',*,*,#7407,.T.);
#7407 = EDGE_CURVE('',#7399,#7408,#7410,.T.);
#7408 = VERTEX_POINT('',#7409);
#7409 = CARTESIAN_POINT('',(2.525838934336,-1.17,0.206587955583));
#7410 = LINE('',#7411,#7412);
#7411 = CARTESIAN_POINT('',(2.498480775301,-1.17,0.392364817767));
#7412 = VECTOR('',#7413,1.);
#7413 = DIRECTION('',(0.145692235845,1.617508747447E-17,-0.989329961345)
  );
#7414 = ORIENTED_EDGE('',*,*,#7415,.T.);
#7415 = EDGE_CURVE('',#7408,#7416,#7418,.T.);
#7416 = VERTEX_POINT('',#7417);
#7417 = CARTESIAN_POINT('',(2.772040872589,-1.17,-5.551115123126E-17));
#7418 = CIRCLE('',#7419,0.25);
#7419 = AXIS2_PLACEMENT_3D('',#7420,#7421,#7422);
#7420 = CARTESIAN_POINT('',(2.772040872589,-1.17,0.25));
#7421 = DIRECTION('',(1.110223024625E-16,-1.,0.));
#7422 = DIRECTION('',(-0.984807753012,-1.093356242223E-16,
    -0.173648177667));
#7423 = ORIENTED_EDGE('',*,*,#7424,.T.);
#7424 = EDGE_CURVE('',#7416,#7425,#7427,.T.);
#7425 = VERTEX_POINT('',#7426);
#7426 = CARTESIAN_POINT('',(3.2,-1.17,-5.551115123126E-17));
#7427 = LINE('',#7428,#7429);
#7428 = CARTESIAN_POINT('',(2.772040872589,-1.17,-5.551115123126E-17));
#7429 = VECTOR('',#7430,1.);
#7430 = DIRECTION('',(1.,1.110223024625E-16,0.));
#7431 = ORIENTED_EDGE('',*,*,#7432,.T.);
#7432 = EDGE_CURVE('',#7425,#7433,#7435,.T.);
#7433 = VERTEX_POINT('',#7434);
#7434 = CARTESIAN_POINT('',(3.2,-1.17,0.15));
#7435 = LINE('',#7436,#7437);
#7436 = CARTESIAN_POINT('',(3.2,-1.17,-5.551115123126E-17));
#7437 = VECTOR('',#7438,1.);
#7438 = DIRECTION('',(0.,0.,1.));
#7439 = ORIENTED_EDGE('',*,*,#7440,.T.);
#7440 = EDGE_CURVE('',#7433,#7441,#7443,.T.);
#7441 = VERTEX_POINT('',#7442);
#7442 = CARTESIAN_POINT('',(2.772040872589,-1.17,0.15));
#7443 = LINE('',#7444,#7445);
#7444 = CARTESIAN_POINT('',(3.2,-1.17,0.15));
#7445 = VECTOR('',#7446,1.);
#7446 = DIRECTION('',(-1.,-1.110223024625E-16,0.));
#7447 = ORIENTED_EDGE('',*,*,#7448,.T.);
#7448 = EDGE_CURVE('',#7441,#7449,#7451,.T.);
#7449 = VERTEX_POINT('',#7450);
#7450 = CARTESIAN_POINT('',(2.673560097287,-1.17,0.232635182233));
#7451 = CIRCLE('',#7452,0.1);
#7452 = AXIS2_PLACEMENT_3D('',#7453,#7454,#7455);
#7453 = CARTESIAN_POINT('',(2.772040872589,-1.17,0.25));
#7454 = DIRECTION('',(-1.110223024625E-16,1.,0.));
#7455 = DIRECTION('',(0.,0.,-1.));
#7456 = ORIENTED_EDGE('',*,*,#7457,.T.);
#7457 = EDGE_CURVE('',#7449,#7458,#7460,.T.);
#7458 = VERTEX_POINT('',#7459);
#7459 = CARTESIAN_POINT('',(2.646201938253,-1.17,0.418412044417));
#7460 = LINE('',#7461,#7462);
#7461 = CARTESIAN_POINT('',(2.673560097287,-1.17,0.232635182233));
#7462 = VECTOR('',#7463,1.);
#7463 = DIRECTION('',(-0.145692235845,-1.617508747447E-17,0.989329961345
    ));
#7464 = ORIENTED_EDGE('',*,*,#7465,.T.);
#7465 = EDGE_CURVE('',#7458,#7466,#7468,.T.);
#7466 = VERTEX_POINT('',#7467);
#7467 = CARTESIAN_POINT('',(2.4,-1.17,0.625));
#7468 = CIRCLE('',#7469,0.25);
#7469 = AXIS2_PLACEMENT_3D('',#7470,#7471,#7472);
#7470 = CARTESIAN_POINT('',(2.4,-1.17,0.375));
#7471 = DIRECTION('',(1.110223024625E-16,-1.,0.));
#7472 = DIRECTION('',(0.984807753012,1.093356242223E-16,0.173648177667)
  );
#7473 = ORIENTED_EDGE('',*,*,#7474,.T.);
#7474 = EDGE_CURVE('',#7466,#4103,#7475,.T.);
#7475 = LINE('',#7476,#7477);
#7476 = CARTESIAN_POINT('',(2.4,-1.17,0.625));
#7477 = VECTOR('',#7478,1.);
#7478 = DIRECTION('',(-1.,-1.110223024625E-16,0.));
#7479 = PLANE('',#7480);
#7480 = AXIS2_PLACEMENT_3D('',#7481,#7482,#7483);
#7481 = CARTESIAN_POINT('',(2.637615762047,-1.17,0.292893776214));
#7482 = DIRECTION('',(1.110223024625E-16,-1.,0.));
#7483 = DIRECTION('',(0.,0.,1.));
#7484 = ADVANCED_FACE('',(#7485),#7504,.F.);
#7485 = FACE_BOUND('',#7486,.F.);
#7486 = EDGE_LOOP('',(#7487,#7488,#7497,#7503));
#7487 = ORIENTED_EDGE('',*,*,#4141,.T.);
#7488 = ORIENTED_EDGE('',*,*,#7489,.T.);
#7489 = EDGE_CURVE('',#4134,#7490,#7492,.T.);
#7490 = VERTEX_POINT('',#7491);
#7491 = CARTESIAN_POINT('',(2.498480775301,-1.43,0.392364817767));
#7492 = CIRCLE('',#7493,0.1);
#7493 = AXIS2_PLACEMENT_3D('',#7494,#7495,#7496);
#7494 = CARTESIAN_POINT('',(2.4,-1.43,0.375));
#7495 = DIRECTION('',(-1.110223024625E-16,1.,0.));
#7496 = DIRECTION('',(4.440892098501E-15,4.930380657631E-31,1.));
#7497 = ORIENTED_EDGE('',*,*,#7498,.F.);
#7498 = EDGE_CURVE('',#7399,#7490,#7499,.T.);
#7499 = LINE('',#7500,#7501);
#7500 = CARTESIAN_POINT('',(2.498480775301,-1.17,0.392364817767));
#7501 = VECTOR('',#7502,1.);
#7502 = DIRECTION('',(1.110223024625E-16,-1.,0.));
#7503 = ORIENTED_EDGE('',*,*,#7398,.F.);
#7504 = CYLINDRICAL_SURFACE('',#7505,0.1);
#7505 = AXIS2_PLACEMENT_3D('',#7506,#7507,#7508);
#7506 = CARTESIAN_POINT('',(2.4,-1.17,0.375));
#7507 = DIRECTION('',(-1.110223024625E-16,1.,0.));
#7508 = DIRECTION('',(4.440892098501E-15,4.930380657631E-31,1.));
#7509 = ADVANCED_FACE('',(#7510),#7588,.T.);
#7510 = FACE_BOUND('',#7511,.T.);
#7511 = EDGE_LOOP('',(#7512,#7513,#7514,#7515,#7523,#7532,#7540,#7548,
    #7556,#7565,#7573,#7582));
#7512 = ORIENTED_EDGE('',*,*,#4155,.F.);
#7513 = ORIENTED_EDGE('',*,*,#4133,.T.);
#7514 = ORIENTED_EDGE('',*,*,#7489,.T.);
#7515 = ORIENTED_EDGE('',*,*,#7516,.T.);
#7516 = EDGE_CURVE('',#7490,#7517,#7519,.T.);
#7517 = VERTEX_POINT('',#7518);
#7518 = CARTESIAN_POINT('',(2.525838934336,-1.43,0.206587955583));
#7519 = LINE('',#7520,#7521);
#7520 = CARTESIAN_POINT('',(2.498480775301,-1.43,0.392364817767));
#7521 = VECTOR('',#7522,1.);
#7522 = DIRECTION('',(0.145692235845,1.617508747447E-17,-0.989329961345)
  );
#7523 = ORIENTED_EDGE('',*,*,#7524,.T.);
#7524 = EDGE_CURVE('',#7517,#7525,#7527,.T.);
#7525 = VERTEX_POINT('',#7526);
#7526 = CARTESIAN_POINT('',(2.772040872589,-1.43,-5.551115123126E-17));
#7527 = CIRCLE('',#7528,0.25);
#7528 = AXIS2_PLACEMENT_3D('',#7529,#7530,#7531);
#7529 = CARTESIAN_POINT('',(2.772040872589,-1.43,0.25));
#7530 = DIRECTION('',(1.110223024625E-16,-1.,0.));
#7531 = DIRECTION('',(-0.984807753012,-1.093356242223E-16,
    -0.173648177667));
#7532 = ORIENTED_EDGE('',*,*,#7533,.T.);
#7533 = EDGE_CURVE('',#7525,#7534,#7536,.T.);
#7534 = VERTEX_POINT('',#7535);
#7535 = CARTESIAN_POINT('',(3.2,-1.43,-5.551115123126E-17));
#7536 = LINE('',#7537,#7538);
#7537 = CARTESIAN_POINT('',(2.772040872589,-1.43,-5.551115123126E-17));
#7538 = VECTOR('',#7539,1.);
#7539 = DIRECTION('',(1.,1.110223024625E-16,0.));
#7540 = ORIENTED_EDGE('',*,*,#7541,.T.);
#7541 = EDGE_CURVE('',#7534,#7542,#7544,.T.);
#7542 = VERTEX_POINT('',#7543);
#7543 = CARTESIAN_POINT('',(3.2,-1.43,0.15));
#7544 = LINE('',#7545,#7546);
#7545 = CARTESIAN_POINT('',(3.2,-1.43,-5.551115123126E-17));
#7546 = VECTOR('',#7547,1.);
#7547 = DIRECTION('',(0.,0.,1.));
#7548 = ORIENTED_EDGE('',*,*,#7549,.T.);
#7549 = EDGE_CURVE('',#7542,#7550,#7552,.T.);
#7550 = VERTEX_POINT('',#7551);
#7551 = CARTESIAN_POINT('',(2.772040872589,-1.43,0.15));
#7552 = LINE('',#7553,#7554);
#7553 = CARTESIAN_POINT('',(3.2,-1.43,0.15));
#7554 = VECTOR('',#7555,1.);
#7555 = DIRECTION('',(-1.,-1.110223024625E-16,0.));
#7556 = ORIENTED_EDGE('',*,*,#7557,.T.);
#7557 = EDGE_CURVE('',#7550,#7558,#7560,.T.);
#7558 = VERTEX_POINT('',#7559);
#7559 = CARTESIAN_POINT('',(2.673560097287,-1.43,0.232635182233));
#7560 = CIRCLE('',#7561,0.1);
#7561 = AXIS2_PLACEMENT_3D('',#7562,#7563,#7564);
#7562 = CARTESIAN_POINT('',(2.772040872589,-1.43,0.25));
#7563 = DIRECTION('',(-1.110223024625E-16,1.,0.));
#7564 = DIRECTION('',(0.,0.,-1.));
#7565 = ORIENTED_EDGE('',*,*,#7566,.T.);
#7566 = EDGE_CURVE('',#7558,#7567,#7569,.T.);
#7567 = VERTEX_POINT('',#7568);
#7568 = CARTESIAN_POINT('',(2.646201938253,-1.43,0.418412044417));
#7569 = LINE('',#7570,#7571);
#7570 = CARTESIAN_POINT('',(2.673560097287,-1.43,0.232635182233));
#7571 = VECTOR('',#7572,1.);
#7572 = DIRECTION('',(-0.145692235845,-1.617508747447E-17,0.989329961345
    ));
#7573 = ORIENTED_EDGE('',*,*,#7574,.T.);
#7574 = EDGE_CURVE('',#7567,#7575,#7577,.T.);
#7575 = VERTEX_POINT('',#7576);
#7576 = CARTESIAN_POINT('',(2.4,-1.43,0.625));
#7577 = CIRCLE('',#7578,0.25);
#7578 = AXIS2_PLACEMENT_3D('',#7579,#7580,#7581);
#7579 = CARTESIAN_POINT('',(2.4,-1.43,0.375));
#7580 = DIRECTION('',(1.110223024625E-16,-1.,0.));
#7581 = DIRECTION('',(0.984807753012,1.093356242223E-16,0.173648177667)
  );
#7582 = ORIENTED_EDGE('',*,*,#7583,.T.);
#7583 = EDGE_CURVE('',#7575,#4156,#7584,.T.);
#7584 = LINE('',#7585,#7586);
#7585 = CARTESIAN_POINT('',(2.4,-1.43,0.625));
#7586 = VECTOR('',#7587,1.);
#7587 = DIRECTION('',(-1.,-1.110223024625E-16,0.));
#7588 = PLANE('',#7589);
#7589 = AXIS2_PLACEMENT_3D('',#7590,#7591,#7592);
#7590 = CARTESIAN_POINT('',(2.637615762047,-1.43,0.292893776214));
#7591 = DIRECTION('',(1.110223024625E-16,-1.,0.));
#7592 = DIRECTION('',(0.,0.,1.));
#7593 = ADVANCED_FACE('',(#7594),#7610,.F.);
#7594 = FACE_BOUND('',#7595,.F.);
#7595 = EDGE_LOOP('',(#7596,#7602,#7603,#7609));
#7596 = ORIENTED_EDGE('',*,*,#7597,.F.);
#7597 = EDGE_CURVE('',#4156,#4640,#7598,.T.);
#7598 = LINE('',#7599,#7600);
#7599 = CARTESIAN_POINT('',(2.4,-1.43,0.625));
#7600 = VECTOR('',#7601,1.);
#7601 = DIRECTION('',(-1.,-1.110223024625E-16,0.));
#7602 = ORIENTED_EDGE('',*,*,#4172,.T.);
#7603 = ORIENTED_EDGE('',*,*,#7604,.T.);
#7604 = EDGE_CURVE('',#4165,#4648,#7605,.T.);
#7605 = LINE('',#7606,#7607);
#7606 = CARTESIAN_POINT('',(2.4,-1.82,0.625));
#7607 = VECTOR('',#7608,1.);
#7608 = DIRECTION('',(-1.,-1.110223024625E-16,0.));
#7609 = ORIENTED_EDGE('',*,*,#4647,.F.);
#7610 = PLANE('',#7611);
#7611 = AXIS2_PLACEMENT_3D('',#7612,#7613,#7614);
#7612 = CARTESIAN_POINT('',(-3.188450421961E-18,2.475,0.625));
#7613 = DIRECTION('',(0.,0.,-1.));
#7614 = DIRECTION('',(1.,1.111674977262E-16,0.));
#7615 = ADVANCED_FACE('',(#7616),#7702,.F.);
#7616 = FACE_BOUND('',#7617,.F.);
#7617 = EDGE_LOOP('',(#7618,#7619,#7620,#7629,#7637,#7646,#7654,#7662,
    #7670,#7679,#7687,#7696));
#7618 = ORIENTED_EDGE('',*,*,#4164,.F.);
#7619 = ORIENTED_EDGE('',*,*,#4186,.T.);
#7620 = ORIENTED_EDGE('',*,*,#7621,.T.);
#7621 = EDGE_CURVE('',#4187,#7622,#7624,.T.);
#7622 = VERTEX_POINT('',#7623);
#7623 = CARTESIAN_POINT('',(2.498480775301,-1.82,0.392364817767));
#7624 = CIRCLE('',#7625,0.1);
#7625 = AXIS2_PLACEMENT_3D('',#7626,#7627,#7628);
#7626 = CARTESIAN_POINT('',(2.4,-1.82,0.375));
#7627 = DIRECTION('',(-1.110223024625E-16,1.,0.));
#7628 = DIRECTION('',(4.440892098501E-15,4.930380657631E-31,1.));
#7629 = ORIENTED_EDGE('',*,*,#7630,.T.);
#7630 = EDGE_CURVE('',#7622,#7631,#7633,.T.);
#7631 = VERTEX_POINT('',#7632);
#7632 = CARTESIAN_POINT('',(2.525838934336,-1.82,0.206587955583));
#7633 = LINE('',#7634,#7635);
#7634 = CARTESIAN_POINT('',(2.498480775301,-1.82,0.392364817767));
#7635 = VECTOR('',#7636,1.);
#7636 = DIRECTION('',(0.145692235845,1.617508747447E-17,-0.989329961345)
  );
#7637 = ORIENTED_EDGE('',*,*,#7638,.T.);
#7638 = EDGE_CURVE('',#7631,#7639,#7641,.T.);
#7639 = VERTEX_POINT('',#7640);
#7640 = CARTESIAN_POINT('',(2.772040872589,-1.82,-5.551115123126E-17));
#7641 = CIRCLE('',#7642,0.25);
#7642 = AXIS2_PLACEMENT_3D('',#7643,#7644,#7645);
#7643 = CARTESIAN_POINT('',(2.772040872589,-1.82,0.25));
#7644 = DIRECTION('',(1.110223024625E-16,-1.,0.));
#7645 = DIRECTION('',(-0.984807753012,-1.093356242223E-16,
    -0.173648177667));
#7646 = ORIENTED_EDGE('',*,*,#7647,.T.);
#7647 = EDGE_CURVE('',#7639,#7648,#7650,.T.);
#7648 = VERTEX_POINT('',#7649);
#7649 = CARTESIAN_POINT('',(3.2,-1.82,-5.551115123126E-17));
#7650 = LINE('',#7651,#7652);
#7651 = CARTESIAN_POINT('',(2.772040872589,-1.82,-5.551115123126E-17));
#7652 = VECTOR('',#7653,1.);
#7653 = DIRECTION('',(1.,1.110223024625E-16,0.));
#7654 = ORIENTED_EDGE('',*,*,#7655,.T.);
#7655 = EDGE_CURVE('',#7648,#7656,#7658,.T.);
#7656 = VERTEX_POINT('',#7657);
#7657 = CARTESIAN_POINT('',(3.2,-1.82,0.15));
#7658 = LINE('',#7659,#7660);
#7659 = CARTESIAN_POINT('',(3.2,-1.82,-5.551115123126E-17));
#7660 = VECTOR('',#7661,1.);
#7661 = DIRECTION('',(0.,0.,1.));
#7662 = ORIENTED_EDGE('',*,*,#7663,.T.);
#7663 = EDGE_CURVE('',#7656,#7664,#7666,.T.);
#7664 = VERTEX_POINT('',#7665);
#7665 = CARTESIAN_POINT('',(2.772040872589,-1.82,0.15));
#7666 = LINE('',#7667,#7668);
#7667 = CARTESIAN_POINT('',(3.2,-1.82,0.15));
#7668 = VECTOR('',#7669,1.);
#7669 = DIRECTION('',(-1.,-1.110223024625E-16,0.));
#7670 = ORIENTED_EDGE('',*,*,#7671,.T.);
#7671 = EDGE_CURVE('',#7664,#7672,#7674,.T.);
#7672 = VERTEX_POINT('',#7673);
#7673 = CARTESIAN_POINT('',(2.673560097287,-1.82,0.232635182233));
#7674 = CIRCLE('',#7675,0.1);
#7675 = AXIS2_PLACEMENT_3D('',#7676,#7677,#7678);
#7676 = CARTESIAN_POINT('',(2.772040872589,-1.82,0.25));
#7677 = DIRECTION('',(-1.110223024625E-16,1.,0.));
#7678 = DIRECTION('',(0.,0.,-1.));
#7679 = ORIENTED_EDGE('',*,*,#7680,.T.);
#7680 = EDGE_CURVE('',#7672,#7681,#7683,.T.);
#7681 = VERTEX_POINT('',#7682);
#7682 = CARTESIAN_POINT('',(2.646201938253,-1.82,0.418412044417));
#7683 = LINE('',#7684,#7685);
#7684 = CARTESIAN_POINT('',(2.673560097287,-1.82,0.232635182233));
#7685 = VECTOR('',#7686,1.);
#7686 = DIRECTION('',(-0.145692235845,-1.617508747447E-17,0.989329961345
    ));
#7687 = ORIENTED_EDGE('',*,*,#7688,.T.);
#7688 = EDGE_CURVE('',#7681,#7689,#7691,.T.);
#7689 = VERTEX_POINT('',#7690);
#7690 = CARTESIAN_POINT('',(2.4,-1.82,0.625));
#7691 = CIRCLE('',#7692,0.25);
#7692 = AXIS2_PLACEMENT_3D('',#7693,#7694,#7695);
#7693 = CARTESIAN_POINT('',(2.4,-1.82,0.375));
#7694 = DIRECTION('',(1.110223024625E-16,-1.,0.));
#7695 = DIRECTION('',(0.984807753012,1.093356242223E-16,0.173648177667)
  );
#7696 = ORIENTED_EDGE('',*,*,#7697,.T.);
#7697 = EDGE_CURVE('',#7689,#4165,#7698,.T.);
#7698 = LINE('',#7699,#7700);
#7699 = CARTESIAN_POINT('',(2.4,-1.82,0.625));
#7700 = VECTOR('',#7701,1.);
#7701 = DIRECTION('',(-1.,-1.110223024625E-16,0.));
#7702 = PLANE('',#7703);
#7703 = AXIS2_PLACEMENT_3D('',#7704,#7705,#7706);
#7704 = CARTESIAN_POINT('',(2.637615762047,-1.82,0.292893776214));
#7705 = DIRECTION('',(1.110223024625E-16,-1.,0.));
#7706 = DIRECTION('',(0.,0.,1.));
#7707 = ADVANCED_FACE('',(#7708),#7727,.F.);
#7708 = FACE_BOUND('',#7709,.F.);
#7709 = EDGE_LOOP('',(#7710,#7711,#7720,#7726));
#7710 = ORIENTED_EDGE('',*,*,#4203,.T.);
#7711 = ORIENTED_EDGE('',*,*,#7712,.T.);
#7712 = EDGE_CURVE('',#4196,#7713,#7715,.T.);
#7713 = VERTEX_POINT('',#7714);
#7714 = CARTESIAN_POINT('',(2.498480775301,-2.08,0.392364817767));
#7715 = CIRCLE('',#7716,0.1);
#7716 = AXIS2_PLACEMENT_3D('',#7717,#7718,#7719);
#7717 = CARTESIAN_POINT('',(2.4,-2.08,0.375));
#7718 = DIRECTION('',(-1.110223024625E-16,1.,0.));
#7719 = DIRECTION('',(4.440892098501E-15,4.930380657631E-31,1.));
#7720 = ORIENTED_EDGE('',*,*,#7721,.F.);
#7721 = EDGE_CURVE('',#7622,#7713,#7722,.T.);
#7722 = LINE('',#7723,#7724);
#7723 = CARTESIAN_POINT('',(2.498480775301,-1.82,0.392364817767));
#7724 = VECTOR('',#7725,1.);
#7725 = DIRECTION('',(1.110223024625E-16,-1.,0.));
#7726 = ORIENTED_EDGE('',*,*,#7621,.F.);
#7727 = CYLINDRICAL_SURFACE('',#7728,0.1);
#7728 = AXIS2_PLACEMENT_3D('',#7729,#7730,#7731);
#7729 = CARTESIAN_POINT('',(2.4,-1.82,0.375));
#7730 = DIRECTION('',(-1.110223024625E-16,1.,0.));
#7731 = DIRECTION('',(4.440892098501E-15,4.930380657631E-31,1.));
#7732 = ADVANCED_FACE('',(#7733),#7811,.T.);
#7733 = FACE_BOUND('',#7734,.T.);
#7734 = EDGE_LOOP('',(#7735,#7736,#7737,#7738,#7746,#7755,#7763,#7771,
    #7779,#7788,#7796,#7805));
#7735 = ORIENTED_EDGE('',*,*,#4217,.F.);
#7736 = ORIENTED_EDGE('',*,*,#4195,.T.);
#7737 = ORIENTED_EDGE('',*,*,#7712,.T.);
#7738 = ORIENTED_EDGE('',*,*,#7739,.T.);
#7739 = EDGE_CURVE('',#7713,#7740,#7742,.T.);
#7740 = VERTEX_POINT('',#7741);
#7741 = CARTESIAN_POINT('',(2.525838934336,-2.08,0.206587955583));
#7742 = LINE('',#7743,#7744);
#7743 = CARTESIAN_POINT('',(2.498480775301,-2.08,0.392364817767));
#7744 = VECTOR('',#7745,1.);
#7745 = DIRECTION('',(0.145692235845,1.617508747447E-17,-0.989329961345)
  );
#7746 = ORIENTED_EDGE('',*,*,#7747,.T.);
#7747 = EDGE_CURVE('',#7740,#7748,#7750,.T.);
#7748 = VERTEX_POINT('',#7749);
#7749 = CARTESIAN_POINT('',(2.772040872589,-2.08,-5.551115123126E-17));
#7750 = CIRCLE('',#7751,0.25);
#7751 = AXIS2_PLACEMENT_3D('',#7752,#7753,#7754);
#7752 = CARTESIAN_POINT('',(2.772040872589,-2.08,0.25));
#7753 = DIRECTION('',(1.110223024625E-16,-1.,0.));
#7754 = DIRECTION('',(-0.984807753012,-1.093356242223E-16,
    -0.173648177667));
#7755 = ORIENTED_EDGE('',*,*,#7756,.T.);
#7756 = EDGE_CURVE('',#7748,#7757,#7759,.T.);
#7757 = VERTEX_POINT('',#7758);
#7758 = CARTESIAN_POINT('',(3.2,-2.08,-5.551115123126E-17));
#7759 = LINE('',#7760,#7761);
#7760 = CARTESIAN_POINT('',(2.772040872589,-2.08,-5.551115123126E-17));
#7761 = VECTOR('',#7762,1.);
#7762 = DIRECTION('',(1.,1.110223024625E-16,0.));
#7763 = ORIENTED_EDGE('',*,*,#7764,.T.);
#7764 = EDGE_CURVE('',#7757,#7765,#7767,.T.);
#7765 = VERTEX_POINT('',#7766);
#7766 = CARTESIAN_POINT('',(3.2,-2.08,0.15));
#7767 = LINE('',#7768,#7769);
#7768 = CARTESIAN_POINT('',(3.2,-2.08,-5.551115123126E-17));
#7769 = VECTOR('',#7770,1.);
#7770 = DIRECTION('',(0.,0.,1.));
#7771 = ORIENTED_EDGE('',*,*,#7772,.T.);
#7772 = EDGE_CURVE('',#7765,#7773,#7775,.T.);
#7773 = VERTEX_POINT('',#7774);
#7774 = CARTESIAN_POINT('',(2.772040872589,-2.08,0.15));
#7775 = LINE('',#7776,#7777);
#7776 = CARTESIAN_POINT('',(3.2,-2.08,0.15));
#7777 = VECTOR('',#7778,1.);
#7778 = DIRECTION('',(-1.,-1.110223024625E-16,0.));
#7779 = ORIENTED_EDGE('',*,*,#7780,.T.);
#7780 = EDGE_CURVE('',#7773,#7781,#7783,.T.);
#7781 = VERTEX_POINT('',#7782);
#7782 = CARTESIAN_POINT('',(2.673560097287,-2.08,0.232635182233));
#7783 = CIRCLE('',#7784,0.1);
#7784 = AXIS2_PLACEMENT_3D('',#7785,#7786,#7787);
#7785 = CARTESIAN_POINT('',(2.772040872589,-2.08,0.25));
#7786 = DIRECTION('',(-1.110223024625E-16,1.,0.));
#7787 = DIRECTION('',(0.,0.,-1.));
#7788 = ORIENTED_EDGE('',*,*,#7789,.T.);
#7789 = EDGE_CURVE('',#7781,#7790,#7792,.T.);
#7790 = VERTEX_POINT('',#7791);
#7791 = CARTESIAN_POINT('',(2.646201938253,-2.08,0.418412044417));
#7792 = LINE('',#7793,#7794);
#7793 = CARTESIAN_POINT('',(2.673560097287,-2.08,0.232635182233));
#7794 = VECTOR('',#7795,1.);
#7795 = DIRECTION('',(-0.145692235845,-1.617508747447E-17,0.989329961345
    ));
#7796 = ORIENTED_EDGE('',*,*,#7797,.T.);
#7797 = EDGE_CURVE('',#7790,#7798,#7800,.T.);
#7798 = VERTEX_POINT('',#7799);
#7799 = CARTESIAN_POINT('',(2.4,-2.08,0.625));
#7800 = CIRCLE('',#7801,0.25);
#7801 = AXIS2_PLACEMENT_3D('',#7802,#7803,#7804);
#7802 = CARTESIAN_POINT('',(2.4,-2.08,0.375));
#7803 = DIRECTION('',(1.110223024625E-16,-1.,0.));
#7804 = DIRECTION('',(0.984807753012,1.093356242223E-16,0.173648177667)
  );
#7805 = ORIENTED_EDGE('',*,*,#7806,.T.);
#7806 = EDGE_CURVE('',#7798,#4218,#7807,.T.);
#7807 = LINE('',#7808,#7809);
#7808 = CARTESIAN_POINT('',(2.4,-2.08,0.625));
#7809 = VECTOR('',#7810,1.);
#7810 = DIRECTION('',(-1.,-1.110223024625E-16,0.));
#7811 = PLANE('',#7812);
#7812 = AXIS2_PLACEMENT_3D('',#7813,#7814,#7815);
#7813 = CARTESIAN_POINT('',(2.637615762047,-2.08,0.292893776214));
#7814 = DIRECTION('',(1.110223024625E-16,-1.,0.));
#7815 = DIRECTION('',(0.,0.,1.));
#7816 = ADVANCED_FACE('',(#7817),#7828,.T.);
#7817 = FACE_BOUND('',#7818,.T.);
#7818 = EDGE_LOOP('',(#7819,#7820,#7821,#7822));
#7819 = ORIENTED_EDGE('',*,*,#6182,.T.);
#7820 = ORIENTED_EDGE('',*,*,#4318,.T.);
#7821 = ORIENTED_EDGE('',*,*,#6284,.F.);
#7822 = ORIENTED_EDGE('',*,*,#7823,.F.);
#7823 = EDGE_CURVE('',#6175,#6277,#7824,.T.);
#7824 = LINE('',#7825,#7826);
#7825 = CARTESIAN_POINT('',(-2.646201938253,1.82,0.418412044417));
#7826 = VECTOR('',#7827,1.);
#7827 = DIRECTION('',(1.144237745222E-17,1.,0.));
#7828 = CYLINDRICAL_SURFACE('',#7829,0.25);
#7829 = AXIS2_PLACEMENT_3D('',#7830,#7831,#7832);
#7830 = CARTESIAN_POINT('',(-2.4,1.82,0.375));
#7831 = DIRECTION('',(-1.144237745222E-17,-1.,0.));
#7832 = DIRECTION('',(-0.984807753012,1.126854202784E-17,0.173648177667)
  );
#7833 = ADVANCED_FACE('',(#7834),#7847,.F.);
#7834 = FACE_BOUND('',#7835,.F.);
#7835 = EDGE_LOOP('',(#7836,#7837,#7843,#7844,#7845,#7846));
#7836 = ORIENTED_EDGE('',*,*,#4858,.F.);
#7837 = ORIENTED_EDGE('',*,*,#7838,.T.);
#7838 = EDGE_CURVE('',#4850,#4959,#7839,.T.);
#7839 = LINE('',#7840,#7841);
#7840 = CARTESIAN_POINT('',(-2.4,-2.08,0.625));
#7841 = VECTOR('',#7842,1.);
#7842 = DIRECTION('',(1.144237745222E-17,1.,0.));
#7843 = ORIENTED_EDGE('',*,*,#4967,.T.);
#7844 = ORIENTED_EDGE('',*,*,#4989,.T.);
#7845 = ORIENTED_EDGE('',*,*,#4365,.F.);
#7846 = ORIENTED_EDGE('',*,*,#4732,.F.);
#7847 = PLANE('',#7848);
#7848 = AXIS2_PLACEMENT_3D('',#7849,#7850,#7851);
#7849 = CARTESIAN_POINT('',(-2.4,-2.08,0.625));
#7850 = DIRECTION('',(0.,0.,-1.));
#7851 = DIRECTION('',(1.,-1.144237745222E-17,0.));
#7852 = ADVANCED_FACE('',(#7853),#7866,.F.);
#7853 = FACE_BOUND('',#7854,.F.);
#7854 = EDGE_LOOP('',(#7855,#7856,#7862,#7863,#7864,#7865));
#7855 = ORIENTED_EDGE('',*,*,#5081,.F.);
#7856 = ORIENTED_EDGE('',*,*,#7857,.T.);
#7857 = EDGE_CURVE('',#5073,#5182,#7858,.T.);
#7858 = LINE('',#7859,#7860);
#7859 = CARTESIAN_POINT('',(-2.4,-1.43,0.625));
#7860 = VECTOR('',#7861,1.);
#7861 = DIRECTION('',(1.144237745222E-17,1.,0.));
#7862 = ORIENTED_EDGE('',*,*,#5190,.T.);
#7863 = ORIENTED_EDGE('',*,*,#5212,.T.);
#7864 = ORIENTED_EDGE('',*,*,#4381,.F.);
#7865 = ORIENTED_EDGE('',*,*,#4982,.F.);
#7866 = PLANE('',#7867);
#7867 = AXIS2_PLACEMENT_3D('',#7868,#7869,#7870);
#7868 = CARTESIAN_POINT('',(-2.4,-1.43,0.625));
#7869 = DIRECTION('',(0.,0.,-1.));
#7870 = DIRECTION('',(1.,-1.144237745222E-17,0.));
#7871 = ADVANCED_FACE('',(#7872),#7885,.F.);
#7872 = FACE_BOUND('',#7873,.F.);
#7873 = EDGE_LOOP('',(#7874,#7875,#7881,#7882,#7883,#7884));
#7874 = ORIENTED_EDGE('',*,*,#5304,.F.);
#7875 = ORIENTED_EDGE('',*,*,#7876,.T.);
#7876 = EDGE_CURVE('',#5296,#5405,#7877,.T.);
#7877 = LINE('',#7878,#7879);
#7878 = CARTESIAN_POINT('',(-2.4,-0.78,0.625));
#7879 = VECTOR('',#7880,1.);
#7880 = DIRECTION('',(1.144237745222E-17,1.,0.));
#7881 = ORIENTED_EDGE('',*,*,#5413,.T.);
#7882 = ORIENTED_EDGE('',*,*,#5435,.T.);
#7883 = ORIENTED_EDGE('',*,*,#4397,.F.);
#7884 = ORIENTED_EDGE('',*,*,#5205,.F.);
#7885 = PLANE('',#7886);
#7886 = AXIS2_PLACEMENT_3D('',#7887,#7888,#7889);
#7887 = CARTESIAN_POINT('',(-2.4,-0.78,0.625));
#7888 = DIRECTION('',(0.,0.,-1.));
#7889 = DIRECTION('',(1.,-1.144237745222E-17,0.));
#7890 = ADVANCED_FACE('',(#7891),#7904,.F.);
#7891 = FACE_BOUND('',#7892,.F.);
#7892 = EDGE_LOOP('',(#7893,#7894,#7900,#7901,#7902,#7903));
#7893 = ORIENTED_EDGE('',*,*,#5527,.F.);
#7894 = ORIENTED_EDGE('',*,*,#7895,.T.);
#7895 = EDGE_CURVE('',#5519,#5628,#7896,.T.);
#7896 = LINE('',#7897,#7898);
#7897 = CARTESIAN_POINT('',(-2.4,-0.13,0.625));
#7898 = VECTOR('',#7899,1.);
#7899 = DIRECTION('',(1.144237745222E-17,1.,0.));
#7900 = ORIENTED_EDGE('',*,*,#5636,.T.);
#7901 = ORIENTED_EDGE('',*,*,#5658,.T.);
#7902 = ORIENTED_EDGE('',*,*,#4413,.F.);
#7903 = ORIENTED_EDGE('',*,*,#5428,.F.);
#7904 = PLANE('',#7905);
#7905 = AXIS2_PLACEMENT_3D('',#7906,#7907,#7908);
#7906 = CARTESIAN_POINT('',(-2.4,-0.13,0.625));
#7907 = DIRECTION('',(0.,0.,-1.));
#7908 = DIRECTION('',(1.,-1.144237745222E-17,0.));
#7909 = ADVANCED_FACE('',(#7910),#7923,.F.);
#7910 = FACE_BOUND('',#7911,.F.);
#7911 = EDGE_LOOP('',(#7912,#7913,#7919,#7920,#7921,#7922));
#7912 = ORIENTED_EDGE('',*,*,#5750,.F.);
#7913 = ORIENTED_EDGE('',*,*,#7914,.T.);
#7914 = EDGE_CURVE('',#5742,#5851,#7915,.T.);
#7915 = LINE('',#7916,#7917);
#7916 = CARTESIAN_POINT('',(-2.4,0.52,0.625));
#7917 = VECTOR('',#7918,1.);
#7918 = DIRECTION('',(1.144237745222E-17,1.,0.));
#7919 = ORIENTED_EDGE('',*,*,#5859,.T.);
#7920 = ORIENTED_EDGE('',*,*,#5881,.T.);
#7921 = ORIENTED_EDGE('',*,*,#4429,.F.);
#7922 = ORIENTED_EDGE('',*,*,#5651,.F.);
#7923 = PLANE('',#7924);
#7924 = AXIS2_PLACEMENT_3D('',#7925,#7926,#7927);
#7925 = CARTESIAN_POINT('',(-2.4,0.52,0.625));
#7926 = DIRECTION('',(0.,0.,-1.));
#7927 = DIRECTION('',(1.,-1.144237745222E-17,0.));
#7928 = ADVANCED_FACE('',(#7929),#7942,.F.);
#7929 = FACE_BOUND('',#7930,.F.);
#7930 = EDGE_LOOP('',(#7931,#7932,#7938,#7939,#7940,#7941));
#7931 = ORIENTED_EDGE('',*,*,#5973,.F.);
#7932 = ORIENTED_EDGE('',*,*,#7933,.T.);
#7933 = EDGE_CURVE('',#5965,#6074,#7934,.T.);
#7934 = LINE('',#7935,#7936);
#7935 = CARTESIAN_POINT('',(-2.4,1.17,0.625));
#7936 = VECTOR('',#7937,1.);
#7937 = DIRECTION('',(1.144237745222E-17,1.,0.));
#7938 = ORIENTED_EDGE('',*,*,#6082,.T.);
#7939 = ORIENTED_EDGE('',*,*,#6099,.T.);
#7940 = ORIENTED_EDGE('',*,*,#4445,.F.);
#7941 = ORIENTED_EDGE('',*,*,#5874,.F.);
#7942 = PLANE('',#7943);
#7943 = AXIS2_PLACEMENT_3D('',#7944,#7945,#7946);
#7944 = CARTESIAN_POINT('',(-2.4,1.17,0.625));
#7945 = DIRECTION('',(0.,0.,-1.));
#7946 = DIRECTION('',(1.,-1.144237745222E-17,0.));
#7947 = ADVANCED_FACE('',(#7948,#7977),#7988,.T.);
#7948 = FACE_BOUND('',#7949,.T.);
#7949 = EDGE_LOOP('',(#7950,#7951,#7952,#7953,#7961,#7969,#7975,#7976));
#7950 = ORIENTED_EDGE('',*,*,#4520,.F.);
#7951 = ORIENTED_EDGE('',*,*,#4497,.F.);
#7952 = ORIENTED_EDGE('',*,*,#4468,.F.);
#7953 = ORIENTED_EDGE('',*,*,#7954,.F.);
#7954 = EDGE_CURVE('',#7955,#4469,#7957,.T.);
#7955 = VERTEX_POINT('',#7956);
#7956 = CARTESIAN_POINT('',(-1.935145644687,-2.370291289374,1.));
#7957 = LINE('',#7958,#7959);
#7958 = CARTESIAN_POINT('',(-1.935145644687,-2.370291289374,1.));
#7959 = VECTOR('',#7960,1.);
#7960 = DIRECTION('',(-0.707106781187,0.707106781187,0.));
#7961 = ORIENTED_EDGE('',*,*,#7962,.F.);
#7962 = EDGE_CURVE('',#7963,#7955,#7965,.T.);
#7963 = VERTEX_POINT('',#7964);
#7964 = CARTESIAN_POINT('',(1.935145644687,-2.370291289374,1.));
#7965 = LINE('',#7966,#7967);
#7966 = CARTESIAN_POINT('',(1.935145644687,-2.370291289374,1.));
#7967 = VECTOR('',#7968,1.);
#7968 = DIRECTION('',(-1.,-1.110223024625E-16,0.));
#7969 = ORIENTED_EDGE('',*,*,#7970,.F.);
#7970 = EDGE_CURVE('',#4672,#7963,#7971,.T.);
#7971 = LINE('',#7972,#7973);
#7972 = CARTESIAN_POINT('',(2.070291289374,-2.235145644687,1.));
#7973 = VECTOR('',#7974,1.);
#7974 = DIRECTION('',(-0.707106781187,-0.707106781187,0.));
#7975 = ORIENTED_EDGE('',*,*,#4678,.F.);
#7976 = ORIENTED_EDGE('',*,*,#4543,.F.);
#7977 = FACE_BOUND('',#7978,.T.);
#7978 = EDGE_LOOP('',(#7979));
#7979 = ORIENTED_EDGE('',*,*,#7980,.T.);
#7980 = EDGE_CURVE('',#7981,#7981,#7983,.T.);
#7981 = VERTEX_POINT('',#7982);
#7982 = CARTESIAN_POINT('',(-1.370291289374,1.420291289374,1.));
#7983 = CIRCLE('',#7984,0.25);
#7984 = AXIS2_PLACEMENT_3D('',#7985,#7986,#7987);
#7985 = CARTESIAN_POINT('',(-1.370291289374,1.670291289374,1.));
#7986 = DIRECTION('',(0.,-0.,-1.));
#7987 = DIRECTION('',(1.110223024625E-16,-1.,0.));
#7988 = PLANE('',#7989);
#7989 = AXIS2_PLACEMENT_3D('',#7990,#7991,#7992);
#7990 = CARTESIAN_POINT('',(-1.935145644687,2.370291289374,1.));
#7991 = DIRECTION('',(0.,0.,1.));
#7992 = DIRECTION('',(0.632418454006,-0.774626941845,0.));
#7993 = ADVANCED_FACE('',(#7994),#8004,.F.);
#7994 = FACE_BOUND('',#7995,.F.);
#7995 = EDGE_LOOP('',(#7996,#7997,#7998,#7999));
#7996 = ORIENTED_EDGE('',*,*,#4739,.T.);
#7997 = ORIENTED_EDGE('',*,*,#4476,.T.);
#7998 = ORIENTED_EDGE('',*,*,#7954,.F.);
#7999 = ORIENTED_EDGE('',*,*,#8000,.F.);
#8000 = EDGE_CURVE('',#4740,#7955,#8001,.T.);
#8001 = B_SPLINE_CURVE_WITH_KNOTS('',1,(#8002,#8003),.UNSPECIFIED.,.F.,
  .F.,(2,2),(0.,1.),.PIECEWISE_BEZIER_KNOTS.);
#8002 = CARTESIAN_POINT('',(-1.975,-2.45,0.625));
#8003 = CARTESIAN_POINT('',(-1.935145644687,-2.370291289374,1.));
#8004 = B_SPLINE_SURFACE_WITH_KNOTS('',1,1,(
    (#8005,#8006)
    ,(#8007,#8008
    )),.UNSPECIFIED.,.F.,.F.,.F.,(2,2),(2,2),(0.,0.247487373415),(0.,1.)
  ,.PIECEWISE_BEZIER_KNOTS.);
#8005 = CARTESIAN_POINT('',(-1.975,-2.45,0.625));
#8006 = CARTESIAN_POINT('',(-1.935145644687,-2.370291289374,1.));
#8007 = CARTESIAN_POINT('',(-2.15,-2.275,0.625));
#8008 = CARTESIAN_POINT('',(-2.070291289374,-2.235145644687,1.));
#8009 = ADVANCED_FACE('',(#8010),#8023,.F.);
#8010 = FACE_BOUND('',#8011,.F.);
#8011 = EDGE_LOOP('',(#8012,#8013,#8019,#8020,#8021,#8022));
#8012 = ORIENTED_EDGE('',*,*,#6582,.F.);
#8013 = ORIENTED_EDGE('',*,*,#8014,.T.);
#8014 = EDGE_CURVE('',#6574,#6683,#8015,.T.);
#8015 = LINE('',#8016,#8017);
#8016 = CARTESIAN_POINT('',(2.4,1.43,0.625));
#8017 = VECTOR('',#8018,1.);
#8018 = DIRECTION('',(1.110223024625E-16,-1.,0.));
#8019 = ORIENTED_EDGE('',*,*,#6691,.T.);
#8020 = ORIENTED_EDGE('',*,*,#6705,.T.);
#8021 = ORIENTED_EDGE('',*,*,#4575,.F.);
#8022 = ORIENTED_EDGE('',*,*,#6489,.F.);
#8023 = PLANE('',#8024);
#8024 = AXIS2_PLACEMENT_3D('',#8025,#8026,#8027);
#8025 = CARTESIAN_POINT('',(2.4,1.43,0.625));
#8026 = DIRECTION('',(0.,0.,-1.));
#8027 = DIRECTION('',(-1.,-1.110223024625E-16,-0.));
#8028 = ADVANCED_FACE('',(#8029),#8042,.F.);
#8029 = FACE_BOUND('',#8030,.F.);
#8030 = EDGE_LOOP('',(#8031,#8032,#8038,#8039,#8040,#8041));
#8031 = ORIENTED_EDGE('',*,*,#6805,.F.);
#8032 = ORIENTED_EDGE('',*,*,#8033,.T.);
#8033 = EDGE_CURVE('',#6797,#6906,#8034,.T.);
#8034 = LINE('',#8035,#8036);
#8035 = CARTESIAN_POINT('',(2.4,0.78,0.625));
#8036 = VECTOR('',#8037,1.);
#8037 = DIRECTION('',(1.110223024625E-16,-1.,0.));
#8038 = ORIENTED_EDGE('',*,*,#6914,.T.);
#8039 = ORIENTED_EDGE('',*,*,#6928,.T.);
#8040 = ORIENTED_EDGE('',*,*,#4591,.F.);
#8041 = ORIENTED_EDGE('',*,*,#6712,.F.);
#8042 = PLANE('',#8043);
#8043 = AXIS2_PLACEMENT_3D('',#8044,#8045,#8046);
#8044 = CARTESIAN_POINT('',(2.4,0.78,0.625));
#8045 = DIRECTION('',(0.,0.,-1.));
#8046 = DIRECTION('',(-1.,-1.110223024625E-16,-0.));
#8047 = ADVANCED_FACE('',(#8048),#8061,.F.);
#8048 = FACE_BOUND('',#8049,.F.);
#8049 = EDGE_LOOP('',(#8050,#8051,#8057,#8058,#8059,#8060));
#8050 = ORIENTED_EDGE('',*,*,#7028,.F.);
#8051 = ORIENTED_EDGE('',*,*,#8052,.T.);
#8052 = EDGE_CURVE('',#7020,#7129,#8053,.T.);
#8053 = LINE('',#8054,#8055);
#8054 = CARTESIAN_POINT('',(2.4,0.13,0.625));
#8055 = VECTOR('',#8056,1.);
#8056 = DIRECTION('',(1.110223024625E-16,-1.,0.));
#8057 = ORIENTED_EDGE('',*,*,#7137,.T.);
#8058 = ORIENTED_EDGE('',*,*,#7151,.T.);
#8059 = ORIENTED_EDGE('',*,*,#4607,.F.);
#8060 = ORIENTED_EDGE('',*,*,#6935,.F.);
#8061 = PLANE('',#8062);
#8062 = AXIS2_PLACEMENT_3D('',#8063,#8064,#8065);
#8063 = CARTESIAN_POINT('',(2.4,0.13,0.625));
#8064 = DIRECTION('',(0.,0.,-1.));
#8065 = DIRECTION('',(-1.,-1.110223024625E-16,-0.));
#8066 = ADVANCED_FACE('',(#8067),#8080,.F.);
#8067 = FACE_BOUND('',#8068,.F.);
#8068 = EDGE_LOOP('',(#8069,#8070,#8076,#8077,#8078,#8079));
#8069 = ORIENTED_EDGE('',*,*,#7251,.F.);
#8070 = ORIENTED_EDGE('',*,*,#8071,.T.);
#8071 = EDGE_CURVE('',#7243,#7352,#8072,.T.);
#8072 = LINE('',#8073,#8074);
#8073 = CARTESIAN_POINT('',(2.4,-0.52,0.625));
#8074 = VECTOR('',#8075,1.);
#8075 = DIRECTION('',(1.110223024625E-16,-1.,0.));
#8076 = ORIENTED_EDGE('',*,*,#7360,.T.);
#8077 = ORIENTED_EDGE('',*,*,#7374,.T.);
#8078 = ORIENTED_EDGE('',*,*,#4623,.F.);
#8079 = ORIENTED_EDGE('',*,*,#7158,.F.);
#8080 = PLANE('',#8081);
#8081 = AXIS2_PLACEMENT_3D('',#8082,#8083,#8084);
#8082 = CARTESIAN_POINT('',(2.4,-0.52,0.625));
#8083 = DIRECTION('',(0.,0.,-1.));
#8084 = DIRECTION('',(-1.,-1.110223024625E-16,-0.));
#8085 = ADVANCED_FACE('',(#8086),#8099,.F.);
#8086 = FACE_BOUND('',#8087,.F.);
#8087 = EDGE_LOOP('',(#8088,#8089,#8095,#8096,#8097,#8098));
#8088 = ORIENTED_EDGE('',*,*,#7474,.F.);
#8089 = ORIENTED_EDGE('',*,*,#8090,.T.);
#8090 = EDGE_CURVE('',#7466,#7575,#8091,.T.);
#8091 = LINE('',#8092,#8093);
#8092 = CARTESIAN_POINT('',(2.4,-1.17,0.625));
#8093 = VECTOR('',#8094,1.);
#8094 = DIRECTION('',(1.110223024625E-16,-1.,0.));
#8095 = ORIENTED_EDGE('',*,*,#7583,.T.);
#8096 = ORIENTED_EDGE('',*,*,#7597,.T.);
#8097 = ORIENTED_EDGE('',*,*,#4639,.F.);
#8098 = ORIENTED_EDGE('',*,*,#7381,.F.);
#8099 = PLANE('',#8100);
#8100 = AXIS2_PLACEMENT_3D('',#8101,#8102,#8103);
#8101 = CARTESIAN_POINT('',(2.4,-1.17,0.625));
#8102 = DIRECTION('',(0.,0.,-1.));
#8103 = DIRECTION('',(-1.,-1.110223024625E-16,-0.));
#8104 = ADVANCED_FACE('',(#8105),#8118,.F.);
#8105 = FACE_BOUND('',#8106,.F.);
#8106 = EDGE_LOOP('',(#8107,#8108,#8114,#8115,#8116,#8117));
#8107 = ORIENTED_EDGE('',*,*,#7697,.F.);
#8108 = ORIENTED_EDGE('',*,*,#8109,.T.);
#8109 = EDGE_CURVE('',#7689,#7798,#8110,.T.);
#8110 = LINE('',#8111,#8112);
#8111 = CARTESIAN_POINT('',(2.4,-1.82,0.625));
#8112 = VECTOR('',#8113,1.);
#8113 = DIRECTION('',(1.110223024625E-16,-1.,0.));
#8114 = ORIENTED_EDGE('',*,*,#7806,.T.);
#8115 = ORIENTED_EDGE('',*,*,#4762,.T.);
#8116 = ORIENTED_EDGE('',*,*,#4655,.F.);
#8117 = ORIENTED_EDGE('',*,*,#7604,.F.);
#8118 = PLANE('',#8119);
#8119 = AXIS2_PLACEMENT_3D('',#8120,#8121,#8122);
#8120 = CARTESIAN_POINT('',(2.4,-1.82,0.625));
#8121 = DIRECTION('',(0.,0.,-1.));
#8122 = DIRECTION('',(-1.,-1.110223024625E-16,-0.));
#8123 = ADVANCED_FACE('',(#8124),#8134,.F.);
#8124 = FACE_BOUND('',#8125,.F.);
#8125 = EDGE_LOOP('',(#8126,#8127,#8132,#8133));
#8126 = ORIENTED_EDGE('',*,*,#4755,.T.);
#8127 = ORIENTED_EDGE('',*,*,#8128,.T.);
#8128 = EDGE_CURVE('',#4748,#7963,#8129,.T.);
#8129 = B_SPLINE_CURVE_WITH_KNOTS('',1,(#8130,#8131),.UNSPECIFIED.,.F.,
  .F.,(2,2),(0.,1.),.PIECEWISE_BEZIER_KNOTS.);
#8130 = CARTESIAN_POINT('',(1.975,-2.45,0.625));
#8131 = CARTESIAN_POINT('',(1.935145644687,-2.370291289374,1.));
#8132 = ORIENTED_EDGE('',*,*,#7970,.F.);
#8133 = ORIENTED_EDGE('',*,*,#4671,.F.);
#8134 = B_SPLINE_SURFACE_WITH_KNOTS('',1,1,(
    (#8135,#8136)
    ,(#8137,#8138
    )),.UNSPECIFIED.,.F.,.F.,.F.,(2,2),(2,2),(0.,0.247487373415),(0.,1.)
  ,.PIECEWISE_BEZIER_KNOTS.);
#8135 = CARTESIAN_POINT('',(2.15,-2.275,0.625));
#8136 = CARTESIAN_POINT('',(2.070291289374,-2.235145644687,1.));
#8137 = CARTESIAN_POINT('',(1.975,-2.45,0.625));
#8138 = CARTESIAN_POINT('',(1.935145644687,-2.370291289374,1.));
#8139 = ADVANCED_FACE('',(#8140),#8151,.T.);
#8140 = FACE_BOUND('',#8141,.T.);
#8141 = EDGE_LOOP('',(#8142,#8143,#8144,#8145));
#8142 = ORIENTED_EDGE('',*,*,#6369,.T.);
#8143 = ORIENTED_EDGE('',*,*,#4701,.T.);
#8144 = ORIENTED_EDGE('',*,*,#6471,.F.);
#8145 = ORIENTED_EDGE('',*,*,#8146,.F.);
#8146 = EDGE_CURVE('',#6362,#6464,#8147,.T.);
#8147 = LINE('',#8148,#8149);
#8148 = CARTESIAN_POINT('',(2.646201938253,2.08,0.418412044417));
#8149 = VECTOR('',#8150,1.);
#8150 = DIRECTION('',(1.110223024625E-16,-1.,0.));
#8151 = CYLINDRICAL_SURFACE('',#8152,0.25);
#8152 = AXIS2_PLACEMENT_3D('',#8153,#8154,#8155);
#8153 = CARTESIAN_POINT('',(2.4,2.08,0.375));
#8154 = DIRECTION('',(-1.110223024625E-16,1.,0.));
#8155 = DIRECTION('',(0.984807753012,1.093356242223E-16,0.173648177667)
  );
#8156 = ADVANCED_FACE('',(#8157),#8163,.F.);
#8157 = FACE_BOUND('',#8158,.F.);
#8158 = EDGE_LOOP('',(#8159,#8160,#8161,#8162));
#8159 = ORIENTED_EDGE('',*,*,#4747,.T.);
#8160 = ORIENTED_EDGE('',*,*,#8000,.T.);
#8161 = ORIENTED_EDGE('',*,*,#7962,.F.);
#8162 = ORIENTED_EDGE('',*,*,#8128,.F.);
#8163 = B_SPLINE_SURFACE_WITH_KNOTS('',1,1,(
    (#8164,#8165)
    ,(#8166,#8167
    )),.UNSPECIFIED.,.F.,.F.,.F.,(2,2),(2,2),(0.,3.95),(0.,1.),
  .PIECEWISE_BEZIER_KNOTS.);
#8164 = CARTESIAN_POINT('',(1.975,-2.45,0.625));
#8165 = CARTESIAN_POINT('',(1.935145644687,-2.370291289374,1.));
#8166 = CARTESIAN_POINT('',(-1.975,-2.45,0.625));
#8167 = CARTESIAN_POINT('',(-1.935145644687,-2.370291289374,1.));
#8168 = ADVANCED_FACE('',(#8169),#8180,.T.);
#8169 = FACE_BOUND('',#8170,.T.);
#8170 = EDGE_LOOP('',(#8171,#8172,#8173,#8174));
#8171 = ORIENTED_EDGE('',*,*,#4849,.T.);
#8172 = ORIENTED_EDGE('',*,*,#7838,.T.);
#8173 = ORIENTED_EDGE('',*,*,#4958,.F.);
#8174 = ORIENTED_EDGE('',*,*,#8175,.F.);
#8175 = EDGE_CURVE('',#4842,#4951,#8176,.T.);
#8176 = LINE('',#8177,#8178);
#8177 = CARTESIAN_POINT('',(-2.646201938253,-2.08,0.418412044417));
#8178 = VECTOR('',#8179,1.);
#8179 = DIRECTION('',(1.144237745222E-17,1.,0.));
#8180 = CYLINDRICAL_SURFACE('',#8181,0.25);
#8181 = AXIS2_PLACEMENT_3D('',#8182,#8183,#8184);
#8182 = CARTESIAN_POINT('',(-2.4,-2.08,0.375));
#8183 = DIRECTION('',(-1.144237745222E-17,-1.,0.));
#8184 = DIRECTION('',(-0.984807753012,1.126854202784E-17,0.173648177667)
  );
#8185 = ADVANCED_FACE('',(#8186),#8197,.F.);
#8186 = FACE_BOUND('',#8187,.F.);
#8187 = EDGE_LOOP('',(#8188,#8194,#8195,#8196));
#8188 = ORIENTED_EDGE('',*,*,#8189,.T.);
#8189 = EDGE_CURVE('',#4833,#4942,#8190,.T.);
#8190 = LINE('',#8191,#8192);
#8191 = CARTESIAN_POINT('',(-2.673560097287,-2.08,0.232635182233));
#8192 = VECTOR('',#8193,1.);
#8193 = DIRECTION('',(1.144237745222E-17,1.,0.));
#8194 = ORIENTED_EDGE('',*,*,#4950,.T.);
#8195 = ORIENTED_EDGE('',*,*,#8175,.F.);
#8196 = ORIENTED_EDGE('',*,*,#4841,.F.);
#8197 = PLANE('',#8198);
#8198 = AXIS2_PLACEMENT_3D('',#8199,#8200,#8201);
#8199 = CARTESIAN_POINT('',(-2.673560097287,-2.08,0.232635182233));
#8200 = DIRECTION('',(0.989329961345,-1.13202868425E-17,-0.145692235845)
  );
#8201 = DIRECTION('',(0.145692235845,-1.667065554401E-18,0.989329961345)
  );
#8202 = ADVANCED_FACE('',(#8203),#8214,.F.);
#8203 = FACE_BOUND('',#8204,.F.);
#8204 = EDGE_LOOP('',(#8205,#8211,#8212,#8213));
#8205 = ORIENTED_EDGE('',*,*,#8206,.T.);
#8206 = EDGE_CURVE('',#4825,#4934,#8207,.T.);
#8207 = LINE('',#8208,#8209);
#8208 = CARTESIAN_POINT('',(-2.772040872589,-2.08,0.15));
#8209 = VECTOR('',#8210,1.);
#8210 = DIRECTION('',(1.144237745222E-17,1.,0.));
#8211 = ORIENTED_EDGE('',*,*,#4941,.T.);
#8212 = ORIENTED_EDGE('',*,*,#8189,.F.);
#8213 = ORIENTED_EDGE('',*,*,#4832,.F.);
#8214 = CYLINDRICAL_SURFACE('',#8215,0.1);
#8215 = AXIS2_PLACEMENT_3D('',#8216,#8217,#8218);
#8216 = CARTESIAN_POINT('',(-2.772040872589,-2.08,0.25));
#8217 = DIRECTION('',(-1.144237745222E-17,-1.,0.));
#8218 = DIRECTION('',(-0.,0.,-1.));
#8219 = ADVANCED_FACE('',(#8220),#8231,.F.);
#8220 = FACE_BOUND('',#8221,.F.);
#8221 = EDGE_LOOP('',(#8222,#8228,#8229,#8230));
#8222 = ORIENTED_EDGE('',*,*,#8223,.T.);
#8223 = EDGE_CURVE('',#4817,#4926,#8224,.T.);
#8224 = LINE('',#8225,#8226);
#8225 = CARTESIAN_POINT('',(-3.2,-2.08,0.15));
#8226 = VECTOR('',#8227,1.);
#8227 = DIRECTION('',(1.144237745222E-17,1.,0.));
#8228 = ORIENTED_EDGE('',*,*,#4933,.T.);
#8229 = ORIENTED_EDGE('',*,*,#8206,.F.);
#8230 = ORIENTED_EDGE('',*,*,#4824,.F.);
#8231 = PLANE('',#8232);
#8232 = AXIS2_PLACEMENT_3D('',#8233,#8234,#8235);
#8233 = CARTESIAN_POINT('',(-3.2,-2.08,0.15));
#8234 = DIRECTION('',(0.,0.,-1.));
#8235 = DIRECTION('',(1.,-1.144237745222E-17,0.));
#8236 = ADVANCED_FACE('',(#8237),#8248,.F.);
#8237 = FACE_BOUND('',#8238,.F.);
#8238 = EDGE_LOOP('',(#8239,#8245,#8246,#8247));
#8239 = ORIENTED_EDGE('',*,*,#8240,.T.);
#8240 = EDGE_CURVE('',#4809,#4918,#8241,.T.);
#8241 = LINE('',#8242,#8243);
#8242 = CARTESIAN_POINT('',(-3.2,-2.08,-5.551115123126E-17));
#8243 = VECTOR('',#8244,1.);
#8244 = DIRECTION('',(1.144237745222E-17,1.,0.));
#8245 = ORIENTED_EDGE('',*,*,#4925,.T.);
#8246 = ORIENTED_EDGE('',*,*,#8223,.F.);
#8247 = ORIENTED_EDGE('',*,*,#4816,.F.);
#8248 = PLANE('',#8249);
#8249 = AXIS2_PLACEMENT_3D('',#8250,#8251,#8252);
#8250 = CARTESIAN_POINT('',(-3.2,-2.08,-5.551115123126E-17));
#8251 = DIRECTION('',(1.,-1.144237745222E-17,0.));
#8252 = DIRECTION('',(0.,0.,1.));
#8253 = ADVANCED_FACE('',(#8254),#8265,.F.);
#8254 = FACE_BOUND('',#8255,.F.);
#8255 = EDGE_LOOP('',(#8256,#8262,#8263,#8264));
#8256 = ORIENTED_EDGE('',*,*,#8257,.T.);
#8257 = EDGE_CURVE('',#4800,#4909,#8258,.T.);
#8258 = LINE('',#8259,#8260);
#8259 = CARTESIAN_POINT('',(-2.772040872589,-2.08,-5.551115123126E-17));
#8260 = VECTOR('',#8261,1.);
#8261 = DIRECTION('',(1.144237745222E-17,1.,0.));
#8262 = ORIENTED_EDGE('',*,*,#4917,.T.);
#8263 = ORIENTED_EDGE('',*,*,#8240,.F.);
#8264 = ORIENTED_EDGE('',*,*,#4808,.F.);
#8265 = PLANE('',#8266);
#8266 = AXIS2_PLACEMENT_3D('',#8267,#8268,#8269);
#8267 = CARTESIAN_POINT('',(-2.772040872589,-2.08,-5.551115123126E-17));
#8268 = DIRECTION('',(0.,0.,1.));
#8269 = DIRECTION('',(-1.,1.144237745222E-17,0.));
#8270 = ADVANCED_FACE('',(#8271),#8282,.T.);
#8271 = FACE_BOUND('',#8272,.T.);
#8272 = EDGE_LOOP('',(#8273,#8274,#8275,#8276));
#8273 = ORIENTED_EDGE('',*,*,#4799,.T.);
#8274 = ORIENTED_EDGE('',*,*,#8257,.T.);
#8275 = ORIENTED_EDGE('',*,*,#4908,.F.);
#8276 = ORIENTED_EDGE('',*,*,#8277,.F.);
#8277 = EDGE_CURVE('',#4792,#4901,#8278,.T.);
#8278 = LINE('',#8279,#8280);
#8279 = CARTESIAN_POINT('',(-2.525838934336,-2.08,0.206587955583));
#8280 = VECTOR('',#8281,1.);
#8281 = DIRECTION('',(1.144237745222E-17,1.,0.));
#8282 = CYLINDRICAL_SURFACE('',#8283,0.25);
#8283 = AXIS2_PLACEMENT_3D('',#8284,#8285,#8286);
#8284 = CARTESIAN_POINT('',(-2.772040872589,-2.08,0.25));
#8285 = DIRECTION('',(-1.144237745222E-17,-1.,0.));
#8286 = DIRECTION('',(0.984807753012,-1.126854202784E-17,-0.173648177667
    ));
#8287 = ADVANCED_FACE('',(#8288),#8294,.F.);
#8288 = FACE_BOUND('',#8289,.F.);
#8289 = EDGE_LOOP('',(#8290,#8291,#8292,#8293));
#8290 = ORIENTED_EDGE('',*,*,#4882,.T.);
#8291 = ORIENTED_EDGE('',*,*,#4900,.T.);
#8292 = ORIENTED_EDGE('',*,*,#8277,.F.);
#8293 = ORIENTED_EDGE('',*,*,#4791,.F.);
#8294 = PLANE('',#8295);
#8295 = AXIS2_PLACEMENT_3D('',#8296,#8297,#8298);
#8296 = CARTESIAN_POINT('',(-2.498480775301,-2.08,0.392364817767));
#8297 = DIRECTION('',(-0.989329961345,1.13202868425E-17,0.145692235845)
  );
#8298 = DIRECTION('',(-0.145692235845,1.667065554401E-18,-0.989329961345
    ));
#8299 = ADVANCED_FACE('',(#8300),#8311,.T.);
#8300 = FACE_BOUND('',#8301,.T.);
#8301 = EDGE_LOOP('',(#8302,#8303,#8304,#8305));
#8302 = ORIENTED_EDGE('',*,*,#5072,.T.);
#8303 = ORIENTED_EDGE('',*,*,#7857,.T.);
#8304 = ORIENTED_EDGE('',*,*,#5181,.F.);
#8305 = ORIENTED_EDGE('',*,*,#8306,.F.);
#8306 = EDGE_CURVE('',#5065,#5174,#8307,.T.);
#8307 = LINE('',#8308,#8309);
#8308 = CARTESIAN_POINT('',(-2.646201938253,-1.43,0.418412044417));
#8309 = VECTOR('',#8310,1.);
#8310 = DIRECTION('',(1.144237745222E-17,1.,0.));
#8311 = CYLINDRICAL_SURFACE('',#8312,0.25);
#8312 = AXIS2_PLACEMENT_3D('',#8313,#8314,#8315);
#8313 = CARTESIAN_POINT('',(-2.4,-1.43,0.375));
#8314 = DIRECTION('',(-1.144237745222E-17,-1.,0.));
#8315 = DIRECTION('',(-0.984807753012,1.126854202784E-17,0.173648177667)
  );
#8316 = ADVANCED_FACE('',(#8317),#8328,.F.);
#8317 = FACE_BOUND('',#8318,.F.);
#8318 = EDGE_LOOP('',(#8319,#8325,#8326,#8327));
#8319 = ORIENTED_EDGE('',*,*,#8320,.T.);
#8320 = EDGE_CURVE('',#5056,#5165,#8321,.T.);
#8321 = LINE('',#8322,#8323);
#8322 = CARTESIAN_POINT('',(-2.673560097287,-1.43,0.232635182233));
#8323 = VECTOR('',#8324,1.);
#8324 = DIRECTION('',(1.144237745222E-17,1.,0.));
#8325 = ORIENTED_EDGE('',*,*,#5173,.T.);
#8326 = ORIENTED_EDGE('',*,*,#8306,.F.);
#8327 = ORIENTED_EDGE('',*,*,#5064,.F.);
#8328 = PLANE('',#8329);
#8329 = AXIS2_PLACEMENT_3D('',#8330,#8331,#8332);
#8330 = CARTESIAN_POINT('',(-2.673560097287,-1.43,0.232635182233));
#8331 = DIRECTION('',(0.989329961345,-1.13202868425E-17,-0.145692235845)
  );
#8332 = DIRECTION('',(0.145692235845,-1.667065554401E-18,0.989329961345)
  );
#8333 = ADVANCED_FACE('',(#8334),#8345,.F.);
#8334 = FACE_BOUND('',#8335,.F.);
#8335 = EDGE_LOOP('',(#8336,#8342,#8343,#8344));
#8336 = ORIENTED_EDGE('',*,*,#8337,.T.);
#8337 = EDGE_CURVE('',#5048,#5157,#8338,.T.);
#8338 = LINE('',#8339,#8340);
#8339 = CARTESIAN_POINT('',(-2.772040872589,-1.43,0.15));
#8340 = VECTOR('',#8341,1.);
#8341 = DIRECTION('',(1.144237745222E-17,1.,0.));
#8342 = ORIENTED_EDGE('',*,*,#5164,.T.);
#8343 = ORIENTED_EDGE('',*,*,#8320,.F.);
#8344 = ORIENTED_EDGE('',*,*,#5055,.F.);
#8345 = CYLINDRICAL_SURFACE('',#8346,0.1);
#8346 = AXIS2_PLACEMENT_3D('',#8347,#8348,#8349);
#8347 = CARTESIAN_POINT('',(-2.772040872589,-1.43,0.25));
#8348 = DIRECTION('',(-1.144237745222E-17,-1.,0.));
#8349 = DIRECTION('',(-0.,0.,-1.));
#8350 = ADVANCED_FACE('',(#8351),#8362,.F.);
#8351 = FACE_BOUND('',#8352,.F.);
#8352 = EDGE_LOOP('',(#8353,#8359,#8360,#8361));
#8353 = ORIENTED_EDGE('',*,*,#8354,.T.);
#8354 = EDGE_CURVE('',#5040,#5149,#8355,.T.);
#8355 = LINE('',#8356,#8357);
#8356 = CARTESIAN_POINT('',(-3.2,-1.43,0.15));
#8357 = VECTOR('',#8358,1.);
#8358 = DIRECTION('',(1.144237745222E-17,1.,0.));
#8359 = ORIENTED_EDGE('',*,*,#5156,.T.);
#8360 = ORIENTED_EDGE('',*,*,#8337,.F.);
#8361 = ORIENTED_EDGE('',*,*,#5047,.F.);
#8362 = PLANE('',#8363);
#8363 = AXIS2_PLACEMENT_3D('',#8364,#8365,#8366);
#8364 = CARTESIAN_POINT('',(-3.2,-1.43,0.15));
#8365 = DIRECTION('',(0.,0.,-1.));
#8366 = DIRECTION('',(1.,-1.144237745222E-17,0.));
#8367 = ADVANCED_FACE('',(#8368),#8379,.F.);
#8368 = FACE_BOUND('',#8369,.F.);
#8369 = EDGE_LOOP('',(#8370,#8376,#8377,#8378));
#8370 = ORIENTED_EDGE('',*,*,#8371,.T.);
#8371 = EDGE_CURVE('',#5032,#5141,#8372,.T.);
#8372 = LINE('',#8373,#8374);
#8373 = CARTESIAN_POINT('',(-3.2,-1.43,-5.551115123126E-17));
#8374 = VECTOR('',#8375,1.);
#8375 = DIRECTION('',(1.144237745222E-17,1.,0.));
#8376 = ORIENTED_EDGE('',*,*,#5148,.T.);
#8377 = ORIENTED_EDGE('',*,*,#8354,.F.);
#8378 = ORIENTED_EDGE('',*,*,#5039,.F.);
#8379 = PLANE('',#8380);
#8380 = AXIS2_PLACEMENT_3D('',#8381,#8382,#8383);
#8381 = CARTESIAN_POINT('',(-3.2,-1.43,-5.551115123126E-17));
#8382 = DIRECTION('',(1.,-1.144237745222E-17,0.));
#8383 = DIRECTION('',(0.,0.,1.));
#8384 = ADVANCED_FACE('',(#8385),#8396,.F.);
#8385 = FACE_BOUND('',#8386,.F.);
#8386 = EDGE_LOOP('',(#8387,#8393,#8394,#8395));
#8387 = ORIENTED_EDGE('',*,*,#8388,.T.);
#8388 = EDGE_CURVE('',#5023,#5132,#8389,.T.);
#8389 = LINE('',#8390,#8391);
#8390 = CARTESIAN_POINT('',(-2.772040872589,-1.43,-5.551115123126E-17));
#8391 = VECTOR('',#8392,1.);
#8392 = DIRECTION('',(1.144237745222E-17,1.,0.));
#8393 = ORIENTED_EDGE('',*,*,#5140,.T.);
#8394 = ORIENTED_EDGE('',*,*,#8371,.F.);
#8395 = ORIENTED_EDGE('',*,*,#5031,.F.);
#8396 = PLANE('',#8397);
#8397 = AXIS2_PLACEMENT_3D('',#8398,#8399,#8400);
#8398 = CARTESIAN_POINT('',(-2.772040872589,-1.43,-5.551115123126E-17));
#8399 = DIRECTION('',(0.,0.,1.));
#8400 = DIRECTION('',(-1.,1.144237745222E-17,0.));
#8401 = ADVANCED_FACE('',(#8402),#8413,.T.);
#8402 = FACE_BOUND('',#8403,.T.);
#8403 = EDGE_LOOP('',(#8404,#8405,#8406,#8407));
#8404 = ORIENTED_EDGE('',*,*,#5022,.T.);
#8405 = ORIENTED_EDGE('',*,*,#8388,.T.);
#8406 = ORIENTED_EDGE('',*,*,#5131,.F.);
#8407 = ORIENTED_EDGE('',*,*,#8408,.F.);
#8408 = EDGE_CURVE('',#5015,#5124,#8409,.T.);
#8409 = LINE('',#8410,#8411);
#8410 = CARTESIAN_POINT('',(-2.525838934336,-1.43,0.206587955583));
#8411 = VECTOR('',#8412,1.);
#8412 = DIRECTION('',(1.144237745222E-17,1.,0.));
#8413 = CYLINDRICAL_SURFACE('',#8414,0.25);
#8414 = AXIS2_PLACEMENT_3D('',#8415,#8416,#8417);
#8415 = CARTESIAN_POINT('',(-2.772040872589,-1.43,0.25));
#8416 = DIRECTION('',(-1.144237745222E-17,-1.,0.));
#8417 = DIRECTION('',(0.984807753012,-1.126854202784E-17,-0.173648177667
    ));
#8418 = ADVANCED_FACE('',(#8419),#8425,.F.);
#8419 = FACE_BOUND('',#8420,.F.);
#8420 = EDGE_LOOP('',(#8421,#8422,#8423,#8424));
#8421 = ORIENTED_EDGE('',*,*,#5105,.T.);
#8422 = ORIENTED_EDGE('',*,*,#5123,.T.);
#8423 = ORIENTED_EDGE('',*,*,#8408,.F.);
#8424 = ORIENTED_EDGE('',*,*,#5014,.F.);
#8425 = PLANE('',#8426);
#8426 = AXIS2_PLACEMENT_3D('',#8427,#8428,#8429);
#8427 = CARTESIAN_POINT('',(-2.498480775301,-1.43,0.392364817767));
#8428 = DIRECTION('',(-0.989329961345,1.13202868425E-17,0.145692235845)
  );
#8429 = DIRECTION('',(-0.145692235845,1.667065554401E-18,-0.989329961345
    ));
#8430 = ADVANCED_FACE('',(#8431),#8442,.T.);
#8431 = FACE_BOUND('',#8432,.T.);
#8432 = EDGE_LOOP('',(#8433,#8434,#8435,#8436));
#8433 = ORIENTED_EDGE('',*,*,#5295,.T.);
#8434 = ORIENTED_EDGE('',*,*,#7876,.T.);
#8435 = ORIENTED_EDGE('',*,*,#5404,.F.);
#8436 = ORIENTED_EDGE('',*,*,#8437,.F.);
#8437 = EDGE_CURVE('',#5288,#5397,#8438,.T.);
#8438 = LINE('',#8439,#8440);
#8439 = CARTESIAN_POINT('',(-2.646201938253,-0.78,0.418412044417));
#8440 = VECTOR('',#8441,1.);
#8441 = DIRECTION('',(1.144237745222E-17,1.,0.));
#8442 = CYLINDRICAL_SURFACE('',#8443,0.25);
#8443 = AXIS2_PLACEMENT_3D('',#8444,#8445,#8446);
#8444 = CARTESIAN_POINT('',(-2.4,-0.78,0.375));
#8445 = DIRECTION('',(-1.144237745222E-17,-1.,0.));
#8446 = DIRECTION('',(-0.984807753012,1.126854202784E-17,0.173648177667)
  );
#8447 = ADVANCED_FACE('',(#8448),#8459,.F.);
#8448 = FACE_BOUND('',#8449,.F.);
#8449 = EDGE_LOOP('',(#8450,#8456,#8457,#8458));
#8450 = ORIENTED_EDGE('',*,*,#8451,.T.);
#8451 = EDGE_CURVE('',#5279,#5388,#8452,.T.);
#8452 = LINE('',#8453,#8454);
#8453 = CARTESIAN_POINT('',(-2.673560097287,-0.78,0.232635182233));
#8454 = VECTOR('',#8455,1.);
#8455 = DIRECTION('',(1.144237745222E-17,1.,0.));
#8456 = ORIENTED_EDGE('',*,*,#5396,.T.);
#8457 = ORIENTED_EDGE('',*,*,#8437,.F.);
#8458 = ORIENTED_EDGE('',*,*,#5287,.F.);
#8459 = PLANE('',#8460);
#8460 = AXIS2_PLACEMENT_3D('',#8461,#8462,#8463);
#8461 = CARTESIAN_POINT('',(-2.673560097287,-0.78,0.232635182233));
#8462 = DIRECTION('',(0.989329961345,-1.13202868425E-17,-0.145692235845)
  );
#8463 = DIRECTION('',(0.145692235845,-1.667065554401E-18,0.989329961345)
  );
#8464 = ADVANCED_FACE('',(#8465),#8476,.F.);
#8465 = FACE_BOUND('',#8466,.F.);
#8466 = EDGE_LOOP('',(#8467,#8473,#8474,#8475));
#8467 = ORIENTED_EDGE('',*,*,#8468,.T.);
#8468 = EDGE_CURVE('',#5271,#5380,#8469,.T.);
#8469 = LINE('',#8470,#8471);
#8470 = CARTESIAN_POINT('',(-2.772040872589,-0.78,0.15));
#8471 = VECTOR('',#8472,1.);
#8472 = DIRECTION('',(1.144237745222E-17,1.,0.));
#8473 = ORIENTED_EDGE('',*,*,#5387,.T.);
#8474 = ORIENTED_EDGE('',*,*,#8451,.F.);
#8475 = ORIENTED_EDGE('',*,*,#5278,.F.);
#8476 = CYLINDRICAL_SURFACE('',#8477,0.1);
#8477 = AXIS2_PLACEMENT_3D('',#8478,#8479,#8480);
#8478 = CARTESIAN_POINT('',(-2.772040872589,-0.78,0.25));
#8479 = DIRECTION('',(-1.144237745222E-17,-1.,0.));
#8480 = DIRECTION('',(-0.,0.,-1.));
#8481 = ADVANCED_FACE('',(#8482),#8493,.F.);
#8482 = FACE_BOUND('',#8483,.F.);
#8483 = EDGE_LOOP('',(#8484,#8490,#8491,#8492));
#8484 = ORIENTED_EDGE('',*,*,#8485,.T.);
#8485 = EDGE_CURVE('',#5263,#5372,#8486,.T.);
#8486 = LINE('',#8487,#8488);
#8487 = CARTESIAN_POINT('',(-3.2,-0.78,0.15));
#8488 = VECTOR('',#8489,1.);
#8489 = DIRECTION('',(1.144237745222E-17,1.,0.));
#8490 = ORIENTED_EDGE('',*,*,#5379,.T.);
#8491 = ORIENTED_EDGE('',*,*,#8468,.F.);
#8492 = ORIENTED_EDGE('',*,*,#5270,.F.);
#8493 = PLANE('',#8494);
#8494 = AXIS2_PLACEMENT_3D('',#8495,#8496,#8497);
#8495 = CARTESIAN_POINT('',(-3.2,-0.78,0.15));
#8496 = DIRECTION('',(0.,0.,-1.));
#8497 = DIRECTION('',(1.,-1.144237745222E-17,0.));
#8498 = ADVANCED_FACE('',(#8499),#8510,.F.);
#8499 = FACE_BOUND('',#8500,.F.);
#8500 = EDGE_LOOP('',(#8501,#8507,#8508,#8509));
#8501 = ORIENTED_EDGE('',*,*,#8502,.T.);
#8502 = EDGE_CURVE('',#5255,#5364,#8503,.T.);
#8503 = LINE('',#8504,#8505);
#8504 = CARTESIAN_POINT('',(-3.2,-0.78,-5.551115123126E-17));
#8505 = VECTOR('',#8506,1.);
#8506 = DIRECTION('',(1.144237745222E-17,1.,0.));
#8507 = ORIENTED_EDGE('',*,*,#5371,.T.);
#8508 = ORIENTED_EDGE('',*,*,#8485,.F.);
#8509 = ORIENTED_EDGE('',*,*,#5262,.F.);
#8510 = PLANE('',#8511);
#8511 = AXIS2_PLACEMENT_3D('',#8512,#8513,#8514);
#8512 = CARTESIAN_POINT('',(-3.2,-0.78,-5.551115123126E-17));
#8513 = DIRECTION('',(1.,-1.144237745222E-17,0.));
#8514 = DIRECTION('',(0.,0.,1.));
#8515 = ADVANCED_FACE('',(#8516),#8527,.F.);
#8516 = FACE_BOUND('',#8517,.F.);
#8517 = EDGE_LOOP('',(#8518,#8524,#8525,#8526));
#8518 = ORIENTED_EDGE('',*,*,#8519,.T.);
#8519 = EDGE_CURVE('',#5246,#5355,#8520,.T.);
#8520 = LINE('',#8521,#8522);
#8521 = CARTESIAN_POINT('',(-2.772040872589,-0.78,-5.551115123126E-17));
#8522 = VECTOR('',#8523,1.);
#8523 = DIRECTION('',(1.144237745222E-17,1.,0.));
#8524 = ORIENTED_EDGE('',*,*,#5363,.T.);
#8525 = ORIENTED_EDGE('',*,*,#8502,.F.);
#8526 = ORIENTED_EDGE('',*,*,#5254,.F.);
#8527 = PLANE('',#8528);
#8528 = AXIS2_PLACEMENT_3D('',#8529,#8530,#8531);
#8529 = CARTESIAN_POINT('',(-2.772040872589,-0.78,-5.551115123126E-17));
#8530 = DIRECTION('',(0.,0.,1.));
#8531 = DIRECTION('',(-1.,1.144237745222E-17,0.));
#8532 = ADVANCED_FACE('',(#8533),#8544,.T.);
#8533 = FACE_BOUND('',#8534,.T.);
#8534 = EDGE_LOOP('',(#8535,#8536,#8537,#8538));
#8535 = ORIENTED_EDGE('',*,*,#5245,.T.);
#8536 = ORIENTED_EDGE('',*,*,#8519,.T.);
#8537 = ORIENTED_EDGE('',*,*,#5354,.F.);
#8538 = ORIENTED_EDGE('',*,*,#8539,.F.);
#8539 = EDGE_CURVE('',#5238,#5347,#8540,.T.);
#8540 = LINE('',#8541,#8542);
#8541 = CARTESIAN_POINT('',(-2.525838934336,-0.78,0.206587955583));
#8542 = VECTOR('',#8543,1.);
#8543 = DIRECTION('',(1.144237745222E-17,1.,0.));
#8544 = CYLINDRICAL_SURFACE('',#8545,0.25);
#8545 = AXIS2_PLACEMENT_3D('',#8546,#8547,#8548);
#8546 = CARTESIAN_POINT('',(-2.772040872589,-0.78,0.25));
#8547 = DIRECTION('',(-1.144237745222E-17,-1.,0.));
#8548 = DIRECTION('',(0.984807753012,-1.126854202784E-17,-0.173648177667
    ));
#8549 = ADVANCED_FACE('',(#8550),#8556,.F.);
#8550 = FACE_BOUND('',#8551,.F.);
#8551 = EDGE_LOOP('',(#8552,#8553,#8554,#8555));
#8552 = ORIENTED_EDGE('',*,*,#5328,.T.);
#8553 = ORIENTED_EDGE('',*,*,#5346,.T.);
#8554 = ORIENTED_EDGE('',*,*,#8539,.F.);
#8555 = ORIENTED_EDGE('',*,*,#5237,.F.);
#8556 = PLANE('',#8557);
#8557 = AXIS2_PLACEMENT_3D('',#8558,#8559,#8560);
#8558 = CARTESIAN_POINT('',(-2.498480775301,-0.78,0.392364817767));
#8559 = DIRECTION('',(-0.989329961345,1.13202868425E-17,0.145692235845)
  );
#8560 = DIRECTION('',(-0.145692235845,1.667065554401E-18,-0.989329961345
    ));
#8561 = ADVANCED_FACE('',(#8562),#8573,.T.);
#8562 = FACE_BOUND('',#8563,.T.);
#8563 = EDGE_LOOP('',(#8564,#8565,#8566,#8567));
#8564 = ORIENTED_EDGE('',*,*,#5518,.T.);
#8565 = ORIENTED_EDGE('',*,*,#7895,.T.);
#8566 = ORIENTED_EDGE('',*,*,#5627,.F.);
#8567 = ORIENTED_EDGE('',*,*,#8568,.F.);
#8568 = EDGE_CURVE('',#5511,#5620,#8569,.T.);
#8569 = LINE('',#8570,#8571);
#8570 = CARTESIAN_POINT('',(-2.646201938253,-0.13,0.418412044417));
#8571 = VECTOR('',#8572,1.);
#8572 = DIRECTION('',(1.144237745222E-17,1.,0.));
#8573 = CYLINDRICAL_SURFACE('',#8574,0.25);
#8574 = AXIS2_PLACEMENT_3D('',#8575,#8576,#8577);
#8575 = CARTESIAN_POINT('',(-2.4,-0.13,0.375));
#8576 = DIRECTION('',(-1.144237745222E-17,-1.,0.));
#8577 = DIRECTION('',(-0.984807753012,1.126854202784E-17,0.173648177667)
  );
#8578 = ADVANCED_FACE('',(#8579),#8590,.F.);
#8579 = FACE_BOUND('',#8580,.F.);
#8580 = EDGE_LOOP('',(#8581,#8587,#8588,#8589));
#8581 = ORIENTED_EDGE('',*,*,#8582,.T.);
#8582 = EDGE_CURVE('',#5502,#5611,#8583,.T.);
#8583 = LINE('',#8584,#8585);
#8584 = CARTESIAN_POINT('',(-2.673560097287,-0.13,0.232635182233));
#8585 = VECTOR('',#8586,1.);
#8586 = DIRECTION('',(1.144237745222E-17,1.,0.));
#8587 = ORIENTED_EDGE('',*,*,#5619,.T.);
#8588 = ORIENTED_EDGE('',*,*,#8568,.F.);
#8589 = ORIENTED_EDGE('',*,*,#5510,.F.);
#8590 = PLANE('',#8591);
#8591 = AXIS2_PLACEMENT_3D('',#8592,#8593,#8594);
#8592 = CARTESIAN_POINT('',(-2.673560097287,-0.13,0.232635182233));
#8593 = DIRECTION('',(0.989329961345,-1.13202868425E-17,-0.145692235845)
  );
#8594 = DIRECTION('',(0.145692235845,-1.667065554401E-18,0.989329961345)
  );
#8595 = ADVANCED_FACE('',(#8596),#8607,.F.);
#8596 = FACE_BOUND('',#8597,.F.);
#8597 = EDGE_LOOP('',(#8598,#8604,#8605,#8606));
#8598 = ORIENTED_EDGE('',*,*,#8599,.T.);
#8599 = EDGE_CURVE('',#5494,#5603,#8600,.T.);
#8600 = LINE('',#8601,#8602);
#8601 = CARTESIAN_POINT('',(-2.772040872589,-0.13,0.15));
#8602 = VECTOR('',#8603,1.);
#8603 = DIRECTION('',(1.144237745222E-17,1.,0.));
#8604 = ORIENTED_EDGE('',*,*,#5610,.T.);
#8605 = ORIENTED_EDGE('',*,*,#8582,.F.);
#8606 = ORIENTED_EDGE('',*,*,#5501,.F.);
#8607 = CYLINDRICAL_SURFACE('',#8608,0.1);
#8608 = AXIS2_PLACEMENT_3D('',#8609,#8610,#8611);
#8609 = CARTESIAN_POINT('',(-2.772040872589,-0.13,0.25));
#8610 = DIRECTION('',(-1.144237745222E-17,-1.,0.));
#8611 = DIRECTION('',(-0.,0.,-1.));
#8612 = ADVANCED_FACE('',(#8613),#8624,.F.);
#8613 = FACE_BOUND('',#8614,.F.);
#8614 = EDGE_LOOP('',(#8615,#8621,#8622,#8623));
#8615 = ORIENTED_EDGE('',*,*,#8616,.T.);
#8616 = EDGE_CURVE('',#5486,#5595,#8617,.T.);
#8617 = LINE('',#8618,#8619);
#8618 = CARTESIAN_POINT('',(-3.2,-0.13,0.15));
#8619 = VECTOR('',#8620,1.);
#8620 = DIRECTION('',(1.144237745222E-17,1.,0.));
#8621 = ORIENTED_EDGE('',*,*,#5602,.T.);
#8622 = ORIENTED_EDGE('',*,*,#8599,.F.);
#8623 = ORIENTED_EDGE('',*,*,#5493,.F.);
#8624 = PLANE('',#8625);
#8625 = AXIS2_PLACEMENT_3D('',#8626,#8627,#8628);
#8626 = CARTESIAN_POINT('',(-3.2,-0.13,0.15));
#8627 = DIRECTION('',(0.,0.,-1.));
#8628 = DIRECTION('',(1.,-1.144237745222E-17,0.));
#8629 = ADVANCED_FACE('',(#8630),#8641,.F.);
#8630 = FACE_BOUND('',#8631,.F.);
#8631 = EDGE_LOOP('',(#8632,#8638,#8639,#8640));
#8632 = ORIENTED_EDGE('',*,*,#8633,.T.);
#8633 = EDGE_CURVE('',#5478,#5587,#8634,.T.);
#8634 = LINE('',#8635,#8636);
#8635 = CARTESIAN_POINT('',(-3.2,-0.13,-5.551115123126E-17));
#8636 = VECTOR('',#8637,1.);
#8637 = DIRECTION('',(1.144237745222E-17,1.,0.));
#8638 = ORIENTED_EDGE('',*,*,#5594,.T.);
#8639 = ORIENTED_EDGE('',*,*,#8616,.F.);
#8640 = ORIENTED_EDGE('',*,*,#5485,.F.);
#8641 = PLANE('',#8642);
#8642 = AXIS2_PLACEMENT_3D('',#8643,#8644,#8645);
#8643 = CARTESIAN_POINT('',(-3.2,-0.13,-5.551115123126E-17));
#8644 = DIRECTION('',(1.,-1.144237745222E-17,0.));
#8645 = DIRECTION('',(0.,0.,1.));
#8646 = ADVANCED_FACE('',(#8647),#8658,.F.);
#8647 = FACE_BOUND('',#8648,.F.);
#8648 = EDGE_LOOP('',(#8649,#8655,#8656,#8657));
#8649 = ORIENTED_EDGE('',*,*,#8650,.T.);
#8650 = EDGE_CURVE('',#5469,#5578,#8651,.T.);
#8651 = LINE('',#8652,#8653);
#8652 = CARTESIAN_POINT('',(-2.772040872589,-0.13,-5.551115123126E-17));
#8653 = VECTOR('',#8654,1.);
#8654 = DIRECTION('',(1.144237745222E-17,1.,0.));
#8655 = ORIENTED_EDGE('',*,*,#5586,.T.);
#8656 = ORIENTED_EDGE('',*,*,#8633,.F.);
#8657 = ORIENTED_EDGE('',*,*,#5477,.F.);
#8658 = PLANE('',#8659);
#8659 = AXIS2_PLACEMENT_3D('',#8660,#8661,#8662);
#8660 = CARTESIAN_POINT('',(-2.772040872589,-0.13,-5.551115123126E-17));
#8661 = DIRECTION('',(0.,0.,1.));
#8662 = DIRECTION('',(-1.,1.144237745222E-17,0.));
#8663 = ADVANCED_FACE('',(#8664),#8675,.T.);
#8664 = FACE_BOUND('',#8665,.T.);
#8665 = EDGE_LOOP('',(#8666,#8667,#8668,#8669));
#8666 = ORIENTED_EDGE('',*,*,#5468,.T.);
#8667 = ORIENTED_EDGE('',*,*,#8650,.T.);
#8668 = ORIENTED_EDGE('',*,*,#5577,.F.);
#8669 = ORIENTED_EDGE('',*,*,#8670,.F.);
#8670 = EDGE_CURVE('',#5461,#5570,#8671,.T.);
#8671 = LINE('',#8672,#8673);
#8672 = CARTESIAN_POINT('',(-2.525838934336,-0.13,0.206587955583));
#8673 = VECTOR('',#8674,1.);
#8674 = DIRECTION('',(1.144237745222E-17,1.,0.));
#8675 = CYLINDRICAL_SURFACE('',#8676,0.25);
#8676 = AXIS2_PLACEMENT_3D('',#8677,#8678,#8679);
#8677 = CARTESIAN_POINT('',(-2.772040872589,-0.13,0.25));
#8678 = DIRECTION('',(-1.144237745222E-17,-1.,0.));
#8679 = DIRECTION('',(0.984807753012,-1.126854202784E-17,-0.173648177667
    ));
#8680 = ADVANCED_FACE('',(#8681),#8687,.F.);
#8681 = FACE_BOUND('',#8682,.F.);
#8682 = EDGE_LOOP('',(#8683,#8684,#8685,#8686));
#8683 = ORIENTED_EDGE('',*,*,#5551,.T.);
#8684 = ORIENTED_EDGE('',*,*,#5569,.T.);
#8685 = ORIENTED_EDGE('',*,*,#8670,.F.);
#8686 = ORIENTED_EDGE('',*,*,#5460,.F.);
#8687 = PLANE('',#8688);
#8688 = AXIS2_PLACEMENT_3D('',#8689,#8690,#8691);
#8689 = CARTESIAN_POINT('',(-2.498480775301,-0.13,0.392364817767));
#8690 = DIRECTION('',(-0.989329961345,1.13202868425E-17,0.145692235845)
  );
#8691 = DIRECTION('',(-0.145692235845,1.667065554401E-18,-0.989329961345
    ));
#8692 = ADVANCED_FACE('',(#8693),#8704,.T.);
#8693 = FACE_BOUND('',#8694,.T.);
#8694 = EDGE_LOOP('',(#8695,#8696,#8697,#8698));
#8695 = ORIENTED_EDGE('',*,*,#5741,.T.);
#8696 = ORIENTED_EDGE('',*,*,#7914,.T.);
#8697 = ORIENTED_EDGE('',*,*,#5850,.F.);
#8698 = ORIENTED_EDGE('',*,*,#8699,.F.);
#8699 = EDGE_CURVE('',#5734,#5843,#8700,.T.);
#8700 = LINE('',#8701,#8702);
#8701 = CARTESIAN_POINT('',(-2.646201938253,0.52,0.418412044417));
#8702 = VECTOR('',#8703,1.);
#8703 = DIRECTION('',(1.144237745222E-17,1.,0.));
#8704 = CYLINDRICAL_SURFACE('',#8705,0.25);
#8705 = AXIS2_PLACEMENT_3D('',#8706,#8707,#8708);
#8706 = CARTESIAN_POINT('',(-2.4,0.52,0.375));
#8707 = DIRECTION('',(-1.144237745222E-17,-1.,0.));
#8708 = DIRECTION('',(-0.984807753012,1.126854202784E-17,0.173648177667)
  );
#8709 = ADVANCED_FACE('',(#8710),#8721,.F.);
#8710 = FACE_BOUND('',#8711,.F.);
#8711 = EDGE_LOOP('',(#8712,#8718,#8719,#8720));
#8712 = ORIENTED_EDGE('',*,*,#8713,.T.);
#8713 = EDGE_CURVE('',#5725,#5834,#8714,.T.);
#8714 = LINE('',#8715,#8716);
#8715 = CARTESIAN_POINT('',(-2.673560097287,0.52,0.232635182233));
#8716 = VECTOR('',#8717,1.);
#8717 = DIRECTION('',(1.144237745222E-17,1.,0.));
#8718 = ORIENTED_EDGE('',*,*,#5842,.T.);
#8719 = ORIENTED_EDGE('',*,*,#8699,.F.);
#8720 = ORIENTED_EDGE('',*,*,#5733,.F.);
#8721 = PLANE('',#8722);
#8722 = AXIS2_PLACEMENT_3D('',#8723,#8724,#8725);
#8723 = CARTESIAN_POINT('',(-2.673560097287,0.52,0.232635182233));
#8724 = DIRECTION('',(0.989329961345,-1.13202868425E-17,-0.145692235845)
  );
#8725 = DIRECTION('',(0.145692235845,-1.667065554401E-18,0.989329961345)
  );
#8726 = ADVANCED_FACE('',(#8727),#8738,.F.);
#8727 = FACE_BOUND('',#8728,.F.);
#8728 = EDGE_LOOP('',(#8729,#8735,#8736,#8737));
#8729 = ORIENTED_EDGE('',*,*,#8730,.T.);
#8730 = EDGE_CURVE('',#5717,#5826,#8731,.T.);
#8731 = LINE('',#8732,#8733);
#8732 = CARTESIAN_POINT('',(-2.772040872589,0.52,0.15));
#8733 = VECTOR('',#8734,1.);
#8734 = DIRECTION('',(1.144237745222E-17,1.,0.));
#8735 = ORIENTED_EDGE('',*,*,#5833,.T.);
#8736 = ORIENTED_EDGE('',*,*,#8713,.F.);
#8737 = ORIENTED_EDGE('',*,*,#5724,.F.);
#8738 = CYLINDRICAL_SURFACE('',#8739,0.1);
#8739 = AXIS2_PLACEMENT_3D('',#8740,#8741,#8742);
#8740 = CARTESIAN_POINT('',(-2.772040872589,0.52,0.25));
#8741 = DIRECTION('',(-1.144237745222E-17,-1.,0.));
#8742 = DIRECTION('',(-0.,0.,-1.));
#8743 = ADVANCED_FACE('',(#8744),#8755,.F.);
#8744 = FACE_BOUND('',#8745,.F.);
#8745 = EDGE_LOOP('',(#8746,#8752,#8753,#8754));
#8746 = ORIENTED_EDGE('',*,*,#8747,.T.);
#8747 = EDGE_CURVE('',#5709,#5818,#8748,.T.);
#8748 = LINE('',#8749,#8750);
#8749 = CARTESIAN_POINT('',(-3.2,0.52,0.15));
#8750 = VECTOR('',#8751,1.);
#8751 = DIRECTION('',(1.144237745222E-17,1.,0.));
#8752 = ORIENTED_EDGE('',*,*,#5825,.T.);
#8753 = ORIENTED_EDGE('',*,*,#8730,.F.);
#8754 = ORIENTED_EDGE('',*,*,#5716,.F.);
#8755 = PLANE('',#8756);
#8756 = AXIS2_PLACEMENT_3D('',#8757,#8758,#8759);
#8757 = CARTESIAN_POINT('',(-3.2,0.52,0.15));
#8758 = DIRECTION('',(0.,0.,-1.));
#8759 = DIRECTION('',(1.,-1.144237745222E-17,0.));
#8760 = ADVANCED_FACE('',(#8761),#8772,.F.);
#8761 = FACE_BOUND('',#8762,.F.);
#8762 = EDGE_LOOP('',(#8763,#8769,#8770,#8771));
#8763 = ORIENTED_EDGE('',*,*,#8764,.T.);
#8764 = EDGE_CURVE('',#5701,#5810,#8765,.T.);
#8765 = LINE('',#8766,#8767);
#8766 = CARTESIAN_POINT('',(-3.2,0.52,-5.551115123126E-17));
#8767 = VECTOR('',#8768,1.);
#8768 = DIRECTION('',(1.144237745222E-17,1.,0.));
#8769 = ORIENTED_EDGE('',*,*,#5817,.T.);
#8770 = ORIENTED_EDGE('',*,*,#8747,.F.);
#8771 = ORIENTED_EDGE('',*,*,#5708,.F.);
#8772 = PLANE('',#8773);
#8773 = AXIS2_PLACEMENT_3D('',#8774,#8775,#8776);
#8774 = CARTESIAN_POINT('',(-3.2,0.52,-5.551115123126E-17));
#8775 = DIRECTION('',(1.,-1.144237745222E-17,0.));
#8776 = DIRECTION('',(0.,0.,1.));
#8777 = ADVANCED_FACE('',(#8778),#8789,.F.);
#8778 = FACE_BOUND('',#8779,.F.);
#8779 = EDGE_LOOP('',(#8780,#8786,#8787,#8788));
#8780 = ORIENTED_EDGE('',*,*,#8781,.T.);
#8781 = EDGE_CURVE('',#5692,#5801,#8782,.T.);
#8782 = LINE('',#8783,#8784);
#8783 = CARTESIAN_POINT('',(-2.772040872589,0.52,-5.551115123126E-17));
#8784 = VECTOR('',#8785,1.);
#8785 = DIRECTION('',(1.144237745222E-17,1.,0.));
#8786 = ORIENTED_EDGE('',*,*,#5809,.T.);
#8787 = ORIENTED_EDGE('',*,*,#8764,.F.);
#8788 = ORIENTED_EDGE('',*,*,#5700,.F.);
#8789 = PLANE('',#8790);
#8790 = AXIS2_PLACEMENT_3D('',#8791,#8792,#8793);
#8791 = CARTESIAN_POINT('',(-2.772040872589,0.52,-5.551115123126E-17));
#8792 = DIRECTION('',(0.,0.,1.));
#8793 = DIRECTION('',(-1.,1.144237745222E-17,0.));
#8794 = ADVANCED_FACE('',(#8795),#8806,.T.);
#8795 = FACE_BOUND('',#8796,.T.);
#8796 = EDGE_LOOP('',(#8797,#8798,#8799,#8800));
#8797 = ORIENTED_EDGE('',*,*,#5691,.T.);
#8798 = ORIENTED_EDGE('',*,*,#8781,.T.);
#8799 = ORIENTED_EDGE('',*,*,#5800,.F.);
#8800 = ORIENTED_EDGE('',*,*,#8801,.F.);
#8801 = EDGE_CURVE('',#5684,#5793,#8802,.T.);
#8802 = LINE('',#8803,#8804);
#8803 = CARTESIAN_POINT('',(-2.525838934336,0.52,0.206587955583));
#8804 = VECTOR('',#8805,1.);
#8805 = DIRECTION('',(1.144237745222E-17,1.,0.));
#8806 = CYLINDRICAL_SURFACE('',#8807,0.25);
#8807 = AXIS2_PLACEMENT_3D('',#8808,#8809,#8810);
#8808 = CARTESIAN_POINT('',(-2.772040872589,0.52,0.25));
#8809 = DIRECTION('',(-1.144237745222E-17,-1.,0.));
#8810 = DIRECTION('',(0.984807753012,-1.126854202784E-17,-0.173648177667
    ));
#8811 = ADVANCED_FACE('',(#8812),#8818,.F.);
#8812 = FACE_BOUND('',#8813,.F.);
#8813 = EDGE_LOOP('',(#8814,#8815,#8816,#8817));
#8814 = ORIENTED_EDGE('',*,*,#5774,.T.);
#8815 = ORIENTED_EDGE('',*,*,#5792,.T.);
#8816 = ORIENTED_EDGE('',*,*,#8801,.F.);
#8817 = ORIENTED_EDGE('',*,*,#5683,.F.);
#8818 = PLANE('',#8819);
#8819 = AXIS2_PLACEMENT_3D('',#8820,#8821,#8822);
#8820 = CARTESIAN_POINT('',(-2.498480775301,0.52,0.392364817767));
#8821 = DIRECTION('',(-0.989329961345,1.13202868425E-17,0.145692235845)
  );
#8822 = DIRECTION('',(-0.145692235845,1.667065554401E-18,-0.989329961345
    ));
#8823 = ADVANCED_FACE('',(#8824),#8835,.T.);
#8824 = FACE_BOUND('',#8825,.T.);
#8825 = EDGE_LOOP('',(#8826,#8827,#8828,#8829));
#8826 = ORIENTED_EDGE('',*,*,#5964,.T.);
#8827 = ORIENTED_EDGE('',*,*,#7933,.T.);
#8828 = ORIENTED_EDGE('',*,*,#6073,.F.);
#8829 = ORIENTED_EDGE('',*,*,#8830,.F.);
#8830 = EDGE_CURVE('',#5957,#6066,#8831,.T.);
#8831 = LINE('',#8832,#8833);
#8832 = CARTESIAN_POINT('',(-2.646201938253,1.17,0.418412044417));
#8833 = VECTOR('',#8834,1.);
#8834 = DIRECTION('',(1.144237745222E-17,1.,0.));
#8835 = CYLINDRICAL_SURFACE('',#8836,0.25);
#8836 = AXIS2_PLACEMENT_3D('',#8837,#8838,#8839);
#8837 = CARTESIAN_POINT('',(-2.4,1.17,0.375));
#8838 = DIRECTION('',(-1.144237745222E-17,-1.,0.));
#8839 = DIRECTION('',(-0.984807753012,1.126854202784E-17,0.173648177667)
  );
#8840 = ADVANCED_FACE('',(#8841),#8852,.F.);
#8841 = FACE_BOUND('',#8842,.F.);
#8842 = EDGE_LOOP('',(#8843,#8849,#8850,#8851));
#8843 = ORIENTED_EDGE('',*,*,#8844,.T.);
#8844 = EDGE_CURVE('',#5948,#6057,#8845,.T.);
#8845 = LINE('',#8846,#8847);
#8846 = CARTESIAN_POINT('',(-2.673560097287,1.17,0.232635182233));
#8847 = VECTOR('',#8848,1.);
#8848 = DIRECTION('',(1.144237745222E-17,1.,0.));
#8849 = ORIENTED_EDGE('',*,*,#6065,.T.);
#8850 = ORIENTED_EDGE('',*,*,#8830,.F.);
#8851 = ORIENTED_EDGE('',*,*,#5956,.F.);
#8852 = PLANE('',#8853);
#8853 = AXIS2_PLACEMENT_3D('',#8854,#8855,#8856);
#8854 = CARTESIAN_POINT('',(-2.673560097287,1.17,0.232635182233));
#8855 = DIRECTION('',(0.989329961345,-1.13202868425E-17,-0.145692235845)
  );
#8856 = DIRECTION('',(0.145692235845,-1.667065554401E-18,0.989329961345)
  );
#8857 = ADVANCED_FACE('',(#8858),#8869,.F.);
#8858 = FACE_BOUND('',#8859,.F.);
#8859 = EDGE_LOOP('',(#8860,#8866,#8867,#8868));
#8860 = ORIENTED_EDGE('',*,*,#8861,.T.);
#8861 = EDGE_CURVE('',#5940,#6049,#8862,.T.);
#8862 = LINE('',#8863,#8864);
#8863 = CARTESIAN_POINT('',(-2.772040872589,1.17,0.15));
#8864 = VECTOR('',#8865,1.);
#8865 = DIRECTION('',(1.144237745222E-17,1.,0.));
#8866 = ORIENTED_EDGE('',*,*,#6056,.T.);
#8867 = ORIENTED_EDGE('',*,*,#8844,.F.);
#8868 = ORIENTED_EDGE('',*,*,#5947,.F.);
#8869 = CYLINDRICAL_SURFACE('',#8870,0.1);
#8870 = AXIS2_PLACEMENT_3D('',#8871,#8872,#8873);
#8871 = CARTESIAN_POINT('',(-2.772040872589,1.17,0.25));
#8872 = DIRECTION('',(-1.144237745222E-17,-1.,0.));
#8873 = DIRECTION('',(-0.,0.,-1.));
#8874 = ADVANCED_FACE('',(#8875),#8886,.F.);
#8875 = FACE_BOUND('',#8876,.F.);
#8876 = EDGE_LOOP('',(#8877,#8883,#8884,#8885));
#8877 = ORIENTED_EDGE('',*,*,#8878,.T.);
#8878 = EDGE_CURVE('',#5932,#6041,#8879,.T.);
#8879 = LINE('',#8880,#8881);
#8880 = CARTESIAN_POINT('',(-3.2,1.17,0.15));
#8881 = VECTOR('',#8882,1.);
#8882 = DIRECTION('',(1.144237745222E-17,1.,0.));
#8883 = ORIENTED_EDGE('',*,*,#6048,.T.);
#8884 = ORIENTED_EDGE('',*,*,#8861,.F.);
#8885 = ORIENTED_EDGE('',*,*,#5939,.F.);
#8886 = PLANE('',#8887);
#8887 = AXIS2_PLACEMENT_3D('',#8888,#8889,#8890);
#8888 = CARTESIAN_POINT('',(-3.2,1.17,0.15));
#8889 = DIRECTION('',(0.,0.,-1.));
#8890 = DIRECTION('',(1.,-1.144237745222E-17,0.));
#8891 = ADVANCED_FACE('',(#8892),#8903,.F.);
#8892 = FACE_BOUND('',#8893,.F.);
#8893 = EDGE_LOOP('',(#8894,#8900,#8901,#8902));
#8894 = ORIENTED_EDGE('',*,*,#8895,.T.);
#8895 = EDGE_CURVE('',#5924,#6033,#8896,.T.);
#8896 = LINE('',#8897,#8898);
#8897 = CARTESIAN_POINT('',(-3.2,1.17,-5.551115123126E-17));
#8898 = VECTOR('',#8899,1.);
#8899 = DIRECTION('',(1.144237745222E-17,1.,0.));
#8900 = ORIENTED_EDGE('',*,*,#6040,.T.);
#8901 = ORIENTED_EDGE('',*,*,#8878,.F.);
#8902 = ORIENTED_EDGE('',*,*,#5931,.F.);
#8903 = PLANE('',#8904);
#8904 = AXIS2_PLACEMENT_3D('',#8905,#8906,#8907);
#8905 = CARTESIAN_POINT('',(-3.2,1.17,-5.551115123126E-17));
#8906 = DIRECTION('',(1.,-1.144237745222E-17,0.));
#8907 = DIRECTION('',(0.,0.,1.));
#8908 = ADVANCED_FACE('',(#8909),#8920,.F.);
#8909 = FACE_BOUND('',#8910,.F.);
#8910 = EDGE_LOOP('',(#8911,#8917,#8918,#8919));
#8911 = ORIENTED_EDGE('',*,*,#8912,.T.);
#8912 = EDGE_CURVE('',#5915,#6024,#8913,.T.);
#8913 = LINE('',#8914,#8915);
#8914 = CARTESIAN_POINT('',(-2.772040872589,1.17,-5.551115123126E-17));
#8915 = VECTOR('',#8916,1.);
#8916 = DIRECTION('',(1.144237745222E-17,1.,0.));
#8917 = ORIENTED_EDGE('',*,*,#6032,.T.);
#8918 = ORIENTED_EDGE('',*,*,#8895,.F.);
#8919 = ORIENTED_EDGE('',*,*,#5923,.F.);
#8920 = PLANE('',#8921);
#8921 = AXIS2_PLACEMENT_3D('',#8922,#8923,#8924);
#8922 = CARTESIAN_POINT('',(-2.772040872589,1.17,-5.551115123126E-17));
#8923 = DIRECTION('',(0.,0.,1.));
#8924 = DIRECTION('',(-1.,1.144237745222E-17,0.));
#8925 = ADVANCED_FACE('',(#8926),#8937,.T.);
#8926 = FACE_BOUND('',#8927,.T.);
#8927 = EDGE_LOOP('',(#8928,#8929,#8930,#8931));
#8928 = ORIENTED_EDGE('',*,*,#5914,.T.);
#8929 = ORIENTED_EDGE('',*,*,#8912,.T.);
#8930 = ORIENTED_EDGE('',*,*,#6023,.F.);
#8931 = ORIENTED_EDGE('',*,*,#8932,.F.);
#8932 = EDGE_CURVE('',#5907,#6016,#8933,.T.);
#8933 = LINE('',#8934,#8935);
#8934 = CARTESIAN_POINT('',(-2.525838934336,1.17,0.206587955583));
#8935 = VECTOR('',#8936,1.);
#8936 = DIRECTION('',(1.144237745222E-17,1.,0.));
#8937 = CYLINDRICAL_SURFACE('',#8938,0.25);
#8938 = AXIS2_PLACEMENT_3D('',#8939,#8940,#8941);
#8939 = CARTESIAN_POINT('',(-2.772040872589,1.17,0.25));
#8940 = DIRECTION('',(-1.144237745222E-17,-1.,0.));
#8941 = DIRECTION('',(0.984807753012,-1.126854202784E-17,-0.173648177667
    ));
#8942 = ADVANCED_FACE('',(#8943),#8949,.F.);
#8943 = FACE_BOUND('',#8944,.F.);
#8944 = EDGE_LOOP('',(#8945,#8946,#8947,#8948));
#8945 = ORIENTED_EDGE('',*,*,#5997,.T.);
#8946 = ORIENTED_EDGE('',*,*,#6015,.T.);
#8947 = ORIENTED_EDGE('',*,*,#8932,.F.);
#8948 = ORIENTED_EDGE('',*,*,#5906,.F.);
#8949 = PLANE('',#8950);
#8950 = AXIS2_PLACEMENT_3D('',#8951,#8952,#8953);
#8951 = CARTESIAN_POINT('',(-2.498480775301,1.17,0.392364817767));
#8952 = DIRECTION('',(-0.989329961345,1.13202868425E-17,0.145692235845)
  );
#8953 = DIRECTION('',(-0.145692235845,1.667065554401E-18,-0.989329961345
    ));
#8954 = ADVANCED_FACE('',(#8955),#8966,.F.);
#8955 = FACE_BOUND('',#8956,.F.);
#8956 = EDGE_LOOP('',(#8957,#8963,#8964,#8965));
#8957 = ORIENTED_EDGE('',*,*,#8958,.T.);
#8958 = EDGE_CURVE('',#6166,#6268,#8959,.T.);
#8959 = LINE('',#8960,#8961);
#8960 = CARTESIAN_POINT('',(-2.673560097287,1.82,0.232635182233));
#8961 = VECTOR('',#8962,1.);
#8962 = DIRECTION('',(1.144237745222E-17,1.,0.));
#8963 = ORIENTED_EDGE('',*,*,#6276,.T.);
#8964 = ORIENTED_EDGE('',*,*,#7823,.F.);
#8965 = ORIENTED_EDGE('',*,*,#6174,.F.);
#8966 = PLANE('',#8967);
#8967 = AXIS2_PLACEMENT_3D('',#8968,#8969,#8970);
#8968 = CARTESIAN_POINT('',(-2.673560097287,1.82,0.232635182233));
#8969 = DIRECTION('',(0.989329961345,-1.13202868425E-17,-0.145692235845)
  );
#8970 = DIRECTION('',(0.145692235845,-1.667065554401E-18,0.989329961345)
  );
#8971 = ADVANCED_FACE('',(#8972),#8983,.F.);
#8972 = FACE_BOUND('',#8973,.F.);
#8973 = EDGE_LOOP('',(#8974,#8980,#8981,#8982));
#8974 = ORIENTED_EDGE('',*,*,#8975,.T.);
#8975 = EDGE_CURVE('',#6158,#6260,#8976,.T.);
#8976 = LINE('',#8977,#8978);
#8977 = CARTESIAN_POINT('',(-2.772040872589,1.82,0.15));
#8978 = VECTOR('',#8979,1.);
#8979 = DIRECTION('',(1.144237745222E-17,1.,0.));
#8980 = ORIENTED_EDGE('',*,*,#6267,.T.);
#8981 = ORIENTED_EDGE('',*,*,#8958,.F.);
#8982 = ORIENTED_EDGE('',*,*,#6165,.F.);
#8983 = CYLINDRICAL_SURFACE('',#8984,0.1);
#8984 = AXIS2_PLACEMENT_3D('',#8985,#8986,#8987);
#8985 = CARTESIAN_POINT('',(-2.772040872589,1.82,0.25));
#8986 = DIRECTION('',(-1.144237745222E-17,-1.,0.));
#8987 = DIRECTION('',(-0.,0.,-1.));
#8988 = ADVANCED_FACE('',(#8989),#9000,.F.);
#8989 = FACE_BOUND('',#8990,.F.);
#8990 = EDGE_LOOP('',(#8991,#8997,#8998,#8999));
#8991 = ORIENTED_EDGE('',*,*,#8992,.T.);
#8992 = EDGE_CURVE('',#6150,#6252,#8993,.T.);
#8993 = LINE('',#8994,#8995);
#8994 = CARTESIAN_POINT('',(-3.2,1.82,0.15));
#8995 = VECTOR('',#8996,1.);
#8996 = DIRECTION('',(1.144237745222E-17,1.,0.));
#8997 = ORIENTED_EDGE('',*,*,#6259,.T.);
#8998 = ORIENTED_EDGE('',*,*,#8975,.F.);
#8999 = ORIENTED_EDGE('',*,*,#6157,.F.);
#9000 = PLANE('',#9001);
#9001 = AXIS2_PLACEMENT_3D('',#9002,#9003,#9004);
#9002 = CARTESIAN_POINT('',(-3.2,1.82,0.15));
#9003 = DIRECTION('',(0.,0.,-1.));
#9004 = DIRECTION('',(1.,-1.144237745222E-17,0.));
#9005 = ADVANCED_FACE('',(#9006),#9017,.F.);
#9006 = FACE_BOUND('',#9007,.F.);
#9007 = EDGE_LOOP('',(#9008,#9014,#9015,#9016));
#9008 = ORIENTED_EDGE('',*,*,#9009,.T.);
#9009 = EDGE_CURVE('',#6142,#6244,#9010,.T.);
#9010 = LINE('',#9011,#9012);
#9011 = CARTESIAN_POINT('',(-3.2,1.82,-5.551115123126E-17));
#9012 = VECTOR('',#9013,1.);
#9013 = DIRECTION('',(1.144237745222E-17,1.,0.));
#9014 = ORIENTED_EDGE('',*,*,#6251,.T.);
#9015 = ORIENTED_EDGE('',*,*,#8992,.F.);
#9016 = ORIENTED_EDGE('',*,*,#6149,.F.);
#9017 = PLANE('',#9018);
#9018 = AXIS2_PLACEMENT_3D('',#9019,#9020,#9021);
#9019 = CARTESIAN_POINT('',(-3.2,1.82,-5.551115123126E-17));
#9020 = DIRECTION('',(1.,-1.144237745222E-17,0.));
#9021 = DIRECTION('',(0.,0.,1.));
#9022 = ADVANCED_FACE('',(#9023),#9034,.F.);
#9023 = FACE_BOUND('',#9024,.F.);
#9024 = EDGE_LOOP('',(#9025,#9031,#9032,#9033));
#9025 = ORIENTED_EDGE('',*,*,#9026,.T.);
#9026 = EDGE_CURVE('',#6133,#6235,#9027,.T.);
#9027 = LINE('',#9028,#9029);
#9028 = CARTESIAN_POINT('',(-2.772040872589,1.82,-5.551115123126E-17));
#9029 = VECTOR('',#9030,1.);
#9030 = DIRECTION('',(1.144237745222E-17,1.,0.));
#9031 = ORIENTED_EDGE('',*,*,#6243,.T.);
#9032 = ORIENTED_EDGE('',*,*,#9009,.F.);
#9033 = ORIENTED_EDGE('',*,*,#6141,.F.);
#9034 = PLANE('',#9035);
#9035 = AXIS2_PLACEMENT_3D('',#9036,#9037,#9038);
#9036 = CARTESIAN_POINT('',(-2.772040872589,1.82,-5.551115123126E-17));
#9037 = DIRECTION('',(0.,0.,1.));
#9038 = DIRECTION('',(-1.,1.144237745222E-17,0.));
#9039 = ADVANCED_FACE('',(#9040),#9051,.T.);
#9040 = FACE_BOUND('',#9041,.T.);
#9041 = EDGE_LOOP('',(#9042,#9043,#9044,#9045));
#9042 = ORIENTED_EDGE('',*,*,#6132,.T.);
#9043 = ORIENTED_EDGE('',*,*,#9026,.T.);
#9044 = ORIENTED_EDGE('',*,*,#6234,.F.);
#9045 = ORIENTED_EDGE('',*,*,#9046,.F.);
#9046 = EDGE_CURVE('',#6125,#6227,#9047,.T.);
#9047 = LINE('',#9048,#9049);
#9048 = CARTESIAN_POINT('',(-2.525838934336,1.82,0.206587955583));
#9049 = VECTOR('',#9050,1.);
#9050 = DIRECTION('',(1.144237745222E-17,1.,0.));
#9051 = CYLINDRICAL_SURFACE('',#9052,0.25);
#9052 = AXIS2_PLACEMENT_3D('',#9053,#9054,#9055);
#9053 = CARTESIAN_POINT('',(-2.772040872589,1.82,0.25));
#9054 = DIRECTION('',(-1.144237745222E-17,-1.,0.));
#9055 = DIRECTION('',(0.984807753012,-1.126854202784E-17,-0.173648177667
    ));
#9056 = ADVANCED_FACE('',(#9057),#9063,.F.);
#9057 = FACE_BOUND('',#9058,.F.);
#9058 = EDGE_LOOP('',(#9059,#9060,#9061,#9062));
#9059 = ORIENTED_EDGE('',*,*,#6208,.T.);
#9060 = ORIENTED_EDGE('',*,*,#6226,.T.);
#9061 = ORIENTED_EDGE('',*,*,#9046,.F.);
#9062 = ORIENTED_EDGE('',*,*,#6124,.F.);
#9063 = PLANE('',#9064);
#9064 = AXIS2_PLACEMENT_3D('',#9065,#9066,#9067);
#9065 = CARTESIAN_POINT('',(-2.498480775301,1.82,0.392364817767));
#9066 = DIRECTION('',(-0.989329961345,1.13202868425E-17,0.145692235845)
  );
#9067 = DIRECTION('',(-0.145692235845,1.667065554401E-18,-0.989329961345
    ));
#9068 = ADVANCED_FACE('',(#9069),#9080,.F.);
#9069 = FACE_BOUND('',#9070,.F.);
#9070 = EDGE_LOOP('',(#9071,#9077,#9078,#9079));
#9071 = ORIENTED_EDGE('',*,*,#9072,.T.);
#9072 = EDGE_CURVE('',#6353,#6455,#9073,.T.);
#9073 = LINE('',#9074,#9075);
#9074 = CARTESIAN_POINT('',(2.673560097287,2.08,0.232635182233));
#9075 = VECTOR('',#9076,1.);
#9076 = DIRECTION('',(1.110223024625E-16,-1.,0.));
#9077 = ORIENTED_EDGE('',*,*,#6463,.T.);
#9078 = ORIENTED_EDGE('',*,*,#8146,.F.);
#9079 = ORIENTED_EDGE('',*,*,#6361,.F.);
#9080 = PLANE('',#9081);
#9081 = AXIS2_PLACEMENT_3D('',#9082,#9083,#9084);
#9082 = CARTESIAN_POINT('',(2.673560097287,2.08,0.232635182233));
#9083 = DIRECTION('',(-0.989329961345,-1.098376902036E-16,
    -0.145692235845));
#9084 = DIRECTION('',(-0.145692235845,-1.617508747447E-17,0.989329961345
    ));
#9085 = ADVANCED_FACE('',(#9086),#9097,.F.);
#9086 = FACE_BOUND('',#9087,.F.);
#9087 = EDGE_LOOP('',(#9088,#9094,#9095,#9096));
#9088 = ORIENTED_EDGE('',*,*,#9089,.T.);
#9089 = EDGE_CURVE('',#6345,#6447,#9090,.T.);
#9090 = LINE('',#9091,#9092);
#9091 = CARTESIAN_POINT('',(2.772040872589,2.08,0.15));
#9092 = VECTOR('',#9093,1.);
#9093 = DIRECTION('',(1.110223024625E-16,-1.,0.));
#9094 = ORIENTED_EDGE('',*,*,#6454,.T.);
#9095 = ORIENTED_EDGE('',*,*,#9072,.F.);
#9096 = ORIENTED_EDGE('',*,*,#6352,.F.);
#9097 = CYLINDRICAL_SURFACE('',#9098,0.1);
#9098 = AXIS2_PLACEMENT_3D('',#9099,#9100,#9101);
#9099 = CARTESIAN_POINT('',(2.772040872589,2.08,0.25));
#9100 = DIRECTION('',(-1.110223024625E-16,1.,0.));
#9101 = DIRECTION('',(0.,0.,-1.));
#9102 = ADVANCED_FACE('',(#9103),#9114,.F.);
#9103 = FACE_BOUND('',#9104,.F.);
#9104 = EDGE_LOOP('',(#9105,#9111,#9112,#9113));
#9105 = ORIENTED_EDGE('',*,*,#9106,.T.);
#9106 = EDGE_CURVE('',#6337,#6439,#9107,.T.);
#9107 = LINE('',#9108,#9109);
#9108 = CARTESIAN_POINT('',(3.2,2.08,0.15));
#9109 = VECTOR('',#9110,1.);
#9110 = DIRECTION('',(1.110223024625E-16,-1.,0.));
#9111 = ORIENTED_EDGE('',*,*,#6446,.T.);
#9112 = ORIENTED_EDGE('',*,*,#9089,.F.);
#9113 = ORIENTED_EDGE('',*,*,#6344,.F.);
#9114 = PLANE('',#9115);
#9115 = AXIS2_PLACEMENT_3D('',#9116,#9117,#9118);
#9116 = CARTESIAN_POINT('',(3.2,2.08,0.15));
#9117 = DIRECTION('',(0.,0.,-1.));
#9118 = DIRECTION('',(-1.,-1.110223024625E-16,-0.));
#9119 = ADVANCED_FACE('',(#9120),#9131,.F.);
#9120 = FACE_BOUND('',#9121,.F.);
#9121 = EDGE_LOOP('',(#9122,#9128,#9129,#9130));
#9122 = ORIENTED_EDGE('',*,*,#9123,.T.);
#9123 = EDGE_CURVE('',#6329,#6431,#9124,.T.);
#9124 = LINE('',#9125,#9126);
#9125 = CARTESIAN_POINT('',(3.2,2.08,-5.551115123126E-17));
#9126 = VECTOR('',#9127,1.);
#9127 = DIRECTION('',(1.110223024625E-16,-1.,0.));
#9128 = ORIENTED_EDGE('',*,*,#6438,.T.);
#9129 = ORIENTED_EDGE('',*,*,#9106,.F.);
#9130 = ORIENTED_EDGE('',*,*,#6336,.F.);
#9131 = PLANE('',#9132);
#9132 = AXIS2_PLACEMENT_3D('',#9133,#9134,#9135);
#9133 = CARTESIAN_POINT('',(3.2,2.08,-5.551115123126E-17));
#9134 = DIRECTION('',(-1.,-1.110223024625E-16,0.));
#9135 = DIRECTION('',(0.,0.,1.));
#9136 = ADVANCED_FACE('',(#9137),#9148,.F.);
#9137 = FACE_BOUND('',#9138,.F.);
#9138 = EDGE_LOOP('',(#9139,#9145,#9146,#9147));
#9139 = ORIENTED_EDGE('',*,*,#9140,.T.);
#9140 = EDGE_CURVE('',#6320,#6422,#9141,.T.);
#9141 = LINE('',#9142,#9143);
#9142 = CARTESIAN_POINT('',(2.772040872589,2.08,-5.551115123126E-17));
#9143 = VECTOR('',#9144,1.);
#9144 = DIRECTION('',(1.110223024625E-16,-1.,0.));
#9145 = ORIENTED_EDGE('',*,*,#6430,.T.);
#9146 = ORIENTED_EDGE('',*,*,#9123,.F.);
#9147 = ORIENTED_EDGE('',*,*,#6328,.F.);
#9148 = PLANE('',#9149);
#9149 = AXIS2_PLACEMENT_3D('',#9150,#9151,#9152);
#9150 = CARTESIAN_POINT('',(2.772040872589,2.08,-5.551115123126E-17));
#9151 = DIRECTION('',(0.,0.,1.));
#9152 = DIRECTION('',(1.,1.110223024625E-16,-0.));
#9153 = ADVANCED_FACE('',(#9154),#9165,.T.);
#9154 = FACE_BOUND('',#9155,.T.);
#9155 = EDGE_LOOP('',(#9156,#9157,#9158,#9159));
#9156 = ORIENTED_EDGE('',*,*,#6319,.T.);
#9157 = ORIENTED_EDGE('',*,*,#9140,.T.);
#9158 = ORIENTED_EDGE('',*,*,#6421,.F.);
#9159 = ORIENTED_EDGE('',*,*,#9160,.F.);
#9160 = EDGE_CURVE('',#6312,#6414,#9161,.T.);
#9161 = LINE('',#9162,#9163);
#9162 = CARTESIAN_POINT('',(2.525838934336,2.08,0.206587955583));
#9163 = VECTOR('',#9164,1.);
#9164 = DIRECTION('',(1.110223024625E-16,-1.,0.));
#9165 = CYLINDRICAL_SURFACE('',#9166,0.25);
#9166 = AXIS2_PLACEMENT_3D('',#9167,#9168,#9169);
#9167 = CARTESIAN_POINT('',(2.772040872589,2.08,0.25));
#9168 = DIRECTION('',(-1.110223024625E-16,1.,0.));
#9169 = DIRECTION('',(-0.984807753012,-1.093356242223E-16,
    -0.173648177667));
#9170 = ADVANCED_FACE('',(#9171),#9177,.F.);
#9171 = FACE_BOUND('',#9172,.F.);
#9172 = EDGE_LOOP('',(#9173,#9174,#9175,#9176));
#9173 = ORIENTED_EDGE('',*,*,#6395,.T.);
#9174 = ORIENTED_EDGE('',*,*,#6413,.T.);
#9175 = ORIENTED_EDGE('',*,*,#9160,.F.);
#9176 = ORIENTED_EDGE('',*,*,#6311,.F.);
#9177 = PLANE('',#9178);
#9178 = AXIS2_PLACEMENT_3D('',#9179,#9180,#9181);
#9179 = CARTESIAN_POINT('',(2.498480775301,2.08,0.392364817767));
#9180 = DIRECTION('',(0.989329961345,1.098376902036E-16,0.145692235845)
  );
#9181 = DIRECTION('',(0.145692235845,1.617508747447E-17,-0.989329961345)
  );
#9182 = ADVANCED_FACE('',(#9183),#9194,.T.);
#9183 = FACE_BOUND('',#9184,.T.);
#9184 = EDGE_LOOP('',(#9185,#9186,#9187,#9188));
#9185 = ORIENTED_EDGE('',*,*,#6573,.T.);
#9186 = ORIENTED_EDGE('',*,*,#8014,.T.);
#9187 = ORIENTED_EDGE('',*,*,#6682,.F.);
#9188 = ORIENTED_EDGE('',*,*,#9189,.F.);
#9189 = EDGE_CURVE('',#6566,#6675,#9190,.T.);
#9190 = LINE('',#9191,#9192);
#9191 = CARTESIAN_POINT('',(2.646201938253,1.43,0.418412044417));
#9192 = VECTOR('',#9193,1.);
#9193 = DIRECTION('',(1.110223024625E-16,-1.,0.));
#9194 = CYLINDRICAL_SURFACE('',#9195,0.25);
#9195 = AXIS2_PLACEMENT_3D('',#9196,#9197,#9198);
#9196 = CARTESIAN_POINT('',(2.4,1.43,0.375));
#9197 = DIRECTION('',(-1.110223024625E-16,1.,0.));
#9198 = DIRECTION('',(0.984807753012,1.093356242223E-16,0.173648177667)
  );
#9199 = ADVANCED_FACE('',(#9200),#9211,.F.);
#9200 = FACE_BOUND('',#9201,.F.);
#9201 = EDGE_LOOP('',(#9202,#9208,#9209,#9210));
#9202 = ORIENTED_EDGE('',*,*,#9203,.T.);
#9203 = EDGE_CURVE('',#6557,#6666,#9204,.T.);
#9204 = LINE('',#9205,#9206);
#9205 = CARTESIAN_POINT('',(2.673560097287,1.43,0.232635182233));
#9206 = VECTOR('',#9207,1.);
#9207 = DIRECTION('',(1.110223024625E-16,-1.,0.));
#9208 = ORIENTED_EDGE('',*,*,#6674,.T.);
#9209 = ORIENTED_EDGE('',*,*,#9189,.F.);
#9210 = ORIENTED_EDGE('',*,*,#6565,.F.);
#9211 = PLANE('',#9212);
#9212 = AXIS2_PLACEMENT_3D('',#9213,#9214,#9215);
#9213 = CARTESIAN_POINT('',(2.673560097287,1.43,0.232635182233));
#9214 = DIRECTION('',(-0.989329961345,-1.098376902036E-16,
    -0.145692235845));
#9215 = DIRECTION('',(-0.145692235845,-1.617508747447E-17,0.989329961345
    ));
#9216 = ADVANCED_FACE('',(#9217),#9228,.F.);
#9217 = FACE_BOUND('',#9218,.F.);
#9218 = EDGE_LOOP('',(#9219,#9225,#9226,#9227));
#9219 = ORIENTED_EDGE('',*,*,#9220,.T.);
#9220 = EDGE_CURVE('',#6549,#6658,#9221,.T.);
#9221 = LINE('',#9222,#9223);
#9222 = CARTESIAN_POINT('',(2.772040872589,1.43,0.15));
#9223 = VECTOR('',#9224,1.);
#9224 = DIRECTION('',(1.110223024625E-16,-1.,0.));
#9225 = ORIENTED_EDGE('',*,*,#6665,.T.);
#9226 = ORIENTED_EDGE('',*,*,#9203,.F.);
#9227 = ORIENTED_EDGE('',*,*,#6556,.F.);
#9228 = CYLINDRICAL_SURFACE('',#9229,0.1);
#9229 = AXIS2_PLACEMENT_3D('',#9230,#9231,#9232);
#9230 = CARTESIAN_POINT('',(2.772040872589,1.43,0.25));
#9231 = DIRECTION('',(-1.110223024625E-16,1.,0.));
#9232 = DIRECTION('',(0.,0.,-1.));
#9233 = ADVANCED_FACE('',(#9234),#9245,.F.);
#9234 = FACE_BOUND('',#9235,.F.);
#9235 = EDGE_LOOP('',(#9236,#9242,#9243,#9244));
#9236 = ORIENTED_EDGE('',*,*,#9237,.T.);
#9237 = EDGE_CURVE('',#6541,#6650,#9238,.T.);
#9238 = LINE('',#9239,#9240);
#9239 = CARTESIAN_POINT('',(3.2,1.43,0.15));
#9240 = VECTOR('',#9241,1.);
#9241 = DIRECTION('',(1.110223024625E-16,-1.,0.));
#9242 = ORIENTED_EDGE('',*,*,#6657,.T.);
#9243 = ORIENTED_EDGE('',*,*,#9220,.F.);
#9244 = ORIENTED_EDGE('',*,*,#6548,.F.);
#9245 = PLANE('',#9246);
#9246 = AXIS2_PLACEMENT_3D('',#9247,#9248,#9249);
#9247 = CARTESIAN_POINT('',(3.2,1.43,0.15));
#9248 = DIRECTION('',(0.,0.,-1.));
#9249 = DIRECTION('',(-1.,-1.110223024625E-16,-0.));
#9250 = ADVANCED_FACE('',(#9251),#9262,.F.);
#9251 = FACE_BOUND('',#9252,.F.);
#9252 = EDGE_LOOP('',(#9253,#9259,#9260,#9261));
#9253 = ORIENTED_EDGE('',*,*,#9254,.T.);
#9254 = EDGE_CURVE('',#6533,#6642,#9255,.T.);
#9255 = LINE('',#9256,#9257);
#9256 = CARTESIAN_POINT('',(3.2,1.43,-5.551115123126E-17));
#9257 = VECTOR('',#9258,1.);
#9258 = DIRECTION('',(1.110223024625E-16,-1.,0.));
#9259 = ORIENTED_EDGE('',*,*,#6649,.T.);
#9260 = ORIENTED_EDGE('',*,*,#9237,.F.);
#9261 = ORIENTED_EDGE('',*,*,#6540,.F.);
#9262 = PLANE('',#9263);
#9263 = AXIS2_PLACEMENT_3D('',#9264,#9265,#9266);
#9264 = CARTESIAN_POINT('',(3.2,1.43,-5.551115123126E-17));
#9265 = DIRECTION('',(-1.,-1.110223024625E-16,0.));
#9266 = DIRECTION('',(0.,0.,1.));
#9267 = ADVANCED_FACE('',(#9268),#9279,.F.);
#9268 = FACE_BOUND('',#9269,.F.);
#9269 = EDGE_LOOP('',(#9270,#9276,#9277,#9278));
#9270 = ORIENTED_EDGE('',*,*,#9271,.T.);
#9271 = EDGE_CURVE('',#6524,#6633,#9272,.T.);
#9272 = LINE('',#9273,#9274);
#9273 = CARTESIAN_POINT('',(2.772040872589,1.43,-5.551115123126E-17));
#9274 = VECTOR('',#9275,1.);
#9275 = DIRECTION('',(1.110223024625E-16,-1.,0.));
#9276 = ORIENTED_EDGE('',*,*,#6641,.T.);
#9277 = ORIENTED_EDGE('',*,*,#9254,.F.);
#9278 = ORIENTED_EDGE('',*,*,#6532,.F.);
#9279 = PLANE('',#9280);
#9280 = AXIS2_PLACEMENT_3D('',#9281,#9282,#9283);
#9281 = CARTESIAN_POINT('',(2.772040872589,1.43,-5.551115123126E-17));
#9282 = DIRECTION('',(0.,0.,1.));
#9283 = DIRECTION('',(1.,1.110223024625E-16,-0.));
#9284 = ADVANCED_FACE('',(#9285),#9296,.T.);
#9285 = FACE_BOUND('',#9286,.T.);
#9286 = EDGE_LOOP('',(#9287,#9288,#9289,#9290));
#9287 = ORIENTED_EDGE('',*,*,#6523,.T.);
#9288 = ORIENTED_EDGE('',*,*,#9271,.T.);
#9289 = ORIENTED_EDGE('',*,*,#6632,.F.);
#9290 = ORIENTED_EDGE('',*,*,#9291,.F.);
#9291 = EDGE_CURVE('',#6516,#6625,#9292,.T.);
#9292 = LINE('',#9293,#9294);
#9293 = CARTESIAN_POINT('',(2.525838934336,1.43,0.206587955583));
#9294 = VECTOR('',#9295,1.);
#9295 = DIRECTION('',(1.110223024625E-16,-1.,0.));
#9296 = CYLINDRICAL_SURFACE('',#9297,0.25);
#9297 = AXIS2_PLACEMENT_3D('',#9298,#9299,#9300);
#9298 = CARTESIAN_POINT('',(2.772040872589,1.43,0.25));
#9299 = DIRECTION('',(-1.110223024625E-16,1.,0.));
#9300 = DIRECTION('',(-0.984807753012,-1.093356242223E-16,
    -0.173648177667));
#9301 = ADVANCED_FACE('',(#9302),#9308,.F.);
#9302 = FACE_BOUND('',#9303,.F.);
#9303 = EDGE_LOOP('',(#9304,#9305,#9306,#9307));
#9304 = ORIENTED_EDGE('',*,*,#6606,.T.);
#9305 = ORIENTED_EDGE('',*,*,#6624,.T.);
#9306 = ORIENTED_EDGE('',*,*,#9291,.F.);
#9307 = ORIENTED_EDGE('',*,*,#6515,.F.);
#9308 = PLANE('',#9309);
#9309 = AXIS2_PLACEMENT_3D('',#9310,#9311,#9312);
#9310 = CARTESIAN_POINT('',(2.498480775301,1.43,0.392364817767));
#9311 = DIRECTION('',(0.989329961345,1.098376902036E-16,0.145692235845)
  );
#9312 = DIRECTION('',(0.145692235845,1.617508747447E-17,-0.989329961345)
  );
#9313 = ADVANCED_FACE('',(#9314),#9325,.T.);
#9314 = FACE_BOUND('',#9315,.T.);
#9315 = EDGE_LOOP('',(#9316,#9317,#9318,#9319));
#9316 = ORIENTED_EDGE('',*,*,#6796,.T.);
#9317 = ORIENTED_EDGE('',*,*,#8033,.T.);
#9318 = ORIENTED_EDGE('',*,*,#6905,.F.);
#9319 = ORIENTED_EDGE('',*,*,#9320,.F.);
#9320 = EDGE_CURVE('',#6789,#6898,#9321,.T.);
#9321 = LINE('',#9322,#9323);
#9322 = CARTESIAN_POINT('',(2.646201938253,0.78,0.418412044417));
#9323 = VECTOR('',#9324,1.);
#9324 = DIRECTION('',(1.110223024625E-16,-1.,0.));
#9325 = CYLINDRICAL_SURFACE('',#9326,0.25);
#9326 = AXIS2_PLACEMENT_3D('',#9327,#9328,#9329);
#9327 = CARTESIAN_POINT('',(2.4,0.78,0.375));
#9328 = DIRECTION('',(-1.110223024625E-16,1.,0.));
#9329 = DIRECTION('',(0.984807753012,1.093356242223E-16,0.173648177667)
  );
#9330 = ADVANCED_FACE('',(#9331),#9342,.F.);
#9331 = FACE_BOUND('',#9332,.F.);
#9332 = EDGE_LOOP('',(#9333,#9339,#9340,#9341));
#9333 = ORIENTED_EDGE('',*,*,#9334,.T.);
#9334 = EDGE_CURVE('',#6780,#6889,#9335,.T.);
#9335 = LINE('',#9336,#9337);
#9336 = CARTESIAN_POINT('',(2.673560097287,0.78,0.232635182233));
#9337 = VECTOR('',#9338,1.);
#9338 = DIRECTION('',(1.110223024625E-16,-1.,0.));
#9339 = ORIENTED_EDGE('',*,*,#6897,.T.);
#9340 = ORIENTED_EDGE('',*,*,#9320,.F.);
#9341 = ORIENTED_EDGE('',*,*,#6788,.F.);
#9342 = PLANE('',#9343);
#9343 = AXIS2_PLACEMENT_3D('',#9344,#9345,#9346);
#9344 = CARTESIAN_POINT('',(2.673560097287,0.78,0.232635182233));
#9345 = DIRECTION('',(-0.989329961345,-1.098376902036E-16,
    -0.145692235845));
#9346 = DIRECTION('',(-0.145692235845,-1.617508747447E-17,0.989329961345
    ));
#9347 = ADVANCED_FACE('',(#9348),#9359,.F.);
#9348 = FACE_BOUND('',#9349,.F.);
#9349 = EDGE_LOOP('',(#9350,#9356,#9357,#9358));
#9350 = ORIENTED_EDGE('',*,*,#9351,.T.);
#9351 = EDGE_CURVE('',#6772,#6881,#9352,.T.);
#9352 = LINE('',#9353,#9354);
#9353 = CARTESIAN_POINT('',(2.772040872589,0.78,0.15));
#9354 = VECTOR('',#9355,1.);
#9355 = DIRECTION('',(1.110223024625E-16,-1.,0.));
#9356 = ORIENTED_EDGE('',*,*,#6888,.T.);
#9357 = ORIENTED_EDGE('',*,*,#9334,.F.);
#9358 = ORIENTED_EDGE('',*,*,#6779,.F.);
#9359 = CYLINDRICAL_SURFACE('',#9360,0.1);
#9360 = AXIS2_PLACEMENT_3D('',#9361,#9362,#9363);
#9361 = CARTESIAN_POINT('',(2.772040872589,0.78,0.25));
#9362 = DIRECTION('',(-1.110223024625E-16,1.,0.));
#9363 = DIRECTION('',(0.,0.,-1.));
#9364 = ADVANCED_FACE('',(#9365),#9376,.F.);
#9365 = FACE_BOUND('',#9366,.F.);
#9366 = EDGE_LOOP('',(#9367,#9373,#9374,#9375));
#9367 = ORIENTED_EDGE('',*,*,#9368,.T.);
#9368 = EDGE_CURVE('',#6764,#6873,#9369,.T.);
#9369 = LINE('',#9370,#9371);
#9370 = CARTESIAN_POINT('',(3.2,0.78,0.15));
#9371 = VECTOR('',#9372,1.);
#9372 = DIRECTION('',(1.110223024625E-16,-1.,0.));
#9373 = ORIENTED_EDGE('',*,*,#6880,.T.);
#9374 = ORIENTED_EDGE('',*,*,#9351,.F.);
#9375 = ORIENTED_EDGE('',*,*,#6771,.F.);
#9376 = PLANE('',#9377);
#9377 = AXIS2_PLACEMENT_3D('',#9378,#9379,#9380);
#9378 = CARTESIAN_POINT('',(3.2,0.78,0.15));
#9379 = DIRECTION('',(0.,0.,-1.));
#9380 = DIRECTION('',(-1.,-1.110223024625E-16,-0.));
#9381 = ADVANCED_FACE('',(#9382),#9393,.F.);
#9382 = FACE_BOUND('',#9383,.F.);
#9383 = EDGE_LOOP('',(#9384,#9390,#9391,#9392));
#9384 = ORIENTED_EDGE('',*,*,#9385,.T.);
#9385 = EDGE_CURVE('',#6756,#6865,#9386,.T.);
#9386 = LINE('',#9387,#9388);
#9387 = CARTESIAN_POINT('',(3.2,0.78,-5.551115123126E-17));
#9388 = VECTOR('',#9389,1.);
#9389 = DIRECTION('',(1.110223024625E-16,-1.,0.));
#9390 = ORIENTED_EDGE('',*,*,#6872,.T.);
#9391 = ORIENTED_EDGE('',*,*,#9368,.F.);
#9392 = ORIENTED_EDGE('',*,*,#6763,.F.);
#9393 = PLANE('',#9394);
#9394 = AXIS2_PLACEMENT_3D('',#9395,#9396,#9397);
#9395 = CARTESIAN_POINT('',(3.2,0.78,-5.551115123126E-17));
#9396 = DIRECTION('',(-1.,-1.110223024625E-16,0.));
#9397 = DIRECTION('',(0.,0.,1.));
#9398 = ADVANCED_FACE('',(#9399),#9410,.F.);
#9399 = FACE_BOUND('',#9400,.F.);
#9400 = EDGE_LOOP('',(#9401,#9407,#9408,#9409));
#9401 = ORIENTED_EDGE('',*,*,#9402,.T.);
#9402 = EDGE_CURVE('',#6747,#6856,#9403,.T.);
#9403 = LINE('',#9404,#9405);
#9404 = CARTESIAN_POINT('',(2.772040872589,0.78,-5.551115123126E-17));
#9405 = VECTOR('',#9406,1.);
#9406 = DIRECTION('',(1.110223024625E-16,-1.,0.));
#9407 = ORIENTED_EDGE('',*,*,#6864,.T.);
#9408 = ORIENTED_EDGE('',*,*,#9385,.F.);
#9409 = ORIENTED_EDGE('',*,*,#6755,.F.);
#9410 = PLANE('',#9411);
#9411 = AXIS2_PLACEMENT_3D('',#9412,#9413,#9414);
#9412 = CARTESIAN_POINT('',(2.772040872589,0.78,-5.551115123126E-17));
#9413 = DIRECTION('',(0.,0.,1.));
#9414 = DIRECTION('',(1.,1.110223024625E-16,-0.));
#9415 = ADVANCED_FACE('',(#9416),#9427,.T.);
#9416 = FACE_BOUND('',#9417,.T.);
#9417 = EDGE_LOOP('',(#9418,#9419,#9420,#9421));
#9418 = ORIENTED_EDGE('',*,*,#6746,.T.);
#9419 = ORIENTED_EDGE('',*,*,#9402,.T.);
#9420 = ORIENTED_EDGE('',*,*,#6855,.F.);
#9421 = ORIENTED_EDGE('',*,*,#9422,.F.);
#9422 = EDGE_CURVE('',#6739,#6848,#9423,.T.);
#9423 = LINE('',#9424,#9425);
#9424 = CARTESIAN_POINT('',(2.525838934336,0.78,0.206587955583));
#9425 = VECTOR('',#9426,1.);
#9426 = DIRECTION('',(1.110223024625E-16,-1.,0.));
#9427 = CYLINDRICAL_SURFACE('',#9428,0.25);
#9428 = AXIS2_PLACEMENT_3D('',#9429,#9430,#9431);
#9429 = CARTESIAN_POINT('',(2.772040872589,0.78,0.25));
#9430 = DIRECTION('',(-1.110223024625E-16,1.,0.));
#9431 = DIRECTION('',(-0.984807753012,-1.093356242223E-16,
    -0.173648177667));
#9432 = ADVANCED_FACE('',(#9433),#9439,.F.);
#9433 = FACE_BOUND('',#9434,.F.);
#9434 = EDGE_LOOP('',(#9435,#9436,#9437,#9438));
#9435 = ORIENTED_EDGE('',*,*,#6829,.T.);
#9436 = ORIENTED_EDGE('',*,*,#6847,.T.);
#9437 = ORIENTED_EDGE('',*,*,#9422,.F.);
#9438 = ORIENTED_EDGE('',*,*,#6738,.F.);
#9439 = PLANE('',#9440);
#9440 = AXIS2_PLACEMENT_3D('',#9441,#9442,#9443);
#9441 = CARTESIAN_POINT('',(2.498480775301,0.78,0.392364817767));
#9442 = DIRECTION('',(0.989329961345,1.098376902036E-16,0.145692235845)
  );
#9443 = DIRECTION('',(0.145692235845,1.617508747447E-17,-0.989329961345)
  );
#9444 = ADVANCED_FACE('',(#9445),#9456,.T.);
#9445 = FACE_BOUND('',#9446,.T.);
#9446 = EDGE_LOOP('',(#9447,#9448,#9449,#9450));
#9447 = ORIENTED_EDGE('',*,*,#7019,.T.);
#9448 = ORIENTED_EDGE('',*,*,#8052,.T.);
#9449 = ORIENTED_EDGE('',*,*,#7128,.F.);
#9450 = ORIENTED_EDGE('',*,*,#9451,.F.);
#9451 = EDGE_CURVE('',#7012,#7121,#9452,.T.);
#9452 = LINE('',#9453,#9454);
#9453 = CARTESIAN_POINT('',(2.646201938253,0.13,0.418412044417));
#9454 = VECTOR('',#9455,1.);
#9455 = DIRECTION('',(1.110223024625E-16,-1.,0.));
#9456 = CYLINDRICAL_SURFACE('',#9457,0.25);
#9457 = AXIS2_PLACEMENT_3D('',#9458,#9459,#9460);
#9458 = CARTESIAN_POINT('',(2.4,0.13,0.375));
#9459 = DIRECTION('',(-1.110223024625E-16,1.,0.));
#9460 = DIRECTION('',(0.984807753012,1.093356242223E-16,0.173648177667)
  );
#9461 = ADVANCED_FACE('',(#9462),#9473,.F.);
#9462 = FACE_BOUND('',#9463,.F.);
#9463 = EDGE_LOOP('',(#9464,#9470,#9471,#9472));
#9464 = ORIENTED_EDGE('',*,*,#9465,.T.);
#9465 = EDGE_CURVE('',#7003,#7112,#9466,.T.);
#9466 = LINE('',#9467,#9468);
#9467 = CARTESIAN_POINT('',(2.673560097287,0.13,0.232635182233));
#9468 = VECTOR('',#9469,1.);
#9469 = DIRECTION('',(1.110223024625E-16,-1.,0.));
#9470 = ORIENTED_EDGE('',*,*,#7120,.T.);
#9471 = ORIENTED_EDGE('',*,*,#9451,.F.);
#9472 = ORIENTED_EDGE('',*,*,#7011,.F.);
#9473 = PLANE('',#9474);
#9474 = AXIS2_PLACEMENT_3D('',#9475,#9476,#9477);
#9475 = CARTESIAN_POINT('',(2.673560097287,0.13,0.232635182233));
#9476 = DIRECTION('',(-0.989329961345,-1.098376902036E-16,
    -0.145692235845));
#9477 = DIRECTION('',(-0.145692235845,-1.617508747447E-17,0.989329961345
    ));
#9478 = ADVANCED_FACE('',(#9479),#9490,.F.);
#9479 = FACE_BOUND('',#9480,.F.);
#9480 = EDGE_LOOP('',(#9481,#9487,#9488,#9489));
#9481 = ORIENTED_EDGE('',*,*,#9482,.T.);
#9482 = EDGE_CURVE('',#6995,#7104,#9483,.T.);
#9483 = LINE('',#9484,#9485);
#9484 = CARTESIAN_POINT('',(2.772040872589,0.13,0.15));
#9485 = VECTOR('',#9486,1.);
#9486 = DIRECTION('',(1.110223024625E-16,-1.,0.));
#9487 = ORIENTED_EDGE('',*,*,#7111,.T.);
#9488 = ORIENTED_EDGE('',*,*,#9465,.F.);
#9489 = ORIENTED_EDGE('',*,*,#7002,.F.);
#9490 = CYLINDRICAL_SURFACE('',#9491,0.1);
#9491 = AXIS2_PLACEMENT_3D('',#9492,#9493,#9494);
#9492 = CARTESIAN_POINT('',(2.772040872589,0.13,0.25));
#9493 = DIRECTION('',(-1.110223024625E-16,1.,0.));
#9494 = DIRECTION('',(0.,0.,-1.));
#9495 = ADVANCED_FACE('',(#9496),#9507,.F.);
#9496 = FACE_BOUND('',#9497,.F.);
#9497 = EDGE_LOOP('',(#9498,#9504,#9505,#9506));
#9498 = ORIENTED_EDGE('',*,*,#9499,.T.);
#9499 = EDGE_CURVE('',#6987,#7096,#9500,.T.);
#9500 = LINE('',#9501,#9502);
#9501 = CARTESIAN_POINT('',(3.2,0.13,0.15));
#9502 = VECTOR('',#9503,1.);
#9503 = DIRECTION('',(1.110223024625E-16,-1.,0.));
#9504 = ORIENTED_EDGE('',*,*,#7103,.T.);
#9505 = ORIENTED_EDGE('',*,*,#9482,.F.);
#9506 = ORIENTED_EDGE('',*,*,#6994,.F.);
#9507 = PLANE('',#9508);
#9508 = AXIS2_PLACEMENT_3D('',#9509,#9510,#9511);
#9509 = CARTESIAN_POINT('',(3.2,0.13,0.15));
#9510 = DIRECTION('',(0.,0.,-1.));
#9511 = DIRECTION('',(-1.,-1.110223024625E-16,-0.));
#9512 = ADVANCED_FACE('',(#9513),#9524,.F.);
#9513 = FACE_BOUND('',#9514,.F.);
#9514 = EDGE_LOOP('',(#9515,#9521,#9522,#9523));
#9515 = ORIENTED_EDGE('',*,*,#9516,.T.);
#9516 = EDGE_CURVE('',#6979,#7088,#9517,.T.);
#9517 = LINE('',#9518,#9519);
#9518 = CARTESIAN_POINT('',(3.2,0.13,-5.551115123126E-17));
#9519 = VECTOR('',#9520,1.);
#9520 = DIRECTION('',(1.110223024625E-16,-1.,0.));
#9521 = ORIENTED_EDGE('',*,*,#7095,.T.);
#9522 = ORIENTED_EDGE('',*,*,#9499,.F.);
#9523 = ORIENTED_EDGE('',*,*,#6986,.F.);
#9524 = PLANE('',#9525);
#9525 = AXIS2_PLACEMENT_3D('',#9526,#9527,#9528);
#9526 = CARTESIAN_POINT('',(3.2,0.13,-5.551115123126E-17));
#9527 = DIRECTION('',(-1.,-1.110223024625E-16,0.));
#9528 = DIRECTION('',(0.,0.,1.));
#9529 = ADVANCED_FACE('',(#9530),#9541,.F.);
#9530 = FACE_BOUND('',#9531,.F.);
#9531 = EDGE_LOOP('',(#9532,#9538,#9539,#9540));
#9532 = ORIENTED_EDGE('',*,*,#9533,.T.);
#9533 = EDGE_CURVE('',#6970,#7079,#9534,.T.);
#9534 = LINE('',#9535,#9536);
#9535 = CARTESIAN_POINT('',(2.772040872589,0.13,-5.551115123126E-17));
#9536 = VECTOR('',#9537,1.);
#9537 = DIRECTION('',(1.110223024625E-16,-1.,0.));
#9538 = ORIENTED_EDGE('',*,*,#7087,.T.);
#9539 = ORIENTED_EDGE('',*,*,#9516,.F.);
#9540 = ORIENTED_EDGE('',*,*,#6978,.F.);
#9541 = PLANE('',#9542);
#9542 = AXIS2_PLACEMENT_3D('',#9543,#9544,#9545);
#9543 = CARTESIAN_POINT('',(2.772040872589,0.13,-5.551115123126E-17));
#9544 = DIRECTION('',(0.,0.,1.));
#9545 = DIRECTION('',(1.,1.110223024625E-16,-0.));
#9546 = ADVANCED_FACE('',(#9547),#9558,.T.);
#9547 = FACE_BOUND('',#9548,.T.);
#9548 = EDGE_LOOP('',(#9549,#9550,#9551,#9552));
#9549 = ORIENTED_EDGE('',*,*,#6969,.T.);
#9550 = ORIENTED_EDGE('',*,*,#9533,.T.);
#9551 = ORIENTED_EDGE('',*,*,#7078,.F.);
#9552 = ORIENTED_EDGE('',*,*,#9553,.F.);
#9553 = EDGE_CURVE('',#6962,#7071,#9554,.T.);
#9554 = LINE('',#9555,#9556);
#9555 = CARTESIAN_POINT('',(2.525838934336,0.13,0.206587955583));
#9556 = VECTOR('',#9557,1.);
#9557 = DIRECTION('',(1.110223024625E-16,-1.,0.));
#9558 = CYLINDRICAL_SURFACE('',#9559,0.25);
#9559 = AXIS2_PLACEMENT_3D('',#9560,#9561,#9562);
#9560 = CARTESIAN_POINT('',(2.772040872589,0.13,0.25));
#9561 = DIRECTION('',(-1.110223024625E-16,1.,0.));
#9562 = DIRECTION('',(-0.984807753012,-1.093356242223E-16,
    -0.173648177667));
#9563 = ADVANCED_FACE('',(#9564),#9570,.F.);
#9564 = FACE_BOUND('',#9565,.F.);
#9565 = EDGE_LOOP('',(#9566,#9567,#9568,#9569));
#9566 = ORIENTED_EDGE('',*,*,#7052,.T.);
#9567 = ORIENTED_EDGE('',*,*,#7070,.T.);
#9568 = ORIENTED_EDGE('',*,*,#9553,.F.);
#9569 = ORIENTED_EDGE('',*,*,#6961,.F.);
#9570 = PLANE('',#9571);
#9571 = AXIS2_PLACEMENT_3D('',#9572,#9573,#9574);
#9572 = CARTESIAN_POINT('',(2.498480775301,0.13,0.392364817767));
#9573 = DIRECTION('',(0.989329961345,1.098376902036E-16,0.145692235845)
  );
#9574 = DIRECTION('',(0.145692235845,1.617508747447E-17,-0.989329961345)
  );
#9575 = ADVANCED_FACE('',(#9576),#9587,.T.);
#9576 = FACE_BOUND('',#9577,.T.);
#9577 = EDGE_LOOP('',(#9578,#9579,#9580,#9581));
#9578 = ORIENTED_EDGE('',*,*,#7242,.T.);
#9579 = ORIENTED_EDGE('',*,*,#8071,.T.);
#9580 = ORIENTED_EDGE('',*,*,#7351,.F.);
#9581 = ORIENTED_EDGE('',*,*,#9582,.F.);
#9582 = EDGE_CURVE('',#7235,#7344,#9583,.T.);
#9583 = LINE('',#9584,#9585);
#9584 = CARTESIAN_POINT('',(2.646201938253,-0.52,0.418412044417));
#9585 = VECTOR('',#9586,1.);
#9586 = DIRECTION('',(1.110223024625E-16,-1.,0.));
#9587 = CYLINDRICAL_SURFACE('',#9588,0.25);
#9588 = AXIS2_PLACEMENT_3D('',#9589,#9590,#9591);
#9589 = CARTESIAN_POINT('',(2.4,-0.52,0.375));
#9590 = DIRECTION('',(-1.110223024625E-16,1.,0.));
#9591 = DIRECTION('',(0.984807753012,1.093356242223E-16,0.173648177667)
  );
#9592 = ADVANCED_FACE('',(#9593),#9604,.F.);
#9593 = FACE_BOUND('',#9594,.F.);
#9594 = EDGE_LOOP('',(#9595,#9601,#9602,#9603));
#9595 = ORIENTED_EDGE('',*,*,#9596,.T.);
#9596 = EDGE_CURVE('',#7226,#7335,#9597,.T.);
#9597 = LINE('',#9598,#9599);
#9598 = CARTESIAN_POINT('',(2.673560097287,-0.52,0.232635182233));
#9599 = VECTOR('',#9600,1.);
#9600 = DIRECTION('',(1.110223024625E-16,-1.,0.));
#9601 = ORIENTED_EDGE('',*,*,#7343,.T.);
#9602 = ORIENTED_EDGE('',*,*,#9582,.F.);
#9603 = ORIENTED_EDGE('',*,*,#7234,.F.);
#9604 = PLANE('',#9605);
#9605 = AXIS2_PLACEMENT_3D('',#9606,#9607,#9608);
#9606 = CARTESIAN_POINT('',(2.673560097287,-0.52,0.232635182233));
#9607 = DIRECTION('',(-0.989329961345,-1.098376902036E-16,
    -0.145692235845));
#9608 = DIRECTION('',(-0.145692235845,-1.617508747447E-17,0.989329961345
    ));
#9609 = ADVANCED_FACE('',(#9610),#9621,.F.);
#9610 = FACE_BOUND('',#9611,.F.);
#9611 = EDGE_LOOP('',(#9612,#9618,#9619,#9620));
#9612 = ORIENTED_EDGE('',*,*,#9613,.T.);
#9613 = EDGE_CURVE('',#7218,#7327,#9614,.T.);
#9614 = LINE('',#9615,#9616);
#9615 = CARTESIAN_POINT('',(2.772040872589,-0.52,0.15));
#9616 = VECTOR('',#9617,1.);
#9617 = DIRECTION('',(1.110223024625E-16,-1.,0.));
#9618 = ORIENTED_EDGE('',*,*,#7334,.T.);
#9619 = ORIENTED_EDGE('',*,*,#9596,.F.);
#9620 = ORIENTED_EDGE('',*,*,#7225,.F.);
#9621 = CYLINDRICAL_SURFACE('',#9622,0.1);
#9622 = AXIS2_PLACEMENT_3D('',#9623,#9624,#9625);
#9623 = CARTESIAN_POINT('',(2.772040872589,-0.52,0.25));
#9624 = DIRECTION('',(-1.110223024625E-16,1.,0.));
#9625 = DIRECTION('',(0.,0.,-1.));
#9626 = ADVANCED_FACE('',(#9627),#9638,.F.);
#9627 = FACE_BOUND('',#9628,.F.);
#9628 = EDGE_LOOP('',(#9629,#9635,#9636,#9637));
#9629 = ORIENTED_EDGE('',*,*,#9630,.T.);
#9630 = EDGE_CURVE('',#7210,#7319,#9631,.T.);
#9631 = LINE('',#9632,#9633);
#9632 = CARTESIAN_POINT('',(3.2,-0.52,0.15));
#9633 = VECTOR('',#9634,1.);
#9634 = DIRECTION('',(1.110223024625E-16,-1.,0.));
#9635 = ORIENTED_EDGE('',*,*,#7326,.T.);
#9636 = ORIENTED_EDGE('',*,*,#9613,.F.);
#9637 = ORIENTED_EDGE('',*,*,#7217,.F.);
#9638 = PLANE('',#9639);
#9639 = AXIS2_PLACEMENT_3D('',#9640,#9641,#9642);
#9640 = CARTESIAN_POINT('',(3.2,-0.52,0.15));
#9641 = DIRECTION('',(0.,0.,-1.));
#9642 = DIRECTION('',(-1.,-1.110223024625E-16,-0.));
#9643 = ADVANCED_FACE('',(#9644),#9655,.F.);
#9644 = FACE_BOUND('',#9645,.F.);
#9645 = EDGE_LOOP('',(#9646,#9652,#9653,#9654));
#9646 = ORIENTED_EDGE('',*,*,#9647,.T.);
#9647 = EDGE_CURVE('',#7202,#7311,#9648,.T.);
#9648 = LINE('',#9649,#9650);
#9649 = CARTESIAN_POINT('',(3.2,-0.52,-5.551115123126E-17));
#9650 = VECTOR('',#9651,1.);
#9651 = DIRECTION('',(1.110223024625E-16,-1.,0.));
#9652 = ORIENTED_EDGE('',*,*,#7318,.T.);
#9653 = ORIENTED_EDGE('',*,*,#9630,.F.);
#9654 = ORIENTED_EDGE('',*,*,#7209,.F.);
#9655 = PLANE('',#9656);
#9656 = AXIS2_PLACEMENT_3D('',#9657,#9658,#9659);
#9657 = CARTESIAN_POINT('',(3.2,-0.52,-5.551115123126E-17));
#9658 = DIRECTION('',(-1.,-1.110223024625E-16,0.));
#9659 = DIRECTION('',(0.,0.,1.));
#9660 = ADVANCED_FACE('',(#9661),#9672,.F.);
#9661 = FACE_BOUND('',#9662,.F.);
#9662 = EDGE_LOOP('',(#9663,#9669,#9670,#9671));
#9663 = ORIENTED_EDGE('',*,*,#9664,.T.);
#9664 = EDGE_CURVE('',#7193,#7302,#9665,.T.);
#9665 = LINE('',#9666,#9667);
#9666 = CARTESIAN_POINT('',(2.772040872589,-0.52,-5.551115123126E-17));
#9667 = VECTOR('',#9668,1.);
#9668 = DIRECTION('',(1.110223024625E-16,-1.,0.));
#9669 = ORIENTED_EDGE('',*,*,#7310,.T.);
#9670 = ORIENTED_EDGE('',*,*,#9647,.F.);
#9671 = ORIENTED_EDGE('',*,*,#7201,.F.);
#9672 = PLANE('',#9673);
#9673 = AXIS2_PLACEMENT_3D('',#9674,#9675,#9676);
#9674 = CARTESIAN_POINT('',(2.772040872589,-0.52,-5.551115123126E-17));
#9675 = DIRECTION('',(0.,0.,1.));
#9676 = DIRECTION('',(1.,1.110223024625E-16,-0.));
#9677 = ADVANCED_FACE('',(#9678),#9689,.T.);
#9678 = FACE_BOUND('',#9679,.T.);
#9679 = EDGE_LOOP('',(#9680,#9681,#9682,#9683));
#9680 = ORIENTED_EDGE('',*,*,#7192,.T.);
#9681 = ORIENTED_EDGE('',*,*,#9664,.T.);
#9682 = ORIENTED_EDGE('',*,*,#7301,.F.);
#9683 = ORIENTED_EDGE('',*,*,#9684,.F.);
#9684 = EDGE_CURVE('',#7185,#7294,#9685,.T.);
#9685 = LINE('',#9686,#9687);
#9686 = CARTESIAN_POINT('',(2.525838934336,-0.52,0.206587955583));
#9687 = VECTOR('',#9688,1.);
#9688 = DIRECTION('',(1.110223024625E-16,-1.,0.));
#9689 = CYLINDRICAL_SURFACE('',#9690,0.25);
#9690 = AXIS2_PLACEMENT_3D('',#9691,#9692,#9693);
#9691 = CARTESIAN_POINT('',(2.772040872589,-0.52,0.25));
#9692 = DIRECTION('',(-1.110223024625E-16,1.,0.));
#9693 = DIRECTION('',(-0.984807753012,-1.093356242223E-16,
    -0.173648177667));
#9694 = ADVANCED_FACE('',(#9695),#9701,.F.);
#9695 = FACE_BOUND('',#9696,.F.);
#9696 = EDGE_LOOP('',(#9697,#9698,#9699,#9700));
#9697 = ORIENTED_EDGE('',*,*,#7275,.T.);
#9698 = ORIENTED_EDGE('',*,*,#7293,.T.);
#9699 = ORIENTED_EDGE('',*,*,#9684,.F.);
#9700 = ORIENTED_EDGE('',*,*,#7184,.F.);
#9701 = PLANE('',#9702);
#9702 = AXIS2_PLACEMENT_3D('',#9703,#9704,#9705);
#9703 = CARTESIAN_POINT('',(2.498480775301,-0.52,0.392364817767));
#9704 = DIRECTION('',(0.989329961345,1.098376902036E-16,0.145692235845)
  );
#9705 = DIRECTION('',(0.145692235845,1.617508747447E-17,-0.989329961345)
  );
#9706 = ADVANCED_FACE('',(#9707),#9718,.T.);
#9707 = FACE_BOUND('',#9708,.T.);
#9708 = EDGE_LOOP('',(#9709,#9710,#9711,#9712));
#9709 = ORIENTED_EDGE('',*,*,#7465,.T.);
#9710 = ORIENTED_EDGE('',*,*,#8090,.T.);
#9711 = ORIENTED_EDGE('',*,*,#7574,.F.);
#9712 = ORIENTED_EDGE('',*,*,#9713,.F.);
#9713 = EDGE_CURVE('',#7458,#7567,#9714,.T.);
#9714 = LINE('',#9715,#9716);
#9715 = CARTESIAN_POINT('',(2.646201938253,-1.17,0.418412044417));
#9716 = VECTOR('',#9717,1.);
#9717 = DIRECTION('',(1.110223024625E-16,-1.,0.));
#9718 = CYLINDRICAL_SURFACE('',#9719,0.25);
#9719 = AXIS2_PLACEMENT_3D('',#9720,#9721,#9722);
#9720 = CARTESIAN_POINT('',(2.4,-1.17,0.375));
#9721 = DIRECTION('',(-1.110223024625E-16,1.,0.));
#9722 = DIRECTION('',(0.984807753012,1.093356242223E-16,0.173648177667)
  );
#9723 = ADVANCED_FACE('',(#9724),#9735,.F.);
#9724 = FACE_BOUND('',#9725,.F.);
#9725 = EDGE_LOOP('',(#9726,#9732,#9733,#9734));
#9726 = ORIENTED_EDGE('',*,*,#9727,.T.);
#9727 = EDGE_CURVE('',#7449,#7558,#9728,.T.);
#9728 = LINE('',#9729,#9730);
#9729 = CARTESIAN_POINT('',(2.673560097287,-1.17,0.232635182233));
#9730 = VECTOR('',#9731,1.);
#9731 = DIRECTION('',(1.110223024625E-16,-1.,0.));
#9732 = ORIENTED_EDGE('',*,*,#7566,.T.);
#9733 = ORIENTED_EDGE('',*,*,#9713,.F.);
#9734 = ORIENTED_EDGE('',*,*,#7457,.F.);
#9735 = PLANE('',#9736);
#9736 = AXIS2_PLACEMENT_3D('',#9737,#9738,#9739);
#9737 = CARTESIAN_POINT('',(2.673560097287,-1.17,0.232635182233));
#9738 = DIRECTION('',(-0.989329961345,-1.098376902036E-16,
    -0.145692235845));
#9739 = DIRECTION('',(-0.145692235845,-1.617508747447E-17,0.989329961345
    ));
#9740 = ADVANCED_FACE('',(#9741),#9752,.F.);
#9741 = FACE_BOUND('',#9742,.F.);
#9742 = EDGE_LOOP('',(#9743,#9749,#9750,#9751));
#9743 = ORIENTED_EDGE('',*,*,#9744,.T.);
#9744 = EDGE_CURVE('',#7441,#7550,#9745,.T.);
#9745 = LINE('',#9746,#9747);
#9746 = CARTESIAN_POINT('',(2.772040872589,-1.17,0.15));
#9747 = VECTOR('',#9748,1.);
#9748 = DIRECTION('',(1.110223024625E-16,-1.,0.));
#9749 = ORIENTED_EDGE('',*,*,#7557,.T.);
#9750 = ORIENTED_EDGE('',*,*,#9727,.F.);
#9751 = ORIENTED_EDGE('',*,*,#7448,.F.);
#9752 = CYLINDRICAL_SURFACE('',#9753,0.1);
#9753 = AXIS2_PLACEMENT_3D('',#9754,#9755,#9756);
#9754 = CARTESIAN_POINT('',(2.772040872589,-1.17,0.25));
#9755 = DIRECTION('',(-1.110223024625E-16,1.,0.));
#9756 = DIRECTION('',(0.,0.,-1.));
#9757 = ADVANCED_FACE('',(#9758),#9769,.F.);
#9758 = FACE_BOUND('',#9759,.F.);
#9759 = EDGE_LOOP('',(#9760,#9766,#9767,#9768));
#9760 = ORIENTED_EDGE('',*,*,#9761,.T.);
#9761 = EDGE_CURVE('',#7433,#7542,#9762,.T.);
#9762 = LINE('',#9763,#9764);
#9763 = CARTESIAN_POINT('',(3.2,-1.17,0.15));
#9764 = VECTOR('',#9765,1.);
#9765 = DIRECTION('',(1.110223024625E-16,-1.,0.));
#9766 = ORIENTED_EDGE('',*,*,#7549,.T.);
#9767 = ORIENTED_EDGE('',*,*,#9744,.F.);
#9768 = ORIENTED_EDGE('',*,*,#7440,.F.);
#9769 = PLANE('',#9770);
#9770 = AXIS2_PLACEMENT_3D('',#9771,#9772,#9773);
#9771 = CARTESIAN_POINT('',(3.2,-1.17,0.15));
#9772 = DIRECTION('',(0.,0.,-1.));
#9773 = DIRECTION('',(-1.,-1.110223024625E-16,-0.));
#9774 = ADVANCED_FACE('',(#9775),#9786,.F.);
#9775 = FACE_BOUND('',#9776,.F.);
#9776 = EDGE_LOOP('',(#9777,#9783,#9784,#9785));
#9777 = ORIENTED_EDGE('',*,*,#9778,.T.);
#9778 = EDGE_CURVE('',#7425,#7534,#9779,.T.);
#9779 = LINE('',#9780,#9781);
#9780 = CARTESIAN_POINT('',(3.2,-1.17,-5.551115123126E-17));
#9781 = VECTOR('',#9782,1.);
#9782 = DIRECTION('',(1.110223024625E-16,-1.,0.));
#9783 = ORIENTED_EDGE('',*,*,#7541,.T.);
#9784 = ORIENTED_EDGE('',*,*,#9761,.F.);
#9785 = ORIENTED_EDGE('',*,*,#7432,.F.);
#9786 = PLANE('',#9787);
#9787 = AXIS2_PLACEMENT_3D('',#9788,#9789,#9790);
#9788 = CARTESIAN_POINT('',(3.2,-1.17,-5.551115123126E-17));
#9789 = DIRECTION('',(-1.,-1.110223024625E-16,0.));
#9790 = DIRECTION('',(0.,0.,1.));
#9791 = ADVANCED_FACE('',(#9792),#9803,.F.);
#9792 = FACE_BOUND('',#9793,.F.);
#9793 = EDGE_LOOP('',(#9794,#9800,#9801,#9802));
#9794 = ORIENTED_EDGE('',*,*,#9795,.T.);
#9795 = EDGE_CURVE('',#7416,#7525,#9796,.T.);
#9796 = LINE('',#9797,#9798);
#9797 = CARTESIAN_POINT('',(2.772040872589,-1.17,-5.551115123126E-17));
#9798 = VECTOR('',#9799,1.);
#9799 = DIRECTION('',(1.110223024625E-16,-1.,0.));
#9800 = ORIENTED_EDGE('',*,*,#7533,.T.);
#9801 = ORIENTED_EDGE('',*,*,#9778,.F.);
#9802 = ORIENTED_EDGE('',*,*,#7424,.F.);
#9803 = PLANE('',#9804);
#9804 = AXIS2_PLACEMENT_3D('',#9805,#9806,#9807);
#9805 = CARTESIAN_POINT('',(2.772040872589,-1.17,-5.551115123126E-17));
#9806 = DIRECTION('',(0.,0.,1.));
#9807 = DIRECTION('',(1.,1.110223024625E-16,-0.));
#9808 = ADVANCED_FACE('',(#9809),#9820,.T.);
#9809 = FACE_BOUND('',#9810,.T.);
#9810 = EDGE_LOOP('',(#9811,#9812,#9813,#9814));
#9811 = ORIENTED_EDGE('',*,*,#7415,.T.);
#9812 = ORIENTED_EDGE('',*,*,#9795,.T.);
#9813 = ORIENTED_EDGE('',*,*,#7524,.F.);
#9814 = ORIENTED_EDGE('',*,*,#9815,.F.);
#9815 = EDGE_CURVE('',#7408,#7517,#9816,.T.);
#9816 = LINE('',#9817,#9818);
#9817 = CARTESIAN_POINT('',(2.525838934336,-1.17,0.206587955583));
#9818 = VECTOR('',#9819,1.);
#9819 = DIRECTION('',(1.110223024625E-16,-1.,0.));
#9820 = CYLINDRICAL_SURFACE('',#9821,0.25);
#9821 = AXIS2_PLACEMENT_3D('',#9822,#9823,#9824);
#9822 = CARTESIAN_POINT('',(2.772040872589,-1.17,0.25));
#9823 = DIRECTION('',(-1.110223024625E-16,1.,0.));
#9824 = DIRECTION('',(-0.984807753012,-1.093356242223E-16,
    -0.173648177667));
#9825 = ADVANCED_FACE('',(#9826),#9832,.F.);
#9826 = FACE_BOUND('',#9827,.F.);
#9827 = EDGE_LOOP('',(#9828,#9829,#9830,#9831));
#9828 = ORIENTED_EDGE('',*,*,#7498,.T.);
#9829 = ORIENTED_EDGE('',*,*,#7516,.T.);
#9830 = ORIENTED_EDGE('',*,*,#9815,.F.);
#9831 = ORIENTED_EDGE('',*,*,#7407,.F.);
#9832 = PLANE('',#9833);
#9833 = AXIS2_PLACEMENT_3D('',#9834,#9835,#9836);
#9834 = CARTESIAN_POINT('',(2.498480775301,-1.17,0.392364817767));
#9835 = DIRECTION('',(0.989329961345,1.098376902036E-16,0.145692235845)
  );
#9836 = DIRECTION('',(0.145692235845,1.617508747447E-17,-0.989329961345)
  );
#9837 = ADVANCED_FACE('',(#9838),#9849,.T.);
#9838 = FACE_BOUND('',#9839,.T.);
#9839 = EDGE_LOOP('',(#9840,#9841,#9842,#9843));
#9840 = ORIENTED_EDGE('',*,*,#7688,.T.);
#9841 = ORIENTED_EDGE('',*,*,#8109,.T.);
#9842 = ORIENTED_EDGE('',*,*,#7797,.F.);
#9843 = ORIENTED_EDGE('',*,*,#9844,.F.);
#9844 = EDGE_CURVE('',#7681,#7790,#9845,.T.);
#9845 = LINE('',#9846,#9847);
#9846 = CARTESIAN_POINT('',(2.646201938253,-1.82,0.418412044417));
#9847 = VECTOR('',#9848,1.);
#9848 = DIRECTION('',(1.110223024625E-16,-1.,0.));
#9849 = CYLINDRICAL_SURFACE('',#9850,0.25);
#9850 = AXIS2_PLACEMENT_3D('',#9851,#9852,#9853);
#9851 = CARTESIAN_POINT('',(2.4,-1.82,0.375));
#9852 = DIRECTION('',(-1.110223024625E-16,1.,0.));
#9853 = DIRECTION('',(0.984807753012,1.093356242223E-16,0.173648177667)
  );
#9854 = ADVANCED_FACE('',(#9855),#9866,.F.);
#9855 = FACE_BOUND('',#9856,.F.);
#9856 = EDGE_LOOP('',(#9857,#9863,#9864,#9865));
#9857 = ORIENTED_EDGE('',*,*,#9858,.T.);
#9858 = EDGE_CURVE('',#7672,#7781,#9859,.T.);
#9859 = LINE('',#9860,#9861);
#9860 = CARTESIAN_POINT('',(2.673560097287,-1.82,0.232635182233));
#9861 = VECTOR('',#9862,1.);
#9862 = DIRECTION('',(1.110223024625E-16,-1.,0.));
#9863 = ORIENTED_EDGE('',*,*,#7789,.T.);
#9864 = ORIENTED_EDGE('',*,*,#9844,.F.);
#9865 = ORIENTED_EDGE('',*,*,#7680,.F.);
#9866 = PLANE('',#9867);
#9867 = AXIS2_PLACEMENT_3D('',#9868,#9869,#9870);
#9868 = CARTESIAN_POINT('',(2.673560097287,-1.82,0.232635182233));
#9869 = DIRECTION('',(-0.989329961345,-1.098376902036E-16,
    -0.145692235845));
#9870 = DIRECTION('',(-0.145692235845,-1.617508747447E-17,0.989329961345
    ));
#9871 = ADVANCED_FACE('',(#9872),#9883,.F.);
#9872 = FACE_BOUND('',#9873,.F.);
#9873 = EDGE_LOOP('',(#9874,#9880,#9881,#9882));
#9874 = ORIENTED_EDGE('',*,*,#9875,.T.);
#9875 = EDGE_CURVE('',#7664,#7773,#9876,.T.);
#9876 = LINE('',#9877,#9878);
#9877 = CARTESIAN_POINT('',(2.772040872589,-1.82,0.15));
#9878 = VECTOR('',#9879,1.);
#9879 = DIRECTION('',(1.110223024625E-16,-1.,0.));
#9880 = ORIENTED_EDGE('',*,*,#7780,.T.);
#9881 = ORIENTED_EDGE('',*,*,#9858,.F.);
#9882 = ORIENTED_EDGE('',*,*,#7671,.F.);
#9883 = CYLINDRICAL_SURFACE('',#9884,0.1);
#9884 = AXIS2_PLACEMENT_3D('',#9885,#9886,#9887);
#9885 = CARTESIAN_POINT('',(2.772040872589,-1.82,0.25));
#9886 = DIRECTION('',(-1.110223024625E-16,1.,0.));
#9887 = DIRECTION('',(0.,0.,-1.));
#9888 = ADVANCED_FACE('',(#9889),#9900,.F.);
#9889 = FACE_BOUND('',#9890,.F.);
#9890 = EDGE_LOOP('',(#9891,#9897,#9898,#9899));
#9891 = ORIENTED_EDGE('',*,*,#9892,.T.);
#9892 = EDGE_CURVE('',#7656,#7765,#9893,.T.);
#9893 = LINE('',#9894,#9895);
#9894 = CARTESIAN_POINT('',(3.2,-1.82,0.15));
#9895 = VECTOR('',#9896,1.);
#9896 = DIRECTION('',(1.110223024625E-16,-1.,0.));
#9897 = ORIENTED_EDGE('',*,*,#7772,.T.);
#9898 = ORIENTED_EDGE('',*,*,#9875,.F.);
#9899 = ORIENTED_EDGE('',*,*,#7663,.F.);
#9900 = PLANE('',#9901);
#9901 = AXIS2_PLACEMENT_3D('',#9902,#9903,#9904);
#9902 = CARTESIAN_POINT('',(3.2,-1.82,0.15));
#9903 = DIRECTION('',(0.,0.,-1.));
#9904 = DIRECTION('',(-1.,-1.110223024625E-16,-0.));
#9905 = ADVANCED_FACE('',(#9906),#9917,.F.);
#9906 = FACE_BOUND('',#9907,.F.);
#9907 = EDGE_LOOP('',(#9908,#9914,#9915,#9916));
#9908 = ORIENTED_EDGE('',*,*,#9909,.T.);
#9909 = EDGE_CURVE('',#7648,#7757,#9910,.T.);
#9910 = LINE('',#9911,#9912);
#9911 = CARTESIAN_POINT('',(3.2,-1.82,-5.551115123126E-17));
#9912 = VECTOR('',#9913,1.);
#9913 = DIRECTION('',(1.110223024625E-16,-1.,0.));
#9914 = ORIENTED_EDGE('',*,*,#7764,.T.);
#9915 = ORIENTED_EDGE('',*,*,#9892,.F.);
#9916 = ORIENTED_EDGE('',*,*,#7655,.F.);
#9917 = PLANE('',#9918);
#9918 = AXIS2_PLACEMENT_3D('',#9919,#9920,#9921);
#9919 = CARTESIAN_POINT('',(3.2,-1.82,-5.551115123126E-17));
#9920 = DIRECTION('',(-1.,-1.110223024625E-16,0.));
#9921 = DIRECTION('',(0.,0.,1.));
#9922 = ADVANCED_FACE('',(#9923),#9934,.F.);
#9923 = FACE_BOUND('',#9924,.F.);
#9924 = EDGE_LOOP('',(#9925,#9931,#9932,#9933));
#9925 = ORIENTED_EDGE('',*,*,#9926,.T.);
#9926 = EDGE_CURVE('',#7639,#7748,#9927,.T.);
#9927 = LINE('',#9928,#9929);
#9928 = CARTESIAN_POINT('',(2.772040872589,-1.82,-5.551115123126E-17));
#9929 = VECTOR('',#9930,1.);
#9930 = DIRECTION('',(1.110223024625E-16,-1.,0.));
#9931 = ORIENTED_EDGE('',*,*,#7756,.T.);
#9932 = ORIENTED_EDGE('',*,*,#9909,.F.);
#9933 = ORIENTED_EDGE('',*,*,#7647,.F.);
#9934 = PLANE('',#9935);
#9935 = AXIS2_PLACEMENT_3D('',#9936,#9937,#9938);
#9936 = CARTESIAN_POINT('',(2.772040872589,-1.82,-5.551115123126E-17));
#9937 = DIRECTION('',(0.,0.,1.));
#9938 = DIRECTION('',(1.,1.110223024625E-16,-0.));
#9939 = ADVANCED_FACE('',(#9940),#9951,.T.);
#9940 = FACE_BOUND('',#9941,.T.);
#9941 = EDGE_LOOP('',(#9942,#9943,#9944,#9945));
#9942 = ORIENTED_EDGE('',*,*,#7638,.T.);
#9943 = ORIENTED_EDGE('',*,*,#9926,.T.);
#9944 = ORIENTED_EDGE('',*,*,#7747,.F.);
#9945 = ORIENTED_EDGE('',*,*,#9946,.F.);
#9946 = EDGE_CURVE('',#7631,#7740,#9947,.T.);
#9947 = LINE('',#9948,#9949);
#9948 = CARTESIAN_POINT('',(2.525838934336,-1.82,0.206587955583));
#9949 = VECTOR('',#9950,1.);
#9950 = DIRECTION('',(1.110223024625E-16,-1.,0.));
#9951 = CYLINDRICAL_SURFACE('',#9952,0.25);
#9952 = AXIS2_PLACEMENT_3D('',#9953,#9954,#9955);
#9953 = CARTESIAN_POINT('',(2.772040872589,-1.82,0.25));
#9954 = DIRECTION('',(-1.110223024625E-16,1.,0.));
#9955 = DIRECTION('',(-0.984807753012,-1.093356242223E-16,
    -0.173648177667));
#9956 = ADVANCED_FACE('',(#9957),#9963,.F.);
#9957 = FACE_BOUND('',#9958,.F.);
#9958 = EDGE_LOOP('',(#9959,#9960,#9961,#9962));
#9959 = ORIENTED_EDGE('',*,*,#7721,.T.);
#9960 = ORIENTED_EDGE('',*,*,#7739,.T.);
#9961 = ORIENTED_EDGE('',*,*,#9946,.F.);
#9962 = ORIENTED_EDGE('',*,*,#7630,.F.);
#9963 = PLANE('',#9964);
#9964 = AXIS2_PLACEMENT_3D('',#9965,#9966,#9967);
#9965 = CARTESIAN_POINT('',(2.498480775301,-1.82,0.392364817767));
#9966 = DIRECTION('',(0.989329961345,1.098376902036E-16,0.145692235845)
  );
#9967 = DIRECTION('',(0.145692235845,1.617508747447E-17,-0.989329961345)
  );
#9968 = ADVANCED_FACE('',(#9969),#9972,.F.);
#9969 = FACE_BOUND('',#9970,.T.);
#9970 = EDGE_LOOP('',(#9971));
#9971 = ORIENTED_EDGE('',*,*,#7980,.F.);
#9972 = PLANE('',#9973);
#9973 = AXIS2_PLACEMENT_3D('',#9974,#9975,#9976);
#9974 = CARTESIAN_POINT('',(-1.370291289374,1.670291289374,1.));
#9975 = DIRECTION('',(0.,0.,-1.));
#9976 = DIRECTION('',(1.110223024625E-16,-1.,0.));
#9977 = ( GEOMETRIC_REPRESENTATION_CONTEXT(3) 
GLOBAL_UNCERTAINTY_ASSIGNED_CONTEXT((#9981)) 
GLOBAL_UNIT_ASSIGNED_CONTEXT((#9978,#9979,#9980)) REPRESENTATION_CONTEXT
('Context #1','3D Context with UNIT and UNCERTAINTY') );
#9978 = ( LENGTH_UNIT() NAMED_UNIT(*) SI_UNIT(.MILLI.,.METRE.) );
#9979 = ( NAMED_UNIT(*) PLANE_ANGLE_UNIT() SI_UNIT($,.RADIAN.) );
#9980 = ( NAMED_UNIT(*) SI_UNIT($,.STERADIAN.) SOLID_ANGLE_UNIT() );
#9981 = UNCERTAINTY_MEASURE_WITH_UNIT(LENGTH_MEASURE(1.E-07),#9978,
  'distance_accuracy_value','confusion accuracy');
#9982 = CONTEXT_DEPENDENT_SHAPE_REPRESENTATION(#9983,#9985);
#9983 = ( REPRESENTATION_RELATIONSHIP('','',#2704,#2681) 
REPRESENTATION_RELATIONSHIP_WITH_TRANSFORMATION(#9984) 
SHAPE_REPRESENTATION_RELATIONSHIP() );
#9984 = ITEM_DEFINED_TRANSFORMATION('','',#11,#2682);
#9985 = PRODUCT_DEFINITION_SHAPE('Placement','Placement of an item',
  #9986);
#9986 = NEXT_ASSEMBLY_USAGE_OCCURRENCE('8','=>[0:1:1:9]','',#2676,#2699,
  $);
#9987 = PRODUCT_RELATED_PRODUCT_CATEGORY('part',$,(#2701));
#9988 = SHAPE_DEFINITION_REPRESENTATION(#9989,#9995);
#9989 = PRODUCT_DEFINITION_SHAPE('','',#9990);
#9990 = PRODUCT_DEFINITION('design','',#9991,#9994);
#9991 = PRODUCT_DEFINITION_FORMATION('','',#9992);
#9992 = PRODUCT('PoseDoll_AS5048A_revC_mini_PCB',
  'PoseDoll_AS5048A_revC_mini_PCB','',(#9993));
#9993 = PRODUCT_CONTEXT('',#2,'mechanical');
#9994 = PRODUCT_DEFINITION_CONTEXT('part definition',#2,'design');
#9995 = ADVANCED_BREP_SHAPE_REPRESENTATION('',(#11,#9996),#10278);
#9996 = MANIFOLD_SOLID_BREP('',#9997);
#9997 = CLOSED_SHELL('',(#9998,#10038,#10069,#10100,#10131,#10162,#10193
    ,#10224,#10246,#10262));
#9998 = ADVANCED_FACE('',(#9999),#10033,.T.);
#9999 = FACE_BOUND('',#10000,.T.);
#10000 = EDGE_LOOP('',(#10001,#10011,#10019,#10027));
#10001 = ORIENTED_EDGE('',*,*,#10002,.T.);
#10002 = EDGE_CURVE('',#10003,#10005,#10007,.T.);
#10003 = VERTEX_POINT('',#10004);
#10004 = CARTESIAN_POINT('',(6.,4.,0.));
#10005 = VERTEX_POINT('',#10006);
#10006 = CARTESIAN_POINT('',(6.,4.,0.91));
#10007 = LINE('',#10008,#10009);
#10008 = CARTESIAN_POINT('',(6.,4.,0.));
#10009 = VECTOR('',#10010,1.);
#10010 = DIRECTION('',(0.,0.,1.));
#10011 = ORIENTED_EDGE('',*,*,#10012,.T.);
#10012 = EDGE_CURVE('',#10005,#10013,#10015,.T.);
#10013 = VERTEX_POINT('',#10014);
#10014 = CARTESIAN_POINT('',(6.,-4.,0.91));
#10015 = LINE('',#10016,#10017);
#10016 = CARTESIAN_POINT('',(6.,4.,0.91));
#10017 = VECTOR('',#10018,1.);
#10018 = DIRECTION('',(0.,-1.,0.));
#10019 = ORIENTED_EDGE('',*,*,#10020,.F.);
#10020 = EDGE_CURVE('',#10021,#10013,#10023,.T.);
#10021 = VERTEX_POINT('',#10022);
#10022 = CARTESIAN_POINT('',(6.,-4.,0.));
#10023 = LINE('',#10024,#10025);
#10024 = CARTESIAN_POINT('',(6.,-4.,0.));
#10025 = VECTOR('',#10026,1.);
#10026 = DIRECTION('',(0.,0.,1.));
#10027 = ORIENTED_EDGE('',*,*,#10028,.F.);
#10028 = EDGE_CURVE('',#10003,#10021,#10029,.T.);
#10029 = LINE('',#10030,#10031);
#10030 = CARTESIAN_POINT('',(6.,4.,0.));
#10031 = VECTOR('',#10032,1.);
#10032 = DIRECTION('',(0.,-1.,0.));
#10033 = PLANE('',#10034);
#10034 = AXIS2_PLACEMENT_3D('',#10035,#10036,#10037);
#10035 = CARTESIAN_POINT('',(6.,4.,0.));
#10036 = DIRECTION('',(1.,0.,-0.));
#10037 = DIRECTION('',(0.,-1.,0.));
#10038 = ADVANCED_FACE('',(#10039),#10064,.T.);
#10039 = FACE_BOUND('',#10040,.T.);
#10040 = EDGE_LOOP('',(#10041,#10042,#10050,#10058));
#10041 = ORIENTED_EDGE('',*,*,#10020,.T.);
#10042 = ORIENTED_EDGE('',*,*,#10043,.T.);
#10043 = EDGE_CURVE('',#10013,#10044,#10046,.T.);
#10044 = VERTEX_POINT('',#10045);
#10045 = CARTESIAN_POINT('',(5.,-5.,0.91));
#10046 = LINE('',#10047,#10048);
#10047 = CARTESIAN_POINT('',(6.,-4.,0.91));
#10048 = VECTOR('',#10049,1.);
#10049 = DIRECTION('',(-0.707106781187,-0.707106781187,0.));
#10050 = ORIENTED_EDGE('',*,*,#10051,.F.);
#10051 = EDGE_CURVE('',#10052,#10044,#10054,.T.);
#10052 = VERTEX_POINT('',#10053);
#10053 = CARTESIAN_POINT('',(5.,-5.,0.));
#10054 = LINE('',#10055,#10056);
#10055 = CARTESIAN_POINT('',(5.,-5.,0.));
#10056 = VECTOR('',#10057,1.);
#10057 = DIRECTION('',(0.,0.,1.));
#10058 = ORIENTED_EDGE('',*,*,#10059,.F.);
#10059 = EDGE_CURVE('',#10021,#10052,#10060,.T.);
#10060 = LINE('',#10061,#10062);
#10061 = CARTESIAN_POINT('',(6.,-4.,0.));
#10062 = VECTOR('',#10063,1.);
#10063 = DIRECTION('',(-0.707106781187,-0.707106781187,0.));
#10064 = PLANE('',#10065);
#10065 = AXIS2_PLACEMENT_3D('',#10066,#10067,#10068);
#10066 = CARTESIAN_POINT('',(6.,-4.,0.));
#10067 = DIRECTION('',(0.707106781187,-0.707106781187,0.));
#10068 = DIRECTION('',(-0.707106781187,-0.707106781187,0.));
#10069 = ADVANCED_FACE('',(#10070),#10095,.T.);
#10070 = FACE_BOUND('',#10071,.T.);
#10071 = EDGE_LOOP('',(#10072,#10073,#10081,#10089));
#10072 = ORIENTED_EDGE('',*,*,#10051,.T.);
#10073 = ORIENTED_EDGE('',*,*,#10074,.T.);
#10074 = EDGE_CURVE('',#10044,#10075,#10077,.T.);
#10075 = VERTEX_POINT('',#10076);
#10076 = CARTESIAN_POINT('',(-5.,-5.,0.91));
#10077 = LINE('',#10078,#10079);
#10078 = CARTESIAN_POINT('',(5.,-5.,0.91));
#10079 = VECTOR('',#10080,1.);
#10080 = DIRECTION('',(-1.,0.,0.));
#10081 = ORIENTED_EDGE('',*,*,#10082,.F.);
#10082 = EDGE_CURVE('',#10083,#10075,#10085,.T.);
#10083 = VERTEX_POINT('',#10084);
#10084 = CARTESIAN_POINT('',(-5.,-5.,0.));
#10085 = LINE('',#10086,#10087);
#10086 = CARTESIAN_POINT('',(-5.,-5.,0.));
#10087 = VECTOR('',#10088,1.);
#10088 = DIRECTION('',(0.,0.,1.));
#10089 = ORIENTED_EDGE('',*,*,#10090,.F.);
#10090 = EDGE_CURVE('',#10052,#10083,#10091,.T.);
#10091 = LINE('',#10092,#10093);
#10092 = CARTESIAN_POINT('',(5.,-5.,0.));
#10093 = VECTOR('',#10094,1.);
#10094 = DIRECTION('',(-1.,0.,0.));
#10095 = PLANE('',#10096);
#10096 = AXIS2_PLACEMENT_3D('',#10097,#10098,#10099);
#10097 = CARTESIAN_POINT('',(5.,-5.,0.));
#10098 = DIRECTION('',(0.,-1.,0.));
#10099 = DIRECTION('',(-1.,0.,0.));
#10100 = ADVANCED_FACE('',(#10101),#10126,.T.);
#10101 = FACE_BOUND('',#10102,.T.);
#10102 = EDGE_LOOP('',(#10103,#10104,#10112,#10120));
#10103 = ORIENTED_EDGE('',*,*,#10082,.T.);
#10104 = ORIENTED_EDGE('',*,*,#10105,.T.);
#10105 = EDGE_CURVE('',#10075,#10106,#10108,.T.);
#10106 = VERTEX_POINT('',#10107);
#10107 = CARTESIAN_POINT('',(-6.,-4.,0.91));
#10108 = LINE('',#10109,#10110);
#10109 = CARTESIAN_POINT('',(-5.,-5.,0.91));
#10110 = VECTOR('',#10111,1.);
#10111 = DIRECTION('',(-0.707106781187,0.707106781187,0.));
#10112 = ORIENTED_EDGE('',*,*,#10113,.F.);
#10113 = EDGE_CURVE('',#10114,#10106,#10116,.T.);
#10114 = VERTEX_POINT('',#10115);
#10115 = CARTESIAN_POINT('',(-6.,-4.,0.));
#10116 = LINE('',#10117,#10118);
#10117 = CARTESIAN_POINT('',(-6.,-4.,0.));
#10118 = VECTOR('',#10119,1.);
#10119 = DIRECTION('',(0.,0.,1.));
#10120 = ORIENTED_EDGE('',*,*,#10121,.F.);
#10121 = EDGE_CURVE('',#10083,#10114,#10122,.T.);
#10122 = LINE('',#10123,#10124);
#10123 = CARTESIAN_POINT('',(-5.,-5.,0.));
#10124 = VECTOR('',#10125,1.);
#10125 = DIRECTION('',(-0.707106781187,0.707106781187,0.));
#10126 = PLANE('',#10127);
#10127 = AXIS2_PLACEMENT_3D('',#10128,#10129,#10130);
#10128 = CARTESIAN_POINT('',(-5.,-5.,0.));
#10129 = DIRECTION('',(-0.707106781187,-0.707106781187,0.));
#10130 = DIRECTION('',(-0.707106781187,0.707106781187,0.));
#10131 = ADVANCED_FACE('',(#10132),#10157,.T.);
#10132 = FACE_BOUND('',#10133,.T.);
#10133 = EDGE_LOOP('',(#10134,#10135,#10143,#10151));
#10134 = ORIENTED_EDGE('',*,*,#10113,.T.);
#10135 = ORIENTED_EDGE('',*,*,#10136,.T.);
#10136 = EDGE_CURVE('',#10106,#10137,#10139,.T.);
#10137 = VERTEX_POINT('',#10138);
#10138 = CARTESIAN_POINT('',(-6.,4.,0.91));
#10139 = LINE('',#10140,#10141);
#10140 = CARTESIAN_POINT('',(-6.,-4.,0.91));
#10141 = VECTOR('',#10142,1.);
#10142 = DIRECTION('',(0.,1.,0.));
#10143 = ORIENTED_EDGE('',*,*,#10144,.F.);
#10144 = EDGE_CURVE('',#10145,#10137,#10147,.T.);
#10145 = VERTEX_POINT('',#10146);
#10146 = CARTESIAN_POINT('',(-6.,4.,0.));
#10147 = LINE('',#10148,#10149);
#10148 = CARTESIAN_POINT('',(-6.,4.,0.));
#10149 = VECTOR('',#10150,1.);
#10150 = DIRECTION('',(0.,0.,1.));
#10151 = ORIENTED_EDGE('',*,*,#10152,.F.);
#10152 = EDGE_CURVE('',#10114,#10145,#10153,.T.);
#10153 = LINE('',#10154,#10155);
#10154 = CARTESIAN_POINT('',(-6.,-4.,0.));
#10155 = VECTOR('',#10156,1.);
#10156 = DIRECTION('',(0.,1.,0.));
#10157 = PLANE('',#10158);
#10158 = AXIS2_PLACEMENT_3D('',#10159,#10160,#10161);
#10159 = CARTESIAN_POINT('',(-6.,-4.,0.));
#10160 = DIRECTION('',(-1.,0.,0.));
#10161 = DIRECTION('',(0.,1.,0.));
#10162 = ADVANCED_FACE('',(#10163),#10188,.T.);
#10163 = FACE_BOUND('',#10164,.T.);
#10164 = EDGE_LOOP('',(#10165,#10166,#10174,#10182));
#10165 = ORIENTED_EDGE('',*,*,#10144,.T.);
#10166 = ORIENTED_EDGE('',*,*,#10167,.T.);
#10167 = EDGE_CURVE('',#10137,#10168,#10170,.T.);
#10168 = VERTEX_POINT('',#10169);
#10169 = CARTESIAN_POINT('',(-5.,5.,0.91));
#10170 = LINE('',#10171,#10172);
#10171 = CARTESIAN_POINT('',(-6.,4.,0.91));
#10172 = VECTOR('',#10173,1.);
#10173 = DIRECTION('',(0.707106781187,0.707106781187,0.));
#10174 = ORIENTED_EDGE('',*,*,#10175,.F.);
#10175 = EDGE_CURVE('',#10176,#10168,#10178,.T.);
#10176 = VERTEX_POINT('',#10177);
#10177 = CARTESIAN_POINT('',(-5.,5.,0.));
#10178 = LINE('',#10179,#10180);
#10179 = CARTESIAN_POINT('',(-5.,5.,0.));
#10180 = VECTOR('',#10181,1.);
#10181 = DIRECTION('',(0.,0.,1.));
#10182 = ORIENTED_EDGE('',*,*,#10183,.F.);
#10183 = EDGE_CURVE('',#10145,#10176,#10184,.T.);
#10184 = LINE('',#10185,#10186);
#10185 = CARTESIAN_POINT('',(-6.,4.,0.));
#10186 = VECTOR('',#10187,1.);
#10187 = DIRECTION('',(0.707106781187,0.707106781187,0.));
#10188 = PLANE('',#10189);
#10189 = AXIS2_PLACEMENT_3D('',#10190,#10191,#10192);
#10190 = CARTESIAN_POINT('',(-6.,4.,0.));
#10191 = DIRECTION('',(-0.707106781187,0.707106781187,0.));
#10192 = DIRECTION('',(0.707106781187,0.707106781187,0.));
#10193 = ADVANCED_FACE('',(#10194),#10219,.T.);
#10194 = FACE_BOUND('',#10195,.T.);
#10195 = EDGE_LOOP('',(#10196,#10197,#10205,#10213));
#10196 = ORIENTED_EDGE('',*,*,#10175,.T.);
#10197 = ORIENTED_EDGE('',*,*,#10198,.T.);
#10198 = EDGE_CURVE('',#10168,#10199,#10201,.T.);
#10199 = VERTEX_POINT('',#10200);
#10200 = CARTESIAN_POINT('',(5.,5.,0.91));
#10201 = LINE('',#10202,#10203);
#10202 = CARTESIAN_POINT('',(-5.,5.,0.91));
#10203 = VECTOR('',#10204,1.);
#10204 = DIRECTION('',(1.,0.,0.));
#10205 = ORIENTED_EDGE('',*,*,#10206,.F.);
#10206 = EDGE_CURVE('',#10207,#10199,#10209,.T.);
#10207 = VERTEX_POINT('',#10208);
#10208 = CARTESIAN_POINT('',(5.,5.,0.));
#10209 = LINE('',#10210,#10211);
#10210 = CARTESIAN_POINT('',(5.,5.,0.));
#10211 = VECTOR('',#10212,1.);
#10212 = DIRECTION('',(0.,0.,1.));
#10213 = ORIENTED_EDGE('',*,*,#10214,.F.);
#10214 = EDGE_CURVE('',#10176,#10207,#10215,.T.);
#10215 = LINE('',#10216,#10217);
#10216 = CARTESIAN_POINT('',(-5.,5.,0.));
#10217 = VECTOR('',#10218,1.);
#10218 = DIRECTION('',(1.,0.,0.));
#10219 = PLANE('',#10220);
#10220 = AXIS2_PLACEMENT_3D('',#10221,#10222,#10223);
#10221 = CARTESIAN_POINT('',(-5.,5.,0.));
#10222 = DIRECTION('',(0.,1.,0.));
#10223 = DIRECTION('',(1.,0.,0.));
#10224 = ADVANCED_FACE('',(#10225),#10241,.T.);
#10225 = FACE_BOUND('',#10226,.T.);
#10226 = EDGE_LOOP('',(#10227,#10228,#10234,#10235));
#10227 = ORIENTED_EDGE('',*,*,#10206,.T.);
#10228 = ORIENTED_EDGE('',*,*,#10229,.T.);
#10229 = EDGE_CURVE('',#10199,#10005,#10230,.T.);
#10230 = LINE('',#10231,#10232);
#10231 = CARTESIAN_POINT('',(5.,5.,0.91));
#10232 = VECTOR('',#10233,1.);
#10233 = DIRECTION('',(0.707106781187,-0.707106781187,0.));
#10234 = ORIENTED_EDGE('',*,*,#10002,.F.);
#10235 = ORIENTED_EDGE('',*,*,#10236,.F.);
#10236 = EDGE_CURVE('',#10207,#10003,#10237,.T.);
#10237 = LINE('',#10238,#10239);
#10238 = CARTESIAN_POINT('',(5.,5.,0.));
#10239 = VECTOR('',#10240,1.);
#10240 = DIRECTION('',(0.707106781187,-0.707106781187,0.));
#10241 = PLANE('',#10242);
#10242 = AXIS2_PLACEMENT_3D('',#10243,#10244,#10245);
#10243 = CARTESIAN_POINT('',(5.,5.,0.));
#10244 = DIRECTION('',(0.707106781187,0.707106781187,-0.));
#10245 = DIRECTION('',(0.707106781187,-0.707106781187,0.));
#10246 = ADVANCED_FACE('',(#10247),#10257,.F.);
#10247 = FACE_BOUND('',#10248,.T.);
#10248 = EDGE_LOOP('',(#10249,#10250,#10251,#10252,#10253,#10254,#10255,
    #10256));
#10249 = ORIENTED_EDGE('',*,*,#10028,.T.);
#10250 = ORIENTED_EDGE('',*,*,#10059,.T.);
#10251 = ORIENTED_EDGE('',*,*,#10090,.T.);
#10252 = ORIENTED_EDGE('',*,*,#10121,.T.);
#10253 = ORIENTED_EDGE('',*,*,#10152,.T.);
#10254 = ORIENTED_EDGE('',*,*,#10183,.T.);
#10255 = ORIENTED_EDGE('',*,*,#10214,.T.);
#10256 = ORIENTED_EDGE('',*,*,#10236,.T.);
#10257 = PLANE('',#10258);
#10258 = AXIS2_PLACEMENT_3D('',#10259,#10260,#10261);
#10259 = CARTESIAN_POINT('',(0.,0.,0.));
#10260 = DIRECTION('',(0.,0.,1.));
#10261 = DIRECTION('',(1.,0.,-0.));
#10262 = ADVANCED_FACE('',(#10263),#10273,.T.);
#10263 = FACE_BOUND('',#10264,.F.);
#10264 = EDGE_LOOP('',(#10265,#10266,#10267,#10268,#10269,#10270,#10271,
    #10272));
#10265 = ORIENTED_EDGE('',*,*,#10012,.T.);
#10266 = ORIENTED_EDGE('',*,*,#10043,.T.);
#10267 = ORIENTED_EDGE('',*,*,#10074,.T.);
#10268 = ORIENTED_EDGE('',*,*,#10105,.T.);
#10269 = ORIENTED_EDGE('',*,*,#10136,.T.);
#10270 = ORIENTED_EDGE('',*,*,#10167,.T.);
#10271 = ORIENTED_EDGE('',*,*,#10198,.T.);
#10272 = ORIENTED_EDGE('',*,*,#10229,.T.);
#10273 = PLANE('',#10274);
#10274 = AXIS2_PLACEMENT_3D('',#10275,#10276,#10277);
#10275 = CARTESIAN_POINT('',(0.,0.,0.91));
#10276 = DIRECTION('',(0.,0.,1.));
#10277 = DIRECTION('',(1.,0.,-0.));
#10278 = ( GEOMETRIC_REPRESENTATION_CONTEXT(3) 
GLOBAL_UNCERTAINTY_ASSIGNED_CONTEXT((#10282)) 
GLOBAL_UNIT_ASSIGNED_CONTEXT((#10279,#10280,#10281)) 
REPRESENTATION_CONTEXT('Context #1',
  '3D Context with UNIT and UNCERTAINTY') );
#10279 = ( LENGTH_UNIT() NAMED_UNIT(*) SI_UNIT(.MILLI.,.METRE.) );
#10280 = ( NAMED_UNIT(*) PLANE_ANGLE_UNIT() SI_UNIT($,.RADIAN.) );
#10281 = ( NAMED_UNIT(*) SI_UNIT($,.STERADIAN.) SOLID_ANGLE_UNIT() );
#10282 = UNCERTAINTY_MEASURE_WITH_UNIT(LENGTH_MEASURE(1.E-07),#10279,
  'distance_accuracy_value','confusion accuracy');
#10283 = CONTEXT_DEPENDENT_SHAPE_REPRESENTATION(#10284,#10286);
#10284 = ( REPRESENTATION_RELATIONSHIP('','',#9995,#10) 
REPRESENTATION_RELATIONSHIP_WITH_TRANSFORMATION(#10285) 
SHAPE_REPRESENTATION_RELATIONSHIP() );
#10285 = ITEM_DEFINED_TRANSFORMATION('','',#11,#35);
#10286 = PRODUCT_DEFINITION_SHAPE('Placement','Placement of an item',
  #10287);
#10287 = NEXT_ASSEMBLY_USAGE_OCCURRENCE('10','=>[0:1:1:10]','',#5,#9990,
  $);
#10288 = PRODUCT_RELATED_PRODUCT_CATEGORY('part',$,(#9992));
#10289 = MECHANICAL_DESIGN_GEOMETRIC_PRESENTATION_REPRESENTATION('',(
    #10290,#10298,#10305,#10312,#10319,#10326,#10333,#10340,#10347,
    #10354,#10361,#10369,#10376,#10383,#10390,#10397,#10404,#10411,
    #10418,#10425,#10432,#10439,#10446,#10453,#10460,#10467,#10474,
    #10481),#2663);
#10290 = STYLED_ITEM('color',(#10291),#1811);
#10291 = PRESENTATION_STYLE_ASSIGNMENT((#10292));
#10292 = SURFACE_STYLE_USAGE(.BOTH.,#10293);
#10293 = SURFACE_SIDE_STYLE('',(#10294));
#10294 = SURFACE_STYLE_FILL_AREA(#10295);
#10295 = FILL_AREA_STYLE('',(#10296));
#10296 = FILL_AREA_STYLE_COLOUR('',#10297);
#10297 = COLOUR_RGB('',0.823999987314,0.819999987296,0.781000009244);
#10298 = STYLED_ITEM('color',(#10299),#1887);
#10299 = PRESENTATION_STYLE_ASSIGNMENT((#10300));
#10300 = SURFACE_STYLE_USAGE(.BOTH.,#10301);
#10301 = SURFACE_SIDE_STYLE('',(#10302));
#10302 = SURFACE_STYLE_FILL_AREA(#10303);
#10303 = FILL_AREA_STYLE('',(#10304));
#10304 = FILL_AREA_STYLE_COLOUR('',#10297);
#10305 = STYLED_ITEM('color',(#10306),#1918);
#10306 = PRESENTATION_STYLE_ASSIGNMENT((#10307));
#10307 = SURFACE_STYLE_USAGE(.BOTH.,#10308);
#10308 = SURFACE_SIDE_STYLE('',(#10309));
#10309 = SURFACE_STYLE_FILL_AREA(#10310);
#10310 = FILL_AREA_STYLE('',(#10311));
#10311 = FILL_AREA_STYLE_COLOUR('',#10297);
#10312 = STYLED_ITEM('color',(#10313),#1943);
#10313 = PRESENTATION_STYLE_ASSIGNMENT((#10314));
#10314 = SURFACE_STYLE_USAGE(.BOTH.,#10315);
#10315 = SURFACE_SIDE_STYLE('',(#10316));
#10316 = SURFACE_STYLE_FILL_AREA(#10317);
#10317 = FILL_AREA_STYLE('',(#10318));
#10318 = FILL_AREA_STYLE_COLOUR('',#10297);
#10319 = STYLED_ITEM('color',(#10320),#1968);
#10320 = PRESENTATION_STYLE_ASSIGNMENT((#10321));
#10321 = SURFACE_STYLE_USAGE(.BOTH.,#10322);
#10322 = SURFACE_SIDE_STYLE('',(#10323));
#10323 = SURFACE_STYLE_FILL_AREA(#10324);
#10324 = FILL_AREA_STYLE('',(#10325));
#10325 = FILL_AREA_STYLE_COLOUR('',#10297);
#10326 = STYLED_ITEM('color',(#10327),#1992);
#10327 = PRESENTATION_STYLE_ASSIGNMENT((#10328));
#10328 = SURFACE_STYLE_USAGE(.BOTH.,#10329);
#10329 = SURFACE_SIDE_STYLE('',(#10330));
#10330 = SURFACE_STYLE_FILL_AREA(#10331);
#10331 = FILL_AREA_STYLE('',(#10332));
#10332 = FILL_AREA_STYLE_COLOUR('',#10297);
#10333 = STYLED_ITEM('color',(#10334),#2016);
#10334 = PRESENTATION_STYLE_ASSIGNMENT((#10335));
#10335 = SURFACE_STYLE_USAGE(.BOTH.,#10336);
#10336 = SURFACE_SIDE_STYLE('',(#10337));
#10337 = SURFACE_STYLE_FILL_AREA(#10338);
#10338 = FILL_AREA_STYLE('',(#10339));
#10339 = FILL_AREA_STYLE_COLOUR('',#10297);
#10340 = STYLED_ITEM('color',(#10341),#2041);
#10341 = PRESENTATION_STYLE_ASSIGNMENT((#10342));
#10342 = SURFACE_STYLE_USAGE(.BOTH.,#10343);
#10343 = SURFACE_SIDE_STYLE('',(#10344));
#10344 = SURFACE_STYLE_FILL_AREA(#10345);
#10345 = FILL_AREA_STYLE('',(#10346));
#10346 = FILL_AREA_STYLE_COLOUR('',#10297);
#10347 = STYLED_ITEM('color',(#10348),#2066);
#10348 = PRESENTATION_STYLE_ASSIGNMENT((#10349));
#10349 = SURFACE_STYLE_USAGE(.BOTH.,#10350);
#10350 = SURFACE_SIDE_STYLE('',(#10351));
#10351 = SURFACE_STYLE_FILL_AREA(#10352);
#10352 = FILL_AREA_STYLE('',(#10353));
#10353 = FILL_AREA_STYLE_COLOUR('',#10297);
#10354 = STYLED_ITEM('color',(#10355),#2083);
#10355 = PRESENTATION_STYLE_ASSIGNMENT((#10356));
#10356 = SURFACE_STYLE_USAGE(.BOTH.,#10357);
#10357 = SURFACE_SIDE_STYLE('',(#10358));
#10358 = SURFACE_STYLE_FILL_AREA(#10359);
#10359 = FILL_AREA_STYLE('',(#10360));
#10360 = FILL_AREA_STYLE_COLOUR('',#10297);
#10361 = STYLED_ITEM('color',(#10362),#2169);
#10362 = PRESENTATION_STYLE_ASSIGNMENT((#10363));
#10363 = SURFACE_STYLE_USAGE(.BOTH.,#10364);
#10364 = SURFACE_SIDE_STYLE('',(#10365));
#10365 = SURFACE_STYLE_FILL_AREA(#10366);
#10366 = FILL_AREA_STYLE('',(#10367));
#10367 = FILL_AREA_STYLE_COLOUR('',#10368);
#10368 = COLOUR_RGB('',0.379000005575,0.270000008848,0.214999999939);
#10369 = STYLED_ITEM('color',(#10370),#2201);
#10370 = PRESENTATION_STYLE_ASSIGNMENT((#10371));
#10371 = SURFACE_STYLE_USAGE(.BOTH.,#10372);
#10372 = SURFACE_SIDE_STYLE('',(#10373));
#10373 = SURFACE_STYLE_FILL_AREA(#10374);
#10374 = FILL_AREA_STYLE('',(#10375));
#10375 = FILL_AREA_STYLE_COLOUR('',#10368);
#10376 = STYLED_ITEM('color',(#10377),#2225);
#10377 = PRESENTATION_STYLE_ASSIGNMENT((#10378));
#10378 = SURFACE_STYLE_USAGE(.BOTH.,#10379);
#10379 = SURFACE_SIDE_STYLE('',(#10380));
#10380 = SURFACE_STYLE_FILL_AREA(#10381);
#10381 = FILL_AREA_STYLE('',(#10382));
#10382 = FILL_AREA_STYLE_COLOUR('',#10368);
#10383 = STYLED_ITEM('color',(#10384),#2250);
#10384 = PRESENTATION_STYLE_ASSIGNMENT((#10385));
#10385 = SURFACE_STYLE_USAGE(.BOTH.,#10386);
#10386 = SURFACE_SIDE_STYLE('',(#10387));
#10387 = SURFACE_STYLE_FILL_AREA(#10388);
#10388 = FILL_AREA_STYLE('',(#10389));
#10389 = FILL_AREA_STYLE_COLOUR('',#10368);
#10390 = STYLED_ITEM('color',(#10391),#2274);
#10391 = PRESENTATION_STYLE_ASSIGNMENT((#10392));
#10392 = SURFACE_STYLE_USAGE(.BOTH.,#10393);
#10393 = SURFACE_SIDE_STYLE('',(#10394));
#10394 = SURFACE_STYLE_FILL_AREA(#10395);
#10395 = FILL_AREA_STYLE('',(#10396));
#10396 = FILL_AREA_STYLE_COLOUR('',#10368);
#10397 = STYLED_ITEM('color',(#10398),#2299);
#10398 = PRESENTATION_STYLE_ASSIGNMENT((#10399));
#10399 = SURFACE_STYLE_USAGE(.BOTH.,#10400);
#10400 = SURFACE_SIDE_STYLE('',(#10401));
#10401 = SURFACE_STYLE_FILL_AREA(#10402);
#10402 = FILL_AREA_STYLE('',(#10403));
#10403 = FILL_AREA_STYLE_COLOUR('',#10368);
#10404 = STYLED_ITEM('color',(#10405),#2323);
#10405 = PRESENTATION_STYLE_ASSIGNMENT((#10406));
#10406 = SURFACE_STYLE_USAGE(.BOTH.,#10407);
#10407 = SURFACE_SIDE_STYLE('',(#10408));
#10408 = SURFACE_STYLE_FILL_AREA(#10409);
#10409 = FILL_AREA_STYLE('',(#10410));
#10410 = FILL_AREA_STYLE_COLOUR('',#10368);
#10411 = STYLED_ITEM('color',(#10412),#2348);
#10412 = PRESENTATION_STYLE_ASSIGNMENT((#10413));
#10413 = SURFACE_STYLE_USAGE(.BOTH.,#10414);
#10414 = SURFACE_SIDE_STYLE('',(#10415));
#10415 = SURFACE_STYLE_FILL_AREA(#10416);
#10416 = FILL_AREA_STYLE('',(#10417));
#10417 = FILL_AREA_STYLE_COLOUR('',#10368);
#10418 = STYLED_ITEM('color',(#10419),#2365);
#10419 = PRESENTATION_STYLE_ASSIGNMENT((#10420));
#10420 = SURFACE_STYLE_USAGE(.BOTH.,#10421);
#10421 = SURFACE_SIDE_STYLE('',(#10422));
#10422 = SURFACE_STYLE_FILL_AREA(#10423);
#10423 = FILL_AREA_STYLE('',(#10424));
#10424 = FILL_AREA_STYLE_COLOUR('',#10297);
#10425 = STYLED_ITEM('color',(#10426),#2451);
#10426 = PRESENTATION_STYLE_ASSIGNMENT((#10427));
#10427 = SURFACE_STYLE_USAGE(.BOTH.,#10428);
#10428 = SURFACE_SIDE_STYLE('',(#10429));
#10429 = SURFACE_STYLE_FILL_AREA(#10430);
#10430 = FILL_AREA_STYLE('',(#10431));
#10431 = FILL_AREA_STYLE_COLOUR('',#10297);
#10432 = STYLED_ITEM('color',(#10433),#2482);
#10433 = PRESENTATION_STYLE_ASSIGNMENT((#10434));
#10434 = SURFACE_STYLE_USAGE(.BOTH.,#10435);
#10435 = SURFACE_SIDE_STYLE('',(#10436));
#10436 = SURFACE_STYLE_FILL_AREA(#10437);
#10437 = FILL_AREA_STYLE('',(#10438));
#10438 = FILL_AREA_STYLE_COLOUR('',#10297);
#10439 = STYLED_ITEM('color',(#10440),#2507);
#10440 = PRESENTATION_STYLE_ASSIGNMENT((#10441));
#10441 = SURFACE_STYLE_USAGE(.BOTH.,#10442);
#10442 = SURFACE_SIDE_STYLE('',(#10443));
#10443 = SURFACE_STYLE_FILL_AREA(#10444);
#10444 = FILL_AREA_STYLE('',(#10445));
#10445 = FILL_AREA_STYLE_COLOUR('',#10297);
#10446 = STYLED_ITEM('color',(#10447),#2532);
#10447 = PRESENTATION_STYLE_ASSIGNMENT((#10448));
#10448 = SURFACE_STYLE_USAGE(.BOTH.,#10449);
#10449 = SURFACE_SIDE_STYLE('',(#10450));
#10450 = SURFACE_STYLE_FILL_AREA(#10451);
#10451 = FILL_AREA_STYLE('',(#10452));
#10452 = FILL_AREA_STYLE_COLOUR('',#10297);
#10453 = STYLED_ITEM('color',(#10454),#2556);
#10454 = PRESENTATION_STYLE_ASSIGNMENT((#10455));
#10455 = SURFACE_STYLE_USAGE(.BOTH.,#10456);
#10456 = SURFACE_SIDE_STYLE('',(#10457));
#10457 = SURFACE_STYLE_FILL_AREA(#10458);
#10458 = FILL_AREA_STYLE('',(#10459));
#10459 = FILL_AREA_STYLE_COLOUR('',#10297);
#10460 = STYLED_ITEM('color',(#10461),#2580);
#10461 = PRESENTATION_STYLE_ASSIGNMENT((#10462));
#10462 = SURFACE_STYLE_USAGE(.BOTH.,#10463);
#10463 = SURFACE_SIDE_STYLE('',(#10464));
#10464 = SURFACE_STYLE_FILL_AREA(#10465);
#10465 = FILL_AREA_STYLE('',(#10466));
#10466 = FILL_AREA_STYLE_COLOUR('',#10297);
#10467 = STYLED_ITEM('color',(#10468),#2605);
#10468 = PRESENTATION_STYLE_ASSIGNMENT((#10469));
#10469 = SURFACE_STYLE_USAGE(.BOTH.,#10470);
#10470 = SURFACE_SIDE_STYLE('',(#10471));
#10471 = SURFACE_STYLE_FILL_AREA(#10472);
#10472 = FILL_AREA_STYLE('',(#10473));
#10473 = FILL_AREA_STYLE_COLOUR('',#10297);
#10474 = STYLED_ITEM('color',(#10475),#2630);
#10475 = PRESENTATION_STYLE_ASSIGNMENT((#10476));
#10476 = SURFACE_STYLE_USAGE(.BOTH.,#10477);
#10477 = SURFACE_SIDE_STYLE('',(#10478));
#10478 = SURFACE_STYLE_FILL_AREA(#10479);
#10479 = FILL_AREA_STYLE('',(#10480));
#10480 = FILL_AREA_STYLE_COLOUR('',#10297);
#10481 = STYLED_ITEM('color',(#10482),#2647);
#10482 = PRESENTATION_STYLE_ASSIGNMENT((#10483));
#10483 = SURFACE_STYLE_USAGE(.BOTH.,#10484);
#10484 = SURFACE_SIDE_STYLE('',(#10485));
#10485 = SURFACE_STYLE_FILL_AREA(#10486);
#10486 = FILL_AREA_STYLE('',(#10487));
#10487 = FILL_AREA_STYLE_COLOUR('',#10297);
#10488 = MECHANICAL_DESIGN_GEOMETRIC_PRESENTATION_REPRESENTATION('',(
    #10489,#10496,#10503,#10510,#10517,#10524,#10531,#10538,#10545,
    #10552,#10559,#10566,#10573,#10580,#10587,#10594,#10601,#10608,
    #10615,#10622,#10629,#10636,#10643,#10650,#10657,#10664,#10671,
    #10678),#1767);
#10489 = STYLED_ITEM('color',(#10490),#915);
#10490 = PRESENTATION_STYLE_ASSIGNMENT((#10491));
#10491 = SURFACE_STYLE_USAGE(.BOTH.,#10492);
#10492 = SURFACE_SIDE_STYLE('',(#10493));
#10493 = SURFACE_STYLE_FILL_AREA(#10494);
#10494 = FILL_AREA_STYLE('',(#10495));
#10495 = FILL_AREA_STYLE_COLOUR('',#10297);
#10496 = STYLED_ITEM('color',(#10497),#991);
#10497 = PRESENTATION_STYLE_ASSIGNMENT((#10498));
#10498 = SURFACE_STYLE_USAGE(.BOTH.,#10499);
#10499 = SURFACE_SIDE_STYLE('',(#10500));
#10500 = SURFACE_STYLE_FILL_AREA(#10501);
#10501 = FILL_AREA_STYLE('',(#10502));
#10502 = FILL_AREA_STYLE_COLOUR('',#10297);
#10503 = STYLED_ITEM('color',(#10504),#1022);
#10504 = PRESENTATION_STYLE_ASSIGNMENT((#10505));
#10505 = SURFACE_STYLE_USAGE(.BOTH.,#10506);
#10506 = SURFACE_SIDE_STYLE('',(#10507));
#10507 = SURFACE_STYLE_FILL_AREA(#10508);
#10508 = FILL_AREA_STYLE('',(#10509));
#10509 = FILL_AREA_STYLE_COLOUR('',#10297);
#10510 = STYLED_ITEM('color',(#10511),#1047);
#10511 = PRESENTATION_STYLE_ASSIGNMENT((#10512));
#10512 = SURFACE_STYLE_USAGE(.BOTH.,#10513);
#10513 = SURFACE_SIDE_STYLE('',(#10514));
#10514 = SURFACE_STYLE_FILL_AREA(#10515);
#10515 = FILL_AREA_STYLE('',(#10516));
#10516 = FILL_AREA_STYLE_COLOUR('',#10297);
#10517 = STYLED_ITEM('color',(#10518),#1072);
#10518 = PRESENTATION_STYLE_ASSIGNMENT((#10519));
#10519 = SURFACE_STYLE_USAGE(.BOTH.,#10520);
#10520 = SURFACE_SIDE_STYLE('',(#10521));
#10521 = SURFACE_STYLE_FILL_AREA(#10522);
#10522 = FILL_AREA_STYLE('',(#10523));
#10523 = FILL_AREA_STYLE_COLOUR('',#10297);
#10524 = STYLED_ITEM('color',(#10525),#1096);
#10525 = PRESENTATION_STYLE_ASSIGNMENT((#10526));
#10526 = SURFACE_STYLE_USAGE(.BOTH.,#10527);
#10527 = SURFACE_SIDE_STYLE('',(#10528));
#10528 = SURFACE_STYLE_FILL_AREA(#10529);
#10529 = FILL_AREA_STYLE('',(#10530));
#10530 = FILL_AREA_STYLE_COLOUR('',#10297);
#10531 = STYLED_ITEM('color',(#10532),#1120);
#10532 = PRESENTATION_STYLE_ASSIGNMENT((#10533));
#10533 = SURFACE_STYLE_USAGE(.BOTH.,#10534);
#10534 = SURFACE_SIDE_STYLE('',(#10535));
#10535 = SURFACE_STYLE_FILL_AREA(#10536);
#10536 = FILL_AREA_STYLE('',(#10537));
#10537 = FILL_AREA_STYLE_COLOUR('',#10297);
#10538 = STYLED_ITEM('color',(#10539),#1145);
#10539 = PRESENTATION_STYLE_ASSIGNMENT((#10540));
#10540 = SURFACE_STYLE_USAGE(.BOTH.,#10541);
#10541 = SURFACE_SIDE_STYLE('',(#10542));
#10542 = SURFACE_STYLE_FILL_AREA(#10543);
#10543 = FILL_AREA_STYLE('',(#10544));
#10544 = FILL_AREA_STYLE_COLOUR('',#10297);
#10545 = STYLED_ITEM('color',(#10546),#1170);
#10546 = PRESENTATION_STYLE_ASSIGNMENT((#10547));
#10547 = SURFACE_STYLE_USAGE(.BOTH.,#10548);
#10548 = SURFACE_SIDE_STYLE('',(#10549));
#10549 = SURFACE_STYLE_FILL_AREA(#10550);
#10550 = FILL_AREA_STYLE('',(#10551));
#10551 = FILL_AREA_STYLE_COLOUR('',#10297);
#10552 = STYLED_ITEM('color',(#10553),#1187);
#10553 = PRESENTATION_STYLE_ASSIGNMENT((#10554));
#10554 = SURFACE_STYLE_USAGE(.BOTH.,#10555);
#10555 = SURFACE_SIDE_STYLE('',(#10556));
#10556 = SURFACE_STYLE_FILL_AREA(#10557);
#10557 = FILL_AREA_STYLE('',(#10558));
#10558 = FILL_AREA_STYLE_COLOUR('',#10297);
#10559 = STYLED_ITEM('color',(#10560),#1273);
#10560 = PRESENTATION_STYLE_ASSIGNMENT((#10561));
#10561 = SURFACE_STYLE_USAGE(.BOTH.,#10562);
#10562 = SURFACE_SIDE_STYLE('',(#10563));
#10563 = SURFACE_STYLE_FILL_AREA(#10564);
#10564 = FILL_AREA_STYLE('',(#10565));
#10565 = FILL_AREA_STYLE_COLOUR('',#10368);
#10566 = STYLED_ITEM('color',(#10567),#1305);
#10567 = PRESENTATION_STYLE_ASSIGNMENT((#10568));
#10568 = SURFACE_STYLE_USAGE(.BOTH.,#10569);
#10569 = SURFACE_SIDE_STYLE('',(#10570));
#10570 = SURFACE_STYLE_FILL_AREA(#10571);
#10571 = FILL_AREA_STYLE('',(#10572));
#10572 = FILL_AREA_STYLE_COLOUR('',#10368);
#10573 = STYLED_ITEM('color',(#10574),#1329);
#10574 = PRESENTATION_STYLE_ASSIGNMENT((#10575));
#10575 = SURFACE_STYLE_USAGE(.BOTH.,#10576);
#10576 = SURFACE_SIDE_STYLE('',(#10577));
#10577 = SURFACE_STYLE_FILL_AREA(#10578);
#10578 = FILL_AREA_STYLE('',(#10579));
#10579 = FILL_AREA_STYLE_COLOUR('',#10368);
#10580 = STYLED_ITEM('color',(#10581),#1354);
#10581 = PRESENTATION_STYLE_ASSIGNMENT((#10582));
#10582 = SURFACE_STYLE_USAGE(.BOTH.,#10583);
#10583 = SURFACE_SIDE_STYLE('',(#10584));
#10584 = SURFACE_STYLE_FILL_AREA(#10585);
#10585 = FILL_AREA_STYLE('',(#10586));
#10586 = FILL_AREA_STYLE_COLOUR('',#10368);
#10587 = STYLED_ITEM('color',(#10588),#1378);
#10588 = PRESENTATION_STYLE_ASSIGNMENT((#10589));
#10589 = SURFACE_STYLE_USAGE(.BOTH.,#10590);
#10590 = SURFACE_SIDE_STYLE('',(#10591));
#10591 = SURFACE_STYLE_FILL_AREA(#10592);
#10592 = FILL_AREA_STYLE('',(#10593));
#10593 = FILL_AREA_STYLE_COLOUR('',#10368);
#10594 = STYLED_ITEM('color',(#10595),#1403);
#10595 = PRESENTATION_STYLE_ASSIGNMENT((#10596));
#10596 = SURFACE_STYLE_USAGE(.BOTH.,#10597);
#10597 = SURFACE_SIDE_STYLE('',(#10598));
#10598 = SURFACE_STYLE_FILL_AREA(#10599);
#10599 = FILL_AREA_STYLE('',(#10600));
#10600 = FILL_AREA_STYLE_COLOUR('',#10368);
#10601 = STYLED_ITEM('color',(#10602),#1427);
#10602 = PRESENTATION_STYLE_ASSIGNMENT((#10603));
#10603 = SURFACE_STYLE_USAGE(.BOTH.,#10604);
#10604 = SURFACE_SIDE_STYLE('',(#10605));
#10605 = SURFACE_STYLE_FILL_AREA(#10606);
#10606 = FILL_AREA_STYLE('',(#10607));
#10607 = FILL_AREA_STYLE_COLOUR('',#10368);
#10608 = STYLED_ITEM('color',(#10609),#1452);
#10609 = PRESENTATION_STYLE_ASSIGNMENT((#10610));
#10610 = SURFACE_STYLE_USAGE(.BOTH.,#10611);
#10611 = SURFACE_SIDE_STYLE('',(#10612));
#10612 = SURFACE_STYLE_FILL_AREA(#10613);
#10613 = FILL_AREA_STYLE('',(#10614));
#10614 = FILL_AREA_STYLE_COLOUR('',#10368);
#10615 = STYLED_ITEM('color',(#10616),#1469);
#10616 = PRESENTATION_STYLE_ASSIGNMENT((#10617));
#10617 = SURFACE_STYLE_USAGE(.BOTH.,#10618);
#10618 = SURFACE_SIDE_STYLE('',(#10619));
#10619 = SURFACE_STYLE_FILL_AREA(#10620);
#10620 = FILL_AREA_STYLE('',(#10621));
#10621 = FILL_AREA_STYLE_COLOUR('',#10297);
#10622 = STYLED_ITEM('color',(#10623),#1555);
#10623 = PRESENTATION_STYLE_ASSIGNMENT((#10624));
#10624 = SURFACE_STYLE_USAGE(.BOTH.,#10625);
#10625 = SURFACE_SIDE_STYLE('',(#10626));
#10626 = SURFACE_STYLE_FILL_AREA(#10627);
#10627 = FILL_AREA_STYLE('',(#10628));
#10628 = FILL_AREA_STYLE_COLOUR('',#10297);
#10629 = STYLED_ITEM('color',(#10630),#1586);
#10630 = PRESENTATION_STYLE_ASSIGNMENT((#10631));
#10631 = SURFACE_STYLE_USAGE(.BOTH.,#10632);
#10632 = SURFACE_SIDE_STYLE('',(#10633));
#10633 = SURFACE_STYLE_FILL_AREA(#10634);
#10634 = FILL_AREA_STYLE('',(#10635));
#10635 = FILL_AREA_STYLE_COLOUR('',#10297);
#10636 = STYLED_ITEM('color',(#10637),#1611);
#10637 = PRESENTATION_STYLE_ASSIGNMENT((#10638));
#10638 = SURFACE_STYLE_USAGE(.BOTH.,#10639);
#10639 = SURFACE_SIDE_STYLE('',(#10640));
#10640 = SURFACE_STYLE_FILL_AREA(#10641);
#10641 = FILL_AREA_STYLE('',(#10642));
#10642 = FILL_AREA_STYLE_COLOUR('',#10297);
#10643 = STYLED_ITEM('color',(#10644),#1636);
#10644 = PRESENTATION_STYLE_ASSIGNMENT((#10645));
#10645 = SURFACE_STYLE_USAGE(.BOTH.,#10646);
#10646 = SURFACE_SIDE_STYLE('',(#10647));
#10647 = SURFACE_STYLE_FILL_AREA(#10648);
#10648 = FILL_AREA_STYLE('',(#10649));
#10649 = FILL_AREA_STYLE_COLOUR('',#10297);
#10650 = STYLED_ITEM('color',(#10651),#1660);
#10651 = PRESENTATION_STYLE_ASSIGNMENT((#10652));
#10652 = SURFACE_STYLE_USAGE(.BOTH.,#10653);
#10653 = SURFACE_SIDE_STYLE('',(#10654));
#10654 = SURFACE_STYLE_FILL_AREA(#10655);
#10655 = FILL_AREA_STYLE('',(#10656));
#10656 = FILL_AREA_STYLE_COLOUR('',#10297);
#10657 = STYLED_ITEM('color',(#10658),#1684);
#10658 = PRESENTATION_STYLE_ASSIGNMENT((#10659));
#10659 = SURFACE_STYLE_USAGE(.BOTH.,#10660);
#10660 = SURFACE_SIDE_STYLE('',(#10661));
#10661 = SURFACE_STYLE_FILL_AREA(#10662);
#10662 = FILL_AREA_STYLE('',(#10663));
#10663 = FILL_AREA_STYLE_COLOUR('',#10297);
#10664 = STYLED_ITEM('color',(#10665),#1709);
#10665 = PRESENTATION_STYLE_ASSIGNMENT((#10666));
#10666 = SURFACE_STYLE_USAGE(.BOTH.,#10667);
#10667 = SURFACE_SIDE_STYLE('',(#10668));
#10668 = SURFACE_STYLE_FILL_AREA(#10669);
#10669 = FILL_AREA_STYLE('',(#10670));
#10670 = FILL_AREA_STYLE_COLOUR('',#10297);
#10671 = STYLED_ITEM('color',(#10672),#1734);
#10672 = PRESENTATION_STYLE_ASSIGNMENT((#10673));
#10673 = SURFACE_STYLE_USAGE(.BOTH.,#10674);
#10674 = SURFACE_SIDE_STYLE('',(#10675));
#10675 = SURFACE_STYLE_FILL_AREA(#10676);
#10676 = FILL_AREA_STYLE('',(#10677));
#10677 = FILL_AREA_STYLE_COLOUR('',#10297);
#10678 = STYLED_ITEM('color',(#10679),#1751);
#10679 = PRESENTATION_STYLE_ASSIGNMENT((#10680));
#10680 = SURFACE_STYLE_USAGE(.BOTH.,#10681);
#10681 = SURFACE_SIDE_STYLE('',(#10682));
#10682 = SURFACE_STYLE_FILL_AREA(#10683);
#10683 = FILL_AREA_STYLE('',(#10684));
#10684 = FILL_AREA_STYLE_COLOUR('',#10297);
#10685 = MECHANICAL_DESIGN_GEOMETRIC_PRESENTATION_REPRESENTATION('',(
    #10686),#10278);
#10686 = STYLED_ITEM('color',(#10687),#9996);
#10687 = PRESENTATION_STYLE_ASSIGNMENT((#10688));
#10688 = SURFACE_STYLE_USAGE(.BOTH.,#10689);
#10689 = SURFACE_SIDE_STYLE('',(#10690));
#10690 = SURFACE_STYLE_FILL_AREA(#10691);
#10691 = FILL_AREA_STYLE('',(#10692));
#10692 = FILL_AREA_STYLE_COLOUR('',#10693);
#10693 = COLOUR_RGB('',0.313304153717,0.484529207832,0.410020903123);
#10694 = MECHANICAL_DESIGN_GEOMETRIC_PRESENTATION_REPRESENTATION('',(
    #10695,#10705,#10714,#10723,#10732,#10741,#10750,#10759,#10768,
    #10777,#10786,#10795,#10804,#10813,#10822,#10831,#10840,#10849,
    #10858,#10867,#10876,#10885,#10894,#10903,#10912,#10921,#10930,
    #10939,#10948,#10957,#10966,#10975,#10984,#10993,#11002,#11011,
    #11020,#11029,#11038,#11047,#11056,#11065,#11074,#11083,#11092,
    #11101,#11110,#11119,#11128,#11137,#11146,#11155,#11164,#11173,
    #11182,#11191,#11200,#11209,#11218,#11227,#11236,#11245,#11254,
    #11263,#11272,#11281,#11290,#11299,#11308,#11317,#11326,#11335,
    #11344,#11353,#11362,#11371,#11380,#11389,#11398,#11407,#11416,
    #11425,#11434,#11443,#11452,#11461,#11470,#11479,#11488,#11497,
    #11506,#11515,#11524,#11533,#11542,#11551,#11560,#11569,#11578,
    #11587,#11596,#11605,#11614,#11623,#11632,#11641,#11650,#11659,
    #11668,#11677,#11686,#11695,#11704,#11713,#11722,#11731,#11740,
    #11749,#11758,#11767,#11776,#11785,#11794,#11803,#11812,#11821,
    #11830,#11839,#11848,#11857,#11866,#11875,#11884,#11893,#11902,
    #11911,#11920,#11929,#11938,#11947,#11956,#11965,#11974,#11983,
    #11992,#12001,#12010,#12019,#12028,#12037,#12046,#12055,#12064,
    #12073,#12082,#12091,#12100,#12109,#12118,#12127,#12136,#12145,
    #12154,#12163,#12172,#12181,#12190,#12199,#12208,#12217,#12226,
    #12235,#12244,#12253,#12262,#12271,#12280,#12289,#12298,#12307,
    #12316,#12325,#12334,#12343,#12352,#12361,#12370,#12379,#12388,
    #12397,#12406,#12415,#12424,#12433,#12442,#12451,#12460,#12469,
    #12478,#12487,#12496,#12505,#12514,#12523,#12532,#12541,#12550,
    #12559,#12568,#12577,#12586,#12595,#12604,#12613,#12622,#12631,
    #12640,#12649,#12658,#12667,#12676,#12685,#12694,#12703,#12712,
    #12721,#12730,#12739,#12748,#12757,#12766,#12775,#12784,#12793,
    #12802,#12811,#12820),#9977);
#10695 = STYLED_ITEM('color',(#10696),#2707);
#10696 = PRESENTATION_STYLE_ASSIGNMENT((#10697,#10703));
#10697 = SURFACE_STYLE_USAGE(.BOTH.,#10698);
#10698 = SURFACE_SIDE_STYLE('',(#10699));
#10699 = SURFACE_STYLE_FILL_AREA(#10700);
#10700 = FILL_AREA_STYLE('',(#10701));
#10701 = FILL_AREA_STYLE_COLOUR('',#10702);
#10702 = COLOUR_RGB('',0.147999998088,0.145000001626,0.145000001626);
#10703 = CURVE_STYLE('',#10704,POSITIVE_LENGTH_MEASURE(0.1),#10702);
#10704 = DRAUGHTING_PRE_DEFINED_CURVE_FONT('continuous');
#10705 = STYLED_ITEM('color',(#10706),#2745);
#10706 = PRESENTATION_STYLE_ASSIGNMENT((#10707,#10712));
#10707 = SURFACE_STYLE_USAGE(.BOTH.,#10708);
#10708 = SURFACE_SIDE_STYLE('',(#10709));
#10709 = SURFACE_STYLE_FILL_AREA(#10710);
#10710 = FILL_AREA_STYLE('',(#10711));
#10711 = FILL_AREA_STYLE_COLOUR('',#10702);
#10712 = CURVE_STYLE('',#10713,POSITIVE_LENGTH_MEASURE(0.1),#10702);
#10713 = DRAUGHTING_PRE_DEFINED_CURVE_FONT('continuous');
#10714 = STYLED_ITEM('color',(#10715),#2808);
#10715 = PRESENTATION_STYLE_ASSIGNMENT((#10716,#10721));
#10716 = SURFACE_STYLE_USAGE(.BOTH.,#10717);
#10717 = SURFACE_SIDE_STYLE('',(#10718));
#10718 = SURFACE_STYLE_FILL_AREA(#10719);
#10719 = FILL_AREA_STYLE('',(#10720));
#10720 = FILL_AREA_STYLE_COLOUR('',#10702);
#10721 = CURVE_STYLE('',#10722,POSITIVE_LENGTH_MEASURE(0.1),#10702);
#10722 = DRAUGHTING_PRE_DEFINED_CURVE_FONT('continuous');
#10723 = STYLED_ITEM('color',(#10724),#2831);
#10724 = PRESENTATION_STYLE_ASSIGNMENT((#10725,#10730));
#10725 = SURFACE_STYLE_USAGE(.BOTH.,#10726);
#10726 = SURFACE_SIDE_STYLE('',(#10727));
#10727 = SURFACE_STYLE_FILL_AREA(#10728);
#10728 = FILL_AREA_STYLE('',(#10729));
#10729 = FILL_AREA_STYLE_COLOUR('',#10702);
#10730 = CURVE_STYLE('',#10731,POSITIVE_LENGTH_MEASURE(0.1),#10702);
#10731 = DRAUGHTING_PRE_DEFINED_CURVE_FONT('continuous');
#10732 = STYLED_ITEM('color',(#10733),#2860);
#10733 = PRESENTATION_STYLE_ASSIGNMENT((#10734,#10739));
#10734 = SURFACE_STYLE_USAGE(.BOTH.,#10735);
#10735 = SURFACE_SIDE_STYLE('',(#10736));
#10736 = SURFACE_STYLE_FILL_AREA(#10737);
#10737 = FILL_AREA_STYLE('',(#10738));
#10738 = FILL_AREA_STYLE_COLOUR('',#10702);
#10739 = CURVE_STYLE('',#10740,POSITIVE_LENGTH_MEASURE(0.1),#10702);
#10740 = DRAUGHTING_PRE_DEFINED_CURVE_FONT('continuous');
#10741 = STYLED_ITEM('color',(#10742),#2883);
#10742 = PRESENTATION_STYLE_ASSIGNMENT((#10743,#10748));
#10743 = SURFACE_STYLE_USAGE(.BOTH.,#10744);
#10744 = SURFACE_SIDE_STYLE('',(#10745));
#10745 = SURFACE_STYLE_FILL_AREA(#10746);
#10746 = FILL_AREA_STYLE('',(#10747));
#10747 = FILL_AREA_STYLE_COLOUR('',#10702);
#10748 = CURVE_STYLE('',#10749,POSITIVE_LENGTH_MEASURE(0.1),#10702);
#10749 = DRAUGHTING_PRE_DEFINED_CURVE_FONT('continuous');
#10750 = STYLED_ITEM('color',(#10751),#3018);
#10751 = PRESENTATION_STYLE_ASSIGNMENT((#10752,#10757));
#10752 = SURFACE_STYLE_USAGE(.BOTH.,#10753);
#10753 = SURFACE_SIDE_STYLE('',(#10754));
#10754 = SURFACE_STYLE_FILL_AREA(#10755);
#10755 = FILL_AREA_STYLE('',(#10756));
#10756 = FILL_AREA_STYLE_COLOUR('',#10702);
#10757 = CURVE_STYLE('',#10758,POSITIVE_LENGTH_MEASURE(0.1),#10702);
#10758 = DRAUGHTING_PRE_DEFINED_CURVE_FONT('continuous');
#10759 = STYLED_ITEM('color',(#10760),#3153);
#10760 = PRESENTATION_STYLE_ASSIGNMENT((#10761,#10766));
#10761 = SURFACE_STYLE_USAGE(.BOTH.,#10762);
#10762 = SURFACE_SIDE_STYLE('',(#10763));
#10763 = SURFACE_STYLE_FILL_AREA(#10764);
#10764 = FILL_AREA_STYLE('',(#10765));
#10765 = FILL_AREA_STYLE_COLOUR('',#10702);
#10766 = CURVE_STYLE('',#10767,POSITIVE_LENGTH_MEASURE(0.1),#10702);
#10767 = DRAUGHTING_PRE_DEFINED_CURVE_FONT('continuous');
#10768 = STYLED_ITEM('color',(#10769),#3176);
#10769 = PRESENTATION_STYLE_ASSIGNMENT((#10770,#10775));
#10770 = SURFACE_STYLE_USAGE(.BOTH.,#10771);
#10771 = SURFACE_SIDE_STYLE('',(#10772));
#10772 = SURFACE_STYLE_FILL_AREA(#10773);
#10773 = FILL_AREA_STYLE('',(#10774));
#10774 = FILL_AREA_STYLE_COLOUR('',#10702);
#10775 = CURVE_STYLE('',#10776,POSITIVE_LENGTH_MEASURE(0.1),#10702);
#10776 = DRAUGHTING_PRE_DEFINED_CURVE_FONT('continuous');
#10777 = STYLED_ITEM('color',(#10778),#3199);
#10778 = PRESENTATION_STYLE_ASSIGNMENT((#10779,#10784));
#10779 = SURFACE_STYLE_USAGE(.BOTH.,#10780);
#10780 = SURFACE_SIDE_STYLE('',(#10781));
#10781 = SURFACE_STYLE_FILL_AREA(#10782);
#10782 = FILL_AREA_STYLE('',(#10783));
#10783 = FILL_AREA_STYLE_COLOUR('',#10702);
#10784 = CURVE_STYLE('',#10785,POSITIVE_LENGTH_MEASURE(0.1),#10702);
#10785 = DRAUGHTING_PRE_DEFINED_CURVE_FONT('continuous');
#10786 = STYLED_ITEM('color',(#10787),#3216);
#10787 = PRESENTATION_STYLE_ASSIGNMENT((#10788,#10793));
#10788 = SURFACE_STYLE_USAGE(.BOTH.,#10789);
#10789 = SURFACE_SIDE_STYLE('',(#10790));
#10790 = SURFACE_STYLE_FILL_AREA(#10791);
#10791 = FILL_AREA_STYLE('',(#10792));
#10792 = FILL_AREA_STYLE_COLOUR('',#10702);
#10793 = CURVE_STYLE('',#10794,POSITIVE_LENGTH_MEASURE(0.1),#10702);
#10794 = DRAUGHTING_PRE_DEFINED_CURVE_FONT('continuous');
#10795 = STYLED_ITEM('color',(#10796),#3239);
#10796 = PRESENTATION_STYLE_ASSIGNMENT((#10797,#10802));
#10797 = SURFACE_STYLE_USAGE(.BOTH.,#10798);
#10798 = SURFACE_SIDE_STYLE('',(#10799));
#10799 = SURFACE_STYLE_FILL_AREA(#10800);
#10800 = FILL_AREA_STYLE('',(#10801));
#10801 = FILL_AREA_STYLE_COLOUR('',#10702);
#10802 = CURVE_STYLE('',#10803,POSITIVE_LENGTH_MEASURE(0.1),#10702);
#10803 = DRAUGHTING_PRE_DEFINED_CURVE_FONT('continuous');
#10804 = STYLED_ITEM('color',(#10805),#3327);
#10805 = PRESENTATION_STYLE_ASSIGNMENT((#10806,#10811));
#10806 = SURFACE_STYLE_USAGE(.BOTH.,#10807);
#10807 = SURFACE_SIDE_STYLE('',(#10808));
#10808 = SURFACE_STYLE_FILL_AREA(#10809);
#10809 = FILL_AREA_STYLE('',(#10810));
#10810 = FILL_AREA_STYLE_COLOUR('',#10702);
#10811 = CURVE_STYLE('',#10812,POSITIVE_LENGTH_MEASURE(0.1),#10702);
#10812 = DRAUGHTING_PRE_DEFINED_CURVE_FONT('continuous');
#10813 = STYLED_ITEM('color',(#10814),#3343);
#10814 = PRESENTATION_STYLE_ASSIGNMENT((#10815,#10820));
#10815 = SURFACE_STYLE_USAGE(.BOTH.,#10816);
#10816 = SURFACE_SIDE_STYLE('',(#10817));
#10817 = SURFACE_STYLE_FILL_AREA(#10818);
#10818 = FILL_AREA_STYLE('',(#10819));
#10819 = FILL_AREA_STYLE_COLOUR('',#10702);
#10820 = CURVE_STYLE('',#10821,POSITIVE_LENGTH_MEASURE(0.1),#10702);
#10821 = DRAUGHTING_PRE_DEFINED_CURVE_FONT('continuous');
#10822 = STYLED_ITEM('color',(#10823),#3373);
#10823 = PRESENTATION_STYLE_ASSIGNMENT((#10824,#10829));
#10824 = SURFACE_STYLE_USAGE(.BOTH.,#10825);
#10825 = SURFACE_SIDE_STYLE('',(#10826));
#10826 = SURFACE_STYLE_FILL_AREA(#10827);
#10827 = FILL_AREA_STYLE('',(#10828));
#10828 = FILL_AREA_STYLE_COLOUR('',#10297);
#10829 = CURVE_STYLE('',#10830,POSITIVE_LENGTH_MEASURE(0.1),#10297);
#10830 = DRAUGHTING_PRE_DEFINED_CURVE_FONT('continuous');
#10831 = STYLED_ITEM('color',(#10832),#3404);
#10832 = PRESENTATION_STYLE_ASSIGNMENT((#10833,#10838));
#10833 = SURFACE_STYLE_USAGE(.BOTH.,#10834);
#10834 = SURFACE_SIDE_STYLE('',(#10835));
#10835 = SURFACE_STYLE_FILL_AREA(#10836);
#10836 = FILL_AREA_STYLE('',(#10837));
#10837 = FILL_AREA_STYLE_COLOUR('',#10702);
#10838 = CURVE_STYLE('',#10839,POSITIVE_LENGTH_MEASURE(0.1),#10702);
#10839 = DRAUGHTING_PRE_DEFINED_CURVE_FONT('continuous');
#10840 = STYLED_ITEM('color',(#10841),#3435);
#10841 = PRESENTATION_STYLE_ASSIGNMENT((#10842,#10847));
#10842 = SURFACE_STYLE_USAGE(.BOTH.,#10843);
#10843 = SURFACE_SIDE_STYLE('',(#10844));
#10844 = SURFACE_STYLE_FILL_AREA(#10845);
#10845 = FILL_AREA_STYLE('',(#10846));
#10846 = FILL_AREA_STYLE_COLOUR('',#10297);
#10847 = CURVE_STYLE('',#10848,POSITIVE_LENGTH_MEASURE(0.1),#10297);
#10848 = DRAUGHTING_PRE_DEFINED_CURVE_FONT('continuous');
#10849 = STYLED_ITEM('color',(#10850),#3466);
#10850 = PRESENTATION_STYLE_ASSIGNMENT((#10851,#10856));
#10851 = SURFACE_STYLE_USAGE(.BOTH.,#10852);
#10852 = SURFACE_SIDE_STYLE('',(#10853));
#10853 = SURFACE_STYLE_FILL_AREA(#10854);
#10854 = FILL_AREA_STYLE('',(#10855));
#10855 = FILL_AREA_STYLE_COLOUR('',#10702);
#10856 = CURVE_STYLE('',#10857,POSITIVE_LENGTH_MEASURE(0.1),#10702);
#10857 = DRAUGHTING_PRE_DEFINED_CURVE_FONT('continuous');
#10858 = STYLED_ITEM('color',(#10859),#3497);
#10859 = PRESENTATION_STYLE_ASSIGNMENT((#10860,#10865));
#10860 = SURFACE_STYLE_USAGE(.BOTH.,#10861);
#10861 = SURFACE_SIDE_STYLE('',(#10862));
#10862 = SURFACE_STYLE_FILL_AREA(#10863);
#10863 = FILL_AREA_STYLE('',(#10864));
#10864 = FILL_AREA_STYLE_COLOUR('',#10297);
#10865 = CURVE_STYLE('',#10866,POSITIVE_LENGTH_MEASURE(0.1),#10297);
#10866 = DRAUGHTING_PRE_DEFINED_CURVE_FONT('continuous');
#10867 = STYLED_ITEM('color',(#10868),#3528);
#10868 = PRESENTATION_STYLE_ASSIGNMENT((#10869,#10874));
#10869 = SURFACE_STYLE_USAGE(.BOTH.,#10870);
#10870 = SURFACE_SIDE_STYLE('',(#10871));
#10871 = SURFACE_STYLE_FILL_AREA(#10872);
#10872 = FILL_AREA_STYLE('',(#10873));
#10873 = FILL_AREA_STYLE_COLOUR('',#10702);
#10874 = CURVE_STYLE('',#10875,POSITIVE_LENGTH_MEASURE(0.1),#10702);
#10875 = DRAUGHTING_PRE_DEFINED_CURVE_FONT('continuous');
#10876 = STYLED_ITEM('color',(#10877),#3559);
#10877 = PRESENTATION_STYLE_ASSIGNMENT((#10878,#10883));
#10878 = SURFACE_STYLE_USAGE(.BOTH.,#10879);
#10879 = SURFACE_SIDE_STYLE('',(#10880));
#10880 = SURFACE_STYLE_FILL_AREA(#10881);
#10881 = FILL_AREA_STYLE('',(#10882));
#10882 = FILL_AREA_STYLE_COLOUR('',#10297);
#10883 = CURVE_STYLE('',#10884,POSITIVE_LENGTH_MEASURE(0.1),#10297);
#10884 = DRAUGHTING_PRE_DEFINED_CURVE_FONT('continuous');
#10885 = STYLED_ITEM('color',(#10886),#3590);
#10886 = PRESENTATION_STYLE_ASSIGNMENT((#10887,#10892));
#10887 = SURFACE_STYLE_USAGE(.BOTH.,#10888);
#10888 = SURFACE_SIDE_STYLE('',(#10889));
#10889 = SURFACE_STYLE_FILL_AREA(#10890);
#10890 = FILL_AREA_STYLE('',(#10891));
#10891 = FILL_AREA_STYLE_COLOUR('',#10702);
#10892 = CURVE_STYLE('',#10893,POSITIVE_LENGTH_MEASURE(0.1),#10702);
#10893 = DRAUGHTING_PRE_DEFINED_CURVE_FONT('continuous');
#10894 = STYLED_ITEM('color',(#10895),#3621);
#10895 = PRESENTATION_STYLE_ASSIGNMENT((#10896,#10901));
#10896 = SURFACE_STYLE_USAGE(.BOTH.,#10897);
#10897 = SURFACE_SIDE_STYLE('',(#10898));
#10898 = SURFACE_STYLE_FILL_AREA(#10899);
#10899 = FILL_AREA_STYLE('',(#10900));
#10900 = FILL_AREA_STYLE_COLOUR('',#10297);
#10901 = CURVE_STYLE('',#10902,POSITIVE_LENGTH_MEASURE(0.1),#10297);
#10902 = DRAUGHTING_PRE_DEFINED_CURVE_FONT('continuous');
#10903 = STYLED_ITEM('color',(#10904),#3652);
#10904 = PRESENTATION_STYLE_ASSIGNMENT((#10905,#10910));
#10905 = SURFACE_STYLE_USAGE(.BOTH.,#10906);
#10906 = SURFACE_SIDE_STYLE('',(#10907));
#10907 = SURFACE_STYLE_FILL_AREA(#10908);
#10908 = FILL_AREA_STYLE('',(#10909));
#10909 = FILL_AREA_STYLE_COLOUR('',#10702);
#10910 = CURVE_STYLE('',#10911,POSITIVE_LENGTH_MEASURE(0.1),#10702);
#10911 = DRAUGHTING_PRE_DEFINED_CURVE_FONT('continuous');
#10912 = STYLED_ITEM('color',(#10913),#3683);
#10913 = PRESENTATION_STYLE_ASSIGNMENT((#10914,#10919));
#10914 = SURFACE_STYLE_USAGE(.BOTH.,#10915);
#10915 = SURFACE_SIDE_STYLE('',(#10916));
#10916 = SURFACE_STYLE_FILL_AREA(#10917);
#10917 = FILL_AREA_STYLE('',(#10918));
#10918 = FILL_AREA_STYLE_COLOUR('',#10297);
#10919 = CURVE_STYLE('',#10920,POSITIVE_LENGTH_MEASURE(0.1),#10297);
#10920 = DRAUGHTING_PRE_DEFINED_CURVE_FONT('continuous');
#10921 = STYLED_ITEM('color',(#10922),#3714);
#10922 = PRESENTATION_STYLE_ASSIGNMENT((#10923,#10928));
#10923 = SURFACE_STYLE_USAGE(.BOTH.,#10924);
#10924 = SURFACE_SIDE_STYLE('',(#10925));
#10925 = SURFACE_STYLE_FILL_AREA(#10926);
#10926 = FILL_AREA_STYLE('',(#10927));
#10927 = FILL_AREA_STYLE_COLOUR('',#10702);
#10928 = CURVE_STYLE('',#10929,POSITIVE_LENGTH_MEASURE(0.1),#10702);
#10929 = DRAUGHTING_PRE_DEFINED_CURVE_FONT('continuous');
#10930 = STYLED_ITEM('color',(#10931),#3745);
#10931 = PRESENTATION_STYLE_ASSIGNMENT((#10932,#10937));
#10932 = SURFACE_STYLE_USAGE(.BOTH.,#10933);
#10933 = SURFACE_SIDE_STYLE('',(#10934));
#10934 = SURFACE_STYLE_FILL_AREA(#10935);
#10935 = FILL_AREA_STYLE('',(#10936));
#10936 = FILL_AREA_STYLE_COLOUR('',#10297);
#10937 = CURVE_STYLE('',#10938,POSITIVE_LENGTH_MEASURE(0.1),#10297);
#10938 = DRAUGHTING_PRE_DEFINED_CURVE_FONT('continuous');
#10939 = STYLED_ITEM('color',(#10940),#3776);
#10940 = PRESENTATION_STYLE_ASSIGNMENT((#10941,#10946));
#10941 = SURFACE_STYLE_USAGE(.BOTH.,#10942);
#10942 = SURFACE_SIDE_STYLE('',(#10943));
#10943 = SURFACE_STYLE_FILL_AREA(#10944);
#10944 = FILL_AREA_STYLE('',(#10945));
#10945 = FILL_AREA_STYLE_COLOUR('',#10702);
#10946 = CURVE_STYLE('',#10947,POSITIVE_LENGTH_MEASURE(0.1),#10702);
#10947 = DRAUGHTING_PRE_DEFINED_CURVE_FONT('continuous');
#10948 = STYLED_ITEM('color',(#10949),#3793);
#10949 = PRESENTATION_STYLE_ASSIGNMENT((#10950,#10955));
#10950 = SURFACE_STYLE_USAGE(.BOTH.,#10951);
#10951 = SURFACE_SIDE_STYLE('',(#10952));
#10952 = SURFACE_STYLE_FILL_AREA(#10953);
#10953 = FILL_AREA_STYLE('',(#10954));
#10954 = FILL_AREA_STYLE_COLOUR('',#10702);
#10955 = CURVE_STYLE('',#10956,POSITIVE_LENGTH_MEASURE(0.1),#10702);
#10956 = DRAUGHTING_PRE_DEFINED_CURVE_FONT('continuous');
#10957 = STYLED_ITEM('color',(#10958),#3810);
#10958 = PRESENTATION_STYLE_ASSIGNMENT((#10959,#10964));
#10959 = SURFACE_STYLE_USAGE(.BOTH.,#10960);
#10960 = SURFACE_SIDE_STYLE('',(#10961));
#10961 = SURFACE_STYLE_FILL_AREA(#10962);
#10962 = FILL_AREA_STYLE('',(#10963));
#10963 = FILL_AREA_STYLE_COLOUR('',#10297);
#10964 = CURVE_STYLE('',#10965,POSITIVE_LENGTH_MEASURE(0.1),#10297);
#10965 = DRAUGHTING_PRE_DEFINED_CURVE_FONT('continuous');
#10966 = STYLED_ITEM('color',(#10967),#3841);
#10967 = PRESENTATION_STYLE_ASSIGNMENT((#10968,#10973));
#10968 = SURFACE_STYLE_USAGE(.BOTH.,#10969);
#10969 = SURFACE_SIDE_STYLE('',(#10970));
#10970 = SURFACE_STYLE_FILL_AREA(#10971);
#10971 = FILL_AREA_STYLE('',(#10972));
#10972 = FILL_AREA_STYLE_COLOUR('',#10702);
#10973 = CURVE_STYLE('',#10974,POSITIVE_LENGTH_MEASURE(0.1),#10702);
#10974 = DRAUGHTING_PRE_DEFINED_CURVE_FONT('continuous');
#10975 = STYLED_ITEM('color',(#10976),#3872);
#10976 = PRESENTATION_STYLE_ASSIGNMENT((#10977,#10982));
#10977 = SURFACE_STYLE_USAGE(.BOTH.,#10978);
#10978 = SURFACE_SIDE_STYLE('',(#10979));
#10979 = SURFACE_STYLE_FILL_AREA(#10980);
#10980 = FILL_AREA_STYLE('',(#10981));
#10981 = FILL_AREA_STYLE_COLOUR('',#10297);
#10982 = CURVE_STYLE('',#10983,POSITIVE_LENGTH_MEASURE(0.1),#10297);
#10983 = DRAUGHTING_PRE_DEFINED_CURVE_FONT('continuous');
#10984 = STYLED_ITEM('color',(#10985),#3903);
#10985 = PRESENTATION_STYLE_ASSIGNMENT((#10986,#10991));
#10986 = SURFACE_STYLE_USAGE(.BOTH.,#10987);
#10987 = SURFACE_SIDE_STYLE('',(#10988));
#10988 = SURFACE_STYLE_FILL_AREA(#10989);
#10989 = FILL_AREA_STYLE('',(#10990));
#10990 = FILL_AREA_STYLE_COLOUR('',#10702);
#10991 = CURVE_STYLE('',#10992,POSITIVE_LENGTH_MEASURE(0.1),#10702);
#10992 = DRAUGHTING_PRE_DEFINED_CURVE_FONT('continuous');
#10993 = STYLED_ITEM('color',(#10994),#3934);
#10994 = PRESENTATION_STYLE_ASSIGNMENT((#10995,#11000));
#10995 = SURFACE_STYLE_USAGE(.BOTH.,#10996);
#10996 = SURFACE_SIDE_STYLE('',(#10997));
#10997 = SURFACE_STYLE_FILL_AREA(#10998);
#10998 = FILL_AREA_STYLE('',(#10999));
#10999 = FILL_AREA_STYLE_COLOUR('',#10297);
#11000 = CURVE_STYLE('',#11001,POSITIVE_LENGTH_MEASURE(0.1),#10297);
#11001 = DRAUGHTING_PRE_DEFINED_CURVE_FONT('continuous');
#11002 = STYLED_ITEM('color',(#11003),#3965);
#11003 = PRESENTATION_STYLE_ASSIGNMENT((#11004,#11009));
#11004 = SURFACE_STYLE_USAGE(.BOTH.,#11005);
#11005 = SURFACE_SIDE_STYLE('',(#11006));
#11006 = SURFACE_STYLE_FILL_AREA(#11007);
#11007 = FILL_AREA_STYLE('',(#11008));
#11008 = FILL_AREA_STYLE_COLOUR('',#10702);
#11009 = CURVE_STYLE('',#11010,POSITIVE_LENGTH_MEASURE(0.1),#10702);
#11010 = DRAUGHTING_PRE_DEFINED_CURVE_FONT('continuous');
#11011 = STYLED_ITEM('color',(#11012),#3996);
#11012 = PRESENTATION_STYLE_ASSIGNMENT((#11013,#11018));
#11013 = SURFACE_STYLE_USAGE(.BOTH.,#11014);
#11014 = SURFACE_SIDE_STYLE('',(#11015));
#11015 = SURFACE_STYLE_FILL_AREA(#11016);
#11016 = FILL_AREA_STYLE('',(#11017));
#11017 = FILL_AREA_STYLE_COLOUR('',#10297);
#11018 = CURVE_STYLE('',#11019,POSITIVE_LENGTH_MEASURE(0.1),#10297);
#11019 = DRAUGHTING_PRE_DEFINED_CURVE_FONT('continuous');
#11020 = STYLED_ITEM('color',(#11021),#4027);
#11021 = PRESENTATION_STYLE_ASSIGNMENT((#11022,#11027));
#11022 = SURFACE_STYLE_USAGE(.BOTH.,#11023);
#11023 = SURFACE_SIDE_STYLE('',(#11024));
#11024 = SURFACE_STYLE_FILL_AREA(#11025);
#11025 = FILL_AREA_STYLE('',(#11026));
#11026 = FILL_AREA_STYLE_COLOUR('',#10702);
#11027 = CURVE_STYLE('',#11028,POSITIVE_LENGTH_MEASURE(0.1),#10702);
#11028 = DRAUGHTING_PRE_DEFINED_CURVE_FONT('continuous');
#11029 = STYLED_ITEM('color',(#11030),#4058);
#11030 = PRESENTATION_STYLE_ASSIGNMENT((#11031,#11036));
#11031 = SURFACE_STYLE_USAGE(.BOTH.,#11032);
#11032 = SURFACE_SIDE_STYLE('',(#11033));
#11033 = SURFACE_STYLE_FILL_AREA(#11034);
#11034 = FILL_AREA_STYLE('',(#11035));
#11035 = FILL_AREA_STYLE_COLOUR('',#10297);
#11036 = CURVE_STYLE('',#11037,POSITIVE_LENGTH_MEASURE(0.1),#10297);
#11037 = DRAUGHTING_PRE_DEFINED_CURVE_FONT('continuous');
#11038 = STYLED_ITEM('color',(#11039),#4089);
#11039 = PRESENTATION_STYLE_ASSIGNMENT((#11040,#11045));
#11040 = SURFACE_STYLE_USAGE(.BOTH.,#11041);
#11041 = SURFACE_SIDE_STYLE('',(#11042));
#11042 = SURFACE_STYLE_FILL_AREA(#11043);
#11043 = FILL_AREA_STYLE('',(#11044));
#11044 = FILL_AREA_STYLE_COLOUR('',#10702);
#11045 = CURVE_STYLE('',#11046,POSITIVE_LENGTH_MEASURE(0.1),#10702);
#11046 = DRAUGHTING_PRE_DEFINED_CURVE_FONT('continuous');
#11047 = STYLED_ITEM('color',(#11048),#4120);
#11048 = PRESENTATION_STYLE_ASSIGNMENT((#11049,#11054));
#11049 = SURFACE_STYLE_USAGE(.BOTH.,#11050);
#11050 = SURFACE_SIDE_STYLE('',(#11051));
#11051 = SURFACE_STYLE_FILL_AREA(#11052);
#11052 = FILL_AREA_STYLE('',(#11053));
#11053 = FILL_AREA_STYLE_COLOUR('',#10297);
#11054 = CURVE_STYLE('',#11055,POSITIVE_LENGTH_MEASURE(0.1),#10297);
#11055 = DRAUGHTING_PRE_DEFINED_CURVE_FONT('continuous');
#11056 = STYLED_ITEM('color',(#11057),#4151);
#11057 = PRESENTATION_STYLE_ASSIGNMENT((#11058,#11063));
#11058 = SURFACE_STYLE_USAGE(.BOTH.,#11059);
#11059 = SURFACE_SIDE_STYLE('',(#11060));
#11060 = SURFACE_STYLE_FILL_AREA(#11061);
#11061 = FILL_AREA_STYLE('',(#11062));
#11062 = FILL_AREA_STYLE_COLOUR('',#10702);
#11063 = CURVE_STYLE('',#11064,POSITIVE_LENGTH_MEASURE(0.1),#10702);
#11064 = DRAUGHTING_PRE_DEFINED_CURVE_FONT('continuous');
#11065 = STYLED_ITEM('color',(#11066),#4182);
#11066 = PRESENTATION_STYLE_ASSIGNMENT((#11067,#11072));
#11067 = SURFACE_STYLE_USAGE(.BOTH.,#11068);
#11068 = SURFACE_SIDE_STYLE('',(#11069));
#11069 = SURFACE_STYLE_FILL_AREA(#11070);
#11070 = FILL_AREA_STYLE('',(#11071));
#11071 = FILL_AREA_STYLE_COLOUR('',#10297);
#11072 = CURVE_STYLE('',#11073,POSITIVE_LENGTH_MEASURE(0.1),#10297);
#11073 = DRAUGHTING_PRE_DEFINED_CURVE_FONT('continuous');
#11074 = STYLED_ITEM('color',(#11075),#4213);
#11075 = PRESENTATION_STYLE_ASSIGNMENT((#11076,#11081));
#11076 = SURFACE_STYLE_USAGE(.BOTH.,#11077);
#11077 = SURFACE_SIDE_STYLE('',(#11078));
#11078 = SURFACE_STYLE_FILL_AREA(#11079);
#11079 = FILL_AREA_STYLE('',(#11080));
#11080 = FILL_AREA_STYLE_COLOUR('',#10702);
#11081 = CURVE_STYLE('',#11082,POSITIVE_LENGTH_MEASURE(0.1),#10702);
#11082 = DRAUGHTING_PRE_DEFINED_CURVE_FONT('continuous');
#11083 = STYLED_ITEM('color',(#11084),#4243);
#11084 = PRESENTATION_STYLE_ASSIGNMENT((#11085,#11090));
#11085 = SURFACE_STYLE_USAGE(.BOTH.,#11086);
#11086 = SURFACE_SIDE_STYLE('',(#11087));
#11087 = SURFACE_STYLE_FILL_AREA(#11088);
#11088 = FILL_AREA_STYLE('',(#11089));
#11089 = FILL_AREA_STYLE_COLOUR('',#10702);
#11090 = CURVE_STYLE('',#11091,POSITIVE_LENGTH_MEASURE(0.1),#10702);
#11091 = DRAUGHTING_PRE_DEFINED_CURVE_FONT('continuous');
#11092 = STYLED_ITEM('color',(#11093),#4266);
#11093 = PRESENTATION_STYLE_ASSIGNMENT((#11094,#11099));
#11094 = SURFACE_STYLE_USAGE(.BOTH.,#11095);
#11095 = SURFACE_SIDE_STYLE('',(#11096));
#11096 = SURFACE_STYLE_FILL_AREA(#11097);
#11097 = FILL_AREA_STYLE('',(#11098));
#11098 = FILL_AREA_STYLE_COLOUR('',#10702);
#11099 = CURVE_STYLE('',#11100,POSITIVE_LENGTH_MEASURE(0.1),#10702);
#11100 = DRAUGHTING_PRE_DEFINED_CURVE_FONT('continuous');
#11101 = STYLED_ITEM('color',(#11102),#4289);
#11102 = PRESENTATION_STYLE_ASSIGNMENT((#11103,#11108));
#11103 = SURFACE_STYLE_USAGE(.BOTH.,#11104);
#11104 = SURFACE_SIDE_STYLE('',(#11105));
#11105 = SURFACE_STYLE_FILL_AREA(#11106);
#11106 = FILL_AREA_STYLE('',(#11107));
#11107 = FILL_AREA_STYLE_COLOUR('',#10702);
#11108 = CURVE_STYLE('',#11109,POSITIVE_LENGTH_MEASURE(0.1),#10702);
#11109 = DRAUGHTING_PRE_DEFINED_CURVE_FONT('continuous');
#11110 = STYLED_ITEM('color',(#11111),#4306);
#11111 = PRESENTATION_STYLE_ASSIGNMENT((#11112,#11117));
#11112 = SURFACE_STYLE_USAGE(.BOTH.,#11113);
#11113 = SURFACE_SIDE_STYLE('',(#11114));
#11114 = SURFACE_STYLE_FILL_AREA(#11115);
#11115 = FILL_AREA_STYLE('',(#11116));
#11116 = FILL_AREA_STYLE_COLOUR('',#10297);
#11117 = CURVE_STYLE('',#11118,POSITIVE_LENGTH_MEASURE(0.1),#10297);
#11118 = DRAUGHTING_PRE_DEFINED_CURVE_FONT('continuous');
#11119 = STYLED_ITEM('color',(#11120),#4351);
#11120 = PRESENTATION_STYLE_ASSIGNMENT((#11121,#11126));
#11121 = SURFACE_STYLE_USAGE(.BOTH.,#11122);
#11122 = SURFACE_SIDE_STYLE('',(#11123));
#11123 = SURFACE_STYLE_FILL_AREA(#11124);
#11124 = FILL_AREA_STYLE('',(#11125));
#11125 = FILL_AREA_STYLE_COLOUR('',#10702);
#11126 = CURVE_STYLE('',#11127,POSITIVE_LENGTH_MEASURE(0.1),#10702);
#11127 = DRAUGHTING_PRE_DEFINED_CURVE_FONT('continuous');
#11128 = STYLED_ITEM('color',(#11129),#4485);
#11129 = PRESENTATION_STYLE_ASSIGNMENT((#11130,#11135));
#11130 = SURFACE_STYLE_USAGE(.BOTH.,#11131);
#11131 = SURFACE_SIDE_STYLE('',(#11132));
#11132 = SURFACE_STYLE_FILL_AREA(#11133);
#11133 = FILL_AREA_STYLE('',(#11134));
#11134 = FILL_AREA_STYLE_COLOUR('',#10702);
#11135 = CURVE_STYLE('',#11136,POSITIVE_LENGTH_MEASURE(0.1),#10702);
#11136 = DRAUGHTING_PRE_DEFINED_CURVE_FONT('continuous');
#11137 = STYLED_ITEM('color',(#11138),#4508);
#11138 = PRESENTATION_STYLE_ASSIGNMENT((#11139,#11144));
#11139 = SURFACE_STYLE_USAGE(.BOTH.,#11140);
#11140 = SURFACE_SIDE_STYLE('',(#11141));
#11141 = SURFACE_STYLE_FILL_AREA(#11142);
#11142 = FILL_AREA_STYLE('',(#11143));
#11143 = FILL_AREA_STYLE_COLOUR('',#10702);
#11144 = CURVE_STYLE('',#11145,POSITIVE_LENGTH_MEASURE(0.1),#10702);
#11145 = DRAUGHTING_PRE_DEFINED_CURVE_FONT('continuous');
#11146 = STYLED_ITEM('color',(#11147),#4531);
#11147 = PRESENTATION_STYLE_ASSIGNMENT((#11148,#11153));
#11148 = SURFACE_STYLE_USAGE(.BOTH.,#11149);
#11149 = SURFACE_SIDE_STYLE('',(#11150));
#11150 = SURFACE_STYLE_FILL_AREA(#11151);
#11151 = FILL_AREA_STYLE('',(#11152));
#11152 = FILL_AREA_STYLE_COLOUR('',#10702);
#11153 = CURVE_STYLE('',#11154,POSITIVE_LENGTH_MEASURE(0.1),#10702);
#11154 = DRAUGHTING_PRE_DEFINED_CURVE_FONT('continuous');
#11155 = STYLED_ITEM('color',(#11156),#4554);
#11156 = PRESENTATION_STYLE_ASSIGNMENT((#11157,#11162));
#11157 = SURFACE_STYLE_USAGE(.BOTH.,#11158);
#11158 = SURFACE_SIDE_STYLE('',(#11159));
#11159 = SURFACE_STYLE_FILL_AREA(#11160);
#11160 = FILL_AREA_STYLE('',(#11161));
#11161 = FILL_AREA_STYLE_COLOUR('',#10702);
#11162 = CURVE_STYLE('',#11163,POSITIVE_LENGTH_MEASURE(0.1),#10702);
#11163 = DRAUGHTING_PRE_DEFINED_CURVE_FONT('continuous');
#11164 = STYLED_ITEM('color',(#11165),#4689);
#11165 = PRESENTATION_STYLE_ASSIGNMENT((#11166,#11171));
#11166 = SURFACE_STYLE_USAGE(.BOTH.,#11167);
#11167 = SURFACE_SIDE_STYLE('',(#11168));
#11168 = SURFACE_STYLE_FILL_AREA(#11169);
#11169 = FILL_AREA_STYLE('',(#11170));
#11170 = FILL_AREA_STYLE_COLOUR('',#10297);
#11171 = CURVE_STYLE('',#11172,POSITIVE_LENGTH_MEASURE(0.1),#10297);
#11172 = DRAUGHTING_PRE_DEFINED_CURVE_FONT('continuous');
#11173 = STYLED_ITEM('color',(#11174),#4727);
#11174 = PRESENTATION_STYLE_ASSIGNMENT((#11175,#11180));
#11175 = SURFACE_STYLE_USAGE(.BOTH.,#11176);
#11176 = SURFACE_SIDE_STYLE('',(#11177));
#11177 = SURFACE_STYLE_FILL_AREA(#11178);
#11178 = FILL_AREA_STYLE('',(#11179));
#11179 = FILL_AREA_STYLE_COLOUR('',#10702);
#11180 = CURVE_STYLE('',#11181,POSITIVE_LENGTH_MEASURE(0.1),#10702);
#11181 = DRAUGHTING_PRE_DEFINED_CURVE_FONT('continuous');
#11182 = STYLED_ITEM('color',(#11183),#4776);
#11183 = PRESENTATION_STYLE_ASSIGNMENT((#11184,#11189));
#11184 = SURFACE_STYLE_USAGE(.BOTH.,#11185);
#11185 = SURFACE_SIDE_STYLE('',(#11186));
#11186 = SURFACE_STYLE_FILL_AREA(#11187);
#11187 = FILL_AREA_STYLE('',(#11188));
#11188 = FILL_AREA_STYLE_COLOUR('',#10297);
#11189 = CURVE_STYLE('',#11190,POSITIVE_LENGTH_MEASURE(0.1),#10297);
#11190 = DRAUGHTING_PRE_DEFINED_CURVE_FONT('continuous');
#11191 = STYLED_ITEM('color',(#11192),#4868);
#11192 = PRESENTATION_STYLE_ASSIGNMENT((#11193,#11198));
#11193 = SURFACE_STYLE_USAGE(.BOTH.,#11194);
#11194 = SURFACE_SIDE_STYLE('',(#11195));
#11195 = SURFACE_STYLE_FILL_AREA(#11196);
#11196 = FILL_AREA_STYLE('',(#11197));
#11197 = FILL_AREA_STYLE_COLOUR('',#10297);
#11198 = CURVE_STYLE('',#11199,POSITIVE_LENGTH_MEASURE(0.1),#10297);
#11199 = DRAUGHTING_PRE_DEFINED_CURVE_FONT('continuous');
#11200 = STYLED_ITEM('color',(#11201),#4893);
#11201 = PRESENTATION_STYLE_ASSIGNMENT((#11202,#11207));
#11202 = SURFACE_STYLE_USAGE(.BOTH.,#11203);
#11203 = SURFACE_SIDE_STYLE('',(#11204));
#11204 = SURFACE_STYLE_FILL_AREA(#11205);
#11205 = FILL_AREA_STYLE('',(#11206));
#11206 = FILL_AREA_STYLE_COLOUR('',#10297);
#11207 = CURVE_STYLE('',#11208,POSITIVE_LENGTH_MEASURE(0.1),#10297);
#11208 = DRAUGHTING_PRE_DEFINED_CURVE_FONT('continuous');
#11209 = STYLED_ITEM('color',(#11210),#4977);
#11210 = PRESENTATION_STYLE_ASSIGNMENT((#11211,#11216));
#11211 = SURFACE_STYLE_USAGE(.BOTH.,#11212);
#11212 = SURFACE_SIDE_STYLE('',(#11213));
#11213 = SURFACE_STYLE_FILL_AREA(#11214);
#11214 = FILL_AREA_STYLE('',(#11215));
#11215 = FILL_AREA_STYLE_COLOUR('',#10702);
#11216 = CURVE_STYLE('',#11217,POSITIVE_LENGTH_MEASURE(0.1),#10702);
#11217 = DRAUGHTING_PRE_DEFINED_CURVE_FONT('continuous');
#11218 = STYLED_ITEM('color',(#11219),#4999);
#11219 = PRESENTATION_STYLE_ASSIGNMENT((#11220,#11225));
#11220 = SURFACE_STYLE_USAGE(.BOTH.,#11221);
#11221 = SURFACE_SIDE_STYLE('',(#11222));
#11222 = SURFACE_STYLE_FILL_AREA(#11223);
#11223 = FILL_AREA_STYLE('',(#11224));
#11224 = FILL_AREA_STYLE_COLOUR('',#10297);
#11225 = CURVE_STYLE('',#11226,POSITIVE_LENGTH_MEASURE(0.1),#10297);
#11226 = DRAUGHTING_PRE_DEFINED_CURVE_FONT('continuous');
#11227 = STYLED_ITEM('color',(#11228),#5091);
#11228 = PRESENTATION_STYLE_ASSIGNMENT((#11229,#11234));
#11229 = SURFACE_STYLE_USAGE(.BOTH.,#11230);
#11230 = SURFACE_SIDE_STYLE('',(#11231));
#11231 = SURFACE_STYLE_FILL_AREA(#11232);
#11232 = FILL_AREA_STYLE('',(#11233));
#11233 = FILL_AREA_STYLE_COLOUR('',#10297);
#11234 = CURVE_STYLE('',#11235,POSITIVE_LENGTH_MEASURE(0.1),#10297);
#11235 = DRAUGHTING_PRE_DEFINED_CURVE_FONT('continuous');
#11236 = STYLED_ITEM('color',(#11237),#5116);
#11237 = PRESENTATION_STYLE_ASSIGNMENT((#11238,#11243));
#11238 = SURFACE_STYLE_USAGE(.BOTH.,#11239);
#11239 = SURFACE_SIDE_STYLE('',(#11240));
#11240 = SURFACE_STYLE_FILL_AREA(#11241);
#11241 = FILL_AREA_STYLE('',(#11242));
#11242 = FILL_AREA_STYLE_COLOUR('',#10297);
#11243 = CURVE_STYLE('',#11244,POSITIVE_LENGTH_MEASURE(0.1),#10297);
#11244 = DRAUGHTING_PRE_DEFINED_CURVE_FONT('continuous');
#11245 = STYLED_ITEM('color',(#11246),#5200);
#11246 = PRESENTATION_STYLE_ASSIGNMENT((#11247,#11252));
#11247 = SURFACE_STYLE_USAGE(.BOTH.,#11248);
#11248 = SURFACE_SIDE_STYLE('',(#11249));
#11249 = SURFACE_STYLE_FILL_AREA(#11250);
#11250 = FILL_AREA_STYLE('',(#11251));
#11251 = FILL_AREA_STYLE_COLOUR('',#10702);
#11252 = CURVE_STYLE('',#11253,POSITIVE_LENGTH_MEASURE(0.1),#10702);
#11253 = DRAUGHTING_PRE_DEFINED_CURVE_FONT('continuous');
#11254 = STYLED_ITEM('color',(#11255),#5222);
#11255 = PRESENTATION_STYLE_ASSIGNMENT((#11256,#11261));
#11256 = SURFACE_STYLE_USAGE(.BOTH.,#11257);
#11257 = SURFACE_SIDE_STYLE('',(#11258));
#11258 = SURFACE_STYLE_FILL_AREA(#11259);
#11259 = FILL_AREA_STYLE('',(#11260));
#11260 = FILL_AREA_STYLE_COLOUR('',#10297);
#11261 = CURVE_STYLE('',#11262,POSITIVE_LENGTH_MEASURE(0.1),#10297);
#11262 = DRAUGHTING_PRE_DEFINED_CURVE_FONT('continuous');
#11263 = STYLED_ITEM('color',(#11264),#5314);
#11264 = PRESENTATION_STYLE_ASSIGNMENT((#11265,#11270));
#11265 = SURFACE_STYLE_USAGE(.BOTH.,#11266);
#11266 = SURFACE_SIDE_STYLE('',(#11267));
#11267 = SURFACE_STYLE_FILL_AREA(#11268);
#11268 = FILL_AREA_STYLE('',(#11269));
#11269 = FILL_AREA_STYLE_COLOUR('',#10297);
#11270 = CURVE_STYLE('',#11271,POSITIVE_LENGTH_MEASURE(0.1),#10297);
#11271 = DRAUGHTING_PRE_DEFINED_CURVE_FONT('continuous');
#11272 = STYLED_ITEM('color',(#11273),#5339);
#11273 = PRESENTATION_STYLE_ASSIGNMENT((#11274,#11279));
#11274 = SURFACE_STYLE_USAGE(.BOTH.,#11275);
#11275 = SURFACE_SIDE_STYLE('',(#11276));
#11276 = SURFACE_STYLE_FILL_AREA(#11277);
#11277 = FILL_AREA_STYLE('',(#11278));
#11278 = FILL_AREA_STYLE_COLOUR('',#10297);
#11279 = CURVE_STYLE('',#11280,POSITIVE_LENGTH_MEASURE(0.1),#10297);
#11280 = DRAUGHTING_PRE_DEFINED_CURVE_FONT('continuous');
#11281 = STYLED_ITEM('color',(#11282),#5423);
#11282 = PRESENTATION_STYLE_ASSIGNMENT((#11283,#11288));
#11283 = SURFACE_STYLE_USAGE(.BOTH.,#11284);
#11284 = SURFACE_SIDE_STYLE('',(#11285));
#11285 = SURFACE_STYLE_FILL_AREA(#11286);
#11286 = FILL_AREA_STYLE('',(#11287));
#11287 = FILL_AREA_STYLE_COLOUR('',#10702);
#11288 = CURVE_STYLE('',#11289,POSITIVE_LENGTH_MEASURE(0.1),#10702);
#11289 = DRAUGHTING_PRE_DEFINED_CURVE_FONT('continuous');
#11290 = STYLED_ITEM('color',(#11291),#5445);
#11291 = PRESENTATION_STYLE_ASSIGNMENT((#11292,#11297));
#11292 = SURFACE_STYLE_USAGE(.BOTH.,#11293);
#11293 = SURFACE_SIDE_STYLE('',(#11294));
#11294 = SURFACE_STYLE_FILL_AREA(#11295);
#11295 = FILL_AREA_STYLE('',(#11296));
#11296 = FILL_AREA_STYLE_COLOUR('',#10297);
#11297 = CURVE_STYLE('',#11298,POSITIVE_LENGTH_MEASURE(0.1),#10297);
#11298 = DRAUGHTING_PRE_DEFINED_CURVE_FONT('continuous');
#11299 = STYLED_ITEM('color',(#11300),#5537);
#11300 = PRESENTATION_STYLE_ASSIGNMENT((#11301,#11306));
#11301 = SURFACE_STYLE_USAGE(.BOTH.,#11302);
#11302 = SURFACE_SIDE_STYLE('',(#11303));
#11303 = SURFACE_STYLE_FILL_AREA(#11304);
#11304 = FILL_AREA_STYLE('',(#11305));
#11305 = FILL_AREA_STYLE_COLOUR('',#10297);
#11306 = CURVE_STYLE('',#11307,POSITIVE_LENGTH_MEASURE(0.1),#10297);
#11307 = DRAUGHTING_PRE_DEFINED_CURVE_FONT('continuous');
#11308 = STYLED_ITEM('color',(#11309),#5562);
#11309 = PRESENTATION_STYLE_ASSIGNMENT((#11310,#11315));
#11310 = SURFACE_STYLE_USAGE(.BOTH.,#11311);
#11311 = SURFACE_SIDE_STYLE('',(#11312));
#11312 = SURFACE_STYLE_FILL_AREA(#11313);
#11313 = FILL_AREA_STYLE('',(#11314));
#11314 = FILL_AREA_STYLE_COLOUR('',#10297);
#11315 = CURVE_STYLE('',#11316,POSITIVE_LENGTH_MEASURE(0.1),#10297);
#11316 = DRAUGHTING_PRE_DEFINED_CURVE_FONT('continuous');
#11317 = STYLED_ITEM('color',(#11318),#5646);
#11318 = PRESENTATION_STYLE_ASSIGNMENT((#11319,#11324));
#11319 = SURFACE_STYLE_USAGE(.BOTH.,#11320);
#11320 = SURFACE_SIDE_STYLE('',(#11321));
#11321 = SURFACE_STYLE_FILL_AREA(#11322);
#11322 = FILL_AREA_STYLE('',(#11323));
#11323 = FILL_AREA_STYLE_COLOUR('',#10702);
#11324 = CURVE_STYLE('',#11325,POSITIVE_LENGTH_MEASURE(0.1),#10702);
#11325 = DRAUGHTING_PRE_DEFINED_CURVE_FONT('continuous');
#11326 = STYLED_ITEM('color',(#11327),#5668);
#11327 = PRESENTATION_STYLE_ASSIGNMENT((#11328,#11333));
#11328 = SURFACE_STYLE_USAGE(.BOTH.,#11329);
#11329 = SURFACE_SIDE_STYLE('',(#11330));
#11330 = SURFACE_STYLE_FILL_AREA(#11331);
#11331 = FILL_AREA_STYLE('',(#11332));
#11332 = FILL_AREA_STYLE_COLOUR('',#10297);
#11333 = CURVE_STYLE('',#11334,POSITIVE_LENGTH_MEASURE(0.1),#10297);
#11334 = DRAUGHTING_PRE_DEFINED_CURVE_FONT('continuous');
#11335 = STYLED_ITEM('color',(#11336),#5760);
#11336 = PRESENTATION_STYLE_ASSIGNMENT((#11337,#11342));
#11337 = SURFACE_STYLE_USAGE(.BOTH.,#11338);
#11338 = SURFACE_SIDE_STYLE('',(#11339));
#11339 = SURFACE_STYLE_FILL_AREA(#11340);
#11340 = FILL_AREA_STYLE('',(#11341));
#11341 = FILL_AREA_STYLE_COLOUR('',#10297);
#11342 = CURVE_STYLE('',#11343,POSITIVE_LENGTH_MEASURE(0.1),#10297);
#11343 = DRAUGHTING_PRE_DEFINED_CURVE_FONT('continuous');
#11344 = STYLED_ITEM('color',(#11345),#5785);
#11345 = PRESENTATION_STYLE_ASSIGNMENT((#11346,#11351));
#11346 = SURFACE_STYLE_USAGE(.BOTH.,#11347);
#11347 = SURFACE_SIDE_STYLE('',(#11348));
#11348 = SURFACE_STYLE_FILL_AREA(#11349);
#11349 = FILL_AREA_STYLE('',(#11350));
#11350 = FILL_AREA_STYLE_COLOUR('',#10297);
#11351 = CURVE_STYLE('',#11352,POSITIVE_LENGTH_MEASURE(0.1),#10297);
#11352 = DRAUGHTING_PRE_DEFINED_CURVE_FONT('continuous');
#11353 = STYLED_ITEM('color',(#11354),#5869);
#11354 = PRESENTATION_STYLE_ASSIGNMENT((#11355,#11360));
#11355 = SURFACE_STYLE_USAGE(.BOTH.,#11356);
#11356 = SURFACE_SIDE_STYLE('',(#11357));
#11357 = SURFACE_STYLE_FILL_AREA(#11358);
#11358 = FILL_AREA_STYLE('',(#11359));
#11359 = FILL_AREA_STYLE_COLOUR('',#10702);
#11360 = CURVE_STYLE('',#11361,POSITIVE_LENGTH_MEASURE(0.1),#10702);
#11361 = DRAUGHTING_PRE_DEFINED_CURVE_FONT('continuous');
#11362 = STYLED_ITEM('color',(#11363),#5891);
#11363 = PRESENTATION_STYLE_ASSIGNMENT((#11364,#11369));
#11364 = SURFACE_STYLE_USAGE(.BOTH.,#11365);
#11365 = SURFACE_SIDE_STYLE('',(#11366));
#11366 = SURFACE_STYLE_FILL_AREA(#11367);
#11367 = FILL_AREA_STYLE('',(#11368));
#11368 = FILL_AREA_STYLE_COLOUR('',#10297);
#11369 = CURVE_STYLE('',#11370,POSITIVE_LENGTH_MEASURE(0.1),#10297);
#11370 = DRAUGHTING_PRE_DEFINED_CURVE_FONT('continuous');
#11371 = STYLED_ITEM('color',(#11372),#5983);
#11372 = PRESENTATION_STYLE_ASSIGNMENT((#11373,#11378));
#11373 = SURFACE_STYLE_USAGE(.BOTH.,#11374);
#11374 = SURFACE_SIDE_STYLE('',(#11375));
#11375 = SURFACE_STYLE_FILL_AREA(#11376);
#11376 = FILL_AREA_STYLE('',(#11377));
#11377 = FILL_AREA_STYLE_COLOUR('',#10297);
#11378 = CURVE_STYLE('',#11379,POSITIVE_LENGTH_MEASURE(0.1),#10297);
#11379 = DRAUGHTING_PRE_DEFINED_CURVE_FONT('continuous');
#11380 = STYLED_ITEM('color',(#11381),#6008);
#11381 = PRESENTATION_STYLE_ASSIGNMENT((#11382,#11387));
#11382 = SURFACE_STYLE_USAGE(.BOTH.,#11383);
#11383 = SURFACE_SIDE_STYLE('',(#11384));
#11384 = SURFACE_STYLE_FILL_AREA(#11385);
#11385 = FILL_AREA_STYLE('',(#11386));
#11386 = FILL_AREA_STYLE_COLOUR('',#10297);
#11387 = CURVE_STYLE('',#11388,POSITIVE_LENGTH_MEASURE(0.1),#10297);
#11388 = DRAUGHTING_PRE_DEFINED_CURVE_FONT('continuous');
#11389 = STYLED_ITEM('color',(#11390),#6092);
#11390 = PRESENTATION_STYLE_ASSIGNMENT((#11391,#11396));
#11391 = SURFACE_STYLE_USAGE(.BOTH.,#11392);
#11392 = SURFACE_SIDE_STYLE('',(#11393));
#11393 = SURFACE_STYLE_FILL_AREA(#11394);
#11394 = FILL_AREA_STYLE('',(#11395));
#11395 = FILL_AREA_STYLE_COLOUR('',#10702);
#11396 = CURVE_STYLE('',#11397,POSITIVE_LENGTH_MEASURE(0.1),#10702);
#11397 = DRAUGHTING_PRE_DEFINED_CURVE_FONT('continuous');
#11398 = STYLED_ITEM('color',(#11399),#6109);
#11399 = PRESENTATION_STYLE_ASSIGNMENT((#11400,#11405));
#11400 = SURFACE_STYLE_USAGE(.BOTH.,#11401);
#11401 = SURFACE_SIDE_STYLE('',(#11402));
#11402 = SURFACE_STYLE_FILL_AREA(#11403);
#11403 = FILL_AREA_STYLE('',(#11404));
#11404 = FILL_AREA_STYLE_COLOUR('',#10297);
#11405 = CURVE_STYLE('',#11406,POSITIVE_LENGTH_MEASURE(0.1),#10297);
#11406 = DRAUGHTING_PRE_DEFINED_CURVE_FONT('continuous');
#11407 = STYLED_ITEM('color',(#11408),#6194);
#11408 = PRESENTATION_STYLE_ASSIGNMENT((#11409,#11414));
#11409 = SURFACE_STYLE_USAGE(.BOTH.,#11410);
#11410 = SURFACE_SIDE_STYLE('',(#11411));
#11411 = SURFACE_STYLE_FILL_AREA(#11412);
#11412 = FILL_AREA_STYLE('',(#11413));
#11413 = FILL_AREA_STYLE_COLOUR('',#10297);
#11414 = CURVE_STYLE('',#11415,POSITIVE_LENGTH_MEASURE(0.1),#10297);
#11415 = DRAUGHTING_PRE_DEFINED_CURVE_FONT('continuous');
#11416 = STYLED_ITEM('color',(#11417),#6219);
#11417 = PRESENTATION_STYLE_ASSIGNMENT((#11418,#11423));
#11418 = SURFACE_STYLE_USAGE(.BOTH.,#11419);
#11419 = SURFACE_SIDE_STYLE('',(#11420));
#11420 = SURFACE_STYLE_FILL_AREA(#11421);
#11421 = FILL_AREA_STYLE('',(#11422));
#11422 = FILL_AREA_STYLE_COLOUR('',#10297);
#11423 = CURVE_STYLE('',#11424,POSITIVE_LENGTH_MEASURE(0.1),#10297);
#11424 = DRAUGHTING_PRE_DEFINED_CURVE_FONT('continuous');
#11425 = STYLED_ITEM('color',(#11426),#6296);
#11426 = PRESENTATION_STYLE_ASSIGNMENT((#11427,#11432));
#11427 = SURFACE_STYLE_USAGE(.BOTH.,#11428);
#11428 = SURFACE_SIDE_STYLE('',(#11429));
#11429 = SURFACE_STYLE_FILL_AREA(#11430);
#11430 = FILL_AREA_STYLE('',(#11431));
#11431 = FILL_AREA_STYLE_COLOUR('',#10297);
#11432 = CURVE_STYLE('',#11433,POSITIVE_LENGTH_MEASURE(0.1),#10297);
#11433 = DRAUGHTING_PRE_DEFINED_CURVE_FONT('continuous');
#11434 = STYLED_ITEM('color',(#11435),#6381);
#11435 = PRESENTATION_STYLE_ASSIGNMENT((#11436,#11441));
#11436 = SURFACE_STYLE_USAGE(.BOTH.,#11437);
#11437 = SURFACE_SIDE_STYLE('',(#11438));
#11438 = SURFACE_STYLE_FILL_AREA(#11439);
#11439 = FILL_AREA_STYLE('',(#11440));
#11440 = FILL_AREA_STYLE_COLOUR('',#10297);
#11441 = CURVE_STYLE('',#11442,POSITIVE_LENGTH_MEASURE(0.1),#10297);
#11442 = DRAUGHTING_PRE_DEFINED_CURVE_FONT('continuous');
#11443 = STYLED_ITEM('color',(#11444),#6406);
#11444 = PRESENTATION_STYLE_ASSIGNMENT((#11445,#11450));
#11445 = SURFACE_STYLE_USAGE(.BOTH.,#11446);
#11446 = SURFACE_SIDE_STYLE('',(#11447));
#11447 = SURFACE_STYLE_FILL_AREA(#11448);
#11448 = FILL_AREA_STYLE('',(#11449));
#11449 = FILL_AREA_STYLE_COLOUR('',#10297);
#11450 = CURVE_STYLE('',#11451,POSITIVE_LENGTH_MEASURE(0.1),#10297);
#11451 = DRAUGHTING_PRE_DEFINED_CURVE_FONT('continuous');
#11452 = STYLED_ITEM('color',(#11453),#6483);
#11453 = PRESENTATION_STYLE_ASSIGNMENT((#11454,#11459));
#11454 = SURFACE_STYLE_USAGE(.BOTH.,#11455);
#11455 = SURFACE_SIDE_STYLE('',(#11456));
#11456 = SURFACE_STYLE_FILL_AREA(#11457);
#11457 = FILL_AREA_STYLE('',(#11458));
#11458 = FILL_AREA_STYLE_COLOUR('',#10702);
#11459 = CURVE_STYLE('',#11460,POSITIVE_LENGTH_MEASURE(0.1),#10702);
#11460 = DRAUGHTING_PRE_DEFINED_CURVE_FONT('continuous');
#11461 = STYLED_ITEM('color',(#11462),#6500);
#11462 = PRESENTATION_STYLE_ASSIGNMENT((#11463,#11468));
#11463 = SURFACE_STYLE_USAGE(.BOTH.,#11464);
#11464 = SURFACE_SIDE_STYLE('',(#11465));
#11465 = SURFACE_STYLE_FILL_AREA(#11466);
#11466 = FILL_AREA_STYLE('',(#11467));
#11467 = FILL_AREA_STYLE_COLOUR('',#10297);
#11468 = CURVE_STYLE('',#11469,POSITIVE_LENGTH_MEASURE(0.1),#10297);
#11469 = DRAUGHTING_PRE_DEFINED_CURVE_FONT('continuous');
#11470 = STYLED_ITEM('color',(#11471),#6592);
#11471 = PRESENTATION_STYLE_ASSIGNMENT((#11472,#11477));
#11472 = SURFACE_STYLE_USAGE(.BOTH.,#11473);
#11473 = SURFACE_SIDE_STYLE('',(#11474));
#11474 = SURFACE_STYLE_FILL_AREA(#11475);
#11475 = FILL_AREA_STYLE('',(#11476));
#11476 = FILL_AREA_STYLE_COLOUR('',#10297);
#11477 = CURVE_STYLE('',#11478,POSITIVE_LENGTH_MEASURE(0.1),#10297);
#11478 = DRAUGHTING_PRE_DEFINED_CURVE_FONT('continuous');
#11479 = STYLED_ITEM('color',(#11480),#6617);
#11480 = PRESENTATION_STYLE_ASSIGNMENT((#11481,#11486));
#11481 = SURFACE_STYLE_USAGE(.BOTH.,#11482);
#11482 = SURFACE_SIDE_STYLE('',(#11483));
#11483 = SURFACE_STYLE_FILL_AREA(#11484);
#11484 = FILL_AREA_STYLE('',(#11485));
#11485 = FILL_AREA_STYLE_COLOUR('',#10297);
#11486 = CURVE_STYLE('',#11487,POSITIVE_LENGTH_MEASURE(0.1),#10297);
#11487 = DRAUGHTING_PRE_DEFINED_CURVE_FONT('continuous');
#11488 = STYLED_ITEM('color',(#11489),#6701);
#11489 = PRESENTATION_STYLE_ASSIGNMENT((#11490,#11495));
#11490 = SURFACE_STYLE_USAGE(.BOTH.,#11491);
#11491 = SURFACE_SIDE_STYLE('',(#11492));
#11492 = SURFACE_STYLE_FILL_AREA(#11493);
#11493 = FILL_AREA_STYLE('',(#11494));
#11494 = FILL_AREA_STYLE_COLOUR('',#10702);
#11495 = CURVE_STYLE('',#11496,POSITIVE_LENGTH_MEASURE(0.1),#10702);
#11496 = DRAUGHTING_PRE_DEFINED_CURVE_FONT('continuous');
#11497 = STYLED_ITEM('color',(#11498),#6723);
#11498 = PRESENTATION_STYLE_ASSIGNMENT((#11499,#11504));
#11499 = SURFACE_STYLE_USAGE(.BOTH.,#11500);
#11500 = SURFACE_SIDE_STYLE('',(#11501));
#11501 = SURFACE_STYLE_FILL_AREA(#11502);
#11502 = FILL_AREA_STYLE('',(#11503));
#11503 = FILL_AREA_STYLE_COLOUR('',#10297);
#11504 = CURVE_STYLE('',#11505,POSITIVE_LENGTH_MEASURE(0.1),#10297);
#11505 = DRAUGHTING_PRE_DEFINED_CURVE_FONT('continuous');
#11506 = STYLED_ITEM('color',(#11507),#6815);
#11507 = PRESENTATION_STYLE_ASSIGNMENT((#11508,#11513));
#11508 = SURFACE_STYLE_USAGE(.BOTH.,#11509);
#11509 = SURFACE_SIDE_STYLE('',(#11510));
#11510 = SURFACE_STYLE_FILL_AREA(#11511);
#11511 = FILL_AREA_STYLE('',(#11512));
#11512 = FILL_AREA_STYLE_COLOUR('',#10297);
#11513 = CURVE_STYLE('',#11514,POSITIVE_LENGTH_MEASURE(0.1),#10297);
#11514 = DRAUGHTING_PRE_DEFINED_CURVE_FONT('continuous');
#11515 = STYLED_ITEM('color',(#11516),#6840);
#11516 = PRESENTATION_STYLE_ASSIGNMENT((#11517,#11522));
#11517 = SURFACE_STYLE_USAGE(.BOTH.,#11518);
#11518 = SURFACE_SIDE_STYLE('',(#11519));
#11519 = SURFACE_STYLE_FILL_AREA(#11520);
#11520 = FILL_AREA_STYLE('',(#11521));
#11521 = FILL_AREA_STYLE_COLOUR('',#10297);
#11522 = CURVE_STYLE('',#11523,POSITIVE_LENGTH_MEASURE(0.1),#10297);
#11523 = DRAUGHTING_PRE_DEFINED_CURVE_FONT('continuous');
#11524 = STYLED_ITEM('color',(#11525),#6924);
#11525 = PRESENTATION_STYLE_ASSIGNMENT((#11526,#11531));
#11526 = SURFACE_STYLE_USAGE(.BOTH.,#11527);
#11527 = SURFACE_SIDE_STYLE('',(#11528));
#11528 = SURFACE_STYLE_FILL_AREA(#11529);
#11529 = FILL_AREA_STYLE('',(#11530));
#11530 = FILL_AREA_STYLE_COLOUR('',#10702);
#11531 = CURVE_STYLE('',#11532,POSITIVE_LENGTH_MEASURE(0.1),#10702);
#11532 = DRAUGHTING_PRE_DEFINED_CURVE_FONT('continuous');
#11533 = STYLED_ITEM('color',(#11534),#6946);
#11534 = PRESENTATION_STYLE_ASSIGNMENT((#11535,#11540));
#11535 = SURFACE_STYLE_USAGE(.BOTH.,#11536);
#11536 = SURFACE_SIDE_STYLE('',(#11537));
#11537 = SURFACE_STYLE_FILL_AREA(#11538);
#11538 = FILL_AREA_STYLE('',(#11539));
#11539 = FILL_AREA_STYLE_COLOUR('',#10297);
#11540 = CURVE_STYLE('',#11541,POSITIVE_LENGTH_MEASURE(0.1),#10297);
#11541 = DRAUGHTING_PRE_DEFINED_CURVE_FONT('continuous');
#11542 = STYLED_ITEM('color',(#11543),#7038);
#11543 = PRESENTATION_STYLE_ASSIGNMENT((#11544,#11549));
#11544 = SURFACE_STYLE_USAGE(.BOTH.,#11545);
#11545 = SURFACE_SIDE_STYLE('',(#11546));
#11546 = SURFACE_STYLE_FILL_AREA(#11547);
#11547 = FILL_AREA_STYLE('',(#11548));
#11548 = FILL_AREA_STYLE_COLOUR('',#10297);
#11549 = CURVE_STYLE('',#11550,POSITIVE_LENGTH_MEASURE(0.1),#10297);
#11550 = DRAUGHTING_PRE_DEFINED_CURVE_FONT('continuous');
#11551 = STYLED_ITEM('color',(#11552),#7063);
#11552 = PRESENTATION_STYLE_ASSIGNMENT((#11553,#11558));
#11553 = SURFACE_STYLE_USAGE(.BOTH.,#11554);
#11554 = SURFACE_SIDE_STYLE('',(#11555));
#11555 = SURFACE_STYLE_FILL_AREA(#11556);
#11556 = FILL_AREA_STYLE('',(#11557));
#11557 = FILL_AREA_STYLE_COLOUR('',#10297);
#11558 = CURVE_STYLE('',#11559,POSITIVE_LENGTH_MEASURE(0.1),#10297);
#11559 = DRAUGHTING_PRE_DEFINED_CURVE_FONT('continuous');
#11560 = STYLED_ITEM('color',(#11561),#7147);
#11561 = PRESENTATION_STYLE_ASSIGNMENT((#11562,#11567));
#11562 = SURFACE_STYLE_USAGE(.BOTH.,#11563);
#11563 = SURFACE_SIDE_STYLE('',(#11564));
#11564 = SURFACE_STYLE_FILL_AREA(#11565);
#11565 = FILL_AREA_STYLE('',(#11566));
#11566 = FILL_AREA_STYLE_COLOUR('',#10702);
#11567 = CURVE_STYLE('',#11568,POSITIVE_LENGTH_MEASURE(0.1),#10702);
#11568 = DRAUGHTING_PRE_DEFINED_CURVE_FONT('continuous');
#11569 = STYLED_ITEM('color',(#11570),#7169);
#11570 = PRESENTATION_STYLE_ASSIGNMENT((#11571,#11576));
#11571 = SURFACE_STYLE_USAGE(.BOTH.,#11572);
#11572 = SURFACE_SIDE_STYLE('',(#11573));
#11573 = SURFACE_STYLE_FILL_AREA(#11574);
#11574 = FILL_AREA_STYLE('',(#11575));
#11575 = FILL_AREA_STYLE_COLOUR('',#10297);
#11576 = CURVE_STYLE('',#11577,POSITIVE_LENGTH_MEASURE(0.1),#10297);
#11577 = DRAUGHTING_PRE_DEFINED_CURVE_FONT('continuous');
#11578 = STYLED_ITEM('color',(#11579),#7261);
#11579 = PRESENTATION_STYLE_ASSIGNMENT((#11580,#11585));
#11580 = SURFACE_STYLE_USAGE(.BOTH.,#11581);
#11581 = SURFACE_SIDE_STYLE('',(#11582));
#11582 = SURFACE_STYLE_FILL_AREA(#11583);
#11583 = FILL_AREA_STYLE('',(#11584));
#11584 = FILL_AREA_STYLE_COLOUR('',#10297);
#11585 = CURVE_STYLE('',#11586,POSITIVE_LENGTH_MEASURE(0.1),#10297);
#11586 = DRAUGHTING_PRE_DEFINED_CURVE_FONT('continuous');
#11587 = STYLED_ITEM('color',(#11588),#7286);
#11588 = PRESENTATION_STYLE_ASSIGNMENT((#11589,#11594));
#11589 = SURFACE_STYLE_USAGE(.BOTH.,#11590);
#11590 = SURFACE_SIDE_STYLE('',(#11591));
#11591 = SURFACE_STYLE_FILL_AREA(#11592);
#11592 = FILL_AREA_STYLE('',(#11593));
#11593 = FILL_AREA_STYLE_COLOUR('',#10297);
#11594 = CURVE_STYLE('',#11595,POSITIVE_LENGTH_MEASURE(0.1),#10297);
#11595 = DRAUGHTING_PRE_DEFINED_CURVE_FONT('continuous');
#11596 = STYLED_ITEM('color',(#11597),#7370);
#11597 = PRESENTATION_STYLE_ASSIGNMENT((#11598,#11603));
#11598 = SURFACE_STYLE_USAGE(.BOTH.,#11599);
#11599 = SURFACE_SIDE_STYLE('',(#11600));
#11600 = SURFACE_STYLE_FILL_AREA(#11601);
#11601 = FILL_AREA_STYLE('',(#11602));
#11602 = FILL_AREA_STYLE_COLOUR('',#10702);
#11603 = CURVE_STYLE('',#11604,POSITIVE_LENGTH_MEASURE(0.1),#10702);
#11604 = DRAUGHTING_PRE_DEFINED_CURVE_FONT('continuous');
#11605 = STYLED_ITEM('color',(#11606),#7392);
#11606 = PRESENTATION_STYLE_ASSIGNMENT((#11607,#11612));
#11607 = SURFACE_STYLE_USAGE(.BOTH.,#11608);
#11608 = SURFACE_SIDE_STYLE('',(#11609));
#11609 = SURFACE_STYLE_FILL_AREA(#11610);
#11610 = FILL_AREA_STYLE('',(#11611));
#11611 = FILL_AREA_STYLE_COLOUR('',#10297);
#11612 = CURVE_STYLE('',#11613,POSITIVE_LENGTH_MEASURE(0.1),#10297);
#11613 = DRAUGHTING_PRE_DEFINED_CURVE_FONT('continuous');
#11614 = STYLED_ITEM('color',(#11615),#7484);
#11615 = PRESENTATION_STYLE_ASSIGNMENT((#11616,#11621));
#11616 = SURFACE_STYLE_USAGE(.BOTH.,#11617);
#11617 = SURFACE_SIDE_STYLE('',(#11618));
#11618 = SURFACE_STYLE_FILL_AREA(#11619);
#11619 = FILL_AREA_STYLE('',(#11620));
#11620 = FILL_AREA_STYLE_COLOUR('',#10297);
#11621 = CURVE_STYLE('',#11622,POSITIVE_LENGTH_MEASURE(0.1),#10297);
#11622 = DRAUGHTING_PRE_DEFINED_CURVE_FONT('continuous');
#11623 = STYLED_ITEM('color',(#11624),#7509);
#11624 = PRESENTATION_STYLE_ASSIGNMENT((#11625,#11630));
#11625 = SURFACE_STYLE_USAGE(.BOTH.,#11626);
#11626 = SURFACE_SIDE_STYLE('',(#11627));
#11627 = SURFACE_STYLE_FILL_AREA(#11628);
#11628 = FILL_AREA_STYLE('',(#11629));
#11629 = FILL_AREA_STYLE_COLOUR('',#10297);
#11630 = CURVE_STYLE('',#11631,POSITIVE_LENGTH_MEASURE(0.1),#10297);
#11631 = DRAUGHTING_PRE_DEFINED_CURVE_FONT('continuous');
#11632 = STYLED_ITEM('color',(#11633),#7593);
#11633 = PRESENTATION_STYLE_ASSIGNMENT((#11634,#11639));
#11634 = SURFACE_STYLE_USAGE(.BOTH.,#11635);
#11635 = SURFACE_SIDE_STYLE('',(#11636));
#11636 = SURFACE_STYLE_FILL_AREA(#11637);
#11637 = FILL_AREA_STYLE('',(#11638));
#11638 = FILL_AREA_STYLE_COLOUR('',#10702);
#11639 = CURVE_STYLE('',#11640,POSITIVE_LENGTH_MEASURE(0.1),#10702);
#11640 = DRAUGHTING_PRE_DEFINED_CURVE_FONT('continuous');
#11641 = STYLED_ITEM('color',(#11642),#7615);
#11642 = PRESENTATION_STYLE_ASSIGNMENT((#11643,#11648));
#11643 = SURFACE_STYLE_USAGE(.BOTH.,#11644);
#11644 = SURFACE_SIDE_STYLE('',(#11645));
#11645 = SURFACE_STYLE_FILL_AREA(#11646);
#11646 = FILL_AREA_STYLE('',(#11647));
#11647 = FILL_AREA_STYLE_COLOUR('',#10297);
#11648 = CURVE_STYLE('',#11649,POSITIVE_LENGTH_MEASURE(0.1),#10297);
#11649 = DRAUGHTING_PRE_DEFINED_CURVE_FONT('continuous');
#11650 = STYLED_ITEM('color',(#11651),#7707);
#11651 = PRESENTATION_STYLE_ASSIGNMENT((#11652,#11657));
#11652 = SURFACE_STYLE_USAGE(.BOTH.,#11653);
#11653 = SURFACE_SIDE_STYLE('',(#11654));
#11654 = SURFACE_STYLE_FILL_AREA(#11655);
#11655 = FILL_AREA_STYLE('',(#11656));
#11656 = FILL_AREA_STYLE_COLOUR('',#10297);
#11657 = CURVE_STYLE('',#11658,POSITIVE_LENGTH_MEASURE(0.1),#10297);
#11658 = DRAUGHTING_PRE_DEFINED_CURVE_FONT('continuous');
#11659 = STYLED_ITEM('color',(#11660),#7732);
#11660 = PRESENTATION_STYLE_ASSIGNMENT((#11661,#11666));
#11661 = SURFACE_STYLE_USAGE(.BOTH.,#11662);
#11662 = SURFACE_SIDE_STYLE('',(#11663));
#11663 = SURFACE_STYLE_FILL_AREA(#11664);
#11664 = FILL_AREA_STYLE('',(#11665));
#11665 = FILL_AREA_STYLE_COLOUR('',#10297);
#11666 = CURVE_STYLE('',#11667,POSITIVE_LENGTH_MEASURE(0.1),#10297);
#11667 = DRAUGHTING_PRE_DEFINED_CURVE_FONT('continuous');
#11668 = STYLED_ITEM('color',(#11669),#7816);
#11669 = PRESENTATION_STYLE_ASSIGNMENT((#11670,#11675));
#11670 = SURFACE_STYLE_USAGE(.BOTH.,#11671);
#11671 = SURFACE_SIDE_STYLE('',(#11672));
#11672 = SURFACE_STYLE_FILL_AREA(#11673);
#11673 = FILL_AREA_STYLE('',(#11674));
#11674 = FILL_AREA_STYLE_COLOUR('',#10297);
#11675 = CURVE_STYLE('',#11676,POSITIVE_LENGTH_MEASURE(0.1),#10297);
#11676 = DRAUGHTING_PRE_DEFINED_CURVE_FONT('continuous');
#11677 = STYLED_ITEM('color',(#11678),#7833);
#11678 = PRESENTATION_STYLE_ASSIGNMENT((#11679,#11684));
#11679 = SURFACE_STYLE_USAGE(.BOTH.,#11680);
#11680 = SURFACE_SIDE_STYLE('',(#11681));
#11681 = SURFACE_STYLE_FILL_AREA(#11682);
#11682 = FILL_AREA_STYLE('',(#11683));
#11683 = FILL_AREA_STYLE_COLOUR('',#10297);
#11684 = CURVE_STYLE('',#11685,POSITIVE_LENGTH_MEASURE(0.1),#10297);
#11685 = DRAUGHTING_PRE_DEFINED_CURVE_FONT('continuous');
#11686 = STYLED_ITEM('color',(#11687),#7852);
#11687 = PRESENTATION_STYLE_ASSIGNMENT((#11688,#11693));
#11688 = SURFACE_STYLE_USAGE(.BOTH.,#11689);
#11689 = SURFACE_SIDE_STYLE('',(#11690));
#11690 = SURFACE_STYLE_FILL_AREA(#11691);
#11691 = FILL_AREA_STYLE('',(#11692));
#11692 = FILL_AREA_STYLE_COLOUR('',#10297);
#11693 = CURVE_STYLE('',#11694,POSITIVE_LENGTH_MEASURE(0.1),#10297);
#11694 = DRAUGHTING_PRE_DEFINED_CURVE_FONT('continuous');
#11695 = STYLED_ITEM('color',(#11696),#7871);
#11696 = PRESENTATION_STYLE_ASSIGNMENT((#11697,#11702));
#11697 = SURFACE_STYLE_USAGE(.BOTH.,#11698);
#11698 = SURFACE_SIDE_STYLE('',(#11699));
#11699 = SURFACE_STYLE_FILL_AREA(#11700);
#11700 = FILL_AREA_STYLE('',(#11701));
#11701 = FILL_AREA_STYLE_COLOUR('',#10297);
#11702 = CURVE_STYLE('',#11703,POSITIVE_LENGTH_MEASURE(0.1),#10297);
#11703 = DRAUGHTING_PRE_DEFINED_CURVE_FONT('continuous');
#11704 = STYLED_ITEM('color',(#11705),#7890);
#11705 = PRESENTATION_STYLE_ASSIGNMENT((#11706,#11711));
#11706 = SURFACE_STYLE_USAGE(.BOTH.,#11707);
#11707 = SURFACE_SIDE_STYLE('',(#11708));
#11708 = SURFACE_STYLE_FILL_AREA(#11709);
#11709 = FILL_AREA_STYLE('',(#11710));
#11710 = FILL_AREA_STYLE_COLOUR('',#10297);
#11711 = CURVE_STYLE('',#11712,POSITIVE_LENGTH_MEASURE(0.1),#10297);
#11712 = DRAUGHTING_PRE_DEFINED_CURVE_FONT('continuous');
#11713 = STYLED_ITEM('color',(#11714),#7909);
#11714 = PRESENTATION_STYLE_ASSIGNMENT((#11715,#11720));
#11715 = SURFACE_STYLE_USAGE(.BOTH.,#11716);
#11716 = SURFACE_SIDE_STYLE('',(#11717));
#11717 = SURFACE_STYLE_FILL_AREA(#11718);
#11718 = FILL_AREA_STYLE('',(#11719));
#11719 = FILL_AREA_STYLE_COLOUR('',#10297);
#11720 = CURVE_STYLE('',#11721,POSITIVE_LENGTH_MEASURE(0.1),#10297);
#11721 = DRAUGHTING_PRE_DEFINED_CURVE_FONT('continuous');
#11722 = STYLED_ITEM('color',(#11723),#7928);
#11723 = PRESENTATION_STYLE_ASSIGNMENT((#11724,#11729));
#11724 = SURFACE_STYLE_USAGE(.BOTH.,#11725);
#11725 = SURFACE_SIDE_STYLE('',(#11726));
#11726 = SURFACE_STYLE_FILL_AREA(#11727);
#11727 = FILL_AREA_STYLE('',(#11728));
#11728 = FILL_AREA_STYLE_COLOUR('',#10297);
#11729 = CURVE_STYLE('',#11730,POSITIVE_LENGTH_MEASURE(0.1),#10297);
#11730 = DRAUGHTING_PRE_DEFINED_CURVE_FONT('continuous');
#11731 = STYLED_ITEM('color',(#11732),#7947);
#11732 = PRESENTATION_STYLE_ASSIGNMENT((#11733,#11738));
#11733 = SURFACE_STYLE_USAGE(.BOTH.,#11734);
#11734 = SURFACE_SIDE_STYLE('',(#11735));
#11735 = SURFACE_STYLE_FILL_AREA(#11736);
#11736 = FILL_AREA_STYLE('',(#11737));
#11737 = FILL_AREA_STYLE_COLOUR('',#10702);
#11738 = CURVE_STYLE('',#11739,POSITIVE_LENGTH_MEASURE(0.1),#10702);
#11739 = DRAUGHTING_PRE_DEFINED_CURVE_FONT('continuous');
#11740 = STYLED_ITEM('color',(#11741),#7993);
#11741 = PRESENTATION_STYLE_ASSIGNMENT((#11742,#11747));
#11742 = SURFACE_STYLE_USAGE(.BOTH.,#11743);
#11743 = SURFACE_SIDE_STYLE('',(#11744));
#11744 = SURFACE_STYLE_FILL_AREA(#11745);
#11745 = FILL_AREA_STYLE('',(#11746));
#11746 = FILL_AREA_STYLE_COLOUR('',#10702);
#11747 = CURVE_STYLE('',#11748,POSITIVE_LENGTH_MEASURE(0.1),#10702);
#11748 = DRAUGHTING_PRE_DEFINED_CURVE_FONT('continuous');
#11749 = STYLED_ITEM('color',(#11750),#8009);
#11750 = PRESENTATION_STYLE_ASSIGNMENT((#11751,#11756));
#11751 = SURFACE_STYLE_USAGE(.BOTH.,#11752);
#11752 = SURFACE_SIDE_STYLE('',(#11753));
#11753 = SURFACE_STYLE_FILL_AREA(#11754);
#11754 = FILL_AREA_STYLE('',(#11755));
#11755 = FILL_AREA_STYLE_COLOUR('',#10297);
#11756 = CURVE_STYLE('',#11757,POSITIVE_LENGTH_MEASURE(0.1),#10297);
#11757 = DRAUGHTING_PRE_DEFINED_CURVE_FONT('continuous');
#11758 = STYLED_ITEM('color',(#11759),#8028);
#11759 = PRESENTATION_STYLE_ASSIGNMENT((#11760,#11765));
#11760 = SURFACE_STYLE_USAGE(.BOTH.,#11761);
#11761 = SURFACE_SIDE_STYLE('',(#11762));
#11762 = SURFACE_STYLE_FILL_AREA(#11763);
#11763 = FILL_AREA_STYLE('',(#11764));
#11764 = FILL_AREA_STYLE_COLOUR('',#10297);
#11765 = CURVE_STYLE('',#11766,POSITIVE_LENGTH_MEASURE(0.1),#10297);
#11766 = DRAUGHTING_PRE_DEFINED_CURVE_FONT('continuous');
#11767 = STYLED_ITEM('color',(#11768),#8047);
#11768 = PRESENTATION_STYLE_ASSIGNMENT((#11769,#11774));
#11769 = SURFACE_STYLE_USAGE(.BOTH.,#11770);
#11770 = SURFACE_SIDE_STYLE('',(#11771));
#11771 = SURFACE_STYLE_FILL_AREA(#11772);
#11772 = FILL_AREA_STYLE('',(#11773));
#11773 = FILL_AREA_STYLE_COLOUR('',#10297);
#11774 = CURVE_STYLE('',#11775,POSITIVE_LENGTH_MEASURE(0.1),#10297);
#11775 = DRAUGHTING_PRE_DEFINED_CURVE_FONT('continuous');
#11776 = STYLED_ITEM('color',(#11777),#8066);
#11777 = PRESENTATION_STYLE_ASSIGNMENT((#11778,#11783));
#11778 = SURFACE_STYLE_USAGE(.BOTH.,#11779);
#11779 = SURFACE_SIDE_STYLE('',(#11780));
#11780 = SURFACE_STYLE_FILL_AREA(#11781);
#11781 = FILL_AREA_STYLE('',(#11782));
#11782 = FILL_AREA_STYLE_COLOUR('',#10297);
#11783 = CURVE_STYLE('',#11784,POSITIVE_LENGTH_MEASURE(0.1),#10297);
#11784 = DRAUGHTING_PRE_DEFINED_CURVE_FONT('continuous');
#11785 = STYLED_ITEM('color',(#11786),#8085);
#11786 = PRESENTATION_STYLE_ASSIGNMENT((#11787,#11792));
#11787 = SURFACE_STYLE_USAGE(.BOTH.,#11788);
#11788 = SURFACE_SIDE_STYLE('',(#11789));
#11789 = SURFACE_STYLE_FILL_AREA(#11790);
#11790 = FILL_AREA_STYLE('',(#11791));
#11791 = FILL_AREA_STYLE_COLOUR('',#10297);
#11792 = CURVE_STYLE('',#11793,POSITIVE_LENGTH_MEASURE(0.1),#10297);
#11793 = DRAUGHTING_PRE_DEFINED_CURVE_FONT('continuous');
#11794 = STYLED_ITEM('color',(#11795),#8104);
#11795 = PRESENTATION_STYLE_ASSIGNMENT((#11796,#11801));
#11796 = SURFACE_STYLE_USAGE(.BOTH.,#11797);
#11797 = SURFACE_SIDE_STYLE('',(#11798));
#11798 = SURFACE_STYLE_FILL_AREA(#11799);
#11799 = FILL_AREA_STYLE('',(#11800));
#11800 = FILL_AREA_STYLE_COLOUR('',#10297);
#11801 = CURVE_STYLE('',#11802,POSITIVE_LENGTH_MEASURE(0.1),#10297);
#11802 = DRAUGHTING_PRE_DEFINED_CURVE_FONT('continuous');
#11803 = STYLED_ITEM('color',(#11804),#8123);
#11804 = PRESENTATION_STYLE_ASSIGNMENT((#11805,#11810));
#11805 = SURFACE_STYLE_USAGE(.BOTH.,#11806);
#11806 = SURFACE_SIDE_STYLE('',(#11807));
#11807 = SURFACE_STYLE_FILL_AREA(#11808);
#11808 = FILL_AREA_STYLE('',(#11809));
#11809 = FILL_AREA_STYLE_COLOUR('',#10702);
#11810 = CURVE_STYLE('',#11811,POSITIVE_LENGTH_MEASURE(0.1),#10702);
#11811 = DRAUGHTING_PRE_DEFINED_CURVE_FONT('continuous');
#11812 = STYLED_ITEM('color',(#11813),#8139);
#11813 = PRESENTATION_STYLE_ASSIGNMENT((#11814,#11819));
#11814 = SURFACE_STYLE_USAGE(.BOTH.,#11815);
#11815 = SURFACE_SIDE_STYLE('',(#11816));
#11816 = SURFACE_STYLE_FILL_AREA(#11817);
#11817 = FILL_AREA_STYLE('',(#11818));
#11818 = FILL_AREA_STYLE_COLOUR('',#10297);
#11819 = CURVE_STYLE('',#11820,POSITIVE_LENGTH_MEASURE(0.1),#10297);
#11820 = DRAUGHTING_PRE_DEFINED_CURVE_FONT('continuous');
#11821 = STYLED_ITEM('color',(#11822),#8156);
#11822 = PRESENTATION_STYLE_ASSIGNMENT((#11823,#11828));
#11823 = SURFACE_STYLE_USAGE(.BOTH.,#11824);
#11824 = SURFACE_SIDE_STYLE('',(#11825));
#11825 = SURFACE_STYLE_FILL_AREA(#11826);
#11826 = FILL_AREA_STYLE('',(#11827));
#11827 = FILL_AREA_STYLE_COLOUR('',#10702);
#11828 = CURVE_STYLE('',#11829,POSITIVE_LENGTH_MEASURE(0.1),#10702);
#11829 = DRAUGHTING_PRE_DEFINED_CURVE_FONT('continuous');
#11830 = STYLED_ITEM('color',(#11831),#8168);
#11831 = PRESENTATION_STYLE_ASSIGNMENT((#11832,#11837));
#11832 = SURFACE_STYLE_USAGE(.BOTH.,#11833);
#11833 = SURFACE_SIDE_STYLE('',(#11834));
#11834 = SURFACE_STYLE_FILL_AREA(#11835);
#11835 = FILL_AREA_STYLE('',(#11836));
#11836 = FILL_AREA_STYLE_COLOUR('',#10297);
#11837 = CURVE_STYLE('',#11838,POSITIVE_LENGTH_MEASURE(0.1),#10297);
#11838 = DRAUGHTING_PRE_DEFINED_CURVE_FONT('continuous');
#11839 = STYLED_ITEM('color',(#11840),#8185);
#11840 = PRESENTATION_STYLE_ASSIGNMENT((#11841,#11846));
#11841 = SURFACE_STYLE_USAGE(.BOTH.,#11842);
#11842 = SURFACE_SIDE_STYLE('',(#11843));
#11843 = SURFACE_STYLE_FILL_AREA(#11844);
#11844 = FILL_AREA_STYLE('',(#11845));
#11845 = FILL_AREA_STYLE_COLOUR('',#10297);
#11846 = CURVE_STYLE('',#11847,POSITIVE_LENGTH_MEASURE(0.1),#10297);
#11847 = DRAUGHTING_PRE_DEFINED_CURVE_FONT('continuous');
#11848 = STYLED_ITEM('color',(#11849),#8202);
#11849 = PRESENTATION_STYLE_ASSIGNMENT((#11850,#11855));
#11850 = SURFACE_STYLE_USAGE(.BOTH.,#11851);
#11851 = SURFACE_SIDE_STYLE('',(#11852));
#11852 = SURFACE_STYLE_FILL_AREA(#11853);
#11853 = FILL_AREA_STYLE('',(#11854));
#11854 = FILL_AREA_STYLE_COLOUR('',#10297);
#11855 = CURVE_STYLE('',#11856,POSITIVE_LENGTH_MEASURE(0.1),#10297);
#11856 = DRAUGHTING_PRE_DEFINED_CURVE_FONT('continuous');
#11857 = STYLED_ITEM('color',(#11858),#8219);
#11858 = PRESENTATION_STYLE_ASSIGNMENT((#11859,#11864));
#11859 = SURFACE_STYLE_USAGE(.BOTH.,#11860);
#11860 = SURFACE_SIDE_STYLE('',(#11861));
#11861 = SURFACE_STYLE_FILL_AREA(#11862);
#11862 = FILL_AREA_STYLE('',(#11863));
#11863 = FILL_AREA_STYLE_COLOUR('',#10297);
#11864 = CURVE_STYLE('',#11865,POSITIVE_LENGTH_MEASURE(0.1),#10297);
#11865 = DRAUGHTING_PRE_DEFINED_CURVE_FONT('continuous');
#11866 = STYLED_ITEM('color',(#11867),#8236);
#11867 = PRESENTATION_STYLE_ASSIGNMENT((#11868,#11873));
#11868 = SURFACE_STYLE_USAGE(.BOTH.,#11869);
#11869 = SURFACE_SIDE_STYLE('',(#11870));
#11870 = SURFACE_STYLE_FILL_AREA(#11871);
#11871 = FILL_AREA_STYLE('',(#11872));
#11872 = FILL_AREA_STYLE_COLOUR('',#10297);
#11873 = CURVE_STYLE('',#11874,POSITIVE_LENGTH_MEASURE(0.1),#10297);
#11874 = DRAUGHTING_PRE_DEFINED_CURVE_FONT('continuous');
#11875 = STYLED_ITEM('color',(#11876),#8253);
#11876 = PRESENTATION_STYLE_ASSIGNMENT((#11877,#11882));
#11877 = SURFACE_STYLE_USAGE(.BOTH.,#11878);
#11878 = SURFACE_SIDE_STYLE('',(#11879));
#11879 = SURFACE_STYLE_FILL_AREA(#11880);
#11880 = FILL_AREA_STYLE('',(#11881));
#11881 = FILL_AREA_STYLE_COLOUR('',#10297);
#11882 = CURVE_STYLE('',#11883,POSITIVE_LENGTH_MEASURE(0.1),#10297);
#11883 = DRAUGHTING_PRE_DEFINED_CURVE_FONT('continuous');
#11884 = STYLED_ITEM('color',(#11885),#8270);
#11885 = PRESENTATION_STYLE_ASSIGNMENT((#11886,#11891));
#11886 = SURFACE_STYLE_USAGE(.BOTH.,#11887);
#11887 = SURFACE_SIDE_STYLE('',(#11888));
#11888 = SURFACE_STYLE_FILL_AREA(#11889);
#11889 = FILL_AREA_STYLE('',(#11890));
#11890 = FILL_AREA_STYLE_COLOUR('',#10297);
#11891 = CURVE_STYLE('',#11892,POSITIVE_LENGTH_MEASURE(0.1),#10297);
#11892 = DRAUGHTING_PRE_DEFINED_CURVE_FONT('continuous');
#11893 = STYLED_ITEM('color',(#11894),#8287);
#11894 = PRESENTATION_STYLE_ASSIGNMENT((#11895,#11900));
#11895 = SURFACE_STYLE_USAGE(.BOTH.,#11896);
#11896 = SURFACE_SIDE_STYLE('',(#11897));
#11897 = SURFACE_STYLE_FILL_AREA(#11898);
#11898 = FILL_AREA_STYLE('',(#11899));
#11899 = FILL_AREA_STYLE_COLOUR('',#10297);
#11900 = CURVE_STYLE('',#11901,POSITIVE_LENGTH_MEASURE(0.1),#10297);
#11901 = DRAUGHTING_PRE_DEFINED_CURVE_FONT('continuous');
#11902 = STYLED_ITEM('color',(#11903),#8299);
#11903 = PRESENTATION_STYLE_ASSIGNMENT((#11904,#11909));
#11904 = SURFACE_STYLE_USAGE(.BOTH.,#11905);
#11905 = SURFACE_SIDE_STYLE('',(#11906));
#11906 = SURFACE_STYLE_FILL_AREA(#11907);
#11907 = FILL_AREA_STYLE('',(#11908));
#11908 = FILL_AREA_STYLE_COLOUR('',#10297);
#11909 = CURVE_STYLE('',#11910,POSITIVE_LENGTH_MEASURE(0.1),#10297);
#11910 = DRAUGHTING_PRE_DEFINED_CURVE_FONT('continuous');
#11911 = STYLED_ITEM('color',(#11912),#8316);
#11912 = PRESENTATION_STYLE_ASSIGNMENT((#11913,#11918));
#11913 = SURFACE_STYLE_USAGE(.BOTH.,#11914);
#11914 = SURFACE_SIDE_STYLE('',(#11915));
#11915 = SURFACE_STYLE_FILL_AREA(#11916);
#11916 = FILL_AREA_STYLE('',(#11917));
#11917 = FILL_AREA_STYLE_COLOUR('',#10297);
#11918 = CURVE_STYLE('',#11919,POSITIVE_LENGTH_MEASURE(0.1),#10297);
#11919 = DRAUGHTING_PRE_DEFINED_CURVE_FONT('continuous');
#11920 = STYLED_ITEM('color',(#11921),#8333);
#11921 = PRESENTATION_STYLE_ASSIGNMENT((#11922,#11927));
#11922 = SURFACE_STYLE_USAGE(.BOTH.,#11923);
#11923 = SURFACE_SIDE_STYLE('',(#11924));
#11924 = SURFACE_STYLE_FILL_AREA(#11925);
#11925 = FILL_AREA_STYLE('',(#11926));
#11926 = FILL_AREA_STYLE_COLOUR('',#10297);
#11927 = CURVE_STYLE('',#11928,POSITIVE_LENGTH_MEASURE(0.1),#10297);
#11928 = DRAUGHTING_PRE_DEFINED_CURVE_FONT('continuous');
#11929 = STYLED_ITEM('color',(#11930),#8350);
#11930 = PRESENTATION_STYLE_ASSIGNMENT((#11931,#11936));
#11931 = SURFACE_STYLE_USAGE(.BOTH.,#11932);
#11932 = SURFACE_SIDE_STYLE('',(#11933));
#11933 = SURFACE_STYLE_FILL_AREA(#11934);
#11934 = FILL_AREA_STYLE('',(#11935));
#11935 = FILL_AREA_STYLE_COLOUR('',#10297);
#11936 = CURVE_STYLE('',#11937,POSITIVE_LENGTH_MEASURE(0.1),#10297);
#11937 = DRAUGHTING_PRE_DEFINED_CURVE_FONT('continuous');
#11938 = STYLED_ITEM('color',(#11939),#8367);
#11939 = PRESENTATION_STYLE_ASSIGNMENT((#11940,#11945));
#11940 = SURFACE_STYLE_USAGE(.BOTH.,#11941);
#11941 = SURFACE_SIDE_STYLE('',(#11942));
#11942 = SURFACE_STYLE_FILL_AREA(#11943);
#11943 = FILL_AREA_STYLE('',(#11944));
#11944 = FILL_AREA_STYLE_COLOUR('',#10297);
#11945 = CURVE_STYLE('',#11946,POSITIVE_LENGTH_MEASURE(0.1),#10297);
#11946 = DRAUGHTING_PRE_DEFINED_CURVE_FONT('continuous');
#11947 = STYLED_ITEM('color',(#11948),#8384);
#11948 = PRESENTATION_STYLE_ASSIGNMENT((#11949,#11954));
#11949 = SURFACE_STYLE_USAGE(.BOTH.,#11950);
#11950 = SURFACE_SIDE_STYLE('',(#11951));
#11951 = SURFACE_STYLE_FILL_AREA(#11952);
#11952 = FILL_AREA_STYLE('',(#11953));
#11953 = FILL_AREA_STYLE_COLOUR('',#10297);
#11954 = CURVE_STYLE('',#11955,POSITIVE_LENGTH_MEASURE(0.1),#10297);
#11955 = DRAUGHTING_PRE_DEFINED_CURVE_FONT('continuous');
#11956 = STYLED_ITEM('color',(#11957),#8401);
#11957 = PRESENTATION_STYLE_ASSIGNMENT((#11958,#11963));
#11958 = SURFACE_STYLE_USAGE(.BOTH.,#11959);
#11959 = SURFACE_SIDE_STYLE('',(#11960));
#11960 = SURFACE_STYLE_FILL_AREA(#11961);
#11961 = FILL_AREA_STYLE('',(#11962));
#11962 = FILL_AREA_STYLE_COLOUR('',#10297);
#11963 = CURVE_STYLE('',#11964,POSITIVE_LENGTH_MEASURE(0.1),#10297);
#11964 = DRAUGHTING_PRE_DEFINED_CURVE_FONT('continuous');
#11965 = STYLED_ITEM('color',(#11966),#8418);
#11966 = PRESENTATION_STYLE_ASSIGNMENT((#11967,#11972));
#11967 = SURFACE_STYLE_USAGE(.BOTH.,#11968);
#11968 = SURFACE_SIDE_STYLE('',(#11969));
#11969 = SURFACE_STYLE_FILL_AREA(#11970);
#11970 = FILL_AREA_STYLE('',(#11971));
#11971 = FILL_AREA_STYLE_COLOUR('',#10297);
#11972 = CURVE_STYLE('',#11973,POSITIVE_LENGTH_MEASURE(0.1),#10297);
#11973 = DRAUGHTING_PRE_DEFINED_CURVE_FONT('continuous');
#11974 = STYLED_ITEM('color',(#11975),#8430);
#11975 = PRESENTATION_STYLE_ASSIGNMENT((#11976,#11981));
#11976 = SURFACE_STYLE_USAGE(.BOTH.,#11977);
#11977 = SURFACE_SIDE_STYLE('',(#11978));
#11978 = SURFACE_STYLE_FILL_AREA(#11979);
#11979 = FILL_AREA_STYLE('',(#11980));
#11980 = FILL_AREA_STYLE_COLOUR('',#10297);
#11981 = CURVE_STYLE('',#11982,POSITIVE_LENGTH_MEASURE(0.1),#10297);
#11982 = DRAUGHTING_PRE_DEFINED_CURVE_FONT('continuous');
#11983 = STYLED_ITEM('color',(#11984),#8447);
#11984 = PRESENTATION_STYLE_ASSIGNMENT((#11985,#11990));
#11985 = SURFACE_STYLE_USAGE(.BOTH.,#11986);
#11986 = SURFACE_SIDE_STYLE('',(#11987));
#11987 = SURFACE_STYLE_FILL_AREA(#11988);
#11988 = FILL_AREA_STYLE('',(#11989));
#11989 = FILL_AREA_STYLE_COLOUR('',#10297);
#11990 = CURVE_STYLE('',#11991,POSITIVE_LENGTH_MEASURE(0.1),#10297);
#11991 = DRAUGHTING_PRE_DEFINED_CURVE_FONT('continuous');
#11992 = STYLED_ITEM('color',(#11993),#8464);
#11993 = PRESENTATION_STYLE_ASSIGNMENT((#11994,#11999));
#11994 = SURFACE_STYLE_USAGE(.BOTH.,#11995);
#11995 = SURFACE_SIDE_STYLE('',(#11996));
#11996 = SURFACE_STYLE_FILL_AREA(#11997);
#11997 = FILL_AREA_STYLE('',(#11998));
#11998 = FILL_AREA_STYLE_COLOUR('',#10297);
#11999 = CURVE_STYLE('',#12000,POSITIVE_LENGTH_MEASURE(0.1),#10297);
#12000 = DRAUGHTING_PRE_DEFINED_CURVE_FONT('continuous');
#12001 = STYLED_ITEM('color',(#12002),#8481);
#12002 = PRESENTATION_STYLE_ASSIGNMENT((#12003,#12008));
#12003 = SURFACE_STYLE_USAGE(.BOTH.,#12004);
#12004 = SURFACE_SIDE_STYLE('',(#12005));
#12005 = SURFACE_STYLE_FILL_AREA(#12006);
#12006 = FILL_AREA_STYLE('',(#12007));
#12007 = FILL_AREA_STYLE_COLOUR('',#10297);
#12008 = CURVE_STYLE('',#12009,POSITIVE_LENGTH_MEASURE(0.1),#10297);
#12009 = DRAUGHTING_PRE_DEFINED_CURVE_FONT('continuous');
#12010 = STYLED_ITEM('color',(#12011),#8498);
#12011 = PRESENTATION_STYLE_ASSIGNMENT((#12012,#12017));
#12012 = SURFACE_STYLE_USAGE(.BOTH.,#12013);
#12013 = SURFACE_SIDE_STYLE('',(#12014));
#12014 = SURFACE_STYLE_FILL_AREA(#12015);
#12015 = FILL_AREA_STYLE('',(#12016));
#12016 = FILL_AREA_STYLE_COLOUR('',#10297);
#12017 = CURVE_STYLE('',#12018,POSITIVE_LENGTH_MEASURE(0.1),#10297);
#12018 = DRAUGHTING_PRE_DEFINED_CURVE_FONT('continuous');
#12019 = STYLED_ITEM('color',(#12020),#8515);
#12020 = PRESENTATION_STYLE_ASSIGNMENT((#12021,#12026));
#12021 = SURFACE_STYLE_USAGE(.BOTH.,#12022);
#12022 = SURFACE_SIDE_STYLE('',(#12023));
#12023 = SURFACE_STYLE_FILL_AREA(#12024);
#12024 = FILL_AREA_STYLE('',(#12025));
#12025 = FILL_AREA_STYLE_COLOUR('',#10297);
#12026 = CURVE_STYLE('',#12027,POSITIVE_LENGTH_MEASURE(0.1),#10297);
#12027 = DRAUGHTING_PRE_DEFINED_CURVE_FONT('continuous');
#12028 = STYLED_ITEM('color',(#12029),#8532);
#12029 = PRESENTATION_STYLE_ASSIGNMENT((#12030,#12035));
#12030 = SURFACE_STYLE_USAGE(.BOTH.,#12031);
#12031 = SURFACE_SIDE_STYLE('',(#12032));
#12032 = SURFACE_STYLE_FILL_AREA(#12033);
#12033 = FILL_AREA_STYLE('',(#12034));
#12034 = FILL_AREA_STYLE_COLOUR('',#10297);
#12035 = CURVE_STYLE('',#12036,POSITIVE_LENGTH_MEASURE(0.1),#10297);
#12036 = DRAUGHTING_PRE_DEFINED_CURVE_FONT('continuous');
#12037 = STYLED_ITEM('color',(#12038),#8549);
#12038 = PRESENTATION_STYLE_ASSIGNMENT((#12039,#12044));
#12039 = SURFACE_STYLE_USAGE(.BOTH.,#12040);
#12040 = SURFACE_SIDE_STYLE('',(#12041));
#12041 = SURFACE_STYLE_FILL_AREA(#12042);
#12042 = FILL_AREA_STYLE('',(#12043));
#12043 = FILL_AREA_STYLE_COLOUR('',#10297);
#12044 = CURVE_STYLE('',#12045,POSITIVE_LENGTH_MEASURE(0.1),#10297);
#12045 = DRAUGHTING_PRE_DEFINED_CURVE_FONT('continuous');
#12046 = STYLED_ITEM('color',(#12047),#8561);
#12047 = PRESENTATION_STYLE_ASSIGNMENT((#12048,#12053));
#12048 = SURFACE_STYLE_USAGE(.BOTH.,#12049);
#12049 = SURFACE_SIDE_STYLE('',(#12050));
#12050 = SURFACE_STYLE_FILL_AREA(#12051);
#12051 = FILL_AREA_STYLE('',(#12052));
#12052 = FILL_AREA_STYLE_COLOUR('',#10297);
#12053 = CURVE_STYLE('',#12054,POSITIVE_LENGTH_MEASURE(0.1),#10297);
#12054 = DRAUGHTING_PRE_DEFINED_CURVE_FONT('continuous');
#12055 = STYLED_ITEM('color',(#12056),#8578);
#12056 = PRESENTATION_STYLE_ASSIGNMENT((#12057,#12062));
#12057 = SURFACE_STYLE_USAGE(.BOTH.,#12058);
#12058 = SURFACE_SIDE_STYLE('',(#12059));
#12059 = SURFACE_STYLE_FILL_AREA(#12060);
#12060 = FILL_AREA_STYLE('',(#12061));
#12061 = FILL_AREA_STYLE_COLOUR('',#10297);
#12062 = CURVE_STYLE('',#12063,POSITIVE_LENGTH_MEASURE(0.1),#10297);
#12063 = DRAUGHTING_PRE_DEFINED_CURVE_FONT('continuous');
#12064 = STYLED_ITEM('color',(#12065),#8595);
#12065 = PRESENTATION_STYLE_ASSIGNMENT((#12066,#12071));
#12066 = SURFACE_STYLE_USAGE(.BOTH.,#12067);
#12067 = SURFACE_SIDE_STYLE('',(#12068));
#12068 = SURFACE_STYLE_FILL_AREA(#12069);
#12069 = FILL_AREA_STYLE('',(#12070));
#12070 = FILL_AREA_STYLE_COLOUR('',#10297);
#12071 = CURVE_STYLE('',#12072,POSITIVE_LENGTH_MEASURE(0.1),#10297);
#12072 = DRAUGHTING_PRE_DEFINED_CURVE_FONT('continuous');
#12073 = STYLED_ITEM('color',(#12074),#8612);
#12074 = PRESENTATION_STYLE_ASSIGNMENT((#12075,#12080));
#12075 = SURFACE_STYLE_USAGE(.BOTH.,#12076);
#12076 = SURFACE_SIDE_STYLE('',(#12077));
#12077 = SURFACE_STYLE_FILL_AREA(#12078);
#12078 = FILL_AREA_STYLE('',(#12079));
#12079 = FILL_AREA_STYLE_COLOUR('',#10297);
#12080 = CURVE_STYLE('',#12081,POSITIVE_LENGTH_MEASURE(0.1),#10297);
#12081 = DRAUGHTING_PRE_DEFINED_CURVE_FONT('continuous');
#12082 = STYLED_ITEM('color',(#12083),#8629);
#12083 = PRESENTATION_STYLE_ASSIGNMENT((#12084,#12089));
#12084 = SURFACE_STYLE_USAGE(.BOTH.,#12085);
#12085 = SURFACE_SIDE_STYLE('',(#12086));
#12086 = SURFACE_STYLE_FILL_AREA(#12087);
#12087 = FILL_AREA_STYLE('',(#12088));
#12088 = FILL_AREA_STYLE_COLOUR('',#10297);
#12089 = CURVE_STYLE('',#12090,POSITIVE_LENGTH_MEASURE(0.1),#10297);
#12090 = DRAUGHTING_PRE_DEFINED_CURVE_FONT('continuous');
#12091 = STYLED_ITEM('color',(#12092),#8646);
#12092 = PRESENTATION_STYLE_ASSIGNMENT((#12093,#12098));
#12093 = SURFACE_STYLE_USAGE(.BOTH.,#12094);
#12094 = SURFACE_SIDE_STYLE('',(#12095));
#12095 = SURFACE_STYLE_FILL_AREA(#12096);
#12096 = FILL_AREA_STYLE('',(#12097));
#12097 = FILL_AREA_STYLE_COLOUR('',#10297);
#12098 = CURVE_STYLE('',#12099,POSITIVE_LENGTH_MEASURE(0.1),#10297);
#12099 = DRAUGHTING_PRE_DEFINED_CURVE_FONT('continuous');
#12100 = STYLED_ITEM('color',(#12101),#8663);
#12101 = PRESENTATION_STYLE_ASSIGNMENT((#12102,#12107));
#12102 = SURFACE_STYLE_USAGE(.BOTH.,#12103);
#12103 = SURFACE_SIDE_STYLE('',(#12104));
#12104 = SURFACE_STYLE_FILL_AREA(#12105);
#12105 = FILL_AREA_STYLE('',(#12106));
#12106 = FILL_AREA_STYLE_COLOUR('',#10297);
#12107 = CURVE_STYLE('',#12108,POSITIVE_LENGTH_MEASURE(0.1),#10297);
#12108 = DRAUGHTING_PRE_DEFINED_CURVE_FONT('continuous');
#12109 = STYLED_ITEM('color',(#12110),#8680);
#12110 = PRESENTATION_STYLE_ASSIGNMENT((#12111,#12116));
#12111 = SURFACE_STYLE_USAGE(.BOTH.,#12112);
#12112 = SURFACE_SIDE_STYLE('',(#12113));
#12113 = SURFACE_STYLE_FILL_AREA(#12114);
#12114 = FILL_AREA_STYLE('',(#12115));
#12115 = FILL_AREA_STYLE_COLOUR('',#10297);
#12116 = CURVE_STYLE('',#12117,POSITIVE_LENGTH_MEASURE(0.1),#10297);
#12117 = DRAUGHTING_PRE_DEFINED_CURVE_FONT('continuous');
#12118 = STYLED_ITEM('color',(#12119),#8692);
#12119 = PRESENTATION_STYLE_ASSIGNMENT((#12120,#12125));
#12120 = SURFACE_STYLE_USAGE(.BOTH.,#12121);
#12121 = SURFACE_SIDE_STYLE('',(#12122));
#12122 = SURFACE_STYLE_FILL_AREA(#12123);
#12123 = FILL_AREA_STYLE('',(#12124));
#12124 = FILL_AREA_STYLE_COLOUR('',#10297);
#12125 = CURVE_STYLE('',#12126,POSITIVE_LENGTH_MEASURE(0.1),#10297);
#12126 = DRAUGHTING_PRE_DEFINED_CURVE_FONT('continuous');
#12127 = STYLED_ITEM('color',(#12128),#8709);
#12128 = PRESENTATION_STYLE_ASSIGNMENT((#12129,#12134));
#12129 = SURFACE_STYLE_USAGE(.BOTH.,#12130);
#12130 = SURFACE_SIDE_STYLE('',(#12131));
#12131 = SURFACE_STYLE_FILL_AREA(#12132);
#12132 = FILL_AREA_STYLE('',(#12133));
#12133 = FILL_AREA_STYLE_COLOUR('',#10297);
#12134 = CURVE_STYLE('',#12135,POSITIVE_LENGTH_MEASURE(0.1),#10297);
#12135 = DRAUGHTING_PRE_DEFINED_CURVE_FONT('continuous');
#12136 = STYLED_ITEM('color',(#12137),#8726);
#12137 = PRESENTATION_STYLE_ASSIGNMENT((#12138,#12143));
#12138 = SURFACE_STYLE_USAGE(.BOTH.,#12139);
#12139 = SURFACE_SIDE_STYLE('',(#12140));
#12140 = SURFACE_STYLE_FILL_AREA(#12141);
#12141 = FILL_AREA_STYLE('',(#12142));
#12142 = FILL_AREA_STYLE_COLOUR('',#10297);
#12143 = CURVE_STYLE('',#12144,POSITIVE_LENGTH_MEASURE(0.1),#10297);
#12144 = DRAUGHTING_PRE_DEFINED_CURVE_FONT('continuous');
#12145 = STYLED_ITEM('color',(#12146),#8743);
#12146 = PRESENTATION_STYLE_ASSIGNMENT((#12147,#12152));
#12147 = SURFACE_STYLE_USAGE(.BOTH.,#12148);
#12148 = SURFACE_SIDE_STYLE('',(#12149));
#12149 = SURFACE_STYLE_FILL_AREA(#12150);
#12150 = FILL_AREA_STYLE('',(#12151));
#12151 = FILL_AREA_STYLE_COLOUR('',#10297);
#12152 = CURVE_STYLE('',#12153,POSITIVE_LENGTH_MEASURE(0.1),#10297);
#12153 = DRAUGHTING_PRE_DEFINED_CURVE_FONT('continuous');
#12154 = STYLED_ITEM('color',(#12155),#8760);
#12155 = PRESENTATION_STYLE_ASSIGNMENT((#12156,#12161));
#12156 = SURFACE_STYLE_USAGE(.BOTH.,#12157);
#12157 = SURFACE_SIDE_STYLE('',(#12158));
#12158 = SURFACE_STYLE_FILL_AREA(#12159);
#12159 = FILL_AREA_STYLE('',(#12160));
#12160 = FILL_AREA_STYLE_COLOUR('',#10297);
#12161 = CURVE_STYLE('',#12162,POSITIVE_LENGTH_MEASURE(0.1),#10297);
#12162 = DRAUGHTING_PRE_DEFINED_CURVE_FONT('continuous');
#12163 = STYLED_ITEM('color',(#12164),#8777);
#12164 = PRESENTATION_STYLE_ASSIGNMENT((#12165,#12170));
#12165 = SURFACE_STYLE_USAGE(.BOTH.,#12166);
#12166 = SURFACE_SIDE_STYLE('',(#12167));
#12167 = SURFACE_STYLE_FILL_AREA(#12168);
#12168 = FILL_AREA_STYLE('',(#12169));
#12169 = FILL_AREA_STYLE_COLOUR('',#10297);
#12170 = CURVE_STYLE('',#12171,POSITIVE_LENGTH_MEASURE(0.1),#10297);
#12171 = DRAUGHTING_PRE_DEFINED_CURVE_FONT('continuous');
#12172 = STYLED_ITEM('color',(#12173),#8794);
#12173 = PRESENTATION_STYLE_ASSIGNMENT((#12174,#12179));
#12174 = SURFACE_STYLE_USAGE(.BOTH.,#12175);
#12175 = SURFACE_SIDE_STYLE('',(#12176));
#12176 = SURFACE_STYLE_FILL_AREA(#12177);
#12177 = FILL_AREA_STYLE('',(#12178));
#12178 = FILL_AREA_STYLE_COLOUR('',#10297);
#12179 = CURVE_STYLE('',#12180,POSITIVE_LENGTH_MEASURE(0.1),#10297);
#12180 = DRAUGHTING_PRE_DEFINED_CURVE_FONT('continuous');
#12181 = STYLED_ITEM('color',(#12182),#8811);
#12182 = PRESENTATION_STYLE_ASSIGNMENT((#12183,#12188));
#12183 = SURFACE_STYLE_USAGE(.BOTH.,#12184);
#12184 = SURFACE_SIDE_STYLE('',(#12185));
#12185 = SURFACE_STYLE_FILL_AREA(#12186);
#12186 = FILL_AREA_STYLE('',(#12187));
#12187 = FILL_AREA_STYLE_COLOUR('',#10297);
#12188 = CURVE_STYLE('',#12189,POSITIVE_LENGTH_MEASURE(0.1),#10297);
#12189 = DRAUGHTING_PRE_DEFINED_CURVE_FONT('continuous');
#12190 = STYLED_ITEM('color',(#12191),#8823);
#12191 = PRESENTATION_STYLE_ASSIGNMENT((#12192,#12197));
#12192 = SURFACE_STYLE_USAGE(.BOTH.,#12193);
#12193 = SURFACE_SIDE_STYLE('',(#12194));
#12194 = SURFACE_STYLE_FILL_AREA(#12195);
#12195 = FILL_AREA_STYLE('',(#12196));
#12196 = FILL_AREA_STYLE_COLOUR('',#10297);
#12197 = CURVE_STYLE('',#12198,POSITIVE_LENGTH_MEASURE(0.1),#10297);
#12198 = DRAUGHTING_PRE_DEFINED_CURVE_FONT('continuous');
#12199 = STYLED_ITEM('color',(#12200),#8840);
#12200 = PRESENTATION_STYLE_ASSIGNMENT((#12201,#12206));
#12201 = SURFACE_STYLE_USAGE(.BOTH.,#12202);
#12202 = SURFACE_SIDE_STYLE('',(#12203));
#12203 = SURFACE_STYLE_FILL_AREA(#12204);
#12204 = FILL_AREA_STYLE('',(#12205));
#12205 = FILL_AREA_STYLE_COLOUR('',#10297);
#12206 = CURVE_STYLE('',#12207,POSITIVE_LENGTH_MEASURE(0.1),#10297);
#12207 = DRAUGHTING_PRE_DEFINED_CURVE_FONT('continuous');
#12208 = STYLED_ITEM('color',(#12209),#8857);
#12209 = PRESENTATION_STYLE_ASSIGNMENT((#12210,#12215));
#12210 = SURFACE_STYLE_USAGE(.BOTH.,#12211);
#12211 = SURFACE_SIDE_STYLE('',(#12212));
#12212 = SURFACE_STYLE_FILL_AREA(#12213);
#12213 = FILL_AREA_STYLE('',(#12214));
#12214 = FILL_AREA_STYLE_COLOUR('',#10297);
#12215 = CURVE_STYLE('',#12216,POSITIVE_LENGTH_MEASURE(0.1),#10297);
#12216 = DRAUGHTING_PRE_DEFINED_CURVE_FONT('continuous');
#12217 = STYLED_ITEM('color',(#12218),#8874);
#12218 = PRESENTATION_STYLE_ASSIGNMENT((#12219,#12224));
#12219 = SURFACE_STYLE_USAGE(.BOTH.,#12220);
#12220 = SURFACE_SIDE_STYLE('',(#12221));
#12221 = SURFACE_STYLE_FILL_AREA(#12222);
#12222 = FILL_AREA_STYLE('',(#12223));
#12223 = FILL_AREA_STYLE_COLOUR('',#10297);
#12224 = CURVE_STYLE('',#12225,POSITIVE_LENGTH_MEASURE(0.1),#10297);
#12225 = DRAUGHTING_PRE_DEFINED_CURVE_FONT('continuous');
#12226 = STYLED_ITEM('color',(#12227),#8891);
#12227 = PRESENTATION_STYLE_ASSIGNMENT((#12228,#12233));
#12228 = SURFACE_STYLE_USAGE(.BOTH.,#12229);
#12229 = SURFACE_SIDE_STYLE('',(#12230));
#12230 = SURFACE_STYLE_FILL_AREA(#12231);
#12231 = FILL_AREA_STYLE('',(#12232));
#12232 = FILL_AREA_STYLE_COLOUR('',#10297);
#12233 = CURVE_STYLE('',#12234,POSITIVE_LENGTH_MEASURE(0.1),#10297);
#12234 = DRAUGHTING_PRE_DEFINED_CURVE_FONT('continuous');
#12235 = STYLED_ITEM('color',(#12236),#8908);
#12236 = PRESENTATION_STYLE_ASSIGNMENT((#12237,#12242));
#12237 = SURFACE_STYLE_USAGE(.BOTH.,#12238);
#12238 = SURFACE_SIDE_STYLE('',(#12239));
#12239 = SURFACE_STYLE_FILL_AREA(#12240);
#12240 = FILL_AREA_STYLE('',(#12241));
#12241 = FILL_AREA_STYLE_COLOUR('',#10297);
#12242 = CURVE_STYLE('',#12243,POSITIVE_LENGTH_MEASURE(0.1),#10297);
#12243 = DRAUGHTING_PRE_DEFINED_CURVE_FONT('continuous');
#12244 = STYLED_ITEM('color',(#12245),#8925);
#12245 = PRESENTATION_STYLE_ASSIGNMENT((#12246,#12251));
#12246 = SURFACE_STYLE_USAGE(.BOTH.,#12247);
#12247 = SURFACE_SIDE_STYLE('',(#12248));
#12248 = SURFACE_STYLE_FILL_AREA(#12249);
#12249 = FILL_AREA_STYLE('',(#12250));
#12250 = FILL_AREA_STYLE_COLOUR('',#10297);
#12251 = CURVE_STYLE('',#12252,POSITIVE_LENGTH_MEASURE(0.1),#10297);
#12252 = DRAUGHTING_PRE_DEFINED_CURVE_FONT('continuous');
#12253 = STYLED_ITEM('color',(#12254),#8942);
#12254 = PRESENTATION_STYLE_ASSIGNMENT((#12255,#12260));
#12255 = SURFACE_STYLE_USAGE(.BOTH.,#12256);
#12256 = SURFACE_SIDE_STYLE('',(#12257));
#12257 = SURFACE_STYLE_FILL_AREA(#12258);
#12258 = FILL_AREA_STYLE('',(#12259));
#12259 = FILL_AREA_STYLE_COLOUR('',#10297);
#12260 = CURVE_STYLE('',#12261,POSITIVE_LENGTH_MEASURE(0.1),#10297);
#12261 = DRAUGHTING_PRE_DEFINED_CURVE_FONT('continuous');
#12262 = STYLED_ITEM('color',(#12263),#8954);
#12263 = PRESENTATION_STYLE_ASSIGNMENT((#12264,#12269));
#12264 = SURFACE_STYLE_USAGE(.BOTH.,#12265);
#12265 = SURFACE_SIDE_STYLE('',(#12266));
#12266 = SURFACE_STYLE_FILL_AREA(#12267);
#12267 = FILL_AREA_STYLE('',(#12268));
#12268 = FILL_AREA_STYLE_COLOUR('',#10297);
#12269 = CURVE_STYLE('',#12270,POSITIVE_LENGTH_MEASURE(0.1),#10297);
#12270 = DRAUGHTING_PRE_DEFINED_CURVE_FONT('continuous');
#12271 = STYLED_ITEM('color',(#12272),#8971);
#12272 = PRESENTATION_STYLE_ASSIGNMENT((#12273,#12278));
#12273 = SURFACE_STYLE_USAGE(.BOTH.,#12274);
#12274 = SURFACE_SIDE_STYLE('',(#12275));
#12275 = SURFACE_STYLE_FILL_AREA(#12276);
#12276 = FILL_AREA_STYLE('',(#12277));
#12277 = FILL_AREA_STYLE_COLOUR('',#10297);
#12278 = CURVE_STYLE('',#12279,POSITIVE_LENGTH_MEASURE(0.1),#10297);
#12279 = DRAUGHTING_PRE_DEFINED_CURVE_FONT('continuous');
#12280 = STYLED_ITEM('color',(#12281),#8988);
#12281 = PRESENTATION_STYLE_ASSIGNMENT((#12282,#12287));
#12282 = SURFACE_STYLE_USAGE(.BOTH.,#12283);
#12283 = SURFACE_SIDE_STYLE('',(#12284));
#12284 = SURFACE_STYLE_FILL_AREA(#12285);
#12285 = FILL_AREA_STYLE('',(#12286));
#12286 = FILL_AREA_STYLE_COLOUR('',#10297);
#12287 = CURVE_STYLE('',#12288,POSITIVE_LENGTH_MEASURE(0.1),#10297);
#12288 = DRAUGHTING_PRE_DEFINED_CURVE_FONT('continuous');
#12289 = STYLED_ITEM('color',(#12290),#9005);
#12290 = PRESENTATION_STYLE_ASSIGNMENT((#12291,#12296));
#12291 = SURFACE_STYLE_USAGE(.BOTH.,#12292);
#12292 = SURFACE_SIDE_STYLE('',(#12293));
#12293 = SURFACE_STYLE_FILL_AREA(#12294);
#12294 = FILL_AREA_STYLE('',(#12295));
#12295 = FILL_AREA_STYLE_COLOUR('',#10297);
#12296 = CURVE_STYLE('',#12297,POSITIVE_LENGTH_MEASURE(0.1),#10297);
#12297 = DRAUGHTING_PRE_DEFINED_CURVE_FONT('continuous');
#12298 = STYLED_ITEM('color',(#12299),#9022);
#12299 = PRESENTATION_STYLE_ASSIGNMENT((#12300,#12305));
#12300 = SURFACE_STYLE_USAGE(.BOTH.,#12301);
#12301 = SURFACE_SIDE_STYLE('',(#12302));
#12302 = SURFACE_STYLE_FILL_AREA(#12303);
#12303 = FILL_AREA_STYLE('',(#12304));
#12304 = FILL_AREA_STYLE_COLOUR('',#10297);
#12305 = CURVE_STYLE('',#12306,POSITIVE_LENGTH_MEASURE(0.1),#10297);
#12306 = DRAUGHTING_PRE_DEFINED_CURVE_FONT('continuous');
#12307 = STYLED_ITEM('color',(#12308),#9039);
#12308 = PRESENTATION_STYLE_ASSIGNMENT((#12309,#12314));
#12309 = SURFACE_STYLE_USAGE(.BOTH.,#12310);
#12310 = SURFACE_SIDE_STYLE('',(#12311));
#12311 = SURFACE_STYLE_FILL_AREA(#12312);
#12312 = FILL_AREA_STYLE('',(#12313));
#12313 = FILL_AREA_STYLE_COLOUR('',#10297);
#12314 = CURVE_STYLE('',#12315,POSITIVE_LENGTH_MEASURE(0.1),#10297);
#12315 = DRAUGHTING_PRE_DEFINED_CURVE_FONT('continuous');
#12316 = STYLED_ITEM('color',(#12317),#9056);
#12317 = PRESENTATION_STYLE_ASSIGNMENT((#12318,#12323));
#12318 = SURFACE_STYLE_USAGE(.BOTH.,#12319);
#12319 = SURFACE_SIDE_STYLE('',(#12320));
#12320 = SURFACE_STYLE_FILL_AREA(#12321);
#12321 = FILL_AREA_STYLE('',(#12322));
#12322 = FILL_AREA_STYLE_COLOUR('',#10297);
#12323 = CURVE_STYLE('',#12324,POSITIVE_LENGTH_MEASURE(0.1),#10297);
#12324 = DRAUGHTING_PRE_DEFINED_CURVE_FONT('continuous');
#12325 = STYLED_ITEM('color',(#12326),#9068);
#12326 = PRESENTATION_STYLE_ASSIGNMENT((#12327,#12332));
#12327 = SURFACE_STYLE_USAGE(.BOTH.,#12328);
#12328 = SURFACE_SIDE_STYLE('',(#12329));
#12329 = SURFACE_STYLE_FILL_AREA(#12330);
#12330 = FILL_AREA_STYLE('',(#12331));
#12331 = FILL_AREA_STYLE_COLOUR('',#10297);
#12332 = CURVE_STYLE('',#12333,POSITIVE_LENGTH_MEASURE(0.1),#10297);
#12333 = DRAUGHTING_PRE_DEFINED_CURVE_FONT('continuous');
#12334 = STYLED_ITEM('color',(#12335),#9085);
#12335 = PRESENTATION_STYLE_ASSIGNMENT((#12336,#12341));
#12336 = SURFACE_STYLE_USAGE(.BOTH.,#12337);
#12337 = SURFACE_SIDE_STYLE('',(#12338));
#12338 = SURFACE_STYLE_FILL_AREA(#12339);
#12339 = FILL_AREA_STYLE('',(#12340));
#12340 = FILL_AREA_STYLE_COLOUR('',#10297);
#12341 = CURVE_STYLE('',#12342,POSITIVE_LENGTH_MEASURE(0.1),#10297);
#12342 = DRAUGHTING_PRE_DEFINED_CURVE_FONT('continuous');
#12343 = STYLED_ITEM('color',(#12344),#9102);
#12344 = PRESENTATION_STYLE_ASSIGNMENT((#12345,#12350));
#12345 = SURFACE_STYLE_USAGE(.BOTH.,#12346);
#12346 = SURFACE_SIDE_STYLE('',(#12347));
#12347 = SURFACE_STYLE_FILL_AREA(#12348);
#12348 = FILL_AREA_STYLE('',(#12349));
#12349 = FILL_AREA_STYLE_COLOUR('',#10297);
#12350 = CURVE_STYLE('',#12351,POSITIVE_LENGTH_MEASURE(0.1),#10297);
#12351 = DRAUGHTING_PRE_DEFINED_CURVE_FONT('continuous');
#12352 = STYLED_ITEM('color',(#12353),#9119);
#12353 = PRESENTATION_STYLE_ASSIGNMENT((#12354,#12359));
#12354 = SURFACE_STYLE_USAGE(.BOTH.,#12355);
#12355 = SURFACE_SIDE_STYLE('',(#12356));
#12356 = SURFACE_STYLE_FILL_AREA(#12357);
#12357 = FILL_AREA_STYLE('',(#12358));
#12358 = FILL_AREA_STYLE_COLOUR('',#10297);
#12359 = CURVE_STYLE('',#12360,POSITIVE_LENGTH_MEASURE(0.1),#10297);
#12360 = DRAUGHTING_PRE_DEFINED_CURVE_FONT('continuous');
#12361 = STYLED_ITEM('color',(#12362),#9136);
#12362 = PRESENTATION_STYLE_ASSIGNMENT((#12363,#12368));
#12363 = SURFACE_STYLE_USAGE(.BOTH.,#12364);
#12364 = SURFACE_SIDE_STYLE('',(#12365));
#12365 = SURFACE_STYLE_FILL_AREA(#12366);
#12366 = FILL_AREA_STYLE('',(#12367));
#12367 = FILL_AREA_STYLE_COLOUR('',#10297);
#12368 = CURVE_STYLE('',#12369,POSITIVE_LENGTH_MEASURE(0.1),#10297);
#12369 = DRAUGHTING_PRE_DEFINED_CURVE_FONT('continuous');
#12370 = STYLED_ITEM('color',(#12371),#9153);
#12371 = PRESENTATION_STYLE_ASSIGNMENT((#12372,#12377));
#12372 = SURFACE_STYLE_USAGE(.BOTH.,#12373);
#12373 = SURFACE_SIDE_STYLE('',(#12374));
#12374 = SURFACE_STYLE_FILL_AREA(#12375);
#12375 = FILL_AREA_STYLE('',(#12376));
#12376 = FILL_AREA_STYLE_COLOUR('',#10297);
#12377 = CURVE_STYLE('',#12378,POSITIVE_LENGTH_MEASURE(0.1),#10297);
#12378 = DRAUGHTING_PRE_DEFINED_CURVE_FONT('continuous');
#12379 = STYLED_ITEM('color',(#12380),#9170);
#12380 = PRESENTATION_STYLE_ASSIGNMENT((#12381,#12386));
#12381 = SURFACE_STYLE_USAGE(.BOTH.,#12382);
#12382 = SURFACE_SIDE_STYLE('',(#12383));
#12383 = SURFACE_STYLE_FILL_AREA(#12384);
#12384 = FILL_AREA_STYLE('',(#12385));
#12385 = FILL_AREA_STYLE_COLOUR('',#10297);
#12386 = CURVE_STYLE('',#12387,POSITIVE_LENGTH_MEASURE(0.1),#10297);
#12387 = DRAUGHTING_PRE_DEFINED_CURVE_FONT('continuous');
#12388 = STYLED_ITEM('color',(#12389),#9182);
#12389 = PRESENTATION_STYLE_ASSIGNMENT((#12390,#12395));
#12390 = SURFACE_STYLE_USAGE(.BOTH.,#12391);
#12391 = SURFACE_SIDE_STYLE('',(#12392));
#12392 = SURFACE_STYLE_FILL_AREA(#12393);
#12393 = FILL_AREA_STYLE('',(#12394));
#12394 = FILL_AREA_STYLE_COLOUR('',#10297);
#12395 = CURVE_STYLE('',#12396,POSITIVE_LENGTH_MEASURE(0.1),#10297);
#12396 = DRAUGHTING_PRE_DEFINED_CURVE_FONT('continuous');
#12397 = STYLED_ITEM('color',(#12398),#9199);
#12398 = PRESENTATION_STYLE_ASSIGNMENT((#12399,#12404));
#12399 = SURFACE_STYLE_USAGE(.BOTH.,#12400);
#12400 = SURFACE_SIDE_STYLE('',(#12401));
#12401 = SURFACE_STYLE_FILL_AREA(#12402);
#12402 = FILL_AREA_STYLE('',(#12403));
#12403 = FILL_AREA_STYLE_COLOUR('',#10297);
#12404 = CURVE_STYLE('',#12405,POSITIVE_LENGTH_MEASURE(0.1),#10297);
#12405 = DRAUGHTING_PRE_DEFINED_CURVE_FONT('continuous');
#12406 = STYLED_ITEM('color',(#12407),#9216);
#12407 = PRESENTATION_STYLE_ASSIGNMENT((#12408,#12413));
#12408 = SURFACE_STYLE_USAGE(.BOTH.,#12409);
#12409 = SURFACE_SIDE_STYLE('',(#12410));
#12410 = SURFACE_STYLE_FILL_AREA(#12411);
#12411 = FILL_AREA_STYLE('',(#12412));
#12412 = FILL_AREA_STYLE_COLOUR('',#10297);
#12413 = CURVE_STYLE('',#12414,POSITIVE_LENGTH_MEASURE(0.1),#10297);
#12414 = DRAUGHTING_PRE_DEFINED_CURVE_FONT('continuous');
#12415 = STYLED_ITEM('color',(#12416),#9233);
#12416 = PRESENTATION_STYLE_ASSIGNMENT((#12417,#12422));
#12417 = SURFACE_STYLE_USAGE(.BOTH.,#12418);
#12418 = SURFACE_SIDE_STYLE('',(#12419));
#12419 = SURFACE_STYLE_FILL_AREA(#12420);
#12420 = FILL_AREA_STYLE('',(#12421));
#12421 = FILL_AREA_STYLE_COLOUR('',#10297);
#12422 = CURVE_STYLE('',#12423,POSITIVE_LENGTH_MEASURE(0.1),#10297);
#12423 = DRAUGHTING_PRE_DEFINED_CURVE_FONT('continuous');
#12424 = STYLED_ITEM('color',(#12425),#9250);
#12425 = PRESENTATION_STYLE_ASSIGNMENT((#12426,#12431));
#12426 = SURFACE_STYLE_USAGE(.BOTH.,#12427);
#12427 = SURFACE_SIDE_STYLE('',(#12428));
#12428 = SURFACE_STYLE_FILL_AREA(#12429);
#12429 = FILL_AREA_STYLE('',(#12430));
#12430 = FILL_AREA_STYLE_COLOUR('',#10297);
#12431 = CURVE_STYLE('',#12432,POSITIVE_LENGTH_MEASURE(0.1),#10297);
#12432 = DRAUGHTING_PRE_DEFINED_CURVE_FONT('continuous');
#12433 = STYLED_ITEM('color',(#12434),#9267);
#12434 = PRESENTATION_STYLE_ASSIGNMENT((#12435,#12440));
#12435 = SURFACE_STYLE_USAGE(.BOTH.,#12436);
#12436 = SURFACE_SIDE_STYLE('',(#12437));
#12437 = SURFACE_STYLE_FILL_AREA(#12438);
#12438 = FILL_AREA_STYLE('',(#12439));
#12439 = FILL_AREA_STYLE_COLOUR('',#10297);
#12440 = CURVE_STYLE('',#12441,POSITIVE_LENGTH_MEASURE(0.1),#10297);
#12441 = DRAUGHTING_PRE_DEFINED_CURVE_FONT('continuous');
#12442 = STYLED_ITEM('color',(#12443),#9284);
#12443 = PRESENTATION_STYLE_ASSIGNMENT((#12444,#12449));
#12444 = SURFACE_STYLE_USAGE(.BOTH.,#12445);
#12445 = SURFACE_SIDE_STYLE('',(#12446));
#12446 = SURFACE_STYLE_FILL_AREA(#12447);
#12447 = FILL_AREA_STYLE('',(#12448));
#12448 = FILL_AREA_STYLE_COLOUR('',#10297);
#12449 = CURVE_STYLE('',#12450,POSITIVE_LENGTH_MEASURE(0.1),#10297);
#12450 = DRAUGHTING_PRE_DEFINED_CURVE_FONT('continuous');
#12451 = STYLED_ITEM('color',(#12452),#9301);
#12452 = PRESENTATION_STYLE_ASSIGNMENT((#12453,#12458));
#12453 = SURFACE_STYLE_USAGE(.BOTH.,#12454);
#12454 = SURFACE_SIDE_STYLE('',(#12455));
#12455 = SURFACE_STYLE_FILL_AREA(#12456);
#12456 = FILL_AREA_STYLE('',(#12457));
#12457 = FILL_AREA_STYLE_COLOUR('',#10297);
#12458 = CURVE_STYLE('',#12459,POSITIVE_LENGTH_MEASURE(0.1),#10297);
#12459 = DRAUGHTING_PRE_DEFINED_CURVE_FONT('continuous');
#12460 = STYLED_ITEM('color',(#12461),#9313);
#12461 = PRESENTATION_STYLE_ASSIGNMENT((#12462,#12467));
#12462 = SURFACE_STYLE_USAGE(.BOTH.,#12463);
#12463 = SURFACE_SIDE_STYLE('',(#12464));
#12464 = SURFACE_STYLE_FILL_AREA(#12465);
#12465 = FILL_AREA_STYLE('',(#12466));
#12466 = FILL_AREA_STYLE_COLOUR('',#10297);
#12467 = CURVE_STYLE('',#12468,POSITIVE_LENGTH_MEASURE(0.1),#10297);
#12468 = DRAUGHTING_PRE_DEFINED_CURVE_FONT('continuous');
#12469 = STYLED_ITEM('color',(#12470),#9330);
#12470 = PRESENTATION_STYLE_ASSIGNMENT((#12471,#12476));
#12471 = SURFACE_STYLE_USAGE(.BOTH.,#12472);
#12472 = SURFACE_SIDE_STYLE('',(#12473));
#12473 = SURFACE_STYLE_FILL_AREA(#12474);
#12474 = FILL_AREA_STYLE('',(#12475));
#12475 = FILL_AREA_STYLE_COLOUR('',#10297);
#12476 = CURVE_STYLE('',#12477,POSITIVE_LENGTH_MEASURE(0.1),#10297);
#12477 = DRAUGHTING_PRE_DEFINED_CURVE_FONT('continuous');
#12478 = STYLED_ITEM('color',(#12479),#9347);
#12479 = PRESENTATION_STYLE_ASSIGNMENT((#12480,#12485));
#12480 = SURFACE_STYLE_USAGE(.BOTH.,#12481);
#12481 = SURFACE_SIDE_STYLE('',(#12482));
#12482 = SURFACE_STYLE_FILL_AREA(#12483);
#12483 = FILL_AREA_STYLE('',(#12484));
#12484 = FILL_AREA_STYLE_COLOUR('',#10297);
#12485 = CURVE_STYLE('',#12486,POSITIVE_LENGTH_MEASURE(0.1),#10297);
#12486 = DRAUGHTING_PRE_DEFINED_CURVE_FONT('continuous');
#12487 = STYLED_ITEM('color',(#12488),#9364);
#12488 = PRESENTATION_STYLE_ASSIGNMENT((#12489,#12494));
#12489 = SURFACE_STYLE_USAGE(.BOTH.,#12490);
#12490 = SURFACE_SIDE_STYLE('',(#12491));
#12491 = SURFACE_STYLE_FILL_AREA(#12492);
#12492 = FILL_AREA_STYLE('',(#12493));
#12493 = FILL_AREA_STYLE_COLOUR('',#10297);
#12494 = CURVE_STYLE('',#12495,POSITIVE_LENGTH_MEASURE(0.1),#10297);
#12495 = DRAUGHTING_PRE_DEFINED_CURVE_FONT('continuous');
#12496 = STYLED_ITEM('color',(#12497),#9381);
#12497 = PRESENTATION_STYLE_ASSIGNMENT((#12498,#12503));
#12498 = SURFACE_STYLE_USAGE(.BOTH.,#12499);
#12499 = SURFACE_SIDE_STYLE('',(#12500));
#12500 = SURFACE_STYLE_FILL_AREA(#12501);
#12501 = FILL_AREA_STYLE('',(#12502));
#12502 = FILL_AREA_STYLE_COLOUR('',#10297);
#12503 = CURVE_STYLE('',#12504,POSITIVE_LENGTH_MEASURE(0.1),#10297);
#12504 = DRAUGHTING_PRE_DEFINED_CURVE_FONT('continuous');
#12505 = STYLED_ITEM('color',(#12506),#9398);
#12506 = PRESENTATION_STYLE_ASSIGNMENT((#12507,#12512));
#12507 = SURFACE_STYLE_USAGE(.BOTH.,#12508);
#12508 = SURFACE_SIDE_STYLE('',(#12509));
#12509 = SURFACE_STYLE_FILL_AREA(#12510);
#12510 = FILL_AREA_STYLE('',(#12511));
#12511 = FILL_AREA_STYLE_COLOUR('',#10297);
#12512 = CURVE_STYLE('',#12513,POSITIVE_LENGTH_MEASURE(0.1),#10297);
#12513 = DRAUGHTING_PRE_DEFINED_CURVE_FONT('continuous');
#12514 = STYLED_ITEM('color',(#12515),#9415);
#12515 = PRESENTATION_STYLE_ASSIGNMENT((#12516,#12521));
#12516 = SURFACE_STYLE_USAGE(.BOTH.,#12517);
#12517 = SURFACE_SIDE_STYLE('',(#12518));
#12518 = SURFACE_STYLE_FILL_AREA(#12519);
#12519 = FILL_AREA_STYLE('',(#12520));
#12520 = FILL_AREA_STYLE_COLOUR('',#10297);
#12521 = CURVE_STYLE('',#12522,POSITIVE_LENGTH_MEASURE(0.1),#10297);
#12522 = DRAUGHTING_PRE_DEFINED_CURVE_FONT('continuous');
#12523 = STYLED_ITEM('color',(#12524),#9432);
#12524 = PRESENTATION_STYLE_ASSIGNMENT((#12525,#12530));
#12525 = SURFACE_STYLE_USAGE(.BOTH.,#12526);
#12526 = SURFACE_SIDE_STYLE('',(#12527));
#12527 = SURFACE_STYLE_FILL_AREA(#12528);
#12528 = FILL_AREA_STYLE('',(#12529));
#12529 = FILL_AREA_STYLE_COLOUR('',#10297);
#12530 = CURVE_STYLE('',#12531,POSITIVE_LENGTH_MEASURE(0.1),#10297);
#12531 = DRAUGHTING_PRE_DEFINED_CURVE_FONT('continuous');
#12532 = STYLED_ITEM('color',(#12533),#9444);
#12533 = PRESENTATION_STYLE_ASSIGNMENT((#12534,#12539));
#12534 = SURFACE_STYLE_USAGE(.BOTH.,#12535);
#12535 = SURFACE_SIDE_STYLE('',(#12536));
#12536 = SURFACE_STYLE_FILL_AREA(#12537);
#12537 = FILL_AREA_STYLE('',(#12538));
#12538 = FILL_AREA_STYLE_COLOUR('',#10297);
#12539 = CURVE_STYLE('',#12540,POSITIVE_LENGTH_MEASURE(0.1),#10297);
#12540 = DRAUGHTING_PRE_DEFINED_CURVE_FONT('continuous');
#12541 = STYLED_ITEM('color',(#12542),#9461);
#12542 = PRESENTATION_STYLE_ASSIGNMENT((#12543,#12548));
#12543 = SURFACE_STYLE_USAGE(.BOTH.,#12544);
#12544 = SURFACE_SIDE_STYLE('',(#12545));
#12545 = SURFACE_STYLE_FILL_AREA(#12546);
#12546 = FILL_AREA_STYLE('',(#12547));
#12547 = FILL_AREA_STYLE_COLOUR('',#10297);
#12548 = CURVE_STYLE('',#12549,POSITIVE_LENGTH_MEASURE(0.1),#10297);
#12549 = DRAUGHTING_PRE_DEFINED_CURVE_FONT('continuous');
#12550 = STYLED_ITEM('color',(#12551),#9478);
#12551 = PRESENTATION_STYLE_ASSIGNMENT((#12552,#12557));
#12552 = SURFACE_STYLE_USAGE(.BOTH.,#12553);
#12553 = SURFACE_SIDE_STYLE('',(#12554));
#12554 = SURFACE_STYLE_FILL_AREA(#12555);
#12555 = FILL_AREA_STYLE('',(#12556));
#12556 = FILL_AREA_STYLE_COLOUR('',#10297);
#12557 = CURVE_STYLE('',#12558,POSITIVE_LENGTH_MEASURE(0.1),#10297);
#12558 = DRAUGHTING_PRE_DEFINED_CURVE_FONT('continuous');
#12559 = STYLED_ITEM('color',(#12560),#9495);
#12560 = PRESENTATION_STYLE_ASSIGNMENT((#12561,#12566));
#12561 = SURFACE_STYLE_USAGE(.BOTH.,#12562);
#12562 = SURFACE_SIDE_STYLE('',(#12563));
#12563 = SURFACE_STYLE_FILL_AREA(#12564);
#12564 = FILL_AREA_STYLE('',(#12565));
#12565 = FILL_AREA_STYLE_COLOUR('',#10297);
#12566 = CURVE_STYLE('',#12567,POSITIVE_LENGTH_MEASURE(0.1),#10297);
#12567 = DRAUGHTING_PRE_DEFINED_CURVE_FONT('continuous');
#12568 = STYLED_ITEM('color',(#12569),#9512);
#12569 = PRESENTATION_STYLE_ASSIGNMENT((#12570,#12575));
#12570 = SURFACE_STYLE_USAGE(.BOTH.,#12571);
#12571 = SURFACE_SIDE_STYLE('',(#12572));
#12572 = SURFACE_STYLE_FILL_AREA(#12573);
#12573 = FILL_AREA_STYLE('',(#12574));
#12574 = FILL_AREA_STYLE_COLOUR('',#10297);
#12575 = CURVE_STYLE('',#12576,POSITIVE_LENGTH_MEASURE(0.1),#10297);
#12576 = DRAUGHTING_PRE_DEFINED_CURVE_FONT('continuous');
#12577 = STYLED_ITEM('color',(#12578),#9529);
#12578 = PRESENTATION_STYLE_ASSIGNMENT((#12579,#12584));
#12579 = SURFACE_STYLE_USAGE(.BOTH.,#12580);
#12580 = SURFACE_SIDE_STYLE('',(#12581));
#12581 = SURFACE_STYLE_FILL_AREA(#12582);
#12582 = FILL_AREA_STYLE('',(#12583));
#12583 = FILL_AREA_STYLE_COLOUR('',#10297);
#12584 = CURVE_STYLE('',#12585,POSITIVE_LENGTH_MEASURE(0.1),#10297);
#12585 = DRAUGHTING_PRE_DEFINED_CURVE_FONT('continuous');
#12586 = STYLED_ITEM('color',(#12587),#9546);
#12587 = PRESENTATION_STYLE_ASSIGNMENT((#12588,#12593));
#12588 = SURFACE_STYLE_USAGE(.BOTH.,#12589);
#12589 = SURFACE_SIDE_STYLE('',(#12590));
#12590 = SURFACE_STYLE_FILL_AREA(#12591);
#12591 = FILL_AREA_STYLE('',(#12592));
#12592 = FILL_AREA_STYLE_COLOUR('',#10297);
#12593 = CURVE_STYLE('',#12594,POSITIVE_LENGTH_MEASURE(0.1),#10297);
#12594 = DRAUGHTING_PRE_DEFINED_CURVE_FONT('continuous');
#12595 = STYLED_ITEM('color',(#12596),#9563);
#12596 = PRESENTATION_STYLE_ASSIGNMENT((#12597,#12602));
#12597 = SURFACE_STYLE_USAGE(.BOTH.,#12598);
#12598 = SURFACE_SIDE_STYLE('',(#12599));
#12599 = SURFACE_STYLE_FILL_AREA(#12600);
#12600 = FILL_AREA_STYLE('',(#12601));
#12601 = FILL_AREA_STYLE_COLOUR('',#10297);
#12602 = CURVE_STYLE('',#12603,POSITIVE_LENGTH_MEASURE(0.1),#10297);
#12603 = DRAUGHTING_PRE_DEFINED_CURVE_FONT('continuous');
#12604 = STYLED_ITEM('color',(#12605),#9575);
#12605 = PRESENTATION_STYLE_ASSIGNMENT((#12606,#12611));
#12606 = SURFACE_STYLE_USAGE(.BOTH.,#12607);
#12607 = SURFACE_SIDE_STYLE('',(#12608));
#12608 = SURFACE_STYLE_FILL_AREA(#12609);
#12609 = FILL_AREA_STYLE('',(#12610));
#12610 = FILL_AREA_STYLE_COLOUR('',#10297);
#12611 = CURVE_STYLE('',#12612,POSITIVE_LENGTH_MEASURE(0.1),#10297);
#12612 = DRAUGHTING_PRE_DEFINED_CURVE_FONT('continuous');
#12613 = STYLED_ITEM('color',(#12614),#9592);
#12614 = PRESENTATION_STYLE_ASSIGNMENT((#12615,#12620));
#12615 = SURFACE_STYLE_USAGE(.BOTH.,#12616);
#12616 = SURFACE_SIDE_STYLE('',(#12617));
#12617 = SURFACE_STYLE_FILL_AREA(#12618);
#12618 = FILL_AREA_STYLE('',(#12619));
#12619 = FILL_AREA_STYLE_COLOUR('',#10297);
#12620 = CURVE_STYLE('',#12621,POSITIVE_LENGTH_MEASURE(0.1),#10297);
#12621 = DRAUGHTING_PRE_DEFINED_CURVE_FONT('continuous');
#12622 = STYLED_ITEM('color',(#12623),#9609);
#12623 = PRESENTATION_STYLE_ASSIGNMENT((#12624,#12629));
#12624 = SURFACE_STYLE_USAGE(.BOTH.,#12625);
#12625 = SURFACE_SIDE_STYLE('',(#12626));
#12626 = SURFACE_STYLE_FILL_AREA(#12627);
#12627 = FILL_AREA_STYLE('',(#12628));
#12628 = FILL_AREA_STYLE_COLOUR('',#10297);
#12629 = CURVE_STYLE('',#12630,POSITIVE_LENGTH_MEASURE(0.1),#10297);
#12630 = DRAUGHTING_PRE_DEFINED_CURVE_FONT('continuous');
#12631 = STYLED_ITEM('color',(#12632),#9626);
#12632 = PRESENTATION_STYLE_ASSIGNMENT((#12633,#12638));
#12633 = SURFACE_STYLE_USAGE(.BOTH.,#12634);
#12634 = SURFACE_SIDE_STYLE('',(#12635));
#12635 = SURFACE_STYLE_FILL_AREA(#12636);
#12636 = FILL_AREA_STYLE('',(#12637));
#12637 = FILL_AREA_STYLE_COLOUR('',#10297);
#12638 = CURVE_STYLE('',#12639,POSITIVE_LENGTH_MEASURE(0.1),#10297);
#12639 = DRAUGHTING_PRE_DEFINED_CURVE_FONT('continuous');
#12640 = STYLED_ITEM('color',(#12641),#9643);
#12641 = PRESENTATION_STYLE_ASSIGNMENT((#12642,#12647));
#12642 = SURFACE_STYLE_USAGE(.BOTH.,#12643);
#12643 = SURFACE_SIDE_STYLE('',(#12644));
#12644 = SURFACE_STYLE_FILL_AREA(#12645);
#12645 = FILL_AREA_STYLE('',(#12646));
#12646 = FILL_AREA_STYLE_COLOUR('',#10297);
#12647 = CURVE_STYLE('',#12648,POSITIVE_LENGTH_MEASURE(0.1),#10297);
#12648 = DRAUGHTING_PRE_DEFINED_CURVE_FONT('continuous');
#12649 = STYLED_ITEM('color',(#12650),#9660);
#12650 = PRESENTATION_STYLE_ASSIGNMENT((#12651,#12656));
#12651 = SURFACE_STYLE_USAGE(.BOTH.,#12652);
#12652 = SURFACE_SIDE_STYLE('',(#12653));
#12653 = SURFACE_STYLE_FILL_AREA(#12654);
#12654 = FILL_AREA_STYLE('',(#12655));
#12655 = FILL_AREA_STYLE_COLOUR('',#10297);
#12656 = CURVE_STYLE('',#12657,POSITIVE_LENGTH_MEASURE(0.1),#10297);
#12657 = DRAUGHTING_PRE_DEFINED_CURVE_FONT('continuous');
#12658 = STYLED_ITEM('color',(#12659),#9677);
#12659 = PRESENTATION_STYLE_ASSIGNMENT((#12660,#12665));
#12660 = SURFACE_STYLE_USAGE(.BOTH.,#12661);
#12661 = SURFACE_SIDE_STYLE('',(#12662));
#12662 = SURFACE_STYLE_FILL_AREA(#12663);
#12663 = FILL_AREA_STYLE('',(#12664));
#12664 = FILL_AREA_STYLE_COLOUR('',#10297);
#12665 = CURVE_STYLE('',#12666,POSITIVE_LENGTH_MEASURE(0.1),#10297);
#12666 = DRAUGHTING_PRE_DEFINED_CURVE_FONT('continuous');
#12667 = STYLED_ITEM('color',(#12668),#9694);
#12668 = PRESENTATION_STYLE_ASSIGNMENT((#12669,#12674));
#12669 = SURFACE_STYLE_USAGE(.BOTH.,#12670);
#12670 = SURFACE_SIDE_STYLE('',(#12671));
#12671 = SURFACE_STYLE_FILL_AREA(#12672);
#12672 = FILL_AREA_STYLE('',(#12673));
#12673 = FILL_AREA_STYLE_COLOUR('',#10297);
#12674 = CURVE_STYLE('',#12675,POSITIVE_LENGTH_MEASURE(0.1),#10297);
#12675 = DRAUGHTING_PRE_DEFINED_CURVE_FONT('continuous');
#12676 = STYLED_ITEM('color',(#12677),#9706);
#12677 = PRESENTATION_STYLE_ASSIGNMENT((#12678,#12683));
#12678 = SURFACE_STYLE_USAGE(.BOTH.,#12679);
#12679 = SURFACE_SIDE_STYLE('',(#12680));
#12680 = SURFACE_STYLE_FILL_AREA(#12681);
#12681 = FILL_AREA_STYLE('',(#12682));
#12682 = FILL_AREA_STYLE_COLOUR('',#10297);
#12683 = CURVE_STYLE('',#12684,POSITIVE_LENGTH_MEASURE(0.1),#10297);
#12684 = DRAUGHTING_PRE_DEFINED_CURVE_FONT('continuous');
#12685 = STYLED_ITEM('color',(#12686),#9723);
#12686 = PRESENTATION_STYLE_ASSIGNMENT((#12687,#12692));
#12687 = SURFACE_STYLE_USAGE(.BOTH.,#12688);
#12688 = SURFACE_SIDE_STYLE('',(#12689));
#12689 = SURFACE_STYLE_FILL_AREA(#12690);
#12690 = FILL_AREA_STYLE('',(#12691));
#12691 = FILL_AREA_STYLE_COLOUR('',#10297);
#12692 = CURVE_STYLE('',#12693,POSITIVE_LENGTH_MEASURE(0.1),#10297);
#12693 = DRAUGHTING_PRE_DEFINED_CURVE_FONT('continuous');
#12694 = STYLED_ITEM('color',(#12695),#9740);
#12695 = PRESENTATION_STYLE_ASSIGNMENT((#12696,#12701));
#12696 = SURFACE_STYLE_USAGE(.BOTH.,#12697);
#12697 = SURFACE_SIDE_STYLE('',(#12698));
#12698 = SURFACE_STYLE_FILL_AREA(#12699);
#12699 = FILL_AREA_STYLE('',(#12700));
#12700 = FILL_AREA_STYLE_COLOUR('',#10297);
#12701 = CURVE_STYLE('',#12702,POSITIVE_LENGTH_MEASURE(0.1),#10297);
#12702 = DRAUGHTING_PRE_DEFINED_CURVE_FONT('continuous');
#12703 = STYLED_ITEM('color',(#12704),#9757);
#12704 = PRESENTATION_STYLE_ASSIGNMENT((#12705,#12710));
#12705 = SURFACE_STYLE_USAGE(.BOTH.,#12706);
#12706 = SURFACE_SIDE_STYLE('',(#12707));
#12707 = SURFACE_STYLE_FILL_AREA(#12708);
#12708 = FILL_AREA_STYLE('',(#12709));
#12709 = FILL_AREA_STYLE_COLOUR('',#10297);
#12710 = CURVE_STYLE('',#12711,POSITIVE_LENGTH_MEASURE(0.1),#10297);
#12711 = DRAUGHTING_PRE_DEFINED_CURVE_FONT('continuous');
#12712 = STYLED_ITEM('color',(#12713),#9774);
#12713 = PRESENTATION_STYLE_ASSIGNMENT((#12714,#12719));
#12714 = SURFACE_STYLE_USAGE(.BOTH.,#12715);
#12715 = SURFACE_SIDE_STYLE('',(#12716));
#12716 = SURFACE_STYLE_FILL_AREA(#12717);
#12717 = FILL_AREA_STYLE('',(#12718));
#12718 = FILL_AREA_STYLE_COLOUR('',#10297);
#12719 = CURVE_STYLE('',#12720,POSITIVE_LENGTH_MEASURE(0.1),#10297);
#12720 = DRAUGHTING_PRE_DEFINED_CURVE_FONT('continuous');
#12721 = STYLED_ITEM('color',(#12722),#9791);
#12722 = PRESENTATION_STYLE_ASSIGNMENT((#12723,#12728));
#12723 = SURFACE_STYLE_USAGE(.BOTH.,#12724);
#12724 = SURFACE_SIDE_STYLE('',(#12725));
#12725 = SURFACE_STYLE_FILL_AREA(#12726);
#12726 = FILL_AREA_STYLE('',(#12727));
#12727 = FILL_AREA_STYLE_COLOUR('',#10297);
#12728 = CURVE_STYLE('',#12729,POSITIVE_LENGTH_MEASURE(0.1),#10297);
#12729 = DRAUGHTING_PRE_DEFINED_CURVE_FONT('continuous');
#12730 = STYLED_ITEM('color',(#12731),#9808);
#12731 = PRESENTATION_STYLE_ASSIGNMENT((#12732,#12737));
#12732 = SURFACE_STYLE_USAGE(.BOTH.,#12733);
#12733 = SURFACE_SIDE_STYLE('',(#12734));
#12734 = SURFACE_STYLE_FILL_AREA(#12735);
#12735 = FILL_AREA_STYLE('',(#12736));
#12736 = FILL_AREA_STYLE_COLOUR('',#10297);
#12737 = CURVE_STYLE('',#12738,POSITIVE_LENGTH_MEASURE(0.1),#10297);
#12738 = DRAUGHTING_PRE_DEFINED_CURVE_FONT('continuous');
#12739 = STYLED_ITEM('color',(#12740),#9825);
#12740 = PRESENTATION_STYLE_ASSIGNMENT((#12741,#12746));
#12741 = SURFACE_STYLE_USAGE(.BOTH.,#12742);
#12742 = SURFACE_SIDE_STYLE('',(#12743));
#12743 = SURFACE_STYLE_FILL_AREA(#12744);
#12744 = FILL_AREA_STYLE('',(#12745));
#12745 = FILL_AREA_STYLE_COLOUR('',#10297);
#12746 = CURVE_STYLE('',#12747,POSITIVE_LENGTH_MEASURE(0.1),#10297);
#12747 = DRAUGHTING_PRE_DEFINED_CURVE_FONT('continuous');
#12748 = STYLED_ITEM('color',(#12749),#9837);
#12749 = PRESENTATION_STYLE_ASSIGNMENT((#12750,#12755));
#12750 = SURFACE_STYLE_USAGE(.BOTH.,#12751);
#12751 = SURFACE_SIDE_STYLE('',(#12752));
#12752 = SURFACE_STYLE_FILL_AREA(#12753);
#12753 = FILL_AREA_STYLE('',(#12754));
#12754 = FILL_AREA_STYLE_COLOUR('',#10297);
#12755 = CURVE_STYLE('',#12756,POSITIVE_LENGTH_MEASURE(0.1),#10297);
#12756 = DRAUGHTING_PRE_DEFINED_CURVE_FONT('continuous');
#12757 = STYLED_ITEM('color',(#12758),#9854);
#12758 = PRESENTATION_STYLE_ASSIGNMENT((#12759,#12764));
#12759 = SURFACE_STYLE_USAGE(.BOTH.,#12760);
#12760 = SURFACE_SIDE_STYLE('',(#12761));
#12761 = SURFACE_STYLE_FILL_AREA(#12762);
#12762 = FILL_AREA_STYLE('',(#12763));
#12763 = FILL_AREA_STYLE_COLOUR('',#10297);
#12764 = CURVE_STYLE('',#12765,POSITIVE_LENGTH_MEASURE(0.1),#10297);
#12765 = DRAUGHTING_PRE_DEFINED_CURVE_FONT('continuous');
#12766 = STYLED_ITEM('color',(#12767),#9871);
#12767 = PRESENTATION_STYLE_ASSIGNMENT((#12768,#12773));
#12768 = SURFACE_STYLE_USAGE(.BOTH.,#12769);
#12769 = SURFACE_SIDE_STYLE('',(#12770));
#12770 = SURFACE_STYLE_FILL_AREA(#12771);
#12771 = FILL_AREA_STYLE('',(#12772));
#12772 = FILL_AREA_STYLE_COLOUR('',#10297);
#12773 = CURVE_STYLE('',#12774,POSITIVE_LENGTH_MEASURE(0.1),#10297);
#12774 = DRAUGHTING_PRE_DEFINED_CURVE_FONT('continuous');
#12775 = STYLED_ITEM('color',(#12776),#9888);
#12776 = PRESENTATION_STYLE_ASSIGNMENT((#12777,#12782));
#12777 = SURFACE_STYLE_USAGE(.BOTH.,#12778);
#12778 = SURFACE_SIDE_STYLE('',(#12779));
#12779 = SURFACE_STYLE_FILL_AREA(#12780);
#12780 = FILL_AREA_STYLE('',(#12781));
#12781 = FILL_AREA_STYLE_COLOUR('',#10297);
#12782 = CURVE_STYLE('',#12783,POSITIVE_LENGTH_MEASURE(0.1),#10297);
#12783 = DRAUGHTING_PRE_DEFINED_CURVE_FONT('continuous');
#12784 = STYLED_ITEM('color',(#12785),#9905);
#12785 = PRESENTATION_STYLE_ASSIGNMENT((#12786,#12791));
#12786 = SURFACE_STYLE_USAGE(.BOTH.,#12787);
#12787 = SURFACE_SIDE_STYLE('',(#12788));
#12788 = SURFACE_STYLE_FILL_AREA(#12789);
#12789 = FILL_AREA_STYLE('',(#12790));
#12790 = FILL_AREA_STYLE_COLOUR('',#10297);
#12791 = CURVE_STYLE('',#12792,POSITIVE_LENGTH_MEASURE(0.1),#10297);
#12792 = DRAUGHTING_PRE_DEFINED_CURVE_FONT('continuous');
#12793 = STYLED_ITEM('color',(#12794),#9922);
#12794 = PRESENTATION_STYLE_ASSIGNMENT((#12795,#12800));
#12795 = SURFACE_STYLE_USAGE(.BOTH.,#12796);
#12796 = SURFACE_SIDE_STYLE('',(#12797));
#12797 = SURFACE_STYLE_FILL_AREA(#12798);
#12798 = FILL_AREA_STYLE('',(#12799));
#12799 = FILL_AREA_STYLE_COLOUR('',#10297);
#12800 = CURVE_STYLE('',#12801,POSITIVE_LENGTH_MEASURE(0.1),#10297);
#12801 = DRAUGHTING_PRE_DEFINED_CURVE_FONT('continuous');
#12802 = STYLED_ITEM('color',(#12803),#9939);
#12803 = PRESENTATION_STYLE_ASSIGNMENT((#12804,#12809));
#12804 = SURFACE_STYLE_USAGE(.BOTH.,#12805);
#12805 = SURFACE_SIDE_STYLE('',(#12806));
#12806 = SURFACE_STYLE_FILL_AREA(#12807);
#12807 = FILL_AREA_STYLE('',(#12808));
#12808 = FILL_AREA_STYLE_COLOUR('',#10297);
#12809 = CURVE_STYLE('',#12810,POSITIVE_LENGTH_MEASURE(0.1),#10297);
#12810 = DRAUGHTING_PRE_DEFINED_CURVE_FONT('continuous');
#12811 = STYLED_ITEM('color',(#12812),#9956);
#12812 = PRESENTATION_STYLE_ASSIGNMENT((#12813,#12818));
#12813 = SURFACE_STYLE_USAGE(.BOTH.,#12814);
#12814 = SURFACE_SIDE_STYLE('',(#12815));
#12815 = SURFACE_STYLE_FILL_AREA(#12816);
#12816 = FILL_AREA_STYLE('',(#12817));
#12817 = FILL_AREA_STYLE_COLOUR('',#10297);
#12818 = CURVE_STYLE('',#12819,POSITIVE_LENGTH_MEASURE(0.1),#10297);
#12819 = DRAUGHTING_PRE_DEFINED_CURVE_FONT('continuous');
#12820 = STYLED_ITEM('color',(#12821),#9968);
#12821 = PRESENTATION_STYLE_ASSIGNMENT((#12822,#12828));
#12822 = SURFACE_STYLE_USAGE(.BOTH.,#12823);
#12823 = SURFACE_SIDE_STYLE('',(#12824));
#12824 = SURFACE_STYLE_FILL_AREA(#12825);
#12825 = FILL_AREA_STYLE('',(#12826));
#12826 = FILL_AREA_STYLE_COLOUR('',#12827);
#12827 = COLOUR_RGB('',0.690999998585,0.664000007176,0.597999987832);
#12828 = CURVE_STYLE('',#12829,POSITIVE_LENGTH_MEASURE(0.1),#12827);
#12829 = DRAUGHTING_PRE_DEFINED_CURVE_FONT('continuous');
#12830 = MECHANICAL_DESIGN_GEOMETRIC_PRESENTATION_REPRESENTATION('',(
    #12831,#12838,#12845,#12852,#12859,#12866,#12873,#12880,#12888,
    #12895,#12902,#12909,#12916,#12923,#12931,#12938,#12945,#12952,
    #12959,#12966,#12973,#12980,#12987,#12994,#13001,#13008),#866);
#12831 = STYLED_ITEM('color',(#12832),#78);
#12832 = PRESENTATION_STYLE_ASSIGNMENT((#12833));
#12833 = SURFACE_STYLE_USAGE(.BOTH.,#12834);
#12834 = SURFACE_SIDE_STYLE('',(#12835));
#12835 = SURFACE_STYLE_FILL_AREA(#12836);
#12836 = FILL_AREA_STYLE('',(#12837));
#12837 = FILL_AREA_STYLE_COLOUR('',#10297);
#12838 = STYLED_ITEM('color',(#12839),#118);
#12839 = PRESENTATION_STYLE_ASSIGNMENT((#12840));
#12840 = SURFACE_STYLE_USAGE(.BOTH.,#12841);
#12841 = SURFACE_SIDE_STYLE('',(#12842));
#12842 = SURFACE_STYLE_FILL_AREA(#12843);
#12843 = FILL_AREA_STYLE('',(#12844));
#12844 = FILL_AREA_STYLE_COLOUR('',#10297);
#12845 = STYLED_ITEM('color',(#12846),#201);
#12846 = PRESENTATION_STYLE_ASSIGNMENT((#12847));
#12847 = SURFACE_STYLE_USAGE(.BOTH.,#12848);
#12848 = SURFACE_SIDE_STYLE('',(#12849));
#12849 = SURFACE_STYLE_FILL_AREA(#12850);
#12850 = FILL_AREA_STYLE('',(#12851));
#12851 = FILL_AREA_STYLE_COLOUR('',#10297);
#12852 = STYLED_ITEM('color',(#12853),#226);
#12853 = PRESENTATION_STYLE_ASSIGNMENT((#12854));
#12854 = SURFACE_STYLE_USAGE(.BOTH.,#12855);
#12855 = SURFACE_SIDE_STYLE('',(#12856));
#12856 = SURFACE_STYLE_FILL_AREA(#12857);
#12857 = FILL_AREA_STYLE('',(#12858));
#12858 = FILL_AREA_STYLE_COLOUR('',#10297);
#12859 = STYLED_ITEM('color',(#12860),#251);
#12860 = PRESENTATION_STYLE_ASSIGNMENT((#12861));
#12861 = SURFACE_STYLE_USAGE(.BOTH.,#12862);
#12862 = SURFACE_SIDE_STYLE('',(#12863));
#12863 = SURFACE_STYLE_FILL_AREA(#12864);
#12864 = FILL_AREA_STYLE('',(#12865));
#12865 = FILL_AREA_STYLE_COLOUR('',#10297);
#12866 = STYLED_ITEM('color',(#12867),#318);
#12867 = PRESENTATION_STYLE_ASSIGNMENT((#12868));
#12868 = SURFACE_STYLE_USAGE(.BOTH.,#12869);
#12869 = SURFACE_SIDE_STYLE('',(#12870));
#12870 = SURFACE_STYLE_FILL_AREA(#12871);
#12871 = FILL_AREA_STYLE('',(#12872));
#12872 = FILL_AREA_STYLE_COLOUR('',#10297);
#12873 = STYLED_ITEM('color',(#12874),#335);
#12874 = PRESENTATION_STYLE_ASSIGNMENT((#12875));
#12875 = SURFACE_STYLE_USAGE(.BOTH.,#12876);
#12876 = SURFACE_SIDE_STYLE('',(#12877));
#12877 = SURFACE_STYLE_FILL_AREA(#12878);
#12878 = FILL_AREA_STYLE('',(#12879));
#12879 = FILL_AREA_STYLE_COLOUR('',#10297);
#12880 = STYLED_ITEM('color',(#12881),#352);
#12881 = PRESENTATION_STYLE_ASSIGNMENT((#12882));
#12882 = SURFACE_STYLE_USAGE(.BOTH.,#12883);
#12883 = SURFACE_SIDE_STYLE('',(#12884));
#12884 = SURFACE_STYLE_FILL_AREA(#12885);
#12885 = FILL_AREA_STYLE('',(#12886));
#12886 = FILL_AREA_STYLE_COLOUR('',#12887);
#12887 = COLOUR_RGB('',0.894999966383,0.890999961016,0.813000030345);
#12888 = STYLED_ITEM('color',(#12889),#401);
#12889 = PRESENTATION_STYLE_ASSIGNMENT((#12890));
#12890 = SURFACE_STYLE_USAGE(.BOTH.,#12891);
#12891 = SURFACE_SIDE_STYLE('',(#12892));
#12892 = SURFACE_STYLE_FILL_AREA(#12893);
#12893 = FILL_AREA_STYLE('',(#12894));
#12894 = FILL_AREA_STYLE_COLOUR('',#10297);
#12895 = STYLED_ITEM('color',(#12896),#418);
#12896 = PRESENTATION_STYLE_ASSIGNMENT((#12897));
#12897 = SURFACE_STYLE_USAGE(.BOTH.,#12898);
#12898 = SURFACE_SIDE_STYLE('',(#12899));
#12899 = SURFACE_STYLE_FILL_AREA(#12900);
#12900 = FILL_AREA_STYLE('',(#12901));
#12901 = FILL_AREA_STYLE_COLOUR('',#10297);
#12902 = STYLED_ITEM('color',(#12903),#435);
#12903 = PRESENTATION_STYLE_ASSIGNMENT((#12904));
#12904 = SURFACE_STYLE_USAGE(.BOTH.,#12905);
#12905 = SURFACE_SIDE_STYLE('',(#12906));
#12906 = SURFACE_STYLE_FILL_AREA(#12907);
#12907 = FILL_AREA_STYLE('',(#12908));
#12908 = FILL_AREA_STYLE_COLOUR('',#12887);
#12909 = STYLED_ITEM('color',(#12910),#484);
#12910 = PRESENTATION_STYLE_ASSIGNMENT((#12911));
#12911 = SURFACE_STYLE_USAGE(.BOTH.,#12912);
#12912 = SURFACE_SIDE_STYLE('',(#12913));
#12913 = SURFACE_STYLE_FILL_AREA(#12914);
#12914 = FILL_AREA_STYLE('',(#12915));
#12915 = FILL_AREA_STYLE_COLOUR('',#12887);
#12916 = STYLED_ITEM('color',(#12917),#501);
#12917 = PRESENTATION_STYLE_ASSIGNMENT((#12918));
#12918 = SURFACE_STYLE_USAGE(.BOTH.,#12919);
#12919 = SURFACE_SIDE_STYLE('',(#12920));
#12920 = SURFACE_STYLE_FILL_AREA(#12921);
#12921 = FILL_AREA_STYLE('',(#12922));
#12922 = FILL_AREA_STYLE_COLOUR('',#10297);
#12923 = STYLED_ITEM('color',(#12924),#570);
#12924 = PRESENTATION_STYLE_ASSIGNMENT((#12925));
#12925 = SURFACE_STYLE_USAGE(.BOTH.,#12926);
#12926 = SURFACE_SIDE_STYLE('',(#12927));
#12927 = SURFACE_STYLE_FILL_AREA(#12928);
#12928 = FILL_AREA_STYLE('',(#12929));
#12929 = FILL_AREA_STYLE_COLOUR('',#12930);
#12930 = COLOUR_RGB('',8.200000279077E-02,8.600000121357E-02,
  9.399999706163E-02);
#12931 = STYLED_ITEM('color',(#12932),#601);
#12932 = PRESENTATION_STYLE_ASSIGNMENT((#12933));
#12933 = SURFACE_STYLE_USAGE(.BOTH.,#12934);
#12934 = SURFACE_SIDE_STYLE('',(#12935));
#12935 = SURFACE_STYLE_FILL_AREA(#12936);
#12936 = FILL_AREA_STYLE('',(#12937));
#12937 = FILL_AREA_STYLE_COLOUR('',#12930);
#12938 = STYLED_ITEM('color',(#12939),#625);
#12939 = PRESENTATION_STYLE_ASSIGNMENT((#12940));
#12940 = SURFACE_STYLE_USAGE(.BOTH.,#12941);
#12941 = SURFACE_SIDE_STYLE('',(#12942));
#12942 = SURFACE_STYLE_FILL_AREA(#12943);
#12943 = FILL_AREA_STYLE('',(#12944));
#12944 = FILL_AREA_STYLE_COLOUR('',#10297);
#12945 = STYLED_ITEM('color',(#12946),#694);
#12946 = PRESENTATION_STYLE_ASSIGNMENT((#12947));
#12947 = SURFACE_STYLE_USAGE(.BOTH.,#12948);
#12948 = SURFACE_SIDE_STYLE('',(#12949));
#12949 = SURFACE_STYLE_FILL_AREA(#12950);
#12950 = FILL_AREA_STYLE('',(#12951));
#12951 = FILL_AREA_STYLE_COLOUR('',#12930);
#12952 = STYLED_ITEM('color',(#12953),#718);
#12953 = PRESENTATION_STYLE_ASSIGNMENT((#12954));
#12954 = SURFACE_STYLE_USAGE(.BOTH.,#12955);
#12955 = SURFACE_SIDE_STYLE('',(#12956));
#12956 = SURFACE_STYLE_FILL_AREA(#12957);
#12957 = FILL_AREA_STYLE('',(#12958));
#12958 = FILL_AREA_STYLE_COLOUR('',#10297);
#12959 = STYLED_ITEM('color',(#12960),#735);
#12960 = PRESENTATION_STYLE_ASSIGNMENT((#12961));
#12961 = SURFACE_STYLE_USAGE(.BOTH.,#12962);
#12962 = SURFACE_SIDE_STYLE('',(#12963));
#12963 = SURFACE_STYLE_FILL_AREA(#12964);
#12964 = FILL_AREA_STYLE('',(#12965));
#12965 = FILL_AREA_STYLE_COLOUR('',#10297);
#12966 = STYLED_ITEM('color',(#12967),#752);
#12967 = PRESENTATION_STYLE_ASSIGNMENT((#12968));
#12968 = SURFACE_STYLE_USAGE(.BOTH.,#12969);
#12969 = SURFACE_SIDE_STYLE('',(#12970));
#12970 = SURFACE_STYLE_FILL_AREA(#12971);
#12971 = FILL_AREA_STYLE('',(#12972));
#12972 = FILL_AREA_STYLE_COLOUR('',#10297);
#12973 = STYLED_ITEM('color',(#12974),#769);
#12974 = PRESENTATION_STYLE_ASSIGNMENT((#12975));
#12975 = SURFACE_STYLE_USAGE(.BOTH.,#12976);
#12976 = SURFACE_SIDE_STYLE('',(#12977));
#12977 = SURFACE_STYLE_FILL_AREA(#12978);
#12978 = FILL_AREA_STYLE('',(#12979));
#12979 = FILL_AREA_STYLE_COLOUR('',#10297);
#12980 = STYLED_ITEM('color',(#12981),#786);
#12981 = PRESENTATION_STYLE_ASSIGNMENT((#12982));
#12982 = SURFACE_STYLE_USAGE(.BOTH.,#12983);
#12983 = SURFACE_SIDE_STYLE('',(#12984));
#12984 = SURFACE_STYLE_FILL_AREA(#12985);
#12985 = FILL_AREA_STYLE('',(#12986));
#12986 = FILL_AREA_STYLE_COLOUR('',#10297);
#12987 = STYLED_ITEM('color',(#12988),#803);
#12988 = PRESENTATION_STYLE_ASSIGNMENT((#12989));
#12989 = SURFACE_STYLE_USAGE(.BOTH.,#12990);
#12990 = SURFACE_SIDE_STYLE('',(#12991));
#12991 = SURFACE_STYLE_FILL_AREA(#12992);
#12992 = FILL_AREA_STYLE('',(#12993));
#12993 = FILL_AREA_STYLE_COLOUR('',#10297);
#12994 = STYLED_ITEM('color',(#12995),#820);
#12995 = PRESENTATION_STYLE_ASSIGNMENT((#12996));
#12996 = SURFACE_STYLE_USAGE(.BOTH.,#12997);
#12997 = SURFACE_SIDE_STYLE('',(#12998));
#12998 = SURFACE_STYLE_FILL_AREA(#12999);
#12999 = FILL_AREA_STYLE('',(#13000));
#13000 = FILL_AREA_STYLE_COLOUR('',#10297);
#13001 = STYLED_ITEM('color',(#13002),#837);
#13002 = PRESENTATION_STYLE_ASSIGNMENT((#13003));
#13003 = SURFACE_STYLE_USAGE(.BOTH.,#13004);
#13004 = SURFACE_SIDE_STYLE('',(#13005));
#13005 = SURFACE_STYLE_FILL_AREA(#13006);
#13006 = FILL_AREA_STYLE('',(#13007));
#13007 = FILL_AREA_STYLE_COLOUR('',#12930);
#13008 = STYLED_ITEM('color',(#13009),#854);
#13009 = PRESENTATION_STYLE_ASSIGNMENT((#13010));
#13010 = SURFACE_STYLE_USAGE(.BOTH.,#13011);
#13011 = SURFACE_SIDE_STYLE('',(#13012));
#13012 = SURFACE_STYLE_FILL_AREA(#13013);
#13013 = FILL_AREA_STYLE('',(#13014));
#13014 = FILL_AREA_STYLE_COLOUR('',#12930);
ENDSEC;
END-ISO-10303-21;
