part_id,owner,category,material,quantity,candidate_part_number,thread,length_mm,fastener_form,CAD_envelope_mm,action,STEP,STL,note
l_yaw_bush_top,chest,加工塑料,pom,1,,,,,6.0 x 6.0 x 10.0,POM-C / 未填充 PEEK / PA12 按材质分别加工；薄件不等同 PLA 打印,parts/l_yaw_bush_top.step,,"Machined POM-C plain sleeve. CAD is installed/compressed state; free OD is +0.030 +/-0.005 mm above nominal, housing bore +0.000..+0.010. Finish running bore after installation. No clutch axial preload. Pull-out and thermal qualification required."
l_yaw_bush_lower,chest,加工塑料,pom,1,,,,,6.0 x 6.0 x 8.0,POM-C / 未填充 PEEK / PA12 按材质分别加工；薄件不等同 PLA 打印,parts/l_yaw_bush_lower.step,,"Machined POM-C plain sleeve. CAD is installed/compressed state; free OD is +0.030 +/-0.005 mm above nominal, housing bore +0.000..+0.010. Finish running bore after installation. No clutch axial preload. Pull-out and thermal qualification required."
l_elev_bush_27,clavicle_l.protract_frame,加工塑料,pom,1,,,,,6.0 x 6.0 x 6.0,POM-C / 未填充 PEEK / PA12 按材质分别加工；薄件不等同 PLA 打印,parts/l_elev_bush_27.step,,"Machined POM-C plain sleeve. CAD is installed/compressed state; free OD is +0.030 +/-0.005 mm above nominal, housing bore +0.000..+0.010. Finish running bore after installation. No clutch axial preload. Pull-out and thermal qualification required."
l_elev_bush_43,clavicle_l.protract_frame,加工塑料,pom,1,,,,,6.0 x 6.0 x 6.0,POM-C / 未填充 PEEK / PA12 按材质分别加工；薄件不等同 PLA 打印,parts/l_elev_bush_43.step,,"Machined POM-C plain sleeve. CAD is installed/compressed state; free OD is +0.030 +/-0.005 mm above nominal, housing bore +0.000..+0.010. Finish running bore after installation. No clutch axial preload. Pull-out and thermal qualification required."
l_yaw_carriage,clavicle_l.protract_frame,加工金属,aluminum_7075,1,,,,,25.0 x 28.367 x 68.05,按 STEP 加工并检验配合；复杂框架先反馈 DFM,parts/l_yaw_carriage.step,,"Machined yaw carriage, keyed D4 end and two original elevation bearings; bolt-on G4 reaction plate support; reamed press-fit sleeve seat, see retained_bushes manifest; reamed press-fit sleeve seat, see retained_bushes manifest"
l_flex_bush_-36.5,clavicle_l,加工塑料,pom,1,,,,,5.0 x 8.0 x 8.0,POM-C / 未填充 PEEK / PA12 按材质分别加工；薄件不等同 PLA 打印,parts/l_flex_bush_-36.5.step,,"Machined POM-C plain sleeve. CAD is installed/compressed state; free OD is +0.030 +/-0.005 mm above nominal, housing bore +0.000..+0.010. Finish running bore after installation. No clutch axial preload. Pull-out and thermal qualification required."
l_flex_bush_-27.5,clavicle_l,加工塑料,pom,1,,,,,5.0 x 8.0 x 8.0,POM-C / 未填充 PEEK / PA12 按材质分别加工；薄件不等同 PLA 打印,parts/l_flex_bush_-27.5.step,,"Machined POM-C plain sleeve. CAD is installed/compressed state; free OD is +0.030 +/-0.005 mm above nominal, housing bore +0.000..+0.010. Finish running bore after installation. No clutch axial preload. Pull-out and thermal qualification required."
l_clavicle_output_frame,clavicle_l,加工金属,aluminum_7075,1,,,,,41.5 x 57.12 x 60.614,按 STEP 加工并检验配合；复杂框架先反馈 DFM,parts/l_clavicle_output_frame.step,,"Machined clavicle link, D4 middle key transfers elevation torque, M2 radial retainer; original shoulder centre preserved; reamed press-fit sleeve seat, see retained_bushes manifest; reamed press-fit sleeve seat, see retained_bushes manifest"
l_abduct_bush_-20.5,upperarm_l.flex_frame,加工塑料,pom,1,,,,,5.0 x 6.0 x 6.0,POM-C / 未填充 PEEK / PA12 按材质分别加工；薄件不等同 PLA 打印,parts/l_abduct_bush_-20.5.step,,"Machined POM-C plain sleeve. CAD is installed/compressed state; free OD is +0.030 +/-0.005 mm above nominal, housing bore +0.000..+0.010. Finish running bore after installation. No clutch axial preload. Pull-out and thermal qualification required."
l_abduct_bush_20.5,upperarm_l.flex_frame,加工塑料,pom,1,,,,,5.0 x 8.0 x 8.0,POM-C / 未填充 PEEK / PA12 按材质分别加工；薄件不等同 PLA 打印,parts/l_abduct_bush_20.5.step,,"Machined POM-C plain sleeve. CAD is installed/compressed state; free OD is +0.030 +/-0.005 mm above nominal, housing bore +0.000..+0.010. Finish running bore after installation. No clutch axial preload. Pull-out and thermal qualification required."
l_flex_ring,upperarm_l.flex_frame,加工金属,aluminum_7075,1,,,,,32.0 x 42.0 x 77.895,按 STEP 加工并检验配合；复杂框架先反馈 DFM,parts/l_flex_ring.step,,"Rev J removable split metal drive hub; flange fixed with two M2 screws, nut pockets and tool relief; strain/creep not verified; 7075-T6 metal candidate required for reamed interference-fit radial bush seats; no PLA press-fit claim; reamed press-fit sleeve seat, see retained_bushes manifest; reamed press-fit sleeve seat, see retained_bushes manifest"
l_abduct_ring_and_twist_seat,upperarm_l.abduct_frame,加工金属,aluminum_7075,1,,,,,20.645 x 28.0 x 31.0,按 STEP 加工并检验配合；复杂框架先反馈 DFM,parts/l_abduct_ring_and_twist_seat.step,,"Machined metal shoulder abduction ring and twist reaction face; top thrust face Z5.5, radial bush does not carry preload; integral positive travel stops; D6.04 nominal sleeve seat and captured D7.4 lower flange; outer friction contact radius increased to 10 mm"
l_twist_bush,upperarm_l.abduct_frame,加工塑料,pom,1,,,,,7.4 x 7.4 x 13.8,POM-C / 未填充 PEEK / PA12 按材质分别加工；薄件不等同 PLA 打印,parts/l_twist_bush.step,,"Flanged POM-C D6 sleeve, D4.06 running bore; D7.4 x0.8 flange trapped between lining top -9 and housing shoulder -8. Nominal axial float .2 mm."
l_twist_rotor_face,upperarm_l,加工金属,aluminum_7075,1,,,,,2.8 x 20.0 x 20.0,按 STEP 加工并检验配合；复杂框架先反馈 DFM,parts/l_twist_rotor_face.step,,Positive D4 drive; axial spring force reacts into the fixed metal shoulder seat; integral travel tab reacts directly into bearing frame; outer friction contact radius increased to 10 mm
l_twist_lining,upperarm_l.abduct_frame,加工塑料,peek,1,,,,,1.0 x 20.0 x 20.0,POM-C / 未填充 PEEK / PA12 按材质分别加工；薄件不等同 PLA 打印,parts/l_twist_lining.step,,"; unfilled PEEK ring R3.15..10, dry contact candidate"
l_arm_upperarm_shell_front,upperarm_l,打印,shell,1,,,,,23.098 x 50.011 x 60.171,PLA 候选，按随件 STL 和切片复核要求,parts/l_arm_upperarm_shell_front.step,print_candidates/l_arm_upperarm_shell_front.stl,"1.8 mm partial rigid arm cover; two M2x20 through captive rear nuts into closed centreline rail lugs; front straight hex access, remove before servicing joints; pose clearance sampled digitally"
l_arm_upperarm_shell_back,upperarm_l,打印,shell,1,,,,,26.9 x 50.247 x 67.276,PLA 候选，按随件 STL 和切片复核要求,parts/l_arm_upperarm_shell_back.step,print_candidates/l_arm_upperarm_shell_back.stl,"1.8 mm partial rigid arm cover; two M2x20 through captive rear nuts into closed centreline rail lugs; front straight hex access, remove before servicing joints; pose clearance sampled digitally"
r_yaw_bush_top,chest,加工塑料,pom,1,,,,,6.0 x 6.0 x 10.0,POM-C / 未填充 PEEK / PA12 按材质分别加工；薄件不等同 PLA 打印,parts/r_yaw_bush_top.step,,"Machined POM-C plain sleeve. CAD is installed/compressed state; free OD is +0.030 +/-0.005 mm above nominal, housing bore +0.000..+0.010. Finish running bore after installation. No clutch axial preload. Pull-out and thermal qualification required."
r_yaw_bush_lower,chest,加工塑料,pom,1,,,,,6.0 x 6.0 x 8.0,POM-C / 未填充 PEEK / PA12 按材质分别加工；薄件不等同 PLA 打印,parts/r_yaw_bush_lower.step,,"Machined POM-C plain sleeve. CAD is installed/compressed state; free OD is +0.030 +/-0.005 mm above nominal, housing bore +0.000..+0.010. Finish running bore after installation. No clutch axial preload. Pull-out and thermal qualification required."
r_elev_bush_27,clavicle_r.protract_frame,加工塑料,pom,1,,,,,6.0 x 6.0 x 6.0,POM-C / 未填充 PEEK / PA12 按材质分别加工；薄件不等同 PLA 打印,parts/r_elev_bush_27.step,,"Machined POM-C plain sleeve. CAD is installed/compressed state; free OD is +0.030 +/-0.005 mm above nominal, housing bore +0.000..+0.010. Finish running bore after installation. No clutch axial preload. Pull-out and thermal qualification required."
r_elev_bush_43,clavicle_r.protract_frame,加工塑料,pom,1,,,,,6.0 x 6.0 x 6.0,POM-C / 未填充 PEEK / PA12 按材质分别加工；薄件不等同 PLA 打印,parts/r_elev_bush_43.step,,"Machined POM-C plain sleeve. CAD is installed/compressed state; free OD is +0.030 +/-0.005 mm above nominal, housing bore +0.000..+0.010. Finish running bore after installation. No clutch axial preload. Pull-out and thermal qualification required."
r_yaw_carriage,clavicle_r.protract_frame,加工金属,aluminum_7075,1,,,,,25.0 x 28.367 x 68.05,按 STEP 加工并检验配合；复杂框架先反馈 DFM,parts/r_yaw_carriage.step,,"Machined yaw carriage, keyed D4 end and two original elevation bearings; bolt-on G4 reaction plate support; reamed press-fit sleeve seat, see retained_bushes manifest; reamed press-fit sleeve seat, see retained_bushes manifest"
r_flex_bush_-36.5,clavicle_r,加工塑料,pom,1,,,,,5.0 x 8.0 x 8.0,POM-C / 未填充 PEEK / PA12 按材质分别加工；薄件不等同 PLA 打印,parts/r_flex_bush_-36.5.step,,"Machined POM-C plain sleeve. CAD is installed/compressed state; free OD is +0.030 +/-0.005 mm above nominal, housing bore +0.000..+0.010. Finish running bore after installation. No clutch axial preload. Pull-out and thermal qualification required."
r_flex_bush_-27.5,clavicle_r,加工塑料,pom,1,,,,,5.0 x 8.0 x 8.0,POM-C / 未填充 PEEK / PA12 按材质分别加工；薄件不等同 PLA 打印,parts/r_flex_bush_-27.5.step,,"Machined POM-C plain sleeve. CAD is installed/compressed state; free OD is +0.030 +/-0.005 mm above nominal, housing bore +0.000..+0.010. Finish running bore after installation. No clutch axial preload. Pull-out and thermal qualification required."
r_clavicle_output_frame,clavicle_r,加工金属,aluminum_7075,1,,,,,41.5 x 56.386 x 57.12,按 STEP 加工并检验配合；复杂框架先反馈 DFM,parts/r_clavicle_output_frame.step,,"Machined clavicle link, D4 middle key transfers elevation torque, M2 radial retainer; original shoulder centre preserved; reamed press-fit sleeve seat, see retained_bushes manifest; reamed press-fit sleeve seat, see retained_bushes manifest"
r_abduct_bush_-20.5,upperarm_r.flex_frame,加工塑料,pom,1,,,,,5.0 x 6.0 x 6.0,POM-C / 未填充 PEEK / PA12 按材质分别加工；薄件不等同 PLA 打印,parts/r_abduct_bush_-20.5.step,,"Machined POM-C plain sleeve. CAD is installed/compressed state; free OD is +0.030 +/-0.005 mm above nominal, housing bore +0.000..+0.010. Finish running bore after installation. No clutch axial preload. Pull-out and thermal qualification required."
r_abduct_bush_20.5,upperarm_r.flex_frame,加工塑料,pom,1,,,,,5.0 x 8.0 x 8.0,POM-C / 未填充 PEEK / PA12 按材质分别加工；薄件不等同 PLA 打印,parts/r_abduct_bush_20.5.step,,"Machined POM-C plain sleeve. CAD is installed/compressed state; free OD is +0.030 +/-0.005 mm above nominal, housing bore +0.000..+0.010. Finish running bore after installation. No clutch axial preload. Pull-out and thermal qualification required."
r_flex_ring,upperarm_r.flex_frame,加工金属,aluminum_7075,1,,,,,32.0 x 42.0 x 77.895,按 STEP 加工并检验配合；复杂框架先反馈 DFM,parts/r_flex_ring.step,,"Rev J removable split metal drive hub; flange fixed with two M2 screws, nut pockets and tool relief; strain/creep not verified; 7075-T6 metal candidate required for reamed interference-fit radial bush seats; no PLA press-fit claim; reamed press-fit sleeve seat, see retained_bushes manifest; reamed press-fit sleeve seat, see retained_bushes manifest"
r_abduct_ring_and_twist_seat,upperarm_r.abduct_frame,加工金属,aluminum_7075,1,,,,,20.645 x 28.0 x 31.0,按 STEP 加工并检验配合；复杂框架先反馈 DFM,parts/r_abduct_ring_and_twist_seat.step,,"Machined metal shoulder abduction ring and twist reaction face; top thrust face Z5.5, radial bush does not carry preload; integral positive travel stops; D6.04 nominal sleeve seat and captured D7.4 lower flange; outer friction contact radius increased to 10 mm"
r_twist_bush,upperarm_r.abduct_frame,加工塑料,pom,1,,,,,7.4 x 7.4 x 13.8,POM-C / 未填充 PEEK / PA12 按材质分别加工；薄件不等同 PLA 打印,parts/r_twist_bush.step,,"Flanged POM-C D6 sleeve, D4.06 running bore; D7.4 x0.8 flange trapped between lining top -9 and housing shoulder -8. Nominal axial float .2 mm."
r_twist_rotor_face,upperarm_r,加工金属,aluminum_7075,1,,,,,2.8 x 20.0 x 20.0,按 STEP 加工并检验配合；复杂框架先反馈 DFM,parts/r_twist_rotor_face.step,,Positive D4 drive; axial spring force reacts into the fixed metal shoulder seat; integral travel tab reacts directly into bearing frame; outer friction contact radius increased to 10 mm
r_twist_lining,upperarm_r.abduct_frame,加工塑料,peek,1,,,,,1.0 x 20.0 x 20.0,POM-C / 未填充 PEEK / PA12 按材质分别加工；薄件不等同 PLA 打印,parts/r_twist_lining.step,,"; unfilled PEEK ring R3.15..10, dry contact candidate"
r_arm_upperarm_shell_front,upperarm_r,打印,shell,1,,,,,23.098 x 50.011 x 60.171,PLA 候选，按随件 STL 和切片复核要求,parts/r_arm_upperarm_shell_front.step,print_candidates/r_arm_upperarm_shell_front.stl,"1.8 mm partial rigid arm cover; two M2x20 through captive rear nuts into closed centreline rail lugs; front straight hex access, remove before servicing joints; pose clearance sampled digitally"
r_arm_upperarm_shell_back,upperarm_r,打印,shell,1,,,,,26.9 x 50.247 x 67.276,PLA 候选，按随件 STL 和切片复核要求,parts/r_arm_upperarm_shell_back.step,print_candidates/r_arm_upperarm_shell_back.stl,"1.8 mm partial rigid arm cover; two M2x20 through captive rear nuts into closed centreline rail lugs; front straight hex access, remove before servicing joints; pose clearance sampled digitally"
l_flex_clutch_flanged_shaft,upperarm_l.flex_frame,加工金属,aluminum_7075,1,,,,,27.0 x 27.0 x 33.376,按 STEP 加工并检验配合；复杂框架先反馈 DFM,parts/l_flex_clutch_flanged_shaft.step,,"Custom steel 6 mm journal; integral flange, inner D drive, outer D cap seat, two M3 blind threads; integral travel tab reacts directly into bearing frame"
l_flex_clutch_keyed_lining,clavicle_l,加工塑料,peek,1,,,,,1.0 x 25.0 x 27.2,POM-C / 未填充 PEEK / PA12 按材质分别加工；薄件不等同 PLA 打印,parts/l_flex_clutch_keyed_lining.step,,"1 mm replaceable lining; coefficient and wear unqualified; inner radius 6.8 mm leaves a 0.3 mm radial clearance to protected inner travel tabs; unfilled machined PEEK candidate, dry contact; actual torque and creep must be qualified"
l_flex_clutch_reaction_plate,clavicle_l,加工金属,aluminum_7075,1,,,,,4.0 x 27.4 x 42.0,按 STEP 加工并检验配合；复杂框架先反馈 DFM,parts/l_flex_clutch_reaction_plate.step,,"3 mm steel reaction plate with keyed lining recess and two M3 frame mounts; spring thrust closes through plate; Rev L two M2 through pilot bores at +/-11.9 for separate brass sensor standoffs; 1.0 mm minimum radial ligament; integral positive travel stops; D14.50 x0.85 upper retaining counterbore, flat Z3.15"
l_flex_clutch_radial_bush,clavicle_l,加工塑料,pom,1,,,,,2.8 x 14.4 x 14.4,POM-C / 未填充 PEEK / PA12 按材质分别加工；薄件不等同 PLA 打印,parts/l_flex_clutch_radial_bush.step,,"POM radial guide, clear of thrust faces; press fit/retention pending; D14.40 x0.70 flange at Z3.20..3.90, captured below thrust washer Z4.00; 0.15 total nominal axial float"
l_flex_clutch_thrust_washer,clavicle_l,采购标准件,thrust,1,PCMW 102001.5 E,,,,1.5 x 20.0 x 20.0,SKF PCMW 102001.5 E；以当前 STEP 尺寸核对,parts/l_flex_clutch_thrust_washer.step,,SKF dimension candidate; PTFE face towards rotating spring seat; washer retention pending
l_flex_clutch_spring_seat,upperarm_l.flex_frame,加工金属,metal,1,,,,,0.5 x 20.0 x 20.0,按 STEP 加工并检验配合；复杂框架先反馈 DFM,parts/l_flex_clutch_spring_seat.step,,Steel spring seat; thrust washer separates rotation from fixed reaction plate
l_flex_clutch_disc_spring_a,upperarm_l.flex_frame,采购碟簧,spring,1,SCHNORR 002200,,,,0.688 x 12.0 x 12.0,按弹簧型号和装配方向，不按 CAD 色彩选型,parts/l_flex_clutch_disc_spring_a.step,,SCHNORR 002 200 dimensional candidate at catalog test height
l_flex_clutch_disc_spring_b,upperarm_l.flex_frame,采购碟簧,spring,1,SCHNORR 002200,,,,0.688 x 12.0 x 12.0,按弹簧型号和装配方向，不按 CAD 色彩选型,parts/l_flex_clutch_disc_spring_b.step,,Opposed pair in series: force is not doubled
l_flex_clutch_keyed_stop_cap,upperarm_l.flex_frame,加工金属,aluminum,1,,,,,3.0 x 12.8 x 14.0,按 STEP 加工并检验配合；复杂框架先反馈 DFM,parts/l_flex_clutch_keyed_stop_cap.step,,Rev L aluminum stop cap retains original metal stop heights and adds outside D flat for magnet cup; local contact stress and fatigue unqualified
l_flex_clutch_outer_M3x8,upperarm_l.flex_frame,采购紧固件,titanium,1,SSB-M3-8-TI5,M3,8,button_head,5.7 x 5.7 x 9.65,按螺纹、长度、材料和实际头部包络一起核对,parts/l_flex_clutch_outer_M3x8.step,,"Rev L M3x8 titanium Grade 5 button screw dimension candidate (Accu SSB-M3-8-TI5); cylindrical head envelope 5.7 x 1.65, 2 mm hex, strength/procurement not released"
l_flex_clutch_drive_retainer_washer,upperarm_l.flex_frame,加工金属,metal,1,,,,,1.0 x 10.0 x 10.0,按 STEP 加工并检验配合；复杂框架先反馈 DFM,parts/l_flex_clutch_drive_retainer_washer.step,,Separate washer retains D drive in printed output hub
l_flex_clutch_inner_M3x8,upperarm_l.flex_frame,采购紧固件,fastener,1,,M3,8,button_head,5.7 x 5.7 x 9.65,按螺纹、长度、材料和实际头部包络一起核对,parts/l_flex_clutch_inner_M3x8.step,,"M3x8 ISO7380-1 low-profile button screw, 1.65 mm nominal head height; independent output-hub retention, no spring adjustment"
l_flex_clutch_mount_M3x10_0,clavicle_l,采购紧固件,fastener,1,,M3,10,screw_head_to_drawing,5.5 x 5.5 x 13.0,按螺纹、长度、材料和实际头部包络一起核对,parts/l_flex_clutch_mount_M3x10_0.step,,Reaction plate to printed support; simplified thread
l_flex_clutch_mount_M3_nut_0,clavicle_l,采购紧固件,fastener,1,,M3,,hex_nut,2.4 x 5.5 x 6.351,按螺纹、长度、材料和实际头部包络一起核对,parts/l_flex_clutch_mount_M3_nut_0.step,,"Captured hex nut, accessible from inside of support"
l_flex_clutch_mount_M3x10_1,clavicle_l,采购紧固件,fastener,1,,M3,10,screw_head_to_drawing,5.5 x 5.5 x 13.0,按螺纹、长度、材料和实际头部包络一起核对,parts/l_flex_clutch_mount_M3x10_1.step,,Reaction plate to printed support; simplified thread
l_flex_clutch_mount_M3_nut_1,clavicle_l,采购紧固件,fastener,1,,M3,,hex_nut,2.4 x 5.5 x 6.351,按螺纹、长度、材料和实际头部包络一起核对,parts/l_flex_clutch_mount_M3_nut_1.step,,"Captured hex nut, accessible from inside of support"
l_abduct_clutch_flanged_shaft,upperarm_l.abduct_frame,加工金属,aluminum_7075,1,,,,,25.376 x 27.0 x 27.0,按 STEP 加工并检验配合；复杂框架先反馈 DFM,parts/l_abduct_clutch_flanged_shaft.step,,"Custom steel 6 mm journal; integral flange, inner D drive, outer D cap seat, two M3 blind threads; integral travel tab reacts directly into bearing frame"
l_abduct_clutch_keyed_lining,upperarm_l.flex_frame,加工塑料,peek,1,,,,,1.0 x 25.0 x 27.2,POM-C / 未填充 PEEK / PA12 按材质分别加工；薄件不等同 PLA 打印,parts/l_abduct_clutch_keyed_lining.step,,"1 mm replaceable lining; coefficient and wear unqualified; inner radius 6.8 mm leaves a 0.3 mm radial clearance to protected inner travel tabs; unfilled machined PEEK candidate, dry contact; actual torque and creep must be qualified"
l_abduct_clutch_reaction_plate,upperarm_l.flex_frame,加工金属,aluminum_7075,1,,,,,4.0 x 27.4 x 42.0,按 STEP 加工并检验配合；复杂框架先反馈 DFM,parts/l_abduct_clutch_reaction_plate.step,,"3 mm steel reaction plate with keyed lining recess and two M3 frame mounts; spring thrust closes through plate; integral positive travel stops; D14.50 x0.85 upper retaining counterbore, flat Z3.15"
l_abduct_clutch_radial_bush,upperarm_l.flex_frame,加工塑料,pom,1,,,,,2.8 x 14.4 x 14.4,POM-C / 未填充 PEEK / PA12 按材质分别加工；薄件不等同 PLA 打印,parts/l_abduct_clutch_radial_bush.step,,"POM radial guide, clear of thrust faces; press fit/retention pending; D14.40 x0.70 flange at Z3.20..3.90, captured below thrust washer Z4.00; 0.15 total nominal axial float"
l_abduct_clutch_thrust_washer,upperarm_l.flex_frame,采购标准件,thrust,1,PCMW 102001.5 E,,,,1.5 x 20.0 x 20.0,SKF PCMW 102001.5 E；以当前 STEP 尺寸核对,parts/l_abduct_clutch_thrust_washer.step,,SKF dimension candidate; PTFE face towards rotating spring seat; washer retention pending
l_abduct_clutch_spring_seat,upperarm_l.abduct_frame,加工金属,metal,1,,,,,0.5 x 20.0 x 20.0,按 STEP 加工并检验配合；复杂框架先反馈 DFM,parts/l_abduct_clutch_spring_seat.step,,Steel spring seat; thrust washer separates rotation from fixed reaction plate
l_abduct_clutch_disc_spring_a,upperarm_l.abduct_frame,采购碟簧,spring,1,SCHNORR 002200,,,,0.688 x 12.0 x 12.0,按弹簧型号和装配方向，不按 CAD 色彩选型,parts/l_abduct_clutch_disc_spring_a.step,,SCHNORR 002 200 dimensional candidate at catalog test height
l_abduct_clutch_disc_spring_b,upperarm_l.abduct_frame,采购碟簧,spring,1,SCHNORR 002200,,,,0.688 x 12.0 x 12.0,按弹簧型号和装配方向，不按 CAD 色彩选型,parts/l_abduct_clutch_disc_spring_b.step,,Opposed pair in series: force is not doubled
l_abduct_clutch_keyed_stop_cap,upperarm_l.abduct_frame,加工金属,metal,1,,,,,3.0 x 14.0 x 14.0,按 STEP 加工并检验配合；复杂框架先反馈 DFM,parts/l_abduct_clutch_keyed_stop_cap.step,,D key follows shaft; cap seats on metal shaft end; shim selection/retention and backlash need physical validation
l_abduct_clutch_outer_M3x8,upperarm_l.abduct_frame,采购紧固件,fastener,1,,M3,8,screw_head_to_drawing,5.5 x 5.5 x 11.0,按螺纹、长度、材料和实际头部包络一起核对,parts/l_abduct_clutch_outer_M3x8.step,,"Simplified thread envelope; axial cap retention, not hand tightness setting"
l_abduct_clutch_drive_retainer_washer,upperarm_l.abduct_frame,加工金属,metal,1,,,,,1.0 x 10.0 x 10.0,按 STEP 加工并检验配合；复杂框架先反馈 DFM,parts/l_abduct_clutch_drive_retainer_washer.step,,Separate washer retains D drive in printed output hub
l_abduct_clutch_inner_M3x8,upperarm_l.abduct_frame,采购紧固件,fastener,1,,M3,8,screw_head_to_drawing,5.5 x 5.5 x 11.0,按螺纹、长度、材料和实际头部包络一起核对,parts/l_abduct_clutch_inner_M3x8.step,,Independent output-hub retention; does not set clutch spring compression
l_abduct_clutch_mount_M3x10_0,upperarm_l.flex_frame,采购紧固件,fastener,1,,M3,10,screw_head_to_drawing,5.5 x 5.5 x 13.0,按螺纹、长度、材料和实际头部包络一起核对,parts/l_abduct_clutch_mount_M3x10_0.step,,Reaction plate to printed support; simplified thread
l_abduct_clutch_mount_M3_nut_0,upperarm_l.flex_frame,采购紧固件,fastener,1,,M3,,hex_nut,2.4 x 5.5 x 6.351,按螺纹、长度、材料和实际头部包络一起核对,parts/l_abduct_clutch_mount_M3_nut_0.step,,"Captured hex nut, accessible from inside of support"
l_abduct_clutch_mount_M3x10_1,upperarm_l.flex_frame,采购紧固件,fastener,1,,M3,10,screw_head_to_drawing,5.5 x 5.5 x 13.0,按螺纹、长度、材料和实际头部包络一起核对,parts/l_abduct_clutch_mount_M3x10_1.step,,Reaction plate to printed support; simplified thread
l_abduct_clutch_mount_M3_nut_1,upperarm_l.flex_frame,采购紧固件,fastener,1,,M3,,hex_nut,2.4 x 5.5 x 6.351,按螺纹、长度、材料和实际头部包络一起核对,parts/l_abduct_clutch_mount_M3_nut_1.step,,"Captured hex nut, accessible from inside of support"
r_flex_clutch_flanged_shaft,upperarm_r.flex_frame,加工金属,aluminum_7075,1,,,,,27.0 x 27.0 x 33.376,按 STEP 加工并检验配合；复杂框架先反馈 DFM,parts/r_flex_clutch_flanged_shaft.step,,"Custom steel 6 mm journal; integral flange, inner D drive, outer D cap seat, two M3 blind threads; integral travel tab reacts directly into bearing frame"
r_flex_clutch_keyed_lining,clavicle_r,加工塑料,peek,1,,,,,1.0 x 25.0 x 27.2,POM-C / 未填充 PEEK / PA12 按材质分别加工；薄件不等同 PLA 打印,parts/r_flex_clutch_keyed_lining.step,,"1 mm replaceable lining; coefficient and wear unqualified; inner radius 6.8 mm leaves a 0.3 mm radial clearance to protected inner travel tabs; unfilled machined PEEK candidate, dry contact; actual torque and creep must be qualified"
r_flex_clutch_reaction_plate,clavicle_r,加工金属,aluminum_7075,1,,,,,4.0 x 27.4 x 42.0,按 STEP 加工并检验配合；复杂框架先反馈 DFM,parts/r_flex_clutch_reaction_plate.step,,"3 mm steel reaction plate with keyed lining recess and two M3 frame mounts; spring thrust closes through plate; Rev L two M2 through pilot bores at +/-11.9 for separate brass sensor standoffs; 1.0 mm minimum radial ligament; integral positive travel stops; D14.50 x0.85 upper retaining counterbore, flat Z3.15"
r_flex_clutch_radial_bush,clavicle_r,加工塑料,pom,1,,,,,2.8 x 14.4 x 14.4,POM-C / 未填充 PEEK / PA12 按材质分别加工；薄件不等同 PLA 打印,parts/r_flex_clutch_radial_bush.step,,"POM radial guide, clear of thrust faces; press fit/retention pending; D14.40 x0.70 flange at Z3.20..3.90, captured below thrust washer Z4.00; 0.15 total nominal axial float"
r_flex_clutch_thrust_washer,clavicle_r,采购标准件,thrust,1,PCMW 102001.5 E,,,,1.5 x 20.0 x 20.0,SKF PCMW 102001.5 E；以当前 STEP 尺寸核对,parts/r_flex_clutch_thrust_washer.step,,SKF dimension candidate; PTFE face towards rotating spring seat; washer retention pending
r_flex_clutch_spring_seat,upperarm_r.flex_frame,加工金属,metal,1,,,,,0.5 x 20.0 x 20.0,按 STEP 加工并检验配合；复杂框架先反馈 DFM,parts/r_flex_clutch_spring_seat.step,,Steel spring seat; thrust washer separates rotation from fixed reaction plate
r_flex_clutch_disc_spring_a,upperarm_r.flex_frame,采购碟簧,spring,1,SCHNORR 002200,,,,0.688 x 12.0 x 12.0,按弹簧型号和装配方向，不按 CAD 色彩选型,parts/r_flex_clutch_disc_spring_a.step,,SCHNORR 002 200 dimensional candidate at catalog test height
r_flex_clutch_disc_spring_b,upperarm_r.flex_frame,采购碟簧,spring,1,SCHNORR 002200,,,,0.688 x 12.0 x 12.0,按弹簧型号和装配方向，不按 CAD 色彩选型,parts/r_flex_clutch_disc_spring_b.step,,Opposed pair in series: force is not doubled
r_flex_clutch_keyed_stop_cap,upperarm_r.flex_frame,加工金属,aluminum,1,,,,,3.0 x 12.8 x 14.0,按 STEP 加工并检验配合；复杂框架先反馈 DFM,parts/r_flex_clutch_keyed_stop_cap.step,,Rev L aluminum stop cap retains original metal stop heights and adds outside D flat for magnet cup; local contact stress and fatigue unqualified
r_flex_clutch_outer_M3x8,upperarm_r.flex_frame,采购紧固件,titanium,1,SSB-M3-8-TI5,M3,8,button_head,5.7 x 5.7 x 9.65,按螺纹、长度、材料和实际头部包络一起核对,parts/r_flex_clutch_outer_M3x8.step,,"Rev L M3x8 titanium Grade 5 button screw dimension candidate (Accu SSB-M3-8-TI5); cylindrical head envelope 5.7 x 1.65, 2 mm hex, strength/procurement not released"
r_flex_clutch_drive_retainer_washer,upperarm_r.flex_frame,加工金属,metal,1,,,,,1.0 x 10.0 x 10.0,按 STEP 加工并检验配合；复杂框架先反馈 DFM,parts/r_flex_clutch_drive_retainer_washer.step,,Separate washer retains D drive in printed output hub
r_flex_clutch_inner_M3x8,upperarm_r.flex_frame,采购紧固件,fastener,1,,M3,8,button_head,5.7 x 5.7 x 9.65,按螺纹、长度、材料和实际头部包络一起核对,parts/r_flex_clutch_inner_M3x8.step,,"M3x8 ISO7380-1 low-profile button screw, 1.65 mm nominal head height; independent output-hub retention, no spring adjustment"
r_flex_clutch_mount_M3x10_0,clavicle_r,采购紧固件,fastener,1,,M3,10,screw_head_to_drawing,5.5 x 5.5 x 13.0,按螺纹、长度、材料和实际头部包络一起核对,parts/r_flex_clutch_mount_M3x10_0.step,,Reaction plate to printed support; simplified thread
r_flex_clutch_mount_M3_nut_0,clavicle_r,采购紧固件,fastener,1,,M3,,hex_nut,2.4 x 5.5 x 6.351,按螺纹、长度、材料和实际头部包络一起核对,parts/r_flex_clutch_mount_M3_nut_0.step,,"Captured hex nut, accessible from inside of support"
r_flex_clutch_mount_M3x10_1,clavicle_r,采购紧固件,fastener,1,,M3,10,screw_head_to_drawing,5.5 x 5.5 x 13.0,按螺纹、长度、材料和实际头部包络一起核对,parts/r_flex_clutch_mount_M3x10_1.step,,Reaction plate to printed support; simplified thread
r_flex_clutch_mount_M3_nut_1,clavicle_r,采购紧固件,fastener,1,,M3,,hex_nut,2.4 x 5.5 x 6.351,按螺纹、长度、材料和实际头部包络一起核对,parts/r_flex_clutch_mount_M3_nut_1.step,,"Captured hex nut, accessible from inside of support"
r_abduct_clutch_flanged_shaft,upperarm_r.abduct_frame,加工金属,aluminum_7075,1,,,,,25.376 x 27.0 x 27.0,按 STEP 加工并检验配合；复杂框架先反馈 DFM,parts/r_abduct_clutch_flanged_shaft.step,,"Custom steel 6 mm journal; integral flange, inner D drive, outer D cap seat, two M3 blind threads; integral travel tab reacts directly into bearing frame"
r_abduct_clutch_keyed_lining,upperarm_r.flex_frame,加工塑料,peek,1,,,,,1.0 x 25.0 x 27.2,POM-C / 未填充 PEEK / PA12 按材质分别加工；薄件不等同 PLA 打印,parts/r_abduct_clutch_keyed_lining.step,,"1 mm replaceable lining; coefficient and wear unqualified; inner radius 6.8 mm leaves a 0.3 mm radial clearance to protected inner travel tabs; unfilled machined PEEK candidate, dry contact; actual torque and creep must be qualified"
r_abduct_clutch_reaction_plate,upperarm_r.flex_frame,加工金属,aluminum_7075,1,,,,,4.0 x 27.4 x 42.0,按 STEP 加工并检验配合；复杂框架先反馈 DFM,parts/r_abduct_clutch_reaction_plate.step,,"3 mm steel reaction plate with keyed lining recess and two M3 frame mounts; spring thrust closes through plate; integral positive travel stops; D14.50 x0.85 upper retaining counterbore, flat Z3.15"
r_abduct_clutch_radial_bush,upperarm_r.flex_frame,加工塑料,pom,1,,,,,2.8 x 14.4 x 14.4,POM-C / 未填充 PEEK / PA12 按材质分别加工；薄件不等同 PLA 打印,parts/r_abduct_clutch_radial_bush.step,,"POM radial guide, clear of thrust faces; press fit/retention pending; D14.40 x0.70 flange at Z3.20..3.90, captured below thrust washer Z4.00; 0.15 total nominal axial float"
r_abduct_clutch_thrust_washer,upperarm_r.flex_frame,采购标准件,thrust,1,PCMW 102001.5 E,,,,1.5 x 20.0 x 20.0,SKF PCMW 102001.5 E；以当前 STEP 尺寸核对,parts/r_abduct_clutch_thrust_washer.step,,SKF dimension candidate; PTFE face towards rotating spring seat; washer retention pending
r_abduct_clutch_spring_seat,upperarm_r.abduct_frame,加工金属,metal,1,,,,,0.5 x 20.0 x 20.0,按 STEP 加工并检验配合；复杂框架先反馈 DFM,parts/r_abduct_clutch_spring_seat.step,,Steel spring seat; thrust washer separates rotation from fixed reaction plate
r_abduct_clutch_disc_spring_a,upperarm_r.abduct_frame,采购碟簧,spring,1,SCHNORR 002200,,,,0.688 x 12.0 x 12.0,按弹簧型号和装配方向，不按 CAD 色彩选型,parts/r_abduct_clutch_disc_spring_a.step,,SCHNORR 002 200 dimensional candidate at catalog test height
r_abduct_clutch_disc_spring_b,upperarm_r.abduct_frame,采购碟簧,spring,1,SCHNORR 002200,,,,0.688 x 12.0 x 12.0,按弹簧型号和装配方向，不按 CAD 色彩选型,parts/r_abduct_clutch_disc_spring_b.step,,Opposed pair in series: force is not doubled
r_abduct_clutch_keyed_stop_cap,upperarm_r.abduct_frame,加工金属,metal,1,,,,,3.0 x 14.0 x 14.0,按 STEP 加工并检验配合；复杂框架先反馈 DFM,parts/r_abduct_clutch_keyed_stop_cap.step,,D key follows shaft; cap seats on metal shaft end; shim selection/retention and backlash need physical validation
r_abduct_clutch_outer_M3x8,upperarm_r.abduct_frame,采购紧固件,fastener,1,,M3,8,screw_head_to_drawing,5.5 x 5.5 x 11.0,按螺纹、长度、材料和实际头部包络一起核对,parts/r_abduct_clutch_outer_M3x8.step,,"Simplified thread envelope; axial cap retention, not hand tightness setting"
r_abduct_clutch_drive_retainer_washer,upperarm_r.abduct_frame,加工金属,metal,1,,,,,1.0 x 10.0 x 10.0,按 STEP 加工并检验配合；复杂框架先反馈 DFM,parts/r_abduct_clutch_drive_retainer_washer.step,,Separate washer retains D drive in printed output hub
r_abduct_clutch_inner_M3x8,upperarm_r.abduct_frame,采购紧固件,fastener,1,,M3,8,screw_head_to_drawing,5.5 x 5.5 x 11.0,按螺纹、长度、材料和实际头部包络一起核对,parts/r_abduct_clutch_inner_M3x8.step,,Independent output-hub retention; does not set clutch spring compression
r_abduct_clutch_mount_M3x10_0,upperarm_r.flex_frame,采购紧固件,fastener,1,,M3,10,screw_head_to_drawing,5.5 x 5.5 x 13.0,按螺纹、长度、材料和实际头部包络一起核对,parts/r_abduct_clutch_mount_M3x10_0.step,,Reaction plate to printed support; simplified thread
r_abduct_clutch_mount_M3_nut_0,upperarm_r.flex_frame,采购紧固件,fastener,1,,M3,,hex_nut,2.4 x 5.5 x 6.351,按螺纹、长度、材料和实际头部包络一起核对,parts/r_abduct_clutch_mount_M3_nut_0.step,,"Captured hex nut, accessible from inside of support"
r_abduct_clutch_mount_M3x10_1,upperarm_r.flex_frame,采购紧固件,fastener,1,,M3,10,screw_head_to_drawing,5.5 x 5.5 x 13.0,按螺纹、长度、材料和实际头部包络一起核对,parts/r_abduct_clutch_mount_M3x10_1.step,,Reaction plate to printed support; simplified thread
r_abduct_clutch_mount_M3_nut_1,upperarm_r.flex_frame,采购紧固件,fastener,1,,M3,,hex_nut,2.4 x 5.5 x 6.351,按螺纹、长度、材料和实际头部包络一起核对,parts/r_abduct_clutch_mount_M3_nut_1.step,,"Captured hex nut, accessible from inside of support"
l_flex_drive_split_hub,upperarm_l.flex_frame,加工金属,aluminum,1,,,,,5.5 x 16.2 x 17.0,按 STEP 加工并检验配合；复杂框架先反馈 DFM,parts/l_flex_drive_split_hub.step,,Custom split metal D hub; M2 tapped clamp ear; preload/elastic closure not simulated
l_flex_drive_pinch_M2x10,upperarm_l.flex_frame,采购紧固件,fastener,1,,M2,10,screw_head_to_drawing,3.8 x 3.8 x 12.0,按螺纹、长度、材料和实际头部包络一起核对,parts/l_flex_drive_pinch_M2x10.step,,M2 transverse pinch screw takes up shaft fit clearance; tightening torque not yet qualified
l_flex_drive_mount_M2x4_0,upperarm_l.flex_frame,采购紧固件,fastener,1,,M2,4,hex_nut,3.8 x 3.8 x 6.0,按螺纹、长度、材料和实际头部包络一起核对,parts/l_flex_drive_mount_M2x4_0.step,,Flange screw with trapped M2 nut; 1.6 mm nominal nut engagement
l_flex_drive_mount_M2_nut_0,upperarm_l.flex_frame,采购紧固件,fastener,1,,M2,,hex_nut,1.6 x 4.0 x 4.619,按螺纹、长度、材料和实际头部包络一起核对,parts/l_flex_drive_mount_M2_nut_0.step,,Captured nut inside output yoke; fit and creep require testing
l_flex_drive_mount_M2x4_1,upperarm_l.flex_frame,采购紧固件,fastener,1,,M2,4,hex_nut,3.8 x 3.8 x 6.0,按螺纹、长度、材料和实际头部包络一起核对,parts/l_flex_drive_mount_M2x4_1.step,,Flange screw with trapped M2 nut; 1.6 mm nominal nut engagement
l_flex_drive_mount_M2_nut_1,upperarm_l.flex_frame,采购紧固件,fastener,1,,M2,,hex_nut,1.6 x 4.0 x 4.619,按螺纹、长度、材料和实际头部包络一起核对,parts/l_flex_drive_mount_M2_nut_1.step,,Captured nut inside output yoke; fit and creep require testing
l_abduct_drive_split_hub,upperarm_l.abduct_frame,加工金属,aluminum,1,,,,,5.5 x 16.2 x 17.0,按 STEP 加工并检验配合；复杂框架先反馈 DFM,parts/l_abduct_drive_split_hub.step,,Custom split metal D hub; M2 tapped clamp ear; preload/elastic closure not simulated
l_abduct_drive_pinch_M2x10,upperarm_l.abduct_frame,采购紧固件,fastener,1,,M2,10,screw_head_to_drawing,3.8 x 3.8 x 12.0,按螺纹、长度、材料和实际头部包络一起核对,parts/l_abduct_drive_pinch_M2x10.step,,M2 transverse pinch screw takes up shaft fit clearance; tightening torque not yet qualified
l_abduct_drive_mount_M2x4_0,upperarm_l.abduct_frame,采购紧固件,fastener,1,,M2,4,hex_nut,3.8 x 3.8 x 6.0,按螺纹、长度、材料和实际头部包络一起核对,parts/l_abduct_drive_mount_M2x4_0.step,,Flange screw with trapped M2 nut; 1.6 mm nominal nut engagement
l_abduct_drive_mount_M2_nut_0,upperarm_l.abduct_frame,采购紧固件,fastener,1,,M2,,hex_nut,1.6 x 4.0 x 4.619,按螺纹、长度、材料和实际头部包络一起核对,parts/l_abduct_drive_mount_M2_nut_0.step,,Captured nut inside output yoke; fit and creep require testing
l_abduct_drive_mount_M2x4_1,upperarm_l.abduct_frame,采购紧固件,fastener,1,,M2,4,hex_nut,3.8 x 3.8 x 6.0,按螺纹、长度、材料和实际头部包络一起核对,parts/l_abduct_drive_mount_M2x4_1.step,,Flange screw with trapped M2 nut; 1.6 mm nominal nut engagement
l_abduct_drive_mount_M2_nut_1,upperarm_l.abduct_frame,采购紧固件,fastener,1,,M2,,hex_nut,1.6 x 4.0 x 4.619,按螺纹、长度、材料和实际头部包络一起核对,parts/l_abduct_drive_mount_M2_nut_1.step,,Captured nut inside output yoke; fit and creep require testing
r_flex_drive_split_hub,upperarm_r.flex_frame,加工金属,aluminum,1,,,,,5.5 x 16.2 x 17.0,按 STEP 加工并检验配合；复杂框架先反馈 DFM,parts/r_flex_drive_split_hub.step,,Custom split metal D hub; M2 tapped clamp ear; preload/elastic closure not simulated
r_flex_drive_pinch_M2x10,upperarm_r.flex_frame,采购紧固件,fastener,1,,M2,10,screw_head_to_drawing,3.8 x 3.8 x 12.0,按螺纹、长度、材料和实际头部包络一起核对,parts/r_flex_drive_pinch_M2x10.step,,M2 transverse pinch screw takes up shaft fit clearance; tightening torque not yet qualified
r_flex_drive_mount_M2x4_0,upperarm_r.flex_frame,采购紧固件,fastener,1,,M2,4,hex_nut,3.8 x 3.8 x 6.0,按螺纹、长度、材料和实际头部包络一起核对,parts/r_flex_drive_mount_M2x4_0.step,,Flange screw with trapped M2 nut; 1.6 mm nominal nut engagement
r_flex_drive_mount_M2_nut_0,upperarm_r.flex_frame,采购紧固件,fastener,1,,M2,,hex_nut,1.6 x 4.0 x 4.619,按螺纹、长度、材料和实际头部包络一起核对,parts/r_flex_drive_mount_M2_nut_0.step,,Captured nut inside output yoke; fit and creep require testing
r_flex_drive_mount_M2x4_1,upperarm_r.flex_frame,采购紧固件,fastener,1,,M2,4,hex_nut,3.8 x 3.8 x 6.0,按螺纹、长度、材料和实际头部包络一起核对,parts/r_flex_drive_mount_M2x4_1.step,,Flange screw with trapped M2 nut; 1.6 mm nominal nut engagement
r_flex_drive_mount_M2_nut_1,upperarm_r.flex_frame,采购紧固件,fastener,1,,M2,,hex_nut,1.6 x 4.0 x 4.619,按螺纹、长度、材料和实际头部包络一起核对,parts/r_flex_drive_mount_M2_nut_1.step,,Captured nut inside output yoke; fit and creep require testing
r_abduct_drive_split_hub,upperarm_r.abduct_frame,加工金属,aluminum,1,,,,,5.5 x 16.2 x 17.0,按 STEP 加工并检验配合；复杂框架先反馈 DFM,parts/r_abduct_drive_split_hub.step,,Custom split metal D hub; M2 tapped clamp ear; preload/elastic closure not simulated
r_abduct_drive_pinch_M2x10,upperarm_r.abduct_frame,采购紧固件,fastener,1,,M2,10,screw_head_to_drawing,3.8 x 3.8 x 12.0,按螺纹、长度、材料和实际头部包络一起核对,parts/r_abduct_drive_pinch_M2x10.step,,M2 transverse pinch screw takes up shaft fit clearance; tightening torque not yet qualified
r_abduct_drive_mount_M2x4_0,upperarm_r.abduct_frame,采购紧固件,fastener,1,,M2,4,hex_nut,3.8 x 3.8 x 6.0,按螺纹、长度、材料和实际头部包络一起核对,parts/r_abduct_drive_mount_M2x4_0.step,,Flange screw with trapped M2 nut; 1.6 mm nominal nut engagement
r_abduct_drive_mount_M2_nut_0,upperarm_r.abduct_frame,采购紧固件,fastener,1,,M2,,hex_nut,1.6 x 4.0 x 4.619,按螺纹、长度、材料和实际头部包络一起核对,parts/r_abduct_drive_mount_M2_nut_0.step,,Captured nut inside output yoke; fit and creep require testing
r_abduct_drive_mount_M2x4_1,upperarm_r.abduct_frame,采购紧固件,fastener,1,,M2,4,hex_nut,3.8 x 3.8 x 6.0,按螺纹、长度、材料和实际头部包络一起核对,parts/r_abduct_drive_mount_M2x4_1.step,,Flange screw with trapped M2 nut; 1.6 mm nominal nut engagement
r_abduct_drive_mount_M2_nut_1,upperarm_r.abduct_frame,采购紧固件,fastener,1,,M2,,hex_nut,1.6 x 4.0 x 4.619,按螺纹、长度、材料和实际头部包络一起核对,parts/r_abduct_drive_mount_M2_nut_1.step,,Captured nut inside output yoke; fit and creep require testing
l_abduct_sensor_rear_journal,upperarm_l.abduct_frame,加工金属,aluminum,1,,,,,4.0 x 4.0 x 18.0,按 STEP 加工并检验配合；复杂框架先反馈 DFM,parts/l_abduct_sensor_rear_journal.step,,Custom nonferromagnetic 4 mm journal; inner radial M2 and outer axial M2 retention
l_abduct_sensor_journal_radial_M2x4,upperarm_l.abduct_frame,采购紧固件,brass,1,,M2,4,screw_head_to_drawing,3.8 x 3.8 x 6.0,按螺纹、长度、材料和实际头部包络一起核对,parts/l_abduct_sensor_journal_radial_M2x4.step,,"Candidate nonferromagnetic M2x4; keyed shaft is installed after front clutch screw, before twist shaft"
l_abduct_sensor_magnet_carrier,upperarm_l.abduct_frame,打印,frame,1,,,,,10.6 x 12.5 x 14.8,PLA 候选，按随件 STL 和切片复核要求,parts/l_abduct_sensor_magnet_carrier.step,print_candidates/l_abduct_sensor_magnet_carrier.stl,D driven magnet cup with separate axial screw; 0.1 mm radial adhesive bed prevents magnet rotation; adhesive selection and rotational slip test pending
l_abduct_sensor_carrier_axial_M2x6,upperarm_l.abduct_frame,采购紧固件,nylon,1,,M2,6,screw_head_to_drawing,3.5 x 3.5 x 7.4,按螺纹、长度、材料和实际头部包络一起核对,parts/l_abduct_sensor_carrier_axial_M2x6.step,,Insert before magnet; nonmagnetic M2 screw into rear journal
l_abduct_sensor_diametric_magnet_6x2p5,upperarm_l.abduct_frame,采购标准件,magnet,1,AS5000-MD6H-2,,,,2.5 x 6.0 x 6.0,AS5000-MD6H-2 候选，Ø6×2.5 径向充磁，逐件核对磁场,parts/l_abduct_sensor_diametric_magnet_6x2p5.step,,"6 x 2.5 mm diametrically magnetized candidate, never axially magnetized; grade and diagnostics require testing"
l_abduct_sensor_magnet_retaining_bridge,upperarm_l.abduct_frame,打印,frame,1,,,,,0.8 x 4.8 x 14.8,PLA 候选，按随件 STL 和切片复核要求,parts/l_abduct_sensor_magnet_retaining_bridge.step,print_candidates/l_abduct_sensor_magnet_retaining_bridge.stl,"Positive removable cover; magnet face seats at 36.5 mm, no adhesive-only axial retention"
l_abduct_sensor_magnet_cover_M2x6_0,upperarm_l.abduct_frame,采购紧固件,nylon,1,,M2,6,screw_head_to_drawing,3.5 x 3.5 x 7.4,按螺纹、长度、材料和实际头部包络一起核对,parts/l_abduct_sensor_magnet_cover_M2x6_0.step,,Nominal M2 nylon screw into cup; printed threads not qualified
l_abduct_sensor_magnet_cover_M2x6_1,upperarm_l.abduct_frame,采购紧固件,nylon,1,,M2,6,screw_head_to_drawing,3.5 x 3.5 x 7.4,按螺纹、长度、材料和实际头部包络一起核对,parts/l_abduct_sensor_magnet_cover_M2x6_1.step,,Nominal M2 nylon screw into cup; printed threads not qualified
l_abduct_sensor_pcb_AS5048A,upperarm_l.flex_frame,PCBA内含,pcb_component,1,,,,,1.0 x 5.0 x 6.4,按电子板成套，不按机械实体重复采购,parts/l_abduct_sensor_pcb_AS5048A.step,,Actual sensor_revB STEP; model holes/parts preserved; 1.51 mm STEP board versus 1.6 mm nominal fabrication
l_abduct_sensor_pcb_passive_1,upperarm_l.flex_frame,PCBA内含,pcb_component,1,,,,,0.8 x 0.8 x 1.6,按电子板成套，不按机械实体重复采购,parts/l_abduct_sensor_pcb_passive_1.step,,Actual sensor_revB STEP; model holes/parts preserved; 1.51 mm STEP board versus 1.6 mm nominal fabrication
l_abduct_sensor_pcb_passive_2,upperarm_l.flex_frame,PCBA内含,pcb_component,1,,,,,0.45 x 0.8 x 1.6,按电子板成套，不按机械实体重复采购,parts/l_abduct_sensor_pcb_passive_2.step,,Actual sensor_revB STEP; model holes/parts preserved; 1.51 mm STEP board versus 1.6 mm nominal fabrication
l_abduct_sensor_pcb_passive_3,upperarm_l.flex_frame,PCBA内含,pcb_component,1,,,,,1.05 x 1.45 x 2.3,按电子板成套，不按机械实体重复采购,parts/l_abduct_sensor_pcb_passive_3.step,,"Murata GRM219R61E106KA12D 10 uF 25 V X5R, max .95 mm body + .10 mm solder seating allocation"
l_abduct_sensor_pcb_passive_4,upperarm_l.flex_frame,PCBA内含,pcb_component,1,,,,,0.45 x 0.8 x 1.6,按电子板成套，不按机械实体重复采购,parts/l_abduct_sensor_pcb_passive_4.step,,Actual sensor_revB STEP; model holes/parts preserved; 1.51 mm STEP board versus 1.6 mm nominal fabrication
l_abduct_sensor_pcb_J1_back_connector,upperarm_l.flex_frame,PCBA内含,pcb_component,1,,,,,3.3 x 9.4 x 9.6,按电子板成套，不按机械实体重复采购,parts/l_abduct_sensor_pcb_J1_back_connector.step,,"JST SH6 SM06B-SRSS-TB with conservative mated allocation; actual 18 x20 x1.6 PCB keeps chip, holes and native pin order; wire exit toward local +Y"
l_abduct_sensor_pcb_board,upperarm_l.flex_frame,PCBA内含,pcb,1,,,,,1.51 x 18.0 x 20.0,按电子板成套，不按机械实体重复采购,parts/l_abduct_sensor_pcb_board.step,,Actual sensor_revB STEP; model holes/parts preserved; 1.51 mm STEP board versus 1.6 mm nominal fabrication
l_abduct_sensor_nylon_spacer_0,upperarm_l.flex_frame,加工塑料,nylon,1,,,,,4.6 x 4.6 x 6.0,POM-C / 未填充 PEEK / PA12 按材质分别加工；薄件不等同 PLA 打印,parts/l_abduct_sensor_nylon_spacer_0.step,,M2 female 6 mm spacer; electrical insulation and spreaders required
l_abduct_sensor_nylon_spreader_0,upperarm_l.flex_frame,加工塑料,nylon,1,,,,,0.5 x 4.4 x 4.4,POM-C / 未填充 PEEK / PA12 按材质分别加工；薄件不等同 PLA 打印,parts/l_abduct_sensor_nylon_spreader_0.step,,"0.5 mm insulating spreader, OD4.4/ID2.2"
l_abduct_sensor_board_M2x4_0,upperarm_l.flex_frame,采购紧固件,nylon,1,,M2,4,screw_head_to_drawing,3.5 x 3.5 x 5.4,按螺纹、长度、材料和实际头部包络一起核对,parts/l_abduct_sensor_board_M2x4_0.step,,Front board screw; 1.99 mm nominal engagement
l_abduct_sensor_support_M2x6_0,upperarm_l.flex_frame,采购紧固件,nylon,1,,M2,6,screw_head_to_drawing,3.5 x 3.5 x 7.4,按螺纹、长度、材料和实际头部包络一起核对,parts/l_abduct_sensor_support_M2x6_0.step,,Rear support screw; 3 mm nominal engagement; 1.01 mm gap to opposing screw
l_abduct_sensor_nylon_spacer_1,upperarm_l.flex_frame,加工塑料,nylon,1,,,,,4.6 x 4.6 x 6.0,POM-C / 未填充 PEEK / PA12 按材质分别加工；薄件不等同 PLA 打印,parts/l_abduct_sensor_nylon_spacer_1.step,,M2 female 6 mm spacer; electrical insulation and spreaders required
l_abduct_sensor_nylon_spreader_1,upperarm_l.flex_frame,加工塑料,nylon,1,,,,,0.5 x 4.4 x 4.4,POM-C / 未填充 PEEK / PA12 按材质分别加工；薄件不等同 PLA 打印,parts/l_abduct_sensor_nylon_spreader_1.step,,"0.5 mm insulating spreader, OD4.4/ID2.2"
l_abduct_sensor_board_M2x4_1,upperarm_l.flex_frame,采购紧固件,nylon,1,,M2,4,screw_head_to_drawing,3.5 x 3.5 x 5.4,按螺纹、长度、材料和实际头部包络一起核对,parts/l_abduct_sensor_board_M2x4_1.step,,Front board screw; 1.99 mm nominal engagement
l_abduct_sensor_support_M2x6_1,upperarm_l.flex_frame,采购紧固件,nylon,1,,M2,6,screw_head_to_drawing,3.5 x 3.5 x 7.4,按螺纹、长度、材料和实际头部包络一起核对,parts/l_abduct_sensor_support_M2x6_1.step,,Rear support screw; 3 mm nominal engagement; 1.01 mm gap to opposing screw
r_abduct_sensor_rear_journal,upperarm_r.abduct_frame,加工金属,aluminum,1,,,,,4.0 x 4.0 x 18.0,按 STEP 加工并检验配合；复杂框架先反馈 DFM,parts/r_abduct_sensor_rear_journal.step,,Custom nonferromagnetic 4 mm journal; inner radial M2 and outer axial M2 retention
r_abduct_sensor_journal_radial_M2x4,upperarm_r.abduct_frame,采购紧固件,brass,1,,M2,4,screw_head_to_drawing,3.8 x 3.8 x 6.0,按螺纹、长度、材料和实际头部包络一起核对,parts/r_abduct_sensor_journal_radial_M2x4.step,,"Candidate nonferromagnetic M2x4; keyed shaft is installed after front clutch screw, before twist shaft"
r_abduct_sensor_magnet_carrier,upperarm_r.abduct_frame,打印,frame,1,,,,,10.6 x 12.5 x 14.8,PLA 候选，按随件 STL 和切片复核要求,parts/r_abduct_sensor_magnet_carrier.step,print_candidates/r_abduct_sensor_magnet_carrier.stl,D driven magnet cup with separate axial screw; 0.1 mm radial adhesive bed prevents magnet rotation; adhesive selection and rotational slip test pending
r_abduct_sensor_carrier_axial_M2x6,upperarm_r.abduct_frame,采购紧固件,nylon,1,,M2,6,screw_head_to_drawing,3.5 x 3.5 x 7.4,按螺纹、长度、材料和实际头部包络一起核对,parts/r_abduct_sensor_carrier_axial_M2x6.step,,Insert before magnet; nonmagnetic M2 screw into rear journal
r_abduct_sensor_diametric_magnet_6x2p5,upperarm_r.abduct_frame,采购标准件,magnet,1,AS5000-MD6H-2,,,,2.5 x 6.0 x 6.0,AS5000-MD6H-2 候选，Ø6×2.5 径向充磁，逐件核对磁场,parts/r_abduct_sensor_diametric_magnet_6x2p5.step,,"6 x 2.5 mm diametrically magnetized candidate, never axially magnetized; grade and diagnostics require testing"
r_abduct_sensor_magnet_retaining_bridge,upperarm_r.abduct_frame,打印,frame,1,,,,,0.8 x 4.8 x 14.8,PLA 候选，按随件 STL 和切片复核要求,parts/r_abduct_sensor_magnet_retaining_bridge.step,print_candidates/r_abduct_sensor_magnet_retaining_bridge.stl,"Positive removable cover; magnet face seats at 36.5 mm, no adhesive-only axial retention"
r_abduct_sensor_magnet_cover_M2x6_0,upperarm_r.abduct_frame,采购紧固件,nylon,1,,M2,6,screw_head_to_drawing,3.5 x 3.5 x 7.4,按螺纹、长度、材料和实际头部包络一起核对,parts/r_abduct_sensor_magnet_cover_M2x6_0.step,,Nominal M2 nylon screw into cup; printed threads not qualified
r_abduct_sensor_magnet_cover_M2x6_1,upperarm_r.abduct_frame,采购紧固件,nylon,1,,M2,6,screw_head_to_drawing,3.5 x 3.5 x 7.4,按螺纹、长度、材料和实际头部包络一起核对,parts/r_abduct_sensor_magnet_cover_M2x6_1.step,,Nominal M2 nylon screw into cup; printed threads not qualified
r_abduct_sensor_pcb_AS5048A,upperarm_r.flex_frame,PCBA内含,pcb_component,1,,,,,1.0 x 5.0 x 6.4,按电子板成套，不按机械实体重复采购,parts/r_abduct_sensor_pcb_AS5048A.step,,Actual sensor_revB STEP; model holes/parts preserved; 1.51 mm STEP board versus 1.6 mm nominal fabrication
r_abduct_sensor_pcb_passive_1,upperarm_r.flex_frame,PCBA内含,pcb_component,1,,,,,0.8 x 0.8 x 1.6,按电子板成套，不按机械实体重复采购,parts/r_abduct_sensor_pcb_passive_1.step,,Actual sensor_revB STEP; model holes/parts preserved; 1.51 mm STEP board versus 1.6 mm nominal fabrication
r_abduct_sensor_pcb_passive_2,upperarm_r.flex_frame,PCBA内含,pcb_component,1,,,,,0.45 x 0.8 x 1.6,按电子板成套，不按机械实体重复采购,parts/r_abduct_sensor_pcb_passive_2.step,,Actual sensor_revB STEP; model holes/parts preserved; 1.51 mm STEP board versus 1.6 mm nominal fabrication
r_abduct_sensor_pcb_passive_3,upperarm_r.flex_frame,PCBA内含,pcb_component,1,,,,,1.05 x 1.45 x 2.3,按电子板成套，不按机械实体重复采购,parts/r_abduct_sensor_pcb_passive_3.step,,"Murata GRM219R61E106KA12D 10 uF 25 V X5R, max .95 mm body + .10 mm solder seating allocation"
r_abduct_sensor_pcb_passive_4,upperarm_r.flex_frame,PCBA内含,pcb_component,1,,,,,0.45 x 0.8 x 1.6,按电子板成套，不按机械实体重复采购,parts/r_abduct_sensor_pcb_passive_4.step,,Actual sensor_revB STEP; model holes/parts preserved; 1.51 mm STEP board versus 1.6 mm nominal fabrication
r_abduct_sensor_pcb_J1_back_connector,upperarm_r.flex_frame,PCBA内含,pcb_component,1,,,,,3.3 x 9.4 x 9.6,按电子板成套，不按机械实体重复采购,parts/r_abduct_sensor_pcb_J1_back_connector.step,,"JST SH6 SM06B-SRSS-TB with conservative mated allocation; actual 18 x20 x1.6 PCB keeps chip, holes and native pin order; wire exit toward local +Y"
r_abduct_sensor_pcb_board,upperarm_r.flex_frame,PCBA内含,pcb,1,,,,,1.51 x 18.0 x 20.0,按电子板成套，不按机械实体重复采购,parts/r_abduct_sensor_pcb_board.step,,Actual sensor_revB STEP; model holes/parts preserved; 1.51 mm STEP board versus 1.6 mm nominal fabrication
r_abduct_sensor_nylon_spacer_0,upperarm_r.flex_frame,加工塑料,nylon,1,,,,,4.6 x 4.6 x 6.0,POM-C / 未填充 PEEK / PA12 按材质分别加工；薄件不等同 PLA 打印,parts/r_abduct_sensor_nylon_spacer_0.step,,M2 female 6 mm spacer; electrical insulation and spreaders required
r_abduct_sensor_nylon_spreader_0,upperarm_r.flex_frame,加工塑料,nylon,1,,,,,0.5 x 4.4 x 4.4,POM-C / 未填充 PEEK / PA12 按材质分别加工；薄件不等同 PLA 打印,parts/r_abduct_sensor_nylon_spreader_0.step,,"0.5 mm insulating spreader, OD4.4/ID2.2"
r_abduct_sensor_board_M2x4_0,upperarm_r.flex_frame,采购紧固件,nylon,1,,M2,4,screw_head_to_drawing,3.5 x 3.5 x 5.4,按螺纹、长度、材料和实际头部包络一起核对,parts/r_abduct_sensor_board_M2x4_0.step,,Front board screw; 1.99 mm nominal engagement
r_abduct_sensor_support_M2x6_0,upperarm_r.flex_frame,采购紧固件,nylon,1,,M2,6,screw_head_to_drawing,3.5 x 3.5 x 7.4,按螺纹、长度、材料和实际头部包络一起核对,parts/r_abduct_sensor_support_M2x6_0.step,,Rear support screw; 3 mm nominal engagement; 1.01 mm gap to opposing screw
r_abduct_sensor_nylon_spacer_1,upperarm_r.flex_frame,加工塑料,nylon,1,,,,,4.6 x 4.6 x 6.0,POM-C / 未填充 PEEK / PA12 按材质分别加工；薄件不等同 PLA 打印,parts/r_abduct_sensor_nylon_spacer_1.step,,M2 female 6 mm spacer; electrical insulation and spreaders required
r_abduct_sensor_nylon_spreader_1,upperarm_r.flex_frame,加工塑料,nylon,1,,,,,0.5 x 4.4 x 4.4,POM-C / 未填充 PEEK / PA12 按材质分别加工；薄件不等同 PLA 打印,parts/r_abduct_sensor_nylon_spreader_1.step,,"0.5 mm insulating spreader, OD4.4/ID2.2"
r_abduct_sensor_board_M2x4_1,upperarm_r.flex_frame,采购紧固件,nylon,1,,M2,4,screw_head_to_drawing,3.5 x 3.5 x 5.4,按螺纹、长度、材料和实际头部包络一起核对,parts/r_abduct_sensor_board_M2x4_1.step,,Front board screw; 1.99 mm nominal engagement
r_abduct_sensor_support_M2x6_1,upperarm_r.flex_frame,采购紧固件,nylon,1,,M2,6,screw_head_to_drawing,3.5 x 3.5 x 7.4,按螺纹、长度、材料和实际头部包络一起核对,parts/r_abduct_sensor_support_M2x6_1.step,,Rear support screw; 3 mm nominal engagement; 1.01 mm gap to opposing screw
l_twist_sensor_integral_magnet_shaft,upperarm_l,加工金属,aluminum_7075,1,,,,,10.6 x 10.6 x 33.0,按 STEP 加工并检验配合；复杂框架先反馈 DFM,parts/l_twist_sensor_integral_magnet_shaft.step,,"D4 arm drive and friction rotor drive; side-assembled keyed groove on Z -17.626..-16.426, D3 / flat 1.1; no inaccessible end nut; integral magnet cup and metal thrust shoulder"
l_twist_sensor_diametric_magnet_6x2p5,upperarm_l,采购标准件,magnet,1,AS5000-MD6H-2,,,,2.5 x 6.0 x 6.0,AS5000-MD6H-2 候选，Ø6×2.5 径向充磁，逐件核对磁场,parts/l_twist_sensor_diametric_magnet_6x2p5.step,,6 x 2.5 diametric magnet; 0.1 mm radial adhesive allowance; grade and field not qualified
l_twist_sensor_magnet_keeper,upperarm_l,打印,frame,1,,,,,2.6 x 13.0 x 13.0,PLA 候选，按随件 STL 和切片复核要求,parts/l_twist_sensor_magnet_keeper.step,print_candidates/l_twist_sensor_magnet_keeper.stl,"Removable rigid cover retains outer 0.5 mm of magnet face; 0.6 mm cover, radial brass screw attachment; print durability pending"
l_twist_sensor_keeper_set_M2x3_0,upperarm_l,采购紧固件,brass,1,,M2,3,set_screw,2.0 x 2.0 x 3.0,按螺纹、长度、材料和实际头部包络一起核对,parts/l_twist_sensor_keeper_set_M2x3_0.step,,Nominal slotted brass M2x3 set screw; exact purchased part and slot specification pending
l_twist_sensor_keeper_set_M2x3_1,upperarm_l,采购紧固件,brass,1,,M2,3,set_screw,2.0 x 2.0 x 3.0,按螺纹、长度、材料和实际头部包络一起核对,parts/l_twist_sensor_keeper_set_M2x3_1.step,,Nominal slotted brass M2x3 set screw; exact purchased part and slot specification pending
l_twist_sensor_arm_radial_M2x6,upperarm_l,采购紧固件,brass,1,,M2,6,screw_head_to_drawing,3.8 x 3.8 x 8.0,按螺纹、长度、材料和实际头部包络一起核对,parts/l_twist_sensor_arm_radial_M2x6.step,,Simplified brass M2x6; 1.5 mm nominal thread engagement through the D flat; head tool recess is an envelope
l_twist_sensor_pcb_AS5048A,upperarm_l.abduct_frame,PCBA内含,pcb_component,1,,,,,1.0 x 5.0 x 6.4,按电子板成套，不按机械实体重复采购,parts/l_twist_sensor_pcb_AS5048A.step,,actual_KiCad_STEP
l_twist_sensor_pcb_C1,upperarm_l.abduct_frame,PCBA内含,pcb_component,1,,,,,0.8 x 0.8 x 1.6,按电子板成套，不按机械实体重复采购,parts/l_twist_sensor_pcb_C1.step,,actual_KiCad_STEP
l_twist_sensor_pcb_C2,upperarm_l.abduct_frame,PCBA内含,pcb_component,1,,,,,1.05 x 1.45 x 2.3,按电子板成套，不按机械实体重复采购,parts/l_twist_sensor_pcb_C2.step,,"Murata GRM219R61E106KA12D 10 uF 25 V X5R, max .95 mm body + .10 mm solder seating allocation"
l_twist_sensor_pcb_R1,upperarm_l.abduct_frame,PCBA内含,pcb_component,1,,,,,0.45 x 0.8 x 1.6,按电子板成套，不按机械实体重复采购,parts/l_twist_sensor_pcb_R1.step,,actual_KiCad_STEP
l_twist_sensor_pcb_R2,upperarm_l.abduct_frame,PCBA内含,pcb_component,1,,,,,0.45 x 0.8 x 1.6,按电子板成套，不按机械实体重复采购,parts/l_twist_sensor_pcb_R2.step,,actual_KiCad_STEP
l_twist_sensor_pcb_board,upperarm_l.abduct_frame,PCBA内含,pcb,1,,,,,0.91 x 10.0 x 12.0,按电子板成套，不按机械实体重复采购,parts/l_twist_sensor_pcb_board.step,,actual_KiCad_STEP
l_twist_sensor_pcb_J1_dimension_envelope,upperarm_l.abduct_frame,PCBA内含,pcb_component,1,,,,,3.3 x 9.4 x 9.6,按电子板成套，不按机械实体重复采购,parts/l_twist_sensor_pcb_J1_dimension_envelope.step,,"JST SM06B-SRSS-TB side-entry SH6, conservative 9.4 x9.6 x3.3 mm mated plug allocation; cable bend remains a separate harness requirement"
l_twist_sensor_board_seat_saddle_0,upperarm_l.abduct_frame,打印,frame,1,,,,,1.8 x 4.0 x 4.25,PLA 候选，按随件 STL 和切片复核要求,parts/l_twist_sensor_board_seat_saddle_0.step,print_candidates/l_twist_sensor_board_seat_saddle_0.stl,"Separate L saddle installed after complete magnet shaft; locating wall at +/-6.1, nominal 1.0 mm board slot; never fuse to base posts"
l_twist_sensor_board_seat_saddle_1,upperarm_l.abduct_frame,打印,frame,1,,,,,1.8 x 4.0 x 4.25,PLA 候选，按随件 STL 和切片复核要求,parts/l_twist_sensor_board_seat_saddle_1.step,print_candidates/l_twist_sensor_board_seat_saddle_1.stl,"Separate L saddle installed after complete magnet shaft; locating wall at +/-6.1, nominal 1.0 mm board slot; never fuse to base posts"
l_twist_sensor_board_edge_cap_0,upperarm_l.abduct_frame,加工塑料,nylon,1,,,,,0.8 x 4.0 x 4.25,POM-C / 未填充 PEEK / PA12 按材质分别加工；薄件不等同 PLA 打印,parts/l_twist_sensor_board_edge_cap_0.step,,Removable insulating edge retainer; nominal 1.0 mm board stack; STEP FR4 body is 0.91 mm excluding copper/model offsets; fit requires physical verification
l_twist_sensor_board_cap_M2x6_0,upperarm_l.abduct_frame,采购紧固件,nylon,1,,M2,6,screw_head_to_drawing,3.5 x 3.5 x 7.4,按螺纹、长度、材料和实际头部包络一起核对,parts/l_twist_sensor_board_cap_M2x6_0.step,,"Nominal nylon M2x6 into replaceable printed support; 3.4 mm engagement, creep and repeated assembly unqualified"
l_twist_sensor_board_edge_cap_1,upperarm_l.abduct_frame,加工塑料,nylon,1,,,,,0.8 x 4.0 x 4.25,POM-C / 未填充 PEEK / PA12 按材质分别加工；薄件不等同 PLA 打印,parts/l_twist_sensor_board_edge_cap_1.step,,Removable insulating edge retainer; nominal 1.0 mm board stack; STEP FR4 body is 0.91 mm excluding copper/model offsets; fit requires physical verification
l_twist_sensor_board_cap_M2x6_1,upperarm_l.abduct_frame,采购紧固件,nylon,1,,M2,6,screw_head_to_drawing,3.5 x 3.5 x 7.4,按螺纹、长度、材料和实际头部包络一起核对,parts/l_twist_sensor_board_cap_M2x6_1.step,,"Nominal nylon M2x6 into replaceable printed support; 3.4 mm engagement, creep and repeated assembly unqualified"
r_twist_sensor_integral_magnet_shaft,upperarm_r,加工金属,aluminum_7075,1,,,,,10.6 x 10.6 x 33.0,按 STEP 加工并检验配合；复杂框架先反馈 DFM,parts/r_twist_sensor_integral_magnet_shaft.step,,"D4 arm drive and friction rotor drive; side-assembled keyed groove on Z -17.626..-16.426, D3 / flat 1.1; no inaccessible end nut; integral magnet cup and metal thrust shoulder"
r_twist_sensor_diametric_magnet_6x2p5,upperarm_r,采购标准件,magnet,1,AS5000-MD6H-2,,,,2.5 x 6.0 x 6.0,AS5000-MD6H-2 候选，Ø6×2.5 径向充磁，逐件核对磁场,parts/r_twist_sensor_diametric_magnet_6x2p5.step,,6 x 2.5 diametric magnet; 0.1 mm radial adhesive allowance; grade and field not qualified
r_twist_sensor_magnet_keeper,upperarm_r,打印,frame,1,,,,,2.6 x 13.0 x 13.0,PLA 候选，按随件 STL 和切片复核要求,parts/r_twist_sensor_magnet_keeper.step,print_candidates/r_twist_sensor_magnet_keeper.stl,"Removable rigid cover retains outer 0.5 mm of magnet face; 0.6 mm cover, radial brass screw attachment; print durability pending"
r_twist_sensor_keeper_set_M2x3_0,upperarm_r,采购紧固件,brass,1,,M2,3,set_screw,2.0 x 2.0 x 3.0,按螺纹、长度、材料和实际头部包络一起核对,parts/r_twist_sensor_keeper_set_M2x3_0.step,,Nominal slotted brass M2x3 set screw; exact purchased part and slot specification pending
r_twist_sensor_keeper_set_M2x3_1,upperarm_r,采购紧固件,brass,1,,M2,3,set_screw,2.0 x 2.0 x 3.0,按螺纹、长度、材料和实际头部包络一起核对,parts/r_twist_sensor_keeper_set_M2x3_1.step,,Nominal slotted brass M2x3 set screw; exact purchased part and slot specification pending
r_twist_sensor_arm_radial_M2x6,upperarm_r,采购紧固件,brass,1,,M2,6,screw_head_to_drawing,3.8 x 3.8 x 8.0,按螺纹、长度、材料和实际头部包络一起核对,parts/r_twist_sensor_arm_radial_M2x6.step,,Simplified brass M2x6; 1.5 mm nominal thread engagement through the D flat; head tool recess is an envelope
r_twist_sensor_pcb_AS5048A,upperarm_r.abduct_frame,PCBA内含,pcb_component,1,,,,,1.0 x 5.0 x 6.4,按电子板成套，不按机械实体重复采购,parts/r_twist_sensor_pcb_AS5048A.step,,actual_KiCad_STEP
r_twist_sensor_pcb_C1,upperarm_r.abduct_frame,PCBA内含,pcb_component,1,,,,,0.8 x 0.8 x 1.6,按电子板成套，不按机械实体重复采购,parts/r_twist_sensor_pcb_C1.step,,actual_KiCad_STEP
r_twist_sensor_pcb_C2,upperarm_r.abduct_frame,PCBA内含,pcb_component,1,,,,,1.05 x 1.45 x 2.3,按电子板成套，不按机械实体重复采购,parts/r_twist_sensor_pcb_C2.step,,"Murata GRM219R61E106KA12D 10 uF 25 V X5R, max .95 mm body + .10 mm solder seating allocation"
r_twist_sensor_pcb_R1,upperarm_r.abduct_frame,PCBA内含,pcb_component,1,,,,,0.45 x 0.8 x 1.6,按电子板成套，不按机械实体重复采购,parts/r_twist_sensor_pcb_R1.step,,actual_KiCad_STEP
r_twist_sensor_pcb_R2,upperarm_r.abduct_frame,PCBA内含,pcb_component,1,,,,,0.45 x 0.8 x 1.6,按电子板成套，不按机械实体重复采购,parts/r_twist_sensor_pcb_R2.step,,actual_KiCad_STEP
r_twist_sensor_pcb_board,upperarm_r.abduct_frame,PCBA内含,pcb,1,,,,,0.91 x 10.0 x 12.0,按电子板成套，不按机械实体重复采购,parts/r_twist_sensor_pcb_board.step,,actual_KiCad_STEP
r_twist_sensor_pcb_J1_dimension_envelope,upperarm_r.abduct_frame,PCBA内含,pcb_component,1,,,,,3.3 x 9.4 x 9.6,按电子板成套，不按机械实体重复采购,parts/r_twist_sensor_pcb_J1_dimension_envelope.step,,"JST SM06B-SRSS-TB side-entry SH6, conservative 9.4 x9.6 x3.3 mm mated plug allocation; cable bend remains a separate harness requirement"
r_twist_sensor_board_seat_saddle_0,upperarm_r.abduct_frame,打印,frame,1,,,,,1.8 x 4.0 x 4.25,PLA 候选，按随件 STL 和切片复核要求,parts/r_twist_sensor_board_seat_saddle_0.step,print_candidates/r_twist_sensor_board_seat_saddle_0.stl,"Separate L saddle installed after complete magnet shaft; locating wall at +/-6.1, nominal 1.0 mm board slot; never fuse to base posts"
r_twist_sensor_board_seat_saddle_1,upperarm_r.abduct_frame,打印,frame,1,,,,,1.8 x 4.0 x 4.25,PLA 候选，按随件 STL 和切片复核要求,parts/r_twist_sensor_board_seat_saddle_1.step,print_candidates/r_twist_sensor_board_seat_saddle_1.stl,"Separate L saddle installed after complete magnet shaft; locating wall at +/-6.1, nominal 1.0 mm board slot; never fuse to base posts"
r_twist_sensor_board_edge_cap_0,upperarm_r.abduct_frame,加工塑料,nylon,1,,,,,0.8 x 4.0 x 4.25,POM-C / 未填充 PEEK / PA12 按材质分别加工；薄件不等同 PLA 打印,parts/r_twist_sensor_board_edge_cap_0.step,,Removable insulating edge retainer; nominal 1.0 mm board stack; STEP FR4 body is 0.91 mm excluding copper/model offsets; fit requires physical verification
r_twist_sensor_board_cap_M2x6_0,upperarm_r.abduct_frame,采购紧固件,nylon,1,,M2,6,screw_head_to_drawing,3.5 x 3.5 x 7.4,按螺纹、长度、材料和实际头部包络一起核对,parts/r_twist_sensor_board_cap_M2x6_0.step,,"Nominal nylon M2x6 into replaceable printed support; 3.4 mm engagement, creep and repeated assembly unqualified"
r_twist_sensor_board_edge_cap_1,upperarm_r.abduct_frame,加工塑料,nylon,1,,,,,0.8 x 4.0 x 4.25,POM-C / 未填充 PEEK / PA12 按材质分别加工；薄件不等同 PLA 打印,parts/r_twist_sensor_board_edge_cap_1.step,,Removable insulating edge retainer; nominal 1.0 mm board stack; STEP FR4 body is 0.91 mm excluding copper/model offsets; fit requires physical verification
r_twist_sensor_board_cap_M2x6_1,upperarm_r.abduct_frame,采购紧固件,nylon,1,,M2,6,screw_head_to_drawing,3.5 x 3.5 x 7.4,按螺纹、长度、材料和实际头部包络一起核对,parts/r_twist_sensor_board_cap_M2x6_1.step,,"Nominal nylon M2x6 into replaceable printed support; 3.4 mm engagement, creep and repeated assembly unqualified"
l_flex_sensor_D_keyed_magnet_cup,upperarm_l.flex_frame,加工金属,aluminum,1,,,,,7.7 x 17.4 x 17.4,按 STEP 加工并检验配合；复杂框架先反馈 DFM,parts/l_flex_sensor_D_keyed_magnet_cup.step,,Machined aluminum cup keyed to flat on metal stop cap; 0.05 mm nominal fit and 0.6 mm floor; install after the outer clutch M3 is tightened
l_flex_sensor_cap_set_M2x4_0,upperarm_l.flex_frame,采购紧固件,brass,1,,M2,4,set_screw,2.0 x 2.0 x 4.0,按螺纹、长度、材料和实际头部包络一起核对,parts/l_flex_sensor_cap_set_M2x4_0.step,,Nominal slotted brass M2x4 retaining cup on keyed cap; 2.3 mm nominal thread engagement; exact product pending
l_flex_sensor_cap_set_M2x4_1,upperarm_l.flex_frame,采购紧固件,brass,1,,M2,4,set_screw,2.0 x 2.0 x 4.0,按螺纹、长度、材料和实际头部包络一起核对,parts/l_flex_sensor_cap_set_M2x4_1.step,,Nominal slotted brass M2x4 retaining cup on keyed cap; 2.3 mm nominal thread engagement; exact product pending
l_flex_sensor_diametric_magnet_6x2p5,upperarm_l.flex_frame,采购标准件,magnet,1,AS5000-MD6H-2,,,,2.5 x 6.0 x 6.0,AS5000-MD6H-2 候选，Ø6×2.5 径向充磁，逐件核对磁场,parts/l_flex_sensor_diametric_magnet_6x2p5.step,,"6x2.5 diametric magnet, 0.1 mm radial adhesive gap; rotational bonding and magnetic field unverified"
l_flex_sensor_magnet_keeper,upperarm_l.flex_frame,打印,frame,1,,,,,2.6 x 19.0 x 19.0,PLA 候选，按随件 STL 和切片复核要求,parts/l_flex_sensor_magnet_keeper.step,print_candidates/l_flex_sensor_magnet_keeper.stl,"Printed removable cover positively retains magnet face; minimum radial wall 0.75 mm, stiffness and wear unqualified"
l_flex_sensor_keeper_set_M2x3_0,upperarm_l.flex_frame,采购紧固件,brass,1,,M2,3,set_screw,2.0 x 2.0 x 3.0,按螺纹、长度、材料和实际头部包络一起核对,parts/l_flex_sensor_keeper_set_M2x3_0.step,,Nominal slotted brass M2x3 into aluminum cup; exact purchased part pending
l_flex_sensor_keeper_set_M2x3_1,upperarm_l.flex_frame,采购紧固件,brass,1,,M2,3,set_screw,2.0 x 2.0 x 3.0,按螺纹、长度、材料和实际头部包络一起核对,parts/l_flex_sensor_keeper_set_M2x3_1.step,,Nominal slotted brass M2x3 into aluminum cup; exact purchased part pending
l_flex_sensor_pcb_AS5048A,clavicle_l,PCBA内含,pcb_component,1,,,,,1.0 x 5.0 x 6.4,按电子板成套，不按机械实体重复采购,parts/l_flex_sensor_pcb_AS5048A.step,,actual_KiCad_STEP
l_flex_sensor_pcb_C1,clavicle_l,PCBA内含,pcb_component,1,,,,,0.8 x 0.8 x 1.6,按电子板成套，不按机械实体重复采购,parts/l_flex_sensor_pcb_C1.step,,actual_KiCad_STEP
l_flex_sensor_pcb_C2,clavicle_l,PCBA内含,pcb_component,1,,,,,1.05 x 1.45 x 2.3,按电子板成套，不按机械实体重复采购,parts/l_flex_sensor_pcb_C2.step,,"Murata GRM219R61E106KA12D 10 uF 25 V X5R, max .95 mm body + .10 mm solder seating allocation"
l_flex_sensor_pcb_R1,clavicle_l,PCBA内含,pcb_component,1,,,,,0.45 x 0.8 x 1.6,按电子板成套，不按机械实体重复采购,parts/l_flex_sensor_pcb_R1.step,,actual_KiCad_STEP
l_flex_sensor_pcb_R2,clavicle_l,PCBA内含,pcb_component,1,,,,,0.45 x 0.8 x 1.6,按电子板成套，不按机械实体重复采购,parts/l_flex_sensor_pcb_R2.step,,actual_KiCad_STEP
l_flex_sensor_pcb_board,clavicle_l,PCBA内含,pcb,1,,,,,0.91 x 10.0 x 12.0,按电子板成套，不按机械实体重复采购,parts/l_flex_sensor_pcb_board.step,,actual_KiCad_STEP
l_flex_sensor_pcb_J1_dimension_envelope,clavicle_l,PCBA内含,pcb_component,1,,,,,3.3 x 9.4 x 9.6,按电子板成套，不按机械实体重复采购,parts/l_flex_sensor_pcb_J1_dimension_envelope.step,,"JST SM06B-SRSS-TB side-entry SH6, conservative 9.4 x9.6 x3.3 mm mated plug allocation; cable bend remains a separate harness requirement"
l_flex_sensor_threaded_standoff_0,clavicle_l,加工金属,brass,1,,,,,3.5 x 4.041 x 15.271,按 STEP 加工并检验配合；复杂框架先反馈 DFM,parts/l_flex_sensor_threaded_standoff_0.step,,"Custom AF3.5 brass male/female M2 standoff; 2.5 mm male engagement into reaction plate; nominal height 12.771 mm, locking and bending pending"
l_flex_sensor_board_saddle_0,clavicle_l,打印,frame,1,,,,,2.0 x 4.0 x 8.3,PLA 候选，按随件 STL 和切片复核要求,parts/l_flex_sensor_board_saddle_0.step,print_candidates/l_flex_sensor_board_saddle_0.stl,"Separate insulating saddle, bearing edge at +/-6.1 mm in Y; installed after rotating magnet cup"
l_flex_sensor_board_cap_0,clavicle_l,加工塑料,nylon,1,,,,,0.8 x 4.0 x 8.3,POM-C / 未填充 PEEK / PA12 按材质分别加工；薄件不等同 PLA 打印,parts/l_flex_sensor_board_cap_0.step,,Removable edge cap with 1.0 mm nominal board slot; board thickness tolerance pending
l_flex_sensor_board_M2x6_0,clavicle_l,采购紧固件,nylon,1,,M2,6,screw_head_to_drawing,3.5 x 3.5 x 7.4,按螺纹、长度、材料和实际头部包络一起核对,parts/l_flex_sensor_board_M2x6_0.step,,"Nominal nylon M2x6 into brass standoff, 3.2 mm nominal engagement; creep and locking pending"
l_flex_sensor_threaded_standoff_1,clavicle_l,加工金属,brass,1,,,,,3.5 x 4.041 x 15.271,按 STEP 加工并检验配合；复杂框架先反馈 DFM,parts/l_flex_sensor_threaded_standoff_1.step,,"Custom AF3.5 brass male/female M2 standoff; 2.5 mm male engagement into reaction plate; nominal height 12.771 mm, locking and bending pending"
l_flex_sensor_board_saddle_1,clavicle_l,打印,frame,1,,,,,2.0 x 4.0 x 8.3,PLA 候选，按随件 STL 和切片复核要求,parts/l_flex_sensor_board_saddle_1.step,print_candidates/l_flex_sensor_board_saddle_1.stl,"Separate insulating saddle, bearing edge at +/-6.1 mm in Y; installed after rotating magnet cup"
l_flex_sensor_board_cap_1,clavicle_l,加工塑料,nylon,1,,,,,0.8 x 4.0 x 8.3,POM-C / 未填充 PEEK / PA12 按材质分别加工；薄件不等同 PLA 打印,parts/l_flex_sensor_board_cap_1.step,,Removable edge cap with 1.0 mm nominal board slot; board thickness tolerance pending
l_flex_sensor_board_M2x6_1,clavicle_l,采购紧固件,nylon,1,,M2,6,screw_head_to_drawing,3.5 x 3.5 x 7.4,按螺纹、长度、材料和实际头部包络一起核对,parts/l_flex_sensor_board_M2x6_1.step,,"Nominal nylon M2x6 into brass standoff, 3.2 mm nominal engagement; creep and locking pending"
r_flex_sensor_D_keyed_magnet_cup,upperarm_r.flex_frame,加工金属,aluminum,1,,,,,7.7 x 17.4 x 17.4,按 STEP 加工并检验配合；复杂框架先反馈 DFM,parts/r_flex_sensor_D_keyed_magnet_cup.step,,Machined aluminum cup keyed to flat on metal stop cap; 0.05 mm nominal fit and 0.6 mm floor; install after the outer clutch M3 is tightened
r_flex_sensor_cap_set_M2x4_0,upperarm_r.flex_frame,采购紧固件,brass,1,,M2,4,set_screw,2.0 x 2.0 x 4.0,按螺纹、长度、材料和实际头部包络一起核对,parts/r_flex_sensor_cap_set_M2x4_0.step,,Nominal slotted brass M2x4 retaining cup on keyed cap; 2.3 mm nominal thread engagement; exact product pending
r_flex_sensor_cap_set_M2x4_1,upperarm_r.flex_frame,采购紧固件,brass,1,,M2,4,set_screw,2.0 x 2.0 x 4.0,按螺纹、长度、材料和实际头部包络一起核对,parts/r_flex_sensor_cap_set_M2x4_1.step,,Nominal slotted brass M2x4 retaining cup on keyed cap; 2.3 mm nominal thread engagement; exact product pending
r_flex_sensor_diametric_magnet_6x2p5,upperarm_r.flex_frame,采购标准件,magnet,1,AS5000-MD6H-2,,,,2.5 x 6.0 x 6.0,AS5000-MD6H-2 候选，Ø6×2.5 径向充磁，逐件核对磁场,parts/r_flex_sensor_diametric_magnet_6x2p5.step,,"6x2.5 diametric magnet, 0.1 mm radial adhesive gap; rotational bonding and magnetic field unverified"
r_flex_sensor_magnet_keeper,upperarm_r.flex_frame,打印,frame,1,,,,,2.6 x 19.0 x 19.0,PLA 候选，按随件 STL 和切片复核要求,parts/r_flex_sensor_magnet_keeper.step,print_candidates/r_flex_sensor_magnet_keeper.stl,"Printed removable cover positively retains magnet face; minimum radial wall 0.75 mm, stiffness and wear unqualified"
r_flex_sensor_keeper_set_M2x3_0,upperarm_r.flex_frame,采购紧固件,brass,1,,M2,3,set_screw,2.0 x 2.0 x 3.0,按螺纹、长度、材料和实际头部包络一起核对,parts/r_flex_sensor_keeper_set_M2x3_0.step,,Nominal slotted brass M2x3 into aluminum cup; exact purchased part pending
r_flex_sensor_keeper_set_M2x3_1,upperarm_r.flex_frame,采购紧固件,brass,1,,M2,3,set_screw,2.0 x 2.0 x 3.0,按螺纹、长度、材料和实际头部包络一起核对,parts/r_flex_sensor_keeper_set_M2x3_1.step,,Nominal slotted brass M2x3 into aluminum cup; exact purchased part pending
r_flex_sensor_pcb_AS5048A,clavicle_r,PCBA内含,pcb_component,1,,,,,1.0 x 5.0 x 6.4,按电子板成套，不按机械实体重复采购,parts/r_flex_sensor_pcb_AS5048A.step,,actual_KiCad_STEP
r_flex_sensor_pcb_C1,clavicle_r,PCBA内含,pcb_component,1,,,,,0.8 x 0.8 x 1.6,按电子板成套，不按机械实体重复采购,parts/r_flex_sensor_pcb_C1.step,,actual_KiCad_STEP
r_flex_sensor_pcb_C2,clavicle_r,PCBA内含,pcb_component,1,,,,,1.05 x 1.45 x 2.3,按电子板成套，不按机械实体重复采购,parts/r_flex_sensor_pcb_C2.step,,"Murata GRM219R61E106KA12D 10 uF 25 V X5R, max .95 mm body + .10 mm solder seating allocation"
r_flex_sensor_pcb_R1,clavicle_r,PCBA内含,pcb_component,1,,,,,0.45 x 0.8 x 1.6,按电子板成套，不按机械实体重复采购,parts/r_flex_sensor_pcb_R1.step,,actual_KiCad_STEP
r_flex_sensor_pcb_R2,clavicle_r,PCBA内含,pcb_component,1,,,,,0.45 x 0.8 x 1.6,按电子板成套，不按机械实体重复采购,parts/r_flex_sensor_pcb_R2.step,,actual_KiCad_STEP
r_flex_sensor_pcb_board,clavicle_r,PCBA内含,pcb,1,,,,,0.91 x 10.0 x 12.0,按电子板成套，不按机械实体重复采购,parts/r_flex_sensor_pcb_board.step,,actual_KiCad_STEP
r_flex_sensor_pcb_J1_dimension_envelope,clavicle_r,PCBA内含,pcb_component,1,,,,,3.3 x 9.4 x 9.6,按电子板成套，不按机械实体重复采购,parts/r_flex_sensor_pcb_J1_dimension_envelope.step,,"JST SM06B-SRSS-TB side-entry SH6, conservative 9.4 x9.6 x3.3 mm mated plug allocation; cable bend remains a separate harness requirement"
r_flex_sensor_threaded_standoff_0,clavicle_r,加工金属,brass,1,,,,,3.5 x 4.041 x 15.271,按 STEP 加工并检验配合；复杂框架先反馈 DFM,parts/r_flex_sensor_threaded_standoff_0.step,,"Custom AF3.5 brass male/female M2 standoff; 2.5 mm male engagement into reaction plate; nominal height 12.771 mm, locking and bending pending"
r_flex_sensor_board_saddle_0,clavicle_r,打印,frame,1,,,,,2.0 x 4.0 x 8.3,PLA 候选，按随件 STL 和切片复核要求,parts/r_flex_sensor_board_saddle_0.step,print_candidates/r_flex_sensor_board_saddle_0.stl,"Separate insulating saddle, bearing edge at +/-6.1 mm in Y; installed after rotating magnet cup"
r_flex_sensor_board_cap_0,clavicle_r,加工塑料,nylon,1,,,,,0.8 x 4.0 x 8.3,POM-C / 未填充 PEEK / PA12 按材质分别加工；薄件不等同 PLA 打印,parts/r_flex_sensor_board_cap_0.step,,Removable edge cap with 1.0 mm nominal board slot; board thickness tolerance pending
r_flex_sensor_board_M2x6_0,clavicle_r,采购紧固件,nylon,1,,M2,6,screw_head_to_drawing,3.5 x 3.5 x 7.4,按螺纹、长度、材料和实际头部包络一起核对,parts/r_flex_sensor_board_M2x6_0.step,,"Nominal nylon M2x6 into brass standoff, 3.2 mm nominal engagement; creep and locking pending"
r_flex_sensor_threaded_standoff_1,clavicle_r,加工金属,brass,1,,,,,3.5 x 4.041 x 15.271,按 STEP 加工并检验配合；复杂框架先反馈 DFM,parts/r_flex_sensor_threaded_standoff_1.step,,"Custom AF3.5 brass male/female M2 standoff; 2.5 mm male engagement into reaction plate; nominal height 12.771 mm, locking and bending pending"
r_flex_sensor_board_saddle_1,clavicle_r,打印,frame,1,,,,,2.0 x 4.0 x 8.3,PLA 候选，按随件 STL 和切片复核要求,parts/r_flex_sensor_board_saddle_1.step,print_candidates/r_flex_sensor_board_saddle_1.stl,"Separate insulating saddle, bearing edge at +/-6.1 mm in Y; installed after rotating magnet cup"
r_flex_sensor_board_cap_1,clavicle_r,加工塑料,nylon,1,,,,,0.8 x 4.0 x 8.3,POM-C / 未填充 PEEK / PA12 按材质分别加工；薄件不等同 PLA 打印,parts/r_flex_sensor_board_cap_1.step,,Removable edge cap with 1.0 mm nominal board slot; board thickness tolerance pending
r_flex_sensor_board_M2x6_1,clavicle_r,采购紧固件,nylon,1,,M2,6,screw_head_to_drawing,3.5 x 3.5 x 7.4,按螺纹、长度、材料和实际头部包络一起核对,parts/r_flex_sensor_board_M2x6_1.step,,"Nominal nylon M2x6 into brass standoff, 3.2 mm nominal engagement; creep and locking pending"
elbow_l_flex_M_fixed_metal_eye,upperarm_l,加工金属,aluminum_7075,1,,,,,4.0 x 35.494 x 42.5,按 STEP 加工并检验配合；复杂框架先反馈 DFM,parts/elbow_l_flex_M_fixed_metal_eye.step,,"Machined 6061-T6 eye; 2 x M3 tapped mounting holes; friction lining reacts into this eye; integral angular travel guards reacting directly into bearing eye; D14.50 x0.85 upper retaining counterbore, flat Z3.15"
elbow_l_flex_M_radial_bush,upperarm_l,加工塑料,pom,1,,,,,2.8 x 14.4 x 14.4,POM-C / 未填充 PEEK / PA12 按材质分别加工；薄件不等同 PLA 打印,parts/elbow_l_flex_M_radial_bush.step,,"D6 journal +0.06 mm nominal diametral clearance; not part of axial preload loop; D14.40 x0.70 flange at Z3.20..3.90, captured below thrust washer Z4.00; 0.15 total nominal axial float"
elbow_l_flex_M_friction_lining,upperarm_l,加工塑料,peek,1,,,,,1.0 x 26.0 x 27.4,POM-C / 未填充 PEEK / PA12 按材质分别加工；薄件不等同 PLA 打印,parts/elbow_l_flex_M_friction_lining.step,,"1 mm replaceable lining with positive edge tabs; friction coefficient is an untested assumption; unfilled machined PEEK candidate, dry contact; actual torque and creep must be qualified"
elbow_l_flex_M_flanged_rotor_shaft,elbow_l,加工金属,aluminum_7075,1,,,,,18.176 x 28.0 x 31.0,按 STEP 加工并检验配合；复杂框架先反馈 DFM,parts/elbow_l_flex_M_flanged_rotor_shaft.step,,"Integral D6 drive, journal and friction flange; blind M3 end thread and M2 radial retention; no threaded running surface; integral load-bearing flange stop tab; magnetic cup is not a stop"
elbow_l_flex_M_thrust_wear_washer,upperarm_l,采购标准件,ptfe_composite,1,PCMW 102001.5 E,,,,1.5 x 20.0 x 20.0,SKF PCMW 102001.5 E；以当前 STEP 尺寸核对,parts/elbow_l_flex_M_thrust_wear_washer.step,,SKF PCMW102001.5 E envelope; radial bush is unloaded axially
elbow_l_flex_M_spring_seat,elbow_l,加工金属,spring,1,,,,,0.5 x 20.0 x 20.0,按 STEP 加工并检验配合；复杂框架先反馈 DFM,parts/elbow_l_flex_M_spring_seat.step,,
elbow_l_flex_M_disc_spring_0_0,elbow_l,采购碟簧,spring,1,SCHNORR 002100,,,,0.588 x 12.0 x 12.0,按弹簧型号和装配方向，不按 CAD 色彩选型,parts/elbow_l_flex_M_disc_spring_0_0.step,,"SCHNORR 002100; 1 nested parallel per group, two groups opposed in series"
elbow_l_flex_M_disc_spring_1_0,elbow_l,采购碟簧,spring,1,SCHNORR 002100,,,,0.588 x 12.0 x 12.0,按弹簧型号和装配方向，不按 CAD 色彩选型,parts/elbow_l_flex_M_disc_spring_1_0.step,,"SCHNORR 002100; 1 nested parallel per group, two groups opposed in series"
elbow_l_flex_M_D_stop_cap,elbow_l,加工金属,aluminum,1,,,,,3.0 x 12.4 x 13.6,按 STEP 加工并检验配合；复杂框架先反馈 DFM,parts/elbow_l_flex_M_D_stop_cap.step,,Metal shoulder fixes nominal spring height; actual preload requires selected shims and a physical torque test
elbow_l_flex_M_M3x8_button_retainer,elbow_l,采购紧固件,titanium,1,SSB-M3-8-TI5,M3,8,button_head,5.7 x 5.7 x 9.65,按螺纹、长度、材料和实际头部包络一起核对,parts/elbow_l_flex_M_M3x8_button_retainer.step,,Accu SSB-M3-8-TI5 nominal head envelope; thread and bearing stress unqualified
elbow_l_flex_M_keyed_magnet_cup,elbow_l,加工金属,aluminum,1,,,,,7.55 x 16.4 x 16.4,按 STEP 加工并检验配合；复杂框架先反馈 DFM,parts/elbow_l_flex_M_keyed_magnet_cup.step,,External D key transmits angle; 0.05 mm nominal fit and two radial brass retainers
elbow_l_flex_M_cup_M2x4_0,elbow_l,采购紧固件,brass,1,,M2,4,screw_head_to_drawing,2.0 x 2.0 x 4.0,按螺纹、长度、材料和实际头部包络一起核对,parts/elbow_l_flex_M_cup_M2x4_0.step,,Thread envelope; slotted brass M2x4
elbow_l_flex_M_cup_M2x4_1,elbow_l,采购紧固件,brass,1,,M2,4,screw_head_to_drawing,2.0 x 2.0 x 4.0,按螺纹、长度、材料和实际头部包络一起核对,parts/elbow_l_flex_M_cup_M2x4_1.step,,Thread envelope; slotted brass M2x4
elbow_l_flex_M_diametric_magnet_6x2p5,elbow_l,采购标准件,magnet,1,AS5000-MD6H-2,,,,2.5 x 6.0 x 6.0,AS5000-MD6H-2 候选，Ø6×2.5 径向充磁，逐件核对磁场,parts/elbow_l_flex_M_diametric_magnet_6x2p5.step,,Diametric magnet; magnetic field and interference require bench qualification
elbow_l_flex_M_magnet_keeper,elbow_l,打印,frame,1,,,,,2.7 x 19.2 x 19.2,PLA 候选，按随件 STL 和切片复核要求,parts/elbow_l_flex_M_magnet_keeper.step,print_candidates/elbow_l_flex_M_magnet_keeper.stl,"1.2 mm radial wall, 0.20 mm nominal radial fit allowance, 0.8 mm face; mechanical retention outside sensor air gap"
elbow_l_flex_M_keeper_M2x3_0,elbow_l,采购紧固件,brass,1,,M2,3,screw_head_to_drawing,2.0 x 2.0 x 3.0,按螺纹、长度、材料和实际头部包络一起核对,parts/elbow_l_flex_M_keeper_M2x3_0.step,,Slotted brass M2x3 thread envelope
elbow_l_flex_M_keeper_M2x3_1,elbow_l,采购紧固件,brass,1,,M2,3,screw_head_to_drawing,2.0 x 2.0 x 3.0,按螺纹、长度、材料和实际头部包络一起核对,parts/elbow_l_flex_M_keeper_M2x3_1.step,,Slotted brass M2x3 thread envelope
elbow_l_flex_M_D_output_cleat,elbow_l,加工金属,aluminum,1,,,,,4.95 x 19.0 x 28.0,按 STEP 加工并检验配合；复杂框架先反馈 DFM,parts/elbow_l_flex_M_D_output_cleat.step,,"Two M3 attachment bores; drive on D-flat, axial retention by radial M2 into shaft"
elbow_l_flex_M_output_M2x6,elbow_l,采购紧固件,brass,1,,M2,6,screw_head_to_drawing,3.8 x 3.8 x 8.0,按螺纹、长度、材料和实际头部包络一起核对,parts/elbow_l_flex_M_output_M2x6.step,,Nominal M2x6 radial retainer; install before connecting distal segment
elbow_l_flex_M_board_post_0,upperarm_l,加工金属,brass,1,,,,,3.5 x 4.041 x 14.921,按 STEP 加工并检验配合；复杂框架先反馈 DFM,parts/elbow_l_flex_M_board_post_0.step,,Custom AF3.5 male/female M2 spacer; 2.5 mm nominal engagement in metal eye
elbow_l_flex_M_PCB_edge_saddle_0,upperarm_l,打印,frame,1,,,,,2.0 x 4.0 x 12.4,PLA 候选，按随件 STL 和切片复核要求,parts/elbow_l_flex_M_PCB_edge_saddle_0.step,print_candidates/elbow_l_flex_M_PCB_edge_saddle_0.stl,
elbow_l_flex_M_PCB_edge_cap_0,upperarm_l,加工塑料,nylon,1,,,,,0.8 x 4.0 x 12.4,POM-C / 未填充 PEEK / PA12 按材质分别加工；薄件不等同 PLA 打印,parts/elbow_l_flex_M_PCB_edge_cap_0.step,,
elbow_l_flex_M_PCB_M2x6_0,upperarm_l,采购紧固件,nylon,1,,M2,6,screw_head_to_drawing,3.8 x 3.8 x 8.0,按螺纹、长度、材料和实际头部包络一起核对,parts/elbow_l_flex_M_PCB_M2x6_0.step,,
elbow_l_flex_M_board_post_1,upperarm_l,加工金属,brass,1,,,,,3.5 x 4.041 x 14.921,按 STEP 加工并检验配合；复杂框架先反馈 DFM,parts/elbow_l_flex_M_board_post_1.step,,Custom AF3.5 male/female M2 spacer; 2.5 mm nominal engagement in metal eye
elbow_l_flex_M_PCB_edge_saddle_1,upperarm_l,打印,frame,1,,,,,2.0 x 4.0 x 12.4,PLA 候选，按随件 STL 和切片复核要求,parts/elbow_l_flex_M_PCB_edge_saddle_1.step,print_candidates/elbow_l_flex_M_PCB_edge_saddle_1.stl,
elbow_l_flex_M_PCB_edge_cap_1,upperarm_l,加工塑料,nylon,1,,,,,0.8 x 4.0 x 12.4,POM-C / 未填充 PEEK / PA12 按材质分别加工；薄件不等同 PLA 打印,parts/elbow_l_flex_M_PCB_edge_cap_1.step,,
elbow_l_flex_M_PCB_M2x6_1,upperarm_l,采购紧固件,nylon,1,,M2,6,screw_head_to_drawing,3.8 x 3.8 x 8.0,按螺纹、长度、材料和实际头部包络一起核对,parts/elbow_l_flex_M_PCB_M2x6_1.step,,
elbow_l_flex_M_pcb_AS5048A,upperarm_l,PCBA内含,pcb_component,1,,,,,1.0 x 5.0 x 6.4,按电子板成套，不按机械实体重复采购,parts/elbow_l_flex_M_pcb_AS5048A.step,,actual_KiCad_STEP
elbow_l_flex_M_pcb_C1,upperarm_l,PCBA内含,pcb_component,1,,,,,0.8 x 0.8 x 1.6,按电子板成套，不按机械实体重复采购,parts/elbow_l_flex_M_pcb_C1.step,,actual_KiCad_STEP
elbow_l_flex_M_pcb_C2,upperarm_l,PCBA内含,pcb_component,1,,,,,1.05 x 1.45 x 2.3,按电子板成套，不按机械实体重复采购,parts/elbow_l_flex_M_pcb_C2.step,,"Murata GRM219R61E106KA12D 10 uF 25 V X5R, max .95 mm body + .10 mm solder seating allocation"
elbow_l_flex_M_pcb_R1,upperarm_l,PCBA内含,pcb_component,1,,,,,0.45 x 0.8 x 1.6,按电子板成套，不按机械实体重复采购,parts/elbow_l_flex_M_pcb_R1.step,,actual_KiCad_STEP
elbow_l_flex_M_pcb_R2,upperarm_l,PCBA内含,pcb_component,1,,,,,0.45 x 0.8 x 1.6,按电子板成套，不按机械实体重复采购,parts/elbow_l_flex_M_pcb_R2.step,,actual_KiCad_STEP
elbow_l_flex_M_pcb_board,upperarm_l,PCBA内含,pcb,1,,,,,0.91 x 10.0 x 12.0,按电子板成套，不按机械实体重复采购,parts/elbow_l_flex_M_pcb_board.step,,actual_KiCad_STEP
elbow_l_flex_M_pcb_J1_dimension_envelope,upperarm_l,PCBA内含,pcb_component,1,,,,,3.3 x 9.4 x 9.6,按电子板成套，不按机械实体重复采购,parts/elbow_l_flex_M_pcb_J1_dimension_envelope.step,,"JST SM06B-SRSS-TB side-entry SH6, conservative 9.4 x9.6 x3.3 mm mated plug allocation; cable bend remains a separate harness requirement"
forearm_l_twist_M_fixed_metal_eye,elbow_l,加工金属,aluminum_7075,1,,,,,4.0 x 26.937 x 38.5,按 STEP 加工并检验配合；复杂框架先反馈 DFM,parts/forearm_l_twist_M_fixed_metal_eye.step,,"Machined 6061-T6 eye; 2 x M3 tapped mounting holes; friction lining reacts into this eye; integral angular travel guards reacting directly into bearing eye; D14.50 x0.85 upper retaining counterbore, flat Z3.15"
forearm_l_twist_M_radial_bush,elbow_l,加工塑料,pom,1,,,,,2.8 x 14.4 x 14.4,POM-C / 未填充 PEEK / PA12 按材质分别加工；薄件不等同 PLA 打印,parts/forearm_l_twist_M_radial_bush.step,,"D6 journal +0.06 mm nominal diametral clearance; not part of axial preload loop; D14.40 x0.70 flange at Z3.20..3.90, captured below thrust washer Z4.00; 0.15 total nominal axial float"
forearm_l_twist_M_friction_lining,elbow_l,加工塑料,peek,1,,,,,1.0 x 22.0 x 23.4,POM-C / 未填充 PEEK / PA12 按材质分别加工；薄件不等同 PLA 打印,parts/forearm_l_twist_M_friction_lining.step,,"1 mm replaceable lining with positive edge tabs; friction coefficient is an untested assumption; unfilled machined PEEK candidate, dry contact; actual torque and creep must be qualified"
forearm_l_twist_M_flanged_rotor_shaft,forearm_l,加工金属,aluminum_7075,1,,,,,17.926 x 24.0 x 24.0,按 STEP 加工并检验配合；复杂框架先反馈 DFM,parts/forearm_l_twist_M_flanged_rotor_shaft.step,,"Integral D6 drive, journal and friction flange; blind M3 end thread and M2 radial retention; no threaded running surface; integral load-bearing flange stop tab; magnetic cup is not a stop"
forearm_l_twist_M_thrust_wear_washer,elbow_l,采购标准件,ptfe_composite,1,PCMW 102001.5 E,,,,1.5 x 20.0 x 20.0,SKF PCMW 102001.5 E；以当前 STEP 尺寸核对,parts/forearm_l_twist_M_thrust_wear_washer.step,,SKF PCMW102001.5 E envelope; radial bush is unloaded axially
forearm_l_twist_M_spring_seat,forearm_l,加工金属,spring,1,,,,,0.5 x 20.0 x 20.0,按 STEP 加工并检验配合；复杂框架先反馈 DFM,parts/forearm_l_twist_M_spring_seat.step,,
forearm_l_twist_M_disc_spring_0_0,forearm_l,采购碟簧,spring,1,SCHNORR 002050,,,,0.463 x 12.5 x 12.5,按弹簧型号和装配方向，不按 CAD 色彩选型,parts/forearm_l_twist_M_disc_spring_0_0.step,,"SCHNORR 002050; 1 nested parallel per group, two groups opposed in series"
forearm_l_twist_M_disc_spring_1_0,forearm_l,采购碟簧,spring,1,SCHNORR 002050,,,,0.463 x 12.5 x 12.5,按弹簧型号和装配方向，不按 CAD 色彩选型,parts/forearm_l_twist_M_disc_spring_1_0.step,,"SCHNORR 002050; 1 nested parallel per group, two groups opposed in series"
forearm_l_twist_M_D_stop_cap,forearm_l,加工金属,aluminum,1,,,,,3.0 x 12.4 x 13.6,按 STEP 加工并检验配合；复杂框架先反馈 DFM,parts/forearm_l_twist_M_D_stop_cap.step,,Metal shoulder fixes nominal spring height; actual preload requires selected shims and a physical torque test
forearm_l_twist_M_M3x8_button_retainer,forearm_l,采购紧固件,titanium,1,SSB-M3-8-TI5,M3,8,button_head,5.7 x 5.7 x 9.65,按螺纹、长度、材料和实际头部包络一起核对,parts/forearm_l_twist_M_M3x8_button_retainer.step,,Accu SSB-M3-8-TI5 nominal head envelope; thread and bearing stress unqualified
forearm_l_twist_M_keyed_magnet_cup,forearm_l,加工金属,aluminum,1,,,,,7.55 x 16.4 x 16.4,按 STEP 加工并检验配合；复杂框架先反馈 DFM,parts/forearm_l_twist_M_keyed_magnet_cup.step,,External D key transmits angle; 0.05 mm nominal fit and two radial brass retainers
forearm_l_twist_M_cup_M2x4_0,forearm_l,采购紧固件,brass,1,,M2,4,screw_head_to_drawing,2.0 x 2.0 x 4.0,按螺纹、长度、材料和实际头部包络一起核对,parts/forearm_l_twist_M_cup_M2x4_0.step,,Thread envelope; slotted brass M2x4
forearm_l_twist_M_cup_M2x4_1,forearm_l,采购紧固件,brass,1,,M2,4,screw_head_to_drawing,2.0 x 2.0 x 4.0,按螺纹、长度、材料和实际头部包络一起核对,parts/forearm_l_twist_M_cup_M2x4_1.step,,Thread envelope; slotted brass M2x4
forearm_l_twist_M_diametric_magnet_6x2p5,forearm_l,采购标准件,magnet,1,AS5000-MD6H-2,,,,2.5 x 6.0 x 6.0,AS5000-MD6H-2 候选，Ø6×2.5 径向充磁，逐件核对磁场,parts/forearm_l_twist_M_diametric_magnet_6x2p5.step,,Diametric magnet; magnetic field and interference require bench qualification
forearm_l_twist_M_magnet_keeper,forearm_l,打印,frame,1,,,,,2.7 x 19.2 x 19.2,PLA 候选，按随件 STL 和切片复核要求,parts/forearm_l_twist_M_magnet_keeper.step,print_candidates/forearm_l_twist_M_magnet_keeper.stl,"1.2 mm radial wall, 0.20 mm nominal radial fit allowance, 0.8 mm face; mechanical retention outside sensor air gap"
forearm_l_twist_M_keeper_M2x3_0,forearm_l,采购紧固件,brass,1,,M2,3,screw_head_to_drawing,2.0 x 2.0 x 3.0,按螺纹、长度、材料和实际头部包络一起核对,parts/forearm_l_twist_M_keeper_M2x3_0.step,,Slotted brass M2x3 thread envelope
forearm_l_twist_M_keeper_M2x3_1,forearm_l,采购紧固件,brass,1,,M2,3,screw_head_to_drawing,2.0 x 2.0 x 3.0,按螺纹、长度、材料和实际头部包络一起核对,parts/forearm_l_twist_M_keeper_M2x3_1.step,,Slotted brass M2x3 thread envelope
forearm_l_twist_M_D_output_cleat,forearm_l,加工金属,aluminum,1,,,,,4.95 x 19.0 x 26.0,按 STEP 加工并检验配合；复杂框架先反馈 DFM,parts/forearm_l_twist_M_D_output_cleat.step,,"Two M3 attachment bores; drive on D-flat, axial retention by radial M2 into shaft"
forearm_l_twist_M_output_M2x6,forearm_l,采购紧固件,brass,1,,M2,6,screw_head_to_drawing,3.8 x 3.8 x 8.0,按螺纹、长度、材料和实际头部包络一起核对,parts/forearm_l_twist_M_output_M2x6.step,,Nominal M2x6 radial retainer; install before connecting distal segment
forearm_l_twist_M_board_post_0,elbow_l,加工金属,brass,1,,,,,3.5 x 4.041 x 14.671,按 STEP 加工并检验配合；复杂框架先反馈 DFM,parts/forearm_l_twist_M_board_post_0.step,,Custom AF3.5 male/female M2 spacer; 2.5 mm nominal engagement in metal eye
forearm_l_twist_M_PCB_edge_saddle_0,elbow_l,打印,frame,1,,,,,2.0 x 4.0 x 10.4,PLA 候选，按随件 STL 和切片复核要求,parts/forearm_l_twist_M_PCB_edge_saddle_0.step,print_candidates/forearm_l_twist_M_PCB_edge_saddle_0.stl,
forearm_l_twist_M_PCB_edge_cap_0,elbow_l,加工塑料,nylon,1,,,,,0.8 x 4.0 x 10.4,POM-C / 未填充 PEEK / PA12 按材质分别加工；薄件不等同 PLA 打印,parts/forearm_l_twist_M_PCB_edge_cap_0.step,,
forearm_l_twist_M_PCB_M2x6_0,elbow_l,采购紧固件,nylon,1,,M2,6,screw_head_to_drawing,3.8 x 3.8 x 8.0,按螺纹、长度、材料和实际头部包络一起核对,parts/forearm_l_twist_M_PCB_M2x6_0.step,,
forearm_l_twist_M_board_post_1,elbow_l,加工金属,brass,1,,,,,3.5 x 4.041 x 14.671,按 STEP 加工并检验配合；复杂框架先反馈 DFM,parts/forearm_l_twist_M_board_post_1.step,,Custom AF3.5 male/female M2 spacer; 2.5 mm nominal engagement in metal eye
forearm_l_twist_M_PCB_edge_saddle_1,elbow_l,打印,frame,1,,,,,2.0 x 4.0 x 10.4,PLA 候选，按随件 STL 和切片复核要求,parts/forearm_l_twist_M_PCB_edge_saddle_1.step,print_candidates/forearm_l_twist_M_PCB_edge_saddle_1.stl,
forearm_l_twist_M_PCB_edge_cap_1,elbow_l,加工塑料,nylon,1,,,,,0.8 x 4.0 x 10.4,POM-C / 未填充 PEEK / PA12 按材质分别加工；薄件不等同 PLA 打印,parts/forearm_l_twist_M_PCB_edge_cap_1.step,,
forearm_l_twist_M_PCB_M2x6_1,elbow_l,采购紧固件,nylon,1,,M2,6,screw_head_to_drawing,3.8 x 3.8 x 8.0,按螺纹、长度、材料和实际头部包络一起核对,parts/forearm_l_twist_M_PCB_M2x6_1.step,,
forearm_l_twist_M_pcb_AS5048A,elbow_l,PCBA内含,pcb_component,1,,,,,1.0 x 5.0 x 6.4,按电子板成套，不按机械实体重复采购,parts/forearm_l_twist_M_pcb_AS5048A.step,,actual_KiCad_STEP
forearm_l_twist_M_pcb_C1,elbow_l,PCBA内含,pcb_component,1,,,,,0.8 x 0.8 x 1.6,按电子板成套，不按机械实体重复采购,parts/forearm_l_twist_M_pcb_C1.step,,actual_KiCad_STEP
forearm_l_twist_M_pcb_C2,elbow_l,PCBA内含,pcb_component,1,,,,,1.05 x 1.45 x 2.3,按电子板成套，不按机械实体重复采购,parts/forearm_l_twist_M_pcb_C2.step,,"Murata GRM219R61E106KA12D 10 uF 25 V X5R, max .95 mm body + .10 mm solder seating allocation"
forearm_l_twist_M_pcb_R1,elbow_l,PCBA内含,pcb_component,1,,,,,0.45 x 0.8 x 1.6,按电子板成套，不按机械实体重复采购,parts/forearm_l_twist_M_pcb_R1.step,,actual_KiCad_STEP
forearm_l_twist_M_pcb_R2,elbow_l,PCBA内含,pcb_component,1,,,,,0.45 x 0.8 x 1.6,按电子板成套，不按机械实体重复采购,parts/forearm_l_twist_M_pcb_R2.step,,actual_KiCad_STEP
forearm_l_twist_M_pcb_board,elbow_l,PCBA内含,pcb,1,,,,,0.91 x 10.0 x 12.0,按电子板成套，不按机械实体重复采购,parts/forearm_l_twist_M_pcb_board.step,,actual_KiCad_STEP
forearm_l_twist_M_pcb_J1_dimension_envelope,elbow_l,PCBA内含,pcb_component,1,,,,,3.3 x 9.4 x 9.6,按电子板成套，不按机械实体重复采购,parts/forearm_l_twist_M_pcb_J1_dimension_envelope.step,,"JST SM06B-SRSS-TB side-entry SH6, conservative 9.4 x9.6 x3.3 mm mated plug allocation; cable bend remains a separate harness requirement"
elbow_l_flex_M_fixed_mount_M3x8_0,upperarm_l,采购紧固件,metal,1,,M3,8,screw_head_to_drawing,5.5 x 5.5 x 11.0,按螺纹、长度、材料和实际头部包络一起核对,parts/elbow_l_flex_M_fixed_mount_M3x8_0.step,,M3x8 from outer carrier face into metal eye; 3 mm nominal threaded engagement
elbow_l_flex_M_fixed_mount_M3x8_1,upperarm_l,采购紧固件,metal,1,,M3,8,screw_head_to_drawing,5.5 x 5.5 x 11.0,按螺纹、长度、材料和实际头部包络一起核对,parts/elbow_l_flex_M_fixed_mount_M3x8_1.step,,M3x8 from outer carrier face into metal eye; 3 mm nominal threaded engagement
elbow_l_flex_M_upperarm_carrier,upperarm_l,打印,frame,1,,,,,20.0 x 23.0 x 99.952,PLA 候选，按随件 STL 和切片复核要求,parts/elbow_l_flex_M_upperarm_carrier.step,print_candidates/elbow_l_flex_M_upperarm_carrier.stl,One printed carrier includes the existing Rev K keyed shoulder coupling and its radial retainer interface; closed local shell lugs and M2.4 through bores
elbow_l_flex_M_rotor_mount_M3x12_0,elbow_l,采购紧固件,metal,1,,M3,12,screw_head_to_drawing,5.5 x 5.5 x 15.0,按螺纹、长度、材料和实际头部包络一起核对,parts/elbow_l_flex_M_rotor_mount_M3x12_0.step,,M3x12 socket screw; unmodelled helical thread
elbow_l_flex_M_rotor_mount_nut_M3_0,elbow_l,采购紧固件,metal,1,,M3,,hex_nut,2.4 x 5.5 x 6.351,按螺纹、长度、材料和实际头部包络一起核对,parts/elbow_l_flex_M_rotor_mount_nut_M3_0.step,,M3 nut envelope; removable thread locking method pending
elbow_l_flex_M_rotor_mount_M3x12_1,elbow_l,采购紧固件,metal,1,,M3,12,screw_head_to_drawing,5.5 x 5.5 x 15.0,按螺纹、长度、材料和实际头部包络一起核对,parts/elbow_l_flex_M_rotor_mount_M3x12_1.step,,M3x12 socket screw; unmodelled helical thread
elbow_l_flex_M_rotor_mount_nut_M3_1,elbow_l,采购紧固件,metal,1,,M3,,hex_nut,2.4 x 5.5 x 6.351,按螺纹、长度、材料和实际头部包络一起核对,parts/elbow_l_flex_M_rotor_mount_nut_M3_1.step,,M3 nut envelope; removable thread locking method pending
forearm_l_twist_M_fixed_mount_M3x8_0,elbow_l,采购紧固件,metal,1,,M3,8,screw_head_to_drawing,5.5 x 5.5 x 11.0,按螺纹、长度、材料和实际头部包络一起核对,parts/forearm_l_twist_M_fixed_mount_M3x8_0.step,,M3x8 from outer carrier face into metal eye; 3 mm nominal threaded engagement
forearm_l_twist_M_fixed_mount_M3x8_1,elbow_l,采购紧固件,metal,1,,M3,8,screw_head_to_drawing,5.5 x 5.5 x 11.0,按螺纹、长度、材料和实际头部包络一起核对,parts/forearm_l_twist_M_fixed_mount_M3x8_1.step,,M3x8 from outer carrier face into metal eye; 3 mm nominal threaded engagement
elbow_l_flex_M_proximal_forearm,elbow_l,打印,frame,1,,,,,20.0 x 43.0 x 46.714,PLA 候选，按随件 STL 和切片复核要求,parts/elbow_l_flex_M_proximal_forearm.step,print_candidates/elbow_l_flex_M_proximal_forearm.stl,Direct elbow and axial forearm rotation share a single printed proximal carrier; rounded underside pocket gives 0.6 mm nominal SH plug clearance; upper load bridge retained
forearm_l_twist_M_rotor_mount_M3x12_0,forearm_l,采购紧固件,metal,1,,M3,12,screw_head_to_drawing,5.5 x 5.5 x 15.0,按螺纹、长度、材料和实际头部包络一起核对,parts/forearm_l_twist_M_rotor_mount_M3x12_0.step,,M3x12 socket screw; unmodelled helical thread
forearm_l_twist_M_rotor_mount_nut_M3_0,forearm_l,采购紧固件,metal,1,,M3,,hex_nut,2.4 x 5.5 x 6.351,按螺纹、长度、材料和实际头部包络一起核对,parts/forearm_l_twist_M_rotor_mount_nut_M3_0.step,,M3 nut envelope; removable thread locking method pending
forearm_l_twist_M_rotor_mount_M3x12_1,forearm_l,采购紧固件,metal,1,,M3,12,screw_head_to_drawing,5.5 x 5.5 x 15.0,按螺纹、长度、材料和实际头部包络一起核对,parts/forearm_l_twist_M_rotor_mount_M3x12_1.step,,M3x12 socket screw; unmodelled helical thread
forearm_l_twist_M_rotor_mount_nut_M3_1,forearm_l,采购紧固件,metal,1,,M3,,hex_nut,2.4 x 5.5 x 6.351,按螺纹、长度、材料和实际头部包络一起核对,parts/forearm_l_twist_M_rotor_mount_nut_M3_1.step,,M3 nut envelope; removable thread locking method pending
forearm_l_twist_M_distal_forearm_carrier,forearm_l,打印,frame,1,,,,,45.0 x 46.0 x 92.712,PLA 候选，按随件 STL 和切片复核要求,parts/forearm_l_twist_M_distal_forearm_carrier.step,print_candidates/forearm_l_twist_M_distal_forearm_carrier.stl,PLA candidate with explicit mount pads; print fit and fatigue untested; integrated wrist flex mounting pad and two 6 mm branches; closed local shell lugs and M2.4 through bores
l_arm_forearm_shell_front_distal,forearm_l,打印,shell,1,,,,,10.143 x 16.211 x 32.879,PLA 候选，按随件 STL 和切片复核要求,parts/l_arm_forearm_shell_front_distal.step,print_candidates/l_arm_forearm_shell_front_distal.stl,"1.8 mm partial rigid arm cover; one M2x20 through captive rear nuts into closed centreline rail lugs; front straight hex access, remove before servicing joints; pose clearance sampled digitally"
l_arm_forearm_shell_back_distal,forearm_l,打印,shell,1,,,,,15.143 x 18.707 x 32.99,PLA 候选，按随件 STL 和切片复核要求,parts/l_arm_forearm_shell_back_distal.step,print_candidates/l_arm_forearm_shell_back_distal.stl,"1.8 mm partial rigid arm cover; one M2x20 through captive rear nuts into closed centreline rail lugs; front straight hex access, remove before servicing joints; pose clearance sampled digitally"
elbow_r_flex_M_fixed_metal_eye,upperarm_r,加工金属,aluminum_7075,1,,,,,4.0 x 35.494 x 42.5,按 STEP 加工并检验配合；复杂框架先反馈 DFM,parts/elbow_r_flex_M_fixed_metal_eye.step,,"Machined 6061-T6 eye; 2 x M3 tapped mounting holes; friction lining reacts into this eye; integral angular travel guards reacting directly into bearing eye; D14.50 x0.85 upper retaining counterbore, flat Z3.15"
elbow_r_flex_M_radial_bush,upperarm_r,加工塑料,pom,1,,,,,2.8 x 14.4 x 14.4,POM-C / 未填充 PEEK / PA12 按材质分别加工；薄件不等同 PLA 打印,parts/elbow_r_flex_M_radial_bush.step,,"D6 journal +0.06 mm nominal diametral clearance; not part of axial preload loop; D14.40 x0.70 flange at Z3.20..3.90, captured below thrust washer Z4.00; 0.15 total nominal axial float"
elbow_r_flex_M_friction_lining,upperarm_r,加工塑料,peek,1,,,,,1.0 x 26.0 x 27.4,POM-C / 未填充 PEEK / PA12 按材质分别加工；薄件不等同 PLA 打印,parts/elbow_r_flex_M_friction_lining.step,,"1 mm replaceable lining with positive edge tabs; friction coefficient is an untested assumption; unfilled machined PEEK candidate, dry contact; actual torque and creep must be qualified"
elbow_r_flex_M_flanged_rotor_shaft,elbow_r,加工金属,aluminum_7075,1,,,,,18.176 x 28.0 x 31.0,按 STEP 加工并检验配合；复杂框架先反馈 DFM,parts/elbow_r_flex_M_flanged_rotor_shaft.step,,"Integral D6 drive, journal and friction flange; blind M3 end thread and M2 radial retention; no threaded running surface; integral load-bearing flange stop tab; magnetic cup is not a stop"
elbow_r_flex_M_thrust_wear_washer,upperarm_r,采购标准件,ptfe_composite,1,PCMW 102001.5 E,,,,1.5 x 20.0 x 20.0,SKF PCMW 102001.5 E；以当前 STEP 尺寸核对,parts/elbow_r_flex_M_thrust_wear_washer.step,,SKF PCMW102001.5 E envelope; radial bush is unloaded axially
elbow_r_flex_M_spring_seat,elbow_r,加工金属,spring,1,,,,,0.5 x 20.0 x 20.0,按 STEP 加工并检验配合；复杂框架先反馈 DFM,parts/elbow_r_flex_M_spring_seat.step,,
elbow_r_flex_M_disc_spring_0_0,elbow_r,采购碟簧,spring,1,SCHNORR 002100,,,,0.588 x 12.0 x 12.0,按弹簧型号和装配方向，不按 CAD 色彩选型,parts/elbow_r_flex_M_disc_spring_0_0.step,,"SCHNORR 002100; 1 nested parallel per group, two groups opposed in series"
elbow_r_flex_M_disc_spring_1_0,elbow_r,采购碟簧,spring,1,SCHNORR 002100,,,,0.588 x 12.0 x 12.0,按弹簧型号和装配方向，不按 CAD 色彩选型,parts/elbow_r_flex_M_disc_spring_1_0.step,,"SCHNORR 002100; 1 nested parallel per group, two groups opposed in series"
elbow_r_flex_M_D_stop_cap,elbow_r,加工金属,aluminum,1,,,,,3.0 x 12.4 x 13.6,按 STEP 加工并检验配合；复杂框架先反馈 DFM,parts/elbow_r_flex_M_D_stop_cap.step,,Metal shoulder fixes nominal spring height; actual preload requires selected shims and a physical torque test
elbow_r_flex_M_M3x8_button_retainer,elbow_r,采购紧固件,titanium,1,SSB-M3-8-TI5,M3,8,button_head,5.7 x 5.7 x 9.65,按螺纹、长度、材料和实际头部包络一起核对,parts/elbow_r_flex_M_M3x8_button_retainer.step,,Accu SSB-M3-8-TI5 nominal head envelope; thread and bearing stress unqualified
elbow_r_flex_M_keyed_magnet_cup,elbow_r,加工金属,aluminum,1,,,,,7.55 x 16.4 x 16.4,按 STEP 加工并检验配合；复杂框架先反馈 DFM,parts/elbow_r_flex_M_keyed_magnet_cup.step,,External D key transmits angle; 0.05 mm nominal fit and two radial brass retainers
elbow_r_flex_M_cup_M2x4_0,elbow_r,采购紧固件,brass,1,,M2,4,screw_head_to_drawing,2.0 x 2.0 x 4.0,按螺纹、长度、材料和实际头部包络一起核对,parts/elbow_r_flex_M_cup_M2x4_0.step,,Thread envelope; slotted brass M2x4
elbow_r_flex_M_cup_M2x4_1,elbow_r,采购紧固件,brass,1,,M2,4,screw_head_to_drawing,2.0 x 2.0 x 4.0,按螺纹、长度、材料和实际头部包络一起核对,parts/elbow_r_flex_M_cup_M2x4_1.step,,Thread envelope; slotted brass M2x4
elbow_r_flex_M_diametric_magnet_6x2p5,elbow_r,采购标准件,magnet,1,AS5000-MD6H-2,,,,2.5 x 6.0 x 6.0,AS5000-MD6H-2 候选，Ø6×2.5 径向充磁，逐件核对磁场,parts/elbow_r_flex_M_diametric_magnet_6x2p5.step,,Diametric magnet; magnetic field and interference require bench qualification
elbow_r_flex_M_magnet_keeper,elbow_r,打印,frame,1,,,,,2.7 x 19.2 x 19.2,PLA 候选，按随件 STL 和切片复核要求,parts/elbow_r_flex_M_magnet_keeper.step,print_candidates/elbow_r_flex_M_magnet_keeper.stl,"1.2 mm radial wall, 0.20 mm nominal radial fit allowance, 0.8 mm face; mechanical retention outside sensor air gap"
elbow_r_flex_M_keeper_M2x3_0,elbow_r,采购紧固件,brass,1,,M2,3,screw_head_to_drawing,2.0 x 2.0 x 3.0,按螺纹、长度、材料和实际头部包络一起核对,parts/elbow_r_flex_M_keeper_M2x3_0.step,,Slotted brass M2x3 thread envelope
elbow_r_flex_M_keeper_M2x3_1,elbow_r,采购紧固件,brass,1,,M2,3,screw_head_to_drawing,2.0 x 2.0 x 3.0,按螺纹、长度、材料和实际头部包络一起核对,parts/elbow_r_flex_M_keeper_M2x3_1.step,,Slotted brass M2x3 thread envelope
elbow_r_flex_M_D_output_cleat,elbow_r,加工金属,aluminum,1,,,,,4.95 x 19.0 x 28.0,按 STEP 加工并检验配合；复杂框架先反馈 DFM,parts/elbow_r_flex_M_D_output_cleat.step,,"Two M3 attachment bores; drive on D-flat, axial retention by radial M2 into shaft"
elbow_r_flex_M_output_M2x6,elbow_r,采购紧固件,brass,1,,M2,6,screw_head_to_drawing,3.8 x 3.8 x 8.0,按螺纹、长度、材料和实际头部包络一起核对,parts/elbow_r_flex_M_output_M2x6.step,,Nominal M2x6 radial retainer; install before connecting distal segment
elbow_r_flex_M_board_post_0,upperarm_r,加工金属,brass,1,,,,,3.5 x 4.041 x 14.921,按 STEP 加工并检验配合；复杂框架先反馈 DFM,parts/elbow_r_flex_M_board_post_0.step,,Custom AF3.5 male/female M2 spacer; 2.5 mm nominal engagement in metal eye
elbow_r_flex_M_PCB_edge_saddle_0,upperarm_r,打印,frame,1,,,,,2.0 x 4.0 x 12.4,PLA 候选，按随件 STL 和切片复核要求,parts/elbow_r_flex_M_PCB_edge_saddle_0.step,print_candidates/elbow_r_flex_M_PCB_edge_saddle_0.stl,
elbow_r_flex_M_PCB_edge_cap_0,upperarm_r,加工塑料,nylon,1,,,,,0.8 x 4.0 x 12.4,POM-C / 未填充 PEEK / PA12 按材质分别加工；薄件不等同 PLA 打印,parts/elbow_r_flex_M_PCB_edge_cap_0.step,,
elbow_r_flex_M_PCB_M2x6_0,upperarm_r,采购紧固件,nylon,1,,M2,6,screw_head_to_drawing,3.8 x 3.8 x 8.0,按螺纹、长度、材料和实际头部包络一起核对,parts/elbow_r_flex_M_PCB_M2x6_0.step,,
elbow_r_flex_M_board_post_1,upperarm_r,加工金属,brass,1,,,,,3.5 x 4.041 x 14.921,按 STEP 加工并检验配合；复杂框架先反馈 DFM,parts/elbow_r_flex_M_board_post_1.step,,Custom AF3.5 male/female M2 spacer; 2.5 mm nominal engagement in metal eye
elbow_r_flex_M_PCB_edge_saddle_1,upperarm_r,打印,frame,1,,,,,2.0 x 4.0 x 12.4,PLA 候选，按随件 STL 和切片复核要求,parts/elbow_r_flex_M_PCB_edge_saddle_1.step,print_candidates/elbow_r_flex_M_PCB_edge_saddle_1.stl,
elbow_r_flex_M_PCB_edge_cap_1,upperarm_r,加工塑料,nylon,1,,,,,0.8 x 4.0 x 12.4,POM-C / 未填充 PEEK / PA12 按材质分别加工；薄件不等同 PLA 打印,parts/elbow_r_flex_M_PCB_edge_cap_1.step,,
elbow_r_flex_M_PCB_M2x6_1,upperarm_r,采购紧固件,nylon,1,,M2,6,screw_head_to_drawing,3.8 x 3.8 x 8.0,按螺纹、长度、材料和实际头部包络一起核对,parts/elbow_r_flex_M_PCB_M2x6_1.step,,
elbow_r_flex_M_pcb_AS5048A,upperarm_r,PCBA内含,pcb_component,1,,,,,1.0 x 5.0 x 6.4,按电子板成套，不按机械实体重复采购,parts/elbow_r_flex_M_pcb_AS5048A.step,,actual_KiCad_STEP
elbow_r_flex_M_pcb_C1,upperarm_r,PCBA内含,pcb_component,1,,,,,0.8 x 0.8 x 1.6,按电子板成套，不按机械实体重复采购,parts/elbow_r_flex_M_pcb_C1.step,,actual_KiCad_STEP
elbow_r_flex_M_pcb_C2,upperarm_r,PCBA内含,pcb_component,1,,,,,1.05 x 1.45 x 2.3,按电子板成套，不按机械实体重复采购,parts/elbow_r_flex_M_pcb_C2.step,,"Murata GRM219R61E106KA12D 10 uF 25 V X5R, max .95 mm body + .10 mm solder seating allocation"
elbow_r_flex_M_pcb_R1,upperarm_r,PCBA内含,pcb_component,1,,,,,0.45 x 0.8 x 1.6,按电子板成套，不按机械实体重复采购,parts/elbow_r_flex_M_pcb_R1.step,,actual_KiCad_STEP
elbow_r_flex_M_pcb_R2,upperarm_r,PCBA内含,pcb_component,1,,,,,0.45 x 0.8 x 1.6,按电子板成套，不按机械实体重复采购,parts/elbow_r_flex_M_pcb_R2.step,,actual_KiCad_STEP
elbow_r_flex_M_pcb_board,upperarm_r,PCBA内含,pcb,1,,,,,0.91 x 10.0 x 12.0,按电子板成套，不按机械实体重复采购,parts/elbow_r_flex_M_pcb_board.step,,actual_KiCad_STEP
elbow_r_flex_M_pcb_J1_dimension_envelope,upperarm_r,PCBA内含,pcb_component,1,,,,,3.3 x 9.4 x 9.6,按电子板成套，不按机械实体重复采购,parts/elbow_r_flex_M_pcb_J1_dimension_envelope.step,,"JST SM06B-SRSS-TB side-entry SH6, conservative 9.4 x9.6 x3.3 mm mated plug allocation; cable bend remains a separate harness requirement"
forearm_r_twist_M_fixed_metal_eye,elbow_r,加工金属,aluminum_7075,1,,,,,4.0 x 26.937 x 38.5,按 STEP 加工并检验配合；复杂框架先反馈 DFM,parts/forearm_r_twist_M_fixed_metal_eye.step,,"Machined 6061-T6 eye; 2 x M3 tapped mounting holes; friction lining reacts into this eye; integral angular travel guards reacting directly into bearing eye; D14.50 x0.85 upper retaining counterbore, flat Z3.15"
forearm_r_twist_M_radial_bush,elbow_r,加工塑料,pom,1,,,,,2.8 x 14.4 x 14.4,POM-C / 未填充 PEEK / PA12 按材质分别加工；薄件不等同 PLA 打印,parts/forearm_r_twist_M_radial_bush.step,,"D6 journal +0.06 mm nominal diametral clearance; not part of axial preload loop; D14.40 x0.70 flange at Z3.20..3.90, captured below thrust washer Z4.00; 0.15 total nominal axial float"
forearm_r_twist_M_friction_lining,elbow_r,加工塑料,peek,1,,,,,1.0 x 22.0 x 23.4,POM-C / 未填充 PEEK / PA12 按材质分别加工；薄件不等同 PLA 打印,parts/forearm_r_twist_M_friction_lining.step,,"1 mm replaceable lining with positive edge tabs; friction coefficient is an untested assumption; unfilled machined PEEK candidate, dry contact; actual torque and creep must be qualified"
forearm_r_twist_M_flanged_rotor_shaft,forearm_r,加工金属,aluminum_7075,1,,,,,17.926 x 24.0 x 24.0,按 STEP 加工并检验配合；复杂框架先反馈 DFM,parts/forearm_r_twist_M_flanged_rotor_shaft.step,,"Integral D6 drive, journal and friction flange; blind M3 end thread and M2 radial retention; no threaded running surface; integral load-bearing flange stop tab; magnetic cup is not a stop"
forearm_r_twist_M_thrust_wear_washer,elbow_r,采购标准件,ptfe_composite,1,PCMW 102001.5 E,,,,1.5 x 20.0 x 20.0,SKF PCMW 102001.5 E；以当前 STEP 尺寸核对,parts/forearm_r_twist_M_thrust_wear_washer.step,,SKF PCMW102001.5 E envelope; radial bush is unloaded axially
forearm_r_twist_M_spring_seat,forearm_r,加工金属,spring,1,,,,,0.5 x 20.0 x 20.0,按 STEP 加工并检验配合；复杂框架先反馈 DFM,parts/forearm_r_twist_M_spring_seat.step,,
forearm_r_twist_M_disc_spring_0_0,forearm_r,采购碟簧,spring,1,SCHNORR 002050,,,,0.463 x 12.5 x 12.5,按弹簧型号和装配方向，不按 CAD 色彩选型,parts/forearm_r_twist_M_disc_spring_0_0.step,,"SCHNORR 002050; 1 nested parallel per group, two groups opposed in series"
forearm_r_twist_M_disc_spring_1_0,forearm_r,采购碟簧,spring,1,SCHNORR 002050,,,,0.463 x 12.5 x 12.5,按弹簧型号和装配方向，不按 CAD 色彩选型,parts/forearm_r_twist_M_disc_spring_1_0.step,,"SCHNORR 002050; 1 nested parallel per group, two groups opposed in series"
forearm_r_twist_M_D_stop_cap,forearm_r,加工金属,aluminum,1,,,,,3.0 x 12.4 x 13.6,按 STEP 加工并检验配合；复杂框架先反馈 DFM,parts/forearm_r_twist_M_D_stop_cap.step,,Metal shoulder fixes nominal spring height; actual preload requires selected shims and a physical torque test
forearm_r_twist_M_M3x8_button_retainer,forearm_r,采购紧固件,titanium,1,SSB-M3-8-TI5,M3,8,button_head,5.7 x 5.7 x 9.65,按螺纹、长度、材料和实际头部包络一起核对,parts/forearm_r_twist_M_M3x8_button_retainer.step,,Accu SSB-M3-8-TI5 nominal head envelope; thread and bearing stress unqualified
forearm_r_twist_M_keyed_magnet_cup,forearm_r,加工金属,aluminum,1,,,,,7.55 x 16.4 x 16.4,按 STEP 加工并检验配合；复杂框架先反馈 DFM,parts/forearm_r_twist_M_keyed_magnet_cup.step,,External D key transmits angle; 0.05 mm nominal fit and two radial brass retainers
forearm_r_twist_M_cup_M2x4_0,forearm_r,采购紧固件,brass,1,,M2,4,screw_head_to_drawing,2.0 x 2.0 x 4.0,按螺纹、长度、材料和实际头部包络一起核对,parts/forearm_r_twist_M_cup_M2x4_0.step,,Thread envelope; slotted brass M2x4
forearm_r_twist_M_cup_M2x4_1,forearm_r,采购紧固件,brass,1,,M2,4,screw_head_to_drawing,2.0 x 2.0 x 4.0,按螺纹、长度、材料和实际头部包络一起核对,parts/forearm_r_twist_M_cup_M2x4_1.step,,Thread envelope; slotted brass M2x4
forearm_r_twist_M_diametric_magnet_6x2p5,forearm_r,采购标准件,magnet,1,AS5000-MD6H-2,,,,2.5 x 6.0 x 6.0,AS5000-MD6H-2 候选，Ø6×2.5 径向充磁，逐件核对磁场,parts/forearm_r_twist_M_diametric_magnet_6x2p5.step,,Diametric magnet; magnetic field and interference require bench qualification
forearm_r_twist_M_magnet_keeper,forearm_r,打印,frame,1,,,,,2.7 x 19.2 x 19.2,PLA 候选，按随件 STL 和切片复核要求,parts/forearm_r_twist_M_magnet_keeper.step,print_candidates/forearm_r_twist_M_magnet_keeper.stl,"1.2 mm radial wall, 0.20 mm nominal radial fit allowance, 0.8 mm face; mechanical retention outside sensor air gap"
forearm_r_twist_M_keeper_M2x3_0,forearm_r,采购紧固件,brass,1,,M2,3,screw_head_to_drawing,2.0 x 2.0 x 3.0,按螺纹、长度、材料和实际头部包络一起核对,parts/forearm_r_twist_M_keeper_M2x3_0.step,,Slotted brass M2x3 thread envelope
forearm_r_twist_M_keeper_M2x3_1,forearm_r,采购紧固件,brass,1,,M2,3,screw_head_to_drawing,2.0 x 2.0 x 3.0,按螺纹、长度、材料和实际头部包络一起核对,parts/forearm_r_twist_M_keeper_M2x3_1.step,,Slotted brass M2x3 thread envelope
forearm_r_twist_M_D_output_cleat,forearm_r,加工金属,aluminum,1,,,,,4.95 x 19.0 x 26.0,按 STEP 加工并检验配合；复杂框架先反馈 DFM,parts/forearm_r_twist_M_D_output_cleat.step,,"Two M3 attachment bores; drive on D-flat, axial retention by radial M2 into shaft"
forearm_r_twist_M_output_M2x6,forearm_r,采购紧固件,brass,1,,M2,6,screw_head_to_drawing,3.8 x 3.8 x 8.0,按螺纹、长度、材料和实际头部包络一起核对,parts/forearm_r_twist_M_output_M2x6.step,,Nominal M2x6 radial retainer; install before connecting distal segment
forearm_r_twist_M_board_post_0,elbow_r,加工金属,brass,1,,,,,3.5 x 4.041 x 14.671,按 STEP 加工并检验配合；复杂框架先反馈 DFM,parts/forearm_r_twist_M_board_post_0.step,,Custom AF3.5 male/female M2 spacer; 2.5 mm nominal engagement in metal eye
forearm_r_twist_M_PCB_edge_saddle_0,elbow_r,打印,frame,1,,,,,2.0 x 4.0 x 10.4,PLA 候选，按随件 STL 和切片复核要求,parts/forearm_r_twist_M_PCB_edge_saddle_0.step,print_candidates/forearm_r_twist_M_PCB_edge_saddle_0.stl,
forearm_r_twist_M_PCB_edge_cap_0,elbow_r,加工塑料,nylon,1,,,,,0.8 x 4.0 x 10.4,POM-C / 未填充 PEEK / PA12 按材质分别加工；薄件不等同 PLA 打印,parts/forearm_r_twist_M_PCB_edge_cap_0.step,,
forearm_r_twist_M_PCB_M2x6_0,elbow_r,采购紧固件,nylon,1,,M2,6,screw_head_to_drawing,3.8 x 3.8 x 8.0,按螺纹、长度、材料和实际头部包络一起核对,parts/forearm_r_twist_M_PCB_M2x6_0.step,,
forearm_r_twist_M_board_post_1,elbow_r,加工金属,brass,1,,,,,3.5 x 4.041 x 14.671,按 STEP 加工并检验配合；复杂框架先反馈 DFM,parts/forearm_r_twist_M_board_post_1.step,,Custom AF3.5 male/female M2 spacer; 2.5 mm nominal engagement in metal eye
forearm_r_twist_M_PCB_edge_saddle_1,elbow_r,打印,frame,1,,,,,2.0 x 4.0 x 10.4,PLA 候选，按随件 STL 和切片复核要求,parts/forearm_r_twist_M_PCB_edge_saddle_1.step,print_candidates/forearm_r_twist_M_PCB_edge_saddle_1.stl,
forearm_r_twist_M_PCB_edge_cap_1,elbow_r,加工塑料,nylon,1,,,,,0.8 x 4.0 x 10.4,POM-C / 未填充 PEEK / PA12 按材质分别加工；薄件不等同 PLA 打印,parts/forearm_r_twist_M_PCB_edge_cap_1.step,,
forearm_r_twist_M_PCB_M2x6_1,elbow_r,采购紧固件,nylon,1,,M2,6,screw_head_to_drawing,3.8 x 3.8 x 8.0,按螺纹、长度、材料和实际头部包络一起核对,parts/forearm_r_twist_M_PCB_M2x6_1.step,,
forearm_r_twist_M_pcb_AS5048A,elbow_r,PCBA内含,pcb_component,1,,,,,1.0 x 5.0 x 6.4,按电子板成套，不按机械实体重复采购,parts/forearm_r_twist_M_pcb_AS5048A.step,,actual_KiCad_STEP
forearm_r_twist_M_pcb_C1,elbow_r,PCBA内含,pcb_component,1,,,,,0.8 x 0.8 x 1.6,按电子板成套，不按机械实体重复采购,parts/forearm_r_twist_M_pcb_C1.step,,actual_KiCad_STEP
forearm_r_twist_M_pcb_C2,elbow_r,PCBA内含,pcb_component,1,,,,,1.05 x 1.45 x 2.3,按电子板成套，不按机械实体重复采购,parts/forearm_r_twist_M_pcb_C2.step,,"Murata GRM219R61E106KA12D 10 uF 25 V X5R, max .95 mm body + .10 mm solder seating allocation"
forearm_r_twist_M_pcb_R1,elbow_r,PCBA内含,pcb_component,1,,,,,0.45 x 0.8 x 1.6,按电子板成套，不按机械实体重复采购,parts/forearm_r_twist_M_pcb_R1.step,,actual_KiCad_STEP
forearm_r_twist_M_pcb_R2,elbow_r,PCBA内含,pcb_component,1,,,,,0.45 x 0.8 x 1.6,按电子板成套，不按机械实体重复采购,parts/forearm_r_twist_M_pcb_R2.step,,actual_KiCad_STEP
forearm_r_twist_M_pcb_board,elbow_r,PCBA内含,pcb,1,,,,,0.91 x 10.0 x 12.0,按电子板成套，不按机械实体重复采购,parts/forearm_r_twist_M_pcb_board.step,,actual_KiCad_STEP
forearm_r_twist_M_pcb_J1_dimension_envelope,elbow_r,PCBA内含,pcb_component,1,,,,,3.3 x 9.4 x 9.6,按电子板成套，不按机械实体重复采购,parts/forearm_r_twist_M_pcb_J1_dimension_envelope.step,,"JST SM06B-SRSS-TB side-entry SH6, conservative 9.4 x9.6 x3.3 mm mated plug allocation; cable bend remains a separate harness requirement"
elbow_r_flex_M_fixed_mount_M3x8_0,upperarm_r,采购紧固件,metal,1,,M3,8,screw_head_to_drawing,5.5 x 5.5 x 11.0,按螺纹、长度、材料和实际头部包络一起核对,parts/elbow_r_flex_M_fixed_mount_M3x8_0.step,,M3x8 from outer carrier face into metal eye; 3 mm nominal threaded engagement
elbow_r_flex_M_fixed_mount_M3x8_1,upperarm_r,采购紧固件,metal,1,,M3,8,screw_head_to_drawing,5.5 x 5.5 x 11.0,按螺纹、长度、材料和实际头部包络一起核对,parts/elbow_r_flex_M_fixed_mount_M3x8_1.step,,M3x8 from outer carrier face into metal eye; 3 mm nominal threaded engagement
elbow_r_flex_M_upperarm_carrier,upperarm_r,打印,frame,1,,,,,20.0 x 23.0 x 99.95,PLA 候选，按随件 STL 和切片复核要求,parts/elbow_r_flex_M_upperarm_carrier.step,print_candidates/elbow_r_flex_M_upperarm_carrier.stl,One printed carrier includes the existing Rev K keyed shoulder coupling and its radial retainer interface; closed local shell lugs and M2.4 through bores
elbow_r_flex_M_rotor_mount_M3x12_0,elbow_r,采购紧固件,metal,1,,M3,12,screw_head_to_drawing,5.5 x 5.5 x 15.0,按螺纹、长度、材料和实际头部包络一起核对,parts/elbow_r_flex_M_rotor_mount_M3x12_0.step,,M3x12 socket screw; unmodelled helical thread
elbow_r_flex_M_rotor_mount_nut_M3_0,elbow_r,采购紧固件,metal,1,,M3,,hex_nut,2.4 x 5.5 x 6.351,按螺纹、长度、材料和实际头部包络一起核对,parts/elbow_r_flex_M_rotor_mount_nut_M3_0.step,,M3 nut envelope; removable thread locking method pending
elbow_r_flex_M_rotor_mount_M3x12_1,elbow_r,采购紧固件,metal,1,,M3,12,screw_head_to_drawing,5.5 x 5.5 x 15.0,按螺纹、长度、材料和实际头部包络一起核对,parts/elbow_r_flex_M_rotor_mount_M3x12_1.step,,M3x12 socket screw; unmodelled helical thread
elbow_r_flex_M_rotor_mount_nut_M3_1,elbow_r,采购紧固件,metal,1,,M3,,hex_nut,2.4 x 5.5 x 6.351,按螺纹、长度、材料和实际头部包络一起核对,parts/elbow_r_flex_M_rotor_mount_nut_M3_1.step,,M3 nut envelope; removable thread locking method pending
forearm_r_twist_M_fixed_mount_M3x8_0,elbow_r,采购紧固件,metal,1,,M3,8,screw_head_to_drawing,5.5 x 5.5 x 11.0,按螺纹、长度、材料和实际头部包络一起核对,parts/forearm_r_twist_M_fixed_mount_M3x8_0.step,,M3x8 from outer carrier face into metal eye; 3 mm nominal threaded engagement
forearm_r_twist_M_fixed_mount_M3x8_1,elbow_r,采购紧固件,metal,1,,M3,8,screw_head_to_drawing,5.5 x 5.5 x 11.0,按螺纹、长度、材料和实际头部包络一起核对,parts/forearm_r_twist_M_fixed_mount_M3x8_1.step,,M3x8 from outer carrier face into metal eye; 3 mm nominal threaded engagement
elbow_r_flex_M_proximal_forearm,elbow_r,打印,frame,1,,,,,20.0 x 43.0 x 46.715,PLA 候选，按随件 STL 和切片复核要求,parts/elbow_r_flex_M_proximal_forearm.step,print_candidates/elbow_r_flex_M_proximal_forearm.stl,Direct elbow and axial forearm rotation share a single printed proximal carrier; rounded underside pocket gives 0.6 mm nominal SH plug clearance; upper load bridge retained
forearm_r_twist_M_rotor_mount_M3x12_0,forearm_r,采购紧固件,metal,1,,M3,12,screw_head_to_drawing,5.5 x 5.5 x 15.0,按螺纹、长度、材料和实际头部包络一起核对,parts/forearm_r_twist_M_rotor_mount_M3x12_0.step,,M3x12 socket screw; unmodelled helical thread
forearm_r_twist_M_rotor_mount_nut_M3_0,forearm_r,采购紧固件,metal,1,,M3,,hex_nut,2.4 x 5.5 x 6.351,按螺纹、长度、材料和实际头部包络一起核对,parts/forearm_r_twist_M_rotor_mount_nut_M3_0.step,,M3 nut envelope; removable thread locking method pending
forearm_r_twist_M_rotor_mount_M3x12_1,forearm_r,采购紧固件,metal,1,,M3,12,screw_head_to_drawing,5.5 x 5.5 x 15.0,按螺纹、长度、材料和实际头部包络一起核对,parts/forearm_r_twist_M_rotor_mount_M3x12_1.step,,M3x12 socket screw; unmodelled helical thread
forearm_r_twist_M_rotor_mount_nut_M3_1,forearm_r,采购紧固件,metal,1,,M3,,hex_nut,2.4 x 5.5 x 6.351,按螺纹、长度、材料和实际头部包络一起核对,parts/forearm_r_twist_M_rotor_mount_nut_M3_1.step,,M3 nut envelope; removable thread locking method pending
forearm_r_twist_M_distal_forearm_carrier,forearm_r,打印,frame,1,,,,,45.0 x 46.0 x 92.713,PLA 候选，按随件 STL 和切片复核要求,parts/forearm_r_twist_M_distal_forearm_carrier.step,print_candidates/forearm_r_twist_M_distal_forearm_carrier.stl,PLA candidate with explicit mount pads; print fit and fatigue untested; integrated wrist flex mounting pad and two 6 mm branches; closed local shell lugs and M2.4 through bores
r_arm_forearm_shell_front_distal,forearm_r,打印,shell,1,,,,,10.142 x 16.211 x 32.879,PLA 候选，按随件 STL 和切片复核要求,parts/r_arm_forearm_shell_front_distal.step,print_candidates/r_arm_forearm_shell_front_distal.stl,"1.8 mm partial rigid arm cover; one M2x20 through captive rear nuts into closed centreline rail lugs; front straight hex access, remove before servicing joints; pose clearance sampled digitally"
r_arm_forearm_shell_back_distal,forearm_r,打印,shell,1,,,,,15.142 x 18.707 x 32.99,PLA 候选，按随件 STL 和切片复核要求,parts/r_arm_forearm_shell_back_distal.step,print_candidates/r_arm_forearm_shell_back_distal.stl,"1.8 mm partial rigid arm cover; one M2x20 through captive rear nuts into closed centreline rail lugs; front straight hex access, remove before servicing joints; pose clearance sampled digitally"
hand_l_flex_M_fixed_metal_eye,forearm_l,加工金属,aluminum_7075,1,,,,,4.0 x 26.127 x 38.5,按 STEP 加工并检验配合；复杂框架先反馈 DFM,parts/hand_l_flex_M_fixed_metal_eye.step,,"Machined 6061-T6 eye; 2 x M3 tapped mounting holes; friction lining reacts into this eye; integral angular travel guards reacting directly into bearing eye; D14.50 x0.85 upper retaining counterbore, flat Z3.15"
hand_l_flex_M_radial_bush,forearm_l,加工塑料,pom,1,,,,,2.8 x 14.4 x 14.4,POM-C / 未填充 PEEK / PA12 按材质分别加工；薄件不等同 PLA 打印,parts/hand_l_flex_M_radial_bush.step,,"D6 journal +0.06 mm nominal diametral clearance; not part of axial preload loop; D14.40 x0.70 flange at Z3.20..3.90, captured below thrust washer Z4.00; 0.15 total nominal axial float"
hand_l_flex_M_friction_lining,forearm_l,加工塑料,peek,1,,,,,1.0 x 22.0 x 23.4,POM-C / 未填充 PEEK / PA12 按材质分别加工；薄件不等同 PLA 打印,parts/hand_l_flex_M_friction_lining.step,,"1 mm replaceable lining with positive edge tabs; friction coefficient is an untested assumption; unfilled machined PEEK candidate, dry contact; actual torque and creep must be qualified"
hand_l_flex_M_flanged_rotor_shaft,hand_l.flex_frame,加工金属,aluminum_7075,1,,,,,17.926 x 24.0 x 24.0,按 STEP 加工并检验配合；复杂框架先反馈 DFM,parts/hand_l_flex_M_flanged_rotor_shaft.step,,"Integral D6 drive, journal and friction flange; blind M3 end thread and M2 radial retention; no threaded running surface; integral load-bearing flange stop tab; magnetic cup is not a stop"
hand_l_flex_M_thrust_wear_washer,forearm_l,采购标准件,ptfe_composite,1,PCMW 102001.5 E,,,,1.5 x 20.0 x 20.0,SKF PCMW 102001.5 E；以当前 STEP 尺寸核对,parts/hand_l_flex_M_thrust_wear_washer.step,,SKF PCMW102001.5 E envelope; radial bush is unloaded axially
hand_l_flex_M_spring_seat,hand_l.flex_frame,加工金属,spring,1,,,,,0.5 x 20.0 x 20.0,按 STEP 加工并检验配合；复杂框架先反馈 DFM,parts/hand_l_flex_M_spring_seat.step,,
hand_l_flex_M_disc_spring_0_0,hand_l.flex_frame,采购碟簧,spring,1,SCHNORR 002050,,,,0.463 x 12.5 x 12.5,按弹簧型号和装配方向，不按 CAD 色彩选型,parts/hand_l_flex_M_disc_spring_0_0.step,,"SCHNORR 002050; 1 nested parallel per group, two groups opposed in series"
hand_l_flex_M_disc_spring_1_0,hand_l.flex_frame,采购碟簧,spring,1,SCHNORR 002050,,,,0.463 x 12.5 x 12.5,按弹簧型号和装配方向，不按 CAD 色彩选型,parts/hand_l_flex_M_disc_spring_1_0.step,,"SCHNORR 002050; 1 nested parallel per group, two groups opposed in series"
hand_l_flex_M_D_stop_cap,hand_l.flex_frame,加工金属,aluminum,1,,,,,3.0 x 12.4 x 13.6,按 STEP 加工并检验配合；复杂框架先反馈 DFM,parts/hand_l_flex_M_D_stop_cap.step,,Metal shoulder fixes nominal spring height; actual preload requires selected shims and a physical torque test
hand_l_flex_M_M3x8_button_retainer,hand_l.flex_frame,采购紧固件,titanium,1,SSB-M3-8-TI5,M3,8,button_head,5.7 x 5.7 x 9.65,按螺纹、长度、材料和实际头部包络一起核对,parts/hand_l_flex_M_M3x8_button_retainer.step,,Accu SSB-M3-8-TI5 nominal head envelope; thread and bearing stress unqualified
hand_l_flex_M_keyed_magnet_cup,hand_l.flex_frame,加工金属,aluminum,1,,,,,7.55 x 16.4 x 16.4,按 STEP 加工并检验配合；复杂框架先反馈 DFM,parts/hand_l_flex_M_keyed_magnet_cup.step,,External D key transmits angle; 0.05 mm nominal fit and two radial brass retainers
hand_l_flex_M_cup_M2x4_0,hand_l.flex_frame,采购紧固件,brass,1,,M2,4,screw_head_to_drawing,2.0 x 2.0 x 4.0,按螺纹、长度、材料和实际头部包络一起核对,parts/hand_l_flex_M_cup_M2x4_0.step,,Thread envelope; slotted brass M2x4
hand_l_flex_M_cup_M2x4_1,hand_l.flex_frame,采购紧固件,brass,1,,M2,4,screw_head_to_drawing,2.0 x 2.0 x 4.0,按螺纹、长度、材料和实际头部包络一起核对,parts/hand_l_flex_M_cup_M2x4_1.step,,Thread envelope; slotted brass M2x4
hand_l_flex_M_diametric_magnet_6x2p5,hand_l.flex_frame,采购标准件,magnet,1,AS5000-MD6H-2,,,,2.5 x 6.0 x 6.0,AS5000-MD6H-2 候选，Ø6×2.5 径向充磁，逐件核对磁场,parts/hand_l_flex_M_diametric_magnet_6x2p5.step,,Diametric magnet; magnetic field and interference require bench qualification
hand_l_flex_M_magnet_keeper,hand_l.flex_frame,打印,frame,1,,,,,2.7 x 19.2 x 19.2,PLA 候选，按随件 STL 和切片复核要求,parts/hand_l_flex_M_magnet_keeper.step,print_candidates/hand_l_flex_M_magnet_keeper.stl,"1.2 mm radial wall, 0.20 mm nominal radial fit allowance, 0.8 mm face; mechanical retention outside sensor air gap"
hand_l_flex_M_keeper_M2x3_0,hand_l.flex_frame,采购紧固件,brass,1,,M2,3,screw_head_to_drawing,2.0 x 2.0 x 3.0,按螺纹、长度、材料和实际头部包络一起核对,parts/hand_l_flex_M_keeper_M2x3_0.step,,Slotted brass M2x3 thread envelope
hand_l_flex_M_keeper_M2x3_1,hand_l.flex_frame,采购紧固件,brass,1,,M2,3,screw_head_to_drawing,2.0 x 2.0 x 3.0,按螺纹、长度、材料和实际头部包络一起核对,parts/hand_l_flex_M_keeper_M2x3_1.step,,Slotted brass M2x3 thread envelope
hand_l_flex_M_D_output_cleat,hand_l.flex_frame,加工金属,aluminum,1,,,,,4.95 x 19.0 x 26.0,按 STEP 加工并检验配合；复杂框架先反馈 DFM,parts/hand_l_flex_M_D_output_cleat.step,,"Two M3 attachment bores; drive on D-flat, axial retention by radial M2 into shaft"
hand_l_flex_M_output_M2x6,hand_l.flex_frame,采购紧固件,brass,1,,M2,6,screw_head_to_drawing,3.8 x 3.8 x 8.0,按螺纹、长度、材料和实际头部包络一起核对,parts/hand_l_flex_M_output_M2x6.step,,Nominal M2x6 radial retainer; install before connecting distal segment
hand_l_flex_M_board_post_0,forearm_l,加工金属,brass,1,,,,,3.5 x 4.041 x 14.671,按 STEP 加工并检验配合；复杂框架先反馈 DFM,parts/hand_l_flex_M_board_post_0.step,,Custom AF3.5 male/female M2 spacer; 2.5 mm nominal engagement in metal eye
hand_l_flex_M_PCB_edge_saddle_0,forearm_l,打印,frame,1,,,,,2.0 x 4.0 x 10.4,PLA 候选，按随件 STL 和切片复核要求,parts/hand_l_flex_M_PCB_edge_saddle_0.step,print_candidates/hand_l_flex_M_PCB_edge_saddle_0.stl,
hand_l_flex_M_PCB_edge_cap_0,forearm_l,加工塑料,nylon,1,,,,,0.8 x 4.0 x 10.4,POM-C / 未填充 PEEK / PA12 按材质分别加工；薄件不等同 PLA 打印,parts/hand_l_flex_M_PCB_edge_cap_0.step,,
hand_l_flex_M_PCB_M2x6_0,forearm_l,采购紧固件,nylon,1,,M2,6,screw_head_to_drawing,3.8 x 3.8 x 8.0,按螺纹、长度、材料和实际头部包络一起核对,parts/hand_l_flex_M_PCB_M2x6_0.step,,
hand_l_flex_M_board_post_1,forearm_l,加工金属,brass,1,,,,,3.5 x 4.041 x 14.671,按 STEP 加工并检验配合；复杂框架先反馈 DFM,parts/hand_l_flex_M_board_post_1.step,,Custom AF3.5 male/female M2 spacer; 2.5 mm nominal engagement in metal eye
hand_l_flex_M_PCB_edge_saddle_1,forearm_l,打印,frame,1,,,,,2.0 x 4.0 x 10.4,PLA 候选，按随件 STL 和切片复核要求,parts/hand_l_flex_M_PCB_edge_saddle_1.step,print_candidates/hand_l_flex_M_PCB_edge_saddle_1.stl,
hand_l_flex_M_PCB_edge_cap_1,forearm_l,加工塑料,nylon,1,,,,,0.8 x 4.0 x 10.4,POM-C / 未填充 PEEK / PA12 按材质分别加工；薄件不等同 PLA 打印,parts/hand_l_flex_M_PCB_edge_cap_1.step,,
hand_l_flex_M_PCB_M2x6_1,forearm_l,采购紧固件,nylon,1,,M2,6,screw_head_to_drawing,3.8 x 3.8 x 8.0,按螺纹、长度、材料和实际头部包络一起核对,parts/hand_l_flex_M_PCB_M2x6_1.step,,
hand_l_flex_M_pcb_AS5048A,forearm_l,PCBA内含,pcb_component,1,,,,,1.0 x 5.0 x 6.4,按电子板成套，不按机械实体重复采购,parts/hand_l_flex_M_pcb_AS5048A.step,,actual_KiCad_STEP
hand_l_flex_M_pcb_C1,forearm_l,PCBA内含,pcb_component,1,,,,,0.8 x 0.8 x 1.6,按电子板成套，不按机械实体重复采购,parts/hand_l_flex_M_pcb_C1.step,,actual_KiCad_STEP
hand_l_flex_M_pcb_C2,forearm_l,PCBA内含,pcb_component,1,,,,,1.05 x 1.45 x 2.3,按电子板成套，不按机械实体重复采购,parts/hand_l_flex_M_pcb_C2.step,,"Murata GRM219R61E106KA12D 10 uF 25 V X5R, max .95 mm body + .10 mm solder seating allocation"
hand_l_flex_M_pcb_R1,forearm_l,PCBA内含,pcb_component,1,,,,,0.45 x 0.8 x 1.6,按电子板成套，不按机械实体重复采购,parts/hand_l_flex_M_pcb_R1.step,,actual_KiCad_STEP
hand_l_flex_M_pcb_R2,forearm_l,PCBA内含,pcb_component,1,,,,,0.45 x 0.8 x 1.6,按电子板成套，不按机械实体重复采购,parts/hand_l_flex_M_pcb_R2.step,,actual_KiCad_STEP
hand_l_flex_M_pcb_board,forearm_l,PCBA内含,pcb,1,,,,,0.91 x 10.0 x 12.0,按电子板成套，不按机械实体重复采购,parts/hand_l_flex_M_pcb_board.step,,actual_KiCad_STEP
hand_l_flex_M_pcb_J1_dimension_envelope,forearm_l,PCBA内含,pcb_component,1,,,,,3.3 x 9.4 x 9.6,按电子板成套，不按机械实体重复采购,parts/hand_l_flex_M_pcb_J1_dimension_envelope.step,,"JST SM06B-SRSS-TB side-entry SH6, conservative 9.4 x9.6 x3.3 mm mated plug allocation; cable bend remains a separate harness requirement"
hand_l_deviate_M_fixed_metal_eye,hand_l.flex_frame,加工金属,aluminum_7075,1,,,,,4.0 x 32.0 x 36.215,按 STEP 加工并检验配合；复杂框架先反馈 DFM,parts/hand_l_deviate_M_fixed_metal_eye.step,,"Machined 6061-T6 eye; 2 x M3 tapped mounting holes; friction lining reacts into this eye; integral angular travel guards reacting directly into bearing eye; D14.50 x0.85 upper retaining counterbore, flat Z3.15"
hand_l_deviate_M_radial_bush,hand_l.flex_frame,加工塑料,pom,1,,,,,2.8 x 14.4 x 14.4,POM-C / 未填充 PEEK / PA12 按材质分别加工；薄件不等同 PLA 打印,parts/hand_l_deviate_M_radial_bush.step,,"D6 journal +0.06 mm nominal diametral clearance; not part of axial preload loop; D14.40 x0.70 flange at Z3.20..3.90, captured below thrust washer Z4.00; 0.15 total nominal axial float"
hand_l_deviate_M_friction_lining,hand_l.flex_frame,加工塑料,peek,1,,,,,1.0 x 22.0 x 23.4,POM-C / 未填充 PEEK / PA12 按材质分别加工；薄件不等同 PLA 打印,parts/hand_l_deviate_M_friction_lining.step,,"1 mm replaceable lining with positive edge tabs; friction coefficient is an untested assumption; unfilled machined PEEK candidate, dry contact; actual torque and creep must be qualified"
hand_l_deviate_M_flanged_rotor_shaft,hand_l,加工金属,aluminum_7075,1,,,,,17.926 x 24.0 x 27.0,按 STEP 加工并检验配合；复杂框架先反馈 DFM,parts/hand_l_deviate_M_flanged_rotor_shaft.step,,"Integral D6 drive, journal and friction flange; blind M3 end thread and M2 radial retention; no threaded running surface; integral load-bearing flange stop tab; magnetic cup is not a stop"
hand_l_deviate_M_thrust_wear_washer,hand_l.flex_frame,采购标准件,ptfe_composite,1,PCMW 102001.5 E,,,,1.5 x 20.0 x 20.0,SKF PCMW 102001.5 E；以当前 STEP 尺寸核对,parts/hand_l_deviate_M_thrust_wear_washer.step,,SKF PCMW102001.5 E envelope; radial bush is unloaded axially
hand_l_deviate_M_spring_seat,hand_l,加工金属,spring,1,,,,,0.5 x 20.0 x 20.0,按 STEP 加工并检验配合；复杂框架先反馈 DFM,parts/hand_l_deviate_M_spring_seat.step,,
hand_l_deviate_M_disc_spring_0_0,hand_l,采购碟簧,spring,1,SCHNORR 002050,,,,0.463 x 12.5 x 12.5,按弹簧型号和装配方向，不按 CAD 色彩选型,parts/hand_l_deviate_M_disc_spring_0_0.step,,"SCHNORR 002050; 1 nested parallel per group, two groups opposed in series"
hand_l_deviate_M_disc_spring_1_0,hand_l,采购碟簧,spring,1,SCHNORR 002050,,,,0.463 x 12.5 x 12.5,按弹簧型号和装配方向，不按 CAD 色彩选型,parts/hand_l_deviate_M_disc_spring_1_0.step,,"SCHNORR 002050; 1 nested parallel per group, two groups opposed in series"
hand_l_deviate_M_D_stop_cap,hand_l,加工金属,aluminum,1,,,,,3.0 x 12.4 x 13.6,按 STEP 加工并检验配合；复杂框架先反馈 DFM,parts/hand_l_deviate_M_D_stop_cap.step,,Metal shoulder fixes nominal spring height; actual preload requires selected shims and a physical torque test
hand_l_deviate_M_M3x8_button_retainer,hand_l,采购紧固件,titanium,1,SSB-M3-8-TI5,M3,8,button_head,5.7 x 5.7 x 9.65,按螺纹、长度、材料和实际头部包络一起核对,parts/hand_l_deviate_M_M3x8_button_retainer.step,,Accu SSB-M3-8-TI5 nominal head envelope; thread and bearing stress unqualified
hand_l_deviate_M_keyed_magnet_cup,hand_l,加工金属,aluminum,1,,,,,7.55 x 16.4 x 16.4,按 STEP 加工并检验配合；复杂框架先反馈 DFM,parts/hand_l_deviate_M_keyed_magnet_cup.step,,External D key transmits angle; 0.05 mm nominal fit and two radial brass retainers
hand_l_deviate_M_cup_M2x4_0,hand_l,采购紧固件,brass,1,,M2,4,screw_head_to_drawing,2.0 x 2.0 x 4.0,按螺纹、长度、材料和实际头部包络一起核对,parts/hand_l_deviate_M_cup_M2x4_0.step,,Thread envelope; slotted brass M2x4
hand_l_deviate_M_cup_M2x4_1,hand_l,采购紧固件,brass,1,,M2,4,screw_head_to_drawing,2.0 x 2.0 x 4.0,按螺纹、长度、材料和实际头部包络一起核对,parts/hand_l_deviate_M_cup_M2x4_1.step,,Thread envelope; slotted brass M2x4
hand_l_deviate_M_diametric_magnet_6x2p5,hand_l,采购标准件,magnet,1,AS5000-MD6H-2,,,,2.5 x 6.0 x 6.0,AS5000-MD6H-2 候选，Ø6×2.5 径向充磁，逐件核对磁场,parts/hand_l_deviate_M_diametric_magnet_6x2p5.step,,Diametric magnet; magnetic field and interference require bench qualification
hand_l_deviate_M_magnet_keeper,hand_l,打印,frame,1,,,,,2.7 x 19.2 x 19.2,PLA 候选，按随件 STL 和切片复核要求,parts/hand_l_deviate_M_magnet_keeper.step,print_candidates/hand_l_deviate_M_magnet_keeper.stl,"1.2 mm radial wall, 0.20 mm nominal radial fit allowance, 0.8 mm face; mechanical retention outside sensor air gap"
hand_l_deviate_M_keeper_M2x3_0,hand_l,采购紧固件,brass,1,,M2,3,screw_head_to_drawing,2.0 x 2.0 x 3.0,按螺纹、长度、材料和实际头部包络一起核对,parts/hand_l_deviate_M_keeper_M2x3_0.step,,Slotted brass M2x3 thread envelope
hand_l_deviate_M_keeper_M2x3_1,hand_l,采购紧固件,brass,1,,M2,3,screw_head_to_drawing,2.0 x 2.0 x 3.0,按螺纹、长度、材料和实际头部包络一起核对,parts/hand_l_deviate_M_keeper_M2x3_1.step,,Slotted brass M2x3 thread envelope
hand_l_deviate_M_D_output_cleat,hand_l,加工金属,aluminum,1,,,,,4.95 x 19.0 x 26.0,按 STEP 加工并检验配合；复杂框架先反馈 DFM,parts/hand_l_deviate_M_D_output_cleat.step,,"Two M3 attachment bores; drive on D-flat, axial retention by radial M2 into shaft"
hand_l_deviate_M_output_M2x6,hand_l,采购紧固件,brass,1,,M2,6,screw_head_to_drawing,3.8 x 3.8 x 8.0,按螺纹、长度、材料和实际头部包络一起核对,parts/hand_l_deviate_M_output_M2x6.step,,Nominal M2x6 radial retainer; install before connecting distal segment
hand_l_deviate_M_board_post_0,hand_l.flex_frame,加工金属,brass,1,,,,,3.5 x 4.041 x 14.671,按 STEP 加工并检验配合；复杂框架先反馈 DFM,parts/hand_l_deviate_M_board_post_0.step,,Custom AF3.5 male/female M2 spacer; 2.5 mm nominal engagement in metal eye
hand_l_deviate_M_PCB_edge_saddle_0,hand_l.flex_frame,打印,frame,1,,,,,2.0 x 4.0 x 10.4,PLA 候选，按随件 STL 和切片复核要求,parts/hand_l_deviate_M_PCB_edge_saddle_0.step,print_candidates/hand_l_deviate_M_PCB_edge_saddle_0.stl,
hand_l_deviate_M_PCB_edge_cap_0,hand_l.flex_frame,加工塑料,nylon,1,,,,,0.8 x 4.0 x 10.4,POM-C / 未填充 PEEK / PA12 按材质分别加工；薄件不等同 PLA 打印,parts/hand_l_deviate_M_PCB_edge_cap_0.step,,
hand_l_deviate_M_PCB_M2x6_0,hand_l.flex_frame,采购紧固件,nylon,1,,M2,6,screw_head_to_drawing,3.8 x 3.8 x 8.0,按螺纹、长度、材料和实际头部包络一起核对,parts/hand_l_deviate_M_PCB_M2x6_0.step,,
hand_l_deviate_M_board_post_1,hand_l.flex_frame,加工金属,brass,1,,,,,3.5 x 4.041 x 14.671,按 STEP 加工并检验配合；复杂框架先反馈 DFM,parts/hand_l_deviate_M_board_post_1.step,,Custom AF3.5 male/female M2 spacer; 2.5 mm nominal engagement in metal eye
hand_l_deviate_M_PCB_edge_saddle_1,hand_l.flex_frame,打印,frame,1,,,,,2.0 x 4.0 x 10.4,PLA 候选，按随件 STL 和切片复核要求,parts/hand_l_deviate_M_PCB_edge_saddle_1.step,print_candidates/hand_l_deviate_M_PCB_edge_saddle_1.stl,
hand_l_deviate_M_PCB_edge_cap_1,hand_l.flex_frame,加工塑料,nylon,1,,,,,0.8 x 4.0 x 10.4,POM-C / 未填充 PEEK / PA12 按材质分别加工；薄件不等同 PLA 打印,parts/hand_l_deviate_M_PCB_edge_cap_1.step,,
hand_l_deviate_M_PCB_M2x6_1,hand_l.flex_frame,采购紧固件,nylon,1,,M2,6,screw_head_to_drawing,3.8 x 3.8 x 8.0,按螺纹、长度、材料和实际头部包络一起核对,parts/hand_l_deviate_M_PCB_M2x6_1.step,,
hand_l_deviate_M_pcb_AS5048A,hand_l.flex_frame,PCBA内含,pcb_component,1,,,,,1.0 x 5.0 x 6.4,按电子板成套，不按机械实体重复采购,parts/hand_l_deviate_M_pcb_AS5048A.step,,actual_KiCad_STEP
hand_l_deviate_M_pcb_C1,hand_l.flex_frame,PCBA内含,pcb_component,1,,,,,0.8 x 0.8 x 1.6,按电子板成套，不按机械实体重复采购,parts/hand_l_deviate_M_pcb_C1.step,,actual_KiCad_STEP
hand_l_deviate_M_pcb_C2,hand_l.flex_frame,PCBA内含,pcb_component,1,,,,,1.05 x 1.45 x 2.3,按电子板成套，不按机械实体重复采购,parts/hand_l_deviate_M_pcb_C2.step,,"Murata GRM219R61E106KA12D 10 uF 25 V X5R, max .95 mm body + .10 mm solder seating allocation"
hand_l_deviate_M_pcb_R1,hand_l.flex_frame,PCBA内含,pcb_component,1,,,,,0.45 x 0.8 x 1.6,按电子板成套，不按机械实体重复采购,parts/hand_l_deviate_M_pcb_R1.step,,actual_KiCad_STEP
hand_l_deviate_M_pcb_R2,hand_l.flex_frame,PCBA内含,pcb_component,1,,,,,0.45 x 0.8 x 1.6,按电子板成套，不按机械实体重复采购,parts/hand_l_deviate_M_pcb_R2.step,,actual_KiCad_STEP
hand_l_deviate_M_pcb_board,hand_l.flex_frame,PCBA内含,pcb,1,,,,,0.91 x 10.0 x 12.0,按电子板成套，不按机械实体重复采购,parts/hand_l_deviate_M_pcb_board.step,,actual_KiCad_STEP
hand_l_deviate_M_pcb_J1_dimension_envelope,hand_l.flex_frame,PCBA内含,pcb_component,1,,,,,3.3 x 9.4 x 9.6,按电子板成套，不按机械实体重复采购,parts/hand_l_deviate_M_pcb_J1_dimension_envelope.step,,"JST SM06B-SRSS-TB side-entry SH6, conservative 9.4 x9.6 x3.3 mm mated plug allocation; cable bend remains a separate harness requirement"
hand_l_flex_M_fixed_mount_M3x8_0,forearm_l,采购紧固件,metal,1,,M3,8,screw_head_to_drawing,5.5 x 5.5 x 11.0,按螺纹、长度、材料和实际头部包络一起核对,parts/hand_l_flex_M_fixed_mount_M3x8_0.step,,M3x8 from outer carrier face into metal eye; 3 mm nominal threaded engagement
hand_l_flex_M_fixed_mount_M3x8_1,forearm_l,采购紧固件,metal,1,,M3,8,screw_head_to_drawing,5.5 x 5.5 x 11.0,按螺纹、长度、材料和实际头部包络一起核对,parts/hand_l_flex_M_fixed_mount_M3x8_1.step,,M3x8 from outer carrier face into metal eye; 3 mm nominal threaded engagement
hand_l_flex_M_rotor_mount_M3x12_0,hand_l.flex_frame,采购紧固件,metal,1,,M3,12,screw_head_to_drawing,5.5 x 5.5 x 15.0,按螺纹、长度、材料和实际头部包络一起核对,parts/hand_l_flex_M_rotor_mount_M3x12_0.step,,M3x12 socket screw; unmodelled helical thread
hand_l_flex_M_rotor_mount_nut_M3_0,hand_l.flex_frame,采购紧固件,metal,1,,M3,,hex_nut,2.4 x 5.5 x 6.351,按螺纹、长度、材料和实际头部包络一起核对,parts/hand_l_flex_M_rotor_mount_nut_M3_0.step,,M3 nut envelope; removable thread locking method pending
hand_l_flex_M_rotor_mount_M3x12_1,hand_l.flex_frame,采购紧固件,metal,1,,M3,12,screw_head_to_drawing,5.5 x 5.5 x 15.0,按螺纹、长度、材料和实际头部包络一起核对,parts/hand_l_flex_M_rotor_mount_M3x12_1.step,,M3x12 socket screw; unmodelled helical thread
hand_l_flex_M_rotor_mount_nut_M3_1,hand_l.flex_frame,采购紧固件,metal,1,,M3,,hex_nut,2.4 x 5.5 x 6.351,按螺纹、长度、材料和实际头部包络一起核对,parts/hand_l_flex_M_rotor_mount_nut_M3_1.step,,M3 nut envelope; removable thread locking method pending
hand_l_deviate_M_fixed_mount_M3x8_0,hand_l.flex_frame,采购紧固件,metal,1,,M3,8,screw_head_to_drawing,5.5 x 5.5 x 11.0,按螺纹、长度、材料和实际头部包络一起核对,parts/hand_l_deviate_M_fixed_mount_M3x8_0.step,,M3x8 from outer carrier face into metal eye; 3 mm nominal threaded engagement
hand_l_deviate_M_fixed_mount_M3x8_1,hand_l.flex_frame,采购紧固件,metal,1,,M3,8,screw_head_to_drawing,5.5 x 5.5 x 11.0,按螺纹、长度、材料和实际头部包络一起核对,parts/hand_l_deviate_M_fixed_mount_M3x8_1.step,,M3x8 from outer carrier face into metal eye; 3 mm nominal threaded engagement
hand_l_flex_M_intermediate_frame,hand_l.flex_frame,打印,frame,1,,,,,21.5 x 27.95 x 40.5,PLA 候选，按随件 STL 和切片复核要求,parts/hand_l_flex_M_intermediate_frame.step,print_candidates/hand_l_flex_M_intermediate_frame.stl,"Exposed wrist frame; concentric flex/deviation axes, 5 mm round members, fastener access reviewed separately"
hand_l_deviate_M_rotor_mount_M3x12_0,hand_l,采购紧固件,metal,1,,M3,12,screw_head_to_drawing,5.5 x 5.5 x 15.0,按螺纹、长度、材料和实际头部包络一起核对,parts/hand_l_deviate_M_rotor_mount_M3x12_0.step,,M3x12 socket screw; unmodelled helical thread
hand_l_deviate_M_rotor_mount_nut_M3_0,hand_l,采购紧固件,metal,1,,M3,,hex_nut,2.4 x 5.5 x 6.351,按螺纹、长度、材料和实际头部包络一起核对,parts/hand_l_deviate_M_rotor_mount_nut_M3_0.step,,M3 nut envelope; removable thread locking method pending
hand_l_deviate_M_rotor_mount_M3x12_1,hand_l,采购紧固件,metal,1,,M3,12,screw_head_to_drawing,5.5 x 5.5 x 15.0,按螺纹、长度、材料和实际头部包络一起核对,parts/hand_l_deviate_M_rotor_mount_M3x12_1.step,,M3x12 socket screw; unmodelled helical thread
hand_l_deviate_M_rotor_mount_nut_M3_1,hand_l,采购紧固件,metal,1,,M3,,hex_nut,2.4 x 5.5 x 6.351,按螺纹、长度、材料和实际头部包络一起核对,parts/hand_l_deviate_M_rotor_mount_nut_M3_1.step,,M3 nut envelope; removable thread locking method pending
hand_l_M_palm_rail,hand_l,打印,frame,1,,,,,20.0 x 30.021 x 68.609,PLA 候选，按随件 STL 和切片复核要求,parts/hand_l_M_palm_rail.step,print_candidates/hand_l_M_palm_rail.stl,Hand rail points to the character-specific hand tip; palm shell and finger silhouette will be added around it
hand_r_flex_M_fixed_metal_eye,forearm_r,加工金属,aluminum_7075,1,,,,,4.0 x 26.127 x 38.5,按 STEP 加工并检验配合；复杂框架先反馈 DFM,parts/hand_r_flex_M_fixed_metal_eye.step,,"Machined 6061-T6 eye; 2 x M3 tapped mounting holes; friction lining reacts into this eye; integral angular travel guards reacting directly into bearing eye; D14.50 x0.85 upper retaining counterbore, flat Z3.15"
hand_r_flex_M_radial_bush,forearm_r,加工塑料,pom,1,,,,,2.8 x 14.4 x 14.4,POM-C / 未填充 PEEK / PA12 按材质分别加工；薄件不等同 PLA 打印,parts/hand_r_flex_M_radial_bush.step,,"D6 journal +0.06 mm nominal diametral clearance; not part of axial preload loop; D14.40 x0.70 flange at Z3.20..3.90, captured below thrust washer Z4.00; 0.15 total nominal axial float"
hand_r_flex_M_friction_lining,forearm_r,加工塑料,peek,1,,,,,1.0 x 22.0 x 23.4,POM-C / 未填充 PEEK / PA12 按材质分别加工；薄件不等同 PLA 打印,parts/hand_r_flex_M_friction_lining.step,,"1 mm replaceable lining with positive edge tabs; friction coefficient is an untested assumption; unfilled machined PEEK candidate, dry contact; actual torque and creep must be qualified"
hand_r_flex_M_flanged_rotor_shaft,hand_r.flex_frame,加工金属,aluminum_7075,1,,,,,17.926 x 24.0 x 24.0,按 STEP 加工并检验配合；复杂框架先反馈 DFM,parts/hand_r_flex_M_flanged_rotor_shaft.step,,"Integral D6 drive, journal and friction flange; blind M3 end thread and M2 radial retention; no threaded running surface; integral load-bearing flange stop tab; magnetic cup is not a stop"
hand_r_flex_M_thrust_wear_washer,forearm_r,采购标准件,ptfe_composite,1,PCMW 102001.5 E,,,,1.5 x 20.0 x 20.0,SKF PCMW 102001.5 E；以当前 STEP 尺寸核对,parts/hand_r_flex_M_thrust_wear_washer.step,,SKF PCMW102001.5 E envelope; radial bush is unloaded axially
hand_r_flex_M_spring_seat,hand_r.flex_frame,加工金属,spring,1,,,,,0.5 x 20.0 x 20.0,按 STEP 加工并检验配合；复杂框架先反馈 DFM,parts/hand_r_flex_M_spring_seat.step,,
hand_r_flex_M_disc_spring_0_0,hand_r.flex_frame,采购碟簧,spring,1,SCHNORR 002050,,,,0.463 x 12.5 x 12.5,按弹簧型号和装配方向，不按 CAD 色彩选型,parts/hand_r_flex_M_disc_spring_0_0.step,,"SCHNORR 002050; 1 nested parallel per group, two groups opposed in series"
hand_r_flex_M_disc_spring_1_0,hand_r.flex_frame,采购碟簧,spring,1,SCHNORR 002050,,,,0.463 x 12.5 x 12.5,按弹簧型号和装配方向，不按 CAD 色彩选型,parts/hand_r_flex_M_disc_spring_1_0.step,,"SCHNORR 002050; 1 nested parallel per group, two groups opposed in series"
hand_r_flex_M_D_stop_cap,hand_r.flex_frame,加工金属,aluminum,1,,,,,3.0 x 12.4 x 13.6,按 STEP 加工并检验配合；复杂框架先反馈 DFM,parts/hand_r_flex_M_D_stop_cap.step,,Metal shoulder fixes nominal spring height; actual preload requires selected shims and a physical torque test
hand_r_flex_M_M3x8_button_retainer,hand_r.flex_frame,采购紧固件,titanium,1,SSB-M3-8-TI5,M3,8,button_head,5.7 x 5.7 x 9.65,按螺纹、长度、材料和实际头部包络一起核对,parts/hand_r_flex_M_M3x8_button_retainer.step,,Accu SSB-M3-8-TI5 nominal head envelope; thread and bearing stress unqualified
hand_r_flex_M_keyed_magnet_cup,hand_r.flex_frame,加工金属,aluminum,1,,,,,7.55 x 16.4 x 16.4,按 STEP 加工并检验配合；复杂框架先反馈 DFM,parts/hand_r_flex_M_keyed_magnet_cup.step,,External D key transmits angle; 0.05 mm nominal fit and two radial brass retainers
hand_r_flex_M_cup_M2x4_0,hand_r.flex_frame,采购紧固件,brass,1,,M2,4,screw_head_to_drawing,2.0 x 2.0 x 4.0,按螺纹、长度、材料和实际头部包络一起核对,parts/hand_r_flex_M_cup_M2x4_0.step,,Thread envelope; slotted brass M2x4
hand_r_flex_M_cup_M2x4_1,hand_r.flex_frame,采购紧固件,brass,1,,M2,4,screw_head_to_drawing,2.0 x 2.0 x 4.0,按螺纹、长度、材料和实际头部包络一起核对,parts/hand_r_flex_M_cup_M2x4_1.step,,Thread envelope; slotted brass M2x4
hand_r_flex_M_diametric_magnet_6x2p5,hand_r.flex_frame,采购标准件,magnet,1,AS5000-MD6H-2,,,,2.5 x 6.0 x 6.0,AS5000-MD6H-2 候选，Ø6×2.5 径向充磁，逐件核对磁场,parts/hand_r_flex_M_diametric_magnet_6x2p5.step,,Diametric magnet; magnetic field and interference require bench qualification
hand_r_flex_M_magnet_keeper,hand_r.flex_frame,打印,frame,1,,,,,2.7 x 19.2 x 19.2,PLA 候选，按随件 STL 和切片复核要求,parts/hand_r_flex_M_magnet_keeper.step,print_candidates/hand_r_flex_M_magnet_keeper.stl,"1.2 mm radial wall, 0.20 mm nominal radial fit allowance, 0.8 mm face; mechanical retention outside sensor air gap"
hand_r_flex_M_keeper_M2x3_0,hand_r.flex_frame,采购紧固件,brass,1,,M2,3,screw_head_to_drawing,2.0 x 2.0 x 3.0,按螺纹、长度、材料和实际头部包络一起核对,parts/hand_r_flex_M_keeper_M2x3_0.step,,Slotted brass M2x3 thread envelope
hand_r_flex_M_keeper_M2x3_1,hand_r.flex_frame,采购紧固件,brass,1,,M2,3,screw_head_to_drawing,2.0 x 2.0 x 3.0,按螺纹、长度、材料和实际头部包络一起核对,parts/hand_r_flex_M_keeper_M2x3_1.step,,Slotted brass M2x3 thread envelope
hand_r_flex_M_D_output_cleat,hand_r.flex_frame,加工金属,aluminum,1,,,,,4.95 x 19.0 x 26.0,按 STEP 加工并检验配合；复杂框架先反馈 DFM,parts/hand_r_flex_M_D_output_cleat.step,,"Two M3 attachment bores; drive on D-flat, axial retention by radial M2 into shaft"
hand_r_flex_M_output_M2x6,hand_r.flex_frame,采购紧固件,brass,1,,M2,6,screw_head_to_drawing,3.8 x 3.8 x 8.0,按螺纹、长度、材料和实际头部包络一起核对,parts/hand_r_flex_M_output_M2x6.step,,Nominal M2x6 radial retainer; install before connecting distal segment
hand_r_flex_M_board_post_0,forearm_r,加工金属,brass,1,,,,,3.5 x 4.041 x 14.671,按 STEP 加工并检验配合；复杂框架先反馈 DFM,parts/hand_r_flex_M_board_post_0.step,,Custom AF3.5 male/female M2 spacer; 2.5 mm nominal engagement in metal eye
hand_r_flex_M_PCB_edge_saddle_0,forearm_r,打印,frame,1,,,,,2.0 x 4.0 x 10.4,PLA 候选，按随件 STL 和切片复核要求,parts/hand_r_flex_M_PCB_edge_saddle_0.step,print_candidates/hand_r_flex_M_PCB_edge_saddle_0.stl,
hand_r_flex_M_PCB_edge_cap_0,forearm_r,加工塑料,nylon,1,,,,,0.8 x 4.0 x 10.4,POM-C / 未填充 PEEK / PA12 按材质分别加工；薄件不等同 PLA 打印,parts/hand_r_flex_M_PCB_edge_cap_0.step,,
hand_r_flex_M_PCB_M2x6_0,forearm_r,采购紧固件,nylon,1,,M2,6,screw_head_to_drawing,3.8 x 3.8 x 8.0,按螺纹、长度、材料和实际头部包络一起核对,parts/hand_r_flex_M_PCB_M2x6_0.step,,
hand_r_flex_M_board_post_1,forearm_r,加工金属,brass,1,,,,,3.5 x 4.041 x 14.671,按 STEP 加工并检验配合；复杂框架先反馈 DFM,parts/hand_r_flex_M_board_post_1.step,,Custom AF3.5 male/female M2 spacer; 2.5 mm nominal engagement in metal eye
hand_r_flex_M_PCB_edge_saddle_1,forearm_r,打印,frame,1,,,,,2.0 x 4.0 x 10.4,PLA 候选，按随件 STL 和切片复核要求,parts/hand_r_flex_M_PCB_edge_saddle_1.step,print_candidates/hand_r_flex_M_PCB_edge_saddle_1.stl,
hand_r_flex_M_PCB_edge_cap_1,forearm_r,加工塑料,nylon,1,,,,,0.8 x 4.0 x 10.4,POM-C / 未填充 PEEK / PA12 按材质分别加工；薄件不等同 PLA 打印,parts/hand_r_flex_M_PCB_edge_cap_1.step,,
hand_r_flex_M_PCB_M2x6_1,forearm_r,采购紧固件,nylon,1,,M2,6,screw_head_to_drawing,3.8 x 3.8 x 8.0,按螺纹、长度、材料和实际头部包络一起核对,parts/hand_r_flex_M_PCB_M2x6_1.step,,
hand_r_flex_M_pcb_AS5048A,forearm_r,PCBA内含,pcb_component,1,,,,,1.0 x 5.0 x 6.4,按电子板成套，不按机械实体重复采购,parts/hand_r_flex_M_pcb_AS5048A.step,,actual_KiCad_STEP
hand_r_flex_M_pcb_C1,forearm_r,PCBA内含,pcb_component,1,,,,,0.8 x 0.8 x 1.6,按电子板成套，不按机械实体重复采购,parts/hand_r_flex_M_pcb_C1.step,,actual_KiCad_STEP
hand_r_flex_M_pcb_C2,forearm_r,PCBA内含,pcb_component,1,,,,,1.05 x 1.45 x 2.3,按电子板成套，不按机械实体重复采购,parts/hand_r_flex_M_pcb_C2.step,,"Murata GRM219R61E106KA12D 10 uF 25 V X5R, max .95 mm body + .10 mm solder seating allocation"
hand_r_flex_M_pcb_R1,forearm_r,PCBA内含,pcb_component,1,,,,,0.45 x 0.8 x 1.6,按电子板成套，不按机械实体重复采购,parts/hand_r_flex_M_pcb_R1.step,,actual_KiCad_STEP
hand_r_flex_M_pcb_R2,forearm_r,PCBA内含,pcb_component,1,,,,,0.45 x 0.8 x 1.6,按电子板成套，不按机械实体重复采购,parts/hand_r_flex_M_pcb_R2.step,,actual_KiCad_STEP
hand_r_flex_M_pcb_board,forearm_r,PCBA内含,pcb,1,,,,,0.91 x 10.0 x 12.0,按电子板成套，不按机械实体重复采购,parts/hand_r_flex_M_pcb_board.step,,actual_KiCad_STEP
hand_r_flex_M_pcb_J1_dimension_envelope,forearm_r,PCBA内含,pcb_component,1,,,,,3.3 x 9.4 x 9.6,按电子板成套，不按机械实体重复采购,parts/hand_r_flex_M_pcb_J1_dimension_envelope.step,,"JST SM06B-SRSS-TB side-entry SH6, conservative 9.4 x9.6 x3.3 mm mated plug allocation; cable bend remains a separate harness requirement"
hand_r_deviate_M_fixed_metal_eye,hand_r.flex_frame,加工金属,aluminum_7075,1,,,,,4.0 x 32.0 x 34.575,按 STEP 加工并检验配合；复杂框架先反馈 DFM,parts/hand_r_deviate_M_fixed_metal_eye.step,,"Machined 6061-T6 eye; 2 x M3 tapped mounting holes; friction lining reacts into this eye; integral angular travel guards reacting directly into bearing eye; D14.50 x0.85 upper retaining counterbore, flat Z3.15"
hand_r_deviate_M_radial_bush,hand_r.flex_frame,加工塑料,pom,1,,,,,2.8 x 14.4 x 14.4,POM-C / 未填充 PEEK / PA12 按材质分别加工；薄件不等同 PLA 打印,parts/hand_r_deviate_M_radial_bush.step,,"D6 journal +0.06 mm nominal diametral clearance; not part of axial preload loop; D14.40 x0.70 flange at Z3.20..3.90, captured below thrust washer Z4.00; 0.15 total nominal axial float"
hand_r_deviate_M_friction_lining,hand_r.flex_frame,加工塑料,peek,1,,,,,1.0 x 22.0 x 23.4,POM-C / 未填充 PEEK / PA12 按材质分别加工；薄件不等同 PLA 打印,parts/hand_r_deviate_M_friction_lining.step,,"1 mm replaceable lining with positive edge tabs; friction coefficient is an untested assumption; unfilled machined PEEK candidate, dry contact; actual torque and creep must be qualified"
hand_r_deviate_M_flanged_rotor_shaft,hand_r,加工金属,aluminum_7075,1,,,,,17.926 x 24.0 x 27.0,按 STEP 加工并检验配合；复杂框架先反馈 DFM,parts/hand_r_deviate_M_flanged_rotor_shaft.step,,"Integral D6 drive, journal and friction flange; blind M3 end thread and M2 radial retention; no threaded running surface; integral load-bearing flange stop tab; magnetic cup is not a stop"
hand_r_deviate_M_thrust_wear_washer,hand_r.flex_frame,采购标准件,ptfe_composite,1,PCMW 102001.5 E,,,,1.5 x 20.0 x 20.0,SKF PCMW 102001.5 E；以当前 STEP 尺寸核对,parts/hand_r_deviate_M_thrust_wear_washer.step,,SKF PCMW102001.5 E envelope; radial bush is unloaded axially
hand_r_deviate_M_spring_seat,hand_r,加工金属,spring,1,,,,,0.5 x 20.0 x 20.0,按 STEP 加工并检验配合；复杂框架先反馈 DFM,parts/hand_r_deviate_M_spring_seat.step,,
hand_r_deviate_M_disc_spring_0_0,hand_r,采购碟簧,spring,1,SCHNORR 002050,,,,0.463 x 12.5 x 12.5,按弹簧型号和装配方向，不按 CAD 色彩选型,parts/hand_r_deviate_M_disc_spring_0_0.step,,"SCHNORR 002050; 1 nested parallel per group, two groups opposed in series"
hand_r_deviate_M_disc_spring_1_0,hand_r,采购碟簧,spring,1,SCHNORR 002050,,,,0.463 x 12.5 x 12.5,按弹簧型号和装配方向，不按 CAD 色彩选型,parts/hand_r_deviate_M_disc_spring_1_0.step,,"SCHNORR 002050; 1 nested parallel per group, two groups opposed in series"
hand_r_deviate_M_D_stop_cap,hand_r,加工金属,aluminum,1,,,,,3.0 x 12.4 x 13.6,按 STEP 加工并检验配合；复杂框架先反馈 DFM,parts/hand_r_deviate_M_D_stop_cap.step,,Metal shoulder fixes nominal spring height; actual preload requires selected shims and a physical torque test
hand_r_deviate_M_M3x8_button_retainer,hand_r,采购紧固件,titanium,1,SSB-M3-8-TI5,M3,8,button_head,5.7 x 5.7 x 9.65,按螺纹、长度、材料和实际头部包络一起核对,parts/hand_r_deviate_M_M3x8_button_retainer.step,,Accu SSB-M3-8-TI5 nominal head envelope; thread and bearing stress unqualified
hand_r_deviate_M_keyed_magnet_cup,hand_r,加工金属,aluminum,1,,,,,7.55 x 16.4 x 16.4,按 STEP 加工并检验配合；复杂框架先反馈 DFM,parts/hand_r_deviate_M_keyed_magnet_cup.step,,External D key transmits angle; 0.05 mm nominal fit and two radial brass retainers
hand_r_deviate_M_cup_M2x4_0,hand_r,采购紧固件,brass,1,,M2,4,screw_head_to_drawing,2.0 x 2.0 x 4.0,按螺纹、长度、材料和实际头部包络一起核对,parts/hand_r_deviate_M_cup_M2x4_0.step,,Thread envelope; slotted brass M2x4
hand_r_deviate_M_cup_M2x4_1,hand_r,采购紧固件,brass,1,,M2,4,screw_head_to_drawing,2.0 x 2.0 x 4.0,按螺纹、长度、材料和实际头部包络一起核对,parts/hand_r_deviate_M_cup_M2x4_1.step,,Thread envelope; slotted brass M2x4
hand_r_deviate_M_diametric_magnet_6x2p5,hand_r,采购标准件,magnet,1,AS5000-MD6H-2,,,,2.5 x 6.0 x 6.0,AS5000-MD6H-2 候选，Ø6×2.5 径向充磁，逐件核对磁场,parts/hand_r_deviate_M_diametric_magnet_6x2p5.step,,Diametric magnet; magnetic field and interference require bench qualification
hand_r_deviate_M_magnet_keeper,hand_r,打印,frame,1,,,,,2.7 x 19.2 x 19.2,PLA 候选，按随件 STL 和切片复核要求,parts/hand_r_deviate_M_magnet_keeper.step,print_candidates/hand_r_deviate_M_magnet_keeper.stl,"1.2 mm radial wall, 0.20 mm nominal radial fit allowance, 0.8 mm face; mechanical retention outside sensor air gap"
hand_r_deviate_M_keeper_M2x3_0,hand_r,采购紧固件,brass,1,,M2,3,screw_head_to_drawing,2.0 x 2.0 x 3.0,按螺纹、长度、材料和实际头部包络一起核对,parts/hand_r_deviate_M_keeper_M2x3_0.step,,Slotted brass M2x3 thread envelope
hand_r_deviate_M_keeper_M2x3_1,hand_r,采购紧固件,brass,1,,M2,3,screw_head_to_drawing,2.0 x 2.0 x 3.0,按螺纹、长度、材料和实际头部包络一起核对,parts/hand_r_deviate_M_keeper_M2x3_1.step,,Slotted brass M2x3 thread envelope
hand_r_deviate_M_D_output_cleat,hand_r,加工金属,aluminum,1,,,,,4.95 x 19.0 x 26.0,按 STEP 加工并检验配合；复杂框架先反馈 DFM,parts/hand_r_deviate_M_D_output_cleat.step,,"Two M3 attachment bores; drive on D-flat, axial retention by radial M2 into shaft"
hand_r_deviate_M_output_M2x6,hand_r,采购紧固件,brass,1,,M2,6,screw_head_to_drawing,3.8 x 3.8 x 8.0,按螺纹、长度、材料和实际头部包络一起核对,parts/hand_r_deviate_M_output_M2x6.step,,Nominal M2x6 radial retainer; install before connecting distal segment
hand_r_deviate_M_board_post_0,hand_r.flex_frame,加工金属,brass,1,,,,,3.5 x 4.041 x 14.671,按 STEP 加工并检验配合；复杂框架先反馈 DFM,parts/hand_r_deviate_M_board_post_0.step,,Custom AF3.5 male/female M2 spacer; 2.5 mm nominal engagement in metal eye
hand_r_deviate_M_PCB_edge_saddle_0,hand_r.flex_frame,打印,frame,1,,,,,2.0 x 4.0 x 10.4,PLA 候选，按随件 STL 和切片复核要求,parts/hand_r_deviate_M_PCB_edge_saddle_0.step,print_candidates/hand_r_deviate_M_PCB_edge_saddle_0.stl,
hand_r_deviate_M_PCB_edge_cap_0,hand_r.flex_frame,加工塑料,nylon,1,,,,,0.8 x 4.0 x 10.4,POM-C / 未填充 PEEK / PA12 按材质分别加工；薄件不等同 PLA 打印,parts/hand_r_deviate_M_PCB_edge_cap_0.step,,
hand_r_deviate_M_PCB_M2x6_0,hand_r.flex_frame,采购紧固件,nylon,1,,M2,6,screw_head_to_drawing,3.8 x 3.8 x 8.0,按螺纹、长度、材料和实际头部包络一起核对,parts/hand_r_deviate_M_PCB_M2x6_0.step,,
hand_r_deviate_M_board_post_1,hand_r.flex_frame,加工金属,brass,1,,,,,3.5 x 4.041 x 14.671,按 STEP 加工并检验配合；复杂框架先反馈 DFM,parts/hand_r_deviate_M_board_post_1.step,,Custom AF3.5 male/female M2 spacer; 2.5 mm nominal engagement in metal eye
hand_r_deviate_M_PCB_edge_saddle_1,hand_r.flex_frame,打印,frame,1,,,,,2.0 x 4.0 x 10.4,PLA 候选，按随件 STL 和切片复核要求,parts/hand_r_deviate_M_PCB_edge_saddle_1.step,print_candidates/hand_r_deviate_M_PCB_edge_saddle_1.stl,
hand_r_deviate_M_PCB_edge_cap_1,hand_r.flex_frame,加工塑料,nylon,1,,,,,0.8 x 4.0 x 10.4,POM-C / 未填充 PEEK / PA12 按材质分别加工；薄件不等同 PLA 打印,parts/hand_r_deviate_M_PCB_edge_cap_1.step,,
hand_r_deviate_M_PCB_M2x6_1,hand_r.flex_frame,采购紧固件,nylon,1,,M2,6,screw_head_to_drawing,3.8 x 3.8 x 8.0,按螺纹、长度、材料和实际头部包络一起核对,parts/hand_r_deviate_M_PCB_M2x6_1.step,,
hand_r_deviate_M_pcb_AS5048A,hand_r.flex_frame,PCBA内含,pcb_component,1,,,,,1.0 x 5.0 x 6.4,按电子板成套，不按机械实体重复采购,parts/hand_r_deviate_M_pcb_AS5048A.step,,actual_KiCad_STEP
hand_r_deviate_M_pcb_C1,hand_r.flex_frame,PCBA内含,pcb_component,1,,,,,0.8 x 0.8 x 1.6,按电子板成套，不按机械实体重复采购,parts/hand_r_deviate_M_pcb_C1.step,,actual_KiCad_STEP
hand_r_deviate_M_pcb_C2,hand_r.flex_frame,PCBA内含,pcb_component,1,,,,,1.05 x 1.45 x 2.3,按电子板成套，不按机械实体重复采购,parts/hand_r_deviate_M_pcb_C2.step,,"Murata GRM219R61E106KA12D 10 uF 25 V X5R, max .95 mm body + .10 mm solder seating allocation"
hand_r_deviate_M_pcb_R1,hand_r.flex_frame,PCBA内含,pcb_component,1,,,,,0.45 x 0.8 x 1.6,按电子板成套，不按机械实体重复采购,parts/hand_r_deviate_M_pcb_R1.step,,actual_KiCad_STEP
hand_r_deviate_M_pcb_R2,hand_r.flex_frame,PCBA内含,pcb_component,1,,,,,0.45 x 0.8 x 1.6,按电子板成套，不按机械实体重复采购,parts/hand_r_deviate_M_pcb_R2.step,,actual_KiCad_STEP
hand_r_deviate_M_pcb_board,hand_r.flex_frame,PCBA内含,pcb,1,,,,,0.91 x 10.0 x 12.0,按电子板成套，不按机械实体重复采购,parts/hand_r_deviate_M_pcb_board.step,,actual_KiCad_STEP
hand_r_deviate_M_pcb_J1_dimension_envelope,hand_r.flex_frame,PCBA内含,pcb_component,1,,,,,3.3 x 9.4 x 9.6,按电子板成套，不按机械实体重复采购,parts/hand_r_deviate_M_pcb_J1_dimension_envelope.step,,"JST SM06B-SRSS-TB side-entry SH6, conservative 9.4 x9.6 x3.3 mm mated plug allocation; cable bend remains a separate harness requirement"
hand_r_flex_M_fixed_mount_M3x8_0,forearm_r,采购紧固件,metal,1,,M3,8,screw_head_to_drawing,5.5 x 5.5 x 11.0,按螺纹、长度、材料和实际头部包络一起核对,parts/hand_r_flex_M_fixed_mount_M3x8_0.step,,M3x8 from outer carrier face into metal eye; 3 mm nominal threaded engagement
hand_r_flex_M_fixed_mount_M3x8_1,forearm_r,采购紧固件,metal,1,,M3,8,screw_head_to_drawing,5.5 x 5.5 x 11.0,按螺纹、长度、材料和实际头部包络一起核对,parts/hand_r_flex_M_fixed_mount_M3x8_1.step,,M3x8 from outer carrier face into metal eye; 3 mm nominal threaded engagement
hand_r_flex_M_rotor_mount_M3x12_0,hand_r.flex_frame,采购紧固件,metal,1,,M3,12,screw_head_to_drawing,5.5 x 5.5 x 15.0,按螺纹、长度、材料和实际头部包络一起核对,parts/hand_r_flex_M_rotor_mount_M3x12_0.step,,M3x12 socket screw; unmodelled helical thread
hand_r_flex_M_rotor_mount_nut_M3_0,hand_r.flex_frame,采购紧固件,metal,1,,M3,,hex_nut,2.4 x 5.5 x 6.351,按螺纹、长度、材料和实际头部包络一起核对,parts/hand_r_flex_M_rotor_mount_nut_M3_0.step,,M3 nut envelope; removable thread locking method pending
hand_r_flex_M_rotor_mount_M3x12_1,hand_r.flex_frame,采购紧固件,metal,1,,M3,12,screw_head_to_drawing,5.5 x 5.5 x 15.0,按螺纹、长度、材料和实际头部包络一起核对,parts/hand_r_flex_M_rotor_mount_M3x12_1.step,,M3x12 socket screw; unmodelled helical thread
hand_r_flex_M_rotor_mount_nut_M3_1,hand_r.flex_frame,采购紧固件,metal,1,,M3,,hex_nut,2.4 x 5.5 x 6.351,按螺纹、长度、材料和实际头部包络一起核对,parts/hand_r_flex_M_rotor_mount_nut_M3_1.step,,M3 nut envelope; removable thread locking method pending
hand_r_deviate_M_fixed_mount_M3x8_0,hand_r.flex_frame,采购紧固件,metal,1,,M3,8,screw_head_to_drawing,5.5 x 5.5 x 11.0,按螺纹、长度、材料和实际头部包络一起核对,parts/hand_r_deviate_M_fixed_mount_M3x8_0.step,,M3x8 from outer carrier face into metal eye; 3 mm nominal threaded engagement
hand_r_deviate_M_fixed_mount_M3x8_1,hand_r.flex_frame,采购紧固件,metal,1,,M3,8,screw_head_to_drawing,5.5 x 5.5 x 11.0,按螺纹、长度、材料和实际头部包络一起核对,parts/hand_r_deviate_M_fixed_mount_M3x8_1.step,,M3x8 from outer carrier face into metal eye; 3 mm nominal threaded engagement
hand_r_flex_M_intermediate_frame,hand_r.flex_frame,打印,frame,1,,,,,21.5 x 27.95 x 40.5,PLA 候选，按随件 STL 和切片复核要求,parts/hand_r_flex_M_intermediate_frame.step,print_candidates/hand_r_flex_M_intermediate_frame.stl,"Exposed wrist frame; concentric flex/deviation axes, 5 mm round members, fastener access reviewed separately"
hand_r_deviate_M_rotor_mount_M3x12_0,hand_r,采购紧固件,metal,1,,M3,12,screw_head_to_drawing,5.5 x 5.5 x 15.0,按螺纹、长度、材料和实际头部包络一起核对,parts/hand_r_deviate_M_rotor_mount_M3x12_0.step,,M3x12 socket screw; unmodelled helical thread
hand_r_deviate_M_rotor_mount_nut_M3_0,hand_r,采购紧固件,metal,1,,M3,,hex_nut,2.4 x 5.5 x 6.351,按螺纹、长度、材料和实际头部包络一起核对,parts/hand_r_deviate_M_rotor_mount_nut_M3_0.step,,M3 nut envelope; removable thread locking method pending
hand_r_deviate_M_rotor_mount_M3x12_1,hand_r,采购紧固件,metal,1,,M3,12,screw_head_to_drawing,5.5 x 5.5 x 15.0,按螺纹、长度、材料和实际头部包络一起核对,parts/hand_r_deviate_M_rotor_mount_M3x12_1.step,,M3x12 socket screw; unmodelled helical thread
hand_r_deviate_M_rotor_mount_nut_M3_1,hand_r,采购紧固件,metal,1,,M3,,hex_nut,2.4 x 5.5 x 6.351,按螺纹、长度、材料和实际头部包络一起核对,parts/hand_r_deviate_M_rotor_mount_nut_M3_1.step,,M3 nut envelope; removable thread locking method pending
hand_r_M_palm_rail,hand_r,打印,frame,1,,,,,20.0 x 30.022 x 68.609,PLA 候选，按随件 STL 和切片复核要求,parts/hand_r_M_palm_rail.step,print_candidates/hand_r_M_palm_rail.stl,Hand rail points to the character-specific hand tip; palm shell and finger silhouette will be added around it
hand_l_M_shell_M2x16_0,hand_l,采购紧固件,metal,1,,M2,16,screw_head_to_drawing,3.823 x 7.057 x 18.176,按螺纹、长度、材料和实际头部包络一起核对,parts/hand_l_M_shell_M2x16_0.step,,M2x16 recessed socket screw; two screws release the static hand grip
hand_l_M_shell_nut_M2_0,hand_l,加工金属,metal,1,,M2,,,2.498 x 4.373 x 4.632,按 STEP 加工并检验配合；复杂框架先反馈 DFM,parts/hand_l_M_shell_nut_M2_0.step,,Captured M2 hex nut; 4.2 mm AF nominal printed pocket
hand_l_M_shell_M2x16_1,hand_l,采购紧固件,metal,1,,M2,16,screw_head_to_drawing,3.823 x 7.057 x 18.176,按螺纹、长度、材料和实际头部包络一起核对,parts/hand_l_M_shell_M2x16_1.step,,M2x16 recessed socket screw; two screws release the static hand grip
hand_l_M_shell_nut_M2_1,hand_l,加工金属,metal,1,,M2,,,2.498 x 4.373 x 4.632,按 STEP 加工并检验配合；复杂框架先反馈 DFM,parts/hand_l_M_shell_nut_M2_1.step,,Captured M2 hex nut; 4.2 mm AF nominal printed pocket
hand_l_M_shell_front,hand_l,加工金属,aluminum_7075,1,,,,,23.827 x 39.949 x 52.139,按 STEP 加工并检验配合；复杂框架先反馈 DFM,parts/hand_l_M_shell_front.step,,"Rigid removable simplified hand silhouette, 1.8 mm nominal wall and 0.30 mm split seam; no independent fingers; tip +0.8 mm allowance; wrist-side walls start at max(49% palm length, 45.5 mm), central mounting tongue preserved"
hand_l_M_shell_back,hand_l,加工金属,aluminum_7075,1,,,,,15.966 x 39.949 x 55.945,按 STEP 加工并检验配合；复杂框架先反馈 DFM,parts/hand_l_M_shell_back.step,,"Rigid removable simplified hand silhouette, 1.8 mm nominal wall and 0.30 mm split seam; no independent fingers; tip +0.8 mm allowance; wrist-side walls start at max(49% palm length, 45.5 mm), central mounting tongue preserved"
hand_r_M_shell_M2x16_0,hand_r,采购紧固件,metal,1,,M2,16,screw_head_to_drawing,3.823 x 7.057 x 18.176,按螺纹、长度、材料和实际头部包络一起核对,parts/hand_r_M_shell_M2x16_0.step,,M2x16 recessed socket screw; two screws release the static hand grip
hand_r_M_shell_nut_M2_0,hand_r,加工金属,metal,1,,M2,,,2.498 x 4.373 x 4.632,按 STEP 加工并检验配合；复杂框架先反馈 DFM,parts/hand_r_M_shell_nut_M2_0.step,,Captured M2 hex nut; 4.2 mm AF nominal printed pocket
hand_r_M_shell_M2x16_1,hand_r,采购紧固件,metal,1,,M2,16,screw_head_to_drawing,3.823 x 7.057 x 18.176,按螺纹、长度、材料和实际头部包络一起核对,parts/hand_r_M_shell_M2x16_1.step,,M2x16 recessed socket screw; two screws release the static hand grip
hand_r_M_shell_nut_M2_1,hand_r,加工金属,metal,1,,M2,,,2.498 x 4.373 x 4.632,按 STEP 加工并检验配合；复杂框架先反馈 DFM,parts/hand_r_M_shell_nut_M2_1.step,,Captured M2 hex nut; 4.2 mm AF nominal printed pocket
hand_r_M_shell_front,hand_r,加工金属,aluminum_7075,1,,,,,23.827 x 39.948 x 52.139,按 STEP 加工并检验配合；复杂框架先反馈 DFM,parts/hand_r_M_shell_front.step,,"Rigid removable simplified hand silhouette, 1.8 mm nominal wall and 0.30 mm split seam; no independent fingers; tip +0.8 mm allowance; wrist-side walls start at max(49% palm length, 45.5 mm), central mounting tongue preserved"
hand_r_M_shell_back,hand_r,加工金属,aluminum_7075,1,,,,,15.966 x 39.948 x 55.945,按 STEP 加工并检验配合；复杂框架先反馈 DFM,parts/hand_r_M_shell_back.step,,"Rigid removable simplified hand silhouette, 1.8 mm nominal wall and 0.30 mm split seam; no independent fingers; tip +0.8 mm allowance; wrist-side walls start at max(49% palm length, 45.5 mm), central mounting tongue preserved"
thigh_l_flex_M_fixed_metal_eye,pelvis,加工金属,aluminum_7075,1,,,,,4.0 x 42.0 x 44.5,按 STEP 加工并检验配合；复杂框架先反馈 DFM,parts/thigh_l_flex_M_fixed_metal_eye.step,,"Machined 6061-T6 eye; 2 x M3 tapped mounting holes; friction lining reacts into this eye; integral angular travel guards reacting directly into bearing eye; D14.50 x0.85 upper retaining counterbore, flat Z3.15"
thigh_l_flex_M_radial_bush,pelvis,加工塑料,pom,1,,,,,2.8 x 14.4 x 14.4,POM-C / 未填充 PEEK / PA12 按材质分别加工；薄件不等同 PLA 打印,parts/thigh_l_flex_M_radial_bush.step,,"D6 journal +0.06 mm nominal diametral clearance; not part of axial preload loop; D14.40 x0.70 flange at Z3.20..3.90, captured below thrust washer Z4.00; 0.15 total nominal axial float"
thigh_l_flex_M_friction_lining,pelvis,加工塑料,peek,1,,,,,1.0 x 32.0 x 33.4,POM-C / 未填充 PEEK / PA12 按材质分别加工；薄件不等同 PLA 打印,parts/thigh_l_flex_M_friction_lining.step,,"1 mm replaceable lining with positive edge tabs; friction coefficient is an untested assumption; unfilled machined PEEK candidate, dry contact; actual torque and creep must be qualified"
thigh_l_flex_M_flanged_rotor_shaft,thigh_l.flex_frame,加工金属,aluminum_7075,1,,,,,19.576 x 34.0 x 37.0,按 STEP 加工并检验配合；复杂框架先反馈 DFM,parts/thigh_l_flex_M_flanged_rotor_shaft.step,,"Integral D6 drive, journal and friction flange; blind M3 end thread and M2 radial retention; no threaded running surface; integral load-bearing flange stop tab; magnetic cup is not a stop; D8/flat3.5 output below flange, D6 journal preserved; 7075-T6 material candidate; radial M2 pilot retained"
thigh_l_flex_M_thrust_wear_washer,pelvis,采购标准件,ptfe_composite,1,PCMW 102001.5 E,,,,1.5 x 20.0 x 20.0,SKF PCMW 102001.5 E；以当前 STEP 尺寸核对,parts/thigh_l_flex_M_thrust_wear_washer.step,,SKF PCMW102001.5 E envelope; radial bush is unloaded axially
thigh_l_flex_M_spring_seat,thigh_l.flex_frame,加工金属,spring,1,,,,,0.5 x 20.0 x 20.0,按 STEP 加工并检验配合；复杂框架先反馈 DFM,parts/thigh_l_flex_M_spring_seat.step,,
thigh_l_flex_M_disc_spring_0_0,thigh_l.flex_frame,采购碟簧,spring,1,SCHNORR 002200,,,,0.688 x 12.0 x 12.0,按弹簧型号和装配方向，不按 CAD 色彩选型,parts/thigh_l_flex_M_disc_spring_0_0.step,,"SCHNORR 002200; 2 nested parallel per group, two groups opposed in series"
thigh_l_flex_M_disc_spring_0_1,thigh_l.flex_frame,采购碟簧,spring,1,SCHNORR 002200,,,,0.688 x 12.0 x 12.0,按弹簧型号和装配方向，不按 CAD 色彩选型,parts/thigh_l_flex_M_disc_spring_0_1.step,,"SCHNORR 002200; 2 nested parallel per group, two groups opposed in series"
thigh_l_flex_M_disc_spring_1_0,thigh_l.flex_frame,采购碟簧,spring,1,SCHNORR 002200,,,,0.688 x 12.0 x 12.0,按弹簧型号和装配方向，不按 CAD 色彩选型,parts/thigh_l_flex_M_disc_spring_1_0.step,,"SCHNORR 002200; 2 nested parallel per group, two groups opposed in series"
thigh_l_flex_M_disc_spring_1_1,thigh_l.flex_frame,采购碟簧,spring,1,SCHNORR 002200,,,,0.688 x 12.0 x 12.0,按弹簧型号和装配方向，不按 CAD 色彩选型,parts/thigh_l_flex_M_disc_spring_1_1.step,,"SCHNORR 002200; 2 nested parallel per group, two groups opposed in series"
thigh_l_flex_M_D_stop_cap,thigh_l.flex_frame,加工金属,aluminum,1,,,,,3.0 x 12.4 x 13.6,按 STEP 加工并检验配合；复杂框架先反馈 DFM,parts/thigh_l_flex_M_D_stop_cap.step,,Metal shoulder fixes nominal spring height; actual preload requires selected shims and a physical torque test
thigh_l_flex_M_M3x8_button_retainer,thigh_l.flex_frame,采购紧固件,titanium,1,SSB-M3-8-TI5,M3,8,button_head,5.7 x 5.7 x 9.65,按螺纹、长度、材料和实际头部包络一起核对,parts/thigh_l_flex_M_M3x8_button_retainer.step,,Accu SSB-M3-8-TI5 nominal head envelope; thread and bearing stress unqualified
thigh_l_flex_M_keyed_magnet_cup,thigh_l.flex_frame,加工金属,aluminum,1,,,,,7.55 x 16.4 x 16.4,按 STEP 加工并检验配合；复杂框架先反馈 DFM,parts/thigh_l_flex_M_keyed_magnet_cup.step,,External D key transmits angle; 0.05 mm nominal fit and two radial brass retainers
thigh_l_flex_M_cup_M2x4_0,thigh_l.flex_frame,采购紧固件,brass,1,,M2,4,screw_head_to_drawing,2.0 x 2.0 x 4.0,按螺纹、长度、材料和实际头部包络一起核对,parts/thigh_l_flex_M_cup_M2x4_0.step,,Thread envelope; slotted brass M2x4
thigh_l_flex_M_cup_M2x4_1,thigh_l.flex_frame,采购紧固件,brass,1,,M2,4,screw_head_to_drawing,2.0 x 2.0 x 4.0,按螺纹、长度、材料和实际头部包络一起核对,parts/thigh_l_flex_M_cup_M2x4_1.step,,Thread envelope; slotted brass M2x4
thigh_l_flex_M_diametric_magnet_6x2p5,thigh_l.flex_frame,采购标准件,magnet,1,AS5000-MD6H-2,,,,2.5 x 6.0 x 6.0,AS5000-MD6H-2 候选，Ø6×2.5 径向充磁，逐件核对磁场,parts/thigh_l_flex_M_diametric_magnet_6x2p5.step,,Diametric magnet; magnetic field and interference require bench qualification
thigh_l_flex_M_magnet_keeper,thigh_l.flex_frame,打印,frame,1,,,,,2.7 x 19.2 x 19.2,PLA 候选，按随件 STL 和切片复核要求,parts/thigh_l_flex_M_magnet_keeper.step,print_candidates/thigh_l_flex_M_magnet_keeper.stl,"1.2 mm radial wall, 0.20 mm nominal radial fit allowance, 0.8 mm face; mechanical retention outside sensor air gap"
thigh_l_flex_M_keeper_M2x3_0,thigh_l.flex_frame,采购紧固件,brass,1,,M2,3,screw_head_to_drawing,2.0 x 2.0 x 3.0,按螺纹、长度、材料和实际头部包络一起核对,parts/thigh_l_flex_M_keeper_M2x3_0.step,,Slotted brass M2x3 thread envelope
thigh_l_flex_M_keeper_M2x3_1,thigh_l.flex_frame,采购紧固件,brass,1,,M2,3,screw_head_to_drawing,2.0 x 2.0 x 3.0,按螺纹、长度、材料和实际头部包络一起核对,parts/thigh_l_flex_M_keeper_M2x3_1.step,,Slotted brass M2x3 thread envelope
thigh_l_flex_M_D_output_cleat,thigh_l.flex_frame,加工金属,aluminum_7075,1,,,,,4.95 x 19.0 x 31.0,按 STEP 加工并检验配合；复杂框架先反馈 DFM,parts/thigh_l_flex_M_D_output_cleat.step,,"Two M3 attachment bores; drive on D-flat, axial retention by radial M2 into shaft; enlarged D8 output bore matches strengthened high-load shaft"
thigh_l_flex_M_output_M2x6,thigh_l.flex_frame,采购紧固件,brass,1,,M2,6,screw_head_to_drawing,3.8 x 3.8 x 8.0,按螺纹、长度、材料和实际头部包络一起核对,parts/thigh_l_flex_M_output_M2x6.step,,Nominal M2x6 radial retainer; install before connecting distal segment
thigh_l_flex_M_board_post_0,pelvis,加工金属,brass,1,,,,,3.5 x 4.041 x 16.321,按 STEP 加工并检验配合；复杂框架先反馈 DFM,parts/thigh_l_flex_M_board_post_0.step,,Custom AF3.5 male/female M2 spacer; 2.5 mm nominal engagement in metal eye
thigh_l_flex_M_PCB_edge_saddle_0,pelvis,打印,frame,1,,,,,2.0 x 4.0 x 15.4,PLA 候选，按随件 STL 和切片复核要求,parts/thigh_l_flex_M_PCB_edge_saddle_0.step,print_candidates/thigh_l_flex_M_PCB_edge_saddle_0.stl,
thigh_l_flex_M_PCB_edge_cap_0,pelvis,加工塑料,nylon,1,,,,,0.8 x 4.0 x 15.4,POM-C / 未填充 PEEK / PA12 按材质分别加工；薄件不等同 PLA 打印,parts/thigh_l_flex_M_PCB_edge_cap_0.step,,
thigh_l_flex_M_PCB_M2x6_0,pelvis,采购紧固件,nylon,1,,M2,6,screw_head_to_drawing,3.8 x 3.8 x 8.0,按螺纹、长度、材料和实际头部包络一起核对,parts/thigh_l_flex_M_PCB_M2x6_0.step,,
thigh_l_flex_M_board_post_1,pelvis,加工金属,brass,1,,,,,3.5 x 4.041 x 16.321,按 STEP 加工并检验配合；复杂框架先反馈 DFM,parts/thigh_l_flex_M_board_post_1.step,,Custom AF3.5 male/female M2 spacer; 2.5 mm nominal engagement in metal eye
thigh_l_flex_M_PCB_edge_saddle_1,pelvis,打印,frame,1,,,,,2.0 x 4.0 x 15.4,PLA 候选，按随件 STL 和切片复核要求,parts/thigh_l_flex_M_PCB_edge_saddle_1.step,print_candidates/thigh_l_flex_M_PCB_edge_saddle_1.stl,
thigh_l_flex_M_PCB_edge_cap_1,pelvis,加工塑料,nylon,1,,,,,0.8 x 4.0 x 15.4,POM-C / 未填充 PEEK / PA12 按材质分别加工；薄件不等同 PLA 打印,parts/thigh_l_flex_M_PCB_edge_cap_1.step,,
thigh_l_flex_M_PCB_M2x6_1,pelvis,采购紧固件,nylon,1,,M2,6,screw_head_to_drawing,3.8 x 3.8 x 8.0,按螺纹、长度、材料和实际头部包络一起核对,parts/thigh_l_flex_M_PCB_M2x6_1.step,,
thigh_l_flex_M_pcb_AS5048A,pelvis,PCBA内含,pcb_component,1,,,,,1.0 x 5.0 x 6.4,按电子板成套，不按机械实体重复采购,parts/thigh_l_flex_M_pcb_AS5048A.step,,actual_KiCad_STEP
thigh_l_flex_M_pcb_C1,pelvis,PCBA内含,pcb_component,1,,,,,0.8 x 0.8 x 1.6,按电子板成套，不按机械实体重复采购,parts/thigh_l_flex_M_pcb_C1.step,,actual_KiCad_STEP
thigh_l_flex_M_pcb_C2,pelvis,PCBA内含,pcb_component,1,,,,,1.05 x 1.45 x 2.3,按电子板成套，不按机械实体重复采购,parts/thigh_l_flex_M_pcb_C2.step,,"Murata GRM219R61E106KA12D 10 uF 25 V X5R, max .95 mm body + .10 mm solder seating allocation"
thigh_l_flex_M_pcb_R1,pelvis,PCBA内含,pcb_component,1,,,,,0.45 x 0.8 x 1.6,按电子板成套，不按机械实体重复采购,parts/thigh_l_flex_M_pcb_R1.step,,actual_KiCad_STEP
thigh_l_flex_M_pcb_R2,pelvis,PCBA内含,pcb_component,1,,,,,0.45 x 0.8 x 1.6,按电子板成套，不按机械实体重复采购,parts/thigh_l_flex_M_pcb_R2.step,,actual_KiCad_STEP
thigh_l_flex_M_pcb_board,pelvis,PCBA内含,pcb,1,,,,,0.91 x 10.0 x 12.0,按电子板成套，不按机械实体重复采购,parts/thigh_l_flex_M_pcb_board.step,,actual_KiCad_STEP
thigh_l_flex_M_pcb_J1_dimension_envelope,pelvis,PCBA内含,pcb_component,1,,,,,3.3 x 9.4 x 9.6,按电子板成套，不按机械实体重复采购,parts/thigh_l_flex_M_pcb_J1_dimension_envelope.step,,"JST SM06B-SRSS-TB side-entry SH6, conservative 9.4 x9.6 x3.3 mm mated plug allocation; cable bend remains a separate harness requirement"
thigh_l_abduct_M_fixed_metal_eye,thigh_l.flex_frame,加工金属,aluminum_7075,1,,,,,4.0 x 42.0 x 46.042,按 STEP 加工并检验配合；复杂框架先反馈 DFM,parts/thigh_l_abduct_M_fixed_metal_eye.step,,"Machined 6061-T6 eye; 2 x M3 tapped mounting holes; friction lining reacts into this eye; integral angular travel guards reacting directly into bearing eye; D14.50 x0.85 upper retaining counterbore, flat Z3.15"
thigh_l_abduct_M_radial_bush,thigh_l.flex_frame,加工塑料,pom,1,,,,,2.8 x 14.4 x 14.4,POM-C / 未填充 PEEK / PA12 按材质分别加工；薄件不等同 PLA 打印,parts/thigh_l_abduct_M_radial_bush.step,,"D6 journal +0.06 mm nominal diametral clearance; not part of axial preload loop; D14.40 x0.70 flange at Z3.20..3.90, captured below thrust washer Z4.00; 0.15 total nominal axial float"
thigh_l_abduct_M_friction_lining,thigh_l.flex_frame,加工塑料,peek,1,,,,,1.0 x 32.0 x 33.4,POM-C / 未填充 PEEK / PA12 按材质分别加工；薄件不等同 PLA 打印,parts/thigh_l_abduct_M_friction_lining.step,,"1 mm replaceable lining with positive edge tabs; friction coefficient is an untested assumption; unfilled machined PEEK candidate, dry contact; actual torque and creep must be qualified"
thigh_l_abduct_M_flanged_rotor_shaft,thigh_l.abduct_frame,加工金属,aluminum_7075,1,,,,,19.576 x 34.0 x 34.0,按 STEP 加工并检验配合；复杂框架先反馈 DFM,parts/thigh_l_abduct_M_flanged_rotor_shaft.step,,"Integral D6 drive, journal and friction flange; blind M3 end thread and M2 radial retention; no threaded running surface; integral load-bearing flange stop tab; magnetic cup is not a stop; D8/flat3.5 output below flange, D6 journal preserved; 7075-T6 material candidate; radial M2 pilot retained"
thigh_l_abduct_M_thrust_wear_washer,thigh_l.flex_frame,采购标准件,ptfe_composite,1,PCMW 102001.5 E,,,,1.5 x 20.0 x 20.0,SKF PCMW 102001.5 E；以当前 STEP 尺寸核对,parts/thigh_l_abduct_M_thrust_wear_washer.step,,SKF PCMW102001.5 E envelope; radial bush is unloaded axially
thigh_l_abduct_M_spring_seat,thigh_l.abduct_frame,加工金属,spring,1,,,,,0.5 x 20.0 x 20.0,按 STEP 加工并检验配合；复杂框架先反馈 DFM,parts/thigh_l_abduct_M_spring_seat.step,,
thigh_l_abduct_M_disc_spring_0_0,thigh_l.abduct_frame,采购碟簧,spring,1,SCHNORR 002200,,,,0.688 x 12.0 x 12.0,按弹簧型号和装配方向，不按 CAD 色彩选型,parts/thigh_l_abduct_M_disc_spring_0_0.step,,"SCHNORR 002200; 2 nested parallel per group, two groups opposed in series"
thigh_l_abduct_M_disc_spring_0_1,thigh_l.abduct_frame,采购碟簧,spring,1,SCHNORR 002200,,,,0.688 x 12.0 x 12.0,按弹簧型号和装配方向，不按 CAD 色彩选型,parts/thigh_l_abduct_M_disc_spring_0_1.step,,"SCHNORR 002200; 2 nested parallel per group, two groups opposed in series"
thigh_l_abduct_M_disc_spring_1_0,thigh_l.abduct_frame,采购碟簧,spring,1,SCHNORR 002200,,,,0.688 x 12.0 x 12.0,按弹簧型号和装配方向，不按 CAD 色彩选型,parts/thigh_l_abduct_M_disc_spring_1_0.step,,"SCHNORR 002200; 2 nested parallel per group, two groups opposed in series"
thigh_l_abduct_M_disc_spring_1_1,thigh_l.abduct_frame,采购碟簧,spring,1,SCHNORR 002200,,,,0.688 x 12.0 x 12.0,按弹簧型号和装配方向，不按 CAD 色彩选型,parts/thigh_l_abduct_M_disc_spring_1_1.step,,"SCHNORR 002200; 2 nested parallel per group, two groups opposed in series"
thigh_l_abduct_M_D_stop_cap,thigh_l.abduct_frame,加工金属,aluminum,1,,,,,3.0 x 12.4 x 13.6,按 STEP 加工并检验配合；复杂框架先反馈 DFM,parts/thigh_l_abduct_M_D_stop_cap.step,,Metal shoulder fixes nominal spring height; actual preload requires selected shims and a physical torque test
thigh_l_abduct_M_M3x8_button_retainer,thigh_l.abduct_frame,采购紧固件,titanium,1,SSB-M3-8-TI5,M3,8,button_head,5.7 x 5.7 x 9.65,按螺纹、长度、材料和实际头部包络一起核对,parts/thigh_l_abduct_M_M3x8_button_retainer.step,,Accu SSB-M3-8-TI5 nominal head envelope; thread and bearing stress unqualified
thigh_l_abduct_M_keyed_magnet_cup,thigh_l.abduct_frame,加工金属,aluminum,1,,,,,7.55 x 16.4 x 16.4,按 STEP 加工并检验配合；复杂框架先反馈 DFM,parts/thigh_l_abduct_M_keyed_magnet_cup.step,,External D key transmits angle; 0.05 mm nominal fit and two radial brass retainers
thigh_l_abduct_M_cup_M2x4_0,thigh_l.abduct_frame,采购紧固件,brass,1,,M2,4,screw_head_to_drawing,2.0 x 2.0 x 4.0,按螺纹、长度、材料和实际头部包络一起核对,parts/thigh_l_abduct_M_cup_M2x4_0.step,,Thread envelope; slotted brass M2x4
thigh_l_abduct_M_cup_M2x4_1,thigh_l.abduct_frame,采购紧固件,brass,1,,M2,4,screw_head_to_drawing,2.0 x 2.0 x 4.0,按螺纹、长度、材料和实际头部包络一起核对,parts/thigh_l_abduct_M_cup_M2x4_1.step,,Thread envelope; slotted brass M2x4
thigh_l_abduct_M_diametric_magnet_6x2p5,thigh_l.abduct_frame,采购标准件,magnet,1,AS5000-MD6H-2,,,,2.5 x 6.0 x 6.0,AS5000-MD6H-2 候选，Ø6×2.5 径向充磁，逐件核对磁场,parts/thigh_l_abduct_M_diametric_magnet_6x2p5.step,,Diametric magnet; magnetic field and interference require bench qualification
thigh_l_abduct_M_magnet_keeper,thigh_l.abduct_frame,打印,frame,1,,,,,2.7 x 19.2 x 19.2,PLA 候选，按随件 STL 和切片复核要求,parts/thigh_l_abduct_M_magnet_keeper.step,print_candidates/thigh_l_abduct_M_magnet_keeper.stl,"1.2 mm radial wall, 0.20 mm nominal radial fit allowance, 0.8 mm face; mechanical retention outside sensor air gap"
thigh_l_abduct_M_keeper_M2x3_0,thigh_l.abduct_frame,采购紧固件,brass,1,,M2,3,screw_head_to_drawing,2.0 x 2.0 x 3.0,按螺纹、长度、材料和实际头部包络一起核对,parts/thigh_l_abduct_M_keeper_M2x3_0.step,,Slotted brass M2x3 thread envelope
thigh_l_abduct_M_keeper_M2x3_1,thigh_l.abduct_frame,采购紧固件,brass,1,,M2,3,screw_head_to_drawing,2.0 x 2.0 x 3.0,按螺纹、长度、材料和实际头部包络一起核对,parts/thigh_l_abduct_M_keeper_M2x3_1.step,,Slotted brass M2x3 thread envelope
thigh_l_abduct_M_D_output_cleat,thigh_l.abduct_frame,加工金属,aluminum_7075,1,,,,,4.95 x 19.0 x 31.0,按 STEP 加工并检验配合；复杂框架先反馈 DFM,parts/thigh_l_abduct_M_D_output_cleat.step,,"Two M3 attachment bores; drive on D-flat, axial retention by radial M2 into shaft; enlarged D8 output bore matches strengthened high-load shaft"
thigh_l_abduct_M_output_M2x6,thigh_l.abduct_frame,采购紧固件,brass,1,,M2,6,screw_head_to_drawing,3.8 x 3.8 x 8.0,按螺纹、长度、材料和实际头部包络一起核对,parts/thigh_l_abduct_M_output_M2x6.step,,Nominal M2x6 radial retainer; install before connecting distal segment
thigh_l_abduct_M_board_post_0,thigh_l.flex_frame,加工金属,brass,1,,,,,3.5 x 4.041 x 16.321,按 STEP 加工并检验配合；复杂框架先反馈 DFM,parts/thigh_l_abduct_M_board_post_0.step,,Custom AF3.5 male/female M2 spacer; 2.5 mm nominal engagement in metal eye
thigh_l_abduct_M_PCB_edge_saddle_0,thigh_l.flex_frame,打印,frame,1,,,,,2.0 x 4.0 x 15.4,PLA 候选，按随件 STL 和切片复核要求,parts/thigh_l_abduct_M_PCB_edge_saddle_0.step,print_candidates/thigh_l_abduct_M_PCB_edge_saddle_0.stl,
thigh_l_abduct_M_PCB_edge_cap_0,thigh_l.flex_frame,加工塑料,nylon,1,,,,,0.8 x 4.0 x 15.4,POM-C / 未填充 PEEK / PA12 按材质分别加工；薄件不等同 PLA 打印,parts/thigh_l_abduct_M_PCB_edge_cap_0.step,,
thigh_l_abduct_M_PCB_M2x6_0,thigh_l.flex_frame,采购紧固件,nylon,1,,M2,6,screw_head_to_drawing,3.8 x 3.8 x 8.0,按螺纹、长度、材料和实际头部包络一起核对,parts/thigh_l_abduct_M_PCB_M2x6_0.step,,
thigh_l_abduct_M_board_post_1,thigh_l.flex_frame,加工金属,brass,1,,,,,3.5 x 4.041 x 16.321,按 STEP 加工并检验配合；复杂框架先反馈 DFM,parts/thigh_l_abduct_M_board_post_1.step,,Custom AF3.5 male/female M2 spacer; 2.5 mm nominal engagement in metal eye
thigh_l_abduct_M_PCB_edge_saddle_1,thigh_l.flex_frame,打印,frame,1,,,,,2.0 x 4.0 x 15.4,PLA 候选，按随件 STL 和切片复核要求,parts/thigh_l_abduct_M_PCB_edge_saddle_1.step,print_candidates/thigh_l_abduct_M_PCB_edge_saddle_1.stl,
thigh_l_abduct_M_PCB_edge_cap_1,thigh_l.flex_frame,加工塑料,nylon,1,,,,,0.8 x 4.0 x 15.4,POM-C / 未填充 PEEK / PA12 按材质分别加工；薄件不等同 PLA 打印,parts/thigh_l_abduct_M_PCB_edge_cap_1.step,,
thigh_l_abduct_M_PCB_M2x6_1,thigh_l.flex_frame,采购紧固件,nylon,1,,M2,6,screw_head_to_drawing,3.8 x 3.8 x 8.0,按螺纹、长度、材料和实际头部包络一起核对,parts/thigh_l_abduct_M_PCB_M2x6_1.step,,
thigh_l_abduct_M_pcb_AS5048A,thigh_l.flex_frame,PCBA内含,pcb_component,1,,,,,1.0 x 5.0 x 6.4,按电子板成套，不按机械实体重复采购,parts/thigh_l_abduct_M_pcb_AS5048A.step,,actual_KiCad_STEP
thigh_l_abduct_M_pcb_C1,thigh_l.flex_frame,PCBA内含,pcb_component,1,,,,,0.8 x 0.8 x 1.6,按电子板成套，不按机械实体重复采购,parts/thigh_l_abduct_M_pcb_C1.step,,actual_KiCad_STEP
thigh_l_abduct_M_pcb_C2,thigh_l.flex_frame,PCBA内含,pcb_component,1,,,,,1.05 x 1.45 x 2.3,按电子板成套，不按机械实体重复采购,parts/thigh_l_abduct_M_pcb_C2.step,,"Murata GRM219R61E106KA12D 10 uF 25 V X5R, max .95 mm body + .10 mm solder seating allocation"
thigh_l_abduct_M_pcb_R1,thigh_l.flex_frame,PCBA内含,pcb_component,1,,,,,0.45 x 0.8 x 1.6,按电子板成套，不按机械实体重复采购,parts/thigh_l_abduct_M_pcb_R1.step,,actual_KiCad_STEP
thigh_l_abduct_M_pcb_R2,thigh_l.flex_frame,PCBA内含,pcb_component,1,,,,,0.45 x 0.8 x 1.6,按电子板成套，不按机械实体重复采购,parts/thigh_l_abduct_M_pcb_R2.step,,actual_KiCad_STEP
thigh_l_abduct_M_pcb_board,thigh_l.flex_frame,PCBA内含,pcb,1,,,,,0.91 x 10.0 x 12.0,按电子板成套，不按机械实体重复采购,parts/thigh_l_abduct_M_pcb_board.step,,actual_KiCad_STEP
thigh_l_abduct_M_pcb_J1_dimension_envelope,thigh_l.flex_frame,PCBA内含,pcb_component,1,,,,,3.3 x 9.4 x 9.6,按电子板成套，不按机械实体重复采购,parts/thigh_l_abduct_M_pcb_J1_dimension_envelope.step,,"JST SM06B-SRSS-TB side-entry SH6, conservative 9.4 x9.6 x3.3 mm mated plug allocation; cable bend remains a separate harness requirement"
thigh_l_flex_M_rotor_mount_M3x12_0,thigh_l.flex_frame,采购紧固件,metal,1,,M3,12,screw_head_to_drawing,5.5 x 5.5 x 15.0,按螺纹、长度、材料和实际头部包络一起核对,parts/thigh_l_flex_M_rotor_mount_M3x12_0.step,,M3x12 socket screw; unmodelled helical thread
thigh_l_flex_M_rotor_mount_nut_M3_0,thigh_l.flex_frame,采购紧固件,metal,1,,M3,,hex_nut,2.4 x 5.5 x 6.351,按螺纹、长度、材料和实际头部包络一起核对,parts/thigh_l_flex_M_rotor_mount_nut_M3_0.step,,M3 nut envelope; removable thread locking method pending
thigh_l_flex_M_rotor_mount_M3x12_1,thigh_l.flex_frame,采购紧固件,metal,1,,M3,12,screw_head_to_drawing,5.5 x 5.5 x 15.0,按螺纹、长度、材料和实际头部包络一起核对,parts/thigh_l_flex_M_rotor_mount_M3x12_1.step,,M3x12 socket screw; unmodelled helical thread
thigh_l_flex_M_rotor_mount_nut_M3_1,thigh_l.flex_frame,采购紧固件,metal,1,,M3,,hex_nut,2.4 x 5.5 x 6.351,按螺纹、长度、材料和实际头部包络一起核对,parts/thigh_l_flex_M_rotor_mount_nut_M3_1.step,,M3 nut envelope; removable thread locking method pending
thigh_l_abduct_M_fixed_mount_M3x8_0,thigh_l.flex_frame,采购紧固件,metal,1,,M3,8,screw_head_to_drawing,5.5 x 5.5 x 11.0,按螺纹、长度、材料和实际头部包络一起核对,parts/thigh_l_abduct_M_fixed_mount_M3x8_0.step,,M3x8 from outer carrier face into metal eye; 3 mm nominal threaded engagement
thigh_l_abduct_M_fixed_mount_M3x8_1,thigh_l.flex_frame,采购紧固件,metal,1,,M3,8,screw_head_to_drawing,5.5 x 5.5 x 11.0,按螺纹、长度、材料和实际头部包络一起核对,parts/thigh_l_abduct_M_fixed_mount_M3x8_1.step,,M3x8 from outer carrier face into metal eye; 3 mm nominal threaded engagement
thigh_l_flex_M_intermediate_frame,thigh_l.flex_frame,加工金属,aluminum_7075,1,,,,,21.5 x 37.95 x 50.5,按 STEP 加工并检验配合；复杂框架先反馈 DFM,parts/thigh_l_flex_M_intermediate_frame.step,,Bolted frame between concentric orthogonal axes; no offset of anatomical pivot
thigh_l_twist_M_fixed_metal_eye,thigh_l.abduct_frame,加工金属,aluminum_7075,1,,,,,4.0 x 40.373 x 48.5,按 STEP 加工并检验配合；复杂框架先反馈 DFM,parts/thigh_l_twist_M_fixed_metal_eye.step,,"Machined 6061-T6 eye; 2 x M3 tapped mounting holes; friction lining reacts into this eye; integral angular travel guards reacting directly into bearing eye; D14.50 x0.85 upper retaining counterbore, flat Z3.15"
thigh_l_twist_M_radial_bush,thigh_l.abduct_frame,加工塑料,pom,1,,,,,2.8 x 14.4 x 14.4,POM-C / 未填充 PEEK / PA12 按材质分别加工；薄件不等同 PLA 打印,parts/thigh_l_twist_M_radial_bush.step,,"D6 journal +0.06 mm nominal diametral clearance; not part of axial preload loop; D14.40 x0.70 flange at Z3.20..3.90, captured below thrust washer Z4.00; 0.15 total nominal axial float"
thigh_l_twist_M_friction_lining,thigh_l.abduct_frame,加工塑料,peek,1,,,,,1.0 x 32.0 x 33.4,POM-C / 未填充 PEEK / PA12 按材质分别加工；薄件不等同 PLA 打印,parts/thigh_l_twist_M_friction_lining.step,,"1 mm replaceable lining with positive edge tabs; friction coefficient is an untested assumption; unfilled machined PEEK candidate, dry contact; actual torque and creep must be qualified"
thigh_l_twist_M_flanged_rotor_shaft,thigh_l,加工金属,aluminum_7075,1,,,,,19.576 x 34.0 x 37.0,按 STEP 加工并检验配合；复杂框架先反馈 DFM,parts/thigh_l_twist_M_flanged_rotor_shaft.step,,"Integral D6 drive, journal and friction flange; blind M3 end thread and M2 radial retention; no threaded running surface; integral load-bearing flange stop tab; magnetic cup is not a stop; D8/flat3.5 output below flange, D6 journal preserved; 7075-T6 material candidate; radial M2 pilot retained"
thigh_l_twist_M_thrust_wear_washer,thigh_l.abduct_frame,采购标准件,ptfe_composite,1,PCMW 102001.5 E,,,,1.5 x 20.0 x 20.0,SKF PCMW 102001.5 E；以当前 STEP 尺寸核对,parts/thigh_l_twist_M_thrust_wear_washer.step,,SKF PCMW102001.5 E envelope; radial bush is unloaded axially
thigh_l_twist_M_spring_seat,thigh_l,加工金属,spring,1,,,,,0.5 x 20.0 x 20.0,按 STEP 加工并检验配合；复杂框架先反馈 DFM,parts/thigh_l_twist_M_spring_seat.step,,
thigh_l_twist_M_disc_spring_0_0,thigh_l,采购碟簧,spring,1,SCHNORR 002200,,,,0.688 x 12.0 x 12.0,按弹簧型号和装配方向，不按 CAD 色彩选型,parts/thigh_l_twist_M_disc_spring_0_0.step,,"SCHNORR 002200; 2 nested parallel per group, two groups opposed in series"
thigh_l_twist_M_disc_spring_0_1,thigh_l,采购碟簧,spring,1,SCHNORR 002200,,,,0.688 x 12.0 x 12.0,按弹簧型号和装配方向，不按 CAD 色彩选型,parts/thigh_l_twist_M_disc_spring_0_1.step,,"SCHNORR 002200; 2 nested parallel per group, two groups opposed in series"
thigh_l_twist_M_disc_spring_1_0,thigh_l,采购碟簧,spring,1,SCHNORR 002200,,,,0.688 x 12.0 x 12.0,按弹簧型号和装配方向，不按 CAD 色彩选型,parts/thigh_l_twist_M_disc_spring_1_0.step,,"SCHNORR 002200; 2 nested parallel per group, two groups opposed in series"
thigh_l_twist_M_disc_spring_1_1,thigh_l,采购碟簧,spring,1,SCHNORR 002200,,,,0.688 x 12.0 x 12.0,按弹簧型号和装配方向，不按 CAD 色彩选型,parts/thigh_l_twist_M_disc_spring_1_1.step,,"SCHNORR 002200; 2 nested parallel per group, two groups opposed in series"
thigh_l_twist_M_D_stop_cap,thigh_l,加工金属,aluminum,1,,,,,3.0 x 12.4 x 13.6,按 STEP 加工并检验配合；复杂框架先反馈 DFM,parts/thigh_l_twist_M_D_stop_cap.step,,Metal shoulder fixes nominal spring height; actual preload requires selected shims and a physical torque test
thigh_l_twist_M_M3x8_button_retainer,thigh_l,采购紧固件,titanium,1,SSB-M3-8-TI5,M3,8,button_head,5.7 x 5.7 x 9.65,按螺纹、长度、材料和实际头部包络一起核对,parts/thigh_l_twist_M_M3x8_button_retainer.step,,Accu SSB-M3-8-TI5 nominal head envelope; thread and bearing stress unqualified
thigh_l_twist_M_keyed_magnet_cup,thigh_l,加工金属,aluminum,1,,,,,7.55 x 16.4 x 16.4,按 STEP 加工并检验配合；复杂框架先反馈 DFM,parts/thigh_l_twist_M_keyed_magnet_cup.step,,External D key transmits angle; 0.05 mm nominal fit and two radial brass retainers
thigh_l_twist_M_cup_M2x4_0,thigh_l,采购紧固件,brass,1,,M2,4,screw_head_to_drawing,2.0 x 2.0 x 4.0,按螺纹、长度、材料和实际头部包络一起核对,parts/thigh_l_twist_M_cup_M2x4_0.step,,Thread envelope; slotted brass M2x4
thigh_l_twist_M_cup_M2x4_1,thigh_l,采购紧固件,brass,1,,M2,4,screw_head_to_drawing,2.0 x 2.0 x 4.0,按螺纹、长度、材料和实际头部包络一起核对,parts/thigh_l_twist_M_cup_M2x4_1.step,,Thread envelope; slotted brass M2x4
thigh_l_twist_M_diametric_magnet_6x2p5,thigh_l,采购标准件,magnet,1,AS5000-MD6H-2,,,,2.5 x 6.0 x 6.0,AS5000-MD6H-2 候选，Ø6×2.5 径向充磁，逐件核对磁场,parts/thigh_l_twist_M_diametric_magnet_6x2p5.step,,Diametric magnet; magnetic field and interference require bench qualification
thigh_l_twist_M_magnet_keeper,thigh_l,打印,frame,1,,,,,2.7 x 19.2 x 19.2,PLA 候选，按随件 STL 和切片复核要求,parts/thigh_l_twist_M_magnet_keeper.step,print_candidates/thigh_l_twist_M_magnet_keeper.stl,"1.2 mm radial wall, 0.20 mm nominal radial fit allowance, 0.8 mm face; mechanical retention outside sensor air gap"
thigh_l_twist_M_keeper_M2x3_0,thigh_l,采购紧固件,brass,1,,M2,3,screw_head_to_drawing,2.0 x 2.0 x 3.0,按螺纹、长度、材料和实际头部包络一起核对,parts/thigh_l_twist_M_keeper_M2x3_0.step,,Slotted brass M2x3 thread envelope
thigh_l_twist_M_keeper_M2x3_1,thigh_l,采购紧固件,brass,1,,M2,3,screw_head_to_drawing,2.0 x 2.0 x 3.0,按螺纹、长度、材料和实际头部包络一起核对,parts/thigh_l_twist_M_keeper_M2x3_1.step,,Slotted brass M2x3 thread envelope
thigh_l_twist_M_D_output_cleat,thigh_l,加工金属,aluminum_7075,1,,,,,4.95 x 19.0 x 31.0,按 STEP 加工并检验配合；复杂框架先反馈 DFM,parts/thigh_l_twist_M_D_output_cleat.step,,"Two M3 attachment bores; drive on D-flat, axial retention by radial M2 into shaft; enlarged D8 output bore matches strengthened high-load shaft"
thigh_l_twist_M_output_M2x6,thigh_l,采购紧固件,brass,1,,M2,6,screw_head_to_drawing,3.8 x 3.8 x 8.0,按螺纹、长度、材料和实际头部包络一起核对,parts/thigh_l_twist_M_output_M2x6.step,,Nominal M2x6 radial retainer; install before connecting distal segment
thigh_l_twist_M_board_post_0,thigh_l.abduct_frame,加工金属,brass,1,,,,,3.5 x 4.041 x 16.321,按 STEP 加工并检验配合；复杂框架先反馈 DFM,parts/thigh_l_twist_M_board_post_0.step,,Custom AF3.5 male/female M2 spacer; 2.5 mm nominal engagement in metal eye
thigh_l_twist_M_PCB_edge_saddle_0,thigh_l.abduct_frame,打印,frame,1,,,,,2.0 x 4.0 x 15.4,PLA 候选，按随件 STL 和切片复核要求,parts/thigh_l_twist_M_PCB_edge_saddle_0.step,print_candidates/thigh_l_twist_M_PCB_edge_saddle_0.stl,
thigh_l_twist_M_PCB_edge_cap_0,thigh_l.abduct_frame,加工塑料,nylon,1,,,,,0.8 x 4.0 x 15.4,POM-C / 未填充 PEEK / PA12 按材质分别加工；薄件不等同 PLA 打印,parts/thigh_l_twist_M_PCB_edge_cap_0.step,,
thigh_l_twist_M_PCB_M2x6_0,thigh_l.abduct_frame,采购紧固件,nylon,1,,M2,6,screw_head_to_drawing,3.8 x 3.8 x 8.0,按螺纹、长度、材料和实际头部包络一起核对,parts/thigh_l_twist_M_PCB_M2x6_0.step,,
thigh_l_twist_M_board_post_1,thigh_l.abduct_frame,加工金属,brass,1,,,,,3.5 x 4.041 x 16.321,按 STEP 加工并检验配合；复杂框架先反馈 DFM,parts/thigh_l_twist_M_board_post_1.step,,Custom AF3.5 male/female M2 spacer; 2.5 mm nominal engagement in metal eye
thigh_l_twist_M_PCB_edge_saddle_1,thigh_l.abduct_frame,打印,frame,1,,,,,2.0 x 4.0 x 15.4,PLA 候选，按随件 STL 和切片复核要求,parts/thigh_l_twist_M_PCB_edge_saddle_1.step,print_candidates/thigh_l_twist_M_PCB_edge_saddle_1.stl,
thigh_l_twist_M_PCB_edge_cap_1,thigh_l.abduct_frame,加工塑料,nylon,1,,,,,0.8 x 4.0 x 15.4,POM-C / 未填充 PEEK / PA12 按材质分别加工；薄件不等同 PLA 打印,parts/thigh_l_twist_M_PCB_edge_cap_1.step,,
thigh_l_twist_M_PCB_M2x6_1,thigh_l.abduct_frame,采购紧固件,nylon,1,,M2,6,screw_head_to_drawing,3.8 x 3.8 x 8.0,按螺纹、长度、材料和实际头部包络一起核对,parts/thigh_l_twist_M_PCB_M2x6_1.step,,
thigh_l_twist_M_pcb_AS5048A,thigh_l.abduct_frame,PCBA内含,pcb_component,1,,,,,1.0 x 5.0 x 6.4,按电子板成套，不按机械实体重复采购,parts/thigh_l_twist_M_pcb_AS5048A.step,,actual_KiCad_STEP
thigh_l_twist_M_pcb_C1,thigh_l.abduct_frame,PCBA内含,pcb_component,1,,,,,0.8 x 0.8 x 1.6,按电子板成套，不按机械实体重复采购,parts/thigh_l_twist_M_pcb_C1.step,,actual_KiCad_STEP
thigh_l_twist_M_pcb_C2,thigh_l.abduct_frame,PCBA内含,pcb_component,1,,,,,1.05 x 1.45 x 2.3,按电子板成套，不按机械实体重复采购,parts/thigh_l_twist_M_pcb_C2.step,,"Murata GRM219R61E106KA12D 10 uF 25 V X5R, max .95 mm body + .10 mm solder seating allocation"
thigh_l_twist_M_pcb_R1,thigh_l.abduct_frame,PCBA内含,pcb_component,1,,,,,0.45 x 0.8 x 1.6,按电子板成套，不按机械实体重复采购,parts/thigh_l_twist_M_pcb_R1.step,,actual_KiCad_STEP
thigh_l_twist_M_pcb_R2,thigh_l.abduct_frame,PCBA内含,pcb_component,1,,,,,0.45 x 0.8 x 1.6,按电子板成套，不按机械实体重复采购,parts/thigh_l_twist_M_pcb_R2.step,,actual_KiCad_STEP
thigh_l_twist_M_pcb_board,thigh_l.abduct_frame,PCBA内含,pcb,1,,,,,0.91 x 10.0 x 12.0,按电子板成套，不按机械实体重复采购,parts/thigh_l_twist_M_pcb_board.step,,actual_KiCad_STEP
thigh_l_twist_M_pcb_J1_dimension_envelope,thigh_l.abduct_frame,PCBA内含,pcb_component,1,,,,,3.3 x 9.4 x 9.6,按电子板成套，不按机械实体重复采购,parts/thigh_l_twist_M_pcb_J1_dimension_envelope.step,,"JST SM06B-SRSS-TB side-entry SH6, conservative 9.4 x9.6 x3.3 mm mated plug allocation; cable bend remains a separate harness requirement"
thigh_l_abduct_M_rotor_mount_M3x12_0,thigh_l.abduct_frame,采购紧固件,metal,1,,M3,12,screw_head_to_drawing,5.5 x 5.5 x 15.0,按螺纹、长度、材料和实际头部包络一起核对,parts/thigh_l_abduct_M_rotor_mount_M3x12_0.step,,M3x12 socket screw; unmodelled helical thread
thigh_l_abduct_M_rotor_mount_nut_M3_0,thigh_l.abduct_frame,采购紧固件,metal,1,,M3,,hex_nut,2.4 x 5.5 x 6.351,按螺纹、长度、材料和实际头部包络一起核对,parts/thigh_l_abduct_M_rotor_mount_nut_M3_0.step,,M3 nut envelope; removable thread locking method pending
thigh_l_abduct_M_rotor_mount_M3x12_1,thigh_l.abduct_frame,采购紧固件,metal,1,,M3,12,screw_head_to_drawing,5.5 x 5.5 x 15.0,按螺纹、长度、材料和实际头部包络一起核对,parts/thigh_l_abduct_M_rotor_mount_M3x12_1.step,,M3x12 socket screw; unmodelled helical thread
thigh_l_abduct_M_rotor_mount_nut_M3_1,thigh_l.abduct_frame,采购紧固件,metal,1,,M3,,hex_nut,2.4 x 5.5 x 6.351,按螺纹、长度、材料和实际头部包络一起核对,parts/thigh_l_abduct_M_rotor_mount_nut_M3_1.step,,M3 nut envelope; removable thread locking method pending
thigh_l_twist_M_fixed_mount_M3x8_0,thigh_l.abduct_frame,采购紧固件,metal,1,,M3,8,screw_head_to_drawing,5.5 x 5.5 x 11.0,按螺纹、长度、材料和实际头部包络一起核对,parts/thigh_l_twist_M_fixed_mount_M3x8_0.step,,M3x8 from outer carrier face into metal eye; 3 mm nominal threaded engagement
thigh_l_twist_M_fixed_mount_M3x8_1,thigh_l.abduct_frame,采购紧固件,metal,1,,M3,8,screw_head_to_drawing,5.5 x 5.5 x 11.0,按螺纹、长度、材料和实际头部包络一起核对,parts/thigh_l_twist_M_fixed_mount_M3x8_1.step,,M3x8 from outer carrier face into metal eye; 3 mm nominal threaded engagement
thigh_l_twist_M_axial_carrier,thigh_l.abduct_frame,加工金属,aluminum_7075,1,,,,,20.0 x 27.0 x 64.0,按 STEP 加工并检验配合；复杂框架先反馈 DFM,parts/thigh_l_twist_M_axial_carrier.step,,Twist cartridge translated along the original axial line; bolt-on carrier beneath the orthogonal pair
calf_l_flex_M_fixed_metal_eye,thigh_l,加工金属,aluminum_7075,1,,,,,4.0 x 41.41 x 48.5,按 STEP 加工并检验配合；复杂框架先反馈 DFM,parts/calf_l_flex_M_fixed_metal_eye.step,,"Machined 6061-T6 eye; 2 x M3 tapped mounting holes; friction lining reacts into this eye; integral angular travel guards reacting directly into bearing eye; D14.50 x0.85 upper retaining counterbore, flat Z3.15"
calf_l_flex_M_radial_bush,thigh_l,加工塑料,pom,1,,,,,2.8 x 14.4 x 14.4,POM-C / 未填充 PEEK / PA12 按材质分别加工；薄件不等同 PLA 打印,parts/calf_l_flex_M_radial_bush.step,,"D6 journal +0.06 mm nominal diametral clearance; not part of axial preload loop; D14.40 x0.70 flange at Z3.20..3.90, captured below thrust washer Z4.00; 0.15 total nominal axial float"
calf_l_flex_M_friction_lining,thigh_l,加工塑料,peek,1,,,,,1.0 x 32.0 x 33.4,POM-C / 未填充 PEEK / PA12 按材质分别加工；薄件不等同 PLA 打印,parts/calf_l_flex_M_friction_lining.step,,"1 mm replaceable lining with positive edge tabs; friction coefficient is an untested assumption; unfilled machined PEEK candidate, dry contact; actual torque and creep must be qualified"
calf_l_flex_M_flanged_rotor_shaft,calf_l,加工金属,aluminum_7075,1,,,,,18.376 x 34.0 x 37.0,按 STEP 加工并检验配合；复杂框架先反馈 DFM,parts/calf_l_flex_M_flanged_rotor_shaft.step,,"Integral D6 drive, journal and friction flange; blind M3 end thread and M2 radial retention; no threaded running surface; integral load-bearing flange stop tab; magnetic cup is not a stop; D8/flat3.5 output below flange, D6 journal preserved; 7075-T6 material candidate; radial M2 pilot retained"
calf_l_flex_M_thrust_wear_washer,thigh_l,采购标准件,ptfe_composite,1,PCMW 102001.5 E,,,,1.5 x 20.0 x 20.0,SKF PCMW 102001.5 E；以当前 STEP 尺寸核对,parts/calf_l_flex_M_thrust_wear_washer.step,,SKF PCMW102001.5 E envelope; radial bush is unloaded axially
calf_l_flex_M_spring_seat,calf_l,加工金属,spring,1,,,,,0.5 x 20.0 x 20.0,按 STEP 加工并检验配合；复杂框架先反馈 DFM,parts/calf_l_flex_M_spring_seat.step,,
calf_l_flex_M_disc_spring_0_0,calf_l,采购碟簧,spring,1,SCHNORR 002200,,,,0.688 x 12.0 x 12.0,按弹簧型号和装配方向，不按 CAD 色彩选型,parts/calf_l_flex_M_disc_spring_0_0.step,,"SCHNORR 002200; 1 nested parallel per group, two groups opposed in series"
calf_l_flex_M_disc_spring_1_0,calf_l,采购碟簧,spring,1,SCHNORR 002200,,,,0.688 x 12.0 x 12.0,按弹簧型号和装配方向，不按 CAD 色彩选型,parts/calf_l_flex_M_disc_spring_1_0.step,,"SCHNORR 002200; 1 nested parallel per group, two groups opposed in series"
calf_l_flex_M_D_stop_cap,calf_l,加工金属,aluminum,1,,,,,3.0 x 12.4 x 13.6,按 STEP 加工并检验配合；复杂框架先反馈 DFM,parts/calf_l_flex_M_D_stop_cap.step,,Metal shoulder fixes nominal spring height; actual preload requires selected shims and a physical torque test
calf_l_flex_M_M3x8_button_retainer,calf_l,采购紧固件,titanium,1,SSB-M3-8-TI5,M3,8,button_head,5.7 x 5.7 x 9.65,按螺纹、长度、材料和实际头部包络一起核对,parts/calf_l_flex_M_M3x8_button_retainer.step,,Accu SSB-M3-8-TI5 nominal head envelope; thread and bearing stress unqualified
calf_l_flex_M_keyed_magnet_cup,calf_l,加工金属,aluminum,1,,,,,7.55 x 16.4 x 16.4,按 STEP 加工并检验配合；复杂框架先反馈 DFM,parts/calf_l_flex_M_keyed_magnet_cup.step,,External D key transmits angle; 0.05 mm nominal fit and two radial brass retainers
calf_l_flex_M_cup_M2x4_0,calf_l,采购紧固件,brass,1,,M2,4,screw_head_to_drawing,2.0 x 2.0 x 4.0,按螺纹、长度、材料和实际头部包络一起核对,parts/calf_l_flex_M_cup_M2x4_0.step,,Thread envelope; slotted brass M2x4
calf_l_flex_M_cup_M2x4_1,calf_l,采购紧固件,brass,1,,M2,4,screw_head_to_drawing,2.0 x 2.0 x 4.0,按螺纹、长度、材料和实际头部包络一起核对,parts/calf_l_flex_M_cup_M2x4_1.step,,Thread envelope; slotted brass M2x4
calf_l_flex_M_diametric_magnet_6x2p5,calf_l,采购标准件,magnet,1,AS5000-MD6H-2,,,,2.5 x 6.0 x 6.0,AS5000-MD6H-2 候选，Ø6×2.5 径向充磁，逐件核对磁场,parts/calf_l_flex_M_diametric_magnet_6x2p5.step,,Diametric magnet; magnetic field and interference require bench qualification
calf_l_flex_M_magnet_keeper,calf_l,打印,frame,1,,,,,2.7 x 19.2 x 19.2,PLA 候选，按随件 STL 和切片复核要求,parts/calf_l_flex_M_magnet_keeper.step,print_candidates/calf_l_flex_M_magnet_keeper.stl,"1.2 mm radial wall, 0.20 mm nominal radial fit allowance, 0.8 mm face; mechanical retention outside sensor air gap"
calf_l_flex_M_keeper_M2x3_0,calf_l,采购紧固件,brass,1,,M2,3,screw_head_to_drawing,2.0 x 2.0 x 3.0,按螺纹、长度、材料和实际头部包络一起核对,parts/calf_l_flex_M_keeper_M2x3_0.step,,Slotted brass M2x3 thread envelope
calf_l_flex_M_keeper_M2x3_1,calf_l,采购紧固件,brass,1,,M2,3,screw_head_to_drawing,2.0 x 2.0 x 3.0,按螺纹、长度、材料和实际头部包络一起核对,parts/calf_l_flex_M_keeper_M2x3_1.step,,Slotted brass M2x3 thread envelope
calf_l_flex_M_D_output_cleat,calf_l,加工金属,aluminum_7075,1,,,,,4.95 x 19.0 x 31.0,按 STEP 加工并检验配合；复杂框架先反馈 DFM,parts/calf_l_flex_M_D_output_cleat.step,,"Two M3 attachment bores; drive on D-flat, axial retention by radial M2 into shaft; enlarged D8 output bore matches strengthened high-load shaft"
calf_l_flex_M_output_M2x6,calf_l,采购紧固件,brass,1,,M2,6,screw_head_to_drawing,3.8 x 3.8 x 8.0,按螺纹、长度、材料和实际头部包络一起核对,parts/calf_l_flex_M_output_M2x6.step,,Nominal M2x6 radial retainer; install before connecting distal segment
calf_l_flex_M_board_post_0,thigh_l,加工金属,brass,1,,,,,3.5 x 4.041 x 15.121,按 STEP 加工并检验配合；复杂框架先反馈 DFM,parts/calf_l_flex_M_board_post_0.step,,Custom AF3.5 male/female M2 spacer; 2.5 mm nominal engagement in metal eye
calf_l_flex_M_PCB_edge_saddle_0,thigh_l,打印,frame,1,,,,,2.0 x 4.0 x 15.4,PLA 候选，按随件 STL 和切片复核要求,parts/calf_l_flex_M_PCB_edge_saddle_0.step,print_candidates/calf_l_flex_M_PCB_edge_saddle_0.stl,
calf_l_flex_M_PCB_edge_cap_0,thigh_l,加工塑料,nylon,1,,,,,0.8 x 4.0 x 15.4,POM-C / 未填充 PEEK / PA12 按材质分别加工；薄件不等同 PLA 打印,parts/calf_l_flex_M_PCB_edge_cap_0.step,,
calf_l_flex_M_PCB_M2x6_0,thigh_l,采购紧固件,nylon,1,,M2,6,screw_head_to_drawing,3.8 x 3.8 x 8.0,按螺纹、长度、材料和实际头部包络一起核对,parts/calf_l_flex_M_PCB_M2x6_0.step,,
calf_l_flex_M_board_post_1,thigh_l,加工金属,brass,1,,,,,3.5 x 4.041 x 15.121,按 STEP 加工并检验配合；复杂框架先反馈 DFM,parts/calf_l_flex_M_board_post_1.step,,Custom AF3.5 male/female M2 spacer; 2.5 mm nominal engagement in metal eye
calf_l_flex_M_PCB_edge_saddle_1,thigh_l,打印,frame,1,,,,,2.0 x 4.0 x 15.4,PLA 候选，按随件 STL 和切片复核要求,parts/calf_l_flex_M_PCB_edge_saddle_1.step,print_candidates/calf_l_flex_M_PCB_edge_saddle_1.stl,
calf_l_flex_M_PCB_edge_cap_1,thigh_l,加工塑料,nylon,1,,,,,0.8 x 4.0 x 15.4,POM-C / 未填充 PEEK / PA12 按材质分别加工；薄件不等同 PLA 打印,parts/calf_l_flex_M_PCB_edge_cap_1.step,,
calf_l_flex_M_PCB_M2x6_1,thigh_l,采购紧固件,nylon,1,,M2,6,screw_head_to_drawing,3.8 x 3.8 x 8.0,按螺纹、长度、材料和实际头部包络一起核对,parts/calf_l_flex_M_PCB_M2x6_1.step,,
calf_l_flex_M_pcb_AS5048A,thigh_l,PCBA内含,pcb_component,1,,,,,1.0 x 5.0 x 6.4,按电子板成套，不按机械实体重复采购,parts/calf_l_flex_M_pcb_AS5048A.step,,actual_KiCad_STEP
calf_l_flex_M_pcb_C1,thigh_l,PCBA内含,pcb_component,1,,,,,0.8 x 0.8 x 1.6,按电子板成套，不按机械实体重复采购,parts/calf_l_flex_M_pcb_C1.step,,actual_KiCad_STEP
calf_l_flex_M_pcb_C2,thigh_l,PCBA内含,pcb_component,1,,,,,1.05 x 1.45 x 2.3,按电子板成套，不按机械实体重复采购,parts/calf_l_flex_M_pcb_C2.step,,"Murata GRM219R61E106KA12D 10 uF 25 V X5R, max .95 mm body + .10 mm solder seating allocation"
calf_l_flex_M_pcb_R1,thigh_l,PCBA内含,pcb_component,1,,,,,0.45 x 0.8 x 1.6,按电子板成套，不按机械实体重复采购,parts/calf_l_flex_M_pcb_R1.step,,actual_KiCad_STEP
calf_l_flex_M_pcb_R2,thigh_l,PCBA内含,pcb_component,1,,,,,0.45 x 0.8 x 1.6,按电子板成套，不按机械实体重复采购,parts/calf_l_flex_M_pcb_R2.step,,actual_KiCad_STEP
calf_l_flex_M_pcb_board,thigh_l,PCBA内含,pcb,1,,,,,0.91 x 10.0 x 12.0,按电子板成套，不按机械实体重复采购,parts/calf_l_flex_M_pcb_board.step,,actual_KiCad_STEP
calf_l_flex_M_pcb_J1_dimension_envelope,thigh_l,PCBA内含,pcb_component,1,,,,,3.3 x 9.4 x 9.6,按电子板成套，不按机械实体重复采购,parts/calf_l_flex_M_pcb_J1_dimension_envelope.step,,"JST SM06B-SRSS-TB side-entry SH6, conservative 9.4 x9.6 x3.3 mm mated plug allocation; cable bend remains a separate harness requirement"
foot_l_dorsiflex_M_fixed_metal_eye,calf_l,加工金属,aluminum_7075,1,,,,,4.0 x 28.184 x 42.5,按 STEP 加工并检验配合；复杂框架先反馈 DFM,parts/foot_l_dorsiflex_M_fixed_metal_eye.step,,"Machined 6061-T6 eye; 2 x M3 tapped mounting holes; friction lining reacts into this eye; integral angular travel guards reacting directly into bearing eye; D14.50 x0.85 upper retaining counterbore, flat Z3.15"
foot_l_dorsiflex_M_radial_bush,calf_l,加工塑料,pom,1,,,,,2.8 x 14.4 x 14.4,POM-C / 未填充 PEEK / PA12 按材质分别加工；薄件不等同 PLA 打印,parts/foot_l_dorsiflex_M_radial_bush.step,,"D6 journal +0.06 mm nominal diametral clearance; not part of axial preload loop; D14.40 x0.70 flange at Z3.20..3.90, captured below thrust washer Z4.00; 0.15 total nominal axial float"
foot_l_dorsiflex_M_friction_lining,calf_l,加工塑料,peek,1,,,,,1.0 x 26.0 x 27.4,POM-C / 未填充 PEEK / PA12 按材质分别加工；薄件不等同 PLA 打印,parts/foot_l_dorsiflex_M_friction_lining.step,,"1 mm replaceable lining with positive edge tabs; friction coefficient is an untested assumption; unfilled machined PEEK candidate, dry contact; actual torque and creep must be qualified"
foot_l_dorsiflex_M_flanged_rotor_shaft,foot_l.dorsiflex_frame,加工金属,aluminum_7075,1,,,,,18.176 x 28.0 x 31.0,按 STEP 加工并检验配合；复杂框架先反馈 DFM,parts/foot_l_dorsiflex_M_flanged_rotor_shaft.step,,"Integral D6 drive, journal and friction flange; blind M3 end thread and M2 radial retention; no threaded running surface; integral load-bearing flange stop tab; magnetic cup is not a stop"
foot_l_dorsiflex_M_thrust_wear_washer,calf_l,采购标准件,ptfe_composite,1,PCMW 102001.5 E,,,,1.5 x 20.0 x 20.0,SKF PCMW 102001.5 E；以当前 STEP 尺寸核对,parts/foot_l_dorsiflex_M_thrust_wear_washer.step,,SKF PCMW102001.5 E envelope; radial bush is unloaded axially
foot_l_dorsiflex_M_spring_seat,foot_l.dorsiflex_frame,加工金属,spring,1,,,,,0.5 x 20.0 x 20.0,按 STEP 加工并检验配合；复杂框架先反馈 DFM,parts/foot_l_dorsiflex_M_spring_seat.step,,
foot_l_dorsiflex_M_disc_spring_0_0,foot_l.dorsiflex_frame,采购碟簧,spring,1,SCHNORR 002100,,,,0.588 x 12.0 x 12.0,按弹簧型号和装配方向，不按 CAD 色彩选型,parts/foot_l_dorsiflex_M_disc_spring_0_0.step,,"SCHNORR 002100; 1 nested parallel per group, two groups opposed in series"
foot_l_dorsiflex_M_disc_spring_1_0,foot_l.dorsiflex_frame,采购碟簧,spring,1,SCHNORR 002100,,,,0.588 x 12.0 x 12.0,按弹簧型号和装配方向，不按 CAD 色彩选型,parts/foot_l_dorsiflex_M_disc_spring_1_0.step,,"SCHNORR 002100; 1 nested parallel per group, two groups opposed in series"
foot_l_dorsiflex_M_D_stop_cap,foot_l.dorsiflex_frame,加工金属,aluminum,1,,,,,3.0 x 12.4 x 13.6,按 STEP 加工并检验配合；复杂框架先反馈 DFM,parts/foot_l_dorsiflex_M_D_stop_cap.step,,Metal shoulder fixes nominal spring height; actual preload requires selected shims and a physical torque test
foot_l_dorsiflex_M_M3x8_button_retainer,foot_l.dorsiflex_frame,采购紧固件,titanium,1,SSB-M3-8-TI5,M3,8,button_head,5.7 x 5.7 x 9.65,按螺纹、长度、材料和实际头部包络一起核对,parts/foot_l_dorsiflex_M_M3x8_button_retainer.step,,Accu SSB-M3-8-TI5 nominal head envelope; thread and bearing stress unqualified
foot_l_dorsiflex_M_keyed_magnet_cup,foot_l.dorsiflex_frame,加工金属,aluminum,1,,,,,7.55 x 16.4 x 16.4,按 STEP 加工并检验配合；复杂框架先反馈 DFM,parts/foot_l_dorsiflex_M_keyed_magnet_cup.step,,External D key transmits angle; 0.05 mm nominal fit and two radial brass retainers
foot_l_dorsiflex_M_cup_M2x4_0,foot_l.dorsiflex_frame,采购紧固件,brass,1,,M2,4,screw_head_to_drawing,2.0 x 2.0 x 4.0,按螺纹、长度、材料和实际头部包络一起核对,parts/foot_l_dorsiflex_M_cup_M2x4_0.step,,Thread envelope; slotted brass M2x4
foot_l_dorsiflex_M_cup_M2x4_1,foot_l.dorsiflex_frame,采购紧固件,brass,1,,M2,4,screw_head_to_drawing,2.0 x 2.0 x 4.0,按螺纹、长度、材料和实际头部包络一起核对,parts/foot_l_dorsiflex_M_cup_M2x4_1.step,,Thread envelope; slotted brass M2x4
foot_l_dorsiflex_M_diametric_magnet_6x2p5,foot_l.dorsiflex_frame,采购标准件,magnet,1,AS5000-MD6H-2,,,,2.5 x 6.0 x 6.0,AS5000-MD6H-2 候选，Ø6×2.5 径向充磁，逐件核对磁场,parts/foot_l_dorsiflex_M_diametric_magnet_6x2p5.step,,Diametric magnet; magnetic field and interference require bench qualification
foot_l_dorsiflex_M_magnet_keeper,foot_l.dorsiflex_frame,打印,frame,1,,,,,2.7 x 19.2 x 19.2,PLA 候选，按随件 STL 和切片复核要求,parts/foot_l_dorsiflex_M_magnet_keeper.step,print_candidates/foot_l_dorsiflex_M_magnet_keeper.stl,"1.2 mm radial wall, 0.20 mm nominal radial fit allowance, 0.8 mm face; mechanical retention outside sensor air gap"
foot_l_dorsiflex_M_keeper_M2x3_0,foot_l.dorsiflex_frame,采购紧固件,brass,1,,M2,3,screw_head_to_drawing,2.0 x 2.0 x 3.0,按螺纹、长度、材料和实际头部包络一起核对,parts/foot_l_dorsiflex_M_keeper_M2x3_0.step,,Slotted brass M2x3 thread envelope
foot_l_dorsiflex_M_keeper_M2x3_1,foot_l.dorsiflex_frame,采购紧固件,brass,1,,M2,3,screw_head_to_drawing,2.0 x 2.0 x 3.0,按螺纹、长度、材料和实际头部包络一起核对,parts/foot_l_dorsiflex_M_keeper_M2x3_1.step,,Slotted brass M2x3 thread envelope
foot_l_dorsiflex_M_D_output_cleat,foot_l.dorsiflex_frame,加工金属,aluminum,1,,,,,4.95 x 19.0 x 28.0,按 STEP 加工并检验配合；复杂框架先反馈 DFM,parts/foot_l_dorsiflex_M_D_output_cleat.step,,"Two M3 attachment bores; drive on D-flat, axial retention by radial M2 into shaft"
foot_l_dorsiflex_M_output_M2x6,foot_l.dorsiflex_frame,采购紧固件,brass,1,,M2,6,screw_head_to_drawing,3.8 x 3.8 x 8.0,按螺纹、长度、材料和实际头部包络一起核对,parts/foot_l_dorsiflex_M_output_M2x6.step,,Nominal M2x6 radial retainer; install before connecting distal segment
foot_l_dorsiflex_M_board_post_0,calf_l,加工金属,brass,1,,,,,3.5 x 4.041 x 14.921,按 STEP 加工并检验配合；复杂框架先反馈 DFM,parts/foot_l_dorsiflex_M_board_post_0.step,,Custom AF3.5 male/female M2 spacer; 2.5 mm nominal engagement in metal eye
foot_l_dorsiflex_M_PCB_edge_saddle_0,calf_l,打印,frame,1,,,,,2.0 x 4.0 x 12.4,PLA 候选，按随件 STL 和切片复核要求,parts/foot_l_dorsiflex_M_PCB_edge_saddle_0.step,print_candidates/foot_l_dorsiflex_M_PCB_edge_saddle_0.stl,
foot_l_dorsiflex_M_PCB_edge_cap_0,calf_l,加工塑料,nylon,1,,,,,0.8 x 4.0 x 12.4,POM-C / 未填充 PEEK / PA12 按材质分别加工；薄件不等同 PLA 打印,parts/foot_l_dorsiflex_M_PCB_edge_cap_0.step,,
foot_l_dorsiflex_M_PCB_M2x6_0,calf_l,采购紧固件,nylon,1,,M2,6,screw_head_to_drawing,3.8 x 3.8 x 8.0,按螺纹、长度、材料和实际头部包络一起核对,parts/foot_l_dorsiflex_M_PCB_M2x6_0.step,,
foot_l_dorsiflex_M_board_post_1,calf_l,加工金属,brass,1,,,,,3.5 x 4.041 x 14.921,按 STEP 加工并检验配合；复杂框架先反馈 DFM,parts/foot_l_dorsiflex_M_board_post_1.step,,Custom AF3.5 male/female M2 spacer; 2.5 mm nominal engagement in metal eye
foot_l_dorsiflex_M_PCB_edge_saddle_1,calf_l,打印,frame,1,,,,,2.0 x 4.0 x 12.4,PLA 候选，按随件 STL 和切片复核要求,parts/foot_l_dorsiflex_M_PCB_edge_saddle_1.step,print_candidates/foot_l_dorsiflex_M_PCB_edge_saddle_1.stl,
foot_l_dorsiflex_M_PCB_edge_cap_1,calf_l,加工塑料,nylon,1,,,,,0.8 x 4.0 x 12.4,POM-C / 未填充 PEEK / PA12 按材质分别加工；薄件不等同 PLA 打印,parts/foot_l_dorsiflex_M_PCB_edge_cap_1.step,,
foot_l_dorsiflex_M_PCB_M2x6_1,calf_l,采购紧固件,nylon,1,,M2,6,screw_head_to_drawing,3.8 x 3.8 x 8.0,按螺纹、长度、材料和实际头部包络一起核对,parts/foot_l_dorsiflex_M_PCB_M2x6_1.step,,
foot_l_dorsiflex_M_pcb_AS5048A,calf_l,PCBA内含,pcb_component,1,,,,,1.0 x 5.0 x 6.4,按电子板成套，不按机械实体重复采购,parts/foot_l_dorsiflex_M_pcb_AS5048A.step,,actual_KiCad_STEP
foot_l_dorsiflex_M_pcb_C1,calf_l,PCBA内含,pcb_component,1,,,,,0.8 x 0.8 x 1.6,按电子板成套，不按机械实体重复采购,parts/foot_l_dorsiflex_M_pcb_C1.step,,actual_KiCad_STEP
foot_l_dorsiflex_M_pcb_C2,calf_l,PCBA内含,pcb_component,1,,,,,1.05 x 1.45 x 2.3,按电子板成套，不按机械实体重复采购,parts/foot_l_dorsiflex_M_pcb_C2.step,,"Murata GRM219R61E106KA12D 10 uF 25 V X5R, max .95 mm body + .10 mm solder seating allocation"
foot_l_dorsiflex_M_pcb_R1,calf_l,PCBA内含,pcb_component,1,,,,,0.45 x 0.8 x 1.6,按电子板成套，不按机械实体重复采购,parts/foot_l_dorsiflex_M_pcb_R1.step,,actual_KiCad_STEP
foot_l_dorsiflex_M_pcb_R2,calf_l,PCBA内含,pcb_component,1,,,,,0.45 x 0.8 x 1.6,按电子板成套，不按机械实体重复采购,parts/foot_l_dorsiflex_M_pcb_R2.step,,actual_KiCad_STEP
foot_l_dorsiflex_M_pcb_board,calf_l,PCBA内含,pcb,1,,,,,0.91 x 10.0 x 12.0,按电子板成套，不按机械实体重复采购,parts/foot_l_dorsiflex_M_pcb_board.step,,actual_KiCad_STEP
foot_l_dorsiflex_M_pcb_J1_dimension_envelope,calf_l,PCBA内含,pcb_component,1,,,,,3.3 x 9.4 x 9.6,按电子板成套，不按机械实体重复采购,parts/foot_l_dorsiflex_M_pcb_J1_dimension_envelope.step,,"JST SM06B-SRSS-TB side-entry SH6, conservative 9.4 x9.6 x3.3 mm mated plug allocation; cable bend remains a separate harness requirement"
foot_l_invert_M_fixed_metal_eye,foot_l.dorsiflex_frame,加工金属,aluminum_7075,1,,,,,4.0 x 36.0 x 38.5,按 STEP 加工并检验配合；复杂框架先反馈 DFM,parts/foot_l_invert_M_fixed_metal_eye.step,,"Machined 6061-T6 eye; 2 x M3 tapped mounting holes; friction lining reacts into this eye; integral angular travel guards reacting directly into bearing eye; D14.50 x0.85 upper retaining counterbore, flat Z3.15"
foot_l_invert_M_radial_bush,foot_l.dorsiflex_frame,加工塑料,pom,1,,,,,2.8 x 14.4 x 14.4,POM-C / 未填充 PEEK / PA12 按材质分别加工；薄件不等同 PLA 打印,parts/foot_l_invert_M_radial_bush.step,,"D6 journal +0.06 mm nominal diametral clearance; not part of axial preload loop; D14.40 x0.70 flange at Z3.20..3.90, captured below thrust washer Z4.00; 0.15 total nominal axial float"
foot_l_invert_M_friction_lining,foot_l.dorsiflex_frame,加工塑料,peek,1,,,,,1.0 x 26.0 x 27.4,POM-C / 未填充 PEEK / PA12 按材质分别加工；薄件不等同 PLA 打印,parts/foot_l_invert_M_friction_lining.step,,"1 mm replaceable lining with positive edge tabs; friction coefficient is an untested assumption; unfilled machined PEEK candidate, dry contact; actual torque and creep must be qualified"
foot_l_invert_M_flanged_rotor_shaft,foot_l,加工金属,aluminum_7075,1,,,,,18.176 x 28.0 x 31.0,按 STEP 加工并检验配合；复杂框架先反馈 DFM,parts/foot_l_invert_M_flanged_rotor_shaft.step,,"Integral D6 drive, journal and friction flange; blind M3 end thread and M2 radial retention; no threaded running surface; integral load-bearing flange stop tab; magnetic cup is not a stop"
foot_l_invert_M_thrust_wear_washer,foot_l.dorsiflex_frame,采购标准件,ptfe_composite,1,PCMW 102001.5 E,,,,1.5 x 20.0 x 20.0,SKF PCMW 102001.5 E；以当前 STEP 尺寸核对,parts/foot_l_invert_M_thrust_wear_washer.step,,SKF PCMW102001.5 E envelope; radial bush is unloaded axially
foot_l_invert_M_spring_seat,foot_l,加工金属,spring,1,,,,,0.5 x 20.0 x 20.0,按 STEP 加工并检验配合；复杂框架先反馈 DFM,parts/foot_l_invert_M_spring_seat.step,,
foot_l_invert_M_disc_spring_0_0,foot_l,采购碟簧,spring,1,SCHNORR 002100,,,,0.588 x 12.0 x 12.0,按弹簧型号和装配方向，不按 CAD 色彩选型,parts/foot_l_invert_M_disc_spring_0_0.step,,"SCHNORR 002100; 1 nested parallel per group, two groups opposed in series"
foot_l_invert_M_disc_spring_1_0,foot_l,采购碟簧,spring,1,SCHNORR 002100,,,,0.588 x 12.0 x 12.0,按弹簧型号和装配方向，不按 CAD 色彩选型,parts/foot_l_invert_M_disc_spring_1_0.step,,"SCHNORR 002100; 1 nested parallel per group, two groups opposed in series"
foot_l_invert_M_D_stop_cap,foot_l,加工金属,aluminum,1,,,,,3.0 x 12.4 x 13.6,按 STEP 加工并检验配合；复杂框架先反馈 DFM,parts/foot_l_invert_M_D_stop_cap.step,,Metal shoulder fixes nominal spring height; actual preload requires selected shims and a physical torque test
foot_l_invert_M_M3x8_button_retainer,foot_l,采购紧固件,titanium,1,SSB-M3-8-TI5,M3,8,button_head,5.7 x 5.7 x 9.65,按螺纹、长度、材料和实际头部包络一起核对,parts/foot_l_invert_M_M3x8_button_retainer.step,,Accu SSB-M3-8-TI5 nominal head envelope; thread and bearing stress unqualified
foot_l_invert_M_keyed_magnet_cup,foot_l,加工金属,aluminum,1,,,,,7.55 x 16.4 x 16.4,按 STEP 加工并检验配合；复杂框架先反馈 DFM,parts/foot_l_invert_M_keyed_magnet_cup.step,,External D key transmits angle; 0.05 mm nominal fit and two radial brass retainers
foot_l_invert_M_cup_M2x4_0,foot_l,采购紧固件,brass,1,,M2,4,screw_head_to_drawing,2.0 x 2.0 x 4.0,按螺纹、长度、材料和实际头部包络一起核对,parts/foot_l_invert_M_cup_M2x4_0.step,,Thread envelope; slotted brass M2x4
foot_l_invert_M_cup_M2x4_1,foot_l,采购紧固件,brass,1,,M2,4,screw_head_to_drawing,2.0 x 2.0 x 4.0,按螺纹、长度、材料和实际头部包络一起核对,parts/foot_l_invert_M_cup_M2x4_1.step,,Thread envelope; slotted brass M2x4
foot_l_invert_M_diametric_magnet_6x2p5,foot_l,采购标准件,magnet,1,AS5000-MD6H-2,,,,2.5 x 6.0 x 6.0,AS5000-MD6H-2 候选，Ø6×2.5 径向充磁，逐件核对磁场,parts/foot_l_invert_M_diametric_magnet_6x2p5.step,,Diametric magnet; magnetic field and interference require bench qualification
foot_l_invert_M_magnet_keeper,foot_l,打印,frame,1,,,,,2.7 x 19.2 x 19.2,PLA 候选，按随件 STL 和切片复核要求,parts/foot_l_invert_M_magnet_keeper.step,print_candidates/foot_l_invert_M_magnet_keeper.stl,"1.2 mm radial wall, 0.20 mm nominal radial fit allowance, 0.8 mm face; mechanical retention outside sensor air gap"
foot_l_invert_M_keeper_M2x3_0,foot_l,采购紧固件,brass,1,,M2,3,screw_head_to_drawing,2.0 x 2.0 x 3.0,按螺纹、长度、材料和实际头部包络一起核对,parts/foot_l_invert_M_keeper_M2x3_0.step,,Slotted brass M2x3 thread envelope
foot_l_invert_M_keeper_M2x3_1,foot_l,采购紧固件,brass,1,,M2,3,screw_head_to_drawing,2.0 x 2.0 x 3.0,按螺纹、长度、材料和实际头部包络一起核对,parts/foot_l_invert_M_keeper_M2x3_1.step,,Slotted brass M2x3 thread envelope
foot_l_invert_M_D_output_cleat,foot_l,加工金属,aluminum,1,,,,,4.95 x 19.0 x 28.0,按 STEP 加工并检验配合；复杂框架先反馈 DFM,parts/foot_l_invert_M_D_output_cleat.step,,"Two M3 attachment bores; drive on D-flat, axial retention by radial M2 into shaft"
foot_l_invert_M_output_M2x6,foot_l,采购紧固件,brass,1,,M2,6,screw_head_to_drawing,3.8 x 3.8 x 8.0,按螺纹、长度、材料和实际头部包络一起核对,parts/foot_l_invert_M_output_M2x6.step,,Nominal M2x6 radial retainer; install before connecting distal segment
foot_l_invert_M_board_post_0,foot_l.dorsiflex_frame,加工金属,brass,1,,,,,3.5 x 4.041 x 14.921,按 STEP 加工并检验配合；复杂框架先反馈 DFM,parts/foot_l_invert_M_board_post_0.step,,Custom AF3.5 male/female M2 spacer; 2.5 mm nominal engagement in metal eye
foot_l_invert_M_PCB_edge_saddle_0,foot_l.dorsiflex_frame,打印,frame,1,,,,,2.0 x 4.0 x 12.4,PLA 候选，按随件 STL 和切片复核要求,parts/foot_l_invert_M_PCB_edge_saddle_0.step,print_candidates/foot_l_invert_M_PCB_edge_saddle_0.stl,
foot_l_invert_M_PCB_edge_cap_0,foot_l.dorsiflex_frame,加工塑料,nylon,1,,,,,0.8 x 4.0 x 12.4,POM-C / 未填充 PEEK / PA12 按材质分别加工；薄件不等同 PLA 打印,parts/foot_l_invert_M_PCB_edge_cap_0.step,,
foot_l_invert_M_PCB_M2x6_0,foot_l.dorsiflex_frame,采购紧固件,nylon,1,,M2,6,screw_head_to_drawing,3.8 x 3.8 x 8.0,按螺纹、长度、材料和实际头部包络一起核对,parts/foot_l_invert_M_PCB_M2x6_0.step,,
foot_l_invert_M_board_post_1,foot_l.dorsiflex_frame,加工金属,brass,1,,,,,3.5 x 4.041 x 14.921,按 STEP 加工并检验配合；复杂框架先反馈 DFM,parts/foot_l_invert_M_board_post_1.step,,Custom AF3.5 male/female M2 spacer; 2.5 mm nominal engagement in metal eye
foot_l_invert_M_PCB_edge_saddle_1,foot_l.dorsiflex_frame,打印,frame,1,,,,,2.0 x 4.0 x 12.4,PLA 候选，按随件 STL 和切片复核要求,parts/foot_l_invert_M_PCB_edge_saddle_1.step,print_candidates/foot_l_invert_M_PCB_edge_saddle_1.stl,
foot_l_invert_M_PCB_edge_cap_1,foot_l.dorsiflex_frame,加工塑料,nylon,1,,,,,0.8 x 4.0 x 12.4,POM-C / 未填充 PEEK / PA12 按材质分别加工；薄件不等同 PLA 打印,parts/foot_l_invert_M_PCB_edge_cap_1.step,,
foot_l_invert_M_PCB_M2x6_1,foot_l.dorsiflex_frame,采购紧固件,nylon,1,,M2,6,screw_head_to_drawing,3.8 x 3.8 x 8.0,按螺纹、长度、材料和实际头部包络一起核对,parts/foot_l_invert_M_PCB_M2x6_1.step,,
foot_l_invert_M_pcb_AS5048A,foot_l.dorsiflex_frame,PCBA内含,pcb_component,1,,,,,1.0 x 5.0 x 6.4,按电子板成套，不按机械实体重复采购,parts/foot_l_invert_M_pcb_AS5048A.step,,actual_KiCad_STEP
foot_l_invert_M_pcb_C1,foot_l.dorsiflex_frame,PCBA内含,pcb_component,1,,,,,0.8 x 0.8 x 1.6,按电子板成套，不按机械实体重复采购,parts/foot_l_invert_M_pcb_C1.step,,actual_KiCad_STEP
foot_l_invert_M_pcb_C2,foot_l.dorsiflex_frame,PCBA内含,pcb_component,1,,,,,1.05 x 1.45 x 2.3,按电子板成套，不按机械实体重复采购,parts/foot_l_invert_M_pcb_C2.step,,"Murata GRM219R61E106KA12D 10 uF 25 V X5R, max .95 mm body + .10 mm solder seating allocation"
foot_l_invert_M_pcb_R1,foot_l.dorsiflex_frame,PCBA内含,pcb_component,1,,,,,0.45 x 0.8 x 1.6,按电子板成套，不按机械实体重复采购,parts/foot_l_invert_M_pcb_R1.step,,actual_KiCad_STEP
foot_l_invert_M_pcb_R2,foot_l.dorsiflex_frame,PCBA内含,pcb_component,1,,,,,0.45 x 0.8 x 1.6,按电子板成套，不按机械实体重复采购,parts/foot_l_invert_M_pcb_R2.step,,actual_KiCad_STEP
foot_l_invert_M_pcb_board,foot_l.dorsiflex_frame,PCBA内含,pcb,1,,,,,0.91 x 10.0 x 12.0,按电子板成套，不按机械实体重复采购,parts/foot_l_invert_M_pcb_board.step,,actual_KiCad_STEP
foot_l_invert_M_pcb_J1_dimension_envelope,foot_l.dorsiflex_frame,PCBA内含,pcb_component,1,,,,,3.3 x 9.4 x 9.6,按电子板成套，不按机械实体重复采购,parts/foot_l_invert_M_pcb_J1_dimension_envelope.step,,"JST SM06B-SRSS-TB side-entry SH6, conservative 9.4 x9.6 x3.3 mm mated plug allocation; cable bend remains a separate harness requirement"
foot_l_dorsiflex_M_rotor_mount_M3x12_0,foot_l.dorsiflex_frame,采购紧固件,metal,1,,M3,12,screw_head_to_drawing,5.5 x 5.5 x 15.0,按螺纹、长度、材料和实际头部包络一起核对,parts/foot_l_dorsiflex_M_rotor_mount_M3x12_0.step,,M3x12 socket screw; unmodelled helical thread
foot_l_dorsiflex_M_rotor_mount_nut_M3_0,foot_l.dorsiflex_frame,采购紧固件,metal,1,,M3,,hex_nut,2.4 x 5.5 x 6.351,按螺纹、长度、材料和实际头部包络一起核对,parts/foot_l_dorsiflex_M_rotor_mount_nut_M3_0.step,,M3 nut envelope; removable thread locking method pending
foot_l_dorsiflex_M_rotor_mount_M3x12_1,foot_l.dorsiflex_frame,采购紧固件,metal,1,,M3,12,screw_head_to_drawing,5.5 x 5.5 x 15.0,按螺纹、长度、材料和实际头部包络一起核对,parts/foot_l_dorsiflex_M_rotor_mount_M3x12_1.step,,M3x12 socket screw; unmodelled helical thread
foot_l_dorsiflex_M_rotor_mount_nut_M3_1,foot_l.dorsiflex_frame,采购紧固件,metal,1,,M3,,hex_nut,2.4 x 5.5 x 6.351,按螺纹、长度、材料和实际头部包络一起核对,parts/foot_l_dorsiflex_M_rotor_mount_nut_M3_1.step,,M3 nut envelope; removable thread locking method pending
foot_l_invert_M_fixed_mount_M3x8_0,foot_l.dorsiflex_frame,采购紧固件,metal,1,,M3,8,screw_head_to_drawing,5.5 x 5.5 x 11.0,按螺纹、长度、材料和实际头部包络一起核对,parts/foot_l_invert_M_fixed_mount_M3x8_0.step,,M3x8 from outer carrier face into metal eye; 3 mm nominal threaded engagement
foot_l_invert_M_fixed_mount_M3x8_1,foot_l.dorsiflex_frame,采购紧固件,metal,1,,M3,8,screw_head_to_drawing,5.5 x 5.5 x 11.0,按螺纹、长度、材料和实际头部包络一起核对,parts/foot_l_invert_M_fixed_mount_M3x8_1.step,,M3x8 from outer carrier face into metal eye; 3 mm nominal threaded engagement
foot_l_dorsiflex_M_intermediate_frame,foot_l.dorsiflex_frame,打印,frame,1,,,,,21.5 x 31.95 x 44.5,PLA 候选，按随件 STL 和切片复核要求,parts/foot_l_dorsiflex_M_intermediate_frame.step,print_candidates/foot_l_dorsiflex_M_intermediate_frame.stl,Bolted frame between concentric orthogonal axes; no offset of anatomical pivot
ball_l_flex_M_fixed_metal_eye,foot_l,加工金属,aluminum_7075,1,,,,,4.0 x 27.998 x 38.5,按 STEP 加工并检验配合；复杂框架先反馈 DFM,parts/ball_l_flex_M_fixed_metal_eye.step,,"Machined 6061-T6 eye; 2 x M3 tapped mounting holes; friction lining reacts into this eye; integral angular travel guards reacting directly into bearing eye; D14.50 x0.85 upper retaining counterbore, flat Z3.15"
ball_l_flex_M_radial_bush,foot_l,加工塑料,pom,1,,,,,2.8 x 14.4 x 14.4,POM-C / 未填充 PEEK / PA12 按材质分别加工；薄件不等同 PLA 打印,parts/ball_l_flex_M_radial_bush.step,,"D6 journal +0.06 mm nominal diametral clearance; not part of axial preload loop; D14.40 x0.70 flange at Z3.20..3.90, captured below thrust washer Z4.00; 0.15 total nominal axial float"
ball_l_flex_M_friction_lining,foot_l,加工塑料,peek,1,,,,,1.0 x 22.0 x 23.4,POM-C / 未填充 PEEK / PA12 按材质分别加工；薄件不等同 PLA 打印,parts/ball_l_flex_M_friction_lining.step,,"1 mm replaceable lining with positive edge tabs; friction coefficient is an untested assumption; unfilled machined PEEK candidate, dry contact; actual torque and creep must be qualified"
ball_l_flex_M_flanged_rotor_shaft,ball_l,加工金属,aluminum_7075,1,,,,,17.926 x 24.0 x 24.0,按 STEP 加工并检验配合；复杂框架先反馈 DFM,parts/ball_l_flex_M_flanged_rotor_shaft.step,,"Integral D6 drive, journal and friction flange; blind M3 end thread and M2 radial retention; no threaded running surface; integral load-bearing flange stop tab; magnetic cup is not a stop"
ball_l_flex_M_thrust_wear_washer,foot_l,采购标准件,ptfe_composite,1,PCMW 102001.5 E,,,,1.5 x 20.0 x 20.0,SKF PCMW 102001.5 E；以当前 STEP 尺寸核对,parts/ball_l_flex_M_thrust_wear_washer.step,,SKF PCMW102001.5 E envelope; radial bush is unloaded axially
ball_l_flex_M_spring_seat,ball_l,加工金属,spring,1,,,,,0.5 x 20.0 x 20.0,按 STEP 加工并检验配合；复杂框架先反馈 DFM,parts/ball_l_flex_M_spring_seat.step,,
ball_l_flex_M_disc_spring_0_0,ball_l,采购碟簧,spring,1,SCHNORR 002050,,,,0.463 x 12.5 x 12.5,按弹簧型号和装配方向，不按 CAD 色彩选型,parts/ball_l_flex_M_disc_spring_0_0.step,,"SCHNORR 002050; 1 nested parallel per group, two groups opposed in series"
ball_l_flex_M_disc_spring_1_0,ball_l,采购碟簧,spring,1,SCHNORR 002050,,,,0.463 x 12.5 x 12.5,按弹簧型号和装配方向，不按 CAD 色彩选型,parts/ball_l_flex_M_disc_spring_1_0.step,,"SCHNORR 002050; 1 nested parallel per group, two groups opposed in series"
ball_l_flex_M_D_stop_cap,ball_l,加工金属,aluminum,1,,,,,3.0 x 12.4 x 13.6,按 STEP 加工并检验配合；复杂框架先反馈 DFM,parts/ball_l_flex_M_D_stop_cap.step,,Metal shoulder fixes nominal spring height; actual preload requires selected shims and a physical torque test
ball_l_flex_M_M3x8_button_retainer,ball_l,采购紧固件,titanium,1,SSB-M3-8-TI5,M3,8,button_head,5.7 x 5.7 x 9.65,按螺纹、长度、材料和实际头部包络一起核对,parts/ball_l_flex_M_M3x8_button_retainer.step,,Accu SSB-M3-8-TI5 nominal head envelope; thread and bearing stress unqualified
ball_l_flex_M_keyed_magnet_cup,ball_l,加工金属,aluminum,1,,,,,7.55 x 16.4 x 16.4,按 STEP 加工并检验配合；复杂框架先反馈 DFM,parts/ball_l_flex_M_keyed_magnet_cup.step,,External D key transmits angle; 0.05 mm nominal fit and two radial brass retainers
ball_l_flex_M_cup_M2x4_0,ball_l,采购紧固件,brass,1,,M2,4,screw_head_to_drawing,2.0 x 2.0 x 4.0,按螺纹、长度、材料和实际头部包络一起核对,parts/ball_l_flex_M_cup_M2x4_0.step,,Thread envelope; slotted brass M2x4
ball_l_flex_M_cup_M2x4_1,ball_l,采购紧固件,brass,1,,M2,4,screw_head_to_drawing,2.0 x 2.0 x 4.0,按螺纹、长度、材料和实际头部包络一起核对,parts/ball_l_flex_M_cup_M2x4_1.step,,Thread envelope; slotted brass M2x4
ball_l_flex_M_diametric_magnet_6x2p5,ball_l,采购标准件,magnet,1,AS5000-MD6H-2,,,,2.5 x 6.0 x 6.0,AS5000-MD6H-2 候选，Ø6×2.5 径向充磁，逐件核对磁场,parts/ball_l_flex_M_diametric_magnet_6x2p5.step,,Diametric magnet; magnetic field and interference require bench qualification
ball_l_flex_M_magnet_keeper,ball_l,打印,frame,1,,,,,2.7 x 19.2 x 19.2,PLA 候选，按随件 STL 和切片复核要求,parts/ball_l_flex_M_magnet_keeper.step,print_candidates/ball_l_flex_M_magnet_keeper.stl,"1.2 mm radial wall, 0.20 mm nominal radial fit allowance, 0.8 mm face; mechanical retention outside sensor air gap"
ball_l_flex_M_keeper_M2x3_0,ball_l,采购紧固件,brass,1,,M2,3,screw_head_to_drawing,2.0 x 2.0 x 3.0,按螺纹、长度、材料和实际头部包络一起核对,parts/ball_l_flex_M_keeper_M2x3_0.step,,Slotted brass M2x3 thread envelope
ball_l_flex_M_keeper_M2x3_1,ball_l,采购紧固件,brass,1,,M2,3,screw_head_to_drawing,2.0 x 2.0 x 3.0,按螺纹、长度、材料和实际头部包络一起核对,parts/ball_l_flex_M_keeper_M2x3_1.step,,Slotted brass M2x3 thread envelope
ball_l_flex_M_D_output_cleat,ball_l,加工金属,aluminum,1,,,,,4.95 x 19.0 x 26.0,按 STEP 加工并检验配合；复杂框架先反馈 DFM,parts/ball_l_flex_M_D_output_cleat.step,,"Two M3 attachment bores; drive on D-flat, axial retention by radial M2 into shaft"
ball_l_flex_M_output_M2x6,ball_l,采购紧固件,brass,1,,M2,6,screw_head_to_drawing,3.8 x 3.8 x 8.0,按螺纹、长度、材料和实际头部包络一起核对,parts/ball_l_flex_M_output_M2x6.step,,Nominal M2x6 radial retainer; install before connecting distal segment
ball_l_flex_M_board_post_0,foot_l,加工金属,brass,1,,,,,3.5 x 4.041 x 14.671,按 STEP 加工并检验配合；复杂框架先反馈 DFM,parts/ball_l_flex_M_board_post_0.step,,Custom AF3.5 male/female M2 spacer; 2.5 mm nominal engagement in metal eye
ball_l_flex_M_PCB_edge_saddle_0,foot_l,打印,frame,1,,,,,2.0 x 4.0 x 10.4,PLA 候选，按随件 STL 和切片复核要求,parts/ball_l_flex_M_PCB_edge_saddle_0.step,print_candidates/ball_l_flex_M_PCB_edge_saddle_0.stl,
ball_l_flex_M_PCB_edge_cap_0,foot_l,加工塑料,nylon,1,,,,,0.8 x 4.0 x 10.4,POM-C / 未填充 PEEK / PA12 按材质分别加工；薄件不等同 PLA 打印,parts/ball_l_flex_M_PCB_edge_cap_0.step,,
ball_l_flex_M_PCB_M2x6_0,foot_l,采购紧固件,nylon,1,,M2,6,screw_head_to_drawing,3.8 x 3.8 x 8.0,按螺纹、长度、材料和实际头部包络一起核对,parts/ball_l_flex_M_PCB_M2x6_0.step,,
ball_l_flex_M_board_post_1,foot_l,加工金属,brass,1,,,,,3.5 x 4.041 x 14.671,按 STEP 加工并检验配合；复杂框架先反馈 DFM,parts/ball_l_flex_M_board_post_1.step,,Custom AF3.5 male/female M2 spacer; 2.5 mm nominal engagement in metal eye
ball_l_flex_M_PCB_edge_saddle_1,foot_l,打印,frame,1,,,,,2.0 x 4.0 x 10.4,PLA 候选，按随件 STL 和切片复核要求,parts/ball_l_flex_M_PCB_edge_saddle_1.step,print_candidates/ball_l_flex_M_PCB_edge_saddle_1.stl,
ball_l_flex_M_PCB_edge_cap_1,foot_l,加工塑料,nylon,1,,,,,0.8 x 4.0 x 10.4,POM-C / 未填充 PEEK / PA12 按材质分别加工；薄件不等同 PLA 打印,parts/ball_l_flex_M_PCB_edge_cap_1.step,,
ball_l_flex_M_PCB_M2x6_1,foot_l,采购紧固件,nylon,1,,M2,6,screw_head_to_drawing,3.8 x 3.8 x 8.0,按螺纹、长度、材料和实际头部包络一起核对,parts/ball_l_flex_M_PCB_M2x6_1.step,,
ball_l_flex_M_pcb_AS5048A,foot_l,PCBA内含,pcb_component,1,,,,,1.0 x 5.0 x 6.4,按电子板成套，不按机械实体重复采购,parts/ball_l_flex_M_pcb_AS5048A.step,,actual_KiCad_STEP
ball_l_flex_M_pcb_C1,foot_l,PCBA内含,pcb_component,1,,,,,0.8 x 0.8 x 1.6,按电子板成套，不按机械实体重复采购,parts/ball_l_flex_M_pcb_C1.step,,actual_KiCad_STEP
ball_l_flex_M_pcb_C2,foot_l,PCBA内含,pcb_component,1,,,,,1.05 x 1.45 x 2.3,按电子板成套，不按机械实体重复采购,parts/ball_l_flex_M_pcb_C2.step,,"Murata GRM219R61E106KA12D 10 uF 25 V X5R, max .95 mm body + .10 mm solder seating allocation"
ball_l_flex_M_pcb_R1,foot_l,PCBA内含,pcb_component,1,,,,,0.45 x 0.8 x 1.6,按电子板成套，不按机械实体重复采购,parts/ball_l_flex_M_pcb_R1.step,,actual_KiCad_STEP
ball_l_flex_M_pcb_R2,foot_l,PCBA内含,pcb_component,1,,,,,0.45 x 0.8 x 1.6,按电子板成套，不按机械实体重复采购,parts/ball_l_flex_M_pcb_R2.step,,actual_KiCad_STEP
ball_l_flex_M_pcb_board,foot_l,PCBA内含,pcb,1,,,,,0.91 x 10.0 x 12.0,按电子板成套，不按机械实体重复采购,parts/ball_l_flex_M_pcb_board.step,,actual_KiCad_STEP
ball_l_flex_M_pcb_J1_dimension_envelope,foot_l,PCBA内含,pcb_component,1,,,,,3.3 x 9.4 x 9.6,按电子板成套，不按机械实体重复采购,parts/ball_l_flex_M_pcb_J1_dimension_envelope.step,,"JST SM06B-SRSS-TB side-entry SH6, conservative 9.4 x9.6 x3.3 mm mated plug allocation; cable bend remains a separate harness requirement"
thigh_l_twist_M_rotor_mount_M3x12_0,thigh_l,采购紧固件,metal,1,,M3,12,screw_head_to_drawing,5.5 x 5.5 x 15.0,按螺纹、长度、材料和实际头部包络一起核对,parts/thigh_l_twist_M_rotor_mount_M3x12_0.step,,M3x12 socket screw; unmodelled helical thread
thigh_l_twist_M_rotor_mount_nut_M3_0,thigh_l,采购紧固件,metal,1,,M3,,hex_nut,2.4 x 5.5 x 6.351,按螺纹、长度、材料和实际头部包络一起核对,parts/thigh_l_twist_M_rotor_mount_nut_M3_0.step,,M3 nut envelope; removable thread locking method pending
thigh_l_twist_M_rotor_mount_M3x12_1,thigh_l,采购紧固件,metal,1,,M3,12,screw_head_to_drawing,5.5 x 5.5 x 15.0,按螺纹、长度、材料和实际头部包络一起核对,parts/thigh_l_twist_M_rotor_mount_M3x12_1.step,,M3x12 socket screw; unmodelled helical thread
thigh_l_twist_M_rotor_mount_nut_M3_1,thigh_l,采购紧固件,metal,1,,M3,,hex_nut,2.4 x 5.5 x 6.351,按螺纹、长度、材料和实际头部包络一起核对,parts/thigh_l_twist_M_rotor_mount_nut_M3_1.step,,M3 nut envelope; removable thread locking method pending
calf_l_flex_M_fixed_mount_M3x8_0,thigh_l,采购紧固件,metal,1,,M3,8,screw_head_to_drawing,5.5 x 5.5 x 11.0,按螺纹、长度、材料和实际头部包络一起核对,parts/calf_l_flex_M_fixed_mount_M3x8_0.step,,M3x8 from outer carrier face into metal eye; 3 mm nominal threaded engagement
calf_l_flex_M_fixed_mount_M3x8_1,thigh_l,采购紧固件,metal,1,,M3,8,screw_head_to_drawing,5.5 x 5.5 x 11.0,按螺纹、长度、材料和实际头部包络一起核对,parts/calf_l_flex_M_fixed_mount_M3x8_1.step,,M3x8 from outer carrier face into metal eye; 3 mm nominal threaded engagement
thigh_l_M_centreline_frame,thigh_l,打印,frame,1,,,,,23.525 x 38.0 x 122.71,PLA 候选，按随件 STL 和切片复核要求,parts/thigh_l_M_centreline_frame.step,print_candidates/thigh_l_M_centreline_frame.stl,Hollow centreline thigh between the measured hip twist and metal knee eye; two printed shell attachment lugs with through M2.4 holes
calf_l_flex_M_rotor_mount_M3x12_0,calf_l,采购紧固件,metal,1,,M3,12,screw_head_to_drawing,5.5 x 5.5 x 15.0,按螺纹、长度、材料和实际头部包络一起核对,parts/calf_l_flex_M_rotor_mount_M3x12_0.step,,M3x12 socket screw; unmodelled helical thread
calf_l_flex_M_rotor_mount_nut_M3_0,calf_l,采购紧固件,metal,1,,M3,,hex_nut,2.4 x 5.5 x 6.351,按螺纹、长度、材料和实际头部包络一起核对,parts/calf_l_flex_M_rotor_mount_nut_M3_0.step,,M3 nut envelope; removable thread locking method pending
calf_l_flex_M_rotor_mount_M3x12_1,calf_l,采购紧固件,metal,1,,M3,12,screw_head_to_drawing,5.5 x 5.5 x 15.0,按螺纹、长度、材料和实际头部包络一起核对,parts/calf_l_flex_M_rotor_mount_M3x12_1.step,,M3x12 socket screw; unmodelled helical thread
calf_l_flex_M_rotor_mount_nut_M3_1,calf_l,采购紧固件,metal,1,,M3,,hex_nut,2.4 x 5.5 x 6.351,按螺纹、长度、材料和实际头部包络一起核对,parts/calf_l_flex_M_rotor_mount_nut_M3_1.step,,M3 nut envelope; removable thread locking method pending
foot_l_dorsiflex_M_fixed_mount_M3x8_0,calf_l,采购紧固件,metal,1,,M3,8,screw_head_to_drawing,5.5 x 5.5 x 11.0,按螺纹、长度、材料和实际头部包络一起核对,parts/foot_l_dorsiflex_M_fixed_mount_M3x8_0.step,,M3x8 from outer carrier face into metal eye; 3 mm nominal threaded engagement
foot_l_dorsiflex_M_fixed_mount_M3x8_1,calf_l,采购紧固件,metal,1,,M3,8,screw_head_to_drawing,5.5 x 5.5 x 11.0,按螺纹、长度、材料和实际头部包络一起核对,parts/foot_l_dorsiflex_M_fixed_mount_M3x8_1.step,,M3x8 from outer carrier face into metal eye; 3 mm nominal threaded engagement
calf_l_M_centreline_frame,calf_l,打印,frame,1,,,,,35.0 x 45.525 x 227.527,PLA 候选，按随件 STL 和切片复核要求,parts/calf_l_M_centreline_frame.step,print_candidates/calf_l_M_centreline_frame.stl,"Centreline calf with external ankle yoke; hollow section, explicit M3 joint mounts; two printed shell attachment lugs with through M2.4 holes"
foot_l_invert_M_rotor_mount_M3x12_0,foot_l,采购紧固件,metal,1,,M3,12,screw_head_to_drawing,5.5 x 5.5 x 15.0,按螺纹、长度、材料和实际头部包络一起核对,parts/foot_l_invert_M_rotor_mount_M3x12_0.step,,M3x12 socket screw; unmodelled helical thread
foot_l_invert_M_rotor_mount_nut_M3_0,foot_l,采购紧固件,metal,1,,M3,,hex_nut,2.4 x 5.5 x 6.351,按螺纹、长度、材料和实际头部包络一起核对,parts/foot_l_invert_M_rotor_mount_nut_M3_0.step,,M3 nut envelope; removable thread locking method pending
foot_l_invert_M_rotor_mount_M3x12_1,foot_l,采购紧固件,metal,1,,M3,12,screw_head_to_drawing,5.5 x 5.5 x 15.0,按螺纹、长度、材料和实际头部包络一起核对,parts/foot_l_invert_M_rotor_mount_M3x12_1.step,,M3x12 socket screw; unmodelled helical thread
foot_l_invert_M_rotor_mount_nut_M3_1,foot_l,采购紧固件,metal,1,,M3,,hex_nut,2.4 x 5.5 x 6.351,按螺纹、长度、材料和实际头部包络一起核对,parts/foot_l_invert_M_rotor_mount_nut_M3_1.step,,M3 nut envelope; removable thread locking method pending
ball_l_flex_M_fixed_mount_M3x8_0,foot_l,采购紧固件,metal,1,,M3,8,screw_head_to_drawing,5.5 x 5.5 x 11.0,按螺纹、长度、材料和实际头部包络一起核对,parts/ball_l_flex_M_fixed_mount_M3x8_0.step,,M3x8 from outer carrier face into metal eye; 3 mm nominal threaded engagement
ball_l_flex_M_fixed_mount_M3x8_1,foot_l,采购紧固件,metal,1,,M3,8,screw_head_to_drawing,5.5 x 5.5 x 11.0,按螺纹、长度、材料和实际头部包络一起核对,parts/ball_l_flex_M_fixed_mount_M3x8_1.step,,M3x8 from outer carrier face into metal eye; 3 mm nominal threaded engagement
foot_l_M_tray,foot_l,打印,frame,1,,,,,30.0 x 54.084 x 100.579,PLA 候选，按随件 STL 和切片复核要求,parts/foot_l_M_tray.step,print_candidates/foot_l_M_tray.stl,"Foot tray with measured toe hinge; 5 mm nominal stand-off above reference sole, removable low shoe with two M2 mounts"
ball_l_flex_M_rotor_mount_M3x12_0,ball_l,采购紧固件,metal,1,,M3,12,screw_head_to_drawing,5.5 x 5.5 x 15.0,按螺纹、长度、材料和实际头部包络一起核对,parts/ball_l_flex_M_rotor_mount_M3x12_0.step,,M3x12 socket screw; unmodelled helical thread
ball_l_flex_M_rotor_mount_nut_M3_0,ball_l,采购紧固件,metal,1,,M3,,hex_nut,2.4 x 5.5 x 6.351,按螺纹、长度、材料和实际头部包络一起核对,parts/ball_l_flex_M_rotor_mount_nut_M3_0.step,,M3 nut envelope; removable thread locking method pending
ball_l_flex_M_rotor_mount_M3x12_1,ball_l,采购紧固件,metal,1,,M3,12,screw_head_to_drawing,5.5 x 5.5 x 15.0,按螺纹、长度、材料和实际头部包络一起核对,parts/ball_l_flex_M_rotor_mount_M3x12_1.step,,M3x12 socket screw; unmodelled helical thread
ball_l_flex_M_rotor_mount_nut_M3_1,ball_l,采购紧固件,metal,1,,M3,,hex_nut,2.4 x 5.5 x 6.351,按螺纹、长度、材料和实际头部包络一起核对,parts/ball_l_flex_M_rotor_mount_nut_M3_1.step,,M3 nut envelope; removable thread locking method pending
ball_l_M_forefoot_frame,ball_l,打印,frame,1,,,,,10.0 x 27.415 x 32.551,PLA 候选，按随件 STL 和切片复核要求,parts/ball_l_M_forefoot_frame.step,print_candidates/ball_l_M_forefoot_frame.stl,Rigid forefoot rail towards the character-specific toe tip; no toe-finger channels; two spaced cross-holes for removable toe cap
thigh_r_flex_M_fixed_metal_eye,pelvis,加工金属,aluminum_7075,1,,,,,4.0 x 42.0 x 44.5,按 STEP 加工并检验配合；复杂框架先反馈 DFM,parts/thigh_r_flex_M_fixed_metal_eye.step,,"Machined 6061-T6 eye; 2 x M3 tapped mounting holes; friction lining reacts into this eye; integral angular travel guards reacting directly into bearing eye; D14.50 x0.85 upper retaining counterbore, flat Z3.15"
thigh_r_flex_M_radial_bush,pelvis,加工塑料,pom,1,,,,,2.8 x 14.4 x 14.4,POM-C / 未填充 PEEK / PA12 按材质分别加工；薄件不等同 PLA 打印,parts/thigh_r_flex_M_radial_bush.step,,"D6 journal +0.06 mm nominal diametral clearance; not part of axial preload loop; D14.40 x0.70 flange at Z3.20..3.90, captured below thrust washer Z4.00; 0.15 total nominal axial float"
thigh_r_flex_M_friction_lining,pelvis,加工塑料,peek,1,,,,,1.0 x 32.0 x 33.4,POM-C / 未填充 PEEK / PA12 按材质分别加工；薄件不等同 PLA 打印,parts/thigh_r_flex_M_friction_lining.step,,"1 mm replaceable lining with positive edge tabs; friction coefficient is an untested assumption; unfilled machined PEEK candidate, dry contact; actual torque and creep must be qualified"
thigh_r_flex_M_flanged_rotor_shaft,thigh_r.flex_frame,加工金属,aluminum_7075,1,,,,,19.576 x 34.0 x 37.0,按 STEP 加工并检验配合；复杂框架先反馈 DFM,parts/thigh_r_flex_M_flanged_rotor_shaft.step,,"Integral D6 drive, journal and friction flange; blind M3 end thread and M2 radial retention; no threaded running surface; integral load-bearing flange stop tab; magnetic cup is not a stop; D8/flat3.5 output below flange, D6 journal preserved; 7075-T6 material candidate; radial M2 pilot retained"
thigh_r_flex_M_thrust_wear_washer,pelvis,采购标准件,ptfe_composite,1,PCMW 102001.5 E,,,,1.5 x 20.0 x 20.0,SKF PCMW 102001.5 E；以当前 STEP 尺寸核对,parts/thigh_r_flex_M_thrust_wear_washer.step,,SKF PCMW102001.5 E envelope; radial bush is unloaded axially
thigh_r_flex_M_spring_seat,thigh_r.flex_frame,加工金属,spring,1,,,,,0.5 x 20.0 x 20.0,按 STEP 加工并检验配合；复杂框架先反馈 DFM,parts/thigh_r_flex_M_spring_seat.step,,
thigh_r_flex_M_disc_spring_0_0,thigh_r.flex_frame,采购碟簧,spring,1,SCHNORR 002200,,,,0.688 x 12.0 x 12.0,按弹簧型号和装配方向，不按 CAD 色彩选型,parts/thigh_r_flex_M_disc_spring_0_0.step,,"SCHNORR 002200; 2 nested parallel per group, two groups opposed in series"
thigh_r_flex_M_disc_spring_0_1,thigh_r.flex_frame,采购碟簧,spring,1,SCHNORR 002200,,,,0.688 x 12.0 x 12.0,按弹簧型号和装配方向，不按 CAD 色彩选型,parts/thigh_r_flex_M_disc_spring_0_1.step,,"SCHNORR 002200; 2 nested parallel per group, two groups opposed in series"
thigh_r_flex_M_disc_spring_1_0,thigh_r.flex_frame,采购碟簧,spring,1,SCHNORR 002200,,,,0.688 x 12.0 x 12.0,按弹簧型号和装配方向，不按 CAD 色彩选型,parts/thigh_r_flex_M_disc_spring_1_0.step,,"SCHNORR 002200; 2 nested parallel per group, two groups opposed in series"
thigh_r_flex_M_disc_spring_1_1,thigh_r.flex_frame,采购碟簧,spring,1,SCHNORR 002200,,,,0.688 x 12.0 x 12.0,按弹簧型号和装配方向，不按 CAD 色彩选型,parts/thigh_r_flex_M_disc_spring_1_1.step,,"SCHNORR 002200; 2 nested parallel per group, two groups opposed in series"
thigh_r_flex_M_D_stop_cap,thigh_r.flex_frame,加工金属,aluminum,1,,,,,3.0 x 12.4 x 13.6,按 STEP 加工并检验配合；复杂框架先反馈 DFM,parts/thigh_r_flex_M_D_stop_cap.step,,Metal shoulder fixes nominal spring height; actual preload requires selected shims and a physical torque test
thigh_r_flex_M_M3x8_button_retainer,thigh_r.flex_frame,采购紧固件,titanium,1,SSB-M3-8-TI5,M3,8,button_head,5.7 x 5.7 x 9.65,按螺纹、长度、材料和实际头部包络一起核对,parts/thigh_r_flex_M_M3x8_button_retainer.step,,Accu SSB-M3-8-TI5 nominal head envelope; thread and bearing stress unqualified
thigh_r_flex_M_keyed_magnet_cup,thigh_r.flex_frame,加工金属,aluminum,1,,,,,7.55 x 16.4 x 16.4,按 STEP 加工并检验配合；复杂框架先反馈 DFM,parts/thigh_r_flex_M_keyed_magnet_cup.step,,External D key transmits angle; 0.05 mm nominal fit and two radial brass retainers
thigh_r_flex_M_cup_M2x4_0,thigh_r.flex_frame,采购紧固件,brass,1,,M2,4,screw_head_to_drawing,2.0 x 2.0 x 4.0,按螺纹、长度、材料和实际头部包络一起核对,parts/thigh_r_flex_M_cup_M2x4_0.step,,Thread envelope; slotted brass M2x4
thigh_r_flex_M_cup_M2x4_1,thigh_r.flex_frame,采购紧固件,brass,1,,M2,4,screw_head_to_drawing,2.0 x 2.0 x 4.0,按螺纹、长度、材料和实际头部包络一起核对,parts/thigh_r_flex_M_cup_M2x4_1.step,,Thread envelope; slotted brass M2x4
thigh_r_flex_M_diametric_magnet_6x2p5,thigh_r.flex_frame,采购标准件,magnet,1,AS5000-MD6H-2,,,,2.5 x 6.0 x 6.0,AS5000-MD6H-2 候选，Ø6×2.5 径向充磁，逐件核对磁场,parts/thigh_r_flex_M_diametric_magnet_6x2p5.step,,Diametric magnet; magnetic field and interference require bench qualification
thigh_r_flex_M_magnet_keeper,thigh_r.flex_frame,打印,frame,1,,,,,2.7 x 19.2 x 19.2,PLA 候选，按随件 STL 和切片复核要求,parts/thigh_r_flex_M_magnet_keeper.step,print_candidates/thigh_r_flex_M_magnet_keeper.stl,"1.2 mm radial wall, 0.20 mm nominal radial fit allowance, 0.8 mm face; mechanical retention outside sensor air gap"
thigh_r_flex_M_keeper_M2x3_0,thigh_r.flex_frame,采购紧固件,brass,1,,M2,3,screw_head_to_drawing,2.0 x 2.0 x 3.0,按螺纹、长度、材料和实际头部包络一起核对,parts/thigh_r_flex_M_keeper_M2x3_0.step,,Slotted brass M2x3 thread envelope
thigh_r_flex_M_keeper_M2x3_1,thigh_r.flex_frame,采购紧固件,brass,1,,M2,3,screw_head_to_drawing,2.0 x 2.0 x 3.0,按螺纹、长度、材料和实际头部包络一起核对,parts/thigh_r_flex_M_keeper_M2x3_1.step,,Slotted brass M2x3 thread envelope
thigh_r_flex_M_D_output_cleat,thigh_r.flex_frame,加工金属,aluminum_7075,1,,,,,4.95 x 19.0 x 31.0,按 STEP 加工并检验配合；复杂框架先反馈 DFM,parts/thigh_r_flex_M_D_output_cleat.step,,"Two M3 attachment bores; drive on D-flat, axial retention by radial M2 into shaft; enlarged D8 output bore matches strengthened high-load shaft"
thigh_r_flex_M_output_M2x6,thigh_r.flex_frame,采购紧固件,brass,1,,M2,6,screw_head_to_drawing,3.8 x 3.8 x 8.0,按螺纹、长度、材料和实际头部包络一起核对,parts/thigh_r_flex_M_output_M2x6.step,,Nominal M2x6 radial retainer; install before connecting distal segment
thigh_r_flex_M_board_post_0,pelvis,加工金属,brass,1,,,,,3.5 x 4.041 x 16.321,按 STEP 加工并检验配合；复杂框架先反馈 DFM,parts/thigh_r_flex_M_board_post_0.step,,Custom AF3.5 male/female M2 spacer; 2.5 mm nominal engagement in metal eye
thigh_r_flex_M_PCB_edge_saddle_0,pelvis,打印,frame,1,,,,,2.0 x 4.0 x 15.4,PLA 候选，按随件 STL 和切片复核要求,parts/thigh_r_flex_M_PCB_edge_saddle_0.step,print_candidates/thigh_r_flex_M_PCB_edge_saddle_0.stl,
thigh_r_flex_M_PCB_edge_cap_0,pelvis,加工塑料,nylon,1,,,,,0.8 x 4.0 x 15.4,POM-C / 未填充 PEEK / PA12 按材质分别加工；薄件不等同 PLA 打印,parts/thigh_r_flex_M_PCB_edge_cap_0.step,,
thigh_r_flex_M_PCB_M2x6_0,pelvis,采购紧固件,nylon,1,,M2,6,screw_head_to_drawing,3.8 x 3.8 x 8.0,按螺纹、长度、材料和实际头部包络一起核对,parts/thigh_r_flex_M_PCB_M2x6_0.step,,
thigh_r_flex_M_board_post_1,pelvis,加工金属,brass,1,,,,,3.5 x 4.041 x 16.321,按 STEP 加工并检验配合；复杂框架先反馈 DFM,parts/thigh_r_flex_M_board_post_1.step,,Custom AF3.5 male/female M2 spacer; 2.5 mm nominal engagement in metal eye
thigh_r_flex_M_PCB_edge_saddle_1,pelvis,打印,frame,1,,,,,2.0 x 4.0 x 15.4,PLA 候选，按随件 STL 和切片复核要求,parts/thigh_r_flex_M_PCB_edge_saddle_1.step,print_candidates/thigh_r_flex_M_PCB_edge_saddle_1.stl,
thigh_r_flex_M_PCB_edge_cap_1,pelvis,加工塑料,nylon,1,,,,,0.8 x 4.0 x 15.4,POM-C / 未填充 PEEK / PA12 按材质分别加工；薄件不等同 PLA 打印,parts/thigh_r_flex_M_PCB_edge_cap_1.step,,
thigh_r_flex_M_PCB_M2x6_1,pelvis,采购紧固件,nylon,1,,M2,6,screw_head_to_drawing,3.8 x 3.8 x 8.0,按螺纹、长度、材料和实际头部包络一起核对,parts/thigh_r_flex_M_PCB_M2x6_1.step,,
thigh_r_flex_M_pcb_AS5048A,pelvis,PCBA内含,pcb_component,1,,,,,1.0 x 5.0 x 6.4,按电子板成套，不按机械实体重复采购,parts/thigh_r_flex_M_pcb_AS5048A.step,,actual_KiCad_STEP
thigh_r_flex_M_pcb_C1,pelvis,PCBA内含,pcb_component,1,,,,,0.8 x 0.8 x 1.6,按电子板成套，不按机械实体重复采购,parts/thigh_r_flex_M_pcb_C1.step,,actual_KiCad_STEP
thigh_r_flex_M_pcb_C2,pelvis,PCBA内含,pcb_component,1,,,,,1.05 x 1.45 x 2.3,按电子板成套，不按机械实体重复采购,parts/thigh_r_flex_M_pcb_C2.step,,"Murata GRM219R61E106KA12D 10 uF 25 V X5R, max .95 mm body + .10 mm solder seating allocation"
thigh_r_flex_M_pcb_R1,pelvis,PCBA内含,pcb_component,1,,,,,0.45 x 0.8 x 1.6,按电子板成套，不按机械实体重复采购,parts/thigh_r_flex_M_pcb_R1.step,,actual_KiCad_STEP
thigh_r_flex_M_pcb_R2,pelvis,PCBA内含,pcb_component,1,,,,,0.45 x 0.8 x 1.6,按电子板成套，不按机械实体重复采购,parts/thigh_r_flex_M_pcb_R2.step,,actual_KiCad_STEP
thigh_r_flex_M_pcb_board,pelvis,PCBA内含,pcb,1,,,,,0.91 x 10.0 x 12.0,按电子板成套，不按机械实体重复采购,parts/thigh_r_flex_M_pcb_board.step,,actual_KiCad_STEP
thigh_r_flex_M_pcb_J1_dimension_envelope,pelvis,PCBA内含,pcb_component,1,,,,,3.3 x 9.4 x 9.6,按电子板成套，不按机械实体重复采购,parts/thigh_r_flex_M_pcb_J1_dimension_envelope.step,,"JST SM06B-SRSS-TB side-entry SH6, conservative 9.4 x9.6 x3.3 mm mated plug allocation; cable bend remains a separate harness requirement"
thigh_r_abduct_M_fixed_metal_eye,thigh_r.flex_frame,加工金属,aluminum_7075,1,,,,,4.0 x 42.0 x 44.5,按 STEP 加工并检验配合；复杂框架先反馈 DFM,parts/thigh_r_abduct_M_fixed_metal_eye.step,,"Machined 6061-T6 eye; 2 x M3 tapped mounting holes; friction lining reacts into this eye; integral angular travel guards reacting directly into bearing eye; D14.50 x0.85 upper retaining counterbore, flat Z3.15"
thigh_r_abduct_M_radial_bush,thigh_r.flex_frame,加工塑料,pom,1,,,,,2.8 x 14.4 x 14.4,POM-C / 未填充 PEEK / PA12 按材质分别加工；薄件不等同 PLA 打印,parts/thigh_r_abduct_M_radial_bush.step,,"D6 journal +0.06 mm nominal diametral clearance; not part of axial preload loop; D14.40 x0.70 flange at Z3.20..3.90, captured below thrust washer Z4.00; 0.15 total nominal axial float"
thigh_r_abduct_M_friction_lining,thigh_r.flex_frame,加工塑料,peek,1,,,,,1.0 x 32.0 x 33.4,POM-C / 未填充 PEEK / PA12 按材质分别加工；薄件不等同 PLA 打印,parts/thigh_r_abduct_M_friction_lining.step,,"1 mm replaceable lining with positive edge tabs; friction coefficient is an untested assumption; unfilled machined PEEK candidate, dry contact; actual torque and creep must be qualified"
thigh_r_abduct_M_flanged_rotor_shaft,thigh_r.abduct_frame,加工金属,aluminum_7075,1,,,,,19.576 x 34.0 x 34.0,按 STEP 加工并检验配合；复杂框架先反馈 DFM,parts/thigh_r_abduct_M_flanged_rotor_shaft.step,,"Integral D6 drive, journal and friction flange; blind M3 end thread and M2 radial retention; no threaded running surface; integral load-bearing flange stop tab; magnetic cup is not a stop; D8/flat3.5 output below flange, D6 journal preserved; 7075-T6 material candidate; radial M2 pilot retained"
thigh_r_abduct_M_thrust_wear_washer,thigh_r.flex_frame,采购标准件,ptfe_composite,1,PCMW 102001.5 E,,,,1.5 x 20.0 x 20.0,SKF PCMW 102001.5 E；以当前 STEP 尺寸核对,parts/thigh_r_abduct_M_thrust_wear_washer.step,,SKF PCMW102001.5 E envelope; radial bush is unloaded axially
thigh_r_abduct_M_spring_seat,thigh_r.abduct_frame,加工金属,spring,1,,,,,0.5 x 20.0 x 20.0,按 STEP 加工并检验配合；复杂框架先反馈 DFM,parts/thigh_r_abduct_M_spring_seat.step,,
thigh_r_abduct_M_disc_spring_0_0,thigh_r.abduct_frame,采购碟簧,spring,1,SCHNORR 002200,,,,0.688 x 12.0 x 12.0,按弹簧型号和装配方向，不按 CAD 色彩选型,parts/thigh_r_abduct_M_disc_spring_0_0.step,,"SCHNORR 002200; 2 nested parallel per group, two groups opposed in series"
thigh_r_abduct_M_disc_spring_0_1,thigh_r.abduct_frame,采购碟簧,spring,1,SCHNORR 002200,,,,0.688 x 12.0 x 12.0,按弹簧型号和装配方向，不按 CAD 色彩选型,parts/thigh_r_abduct_M_disc_spring_0_1.step,,"SCHNORR 002200; 2 nested parallel per group, two groups opposed in series"
thigh_r_abduct_M_disc_spring_1_0,thigh_r.abduct_frame,采购碟簧,spring,1,SCHNORR 002200,,,,0.688 x 12.0 x 12.0,按弹簧型号和装配方向，不按 CAD 色彩选型,parts/thigh_r_abduct_M_disc_spring_1_0.step,,"SCHNORR 002200; 2 nested parallel per group, two groups opposed in series"
thigh_r_abduct_M_disc_spring_1_1,thigh_r.abduct_frame,采购碟簧,spring,1,SCHNORR 002200,,,,0.688 x 12.0 x 12.0,按弹簧型号和装配方向，不按 CAD 色彩选型,parts/thigh_r_abduct_M_disc_spring_1_1.step,,"SCHNORR 002200; 2 nested parallel per group, two groups opposed in series"
thigh_r_abduct_M_D_stop_cap,thigh_r.abduct_frame,加工金属,aluminum,1,,,,,3.0 x 12.4 x 13.6,按 STEP 加工并检验配合；复杂框架先反馈 DFM,parts/thigh_r_abduct_M_D_stop_cap.step,,Metal shoulder fixes nominal spring height; actual preload requires selected shims and a physical torque test
thigh_r_abduct_M_M3x8_button_retainer,thigh_r.abduct_frame,采购紧固件,titanium,1,SSB-M3-8-TI5,M3,8,button_head,5.7 x 5.7 x 9.65,按螺纹、长度、材料和实际头部包络一起核对,parts/thigh_r_abduct_M_M3x8_button_retainer.step,,Accu SSB-M3-8-TI5 nominal head envelope; thread and bearing stress unqualified
thigh_r_abduct_M_keyed_magnet_cup,thigh_r.abduct_frame,加工金属,aluminum,1,,,,,7.55 x 16.4 x 16.4,按 STEP 加工并检验配合；复杂框架先反馈 DFM,parts/thigh_r_abduct_M_keyed_magnet_cup.step,,External D key transmits angle; 0.05 mm nominal fit and two radial brass retainers
thigh_r_abduct_M_cup_M2x4_0,thigh_r.abduct_frame,采购紧固件,brass,1,,M2,4,screw_head_to_drawing,2.0 x 2.0 x 4.0,按螺纹、长度、材料和实际头部包络一起核对,parts/thigh_r_abduct_M_cup_M2x4_0.step,,Thread envelope; slotted brass M2x4
thigh_r_abduct_M_cup_M2x4_1,thigh_r.abduct_frame,采购紧固件,brass,1,,M2,4,screw_head_to_drawing,2.0 x 2.0 x 4.0,按螺纹、长度、材料和实际头部包络一起核对,parts/thigh_r_abduct_M_cup_M2x4_1.step,,Thread envelope; slotted brass M2x4
thigh_r_abduct_M_diametric_magnet_6x2p5,thigh_r.abduct_frame,采购标准件,magnet,1,AS5000-MD6H-2,,,,2.5 x 6.0 x 6.0,AS5000-MD6H-2 候选，Ø6×2.5 径向充磁，逐件核对磁场,parts/thigh_r_abduct_M_diametric_magnet_6x2p5.step,,Diametric magnet; magnetic field and interference require bench qualification
thigh_r_abduct_M_magnet_keeper,thigh_r.abduct_frame,打印,frame,1,,,,,2.7 x 19.2 x 19.2,PLA 候选，按随件 STL 和切片复核要求,parts/thigh_r_abduct_M_magnet_keeper.step,print_candidates/thigh_r_abduct_M_magnet_keeper.stl,"1.2 mm radial wall, 0.20 mm nominal radial fit allowance, 0.8 mm face; mechanical retention outside sensor air gap"
thigh_r_abduct_M_keeper_M2x3_0,thigh_r.abduct_frame,采购紧固件,brass,1,,M2,3,screw_head_to_drawing,2.0 x 2.0 x 3.0,按螺纹、长度、材料和实际头部包络一起核对,parts/thigh_r_abduct_M_keeper_M2x3_0.step,,Slotted brass M2x3 thread envelope
thigh_r_abduct_M_keeper_M2x3_1,thigh_r.abduct_frame,采购紧固件,brass,1,,M2,3,screw_head_to_drawing,2.0 x 2.0 x 3.0,按螺纹、长度、材料和实际头部包络一起核对,parts/thigh_r_abduct_M_keeper_M2x3_1.step,,Slotted brass M2x3 thread envelope
thigh_r_abduct_M_D_output_cleat,thigh_r.abduct_frame,加工金属,aluminum_7075,1,,,,,4.95 x 19.0 x 31.0,按 STEP 加工并检验配合；复杂框架先反馈 DFM,parts/thigh_r_abduct_M_D_output_cleat.step,,"Two M3 attachment bores; drive on D-flat, axial retention by radial M2 into shaft; enlarged D8 output bore matches strengthened high-load shaft"
thigh_r_abduct_M_output_M2x6,thigh_r.abduct_frame,采购紧固件,brass,1,,M2,6,screw_head_to_drawing,3.8 x 3.8 x 8.0,按螺纹、长度、材料和实际头部包络一起核对,parts/thigh_r_abduct_M_output_M2x6.step,,Nominal M2x6 radial retainer; install before connecting distal segment
thigh_r_abduct_M_board_post_0,thigh_r.flex_frame,加工金属,brass,1,,,,,3.5 x 4.041 x 16.321,按 STEP 加工并检验配合；复杂框架先反馈 DFM,parts/thigh_r_abduct_M_board_post_0.step,,Custom AF3.5 male/female M2 spacer; 2.5 mm nominal engagement in metal eye
thigh_r_abduct_M_PCB_edge_saddle_0,thigh_r.flex_frame,打印,frame,1,,,,,2.0 x 4.0 x 15.4,PLA 候选，按随件 STL 和切片复核要求,parts/thigh_r_abduct_M_PCB_edge_saddle_0.step,print_candidates/thigh_r_abduct_M_PCB_edge_saddle_0.stl,
thigh_r_abduct_M_PCB_edge_cap_0,thigh_r.flex_frame,加工塑料,nylon,1,,,,,0.8 x 4.0 x 15.4,POM-C / 未填充 PEEK / PA12 按材质分别加工；薄件不等同 PLA 打印,parts/thigh_r_abduct_M_PCB_edge_cap_0.step,,
thigh_r_abduct_M_PCB_M2x6_0,thigh_r.flex_frame,采购紧固件,nylon,1,,M2,6,screw_head_to_drawing,3.8 x 3.8 x 8.0,按螺纹、长度、材料和实际头部包络一起核对,parts/thigh_r_abduct_M_PCB_M2x6_0.step,,
thigh_r_abduct_M_board_post_1,thigh_r.flex_frame,加工金属,brass,1,,,,,3.5 x 4.041 x 16.321,按 STEP 加工并检验配合；复杂框架先反馈 DFM,parts/thigh_r_abduct_M_board_post_1.step,,Custom AF3.5 male/female M2 spacer; 2.5 mm nominal engagement in metal eye
thigh_r_abduct_M_PCB_edge_saddle_1,thigh_r.flex_frame,打印,frame,1,,,,,2.0 x 4.0 x 15.4,PLA 候选，按随件 STL 和切片复核要求,parts/thigh_r_abduct_M_PCB_edge_saddle_1.step,print_candidates/thigh_r_abduct_M_PCB_edge_saddle_1.stl,
thigh_r_abduct_M_PCB_edge_cap_1,thigh_r.flex_frame,加工塑料,nylon,1,,,,,0.8 x 4.0 x 15.4,POM-C / 未填充 PEEK / PA12 按材质分别加工；薄件不等同 PLA 打印,parts/thigh_r_abduct_M_PCB_edge_cap_1.step,,
thigh_r_abduct_M_PCB_M2x6_1,thigh_r.flex_frame,采购紧固件,nylon,1,,M2,6,screw_head_to_drawing,3.8 x 3.8 x 8.0,按螺纹、长度、材料和实际头部包络一起核对,parts/thigh_r_abduct_M_PCB_M2x6_1.step,,
thigh_r_abduct_M_pcb_AS5048A,thigh_r.flex_frame,PCBA内含,pcb_component,1,,,,,1.0 x 5.0 x 6.4,按电子板成套，不按机械实体重复采购,parts/thigh_r_abduct_M_pcb_AS5048A.step,,actual_KiCad_STEP
thigh_r_abduct_M_pcb_C1,thigh_r.flex_frame,PCBA内含,pcb_component,1,,,,,0.8 x 0.8 x 1.6,按电子板成套，不按机械实体重复采购,parts/thigh_r_abduct_M_pcb_C1.step,,actual_KiCad_STEP
thigh_r_abduct_M_pcb_C2,thigh_r.flex_frame,PCBA内含,pcb_component,1,,,,,1.05 x 1.45 x 2.3,按电子板成套，不按机械实体重复采购,parts/thigh_r_abduct_M_pcb_C2.step,,"Murata GRM219R61E106KA12D 10 uF 25 V X5R, max .95 mm body + .10 mm solder seating allocation"
thigh_r_abduct_M_pcb_R1,thigh_r.flex_frame,PCBA内含,pcb_component,1,,,,,0.45 x 0.8 x 1.6,按电子板成套，不按机械实体重复采购,parts/thigh_r_abduct_M_pcb_R1.step,,actual_KiCad_STEP
thigh_r_abduct_M_pcb_R2,thigh_r.flex_frame,PCBA内含,pcb_component,1,,,,,0.45 x 0.8 x 1.6,按电子板成套，不按机械实体重复采购,parts/thigh_r_abduct_M_pcb_R2.step,,actual_KiCad_STEP
thigh_r_abduct_M_pcb_board,thigh_r.flex_frame,PCBA内含,pcb,1,,,,,0.91 x 10.0 x 12.0,按电子板成套，不按机械实体重复采购,parts/thigh_r_abduct_M_pcb_board.step,,actual_KiCad_STEP
thigh_r_abduct_M_pcb_J1_dimension_envelope,thigh_r.flex_frame,PCBA内含,pcb_component,1,,,,,3.3 x 9.4 x 9.6,按电子板成套，不按机械实体重复采购,parts/thigh_r_abduct_M_pcb_J1_dimension_envelope.step,,"JST SM06B-SRSS-TB side-entry SH6, conservative 9.4 x9.6 x3.3 mm mated plug allocation; cable bend remains a separate harness requirement"
thigh_r_flex_M_rotor_mount_M3x12_0,thigh_r.flex_frame,采购紧固件,metal,1,,M3,12,screw_head_to_drawing,5.5 x 5.5 x 15.0,按螺纹、长度、材料和实际头部包络一起核对,parts/thigh_r_flex_M_rotor_mount_M3x12_0.step,,M3x12 socket screw; unmodelled helical thread
thigh_r_flex_M_rotor_mount_nut_M3_0,thigh_r.flex_frame,采购紧固件,metal,1,,M3,,hex_nut,2.4 x 5.5 x 6.351,按螺纹、长度、材料和实际头部包络一起核对,parts/thigh_r_flex_M_rotor_mount_nut_M3_0.step,,M3 nut envelope; removable thread locking method pending
thigh_r_flex_M_rotor_mount_M3x12_1,thigh_r.flex_frame,采购紧固件,metal,1,,M3,12,screw_head_to_drawing,5.5 x 5.5 x 15.0,按螺纹、长度、材料和实际头部包络一起核对,parts/thigh_r_flex_M_rotor_mount_M3x12_1.step,,M3x12 socket screw; unmodelled helical thread
thigh_r_flex_M_rotor_mount_nut_M3_1,thigh_r.flex_frame,采购紧固件,metal,1,,M3,,hex_nut,2.4 x 5.5 x 6.351,按螺纹、长度、材料和实际头部包络一起核对,parts/thigh_r_flex_M_rotor_mount_nut_M3_1.step,,M3 nut envelope; removable thread locking method pending
thigh_r_abduct_M_fixed_mount_M3x8_0,thigh_r.flex_frame,采购紧固件,metal,1,,M3,8,screw_head_to_drawing,5.5 x 5.5 x 11.0,按螺纹、长度、材料和实际头部包络一起核对,parts/thigh_r_abduct_M_fixed_mount_M3x8_0.step,,M3x8 from outer carrier face into metal eye; 3 mm nominal threaded engagement
thigh_r_abduct_M_fixed_mount_M3x8_1,thigh_r.flex_frame,采购紧固件,metal,1,,M3,8,screw_head_to_drawing,5.5 x 5.5 x 11.0,按螺纹、长度、材料和实际头部包络一起核对,parts/thigh_r_abduct_M_fixed_mount_M3x8_1.step,,M3x8 from outer carrier face into metal eye; 3 mm nominal threaded engagement
thigh_r_flex_M_intermediate_frame,thigh_r.flex_frame,加工金属,aluminum_7075,1,,,,,21.5 x 37.95 x 50.5,按 STEP 加工并检验配合；复杂框架先反馈 DFM,parts/thigh_r_flex_M_intermediate_frame.step,,Bolted frame between concentric orthogonal axes; no offset of anatomical pivot
thigh_r_twist_M_fixed_metal_eye,thigh_r.abduct_frame,加工金属,aluminum_7075,1,,,,,4.0 x 40.373 x 48.5,按 STEP 加工并检验配合；复杂框架先反馈 DFM,parts/thigh_r_twist_M_fixed_metal_eye.step,,"Machined 6061-T6 eye; 2 x M3 tapped mounting holes; friction lining reacts into this eye; integral angular travel guards reacting directly into bearing eye; D14.50 x0.85 upper retaining counterbore, flat Z3.15"
thigh_r_twist_M_radial_bush,thigh_r.abduct_frame,加工塑料,pom,1,,,,,2.8 x 14.4 x 14.4,POM-C / 未填充 PEEK / PA12 按材质分别加工；薄件不等同 PLA 打印,parts/thigh_r_twist_M_radial_bush.step,,"D6 journal +0.06 mm nominal diametral clearance; not part of axial preload loop; D14.40 x0.70 flange at Z3.20..3.90, captured below thrust washer Z4.00; 0.15 total nominal axial float"
thigh_r_twist_M_friction_lining,thigh_r.abduct_frame,加工塑料,peek,1,,,,,1.0 x 32.0 x 33.4,POM-C / 未填充 PEEK / PA12 按材质分别加工；薄件不等同 PLA 打印,parts/thigh_r_twist_M_friction_lining.step,,"1 mm replaceable lining with positive edge tabs; friction coefficient is an untested assumption; unfilled machined PEEK candidate, dry contact; actual torque and creep must be qualified"
thigh_r_twist_M_flanged_rotor_shaft,thigh_r,加工金属,aluminum_7075,1,,,,,19.576 x 34.0 x 37.0,按 STEP 加工并检验配合；复杂框架先反馈 DFM,parts/thigh_r_twist_M_flanged_rotor_shaft.step,,"Integral D6 drive, journal and friction flange; blind M3 end thread and M2 radial retention; no threaded running surface; integral load-bearing flange stop tab; magnetic cup is not a stop; D8/flat3.5 output below flange, D6 journal preserved; 7075-T6 material candidate; radial M2 pilot retained"
thigh_r_twist_M_thrust_wear_washer,thigh_r.abduct_frame,采购标准件,ptfe_composite,1,PCMW 102001.5 E,,,,1.5 x 20.0 x 20.0,SKF PCMW 102001.5 E；以当前 STEP 尺寸核对,parts/thigh_r_twist_M_thrust_wear_washer.step,,SKF PCMW102001.5 E envelope; radial bush is unloaded axially
thigh_r_twist_M_spring_seat,thigh_r,加工金属,spring,1,,,,,0.5 x 20.0 x 20.0,按 STEP 加工并检验配合；复杂框架先反馈 DFM,parts/thigh_r_twist_M_spring_seat.step,,
thigh_r_twist_M_disc_spring_0_0,thigh_r,采购碟簧,spring,1,SCHNORR 002200,,,,0.688 x 12.0 x 12.0,按弹簧型号和装配方向，不按 CAD 色彩选型,parts/thigh_r_twist_M_disc_spring_0_0.step,,"SCHNORR 002200; 2 nested parallel per group, two groups opposed in series"
thigh_r_twist_M_disc_spring_0_1,thigh_r,采购碟簧,spring,1,SCHNORR 002200,,,,0.688 x 12.0 x 12.0,按弹簧型号和装配方向，不按 CAD 色彩选型,parts/thigh_r_twist_M_disc_spring_0_1.step,,"SCHNORR 002200; 2 nested parallel per group, two groups opposed in series"
thigh_r_twist_M_disc_spring_1_0,thigh_r,采购碟簧,spring,1,SCHNORR 002200,,,,0.688 x 12.0 x 12.0,按弹簧型号和装配方向，不按 CAD 色彩选型,parts/thigh_r_twist_M_disc_spring_1_0.step,,"SCHNORR 002200; 2 nested parallel per group, two groups opposed in series"
thigh_r_twist_M_disc_spring_1_1,thigh_r,采购碟簧,spring,1,SCHNORR 002200,,,,0.688 x 12.0 x 12.0,按弹簧型号和装配方向，不按 CAD 色彩选型,parts/thigh_r_twist_M_disc_spring_1_1.step,,"SCHNORR 002200; 2 nested parallel per group, two groups opposed in series"
thigh_r_twist_M_D_stop_cap,thigh_r,加工金属,aluminum,1,,,,,3.0 x 12.4 x 13.6,按 STEP 加工并检验配合；复杂框架先反馈 DFM,parts/thigh_r_twist_M_D_stop_cap.step,,Metal shoulder fixes nominal spring height; actual preload requires selected shims and a physical torque test
thigh_r_twist_M_M3x8_button_retainer,thigh_r,采购紧固件,titanium,1,SSB-M3-8-TI5,M3,8,button_head,5.7 x 5.7 x 9.65,按螺纹、长度、材料和实际头部包络一起核对,parts/thigh_r_twist_M_M3x8_button_retainer.step,,Accu SSB-M3-8-TI5 nominal head envelope; thread and bearing stress unqualified
thigh_r_twist_M_keyed_magnet_cup,thigh_r,加工金属,aluminum,1,,,,,7.55 x 16.4 x 16.4,按 STEP 加工并检验配合；复杂框架先反馈 DFM,parts/thigh_r_twist_M_keyed_magnet_cup.step,,External D key transmits angle; 0.05 mm nominal fit and two radial brass retainers
thigh_r_twist_M_cup_M2x4_0,thigh_r,采购紧固件,brass,1,,M2,4,screw_head_to_drawing,2.0 x 2.0 x 4.0,按螺纹、长度、材料和实际头部包络一起核对,parts/thigh_r_twist_M_cup_M2x4_0.step,,Thread envelope; slotted brass M2x4
thigh_r_twist_M_cup_M2x4_1,thigh_r,采购紧固件,brass,1,,M2,4,screw_head_to_drawing,2.0 x 2.0 x 4.0,按螺纹、长度、材料和实际头部包络一起核对,parts/thigh_r_twist_M_cup_M2x4_1.step,,Thread envelope; slotted brass M2x4
thigh_r_twist_M_diametric_magnet_6x2p5,thigh_r,采购标准件,magnet,1,AS5000-MD6H-2,,,,2.5 x 6.0 x 6.0,AS5000-MD6H-2 候选，Ø6×2.5 径向充磁，逐件核对磁场,parts/thigh_r_twist_M_diametric_magnet_6x2p5.step,,Diametric magnet; magnetic field and interference require bench qualification
thigh_r_twist_M_magnet_keeper,thigh_r,打印,frame,1,,,,,2.7 x 19.2 x 19.2,PLA 候选，按随件 STL 和切片复核要求,parts/thigh_r_twist_M_magnet_keeper.step,print_candidates/thigh_r_twist_M_magnet_keeper.stl,"1.2 mm radial wall, 0.20 mm nominal radial fit allowance, 0.8 mm face; mechanical retention outside sensor air gap"
thigh_r_twist_M_keeper_M2x3_0,thigh_r,采购紧固件,brass,1,,M2,3,screw_head_to_drawing,2.0 x 2.0 x 3.0,按螺纹、长度、材料和实际头部包络一起核对,parts/thigh_r_twist_M_keeper_M2x3_0.step,,Slotted brass M2x3 thread envelope
thigh_r_twist_M_keeper_M2x3_1,thigh_r,采购紧固件,brass,1,,M2,3,screw_head_to_drawing,2.0 x 2.0 x 3.0,按螺纹、长度、材料和实际头部包络一起核对,parts/thigh_r_twist_M_keeper_M2x3_1.step,,Slotted brass M2x3 thread envelope
thigh_r_twist_M_D_output_cleat,thigh_r,加工金属,aluminum_7075,1,,,,,4.95 x 19.0 x 31.0,按 STEP 加工并检验配合；复杂框架先反馈 DFM,parts/thigh_r_twist_M_D_output_cleat.step,,"Two M3 attachment bores; drive on D-flat, axial retention by radial M2 into shaft; enlarged D8 output bore matches strengthened high-load shaft"
thigh_r_twist_M_output_M2x6,thigh_r,采购紧固件,brass,1,,M2,6,screw_head_to_drawing,3.8 x 3.8 x 8.0,按螺纹、长度、材料和实际头部包络一起核对,parts/thigh_r_twist_M_output_M2x6.step,,Nominal M2x6 radial retainer; install before connecting distal segment
thigh_r_twist_M_board_post_0,thigh_r.abduct_frame,加工金属,brass,1,,,,,3.5 x 4.041 x 16.321,按 STEP 加工并检验配合；复杂框架先反馈 DFM,parts/thigh_r_twist_M_board_post_0.step,,Custom AF3.5 male/female M2 spacer; 2.5 mm nominal engagement in metal eye
thigh_r_twist_M_PCB_edge_saddle_0,thigh_r.abduct_frame,打印,frame,1,,,,,2.0 x 4.0 x 15.4,PLA 候选，按随件 STL 和切片复核要求,parts/thigh_r_twist_M_PCB_edge_saddle_0.step,print_candidates/thigh_r_twist_M_PCB_edge_saddle_0.stl,
thigh_r_twist_M_PCB_edge_cap_0,thigh_r.abduct_frame,加工塑料,nylon,1,,,,,0.8 x 4.0 x 15.4,POM-C / 未填充 PEEK / PA12 按材质分别加工；薄件不等同 PLA 打印,parts/thigh_r_twist_M_PCB_edge_cap_0.step,,
thigh_r_twist_M_PCB_M2x6_0,thigh_r.abduct_frame,采购紧固件,nylon,1,,M2,6,screw_head_to_drawing,3.8 x 3.8 x 8.0,按螺纹、长度、材料和实际头部包络一起核对,parts/thigh_r_twist_M_PCB_M2x6_0.step,,
thigh_r_twist_M_board_post_1,thigh_r.abduct_frame,加工金属,brass,1,,,,,3.5 x 4.041 x 16.321,按 STEP 加工并检验配合；复杂框架先反馈 DFM,parts/thigh_r_twist_M_board_post_1.step,,Custom AF3.5 male/female M2 spacer; 2.5 mm nominal engagement in metal eye
thigh_r_twist_M_PCB_edge_saddle_1,thigh_r.abduct_frame,打印,frame,1,,,,,2.0 x 4.0 x 15.4,PLA 候选，按随件 STL 和切片复核要求,parts/thigh_r_twist_M_PCB_edge_saddle_1.step,print_candidates/thigh_r_twist_M_PCB_edge_saddle_1.stl,
thigh_r_twist_M_PCB_edge_cap_1,thigh_r.abduct_frame,加工塑料,nylon,1,,,,,0.8 x 4.0 x 15.4,POM-C / 未填充 PEEK / PA12 按材质分别加工；薄件不等同 PLA 打印,parts/thigh_r_twist_M_PCB_edge_cap_1.step,,
thigh_r_twist_M_PCB_M2x6_1,thigh_r.abduct_frame,采购紧固件,nylon,1,,M2,6,screw_head_to_drawing,3.8 x 3.8 x 8.0,按螺纹、长度、材料和实际头部包络一起核对,parts/thigh_r_twist_M_PCB_M2x6_1.step,,
thigh_r_twist_M_pcb_AS5048A,thigh_r.abduct_frame,PCBA内含,pcb_component,1,,,,,1.0 x 5.0 x 6.4,按电子板成套，不按机械实体重复采购,parts/thigh_r_twist_M_pcb_AS5048A.step,,actual_KiCad_STEP
thigh_r_twist_M_pcb_C1,thigh_r.abduct_frame,PCBA内含,pcb_component,1,,,,,0.8 x 0.8 x 1.6,按电子板成套，不按机械实体重复采购,parts/thigh_r_twist_M_pcb_C1.step,,actual_KiCad_STEP
thigh_r_twist_M_pcb_C2,thigh_r.abduct_frame,PCBA内含,pcb_component,1,,,,,1.05 x 1.45 x 2.3,按电子板成套，不按机械实体重复采购,parts/thigh_r_twist_M_pcb_C2.step,,"Murata GRM219R61E106KA12D 10 uF 25 V X5R, max .95 mm body + .10 mm solder seating allocation"
thigh_r_twist_M_pcb_R1,thigh_r.abduct_frame,PCBA内含,pcb_component,1,,,,,0.45 x 0.8 x 1.6,按电子板成套，不按机械实体重复采购,parts/thigh_r_twist_M_pcb_R1.step,,actual_KiCad_STEP
thigh_r_twist_M_pcb_R2,thigh_r.abduct_frame,PCBA内含,pcb_component,1,,,,,0.45 x 0.8 x 1.6,按电子板成套，不按机械实体重复采购,parts/thigh_r_twist_M_pcb_R2.step,,actual_KiCad_STEP
thigh_r_twist_M_pcb_board,thigh_r.abduct_frame,PCBA内含,pcb,1,,,,,0.91 x 10.0 x 12.0,按电子板成套，不按机械实体重复采购,parts/thigh_r_twist_M_pcb_board.step,,actual_KiCad_STEP
thigh_r_twist_M_pcb_J1_dimension_envelope,thigh_r.abduct_frame,PCBA内含,pcb_component,1,,,,,3.3 x 9.4 x 9.6,按电子板成套，不按机械实体重复采购,parts/thigh_r_twist_M_pcb_J1_dimension_envelope.step,,"JST SM06B-SRSS-TB side-entry SH6, conservative 9.4 x9.6 x3.3 mm mated plug allocation; cable bend remains a separate harness requirement"
thigh_r_abduct_M_rotor_mount_M3x12_0,thigh_r.abduct_frame,采购紧固件,metal,1,,M3,12,screw_head_to_drawing,5.5 x 5.5 x 15.0,按螺纹、长度、材料和实际头部包络一起核对,parts/thigh_r_abduct_M_rotor_mount_M3x12_0.step,,M3x12 socket screw; unmodelled helical thread
thigh_r_abduct_M_rotor_mount_nut_M3_0,thigh_r.abduct_frame,采购紧固件,metal,1,,M3,,hex_nut,2.4 x 5.5 x 6.351,按螺纹、长度、材料和实际头部包络一起核对,parts/thigh_r_abduct_M_rotor_mount_nut_M3_0.step,,M3 nut envelope; removable thread locking method pending
thigh_r_abduct_M_rotor_mount_M3x12_1,thigh_r.abduct_frame,采购紧固件,metal,1,,M3,12,screw_head_to_drawing,5.5 x 5.5 x 15.0,按螺纹、长度、材料和实际头部包络一起核对,parts/thigh_r_abduct_M_rotor_mount_M3x12_1.step,,M3x12 socket screw; unmodelled helical thread
thigh_r_abduct_M_rotor_mount_nut_M3_1,thigh_r.abduct_frame,采购紧固件,metal,1,,M3,,hex_nut,2.4 x 5.5 x 6.351,按螺纹、长度、材料和实际头部包络一起核对,parts/thigh_r_abduct_M_rotor_mount_nut_M3_1.step,,M3 nut envelope; removable thread locking method pending
thigh_r_twist_M_fixed_mount_M3x8_0,thigh_r.abduct_frame,采购紧固件,metal,1,,M3,8,screw_head_to_drawing,5.5 x 5.5 x 11.0,按螺纹、长度、材料和实际头部包络一起核对,parts/thigh_r_twist_M_fixed_mount_M3x8_0.step,,M3x8 from outer carrier face into metal eye; 3 mm nominal threaded engagement
thigh_r_twist_M_fixed_mount_M3x8_1,thigh_r.abduct_frame,采购紧固件,metal,1,,M3,8,screw_head_to_drawing,5.5 x 5.5 x 11.0,按螺纹、长度、材料和实际头部包络一起核对,parts/thigh_r_twist_M_fixed_mount_M3x8_1.step,,M3x8 from outer carrier face into metal eye; 3 mm nominal threaded engagement
thigh_r_twist_M_axial_carrier,thigh_r.abduct_frame,加工金属,aluminum_7075,1,,,,,20.0 x 27.0 x 64.0,按 STEP 加工并检验配合；复杂框架先反馈 DFM,parts/thigh_r_twist_M_axial_carrier.step,,Twist cartridge translated along the original axial line; bolt-on carrier beneath the orthogonal pair
calf_r_flex_M_fixed_metal_eye,thigh_r,加工金属,aluminum_7075,1,,,,,4.0 x 41.41 x 48.5,按 STEP 加工并检验配合；复杂框架先反馈 DFM,parts/calf_r_flex_M_fixed_metal_eye.step,,"Machined 6061-T6 eye; 2 x M3 tapped mounting holes; friction lining reacts into this eye; integral angular travel guards reacting directly into bearing eye; D14.50 x0.85 upper retaining counterbore, flat Z3.15"
calf_r_flex_M_radial_bush,thigh_r,加工塑料,pom,1,,,,,2.8 x 14.4 x 14.4,POM-C / 未填充 PEEK / PA12 按材质分别加工；薄件不等同 PLA 打印,parts/calf_r_flex_M_radial_bush.step,,"D6 journal +0.06 mm nominal diametral clearance; not part of axial preload loop; D14.40 x0.70 flange at Z3.20..3.90, captured below thrust washer Z4.00; 0.15 total nominal axial float"
calf_r_flex_M_friction_lining,thigh_r,加工塑料,peek,1,,,,,1.0 x 32.0 x 33.4,POM-C / 未填充 PEEK / PA12 按材质分别加工；薄件不等同 PLA 打印,parts/calf_r_flex_M_friction_lining.step,,"1 mm replaceable lining with positive edge tabs; friction coefficient is an untested assumption; unfilled machined PEEK candidate, dry contact; actual torque and creep must be qualified"
calf_r_flex_M_flanged_rotor_shaft,calf_r,加工金属,aluminum_7075,1,,,,,18.376 x 34.0 x 37.0,按 STEP 加工并检验配合；复杂框架先反馈 DFM,parts/calf_r_flex_M_flanged_rotor_shaft.step,,"Integral D6 drive, journal and friction flange; blind M3 end thread and M2 radial retention; no threaded running surface; integral load-bearing flange stop tab; magnetic cup is not a stop; D8/flat3.5 output below flange, D6 journal preserved; 7075-T6 material candidate; radial M2 pilot retained"
calf_r_flex_M_thrust_wear_washer,thigh_r,采购标准件,ptfe_composite,1,PCMW 102001.5 E,,,,1.5 x 20.0 x 20.0,SKF PCMW 102001.5 E；以当前 STEP 尺寸核对,parts/calf_r_flex_M_thrust_wear_washer.step,,SKF PCMW102001.5 E envelope; radial bush is unloaded axially
calf_r_flex_M_spring_seat,calf_r,加工金属,spring,1,,,,,0.5 x 20.0 x 20.0,按 STEP 加工并检验配合；复杂框架先反馈 DFM,parts/calf_r_flex_M_spring_seat.step,,
calf_r_flex_M_disc_spring_0_0,calf_r,采购碟簧,spring,1,SCHNORR 002200,,,,0.688 x 12.0 x 12.0,按弹簧型号和装配方向，不按 CAD 色彩选型,parts/calf_r_flex_M_disc_spring_0_0.step,,"SCHNORR 002200; 1 nested parallel per group, two groups opposed in series"
calf_r_flex_M_disc_spring_1_0,calf_r,采购碟簧,spring,1,SCHNORR 002200,,,,0.688 x 12.0 x 12.0,按弹簧型号和装配方向，不按 CAD 色彩选型,parts/calf_r_flex_M_disc_spring_1_0.step,,"SCHNORR 002200; 1 nested parallel per group, two groups opposed in series"
calf_r_flex_M_D_stop_cap,calf_r,加工金属,aluminum,1,,,,,3.0 x 12.4 x 13.6,按 STEP 加工并检验配合；复杂框架先反馈 DFM,parts/calf_r_flex_M_D_stop_cap.step,,Metal shoulder fixes nominal spring height; actual preload requires selected shims and a physical torque test
calf_r_flex_M_M3x8_button_retainer,calf_r,采购紧固件,titanium,1,SSB-M3-8-TI5,M3,8,button_head,5.7 x 5.7 x 9.65,按螺纹、长度、材料和实际头部包络一起核对,parts/calf_r_flex_M_M3x8_button_retainer.step,,Accu SSB-M3-8-TI5 nominal head envelope; thread and bearing stress unqualified
calf_r_flex_M_keyed_magnet_cup,calf_r,加工金属,aluminum,1,,,,,7.55 x 16.4 x 16.4,按 STEP 加工并检验配合；复杂框架先反馈 DFM,parts/calf_r_flex_M_keyed_magnet_cup.step,,External D key transmits angle; 0.05 mm nominal fit and two radial brass retainers
calf_r_flex_M_cup_M2x4_0,calf_r,采购紧固件,brass,1,,M2,4,screw_head_to_drawing,2.0 x 2.0 x 4.0,按螺纹、长度、材料和实际头部包络一起核对,parts/calf_r_flex_M_cup_M2x4_0.step,,Thread envelope; slotted brass M2x4
calf_r_flex_M_cup_M2x4_1,calf_r,采购紧固件,brass,1,,M2,4,screw_head_to_drawing,2.0 x 2.0 x 4.0,按螺纹、长度、材料和实际头部包络一起核对,parts/calf_r_flex_M_cup_M2x4_1.step,,Thread envelope; slotted brass M2x4
calf_r_flex_M_diametric_magnet_6x2p5,calf_r,采购标准件,magnet,1,AS5000-MD6H-2,,,,2.5 x 6.0 x 6.0,AS5000-MD6H-2 候选，Ø6×2.5 径向充磁，逐件核对磁场,parts/calf_r_flex_M_diametric_magnet_6x2p5.step,,Diametric magnet; magnetic field and interference require bench qualification
calf_r_flex_M_magnet_keeper,calf_r,打印,frame,1,,,,,2.7 x 19.2 x 19.2,PLA 候选，按随件 STL 和切片复核要求,parts/calf_r_flex_M_magnet_keeper.step,print_candidates/calf_r_flex_M_magnet_keeper.stl,"1.2 mm radial wall, 0.20 mm nominal radial fit allowance, 0.8 mm face; mechanical retention outside sensor air gap"
calf_r_flex_M_keeper_M2x3_0,calf_r,采购紧固件,brass,1,,M2,3,screw_head_to_drawing,2.0 x 2.0 x 3.0,按螺纹、长度、材料和实际头部包络一起核对,parts/calf_r_flex_M_keeper_M2x3_0.step,,Slotted brass M2x3 thread envelope
calf_r_flex_M_keeper_M2x3_1,calf_r,采购紧固件,brass,1,,M2,3,screw_head_to_drawing,2.0 x 2.0 x 3.0,按螺纹、长度、材料和实际头部包络一起核对,parts/calf_r_flex_M_keeper_M2x3_1.step,,Slotted brass M2x3 thread envelope
calf_r_flex_M_D_output_cleat,calf_r,加工金属,aluminum_7075,1,,,,,4.95 x 19.0 x 31.0,按 STEP 加工并检验配合；复杂框架先反馈 DFM,parts/calf_r_flex_M_D_output_cleat.step,,"Two M3 attachment bores; drive on D-flat, axial retention by radial M2 into shaft; enlarged D8 output bore matches strengthened high-load shaft"
calf_r_flex_M_output_M2x6,calf_r,采购紧固件,brass,1,,M2,6,screw_head_to_drawing,3.8 x 3.8 x 8.0,按螺纹、长度、材料和实际头部包络一起核对,parts/calf_r_flex_M_output_M2x6.step,,Nominal M2x6 radial retainer; install before connecting distal segment
calf_r_flex_M_board_post_0,thigh_r,加工金属,brass,1,,,,,3.5 x 4.041 x 15.121,按 STEP 加工并检验配合；复杂框架先反馈 DFM,parts/calf_r_flex_M_board_post_0.step,,Custom AF3.5 male/female M2 spacer; 2.5 mm nominal engagement in metal eye
calf_r_flex_M_PCB_edge_saddle_0,thigh_r,打印,frame,1,,,,,2.0 x 4.0 x 15.4,PLA 候选，按随件 STL 和切片复核要求,parts/calf_r_flex_M_PCB_edge_saddle_0.step,print_candidates/calf_r_flex_M_PCB_edge_saddle_0.stl,
calf_r_flex_M_PCB_edge_cap_0,thigh_r,加工塑料,nylon,1,,,,,0.8 x 4.0 x 15.4,POM-C / 未填充 PEEK / PA12 按材质分别加工；薄件不等同 PLA 打印,parts/calf_r_flex_M_PCB_edge_cap_0.step,,
calf_r_flex_M_PCB_M2x6_0,thigh_r,采购紧固件,nylon,1,,M2,6,screw_head_to_drawing,3.8 x 3.8 x 8.0,按螺纹、长度、材料和实际头部包络一起核对,parts/calf_r_flex_M_PCB_M2x6_0.step,,
calf_r_flex_M_board_post_1,thigh_r,加工金属,brass,1,,,,,3.5 x 4.041 x 15.121,按 STEP 加工并检验配合；复杂框架先反馈 DFM,parts/calf_r_flex_M_board_post_1.step,,Custom AF3.5 male/female M2 spacer; 2.5 mm nominal engagement in metal eye
calf_r_flex_M_PCB_edge_saddle_1,thigh_r,打印,frame,1,,,,,2.0 x 4.0 x 15.4,PLA 候选，按随件 STL 和切片复核要求,parts/calf_r_flex_M_PCB_edge_saddle_1.step,print_candidates/calf_r_flex_M_PCB_edge_saddle_1.stl,
calf_r_flex_M_PCB_edge_cap_1,thigh_r,加工塑料,nylon,1,,,,,0.8 x 4.0 x 15.4,POM-C / 未填充 PEEK / PA12 按材质分别加工；薄件不等同 PLA 打印,parts/calf_r_flex_M_PCB_edge_cap_1.step,,
calf_r_flex_M_PCB_M2x6_1,thigh_r,采购紧固件,nylon,1,,M2,6,screw_head_to_drawing,3.8 x 3.8 x 8.0,按螺纹、长度、材料和实际头部包络一起核对,parts/calf_r_flex_M_PCB_M2x6_1.step,,
calf_r_flex_M_pcb_AS5048A,thigh_r,PCBA内含,pcb_component,1,,,,,1.0 x 5.0 x 6.4,按电子板成套，不按机械实体重复采购,parts/calf_r_flex_M_pcb_AS5048A.step,,actual_KiCad_STEP
calf_r_flex_M_pcb_C1,thigh_r,PCBA内含,pcb_component,1,,,,,0.8 x 0.8 x 1.6,按电子板成套，不按机械实体重复采购,parts/calf_r_flex_M_pcb_C1.step,,actual_KiCad_STEP
calf_r_flex_M_pcb_C2,thigh_r,PCBA内含,pcb_component,1,,,,,1.05 x 1.45 x 2.3,按电子板成套，不按机械实体重复采购,parts/calf_r_flex_M_pcb_C2.step,,"Murata GRM219R61E106KA12D 10 uF 25 V X5R, max .95 mm body + .10 mm solder seating allocation"
calf_r_flex_M_pcb_R1,thigh_r,PCBA内含,pcb_component,1,,,,,0.45 x 0.8 x 1.6,按电子板成套，不按机械实体重复采购,parts/calf_r_flex_M_pcb_R1.step,,actual_KiCad_STEP
calf_r_flex_M_pcb_R2,thigh_r,PCBA内含,pcb_component,1,,,,,0.45 x 0.8 x 1.6,按电子板成套，不按机械实体重复采购,parts/calf_r_flex_M_pcb_R2.step,,actual_KiCad_STEP
calf_r_flex_M_pcb_board,thigh_r,PCBA内含,pcb,1,,,,,0.91 x 10.0 x 12.0,按电子板成套，不按机械实体重复采购,parts/calf_r_flex_M_pcb_board.step,,actual_KiCad_STEP
calf_r_flex_M_pcb_J1_dimension_envelope,thigh_r,PCBA内含,pcb_component,1,,,,,3.3 x 9.4 x 9.6,按电子板成套，不按机械实体重复采购,parts/calf_r_flex_M_pcb_J1_dimension_envelope.step,,"JST SM06B-SRSS-TB side-entry SH6, conservative 9.4 x9.6 x3.3 mm mated plug allocation; cable bend remains a separate harness requirement"
foot_r_dorsiflex_M_fixed_metal_eye,calf_r,加工金属,aluminum_7075,1,,,,,4.0 x 28.184 x 42.5,按 STEP 加工并检验配合；复杂框架先反馈 DFM,parts/foot_r_dorsiflex_M_fixed_metal_eye.step,,"Machined 6061-T6 eye; 2 x M3 tapped mounting holes; friction lining reacts into this eye; integral angular travel guards reacting directly into bearing eye; D14.50 x0.85 upper retaining counterbore, flat Z3.15"
foot_r_dorsiflex_M_radial_bush,calf_r,加工塑料,pom,1,,,,,2.8 x 14.4 x 14.4,POM-C / 未填充 PEEK / PA12 按材质分别加工；薄件不等同 PLA 打印,parts/foot_r_dorsiflex_M_radial_bush.step,,"D6 journal +0.06 mm nominal diametral clearance; not part of axial preload loop; D14.40 x0.70 flange at Z3.20..3.90, captured below thrust washer Z4.00; 0.15 total nominal axial float"
foot_r_dorsiflex_M_friction_lining,calf_r,加工塑料,peek,1,,,,,1.0 x 26.0 x 27.4,POM-C / 未填充 PEEK / PA12 按材质分别加工；薄件不等同 PLA 打印,parts/foot_r_dorsiflex_M_friction_lining.step,,"1 mm replaceable lining with positive edge tabs; friction coefficient is an untested assumption; unfilled machined PEEK candidate, dry contact; actual torque and creep must be qualified"
foot_r_dorsiflex_M_flanged_rotor_shaft,foot_r.dorsiflex_frame,加工金属,aluminum_7075,1,,,,,18.176 x 28.0 x 31.0,按 STEP 加工并检验配合；复杂框架先反馈 DFM,parts/foot_r_dorsiflex_M_flanged_rotor_shaft.step,,"Integral D6 drive, journal and friction flange; blind M3 end thread and M2 radial retention; no threaded running surface; integral load-bearing flange stop tab; magnetic cup is not a stop"
foot_r_dorsiflex_M_thrust_wear_washer,calf_r,采购标准件,ptfe_composite,1,PCMW 102001.5 E,,,,1.5 x 20.0 x 20.0,SKF PCMW 102001.5 E；以当前 STEP 尺寸核对,parts/foot_r_dorsiflex_M_thrust_wear_washer.step,,SKF PCMW102001.5 E envelope; radial bush is unloaded axially
foot_r_dorsiflex_M_spring_seat,foot_r.dorsiflex_frame,加工金属,spring,1,,,,,0.5 x 20.0 x 20.0,按 STEP 加工并检验配合；复杂框架先反馈 DFM,parts/foot_r_dorsiflex_M_spring_seat.step,,
foot_r_dorsiflex_M_disc_spring_0_0,foot_r.dorsiflex_frame,采购碟簧,spring,1,SCHNORR 002100,,,,0.588 x 12.0 x 12.0,按弹簧型号和装配方向，不按 CAD 色彩选型,parts/foot_r_dorsiflex_M_disc_spring_0_0.step,,"SCHNORR 002100; 1 nested parallel per group, two groups opposed in series"
foot_r_dorsiflex_M_disc_spring_1_0,foot_r.dorsiflex_frame,采购碟簧,spring,1,SCHNORR 002100,,,,0.588 x 12.0 x 12.0,按弹簧型号和装配方向，不按 CAD 色彩选型,parts/foot_r_dorsiflex_M_disc_spring_1_0.step,,"SCHNORR 002100; 1 nested parallel per group, two groups opposed in series"
foot_r_dorsiflex_M_D_stop_cap,foot_r.dorsiflex_frame,加工金属,aluminum,1,,,,,3.0 x 12.4 x 13.6,按 STEP 加工并检验配合；复杂框架先反馈 DFM,parts/foot_r_dorsiflex_M_D_stop_cap.step,,Metal shoulder fixes nominal spring height; actual preload requires selected shims and a physical torque test
foot_r_dorsiflex_M_M3x8_button_retainer,foot_r.dorsiflex_frame,采购紧固件,titanium,1,SSB-M3-8-TI5,M3,8,button_head,5.7 x 5.7 x 9.65,按螺纹、长度、材料和实际头部包络一起核对,parts/foot_r_dorsiflex_M_M3x8_button_retainer.step,,Accu SSB-M3-8-TI5 nominal head envelope; thread and bearing stress unqualified
foot_r_dorsiflex_M_keyed_magnet_cup,foot_r.dorsiflex_frame,加工金属,aluminum,1,,,,,7.55 x 16.4 x 16.4,按 STEP 加工并检验配合；复杂框架先反馈 DFM,parts/foot_r_dorsiflex_M_keyed_magnet_cup.step,,External D key transmits angle; 0.05 mm nominal fit and two radial brass retainers
foot_r_dorsiflex_M_cup_M2x4_0,foot_r.dorsiflex_frame,采购紧固件,brass,1,,M2,4,screw_head_to_drawing,2.0 x 2.0 x 4.0,按螺纹、长度、材料和实际头部包络一起核对,parts/foot_r_dorsiflex_M_cup_M2x4_0.step,,Thread envelope; slotted brass M2x4
foot_r_dorsiflex_M_cup_M2x4_1,foot_r.dorsiflex_frame,采购紧固件,brass,1,,M2,4,screw_head_to_drawing,2.0 x 2.0 x 4.0,按螺纹、长度、材料和实际头部包络一起核对,parts/foot_r_dorsiflex_M_cup_M2x4_1.step,,Thread envelope; slotted brass M2x4
foot_r_dorsiflex_M_diametric_magnet_6x2p5,foot_r.dorsiflex_frame,采购标准件,magnet,1,AS5000-MD6H-2,,,,2.5 x 6.0 x 6.0,AS5000-MD6H-2 候选，Ø6×2.5 径向充磁，逐件核对磁场,parts/foot_r_dorsiflex_M_diametric_magnet_6x2p5.step,,Diametric magnet; magnetic field and interference require bench qualification
foot_r_dorsiflex_M_magnet_keeper,foot_r.dorsiflex_frame,打印,frame,1,,,,,2.7 x 19.2 x 19.2,PLA 候选，按随件 STL 和切片复核要求,parts/foot_r_dorsiflex_M_magnet_keeper.step,print_candidates/foot_r_dorsiflex_M_magnet_keeper.stl,"1.2 mm radial wall, 0.20 mm nominal radial fit allowance, 0.8 mm face; mechanical retention outside sensor air gap"
foot_r_dorsiflex_M_keeper_M2x3_0,foot_r.dorsiflex_frame,采购紧固件,brass,1,,M2,3,screw_head_to_drawing,2.0 x 2.0 x 3.0,按螺纹、长度、材料和实际头部包络一起核对,parts/foot_r_dorsiflex_M_keeper_M2x3_0.step,,Slotted brass M2x3 thread envelope
foot_r_dorsiflex_M_keeper_M2x3_1,foot_r.dorsiflex_frame,采购紧固件,brass,1,,M2,3,screw_head_to_drawing,2.0 x 2.0 x 3.0,按螺纹、长度、材料和实际头部包络一起核对,parts/foot_r_dorsiflex_M_keeper_M2x3_1.step,,Slotted brass M2x3 thread envelope
foot_r_dorsiflex_M_D_output_cleat,foot_r.dorsiflex_frame,加工金属,aluminum,1,,,,,4.95 x 19.0 x 28.0,按 STEP 加工并检验配合；复杂框架先反馈 DFM,parts/foot_r_dorsiflex_M_D_output_cleat.step,,"Two M3 attachment bores; drive on D-flat, axial retention by radial M2 into shaft"
foot_r_dorsiflex_M_output_M2x6,foot_r.dorsiflex_frame,采购紧固件,brass,1,,M2,6,screw_head_to_drawing,3.8 x 3.8 x 8.0,按螺纹、长度、材料和实际头部包络一起核对,parts/foot_r_dorsiflex_M_output_M2x6.step,,Nominal M2x6 radial retainer; install before connecting distal segment
foot_r_dorsiflex_M_board_post_0,calf_r,加工金属,brass,1,,,,,3.5 x 4.041 x 14.921,按 STEP 加工并检验配合；复杂框架先反馈 DFM,parts/foot_r_dorsiflex_M_board_post_0.step,,Custom AF3.5 male/female M2 spacer; 2.5 mm nominal engagement in metal eye
foot_r_dorsiflex_M_PCB_edge_saddle_0,calf_r,打印,frame,1,,,,,2.0 x 4.0 x 12.4,PLA 候选，按随件 STL 和切片复核要求,parts/foot_r_dorsiflex_M_PCB_edge_saddle_0.step,print_candidates/foot_r_dorsiflex_M_PCB_edge_saddle_0.stl,
foot_r_dorsiflex_M_PCB_edge_cap_0,calf_r,加工塑料,nylon,1,,,,,0.8 x 4.0 x 12.4,POM-C / 未填充 PEEK / PA12 按材质分别加工；薄件不等同 PLA 打印,parts/foot_r_dorsiflex_M_PCB_edge_cap_0.step,,
foot_r_dorsiflex_M_PCB_M2x6_0,calf_r,采购紧固件,nylon,1,,M2,6,screw_head_to_drawing,3.8 x 3.8 x 8.0,按螺纹、长度、材料和实际头部包络一起核对,parts/foot_r_dorsiflex_M_PCB_M2x6_0.step,,
foot_r_dorsiflex_M_board_post_1,calf_r,加工金属,brass,1,,,,,3.5 x 4.041 x 14.921,按 STEP 加工并检验配合；复杂框架先反馈 DFM,parts/foot_r_dorsiflex_M_board_post_1.step,,Custom AF3.5 male/female M2 spacer; 2.5 mm nominal engagement in metal eye
foot_r_dorsiflex_M_PCB_edge_saddle_1,calf_r,打印,frame,1,,,,,2.0 x 4.0 x 12.4,PLA 候选，按随件 STL 和切片复核要求,parts/foot_r_dorsiflex_M_PCB_edge_saddle_1.step,print_candidates/foot_r_dorsiflex_M_PCB_edge_saddle_1.stl,
foot_r_dorsiflex_M_PCB_edge_cap_1,calf_r,加工塑料,nylon,1,,,,,0.8 x 4.0 x 12.4,POM-C / 未填充 PEEK / PA12 按材质分别加工；薄件不等同 PLA 打印,parts/foot_r_dorsiflex_M_PCB_edge_cap_1.step,,
foot_r_dorsiflex_M_PCB_M2x6_1,calf_r,采购紧固件,nylon,1,,M2,6,screw_head_to_drawing,3.8 x 3.8 x 8.0,按螺纹、长度、材料和实际头部包络一起核对,parts/foot_r_dorsiflex_M_PCB_M2x6_1.step,,
foot_r_dorsiflex_M_pcb_AS5048A,calf_r,PCBA内含,pcb_component,1,,,,,1.0 x 5.0 x 6.4,按电子板成套，不按机械实体重复采购,parts/foot_r_dorsiflex_M_pcb_AS5048A.step,,actual_KiCad_STEP
foot_r_dorsiflex_M_pcb_C1,calf_r,PCBA内含,pcb_component,1,,,,,0.8 x 0.8 x 1.6,按电子板成套，不按机械实体重复采购,parts/foot_r_dorsiflex_M_pcb_C1.step,,actual_KiCad_STEP
foot_r_dorsiflex_M_pcb_C2,calf_r,PCBA内含,pcb_component,1,,,,,1.05 x 1.45 x 2.3,按电子板成套，不按机械实体重复采购,parts/foot_r_dorsiflex_M_pcb_C2.step,,"Murata GRM219R61E106KA12D 10 uF 25 V X5R, max .95 mm body + .10 mm solder seating allocation"
foot_r_dorsiflex_M_pcb_R1,calf_r,PCBA内含,pcb_component,1,,,,,0.45 x 0.8 x 1.6,按电子板成套，不按机械实体重复采购,parts/foot_r_dorsiflex_M_pcb_R1.step,,actual_KiCad_STEP
foot_r_dorsiflex_M_pcb_R2,calf_r,PCBA内含,pcb_component,1,,,,,0.45 x 0.8 x 1.6,按电子板成套，不按机械实体重复采购,parts/foot_r_dorsiflex_M_pcb_R2.step,,actual_KiCad_STEP
foot_r_dorsiflex_M_pcb_board,calf_r,PCBA内含,pcb,1,,,,,0.91 x 10.0 x 12.0,按电子板成套，不按机械实体重复采购,parts/foot_r_dorsiflex_M_pcb_board.step,,actual_KiCad_STEP
foot_r_dorsiflex_M_pcb_J1_dimension_envelope,calf_r,PCBA内含,pcb_component,1,,,,,3.3 x 9.4 x 9.6,按电子板成套，不按机械实体重复采购,parts/foot_r_dorsiflex_M_pcb_J1_dimension_envelope.step,,"JST SM06B-SRSS-TB side-entry SH6, conservative 9.4 x9.6 x3.3 mm mated plug allocation; cable bend remains a separate harness requirement"
foot_r_invert_M_fixed_metal_eye,foot_r.dorsiflex_frame,加工金属,aluminum_7075,1,,,,,4.0 x 36.0 x 38.5,按 STEP 加工并检验配合；复杂框架先反馈 DFM,parts/foot_r_invert_M_fixed_metal_eye.step,,"Machined 6061-T6 eye; 2 x M3 tapped mounting holes; friction lining reacts into this eye; integral angular travel guards reacting directly into bearing eye; D14.50 x0.85 upper retaining counterbore, flat Z3.15"
foot_r_invert_M_radial_bush,foot_r.dorsiflex_frame,加工塑料,pom,1,,,,,2.8 x 14.4 x 14.4,POM-C / 未填充 PEEK / PA12 按材质分别加工；薄件不等同 PLA 打印,parts/foot_r_invert_M_radial_bush.step,,"D6 journal +0.06 mm nominal diametral clearance; not part of axial preload loop; D14.40 x0.70 flange at Z3.20..3.90, captured below thrust washer Z4.00; 0.15 total nominal axial float"
foot_r_invert_M_friction_lining,foot_r.dorsiflex_frame,加工塑料,peek,1,,,,,1.0 x 26.0 x 27.4,POM-C / 未填充 PEEK / PA12 按材质分别加工；薄件不等同 PLA 打印,parts/foot_r_invert_M_friction_lining.step,,"1 mm replaceable lining with positive edge tabs; friction coefficient is an untested assumption; unfilled machined PEEK candidate, dry contact; actual torque and creep must be qualified"
foot_r_invert_M_flanged_rotor_shaft,foot_r,加工金属,aluminum_7075,1,,,,,18.176 x 28.0 x 31.0,按 STEP 加工并检验配合；复杂框架先反馈 DFM,parts/foot_r_invert_M_flanged_rotor_shaft.step,,"Integral D6 drive, journal and friction flange; blind M3 end thread and M2 radial retention; no threaded running surface; integral load-bearing flange stop tab; magnetic cup is not a stop"
foot_r_invert_M_thrust_wear_washer,foot_r.dorsiflex_frame,采购标准件,ptfe_composite,1,PCMW 102001.5 E,,,,1.5 x 20.0 x 20.0,SKF PCMW 102001.5 E；以当前 STEP 尺寸核对,parts/foot_r_invert_M_thrust_wear_washer.step,,SKF PCMW102001.5 E envelope; radial bush is unloaded axially
foot_r_invert_M_spring_seat,foot_r,加工金属,spring,1,,,,,0.5 x 20.0 x 20.0,按 STEP 加工并检验配合；复杂框架先反馈 DFM,parts/foot_r_invert_M_spring_seat.step,,
foot_r_invert_M_disc_spring_0_0,foot_r,采购碟簧,spring,1,SCHNORR 002100,,,,0.588 x 12.0 x 12.0,按弹簧型号和装配方向，不按 CAD 色彩选型,parts/foot_r_invert_M_disc_spring_0_0.step,,"SCHNORR 002100; 1 nested parallel per group, two groups opposed in series"
foot_r_invert_M_disc_spring_1_0,foot_r,采购碟簧,spring,1,SCHNORR 002100,,,,0.588 x 12.0 x 12.0,按弹簧型号和装配方向，不按 CAD 色彩选型,parts/foot_r_invert_M_disc_spring_1_0.step,,"SCHNORR 002100; 1 nested parallel per group, two groups opposed in series"
foot_r_invert_M_D_stop_cap,foot_r,加工金属,aluminum,1,,,,,3.0 x 12.4 x 13.6,按 STEP 加工并检验配合；复杂框架先反馈 DFM,parts/foot_r_invert_M_D_stop_cap.step,,Metal shoulder fixes nominal spring height; actual preload requires selected shims and a physical torque test
foot_r_invert_M_M3x8_button_retainer,foot_r,采购紧固件,titanium,1,SSB-M3-8-TI5,M3,8,button_head,5.7 x 5.7 x 9.65,按螺纹、长度、材料和实际头部包络一起核对,parts/foot_r_invert_M_M3x8_button_retainer.step,,Accu SSB-M3-8-TI5 nominal head envelope; thread and bearing stress unqualified
foot_r_invert_M_keyed_magnet_cup,foot_r,加工金属,aluminum,1,,,,,7.55 x 16.4 x 16.4,按 STEP 加工并检验配合；复杂框架先反馈 DFM,parts/foot_r_invert_M_keyed_magnet_cup.step,,External D key transmits angle; 0.05 mm nominal fit and two radial brass retainers
foot_r_invert_M_cup_M2x4_0,foot_r,采购紧固件,brass,1,,M2,4,screw_head_to_drawing,2.0 x 2.0 x 4.0,按螺纹、长度、材料和实际头部包络一起核对,parts/foot_r_invert_M_cup_M2x4_0.step,,Thread envelope; slotted brass M2x4
foot_r_invert_M_cup_M2x4_1,foot_r,采购紧固件,brass,1,,M2,4,screw_head_to_drawing,2.0 x 2.0 x 4.0,按螺纹、长度、材料和实际头部包络一起核对,parts/foot_r_invert_M_cup_M2x4_1.step,,Thread envelope; slotted brass M2x4
foot_r_invert_M_diametric_magnet_6x2p5,foot_r,采购标准件,magnet,1,AS5000-MD6H-2,,,,2.5 x 6.0 x 6.0,AS5000-MD6H-2 候选，Ø6×2.5 径向充磁，逐件核对磁场,parts/foot_r_invert_M_diametric_magnet_6x2p5.step,,Diametric magnet; magnetic field and interference require bench qualification
foot_r_invert_M_magnet_keeper,foot_r,打印,frame,1,,,,,2.7 x 19.2 x 19.2,PLA 候选，按随件 STL 和切片复核要求,parts/foot_r_invert_M_magnet_keeper.step,print_candidates/foot_r_invert_M_magnet_keeper.stl,"1.2 mm radial wall, 0.20 mm nominal radial fit allowance, 0.8 mm face; mechanical retention outside sensor air gap"
foot_r_invert_M_keeper_M2x3_0,foot_r,采购紧固件,brass,1,,M2,3,screw_head_to_drawing,2.0 x 2.0 x 3.0,按螺纹、长度、材料和实际头部包络一起核对,parts/foot_r_invert_M_keeper_M2x3_0.step,,Slotted brass M2x3 thread envelope
foot_r_invert_M_keeper_M2x3_1,foot_r,采购紧固件,brass,1,,M2,3,screw_head_to_drawing,2.0 x 2.0 x 3.0,按螺纹、长度、材料和实际头部包络一起核对,parts/foot_r_invert_M_keeper_M2x3_1.step,,Slotted brass M2x3 thread envelope
foot_r_invert_M_D_output_cleat,foot_r,加工金属,aluminum,1,,,,,4.95 x 19.0 x 28.0,按 STEP 加工并检验配合；复杂框架先反馈 DFM,parts/foot_r_invert_M_D_output_cleat.step,,"Two M3 attachment bores; drive on D-flat, axial retention by radial M2 into shaft"
foot_r_invert_M_output_M2x6,foot_r,采购紧固件,brass,1,,M2,6,screw_head_to_drawing,3.8 x 3.8 x 8.0,按螺纹、长度、材料和实际头部包络一起核对,parts/foot_r_invert_M_output_M2x6.step,,Nominal M2x6 radial retainer; install before connecting distal segment
foot_r_invert_M_board_post_0,foot_r.dorsiflex_frame,加工金属,brass,1,,,,,3.5 x 4.041 x 14.921,按 STEP 加工并检验配合；复杂框架先反馈 DFM,parts/foot_r_invert_M_board_post_0.step,,Custom AF3.5 male/female M2 spacer; 2.5 mm nominal engagement in metal eye
foot_r_invert_M_PCB_edge_saddle_0,foot_r.dorsiflex_frame,打印,frame,1,,,,,2.0 x 4.0 x 12.4,PLA 候选，按随件 STL 和切片复核要求,parts/foot_r_invert_M_PCB_edge_saddle_0.step,print_candidates/foot_r_invert_M_PCB_edge_saddle_0.stl,
foot_r_invert_M_PCB_edge_cap_0,foot_r.dorsiflex_frame,加工塑料,nylon,1,,,,,0.8 x 4.0 x 12.4,POM-C / 未填充 PEEK / PA12 按材质分别加工；薄件不等同 PLA 打印,parts/foot_r_invert_M_PCB_edge_cap_0.step,,
foot_r_invert_M_PCB_M2x6_0,foot_r.dorsiflex_frame,采购紧固件,nylon,1,,M2,6,screw_head_to_drawing,3.8 x 3.8 x 8.0,按螺纹、长度、材料和实际头部包络一起核对,parts/foot_r_invert_M_PCB_M2x6_0.step,,
foot_r_invert_M_board_post_1,foot_r.dorsiflex_frame,加工金属,brass,1,,,,,3.5 x 4.041 x 14.921,按 STEP 加工并检验配合；复杂框架先反馈 DFM,parts/foot_r_invert_M_board_post_1.step,,Custom AF3.5 male/female M2 spacer; 2.5 mm nominal engagement in metal eye
foot_r_invert_M_PCB_edge_saddle_1,foot_r.dorsiflex_frame,打印,frame,1,,,,,2.0 x 4.0 x 12.4,PLA 候选，按随件 STL 和切片复核要求,parts/foot_r_invert_M_PCB_edge_saddle_1.step,print_candidates/foot_r_invert_M_PCB_edge_saddle_1.stl,
foot_r_invert_M_PCB_edge_cap_1,foot_r.dorsiflex_frame,加工塑料,nylon,1,,,,,0.8 x 4.0 x 12.4,POM-C / 未填充 PEEK / PA12 按材质分别加工；薄件不等同 PLA 打印,parts/foot_r_invert_M_PCB_edge_cap_1.step,,
foot_r_invert_M_PCB_M2x6_1,foot_r.dorsiflex_frame,采购紧固件,nylon,1,,M2,6,screw_head_to_drawing,3.8 x 3.8 x 8.0,按螺纹、长度、材料和实际头部包络一起核对,parts/foot_r_invert_M_PCB_M2x6_1.step,,
foot_r_invert_M_pcb_AS5048A,foot_r.dorsiflex_frame,PCBA内含,pcb_component,1,,,,,1.0 x 5.0 x 6.4,按电子板成套，不按机械实体重复采购,parts/foot_r_invert_M_pcb_AS5048A.step,,actual_KiCad_STEP
foot_r_invert_M_pcb_C1,foot_r.dorsiflex_frame,PCBA内含,pcb_component,1,,,,,0.8 x 0.8 x 1.6,按电子板成套，不按机械实体重复采购,parts/foot_r_invert_M_pcb_C1.step,,actual_KiCad_STEP
foot_r_invert_M_pcb_C2,foot_r.dorsiflex_frame,PCBA内含,pcb_component,1,,,,,1.05 x 1.45 x 2.3,按电子板成套，不按机械实体重复采购,parts/foot_r_invert_M_pcb_C2.step,,"Murata GRM219R61E106KA12D 10 uF 25 V X5R, max .95 mm body + .10 mm solder seating allocation"
foot_r_invert_M_pcb_R1,foot_r.dorsiflex_frame,PCBA内含,pcb_component,1,,,,,0.45 x 0.8 x 1.6,按电子板成套，不按机械实体重复采购,parts/foot_r_invert_M_pcb_R1.step,,actual_KiCad_STEP
foot_r_invert_M_pcb_R2,foot_r.dorsiflex_frame,PCBA内含,pcb_component,1,,,,,0.45 x 0.8 x 1.6,按电子板成套，不按机械实体重复采购,parts/foot_r_invert_M_pcb_R2.step,,actual_KiCad_STEP
foot_r_invert_M_pcb_board,foot_r.dorsiflex_frame,PCBA内含,pcb,1,,,,,0.91 x 10.0 x 12.0,按电子板成套，不按机械实体重复采购,parts/foot_r_invert_M_pcb_board.step,,actual_KiCad_STEP
foot_r_invert_M_pcb_J1_dimension_envelope,foot_r.dorsiflex_frame,PCBA内含,pcb_component,1,,,,,3.3 x 9.4 x 9.6,按电子板成套，不按机械实体重复采购,parts/foot_r_invert_M_pcb_J1_dimension_envelope.step,,"JST SM06B-SRSS-TB side-entry SH6, conservative 9.4 x9.6 x3.3 mm mated plug allocation; cable bend remains a separate harness requirement"
foot_r_dorsiflex_M_rotor_mount_M3x12_0,foot_r.dorsiflex_frame,采购紧固件,metal,1,,M3,12,screw_head_to_drawing,5.5 x 5.5 x 15.0,按螺纹、长度、材料和实际头部包络一起核对,parts/foot_r_dorsiflex_M_rotor_mount_M3x12_0.step,,M3x12 socket screw; unmodelled helical thread
foot_r_dorsiflex_M_rotor_mount_nut_M3_0,foot_r.dorsiflex_frame,采购紧固件,metal,1,,M3,,hex_nut,2.4 x 5.5 x 6.351,按螺纹、长度、材料和实际头部包络一起核对,parts/foot_r_dorsiflex_M_rotor_mount_nut_M3_0.step,,M3 nut envelope; removable thread locking method pending
foot_r_dorsiflex_M_rotor_mount_M3x12_1,foot_r.dorsiflex_frame,采购紧固件,metal,1,,M3,12,screw_head_to_drawing,5.5 x 5.5 x 15.0,按螺纹、长度、材料和实际头部包络一起核对,parts/foot_r_dorsiflex_M_rotor_mount_M3x12_1.step,,M3x12 socket screw; unmodelled helical thread
foot_r_dorsiflex_M_rotor_mount_nut_M3_1,foot_r.dorsiflex_frame,采购紧固件,metal,1,,M3,,hex_nut,2.4 x 5.5 x 6.351,按螺纹、长度、材料和实际头部包络一起核对,parts/foot_r_dorsiflex_M_rotor_mount_nut_M3_1.step,,M3 nut envelope; removable thread locking method pending
foot_r_invert_M_fixed_mount_M3x8_0,foot_r.dorsiflex_frame,采购紧固件,metal,1,,M3,8,screw_head_to_drawing,5.5 x 5.5 x 11.0,按螺纹、长度、材料和实际头部包络一起核对,parts/foot_r_invert_M_fixed_mount_M3x8_0.step,,M3x8 from outer carrier face into metal eye; 3 mm nominal threaded engagement
foot_r_invert_M_fixed_mount_M3x8_1,foot_r.dorsiflex_frame,采购紧固件,metal,1,,M3,8,screw_head_to_drawing,5.5 x 5.5 x 11.0,按螺纹、长度、材料和实际头部包络一起核对,parts/foot_r_invert_M_fixed_mount_M3x8_1.step,,M3x8 from outer carrier face into metal eye; 3 mm nominal threaded engagement
foot_r_dorsiflex_M_intermediate_frame,foot_r.dorsiflex_frame,打印,frame,1,,,,,21.5 x 31.95 x 44.5,PLA 候选，按随件 STL 和切片复核要求,parts/foot_r_dorsiflex_M_intermediate_frame.step,print_candidates/foot_r_dorsiflex_M_intermediate_frame.stl,Bolted frame between concentric orthogonal axes; no offset of anatomical pivot
ball_r_flex_M_fixed_metal_eye,foot_r,加工金属,aluminum_7075,1,,,,,4.0 x 27.998 x 38.5,按 STEP 加工并检验配合；复杂框架先反馈 DFM,parts/ball_r_flex_M_fixed_metal_eye.step,,"Machined 6061-T6 eye; 2 x M3 tapped mounting holes; friction lining reacts into this eye; integral angular travel guards reacting directly into bearing eye; D14.50 x0.85 upper retaining counterbore, flat Z3.15"
ball_r_flex_M_radial_bush,foot_r,加工塑料,pom,1,,,,,2.8 x 14.4 x 14.4,POM-C / 未填充 PEEK / PA12 按材质分别加工；薄件不等同 PLA 打印,parts/ball_r_flex_M_radial_bush.step,,"D6 journal +0.06 mm nominal diametral clearance; not part of axial preload loop; D14.40 x0.70 flange at Z3.20..3.90, captured below thrust washer Z4.00; 0.15 total nominal axial float"
ball_r_flex_M_friction_lining,foot_r,加工塑料,peek,1,,,,,1.0 x 22.0 x 23.4,POM-C / 未填充 PEEK / PA12 按材质分别加工；薄件不等同 PLA 打印,parts/ball_r_flex_M_friction_lining.step,,"1 mm replaceable lining with positive edge tabs; friction coefficient is an untested assumption; unfilled machined PEEK candidate, dry contact; actual torque and creep must be qualified"
ball_r_flex_M_flanged_rotor_shaft,ball_r,加工金属,aluminum_7075,1,,,,,17.926 x 24.0 x 24.0,按 STEP 加工并检验配合；复杂框架先反馈 DFM,parts/ball_r_flex_M_flanged_rotor_shaft.step,,"Integral D6 drive, journal and friction flange; blind M3 end thread and M2 radial retention; no threaded running surface; integral load-bearing flange stop tab; magnetic cup is not a stop"
ball_r_flex_M_thrust_wear_washer,foot_r,采购标准件,ptfe_composite,1,PCMW 102001.5 E,,,,1.5 x 20.0 x 20.0,SKF PCMW 102001.5 E；以当前 STEP 尺寸核对,parts/ball_r_flex_M_thrust_wear_washer.step,,SKF PCMW102001.5 E envelope; radial bush is unloaded axially
ball_r_flex_M_spring_seat,ball_r,加工金属,spring,1,,,,,0.5 x 20.0 x 20.0,按 STEP 加工并检验配合；复杂框架先反馈 DFM,parts/ball_r_flex_M_spring_seat.step,,
ball_r_flex_M_disc_spring_0_0,ball_r,采购碟簧,spring,1,SCHNORR 002050,,,,0.463 x 12.5 x 12.5,按弹簧型号和装配方向，不按 CAD 色彩选型,parts/ball_r_flex_M_disc_spring_0_0.step,,"SCHNORR 002050; 1 nested parallel per group, two groups opposed in series"
ball_r_flex_M_disc_spring_1_0,ball_r,采购碟簧,spring,1,SCHNORR 002050,,,,0.463 x 12.5 x 12.5,按弹簧型号和装配方向，不按 CAD 色彩选型,parts/ball_r_flex_M_disc_spring_1_0.step,,"SCHNORR 002050; 1 nested parallel per group, two groups opposed in series"
ball_r_flex_M_D_stop_cap,ball_r,加工金属,aluminum,1,,,,,3.0 x 12.4 x 13.6,按 STEP 加工并检验配合；复杂框架先反馈 DFM,parts/ball_r_flex_M_D_stop_cap.step,,Metal shoulder fixes nominal spring height; actual preload requires selected shims and a physical torque test
ball_r_flex_M_M3x8_button_retainer,ball_r,采购紧固件,titanium,1,SSB-M3-8-TI5,M3,8,button_head,5.7 x 5.7 x 9.65,按螺纹、长度、材料和实际头部包络一起核对,parts/ball_r_flex_M_M3x8_button_retainer.step,,Accu SSB-M3-8-TI5 nominal head envelope; thread and bearing stress unqualified
ball_r_flex_M_keyed_magnet_cup,ball_r,加工金属,aluminum,1,,,,,7.55 x 16.4 x 16.4,按 STEP 加工并检验配合；复杂框架先反馈 DFM,parts/ball_r_flex_M_keyed_magnet_cup.step,,External D key transmits angle; 0.05 mm nominal fit and two radial brass retainers
ball_r_flex_M_cup_M2x4_0,ball_r,采购紧固件,brass,1,,M2,4,screw_head_to_drawing,2.0 x 2.0 x 4.0,按螺纹、长度、材料和实际头部包络一起核对,parts/ball_r_flex_M_cup_M2x4_0.step,,Thread envelope; slotted brass M2x4
ball_r_flex_M_cup_M2x4_1,ball_r,采购紧固件,brass,1,,M2,4,screw_head_to_drawing,2.0 x 2.0 x 4.0,按螺纹、长度、材料和实际头部包络一起核对,parts/ball_r_flex_M_cup_M2x4_1.step,,Thread envelope; slotted brass M2x4
ball_r_flex_M_diametric_magnet_6x2p5,ball_r,采购标准件,magnet,1,AS5000-MD6H-2,,,,2.5 x 6.0 x 6.0,AS5000-MD6H-2 候选，Ø6×2.5 径向充磁，逐件核对磁场,parts/ball_r_flex_M_diametric_magnet_6x2p5.step,,Diametric magnet; magnetic field and interference require bench qualification
ball_r_flex_M_magnet_keeper,ball_r,打印,frame,1,,,,,2.7 x 19.2 x 19.2,PLA 候选，按随件 STL 和切片复核要求,parts/ball_r_flex_M_magnet_keeper.step,print_candidates/ball_r_flex_M_magnet_keeper.stl,"1.2 mm radial wall, 0.20 mm nominal radial fit allowance, 0.8 mm face; mechanical retention outside sensor air gap"
ball_r_flex_M_keeper_M2x3_0,ball_r,采购紧固件,brass,1,,M2,3,screw_head_to_drawing,2.0 x 2.0 x 3.0,按螺纹、长度、材料和实际头部包络一起核对,parts/ball_r_flex_M_keeper_M2x3_0.step,,Slotted brass M2x3 thread envelope
ball_r_flex_M_keeper_M2x3_1,ball_r,采购紧固件,brass,1,,M2,3,screw_head_to_drawing,2.0 x 2.0 x 3.0,按螺纹、长度、材料和实际头部包络一起核对,parts/ball_r_flex_M_keeper_M2x3_1.step,,Slotted brass M2x3 thread envelope
ball_r_flex_M_D_output_cleat,ball_r,加工金属,aluminum,1,,,,,4.95 x 19.0 x 26.0,按 STEP 加工并检验配合；复杂框架先反馈 DFM,parts/ball_r_flex_M_D_output_cleat.step,,"Two M3 attachment bores; drive on D-flat, axial retention by radial M2 into shaft"
ball_r_flex_M_output_M2x6,ball_r,采购紧固件,brass,1,,M2,6,screw_head_to_drawing,3.8 x 3.8 x 8.0,按螺纹、长度、材料和实际头部包络一起核对,parts/ball_r_flex_M_output_M2x6.step,,Nominal M2x6 radial retainer; install before connecting distal segment
ball_r_flex_M_board_post_0,foot_r,加工金属,brass,1,,,,,3.5 x 4.041 x 14.671,按 STEP 加工并检验配合；复杂框架先反馈 DFM,parts/ball_r_flex_M_board_post_0.step,,Custom AF3.5 male/female M2 spacer; 2.5 mm nominal engagement in metal eye
ball_r_flex_M_PCB_edge_saddle_0,foot_r,打印,frame,1,,,,,2.0 x 4.0 x 10.4,PLA 候选，按随件 STL 和切片复核要求,parts/ball_r_flex_M_PCB_edge_saddle_0.step,print_candidates/ball_r_flex_M_PCB_edge_saddle_0.stl,
ball_r_flex_M_PCB_edge_cap_0,foot_r,加工塑料,nylon,1,,,,,0.8 x 4.0 x 10.4,POM-C / 未填充 PEEK / PA12 按材质分别加工；薄件不等同 PLA 打印,parts/ball_r_flex_M_PCB_edge_cap_0.step,,
ball_r_flex_M_PCB_M2x6_0,foot_r,采购紧固件,nylon,1,,M2,6,screw_head_to_drawing,3.8 x 3.8 x 8.0,按螺纹、长度、材料和实际头部包络一起核对,parts/ball_r_flex_M_PCB_M2x6_0.step,,
ball_r_flex_M_board_post_1,foot_r,加工金属,brass,1,,,,,3.5 x 4.041 x 14.671,按 STEP 加工并检验配合；复杂框架先反馈 DFM,parts/ball_r_flex_M_board_post_1.step,,Custom AF3.5 male/female M2 spacer; 2.5 mm nominal engagement in metal eye
ball_r_flex_M_PCB_edge_saddle_1,foot_r,打印,frame,1,,,,,2.0 x 4.0 x 10.4,PLA 候选，按随件 STL 和切片复核要求,parts/ball_r_flex_M_PCB_edge_saddle_1.step,print_candidates/ball_r_flex_M_PCB_edge_saddle_1.stl,
ball_r_flex_M_PCB_edge_cap_1,foot_r,加工塑料,nylon,1,,,,,0.8 x 4.0 x 10.4,POM-C / 未填充 PEEK / PA12 按材质分别加工；薄件不等同 PLA 打印,parts/ball_r_flex_M_PCB_edge_cap_1.step,,
ball_r_flex_M_PCB_M2x6_1,foot_r,采购紧固件,nylon,1,,M2,6,screw_head_to_drawing,3.8 x 3.8 x 8.0,按螺纹、长度、材料和实际头部包络一起核对,parts/ball_r_flex_M_PCB_M2x6_1.step,,
ball_r_flex_M_pcb_AS5048A,foot_r,PCBA内含,pcb_component,1,,,,,1.0 x 5.0 x 6.4,按电子板成套，不按机械实体重复采购,parts/ball_r_flex_M_pcb_AS5048A.step,,actual_KiCad_STEP
ball_r_flex_M_pcb_C1,foot_r,PCBA内含,pcb_component,1,,,,,0.8 x 0.8 x 1.6,按电子板成套，不按机械实体重复采购,parts/ball_r_flex_M_pcb_C1.step,,actual_KiCad_STEP
ball_r_flex_M_pcb_C2,foot_r,PCBA内含,pcb_component,1,,,,,1.05 x 1.45 x 2.3,按电子板成套，不按机械实体重复采购,parts/ball_r_flex_M_pcb_C2.step,,"Murata GRM219R61E106KA12D 10 uF 25 V X5R, max .95 mm body + .10 mm solder seating allocation"
ball_r_flex_M_pcb_R1,foot_r,PCBA内含,pcb_component,1,,,,,0.45 x 0.8 x 1.6,按电子板成套，不按机械实体重复采购,parts/ball_r_flex_M_pcb_R1.step,,actual_KiCad_STEP
ball_r_flex_M_pcb_R2,foot_r,PCBA内含,pcb_component,1,,,,,0.45 x 0.8 x 1.6,按电子板成套，不按机械实体重复采购,parts/ball_r_flex_M_pcb_R2.step,,actual_KiCad_STEP
ball_r_flex_M_pcb_board,foot_r,PCBA内含,pcb,1,,,,,0.91 x 10.0 x 12.0,按电子板成套，不按机械实体重复采购,parts/ball_r_flex_M_pcb_board.step,,actual_KiCad_STEP
ball_r_flex_M_pcb_J1_dimension_envelope,foot_r,PCBA内含,pcb_component,1,,,,,3.3 x 9.4 x 9.6,按电子板成套，不按机械实体重复采购,parts/ball_r_flex_M_pcb_J1_dimension_envelope.step,,"JST SM06B-SRSS-TB side-entry SH6, conservative 9.4 x9.6 x3.3 mm mated plug allocation; cable bend remains a separate harness requirement"
thigh_r_twist_M_rotor_mount_M3x12_0,thigh_r,采购紧固件,metal,1,,M3,12,screw_head_to_drawing,5.5 x 5.5 x 15.0,按螺纹、长度、材料和实际头部包络一起核对,parts/thigh_r_twist_M_rotor_mount_M3x12_0.step,,M3x12 socket screw; unmodelled helical thread
thigh_r_twist_M_rotor_mount_nut_M3_0,thigh_r,采购紧固件,metal,1,,M3,,hex_nut,2.4 x 5.5 x 6.351,按螺纹、长度、材料和实际头部包络一起核对,parts/thigh_r_twist_M_rotor_mount_nut_M3_0.step,,M3 nut envelope; removable thread locking method pending
thigh_r_twist_M_rotor_mount_M3x12_1,thigh_r,采购紧固件,metal,1,,M3,12,screw_head_to_drawing,5.5 x 5.5 x 15.0,按螺纹、长度、材料和实际头部包络一起核对,parts/thigh_r_twist_M_rotor_mount_M3x12_1.step,,M3x12 socket screw; unmodelled helical thread
thigh_r_twist_M_rotor_mount_nut_M3_1,thigh_r,采购紧固件,metal,1,,M3,,hex_nut,2.4 x 5.5 x 6.351,按螺纹、长度、材料和实际头部包络一起核对,parts/thigh_r_twist_M_rotor_mount_nut_M3_1.step,,M3 nut envelope; removable thread locking method pending
calf_r_flex_M_fixed_mount_M3x8_0,thigh_r,采购紧固件,metal,1,,M3,8,screw_head_to_drawing,5.5 x 5.5 x 11.0,按螺纹、长度、材料和实际头部包络一起核对,parts/calf_r_flex_M_fixed_mount_M3x8_0.step,,M3x8 from outer carrier face into metal eye; 3 mm nominal threaded engagement
calf_r_flex_M_fixed_mount_M3x8_1,thigh_r,采购紧固件,metal,1,,M3,8,screw_head_to_drawing,5.5 x 5.5 x 11.0,按螺纹、长度、材料和实际头部包络一起核对,parts/calf_r_flex_M_fixed_mount_M3x8_1.step,,M3x8 from outer carrier face into metal eye; 3 mm nominal threaded engagement
thigh_r_M_centreline_frame,thigh_r,打印,frame,1,,,,,23.525 x 38.0 x 122.71,PLA 候选，按随件 STL 和切片复核要求,parts/thigh_r_M_centreline_frame.step,print_candidates/thigh_r_M_centreline_frame.stl,Hollow centreline thigh between the measured hip twist and metal knee eye; two printed shell attachment lugs with through M2.4 holes
calf_r_flex_M_rotor_mount_M3x12_0,calf_r,采购紧固件,metal,1,,M3,12,screw_head_to_drawing,5.5 x 5.5 x 15.0,按螺纹、长度、材料和实际头部包络一起核对,parts/calf_r_flex_M_rotor_mount_M3x12_0.step,,M3x12 socket screw; unmodelled helical thread
calf_r_flex_M_rotor_mount_nut_M3_0,calf_r,采购紧固件,metal,1,,M3,,hex_nut,2.4 x 5.5 x 6.351,按螺纹、长度、材料和实际头部包络一起核对,parts/calf_r_flex_M_rotor_mount_nut_M3_0.step,,M3 nut envelope; removable thread locking method pending
calf_r_flex_M_rotor_mount_M3x12_1,calf_r,采购紧固件,metal,1,,M3,12,screw_head_to_drawing,5.5 x 5.5 x 15.0,按螺纹、长度、材料和实际头部包络一起核对,parts/calf_r_flex_M_rotor_mount_M3x12_1.step,,M3x12 socket screw; unmodelled helical thread
calf_r_flex_M_rotor_mount_nut_M3_1,calf_r,采购紧固件,metal,1,,M3,,hex_nut,2.4 x 5.5 x 6.351,按螺纹、长度、材料和实际头部包络一起核对,parts/calf_r_flex_M_rotor_mount_nut_M3_1.step,,M3 nut envelope; removable thread locking method pending
foot_r_dorsiflex_M_fixed_mount_M3x8_0,calf_r,采购紧固件,metal,1,,M3,8,screw_head_to_drawing,5.5 x 5.5 x 11.0,按螺纹、长度、材料和实际头部包络一起核对,parts/foot_r_dorsiflex_M_fixed_mount_M3x8_0.step,,M3x8 from outer carrier face into metal eye; 3 mm nominal threaded engagement
foot_r_dorsiflex_M_fixed_mount_M3x8_1,calf_r,采购紧固件,metal,1,,M3,8,screw_head_to_drawing,5.5 x 5.5 x 11.0,按螺纹、长度、材料和实际头部包络一起核对,parts/foot_r_dorsiflex_M_fixed_mount_M3x8_1.step,,M3x8 from outer carrier face into metal eye; 3 mm nominal threaded engagement
calf_r_M_centreline_frame,calf_r,打印,frame,1,,,,,35.0 x 45.525 x 227.527,PLA 候选，按随件 STL 和切片复核要求,parts/calf_r_M_centreline_frame.step,print_candidates/calf_r_M_centreline_frame.stl,"Centreline calf with external ankle yoke; hollow section, explicit M3 joint mounts; two printed shell attachment lugs with through M2.4 holes"
foot_r_invert_M_rotor_mount_M3x12_0,foot_r,采购紧固件,metal,1,,M3,12,screw_head_to_drawing,5.5 x 5.5 x 15.0,按螺纹、长度、材料和实际头部包络一起核对,parts/foot_r_invert_M_rotor_mount_M3x12_0.step,,M3x12 socket screw; unmodelled helical thread
foot_r_invert_M_rotor_mount_nut_M3_0,foot_r,采购紧固件,metal,1,,M3,,hex_nut,2.4 x 5.5 x 6.351,按螺纹、长度、材料和实际头部包络一起核对,parts/foot_r_invert_M_rotor_mount_nut_M3_0.step,,M3 nut envelope; removable thread locking method pending
foot_r_invert_M_rotor_mount_M3x12_1,foot_r,采购紧固件,metal,1,,M3,12,screw_head_to_drawing,5.5 x 5.5 x 15.0,按螺纹、长度、材料和实际头部包络一起核对,parts/foot_r_invert_M_rotor_mount_M3x12_1.step,,M3x12 socket screw; unmodelled helical thread
foot_r_invert_M_rotor_mount_nut_M3_1,foot_r,采购紧固件,metal,1,,M3,,hex_nut,2.4 x 5.5 x 6.351,按螺纹、长度、材料和实际头部包络一起核对,parts/foot_r_invert_M_rotor_mount_nut_M3_1.step,,M3 nut envelope; removable thread locking method pending
ball_r_flex_M_fixed_mount_M3x8_0,foot_r,采购紧固件,metal,1,,M3,8,screw_head_to_drawing,5.5 x 5.5 x 11.0,按螺纹、长度、材料和实际头部包络一起核对,parts/ball_r_flex_M_fixed_mount_M3x8_0.step,,M3x8 from outer carrier face into metal eye; 3 mm nominal threaded engagement
ball_r_flex_M_fixed_mount_M3x8_1,foot_r,采购紧固件,metal,1,,M3,8,screw_head_to_drawing,5.5 x 5.5 x 11.0,按螺纹、长度、材料和实际头部包络一起核对,parts/ball_r_flex_M_fixed_mount_M3x8_1.step,,M3x8 from outer carrier face into metal eye; 3 mm nominal threaded engagement
foot_r_M_tray,foot_r,打印,frame,1,,,,,30.0 x 54.084 x 100.579,PLA 候选，按随件 STL 和切片复核要求,parts/foot_r_M_tray.step,print_candidates/foot_r_M_tray.stl,"Foot tray with measured toe hinge; 5 mm nominal stand-off above reference sole, removable low shoe with two M2 mounts"
ball_r_flex_M_rotor_mount_M3x12_0,ball_r,采购紧固件,metal,1,,M3,12,screw_head_to_drawing,5.5 x 5.5 x 15.0,按螺纹、长度、材料和实际头部包络一起核对,parts/ball_r_flex_M_rotor_mount_M3x12_0.step,,M3x12 socket screw; unmodelled helical thread
ball_r_flex_M_rotor_mount_nut_M3_0,ball_r,采购紧固件,metal,1,,M3,,hex_nut,2.4 x 5.5 x 6.351,按螺纹、长度、材料和实际头部包络一起核对,parts/ball_r_flex_M_rotor_mount_nut_M3_0.step,,M3 nut envelope; removable thread locking method pending
ball_r_flex_M_rotor_mount_M3x12_1,ball_r,采购紧固件,metal,1,,M3,12,screw_head_to_drawing,5.5 x 5.5 x 15.0,按螺纹、长度、材料和实际头部包络一起核对,parts/ball_r_flex_M_rotor_mount_M3x12_1.step,,M3x12 socket screw; unmodelled helical thread
ball_r_flex_M_rotor_mount_nut_M3_1,ball_r,采购紧固件,metal,1,,M3,,hex_nut,2.4 x 5.5 x 6.351,按螺纹、长度、材料和实际头部包络一起核对,parts/ball_r_flex_M_rotor_mount_nut_M3_1.step,,M3 nut envelope; removable thread locking method pending
ball_r_M_forefoot_frame,ball_r,打印,frame,1,,,,,10.0 x 27.415 x 32.551,PLA 候选，按随件 STL 和切片复核要求,parts/ball_r_M_forefoot_frame.step,print_candidates/ball_r_M_forefoot_frame.stl,Rigid forefoot rail towards the character-specific toe tip; no toe-finger channels; two spaced cross-holes for removable toe cap
waist_yaw_M_fixed_metal_eye,pelvis,加工金属,aluminum_7075,1,,,,,4.0 x 42.0 x 47.215,按 STEP 加工并检验配合；复杂框架先反馈 DFM,parts/waist_yaw_M_fixed_metal_eye.step,,"Machined 6061-T6 eye; 2 x M3 tapped mounting holes; friction lining reacts into this eye; integral angular travel guards reacting directly into bearing eye; D14.50 x0.85 upper retaining counterbore, flat Z3.15; two M2 tapped upper reaction mounts and shallow countersink runout"
waist_yaw_M_radial_bush,pelvis,加工塑料,pom,1,,,,,2.8 x 14.4 x 14.4,POM-C / 未填充 PEEK / PA12 按材质分别加工；薄件不等同 PLA 打印,parts/waist_yaw_M_radial_bush.step,,"D6 journal +0.06 mm nominal diametral clearance; not part of axial preload loop; D14.40 x0.70 flange at Z3.20..3.90, captured below thrust washer Z4.00; 0.15 total nominal axial float"
waist_yaw_M_friction_lining,pelvis,加工塑料,peek,1,,,,,1.0 x 36.0 x 37.4,POM-C / 未填充 PEEK / PA12 按材质分别加工；薄件不等同 PLA 打印,parts/waist_yaw_M_friction_lining.step,,"1 mm replaceable lining with positive edge tabs; friction coefficient is an untested assumption; unfilled machined PEEK candidate, dry contact; actual torque and creep must be qualified"
waist_yaw_M_flanged_rotor_shaft,waist.yaw_frame,加工金属,aluminum_7075,1,,,,,21.976 x 38.0 x 41.0,按 STEP 加工并检验配合；复杂框架先反馈 DFM,parts/waist_yaw_M_flanged_rotor_shaft.step,,"Integral D6 drive, journal and friction flange; blind M3 end thread and M2 radial retention; no threaded running surface; integral load-bearing flange stop tab; magnetic cup is not a stop; extended D-flat above bearing Z4 drives upper pressure plate; journal below Z3.9 remains round; D8/flat3.5 output below flange, D6 journal preserved; 7075-T6 material candidate; radial M2 pilot retained"
waist_yaw_M_thrust_wear_washer,pelvis,加工金属,steel_17_4,1,,,,,1.5 x 25.0 x 34.0,按 STEP 加工并检验配合；复杂框架先反馈 DFM,parts/waist_yaw_M_thrust_wear_washer.step,,"Custom removable ground 17-4PH H900 reaction washer, 1 mm web and keyed upper PEEK pocket; captures radial bush flange below Z4"
waist_yaw_M_spring_seat,waist.yaw_frame,加工金属,steel_17_4,1,,,,,1.85 x 22.0 x 22.0,按 STEP 加工并检验配合；复杂框架先反馈 DFM,parts/waist_yaw_M_spring_seat.step,,"Ground 17-4PH H900 pressure plate with 1.85 mm deep D6 hub; 0.2 mm radial gap to reaction washer, lower hub clear of POM flange"
waist_yaw_M_disc_spring_0_0,waist.yaw_frame,采购碟簧,spring,1,SCHNORR 002200,,,,0.688 x 12.0 x 12.0,按弹簧型号和装配方向，不按 CAD 色彩选型,parts/waist_yaw_M_disc_spring_0_0.step,,"SCHNORR 002200, three nested in each of two opposed groups; nominal 1656 N at catalog test height"
waist_yaw_M_disc_spring_0_1,waist.yaw_frame,采购碟簧,spring,1,SCHNORR 002200,,,,0.688 x 12.0 x 12.0,按弹簧型号和装配方向，不按 CAD 色彩选型,parts/waist_yaw_M_disc_spring_0_1.step,,"SCHNORR 002200, three nested in each of two opposed groups; nominal 1656 N at catalog test height"
waist_yaw_M_disc_spring_0_2,waist.yaw_frame,采购碟簧,spring,1,SCHNORR 002200,,,,0.688 x 12.0 x 12.0,按弹簧型号和装配方向，不按 CAD 色彩选型,parts/waist_yaw_M_disc_spring_0_2.step,,"SCHNORR 002200, three nested in each of two opposed groups; nominal 1656 N at catalog test height"
waist_yaw_M_disc_spring_1_0,waist.yaw_frame,采购碟簧,spring,1,SCHNORR 002200,,,,0.688 x 12.0 x 12.0,按弹簧型号和装配方向，不按 CAD 色彩选型,parts/waist_yaw_M_disc_spring_1_0.step,,"SCHNORR 002200, three nested in each of two opposed groups; nominal 1656 N at catalog test height"
waist_yaw_M_disc_spring_1_1,waist.yaw_frame,采购碟簧,spring,1,SCHNORR 002200,,,,0.688 x 12.0 x 12.0,按弹簧型号和装配方向，不按 CAD 色彩选型,parts/waist_yaw_M_disc_spring_1_1.step,,"SCHNORR 002200, three nested in each of two opposed groups; nominal 1656 N at catalog test height"
waist_yaw_M_disc_spring_1_2,waist.yaw_frame,采购碟簧,spring,1,SCHNORR 002200,,,,0.688 x 12.0 x 12.0,按弹簧型号和装配方向，不按 CAD 色彩选型,parts/waist_yaw_M_disc_spring_1_2.step,,"SCHNORR 002200, three nested in each of two opposed groups; nominal 1656 N at catalog test height"
waist_yaw_M_D_stop_cap,waist.yaw_frame,加工金属,aluminum,1,,,,,3.0 x 12.4 x 13.6,按 STEP 加工并检验配合；复杂框架先反馈 DFM,parts/waist_yaw_M_D_stop_cap.step,,Metal shoulder fixes nominal spring height; actual preload requires selected shims and a physical torque test
waist_yaw_M_M3x8_button_retainer,waist.yaw_frame,采购紧固件,titanium,1,SSB-M3-8-TI5,M3,8,button_head,5.7 x 5.7 x 9.65,按螺纹、长度、材料和实际头部包络一起核对,parts/waist_yaw_M_M3x8_button_retainer.step,,Accu SSB-M3-8-TI5 nominal head envelope; thread and bearing stress unqualified
waist_yaw_M_keyed_magnet_cup,waist.yaw_frame,加工金属,aluminum,1,,,,,7.55 x 16.4 x 16.4,按 STEP 加工并检验配合；复杂框架先反馈 DFM,parts/waist_yaw_M_keyed_magnet_cup.step,,External D key transmits angle; 0.05 mm nominal fit and two radial brass retainers
waist_yaw_M_cup_M2x4_0,waist.yaw_frame,采购紧固件,brass,1,,M2,4,screw_head_to_drawing,2.0 x 2.0 x 4.0,按螺纹、长度、材料和实际头部包络一起核对,parts/waist_yaw_M_cup_M2x4_0.step,,Thread envelope; slotted brass M2x4
waist_yaw_M_cup_M2x4_1,waist.yaw_frame,采购紧固件,brass,1,,M2,4,screw_head_to_drawing,2.0 x 2.0 x 4.0,按螺纹、长度、材料和实际头部包络一起核对,parts/waist_yaw_M_cup_M2x4_1.step,,Thread envelope; slotted brass M2x4
waist_yaw_M_diametric_magnet_6x2p5,waist.yaw_frame,采购标准件,magnet,1,AS5000-MD6H-2,,,,2.5 x 6.0 x 6.0,AS5000-MD6H-2 候选，Ø6×2.5 径向充磁，逐件核对磁场,parts/waist_yaw_M_diametric_magnet_6x2p5.step,,Diametric magnet; magnetic field and interference require bench qualification
waist_yaw_M_magnet_keeper,waist.yaw_frame,打印,frame,1,,,,,2.7 x 19.2 x 19.2,PLA 候选，按随件 STL 和切片复核要求,parts/waist_yaw_M_magnet_keeper.step,print_candidates/waist_yaw_M_magnet_keeper.stl,"1.2 mm radial wall, 0.20 mm nominal radial fit allowance, 0.8 mm face; mechanical retention outside sensor air gap"
waist_yaw_M_keeper_M2x3_0,waist.yaw_frame,采购紧固件,brass,1,,M2,3,screw_head_to_drawing,2.0 x 2.0 x 3.0,按螺纹、长度、材料和实际头部包络一起核对,parts/waist_yaw_M_keeper_M2x3_0.step,,Slotted brass M2x3 thread envelope
waist_yaw_M_keeper_M2x3_1,waist.yaw_frame,采购紧固件,brass,1,,M2,3,screw_head_to_drawing,2.0 x 2.0 x 3.0,按螺纹、长度、材料和实际头部包络一起核对,parts/waist_yaw_M_keeper_M2x3_1.step,,Slotted brass M2x3 thread envelope
waist_yaw_M_D_output_cleat,waist.yaw_frame,加工金属,aluminum_7075,1,,,,,4.95 x 19.0 x 33.0,按 STEP 加工并检验配合；复杂框架先反馈 DFM,parts/waist_yaw_M_D_output_cleat.step,,"Two M3 attachment bores; drive on D-flat, axial retention by radial M2 into shaft; enlarged D8 output bore matches strengthened high-load shaft"
waist_yaw_M_output_M2x6,waist.yaw_frame,采购紧固件,brass,1,,M2,6,screw_head_to_drawing,3.8 x 3.8 x 8.0,按螺纹、长度、材料和实际头部包络一起核对,parts/waist_yaw_M_output_M2x6.step,,Nominal M2x6 radial retainer; install before connecting distal segment
waist_yaw_M_board_post_0,pelvis,加工金属,brass,1,,,,,3.5 x 4.041 x 18.721,按 STEP 加工并检验配合；复杂框架先反馈 DFM,parts/waist_yaw_M_board_post_0.step,,Custom AF3.5 male/female M2 spacer; 2.5 mm nominal engagement in metal eye
waist_yaw_M_PCB_edge_saddle_0,pelvis,打印,frame,1,,,,,2.0 x 4.0 x 15.4,PLA 候选，按随件 STL 和切片复核要求,parts/waist_yaw_M_PCB_edge_saddle_0.step,print_candidates/waist_yaw_M_PCB_edge_saddle_0.stl,
waist_yaw_M_PCB_edge_cap_0,pelvis,加工塑料,nylon,1,,,,,0.8 x 4.0 x 15.4,POM-C / 未填充 PEEK / PA12 按材质分别加工；薄件不等同 PLA 打印,parts/waist_yaw_M_PCB_edge_cap_0.step,,
waist_yaw_M_PCB_M2x6_0,pelvis,采购紧固件,nylon,1,,M2,6,screw_head_to_drawing,3.8 x 3.8 x 8.0,按螺纹、长度、材料和实际头部包络一起核对,parts/waist_yaw_M_PCB_M2x6_0.step,,
waist_yaw_M_board_post_1,pelvis,加工金属,brass,1,,,,,3.5 x 4.041 x 18.721,按 STEP 加工并检验配合；复杂框架先反馈 DFM,parts/waist_yaw_M_board_post_1.step,,Custom AF3.5 male/female M2 spacer; 2.5 mm nominal engagement in metal eye
waist_yaw_M_PCB_edge_saddle_1,pelvis,打印,frame,1,,,,,2.0 x 4.0 x 15.4,PLA 候选，按随件 STL 和切片复核要求,parts/waist_yaw_M_PCB_edge_saddle_1.step,print_candidates/waist_yaw_M_PCB_edge_saddle_1.stl,
waist_yaw_M_PCB_edge_cap_1,pelvis,加工塑料,nylon,1,,,,,0.8 x 4.0 x 15.4,POM-C / 未填充 PEEK / PA12 按材质分别加工；薄件不等同 PLA 打印,parts/waist_yaw_M_PCB_edge_cap_1.step,,
waist_yaw_M_PCB_M2x6_1,pelvis,采购紧固件,nylon,1,,M2,6,screw_head_to_drawing,3.8 x 3.8 x 8.0,按螺纹、长度、材料和实际头部包络一起核对,parts/waist_yaw_M_PCB_M2x6_1.step,,
waist_yaw_M_pcb_AS5048A,pelvis,PCBA内含,pcb_component,1,,,,,1.0 x 5.0 x 6.4,按电子板成套，不按机械实体重复采购,parts/waist_yaw_M_pcb_AS5048A.step,,actual_KiCad_STEP
waist_yaw_M_pcb_C1,pelvis,PCBA内含,pcb_component,1,,,,,0.8 x 0.8 x 1.6,按电子板成套，不按机械实体重复采购,parts/waist_yaw_M_pcb_C1.step,,actual_KiCad_STEP
waist_yaw_M_pcb_C2,pelvis,PCBA内含,pcb_component,1,,,,,1.05 x 1.45 x 2.3,按电子板成套，不按机械实体重复采购,parts/waist_yaw_M_pcb_C2.step,,"Murata GRM219R61E106KA12D 10 uF 25 V X5R, max .95 mm body + .10 mm solder seating allocation"
waist_yaw_M_pcb_R1,pelvis,PCBA内含,pcb_component,1,,,,,0.45 x 0.8 x 1.6,按电子板成套，不按机械实体重复采购,parts/waist_yaw_M_pcb_R1.step,,actual_KiCad_STEP
waist_yaw_M_pcb_R2,pelvis,PCBA内含,pcb_component,1,,,,,0.45 x 0.8 x 1.6,按电子板成套，不按机械实体重复采购,parts/waist_yaw_M_pcb_R2.step,,actual_KiCad_STEP
waist_yaw_M_pcb_board,pelvis,PCBA内含,pcb,1,,,,,0.91 x 10.0 x 12.0,按电子板成套，不按机械实体重复采购,parts/waist_yaw_M_pcb_board.step,,actual_KiCad_STEP
waist_yaw_M_pcb_J1_dimension_envelope,pelvis,PCBA内含,pcb_component,1,,,,,3.3 x 9.4 x 9.6,按电子板成套，不按机械实体重复采购,parts/waist_yaw_M_pcb_J1_dimension_envelope.step,,"JST SM06B-SRSS-TB side-entry SH6, conservative 9.4 x9.6 x3.3 mm mated plug allocation; cable bend remains a separate harness requirement"
waist_pitch_M_fixed_metal_eye,waist.yaw_frame,加工金属,aluminum_7075,1,,,,,4.0 x 42.0 x 48.172,按 STEP 加工并检验配合；复杂框架先反馈 DFM,parts/waist_pitch_M_fixed_metal_eye.step,,"Machined 6061-T6 eye; 2 x M3 tapped mounting holes; friction lining reacts into this eye; integral angular travel guards reacting directly into bearing eye; D14.50 x0.85 upper retaining counterbore, flat Z3.15; two M2 tapped upper reaction mounts and shallow countersink runout"
waist_pitch_M_radial_bush,waist.yaw_frame,加工塑料,pom,1,,,,,2.8 x 14.4 x 14.4,POM-C / 未填充 PEEK / PA12 按材质分别加工；薄件不等同 PLA 打印,parts/waist_pitch_M_radial_bush.step,,"D6 journal +0.06 mm nominal diametral clearance; not part of axial preload loop; D14.40 x0.70 flange at Z3.20..3.90, captured below thrust washer Z4.00; 0.15 total nominal axial float"
waist_pitch_M_friction_lining,waist.yaw_frame,加工塑料,peek,1,,,,,1.0 x 36.0 x 37.4,POM-C / 未填充 PEEK / PA12 按材质分别加工；薄件不等同 PLA 打印,parts/waist_pitch_M_friction_lining.step,,"1 mm replaceable lining with positive edge tabs; friction coefficient is an untested assumption; unfilled machined PEEK candidate, dry contact; actual torque and creep must be qualified"
waist_pitch_M_flanged_rotor_shaft,waist.pitch_frame,加工金属,aluminum_7075,1,,,,,21.976 x 38.0 x 41.0,按 STEP 加工并检验配合；复杂框架先反馈 DFM,parts/waist_pitch_M_flanged_rotor_shaft.step,,"Integral D6 drive, journal and friction flange; blind M3 end thread and M2 radial retention; no threaded running surface; integral load-bearing flange stop tab; magnetic cup is not a stop; extended D-flat above bearing Z4 drives upper pressure plate; journal below Z3.9 remains round; D8/flat3.5 output below flange, D6 journal preserved; 7075-T6 material candidate; radial M2 pilot retained"
waist_pitch_M_thrust_wear_washer,waist.yaw_frame,加工金属,steel_17_4,1,,,,,1.5 x 25.0 x 34.0,按 STEP 加工并检验配合；复杂框架先反馈 DFM,parts/waist_pitch_M_thrust_wear_washer.step,,"Custom removable ground 17-4PH H900 reaction washer, 1 mm web and keyed upper PEEK pocket; captures radial bush flange below Z4"
waist_pitch_M_spring_seat,waist.pitch_frame,加工金属,steel_17_4,1,,,,,1.85 x 22.0 x 22.0,按 STEP 加工并检验配合；复杂框架先反馈 DFM,parts/waist_pitch_M_spring_seat.step,,"Ground 17-4PH H900 pressure plate with 1.85 mm deep D6 hub; 0.2 mm radial gap to reaction washer, lower hub clear of POM flange"
waist_pitch_M_disc_spring_0_0,waist.pitch_frame,采购碟簧,spring,1,SCHNORR 002200,,,,0.688 x 12.0 x 12.0,按弹簧型号和装配方向，不按 CAD 色彩选型,parts/waist_pitch_M_disc_spring_0_0.step,,"SCHNORR 002200, three nested in each of two opposed groups; nominal 1656 N at catalog test height"
waist_pitch_M_disc_spring_0_1,waist.pitch_frame,采购碟簧,spring,1,SCHNORR 002200,,,,0.688 x 12.0 x 12.0,按弹簧型号和装配方向，不按 CAD 色彩选型,parts/waist_pitch_M_disc_spring_0_1.step,,"SCHNORR 002200, three nested in each of two opposed groups; nominal 1656 N at catalog test height"
waist_pitch_M_disc_spring_0_2,waist.pitch_frame,采购碟簧,spring,1,SCHNORR 002200,,,,0.688 x 12.0 x 12.0,按弹簧型号和装配方向，不按 CAD 色彩选型,parts/waist_pitch_M_disc_spring_0_2.step,,"SCHNORR 002200, three nested in each of two opposed groups; nominal 1656 N at catalog test height"
waist_pitch_M_disc_spring_1_0,waist.pitch_frame,采购碟簧,spring,1,SCHNORR 002200,,,,0.688 x 12.0 x 12.0,按弹簧型号和装配方向，不按 CAD 色彩选型,parts/waist_pitch_M_disc_spring_1_0.step,,"SCHNORR 002200, three nested in each of two opposed groups; nominal 1656 N at catalog test height"
waist_pitch_M_disc_spring_1_1,waist.pitch_frame,采购碟簧,spring,1,SCHNORR 002200,,,,0.688 x 12.0 x 12.0,按弹簧型号和装配方向，不按 CAD 色彩选型,parts/waist_pitch_M_disc_spring_1_1.step,,"SCHNORR 002200, three nested in each of two opposed groups; nominal 1656 N at catalog test height"
waist_pitch_M_disc_spring_1_2,waist.pitch_frame,采购碟簧,spring,1,SCHNORR 002200,,,,0.688 x 12.0 x 12.0,按弹簧型号和装配方向，不按 CAD 色彩选型,parts/waist_pitch_M_disc_spring_1_2.step,,"SCHNORR 002200, three nested in each of two opposed groups; nominal 1656 N at catalog test height"
waist_pitch_M_D_stop_cap,waist.pitch_frame,加工金属,aluminum,1,,,,,3.0 x 12.4 x 13.6,按 STEP 加工并检验配合；复杂框架先反馈 DFM,parts/waist_pitch_M_D_stop_cap.step,,Metal shoulder fixes nominal spring height; actual preload requires selected shims and a physical torque test
waist_pitch_M_M3x8_button_retainer,waist.pitch_frame,采购紧固件,titanium,1,SSB-M3-8-TI5,M3,8,button_head,5.7 x 5.7 x 9.65,按螺纹、长度、材料和实际头部包络一起核对,parts/waist_pitch_M_M3x8_button_retainer.step,,Accu SSB-M3-8-TI5 nominal head envelope; thread and bearing stress unqualified
waist_pitch_M_keyed_magnet_cup,waist.pitch_frame,加工金属,aluminum,1,,,,,7.55 x 16.4 x 16.4,按 STEP 加工并检验配合；复杂框架先反馈 DFM,parts/waist_pitch_M_keyed_magnet_cup.step,,External D key transmits angle; 0.05 mm nominal fit and two radial brass retainers
waist_pitch_M_cup_M2x4_0,waist.pitch_frame,采购紧固件,brass,1,,M2,4,screw_head_to_drawing,2.0 x 2.0 x 4.0,按螺纹、长度、材料和实际头部包络一起核对,parts/waist_pitch_M_cup_M2x4_0.step,,Thread envelope; slotted brass M2x4
waist_pitch_M_cup_M2x4_1,waist.pitch_frame,采购紧固件,brass,1,,M2,4,screw_head_to_drawing,2.0 x 2.0 x 4.0,按螺纹、长度、材料和实际头部包络一起核对,parts/waist_pitch_M_cup_M2x4_1.step,,Thread envelope; slotted brass M2x4
waist_pitch_M_diametric_magnet_6x2p5,waist.pitch_frame,采购标准件,magnet,1,AS5000-MD6H-2,,,,2.5 x 6.0 x 6.0,AS5000-MD6H-2 候选，Ø6×2.5 径向充磁，逐件核对磁场,parts/waist_pitch_M_diametric_magnet_6x2p5.step,,Diametric magnet; magnetic field and interference require bench qualification
waist_pitch_M_magnet_keeper,waist.pitch_frame,打印,frame,1,,,,,2.7 x 19.2 x 19.2,PLA 候选，按随件 STL 和切片复核要求,parts/waist_pitch_M_magnet_keeper.step,print_candidates/waist_pitch_M_magnet_keeper.stl,"1.2 mm radial wall, 0.20 mm nominal radial fit allowance, 0.8 mm face; mechanical retention outside sensor air gap"
waist_pitch_M_keeper_M2x3_0,waist.pitch_frame,采购紧固件,brass,1,,M2,3,screw_head_to_drawing,2.0 x 2.0 x 3.0,按螺纹、长度、材料和实际头部包络一起核对,parts/waist_pitch_M_keeper_M2x3_0.step,,Slotted brass M2x3 thread envelope
waist_pitch_M_keeper_M2x3_1,waist.pitch_frame,采购紧固件,brass,1,,M2,3,screw_head_to_drawing,2.0 x 2.0 x 3.0,按螺纹、长度、材料和实际头部包络一起核对,parts/waist_pitch_M_keeper_M2x3_1.step,,Slotted brass M2x3 thread envelope
waist_pitch_M_D_output_cleat,waist.pitch_frame,加工金属,aluminum_7075,1,,,,,4.95 x 19.0 x 33.0,按 STEP 加工并检验配合；复杂框架先反馈 DFM,parts/waist_pitch_M_D_output_cleat.step,,"Two M3 attachment bores; drive on D-flat, axial retention by radial M2 into shaft; enlarged D8 output bore matches strengthened high-load shaft"
waist_pitch_M_output_M2x6,waist.pitch_frame,采购紧固件,brass,1,,M2,6,screw_head_to_drawing,3.8 x 3.8 x 8.0,按螺纹、长度、材料和实际头部包络一起核对,parts/waist_pitch_M_output_M2x6.step,,Nominal M2x6 radial retainer; install before connecting distal segment
waist_pitch_M_board_post_0,waist.yaw_frame,加工金属,brass,1,,,,,3.5 x 4.041 x 18.721,按 STEP 加工并检验配合；复杂框架先反馈 DFM,parts/waist_pitch_M_board_post_0.step,,Custom AF3.5 male/female M2 spacer; 2.5 mm nominal engagement in metal eye
waist_pitch_M_PCB_edge_saddle_0,waist.yaw_frame,打印,frame,1,,,,,2.0 x 4.0 x 15.4,PLA 候选，按随件 STL 和切片复核要求,parts/waist_pitch_M_PCB_edge_saddle_0.step,print_candidates/waist_pitch_M_PCB_edge_saddle_0.stl,
waist_pitch_M_PCB_edge_cap_0,waist.yaw_frame,加工塑料,nylon,1,,,,,0.8 x 4.0 x 15.4,POM-C / 未填充 PEEK / PA12 按材质分别加工；薄件不等同 PLA 打印,parts/waist_pitch_M_PCB_edge_cap_0.step,,
waist_pitch_M_PCB_M2x6_0,waist.yaw_frame,采购紧固件,nylon,1,,M2,6,screw_head_to_drawing,3.8 x 3.8 x 8.0,按螺纹、长度、材料和实际头部包络一起核对,parts/waist_pitch_M_PCB_M2x6_0.step,,
waist_pitch_M_board_post_1,waist.yaw_frame,加工金属,brass,1,,,,,3.5 x 4.041 x 18.721,按 STEP 加工并检验配合；复杂框架先反馈 DFM,parts/waist_pitch_M_board_post_1.step,,Custom AF3.5 male/female M2 spacer; 2.5 mm nominal engagement in metal eye
waist_pitch_M_PCB_edge_saddle_1,waist.yaw_frame,打印,frame,1,,,,,2.0 x 4.0 x 15.4,PLA 候选，按随件 STL 和切片复核要求,parts/waist_pitch_M_PCB_edge_saddle_1.step,print_candidates/waist_pitch_M_PCB_edge_saddle_1.stl,
waist_pitch_M_PCB_edge_cap_1,waist.yaw_frame,加工塑料,nylon,1,,,,,0.8 x 4.0 x 15.4,POM-C / 未填充 PEEK / PA12 按材质分别加工；薄件不等同 PLA 打印,parts/waist_pitch_M_PCB_edge_cap_1.step,,
waist_pitch_M_PCB_M2x6_1,waist.yaw_frame,采购紧固件,nylon,1,,M2,6,screw_head_to_drawing,3.8 x 3.8 x 8.0,按螺纹、长度、材料和实际头部包络一起核对,parts/waist_pitch_M_PCB_M2x6_1.step,,
waist_pitch_M_pcb_AS5048A,waist.yaw_frame,PCBA内含,pcb_component,1,,,,,1.0 x 5.0 x 6.4,按电子板成套，不按机械实体重复采购,parts/waist_pitch_M_pcb_AS5048A.step,,actual_KiCad_STEP
waist_pitch_M_pcb_C1,waist.yaw_frame,PCBA内含,pcb_component,1,,,,,0.8 x 0.8 x 1.6,按电子板成套，不按机械实体重复采购,parts/waist_pitch_M_pcb_C1.step,,actual_KiCad_STEP
waist_pitch_M_pcb_C2,waist.yaw_frame,PCBA内含,pcb_component,1,,,,,1.05 x 1.45 x 2.3,按电子板成套，不按机械实体重复采购,parts/waist_pitch_M_pcb_C2.step,,"Murata GRM219R61E106KA12D 10 uF 25 V X5R, max .95 mm body + .10 mm solder seating allocation"
waist_pitch_M_pcb_R1,waist.yaw_frame,PCBA内含,pcb_component,1,,,,,0.45 x 0.8 x 1.6,按电子板成套，不按机械实体重复采购,parts/waist_pitch_M_pcb_R1.step,,actual_KiCad_STEP
waist_pitch_M_pcb_R2,waist.yaw_frame,PCBA内含,pcb_component,1,,,,,0.45 x 0.8 x 1.6,按电子板成套，不按机械实体重复采购,parts/waist_pitch_M_pcb_R2.step,,actual_KiCad_STEP
waist_pitch_M_pcb_board,waist.yaw_frame,PCBA内含,pcb,1,,,,,0.91 x 10.0 x 12.0,按电子板成套，不按机械实体重复采购,parts/waist_pitch_M_pcb_board.step,,actual_KiCad_STEP
waist_pitch_M_pcb_J1_dimension_envelope,waist.yaw_frame,PCBA内含,pcb_component,1,,,,,3.3 x 9.4 x 9.6,按电子板成套，不按机械实体重复采购,parts/waist_pitch_M_pcb_J1_dimension_envelope.step,,"JST SM06B-SRSS-TB side-entry SH6, conservative 9.4 x9.6 x3.3 mm mated plug allocation; cable bend remains a separate harness requirement"
waist_roll_M_fixed_metal_eye,waist.pitch_frame,加工金属,aluminum_7075,1,,,,,4.0 x 42.0 x 46.5,按 STEP 加工并检验配合；复杂框架先反馈 DFM,parts/waist_roll_M_fixed_metal_eye.step,,"Machined 6061-T6 eye; 2 x M3 tapped mounting holes; friction lining reacts into this eye; integral angular travel guards reacting directly into bearing eye; D14.50 x0.85 upper retaining counterbore, flat Z3.15; two M2 tapped upper reaction mounts and shallow countersink runout"
waist_roll_M_radial_bush,waist.pitch_frame,加工塑料,pom,1,,,,,2.8 x 14.4 x 14.4,POM-C / 未填充 PEEK / PA12 按材质分别加工；薄件不等同 PLA 打印,parts/waist_roll_M_radial_bush.step,,"D6 journal +0.06 mm nominal diametral clearance; not part of axial preload loop; D14.40 x0.70 flange at Z3.20..3.90, captured below thrust washer Z4.00; 0.15 total nominal axial float"
waist_roll_M_friction_lining,waist.pitch_frame,加工塑料,peek,1,,,,,1.0 x 36.0 x 37.4,POM-C / 未填充 PEEK / PA12 按材质分别加工；薄件不等同 PLA 打印,parts/waist_roll_M_friction_lining.step,,"1 mm replaceable lining with positive edge tabs; friction coefficient is an untested assumption; unfilled machined PEEK candidate, dry contact; actual torque and creep must be qualified"
waist_roll_M_flanged_rotor_shaft,waist,加工金属,aluminum_7075,1,,,,,21.976 x 38.0 x 41.0,按 STEP 加工并检验配合；复杂框架先反馈 DFM,parts/waist_roll_M_flanged_rotor_shaft.step,,"Integral D6 drive, journal and friction flange; blind M3 end thread and M2 radial retention; no threaded running surface; integral load-bearing flange stop tab; magnetic cup is not a stop; extended D-flat above bearing Z4 drives upper pressure plate; journal below Z3.9 remains round; D8/flat3.5 output below flange, D6 journal preserved; 7075-T6 material candidate; radial M2 pilot retained"
waist_roll_M_thrust_wear_washer,waist.pitch_frame,加工金属,steel_17_4,1,,,,,1.5 x 25.0 x 34.0,按 STEP 加工并检验配合；复杂框架先反馈 DFM,parts/waist_roll_M_thrust_wear_washer.step,,"Custom removable ground 17-4PH H900 reaction washer, 1 mm web and keyed upper PEEK pocket; captures radial bush flange below Z4"
waist_roll_M_spring_seat,waist,加工金属,steel_17_4,1,,,,,1.85 x 22.0 x 22.0,按 STEP 加工并检验配合；复杂框架先反馈 DFM,parts/waist_roll_M_spring_seat.step,,"Ground 17-4PH H900 pressure plate with 1.85 mm deep D6 hub; 0.2 mm radial gap to reaction washer, lower hub clear of POM flange"
waist_roll_M_disc_spring_0_0,waist,采购碟簧,spring,1,SCHNORR 002200,,,,0.688 x 12.0 x 12.0,按弹簧型号和装配方向，不按 CAD 色彩选型,parts/waist_roll_M_disc_spring_0_0.step,,"SCHNORR 002200, three nested in each of two opposed groups; nominal 1656 N at catalog test height"
waist_roll_M_disc_spring_0_1,waist,采购碟簧,spring,1,SCHNORR 002200,,,,0.688 x 12.0 x 12.0,按弹簧型号和装配方向，不按 CAD 色彩选型,parts/waist_roll_M_disc_spring_0_1.step,,"SCHNORR 002200, three nested in each of two opposed groups; nominal 1656 N at catalog test height"
waist_roll_M_disc_spring_0_2,waist,采购碟簧,spring,1,SCHNORR 002200,,,,0.688 x 12.0 x 12.0,按弹簧型号和装配方向，不按 CAD 色彩选型,parts/waist_roll_M_disc_spring_0_2.step,,"SCHNORR 002200, three nested in each of two opposed groups; nominal 1656 N at catalog test height"
waist_roll_M_disc_spring_1_0,waist,采购碟簧,spring,1,SCHNORR 002200,,,,0.688 x 12.0 x 12.0,按弹簧型号和装配方向，不按 CAD 色彩选型,parts/waist_roll_M_disc_spring_1_0.step,,"SCHNORR 002200, three nested in each of two opposed groups; nominal 1656 N at catalog test height"
waist_roll_M_disc_spring_1_1,waist,采购碟簧,spring,1,SCHNORR 002200,,,,0.688 x 12.0 x 12.0,按弹簧型号和装配方向，不按 CAD 色彩选型,parts/waist_roll_M_disc_spring_1_1.step,,"SCHNORR 002200, three nested in each of two opposed groups; nominal 1656 N at catalog test height"
waist_roll_M_disc_spring_1_2,waist,采购碟簧,spring,1,SCHNORR 002200,,,,0.688 x 12.0 x 12.0,按弹簧型号和装配方向，不按 CAD 色彩选型,parts/waist_roll_M_disc_spring_1_2.step,,"SCHNORR 002200, three nested in each of two opposed groups; nominal 1656 N at catalog test height"
waist_roll_M_D_stop_cap,waist,加工金属,aluminum,1,,,,,3.0 x 12.4 x 13.6,按 STEP 加工并检验配合；复杂框架先反馈 DFM,parts/waist_roll_M_D_stop_cap.step,,Metal shoulder fixes nominal spring height; actual preload requires selected shims and a physical torque test
waist_roll_M_M3x8_button_retainer,waist,采购紧固件,titanium,1,SSB-M3-8-TI5,M3,8,button_head,5.7 x 5.7 x 9.65,按螺纹、长度、材料和实际头部包络一起核对,parts/waist_roll_M_M3x8_button_retainer.step,,Accu SSB-M3-8-TI5 nominal head envelope; thread and bearing stress unqualified
waist_roll_M_keyed_magnet_cup,waist,加工金属,aluminum,1,,,,,7.55 x 16.4 x 16.4,按 STEP 加工并检验配合；复杂框架先反馈 DFM,parts/waist_roll_M_keyed_magnet_cup.step,,External D key transmits angle; 0.05 mm nominal fit and two radial brass retainers
waist_roll_M_cup_M2x4_0,waist,采购紧固件,brass,1,,M2,4,screw_head_to_drawing,2.0 x 2.0 x 4.0,按螺纹、长度、材料和实际头部包络一起核对,parts/waist_roll_M_cup_M2x4_0.step,,Thread envelope; slotted brass M2x4
waist_roll_M_cup_M2x4_1,waist,采购紧固件,brass,1,,M2,4,screw_head_to_drawing,2.0 x 2.0 x 4.0,按螺纹、长度、材料和实际头部包络一起核对,parts/waist_roll_M_cup_M2x4_1.step,,Thread envelope; slotted brass M2x4
waist_roll_M_diametric_magnet_6x2p5,waist,采购标准件,magnet,1,AS5000-MD6H-2,,,,2.5 x 6.0 x 6.0,AS5000-MD6H-2 候选，Ø6×2.5 径向充磁，逐件核对磁场,parts/waist_roll_M_diametric_magnet_6x2p5.step,,Diametric magnet; magnetic field and interference require bench qualification
waist_roll_M_magnet_keeper,waist,打印,frame,1,,,,,2.7 x 19.2 x 19.2,PLA 候选，按随件 STL 和切片复核要求,parts/waist_roll_M_magnet_keeper.step,print_candidates/waist_roll_M_magnet_keeper.stl,"1.2 mm radial wall, 0.20 mm nominal radial fit allowance, 0.8 mm face; mechanical retention outside sensor air gap"
waist_roll_M_keeper_M2x3_0,waist,采购紧固件,brass,1,,M2,3,screw_head_to_drawing,2.0 x 2.0 x 3.0,按螺纹、长度、材料和实际头部包络一起核对,parts/waist_roll_M_keeper_M2x3_0.step,,Slotted brass M2x3 thread envelope
waist_roll_M_keeper_M2x3_1,waist,采购紧固件,brass,1,,M2,3,screw_head_to_drawing,2.0 x 2.0 x 3.0,按螺纹、长度、材料和实际头部包络一起核对,parts/waist_roll_M_keeper_M2x3_1.step,,Slotted brass M2x3 thread envelope
waist_roll_M_D_output_cleat,waist,加工金属,aluminum_7075,1,,,,,4.95 x 19.0 x 33.0,按 STEP 加工并检验配合；复杂框架先反馈 DFM,parts/waist_roll_M_D_output_cleat.step,,"Two M3 attachment bores; drive on D-flat, axial retention by radial M2 into shaft; enlarged D8 output bore matches strengthened high-load shaft"
waist_roll_M_output_M2x6,waist,采购紧固件,brass,1,,M2,6,screw_head_to_drawing,3.8 x 3.8 x 8.0,按螺纹、长度、材料和实际头部包络一起核对,parts/waist_roll_M_output_M2x6.step,,Nominal M2x6 radial retainer; install before connecting distal segment
waist_roll_M_board_post_0,waist.pitch_frame,加工金属,brass,1,,,,,3.5 x 4.041 x 18.721,按 STEP 加工并检验配合；复杂框架先反馈 DFM,parts/waist_roll_M_board_post_0.step,,Custom AF3.5 male/female M2 spacer; 2.5 mm nominal engagement in metal eye
waist_roll_M_PCB_edge_saddle_0,waist.pitch_frame,打印,frame,1,,,,,2.0 x 4.0 x 15.4,PLA 候选，按随件 STL 和切片复核要求,parts/waist_roll_M_PCB_edge_saddle_0.step,print_candidates/waist_roll_M_PCB_edge_saddle_0.stl,
waist_roll_M_PCB_edge_cap_0,waist.pitch_frame,加工塑料,nylon,1,,,,,0.8 x 4.0 x 15.4,POM-C / 未填充 PEEK / PA12 按材质分别加工；薄件不等同 PLA 打印,parts/waist_roll_M_PCB_edge_cap_0.step,,
waist_roll_M_PCB_M2x6_0,waist.pitch_frame,采购紧固件,nylon,1,,M2,6,screw_head_to_drawing,3.8 x 3.8 x 8.0,按螺纹、长度、材料和实际头部包络一起核对,parts/waist_roll_M_PCB_M2x6_0.step,,
waist_roll_M_board_post_1,waist.pitch_frame,加工金属,brass,1,,,,,3.5 x 4.041 x 18.721,按 STEP 加工并检验配合；复杂框架先反馈 DFM,parts/waist_roll_M_board_post_1.step,,Custom AF3.5 male/female M2 spacer; 2.5 mm nominal engagement in metal eye
waist_roll_M_PCB_edge_saddle_1,waist.pitch_frame,打印,frame,1,,,,,2.0 x 4.0 x 15.4,PLA 候选，按随件 STL 和切片复核要求,parts/waist_roll_M_PCB_edge_saddle_1.step,print_candidates/waist_roll_M_PCB_edge_saddle_1.stl,
waist_roll_M_PCB_edge_cap_1,waist.pitch_frame,加工塑料,nylon,1,,,,,0.8 x 4.0 x 15.4,POM-C / 未填充 PEEK / PA12 按材质分别加工；薄件不等同 PLA 打印,parts/waist_roll_M_PCB_edge_cap_1.step,,
waist_roll_M_PCB_M2x6_1,waist.pitch_frame,采购紧固件,nylon,1,,M2,6,screw_head_to_drawing,3.8 x 3.8 x 8.0,按螺纹、长度、材料和实际头部包络一起核对,parts/waist_roll_M_PCB_M2x6_1.step,,
waist_roll_M_pcb_AS5048A,waist.pitch_frame,PCBA内含,pcb_component,1,,,,,1.0 x 5.0 x 6.4,按电子板成套，不按机械实体重复采购,parts/waist_roll_M_pcb_AS5048A.step,,actual_KiCad_STEP
waist_roll_M_pcb_C1,waist.pitch_frame,PCBA内含,pcb_component,1,,,,,0.8 x 0.8 x 1.6,按电子板成套，不按机械实体重复采购,parts/waist_roll_M_pcb_C1.step,,actual_KiCad_STEP
waist_roll_M_pcb_C2,waist.pitch_frame,PCBA内含,pcb_component,1,,,,,1.05 x 1.45 x 2.3,按电子板成套，不按机械实体重复采购,parts/waist_roll_M_pcb_C2.step,,"Murata GRM219R61E106KA12D 10 uF 25 V X5R, max .95 mm body + .10 mm solder seating allocation"
waist_roll_M_pcb_R1,waist.pitch_frame,PCBA内含,pcb_component,1,,,,,0.45 x 0.8 x 1.6,按电子板成套，不按机械实体重复采购,parts/waist_roll_M_pcb_R1.step,,actual_KiCad_STEP
waist_roll_M_pcb_R2,waist.pitch_frame,PCBA内含,pcb_component,1,,,,,0.45 x 0.8 x 1.6,按电子板成套，不按机械实体重复采购,parts/waist_roll_M_pcb_R2.step,,actual_KiCad_STEP
waist_roll_M_pcb_board,waist.pitch_frame,PCBA内含,pcb,1,,,,,0.91 x 10.0 x 12.0,按电子板成套，不按机械实体重复采购,parts/waist_roll_M_pcb_board.step,,actual_KiCad_STEP
waist_roll_M_pcb_J1_dimension_envelope,waist.pitch_frame,PCBA内含,pcb_component,1,,,,,3.3 x 9.4 x 9.6,按电子板成套，不按机械实体重复采购,parts/waist_roll_M_pcb_J1_dimension_envelope.step,,"JST SM06B-SRSS-TB side-entry SH6, conservative 9.4 x9.6 x3.3 mm mated plug allocation; cable bend remains a separate harness requirement"
waist_pitch_M_rotor_mount_M3x12_0,waist.pitch_frame,采购紧固件,metal,1,,M3,12,screw_head_to_drawing,5.5 x 5.5 x 15.0,按螺纹、长度、材料和实际头部包络一起核对,parts/waist_pitch_M_rotor_mount_M3x12_0.step,,M3x12 socket screw; unmodelled helical thread
waist_pitch_M_rotor_mount_nut_M3_0,waist.pitch_frame,采购紧固件,metal,1,,M3,,hex_nut,2.4 x 5.5 x 6.351,按螺纹、长度、材料和实际头部包络一起核对,parts/waist_pitch_M_rotor_mount_nut_M3_0.step,,M3 nut envelope; removable thread locking method pending
waist_pitch_M_rotor_mount_M3x12_1,waist.pitch_frame,采购紧固件,metal,1,,M3,12,screw_head_to_drawing,5.5 x 5.5 x 15.0,按螺纹、长度、材料和实际头部包络一起核对,parts/waist_pitch_M_rotor_mount_M3x12_1.step,,M3x12 socket screw; unmodelled helical thread
waist_pitch_M_rotor_mount_nut_M3_1,waist.pitch_frame,采购紧固件,metal,1,,M3,,hex_nut,2.4 x 5.5 x 6.351,按螺纹、长度、材料和实际头部包络一起核对,parts/waist_pitch_M_rotor_mount_nut_M3_1.step,,M3 nut envelope; removable thread locking method pending
waist_roll_M_fixed_mount_M3x8_0,waist.pitch_frame,采购紧固件,metal,1,,M3,8,screw_head_to_drawing,5.5 x 5.5 x 11.0,按螺纹、长度、材料和实际头部包络一起核对,parts/waist_roll_M_fixed_mount_M3x8_0.step,,M3x8 from outer carrier face into metal eye; 3 mm nominal threaded engagement
waist_roll_M_fixed_mount_M3x8_1,waist.pitch_frame,采购紧固件,metal,1,,M3,8,screw_head_to_drawing,5.5 x 5.5 x 11.0,按螺纹、长度、材料和实际头部包络一起核对,parts/waist_roll_M_fixed_mount_M3x8_1.step,,M3x8 from outer carrier face into metal eye; 3 mm nominal threaded engagement
waist_M_pitch_roll_frame,waist.pitch_frame,加工金属,aluminum_7075,1,,,,,21.0 x 38.0 x 76.0,按 STEP 加工并检验配合；复杂框架先反馈 DFM,parts/waist_M_pitch_roll_frame.step,,Two concentric upper-body axes; naked moving region; bolted metal interfaces
waist_yaw_M_rotor_mount_M3x12_0,waist.yaw_frame,采购紧固件,metal,1,,M3,12,screw_head_to_drawing,5.5 x 5.5 x 15.0,按螺纹、长度、材料和实际头部包络一起核对,parts/waist_yaw_M_rotor_mount_M3x12_0.step,,M3x12 socket screw; unmodelled helical thread
waist_yaw_M_rotor_mount_nut_M3_0,waist.yaw_frame,采购紧固件,metal,1,,M3,,hex_nut,2.4 x 5.5 x 6.351,按螺纹、长度、材料和实际头部包络一起核对,parts/waist_yaw_M_rotor_mount_nut_M3_0.step,,M3 nut envelope; removable thread locking method pending
waist_yaw_M_rotor_mount_M3x12_1,waist.yaw_frame,采购紧固件,metal,1,,M3,12,screw_head_to_drawing,5.5 x 5.5 x 15.0,按螺纹、长度、材料和实际头部包络一起核对,parts/waist_yaw_M_rotor_mount_M3x12_1.step,,M3x12 socket screw; unmodelled helical thread
waist_yaw_M_rotor_mount_nut_M3_1,waist.yaw_frame,采购紧固件,metal,1,,M3,,hex_nut,2.4 x 5.5 x 6.351,按螺纹、长度、材料和实际头部包络一起核对,parts/waist_yaw_M_rotor_mount_nut_M3_1.step,,M3 nut envelope; removable thread locking method pending
waist_pitch_M_fixed_mount_M3x8_0,waist.yaw_frame,采购紧固件,metal,1,,M3,8,screw_head_to_drawing,5.5 x 5.5 x 11.0,按螺纹、长度、材料和实际头部包络一起核对,parts/waist_pitch_M_fixed_mount_M3x8_0.step,,M3x8 from outer carrier face into metal eye; 3 mm nominal threaded engagement
waist_pitch_M_fixed_mount_M3x8_1,waist.yaw_frame,采购紧固件,metal,1,,M3,8,screw_head_to_drawing,5.5 x 5.5 x 11.0,按螺纹、长度、材料和实际头部包络一起核对,parts/waist_pitch_M_fixed_mount_M3x8_1.step,,M3x8 from outer carrier face into metal eye; 3 mm nominal threaded engagement
waist_M_yaw_pitch_frame,waist.yaw_frame,加工金属,aluminum_7075,1,,,,,55.0 x 63.0 x 122.55,按 STEP 加工并检验配合；复杂框架先反馈 DFM,parts/waist_M_yaw_pitch_frame.step,,Rigid yaw-to-pitch frame; yaw cartridge shifted only along the original vertical axis
chest_yaw_M_fixed_metal_eye,waist,加工金属,aluminum_7075,1,,,,,4.0 x 42.0 x 45.501,按 STEP 加工并检验配合；复杂框架先反馈 DFM,parts/chest_yaw_M_fixed_metal_eye.step,,"Machined 6061-T6 eye; 2 x M3 tapped mounting holes; friction lining reacts into this eye; integral angular travel guards reacting directly into bearing eye; D14.50 x0.85 upper retaining counterbore, flat Z3.15; two M2 tapped upper reaction mounts and shallow countersink runout"
chest_yaw_M_radial_bush,waist,加工塑料,pom,1,,,,,2.8 x 14.4 x 14.4,POM-C / 未填充 PEEK / PA12 按材质分别加工；薄件不等同 PLA 打印,parts/chest_yaw_M_radial_bush.step,,"D6 journal +0.06 mm nominal diametral clearance; not part of axial preload loop; D14.40 x0.70 flange at Z3.20..3.90, captured below thrust washer Z4.00; 0.15 total nominal axial float"
chest_yaw_M_friction_lining,waist,加工塑料,peek,1,,,,,1.0 x 32.0 x 33.4,POM-C / 未填充 PEEK / PA12 按材质分别加工；薄件不等同 PLA 打印,parts/chest_yaw_M_friction_lining.step,,"1 mm replaceable lining with positive edge tabs; friction coefficient is an untested assumption; unfilled machined PEEK candidate, dry contact; actual torque and creep must be qualified"
chest_yaw_M_flanged_rotor_shaft,chest.yaw_frame,加工金属,aluminum_7075,1,,,,,20.776 x 34.0 x 37.0,按 STEP 加工并检验配合；复杂框架先反馈 DFM,parts/chest_yaw_M_flanged_rotor_shaft.step,,"Integral D6 drive, journal and friction flange; blind M3 end thread and M2 radial retention; no threaded running surface; integral load-bearing flange stop tab; magnetic cup is not a stop; extended D-flat above bearing Z4 drives upper pressure plate; journal below Z3.9 remains round; D8/flat3.5 output below flange, D6 journal preserved; 7075-T6 material candidate; radial M2 pilot retained"
chest_yaw_M_thrust_wear_washer,waist,加工金属,steel_17_4,1,,,,,1.5 x 25.0 x 34.0,按 STEP 加工并检验配合；复杂框架先反馈 DFM,parts/chest_yaw_M_thrust_wear_washer.step,,"Custom removable ground 17-4PH H900 reaction washer, 1 mm web and keyed upper PEEK pocket; captures radial bush flange below Z4"
chest_yaw_M_spring_seat,chest.yaw_frame,加工金属,steel_17_4,1,,,,,1.85 x 22.0 x 22.0,按 STEP 加工并检验配合；复杂框架先反馈 DFM,parts/chest_yaw_M_spring_seat.step,,"Ground 17-4PH H900 pressure plate with 1.85 mm deep D6 hub; 0.2 mm radial gap to reaction washer, lower hub clear of POM flange"
chest_yaw_M_disc_spring_0_0,chest.yaw_frame,采购碟簧,spring,1,SCHNORR 002200,,,,0.688 x 12.0 x 12.0,按弹簧型号和装配方向，不按 CAD 色彩选型,parts/chest_yaw_M_disc_spring_0_0.step,,"SCHNORR 002200; 3 nested parallel per group, two groups opposed in series"
chest_yaw_M_disc_spring_0_1,chest.yaw_frame,采购碟簧,spring,1,SCHNORR 002200,,,,0.688 x 12.0 x 12.0,按弹簧型号和装配方向，不按 CAD 色彩选型,parts/chest_yaw_M_disc_spring_0_1.step,,"SCHNORR 002200; 3 nested parallel per group, two groups opposed in series"
chest_yaw_M_disc_spring_0_2,chest.yaw_frame,采购碟簧,spring,1,SCHNORR 002200,,,,0.688 x 12.0 x 12.0,按弹簧型号和装配方向，不按 CAD 色彩选型,parts/chest_yaw_M_disc_spring_0_2.step,,"SCHNORR 002200; 3 nested parallel per group, two groups opposed in series"
chest_yaw_M_disc_spring_1_0,chest.yaw_frame,采购碟簧,spring,1,SCHNORR 002200,,,,0.688 x 12.0 x 12.0,按弹簧型号和装配方向，不按 CAD 色彩选型,parts/chest_yaw_M_disc_spring_1_0.step,,"SCHNORR 002200; 3 nested parallel per group, two groups opposed in series"
chest_yaw_M_disc_spring_1_1,chest.yaw_frame,采购碟簧,spring,1,SCHNORR 002200,,,,0.688 x 12.0 x 12.0,按弹簧型号和装配方向，不按 CAD 色彩选型,parts/chest_yaw_M_disc_spring_1_1.step,,"SCHNORR 002200; 3 nested parallel per group, two groups opposed in series"
chest_yaw_M_disc_spring_1_2,chest.yaw_frame,采购碟簧,spring,1,SCHNORR 002200,,,,0.688 x 12.0 x 12.0,按弹簧型号和装配方向，不按 CAD 色彩选型,parts/chest_yaw_M_disc_spring_1_2.step,,"SCHNORR 002200; 3 nested parallel per group, two groups opposed in series"
chest_yaw_M_D_stop_cap,chest.yaw_frame,加工金属,aluminum,1,,,,,3.0 x 12.4 x 13.6,按 STEP 加工并检验配合；复杂框架先反馈 DFM,parts/chest_yaw_M_D_stop_cap.step,,Metal shoulder fixes nominal spring height; actual preload requires selected shims and a physical torque test
chest_yaw_M_M3x8_button_retainer,chest.yaw_frame,采购紧固件,titanium,1,SSB-M3-8-TI5,M3,8,button_head,5.7 x 5.7 x 9.65,按螺纹、长度、材料和实际头部包络一起核对,parts/chest_yaw_M_M3x8_button_retainer.step,,Accu SSB-M3-8-TI5 nominal head envelope; thread and bearing stress unqualified
chest_yaw_M_keyed_magnet_cup,chest.yaw_frame,加工金属,aluminum,1,,,,,7.55 x 16.4 x 16.4,按 STEP 加工并检验配合；复杂框架先反馈 DFM,parts/chest_yaw_M_keyed_magnet_cup.step,,External D key transmits angle; 0.05 mm nominal fit and two radial brass retainers
chest_yaw_M_cup_M2x4_0,chest.yaw_frame,采购紧固件,brass,1,,M2,4,screw_head_to_drawing,2.0 x 2.0 x 4.0,按螺纹、长度、材料和实际头部包络一起核对,parts/chest_yaw_M_cup_M2x4_0.step,,Thread envelope; slotted brass M2x4
chest_yaw_M_cup_M2x4_1,chest.yaw_frame,采购紧固件,brass,1,,M2,4,screw_head_to_drawing,2.0 x 2.0 x 4.0,按螺纹、长度、材料和实际头部包络一起核对,parts/chest_yaw_M_cup_M2x4_1.step,,Thread envelope; slotted brass M2x4
chest_yaw_M_diametric_magnet_6x2p5,chest.yaw_frame,采购标准件,magnet,1,AS5000-MD6H-2,,,,2.5 x 6.0 x 6.0,AS5000-MD6H-2 候选，Ø6×2.5 径向充磁，逐件核对磁场,parts/chest_yaw_M_diametric_magnet_6x2p5.step,,Diametric magnet; magnetic field and interference require bench qualification
chest_yaw_M_magnet_keeper,chest.yaw_frame,打印,frame,1,,,,,2.7 x 19.2 x 19.2,PLA 候选，按随件 STL 和切片复核要求,parts/chest_yaw_M_magnet_keeper.step,print_candidates/chest_yaw_M_magnet_keeper.stl,"1.2 mm radial wall, 0.20 mm nominal radial fit allowance, 0.8 mm face; mechanical retention outside sensor air gap"
chest_yaw_M_keeper_M2x3_0,chest.yaw_frame,采购紧固件,brass,1,,M2,3,screw_head_to_drawing,2.0 x 2.0 x 3.0,按螺纹、长度、材料和实际头部包络一起核对,parts/chest_yaw_M_keeper_M2x3_0.step,,Slotted brass M2x3 thread envelope
chest_yaw_M_keeper_M2x3_1,chest.yaw_frame,采购紧固件,brass,1,,M2,3,screw_head_to_drawing,2.0 x 2.0 x 3.0,按螺纹、长度、材料和实际头部包络一起核对,parts/chest_yaw_M_keeper_M2x3_1.step,,Slotted brass M2x3 thread envelope
chest_yaw_M_D_output_cleat,chest.yaw_frame,加工金属,aluminum_7075,1,,,,,4.95 x 19.0 x 31.0,按 STEP 加工并检验配合；复杂框架先反馈 DFM,parts/chest_yaw_M_D_output_cleat.step,,"Two M3 attachment bores; drive on D-flat, axial retention by radial M2 into shaft; enlarged D8 output bore matches strengthened high-load shaft"
chest_yaw_M_output_M2x6,chest.yaw_frame,采购紧固件,brass,1,,M2,6,screw_head_to_drawing,3.8 x 3.8 x 8.0,按螺纹、长度、材料和实际头部包络一起核对,parts/chest_yaw_M_output_M2x6.step,,Nominal M2x6 radial retainer; install before connecting distal segment
chest_yaw_M_board_post_0,waist,加工金属,brass,1,,,,,3.5 x 4.041 x 17.521,按 STEP 加工并检验配合；复杂框架先反馈 DFM,parts/chest_yaw_M_board_post_0.step,,Custom AF3.5 male/female M2 spacer; 2.5 mm nominal engagement in metal eye
chest_yaw_M_PCB_edge_saddle_0,waist,打印,frame,1,,,,,2.0 x 4.0 x 15.4,PLA 候选，按随件 STL 和切片复核要求,parts/chest_yaw_M_PCB_edge_saddle_0.step,print_candidates/chest_yaw_M_PCB_edge_saddle_0.stl,
chest_yaw_M_PCB_edge_cap_0,waist,加工塑料,nylon,1,,,,,0.8 x 4.0 x 15.4,POM-C / 未填充 PEEK / PA12 按材质分别加工；薄件不等同 PLA 打印,parts/chest_yaw_M_PCB_edge_cap_0.step,,
chest_yaw_M_PCB_M2x6_0,waist,采购紧固件,nylon,1,,M2,6,screw_head_to_drawing,3.8 x 3.8 x 8.0,按螺纹、长度、材料和实际头部包络一起核对,parts/chest_yaw_M_PCB_M2x6_0.step,,
chest_yaw_M_board_post_1,waist,加工金属,brass,1,,,,,3.5 x 4.041 x 17.521,按 STEP 加工并检验配合；复杂框架先反馈 DFM,parts/chest_yaw_M_board_post_1.step,,Custom AF3.5 male/female M2 spacer; 2.5 mm nominal engagement in metal eye
chest_yaw_M_PCB_edge_saddle_1,waist,打印,frame,1,,,,,2.0 x 4.0 x 15.4,PLA 候选，按随件 STL 和切片复核要求,parts/chest_yaw_M_PCB_edge_saddle_1.step,print_candidates/chest_yaw_M_PCB_edge_saddle_1.stl,
chest_yaw_M_PCB_edge_cap_1,waist,加工塑料,nylon,1,,,,,0.8 x 4.0 x 15.4,POM-C / 未填充 PEEK / PA12 按材质分别加工；薄件不等同 PLA 打印,parts/chest_yaw_M_PCB_edge_cap_1.step,,
chest_yaw_M_PCB_M2x6_1,waist,采购紧固件,nylon,1,,M2,6,screw_head_to_drawing,3.8 x 3.8 x 8.0,按螺纹、长度、材料和实际头部包络一起核对,parts/chest_yaw_M_PCB_M2x6_1.step,,
chest_yaw_M_pcb_AS5048A,waist,PCBA内含,pcb_component,1,,,,,1.0 x 5.0 x 6.4,按电子板成套，不按机械实体重复采购,parts/chest_yaw_M_pcb_AS5048A.step,,actual_KiCad_STEP
chest_yaw_M_pcb_C1,waist,PCBA内含,pcb_component,1,,,,,0.8 x 0.8 x 1.6,按电子板成套，不按机械实体重复采购,parts/chest_yaw_M_pcb_C1.step,,actual_KiCad_STEP
chest_yaw_M_pcb_C2,waist,PCBA内含,pcb_component,1,,,,,1.05 x 1.45 x 2.3,按电子板成套，不按机械实体重复采购,parts/chest_yaw_M_pcb_C2.step,,"Murata GRM219R61E106KA12D 10 uF 25 V X5R, max .95 mm body + .10 mm solder seating allocation"
chest_yaw_M_pcb_R1,waist,PCBA内含,pcb_component,1,,,,,0.45 x 0.8 x 1.6,按电子板成套，不按机械实体重复采购,parts/chest_yaw_M_pcb_R1.step,,actual_KiCad_STEP
chest_yaw_M_pcb_R2,waist,PCBA内含,pcb_component,1,,,,,0.45 x 0.8 x 1.6,按电子板成套，不按机械实体重复采购,parts/chest_yaw_M_pcb_R2.step,,actual_KiCad_STEP
chest_yaw_M_pcb_board,waist,PCBA内含,pcb,1,,,,,0.91 x 10.0 x 12.0,按电子板成套，不按机械实体重复采购,parts/chest_yaw_M_pcb_board.step,,actual_KiCad_STEP
chest_yaw_M_pcb_J1_dimension_envelope,waist,PCBA内含,pcb_component,1,,,,,3.3 x 9.4 x 9.6,按电子板成套，不按机械实体重复采购,parts/chest_yaw_M_pcb_J1_dimension_envelope.step,,"JST SM06B-SRSS-TB side-entry SH6, conservative 9.4 x9.6 x3.3 mm mated plug allocation; cable bend remains a separate harness requirement"
chest_pitch_M_fixed_metal_eye,chest.yaw_frame,加工金属,aluminum_7075,1,,,,,4.0 x 42.0 x 44.5,按 STEP 加工并检验配合；复杂框架先反馈 DFM,parts/chest_pitch_M_fixed_metal_eye.step,,"Machined 6061-T6 eye; 2 x M3 tapped mounting holes; friction lining reacts into this eye; integral angular travel guards reacting directly into bearing eye; D14.50 x0.85 upper retaining counterbore, flat Z3.15; two M2 tapped upper reaction mounts and shallow countersink runout"
chest_pitch_M_radial_bush,chest.yaw_frame,加工塑料,pom,1,,,,,2.8 x 14.4 x 14.4,POM-C / 未填充 PEEK / PA12 按材质分别加工；薄件不等同 PLA 打印,parts/chest_pitch_M_radial_bush.step,,"D6 journal +0.06 mm nominal diametral clearance; not part of axial preload loop; D14.40 x0.70 flange at Z3.20..3.90, captured below thrust washer Z4.00; 0.15 total nominal axial float"
chest_pitch_M_friction_lining,chest.yaw_frame,加工塑料,peek,1,,,,,1.0 x 32.0 x 33.4,POM-C / 未填充 PEEK / PA12 按材质分别加工；薄件不等同 PLA 打印,parts/chest_pitch_M_friction_lining.step,,"1 mm replaceable lining with positive edge tabs; friction coefficient is an untested assumption; unfilled machined PEEK candidate, dry contact; actual torque and creep must be qualified"
chest_pitch_M_flanged_rotor_shaft,chest.pitch_frame,加工金属,aluminum_7075,1,,,,,20.776 x 34.0 x 37.0,按 STEP 加工并检验配合；复杂框架先反馈 DFM,parts/chest_pitch_M_flanged_rotor_shaft.step,,"Integral D6 drive, journal and friction flange; blind M3 end thread and M2 radial retention; no threaded running surface; integral load-bearing flange stop tab; magnetic cup is not a stop; extended D-flat above bearing Z4 drives upper pressure plate; journal below Z3.9 remains round; D8/flat3.5 output below flange, D6 journal preserved; 7075-T6 material candidate; radial M2 pilot retained"
chest_pitch_M_thrust_wear_washer,chest.yaw_frame,加工金属,steel_17_4,1,,,,,1.5 x 25.0 x 34.0,按 STEP 加工并检验配合；复杂框架先反馈 DFM,parts/chest_pitch_M_thrust_wear_washer.step,,"Custom removable ground 17-4PH H900 reaction washer, 1 mm web and keyed upper PEEK pocket; captures radial bush flange below Z4"
chest_pitch_M_spring_seat,chest.pitch_frame,加工金属,steel_17_4,1,,,,,1.85 x 22.0 x 22.0,按 STEP 加工并检验配合；复杂框架先反馈 DFM,parts/chest_pitch_M_spring_seat.step,,"Ground 17-4PH H900 pressure plate with 1.85 mm deep D6 hub; 0.2 mm radial gap to reaction washer, lower hub clear of POM flange"
chest_pitch_M_disc_spring_0_0,chest.pitch_frame,采购碟簧,spring,1,SCHNORR 002200,,,,0.688 x 12.0 x 12.0,按弹簧型号和装配方向，不按 CAD 色彩选型,parts/chest_pitch_M_disc_spring_0_0.step,,"SCHNORR 002200; 3 nested parallel per group, two groups opposed in series"
chest_pitch_M_disc_spring_0_1,chest.pitch_frame,采购碟簧,spring,1,SCHNORR 002200,,,,0.688 x 12.0 x 12.0,按弹簧型号和装配方向，不按 CAD 色彩选型,parts/chest_pitch_M_disc_spring_0_1.step,,"SCHNORR 002200; 3 nested parallel per group, two groups opposed in series"
chest_pitch_M_disc_spring_0_2,chest.pitch_frame,采购碟簧,spring,1,SCHNORR 002200,,,,0.688 x 12.0 x 12.0,按弹簧型号和装配方向，不按 CAD 色彩选型,parts/chest_pitch_M_disc_spring_0_2.step,,"SCHNORR 002200; 3 nested parallel per group, two groups opposed in series"
chest_pitch_M_disc_spring_1_0,chest.pitch_frame,采购碟簧,spring,1,SCHNORR 002200,,,,0.688 x 12.0 x 12.0,按弹簧型号和装配方向，不按 CAD 色彩选型,parts/chest_pitch_M_disc_spring_1_0.step,,"SCHNORR 002200; 3 nested parallel per group, two groups opposed in series"
chest_pitch_M_disc_spring_1_1,chest.pitch_frame,采购碟簧,spring,1,SCHNORR 002200,,,,0.688 x 12.0 x 12.0,按弹簧型号和装配方向，不按 CAD 色彩选型,parts/chest_pitch_M_disc_spring_1_1.step,,"SCHNORR 002200; 3 nested parallel per group, two groups opposed in series"
chest_pitch_M_disc_spring_1_2,chest.pitch_frame,采购碟簧,spring,1,SCHNORR 002200,,,,0.688 x 12.0 x 12.0,按弹簧型号和装配方向，不按 CAD 色彩选型,parts/chest_pitch_M_disc_spring_1_2.step,,"SCHNORR 002200; 3 nested parallel per group, two groups opposed in series"
chest_pitch_M_D_stop_cap,chest.pitch_frame,加工金属,aluminum,1,,,,,3.0 x 12.4 x 13.6,按 STEP 加工并检验配合；复杂框架先反馈 DFM,parts/chest_pitch_M_D_stop_cap.step,,Metal shoulder fixes nominal spring height; actual preload requires selected shims and a physical torque test
chest_pitch_M_M3x8_button_retainer,chest.pitch_frame,采购紧固件,titanium,1,SSB-M3-8-TI5,M3,8,button_head,5.7 x 5.7 x 9.65,按螺纹、长度、材料和实际头部包络一起核对,parts/chest_pitch_M_M3x8_button_retainer.step,,Accu SSB-M3-8-TI5 nominal head envelope; thread and bearing stress unqualified
chest_pitch_M_keyed_magnet_cup,chest.pitch_frame,加工金属,aluminum,1,,,,,7.55 x 16.4 x 16.4,按 STEP 加工并检验配合；复杂框架先反馈 DFM,parts/chest_pitch_M_keyed_magnet_cup.step,,External D key transmits angle; 0.05 mm nominal fit and two radial brass retainers
chest_pitch_M_cup_M2x4_0,chest.pitch_frame,采购紧固件,brass,1,,M2,4,screw_head_to_drawing,2.0 x 2.0 x 4.0,按螺纹、长度、材料和实际头部包络一起核对,parts/chest_pitch_M_cup_M2x4_0.step,,Thread envelope; slotted brass M2x4
chest_pitch_M_cup_M2x4_1,chest.pitch_frame,采购紧固件,brass,1,,M2,4,screw_head_to_drawing,2.0 x 2.0 x 4.0,按螺纹、长度、材料和实际头部包络一起核对,parts/chest_pitch_M_cup_M2x4_1.step,,Thread envelope; slotted brass M2x4
chest_pitch_M_diametric_magnet_6x2p5,chest.pitch_frame,采购标准件,magnet,1,AS5000-MD6H-2,,,,2.5 x 6.0 x 6.0,AS5000-MD6H-2 候选，Ø6×2.5 径向充磁，逐件核对磁场,parts/chest_pitch_M_diametric_magnet_6x2p5.step,,Diametric magnet; magnetic field and interference require bench qualification
chest_pitch_M_magnet_keeper,chest.pitch_frame,打印,frame,1,,,,,2.7 x 19.2 x 19.2,PLA 候选，按随件 STL 和切片复核要求,parts/chest_pitch_M_magnet_keeper.step,print_candidates/chest_pitch_M_magnet_keeper.stl,"1.2 mm radial wall, 0.20 mm nominal radial fit allowance, 0.8 mm face; mechanical retention outside sensor air gap"
chest_pitch_M_keeper_M2x3_0,chest.pitch_frame,采购紧固件,brass,1,,M2,3,screw_head_to_drawing,2.0 x 2.0 x 3.0,按螺纹、长度、材料和实际头部包络一起核对,parts/chest_pitch_M_keeper_M2x3_0.step,,Slotted brass M2x3 thread envelope
chest_pitch_M_keeper_M2x3_1,chest.pitch_frame,采购紧固件,brass,1,,M2,3,screw_head_to_drawing,2.0 x 2.0 x 3.0,按螺纹、长度、材料和实际头部包络一起核对,parts/chest_pitch_M_keeper_M2x3_1.step,,Slotted brass M2x3 thread envelope
chest_pitch_M_D_output_cleat,chest.pitch_frame,加工金属,aluminum_7075,1,,,,,4.95 x 19.0 x 31.0,按 STEP 加工并检验配合；复杂框架先反馈 DFM,parts/chest_pitch_M_D_output_cleat.step,,"Two M3 attachment bores; drive on D-flat, axial retention by radial M2 into shaft; enlarged D8 output bore matches strengthened high-load shaft"
chest_pitch_M_output_M2x6,chest.pitch_frame,采购紧固件,brass,1,,M2,6,screw_head_to_drawing,3.8 x 3.8 x 8.0,按螺纹、长度、材料和实际头部包络一起核对,parts/chest_pitch_M_output_M2x6.step,,Nominal M2x6 radial retainer; install before connecting distal segment
chest_pitch_M_board_post_0,chest.yaw_frame,加工金属,brass,1,,,,,3.5 x 4.041 x 17.521,按 STEP 加工并检验配合；复杂框架先反馈 DFM,parts/chest_pitch_M_board_post_0.step,,Custom AF3.5 male/female M2 spacer; 2.5 mm nominal engagement in metal eye
chest_pitch_M_PCB_edge_saddle_0,chest.yaw_frame,打印,frame,1,,,,,2.0 x 4.0 x 15.4,PLA 候选，按随件 STL 和切片复核要求,parts/chest_pitch_M_PCB_edge_saddle_0.step,print_candidates/chest_pitch_M_PCB_edge_saddle_0.stl,
chest_pitch_M_PCB_edge_cap_0,chest.yaw_frame,加工塑料,nylon,1,,,,,0.8 x 4.0 x 15.4,POM-C / 未填充 PEEK / PA12 按材质分别加工；薄件不等同 PLA 打印,parts/chest_pitch_M_PCB_edge_cap_0.step,,
chest_pitch_M_PCB_M2x6_0,chest.yaw_frame,采购紧固件,nylon,1,,M2,6,screw_head_to_drawing,3.8 x 3.8 x 8.0,按螺纹、长度、材料和实际头部包络一起核对,parts/chest_pitch_M_PCB_M2x6_0.step,,
chest_pitch_M_board_post_1,chest.yaw_frame,加工金属,brass,1,,,,,3.5 x 4.041 x 17.521,按 STEP 加工并检验配合；复杂框架先反馈 DFM,parts/chest_pitch_M_board_post_1.step,,Custom AF3.5 male/female M2 spacer; 2.5 mm nominal engagement in metal eye
chest_pitch_M_PCB_edge_saddle_1,chest.yaw_frame,打印,frame,1,,,,,2.0 x 4.0 x 15.4,PLA 候选，按随件 STL 和切片复核要求,parts/chest_pitch_M_PCB_edge_saddle_1.step,print_candidates/chest_pitch_M_PCB_edge_saddle_1.stl,
chest_pitch_M_PCB_edge_cap_1,chest.yaw_frame,加工塑料,nylon,1,,,,,0.8 x 4.0 x 15.4,POM-C / 未填充 PEEK / PA12 按材质分别加工；薄件不等同 PLA 打印,parts/chest_pitch_M_PCB_edge_cap_1.step,,
chest_pitch_M_PCB_M2x6_1,chest.yaw_frame,采购紧固件,nylon,1,,M2,6,screw_head_to_drawing,3.8 x 3.8 x 8.0,按螺纹、长度、材料和实际头部包络一起核对,parts/chest_pitch_M_PCB_M2x6_1.step,,
chest_pitch_M_pcb_AS5048A,chest.yaw_frame,PCBA内含,pcb_component,1,,,,,1.0 x 5.0 x 6.4,按电子板成套，不按机械实体重复采购,parts/chest_pitch_M_pcb_AS5048A.step,,actual_KiCad_STEP
chest_pitch_M_pcb_C1,chest.yaw_frame,PCBA内含,pcb_component,1,,,,,0.8 x 0.8 x 1.6,按电子板成套，不按机械实体重复采购,parts/chest_pitch_M_pcb_C1.step,,actual_KiCad_STEP
chest_pitch_M_pcb_C2,chest.yaw_frame,PCBA内含,pcb_component,1,,,,,1.05 x 1.45 x 2.3,按电子板成套，不按机械实体重复采购,parts/chest_pitch_M_pcb_C2.step,,"Murata GRM219R61E106KA12D 10 uF 25 V X5R, max .95 mm body + .10 mm solder seating allocation"
chest_pitch_M_pcb_R1,chest.yaw_frame,PCBA内含,pcb_component,1,,,,,0.45 x 0.8 x 1.6,按电子板成套，不按机械实体重复采购,parts/chest_pitch_M_pcb_R1.step,,actual_KiCad_STEP
chest_pitch_M_pcb_R2,chest.yaw_frame,PCBA内含,pcb_component,1,,,,,0.45 x 0.8 x 1.6,按电子板成套，不按机械实体重复采购,parts/chest_pitch_M_pcb_R2.step,,actual_KiCad_STEP
chest_pitch_M_pcb_board,chest.yaw_frame,PCBA内含,pcb,1,,,,,0.91 x 10.0 x 12.0,按电子板成套，不按机械实体重复采购,parts/chest_pitch_M_pcb_board.step,,actual_KiCad_STEP
chest_pitch_M_pcb_J1_dimension_envelope,chest.yaw_frame,PCBA内含,pcb_component,1,,,,,3.3 x 9.4 x 9.6,按电子板成套，不按机械实体重复采购,parts/chest_pitch_M_pcb_J1_dimension_envelope.step,,"JST SM06B-SRSS-TB side-entry SH6, conservative 9.4 x9.6 x3.3 mm mated plug allocation; cable bend remains a separate harness requirement"
chest_roll_M_fixed_metal_eye,chest.pitch_frame,加工金属,aluminum_7075,1,,,,,4.0 x 42.0 x 44.5,按 STEP 加工并检验配合；复杂框架先反馈 DFM,parts/chest_roll_M_fixed_metal_eye.step,,"Machined 6061-T6 eye; 2 x M3 tapped mounting holes; friction lining reacts into this eye; integral angular travel guards reacting directly into bearing eye; D14.50 x0.85 upper retaining counterbore, flat Z3.15; two M2 tapped upper reaction mounts and shallow countersink runout"
chest_roll_M_radial_bush,chest.pitch_frame,加工塑料,pom,1,,,,,2.8 x 14.4 x 14.4,POM-C / 未填充 PEEK / PA12 按材质分别加工；薄件不等同 PLA 打印,parts/chest_roll_M_radial_bush.step,,"D6 journal +0.06 mm nominal diametral clearance; not part of axial preload loop; D14.40 x0.70 flange at Z3.20..3.90, captured below thrust washer Z4.00; 0.15 total nominal axial float"
chest_roll_M_friction_lining,chest.pitch_frame,加工塑料,peek,1,,,,,1.0 x 32.0 x 33.4,POM-C / 未填充 PEEK / PA12 按材质分别加工；薄件不等同 PLA 打印,parts/chest_roll_M_friction_lining.step,,"1 mm replaceable lining with positive edge tabs; friction coefficient is an untested assumption; unfilled machined PEEK candidate, dry contact; actual torque and creep must be qualified"
chest_roll_M_flanged_rotor_shaft,chest,加工金属,aluminum_7075,1,,,,,20.776 x 34.0 x 37.0,按 STEP 加工并检验配合；复杂框架先反馈 DFM,parts/chest_roll_M_flanged_rotor_shaft.step,,"Integral D6 drive, journal and friction flange; blind M3 end thread and M2 radial retention; no threaded running surface; integral load-bearing flange stop tab; magnetic cup is not a stop; extended D-flat above bearing Z4 drives upper pressure plate; journal below Z3.9 remains round; D8/flat3.5 output below flange, D6 journal preserved; 7075-T6 material candidate; radial M2 pilot retained"
chest_roll_M_thrust_wear_washer,chest.pitch_frame,加工金属,steel_17_4,1,,,,,1.5 x 25.0 x 34.0,按 STEP 加工并检验配合；复杂框架先反馈 DFM,parts/chest_roll_M_thrust_wear_washer.step,,"Custom removable ground 17-4PH H900 reaction washer, 1 mm web and keyed upper PEEK pocket; captures radial bush flange below Z4"
chest_roll_M_spring_seat,chest,加工金属,steel_17_4,1,,,,,1.85 x 22.0 x 22.0,按 STEP 加工并检验配合；复杂框架先反馈 DFM,parts/chest_roll_M_spring_seat.step,,"Ground 17-4PH H900 pressure plate with 1.85 mm deep D6 hub; 0.2 mm radial gap to reaction washer, lower hub clear of POM flange"
chest_roll_M_disc_spring_0_0,chest,采购碟簧,spring,1,SCHNORR 002200,,,,0.688 x 12.0 x 12.0,按弹簧型号和装配方向，不按 CAD 色彩选型,parts/chest_roll_M_disc_spring_0_0.step,,"SCHNORR 002200; 3 nested parallel per group, two groups opposed in series"
chest_roll_M_disc_spring_0_1,chest,采购碟簧,spring,1,SCHNORR 002200,,,,0.688 x 12.0 x 12.0,按弹簧型号和装配方向，不按 CAD 色彩选型,parts/chest_roll_M_disc_spring_0_1.step,,"SCHNORR 002200; 3 nested parallel per group, two groups opposed in series"
chest_roll_M_disc_spring_0_2,chest,采购碟簧,spring,1,SCHNORR 002200,,,,0.688 x 12.0 x 12.0,按弹簧型号和装配方向，不按 CAD 色彩选型,parts/chest_roll_M_disc_spring_0_2.step,,"SCHNORR 002200; 3 nested parallel per group, two groups opposed in series"
chest_roll_M_disc_spring_1_0,chest,采购碟簧,spring,1,SCHNORR 002200,,,,0.688 x 12.0 x 12.0,按弹簧型号和装配方向，不按 CAD 色彩选型,parts/chest_roll_M_disc_spring_1_0.step,,"SCHNORR 002200; 3 nested parallel per group, two groups opposed in series"
chest_roll_M_disc_spring_1_1,chest,采购碟簧,spring,1,SCHNORR 002200,,,,0.688 x 12.0 x 12.0,按弹簧型号和装配方向，不按 CAD 色彩选型,parts/chest_roll_M_disc_spring_1_1.step,,"SCHNORR 002200; 3 nested parallel per group, two groups opposed in series"
chest_roll_M_disc_spring_1_2,chest,采购碟簧,spring,1,SCHNORR 002200,,,,0.688 x 12.0 x 12.0,按弹簧型号和装配方向，不按 CAD 色彩选型,parts/chest_roll_M_disc_spring_1_2.step,,"SCHNORR 002200; 3 nested parallel per group, two groups opposed in series"
chest_roll_M_D_stop_cap,chest,加工金属,aluminum,1,,,,,3.0 x 12.4 x 13.6,按 STEP 加工并检验配合；复杂框架先反馈 DFM,parts/chest_roll_M_D_stop_cap.step,,Metal shoulder fixes nominal spring height; actual preload requires selected shims and a physical torque test
chest_roll_M_M3x8_button_retainer,chest,采购紧固件,titanium,1,SSB-M3-8-TI5,M3,8,button_head,5.7 x 5.7 x 9.65,按螺纹、长度、材料和实际头部包络一起核对,parts/chest_roll_M_M3x8_button_retainer.step,,Accu SSB-M3-8-TI5 nominal head envelope; thread and bearing stress unqualified
chest_roll_M_keyed_magnet_cup,chest,加工金属,aluminum,1,,,,,7.55 x 16.4 x 16.4,按 STEP 加工并检验配合；复杂框架先反馈 DFM,parts/chest_roll_M_keyed_magnet_cup.step,,External D key transmits angle; 0.05 mm nominal fit and two radial brass retainers
chest_roll_M_cup_M2x4_0,chest,采购紧固件,brass,1,,M2,4,screw_head_to_drawing,2.0 x 2.0 x 4.0,按螺纹、长度、材料和实际头部包络一起核对,parts/chest_roll_M_cup_M2x4_0.step,,Thread envelope; slotted brass M2x4
chest_roll_M_cup_M2x4_1,chest,采购紧固件,brass,1,,M2,4,screw_head_to_drawing,2.0 x 2.0 x 4.0,按螺纹、长度、材料和实际头部包络一起核对,parts/chest_roll_M_cup_M2x4_1.step,,Thread envelope; slotted brass M2x4
chest_roll_M_diametric_magnet_6x2p5,chest,采购标准件,magnet,1,AS5000-MD6H-2,,,,2.5 x 6.0 x 6.0,AS5000-MD6H-2 候选，Ø6×2.5 径向充磁，逐件核对磁场,parts/chest_roll_M_diametric_magnet_6x2p5.step,,Diametric magnet; magnetic field and interference require bench qualification
chest_roll_M_magnet_keeper,chest,打印,frame,1,,,,,2.7 x 19.2 x 19.2,PLA 候选，按随件 STL 和切片复核要求,parts/chest_roll_M_magnet_keeper.step,print_candidates/chest_roll_M_magnet_keeper.stl,"1.2 mm radial wall, 0.20 mm nominal radial fit allowance, 0.8 mm face; mechanical retention outside sensor air gap"
chest_roll_M_keeper_M2x3_0,chest,采购紧固件,brass,1,,M2,3,screw_head_to_drawing,2.0 x 2.0 x 3.0,按螺纹、长度、材料和实际头部包络一起核对,parts/chest_roll_M_keeper_M2x3_0.step,,Slotted brass M2x3 thread envelope
chest_roll_M_keeper_M2x3_1,chest,采购紧固件,brass,1,,M2,3,screw_head_to_drawing,2.0 x 2.0 x 3.0,按螺纹、长度、材料和实际头部包络一起核对,parts/chest_roll_M_keeper_M2x3_1.step,,Slotted brass M2x3 thread envelope
chest_roll_M_D_output_cleat,chest,加工金属,aluminum_7075,1,,,,,4.95 x 19.0 x 31.0,按 STEP 加工并检验配合；复杂框架先反馈 DFM,parts/chest_roll_M_D_output_cleat.step,,"Two M3 attachment bores; drive on D-flat, axial retention by radial M2 into shaft; enlarged D8 output bore matches strengthened high-load shaft"
chest_roll_M_output_M2x6,chest,采购紧固件,brass,1,,M2,6,screw_head_to_drawing,3.8 x 3.8 x 8.0,按螺纹、长度、材料和实际头部包络一起核对,parts/chest_roll_M_output_M2x6.step,,Nominal M2x6 radial retainer; install before connecting distal segment
chest_roll_M_board_post_0,chest.pitch_frame,加工金属,brass,1,,,,,3.5 x 4.041 x 17.521,按 STEP 加工并检验配合；复杂框架先反馈 DFM,parts/chest_roll_M_board_post_0.step,,Custom AF3.5 male/female M2 spacer; 2.5 mm nominal engagement in metal eye
chest_roll_M_PCB_edge_saddle_0,chest.pitch_frame,打印,frame,1,,,,,2.0 x 4.0 x 15.4,PLA 候选，按随件 STL 和切片复核要求,parts/chest_roll_M_PCB_edge_saddle_0.step,print_candidates/chest_roll_M_PCB_edge_saddle_0.stl,
chest_roll_M_PCB_edge_cap_0,chest.pitch_frame,加工塑料,nylon,1,,,,,0.8 x 4.0 x 15.4,POM-C / 未填充 PEEK / PA12 按材质分别加工；薄件不等同 PLA 打印,parts/chest_roll_M_PCB_edge_cap_0.step,,
chest_roll_M_PCB_M2x6_0,chest.pitch_frame,采购紧固件,nylon,1,,M2,6,screw_head_to_drawing,3.8 x 3.8 x 8.0,按螺纹、长度、材料和实际头部包络一起核对,parts/chest_roll_M_PCB_M2x6_0.step,,
chest_roll_M_board_post_1,chest.pitch_frame,加工金属,brass,1,,,,,3.5 x 4.041 x 17.521,按 STEP 加工并检验配合；复杂框架先反馈 DFM,parts/chest_roll_M_board_post_1.step,,Custom AF3.5 male/female M2 spacer; 2.5 mm nominal engagement in metal eye
chest_roll_M_PCB_edge_saddle_1,chest.pitch_frame,打印,frame,1,,,,,2.0 x 4.0 x 15.4,PLA 候选，按随件 STL 和切片复核要求,parts/chest_roll_M_PCB_edge_saddle_1.step,print_candidates/chest_roll_M_PCB_edge_saddle_1.stl,
chest_roll_M_PCB_edge_cap_1,chest.pitch_frame,加工塑料,nylon,1,,,,,0.8 x 4.0 x 15.4,POM-C / 未填充 PEEK / PA12 按材质分别加工；薄件不等同 PLA 打印,parts/chest_roll_M_PCB_edge_cap_1.step,,
chest_roll_M_PCB_M2x6_1,chest.pitch_frame,采购紧固件,nylon,1,,M2,6,screw_head_to_drawing,3.8 x 3.8 x 8.0,按螺纹、长度、材料和实际头部包络一起核对,parts/chest_roll_M_PCB_M2x6_1.step,,
chest_roll_M_pcb_AS5048A,chest.pitch_frame,PCBA内含,pcb_component,1,,,,,1.0 x 5.0 x 6.4,按电子板成套，不按机械实体重复采购,parts/chest_roll_M_pcb_AS5048A.step,,actual_KiCad_STEP
chest_roll_M_pcb_C1,chest.pitch_frame,PCBA内含,pcb_component,1,,,,,0.8 x 0.8 x 1.6,按电子板成套，不按机械实体重复采购,parts/chest_roll_M_pcb_C1.step,,actual_KiCad_STEP
chest_roll_M_pcb_C2,chest.pitch_frame,PCBA内含,pcb_component,1,,,,,1.05 x 1.45 x 2.3,按电子板成套，不按机械实体重复采购,parts/chest_roll_M_pcb_C2.step,,"Murata GRM219R61E106KA12D 10 uF 25 V X5R, max .95 mm body + .10 mm solder seating allocation"
chest_roll_M_pcb_R1,chest.pitch_frame,PCBA内含,pcb_component,1,,,,,0.45 x 0.8 x 1.6,按电子板成套，不按机械实体重复采购,parts/chest_roll_M_pcb_R1.step,,actual_KiCad_STEP
chest_roll_M_pcb_R2,chest.pitch_frame,PCBA内含,pcb_component,1,,,,,0.45 x 0.8 x 1.6,按电子板成套，不按机械实体重复采购,parts/chest_roll_M_pcb_R2.step,,actual_KiCad_STEP
chest_roll_M_pcb_board,chest.pitch_frame,PCBA内含,pcb,1,,,,,0.91 x 10.0 x 12.0,按电子板成套，不按机械实体重复采购,parts/chest_roll_M_pcb_board.step,,actual_KiCad_STEP
chest_roll_M_pcb_J1_dimension_envelope,chest.pitch_frame,PCBA内含,pcb_component,1,,,,,3.3 x 9.4 x 9.6,按电子板成套，不按机械实体重复采购,parts/chest_roll_M_pcb_J1_dimension_envelope.step,,"JST SM06B-SRSS-TB side-entry SH6, conservative 9.4 x9.6 x3.3 mm mated plug allocation; cable bend remains a separate harness requirement"
chest_pitch_M_rotor_mount_M3x12_0,chest.pitch_frame,采购紧固件,metal,1,,M3,12,screw_head_to_drawing,5.5 x 5.5 x 15.0,按螺纹、长度、材料和实际头部包络一起核对,parts/chest_pitch_M_rotor_mount_M3x12_0.step,,M3x12 socket screw; unmodelled helical thread
chest_pitch_M_rotor_mount_nut_M3_0,chest.pitch_frame,采购紧固件,metal,1,,M3,,hex_nut,2.4 x 5.5 x 6.351,按螺纹、长度、材料和实际头部包络一起核对,parts/chest_pitch_M_rotor_mount_nut_M3_0.step,,M3 nut envelope; removable thread locking method pending
chest_pitch_M_rotor_mount_M3x12_1,chest.pitch_frame,采购紧固件,metal,1,,M3,12,screw_head_to_drawing,5.5 x 5.5 x 15.0,按螺纹、长度、材料和实际头部包络一起核对,parts/chest_pitch_M_rotor_mount_M3x12_1.step,,M3x12 socket screw; unmodelled helical thread
chest_pitch_M_rotor_mount_nut_M3_1,chest.pitch_frame,采购紧固件,metal,1,,M3,,hex_nut,2.4 x 5.5 x 6.351,按螺纹、长度、材料和实际头部包络一起核对,parts/chest_pitch_M_rotor_mount_nut_M3_1.step,,M3 nut envelope; removable thread locking method pending
chest_roll_M_fixed_mount_M3x8_0,chest.pitch_frame,采购紧固件,metal,1,,M3,8,screw_head_to_drawing,5.5 x 5.5 x 11.0,按螺纹、长度、材料和实际头部包络一起核对,parts/chest_roll_M_fixed_mount_M3x8_0.step,,M3x8 from outer carrier face into metal eye; 3 mm nominal threaded engagement
chest_roll_M_fixed_mount_M3x8_1,chest.pitch_frame,采购紧固件,metal,1,,M3,8,screw_head_to_drawing,5.5 x 5.5 x 11.0,按螺纹、长度、材料和实际头部包络一起核对,parts/chest_roll_M_fixed_mount_M3x8_1.step,,M3x8 from outer carrier face into metal eye; 3 mm nominal threaded engagement
chest_pitch_M_intermediate_frame,chest.pitch_frame,加工金属,aluminum_7075,1,,,,,21.5 x 37.0 x 37.95,按 STEP 加工并检验配合；复杂框架先反馈 DFM,parts/chest_pitch_M_intermediate_frame.step,,"Metal anterior chest pitch/roll arch, clears the shoulder-girdle readout behind it"
chest_yaw_M_rotor_mount_M3x12_0,chest.yaw_frame,采购紧固件,metal,1,,M3,12,screw_head_to_drawing,5.5 x 5.5 x 15.0,按螺纹、长度、材料和实际头部包络一起核对,parts/chest_yaw_M_rotor_mount_M3x12_0.step,,M3x12 socket screw; unmodelled helical thread
chest_yaw_M_rotor_mount_nut_M3_0,chest.yaw_frame,采购紧固件,metal,1,,M3,,hex_nut,2.4 x 5.5 x 6.351,按螺纹、长度、材料和实际头部包络一起核对,parts/chest_yaw_M_rotor_mount_nut_M3_0.step,,M3 nut envelope; removable thread locking method pending
chest_yaw_M_rotor_mount_M3x12_1,chest.yaw_frame,采购紧固件,metal,1,,M3,12,screw_head_to_drawing,5.5 x 5.5 x 15.0,按螺纹、长度、材料和实际头部包络一起核对,parts/chest_yaw_M_rotor_mount_M3x12_1.step,,M3x12 socket screw; unmodelled helical thread
chest_yaw_M_rotor_mount_nut_M3_1,chest.yaw_frame,采购紧固件,metal,1,,M3,,hex_nut,2.4 x 5.5 x 6.351,按螺纹、长度、材料和实际头部包络一起核对,parts/chest_yaw_M_rotor_mount_nut_M3_1.step,,M3 nut envelope; removable thread locking method pending
chest_pitch_M_fixed_mount_M3x8_0,chest.yaw_frame,采购紧固件,metal,1,,M3,8,screw_head_to_drawing,5.5 x 5.5 x 11.0,按螺纹、长度、材料和实际头部包络一起核对,parts/chest_pitch_M_fixed_mount_M3x8_0.step,,M3x8 from outer carrier face into metal eye; 3 mm nominal threaded engagement
chest_pitch_M_fixed_mount_M3x8_1,chest.yaw_frame,采购紧固件,metal,1,,M3,8,screw_head_to_drawing,5.5 x 5.5 x 11.0,按螺纹、长度、材料和实际头部包络一起核对,parts/chest_pitch_M_fixed_mount_M3x8_1.step,,M3x8 from outer carrier face into metal eye; 3 mm nominal threaded engagement
chest_M_yaw_pitch_frame,chest.yaw_frame,加工金属,aluminum_7075,1,,,,,16.0 x 55.0 x 63.0,按 STEP 加工并检验配合；复杂框架先反馈 DFM,parts/chest_M_yaw_pitch_frame.step,,Rigid yaw-to-pitch frame; yaw cartridge shifted only along the original vertical axis
waist_roll_M_rotor_mount_M3x12_0,waist,采购紧固件,metal,1,,M3,12,screw_head_to_drawing,5.5 x 5.5 x 15.0,按螺纹、长度、材料和实际头部包络一起核对,parts/waist_roll_M_rotor_mount_M3x12_0.step,,M3x12 socket screw; unmodelled helical thread
waist_roll_M_rotor_mount_nut_M3_0,waist,采购紧固件,metal,1,,M3,,hex_nut,2.4 x 5.5 x 6.351,按螺纹、长度、材料和实际头部包络一起核对,parts/waist_roll_M_rotor_mount_nut_M3_0.step,,M3 nut envelope; removable thread locking method pending
waist_roll_M_rotor_mount_M3x12_1,waist,采购紧固件,metal,1,,M3,12,screw_head_to_drawing,5.5 x 5.5 x 15.0,按螺纹、长度、材料和实际头部包络一起核对,parts/waist_roll_M_rotor_mount_M3x12_1.step,,M3x12 socket screw; unmodelled helical thread
waist_roll_M_rotor_mount_nut_M3_1,waist,采购紧固件,metal,1,,M3,,hex_nut,2.4 x 5.5 x 6.351,按螺纹、长度、材料和实际头部包络一起核对,parts/waist_roll_M_rotor_mount_nut_M3_1.step,,M3 nut envelope; removable thread locking method pending
chest_yaw_M_fixed_mount_M3x8_0,waist,采购紧固件,metal,1,,M3,8,screw_head_to_drawing,5.5 x 5.5 x 11.0,按螺纹、长度、材料和实际头部包络一起核对,parts/chest_yaw_M_fixed_mount_M3x8_0.step,,M3x8 from outer carrier face into metal eye; 3 mm nominal threaded engagement
chest_yaw_M_fixed_mount_M3x8_1,waist,采购紧固件,metal,1,,M3,8,screw_head_to_drawing,5.5 x 5.5 x 11.0,按螺纹、长度、材料和实际头部包络一起核对,parts/chest_yaw_M_fixed_mount_M3x8_1.step,,M3x8 from outer carrier face into metal eye; 3 mm nominal threaded engagement
waist_M_chest_input_frame,waist,加工金属,aluminum_7075,1,,,,,16.0 x 18.39 x 20.0,按 STEP 加工并检验配合；复杂框架先反馈 DFM,parts/waist_M_chest_input_frame.step,,Continuous waist-to-chest member; posterior offset route between the compact waist and chest cartridges
waist_yaw_M_fixed_mount_M3x8_0,pelvis,采购紧固件,metal,1,,M3,8,screw_head_to_drawing,5.5 x 5.5 x 11.0,按螺纹、长度、材料和实际头部包络一起核对,parts/waist_yaw_M_fixed_mount_M3x8_0.step,,M3x8 from outer carrier face into metal eye; 3 mm nominal threaded engagement
waist_yaw_M_fixed_mount_M3x8_1,pelvis,采购紧固件,metal,1,,M3,8,screw_head_to_drawing,5.5 x 5.5 x 11.0,按螺纹、长度、材料和实际头部包络一起核对,parts/waist_yaw_M_fixed_mount_M3x8_1.step,,M3x8 from outer carrier face into metal eye; 3 mm nominal threaded engagement
thigh_l_flex_M_fixed_mount_M3x8_0,pelvis,采购紧固件,metal,1,,M3,8,screw_head_to_drawing,5.5 x 5.5 x 11.0,按螺纹、长度、材料和实际头部包络一起核对,parts/thigh_l_flex_M_fixed_mount_M3x8_0.step,,M3x8 from outer carrier face into metal eye; 3 mm nominal threaded engagement
thigh_l_flex_M_fixed_mount_M3x8_1,pelvis,采购紧固件,metal,1,,M3,8,screw_head_to_drawing,5.5 x 5.5 x 11.0,按螺纹、长度、材料和实际头部包络一起核对,parts/thigh_l_flex_M_fixed_mount_M3x8_1.step,,M3x8 from outer carrier face into metal eye; 3 mm nominal threaded engagement
thigh_r_flex_M_fixed_mount_M3x8_0,pelvis,采购紧固件,metal,1,,M3,8,screw_head_to_drawing,5.5 x 5.5 x 11.0,按螺纹、长度、材料和实际头部包络一起核对,parts/thigh_r_flex_M_fixed_mount_M3x8_0.step,,M3x8 from outer carrier face into metal eye; 3 mm nominal threaded engagement
thigh_r_flex_M_fixed_mount_M3x8_1,pelvis,采购紧固件,metal,1,,M3,8,screw_head_to_drawing,5.5 x 5.5 x 11.0,按螺纹、长度、材料和实际头部包络一起核对,parts/thigh_r_flex_M_fixed_mount_M3x8_1.step,,M3x8 from outer carrier face into metal eye; 3 mm nominal threaded engagement
pelvis_M_body_frame,pelvis,加工金属,aluminum_7075,1,,,,,69.0 x 138.369 x 203.546,按 STEP 加工并检验配合；复杂框架先反馈 DFM,parts/pelvis_M_body_frame.step,,"Permanent internal pelvis frame, no external stand; root forward is a fixed local reference; fixed rear electronics spine and two flat bolt lugs"
chest_roll_M_rotor_mount_M3x12_0,chest,采购紧固件,metal,1,,M3,12,screw_head_to_drawing,5.5 x 5.5 x 15.0,按螺纹、长度、材料和实际头部包络一起核对,parts/chest_roll_M_rotor_mount_M3x12_0.step,,M3x12 socket screw; unmodelled helical thread
chest_roll_M_rotor_mount_nut_M3_0,chest,采购紧固件,metal,1,,M3,,hex_nut,2.4 x 5.5 x 6.351,按螺纹、长度、材料和实际头部包络一起核对,parts/chest_roll_M_rotor_mount_nut_M3_0.step,,M3 nut envelope; removable thread locking method pending
chest_roll_M_rotor_mount_M3x12_1,chest,采购紧固件,metal,1,,M3,12,screw_head_to_drawing,5.5 x 5.5 x 15.0,按螺纹、长度、材料和实际头部包络一起核对,parts/chest_roll_M_rotor_mount_M3x12_1.step,,M3x12 socket screw; unmodelled helical thread
chest_roll_M_rotor_mount_nut_M3_1,chest,采购紧固件,metal,1,,M3,,hex_nut,2.4 x 5.5 x 6.351,按螺纹、长度、材料和实际头部包络一起核对,parts/chest_roll_M_rotor_mount_nut_M3_1.step,,M3 nut envelope; removable thread locking method pending
l_twist_M_upper_thrust_shim,upperarm_l.abduct_frame,加工金属,bronze,1,,,,,0.2 x 10.6 x 10.6,按 STEP 加工并检验配合；复杂框架先反馈 DFM,parts/l_twist_M_upper_thrust_shim.step,,"0.20 mm CuSn8 thrust shim candidate; metal frame at 5.5, shaft shoulder at 5.7; flatness, wear and supplier process pending"
l_twist_M_spring_upper_washer,upperarm_l,加工金属,spring,1,,,,,1.0 x 11.0 x 11.0,按 STEP 加工并检验配合；复杂框架先反馈 DFM,parts/l_twist_M_spring_upper_washer.step,,Ground steel washer; spring load kept away from arm coupling
l_twist_M_disc_spring_0,upperarm_l,采购碟簧,spring,1,SCHNORR 001200,,,,0.563 x 10.0 x 10.0,按弹簧型号和装配方向，不按 CAD 色彩选型,parts/l_twist_M_disc_spring_0.step,,"SCHNORR 001200 opposed pair in series; 294 N nominal at 0.563 mm each, needs physical adjustment"
l_twist_M_disc_spring_1,upperarm_l,采购碟簧,spring,1,SCHNORR 001200,,,,0.563 x 10.0 x 10.0,按弹簧型号和装配方向，不按 CAD 色彩选型,parts/l_twist_M_disc_spring_1.step,,"SCHNORR 001200 opposed pair in series; 294 N nominal at 0.563 mm each, needs physical adjustment"
l_twist_M_spring_lower_washer,upperarm_l,加工金属,spring,1,,,,,0.5 x 11.0 x 11.0,按 STEP 加工并检验配合；复杂框架先反馈 DFM,parts/l_twist_M_spring_lower_washer.step,,Ground steel spring washer
l_twist_M_split_stop_collar_left,upperarm_l,加工金属,aluminum_7075,1,,,,,3.0 x 5.9 x 13.0,按 STEP 加工并检验配合；复杂框架先反馈 DFM,parts/l_twist_M_split_stop_collar_left.step,,Radial assembly into positive D3 groove; 1.1 mm axial lip; stop geometry sets nominal spring stack
l_twist_M_split_stop_collar_right,upperarm_l,加工金属,aluminum_7075,1,,,,,3.0 x 5.9 x 13.0,按 STEP 加工并检验配合；复杂框架先反馈 DFM,parts/l_twist_M_split_stop_collar_right.step,,Second collar half; 0.20 mm split; M2 screws join the halves without relying on friction for axial retention
l_twist_M_collar_M2x8_0,upperarm_l,采购紧固件,brass,1,,M2,8,screw_head_to_drawing,3.8 x 3.8 x 10.0,按螺纹、长度、材料和实际头部包络一起核对,parts/l_twist_M_collar_M2x8_0.step,,M2x8 into tapped left collar half; 2.9 mm nominal engagement; install before arm carrier
l_twist_M_collar_M2x8_1,upperarm_l,采购紧固件,brass,1,,M2,8,screw_head_to_drawing,3.8 x 3.8 x 10.0,按螺纹、长度、材料和实际头部包络一起核对,parts/l_twist_M_collar_M2x8_1.step,,M2x8 into tapped left collar half; 2.9 mm nominal engagement; install before arm carrier
r_twist_M_upper_thrust_shim,upperarm_r.abduct_frame,加工金属,bronze,1,,,,,0.2 x 10.6 x 10.6,按 STEP 加工并检验配合；复杂框架先反馈 DFM,parts/r_twist_M_upper_thrust_shim.step,,"0.20 mm CuSn8 thrust shim candidate; metal frame at 5.5, shaft shoulder at 5.7; flatness, wear and supplier process pending"
r_twist_M_spring_upper_washer,upperarm_r,加工金属,spring,1,,,,,1.0 x 11.0 x 11.0,按 STEP 加工并检验配合；复杂框架先反馈 DFM,parts/r_twist_M_spring_upper_washer.step,,Ground steel washer; spring load kept away from arm coupling
r_twist_M_disc_spring_0,upperarm_r,采购碟簧,spring,1,SCHNORR 001200,,,,0.563 x 10.0 x 10.0,按弹簧型号和装配方向，不按 CAD 色彩选型,parts/r_twist_M_disc_spring_0.step,,"SCHNORR 001200 opposed pair in series; 294 N nominal at 0.563 mm each, needs physical adjustment"
r_twist_M_disc_spring_1,upperarm_r,采购碟簧,spring,1,SCHNORR 001200,,,,0.563 x 10.0 x 10.0,按弹簧型号和装配方向，不按 CAD 色彩选型,parts/r_twist_M_disc_spring_1.step,,"SCHNORR 001200 opposed pair in series; 294 N nominal at 0.563 mm each, needs physical adjustment"
r_twist_M_spring_lower_washer,upperarm_r,加工金属,spring,1,,,,,0.5 x 11.0 x 11.0,按 STEP 加工并检验配合；复杂框架先反馈 DFM,parts/r_twist_M_spring_lower_washer.step,,Ground steel spring washer
r_twist_M_split_stop_collar_left,upperarm_r,加工金属,aluminum_7075,1,,,,,3.0 x 5.9 x 13.0,按 STEP 加工并检验配合；复杂框架先反馈 DFM,parts/r_twist_M_split_stop_collar_left.step,,Radial assembly into positive D3 groove; 1.1 mm axial lip; stop geometry sets nominal spring stack
r_twist_M_split_stop_collar_right,upperarm_r,加工金属,aluminum_7075,1,,,,,3.0 x 5.9 x 13.0,按 STEP 加工并检验配合；复杂框架先反馈 DFM,parts/r_twist_M_split_stop_collar_right.step,,Second collar half; 0.20 mm split; M2 screws join the halves without relying on friction for axial retention
r_twist_M_collar_M2x8_0,upperarm_r,采购紧固件,brass,1,,M2,8,screw_head_to_drawing,3.8 x 3.8 x 10.0,按螺纹、长度、材料和实际头部包络一起核对,parts/r_twist_M_collar_M2x8_0.step,,M2x8 into tapped left collar half; 2.9 mm nominal engagement; install before arm carrier
r_twist_M_collar_M2x8_1,upperarm_r,采购紧固件,brass,1,,M2,8,screw_head_to_drawing,3.8 x 3.8 x 10.0,按螺纹、长度、材料和实际头部包络一起核对,parts/r_twist_M_collar_M2x8_1.step,,M2x8 into tapped left collar half; 2.9 mm nominal engagement; install before arm carrier
clavicle_l_protract_G4_stepped_D4_shaft,clavicle_l.protract_frame,加工金属,aluminum_7075,1,,,,,9.0 x 9.0 x 47.0,按 STEP 加工并检验配合；复杂框架先反馈 DFM,parts/clavicle_l_protract_G4_stepped_D4_shaft.step,,"M3x0.5 external thread continuously to Z-15 including magnet-key flat; fully round loaded thread above Z-9.95. Upper D4 key for carriage, M2 end-retention pilot."
clavicle_l_protract_G4_fixed_reaction_plate,chest,加工金属,aluminum_7075,1,,,,,7.5 x 23.497 x 32.0,按 STEP 加工并检验配合；复杂框架先反馈 DFM,parts/clavicle_l_protract_G4_fixed_reaction_plate.step,,"M3 tapped attachment pair at X+/-6,Y outward9; two independent M2 sensor posts; clipped inward boundary Y=-/+5.5; integral positive travel stops"
clavicle_l_protract_G4_keyed_friction_lining,chest,加工塑料,peek,1,,,,,0.5 x 17.5 x 24.8,POM-C / 未填充 PEEK / PA12 按材质分别加工；薄件不等同 PLA 打印,parts/clavicle_l_protract_G4_keyed_friction_lining.step,,"Positive lining tabs; 0.5 mm candidate, friction coefficient untested; unfilled machined PEEK candidate, dry contact; actual torque and creep must be qualified"
clavicle_l_protract_G4_D4_friction_rotor,clavicle_l.protract_frame,加工金属,aluminum_7075,1,,,,,3.0 x 19.077 x 25.577,按 STEP 加工并检验配合；复杂框架先反馈 DFM,parts/clavicle_l_protract_G4_D4_friction_rotor.step,,3 mm metal drive face; upper shaft flange carries the axial spring load; integral travel tab reacts directly into bearing frame
clavicle_l_protract_G4_lower_thrust_washer,chest,加工金属,bronze,1,,,,,0.5 x 13.0 x 13.0,按 STEP 加工并检验配合；复杂框架先反馈 DFM,parts/clavicle_l_protract_G4_lower_thrust_washer.step,,0.5 mm CuSn8 plain thrust washer; surface and wear require qualification
clavicle_l_protract_G4_disc_0_0,clavicle_l.protract_frame,采购碟簧,spring,1,SCHNORR 001800,,,,0.7 x 12.0 x 12.0,按弹簧型号和装配方向，不按 CAD 色彩选型,parts/clavicle_l_protract_G4_disc_0_0.step,,Two nested discs per group; two opposed groups. Nominal 1114 N at catalog height.
clavicle_l_protract_G4_disc_0_1,clavicle_l.protract_frame,采购碟簧,spring,1,SCHNORR 001800,,,,0.7 x 12.0 x 12.0,按弹簧型号和装配方向，不按 CAD 色彩选型,parts/clavicle_l_protract_G4_disc_0_1.step,,Two nested discs per group; two opposed groups. Nominal 1114 N at catalog height.
clavicle_l_protract_G4_disc_1_0,clavicle_l.protract_frame,采购碟簧,spring,1,SCHNORR 001800,,,,0.7 x 12.0 x 12.0,按弹簧型号和装配方向，不按 CAD 色彩选型,parts/clavicle_l_protract_G4_disc_1_0.step,,Two nested discs per group; two opposed groups. Nominal 1114 N at catalog height.
clavicle_l_protract_G4_disc_1_1,clavicle_l.protract_frame,采购碟簧,spring,1,SCHNORR 001800,,,,0.7 x 12.0 x 12.0,按弹簧型号和装配方向，不按 CAD 色彩选型,parts/clavicle_l_protract_G4_disc_1_1.step,,Two nested discs per group; two opposed groups. Nominal 1114 N at catalog height.
clavicle_l_protract_G4_spring_lower_washer,clavicle_l.protract_frame,加工金属,spring,1,,,,,0.5 x 13.0 x 13.0,按 STEP 加工并检验配合；复杂框架先反馈 DFM,parts/clavicle_l_protract_G4_spring_lower_washer.step,,
clavicle_l_protract_G4_preload_nut,clavicle_l.protract_frame,加工金属,metal,1,,,,,1.8 x 5.5 x 6.351,按 STEP 加工并检验配合；复杂框架先反馈 DFM,parts/clavicle_l_protract_G4_preload_nut.step,,"M3 thin nut, nominal AF5.5 x1.8; threads onto the continuous threaded tip before magnet cup installation"
clavicle_l_protract_G4_jam_nut,clavicle_l.protract_frame,加工金属,metal,1,,,,,1.8 x 5.5 x 6.351,按 STEP 加工并检验配合；复杂框架先反馈 DFM,parts/clavicle_l_protract_G4_jam_nut.step,,"M3 thin nut, nominal AF5.5 x1.8; threads onto the continuous threaded tip before magnet cup installation"
clavicle_l_protract_G4_removable_D3_magnet_cup,clavicle_l.protract_frame,加工金属,aluminum,1,,,,,8.3 x 11.0 x 11.0,按 STEP 加工并检验配合；复杂框架先反馈 DFM,parts/clavicle_l_protract_G4_removable_D3_magnet_cup.step,,D3 threaded-tip flat transmits only encoder torque; 0.75 mm floor separates shaft and magnet
clavicle_l_protract_G4_cup_M2x5_0,clavicle_l.protract_frame,采购紧固件,brass,1,,M2,5,screw_head_to_drawing,2.0 x 2.0 x 5.0,按螺纹、长度、材料和实际头部包络一起核对,parts/clavicle_l_protract_G4_cup_M2x5_0.step,,"Slotted brass M2x5, 1 mm nominal shaft thread engagement, unloaded magnet extension"
clavicle_l_protract_G4_cup_M2x5_1,clavicle_l.protract_frame,采购紧固件,brass,1,,M2,5,screw_head_to_drawing,2.0 x 2.0 x 5.0,按螺纹、长度、材料和实际头部包络一起核对,parts/clavicle_l_protract_G4_cup_M2x5_1.step,,"Slotted brass M2x5, 1 mm nominal shaft thread engagement, unloaded magnet extension"
clavicle_l_protract_G4_magnet_6x2p5,clavicle_l.protract_frame,采购标准件,magnet,1,AS5000-MD6H-2,,,,2.5 x 6.0 x 6.0,AS5000-MD6H-2 候选，Ø6×2.5 径向充磁，逐件核对磁场,parts/clavicle_l_protract_G4_magnet_6x2p5.step,,
clavicle_l_protract_G4_magnet_keeper,clavicle_l.protract_frame,打印,frame,1,,,,,2.8 x 13.6 x 13.6,PLA 候选，按随件 STL 和切片复核要求,parts/clavicle_l_protract_G4_magnet_keeper.step,print_candidates/clavicle_l_protract_G4_magnet_keeper.stl,1.1 mm radial wall; 0.20 mm radial clearance; 0.8 mm retention face
clavicle_l_protract_G4_keeper_M2x3_0,clavicle_l.protract_frame,采购紧固件,brass,1,,M2,3,screw_head_to_drawing,2.0 x 2.0 x 3.0,按螺纹、长度、材料和实际头部包络一起核对,parts/clavicle_l_protract_G4_keeper_M2x3_0.step,,
clavicle_l_protract_G4_keeper_M2x3_1,clavicle_l.protract_frame,采购紧固件,brass,1,,M2,3,screw_head_to_drawing,2.0 x 2.0 x 3.0,按螺纹、长度、材料和实际头部包络一起核对,parts/clavicle_l_protract_G4_keeper_M2x3_1.step,,
clavicle_l_protract_G4_post_0,chest,加工金属,brass,1,,,,,3.5 x 4.041 x 20.295,按 STEP 加工并检验配合；复杂框架先反馈 DFM,parts/clavicle_l_protract_G4_post_0.step,,Custom M2 male/female spacer; 2.5 mm into reaction plate; clamping does not load PCB
clavicle_l_protract_G4_board_saddle_0,chest,打印,frame,1,,,,,2.0 x 4.0 x 6.4,PLA 候选，按随件 STL 和切片复核要求,parts/clavicle_l_protract_G4_board_saddle_0.step,print_candidates/clavicle_l_protract_G4_board_saddle_0.stl,
clavicle_l_protract_G4_board_cap_0,chest,加工塑料,nylon,1,,,,,0.8 x 4.0 x 6.4,POM-C / 未填充 PEEK / PA12 按材质分别加工；薄件不等同 PLA 打印,parts/clavicle_l_protract_G4_board_cap_0.step,,
clavicle_l_protract_G4_board_M2x6_0,chest,采购紧固件,nylon,1,,M2,6,screw_head_to_drawing,3.8 x 3.8 x 8.0,按螺纹、长度、材料和实际头部包络一起核对,parts/clavicle_l_protract_G4_board_M2x6_0.step,,
clavicle_l_protract_G4_post_1,chest,加工金属,brass,1,,,,,3.5 x 4.041 x 20.295,按 STEP 加工并检验配合；复杂框架先反馈 DFM,parts/clavicle_l_protract_G4_post_1.step,,Custom M2 male/female spacer; 2.5 mm into reaction plate; clamping does not load PCB
clavicle_l_protract_G4_board_saddle_1,chest,打印,frame,1,,,,,2.0 x 4.0 x 6.4,PLA 候选，按随件 STL 和切片复核要求,parts/clavicle_l_protract_G4_board_saddle_1.step,print_candidates/clavicle_l_protract_G4_board_saddle_1.stl,
clavicle_l_protract_G4_board_cap_1,chest,加工塑料,nylon,1,,,,,0.8 x 4.0 x 6.4,POM-C / 未填充 PEEK / PA12 按材质分别加工；薄件不等同 PLA 打印,parts/clavicle_l_protract_G4_board_cap_1.step,,
clavicle_l_protract_G4_board_M2x6_1,chest,采购紧固件,nylon,1,,M2,6,screw_head_to_drawing,3.8 x 3.8 x 8.0,按螺纹、长度、材料和实际头部包络一起核对,parts/clavicle_l_protract_G4_board_M2x6_1.step,,
clavicle_l_protract_G4_pcb_AS5048A,chest,PCBA内含,pcb_component,1,,,,,1.0 x 5.0 x 6.4,按电子板成套，不按机械实体重复采购,parts/clavicle_l_protract_G4_pcb_AS5048A.step,,actual_KiCad_STEP
clavicle_l_protract_G4_pcb_C1,chest,PCBA内含,pcb_component,1,,,,,0.8 x 0.8 x 1.6,按电子板成套，不按机械实体重复采购,parts/clavicle_l_protract_G4_pcb_C1.step,,actual_KiCad_STEP
clavicle_l_protract_G4_pcb_C2,chest,PCBA内含,pcb_component,1,,,,,1.05 x 1.45 x 2.3,按电子板成套，不按机械实体重复采购,parts/clavicle_l_protract_G4_pcb_C2.step,,"Murata GRM219R61E106KA12D 10 uF 25 V X5R, max .95 mm body + .10 mm solder seating allocation"
clavicle_l_protract_G4_pcb_R1,chest,PCBA内含,pcb_component,1,,,,,0.45 x 0.8 x 1.6,按电子板成套，不按机械实体重复采购,parts/clavicle_l_protract_G4_pcb_R1.step,,actual_KiCad_STEP
clavicle_l_protract_G4_pcb_R2,chest,PCBA内含,pcb_component,1,,,,,0.45 x 0.8 x 1.6,按电子板成套，不按机械实体重复采购,parts/clavicle_l_protract_G4_pcb_R2.step,,actual_KiCad_STEP
clavicle_l_protract_G4_pcb_board,chest,PCBA内含,pcb,1,,,,,0.91 x 10.0 x 12.0,按电子板成套，不按机械实体重复采购,parts/clavicle_l_protract_G4_pcb_board.step,,actual_KiCad_STEP
clavicle_l_protract_G4_pcb_J1_dimension_envelope,chest,PCBA内含,pcb_component,1,,,,,3.3 x 9.4 x 9.6,按电子板成套，不按机械实体重复采购,parts/clavicle_l_protract_G4_pcb_J1_dimension_envelope.step,,"JST SM06B-SRSS-TB side-entry SH6, conservative 9.4 x9.6 x3.3 mm mated plug allocation; cable bend remains a separate harness requirement"
clavicle_l_elevate_G4_stepped_D4_shaft,clavicle_l,加工金属,aluminum_7075,1,,,,,9.0 x 9.0 x 53.0,按 STEP 加工并检验配合；复杂框架先反馈 DFM,parts/clavicle_l_elevate_G4_stepped_D4_shaft.step,,"M3x0.5 external thread continuously to Z-15 including magnet-key flat; fully round loaded thread above Z-9.95. Upper D4 key for carriage, M2 end-retention pilot."
clavicle_l_elevate_G4_fixed_reaction_plate,clavicle_l.protract_frame,加工金属,aluminum_7075,1,,,,,7.5 x 28.562 x 30.569,按 STEP 加工并检验配合；复杂框架先反馈 DFM,parts/clavicle_l_elevate_G4_fixed_reaction_plate.step,,"M3 tapped attachment pair at X+/-6,Y outward9; two independent M2 sensor posts; clipped inward boundary Y=-/+5.5; integral positive travel stops"
clavicle_l_elevate_G4_keyed_friction_lining,clavicle_l.protract_frame,加工塑料,peek,1,,,,,0.5 x 24.0 x 24.8,POM-C / 未填充 PEEK / PA12 按材质分别加工；薄件不等同 PLA 打印,parts/clavicle_l_elevate_G4_keyed_friction_lining.step,,"Positive lining tabs; 0.5 mm candidate, friction coefficient untested; unfilled machined PEEK candidate, dry contact; actual torque and creep must be qualified"
clavicle_l_elevate_G4_D4_friction_rotor,clavicle_l,加工金属,aluminum_7075,1,,,,,3.0 x 24.0 x 29.0,按 STEP 加工并检验配合；复杂框架先反馈 DFM,parts/clavicle_l_elevate_G4_D4_friction_rotor.step,,3 mm metal drive face; upper shaft flange carries the axial spring load; integral travel tab reacts directly into bearing frame
clavicle_l_elevate_G4_lower_thrust_washer,clavicle_l.protract_frame,加工金属,bronze,1,,,,,0.5 x 13.0 x 13.0,按 STEP 加工并检验配合；复杂框架先反馈 DFM,parts/clavicle_l_elevate_G4_lower_thrust_washer.step,,0.5 mm CuSn8 plain thrust washer; surface and wear require qualification
clavicle_l_elevate_G4_disc_0_0,clavicle_l,采购碟簧,spring,1,SCHNORR 001800,,,,0.7 x 12.0 x 12.0,按弹簧型号和装配方向，不按 CAD 色彩选型,parts/clavicle_l_elevate_G4_disc_0_0.step,,Two nested discs per group; two opposed groups. Nominal 1114 N at catalog height.
clavicle_l_elevate_G4_disc_0_1,clavicle_l,采购碟簧,spring,1,SCHNORR 001800,,,,0.7 x 12.0 x 12.0,按弹簧型号和装配方向，不按 CAD 色彩选型,parts/clavicle_l_elevate_G4_disc_0_1.step,,Two nested discs per group; two opposed groups. Nominal 1114 N at catalog height.
clavicle_l_elevate_G4_disc_1_0,clavicle_l,采购碟簧,spring,1,SCHNORR 001800,,,,0.7 x 12.0 x 12.0,按弹簧型号和装配方向，不按 CAD 色彩选型,parts/clavicle_l_elevate_G4_disc_1_0.step,,Two nested discs per group; two opposed groups. Nominal 1114 N at catalog height.
clavicle_l_elevate_G4_disc_1_1,clavicle_l,采购碟簧,spring,1,SCHNORR 001800,,,,0.7 x 12.0 x 12.0,按弹簧型号和装配方向，不按 CAD 色彩选型,parts/clavicle_l_elevate_G4_disc_1_1.step,,Two nested discs per group; two opposed groups. Nominal 1114 N at catalog height.
clavicle_l_elevate_G4_spring_lower_washer,clavicle_l,加工金属,spring,1,,,,,0.5 x 13.0 x 13.0,按 STEP 加工并检验配合；复杂框架先反馈 DFM,parts/clavicle_l_elevate_G4_spring_lower_washer.step,,
clavicle_l_elevate_G4_preload_nut,clavicle_l,加工金属,metal,1,,,,,1.8 x 5.5 x 6.351,按 STEP 加工并检验配合；复杂框架先反馈 DFM,parts/clavicle_l_elevate_G4_preload_nut.step,,"M3 thin nut, nominal AF5.5 x1.8; threads onto the continuous threaded tip before magnet cup installation"
clavicle_l_elevate_G4_jam_nut,clavicle_l,加工金属,metal,1,,,,,1.8 x 5.5 x 6.351,按 STEP 加工并检验配合；复杂框架先反馈 DFM,parts/clavicle_l_elevate_G4_jam_nut.step,,"M3 thin nut, nominal AF5.5 x1.8; threads onto the continuous threaded tip before magnet cup installation"
clavicle_l_elevate_G4_removable_D3_magnet_cup,clavicle_l,加工金属,aluminum,1,,,,,8.3 x 11.0 x 11.0,按 STEP 加工并检验配合；复杂框架先反馈 DFM,parts/clavicle_l_elevate_G4_removable_D3_magnet_cup.step,,D3 threaded-tip flat transmits only encoder torque; 0.75 mm floor separates shaft and magnet
clavicle_l_elevate_G4_cup_M2x5_0,clavicle_l,采购紧固件,brass,1,,M2,5,screw_head_to_drawing,2.0 x 2.0 x 5.0,按螺纹、长度、材料和实际头部包络一起核对,parts/clavicle_l_elevate_G4_cup_M2x5_0.step,,"Slotted brass M2x5, 1 mm nominal shaft thread engagement, unloaded magnet extension"
clavicle_l_elevate_G4_cup_M2x5_1,clavicle_l,采购紧固件,brass,1,,M2,5,screw_head_to_drawing,2.0 x 2.0 x 5.0,按螺纹、长度、材料和实际头部包络一起核对,parts/clavicle_l_elevate_G4_cup_M2x5_1.step,,"Slotted brass M2x5, 1 mm nominal shaft thread engagement, unloaded magnet extension"
clavicle_l_elevate_G4_magnet_6x2p5,clavicle_l,采购标准件,magnet,1,AS5000-MD6H-2,,,,2.5 x 6.0 x 6.0,AS5000-MD6H-2 候选，Ø6×2.5 径向充磁，逐件核对磁场,parts/clavicle_l_elevate_G4_magnet_6x2p5.step,,
clavicle_l_elevate_G4_magnet_keeper,clavicle_l,打印,frame,1,,,,,2.8 x 13.6 x 13.6,PLA 候选，按随件 STL 和切片复核要求,parts/clavicle_l_elevate_G4_magnet_keeper.step,print_candidates/clavicle_l_elevate_G4_magnet_keeper.stl,1.1 mm radial wall; 0.20 mm radial clearance; 0.8 mm retention face
clavicle_l_elevate_G4_keeper_M2x3_0,clavicle_l,采购紧固件,brass,1,,M2,3,screw_head_to_drawing,2.0 x 2.0 x 3.0,按螺纹、长度、材料和实际头部包络一起核对,parts/clavicle_l_elevate_G4_keeper_M2x3_0.step,,
clavicle_l_elevate_G4_keeper_M2x3_1,clavicle_l,采购紧固件,brass,1,,M2,3,screw_head_to_drawing,2.0 x 2.0 x 3.0,按螺纹、长度、材料和实际头部包络一起核对,parts/clavicle_l_elevate_G4_keeper_M2x3_1.step,,
clavicle_l_elevate_G4_post_0,clavicle_l.protract_frame,加工金属,brass,1,,,,,3.5 x 4.041 x 20.295,按 STEP 加工并检验配合；复杂框架先反馈 DFM,parts/clavicle_l_elevate_G4_post_0.step,,Custom M2 male/female spacer; 2.5 mm into reaction plate; clamping does not load PCB
clavicle_l_elevate_G4_board_saddle_0,clavicle_l.protract_frame,打印,frame,1,,,,,2.0 x 4.0 x 6.4,PLA 候选，按随件 STL 和切片复核要求,parts/clavicle_l_elevate_G4_board_saddle_0.step,print_candidates/clavicle_l_elevate_G4_board_saddle_0.stl,
clavicle_l_elevate_G4_board_cap_0,clavicle_l.protract_frame,加工塑料,nylon,1,,,,,0.8 x 4.0 x 6.4,POM-C / 未填充 PEEK / PA12 按材质分别加工；薄件不等同 PLA 打印,parts/clavicle_l_elevate_G4_board_cap_0.step,,
clavicle_l_elevate_G4_board_M2x6_0,clavicle_l.protract_frame,采购紧固件,nylon,1,,M2,6,screw_head_to_drawing,3.8 x 3.8 x 8.0,按螺纹、长度、材料和实际头部包络一起核对,parts/clavicle_l_elevate_G4_board_M2x6_0.step,,
clavicle_l_elevate_G4_post_1,clavicle_l.protract_frame,加工金属,brass,1,,,,,3.5 x 4.041 x 20.295,按 STEP 加工并检验配合；复杂框架先反馈 DFM,parts/clavicle_l_elevate_G4_post_1.step,,Custom M2 male/female spacer; 2.5 mm into reaction plate; clamping does not load PCB
clavicle_l_elevate_G4_board_saddle_1,clavicle_l.protract_frame,打印,frame,1,,,,,2.0 x 4.0 x 6.4,PLA 候选，按随件 STL 和切片复核要求,parts/clavicle_l_elevate_G4_board_saddle_1.step,print_candidates/clavicle_l_elevate_G4_board_saddle_1.stl,
clavicle_l_elevate_G4_board_cap_1,clavicle_l.protract_frame,加工塑料,nylon,1,,,,,0.8 x 4.0 x 6.4,POM-C / 未填充 PEEK / PA12 按材质分别加工；薄件不等同 PLA 打印,parts/clavicle_l_elevate_G4_board_cap_1.step,,
clavicle_l_elevate_G4_board_M2x6_1,clavicle_l.protract_frame,采购紧固件,nylon,1,,M2,6,screw_head_to_drawing,3.8 x 3.8 x 8.0,按螺纹、长度、材料和实际头部包络一起核对,parts/clavicle_l_elevate_G4_board_M2x6_1.step,,
clavicle_l_elevate_G4_pcb_AS5048A,clavicle_l.protract_frame,PCBA内含,pcb_component,1,,,,,1.0 x 5.0 x 6.4,按电子板成套，不按机械实体重复采购,parts/clavicle_l_elevate_G4_pcb_AS5048A.step,,actual_KiCad_STEP
clavicle_l_elevate_G4_pcb_C1,clavicle_l.protract_frame,PCBA内含,pcb_component,1,,,,,0.8 x 0.8 x 1.6,按电子板成套，不按机械实体重复采购,parts/clavicle_l_elevate_G4_pcb_C1.step,,actual_KiCad_STEP
clavicle_l_elevate_G4_pcb_C2,clavicle_l.protract_frame,PCBA内含,pcb_component,1,,,,,1.05 x 1.45 x 2.3,按电子板成套，不按机械实体重复采购,parts/clavicle_l_elevate_G4_pcb_C2.step,,"Murata GRM219R61E106KA12D 10 uF 25 V X5R, max .95 mm body + .10 mm solder seating allocation"
clavicle_l_elevate_G4_pcb_R1,clavicle_l.protract_frame,PCBA内含,pcb_component,1,,,,,0.45 x 0.8 x 1.6,按电子板成套，不按机械实体重复采购,parts/clavicle_l_elevate_G4_pcb_R1.step,,actual_KiCad_STEP
clavicle_l_elevate_G4_pcb_R2,clavicle_l.protract_frame,PCBA内含,pcb_component,1,,,,,0.45 x 0.8 x 1.6,按电子板成套，不按机械实体重复采购,parts/clavicle_l_elevate_G4_pcb_R2.step,,actual_KiCad_STEP
clavicle_l_elevate_G4_pcb_board,clavicle_l.protract_frame,PCBA内含,pcb,1,,,,,0.91 x 10.0 x 12.0,按电子板成套，不按机械实体重复采购,parts/clavicle_l_elevate_G4_pcb_board.step,,actual_KiCad_STEP
clavicle_l_elevate_G4_pcb_J1_dimension_envelope,clavicle_l.protract_frame,PCBA内含,pcb_component,1,,,,,3.3 x 9.4 x 9.6,按电子板成套，不按机械实体重复采购,parts/clavicle_l_elevate_G4_pcb_J1_dimension_envelope.step,,"JST SM06B-SRSS-TB side-entry SH6, conservative 9.4 x9.6 x3.3 mm mated plug allocation; cable bend remains a separate harness requirement"
clavicle_l_elevate_G4_fixed_mount_M3x6_0,clavicle_l.protract_frame,采购紧固件,metal,1,,M3,6,screw_head_to_drawing,5.5 x 5.5 x 9.0,按螺纹、长度、材料和实际头部包络一起核对,parts/clavicle_l_elevate_G4_fixed_mount_M3x6_0.step,,"M3x6 into metal cartridge plate; nominal 1.95 mm engagement, spring preload closed inside cartridge"
clavicle_l_elevate_G4_fixed_mount_M3x6_1,clavicle_l.protract_frame,采购紧固件,metal,1,,M3,6,screw_head_to_drawing,5.5 x 5.5 x 9.0,按螺纹、长度、材料和实际头部包络一起核对,parts/clavicle_l_elevate_G4_fixed_mount_M3x6_1.step,,"M3x6 into metal cartridge plate; nominal 1.95 mm engagement, spring preload closed inside cartridge"
clavicle_l_protract_G4_carriage_retention_washer,clavicle_l.protract_frame,加工金属,brass,1,,,,,0.3 x 8.0 x 8.0,按 STEP 加工并检验配合；复杂框架先反馈 DFM,parts/clavicle_l_protract_G4_carriage_retention_washer.step,,"0.30 mm metal end washer; retains carriage, not spring preload"
clavicle_l_protract_G4_carriage_M2x4,clavicle_l.protract_frame,采购紧固件,brass,1,,M2,4,screw_head_to_drawing,3.8 x 3.8 x 6.0,按螺纹、长度、材料和实际头部包络一起核对,parts/clavicle_l_protract_G4_carriage_M2x4.step,,M2x4 into shaft end; nominal 3.7 mm engagement; accessible from above before adjacent carriage
clavicle_l_protract_G4_fixed_mount_M3x6_0,chest,采购紧固件,metal,1,,M3,6,screw_head_to_drawing,5.5 x 5.5 x 9.0,按螺纹、长度、材料和实际头部包络一起核对,parts/clavicle_l_protract_G4_fixed_mount_M3x6_0.step,,"M3x6 into metal cartridge plate; nominal 1.95 mm engagement, spring preload closed inside cartridge"
clavicle_l_protract_G4_fixed_mount_M3x6_1,chest,采购紧固件,metal,1,,M3,6,screw_head_to_drawing,5.5 x 5.5 x 9.0,按螺纹、长度、材料和实际头部包络一起核对,parts/clavicle_l_protract_G4_fixed_mount_M3x6_1.step,,"M3x6 into metal cartridge plate; nominal 1.95 mm engagement, spring preload closed inside cartridge"
clavicle_l_elevate_G4_hub_M2x6,clavicle_l,采购紧固件,brass,1,,M2,6,screw_head_to_drawing,2.0 x 2.0 x 6.0,按螺纹、长度、材料和实际头部包络一起核对,parts/clavicle_l_elevate_G4_hub_M2x6.step,,"Slotted M2x6 from top of hub into shaft, nominal 1.5 mm engagement"
clavicle_r_protract_G4_stepped_D4_shaft,clavicle_r.protract_frame,加工金属,aluminum_7075,1,,,,,9.0 x 9.0 x 88.0,按 STEP 加工并检验配合；复杂框架先反馈 DFM,parts/clavicle_r_protract_G4_stepped_D4_shaft.step,,"M3x0.5 external thread continuously to Z-15 including magnet-key flat; fully round loaded thread above Z-9.95. Upper D4 key for carriage, M2 end-retention pilot."
clavicle_r_protract_G4_fixed_reaction_plate,chest,加工金属,aluminum_7075,1,,,,,7.5 x 21.393 x 28.562,按 STEP 加工并检验配合；复杂框架先反馈 DFM,parts/clavicle_r_protract_G4_fixed_reaction_plate.step,,"M3 tapped attachment pair at X+/-6,Y outward9; two independent M2 sensor posts; clipped inward boundary Y=-/+5.5; integral positive travel stops"
clavicle_r_protract_G4_keyed_friction_lining,chest,加工塑料,peek,1,,,,,0.5 x 17.5 x 24.8,POM-C / 未填充 PEEK / PA12 按材质分别加工；薄件不等同 PLA 打印,parts/clavicle_r_protract_G4_keyed_friction_lining.step,,"Positive lining tabs; 0.5 mm candidate, friction coefficient untested; unfilled machined PEEK candidate, dry contact; actual torque and creep must be qualified"
clavicle_r_protract_G4_D4_friction_rotor,clavicle_r.protract_frame,加工金属,aluminum_7075,1,,,,,3.0 x 22.5 x 24.0,按 STEP 加工并检验配合；复杂框架先反馈 DFM,parts/clavicle_r_protract_G4_D4_friction_rotor.step,,3 mm metal drive face; upper shaft flange carries the axial spring load; integral travel tab reacts directly into bearing frame
clavicle_r_protract_G4_lower_thrust_washer,chest,加工金属,bronze,1,,,,,0.5 x 13.0 x 13.0,按 STEP 加工并检验配合；复杂框架先反馈 DFM,parts/clavicle_r_protract_G4_lower_thrust_washer.step,,0.5 mm CuSn8 plain thrust washer; surface and wear require qualification
clavicle_r_protract_G4_disc_0_0,clavicle_r.protract_frame,采购碟簧,spring,1,SCHNORR 001800,,,,0.7 x 12.0 x 12.0,按弹簧型号和装配方向，不按 CAD 色彩选型,parts/clavicle_r_protract_G4_disc_0_0.step,,Two nested discs per group; two opposed groups. Nominal 1114 N at catalog height.
clavicle_r_protract_G4_disc_0_1,clavicle_r.protract_frame,采购碟簧,spring,1,SCHNORR 001800,,,,0.7 x 12.0 x 12.0,按弹簧型号和装配方向，不按 CAD 色彩选型,parts/clavicle_r_protract_G4_disc_0_1.step,,Two nested discs per group; two opposed groups. Nominal 1114 N at catalog height.
clavicle_r_protract_G4_disc_1_0,clavicle_r.protract_frame,采购碟簧,spring,1,SCHNORR 001800,,,,0.7 x 12.0 x 12.0,按弹簧型号和装配方向，不按 CAD 色彩选型,parts/clavicle_r_protract_G4_disc_1_0.step,,Two nested discs per group; two opposed groups. Nominal 1114 N at catalog height.
clavicle_r_protract_G4_disc_1_1,clavicle_r.protract_frame,采购碟簧,spring,1,SCHNORR 001800,,,,0.7 x 12.0 x 12.0,按弹簧型号和装配方向，不按 CAD 色彩选型,parts/clavicle_r_protract_G4_disc_1_1.step,,Two nested discs per group; two opposed groups. Nominal 1114 N at catalog height.
clavicle_r_protract_G4_spring_lower_washer,clavicle_r.protract_frame,加工金属,spring,1,,,,,0.5 x 13.0 x 13.0,按 STEP 加工并检验配合；复杂框架先反馈 DFM,parts/clavicle_r_protract_G4_spring_lower_washer.step,,
clavicle_r_protract_G4_preload_nut,clavicle_r.protract_frame,加工金属,metal,1,,,,,1.8 x 5.5 x 6.351,按 STEP 加工并检验配合；复杂框架先反馈 DFM,parts/clavicle_r_protract_G4_preload_nut.step,,"M3 thin nut, nominal AF5.5 x1.8; threads onto the continuous threaded tip before magnet cup installation"
clavicle_r_protract_G4_jam_nut,clavicle_r.protract_frame,加工金属,metal,1,,,,,1.8 x 5.5 x 6.351,按 STEP 加工并检验配合；复杂框架先反馈 DFM,parts/clavicle_r_protract_G4_jam_nut.step,,"M3 thin nut, nominal AF5.5 x1.8; threads onto the continuous threaded tip before magnet cup installation"
clavicle_r_protract_G4_removable_D3_magnet_cup,clavicle_r.protract_frame,加工金属,aluminum,1,,,,,8.3 x 11.0 x 11.0,按 STEP 加工并检验配合；复杂框架先反馈 DFM,parts/clavicle_r_protract_G4_removable_D3_magnet_cup.step,,D3 threaded-tip flat transmits only encoder torque; 0.75 mm floor separates shaft and magnet
clavicle_r_protract_G4_cup_M2x5_0,clavicle_r.protract_frame,采购紧固件,brass,1,,M2,5,screw_head_to_drawing,2.0 x 2.0 x 5.0,按螺纹、长度、材料和实际头部包络一起核对,parts/clavicle_r_protract_G4_cup_M2x5_0.step,,"Slotted brass M2x5, 1 mm nominal shaft thread engagement, unloaded magnet extension"
clavicle_r_protract_G4_cup_M2x5_1,clavicle_r.protract_frame,采购紧固件,brass,1,,M2,5,screw_head_to_drawing,2.0 x 2.0 x 5.0,按螺纹、长度、材料和实际头部包络一起核对,parts/clavicle_r_protract_G4_cup_M2x5_1.step,,"Slotted brass M2x5, 1 mm nominal shaft thread engagement, unloaded magnet extension"
clavicle_r_protract_G4_magnet_6x2p5,clavicle_r.protract_frame,采购标准件,magnet,1,AS5000-MD6H-2,,,,2.5 x 6.0 x 6.0,AS5000-MD6H-2 候选，Ø6×2.5 径向充磁，逐件核对磁场,parts/clavicle_r_protract_G4_magnet_6x2p5.step,,
clavicle_r_protract_G4_magnet_keeper,clavicle_r.protract_frame,打印,frame,1,,,,,2.8 x 13.6 x 13.6,PLA 候选，按随件 STL 和切片复核要求,parts/clavicle_r_protract_G4_magnet_keeper.step,print_candidates/clavicle_r_protract_G4_magnet_keeper.stl,1.1 mm radial wall; 0.20 mm radial clearance; 0.8 mm retention face
clavicle_r_protract_G4_keeper_M2x3_0,clavicle_r.protract_frame,采购紧固件,brass,1,,M2,3,screw_head_to_drawing,2.0 x 2.0 x 3.0,按螺纹、长度、材料和实际头部包络一起核对,parts/clavicle_r_protract_G4_keeper_M2x3_0.step,,
clavicle_r_protract_G4_keeper_M2x3_1,clavicle_r.protract_frame,采购紧固件,brass,1,,M2,3,screw_head_to_drawing,2.0 x 2.0 x 3.0,按螺纹、长度、材料和实际头部包络一起核对,parts/clavicle_r_protract_G4_keeper_M2x3_1.step,,
clavicle_r_protract_G4_post_0,chest,加工金属,brass,1,,,,,3.5 x 4.041 x 20.295,按 STEP 加工并检验配合；复杂框架先反馈 DFM,parts/clavicle_r_protract_G4_post_0.step,,Custom M2 male/female spacer; 2.5 mm into reaction plate; clamping does not load PCB
clavicle_r_protract_G4_board_saddle_0,chest,打印,frame,1,,,,,2.0 x 4.0 x 6.4,PLA 候选，按随件 STL 和切片复核要求,parts/clavicle_r_protract_G4_board_saddle_0.step,print_candidates/clavicle_r_protract_G4_board_saddle_0.stl,
clavicle_r_protract_G4_board_cap_0,chest,加工塑料,nylon,1,,,,,0.8 x 4.0 x 6.4,POM-C / 未填充 PEEK / PA12 按材质分别加工；薄件不等同 PLA 打印,parts/clavicle_r_protract_G4_board_cap_0.step,,
clavicle_r_protract_G4_board_M2x6_0,chest,采购紧固件,nylon,1,,M2,6,screw_head_to_drawing,3.8 x 3.8 x 8.0,按螺纹、长度、材料和实际头部包络一起核对,parts/clavicle_r_protract_G4_board_M2x6_0.step,,
clavicle_r_protract_G4_post_1,chest,加工金属,brass,1,,,,,3.5 x 4.041 x 20.295,按 STEP 加工并检验配合；复杂框架先反馈 DFM,parts/clavicle_r_protract_G4_post_1.step,,Custom M2 male/female spacer; 2.5 mm into reaction plate; clamping does not load PCB
clavicle_r_protract_G4_board_saddle_1,chest,打印,frame,1,,,,,2.0 x 4.0 x 6.4,PLA 候选，按随件 STL 和切片复核要求,parts/clavicle_r_protract_G4_board_saddle_1.step,print_candidates/clavicle_r_protract_G4_board_saddle_1.stl,
clavicle_r_protract_G4_board_cap_1,chest,加工塑料,nylon,1,,,,,0.8 x 4.0 x 6.4,POM-C / 未填充 PEEK / PA12 按材质分别加工；薄件不等同 PLA 打印,parts/clavicle_r_protract_G4_board_cap_1.step,,
clavicle_r_protract_G4_board_M2x6_1,chest,采购紧固件,nylon,1,,M2,6,screw_head_to_drawing,3.8 x 3.8 x 8.0,按螺纹、长度、材料和实际头部包络一起核对,parts/clavicle_r_protract_G4_board_M2x6_1.step,,
clavicle_r_protract_G4_pcb_AS5048A,chest,PCBA内含,pcb_component,1,,,,,1.0 x 5.0 x 6.4,按电子板成套，不按机械实体重复采购,parts/clavicle_r_protract_G4_pcb_AS5048A.step,,actual_KiCad_STEP
clavicle_r_protract_G4_pcb_C1,chest,PCBA内含,pcb_component,1,,,,,0.8 x 0.8 x 1.6,按电子板成套，不按机械实体重复采购,parts/clavicle_r_protract_G4_pcb_C1.step,,actual_KiCad_STEP
clavicle_r_protract_G4_pcb_C2,chest,PCBA内含,pcb_component,1,,,,,1.05 x 1.45 x 2.3,按电子板成套，不按机械实体重复采购,parts/clavicle_r_protract_G4_pcb_C2.step,,"Murata GRM219R61E106KA12D 10 uF 25 V X5R, max .95 mm body + .10 mm solder seating allocation"
clavicle_r_protract_G4_pcb_R1,chest,PCBA内含,pcb_component,1,,,,,0.45 x 0.8 x 1.6,按电子板成套，不按机械实体重复采购,parts/clavicle_r_protract_G4_pcb_R1.step,,actual_KiCad_STEP
clavicle_r_protract_G4_pcb_R2,chest,PCBA内含,pcb_component,1,,,,,0.45 x 0.8 x 1.6,按电子板成套，不按机械实体重复采购,parts/clavicle_r_protract_G4_pcb_R2.step,,actual_KiCad_STEP
clavicle_r_protract_G4_pcb_board,chest,PCBA内含,pcb,1,,,,,0.91 x 10.0 x 12.0,按电子板成套，不按机械实体重复采购,parts/clavicle_r_protract_G4_pcb_board.step,,actual_KiCad_STEP
clavicle_r_protract_G4_pcb_J1_dimension_envelope,chest,PCBA内含,pcb_component,1,,,,,3.3 x 9.4 x 9.6,按电子板成套，不按机械实体重复采购,parts/clavicle_r_protract_G4_pcb_J1_dimension_envelope.step,,"JST SM06B-SRSS-TB side-entry SH6, conservative 9.4 x9.6 x3.3 mm mated plug allocation; cable bend remains a separate harness requirement"
clavicle_r_elevate_G4_stepped_D4_shaft,clavicle_r,加工金属,aluminum_7075,1,,,,,9.0 x 9.0 x 53.0,按 STEP 加工并检验配合；复杂框架先反馈 DFM,parts/clavicle_r_elevate_G4_stepped_D4_shaft.step,,"M3x0.5 external thread continuously to Z-15 including magnet-key flat; fully round loaded thread above Z-9.95. Upper D4 key for carriage, M2 end-retention pilot."
clavicle_r_elevate_G4_fixed_reaction_plate,clavicle_r.protract_frame,加工金属,aluminum_7075,1,,,,,7.5 x 28.562 x 30.569,按 STEP 加工并检验配合；复杂框架先反馈 DFM,parts/clavicle_r_elevate_G4_fixed_reaction_plate.step,,"M3 tapped attachment pair at X+/-6,Y outward9; two independent M2 sensor posts; clipped inward boundary Y=-/+5.5; integral positive travel stops"
clavicle_r_elevate_G4_keyed_friction_lining,clavicle_r.protract_frame,加工塑料,peek,1,,,,,0.5 x 24.0 x 24.8,POM-C / 未填充 PEEK / PA12 按材质分别加工；薄件不等同 PLA 打印,parts/clavicle_r_elevate_G4_keyed_friction_lining.step,,"Positive lining tabs; 0.5 mm candidate, friction coefficient untested; unfilled machined PEEK candidate, dry contact; actual torque and creep must be qualified"
clavicle_r_elevate_G4_D4_friction_rotor,clavicle_r,加工金属,aluminum_7075,1,,,,,3.0 x 24.0 x 29.0,按 STEP 加工并检验配合；复杂框架先反馈 DFM,parts/clavicle_r_elevate_G4_D4_friction_rotor.step,,3 mm metal drive face; upper shaft flange carries the axial spring load; integral travel tab reacts directly into bearing frame
clavicle_r_elevate_G4_lower_thrust_washer,clavicle_r.protract_frame,加工金属,bronze,1,,,,,0.5 x 13.0 x 13.0,按 STEP 加工并检验配合；复杂框架先反馈 DFM,parts/clavicle_r_elevate_G4_lower_thrust_washer.step,,0.5 mm CuSn8 plain thrust washer; surface and wear require qualification
clavicle_r_elevate_G4_disc_0_0,clavicle_r,采购碟簧,spring,1,SCHNORR 001800,,,,0.7 x 12.0 x 12.0,按弹簧型号和装配方向，不按 CAD 色彩选型,parts/clavicle_r_elevate_G4_disc_0_0.step,,Two nested discs per group; two opposed groups. Nominal 1114 N at catalog height.
clavicle_r_elevate_G4_disc_0_1,clavicle_r,采购碟簧,spring,1,SCHNORR 001800,,,,0.7 x 12.0 x 12.0,按弹簧型号和装配方向，不按 CAD 色彩选型,parts/clavicle_r_elevate_G4_disc_0_1.step,,Two nested discs per group; two opposed groups. Nominal 1114 N at catalog height.
clavicle_r_elevate_G4_disc_1_0,clavicle_r,采购碟簧,spring,1,SCHNORR 001800,,,,0.7 x 12.0 x 12.0,按弹簧型号和装配方向，不按 CAD 色彩选型,parts/clavicle_r_elevate_G4_disc_1_0.step,,Two nested discs per group; two opposed groups. Nominal 1114 N at catalog height.
clavicle_r_elevate_G4_disc_1_1,clavicle_r,采购碟簧,spring,1,SCHNORR 001800,,,,0.7 x 12.0 x 12.0,按弹簧型号和装配方向，不按 CAD 色彩选型,parts/clavicle_r_elevate_G4_disc_1_1.step,,Two nested discs per group; two opposed groups. Nominal 1114 N at catalog height.
clavicle_r_elevate_G4_spring_lower_washer,clavicle_r,加工金属,spring,1,,,,,0.5 x 13.0 x 13.0,按 STEP 加工并检验配合；复杂框架先反馈 DFM,parts/clavicle_r_elevate_G4_spring_lower_washer.step,,
clavicle_r_elevate_G4_preload_nut,clavicle_r,加工金属,metal,1,,,,,1.8 x 5.5 x 6.351,按 STEP 加工并检验配合；复杂框架先反馈 DFM,parts/clavicle_r_elevate_G4_preload_nut.step,,"M3 thin nut, nominal AF5.5 x1.8; threads onto the continuous threaded tip before magnet cup installation"
clavicle_r_elevate_G4_jam_nut,clavicle_r,加工金属,metal,1,,,,,1.8 x 5.5 x 6.351,按 STEP 加工并检验配合；复杂框架先反馈 DFM,parts/clavicle_r_elevate_G4_jam_nut.step,,"M3 thin nut, nominal AF5.5 x1.8; threads onto the continuous threaded tip before magnet cup installation"
clavicle_r_elevate_G4_removable_D3_magnet_cup,clavicle_r,加工金属,aluminum,1,,,,,8.3 x 11.0 x 11.0,按 STEP 加工并检验配合；复杂框架先反馈 DFM,parts/clavicle_r_elevate_G4_removable_D3_magnet_cup.step,,D3 threaded-tip flat transmits only encoder torque; 0.75 mm floor separates shaft and magnet
clavicle_r_elevate_G4_cup_M2x5_0,clavicle_r,采购紧固件,brass,1,,M2,5,screw_head_to_drawing,2.0 x 2.0 x 5.0,按螺纹、长度、材料和实际头部包络一起核对,parts/clavicle_r_elevate_G4_cup_M2x5_0.step,,"Slotted brass M2x5, 1 mm nominal shaft thread engagement, unloaded magnet extension"
clavicle_r_elevate_G4_cup_M2x5_1,clavicle_r,采购紧固件,brass,1,,M2,5,screw_head_to_drawing,2.0 x 2.0 x 5.0,按螺纹、长度、材料和实际头部包络一起核对,parts/clavicle_r_elevate_G4_cup_M2x5_1.step,,"Slotted brass M2x5, 1 mm nominal shaft thread engagement, unloaded magnet extension"
clavicle_r_elevate_G4_magnet_6x2p5,clavicle_r,采购标准件,magnet,1,AS5000-MD6H-2,,,,2.5 x 6.0 x 6.0,AS5000-MD6H-2 候选，Ø6×2.5 径向充磁，逐件核对磁场,parts/clavicle_r_elevate_G4_magnet_6x2p5.step,,
clavicle_r_elevate_G4_magnet_keeper,clavicle_r,打印,frame,1,,,,,2.8 x 13.6 x 13.6,PLA 候选，按随件 STL 和切片复核要求,parts/clavicle_r_elevate_G4_magnet_keeper.step,print_candidates/clavicle_r_elevate_G4_magnet_keeper.stl,1.1 mm radial wall; 0.20 mm radial clearance; 0.8 mm retention face
clavicle_r_elevate_G4_keeper_M2x3_0,clavicle_r,采购紧固件,brass,1,,M2,3,screw_head_to_drawing,2.0 x 2.0 x 3.0,按螺纹、长度、材料和实际头部包络一起核对,parts/clavicle_r_elevate_G4_keeper_M2x3_0.step,,
clavicle_r_elevate_G4_keeper_M2x3_1,clavicle_r,采购紧固件,brass,1,,M2,3,screw_head_to_drawing,2.0 x 2.0 x 3.0,按螺纹、长度、材料和实际头部包络一起核对,parts/clavicle_r_elevate_G4_keeper_M2x3_1.step,,
clavicle_r_elevate_G4_post_0,clavicle_r.protract_frame,加工金属,brass,1,,,,,3.5 x 4.041 x 20.295,按 STEP 加工并检验配合；复杂框架先反馈 DFM,parts/clavicle_r_elevate_G4_post_0.step,,Custom M2 male/female spacer; 2.5 mm into reaction plate; clamping does not load PCB
clavicle_r_elevate_G4_board_saddle_0,clavicle_r.protract_frame,打印,frame,1,,,,,2.0 x 4.0 x 6.4,PLA 候选，按随件 STL 和切片复核要求,parts/clavicle_r_elevate_G4_board_saddle_0.step,print_candidates/clavicle_r_elevate_G4_board_saddle_0.stl,
clavicle_r_elevate_G4_board_cap_0,clavicle_r.protract_frame,加工塑料,nylon,1,,,,,0.8 x 4.0 x 6.4,POM-C / 未填充 PEEK / PA12 按材质分别加工；薄件不等同 PLA 打印,parts/clavicle_r_elevate_G4_board_cap_0.step,,
clavicle_r_elevate_G4_board_M2x6_0,clavicle_r.protract_frame,采购紧固件,nylon,1,,M2,6,screw_head_to_drawing,3.8 x 3.8 x 8.0,按螺纹、长度、材料和实际头部包络一起核对,parts/clavicle_r_elevate_G4_board_M2x6_0.step,,
clavicle_r_elevate_G4_post_1,clavicle_r.protract_frame,加工金属,brass,1,,,,,3.5 x 4.041 x 20.295,按 STEP 加工并检验配合；复杂框架先反馈 DFM,parts/clavicle_r_elevate_G4_post_1.step,,Custom M2 male/female spacer; 2.5 mm into reaction plate; clamping does not load PCB
clavicle_r_elevate_G4_board_saddle_1,clavicle_r.protract_frame,打印,frame,1,,,,,2.0 x 4.0 x 6.4,PLA 候选，按随件 STL 和切片复核要求,parts/clavicle_r_elevate_G4_board_saddle_1.step,print_candidates/clavicle_r_elevate_G4_board_saddle_1.stl,
clavicle_r_elevate_G4_board_cap_1,clavicle_r.protract_frame,加工塑料,nylon,1,,,,,0.8 x 4.0 x 6.4,POM-C / 未填充 PEEK / PA12 按材质分别加工；薄件不等同 PLA 打印,parts/clavicle_r_elevate_G4_board_cap_1.step,,
clavicle_r_elevate_G4_board_M2x6_1,clavicle_r.protract_frame,采购紧固件,nylon,1,,M2,6,screw_head_to_drawing,3.8 x 3.8 x 8.0,按螺纹、长度、材料和实际头部包络一起核对,parts/clavicle_r_elevate_G4_board_M2x6_1.step,,
clavicle_r_elevate_G4_pcb_AS5048A,clavicle_r.protract_frame,PCBA内含,pcb_component,1,,,,,1.0 x 5.0 x 6.4,按电子板成套，不按机械实体重复采购,parts/clavicle_r_elevate_G4_pcb_AS5048A.step,,actual_KiCad_STEP
clavicle_r_elevate_G4_pcb_C1,clavicle_r.protract_frame,PCBA内含,pcb_component,1,,,,,0.8 x 0.8 x 1.6,按电子板成套，不按机械实体重复采购,parts/clavicle_r_elevate_G4_pcb_C1.step,,actual_KiCad_STEP
clavicle_r_elevate_G4_pcb_C2,clavicle_r.protract_frame,PCBA内含,pcb_component,1,,,,,1.05 x 1.45 x 2.3,按电子板成套，不按机械实体重复采购,parts/clavicle_r_elevate_G4_pcb_C2.step,,"Murata GRM219R61E106KA12D 10 uF 25 V X5R, max .95 mm body + .10 mm solder seating allocation"
clavicle_r_elevate_G4_pcb_R1,clavicle_r.protract_frame,PCBA内含,pcb_component,1,,,,,0.45 x 0.8 x 1.6,按电子板成套，不按机械实体重复采购,parts/clavicle_r_elevate_G4_pcb_R1.step,,actual_KiCad_STEP
clavicle_r_elevate_G4_pcb_R2,clavicle_r.protract_frame,PCBA内含,pcb_component,1,,,,,0.45 x 0.8 x 1.6,按电子板成套，不按机械实体重复采购,parts/clavicle_r_elevate_G4_pcb_R2.step,,actual_KiCad_STEP
clavicle_r_elevate_G4_pcb_board,clavicle_r.protract_frame,PCBA内含,pcb,1,,,,,0.91 x 10.0 x 12.0,按电子板成套，不按机械实体重复采购,parts/clavicle_r_elevate_G4_pcb_board.step,,actual_KiCad_STEP
clavicle_r_elevate_G4_pcb_J1_dimension_envelope,clavicle_r.protract_frame,PCBA内含,pcb_component,1,,,,,3.3 x 9.4 x 9.6,按电子板成套，不按机械实体重复采购,parts/clavicle_r_elevate_G4_pcb_J1_dimension_envelope.step,,"JST SM06B-SRSS-TB side-entry SH6, conservative 9.4 x9.6 x3.3 mm mated plug allocation; cable bend remains a separate harness requirement"
clavicle_r_elevate_G4_fixed_mount_M3x6_0,clavicle_r.protract_frame,采购紧固件,metal,1,,M3,6,screw_head_to_drawing,5.5 x 5.5 x 9.0,按螺纹、长度、材料和实际头部包络一起核对,parts/clavicle_r_elevate_G4_fixed_mount_M3x6_0.step,,"M3x6 into metal cartridge plate; nominal 1.95 mm engagement, spring preload closed inside cartridge"
clavicle_r_elevate_G4_fixed_mount_M3x6_1,clavicle_r.protract_frame,采购紧固件,metal,1,,M3,6,screw_head_to_drawing,5.5 x 5.5 x 9.0,按螺纹、长度、材料和实际头部包络一起核对,parts/clavicle_r_elevate_G4_fixed_mount_M3x6_1.step,,"M3x6 into metal cartridge plate; nominal 1.95 mm engagement, spring preload closed inside cartridge"
clavicle_r_protract_G4_carriage_retention_washer,clavicle_r.protract_frame,加工金属,brass,1,,,,,0.3 x 8.0 x 8.0,按 STEP 加工并检验配合；复杂框架先反馈 DFM,parts/clavicle_r_protract_G4_carriage_retention_washer.step,,"0.30 mm metal end washer; retains carriage, not spring preload"
clavicle_r_protract_G4_carriage_M2x4,clavicle_r.protract_frame,采购紧固件,brass,1,,M2,4,screw_head_to_drawing,3.8 x 3.8 x 6.0,按螺纹、长度、材料和实际头部包络一起核对,parts/clavicle_r_protract_G4_carriage_M2x4.step,,M2x4 into shaft end; nominal 3.7 mm engagement; accessible from above before adjacent carriage
clavicle_r_protract_G4_fixed_mount_M3x6_0,chest,采购紧固件,metal,1,,M3,6,screw_head_to_drawing,5.5 x 5.5 x 9.0,按螺纹、长度、材料和实际头部包络一起核对,parts/clavicle_r_protract_G4_fixed_mount_M3x6_0.step,,"M3x6 into metal cartridge plate; nominal 1.95 mm engagement, spring preload closed inside cartridge"
clavicle_r_protract_G4_fixed_mount_M3x6_1,chest,采购紧固件,metal,1,,M3,6,screw_head_to_drawing,5.5 x 5.5 x 9.0,按螺纹、长度、材料和实际头部包络一起核对,parts/clavicle_r_protract_G4_fixed_mount_M3x6_1.step,,"M3x6 into metal cartridge plate; nominal 1.95 mm engagement, spring preload closed inside cartridge"
clavicle_r_elevate_G4_hub_M2x6,clavicle_r,采购紧固件,brass,1,,M2,6,screw_head_to_drawing,2.0 x 2.0 x 6.0,按螺纹、长度、材料和实际头部包络一起核对,parts/clavicle_r_elevate_G4_hub_M2x6.step,,"Slotted M2x6 from top of hub into shaft, nominal 1.5 mm engagement"
head_yaw_T4_rotor_face,head.yaw_frame,加工金属,aluminum_7075,1,,,,,2.8 x 18.584 x 18.584,按 STEP 加工并检验配合；复杂框架先反馈 DFM,parts/head_yaw_T4_rotor_face.step,,Positive D4 drive; axial spring force reacts into the fixed metal shoulder seat; integral travel tab reacts directly into bearing frame
head_yaw_T4_lining,chest,加工塑料,peek,1,,,,,1.0 x 18.0 x 19.4,POM-C / 未填充 PEEK / PA12 按材质分别加工；薄件不等同 PLA 打印,parts/head_yaw_T4_lining.step,,"; unfilled machined PEEK candidate, dry contact; actual torque and creep must be qualified"
head_yaw_T4_sensor_integral_magnet_shaft,head.yaw_frame,加工金属,aluminum_7075,1,,,,,10.6 x 10.6 x 33.0,按 STEP 加工并检验配合；复杂框架先反馈 DFM,parts/head_yaw_T4_sensor_integral_magnet_shaft.step,,"D4 arm drive and friction rotor drive; side-assembled keyed groove on Z -17.626..-16.426, D3 / flat 1.1; no inaccessible end nut; integral magnet cup and metal thrust shoulder"
head_yaw_T4_sensor_diametric_magnet_6x2p5,head.yaw_frame,采购标准件,magnet,1,AS5000-MD6H-2,,,,2.5 x 6.0 x 6.0,AS5000-MD6H-2 候选，Ø6×2.5 径向充磁，逐件核对磁场,parts/head_yaw_T4_sensor_diametric_magnet_6x2p5.step,,6 x 2.5 diametric magnet; 0.1 mm radial adhesive allowance; grade and field not qualified
head_yaw_T4_sensor_magnet_keeper,head.yaw_frame,打印,frame,1,,,,,2.6 x 13.0 x 13.0,PLA 候选，按随件 STL 和切片复核要求,parts/head_yaw_T4_sensor_magnet_keeper.step,print_candidates/head_yaw_T4_sensor_magnet_keeper.stl,"Removable rigid cover retains outer 0.5 mm of magnet face; 0.6 mm cover, radial brass screw attachment; print durability pending"
head_yaw_T4_sensor_keeper_set_M2x3_0,head.yaw_frame,采购紧固件,brass,1,,M2,3,set_screw,2.0 x 2.0 x 3.0,按螺纹、长度、材料和实际头部包络一起核对,parts/head_yaw_T4_sensor_keeper_set_M2x3_0.step,,Nominal slotted brass M2x3 set screw; exact purchased part and slot specification pending
head_yaw_T4_sensor_keeper_set_M2x3_1,head.yaw_frame,采购紧固件,brass,1,,M2,3,set_screw,2.0 x 2.0 x 3.0,按螺纹、长度、材料和实际头部包络一起核对,parts/head_yaw_T4_sensor_keeper_set_M2x3_1.step,,Nominal slotted brass M2x3 set screw; exact purchased part and slot specification pending
head_yaw_T4_sensor_pcb_AS5048A,chest,PCBA内含,pcb_component,1,,,,,1.0 x 5.0 x 6.4,按电子板成套，不按机械实体重复采购,parts/head_yaw_T4_sensor_pcb_AS5048A.step,,actual_KiCad_STEP
head_yaw_T4_sensor_pcb_C1,chest,PCBA内含,pcb_component,1,,,,,0.8 x 0.8 x 1.6,按电子板成套，不按机械实体重复采购,parts/head_yaw_T4_sensor_pcb_C1.step,,actual_KiCad_STEP
head_yaw_T4_sensor_pcb_C2,chest,PCBA内含,pcb_component,1,,,,,1.05 x 1.45 x 2.3,按电子板成套，不按机械实体重复采购,parts/head_yaw_T4_sensor_pcb_C2.step,,"Murata GRM219R61E106KA12D 10 uF 25 V X5R, max .95 mm body + .10 mm solder seating allocation"
head_yaw_T4_sensor_pcb_R1,chest,PCBA内含,pcb_component,1,,,,,0.45 x 0.8 x 1.6,按电子板成套，不按机械实体重复采购,parts/head_yaw_T4_sensor_pcb_R1.step,,actual_KiCad_STEP
head_yaw_T4_sensor_pcb_R2,chest,PCBA内含,pcb_component,1,,,,,0.45 x 0.8 x 1.6,按电子板成套，不按机械实体重复采购,parts/head_yaw_T4_sensor_pcb_R2.step,,actual_KiCad_STEP
head_yaw_T4_sensor_pcb_board,chest,PCBA内含,pcb,1,,,,,0.91 x 10.0 x 12.0,按电子板成套，不按机械实体重复采购,parts/head_yaw_T4_sensor_pcb_board.step,,actual_KiCad_STEP
head_yaw_T4_sensor_pcb_J1_dimension_envelope,chest,PCBA内含,pcb_component,1,,,,,3.3 x 9.4 x 9.6,按电子板成套，不按机械实体重复采购,parts/head_yaw_T4_sensor_pcb_J1_dimension_envelope.step,,"JST SM06B-SRSS-TB side-entry SH6, conservative 9.4 x9.6 x3.3 mm mated plug allocation; cable bend remains a separate harness requirement"
head_yaw_T4_sensor_board_seat_saddle_0,chest,打印,frame,1,,,,,1.8 x 4.0 x 4.25,PLA 候选，按随件 STL 和切片复核要求,parts/head_yaw_T4_sensor_board_seat_saddle_0.step,print_candidates/head_yaw_T4_sensor_board_seat_saddle_0.stl,"Separate L saddle installed after complete magnet shaft; locating wall at +/-6.1, nominal 1.0 mm board slot; never fuse to base posts"
head_yaw_T4_sensor_board_seat_saddle_1,chest,打印,frame,1,,,,,1.8 x 4.0 x 4.25,PLA 候选，按随件 STL 和切片复核要求,parts/head_yaw_T4_sensor_board_seat_saddle_1.step,print_candidates/head_yaw_T4_sensor_board_seat_saddle_1.stl,"Separate L saddle installed after complete magnet shaft; locating wall at +/-6.1, nominal 1.0 mm board slot; never fuse to base posts"
head_yaw_T4_sensor_board_edge_cap_0,chest,加工塑料,nylon,1,,,,,0.8 x 4.0 x 4.25,POM-C / 未填充 PEEK / PA12 按材质分别加工；薄件不等同 PLA 打印,parts/head_yaw_T4_sensor_board_edge_cap_0.step,,Removable insulating edge retainer; nominal 1.0 mm board stack; STEP FR4 body is 0.91 mm excluding copper/model offsets; fit requires physical verification
head_yaw_T4_sensor_board_cap_M2x6_0,chest,采购紧固件,nylon,1,,M2,6,screw_head_to_drawing,3.5 x 3.5 x 7.4,按螺纹、长度、材料和实际头部包络一起核对,parts/head_yaw_T4_sensor_board_cap_M2x6_0.step,,"Nominal nylon M2x6 into replaceable printed support; 3.4 mm engagement, creep and repeated assembly unqualified"
head_yaw_T4_sensor_board_edge_cap_1,chest,加工塑料,nylon,1,,,,,0.8 x 4.0 x 4.25,POM-C / 未填充 PEEK / PA12 按材质分别加工；薄件不等同 PLA 打印,parts/head_yaw_T4_sensor_board_edge_cap_1.step,,Removable insulating edge retainer; nominal 1.0 mm board stack; STEP FR4 body is 0.91 mm excluding copper/model offsets; fit requires physical verification
head_yaw_T4_sensor_board_cap_M2x6_1,chest,采购紧固件,nylon,1,,M2,6,screw_head_to_drawing,3.5 x 3.5 x 7.4,按螺纹、长度、材料和实际头部包络一起核对,parts/head_yaw_T4_sensor_board_cap_M2x6_1.step,,"Nominal nylon M2x6 into replaceable printed support; 3.4 mm engagement, creep and repeated assembly unqualified"
head_yaw_T4_M_upper_thrust_shim,chest,加工金属,bronze,1,,,,,0.2 x 10.6 x 10.6,按 STEP 加工并检验配合；复杂框架先反馈 DFM,parts/head_yaw_T4_M_upper_thrust_shim.step,,"0.20 mm CuSn8 thrust shim candidate; metal frame at 5.5, shaft shoulder at 5.7; flatness, wear and supplier process pending"
head_yaw_T4_M_spring_upper_washer,head.yaw_frame,加工金属,spring,1,,,,,1.0 x 11.0 x 11.0,按 STEP 加工并检验配合；复杂框架先反馈 DFM,parts/head_yaw_T4_M_spring_upper_washer.step,,Ground steel washer; spring load kept away from arm coupling
head_yaw_T4_M_disc_spring_0,head.yaw_frame,采购碟簧,spring,1,SCHNORR 001200,,,,0.563 x 10.0 x 10.0,按弹簧型号和装配方向，不按 CAD 色彩选型,parts/head_yaw_T4_M_disc_spring_0.step,,"SCHNORR 001200 opposed pair in series; 294 N nominal at 0.563 mm each, needs physical adjustment"
head_yaw_T4_M_disc_spring_1,head.yaw_frame,采购碟簧,spring,1,SCHNORR 001200,,,,0.563 x 10.0 x 10.0,按弹簧型号和装配方向，不按 CAD 色彩选型,parts/head_yaw_T4_M_disc_spring_1.step,,"SCHNORR 001200 opposed pair in series; 294 N nominal at 0.563 mm each, needs physical adjustment"
head_yaw_T4_M_spring_lower_washer,head.yaw_frame,加工金属,spring,1,,,,,0.5 x 11.0 x 11.0,按 STEP 加工并检验配合；复杂框架先反馈 DFM,parts/head_yaw_T4_M_spring_lower_washer.step,,Ground steel spring washer
head_yaw_T4_M_split_stop_collar_left,head.yaw_frame,加工金属,aluminum_7075,1,,,,,3.0 x 5.9 x 13.0,按 STEP 加工并检验配合；复杂框架先反馈 DFM,parts/head_yaw_T4_M_split_stop_collar_left.step,,Radial assembly into positive D3 groove; 1.1 mm axial lip; stop geometry sets nominal spring stack
head_yaw_T4_M_split_stop_collar_right,head.yaw_frame,加工金属,aluminum_7075,1,,,,,3.0 x 5.9 x 13.0,按 STEP 加工并检验配合；复杂框架先反馈 DFM,parts/head_yaw_T4_M_split_stop_collar_right.step,,Second collar half; 0.20 mm split; M2 screws join the halves without relying on friction for axial retention
head_yaw_T4_M_collar_M2x8_0,head.yaw_frame,采购紧固件,brass,1,,M2,8,screw_head_to_drawing,3.8 x 3.8 x 10.0,按螺纹、长度、材料和实际头部包络一起核对,parts/head_yaw_T4_M_collar_M2x8_0.step,,M2x8 into tapped left collar half; 2.9 mm nominal engagement; install before arm carrier
head_yaw_T4_M_collar_M2x8_1,head.yaw_frame,采购紧固件,brass,1,,M2,8,screw_head_to_drawing,3.8 x 3.8 x 10.0,按螺纹、长度、材料和实际头部包络一起核对,parts/head_yaw_T4_M_collar_M2x8_1.step,,M2x8 into tapped left collar half; 2.9 mm nominal engagement; install before arm carrier
head_yaw_T4_flanged_POM_bush,chest,加工塑料,pom,1,,,,,7.4 x 7.4 x 13.8,POM-C / 未填充 PEEK / PA12 按材质分别加工；薄件不等同 PLA 打印,parts/head_yaw_T4_flanged_POM_bush.step,,"D6 nominal radial sleeve, D4.06 running bore, D7.4 x0.8 flange; nominal dimensions require fit qualification"
head_yaw_T4_socket_M2x3,head.yaw_frame,采购紧固件,brass,1,,M2,3,screw_head_to_drawing,2.0 x 2.0 x 3.0,按螺纹、长度、材料和实际头部包络一起核对,parts/head_yaw_T4_socket_M2x3.step,,Flush slotted M2x3 radial retainer; D face carries torque
head_pitch_T4_rotor_face,head.pitch_frame,加工金属,aluminum_7075,1,,,,,2.8 x 18.0 x 21.0,按 STEP 加工并检验配合；复杂框架先反馈 DFM,parts/head_pitch_T4_rotor_face.step,,Positive D4 drive; axial spring force reacts into the fixed metal shoulder seat; integral travel tab reacts directly into bearing frame
head_pitch_T4_lining,head.yaw_frame,加工塑料,peek,1,,,,,1.0 x 18.0 x 19.4,POM-C / 未填充 PEEK / PA12 按材质分别加工；薄件不等同 PLA 打印,parts/head_pitch_T4_lining.step,,"; unfilled machined PEEK candidate, dry contact; actual torque and creep must be qualified"
head_pitch_T4_sensor_integral_magnet_shaft,head.pitch_frame,加工金属,aluminum_7075,1,,,,,10.6 x 10.6 x 33.0,按 STEP 加工并检验配合；复杂框架先反馈 DFM,parts/head_pitch_T4_sensor_integral_magnet_shaft.step,,"D4 arm drive and friction rotor drive; side-assembled keyed groove on Z -17.626..-16.426, D3 / flat 1.1; no inaccessible end nut; integral magnet cup and metal thrust shoulder"
head_pitch_T4_sensor_diametric_magnet_6x2p5,head.pitch_frame,采购标准件,magnet,1,AS5000-MD6H-2,,,,2.5 x 6.0 x 6.0,AS5000-MD6H-2 候选，Ø6×2.5 径向充磁，逐件核对磁场,parts/head_pitch_T4_sensor_diametric_magnet_6x2p5.step,,6 x 2.5 diametric magnet; 0.1 mm radial adhesive allowance; grade and field not qualified
head_pitch_T4_sensor_magnet_keeper,head.pitch_frame,打印,frame,1,,,,,2.6 x 13.0 x 13.0,PLA 候选，按随件 STL 和切片复核要求,parts/head_pitch_T4_sensor_magnet_keeper.step,print_candidates/head_pitch_T4_sensor_magnet_keeper.stl,"Removable rigid cover retains outer 0.5 mm of magnet face; 0.6 mm cover, radial brass screw attachment; print durability pending"
head_pitch_T4_sensor_keeper_set_M2x3_0,head.pitch_frame,采购紧固件,brass,1,,M2,3,set_screw,2.0 x 2.0 x 3.0,按螺纹、长度、材料和实际头部包络一起核对,parts/head_pitch_T4_sensor_keeper_set_M2x3_0.step,,Nominal slotted brass M2x3 set screw; exact purchased part and slot specification pending
head_pitch_T4_sensor_keeper_set_M2x3_1,head.pitch_frame,采购紧固件,brass,1,,M2,3,set_screw,2.0 x 2.0 x 3.0,按螺纹、长度、材料和实际头部包络一起核对,parts/head_pitch_T4_sensor_keeper_set_M2x3_1.step,,Nominal slotted brass M2x3 set screw; exact purchased part and slot specification pending
head_pitch_T4_sensor_pcb_AS5048A,head.yaw_frame,PCBA内含,pcb_component,1,,,,,1.0 x 5.0 x 6.4,按电子板成套，不按机械实体重复采购,parts/head_pitch_T4_sensor_pcb_AS5048A.step,,actual_KiCad_STEP
head_pitch_T4_sensor_pcb_C1,head.yaw_frame,PCBA内含,pcb_component,1,,,,,0.8 x 0.8 x 1.6,按电子板成套，不按机械实体重复采购,parts/head_pitch_T4_sensor_pcb_C1.step,,actual_KiCad_STEP
head_pitch_T4_sensor_pcb_C2,head.yaw_frame,PCBA内含,pcb_component,1,,,,,1.05 x 1.45 x 2.3,按电子板成套，不按机械实体重复采购,parts/head_pitch_T4_sensor_pcb_C2.step,,"Murata GRM219R61E106KA12D 10 uF 25 V X5R, max .95 mm body + .10 mm solder seating allocation"
head_pitch_T4_sensor_pcb_R1,head.yaw_frame,PCBA内含,pcb_component,1,,,,,0.45 x 0.8 x 1.6,按电子板成套，不按机械实体重复采购,parts/head_pitch_T4_sensor_pcb_R1.step,,actual_KiCad_STEP
head_pitch_T4_sensor_pcb_R2,head.yaw_frame,PCBA内含,pcb_component,1,,,,,0.45 x 0.8 x 1.6,按电子板成套，不按机械实体重复采购,parts/head_pitch_T4_sensor_pcb_R2.step,,actual_KiCad_STEP
head_pitch_T4_sensor_pcb_board,head.yaw_frame,PCBA内含,pcb,1,,,,,0.91 x 10.0 x 12.0,按电子板成套，不按机械实体重复采购,parts/head_pitch_T4_sensor_pcb_board.step,,actual_KiCad_STEP
head_pitch_T4_sensor_pcb_J1_dimension_envelope,head.yaw_frame,PCBA内含,pcb_component,1,,,,,3.3 x 9.4 x 9.6,按电子板成套，不按机械实体重复采购,parts/head_pitch_T4_sensor_pcb_J1_dimension_envelope.step,,"JST SM06B-SRSS-TB side-entry SH6, conservative 9.4 x9.6 x3.3 mm mated plug allocation; cable bend remains a separate harness requirement"
head_pitch_T4_sensor_board_seat_saddle_0,head.yaw_frame,打印,frame,1,,,,,1.8 x 4.0 x 4.25,PLA 候选，按随件 STL 和切片复核要求,parts/head_pitch_T4_sensor_board_seat_saddle_0.step,print_candidates/head_pitch_T4_sensor_board_seat_saddle_0.stl,"Separate L saddle installed after complete magnet shaft; locating wall at +/-6.1, nominal 1.0 mm board slot; never fuse to base posts"
head_pitch_T4_sensor_board_seat_saddle_1,head.yaw_frame,打印,frame,1,,,,,1.8 x 4.0 x 4.25,PLA 候选，按随件 STL 和切片复核要求,parts/head_pitch_T4_sensor_board_seat_saddle_1.step,print_candidates/head_pitch_T4_sensor_board_seat_saddle_1.stl,"Separate L saddle installed after complete magnet shaft; locating wall at +/-6.1, nominal 1.0 mm board slot; never fuse to base posts"
head_pitch_T4_sensor_board_edge_cap_0,head.yaw_frame,加工塑料,nylon,1,,,,,0.8 x 4.0 x 4.25,POM-C / 未填充 PEEK / PA12 按材质分别加工；薄件不等同 PLA 打印,parts/head_pitch_T4_sensor_board_edge_cap_0.step,,Removable insulating edge retainer; nominal 1.0 mm board stack; STEP FR4 body is 0.91 mm excluding copper/model offsets; fit requires physical verification
head_pitch_T4_sensor_board_cap_M2x6_0,head.yaw_frame,采购紧固件,nylon,1,,M2,6,screw_head_to_drawing,3.5 x 3.5 x 7.4,按螺纹、长度、材料和实际头部包络一起核对,parts/head_pitch_T4_sensor_board_cap_M2x6_0.step,,"Nominal nylon M2x6 into replaceable printed support; 3.4 mm engagement, creep and repeated assembly unqualified"
head_pitch_T4_sensor_board_edge_cap_1,head.yaw_frame,加工塑料,nylon,1,,,,,0.8 x 4.0 x 4.25,POM-C / 未填充 PEEK / PA12 按材质分别加工；薄件不等同 PLA 打印,parts/head_pitch_T4_sensor_board_edge_cap_1.step,,Removable insulating edge retainer; nominal 1.0 mm board stack; STEP FR4 body is 0.91 mm excluding copper/model offsets; fit requires physical verification
head_pitch_T4_sensor_board_cap_M2x6_1,head.yaw_frame,采购紧固件,nylon,1,,M2,6,screw_head_to_drawing,3.5 x 3.5 x 7.4,按螺纹、长度、材料和实际头部包络一起核对,parts/head_pitch_T4_sensor_board_cap_M2x6_1.step,,"Nominal nylon M2x6 into replaceable printed support; 3.4 mm engagement, creep and repeated assembly unqualified"
head_pitch_T4_M_upper_thrust_shim,head.yaw_frame,加工金属,bronze,1,,,,,0.2 x 10.6 x 10.6,按 STEP 加工并检验配合；复杂框架先反馈 DFM,parts/head_pitch_T4_M_upper_thrust_shim.step,,"0.20 mm CuSn8 thrust shim candidate; metal frame at 5.5, shaft shoulder at 5.7; flatness, wear and supplier process pending"
head_pitch_T4_M_spring_upper_washer,head.pitch_frame,加工金属,spring,1,,,,,1.0 x 11.0 x 11.0,按 STEP 加工并检验配合；复杂框架先反馈 DFM,parts/head_pitch_T4_M_spring_upper_washer.step,,Ground steel washer; spring load kept away from arm coupling
head_pitch_T4_M_disc_spring_0,head.pitch_frame,采购碟簧,spring,1,SCHNORR 001200,,,,0.563 x 10.0 x 10.0,按弹簧型号和装配方向，不按 CAD 色彩选型,parts/head_pitch_T4_M_disc_spring_0.step,,"SCHNORR 001200 opposed pair in series; 294 N nominal at 0.563 mm each, needs physical adjustment"
head_pitch_T4_M_disc_spring_1,head.pitch_frame,采购碟簧,spring,1,SCHNORR 001200,,,,0.563 x 10.0 x 10.0,按弹簧型号和装配方向，不按 CAD 色彩选型,parts/head_pitch_T4_M_disc_spring_1.step,,"SCHNORR 001200 opposed pair in series; 294 N nominal at 0.563 mm each, needs physical adjustment"
head_pitch_T4_M_spring_lower_washer,head.pitch_frame,加工金属,spring,1,,,,,0.5 x 11.0 x 11.0,按 STEP 加工并检验配合；复杂框架先反馈 DFM,parts/head_pitch_T4_M_spring_lower_washer.step,,Ground steel spring washer
head_pitch_T4_M_split_stop_collar_left,head.pitch_frame,加工金属,aluminum_7075,1,,,,,3.0 x 5.9 x 13.0,按 STEP 加工并检验配合；复杂框架先反馈 DFM,parts/head_pitch_T4_M_split_stop_collar_left.step,,Radial assembly into positive D3 groove; 1.1 mm axial lip; stop geometry sets nominal spring stack
head_pitch_T4_M_split_stop_collar_right,head.pitch_frame,加工金属,aluminum_7075,1,,,,,3.0 x 5.9 x 13.0,按 STEP 加工并检验配合；复杂框架先反馈 DFM,parts/head_pitch_T4_M_split_stop_collar_right.step,,Second collar half; 0.20 mm split; M2 screws join the halves without relying on friction for axial retention
head_pitch_T4_M_collar_M2x8_0,head.pitch_frame,采购紧固件,brass,1,,M2,8,screw_head_to_drawing,3.8 x 3.8 x 10.0,按螺纹、长度、材料和实际头部包络一起核对,parts/head_pitch_T4_M_collar_M2x8_0.step,,M2x8 into tapped left collar half; 2.9 mm nominal engagement; install before arm carrier
head_pitch_T4_M_collar_M2x8_1,head.pitch_frame,采购紧固件,brass,1,,M2,8,screw_head_to_drawing,3.8 x 3.8 x 10.0,按螺纹、长度、材料和实际头部包络一起核对,parts/head_pitch_T4_M_collar_M2x8_1.step,,M2x8 into tapped left collar half; 2.9 mm nominal engagement; install before arm carrier
head_pitch_T4_flanged_POM_bush,head.yaw_frame,加工塑料,pom,1,,,,,7.4 x 7.4 x 13.8,POM-C / 未填充 PEEK / PA12 按材质分别加工；薄件不等同 PLA 打印,parts/head_pitch_T4_flanged_POM_bush.step,,"D6 nominal radial sleeve, D4.06 running bore, D7.4 x0.8 flange; nominal dimensions require fit qualification"
head_pitch_T4_socket_M2x3,head.pitch_frame,采购紧固件,brass,1,,M2,3,screw_head_to_drawing,2.0 x 2.0 x 3.0,按螺纹、长度、材料和实际头部包络一起核对,parts/head_pitch_T4_socket_M2x3.step,,Flush slotted M2x3 radial retainer; D face carries torque
head_roll_T4_rotor_face,head,加工金属,aluminum_7075,1,,,,,2.8 x 18.0 x 21.0,按 STEP 加工并检验配合；复杂框架先反馈 DFM,parts/head_roll_T4_rotor_face.step,,Positive D4 drive; axial spring force reacts into the fixed metal shoulder seat; integral travel tab reacts directly into bearing frame
head_roll_T4_lining,head.pitch_frame,加工塑料,peek,1,,,,,1.0 x 18.0 x 19.4,POM-C / 未填充 PEEK / PA12 按材质分别加工；薄件不等同 PLA 打印,parts/head_roll_T4_lining.step,,"; unfilled machined PEEK candidate, dry contact; actual torque and creep must be qualified"
head_roll_T4_sensor_integral_magnet_shaft,head,加工金属,aluminum_7075,1,,,,,10.6 x 10.6 x 33.0,按 STEP 加工并检验配合；复杂框架先反馈 DFM,parts/head_roll_T4_sensor_integral_magnet_shaft.step,,"D4 arm drive and friction rotor drive; side-assembled keyed groove on Z -17.626..-16.426, D3 / flat 1.1; no inaccessible end nut; integral magnet cup and metal thrust shoulder"
head_roll_T4_sensor_diametric_magnet_6x2p5,head,采购标准件,magnet,1,AS5000-MD6H-2,,,,2.5 x 6.0 x 6.0,AS5000-MD6H-2 候选，Ø6×2.5 径向充磁，逐件核对磁场,parts/head_roll_T4_sensor_diametric_magnet_6x2p5.step,,6 x 2.5 diametric magnet; 0.1 mm radial adhesive allowance; grade and field not qualified
head_roll_T4_sensor_magnet_keeper,head,打印,frame,1,,,,,2.6 x 13.0 x 13.0,PLA 候选，按随件 STL 和切片复核要求,parts/head_roll_T4_sensor_magnet_keeper.step,print_candidates/head_roll_T4_sensor_magnet_keeper.stl,"Removable rigid cover retains outer 0.5 mm of magnet face; 0.6 mm cover, radial brass screw attachment; print durability pending"
head_roll_T4_sensor_keeper_set_M2x3_0,head,采购紧固件,brass,1,,M2,3,set_screw,2.0 x 2.0 x 3.0,按螺纹、长度、材料和实际头部包络一起核对,parts/head_roll_T4_sensor_keeper_set_M2x3_0.step,,Nominal slotted brass M2x3 set screw; exact purchased part and slot specification pending
head_roll_T4_sensor_keeper_set_M2x3_1,head,采购紧固件,brass,1,,M2,3,set_screw,2.0 x 2.0 x 3.0,按螺纹、长度、材料和实际头部包络一起核对,parts/head_roll_T4_sensor_keeper_set_M2x3_1.step,,Nominal slotted brass M2x3 set screw; exact purchased part and slot specification pending
head_roll_T4_sensor_pcb_AS5048A,head.pitch_frame,PCBA内含,pcb_component,1,,,,,1.0 x 5.0 x 6.4,按电子板成套，不按机械实体重复采购,parts/head_roll_T4_sensor_pcb_AS5048A.step,,actual_KiCad_STEP
head_roll_T4_sensor_pcb_C1,head.pitch_frame,PCBA内含,pcb_component,1,,,,,0.8 x 0.8 x 1.6,按电子板成套，不按机械实体重复采购,parts/head_roll_T4_sensor_pcb_C1.step,,actual_KiCad_STEP
head_roll_T4_sensor_pcb_C2,head.pitch_frame,PCBA内含,pcb_component,1,,,,,1.05 x 1.45 x 2.3,按电子板成套，不按机械实体重复采购,parts/head_roll_T4_sensor_pcb_C2.step,,"Murata GRM219R61E106KA12D 10 uF 25 V X5R, max .95 mm body + .10 mm solder seating allocation"
head_roll_T4_sensor_pcb_R1,head.pitch_frame,PCBA内含,pcb_component,1,,,,,0.45 x 0.8 x 1.6,按电子板成套，不按机械实体重复采购,parts/head_roll_T4_sensor_pcb_R1.step,,actual_KiCad_STEP
head_roll_T4_sensor_pcb_R2,head.pitch_frame,PCBA内含,pcb_component,1,,,,,0.45 x 0.8 x 1.6,按电子板成套，不按机械实体重复采购,parts/head_roll_T4_sensor_pcb_R2.step,,actual_KiCad_STEP
head_roll_T4_sensor_pcb_board,head.pitch_frame,PCBA内含,pcb,1,,,,,0.91 x 10.0 x 12.0,按电子板成套，不按机械实体重复采购,parts/head_roll_T4_sensor_pcb_board.step,,actual_KiCad_STEP
head_roll_T4_sensor_pcb_J1_dimension_envelope,head.pitch_frame,PCBA内含,pcb_component,1,,,,,3.3 x 9.4 x 9.6,按电子板成套，不按机械实体重复采购,parts/head_roll_T4_sensor_pcb_J1_dimension_envelope.step,,"JST SM06B-SRSS-TB side-entry SH6, conservative 9.4 x9.6 x3.3 mm mated plug allocation; cable bend remains a separate harness requirement"
head_roll_T4_sensor_board_seat_saddle_0,head.pitch_frame,打印,frame,1,,,,,1.8 x 4.0 x 4.25,PLA 候选，按随件 STL 和切片复核要求,parts/head_roll_T4_sensor_board_seat_saddle_0.step,print_candidates/head_roll_T4_sensor_board_seat_saddle_0.stl,"Separate L saddle installed after complete magnet shaft; locating wall at +/-6.1, nominal 1.0 mm board slot; never fuse to base posts"
head_roll_T4_sensor_board_seat_saddle_1,head.pitch_frame,打印,frame,1,,,,,1.8 x 4.0 x 4.25,PLA 候选，按随件 STL 和切片复核要求,parts/head_roll_T4_sensor_board_seat_saddle_1.step,print_candidates/head_roll_T4_sensor_board_seat_saddle_1.stl,"Separate L saddle installed after complete magnet shaft; locating wall at +/-6.1, nominal 1.0 mm board slot; never fuse to base posts"
head_roll_T4_sensor_board_edge_cap_0,head.pitch_frame,加工塑料,nylon,1,,,,,0.8 x 4.0 x 4.25,POM-C / 未填充 PEEK / PA12 按材质分别加工；薄件不等同 PLA 打印,parts/head_roll_T4_sensor_board_edge_cap_0.step,,Removable insulating edge retainer; nominal 1.0 mm board stack; STEP FR4 body is 0.91 mm excluding copper/model offsets; fit requires physical verification
head_roll_T4_sensor_board_cap_M2x6_0,head.pitch_frame,采购紧固件,nylon,1,,M2,6,screw_head_to_drawing,3.5 x 3.5 x 7.4,按螺纹、长度、材料和实际头部包络一起核对,parts/head_roll_T4_sensor_board_cap_M2x6_0.step,,"Nominal nylon M2x6 into replaceable printed support; 3.4 mm engagement, creep and repeated assembly unqualified"
head_roll_T4_sensor_board_edge_cap_1,head.pitch_frame,加工塑料,nylon,1,,,,,0.8 x 4.0 x 4.25,POM-C / 未填充 PEEK / PA12 按材质分别加工；薄件不等同 PLA 打印,parts/head_roll_T4_sensor_board_edge_cap_1.step,,Removable insulating edge retainer; nominal 1.0 mm board stack; STEP FR4 body is 0.91 mm excluding copper/model offsets; fit requires physical verification
head_roll_T4_sensor_board_cap_M2x6_1,head.pitch_frame,采购紧固件,nylon,1,,M2,6,screw_head_to_drawing,3.5 x 3.5 x 7.4,按螺纹、长度、材料和实际头部包络一起核对,parts/head_roll_T4_sensor_board_cap_M2x6_1.step,,"Nominal nylon M2x6 into replaceable printed support; 3.4 mm engagement, creep and repeated assembly unqualified"
head_roll_T4_M_upper_thrust_shim,head.pitch_frame,加工金属,bronze,1,,,,,0.2 x 10.6 x 10.6,按 STEP 加工并检验配合；复杂框架先反馈 DFM,parts/head_roll_T4_M_upper_thrust_shim.step,,"0.20 mm CuSn8 thrust shim candidate; metal frame at 5.5, shaft shoulder at 5.7; flatness, wear and supplier process pending"
head_roll_T4_M_spring_upper_washer,head,加工金属,spring,1,,,,,1.0 x 11.0 x 11.0,按 STEP 加工并检验配合；复杂框架先反馈 DFM,parts/head_roll_T4_M_spring_upper_washer.step,,Ground steel washer; spring load kept away from arm coupling
head_roll_T4_M_disc_spring_0,head,采购碟簧,spring,1,SCHNORR 001200,,,,0.563 x 10.0 x 10.0,按弹簧型号和装配方向，不按 CAD 色彩选型,parts/head_roll_T4_M_disc_spring_0.step,,"SCHNORR 001200 opposed pair in series; 294 N nominal at 0.563 mm each, needs physical adjustment"
head_roll_T4_M_disc_spring_1,head,采购碟簧,spring,1,SCHNORR 001200,,,,0.563 x 10.0 x 10.0,按弹簧型号和装配方向，不按 CAD 色彩选型,parts/head_roll_T4_M_disc_spring_1.step,,"SCHNORR 001200 opposed pair in series; 294 N nominal at 0.563 mm each, needs physical adjustment"
head_roll_T4_M_spring_lower_washer,head,加工金属,spring,1,,,,,0.5 x 11.0 x 11.0,按 STEP 加工并检验配合；复杂框架先反馈 DFM,parts/head_roll_T4_M_spring_lower_washer.step,,Ground steel spring washer
head_roll_T4_M_split_stop_collar_left,head,加工金属,aluminum_7075,1,,,,,3.0 x 5.9 x 13.0,按 STEP 加工并检验配合；复杂框架先反馈 DFM,parts/head_roll_T4_M_split_stop_collar_left.step,,Radial assembly into positive D3 groove; 1.1 mm axial lip; stop geometry sets nominal spring stack
head_roll_T4_M_split_stop_collar_right,head,加工金属,aluminum_7075,1,,,,,3.0 x 5.9 x 13.0,按 STEP 加工并检验配合；复杂框架先反馈 DFM,parts/head_roll_T4_M_split_stop_collar_right.step,,Second collar half; 0.20 mm split; M2 screws join the halves without relying on friction for axial retention
head_roll_T4_M_collar_M2x8_0,head,采购紧固件,brass,1,,M2,8,screw_head_to_drawing,3.8 x 3.8 x 10.0,按螺纹、长度、材料和实际头部包络一起核对,parts/head_roll_T4_M_collar_M2x8_0.step,,M2x8 into tapped left collar half; 2.9 mm nominal engagement; install before arm carrier
head_roll_T4_M_collar_M2x8_1,head,采购紧固件,brass,1,,M2,8,screw_head_to_drawing,3.8 x 3.8 x 10.0,按螺纹、长度、材料和实际头部包络一起核对,parts/head_roll_T4_M_collar_M2x8_1.step,,M2x8 into tapped left collar half; 2.9 mm nominal engagement; install before arm carrier
head_roll_T4_flanged_POM_bush,head.pitch_frame,加工塑料,pom,1,,,,,7.4 x 7.4 x 13.8,POM-C / 未填充 PEEK / PA12 按材质分别加工；薄件不等同 PLA 打印,parts/head_roll_T4_flanged_POM_bush.step,,"D6 nominal radial sleeve, D4.06 running bore, D7.4 x0.8 flange; nominal dimensions require fit qualification"
head_roll_T4_socket_M2x3,head,采购紧固件,brass,1,,M2,3,screw_head_to_drawing,2.0 x 2.0 x 3.0,按螺纹、长度、材料和实际头部包络一起核对,parts/head_roll_T4_socket_M2x3.step,,Flush slotted M2x3 radial retainer; D face carries torque
head_T4_yaw_pitch_frame,head.yaw_frame,加工金属,aluminum_7075,1,,,,,24.75 x 35.761 x 52.695,按 STEP 加工并检验配合；复杂框架先反馈 DFM,parts/head_T4_yaw_pitch_frame.step,,"Integral D4 socket and pitch bearing housing, exterior routing leaves the central pivot empty; integral positive travel stops"
head_T4_pitch_roll_frame,head.pitch_frame,加工金属,aluminum_7075,1,,,,,29.893 x 41.0 x 52.695,按 STEP 加工并检验配合；复杂框架先反馈 DFM,parts/head_T4_pitch_roll_frame.step,,Integral pitch output socket and roll bearing housing; arch above pivot; integral positive travel stops
head_T4_skull_frame,head,加工金属,aluminum_7075,1,,,,,31.0 x 33.673 x 102.856,按 STEP 加工并检验配合；复杂框架先反馈 DFM,parts/head_T4_skull_frame.step,,Rigid head frame retains the original head-tip datum; cover mounting pending; two drilled metal cover attachment lugs
chest_M_body_frame,chest,加工金属,aluminum_7075,1,,,,,61.997 x 151.0 x 176.191,按 STEP 加工并检验配合；复杂框架先反馈 DFM,parts/chest_M_body_frame.step,,"Continuous metal chest frame with integrated T4 neck bearing, four girdle cartridges and centre-line anterior support; machining split pending; integral positive travel stops; reamed press-fit sleeve seat, see retained_bushes manifest; reamed press-fit sleeve seat, see retained_bushes manifest; reamed press-fit sleeve seat, see retained_bushes manifest; reamed press-fit sleeve seat, see retained_bushes manifest; fixed rear electronics spine and two flat bolt lugs; two flat thorax shell attachment lugs; local SH plug swing relief outside protected yaw-bearing walls"
thigh_l_shell_M2x16_0,thigh_l,采购紧固件,metal,1,,M2,16,screw_head_to_drawing,3.8 x 3.8 x 18.0,按螺纹、长度、材料和实际头部包络一起核对,parts/thigh_l_shell_M2x16_0.step,,"M2x16, recessed straight hex access through front cover; no joint-preload function"
thigh_l_shell_nut_M2_0,thigh_l,加工金属,metal,1,,M2,,,1.6 x 4.0 x 4.619,按 STEP 加工并检验配合；复杂框架先反馈 DFM,parts/thigh_l_shell_nut_M2_0.step,,M2 nut in printed AF4.2 capture pocket
thigh_l_shell_M2x16_1,thigh_l,采购紧固件,metal,1,,M2,16,screw_head_to_drawing,3.8 x 3.8 x 18.0,按螺纹、长度、材料和实际头部包络一起核对,parts/thigh_l_shell_M2x16_1.step,,"M2x16, recessed straight hex access through front cover; no joint-preload function"
thigh_l_shell_nut_M2_1,thigh_l,加工金属,metal,1,,M2,,,1.6 x 4.0 x 4.619,按 STEP 加工并检验配合；复杂框架先反馈 DFM,parts/thigh_l_shell_nut_M2_1.step,,M2 nut in printed AF4.2 capture pocket
thigh_l_M_shell_front,thigh_l,打印,shell,1,,,,,42.616 x 70.76 x 79.592,PLA 候选，按随件 STL 和切片复核要求,parts/thigh_l_M_shell_front.step,print_candidates/thigh_l_M_shell_front.stl,"Rigid removable thigh cover following 1:2 character surface-section width/depth; 1.8 mm wall, 0.30 mm seam; posterior thigh and proximal 75 mm of rear calf intentionally exposed for deep flexion"
calf_l_shell_M2x20_0,calf_l,采购紧固件,metal,1,,M2,20,screw_head_to_drawing,3.8 x 3.8 x 22.0,按螺纹、长度、材料和实际头部包络一起核对,parts/calf_l_shell_M2x20_0.step,,"M2x20, recessed straight hex access through front cover; no joint-preload function"
calf_l_shell_nut_M2_0,calf_l,加工金属,metal,1,,M2,,,1.6 x 4.0 x 4.619,按 STEP 加工并检验配合；复杂框架先反馈 DFM,parts/calf_l_shell_nut_M2_0.step,,M2 nut in printed AF4.2 capture pocket
calf_l_shell_M2x20_1,calf_l,采购紧固件,metal,1,,M2,20,screw_head_to_drawing,3.8 x 3.8 x 22.0,按螺纹、长度、材料和实际头部包络一起核对,parts/calf_l_shell_M2x20_1.step,,"M2x20, recessed straight hex access through front cover; no joint-preload function"
calf_l_shell_nut_M2_1,calf_l,加工金属,metal,1,,M2,,,1.6 x 4.0 x 4.619,按 STEP 加工并检验配合；复杂框架先反馈 DFM,parts/calf_l_shell_nut_M2_1.step,,M2 nut in printed AF4.2 capture pocket
calf_l_M_shell_front,calf_l,打印,shell,1,,,,,31.657 x 55.665 x 115.527,PLA 候选，按随件 STL 和切片复核要求,parts/calf_l_M_shell_front.step,print_candidates/calf_l_M_shell_front.stl,"Rigid removable calf cover following 1:2 character surface-section width/depth; 1.8 mm wall, 0.30 mm seam; posterior thigh and proximal 75 mm of rear calf intentionally exposed for deep flexion"
calf_l_M_shell_back,calf_l,打印,shell,1,,,,,29.228 x 52.967 x 85.527,PLA 候选，按随件 STL 和切片复核要求,parts/calf_l_M_shell_back.step,print_candidates/calf_l_M_shell_back.stl,"Rigid removable calf cover following 1:2 character surface-section width/depth; 1.8 mm wall, 0.30 mm seam; posterior thigh and proximal 75 mm of rear calf intentionally exposed for deep flexion"
thigh_r_shell_M2x16_0,thigh_r,采购紧固件,metal,1,,M2,16,screw_head_to_drawing,3.8 x 3.8 x 18.0,按螺纹、长度、材料和实际头部包络一起核对,parts/thigh_r_shell_M2x16_0.step,,"M2x16, recessed straight hex access through front cover; no joint-preload function"
thigh_r_shell_nut_M2_0,thigh_r,加工金属,metal,1,,M2,,,1.6 x 4.0 x 4.619,按 STEP 加工并检验配合；复杂框架先反馈 DFM,parts/thigh_r_shell_nut_M2_0.step,,M2 nut in printed AF4.2 capture pocket
thigh_r_shell_M2x16_1,thigh_r,采购紧固件,metal,1,,M2,16,screw_head_to_drawing,3.8 x 3.8 x 18.0,按螺纹、长度、材料和实际头部包络一起核对,parts/thigh_r_shell_M2x16_1.step,,"M2x16, recessed straight hex access through front cover; no joint-preload function"
thigh_r_shell_nut_M2_1,thigh_r,加工金属,metal,1,,M2,,,1.6 x 4.0 x 4.619,按 STEP 加工并检验配合；复杂框架先反馈 DFM,parts/thigh_r_shell_nut_M2_1.step,,M2 nut in printed AF4.2 capture pocket
thigh_r_M_shell_front,thigh_r,打印,shell,1,,,,,42.616 x 70.76 x 79.592,PLA 候选，按随件 STL 和切片复核要求,parts/thigh_r_M_shell_front.step,print_candidates/thigh_r_M_shell_front.stl,"Rigid removable thigh cover following 1:2 character surface-section width/depth; 1.8 mm wall, 0.30 mm seam; posterior thigh and proximal 75 mm of rear calf intentionally exposed for deep flexion"
calf_r_shell_M2x20_0,calf_r,采购紧固件,metal,1,,M2,20,screw_head_to_drawing,3.8 x 3.8 x 22.0,按螺纹、长度、材料和实际头部包络一起核对,parts/calf_r_shell_M2x20_0.step,,"M2x20, recessed straight hex access through front cover; no joint-preload function"
calf_r_shell_nut_M2_0,calf_r,加工金属,metal,1,,M2,,,1.6 x 4.0 x 4.619,按 STEP 加工并检验配合；复杂框架先反馈 DFM,parts/calf_r_shell_nut_M2_0.step,,M2 nut in printed AF4.2 capture pocket
calf_r_shell_M2x20_1,calf_r,采购紧固件,metal,1,,M2,20,screw_head_to_drawing,3.8 x 3.8 x 22.0,按螺纹、长度、材料和实际头部包络一起核对,parts/calf_r_shell_M2x20_1.step,,"M2x20, recessed straight hex access through front cover; no joint-preload function"
calf_r_shell_nut_M2_1,calf_r,加工金属,metal,1,,M2,,,1.6 x 4.0 x 4.619,按 STEP 加工并检验配合；复杂框架先反馈 DFM,parts/calf_r_shell_nut_M2_1.step,,M2 nut in printed AF4.2 capture pocket
calf_r_M_shell_front,calf_r,打印,shell,1,,,,,31.657 x 55.665 x 115.527,PLA 候选，按随件 STL 和切片复核要求,parts/calf_r_M_shell_front.step,print_candidates/calf_r_M_shell_front.stl,"Rigid removable calf cover following 1:2 character surface-section width/depth; 1.8 mm wall, 0.30 mm seam; posterior thigh and proximal 75 mm of rear calf intentionally exposed for deep flexion"
calf_r_M_shell_back,calf_r,打印,shell,1,,,,,29.228 x 52.967 x 85.527,PLA 候选，按随件 STL 和切片复核要求,parts/calf_r_M_shell_back.step,print_candidates/calf_r_M_shell_back.stl,"Rigid removable calf cover following 1:2 character surface-section width/depth; 1.8 mm wall, 0.30 mm seam; posterior thigh and proximal 75 mm of rear calf intentionally exposed for deep flexion"
head_shell_M2x16_0,head,采购紧固件,metal,1,,M2,16,screw_head_to_drawing,3.8 x 3.8 x 18.0,按螺纹、长度、材料和实际头部包络一起核对,parts/head_shell_M2x16_0.step,,M2x16 through integral skull lug; deep straight screwdriver access from front
head_shell_nut_M2_0,head,加工金属,metal,1,,M2,,,1.6 x 4.0 x 4.619,按 STEP 加工并检验配合；复杂框架先反馈 DFM,parts/head_shell_nut_M2_0.step,,M2 nut in AF4.2 rear cover pocket
head_shell_M2x16_1,head,采购紧固件,metal,1,,M2,16,screw_head_to_drawing,3.8 x 3.8 x 18.0,按螺纹、长度、材料和实际头部包络一起核对,parts/head_shell_M2x16_1.step,,M2x16 through integral skull lug; deep straight screwdriver access from front
head_shell_nut_M2_1,head,加工金属,metal,1,,M2,,,1.6 x 4.0 x 4.619,按 STEP 加工并检验配合；复杂框架先反馈 DFM,parts/head_shell_nut_M2_1.step,,M2 nut in AF4.2 rear cover pocket
head_M_shell_front,head,打印,shell,1,,,,,67.229 x 80.48 x 82.885,PLA 候选，按随件 STL 和切片复核要求,parts/head_M_shell_front.step,print_candidates/head_M_shell_front.stl,"Character-derived head-section silhouette; 1.8 mm nominal wall, 0.30 mm seam; lower front 50 mm / back 47 mm kept exposed for neck motion; surface is simplified, not exact character mesh"
head_M_shell_back,head,打印,shell,1,,,,,49.138 x 70.187 x 82.584,PLA 候选，按随件 STL 和切片复核要求,parts/head_M_shell_back.step,print_candidates/head_M_shell_back.stl,"Character-derived head-section silhouette; 1.8 mm nominal wall, 0.30 mm seam; lower front 50 mm / back 47 mm kept exposed for neck motion; surface is simplified, not exact character mesh"
foot_l_shoe_M2x8_0,foot_l,采购紧固件,metal,1,,M2,8,screw_head_to_drawing,3.8 x 3.8 x 10.0,按螺纹、长度、材料和实际头部包络一起核对,parts/foot_l_shoe_M2x8_0.step,,"M2x8 from underside, recessed head; no joint-preload function"
foot_l_shoe_nut_M2_0,foot_l,采购紧固件,metal,1,,M2,,hex_nut,1.6 x 4.0 x 4.619,按螺纹、长度、材料和实际头部包络一起核对,parts/foot_l_shoe_nut_M2_0.step,,M2 nut inserted from upper open pocket
foot_l_shoe_M2x8_1,foot_l,采购紧固件,metal,1,,M2,8,screw_head_to_drawing,3.8 x 3.8 x 10.0,按螺纹、长度、材料和实际头部包络一起核对,parts/foot_l_shoe_M2x8_1.step,,"M2x8 from underside, recessed head; no joint-preload function"
foot_l_shoe_nut_M2_1,foot_l,采购紧固件,metal,1,,M2,,hex_nut,1.6 x 4.0 x 4.619,按螺纹、长度、材料和实际头部包络一起核对,parts/foot_l_shoe_nut_M2_1.step,,M2 nut inserted from upper open pocket
foot_l_M_low_shoe,foot_l,打印,shell,1,,,,,17.7 x 42.0 x 74.079,PLA 候选，按随件 STL 和切片复核要求,parts/foot_l_M_low_shoe.step,print_candidates/foot_l_M_low_shoe.stl,1.8 mm wall rigid low heel/midfoot cover; outer heel strip above and below the ankle left open for inversion; ankle and toe hinge exposed; underside 0.3 mm above original sole datum
foot_r_shoe_M2x8_0,foot_r,采购紧固件,metal,1,,M2,8,screw_head_to_drawing,3.8 x 3.8 x 10.0,按螺纹、长度、材料和实际头部包络一起核对,parts/foot_r_shoe_M2x8_0.step,,"M2x8 from underside, recessed head; no joint-preload function"
foot_r_shoe_nut_M2_0,foot_r,采购紧固件,metal,1,,M2,,hex_nut,1.6 x 4.0 x 4.619,按螺纹、长度、材料和实际头部包络一起核对,parts/foot_r_shoe_nut_M2_0.step,,M2 nut inserted from upper open pocket
foot_r_shoe_M2x8_1,foot_r,采购紧固件,metal,1,,M2,8,screw_head_to_drawing,3.8 x 3.8 x 10.0,按螺纹、长度、材料和实际头部包络一起核对,parts/foot_r_shoe_M2x8_1.step,,"M2x8 from underside, recessed head; no joint-preload function"
foot_r_shoe_nut_M2_1,foot_r,采购紧固件,metal,1,,M2,,hex_nut,1.6 x 4.0 x 4.619,按螺纹、长度、材料和实际头部包络一起核对,parts/foot_r_shoe_nut_M2_1.step,,M2 nut inserted from upper open pocket
foot_r_M_low_shoe,foot_r,打印,shell,1,,,,,17.7 x 42.0 x 74.079,PLA 候选，按随件 STL 和切片复核要求,parts/foot_r_M_low_shoe.step,print_candidates/foot_r_M_low_shoe.stl,1.8 mm wall rigid low heel/midfoot cover; outer heel strip above and below the ankle left open for inversion; ankle and toe hinge exposed; underside 0.3 mm above original sole datum
ball_l_cap_M2x20_0,ball_l,采购紧固件,metal,1,,M2,20,screw_head_to_drawing,3.8 x 3.8 x 22.0,按螺纹、长度、材料和实际头部包络一起核对,parts/ball_l_cap_M2x20_0.step,,M2x20 cross bolt; two spaced fasteners prevent cap rotation
ball_l_cap_nut_M2_0,ball_l,加工金属,metal,1,,M2,,,1.6 x 4.0 x 4.619,按 STEP 加工并检验配合；复杂框架先反馈 DFM,parts/ball_l_cap_nut_M2_0.step,,"M2 captured nut, open side pocket"
ball_l_cap_M2x20_1,ball_l,采购紧固件,metal,1,,M2,20,screw_head_to_drawing,3.8 x 3.8 x 22.0,按螺纹、长度、材料和实际头部包络一起核对,parts/ball_l_cap_M2x20_1.step,,M2x20 cross bolt; two spaced fasteners prevent cap rotation
ball_l_cap_nut_M2_1,ball_l,加工金属,metal,1,,M2,,,1.6 x 4.0 x 4.619,按 STEP 加工并检验配合；复杂框架先反馈 DFM,parts/ball_l_cap_nut_M2_1.step,,"M2 captured nut, open side pocket"
ball_l_M_toecap_left,ball_l,打印,shell,1,,,,,17.609 x 24.889 x 26.435,PLA 候选，按随件 STL 和切片复核要求,parts/ball_l_M_toecap_left.step,print_candidates/ball_l_M_toecap_left.stl,"Rigid character-derived toe cap; 1.8 mm wall, toe joint proximal 18 mm left exposed; two M2 fasteners, no deforming skin"
ball_l_M_toecap_right,ball_l,打印,shell,1,,,,,17.609 x 20.095 x 26.835,PLA 候选，按随件 STL 和切片复核要求,parts/ball_l_M_toecap_right.step,print_candidates/ball_l_M_toecap_right.stl,"Rigid character-derived toe cap; 1.8 mm wall, toe joint proximal 18 mm left exposed; two M2 fasteners, no deforming skin"
ball_r_cap_M2x20_0,ball_r,采购紧固件,metal,1,,M2,20,screw_head_to_drawing,3.8 x 3.8 x 22.0,按螺纹、长度、材料和实际头部包络一起核对,parts/ball_r_cap_M2x20_0.step,,M2x20 cross bolt; two spaced fasteners prevent cap rotation
ball_r_cap_nut_M2_0,ball_r,加工金属,metal,1,,M2,,,1.6 x 4.0 x 4.619,按 STEP 加工并检验配合；复杂框架先反馈 DFM,parts/ball_r_cap_nut_M2_0.step,,"M2 captured nut, open side pocket"
ball_r_cap_M2x20_1,ball_r,采购紧固件,metal,1,,M2,20,screw_head_to_drawing,3.8 x 3.8 x 22.0,按螺纹、长度、材料和实际头部包络一起核对,parts/ball_r_cap_M2x20_1.step,,M2x20 cross bolt; two spaced fasteners prevent cap rotation
ball_r_cap_nut_M2_1,ball_r,加工金属,metal,1,,M2,,,1.6 x 4.0 x 4.619,按 STEP 加工并检验配合；复杂框架先反馈 DFM,parts/ball_r_cap_nut_M2_1.step,,"M2 captured nut, open side pocket"
ball_r_M_toecap_left,ball_r,打印,shell,1,,,,,17.609 x 20.095 x 26.835,PLA 候选，按随件 STL 和切片复核要求,parts/ball_r_M_toecap_left.step,print_candidates/ball_r_M_toecap_left.stl,"Rigid character-derived toe cap; 1.8 mm wall, toe joint proximal 18 mm left exposed; two M2 fasteners, no deforming skin"
ball_r_M_toecap_right,ball_r,打印,shell,1,,,,,17.609 x 24.888 x 26.435,PLA 候选，按随件 STL 和切片复核要求,parts/ball_r_M_toecap_right.step,print_candidates/ball_r_M_toecap_right.stl,"Rigid character-derived toe cap; 1.8 mm wall, toe joint proximal 18 mm left exposed; two M2 fasteners, no deforming skin"
waist_yaw_M_upper_face_M2x3_0,pelvis,采购紧固件,metal,1,,M2,3,screw_head_to_drawing,3.0 x 4.0 x 4.0,按螺纹、长度、材料和实际头部包络一起核对,parts/waist_yaw_M_upper_face_M2x3_0.step,,"M2x3 countersunk screw, nominal 2 mm engagement in fixed eye; axial spring force seats reaction plate directly on metal, screw carries reaction torque"
waist_yaw_M_upper_face_M2x3_1,pelvis,采购紧固件,metal,1,,M2,3,screw_head_to_drawing,3.0 x 4.0 x 4.0,按螺纹、长度、材料和实际头部包络一起核对,parts/waist_yaw_M_upper_face_M2x3_1.step,,"M2x3 countersunk screw, nominal 2 mm engagement in fixed eye; axial spring force seats reaction plate directly on metal, screw carries reaction torque"
waist_yaw_M_upper_PEEK_friction_ring,pelvis,加工塑料,peek,1,,,,,0.5 x 22.0 x 23.6,POM-C / 未填充 PEEK / PA12 按材质分别加工；薄件不等同 PLA 打印,parts/waist_yaw_M_upper_PEEK_friction_ring.step,,"Unfilled machined PEEK, 0.50 mm finished, R5..11 and two tabs; dry contact against ground steel pressure plate; torque/creep/wear acceptance required"
waist_yaw_M_three_parallel_height_spacer,waist.yaw_frame,加工金属,steel_17_4,1,,,,,1.2 x 12.0 x 12.0,按 STEP 加工并检验配合；复杂框架先反馈 DFM,parts/waist_yaw_M_three_parallel_height_spacer.step,,"Ground steel spacer 1.20 mm, preserves cap and sensor position after reducing waist spring count from eight to six"
waist_pitch_M_upper_face_M2x3_0,waist.yaw_frame,采购紧固件,metal,1,,M2,3,screw_head_to_drawing,3.0 x 4.0 x 4.0,按螺纹、长度、材料和实际头部包络一起核对,parts/waist_pitch_M_upper_face_M2x3_0.step,,"M2x3 countersunk screw, nominal 2 mm engagement in fixed eye; axial spring force seats reaction plate directly on metal, screw carries reaction torque"
waist_pitch_M_upper_face_M2x3_1,waist.yaw_frame,采购紧固件,metal,1,,M2,3,screw_head_to_drawing,3.0 x 4.0 x 4.0,按螺纹、长度、材料和实际头部包络一起核对,parts/waist_pitch_M_upper_face_M2x3_1.step,,"M2x3 countersunk screw, nominal 2 mm engagement in fixed eye; axial spring force seats reaction plate directly on metal, screw carries reaction torque"
waist_pitch_M_upper_PEEK_friction_ring,waist.yaw_frame,加工塑料,peek,1,,,,,0.5 x 22.0 x 23.6,POM-C / 未填充 PEEK / PA12 按材质分别加工；薄件不等同 PLA 打印,parts/waist_pitch_M_upper_PEEK_friction_ring.step,,"Unfilled machined PEEK, 0.50 mm finished, R5..11 and two tabs; dry contact against ground steel pressure plate; torque/creep/wear acceptance required"
waist_pitch_M_three_parallel_height_spacer,waist.pitch_frame,加工金属,steel_17_4,1,,,,,1.2 x 12.0 x 12.0,按 STEP 加工并检验配合；复杂框架先反馈 DFM,parts/waist_pitch_M_three_parallel_height_spacer.step,,"Ground steel spacer 1.20 mm, preserves cap and sensor position after reducing waist spring count from eight to six"
waist_roll_M_upper_face_M2x3_0,waist.pitch_frame,采购紧固件,metal,1,,M2,3,screw_head_to_drawing,3.0 x 4.0 x 4.0,按螺纹、长度、材料和实际头部包络一起核对,parts/waist_roll_M_upper_face_M2x3_0.step,,"M2x3 countersunk screw, nominal 2 mm engagement in fixed eye; axial spring force seats reaction plate directly on metal, screw carries reaction torque"
waist_roll_M_upper_face_M2x3_1,waist.pitch_frame,采购紧固件,metal,1,,M2,3,screw_head_to_drawing,3.0 x 4.0 x 4.0,按螺纹、长度、材料和实际头部包络一起核对,parts/waist_roll_M_upper_face_M2x3_1.step,,"M2x3 countersunk screw, nominal 2 mm engagement in fixed eye; axial spring force seats reaction plate directly on metal, screw carries reaction torque"
waist_roll_M_upper_PEEK_friction_ring,waist.pitch_frame,加工塑料,peek,1,,,,,0.5 x 22.0 x 23.6,POM-C / 未填充 PEEK / PA12 按材质分别加工；薄件不等同 PLA 打印,parts/waist_roll_M_upper_PEEK_friction_ring.step,,"Unfilled machined PEEK, 0.50 mm finished, R5..11 and two tabs; dry contact against ground steel pressure plate; torque/creep/wear acceptance required"
waist_roll_M_three_parallel_height_spacer,waist,加工金属,steel_17_4,1,,,,,1.2 x 12.0 x 12.0,按 STEP 加工并检验配合；复杂框架先反馈 DFM,parts/waist_roll_M_three_parallel_height_spacer.step,,"Ground steel spacer 1.20 mm, preserves cap and sensor position after reducing waist spring count from eight to six"
chest_yaw_M_upper_face_M2x3_0,waist,采购紧固件,metal,1,,M2,3,screw_head_to_drawing,3.0 x 4.0 x 4.0,按螺纹、长度、材料和实际头部包络一起核对,parts/chest_yaw_M_upper_face_M2x3_0.step,,"M2x3 countersunk screw, nominal 2 mm engagement in fixed eye; axial spring force seats reaction plate directly on metal, screw carries reaction torque"
chest_yaw_M_upper_face_M2x3_1,waist,采购紧固件,metal,1,,M2,3,screw_head_to_drawing,3.0 x 4.0 x 4.0,按螺纹、长度、材料和实际头部包络一起核对,parts/chest_yaw_M_upper_face_M2x3_1.step,,"M2x3 countersunk screw, nominal 2 mm engagement in fixed eye; axial spring force seats reaction plate directly on metal, screw carries reaction torque"
chest_yaw_M_upper_PEEK_friction_ring,waist,加工塑料,peek,1,,,,,0.5 x 22.0 x 23.6,POM-C / 未填充 PEEK / PA12 按材质分别加工；薄件不等同 PLA 打印,parts/chest_yaw_M_upper_PEEK_friction_ring.step,,"Unfilled machined PEEK, 0.50 mm finished, R5..11 and two tabs; dry contact against ground steel pressure plate; torque/creep/wear acceptance required"
chest_pitch_M_upper_face_M2x3_0,chest.yaw_frame,采购紧固件,metal,1,,M2,3,screw_head_to_drawing,3.0 x 4.0 x 4.0,按螺纹、长度、材料和实际头部包络一起核对,parts/chest_pitch_M_upper_face_M2x3_0.step,,"M2x3 countersunk screw, nominal 2 mm engagement in fixed eye; axial spring force seats reaction plate directly on metal, screw carries reaction torque"
chest_pitch_M_upper_face_M2x3_1,chest.yaw_frame,采购紧固件,metal,1,,M2,3,screw_head_to_drawing,3.0 x 4.0 x 4.0,按螺纹、长度、材料和实际头部包络一起核对,parts/chest_pitch_M_upper_face_M2x3_1.step,,"M2x3 countersunk screw, nominal 2 mm engagement in fixed eye; axial spring force seats reaction plate directly on metal, screw carries reaction torque"
chest_pitch_M_upper_PEEK_friction_ring,chest.yaw_frame,加工塑料,peek,1,,,,,0.5 x 22.0 x 23.6,POM-C / 未填充 PEEK / PA12 按材质分别加工；薄件不等同 PLA 打印,parts/chest_pitch_M_upper_PEEK_friction_ring.step,,"Unfilled machined PEEK, 0.50 mm finished, R5..11 and two tabs; dry contact against ground steel pressure plate; torque/creep/wear acceptance required"
chest_roll_M_upper_face_M2x3_0,chest.pitch_frame,采购紧固件,metal,1,,M2,3,screw_head_to_drawing,3.0 x 4.0 x 4.0,按螺纹、长度、材料和实际头部包络一起核对,parts/chest_roll_M_upper_face_M2x3_0.step,,"M2x3 countersunk screw, nominal 2 mm engagement in fixed eye; axial spring force seats reaction plate directly on metal, screw carries reaction torque"
chest_roll_M_upper_face_M2x3_1,chest.pitch_frame,采购紧固件,metal,1,,M2,3,screw_head_to_drawing,3.0 x 4.0 x 4.0,按螺纹、长度、材料和实际头部包络一起核对,parts/chest_roll_M_upper_face_M2x3_1.step,,"M2x3 countersunk screw, nominal 2 mm engagement in fixed eye; axial spring force seats reaction plate directly on metal, screw carries reaction torque"
chest_roll_M_upper_PEEK_friction_ring,chest.pitch_frame,加工塑料,peek,1,,,,,0.5 x 22.0 x 23.6,POM-C / 未填充 PEEK / PA12 按材质分别加工；薄件不等同 PLA 打印,parts/chest_roll_M_upper_PEEK_friction_ring.step,,"Unfilled machined PEEK, 0.50 mm finished, R5..11 and two tabs; dry contact against ground steel pressure plate; torque/creep/wear acceptance required"
chest_electronics_frame_M3x16_0,chest,采购紧固件,metal,1,,M3,16,hex_nut,5.5 x 5.5 x 19.0,按螺纹、长度、材料和实际头部包络一起核对,parts/chest_electronics_frame_M3x16_0.step,,M3x16 from open torso into captured carrier nut; two spaced joints
chest_electronics_frame_nut_M3_0,chest,加工金属,metal,1,,M3,,,2.4 x 5.5 x 6.351,按 STEP 加工并检验配合；复杂框架先反馈 DFM,parts/chest_electronics_frame_nut_M3_0.step,,Insert M3 nut from rear before fitting centre node case
chest_electronics_frame_M3x16_1,chest,采购紧固件,metal,1,,M3,16,hex_nut,5.5 x 5.5 x 19.0,按螺纹、长度、材料和实际头部包络一起核对,parts/chest_electronics_frame_M3x16_1.step,,M3x16 from open torso into captured carrier nut; two spaced joints
chest_electronics_frame_nut_M3_1,chest,加工金属,metal,1,,M3,,,2.4 x 5.5 x 6.351,按 STEP 加工并检验配合；复杂框架先反馈 DFM,parts/chest_electronics_frame_nut_M3_1.step,,Insert M3 nut from rear before fitting centre node case
chest_electronics_carrier,chest,打印,frame,1,,,,,4.8 x 68.0 x 136.0,PLA 候选，按随件 STL 和切片复核要求,parts/chest_electronics_carrier.step,print_candidates/chest_electronics_carrier.stl,Three removable regional nodes on rigid ladder carrier; four PCB clamping screws per pod; all printed below A1 mini envelope
N4_lid_M2x25_-1_-1,chest,采购紧固件,metal,1,,M2,25,screw_head_to_drawing,3.8 x 3.8 x 27.0,按螺纹、长度、材料和实际头部包络一起核对,parts/N4_lid_M2x25_-1_-1.step,,M2x25 clamps case seam; polymer pads retain board without drilled holes
N4_lid_nut_M2_-1_-1,chest,采购紧固件,metal,1,,M2,,hex_nut,1.6 x 4.0 x 4.619,按螺纹、长度、材料和实际头部包络一起核对,parts/N4_lid_nut_M2_-1_-1.step,,M2 nut inserted radially from open side slot
N4_board_pad_front_-1_-1,chest,模切软垫,silicone,1,,,,,0.4 x 2.4 x 5.8,硅胶片；CAD 安装厚度，见自由厚度说明,parts/N4_board_pad_front_-1_-1.step,,"0.5 mm free silicone sheet, nominal 0.4 mm installed; PCB corner support, no solder-pad contact"
N4_board_pad_rear_-1_-1,chest,模切软垫,silicone,1,,,,,0.4 x 2.4 x 5.8,硅胶片；CAD 安装厚度，见自由厚度说明,parts/N4_board_pad_rear_-1_-1.step,,"0.5 mm free silicone sheet, nominal 0.4 mm installed; PCB corner support, no solder-pad contact"
N4_lid_M2x25_-1_1,chest,采购紧固件,metal,1,,M2,25,screw_head_to_drawing,3.8 x 3.8 x 27.0,按螺纹、长度、材料和实际头部包络一起核对,parts/N4_lid_M2x25_-1_1.step,,M2x25 clamps case seam; polymer pads retain board without drilled holes
N4_lid_nut_M2_-1_1,chest,采购紧固件,metal,1,,M2,,hex_nut,1.6 x 4.0 x 4.619,按螺纹、长度、材料和实际头部包络一起核对,parts/N4_lid_nut_M2_-1_1.step,,M2 nut inserted radially from open side slot
N4_board_pad_front_-1_1,chest,模切软垫,silicone,1,,,,,0.4 x 2.4 x 5.8,硅胶片；CAD 安装厚度，见自由厚度说明,parts/N4_board_pad_front_-1_1.step,,"0.5 mm free silicone sheet, nominal 0.4 mm installed; PCB corner support, no solder-pad contact"
N4_board_pad_rear_-1_1,chest,模切软垫,silicone,1,,,,,0.4 x 2.4 x 5.8,硅胶片；CAD 安装厚度，见自由厚度说明,parts/N4_board_pad_rear_-1_1.step,,"0.5 mm free silicone sheet, nominal 0.4 mm installed; PCB corner support, no solder-pad contact"
N4_lid_M2x25_1_-1,chest,采购紧固件,metal,1,,M2,25,screw_head_to_drawing,3.8 x 3.8 x 27.0,按螺纹、长度、材料和实际头部包络一起核对,parts/N4_lid_M2x25_1_-1.step,,M2x25 clamps case seam; polymer pads retain board without drilled holes
N4_lid_nut_M2_1_-1,chest,采购紧固件,metal,1,,M2,,hex_nut,1.6 x 4.0 x 4.619,按螺纹、长度、材料和实际头部包络一起核对,parts/N4_lid_nut_M2_1_-1.step,,M2 nut inserted radially from open side slot
N4_board_pad_front_1_-1,chest,模切软垫,silicone,1,,,,,0.4 x 2.4 x 5.8,硅胶片；CAD 安装厚度，见自由厚度说明,parts/N4_board_pad_front_1_-1.step,,"0.5 mm free silicone sheet, nominal 0.4 mm installed; PCB corner support, no solder-pad contact"
N4_board_pad_rear_1_-1,chest,模切软垫,silicone,1,,,,,0.4 x 2.4 x 5.8,硅胶片；CAD 安装厚度，见自由厚度说明,parts/N4_board_pad_rear_1_-1.step,,"0.5 mm free silicone sheet, nominal 0.4 mm installed; PCB corner support, no solder-pad contact"
N4_lid_M2x25_1_1,chest,采购紧固件,metal,1,,M2,25,screw_head_to_drawing,3.8 x 3.8 x 27.0,按螺纹、长度、材料和实际头部包络一起核对,parts/N4_lid_M2x25_1_1.step,,M2x25 clamps case seam; polymer pads retain board without drilled holes
N4_lid_nut_M2_1_1,chest,采购紧固件,metal,1,,M2,,hex_nut,1.6 x 4.0 x 4.619,按螺纹、长度、材料和实际头部包络一起核对,parts/N4_lid_nut_M2_1_1.step,,M2 nut inserted radially from open side slot
N4_board_pad_front_1_1,chest,模切软垫,silicone,1,,,,,0.4 x 2.4 x 5.8,硅胶片；CAD 安装厚度，见自由厚度说明,parts/N4_board_pad_front_1_1.step,,"0.5 mm free silicone sheet, nominal 0.4 mm installed; PCB corner support, no solder-pad contact"
N4_board_pad_rear_1_1,chest,模切软垫,silicone,1,,,,,0.4 x 2.4 x 5.8,硅胶片；CAD 安装厚度，见自由厚度说明,parts/N4_board_pad_rear_1_1.step,,"0.5 mm free silicone sheet, nominal 0.4 mm installed; PCB corner support, no solder-pad contact"
N4_mount_nut_M3_-1,chest,采购紧固件,metal,1,,M3,,hex_nut,2.4 x 5.5 x 6.351,按螺纹、长度、材料和实际头部包络一起核对,parts/N4_mount_nut_M3_-1.step,,M3 captive nut installed from inside before PCB
N4_mount_M3x10_-1,chest,采购紧固件,metal,1,,M3,10,screw_head_to_drawing,5.5 x 5.5 x 13.0,按螺纹、长度、材料和实际头部包络一起核对,parts/N4_mount_M3x10_-1.step,,M3x10 through separate carrier; serviceable from the open torso
N4_mount_nut_M3_1,chest,采购紧固件,metal,1,,M3,,hex_nut,2.4 x 5.5 x 6.351,按螺纹、长度、材料和实际头部包络一起核对,parts/N4_mount_nut_M3_1.step,,M3 captive nut installed from inside before PCB
N4_mount_M3x10_1,chest,采购紧固件,metal,1,,M3,10,screw_head_to_drawing,5.5 x 5.5 x 13.0,按螺纹、长度、材料和实际头部包络一起核对,parts/N4_mount_M3x10_1.step,,M3x10 through separate carrier; serviceable from the open torso
N4_case_front,chest,打印,shell,1,,,,,30.0 x 44.0 x 100.0,PLA 候选，按随件 STL 和切片复核要求,parts/N4_case_front.step,print_candidates/N4_case_front.stl,36 x44 x100 mm printed pod; 1.8 mm walls; removable rear lid; top/bottom wire exits
N4_case_rear,chest,打印,shell,1,,,,,16.0 x 44.0 x 100.0,PLA 候选，按随件 STL 和切片复核要求,parts/N4_case_rear.step,print_candidates/N4_case_rear.stl,Removable lid includes insulated board corner supports; requires all four M2x25 screws
N4_regional_PCBA,chest,PCBA内含,pcb_component,1,,,,,13.885 x 40.0 x 86.0,按电子板成套，不按机械实体重复采购,parts/N4_regional_PCBA.step,,Native KiCad assembly plus five conservative body envelopes; no plug geometry included; no internal component-to-component collision inference
N2_lid_M2x25_-1_-1,chest,采购紧固件,metal,1,,M2,25,screw_head_to_drawing,3.8 x 3.8 x 27.0,按螺纹、长度、材料和实际头部包络一起核对,parts/N2_lid_M2x25_-1_-1.step,,M2x25 clamps case seam; polymer pads retain board without drilled holes
N2_lid_nut_M2_-1_-1,chest,采购紧固件,metal,1,,M2,,hex_nut,1.6 x 4.0 x 4.619,按螺纹、长度、材料和实际头部包络一起核对,parts/N2_lid_nut_M2_-1_-1.step,,M2 nut inserted radially from open side slot
N2_board_pad_front_-1_-1,chest,模切软垫,silicone,1,,,,,0.4 x 2.4 x 5.8,硅胶片；CAD 安装厚度，见自由厚度说明,parts/N2_board_pad_front_-1_-1.step,,"0.5 mm free silicone sheet, nominal 0.4 mm installed; PCB corner support, no solder-pad contact"
N2_board_pad_rear_-1_-1,chest,模切软垫,silicone,1,,,,,0.4 x 2.4 x 5.8,硅胶片；CAD 安装厚度，见自由厚度说明,parts/N2_board_pad_rear_-1_-1.step,,"0.5 mm free silicone sheet, nominal 0.4 mm installed; PCB corner support, no solder-pad contact"
N2_lid_M2x25_-1_1,chest,采购紧固件,metal,1,,M2,25,screw_head_to_drawing,3.8 x 3.8 x 27.0,按螺纹、长度、材料和实际头部包络一起核对,parts/N2_lid_M2x25_-1_1.step,,M2x25 clamps case seam; polymer pads retain board without drilled holes
N2_lid_nut_M2_-1_1,chest,采购紧固件,metal,1,,M2,,hex_nut,1.6 x 4.0 x 4.619,按螺纹、长度、材料和实际头部包络一起核对,parts/N2_lid_nut_M2_-1_1.step,,M2 nut inserted radially from open side slot
N2_board_pad_front_-1_1,chest,模切软垫,silicone,1,,,,,0.4 x 2.4 x 5.8,硅胶片；CAD 安装厚度，见自由厚度说明,parts/N2_board_pad_front_-1_1.step,,"0.5 mm free silicone sheet, nominal 0.4 mm installed; PCB corner support, no solder-pad contact"
N2_board_pad_rear_-1_1,chest,模切软垫,silicone,1,,,,,0.4 x 2.4 x 5.8,硅胶片；CAD 安装厚度，见自由厚度说明,parts/N2_board_pad_rear_-1_1.step,,"0.5 mm free silicone sheet, nominal 0.4 mm installed; PCB corner support, no solder-pad contact"
N2_lid_M2x25_1_-1,chest,采购紧固件,metal,1,,M2,25,screw_head_to_drawing,3.8 x 3.8 x 27.0,按螺纹、长度、材料和实际头部包络一起核对,parts/N2_lid_M2x25_1_-1.step,,M2x25 clamps case seam; polymer pads retain board without drilled holes
N2_lid_nut_M2_1_-1,chest,采购紧固件,metal,1,,M2,,hex_nut,1.6 x 4.0 x 4.619,按螺纹、长度、材料和实际头部包络一起核对,parts/N2_lid_nut_M2_1_-1.step,,M2 nut inserted radially from open side slot
N2_board_pad_front_1_-1,chest,模切软垫,silicone,1,,,,,0.4 x 2.4 x 5.8,硅胶片；CAD 安装厚度，见自由厚度说明,parts/N2_board_pad_front_1_-1.step,,"0.5 mm free silicone sheet, nominal 0.4 mm installed; PCB corner support, no solder-pad contact"
N2_board_pad_rear_1_-1,chest,模切软垫,silicone,1,,,,,0.4 x 2.4 x 5.8,硅胶片；CAD 安装厚度，见自由厚度说明,parts/N2_board_pad_rear_1_-1.step,,"0.5 mm free silicone sheet, nominal 0.4 mm installed; PCB corner support, no solder-pad contact"
N2_lid_M2x25_1_1,chest,采购紧固件,metal,1,,M2,25,screw_head_to_drawing,3.8 x 3.8 x 27.0,按螺纹、长度、材料和实际头部包络一起核对,parts/N2_lid_M2x25_1_1.step,,M2x25 clamps case seam; polymer pads retain board without drilled holes
N2_lid_nut_M2_1_1,chest,采购紧固件,metal,1,,M2,,hex_nut,1.6 x 4.0 x 4.619,按螺纹、长度、材料和实际头部包络一起核对,parts/N2_lid_nut_M2_1_1.step,,M2 nut inserted radially from open side slot
N2_board_pad_front_1_1,chest,模切软垫,silicone,1,,,,,0.4 x 2.4 x 5.8,硅胶片；CAD 安装厚度，见自由厚度说明,parts/N2_board_pad_front_1_1.step,,"0.5 mm free silicone sheet, nominal 0.4 mm installed; PCB corner support, no solder-pad contact"
N2_board_pad_rear_1_1,chest,模切软垫,silicone,1,,,,,0.4 x 2.4 x 5.8,硅胶片；CAD 安装厚度，见自由厚度说明,parts/N2_board_pad_rear_1_1.step,,"0.5 mm free silicone sheet, nominal 0.4 mm installed; PCB corner support, no solder-pad contact"
N2_mount_nut_M3_-1,chest,采购紧固件,metal,1,,M3,,hex_nut,2.4 x 5.5 x 6.351,按螺纹、长度、材料和实际头部包络一起核对,parts/N2_mount_nut_M3_-1.step,,M3 captive nut installed from inside before PCB
N2_mount_M3x10_-1,chest,采购紧固件,metal,1,,M3,10,screw_head_to_drawing,5.5 x 5.5 x 13.0,按螺纹、长度、材料和实际头部包络一起核对,parts/N2_mount_M3x10_-1.step,,M3x10 through separate carrier; serviceable from the open torso
N2_mount_nut_M3_1,chest,采购紧固件,metal,1,,M3,,hex_nut,2.4 x 5.5 x 6.351,按螺纹、长度、材料和实际头部包络一起核对,parts/N2_mount_nut_M3_1.step,,M3 captive nut installed from inside before PCB
N2_mount_M3x10_1,chest,采购紧固件,metal,1,,M3,10,screw_head_to_drawing,5.5 x 5.5 x 13.0,按螺纹、长度、材料和实际头部包络一起核对,parts/N2_mount_M3x10_1.step,,M3x10 through separate carrier; serviceable from the open torso
N2_case_front,chest,打印,shell,1,,,,,30.0 x 44.0 x 100.0,PLA 候选，按随件 STL 和切片复核要求,parts/N2_case_front.step,print_candidates/N2_case_front.stl,36 x44 x100 mm printed pod; 1.8 mm walls; removable rear lid; top/bottom wire exits
N2_case_rear,chest,打印,shell,1,,,,,16.0 x 44.0 x 100.0,PLA 候选，按随件 STL 和切片复核要求,parts/N2_case_rear.step,print_candidates/N2_case_rear.stl,Removable lid includes insulated board corner supports; requires all four M2x25 screws
N2_regional_PCBA,chest,PCBA内含,pcb_component,1,,,,,13.885 x 40.0 x 86.0,按电子板成套，不按机械实体重复采购,parts/N2_regional_PCBA.step,,Native KiCad assembly plus five conservative body envelopes; no plug geometry included; no internal component-to-component collision inference
N3_lid_M2x25_-1_-1,chest,采购紧固件,metal,1,,M2,25,screw_head_to_drawing,3.8 x 3.8 x 27.0,按螺纹、长度、材料和实际头部包络一起核对,parts/N3_lid_M2x25_-1_-1.step,,M2x25 clamps case seam; polymer pads retain board without drilled holes
N3_lid_nut_M2_-1_-1,chest,采购紧固件,metal,1,,M2,,hex_nut,1.6 x 4.0 x 4.619,按螺纹、长度、材料和实际头部包络一起核对,parts/N3_lid_nut_M2_-1_-1.step,,M2 nut inserted radially from open side slot
N3_board_pad_front_-1_-1,chest,模切软垫,silicone,1,,,,,0.4 x 2.4 x 5.8,硅胶片；CAD 安装厚度，见自由厚度说明,parts/N3_board_pad_front_-1_-1.step,,"0.5 mm free silicone sheet, nominal 0.4 mm installed; PCB corner support, no solder-pad contact"
N3_board_pad_rear_-1_-1,chest,模切软垫,silicone,1,,,,,0.4 x 2.4 x 5.8,硅胶片；CAD 安装厚度，见自由厚度说明,parts/N3_board_pad_rear_-1_-1.step,,"0.5 mm free silicone sheet, nominal 0.4 mm installed; PCB corner support, no solder-pad contact"
N3_lid_M2x25_-1_1,chest,采购紧固件,metal,1,,M2,25,screw_head_to_drawing,3.8 x 3.8 x 27.0,按螺纹、长度、材料和实际头部包络一起核对,parts/N3_lid_M2x25_-1_1.step,,M2x25 clamps case seam; polymer pads retain board without drilled holes
N3_lid_nut_M2_-1_1,chest,采购紧固件,metal,1,,M2,,hex_nut,1.6 x 4.0 x 4.619,按螺纹、长度、材料和实际头部包络一起核对,parts/N3_lid_nut_M2_-1_1.step,,M2 nut inserted radially from open side slot
N3_board_pad_front_-1_1,chest,模切软垫,silicone,1,,,,,0.4 x 2.4 x 5.8,硅胶片；CAD 安装厚度，见自由厚度说明,parts/N3_board_pad_front_-1_1.step,,"0.5 mm free silicone sheet, nominal 0.4 mm installed; PCB corner support, no solder-pad contact"
N3_board_pad_rear_-1_1,chest,模切软垫,silicone,1,,,,,0.4 x 2.4 x 5.8,硅胶片；CAD 安装厚度，见自由厚度说明,parts/N3_board_pad_rear_-1_1.step,,"0.5 mm free silicone sheet, nominal 0.4 mm installed; PCB corner support, no solder-pad contact"
N3_lid_M2x25_1_-1,chest,采购紧固件,metal,1,,M2,25,screw_head_to_drawing,3.8 x 3.8 x 27.0,按螺纹、长度、材料和实际头部包络一起核对,parts/N3_lid_M2x25_1_-1.step,,M2x25 clamps case seam; polymer pads retain board without drilled holes
N3_lid_nut_M2_1_-1,chest,采购紧固件,metal,1,,M2,,hex_nut,1.6 x 4.0 x 4.619,按螺纹、长度、材料和实际头部包络一起核对,parts/N3_lid_nut_M2_1_-1.step,,M2 nut inserted radially from open side slot
N3_board_pad_front_1_-1,chest,模切软垫,silicone,1,,,,,0.4 x 2.4 x 5.8,硅胶片；CAD 安装厚度，见自由厚度说明,parts/N3_board_pad_front_1_-1.step,,"0.5 mm free silicone sheet, nominal 0.4 mm installed; PCB corner support, no solder-pad contact"
N3_board_pad_rear_1_-1,chest,模切软垫,silicone,1,,,,,0.4 x 2.4 x 5.8,硅胶片；CAD 安装厚度，见自由厚度说明,parts/N3_board_pad_rear_1_-1.step,,"0.5 mm free silicone sheet, nominal 0.4 mm installed; PCB corner support, no solder-pad contact"
N3_lid_M2x25_1_1,chest,采购紧固件,metal,1,,M2,25,screw_head_to_drawing,3.8 x 3.8 x 27.0,按螺纹、长度、材料和实际头部包络一起核对,parts/N3_lid_M2x25_1_1.step,,M2x25 clamps case seam; polymer pads retain board without drilled holes
N3_lid_nut_M2_1_1,chest,采购紧固件,metal,1,,M2,,hex_nut,1.6 x 4.0 x 4.619,按螺纹、长度、材料和实际头部包络一起核对,parts/N3_lid_nut_M2_1_1.step,,M2 nut inserted radially from open side slot
N3_board_pad_front_1_1,chest,模切软垫,silicone,1,,,,,0.4 x 2.4 x 5.8,硅胶片；CAD 安装厚度，见自由厚度说明,parts/N3_board_pad_front_1_1.step,,"0.5 mm free silicone sheet, nominal 0.4 mm installed; PCB corner support, no solder-pad contact"
N3_board_pad_rear_1_1,chest,模切软垫,silicone,1,,,,,0.4 x 2.4 x 5.8,硅胶片；CAD 安装厚度，见自由厚度说明,parts/N3_board_pad_rear_1_1.step,,"0.5 mm free silicone sheet, nominal 0.4 mm installed; PCB corner support, no solder-pad contact"
N3_mount_nut_M3_-1,chest,采购紧固件,metal,1,,M3,,hex_nut,2.4 x 5.5 x 6.351,按螺纹、长度、材料和实际头部包络一起核对,parts/N3_mount_nut_M3_-1.step,,M3 captive nut installed from inside before PCB
N3_mount_M3x10_-1,chest,采购紧固件,metal,1,,M3,10,screw_head_to_drawing,5.5 x 5.5 x 13.0,按螺纹、长度、材料和实际头部包络一起核对,parts/N3_mount_M3x10_-1.step,,M3x10 through separate carrier; serviceable from the open torso
N3_mount_nut_M3_1,chest,采购紧固件,metal,1,,M3,,hex_nut,2.4 x 5.5 x 6.351,按螺纹、长度、材料和实际头部包络一起核对,parts/N3_mount_nut_M3_1.step,,M3 captive nut installed from inside before PCB
N3_mount_M3x10_1,chest,采购紧固件,metal,1,,M3,10,screw_head_to_drawing,5.5 x 5.5 x 13.0,按螺纹、长度、材料和实际头部包络一起核对,parts/N3_mount_M3x10_1.step,,M3x10 through separate carrier; serviceable from the open torso
N3_case_front,chest,打印,shell,1,,,,,30.0 x 44.0 x 100.0,PLA 候选，按随件 STL 和切片复核要求,parts/N3_case_front.step,print_candidates/N3_case_front.stl,36 x44 x100 mm printed pod; 1.8 mm walls; removable rear lid; top/bottom wire exits
N3_case_rear,chest,打印,shell,1,,,,,16.0 x 44.0 x 100.0,PLA 候选，按随件 STL 和切片复核要求,parts/N3_case_rear.step,print_candidates/N3_case_rear.stl,Removable lid includes insulated board corner supports; requires all four M2x25 screws
N3_regional_PCBA,chest,PCBA内含,pcb_component,1,,,,,13.885 x 40.0 x 86.0,按电子板成套，不按机械实体重复采购,parts/N3_regional_PCBA.step,,Native KiCad assembly plus five conservative body envelopes; no plug geometry included; no internal component-to-component collision inference
pelvis_electronics_frame_M3x16_0,pelvis,采购紧固件,metal,1,,M3,16,hex_nut,5.5 x 5.5 x 19.0,按螺纹、长度、材料和实际头部包络一起核对,parts/pelvis_electronics_frame_M3x16_0.step,,M3x16 from open torso into captured carrier nut; two spaced joints
pelvis_electronics_frame_nut_M3_0,pelvis,加工金属,metal,1,,M3,,,2.4 x 5.5 x 6.351,按 STEP 加工并检验配合；复杂框架先反馈 DFM,parts/pelvis_electronics_frame_nut_M3_0.step,,Insert M3 nut from rear before fitting centre node case
pelvis_electronics_frame_M3x16_1,pelvis,采购紧固件,metal,1,,M3,16,hex_nut,5.5 x 5.5 x 19.0,按螺纹、长度、材料和实际头部包络一起核对,parts/pelvis_electronics_frame_M3x16_1.step,,M3x16 from open torso into captured carrier nut; two spaced joints
pelvis_electronics_frame_nut_M3_1,pelvis,加工金属,metal,1,,M3,,,2.4 x 5.5 x 6.351,按 STEP 加工并检验配合；复杂框架先反馈 DFM,parts/pelvis_electronics_frame_nut_M3_1.step,,Insert M3 nut from rear before fitting centre node case
pelvis_electronics_carrier,pelvis,打印,frame,1,,,,,4.8 x 68.0 x 136.0,PLA 候选，按随件 STL 和切片复核要求,parts/pelvis_electronics_carrier.step,print_candidates/pelvis_electronics_carrier.stl,Three removable regional nodes on rigid ladder carrier; four PCB clamping screws per pod; all printed below A1 mini envelope
N6_lid_M2x25_-1_-1,pelvis,采购紧固件,metal,1,,M2,25,screw_head_to_drawing,3.8 x 3.8 x 27.0,按螺纹、长度、材料和实际头部包络一起核对,parts/N6_lid_M2x25_-1_-1.step,,M2x25 clamps case seam; polymer pads retain board without drilled holes
N6_lid_nut_M2_-1_-1,pelvis,采购紧固件,metal,1,,M2,,hex_nut,1.6 x 4.0 x 4.619,按螺纹、长度、材料和实际头部包络一起核对,parts/N6_lid_nut_M2_-1_-1.step,,M2 nut inserted radially from open side slot
N6_board_pad_front_-1_-1,pelvis,模切软垫,silicone,1,,,,,0.4 x 2.4 x 5.8,硅胶片；CAD 安装厚度，见自由厚度说明,parts/N6_board_pad_front_-1_-1.step,,"0.5 mm free silicone sheet, nominal 0.4 mm installed; PCB corner support, no solder-pad contact"
N6_board_pad_rear_-1_-1,pelvis,模切软垫,silicone,1,,,,,0.4 x 2.4 x 5.8,硅胶片；CAD 安装厚度，见自由厚度说明,parts/N6_board_pad_rear_-1_-1.step,,"0.5 mm free silicone sheet, nominal 0.4 mm installed; PCB corner support, no solder-pad contact"
N6_lid_M2x25_-1_1,pelvis,采购紧固件,metal,1,,M2,25,screw_head_to_drawing,3.8 x 3.8 x 27.0,按螺纹、长度、材料和实际头部包络一起核对,parts/N6_lid_M2x25_-1_1.step,,M2x25 clamps case seam; polymer pads retain board without drilled holes
N6_lid_nut_M2_-1_1,pelvis,采购紧固件,metal,1,,M2,,hex_nut,1.6 x 4.0 x 4.619,按螺纹、长度、材料和实际头部包络一起核对,parts/N6_lid_nut_M2_-1_1.step,,M2 nut inserted radially from open side slot
N6_board_pad_front_-1_1,pelvis,模切软垫,silicone,1,,,,,0.4 x 2.4 x 5.8,硅胶片；CAD 安装厚度，见自由厚度说明,parts/N6_board_pad_front_-1_1.step,,"0.5 mm free silicone sheet, nominal 0.4 mm installed; PCB corner support, no solder-pad contact"
N6_board_pad_rear_-1_1,pelvis,模切软垫,silicone,1,,,,,0.4 x 2.4 x 5.8,硅胶片；CAD 安装厚度，见自由厚度说明,parts/N6_board_pad_rear_-1_1.step,,"0.5 mm free silicone sheet, nominal 0.4 mm installed; PCB corner support, no solder-pad contact"
N6_lid_M2x25_1_-1,pelvis,采购紧固件,metal,1,,M2,25,screw_head_to_drawing,3.8 x 3.8 x 27.0,按螺纹、长度、材料和实际头部包络一起核对,parts/N6_lid_M2x25_1_-1.step,,M2x25 clamps case seam; polymer pads retain board without drilled holes
N6_lid_nut_M2_1_-1,pelvis,采购紧固件,metal,1,,M2,,hex_nut,1.6 x 4.0 x 4.619,按螺纹、长度、材料和实际头部包络一起核对,parts/N6_lid_nut_M2_1_-1.step,,M2 nut inserted radially from open side slot
N6_board_pad_front_1_-1,pelvis,模切软垫,silicone,1,,,,,0.4 x 2.4 x 5.8,硅胶片；CAD 安装厚度，见自由厚度说明,parts/N6_board_pad_front_1_-1.step,,"0.5 mm free silicone sheet, nominal 0.4 mm installed; PCB corner support, no solder-pad contact"
N6_board_pad_rear_1_-1,pelvis,模切软垫,silicone,1,,,,,0.4 x 2.4 x 5.8,硅胶片；CAD 安装厚度，见自由厚度说明,parts/N6_board_pad_rear_1_-1.step,,"0.5 mm free silicone sheet, nominal 0.4 mm installed; PCB corner support, no solder-pad contact"
N6_lid_M2x25_1_1,pelvis,采购紧固件,metal,1,,M2,25,screw_head_to_drawing,3.8 x 3.8 x 27.0,按螺纹、长度、材料和实际头部包络一起核对,parts/N6_lid_M2x25_1_1.step,,M2x25 clamps case seam; polymer pads retain board without drilled holes
N6_lid_nut_M2_1_1,pelvis,采购紧固件,metal,1,,M2,,hex_nut,1.6 x 4.0 x 4.619,按螺纹、长度、材料和实际头部包络一起核对,parts/N6_lid_nut_M2_1_1.step,,M2 nut inserted radially from open side slot
N6_board_pad_front_1_1,pelvis,模切软垫,silicone,1,,,,,0.4 x 2.4 x 5.8,硅胶片；CAD 安装厚度，见自由厚度说明,parts/N6_board_pad_front_1_1.step,,"0.5 mm free silicone sheet, nominal 0.4 mm installed; PCB corner support, no solder-pad contact"
N6_board_pad_rear_1_1,pelvis,模切软垫,silicone,1,,,,,0.4 x 2.4 x 5.8,硅胶片；CAD 安装厚度，见自由厚度说明,parts/N6_board_pad_rear_1_1.step,,"0.5 mm free silicone sheet, nominal 0.4 mm installed; PCB corner support, no solder-pad contact"
N6_mount_nut_M3_-1,pelvis,采购紧固件,metal,1,,M3,,hex_nut,2.4 x 5.5 x 6.351,按螺纹、长度、材料和实际头部包络一起核对,parts/N6_mount_nut_M3_-1.step,,M3 captive nut installed from inside before PCB
N6_mount_M3x10_-1,pelvis,采购紧固件,metal,1,,M3,10,screw_head_to_drawing,5.5 x 5.5 x 13.0,按螺纹、长度、材料和实际头部包络一起核对,parts/N6_mount_M3x10_-1.step,,M3x10 through separate carrier; serviceable from the open torso
N6_mount_nut_M3_1,pelvis,采购紧固件,metal,1,,M3,,hex_nut,2.4 x 5.5 x 6.351,按螺纹、长度、材料和实际头部包络一起核对,parts/N6_mount_nut_M3_1.step,,M3 captive nut installed from inside before PCB
N6_mount_M3x10_1,pelvis,采购紧固件,metal,1,,M3,10,screw_head_to_drawing,5.5 x 5.5 x 13.0,按螺纹、长度、材料和实际头部包络一起核对,parts/N6_mount_M3x10_1.step,,M3x10 through separate carrier; serviceable from the open torso
N6_case_front,pelvis,打印,shell,1,,,,,30.0 x 44.0 x 100.0,PLA 候选，按随件 STL 和切片复核要求,parts/N6_case_front.step,print_candidates/N6_case_front.stl,36 x44 x100 mm printed pod; 1.8 mm walls; removable rear lid; top/bottom wire exits
N6_case_rear,pelvis,打印,shell,1,,,,,16.0 x 44.0 x 100.0,PLA 候选，按随件 STL 和切片复核要求,parts/N6_case_rear.step,print_candidates/N6_case_rear.stl,Removable lid includes insulated board corner supports; requires all four M2x25 screws
N6_regional_PCBA,pelvis,PCBA内含,pcb_component,1,,,,,13.885 x 40.0 x 86.0,按电子板成套，不按机械实体重复采购,parts/N6_regional_PCBA.step,,Native KiCad assembly plus five conservative body envelopes; no plug geometry included; no internal component-to-component collision inference
N1_lid_M2x25_-1_-1,pelvis,采购紧固件,metal,1,,M2,25,screw_head_to_drawing,3.8 x 3.8 x 27.0,按螺纹、长度、材料和实际头部包络一起核对,parts/N1_lid_M2x25_-1_-1.step,,M2x25 clamps case seam; polymer pads retain board without drilled holes
N1_lid_nut_M2_-1_-1,pelvis,采购紧固件,metal,1,,M2,,hex_nut,1.6 x 4.0 x 4.619,按螺纹、长度、材料和实际头部包络一起核对,parts/N1_lid_nut_M2_-1_-1.step,,M2 nut inserted radially from open side slot
N1_board_pad_front_-1_-1,pelvis,模切软垫,silicone,1,,,,,0.4 x 2.4 x 5.8,硅胶片；CAD 安装厚度，见自由厚度说明,parts/N1_board_pad_front_-1_-1.step,,"0.5 mm free silicone sheet, nominal 0.4 mm installed; PCB corner support, no solder-pad contact"
N1_board_pad_rear_-1_-1,pelvis,模切软垫,silicone,1,,,,,0.4 x 2.4 x 5.8,硅胶片；CAD 安装厚度，见自由厚度说明,parts/N1_board_pad_rear_-1_-1.step,,"0.5 mm free silicone sheet, nominal 0.4 mm installed; PCB corner support, no solder-pad contact"
N1_lid_M2x25_-1_1,pelvis,采购紧固件,metal,1,,M2,25,screw_head_to_drawing,3.8 x 3.8 x 27.0,按螺纹、长度、材料和实际头部包络一起核对,parts/N1_lid_M2x25_-1_1.step,,M2x25 clamps case seam; polymer pads retain board without drilled holes
N1_lid_nut_M2_-1_1,pelvis,采购紧固件,metal,1,,M2,,hex_nut,1.6 x 4.0 x 4.619,按螺纹、长度、材料和实际头部包络一起核对,parts/N1_lid_nut_M2_-1_1.step,,M2 nut inserted radially from open side slot
N1_board_pad_front_-1_1,pelvis,模切软垫,silicone,1,,,,,0.4 x 2.4 x 5.8,硅胶片；CAD 安装厚度，见自由厚度说明,parts/N1_board_pad_front_-1_1.step,,"0.5 mm free silicone sheet, nominal 0.4 mm installed; PCB corner support, no solder-pad contact"
N1_board_pad_rear_-1_1,pelvis,模切软垫,silicone,1,,,,,0.4 x 2.4 x 5.8,硅胶片；CAD 安装厚度，见自由厚度说明,parts/N1_board_pad_rear_-1_1.step,,"0.5 mm free silicone sheet, nominal 0.4 mm installed; PCB corner support, no solder-pad contact"
N1_lid_M2x25_1_-1,pelvis,采购紧固件,metal,1,,M2,25,screw_head_to_drawing,3.8 x 3.8 x 27.0,按螺纹、长度、材料和实际头部包络一起核对,parts/N1_lid_M2x25_1_-1.step,,M2x25 clamps case seam; polymer pads retain board without drilled holes
N1_lid_nut_M2_1_-1,pelvis,采购紧固件,metal,1,,M2,,hex_nut,1.6 x 4.0 x 4.619,按螺纹、长度、材料和实际头部包络一起核对,parts/N1_lid_nut_M2_1_-1.step,,M2 nut inserted radially from open side slot
N1_board_pad_front_1_-1,pelvis,模切软垫,silicone,1,,,,,0.4 x 2.4 x 5.8,硅胶片；CAD 安装厚度，见自由厚度说明,parts/N1_board_pad_front_1_-1.step,,"0.5 mm free silicone sheet, nominal 0.4 mm installed; PCB corner support, no solder-pad contact"
N1_board_pad_rear_1_-1,pelvis,模切软垫,silicone,1,,,,,0.4 x 2.4 x 5.8,硅胶片；CAD 安装厚度，见自由厚度说明,parts/N1_board_pad_rear_1_-1.step,,"0.5 mm free silicone sheet, nominal 0.4 mm installed; PCB corner support, no solder-pad contact"
N1_lid_M2x25_1_1,pelvis,采购紧固件,metal,1,,M2,25,screw_head_to_drawing,3.8 x 3.8 x 27.0,按螺纹、长度、材料和实际头部包络一起核对,parts/N1_lid_M2x25_1_1.step,,M2x25 clamps case seam; polymer pads retain board without drilled holes
N1_lid_nut_M2_1_1,pelvis,采购紧固件,metal,1,,M2,,hex_nut,1.6 x 4.0 x 4.619,按螺纹、长度、材料和实际头部包络一起核对,parts/N1_lid_nut_M2_1_1.step,,M2 nut inserted radially from open side slot
N1_board_pad_front_1_1,pelvis,模切软垫,silicone,1,,,,,0.4 x 2.4 x 5.8,硅胶片；CAD 安装厚度，见自由厚度说明,parts/N1_board_pad_front_1_1.step,,"0.5 mm free silicone sheet, nominal 0.4 mm installed; PCB corner support, no solder-pad contact"
N1_board_pad_rear_1_1,pelvis,模切软垫,silicone,1,,,,,0.4 x 2.4 x 5.8,硅胶片；CAD 安装厚度，见自由厚度说明,parts/N1_board_pad_rear_1_1.step,,"0.5 mm free silicone sheet, nominal 0.4 mm installed; PCB corner support, no solder-pad contact"
N1_mount_nut_M3_-1,pelvis,采购紧固件,metal,1,,M3,,hex_nut,2.4 x 5.5 x 6.351,按螺纹、长度、材料和实际头部包络一起核对,parts/N1_mount_nut_M3_-1.step,,M3 captive nut installed from inside before PCB
N1_mount_M3x10_-1,pelvis,采购紧固件,metal,1,,M3,10,screw_head_to_drawing,5.5 x 5.5 x 13.0,按螺纹、长度、材料和实际头部包络一起核对,parts/N1_mount_M3x10_-1.step,,M3x10 through separate carrier; serviceable from the open torso
N1_mount_nut_M3_1,pelvis,采购紧固件,metal,1,,M3,,hex_nut,2.4 x 5.5 x 6.351,按螺纹、长度、材料和实际头部包络一起核对,parts/N1_mount_nut_M3_1.step,,M3 captive nut installed from inside before PCB
N1_mount_M3x10_1,pelvis,采购紧固件,metal,1,,M3,10,screw_head_to_drawing,5.5 x 5.5 x 13.0,按螺纹、长度、材料和实际头部包络一起核对,parts/N1_mount_M3x10_1.step,,M3x10 through separate carrier; serviceable from the open torso
N1_case_front,pelvis,打印,shell,1,,,,,30.0 x 44.0 x 100.0,PLA 候选，按随件 STL 和切片复核要求,parts/N1_case_front.step,print_candidates/N1_case_front.stl,36 x44 x100 mm printed pod; 1.8 mm walls; removable rear lid; top/bottom wire exits
N1_case_rear,pelvis,打印,shell,1,,,,,33.9 x 44.0 x 100.0,PLA 候选，按随件 STL 和切片复核要求,parts/N1_case_rear.step,print_candidates/N1_case_rear.stl,"Removable lid includes insulated board corner supports; requires all four M2x25 screws; integrated protected rear power compartment, four PCB posts and supported downward DC jack"
N1_regional_PCBA,pelvis,PCBA内含,pcb_component,1,,,,,13.885 x 40.0 x 86.0,按电子板成套，不按机械实体重复采购,parts/N1_regional_PCBA.step,,Native KiCad assembly plus five conservative body envelopes; no plug geometry included; no internal component-to-component collision inference
N5_lid_M2x25_-1_-1,pelvis,采购紧固件,metal,1,,M2,25,screw_head_to_drawing,3.8 x 3.8 x 27.0,按螺纹、长度、材料和实际头部包络一起核对,parts/N5_lid_M2x25_-1_-1.step,,M2x25 clamps case seam; polymer pads retain board without drilled holes
N5_lid_nut_M2_-1_-1,pelvis,采购紧固件,metal,1,,M2,,hex_nut,1.6 x 4.0 x 4.619,按螺纹、长度、材料和实际头部包络一起核对,parts/N5_lid_nut_M2_-1_-1.step,,M2 nut inserted radially from open side slot
N5_board_pad_front_-1_-1,pelvis,模切软垫,silicone,1,,,,,0.4 x 2.4 x 5.8,硅胶片；CAD 安装厚度，见自由厚度说明,parts/N5_board_pad_front_-1_-1.step,,"0.5 mm free silicone sheet, nominal 0.4 mm installed; PCB corner support, no solder-pad contact"
N5_board_pad_rear_-1_-1,pelvis,模切软垫,silicone,1,,,,,0.4 x 2.4 x 5.8,硅胶片；CAD 安装厚度，见自由厚度说明,parts/N5_board_pad_rear_-1_-1.step,,"0.5 mm free silicone sheet, nominal 0.4 mm installed; PCB corner support, no solder-pad contact"
N5_lid_M2x25_-1_1,pelvis,采购紧固件,metal,1,,M2,25,screw_head_to_drawing,3.8 x 3.8 x 27.0,按螺纹、长度、材料和实际头部包络一起核对,parts/N5_lid_M2x25_-1_1.step,,M2x25 clamps case seam; polymer pads retain board without drilled holes
N5_lid_nut_M2_-1_1,pelvis,采购紧固件,metal,1,,M2,,hex_nut,1.6 x 4.0 x 4.619,按螺纹、长度、材料和实际头部包络一起核对,parts/N5_lid_nut_M2_-1_1.step,,M2 nut inserted radially from open side slot
N5_board_pad_front_-1_1,pelvis,模切软垫,silicone,1,,,,,0.4 x 2.4 x 5.8,硅胶片；CAD 安装厚度，见自由厚度说明,parts/N5_board_pad_front_-1_1.step,,"0.5 mm free silicone sheet, nominal 0.4 mm installed; PCB corner support, no solder-pad contact"
N5_board_pad_rear_-1_1,pelvis,模切软垫,silicone,1,,,,,0.4 x 2.4 x 5.8,硅胶片；CAD 安装厚度，见自由厚度说明,parts/N5_board_pad_rear_-1_1.step,,"0.5 mm free silicone sheet, nominal 0.4 mm installed; PCB corner support, no solder-pad contact"
N5_lid_M2x25_1_-1,pelvis,采购紧固件,metal,1,,M2,25,screw_head_to_drawing,3.8 x 3.8 x 27.0,按螺纹、长度、材料和实际头部包络一起核对,parts/N5_lid_M2x25_1_-1.step,,M2x25 clamps case seam; polymer pads retain board without drilled holes
N5_lid_nut_M2_1_-1,pelvis,采购紧固件,metal,1,,M2,,hex_nut,1.6 x 4.0 x 4.619,按螺纹、长度、材料和实际头部包络一起核对,parts/N5_lid_nut_M2_1_-1.step,,M2 nut inserted radially from open side slot
N5_board_pad_front_1_-1,pelvis,模切软垫,silicone,1,,,,,0.4 x 2.4 x 5.8,硅胶片；CAD 安装厚度，见自由厚度说明,parts/N5_board_pad_front_1_-1.step,,"0.5 mm free silicone sheet, nominal 0.4 mm installed; PCB corner support, no solder-pad contact"
N5_board_pad_rear_1_-1,pelvis,模切软垫,silicone,1,,,,,0.4 x 2.4 x 5.8,硅胶片；CAD 安装厚度，见自由厚度说明,parts/N5_board_pad_rear_1_-1.step,,"0.5 mm free silicone sheet, nominal 0.4 mm installed; PCB corner support, no solder-pad contact"
N5_lid_M2x25_1_1,pelvis,采购紧固件,metal,1,,M2,25,screw_head_to_drawing,3.8 x 3.8 x 27.0,按螺纹、长度、材料和实际头部包络一起核对,parts/N5_lid_M2x25_1_1.step,,M2x25 clamps case seam; polymer pads retain board without drilled holes
N5_lid_nut_M2_1_1,pelvis,采购紧固件,metal,1,,M2,,hex_nut,1.6 x 4.0 x 4.619,按螺纹、长度、材料和实际头部包络一起核对,parts/N5_lid_nut_M2_1_1.step,,M2 nut inserted radially from open side slot
N5_board_pad_front_1_1,pelvis,模切软垫,silicone,1,,,,,0.4 x 2.4 x 5.8,硅胶片；CAD 安装厚度，见自由厚度说明,parts/N5_board_pad_front_1_1.step,,"0.5 mm free silicone sheet, nominal 0.4 mm installed; PCB corner support, no solder-pad contact"
N5_board_pad_rear_1_1,pelvis,模切软垫,silicone,1,,,,,0.4 x 2.4 x 5.8,硅胶片；CAD 安装厚度，见自由厚度说明,parts/N5_board_pad_rear_1_1.step,,"0.5 mm free silicone sheet, nominal 0.4 mm installed; PCB corner support, no solder-pad contact"
N5_mount_nut_M3_-1,pelvis,采购紧固件,metal,1,,M3,,hex_nut,2.4 x 5.5 x 6.351,按螺纹、长度、材料和实际头部包络一起核对,parts/N5_mount_nut_M3_-1.step,,M3 captive nut installed from inside before PCB
N5_mount_M3x10_-1,pelvis,采购紧固件,metal,1,,M3,10,screw_head_to_drawing,5.5 x 5.5 x 13.0,按螺纹、长度、材料和实际头部包络一起核对,parts/N5_mount_M3x10_-1.step,,M3x10 through separate carrier; serviceable from the open torso
N5_mount_nut_M3_1,pelvis,采购紧固件,metal,1,,M3,,hex_nut,2.4 x 5.5 x 6.351,按螺纹、长度、材料和实际头部包络一起核对,parts/N5_mount_nut_M3_1.step,,M3 captive nut installed from inside before PCB
N5_mount_M3x10_1,pelvis,采购紧固件,metal,1,,M3,10,screw_head_to_drawing,5.5 x 5.5 x 13.0,按螺纹、长度、材料和实际头部包络一起核对,parts/N5_mount_M3x10_1.step,,M3x10 through separate carrier; serviceable from the open torso
N5_case_front,pelvis,打印,shell,1,,,,,30.0 x 44.0 x 100.0,PLA 候选，按随件 STL 和切片复核要求,parts/N5_case_front.step,print_candidates/N5_case_front.stl,36 x44 x100 mm printed pod; 1.8 mm walls; removable rear lid; top/bottom wire exits
N5_case_rear,pelvis,打印,shell,1,,,,,16.0 x 44.0 x 100.0,PLA 候选，按随件 STL 和切片复核要求,parts/N5_case_rear.step,print_candidates/N5_case_rear.stl,Removable lid includes insulated board corner supports; requires all four M2x25 screws
N5_regional_PCBA,pelvis,PCBA内含,pcb_component,1,,,,,13.885 x 40.0 x 86.0,按电子板成套，不按机械实体重复采购,parts/N5_regional_PCBA.step,,Native KiCad assembly plus five conservative body envelopes; no plug geometry included; no internal component-to-component collision inference
chest_shell_M2x20_0,chest,采购紧固件,metal,1,,M2,20,hex_nut,3.8 x 3.8 x 22.0,按螺纹、长度、材料和实际头部包络一起核对,parts/chest_shell_M2x20_0.step,,M2x20 from front into M2 nut behind integral flat mount
chest_shell_nut_M2_0,chest,加工金属,metal,1,,M2,,,1.6 x 4.0 x 4.619,按 STEP 加工并检验配合；复杂框架先反馈 DFM,parts/chest_shell_nut_M2_0.step,,M2 nut accessible from open lateral torso; fit shell before rear electronics service cover
chest_shell_M2x20_1,chest,采购紧固件,metal,1,,M2,20,hex_nut,3.8 x 3.8 x 22.0,按螺纹、长度、材料和实际头部包络一起核对,parts/chest_shell_M2x20_1.step,,M2x20 from front into M2 nut behind integral flat mount
chest_shell_nut_M2_1,chest,加工金属,metal,1,,M2,,,1.6 x 4.0 x 4.619,按 STEP 加工并检验配合；复杂框架先反馈 DFM,parts/chest_shell_nut_M2_1.step,,M2 nut accessible from open lateral torso; fit shell before rear electronics service cover
chest_M_front_shell,chest,打印,shell,1,,,,,50.0 x 65.0 x 145.361,PLA 候选，按随件 STL 和切片复核要求,parts/chest_M_front_shell.step,print_candidates/chest_M_front_shell.stl,"1.8 mm lower thorax facade; character-derived section widths; depth expanded to clear front neck-support beam; no shell over shoulder girdle, abdomen or hip folds"
POWER_case_rear,pelvis,打印,shell,1,,,,,6.0 x 44.0 x 100.0,PLA 候选，按随件 STL 和切片复核要求,parts/POWER_case_rear.step,print_candidates/POWER_case_rear.stl,Removable 1.8 mm wall rear cover; four M2x10 fasteners; top branch-cable exit; DC plug enters from below; 3 mm direct-view opening for the green power indicator
POWER_PCB_washer_-17.0_-38.0,pelvis,加工塑料,nylon,1,,,,,0.5 x 5.0 x 5.0,POM-C / 未填充 PEEK / PA12 按材质分别加工；薄件不等同 PLA 打印,parts/POWER_PCB_washer_-17.0_-38.0.step,,"M2 nylon flat washer, 5 OD x2.2 ID x0.5; isolates screw head from board"
POWER_PCB_M2x8_-17.0_-38.0,pelvis,采购紧固件,metal,1,,M2,8,hex_nut,3.8 x 3.8 x 10.0,按螺纹、长度、材料和实际头部包络一起核对,parts/POWER_PCB_M2x8_-17.0_-38.0.step,,M2x8 into captive nut; remove power before servicing
POWER_PCB_nut_-17.0_-38.0,pelvis,加工金属,metal,1,,,,,1.6 x 4.0 x 4.619,按 STEP 加工并检验配合；复杂框架先反馈 DFM,parts/POWER_PCB_nut_-17.0_-38.0.step,,M2 captive nut inserted from inner radial opening before fitting PCB
POWER_PCB_washer_-17.0_17.0,pelvis,加工塑料,nylon,1,,,,,0.5 x 5.0 x 5.0,POM-C / 未填充 PEEK / PA12 按材质分别加工；薄件不等同 PLA 打印,parts/POWER_PCB_washer_-17.0_17.0.step,,"M2 nylon flat washer, 5 OD x2.2 ID x0.5; isolates screw head from board"
POWER_PCB_M2x8_-17.0_17.0,pelvis,采购紧固件,metal,1,,M2,8,hex_nut,3.8 x 3.8 x 10.0,按螺纹、长度、材料和实际头部包络一起核对,parts/POWER_PCB_M2x8_-17.0_17.0.step,,M2x8 into captive nut; remove power before servicing
POWER_PCB_nut_-17.0_17.0,pelvis,加工金属,metal,1,,,,,1.6 x 4.0 x 4.619,按 STEP 加工并检验配合；复杂框架先反馈 DFM,parts/POWER_PCB_nut_-17.0_17.0.step,,M2 captive nut inserted from inner radial opening before fitting PCB
POWER_PCB_washer_17.0_-38.0,pelvis,加工塑料,nylon,1,,,,,0.5 x 5.0 x 5.0,POM-C / 未填充 PEEK / PA12 按材质分别加工；薄件不等同 PLA 打印,parts/POWER_PCB_washer_17.0_-38.0.step,,"M2 nylon flat washer, 5 OD x2.2 ID x0.5; isolates screw head from board"
POWER_PCB_M2x8_17.0_-38.0,pelvis,采购紧固件,metal,1,,M2,8,hex_nut,3.8 x 3.8 x 10.0,按螺纹、长度、材料和实际头部包络一起核对,parts/POWER_PCB_M2x8_17.0_-38.0.step,,M2x8 into captive nut; remove power before servicing
POWER_PCB_nut_17.0_-38.0,pelvis,加工金属,metal,1,,,,,1.6 x 4.0 x 4.619,按 STEP 加工并检验配合；复杂框架先反馈 DFM,parts/POWER_PCB_nut_17.0_-38.0.step,,M2 captive nut inserted from inner radial opening before fitting PCB
POWER_PCB_washer_17.0_17.0,pelvis,加工塑料,nylon,1,,,,,0.5 x 5.0 x 5.0,POM-C / 未填充 PEEK / PA12 按材质分别加工；薄件不等同 PLA 打印,parts/POWER_PCB_washer_17.0_17.0.step,,"M2 nylon flat washer, 5 OD x2.2 ID x0.5; isolates screw head from board"
POWER_PCB_M2x8_17.0_17.0,pelvis,采购紧固件,metal,1,,M2,8,hex_nut,3.8 x 3.8 x 10.0,按螺纹、长度、材料和实际头部包络一起核对,parts/POWER_PCB_M2x8_17.0_17.0.step,,M2x8 into captive nut; remove power before servicing
POWER_PCB_nut_17.0_17.0,pelvis,加工金属,metal,1,,,,,1.6 x 4.0 x 4.619,按 STEP 加工并检验配合；复杂框架先反馈 DFM,parts/POWER_PCB_nut_17.0_17.0.step,,M2 captive nut inserted from inner radial opening before fitting PCB
POWER_cover_M2x10_-1_-1,pelvis,采购紧固件,metal,1,,M2,10,screw_head_to_drawing,3.8 x 3.8 x 12.0,按螺纹、长度、材料和实际头部包络一起核对,parts/POWER_cover_M2x10_-1_-1.step,,M2x10 removable power cover screw
POWER_cover_nut_-1_-1,pelvis,加工金属,metal,1,,,,,1.6 x 4.0 x 4.619,按 STEP 加工并检验配合；复杂框架先反馈 DFM,parts/POWER_cover_nut_-1_-1.step,,M2 captive nut inserted from outside before fitting rear cover
POWER_cover_M2x10_-1_1,pelvis,采购紧固件,metal,1,,M2,10,screw_head_to_drawing,3.8 x 3.8 x 12.0,按螺纹、长度、材料和实际头部包络一起核对,parts/POWER_cover_M2x10_-1_1.step,,M2x10 removable power cover screw
POWER_cover_nut_-1_1,pelvis,加工金属,metal,1,,,,,1.6 x 4.0 x 4.619,按 STEP 加工并检验配合；复杂框架先反馈 DFM,parts/POWER_cover_nut_-1_1.step,,M2 captive nut inserted from outside before fitting rear cover
POWER_cover_M2x10_1_-1,pelvis,采购紧固件,metal,1,,M2,10,screw_head_to_drawing,3.8 x 3.8 x 12.0,按螺纹、长度、材料和实际头部包络一起核对,parts/POWER_cover_M2x10_1_-1.step,,M2x10 removable power cover screw
POWER_cover_nut_1_-1,pelvis,加工金属,metal,1,,,,,1.6 x 4.0 x 4.619,按 STEP 加工并检验配合；复杂框架先反馈 DFM,parts/POWER_cover_nut_1_-1.step,,M2 captive nut inserted from outside before fitting rear cover
POWER_cover_M2x10_1_1,pelvis,采购紧固件,metal,1,,M2,10,screw_head_to_drawing,3.8 x 3.8 x 12.0,按螺纹、长度、材料和实际头部包络一起核对,parts/POWER_cover_M2x10_1_1.step,,M2x10 removable power cover screw
POWER_cover_nut_1_1,pelvis,加工金属,metal,1,,,,,1.6 x 4.0 x 4.619,按 STEP 加工并检验配合；复杂框架先反馈 DFM,parts/POWER_cover_nut_1_1.step,,M2 captive nut inserted from outside before fitting rear cover
POWER_PCBA,pelvis,PCBA内含,pcb_component,1,,,,,15.2 x 40.0 x 70.3,按电子板成套，不按机械实体重复采购,parts/POWER_PCBA.step,,"Native KiCad power board plus jack, terminal and F0 maximum-body allocations; bought assembly, internal overlaps intentional"
WIRE_upperarm_l_saddle,upperarm_l,打印,frame,1,,,,,6.0 x 6.451 x 6.8,PLA 候选，按随件 STL 和切片复核要求,parts/WIRE_upperarm_l_saddle.step,print_candidates/WIRE_upperarm_l_saddle.stl,"4.8 mm open wire saddle, .4 mm installed silicone pad, 2.5 mm PA66 cable tie; no rotating shaft contact"
WIRE_upperarm_l_pad,upperarm_l,模切软垫,silicone,1,,,,,0.4 x 6.0 x 6.0,硅胶片；CAD 安装厚度，见自由厚度说明,parts/WIRE_upperarm_l_pad.step,,"4.8 mm open wire saddle, .4 mm installed silicone pad, 2.5 mm PA66 cable tie; no rotating shaft contact"
WIRE_upperarm_l_strap,upperarm_l,采购辅件,nylon,1,,,,,2.5 x 13.6 x 18.451,PA66 2.5 mm 宽扎带；按装配长度修整,parts/WIRE_upperarm_l_strap.step,,"4.8 mm open wire saddle, .4 mm installed silicone pad, 2.5 mm PA66 cable tie; no rotating shaft contact"
WIRE_forearm_l_saddle,forearm_l,打印,frame,1,,,,,6.0 x 6.451 x 6.8,PLA 候选，按随件 STL 和切片复核要求,parts/WIRE_forearm_l_saddle.step,print_candidates/WIRE_forearm_l_saddle.stl,"4.8 mm open wire saddle, .4 mm installed silicone pad, 2.5 mm PA66 cable tie; no rotating shaft contact"
WIRE_forearm_l_pad,forearm_l,模切软垫,silicone,1,,,,,0.4 x 6.0 x 6.0,硅胶片；CAD 安装厚度，见自由厚度说明,parts/WIRE_forearm_l_pad.step,,"4.8 mm open wire saddle, .4 mm installed silicone pad, 2.5 mm PA66 cable tie; no rotating shaft contact"
WIRE_forearm_l_strap,forearm_l,采购辅件,nylon,1,,,,,2.5 x 8.4 x 14.451,PA66 2.5 mm 宽扎带；按装配长度修整,parts/WIRE_forearm_l_strap.step,,"4.8 mm open wire saddle, .4 mm installed silicone pad, 2.5 mm PA66 cable tie; no rotating shaft contact"
WIRE_thigh_l_saddle,thigh_l,打印,frame,1,,,,,6.0 x 6.451 x 6.8,PLA 候选，按随件 STL 和切片复核要求,parts/WIRE_thigh_l_saddle.step,print_candidates/WIRE_thigh_l_saddle.stl,"4.8 mm open wire saddle, .4 mm installed silicone pad, 2.5 mm PA66 cable tie; no rotating shaft contact"
WIRE_thigh_l_pad,thigh_l,模切软垫,silicone,1,,,,,0.4 x 6.0 x 6.0,硅胶片；CAD 安装厚度，见自由厚度说明,parts/WIRE_thigh_l_pad.step,,"4.8 mm open wire saddle, .4 mm installed silicone pad, 2.5 mm PA66 cable tie; no rotating shaft contact"
WIRE_thigh_l_strap,thigh_l,采购辅件,nylon,1,,,,,2.5 x 13.6 x 18.451,PA66 2.5 mm 宽扎带；按装配长度修整,parts/WIRE_thigh_l_strap.step,,"4.8 mm open wire saddle, .4 mm installed silicone pad, 2.5 mm PA66 cable tie; no rotating shaft contact"
WIRE_calf_l_saddle,calf_l,打印,frame,1,,,,,6.0 x 6.451 x 6.8,PLA 候选，按随件 STL 和切片复核要求,parts/WIRE_calf_l_saddle.step,print_candidates/WIRE_calf_l_saddle.stl,"4.8 mm open wire saddle, .4 mm installed silicone pad, 2.5 mm PA66 cable tie; no rotating shaft contact"
WIRE_calf_l_pad,calf_l,模切软垫,silicone,1,,,,,0.4 x 6.0 x 6.0,硅胶片；CAD 安装厚度，见自由厚度说明,parts/WIRE_calf_l_pad.step,,"4.8 mm open wire saddle, .4 mm installed silicone pad, 2.5 mm PA66 cable tie; no rotating shaft contact"
WIRE_calf_l_strap,calf_l,采购辅件,nylon,1,,,,,2.5 x 13.6 x 18.451,PA66 2.5 mm 宽扎带；按装配长度修整,parts/WIRE_calf_l_strap.step,,"4.8 mm open wire saddle, .4 mm installed silicone pad, 2.5 mm PA66 cable tie; no rotating shaft contact"
WIRE_upperarm_r_saddle,upperarm_r,打印,frame,1,,,,,6.0 x 6.451 x 6.8,PLA 候选，按随件 STL 和切片复核要求,parts/WIRE_upperarm_r_saddle.step,print_candidates/WIRE_upperarm_r_saddle.stl,"4.8 mm open wire saddle, .4 mm installed silicone pad, 2.5 mm PA66 cable tie; no rotating shaft contact"
WIRE_upperarm_r_pad,upperarm_r,模切软垫,silicone,1,,,,,0.4 x 6.0 x 6.0,硅胶片；CAD 安装厚度，见自由厚度说明,parts/WIRE_upperarm_r_pad.step,,"4.8 mm open wire saddle, .4 mm installed silicone pad, 2.5 mm PA66 cable tie; no rotating shaft contact"
WIRE_upperarm_r_strap,upperarm_r,采购辅件,nylon,1,,,,,2.5 x 13.6 x 18.451,PA66 2.5 mm 宽扎带；按装配长度修整,parts/WIRE_upperarm_r_strap.step,,"4.8 mm open wire saddle, .4 mm installed silicone pad, 2.5 mm PA66 cable tie; no rotating shaft contact"
WIRE_forearm_r_saddle,forearm_r,打印,frame,1,,,,,6.0 x 6.451 x 6.8,PLA 候选，按随件 STL 和切片复核要求,parts/WIRE_forearm_r_saddle.step,print_candidates/WIRE_forearm_r_saddle.stl,"4.8 mm open wire saddle, .4 mm installed silicone pad, 2.5 mm PA66 cable tie; no rotating shaft contact"
WIRE_forearm_r_pad,forearm_r,模切软垫,silicone,1,,,,,0.4 x 6.0 x 6.0,硅胶片；CAD 安装厚度，见自由厚度说明,parts/WIRE_forearm_r_pad.step,,"4.8 mm open wire saddle, .4 mm installed silicone pad, 2.5 mm PA66 cable tie; no rotating shaft contact"
WIRE_forearm_r_strap,forearm_r,采购辅件,nylon,1,,,,,2.5 x 8.4 x 14.451,PA66 2.5 mm 宽扎带；按装配长度修整,parts/WIRE_forearm_r_strap.step,,"4.8 mm open wire saddle, .4 mm installed silicone pad, 2.5 mm PA66 cable tie; no rotating shaft contact"
WIRE_thigh_r_saddle,thigh_r,打印,frame,1,,,,,6.0 x 6.451 x 6.8,PLA 候选，按随件 STL 和切片复核要求,parts/WIRE_thigh_r_saddle.step,print_candidates/WIRE_thigh_r_saddle.stl,"4.8 mm open wire saddle, .4 mm installed silicone pad, 2.5 mm PA66 cable tie; no rotating shaft contact"
WIRE_thigh_r_pad,thigh_r,模切软垫,silicone,1,,,,,0.4 x 6.0 x 6.0,硅胶片；CAD 安装厚度，见自由厚度说明,parts/WIRE_thigh_r_pad.step,,"4.8 mm open wire saddle, .4 mm installed silicone pad, 2.5 mm PA66 cable tie; no rotating shaft contact"
WIRE_thigh_r_strap,thigh_r,采购辅件,nylon,1,,,,,2.5 x 13.6 x 18.451,PA66 2.5 mm 宽扎带；按装配长度修整,parts/WIRE_thigh_r_strap.step,,"4.8 mm open wire saddle, .4 mm installed silicone pad, 2.5 mm PA66 cable tie; no rotating shaft contact"
WIRE_calf_r_saddle,calf_r,打印,frame,1,,,,,6.0 x 6.451 x 6.8,PLA 候选，按随件 STL 和切片复核要求,parts/WIRE_calf_r_saddle.step,print_candidates/WIRE_calf_r_saddle.stl,"4.8 mm open wire saddle, .4 mm installed silicone pad, 2.5 mm PA66 cable tie; no rotating shaft contact"
WIRE_calf_r_pad,calf_r,模切软垫,silicone,1,,,,,0.4 x 6.0 x 6.0,硅胶片；CAD 安装厚度，见自由厚度说明,parts/WIRE_calf_r_pad.step,,"4.8 mm open wire saddle, .4 mm installed silicone pad, 2.5 mm PA66 cable tie; no rotating shaft contact"
WIRE_calf_r_strap,calf_r,采购辅件,nylon,1,,,,,2.5 x 13.6 x 18.451,PA66 2.5 mm 宽扎带；按装配长度修整,parts/WIRE_calf_r_strap.step,,"4.8 mm open wire saddle, .4 mm installed silicone pad, 2.5 mm PA66 cable tie; no rotating shaft contact"
upperarm_l_cover_M2x20_0,upperarm_l,采购紧固件,metal,1,,M2,20,screw_head_to_drawing,3.8 x 3.8 x 22.0,按螺纹、长度、材料和实际头部包络一起核对,parts/upperarm_l_cover_M2x20_0.step,,M2x20 socket screw; straight front access; cover attachment only
upperarm_l_cover_nut_M2_0,upperarm_l,采购紧固件,metal,1,,M2,,hex_nut,1.6 x 4.0 x 4.619,按螺纹、长度、材料和实际头部包络一起核对,parts/upperarm_l_cover_nut_M2_0.step,,M2 regular nut in AF4.2 rear cover pocket; install before cover closure
upperarm_l_cover_M2x20_1,upperarm_l,采购紧固件,metal,1,,M2,20,screw_head_to_drawing,3.8 x 3.8 x 22.0,按螺纹、长度、材料和实际头部包络一起核对,parts/upperarm_l_cover_M2x20_1.step,,M2x20 socket screw; straight front access; cover attachment only
upperarm_l_cover_nut_M2_1,upperarm_l,采购紧固件,metal,1,,M2,,hex_nut,1.6 x 4.0 x 4.619,按螺纹、长度、材料和实际头部包络一起核对,parts/upperarm_l_cover_nut_M2_1.step,,M2 regular nut in AF4.2 rear cover pocket; install before cover closure
forearm_l_cover_M2x20_0,forearm_l,采购紧固件,metal,1,,M2,20,screw_head_to_drawing,3.8 x 3.8 x 22.0,按螺纹、长度、材料和实际头部包络一起核对,parts/forearm_l_cover_M2x20_0.step,,M2x20 socket screw; straight front access; cover attachment only
forearm_l_cover_nut_M2_0,forearm_l,采购紧固件,metal,1,,M2,,hex_nut,1.6 x 4.0 x 4.619,按螺纹、长度、材料和实际头部包络一起核对,parts/forearm_l_cover_nut_M2_0.step,,M2 regular nut in AF4.2 rear cover pocket; install before cover closure
upperarm_r_cover_M2x20_0,upperarm_r,采购紧固件,metal,1,,M2,20,screw_head_to_drawing,3.8 x 3.8 x 22.0,按螺纹、长度、材料和实际头部包络一起核对,parts/upperarm_r_cover_M2x20_0.step,,M2x20 socket screw; straight front access; cover attachment only
upperarm_r_cover_nut_M2_0,upperarm_r,采购紧固件,metal,1,,M2,,hex_nut,1.6 x 4.0 x 4.619,按螺纹、长度、材料和实际头部包络一起核对,parts/upperarm_r_cover_nut_M2_0.step,,M2 regular nut in AF4.2 rear cover pocket; install before cover closure
upperarm_r_cover_M2x20_1,upperarm_r,采购紧固件,metal,1,,M2,20,screw_head_to_drawing,3.8 x 3.8 x 22.0,按螺纹、长度、材料和实际头部包络一起核对,parts/upperarm_r_cover_M2x20_1.step,,M2x20 socket screw; straight front access; cover attachment only
upperarm_r_cover_nut_M2_1,upperarm_r,采购紧固件,metal,1,,M2,,hex_nut,1.6 x 4.0 x 4.619,按螺纹、长度、材料和实际头部包络一起核对,parts/upperarm_r_cover_nut_M2_1.step,,M2 regular nut in AF4.2 rear cover pocket; install before cover closure
forearm_r_cover_M2x20_0,forearm_r,采购紧固件,metal,1,,M2,20,screw_head_to_drawing,3.8 x 3.8 x 22.0,按螺纹、长度、材料和实际头部包络一起核对,parts/forearm_r_cover_M2x20_0.step,,M2x20 socket screw; straight front access; cover attachment only
forearm_r_cover_nut_M2_0,forearm_r,采购紧固件,metal,1,,M2,,hex_nut,1.6 x 4.0 x 4.619,按螺纹、长度、材料和实际头部包络一起核对,parts/forearm_r_cover_nut_M2_0.step,,M2 regular nut in AF4.2 rear cover pocket; install before cover closure
