ISO-10303-21;
HEADER;
FILE_DESCRIPTION(('KiCad electronic assembly'),'2;1');
FILE_NAME('sensor_large_sh.step','2026-09-23T09:19:00',('Pcbnew'),(
    'Kicad'),'Open CASCADE STEP processor 7.9','KiCad to STEP converter'
  ,'Unknown');
FILE_SCHEMA(('AUTOMOTIVE_DESIGN { 1 0 10303 214 1 1 1 1 }'));
ENDSEC;
DATA;
#1 = APPLICATION_PROTOCOL_DEFINITION('international standard',
  'automotive_design',2000,#2);
#2 = APPLICATION_CONTEXT(
  'core data for automotive mechanical design processes');
#3 = SHAPE_DEFINITION_REPRESENTATION(#4,#10);
#4 = PRODUCT_DEFINITION_SHAPE('','',#5);
#5 = PRODUCT_DEFINITION('design','',#6,#9);
#6 = PRODUCT_DEFINITION_FORMATION('','',#7);
#7 = PRODUCT('sensor_large_sh 1','sensor_large_sh 1','',(#8));
#8 = PRODUCT_CONTEXT('',#2,'mechanical');
#9 = PRODUCT_DEFINITION_CONTEXT('part definition',#2,'design');
#10 = SHAPE_REPRESENTATION('',(#11,#15,#19,#23,#27,#31,#35,#39),#43);
#11 = AXIS2_PLACEMENT_3D('',#12,#13,#14);
#12 = CARTESIAN_POINT('',(0.,0.,0.));
#13 = DIRECTION('',(0.,0.,1.));
#14 = DIRECTION('',(1.,0.,-0.));
#15 = AXIS2_PLACEMENT_3D('',#16,#17,#18);
#16 = CARTESIAN_POINT('',(-6.,-2.4,1.595));
#17 = DIRECTION('',(0.,0.,1.));
#18 = DIRECTION('',(1.,0.,0.));
#19 = AXIS2_PLACEMENT_3D('',#20,#21,#22);
#20 = CARTESIAN_POINT('',(5.7,1.4,1.595));
#21 = DIRECTION('',(0.,0.,1.));
#22 = DIRECTION('',(1.,0.,0.));
#23 = AXIS2_PLACEMENT_3D('',#24,#25,#26);
#24 = CARTESIAN_POINT('',(0.,0.,1.595));
#25 = DIRECTION('',(0.,0.,1.));
#26 = DIRECTION('',(1.,0.,0.));
#27 = AXIS2_PLACEMENT_3D('',#28,#29,#30);
#28 = CARTESIAN_POINT('',(5.7,-2.3,1.595));
#29 = DIRECTION('',(0.,0.,1.));
#30 = DIRECTION('',(1.,0.,0.));
#31 = AXIS2_PLACEMENT_3D('',#32,#33,#34);
#32 = CARTESIAN_POINT('',(-6.,0.65,1.595));
#33 = DIRECTION('',(0.,0.,1.));
#34 = DIRECTION('',(-1.,1.224646799147E-16,0.));
#35 = AXIS2_PLACEMENT_3D('',#36,#37,#38);
#36 = CARTESIAN_POINT('',(1.274795815263E-33,6.6,-8.5E-02));
#37 = DIRECTION('',(1.499759782662E-32,1.224646799147E-16,-1.));
#38 = DIRECTION('',(-1.,1.224646799147E-16,0.));
#39 = AXIS2_PLACEMENT_3D('',#40,#41,#42);
#40 = CARTESIAN_POINT('',(0.,0.,0.));
#41 = DIRECTION('',(0.,0.,1.));
#42 = DIRECTION('',(1.,0.,-0.));
#43 = ( GEOMETRIC_REPRESENTATION_CONTEXT(3) 
GLOBAL_UNCERTAINTY_ASSIGNED_CONTEXT((#47)) GLOBAL_UNIT_ASSIGNED_CONTEXT(
(#44,#45,#46)) REPRESENTATION_CONTEXT('Context #1',
  '3D Context with UNIT and UNCERTAINTY') );
#44 = ( LENGTH_UNIT() NAMED_UNIT(*) SI_UNIT(.MILLI.,.METRE.) );
#45 = ( NAMED_UNIT(*) PLANE_ANGLE_UNIT() SI_UNIT($,.RADIAN.) );
#46 = ( NAMED_UNIT(*) SI_UNIT($,.STERADIAN.) SOLID_ANGLE_UNIT() );
#47 = UNCERTAINTY_MEASURE_WITH_UNIT(LENGTH_MEASURE(1.E-07),#44,
  'distance_accuracy_value','confusion accuracy');
#48 = PRODUCT_RELATED_PRODUCT_CATEGORY('part',$,(#7));
#49 = SHAPE_DEFINITION_REPRESENTATION(#50,#56);
#50 = PRODUCT_DEFINITION_SHAPE('','',#51);
#51 = PRODUCT_DEFINITION('design','',#52,#55);
#52 = PRODUCT_DEFINITION_FORMATION('','',#53);
#53 = PRODUCT('R_0603_1608Metric','R_0603_1608Metric','',(#54));
#54 = PRODUCT_CONTEXT('',#2,'mechanical');
#55 = PRODUCT_DEFINITION_CONTEXT('part definition',#2,'design');
#56 = SHAPE_REPRESENTATION('',(#11,#57),#61);
#57 = AXIS2_PLACEMENT_3D('',#58,#59,#60);
#58 = CARTESIAN_POINT('',(0.,0.,0.));
#59 = DIRECTION('',(0.,0.,1.));
#60 = DIRECTION('',(1.,0.,-0.));
#61 = ( GEOMETRIC_REPRESENTATION_CONTEXT(3) 
GLOBAL_UNCERTAINTY_ASSIGNED_CONTEXT((#65)) GLOBAL_UNIT_ASSIGNED_CONTEXT(
(#62,#63,#64)) REPRESENTATION_CONTEXT('Context #1',
  '3D Context with UNIT and UNCERTAINTY') );
#62 = ( LENGTH_UNIT() NAMED_UNIT(*) SI_UNIT(.MILLI.,.METRE.) );
#63 = ( NAMED_UNIT(*) PLANE_ANGLE_UNIT() SI_UNIT($,.RADIAN.) );
#64 = ( NAMED_UNIT(*) SI_UNIT($,.STERADIAN.) SOLID_ANGLE_UNIT() );
#65 = UNCERTAINTY_MEASURE_WITH_UNIT(LENGTH_MEASURE(1.E-07),#62,
  'distance_accuracy_value','confusion accuracy');
#66 = CONTEXT_DEPENDENT_SHAPE_REPRESENTATION(#67,#69);
#67 = ( REPRESENTATION_RELATIONSHIP('','',#56,#10) 
REPRESENTATION_RELATIONSHIP_WITH_TRANSFORMATION(#68) 
SHAPE_REPRESENTATION_RELATIONSHIP() );
#68 = ITEM_DEFINED_TRANSFORMATION('','',#11,#15);
#69 = PRODUCT_DEFINITION_SHAPE('Placement','Placement of an item',#70);
#70 = NEXT_ASSEMBLY_USAGE_OCCURRENCE('2','R2','',#5,#51,$);
#71 = PRODUCT_RELATED_PRODUCT_CATEGORY('part',$,(#53));
#72 = SHAPE_DEFINITION_REPRESENTATION(#73,#79);
#73 = PRODUCT_DEFINITION_SHAPE('','',#74);
#74 = PRODUCT_DEFINITION('design','',#75,#78);
#75 = PRODUCT_DEFINITION_FORMATION('','',#76);
#76 = PRODUCT('R_0603_1608Metric','R_0603_1608Metric','',(#77));
#77 = PRODUCT_CONTEXT('',#2,'mechanical');
#78 = PRODUCT_DEFINITION_CONTEXT('part definition',#2,'design');
#79 = ADVANCED_BREP_SHAPE_REPRESENTATION('',(#11,#80),#870);
#80 = MANIFOLD_SOLID_BREP('',#81);
#81 = CLOSED_SHELL('',(#82,#122,#205,#230,#255,#322,#339,#356,#405,#422,
    #439,#488,#505,#574,#605,#629,#698,#722,#739,#756,#773,#790,#807,
    #824,#841,#858));
#82 = ADVANCED_FACE('',(#83),#117,.F.);
#83 = FACE_BOUND('',#84,.F.);
#84 = EDGE_LOOP('',(#85,#95,#103,#111));
#85 = ORIENTED_EDGE('',*,*,#86,.F.);
#86 = EDGE_CURVE('',#87,#89,#91,.T.);
#87 = VERTEX_POINT('',#88);
#88 = CARTESIAN_POINT('',(-0.8,-0.4,4.5E-02));
#89 = VERTEX_POINT('',#90);
#90 = CARTESIAN_POINT('',(-0.8,-0.4,0.405));
#91 = LINE('',#92,#93);
#92 = CARTESIAN_POINT('',(-0.8,-0.4,0.));
#93 = VECTOR('',#94,1.);
#94 = DIRECTION('',(0.,0.,1.));
#95 = ORIENTED_EDGE('',*,*,#96,.T.);
#96 = EDGE_CURVE('',#87,#97,#99,.T.);
#97 = VERTEX_POINT('',#98);
#98 = CARTESIAN_POINT('',(-0.8,0.4,4.5E-02));
#99 = LINE('',#100,#101);
#100 = CARTESIAN_POINT('',(-0.8,-0.4,4.5E-02));
#101 = VECTOR('',#102,1.);
#102 = DIRECTION('',(0.,1.,0.));
#103 = ORIENTED_EDGE('',*,*,#104,.T.);
#104 = EDGE_CURVE('',#97,#105,#107,.T.);
#105 = VERTEX_POINT('',#106);
#106 = CARTESIAN_POINT('',(-0.8,0.4,0.405));
#107 = LINE('',#108,#109);
#108 = CARTESIAN_POINT('',(-0.8,0.4,0.));
#109 = VECTOR('',#110,1.);
#110 = DIRECTION('',(0.,0.,1.));
#111 = ORIENTED_EDGE('',*,*,#112,.F.);
#112 = EDGE_CURVE('',#89,#105,#113,.T.);
#113 = LINE('',#114,#115);
#114 = CARTESIAN_POINT('',(-0.8,-0.4,0.405));
#115 = VECTOR('',#116,1.);
#116 = DIRECTION('',(0.,1.,0.));
#117 = PLANE('',#118);
#118 = AXIS2_PLACEMENT_3D('',#119,#120,#121);
#119 = CARTESIAN_POINT('',(-0.8,-0.4,0.));
#120 = DIRECTION('',(1.,0.,0.));
#121 = DIRECTION('',(0.,0.,1.));
#122 = ADVANCED_FACE('',(#123),#200,.F.);
#123 = FACE_BOUND('',#124,.F.);
#124 = EDGE_LOOP('',(#125,#135,#142,#143,#152,#160,#169,#177,#185,#193)
  );
#125 = ORIENTED_EDGE('',*,*,#126,.F.);
#126 = EDGE_CURVE('',#127,#129,#131,.T.);
#127 = VERTEX_POINT('',#128);
#128 = CARTESIAN_POINT('',(-0.755,-0.4,-2.775557561563E-17));
#129 = VERTEX_POINT('',#130);
#130 = CARTESIAN_POINT('',(-0.545,-0.4,-2.775557561563E-17));
#131 = LINE('',#132,#133);
#132 = CARTESIAN_POINT('',(-0.8,-0.4,0.));
#133 = VECTOR('',#134,1.);
#134 = DIRECTION('',(1.,0.,0.));
#135 = ORIENTED_EDGE('',*,*,#136,.F.);
#136 = EDGE_CURVE('',#87,#127,#137,.T.);
#137 = CIRCLE('',#138,4.5E-02);
#138 = AXIS2_PLACEMENT_3D('',#139,#140,#141);
#139 = CARTESIAN_POINT('',(-0.755,-0.4,4.5E-02));
#140 = DIRECTION('',(0.,-1.,0.));
#141 = DIRECTION('',(0.,0.,1.));
#142 = ORIENTED_EDGE('',*,*,#86,.T.);
#143 = ORIENTED_EDGE('',*,*,#144,.T.);
#144 = EDGE_CURVE('',#89,#145,#147,.T.);
#145 = VERTEX_POINT('',#146);
#146 = CARTESIAN_POINT('',(-0.755,-0.4,0.45));
#147 = CIRCLE('',#148,4.5E-02);
#148 = AXIS2_PLACEMENT_3D('',#149,#150,#151);
#149 = CARTESIAN_POINT('',(-0.755,-0.4,0.405));
#150 = DIRECTION('',(0.,1.,0.));
#151 = DIRECTION('',(0.,-0.,1.));
#152 = ORIENTED_EDGE('',*,*,#153,.T.);
#153 = EDGE_CURVE('',#145,#154,#156,.T.);
#154 = VERTEX_POINT('',#155);
#155 = CARTESIAN_POINT('',(-0.545,-0.4,0.45));
#156 = LINE('',#157,#158);
#157 = CARTESIAN_POINT('',(-0.8,-0.4,0.45));
#158 = VECTOR('',#159,1.);
#159 = DIRECTION('',(1.,0.,0.));
#160 = ORIENTED_EDGE('',*,*,#161,.F.);
#161 = EDGE_CURVE('',#162,#154,#164,.T.);
#162 = VERTEX_POINT('',#163);
#163 = CARTESIAN_POINT('',(-0.5,-0.4,0.405));
#164 = CIRCLE('',#165,4.5E-02);
#165 = AXIS2_PLACEMENT_3D('',#166,#167,#168);
#166 = CARTESIAN_POINT('',(-0.545,-0.4,0.405));
#167 = DIRECTION('',(0.,-1.,0.));
#168 = DIRECTION('',(0.,0.,1.));
#169 = ORIENTED_EDGE('',*,*,#170,.F.);
#170 = EDGE_CURVE('',#171,#162,#173,.T.);
#171 = VERTEX_POINT('',#172);
#172 = CARTESIAN_POINT('',(-0.755,-0.4,0.405));
#173 = LINE('',#174,#175);
#174 = CARTESIAN_POINT('',(-0.755,-0.4,0.405));
#175 = VECTOR('',#176,1.);
#176 = DIRECTION('',(1.,0.,0.));
#177 = ORIENTED_EDGE('',*,*,#178,.F.);
#178 = EDGE_CURVE('',#179,#171,#181,.T.);
#179 = VERTEX_POINT('',#180);
#180 = CARTESIAN_POINT('',(-0.755,-0.4,4.5E-02));
#181 = LINE('',#182,#183);
#182 = CARTESIAN_POINT('',(-0.755,-0.4,4.5E-02));
#183 = VECTOR('',#184,1.);
#184 = DIRECTION('',(0.,0.,1.));
#185 = ORIENTED_EDGE('',*,*,#186,.T.);
#186 = EDGE_CURVE('',#179,#187,#189,.T.);
#187 = VERTEX_POINT('',#188);
#188 = CARTESIAN_POINT('',(-0.5,-0.4,4.5E-02));
#189 = LINE('',#190,#191);
#190 = CARTESIAN_POINT('',(-0.755,-0.4,4.5E-02));
#191 = VECTOR('',#192,1.);
#192 = DIRECTION('',(1.,0.,0.));
#193 = ORIENTED_EDGE('',*,*,#194,.T.);
#194 = EDGE_CURVE('',#187,#129,#195,.T.);
#195 = CIRCLE('',#196,4.5E-02);
#196 = AXIS2_PLACEMENT_3D('',#197,#198,#199);
#197 = CARTESIAN_POINT('',(-0.545,-0.4,4.5E-02));
#198 = DIRECTION('',(0.,1.,0.));
#199 = DIRECTION('',(0.,-0.,1.));
#200 = PLANE('',#201);
#201 = AXIS2_PLACEMENT_3D('',#202,#203,#204);
#202 = CARTESIAN_POINT('',(-0.8,-0.4,0.));
#203 = DIRECTION('',(0.,1.,0.));
#204 = DIRECTION('',(0.,-0.,1.));
#205 = ADVANCED_FACE('',(#206),#225,.T.);
#206 = FACE_BOUND('',#207,.T.);
#207 = EDGE_LOOP('',(#208,#209,#218,#224));
#208 = ORIENTED_EDGE('',*,*,#96,.T.);
#209 = ORIENTED_EDGE('',*,*,#210,.T.);
#210 = EDGE_CURVE('',#97,#211,#213,.T.);
#211 = VERTEX_POINT('',#212);
#212 = CARTESIAN_POINT('',(-0.755,0.4,-2.775557561563E-17));
#213 = CIRCLE('',#214,4.5E-02);
#214 = AXIS2_PLACEMENT_3D('',#215,#216,#217);
#215 = CARTESIAN_POINT('',(-0.755,0.4,4.5E-02));
#216 = DIRECTION('',(0.,-1.,0.));
#217 = DIRECTION('',(0.,0.,1.));
#218 = ORIENTED_EDGE('',*,*,#219,.F.);
#219 = EDGE_CURVE('',#127,#211,#220,.T.);
#220 = LINE('',#221,#222);
#221 = CARTESIAN_POINT('',(-0.755,-0.4,-2.775557561563E-17));
#222 = VECTOR('',#223,1.);
#223 = DIRECTION('',(0.,1.,0.));
#224 = ORIENTED_EDGE('',*,*,#136,.F.);
#225 = CYLINDRICAL_SURFACE('',#226,4.5E-02);
#226 = AXIS2_PLACEMENT_3D('',#227,#228,#229);
#227 = CARTESIAN_POINT('',(-0.755,-0.4,4.5E-02));
#228 = DIRECTION('',(0.,1.,0.));
#229 = DIRECTION('',(-1.,0.,0.));
#230 = ADVANCED_FACE('',(#231),#250,.T.);
#231 = FACE_BOUND('',#232,.T.);
#232 = EDGE_LOOP('',(#233,#234,#242,#249));
#233 = ORIENTED_EDGE('',*,*,#144,.T.);
#234 = ORIENTED_EDGE('',*,*,#235,.T.);
#235 = EDGE_CURVE('',#145,#236,#238,.T.);
#236 = VERTEX_POINT('',#237);
#237 = CARTESIAN_POINT('',(-0.755,0.4,0.45));
#238 = LINE('',#239,#240);
#239 = CARTESIAN_POINT('',(-0.755,-0.4,0.45));
#240 = VECTOR('',#241,1.);
#241 = DIRECTION('',(0.,1.,0.));
#242 = ORIENTED_EDGE('',*,*,#243,.F.);
#243 = EDGE_CURVE('',#105,#236,#244,.T.);
#244 = CIRCLE('',#245,4.5E-02);
#245 = AXIS2_PLACEMENT_3D('',#246,#247,#248);
#246 = CARTESIAN_POINT('',(-0.755,0.4,0.405));
#247 = DIRECTION('',(0.,1.,0.));
#248 = DIRECTION('',(0.,-0.,1.));
#249 = ORIENTED_EDGE('',*,*,#112,.F.);
#250 = CYLINDRICAL_SURFACE('',#251,4.5E-02);
#251 = AXIS2_PLACEMENT_3D('',#252,#253,#254);
#252 = CARTESIAN_POINT('',(-0.755,-0.4,0.405));
#253 = DIRECTION('',(0.,1.,0.));
#254 = DIRECTION('',(-1.,0.,0.));
#255 = ADVANCED_FACE('',(#256),#317,.T.);
#256 = FACE_BOUND('',#257,.T.);
#257 = EDGE_LOOP('',(#258,#266,#267,#268,#269,#277,#286,#294,#302,#310)
  );
#258 = ORIENTED_EDGE('',*,*,#259,.F.);
#259 = EDGE_CURVE('',#211,#260,#262,.T.);
#260 = VERTEX_POINT('',#261);
#261 = CARTESIAN_POINT('',(-0.545,0.4,-2.775557561563E-17));
#262 = LINE('',#263,#264);
#263 = CARTESIAN_POINT('',(-0.8,0.4,0.));
#264 = VECTOR('',#265,1.);
#265 = DIRECTION('',(1.,0.,0.));
#266 = ORIENTED_EDGE('',*,*,#210,.F.);
#267 = ORIENTED_EDGE('',*,*,#104,.T.);
#268 = ORIENTED_EDGE('',*,*,#243,.T.);
#269 = ORIENTED_EDGE('',*,*,#270,.T.);
#270 = EDGE_CURVE('',#236,#271,#273,.T.);
#271 = VERTEX_POINT('',#272);
#272 = CARTESIAN_POINT('',(-0.545,0.4,0.45));
#273 = LINE('',#274,#275);
#274 = CARTESIAN_POINT('',(-0.8,0.4,0.45));
#275 = VECTOR('',#276,1.);
#276 = DIRECTION('',(1.,0.,0.));
#277 = ORIENTED_EDGE('',*,*,#278,.F.);
#278 = EDGE_CURVE('',#279,#271,#281,.T.);
#279 = VERTEX_POINT('',#280);
#280 = CARTESIAN_POINT('',(-0.5,0.4,0.405));
#281 = CIRCLE('',#282,4.5E-02);
#282 = AXIS2_PLACEMENT_3D('',#283,#284,#285);
#283 = CARTESIAN_POINT('',(-0.545,0.4,0.405));
#284 = DIRECTION('',(0.,-1.,0.));
#285 = DIRECTION('',(0.,0.,1.));
#286 = ORIENTED_EDGE('',*,*,#287,.F.);
#287 = EDGE_CURVE('',#288,#279,#290,.T.);
#288 = VERTEX_POINT('',#289);
#289 = CARTESIAN_POINT('',(-0.755,0.4,0.405));
#290 = LINE('',#291,#292);
#291 = CARTESIAN_POINT('',(-0.755,0.4,0.405));
#292 = VECTOR('',#293,1.);
#293 = DIRECTION('',(1.,0.,0.));
#294 = ORIENTED_EDGE('',*,*,#295,.F.);
#295 = EDGE_CURVE('',#296,#288,#298,.T.);
#296 = VERTEX_POINT('',#297);
#297 = CARTESIAN_POINT('',(-0.755,0.4,4.5E-02));
#298 = LINE('',#299,#300);
#299 = CARTESIAN_POINT('',(-0.755,0.4,4.5E-02));
#300 = VECTOR('',#301,1.);
#301 = DIRECTION('',(0.,0.,1.));
#302 = ORIENTED_EDGE('',*,*,#303,.T.);
#303 = EDGE_CURVE('',#296,#304,#306,.T.);
#304 = VERTEX_POINT('',#305);
#305 = CARTESIAN_POINT('',(-0.5,0.4,4.5E-02));
#306 = LINE('',#307,#308);
#307 = CARTESIAN_POINT('',(-0.755,0.4,4.5E-02));
#308 = VECTOR('',#309,1.);
#309 = DIRECTION('',(1.,0.,0.));
#310 = ORIENTED_EDGE('',*,*,#311,.T.);
#311 = EDGE_CURVE('',#304,#260,#312,.T.);
#312 = CIRCLE('',#313,4.5E-02);
#313 = AXIS2_PLACEMENT_3D('',#314,#315,#316);
#314 = CARTESIAN_POINT('',(-0.545,0.4,4.5E-02));
#315 = DIRECTION('',(0.,1.,0.));
#316 = DIRECTION('',(0.,-0.,1.));
#317 = PLANE('',#318);
#318 = AXIS2_PLACEMENT_3D('',#319,#320,#321);
#319 = CARTESIAN_POINT('',(-0.8,0.4,0.));
#320 = DIRECTION('',(0.,1.,0.));
#321 = DIRECTION('',(0.,-0.,1.));
#322 = ADVANCED_FACE('',(#323),#334,.F.);
#323 = FACE_BOUND('',#324,.F.);
#324 = EDGE_LOOP('',(#325,#326,#327,#328));
#325 = ORIENTED_EDGE('',*,*,#259,.F.);
#326 = ORIENTED_EDGE('',*,*,#219,.F.);
#327 = ORIENTED_EDGE('',*,*,#126,.T.);
#328 = ORIENTED_EDGE('',*,*,#329,.T.);
#329 = EDGE_CURVE('',#129,#260,#330,.T.);
#330 = LINE('',#331,#332);
#331 = CARTESIAN_POINT('',(-0.545,-0.4,-2.775557561563E-17));
#332 = VECTOR('',#333,1.);
#333 = DIRECTION('',(0.,1.,0.));
#334 = PLANE('',#335);
#335 = AXIS2_PLACEMENT_3D('',#336,#337,#338);
#336 = CARTESIAN_POINT('',(-0.8,-0.4,0.));
#337 = DIRECTION('',(0.,0.,1.));
#338 = DIRECTION('',(1.,0.,-0.));
#339 = ADVANCED_FACE('',(#340),#351,.T.);
#340 = FACE_BOUND('',#341,.T.);
#341 = EDGE_LOOP('',(#342,#343,#344,#345));
#342 = ORIENTED_EDGE('',*,*,#194,.T.);
#343 = ORIENTED_EDGE('',*,*,#329,.T.);
#344 = ORIENTED_EDGE('',*,*,#311,.F.);
#345 = ORIENTED_EDGE('',*,*,#346,.F.);
#346 = EDGE_CURVE('',#187,#304,#347,.T.);
#347 = LINE('',#348,#349);
#348 = CARTESIAN_POINT('',(-0.5,-0.4,4.5E-02));
#349 = VECTOR('',#350,1.);
#350 = DIRECTION('',(0.,1.,0.));
#351 = CYLINDRICAL_SURFACE('',#352,4.5E-02);
#352 = AXIS2_PLACEMENT_3D('',#353,#354,#355);
#353 = CARTESIAN_POINT('',(-0.545,-0.4,4.5E-02));
#354 = DIRECTION('',(0.,1.,0.));
#355 = DIRECTION('',(1.,0.,0.));
#356 = ADVANCED_FACE('',(#357),#400,.F.);
#357 = FACE_BOUND('',#358,.F.);
#358 = EDGE_LOOP('',(#359,#360,#361,#362,#370,#378,#386,#394));
#359 = ORIENTED_EDGE('',*,*,#186,.F.);
#360 = ORIENTED_EDGE('',*,*,#178,.T.);
#361 = ORIENTED_EDGE('',*,*,#170,.T.);
#362 = ORIENTED_EDGE('',*,*,#363,.T.);
#363 = EDGE_CURVE('',#162,#364,#366,.T.);
#364 = VERTEX_POINT('',#365);
#365 = CARTESIAN_POINT('',(0.5,-0.4,0.405));
#366 = LINE('',#367,#368);
#367 = CARTESIAN_POINT('',(-0.5,-0.4,0.405));
#368 = VECTOR('',#369,1.);
#369 = DIRECTION('',(1.,0.,0.));
#370 = ORIENTED_EDGE('',*,*,#371,.T.);
#371 = EDGE_CURVE('',#364,#372,#374,.T.);
#372 = VERTEX_POINT('',#373);
#373 = CARTESIAN_POINT('',(0.755,-0.4,0.405));
#374 = LINE('',#375,#376);
#375 = CARTESIAN_POINT('',(-0.755,-0.4,0.405));
#376 = VECTOR('',#377,1.);
#377 = DIRECTION('',(1.,0.,0.));
#378 = ORIENTED_EDGE('',*,*,#379,.F.);
#379 = EDGE_CURVE('',#380,#372,#382,.T.);
#380 = VERTEX_POINT('',#381);
#381 = CARTESIAN_POINT('',(0.755,-0.4,4.5E-02));
#382 = LINE('',#383,#384);
#383 = CARTESIAN_POINT('',(0.755,-0.4,4.5E-02));
#384 = VECTOR('',#385,1.);
#385 = DIRECTION('',(0.,0.,1.));
#386 = ORIENTED_EDGE('',*,*,#387,.F.);
#387 = EDGE_CURVE('',#388,#380,#390,.T.);
#388 = VERTEX_POINT('',#389);
#389 = CARTESIAN_POINT('',(0.5,-0.4,4.5E-02));
#390 = LINE('',#391,#392);
#391 = CARTESIAN_POINT('',(-0.755,-0.4,4.5E-02));
#392 = VECTOR('',#393,1.);
#393 = DIRECTION('',(1.,0.,0.));
#394 = ORIENTED_EDGE('',*,*,#395,.F.);
#395 = EDGE_CURVE('',#187,#388,#396,.T.);
#396 = LINE('',#397,#398);
#397 = CARTESIAN_POINT('',(-0.755,-0.4,4.5E-02));
#398 = VECTOR('',#399,1.);
#399 = DIRECTION('',(1.,0.,0.));
#400 = PLANE('',#401);
#401 = AXIS2_PLACEMENT_3D('',#402,#403,#404);
#402 = CARTESIAN_POINT('',(-0.755,-0.4,4.5E-02));
#403 = DIRECTION('',(0.,1.,0.));
#404 = DIRECTION('',(0.,-0.,1.));
#405 = ADVANCED_FACE('',(#406),#417,.T.);
#406 = FACE_BOUND('',#407,.T.);
#407 = EDGE_LOOP('',(#408,#409,#410,#411));
#408 = ORIENTED_EDGE('',*,*,#270,.F.);
#409 = ORIENTED_EDGE('',*,*,#235,.F.);
#410 = ORIENTED_EDGE('',*,*,#153,.T.);
#411 = ORIENTED_EDGE('',*,*,#412,.T.);
#412 = EDGE_CURVE('',#154,#271,#413,.T.);
#413 = LINE('',#414,#415);
#414 = CARTESIAN_POINT('',(-0.545,-0.4,0.45));
#415 = VECTOR('',#416,1.);
#416 = DIRECTION('',(0.,1.,0.));
#417 = PLANE('',#418);
#418 = AXIS2_PLACEMENT_3D('',#419,#420,#421);
#419 = CARTESIAN_POINT('',(-0.8,-0.4,0.45));
#420 = DIRECTION('',(0.,0.,1.));
#421 = DIRECTION('',(1.,0.,-0.));
#422 = ADVANCED_FACE('',(#423),#434,.T.);
#423 = FACE_BOUND('',#424,.T.);
#424 = EDGE_LOOP('',(#425,#431,#432,#433));
#425 = ORIENTED_EDGE('',*,*,#426,.T.);
#426 = EDGE_CURVE('',#162,#279,#427,.T.);
#427 = LINE('',#428,#429);
#428 = CARTESIAN_POINT('',(-0.5,-0.4,0.405));
#429 = VECTOR('',#430,1.);
#430 = DIRECTION('',(0.,1.,0.));
#431 = ORIENTED_EDGE('',*,*,#278,.T.);
#432 = ORIENTED_EDGE('',*,*,#412,.F.);
#433 = ORIENTED_EDGE('',*,*,#161,.F.);
#434 = CYLINDRICAL_SURFACE('',#435,4.5E-02);
#435 = AXIS2_PLACEMENT_3D('',#436,#437,#438);
#436 = CARTESIAN_POINT('',(-0.545,-0.4,0.405));
#437 = DIRECTION('',(0.,1.,0.));
#438 = DIRECTION('',(1.,0.,0.));
#439 = ADVANCED_FACE('',(#440),#483,.T.);
#440 = FACE_BOUND('',#441,.T.);
#441 = EDGE_LOOP('',(#442,#443,#444,#445,#453,#461,#469,#477));
#442 = ORIENTED_EDGE('',*,*,#303,.F.);
#443 = ORIENTED_EDGE('',*,*,#295,.T.);
#444 = ORIENTED_EDGE('',*,*,#287,.T.);
#445 = ORIENTED_EDGE('',*,*,#446,.T.);
#446 = EDGE_CURVE('',#279,#447,#449,.T.);
#447 = VERTEX_POINT('',#448);
#448 = CARTESIAN_POINT('',(0.5,0.4,0.405));
#449 = LINE('',#450,#451);
#450 = CARTESIAN_POINT('',(-0.5,0.4,0.405));
#451 = VECTOR('',#452,1.);
#452 = DIRECTION('',(1.,0.,0.));
#453 = ORIENTED_EDGE('',*,*,#454,.T.);
#454 = EDGE_CURVE('',#447,#455,#457,.T.);
#455 = VERTEX_POINT('',#456);
#456 = CARTESIAN_POINT('',(0.755,0.4,0.405));
#457 = LINE('',#458,#459);
#458 = CARTESIAN_POINT('',(-0.755,0.4,0.405));
#459 = VECTOR('',#460,1.);
#460 = DIRECTION('',(1.,0.,0.));
#461 = ORIENTED_EDGE('',*,*,#462,.F.);
#462 = EDGE_CURVE('',#463,#455,#465,.T.);
#463 = VERTEX_POINT('',#464);
#464 = CARTESIAN_POINT('',(0.755,0.4,4.5E-02));
#465 = LINE('',#466,#467);
#466 = CARTESIAN_POINT('',(0.755,0.4,4.5E-02));
#467 = VECTOR('',#468,1.);
#468 = DIRECTION('',(0.,0.,1.));
#469 = ORIENTED_EDGE('',*,*,#470,.F.);
#470 = EDGE_CURVE('',#471,#463,#473,.T.);
#471 = VERTEX_POINT('',#472);
#472 = CARTESIAN_POINT('',(0.5,0.4,4.5E-02));
#473 = LINE('',#474,#475);
#474 = CARTESIAN_POINT('',(-0.755,0.4,4.5E-02));
#475 = VECTOR('',#476,1.);
#476 = DIRECTION('',(1.,0.,0.));
#477 = ORIENTED_EDGE('',*,*,#478,.F.);
#478 = EDGE_CURVE('',#304,#471,#479,.T.);
#479 = LINE('',#480,#481);
#480 = CARTESIAN_POINT('',(-0.755,0.4,4.5E-02));
#481 = VECTOR('',#482,1.);
#482 = DIRECTION('',(1.,0.,0.));
#483 = PLANE('',#484);
#484 = AXIS2_PLACEMENT_3D('',#485,#486,#487);
#485 = CARTESIAN_POINT('',(-0.755,0.4,4.5E-02));
#486 = DIRECTION('',(0.,1.,0.));
#487 = DIRECTION('',(0.,-0.,1.));
#488 = ADVANCED_FACE('',(#489),#500,.F.);
#489 = FACE_BOUND('',#490,.F.);
#490 = EDGE_LOOP('',(#491,#492,#493,#499));
#491 = ORIENTED_EDGE('',*,*,#346,.F.);
#492 = ORIENTED_EDGE('',*,*,#395,.T.);
#493 = ORIENTED_EDGE('',*,*,#494,.T.);
#494 = EDGE_CURVE('',#388,#471,#495,.T.);
#495 = LINE('',#496,#497);
#496 = CARTESIAN_POINT('',(0.5,-0.4,4.5E-02));
#497 = VECTOR('',#498,1.);
#498 = DIRECTION('',(0.,1.,0.));
#499 = ORIENTED_EDGE('',*,*,#478,.F.);
#500 = PLANE('',#501);
#501 = AXIS2_PLACEMENT_3D('',#502,#503,#504);
#502 = CARTESIAN_POINT('',(-0.755,-0.4,4.5E-02));
#503 = DIRECTION('',(0.,0.,1.));
#504 = DIRECTION('',(1.,0.,-0.));
#505 = ADVANCED_FACE('',(#506),#569,.F.);
#506 = FACE_BOUND('',#507,.F.);
#507 = EDGE_LOOP('',(#508,#518,#525,#526,#527,#528,#537,#545,#554,#562)
  );
#508 = ORIENTED_EDGE('',*,*,#509,.F.);
#509 = EDGE_CURVE('',#510,#512,#514,.T.);
#510 = VERTEX_POINT('',#511);
#511 = CARTESIAN_POINT('',(0.545,-0.4,-2.775557561563E-17));
#512 = VERTEX_POINT('',#513);
#513 = CARTESIAN_POINT('',(0.755,-0.4,-2.775557561563E-17));
#514 = LINE('',#515,#516);
#515 = CARTESIAN_POINT('',(0.5,-0.4,0.));
#516 = VECTOR('',#517,1.);
#517 = DIRECTION('',(1.,0.,0.));
#518 = ORIENTED_EDGE('',*,*,#519,.F.);
#519 = EDGE_CURVE('',#388,#510,#520,.T.);
#520 = CIRCLE('',#521,4.5E-02);
#521 = AXIS2_PLACEMENT_3D('',#522,#523,#524);
#522 = CARTESIAN_POINT('',(0.545,-0.4,4.5E-02));
#523 = DIRECTION('',(0.,-1.,0.));
#524 = DIRECTION('',(0.,0.,1.));
#525 = ORIENTED_EDGE('',*,*,#387,.T.);
#526 = ORIENTED_EDGE('',*,*,#379,.T.);
#527 = ORIENTED_EDGE('',*,*,#371,.F.);
#528 = ORIENTED_EDGE('',*,*,#529,.T.);
#529 = EDGE_CURVE('',#364,#530,#532,.T.);
#530 = VERTEX_POINT('',#531);
#531 = CARTESIAN_POINT('',(0.545,-0.4,0.45));
#532 = CIRCLE('',#533,4.5E-02);
#533 = AXIS2_PLACEMENT_3D('',#534,#535,#536);
#534 = CARTESIAN_POINT('',(0.545,-0.4,0.405));
#535 = DIRECTION('',(0.,1.,0.));
#536 = DIRECTION('',(0.,-0.,1.));
#537 = ORIENTED_EDGE('',*,*,#538,.T.);
#538 = EDGE_CURVE('',#530,#539,#541,.T.);
#539 = VERTEX_POINT('',#540);
#540 = CARTESIAN_POINT('',(0.755,-0.4,0.45));
#541 = LINE('',#542,#543);
#542 = CARTESIAN_POINT('',(0.5,-0.4,0.45));
#543 = VECTOR('',#544,1.);
#544 = DIRECTION('',(1.,0.,0.));
#545 = ORIENTED_EDGE('',*,*,#546,.F.);
#546 = EDGE_CURVE('',#547,#539,#549,.T.);
#547 = VERTEX_POINT('',#548);
#548 = CARTESIAN_POINT('',(0.8,-0.4,0.405));
#549 = CIRCLE('',#550,4.5E-02);
#550 = AXIS2_PLACEMENT_3D('',#551,#552,#553);
#551 = CARTESIAN_POINT('',(0.755,-0.4,0.405));
#552 = DIRECTION('',(0.,-1.,0.));
#553 = DIRECTION('',(0.,0.,1.));
#554 = ORIENTED_EDGE('',*,*,#555,.F.);
#555 = EDGE_CURVE('',#556,#547,#558,.T.);
#556 = VERTEX_POINT('',#557);
#557 = CARTESIAN_POINT('',(0.8,-0.4,4.5E-02));
#558 = LINE('',#559,#560);
#559 = CARTESIAN_POINT('',(0.8,-0.4,0.));
#560 = VECTOR('',#561,1.);
#561 = DIRECTION('',(0.,0.,1.));
#562 = ORIENTED_EDGE('',*,*,#563,.T.);
#563 = EDGE_CURVE('',#556,#512,#564,.T.);
#564 = CIRCLE('',#565,4.5E-02);
#565 = AXIS2_PLACEMENT_3D('',#566,#567,#568);
#566 = CARTESIAN_POINT('',(0.755,-0.4,4.5E-02));
#567 = DIRECTION('',(0.,1.,0.));
#568 = DIRECTION('',(0.,-0.,1.));
#569 = PLANE('',#570);
#570 = AXIS2_PLACEMENT_3D('',#571,#572,#573);
#571 = CARTESIAN_POINT('',(0.5,-0.4,0.));
#572 = DIRECTION('',(0.,1.,0.));
#573 = DIRECTION('',(0.,-0.,1.));
#574 = ADVANCED_FACE('',(#575),#600,.F.);
#575 = FACE_BOUND('',#576,.F.);
#576 = EDGE_LOOP('',(#577,#578,#586,#594));
#577 = ORIENTED_EDGE('',*,*,#363,.F.);
#578 = ORIENTED_EDGE('',*,*,#579,.T.);
#579 = EDGE_CURVE('',#162,#580,#582,.T.);
#580 = VERTEX_POINT('',#581);
#581 = CARTESIAN_POINT('',(-0.5,-0.4,0.45));
#582 = LINE('',#583,#584);
#583 = CARTESIAN_POINT('',(-0.5,-0.4,0.405));
#584 = VECTOR('',#585,1.);
#585 = DIRECTION('',(0.,0.,1.));
#586 = ORIENTED_EDGE('',*,*,#587,.T.);
#587 = EDGE_CURVE('',#580,#588,#590,.T.);
#588 = VERTEX_POINT('',#589);
#589 = CARTESIAN_POINT('',(0.5,-0.4,0.45));
#590 = LINE('',#591,#592);
#591 = CARTESIAN_POINT('',(-0.5,-0.4,0.45));
#592 = VECTOR('',#593,1.);
#593 = DIRECTION('',(1.,0.,0.));
#594 = ORIENTED_EDGE('',*,*,#595,.F.);
#595 = EDGE_CURVE('',#364,#588,#596,.T.);
#596 = LINE('',#597,#598);
#597 = CARTESIAN_POINT('',(0.5,-0.4,0.405));
#598 = VECTOR('',#599,1.);
#599 = DIRECTION('',(0.,0.,1.));
#600 = PLANE('',#601);
#601 = AXIS2_PLACEMENT_3D('',#602,#603,#604);
#602 = CARTESIAN_POINT('',(-0.5,-0.4,0.405));
#603 = DIRECTION('',(0.,1.,0.));
#604 = DIRECTION('',(0.,-0.,1.));
#605 = ADVANCED_FACE('',(#606),#624,.F.);
#606 = FACE_BOUND('',#607,.F.);
#607 = EDGE_LOOP('',(#608,#609,#610,#618));
#608 = ORIENTED_EDGE('',*,*,#579,.F.);
#609 = ORIENTED_EDGE('',*,*,#426,.T.);
#610 = ORIENTED_EDGE('',*,*,#611,.T.);
#611 = EDGE_CURVE('',#279,#612,#614,.T.);
#612 = VERTEX_POINT('',#613);
#613 = CARTESIAN_POINT('',(-0.5,0.4,0.45));
#614 = LINE('',#615,#616);
#615 = CARTESIAN_POINT('',(-0.5,0.4,0.405));
#616 = VECTOR('',#617,1.);
#617 = DIRECTION('',(0.,0.,1.));
#618 = ORIENTED_EDGE('',*,*,#619,.F.);
#619 = EDGE_CURVE('',#580,#612,#620,.T.);
#620 = LINE('',#621,#622);
#621 = CARTESIAN_POINT('',(-0.5,-0.4,0.45));
#622 = VECTOR('',#623,1.);
#623 = DIRECTION('',(0.,1.,0.));
#624 = PLANE('',#625);
#625 = AXIS2_PLACEMENT_3D('',#626,#627,#628);
#626 = CARTESIAN_POINT('',(-0.5,-0.4,0.405));
#627 = DIRECTION('',(1.,0.,0.));
#628 = DIRECTION('',(0.,0.,1.));
#629 = ADVANCED_FACE('',(#630),#693,.T.);
#630 = FACE_BOUND('',#631,.T.);
#631 = EDGE_LOOP('',(#632,#642,#649,#650,#651,#652,#661,#669,#678,#686)
  );
#632 = ORIENTED_EDGE('',*,*,#633,.F.);
#633 = EDGE_CURVE('',#634,#636,#638,.T.);
#634 = VERTEX_POINT('',#635);
#635 = CARTESIAN_POINT('',(0.545,0.4,-2.775557561563E-17));
#636 = VERTEX_POINT('',#637);
#637 = CARTESIAN_POINT('',(0.755,0.4,-2.775557561563E-17));
#638 = LINE('',#639,#640);
#639 = CARTESIAN_POINT('',(0.5,0.4,0.));
#640 = VECTOR('',#641,1.);
#641 = DIRECTION('',(1.,0.,0.));
#642 = ORIENTED_EDGE('',*,*,#643,.F.);
#643 = EDGE_CURVE('',#471,#634,#644,.T.);
#644 = CIRCLE('',#645,4.5E-02);
#645 = AXIS2_PLACEMENT_3D('',#646,#647,#648);
#646 = CARTESIAN_POINT('',(0.545,0.4,4.5E-02));
#647 = DIRECTION('',(0.,-1.,0.));
#648 = DIRECTION('',(0.,0.,1.));
#649 = ORIENTED_EDGE('',*,*,#470,.T.);
#650 = ORIENTED_EDGE('',*,*,#462,.T.);
#651 = ORIENTED_EDGE('',*,*,#454,.F.);
#652 = ORIENTED_EDGE('',*,*,#653,.T.);
#653 = EDGE_CURVE('',#447,#654,#656,.T.);
#654 = VERTEX_POINT('',#655);
#655 = CARTESIAN_POINT('',(0.545,0.4,0.45));
#656 = CIRCLE('',#657,4.5E-02);
#657 = AXIS2_PLACEMENT_3D('',#658,#659,#660);
#658 = CARTESIAN_POINT('',(0.545,0.4,0.405));
#659 = DIRECTION('',(0.,1.,0.));
#660 = DIRECTION('',(0.,-0.,1.));
#661 = ORIENTED_EDGE('',*,*,#662,.T.);
#662 = EDGE_CURVE('',#654,#663,#665,.T.);
#663 = VERTEX_POINT('',#664);
#664 = CARTESIAN_POINT('',(0.755,0.4,0.45));
#665 = LINE('',#666,#667);
#666 = CARTESIAN_POINT('',(0.5,0.4,0.45));
#667 = VECTOR('',#668,1.);
#668 = DIRECTION('',(1.,0.,0.));
#669 = ORIENTED_EDGE('',*,*,#670,.F.);
#670 = EDGE_CURVE('',#671,#663,#673,.T.);
#671 = VERTEX_POINT('',#672);
#672 = CARTESIAN_POINT('',(0.8,0.4,0.405));
#673 = CIRCLE('',#674,4.5E-02);
#674 = AXIS2_PLACEMENT_3D('',#675,#676,#677);
#675 = CARTESIAN_POINT('',(0.755,0.4,0.405));
#676 = DIRECTION('',(0.,-1.,0.));
#677 = DIRECTION('',(0.,0.,1.));
#678 = ORIENTED_EDGE('',*,*,#679,.F.);
#679 = EDGE_CURVE('',#680,#671,#682,.T.);
#680 = VERTEX_POINT('',#681);
#681 = CARTESIAN_POINT('',(0.8,0.4,4.5E-02));
#682 = LINE('',#683,#684);
#683 = CARTESIAN_POINT('',(0.8,0.4,0.));
#684 = VECTOR('',#685,1.);
#685 = DIRECTION('',(0.,0.,1.));
#686 = ORIENTED_EDGE('',*,*,#687,.T.);
#687 = EDGE_CURVE('',#680,#636,#688,.T.);
#688 = CIRCLE('',#689,4.5E-02);
#689 = AXIS2_PLACEMENT_3D('',#690,#691,#692);
#690 = CARTESIAN_POINT('',(0.755,0.4,4.5E-02));
#691 = DIRECTION('',(0.,1.,0.));
#692 = DIRECTION('',(0.,-0.,1.));
#693 = PLANE('',#694);
#694 = AXIS2_PLACEMENT_3D('',#695,#696,#697);
#695 = CARTESIAN_POINT('',(0.5,0.4,0.));
#696 = DIRECTION('',(0.,1.,0.));
#697 = DIRECTION('',(0.,-0.,1.));
#698 = ADVANCED_FACE('',(#699),#717,.T.);
#699 = FACE_BOUND('',#700,.T.);
#700 = EDGE_LOOP('',(#701,#702,#703,#711));
#701 = ORIENTED_EDGE('',*,*,#446,.F.);
#702 = ORIENTED_EDGE('',*,*,#611,.T.);
#703 = ORIENTED_EDGE('',*,*,#704,.T.);
#704 = EDGE_CURVE('',#612,#705,#707,.T.);
#705 = VERTEX_POINT('',#706);
#706 = CARTESIAN_POINT('',(0.5,0.4,0.45));
#707 = LINE('',#708,#709);
#708 = CARTESIAN_POINT('',(-0.5,0.4,0.45));
#709 = VECTOR('',#710,1.);
#710 = DIRECTION('',(1.,0.,0.));
#711 = ORIENTED_EDGE('',*,*,#712,.F.);
#712 = EDGE_CURVE('',#447,#705,#713,.T.);
#713 = LINE('',#714,#715);
#714 = CARTESIAN_POINT('',(0.5,0.4,0.405));
#715 = VECTOR('',#716,1.);
#716 = DIRECTION('',(0.,0.,1.));
#717 = PLANE('',#718);
#718 = AXIS2_PLACEMENT_3D('',#719,#720,#721);
#719 = CARTESIAN_POINT('',(-0.5,0.4,0.405));
#720 = DIRECTION('',(0.,1.,0.));
#721 = DIRECTION('',(0.,-0.,1.));
#722 = ADVANCED_FACE('',(#723),#734,.T.);
#723 = FACE_BOUND('',#724,.T.);
#724 = EDGE_LOOP('',(#725,#726,#727,#733));
#725 = ORIENTED_EDGE('',*,*,#494,.T.);
#726 = ORIENTED_EDGE('',*,*,#643,.T.);
#727 = ORIENTED_EDGE('',*,*,#728,.F.);
#728 = EDGE_CURVE('',#510,#634,#729,.T.);
#729 = LINE('',#730,#731);
#730 = CARTESIAN_POINT('',(0.545,-0.4,-2.775557561563E-17));
#731 = VECTOR('',#732,1.);
#732 = DIRECTION('',(0.,1.,0.));
#733 = ORIENTED_EDGE('',*,*,#519,.F.);
#734 = CYLINDRICAL_SURFACE('',#735,4.5E-02);
#735 = AXIS2_PLACEMENT_3D('',#736,#737,#738);
#736 = CARTESIAN_POINT('',(0.545,-0.4,4.5E-02));
#737 = DIRECTION('',(0.,1.,0.));
#738 = DIRECTION('',(-1.,0.,0.));
#739 = ADVANCED_FACE('',(#740),#751,.F.);
#740 = FACE_BOUND('',#741,.F.);
#741 = EDGE_LOOP('',(#742,#743,#744,#745));
#742 = ORIENTED_EDGE('',*,*,#633,.F.);
#743 = ORIENTED_EDGE('',*,*,#728,.F.);
#744 = ORIENTED_EDGE('',*,*,#509,.T.);
#745 = ORIENTED_EDGE('',*,*,#746,.T.);
#746 = EDGE_CURVE('',#512,#636,#747,.T.);
#747 = LINE('',#748,#749);
#748 = CARTESIAN_POINT('',(0.755,-0.4,-2.775557561563E-17));
#749 = VECTOR('',#750,1.);
#750 = DIRECTION('',(0.,1.,0.));
#751 = PLANE('',#752);
#752 = AXIS2_PLACEMENT_3D('',#753,#754,#755);
#753 = CARTESIAN_POINT('',(0.5,-0.4,0.));
#754 = DIRECTION('',(0.,0.,1.));
#755 = DIRECTION('',(1.,0.,-0.));
#756 = ADVANCED_FACE('',(#757),#768,.T.);
#757 = FACE_BOUND('',#758,.T.);
#758 = EDGE_LOOP('',(#759,#760,#761,#762));
#759 = ORIENTED_EDGE('',*,*,#563,.T.);
#760 = ORIENTED_EDGE('',*,*,#746,.T.);
#761 = ORIENTED_EDGE('',*,*,#687,.F.);
#762 = ORIENTED_EDGE('',*,*,#763,.F.);
#763 = EDGE_CURVE('',#556,#680,#764,.T.);
#764 = LINE('',#765,#766);
#765 = CARTESIAN_POINT('',(0.8,-0.4,4.5E-02));
#766 = VECTOR('',#767,1.);
#767 = DIRECTION('',(0.,1.,0.));
#768 = CYLINDRICAL_SURFACE('',#769,4.5E-02);
#769 = AXIS2_PLACEMENT_3D('',#770,#771,#772);
#770 = CARTESIAN_POINT('',(0.755,-0.4,4.5E-02));
#771 = DIRECTION('',(0.,1.,0.));
#772 = DIRECTION('',(1.,0.,0.));
#773 = ADVANCED_FACE('',(#774),#785,.T.);
#774 = FACE_BOUND('',#775,.T.);
#775 = EDGE_LOOP('',(#776,#777,#778,#779));
#776 = ORIENTED_EDGE('',*,*,#555,.F.);
#777 = ORIENTED_EDGE('',*,*,#763,.T.);
#778 = ORIENTED_EDGE('',*,*,#679,.T.);
#779 = ORIENTED_EDGE('',*,*,#780,.F.);
#780 = EDGE_CURVE('',#547,#671,#781,.T.);
#781 = LINE('',#782,#783);
#782 = CARTESIAN_POINT('',(0.8,-0.4,0.405));
#783 = VECTOR('',#784,1.);
#784 = DIRECTION('',(0.,1.,0.));
#785 = PLANE('',#786);
#786 = AXIS2_PLACEMENT_3D('',#787,#788,#789);
#787 = CARTESIAN_POINT('',(0.8,-0.4,0.));
#788 = DIRECTION('',(1.,0.,0.));
#789 = DIRECTION('',(0.,0.,1.));
#790 = ADVANCED_FACE('',(#791),#802,.T.);
#791 = FACE_BOUND('',#792,.T.);
#792 = EDGE_LOOP('',(#793,#794,#795,#801));
#793 = ORIENTED_EDGE('',*,*,#780,.T.);
#794 = ORIENTED_EDGE('',*,*,#670,.T.);
#795 = ORIENTED_EDGE('',*,*,#796,.F.);
#796 = EDGE_CURVE('',#539,#663,#797,.T.);
#797 = LINE('',#798,#799);
#798 = CARTESIAN_POINT('',(0.755,-0.4,0.45));
#799 = VECTOR('',#800,1.);
#800 = DIRECTION('',(0.,1.,0.));
#801 = ORIENTED_EDGE('',*,*,#546,.F.);
#802 = CYLINDRICAL_SURFACE('',#803,4.5E-02);
#803 = AXIS2_PLACEMENT_3D('',#804,#805,#806);
#804 = CARTESIAN_POINT('',(0.755,-0.4,0.405));
#805 = DIRECTION('',(0.,1.,0.));
#806 = DIRECTION('',(1.,0.,0.));
#807 = ADVANCED_FACE('',(#808),#819,.T.);
#808 = FACE_BOUND('',#809,.T.);
#809 = EDGE_LOOP('',(#810,#811,#817,#818));
#810 = ORIENTED_EDGE('',*,*,#662,.F.);
#811 = ORIENTED_EDGE('',*,*,#812,.F.);
#812 = EDGE_CURVE('',#530,#654,#813,.T.);
#813 = LINE('',#814,#815);
#814 = CARTESIAN_POINT('',(0.545,-0.4,0.45));
#815 = VECTOR('',#816,1.);
#816 = DIRECTION('',(0.,1.,0.));
#817 = ORIENTED_EDGE('',*,*,#538,.T.);
#818 = ORIENTED_EDGE('',*,*,#796,.T.);
#819 = PLANE('',#820);
#820 = AXIS2_PLACEMENT_3D('',#821,#822,#823);
#821 = CARTESIAN_POINT('',(0.5,-0.4,0.45));
#822 = DIRECTION('',(0.,0.,1.));
#823 = DIRECTION('',(1.,0.,-0.));
#824 = ADVANCED_FACE('',(#825),#836,.T.);
#825 = FACE_BOUND('',#826,.T.);
#826 = EDGE_LOOP('',(#827,#828,#829,#830));
#827 = ORIENTED_EDGE('',*,*,#529,.T.);
#828 = ORIENTED_EDGE('',*,*,#812,.T.);
#829 = ORIENTED_EDGE('',*,*,#653,.F.);
#830 = ORIENTED_EDGE('',*,*,#831,.F.);
#831 = EDGE_CURVE('',#364,#447,#832,.T.);
#832 = LINE('',#833,#834);
#833 = CARTESIAN_POINT('',(0.5,-0.4,0.405));
#834 = VECTOR('',#835,1.);
#835 = DIRECTION('',(0.,1.,0.));
#836 = CYLINDRICAL_SURFACE('',#837,4.5E-02);
#837 = AXIS2_PLACEMENT_3D('',#838,#839,#840);
#838 = CARTESIAN_POINT('',(0.545,-0.4,0.405));
#839 = DIRECTION('',(0.,1.,0.));
#840 = DIRECTION('',(-1.,0.,0.));
#841 = ADVANCED_FACE('',(#842),#853,.T.);
#842 = FACE_BOUND('',#843,.T.);
#843 = EDGE_LOOP('',(#844,#845,#846,#847));
#844 = ORIENTED_EDGE('',*,*,#595,.F.);
#845 = ORIENTED_EDGE('',*,*,#831,.T.);
#846 = ORIENTED_EDGE('',*,*,#712,.T.);
#847 = ORIENTED_EDGE('',*,*,#848,.F.);
#848 = EDGE_CURVE('',#588,#705,#849,.T.);
#849 = LINE('',#850,#851);
#850 = CARTESIAN_POINT('',(0.5,-0.4,0.45));
#851 = VECTOR('',#852,1.);
#852 = DIRECTION('',(0.,1.,0.));
#853 = PLANE('',#854);
#854 = AXIS2_PLACEMENT_3D('',#855,#856,#857);
#855 = CARTESIAN_POINT('',(0.5,-0.4,0.405));
#856 = DIRECTION('',(1.,0.,0.));
#857 = DIRECTION('',(0.,0.,1.));
#858 = ADVANCED_FACE('',(#859),#865,.T.);
#859 = FACE_BOUND('',#860,.T.);
#860 = EDGE_LOOP('',(#861,#862,#863,#864));
#861 = ORIENTED_EDGE('',*,*,#619,.F.);
#862 = ORIENTED_EDGE('',*,*,#587,.T.);
#863 = ORIENTED_EDGE('',*,*,#848,.T.);
#864 = ORIENTED_EDGE('',*,*,#704,.F.);
#865 = PLANE('',#866);
#866 = AXIS2_PLACEMENT_3D('',#867,#868,#869);
#867 = CARTESIAN_POINT('',(-0.5,-0.4,0.45));
#868 = DIRECTION('',(0.,0.,1.));
#869 = DIRECTION('',(1.,0.,-0.));
#870 = ( GEOMETRIC_REPRESENTATION_CONTEXT(3) 
GLOBAL_UNCERTAINTY_ASSIGNED_CONTEXT((#874)) GLOBAL_UNIT_ASSIGNED_CONTEXT
((#871,#872,#873)) REPRESENTATION_CONTEXT('Context #1',
  '3D Context with UNIT and UNCERTAINTY') );
#871 = ( LENGTH_UNIT() NAMED_UNIT(*) SI_UNIT(.MILLI.,.METRE.) );
#872 = ( NAMED_UNIT(*) PLANE_ANGLE_UNIT() SI_UNIT($,.RADIAN.) );
#873 = ( NAMED_UNIT(*) SI_UNIT($,.STERADIAN.) SOLID_ANGLE_UNIT() );
#874 = UNCERTAINTY_MEASURE_WITH_UNIT(LENGTH_MEASURE(1.E-07),#871,
  'distance_accuracy_value','confusion accuracy');
#875 = CONTEXT_DEPENDENT_SHAPE_REPRESENTATION(#876,#878);
#876 = ( REPRESENTATION_RELATIONSHIP('','',#79,#56) 
REPRESENTATION_RELATIONSHIP_WITH_TRANSFORMATION(#877) 
SHAPE_REPRESENTATION_RELATIONSHIP() );
#877 = ITEM_DEFINED_TRANSFORMATION('','',#11,#57);
#878 = PRODUCT_DEFINITION_SHAPE('Placement','Placement of an item',#879
  );
#879 = NEXT_ASSEMBLY_USAGE_OCCURRENCE('1','=>[0:1:1:3]','',#51,#74,$);
#880 = PRODUCT_RELATED_PRODUCT_CATEGORY('part',$,(#76));
#881 = SHAPE_DEFINITION_REPRESENTATION(#882,#888);
#882 = PRODUCT_DEFINITION_SHAPE('','',#883);
#883 = PRODUCT_DEFINITION('design','',#884,#887);
#884 = PRODUCT_DEFINITION_FORMATION('','',#885);
#885 = PRODUCT('C_0603_1608Metric','C_0603_1608Metric','',(#886));
#886 = PRODUCT_CONTEXT('',#2,'mechanical');
#887 = PRODUCT_DEFINITION_CONTEXT('part definition',#2,'design');
#888 = SHAPE_REPRESENTATION('',(#11,#889),#893);
#889 = AXIS2_PLACEMENT_3D('',#890,#891,#892);
#890 = CARTESIAN_POINT('',(0.,0.,0.));
#891 = DIRECTION('',(0.,0.,1.));
#892 = DIRECTION('',(1.,0.,-0.));
#893 = ( GEOMETRIC_REPRESENTATION_CONTEXT(3) 
GLOBAL_UNCERTAINTY_ASSIGNED_CONTEXT((#897)) GLOBAL_UNIT_ASSIGNED_CONTEXT
((#894,#895,#896)) REPRESENTATION_CONTEXT('Context #1',
  '3D Context with UNIT and UNCERTAINTY') );
#894 = ( LENGTH_UNIT() NAMED_UNIT(*) SI_UNIT(.MILLI.,.METRE.) );
#895 = ( NAMED_UNIT(*) PLANE_ANGLE_UNIT() SI_UNIT($,.RADIAN.) );
#896 = ( NAMED_UNIT(*) SI_UNIT($,.STERADIAN.) SOLID_ANGLE_UNIT() );
#897 = UNCERTAINTY_MEASURE_WITH_UNIT(LENGTH_MEASURE(1.E-07),#894,
  'distance_accuracy_value','confusion accuracy');
#898 = CONTEXT_DEPENDENT_SHAPE_REPRESENTATION(#899,#901);
#899 = ( REPRESENTATION_RELATIONSHIP('','',#888,#10) 
REPRESENTATION_RELATIONSHIP_WITH_TRANSFORMATION(#900) 
SHAPE_REPRESENTATION_RELATIONSHIP() );
#900 = ITEM_DEFINED_TRANSFORMATION('','',#11,#19);
#901 = PRODUCT_DEFINITION_SHAPE('Placement','Placement of an item',#902
  );
#902 = NEXT_ASSEMBLY_USAGE_OCCURRENCE('4','C1','',#5,#883,$);
#903 = PRODUCT_RELATED_PRODUCT_CATEGORY('part',$,(#885));
#904 = SHAPE_DEFINITION_REPRESENTATION(#905,#911);
#905 = PRODUCT_DEFINITION_SHAPE('','',#906);
#906 = PRODUCT_DEFINITION('design','',#907,#910);
#907 = PRODUCT_DEFINITION_FORMATION('','',#908);
#908 = PRODUCT('C_0603_1608Metric','C_0603_1608Metric','',(#909));
#909 = PRODUCT_CONTEXT('',#2,'mechanical');
#910 = PRODUCT_DEFINITION_CONTEXT('part definition',#2,'design');
#911 = ADVANCED_BREP_SHAPE_REPRESENTATION('',(#11,#912),#1766);
#912 = MANIFOLD_SOLID_BREP('',#913);
#913 = CLOSED_SHELL('',(#914,#990,#1021,#1046,#1071,#1095,#1119,#1144,
    #1169,#1186,#1272,#1304,#1328,#1353,#1377,#1402,#1426,#1451,#1468,
    #1554,#1585,#1610,#1635,#1659,#1683,#1708,#1733,#1750));
#914 = ADVANCED_FACE('',(#915),#985,.F.);
#915 = FACE_BOUND('',#916,.F.);
#916 = EDGE_LOOP('',(#917,#927,#936,#944,#953,#961,#970,#978));
#917 = ORIENTED_EDGE('',*,*,#918,.F.);
#918 = EDGE_CURVE('',#919,#921,#923,.T.);
#919 = VERTEX_POINT('',#920);
#920 = CARTESIAN_POINT('',(-0.8,-0.4,3.E-02));
#921 = VERTEX_POINT('',#922);
#922 = CARTESIAN_POINT('',(-0.8,-0.4,0.77));
#923 = LINE('',#924,#925);
#924 = CARTESIAN_POINT('',(-0.8,-0.4,0.));
#925 = VECTOR('',#926,1.);
#926 = DIRECTION('',(0.,0.,1.));
#927 = ORIENTED_EDGE('',*,*,#928,.T.);
#928 = EDGE_CURVE('',#919,#929,#931,.T.);
#929 = VERTEX_POINT('',#930);
#930 = CARTESIAN_POINT('',(-0.8,-0.37,0.));
#931 = CIRCLE('',#932,3.E-02);
#932 = AXIS2_PLACEMENT_3D('',#933,#934,#935);
#933 = CARTESIAN_POINT('',(-0.8,-0.37,3.E-02));
#934 = DIRECTION('',(1.,0.,-0.));
#935 = DIRECTION('',(0.,0.,1.));
#936 = ORIENTED_EDGE('',*,*,#937,.T.);
#937 = EDGE_CURVE('',#929,#938,#940,.T.);
#938 = VERTEX_POINT('',#939);
#939 = CARTESIAN_POINT('',(-0.8,0.37,0.));
#940 = LINE('',#941,#942);
#941 = CARTESIAN_POINT('',(-0.8,-0.4,0.));
#942 = VECTOR('',#943,1.);
#943 = DIRECTION('',(0.,1.,0.));
#944 = ORIENTED_EDGE('',*,*,#945,.F.);
#945 = EDGE_CURVE('',#946,#938,#948,.T.);
#946 = VERTEX_POINT('',#947);
#947 = CARTESIAN_POINT('',(-0.8,0.4,3.E-02));
#948 = CIRCLE('',#949,3.E-02);
#949 = AXIS2_PLACEMENT_3D('',#950,#951,#952);
#950 = CARTESIAN_POINT('',(-0.8,0.37,3.E-02));
#951 = DIRECTION('',(-1.,0.,0.));
#952 = DIRECTION('',(0.,0.,1.));
#953 = ORIENTED_EDGE('',*,*,#954,.T.);
#954 = EDGE_CURVE('',#946,#955,#957,.T.);
#955 = VERTEX_POINT('',#956);
#956 = CARTESIAN_POINT('',(-0.8,0.4,0.77));
#957 = LINE('',#958,#959);
#958 = CARTESIAN_POINT('',(-0.8,0.4,0.));
#959 = VECTOR('',#960,1.);
#960 = DIRECTION('',(0.,0.,1.));
#961 = ORIENTED_EDGE('',*,*,#962,.T.);
#962 = EDGE_CURVE('',#955,#963,#965,.T.);
#963 = VERTEX_POINT('',#964);
#964 = CARTESIAN_POINT('',(-0.8,0.37,0.8));
#965 = CIRCLE('',#966,3.E-02);
#966 = AXIS2_PLACEMENT_3D('',#967,#968,#969);
#967 = CARTESIAN_POINT('',(-0.8,0.37,0.77));
#968 = DIRECTION('',(1.,0.,-0.));
#969 = DIRECTION('',(0.,0.,1.));
#970 = ORIENTED_EDGE('',*,*,#971,.F.);
#971 = EDGE_CURVE('',#972,#963,#974,.T.);
#972 = VERTEX_POINT('',#973);
#973 = CARTESIAN_POINT('',(-0.8,-0.37,0.8));
#974 = LINE('',#975,#976);
#975 = CARTESIAN_POINT('',(-0.8,-0.4,0.8));
#976 = VECTOR('',#977,1.);
#977 = DIRECTION('',(0.,1.,0.));
#978 = ORIENTED_EDGE('',*,*,#979,.F.);
#979 = EDGE_CURVE('',#921,#972,#980,.T.);
#980 = CIRCLE('',#981,3.E-02);
#981 = AXIS2_PLACEMENT_3D('',#982,#983,#984);
#982 = CARTESIAN_POINT('',(-0.8,-0.37,0.77));
#983 = DIRECTION('',(-1.,0.,0.));
#984 = DIRECTION('',(0.,0.,1.));
#985 = PLANE('',#986);
#986 = AXIS2_PLACEMENT_3D('',#987,#988,#989);
#987 = CARTESIAN_POINT('',(-0.8,-0.4,0.));
#988 = DIRECTION('',(1.,0.,0.));
#989 = DIRECTION('',(0.,0.,1.));
#990 = ADVANCED_FACE('',(#991),#1016,.F.);
#991 = FACE_BOUND('',#992,.F.);
#992 = EDGE_LOOP('',(#993,#1003,#1009,#1010));
#993 = ORIENTED_EDGE('',*,*,#994,.F.);
#994 = EDGE_CURVE('',#995,#997,#999,.T.);
#995 = VERTEX_POINT('',#996);
#996 = CARTESIAN_POINT('',(-0.5,-0.4,3.E-02));
#997 = VERTEX_POINT('',#998);
#998 = CARTESIAN_POINT('',(-0.5,-0.4,0.77));
#999 = LINE('',#1000,#1001);
#1000 = CARTESIAN_POINT('',(-0.5,-0.4,0.));
#1001 = VECTOR('',#1002,1.);
#1002 = DIRECTION('',(0.,0.,1.));
#1003 = ORIENTED_EDGE('',*,*,#1004,.F.);
#1004 = EDGE_CURVE('',#919,#995,#1005,.T.);
#1005 = LINE('',#1006,#1007);
#1006 = CARTESIAN_POINT('',(-0.8,-0.4,3.E-02));
#1007 = VECTOR('',#1008,1.);
#1008 = DIRECTION('',(1.,0.,0.));
#1009 = ORIENTED_EDGE('',*,*,#918,.T.);
#1010 = ORIENTED_EDGE('',*,*,#1011,.T.);
#1011 = EDGE_CURVE('',#921,#997,#1012,.T.);
#1012 = LINE('',#1013,#1014);
#1013 = CARTESIAN_POINT('',(-0.8,-0.4,0.77));
#1014 = VECTOR('',#1015,1.);
#1015 = DIRECTION('',(1.,0.,0.));
#1016 = PLANE('',#1017);
#1017 = AXIS2_PLACEMENT_3D('',#1018,#1019,#1020);
#1018 = CARTESIAN_POINT('',(-0.8,-0.4,0.));
#1019 = DIRECTION('',(0.,1.,0.));
#1020 = DIRECTION('',(0.,-0.,1.));
#1021 = ADVANCED_FACE('',(#1022),#1041,.T.);
#1022 = FACE_BOUND('',#1023,.T.);
#1023 = EDGE_LOOP('',(#1024,#1025,#1033,#1040));
#1024 = ORIENTED_EDGE('',*,*,#928,.T.);
#1025 = ORIENTED_EDGE('',*,*,#1026,.T.);
#1026 = EDGE_CURVE('',#929,#1027,#1029,.T.);
#1027 = VERTEX_POINT('',#1028);
#1028 = CARTESIAN_POINT('',(-0.5,-0.37,0.));
#1029 = LINE('',#1030,#1031);
#1030 = CARTESIAN_POINT('',(-0.8,-0.37,0.));
#1031 = VECTOR('',#1032,1.);
#1032 = DIRECTION('',(1.,0.,0.));
#1033 = ORIENTED_EDGE('',*,*,#1034,.F.);
#1034 = EDGE_CURVE('',#995,#1027,#1035,.T.);
#1035 = CIRCLE('',#1036,3.E-02);
#1036 = AXIS2_PLACEMENT_3D('',#1037,#1038,#1039);
#1037 = CARTESIAN_POINT('',(-0.5,-0.37,3.E-02));
#1038 = DIRECTION('',(1.,0.,-0.));
#1039 = DIRECTION('',(0.,0.,1.));
#1040 = ORIENTED_EDGE('',*,*,#1004,.F.);
#1041 = CYLINDRICAL_SURFACE('',#1042,3.E-02);
#1042 = AXIS2_PLACEMENT_3D('',#1043,#1044,#1045);
#1043 = CARTESIAN_POINT('',(-0.8,-0.37,3.E-02));
#1044 = DIRECTION('',(1.,0.,0.));
#1045 = DIRECTION('',(0.,-1.,0.));
#1046 = ADVANCED_FACE('',(#1047),#1066,.T.);
#1047 = FACE_BOUND('',#1048,.T.);
#1048 = EDGE_LOOP('',(#1049,#1050,#1059,#1065));
#1049 = ORIENTED_EDGE('',*,*,#1011,.T.);
#1050 = ORIENTED_EDGE('',*,*,#1051,.T.);
#1051 = EDGE_CURVE('',#997,#1052,#1054,.T.);
#1052 = VERTEX_POINT('',#1053);
#1053 = CARTESIAN_POINT('',(-0.5,-0.37,0.8));
#1054 = CIRCLE('',#1055,3.E-02);
#1055 = AXIS2_PLACEMENT_3D('',#1056,#1057,#1058);
#1056 = CARTESIAN_POINT('',(-0.5,-0.37,0.77));
#1057 = DIRECTION('',(-1.,0.,0.));
#1058 = DIRECTION('',(0.,0.,1.));
#1059 = ORIENTED_EDGE('',*,*,#1060,.F.);
#1060 = EDGE_CURVE('',#972,#1052,#1061,.T.);
#1061 = LINE('',#1062,#1063);
#1062 = CARTESIAN_POINT('',(-0.8,-0.37,0.8));
#1063 = VECTOR('',#1064,1.);
#1064 = DIRECTION('',(1.,0.,0.));
#1065 = ORIENTED_EDGE('',*,*,#979,.F.);
#1066 = CYLINDRICAL_SURFACE('',#1067,3.E-02);
#1067 = AXIS2_PLACEMENT_3D('',#1068,#1069,#1070);
#1068 = CARTESIAN_POINT('',(-0.8,-0.37,0.77));
#1069 = DIRECTION('',(1.,0.,0.));
#1070 = DIRECTION('',(0.,-1.,0.));
#1071 = ADVANCED_FACE('',(#1072),#1090,.F.);
#1072 = FACE_BOUND('',#1073,.F.);
#1073 = EDGE_LOOP('',(#1074,#1075,#1076,#1084));
#1074 = ORIENTED_EDGE('',*,*,#937,.F.);
#1075 = ORIENTED_EDGE('',*,*,#1026,.T.);
#1076 = ORIENTED_EDGE('',*,*,#1077,.T.);
#1077 = EDGE_CURVE('',#1027,#1078,#1080,.T.);
#1078 = VERTEX_POINT('',#1079);
#1079 = CARTESIAN_POINT('',(-0.5,0.37,0.));
#1080 = LINE('',#1081,#1082);
#1081 = CARTESIAN_POINT('',(-0.5,-0.4,0.));
#1082 = VECTOR('',#1083,1.);
#1083 = DIRECTION('',(0.,1.,0.));
#1084 = ORIENTED_EDGE('',*,*,#1085,.F.);
#1085 = EDGE_CURVE('',#938,#1078,#1086,.T.);
#1086 = LINE('',#1087,#1088);
#1087 = CARTESIAN_POINT('',(-0.8,0.37,0.));
#1088 = VECTOR('',#1089,1.);
#1089 = DIRECTION('',(1.,0.,0.));
#1090 = PLANE('',#1091);
#1091 = AXIS2_PLACEMENT_3D('',#1092,#1093,#1094);
#1092 = CARTESIAN_POINT('',(-0.8,-0.4,0.));
#1093 = DIRECTION('',(0.,0.,1.));
#1094 = DIRECTION('',(1.,0.,-0.));
#1095 = ADVANCED_FACE('',(#1096),#1114,.T.);
#1096 = FACE_BOUND('',#1097,.T.);
#1097 = EDGE_LOOP('',(#1098,#1099,#1100,#1108));
#1098 = ORIENTED_EDGE('',*,*,#971,.F.);
#1099 = ORIENTED_EDGE('',*,*,#1060,.T.);
#1100 = ORIENTED_EDGE('',*,*,#1101,.T.);
#1101 = EDGE_CURVE('',#1052,#1102,#1104,.T.);
#1102 = VERTEX_POINT('',#1103);
#1103 = CARTESIAN_POINT('',(-0.5,0.37,0.8));
#1104 = LINE('',#1105,#1106);
#1105 = CARTESIAN_POINT('',(-0.5,-0.4,0.8));
#1106 = VECTOR('',#1107,1.);
#1107 = DIRECTION('',(0.,1.,0.));
#1108 = ORIENTED_EDGE('',*,*,#1109,.F.);
#1109 = EDGE_CURVE('',#963,#1102,#1110,.T.);
#1110 = LINE('',#1111,#1112);
#1111 = CARTESIAN_POINT('',(-0.8,0.37,0.8));
#1112 = VECTOR('',#1113,1.);
#1113 = DIRECTION('',(1.,0.,0.));
#1114 = PLANE('',#1115);
#1115 = AXIS2_PLACEMENT_3D('',#1116,#1117,#1118);
#1116 = CARTESIAN_POINT('',(-0.8,-0.4,0.8));
#1117 = DIRECTION('',(0.,0.,1.));
#1118 = DIRECTION('',(1.,0.,-0.));
#1119 = ADVANCED_FACE('',(#1120),#1139,.T.);
#1120 = FACE_BOUND('',#1121,.T.);
#1121 = EDGE_LOOP('',(#1122,#1130,#1137,#1138));
#1122 = ORIENTED_EDGE('',*,*,#1123,.T.);
#1123 = EDGE_CURVE('',#946,#1124,#1126,.T.);
#1124 = VERTEX_POINT('',#1125);
#1125 = CARTESIAN_POINT('',(-0.5,0.4,3.E-02));
#1126 = LINE('',#1127,#1128);
#1127 = CARTESIAN_POINT('',(-0.8,0.4,3.E-02));
#1128 = VECTOR('',#1129,1.);
#1129 = DIRECTION('',(1.,0.,0.));
#1130 = ORIENTED_EDGE('',*,*,#1131,.T.);
#1131 = EDGE_CURVE('',#1124,#1078,#1132,.T.);
#1132 = CIRCLE('',#1133,3.E-02);
#1133 = AXIS2_PLACEMENT_3D('',#1134,#1135,#1136);
#1134 = CARTESIAN_POINT('',(-0.5,0.37,3.E-02));
#1135 = DIRECTION('',(-1.,0.,0.));
#1136 = DIRECTION('',(0.,0.,1.));
#1137 = ORIENTED_EDGE('',*,*,#1085,.F.);
#1138 = ORIENTED_EDGE('',*,*,#945,.F.);
#1139 = CYLINDRICAL_SURFACE('',#1140,3.E-02);
#1140 = AXIS2_PLACEMENT_3D('',#1141,#1142,#1143);
#1141 = CARTESIAN_POINT('',(-0.8,0.37,3.E-02));
#1142 = DIRECTION('',(1.,0.,0.));
#1143 = DIRECTION('',(-0.,1.,0.));
#1144 = ADVANCED_FACE('',(#1145),#1164,.T.);
#1145 = FACE_BOUND('',#1146,.T.);
#1146 = EDGE_LOOP('',(#1147,#1148,#1149,#1158));
#1147 = ORIENTED_EDGE('',*,*,#962,.T.);
#1148 = ORIENTED_EDGE('',*,*,#1109,.T.);
#1149 = ORIENTED_EDGE('',*,*,#1150,.F.);
#1150 = EDGE_CURVE('',#1151,#1102,#1153,.T.);
#1151 = VERTEX_POINT('',#1152);
#1152 = CARTESIAN_POINT('',(-0.5,0.4,0.77));
#1153 = CIRCLE('',#1154,3.E-02);
#1154 = AXIS2_PLACEMENT_3D('',#1155,#1156,#1157);
#1155 = CARTESIAN_POINT('',(-0.5,0.37,0.77));
#1156 = DIRECTION('',(1.,0.,-0.));
#1157 = DIRECTION('',(0.,0.,1.));
#1158 = ORIENTED_EDGE('',*,*,#1159,.F.);
#1159 = EDGE_CURVE('',#955,#1151,#1160,.T.);
#1160 = LINE('',#1161,#1162);
#1161 = CARTESIAN_POINT('',(-0.8,0.4,0.77));
#1162 = VECTOR('',#1163,1.);
#1163 = DIRECTION('',(1.,0.,0.));
#1164 = CYLINDRICAL_SURFACE('',#1165,3.E-02);
#1165 = AXIS2_PLACEMENT_3D('',#1166,#1167,#1168);
#1166 = CARTESIAN_POINT('',(-0.8,0.37,0.77));
#1167 = DIRECTION('',(1.,0.,0.));
#1168 = DIRECTION('',(-0.,1.,0.));
#1169 = ADVANCED_FACE('',(#1170),#1181,.T.);
#1170 = FACE_BOUND('',#1171,.T.);
#1171 = EDGE_LOOP('',(#1172,#1178,#1179,#1180));
#1172 = ORIENTED_EDGE('',*,*,#1173,.F.);
#1173 = EDGE_CURVE('',#1124,#1151,#1174,.T.);
#1174 = LINE('',#1175,#1176);
#1175 = CARTESIAN_POINT('',(-0.5,0.4,0.));
#1176 = VECTOR('',#1177,1.);
#1177 = DIRECTION('',(0.,0.,1.));
#1178 = ORIENTED_EDGE('',*,*,#1123,.F.);
#1179 = ORIENTED_EDGE('',*,*,#954,.T.);
#1180 = ORIENTED_EDGE('',*,*,#1159,.T.);
#1181 = PLANE('',#1182);
#1182 = AXIS2_PLACEMENT_3D('',#1183,#1184,#1185);
#1183 = CARTESIAN_POINT('',(-0.8,0.4,0.));
#1184 = DIRECTION('',(0.,1.,0.));
#1185 = DIRECTION('',(0.,-0.,1.));
#1186 = ADVANCED_FACE('',(#1187,#1197),#1267,.T.);
#1187 = FACE_BOUND('',#1188,.T.);
#1188 = EDGE_LOOP('',(#1189,#1190,#1191,#1192,#1193,#1194,#1195,#1196));
#1189 = ORIENTED_EDGE('',*,*,#994,.F.);
#1190 = ORIENTED_EDGE('',*,*,#1034,.T.);
#1191 = ORIENTED_EDGE('',*,*,#1077,.T.);
#1192 = ORIENTED_EDGE('',*,*,#1131,.F.);
#1193 = ORIENTED_EDGE('',*,*,#1173,.T.);
#1194 = ORIENTED_EDGE('',*,*,#1150,.T.);
#1195 = ORIENTED_EDGE('',*,*,#1101,.F.);
#1196 = ORIENTED_EDGE('',*,*,#1051,.F.);
#1197 = FACE_BOUND('',#1198,.T.);
#1198 = EDGE_LOOP('',(#1199,#1210,#1218,#1227,#1235,#1244,#1252,#1261));
#1199 = ORIENTED_EDGE('',*,*,#1200,.F.);
#1200 = EDGE_CURVE('',#1201,#1203,#1205,.T.);
#1201 = VERTEX_POINT('',#1202);
#1202 = CARTESIAN_POINT('',(-0.5,-0.37,6.E-02));
#1203 = VERTEX_POINT('',#1204);
#1204 = CARTESIAN_POINT('',(-0.5,-0.34,3.E-02));
#1205 = CIRCLE('',#1206,3.E-02);
#1206 = AXIS2_PLACEMENT_3D('',#1207,#1208,#1209);
#1207 = CARTESIAN_POINT('',(-0.5,-0.34,6.E-02));
#1208 = DIRECTION('',(1.,0.,-0.));
#1209 = DIRECTION('',(0.,0.,1.));
#1210 = ORIENTED_EDGE('',*,*,#1211,.T.);
#1211 = EDGE_CURVE('',#1201,#1212,#1214,.T.);
#1212 = VERTEX_POINT('',#1213);
#1213 = CARTESIAN_POINT('',(-0.5,-0.37,0.74));
#1214 = LINE('',#1215,#1216);
#1215 = CARTESIAN_POINT('',(-0.5,-0.37,3.E-02));
#1216 = VECTOR('',#1217,1.);
#1217 = DIRECTION('',(0.,0.,1.));
#1218 = ORIENTED_EDGE('',*,*,#1219,.T.);
#1219 = EDGE_CURVE('',#1212,#1220,#1222,.T.);
#1220 = VERTEX_POINT('',#1221);
#1221 = CARTESIAN_POINT('',(-0.5,-0.34,0.77));
#1222 = CIRCLE('',#1223,3.E-02);
#1223 = AXIS2_PLACEMENT_3D('',#1224,#1225,#1226);
#1224 = CARTESIAN_POINT('',(-0.5,-0.34,0.74));
#1225 = DIRECTION('',(-1.,0.,0.));
#1226 = DIRECTION('',(0.,0.,1.));
#1227 = ORIENTED_EDGE('',*,*,#1228,.T.);
#1228 = EDGE_CURVE('',#1220,#1229,#1231,.T.);
#1229 = VERTEX_POINT('',#1230);
#1230 = CARTESIAN_POINT('',(-0.5,0.34,0.77));
#1231 = LINE('',#1232,#1233);
#1232 = CARTESIAN_POINT('',(-0.5,-0.37,0.77));
#1233 = VECTOR('',#1234,1.);
#1234 = DIRECTION('',(0.,1.,0.));
#1235 = ORIENTED_EDGE('',*,*,#1236,.F.);
#1236 = EDGE_CURVE('',#1237,#1229,#1239,.T.);
#1237 = VERTEX_POINT('',#1238);
#1238 = CARTESIAN_POINT('',(-0.5,0.37,0.74));
#1239 = CIRCLE('',#1240,3.E-02);
#1240 = AXIS2_PLACEMENT_3D('',#1241,#1242,#1243);
#1241 = CARTESIAN_POINT('',(-0.5,0.34,0.74));
#1242 = DIRECTION('',(1.,0.,-0.));
#1243 = DIRECTION('',(0.,0.,1.));
#1244 = ORIENTED_EDGE('',*,*,#1245,.F.);
#1245 = EDGE_CURVE('',#1246,#1237,#1248,.T.);
#1246 = VERTEX_POINT('',#1247);
#1247 = CARTESIAN_POINT('',(-0.5,0.37,6.E-02));
#1248 = LINE('',#1249,#1250);
#1249 = CARTESIAN_POINT('',(-0.5,0.37,3.E-02));
#1250 = VECTOR('',#1251,1.);
#1251 = DIRECTION('',(0.,0.,1.));
#1252 = ORIENTED_EDGE('',*,*,#1253,.T.);
#1253 = EDGE_CURVE('',#1246,#1254,#1256,.T.);
#1254 = VERTEX_POINT('',#1255);
#1255 = CARTESIAN_POINT('',(-0.5,0.34,3.E-02));
#1256 = CIRCLE('',#1257,3.E-02);
#1257 = AXIS2_PLACEMENT_3D('',#1258,#1259,#1260);
#1258 = CARTESIAN_POINT('',(-0.5,0.34,6.E-02));
#1259 = DIRECTION('',(-1.,0.,0.));
#1260 = DIRECTION('',(0.,0.,1.));
#1261 = ORIENTED_EDGE('',*,*,#1262,.F.);
#1262 = EDGE_CURVE('',#1203,#1254,#1263,.T.);
#1263 = LINE('',#1264,#1265);
#1264 = CARTESIAN_POINT('',(-0.5,-0.37,3.E-02));
#1265 = VECTOR('',#1266,1.);
#1266 = DIRECTION('',(0.,1.,0.));
#1267 = PLANE('',#1268);
#1268 = AXIS2_PLACEMENT_3D('',#1269,#1270,#1271);
#1269 = CARTESIAN_POINT('',(-0.5,-0.4,0.));
#1270 = DIRECTION('',(1.,0.,0.));
#1271 = DIRECTION('',(0.,0.,1.));
#1272 = ADVANCED_FACE('',(#1273),#1299,.T.);
#1273 = FACE_BOUND('',#1274,.T.);
#1274 = EDGE_LOOP('',(#1275,#1276,#1284,#1293));
#1275 = ORIENTED_EDGE('',*,*,#1200,.T.);
#1276 = ORIENTED_EDGE('',*,*,#1277,.T.);
#1277 = EDGE_CURVE('',#1203,#1278,#1280,.T.);
#1278 = VERTEX_POINT('',#1279);
#1279 = CARTESIAN_POINT('',(0.5,-0.34,3.E-02));
#1280 = LINE('',#1281,#1282);
#1281 = CARTESIAN_POINT('',(-0.5,-0.34,3.E-02));
#1282 = VECTOR('',#1283,1.);
#1283 = DIRECTION('',(1.,0.,0.));
#1284 = ORIENTED_EDGE('',*,*,#1285,.F.);
#1285 = EDGE_CURVE('',#1286,#1278,#1288,.T.);
#1286 = VERTEX_POINT('',#1287);
#1287 = CARTESIAN_POINT('',(0.5,-0.37,6.E-02));
#1288 = CIRCLE('',#1289,3.E-02);
#1289 = AXIS2_PLACEMENT_3D('',#1290,#1291,#1292);
#1290 = CARTESIAN_POINT('',(0.5,-0.34,6.E-02));
#1291 = DIRECTION('',(1.,0.,-0.));
#1292 = DIRECTION('',(0.,0.,1.));
#1293 = ORIENTED_EDGE('',*,*,#1294,.F.);
#1294 = EDGE_CURVE('',#1201,#1286,#1295,.T.);
#1295 = LINE('',#1296,#1297);
#1296 = CARTESIAN_POINT('',(-0.5,-0.37,6.E-02));
#1297 = VECTOR('',#1298,1.);
#1298 = DIRECTION('',(1.,0.,0.));
#1299 = CYLINDRICAL_SURFACE('',#1300,3.E-02);
#1300 = AXIS2_PLACEMENT_3D('',#1301,#1302,#1303);
#1301 = CARTESIAN_POINT('',(-0.5,-0.34,6.E-02));
#1302 = DIRECTION('',(1.,0.,0.));
#1303 = DIRECTION('',(0.,-1.,0.));
#1304 = ADVANCED_FACE('',(#1305),#1323,.F.);
#1305 = FACE_BOUND('',#1306,.F.);
#1306 = EDGE_LOOP('',(#1307,#1308,#1309,#1317));
#1307 = ORIENTED_EDGE('',*,*,#1262,.F.);
#1308 = ORIENTED_EDGE('',*,*,#1277,.T.);
#1309 = ORIENTED_EDGE('',*,*,#1310,.T.);
#1310 = EDGE_CURVE('',#1278,#1311,#1313,.T.);
#1311 = VERTEX_POINT('',#1312);
#1312 = CARTESIAN_POINT('',(0.5,0.34,3.E-02));
#1313 = LINE('',#1314,#1315);
#1314 = CARTESIAN_POINT('',(0.5,-0.37,3.E-02));
#1315 = VECTOR('',#1316,1.);
#1316 = DIRECTION('',(0.,1.,0.));
#1317 = ORIENTED_EDGE('',*,*,#1318,.F.);
#1318 = EDGE_CURVE('',#1254,#1311,#1319,.T.);
#1319 = LINE('',#1320,#1321);
#1320 = CARTESIAN_POINT('',(-0.5,0.34,3.E-02));
#1321 = VECTOR('',#1322,1.);
#1322 = DIRECTION('',(1.,0.,0.));
#1323 = PLANE('',#1324);
#1324 = AXIS2_PLACEMENT_3D('',#1325,#1326,#1327);
#1325 = CARTESIAN_POINT('',(-0.5,-0.37,3.E-02));
#1326 = DIRECTION('',(0.,0.,1.));
#1327 = DIRECTION('',(1.,0.,-0.));
#1328 = ADVANCED_FACE('',(#1329),#1348,.T.);
#1329 = FACE_BOUND('',#1330,.T.);
#1330 = EDGE_LOOP('',(#1331,#1339,#1346,#1347));
#1331 = ORIENTED_EDGE('',*,*,#1332,.T.);
#1332 = EDGE_CURVE('',#1246,#1333,#1335,.T.);
#1333 = VERTEX_POINT('',#1334);
#1334 = CARTESIAN_POINT('',(0.5,0.37,6.E-02));
#1335 = LINE('',#1336,#1337);
#1336 = CARTESIAN_POINT('',(-0.5,0.37,6.E-02));
#1337 = VECTOR('',#1338,1.);
#1338 = DIRECTION('',(1.,0.,0.));
#1339 = ORIENTED_EDGE('',*,*,#1340,.T.);
#1340 = EDGE_CURVE('',#1333,#1311,#1341,.T.);
#1341 = CIRCLE('',#1342,3.E-02);
#1342 = AXIS2_PLACEMENT_3D('',#1343,#1344,#1345);
#1343 = CARTESIAN_POINT('',(0.5,0.34,6.E-02));
#1344 = DIRECTION('',(-1.,0.,0.));
#1345 = DIRECTION('',(0.,0.,1.));
#1346 = ORIENTED_EDGE('',*,*,#1318,.F.);
#1347 = ORIENTED_EDGE('',*,*,#1253,.F.);
#1348 = CYLINDRICAL_SURFACE('',#1349,3.E-02);
#1349 = AXIS2_PLACEMENT_3D('',#1350,#1351,#1352);
#1350 = CARTESIAN_POINT('',(-0.5,0.34,6.E-02));
#1351 = DIRECTION('',(1.,0.,0.));
#1352 = DIRECTION('',(-0.,1.,0.));
#1353 = ADVANCED_FACE('',(#1354),#1372,.T.);
#1354 = FACE_BOUND('',#1355,.T.);
#1355 = EDGE_LOOP('',(#1356,#1364,#1365,#1366));
#1356 = ORIENTED_EDGE('',*,*,#1357,.F.);
#1357 = EDGE_CURVE('',#1333,#1358,#1360,.T.);
#1358 = VERTEX_POINT('',#1359);
#1359 = CARTESIAN_POINT('',(0.5,0.37,0.74));
#1360 = LINE('',#1361,#1362);
#1361 = CARTESIAN_POINT('',(0.5,0.37,3.E-02));
#1362 = VECTOR('',#1363,1.);
#1363 = DIRECTION('',(0.,0.,1.));
#1364 = ORIENTED_EDGE('',*,*,#1332,.F.);
#1365 = ORIENTED_EDGE('',*,*,#1245,.T.);
#1366 = ORIENTED_EDGE('',*,*,#1367,.T.);
#1367 = EDGE_CURVE('',#1237,#1358,#1368,.T.);
#1368 = LINE('',#1369,#1370);
#1369 = CARTESIAN_POINT('',(-0.5,0.37,0.74));
#1370 = VECTOR('',#1371,1.);
#1371 = DIRECTION('',(1.,0.,0.));
#1372 = PLANE('',#1373);
#1373 = AXIS2_PLACEMENT_3D('',#1374,#1375,#1376);
#1374 = CARTESIAN_POINT('',(-0.5,0.37,3.E-02));
#1375 = DIRECTION('',(0.,1.,0.));
#1376 = DIRECTION('',(0.,-0.,1.));
#1377 = ADVANCED_FACE('',(#1378),#1397,.T.);
#1378 = FACE_BOUND('',#1379,.T.);
#1379 = EDGE_LOOP('',(#1380,#1381,#1389,#1396));
#1380 = ORIENTED_EDGE('',*,*,#1236,.T.);
#1381 = ORIENTED_EDGE('',*,*,#1382,.T.);
#1382 = EDGE_CURVE('',#1229,#1383,#1385,.T.);
#1383 = VERTEX_POINT('',#1384);
#1384 = CARTESIAN_POINT('',(0.5,0.34,0.77));
#1385 = LINE('',#1386,#1387);
#1386 = CARTESIAN_POINT('',(-0.5,0.34,0.77));
#1387 = VECTOR('',#1388,1.);
#1388 = DIRECTION('',(1.,0.,0.));
#1389 = ORIENTED_EDGE('',*,*,#1390,.F.);
#1390 = EDGE_CURVE('',#1358,#1383,#1391,.T.);
#1391 = CIRCLE('',#1392,3.E-02);
#1392 = AXIS2_PLACEMENT_3D('',#1393,#1394,#1395);
#1393 = CARTESIAN_POINT('',(0.5,0.34,0.74));
#1394 = DIRECTION('',(1.,0.,-0.));
#1395 = DIRECTION('',(0.,0.,1.));
#1396 = ORIENTED_EDGE('',*,*,#1367,.F.);
#1397 = CYLINDRICAL_SURFACE('',#1398,3.E-02);
#1398 = AXIS2_PLACEMENT_3D('',#1399,#1400,#1401);
#1399 = CARTESIAN_POINT('',(-0.5,0.34,0.74));
#1400 = DIRECTION('',(1.,0.,0.));
#1401 = DIRECTION('',(-0.,1.,0.));
#1402 = ADVANCED_FACE('',(#1403),#1421,.T.);
#1403 = FACE_BOUND('',#1404,.T.);
#1404 = EDGE_LOOP('',(#1405,#1406,#1414,#1420));
#1405 = ORIENTED_EDGE('',*,*,#1228,.F.);
#1406 = ORIENTED_EDGE('',*,*,#1407,.T.);
#1407 = EDGE_CURVE('',#1220,#1408,#1410,.T.);
#1408 = VERTEX_POINT('',#1409);
#1409 = CARTESIAN_POINT('',(0.5,-0.34,0.77));
#1410 = LINE('',#1411,#1412);
#1411 = CARTESIAN_POINT('',(-0.5,-0.34,0.77));
#1412 = VECTOR('',#1413,1.);
#1413 = DIRECTION('',(1.,0.,0.));
#1414 = ORIENTED_EDGE('',*,*,#1415,.T.);
#1415 = EDGE_CURVE('',#1408,#1383,#1416,.T.);
#1416 = LINE('',#1417,#1418);
#1417 = CARTESIAN_POINT('',(0.5,-0.37,0.77));
#1418 = VECTOR('',#1419,1.);
#1419 = DIRECTION('',(0.,1.,0.));
#1420 = ORIENTED_EDGE('',*,*,#1382,.F.);
#1421 = PLANE('',#1422);
#1422 = AXIS2_PLACEMENT_3D('',#1423,#1424,#1425);
#1423 = CARTESIAN_POINT('',(-0.5,-0.37,0.77));
#1424 = DIRECTION('',(0.,0.,1.));
#1425 = DIRECTION('',(1.,0.,-0.));
#1426 = ADVANCED_FACE('',(#1427),#1446,.T.);
#1427 = FACE_BOUND('',#1428,.T.);
#1428 = EDGE_LOOP('',(#1429,#1437,#1444,#1445));
#1429 = ORIENTED_EDGE('',*,*,#1430,.T.);
#1430 = EDGE_CURVE('',#1212,#1431,#1433,.T.);
#1431 = VERTEX_POINT('',#1432);
#1432 = CARTESIAN_POINT('',(0.5,-0.37,0.74));
#1433 = LINE('',#1434,#1435);
#1434 = CARTESIAN_POINT('',(-0.5,-0.37,0.74));
#1435 = VECTOR('',#1436,1.);
#1436 = DIRECTION('',(1.,0.,0.));
#1437 = ORIENTED_EDGE('',*,*,#1438,.T.);
#1438 = EDGE_CURVE('',#1431,#1408,#1439,.T.);
#1439 = CIRCLE('',#1440,3.E-02);
#1440 = AXIS2_PLACEMENT_3D('',#1441,#1442,#1443);
#1441 = CARTESIAN_POINT('',(0.5,-0.34,0.74));
#1442 = DIRECTION('',(-1.,0.,0.));
#1443 = DIRECTION('',(0.,0.,1.));
#1444 = ORIENTED_EDGE('',*,*,#1407,.F.);
#1445 = ORIENTED_EDGE('',*,*,#1219,.F.);
#1446 = CYLINDRICAL_SURFACE('',#1447,3.E-02);
#1447 = AXIS2_PLACEMENT_3D('',#1448,#1449,#1450);
#1448 = CARTESIAN_POINT('',(-0.5,-0.34,0.74));
#1449 = DIRECTION('',(1.,0.,0.));
#1450 = DIRECTION('',(0.,-1.,0.));
#1451 = ADVANCED_FACE('',(#1452),#1463,.F.);
#1452 = FACE_BOUND('',#1453,.F.);
#1453 = EDGE_LOOP('',(#1454,#1460,#1461,#1462));
#1454 = ORIENTED_EDGE('',*,*,#1455,.F.);
#1455 = EDGE_CURVE('',#1286,#1431,#1456,.T.);
#1456 = LINE('',#1457,#1458);
#1457 = CARTESIAN_POINT('',(0.5,-0.37,3.E-02));
#1458 = VECTOR('',#1459,1.);
#1459 = DIRECTION('',(0.,0.,1.));
#1460 = ORIENTED_EDGE('',*,*,#1294,.F.);
#1461 = ORIENTED_EDGE('',*,*,#1211,.T.);
#1462 = ORIENTED_EDGE('',*,*,#1430,.T.);
#1463 = PLANE('',#1464);
#1464 = AXIS2_PLACEMENT_3D('',#1465,#1466,#1467);
#1465 = CARTESIAN_POINT('',(-0.5,-0.37,3.E-02));
#1466 = DIRECTION('',(0.,1.,0.));
#1467 = DIRECTION('',(0.,-0.,1.));
#1468 = ADVANCED_FACE('',(#1469,#1539),#1549,.F.);
#1469 = FACE_BOUND('',#1470,.F.);
#1470 = EDGE_LOOP('',(#1471,#1481,#1490,#1498,#1507,#1515,#1524,#1532));
#1471 = ORIENTED_EDGE('',*,*,#1472,.F.);
#1472 = EDGE_CURVE('',#1473,#1475,#1477,.T.);
#1473 = VERTEX_POINT('',#1474);
#1474 = CARTESIAN_POINT('',(0.5,-0.4,3.E-02));
#1475 = VERTEX_POINT('',#1476);
#1476 = CARTESIAN_POINT('',(0.5,-0.4,0.77));
#1477 = LINE('',#1478,#1479);
#1478 = CARTESIAN_POINT('',(0.5,-0.4,0.));
#1479 = VECTOR('',#1480,1.);
#1480 = DIRECTION('',(0.,0.,1.));
#1481 = ORIENTED_EDGE('',*,*,#1482,.T.);
#1482 = EDGE_CURVE('',#1473,#1483,#1485,.T.);
#1483 = VERTEX_POINT('',#1484);
#1484 = CARTESIAN_POINT('',(0.5,-0.37,0.));
#1485 = CIRCLE('',#1486,3.E-02);
#1486 = AXIS2_PLACEMENT_3D('',#1487,#1488,#1489);
#1487 = CARTESIAN_POINT('',(0.5,-0.37,3.E-02));
#1488 = DIRECTION('',(1.,0.,-0.));
#1489 = DIRECTION('',(0.,0.,1.));
#1490 = ORIENTED_EDGE('',*,*,#1491,.T.);
#1491 = EDGE_CURVE('',#1483,#1492,#1494,.T.);
#1492 = VERTEX_POINT('',#1493);
#1493 = CARTESIAN_POINT('',(0.5,0.37,0.));
#1494 = LINE('',#1495,#1496);
#1495 = CARTESIAN_POINT('',(0.5,-0.4,0.));
#1496 = VECTOR('',#1497,1.);
#1497 = DIRECTION('',(0.,1.,0.));
#1498 = ORIENTED_EDGE('',*,*,#1499,.F.);
#1499 = EDGE_CURVE('',#1500,#1492,#1502,.T.);
#1500 = VERTEX_POINT('',#1501);
#1501 = CARTESIAN_POINT('',(0.5,0.4,3.E-02));
#1502 = CIRCLE('',#1503,3.E-02);
#1503 = AXIS2_PLACEMENT_3D('',#1504,#1505,#1506);
#1504 = CARTESIAN_POINT('',(0.5,0.37,3.E-02));
#1505 = DIRECTION('',(-1.,0.,0.));
#1506 = DIRECTION('',(0.,0.,1.));
#1507 = ORIENTED_EDGE('',*,*,#1508,.T.);
#1508 = EDGE_CURVE('',#1500,#1509,#1511,.T.);
#1509 = VERTEX_POINT('',#1510);
#1510 = CARTESIAN_POINT('',(0.5,0.4,0.77));
#1511 = LINE('',#1512,#1513);
#1512 = CARTESIAN_POINT('',(0.5,0.4,0.));
#1513 = VECTOR('',#1514,1.);
#1514 = DIRECTION('',(0.,0.,1.));
#1515 = ORIENTED_EDGE('',*,*,#1516,.T.);
#1516 = EDGE_CURVE('',#1509,#1517,#1519,.T.);
#1517 = VERTEX_POINT('',#1518);
#1518 = CARTESIAN_POINT('',(0.5,0.37,0.8));
#1519 = CIRCLE('',#1520,3.E-02);
#1520 = AXIS2_PLACEMENT_3D('',#1521,#1522,#1523);
#1521 = CARTESIAN_POINT('',(0.5,0.37,0.77));
#1522 = DIRECTION('',(1.,0.,-0.));
#1523 = DIRECTION('',(0.,0.,1.));
#1524 = ORIENTED_EDGE('',*,*,#1525,.F.);
#1525 = EDGE_CURVE('',#1526,#1517,#1528,.T.);
#1526 = VERTEX_POINT('',#1527);
#1527 = CARTESIAN_POINT('',(0.5,-0.37,0.8));
#1528 = LINE('',#1529,#1530);
#1529 = CARTESIAN_POINT('',(0.5,-0.4,0.8));
#1530 = VECTOR('',#1531,1.);
#1531 = DIRECTION('',(0.,1.,0.));
#1532 = ORIENTED_EDGE('',*,*,#1533,.F.);
#1533 = EDGE_CURVE('',#1475,#1526,#1534,.T.);
#1534 = CIRCLE('',#1535,3.E-02);
#1535 = AXIS2_PLACEMENT_3D('',#1536,#1537,#1538);
#1536 = CARTESIAN_POINT('',(0.5,-0.37,0.77));
#1537 = DIRECTION('',(-1.,0.,0.));
#1538 = DIRECTION('',(0.,0.,1.));
#1539 = FACE_BOUND('',#1540,.F.);
#1540 = EDGE_LOOP('',(#1541,#1542,#1543,#1544,#1545,#1546,#1547,#1548));
#1541 = ORIENTED_EDGE('',*,*,#1285,.F.);
#1542 = ORIENTED_EDGE('',*,*,#1455,.T.);
#1543 = ORIENTED_EDGE('',*,*,#1438,.T.);
#1544 = ORIENTED_EDGE('',*,*,#1415,.T.);
#1545 = ORIENTED_EDGE('',*,*,#1390,.F.);
#1546 = ORIENTED_EDGE('',*,*,#1357,.F.);
#1547 = ORIENTED_EDGE('',*,*,#1340,.T.);
#1548 = ORIENTED_EDGE('',*,*,#1310,.F.);
#1549 = PLANE('',#1550);
#1550 = AXIS2_PLACEMENT_3D('',#1551,#1552,#1553);
#1551 = CARTESIAN_POINT('',(0.5,-0.4,0.));
#1552 = DIRECTION('',(1.,0.,0.));
#1553 = DIRECTION('',(0.,0.,1.));
#1554 = ADVANCED_FACE('',(#1555),#1580,.F.);
#1555 = FACE_BOUND('',#1556,.F.);
#1556 = EDGE_LOOP('',(#1557,#1567,#1573,#1574));
#1557 = ORIENTED_EDGE('',*,*,#1558,.F.);
#1558 = EDGE_CURVE('',#1559,#1561,#1563,.T.);
#1559 = VERTEX_POINT('',#1560);
#1560 = CARTESIAN_POINT('',(0.8,-0.4,3.E-02));
#1561 = VERTEX_POINT('',#1562);
#1562 = CARTESIAN_POINT('',(0.8,-0.4,0.77));
#1563 = LINE('',#1564,#1565);
#1564 = CARTESIAN_POINT('',(0.8,-0.4,0.));
#1565 = VECTOR('',#1566,1.);
#1566 = DIRECTION('',(0.,0.,1.));
#1567 = ORIENTED_EDGE('',*,*,#1568,.F.);
#1568 = EDGE_CURVE('',#1473,#1559,#1569,.T.);
#1569 = LINE('',#1570,#1571);
#1570 = CARTESIAN_POINT('',(0.5,-0.4,3.E-02));
#1571 = VECTOR('',#1572,1.);
#1572 = DIRECTION('',(1.,0.,0.));
#1573 = ORIENTED_EDGE('',*,*,#1472,.T.);
#1574 = ORIENTED_EDGE('',*,*,#1575,.T.);
#1575 = EDGE_CURVE('',#1475,#1561,#1576,.T.);
#1576 = LINE('',#1577,#1578);
#1577 = CARTESIAN_POINT('',(0.5,-0.4,0.77));
#1578 = VECTOR('',#1579,1.);
#1579 = DIRECTION('',(1.,0.,0.));
#1580 = PLANE('',#1581);
#1581 = AXIS2_PLACEMENT_3D('',#1582,#1583,#1584);
#1582 = CARTESIAN_POINT('',(0.5,-0.4,0.));
#1583 = DIRECTION('',(0.,1.,0.));
#1584 = DIRECTION('',(0.,-0.,1.));
#1585 = ADVANCED_FACE('',(#1586),#1605,.T.);
#1586 = FACE_BOUND('',#1587,.T.);
#1587 = EDGE_LOOP('',(#1588,#1589,#1597,#1604));
#1588 = ORIENTED_EDGE('',*,*,#1482,.T.);
#1589 = ORIENTED_EDGE('',*,*,#1590,.T.);
#1590 = EDGE_CURVE('',#1483,#1591,#1593,.T.);
#1591 = VERTEX_POINT('',#1592);
#1592 = CARTESIAN_POINT('',(0.8,-0.37,0.));
#1593 = LINE('',#1594,#1595);
#1594 = CARTESIAN_POINT('',(0.5,-0.37,0.));
#1595 = VECTOR('',#1596,1.);
#1596 = DIRECTION('',(1.,0.,0.));
#1597 = ORIENTED_EDGE('',*,*,#1598,.F.);
#1598 = EDGE_CURVE('',#1559,#1591,#1599,.T.);
#1599 = CIRCLE('',#1600,3.E-02);
#1600 = AXIS2_PLACEMENT_3D('',#1601,#1602,#1603);
#1601 = CARTESIAN_POINT('',(0.8,-0.37,3.E-02));
#1602 = DIRECTION('',(1.,0.,-0.));
#1603 = DIRECTION('',(0.,0.,1.));
#1604 = ORIENTED_EDGE('',*,*,#1568,.F.);
#1605 = CYLINDRICAL_SURFACE('',#1606,3.E-02);
#1606 = AXIS2_PLACEMENT_3D('',#1607,#1608,#1609);
#1607 = CARTESIAN_POINT('',(0.5,-0.37,3.E-02));
#1608 = DIRECTION('',(1.,0.,0.));
#1609 = DIRECTION('',(0.,-1.,0.));
#1610 = ADVANCED_FACE('',(#1611),#1630,.T.);
#1611 = FACE_BOUND('',#1612,.T.);
#1612 = EDGE_LOOP('',(#1613,#1614,#1623,#1629));
#1613 = ORIENTED_EDGE('',*,*,#1575,.T.);
#1614 = ORIENTED_EDGE('',*,*,#1615,.T.);
#1615 = EDGE_CURVE('',#1561,#1616,#1618,.T.);
#1616 = VERTEX_POINT('',#1617);
#1617 = CARTESIAN_POINT('',(0.8,-0.37,0.8));
#1618 = CIRCLE('',#1619,3.E-02);
#1619 = AXIS2_PLACEMENT_3D('',#1620,#1621,#1622);
#1620 = CARTESIAN_POINT('',(0.8,-0.37,0.77));
#1621 = DIRECTION('',(-1.,0.,0.));
#1622 = DIRECTION('',(0.,0.,1.));
#1623 = ORIENTED_EDGE('',*,*,#1624,.F.);
#1624 = EDGE_CURVE('',#1526,#1616,#1625,.T.);
#1625 = LINE('',#1626,#1627);
#1626 = CARTESIAN_POINT('',(0.5,-0.37,0.8));
#1627 = VECTOR('',#1628,1.);
#1628 = DIRECTION('',(1.,0.,0.));
#1629 = ORIENTED_EDGE('',*,*,#1533,.F.);
#1630 = CYLINDRICAL_SURFACE('',#1631,3.E-02);
#1631 = AXIS2_PLACEMENT_3D('',#1632,#1633,#1634);
#1632 = CARTESIAN_POINT('',(0.5,-0.37,0.77));
#1633 = DIRECTION('',(1.,0.,0.));
#1634 = DIRECTION('',(0.,-1.,0.));
#1635 = ADVANCED_FACE('',(#1636),#1654,.F.);
#1636 = FACE_BOUND('',#1637,.F.);
#1637 = EDGE_LOOP('',(#1638,#1639,#1640,#1648));
#1638 = ORIENTED_EDGE('',*,*,#1491,.F.);
#1639 = ORIENTED_EDGE('',*,*,#1590,.T.);
#1640 = ORIENTED_EDGE('',*,*,#1641,.T.);
#1641 = EDGE_CURVE('',#1591,#1642,#1644,.T.);
#1642 = VERTEX_POINT('',#1643);
#1643 = CARTESIAN_POINT('',(0.8,0.37,0.));
#1644 = LINE('',#1645,#1646);
#1645 = CARTESIAN_POINT('',(0.8,-0.4,0.));
#1646 = VECTOR('',#1647,1.);
#1647 = DIRECTION('',(0.,1.,0.));
#1648 = ORIENTED_EDGE('',*,*,#1649,.F.);
#1649 = EDGE_CURVE('',#1492,#1642,#1650,.T.);
#1650 = LINE('',#1651,#1652);
#1651 = CARTESIAN_POINT('',(0.5,0.37,0.));
#1652 = VECTOR('',#1653,1.);
#1653 = DIRECTION('',(1.,0.,0.));
#1654 = PLANE('',#1655);
#1655 = AXIS2_PLACEMENT_3D('',#1656,#1657,#1658);
#1656 = CARTESIAN_POINT('',(0.5,-0.4,0.));
#1657 = DIRECTION('',(0.,0.,1.));
#1658 = DIRECTION('',(1.,0.,-0.));
#1659 = ADVANCED_FACE('',(#1660),#1678,.T.);
#1660 = FACE_BOUND('',#1661,.T.);
#1661 = EDGE_LOOP('',(#1662,#1663,#1664,#1672));
#1662 = ORIENTED_EDGE('',*,*,#1525,.F.);
#1663 = ORIENTED_EDGE('',*,*,#1624,.T.);
#1664 = ORIENTED_EDGE('',*,*,#1665,.T.);
#1665 = EDGE_CURVE('',#1616,#1666,#1668,.T.);
#1666 = VERTEX_POINT('',#1667);
#1667 = CARTESIAN_POINT('',(0.8,0.37,0.8));
#1668 = LINE('',#1669,#1670);
#1669 = CARTESIAN_POINT('',(0.8,-0.4,0.8));
#1670 = VECTOR('',#1671,1.);
#1671 = DIRECTION('',(0.,1.,0.));
#1672 = ORIENTED_EDGE('',*,*,#1673,.F.);
#1673 = EDGE_CURVE('',#1517,#1666,#1674,.T.);
#1674 = LINE('',#1675,#1676);
#1675 = CARTESIAN_POINT('',(0.5,0.37,0.8));
#1676 = VECTOR('',#1677,1.);
#1677 = DIRECTION('',(1.,0.,0.));
#1678 = PLANE('',#1679);
#1679 = AXIS2_PLACEMENT_3D('',#1680,#1681,#1682);
#1680 = CARTESIAN_POINT('',(0.5,-0.4,0.8));
#1681 = DIRECTION('',(0.,0.,1.));
#1682 = DIRECTION('',(1.,0.,-0.));
#1683 = ADVANCED_FACE('',(#1684),#1703,.T.);
#1684 = FACE_BOUND('',#1685,.T.);
#1685 = EDGE_LOOP('',(#1686,#1694,#1701,#1702));
#1686 = ORIENTED_EDGE('',*,*,#1687,.T.);
#1687 = EDGE_CURVE('',#1500,#1688,#1690,.T.);
#1688 = VERTEX_POINT('',#1689);
#1689 = CARTESIAN_POINT('',(0.8,0.4,3.E-02));
#1690 = LINE('',#1691,#1692);
#1691 = CARTESIAN_POINT('',(0.5,0.4,3.E-02));
#1692 = VECTOR('',#1693,1.);
#1693 = DIRECTION('',(1.,0.,0.));
#1694 = ORIENTED_EDGE('',*,*,#1695,.T.);
#1695 = EDGE_CURVE('',#1688,#1642,#1696,.T.);
#1696 = CIRCLE('',#1697,3.E-02);
#1697 = AXIS2_PLACEMENT_3D('',#1698,#1699,#1700);
#1698 = CARTESIAN_POINT('',(0.8,0.37,3.E-02));
#1699 = DIRECTION('',(-1.,0.,0.));
#1700 = DIRECTION('',(0.,0.,1.));
#1701 = ORIENTED_EDGE('',*,*,#1649,.F.);
#1702 = ORIENTED_EDGE('',*,*,#1499,.F.);
#1703 = CYLINDRICAL_SURFACE('',#1704,3.E-02);
#1704 = AXIS2_PLACEMENT_3D('',#1705,#1706,#1707);
#1705 = CARTESIAN_POINT('',(0.5,0.37,3.E-02));
#1706 = DIRECTION('',(1.,0.,0.));
#1707 = DIRECTION('',(-0.,1.,0.));
#1708 = ADVANCED_FACE('',(#1709),#1728,.T.);
#1709 = FACE_BOUND('',#1710,.T.);
#1710 = EDGE_LOOP('',(#1711,#1712,#1713,#1722));
#1711 = ORIENTED_EDGE('',*,*,#1516,.T.);
#1712 = ORIENTED_EDGE('',*,*,#1673,.T.);
#1713 = ORIENTED_EDGE('',*,*,#1714,.F.);
#1714 = EDGE_CURVE('',#1715,#1666,#1717,.T.);
#1715 = VERTEX_POINT('',#1716);
#1716 = CARTESIAN_POINT('',(0.8,0.4,0.77));
#1717 = CIRCLE('',#1718,3.E-02);
#1718 = AXIS2_PLACEMENT_3D('',#1719,#1720,#1721);
#1719 = CARTESIAN_POINT('',(0.8,0.37,0.77));
#1720 = DIRECTION('',(1.,0.,-0.));
#1721 = DIRECTION('',(0.,0.,1.));
#1722 = ORIENTED_EDGE('',*,*,#1723,.F.);
#1723 = EDGE_CURVE('',#1509,#1715,#1724,.T.);
#1724 = LINE('',#1725,#1726);
#1725 = CARTESIAN_POINT('',(0.5,0.4,0.77));
#1726 = VECTOR('',#1727,1.);
#1727 = DIRECTION('',(1.,0.,0.));
#1728 = CYLINDRICAL_SURFACE('',#1729,3.E-02);
#1729 = AXIS2_PLACEMENT_3D('',#1730,#1731,#1732);
#1730 = CARTESIAN_POINT('',(0.5,0.37,0.77));
#1731 = DIRECTION('',(1.,0.,0.));
#1732 = DIRECTION('',(-0.,1.,0.));
#1733 = ADVANCED_FACE('',(#1734),#1745,.T.);
#1734 = FACE_BOUND('',#1735,.T.);
#1735 = EDGE_LOOP('',(#1736,#1742,#1743,#1744));
#1736 = ORIENTED_EDGE('',*,*,#1737,.F.);
#1737 = EDGE_CURVE('',#1688,#1715,#1738,.T.);
#1738 = LINE('',#1739,#1740);
#1739 = CARTESIAN_POINT('',(0.8,0.4,0.));
#1740 = VECTOR('',#1741,1.);
#1741 = DIRECTION('',(0.,0.,1.));
#1742 = ORIENTED_EDGE('',*,*,#1687,.F.);
#1743 = ORIENTED_EDGE('',*,*,#1508,.T.);
#1744 = ORIENTED_EDGE('',*,*,#1723,.T.);
#1745 = PLANE('',#1746);
#1746 = AXIS2_PLACEMENT_3D('',#1747,#1748,#1749);
#1747 = CARTESIAN_POINT('',(0.5,0.4,0.));
#1748 = DIRECTION('',(0.,1.,0.));
#1749 = DIRECTION('',(0.,-0.,1.));
#1750 = ADVANCED_FACE('',(#1751),#1761,.T.);
#1751 = FACE_BOUND('',#1752,.T.);
#1752 = EDGE_LOOP('',(#1753,#1754,#1755,#1756,#1757,#1758,#1759,#1760));
#1753 = ORIENTED_EDGE('',*,*,#1558,.F.);
#1754 = ORIENTED_EDGE('',*,*,#1598,.T.);
#1755 = ORIENTED_EDGE('',*,*,#1641,.T.);
#1756 = ORIENTED_EDGE('',*,*,#1695,.F.);
#1757 = ORIENTED_EDGE('',*,*,#1737,.T.);
#1758 = ORIENTED_EDGE('',*,*,#1714,.T.);
#1759 = ORIENTED_EDGE('',*,*,#1665,.F.);
#1760 = ORIENTED_EDGE('',*,*,#1615,.F.);
#1761 = PLANE('',#1762);
#1762 = AXIS2_PLACEMENT_3D('',#1763,#1764,#1765);
#1763 = CARTESIAN_POINT('',(0.8,-0.4,0.));
#1764 = DIRECTION('',(1.,0.,0.));
#1765 = DIRECTION('',(0.,0.,1.));
#1766 = ( GEOMETRIC_REPRESENTATION_CONTEXT(3) 
GLOBAL_UNCERTAINTY_ASSIGNED_CONTEXT((#1770)) 
GLOBAL_UNIT_ASSIGNED_CONTEXT((#1767,#1768,#1769)) REPRESENTATION_CONTEXT
('Context #1','3D Context with UNIT and UNCERTAINTY') );
#1767 = ( LENGTH_UNIT() NAMED_UNIT(*) SI_UNIT(.MILLI.,.METRE.) );
#1768 = ( NAMED_UNIT(*) PLANE_ANGLE_UNIT() SI_UNIT($,.RADIAN.) );
#1769 = ( NAMED_UNIT(*) SI_UNIT($,.STERADIAN.) SOLID_ANGLE_UNIT() );
#1770 = UNCERTAINTY_MEASURE_WITH_UNIT(LENGTH_MEASURE(1.E-07),#1767,
  'distance_accuracy_value','confusion accuracy');
#1771 = CONTEXT_DEPENDENT_SHAPE_REPRESENTATION(#1772,#1774);
#1772 = ( REPRESENTATION_RELATIONSHIP('','',#911,#888) 
REPRESENTATION_RELATIONSHIP_WITH_TRANSFORMATION(#1773) 
SHAPE_REPRESENTATION_RELATIONSHIP() );
#1773 = ITEM_DEFINED_TRANSFORMATION('','',#11,#889);
#1774 = PRODUCT_DEFINITION_SHAPE('Placement','Placement of an item',
  #1775);
#1775 = NEXT_ASSEMBLY_USAGE_OCCURRENCE('3','=>[0:1:1:5]','',#883,#906,$
  );
#1776 = PRODUCT_RELATED_PRODUCT_CATEGORY('part',$,(#908));
#1777 = SHAPE_DEFINITION_REPRESENTATION(#1778,#1784);
#1778 = PRODUCT_DEFINITION_SHAPE('','',#1779);
#1779 = PRODUCT_DEFINITION('design','',#1780,#1783);
#1780 = PRODUCT_DEFINITION_FORMATION('','',#1781);
#1781 = PRODUCT('TSSOP-14_4.4x5mm_P0.65mm','TSSOP-14_4.4x5mm_P0.65mm',''
  ,(#1782));
#1782 = PRODUCT_CONTEXT('',#2,'mechanical');
#1783 = PRODUCT_DEFINITION_CONTEXT('part definition',#2,'design');
#1784 = SHAPE_REPRESENTATION('',(#11,#1785),#1789);
#1785 = AXIS2_PLACEMENT_3D('',#1786,#1787,#1788);
#1786 = CARTESIAN_POINT('',(0.,0.,0.));
#1787 = DIRECTION('',(0.,0.,1.));
#1788 = DIRECTION('',(1.,0.,-0.));
#1789 = ( GEOMETRIC_REPRESENTATION_CONTEXT(3) 
GLOBAL_UNCERTAINTY_ASSIGNED_CONTEXT((#1793)) 
GLOBAL_UNIT_ASSIGNED_CONTEXT((#1790,#1791,#1792)) REPRESENTATION_CONTEXT
('Context #1','3D Context with UNIT and UNCERTAINTY') );
#1790 = ( LENGTH_UNIT() NAMED_UNIT(*) SI_UNIT(.MILLI.,.METRE.) );
#1791 = ( NAMED_UNIT(*) PLANE_ANGLE_UNIT() SI_UNIT($,.RADIAN.) );
#1792 = ( NAMED_UNIT(*) SI_UNIT($,.STERADIAN.) SOLID_ANGLE_UNIT() );
#1793 = UNCERTAINTY_MEASURE_WITH_UNIT(LENGTH_MEASURE(1.E-07),#1790,
  'distance_accuracy_value','confusion accuracy');
#1794 = CONTEXT_DEPENDENT_SHAPE_REPRESENTATION(#1795,#1797);
#1795 = ( REPRESENTATION_RELATIONSHIP('','',#1784,#10) 
REPRESENTATION_RELATIONSHIP_WITH_TRANSFORMATION(#1796) 
SHAPE_REPRESENTATION_RELATIONSHIP() );
#1796 = ITEM_DEFINED_TRANSFORMATION('','',#11,#23);
#1797 = PRODUCT_DEFINITION_SHAPE('Placement','Placement of an item',
  #1798);
#1798 = NEXT_ASSEMBLY_USAGE_OCCURRENCE('6','U1','',#5,#1779,$);
#1799 = PRODUCT_RELATED_PRODUCT_CATEGORY('part',$,(#1781));
#1800 = SHAPE_DEFINITION_REPRESENTATION(#1801,#1807);
#1801 = PRODUCT_DEFINITION_SHAPE('','',#1802);
#1802 = PRODUCT_DEFINITION('design','',#1803,#1806);
#1803 = PRODUCT_DEFINITION_FORMATION('','',#1804);
#1804 = PRODUCT('TSSOP-14_4.4x5mm_P0.65mm','TSSOP-14_4.4x5mm_P0.65mm',''
  ,(#1805));
#1805 = PRODUCT_CONTEXT('',#2,'mechanical');
#1806 = PRODUCT_DEFINITION_CONTEXT('part definition',#2,'design');
#1807 = ADVANCED_BREP_SHAPE_REPRESENTATION('',(#11,#1808),#9080);
#1808 = MANIFOLD_SOLID_BREP('',#1809);
#1809 = CLOSED_SHELL('',(#1810,#1848,#1911,#1934,#1963,#1986,#2121,#2256
    ,#2279,#2302,#2319,#2342,#2430,#2446,#2476,#2507,#2538,#2569,#2600,
    #2631,#2662,#2693,#2724,#2755,#2786,#2817,#2848,#2879,#2896,#2913,
    #2944,#2975,#3006,#3037,#3068,#3099,#3130,#3161,#3192,#3223,#3254,
    #3285,#3316,#3346,#3369,#3392,#3409,#3454,#3588,#3611,#3634,#3657,
    #3792,#3830,#3879,#3971,#3996,#4080,#4102,#4194,#4219,#4303,#4325,
    #4417,#4442,#4526,#4548,#4640,#4665,#4749,#4771,#4863,#4888,#4972,
    #4994,#5086,#5111,#5195,#5212,#5297,#5322,#5399,#5484,#5509,#5586,
    #5603,#5695,#5720,#5804,#5826,#5918,#5943,#6027,#6049,#6141,#6166,
    #6250,#6272,#6364,#6389,#6473,#6495,#6587,#6612,#6696,#6718,#6810,
    #6835,#6919,#6936,#6955,#6974,#6993,#7012,#7031,#7050,#7096,#7112,
    #7131,#7150,#7169,#7188,#7207,#7226,#7242,#7259,#7271,#7288,#7305,
    #7322,#7339,#7356,#7373,#7390,#7402,#7419,#7436,#7453,#7470,#7487,
    #7504,#7521,#7533,#7550,#7567,#7584,#7601,#7618,#7635,#7652,#7664,
    #7681,#7698,#7715,#7732,#7749,#7766,#7783,#7795,#7812,#7829,#7846,
    #7863,#7880,#7897,#7914,#7926,#7943,#7960,#7977,#7994,#8011,#8028,
    #8045,#8057,#8074,#8091,#8108,#8125,#8142,#8159,#8171,#8188,#8205,
    #8222,#8239,#8256,#8273,#8285,#8302,#8319,#8336,#8353,#8370,#8387,
    #8404,#8416,#8433,#8450,#8467,#8484,#8501,#8518,#8535,#8547,#8564,
    #8581,#8598,#8615,#8632,#8649,#8666,#8678,#8695,#8712,#8729,#8746,
    #8763,#8780,#8797,#8809,#8826,#8843,#8860,#8877,#8894,#8911,#8928,
    #8940,#8957,#8974,#8991,#9008,#9025,#9042,#9059,#9071));
#1810 = ADVANCED_FACE('',(#1811),#1843,.F.);
#1811 = FACE_BOUND('',#1812,.F.);
#1812 = EDGE_LOOP('',(#1813,#1823,#1830,#1838));
#1813 = ORIENTED_EDGE('',*,*,#1814,.T.);
#1814 = EDGE_CURVE('',#1815,#1817,#1819,.T.);
#1815 = VERTEX_POINT('',#1816);
#1816 = CARTESIAN_POINT('',(-1.960145644687,2.420291289374,0.1));
#1817 = VERTEX_POINT('',#1818);
#1818 = CARTESIAN_POINT('',(1.960145644687,2.420291289374,0.1));
#1819 = LINE('',#1820,#1821);
#1820 = CARTESIAN_POINT('',(-1.960145644687,2.420291289374,0.1));
#1821 = VECTOR('',#1822,1.);
#1822 = DIRECTION('',(1.,1.110223024625E-16,0.));
#1823 = ORIENTED_EDGE('',*,*,#1824,.T.);
#1824 = EDGE_CURVE('',#1817,#1825,#1827,.T.);
#1825 = VERTEX_POINT('',#1826);
#1826 = CARTESIAN_POINT('',(2.,2.5,0.475));
#1827 = B_SPLINE_CURVE_WITH_KNOTS('',1,(#1828,#1829),.UNSPECIFIED.,.F.,
  .F.,(2,2),(0.,1.),.PIECEWISE_BEZIER_KNOTS.);
#1828 = CARTESIAN_POINT('',(1.960145644687,2.420291289374,0.1));
#1829 = CARTESIAN_POINT('',(2.,2.5,0.475));
#1830 = ORIENTED_EDGE('',*,*,#1831,.F.);
#1831 = EDGE_CURVE('',#1832,#1825,#1834,.T.);
#1832 = VERTEX_POINT('',#1833);
#1833 = CARTESIAN_POINT('',(-2.,2.5,0.475));
#1834 = LINE('',#1835,#1836);
#1835 = CARTESIAN_POINT('',(-2.,2.5,0.475));
#1836 = VECTOR('',#1837,1.);
#1837 = DIRECTION('',(1.,1.110223024625E-16,0.));
#1838 = ORIENTED_EDGE('',*,*,#1839,.F.);
#1839 = EDGE_CURVE('',#1815,#1832,#1840,.T.);
#1840 = B_SPLINE_CURVE_WITH_KNOTS('',1,(#1841,#1842),.UNSPECIFIED.,.F.,
  .F.,(2,2),(0.,1.),.PIECEWISE_BEZIER_KNOTS.);
#1841 = CARTESIAN_POINT('',(-1.960145644687,2.420291289374,0.1));
#1842 = CARTESIAN_POINT('',(-2.,2.5,0.475));
#1843 = B_SPLINE_SURFACE_WITH_KNOTS('',1,1,(
    (#1844,#1845)
    ,(#1846,#1847
    )),.UNSPECIFIED.,.F.,.F.,.F.,(2,2),(2,2),(0.,4.),(0.,1.),
  .PIECEWISE_BEZIER_KNOTS.);
#1844 = CARTESIAN_POINT('',(-1.960145644687,2.420291289374,0.1));
#1845 = CARTESIAN_POINT('',(-2.,2.5,0.475));
#1846 = CARTESIAN_POINT('',(1.960145644687,2.420291289374,0.1));
#1847 = CARTESIAN_POINT('',(2.,2.5,0.475));
#1848 = ADVANCED_FACE('',(#1849),#1906,.T.);
#1849 = FACE_BOUND('',#1850,.T.);
#1850 = EDGE_LOOP('',(#1851,#1852,#1860,#1868,#1876,#1884,#1892,#1900));
#1851 = ORIENTED_EDGE('',*,*,#1814,.T.);
#1852 = ORIENTED_EDGE('',*,*,#1853,.T.);
#1853 = EDGE_CURVE('',#1817,#1854,#1856,.T.);
#1854 = VERTEX_POINT('',#1855);
#1855 = CARTESIAN_POINT('',(2.120291289374,2.260145644687,0.1));
#1856 = LINE('',#1857,#1858);
#1857 = CARTESIAN_POINT('',(1.960145644687,2.420291289374,0.1));
#1858 = VECTOR('',#1859,1.);
#1859 = DIRECTION('',(0.707106781187,-0.707106781187,0.));
#1860 = ORIENTED_EDGE('',*,*,#1861,.T.);
#1861 = EDGE_CURVE('',#1854,#1862,#1864,.T.);
#1862 = VERTEX_POINT('',#1863);
#1863 = CARTESIAN_POINT('',(2.120291289374,-2.260145644687,0.1));
#1864 = LINE('',#1865,#1866);
#1865 = CARTESIAN_POINT('',(2.120291289374,2.260145644687,0.1));
#1866 = VECTOR('',#1867,1.);
#1867 = DIRECTION('',(1.110223024625E-16,-1.,0.));
#1868 = ORIENTED_EDGE('',*,*,#1869,.T.);
#1869 = EDGE_CURVE('',#1862,#1870,#1872,.T.);
#1870 = VERTEX_POINT('',#1871);
#1871 = CARTESIAN_POINT('',(1.960145644687,-2.420291289374,0.1));
#1872 = LINE('',#1873,#1874);
#1873 = CARTESIAN_POINT('',(2.120291289374,-2.260145644687,0.1));
#1874 = VECTOR('',#1875,1.);
#1875 = DIRECTION('',(-0.707106781187,-0.707106781187,0.));
#1876 = ORIENTED_EDGE('',*,*,#1877,.T.);
#1877 = EDGE_CURVE('',#1870,#1878,#1880,.T.);
#1878 = VERTEX_POINT('',#1879);
#1879 = CARTESIAN_POINT('',(-1.960145644687,-2.420291289374,0.1));
#1880 = LINE('',#1881,#1882);
#1881 = CARTESIAN_POINT('',(1.960145644687,-2.420291289374,0.1));
#1882 = VECTOR('',#1883,1.);
#1883 = DIRECTION('',(-1.,-1.110223024625E-16,0.));
#1884 = ORIENTED_EDGE('',*,*,#1885,.T.);
#1885 = EDGE_CURVE('',#1878,#1886,#1888,.T.);
#1886 = VERTEX_POINT('',#1887);
#1887 = CARTESIAN_POINT('',(-2.120291289374,-2.260145644687,0.1));
#1888 = LINE('',#1889,#1890);
#1889 = CARTESIAN_POINT('',(-1.960145644687,-2.420291289374,0.1));
#1890 = VECTOR('',#1891,1.);
#1891 = DIRECTION('',(-0.707106781187,0.707106781187,0.));
#1892 = ORIENTED_EDGE('',*,*,#1893,.T.);
#1893 = EDGE_CURVE('',#1886,#1894,#1896,.T.);
#1894 = VERTEX_POINT('',#1895);
#1895 = CARTESIAN_POINT('',(-2.120291289374,2.260145644687,0.1));
#1896 = LINE('',#1897,#1898);
#1897 = CARTESIAN_POINT('',(-2.120291289374,-2.260145644687,0.1));
#1898 = VECTOR('',#1899,1.);
#1899 = DIRECTION('',(-1.110223024625E-16,1.,0.));
#1900 = ORIENTED_EDGE('',*,*,#1901,.T.);
#1901 = EDGE_CURVE('',#1894,#1815,#1902,.T.);
#1902 = LINE('',#1903,#1904);
#1903 = CARTESIAN_POINT('',(-2.120291289374,2.260145644687,0.1));
#1904 = VECTOR('',#1905,1.);
#1905 = DIRECTION('',(0.707106781187,0.707106781187,0.));
#1906 = PLANE('',#1907);
#1907 = AXIS2_PLACEMENT_3D('',#1908,#1909,#1910);
#1908 = CARTESIAN_POINT('',(-1.960145644687,2.420291289374,0.1));
#1909 = DIRECTION('',(0.,0.,-1.));
#1910 = DIRECTION('',(0.62936545726,-0.777109465396,0.));
#1911 = ADVANCED_FACE('',(#1912),#1929,.F.);
#1912 = FACE_BOUND('',#1913,.F.);
#1913 = EDGE_LOOP('',(#1914,#1915,#1922,#1928));
#1914 = ORIENTED_EDGE('',*,*,#1853,.T.);
#1915 = ORIENTED_EDGE('',*,*,#1916,.T.);
#1916 = EDGE_CURVE('',#1854,#1917,#1919,.T.);
#1917 = VERTEX_POINT('',#1918);
#1918 = CARTESIAN_POINT('',(2.2,2.3,0.475));
#1919 = B_SPLINE_CURVE_WITH_KNOTS('',1,(#1920,#1921),.UNSPECIFIED.,.F.,
  .F.,(2,2),(0.,1.),.PIECEWISE_BEZIER_KNOTS.);
#1920 = CARTESIAN_POINT('',(2.120291289374,2.260145644687,0.1));
#1921 = CARTESIAN_POINT('',(2.2,2.3,0.475));
#1922 = ORIENTED_EDGE('',*,*,#1923,.F.);
#1923 = EDGE_CURVE('',#1825,#1917,#1924,.T.);
#1924 = LINE('',#1925,#1926);
#1925 = CARTESIAN_POINT('',(2.,2.5,0.475));
#1926 = VECTOR('',#1927,1.);
#1927 = DIRECTION('',(0.707106781187,-0.707106781187,0.));
#1928 = ORIENTED_EDGE('',*,*,#1824,.F.);
#1929 = B_SPLINE_SURFACE_WITH_KNOTS('',1,1,(
    (#1930,#1931)
    ,(#1932,#1933
    )),.UNSPECIFIED.,.F.,.F.,.F.,(2,2),(2,2),(0.,0.282842712475),(0.,1.)
  ,.PIECEWISE_BEZIER_KNOTS.);
#1930 = CARTESIAN_POINT('',(1.960145644687,2.420291289374,0.1));
#1931 = CARTESIAN_POINT('',(2.,2.5,0.475));
#1932 = CARTESIAN_POINT('',(2.120291289374,2.260145644687,0.1));
#1933 = CARTESIAN_POINT('',(2.2,2.3,0.475));
#1934 = ADVANCED_FACE('',(#1935),#1958,.F.);
#1935 = FACE_BOUND('',#1936,.F.);
#1936 = EDGE_LOOP('',(#1937,#1938,#1945,#1953));
#1937 = ORIENTED_EDGE('',*,*,#1831,.T.);
#1938 = ORIENTED_EDGE('',*,*,#1939,.T.);
#1939 = EDGE_CURVE('',#1825,#1940,#1942,.T.);
#1940 = VERTEX_POINT('',#1941);
#1941 = CARTESIAN_POINT('',(2.,2.5,0.625));
#1942 = B_SPLINE_CURVE_WITH_KNOTS('',1,(#1943,#1944),.UNSPECIFIED.,.F.,
  .F.,(2,2),(0.,1.),.PIECEWISE_BEZIER_KNOTS.);
#1943 = CARTESIAN_POINT('',(2.,2.5,0.475));
#1944 = CARTESIAN_POINT('',(2.,2.5,0.625));
#1945 = ORIENTED_EDGE('',*,*,#1946,.F.);
#1946 = EDGE_CURVE('',#1947,#1940,#1949,.T.);
#1947 = VERTEX_POINT('',#1948);
#1948 = CARTESIAN_POINT('',(-2.,2.5,0.625));
#1949 = LINE('',#1950,#1951);
#1950 = CARTESIAN_POINT('',(-2.,2.5,0.625));
#1951 = VECTOR('',#1952,1.);
#1952 = DIRECTION('',(1.,1.110223024625E-16,0.));
#1953 = ORIENTED_EDGE('',*,*,#1954,.F.);
#1954 = EDGE_CURVE('',#1832,#1947,#1955,.T.);
#1955 = B_SPLINE_CURVE_WITH_KNOTS('',1,(#1956,#1957),.UNSPECIFIED.,.F.,
  .F.,(2,2),(0.,1.),.PIECEWISE_BEZIER_KNOTS.);
#1956 = CARTESIAN_POINT('',(-2.,2.5,0.475));
#1957 = CARTESIAN_POINT('',(-2.,2.5,0.625));
#1958 = PLANE('',#1959);
#1959 = AXIS2_PLACEMENT_3D('',#1960,#1961,#1962);
#1960 = CARTESIAN_POINT('',(-2.,2.5,0.625));
#1961 = DIRECTION('',(1.110223024625E-16,-1.,0.));
#1962 = DIRECTION('',(1.,1.110223024625E-16,0.));
#1963 = ADVANCED_FACE('',(#1964),#1981,.F.);
#1964 = FACE_BOUND('',#1965,.F.);
#1965 = EDGE_LOOP('',(#1966,#1967,#1968,#1976));
#1966 = ORIENTED_EDGE('',*,*,#1901,.T.);
#1967 = ORIENTED_EDGE('',*,*,#1839,.T.);
#1968 = ORIENTED_EDGE('',*,*,#1969,.F.);
#1969 = EDGE_CURVE('',#1970,#1832,#1972,.T.);
#1970 = VERTEX_POINT('',#1971);
#1971 = CARTESIAN_POINT('',(-2.2,2.3,0.475));
#1972 = LINE('',#1973,#1974);
#1973 = CARTESIAN_POINT('',(-2.2,2.3,0.475));
#1974 = VECTOR('',#1975,1.);
#1975 = DIRECTION('',(0.707106781187,0.707106781187,0.));
#1976 = ORIENTED_EDGE('',*,*,#1977,.F.);
#1977 = EDGE_CURVE('',#1894,#1970,#1978,.T.);
#1978 = B_SPLINE_CURVE_WITH_KNOTS('',1,(#1979,#1980),.UNSPECIFIED.,.F.,
  .F.,(2,2),(0.,1.),.PIECEWISE_BEZIER_KNOTS.);
#1979 = CARTESIAN_POINT('',(-2.120291289374,2.260145644687,0.1));
#1980 = CARTESIAN_POINT('',(-2.2,2.3,0.475));
#1981 = B_SPLINE_SURFACE_WITH_KNOTS('',1,1,(
    (#1982,#1983)
    ,(#1984,#1985
    )),.UNSPECIFIED.,.F.,.F.,.F.,(2,2),(2,2),(0.,0.282842712475),(0.,1.)
  ,.PIECEWISE_BEZIER_KNOTS.);
#1982 = CARTESIAN_POINT('',(-2.120291289374,2.260145644687,0.1));
#1983 = CARTESIAN_POINT('',(-2.2,2.3,0.475));
#1984 = CARTESIAN_POINT('',(-1.960145644687,2.420291289374,0.1));
#1985 = CARTESIAN_POINT('',(-2.,2.5,0.475));
#1986 = ADVANCED_FACE('',(#1987),#2116,.F.);
#1987 = FACE_BOUND('',#1988,.F.);
#1988 = EDGE_LOOP('',(#1989,#1990,#1991,#1999,#2007,#2015,#2023,#2031,
    #2039,#2047,#2055,#2063,#2071,#2079,#2087,#2095,#2103,#2111));
#1989 = ORIENTED_EDGE('',*,*,#1893,.T.);
#1990 = ORIENTED_EDGE('',*,*,#1977,.T.);
#1991 = ORIENTED_EDGE('',*,*,#1992,.F.);
#1992 = EDGE_CURVE('',#1993,#1970,#1995,.T.);
#1993 = VERTEX_POINT('',#1994);
#1994 = CARTESIAN_POINT('',(-2.2,2.08,0.475));
#1995 = LINE('',#1996,#1997);
#1996 = CARTESIAN_POINT('',(-2.2,-2.3,0.475));
#1997 = VECTOR('',#1998,1.);
#1998 = DIRECTION('',(-1.110223024625E-16,1.,0.));
#1999 = ORIENTED_EDGE('',*,*,#2000,.F.);
#2000 = EDGE_CURVE('',#2001,#1993,#2003,.T.);
#2001 = VERTEX_POINT('',#2002);
#2002 = CARTESIAN_POINT('',(-2.2,1.82,0.475));
#2003 = LINE('',#2004,#2005);
#2004 = CARTESIAN_POINT('',(-2.2,-2.3,0.475));
#2005 = VECTOR('',#2006,1.);
#2006 = DIRECTION('',(-1.110223024625E-16,1.,0.));
#2007 = ORIENTED_EDGE('',*,*,#2008,.F.);
#2008 = EDGE_CURVE('',#2009,#2001,#2011,.T.);
#2009 = VERTEX_POINT('',#2010);
#2010 = CARTESIAN_POINT('',(-2.2,1.43,0.475));
#2011 = LINE('',#2012,#2013);
#2012 = CARTESIAN_POINT('',(-2.2,-2.3,0.475));
#2013 = VECTOR('',#2014,1.);
#2014 = DIRECTION('',(-1.110223024625E-16,1.,0.));
#2015 = ORIENTED_EDGE('',*,*,#2016,.F.);
#2016 = EDGE_CURVE('',#2017,#2009,#2019,.T.);
#2017 = VERTEX_POINT('',#2018);
#2018 = CARTESIAN_POINT('',(-2.2,1.17,0.475));
#2019 = LINE('',#2020,#2021);
#2020 = CARTESIAN_POINT('',(-2.2,-2.3,0.475));
#2021 = VECTOR('',#2022,1.);
#2022 = DIRECTION('',(-1.110223024625E-16,1.,0.));
#2023 = ORIENTED_EDGE('',*,*,#2024,.F.);
#2024 = EDGE_CURVE('',#2025,#2017,#2027,.T.);
#2025 = VERTEX_POINT('',#2026);
#2026 = CARTESIAN_POINT('',(-2.2,0.78,0.475));
#2027 = LINE('',#2028,#2029);
#2028 = CARTESIAN_POINT('',(-2.2,-2.3,0.475));
#2029 = VECTOR('',#2030,1.);
#2030 = DIRECTION('',(-1.110223024625E-16,1.,0.));
#2031 = ORIENTED_EDGE('',*,*,#2032,.F.);
#2032 = EDGE_CURVE('',#2033,#2025,#2035,.T.);
#2033 = VERTEX_POINT('',#2034);
#2034 = CARTESIAN_POINT('',(-2.2,0.52,0.475));
#2035 = LINE('',#2036,#2037);
#2036 = CARTESIAN_POINT('',(-2.2,-2.3,0.475));
#2037 = VECTOR('',#2038,1.);
#2038 = DIRECTION('',(-1.110223024625E-16,1.,0.));
#2039 = ORIENTED_EDGE('',*,*,#2040,.F.);
#2040 = EDGE_CURVE('',#2041,#2033,#2043,.T.);
#2041 = VERTEX_POINT('',#2042);
#2042 = CARTESIAN_POINT('',(-2.2,0.13,0.475));
#2043 = LINE('',#2044,#2045);
#2044 = CARTESIAN_POINT('',(-2.2,-2.3,0.475));
#2045 = VECTOR('',#2046,1.);
#2046 = DIRECTION('',(-1.110223024625E-16,1.,0.));
#2047 = ORIENTED_EDGE('',*,*,#2048,.F.);
#2048 = EDGE_CURVE('',#2049,#2041,#2051,.T.);
#2049 = VERTEX_POINT('',#2050);
#2050 = CARTESIAN_POINT('',(-2.2,-0.13,0.475));
#2051 = LINE('',#2052,#2053);
#2052 = CARTESIAN_POINT('',(-2.2,-2.3,0.475));
#2053 = VECTOR('',#2054,1.);
#2054 = DIRECTION('',(-1.110223024625E-16,1.,0.));
#2055 = ORIENTED_EDGE('',*,*,#2056,.F.);
#2056 = EDGE_CURVE('',#2057,#2049,#2059,.T.);
#2057 = VERTEX_POINT('',#2058);
#2058 = CARTESIAN_POINT('',(-2.2,-0.52,0.475));
#2059 = LINE('',#2060,#2061);
#2060 = CARTESIAN_POINT('',(-2.2,-2.3,0.475));
#2061 = VECTOR('',#2062,1.);
#2062 = DIRECTION('',(-1.110223024625E-16,1.,0.));
#2063 = ORIENTED_EDGE('',*,*,#2064,.F.);
#2064 = EDGE_CURVE('',#2065,#2057,#2067,.T.);
#2065 = VERTEX_POINT('',#2066);
#2066 = CARTESIAN_POINT('',(-2.2,-0.78,0.475));
#2067 = LINE('',#2068,#2069);
#2068 = CARTESIAN_POINT('',(-2.2,-2.3,0.475));
#2069 = VECTOR('',#2070,1.);
#2070 = DIRECTION('',(-1.110223024625E-16,1.,0.));
#2071 = ORIENTED_EDGE('',*,*,#2072,.F.);
#2072 = EDGE_CURVE('',#2073,#2065,#2075,.T.);
#2073 = VERTEX_POINT('',#2074);
#2074 = CARTESIAN_POINT('',(-2.2,-1.17,0.475));
#2075 = LINE('',#2076,#2077);
#2076 = CARTESIAN_POINT('',(-2.2,-2.3,0.475));
#2077 = VECTOR('',#2078,1.);
#2078 = DIRECTION('',(-1.110223024625E-16,1.,0.));
#2079 = ORIENTED_EDGE('',*,*,#2080,.F.);
#2080 = EDGE_CURVE('',#2081,#2073,#2083,.T.);
#2081 = VERTEX_POINT('',#2082);
#2082 = CARTESIAN_POINT('',(-2.2,-1.43,0.475));
#2083 = LINE('',#2084,#2085);
#2084 = CARTESIAN_POINT('',(-2.2,-2.3,0.475));
#2085 = VECTOR('',#2086,1.);
#2086 = DIRECTION('',(-1.110223024625E-16,1.,0.));
#2087 = ORIENTED_EDGE('',*,*,#2088,.F.);
#2088 = EDGE_CURVE('',#2089,#2081,#2091,.T.);
#2089 = VERTEX_POINT('',#2090);
#2090 = CARTESIAN_POINT('',(-2.2,-1.82,0.475));
#2091 = LINE('',#2092,#2093);
#2092 = CARTESIAN_POINT('',(-2.2,-2.3,0.475));
#2093 = VECTOR('',#2094,1.);
#2094 = DIRECTION('',(-1.110223024625E-16,1.,0.));
#2095 = ORIENTED_EDGE('',*,*,#2096,.F.);
#2096 = EDGE_CURVE('',#2097,#2089,#2099,.T.);
#2097 = VERTEX_POINT('',#2098);
#2098 = CARTESIAN_POINT('',(-2.2,-2.08,0.475));
#2099 = LINE('',#2100,#2101);
#2100 = CARTESIAN_POINT('',(-2.2,-2.3,0.475));
#2101 = VECTOR('',#2102,1.);
#2102 = DIRECTION('',(-1.110223024625E-16,1.,0.));
#2103 = ORIENTED_EDGE('',*,*,#2104,.F.);
#2104 = EDGE_CURVE('',#2105,#2097,#2107,.T.);
#2105 = VERTEX_POINT('',#2106);
#2106 = CARTESIAN_POINT('',(-2.2,-2.3,0.475));
#2107 = LINE('',#2108,#2109);
#2108 = CARTESIAN_POINT('',(-2.2,-2.3,0.475));
#2109 = VECTOR('',#2110,1.);
#2110 = DIRECTION('',(-1.110223024625E-16,1.,0.));
#2111 = ORIENTED_EDGE('',*,*,#2112,.F.);
#2112 = EDGE_CURVE('',#1886,#2105,#2113,.T.);
#2113 = B_SPLINE_CURVE_WITH_KNOTS('',1,(#2114,#2115),.UNSPECIFIED.,.F.,
  .F.,(2,2),(0.,1.),.PIECEWISE_BEZIER_KNOTS.);
#2114 = CARTESIAN_POINT('',(-2.120291289374,-2.260145644687,0.1));
#2115 = CARTESIAN_POINT('',(-2.2,-2.3,0.475));
#2116 = B_SPLINE_SURFACE_WITH_KNOTS('',1,1,(
    (#2117,#2118)
    ,(#2119,#2120
    )),.UNSPECIFIED.,.F.,.F.,.F.,(2,2),(2,2),(0.,4.6),(0.,1.),
  .PIECEWISE_BEZIER_KNOTS.);
#2117 = CARTESIAN_POINT('',(-2.120291289374,-2.260145644687,0.1));
#2118 = CARTESIAN_POINT('',(-2.2,-2.3,0.475));
#2119 = CARTESIAN_POINT('',(-2.120291289374,2.260145644687,0.1));
#2120 = CARTESIAN_POINT('',(-2.2,2.3,0.475));
#2121 = ADVANCED_FACE('',(#2122),#2251,.F.);
#2122 = FACE_BOUND('',#2123,.F.);
#2123 = EDGE_LOOP('',(#2124,#2125,#2132,#2140,#2148,#2156,#2164,#2172,
    #2180,#2188,#2196,#2204,#2212,#2220,#2228,#2236,#2244,#2250));
#2124 = ORIENTED_EDGE('',*,*,#1861,.T.);
#2125 = ORIENTED_EDGE('',*,*,#2126,.T.);
#2126 = EDGE_CURVE('',#1862,#2127,#2129,.T.);
#2127 = VERTEX_POINT('',#2128);
#2128 = CARTESIAN_POINT('',(2.2,-2.3,0.475));
#2129 = B_SPLINE_CURVE_WITH_KNOTS('',1,(#2130,#2131),.UNSPECIFIED.,.F.,
  .F.,(2,2),(0.,1.),.PIECEWISE_BEZIER_KNOTS.);
#2130 = CARTESIAN_POINT('',(2.120291289374,-2.260145644687,0.1));
#2131 = CARTESIAN_POINT('',(2.2,-2.3,0.475));
#2132 = ORIENTED_EDGE('',*,*,#2133,.F.);
#2133 = EDGE_CURVE('',#2134,#2127,#2136,.T.);
#2134 = VERTEX_POINT('',#2135);
#2135 = CARTESIAN_POINT('',(2.2,-2.08,0.475));
#2136 = LINE('',#2137,#2138);
#2137 = CARTESIAN_POINT('',(2.2,2.3,0.475));
#2138 = VECTOR('',#2139,1.);
#2139 = DIRECTION('',(1.110223024625E-16,-1.,0.));
#2140 = ORIENTED_EDGE('',*,*,#2141,.F.);
#2141 = EDGE_CURVE('',#2142,#2134,#2144,.T.);
#2142 = VERTEX_POINT('',#2143);
#2143 = CARTESIAN_POINT('',(2.2,-1.82,0.475));
#2144 = LINE('',#2145,#2146);
#2145 = CARTESIAN_POINT('',(2.2,2.3,0.475));
#2146 = VECTOR('',#2147,1.);
#2147 = DIRECTION('',(1.110223024625E-16,-1.,0.));
#2148 = ORIENTED_EDGE('',*,*,#2149,.F.);
#2149 = EDGE_CURVE('',#2150,#2142,#2152,.T.);
#2150 = VERTEX_POINT('',#2151);
#2151 = CARTESIAN_POINT('',(2.2,-1.43,0.475));
#2152 = LINE('',#2153,#2154);
#2153 = CARTESIAN_POINT('',(2.2,2.3,0.475));
#2154 = VECTOR('',#2155,1.);
#2155 = DIRECTION('',(1.110223024625E-16,-1.,0.));
#2156 = ORIENTED_EDGE('',*,*,#2157,.F.);
#2157 = EDGE_CURVE('',#2158,#2150,#2160,.T.);
#2158 = VERTEX_POINT('',#2159);
#2159 = CARTESIAN_POINT('',(2.2,-1.17,0.475));
#2160 = LINE('',#2161,#2162);
#2161 = CARTESIAN_POINT('',(2.2,2.3,0.475));
#2162 = VECTOR('',#2163,1.);
#2163 = DIRECTION('',(1.110223024625E-16,-1.,0.));
#2164 = ORIENTED_EDGE('',*,*,#2165,.F.);
#2165 = EDGE_CURVE('',#2166,#2158,#2168,.T.);
#2166 = VERTEX_POINT('',#2167);
#2167 = CARTESIAN_POINT('',(2.2,-0.78,0.475));
#2168 = LINE('',#2169,#2170);
#2169 = CARTESIAN_POINT('',(2.2,2.3,0.475));
#2170 = VECTOR('',#2171,1.);
#2171 = DIRECTION('',(1.110223024625E-16,-1.,0.));
#2172 = ORIENTED_EDGE('',*,*,#2173,.F.);
#2173 = EDGE_CURVE('',#2174,#2166,#2176,.T.);
#2174 = VERTEX_POINT('',#2175);
#2175 = CARTESIAN_POINT('',(2.2,-0.52,0.475));
#2176 = LINE('',#2177,#2178);
#2177 = CARTESIAN_POINT('',(2.2,2.3,0.475));
#2178 = VECTOR('',#2179,1.);
#2179 = DIRECTION('',(1.110223024625E-16,-1.,0.));
#2180 = ORIENTED_EDGE('',*,*,#2181,.F.);
#2181 = EDGE_CURVE('',#2182,#2174,#2184,.T.);
#2182 = VERTEX_POINT('',#2183);
#2183 = CARTESIAN_POINT('',(2.2,-0.13,0.475));
#2184 = LINE('',#2185,#2186);
#2185 = CARTESIAN_POINT('',(2.2,2.3,0.475));
#2186 = VECTOR('',#2187,1.);
#2187 = DIRECTION('',(1.110223024625E-16,-1.,0.));
#2188 = ORIENTED_EDGE('',*,*,#2189,.F.);
#2189 = EDGE_CURVE('',#2190,#2182,#2192,.T.);
#2190 = VERTEX_POINT('',#2191);
#2191 = CARTESIAN_POINT('',(2.2,0.13,0.475));
#2192 = LINE('',#2193,#2194);
#2193 = CARTESIAN_POINT('',(2.2,2.3,0.475));
#2194 = VECTOR('',#2195,1.);
#2195 = DIRECTION('',(1.110223024625E-16,-1.,0.));
#2196 = ORIENTED_EDGE('',*,*,#2197,.F.);
#2197 = EDGE_CURVE('',#2198,#2190,#2200,.T.);
#2198 = VERTEX_POINT('',#2199);
#2199 = CARTESIAN_POINT('',(2.2,0.52,0.475));
#2200 = LINE('',#2201,#2202);
#2201 = CARTESIAN_POINT('',(2.2,2.3,0.475));
#2202 = VECTOR('',#2203,1.);
#2203 = DIRECTION('',(1.110223024625E-16,-1.,0.));
#2204 = ORIENTED_EDGE('',*,*,#2205,.F.);
#2205 = EDGE_CURVE('',#2206,#2198,#2208,.T.);
#2206 = VERTEX_POINT('',#2207);
#2207 = CARTESIAN_POINT('',(2.2,0.78,0.475));
#2208 = LINE('',#2209,#2210);
#2209 = CARTESIAN_POINT('',(2.2,2.3,0.475));
#2210 = VECTOR('',#2211,1.);
#2211 = DIRECTION('',(1.110223024625E-16,-1.,0.));
#2212 = ORIENTED_EDGE('',*,*,#2213,.F.);
#2213 = EDGE_CURVE('',#2214,#2206,#2216,.T.);
#2214 = VERTEX_POINT('',#2215);
#2215 = CARTESIAN_POINT('',(2.2,1.17,0.475));
#2216 = LINE('',#2217,#2218);
#2217 = CARTESIAN_POINT('',(2.2,2.3,0.475));
#2218 = VECTOR('',#2219,1.);
#2219 = DIRECTION('',(1.110223024625E-16,-1.,0.));
#2220 = ORIENTED_EDGE('',*,*,#2221,.F.);
#2221 = EDGE_CURVE('',#2222,#2214,#2224,.T.);
#2222 = VERTEX_POINT('',#2223);
#2223 = CARTESIAN_POINT('',(2.2,1.43,0.475));
#2224 = LINE('',#2225,#2226);
#2225 = CARTESIAN_POINT('',(2.2,2.3,0.475));
#2226 = VECTOR('',#2227,1.);
#2227 = DIRECTION('',(1.110223024625E-16,-1.,0.));
#2228 = ORIENTED_EDGE('',*,*,#2229,.F.);
#2229 = EDGE_CURVE('',#2230,#2222,#2232,.T.);
#2230 = VERTEX_POINT('',#2231);
#2231 = CARTESIAN_POINT('',(2.2,1.82,0.475));
#2232 = LINE('',#2233,#2234);
#2233 = CARTESIAN_POINT('',(2.2,2.3,0.475));
#2234 = VECTOR('',#2235,1.);
#2235 = DIRECTION('',(1.110223024625E-16,-1.,0.));
#2236 = ORIENTED_EDGE('',*,*,#2237,.F.);
#2237 = EDGE_CURVE('',#2238,#2230,#2240,.T.);
#2238 = VERTEX_POINT('',#2239);
#2239 = CARTESIAN_POINT('',(2.2,2.08,0.475));
#2240 = LINE('',#2241,#2242);
#2241 = CARTESIAN_POINT('',(2.2,2.3,0.475));
#2242 = VECTOR('',#2243,1.);
#2243 = DIRECTION('',(1.110223024625E-16,-1.,0.));
#2244 = ORIENTED_EDGE('',*,*,#2245,.F.);
#2245 = EDGE_CURVE('',#1917,#2238,#2246,.T.);
#2246 = LINE('',#2247,#2248);
#2247 = CARTESIAN_POINT('',(2.2,2.3,0.475));
#2248 = VECTOR('',#2249,1.);
#2249 = DIRECTION('',(1.110223024625E-16,-1.,0.));
#2250 = ORIENTED_EDGE('',*,*,#1916,.F.);
#2251 = B_SPLINE_SURFACE_WITH_KNOTS('',1,1,(
    (#2252,#2253)
    ,(#2254,#2255
    )),.UNSPECIFIED.,.F.,.F.,.F.,(2,2),(2,2),(0.,4.6),(0.,1.),
  .PIECEWISE_BEZIER_KNOTS.);
#2252 = CARTESIAN_POINT('',(2.120291289374,2.260145644687,0.1));
#2253 = CARTESIAN_POINT('',(2.2,2.3,0.475));
#2254 = CARTESIAN_POINT('',(2.120291289374,-2.260145644687,0.1));
#2255 = CARTESIAN_POINT('',(2.2,-2.3,0.475));
#2256 = ADVANCED_FACE('',(#2257),#2274,.F.);
#2257 = FACE_BOUND('',#2258,.F.);
#2258 = EDGE_LOOP('',(#2259,#2260,#2261,#2269));
#2259 = ORIENTED_EDGE('',*,*,#1885,.T.);
#2260 = ORIENTED_EDGE('',*,*,#2112,.T.);
#2261 = ORIENTED_EDGE('',*,*,#2262,.F.);
#2262 = EDGE_CURVE('',#2263,#2105,#2265,.T.);
#2263 = VERTEX_POINT('',#2264);
#2264 = CARTESIAN_POINT('',(-2.,-2.5,0.475));
#2265 = LINE('',#2266,#2267);
#2266 = CARTESIAN_POINT('',(-2.,-2.5,0.475));
#2267 = VECTOR('',#2268,1.);
#2268 = DIRECTION('',(-0.707106781187,0.707106781187,0.));
#2269 = ORIENTED_EDGE('',*,*,#2270,.F.);
#2270 = EDGE_CURVE('',#1878,#2263,#2271,.T.);
#2271 = B_SPLINE_CURVE_WITH_KNOTS('',1,(#2272,#2273),.UNSPECIFIED.,.F.,
  .F.,(2,2),(0.,1.),.PIECEWISE_BEZIER_KNOTS.);
#2272 = CARTESIAN_POINT('',(-1.960145644687,-2.420291289374,0.1));
#2273 = CARTESIAN_POINT('',(-2.,-2.5,0.475));
#2274 = B_SPLINE_SURFACE_WITH_KNOTS('',1,1,(
    (#2275,#2276)
    ,(#2277,#2278
    )),.UNSPECIFIED.,.F.,.F.,.F.,(2,2),(2,2),(0.,0.282842712475),(0.,1.)
  ,.PIECEWISE_BEZIER_KNOTS.);
#2275 = CARTESIAN_POINT('',(-1.960145644687,-2.420291289374,0.1));
#2276 = CARTESIAN_POINT('',(-2.,-2.5,0.475));
#2277 = CARTESIAN_POINT('',(-2.120291289374,-2.260145644687,0.1));
#2278 = CARTESIAN_POINT('',(-2.2,-2.3,0.475));
#2279 = ADVANCED_FACE('',(#2280),#2297,.F.);
#2280 = FACE_BOUND('',#2281,.F.);
#2281 = EDGE_LOOP('',(#2282,#2283,#2290,#2296));
#2282 = ORIENTED_EDGE('',*,*,#1869,.T.);
#2283 = ORIENTED_EDGE('',*,*,#2284,.T.);
#2284 = EDGE_CURVE('',#1870,#2285,#2287,.T.);
#2285 = VERTEX_POINT('',#2286);
#2286 = CARTESIAN_POINT('',(2.,-2.5,0.475));
#2287 = B_SPLINE_CURVE_WITH_KNOTS('',1,(#2288,#2289),.UNSPECIFIED.,.F.,
  .F.,(2,2),(0.,1.),.PIECEWISE_BEZIER_KNOTS.);
#2288 = CARTESIAN_POINT('',(1.960145644687,-2.420291289374,0.1));
#2289 = CARTESIAN_POINT('',(2.,-2.5,0.475));
#2290 = ORIENTED_EDGE('',*,*,#2291,.F.);
#2291 = EDGE_CURVE('',#2127,#2285,#2292,.T.);
#2292 = LINE('',#2293,#2294);
#2293 = CARTESIAN_POINT('',(2.2,-2.3,0.475));
#2294 = VECTOR('',#2295,1.);
#2295 = DIRECTION('',(-0.707106781187,-0.707106781187,0.));
#2296 = ORIENTED_EDGE('',*,*,#2126,.F.);
#2297 = B_SPLINE_SURFACE_WITH_KNOTS('',1,1,(
    (#2298,#2299)
    ,(#2300,#2301
    )),.UNSPECIFIED.,.F.,.F.,.F.,(2,2),(2,2),(0.,0.282842712475),(0.,1.)
  ,.PIECEWISE_BEZIER_KNOTS.);
#2298 = CARTESIAN_POINT('',(2.120291289374,-2.260145644687,0.1));
#2299 = CARTESIAN_POINT('',(2.2,-2.3,0.475));
#2300 = CARTESIAN_POINT('',(1.960145644687,-2.420291289374,0.1));
#2301 = CARTESIAN_POINT('',(2.,-2.5,0.475));
#2302 = ADVANCED_FACE('',(#2303),#2314,.F.);
#2303 = FACE_BOUND('',#2304,.F.);
#2304 = EDGE_LOOP('',(#2305,#2306,#2307,#2313));
#2305 = ORIENTED_EDGE('',*,*,#1877,.T.);
#2306 = ORIENTED_EDGE('',*,*,#2270,.T.);
#2307 = ORIENTED_EDGE('',*,*,#2308,.F.);
#2308 = EDGE_CURVE('',#2285,#2263,#2309,.T.);
#2309 = LINE('',#2310,#2311);
#2310 = CARTESIAN_POINT('',(2.,-2.5,0.475));
#2311 = VECTOR('',#2312,1.);
#2312 = DIRECTION('',(-1.,-1.110223024625E-16,0.));
#2313 = ORIENTED_EDGE('',*,*,#2284,.F.);
#2314 = B_SPLINE_SURFACE_WITH_KNOTS('',1,1,(
    (#2315,#2316)
    ,(#2317,#2318
    )),.UNSPECIFIED.,.F.,.F.,.F.,(2,2),(2,2),(0.,4.),(0.,1.),
  .PIECEWISE_BEZIER_KNOTS.);
#2315 = CARTESIAN_POINT('',(1.960145644687,-2.420291289374,0.1));
#2316 = CARTESIAN_POINT('',(2.,-2.5,0.475));
#2317 = CARTESIAN_POINT('',(-1.960145644687,-2.420291289374,0.1));
#2318 = CARTESIAN_POINT('',(-2.,-2.5,0.475));
#2319 = ADVANCED_FACE('',(#2320),#2337,.F.);
#2320 = FACE_BOUND('',#2321,.F.);
#2321 = EDGE_LOOP('',(#2322,#2323,#2330,#2336));
#2322 = ORIENTED_EDGE('',*,*,#1923,.T.);
#2323 = ORIENTED_EDGE('',*,*,#2324,.T.);
#2324 = EDGE_CURVE('',#1917,#2325,#2327,.T.);
#2325 = VERTEX_POINT('',#2326);
#2326 = CARTESIAN_POINT('',(2.2,2.3,0.625));
#2327 = B_SPLINE_CURVE_WITH_KNOTS('',1,(#2328,#2329),.UNSPECIFIED.,.F.,
  .F.,(2,2),(0.,1.),.PIECEWISE_BEZIER_KNOTS.);
#2328 = CARTESIAN_POINT('',(2.2,2.3,0.475));
#2329 = CARTESIAN_POINT('',(2.2,2.3,0.625));
#2330 = ORIENTED_EDGE('',*,*,#2331,.F.);
#2331 = EDGE_CURVE('',#1940,#2325,#2332,.T.);
#2332 = LINE('',#2333,#2334);
#2333 = CARTESIAN_POINT('',(2.,2.5,0.625));
#2334 = VECTOR('',#2335,1.);
#2335 = DIRECTION('',(0.707106781187,-0.707106781187,0.));
#2336 = ORIENTED_EDGE('',*,*,#1939,.F.);
#2337 = PLANE('',#2338);
#2338 = AXIS2_PLACEMENT_3D('',#2339,#2340,#2341);
#2339 = CARTESIAN_POINT('',(2.,2.5,0.625));
#2340 = DIRECTION('',(-0.707106781187,-0.707106781187,0.));
#2341 = DIRECTION('',(0.707106781187,-0.707106781187,0.));
#2342 = ADVANCED_FACE('',(#2343),#2425,.F.);
#2343 = FACE_BOUND('',#2344,.F.);
#2344 = EDGE_LOOP('',(#2345,#2353,#2354,#2355,#2363,#2371,#2379,#2387,
    #2395,#2403,#2411,#2419));
#2345 = ORIENTED_EDGE('',*,*,#2346,.T.);
#2346 = EDGE_CURVE('',#2347,#1947,#2349,.T.);
#2347 = VERTEX_POINT('',#2348);
#2348 = CARTESIAN_POINT('',(-2.2,2.3,0.625));
#2349 = LINE('',#2350,#2351);
#2350 = CARTESIAN_POINT('',(-2.2,2.3,0.625));
#2351 = VECTOR('',#2352,1.);
#2352 = DIRECTION('',(0.707106781187,0.707106781187,0.));
#2353 = ORIENTED_EDGE('',*,*,#1946,.T.);
#2354 = ORIENTED_EDGE('',*,*,#2331,.T.);
#2355 = ORIENTED_EDGE('',*,*,#2356,.T.);
#2356 = EDGE_CURVE('',#2325,#2357,#2359,.T.);
#2357 = VERTEX_POINT('',#2358);
#2358 = CARTESIAN_POINT('',(2.2,2.08,0.625));
#2359 = LINE('',#2360,#2361);
#2360 = CARTESIAN_POINT('',(2.2,2.3,0.625));
#2361 = VECTOR('',#2362,1.);
#2362 = DIRECTION('',(1.110223024625E-16,-1.,0.));
#2363 = ORIENTED_EDGE('',*,*,#2364,.T.);
#2364 = EDGE_CURVE('',#2357,#2365,#2367,.T.);
#2365 = VERTEX_POINT('',#2366);
#2366 = CARTESIAN_POINT('',(2.15,2.08,0.625));
#2367 = LINE('',#2368,#2369);
#2368 = CARTESIAN_POINT('',(2.4,2.08,0.625));
#2369 = VECTOR('',#2370,1.);
#2370 = DIRECTION('',(-1.,-1.110223024625E-16,0.));
#2371 = ORIENTED_EDGE('',*,*,#2372,.F.);
#2372 = EDGE_CURVE('',#2373,#2365,#2375,.T.);
#2373 = VERTEX_POINT('',#2374);
#2374 = CARTESIAN_POINT('',(2.15,2.275,0.625));
#2375 = LINE('',#2376,#2377);
#2376 = CARTESIAN_POINT('',(2.15,2.275,0.625));
#2377 = VECTOR('',#2378,1.);
#2378 = DIRECTION('',(1.110223024625E-16,-1.,0.));
#2379 = ORIENTED_EDGE('',*,*,#2380,.F.);
#2380 = EDGE_CURVE('',#2381,#2373,#2383,.T.);
#2381 = VERTEX_POINT('',#2382);
#2382 = CARTESIAN_POINT('',(1.975,2.45,0.625));
#2383 = LINE('',#2384,#2385);
#2384 = CARTESIAN_POINT('',(1.975,2.45,0.625));
#2385 = VECTOR('',#2386,1.);
#2386 = DIRECTION('',(0.707106781187,-0.707106781187,0.));
#2387 = ORIENTED_EDGE('',*,*,#2388,.F.);
#2388 = EDGE_CURVE('',#2389,#2381,#2391,.T.);
#2389 = VERTEX_POINT('',#2390);
#2390 = CARTESIAN_POINT('',(-1.975,2.45,0.625));
#2391 = LINE('',#2392,#2393);
#2392 = CARTESIAN_POINT('',(-1.975,2.45,0.625));
#2393 = VECTOR('',#2394,1.);
#2394 = DIRECTION('',(1.,1.110223024625E-16,0.));
#2395 = ORIENTED_EDGE('',*,*,#2396,.F.);
#2396 = EDGE_CURVE('',#2397,#2389,#2399,.T.);
#2397 = VERTEX_POINT('',#2398);
#2398 = CARTESIAN_POINT('',(-2.15,2.275,0.625));
#2399 = LINE('',#2400,#2401);
#2400 = CARTESIAN_POINT('',(-2.15,2.275,0.625));
#2401 = VECTOR('',#2402,1.);
#2402 = DIRECTION('',(0.707106781187,0.707106781187,0.));
#2403 = ORIENTED_EDGE('',*,*,#2404,.F.);
#2404 = EDGE_CURVE('',#2405,#2397,#2407,.T.);
#2405 = VERTEX_POINT('',#2406);
#2406 = CARTESIAN_POINT('',(-2.15,2.08,0.625));
#2407 = LINE('',#2408,#2409);
#2408 = CARTESIAN_POINT('',(-2.15,-2.275,0.625));
#2409 = VECTOR('',#2410,1.);
#2410 = DIRECTION('',(-1.110223024625E-16,1.,0.));
#2411 = ORIENTED_EDGE('',*,*,#2412,.F.);
#2412 = EDGE_CURVE('',#2413,#2405,#2415,.T.);
#2413 = VERTEX_POINT('',#2414);
#2414 = CARTESIAN_POINT('',(-2.2,2.08,0.625));
#2415 = LINE('',#2416,#2417);
#2416 = CARTESIAN_POINT('',(-2.4,2.08,0.625));
#2417 = VECTOR('',#2418,1.);
#2418 = DIRECTION('',(1.,-1.144237745222E-17,0.));
#2419 = ORIENTED_EDGE('',*,*,#2420,.T.);
#2420 = EDGE_CURVE('',#2413,#2347,#2421,.T.);
#2421 = LINE('',#2422,#2423);
#2422 = CARTESIAN_POINT('',(-2.2,-2.3,0.625));
#2423 = VECTOR('',#2424,1.);
#2424 = DIRECTION('',(-1.110223024625E-16,1.,0.));
#2425 = PLANE('',#2426);
#2426 = AXIS2_PLACEMENT_3D('',#2427,#2428,#2429);
#2427 = CARTESIAN_POINT('',(-3.188450421961E-18,2.475,0.625));
#2428 = DIRECTION('',(0.,0.,-1.));
#2429 = DIRECTION('',(1.,1.111674977262E-16,0.));
#2430 = ADVANCED_FACE('',(#2431),#2441,.F.);
#2431 = FACE_BOUND('',#2432,.F.);
#2432 = EDGE_LOOP('',(#2433,#2434,#2435,#2436));
#2433 = ORIENTED_EDGE('',*,*,#1969,.T.);
#2434 = ORIENTED_EDGE('',*,*,#1954,.T.);
#2435 = ORIENTED_EDGE('',*,*,#2346,.F.);
#2436 = ORIENTED_EDGE('',*,*,#2437,.F.);
#2437 = EDGE_CURVE('',#1970,#2347,#2438,.T.);
#2438 = B_SPLINE_CURVE_WITH_KNOTS('',1,(#2439,#2440),.UNSPECIFIED.,.F.,
  .F.,(2,2),(0.,1.),.PIECEWISE_BEZIER_KNOTS.);
#2439 = CARTESIAN_POINT('',(-2.2,2.3,0.475));
#2440 = CARTESIAN_POINT('',(-2.2,2.3,0.625));
#2441 = PLANE('',#2442);
#2442 = AXIS2_PLACEMENT_3D('',#2443,#2444,#2445);
#2443 = CARTESIAN_POINT('',(-2.2,2.3,0.625));
#2444 = DIRECTION('',(0.707106781187,-0.707106781187,0.));
#2445 = DIRECTION('',(0.707106781187,0.707106781187,0.));
#2446 = ADVANCED_FACE('',(#2447),#2471,.F.);
#2447 = FACE_BOUND('',#2448,.F.);
#2448 = EDGE_LOOP('',(#2449,#2456,#2457,#2465));
#2449 = ORIENTED_EDGE('',*,*,#2450,.F.);
#2450 = EDGE_CURVE('',#2105,#2451,#2453,.T.);
#2451 = VERTEX_POINT('',#2452);
#2452 = CARTESIAN_POINT('',(-2.2,-2.3,0.625));
#2453 = B_SPLINE_CURVE_WITH_KNOTS('',1,(#2454,#2455),.UNSPECIFIED.,.F.,
  .F.,(2,2),(0.,1.),.PIECEWISE_BEZIER_KNOTS.);
#2454 = CARTESIAN_POINT('',(-2.2,-2.3,0.475));
#2455 = CARTESIAN_POINT('',(-2.2,-2.3,0.625));
#2456 = ORIENTED_EDGE('',*,*,#2104,.T.);
#2457 = ORIENTED_EDGE('',*,*,#2458,.T.);
#2458 = EDGE_CURVE('',#2097,#2459,#2461,.T.);
#2459 = VERTEX_POINT('',#2460);
#2460 = CARTESIAN_POINT('',(-2.2,-2.08,0.625));
#2461 = LINE('',#2462,#2463);
#2462 = CARTESIAN_POINT('',(-2.2,-2.08,0.458946888107));
#2463 = VECTOR('',#2464,1.);
#2464 = DIRECTION('',(0.,0.,1.));
#2465 = ORIENTED_EDGE('',*,*,#2466,.F.);
#2466 = EDGE_CURVE('',#2451,#2459,#2467,.T.);
#2467 = LINE('',#2468,#2469);
#2468 = CARTESIAN_POINT('',(-2.2,-2.3,0.625));
#2469 = VECTOR('',#2470,1.);
#2470 = DIRECTION('',(-1.110223024625E-16,1.,0.));
#2471 = PLANE('',#2472);
#2472 = AXIS2_PLACEMENT_3D('',#2473,#2474,#2475);
#2473 = CARTESIAN_POINT('',(-2.2,-2.3,0.625));
#2474 = DIRECTION('',(1.,1.110223024625E-16,0.));
#2475 = DIRECTION('',(-1.110223024625E-16,1.,0.));
#2476 = ADVANCED_FACE('',(#2477),#2502,.F.);
#2477 = FACE_BOUND('',#2478,.F.);
#2478 = EDGE_LOOP('',(#2479,#2487,#2488,#2496));
#2479 = ORIENTED_EDGE('',*,*,#2480,.F.);
#2480 = EDGE_CURVE('',#2097,#2481,#2483,.T.);
#2481 = VERTEX_POINT('',#2482);
#2482 = CARTESIAN_POINT('',(-2.4,-2.08,0.475));
#2483 = LINE('',#2484,#2485);
#2484 = CARTESIAN_POINT('',(-2.1,-2.08,0.475));
#2485 = VECTOR('',#2486,1.);
#2486 = DIRECTION('',(-1.,1.144237745222E-17,0.));
#2487 = ORIENTED_EDGE('',*,*,#2096,.T.);
#2488 = ORIENTED_EDGE('',*,*,#2489,.T.);
#2489 = EDGE_CURVE('',#2089,#2490,#2492,.T.);
#2490 = VERTEX_POINT('',#2491);
#2491 = CARTESIAN_POINT('',(-2.4,-1.82,0.475));
#2492 = LINE('',#2493,#2494);
#2493 = CARTESIAN_POINT('',(-2.1,-1.82,0.475));
#2494 = VECTOR('',#2495,1.);
#2495 = DIRECTION('',(-1.,1.144237745222E-17,0.));
#2496 = ORIENTED_EDGE('',*,*,#2497,.F.);
#2497 = EDGE_CURVE('',#2481,#2490,#2498,.T.);
#2498 = LINE('',#2499,#2500);
#2499 = CARTESIAN_POINT('',(-2.4,-2.08,0.475));
#2500 = VECTOR('',#2501,1.);
#2501 = DIRECTION('',(1.144237745222E-17,1.,0.));
#2502 = PLANE('',#2503);
#2503 = AXIS2_PLACEMENT_3D('',#2504,#2505,#2506);
#2504 = CARTESIAN_POINT('',(-2.1,-2.08,0.475));
#2505 = DIRECTION('',(0.,0.,1.));
#2506 = DIRECTION('',(-1.,1.144237745222E-17,0.));
#2507 = ADVANCED_FACE('',(#2508),#2533,.F.);
#2508 = FACE_BOUND('',#2509,.F.);
#2509 = EDGE_LOOP('',(#2510,#2518,#2519,#2527));
#2510 = ORIENTED_EDGE('',*,*,#2511,.F.);
#2511 = EDGE_CURVE('',#2089,#2512,#2514,.T.);
#2512 = VERTEX_POINT('',#2513);
#2513 = CARTESIAN_POINT('',(-2.2,-1.82,0.625));
#2514 = LINE('',#2515,#2516);
#2515 = CARTESIAN_POINT('',(-2.2,-1.82,0.458946888107));
#2516 = VECTOR('',#2517,1.);
#2517 = DIRECTION('',(0.,0.,1.));
#2518 = ORIENTED_EDGE('',*,*,#2088,.T.);
#2519 = ORIENTED_EDGE('',*,*,#2520,.T.);
#2520 = EDGE_CURVE('',#2081,#2521,#2523,.T.);
#2521 = VERTEX_POINT('',#2522);
#2522 = CARTESIAN_POINT('',(-2.2,-1.43,0.625));
#2523 = LINE('',#2524,#2525);
#2524 = CARTESIAN_POINT('',(-2.2,-1.43,0.458946888107));
#2525 = VECTOR('',#2526,1.);
#2526 = DIRECTION('',(0.,0.,1.));
#2527 = ORIENTED_EDGE('',*,*,#2528,.F.);
#2528 = EDGE_CURVE('',#2512,#2521,#2529,.T.);
#2529 = LINE('',#2530,#2531);
#2530 = CARTESIAN_POINT('',(-2.2,-2.3,0.625));
#2531 = VECTOR('',#2532,1.);
#2532 = DIRECTION('',(-1.110223024625E-16,1.,0.));
#2533 = PLANE('',#2534);
#2534 = AXIS2_PLACEMENT_3D('',#2535,#2536,#2537);
#2535 = CARTESIAN_POINT('',(-2.2,-2.3,0.625));
#2536 = DIRECTION('',(1.,1.110223024625E-16,0.));
#2537 = DIRECTION('',(-1.110223024625E-16,1.,0.));
#2538 = ADVANCED_FACE('',(#2539),#2564,.F.);
#2539 = FACE_BOUND('',#2540,.F.);
#2540 = EDGE_LOOP('',(#2541,#2549,#2550,#2558));
#2541 = ORIENTED_EDGE('',*,*,#2542,.F.);
#2542 = EDGE_CURVE('',#2081,#2543,#2545,.T.);
#2543 = VERTEX_POINT('',#2544);
#2544 = CARTESIAN_POINT('',(-2.4,-1.43,0.475));
#2545 = LINE('',#2546,#2547);
#2546 = CARTESIAN_POINT('',(-2.1,-1.43,0.475));
#2547 = VECTOR('',#2548,1.);
#2548 = DIRECTION('',(-1.,1.144237745222E-17,0.));
#2549 = ORIENTED_EDGE('',*,*,#2080,.T.);
#2550 = ORIENTED_EDGE('',*,*,#2551,.T.);
#2551 = EDGE_CURVE('',#2073,#2552,#2554,.T.);
#2552 = VERTEX_POINT('',#2553);
#2553 = CARTESIAN_POINT('',(-2.4,-1.17,0.475));
#2554 = LINE('',#2555,#2556);
#2555 = CARTESIAN_POINT('',(-2.1,-1.17,0.475));
#2556 = VECTOR('',#2557,1.);
#2557 = DIRECTION('',(-1.,1.144237745222E-17,0.));
#2558 = ORIENTED_EDGE('',*,*,#2559,.F.);
#2559 = EDGE_CURVE('',#2543,#2552,#2560,.T.);
#2560 = LINE('',#2561,#2562);
#2561 = CARTESIAN_POINT('',(-2.4,-1.43,0.475));
#2562 = VECTOR('',#2563,1.);
#2563 = DIRECTION('',(1.144237745222E-17,1.,0.));
#2564 = PLANE('',#2565);
#2565 = AXIS2_PLACEMENT_3D('',#2566,#2567,#2568);
#2566 = CARTESIAN_POINT('',(-2.1,-1.43,0.475));
#2567 = DIRECTION('',(0.,0.,1.));
#2568 = DIRECTION('',(-1.,1.144237745222E-17,0.));
#2569 = ADVANCED_FACE('',(#2570),#2595,.F.);
#2570 = FACE_BOUND('',#2571,.F.);
#2571 = EDGE_LOOP('',(#2572,#2580,#2581,#2589));
#2572 = ORIENTED_EDGE('',*,*,#2573,.F.);
#2573 = EDGE_CURVE('',#2073,#2574,#2576,.T.);
#2574 = VERTEX_POINT('',#2575);
#2575 = CARTESIAN_POINT('',(-2.2,-1.17,0.625));
#2576 = LINE('',#2577,#2578);
#2577 = CARTESIAN_POINT('',(-2.2,-1.17,0.458946888107));
#2578 = VECTOR('',#2579,1.);
#2579 = DIRECTION('',(0.,0.,1.));
#2580 = ORIENTED_EDGE('',*,*,#2072,.T.);
#2581 = ORIENTED_EDGE('',*,*,#2582,.T.);
#2582 = EDGE_CURVE('',#2065,#2583,#2585,.T.);
#2583 = VERTEX_POINT('',#2584);
#2584 = CARTESIAN_POINT('',(-2.2,-0.78,0.625));
#2585 = LINE('',#2586,#2587);
#2586 = CARTESIAN_POINT('',(-2.2,-0.78,0.458946888107));
#2587 = VECTOR('',#2588,1.);
#2588 = DIRECTION('',(0.,0.,1.));
#2589 = ORIENTED_EDGE('',*,*,#2590,.F.);
#2590 = EDGE_CURVE('',#2574,#2583,#2591,.T.);
#2591 = LINE('',#2592,#2593);
#2592 = CARTESIAN_POINT('',(-2.2,-2.3,0.625));
#2593 = VECTOR('',#2594,1.);
#2594 = DIRECTION('',(-1.110223024625E-16,1.,0.));
#2595 = PLANE('',#2596);
#2596 = AXIS2_PLACEMENT_3D('',#2597,#2598,#2599);
#2597 = CARTESIAN_POINT('',(-2.2,-2.3,0.625));
#2598 = DIRECTION('',(1.,1.110223024625E-16,0.));
#2599 = DIRECTION('',(-1.110223024625E-16,1.,0.));
#2600 = ADVANCED_FACE('',(#2601),#2626,.F.);
#2601 = FACE_BOUND('',#2602,.F.);
#2602 = EDGE_LOOP('',(#2603,#2611,#2612,#2620));
#2603 = ORIENTED_EDGE('',*,*,#2604,.F.);
#2604 = EDGE_CURVE('',#2065,#2605,#2607,.T.);
#2605 = VERTEX_POINT('',#2606);
#2606 = CARTESIAN_POINT('',(-2.4,-0.78,0.475));
#2607 = LINE('',#2608,#2609);
#2608 = CARTESIAN_POINT('',(-2.1,-0.78,0.475));
#2609 = VECTOR('',#2610,1.);
#2610 = DIRECTION('',(-1.,1.144237745222E-17,0.));
#2611 = ORIENTED_EDGE('',*,*,#2064,.T.);
#2612 = ORIENTED_EDGE('',*,*,#2613,.T.);
#2613 = EDGE_CURVE('',#2057,#2614,#2616,.T.);
#2614 = VERTEX_POINT('',#2615);
#2615 = CARTESIAN_POINT('',(-2.4,-0.52,0.475));
#2616 = LINE('',#2617,#2618);
#2617 = CARTESIAN_POINT('',(-2.1,-0.52,0.475));
#2618 = VECTOR('',#2619,1.);
#2619 = DIRECTION('',(-1.,1.144237745222E-17,0.));
#2620 = ORIENTED_EDGE('',*,*,#2621,.F.);
#2621 = EDGE_CURVE('',#2605,#2614,#2622,.T.);
#2622 = LINE('',#2623,#2624);
#2623 = CARTESIAN_POINT('',(-2.4,-0.78,0.475));
#2624 = VECTOR('',#2625,1.);
#2625 = DIRECTION('',(1.144237745222E-17,1.,0.));
#2626 = PLANE('',#2627);
#2627 = AXIS2_PLACEMENT_3D('',#2628,#2629,#2630);
#2628 = CARTESIAN_POINT('',(-2.1,-0.78,0.475));
#2629 = DIRECTION('',(0.,0.,1.));
#2630 = DIRECTION('',(-1.,1.144237745222E-17,0.));
#2631 = ADVANCED_FACE('',(#2632),#2657,.F.);
#2632 = FACE_BOUND('',#2633,.F.);
#2633 = EDGE_LOOP('',(#2634,#2642,#2643,#2651));
#2634 = ORIENTED_EDGE('',*,*,#2635,.F.);
#2635 = EDGE_CURVE('',#2057,#2636,#2638,.T.);
#2636 = VERTEX_POINT('',#2637);
#2637 = CARTESIAN_POINT('',(-2.2,-0.52,0.625));
#2638 = LINE('',#2639,#2640);
#2639 = CARTESIAN_POINT('',(-2.2,-0.52,0.458946888107));
#2640 = VECTOR('',#2641,1.);
#2641 = DIRECTION('',(0.,0.,1.));
#2642 = ORIENTED_EDGE('',*,*,#2056,.T.);
#2643 = ORIENTED_EDGE('',*,*,#2644,.T.);
#2644 = EDGE_CURVE('',#2049,#2645,#2647,.T.);
#2645 = VERTEX_POINT('',#2646);
#2646 = CARTESIAN_POINT('',(-2.2,-0.13,0.625));
#2647 = LINE('',#2648,#2649);
#2648 = CARTESIAN_POINT('',(-2.2,-0.13,0.458946888107));
#2649 = VECTOR('',#2650,1.);
#2650 = DIRECTION('',(0.,0.,1.));
#2651 = ORIENTED_EDGE('',*,*,#2652,.F.);
#2652 = EDGE_CURVE('',#2636,#2645,#2653,.T.);
#2653 = LINE('',#2654,#2655);
#2654 = CARTESIAN_POINT('',(-2.2,-2.3,0.625));
#2655 = VECTOR('',#2656,1.);
#2656 = DIRECTION('',(-1.110223024625E-16,1.,0.));
#2657 = PLANE('',#2658);
#2658 = AXIS2_PLACEMENT_3D('',#2659,#2660,#2661);
#2659 = CARTESIAN_POINT('',(-2.2,-2.3,0.625));
#2660 = DIRECTION('',(1.,1.110223024625E-16,0.));
#2661 = DIRECTION('',(-1.110223024625E-16,1.,0.));
#2662 = ADVANCED_FACE('',(#2663),#2688,.F.);
#2663 = FACE_BOUND('',#2664,.F.);
#2664 = EDGE_LOOP('',(#2665,#2673,#2674,#2682));
#2665 = ORIENTED_EDGE('',*,*,#2666,.F.);
#2666 = EDGE_CURVE('',#2049,#2667,#2669,.T.);
#2667 = VERTEX_POINT('',#2668);
#2668 = CARTESIAN_POINT('',(-2.4,-0.13,0.475));
#2669 = LINE('',#2670,#2671);
#2670 = CARTESIAN_POINT('',(-2.1,-0.13,0.475));
#2671 = VECTOR('',#2672,1.);
#2672 = DIRECTION('',(-1.,1.144237745222E-17,0.));
#2673 = ORIENTED_EDGE('',*,*,#2048,.T.);
#2674 = ORIENTED_EDGE('',*,*,#2675,.T.);
#2675 = EDGE_CURVE('',#2041,#2676,#2678,.T.);
#2676 = VERTEX_POINT('',#2677);
#2677 = CARTESIAN_POINT('',(-2.4,0.13,0.475));
#2678 = LINE('',#2679,#2680);
#2679 = CARTESIAN_POINT('',(-2.1,0.13,0.475));
#2680 = VECTOR('',#2681,1.);
#2681 = DIRECTION('',(-1.,1.144237745222E-17,0.));
#2682 = ORIENTED_EDGE('',*,*,#2683,.F.);
#2683 = EDGE_CURVE('',#2667,#2676,#2684,.T.);
#2684 = LINE('',#2685,#2686);
#2685 = CARTESIAN_POINT('',(-2.4,-0.13,0.475));
#2686 = VECTOR('',#2687,1.);
#2687 = DIRECTION('',(1.144237745222E-17,1.,0.));
#2688 = PLANE('',#2689);
#2689 = AXIS2_PLACEMENT_3D('',#2690,#2691,#2692);
#2690 = CARTESIAN_POINT('',(-2.1,-0.13,0.475));
#2691 = DIRECTION('',(0.,0.,1.));
#2692 = DIRECTION('',(-1.,1.144237745222E-17,0.));
#2693 = ADVANCED_FACE('',(#2694),#2719,.F.);
#2694 = FACE_BOUND('',#2695,.F.);
#2695 = EDGE_LOOP('',(#2696,#2704,#2705,#2713));
#2696 = ORIENTED_EDGE('',*,*,#2697,.F.);
#2697 = EDGE_CURVE('',#2041,#2698,#2700,.T.);
#2698 = VERTEX_POINT('',#2699);
#2699 = CARTESIAN_POINT('',(-2.2,0.13,0.625));
#2700 = LINE('',#2701,#2702);
#2701 = CARTESIAN_POINT('',(-2.2,0.13,0.458946888107));
#2702 = VECTOR('',#2703,1.);
#2703 = DIRECTION('',(0.,0.,1.));
#2704 = ORIENTED_EDGE('',*,*,#2040,.T.);
#2705 = ORIENTED_EDGE('',*,*,#2706,.T.);
#2706 = EDGE_CURVE('',#2033,#2707,#2709,.T.);
#2707 = VERTEX_POINT('',#2708);
#2708 = CARTESIAN_POINT('',(-2.2,0.52,0.625));
#2709 = LINE('',#2710,#2711);
#2710 = CARTESIAN_POINT('',(-2.2,0.52,0.458946888107));
#2711 = VECTOR('',#2712,1.);
#2712 = DIRECTION('',(0.,0.,1.));
#2713 = ORIENTED_EDGE('',*,*,#2714,.F.);
#2714 = EDGE_CURVE('',#2698,#2707,#2715,.T.);
#2715 = LINE('',#2716,#2717);
#2716 = CARTESIAN_POINT('',(-2.2,-2.3,0.625));
#2717 = VECTOR('',#2718,1.);
#2718 = DIRECTION('',(-1.110223024625E-16,1.,0.));
#2719 = PLANE('',#2720);
#2720 = AXIS2_PLACEMENT_3D('',#2721,#2722,#2723);
#2721 = CARTESIAN_POINT('',(-2.2,-2.3,0.625));
#2722 = DIRECTION('',(1.,1.110223024625E-16,0.));
#2723 = DIRECTION('',(-1.110223024625E-16,1.,0.));
#2724 = ADVANCED_FACE('',(#2725),#2750,.F.);
#2725 = FACE_BOUND('',#2726,.F.);
#2726 = EDGE_LOOP('',(#2727,#2735,#2736,#2744));
#2727 = ORIENTED_EDGE('',*,*,#2728,.F.);
#2728 = EDGE_CURVE('',#2033,#2729,#2731,.T.);
#2729 = VERTEX_POINT('',#2730);
#2730 = CARTESIAN_POINT('',(-2.4,0.52,0.475));
#2731 = LINE('',#2732,#2733);
#2732 = CARTESIAN_POINT('',(-2.1,0.52,0.475));
#2733 = VECTOR('',#2734,1.);
#2734 = DIRECTION('',(-1.,1.144237745222E-17,0.));
#2735 = ORIENTED_EDGE('',*,*,#2032,.T.);
#2736 = ORIENTED_EDGE('',*,*,#2737,.T.);
#2737 = EDGE_CURVE('',#2025,#2738,#2740,.T.);
#2738 = VERTEX_POINT('',#2739);
#2739 = CARTESIAN_POINT('',(-2.4,0.78,0.475));
#2740 = LINE('',#2741,#2742);
#2741 = CARTESIAN_POINT('',(-2.1,0.78,0.475));
#2742 = VECTOR('',#2743,1.);
#2743 = DIRECTION('',(-1.,1.144237745222E-17,0.));
#2744 = ORIENTED_EDGE('',*,*,#2745,.F.);
#2745 = EDGE_CURVE('',#2729,#2738,#2746,.T.);
#2746 = LINE('',#2747,#2748);
#2747 = CARTESIAN_POINT('',(-2.4,0.52,0.475));
#2748 = VECTOR('',#2749,1.);
#2749 = DIRECTION('',(1.144237745222E-17,1.,0.));
#2750 = PLANE('',#2751);
#2751 = AXIS2_PLACEMENT_3D('',#2752,#2753,#2754);
#2752 = CARTESIAN_POINT('',(-2.1,0.52,0.475));
#2753 = DIRECTION('',(0.,0.,1.));
#2754 = DIRECTION('',(-1.,1.144237745222E-17,0.));
#2755 = ADVANCED_FACE('',(#2756),#2781,.F.);
#2756 = FACE_BOUND('',#2757,.F.);
#2757 = EDGE_LOOP('',(#2758,#2766,#2767,#2775));
#2758 = ORIENTED_EDGE('',*,*,#2759,.F.);
#2759 = EDGE_CURVE('',#2025,#2760,#2762,.T.);
#2760 = VERTEX_POINT('',#2761);
#2761 = CARTESIAN_POINT('',(-2.2,0.78,0.625));
#2762 = LINE('',#2763,#2764);
#2763 = CARTESIAN_POINT('',(-2.2,0.78,0.458946888107));
#2764 = VECTOR('',#2765,1.);
#2765 = DIRECTION('',(0.,0.,1.));
#2766 = ORIENTED_EDGE('',*,*,#2024,.T.);
#2767 = ORIENTED_EDGE('',*,*,#2768,.T.);
#2768 = EDGE_CURVE('',#2017,#2769,#2771,.T.);
#2769 = VERTEX_POINT('',#2770);
#2770 = CARTESIAN_POINT('',(-2.2,1.17,0.625));
#2771 = LINE('',#2772,#2773);
#2772 = CARTESIAN_POINT('',(-2.2,1.17,0.458946888107));
#2773 = VECTOR('',#2774,1.);
#2774 = DIRECTION('',(0.,0.,1.));
#2775 = ORIENTED_EDGE('',*,*,#2776,.F.);
#2776 = EDGE_CURVE('',#2760,#2769,#2777,.T.);
#2777 = LINE('',#2778,#2779);
#2778 = CARTESIAN_POINT('',(-2.2,-2.3,0.625));
#2779 = VECTOR('',#2780,1.);
#2780 = DIRECTION('',(-1.110223024625E-16,1.,0.));
#2781 = PLANE('',#2782);
#2782 = AXIS2_PLACEMENT_3D('',#2783,#2784,#2785);
#2783 = CARTESIAN_POINT('',(-2.2,-2.3,0.625));
#2784 = DIRECTION('',(1.,1.110223024625E-16,0.));
#2785 = DIRECTION('',(-1.110223024625E-16,1.,0.));
#2786 = ADVANCED_FACE('',(#2787),#2812,.F.);
#2787 = FACE_BOUND('',#2788,.F.);
#2788 = EDGE_LOOP('',(#2789,#2797,#2798,#2806));
#2789 = ORIENTED_EDGE('',*,*,#2790,.F.);
#2790 = EDGE_CURVE('',#2017,#2791,#2793,.T.);
#2791 = VERTEX_POINT('',#2792);
#2792 = CARTESIAN_POINT('',(-2.4,1.17,0.475));
#2793 = LINE('',#2794,#2795);
#2794 = CARTESIAN_POINT('',(-2.1,1.17,0.475));
#2795 = VECTOR('',#2796,1.);
#2796 = DIRECTION('',(-1.,1.144237745222E-17,0.));
#2797 = ORIENTED_EDGE('',*,*,#2016,.T.);
#2798 = ORIENTED_EDGE('',*,*,#2799,.T.);
#2799 = EDGE_CURVE('',#2009,#2800,#2802,.T.);
#2800 = VERTEX_POINT('',#2801);
#2801 = CARTESIAN_POINT('',(-2.4,1.43,0.475));
#2802 = LINE('',#2803,#2804);
#2803 = CARTESIAN_POINT('',(-2.1,1.43,0.475));
#2804 = VECTOR('',#2805,1.);
#2805 = DIRECTION('',(-1.,1.144237745222E-17,0.));
#2806 = ORIENTED_EDGE('',*,*,#2807,.F.);
#2807 = EDGE_CURVE('',#2791,#2800,#2808,.T.);
#2808 = LINE('',#2809,#2810);
#2809 = CARTESIAN_POINT('',(-2.4,1.17,0.475));
#2810 = VECTOR('',#2811,1.);
#2811 = DIRECTION('',(1.144237745222E-17,1.,0.));
#2812 = PLANE('',#2813);
#2813 = AXIS2_PLACEMENT_3D('',#2814,#2815,#2816);
#2814 = CARTESIAN_POINT('',(-2.1,1.17,0.475));
#2815 = DIRECTION('',(0.,0.,1.));
#2816 = DIRECTION('',(-1.,1.144237745222E-17,0.));
#2817 = ADVANCED_FACE('',(#2818),#2843,.F.);
#2818 = FACE_BOUND('',#2819,.F.);
#2819 = EDGE_LOOP('',(#2820,#2828,#2829,#2837));
#2820 = ORIENTED_EDGE('',*,*,#2821,.F.);
#2821 = EDGE_CURVE('',#2009,#2822,#2824,.T.);
#2822 = VERTEX_POINT('',#2823);
#2823 = CARTESIAN_POINT('',(-2.2,1.43,0.625));
#2824 = LINE('',#2825,#2826);
#2825 = CARTESIAN_POINT('',(-2.2,1.43,0.458946888107));
#2826 = VECTOR('',#2827,1.);
#2827 = DIRECTION('',(0.,0.,1.));
#2828 = ORIENTED_EDGE('',*,*,#2008,.T.);
#2829 = ORIENTED_EDGE('',*,*,#2830,.T.);
#2830 = EDGE_CURVE('',#2001,#2831,#2833,.T.);
#2831 = VERTEX_POINT('',#2832);
#2832 = CARTESIAN_POINT('',(-2.2,1.82,0.625));
#2833 = LINE('',#2834,#2835);
#2834 = CARTESIAN_POINT('',(-2.2,1.82,0.458946888107));
#2835 = VECTOR('',#2836,1.);
#2836 = DIRECTION('',(0.,0.,1.));
#2837 = ORIENTED_EDGE('',*,*,#2838,.F.);
#2838 = EDGE_CURVE('',#2822,#2831,#2839,.T.);
#2839 = LINE('',#2840,#2841);
#2840 = CARTESIAN_POINT('',(-2.2,-2.3,0.625));
#2841 = VECTOR('',#2842,1.);
#2842 = DIRECTION('',(-1.110223024625E-16,1.,0.));
#2843 = PLANE('',#2844);
#2844 = AXIS2_PLACEMENT_3D('',#2845,#2846,#2847);
#2845 = CARTESIAN_POINT('',(-2.2,-2.3,0.625));
#2846 = DIRECTION('',(1.,1.110223024625E-16,0.));
#2847 = DIRECTION('',(-1.110223024625E-16,1.,0.));
#2848 = ADVANCED_FACE('',(#2849),#2874,.F.);
#2849 = FACE_BOUND('',#2850,.F.);
#2850 = EDGE_LOOP('',(#2851,#2859,#2860,#2868));
#2851 = ORIENTED_EDGE('',*,*,#2852,.F.);
#2852 = EDGE_CURVE('',#2001,#2853,#2855,.T.);
#2853 = VERTEX_POINT('',#2854);
#2854 = CARTESIAN_POINT('',(-2.4,1.82,0.475));
#2855 = LINE('',#2856,#2857);
#2856 = CARTESIAN_POINT('',(-2.1,1.82,0.475));
#2857 = VECTOR('',#2858,1.);
#2858 = DIRECTION('',(-1.,1.144237745222E-17,0.));
#2859 = ORIENTED_EDGE('',*,*,#2000,.T.);
#2860 = ORIENTED_EDGE('',*,*,#2861,.T.);
#2861 = EDGE_CURVE('',#1993,#2862,#2864,.T.);
#2862 = VERTEX_POINT('',#2863);
#2863 = CARTESIAN_POINT('',(-2.4,2.08,0.475));
#2864 = LINE('',#2865,#2866);
#2865 = CARTESIAN_POINT('',(-2.1,2.08,0.475));
#2866 = VECTOR('',#2867,1.);
#2867 = DIRECTION('',(-1.,1.144237745222E-17,0.));
#2868 = ORIENTED_EDGE('',*,*,#2869,.F.);
#2869 = EDGE_CURVE('',#2853,#2862,#2870,.T.);
#2870 = LINE('',#2871,#2872);
#2871 = CARTESIAN_POINT('',(-2.4,1.82,0.475));
#2872 = VECTOR('',#2873,1.);
#2873 = DIRECTION('',(1.144237745222E-17,1.,0.));
#2874 = PLANE('',#2875);
#2875 = AXIS2_PLACEMENT_3D('',#2876,#2877,#2878);
#2876 = CARTESIAN_POINT('',(-2.1,1.82,0.475));
#2877 = DIRECTION('',(0.,0.,1.));
#2878 = DIRECTION('',(-1.,1.144237745222E-17,0.));
#2879 = ADVANCED_FACE('',(#2880),#2891,.F.);
#2880 = FACE_BOUND('',#2881,.F.);
#2881 = EDGE_LOOP('',(#2882,#2888,#2889,#2890));
#2882 = ORIENTED_EDGE('',*,*,#2883,.F.);
#2883 = EDGE_CURVE('',#1993,#2413,#2884,.T.);
#2884 = LINE('',#2885,#2886);
#2885 = CARTESIAN_POINT('',(-2.2,2.08,0.458946888107));
#2886 = VECTOR('',#2887,1.);
#2887 = DIRECTION('',(0.,0.,1.));
#2888 = ORIENTED_EDGE('',*,*,#1992,.T.);
#2889 = ORIENTED_EDGE('',*,*,#2437,.T.);
#2890 = ORIENTED_EDGE('',*,*,#2420,.F.);
#2891 = PLANE('',#2892);
#2892 = AXIS2_PLACEMENT_3D('',#2893,#2894,#2895);
#2893 = CARTESIAN_POINT('',(-2.2,-2.3,0.625));
#2894 = DIRECTION('',(1.,1.110223024625E-16,0.));
#2895 = DIRECTION('',(-1.110223024625E-16,1.,0.));
#2896 = ADVANCED_FACE('',(#2897),#2908,.F.);
#2897 = FACE_BOUND('',#2898,.F.);
#2898 = EDGE_LOOP('',(#2899,#2900,#2901,#2907));
#2899 = ORIENTED_EDGE('',*,*,#2324,.F.);
#2900 = ORIENTED_EDGE('',*,*,#2245,.T.);
#2901 = ORIENTED_EDGE('',*,*,#2902,.T.);
#2902 = EDGE_CURVE('',#2238,#2357,#2903,.T.);
#2903 = LINE('',#2904,#2905);
#2904 = CARTESIAN_POINT('',(2.2,2.08,0.458946888107));
#2905 = VECTOR('',#2906,1.);
#2906 = DIRECTION('',(0.,0.,1.));
#2907 = ORIENTED_EDGE('',*,*,#2356,.F.);
#2908 = PLANE('',#2909);
#2909 = AXIS2_PLACEMENT_3D('',#2910,#2911,#2912);
#2910 = CARTESIAN_POINT('',(2.2,2.3,0.625));
#2911 = DIRECTION('',(-1.,-1.110223024625E-16,0.));
#2912 = DIRECTION('',(1.110223024625E-16,-1.,0.));
#2913 = ADVANCED_FACE('',(#2914),#2939,.F.);
#2914 = FACE_BOUND('',#2915,.F.);
#2915 = EDGE_LOOP('',(#2916,#2924,#2925,#2933));
#2916 = ORIENTED_EDGE('',*,*,#2917,.F.);
#2917 = EDGE_CURVE('',#2238,#2918,#2920,.T.);
#2918 = VERTEX_POINT('',#2919);
#2919 = CARTESIAN_POINT('',(2.4,2.08,0.475));
#2920 = LINE('',#2921,#2922);
#2921 = CARTESIAN_POINT('',(2.1,2.08,0.475));
#2922 = VECTOR('',#2923,1.);
#2923 = DIRECTION('',(1.,1.110223024625E-16,0.));
#2924 = ORIENTED_EDGE('',*,*,#2237,.T.);
#2925 = ORIENTED_EDGE('',*,*,#2926,.T.);
#2926 = EDGE_CURVE('',#2230,#2927,#2929,.T.);
#2927 = VERTEX_POINT('',#2928);
#2928 = CARTESIAN_POINT('',(2.4,1.82,0.475));
#2929 = LINE('',#2930,#2931);
#2930 = CARTESIAN_POINT('',(2.1,1.82,0.475));
#2931 = VECTOR('',#2932,1.);
#2932 = DIRECTION('',(1.,1.110223024625E-16,0.));
#2933 = ORIENTED_EDGE('',*,*,#2934,.F.);
#2934 = EDGE_CURVE('',#2918,#2927,#2935,.T.);
#2935 = LINE('',#2936,#2937);
#2936 = CARTESIAN_POINT('',(2.4,2.08,0.475));
#2937 = VECTOR('',#2938,1.);
#2938 = DIRECTION('',(1.110223024625E-16,-1.,0.));
#2939 = PLANE('',#2940);
#2940 = AXIS2_PLACEMENT_3D('',#2941,#2942,#2943);
#2941 = CARTESIAN_POINT('',(2.1,2.08,0.475));
#2942 = DIRECTION('',(0.,0.,1.));
#2943 = DIRECTION('',(1.,1.110223024625E-16,-0.));
#2944 = ADVANCED_FACE('',(#2945),#2970,.F.);
#2945 = FACE_BOUND('',#2946,.F.);
#2946 = EDGE_LOOP('',(#2947,#2955,#2956,#2964));
#2947 = ORIENTED_EDGE('',*,*,#2948,.F.);
#2948 = EDGE_CURVE('',#2230,#2949,#2951,.T.);
#2949 = VERTEX_POINT('',#2950);
#2950 = CARTESIAN_POINT('',(2.2,1.82,0.625));
#2951 = LINE('',#2952,#2953);
#2952 = CARTESIAN_POINT('',(2.2,1.82,0.458946888107));
#2953 = VECTOR('',#2954,1.);
#2954 = DIRECTION('',(0.,0.,1.));
#2955 = ORIENTED_EDGE('',*,*,#2229,.T.);
#2956 = ORIENTED_EDGE('',*,*,#2957,.T.);
#2957 = EDGE_CURVE('',#2222,#2958,#2960,.T.);
#2958 = VERTEX_POINT('',#2959);
#2959 = CARTESIAN_POINT('',(2.2,1.43,0.625));
#2960 = LINE('',#2961,#2962);
#2961 = CARTESIAN_POINT('',(2.2,1.43,0.458946888107));
#2962 = VECTOR('',#2963,1.);
#2963 = DIRECTION('',(0.,0.,1.));
#2964 = ORIENTED_EDGE('',*,*,#2965,.F.);
#2965 = EDGE_CURVE('',#2949,#2958,#2966,.T.);
#2966 = LINE('',#2967,#2968);
#2967 = CARTESIAN_POINT('',(2.2,2.3,0.625));
#2968 = VECTOR('',#2969,1.);
#2969 = DIRECTION('',(1.110223024625E-16,-1.,0.));
#2970 = PLANE('',#2971);
#2971 = AXIS2_PLACEMENT_3D('',#2972,#2973,#2974);
#2972 = CARTESIAN_POINT('',(2.2,2.3,0.625));
#2973 = DIRECTION('',(-1.,-1.110223024625E-16,0.));
#2974 = DIRECTION('',(1.110223024625E-16,-1.,0.));
#2975 = ADVANCED_FACE('',(#2976),#3001,.F.);
#2976 = FACE_BOUND('',#2977,.F.);
#2977 = EDGE_LOOP('',(#2978,#2986,#2987,#2995));
#2978 = ORIENTED_EDGE('',*,*,#2979,.F.);
#2979 = EDGE_CURVE('',#2222,#2980,#2982,.T.);
#2980 = VERTEX_POINT('',#2981);
#2981 = CARTESIAN_POINT('',(2.4,1.43,0.475));
#2982 = LINE('',#2983,#2984);
#2983 = CARTESIAN_POINT('',(2.1,1.43,0.475));
#2984 = VECTOR('',#2985,1.);
#2985 = DIRECTION('',(1.,1.110223024625E-16,0.));
#2986 = ORIENTED_EDGE('',*,*,#2221,.T.);
#2987 = ORIENTED_EDGE('',*,*,#2988,.T.);
#2988 = EDGE_CURVE('',#2214,#2989,#2991,.T.);
#2989 = VERTEX_POINT('',#2990);
#2990 = CARTESIAN_POINT('',(2.4,1.17,0.475));
#2991 = LINE('',#2992,#2993);
#2992 = CARTESIAN_POINT('',(2.1,1.17,0.475));
#2993 = VECTOR('',#2994,1.);
#2994 = DIRECTION('',(1.,1.110223024625E-16,0.));
#2995 = ORIENTED_EDGE('',*,*,#2996,.F.);
#2996 = EDGE_CURVE('',#2980,#2989,#2997,.T.);
#2997 = LINE('',#2998,#2999);
#2998 = CARTESIAN_POINT('',(2.4,1.43,0.475));
#2999 = VECTOR('',#3000,1.);
#3000 = DIRECTION('',(1.110223024625E-16,-1.,0.));
#3001 = PLANE('',#3002);
#3002 = AXIS2_PLACEMENT_3D('',#3003,#3004,#3005);
#3003 = CARTESIAN_POINT('',(2.1,1.43,0.475));
#3004 = DIRECTION('',(0.,0.,1.));
#3005 = DIRECTION('',(1.,1.110223024625E-16,-0.));
#3006 = ADVANCED_FACE('',(#3007),#3032,.F.);
#3007 = FACE_BOUND('',#3008,.F.);
#3008 = EDGE_LOOP('',(#3009,#3017,#3018,#3026));
#3009 = ORIENTED_EDGE('',*,*,#3010,.F.);
#3010 = EDGE_CURVE('',#2214,#3011,#3013,.T.);
#3011 = VERTEX_POINT('',#3012);
#3012 = CARTESIAN_POINT('',(2.2,1.17,0.625));
#3013 = LINE('',#3014,#3015);
#3014 = CARTESIAN_POINT('',(2.2,1.17,0.458946888107));
#3015 = VECTOR('',#3016,1.);
#3016 = DIRECTION('',(0.,0.,1.));
#3017 = ORIENTED_EDGE('',*,*,#2213,.T.);
#3018 = ORIENTED_EDGE('',*,*,#3019,.T.);
#3019 = EDGE_CURVE('',#2206,#3020,#3022,.T.);
#3020 = VERTEX_POINT('',#3021);
#3021 = CARTESIAN_POINT('',(2.2,0.78,0.625));
#3022 = LINE('',#3023,#3024);
#3023 = CARTESIAN_POINT('',(2.2,0.78,0.458946888107));
#3024 = VECTOR('',#3025,1.);
#3025 = DIRECTION('',(0.,0.,1.));
#3026 = ORIENTED_EDGE('',*,*,#3027,.F.);
#3027 = EDGE_CURVE('',#3011,#3020,#3028,.T.);
#3028 = LINE('',#3029,#3030);
#3029 = CARTESIAN_POINT('',(2.2,2.3,0.625));
#3030 = VECTOR('',#3031,1.);
#3031 = DIRECTION('',(1.110223024625E-16,-1.,0.));
#3032 = PLANE('',#3033);
#3033 = AXIS2_PLACEMENT_3D('',#3034,#3035,#3036);
#3034 = CARTESIAN_POINT('',(2.2,2.3,0.625));
#3035 = DIRECTION('',(-1.,-1.110223024625E-16,0.));
#3036 = DIRECTION('',(1.110223024625E-16,-1.,0.));
#3037 = ADVANCED_FACE('',(#3038),#3063,.F.);
#3038 = FACE_BOUND('',#3039,.F.);
#3039 = EDGE_LOOP('',(#3040,#3048,#3049,#3057));
#3040 = ORIENTED_EDGE('',*,*,#3041,.F.);
#3041 = EDGE_CURVE('',#2206,#3042,#3044,.T.);
#3042 = VERTEX_POINT('',#3043);
#3043 = CARTESIAN_POINT('',(2.4,0.78,0.475));
#3044 = LINE('',#3045,#3046);
#3045 = CARTESIAN_POINT('',(2.1,0.78,0.475));
#3046 = VECTOR('',#3047,1.);
#3047 = DIRECTION('',(1.,1.110223024625E-16,0.));
#3048 = ORIENTED_EDGE('',*,*,#2205,.T.);
#3049 = ORIENTED_EDGE('',*,*,#3050,.T.);
#3050 = EDGE_CURVE('',#2198,#3051,#3053,.T.);
#3051 = VERTEX_POINT('',#3052);
#3052 = CARTESIAN_POINT('',(2.4,0.52,0.475));
#3053 = LINE('',#3054,#3055);
#3054 = CARTESIAN_POINT('',(2.1,0.52,0.475));
#3055 = VECTOR('',#3056,1.);
#3056 = DIRECTION('',(1.,1.110223024625E-16,0.));
#3057 = ORIENTED_EDGE('',*,*,#3058,.F.);
#3058 = EDGE_CURVE('',#3042,#3051,#3059,.T.);
#3059 = LINE('',#3060,#3061);
#3060 = CARTESIAN_POINT('',(2.4,0.78,0.475));
#3061 = VECTOR('',#3062,1.);
#3062 = DIRECTION('',(1.110223024625E-16,-1.,0.));
#3063 = PLANE('',#3064);
#3064 = AXIS2_PLACEMENT_3D('',#3065,#3066,#3067);
#3065 = CARTESIAN_POINT('',(2.1,0.78,0.475));
#3066 = DIRECTION('',(0.,0.,1.));
#3067 = DIRECTION('',(1.,1.110223024625E-16,-0.));
#3068 = ADVANCED_FACE('',(#3069),#3094,.F.);
#3069 = FACE_BOUND('',#3070,.F.);
#3070 = EDGE_LOOP('',(#3071,#3079,#3080,#3088));
#3071 = ORIENTED_EDGE('',*,*,#3072,.F.);
#3072 = EDGE_CURVE('',#2198,#3073,#3075,.T.);
#3073 = VERTEX_POINT('',#3074);
#3074 = CARTESIAN_POINT('',(2.2,0.52,0.625));
#3075 = LINE('',#3076,#3077);
#3076 = CARTESIAN_POINT('',(2.2,0.52,0.458946888107));
#3077 = VECTOR('',#3078,1.);
#3078 = DIRECTION('',(0.,0.,1.));
#3079 = ORIENTED_EDGE('',*,*,#2197,.T.);
#3080 = ORIENTED_EDGE('',*,*,#3081,.T.);
#3081 = EDGE_CURVE('',#2190,#3082,#3084,.T.);
#3082 = VERTEX_POINT('',#3083);
#3083 = CARTESIAN_POINT('',(2.2,0.13,0.625));
#3084 = LINE('',#3085,#3086);
#3085 = CARTESIAN_POINT('',(2.2,0.13,0.458946888107));
#3086 = VECTOR('',#3087,1.);
#3087 = DIRECTION('',(0.,0.,1.));
#3088 = ORIENTED_EDGE('',*,*,#3089,.F.);
#3089 = EDGE_CURVE('',#3073,#3082,#3090,.T.);
#3090 = LINE('',#3091,#3092);
#3091 = CARTESIAN_POINT('',(2.2,2.3,0.625));
#3092 = VECTOR('',#3093,1.);
#3093 = DIRECTION('',(1.110223024625E-16,-1.,0.));
#3094 = PLANE('',#3095);
#3095 = AXIS2_PLACEMENT_3D('',#3096,#3097,#3098);
#3096 = CARTESIAN_POINT('',(2.2,2.3,0.625));
#3097 = DIRECTION('',(-1.,-1.110223024625E-16,0.));
#3098 = DIRECTION('',(1.110223024625E-16,-1.,0.));
#3099 = ADVANCED_FACE('',(#3100),#3125,.F.);
#3100 = FACE_BOUND('',#3101,.F.);
#3101 = EDGE_LOOP('',(#3102,#3110,#3111,#3119));
#3102 = ORIENTED_EDGE('',*,*,#3103,.F.);
#3103 = EDGE_CURVE('',#2190,#3104,#3106,.T.);
#3104 = VERTEX_POINT('',#3105);
#3105 = CARTESIAN_POINT('',(2.4,0.13,0.475));
#3106 = LINE('',#3107,#3108);
#3107 = CARTESIAN_POINT('',(2.1,0.13,0.475));
#3108 = VECTOR('',#3109,1.);
#3109 = DIRECTION('',(1.,1.110223024625E-16,0.));
#3110 = ORIENTED_EDGE('',*,*,#2189,.T.);
#3111 = ORIENTED_EDGE('',*,*,#3112,.T.);
#3112 = EDGE_CURVE('',#2182,#3113,#3115,.T.);
#3113 = VERTEX_POINT('',#3114);
#3114 = CARTESIAN_POINT('',(2.4,-0.13,0.475));
#3115 = LINE('',#3116,#3117);
#3116 = CARTESIAN_POINT('',(2.1,-0.13,0.475));
#3117 = VECTOR('',#3118,1.);
#3118 = DIRECTION('',(1.,1.110223024625E-16,0.));
#3119 = ORIENTED_EDGE('',*,*,#3120,.F.);
#3120 = EDGE_CURVE('',#3104,#3113,#3121,.T.);
#3121 = LINE('',#3122,#3123);
#3122 = CARTESIAN_POINT('',(2.4,0.13,0.475));
#3123 = VECTOR('',#3124,1.);
#3124 = DIRECTION('',(1.110223024625E-16,-1.,0.));
#3125 = PLANE('',#3126);
#3126 = AXIS2_PLACEMENT_3D('',#3127,#3128,#3129);
#3127 = CARTESIAN_POINT('',(2.1,0.13,0.475));
#3128 = DIRECTION('',(0.,0.,1.));
#3129 = DIRECTION('',(1.,1.110223024625E-16,-0.));
#3130 = ADVANCED_FACE('',(#3131),#3156,.F.);
#3131 = FACE_BOUND('',#3132,.F.);
#3132 = EDGE_LOOP('',(#3133,#3141,#3142,#3150));
#3133 = ORIENTED_EDGE('',*,*,#3134,.F.);
#3134 = EDGE_CURVE('',#2182,#3135,#3137,.T.);
#3135 = VERTEX_POINT('',#3136);
#3136 = CARTESIAN_POINT('',(2.2,-0.13,0.625));
#3137 = LINE('',#3138,#3139);
#3138 = CARTESIAN_POINT('',(2.2,-0.13,0.458946888107));
#3139 = VECTOR('',#3140,1.);
#3140 = DIRECTION('',(0.,0.,1.));
#3141 = ORIENTED_EDGE('',*,*,#2181,.T.);
#3142 = ORIENTED_EDGE('',*,*,#3143,.T.);
#3143 = EDGE_CURVE('',#2174,#3144,#3146,.T.);
#3144 = VERTEX_POINT('',#3145);
#3145 = CARTESIAN_POINT('',(2.2,-0.52,0.625));
#3146 = LINE('',#3147,#3148);
#3147 = CARTESIAN_POINT('',(2.2,-0.52,0.458946888107));
#3148 = VECTOR('',#3149,1.);
#3149 = DIRECTION('',(0.,0.,1.));
#3150 = ORIENTED_EDGE('',*,*,#3151,.F.);
#3151 = EDGE_CURVE('',#3135,#3144,#3152,.T.);
#3152 = LINE('',#3153,#3154);
#3153 = CARTESIAN_POINT('',(2.2,2.3,0.625));
#3154 = VECTOR('',#3155,1.);
#3155 = DIRECTION('',(1.110223024625E-16,-1.,0.));
#3156 = PLANE('',#3157);
#3157 = AXIS2_PLACEMENT_3D('',#3158,#3159,#3160);
#3158 = CARTESIAN_POINT('',(2.2,2.3,0.625));
#3159 = DIRECTION('',(-1.,-1.110223024625E-16,0.));
#3160 = DIRECTION('',(1.110223024625E-16,-1.,0.));
#3161 = ADVANCED_FACE('',(#3162),#3187,.F.);
#3162 = FACE_BOUND('',#3163,.F.);
#3163 = EDGE_LOOP('',(#3164,#3172,#3173,#3181));
#3164 = ORIENTED_EDGE('',*,*,#3165,.F.);
#3165 = EDGE_CURVE('',#2174,#3166,#3168,.T.);
#3166 = VERTEX_POINT('',#3167);
#3167 = CARTESIAN_POINT('',(2.4,-0.52,0.475));
#3168 = LINE('',#3169,#3170);
#3169 = CARTESIAN_POINT('',(2.1,-0.52,0.475));
#3170 = VECTOR('',#3171,1.);
#3171 = DIRECTION('',(1.,1.110223024625E-16,0.));
#3172 = ORIENTED_EDGE('',*,*,#2173,.T.);
#3173 = ORIENTED_EDGE('',*,*,#3174,.T.);
#3174 = EDGE_CURVE('',#2166,#3175,#3177,.T.);
#3175 = VERTEX_POINT('',#3176);
#3176 = CARTESIAN_POINT('',(2.4,-0.78,0.475));
#3177 = LINE('',#3178,#3179);
#3178 = CARTESIAN_POINT('',(2.1,-0.78,0.475));
#3179 = VECTOR('',#3180,1.);
#3180 = DIRECTION('',(1.,1.110223024625E-16,0.));
#3181 = ORIENTED_EDGE('',*,*,#3182,.F.);
#3182 = EDGE_CURVE('',#3166,#3175,#3183,.T.);
#3183 = LINE('',#3184,#3185);
#3184 = CARTESIAN_POINT('',(2.4,-0.52,0.475));
#3185 = VECTOR('',#3186,1.);
#3186 = DIRECTION('',(1.110223024625E-16,-1.,0.));
#3187 = PLANE('',#3188);
#3188 = AXIS2_PLACEMENT_3D('',#3189,#3190,#3191);
#3189 = CARTESIAN_POINT('',(2.1,-0.52,0.475));
#3190 = DIRECTION('',(0.,0.,1.));
#3191 = DIRECTION('',(1.,1.110223024625E-16,-0.));
#3192 = ADVANCED_FACE('',(#3193),#3218,.F.);
#3193 = FACE_BOUND('',#3194,.F.);
#3194 = EDGE_LOOP('',(#3195,#3203,#3204,#3212));
#3195 = ORIENTED_EDGE('',*,*,#3196,.F.);
#3196 = EDGE_CURVE('',#2166,#3197,#3199,.T.);
#3197 = VERTEX_POINT('',#3198);
#3198 = CARTESIAN_POINT('',(2.2,-0.78,0.625));
#3199 = LINE('',#3200,#3201);
#3200 = CARTESIAN_POINT('',(2.2,-0.78,0.458946888107));
#3201 = VECTOR('',#3202,1.);
#3202 = DIRECTION('',(0.,0.,1.));
#3203 = ORIENTED_EDGE('',*,*,#2165,.T.);
#3204 = ORIENTED_EDGE('',*,*,#3205,.T.);
#3205 = EDGE_CURVE('',#2158,#3206,#3208,.T.);
#3206 = VERTEX_POINT('',#3207);
#3207 = CARTESIAN_POINT('',(2.2,-1.17,0.625));
#3208 = LINE('',#3209,#3210);
#3209 = CARTESIAN_POINT('',(2.2,-1.17,0.458946888107));
#3210 = VECTOR('',#3211,1.);
#3211 = DIRECTION('',(0.,0.,1.));
#3212 = ORIENTED_EDGE('',*,*,#3213,.F.);
#3213 = EDGE_CURVE('',#3197,#3206,#3214,.T.);
#3214 = LINE('',#3215,#3216);
#3215 = CARTESIAN_POINT('',(2.2,2.3,0.625));
#3216 = VECTOR('',#3217,1.);
#3217 = DIRECTION('',(1.110223024625E-16,-1.,0.));
#3218 = PLANE('',#3219);
#3219 = AXIS2_PLACEMENT_3D('',#3220,#3221,#3222);
#3220 = CARTESIAN_POINT('',(2.2,2.3,0.625));
#3221 = DIRECTION('',(-1.,-1.110223024625E-16,0.));
#3222 = DIRECTION('',(1.110223024625E-16,-1.,0.));
#3223 = ADVANCED_FACE('',(#3224),#3249,.F.);
#3224 = FACE_BOUND('',#3225,.F.);
#3225 = EDGE_LOOP('',(#3226,#3234,#3235,#3243));
#3226 = ORIENTED_EDGE('',*,*,#3227,.F.);
#3227 = EDGE_CURVE('',#2158,#3228,#3230,.T.);
#3228 = VERTEX_POINT('',#3229);
#3229 = CARTESIAN_POINT('',(2.4,-1.17,0.475));
#3230 = LINE('',#3231,#3232);
#3231 = CARTESIAN_POINT('',(2.1,-1.17,0.475));
#3232 = VECTOR('',#3233,1.);
#3233 = DIRECTION('',(1.,1.110223024625E-16,0.));
#3234 = ORIENTED_EDGE('',*,*,#2157,.T.);
#3235 = ORIENTED_EDGE('',*,*,#3236,.T.);
#3236 = EDGE_CURVE('',#2150,#3237,#3239,.T.);
#3237 = VERTEX_POINT('',#3238);
#3238 = CARTESIAN_POINT('',(2.4,-1.43,0.475));
#3239 = LINE('',#3240,#3241);
#3240 = CARTESIAN_POINT('',(2.1,-1.43,0.475));
#3241 = VECTOR('',#3242,1.);
#3242 = DIRECTION('',(1.,1.110223024625E-16,0.));
#3243 = ORIENTED_EDGE('',*,*,#3244,.F.);
#3244 = EDGE_CURVE('',#3228,#3237,#3245,.T.);
#3245 = LINE('',#3246,#3247);
#3246 = CARTESIAN_POINT('',(2.4,-1.17,0.475));
#3247 = VECTOR('',#3248,1.);
#3248 = DIRECTION('',(1.110223024625E-16,-1.,0.));
#3249 = PLANE('',#3250);
#3250 = AXIS2_PLACEMENT_3D('',#3251,#3252,#3253);
#3251 = CARTESIAN_POINT('',(2.1,-1.17,0.475));
#3252 = DIRECTION('',(0.,0.,1.));
#3253 = DIRECTION('',(1.,1.110223024625E-16,-0.));
#3254 = ADVANCED_FACE('',(#3255),#3280,.F.);
#3255 = FACE_BOUND('',#3256,.F.);
#3256 = EDGE_LOOP('',(#3257,#3265,#3266,#3274));
#3257 = ORIENTED_EDGE('',*,*,#3258,.F.);
#3258 = EDGE_CURVE('',#2150,#3259,#3261,.T.);
#3259 = VERTEX_POINT('',#3260);
#3260 = CARTESIAN_POINT('',(2.2,-1.43,0.625));
#3261 = LINE('',#3262,#3263);
#3262 = CARTESIAN_POINT('',(2.2,-1.43,0.458946888107));
#3263 = VECTOR('',#3264,1.);
#3264 = DIRECTION('',(0.,0.,1.));
#3265 = ORIENTED_EDGE('',*,*,#2149,.T.);
#3266 = ORIENTED_EDGE('',*,*,#3267,.T.);
#3267 = EDGE_CURVE('',#2142,#3268,#3270,.T.);
#3268 = VERTEX_POINT('',#3269);
#3269 = CARTESIAN_POINT('',(2.2,-1.82,0.625));
#3270 = LINE('',#3271,#3272);
#3271 = CARTESIAN_POINT('',(2.2,-1.82,0.458946888107));
#3272 = VECTOR('',#3273,1.);
#3273 = DIRECTION('',(0.,0.,1.));
#3274 = ORIENTED_EDGE('',*,*,#3275,.F.);
#3275 = EDGE_CURVE('',#3259,#3268,#3276,.T.);
#3276 = LINE('',#3277,#3278);
#3277 = CARTESIAN_POINT('',(2.2,2.3,0.625));
#3278 = VECTOR('',#3279,1.);
#3279 = DIRECTION('',(1.110223024625E-16,-1.,0.));
#3280 = PLANE('',#3281);
#3281 = AXIS2_PLACEMENT_3D('',#3282,#3283,#3284);
#3282 = CARTESIAN_POINT('',(2.2,2.3,0.625));
#3283 = DIRECTION('',(-1.,-1.110223024625E-16,0.));
#3284 = DIRECTION('',(1.110223024625E-16,-1.,0.));
#3285 = ADVANCED_FACE('',(#3286),#3311,.F.);
#3286 = FACE_BOUND('',#3287,.F.);
#3287 = EDGE_LOOP('',(#3288,#3296,#3297,#3305));
#3288 = ORIENTED_EDGE('',*,*,#3289,.F.);
#3289 = EDGE_CURVE('',#2142,#3290,#3292,.T.);
#3290 = VERTEX_POINT('',#3291);
#3291 = CARTESIAN_POINT('',(2.4,-1.82,0.475));
#3292 = LINE('',#3293,#3294);
#3293 = CARTESIAN_POINT('',(2.1,-1.82,0.475));
#3294 = VECTOR('',#3295,1.);
#3295 = DIRECTION('',(1.,1.110223024625E-16,0.));
#3296 = ORIENTED_EDGE('',*,*,#2141,.T.);
#3297 = ORIENTED_EDGE('',*,*,#3298,.T.);
#3298 = EDGE_CURVE('',#2134,#3299,#3301,.T.);
#3299 = VERTEX_POINT('',#3300);
#3300 = CARTESIAN_POINT('',(2.4,-2.08,0.475));
#3301 = LINE('',#3302,#3303);
#3302 = CARTESIAN_POINT('',(2.1,-2.08,0.475));
#3303 = VECTOR('',#3304,1.);
#3304 = DIRECTION('',(1.,1.110223024625E-16,0.));
#3305 = ORIENTED_EDGE('',*,*,#3306,.F.);
#3306 = EDGE_CURVE('',#3290,#3299,#3307,.T.);
#3307 = LINE('',#3308,#3309);
#3308 = CARTESIAN_POINT('',(2.4,-1.82,0.475));
#3309 = VECTOR('',#3310,1.);
#3310 = DIRECTION('',(1.110223024625E-16,-1.,0.));
#3311 = PLANE('',#3312);
#3312 = AXIS2_PLACEMENT_3D('',#3313,#3314,#3315);
#3313 = CARTESIAN_POINT('',(2.1,-1.82,0.475));
#3314 = DIRECTION('',(0.,0.,1.));
#3315 = DIRECTION('',(1.,1.110223024625E-16,-0.));
#3316 = ADVANCED_FACE('',(#3317),#3341,.F.);
#3317 = FACE_BOUND('',#3318,.F.);
#3318 = EDGE_LOOP('',(#3319,#3327,#3328,#3335));
#3319 = ORIENTED_EDGE('',*,*,#3320,.F.);
#3320 = EDGE_CURVE('',#2134,#3321,#3323,.T.);
#3321 = VERTEX_POINT('',#3322);
#3322 = CARTESIAN_POINT('',(2.2,-2.08,0.625));
#3323 = LINE('',#3324,#3325);
#3324 = CARTESIAN_POINT('',(2.2,-2.08,0.458946888107));
#3325 = VECTOR('',#3326,1.);
#3326 = DIRECTION('',(0.,0.,1.));
#3327 = ORIENTED_EDGE('',*,*,#2133,.T.);
#3328 = ORIENTED_EDGE('',*,*,#3329,.T.);
#3329 = EDGE_CURVE('',#2127,#3330,#3332,.T.);
#3330 = VERTEX_POINT('',#3331);
#3331 = CARTESIAN_POINT('',(2.2,-2.3,0.625));
#3332 = B_SPLINE_CURVE_WITH_KNOTS('',1,(#3333,#3334),.UNSPECIFIED.,.F.,
  .F.,(2,2),(0.,1.),.PIECEWISE_BEZIER_KNOTS.);
#3333 = CARTESIAN_POINT('',(2.2,-2.3,0.475));
#3334 = CARTESIAN_POINT('',(2.2,-2.3,0.625));
#3335 = ORIENTED_EDGE('',*,*,#3336,.F.);
#3336 = EDGE_CURVE('',#3321,#3330,#3337,.T.);
#3337 = LINE('',#3338,#3339);
#3338 = CARTESIAN_POINT('',(2.2,2.3,0.625));
#3339 = VECTOR('',#3340,1.);
#3340 = DIRECTION('',(1.110223024625E-16,-1.,0.));
#3341 = PLANE('',#3342);
#3342 = AXIS2_PLACEMENT_3D('',#3343,#3344,#3345);
#3343 = CARTESIAN_POINT('',(2.2,2.3,0.625));
#3344 = DIRECTION('',(-1.,-1.110223024625E-16,0.));
#3345 = DIRECTION('',(1.110223024625E-16,-1.,0.));
#3346 = ADVANCED_FACE('',(#3347),#3364,.F.);
#3347 = FACE_BOUND('',#3348,.F.);
#3348 = EDGE_LOOP('',(#3349,#3350,#3351,#3359));
#3349 = ORIENTED_EDGE('',*,*,#2262,.T.);
#3350 = ORIENTED_EDGE('',*,*,#2450,.T.);
#3351 = ORIENTED_EDGE('',*,*,#3352,.F.);
#3352 = EDGE_CURVE('',#3353,#2451,#3355,.T.);
#3353 = VERTEX_POINT('',#3354);
#3354 = CARTESIAN_POINT('',(-2.,-2.5,0.625));
#3355 = LINE('',#3356,#3357);
#3356 = CARTESIAN_POINT('',(-2.,-2.5,0.625));
#3357 = VECTOR('',#3358,1.);
#3358 = DIRECTION('',(-0.707106781187,0.707106781187,0.));
#3359 = ORIENTED_EDGE('',*,*,#3360,.F.);
#3360 = EDGE_CURVE('',#2263,#3353,#3361,.T.);
#3361 = B_SPLINE_CURVE_WITH_KNOTS('',1,(#3362,#3363),.UNSPECIFIED.,.F.,
  .F.,(2,2),(0.,1.),.PIECEWISE_BEZIER_KNOTS.);
#3362 = CARTESIAN_POINT('',(-2.,-2.5,0.475));
#3363 = CARTESIAN_POINT('',(-2.,-2.5,0.625));
#3364 = PLANE('',#3365);
#3365 = AXIS2_PLACEMENT_3D('',#3366,#3367,#3368);
#3366 = CARTESIAN_POINT('',(-2.,-2.5,0.625));
#3367 = DIRECTION('',(0.707106781187,0.707106781187,0.));
#3368 = DIRECTION('',(-0.707106781187,0.707106781187,0.));
#3369 = ADVANCED_FACE('',(#3370),#3387,.F.);
#3370 = FACE_BOUND('',#3371,.F.);
#3371 = EDGE_LOOP('',(#3372,#3373,#3380,#3386));
#3372 = ORIENTED_EDGE('',*,*,#2291,.T.);
#3373 = ORIENTED_EDGE('',*,*,#3374,.T.);
#3374 = EDGE_CURVE('',#2285,#3375,#3377,.T.);
#3375 = VERTEX_POINT('',#3376);
#3376 = CARTESIAN_POINT('',(2.,-2.5,0.625));
#3377 = B_SPLINE_CURVE_WITH_KNOTS('',1,(#3378,#3379),.UNSPECIFIED.,.F.,
  .F.,(2,2),(0.,1.),.PIECEWISE_BEZIER_KNOTS.);
#3378 = CARTESIAN_POINT('',(2.,-2.5,0.475));
#3379 = CARTESIAN_POINT('',(2.,-2.5,0.625));
#3380 = ORIENTED_EDGE('',*,*,#3381,.F.);
#3381 = EDGE_CURVE('',#3330,#3375,#3382,.T.);
#3382 = LINE('',#3383,#3384);
#3383 = CARTESIAN_POINT('',(2.2,-2.3,0.625));
#3384 = VECTOR('',#3385,1.);
#3385 = DIRECTION('',(-0.707106781187,-0.707106781187,0.));
#3386 = ORIENTED_EDGE('',*,*,#3329,.F.);
#3387 = PLANE('',#3388);
#3388 = AXIS2_PLACEMENT_3D('',#3389,#3390,#3391);
#3389 = CARTESIAN_POINT('',(2.2,-2.3,0.625));
#3390 = DIRECTION('',(-0.707106781187,0.707106781187,0.));
#3391 = DIRECTION('',(-0.707106781187,-0.707106781187,0.));
#3392 = ADVANCED_FACE('',(#3393),#3404,.F.);
#3393 = FACE_BOUND('',#3394,.F.);
#3394 = EDGE_LOOP('',(#3395,#3396,#3397,#3403));
#3395 = ORIENTED_EDGE('',*,*,#2308,.T.);
#3396 = ORIENTED_EDGE('',*,*,#3360,.T.);
#3397 = ORIENTED_EDGE('',*,*,#3398,.F.);
#3398 = EDGE_CURVE('',#3375,#3353,#3399,.T.);
#3399 = LINE('',#3400,#3401);
#3400 = CARTESIAN_POINT('',(2.,-2.5,0.625));
#3401 = VECTOR('',#3402,1.);
#3402 = DIRECTION('',(-1.,-1.110223024625E-16,0.));
#3403 = ORIENTED_EDGE('',*,*,#3374,.F.);
#3404 = PLANE('',#3405);
#3405 = AXIS2_PLACEMENT_3D('',#3406,#3407,#3408);
#3406 = CARTESIAN_POINT('',(2.,-2.5,0.625));
#3407 = DIRECTION('',(-1.110223024625E-16,1.,0.));
#3408 = DIRECTION('',(-1.,-1.110223024625E-16,0.));
#3409 = ADVANCED_FACE('',(#3410),#3449,.F.);
#3410 = FACE_BOUND('',#3411,.F.);
#3411 = EDGE_LOOP('',(#3412,#3420,#3428,#3434,#3435,#3443));
#3412 = ORIENTED_EDGE('',*,*,#3413,.F.);
#3413 = EDGE_CURVE('',#3414,#2831,#3416,.T.);
#3414 = VERTEX_POINT('',#3415);
#3415 = CARTESIAN_POINT('',(-2.4,1.82,0.625));
#3416 = LINE('',#3417,#3418);
#3417 = CARTESIAN_POINT('',(-2.4,1.82,0.625));
#3418 = VECTOR('',#3419,1.);
#3419 = DIRECTION('',(1.,-1.144237745222E-17,0.));
#3420 = ORIENTED_EDGE('',*,*,#3421,.T.);
#3421 = EDGE_CURVE('',#3414,#3422,#3424,.T.);
#3422 = VERTEX_POINT('',#3423);
#3423 = CARTESIAN_POINT('',(-2.4,2.08,0.625));
#3424 = LINE('',#3425,#3426);
#3425 = CARTESIAN_POINT('',(-2.4,1.82,0.625));
#3426 = VECTOR('',#3427,1.);
#3427 = DIRECTION('',(1.144237745222E-17,1.,0.));
#3428 = ORIENTED_EDGE('',*,*,#3429,.T.);
#3429 = EDGE_CURVE('',#3422,#2413,#3430,.T.);
#3430 = LINE('',#3431,#3432);
#3431 = CARTESIAN_POINT('',(-2.4,2.08,0.625));
#3432 = VECTOR('',#3433,1.);
#3433 = DIRECTION('',(1.,-1.144237745222E-17,0.));
#3434 = ORIENTED_EDGE('',*,*,#2412,.T.);
#3435 = ORIENTED_EDGE('',*,*,#3436,.F.);
#3436 = EDGE_CURVE('',#3437,#2405,#3439,.T.);
#3437 = VERTEX_POINT('',#3438);
#3438 = CARTESIAN_POINT('',(-2.15,1.82,0.625));
#3439 = LINE('',#3440,#3441);
#3440 = CARTESIAN_POINT('',(-2.15,-2.275,0.625));
#3441 = VECTOR('',#3442,1.);
#3442 = DIRECTION('',(-1.110223024625E-16,1.,0.));
#3443 = ORIENTED_EDGE('',*,*,#3444,.F.);
#3444 = EDGE_CURVE('',#2831,#3437,#3445,.T.);
#3445 = LINE('',#3446,#3447);
#3446 = CARTESIAN_POINT('',(-2.4,1.82,0.625));
#3447 = VECTOR('',#3448,1.);
#3448 = DIRECTION('',(1.,-1.144237745222E-17,0.));
#3449 = PLANE('',#3450);
#3450 = AXIS2_PLACEMENT_3D('',#3451,#3452,#3453);
#3451 = CARTESIAN_POINT('',(-2.4,1.82,0.625));
#3452 = DIRECTION('',(0.,0.,-1.));
#3453 = DIRECTION('',(1.,-1.144237745222E-17,0.));
#3454 = ADVANCED_FACE('',(#3455),#3583,.F.);
#3455 = FACE_BOUND('',#3456,.F.);
#3456 = EDGE_LOOP('',(#3457,#3467,#3475,#3483,#3491,#3499,#3507,#3515,
    #3523,#3531,#3539,#3547,#3555,#3561,#3562,#3563,#3570,#3578));
#3457 = ORIENTED_EDGE('',*,*,#3458,.T.);
#3458 = EDGE_CURVE('',#3459,#3461,#3463,.T.);
#3459 = VERTEX_POINT('',#3460);
#3460 = CARTESIAN_POINT('',(-2.15,-2.275,0.625));
#3461 = VERTEX_POINT('',#3462);
#3462 = CARTESIAN_POINT('',(-2.15,-2.08,0.625));
#3463 = LINE('',#3464,#3465);
#3464 = CARTESIAN_POINT('',(-2.15,-2.275,0.625));
#3465 = VECTOR('',#3466,1.);
#3466 = DIRECTION('',(-1.110223024625E-16,1.,0.));
#3467 = ORIENTED_EDGE('',*,*,#3468,.T.);
#3468 = EDGE_CURVE('',#3461,#3469,#3471,.T.);
#3469 = VERTEX_POINT('',#3470);
#3470 = CARTESIAN_POINT('',(-2.15,-1.82,0.625));
#3471 = LINE('',#3472,#3473);
#3472 = CARTESIAN_POINT('',(-2.15,-2.275,0.625));
#3473 = VECTOR('',#3474,1.);
#3474 = DIRECTION('',(-1.110223024625E-16,1.,0.));
#3475 = ORIENTED_EDGE('',*,*,#3476,.T.);
#3476 = EDGE_CURVE('',#3469,#3477,#3479,.T.);
#3477 = VERTEX_POINT('',#3478);
#3478 = CARTESIAN_POINT('',(-2.15,-1.43,0.625));
#3479 = LINE('',#3480,#3481);
#3480 = CARTESIAN_POINT('',(-2.15,-2.275,0.625));
#3481 = VECTOR('',#3482,1.);
#3482 = DIRECTION('',(-1.110223024625E-16,1.,0.));
#3483 = ORIENTED_EDGE('',*,*,#3484,.T.);
#3484 = EDGE_CURVE('',#3477,#3485,#3487,.T.);
#3485 = VERTEX_POINT('',#3486);
#3486 = CARTESIAN_POINT('',(-2.15,-1.17,0.625));
#3487 = LINE('',#3488,#3489);
#3488 = CARTESIAN_POINT('',(-2.15,-2.275,0.625));
#3489 = VECTOR('',#3490,1.);
#3490 = DIRECTION('',(-1.110223024625E-16,1.,0.));
#3491 = ORIENTED_EDGE('',*,*,#3492,.T.);
#3492 = EDGE_CURVE('',#3485,#3493,#3495,.T.);
#3493 = VERTEX_POINT('',#3494);
#3494 = CARTESIAN_POINT('',(-2.15,-0.78,0.625));
#3495 = LINE('',#3496,#3497);
#3496 = CARTESIAN_POINT('',(-2.15,-2.275,0.625));
#3497 = VECTOR('',#3498,1.);
#3498 = DIRECTION('',(-1.110223024625E-16,1.,0.));
#3499 = ORIENTED_EDGE('',*,*,#3500,.T.);
#3500 = EDGE_CURVE('',#3493,#3501,#3503,.T.);
#3501 = VERTEX_POINT('',#3502);
#3502 = CARTESIAN_POINT('',(-2.15,-0.52,0.625));
#3503 = LINE('',#3504,#3505);
#3504 = CARTESIAN_POINT('',(-2.15,-2.275,0.625));
#3505 = VECTOR('',#3506,1.);
#3506 = DIRECTION('',(-1.110223024625E-16,1.,0.));
#3507 = ORIENTED_EDGE('',*,*,#3508,.T.);
#3508 = EDGE_CURVE('',#3501,#3509,#3511,.T.);
#3509 = VERTEX_POINT('',#3510);
#3510 = CARTESIAN_POINT('',(-2.15,-0.13,0.625));
#3511 = LINE('',#3512,#3513);
#3512 = CARTESIAN_POINT('',(-2.15,-2.275,0.625));
#3513 = VECTOR('',#3514,1.);
#3514 = DIRECTION('',(-1.110223024625E-16,1.,0.));
#3515 = ORIENTED_EDGE('',*,*,#3516,.T.);
#3516 = EDGE_CURVE('',#3509,#3517,#3519,.T.);
#3517 = VERTEX_POINT('',#3518);
#3518 = CARTESIAN_POINT('',(-2.15,0.13,0.625));
#3519 = LINE('',#3520,#3521);
#3520 = CARTESIAN_POINT('',(-2.15,-2.275,0.625));
#3521 = VECTOR('',#3522,1.);
#3522 = DIRECTION('',(-1.110223024625E-16,1.,0.));
#3523 = ORIENTED_EDGE('',*,*,#3524,.T.);
#3524 = EDGE_CURVE('',#3517,#3525,#3527,.T.);
#3525 = VERTEX_POINT('',#3526);
#3526 = CARTESIAN_POINT('',(-2.15,0.52,0.625));
#3527 = LINE('',#3528,#3529);
#3528 = CARTESIAN_POINT('',(-2.15,-2.275,0.625));
#3529 = VECTOR('',#3530,1.);
#3530 = DIRECTION('',(-1.110223024625E-16,1.,0.));
#3531 = ORIENTED_EDGE('',*,*,#3532,.T.);
#3532 = EDGE_CURVE('',#3525,#3533,#3535,.T.);
#3533 = VERTEX_POINT('',#3534);
#3534 = CARTESIAN_POINT('',(-2.15,0.78,0.625));
#3535 = LINE('',#3536,#3537);
#3536 = CARTESIAN_POINT('',(-2.15,-2.275,0.625));
#3537 = VECTOR('',#3538,1.);
#3538 = DIRECTION('',(-1.110223024625E-16,1.,0.));
#3539 = ORIENTED_EDGE('',*,*,#3540,.T.);
#3540 = EDGE_CURVE('',#3533,#3541,#3543,.T.);
#3541 = VERTEX_POINT('',#3542);
#3542 = CARTESIAN_POINT('',(-2.15,1.17,0.625));
#3543 = LINE('',#3544,#3545);
#3544 = CARTESIAN_POINT('',(-2.15,-2.275,0.625));
#3545 = VECTOR('',#3546,1.);
#3546 = DIRECTION('',(-1.110223024625E-16,1.,0.));
#3547 = ORIENTED_EDGE('',*,*,#3548,.T.);
#3548 = EDGE_CURVE('',#3541,#3549,#3551,.T.);
#3549 = VERTEX_POINT('',#3550);
#3550 = CARTESIAN_POINT('',(-2.15,1.43,0.625));
#3551 = LINE('',#3552,#3553);
#3552 = CARTESIAN_POINT('',(-2.15,-2.275,0.625));
#3553 = VECTOR('',#3554,1.);
#3554 = DIRECTION('',(-1.110223024625E-16,1.,0.));
#3555 = ORIENTED_EDGE('',*,*,#3556,.T.);
#3556 = EDGE_CURVE('',#3549,#3437,#3557,.T.);
#3557 = LINE('',#3558,#3559);
#3558 = CARTESIAN_POINT('',(-2.15,-2.275,0.625));
#3559 = VECTOR('',#3560,1.);
#3560 = DIRECTION('',(-1.110223024625E-16,1.,0.));
#3561 = ORIENTED_EDGE('',*,*,#3436,.T.);
#3562 = ORIENTED_EDGE('',*,*,#2404,.T.);
#3563 = ORIENTED_EDGE('',*,*,#3564,.T.);
#3564 = EDGE_CURVE('',#2397,#3565,#3567,.T.);
#3565 = VERTEX_POINT('',#3566);
#3566 = CARTESIAN_POINT('',(-2.070291289374,2.235145644687,1.));
#3567 = B_SPLINE_CURVE_WITH_KNOTS('',1,(#3568,#3569),.UNSPECIFIED.,.F.,
  .F.,(2,2),(0.,1.),.PIECEWISE_BEZIER_KNOTS.);
#3568 = CARTESIAN_POINT('',(-2.15,2.275,0.625));
#3569 = CARTESIAN_POINT('',(-2.070291289374,2.235145644687,1.));
#3570 = ORIENTED_EDGE('',*,*,#3571,.F.);
#3571 = EDGE_CURVE('',#3572,#3565,#3574,.T.);
#3572 = VERTEX_POINT('',#3573);
#3573 = CARTESIAN_POINT('',(-2.070291289374,-2.235145644687,1.));
#3574 = LINE('',#3575,#3576);
#3575 = CARTESIAN_POINT('',(-2.070291289374,-2.235145644687,1.));
#3576 = VECTOR('',#3577,1.);
#3577 = DIRECTION('',(-1.110223024625E-16,1.,0.));
#3578 = ORIENTED_EDGE('',*,*,#3579,.F.);
#3579 = EDGE_CURVE('',#3459,#3572,#3580,.T.);
#3580 = B_SPLINE_CURVE_WITH_KNOTS('',1,(#3581,#3582),.UNSPECIFIED.,.F.,
  .F.,(2,2),(0.,1.),.PIECEWISE_BEZIER_KNOTS.);
#3581 = CARTESIAN_POINT('',(-2.15,-2.275,0.625));
#3582 = CARTESIAN_POINT('',(-2.070291289374,-2.235145644687,1.));
#3583 = B_SPLINE_SURFACE_WITH_KNOTS('',1,1,(
    (#3584,#3585)
    ,(#3586,#3587
    )),.UNSPECIFIED.,.F.,.F.,.F.,(2,2),(2,2),(0.,4.55),(0.,1.),
  .PIECEWISE_BEZIER_KNOTS.);
#3584 = CARTESIAN_POINT('',(-2.15,-2.275,0.625));
#3585 = CARTESIAN_POINT('',(-2.070291289374,-2.235145644687,1.));
#3586 = CARTESIAN_POINT('',(-2.15,2.275,0.625));
#3587 = CARTESIAN_POINT('',(-2.070291289374,2.235145644687,1.));
#3588 = ADVANCED_FACE('',(#3589),#3606,.F.);
#3589 = FACE_BOUND('',#3590,.F.);
#3590 = EDGE_LOOP('',(#3591,#3592,#3599,#3605));
#3591 = ORIENTED_EDGE('',*,*,#2396,.T.);
#3592 = ORIENTED_EDGE('',*,*,#3593,.T.);
#3593 = EDGE_CURVE('',#2389,#3594,#3596,.T.);
#3594 = VERTEX_POINT('',#3595);
#3595 = CARTESIAN_POINT('',(-1.935145644687,2.370291289374,1.));
#3596 = B_SPLINE_CURVE_WITH_KNOTS('',1,(#3597,#3598),.UNSPECIFIED.,.F.,
  .F.,(2,2),(0.,1.),.PIECEWISE_BEZIER_KNOTS.);
#3597 = CARTESIAN_POINT('',(-1.975,2.45,0.625));
#3598 = CARTESIAN_POINT('',(-1.935145644687,2.370291289374,1.));
#3599 = ORIENTED_EDGE('',*,*,#3600,.F.);
#3600 = EDGE_CURVE('',#3565,#3594,#3601,.T.);
#3601 = LINE('',#3602,#3603);
#3602 = CARTESIAN_POINT('',(-2.070291289374,2.235145644687,1.));
#3603 = VECTOR('',#3604,1.);
#3604 = DIRECTION('',(0.707106781187,0.707106781187,0.));
#3605 = ORIENTED_EDGE('',*,*,#3564,.F.);
#3606 = B_SPLINE_SURFACE_WITH_KNOTS('',1,1,(
    (#3607,#3608)
    ,(#3609,#3610
    )),.UNSPECIFIED.,.F.,.F.,.F.,(2,2),(2,2),(0.,0.247487373415),(0.,1.)
  ,.PIECEWISE_BEZIER_KNOTS.);
#3607 = CARTESIAN_POINT('',(-2.15,2.275,0.625));
#3608 = CARTESIAN_POINT('',(-2.070291289374,2.235145644687,1.));
#3609 = CARTESIAN_POINT('',(-1.975,2.45,0.625));
#3610 = CARTESIAN_POINT('',(-1.935145644687,2.370291289374,1.));
#3611 = ADVANCED_FACE('',(#3612),#3629,.F.);
#3612 = FACE_BOUND('',#3613,.F.);
#3613 = EDGE_LOOP('',(#3614,#3615,#3622,#3628));
#3614 = ORIENTED_EDGE('',*,*,#2388,.T.);
#3615 = ORIENTED_EDGE('',*,*,#3616,.T.);
#3616 = EDGE_CURVE('',#2381,#3617,#3619,.T.);
#3617 = VERTEX_POINT('',#3618);
#3618 = CARTESIAN_POINT('',(1.935145644687,2.370291289374,1.));
#3619 = B_SPLINE_CURVE_WITH_KNOTS('',1,(#3620,#3621),.UNSPECIFIED.,.F.,
  .F.,(2,2),(0.,1.),.PIECEWISE_BEZIER_KNOTS.);
#3620 = CARTESIAN_POINT('',(1.975,2.45,0.625));
#3621 = CARTESIAN_POINT('',(1.935145644687,2.370291289374,1.));
#3622 = ORIENTED_EDGE('',*,*,#3623,.F.);
#3623 = EDGE_CURVE('',#3594,#3617,#3624,.T.);
#3624 = LINE('',#3625,#3626);
#3625 = CARTESIAN_POINT('',(-1.935145644687,2.370291289374,1.));
#3626 = VECTOR('',#3627,1.);
#3627 = DIRECTION('',(1.,1.110223024625E-16,0.));
#3628 = ORIENTED_EDGE('',*,*,#3593,.F.);
#3629 = B_SPLINE_SURFACE_WITH_KNOTS('',1,1,(
    (#3630,#3631)
    ,(#3632,#3633
    )),.UNSPECIFIED.,.F.,.F.,.F.,(2,2),(2,2),(0.,3.95),(0.,1.),
  .PIECEWISE_BEZIER_KNOTS.);
#3630 = CARTESIAN_POINT('',(-1.975,2.45,0.625));
#3631 = CARTESIAN_POINT('',(-1.935145644687,2.370291289374,1.));
#3632 = CARTESIAN_POINT('',(1.975,2.45,0.625));
#3633 = CARTESIAN_POINT('',(1.935145644687,2.370291289374,1.));
#3634 = ADVANCED_FACE('',(#3635),#3652,.F.);
#3635 = FACE_BOUND('',#3636,.F.);
#3636 = EDGE_LOOP('',(#3637,#3638,#3645,#3651));
#3637 = ORIENTED_EDGE('',*,*,#2380,.T.);
#3638 = ORIENTED_EDGE('',*,*,#3639,.T.);
#3639 = EDGE_CURVE('',#2373,#3640,#3642,.T.);
#3640 = VERTEX_POINT('',#3641);
#3641 = CARTESIAN_POINT('',(2.070291289374,2.235145644687,1.));
#3642 = B_SPLINE_CURVE_WITH_KNOTS('',1,(#3643,#3644),.UNSPECIFIED.,.F.,
  .F.,(2,2),(0.,1.),.PIECEWISE_BEZIER_KNOTS.);
#3643 = CARTESIAN_POINT('',(2.15,2.275,0.625));
#3644 = CARTESIAN_POINT('',(2.070291289374,2.235145644687,1.));
#3645 = ORIENTED_EDGE('',*,*,#3646,.F.);
#3646 = EDGE_CURVE('',#3617,#3640,#3647,.T.);
#3647 = LINE('',#3648,#3649);
#3648 = CARTESIAN_POINT('',(1.935145644687,2.370291289374,1.));
#3649 = VECTOR('',#3650,1.);
#3650 = DIRECTION('',(0.707106781187,-0.707106781187,0.));
#3651 = ORIENTED_EDGE('',*,*,#3616,.F.);
#3652 = B_SPLINE_SURFACE_WITH_KNOTS('',1,1,(
    (#3653,#3654)
    ,(#3655,#3656
    )),.UNSPECIFIED.,.F.,.F.,.F.,(2,2),(2,2),(0.,0.247487373415),(0.,1.)
  ,.PIECEWISE_BEZIER_KNOTS.);
#3653 = CARTESIAN_POINT('',(1.975,2.45,0.625));
#3654 = CARTESIAN_POINT('',(1.935145644687,2.370291289374,1.));
#3655 = CARTESIAN_POINT('',(2.15,2.275,0.625));
#3656 = CARTESIAN_POINT('',(2.070291289374,2.235145644687,1.));
#3657 = ADVANCED_FACE('',(#3658),#3787,.F.);
#3658 = FACE_BOUND('',#3659,.F.);
#3659 = EDGE_LOOP('',(#3660,#3661,#3669,#3677,#3685,#3693,#3701,#3709,
    #3717,#3725,#3733,#3741,#3749,#3757,#3765,#3773,#3780,#3786));
#3660 = ORIENTED_EDGE('',*,*,#2372,.T.);
#3661 = ORIENTED_EDGE('',*,*,#3662,.T.);
#3662 = EDGE_CURVE('',#2365,#3663,#3665,.T.);
#3663 = VERTEX_POINT('',#3664);
#3664 = CARTESIAN_POINT('',(2.15,1.82,0.625));
#3665 = LINE('',#3666,#3667);
#3666 = CARTESIAN_POINT('',(2.15,2.275,0.625));
#3667 = VECTOR('',#3668,1.);
#3668 = DIRECTION('',(1.110223024625E-16,-1.,0.));
#3669 = ORIENTED_EDGE('',*,*,#3670,.T.);
#3670 = EDGE_CURVE('',#3663,#3671,#3673,.T.);
#3671 = VERTEX_POINT('',#3672);
#3672 = CARTESIAN_POINT('',(2.15,1.43,0.625));
#3673 = LINE('',#3674,#3675);
#3674 = CARTESIAN_POINT('',(2.15,2.275,0.625));
#3675 = VECTOR('',#3676,1.);
#3676 = DIRECTION('',(1.110223024625E-16,-1.,0.));
#3677 = ORIENTED_EDGE('',*,*,#3678,.T.);
#3678 = EDGE_CURVE('',#3671,#3679,#3681,.T.);
#3679 = VERTEX_POINT('',#3680);
#3680 = CARTESIAN_POINT('',(2.15,1.17,0.625));
#3681 = LINE('',#3682,#3683);
#3682 = CARTESIAN_POINT('',(2.15,2.275,0.625));
#3683 = VECTOR('',#3684,1.);
#3684 = DIRECTION('',(1.110223024625E-16,-1.,0.));
#3685 = ORIENTED_EDGE('',*,*,#3686,.T.);
#3686 = EDGE_CURVE('',#3679,#3687,#3689,.T.);
#3687 = VERTEX_POINT('',#3688);
#3688 = CARTESIAN_POINT('',(2.15,0.78,0.625));
#3689 = LINE('',#3690,#3691);
#3690 = CARTESIAN_POINT('',(2.15,2.275,0.625));
#3691 = VECTOR('',#3692,1.);
#3692 = DIRECTION('',(1.110223024625E-16,-1.,0.));
#3693 = ORIENTED_EDGE('',*,*,#3694,.T.);
#3694 = EDGE_CURVE('',#3687,#3695,#3697,.T.);
#3695 = VERTEX_POINT('',#3696);
#3696 = CARTESIAN_POINT('',(2.15,0.52,0.625));
#3697 = LINE('',#3698,#3699);
#3698 = CARTESIAN_POINT('',(2.15,2.275,0.625));
#3699 = VECTOR('',#3700,1.);
#3700 = DIRECTION('',(1.110223024625E-16,-1.,0.));
#3701 = ORIENTED_EDGE('',*,*,#3702,.T.);
#3702 = EDGE_CURVE('',#3695,#3703,#3705,.T.);
#3703 = VERTEX_POINT('',#3704);
#3704 = CARTESIAN_POINT('',(2.15,0.13,0.625));
#3705 = LINE('',#3706,#3707);
#3706 = CARTESIAN_POINT('',(2.15,2.275,0.625));
#3707 = VECTOR('',#3708,1.);
#3708 = DIRECTION('',(1.110223024625E-16,-1.,0.));
#3709 = ORIENTED_EDGE('',*,*,#3710,.T.);
#3710 = EDGE_CURVE('',#3703,#3711,#3713,.T.);
#3711 = VERTEX_POINT('',#3712);
#3712 = CARTESIAN_POINT('',(2.15,-0.13,0.625));
#3713 = LINE('',#3714,#3715);
#3714 = CARTESIAN_POINT('',(2.15,2.275,0.625));
#3715 = VECTOR('',#3716,1.);
#3716 = DIRECTION('',(1.110223024625E-16,-1.,0.));
#3717 = ORIENTED_EDGE('',*,*,#3718,.T.);
#3718 = EDGE_CURVE('',#3711,#3719,#3721,.T.);
#3719 = VERTEX_POINT('',#3720);
#3720 = CARTESIAN_POINT('',(2.15,-0.52,0.625));
#3721 = LINE('',#3722,#3723);
#3722 = CARTESIAN_POINT('',(2.15,2.275,0.625));
#3723 = VECTOR('',#3724,1.);
#3724 = DIRECTION('',(1.110223024625E-16,-1.,0.));
#3725 = ORIENTED_EDGE('',*,*,#3726,.T.);
#3726 = EDGE_CURVE('',#3719,#3727,#3729,.T.);
#3727 = VERTEX_POINT('',#3728);
#3728 = CARTESIAN_POINT('',(2.15,-0.78,0.625));
#3729 = LINE('',#3730,#3731);
#3730 = CARTESIAN_POINT('',(2.15,2.275,0.625));
#3731 = VECTOR('',#3732,1.);
#3732 = DIRECTION('',(1.110223024625E-16,-1.,0.));
#3733 = ORIENTED_EDGE('',*,*,#3734,.T.);
#3734 = EDGE_CURVE('',#3727,#3735,#3737,.T.);
#3735 = VERTEX_POINT('',#3736);
#3736 = CARTESIAN_POINT('',(2.15,-1.17,0.625));
#3737 = LINE('',#3738,#3739);
#3738 = CARTESIAN_POINT('',(2.15,2.275,0.625));
#3739 = VECTOR('',#3740,1.);
#3740 = DIRECTION('',(1.110223024625E-16,-1.,0.));
#3741 = ORIENTED_EDGE('',*,*,#3742,.T.);
#3742 = EDGE_CURVE('',#3735,#3743,#3745,.T.);
#3743 = VERTEX_POINT('',#3744);
#3744 = CARTESIAN_POINT('',(2.15,-1.43,0.625));
#3745 = LINE('',#3746,#3747);
#3746 = CARTESIAN_POINT('',(2.15,2.275,0.625));
#3747 = VECTOR('',#3748,1.);
#3748 = DIRECTION('',(1.110223024625E-16,-1.,0.));
#3749 = ORIENTED_EDGE('',*,*,#3750,.T.);
#3750 = EDGE_CURVE('',#3743,#3751,#3753,.T.);
#3751 = VERTEX_POINT('',#3752);
#3752 = CARTESIAN_POINT('',(2.15,-1.82,0.625));
#3753 = LINE('',#3754,#3755);
#3754 = CARTESIAN_POINT('',(2.15,2.275,0.625));
#3755 = VECTOR('',#3756,1.);
#3756 = DIRECTION('',(1.110223024625E-16,-1.,0.));
#3757 = ORIENTED_EDGE('',*,*,#3758,.T.);
#3758 = EDGE_CURVE('',#3751,#3759,#3761,.T.);
#3759 = VERTEX_POINT('',#3760);
#3760 = CARTESIAN_POINT('',(2.15,-2.08,0.625));
#3761 = LINE('',#3762,#3763);
#3762 = CARTESIAN_POINT('',(2.15,2.275,0.625));
#3763 = VECTOR('',#3764,1.);
#3764 = DIRECTION('',(1.110223024625E-16,-1.,0.));
#3765 = ORIENTED_EDGE('',*,*,#3766,.T.);
#3766 = EDGE_CURVE('',#3759,#3767,#3769,.T.);
#3767 = VERTEX_POINT('',#3768);
#3768 = CARTESIAN_POINT('',(2.15,-2.275,0.625));
#3769 = LINE('',#3770,#3771);
#3770 = CARTESIAN_POINT('',(2.15,2.275,0.625));
#3771 = VECTOR('',#3772,1.);
#3772 = DIRECTION('',(1.110223024625E-16,-1.,0.));
#3773 = ORIENTED_EDGE('',*,*,#3774,.T.);
#3774 = EDGE_CURVE('',#3767,#3775,#3777,.T.);
#3775 = VERTEX_POINT('',#3776);
#3776 = CARTESIAN_POINT('',(2.070291289374,-2.235145644687,1.));
#3777 = B_SPLINE_CURVE_WITH_KNOTS('',1,(#3778,#3779),.UNSPECIFIED.,.F.,
  .F.,(2,2),(0.,1.),.PIECEWISE_BEZIER_KNOTS.);
#3778 = CARTESIAN_POINT('',(2.15,-2.275,0.625));
#3779 = CARTESIAN_POINT('',(2.070291289374,-2.235145644687,1.));
#3780 = ORIENTED_EDGE('',*,*,#3781,.F.);
#3781 = EDGE_CURVE('',#3640,#3775,#3782,.T.);
#3782 = LINE('',#3783,#3784);
#3783 = CARTESIAN_POINT('',(2.070291289374,2.235145644687,1.));
#3784 = VECTOR('',#3785,1.);
#3785 = DIRECTION('',(1.110223024625E-16,-1.,0.));
#3786 = ORIENTED_EDGE('',*,*,#3639,.F.);
#3787 = B_SPLINE_SURFACE_WITH_KNOTS('',1,1,(
    (#3788,#3789)
    ,(#3790,#3791
    )),.UNSPECIFIED.,.F.,.F.,.F.,(2,2),(2,2),(0.,4.55),(0.,1.),
  .PIECEWISE_BEZIER_KNOTS.);
#3788 = CARTESIAN_POINT('',(2.15,2.275,0.625));
#3789 = CARTESIAN_POINT('',(2.070291289374,2.235145644687,1.));
#3790 = CARTESIAN_POINT('',(2.15,-2.275,0.625));
#3791 = CARTESIAN_POINT('',(2.070291289374,-2.235145644687,1.));
#3792 = ADVANCED_FACE('',(#3793),#3825,.F.);
#3793 = FACE_BOUND('',#3794,.F.);
#3794 = EDGE_LOOP('',(#3795,#3803,#3811,#3817,#3823,#3824));
#3795 = ORIENTED_EDGE('',*,*,#3796,.F.);
#3796 = EDGE_CURVE('',#3797,#2357,#3799,.T.);
#3797 = VERTEX_POINT('',#3798);
#3798 = CARTESIAN_POINT('',(2.4,2.08,0.625));
#3799 = LINE('',#3800,#3801);
#3800 = CARTESIAN_POINT('',(2.4,2.08,0.625));
#3801 = VECTOR('',#3802,1.);
#3802 = DIRECTION('',(-1.,-1.110223024625E-16,0.));
#3803 = ORIENTED_EDGE('',*,*,#3804,.T.);
#3804 = EDGE_CURVE('',#3797,#3805,#3807,.T.);
#3805 = VERTEX_POINT('',#3806);
#3806 = CARTESIAN_POINT('',(2.4,1.82,0.625));
#3807 = LINE('',#3808,#3809);
#3808 = CARTESIAN_POINT('',(2.4,2.08,0.625));
#3809 = VECTOR('',#3810,1.);
#3810 = DIRECTION('',(1.110223024625E-16,-1.,0.));
#3811 = ORIENTED_EDGE('',*,*,#3812,.T.);
#3812 = EDGE_CURVE('',#3805,#2949,#3813,.T.);
#3813 = LINE('',#3814,#3815);
#3814 = CARTESIAN_POINT('',(2.4,1.82,0.625));
#3815 = VECTOR('',#3816,1.);
#3816 = DIRECTION('',(-1.,-1.110223024625E-16,0.));
#3817 = ORIENTED_EDGE('',*,*,#3818,.T.);
#3818 = EDGE_CURVE('',#2949,#3663,#3819,.T.);
#3819 = LINE('',#3820,#3821);
#3820 = CARTESIAN_POINT('',(2.4,1.82,0.625));
#3821 = VECTOR('',#3822,1.);
#3822 = DIRECTION('',(-1.,-1.110223024625E-16,0.));
#3823 = ORIENTED_EDGE('',*,*,#3662,.F.);
#3824 = ORIENTED_EDGE('',*,*,#2364,.F.);
#3825 = PLANE('',#3826);
#3826 = AXIS2_PLACEMENT_3D('',#3827,#3828,#3829);
#3827 = CARTESIAN_POINT('',(2.4,2.08,0.625));
#3828 = DIRECTION('',(0.,0.,-1.));
#3829 = DIRECTION('',(-1.,-1.110223024625E-16,-0.));
#3830 = ADVANCED_FACE('',(#3831),#3874,.F.);
#3831 = FACE_BOUND('',#3832,.F.);
#3832 = EDGE_LOOP('',(#3833,#3834,#3840,#3841,#3849,#3857,#3863,#3864,
    #3870,#3871,#3872,#3873));
#3833 = ORIENTED_EDGE('',*,*,#2466,.T.);
#3834 = ORIENTED_EDGE('',*,*,#3835,.T.);
#3835 = EDGE_CURVE('',#2459,#3461,#3836,.T.);
#3836 = LINE('',#3837,#3838);
#3837 = CARTESIAN_POINT('',(-2.4,-2.08,0.625));
#3838 = VECTOR('',#3839,1.);
#3839 = DIRECTION('',(1.,-1.144237745222E-17,0.));
#3840 = ORIENTED_EDGE('',*,*,#3458,.F.);
#3841 = ORIENTED_EDGE('',*,*,#3842,.F.);
#3842 = EDGE_CURVE('',#3843,#3459,#3845,.T.);
#3843 = VERTEX_POINT('',#3844);
#3844 = CARTESIAN_POINT('',(-1.975,-2.45,0.625));
#3845 = LINE('',#3846,#3847);
#3846 = CARTESIAN_POINT('',(-1.975,-2.45,0.625));
#3847 = VECTOR('',#3848,1.);
#3848 = DIRECTION('',(-0.707106781187,0.707106781187,0.));
#3849 = ORIENTED_EDGE('',*,*,#3850,.F.);
#3850 = EDGE_CURVE('',#3851,#3843,#3853,.T.);
#3851 = VERTEX_POINT('',#3852);
#3852 = CARTESIAN_POINT('',(1.975,-2.45,0.625));
#3853 = LINE('',#3854,#3855);
#3854 = CARTESIAN_POINT('',(1.975,-2.45,0.625));
#3855 = VECTOR('',#3856,1.);
#3856 = DIRECTION('',(-1.,-1.110223024625E-16,0.));
#3857 = ORIENTED_EDGE('',*,*,#3858,.F.);
#3858 = EDGE_CURVE('',#3767,#3851,#3859,.T.);
#3859 = LINE('',#3860,#3861);
#3860 = CARTESIAN_POINT('',(2.15,-2.275,0.625));
#3861 = VECTOR('',#3862,1.);
#3862 = DIRECTION('',(-0.707106781187,-0.707106781187,0.));
#3863 = ORIENTED_EDGE('',*,*,#3766,.F.);
#3864 = ORIENTED_EDGE('',*,*,#3865,.F.);
#3865 = EDGE_CURVE('',#3321,#3759,#3866,.T.);
#3866 = LINE('',#3867,#3868);
#3867 = CARTESIAN_POINT('',(2.4,-2.08,0.625));
#3868 = VECTOR('',#3869,1.);
#3869 = DIRECTION('',(-1.,-1.110223024625E-16,0.));
#3870 = ORIENTED_EDGE('',*,*,#3336,.T.);
#3871 = ORIENTED_EDGE('',*,*,#3381,.T.);
#3872 = ORIENTED_EDGE('',*,*,#3398,.T.);
#3873 = ORIENTED_EDGE('',*,*,#3352,.T.);
#3874 = PLANE('',#3875);
#3875 = AXIS2_PLACEMENT_3D('',#3876,#3877,#3878);
#3876 = CARTESIAN_POINT('',(-3.188450421961E-18,2.475,0.625));
#3877 = DIRECTION('',(0.,0.,-1.));
#3878 = DIRECTION('',(1.,1.111674977262E-16,0.));
#3879 = ADVANCED_FACE('',(#3880),#3966,.F.);
#3880 = FACE_BOUND('',#3881,.F.);
#3881 = EDGE_LOOP('',(#3882,#3883,#3884,#3893,#3901,#3910,#3918,#3926,
    #3934,#3943,#3951,#3960));
#3882 = ORIENTED_EDGE('',*,*,#2458,.F.);
#3883 = ORIENTED_EDGE('',*,*,#2480,.T.);
#3884 = ORIENTED_EDGE('',*,*,#3885,.T.);
#3885 = EDGE_CURVE('',#2481,#3886,#3888,.T.);
#3886 = VERTEX_POINT('',#3887);
#3887 = CARTESIAN_POINT('',(-2.498480775301,-2.08,0.392364817767));
#3888 = CIRCLE('',#3889,0.1);
#3889 = AXIS2_PLACEMENT_3D('',#3890,#3891,#3892);
#3890 = CARTESIAN_POINT('',(-2.4,-2.08,0.375));
#3891 = DIRECTION('',(-1.144237745222E-17,-1.,4.379057701015E-47));
#3892 = DIRECTION('',(-4.440892098501E-15,5.081436361563E-32,1.));
#3893 = ORIENTED_EDGE('',*,*,#3894,.T.);
#3894 = EDGE_CURVE('',#3886,#3895,#3897,.T.);
#3895 = VERTEX_POINT('',#3896);
#3896 = CARTESIAN_POINT('',(-2.525838934336,-2.08,0.206587955583));
#3897 = LINE('',#3898,#3899);
#3898 = CARTESIAN_POINT('',(-2.498480775301,-2.08,0.392364817767));
#3899 = VECTOR('',#3900,1.);
#3900 = DIRECTION('',(-0.145692235845,1.667065554401E-18,-0.989329961345
    ));
#3901 = ORIENTED_EDGE('',*,*,#3902,.T.);
#3902 = EDGE_CURVE('',#3895,#3903,#3905,.T.);
#3903 = VERTEX_POINT('',#3904);
#3904 = CARTESIAN_POINT('',(-2.772040872589,-2.08,-5.551115123126E-17));
#3905 = CIRCLE('',#3906,0.25);
#3906 = AXIS2_PLACEMENT_3D('',#3907,#3908,#3909);
#3907 = CARTESIAN_POINT('',(-2.772040872589,-2.08,0.25));
#3908 = DIRECTION('',(1.144237745222E-17,1.,3.08148791102E-33));
#3909 = DIRECTION('',(0.984807753012,-1.126854202784E-17,-0.173648177667
    ));
#3910 = ORIENTED_EDGE('',*,*,#3911,.T.);
#3911 = EDGE_CURVE('',#3903,#3912,#3914,.T.);
#3912 = VERTEX_POINT('',#3913);
#3913 = CARTESIAN_POINT('',(-3.2,-2.08,-5.551115123126E-17));
#3914 = LINE('',#3915,#3916);
#3915 = CARTESIAN_POINT('',(-2.772040872589,-2.08,-5.551115123126E-17));
#3916 = VECTOR('',#3917,1.);
#3917 = DIRECTION('',(-1.,1.144237745222E-17,0.));
#3918 = ORIENTED_EDGE('',*,*,#3919,.T.);
#3919 = EDGE_CURVE('',#3912,#3920,#3922,.T.);
#3920 = VERTEX_POINT('',#3921);
#3921 = CARTESIAN_POINT('',(-3.2,-2.08,0.15));
#3922 = LINE('',#3923,#3924);
#3923 = CARTESIAN_POINT('',(-3.2,-2.08,-5.551115123126E-17));
#3924 = VECTOR('',#3925,1.);
#3925 = DIRECTION('',(0.,0.,1.));
#3926 = ORIENTED_EDGE('',*,*,#3927,.T.);
#3927 = EDGE_CURVE('',#3920,#3928,#3930,.T.);
#3928 = VERTEX_POINT('',#3929);
#3929 = CARTESIAN_POINT('',(-2.772040872589,-2.08,0.15));
#3930 = LINE('',#3931,#3932);
#3931 = CARTESIAN_POINT('',(-3.2,-2.08,0.15));
#3932 = VECTOR('',#3933,1.);
#3933 = DIRECTION('',(1.,-1.144237745222E-17,0.));
#3934 = ORIENTED_EDGE('',*,*,#3935,.T.);
#3935 = EDGE_CURVE('',#3928,#3936,#3938,.T.);
#3936 = VERTEX_POINT('',#3937);
#3937 = CARTESIAN_POINT('',(-2.673560097287,-2.08,0.232635182233));
#3938 = CIRCLE('',#3939,0.1);
#3939 = AXIS2_PLACEMENT_3D('',#3940,#3941,#3942);
#3940 = CARTESIAN_POINT('',(-2.772040872589,-2.08,0.25));
#3941 = DIRECTION('',(-1.144237745222E-17,-1.,-0.));
#3942 = DIRECTION('',(0.,0.,-1.));
#3943 = ORIENTED_EDGE('',*,*,#3944,.T.);
#3944 = EDGE_CURVE('',#3936,#3945,#3947,.T.);
#3945 = VERTEX_POINT('',#3946);
#3946 = CARTESIAN_POINT('',(-2.646201938253,-2.08,0.418412044417));
#3947 = LINE('',#3948,#3949);
#3948 = CARTESIAN_POINT('',(-2.673560097287,-2.08,0.232635182233));
#3949 = VECTOR('',#3950,1.);
#3950 = DIRECTION('',(0.145692235845,-1.667065554401E-18,0.989329961345)
  );
#3951 = ORIENTED_EDGE('',*,*,#3952,.T.);
#3952 = EDGE_CURVE('',#3945,#3953,#3955,.T.);
#3953 = VERTEX_POINT('',#3954);
#3954 = CARTESIAN_POINT('',(-2.4,-2.08,0.625));
#3955 = CIRCLE('',#3956,0.25);
#3956 = AXIS2_PLACEMENT_3D('',#3957,#3958,#3959);
#3957 = CARTESIAN_POINT('',(-2.4,-2.08,0.375));
#3958 = DIRECTION('',(1.144237745222E-17,1.,-3.851859888774E-34));
#3959 = DIRECTION('',(-0.984807753012,1.126854202784E-17,0.173648177667)
  );
#3960 = ORIENTED_EDGE('',*,*,#3961,.T.);
#3961 = EDGE_CURVE('',#3953,#2459,#3962,.T.);
#3962 = LINE('',#3963,#3964);
#3963 = CARTESIAN_POINT('',(-2.4,-2.08,0.625));
#3964 = VECTOR('',#3965,1.);
#3965 = DIRECTION('',(1.,-1.144237745222E-17,0.));
#3966 = PLANE('',#3967);
#3967 = AXIS2_PLACEMENT_3D('',#3968,#3969,#3970);
#3968 = CARTESIAN_POINT('',(-2.637615762047,-2.08,0.292893776214));
#3969 = DIRECTION('',(1.144237745222E-17,1.,0.));
#3970 = DIRECTION('',(0.,-0.,1.));
#3971 = ADVANCED_FACE('',(#3972),#3991,.F.);
#3972 = FACE_BOUND('',#3973,.F.);
#3973 = EDGE_LOOP('',(#3974,#3975,#3984,#3990));
#3974 = ORIENTED_EDGE('',*,*,#2497,.T.);
#3975 = ORIENTED_EDGE('',*,*,#3976,.T.);
#3976 = EDGE_CURVE('',#2490,#3977,#3979,.T.);
#3977 = VERTEX_POINT('',#3978);
#3978 = CARTESIAN_POINT('',(-2.498480775301,-1.82,0.392364817767));
#3979 = CIRCLE('',#3980,0.1);
#3980 = AXIS2_PLACEMENT_3D('',#3981,#3982,#3983);
#3981 = CARTESIAN_POINT('',(-2.4,-1.82,0.375));
#3982 = DIRECTION('',(-1.144237745222E-17,-1.,4.379057701015E-47));
#3983 = DIRECTION('',(-4.440892098501E-15,5.081436361563E-32,1.));
#3984 = ORIENTED_EDGE('',*,*,#3985,.F.);
#3985 = EDGE_CURVE('',#3886,#3977,#3986,.T.);
#3986 = LINE('',#3987,#3988);
#3987 = CARTESIAN_POINT('',(-2.498480775301,-2.08,0.392364817767));
#3988 = VECTOR('',#3989,1.);
#3989 = DIRECTION('',(1.144237745222E-17,1.,0.));
#3990 = ORIENTED_EDGE('',*,*,#3885,.F.);
#3991 = CYLINDRICAL_SURFACE('',#3992,0.1);
#3992 = AXIS2_PLACEMENT_3D('',#3993,#3994,#3995);
#3993 = CARTESIAN_POINT('',(-2.4,-2.08,0.375));
#3994 = DIRECTION('',(-1.144237745222E-17,-1.,0.));
#3995 = DIRECTION('',(-4.440892098501E-15,5.081436361563E-32,1.));
#3996 = ADVANCED_FACE('',(#3997),#4075,.T.);
#3997 = FACE_BOUND('',#3998,.T.);
#3998 = EDGE_LOOP('',(#3999,#4000,#4001,#4002,#4010,#4019,#4027,#4035,
    #4043,#4052,#4060,#4069));
#3999 = ORIENTED_EDGE('',*,*,#2511,.F.);
#4000 = ORIENTED_EDGE('',*,*,#2489,.T.);
#4001 = ORIENTED_EDGE('',*,*,#3976,.T.);
#4002 = ORIENTED_EDGE('',*,*,#4003,.T.);
#4003 = EDGE_CURVE('',#3977,#4004,#4006,.T.);
#4004 = VERTEX_POINT('',#4005);
#4005 = CARTESIAN_POINT('',(-2.525838934336,-1.82,0.206587955583));
#4006 = LINE('',#4007,#4008);
#4007 = CARTESIAN_POINT('',(-2.498480775301,-1.82,0.392364817767));
#4008 = VECTOR('',#4009,1.);
#4009 = DIRECTION('',(-0.145692235845,1.667065554401E-18,-0.989329961345
    ));
#4010 = ORIENTED_EDGE('',*,*,#4011,.T.);
#4011 = EDGE_CURVE('',#4004,#4012,#4014,.T.);
#4012 = VERTEX_POINT('',#4013);
#4013 = CARTESIAN_POINT('',(-2.772040872589,-1.82,-5.551115123126E-17));
#4014 = CIRCLE('',#4015,0.25);
#4015 = AXIS2_PLACEMENT_3D('',#4016,#4017,#4018);
#4016 = CARTESIAN_POINT('',(-2.772040872589,-1.82,0.25));
#4017 = DIRECTION('',(1.144237745222E-17,1.,3.08148791102E-33));
#4018 = DIRECTION('',(0.984807753012,-1.126854202784E-17,-0.173648177667
    ));
#4019 = ORIENTED_EDGE('',*,*,#4020,.T.);
#4020 = EDGE_CURVE('',#4012,#4021,#4023,.T.);
#4021 = VERTEX_POINT('',#4022);
#4022 = CARTESIAN_POINT('',(-3.2,-1.82,-5.551115123126E-17));
#4023 = LINE('',#4024,#4025);
#4024 = CARTESIAN_POINT('',(-2.772040872589,-1.82,-5.551115123126E-17));
#4025 = VECTOR('',#4026,1.);
#4026 = DIRECTION('',(-1.,1.144237745222E-17,0.));
#4027 = ORIENTED_EDGE('',*,*,#4028,.T.);
#4028 = EDGE_CURVE('',#4021,#4029,#4031,.T.);
#4029 = VERTEX_POINT('',#4030);
#4030 = CARTESIAN_POINT('',(-3.2,-1.82,0.15));
#4031 = LINE('',#4032,#4033);
#4032 = CARTESIAN_POINT('',(-3.2,-1.82,-5.551115123126E-17));
#4033 = VECTOR('',#4034,1.);
#4034 = DIRECTION('',(0.,0.,1.));
#4035 = ORIENTED_EDGE('',*,*,#4036,.T.);
#4036 = EDGE_CURVE('',#4029,#4037,#4039,.T.);
#4037 = VERTEX_POINT('',#4038);
#4038 = CARTESIAN_POINT('',(-2.772040872589,-1.82,0.15));
#4039 = LINE('',#4040,#4041);
#4040 = CARTESIAN_POINT('',(-3.2,-1.82,0.15));
#4041 = VECTOR('',#4042,1.);
#4042 = DIRECTION('',(1.,-1.144237745222E-17,0.));
#4043 = ORIENTED_EDGE('',*,*,#4044,.T.);
#4044 = EDGE_CURVE('',#4037,#4045,#4047,.T.);
#4045 = VERTEX_POINT('',#4046);
#4046 = CARTESIAN_POINT('',(-2.673560097287,-1.82,0.232635182233));
#4047 = CIRCLE('',#4048,0.1);
#4048 = AXIS2_PLACEMENT_3D('',#4049,#4050,#4051);
#4049 = CARTESIAN_POINT('',(-2.772040872589,-1.82,0.25));
#4050 = DIRECTION('',(-1.144237745222E-17,-1.,-0.));
#4051 = DIRECTION('',(0.,0.,-1.));
#4052 = ORIENTED_EDGE('',*,*,#4053,.T.);
#4053 = EDGE_CURVE('',#4045,#4054,#4056,.T.);
#4054 = VERTEX_POINT('',#4055);
#4055 = CARTESIAN_POINT('',(-2.646201938253,-1.82,0.418412044417));
#4056 = LINE('',#4057,#4058);
#4057 = CARTESIAN_POINT('',(-2.673560097287,-1.82,0.232635182233));
#4058 = VECTOR('',#4059,1.);
#4059 = DIRECTION('',(0.145692235845,-1.667065554401E-18,0.989329961345)
  );
#4060 = ORIENTED_EDGE('',*,*,#4061,.T.);
#4061 = EDGE_CURVE('',#4054,#4062,#4064,.T.);
#4062 = VERTEX_POINT('',#4063);
#4063 = CARTESIAN_POINT('',(-2.4,-1.82,0.625));
#4064 = CIRCLE('',#4065,0.25);
#4065 = AXIS2_PLACEMENT_3D('',#4066,#4067,#4068);
#4066 = CARTESIAN_POINT('',(-2.4,-1.82,0.375));
#4067 = DIRECTION('',(1.144237745222E-17,1.,-3.851859888774E-34));
#4068 = DIRECTION('',(-0.984807753012,1.126854202784E-17,0.173648177667)
  );
#4069 = ORIENTED_EDGE('',*,*,#4070,.T.);
#4070 = EDGE_CURVE('',#4062,#2512,#4071,.T.);
#4071 = LINE('',#4072,#4073);
#4072 = CARTESIAN_POINT('',(-2.4,-1.82,0.625));
#4073 = VECTOR('',#4074,1.);
#4074 = DIRECTION('',(1.,-1.144237745222E-17,0.));
#4075 = PLANE('',#4076);
#4076 = AXIS2_PLACEMENT_3D('',#4077,#4078,#4079);
#4077 = CARTESIAN_POINT('',(-2.637615762047,-1.82,0.292893776214));
#4078 = DIRECTION('',(1.144237745222E-17,1.,0.));
#4079 = DIRECTION('',(0.,-0.,1.));
#4080 = ADVANCED_FACE('',(#4081),#4097,.F.);
#4081 = FACE_BOUND('',#4082,.F.);
#4082 = EDGE_LOOP('',(#4083,#4084,#4090,#4091));
#4083 = ORIENTED_EDGE('',*,*,#2528,.T.);
#4084 = ORIENTED_EDGE('',*,*,#4085,.T.);
#4085 = EDGE_CURVE('',#2521,#3477,#4086,.T.);
#4086 = LINE('',#4087,#4088);
#4087 = CARTESIAN_POINT('',(-2.4,-1.43,0.625));
#4088 = VECTOR('',#4089,1.);
#4089 = DIRECTION('',(1.,-1.144237745222E-17,0.));
#4090 = ORIENTED_EDGE('',*,*,#3476,.F.);
#4091 = ORIENTED_EDGE('',*,*,#4092,.F.);
#4092 = EDGE_CURVE('',#2512,#3469,#4093,.T.);
#4093 = LINE('',#4094,#4095);
#4094 = CARTESIAN_POINT('',(-2.4,-1.82,0.625));
#4095 = VECTOR('',#4096,1.);
#4096 = DIRECTION('',(1.,-1.144237745222E-17,0.));
#4097 = PLANE('',#4098);
#4098 = AXIS2_PLACEMENT_3D('',#4099,#4100,#4101);
#4099 = CARTESIAN_POINT('',(-3.188450421961E-18,2.475,0.625));
#4100 = DIRECTION('',(0.,0.,-1.));
#4101 = DIRECTION('',(1.,1.111674977262E-16,0.));
#4102 = ADVANCED_FACE('',(#4103),#4189,.F.);
#4103 = FACE_BOUND('',#4104,.F.);
#4104 = EDGE_LOOP('',(#4105,#4106,#4107,#4116,#4124,#4133,#4141,#4149,
    #4157,#4166,#4174,#4183));
#4105 = ORIENTED_EDGE('',*,*,#2520,.F.);
#4106 = ORIENTED_EDGE('',*,*,#2542,.T.);
#4107 = ORIENTED_EDGE('',*,*,#4108,.T.);
#4108 = EDGE_CURVE('',#2543,#4109,#4111,.T.);
#4109 = VERTEX_POINT('',#4110);
#4110 = CARTESIAN_POINT('',(-2.498480775301,-1.43,0.392364817767));
#4111 = CIRCLE('',#4112,0.1);
#4112 = AXIS2_PLACEMENT_3D('',#4113,#4114,#4115);
#4113 = CARTESIAN_POINT('',(-2.4,-1.43,0.375));
#4114 = DIRECTION('',(-1.144237745222E-17,-1.,4.379057701015E-47));
#4115 = DIRECTION('',(-4.440892098501E-15,5.081436361563E-32,1.));
#4116 = ORIENTED_EDGE('',*,*,#4117,.T.);
#4117 = EDGE_CURVE('',#4109,#4118,#4120,.T.);
#4118 = VERTEX_POINT('',#4119);
#4119 = CARTESIAN_POINT('',(-2.525838934336,-1.43,0.206587955583));
#4120 = LINE('',#4121,#4122);
#4121 = CARTESIAN_POINT('',(-2.498480775301,-1.43,0.392364817767));
#4122 = VECTOR('',#4123,1.);
#4123 = DIRECTION('',(-0.145692235845,1.667065554401E-18,-0.989329961345
    ));
#4124 = ORIENTED_EDGE('',*,*,#4125,.T.);
#4125 = EDGE_CURVE('',#4118,#4126,#4128,.T.);
#4126 = VERTEX_POINT('',#4127);
#4127 = CARTESIAN_POINT('',(-2.772040872589,-1.43,-5.551115123126E-17));
#4128 = CIRCLE('',#4129,0.25);
#4129 = AXIS2_PLACEMENT_3D('',#4130,#4131,#4132);
#4130 = CARTESIAN_POINT('',(-2.772040872589,-1.43,0.25));
#4131 = DIRECTION('',(1.144237745222E-17,1.,3.08148791102E-33));
#4132 = DIRECTION('',(0.984807753012,-1.126854202784E-17,-0.173648177667
    ));
#4133 = ORIENTED_EDGE('',*,*,#4134,.T.);
#4134 = EDGE_CURVE('',#4126,#4135,#4137,.T.);
#4135 = VERTEX_POINT('',#4136);
#4136 = CARTESIAN_POINT('',(-3.2,-1.43,-5.551115123126E-17));
#4137 = LINE('',#4138,#4139);
#4138 = CARTESIAN_POINT('',(-2.772040872589,-1.43,-5.551115123126E-17));
#4139 = VECTOR('',#4140,1.);
#4140 = DIRECTION('',(-1.,1.144237745222E-17,0.));
#4141 = ORIENTED_EDGE('',*,*,#4142,.T.);
#4142 = EDGE_CURVE('',#4135,#4143,#4145,.T.);
#4143 = VERTEX_POINT('',#4144);
#4144 = CARTESIAN_POINT('',(-3.2,-1.43,0.15));
#4145 = LINE('',#4146,#4147);
#4146 = CARTESIAN_POINT('',(-3.2,-1.43,-5.551115123126E-17));
#4147 = VECTOR('',#4148,1.);
#4148 = DIRECTION('',(0.,0.,1.));
#4149 = ORIENTED_EDGE('',*,*,#4150,.T.);
#4150 = EDGE_CURVE('',#4143,#4151,#4153,.T.);
#4151 = VERTEX_POINT('',#4152);
#4152 = CARTESIAN_POINT('',(-2.772040872589,-1.43,0.15));
#4153 = LINE('',#4154,#4155);
#4154 = CARTESIAN_POINT('',(-3.2,-1.43,0.15));
#4155 = VECTOR('',#4156,1.);
#4156 = DIRECTION('',(1.,-1.144237745222E-17,0.));
#4157 = ORIENTED_EDGE('',*,*,#4158,.T.);
#4158 = EDGE_CURVE('',#4151,#4159,#4161,.T.);
#4159 = VERTEX_POINT('',#4160);
#4160 = CARTESIAN_POINT('',(-2.673560097287,-1.43,0.232635182233));
#4161 = CIRCLE('',#4162,0.1);
#4162 = AXIS2_PLACEMENT_3D('',#4163,#4164,#4165);
#4163 = CARTESIAN_POINT('',(-2.772040872589,-1.43,0.25));
#4164 = DIRECTION('',(-1.144237745222E-17,-1.,-0.));
#4165 = DIRECTION('',(0.,0.,-1.));
#4166 = ORIENTED_EDGE('',*,*,#4167,.T.);
#4167 = EDGE_CURVE('',#4159,#4168,#4170,.T.);
#4168 = VERTEX_POINT('',#4169);
#4169 = CARTESIAN_POINT('',(-2.646201938253,-1.43,0.418412044417));
#4170 = LINE('',#4171,#4172);
#4171 = CARTESIAN_POINT('',(-2.673560097287,-1.43,0.232635182233));
#4172 = VECTOR('',#4173,1.);
#4173 = DIRECTION('',(0.145692235845,-1.667065554401E-18,0.989329961345)
  );
#4174 = ORIENTED_EDGE('',*,*,#4175,.T.);
#4175 = EDGE_CURVE('',#4168,#4176,#4178,.T.);
#4176 = VERTEX_POINT('',#4177);
#4177 = CARTESIAN_POINT('',(-2.4,-1.43,0.625));
#4178 = CIRCLE('',#4179,0.25);
#4179 = AXIS2_PLACEMENT_3D('',#4180,#4181,#4182);
#4180 = CARTESIAN_POINT('',(-2.4,-1.43,0.375));
#4181 = DIRECTION('',(1.144237745222E-17,1.,-3.851859888774E-34));
#4182 = DIRECTION('',(-0.984807753012,1.126854202784E-17,0.173648177667)
  );
#4183 = ORIENTED_EDGE('',*,*,#4184,.T.);
#4184 = EDGE_CURVE('',#4176,#2521,#4185,.T.);
#4185 = LINE('',#4186,#4187);
#4186 = CARTESIAN_POINT('',(-2.4,-1.43,0.625));
#4187 = VECTOR('',#4188,1.);
#4188 = DIRECTION('',(1.,-1.144237745222E-17,0.));
#4189 = PLANE('',#4190);
#4190 = AXIS2_PLACEMENT_3D('',#4191,#4192,#4193);
#4191 = CARTESIAN_POINT('',(-2.637615762047,-1.43,0.292893776214));
#4192 = DIRECTION('',(1.144237745222E-17,1.,0.));
#4193 = DIRECTION('',(0.,-0.,1.));
#4194 = ADVANCED_FACE('',(#4195),#4214,.F.);
#4195 = FACE_BOUND('',#4196,.F.);
#4196 = EDGE_LOOP('',(#4197,#4198,#4207,#4213));
#4197 = ORIENTED_EDGE('',*,*,#2559,.T.);
#4198 = ORIENTED_EDGE('',*,*,#4199,.T.);
#4199 = EDGE_CURVE('',#2552,#4200,#4202,.T.);
#4200 = VERTEX_POINT('',#4201);
#4201 = CARTESIAN_POINT('',(-2.498480775301,-1.17,0.392364817767));
#4202 = CIRCLE('',#4203,0.1);
#4203 = AXIS2_PLACEMENT_3D('',#4204,#4205,#4206);
#4204 = CARTESIAN_POINT('',(-2.4,-1.17,0.375));
#4205 = DIRECTION('',(-1.144237745222E-17,-1.,4.379057701015E-47));
#4206 = DIRECTION('',(-4.440892098501E-15,5.081436361563E-32,1.));
#4207 = ORIENTED_EDGE('',*,*,#4208,.F.);
#4208 = EDGE_CURVE('',#4109,#4200,#4209,.T.);
#4209 = LINE('',#4210,#4211);
#4210 = CARTESIAN_POINT('',(-2.498480775301,-1.43,0.392364817767));
#4211 = VECTOR('',#4212,1.);
#4212 = DIRECTION('',(1.144237745222E-17,1.,0.));
#4213 = ORIENTED_EDGE('',*,*,#4108,.F.);
#4214 = CYLINDRICAL_SURFACE('',#4215,0.1);
#4215 = AXIS2_PLACEMENT_3D('',#4216,#4217,#4218);
#4216 = CARTESIAN_POINT('',(-2.4,-1.43,0.375));
#4217 = DIRECTION('',(-1.144237745222E-17,-1.,0.));
#4218 = DIRECTION('',(-4.440892098501E-15,5.081436361563E-32,1.));
#4219 = ADVANCED_FACE('',(#4220),#4298,.T.);
#4220 = FACE_BOUND('',#4221,.T.);
#4221 = EDGE_LOOP('',(#4222,#4223,#4224,#4225,#4233,#4242,#4250,#4258,
    #4266,#4275,#4283,#4292));
#4222 = ORIENTED_EDGE('',*,*,#2573,.F.);
#4223 = ORIENTED_EDGE('',*,*,#2551,.T.);
#4224 = ORIENTED_EDGE('',*,*,#4199,.T.);
#4225 = ORIENTED_EDGE('',*,*,#4226,.T.);
#4226 = EDGE_CURVE('',#4200,#4227,#4229,.T.);
#4227 = VERTEX_POINT('',#4228);
#4228 = CARTESIAN_POINT('',(-2.525838934336,-1.17,0.206587955583));
#4229 = LINE('',#4230,#4231);
#4230 = CARTESIAN_POINT('',(-2.498480775301,-1.17,0.392364817767));
#4231 = VECTOR('',#4232,1.);
#4232 = DIRECTION('',(-0.145692235845,1.667065554401E-18,-0.989329961345
    ));
#4233 = ORIENTED_EDGE('',*,*,#4234,.T.);
#4234 = EDGE_CURVE('',#4227,#4235,#4237,.T.);
#4235 = VERTEX_POINT('',#4236);
#4236 = CARTESIAN_POINT('',(-2.772040872589,-1.17,-5.551115123126E-17));
#4237 = CIRCLE('',#4238,0.25);
#4238 = AXIS2_PLACEMENT_3D('',#4239,#4240,#4241);
#4239 = CARTESIAN_POINT('',(-2.772040872589,-1.17,0.25));
#4240 = DIRECTION('',(1.144237745222E-17,1.,3.08148791102E-33));
#4241 = DIRECTION('',(0.984807753012,-1.126854202784E-17,-0.173648177667
    ));
#4242 = ORIENTED_EDGE('',*,*,#4243,.T.);
#4243 = EDGE_CURVE('',#4235,#4244,#4246,.T.);
#4244 = VERTEX_POINT('',#4245);
#4245 = CARTESIAN_POINT('',(-3.2,-1.17,-5.551115123126E-17));
#4246 = LINE('',#4247,#4248);
#4247 = CARTESIAN_POINT('',(-2.772040872589,-1.17,-5.551115123126E-17));
#4248 = VECTOR('',#4249,1.);
#4249 = DIRECTION('',(-1.,1.144237745222E-17,0.));
#4250 = ORIENTED_EDGE('',*,*,#4251,.T.);
#4251 = EDGE_CURVE('',#4244,#4252,#4254,.T.);
#4252 = VERTEX_POINT('',#4253);
#4253 = CARTESIAN_POINT('',(-3.2,-1.17,0.15));
#4254 = LINE('',#4255,#4256);
#4255 = CARTESIAN_POINT('',(-3.2,-1.17,-5.551115123126E-17));
#4256 = VECTOR('',#4257,1.);
#4257 = DIRECTION('',(0.,0.,1.));
#4258 = ORIENTED_EDGE('',*,*,#4259,.T.);
#4259 = EDGE_CURVE('',#4252,#4260,#4262,.T.);
#4260 = VERTEX_POINT('',#4261);
#4261 = CARTESIAN_POINT('',(-2.772040872589,-1.17,0.15));
#4262 = LINE('',#4263,#4264);
#4263 = CARTESIAN_POINT('',(-3.2,-1.17,0.15));
#4264 = VECTOR('',#4265,1.);
#4265 = DIRECTION('',(1.,-1.144237745222E-17,0.));
#4266 = ORIENTED_EDGE('',*,*,#4267,.T.);
#4267 = EDGE_CURVE('',#4260,#4268,#4270,.T.);
#4268 = VERTEX_POINT('',#4269);
#4269 = CARTESIAN_POINT('',(-2.673560097287,-1.17,0.232635182233));
#4270 = CIRCLE('',#4271,0.1);
#4271 = AXIS2_PLACEMENT_3D('',#4272,#4273,#4274);
#4272 = CARTESIAN_POINT('',(-2.772040872589,-1.17,0.25));
#4273 = DIRECTION('',(-1.144237745222E-17,-1.,-0.));
#4274 = DIRECTION('',(0.,0.,-1.));
#4275 = ORIENTED_EDGE('',*,*,#4276,.T.);
#4276 = EDGE_CURVE('',#4268,#4277,#4279,.T.);
#4277 = VERTEX_POINT('',#4278);
#4278 = CARTESIAN_POINT('',(-2.646201938253,-1.17,0.418412044417));
#4279 = LINE('',#4280,#4281);
#4280 = CARTESIAN_POINT('',(-2.673560097287,-1.17,0.232635182233));
#4281 = VECTOR('',#4282,1.);
#4282 = DIRECTION('',(0.145692235845,-1.667065554401E-18,0.989329961345)
  );
#4283 = ORIENTED_EDGE('',*,*,#4284,.T.);
#4284 = EDGE_CURVE('',#4277,#4285,#4287,.T.);
#4285 = VERTEX_POINT('',#4286);
#4286 = CARTESIAN_POINT('',(-2.4,-1.17,0.625));
#4287 = CIRCLE('',#4288,0.25);
#4288 = AXIS2_PLACEMENT_3D('',#4289,#4290,#4291);
#4289 = CARTESIAN_POINT('',(-2.4,-1.17,0.375));
#4290 = DIRECTION('',(1.144237745222E-17,1.,-3.851859888774E-34));
#4291 = DIRECTION('',(-0.984807753012,1.126854202784E-17,0.173648177667)
  );
#4292 = ORIENTED_EDGE('',*,*,#4293,.T.);
#4293 = EDGE_CURVE('',#4285,#2574,#4294,.T.);
#4294 = LINE('',#4295,#4296);
#4295 = CARTESIAN_POINT('',(-2.4,-1.17,0.625));
#4296 = VECTOR('',#4297,1.);
#4297 = DIRECTION('',(1.,-1.144237745222E-17,0.));
#4298 = PLANE('',#4299);
#4299 = AXIS2_PLACEMENT_3D('',#4300,#4301,#4302);
#4300 = CARTESIAN_POINT('',(-2.637615762047,-1.17,0.292893776214));
#4301 = DIRECTION('',(1.144237745222E-17,1.,0.));
#4302 = DIRECTION('',(0.,-0.,1.));
#4303 = ADVANCED_FACE('',(#4304),#4320,.F.);
#4304 = FACE_BOUND('',#4305,.F.);
#4305 = EDGE_LOOP('',(#4306,#4307,#4313,#4314));
#4306 = ORIENTED_EDGE('',*,*,#2590,.T.);
#4307 = ORIENTED_EDGE('',*,*,#4308,.T.);
#4308 = EDGE_CURVE('',#2583,#3493,#4309,.T.);
#4309 = LINE('',#4310,#4311);
#4310 = CARTESIAN_POINT('',(-2.4,-0.78,0.625));
#4311 = VECTOR('',#4312,1.);
#4312 = DIRECTION('',(1.,-1.144237745222E-17,0.));
#4313 = ORIENTED_EDGE('',*,*,#3492,.F.);
#4314 = ORIENTED_EDGE('',*,*,#4315,.F.);
#4315 = EDGE_CURVE('',#2574,#3485,#4316,.T.);
#4316 = LINE('',#4317,#4318);
#4317 = CARTESIAN_POINT('',(-2.4,-1.17,0.625));
#4318 = VECTOR('',#4319,1.);
#4319 = DIRECTION('',(1.,-1.144237745222E-17,0.));
#4320 = PLANE('',#4321);
#4321 = AXIS2_PLACEMENT_3D('',#4322,#4323,#4324);
#4322 = CARTESIAN_POINT('',(-3.188450421961E-18,2.475,0.625));
#4323 = DIRECTION('',(0.,0.,-1.));
#4324 = DIRECTION('',(1.,1.111674977262E-16,0.));
#4325 = ADVANCED_FACE('',(#4326),#4412,.F.);
#4326 = FACE_BOUND('',#4327,.F.);
#4327 = EDGE_LOOP('',(#4328,#4329,#4330,#4339,#4347,#4356,#4364,#4372,
    #4380,#4389,#4397,#4406));
#4328 = ORIENTED_EDGE('',*,*,#2582,.F.);
#4329 = ORIENTED_EDGE('',*,*,#2604,.T.);
#4330 = ORIENTED_EDGE('',*,*,#4331,.T.);
#4331 = EDGE_CURVE('',#2605,#4332,#4334,.T.);
#4332 = VERTEX_POINT('',#4333);
#4333 = CARTESIAN_POINT('',(-2.498480775301,-0.78,0.392364817767));
#4334 = CIRCLE('',#4335,0.1);
#4335 = AXIS2_PLACEMENT_3D('',#4336,#4337,#4338);
#4336 = CARTESIAN_POINT('',(-2.4,-0.78,0.375));
#4337 = DIRECTION('',(-1.144237745222E-17,-1.,4.379057701015E-47));
#4338 = DIRECTION('',(-4.440892098501E-15,5.081436361563E-32,1.));
#4339 = ORIENTED_EDGE('',*,*,#4340,.T.);
#4340 = EDGE_CURVE('',#4332,#4341,#4343,.T.);
#4341 = VERTEX_POINT('',#4342);
#4342 = CARTESIAN_POINT('',(-2.525838934336,-0.78,0.206587955583));
#4343 = LINE('',#4344,#4345);
#4344 = CARTESIAN_POINT('',(-2.498480775301,-0.78,0.392364817767));
#4345 = VECTOR('',#4346,1.);
#4346 = DIRECTION('',(-0.145692235845,1.667065554401E-18,-0.989329961345
    ));
#4347 = ORIENTED_EDGE('',*,*,#4348,.T.);
#4348 = EDGE_CURVE('',#4341,#4349,#4351,.T.);
#4349 = VERTEX_POINT('',#4350);
#4350 = CARTESIAN_POINT('',(-2.772040872589,-0.78,-5.551115123126E-17));
#4351 = CIRCLE('',#4352,0.25);
#4352 = AXIS2_PLACEMENT_3D('',#4353,#4354,#4355);
#4353 = CARTESIAN_POINT('',(-2.772040872589,-0.78,0.25));
#4354 = DIRECTION('',(1.144237745222E-17,1.,3.08148791102E-33));
#4355 = DIRECTION('',(0.984807753012,-1.126854202784E-17,-0.173648177667
    ));
#4356 = ORIENTED_EDGE('',*,*,#4357,.T.);
#4357 = EDGE_CURVE('',#4349,#4358,#4360,.T.);
#4358 = VERTEX_POINT('',#4359);
#4359 = CARTESIAN_POINT('',(-3.2,-0.78,-5.551115123126E-17));
#4360 = LINE('',#4361,#4362);
#4361 = CARTESIAN_POINT('',(-2.772040872589,-0.78,-5.551115123126E-17));
#4362 = VECTOR('',#4363,1.);
#4363 = DIRECTION('',(-1.,1.144237745222E-17,0.));
#4364 = ORIENTED_EDGE('',*,*,#4365,.T.);
#4365 = EDGE_CURVE('',#4358,#4366,#4368,.T.);
#4366 = VERTEX_POINT('',#4367);
#4367 = CARTESIAN_POINT('',(-3.2,-0.78,0.15));
#4368 = LINE('',#4369,#4370);
#4369 = CARTESIAN_POINT('',(-3.2,-0.78,-5.551115123126E-17));
#4370 = VECTOR('',#4371,1.);
#4371 = DIRECTION('',(0.,0.,1.));
#4372 = ORIENTED_EDGE('',*,*,#4373,.T.);
#4373 = EDGE_CURVE('',#4366,#4374,#4376,.T.);
#4374 = VERTEX_POINT('',#4375);
#4375 = CARTESIAN_POINT('',(-2.772040872589,-0.78,0.15));
#4376 = LINE('',#4377,#4378);
#4377 = CARTESIAN_POINT('',(-3.2,-0.78,0.15));
#4378 = VECTOR('',#4379,1.);
#4379 = DIRECTION('',(1.,-1.144237745222E-17,0.));
#4380 = ORIENTED_EDGE('',*,*,#4381,.T.);
#4381 = EDGE_CURVE('',#4374,#4382,#4384,.T.);
#4382 = VERTEX_POINT('',#4383);
#4383 = CARTESIAN_POINT('',(-2.673560097287,-0.78,0.232635182233));
#4384 = CIRCLE('',#4385,0.1);
#4385 = AXIS2_PLACEMENT_3D('',#4386,#4387,#4388);
#4386 = CARTESIAN_POINT('',(-2.772040872589,-0.78,0.25));
#4387 = DIRECTION('',(-1.144237745222E-17,-1.,-0.));
#4388 = DIRECTION('',(0.,0.,-1.));
#4389 = ORIENTED_EDGE('',*,*,#4390,.T.);
#4390 = EDGE_CURVE('',#4382,#4391,#4393,.T.);
#4391 = VERTEX_POINT('',#4392);
#4392 = CARTESIAN_POINT('',(-2.646201938253,-0.78,0.418412044417));
#4393 = LINE('',#4394,#4395);
#4394 = CARTESIAN_POINT('',(-2.673560097287,-0.78,0.232635182233));
#4395 = VECTOR('',#4396,1.);
#4396 = DIRECTION('',(0.145692235845,-1.667065554401E-18,0.989329961345)
  );
#4397 = ORIENTED_EDGE('',*,*,#4398,.T.);
#4398 = EDGE_CURVE('',#4391,#4399,#4401,.T.);
#4399 = VERTEX_POINT('',#4400);
#4400 = CARTESIAN_POINT('',(-2.4,-0.78,0.625));
#4401 = CIRCLE('',#4402,0.25);
#4402 = AXIS2_PLACEMENT_3D('',#4403,#4404,#4405);
#4403 = CARTESIAN_POINT('',(-2.4,-0.78,0.375));
#4404 = DIRECTION('',(1.144237745222E-17,1.,-3.851859888774E-34));
#4405 = DIRECTION('',(-0.984807753012,1.126854202784E-17,0.173648177667)
  );
#4406 = ORIENTED_EDGE('',*,*,#4407,.T.);
#4407 = EDGE_CURVE('',#4399,#2583,#4408,.T.);
#4408 = LINE('',#4409,#4410);
#4409 = CARTESIAN_POINT('',(-2.4,-0.78,0.625));
#4410 = VECTOR('',#4411,1.);
#4411 = DIRECTION('',(1.,-1.144237745222E-17,0.));
#4412 = PLANE('',#4413);
#4413 = AXIS2_PLACEMENT_3D('',#4414,#4415,#4416);
#4414 = CARTESIAN_POINT('',(-2.637615762047,-0.78,0.292893776214));
#4415 = DIRECTION('',(1.144237745222E-17,1.,0.));
#4416 = DIRECTION('',(0.,-0.,1.));
#4417 = ADVANCED_FACE('',(#4418),#4437,.F.);
#4418 = FACE_BOUND('',#4419,.F.);
#4419 = EDGE_LOOP('',(#4420,#4421,#4430,#4436));
#4420 = ORIENTED_EDGE('',*,*,#2621,.T.);
#4421 = ORIENTED_EDGE('',*,*,#4422,.T.);
#4422 = EDGE_CURVE('',#2614,#4423,#4425,.T.);
#4423 = VERTEX_POINT('',#4424);
#4424 = CARTESIAN_POINT('',(-2.498480775301,-0.52,0.392364817767));
#4425 = CIRCLE('',#4426,0.1);
#4426 = AXIS2_PLACEMENT_3D('',#4427,#4428,#4429);
#4427 = CARTESIAN_POINT('',(-2.4,-0.52,0.375));
#4428 = DIRECTION('',(-1.144237745222E-17,-1.,4.379057701015E-47));
#4429 = DIRECTION('',(-4.440892098501E-15,5.081436361563E-32,1.));
#4430 = ORIENTED_EDGE('',*,*,#4431,.F.);
#4431 = EDGE_CURVE('',#4332,#4423,#4432,.T.);
#4432 = LINE('',#4433,#4434);
#4433 = CARTESIAN_POINT('',(-2.498480775301,-0.78,0.392364817767));
#4434 = VECTOR('',#4435,1.);
#4435 = DIRECTION('',(1.144237745222E-17,1.,0.));
#4436 = ORIENTED_EDGE('',*,*,#4331,.F.);
#4437 = CYLINDRICAL_SURFACE('',#4438,0.1);
#4438 = AXIS2_PLACEMENT_3D('',#4439,#4440,#4441);
#4439 = CARTESIAN_POINT('',(-2.4,-0.78,0.375));
#4440 = DIRECTION('',(-1.144237745222E-17,-1.,0.));
#4441 = DIRECTION('',(-4.440892098501E-15,5.081436361563E-32,1.));
#4442 = ADVANCED_FACE('',(#4443),#4521,.T.);
#4443 = FACE_BOUND('',#4444,.T.);
#4444 = EDGE_LOOP('',(#4445,#4446,#4447,#4448,#4456,#4465,#4473,#4481,
    #4489,#4498,#4506,#4515));
#4445 = ORIENTED_EDGE('',*,*,#2635,.F.);
#4446 = ORIENTED_EDGE('',*,*,#2613,.T.);
#4447 = ORIENTED_EDGE('',*,*,#4422,.T.);
#4448 = ORIENTED_EDGE('',*,*,#4449,.T.);
#4449 = EDGE_CURVE('',#4423,#4450,#4452,.T.);
#4450 = VERTEX_POINT('',#4451);
#4451 = CARTESIAN_POINT('',(-2.525838934336,-0.52,0.206587955583));
#4452 = LINE('',#4453,#4454);
#4453 = CARTESIAN_POINT('',(-2.498480775301,-0.52,0.392364817767));
#4454 = VECTOR('',#4455,1.);
#4455 = DIRECTION('',(-0.145692235845,1.667065554401E-18,-0.989329961345
    ));
#4456 = ORIENTED_EDGE('',*,*,#4457,.T.);
#4457 = EDGE_CURVE('',#4450,#4458,#4460,.T.);
#4458 = VERTEX_POINT('',#4459);
#4459 = CARTESIAN_POINT('',(-2.772040872589,-0.52,-5.551115123126E-17));
#4460 = CIRCLE('',#4461,0.25);
#4461 = AXIS2_PLACEMENT_3D('',#4462,#4463,#4464);
#4462 = CARTESIAN_POINT('',(-2.772040872589,-0.52,0.25));
#4463 = DIRECTION('',(1.144237745222E-17,1.,3.08148791102E-33));
#4464 = DIRECTION('',(0.984807753012,-1.126854202784E-17,-0.173648177667
    ));
#4465 = ORIENTED_EDGE('',*,*,#4466,.T.);
#4466 = EDGE_CURVE('',#4458,#4467,#4469,.T.);
#4467 = VERTEX_POINT('',#4468);
#4468 = CARTESIAN_POINT('',(-3.2,-0.52,-5.551115123126E-17));
#4469 = LINE('',#4470,#4471);
#4470 = CARTESIAN_POINT('',(-2.772040872589,-0.52,-5.551115123126E-17));
#4471 = VECTOR('',#4472,1.);
#4472 = DIRECTION('',(-1.,1.144237745222E-17,0.));
#4473 = ORIENTED_EDGE('',*,*,#4474,.T.);
#4474 = EDGE_CURVE('',#4467,#4475,#4477,.T.);
#4475 = VERTEX_POINT('',#4476);
#4476 = CARTESIAN_POINT('',(-3.2,-0.52,0.15));
#4477 = LINE('',#4478,#4479);
#4478 = CARTESIAN_POINT('',(-3.2,-0.52,-5.551115123126E-17));
#4479 = VECTOR('',#4480,1.);
#4480 = DIRECTION('',(0.,0.,1.));
#4481 = ORIENTED_EDGE('',*,*,#4482,.T.);
#4482 = EDGE_CURVE('',#4475,#4483,#4485,.T.);
#4483 = VERTEX_POINT('',#4484);
#4484 = CARTESIAN_POINT('',(-2.772040872589,-0.52,0.15));
#4485 = LINE('',#4486,#4487);
#4486 = CARTESIAN_POINT('',(-3.2,-0.52,0.15));
#4487 = VECTOR('',#4488,1.);
#4488 = DIRECTION('',(1.,-1.144237745222E-17,0.));
#4489 = ORIENTED_EDGE('',*,*,#4490,.T.);
#4490 = EDGE_CURVE('',#4483,#4491,#4493,.T.);
#4491 = VERTEX_POINT('',#4492);
#4492 = CARTESIAN_POINT('',(-2.673560097287,-0.52,0.232635182233));
#4493 = CIRCLE('',#4494,0.1);
#4494 = AXIS2_PLACEMENT_3D('',#4495,#4496,#4497);
#4495 = CARTESIAN_POINT('',(-2.772040872589,-0.52,0.25));
#4496 = DIRECTION('',(-1.144237745222E-17,-1.,-0.));
#4497 = DIRECTION('',(0.,0.,-1.));
#4498 = ORIENTED_EDGE('',*,*,#4499,.T.);
#4499 = EDGE_CURVE('',#4491,#4500,#4502,.T.);
#4500 = VERTEX_POINT('',#4501);
#4501 = CARTESIAN_POINT('',(-2.646201938253,-0.52,0.418412044417));
#4502 = LINE('',#4503,#4504);
#4503 = CARTESIAN_POINT('',(-2.673560097287,-0.52,0.232635182233));
#4504 = VECTOR('',#4505,1.);
#4505 = DIRECTION('',(0.145692235845,-1.667065554401E-18,0.989329961345)
  );
#4506 = ORIENTED_EDGE('',*,*,#4507,.T.);
#4507 = EDGE_CURVE('',#4500,#4508,#4510,.T.);
#4508 = VERTEX_POINT('',#4509);
#4509 = CARTESIAN_POINT('',(-2.4,-0.52,0.625));
#4510 = CIRCLE('',#4511,0.25);
#4511 = AXIS2_PLACEMENT_3D('',#4512,#4513,#4514);
#4512 = CARTESIAN_POINT('',(-2.4,-0.52,0.375));
#4513 = DIRECTION('',(1.144237745222E-17,1.,-3.851859888774E-34));
#4514 = DIRECTION('',(-0.984807753012,1.126854202784E-17,0.173648177667)
  );
#4515 = ORIENTED_EDGE('',*,*,#4516,.T.);
#4516 = EDGE_CURVE('',#4508,#2636,#4517,.T.);
#4517 = LINE('',#4518,#4519);
#4518 = CARTESIAN_POINT('',(-2.4,-0.52,0.625));
#4519 = VECTOR('',#4520,1.);
#4520 = DIRECTION('',(1.,-1.144237745222E-17,0.));
#4521 = PLANE('',#4522);
#4522 = AXIS2_PLACEMENT_3D('',#4523,#4524,#4525);
#4523 = CARTESIAN_POINT('',(-2.637615762047,-0.52,0.292893776214));
#4524 = DIRECTION('',(1.144237745222E-17,1.,0.));
#4525 = DIRECTION('',(0.,-0.,1.));
#4526 = ADVANCED_FACE('',(#4527),#4543,.F.);
#4527 = FACE_BOUND('',#4528,.F.);
#4528 = EDGE_LOOP('',(#4529,#4530,#4536,#4537));
#4529 = ORIENTED_EDGE('',*,*,#2652,.T.);
#4530 = ORIENTED_EDGE('',*,*,#4531,.T.);
#4531 = EDGE_CURVE('',#2645,#3509,#4532,.T.);
#4532 = LINE('',#4533,#4534);
#4533 = CARTESIAN_POINT('',(-2.4,-0.13,0.625));
#4534 = VECTOR('',#4535,1.);
#4535 = DIRECTION('',(1.,-1.144237745222E-17,0.));
#4536 = ORIENTED_EDGE('',*,*,#3508,.F.);
#4537 = ORIENTED_EDGE('',*,*,#4538,.F.);
#4538 = EDGE_CURVE('',#2636,#3501,#4539,.T.);
#4539 = LINE('',#4540,#4541);
#4540 = CARTESIAN_POINT('',(-2.4,-0.52,0.625));
#4541 = VECTOR('',#4542,1.);
#4542 = DIRECTION('',(1.,-1.144237745222E-17,0.));
#4543 = PLANE('',#4544);
#4544 = AXIS2_PLACEMENT_3D('',#4545,#4546,#4547);
#4545 = CARTESIAN_POINT('',(-3.188450421961E-18,2.475,0.625));
#4546 = DIRECTION('',(0.,0.,-1.));
#4547 = DIRECTION('',(1.,1.111674977262E-16,0.));
#4548 = ADVANCED_FACE('',(#4549),#4635,.F.);
#4549 = FACE_BOUND('',#4550,.F.);
#4550 = EDGE_LOOP('',(#4551,#4552,#4553,#4562,#4570,#4579,#4587,#4595,
    #4603,#4612,#4620,#4629));
#4551 = ORIENTED_EDGE('',*,*,#2644,.F.);
#4552 = ORIENTED_EDGE('',*,*,#2666,.T.);
#4553 = ORIENTED_EDGE('',*,*,#4554,.T.);
#4554 = EDGE_CURVE('',#2667,#4555,#4557,.T.);
#4555 = VERTEX_POINT('',#4556);
#4556 = CARTESIAN_POINT('',(-2.498480775301,-0.13,0.392364817767));
#4557 = CIRCLE('',#4558,0.1);
#4558 = AXIS2_PLACEMENT_3D('',#4559,#4560,#4561);
#4559 = CARTESIAN_POINT('',(-2.4,-0.13,0.375));
#4560 = DIRECTION('',(-1.144237745222E-17,-1.,4.379057701015E-47));
#4561 = DIRECTION('',(-4.440892098501E-15,5.081436361563E-32,1.));
#4562 = ORIENTED_EDGE('',*,*,#4563,.T.);
#4563 = EDGE_CURVE('',#4555,#4564,#4566,.T.);
#4564 = VERTEX_POINT('',#4565);
#4565 = CARTESIAN_POINT('',(-2.525838934336,-0.13,0.206587955583));
#4566 = LINE('',#4567,#4568);
#4567 = CARTESIAN_POINT('',(-2.498480775301,-0.13,0.392364817767));
#4568 = VECTOR('',#4569,1.);
#4569 = DIRECTION('',(-0.145692235845,1.667065554401E-18,-0.989329961345
    ));
#4570 = ORIENTED_EDGE('',*,*,#4571,.T.);
#4571 = EDGE_CURVE('',#4564,#4572,#4574,.T.);
#4572 = VERTEX_POINT('',#4573);
#4573 = CARTESIAN_POINT('',(-2.772040872589,-0.13,-5.551115123126E-17));
#4574 = CIRCLE('',#4575,0.25);
#4575 = AXIS2_PLACEMENT_3D('',#4576,#4577,#4578);
#4576 = CARTESIAN_POINT('',(-2.772040872589,-0.13,0.25));
#4577 = DIRECTION('',(1.144237745222E-17,1.,3.08148791102E-33));
#4578 = DIRECTION('',(0.984807753012,-1.126854202784E-17,-0.173648177667
    ));
#4579 = ORIENTED_EDGE('',*,*,#4580,.T.);
#4580 = EDGE_CURVE('',#4572,#4581,#4583,.T.);
#4581 = VERTEX_POINT('',#4582);
#4582 = CARTESIAN_POINT('',(-3.2,-0.13,-5.551115123126E-17));
#4583 = LINE('',#4584,#4585);
#4584 = CARTESIAN_POINT('',(-2.772040872589,-0.13,-5.551115123126E-17));
#4585 = VECTOR('',#4586,1.);
#4586 = DIRECTION('',(-1.,1.144237745222E-17,0.));
#4587 = ORIENTED_EDGE('',*,*,#4588,.T.);
#4588 = EDGE_CURVE('',#4581,#4589,#4591,.T.);
#4589 = VERTEX_POINT('',#4590);
#4590 = CARTESIAN_POINT('',(-3.2,-0.13,0.15));
#4591 = LINE('',#4592,#4593);
#4592 = CARTESIAN_POINT('',(-3.2,-0.13,-5.551115123126E-17));
#4593 = VECTOR('',#4594,1.);
#4594 = DIRECTION('',(0.,0.,1.));
#4595 = ORIENTED_EDGE('',*,*,#4596,.T.);
#4596 = EDGE_CURVE('',#4589,#4597,#4599,.T.);
#4597 = VERTEX_POINT('',#4598);
#4598 = CARTESIAN_POINT('',(-2.772040872589,-0.13,0.15));
#4599 = LINE('',#4600,#4601);
#4600 = CARTESIAN_POINT('',(-3.2,-0.13,0.15));
#4601 = VECTOR('',#4602,1.);
#4602 = DIRECTION('',(1.,-1.144237745222E-17,0.));
#4603 = ORIENTED_EDGE('',*,*,#4604,.T.);
#4604 = EDGE_CURVE('',#4597,#4605,#4607,.T.);
#4605 = VERTEX_POINT('',#4606);
#4606 = CARTESIAN_POINT('',(-2.673560097287,-0.13,0.232635182233));
#4607 = CIRCLE('',#4608,0.1);
#4608 = AXIS2_PLACEMENT_3D('',#4609,#4610,#4611);
#4609 = CARTESIAN_POINT('',(-2.772040872589,-0.13,0.25));
#4610 = DIRECTION('',(-1.144237745222E-17,-1.,-0.));
#4611 = DIRECTION('',(0.,0.,-1.));
#4612 = ORIENTED_EDGE('',*,*,#4613,.T.);
#4613 = EDGE_CURVE('',#4605,#4614,#4616,.T.);
#4614 = VERTEX_POINT('',#4615);
#4615 = CARTESIAN_POINT('',(-2.646201938253,-0.13,0.418412044417));
#4616 = LINE('',#4617,#4618);
#4617 = CARTESIAN_POINT('',(-2.673560097287,-0.13,0.232635182233));
#4618 = VECTOR('',#4619,1.);
#4619 = DIRECTION('',(0.145692235845,-1.667065554401E-18,0.989329961345)
  );
#4620 = ORIENTED_EDGE('',*,*,#4621,.T.);
#4621 = EDGE_CURVE('',#4614,#4622,#4624,.T.);
#4622 = VERTEX_POINT('',#4623);
#4623 = CARTESIAN_POINT('',(-2.4,-0.13,0.625));
#4624 = CIRCLE('',#4625,0.25);
#4625 = AXIS2_PLACEMENT_3D('',#4626,#4627,#4628);
#4626 = CARTESIAN_POINT('',(-2.4,-0.13,0.375));
#4627 = DIRECTION('',(1.144237745222E-17,1.,-3.851859888774E-34));
#4628 = DIRECTION('',(-0.984807753012,1.126854202784E-17,0.173648177667)
  );
#4629 = ORIENTED_EDGE('',*,*,#4630,.T.);
#4630 = EDGE_CURVE('',#4622,#2645,#4631,.T.);
#4631 = LINE('',#4632,#4633);
#4632 = CARTESIAN_POINT('',(-2.4,-0.13,0.625));
#4633 = VECTOR('',#4634,1.);
#4634 = DIRECTION('',(1.,-1.144237745222E-17,0.));
#4635 = PLANE('',#4636);
#4636 = AXIS2_PLACEMENT_3D('',#4637,#4638,#4639);
#4637 = CARTESIAN_POINT('',(-2.637615762047,-0.13,0.292893776214));
#4638 = DIRECTION('',(1.144237745222E-17,1.,0.));
#4639 = DIRECTION('',(0.,-0.,1.));
#4640 = ADVANCED_FACE('',(#4641),#4660,.F.);
#4641 = FACE_BOUND('',#4642,.F.);
#4642 = EDGE_LOOP('',(#4643,#4644,#4653,#4659));
#4643 = ORIENTED_EDGE('',*,*,#2683,.T.);
#4644 = ORIENTED_EDGE('',*,*,#4645,.T.);
#4645 = EDGE_CURVE('',#2676,#4646,#4648,.T.);
#4646 = VERTEX_POINT('',#4647);
#4647 = CARTESIAN_POINT('',(-2.498480775301,0.13,0.392364817767));
#4648 = CIRCLE('',#4649,0.1);
#4649 = AXIS2_PLACEMENT_3D('',#4650,#4651,#4652);
#4650 = CARTESIAN_POINT('',(-2.4,0.13,0.375));
#4651 = DIRECTION('',(-1.144237745222E-17,-1.,4.379057701015E-47));
#4652 = DIRECTION('',(-4.440892098501E-15,5.081436361563E-32,1.));
#4653 = ORIENTED_EDGE('',*,*,#4654,.F.);
#4654 = EDGE_CURVE('',#4555,#4646,#4655,.T.);
#4655 = LINE('',#4656,#4657);
#4656 = CARTESIAN_POINT('',(-2.498480775301,-0.13,0.392364817767));
#4657 = VECTOR('',#4658,1.);
#4658 = DIRECTION('',(1.144237745222E-17,1.,0.));
#4659 = ORIENTED_EDGE('',*,*,#4554,.F.);
#4660 = CYLINDRICAL_SURFACE('',#4661,0.1);
#4661 = AXIS2_PLACEMENT_3D('',#4662,#4663,#4664);
#4662 = CARTESIAN_POINT('',(-2.4,-0.13,0.375));
#4663 = DIRECTION('',(-1.144237745222E-17,-1.,0.));
#4664 = DIRECTION('',(-4.440892098501E-15,5.081436361563E-32,1.));
#4665 = ADVANCED_FACE('',(#4666),#4744,.T.);
#4666 = FACE_BOUND('',#4667,.T.);
#4667 = EDGE_LOOP('',(#4668,#4669,#4670,#4671,#4679,#4688,#4696,#4704,
    #4712,#4721,#4729,#4738));
#4668 = ORIENTED_EDGE('',*,*,#2697,.F.);
#4669 = ORIENTED_EDGE('',*,*,#2675,.T.);
#4670 = ORIENTED_EDGE('',*,*,#4645,.T.);
#4671 = ORIENTED_EDGE('',*,*,#4672,.T.);
#4672 = EDGE_CURVE('',#4646,#4673,#4675,.T.);
#4673 = VERTEX_POINT('',#4674);
#4674 = CARTESIAN_POINT('',(-2.525838934336,0.13,0.206587955583));
#4675 = LINE('',#4676,#4677);
#4676 = CARTESIAN_POINT('',(-2.498480775301,0.13,0.392364817767));
#4677 = VECTOR('',#4678,1.);
#4678 = DIRECTION('',(-0.145692235845,1.667065554401E-18,-0.989329961345
    ));
#4679 = ORIENTED_EDGE('',*,*,#4680,.T.);
#4680 = EDGE_CURVE('',#4673,#4681,#4683,.T.);
#4681 = VERTEX_POINT('',#4682);
#4682 = CARTESIAN_POINT('',(-2.772040872589,0.13,-5.551115123126E-17));
#4683 = CIRCLE('',#4684,0.25);
#4684 = AXIS2_PLACEMENT_3D('',#4685,#4686,#4687);
#4685 = CARTESIAN_POINT('',(-2.772040872589,0.13,0.25));
#4686 = DIRECTION('',(1.144237745222E-17,1.,3.08148791102E-33));
#4687 = DIRECTION('',(0.984807753012,-1.126854202784E-17,-0.173648177667
    ));
#4688 = ORIENTED_EDGE('',*,*,#4689,.T.);
#4689 = EDGE_CURVE('',#4681,#4690,#4692,.T.);
#4690 = VERTEX_POINT('',#4691);
#4691 = CARTESIAN_POINT('',(-3.2,0.13,-5.551115123126E-17));
#4692 = LINE('',#4693,#4694);
#4693 = CARTESIAN_POINT('',(-2.772040872589,0.13,-5.551115123126E-17));
#4694 = VECTOR('',#4695,1.);
#4695 = DIRECTION('',(-1.,1.144237745222E-17,0.));
#4696 = ORIENTED_EDGE('',*,*,#4697,.T.);
#4697 = EDGE_CURVE('',#4690,#4698,#4700,.T.);
#4698 = VERTEX_POINT('',#4699);
#4699 = CARTESIAN_POINT('',(-3.2,0.13,0.15));
#4700 = LINE('',#4701,#4702);
#4701 = CARTESIAN_POINT('',(-3.2,0.13,-5.551115123126E-17));
#4702 = VECTOR('',#4703,1.);
#4703 = DIRECTION('',(0.,0.,1.));
#4704 = ORIENTED_EDGE('',*,*,#4705,.T.);
#4705 = EDGE_CURVE('',#4698,#4706,#4708,.T.);
#4706 = VERTEX_POINT('',#4707);
#4707 = CARTESIAN_POINT('',(-2.772040872589,0.13,0.15));
#4708 = LINE('',#4709,#4710);
#4709 = CARTESIAN_POINT('',(-3.2,0.13,0.15));
#4710 = VECTOR('',#4711,1.);
#4711 = DIRECTION('',(1.,-1.144237745222E-17,0.));
#4712 = ORIENTED_EDGE('',*,*,#4713,.T.);
#4713 = EDGE_CURVE('',#4706,#4714,#4716,.T.);
#4714 = VERTEX_POINT('',#4715);
#4715 = CARTESIAN_POINT('',(-2.673560097287,0.13,0.232635182233));
#4716 = CIRCLE('',#4717,0.1);
#4717 = AXIS2_PLACEMENT_3D('',#4718,#4719,#4720);
#4718 = CARTESIAN_POINT('',(-2.772040872589,0.13,0.25));
#4719 = DIRECTION('',(-1.144237745222E-17,-1.,-0.));
#4720 = DIRECTION('',(0.,0.,-1.));
#4721 = ORIENTED_EDGE('',*,*,#4722,.T.);
#4722 = EDGE_CURVE('',#4714,#4723,#4725,.T.);
#4723 = VERTEX_POINT('',#4724);
#4724 = CARTESIAN_POINT('',(-2.646201938253,0.13,0.418412044417));
#4725 = LINE('',#4726,#4727);
#4726 = CARTESIAN_POINT('',(-2.673560097287,0.13,0.232635182233));
#4727 = VECTOR('',#4728,1.);
#4728 = DIRECTION('',(0.145692235845,-1.667065554401E-18,0.989329961345)
  );
#4729 = ORIENTED_EDGE('',*,*,#4730,.T.);
#4730 = EDGE_CURVE('',#4723,#4731,#4733,.T.);
#4731 = VERTEX_POINT('',#4732);
#4732 = CARTESIAN_POINT('',(-2.4,0.13,0.625));
#4733 = CIRCLE('',#4734,0.25);
#4734 = AXIS2_PLACEMENT_3D('',#4735,#4736,#4737);
#4735 = CARTESIAN_POINT('',(-2.4,0.13,0.375));
#4736 = DIRECTION('',(1.144237745222E-17,1.,-3.851859888774E-34));
#4737 = DIRECTION('',(-0.984807753012,1.126854202784E-17,0.173648177667)
  );
#4738 = ORIENTED_EDGE('',*,*,#4739,.T.);
#4739 = EDGE_CURVE('',#4731,#2698,#4740,.T.);
#4740 = LINE('',#4741,#4742);
#4741 = CARTESIAN_POINT('',(-2.4,0.13,0.625));
#4742 = VECTOR('',#4743,1.);
#4743 = DIRECTION('',(1.,-1.144237745222E-17,0.));
#4744 = PLANE('',#4745);
#4745 = AXIS2_PLACEMENT_3D('',#4746,#4747,#4748);
#4746 = CARTESIAN_POINT('',(-2.637615762047,0.13,0.292893776214));
#4747 = DIRECTION('',(1.144237745222E-17,1.,0.));
#4748 = DIRECTION('',(0.,-0.,1.));
#4749 = ADVANCED_FACE('',(#4750),#4766,.F.);
#4750 = FACE_BOUND('',#4751,.F.);
#4751 = EDGE_LOOP('',(#4752,#4753,#4759,#4760));
#4752 = ORIENTED_EDGE('',*,*,#2714,.T.);
#4753 = ORIENTED_EDGE('',*,*,#4754,.T.);
#4754 = EDGE_CURVE('',#2707,#3525,#4755,.T.);
#4755 = LINE('',#4756,#4757);
#4756 = CARTESIAN_POINT('',(-2.4,0.52,0.625));
#4757 = VECTOR('',#4758,1.);
#4758 = DIRECTION('',(1.,-1.144237745222E-17,0.));
#4759 = ORIENTED_EDGE('',*,*,#3524,.F.);
#4760 = ORIENTED_EDGE('',*,*,#4761,.F.);
#4761 = EDGE_CURVE('',#2698,#3517,#4762,.T.);
#4762 = LINE('',#4763,#4764);
#4763 = CARTESIAN_POINT('',(-2.4,0.13,0.625));
#4764 = VECTOR('',#4765,1.);
#4765 = DIRECTION('',(1.,-1.144237745222E-17,0.));
#4766 = PLANE('',#4767);
#4767 = AXIS2_PLACEMENT_3D('',#4768,#4769,#4770);
#4768 = CARTESIAN_POINT('',(-3.188450421961E-18,2.475,0.625));
#4769 = DIRECTION('',(0.,0.,-1.));
#4770 = DIRECTION('',(1.,1.111674977262E-16,0.));
#4771 = ADVANCED_FACE('',(#4772),#4858,.F.);
#4772 = FACE_BOUND('',#4773,.F.);
#4773 = EDGE_LOOP('',(#4774,#4775,#4776,#4785,#4793,#4802,#4810,#4818,
    #4826,#4835,#4843,#4852));
#4774 = ORIENTED_EDGE('',*,*,#2706,.F.);
#4775 = ORIENTED_EDGE('',*,*,#2728,.T.);
#4776 = ORIENTED_EDGE('',*,*,#4777,.T.);
#4777 = EDGE_CURVE('',#2729,#4778,#4780,.T.);
#4778 = VERTEX_POINT('',#4779);
#4779 = CARTESIAN_POINT('',(-2.498480775301,0.52,0.392364817767));
#4780 = CIRCLE('',#4781,0.1);
#4781 = AXIS2_PLACEMENT_3D('',#4782,#4783,#4784);
#4782 = CARTESIAN_POINT('',(-2.4,0.52,0.375));
#4783 = DIRECTION('',(-1.144237745222E-17,-1.,4.379057701015E-47));
#4784 = DIRECTION('',(-4.440892098501E-15,5.081436361563E-32,1.));
#4785 = ORIENTED_EDGE('',*,*,#4786,.T.);
#4786 = EDGE_CURVE('',#4778,#4787,#4789,.T.);
#4787 = VERTEX_POINT('',#4788);
#4788 = CARTESIAN_POINT('',(-2.525838934336,0.52,0.206587955583));
#4789 = LINE('',#4790,#4791);
#4790 = CARTESIAN_POINT('',(-2.498480775301,0.52,0.392364817767));
#4791 = VECTOR('',#4792,1.);
#4792 = DIRECTION('',(-0.145692235845,1.667065554401E-18,-0.989329961345
    ));
#4793 = ORIENTED_EDGE('',*,*,#4794,.T.);
#4794 = EDGE_CURVE('',#4787,#4795,#4797,.T.);
#4795 = VERTEX_POINT('',#4796);
#4796 = CARTESIAN_POINT('',(-2.772040872589,0.52,-5.551115123126E-17));
#4797 = CIRCLE('',#4798,0.25);
#4798 = AXIS2_PLACEMENT_3D('',#4799,#4800,#4801);
#4799 = CARTESIAN_POINT('',(-2.772040872589,0.52,0.25));
#4800 = DIRECTION('',(1.144237745222E-17,1.,3.08148791102E-33));
#4801 = DIRECTION('',(0.984807753012,-1.126854202784E-17,-0.173648177667
    ));
#4802 = ORIENTED_EDGE('',*,*,#4803,.T.);
#4803 = EDGE_CURVE('',#4795,#4804,#4806,.T.);
#4804 = VERTEX_POINT('',#4805);
#4805 = CARTESIAN_POINT('',(-3.2,0.52,-5.551115123126E-17));
#4806 = LINE('',#4807,#4808);
#4807 = CARTESIAN_POINT('',(-2.772040872589,0.52,-5.551115123126E-17));
#4808 = VECTOR('',#4809,1.);
#4809 = DIRECTION('',(-1.,1.144237745222E-17,0.));
#4810 = ORIENTED_EDGE('',*,*,#4811,.T.);
#4811 = EDGE_CURVE('',#4804,#4812,#4814,.T.);
#4812 = VERTEX_POINT('',#4813);
#4813 = CARTESIAN_POINT('',(-3.2,0.52,0.15));
#4814 = LINE('',#4815,#4816);
#4815 = CARTESIAN_POINT('',(-3.2,0.52,-5.551115123126E-17));
#4816 = VECTOR('',#4817,1.);
#4817 = DIRECTION('',(0.,0.,1.));
#4818 = ORIENTED_EDGE('',*,*,#4819,.T.);
#4819 = EDGE_CURVE('',#4812,#4820,#4822,.T.);
#4820 = VERTEX_POINT('',#4821);
#4821 = CARTESIAN_POINT('',(-2.772040872589,0.52,0.15));
#4822 = LINE('',#4823,#4824);
#4823 = CARTESIAN_POINT('',(-3.2,0.52,0.15));
#4824 = VECTOR('',#4825,1.);
#4825 = DIRECTION('',(1.,-1.144237745222E-17,0.));
#4826 = ORIENTED_EDGE('',*,*,#4827,.T.);
#4827 = EDGE_CURVE('',#4820,#4828,#4830,.T.);
#4828 = VERTEX_POINT('',#4829);
#4829 = CARTESIAN_POINT('',(-2.673560097287,0.52,0.232635182233));
#4830 = CIRCLE('',#4831,0.1);
#4831 = AXIS2_PLACEMENT_3D('',#4832,#4833,#4834);
#4832 = CARTESIAN_POINT('',(-2.772040872589,0.52,0.25));
#4833 = DIRECTION('',(-1.144237745222E-17,-1.,-0.));
#4834 = DIRECTION('',(0.,0.,-1.));
#4835 = ORIENTED_EDGE('',*,*,#4836,.T.);
#4836 = EDGE_CURVE('',#4828,#4837,#4839,.T.);
#4837 = VERTEX_POINT('',#4838);
#4838 = CARTESIAN_POINT('',(-2.646201938253,0.52,0.418412044417));
#4839 = LINE('',#4840,#4841);
#4840 = CARTESIAN_POINT('',(-2.673560097287,0.52,0.232635182233));
#4841 = VECTOR('',#4842,1.);
#4842 = DIRECTION('',(0.145692235845,-1.667065554401E-18,0.989329961345)
  );
#4843 = ORIENTED_EDGE('',*,*,#4844,.T.);
#4844 = EDGE_CURVE('',#4837,#4845,#4847,.T.);
#4845 = VERTEX_POINT('',#4846);
#4846 = CARTESIAN_POINT('',(-2.4,0.52,0.625));
#4847 = CIRCLE('',#4848,0.25);
#4848 = AXIS2_PLACEMENT_3D('',#4849,#4850,#4851);
#4849 = CARTESIAN_POINT('',(-2.4,0.52,0.375));
#4850 = DIRECTION('',(1.144237745222E-17,1.,-3.851859888774E-34));
#4851 = DIRECTION('',(-0.984807753012,1.126854202784E-17,0.173648177667)
  );
#4852 = ORIENTED_EDGE('',*,*,#4853,.T.);
#4853 = EDGE_CURVE('',#4845,#2707,#4854,.T.);
#4854 = LINE('',#4855,#4856);
#4855 = CARTESIAN_POINT('',(-2.4,0.52,0.625));
#4856 = VECTOR('',#4857,1.);
#4857 = DIRECTION('',(1.,-1.144237745222E-17,0.));
#4858 = PLANE('',#4859);
#4859 = AXIS2_PLACEMENT_3D('',#4860,#4861,#4862);
#4860 = CARTESIAN_POINT('',(-2.637615762047,0.52,0.292893776214));
#4861 = DIRECTION('',(1.144237745222E-17,1.,0.));
#4862 = DIRECTION('',(0.,-0.,1.));
#4863 = ADVANCED_FACE('',(#4864),#4883,.F.);
#4864 = FACE_BOUND('',#4865,.F.);
#4865 = EDGE_LOOP('',(#4866,#4867,#4876,#4882));
#4866 = ORIENTED_EDGE('',*,*,#2745,.T.);
#4867 = ORIENTED_EDGE('',*,*,#4868,.T.);
#4868 = EDGE_CURVE('',#2738,#4869,#4871,.T.);
#4869 = VERTEX_POINT('',#4870);
#4870 = CARTESIAN_POINT('',(-2.498480775301,0.78,0.392364817767));
#4871 = CIRCLE('',#4872,0.1);
#4872 = AXIS2_PLACEMENT_3D('',#4873,#4874,#4875);
#4873 = CARTESIAN_POINT('',(-2.4,0.78,0.375));
#4874 = DIRECTION('',(-1.144237745222E-17,-1.,4.379057701015E-47));
#4875 = DIRECTION('',(-4.440892098501E-15,5.081436361563E-32,1.));
#4876 = ORIENTED_EDGE('',*,*,#4877,.F.);
#4877 = EDGE_CURVE('',#4778,#4869,#4878,.T.);
#4878 = LINE('',#4879,#4880);
#4879 = CARTESIAN_POINT('',(-2.498480775301,0.52,0.392364817767));
#4880 = VECTOR('',#4881,1.);
#4881 = DIRECTION('',(1.144237745222E-17,1.,0.));
#4882 = ORIENTED_EDGE('',*,*,#4777,.F.);
#4883 = CYLINDRICAL_SURFACE('',#4884,0.1);
#4884 = AXIS2_PLACEMENT_3D('',#4885,#4886,#4887);
#4885 = CARTESIAN_POINT('',(-2.4,0.52,0.375));
#4886 = DIRECTION('',(-1.144237745222E-17,-1.,0.));
#4887 = DIRECTION('',(-4.440892098501E-15,5.081436361563E-32,1.));
#4888 = ADVANCED_FACE('',(#4889),#4967,.T.);
#4889 = FACE_BOUND('',#4890,.T.);
#4890 = EDGE_LOOP('',(#4891,#4892,#4893,#4894,#4902,#4911,#4919,#4927,
    #4935,#4944,#4952,#4961));
#4891 = ORIENTED_EDGE('',*,*,#2759,.F.);
#4892 = ORIENTED_EDGE('',*,*,#2737,.T.);
#4893 = ORIENTED_EDGE('',*,*,#4868,.T.);
#4894 = ORIENTED_EDGE('',*,*,#4895,.T.);
#4895 = EDGE_CURVE('',#4869,#4896,#4898,.T.);
#4896 = VERTEX_POINT('',#4897);
#4897 = CARTESIAN_POINT('',(-2.525838934336,0.78,0.206587955583));
#4898 = LINE('',#4899,#4900);
#4899 = CARTESIAN_POINT('',(-2.498480775301,0.78,0.392364817767));
#4900 = VECTOR('',#4901,1.);
#4901 = DIRECTION('',(-0.145692235845,1.667065554401E-18,-0.989329961345
    ));
#4902 = ORIENTED_EDGE('',*,*,#4903,.T.);
#4903 = EDGE_CURVE('',#4896,#4904,#4906,.T.);
#4904 = VERTEX_POINT('',#4905);
#4905 = CARTESIAN_POINT('',(-2.772040872589,0.78,-5.551115123126E-17));
#4906 = CIRCLE('',#4907,0.25);
#4907 = AXIS2_PLACEMENT_3D('',#4908,#4909,#4910);
#4908 = CARTESIAN_POINT('',(-2.772040872589,0.78,0.25));
#4909 = DIRECTION('',(1.144237745222E-17,1.,3.08148791102E-33));
#4910 = DIRECTION('',(0.984807753012,-1.126854202784E-17,-0.173648177667
    ));
#4911 = ORIENTED_EDGE('',*,*,#4912,.T.);
#4912 = EDGE_CURVE('',#4904,#4913,#4915,.T.);
#4913 = VERTEX_POINT('',#4914);
#4914 = CARTESIAN_POINT('',(-3.2,0.78,-5.551115123126E-17));
#4915 = LINE('',#4916,#4917);
#4916 = CARTESIAN_POINT('',(-2.772040872589,0.78,-5.551115123126E-17));
#4917 = VECTOR('',#4918,1.);
#4918 = DIRECTION('',(-1.,1.144237745222E-17,0.));
#4919 = ORIENTED_EDGE('',*,*,#4920,.T.);
#4920 = EDGE_CURVE('',#4913,#4921,#4923,.T.);
#4921 = VERTEX_POINT('',#4922);
#4922 = CARTESIAN_POINT('',(-3.2,0.78,0.15));
#4923 = LINE('',#4924,#4925);
#4924 = CARTESIAN_POINT('',(-3.2,0.78,-5.551115123126E-17));
#4925 = VECTOR('',#4926,1.);
#4926 = DIRECTION('',(0.,0.,1.));
#4927 = ORIENTED_EDGE('',*,*,#4928,.T.);
#4928 = EDGE_CURVE('',#4921,#4929,#4931,.T.);
#4929 = VERTEX_POINT('',#4930);
#4930 = CARTESIAN_POINT('',(-2.772040872589,0.78,0.15));
#4931 = LINE('',#4932,#4933);
#4932 = CARTESIAN_POINT('',(-3.2,0.78,0.15));
#4933 = VECTOR('',#4934,1.);
#4934 = DIRECTION('',(1.,-1.144237745222E-17,0.));
#4935 = ORIENTED_EDGE('',*,*,#4936,.T.);
#4936 = EDGE_CURVE('',#4929,#4937,#4939,.T.);
#4937 = VERTEX_POINT('',#4938);
#4938 = CARTESIAN_POINT('',(-2.673560097287,0.78,0.232635182233));
#4939 = CIRCLE('',#4940,0.1);
#4940 = AXIS2_PLACEMENT_3D('',#4941,#4942,#4943);
#4941 = CARTESIAN_POINT('',(-2.772040872589,0.78,0.25));
#4942 = DIRECTION('',(-1.144237745222E-17,-1.,-0.));
#4943 = DIRECTION('',(0.,0.,-1.));
#4944 = ORIENTED_EDGE('',*,*,#4945,.T.);
#4945 = EDGE_CURVE('',#4937,#4946,#4948,.T.);
#4946 = VERTEX_POINT('',#4947);
#4947 = CARTESIAN_POINT('',(-2.646201938253,0.78,0.418412044417));
#4948 = LINE('',#4949,#4950);
#4949 = CARTESIAN_POINT('',(-2.673560097287,0.78,0.232635182233));
#4950 = VECTOR('',#4951,1.);
#4951 = DIRECTION('',(0.145692235845,-1.667065554401E-18,0.989329961345)
  );
#4952 = ORIENTED_EDGE('',*,*,#4953,.T.);
#4953 = EDGE_CURVE('',#4946,#4954,#4956,.T.);
#4954 = VERTEX_POINT('',#4955);
#4955 = CARTESIAN_POINT('',(-2.4,0.78,0.625));
#4956 = CIRCLE('',#4957,0.25);
#4957 = AXIS2_PLACEMENT_3D('',#4958,#4959,#4960);
#4958 = CARTESIAN_POINT('',(-2.4,0.78,0.375));
#4959 = DIRECTION('',(1.144237745222E-17,1.,-3.851859888774E-34));
#4960 = DIRECTION('',(-0.984807753012,1.126854202784E-17,0.173648177667)
  );
#4961 = ORIENTED_EDGE('',*,*,#4962,.T.);
#4962 = EDGE_CURVE('',#4954,#2760,#4963,.T.);
#4963 = LINE('',#4964,#4965);
#4964 = CARTESIAN_POINT('',(-2.4,0.78,0.625));
#4965 = VECTOR('',#4966,1.);
#4966 = DIRECTION('',(1.,-1.144237745222E-17,0.));
#4967 = PLANE('',#4968);
#4968 = AXIS2_PLACEMENT_3D('',#4969,#4970,#4971);
#4969 = CARTESIAN_POINT('',(-2.637615762047,0.78,0.292893776214));
#4970 = DIRECTION('',(1.144237745222E-17,1.,0.));
#4971 = DIRECTION('',(0.,-0.,1.));
#4972 = ADVANCED_FACE('',(#4973),#4989,.F.);
#4973 = FACE_BOUND('',#4974,.F.);
#4974 = EDGE_LOOP('',(#4975,#4976,#4982,#4983));
#4975 = ORIENTED_EDGE('',*,*,#2776,.T.);
#4976 = ORIENTED_EDGE('',*,*,#4977,.T.);
#4977 = EDGE_CURVE('',#2769,#3541,#4978,.T.);
#4978 = LINE('',#4979,#4980);
#4979 = CARTESIAN_POINT('',(-2.4,1.17,0.625));
#4980 = VECTOR('',#4981,1.);
#4981 = DIRECTION('',(1.,-1.144237745222E-17,0.));
#4982 = ORIENTED_EDGE('',*,*,#3540,.F.);
#4983 = ORIENTED_EDGE('',*,*,#4984,.F.);
#4984 = EDGE_CURVE('',#2760,#3533,#4985,.T.);
#4985 = LINE('',#4986,#4987);
#4986 = CARTESIAN_POINT('',(-2.4,0.78,0.625));
#4987 = VECTOR('',#4988,1.);
#4988 = DIRECTION('',(1.,-1.144237745222E-17,0.));
#4989 = PLANE('',#4990);
#4990 = AXIS2_PLACEMENT_3D('',#4991,#4992,#4993);
#4991 = CARTESIAN_POINT('',(-3.188450421961E-18,2.475,0.625));
#4992 = DIRECTION('',(0.,0.,-1.));
#4993 = DIRECTION('',(1.,1.111674977262E-16,0.));
#4994 = ADVANCED_FACE('',(#4995),#5081,.F.);
#4995 = FACE_BOUND('',#4996,.F.);
#4996 = EDGE_LOOP('',(#4997,#4998,#4999,#5008,#5016,#5025,#5033,#5041,
    #5049,#5058,#5066,#5075));
#4997 = ORIENTED_EDGE('',*,*,#2768,.F.);
#4998 = ORIENTED_EDGE('',*,*,#2790,.T.);
#4999 = ORIENTED_EDGE('',*,*,#5000,.T.);
#5000 = EDGE_CURVE('',#2791,#5001,#5003,.T.);
#5001 = VERTEX_POINT('',#5002);
#5002 = CARTESIAN_POINT('',(-2.498480775301,1.17,0.392364817767));
#5003 = CIRCLE('',#5004,0.1);
#5004 = AXIS2_PLACEMENT_3D('',#5005,#5006,#5007);
#5005 = CARTESIAN_POINT('',(-2.4,1.17,0.375));
#5006 = DIRECTION('',(-1.144237745222E-17,-1.,4.379057701015E-47));
#5007 = DIRECTION('',(-4.440892098501E-15,5.081436361563E-32,1.));
#5008 = ORIENTED_EDGE('',*,*,#5009,.T.);
#5009 = EDGE_CURVE('',#5001,#5010,#5012,.T.);
#5010 = VERTEX_POINT('',#5011);
#5011 = CARTESIAN_POINT('',(-2.525838934336,1.17,0.206587955583));
#5012 = LINE('',#5013,#5014);
#5013 = CARTESIAN_POINT('',(-2.498480775301,1.17,0.392364817767));
#5014 = VECTOR('',#5015,1.);
#5015 = DIRECTION('',(-0.145692235845,1.667065554401E-18,-0.989329961345
    ));
#5016 = ORIENTED_EDGE('',*,*,#5017,.T.);
#5017 = EDGE_CURVE('',#5010,#5018,#5020,.T.);
#5018 = VERTEX_POINT('',#5019);
#5019 = CARTESIAN_POINT('',(-2.772040872589,1.17,-5.551115123126E-17));
#5020 = CIRCLE('',#5021,0.25);
#5021 = AXIS2_PLACEMENT_3D('',#5022,#5023,#5024);
#5022 = CARTESIAN_POINT('',(-2.772040872589,1.17,0.25));
#5023 = DIRECTION('',(1.144237745222E-17,1.,3.08148791102E-33));
#5024 = DIRECTION('',(0.984807753012,-1.126854202784E-17,-0.173648177667
    ));
#5025 = ORIENTED_EDGE('',*,*,#5026,.T.);
#5026 = EDGE_CURVE('',#5018,#5027,#5029,.T.);
#5027 = VERTEX_POINT('',#5028);
#5028 = CARTESIAN_POINT('',(-3.2,1.17,-5.551115123126E-17));
#5029 = LINE('',#5030,#5031);
#5030 = CARTESIAN_POINT('',(-2.772040872589,1.17,-5.551115123126E-17));
#5031 = VECTOR('',#5032,1.);
#5032 = DIRECTION('',(-1.,1.144237745222E-17,0.));
#5033 = ORIENTED_EDGE('',*,*,#5034,.T.);
#5034 = EDGE_CURVE('',#5027,#5035,#5037,.T.);
#5035 = VERTEX_POINT('',#5036);
#5036 = CARTESIAN_POINT('',(-3.2,1.17,0.15));
#5037 = LINE('',#5038,#5039);
#5038 = CARTESIAN_POINT('',(-3.2,1.17,-5.551115123126E-17));
#5039 = VECTOR('',#5040,1.);
#5040 = DIRECTION('',(0.,0.,1.));
#5041 = ORIENTED_EDGE('',*,*,#5042,.T.);
#5042 = EDGE_CURVE('',#5035,#5043,#5045,.T.);
#5043 = VERTEX_POINT('',#5044);
#5044 = CARTESIAN_POINT('',(-2.772040872589,1.17,0.15));
#5045 = LINE('',#5046,#5047);
#5046 = CARTESIAN_POINT('',(-3.2,1.17,0.15));
#5047 = VECTOR('',#5048,1.);
#5048 = DIRECTION('',(1.,-1.144237745222E-17,0.));
#5049 = ORIENTED_EDGE('',*,*,#5050,.T.);
#5050 = EDGE_CURVE('',#5043,#5051,#5053,.T.);
#5051 = VERTEX_POINT('',#5052);
#5052 = CARTESIAN_POINT('',(-2.673560097287,1.17,0.232635182233));
#5053 = CIRCLE('',#5054,0.1);
#5054 = AXIS2_PLACEMENT_3D('',#5055,#5056,#5057);
#5055 = CARTESIAN_POINT('',(-2.772040872589,1.17,0.25));
#5056 = DIRECTION('',(-1.144237745222E-17,-1.,-0.));
#5057 = DIRECTION('',(0.,0.,-1.));
#5058 = ORIENTED_EDGE('',*,*,#5059,.T.);
#5059 = EDGE_CURVE('',#5051,#5060,#5062,.T.);
#5060 = VERTEX_POINT('',#5061);
#5061 = CARTESIAN_POINT('',(-2.646201938253,1.17,0.418412044417));
#5062 = LINE('',#5063,#5064);
#5063 = CARTESIAN_POINT('',(-2.673560097287,1.17,0.232635182233));
#5064 = VECTOR('',#5065,1.);
#5065 = DIRECTION('',(0.145692235845,-1.667065554401E-18,0.989329961345)
  );
#5066 = ORIENTED_EDGE('',*,*,#5067,.T.);
#5067 = EDGE_CURVE('',#5060,#5068,#5070,.T.);
#5068 = VERTEX_POINT('',#5069);
#5069 = CARTESIAN_POINT('',(-2.4,1.17,0.625));
#5070 = CIRCLE('',#5071,0.25);
#5071 = AXIS2_PLACEMENT_3D('',#5072,#5073,#5074);
#5072 = CARTESIAN_POINT('',(-2.4,1.17,0.375));
#5073 = DIRECTION('',(1.144237745222E-17,1.,-3.851859888774E-34));
#5074 = DIRECTION('',(-0.984807753012,1.126854202784E-17,0.173648177667)
  );
#5075 = ORIENTED_EDGE('',*,*,#5076,.T.);
#5076 = EDGE_CURVE('',#5068,#2769,#5077,.T.);
#5077 = LINE('',#5078,#5079);
#5078 = CARTESIAN_POINT('',(-2.4,1.17,0.625));
#5079 = VECTOR('',#5080,1.);
#5080 = DIRECTION('',(1.,-1.144237745222E-17,0.));
#5081 = PLANE('',#5082);
#5082 = AXIS2_PLACEMENT_3D('',#5083,#5084,#5085);
#5083 = CARTESIAN_POINT('',(-2.637615762047,1.17,0.292893776214));
#5084 = DIRECTION('',(1.144237745222E-17,1.,0.));
#5085 = DIRECTION('',(0.,-0.,1.));
#5086 = ADVANCED_FACE('',(#5087),#5106,.F.);
#5087 = FACE_BOUND('',#5088,.F.);
#5088 = EDGE_LOOP('',(#5089,#5090,#5099,#5105));
#5089 = ORIENTED_EDGE('',*,*,#2807,.T.);
#5090 = ORIENTED_EDGE('',*,*,#5091,.T.);
#5091 = EDGE_CURVE('',#2800,#5092,#5094,.T.);
#5092 = VERTEX_POINT('',#5093);
#5093 = CARTESIAN_POINT('',(-2.498480775301,1.43,0.392364817767));
#5094 = CIRCLE('',#5095,0.1);
#5095 = AXIS2_PLACEMENT_3D('',#5096,#5097,#5098);
#5096 = CARTESIAN_POINT('',(-2.4,1.43,0.375));
#5097 = DIRECTION('',(-1.144237745222E-17,-1.,4.379057701015E-47));
#5098 = DIRECTION('',(-4.440892098501E-15,5.081436361563E-32,1.));
#5099 = ORIENTED_EDGE('',*,*,#5100,.F.);
#5100 = EDGE_CURVE('',#5001,#5092,#5101,.T.);
#5101 = LINE('',#5102,#5103);
#5102 = CARTESIAN_POINT('',(-2.498480775301,1.17,0.392364817767));
#5103 = VECTOR('',#5104,1.);
#5104 = DIRECTION('',(1.144237745222E-17,1.,0.));
#5105 = ORIENTED_EDGE('',*,*,#5000,.F.);
#5106 = CYLINDRICAL_SURFACE('',#5107,0.1);
#5107 = AXIS2_PLACEMENT_3D('',#5108,#5109,#5110);
#5108 = CARTESIAN_POINT('',(-2.4,1.17,0.375));
#5109 = DIRECTION('',(-1.144237745222E-17,-1.,0.));
#5110 = DIRECTION('',(-4.440892098501E-15,5.081436361563E-32,1.));
#5111 = ADVANCED_FACE('',(#5112),#5190,.T.);
#5112 = FACE_BOUND('',#5113,.T.);
#5113 = EDGE_LOOP('',(#5114,#5115,#5116,#5117,#5125,#5134,#5142,#5150,
    #5158,#5167,#5175,#5184));
#5114 = ORIENTED_EDGE('',*,*,#2821,.F.);
#5115 = ORIENTED_EDGE('',*,*,#2799,.T.);
#5116 = ORIENTED_EDGE('',*,*,#5091,.T.);
#5117 = ORIENTED_EDGE('',*,*,#5118,.T.);
#5118 = EDGE_CURVE('',#5092,#5119,#5121,.T.);
#5119 = VERTEX_POINT('',#5120);
#5120 = CARTESIAN_POINT('',(-2.525838934336,1.43,0.206587955583));
#5121 = LINE('',#5122,#5123);
#5122 = CARTESIAN_POINT('',(-2.498480775301,1.43,0.392364817767));
#5123 = VECTOR('',#5124,1.);
#5124 = DIRECTION('',(-0.145692235845,1.667065554401E-18,-0.989329961345
    ));
#5125 = ORIENTED_EDGE('',*,*,#5126,.T.);
#5126 = EDGE_CURVE('',#5119,#5127,#5129,.T.);
#5127 = VERTEX_POINT('',#5128);
#5128 = CARTESIAN_POINT('',(-2.772040872589,1.43,-5.551115123126E-17));
#5129 = CIRCLE('',#5130,0.25);
#5130 = AXIS2_PLACEMENT_3D('',#5131,#5132,#5133);
#5131 = CARTESIAN_POINT('',(-2.772040872589,1.43,0.25));
#5132 = DIRECTION('',(1.144237745222E-17,1.,3.08148791102E-33));
#5133 = DIRECTION('',(0.984807753012,-1.126854202784E-17,-0.173648177667
    ));
#5134 = ORIENTED_EDGE('',*,*,#5135,.T.);
#5135 = EDGE_CURVE('',#5127,#5136,#5138,.T.);
#5136 = VERTEX_POINT('',#5137);
#5137 = CARTESIAN_POINT('',(-3.2,1.43,-5.551115123126E-17));
#5138 = LINE('',#5139,#5140);
#5139 = CARTESIAN_POINT('',(-2.772040872589,1.43,-5.551115123126E-17));
#5140 = VECTOR('',#5141,1.);
#5141 = DIRECTION('',(-1.,1.144237745222E-17,0.));
#5142 = ORIENTED_EDGE('',*,*,#5143,.T.);
#5143 = EDGE_CURVE('',#5136,#5144,#5146,.T.);
#5144 = VERTEX_POINT('',#5145);
#5145 = CARTESIAN_POINT('',(-3.2,1.43,0.15));
#5146 = LINE('',#5147,#5148);
#5147 = CARTESIAN_POINT('',(-3.2,1.43,-5.551115123126E-17));
#5148 = VECTOR('',#5149,1.);
#5149 = DIRECTION('',(0.,0.,1.));
#5150 = ORIENTED_EDGE('',*,*,#5151,.T.);
#5151 = EDGE_CURVE('',#5144,#5152,#5154,.T.);
#5152 = VERTEX_POINT('',#5153);
#5153 = CARTESIAN_POINT('',(-2.772040872589,1.43,0.15));
#5154 = LINE('',#5155,#5156);
#5155 = CARTESIAN_POINT('',(-3.2,1.43,0.15));
#5156 = VECTOR('',#5157,1.);
#5157 = DIRECTION('',(1.,-1.144237745222E-17,0.));
#5158 = ORIENTED_EDGE('',*,*,#5159,.T.);
#5159 = EDGE_CURVE('',#5152,#5160,#5162,.T.);
#5160 = VERTEX_POINT('',#5161);
#5161 = CARTESIAN_POINT('',(-2.673560097287,1.43,0.232635182233));
#5162 = CIRCLE('',#5163,0.1);
#5163 = AXIS2_PLACEMENT_3D('',#5164,#5165,#5166);
#5164 = CARTESIAN_POINT('',(-2.772040872589,1.43,0.25));
#5165 = DIRECTION('',(-1.144237745222E-17,-1.,-0.));
#5166 = DIRECTION('',(0.,0.,-1.));
#5167 = ORIENTED_EDGE('',*,*,#5168,.T.);
#5168 = EDGE_CURVE('',#5160,#5169,#5171,.T.);
#5169 = VERTEX_POINT('',#5170);
#5170 = CARTESIAN_POINT('',(-2.646201938253,1.43,0.418412044417));
#5171 = LINE('',#5172,#5173);
#5172 = CARTESIAN_POINT('',(-2.673560097287,1.43,0.232635182233));
#5173 = VECTOR('',#5174,1.);
#5174 = DIRECTION('',(0.145692235845,-1.667065554401E-18,0.989329961345)
  );
#5175 = ORIENTED_EDGE('',*,*,#5176,.T.);
#5176 = EDGE_CURVE('',#5169,#5177,#5179,.T.);
#5177 = VERTEX_POINT('',#5178);
#5178 = CARTESIAN_POINT('',(-2.4,1.43,0.625));
#5179 = CIRCLE('',#5180,0.25);
#5180 = AXIS2_PLACEMENT_3D('',#5181,#5182,#5183);
#5181 = CARTESIAN_POINT('',(-2.4,1.43,0.375));
#5182 = DIRECTION('',(1.144237745222E-17,1.,-3.851859888774E-34));
#5183 = DIRECTION('',(-0.984807753012,1.126854202784E-17,0.173648177667)
  );
#5184 = ORIENTED_EDGE('',*,*,#5185,.T.);
#5185 = EDGE_CURVE('',#5177,#2822,#5186,.T.);
#5186 = LINE('',#5187,#5188);
#5187 = CARTESIAN_POINT('',(-2.4,1.43,0.625));
#5188 = VECTOR('',#5189,1.);
#5189 = DIRECTION('',(1.,-1.144237745222E-17,0.));
#5190 = PLANE('',#5191);
#5191 = AXIS2_PLACEMENT_3D('',#5192,#5193,#5194);
#5192 = CARTESIAN_POINT('',(-2.637615762047,1.43,0.292893776214));
#5193 = DIRECTION('',(1.144237745222E-17,1.,0.));
#5194 = DIRECTION('',(0.,-0.,1.));
#5195 = ADVANCED_FACE('',(#5196),#5207,.F.);
#5196 = FACE_BOUND('',#5197,.F.);
#5197 = EDGE_LOOP('',(#5198,#5199,#5200,#5201));
#5198 = ORIENTED_EDGE('',*,*,#2838,.T.);
#5199 = ORIENTED_EDGE('',*,*,#3444,.T.);
#5200 = ORIENTED_EDGE('',*,*,#3556,.F.);
#5201 = ORIENTED_EDGE('',*,*,#5202,.F.);
#5202 = EDGE_CURVE('',#2822,#3549,#5203,.T.);
#5203 = LINE('',#5204,#5205);
#5204 = CARTESIAN_POINT('',(-2.4,1.43,0.625));
#5205 = VECTOR('',#5206,1.);
#5206 = DIRECTION('',(1.,-1.144237745222E-17,0.));
#5207 = PLANE('',#5208);
#5208 = AXIS2_PLACEMENT_3D('',#5209,#5210,#5211);
#5209 = CARTESIAN_POINT('',(-3.188450421961E-18,2.475,0.625));
#5210 = DIRECTION('',(0.,0.,-1.));
#5211 = DIRECTION('',(1.,1.111674977262E-16,0.));
#5212 = ADVANCED_FACE('',(#5213),#5292,.F.);
#5213 = FACE_BOUND('',#5214,.F.);
#5214 = EDGE_LOOP('',(#5215,#5216,#5217,#5226,#5234,#5243,#5251,#5259,
    #5267,#5276,#5284,#5291));
#5215 = ORIENTED_EDGE('',*,*,#2830,.F.);
#5216 = ORIENTED_EDGE('',*,*,#2852,.T.);
#5217 = ORIENTED_EDGE('',*,*,#5218,.T.);
#5218 = EDGE_CURVE('',#2853,#5219,#5221,.T.);
#5219 = VERTEX_POINT('',#5220);
#5220 = CARTESIAN_POINT('',(-2.498480775301,1.82,0.392364817767));
#5221 = CIRCLE('',#5222,0.1);
#5222 = AXIS2_PLACEMENT_3D('',#5223,#5224,#5225);
#5223 = CARTESIAN_POINT('',(-2.4,1.82,0.375));
#5224 = DIRECTION('',(-1.144237745222E-17,-1.,4.379057701015E-47));
#5225 = DIRECTION('',(-4.440892098501E-15,5.081436361563E-32,1.));
#5226 = ORIENTED_EDGE('',*,*,#5227,.T.);
#5227 = EDGE_CURVE('',#5219,#5228,#5230,.T.);
#5228 = VERTEX_POINT('',#5229);
#5229 = CARTESIAN_POINT('',(-2.525838934336,1.82,0.206587955583));
#5230 = LINE('',#5231,#5232);
#5231 = CARTESIAN_POINT('',(-2.498480775301,1.82,0.392364817767));
#5232 = VECTOR('',#5233,1.);
#5233 = DIRECTION('',(-0.145692235845,1.667065554401E-18,-0.989329961345
    ));
#5234 = ORIENTED_EDGE('',*,*,#5235,.T.);
#5235 = EDGE_CURVE('',#5228,#5236,#5238,.T.);
#5236 = VERTEX_POINT('',#5237);
#5237 = CARTESIAN_POINT('',(-2.772040872589,1.82,-5.551115123126E-17));
#5238 = CIRCLE('',#5239,0.25);
#5239 = AXIS2_PLACEMENT_3D('',#5240,#5241,#5242);
#5240 = CARTESIAN_POINT('',(-2.772040872589,1.82,0.25));
#5241 = DIRECTION('',(1.144237745222E-17,1.,3.08148791102E-33));
#5242 = DIRECTION('',(0.984807753012,-1.126854202784E-17,-0.173648177667
    ));
#5243 = ORIENTED_EDGE('',*,*,#5244,.T.);
#5244 = EDGE_CURVE('',#5236,#5245,#5247,.T.);
#5245 = VERTEX_POINT('',#5246);
#5246 = CARTESIAN_POINT('',(-3.2,1.82,-5.551115123126E-17));
#5247 = LINE('',#5248,#5249);
#5248 = CARTESIAN_POINT('',(-2.772040872589,1.82,-5.551115123126E-17));
#5249 = VECTOR('',#5250,1.);
#5250 = DIRECTION('',(-1.,1.144237745222E-17,0.));
#5251 = ORIENTED_EDGE('',*,*,#5252,.T.);
#5252 = EDGE_CURVE('',#5245,#5253,#5255,.T.);
#5253 = VERTEX_POINT('',#5254);
#5254 = CARTESIAN_POINT('',(-3.2,1.82,0.15));
#5255 = LINE('',#5256,#5257);
#5256 = CARTESIAN_POINT('',(-3.2,1.82,-5.551115123126E-17));
#5257 = VECTOR('',#5258,1.);
#5258 = DIRECTION('',(0.,0.,1.));
#5259 = ORIENTED_EDGE('',*,*,#5260,.T.);
#5260 = EDGE_CURVE('',#5253,#5261,#5263,.T.);
#5261 = VERTEX_POINT('',#5262);
#5262 = CARTESIAN_POINT('',(-2.772040872589,1.82,0.15));
#5263 = LINE('',#5264,#5265);
#5264 = CARTESIAN_POINT('',(-3.2,1.82,0.15));
#5265 = VECTOR('',#5266,1.);
#5266 = DIRECTION('',(1.,-1.144237745222E-17,0.));
#5267 = ORIENTED_EDGE('',*,*,#5268,.T.);
#5268 = EDGE_CURVE('',#5261,#5269,#5271,.T.);
#5269 = VERTEX_POINT('',#5270);
#5270 = CARTESIAN_POINT('',(-2.673560097287,1.82,0.232635182233));
#5271 = CIRCLE('',#5272,0.1);
#5272 = AXIS2_PLACEMENT_3D('',#5273,#5274,#5275);
#5273 = CARTESIAN_POINT('',(-2.772040872589,1.82,0.25));
#5274 = DIRECTION('',(-1.144237745222E-17,-1.,-0.));
#5275 = DIRECTION('',(0.,0.,-1.));
#5276 = ORIENTED_EDGE('',*,*,#5277,.T.);
#5277 = EDGE_CURVE('',#5269,#5278,#5280,.T.);
#5278 = VERTEX_POINT('',#5279);
#5279 = CARTESIAN_POINT('',(-2.646201938253,1.82,0.418412044417));
#5280 = LINE('',#5281,#5282);
#5281 = CARTESIAN_POINT('',(-2.673560097287,1.82,0.232635182233));
#5282 = VECTOR('',#5283,1.);
#5283 = DIRECTION('',(0.145692235845,-1.667065554401E-18,0.989329961345)
  );
#5284 = ORIENTED_EDGE('',*,*,#5285,.T.);
#5285 = EDGE_CURVE('',#5278,#3414,#5286,.T.);
#5286 = CIRCLE('',#5287,0.25);
#5287 = AXIS2_PLACEMENT_3D('',#5288,#5289,#5290);
#5288 = CARTESIAN_POINT('',(-2.4,1.82,0.375));
#5289 = DIRECTION('',(1.144237745222E-17,1.,-3.851859888774E-34));
#5290 = DIRECTION('',(-0.984807753012,1.126854202784E-17,0.173648177667)
  );
#5291 = ORIENTED_EDGE('',*,*,#3413,.T.);
#5292 = PLANE('',#5293);
#5293 = AXIS2_PLACEMENT_3D('',#5294,#5295,#5296);
#5294 = CARTESIAN_POINT('',(-2.637615762047,1.82,0.292893776214));
#5295 = DIRECTION('',(1.144237745222E-17,1.,0.));
#5296 = DIRECTION('',(0.,-0.,1.));
#5297 = ADVANCED_FACE('',(#5298),#5317,.F.);
#5298 = FACE_BOUND('',#5299,.F.);
#5299 = EDGE_LOOP('',(#5300,#5301,#5310,#5316));
#5300 = ORIENTED_EDGE('',*,*,#2869,.T.);
#5301 = ORIENTED_EDGE('',*,*,#5302,.T.);
#5302 = EDGE_CURVE('',#2862,#5303,#5305,.T.);
#5303 = VERTEX_POINT('',#5304);
#5304 = CARTESIAN_POINT('',(-2.498480775301,2.08,0.392364817767));
#5305 = CIRCLE('',#5306,0.1);
#5306 = AXIS2_PLACEMENT_3D('',#5307,#5308,#5309);
#5307 = CARTESIAN_POINT('',(-2.4,2.08,0.375));
#5308 = DIRECTION('',(-1.144237745222E-17,-1.,4.379057701015E-47));
#5309 = DIRECTION('',(-4.440892098501E-15,5.081436361563E-32,1.));
#5310 = ORIENTED_EDGE('',*,*,#5311,.F.);
#5311 = EDGE_CURVE('',#5219,#5303,#5312,.T.);
#5312 = LINE('',#5313,#5314);
#5313 = CARTESIAN_POINT('',(-2.498480775301,1.82,0.392364817767));
#5314 = VECTOR('',#5315,1.);
#5315 = DIRECTION('',(1.144237745222E-17,1.,0.));
#5316 = ORIENTED_EDGE('',*,*,#5218,.F.);
#5317 = CYLINDRICAL_SURFACE('',#5318,0.1);
#5318 = AXIS2_PLACEMENT_3D('',#5319,#5320,#5321);
#5319 = CARTESIAN_POINT('',(-2.4,1.82,0.375));
#5320 = DIRECTION('',(-1.144237745222E-17,-1.,0.));
#5321 = DIRECTION('',(-4.440892098501E-15,5.081436361563E-32,1.));
#5322 = ADVANCED_FACE('',(#5323),#5394,.T.);
#5323 = FACE_BOUND('',#5324,.T.);
#5324 = EDGE_LOOP('',(#5325,#5326,#5327,#5328,#5336,#5345,#5353,#5361,
    #5369,#5378,#5386,#5393));
#5325 = ORIENTED_EDGE('',*,*,#2883,.F.);
#5326 = ORIENTED_EDGE('',*,*,#2861,.T.);
#5327 = ORIENTED_EDGE('',*,*,#5302,.T.);
#5328 = ORIENTED_EDGE('',*,*,#5329,.T.);
#5329 = EDGE_CURVE('',#5303,#5330,#5332,.T.);
#5330 = VERTEX_POINT('',#5331);
#5331 = CARTESIAN_POINT('',(-2.525838934336,2.08,0.206587955583));
#5332 = LINE('',#5333,#5334);
#5333 = CARTESIAN_POINT('',(-2.498480775301,2.08,0.392364817767));
#5334 = VECTOR('',#5335,1.);
#5335 = DIRECTION('',(-0.145692235845,1.667065554401E-18,-0.989329961345
    ));
#5336 = ORIENTED_EDGE('',*,*,#5337,.T.);
#5337 = EDGE_CURVE('',#5330,#5338,#5340,.T.);
#5338 = VERTEX_POINT('',#5339);
#5339 = CARTESIAN_POINT('',(-2.772040872589,2.08,-5.551115123126E-17));
#5340 = CIRCLE('',#5341,0.25);
#5341 = AXIS2_PLACEMENT_3D('',#5342,#5343,#5344);
#5342 = CARTESIAN_POINT('',(-2.772040872589,2.08,0.25));
#5343 = DIRECTION('',(1.144237745222E-17,1.,3.08148791102E-33));
#5344 = DIRECTION('',(0.984807753012,-1.126854202784E-17,-0.173648177667
    ));
#5345 = ORIENTED_EDGE('',*,*,#5346,.T.);
#5346 = EDGE_CURVE('',#5338,#5347,#5349,.T.);
#5347 = VERTEX_POINT('',#5348);
#5348 = CARTESIAN_POINT('',(-3.2,2.08,-5.551115123126E-17));
#5349 = LINE('',#5350,#5351);
#5350 = CARTESIAN_POINT('',(-2.772040872589,2.08,-5.551115123126E-17));
#5351 = VECTOR('',#5352,1.);
#5352 = DIRECTION('',(-1.,1.144237745222E-17,0.));
#5353 = ORIENTED_EDGE('',*,*,#5354,.T.);
#5354 = EDGE_CURVE('',#5347,#5355,#5357,.T.);
#5355 = VERTEX_POINT('',#5356);
#5356 = CARTESIAN_POINT('',(-3.2,2.08,0.15));
#5357 = LINE('',#5358,#5359);
#5358 = CARTESIAN_POINT('',(-3.2,2.08,-5.551115123126E-17));
#5359 = VECTOR('',#5360,1.);
#5360 = DIRECTION('',(0.,0.,1.));
#5361 = ORIENTED_EDGE('',*,*,#5362,.T.);
#5362 = EDGE_CURVE('',#5355,#5363,#5365,.T.);
#5363 = VERTEX_POINT('',#5364);
#5364 = CARTESIAN_POINT('',(-2.772040872589,2.08,0.15));
#5365 = LINE('',#5366,#5367);
#5366 = CARTESIAN_POINT('',(-3.2,2.08,0.15));
#5367 = VECTOR('',#5368,1.);
#5368 = DIRECTION('',(1.,-1.144237745222E-17,0.));
#5369 = ORIENTED_EDGE('',*,*,#5370,.T.);
#5370 = EDGE_CURVE('',#5363,#5371,#5373,.T.);
#5371 = VERTEX_POINT('',#5372);
#5372 = CARTESIAN_POINT('',(-2.673560097287,2.08,0.232635182233));
#5373 = CIRCLE('',#5374,0.1);
#5374 = AXIS2_PLACEMENT_3D('',#5375,#5376,#5377);
#5375 = CARTESIAN_POINT('',(-2.772040872589,2.08,0.25));
#5376 = DIRECTION('',(-1.144237745222E-17,-1.,-0.));
#5377 = DIRECTION('',(0.,0.,-1.));
#5378 = ORIENTED_EDGE('',*,*,#5379,.T.);
#5379 = EDGE_CURVE('',#5371,#5380,#5382,.T.);
#5380 = VERTEX_POINT('',#5381);
#5381 = CARTESIAN_POINT('',(-2.646201938253,2.08,0.418412044417));
#5382 = LINE('',#5383,#5384);
#5383 = CARTESIAN_POINT('',(-2.673560097287,2.08,0.232635182233));
#5384 = VECTOR('',#5385,1.);
#5385 = DIRECTION('',(0.145692235845,-1.667065554401E-18,0.989329961345)
  );
#5386 = ORIENTED_EDGE('',*,*,#5387,.T.);
#5387 = EDGE_CURVE('',#5380,#3422,#5388,.T.);
#5388 = CIRCLE('',#5389,0.25);
#5389 = AXIS2_PLACEMENT_3D('',#5390,#5391,#5392);
#5390 = CARTESIAN_POINT('',(-2.4,2.08,0.375));
#5391 = DIRECTION('',(1.144237745222E-17,1.,-3.851859888774E-34));
#5392 = DIRECTION('',(-0.984807753012,1.126854202784E-17,0.173648177667)
  );
#5393 = ORIENTED_EDGE('',*,*,#3429,.T.);
#5394 = PLANE('',#5395);
#5395 = AXIS2_PLACEMENT_3D('',#5396,#5397,#5398);
#5396 = CARTESIAN_POINT('',(-2.637615762047,2.08,0.292893776214));
#5397 = DIRECTION('',(1.144237745222E-17,1.,0.));
#5398 = DIRECTION('',(0.,-0.,1.));
#5399 = ADVANCED_FACE('',(#5400),#5479,.F.);
#5400 = FACE_BOUND('',#5401,.F.);
#5401 = EDGE_LOOP('',(#5402,#5403,#5404,#5413,#5421,#5430,#5438,#5446,
    #5454,#5463,#5471,#5478));
#5402 = ORIENTED_EDGE('',*,*,#2902,.F.);
#5403 = ORIENTED_EDGE('',*,*,#2917,.T.);
#5404 = ORIENTED_EDGE('',*,*,#5405,.T.);
#5405 = EDGE_CURVE('',#2918,#5406,#5408,.T.);
#5406 = VERTEX_POINT('',#5407);
#5407 = CARTESIAN_POINT('',(2.498480775301,2.08,0.392364817767));
#5408 = CIRCLE('',#5409,0.1);
#5409 = AXIS2_PLACEMENT_3D('',#5410,#5411,#5412);
#5410 = CARTESIAN_POINT('',(2.4,2.08,0.375));
#5411 = DIRECTION('',(-1.110223024625E-16,1.,0.));
#5412 = DIRECTION('',(4.440892098501E-15,4.930380657631E-31,1.));
#5413 = ORIENTED_EDGE('',*,*,#5414,.T.);
#5414 = EDGE_CURVE('',#5406,#5415,#5417,.T.);
#5415 = VERTEX_POINT('',#5416);
#5416 = CARTESIAN_POINT('',(2.525838934336,2.08,0.206587955583));
#5417 = LINE('',#5418,#5419);
#5418 = CARTESIAN_POINT('',(2.498480775301,2.08,0.392364817767));
#5419 = VECTOR('',#5420,1.);
#5420 = DIRECTION('',(0.145692235845,1.617508747447E-17,-0.989329961345)
  );
#5421 = ORIENTED_EDGE('',*,*,#5422,.T.);
#5422 = EDGE_CURVE('',#5415,#5423,#5425,.T.);
#5423 = VERTEX_POINT('',#5424);
#5424 = CARTESIAN_POINT('',(2.772040872589,2.08,-5.551115123126E-17));
#5425 = CIRCLE('',#5426,0.25);
#5426 = AXIS2_PLACEMENT_3D('',#5427,#5428,#5429);
#5427 = CARTESIAN_POINT('',(2.772040872589,2.08,0.25));
#5428 = DIRECTION('',(1.110223024625E-16,-1.,0.));
#5429 = DIRECTION('',(-0.984807753012,-1.093356242223E-16,
    -0.173648177667));
#5430 = ORIENTED_EDGE('',*,*,#5431,.T.);
#5431 = EDGE_CURVE('',#5423,#5432,#5434,.T.);
#5432 = VERTEX_POINT('',#5433);
#5433 = CARTESIAN_POINT('',(3.2,2.08,-5.551115123126E-17));
#5434 = LINE('',#5435,#5436);
#5435 = CARTESIAN_POINT('',(2.772040872589,2.08,-5.551115123126E-17));
#5436 = VECTOR('',#5437,1.);
#5437 = DIRECTION('',(1.,1.110223024625E-16,0.));
#5438 = ORIENTED_EDGE('',*,*,#5439,.T.);
#5439 = EDGE_CURVE('',#5432,#5440,#5442,.T.);
#5440 = VERTEX_POINT('',#5441);
#5441 = CARTESIAN_POINT('',(3.2,2.08,0.15));
#5442 = LINE('',#5443,#5444);
#5443 = CARTESIAN_POINT('',(3.2,2.08,-5.551115123126E-17));
#5444 = VECTOR('',#5445,1.);
#5445 = DIRECTION('',(0.,0.,1.));
#5446 = ORIENTED_EDGE('',*,*,#5447,.T.);
#5447 = EDGE_CURVE('',#5440,#5448,#5450,.T.);
#5448 = VERTEX_POINT('',#5449);
#5449 = CARTESIAN_POINT('',(2.772040872589,2.08,0.15));
#5450 = LINE('',#5451,#5452);
#5451 = CARTESIAN_POINT('',(3.2,2.08,0.15));
#5452 = VECTOR('',#5453,1.);
#5453 = DIRECTION('',(-1.,-1.110223024625E-16,0.));
#5454 = ORIENTED_EDGE('',*,*,#5455,.T.);
#5455 = EDGE_CURVE('',#5448,#5456,#5458,.T.);
#5456 = VERTEX_POINT('',#5457);
#5457 = CARTESIAN_POINT('',(2.673560097287,2.08,0.232635182233));
#5458 = CIRCLE('',#5459,0.1);
#5459 = AXIS2_PLACEMENT_3D('',#5460,#5461,#5462);
#5460 = CARTESIAN_POINT('',(2.772040872589,2.08,0.25));
#5461 = DIRECTION('',(-1.110223024625E-16,1.,0.));
#5462 = DIRECTION('',(0.,0.,-1.));
#5463 = ORIENTED_EDGE('',*,*,#5464,.T.);
#5464 = EDGE_CURVE('',#5456,#5465,#5467,.T.);
#5465 = VERTEX_POINT('',#5466);
#5466 = CARTESIAN_POINT('',(2.646201938253,2.08,0.418412044417));
#5467 = LINE('',#5468,#5469);
#5468 = CARTESIAN_POINT('',(2.673560097287,2.08,0.232635182233));
#5469 = VECTOR('',#5470,1.);
#5470 = DIRECTION('',(-0.145692235845,-1.617508747447E-17,0.989329961345
    ));
#5471 = ORIENTED_EDGE('',*,*,#5472,.T.);
#5472 = EDGE_CURVE('',#5465,#3797,#5473,.T.);
#5473 = CIRCLE('',#5474,0.25);
#5474 = AXIS2_PLACEMENT_3D('',#5475,#5476,#5477);
#5475 = CARTESIAN_POINT('',(2.4,2.08,0.375));
#5476 = DIRECTION('',(1.110223024625E-16,-1.,0.));
#5477 = DIRECTION('',(0.984807753012,1.093356242223E-16,0.173648177667)
  );
#5478 = ORIENTED_EDGE('',*,*,#3796,.T.);
#5479 = PLANE('',#5480);
#5480 = AXIS2_PLACEMENT_3D('',#5481,#5482,#5483);
#5481 = CARTESIAN_POINT('',(2.637615762047,2.08,0.292893776214));
#5482 = DIRECTION('',(1.110223024625E-16,-1.,0.));
#5483 = DIRECTION('',(0.,0.,1.));
#5484 = ADVANCED_FACE('',(#5485),#5504,.F.);
#5485 = FACE_BOUND('',#5486,.F.);
#5486 = EDGE_LOOP('',(#5487,#5488,#5497,#5503));
#5487 = ORIENTED_EDGE('',*,*,#2934,.T.);
#5488 = ORIENTED_EDGE('',*,*,#5489,.T.);
#5489 = EDGE_CURVE('',#2927,#5490,#5492,.T.);
#5490 = VERTEX_POINT('',#5491);
#5491 = CARTESIAN_POINT('',(2.498480775301,1.82,0.392364817767));
#5492 = CIRCLE('',#5493,0.1);
#5493 = AXIS2_PLACEMENT_3D('',#5494,#5495,#5496);
#5494 = CARTESIAN_POINT('',(2.4,1.82,0.375));
#5495 = DIRECTION('',(-1.110223024625E-16,1.,0.));
#5496 = DIRECTION('',(4.440892098501E-15,4.930380657631E-31,1.));
#5497 = ORIENTED_EDGE('',*,*,#5498,.F.);
#5498 = EDGE_CURVE('',#5406,#5490,#5499,.T.);
#5499 = LINE('',#5500,#5501);
#5500 = CARTESIAN_POINT('',(2.498480775301,2.08,0.392364817767));
#5501 = VECTOR('',#5502,1.);
#5502 = DIRECTION('',(1.110223024625E-16,-1.,0.));
#5503 = ORIENTED_EDGE('',*,*,#5405,.F.);
#5504 = CYLINDRICAL_SURFACE('',#5505,0.1);
#5505 = AXIS2_PLACEMENT_3D('',#5506,#5507,#5508);
#5506 = CARTESIAN_POINT('',(2.4,2.08,0.375));
#5507 = DIRECTION('',(-1.110223024625E-16,1.,0.));
#5508 = DIRECTION('',(4.440892098501E-15,4.930380657631E-31,1.));
#5509 = ADVANCED_FACE('',(#5510),#5581,.T.);
#5510 = FACE_BOUND('',#5511,.T.);
#5511 = EDGE_LOOP('',(#5512,#5513,#5514,#5515,#5523,#5532,#5540,#5548,
    #5556,#5565,#5573,#5580));
#5512 = ORIENTED_EDGE('',*,*,#2948,.F.);
#5513 = ORIENTED_EDGE('',*,*,#2926,.T.);
#5514 = ORIENTED_EDGE('',*,*,#5489,.T.);
#5515 = ORIENTED_EDGE('',*,*,#5516,.T.);
#5516 = EDGE_CURVE('',#5490,#5517,#5519,.T.);
#5517 = VERTEX_POINT('',#5518);
#5518 = CARTESIAN_POINT('',(2.525838934336,1.82,0.206587955583));
#5519 = LINE('',#5520,#5521);
#5520 = CARTESIAN_POINT('',(2.498480775301,1.82,0.392364817767));
#5521 = VECTOR('',#5522,1.);
#5522 = DIRECTION('',(0.145692235845,1.617508747447E-17,-0.989329961345)
  );
#5523 = ORIENTED_EDGE('',*,*,#5524,.T.);
#5524 = EDGE_CURVE('',#5517,#5525,#5527,.T.);
#5525 = VERTEX_POINT('',#5526);
#5526 = CARTESIAN_POINT('',(2.772040872589,1.82,-5.551115123126E-17));
#5527 = CIRCLE('',#5528,0.25);
#5528 = AXIS2_PLACEMENT_3D('',#5529,#5530,#5531);
#5529 = CARTESIAN_POINT('',(2.772040872589,1.82,0.25));
#5530 = DIRECTION('',(1.110223024625E-16,-1.,0.));
#5531 = DIRECTION('',(-0.984807753012,-1.093356242223E-16,
    -0.173648177667));
#5532 = ORIENTED_EDGE('',*,*,#5533,.T.);
#5533 = EDGE_CURVE('',#5525,#5534,#5536,.T.);
#5534 = VERTEX_POINT('',#5535);
#5535 = CARTESIAN_POINT('',(3.2,1.82,-5.551115123126E-17));
#5536 = LINE('',#5537,#5538);
#5537 = CARTESIAN_POINT('',(2.772040872589,1.82,-5.551115123126E-17));
#5538 = VECTOR('',#5539,1.);
#5539 = DIRECTION('',(1.,1.110223024625E-16,0.));
#5540 = ORIENTED_EDGE('',*,*,#5541,.T.);
#5541 = EDGE_CURVE('',#5534,#5542,#5544,.T.);
#5542 = VERTEX_POINT('',#5543);
#5543 = CARTESIAN_POINT('',(3.2,1.82,0.15));
#5544 = LINE('',#5545,#5546);
#5545 = CARTESIAN_POINT('',(3.2,1.82,-5.551115123126E-17));
#5546 = VECTOR('',#5547,1.);
#5547 = DIRECTION('',(0.,0.,1.));
#5548 = ORIENTED_EDGE('',*,*,#5549,.T.);
#5549 = EDGE_CURVE('',#5542,#5550,#5552,.T.);
#5550 = VERTEX_POINT('',#5551);
#5551 = CARTESIAN_POINT('',(2.772040872589,1.82,0.15));
#5552 = LINE('',#5553,#5554);
#5553 = CARTESIAN_POINT('',(3.2,1.82,0.15));
#5554 = VECTOR('',#5555,1.);
#5555 = DIRECTION('',(-1.,-1.110223024625E-16,0.));
#5556 = ORIENTED_EDGE('',*,*,#5557,.T.);
#5557 = EDGE_CURVE('',#5550,#5558,#5560,.T.);
#5558 = VERTEX_POINT('',#5559);
#5559 = CARTESIAN_POINT('',(2.673560097287,1.82,0.232635182233));
#5560 = CIRCLE('',#5561,0.1);
#5561 = AXIS2_PLACEMENT_3D('',#5562,#5563,#5564);
#5562 = CARTESIAN_POINT('',(2.772040872589,1.82,0.25));
#5563 = DIRECTION('',(-1.110223024625E-16,1.,0.));
#5564 = DIRECTION('',(0.,0.,-1.));
#5565 = ORIENTED_EDGE('',*,*,#5566,.T.);
#5566 = EDGE_CURVE('',#5558,#5567,#5569,.T.);
#5567 = VERTEX_POINT('',#5568);
#5568 = CARTESIAN_POINT('',(2.646201938253,1.82,0.418412044417));
#5569 = LINE('',#5570,#5571);
#5570 = CARTESIAN_POINT('',(2.673560097287,1.82,0.232635182233));
#5571 = VECTOR('',#5572,1.);
#5572 = DIRECTION('',(-0.145692235845,-1.617508747447E-17,0.989329961345
    ));
#5573 = ORIENTED_EDGE('',*,*,#5574,.T.);
#5574 = EDGE_CURVE('',#5567,#3805,#5575,.T.);
#5575 = CIRCLE('',#5576,0.25);
#5576 = AXIS2_PLACEMENT_3D('',#5577,#5578,#5579);
#5577 = CARTESIAN_POINT('',(2.4,1.82,0.375));
#5578 = DIRECTION('',(1.110223024625E-16,-1.,0.));
#5579 = DIRECTION('',(0.984807753012,1.093356242223E-16,0.173648177667)
  );
#5580 = ORIENTED_EDGE('',*,*,#3812,.T.);
#5581 = PLANE('',#5582);
#5582 = AXIS2_PLACEMENT_3D('',#5583,#5584,#5585);
#5583 = CARTESIAN_POINT('',(2.637615762047,1.82,0.292893776214));
#5584 = DIRECTION('',(1.110223024625E-16,-1.,0.));
#5585 = DIRECTION('',(0.,0.,1.));
#5586 = ADVANCED_FACE('',(#5587),#5598,.F.);
#5587 = FACE_BOUND('',#5588,.F.);
#5588 = EDGE_LOOP('',(#5589,#5590,#5591,#5597));
#5589 = ORIENTED_EDGE('',*,*,#3818,.F.);
#5590 = ORIENTED_EDGE('',*,*,#2965,.T.);
#5591 = ORIENTED_EDGE('',*,*,#5592,.T.);
#5592 = EDGE_CURVE('',#2958,#3671,#5593,.T.);
#5593 = LINE('',#5594,#5595);
#5594 = CARTESIAN_POINT('',(2.4,1.43,0.625));
#5595 = VECTOR('',#5596,1.);
#5596 = DIRECTION('',(-1.,-1.110223024625E-16,0.));
#5597 = ORIENTED_EDGE('',*,*,#3670,.F.);
#5598 = PLANE('',#5599);
#5599 = AXIS2_PLACEMENT_3D('',#5600,#5601,#5602);
#5600 = CARTESIAN_POINT('',(-3.188450421961E-18,2.475,0.625));
#5601 = DIRECTION('',(0.,0.,-1.));
#5602 = DIRECTION('',(1.,1.111674977262E-16,0.));
#5603 = ADVANCED_FACE('',(#5604),#5690,.F.);
#5604 = FACE_BOUND('',#5605,.F.);
#5605 = EDGE_LOOP('',(#5606,#5607,#5608,#5617,#5625,#5634,#5642,#5650,
    #5658,#5667,#5675,#5684));
#5606 = ORIENTED_EDGE('',*,*,#2957,.F.);
#5607 = ORIENTED_EDGE('',*,*,#2979,.T.);
#5608 = ORIENTED_EDGE('',*,*,#5609,.T.);
#5609 = EDGE_CURVE('',#2980,#5610,#5612,.T.);
#5610 = VERTEX_POINT('',#5611);
#5611 = CARTESIAN_POINT('',(2.498480775301,1.43,0.392364817767));
#5612 = CIRCLE('',#5613,0.1);
#5613 = AXIS2_PLACEMENT_3D('',#5614,#5615,#5616);
#5614 = CARTESIAN_POINT('',(2.4,1.43,0.375));
#5615 = DIRECTION('',(-1.110223024625E-16,1.,0.));
#5616 = DIRECTION('',(4.440892098501E-15,4.930380657631E-31,1.));
#5617 = ORIENTED_EDGE('',*,*,#5618,.T.);
#5618 = EDGE_CURVE('',#5610,#5619,#5621,.T.);
#5619 = VERTEX_POINT('',#5620);
#5620 = CARTESIAN_POINT('',(2.525838934336,1.43,0.206587955583));
#5621 = LINE('',#5622,#5623);
#5622 = CARTESIAN_POINT('',(2.498480775301,1.43,0.392364817767));
#5623 = VECTOR('',#5624,1.);
#5624 = DIRECTION('',(0.145692235845,1.617508747447E-17,-0.989329961345)
  );
#5625 = ORIENTED_EDGE('',*,*,#5626,.T.);
#5626 = EDGE_CURVE('',#5619,#5627,#5629,.T.);
#5627 = VERTEX_POINT('',#5628);
#5628 = CARTESIAN_POINT('',(2.772040872589,1.43,-5.551115123126E-17));
#5629 = CIRCLE('',#5630,0.25);
#5630 = AXIS2_PLACEMENT_3D('',#5631,#5632,#5633);
#5631 = CARTESIAN_POINT('',(2.772040872589,1.43,0.25));
#5632 = DIRECTION('',(1.110223024625E-16,-1.,0.));
#5633 = DIRECTION('',(-0.984807753012,-1.093356242223E-16,
    -0.173648177667));
#5634 = ORIENTED_EDGE('',*,*,#5635,.T.);
#5635 = EDGE_CURVE('',#5627,#5636,#5638,.T.);
#5636 = VERTEX_POINT('',#5637);
#5637 = CARTESIAN_POINT('',(3.2,1.43,-5.551115123126E-17));
#5638 = LINE('',#5639,#5640);
#5639 = CARTESIAN_POINT('',(2.772040872589,1.43,-5.551115123126E-17));
#5640 = VECTOR('',#5641,1.);
#5641 = DIRECTION('',(1.,1.110223024625E-16,0.));
#5642 = ORIENTED_EDGE('',*,*,#5643,.T.);
#5643 = EDGE_CURVE('',#5636,#5644,#5646,.T.);
#5644 = VERTEX_POINT('',#5645);
#5645 = CARTESIAN_POINT('',(3.2,1.43,0.15));
#5646 = LINE('',#5647,#5648);
#5647 = CARTESIAN_POINT('',(3.2,1.43,-5.551115123126E-17));
#5648 = VECTOR('',#5649,1.);
#5649 = DIRECTION('',(0.,0.,1.));
#5650 = ORIENTED_EDGE('',*,*,#5651,.T.);
#5651 = EDGE_CURVE('',#5644,#5652,#5654,.T.);
#5652 = VERTEX_POINT('',#5653);
#5653 = CARTESIAN_POINT('',(2.772040872589,1.43,0.15));
#5654 = LINE('',#5655,#5656);
#5655 = CARTESIAN_POINT('',(3.2,1.43,0.15));
#5656 = VECTOR('',#5657,1.);
#5657 = DIRECTION('',(-1.,-1.110223024625E-16,0.));
#5658 = ORIENTED_EDGE('',*,*,#5659,.T.);
#5659 = EDGE_CURVE('',#5652,#5660,#5662,.T.);
#5660 = VERTEX_POINT('',#5661);
#5661 = CARTESIAN_POINT('',(2.673560097287,1.43,0.232635182233));
#5662 = CIRCLE('',#5663,0.1);
#5663 = AXIS2_PLACEMENT_3D('',#5664,#5665,#5666);
#5664 = CARTESIAN_POINT('',(2.772040872589,1.43,0.25));
#5665 = DIRECTION('',(-1.110223024625E-16,1.,0.));
#5666 = DIRECTION('',(0.,0.,-1.));
#5667 = ORIENTED_EDGE('',*,*,#5668,.T.);
#5668 = EDGE_CURVE('',#5660,#5669,#5671,.T.);
#5669 = VERTEX_POINT('',#5670);
#5670 = CARTESIAN_POINT('',(2.646201938253,1.43,0.418412044417));
#5671 = LINE('',#5672,#5673);
#5672 = CARTESIAN_POINT('',(2.673560097287,1.43,0.232635182233));
#5673 = VECTOR('',#5674,1.);
#5674 = DIRECTION('',(-0.145692235845,-1.617508747447E-17,0.989329961345
    ));
#5675 = ORIENTED_EDGE('',*,*,#5676,.T.);
#5676 = EDGE_CURVE('',#5669,#5677,#5679,.T.);
#5677 = VERTEX_POINT('',#5678);
#5678 = CARTESIAN_POINT('',(2.4,1.43,0.625));
#5679 = CIRCLE('',#5680,0.25);
#5680 = AXIS2_PLACEMENT_3D('',#5681,#5682,#5683);
#5681 = CARTESIAN_POINT('',(2.4,1.43,0.375));
#5682 = DIRECTION('',(1.110223024625E-16,-1.,0.));
#5683 = DIRECTION('',(0.984807753012,1.093356242223E-16,0.173648177667)
  );
#5684 = ORIENTED_EDGE('',*,*,#5685,.T.);
#5685 = EDGE_CURVE('',#5677,#2958,#5686,.T.);
#5686 = LINE('',#5687,#5688);
#5687 = CARTESIAN_POINT('',(2.4,1.43,0.625));
#5688 = VECTOR('',#5689,1.);
#5689 = DIRECTION('',(-1.,-1.110223024625E-16,0.));
#5690 = PLANE('',#5691);
#5691 = AXIS2_PLACEMENT_3D('',#5692,#5693,#5694);
#5692 = CARTESIAN_POINT('',(2.637615762047,1.43,0.292893776214));
#5693 = DIRECTION('',(1.110223024625E-16,-1.,0.));
#5694 = DIRECTION('',(0.,0.,1.));
#5695 = ADVANCED_FACE('',(#5696),#5715,.F.);
#5696 = FACE_BOUND('',#5697,.F.);
#5697 = EDGE_LOOP('',(#5698,#5699,#5708,#5714));
#5698 = ORIENTED_EDGE('',*,*,#2996,.T.);
#5699 = ORIENTED_EDGE('',*,*,#5700,.T.);
#5700 = EDGE_CURVE('',#2989,#5701,#5703,.T.);
#5701 = VERTEX_POINT('',#5702);
#5702 = CARTESIAN_POINT('',(2.498480775301,1.17,0.392364817767));
#5703 = CIRCLE('',#5704,0.1);
#5704 = AXIS2_PLACEMENT_3D('',#5705,#5706,#5707);
#5705 = CARTESIAN_POINT('',(2.4,1.17,0.375));
#5706 = DIRECTION('',(-1.110223024625E-16,1.,0.));
#5707 = DIRECTION('',(4.440892098501E-15,4.930380657631E-31,1.));
#5708 = ORIENTED_EDGE('',*,*,#5709,.F.);
#5709 = EDGE_CURVE('',#5610,#5701,#5710,.T.);
#5710 = LINE('',#5711,#5712);
#5711 = CARTESIAN_POINT('',(2.498480775301,1.43,0.392364817767));
#5712 = VECTOR('',#5713,1.);
#5713 = DIRECTION('',(1.110223024625E-16,-1.,0.));
#5714 = ORIENTED_EDGE('',*,*,#5609,.F.);
#5715 = CYLINDRICAL_SURFACE('',#5716,0.1);
#5716 = AXIS2_PLACEMENT_3D('',#5717,#5718,#5719);
#5717 = CARTESIAN_POINT('',(2.4,1.43,0.375));
#5718 = DIRECTION('',(-1.110223024625E-16,1.,0.));
#5719 = DIRECTION('',(4.440892098501E-15,4.930380657631E-31,1.));
#5720 = ADVANCED_FACE('',(#5721),#5799,.T.);
#5721 = FACE_BOUND('',#5722,.T.);
#5722 = EDGE_LOOP('',(#5723,#5724,#5725,#5726,#5734,#5743,#5751,#5759,
    #5767,#5776,#5784,#5793));
#5723 = ORIENTED_EDGE('',*,*,#3010,.F.);
#5724 = ORIENTED_EDGE('',*,*,#2988,.T.);
#5725 = ORIENTED_EDGE('',*,*,#5700,.T.);
#5726 = ORIENTED_EDGE('',*,*,#5727,.T.);
#5727 = EDGE_CURVE('',#5701,#5728,#5730,.T.);
#5728 = VERTEX_POINT('',#5729);
#5729 = CARTESIAN_POINT('',(2.525838934336,1.17,0.206587955583));
#5730 = LINE('',#5731,#5732);
#5731 = CARTESIAN_POINT('',(2.498480775301,1.17,0.392364817767));
#5732 = VECTOR('',#5733,1.);
#5733 = DIRECTION('',(0.145692235845,1.617508747447E-17,-0.989329961345)
  );
#5734 = ORIENTED_EDGE('',*,*,#5735,.T.);
#5735 = EDGE_CURVE('',#5728,#5736,#5738,.T.);
#5736 = VERTEX_POINT('',#5737);
#5737 = CARTESIAN_POINT('',(2.772040872589,1.17,-5.551115123126E-17));
#5738 = CIRCLE('',#5739,0.25);
#5739 = AXIS2_PLACEMENT_3D('',#5740,#5741,#5742);
#5740 = CARTESIAN_POINT('',(2.772040872589,1.17,0.25));
#5741 = DIRECTION('',(1.110223024625E-16,-1.,0.));
#5742 = DIRECTION('',(-0.984807753012,-1.093356242223E-16,
    -0.173648177667));
#5743 = ORIENTED_EDGE('',*,*,#5744,.T.);
#5744 = EDGE_CURVE('',#5736,#5745,#5747,.T.);
#5745 = VERTEX_POINT('',#5746);
#5746 = CARTESIAN_POINT('',(3.2,1.17,-5.551115123126E-17));
#5747 = LINE('',#5748,#5749);
#5748 = CARTESIAN_POINT('',(2.772040872589,1.17,-5.551115123126E-17));
#5749 = VECTOR('',#5750,1.);
#5750 = DIRECTION('',(1.,1.110223024625E-16,0.));
#5751 = ORIENTED_EDGE('',*,*,#5752,.T.);
#5752 = EDGE_CURVE('',#5745,#5753,#5755,.T.);
#5753 = VERTEX_POINT('',#5754);
#5754 = CARTESIAN_POINT('',(3.2,1.17,0.15));
#5755 = LINE('',#5756,#5757);
#5756 = CARTESIAN_POINT('',(3.2,1.17,-5.551115123126E-17));
#5757 = VECTOR('',#5758,1.);
#5758 = DIRECTION('',(0.,0.,1.));
#5759 = ORIENTED_EDGE('',*,*,#5760,.T.);
#5760 = EDGE_CURVE('',#5753,#5761,#5763,.T.);
#5761 = VERTEX_POINT('',#5762);
#5762 = CARTESIAN_POINT('',(2.772040872589,1.17,0.15));
#5763 = LINE('',#5764,#5765);
#5764 = CARTESIAN_POINT('',(3.2,1.17,0.15));
#5765 = VECTOR('',#5766,1.);
#5766 = DIRECTION('',(-1.,-1.110223024625E-16,0.));
#5767 = ORIENTED_EDGE('',*,*,#5768,.T.);
#5768 = EDGE_CURVE('',#5761,#5769,#5771,.T.);
#5769 = VERTEX_POINT('',#5770);
#5770 = CARTESIAN_POINT('',(2.673560097287,1.17,0.232635182233));
#5771 = CIRCLE('',#5772,0.1);
#5772 = AXIS2_PLACEMENT_3D('',#5773,#5774,#5775);
#5773 = CARTESIAN_POINT('',(2.772040872589,1.17,0.25));
#5774 = DIRECTION('',(-1.110223024625E-16,1.,0.));
#5775 = DIRECTION('',(0.,0.,-1.));
#5776 = ORIENTED_EDGE('',*,*,#5777,.T.);
#5777 = EDGE_CURVE('',#5769,#5778,#5780,.T.);
#5778 = VERTEX_POINT('',#5779);
#5779 = CARTESIAN_POINT('',(2.646201938253,1.17,0.418412044417));
#5780 = LINE('',#5781,#5782);
#5781 = CARTESIAN_POINT('',(2.673560097287,1.17,0.232635182233));
#5782 = VECTOR('',#5783,1.);
#5783 = DIRECTION('',(-0.145692235845,-1.617508747447E-17,0.989329961345
    ));
#5784 = ORIENTED_EDGE('',*,*,#5785,.T.);
#5785 = EDGE_CURVE('',#5778,#5786,#5788,.T.);
#5786 = VERTEX_POINT('',#5787);
#5787 = CARTESIAN_POINT('',(2.4,1.17,0.625));
#5788 = CIRCLE('',#5789,0.25);
#5789 = AXIS2_PLACEMENT_3D('',#5790,#5791,#5792);
#5790 = CARTESIAN_POINT('',(2.4,1.17,0.375));
#5791 = DIRECTION('',(1.110223024625E-16,-1.,0.));
#5792 = DIRECTION('',(0.984807753012,1.093356242223E-16,0.173648177667)
  );
#5793 = ORIENTED_EDGE('',*,*,#5794,.T.);
#5794 = EDGE_CURVE('',#5786,#3011,#5795,.T.);
#5795 = LINE('',#5796,#5797);
#5796 = CARTESIAN_POINT('',(2.4,1.17,0.625));
#5797 = VECTOR('',#5798,1.);
#5798 = DIRECTION('',(-1.,-1.110223024625E-16,0.));
#5799 = PLANE('',#5800);
#5800 = AXIS2_PLACEMENT_3D('',#5801,#5802,#5803);
#5801 = CARTESIAN_POINT('',(2.637615762047,1.17,0.292893776214));
#5802 = DIRECTION('',(1.110223024625E-16,-1.,0.));
#5803 = DIRECTION('',(0.,0.,1.));
#5804 = ADVANCED_FACE('',(#5805),#5821,.F.);
#5805 = FACE_BOUND('',#5806,.F.);
#5806 = EDGE_LOOP('',(#5807,#5813,#5814,#5820));
#5807 = ORIENTED_EDGE('',*,*,#5808,.F.);
#5808 = EDGE_CURVE('',#3011,#3679,#5809,.T.);
#5809 = LINE('',#5810,#5811);
#5810 = CARTESIAN_POINT('',(2.4,1.17,0.625));
#5811 = VECTOR('',#5812,1.);
#5812 = DIRECTION('',(-1.,-1.110223024625E-16,0.));
#5813 = ORIENTED_EDGE('',*,*,#3027,.T.);
#5814 = ORIENTED_EDGE('',*,*,#5815,.T.);
#5815 = EDGE_CURVE('',#3020,#3687,#5816,.T.);
#5816 = LINE('',#5817,#5818);
#5817 = CARTESIAN_POINT('',(2.4,0.78,0.625));
#5818 = VECTOR('',#5819,1.);
#5819 = DIRECTION('',(-1.,-1.110223024625E-16,0.));
#5820 = ORIENTED_EDGE('',*,*,#3686,.F.);
#5821 = PLANE('',#5822);
#5822 = AXIS2_PLACEMENT_3D('',#5823,#5824,#5825);
#5823 = CARTESIAN_POINT('',(-3.188450421961E-18,2.475,0.625));
#5824 = DIRECTION('',(0.,0.,-1.));
#5825 = DIRECTION('',(1.,1.111674977262E-16,0.));
#5826 = ADVANCED_FACE('',(#5827),#5913,.F.);
#5827 = FACE_BOUND('',#5828,.F.);
#5828 = EDGE_LOOP('',(#5829,#5830,#5831,#5840,#5848,#5857,#5865,#5873,
    #5881,#5890,#5898,#5907));
#5829 = ORIENTED_EDGE('',*,*,#3019,.F.);
#5830 = ORIENTED_EDGE('',*,*,#3041,.T.);
#5831 = ORIENTED_EDGE('',*,*,#5832,.T.);
#5832 = EDGE_CURVE('',#3042,#5833,#5835,.T.);
#5833 = VERTEX_POINT('',#5834);
#5834 = CARTESIAN_POINT('',(2.498480775301,0.78,0.392364817767));
#5835 = CIRCLE('',#5836,0.1);
#5836 = AXIS2_PLACEMENT_3D('',#5837,#5838,#5839);
#5837 = CARTESIAN_POINT('',(2.4,0.78,0.375));
#5838 = DIRECTION('',(-1.110223024625E-16,1.,0.));
#5839 = DIRECTION('',(4.440892098501E-15,4.930380657631E-31,1.));
#5840 = ORIENTED_EDGE('',*,*,#5841,.T.);
#5841 = EDGE_CURVE('',#5833,#5842,#5844,.T.);
#5842 = VERTEX_POINT('',#5843);
#5843 = CARTESIAN_POINT('',(2.525838934336,0.78,0.206587955583));
#5844 = LINE('',#5845,#5846);
#5845 = CARTESIAN_POINT('',(2.498480775301,0.78,0.392364817767));
#5846 = VECTOR('',#5847,1.);
#5847 = DIRECTION('',(0.145692235845,1.617508747447E-17,-0.989329961345)
  );
#5848 = ORIENTED_EDGE('',*,*,#5849,.T.);
#5849 = EDGE_CURVE('',#5842,#5850,#5852,.T.);
#5850 = VERTEX_POINT('',#5851);
#5851 = CARTESIAN_POINT('',(2.772040872589,0.78,-5.551115123126E-17));
#5852 = CIRCLE('',#5853,0.25);
#5853 = AXIS2_PLACEMENT_3D('',#5854,#5855,#5856);
#5854 = CARTESIAN_POINT('',(2.772040872589,0.78,0.25));
#5855 = DIRECTION('',(1.110223024625E-16,-1.,0.));
#5856 = DIRECTION('',(-0.984807753012,-1.093356242223E-16,
    -0.173648177667));
#5857 = ORIENTED_EDGE('',*,*,#5858,.T.);
#5858 = EDGE_CURVE('',#5850,#5859,#5861,.T.);
#5859 = VERTEX_POINT('',#5860);
#5860 = CARTESIAN_POINT('',(3.2,0.78,-5.551115123126E-17));
#5861 = LINE('',#5862,#5863);
#5862 = CARTESIAN_POINT('',(2.772040872589,0.78,-5.551115123126E-17));
#5863 = VECTOR('',#5864,1.);
#5864 = DIRECTION('',(1.,1.110223024625E-16,0.));
#5865 = ORIENTED_EDGE('',*,*,#5866,.T.);
#5866 = EDGE_CURVE('',#5859,#5867,#5869,.T.);
#5867 = VERTEX_POINT('',#5868);
#5868 = CARTESIAN_POINT('',(3.2,0.78,0.15));
#5869 = LINE('',#5870,#5871);
#5870 = CARTESIAN_POINT('',(3.2,0.78,-5.551115123126E-17));
#5871 = VECTOR('',#5872,1.);
#5872 = DIRECTION('',(0.,0.,1.));
#5873 = ORIENTED_EDGE('',*,*,#5874,.T.);
#5874 = EDGE_CURVE('',#5867,#5875,#5877,.T.);
#5875 = VERTEX_POINT('',#5876);
#5876 = CARTESIAN_POINT('',(2.772040872589,0.78,0.15));
#5877 = LINE('',#5878,#5879);
#5878 = CARTESIAN_POINT('',(3.2,0.78,0.15));
#5879 = VECTOR('',#5880,1.);
#5880 = DIRECTION('',(-1.,-1.110223024625E-16,0.));
#5881 = ORIENTED_EDGE('',*,*,#5882,.T.);
#5882 = EDGE_CURVE('',#5875,#5883,#5885,.T.);
#5883 = VERTEX_POINT('',#5884);
#5884 = CARTESIAN_POINT('',(2.673560097287,0.78,0.232635182233));
#5885 = CIRCLE('',#5886,0.1);
#5886 = AXIS2_PLACEMENT_3D('',#5887,#5888,#5889);
#5887 = CARTESIAN_POINT('',(2.772040872589,0.78,0.25));
#5888 = DIRECTION('',(-1.110223024625E-16,1.,0.));
#5889 = DIRECTION('',(0.,0.,-1.));
#5890 = ORIENTED_EDGE('',*,*,#5891,.T.);
#5891 = EDGE_CURVE('',#5883,#5892,#5894,.T.);
#5892 = VERTEX_POINT('',#5893);
#5893 = CARTESIAN_POINT('',(2.646201938253,0.78,0.418412044417));
#5894 = LINE('',#5895,#5896);
#5895 = CARTESIAN_POINT('',(2.673560097287,0.78,0.232635182233));
#5896 = VECTOR('',#5897,1.);
#5897 = DIRECTION('',(-0.145692235845,-1.617508747447E-17,0.989329961345
    ));
#5898 = ORIENTED_EDGE('',*,*,#5899,.T.);
#5899 = EDGE_CURVE('',#5892,#5900,#5902,.T.);
#5900 = VERTEX_POINT('',#5901);
#5901 = CARTESIAN_POINT('',(2.4,0.78,0.625));
#5902 = CIRCLE('',#5903,0.25);
#5903 = AXIS2_PLACEMENT_3D('',#5904,#5905,#5906);
#5904 = CARTESIAN_POINT('',(2.4,0.78,0.375));
#5905 = DIRECTION('',(1.110223024625E-16,-1.,0.));
#5906 = DIRECTION('',(0.984807753012,1.093356242223E-16,0.173648177667)
  );
#5907 = ORIENTED_EDGE('',*,*,#5908,.T.);
#5908 = EDGE_CURVE('',#5900,#3020,#5909,.T.);
#5909 = LINE('',#5910,#5911);
#5910 = CARTESIAN_POINT('',(2.4,0.78,0.625));
#5911 = VECTOR('',#5912,1.);
#5912 = DIRECTION('',(-1.,-1.110223024625E-16,0.));
#5913 = PLANE('',#5914);
#5914 = AXIS2_PLACEMENT_3D('',#5915,#5916,#5917);
#5915 = CARTESIAN_POINT('',(2.637615762047,0.78,0.292893776214));
#5916 = DIRECTION('',(1.110223024625E-16,-1.,0.));
#5917 = DIRECTION('',(0.,0.,1.));
#5918 = ADVANCED_FACE('',(#5919),#5938,.F.);
#5919 = FACE_BOUND('',#5920,.F.);
#5920 = EDGE_LOOP('',(#5921,#5922,#5931,#5937));
#5921 = ORIENTED_EDGE('',*,*,#3058,.T.);
#5922 = ORIENTED_EDGE('',*,*,#5923,.T.);
#5923 = EDGE_CURVE('',#3051,#5924,#5926,.T.);
#5924 = VERTEX_POINT('',#5925);
#5925 = CARTESIAN_POINT('',(2.498480775301,0.52,0.392364817767));
#5926 = CIRCLE('',#5927,0.1);
#5927 = AXIS2_PLACEMENT_3D('',#5928,#5929,#5930);
#5928 = CARTESIAN_POINT('',(2.4,0.52,0.375));
#5929 = DIRECTION('',(-1.110223024625E-16,1.,0.));
#5930 = DIRECTION('',(4.440892098501E-15,4.930380657631E-31,1.));
#5931 = ORIENTED_EDGE('',*,*,#5932,.F.);
#5932 = EDGE_CURVE('',#5833,#5924,#5933,.T.);
#5933 = LINE('',#5934,#5935);
#5934 = CARTESIAN_POINT('',(2.498480775301,0.78,0.392364817767));
#5935 = VECTOR('',#5936,1.);
#5936 = DIRECTION('',(1.110223024625E-16,-1.,0.));
#5937 = ORIENTED_EDGE('',*,*,#5832,.F.);
#5938 = CYLINDRICAL_SURFACE('',#5939,0.1);
#5939 = AXIS2_PLACEMENT_3D('',#5940,#5941,#5942);
#5940 = CARTESIAN_POINT('',(2.4,0.78,0.375));
#5941 = DIRECTION('',(-1.110223024625E-16,1.,0.));
#5942 = DIRECTION('',(4.440892098501E-15,4.930380657631E-31,1.));
#5943 = ADVANCED_FACE('',(#5944),#6022,.T.);
#5944 = FACE_BOUND('',#5945,.T.);
#5945 = EDGE_LOOP('',(#5946,#5947,#5948,#5949,#5957,#5966,#5974,#5982,
    #5990,#5999,#6007,#6016));
#5946 = ORIENTED_EDGE('',*,*,#3072,.F.);
#5947 = ORIENTED_EDGE('',*,*,#3050,.T.);
#5948 = ORIENTED_EDGE('',*,*,#5923,.T.);
#5949 = ORIENTED_EDGE('',*,*,#5950,.T.);
#5950 = EDGE_CURVE('',#5924,#5951,#5953,.T.);
#5951 = VERTEX_POINT('',#5952);
#5952 = CARTESIAN_POINT('',(2.525838934336,0.52,0.206587955583));
#5953 = LINE('',#5954,#5955);
#5954 = CARTESIAN_POINT('',(2.498480775301,0.52,0.392364817767));
#5955 = VECTOR('',#5956,1.);
#5956 = DIRECTION('',(0.145692235845,1.617508747447E-17,-0.989329961345)
  );
#5957 = ORIENTED_EDGE('',*,*,#5958,.T.);
#5958 = EDGE_CURVE('',#5951,#5959,#5961,.T.);
#5959 = VERTEX_POINT('',#5960);
#5960 = CARTESIAN_POINT('',(2.772040872589,0.52,-5.551115123126E-17));
#5961 = CIRCLE('',#5962,0.25);
#5962 = AXIS2_PLACEMENT_3D('',#5963,#5964,#5965);
#5963 = CARTESIAN_POINT('',(2.772040872589,0.52,0.25));
#5964 = DIRECTION('',(1.110223024625E-16,-1.,0.));
#5965 = DIRECTION('',(-0.984807753012,-1.093356242223E-16,
    -0.173648177667));
#5966 = ORIENTED_EDGE('',*,*,#5967,.T.);
#5967 = EDGE_CURVE('',#5959,#5968,#5970,.T.);
#5968 = VERTEX_POINT('',#5969);
#5969 = CARTESIAN_POINT('',(3.2,0.52,-5.551115123126E-17));
#5970 = LINE('',#5971,#5972);
#5971 = CARTESIAN_POINT('',(2.772040872589,0.52,-5.551115123126E-17));
#5972 = VECTOR('',#5973,1.);
#5973 = DIRECTION('',(1.,1.110223024625E-16,0.));
#5974 = ORIENTED_EDGE('',*,*,#5975,.T.);
#5975 = EDGE_CURVE('',#5968,#5976,#5978,.T.);
#5976 = VERTEX_POINT('',#5977);
#5977 = CARTESIAN_POINT('',(3.2,0.52,0.15));
#5978 = LINE('',#5979,#5980);
#5979 = CARTESIAN_POINT('',(3.2,0.52,-5.551115123126E-17));
#5980 = VECTOR('',#5981,1.);
#5981 = DIRECTION('',(0.,0.,1.));
#5982 = ORIENTED_EDGE('',*,*,#5983,.T.);
#5983 = EDGE_CURVE('',#5976,#5984,#5986,.T.);
#5984 = VERTEX_POINT('',#5985);
#5985 = CARTESIAN_POINT('',(2.772040872589,0.52,0.15));
#5986 = LINE('',#5987,#5988);
#5987 = CARTESIAN_POINT('',(3.2,0.52,0.15));
#5988 = VECTOR('',#5989,1.);
#5989 = DIRECTION('',(-1.,-1.110223024625E-16,0.));
#5990 = ORIENTED_EDGE('',*,*,#5991,.T.);
#5991 = EDGE_CURVE('',#5984,#5992,#5994,.T.);
#5992 = VERTEX_POINT('',#5993);
#5993 = CARTESIAN_POINT('',(2.673560097287,0.52,0.232635182233));
#5994 = CIRCLE('',#5995,0.1);
#5995 = AXIS2_PLACEMENT_3D('',#5996,#5997,#5998);
#5996 = CARTESIAN_POINT('',(2.772040872589,0.52,0.25));
#5997 = DIRECTION('',(-1.110223024625E-16,1.,0.));
#5998 = DIRECTION('',(0.,0.,-1.));
#5999 = ORIENTED_EDGE('',*,*,#6000,.T.);
#6000 = EDGE_CURVE('',#5992,#6001,#6003,.T.);
#6001 = VERTEX_POINT('',#6002);
#6002 = CARTESIAN_POINT('',(2.646201938253,0.52,0.418412044417));
#6003 = LINE('',#6004,#6005);
#6004 = CARTESIAN_POINT('',(2.673560097287,0.52,0.232635182233));
#6005 = VECTOR('',#6006,1.);
#6006 = DIRECTION('',(-0.145692235845,-1.617508747447E-17,0.989329961345
    ));
#6007 = ORIENTED_EDGE('',*,*,#6008,.T.);
#6008 = EDGE_CURVE('',#6001,#6009,#6011,.T.);
#6009 = VERTEX_POINT('',#6010);
#6010 = CARTESIAN_POINT('',(2.4,0.52,0.625));
#6011 = CIRCLE('',#6012,0.25);
#6012 = AXIS2_PLACEMENT_3D('',#6013,#6014,#6015);
#6013 = CARTESIAN_POINT('',(2.4,0.52,0.375));
#6014 = DIRECTION('',(1.110223024625E-16,-1.,0.));
#6015 = DIRECTION('',(0.984807753012,1.093356242223E-16,0.173648177667)
  );
#6016 = ORIENTED_EDGE('',*,*,#6017,.T.);
#6017 = EDGE_CURVE('',#6009,#3073,#6018,.T.);
#6018 = LINE('',#6019,#6020);
#6019 = CARTESIAN_POINT('',(2.4,0.52,0.625));
#6020 = VECTOR('',#6021,1.);
#6021 = DIRECTION('',(-1.,-1.110223024625E-16,0.));
#6022 = PLANE('',#6023);
#6023 = AXIS2_PLACEMENT_3D('',#6024,#6025,#6026);
#6024 = CARTESIAN_POINT('',(2.637615762047,0.52,0.292893776214));
#6025 = DIRECTION('',(1.110223024625E-16,-1.,0.));
#6026 = DIRECTION('',(0.,0.,1.));
#6027 = ADVANCED_FACE('',(#6028),#6044,.F.);
#6028 = FACE_BOUND('',#6029,.F.);
#6029 = EDGE_LOOP('',(#6030,#6036,#6037,#6043));
#6030 = ORIENTED_EDGE('',*,*,#6031,.F.);
#6031 = EDGE_CURVE('',#3073,#3695,#6032,.T.);
#6032 = LINE('',#6033,#6034);
#6033 = CARTESIAN_POINT('',(2.4,0.52,0.625));
#6034 = VECTOR('',#6035,1.);
#6035 = DIRECTION('',(-1.,-1.110223024625E-16,0.));
#6036 = ORIENTED_EDGE('',*,*,#3089,.T.);
#6037 = ORIENTED_EDGE('',*,*,#6038,.T.);
#6038 = EDGE_CURVE('',#3082,#3703,#6039,.T.);
#6039 = LINE('',#6040,#6041);
#6040 = CARTESIAN_POINT('',(2.4,0.13,0.625));
#6041 = VECTOR('',#6042,1.);
#6042 = DIRECTION('',(-1.,-1.110223024625E-16,0.));
#6043 = ORIENTED_EDGE('',*,*,#3702,.F.);
#6044 = PLANE('',#6045);
#6045 = AXIS2_PLACEMENT_3D('',#6046,#6047,#6048);
#6046 = CARTESIAN_POINT('',(-3.188450421961E-18,2.475,0.625));
#6047 = DIRECTION('',(0.,0.,-1.));
#6048 = DIRECTION('',(1.,1.111674977262E-16,0.));
#6049 = ADVANCED_FACE('',(#6050),#6136,.F.);
#6050 = FACE_BOUND('',#6051,.F.);
#6051 = EDGE_LOOP('',(#6052,#6053,#6054,#6063,#6071,#6080,#6088,#6096,
    #6104,#6113,#6121,#6130));
#6052 = ORIENTED_EDGE('',*,*,#3081,.F.);
#6053 = ORIENTED_EDGE('',*,*,#3103,.T.);
#6054 = ORIENTED_EDGE('',*,*,#6055,.T.);
#6055 = EDGE_CURVE('',#3104,#6056,#6058,.T.);
#6056 = VERTEX_POINT('',#6057);
#6057 = CARTESIAN_POINT('',(2.498480775301,0.13,0.392364817767));
#6058 = CIRCLE('',#6059,0.1);
#6059 = AXIS2_PLACEMENT_3D('',#6060,#6061,#6062);
#6060 = CARTESIAN_POINT('',(2.4,0.13,0.375));
#6061 = DIRECTION('',(-1.110223024625E-16,1.,0.));
#6062 = DIRECTION('',(4.440892098501E-15,4.930380657631E-31,1.));
#6063 = ORIENTED_EDGE('',*,*,#6064,.T.);
#6064 = EDGE_CURVE('',#6056,#6065,#6067,.T.);
#6065 = VERTEX_POINT('',#6066);
#6066 = CARTESIAN_POINT('',(2.525838934336,0.13,0.206587955583));
#6067 = LINE('',#6068,#6069);
#6068 = CARTESIAN_POINT('',(2.498480775301,0.13,0.392364817767));
#6069 = VECTOR('',#6070,1.);
#6070 = DIRECTION('',(0.145692235845,1.617508747447E-17,-0.989329961345)
  );
#6071 = ORIENTED_EDGE('',*,*,#6072,.T.);
#6072 = EDGE_CURVE('',#6065,#6073,#6075,.T.);
#6073 = VERTEX_POINT('',#6074);
#6074 = CARTESIAN_POINT('',(2.772040872589,0.13,-5.551115123126E-17));
#6075 = CIRCLE('',#6076,0.25);
#6076 = AXIS2_PLACEMENT_3D('',#6077,#6078,#6079);
#6077 = CARTESIAN_POINT('',(2.772040872589,0.13,0.25));
#6078 = DIRECTION('',(1.110223024625E-16,-1.,0.));
#6079 = DIRECTION('',(-0.984807753012,-1.093356242223E-16,
    -0.173648177667));
#6080 = ORIENTED_EDGE('',*,*,#6081,.T.);
#6081 = EDGE_CURVE('',#6073,#6082,#6084,.T.);
#6082 = VERTEX_POINT('',#6083);
#6083 = CARTESIAN_POINT('',(3.2,0.13,-5.551115123126E-17));
#6084 = LINE('',#6085,#6086);
#6085 = CARTESIAN_POINT('',(2.772040872589,0.13,-5.551115123126E-17));
#6086 = VECTOR('',#6087,1.);
#6087 = DIRECTION('',(1.,1.110223024625E-16,0.));
#6088 = ORIENTED_EDGE('',*,*,#6089,.T.);
#6089 = EDGE_CURVE('',#6082,#6090,#6092,.T.);
#6090 = VERTEX_POINT('',#6091);
#6091 = CARTESIAN_POINT('',(3.2,0.13,0.15));
#6092 = LINE('',#6093,#6094);
#6093 = CARTESIAN_POINT('',(3.2,0.13,-5.551115123126E-17));
#6094 = VECTOR('',#6095,1.);
#6095 = DIRECTION('',(0.,0.,1.));
#6096 = ORIENTED_EDGE('',*,*,#6097,.T.);
#6097 = EDGE_CURVE('',#6090,#6098,#6100,.T.);
#6098 = VERTEX_POINT('',#6099);
#6099 = CARTESIAN_POINT('',(2.772040872589,0.13,0.15));
#6100 = LINE('',#6101,#6102);
#6101 = CARTESIAN_POINT('',(3.2,0.13,0.15));
#6102 = VECTOR('',#6103,1.);
#6103 = DIRECTION('',(-1.,-1.110223024625E-16,0.));
#6104 = ORIENTED_EDGE('',*,*,#6105,.T.);
#6105 = EDGE_CURVE('',#6098,#6106,#6108,.T.);
#6106 = VERTEX_POINT('',#6107);
#6107 = CARTESIAN_POINT('',(2.673560097287,0.13,0.232635182233));
#6108 = CIRCLE('',#6109,0.1);
#6109 = AXIS2_PLACEMENT_3D('',#6110,#6111,#6112);
#6110 = CARTESIAN_POINT('',(2.772040872589,0.13,0.25));
#6111 = DIRECTION('',(-1.110223024625E-16,1.,0.));
#6112 = DIRECTION('',(0.,0.,-1.));
#6113 = ORIENTED_EDGE('',*,*,#6114,.T.);
#6114 = EDGE_CURVE('',#6106,#6115,#6117,.T.);
#6115 = VERTEX_POINT('',#6116);
#6116 = CARTESIAN_POINT('',(2.646201938253,0.13,0.418412044417));
#6117 = LINE('',#6118,#6119);
#6118 = CARTESIAN_POINT('',(2.673560097287,0.13,0.232635182233));
#6119 = VECTOR('',#6120,1.);
#6120 = DIRECTION('',(-0.145692235845,-1.617508747447E-17,0.989329961345
    ));
#6121 = ORIENTED_EDGE('',*,*,#6122,.T.);
#6122 = EDGE_CURVE('',#6115,#6123,#6125,.T.);
#6123 = VERTEX_POINT('',#6124);
#6124 = CARTESIAN_POINT('',(2.4,0.13,0.625));
#6125 = CIRCLE('',#6126,0.25);
#6126 = AXIS2_PLACEMENT_3D('',#6127,#6128,#6129);
#6127 = CARTESIAN_POINT('',(2.4,0.13,0.375));
#6128 = DIRECTION('',(1.110223024625E-16,-1.,0.));
#6129 = DIRECTION('',(0.984807753012,1.093356242223E-16,0.173648177667)
  );
#6130 = ORIENTED_EDGE('',*,*,#6131,.T.);
#6131 = EDGE_CURVE('',#6123,#3082,#6132,.T.);
#6132 = LINE('',#6133,#6134);
#6133 = CARTESIAN_POINT('',(2.4,0.13,0.625));
#6134 = VECTOR('',#6135,1.);
#6135 = DIRECTION('',(-1.,-1.110223024625E-16,0.));
#6136 = PLANE('',#6137);
#6137 = AXIS2_PLACEMENT_3D('',#6138,#6139,#6140);
#6138 = CARTESIAN_POINT('',(2.637615762047,0.13,0.292893776214));
#6139 = DIRECTION('',(1.110223024625E-16,-1.,0.));
#6140 = DIRECTION('',(0.,0.,1.));
#6141 = ADVANCED_FACE('',(#6142),#6161,.F.);
#6142 = FACE_BOUND('',#6143,.F.);
#6143 = EDGE_LOOP('',(#6144,#6145,#6154,#6160));
#6144 = ORIENTED_EDGE('',*,*,#3120,.T.);
#6145 = ORIENTED_EDGE('',*,*,#6146,.T.);
#6146 = EDGE_CURVE('',#3113,#6147,#6149,.T.);
#6147 = VERTEX_POINT('',#6148);
#6148 = CARTESIAN_POINT('',(2.498480775301,-0.13,0.392364817767));
#6149 = CIRCLE('',#6150,0.1);
#6150 = AXIS2_PLACEMENT_3D('',#6151,#6152,#6153);
#6151 = CARTESIAN_POINT('',(2.4,-0.13,0.375));
#6152 = DIRECTION('',(-1.110223024625E-16,1.,0.));
#6153 = DIRECTION('',(4.440892098501E-15,4.930380657631E-31,1.));
#6154 = ORIENTED_EDGE('',*,*,#6155,.F.);
#6155 = EDGE_CURVE('',#6056,#6147,#6156,.T.);
#6156 = LINE('',#6157,#6158);
#6157 = CARTESIAN_POINT('',(2.498480775301,0.13,0.392364817767));
#6158 = VECTOR('',#6159,1.);
#6159 = DIRECTION('',(1.110223024625E-16,-1.,0.));
#6160 = ORIENTED_EDGE('',*,*,#6055,.F.);
#6161 = CYLINDRICAL_SURFACE('',#6162,0.1);
#6162 = AXIS2_PLACEMENT_3D('',#6163,#6164,#6165);
#6163 = CARTESIAN_POINT('',(2.4,0.13,0.375));
#6164 = DIRECTION('',(-1.110223024625E-16,1.,0.));
#6165 = DIRECTION('',(4.440892098501E-15,4.930380657631E-31,1.));
#6166 = ADVANCED_FACE('',(#6167),#6245,.T.);
#6167 = FACE_BOUND('',#6168,.T.);
#6168 = EDGE_LOOP('',(#6169,#6170,#6171,#6172,#6180,#6189,#6197,#6205,
    #6213,#6222,#6230,#6239));
#6169 = ORIENTED_EDGE('',*,*,#3134,.F.);
#6170 = ORIENTED_EDGE('',*,*,#3112,.T.);
#6171 = ORIENTED_EDGE('',*,*,#6146,.T.);
#6172 = ORIENTED_EDGE('',*,*,#6173,.T.);
#6173 = EDGE_CURVE('',#6147,#6174,#6176,.T.);
#6174 = VERTEX_POINT('',#6175);
#6175 = CARTESIAN_POINT('',(2.525838934336,-0.13,0.206587955583));
#6176 = LINE('',#6177,#6178);
#6177 = CARTESIAN_POINT('',(2.498480775301,-0.13,0.392364817767));
#6178 = VECTOR('',#6179,1.);
#6179 = DIRECTION('',(0.145692235845,1.617508747447E-17,-0.989329961345)
  );
#6180 = ORIENTED_EDGE('',*,*,#6181,.T.);
#6181 = EDGE_CURVE('',#6174,#6182,#6184,.T.);
#6182 = VERTEX_POINT('',#6183);
#6183 = CARTESIAN_POINT('',(2.772040872589,-0.13,-5.551115123126E-17));
#6184 = CIRCLE('',#6185,0.25);
#6185 = AXIS2_PLACEMENT_3D('',#6186,#6187,#6188);
#6186 = CARTESIAN_POINT('',(2.772040872589,-0.13,0.25));
#6187 = DIRECTION('',(1.110223024625E-16,-1.,0.));
#6188 = DIRECTION('',(-0.984807753012,-1.093356242223E-16,
    -0.173648177667));
#6189 = ORIENTED_EDGE('',*,*,#6190,.T.);
#6190 = EDGE_CURVE('',#6182,#6191,#6193,.T.);
#6191 = VERTEX_POINT('',#6192);
#6192 = CARTESIAN_POINT('',(3.2,-0.13,-5.551115123126E-17));
#6193 = LINE('',#6194,#6195);
#6194 = CARTESIAN_POINT('',(2.772040872589,-0.13,-5.551115123126E-17));
#6195 = VECTOR('',#6196,1.);
#6196 = DIRECTION('',(1.,1.110223024625E-16,0.));
#6197 = ORIENTED_EDGE('',*,*,#6198,.T.);
#6198 = EDGE_CURVE('',#6191,#6199,#6201,.T.);
#6199 = VERTEX_POINT('',#6200);
#6200 = CARTESIAN_POINT('',(3.2,-0.13,0.15));
#6201 = LINE('',#6202,#6203);
#6202 = CARTESIAN_POINT('',(3.2,-0.13,-5.551115123126E-17));
#6203 = VECTOR('',#6204,1.);
#6204 = DIRECTION('',(0.,0.,1.));
#6205 = ORIENTED_EDGE('',*,*,#6206,.T.);
#6206 = EDGE_CURVE('',#6199,#6207,#6209,.T.);
#6207 = VERTEX_POINT('',#6208);
#6208 = CARTESIAN_POINT('',(2.772040872589,-0.13,0.15));
#6209 = LINE('',#6210,#6211);
#6210 = CARTESIAN_POINT('',(3.2,-0.13,0.15));
#6211 = VECTOR('',#6212,1.);
#6212 = DIRECTION('',(-1.,-1.110223024625E-16,0.));
#6213 = ORIENTED_EDGE('',*,*,#6214,.T.);
#6214 = EDGE_CURVE('',#6207,#6215,#6217,.T.);
#6215 = VERTEX_POINT('',#6216);
#6216 = CARTESIAN_POINT('',(2.673560097287,-0.13,0.232635182233));
#6217 = CIRCLE('',#6218,0.1);
#6218 = AXIS2_PLACEMENT_3D('',#6219,#6220,#6221);
#6219 = CARTESIAN_POINT('',(2.772040872589,-0.13,0.25));
#6220 = DIRECTION('',(-1.110223024625E-16,1.,0.));
#6221 = DIRECTION('',(0.,0.,-1.));
#6222 = ORIENTED_EDGE('',*,*,#6223,.T.);
#6223 = EDGE_CURVE('',#6215,#6224,#6226,.T.);
#6224 = VERTEX_POINT('',#6225);
#6225 = CARTESIAN_POINT('',(2.646201938253,-0.13,0.418412044417));
#6226 = LINE('',#6227,#6228);
#6227 = CARTESIAN_POINT('',(2.673560097287,-0.13,0.232635182233));
#6228 = VECTOR('',#6229,1.);
#6229 = DIRECTION('',(-0.145692235845,-1.617508747447E-17,0.989329961345
    ));
#6230 = ORIENTED_EDGE('',*,*,#6231,.T.);
#6231 = EDGE_CURVE('',#6224,#6232,#6234,.T.);
#6232 = VERTEX_POINT('',#6233);
#6233 = CARTESIAN_POINT('',(2.4,-0.13,0.625));
#6234 = CIRCLE('',#6235,0.25);
#6235 = AXIS2_PLACEMENT_3D('',#6236,#6237,#6238);
#6236 = CARTESIAN_POINT('',(2.4,-0.13,0.375));
#6237 = DIRECTION('',(1.110223024625E-16,-1.,0.));
#6238 = DIRECTION('',(0.984807753012,1.093356242223E-16,0.173648177667)
  );
#6239 = ORIENTED_EDGE('',*,*,#6240,.T.);
#6240 = EDGE_CURVE('',#6232,#3135,#6241,.T.);
#6241 = LINE('',#6242,#6243);
#6242 = CARTESIAN_POINT('',(2.4,-0.13,0.625));
#6243 = VECTOR('',#6244,1.);
#6244 = DIRECTION('',(-1.,-1.110223024625E-16,0.));
#6245 = PLANE('',#6246);
#6246 = AXIS2_PLACEMENT_3D('',#6247,#6248,#6249);
#6247 = CARTESIAN_POINT('',(2.637615762047,-0.13,0.292893776214));
#6248 = DIRECTION('',(1.110223024625E-16,-1.,0.));
#6249 = DIRECTION('',(0.,0.,1.));
#6250 = ADVANCED_FACE('',(#6251),#6267,.F.);
#6251 = FACE_BOUND('',#6252,.F.);
#6252 = EDGE_LOOP('',(#6253,#6259,#6260,#6266));
#6253 = ORIENTED_EDGE('',*,*,#6254,.F.);
#6254 = EDGE_CURVE('',#3135,#3711,#6255,.T.);
#6255 = LINE('',#6256,#6257);
#6256 = CARTESIAN_POINT('',(2.4,-0.13,0.625));
#6257 = VECTOR('',#6258,1.);
#6258 = DIRECTION('',(-1.,-1.110223024625E-16,0.));
#6259 = ORIENTED_EDGE('',*,*,#3151,.T.);
#6260 = ORIENTED_EDGE('',*,*,#6261,.T.);
#6261 = EDGE_CURVE('',#3144,#3719,#6262,.T.);
#6262 = LINE('',#6263,#6264);
#6263 = CARTESIAN_POINT('',(2.4,-0.52,0.625));
#6264 = VECTOR('',#6265,1.);
#6265 = DIRECTION('',(-1.,-1.110223024625E-16,0.));
#6266 = ORIENTED_EDGE('',*,*,#3718,.F.);
#6267 = PLANE('',#6268);
#6268 = AXIS2_PLACEMENT_3D('',#6269,#6270,#6271);
#6269 = CARTESIAN_POINT('',(-3.188450421961E-18,2.475,0.625));
#6270 = DIRECTION('',(0.,0.,-1.));
#6271 = DIRECTION('',(1.,1.111674977262E-16,0.));
#6272 = ADVANCED_FACE('',(#6273),#6359,.F.);
#6273 = FACE_BOUND('',#6274,.F.);
#6274 = EDGE_LOOP('',(#6275,#6276,#6277,#6286,#6294,#6303,#6311,#6319,
    #6327,#6336,#6344,#6353));
#6275 = ORIENTED_EDGE('',*,*,#3143,.F.);
#6276 = ORIENTED_EDGE('',*,*,#3165,.T.);
#6277 = ORIENTED_EDGE('',*,*,#6278,.T.);
#6278 = EDGE_CURVE('',#3166,#6279,#6281,.T.);
#6279 = VERTEX_POINT('',#6280);
#6280 = CARTESIAN_POINT('',(2.498480775301,-0.52,0.392364817767));
#6281 = CIRCLE('',#6282,0.1);
#6282 = AXIS2_PLACEMENT_3D('',#6283,#6284,#6285);
#6283 = CARTESIAN_POINT('',(2.4,-0.52,0.375));
#6284 = DIRECTION('',(-1.110223024625E-16,1.,0.));
#6285 = DIRECTION('',(4.440892098501E-15,4.930380657631E-31,1.));
#6286 = ORIENTED_EDGE('',*,*,#6287,.T.);
#6287 = EDGE_CURVE('',#6279,#6288,#6290,.T.);
#6288 = VERTEX_POINT('',#6289);
#6289 = CARTESIAN_POINT('',(2.525838934336,-0.52,0.206587955583));
#6290 = LINE('',#6291,#6292);
#6291 = CARTESIAN_POINT('',(2.498480775301,-0.52,0.392364817767));
#6292 = VECTOR('',#6293,1.);
#6293 = DIRECTION('',(0.145692235845,1.617508747447E-17,-0.989329961345)
  );
#6294 = ORIENTED_EDGE('',*,*,#6295,.T.);
#6295 = EDGE_CURVE('',#6288,#6296,#6298,.T.);
#6296 = VERTEX_POINT('',#6297);
#6297 = CARTESIAN_POINT('',(2.772040872589,-0.52,-5.551115123126E-17));
#6298 = CIRCLE('',#6299,0.25);
#6299 = AXIS2_PLACEMENT_3D('',#6300,#6301,#6302);
#6300 = CARTESIAN_POINT('',(2.772040872589,-0.52,0.25));
#6301 = DIRECTION('',(1.110223024625E-16,-1.,0.));
#6302 = DIRECTION('',(-0.984807753012,-1.093356242223E-16,
    -0.173648177667));
#6303 = ORIENTED_EDGE('',*,*,#6304,.T.);
#6304 = EDGE_CURVE('',#6296,#6305,#6307,.T.);
#6305 = VERTEX_POINT('',#6306);
#6306 = CARTESIAN_POINT('',(3.2,-0.52,-5.551115123126E-17));
#6307 = LINE('',#6308,#6309);
#6308 = CARTESIAN_POINT('',(2.772040872589,-0.52,-5.551115123126E-17));
#6309 = VECTOR('',#6310,1.);
#6310 = DIRECTION('',(1.,1.110223024625E-16,0.));
#6311 = ORIENTED_EDGE('',*,*,#6312,.T.);
#6312 = EDGE_CURVE('',#6305,#6313,#6315,.T.);
#6313 = VERTEX_POINT('',#6314);
#6314 = CARTESIAN_POINT('',(3.2,-0.52,0.15));
#6315 = LINE('',#6316,#6317);
#6316 = CARTESIAN_POINT('',(3.2,-0.52,-5.551115123126E-17));
#6317 = VECTOR('',#6318,1.);
#6318 = DIRECTION('',(0.,0.,1.));
#6319 = ORIENTED_EDGE('',*,*,#6320,.T.);
#6320 = EDGE_CURVE('',#6313,#6321,#6323,.T.);
#6321 = VERTEX_POINT('',#6322);
#6322 = CARTESIAN_POINT('',(2.772040872589,-0.52,0.15));
#6323 = LINE('',#6324,#6325);
#6324 = CARTESIAN_POINT('',(3.2,-0.52,0.15));
#6325 = VECTOR('',#6326,1.);
#6326 = DIRECTION('',(-1.,-1.110223024625E-16,0.));
#6327 = ORIENTED_EDGE('',*,*,#6328,.T.);
#6328 = EDGE_CURVE('',#6321,#6329,#6331,.T.);
#6329 = VERTEX_POINT('',#6330);
#6330 = CARTESIAN_POINT('',(2.673560097287,-0.52,0.232635182233));
#6331 = CIRCLE('',#6332,0.1);
#6332 = AXIS2_PLACEMENT_3D('',#6333,#6334,#6335);
#6333 = CARTESIAN_POINT('',(2.772040872589,-0.52,0.25));
#6334 = DIRECTION('',(-1.110223024625E-16,1.,0.));
#6335 = DIRECTION('',(0.,0.,-1.));
#6336 = ORIENTED_EDGE('',*,*,#6337,.T.);
#6337 = EDGE_CURVE('',#6329,#6338,#6340,.T.);
#6338 = VERTEX_POINT('',#6339);
#6339 = CARTESIAN_POINT('',(2.646201938253,-0.52,0.418412044417));
#6340 = LINE('',#6341,#6342);
#6341 = CARTESIAN_POINT('',(2.673560097287,-0.52,0.232635182233));
#6342 = VECTOR('',#6343,1.);
#6343 = DIRECTION('',(-0.145692235845,-1.617508747447E-17,0.989329961345
    ));
#6344 = ORIENTED_EDGE('',*,*,#6345,.T.);
#6345 = EDGE_CURVE('',#6338,#6346,#6348,.T.);
#6346 = VERTEX_POINT('',#6347);
#6347 = CARTESIAN_POINT('',(2.4,-0.52,0.625));
#6348 = CIRCLE('',#6349,0.25);
#6349 = AXIS2_PLACEMENT_3D('',#6350,#6351,#6352);
#6350 = CARTESIAN_POINT('',(2.4,-0.52,0.375));
#6351 = DIRECTION('',(1.110223024625E-16,-1.,0.));
#6352 = DIRECTION('',(0.984807753012,1.093356242223E-16,0.173648177667)
  );
#6353 = ORIENTED_EDGE('',*,*,#6354,.T.);
#6354 = EDGE_CURVE('',#6346,#3144,#6355,.T.);
#6355 = LINE('',#6356,#6357);
#6356 = CARTESIAN_POINT('',(2.4,-0.52,0.625));
#6357 = VECTOR('',#6358,1.);
#6358 = DIRECTION('',(-1.,-1.110223024625E-16,0.));
#6359 = PLANE('',#6360);
#6360 = AXIS2_PLACEMENT_3D('',#6361,#6362,#6363);
#6361 = CARTESIAN_POINT('',(2.637615762047,-0.52,0.292893776214));
#6362 = DIRECTION('',(1.110223024625E-16,-1.,0.));
#6363 = DIRECTION('',(0.,0.,1.));
#6364 = ADVANCED_FACE('',(#6365),#6384,.F.);
#6365 = FACE_BOUND('',#6366,.F.);
#6366 = EDGE_LOOP('',(#6367,#6368,#6377,#6383));
#6367 = ORIENTED_EDGE('',*,*,#3182,.T.);
#6368 = ORIENTED_EDGE('',*,*,#6369,.T.);
#6369 = EDGE_CURVE('',#3175,#6370,#6372,.T.);
#6370 = VERTEX_POINT('',#6371);
#6371 = CARTESIAN_POINT('',(2.498480775301,-0.78,0.392364817767));
#6372 = CIRCLE('',#6373,0.1);
#6373 = AXIS2_PLACEMENT_3D('',#6374,#6375,#6376);
#6374 = CARTESIAN_POINT('',(2.4,-0.78,0.375));
#6375 = DIRECTION('',(-1.110223024625E-16,1.,0.));
#6376 = DIRECTION('',(4.440892098501E-15,4.930380657631E-31,1.));
#6377 = ORIENTED_EDGE('',*,*,#6378,.F.);
#6378 = EDGE_CURVE('',#6279,#6370,#6379,.T.);
#6379 = LINE('',#6380,#6381);
#6380 = CARTESIAN_POINT('',(2.498480775301,-0.52,0.392364817767));
#6381 = VECTOR('',#6382,1.);
#6382 = DIRECTION('',(1.110223024625E-16,-1.,0.));
#6383 = ORIENTED_EDGE('',*,*,#6278,.F.);
#6384 = CYLINDRICAL_SURFACE('',#6385,0.1);
#6385 = AXIS2_PLACEMENT_3D('',#6386,#6387,#6388);
#6386 = CARTESIAN_POINT('',(2.4,-0.52,0.375));
#6387 = DIRECTION('',(-1.110223024625E-16,1.,0.));
#6388 = DIRECTION('',(4.440892098501E-15,4.930380657631E-31,1.));
#6389 = ADVANCED_FACE('',(#6390),#6468,.T.);
#6390 = FACE_BOUND('',#6391,.T.);
#6391 = EDGE_LOOP('',(#6392,#6393,#6394,#6395,#6403,#6412,#6420,#6428,
    #6436,#6445,#6453,#6462));
#6392 = ORIENTED_EDGE('',*,*,#3196,.F.);
#6393 = ORIENTED_EDGE('',*,*,#3174,.T.);
#6394 = ORIENTED_EDGE('',*,*,#6369,.T.);
#6395 = ORIENTED_EDGE('',*,*,#6396,.T.);
#6396 = EDGE_CURVE('',#6370,#6397,#6399,.T.);
#6397 = VERTEX_POINT('',#6398);
#6398 = CARTESIAN_POINT('',(2.525838934336,-0.78,0.206587955583));
#6399 = LINE('',#6400,#6401);
#6400 = CARTESIAN_POINT('',(2.498480775301,-0.78,0.392364817767));
#6401 = VECTOR('',#6402,1.);
#6402 = DIRECTION('',(0.145692235845,1.617508747447E-17,-0.989329961345)
  );
#6403 = ORIENTED_EDGE('',*,*,#6404,.T.);
#6404 = EDGE_CURVE('',#6397,#6405,#6407,.T.);
#6405 = VERTEX_POINT('',#6406);
#6406 = CARTESIAN_POINT('',(2.772040872589,-0.78,-5.551115123126E-17));
#6407 = CIRCLE('',#6408,0.25);
#6408 = AXIS2_PLACEMENT_3D('',#6409,#6410,#6411);
#6409 = CARTESIAN_POINT('',(2.772040872589,-0.78,0.25));
#6410 = DIRECTION('',(1.110223024625E-16,-1.,0.));
#6411 = DIRECTION('',(-0.984807753012,-1.093356242223E-16,
    -0.173648177667));
#6412 = ORIENTED_EDGE('',*,*,#6413,.T.);
#6413 = EDGE_CURVE('',#6405,#6414,#6416,.T.);
#6414 = VERTEX_POINT('',#6415);
#6415 = CARTESIAN_POINT('',(3.2,-0.78,-5.551115123126E-17));
#6416 = LINE('',#6417,#6418);
#6417 = CARTESIAN_POINT('',(2.772040872589,-0.78,-5.551115123126E-17));
#6418 = VECTOR('',#6419,1.);
#6419 = DIRECTION('',(1.,1.110223024625E-16,0.));
#6420 = ORIENTED_EDGE('',*,*,#6421,.T.);
#6421 = EDGE_CURVE('',#6414,#6422,#6424,.T.);
#6422 = VERTEX_POINT('',#6423);
#6423 = CARTESIAN_POINT('',(3.2,-0.78,0.15));
#6424 = LINE('',#6425,#6426);
#6425 = CARTESIAN_POINT('',(3.2,-0.78,-5.551115123126E-17));
#6426 = VECTOR('',#6427,1.);
#6427 = DIRECTION('',(0.,0.,1.));
#6428 = ORIENTED_EDGE('',*,*,#6429,.T.);
#6429 = EDGE_CURVE('',#6422,#6430,#6432,.T.);
#6430 = VERTEX_POINT('',#6431);
#6431 = CARTESIAN_POINT('',(2.772040872589,-0.78,0.15));
#6432 = LINE('',#6433,#6434);
#6433 = CARTESIAN_POINT('',(3.2,-0.78,0.15));
#6434 = VECTOR('',#6435,1.);
#6435 = DIRECTION('',(-1.,-1.110223024625E-16,0.));
#6436 = ORIENTED_EDGE('',*,*,#6437,.T.);
#6437 = EDGE_CURVE('',#6430,#6438,#6440,.T.);
#6438 = VERTEX_POINT('',#6439);
#6439 = CARTESIAN_POINT('',(2.673560097287,-0.78,0.232635182233));
#6440 = CIRCLE('',#6441,0.1);
#6441 = AXIS2_PLACEMENT_3D('',#6442,#6443,#6444);
#6442 = CARTESIAN_POINT('',(2.772040872589,-0.78,0.25));
#6443 = DIRECTION('',(-1.110223024625E-16,1.,0.));
#6444 = DIRECTION('',(0.,0.,-1.));
#6445 = ORIENTED_EDGE('',*,*,#6446,.T.);
#6446 = EDGE_CURVE('',#6438,#6447,#6449,.T.);
#6447 = VERTEX_POINT('',#6448);
#6448 = CARTESIAN_POINT('',(2.646201938253,-0.78,0.418412044417));
#6449 = LINE('',#6450,#6451);
#6450 = CARTESIAN_POINT('',(2.673560097287,-0.78,0.232635182233));
#6451 = VECTOR('',#6452,1.);
#6452 = DIRECTION('',(-0.145692235845,-1.617508747447E-17,0.989329961345
    ));
#6453 = ORIENTED_EDGE('',*,*,#6454,.T.);
#6454 = EDGE_CURVE('',#6447,#6455,#6457,.T.);
#6455 = VERTEX_POINT('',#6456);
#6456 = CARTESIAN_POINT('',(2.4,-0.78,0.625));
#6457 = CIRCLE('',#6458,0.25);
#6458 = AXIS2_PLACEMENT_3D('',#6459,#6460,#6461);
#6459 = CARTESIAN_POINT('',(2.4,-0.78,0.375));
#6460 = DIRECTION('',(1.110223024625E-16,-1.,0.));
#6461 = DIRECTION('',(0.984807753012,1.093356242223E-16,0.173648177667)
  );
#6462 = ORIENTED_EDGE('',*,*,#6463,.T.);
#6463 = EDGE_CURVE('',#6455,#3197,#6464,.T.);
#6464 = LINE('',#6465,#6466);
#6465 = CARTESIAN_POINT('',(2.4,-0.78,0.625));
#6466 = VECTOR('',#6467,1.);
#6467 = DIRECTION('',(-1.,-1.110223024625E-16,0.));
#6468 = PLANE('',#6469);
#6469 = AXIS2_PLACEMENT_3D('',#6470,#6471,#6472);
#6470 = CARTESIAN_POINT('',(2.637615762047,-0.78,0.292893776214));
#6471 = DIRECTION('',(1.110223024625E-16,-1.,0.));
#6472 = DIRECTION('',(0.,0.,1.));
#6473 = ADVANCED_FACE('',(#6474),#6490,.F.);
#6474 = FACE_BOUND('',#6475,.F.);
#6475 = EDGE_LOOP('',(#6476,#6482,#6483,#6489));
#6476 = ORIENTED_EDGE('',*,*,#6477,.F.);
#6477 = EDGE_CURVE('',#3197,#3727,#6478,.T.);
#6478 = LINE('',#6479,#6480);
#6479 = CARTESIAN_POINT('',(2.4,-0.78,0.625));
#6480 = VECTOR('',#6481,1.);
#6481 = DIRECTION('',(-1.,-1.110223024625E-16,0.));
#6482 = ORIENTED_EDGE('',*,*,#3213,.T.);
#6483 = ORIENTED_EDGE('',*,*,#6484,.T.);
#6484 = EDGE_CURVE('',#3206,#3735,#6485,.T.);
#6485 = LINE('',#6486,#6487);
#6486 = CARTESIAN_POINT('',(2.4,-1.17,0.625));
#6487 = VECTOR('',#6488,1.);
#6488 = DIRECTION('',(-1.,-1.110223024625E-16,0.));
#6489 = ORIENTED_EDGE('',*,*,#3734,.F.);
#6490 = PLANE('',#6491);
#6491 = AXIS2_PLACEMENT_3D('',#6492,#6493,#6494);
#6492 = CARTESIAN_POINT('',(-3.188450421961E-18,2.475,0.625));
#6493 = DIRECTION('',(0.,0.,-1.));
#6494 = DIRECTION('',(1.,1.111674977262E-16,0.));
#6495 = ADVANCED_FACE('',(#6496),#6582,.F.);
#6496 = FACE_BOUND('',#6497,.F.);
#6497 = EDGE_LOOP('',(#6498,#6499,#6500,#6509,#6517,#6526,#6534,#6542,
    #6550,#6559,#6567,#6576));
#6498 = ORIENTED_EDGE('',*,*,#3205,.F.);
#6499 = ORIENTED_EDGE('',*,*,#3227,.T.);
#6500 = ORIENTED_EDGE('',*,*,#6501,.T.);
#6501 = EDGE_CURVE('',#3228,#6502,#6504,.T.);
#6502 = VERTEX_POINT('',#6503);
#6503 = CARTESIAN_POINT('',(2.498480775301,-1.17,0.392364817767));
#6504 = CIRCLE('',#6505,0.1);
#6505 = AXIS2_PLACEMENT_3D('',#6506,#6507,#6508);
#6506 = CARTESIAN_POINT('',(2.4,-1.17,0.375));
#6507 = DIRECTION('',(-1.110223024625E-16,1.,0.));
#6508 = DIRECTION('',(4.440892098501E-15,4.930380657631E-31,1.));
#6509 = ORIENTED_EDGE('',*,*,#6510,.T.);
#6510 = EDGE_CURVE('',#6502,#6511,#6513,.T.);
#6511 = VERTEX_POINT('',#6512);
#6512 = CARTESIAN_POINT('',(2.525838934336,-1.17,0.206587955583));
#6513 = LINE('',#6514,#6515);
#6514 = CARTESIAN_POINT('',(2.498480775301,-1.17,0.392364817767));
#6515 = VECTOR('',#6516,1.);
#6516 = DIRECTION('',(0.145692235845,1.617508747447E-17,-0.989329961345)
  );
#6517 = ORIENTED_EDGE('',*,*,#6518,.T.);
#6518 = EDGE_CURVE('',#6511,#6519,#6521,.T.);
#6519 = VERTEX_POINT('',#6520);
#6520 = CARTESIAN_POINT('',(2.772040872589,-1.17,-5.551115123126E-17));
#6521 = CIRCLE('',#6522,0.25);
#6522 = AXIS2_PLACEMENT_3D('',#6523,#6524,#6525);
#6523 = CARTESIAN_POINT('',(2.772040872589,-1.17,0.25));
#6524 = DIRECTION('',(1.110223024625E-16,-1.,0.));
#6525 = DIRECTION('',(-0.984807753012,-1.093356242223E-16,
    -0.173648177667));
#6526 = ORIENTED_EDGE('',*,*,#6527,.T.);
#6527 = EDGE_CURVE('',#6519,#6528,#6530,.T.);
#6528 = VERTEX_POINT('',#6529);
#6529 = CARTESIAN_POINT('',(3.2,-1.17,-5.551115123126E-17));
#6530 = LINE('',#6531,#6532);
#6531 = CARTESIAN_POINT('',(2.772040872589,-1.17,-5.551115123126E-17));
#6532 = VECTOR('',#6533,1.);
#6533 = DIRECTION('',(1.,1.110223024625E-16,0.));
#6534 = ORIENTED_EDGE('',*,*,#6535,.T.);
#6535 = EDGE_CURVE('',#6528,#6536,#6538,.T.);
#6536 = VERTEX_POINT('',#6537);
#6537 = CARTESIAN_POINT('',(3.2,-1.17,0.15));
#6538 = LINE('',#6539,#6540);
#6539 = CARTESIAN_POINT('',(3.2,-1.17,-5.551115123126E-17));
#6540 = VECTOR('',#6541,1.);
#6541 = DIRECTION('',(0.,0.,1.));
#6542 = ORIENTED_EDGE('',*,*,#6543,.T.);
#6543 = EDGE_CURVE('',#6536,#6544,#6546,.T.);
#6544 = VERTEX_POINT('',#6545);
#6545 = CARTESIAN_POINT('',(2.772040872589,-1.17,0.15));
#6546 = LINE('',#6547,#6548);
#6547 = CARTESIAN_POINT('',(3.2,-1.17,0.15));
#6548 = VECTOR('',#6549,1.);
#6549 = DIRECTION('',(-1.,-1.110223024625E-16,0.));
#6550 = ORIENTED_EDGE('',*,*,#6551,.T.);
#6551 = EDGE_CURVE('',#6544,#6552,#6554,.T.);
#6552 = VERTEX_POINT('',#6553);
#6553 = CARTESIAN_POINT('',(2.673560097287,-1.17,0.232635182233));
#6554 = CIRCLE('',#6555,0.1);
#6555 = AXIS2_PLACEMENT_3D('',#6556,#6557,#6558);
#6556 = CARTESIAN_POINT('',(2.772040872589,-1.17,0.25));
#6557 = DIRECTION('',(-1.110223024625E-16,1.,0.));
#6558 = DIRECTION('',(0.,0.,-1.));
#6559 = ORIENTED_EDGE('',*,*,#6560,.T.);
#6560 = EDGE_CURVE('',#6552,#6561,#6563,.T.);
#6561 = VERTEX_POINT('',#6562);
#6562 = CARTESIAN_POINT('',(2.646201938253,-1.17,0.418412044417));
#6563 = LINE('',#6564,#6565);
#6564 = CARTESIAN_POINT('',(2.673560097287,-1.17,0.232635182233));
#6565 = VECTOR('',#6566,1.);
#6566 = DIRECTION('',(-0.145692235845,-1.617508747447E-17,0.989329961345
    ));
#6567 = ORIENTED_EDGE('',*,*,#6568,.T.);
#6568 = EDGE_CURVE('',#6561,#6569,#6571,.T.);
#6569 = VERTEX_POINT('',#6570);
#6570 = CARTESIAN_POINT('',(2.4,-1.17,0.625));
#6571 = CIRCLE('',#6572,0.25);
#6572 = AXIS2_PLACEMENT_3D('',#6573,#6574,#6575);
#6573 = CARTESIAN_POINT('',(2.4,-1.17,0.375));
#6574 = DIRECTION('',(1.110223024625E-16,-1.,0.));
#6575 = DIRECTION('',(0.984807753012,1.093356242223E-16,0.173648177667)
  );
#6576 = ORIENTED_EDGE('',*,*,#6577,.T.);
#6577 = EDGE_CURVE('',#6569,#3206,#6578,.T.);
#6578 = LINE('',#6579,#6580);
#6579 = CARTESIAN_POINT('',(2.4,-1.17,0.625));
#6580 = VECTOR('',#6581,1.);
#6581 = DIRECTION('',(-1.,-1.110223024625E-16,0.));
#6582 = PLANE('',#6583);
#6583 = AXIS2_PLACEMENT_3D('',#6584,#6585,#6586);
#6584 = CARTESIAN_POINT('',(2.637615762047,-1.17,0.292893776214));
#6585 = DIRECTION('',(1.110223024625E-16,-1.,0.));
#6586 = DIRECTION('',(0.,0.,1.));
#6587 = ADVANCED_FACE('',(#6588),#6607,.F.);
#6588 = FACE_BOUND('',#6589,.F.);
#6589 = EDGE_LOOP('',(#6590,#6591,#6600,#6606));
#6590 = ORIENTED_EDGE('',*,*,#3244,.T.);
#6591 = ORIENTED_EDGE('',*,*,#6592,.T.);
#6592 = EDGE_CURVE('',#3237,#6593,#6595,.T.);
#6593 = VERTEX_POINT('',#6594);
#6594 = CARTESIAN_POINT('',(2.498480775301,-1.43,0.392364817767));
#6595 = CIRCLE('',#6596,0.1);
#6596 = AXIS2_PLACEMENT_3D('',#6597,#6598,#6599);
#6597 = CARTESIAN_POINT('',(2.4,-1.43,0.375));
#6598 = DIRECTION('',(-1.110223024625E-16,1.,0.));
#6599 = DIRECTION('',(4.440892098501E-15,4.930380657631E-31,1.));
#6600 = ORIENTED_EDGE('',*,*,#6601,.F.);
#6601 = EDGE_CURVE('',#6502,#6593,#6602,.T.);
#6602 = LINE('',#6603,#6604);
#6603 = CARTESIAN_POINT('',(2.498480775301,-1.17,0.392364817767));
#6604 = VECTOR('',#6605,1.);
#6605 = DIRECTION('',(1.110223024625E-16,-1.,0.));
#6606 = ORIENTED_EDGE('',*,*,#6501,.F.);
#6607 = CYLINDRICAL_SURFACE('',#6608,0.1);
#6608 = AXIS2_PLACEMENT_3D('',#6609,#6610,#6611);
#6609 = CARTESIAN_POINT('',(2.4,-1.17,0.375));
#6610 = DIRECTION('',(-1.110223024625E-16,1.,0.));
#6611 = DIRECTION('',(4.440892098501E-15,4.930380657631E-31,1.));
#6612 = ADVANCED_FACE('',(#6613),#6691,.T.);
#6613 = FACE_BOUND('',#6614,.T.);
#6614 = EDGE_LOOP('',(#6615,#6616,#6617,#6618,#6626,#6635,#6643,#6651,
    #6659,#6668,#6676,#6685));
#6615 = ORIENTED_EDGE('',*,*,#3258,.F.);
#6616 = ORIENTED_EDGE('',*,*,#3236,.T.);
#6617 = ORIENTED_EDGE('',*,*,#6592,.T.);
#6618 = ORIENTED_EDGE('',*,*,#6619,.T.);
#6619 = EDGE_CURVE('',#6593,#6620,#6622,.T.);
#6620 = VERTEX_POINT('',#6621);
#6621 = CARTESIAN_POINT('',(2.525838934336,-1.43,0.206587955583));
#6622 = LINE('',#6623,#6624);
#6623 = CARTESIAN_POINT('',(2.498480775301,-1.43,0.392364817767));
#6624 = VECTOR('',#6625,1.);
#6625 = DIRECTION('',(0.145692235845,1.617508747447E-17,-0.989329961345)
  );
#6626 = ORIENTED_EDGE('',*,*,#6627,.T.);
#6627 = EDGE_CURVE('',#6620,#6628,#6630,.T.);
#6628 = VERTEX_POINT('',#6629);
#6629 = CARTESIAN_POINT('',(2.772040872589,-1.43,-5.551115123126E-17));
#6630 = CIRCLE('',#6631,0.25);
#6631 = AXIS2_PLACEMENT_3D('',#6632,#6633,#6634);
#6632 = CARTESIAN_POINT('',(2.772040872589,-1.43,0.25));
#6633 = DIRECTION('',(1.110223024625E-16,-1.,0.));
#6634 = DIRECTION('',(-0.984807753012,-1.093356242223E-16,
    -0.173648177667));
#6635 = ORIENTED_EDGE('',*,*,#6636,.T.);
#6636 = EDGE_CURVE('',#6628,#6637,#6639,.T.);
#6637 = VERTEX_POINT('',#6638);
#6638 = CARTESIAN_POINT('',(3.2,-1.43,-5.551115123126E-17));
#6639 = LINE('',#6640,#6641);
#6640 = CARTESIAN_POINT('',(2.772040872589,-1.43,-5.551115123126E-17));
#6641 = VECTOR('',#6642,1.);
#6642 = DIRECTION('',(1.,1.110223024625E-16,0.));
#6643 = ORIENTED_EDGE('',*,*,#6644,.T.);
#6644 = EDGE_CURVE('',#6637,#6645,#6647,.T.);
#6645 = VERTEX_POINT('',#6646);
#6646 = CARTESIAN_POINT('',(3.2,-1.43,0.15));
#6647 = LINE('',#6648,#6649);
#6648 = CARTESIAN_POINT('',(3.2,-1.43,-5.551115123126E-17));
#6649 = VECTOR('',#6650,1.);
#6650 = DIRECTION('',(0.,0.,1.));
#6651 = ORIENTED_EDGE('',*,*,#6652,.T.);
#6652 = EDGE_CURVE('',#6645,#6653,#6655,.T.);
#6653 = VERTEX_POINT('',#6654);
#6654 = CARTESIAN_POINT('',(2.772040872589,-1.43,0.15));
#6655 = LINE('',#6656,#6657);
#6656 = CARTESIAN_POINT('',(3.2,-1.43,0.15));
#6657 = VECTOR('',#6658,1.);
#6658 = DIRECTION('',(-1.,-1.110223024625E-16,0.));
#6659 = ORIENTED_EDGE('',*,*,#6660,.T.);
#6660 = EDGE_CURVE('',#6653,#6661,#6663,.T.);
#6661 = VERTEX_POINT('',#6662);
#6662 = CARTESIAN_POINT('',(2.673560097287,-1.43,0.232635182233));
#6663 = CIRCLE('',#6664,0.1);
#6664 = AXIS2_PLACEMENT_3D('',#6665,#6666,#6667);
#6665 = CARTESIAN_POINT('',(2.772040872589,-1.43,0.25));
#6666 = DIRECTION('',(-1.110223024625E-16,1.,0.));
#6667 = DIRECTION('',(0.,0.,-1.));
#6668 = ORIENTED_EDGE('',*,*,#6669,.T.);
#6669 = EDGE_CURVE('',#6661,#6670,#6672,.T.);
#6670 = VERTEX_POINT('',#6671);
#6671 = CARTESIAN_POINT('',(2.646201938253,-1.43,0.418412044417));
#6672 = LINE('',#6673,#6674);
#6673 = CARTESIAN_POINT('',(2.673560097287,-1.43,0.232635182233));
#6674 = VECTOR('',#6675,1.);
#6675 = DIRECTION('',(-0.145692235845,-1.617508747447E-17,0.989329961345
    ));
#6676 = ORIENTED_EDGE('',*,*,#6677,.T.);
#6677 = EDGE_CURVE('',#6670,#6678,#6680,.T.);
#6678 = VERTEX_POINT('',#6679);
#6679 = CARTESIAN_POINT('',(2.4,-1.43,0.625));
#6680 = CIRCLE('',#6681,0.25);
#6681 = AXIS2_PLACEMENT_3D('',#6682,#6683,#6684);
#6682 = CARTESIAN_POINT('',(2.4,-1.43,0.375));
#6683 = DIRECTION('',(1.110223024625E-16,-1.,0.));
#6684 = DIRECTION('',(0.984807753012,1.093356242223E-16,0.173648177667)
  );
#6685 = ORIENTED_EDGE('',*,*,#6686,.T.);
#6686 = EDGE_CURVE('',#6678,#3259,#6687,.T.);
#6687 = LINE('',#6688,#6689);
#6688 = CARTESIAN_POINT('',(2.4,-1.43,0.625));
#6689 = VECTOR('',#6690,1.);
#6690 = DIRECTION('',(-1.,-1.110223024625E-16,0.));
#6691 = PLANE('',#6692);
#6692 = AXIS2_PLACEMENT_3D('',#6693,#6694,#6695);
#6693 = CARTESIAN_POINT('',(2.637615762047,-1.43,0.292893776214));
#6694 = DIRECTION('',(1.110223024625E-16,-1.,0.));
#6695 = DIRECTION('',(0.,0.,1.));
#6696 = ADVANCED_FACE('',(#6697),#6713,.F.);
#6697 = FACE_BOUND('',#6698,.F.);
#6698 = EDGE_LOOP('',(#6699,#6705,#6706,#6712));
#6699 = ORIENTED_EDGE('',*,*,#6700,.F.);
#6700 = EDGE_CURVE('',#3259,#3743,#6701,.T.);
#6701 = LINE('',#6702,#6703);
#6702 = CARTESIAN_POINT('',(2.4,-1.43,0.625));
#6703 = VECTOR('',#6704,1.);
#6704 = DIRECTION('',(-1.,-1.110223024625E-16,0.));
#6705 = ORIENTED_EDGE('',*,*,#3275,.T.);
#6706 = ORIENTED_EDGE('',*,*,#6707,.T.);
#6707 = EDGE_CURVE('',#3268,#3751,#6708,.T.);
#6708 = LINE('',#6709,#6710);
#6709 = CARTESIAN_POINT('',(2.4,-1.82,0.625));
#6710 = VECTOR('',#6711,1.);
#6711 = DIRECTION('',(-1.,-1.110223024625E-16,0.));
#6712 = ORIENTED_EDGE('',*,*,#3750,.F.);
#6713 = PLANE('',#6714);
#6714 = AXIS2_PLACEMENT_3D('',#6715,#6716,#6717);
#6715 = CARTESIAN_POINT('',(-3.188450421961E-18,2.475,0.625));
#6716 = DIRECTION('',(0.,0.,-1.));
#6717 = DIRECTION('',(1.,1.111674977262E-16,0.));
#6718 = ADVANCED_FACE('',(#6719),#6805,.F.);
#6719 = FACE_BOUND('',#6720,.F.);
#6720 = EDGE_LOOP('',(#6721,#6722,#6723,#6732,#6740,#6749,#6757,#6765,
    #6773,#6782,#6790,#6799));
#6721 = ORIENTED_EDGE('',*,*,#3267,.F.);
#6722 = ORIENTED_EDGE('',*,*,#3289,.T.);
#6723 = ORIENTED_EDGE('',*,*,#6724,.T.);
#6724 = EDGE_CURVE('',#3290,#6725,#6727,.T.);
#6725 = VERTEX_POINT('',#6726);
#6726 = CARTESIAN_POINT('',(2.498480775301,-1.82,0.392364817767));
#6727 = CIRCLE('',#6728,0.1);
#6728 = AXIS2_PLACEMENT_3D('',#6729,#6730,#6731);
#6729 = CARTESIAN_POINT('',(2.4,-1.82,0.375));
#6730 = DIRECTION('',(-1.110223024625E-16,1.,0.));
#6731 = DIRECTION('',(4.440892098501E-15,4.930380657631E-31,1.));
#6732 = ORIENTED_EDGE('',*,*,#6733,.T.);
#6733 = EDGE_CURVE('',#6725,#6734,#6736,.T.);
#6734 = VERTEX_POINT('',#6735);
#6735 = CARTESIAN_POINT('',(2.525838934336,-1.82,0.206587955583));
#6736 = LINE('',#6737,#6738);
#6737 = CARTESIAN_POINT('',(2.498480775301,-1.82,0.392364817767));
#6738 = VECTOR('',#6739,1.);
#6739 = DIRECTION('',(0.145692235845,1.617508747447E-17,-0.989329961345)
  );
#6740 = ORIENTED_EDGE('',*,*,#6741,.T.);
#6741 = EDGE_CURVE('',#6734,#6742,#6744,.T.);
#6742 = VERTEX_POINT('',#6743);
#6743 = CARTESIAN_POINT('',(2.772040872589,-1.82,-5.551115123126E-17));
#6744 = CIRCLE('',#6745,0.25);
#6745 = AXIS2_PLACEMENT_3D('',#6746,#6747,#6748);
#6746 = CARTESIAN_POINT('',(2.772040872589,-1.82,0.25));
#6747 = DIRECTION('',(1.110223024625E-16,-1.,0.));
#6748 = DIRECTION('',(-0.984807753012,-1.093356242223E-16,
    -0.173648177667));
#6749 = ORIENTED_EDGE('',*,*,#6750,.T.);
#6750 = EDGE_CURVE('',#6742,#6751,#6753,.T.);
#6751 = VERTEX_POINT('',#6752);
#6752 = CARTESIAN_POINT('',(3.2,-1.82,-5.551115123126E-17));
#6753 = LINE('',#6754,#6755);
#6754 = CARTESIAN_POINT('',(2.772040872589,-1.82,-5.551115123126E-17));
#6755 = VECTOR('',#6756,1.);
#6756 = DIRECTION('',(1.,1.110223024625E-16,0.));
#6757 = ORIENTED_EDGE('',*,*,#6758,.T.);
#6758 = EDGE_CURVE('',#6751,#6759,#6761,.T.);
#6759 = VERTEX_POINT('',#6760);
#6760 = CARTESIAN_POINT('',(3.2,-1.82,0.15));
#6761 = LINE('',#6762,#6763);
#6762 = CARTESIAN_POINT('',(3.2,-1.82,-5.551115123126E-17));
#6763 = VECTOR('',#6764,1.);
#6764 = DIRECTION('',(0.,0.,1.));
#6765 = ORIENTED_EDGE('',*,*,#6766,.T.);
#6766 = EDGE_CURVE('',#6759,#6767,#6769,.T.);
#6767 = VERTEX_POINT('',#6768);
#6768 = CARTESIAN_POINT('',(2.772040872589,-1.82,0.15));
#6769 = LINE('',#6770,#6771);
#6770 = CARTESIAN_POINT('',(3.2,-1.82,0.15));
#6771 = VECTOR('',#6772,1.);
#6772 = DIRECTION('',(-1.,-1.110223024625E-16,0.));
#6773 = ORIENTED_EDGE('',*,*,#6774,.T.);
#6774 = EDGE_CURVE('',#6767,#6775,#6777,.T.);
#6775 = VERTEX_POINT('',#6776);
#6776 = CARTESIAN_POINT('',(2.673560097287,-1.82,0.232635182233));
#6777 = CIRCLE('',#6778,0.1);
#6778 = AXIS2_PLACEMENT_3D('',#6779,#6780,#6781);
#6779 = CARTESIAN_POINT('',(2.772040872589,-1.82,0.25));
#6780 = DIRECTION('',(-1.110223024625E-16,1.,0.));
#6781 = DIRECTION('',(0.,0.,-1.));
#6782 = ORIENTED_EDGE('',*,*,#6783,.T.);
#6783 = EDGE_CURVE('',#6775,#6784,#6786,.T.);
#6784 = VERTEX_POINT('',#6785);
#6785 = CARTESIAN_POINT('',(2.646201938253,-1.82,0.418412044417));
#6786 = LINE('',#6787,#6788);
#6787 = CARTESIAN_POINT('',(2.673560097287,-1.82,0.232635182233));
#6788 = VECTOR('',#6789,1.);
#6789 = DIRECTION('',(-0.145692235845,-1.617508747447E-17,0.989329961345
    ));
#6790 = ORIENTED_EDGE('',*,*,#6791,.T.);
#6791 = EDGE_CURVE('',#6784,#6792,#6794,.T.);
#6792 = VERTEX_POINT('',#6793);
#6793 = CARTESIAN_POINT('',(2.4,-1.82,0.625));
#6794 = CIRCLE('',#6795,0.25);
#6795 = AXIS2_PLACEMENT_3D('',#6796,#6797,#6798);
#6796 = CARTESIAN_POINT('',(2.4,-1.82,0.375));
#6797 = DIRECTION('',(1.110223024625E-16,-1.,0.));
#6798 = DIRECTION('',(0.984807753012,1.093356242223E-16,0.173648177667)
  );
#6799 = ORIENTED_EDGE('',*,*,#6800,.T.);
#6800 = EDGE_CURVE('',#6792,#3268,#6801,.T.);
#6801 = LINE('',#6802,#6803);
#6802 = CARTESIAN_POINT('',(2.4,-1.82,0.625));
#6803 = VECTOR('',#6804,1.);
#6804 = DIRECTION('',(-1.,-1.110223024625E-16,0.));
#6805 = PLANE('',#6806);
#6806 = AXIS2_PLACEMENT_3D('',#6807,#6808,#6809);
#6807 = CARTESIAN_POINT('',(2.637615762047,-1.82,0.292893776214));
#6808 = DIRECTION('',(1.110223024625E-16,-1.,0.));
#6809 = DIRECTION('',(0.,0.,1.));
#6810 = ADVANCED_FACE('',(#6811),#6830,.F.);
#6811 = FACE_BOUND('',#6812,.F.);
#6812 = EDGE_LOOP('',(#6813,#6814,#6823,#6829));
#6813 = ORIENTED_EDGE('',*,*,#3306,.T.);
#6814 = ORIENTED_EDGE('',*,*,#6815,.T.);
#6815 = EDGE_CURVE('',#3299,#6816,#6818,.T.);
#6816 = VERTEX_POINT('',#6817);
#6817 = CARTESIAN_POINT('',(2.498480775301,-2.08,0.392364817767));
#6818 = CIRCLE('',#6819,0.1);
#6819 = AXIS2_PLACEMENT_3D('',#6820,#6821,#6822);
#6820 = CARTESIAN_POINT('',(2.4,-2.08,0.375));
#6821 = DIRECTION('',(-1.110223024625E-16,1.,0.));
#6822 = DIRECTION('',(4.440892098501E-15,4.930380657631E-31,1.));
#6823 = ORIENTED_EDGE('',*,*,#6824,.F.);
#6824 = EDGE_CURVE('',#6725,#6816,#6825,.T.);
#6825 = LINE('',#6826,#6827);
#6826 = CARTESIAN_POINT('',(2.498480775301,-1.82,0.392364817767));
#6827 = VECTOR('',#6828,1.);
#6828 = DIRECTION('',(1.110223024625E-16,-1.,0.));
#6829 = ORIENTED_EDGE('',*,*,#6724,.F.);
#6830 = CYLINDRICAL_SURFACE('',#6831,0.1);
#6831 = AXIS2_PLACEMENT_3D('',#6832,#6833,#6834);
#6832 = CARTESIAN_POINT('',(2.4,-1.82,0.375));
#6833 = DIRECTION('',(-1.110223024625E-16,1.,0.));
#6834 = DIRECTION('',(4.440892098501E-15,4.930380657631E-31,1.));
#6835 = ADVANCED_FACE('',(#6836),#6914,.T.);
#6836 = FACE_BOUND('',#6837,.T.);
#6837 = EDGE_LOOP('',(#6838,#6839,#6840,#6841,#6849,#6858,#6866,#6874,
    #6882,#6891,#6899,#6908));
#6838 = ORIENTED_EDGE('',*,*,#3320,.F.);
#6839 = ORIENTED_EDGE('',*,*,#3298,.T.);
#6840 = ORIENTED_EDGE('',*,*,#6815,.T.);
#6841 = ORIENTED_EDGE('',*,*,#6842,.T.);
#6842 = EDGE_CURVE('',#6816,#6843,#6845,.T.);
#6843 = VERTEX_POINT('',#6844);
#6844 = CARTESIAN_POINT('',(2.525838934336,-2.08,0.206587955583));
#6845 = LINE('',#6846,#6847);
#6846 = CARTESIAN_POINT('',(2.498480775301,-2.08,0.392364817767));
#6847 = VECTOR('',#6848,1.);
#6848 = DIRECTION('',(0.145692235845,1.617508747447E-17,-0.989329961345)
  );
#6849 = ORIENTED_EDGE('',*,*,#6850,.T.);
#6850 = EDGE_CURVE('',#6843,#6851,#6853,.T.);
#6851 = VERTEX_POINT('',#6852);
#6852 = CARTESIAN_POINT('',(2.772040872589,-2.08,-5.551115123126E-17));
#6853 = CIRCLE('',#6854,0.25);
#6854 = AXIS2_PLACEMENT_3D('',#6855,#6856,#6857);
#6855 = CARTESIAN_POINT('',(2.772040872589,-2.08,0.25));
#6856 = DIRECTION('',(1.110223024625E-16,-1.,0.));
#6857 = DIRECTION('',(-0.984807753012,-1.093356242223E-16,
    -0.173648177667));
#6858 = ORIENTED_EDGE('',*,*,#6859,.T.);
#6859 = EDGE_CURVE('',#6851,#6860,#6862,.T.);
#6860 = VERTEX_POINT('',#6861);
#6861 = CARTESIAN_POINT('',(3.2,-2.08,-5.551115123126E-17));
#6862 = LINE('',#6863,#6864);
#6863 = CARTESIAN_POINT('',(2.772040872589,-2.08,-5.551115123126E-17));
#6864 = VECTOR('',#6865,1.);
#6865 = DIRECTION('',(1.,1.110223024625E-16,0.));
#6866 = ORIENTED_EDGE('',*,*,#6867,.T.);
#6867 = EDGE_CURVE('',#6860,#6868,#6870,.T.);
#6868 = VERTEX_POINT('',#6869);
#6869 = CARTESIAN_POINT('',(3.2,-2.08,0.15));
#6870 = LINE('',#6871,#6872);
#6871 = CARTESIAN_POINT('',(3.2,-2.08,-5.551115123126E-17));
#6872 = VECTOR('',#6873,1.);
#6873 = DIRECTION('',(0.,0.,1.));
#6874 = ORIENTED_EDGE('',*,*,#6875,.T.);
#6875 = EDGE_CURVE('',#6868,#6876,#6878,.T.);
#6876 = VERTEX_POINT('',#6877);
#6877 = CARTESIAN_POINT('',(2.772040872589,-2.08,0.15));
#6878 = LINE('',#6879,#6880);
#6879 = CARTESIAN_POINT('',(3.2,-2.08,0.15));
#6880 = VECTOR('',#6881,1.);
#6881 = DIRECTION('',(-1.,-1.110223024625E-16,0.));
#6882 = ORIENTED_EDGE('',*,*,#6883,.T.);
#6883 = EDGE_CURVE('',#6876,#6884,#6886,.T.);
#6884 = VERTEX_POINT('',#6885);
#6885 = CARTESIAN_POINT('',(2.673560097287,-2.08,0.232635182233));
#6886 = CIRCLE('',#6887,0.1);
#6887 = AXIS2_PLACEMENT_3D('',#6888,#6889,#6890);
#6888 = CARTESIAN_POINT('',(2.772040872589,-2.08,0.25));
#6889 = DIRECTION('',(-1.110223024625E-16,1.,0.));
#6890 = DIRECTION('',(0.,0.,-1.));
#6891 = ORIENTED_EDGE('',*,*,#6892,.T.);
#6892 = EDGE_CURVE('',#6884,#6893,#6895,.T.);
#6893 = VERTEX_POINT('',#6894);
#6894 = CARTESIAN_POINT('',(2.646201938253,-2.08,0.418412044417));
#6895 = LINE('',#6896,#6897);
#6896 = CARTESIAN_POINT('',(2.673560097287,-2.08,0.232635182233));
#6897 = VECTOR('',#6898,1.);
#6898 = DIRECTION('',(-0.145692235845,-1.617508747447E-17,0.989329961345
    ));
#6899 = ORIENTED_EDGE('',*,*,#6900,.T.);
#6900 = EDGE_CURVE('',#6893,#6901,#6903,.T.);
#6901 = VERTEX_POINT('',#6902);
#6902 = CARTESIAN_POINT('',(2.4,-2.08,0.625));
#6903 = CIRCLE('',#6904,0.25);
#6904 = AXIS2_PLACEMENT_3D('',#6905,#6906,#6907);
#6905 = CARTESIAN_POINT('',(2.4,-2.08,0.375));
#6906 = DIRECTION('',(1.110223024625E-16,-1.,0.));
#6907 = DIRECTION('',(0.984807753012,1.093356242223E-16,0.173648177667)
  );
#6908 = ORIENTED_EDGE('',*,*,#6909,.T.);
#6909 = EDGE_CURVE('',#6901,#3321,#6910,.T.);
#6910 = LINE('',#6911,#6912);
#6911 = CARTESIAN_POINT('',(2.4,-2.08,0.625));
#6912 = VECTOR('',#6913,1.);
#6913 = DIRECTION('',(-1.,-1.110223024625E-16,0.));
#6914 = PLANE('',#6915);
#6915 = AXIS2_PLACEMENT_3D('',#6916,#6917,#6918);
#6916 = CARTESIAN_POINT('',(2.637615762047,-2.08,0.292893776214));
#6917 = DIRECTION('',(1.110223024625E-16,-1.,0.));
#6918 = DIRECTION('',(0.,0.,1.));
#6919 = ADVANCED_FACE('',(#6920),#6931,.T.);
#6920 = FACE_BOUND('',#6921,.T.);
#6921 = EDGE_LOOP('',(#6922,#6923,#6924,#6925));
#6922 = ORIENTED_EDGE('',*,*,#5285,.T.);
#6923 = ORIENTED_EDGE('',*,*,#3421,.T.);
#6924 = ORIENTED_EDGE('',*,*,#5387,.F.);
#6925 = ORIENTED_EDGE('',*,*,#6926,.F.);
#6926 = EDGE_CURVE('',#5278,#5380,#6927,.T.);
#6927 = LINE('',#6928,#6929);
#6928 = CARTESIAN_POINT('',(-2.646201938253,1.82,0.418412044417));
#6929 = VECTOR('',#6930,1.);
#6930 = DIRECTION('',(1.144237745222E-17,1.,0.));
#6931 = CYLINDRICAL_SURFACE('',#6932,0.25);
#6932 = AXIS2_PLACEMENT_3D('',#6933,#6934,#6935);
#6933 = CARTESIAN_POINT('',(-2.4,1.82,0.375));
#6934 = DIRECTION('',(-1.144237745222E-17,-1.,0.));
#6935 = DIRECTION('',(-0.984807753012,1.126854202784E-17,0.173648177667)
  );
#6936 = ADVANCED_FACE('',(#6937),#6950,.F.);
#6937 = FACE_BOUND('',#6938,.F.);
#6938 = EDGE_LOOP('',(#6939,#6940,#6946,#6947,#6948,#6949));
#6939 = ORIENTED_EDGE('',*,*,#3961,.F.);
#6940 = ORIENTED_EDGE('',*,*,#6941,.T.);
#6941 = EDGE_CURVE('',#3953,#4062,#6942,.T.);
#6942 = LINE('',#6943,#6944);
#6943 = CARTESIAN_POINT('',(-2.4,-2.08,0.625));
#6944 = VECTOR('',#6945,1.);
#6945 = DIRECTION('',(1.144237745222E-17,1.,0.));
#6946 = ORIENTED_EDGE('',*,*,#4070,.T.);
#6947 = ORIENTED_EDGE('',*,*,#4092,.T.);
#6948 = ORIENTED_EDGE('',*,*,#3468,.F.);
#6949 = ORIENTED_EDGE('',*,*,#3835,.F.);
#6950 = PLANE('',#6951);
#6951 = AXIS2_PLACEMENT_3D('',#6952,#6953,#6954);
#6952 = CARTESIAN_POINT('',(-2.4,-2.08,0.625));
#6953 = DIRECTION('',(0.,0.,-1.));
#6954 = DIRECTION('',(1.,-1.144237745222E-17,0.));
#6955 = ADVANCED_FACE('',(#6956),#6969,.F.);
#6956 = FACE_BOUND('',#6957,.F.);
#6957 = EDGE_LOOP('',(#6958,#6959,#6965,#6966,#6967,#6968));
#6958 = ORIENTED_EDGE('',*,*,#4184,.F.);
#6959 = ORIENTED_EDGE('',*,*,#6960,.T.);
#6960 = EDGE_CURVE('',#4176,#4285,#6961,.T.);
#6961 = LINE('',#6962,#6963);
#6962 = CARTESIAN_POINT('',(-2.4,-1.43,0.625));
#6963 = VECTOR('',#6964,1.);
#6964 = DIRECTION('',(1.144237745222E-17,1.,0.));
#6965 = ORIENTED_EDGE('',*,*,#4293,.T.);
#6966 = ORIENTED_EDGE('',*,*,#4315,.T.);
#6967 = ORIENTED_EDGE('',*,*,#3484,.F.);
#6968 = ORIENTED_EDGE('',*,*,#4085,.F.);
#6969 = PLANE('',#6970);
#6970 = AXIS2_PLACEMENT_3D('',#6971,#6972,#6973);
#6971 = CARTESIAN_POINT('',(-2.4,-1.43,0.625));
#6972 = DIRECTION('',(0.,0.,-1.));
#6973 = DIRECTION('',(1.,-1.144237745222E-17,0.));
#6974 = ADVANCED_FACE('',(#6975),#6988,.F.);
#6975 = FACE_BOUND('',#6976,.F.);
#6976 = EDGE_LOOP('',(#6977,#6978,#6984,#6985,#6986,#6987));
#6977 = ORIENTED_EDGE('',*,*,#4407,.F.);
#6978 = ORIENTED_EDGE('',*,*,#6979,.T.);
#6979 = EDGE_CURVE('',#4399,#4508,#6980,.T.);
#6980 = LINE('',#6981,#6982);
#6981 = CARTESIAN_POINT('',(-2.4,-0.78,0.625));
#6982 = VECTOR('',#6983,1.);
#6983 = DIRECTION('',(1.144237745222E-17,1.,0.));
#6984 = ORIENTED_EDGE('',*,*,#4516,.T.);
#6985 = ORIENTED_EDGE('',*,*,#4538,.T.);
#6986 = ORIENTED_EDGE('',*,*,#3500,.F.);
#6987 = ORIENTED_EDGE('',*,*,#4308,.F.);
#6988 = PLANE('',#6989);
#6989 = AXIS2_PLACEMENT_3D('',#6990,#6991,#6992);
#6990 = CARTESIAN_POINT('',(-2.4,-0.78,0.625));
#6991 = DIRECTION('',(0.,0.,-1.));
#6992 = DIRECTION('',(1.,-1.144237745222E-17,0.));
#6993 = ADVANCED_FACE('',(#6994),#7007,.F.);
#6994 = FACE_BOUND('',#6995,.F.);
#6995 = EDGE_LOOP('',(#6996,#6997,#7003,#7004,#7005,#7006));
#6996 = ORIENTED_EDGE('',*,*,#4630,.F.);
#6997 = ORIENTED_EDGE('',*,*,#6998,.T.);
#6998 = EDGE_CURVE('',#4622,#4731,#6999,.T.);
#6999 = LINE('',#7000,#7001);
#7000 = CARTESIAN_POINT('',(-2.4,-0.13,0.625));
#7001 = VECTOR('',#7002,1.);
#7002 = DIRECTION('',(1.144237745222E-17,1.,0.));
#7003 = ORIENTED_EDGE('',*,*,#4739,.T.);
#7004 = ORIENTED_EDGE('',*,*,#4761,.T.);
#7005 = ORIENTED_EDGE('',*,*,#3516,.F.);
#7006 = ORIENTED_EDGE('',*,*,#4531,.F.);
#7007 = PLANE('',#7008);
#7008 = AXIS2_PLACEMENT_3D('',#7009,#7010,#7011);
#7009 = CARTESIAN_POINT('',(-2.4,-0.13,0.625));
#7010 = DIRECTION('',(0.,0.,-1.));
#7011 = DIRECTION('',(1.,-1.144237745222E-17,0.));
#7012 = ADVANCED_FACE('',(#7013),#7026,.F.);
#7013 = FACE_BOUND('',#7014,.F.);
#7014 = EDGE_LOOP('',(#7015,#7016,#7022,#7023,#7024,#7025));
#7015 = ORIENTED_EDGE('',*,*,#4853,.F.);
#7016 = ORIENTED_EDGE('',*,*,#7017,.T.);
#7017 = EDGE_CURVE('',#4845,#4954,#7018,.T.);
#7018 = LINE('',#7019,#7020);
#7019 = CARTESIAN_POINT('',(-2.4,0.52,0.625));
#7020 = VECTOR('',#7021,1.);
#7021 = DIRECTION('',(1.144237745222E-17,1.,0.));
#7022 = ORIENTED_EDGE('',*,*,#4962,.T.);
#7023 = ORIENTED_EDGE('',*,*,#4984,.T.);
#7024 = ORIENTED_EDGE('',*,*,#3532,.F.);
#7025 = ORIENTED_EDGE('',*,*,#4754,.F.);
#7026 = PLANE('',#7027);
#7027 = AXIS2_PLACEMENT_3D('',#7028,#7029,#7030);
#7028 = CARTESIAN_POINT('',(-2.4,0.52,0.625));
#7029 = DIRECTION('',(0.,0.,-1.));
#7030 = DIRECTION('',(1.,-1.144237745222E-17,0.));
#7031 = ADVANCED_FACE('',(#7032),#7045,.F.);
#7032 = FACE_BOUND('',#7033,.F.);
#7033 = EDGE_LOOP('',(#7034,#7035,#7041,#7042,#7043,#7044));
#7034 = ORIENTED_EDGE('',*,*,#5076,.F.);
#7035 = ORIENTED_EDGE('',*,*,#7036,.T.);
#7036 = EDGE_CURVE('',#5068,#5177,#7037,.T.);
#7037 = LINE('',#7038,#7039);
#7038 = CARTESIAN_POINT('',(-2.4,1.17,0.625));
#7039 = VECTOR('',#7040,1.);
#7040 = DIRECTION('',(1.144237745222E-17,1.,0.));
#7041 = ORIENTED_EDGE('',*,*,#5185,.T.);
#7042 = ORIENTED_EDGE('',*,*,#5202,.T.);
#7043 = ORIENTED_EDGE('',*,*,#3548,.F.);
#7044 = ORIENTED_EDGE('',*,*,#4977,.F.);
#7045 = PLANE('',#7046);
#7046 = AXIS2_PLACEMENT_3D('',#7047,#7048,#7049);
#7047 = CARTESIAN_POINT('',(-2.4,1.17,0.625));
#7048 = DIRECTION('',(0.,0.,-1.));
#7049 = DIRECTION('',(1.,-1.144237745222E-17,0.));
#7050 = ADVANCED_FACE('',(#7051,#7080),#7091,.T.);
#7051 = FACE_BOUND('',#7052,.T.);
#7052 = EDGE_LOOP('',(#7053,#7054,#7055,#7056,#7064,#7072,#7078,#7079));
#7053 = ORIENTED_EDGE('',*,*,#3623,.F.);
#7054 = ORIENTED_EDGE('',*,*,#3600,.F.);
#7055 = ORIENTED_EDGE('',*,*,#3571,.F.);
#7056 = ORIENTED_EDGE('',*,*,#7057,.F.);
#7057 = EDGE_CURVE('',#7058,#3572,#7060,.T.);
#7058 = VERTEX_POINT('',#7059);
#7059 = CARTESIAN_POINT('',(-1.935145644687,-2.370291289374,1.));
#7060 = LINE('',#7061,#7062);
#7061 = CARTESIAN_POINT('',(-1.935145644687,-2.370291289374,1.));
#7062 = VECTOR('',#7063,1.);
#7063 = DIRECTION('',(-0.707106781187,0.707106781187,0.));
#7064 = ORIENTED_EDGE('',*,*,#7065,.F.);
#7065 = EDGE_CURVE('',#7066,#7058,#7068,.T.);
#7066 = VERTEX_POINT('',#7067);
#7067 = CARTESIAN_POINT('',(1.935145644687,-2.370291289374,1.));
#7068 = LINE('',#7069,#7070);
#7069 = CARTESIAN_POINT('',(1.935145644687,-2.370291289374,1.));
#7070 = VECTOR('',#7071,1.);
#7071 = DIRECTION('',(-1.,-1.110223024625E-16,0.));
#7072 = ORIENTED_EDGE('',*,*,#7073,.F.);
#7073 = EDGE_CURVE('',#3775,#7066,#7074,.T.);
#7074 = LINE('',#7075,#7076);
#7075 = CARTESIAN_POINT('',(2.070291289374,-2.235145644687,1.));
#7076 = VECTOR('',#7077,1.);
#7077 = DIRECTION('',(-0.707106781187,-0.707106781187,0.));
#7078 = ORIENTED_EDGE('',*,*,#3781,.F.);
#7079 = ORIENTED_EDGE('',*,*,#3646,.F.);
#7080 = FACE_BOUND('',#7081,.T.);
#7081 = EDGE_LOOP('',(#7082));
#7082 = ORIENTED_EDGE('',*,*,#7083,.T.);
#7083 = EDGE_CURVE('',#7084,#7084,#7086,.T.);
#7084 = VERTEX_POINT('',#7085);
#7085 = CARTESIAN_POINT('',(-1.370291289374,1.420291289374,1.));
#7086 = CIRCLE('',#7087,0.25);
#7087 = AXIS2_PLACEMENT_3D('',#7088,#7089,#7090);
#7088 = CARTESIAN_POINT('',(-1.370291289374,1.670291289374,1.));
#7089 = DIRECTION('',(0.,-0.,-1.));
#7090 = DIRECTION('',(1.110223024625E-16,-1.,0.));
#7091 = PLANE('',#7092);
#7092 = AXIS2_PLACEMENT_3D('',#7093,#7094,#7095);
#7093 = CARTESIAN_POINT('',(-1.935145644687,2.370291289374,1.));
#7094 = DIRECTION('',(0.,0.,1.));
#7095 = DIRECTION('',(0.632418454006,-0.774626941845,0.));
#7096 = ADVANCED_FACE('',(#7097),#7107,.F.);
#7097 = FACE_BOUND('',#7098,.F.);
#7098 = EDGE_LOOP('',(#7099,#7100,#7101,#7102));
#7099 = ORIENTED_EDGE('',*,*,#3842,.T.);
#7100 = ORIENTED_EDGE('',*,*,#3579,.T.);
#7101 = ORIENTED_EDGE('',*,*,#7057,.F.);
#7102 = ORIENTED_EDGE('',*,*,#7103,.F.);
#7103 = EDGE_CURVE('',#3843,#7058,#7104,.T.);
#7104 = B_SPLINE_CURVE_WITH_KNOTS('',1,(#7105,#7106),.UNSPECIFIED.,.F.,
  .F.,(2,2),(0.,1.),.PIECEWISE_BEZIER_KNOTS.);
#7105 = CARTESIAN_POINT('',(-1.975,-2.45,0.625));
#7106 = CARTESIAN_POINT('',(-1.935145644687,-2.370291289374,1.));
#7107 = B_SPLINE_SURFACE_WITH_KNOTS('',1,1,(
    (#7108,#7109)
    ,(#7110,#7111
    )),.UNSPECIFIED.,.F.,.F.,.F.,(2,2),(2,2),(0.,0.247487373415),(0.,1.)
  ,.PIECEWISE_BEZIER_KNOTS.);
#7108 = CARTESIAN_POINT('',(-1.975,-2.45,0.625));
#7109 = CARTESIAN_POINT('',(-1.935145644687,-2.370291289374,1.));
#7110 = CARTESIAN_POINT('',(-2.15,-2.275,0.625));
#7111 = CARTESIAN_POINT('',(-2.070291289374,-2.235145644687,1.));
#7112 = ADVANCED_FACE('',(#7113),#7126,.F.);
#7113 = FACE_BOUND('',#7114,.F.);
#7114 = EDGE_LOOP('',(#7115,#7116,#7122,#7123,#7124,#7125));
#7115 = ORIENTED_EDGE('',*,*,#5685,.F.);
#7116 = ORIENTED_EDGE('',*,*,#7117,.T.);
#7117 = EDGE_CURVE('',#5677,#5786,#7118,.T.);
#7118 = LINE('',#7119,#7120);
#7119 = CARTESIAN_POINT('',(2.4,1.43,0.625));
#7120 = VECTOR('',#7121,1.);
#7121 = DIRECTION('',(1.110223024625E-16,-1.,0.));
#7122 = ORIENTED_EDGE('',*,*,#5794,.T.);
#7123 = ORIENTED_EDGE('',*,*,#5808,.T.);
#7124 = ORIENTED_EDGE('',*,*,#3678,.F.);
#7125 = ORIENTED_EDGE('',*,*,#5592,.F.);
#7126 = PLANE('',#7127);
#7127 = AXIS2_PLACEMENT_3D('',#7128,#7129,#7130);
#7128 = CARTESIAN_POINT('',(2.4,1.43,0.625));
#7129 = DIRECTION('',(0.,0.,-1.));
#7130 = DIRECTION('',(-1.,-1.110223024625E-16,-0.));
#7131 = ADVANCED_FACE('',(#7132),#7145,.F.);
#7132 = FACE_BOUND('',#7133,.F.);
#7133 = EDGE_LOOP('',(#7134,#7135,#7141,#7142,#7143,#7144));
#7134 = ORIENTED_EDGE('',*,*,#5908,.F.);
#7135 = ORIENTED_EDGE('',*,*,#7136,.T.);
#7136 = EDGE_CURVE('',#5900,#6009,#7137,.T.);
#7137 = LINE('',#7138,#7139);
#7138 = CARTESIAN_POINT('',(2.4,0.78,0.625));
#7139 = VECTOR('',#7140,1.);
#7140 = DIRECTION('',(1.110223024625E-16,-1.,0.));
#7141 = ORIENTED_EDGE('',*,*,#6017,.T.);
#7142 = ORIENTED_EDGE('',*,*,#6031,.T.);
#7143 = ORIENTED_EDGE('',*,*,#3694,.F.);
#7144 = ORIENTED_EDGE('',*,*,#5815,.F.);
#7145 = PLANE('',#7146);
#7146 = AXIS2_PLACEMENT_3D('',#7147,#7148,#7149);
#7147 = CARTESIAN_POINT('',(2.4,0.78,0.625));
#7148 = DIRECTION('',(0.,0.,-1.));
#7149 = DIRECTION('',(-1.,-1.110223024625E-16,-0.));
#7150 = ADVANCED_FACE('',(#7151),#7164,.F.);
#7151 = FACE_BOUND('',#7152,.F.);
#7152 = EDGE_LOOP('',(#7153,#7154,#7160,#7161,#7162,#7163));
#7153 = ORIENTED_EDGE('',*,*,#6131,.F.);
#7154 = ORIENTED_EDGE('',*,*,#7155,.T.);
#7155 = EDGE_CURVE('',#6123,#6232,#7156,.T.);
#7156 = LINE('',#7157,#7158);
#7157 = CARTESIAN_POINT('',(2.4,0.13,0.625));
#7158 = VECTOR('',#7159,1.);
#7159 = DIRECTION('',(1.110223024625E-16,-1.,0.));
#7160 = ORIENTED_EDGE('',*,*,#6240,.T.);
#7161 = ORIENTED_EDGE('',*,*,#6254,.T.);
#7162 = ORIENTED_EDGE('',*,*,#3710,.F.);
#7163 = ORIENTED_EDGE('',*,*,#6038,.F.);
#7164 = PLANE('',#7165);
#7165 = AXIS2_PLACEMENT_3D('',#7166,#7167,#7168);
#7166 = CARTESIAN_POINT('',(2.4,0.13,0.625));
#7167 = DIRECTION('',(0.,0.,-1.));
#7168 = DIRECTION('',(-1.,-1.110223024625E-16,-0.));
#7169 = ADVANCED_FACE('',(#7170),#7183,.F.);
#7170 = FACE_BOUND('',#7171,.F.);
#7171 = EDGE_LOOP('',(#7172,#7173,#7179,#7180,#7181,#7182));
#7172 = ORIENTED_EDGE('',*,*,#6354,.F.);
#7173 = ORIENTED_EDGE('',*,*,#7174,.T.);
#7174 = EDGE_CURVE('',#6346,#6455,#7175,.T.);
#7175 = LINE('',#7176,#7177);
#7176 = CARTESIAN_POINT('',(2.4,-0.52,0.625));
#7177 = VECTOR('',#7178,1.);
#7178 = DIRECTION('',(1.110223024625E-16,-1.,0.));
#7179 = ORIENTED_EDGE('',*,*,#6463,.T.);
#7180 = ORIENTED_EDGE('',*,*,#6477,.T.);
#7181 = ORIENTED_EDGE('',*,*,#3726,.F.);
#7182 = ORIENTED_EDGE('',*,*,#6261,.F.);
#7183 = PLANE('',#7184);
#7184 = AXIS2_PLACEMENT_3D('',#7185,#7186,#7187);
#7185 = CARTESIAN_POINT('',(2.4,-0.52,0.625));
#7186 = DIRECTION('',(0.,0.,-1.));
#7187 = DIRECTION('',(-1.,-1.110223024625E-16,-0.));
#7188 = ADVANCED_FACE('',(#7189),#7202,.F.);
#7189 = FACE_BOUND('',#7190,.F.);
#7190 = EDGE_LOOP('',(#7191,#7192,#7198,#7199,#7200,#7201));
#7191 = ORIENTED_EDGE('',*,*,#6577,.F.);
#7192 = ORIENTED_EDGE('',*,*,#7193,.T.);
#7193 = EDGE_CURVE('',#6569,#6678,#7194,.T.);
#7194 = LINE('',#7195,#7196);
#7195 = CARTESIAN_POINT('',(2.4,-1.17,0.625));
#7196 = VECTOR('',#7197,1.);
#7197 = DIRECTION('',(1.110223024625E-16,-1.,0.));
#7198 = ORIENTED_EDGE('',*,*,#6686,.T.);
#7199 = ORIENTED_EDGE('',*,*,#6700,.T.);
#7200 = ORIENTED_EDGE('',*,*,#3742,.F.);
#7201 = ORIENTED_EDGE('',*,*,#6484,.F.);
#7202 = PLANE('',#7203);
#7203 = AXIS2_PLACEMENT_3D('',#7204,#7205,#7206);
#7204 = CARTESIAN_POINT('',(2.4,-1.17,0.625));
#7205 = DIRECTION('',(0.,0.,-1.));
#7206 = DIRECTION('',(-1.,-1.110223024625E-16,-0.));
#7207 = ADVANCED_FACE('',(#7208),#7221,.F.);
#7208 = FACE_BOUND('',#7209,.F.);
#7209 = EDGE_LOOP('',(#7210,#7211,#7217,#7218,#7219,#7220));
#7210 = ORIENTED_EDGE('',*,*,#6800,.F.);
#7211 = ORIENTED_EDGE('',*,*,#7212,.T.);
#7212 = EDGE_CURVE('',#6792,#6901,#7213,.T.);
#7213 = LINE('',#7214,#7215);
#7214 = CARTESIAN_POINT('',(2.4,-1.82,0.625));
#7215 = VECTOR('',#7216,1.);
#7216 = DIRECTION('',(1.110223024625E-16,-1.,0.));
#7217 = ORIENTED_EDGE('',*,*,#6909,.T.);
#7218 = ORIENTED_EDGE('',*,*,#3865,.T.);
#7219 = ORIENTED_EDGE('',*,*,#3758,.F.);
#7220 = ORIENTED_EDGE('',*,*,#6707,.F.);
#7221 = PLANE('',#7222);
#7222 = AXIS2_PLACEMENT_3D('',#7223,#7224,#7225);
#7223 = CARTESIAN_POINT('',(2.4,-1.82,0.625));
#7224 = DIRECTION('',(0.,0.,-1.));
#7225 = DIRECTION('',(-1.,-1.110223024625E-16,-0.));
#7226 = ADVANCED_FACE('',(#7227),#7237,.F.);
#7227 = FACE_BOUND('',#7228,.F.);
#7228 = EDGE_LOOP('',(#7229,#7230,#7235,#7236));
#7229 = ORIENTED_EDGE('',*,*,#3858,.T.);
#7230 = ORIENTED_EDGE('',*,*,#7231,.T.);
#7231 = EDGE_CURVE('',#3851,#7066,#7232,.T.);
#7232 = B_SPLINE_CURVE_WITH_KNOTS('',1,(#7233,#7234),.UNSPECIFIED.,.F.,
  .F.,(2,2),(0.,1.),.PIECEWISE_BEZIER_KNOTS.);
#7233 = CARTESIAN_POINT('',(1.975,-2.45,0.625));
#7234 = CARTESIAN_POINT('',(1.935145644687,-2.370291289374,1.));
#7235 = ORIENTED_EDGE('',*,*,#7073,.F.);
#7236 = ORIENTED_EDGE('',*,*,#3774,.F.);
#7237 = B_SPLINE_SURFACE_WITH_KNOTS('',1,1,(
    (#7238,#7239)
    ,(#7240,#7241
    )),.UNSPECIFIED.,.F.,.F.,.F.,(2,2),(2,2),(0.,0.247487373415),(0.,1.)
  ,.PIECEWISE_BEZIER_KNOTS.);
#7238 = CARTESIAN_POINT('',(2.15,-2.275,0.625));
#7239 = CARTESIAN_POINT('',(2.070291289374,-2.235145644687,1.));
#7240 = CARTESIAN_POINT('',(1.975,-2.45,0.625));
#7241 = CARTESIAN_POINT('',(1.935145644687,-2.370291289374,1.));
#7242 = ADVANCED_FACE('',(#7243),#7254,.T.);
#7243 = FACE_BOUND('',#7244,.T.);
#7244 = EDGE_LOOP('',(#7245,#7246,#7247,#7248));
#7245 = ORIENTED_EDGE('',*,*,#5472,.T.);
#7246 = ORIENTED_EDGE('',*,*,#3804,.T.);
#7247 = ORIENTED_EDGE('',*,*,#5574,.F.);
#7248 = ORIENTED_EDGE('',*,*,#7249,.F.);
#7249 = EDGE_CURVE('',#5465,#5567,#7250,.T.);
#7250 = LINE('',#7251,#7252);
#7251 = CARTESIAN_POINT('',(2.646201938253,2.08,0.418412044417));
#7252 = VECTOR('',#7253,1.);
#7253 = DIRECTION('',(1.110223024625E-16,-1.,0.));
#7254 = CYLINDRICAL_SURFACE('',#7255,0.25);
#7255 = AXIS2_PLACEMENT_3D('',#7256,#7257,#7258);
#7256 = CARTESIAN_POINT('',(2.4,2.08,0.375));
#7257 = DIRECTION('',(-1.110223024625E-16,1.,0.));
#7258 = DIRECTION('',(0.984807753012,1.093356242223E-16,0.173648177667)
  );
#7259 = ADVANCED_FACE('',(#7260),#7266,.F.);
#7260 = FACE_BOUND('',#7261,.F.);
#7261 = EDGE_LOOP('',(#7262,#7263,#7264,#7265));
#7262 = ORIENTED_EDGE('',*,*,#3850,.T.);
#7263 = ORIENTED_EDGE('',*,*,#7103,.T.);
#7264 = ORIENTED_EDGE('',*,*,#7065,.F.);
#7265 = ORIENTED_EDGE('',*,*,#7231,.F.);
#7266 = B_SPLINE_SURFACE_WITH_KNOTS('',1,1,(
    (#7267,#7268)
    ,(#7269,#7270
    )),.UNSPECIFIED.,.F.,.F.,.F.,(2,2),(2,2),(0.,3.95),(0.,1.),
  .PIECEWISE_BEZIER_KNOTS.);
#7267 = CARTESIAN_POINT('',(1.975,-2.45,0.625));
#7268 = CARTESIAN_POINT('',(1.935145644687,-2.370291289374,1.));
#7269 = CARTESIAN_POINT('',(-1.975,-2.45,0.625));
#7270 = CARTESIAN_POINT('',(-1.935145644687,-2.370291289374,1.));
#7271 = ADVANCED_FACE('',(#7272),#7283,.T.);
#7272 = FACE_BOUND('',#7273,.T.);
#7273 = EDGE_LOOP('',(#7274,#7275,#7276,#7277));
#7274 = ORIENTED_EDGE('',*,*,#3952,.T.);
#7275 = ORIENTED_EDGE('',*,*,#6941,.T.);
#7276 = ORIENTED_EDGE('',*,*,#4061,.F.);
#7277 = ORIENTED_EDGE('',*,*,#7278,.F.);
#7278 = EDGE_CURVE('',#3945,#4054,#7279,.T.);
#7279 = LINE('',#7280,#7281);
#7280 = CARTESIAN_POINT('',(-2.646201938253,-2.08,0.418412044417));
#7281 = VECTOR('',#7282,1.);
#7282 = DIRECTION('',(1.144237745222E-17,1.,0.));
#7283 = CYLINDRICAL_SURFACE('',#7284,0.25);
#7284 = AXIS2_PLACEMENT_3D('',#7285,#7286,#7287);
#7285 = CARTESIAN_POINT('',(-2.4,-2.08,0.375));
#7286 = DIRECTION('',(-1.144237745222E-17,-1.,0.));
#7287 = DIRECTION('',(-0.984807753012,1.126854202784E-17,0.173648177667)
  );
#7288 = ADVANCED_FACE('',(#7289),#7300,.F.);
#7289 = FACE_BOUND('',#7290,.F.);
#7290 = EDGE_LOOP('',(#7291,#7297,#7298,#7299));
#7291 = ORIENTED_EDGE('',*,*,#7292,.T.);
#7292 = EDGE_CURVE('',#3936,#4045,#7293,.T.);
#7293 = LINE('',#7294,#7295);
#7294 = CARTESIAN_POINT('',(-2.673560097287,-2.08,0.232635182233));
#7295 = VECTOR('',#7296,1.);
#7296 = DIRECTION('',(1.144237745222E-17,1.,0.));
#7297 = ORIENTED_EDGE('',*,*,#4053,.T.);
#7298 = ORIENTED_EDGE('',*,*,#7278,.F.);
#7299 = ORIENTED_EDGE('',*,*,#3944,.F.);
#7300 = PLANE('',#7301);
#7301 = AXIS2_PLACEMENT_3D('',#7302,#7303,#7304);
#7302 = CARTESIAN_POINT('',(-2.673560097287,-2.08,0.232635182233));
#7303 = DIRECTION('',(0.989329961345,-1.13202868425E-17,-0.145692235845)
  );
#7304 = DIRECTION('',(0.145692235845,-1.667065554401E-18,0.989329961345)
  );
#7305 = ADVANCED_FACE('',(#7306),#7317,.F.);
#7306 = FACE_BOUND('',#7307,.F.);
#7307 = EDGE_LOOP('',(#7308,#7314,#7315,#7316));
#7308 = ORIENTED_EDGE('',*,*,#7309,.T.);
#7309 = EDGE_CURVE('',#3928,#4037,#7310,.T.);
#7310 = LINE('',#7311,#7312);
#7311 = CARTESIAN_POINT('',(-2.772040872589,-2.08,0.15));
#7312 = VECTOR('',#7313,1.);
#7313 = DIRECTION('',(1.144237745222E-17,1.,0.));
#7314 = ORIENTED_EDGE('',*,*,#4044,.T.);
#7315 = ORIENTED_EDGE('',*,*,#7292,.F.);
#7316 = ORIENTED_EDGE('',*,*,#3935,.F.);
#7317 = CYLINDRICAL_SURFACE('',#7318,0.1);
#7318 = AXIS2_PLACEMENT_3D('',#7319,#7320,#7321);
#7319 = CARTESIAN_POINT('',(-2.772040872589,-2.08,0.25));
#7320 = DIRECTION('',(-1.144237745222E-17,-1.,0.));
#7321 = DIRECTION('',(-0.,0.,-1.));
#7322 = ADVANCED_FACE('',(#7323),#7334,.F.);
#7323 = FACE_BOUND('',#7324,.F.);
#7324 = EDGE_LOOP('',(#7325,#7331,#7332,#7333));
#7325 = ORIENTED_EDGE('',*,*,#7326,.T.);
#7326 = EDGE_CURVE('',#3920,#4029,#7327,.T.);
#7327 = LINE('',#7328,#7329);
#7328 = CARTESIAN_POINT('',(-3.2,-2.08,0.15));
#7329 = VECTOR('',#7330,1.);
#7330 = DIRECTION('',(1.144237745222E-17,1.,0.));
#7331 = ORIENTED_EDGE('',*,*,#4036,.T.);
#7332 = ORIENTED_EDGE('',*,*,#7309,.F.);
#7333 = ORIENTED_EDGE('',*,*,#3927,.F.);
#7334 = PLANE('',#7335);
#7335 = AXIS2_PLACEMENT_3D('',#7336,#7337,#7338);
#7336 = CARTESIAN_POINT('',(-3.2,-2.08,0.15));
#7337 = DIRECTION('',(0.,0.,-1.));
#7338 = DIRECTION('',(1.,-1.144237745222E-17,0.));
#7339 = ADVANCED_FACE('',(#7340),#7351,.F.);
#7340 = FACE_BOUND('',#7341,.F.);
#7341 = EDGE_LOOP('',(#7342,#7348,#7349,#7350));
#7342 = ORIENTED_EDGE('',*,*,#7343,.T.);
#7343 = EDGE_CURVE('',#3912,#4021,#7344,.T.);
#7344 = LINE('',#7345,#7346);
#7345 = CARTESIAN_POINT('',(-3.2,-2.08,-5.551115123126E-17));
#7346 = VECTOR('',#7347,1.);
#7347 = DIRECTION('',(1.144237745222E-17,1.,0.));
#7348 = ORIENTED_EDGE('',*,*,#4028,.T.);
#7349 = ORIENTED_EDGE('',*,*,#7326,.F.);
#7350 = ORIENTED_EDGE('',*,*,#3919,.F.);
#7351 = PLANE('',#7352);
#7352 = AXIS2_PLACEMENT_3D('',#7353,#7354,#7355);
#7353 = CARTESIAN_POINT('',(-3.2,-2.08,-5.551115123126E-17));
#7354 = DIRECTION('',(1.,-1.144237745222E-17,0.));
#7355 = DIRECTION('',(0.,0.,1.));
#7356 = ADVANCED_FACE('',(#7357),#7368,.F.);
#7357 = FACE_BOUND('',#7358,.F.);
#7358 = EDGE_LOOP('',(#7359,#7365,#7366,#7367));
#7359 = ORIENTED_EDGE('',*,*,#7360,.T.);
#7360 = EDGE_CURVE('',#3903,#4012,#7361,.T.);
#7361 = LINE('',#7362,#7363);
#7362 = CARTESIAN_POINT('',(-2.772040872589,-2.08,-5.551115123126E-17));
#7363 = VECTOR('',#7364,1.);
#7364 = DIRECTION('',(1.144237745222E-17,1.,0.));
#7365 = ORIENTED_EDGE('',*,*,#4020,.T.);
#7366 = ORIENTED_EDGE('',*,*,#7343,.F.);
#7367 = ORIENTED_EDGE('',*,*,#3911,.F.);
#7368 = PLANE('',#7369);
#7369 = AXIS2_PLACEMENT_3D('',#7370,#7371,#7372);
#7370 = CARTESIAN_POINT('',(-2.772040872589,-2.08,-5.551115123126E-17));
#7371 = DIRECTION('',(0.,0.,1.));
#7372 = DIRECTION('',(-1.,1.144237745222E-17,0.));
#7373 = ADVANCED_FACE('',(#7374),#7385,.T.);
#7374 = FACE_BOUND('',#7375,.T.);
#7375 = EDGE_LOOP('',(#7376,#7377,#7378,#7379));
#7376 = ORIENTED_EDGE('',*,*,#3902,.T.);
#7377 = ORIENTED_EDGE('',*,*,#7360,.T.);
#7378 = ORIENTED_EDGE('',*,*,#4011,.F.);
#7379 = ORIENTED_EDGE('',*,*,#7380,.F.);
#7380 = EDGE_CURVE('',#3895,#4004,#7381,.T.);
#7381 = LINE('',#7382,#7383);
#7382 = CARTESIAN_POINT('',(-2.525838934336,-2.08,0.206587955583));
#7383 = VECTOR('',#7384,1.);
#7384 = DIRECTION('',(1.144237745222E-17,1.,0.));
#7385 = CYLINDRICAL_SURFACE('',#7386,0.25);
#7386 = AXIS2_PLACEMENT_3D('',#7387,#7388,#7389);
#7387 = CARTESIAN_POINT('',(-2.772040872589,-2.08,0.25));
#7388 = DIRECTION('',(-1.144237745222E-17,-1.,0.));
#7389 = DIRECTION('',(0.984807753012,-1.126854202784E-17,-0.173648177667
    ));
#7390 = ADVANCED_FACE('',(#7391),#7397,.F.);
#7391 = FACE_BOUND('',#7392,.F.);
#7392 = EDGE_LOOP('',(#7393,#7394,#7395,#7396));
#7393 = ORIENTED_EDGE('',*,*,#3985,.T.);
#7394 = ORIENTED_EDGE('',*,*,#4003,.T.);
#7395 = ORIENTED_EDGE('',*,*,#7380,.F.);
#7396 = ORIENTED_EDGE('',*,*,#3894,.F.);
#7397 = PLANE('',#7398);
#7398 = AXIS2_PLACEMENT_3D('',#7399,#7400,#7401);
#7399 = CARTESIAN_POINT('',(-2.498480775301,-2.08,0.392364817767));
#7400 = DIRECTION('',(-0.989329961345,1.13202868425E-17,0.145692235845)
  );
#7401 = DIRECTION('',(-0.145692235845,1.667065554401E-18,-0.989329961345
    ));
#7402 = ADVANCED_FACE('',(#7403),#7414,.T.);
#7403 = FACE_BOUND('',#7404,.T.);
#7404 = EDGE_LOOP('',(#7405,#7406,#7407,#7408));
#7405 = ORIENTED_EDGE('',*,*,#4175,.T.);
#7406 = ORIENTED_EDGE('',*,*,#6960,.T.);
#7407 = ORIENTED_EDGE('',*,*,#4284,.F.);
#7408 = ORIENTED_EDGE('',*,*,#7409,.F.);
#7409 = EDGE_CURVE('',#4168,#4277,#7410,.T.);
#7410 = LINE('',#7411,#7412);
#7411 = CARTESIAN_POINT('',(-2.646201938253,-1.43,0.418412044417));
#7412 = VECTOR('',#7413,1.);
#7413 = DIRECTION('',(1.144237745222E-17,1.,0.));
#7414 = CYLINDRICAL_SURFACE('',#7415,0.25);
#7415 = AXIS2_PLACEMENT_3D('',#7416,#7417,#7418);
#7416 = CARTESIAN_POINT('',(-2.4,-1.43,0.375));
#7417 = DIRECTION('',(-1.144237745222E-17,-1.,0.));
#7418 = DIRECTION('',(-0.984807753012,1.126854202784E-17,0.173648177667)
  );
#7419 = ADVANCED_FACE('',(#7420),#7431,.F.);
#7420 = FACE_BOUND('',#7421,.F.);
#7421 = EDGE_LOOP('',(#7422,#7428,#7429,#7430));
#7422 = ORIENTED_EDGE('',*,*,#7423,.T.);
#7423 = EDGE_CURVE('',#4159,#4268,#7424,.T.);
#7424 = LINE('',#7425,#7426);
#7425 = CARTESIAN_POINT('',(-2.673560097287,-1.43,0.232635182233));
#7426 = VECTOR('',#7427,1.);
#7427 = DIRECTION('',(1.144237745222E-17,1.,0.));
#7428 = ORIENTED_EDGE('',*,*,#4276,.T.);
#7429 = ORIENTED_EDGE('',*,*,#7409,.F.);
#7430 = ORIENTED_EDGE('',*,*,#4167,.F.);
#7431 = PLANE('',#7432);
#7432 = AXIS2_PLACEMENT_3D('',#7433,#7434,#7435);
#7433 = CARTESIAN_POINT('',(-2.673560097287,-1.43,0.232635182233));
#7434 = DIRECTION('',(0.989329961345,-1.13202868425E-17,-0.145692235845)
  );
#7435 = DIRECTION('',(0.145692235845,-1.667065554401E-18,0.989329961345)
  );
#7436 = ADVANCED_FACE('',(#7437),#7448,.F.);
#7437 = FACE_BOUND('',#7438,.F.);
#7438 = EDGE_LOOP('',(#7439,#7445,#7446,#7447));
#7439 = ORIENTED_EDGE('',*,*,#7440,.T.);
#7440 = EDGE_CURVE('',#4151,#4260,#7441,.T.);
#7441 = LINE('',#7442,#7443);
#7442 = CARTESIAN_POINT('',(-2.772040872589,-1.43,0.15));
#7443 = VECTOR('',#7444,1.);
#7444 = DIRECTION('',(1.144237745222E-17,1.,0.));
#7445 = ORIENTED_EDGE('',*,*,#4267,.T.);
#7446 = ORIENTED_EDGE('',*,*,#7423,.F.);
#7447 = ORIENTED_EDGE('',*,*,#4158,.F.);
#7448 = CYLINDRICAL_SURFACE('',#7449,0.1);
#7449 = AXIS2_PLACEMENT_3D('',#7450,#7451,#7452);
#7450 = CARTESIAN_POINT('',(-2.772040872589,-1.43,0.25));
#7451 = DIRECTION('',(-1.144237745222E-17,-1.,0.));
#7452 = DIRECTION('',(-0.,0.,-1.));
#7453 = ADVANCED_FACE('',(#7454),#7465,.F.);
#7454 = FACE_BOUND('',#7455,.F.);
#7455 = EDGE_LOOP('',(#7456,#7462,#7463,#7464));
#7456 = ORIENTED_EDGE('',*,*,#7457,.T.);
#7457 = EDGE_CURVE('',#4143,#4252,#7458,.T.);
#7458 = LINE('',#7459,#7460);
#7459 = CARTESIAN_POINT('',(-3.2,-1.43,0.15));
#7460 = VECTOR('',#7461,1.);
#7461 = DIRECTION('',(1.144237745222E-17,1.,0.));
#7462 = ORIENTED_EDGE('',*,*,#4259,.T.);
#7463 = ORIENTED_EDGE('',*,*,#7440,.F.);
#7464 = ORIENTED_EDGE('',*,*,#4150,.F.);
#7465 = PLANE('',#7466);
#7466 = AXIS2_PLACEMENT_3D('',#7467,#7468,#7469);
#7467 = CARTESIAN_POINT('',(-3.2,-1.43,0.15));
#7468 = DIRECTION('',(0.,0.,-1.));
#7469 = DIRECTION('',(1.,-1.144237745222E-17,0.));
#7470 = ADVANCED_FACE('',(#7471),#7482,.F.);
#7471 = FACE_BOUND('',#7472,.F.);
#7472 = EDGE_LOOP('',(#7473,#7479,#7480,#7481));
#7473 = ORIENTED_EDGE('',*,*,#7474,.T.);
#7474 = EDGE_CURVE('',#4135,#4244,#7475,.T.);
#7475 = LINE('',#7476,#7477);
#7476 = CARTESIAN_POINT('',(-3.2,-1.43,-5.551115123126E-17));
#7477 = VECTOR('',#7478,1.);
#7478 = DIRECTION('',(1.144237745222E-17,1.,0.));
#7479 = ORIENTED_EDGE('',*,*,#4251,.T.);
#7480 = ORIENTED_EDGE('',*,*,#7457,.F.);
#7481 = ORIENTED_EDGE('',*,*,#4142,.F.);
#7482 = PLANE('',#7483);
#7483 = AXIS2_PLACEMENT_3D('',#7484,#7485,#7486);
#7484 = CARTESIAN_POINT('',(-3.2,-1.43,-5.551115123126E-17));
#7485 = DIRECTION('',(1.,-1.144237745222E-17,0.));
#7486 = DIRECTION('',(0.,0.,1.));
#7487 = ADVANCED_FACE('',(#7488),#7499,.F.);
#7488 = FACE_BOUND('',#7489,.F.);
#7489 = EDGE_LOOP('',(#7490,#7496,#7497,#7498));
#7490 = ORIENTED_EDGE('',*,*,#7491,.T.);
#7491 = EDGE_CURVE('',#4126,#4235,#7492,.T.);
#7492 = LINE('',#7493,#7494);
#7493 = CARTESIAN_POINT('',(-2.772040872589,-1.43,-5.551115123126E-17));
#7494 = VECTOR('',#7495,1.);
#7495 = DIRECTION('',(1.144237745222E-17,1.,0.));
#7496 = ORIENTED_EDGE('',*,*,#4243,.T.);
#7497 = ORIENTED_EDGE('',*,*,#7474,.F.);
#7498 = ORIENTED_EDGE('',*,*,#4134,.F.);
#7499 = PLANE('',#7500);
#7500 = AXIS2_PLACEMENT_3D('',#7501,#7502,#7503);
#7501 = CARTESIAN_POINT('',(-2.772040872589,-1.43,-5.551115123126E-17));
#7502 = DIRECTION('',(0.,0.,1.));
#7503 = DIRECTION('',(-1.,1.144237745222E-17,0.));
#7504 = ADVANCED_FACE('',(#7505),#7516,.T.);
#7505 = FACE_BOUND('',#7506,.T.);
#7506 = EDGE_LOOP('',(#7507,#7508,#7509,#7510));
#7507 = ORIENTED_EDGE('',*,*,#4125,.T.);
#7508 = ORIENTED_EDGE('',*,*,#7491,.T.);
#7509 = ORIENTED_EDGE('',*,*,#4234,.F.);
#7510 = ORIENTED_EDGE('',*,*,#7511,.F.);
#7511 = EDGE_CURVE('',#4118,#4227,#7512,.T.);
#7512 = LINE('',#7513,#7514);
#7513 = CARTESIAN_POINT('',(-2.525838934336,-1.43,0.206587955583));
#7514 = VECTOR('',#7515,1.);
#7515 = DIRECTION('',(1.144237745222E-17,1.,0.));
#7516 = CYLINDRICAL_SURFACE('',#7517,0.25);
#7517 = AXIS2_PLACEMENT_3D('',#7518,#7519,#7520);
#7518 = CARTESIAN_POINT('',(-2.772040872589,-1.43,0.25));
#7519 = DIRECTION('',(-1.144237745222E-17,-1.,0.));
#7520 = DIRECTION('',(0.984807753012,-1.126854202784E-17,-0.173648177667
    ));
#7521 = ADVANCED_FACE('',(#7522),#7528,.F.);
#7522 = FACE_BOUND('',#7523,.F.);
#7523 = EDGE_LOOP('',(#7524,#7525,#7526,#7527));
#7524 = ORIENTED_EDGE('',*,*,#4208,.T.);
#7525 = ORIENTED_EDGE('',*,*,#4226,.T.);
#7526 = ORIENTED_EDGE('',*,*,#7511,.F.);
#7527 = ORIENTED_EDGE('',*,*,#4117,.F.);
#7528 = PLANE('',#7529);
#7529 = AXIS2_PLACEMENT_3D('',#7530,#7531,#7532);
#7530 = CARTESIAN_POINT('',(-2.498480775301,-1.43,0.392364817767));
#7531 = DIRECTION('',(-0.989329961345,1.13202868425E-17,0.145692235845)
  );
#7532 = DIRECTION('',(-0.145692235845,1.667065554401E-18,-0.989329961345
    ));
#7533 = ADVANCED_FACE('',(#7534),#7545,.T.);
#7534 = FACE_BOUND('',#7535,.T.);
#7535 = EDGE_LOOP('',(#7536,#7537,#7538,#7539));
#7536 = ORIENTED_EDGE('',*,*,#4398,.T.);
#7537 = ORIENTED_EDGE('',*,*,#6979,.T.);
#7538 = ORIENTED_EDGE('',*,*,#4507,.F.);
#7539 = ORIENTED_EDGE('',*,*,#7540,.F.);
#7540 = EDGE_CURVE('',#4391,#4500,#7541,.T.);
#7541 = LINE('',#7542,#7543);
#7542 = CARTESIAN_POINT('',(-2.646201938253,-0.78,0.418412044417));
#7543 = VECTOR('',#7544,1.);
#7544 = DIRECTION('',(1.144237745222E-17,1.,0.));
#7545 = CYLINDRICAL_SURFACE('',#7546,0.25);
#7546 = AXIS2_PLACEMENT_3D('',#7547,#7548,#7549);
#7547 = CARTESIAN_POINT('',(-2.4,-0.78,0.375));
#7548 = DIRECTION('',(-1.144237745222E-17,-1.,0.));
#7549 = DIRECTION('',(-0.984807753012,1.126854202784E-17,0.173648177667)
  );
#7550 = ADVANCED_FACE('',(#7551),#7562,.F.);
#7551 = FACE_BOUND('',#7552,.F.);
#7552 = EDGE_LOOP('',(#7553,#7559,#7560,#7561));
#7553 = ORIENTED_EDGE('',*,*,#7554,.T.);
#7554 = EDGE_CURVE('',#4382,#4491,#7555,.T.);
#7555 = LINE('',#7556,#7557);
#7556 = CARTESIAN_POINT('',(-2.673560097287,-0.78,0.232635182233));
#7557 = VECTOR('',#7558,1.);
#7558 = DIRECTION('',(1.144237745222E-17,1.,0.));
#7559 = ORIENTED_EDGE('',*,*,#4499,.T.);
#7560 = ORIENTED_EDGE('',*,*,#7540,.F.);
#7561 = ORIENTED_EDGE('',*,*,#4390,.F.);
#7562 = PLANE('',#7563);
#7563 = AXIS2_PLACEMENT_3D('',#7564,#7565,#7566);
#7564 = CARTESIAN_POINT('',(-2.673560097287,-0.78,0.232635182233));
#7565 = DIRECTION('',(0.989329961345,-1.13202868425E-17,-0.145692235845)
  );
#7566 = DIRECTION('',(0.145692235845,-1.667065554401E-18,0.989329961345)
  );
#7567 = ADVANCED_FACE('',(#7568),#7579,.F.);
#7568 = FACE_BOUND('',#7569,.F.);
#7569 = EDGE_LOOP('',(#7570,#7576,#7577,#7578));
#7570 = ORIENTED_EDGE('',*,*,#7571,.T.);
#7571 = EDGE_CURVE('',#4374,#4483,#7572,.T.);
#7572 = LINE('',#7573,#7574);
#7573 = CARTESIAN_POINT('',(-2.772040872589,-0.78,0.15));
#7574 = VECTOR('',#7575,1.);
#7575 = DIRECTION('',(1.144237745222E-17,1.,0.));
#7576 = ORIENTED_EDGE('',*,*,#4490,.T.);
#7577 = ORIENTED_EDGE('',*,*,#7554,.F.);
#7578 = ORIENTED_EDGE('',*,*,#4381,.F.);
#7579 = CYLINDRICAL_SURFACE('',#7580,0.1);
#7580 = AXIS2_PLACEMENT_3D('',#7581,#7582,#7583);
#7581 = CARTESIAN_POINT('',(-2.772040872589,-0.78,0.25));
#7582 = DIRECTION('',(-1.144237745222E-17,-1.,0.));
#7583 = DIRECTION('',(-0.,0.,-1.));
#7584 = ADVANCED_FACE('',(#7585),#7596,.F.);
#7585 = FACE_BOUND('',#7586,.F.);
#7586 = EDGE_LOOP('',(#7587,#7593,#7594,#7595));
#7587 = ORIENTED_EDGE('',*,*,#7588,.T.);
#7588 = EDGE_CURVE('',#4366,#4475,#7589,.T.);
#7589 = LINE('',#7590,#7591);
#7590 = CARTESIAN_POINT('',(-3.2,-0.78,0.15));
#7591 = VECTOR('',#7592,1.);
#7592 = DIRECTION('',(1.144237745222E-17,1.,0.));
#7593 = ORIENTED_EDGE('',*,*,#4482,.T.);
#7594 = ORIENTED_EDGE('',*,*,#7571,.F.);
#7595 = ORIENTED_EDGE('',*,*,#4373,.F.);
#7596 = PLANE('',#7597);
#7597 = AXIS2_PLACEMENT_3D('',#7598,#7599,#7600);
#7598 = CARTESIAN_POINT('',(-3.2,-0.78,0.15));
#7599 = DIRECTION('',(0.,0.,-1.));
#7600 = DIRECTION('',(1.,-1.144237745222E-17,0.));
#7601 = ADVANCED_FACE('',(#7602),#7613,.F.);
#7602 = FACE_BOUND('',#7603,.F.);
#7603 = EDGE_LOOP('',(#7604,#7610,#7611,#7612));
#7604 = ORIENTED_EDGE('',*,*,#7605,.T.);
#7605 = EDGE_CURVE('',#4358,#4467,#7606,.T.);
#7606 = LINE('',#7607,#7608);
#7607 = CARTESIAN_POINT('',(-3.2,-0.78,-5.551115123126E-17));
#7608 = VECTOR('',#7609,1.);
#7609 = DIRECTION('',(1.144237745222E-17,1.,0.));
#7610 = ORIENTED_EDGE('',*,*,#4474,.T.);
#7611 = ORIENTED_EDGE('',*,*,#7588,.F.);
#7612 = ORIENTED_EDGE('',*,*,#4365,.F.);
#7613 = PLANE('',#7614);
#7614 = AXIS2_PLACEMENT_3D('',#7615,#7616,#7617);
#7615 = CARTESIAN_POINT('',(-3.2,-0.78,-5.551115123126E-17));
#7616 = DIRECTION('',(1.,-1.144237745222E-17,0.));
#7617 = DIRECTION('',(0.,0.,1.));
#7618 = ADVANCED_FACE('',(#7619),#7630,.F.);
#7619 = FACE_BOUND('',#7620,.F.);
#7620 = EDGE_LOOP('',(#7621,#7627,#7628,#7629));
#7621 = ORIENTED_EDGE('',*,*,#7622,.T.);
#7622 = EDGE_CURVE('',#4349,#4458,#7623,.T.);
#7623 = LINE('',#7624,#7625);
#7624 = CARTESIAN_POINT('',(-2.772040872589,-0.78,-5.551115123126E-17));
#7625 = VECTOR('',#7626,1.);
#7626 = DIRECTION('',(1.144237745222E-17,1.,0.));
#7627 = ORIENTED_EDGE('',*,*,#4466,.T.);
#7628 = ORIENTED_EDGE('',*,*,#7605,.F.);
#7629 = ORIENTED_EDGE('',*,*,#4357,.F.);
#7630 = PLANE('',#7631);
#7631 = AXIS2_PLACEMENT_3D('',#7632,#7633,#7634);
#7632 = CARTESIAN_POINT('',(-2.772040872589,-0.78,-5.551115123126E-17));
#7633 = DIRECTION('',(0.,0.,1.));
#7634 = DIRECTION('',(-1.,1.144237745222E-17,0.));
#7635 = ADVANCED_FACE('',(#7636),#7647,.T.);
#7636 = FACE_BOUND('',#7637,.T.);
#7637 = EDGE_LOOP('',(#7638,#7639,#7640,#7641));
#7638 = ORIENTED_EDGE('',*,*,#4348,.T.);
#7639 = ORIENTED_EDGE('',*,*,#7622,.T.);
#7640 = ORIENTED_EDGE('',*,*,#4457,.F.);
#7641 = ORIENTED_EDGE('',*,*,#7642,.F.);
#7642 = EDGE_CURVE('',#4341,#4450,#7643,.T.);
#7643 = LINE('',#7644,#7645);
#7644 = CARTESIAN_POINT('',(-2.525838934336,-0.78,0.206587955583));
#7645 = VECTOR('',#7646,1.);
#7646 = DIRECTION('',(1.144237745222E-17,1.,0.));
#7647 = CYLINDRICAL_SURFACE('',#7648,0.25);
#7648 = AXIS2_PLACEMENT_3D('',#7649,#7650,#7651);
#7649 = CARTESIAN_POINT('',(-2.772040872589,-0.78,0.25));
#7650 = DIRECTION('',(-1.144237745222E-17,-1.,0.));
#7651 = DIRECTION('',(0.984807753012,-1.126854202784E-17,-0.173648177667
    ));
#7652 = ADVANCED_FACE('',(#7653),#7659,.F.);
#7653 = FACE_BOUND('',#7654,.F.);
#7654 = EDGE_LOOP('',(#7655,#7656,#7657,#7658));
#7655 = ORIENTED_EDGE('',*,*,#4431,.T.);
#7656 = ORIENTED_EDGE('',*,*,#4449,.T.);
#7657 = ORIENTED_EDGE('',*,*,#7642,.F.);
#7658 = ORIENTED_EDGE('',*,*,#4340,.F.);
#7659 = PLANE('',#7660);
#7660 = AXIS2_PLACEMENT_3D('',#7661,#7662,#7663);
#7661 = CARTESIAN_POINT('',(-2.498480775301,-0.78,0.392364817767));
#7662 = DIRECTION('',(-0.989329961345,1.13202868425E-17,0.145692235845)
  );
#7663 = DIRECTION('',(-0.145692235845,1.667065554401E-18,-0.989329961345
    ));
#7664 = ADVANCED_FACE('',(#7665),#7676,.T.);
#7665 = FACE_BOUND('',#7666,.T.);
#7666 = EDGE_LOOP('',(#7667,#7668,#7669,#7670));
#7667 = ORIENTED_EDGE('',*,*,#4621,.T.);
#7668 = ORIENTED_EDGE('',*,*,#6998,.T.);
#7669 = ORIENTED_EDGE('',*,*,#4730,.F.);
#7670 = ORIENTED_EDGE('',*,*,#7671,.F.);
#7671 = EDGE_CURVE('',#4614,#4723,#7672,.T.);
#7672 = LINE('',#7673,#7674);
#7673 = CARTESIAN_POINT('',(-2.646201938253,-0.13,0.418412044417));
#7674 = VECTOR('',#7675,1.);
#7675 = DIRECTION('',(1.144237745222E-17,1.,0.));
#7676 = CYLINDRICAL_SURFACE('',#7677,0.25);
#7677 = AXIS2_PLACEMENT_3D('',#7678,#7679,#7680);
#7678 = CARTESIAN_POINT('',(-2.4,-0.13,0.375));
#7679 = DIRECTION('',(-1.144237745222E-17,-1.,0.));
#7680 = DIRECTION('',(-0.984807753012,1.126854202784E-17,0.173648177667)
  );
#7681 = ADVANCED_FACE('',(#7682),#7693,.F.);
#7682 = FACE_BOUND('',#7683,.F.);
#7683 = EDGE_LOOP('',(#7684,#7690,#7691,#7692));
#7684 = ORIENTED_EDGE('',*,*,#7685,.T.);
#7685 = EDGE_CURVE('',#4605,#4714,#7686,.T.);
#7686 = LINE('',#7687,#7688);
#7687 = CARTESIAN_POINT('',(-2.673560097287,-0.13,0.232635182233));
#7688 = VECTOR('',#7689,1.);
#7689 = DIRECTION('',(1.144237745222E-17,1.,0.));
#7690 = ORIENTED_EDGE('',*,*,#4722,.T.);
#7691 = ORIENTED_EDGE('',*,*,#7671,.F.);
#7692 = ORIENTED_EDGE('',*,*,#4613,.F.);
#7693 = PLANE('',#7694);
#7694 = AXIS2_PLACEMENT_3D('',#7695,#7696,#7697);
#7695 = CARTESIAN_POINT('',(-2.673560097287,-0.13,0.232635182233));
#7696 = DIRECTION('',(0.989329961345,-1.13202868425E-17,-0.145692235845)
  );
#7697 = DIRECTION('',(0.145692235845,-1.667065554401E-18,0.989329961345)
  );
#7698 = ADVANCED_FACE('',(#7699),#7710,.F.);
#7699 = FACE_BOUND('',#7700,.F.);
#7700 = EDGE_LOOP('',(#7701,#7707,#7708,#7709));
#7701 = ORIENTED_EDGE('',*,*,#7702,.T.);
#7702 = EDGE_CURVE('',#4597,#4706,#7703,.T.);
#7703 = LINE('',#7704,#7705);
#7704 = CARTESIAN_POINT('',(-2.772040872589,-0.13,0.15));
#7705 = VECTOR('',#7706,1.);
#7706 = DIRECTION('',(1.144237745222E-17,1.,0.));
#7707 = ORIENTED_EDGE('',*,*,#4713,.T.);
#7708 = ORIENTED_EDGE('',*,*,#7685,.F.);
#7709 = ORIENTED_EDGE('',*,*,#4604,.F.);
#7710 = CYLINDRICAL_SURFACE('',#7711,0.1);
#7711 = AXIS2_PLACEMENT_3D('',#7712,#7713,#7714);
#7712 = CARTESIAN_POINT('',(-2.772040872589,-0.13,0.25));
#7713 = DIRECTION('',(-1.144237745222E-17,-1.,0.));
#7714 = DIRECTION('',(-0.,0.,-1.));
#7715 = ADVANCED_FACE('',(#7716),#7727,.F.);
#7716 = FACE_BOUND('',#7717,.F.);
#7717 = EDGE_LOOP('',(#7718,#7724,#7725,#7726));
#7718 = ORIENTED_EDGE('',*,*,#7719,.T.);
#7719 = EDGE_CURVE('',#4589,#4698,#7720,.T.);
#7720 = LINE('',#7721,#7722);
#7721 = CARTESIAN_POINT('',(-3.2,-0.13,0.15));
#7722 = VECTOR('',#7723,1.);
#7723 = DIRECTION('',(1.144237745222E-17,1.,0.));
#7724 = ORIENTED_EDGE('',*,*,#4705,.T.);
#7725 = ORIENTED_EDGE('',*,*,#7702,.F.);
#7726 = ORIENTED_EDGE('',*,*,#4596,.F.);
#7727 = PLANE('',#7728);
#7728 = AXIS2_PLACEMENT_3D('',#7729,#7730,#7731);
#7729 = CARTESIAN_POINT('',(-3.2,-0.13,0.15));
#7730 = DIRECTION('',(0.,0.,-1.));
#7731 = DIRECTION('',(1.,-1.144237745222E-17,0.));
#7732 = ADVANCED_FACE('',(#7733),#7744,.F.);
#7733 = FACE_BOUND('',#7734,.F.);
#7734 = EDGE_LOOP('',(#7735,#7741,#7742,#7743));
#7735 = ORIENTED_EDGE('',*,*,#7736,.T.);
#7736 = EDGE_CURVE('',#4581,#4690,#7737,.T.);
#7737 = LINE('',#7738,#7739);
#7738 = CARTESIAN_POINT('',(-3.2,-0.13,-5.551115123126E-17));
#7739 = VECTOR('',#7740,1.);
#7740 = DIRECTION('',(1.144237745222E-17,1.,0.));
#7741 = ORIENTED_EDGE('',*,*,#4697,.T.);
#7742 = ORIENTED_EDGE('',*,*,#7719,.F.);
#7743 = ORIENTED_EDGE('',*,*,#4588,.F.);
#7744 = PLANE('',#7745);
#7745 = AXIS2_PLACEMENT_3D('',#7746,#7747,#7748);
#7746 = CARTESIAN_POINT('',(-3.2,-0.13,-5.551115123126E-17));
#7747 = DIRECTION('',(1.,-1.144237745222E-17,0.));
#7748 = DIRECTION('',(0.,0.,1.));
#7749 = ADVANCED_FACE('',(#7750),#7761,.F.);
#7750 = FACE_BOUND('',#7751,.F.);
#7751 = EDGE_LOOP('',(#7752,#7758,#7759,#7760));
#7752 = ORIENTED_EDGE('',*,*,#7753,.T.);
#7753 = EDGE_CURVE('',#4572,#4681,#7754,.T.);
#7754 = LINE('',#7755,#7756);
#7755 = CARTESIAN_POINT('',(-2.772040872589,-0.13,-5.551115123126E-17));
#7756 = VECTOR('',#7757,1.);
#7757 = DIRECTION('',(1.144237745222E-17,1.,0.));
#7758 = ORIENTED_EDGE('',*,*,#4689,.T.);
#7759 = ORIENTED_EDGE('',*,*,#7736,.F.);
#7760 = ORIENTED_EDGE('',*,*,#4580,.F.);
#7761 = PLANE('',#7762);
#7762 = AXIS2_PLACEMENT_3D('',#7763,#7764,#7765);
#7763 = CARTESIAN_POINT('',(-2.772040872589,-0.13,-5.551115123126E-17));
#7764 = DIRECTION('',(0.,0.,1.));
#7765 = DIRECTION('',(-1.,1.144237745222E-17,0.));
#7766 = ADVANCED_FACE('',(#7767),#7778,.T.);
#7767 = FACE_BOUND('',#7768,.T.);
#7768 = EDGE_LOOP('',(#7769,#7770,#7771,#7772));
#7769 = ORIENTED_EDGE('',*,*,#4571,.T.);
#7770 = ORIENTED_EDGE('',*,*,#7753,.T.);
#7771 = ORIENTED_EDGE('',*,*,#4680,.F.);
#7772 = ORIENTED_EDGE('',*,*,#7773,.F.);
#7773 = EDGE_CURVE('',#4564,#4673,#7774,.T.);
#7774 = LINE('',#7775,#7776);
#7775 = CARTESIAN_POINT('',(-2.525838934336,-0.13,0.206587955583));
#7776 = VECTOR('',#7777,1.);
#7777 = DIRECTION('',(1.144237745222E-17,1.,0.));
#7778 = CYLINDRICAL_SURFACE('',#7779,0.25);
#7779 = AXIS2_PLACEMENT_3D('',#7780,#7781,#7782);
#7780 = CARTESIAN_POINT('',(-2.772040872589,-0.13,0.25));
#7781 = DIRECTION('',(-1.144237745222E-17,-1.,0.));
#7782 = DIRECTION('',(0.984807753012,-1.126854202784E-17,-0.173648177667
    ));
#7783 = ADVANCED_FACE('',(#7784),#7790,.F.);
#7784 = FACE_BOUND('',#7785,.F.);
#7785 = EDGE_LOOP('',(#7786,#7787,#7788,#7789));
#7786 = ORIENTED_EDGE('',*,*,#4654,.T.);
#7787 = ORIENTED_EDGE('',*,*,#4672,.T.);
#7788 = ORIENTED_EDGE('',*,*,#7773,.F.);
#7789 = ORIENTED_EDGE('',*,*,#4563,.F.);
#7790 = PLANE('',#7791);
#7791 = AXIS2_PLACEMENT_3D('',#7792,#7793,#7794);
#7792 = CARTESIAN_POINT('',(-2.498480775301,-0.13,0.392364817767));
#7793 = DIRECTION('',(-0.989329961345,1.13202868425E-17,0.145692235845)
  );
#7794 = DIRECTION('',(-0.145692235845,1.667065554401E-18,-0.989329961345
    ));
#7795 = ADVANCED_FACE('',(#7796),#7807,.T.);
#7796 = FACE_BOUND('',#7797,.T.);
#7797 = EDGE_LOOP('',(#7798,#7799,#7800,#7801));
#7798 = ORIENTED_EDGE('',*,*,#4844,.T.);
#7799 = ORIENTED_EDGE('',*,*,#7017,.T.);
#7800 = ORIENTED_EDGE('',*,*,#4953,.F.);
#7801 = ORIENTED_EDGE('',*,*,#7802,.F.);
#7802 = EDGE_CURVE('',#4837,#4946,#7803,.T.);
#7803 = LINE('',#7804,#7805);
#7804 = CARTESIAN_POINT('',(-2.646201938253,0.52,0.418412044417));
#7805 = VECTOR('',#7806,1.);
#7806 = DIRECTION('',(1.144237745222E-17,1.,0.));
#7807 = CYLINDRICAL_SURFACE('',#7808,0.25);
#7808 = AXIS2_PLACEMENT_3D('',#7809,#7810,#7811);
#7809 = CARTESIAN_POINT('',(-2.4,0.52,0.375));
#7810 = DIRECTION('',(-1.144237745222E-17,-1.,0.));
#7811 = DIRECTION('',(-0.984807753012,1.126854202784E-17,0.173648177667)
  );
#7812 = ADVANCED_FACE('',(#7813),#7824,.F.);
#7813 = FACE_BOUND('',#7814,.F.);
#7814 = EDGE_LOOP('',(#7815,#7821,#7822,#7823));
#7815 = ORIENTED_EDGE('',*,*,#7816,.T.);
#7816 = EDGE_CURVE('',#4828,#4937,#7817,.T.);
#7817 = LINE('',#7818,#7819);
#7818 = CARTESIAN_POINT('',(-2.673560097287,0.52,0.232635182233));
#7819 = VECTOR('',#7820,1.);
#7820 = DIRECTION('',(1.144237745222E-17,1.,0.));
#7821 = ORIENTED_EDGE('',*,*,#4945,.T.);
#7822 = ORIENTED_EDGE('',*,*,#7802,.F.);
#7823 = ORIENTED_EDGE('',*,*,#4836,.F.);
#7824 = PLANE('',#7825);
#7825 = AXIS2_PLACEMENT_3D('',#7826,#7827,#7828);
#7826 = CARTESIAN_POINT('',(-2.673560097287,0.52,0.232635182233));
#7827 = DIRECTION('',(0.989329961345,-1.13202868425E-17,-0.145692235845)
  );
#7828 = DIRECTION('',(0.145692235845,-1.667065554401E-18,0.989329961345)
  );
#7829 = ADVANCED_FACE('',(#7830),#7841,.F.);
#7830 = FACE_BOUND('',#7831,.F.);
#7831 = EDGE_LOOP('',(#7832,#7838,#7839,#7840));
#7832 = ORIENTED_EDGE('',*,*,#7833,.T.);
#7833 = EDGE_CURVE('',#4820,#4929,#7834,.T.);
#7834 = LINE('',#7835,#7836);
#7835 = CARTESIAN_POINT('',(-2.772040872589,0.52,0.15));
#7836 = VECTOR('',#7837,1.);
#7837 = DIRECTION('',(1.144237745222E-17,1.,0.));
#7838 = ORIENTED_EDGE('',*,*,#4936,.T.);
#7839 = ORIENTED_EDGE('',*,*,#7816,.F.);
#7840 = ORIENTED_EDGE('',*,*,#4827,.F.);
#7841 = CYLINDRICAL_SURFACE('',#7842,0.1);
#7842 = AXIS2_PLACEMENT_3D('',#7843,#7844,#7845);
#7843 = CARTESIAN_POINT('',(-2.772040872589,0.52,0.25));
#7844 = DIRECTION('',(-1.144237745222E-17,-1.,0.));
#7845 = DIRECTION('',(-0.,0.,-1.));
#7846 = ADVANCED_FACE('',(#7847),#7858,.F.);
#7847 = FACE_BOUND('',#7848,.F.);
#7848 = EDGE_LOOP('',(#7849,#7855,#7856,#7857));
#7849 = ORIENTED_EDGE('',*,*,#7850,.T.);
#7850 = EDGE_CURVE('',#4812,#4921,#7851,.T.);
#7851 = LINE('',#7852,#7853);
#7852 = CARTESIAN_POINT('',(-3.2,0.52,0.15));
#7853 = VECTOR('',#7854,1.);
#7854 = DIRECTION('',(1.144237745222E-17,1.,0.));
#7855 = ORIENTED_EDGE('',*,*,#4928,.T.);
#7856 = ORIENTED_EDGE('',*,*,#7833,.F.);
#7857 = ORIENTED_EDGE('',*,*,#4819,.F.);
#7858 = PLANE('',#7859);
#7859 = AXIS2_PLACEMENT_3D('',#7860,#7861,#7862);
#7860 = CARTESIAN_POINT('',(-3.2,0.52,0.15));
#7861 = DIRECTION('',(0.,0.,-1.));
#7862 = DIRECTION('',(1.,-1.144237745222E-17,0.));
#7863 = ADVANCED_FACE('',(#7864),#7875,.F.);
#7864 = FACE_BOUND('',#7865,.F.);
#7865 = EDGE_LOOP('',(#7866,#7872,#7873,#7874));
#7866 = ORIENTED_EDGE('',*,*,#7867,.T.);
#7867 = EDGE_CURVE('',#4804,#4913,#7868,.T.);
#7868 = LINE('',#7869,#7870);
#7869 = CARTESIAN_POINT('',(-3.2,0.52,-5.551115123126E-17));
#7870 = VECTOR('',#7871,1.);
#7871 = DIRECTION('',(1.144237745222E-17,1.,0.));
#7872 = ORIENTED_EDGE('',*,*,#4920,.T.);
#7873 = ORIENTED_EDGE('',*,*,#7850,.F.);
#7874 = ORIENTED_EDGE('',*,*,#4811,.F.);
#7875 = PLANE('',#7876);
#7876 = AXIS2_PLACEMENT_3D('',#7877,#7878,#7879);
#7877 = CARTESIAN_POINT('',(-3.2,0.52,-5.551115123126E-17));
#7878 = DIRECTION('',(1.,-1.144237745222E-17,0.));
#7879 = DIRECTION('',(0.,0.,1.));
#7880 = ADVANCED_FACE('',(#7881),#7892,.F.);
#7881 = FACE_BOUND('',#7882,.F.);
#7882 = EDGE_LOOP('',(#7883,#7889,#7890,#7891));
#7883 = ORIENTED_EDGE('',*,*,#7884,.T.);
#7884 = EDGE_CURVE('',#4795,#4904,#7885,.T.);
#7885 = LINE('',#7886,#7887);
#7886 = CARTESIAN_POINT('',(-2.772040872589,0.52,-5.551115123126E-17));
#7887 = VECTOR('',#7888,1.);
#7888 = DIRECTION('',(1.144237745222E-17,1.,0.));
#7889 = ORIENTED_EDGE('',*,*,#4912,.T.);
#7890 = ORIENTED_EDGE('',*,*,#7867,.F.);
#7891 = ORIENTED_EDGE('',*,*,#4803,.F.);
#7892 = PLANE('',#7893);
#7893 = AXIS2_PLACEMENT_3D('',#7894,#7895,#7896);
#7894 = CARTESIAN_POINT('',(-2.772040872589,0.52,-5.551115123126E-17));
#7895 = DIRECTION('',(0.,0.,1.));
#7896 = DIRECTION('',(-1.,1.144237745222E-17,0.));
#7897 = ADVANCED_FACE('',(#7898),#7909,.T.);
#7898 = FACE_BOUND('',#7899,.T.);
#7899 = EDGE_LOOP('',(#7900,#7901,#7902,#7903));
#7900 = ORIENTED_EDGE('',*,*,#4794,.T.);
#7901 = ORIENTED_EDGE('',*,*,#7884,.T.);
#7902 = ORIENTED_EDGE('',*,*,#4903,.F.);
#7903 = ORIENTED_EDGE('',*,*,#7904,.F.);
#7904 = EDGE_CURVE('',#4787,#4896,#7905,.T.);
#7905 = LINE('',#7906,#7907);
#7906 = CARTESIAN_POINT('',(-2.525838934336,0.52,0.206587955583));
#7907 = VECTOR('',#7908,1.);
#7908 = DIRECTION('',(1.144237745222E-17,1.,0.));
#7909 = CYLINDRICAL_SURFACE('',#7910,0.25);
#7910 = AXIS2_PLACEMENT_3D('',#7911,#7912,#7913);
#7911 = CARTESIAN_POINT('',(-2.772040872589,0.52,0.25));
#7912 = DIRECTION('',(-1.144237745222E-17,-1.,0.));
#7913 = DIRECTION('',(0.984807753012,-1.126854202784E-17,-0.173648177667
    ));
#7914 = ADVANCED_FACE('',(#7915),#7921,.F.);
#7915 = FACE_BOUND('',#7916,.F.);
#7916 = EDGE_LOOP('',(#7917,#7918,#7919,#7920));
#7917 = ORIENTED_EDGE('',*,*,#4877,.T.);
#7918 = ORIENTED_EDGE('',*,*,#4895,.T.);
#7919 = ORIENTED_EDGE('',*,*,#7904,.F.);
#7920 = ORIENTED_EDGE('',*,*,#4786,.F.);
#7921 = PLANE('',#7922);
#7922 = AXIS2_PLACEMENT_3D('',#7923,#7924,#7925);
#7923 = CARTESIAN_POINT('',(-2.498480775301,0.52,0.392364817767));
#7924 = DIRECTION('',(-0.989329961345,1.13202868425E-17,0.145692235845)
  );
#7925 = DIRECTION('',(-0.145692235845,1.667065554401E-18,-0.989329961345
    ));
#7926 = ADVANCED_FACE('',(#7927),#7938,.T.);
#7927 = FACE_BOUND('',#7928,.T.);
#7928 = EDGE_LOOP('',(#7929,#7930,#7931,#7932));
#7929 = ORIENTED_EDGE('',*,*,#5067,.T.);
#7930 = ORIENTED_EDGE('',*,*,#7036,.T.);
#7931 = ORIENTED_EDGE('',*,*,#5176,.F.);
#7932 = ORIENTED_EDGE('',*,*,#7933,.F.);
#7933 = EDGE_CURVE('',#5060,#5169,#7934,.T.);
#7934 = LINE('',#7935,#7936);
#7935 = CARTESIAN_POINT('',(-2.646201938253,1.17,0.418412044417));
#7936 = VECTOR('',#7937,1.);
#7937 = DIRECTION('',(1.144237745222E-17,1.,0.));
#7938 = CYLINDRICAL_SURFACE('',#7939,0.25);
#7939 = AXIS2_PLACEMENT_3D('',#7940,#7941,#7942);
#7940 = CARTESIAN_POINT('',(-2.4,1.17,0.375));
#7941 = DIRECTION('',(-1.144237745222E-17,-1.,0.));
#7942 = DIRECTION('',(-0.984807753012,1.126854202784E-17,0.173648177667)
  );
#7943 = ADVANCED_FACE('',(#7944),#7955,.F.);
#7944 = FACE_BOUND('',#7945,.F.);
#7945 = EDGE_LOOP('',(#7946,#7952,#7953,#7954));
#7946 = ORIENTED_EDGE('',*,*,#7947,.T.);
#7947 = EDGE_CURVE('',#5051,#5160,#7948,.T.);
#7948 = LINE('',#7949,#7950);
#7949 = CARTESIAN_POINT('',(-2.673560097287,1.17,0.232635182233));
#7950 = VECTOR('',#7951,1.);
#7951 = DIRECTION('',(1.144237745222E-17,1.,0.));
#7952 = ORIENTED_EDGE('',*,*,#5168,.T.);
#7953 = ORIENTED_EDGE('',*,*,#7933,.F.);
#7954 = ORIENTED_EDGE('',*,*,#5059,.F.);
#7955 = PLANE('',#7956);
#7956 = AXIS2_PLACEMENT_3D('',#7957,#7958,#7959);
#7957 = CARTESIAN_POINT('',(-2.673560097287,1.17,0.232635182233));
#7958 = DIRECTION('',(0.989329961345,-1.13202868425E-17,-0.145692235845)
  );
#7959 = DIRECTION('',(0.145692235845,-1.667065554401E-18,0.989329961345)
  );
#7960 = ADVANCED_FACE('',(#7961),#7972,.F.);
#7961 = FACE_BOUND('',#7962,.F.);
#7962 = EDGE_LOOP('',(#7963,#7969,#7970,#7971));
#7963 = ORIENTED_EDGE('',*,*,#7964,.T.);
#7964 = EDGE_CURVE('',#5043,#5152,#7965,.T.);
#7965 = LINE('',#7966,#7967);
#7966 = CARTESIAN_POINT('',(-2.772040872589,1.17,0.15));
#7967 = VECTOR('',#7968,1.);
#7968 = DIRECTION('',(1.144237745222E-17,1.,0.));
#7969 = ORIENTED_EDGE('',*,*,#5159,.T.);
#7970 = ORIENTED_EDGE('',*,*,#7947,.F.);
#7971 = ORIENTED_EDGE('',*,*,#5050,.F.);
#7972 = CYLINDRICAL_SURFACE('',#7973,0.1);
#7973 = AXIS2_PLACEMENT_3D('',#7974,#7975,#7976);
#7974 = CARTESIAN_POINT('',(-2.772040872589,1.17,0.25));
#7975 = DIRECTION('',(-1.144237745222E-17,-1.,0.));
#7976 = DIRECTION('',(-0.,0.,-1.));
#7977 = ADVANCED_FACE('',(#7978),#7989,.F.);
#7978 = FACE_BOUND('',#7979,.F.);
#7979 = EDGE_LOOP('',(#7980,#7986,#7987,#7988));
#7980 = ORIENTED_EDGE('',*,*,#7981,.T.);
#7981 = EDGE_CURVE('',#5035,#5144,#7982,.T.);
#7982 = LINE('',#7983,#7984);
#7983 = CARTESIAN_POINT('',(-3.2,1.17,0.15));
#7984 = VECTOR('',#7985,1.);
#7985 = DIRECTION('',(1.144237745222E-17,1.,0.));
#7986 = ORIENTED_EDGE('',*,*,#5151,.T.);
#7987 = ORIENTED_EDGE('',*,*,#7964,.F.);
#7988 = ORIENTED_EDGE('',*,*,#5042,.F.);
#7989 = PLANE('',#7990);
#7990 = AXIS2_PLACEMENT_3D('',#7991,#7992,#7993);
#7991 = CARTESIAN_POINT('',(-3.2,1.17,0.15));
#7992 = DIRECTION('',(0.,0.,-1.));
#7993 = DIRECTION('',(1.,-1.144237745222E-17,0.));
#7994 = ADVANCED_FACE('',(#7995),#8006,.F.);
#7995 = FACE_BOUND('',#7996,.F.);
#7996 = EDGE_LOOP('',(#7997,#8003,#8004,#8005));
#7997 = ORIENTED_EDGE('',*,*,#7998,.T.);
#7998 = EDGE_CURVE('',#5027,#5136,#7999,.T.);
#7999 = LINE('',#8000,#8001);
#8000 = CARTESIAN_POINT('',(-3.2,1.17,-5.551115123126E-17));
#8001 = VECTOR('',#8002,1.);
#8002 = DIRECTION('',(1.144237745222E-17,1.,0.));
#8003 = ORIENTED_EDGE('',*,*,#5143,.T.);
#8004 = ORIENTED_EDGE('',*,*,#7981,.F.);
#8005 = ORIENTED_EDGE('',*,*,#5034,.F.);
#8006 = PLANE('',#8007);
#8007 = AXIS2_PLACEMENT_3D('',#8008,#8009,#8010);
#8008 = CARTESIAN_POINT('',(-3.2,1.17,-5.551115123126E-17));
#8009 = DIRECTION('',(1.,-1.144237745222E-17,0.));
#8010 = DIRECTION('',(0.,0.,1.));
#8011 = ADVANCED_FACE('',(#8012),#8023,.F.);
#8012 = FACE_BOUND('',#8013,.F.);
#8013 = EDGE_LOOP('',(#8014,#8020,#8021,#8022));
#8014 = ORIENTED_EDGE('',*,*,#8015,.T.);
#8015 = EDGE_CURVE('',#5018,#5127,#8016,.T.);
#8016 = LINE('',#8017,#8018);
#8017 = CARTESIAN_POINT('',(-2.772040872589,1.17,-5.551115123126E-17));
#8018 = VECTOR('',#8019,1.);
#8019 = DIRECTION('',(1.144237745222E-17,1.,0.));
#8020 = ORIENTED_EDGE('',*,*,#5135,.T.);
#8021 = ORIENTED_EDGE('',*,*,#7998,.F.);
#8022 = ORIENTED_EDGE('',*,*,#5026,.F.);
#8023 = PLANE('',#8024);
#8024 = AXIS2_PLACEMENT_3D('',#8025,#8026,#8027);
#8025 = CARTESIAN_POINT('',(-2.772040872589,1.17,-5.551115123126E-17));
#8026 = DIRECTION('',(0.,0.,1.));
#8027 = DIRECTION('',(-1.,1.144237745222E-17,0.));
#8028 = ADVANCED_FACE('',(#8029),#8040,.T.);
#8029 = FACE_BOUND('',#8030,.T.);
#8030 = EDGE_LOOP('',(#8031,#8032,#8033,#8034));
#8031 = ORIENTED_EDGE('',*,*,#5017,.T.);
#8032 = ORIENTED_EDGE('',*,*,#8015,.T.);
#8033 = ORIENTED_EDGE('',*,*,#5126,.F.);
#8034 = ORIENTED_EDGE('',*,*,#8035,.F.);
#8035 = EDGE_CURVE('',#5010,#5119,#8036,.T.);
#8036 = LINE('',#8037,#8038);
#8037 = CARTESIAN_POINT('',(-2.525838934336,1.17,0.206587955583));
#8038 = VECTOR('',#8039,1.);
#8039 = DIRECTION('',(1.144237745222E-17,1.,0.));
#8040 = CYLINDRICAL_SURFACE('',#8041,0.25);
#8041 = AXIS2_PLACEMENT_3D('',#8042,#8043,#8044);
#8042 = CARTESIAN_POINT('',(-2.772040872589,1.17,0.25));
#8043 = DIRECTION('',(-1.144237745222E-17,-1.,0.));
#8044 = DIRECTION('',(0.984807753012,-1.126854202784E-17,-0.173648177667
    ));
#8045 = ADVANCED_FACE('',(#8046),#8052,.F.);
#8046 = FACE_BOUND('',#8047,.F.);
#8047 = EDGE_LOOP('',(#8048,#8049,#8050,#8051));
#8048 = ORIENTED_EDGE('',*,*,#5100,.T.);
#8049 = ORIENTED_EDGE('',*,*,#5118,.T.);
#8050 = ORIENTED_EDGE('',*,*,#8035,.F.);
#8051 = ORIENTED_EDGE('',*,*,#5009,.F.);
#8052 = PLANE('',#8053);
#8053 = AXIS2_PLACEMENT_3D('',#8054,#8055,#8056);
#8054 = CARTESIAN_POINT('',(-2.498480775301,1.17,0.392364817767));
#8055 = DIRECTION('',(-0.989329961345,1.13202868425E-17,0.145692235845)
  );
#8056 = DIRECTION('',(-0.145692235845,1.667065554401E-18,-0.989329961345
    ));
#8057 = ADVANCED_FACE('',(#8058),#8069,.F.);
#8058 = FACE_BOUND('',#8059,.F.);
#8059 = EDGE_LOOP('',(#8060,#8066,#8067,#8068));
#8060 = ORIENTED_EDGE('',*,*,#8061,.T.);
#8061 = EDGE_CURVE('',#5269,#5371,#8062,.T.);
#8062 = LINE('',#8063,#8064);
#8063 = CARTESIAN_POINT('',(-2.673560097287,1.82,0.232635182233));
#8064 = VECTOR('',#8065,1.);
#8065 = DIRECTION('',(1.144237745222E-17,1.,0.));
#8066 = ORIENTED_EDGE('',*,*,#5379,.T.);
#8067 = ORIENTED_EDGE('',*,*,#6926,.F.);
#8068 = ORIENTED_EDGE('',*,*,#5277,.F.);
#8069 = PLANE('',#8070);
#8070 = AXIS2_PLACEMENT_3D('',#8071,#8072,#8073);
#8071 = CARTESIAN_POINT('',(-2.673560097287,1.82,0.232635182233));
#8072 = DIRECTION('',(0.989329961345,-1.13202868425E-17,-0.145692235845)
  );
#8073 = DIRECTION('',(0.145692235845,-1.667065554401E-18,0.989329961345)
  );
#8074 = ADVANCED_FACE('',(#8075),#8086,.F.);
#8075 = FACE_BOUND('',#8076,.F.);
#8076 = EDGE_LOOP('',(#8077,#8083,#8084,#8085));
#8077 = ORIENTED_EDGE('',*,*,#8078,.T.);
#8078 = EDGE_CURVE('',#5261,#5363,#8079,.T.);
#8079 = LINE('',#8080,#8081);
#8080 = CARTESIAN_POINT('',(-2.772040872589,1.82,0.15));
#8081 = VECTOR('',#8082,1.);
#8082 = DIRECTION('',(1.144237745222E-17,1.,0.));
#8083 = ORIENTED_EDGE('',*,*,#5370,.T.);
#8084 = ORIENTED_EDGE('',*,*,#8061,.F.);
#8085 = ORIENTED_EDGE('',*,*,#5268,.F.);
#8086 = CYLINDRICAL_SURFACE('',#8087,0.1);
#8087 = AXIS2_PLACEMENT_3D('',#8088,#8089,#8090);
#8088 = CARTESIAN_POINT('',(-2.772040872589,1.82,0.25));
#8089 = DIRECTION('',(-1.144237745222E-17,-1.,0.));
#8090 = DIRECTION('',(-0.,0.,-1.));
#8091 = ADVANCED_FACE('',(#8092),#8103,.F.);
#8092 = FACE_BOUND('',#8093,.F.);
#8093 = EDGE_LOOP('',(#8094,#8100,#8101,#8102));
#8094 = ORIENTED_EDGE('',*,*,#8095,.T.);
#8095 = EDGE_CURVE('',#5253,#5355,#8096,.T.);
#8096 = LINE('',#8097,#8098);
#8097 = CARTESIAN_POINT('',(-3.2,1.82,0.15));
#8098 = VECTOR('',#8099,1.);
#8099 = DIRECTION('',(1.144237745222E-17,1.,0.));
#8100 = ORIENTED_EDGE('',*,*,#5362,.T.);
#8101 = ORIENTED_EDGE('',*,*,#8078,.F.);
#8102 = ORIENTED_EDGE('',*,*,#5260,.F.);
#8103 = PLANE('',#8104);
#8104 = AXIS2_PLACEMENT_3D('',#8105,#8106,#8107);
#8105 = CARTESIAN_POINT('',(-3.2,1.82,0.15));
#8106 = DIRECTION('',(0.,0.,-1.));
#8107 = DIRECTION('',(1.,-1.144237745222E-17,0.));
#8108 = ADVANCED_FACE('',(#8109),#8120,.F.);
#8109 = FACE_BOUND('',#8110,.F.);
#8110 = EDGE_LOOP('',(#8111,#8117,#8118,#8119));
#8111 = ORIENTED_EDGE('',*,*,#8112,.T.);
#8112 = EDGE_CURVE('',#5245,#5347,#8113,.T.);
#8113 = LINE('',#8114,#8115);
#8114 = CARTESIAN_POINT('',(-3.2,1.82,-5.551115123126E-17));
#8115 = VECTOR('',#8116,1.);
#8116 = DIRECTION('',(1.144237745222E-17,1.,0.));
#8117 = ORIENTED_EDGE('',*,*,#5354,.T.);
#8118 = ORIENTED_EDGE('',*,*,#8095,.F.);
#8119 = ORIENTED_EDGE('',*,*,#5252,.F.);
#8120 = PLANE('',#8121);
#8121 = AXIS2_PLACEMENT_3D('',#8122,#8123,#8124);
#8122 = CARTESIAN_POINT('',(-3.2,1.82,-5.551115123126E-17));
#8123 = DIRECTION('',(1.,-1.144237745222E-17,0.));
#8124 = DIRECTION('',(0.,0.,1.));
#8125 = ADVANCED_FACE('',(#8126),#8137,.F.);
#8126 = FACE_BOUND('',#8127,.F.);
#8127 = EDGE_LOOP('',(#8128,#8134,#8135,#8136));
#8128 = ORIENTED_EDGE('',*,*,#8129,.T.);
#8129 = EDGE_CURVE('',#5236,#5338,#8130,.T.);
#8130 = LINE('',#8131,#8132);
#8131 = CARTESIAN_POINT('',(-2.772040872589,1.82,-5.551115123126E-17));
#8132 = VECTOR('',#8133,1.);
#8133 = DIRECTION('',(1.144237745222E-17,1.,0.));
#8134 = ORIENTED_EDGE('',*,*,#5346,.T.);
#8135 = ORIENTED_EDGE('',*,*,#8112,.F.);
#8136 = ORIENTED_EDGE('',*,*,#5244,.F.);
#8137 = PLANE('',#8138);
#8138 = AXIS2_PLACEMENT_3D('',#8139,#8140,#8141);
#8139 = CARTESIAN_POINT('',(-2.772040872589,1.82,-5.551115123126E-17));
#8140 = DIRECTION('',(0.,0.,1.));
#8141 = DIRECTION('',(-1.,1.144237745222E-17,0.));
#8142 = ADVANCED_FACE('',(#8143),#8154,.T.);
#8143 = FACE_BOUND('',#8144,.T.);
#8144 = EDGE_LOOP('',(#8145,#8146,#8147,#8148));
#8145 = ORIENTED_EDGE('',*,*,#5235,.T.);
#8146 = ORIENTED_EDGE('',*,*,#8129,.T.);
#8147 = ORIENTED_EDGE('',*,*,#5337,.F.);
#8148 = ORIENTED_EDGE('',*,*,#8149,.F.);
#8149 = EDGE_CURVE('',#5228,#5330,#8150,.T.);
#8150 = LINE('',#8151,#8152);
#8151 = CARTESIAN_POINT('',(-2.525838934336,1.82,0.206587955583));
#8152 = VECTOR('',#8153,1.);
#8153 = DIRECTION('',(1.144237745222E-17,1.,0.));
#8154 = CYLINDRICAL_SURFACE('',#8155,0.25);
#8155 = AXIS2_PLACEMENT_3D('',#8156,#8157,#8158);
#8156 = CARTESIAN_POINT('',(-2.772040872589,1.82,0.25));
#8157 = DIRECTION('',(-1.144237745222E-17,-1.,0.));
#8158 = DIRECTION('',(0.984807753012,-1.126854202784E-17,-0.173648177667
    ));
#8159 = ADVANCED_FACE('',(#8160),#8166,.F.);
#8160 = FACE_BOUND('',#8161,.F.);
#8161 = EDGE_LOOP('',(#8162,#8163,#8164,#8165));
#8162 = ORIENTED_EDGE('',*,*,#5311,.T.);
#8163 = ORIENTED_EDGE('',*,*,#5329,.T.);
#8164 = ORIENTED_EDGE('',*,*,#8149,.F.);
#8165 = ORIENTED_EDGE('',*,*,#5227,.F.);
#8166 = PLANE('',#8167);
#8167 = AXIS2_PLACEMENT_3D('',#8168,#8169,#8170);
#8168 = CARTESIAN_POINT('',(-2.498480775301,1.82,0.392364817767));
#8169 = DIRECTION('',(-0.989329961345,1.13202868425E-17,0.145692235845)
  );
#8170 = DIRECTION('',(-0.145692235845,1.667065554401E-18,-0.989329961345
    ));
#8171 = ADVANCED_FACE('',(#8172),#8183,.F.);
#8172 = FACE_BOUND('',#8173,.F.);
#8173 = EDGE_LOOP('',(#8174,#8180,#8181,#8182));
#8174 = ORIENTED_EDGE('',*,*,#8175,.T.);
#8175 = EDGE_CURVE('',#5456,#5558,#8176,.T.);
#8176 = LINE('',#8177,#8178);
#8177 = CARTESIAN_POINT('',(2.673560097287,2.08,0.232635182233));
#8178 = VECTOR('',#8179,1.);
#8179 = DIRECTION('',(1.110223024625E-16,-1.,0.));
#8180 = ORIENTED_EDGE('',*,*,#5566,.T.);
#8181 = ORIENTED_EDGE('',*,*,#7249,.F.);
#8182 = ORIENTED_EDGE('',*,*,#5464,.F.);
#8183 = PLANE('',#8184);
#8184 = AXIS2_PLACEMENT_3D('',#8185,#8186,#8187);
#8185 = CARTESIAN_POINT('',(2.673560097287,2.08,0.232635182233));
#8186 = DIRECTION('',(-0.989329961345,-1.098376902036E-16,
    -0.145692235845));
#8187 = DIRECTION('',(-0.145692235845,-1.617508747447E-17,0.989329961345
    ));
#8188 = ADVANCED_FACE('',(#8189),#8200,.F.);
#8189 = FACE_BOUND('',#8190,.F.);
#8190 = EDGE_LOOP('',(#8191,#8197,#8198,#8199));
#8191 = ORIENTED_EDGE('',*,*,#8192,.T.);
#8192 = EDGE_CURVE('',#5448,#5550,#8193,.T.);
#8193 = LINE('',#8194,#8195);
#8194 = CARTESIAN_POINT('',(2.772040872589,2.08,0.15));
#8195 = VECTOR('',#8196,1.);
#8196 = DIRECTION('',(1.110223024625E-16,-1.,0.));
#8197 = ORIENTED_EDGE('',*,*,#5557,.T.);
#8198 = ORIENTED_EDGE('',*,*,#8175,.F.);
#8199 = ORIENTED_EDGE('',*,*,#5455,.F.);
#8200 = CYLINDRICAL_SURFACE('',#8201,0.1);
#8201 = AXIS2_PLACEMENT_3D('',#8202,#8203,#8204);
#8202 = CARTESIAN_POINT('',(2.772040872589,2.08,0.25));
#8203 = DIRECTION('',(-1.110223024625E-16,1.,0.));
#8204 = DIRECTION('',(0.,0.,-1.));
#8205 = ADVANCED_FACE('',(#8206),#8217,.F.);
#8206 = FACE_BOUND('',#8207,.F.);
#8207 = EDGE_LOOP('',(#8208,#8214,#8215,#8216));
#8208 = ORIENTED_EDGE('',*,*,#8209,.T.);
#8209 = EDGE_CURVE('',#5440,#5542,#8210,.T.);
#8210 = LINE('',#8211,#8212);
#8211 = CARTESIAN_POINT('',(3.2,2.08,0.15));
#8212 = VECTOR('',#8213,1.);
#8213 = DIRECTION('',(1.110223024625E-16,-1.,0.));
#8214 = ORIENTED_EDGE('',*,*,#5549,.T.);
#8215 = ORIENTED_EDGE('',*,*,#8192,.F.);
#8216 = ORIENTED_EDGE('',*,*,#5447,.F.);
#8217 = PLANE('',#8218);
#8218 = AXIS2_PLACEMENT_3D('',#8219,#8220,#8221);
#8219 = CARTESIAN_POINT('',(3.2,2.08,0.15));
#8220 = DIRECTION('',(0.,0.,-1.));
#8221 = DIRECTION('',(-1.,-1.110223024625E-16,-0.));
#8222 = ADVANCED_FACE('',(#8223),#8234,.F.);
#8223 = FACE_BOUND('',#8224,.F.);
#8224 = EDGE_LOOP('',(#8225,#8231,#8232,#8233));
#8225 = ORIENTED_EDGE('',*,*,#8226,.T.);
#8226 = EDGE_CURVE('',#5432,#5534,#8227,.T.);
#8227 = LINE('',#8228,#8229);
#8228 = CARTESIAN_POINT('',(3.2,2.08,-5.551115123126E-17));
#8229 = VECTOR('',#8230,1.);
#8230 = DIRECTION('',(1.110223024625E-16,-1.,0.));
#8231 = ORIENTED_EDGE('',*,*,#5541,.T.);
#8232 = ORIENTED_EDGE('',*,*,#8209,.F.);
#8233 = ORIENTED_EDGE('',*,*,#5439,.F.);
#8234 = PLANE('',#8235);
#8235 = AXIS2_PLACEMENT_3D('',#8236,#8237,#8238);
#8236 = CARTESIAN_POINT('',(3.2,2.08,-5.551115123126E-17));
#8237 = DIRECTION('',(-1.,-1.110223024625E-16,0.));
#8238 = DIRECTION('',(0.,0.,1.));
#8239 = ADVANCED_FACE('',(#8240),#8251,.F.);
#8240 = FACE_BOUND('',#8241,.F.);
#8241 = EDGE_LOOP('',(#8242,#8248,#8249,#8250));
#8242 = ORIENTED_EDGE('',*,*,#8243,.T.);
#8243 = EDGE_CURVE('',#5423,#5525,#8244,.T.);
#8244 = LINE('',#8245,#8246);
#8245 = CARTESIAN_POINT('',(2.772040872589,2.08,-5.551115123126E-17));
#8246 = VECTOR('',#8247,1.);
#8247 = DIRECTION('',(1.110223024625E-16,-1.,0.));
#8248 = ORIENTED_EDGE('',*,*,#5533,.T.);
#8249 = ORIENTED_EDGE('',*,*,#8226,.F.);
#8250 = ORIENTED_EDGE('',*,*,#5431,.F.);
#8251 = PLANE('',#8252);
#8252 = AXIS2_PLACEMENT_3D('',#8253,#8254,#8255);
#8253 = CARTESIAN_POINT('',(2.772040872589,2.08,-5.551115123126E-17));
#8254 = DIRECTION('',(0.,0.,1.));
#8255 = DIRECTION('',(1.,1.110223024625E-16,-0.));
#8256 = ADVANCED_FACE('',(#8257),#8268,.T.);
#8257 = FACE_BOUND('',#8258,.T.);
#8258 = EDGE_LOOP('',(#8259,#8260,#8261,#8262));
#8259 = ORIENTED_EDGE('',*,*,#5422,.T.);
#8260 = ORIENTED_EDGE('',*,*,#8243,.T.);
#8261 = ORIENTED_EDGE('',*,*,#5524,.F.);
#8262 = ORIENTED_EDGE('',*,*,#8263,.F.);
#8263 = EDGE_CURVE('',#5415,#5517,#8264,.T.);
#8264 = LINE('',#8265,#8266);
#8265 = CARTESIAN_POINT('',(2.525838934336,2.08,0.206587955583));
#8266 = VECTOR('',#8267,1.);
#8267 = DIRECTION('',(1.110223024625E-16,-1.,0.));
#8268 = CYLINDRICAL_SURFACE('',#8269,0.25);
#8269 = AXIS2_PLACEMENT_3D('',#8270,#8271,#8272);
#8270 = CARTESIAN_POINT('',(2.772040872589,2.08,0.25));
#8271 = DIRECTION('',(-1.110223024625E-16,1.,0.));
#8272 = DIRECTION('',(-0.984807753012,-1.093356242223E-16,
    -0.173648177667));
#8273 = ADVANCED_FACE('',(#8274),#8280,.F.);
#8274 = FACE_BOUND('',#8275,.F.);
#8275 = EDGE_LOOP('',(#8276,#8277,#8278,#8279));
#8276 = ORIENTED_EDGE('',*,*,#5498,.T.);
#8277 = ORIENTED_EDGE('',*,*,#5516,.T.);
#8278 = ORIENTED_EDGE('',*,*,#8263,.F.);
#8279 = ORIENTED_EDGE('',*,*,#5414,.F.);
#8280 = PLANE('',#8281);
#8281 = AXIS2_PLACEMENT_3D('',#8282,#8283,#8284);
#8282 = CARTESIAN_POINT('',(2.498480775301,2.08,0.392364817767));
#8283 = DIRECTION('',(0.989329961345,1.098376902036E-16,0.145692235845)
  );
#8284 = DIRECTION('',(0.145692235845,1.617508747447E-17,-0.989329961345)
  );
#8285 = ADVANCED_FACE('',(#8286),#8297,.T.);
#8286 = FACE_BOUND('',#8287,.T.);
#8287 = EDGE_LOOP('',(#8288,#8289,#8290,#8291));
#8288 = ORIENTED_EDGE('',*,*,#5676,.T.);
#8289 = ORIENTED_EDGE('',*,*,#7117,.T.);
#8290 = ORIENTED_EDGE('',*,*,#5785,.F.);
#8291 = ORIENTED_EDGE('',*,*,#8292,.F.);
#8292 = EDGE_CURVE('',#5669,#5778,#8293,.T.);
#8293 = LINE('',#8294,#8295);
#8294 = CARTESIAN_POINT('',(2.646201938253,1.43,0.418412044417));
#8295 = VECTOR('',#8296,1.);
#8296 = DIRECTION('',(1.110223024625E-16,-1.,0.));
#8297 = CYLINDRICAL_SURFACE('',#8298,0.25);
#8298 = AXIS2_PLACEMENT_3D('',#8299,#8300,#8301);
#8299 = CARTESIAN_POINT('',(2.4,1.43,0.375));
#8300 = DIRECTION('',(-1.110223024625E-16,1.,0.));
#8301 = DIRECTION('',(0.984807753012,1.093356242223E-16,0.173648177667)
  );
#8302 = ADVANCED_FACE('',(#8303),#8314,.F.);
#8303 = FACE_BOUND('',#8304,.F.);
#8304 = EDGE_LOOP('',(#8305,#8311,#8312,#8313));
#8305 = ORIENTED_EDGE('',*,*,#8306,.T.);
#8306 = EDGE_CURVE('',#5660,#5769,#8307,.T.);
#8307 = LINE('',#8308,#8309);
#8308 = CARTESIAN_POINT('',(2.673560097287,1.43,0.232635182233));
#8309 = VECTOR('',#8310,1.);
#8310 = DIRECTION('',(1.110223024625E-16,-1.,0.));
#8311 = ORIENTED_EDGE('',*,*,#5777,.T.);
#8312 = ORIENTED_EDGE('',*,*,#8292,.F.);
#8313 = ORIENTED_EDGE('',*,*,#5668,.F.);
#8314 = PLANE('',#8315);
#8315 = AXIS2_PLACEMENT_3D('',#8316,#8317,#8318);
#8316 = CARTESIAN_POINT('',(2.673560097287,1.43,0.232635182233));
#8317 = DIRECTION('',(-0.989329961345,-1.098376902036E-16,
    -0.145692235845));
#8318 = DIRECTION('',(-0.145692235845,-1.617508747447E-17,0.989329961345
    ));
#8319 = ADVANCED_FACE('',(#8320),#8331,.F.);
#8320 = FACE_BOUND('',#8321,.F.);
#8321 = EDGE_LOOP('',(#8322,#8328,#8329,#8330));
#8322 = ORIENTED_EDGE('',*,*,#8323,.T.);
#8323 = EDGE_CURVE('',#5652,#5761,#8324,.T.);
#8324 = LINE('',#8325,#8326);
#8325 = CARTESIAN_POINT('',(2.772040872589,1.43,0.15));
#8326 = VECTOR('',#8327,1.);
#8327 = DIRECTION('',(1.110223024625E-16,-1.,0.));
#8328 = ORIENTED_EDGE('',*,*,#5768,.T.);
#8329 = ORIENTED_EDGE('',*,*,#8306,.F.);
#8330 = ORIENTED_EDGE('',*,*,#5659,.F.);
#8331 = CYLINDRICAL_SURFACE('',#8332,0.1);
#8332 = AXIS2_PLACEMENT_3D('',#8333,#8334,#8335);
#8333 = CARTESIAN_POINT('',(2.772040872589,1.43,0.25));
#8334 = DIRECTION('',(-1.110223024625E-16,1.,0.));
#8335 = DIRECTION('',(0.,0.,-1.));
#8336 = ADVANCED_FACE('',(#8337),#8348,.F.);
#8337 = FACE_BOUND('',#8338,.F.);
#8338 = EDGE_LOOP('',(#8339,#8345,#8346,#8347));
#8339 = ORIENTED_EDGE('',*,*,#8340,.T.);
#8340 = EDGE_CURVE('',#5644,#5753,#8341,.T.);
#8341 = LINE('',#8342,#8343);
#8342 = CARTESIAN_POINT('',(3.2,1.43,0.15));
#8343 = VECTOR('',#8344,1.);
#8344 = DIRECTION('',(1.110223024625E-16,-1.,0.));
#8345 = ORIENTED_EDGE('',*,*,#5760,.T.);
#8346 = ORIENTED_EDGE('',*,*,#8323,.F.);
#8347 = ORIENTED_EDGE('',*,*,#5651,.F.);
#8348 = PLANE('',#8349);
#8349 = AXIS2_PLACEMENT_3D('',#8350,#8351,#8352);
#8350 = CARTESIAN_POINT('',(3.2,1.43,0.15));
#8351 = DIRECTION('',(0.,0.,-1.));
#8352 = DIRECTION('',(-1.,-1.110223024625E-16,-0.));
#8353 = ADVANCED_FACE('',(#8354),#8365,.F.);
#8354 = FACE_BOUND('',#8355,.F.);
#8355 = EDGE_LOOP('',(#8356,#8362,#8363,#8364));
#8356 = ORIENTED_EDGE('',*,*,#8357,.T.);
#8357 = EDGE_CURVE('',#5636,#5745,#8358,.T.);
#8358 = LINE('',#8359,#8360);
#8359 = CARTESIAN_POINT('',(3.2,1.43,-5.551115123126E-17));
#8360 = VECTOR('',#8361,1.);
#8361 = DIRECTION('',(1.110223024625E-16,-1.,0.));
#8362 = ORIENTED_EDGE('',*,*,#5752,.T.);
#8363 = ORIENTED_EDGE('',*,*,#8340,.F.);
#8364 = ORIENTED_EDGE('',*,*,#5643,.F.);
#8365 = PLANE('',#8366);
#8366 = AXIS2_PLACEMENT_3D('',#8367,#8368,#8369);
#8367 = CARTESIAN_POINT('',(3.2,1.43,-5.551115123126E-17));
#8368 = DIRECTION('',(-1.,-1.110223024625E-16,0.));
#8369 = DIRECTION('',(0.,0.,1.));
#8370 = ADVANCED_FACE('',(#8371),#8382,.F.);
#8371 = FACE_BOUND('',#8372,.F.);
#8372 = EDGE_LOOP('',(#8373,#8379,#8380,#8381));
#8373 = ORIENTED_EDGE('',*,*,#8374,.T.);
#8374 = EDGE_CURVE('',#5627,#5736,#8375,.T.);
#8375 = LINE('',#8376,#8377);
#8376 = CARTESIAN_POINT('',(2.772040872589,1.43,-5.551115123126E-17));
#8377 = VECTOR('',#8378,1.);
#8378 = DIRECTION('',(1.110223024625E-16,-1.,0.));
#8379 = ORIENTED_EDGE('',*,*,#5744,.T.);
#8380 = ORIENTED_EDGE('',*,*,#8357,.F.);
#8381 = ORIENTED_EDGE('',*,*,#5635,.F.);
#8382 = PLANE('',#8383);
#8383 = AXIS2_PLACEMENT_3D('',#8384,#8385,#8386);
#8384 = CARTESIAN_POINT('',(2.772040872589,1.43,-5.551115123126E-17));
#8385 = DIRECTION('',(0.,0.,1.));
#8386 = DIRECTION('',(1.,1.110223024625E-16,-0.));
#8387 = ADVANCED_FACE('',(#8388),#8399,.T.);
#8388 = FACE_BOUND('',#8389,.T.);
#8389 = EDGE_LOOP('',(#8390,#8391,#8392,#8393));
#8390 = ORIENTED_EDGE('',*,*,#5626,.T.);
#8391 = ORIENTED_EDGE('',*,*,#8374,.T.);
#8392 = ORIENTED_EDGE('',*,*,#5735,.F.);
#8393 = ORIENTED_EDGE('',*,*,#8394,.F.);
#8394 = EDGE_CURVE('',#5619,#5728,#8395,.T.);
#8395 = LINE('',#8396,#8397);
#8396 = CARTESIAN_POINT('',(2.525838934336,1.43,0.206587955583));
#8397 = VECTOR('',#8398,1.);
#8398 = DIRECTION('',(1.110223024625E-16,-1.,0.));
#8399 = CYLINDRICAL_SURFACE('',#8400,0.25);
#8400 = AXIS2_PLACEMENT_3D('',#8401,#8402,#8403);
#8401 = CARTESIAN_POINT('',(2.772040872589,1.43,0.25));
#8402 = DIRECTION('',(-1.110223024625E-16,1.,0.));
#8403 = DIRECTION('',(-0.984807753012,-1.093356242223E-16,
    -0.173648177667));
#8404 = ADVANCED_FACE('',(#8405),#8411,.F.);
#8405 = FACE_BOUND('',#8406,.F.);
#8406 = EDGE_LOOP('',(#8407,#8408,#8409,#8410));
#8407 = ORIENTED_EDGE('',*,*,#5709,.T.);
#8408 = ORIENTED_EDGE('',*,*,#5727,.T.);
#8409 = ORIENTED_EDGE('',*,*,#8394,.F.);
#8410 = ORIENTED_EDGE('',*,*,#5618,.F.);
#8411 = PLANE('',#8412);
#8412 = AXIS2_PLACEMENT_3D('',#8413,#8414,#8415);
#8413 = CARTESIAN_POINT('',(2.498480775301,1.43,0.392364817767));
#8414 = DIRECTION('',(0.989329961345,1.098376902036E-16,0.145692235845)
  );
#8415 = DIRECTION('',(0.145692235845,1.617508747447E-17,-0.989329961345)
  );
#8416 = ADVANCED_FACE('',(#8417),#8428,.T.);
#8417 = FACE_BOUND('',#8418,.T.);
#8418 = EDGE_LOOP('',(#8419,#8420,#8421,#8422));
#8419 = ORIENTED_EDGE('',*,*,#5899,.T.);
#8420 = ORIENTED_EDGE('',*,*,#7136,.T.);
#8421 = ORIENTED_EDGE('',*,*,#6008,.F.);
#8422 = ORIENTED_EDGE('',*,*,#8423,.F.);
#8423 = EDGE_CURVE('',#5892,#6001,#8424,.T.);
#8424 = LINE('',#8425,#8426);
#8425 = CARTESIAN_POINT('',(2.646201938253,0.78,0.418412044417));
#8426 = VECTOR('',#8427,1.);
#8427 = DIRECTION('',(1.110223024625E-16,-1.,0.));
#8428 = CYLINDRICAL_SURFACE('',#8429,0.25);
#8429 = AXIS2_PLACEMENT_3D('',#8430,#8431,#8432);
#8430 = CARTESIAN_POINT('',(2.4,0.78,0.375));
#8431 = DIRECTION('',(-1.110223024625E-16,1.,0.));
#8432 = DIRECTION('',(0.984807753012,1.093356242223E-16,0.173648177667)
  );
#8433 = ADVANCED_FACE('',(#8434),#8445,.F.);
#8434 = FACE_BOUND('',#8435,.F.);
#8435 = EDGE_LOOP('',(#8436,#8442,#8443,#8444));
#8436 = ORIENTED_EDGE('',*,*,#8437,.T.);
#8437 = EDGE_CURVE('',#5883,#5992,#8438,.T.);
#8438 = LINE('',#8439,#8440);
#8439 = CARTESIAN_POINT('',(2.673560097287,0.78,0.232635182233));
#8440 = VECTOR('',#8441,1.);
#8441 = DIRECTION('',(1.110223024625E-16,-1.,0.));
#8442 = ORIENTED_EDGE('',*,*,#6000,.T.);
#8443 = ORIENTED_EDGE('',*,*,#8423,.F.);
#8444 = ORIENTED_EDGE('',*,*,#5891,.F.);
#8445 = PLANE('',#8446);
#8446 = AXIS2_PLACEMENT_3D('',#8447,#8448,#8449);
#8447 = CARTESIAN_POINT('',(2.673560097287,0.78,0.232635182233));
#8448 = DIRECTION('',(-0.989329961345,-1.098376902036E-16,
    -0.145692235845));
#8449 = DIRECTION('',(-0.145692235845,-1.617508747447E-17,0.989329961345
    ));
#8450 = ADVANCED_FACE('',(#8451),#8462,.F.);
#8451 = FACE_BOUND('',#8452,.F.);
#8452 = EDGE_LOOP('',(#8453,#8459,#8460,#8461));
#8453 = ORIENTED_EDGE('',*,*,#8454,.T.);
#8454 = EDGE_CURVE('',#5875,#5984,#8455,.T.);
#8455 = LINE('',#8456,#8457);
#8456 = CARTESIAN_POINT('',(2.772040872589,0.78,0.15));
#8457 = VECTOR('',#8458,1.);
#8458 = DIRECTION('',(1.110223024625E-16,-1.,0.));
#8459 = ORIENTED_EDGE('',*,*,#5991,.T.);
#8460 = ORIENTED_EDGE('',*,*,#8437,.F.);
#8461 = ORIENTED_EDGE('',*,*,#5882,.F.);
#8462 = CYLINDRICAL_SURFACE('',#8463,0.1);
#8463 = AXIS2_PLACEMENT_3D('',#8464,#8465,#8466);
#8464 = CARTESIAN_POINT('',(2.772040872589,0.78,0.25));
#8465 = DIRECTION('',(-1.110223024625E-16,1.,0.));
#8466 = DIRECTION('',(0.,0.,-1.));
#8467 = ADVANCED_FACE('',(#8468),#8479,.F.);
#8468 = FACE_BOUND('',#8469,.F.);
#8469 = EDGE_LOOP('',(#8470,#8476,#8477,#8478));
#8470 = ORIENTED_EDGE('',*,*,#8471,.T.);
#8471 = EDGE_CURVE('',#5867,#5976,#8472,.T.);
#8472 = LINE('',#8473,#8474);
#8473 = CARTESIAN_POINT('',(3.2,0.78,0.15));
#8474 = VECTOR('',#8475,1.);
#8475 = DIRECTION('',(1.110223024625E-16,-1.,0.));
#8476 = ORIENTED_EDGE('',*,*,#5983,.T.);
#8477 = ORIENTED_EDGE('',*,*,#8454,.F.);
#8478 = ORIENTED_EDGE('',*,*,#5874,.F.);
#8479 = PLANE('',#8480);
#8480 = AXIS2_PLACEMENT_3D('',#8481,#8482,#8483);
#8481 = CARTESIAN_POINT('',(3.2,0.78,0.15));
#8482 = DIRECTION('',(0.,0.,-1.));
#8483 = DIRECTION('',(-1.,-1.110223024625E-16,-0.));
#8484 = ADVANCED_FACE('',(#8485),#8496,.F.);
#8485 = FACE_BOUND('',#8486,.F.);
#8486 = EDGE_LOOP('',(#8487,#8493,#8494,#8495));
#8487 = ORIENTED_EDGE('',*,*,#8488,.T.);
#8488 = EDGE_CURVE('',#5859,#5968,#8489,.T.);
#8489 = LINE('',#8490,#8491);
#8490 = CARTESIAN_POINT('',(3.2,0.78,-5.551115123126E-17));
#8491 = VECTOR('',#8492,1.);
#8492 = DIRECTION('',(1.110223024625E-16,-1.,0.));
#8493 = ORIENTED_EDGE('',*,*,#5975,.T.);
#8494 = ORIENTED_EDGE('',*,*,#8471,.F.);
#8495 = ORIENTED_EDGE('',*,*,#5866,.F.);
#8496 = PLANE('',#8497);
#8497 = AXIS2_PLACEMENT_3D('',#8498,#8499,#8500);
#8498 = CARTESIAN_POINT('',(3.2,0.78,-5.551115123126E-17));
#8499 = DIRECTION('',(-1.,-1.110223024625E-16,0.));
#8500 = DIRECTION('',(0.,0.,1.));
#8501 = ADVANCED_FACE('',(#8502),#8513,.F.);
#8502 = FACE_BOUND('',#8503,.F.);
#8503 = EDGE_LOOP('',(#8504,#8510,#8511,#8512));
#8504 = ORIENTED_EDGE('',*,*,#8505,.T.);
#8505 = EDGE_CURVE('',#5850,#5959,#8506,.T.);
#8506 = LINE('',#8507,#8508);
#8507 = CARTESIAN_POINT('',(2.772040872589,0.78,-5.551115123126E-17));
#8508 = VECTOR('',#8509,1.);
#8509 = DIRECTION('',(1.110223024625E-16,-1.,0.));
#8510 = ORIENTED_EDGE('',*,*,#5967,.T.);
#8511 = ORIENTED_EDGE('',*,*,#8488,.F.);
#8512 = ORIENTED_EDGE('',*,*,#5858,.F.);
#8513 = PLANE('',#8514);
#8514 = AXIS2_PLACEMENT_3D('',#8515,#8516,#8517);
#8515 = CARTESIAN_POINT('',(2.772040872589,0.78,-5.551115123126E-17));
#8516 = DIRECTION('',(0.,0.,1.));
#8517 = DIRECTION('',(1.,1.110223024625E-16,-0.));
#8518 = ADVANCED_FACE('',(#8519),#8530,.T.);
#8519 = FACE_BOUND('',#8520,.T.);
#8520 = EDGE_LOOP('',(#8521,#8522,#8523,#8524));
#8521 = ORIENTED_EDGE('',*,*,#5849,.T.);
#8522 = ORIENTED_EDGE('',*,*,#8505,.T.);
#8523 = ORIENTED_EDGE('',*,*,#5958,.F.);
#8524 = ORIENTED_EDGE('',*,*,#8525,.F.);
#8525 = EDGE_CURVE('',#5842,#5951,#8526,.T.);
#8526 = LINE('',#8527,#8528);
#8527 = CARTESIAN_POINT('',(2.525838934336,0.78,0.206587955583));
#8528 = VECTOR('',#8529,1.);
#8529 = DIRECTION('',(1.110223024625E-16,-1.,0.));
#8530 = CYLINDRICAL_SURFACE('',#8531,0.25);
#8531 = AXIS2_PLACEMENT_3D('',#8532,#8533,#8534);
#8532 = CARTESIAN_POINT('',(2.772040872589,0.78,0.25));
#8533 = DIRECTION('',(-1.110223024625E-16,1.,0.));
#8534 = DIRECTION('',(-0.984807753012,-1.093356242223E-16,
    -0.173648177667));
#8535 = ADVANCED_FACE('',(#8536),#8542,.F.);
#8536 = FACE_BOUND('',#8537,.F.);
#8537 = EDGE_LOOP('',(#8538,#8539,#8540,#8541));
#8538 = ORIENTED_EDGE('',*,*,#5932,.T.);
#8539 = ORIENTED_EDGE('',*,*,#5950,.T.);
#8540 = ORIENTED_EDGE('',*,*,#8525,.F.);
#8541 = ORIENTED_EDGE('',*,*,#5841,.F.);
#8542 = PLANE('',#8543);
#8543 = AXIS2_PLACEMENT_3D('',#8544,#8545,#8546);
#8544 = CARTESIAN_POINT('',(2.498480775301,0.78,0.392364817767));
#8545 = DIRECTION('',(0.989329961345,1.098376902036E-16,0.145692235845)
  );
#8546 = DIRECTION('',(0.145692235845,1.617508747447E-17,-0.989329961345)
  );
#8547 = ADVANCED_FACE('',(#8548),#8559,.T.);
#8548 = FACE_BOUND('',#8549,.T.);
#8549 = EDGE_LOOP('',(#8550,#8551,#8552,#8553));
#8550 = ORIENTED_EDGE('',*,*,#6122,.T.);
#8551 = ORIENTED_EDGE('',*,*,#7155,.T.);
#8552 = ORIENTED_EDGE('',*,*,#6231,.F.);
#8553 = ORIENTED_EDGE('',*,*,#8554,.F.);
#8554 = EDGE_CURVE('',#6115,#6224,#8555,.T.);
#8555 = LINE('',#8556,#8557);
#8556 = CARTESIAN_POINT('',(2.646201938253,0.13,0.418412044417));
#8557 = VECTOR('',#8558,1.);
#8558 = DIRECTION('',(1.110223024625E-16,-1.,0.));
#8559 = CYLINDRICAL_SURFACE('',#8560,0.25);
#8560 = AXIS2_PLACEMENT_3D('',#8561,#8562,#8563);
#8561 = CARTESIAN_POINT('',(2.4,0.13,0.375));
#8562 = DIRECTION('',(-1.110223024625E-16,1.,0.));
#8563 = DIRECTION('',(0.984807753012,1.093356242223E-16,0.173648177667)
  );
#8564 = ADVANCED_FACE('',(#8565),#8576,.F.);
#8565 = FACE_BOUND('',#8566,.F.);
#8566 = EDGE_LOOP('',(#8567,#8573,#8574,#8575));
#8567 = ORIENTED_EDGE('',*,*,#8568,.T.);
#8568 = EDGE_CURVE('',#6106,#6215,#8569,.T.);
#8569 = LINE('',#8570,#8571);
#8570 = CARTESIAN_POINT('',(2.673560097287,0.13,0.232635182233));
#8571 = VECTOR('',#8572,1.);
#8572 = DIRECTION('',(1.110223024625E-16,-1.,0.));
#8573 = ORIENTED_EDGE('',*,*,#6223,.T.);
#8574 = ORIENTED_EDGE('',*,*,#8554,.F.);
#8575 = ORIENTED_EDGE('',*,*,#6114,.F.);
#8576 = PLANE('',#8577);
#8577 = AXIS2_PLACEMENT_3D('',#8578,#8579,#8580);
#8578 = CARTESIAN_POINT('',(2.673560097287,0.13,0.232635182233));
#8579 = DIRECTION('',(-0.989329961345,-1.098376902036E-16,
    -0.145692235845));
#8580 = DIRECTION('',(-0.145692235845,-1.617508747447E-17,0.989329961345
    ));
#8581 = ADVANCED_FACE('',(#8582),#8593,.F.);
#8582 = FACE_BOUND('',#8583,.F.);
#8583 = EDGE_LOOP('',(#8584,#8590,#8591,#8592));
#8584 = ORIENTED_EDGE('',*,*,#8585,.T.);
#8585 = EDGE_CURVE('',#6098,#6207,#8586,.T.);
#8586 = LINE('',#8587,#8588);
#8587 = CARTESIAN_POINT('',(2.772040872589,0.13,0.15));
#8588 = VECTOR('',#8589,1.);
#8589 = DIRECTION('',(1.110223024625E-16,-1.,0.));
#8590 = ORIENTED_EDGE('',*,*,#6214,.T.);
#8591 = ORIENTED_EDGE('',*,*,#8568,.F.);
#8592 = ORIENTED_EDGE('',*,*,#6105,.F.);
#8593 = CYLINDRICAL_SURFACE('',#8594,0.1);
#8594 = AXIS2_PLACEMENT_3D('',#8595,#8596,#8597);
#8595 = CARTESIAN_POINT('',(2.772040872589,0.13,0.25));
#8596 = DIRECTION('',(-1.110223024625E-16,1.,0.));
#8597 = DIRECTION('',(0.,0.,-1.));
#8598 = ADVANCED_FACE('',(#8599),#8610,.F.);
#8599 = FACE_BOUND('',#8600,.F.);
#8600 = EDGE_LOOP('',(#8601,#8607,#8608,#8609));
#8601 = ORIENTED_EDGE('',*,*,#8602,.T.);
#8602 = EDGE_CURVE('',#6090,#6199,#8603,.T.);
#8603 = LINE('',#8604,#8605);
#8604 = CARTESIAN_POINT('',(3.2,0.13,0.15));
#8605 = VECTOR('',#8606,1.);
#8606 = DIRECTION('',(1.110223024625E-16,-1.,0.));
#8607 = ORIENTED_EDGE('',*,*,#6206,.T.);
#8608 = ORIENTED_EDGE('',*,*,#8585,.F.);
#8609 = ORIENTED_EDGE('',*,*,#6097,.F.);
#8610 = PLANE('',#8611);
#8611 = AXIS2_PLACEMENT_3D('',#8612,#8613,#8614);
#8612 = CARTESIAN_POINT('',(3.2,0.13,0.15));
#8613 = DIRECTION('',(0.,0.,-1.));
#8614 = DIRECTION('',(-1.,-1.110223024625E-16,-0.));
#8615 = ADVANCED_FACE('',(#8616),#8627,.F.);
#8616 = FACE_BOUND('',#8617,.F.);
#8617 = EDGE_LOOP('',(#8618,#8624,#8625,#8626));
#8618 = ORIENTED_EDGE('',*,*,#8619,.T.);
#8619 = EDGE_CURVE('',#6082,#6191,#8620,.T.);
#8620 = LINE('',#8621,#8622);
#8621 = CARTESIAN_POINT('',(3.2,0.13,-5.551115123126E-17));
#8622 = VECTOR('',#8623,1.);
#8623 = DIRECTION('',(1.110223024625E-16,-1.,0.));
#8624 = ORIENTED_EDGE('',*,*,#6198,.T.);
#8625 = ORIENTED_EDGE('',*,*,#8602,.F.);
#8626 = ORIENTED_EDGE('',*,*,#6089,.F.);
#8627 = PLANE('',#8628);
#8628 = AXIS2_PLACEMENT_3D('',#8629,#8630,#8631);
#8629 = CARTESIAN_POINT('',(3.2,0.13,-5.551115123126E-17));
#8630 = DIRECTION('',(-1.,-1.110223024625E-16,0.));
#8631 = DIRECTION('',(0.,0.,1.));
#8632 = ADVANCED_FACE('',(#8633),#8644,.F.);
#8633 = FACE_BOUND('',#8634,.F.);
#8634 = EDGE_LOOP('',(#8635,#8641,#8642,#8643));
#8635 = ORIENTED_EDGE('',*,*,#8636,.T.);
#8636 = EDGE_CURVE('',#6073,#6182,#8637,.T.);
#8637 = LINE('',#8638,#8639);
#8638 = CARTESIAN_POINT('',(2.772040872589,0.13,-5.551115123126E-17));
#8639 = VECTOR('',#8640,1.);
#8640 = DIRECTION('',(1.110223024625E-16,-1.,0.));
#8641 = ORIENTED_EDGE('',*,*,#6190,.T.);
#8642 = ORIENTED_EDGE('',*,*,#8619,.F.);
#8643 = ORIENTED_EDGE('',*,*,#6081,.F.);
#8644 = PLANE('',#8645);
#8645 = AXIS2_PLACEMENT_3D('',#8646,#8647,#8648);
#8646 = CARTESIAN_POINT('',(2.772040872589,0.13,-5.551115123126E-17));
#8647 = DIRECTION('',(0.,0.,1.));
#8648 = DIRECTION('',(1.,1.110223024625E-16,-0.));
#8649 = ADVANCED_FACE('',(#8650),#8661,.T.);
#8650 = FACE_BOUND('',#8651,.T.);
#8651 = EDGE_LOOP('',(#8652,#8653,#8654,#8655));
#8652 = ORIENTED_EDGE('',*,*,#6072,.T.);
#8653 = ORIENTED_EDGE('',*,*,#8636,.T.);
#8654 = ORIENTED_EDGE('',*,*,#6181,.F.);
#8655 = ORIENTED_EDGE('',*,*,#8656,.F.);
#8656 = EDGE_CURVE('',#6065,#6174,#8657,.T.);
#8657 = LINE('',#8658,#8659);
#8658 = CARTESIAN_POINT('',(2.525838934336,0.13,0.206587955583));
#8659 = VECTOR('',#8660,1.);
#8660 = DIRECTION('',(1.110223024625E-16,-1.,0.));
#8661 = CYLINDRICAL_SURFACE('',#8662,0.25);
#8662 = AXIS2_PLACEMENT_3D('',#8663,#8664,#8665);
#8663 = CARTESIAN_POINT('',(2.772040872589,0.13,0.25));
#8664 = DIRECTION('',(-1.110223024625E-16,1.,0.));
#8665 = DIRECTION('',(-0.984807753012,-1.093356242223E-16,
    -0.173648177667));
#8666 = ADVANCED_FACE('',(#8667),#8673,.F.);
#8667 = FACE_BOUND('',#8668,.F.);
#8668 = EDGE_LOOP('',(#8669,#8670,#8671,#8672));
#8669 = ORIENTED_EDGE('',*,*,#6155,.T.);
#8670 = ORIENTED_EDGE('',*,*,#6173,.T.);
#8671 = ORIENTED_EDGE('',*,*,#8656,.F.);
#8672 = ORIENTED_EDGE('',*,*,#6064,.F.);
#8673 = PLANE('',#8674);
#8674 = AXIS2_PLACEMENT_3D('',#8675,#8676,#8677);
#8675 = CARTESIAN_POINT('',(2.498480775301,0.13,0.392364817767));
#8676 = DIRECTION('',(0.989329961345,1.098376902036E-16,0.145692235845)
  );
#8677 = DIRECTION('',(0.145692235845,1.617508747447E-17,-0.989329961345)
  );
#8678 = ADVANCED_FACE('',(#8679),#8690,.T.);
#8679 = FACE_BOUND('',#8680,.T.);
#8680 = EDGE_LOOP('',(#8681,#8682,#8683,#8684));
#8681 = ORIENTED_EDGE('',*,*,#6345,.T.);
#8682 = ORIENTED_EDGE('',*,*,#7174,.T.);
#8683 = ORIENTED_EDGE('',*,*,#6454,.F.);
#8684 = ORIENTED_EDGE('',*,*,#8685,.F.);
#8685 = EDGE_CURVE('',#6338,#6447,#8686,.T.);
#8686 = LINE('',#8687,#8688);
#8687 = CARTESIAN_POINT('',(2.646201938253,-0.52,0.418412044417));
#8688 = VECTOR('',#8689,1.);
#8689 = DIRECTION('',(1.110223024625E-16,-1.,0.));
#8690 = CYLINDRICAL_SURFACE('',#8691,0.25);
#8691 = AXIS2_PLACEMENT_3D('',#8692,#8693,#8694);
#8692 = CARTESIAN_POINT('',(2.4,-0.52,0.375));
#8693 = DIRECTION('',(-1.110223024625E-16,1.,0.));
#8694 = DIRECTION('',(0.984807753012,1.093356242223E-16,0.173648177667)
  );
#8695 = ADVANCED_FACE('',(#8696),#8707,.F.);
#8696 = FACE_BOUND('',#8697,.F.);
#8697 = EDGE_LOOP('',(#8698,#8704,#8705,#8706));
#8698 = ORIENTED_EDGE('',*,*,#8699,.T.);
#8699 = EDGE_CURVE('',#6329,#6438,#8700,.T.);
#8700 = LINE('',#8701,#8702);
#8701 = CARTESIAN_POINT('',(2.673560097287,-0.52,0.232635182233));
#8702 = VECTOR('',#8703,1.);
#8703 = DIRECTION('',(1.110223024625E-16,-1.,0.));
#8704 = ORIENTED_EDGE('',*,*,#6446,.T.);
#8705 = ORIENTED_EDGE('',*,*,#8685,.F.);
#8706 = ORIENTED_EDGE('',*,*,#6337,.F.);
#8707 = PLANE('',#8708);
#8708 = AXIS2_PLACEMENT_3D('',#8709,#8710,#8711);
#8709 = CARTESIAN_POINT('',(2.673560097287,-0.52,0.232635182233));
#8710 = DIRECTION('',(-0.989329961345,-1.098376902036E-16,
    -0.145692235845));
#8711 = DIRECTION('',(-0.145692235845,-1.617508747447E-17,0.989329961345
    ));
#8712 = ADVANCED_FACE('',(#8713),#8724,.F.);
#8713 = FACE_BOUND('',#8714,.F.);
#8714 = EDGE_LOOP('',(#8715,#8721,#8722,#8723));
#8715 = ORIENTED_EDGE('',*,*,#8716,.T.);
#8716 = EDGE_CURVE('',#6321,#6430,#8717,.T.);
#8717 = LINE('',#8718,#8719);
#8718 = CARTESIAN_POINT('',(2.772040872589,-0.52,0.15));
#8719 = VECTOR('',#8720,1.);
#8720 = DIRECTION('',(1.110223024625E-16,-1.,0.));
#8721 = ORIENTED_EDGE('',*,*,#6437,.T.);
#8722 = ORIENTED_EDGE('',*,*,#8699,.F.);
#8723 = ORIENTED_EDGE('',*,*,#6328,.F.);
#8724 = CYLINDRICAL_SURFACE('',#8725,0.1);
#8725 = AXIS2_PLACEMENT_3D('',#8726,#8727,#8728);
#8726 = CARTESIAN_POINT('',(2.772040872589,-0.52,0.25));
#8727 = DIRECTION('',(-1.110223024625E-16,1.,0.));
#8728 = DIRECTION('',(0.,0.,-1.));
#8729 = ADVANCED_FACE('',(#8730),#8741,.F.);
#8730 = FACE_BOUND('',#8731,.F.);
#8731 = EDGE_LOOP('',(#8732,#8738,#8739,#8740));
#8732 = ORIENTED_EDGE('',*,*,#8733,.T.);
#8733 = EDGE_CURVE('',#6313,#6422,#8734,.T.);
#8734 = LINE('',#8735,#8736);
#8735 = CARTESIAN_POINT('',(3.2,-0.52,0.15));
#8736 = VECTOR('',#8737,1.);
#8737 = DIRECTION('',(1.110223024625E-16,-1.,0.));
#8738 = ORIENTED_EDGE('',*,*,#6429,.T.);
#8739 = ORIENTED_EDGE('',*,*,#8716,.F.);
#8740 = ORIENTED_EDGE('',*,*,#6320,.F.);
#8741 = PLANE('',#8742);
#8742 = AXIS2_PLACEMENT_3D('',#8743,#8744,#8745);
#8743 = CARTESIAN_POINT('',(3.2,-0.52,0.15));
#8744 = DIRECTION('',(0.,0.,-1.));
#8745 = DIRECTION('',(-1.,-1.110223024625E-16,-0.));
#8746 = ADVANCED_FACE('',(#8747),#8758,.F.);
#8747 = FACE_BOUND('',#8748,.F.);
#8748 = EDGE_LOOP('',(#8749,#8755,#8756,#8757));
#8749 = ORIENTED_EDGE('',*,*,#8750,.T.);
#8750 = EDGE_CURVE('',#6305,#6414,#8751,.T.);
#8751 = LINE('',#8752,#8753);
#8752 = CARTESIAN_POINT('',(3.2,-0.52,-5.551115123126E-17));
#8753 = VECTOR('',#8754,1.);
#8754 = DIRECTION('',(1.110223024625E-16,-1.,0.));
#8755 = ORIENTED_EDGE('',*,*,#6421,.T.);
#8756 = ORIENTED_EDGE('',*,*,#8733,.F.);
#8757 = ORIENTED_EDGE('',*,*,#6312,.F.);
#8758 = PLANE('',#8759);
#8759 = AXIS2_PLACEMENT_3D('',#8760,#8761,#8762);
#8760 = CARTESIAN_POINT('',(3.2,-0.52,-5.551115123126E-17));
#8761 = DIRECTION('',(-1.,-1.110223024625E-16,0.));
#8762 = DIRECTION('',(0.,0.,1.));
#8763 = ADVANCED_FACE('',(#8764),#8775,.F.);
#8764 = FACE_BOUND('',#8765,.F.);
#8765 = EDGE_LOOP('',(#8766,#8772,#8773,#8774));
#8766 = ORIENTED_EDGE('',*,*,#8767,.T.);
#8767 = EDGE_CURVE('',#6296,#6405,#8768,.T.);
#8768 = LINE('',#8769,#8770);
#8769 = CARTESIAN_POINT('',(2.772040872589,-0.52,-5.551115123126E-17));
#8770 = VECTOR('',#8771,1.);
#8771 = DIRECTION('',(1.110223024625E-16,-1.,0.));
#8772 = ORIENTED_EDGE('',*,*,#6413,.T.);
#8773 = ORIENTED_EDGE('',*,*,#8750,.F.);
#8774 = ORIENTED_EDGE('',*,*,#6304,.F.);
#8775 = PLANE('',#8776);
#8776 = AXIS2_PLACEMENT_3D('',#8777,#8778,#8779);
#8777 = CARTESIAN_POINT('',(2.772040872589,-0.52,-5.551115123126E-17));
#8778 = DIRECTION('',(0.,0.,1.));
#8779 = DIRECTION('',(1.,1.110223024625E-16,-0.));
#8780 = ADVANCED_FACE('',(#8781),#8792,.T.);
#8781 = FACE_BOUND('',#8782,.T.);
#8782 = EDGE_LOOP('',(#8783,#8784,#8785,#8786));
#8783 = ORIENTED_EDGE('',*,*,#6295,.T.);
#8784 = ORIENTED_EDGE('',*,*,#8767,.T.);
#8785 = ORIENTED_EDGE('',*,*,#6404,.F.);
#8786 = ORIENTED_EDGE('',*,*,#8787,.F.);
#8787 = EDGE_CURVE('',#6288,#6397,#8788,.T.);
#8788 = LINE('',#8789,#8790);
#8789 = CARTESIAN_POINT('',(2.525838934336,-0.52,0.206587955583));
#8790 = VECTOR('',#8791,1.);
#8791 = DIRECTION('',(1.110223024625E-16,-1.,0.));
#8792 = CYLINDRICAL_SURFACE('',#8793,0.25);
#8793 = AXIS2_PLACEMENT_3D('',#8794,#8795,#8796);
#8794 = CARTESIAN_POINT('',(2.772040872589,-0.52,0.25));
#8795 = DIRECTION('',(-1.110223024625E-16,1.,0.));
#8796 = DIRECTION('',(-0.984807753012,-1.093356242223E-16,
    -0.173648177667));
#8797 = ADVANCED_FACE('',(#8798),#8804,.F.);
#8798 = FACE_BOUND('',#8799,.F.);
#8799 = EDGE_LOOP('',(#8800,#8801,#8802,#8803));
#8800 = ORIENTED_EDGE('',*,*,#6378,.T.);
#8801 = ORIENTED_EDGE('',*,*,#6396,.T.);
#8802 = ORIENTED_EDGE('',*,*,#8787,.F.);
#8803 = ORIENTED_EDGE('',*,*,#6287,.F.);
#8804 = PLANE('',#8805);
#8805 = AXIS2_PLACEMENT_3D('',#8806,#8807,#8808);
#8806 = CARTESIAN_POINT('',(2.498480775301,-0.52,0.392364817767));
#8807 = DIRECTION('',(0.989329961345,1.098376902036E-16,0.145692235845)
  );
#8808 = DIRECTION('',(0.145692235845,1.617508747447E-17,-0.989329961345)
  );
#8809 = ADVANCED_FACE('',(#8810),#8821,.T.);
#8810 = FACE_BOUND('',#8811,.T.);
#8811 = EDGE_LOOP('',(#8812,#8813,#8814,#8815));
#8812 = ORIENTED_EDGE('',*,*,#6568,.T.);
#8813 = ORIENTED_EDGE('',*,*,#7193,.T.);
#8814 = ORIENTED_EDGE('',*,*,#6677,.F.);
#8815 = ORIENTED_EDGE('',*,*,#8816,.F.);
#8816 = EDGE_CURVE('',#6561,#6670,#8817,.T.);
#8817 = LINE('',#8818,#8819);
#8818 = CARTESIAN_POINT('',(2.646201938253,-1.17,0.418412044417));
#8819 = VECTOR('',#8820,1.);
#8820 = DIRECTION('',(1.110223024625E-16,-1.,0.));
#8821 = CYLINDRICAL_SURFACE('',#8822,0.25);
#8822 = AXIS2_PLACEMENT_3D('',#8823,#8824,#8825);
#8823 = CARTESIAN_POINT('',(2.4,-1.17,0.375));
#8824 = DIRECTION('',(-1.110223024625E-16,1.,0.));
#8825 = DIRECTION('',(0.984807753012,1.093356242223E-16,0.173648177667)
  );
#8826 = ADVANCED_FACE('',(#8827),#8838,.F.);
#8827 = FACE_BOUND('',#8828,.F.);
#8828 = EDGE_LOOP('',(#8829,#8835,#8836,#8837));
#8829 = ORIENTED_EDGE('',*,*,#8830,.T.);
#8830 = EDGE_CURVE('',#6552,#6661,#8831,.T.);
#8831 = LINE('',#8832,#8833);
#8832 = CARTESIAN_POINT('',(2.673560097287,-1.17,0.232635182233));
#8833 = VECTOR('',#8834,1.);
#8834 = DIRECTION('',(1.110223024625E-16,-1.,0.));
#8835 = ORIENTED_EDGE('',*,*,#6669,.T.);
#8836 = ORIENTED_EDGE('',*,*,#8816,.F.);
#8837 = ORIENTED_EDGE('',*,*,#6560,.F.);
#8838 = PLANE('',#8839);
#8839 = AXIS2_PLACEMENT_3D('',#8840,#8841,#8842);
#8840 = CARTESIAN_POINT('',(2.673560097287,-1.17,0.232635182233));
#8841 = DIRECTION('',(-0.989329961345,-1.098376902036E-16,
    -0.145692235845));
#8842 = DIRECTION('',(-0.145692235845,-1.617508747447E-17,0.989329961345
    ));
#8843 = ADVANCED_FACE('',(#8844),#8855,.F.);
#8844 = FACE_BOUND('',#8845,.F.);
#8845 = EDGE_LOOP('',(#8846,#8852,#8853,#8854));
#8846 = ORIENTED_EDGE('',*,*,#8847,.T.);
#8847 = EDGE_CURVE('',#6544,#6653,#8848,.T.);
#8848 = LINE('',#8849,#8850);
#8849 = CARTESIAN_POINT('',(2.772040872589,-1.17,0.15));
#8850 = VECTOR('',#8851,1.);
#8851 = DIRECTION('',(1.110223024625E-16,-1.,0.));
#8852 = ORIENTED_EDGE('',*,*,#6660,.T.);
#8853 = ORIENTED_EDGE('',*,*,#8830,.F.);
#8854 = ORIENTED_EDGE('',*,*,#6551,.F.);
#8855 = CYLINDRICAL_SURFACE('',#8856,0.1);
#8856 = AXIS2_PLACEMENT_3D('',#8857,#8858,#8859);
#8857 = CARTESIAN_POINT('',(2.772040872589,-1.17,0.25));
#8858 = DIRECTION('',(-1.110223024625E-16,1.,0.));
#8859 = DIRECTION('',(0.,0.,-1.));
#8860 = ADVANCED_FACE('',(#8861),#8872,.F.);
#8861 = FACE_BOUND('',#8862,.F.);
#8862 = EDGE_LOOP('',(#8863,#8869,#8870,#8871));
#8863 = ORIENTED_EDGE('',*,*,#8864,.T.);
#8864 = EDGE_CURVE('',#6536,#6645,#8865,.T.);
#8865 = LINE('',#8866,#8867);
#8866 = CARTESIAN_POINT('',(3.2,-1.17,0.15));
#8867 = VECTOR('',#8868,1.);
#8868 = DIRECTION('',(1.110223024625E-16,-1.,0.));
#8869 = ORIENTED_EDGE('',*,*,#6652,.T.);
#8870 = ORIENTED_EDGE('',*,*,#8847,.F.);
#8871 = ORIENTED_EDGE('',*,*,#6543,.F.);
#8872 = PLANE('',#8873);
#8873 = AXIS2_PLACEMENT_3D('',#8874,#8875,#8876);
#8874 = CARTESIAN_POINT('',(3.2,-1.17,0.15));
#8875 = DIRECTION('',(0.,0.,-1.));
#8876 = DIRECTION('',(-1.,-1.110223024625E-16,-0.));
#8877 = ADVANCED_FACE('',(#8878),#8889,.F.);
#8878 = FACE_BOUND('',#8879,.F.);
#8879 = EDGE_LOOP('',(#8880,#8886,#8887,#8888));
#8880 = ORIENTED_EDGE('',*,*,#8881,.T.);
#8881 = EDGE_CURVE('',#6528,#6637,#8882,.T.);
#8882 = LINE('',#8883,#8884);
#8883 = CARTESIAN_POINT('',(3.2,-1.17,-5.551115123126E-17));
#8884 = VECTOR('',#8885,1.);
#8885 = DIRECTION('',(1.110223024625E-16,-1.,0.));
#8886 = ORIENTED_EDGE('',*,*,#6644,.T.);
#8887 = ORIENTED_EDGE('',*,*,#8864,.F.);
#8888 = ORIENTED_EDGE('',*,*,#6535,.F.);
#8889 = PLANE('',#8890);
#8890 = AXIS2_PLACEMENT_3D('',#8891,#8892,#8893);
#8891 = CARTESIAN_POINT('',(3.2,-1.17,-5.551115123126E-17));
#8892 = DIRECTION('',(-1.,-1.110223024625E-16,0.));
#8893 = DIRECTION('',(0.,0.,1.));
#8894 = ADVANCED_FACE('',(#8895),#8906,.F.);
#8895 = FACE_BOUND('',#8896,.F.);
#8896 = EDGE_LOOP('',(#8897,#8903,#8904,#8905));
#8897 = ORIENTED_EDGE('',*,*,#8898,.T.);
#8898 = EDGE_CURVE('',#6519,#6628,#8899,.T.);
#8899 = LINE('',#8900,#8901);
#8900 = CARTESIAN_POINT('',(2.772040872589,-1.17,-5.551115123126E-17));
#8901 = VECTOR('',#8902,1.);
#8902 = DIRECTION('',(1.110223024625E-16,-1.,0.));
#8903 = ORIENTED_EDGE('',*,*,#6636,.T.);
#8904 = ORIENTED_EDGE('',*,*,#8881,.F.);
#8905 = ORIENTED_EDGE('',*,*,#6527,.F.);
#8906 = PLANE('',#8907);
#8907 = AXIS2_PLACEMENT_3D('',#8908,#8909,#8910);
#8908 = CARTESIAN_POINT('',(2.772040872589,-1.17,-5.551115123126E-17));
#8909 = DIRECTION('',(0.,0.,1.));
#8910 = DIRECTION('',(1.,1.110223024625E-16,-0.));
#8911 = ADVANCED_FACE('',(#8912),#8923,.T.);
#8912 = FACE_BOUND('',#8913,.T.);
#8913 = EDGE_LOOP('',(#8914,#8915,#8916,#8917));
#8914 = ORIENTED_EDGE('',*,*,#6518,.T.);
#8915 = ORIENTED_EDGE('',*,*,#8898,.T.);
#8916 = ORIENTED_EDGE('',*,*,#6627,.F.);
#8917 = ORIENTED_EDGE('',*,*,#8918,.F.);
#8918 = EDGE_CURVE('',#6511,#6620,#8919,.T.);
#8919 = LINE('',#8920,#8921);
#8920 = CARTESIAN_POINT('',(2.525838934336,-1.17,0.206587955583));
#8921 = VECTOR('',#8922,1.);
#8922 = DIRECTION('',(1.110223024625E-16,-1.,0.));
#8923 = CYLINDRICAL_SURFACE('',#8924,0.25);
#8924 = AXIS2_PLACEMENT_3D('',#8925,#8926,#8927);
#8925 = CARTESIAN_POINT('',(2.772040872589,-1.17,0.25));
#8926 = DIRECTION('',(-1.110223024625E-16,1.,0.));
#8927 = DIRECTION('',(-0.984807753012,-1.093356242223E-16,
    -0.173648177667));
#8928 = ADVANCED_FACE('',(#8929),#8935,.F.);
#8929 = FACE_BOUND('',#8930,.F.);
#8930 = EDGE_LOOP('',(#8931,#8932,#8933,#8934));
#8931 = ORIENTED_EDGE('',*,*,#6601,.T.);
#8932 = ORIENTED_EDGE('',*,*,#6619,.T.);
#8933 = ORIENTED_EDGE('',*,*,#8918,.F.);
#8934 = ORIENTED_EDGE('',*,*,#6510,.F.);
#8935 = PLANE('',#8936);
#8936 = AXIS2_PLACEMENT_3D('',#8937,#8938,#8939);
#8937 = CARTESIAN_POINT('',(2.498480775301,-1.17,0.392364817767));
#8938 = DIRECTION('',(0.989329961345,1.098376902036E-16,0.145692235845)
  );
#8939 = DIRECTION('',(0.145692235845,1.617508747447E-17,-0.989329961345)
  );
#8940 = ADVANCED_FACE('',(#8941),#8952,.T.);
#8941 = FACE_BOUND('',#8942,.T.);
#8942 = EDGE_LOOP('',(#8943,#8944,#8945,#8946));
#8943 = ORIENTED_EDGE('',*,*,#6791,.T.);
#8944 = ORIENTED_EDGE('',*,*,#7212,.T.);
#8945 = ORIENTED_EDGE('',*,*,#6900,.F.);
#8946 = ORIENTED_EDGE('',*,*,#8947,.F.);
#8947 = EDGE_CURVE('',#6784,#6893,#8948,.T.);
#8948 = LINE('',#8949,#8950);
#8949 = CARTESIAN_POINT('',(2.646201938253,-1.82,0.418412044417));
#8950 = VECTOR('',#8951,1.);
#8951 = DIRECTION('',(1.110223024625E-16,-1.,0.));
#8952 = CYLINDRICAL_SURFACE('',#8953,0.25);
#8953 = AXIS2_PLACEMENT_3D('',#8954,#8955,#8956);
#8954 = CARTESIAN_POINT('',(2.4,-1.82,0.375));
#8955 = DIRECTION('',(-1.110223024625E-16,1.,0.));
#8956 = DIRECTION('',(0.984807753012,1.093356242223E-16,0.173648177667)
  );
#8957 = ADVANCED_FACE('',(#8958),#8969,.F.);
#8958 = FACE_BOUND('',#8959,.F.);
#8959 = EDGE_LOOP('',(#8960,#8966,#8967,#8968));
#8960 = ORIENTED_EDGE('',*,*,#8961,.T.);
#8961 = EDGE_CURVE('',#6775,#6884,#8962,.T.);
#8962 = LINE('',#8963,#8964);
#8963 = CARTESIAN_POINT('',(2.673560097287,-1.82,0.232635182233));
#8964 = VECTOR('',#8965,1.);
#8965 = DIRECTION('',(1.110223024625E-16,-1.,0.));
#8966 = ORIENTED_EDGE('',*,*,#6892,.T.);
#8967 = ORIENTED_EDGE('',*,*,#8947,.F.);
#8968 = ORIENTED_EDGE('',*,*,#6783,.F.);
#8969 = PLANE('',#8970);
#8970 = AXIS2_PLACEMENT_3D('',#8971,#8972,#8973);
#8971 = CARTESIAN_POINT('',(2.673560097287,-1.82,0.232635182233));
#8972 = DIRECTION('',(-0.989329961345,-1.098376902036E-16,
    -0.145692235845));
#8973 = DIRECTION('',(-0.145692235845,-1.617508747447E-17,0.989329961345
    ));
#8974 = ADVANCED_FACE('',(#8975),#8986,.F.);
#8975 = FACE_BOUND('',#8976,.F.);
#8976 = EDGE_LOOP('',(#8977,#8983,#8984,#8985));
#8977 = ORIENTED_EDGE('',*,*,#8978,.T.);
#8978 = EDGE_CURVE('',#6767,#6876,#8979,.T.);
#8979 = LINE('',#8980,#8981);
#8980 = CARTESIAN_POINT('',(2.772040872589,-1.82,0.15));
#8981 = VECTOR('',#8982,1.);
#8982 = DIRECTION('',(1.110223024625E-16,-1.,0.));
#8983 = ORIENTED_EDGE('',*,*,#6883,.T.);
#8984 = ORIENTED_EDGE('',*,*,#8961,.F.);
#8985 = ORIENTED_EDGE('',*,*,#6774,.F.);
#8986 = CYLINDRICAL_SURFACE('',#8987,0.1);
#8987 = AXIS2_PLACEMENT_3D('',#8988,#8989,#8990);
#8988 = CARTESIAN_POINT('',(2.772040872589,-1.82,0.25));
#8989 = DIRECTION('',(-1.110223024625E-16,1.,0.));
#8990 = DIRECTION('',(0.,0.,-1.));
#8991 = ADVANCED_FACE('',(#8992),#9003,.F.);
#8992 = FACE_BOUND('',#8993,.F.);
#8993 = EDGE_LOOP('',(#8994,#9000,#9001,#9002));
#8994 = ORIENTED_EDGE('',*,*,#8995,.T.);
#8995 = EDGE_CURVE('',#6759,#6868,#8996,.T.);
#8996 = LINE('',#8997,#8998);
#8997 = CARTESIAN_POINT('',(3.2,-1.82,0.15));
#8998 = VECTOR('',#8999,1.);
#8999 = DIRECTION('',(1.110223024625E-16,-1.,0.));
#9000 = ORIENTED_EDGE('',*,*,#6875,.T.);
#9001 = ORIENTED_EDGE('',*,*,#8978,.F.);
#9002 = ORIENTED_EDGE('',*,*,#6766,.F.);
#9003 = PLANE('',#9004);
#9004 = AXIS2_PLACEMENT_3D('',#9005,#9006,#9007);
#9005 = CARTESIAN_POINT('',(3.2,-1.82,0.15));
#9006 = DIRECTION('',(0.,0.,-1.));
#9007 = DIRECTION('',(-1.,-1.110223024625E-16,-0.));
#9008 = ADVANCED_FACE('',(#9009),#9020,.F.);
#9009 = FACE_BOUND('',#9010,.F.);
#9010 = EDGE_LOOP('',(#9011,#9017,#9018,#9019));
#9011 = ORIENTED_EDGE('',*,*,#9012,.T.);
#9012 = EDGE_CURVE('',#6751,#6860,#9013,.T.);
#9013 = LINE('',#9014,#9015);
#9014 = CARTESIAN_POINT('',(3.2,-1.82,-5.551115123126E-17));
#9015 = VECTOR('',#9016,1.);
#9016 = DIRECTION('',(1.110223024625E-16,-1.,0.));
#9017 = ORIENTED_EDGE('',*,*,#6867,.T.);
#9018 = ORIENTED_EDGE('',*,*,#8995,.F.);
#9019 = ORIENTED_EDGE('',*,*,#6758,.F.);
#9020 = PLANE('',#9021);
#9021 = AXIS2_PLACEMENT_3D('',#9022,#9023,#9024);
#9022 = CARTESIAN_POINT('',(3.2,-1.82,-5.551115123126E-17));
#9023 = DIRECTION('',(-1.,-1.110223024625E-16,0.));
#9024 = DIRECTION('',(0.,0.,1.));
#9025 = ADVANCED_FACE('',(#9026),#9037,.F.);
#9026 = FACE_BOUND('',#9027,.F.);
#9027 = EDGE_LOOP('',(#9028,#9034,#9035,#9036));
#9028 = ORIENTED_EDGE('',*,*,#9029,.T.);
#9029 = EDGE_CURVE('',#6742,#6851,#9030,.T.);
#9030 = LINE('',#9031,#9032);
#9031 = CARTESIAN_POINT('',(2.772040872589,-1.82,-5.551115123126E-17));
#9032 = VECTOR('',#9033,1.);
#9033 = DIRECTION('',(1.110223024625E-16,-1.,0.));
#9034 = ORIENTED_EDGE('',*,*,#6859,.T.);
#9035 = ORIENTED_EDGE('',*,*,#9012,.F.);
#9036 = ORIENTED_EDGE('',*,*,#6750,.F.);
#9037 = PLANE('',#9038);
#9038 = AXIS2_PLACEMENT_3D('',#9039,#9040,#9041);
#9039 = CARTESIAN_POINT('',(2.772040872589,-1.82,-5.551115123126E-17));
#9040 = DIRECTION('',(0.,0.,1.));
#9041 = DIRECTION('',(1.,1.110223024625E-16,-0.));
#9042 = ADVANCED_FACE('',(#9043),#9054,.T.);
#9043 = FACE_BOUND('',#9044,.T.);
#9044 = EDGE_LOOP('',(#9045,#9046,#9047,#9048));
#9045 = ORIENTED_EDGE('',*,*,#6741,.T.);
#9046 = ORIENTED_EDGE('',*,*,#9029,.T.);
#9047 = ORIENTED_EDGE('',*,*,#6850,.F.);
#9048 = ORIENTED_EDGE('',*,*,#9049,.F.);
#9049 = EDGE_CURVE('',#6734,#6843,#9050,.T.);
#9050 = LINE('',#9051,#9052);
#9051 = CARTESIAN_POINT('',(2.525838934336,-1.82,0.206587955583));
#9052 = VECTOR('',#9053,1.);
#9053 = DIRECTION('',(1.110223024625E-16,-1.,0.));
#9054 = CYLINDRICAL_SURFACE('',#9055,0.25);
#9055 = AXIS2_PLACEMENT_3D('',#9056,#9057,#9058);
#9056 = CARTESIAN_POINT('',(2.772040872589,-1.82,0.25));
#9057 = DIRECTION('',(-1.110223024625E-16,1.,0.));
#9058 = DIRECTION('',(-0.984807753012,-1.093356242223E-16,
    -0.173648177667));
#9059 = ADVANCED_FACE('',(#9060),#9066,.F.);
#9060 = FACE_BOUND('',#9061,.F.);
#9061 = EDGE_LOOP('',(#9062,#9063,#9064,#9065));
#9062 = ORIENTED_EDGE('',*,*,#6824,.T.);
#9063 = ORIENTED_EDGE('',*,*,#6842,.T.);
#9064 = ORIENTED_EDGE('',*,*,#9049,.F.);
#9065 = ORIENTED_EDGE('',*,*,#6733,.F.);
#9066 = PLANE('',#9067);
#9067 = AXIS2_PLACEMENT_3D('',#9068,#9069,#9070);
#9068 = CARTESIAN_POINT('',(2.498480775301,-1.82,0.392364817767));
#9069 = DIRECTION('',(0.989329961345,1.098376902036E-16,0.145692235845)
  );
#9070 = DIRECTION('',(0.145692235845,1.617508747447E-17,-0.989329961345)
  );
#9071 = ADVANCED_FACE('',(#9072),#9075,.F.);
#9072 = FACE_BOUND('',#9073,.T.);
#9073 = EDGE_LOOP('',(#9074));
#9074 = ORIENTED_EDGE('',*,*,#7083,.F.);
#9075 = PLANE('',#9076);
#9076 = AXIS2_PLACEMENT_3D('',#9077,#9078,#9079);
#9077 = CARTESIAN_POINT('',(-1.370291289374,1.670291289374,1.));
#9078 = DIRECTION('',(0.,0.,-1.));
#9079 = DIRECTION('',(1.110223024625E-16,-1.,0.));
#9080 = ( GEOMETRIC_REPRESENTATION_CONTEXT(3) 
GLOBAL_UNCERTAINTY_ASSIGNED_CONTEXT((#9084)) 
GLOBAL_UNIT_ASSIGNED_CONTEXT((#9081,#9082,#9083)) REPRESENTATION_CONTEXT
('Context #1','3D Context with UNIT and UNCERTAINTY') );
#9081 = ( LENGTH_UNIT() NAMED_UNIT(*) SI_UNIT(.MILLI.,.METRE.) );
#9082 = ( NAMED_UNIT(*) PLANE_ANGLE_UNIT() SI_UNIT($,.RADIAN.) );
#9083 = ( NAMED_UNIT(*) SI_UNIT($,.STERADIAN.) SOLID_ANGLE_UNIT() );
#9084 = UNCERTAINTY_MEASURE_WITH_UNIT(LENGTH_MEASURE(1.E-07),#9081,
  'distance_accuracy_value','confusion accuracy');
#9085 = CONTEXT_DEPENDENT_SHAPE_REPRESENTATION(#9086,#9088);
#9086 = ( REPRESENTATION_RELATIONSHIP('','',#1807,#1784) 
REPRESENTATION_RELATIONSHIP_WITH_TRANSFORMATION(#9087) 
SHAPE_REPRESENTATION_RELATIONSHIP() );
#9087 = ITEM_DEFINED_TRANSFORMATION('','',#11,#1785);
#9088 = PRODUCT_DEFINITION_SHAPE('Placement','Placement of an item',
  #9089);
#9089 = NEXT_ASSEMBLY_USAGE_OCCURRENCE('5','=>[0:1:1:7]','',#1779,#1802,
  $);
#9090 = PRODUCT_RELATED_PRODUCT_CATEGORY('part',$,(#1804));
#9091 = SHAPE_DEFINITION_REPRESENTATION(#9092,#9098);
#9092 = PRODUCT_DEFINITION_SHAPE('','',#9093);
#9093 = PRODUCT_DEFINITION('design','',#9094,#9097);
#9094 = PRODUCT_DEFINITION_FORMATION('','',#9095);
#9095 = PRODUCT('C_0805_2012Metric','C_0805_2012Metric','',(#9096));
#9096 = PRODUCT_CONTEXT('',#2,'mechanical');
#9097 = PRODUCT_DEFINITION_CONTEXT('part definition',#2,'design');
#9098 = SHAPE_REPRESENTATION('',(#11,#9099),#9103);
#9099 = AXIS2_PLACEMENT_3D('',#9100,#9101,#9102);
#9100 = CARTESIAN_POINT('',(0.,0.,0.));
#9101 = DIRECTION('',(0.,0.,1.));
#9102 = DIRECTION('',(1.,0.,-0.));
#9103 = ( GEOMETRIC_REPRESENTATION_CONTEXT(3) 
GLOBAL_UNCERTAINTY_ASSIGNED_CONTEXT((#9107)) 
GLOBAL_UNIT_ASSIGNED_CONTEXT((#9104,#9105,#9106)) REPRESENTATION_CONTEXT
('Context #1','3D Context with UNIT and UNCERTAINTY') );
#9104 = ( LENGTH_UNIT() NAMED_UNIT(*) SI_UNIT(.MILLI.,.METRE.) );
#9105 = ( NAMED_UNIT(*) PLANE_ANGLE_UNIT() SI_UNIT($,.RADIAN.) );
#9106 = ( NAMED_UNIT(*) SI_UNIT($,.STERADIAN.) SOLID_ANGLE_UNIT() );
#9107 = UNCERTAINTY_MEASURE_WITH_UNIT(LENGTH_MEASURE(1.E-07),#9104,
  'distance_accuracy_value','confusion accuracy');
#9108 = CONTEXT_DEPENDENT_SHAPE_REPRESENTATION(#9109,#9111);
#9109 = ( REPRESENTATION_RELATIONSHIP('','',#9098,#10) 
REPRESENTATION_RELATIONSHIP_WITH_TRANSFORMATION(#9110) 
SHAPE_REPRESENTATION_RELATIONSHIP() );
#9110 = ITEM_DEFINED_TRANSFORMATION('','',#11,#27);
#9111 = PRODUCT_DEFINITION_SHAPE('Placement','Placement of an item',
  #9112);
#9112 = NEXT_ASSEMBLY_USAGE_OCCURRENCE('8','C2','',#5,#9093,$);
#9113 = PRODUCT_RELATED_PRODUCT_CATEGORY('part',$,(#9095));
#9114 = SHAPE_DEFINITION_REPRESENTATION(#9115,#9121);
#9115 = PRODUCT_DEFINITION_SHAPE('','',#9116);
#9116 = PRODUCT_DEFINITION('design','',#9117,#9120);
#9117 = PRODUCT_DEFINITION_FORMATION('','',#9118);
#9118 = PRODUCT('C_0805_2012Metric','C_0805_2012Metric','',(#9119));
#9119 = PRODUCT_CONTEXT('',#2,'mechanical');
#9120 = PRODUCT_DEFINITION_CONTEXT('part definition',#2,'design');
#9121 = ADVANCED_BREP_SHAPE_REPRESENTATION('',(#11,#9122),#9976);
#9122 = MANIFOLD_SOLID_BREP('',#9123);
#9123 = CLOSED_SHELL('',(#9124,#9200,#9231,#9256,#9281,#9305,#9329,#9354
    ,#9379,#9396,#9482,#9514,#9538,#9563,#9587,#9612,#9636,#9661,#9678,
    #9764,#9795,#9820,#9845,#9869,#9893,#9918,#9943,#9960));
#9124 = ADVANCED_FACE('',(#9125),#9195,.F.);
#9125 = FACE_BOUND('',#9126,.F.);
#9126 = EDGE_LOOP('',(#9127,#9137,#9146,#9154,#9163,#9171,#9180,#9188));
#9127 = ORIENTED_EDGE('',*,*,#9128,.F.);
#9128 = EDGE_CURVE('',#9129,#9131,#9133,.T.);
#9129 = VERTEX_POINT('',#9130);
#9130 = CARTESIAN_POINT('',(-1.,-0.625,4.E-02));
#9131 = VERTEX_POINT('',#9132);
#9132 = CARTESIAN_POINT('',(-1.,-0.625,1.21));
#9133 = LINE('',#9134,#9135);
#9134 = CARTESIAN_POINT('',(-1.,-0.625,0.));
#9135 = VECTOR('',#9136,1.);
#9136 = DIRECTION('',(0.,0.,1.));
#9137 = ORIENTED_EDGE('',*,*,#9138,.T.);
#9138 = EDGE_CURVE('',#9129,#9139,#9141,.T.);
#9139 = VERTEX_POINT('',#9140);
#9140 = CARTESIAN_POINT('',(-1.,-0.585,0.));
#9141 = CIRCLE('',#9142,4.E-02);
#9142 = AXIS2_PLACEMENT_3D('',#9143,#9144,#9145);
#9143 = CARTESIAN_POINT('',(-1.,-0.585,4.E-02));
#9144 = DIRECTION('',(1.,0.,-0.));
#9145 = DIRECTION('',(0.,0.,1.));
#9146 = ORIENTED_EDGE('',*,*,#9147,.T.);
#9147 = EDGE_CURVE('',#9139,#9148,#9150,.T.);
#9148 = VERTEX_POINT('',#9149);
#9149 = CARTESIAN_POINT('',(-1.,0.585,0.));
#9150 = LINE('',#9151,#9152);
#9151 = CARTESIAN_POINT('',(-1.,-0.625,0.));
#9152 = VECTOR('',#9153,1.);
#9153 = DIRECTION('',(0.,1.,0.));
#9154 = ORIENTED_EDGE('',*,*,#9155,.F.);
#9155 = EDGE_CURVE('',#9156,#9148,#9158,.T.);
#9156 = VERTEX_POINT('',#9157);
#9157 = CARTESIAN_POINT('',(-1.,0.625,4.E-02));
#9158 = CIRCLE('',#9159,4.E-02);
#9159 = AXIS2_PLACEMENT_3D('',#9160,#9161,#9162);
#9160 = CARTESIAN_POINT('',(-1.,0.585,4.E-02));
#9161 = DIRECTION('',(-1.,0.,0.));
#9162 = DIRECTION('',(0.,0.,1.));
#9163 = ORIENTED_EDGE('',*,*,#9164,.T.);
#9164 = EDGE_CURVE('',#9156,#9165,#9167,.T.);
#9165 = VERTEX_POINT('',#9166);
#9166 = CARTESIAN_POINT('',(-1.,0.625,1.21));
#9167 = LINE('',#9168,#9169);
#9168 = CARTESIAN_POINT('',(-1.,0.625,0.));
#9169 = VECTOR('',#9170,1.);
#9170 = DIRECTION('',(0.,0.,1.));
#9171 = ORIENTED_EDGE('',*,*,#9172,.T.);
#9172 = EDGE_CURVE('',#9165,#9173,#9175,.T.);
#9173 = VERTEX_POINT('',#9174);
#9174 = CARTESIAN_POINT('',(-1.,0.585,1.25));
#9175 = CIRCLE('',#9176,4.E-02);
#9176 = AXIS2_PLACEMENT_3D('',#9177,#9178,#9179);
#9177 = CARTESIAN_POINT('',(-1.,0.585,1.21));
#9178 = DIRECTION('',(1.,0.,-0.));
#9179 = DIRECTION('',(0.,0.,1.));
#9180 = ORIENTED_EDGE('',*,*,#9181,.F.);
#9181 = EDGE_CURVE('',#9182,#9173,#9184,.T.);
#9182 = VERTEX_POINT('',#9183);
#9183 = CARTESIAN_POINT('',(-1.,-0.585,1.25));
#9184 = LINE('',#9185,#9186);
#9185 = CARTESIAN_POINT('',(-1.,-0.625,1.25));
#9186 = VECTOR('',#9187,1.);
#9187 = DIRECTION('',(0.,1.,0.));
#9188 = ORIENTED_EDGE('',*,*,#9189,.F.);
#9189 = EDGE_CURVE('',#9131,#9182,#9190,.T.);
#9190 = CIRCLE('',#9191,4.E-02);
#9191 = AXIS2_PLACEMENT_3D('',#9192,#9193,#9194);
#9192 = CARTESIAN_POINT('',(-1.,-0.585,1.21));
#9193 = DIRECTION('',(-1.,0.,0.));
#9194 = DIRECTION('',(0.,0.,1.));
#9195 = PLANE('',#9196);
#9196 = AXIS2_PLACEMENT_3D('',#9197,#9198,#9199);
#9197 = CARTESIAN_POINT('',(-1.,-0.625,0.));
#9198 = DIRECTION('',(1.,0.,0.));
#9199 = DIRECTION('',(0.,0.,1.));
#9200 = ADVANCED_FACE('',(#9201),#9226,.F.);
#9201 = FACE_BOUND('',#9202,.F.);
#9202 = EDGE_LOOP('',(#9203,#9213,#9219,#9220));
#9203 = ORIENTED_EDGE('',*,*,#9204,.F.);
#9204 = EDGE_CURVE('',#9205,#9207,#9209,.T.);
#9205 = VERTEX_POINT('',#9206);
#9206 = CARTESIAN_POINT('',(-0.6,-0.625,4.E-02));
#9207 = VERTEX_POINT('',#9208);
#9208 = CARTESIAN_POINT('',(-0.6,-0.625,1.21));
#9209 = LINE('',#9210,#9211);
#9210 = CARTESIAN_POINT('',(-0.6,-0.625,0.));
#9211 = VECTOR('',#9212,1.);
#9212 = DIRECTION('',(0.,0.,1.));
#9213 = ORIENTED_EDGE('',*,*,#9214,.F.);
#9214 = EDGE_CURVE('',#9129,#9205,#9215,.T.);
#9215 = LINE('',#9216,#9217);
#9216 = CARTESIAN_POINT('',(-1.,-0.625,4.E-02));
#9217 = VECTOR('',#9218,1.);
#9218 = DIRECTION('',(1.,0.,0.));
#9219 = ORIENTED_EDGE('',*,*,#9128,.T.);
#9220 = ORIENTED_EDGE('',*,*,#9221,.T.);
#9221 = EDGE_CURVE('',#9131,#9207,#9222,.T.);
#9222 = LINE('',#9223,#9224);
#9223 = CARTESIAN_POINT('',(-1.,-0.625,1.21));
#9224 = VECTOR('',#9225,1.);
#9225 = DIRECTION('',(1.,0.,0.));
#9226 = PLANE('',#9227);
#9227 = AXIS2_PLACEMENT_3D('',#9228,#9229,#9230);
#9228 = CARTESIAN_POINT('',(-1.,-0.625,0.));
#9229 = DIRECTION('',(0.,1.,0.));
#9230 = DIRECTION('',(0.,-0.,1.));
#9231 = ADVANCED_FACE('',(#9232),#9251,.T.);
#9232 = FACE_BOUND('',#9233,.T.);
#9233 = EDGE_LOOP('',(#9234,#9235,#9243,#9250));
#9234 = ORIENTED_EDGE('',*,*,#9138,.T.);
#9235 = ORIENTED_EDGE('',*,*,#9236,.T.);
#9236 = EDGE_CURVE('',#9139,#9237,#9239,.T.);
#9237 = VERTEX_POINT('',#9238);
#9238 = CARTESIAN_POINT('',(-0.6,-0.585,0.));
#9239 = LINE('',#9240,#9241);
#9240 = CARTESIAN_POINT('',(-1.,-0.585,0.));
#9241 = VECTOR('',#9242,1.);
#9242 = DIRECTION('',(1.,0.,0.));
#9243 = ORIENTED_EDGE('',*,*,#9244,.F.);
#9244 = EDGE_CURVE('',#9205,#9237,#9245,.T.);
#9245 = CIRCLE('',#9246,4.E-02);
#9246 = AXIS2_PLACEMENT_3D('',#9247,#9248,#9249);
#9247 = CARTESIAN_POINT('',(-0.6,-0.585,4.E-02));
#9248 = DIRECTION('',(1.,0.,-0.));
#9249 = DIRECTION('',(0.,0.,1.));
#9250 = ORIENTED_EDGE('',*,*,#9214,.F.);
#9251 = CYLINDRICAL_SURFACE('',#9252,4.E-02);
#9252 = AXIS2_PLACEMENT_3D('',#9253,#9254,#9255);
#9253 = CARTESIAN_POINT('',(-1.,-0.585,4.E-02));
#9254 = DIRECTION('',(1.,0.,0.));
#9255 = DIRECTION('',(0.,-1.,0.));
#9256 = ADVANCED_FACE('',(#9257),#9276,.T.);
#9257 = FACE_BOUND('',#9258,.T.);
#9258 = EDGE_LOOP('',(#9259,#9260,#9269,#9275));
#9259 = ORIENTED_EDGE('',*,*,#9221,.T.);
#9260 = ORIENTED_EDGE('',*,*,#9261,.T.);
#9261 = EDGE_CURVE('',#9207,#9262,#9264,.T.);
#9262 = VERTEX_POINT('',#9263);
#9263 = CARTESIAN_POINT('',(-0.6,-0.585,1.25));
#9264 = CIRCLE('',#9265,4.E-02);
#9265 = AXIS2_PLACEMENT_3D('',#9266,#9267,#9268);
#9266 = CARTESIAN_POINT('',(-0.6,-0.585,1.21));
#9267 = DIRECTION('',(-1.,0.,0.));
#9268 = DIRECTION('',(0.,0.,1.));
#9269 = ORIENTED_EDGE('',*,*,#9270,.F.);
#9270 = EDGE_CURVE('',#9182,#9262,#9271,.T.);
#9271 = LINE('',#9272,#9273);
#9272 = CARTESIAN_POINT('',(-1.,-0.585,1.25));
#9273 = VECTOR('',#9274,1.);
#9274 = DIRECTION('',(1.,0.,0.));
#9275 = ORIENTED_EDGE('',*,*,#9189,.F.);
#9276 = CYLINDRICAL_SURFACE('',#9277,4.E-02);
#9277 = AXIS2_PLACEMENT_3D('',#9278,#9279,#9280);
#9278 = CARTESIAN_POINT('',(-1.,-0.585,1.21));
#9279 = DIRECTION('',(1.,0.,0.));
#9280 = DIRECTION('',(0.,-1.,0.));
#9281 = ADVANCED_FACE('',(#9282),#9300,.F.);
#9282 = FACE_BOUND('',#9283,.F.);
#9283 = EDGE_LOOP('',(#9284,#9285,#9286,#9294));
#9284 = ORIENTED_EDGE('',*,*,#9147,.F.);
#9285 = ORIENTED_EDGE('',*,*,#9236,.T.);
#9286 = ORIENTED_EDGE('',*,*,#9287,.T.);
#9287 = EDGE_CURVE('',#9237,#9288,#9290,.T.);
#9288 = VERTEX_POINT('',#9289);
#9289 = CARTESIAN_POINT('',(-0.6,0.585,0.));
#9290 = LINE('',#9291,#9292);
#9291 = CARTESIAN_POINT('',(-0.6,-0.625,0.));
#9292 = VECTOR('',#9293,1.);
#9293 = DIRECTION('',(0.,1.,0.));
#9294 = ORIENTED_EDGE('',*,*,#9295,.F.);
#9295 = EDGE_CURVE('',#9148,#9288,#9296,.T.);
#9296 = LINE('',#9297,#9298);
#9297 = CARTESIAN_POINT('',(-1.,0.585,0.));
#9298 = VECTOR('',#9299,1.);
#9299 = DIRECTION('',(1.,0.,0.));
#9300 = PLANE('',#9301);
#9301 = AXIS2_PLACEMENT_3D('',#9302,#9303,#9304);
#9302 = CARTESIAN_POINT('',(-1.,-0.625,0.));
#9303 = DIRECTION('',(0.,0.,1.));
#9304 = DIRECTION('',(1.,0.,-0.));
#9305 = ADVANCED_FACE('',(#9306),#9324,.T.);
#9306 = FACE_BOUND('',#9307,.T.);
#9307 = EDGE_LOOP('',(#9308,#9309,#9310,#9318));
#9308 = ORIENTED_EDGE('',*,*,#9181,.F.);
#9309 = ORIENTED_EDGE('',*,*,#9270,.T.);
#9310 = ORIENTED_EDGE('',*,*,#9311,.T.);
#9311 = EDGE_CURVE('',#9262,#9312,#9314,.T.);
#9312 = VERTEX_POINT('',#9313);
#9313 = CARTESIAN_POINT('',(-0.6,0.585,1.25));
#9314 = LINE('',#9315,#9316);
#9315 = CARTESIAN_POINT('',(-0.6,-0.625,1.25));
#9316 = VECTOR('',#9317,1.);
#9317 = DIRECTION('',(0.,1.,0.));
#9318 = ORIENTED_EDGE('',*,*,#9319,.F.);
#9319 = EDGE_CURVE('',#9173,#9312,#9320,.T.);
#9320 = LINE('',#9321,#9322);
#9321 = CARTESIAN_POINT('',(-1.,0.585,1.25));
#9322 = VECTOR('',#9323,1.);
#9323 = DIRECTION('',(1.,0.,0.));
#9324 = PLANE('',#9325);
#9325 = AXIS2_PLACEMENT_3D('',#9326,#9327,#9328);
#9326 = CARTESIAN_POINT('',(-1.,-0.625,1.25));
#9327 = DIRECTION('',(0.,0.,1.));
#9328 = DIRECTION('',(1.,0.,-0.));
#9329 = ADVANCED_FACE('',(#9330),#9349,.T.);
#9330 = FACE_BOUND('',#9331,.T.);
#9331 = EDGE_LOOP('',(#9332,#9340,#9347,#9348));
#9332 = ORIENTED_EDGE('',*,*,#9333,.T.);
#9333 = EDGE_CURVE('',#9156,#9334,#9336,.T.);
#9334 = VERTEX_POINT('',#9335);
#9335 = CARTESIAN_POINT('',(-0.6,0.625,4.E-02));
#9336 = LINE('',#9337,#9338);
#9337 = CARTESIAN_POINT('',(-1.,0.625,4.E-02));
#9338 = VECTOR('',#9339,1.);
#9339 = DIRECTION('',(1.,0.,0.));
#9340 = ORIENTED_EDGE('',*,*,#9341,.T.);
#9341 = EDGE_CURVE('',#9334,#9288,#9342,.T.);
#9342 = CIRCLE('',#9343,4.E-02);
#9343 = AXIS2_PLACEMENT_3D('',#9344,#9345,#9346);
#9344 = CARTESIAN_POINT('',(-0.6,0.585,4.E-02));
#9345 = DIRECTION('',(-1.,0.,0.));
#9346 = DIRECTION('',(0.,0.,1.));
#9347 = ORIENTED_EDGE('',*,*,#9295,.F.);
#9348 = ORIENTED_EDGE('',*,*,#9155,.F.);
#9349 = CYLINDRICAL_SURFACE('',#9350,4.E-02);
#9350 = AXIS2_PLACEMENT_3D('',#9351,#9352,#9353);
#9351 = CARTESIAN_POINT('',(-1.,0.585,4.E-02));
#9352 = DIRECTION('',(1.,0.,0.));
#9353 = DIRECTION('',(-0.,1.,0.));
#9354 = ADVANCED_FACE('',(#9355),#9374,.T.);
#9355 = FACE_BOUND('',#9356,.T.);
#9356 = EDGE_LOOP('',(#9357,#9358,#9359,#9368));
#9357 = ORIENTED_EDGE('',*,*,#9172,.T.);
#9358 = ORIENTED_EDGE('',*,*,#9319,.T.);
#9359 = ORIENTED_EDGE('',*,*,#9360,.F.);
#9360 = EDGE_CURVE('',#9361,#9312,#9363,.T.);
#9361 = VERTEX_POINT('',#9362);
#9362 = CARTESIAN_POINT('',(-0.6,0.625,1.21));
#9363 = CIRCLE('',#9364,4.E-02);
#9364 = AXIS2_PLACEMENT_3D('',#9365,#9366,#9367);
#9365 = CARTESIAN_POINT('',(-0.6,0.585,1.21));
#9366 = DIRECTION('',(1.,0.,-0.));
#9367 = DIRECTION('',(0.,0.,1.));
#9368 = ORIENTED_EDGE('',*,*,#9369,.F.);
#9369 = EDGE_CURVE('',#9165,#9361,#9370,.T.);
#9370 = LINE('',#9371,#9372);
#9371 = CARTESIAN_POINT('',(-1.,0.625,1.21));
#9372 = VECTOR('',#9373,1.);
#9373 = DIRECTION('',(1.,0.,0.));
#9374 = CYLINDRICAL_SURFACE('',#9375,4.E-02);
#9375 = AXIS2_PLACEMENT_3D('',#9376,#9377,#9378);
#9376 = CARTESIAN_POINT('',(-1.,0.585,1.21));
#9377 = DIRECTION('',(1.,0.,0.));
#9378 = DIRECTION('',(-0.,1.,0.));
#9379 = ADVANCED_FACE('',(#9380),#9391,.T.);
#9380 = FACE_BOUND('',#9381,.T.);
#9381 = EDGE_LOOP('',(#9382,#9388,#9389,#9390));
#9382 = ORIENTED_EDGE('',*,*,#9383,.F.);
#9383 = EDGE_CURVE('',#9334,#9361,#9384,.T.);
#9384 = LINE('',#9385,#9386);
#9385 = CARTESIAN_POINT('',(-0.6,0.625,0.));
#9386 = VECTOR('',#9387,1.);
#9387 = DIRECTION('',(0.,0.,1.));
#9388 = ORIENTED_EDGE('',*,*,#9333,.F.);
#9389 = ORIENTED_EDGE('',*,*,#9164,.T.);
#9390 = ORIENTED_EDGE('',*,*,#9369,.T.);
#9391 = PLANE('',#9392);
#9392 = AXIS2_PLACEMENT_3D('',#9393,#9394,#9395);
#9393 = CARTESIAN_POINT('',(-1.,0.625,0.));
#9394 = DIRECTION('',(0.,1.,0.));
#9395 = DIRECTION('',(0.,-0.,1.));
#9396 = ADVANCED_FACE('',(#9397,#9407),#9477,.T.);
#9397 = FACE_BOUND('',#9398,.T.);
#9398 = EDGE_LOOP('',(#9399,#9400,#9401,#9402,#9403,#9404,#9405,#9406));
#9399 = ORIENTED_EDGE('',*,*,#9204,.F.);
#9400 = ORIENTED_EDGE('',*,*,#9244,.T.);
#9401 = ORIENTED_EDGE('',*,*,#9287,.T.);
#9402 = ORIENTED_EDGE('',*,*,#9341,.F.);
#9403 = ORIENTED_EDGE('',*,*,#9383,.T.);
#9404 = ORIENTED_EDGE('',*,*,#9360,.T.);
#9405 = ORIENTED_EDGE('',*,*,#9311,.F.);
#9406 = ORIENTED_EDGE('',*,*,#9261,.F.);
#9407 = FACE_BOUND('',#9408,.T.);
#9408 = EDGE_LOOP('',(#9409,#9420,#9428,#9437,#9445,#9454,#9462,#9471));
#9409 = ORIENTED_EDGE('',*,*,#9410,.F.);
#9410 = EDGE_CURVE('',#9411,#9413,#9415,.T.);
#9411 = VERTEX_POINT('',#9412);
#9412 = CARTESIAN_POINT('',(-0.6,-0.585,8.E-02));
#9413 = VERTEX_POINT('',#9414);
#9414 = CARTESIAN_POINT('',(-0.6,-0.545,4.E-02));
#9415 = CIRCLE('',#9416,4.E-02);
#9416 = AXIS2_PLACEMENT_3D('',#9417,#9418,#9419);
#9417 = CARTESIAN_POINT('',(-0.6,-0.545,8.E-02));
#9418 = DIRECTION('',(1.,0.,-0.));
#9419 = DIRECTION('',(0.,0.,1.));
#9420 = ORIENTED_EDGE('',*,*,#9421,.T.);
#9421 = EDGE_CURVE('',#9411,#9422,#9424,.T.);
#9422 = VERTEX_POINT('',#9423);
#9423 = CARTESIAN_POINT('',(-0.6,-0.585,1.17));
#9424 = LINE('',#9425,#9426);
#9425 = CARTESIAN_POINT('',(-0.6,-0.585,4.E-02));
#9426 = VECTOR('',#9427,1.);
#9427 = DIRECTION('',(0.,0.,1.));
#9428 = ORIENTED_EDGE('',*,*,#9429,.T.);
#9429 = EDGE_CURVE('',#9422,#9430,#9432,.T.);
#9430 = VERTEX_POINT('',#9431);
#9431 = CARTESIAN_POINT('',(-0.6,-0.545,1.21));
#9432 = CIRCLE('',#9433,4.E-02);
#9433 = AXIS2_PLACEMENT_3D('',#9434,#9435,#9436);
#9434 = CARTESIAN_POINT('',(-0.6,-0.545,1.17));
#9435 = DIRECTION('',(-1.,0.,0.));
#9436 = DIRECTION('',(0.,0.,1.));
#9437 = ORIENTED_EDGE('',*,*,#9438,.T.);
#9438 = EDGE_CURVE('',#9430,#9439,#9441,.T.);
#9439 = VERTEX_POINT('',#9440);
#9440 = CARTESIAN_POINT('',(-0.6,0.545,1.21));
#9441 = LINE('',#9442,#9443);
#9442 = CARTESIAN_POINT('',(-0.6,-0.585,1.21));
#9443 = VECTOR('',#9444,1.);
#9444 = DIRECTION('',(0.,1.,0.));
#9445 = ORIENTED_EDGE('',*,*,#9446,.F.);
#9446 = EDGE_CURVE('',#9447,#9439,#9449,.T.);
#9447 = VERTEX_POINT('',#9448);
#9448 = CARTESIAN_POINT('',(-0.6,0.585,1.17));
#9449 = CIRCLE('',#9450,4.E-02);
#9450 = AXIS2_PLACEMENT_3D('',#9451,#9452,#9453);
#9451 = CARTESIAN_POINT('',(-0.6,0.545,1.17));
#9452 = DIRECTION('',(1.,0.,-0.));
#9453 = DIRECTION('',(0.,0.,1.));
#9454 = ORIENTED_EDGE('',*,*,#9455,.F.);
#9455 = EDGE_CURVE('',#9456,#9447,#9458,.T.);
#9456 = VERTEX_POINT('',#9457);
#9457 = CARTESIAN_POINT('',(-0.6,0.585,8.E-02));
#9458 = LINE('',#9459,#9460);
#9459 = CARTESIAN_POINT('',(-0.6,0.585,4.E-02));
#9460 = VECTOR('',#9461,1.);
#9461 = DIRECTION('',(0.,0.,1.));
#9462 = ORIENTED_EDGE('',*,*,#9463,.T.);
#9463 = EDGE_CURVE('',#9456,#9464,#9466,.T.);
#9464 = VERTEX_POINT('',#9465);
#9465 = CARTESIAN_POINT('',(-0.6,0.545,4.E-02));
#9466 = CIRCLE('',#9467,4.E-02);
#9467 = AXIS2_PLACEMENT_3D('',#9468,#9469,#9470);
#9468 = CARTESIAN_POINT('',(-0.6,0.545,8.E-02));
#9469 = DIRECTION('',(-1.,0.,0.));
#9470 = DIRECTION('',(0.,0.,1.));
#9471 = ORIENTED_EDGE('',*,*,#9472,.F.);
#9472 = EDGE_CURVE('',#9413,#9464,#9473,.T.);
#9473 = LINE('',#9474,#9475);
#9474 = CARTESIAN_POINT('',(-0.6,-0.585,4.E-02));
#9475 = VECTOR('',#9476,1.);
#9476 = DIRECTION('',(0.,1.,0.));
#9477 = PLANE('',#9478);
#9478 = AXIS2_PLACEMENT_3D('',#9479,#9480,#9481);
#9479 = CARTESIAN_POINT('',(-0.6,-0.625,0.));
#9480 = DIRECTION('',(1.,0.,0.));
#9481 = DIRECTION('',(0.,0.,1.));
#9482 = ADVANCED_FACE('',(#9483),#9509,.T.);
#9483 = FACE_BOUND('',#9484,.T.);
#9484 = EDGE_LOOP('',(#9485,#9486,#9494,#9503));
#9485 = ORIENTED_EDGE('',*,*,#9410,.T.);
#9486 = ORIENTED_EDGE('',*,*,#9487,.T.);
#9487 = EDGE_CURVE('',#9413,#9488,#9490,.T.);
#9488 = VERTEX_POINT('',#9489);
#9489 = CARTESIAN_POINT('',(0.6,-0.545,4.E-02));
#9490 = LINE('',#9491,#9492);
#9491 = CARTESIAN_POINT('',(-0.6,-0.545,4.E-02));
#9492 = VECTOR('',#9493,1.);
#9493 = DIRECTION('',(1.,0.,0.));
#9494 = ORIENTED_EDGE('',*,*,#9495,.F.);
#9495 = EDGE_CURVE('',#9496,#9488,#9498,.T.);
#9496 = VERTEX_POINT('',#9497);
#9497 = CARTESIAN_POINT('',(0.6,-0.585,8.E-02));
#9498 = CIRCLE('',#9499,4.E-02);
#9499 = AXIS2_PLACEMENT_3D('',#9500,#9501,#9502);
#9500 = CARTESIAN_POINT('',(0.6,-0.545,8.E-02));
#9501 = DIRECTION('',(1.,0.,-0.));
#9502 = DIRECTION('',(0.,0.,1.));
#9503 = ORIENTED_EDGE('',*,*,#9504,.F.);
#9504 = EDGE_CURVE('',#9411,#9496,#9505,.T.);
#9505 = LINE('',#9506,#9507);
#9506 = CARTESIAN_POINT('',(-0.6,-0.585,8.E-02));
#9507 = VECTOR('',#9508,1.);
#9508 = DIRECTION('',(1.,0.,0.));
#9509 = CYLINDRICAL_SURFACE('',#9510,4.E-02);
#9510 = AXIS2_PLACEMENT_3D('',#9511,#9512,#9513);
#9511 = CARTESIAN_POINT('',(-0.6,-0.545,8.E-02));
#9512 = DIRECTION('',(1.,0.,0.));
#9513 = DIRECTION('',(0.,-1.,0.));
#9514 = ADVANCED_FACE('',(#9515),#9533,.F.);
#9515 = FACE_BOUND('',#9516,.F.);
#9516 = EDGE_LOOP('',(#9517,#9518,#9519,#9527));
#9517 = ORIENTED_EDGE('',*,*,#9472,.F.);
#9518 = ORIENTED_EDGE('',*,*,#9487,.T.);
#9519 = ORIENTED_EDGE('',*,*,#9520,.T.);
#9520 = EDGE_CURVE('',#9488,#9521,#9523,.T.);
#9521 = VERTEX_POINT('',#9522);
#9522 = CARTESIAN_POINT('',(0.6,0.545,4.E-02));
#9523 = LINE('',#9524,#9525);
#9524 = CARTESIAN_POINT('',(0.6,-0.585,4.E-02));
#9525 = VECTOR('',#9526,1.);
#9526 = DIRECTION('',(0.,1.,0.));
#9527 = ORIENTED_EDGE('',*,*,#9528,.F.);
#9528 = EDGE_CURVE('',#9464,#9521,#9529,.T.);
#9529 = LINE('',#9530,#9531);
#9530 = CARTESIAN_POINT('',(-0.6,0.545,4.E-02));
#9531 = VECTOR('',#9532,1.);
#9532 = DIRECTION('',(1.,0.,0.));
#9533 = PLANE('',#9534);
#9534 = AXIS2_PLACEMENT_3D('',#9535,#9536,#9537);
#9535 = CARTESIAN_POINT('',(-0.6,-0.585,4.E-02));
#9536 = DIRECTION('',(0.,0.,1.));
#9537 = DIRECTION('',(1.,0.,-0.));
#9538 = ADVANCED_FACE('',(#9539),#9558,.T.);
#9539 = FACE_BOUND('',#9540,.T.);
#9540 = EDGE_LOOP('',(#9541,#9549,#9556,#9557));
#9541 = ORIENTED_EDGE('',*,*,#9542,.T.);
#9542 = EDGE_CURVE('',#9456,#9543,#9545,.T.);
#9543 = VERTEX_POINT('',#9544);
#9544 = CARTESIAN_POINT('',(0.6,0.585,8.E-02));
#9545 = LINE('',#9546,#9547);
#9546 = CARTESIAN_POINT('',(-0.6,0.585,8.E-02));
#9547 = VECTOR('',#9548,1.);
#9548 = DIRECTION('',(1.,0.,0.));
#9549 = ORIENTED_EDGE('',*,*,#9550,.T.);
#9550 = EDGE_CURVE('',#9543,#9521,#9551,.T.);
#9551 = CIRCLE('',#9552,4.E-02);
#9552 = AXIS2_PLACEMENT_3D('',#9553,#9554,#9555);
#9553 = CARTESIAN_POINT('',(0.6,0.545,8.E-02));
#9554 = DIRECTION('',(-1.,0.,0.));
#9555 = DIRECTION('',(0.,0.,1.));
#9556 = ORIENTED_EDGE('',*,*,#9528,.F.);
#9557 = ORIENTED_EDGE('',*,*,#9463,.F.);
#9558 = CYLINDRICAL_SURFACE('',#9559,4.E-02);
#9559 = AXIS2_PLACEMENT_3D('',#9560,#9561,#9562);
#9560 = CARTESIAN_POINT('',(-0.6,0.545,8.E-02));
#9561 = DIRECTION('',(1.,0.,0.));
#9562 = DIRECTION('',(-0.,1.,0.));
#9563 = ADVANCED_FACE('',(#9564),#9582,.T.);
#9564 = FACE_BOUND('',#9565,.T.);
#9565 = EDGE_LOOP('',(#9566,#9574,#9575,#9576));
#9566 = ORIENTED_EDGE('',*,*,#9567,.F.);
#9567 = EDGE_CURVE('',#9543,#9568,#9570,.T.);
#9568 = VERTEX_POINT('',#9569);
#9569 = CARTESIAN_POINT('',(0.6,0.585,1.17));
#9570 = LINE('',#9571,#9572);
#9571 = CARTESIAN_POINT('',(0.6,0.585,4.E-02));
#9572 = VECTOR('',#9573,1.);
#9573 = DIRECTION('',(0.,0.,1.));
#9574 = ORIENTED_EDGE('',*,*,#9542,.F.);
#9575 = ORIENTED_EDGE('',*,*,#9455,.T.);
#9576 = ORIENTED_EDGE('',*,*,#9577,.T.);
#9577 = EDGE_CURVE('',#9447,#9568,#9578,.T.);
#9578 = LINE('',#9579,#9580);
#9579 = CARTESIAN_POINT('',(-0.6,0.585,1.17));
#9580 = VECTOR('',#9581,1.);
#9581 = DIRECTION('',(1.,0.,0.));
#9582 = PLANE('',#9583);
#9583 = AXIS2_PLACEMENT_3D('',#9584,#9585,#9586);
#9584 = CARTESIAN_POINT('',(-0.6,0.585,4.E-02));
#9585 = DIRECTION('',(0.,1.,0.));
#9586 = DIRECTION('',(0.,-0.,1.));
#9587 = ADVANCED_FACE('',(#9588),#9607,.T.);
#9588 = FACE_BOUND('',#9589,.T.);
#9589 = EDGE_LOOP('',(#9590,#9591,#9599,#9606));
#9590 = ORIENTED_EDGE('',*,*,#9446,.T.);
#9591 = ORIENTED_EDGE('',*,*,#9592,.T.);
#9592 = EDGE_CURVE('',#9439,#9593,#9595,.T.);
#9593 = VERTEX_POINT('',#9594);
#9594 = CARTESIAN_POINT('',(0.6,0.545,1.21));
#9595 = LINE('',#9596,#9597);
#9596 = CARTESIAN_POINT('',(-0.6,0.545,1.21));
#9597 = VECTOR('',#9598,1.);
#9598 = DIRECTION('',(1.,0.,0.));
#9599 = ORIENTED_EDGE('',*,*,#9600,.F.);
#9600 = EDGE_CURVE('',#9568,#9593,#9601,.T.);
#9601 = CIRCLE('',#9602,4.E-02);
#9602 = AXIS2_PLACEMENT_3D('',#9603,#9604,#9605);
#9603 = CARTESIAN_POINT('',(0.6,0.545,1.17));
#9604 = DIRECTION('',(1.,0.,-0.));
#9605 = DIRECTION('',(0.,0.,1.));
#9606 = ORIENTED_EDGE('',*,*,#9577,.F.);
#9607 = CYLINDRICAL_SURFACE('',#9608,4.E-02);
#9608 = AXIS2_PLACEMENT_3D('',#9609,#9610,#9611);
#9609 = CARTESIAN_POINT('',(-0.6,0.545,1.17));
#9610 = DIRECTION('',(1.,0.,0.));
#9611 = DIRECTION('',(-0.,1.,0.));
#9612 = ADVANCED_FACE('',(#9613),#9631,.T.);
#9613 = FACE_BOUND('',#9614,.T.);
#9614 = EDGE_LOOP('',(#9615,#9616,#9624,#9630));
#9615 = ORIENTED_EDGE('',*,*,#9438,.F.);
#9616 = ORIENTED_EDGE('',*,*,#9617,.T.);
#9617 = EDGE_CURVE('',#9430,#9618,#9620,.T.);
#9618 = VERTEX_POINT('',#9619);
#9619 = CARTESIAN_POINT('',(0.6,-0.545,1.21));
#9620 = LINE('',#9621,#9622);
#9621 = CARTESIAN_POINT('',(-0.6,-0.545,1.21));
#9622 = VECTOR('',#9623,1.);
#9623 = DIRECTION('',(1.,0.,0.));
#9624 = ORIENTED_EDGE('',*,*,#9625,.T.);
#9625 = EDGE_CURVE('',#9618,#9593,#9626,.T.);
#9626 = LINE('',#9627,#9628);
#9627 = CARTESIAN_POINT('',(0.6,-0.585,1.21));
#9628 = VECTOR('',#9629,1.);
#9629 = DIRECTION('',(0.,1.,0.));
#9630 = ORIENTED_EDGE('',*,*,#9592,.F.);
#9631 = PLANE('',#9632);
#9632 = AXIS2_PLACEMENT_3D('',#9633,#9634,#9635);
#9633 = CARTESIAN_POINT('',(-0.6,-0.585,1.21));
#9634 = DIRECTION('',(0.,0.,1.));
#9635 = DIRECTION('',(1.,0.,-0.));
#9636 = ADVANCED_FACE('',(#9637),#9656,.T.);
#9637 = FACE_BOUND('',#9638,.T.);
#9638 = EDGE_LOOP('',(#9639,#9647,#9654,#9655));
#9639 = ORIENTED_EDGE('',*,*,#9640,.T.);
#9640 = EDGE_CURVE('',#9422,#9641,#9643,.T.);
#9641 = VERTEX_POINT('',#9642);
#9642 = CARTESIAN_POINT('',(0.6,-0.585,1.17));
#9643 = LINE('',#9644,#9645);
#9644 = CARTESIAN_POINT('',(-0.6,-0.585,1.17));
#9645 = VECTOR('',#9646,1.);
#9646 = DIRECTION('',(1.,0.,0.));
#9647 = ORIENTED_EDGE('',*,*,#9648,.T.);
#9648 = EDGE_CURVE('',#9641,#9618,#9649,.T.);
#9649 = CIRCLE('',#9650,4.E-02);
#9650 = AXIS2_PLACEMENT_3D('',#9651,#9652,#9653);
#9651 = CARTESIAN_POINT('',(0.6,-0.545,1.17));
#9652 = DIRECTION('',(-1.,0.,0.));
#9653 = DIRECTION('',(0.,0.,1.));
#9654 = ORIENTED_EDGE('',*,*,#9617,.F.);
#9655 = ORIENTED_EDGE('',*,*,#9429,.F.);
#9656 = CYLINDRICAL_SURFACE('',#9657,4.E-02);
#9657 = AXIS2_PLACEMENT_3D('',#9658,#9659,#9660);
#9658 = CARTESIAN_POINT('',(-0.6,-0.545,1.17));
#9659 = DIRECTION('',(1.,0.,0.));
#9660 = DIRECTION('',(0.,-1.,0.));
#9661 = ADVANCED_FACE('',(#9662),#9673,.F.);
#9662 = FACE_BOUND('',#9663,.F.);
#9663 = EDGE_LOOP('',(#9664,#9670,#9671,#9672));
#9664 = ORIENTED_EDGE('',*,*,#9665,.F.);
#9665 = EDGE_CURVE('',#9496,#9641,#9666,.T.);
#9666 = LINE('',#9667,#9668);
#9667 = CARTESIAN_POINT('',(0.6,-0.585,4.E-02));
#9668 = VECTOR('',#9669,1.);
#9669 = DIRECTION('',(0.,0.,1.));
#9670 = ORIENTED_EDGE('',*,*,#9504,.F.);
#9671 = ORIENTED_EDGE('',*,*,#9421,.T.);
#9672 = ORIENTED_EDGE('',*,*,#9640,.T.);
#9673 = PLANE('',#9674);
#9674 = AXIS2_PLACEMENT_3D('',#9675,#9676,#9677);
#9675 = CARTESIAN_POINT('',(-0.6,-0.585,4.E-02));
#9676 = DIRECTION('',(0.,1.,0.));
#9677 = DIRECTION('',(0.,-0.,1.));
#9678 = ADVANCED_FACE('',(#9679,#9749),#9759,.F.);
#9679 = FACE_BOUND('',#9680,.F.);
#9680 = EDGE_LOOP('',(#9681,#9691,#9700,#9708,#9717,#9725,#9734,#9742));
#9681 = ORIENTED_EDGE('',*,*,#9682,.F.);
#9682 = EDGE_CURVE('',#9683,#9685,#9687,.T.);
#9683 = VERTEX_POINT('',#9684);
#9684 = CARTESIAN_POINT('',(0.6,-0.625,4.E-02));
#9685 = VERTEX_POINT('',#9686);
#9686 = CARTESIAN_POINT('',(0.6,-0.625,1.21));
#9687 = LINE('',#9688,#9689);
#9688 = CARTESIAN_POINT('',(0.6,-0.625,0.));
#9689 = VECTOR('',#9690,1.);
#9690 = DIRECTION('',(0.,0.,1.));
#9691 = ORIENTED_EDGE('',*,*,#9692,.T.);
#9692 = EDGE_CURVE('',#9683,#9693,#9695,.T.);
#9693 = VERTEX_POINT('',#9694);
#9694 = CARTESIAN_POINT('',(0.6,-0.585,0.));
#9695 = CIRCLE('',#9696,4.E-02);
#9696 = AXIS2_PLACEMENT_3D('',#9697,#9698,#9699);
#9697 = CARTESIAN_POINT('',(0.6,-0.585,4.E-02));
#9698 = DIRECTION('',(1.,0.,-0.));
#9699 = DIRECTION('',(0.,0.,1.));
#9700 = ORIENTED_EDGE('',*,*,#9701,.T.);
#9701 = EDGE_CURVE('',#9693,#9702,#9704,.T.);
#9702 = VERTEX_POINT('',#9703);
#9703 = CARTESIAN_POINT('',(0.6,0.585,0.));
#9704 = LINE('',#9705,#9706);
#9705 = CARTESIAN_POINT('',(0.6,-0.625,0.));
#9706 = VECTOR('',#9707,1.);
#9707 = DIRECTION('',(0.,1.,0.));
#9708 = ORIENTED_EDGE('',*,*,#9709,.F.);
#9709 = EDGE_CURVE('',#9710,#9702,#9712,.T.);
#9710 = VERTEX_POINT('',#9711);
#9711 = CARTESIAN_POINT('',(0.6,0.625,4.E-02));
#9712 = CIRCLE('',#9713,4.E-02);
#9713 = AXIS2_PLACEMENT_3D('',#9714,#9715,#9716);
#9714 = CARTESIAN_POINT('',(0.6,0.585,4.E-02));
#9715 = DIRECTION('',(-1.,0.,0.));
#9716 = DIRECTION('',(0.,0.,1.));
#9717 = ORIENTED_EDGE('',*,*,#9718,.T.);
#9718 = EDGE_CURVE('',#9710,#9719,#9721,.T.);
#9719 = VERTEX_POINT('',#9720);
#9720 = CARTESIAN_POINT('',(0.6,0.625,1.21));
#9721 = LINE('',#9722,#9723);
#9722 = CARTESIAN_POINT('',(0.6,0.625,0.));
#9723 = VECTOR('',#9724,1.);
#9724 = DIRECTION('',(0.,0.,1.));
#9725 = ORIENTED_EDGE('',*,*,#9726,.T.);
#9726 = EDGE_CURVE('',#9719,#9727,#9729,.T.);
#9727 = VERTEX_POINT('',#9728);
#9728 = CARTESIAN_POINT('',(0.6,0.585,1.25));
#9729 = CIRCLE('',#9730,4.E-02);
#9730 = AXIS2_PLACEMENT_3D('',#9731,#9732,#9733);
#9731 = CARTESIAN_POINT('',(0.6,0.585,1.21));
#9732 = DIRECTION('',(1.,0.,-0.));
#9733 = DIRECTION('',(0.,0.,1.));
#9734 = ORIENTED_EDGE('',*,*,#9735,.F.);
#9735 = EDGE_CURVE('',#9736,#9727,#9738,.T.);
#9736 = VERTEX_POINT('',#9737);
#9737 = CARTESIAN_POINT('',(0.6,-0.585,1.25));
#9738 = LINE('',#9739,#9740);
#9739 = CARTESIAN_POINT('',(0.6,-0.625,1.25));
#9740 = VECTOR('',#9741,1.);
#9741 = DIRECTION('',(0.,1.,0.));
#9742 = ORIENTED_EDGE('',*,*,#9743,.F.);
#9743 = EDGE_CURVE('',#9685,#9736,#9744,.T.);
#9744 = CIRCLE('',#9745,4.E-02);
#9745 = AXIS2_PLACEMENT_3D('',#9746,#9747,#9748);
#9746 = CARTESIAN_POINT('',(0.6,-0.585,1.21));
#9747 = DIRECTION('',(-1.,0.,0.));
#9748 = DIRECTION('',(0.,0.,1.));
#9749 = FACE_BOUND('',#9750,.F.);
#9750 = EDGE_LOOP('',(#9751,#9752,#9753,#9754,#9755,#9756,#9757,#9758));
#9751 = ORIENTED_EDGE('',*,*,#9495,.F.);
#9752 = ORIENTED_EDGE('',*,*,#9665,.T.);
#9753 = ORIENTED_EDGE('',*,*,#9648,.T.);
#9754 = ORIENTED_EDGE('',*,*,#9625,.T.);
#9755 = ORIENTED_EDGE('',*,*,#9600,.F.);
#9756 = ORIENTED_EDGE('',*,*,#9567,.F.);
#9757 = ORIENTED_EDGE('',*,*,#9550,.T.);
#9758 = ORIENTED_EDGE('',*,*,#9520,.F.);
#9759 = PLANE('',#9760);
#9760 = AXIS2_PLACEMENT_3D('',#9761,#9762,#9763);
#9761 = CARTESIAN_POINT('',(0.6,-0.625,0.));
#9762 = DIRECTION('',(1.,0.,0.));
#9763 = DIRECTION('',(0.,0.,1.));
#9764 = ADVANCED_FACE('',(#9765),#9790,.F.);
#9765 = FACE_BOUND('',#9766,.F.);
#9766 = EDGE_LOOP('',(#9767,#9777,#9783,#9784));
#9767 = ORIENTED_EDGE('',*,*,#9768,.F.);
#9768 = EDGE_CURVE('',#9769,#9771,#9773,.T.);
#9769 = VERTEX_POINT('',#9770);
#9770 = CARTESIAN_POINT('',(1.,-0.625,4.E-02));
#9771 = VERTEX_POINT('',#9772);
#9772 = CARTESIAN_POINT('',(1.,-0.625,1.21));
#9773 = LINE('',#9774,#9775);
#9774 = CARTESIAN_POINT('',(1.,-0.625,0.));
#9775 = VECTOR('',#9776,1.);
#9776 = DIRECTION('',(0.,0.,1.));
#9777 = ORIENTED_EDGE('',*,*,#9778,.F.);
#9778 = EDGE_CURVE('',#9683,#9769,#9779,.T.);
#9779 = LINE('',#9780,#9781);
#9780 = CARTESIAN_POINT('',(0.6,-0.625,4.E-02));
#9781 = VECTOR('',#9782,1.);
#9782 = DIRECTION('',(1.,0.,0.));
#9783 = ORIENTED_EDGE('',*,*,#9682,.T.);
#9784 = ORIENTED_EDGE('',*,*,#9785,.T.);
#9785 = EDGE_CURVE('',#9685,#9771,#9786,.T.);
#9786 = LINE('',#9787,#9788);
#9787 = CARTESIAN_POINT('',(0.6,-0.625,1.21));
#9788 = VECTOR('',#9789,1.);
#9789 = DIRECTION('',(1.,0.,0.));
#9790 = PLANE('',#9791);
#9791 = AXIS2_PLACEMENT_3D('',#9792,#9793,#9794);
#9792 = CARTESIAN_POINT('',(0.6,-0.625,0.));
#9793 = DIRECTION('',(0.,1.,0.));
#9794 = DIRECTION('',(0.,-0.,1.));
#9795 = ADVANCED_FACE('',(#9796),#9815,.T.);
#9796 = FACE_BOUND('',#9797,.T.);
#9797 = EDGE_LOOP('',(#9798,#9799,#9807,#9814));
#9798 = ORIENTED_EDGE('',*,*,#9692,.T.);
#9799 = ORIENTED_EDGE('',*,*,#9800,.T.);
#9800 = EDGE_CURVE('',#9693,#9801,#9803,.T.);
#9801 = VERTEX_POINT('',#9802);
#9802 = CARTESIAN_POINT('',(1.,-0.585,0.));
#9803 = LINE('',#9804,#9805);
#9804 = CARTESIAN_POINT('',(0.6,-0.585,0.));
#9805 = VECTOR('',#9806,1.);
#9806 = DIRECTION('',(1.,0.,0.));
#9807 = ORIENTED_EDGE('',*,*,#9808,.F.);
#9808 = EDGE_CURVE('',#9769,#9801,#9809,.T.);
#9809 = CIRCLE('',#9810,4.E-02);
#9810 = AXIS2_PLACEMENT_3D('',#9811,#9812,#9813);
#9811 = CARTESIAN_POINT('',(1.,-0.585,4.E-02));
#9812 = DIRECTION('',(1.,0.,-0.));
#9813 = DIRECTION('',(0.,0.,1.));
#9814 = ORIENTED_EDGE('',*,*,#9778,.F.);
#9815 = CYLINDRICAL_SURFACE('',#9816,4.E-02);
#9816 = AXIS2_PLACEMENT_3D('',#9817,#9818,#9819);
#9817 = CARTESIAN_POINT('',(0.6,-0.585,4.E-02));
#9818 = DIRECTION('',(1.,0.,0.));
#9819 = DIRECTION('',(0.,-1.,0.));
#9820 = ADVANCED_FACE('',(#9821),#9840,.T.);
#9821 = FACE_BOUND('',#9822,.T.);
#9822 = EDGE_LOOP('',(#9823,#9824,#9833,#9839));
#9823 = ORIENTED_EDGE('',*,*,#9785,.T.);
#9824 = ORIENTED_EDGE('',*,*,#9825,.T.);
#9825 = EDGE_CURVE('',#9771,#9826,#9828,.T.);
#9826 = VERTEX_POINT('',#9827);
#9827 = CARTESIAN_POINT('',(1.,-0.585,1.25));
#9828 = CIRCLE('',#9829,4.E-02);
#9829 = AXIS2_PLACEMENT_3D('',#9830,#9831,#9832);
#9830 = CARTESIAN_POINT('',(1.,-0.585,1.21));
#9831 = DIRECTION('',(-1.,0.,0.));
#9832 = DIRECTION('',(0.,0.,1.));
#9833 = ORIENTED_EDGE('',*,*,#9834,.F.);
#9834 = EDGE_CURVE('',#9736,#9826,#9835,.T.);
#9835 = LINE('',#9836,#9837);
#9836 = CARTESIAN_POINT('',(0.6,-0.585,1.25));
#9837 = VECTOR('',#9838,1.);
#9838 = DIRECTION('',(1.,0.,0.));
#9839 = ORIENTED_EDGE('',*,*,#9743,.F.);
#9840 = CYLINDRICAL_SURFACE('',#9841,4.E-02);
#9841 = AXIS2_PLACEMENT_3D('',#9842,#9843,#9844);
#9842 = CARTESIAN_POINT('',(0.6,-0.585,1.21));
#9843 = DIRECTION('',(1.,0.,0.));
#9844 = DIRECTION('',(0.,-1.,0.));
#9845 = ADVANCED_FACE('',(#9846),#9864,.F.);
#9846 = FACE_BOUND('',#9847,.F.);
#9847 = EDGE_LOOP('',(#9848,#9849,#9850,#9858));
#9848 = ORIENTED_EDGE('',*,*,#9701,.F.);
#9849 = ORIENTED_EDGE('',*,*,#9800,.T.);
#9850 = ORIENTED_EDGE('',*,*,#9851,.T.);
#9851 = EDGE_CURVE('',#9801,#9852,#9854,.T.);
#9852 = VERTEX_POINT('',#9853);
#9853 = CARTESIAN_POINT('',(1.,0.585,0.));
#9854 = LINE('',#9855,#9856);
#9855 = CARTESIAN_POINT('',(1.,-0.625,0.));
#9856 = VECTOR('',#9857,1.);
#9857 = DIRECTION('',(0.,1.,0.));
#9858 = ORIENTED_EDGE('',*,*,#9859,.F.);
#9859 = EDGE_CURVE('',#9702,#9852,#9860,.T.);
#9860 = LINE('',#9861,#9862);
#9861 = CARTESIAN_POINT('',(0.6,0.585,0.));
#9862 = VECTOR('',#9863,1.);
#9863 = DIRECTION('',(1.,0.,0.));
#9864 = PLANE('',#9865);
#9865 = AXIS2_PLACEMENT_3D('',#9866,#9867,#9868);
#9866 = CARTESIAN_POINT('',(0.6,-0.625,0.));
#9867 = DIRECTION('',(0.,0.,1.));
#9868 = DIRECTION('',(1.,0.,-0.));
#9869 = ADVANCED_FACE('',(#9870),#9888,.T.);
#9870 = FACE_BOUND('',#9871,.T.);
#9871 = EDGE_LOOP('',(#9872,#9873,#9874,#9882));
#9872 = ORIENTED_EDGE('',*,*,#9735,.F.);
#9873 = ORIENTED_EDGE('',*,*,#9834,.T.);
#9874 = ORIENTED_EDGE('',*,*,#9875,.T.);
#9875 = EDGE_CURVE('',#9826,#9876,#9878,.T.);
#9876 = VERTEX_POINT('',#9877);
#9877 = CARTESIAN_POINT('',(1.,0.585,1.25));
#9878 = LINE('',#9879,#9880);
#9879 = CARTESIAN_POINT('',(1.,-0.625,1.25));
#9880 = VECTOR('',#9881,1.);
#9881 = DIRECTION('',(0.,1.,0.));
#9882 = ORIENTED_EDGE('',*,*,#9883,.F.);
#9883 = EDGE_CURVE('',#9727,#9876,#9884,.T.);
#9884 = LINE('',#9885,#9886);
#9885 = CARTESIAN_POINT('',(0.6,0.585,1.25));
#9886 = VECTOR('',#9887,1.);
#9887 = DIRECTION('',(1.,0.,0.));
#9888 = PLANE('',#9889);
#9889 = AXIS2_PLACEMENT_3D('',#9890,#9891,#9892);
#9890 = CARTESIAN_POINT('',(0.6,-0.625,1.25));
#9891 = DIRECTION('',(0.,0.,1.));
#9892 = DIRECTION('',(1.,0.,-0.));
#9893 = ADVANCED_FACE('',(#9894),#9913,.T.);
#9894 = FACE_BOUND('',#9895,.T.);
#9895 = EDGE_LOOP('',(#9896,#9904,#9911,#9912));
#9896 = ORIENTED_EDGE('',*,*,#9897,.T.);
#9897 = EDGE_CURVE('',#9710,#9898,#9900,.T.);
#9898 = VERTEX_POINT('',#9899);
#9899 = CARTESIAN_POINT('',(1.,0.625,4.E-02));
#9900 = LINE('',#9901,#9902);
#9901 = CARTESIAN_POINT('',(0.6,0.625,4.E-02));
#9902 = VECTOR('',#9903,1.);
#9903 = DIRECTION('',(1.,0.,0.));
#9904 = ORIENTED_EDGE('',*,*,#9905,.T.);
#9905 = EDGE_CURVE('',#9898,#9852,#9906,.T.);
#9906 = CIRCLE('',#9907,4.E-02);
#9907 = AXIS2_PLACEMENT_3D('',#9908,#9909,#9910);
#9908 = CARTESIAN_POINT('',(1.,0.585,4.E-02));
#9909 = DIRECTION('',(-1.,0.,0.));
#9910 = DIRECTION('',(0.,0.,1.));
#9911 = ORIENTED_EDGE('',*,*,#9859,.F.);
#9912 = ORIENTED_EDGE('',*,*,#9709,.F.);
#9913 = CYLINDRICAL_SURFACE('',#9914,4.E-02);
#9914 = AXIS2_PLACEMENT_3D('',#9915,#9916,#9917);
#9915 = CARTESIAN_POINT('',(0.6,0.585,4.E-02));
#9916 = DIRECTION('',(1.,0.,0.));
#9917 = DIRECTION('',(-0.,1.,0.));
#9918 = ADVANCED_FACE('',(#9919),#9938,.T.);
#9919 = FACE_BOUND('',#9920,.T.);
#9920 = EDGE_LOOP('',(#9921,#9922,#9923,#9932));
#9921 = ORIENTED_EDGE('',*,*,#9726,.T.);
#9922 = ORIENTED_EDGE('',*,*,#9883,.T.);
#9923 = ORIENTED_EDGE('',*,*,#9924,.F.);
#9924 = EDGE_CURVE('',#9925,#9876,#9927,.T.);
#9925 = VERTEX_POINT('',#9926);
#9926 = CARTESIAN_POINT('',(1.,0.625,1.21));
#9927 = CIRCLE('',#9928,4.E-02);
#9928 = AXIS2_PLACEMENT_3D('',#9929,#9930,#9931);
#9929 = CARTESIAN_POINT('',(1.,0.585,1.21));
#9930 = DIRECTION('',(1.,0.,-0.));
#9931 = DIRECTION('',(0.,0.,1.));
#9932 = ORIENTED_EDGE('',*,*,#9933,.F.);
#9933 = EDGE_CURVE('',#9719,#9925,#9934,.T.);
#9934 = LINE('',#9935,#9936);
#9935 = CARTESIAN_POINT('',(0.6,0.625,1.21));
#9936 = VECTOR('',#9937,1.);
#9937 = DIRECTION('',(1.,0.,0.));
#9938 = CYLINDRICAL_SURFACE('',#9939,4.E-02);
#9939 = AXIS2_PLACEMENT_3D('',#9940,#9941,#9942);
#9940 = CARTESIAN_POINT('',(0.6,0.585,1.21));
#9941 = DIRECTION('',(1.,0.,0.));
#9942 = DIRECTION('',(-0.,1.,0.));
#9943 = ADVANCED_FACE('',(#9944),#9955,.T.);
#9944 = FACE_BOUND('',#9945,.T.);
#9945 = EDGE_LOOP('',(#9946,#9952,#9953,#9954));
#9946 = ORIENTED_EDGE('',*,*,#9947,.F.);
#9947 = EDGE_CURVE('',#9898,#9925,#9948,.T.);
#9948 = LINE('',#9949,#9950);
#9949 = CARTESIAN_POINT('',(1.,0.625,0.));
#9950 = VECTOR('',#9951,1.);
#9951 = DIRECTION('',(0.,0.,1.));
#9952 = ORIENTED_EDGE('',*,*,#9897,.F.);
#9953 = ORIENTED_EDGE('',*,*,#9718,.T.);
#9954 = ORIENTED_EDGE('',*,*,#9933,.T.);
#9955 = PLANE('',#9956);
#9956 = AXIS2_PLACEMENT_3D('',#9957,#9958,#9959);
#9957 = CARTESIAN_POINT('',(0.6,0.625,0.));
#9958 = DIRECTION('',(0.,1.,0.));
#9959 = DIRECTION('',(0.,-0.,1.));
#9960 = ADVANCED_FACE('',(#9961),#9971,.T.);
#9961 = FACE_BOUND('',#9962,.T.);
#9962 = EDGE_LOOP('',(#9963,#9964,#9965,#9966,#9967,#9968,#9969,#9970));
#9963 = ORIENTED_EDGE('',*,*,#9768,.F.);
#9964 = ORIENTED_EDGE('',*,*,#9808,.T.);
#9965 = ORIENTED_EDGE('',*,*,#9851,.T.);
#9966 = ORIENTED_EDGE('',*,*,#9905,.F.);
#9967 = ORIENTED_EDGE('',*,*,#9947,.T.);
#9968 = ORIENTED_EDGE('',*,*,#9924,.T.);
#9969 = ORIENTED_EDGE('',*,*,#9875,.F.);
#9970 = ORIENTED_EDGE('',*,*,#9825,.F.);
#9971 = PLANE('',#9972);
#9972 = AXIS2_PLACEMENT_3D('',#9973,#9974,#9975);
#9973 = CARTESIAN_POINT('',(1.,-0.625,0.));
#9974 = DIRECTION('',(1.,0.,0.));
#9975 = DIRECTION('',(0.,0.,1.));
#9976 = ( GEOMETRIC_REPRESENTATION_CONTEXT(3) 
GLOBAL_UNCERTAINTY_ASSIGNED_CONTEXT((#9980)) 
GLOBAL_UNIT_ASSIGNED_CONTEXT((#9977,#9978,#9979)) REPRESENTATION_CONTEXT
('Context #1','3D Context with UNIT and UNCERTAINTY') );
#9977 = ( LENGTH_UNIT() NAMED_UNIT(*) SI_UNIT(.MILLI.,.METRE.) );
#9978 = ( NAMED_UNIT(*) PLANE_ANGLE_UNIT() SI_UNIT($,.RADIAN.) );
#9979 = ( NAMED_UNIT(*) SI_UNIT($,.STERADIAN.) SOLID_ANGLE_UNIT() );
#9980 = UNCERTAINTY_MEASURE_WITH_UNIT(LENGTH_MEASURE(1.E-07),#9977,
  'distance_accuracy_value','confusion accuracy');
#9981 = CONTEXT_DEPENDENT_SHAPE_REPRESENTATION(#9982,#9984);
#9982 = ( REPRESENTATION_RELATIONSHIP('','',#9121,#9098) 
REPRESENTATION_RELATIONSHIP_WITH_TRANSFORMATION(#9983) 
SHAPE_REPRESENTATION_RELATIONSHIP() );
#9983 = ITEM_DEFINED_TRANSFORMATION('','',#11,#9099);
#9984 = PRODUCT_DEFINITION_SHAPE('Placement','Placement of an item',
  #9985);
#9985 = NEXT_ASSEMBLY_USAGE_OCCURRENCE('7','=>[0:1:1:9]','',#9093,#9116,
  $);
#9986 = PRODUCT_RELATED_PRODUCT_CATEGORY('part',$,(#9118));
#9987 = CONTEXT_DEPENDENT_SHAPE_REPRESENTATION(#9988,#9990);
#9988 = ( REPRESENTATION_RELATIONSHIP('','',#56,#10) 
REPRESENTATION_RELATIONSHIP_WITH_TRANSFORMATION(#9989) 
SHAPE_REPRESENTATION_RELATIONSHIP() );
#9989 = ITEM_DEFINED_TRANSFORMATION('','',#11,#31);
#9990 = PRODUCT_DEFINITION_SHAPE('Placement','Placement of an item',
  #9991);
#9991 = NEXT_ASSEMBLY_USAGE_OCCURRENCE('9','R1','',#5,#51,$);
#9992 = SHAPE_DEFINITION_REPRESENTATION(#9993,#9999);
#9993 = PRODUCT_DEFINITION_SHAPE('','',#9994);
#9994 = PRODUCT_DEFINITION('design','',#9995,#9998);
#9995 = PRODUCT_DEFINITION_FORMATION('','',#9996);
#9996 = PRODUCT('JST_SH_SM06B-SRSS-TB_1x06-1MP_P1.00mm_Horizontal',
  'JST_SH_SM06B-SRSS-TB_1x06-1MP_P1.00mm_Horizontal','',(#9997));
#9997 = PRODUCT_CONTEXT('',#2,'mechanical');
#9998 = PRODUCT_DEFINITION_CONTEXT('part definition',#2,'design');
#9999 = SHAPE_REPRESENTATION('',(#11,#10000),#10004);
#10000 = AXIS2_PLACEMENT_3D('',#10001,#10002,#10003);
#10001 = CARTESIAN_POINT('',(0.,0.,0.));
#10002 = DIRECTION('',(0.,0.,1.));
#10003 = DIRECTION('',(1.,0.,-0.));
#10004 = ( GEOMETRIC_REPRESENTATION_CONTEXT(3) 
GLOBAL_UNCERTAINTY_ASSIGNED_CONTEXT((#10008)) 
GLOBAL_UNIT_ASSIGNED_CONTEXT((#10005,#10006,#10007)) 
REPRESENTATION_CONTEXT('Context #1',
  '3D Context with UNIT and UNCERTAINTY') );
#10005 = ( LENGTH_UNIT() NAMED_UNIT(*) SI_UNIT(.MILLI.,.METRE.) );
#10006 = ( NAMED_UNIT(*) PLANE_ANGLE_UNIT() SI_UNIT($,.RADIAN.) );
#10007 = ( NAMED_UNIT(*) SI_UNIT($,.STERADIAN.) SOLID_ANGLE_UNIT() );
#10008 = UNCERTAINTY_MEASURE_WITH_UNIT(LENGTH_MEASURE(1.E-07),#10005,
  'distance_accuracy_value','confusion accuracy');
#10009 = CONTEXT_DEPENDENT_SHAPE_REPRESENTATION(#10010,#10012);
#10010 = ( REPRESENTATION_RELATIONSHIP('','',#9999,#10) 
REPRESENTATION_RELATIONSHIP_WITH_TRANSFORMATION(#10011) 
SHAPE_REPRESENTATION_RELATIONSHIP() );
#10011 = ITEM_DEFINED_TRANSFORMATION('','',#11,#35);
#10012 = PRODUCT_DEFINITION_SHAPE('Placement','Placement of an item',
  #10013);
#10013 = NEXT_ASSEMBLY_USAGE_OCCURRENCE('11','J1','',#5,#9994,$);
#10014 = PRODUCT_RELATED_PRODUCT_CATEGORY('part',$,(#9996));
#10015 = SHAPE_DEFINITION_REPRESENTATION(#10016,#10022);
#10016 = PRODUCT_DEFINITION_SHAPE('','',#10017);
#10017 = PRODUCT_DEFINITION('design','',#10018,#10021);
#10018 = PRODUCT_DEFINITION_FORMATION('','',#10019);
#10019 = PRODUCT('JST_SH_SM06B-SRSS-TB_1x06-1MP_P1.00mm_Horizontal',
  'JST_SH_SM06B-SRSS-TB_1x06-1MP_P1.00mm_Horizontal','',(#10020));
#10020 = PRODUCT_CONTEXT('',#2,'mechanical');
#10021 = PRODUCT_DEFINITION_CONTEXT('part definition',#2,'design');
#10022 = ADVANCED_BREP_SHAPE_REPRESENTATION('',(#11,#10023),#13507);
#10023 = MANIFOLD_SOLID_BREP('',#10024);
#10024 = CLOSED_SHELL('',(#10025,#10129,#10400,#10424,#10448,#10472,
    #10496,#10657,#10713,#10737,#10761,#10785,#10809,#10987,#11059,
    #11083,#11114,#11138,#11169,#11193,#11233,#11257,#11290,#11330,
    #11354,#11387,#11427,#11451,#11484,#11524,#11548,#11581,#11621,
    #11645,#11678,#11718,#11742,#11775,#11802,#11820,#11845,#11869,
    #11923,#11947,#11971,#11988,#12012,#12059,#12083,#12107,#12124,
    #12141,#12181,#12198,#12212,#12229,#12246,#12263,#12280,#12297,
    #12314,#12331,#12355,#12372,#12389,#12401,#12421,#12433,#12445,
    #12462,#12474,#12491,#12503,#12520,#12532,#12549,#12561,#12578,
    #12590,#12607,#12619,#12631,#12847,#12859,#12890,#12914,#12938,
    #12955,#12986,#13010,#13034,#13051,#13082,#13106,#13130,#13147,
    #13178,#13202,#13226,#13243,#13274,#13298,#13322,#13339,#13370,
    #13394,#13418,#13435,#13447,#13459,#13471,#13483,#13495));
#10025 = ADVANCED_FACE('',(#10026),#10124,.F.);
#10026 = FACE_BOUND('',#10027,.F.);
#10027 = EDGE_LOOP('',(#10028,#10038,#10046,#10054,#10062,#10070,#10078,
    #10086,#10094,#10102,#10110,#10118));
#10028 = ORIENTED_EDGE('',*,*,#10029,.F.);
#10029 = EDGE_CURVE('',#10030,#10032,#10034,.T.);
#10030 = VERTEX_POINT('',#10031);
#10031 = CARTESIAN_POINT('',(-4.,1.775,6.E-02));
#10032 = VERTEX_POINT('',#10033);
#10033 = CARTESIAN_POINT('',(-4.,-0.975,6.E-02));
#10034 = LINE('',#10035,#10036);
#10035 = CARTESIAN_POINT('',(-4.,1.775,6.E-02));
#10036 = VECTOR('',#10037,1.);
#10037 = DIRECTION('',(0.,-1.,1.110223024625E-16));
#10038 = ORIENTED_EDGE('',*,*,#10039,.T.);
#10039 = EDGE_CURVE('',#10030,#10040,#10042,.T.);
#10040 = VERTEX_POINT('',#10041);
#10041 = CARTESIAN_POINT('',(-4.,1.775,1.46));
#10042 = LINE('',#10043,#10044);
#10043 = CARTESIAN_POINT('',(-4.,1.775,6.E-02));
#10044 = VECTOR('',#10045,1.);
#10045 = DIRECTION('',(0.,1.110223024625E-16,1.));
#10046 = ORIENTED_EDGE('',*,*,#10047,.T.);
#10047 = EDGE_CURVE('',#10040,#10048,#10050,.T.);
#10048 = VERTEX_POINT('',#10049);
#10049 = CARTESIAN_POINT('',(-4.,1.225,1.46));
#10050 = LINE('',#10051,#10052);
#10051 = CARTESIAN_POINT('',(-4.,1.775,1.46));
#10052 = VECTOR('',#10053,1.);
#10053 = DIRECTION('',(0.,-1.,1.110223024625E-16));
#10054 = ORIENTED_EDGE('',*,*,#10055,.T.);
#10055 = EDGE_CURVE('',#10048,#10056,#10058,.T.);
#10056 = VERTEX_POINT('',#10057);
#10057 = CARTESIAN_POINT('',(-4.,1.225,2.46));
#10058 = LINE('',#10059,#10060);
#10059 = CARTESIAN_POINT('',(-4.,1.225,1.46));
#10060 = VECTOR('',#10061,1.);
#10061 = DIRECTION('',(0.,1.110223024625E-16,1.));
#10062 = ORIENTED_EDGE('',*,*,#10063,.T.);
#10063 = EDGE_CURVE('',#10056,#10064,#10066,.T.);
#10064 = VERTEX_POINT('',#10065);
#10065 = CARTESIAN_POINT('',(-4.,0.575,2.46));
#10066 = LINE('',#10067,#10068);
#10067 = CARTESIAN_POINT('',(-4.,1.225,2.46));
#10068 = VECTOR('',#10069,1.);
#10069 = DIRECTION('',(0.,-1.,1.110223024625E-16));
#10070 = ORIENTED_EDGE('',*,*,#10071,.T.);
#10071 = EDGE_CURVE('',#10064,#10072,#10074,.T.);
#10072 = VERTEX_POINT('',#10073);
#10073 = CARTESIAN_POINT('',(-4.,0.286,2.96));
#10074 = LINE('',#10075,#10076);
#10075 = CARTESIAN_POINT('',(-4.,0.575,2.46));
#10076 = VECTOR('',#10077,1.);
#10077 = DIRECTION('',(0.,-0.500421834463,0.865781720524));
#10078 = ORIENTED_EDGE('',*,*,#10079,.T.);
#10079 = EDGE_CURVE('',#10072,#10080,#10082,.T.);
#10080 = VERTEX_POINT('',#10081);
#10081 = CARTESIAN_POINT('',(-4.,-2.475,2.96));
#10082 = LINE('',#10083,#10084);
#10083 = CARTESIAN_POINT('',(-4.,1.775,2.96));
#10084 = VECTOR('',#10085,1.);
#10085 = DIRECTION('',(0.,-1.,1.110223024625E-16));
#10086 = ORIENTED_EDGE('',*,*,#10087,.F.);
#10087 = EDGE_CURVE('',#10088,#10080,#10090,.T.);
#10088 = VERTEX_POINT('',#10089);
#10089 = CARTESIAN_POINT('',(-4.,-2.475,1.26));
#10090 = LINE('',#10091,#10092);
#10091 = CARTESIAN_POINT('',(-4.,-2.475,6.E-02));
#10092 = VECTOR('',#10093,1.);
#10093 = DIRECTION('',(0.,1.110223024625E-16,1.));
#10094 = ORIENTED_EDGE('',*,*,#10095,.T.);
#10095 = EDGE_CURVE('',#10088,#10096,#10098,.T.);
#10096 = VERTEX_POINT('',#10097);
#10097 = CARTESIAN_POINT('',(-4.,-1.975,1.26));
#10098 = LINE('',#10099,#10100);
#10099 = CARTESIAN_POINT('',(-4.,-2.475,1.26));
#10100 = VECTOR('',#10101,1.);
#10101 = DIRECTION('',(0.,1.,-1.110223024625E-16));
#10102 = ORIENTED_EDGE('',*,*,#10103,.T.);
#10103 = EDGE_CURVE('',#10096,#10104,#10106,.T.);
#10104 = VERTEX_POINT('',#10105);
#10105 = CARTESIAN_POINT('',(-4.,-1.975,0.61));
#10106 = LINE('',#10107,#10108);
#10107 = CARTESIAN_POINT('',(-4.,-1.975,1.26));
#10108 = VECTOR('',#10109,1.);
#10109 = DIRECTION('',(0.,-1.110223024625E-16,-1.));
#10110 = ORIENTED_EDGE('',*,*,#10111,.T.);
#10111 = EDGE_CURVE('',#10104,#10112,#10114,.T.);
#10112 = VERTEX_POINT('',#10113);
#10113 = CARTESIAN_POINT('',(-4.,-0.975,0.61));
#10114 = LINE('',#10115,#10116);
#10115 = CARTESIAN_POINT('',(-4.,-1.975,0.61));
#10116 = VECTOR('',#10117,1.);
#10117 = DIRECTION('',(0.,1.,-1.110223024625E-16));
#10118 = ORIENTED_EDGE('',*,*,#10119,.T.);
#10119 = EDGE_CURVE('',#10112,#10032,#10120,.T.);
#10120 = LINE('',#10121,#10122);
#10121 = CARTESIAN_POINT('',(-4.,-0.975,0.61));
#10122 = VECTOR('',#10123,1.);
#10123 = DIRECTION('',(0.,-1.110223024625E-16,-1.));
#10124 = PLANE('',#10125);
#10125 = AXIS2_PLACEMENT_3D('',#10126,#10127,#10128);
#10126 = CARTESIAN_POINT('',(-4.,1.775,6.E-02));
#10127 = DIRECTION('',(1.,0.,0.));
#10128 = DIRECTION('',(0.,-1.,1.110223024625E-16));
#10129 = ADVANCED_FACE('',(#10130),#10395,.F.);
#10130 = FACE_BOUND('',#10131,.F.);
#10131 = EDGE_LOOP('',(#10132,#10142,#10150,#10158,#10166,#10174,#10182,
    #10190,#10198,#10206,#10214,#10222,#10230,#10238,#10246,#10254,
    #10262,#10270,#10278,#10286,#10294,#10302,#10310,#10318,#10326,
    #10334,#10340,#10341,#10349,#10357,#10365,#10373,#10381,#10389));
#10132 = ORIENTED_EDGE('',*,*,#10133,.F.);
#10133 = EDGE_CURVE('',#10134,#10136,#10138,.T.);
#10134 = VERTEX_POINT('',#10135);
#10135 = CARTESIAN_POINT('',(4.,1.775,6.E-02));
#10136 = VERTEX_POINT('',#10137);
#10137 = CARTESIAN_POINT('',(4.,-0.975,6.E-02));
#10138 = LINE('',#10139,#10140);
#10139 = CARTESIAN_POINT('',(4.,1.775,6.E-02));
#10140 = VECTOR('',#10141,1.);
#10141 = DIRECTION('',(0.,-1.,1.110223024625E-16));
#10142 = ORIENTED_EDGE('',*,*,#10143,.F.);
#10143 = EDGE_CURVE('',#10144,#10134,#10146,.T.);
#10144 = VERTEX_POINT('',#10145);
#10145 = CARTESIAN_POINT('',(2.6,1.775,6.E-02));
#10146 = LINE('',#10147,#10148);
#10147 = CARTESIAN_POINT('',(-4.,1.775,6.E-02));
#10148 = VECTOR('',#10149,1.);
#10149 = DIRECTION('',(1.,0.,0.));
#10150 = ORIENTED_EDGE('',*,*,#10151,.F.);
#10151 = EDGE_CURVE('',#10152,#10144,#10154,.T.);
#10152 = VERTEX_POINT('',#10153);
#10153 = CARTESIAN_POINT('',(2.6,1.675,6.E-02));
#10154 = LINE('',#10155,#10156);
#10155 = CARTESIAN_POINT('',(2.6,1.675,6.E-02));
#10156 = VECTOR('',#10157,1.);
#10157 = DIRECTION('',(0.,1.,0.));
#10158 = ORIENTED_EDGE('',*,*,#10159,.F.);
#10159 = EDGE_CURVE('',#10160,#10152,#10162,.T.);
#10160 = VERTEX_POINT('',#10161);
#10161 = CARTESIAN_POINT('',(2.4,1.675,6.E-02));
#10162 = LINE('',#10163,#10164);
#10163 = CARTESIAN_POINT('',(2.4,1.675,6.E-02));
#10164 = VECTOR('',#10165,1.);
#10165 = DIRECTION('',(1.,0.,0.));
#10166 = ORIENTED_EDGE('',*,*,#10167,.T.);
#10167 = EDGE_CURVE('',#10160,#10168,#10170,.T.);
#10168 = VERTEX_POINT('',#10169);
#10169 = CARTESIAN_POINT('',(2.4,1.775,6.E-02));
#10170 = LINE('',#10171,#10172);
#10171 = CARTESIAN_POINT('',(2.4,1.675,6.E-02));
#10172 = VECTOR('',#10173,1.);
#10173 = DIRECTION('',(0.,1.,0.));
#10174 = ORIENTED_EDGE('',*,*,#10175,.F.);
#10175 = EDGE_CURVE('',#10176,#10168,#10178,.T.);
#10176 = VERTEX_POINT('',#10177);
#10177 = CARTESIAN_POINT('',(1.6,1.775,6.E-02));
#10178 = LINE('',#10179,#10180);
#10179 = CARTESIAN_POINT('',(-4.,1.775,6.E-02));
#10180 = VECTOR('',#10181,1.);
#10181 = DIRECTION('',(1.,0.,0.));
#10182 = ORIENTED_EDGE('',*,*,#10183,.F.);
#10183 = EDGE_CURVE('',#10184,#10176,#10186,.T.);
#10184 = VERTEX_POINT('',#10185);
#10185 = CARTESIAN_POINT('',(1.6,1.675,6.E-02));
#10186 = LINE('',#10187,#10188);
#10187 = CARTESIAN_POINT('',(1.6,1.675,6.E-02));
#10188 = VECTOR('',#10189,1.);
#10189 = DIRECTION('',(0.,1.,0.));
#10190 = ORIENTED_EDGE('',*,*,#10191,.F.);
#10191 = EDGE_CURVE('',#10192,#10184,#10194,.T.);
#10192 = VERTEX_POINT('',#10193);
#10193 = CARTESIAN_POINT('',(1.4,1.675,6.E-02));
#10194 = LINE('',#10195,#10196);
#10195 = CARTESIAN_POINT('',(1.4,1.675,6.E-02));
#10196 = VECTOR('',#10197,1.);
#10197 = DIRECTION('',(1.,0.,0.));
#10198 = ORIENTED_EDGE('',*,*,#10199,.T.);
#10199 = EDGE_CURVE('',#10192,#10200,#10202,.T.);
#10200 = VERTEX_POINT('',#10201);
#10201 = CARTESIAN_POINT('',(1.4,1.775,6.E-02));
#10202 = LINE('',#10203,#10204);
#10203 = CARTESIAN_POINT('',(1.4,1.675,6.E-02));
#10204 = VECTOR('',#10205,1.);
#10205 = DIRECTION('',(0.,1.,0.));
#10206 = ORIENTED_EDGE('',*,*,#10207,.F.);
#10207 = EDGE_CURVE('',#10208,#10200,#10210,.T.);
#10208 = VERTEX_POINT('',#10209);
#10209 = CARTESIAN_POINT('',(0.6,1.775,6.E-02));
#10210 = LINE('',#10211,#10212);
#10211 = CARTESIAN_POINT('',(-4.,1.775,6.E-02));
#10212 = VECTOR('',#10213,1.);
#10213 = DIRECTION('',(1.,0.,0.));
#10214 = ORIENTED_EDGE('',*,*,#10215,.F.);
#10215 = EDGE_CURVE('',#10216,#10208,#10218,.T.);
#10216 = VERTEX_POINT('',#10217);
#10217 = CARTESIAN_POINT('',(0.6,1.675,6.E-02));
#10218 = LINE('',#10219,#10220);
#10219 = CARTESIAN_POINT('',(0.6,1.675,6.E-02));
#10220 = VECTOR('',#10221,1.);
#10221 = DIRECTION('',(0.,1.,0.));
#10222 = ORIENTED_EDGE('',*,*,#10223,.F.);
#10223 = EDGE_CURVE('',#10224,#10216,#10226,.T.);
#10224 = VERTEX_POINT('',#10225);
#10225 = CARTESIAN_POINT('',(0.4,1.675,6.E-02));
#10226 = LINE('',#10227,#10228);
#10227 = CARTESIAN_POINT('',(0.4,1.675,6.E-02));
#10228 = VECTOR('',#10229,1.);
#10229 = DIRECTION('',(1.,0.,0.));
#10230 = ORIENTED_EDGE('',*,*,#10231,.T.);
#10231 = EDGE_CURVE('',#10224,#10232,#10234,.T.);
#10232 = VERTEX_POINT('',#10233);
#10233 = CARTESIAN_POINT('',(0.4,1.775,6.E-02));
#10234 = LINE('',#10235,#10236);
#10235 = CARTESIAN_POINT('',(0.4,1.675,6.E-02));
#10236 = VECTOR('',#10237,1.);
#10237 = DIRECTION('',(0.,1.,0.));
#10238 = ORIENTED_EDGE('',*,*,#10239,.F.);
#10239 = EDGE_CURVE('',#10240,#10232,#10242,.T.);
#10240 = VERTEX_POINT('',#10241);
#10241 = CARTESIAN_POINT('',(-0.4,1.775,6.E-02));
#10242 = LINE('',#10243,#10244);
#10243 = CARTESIAN_POINT('',(-4.,1.775,6.E-02));
#10244 = VECTOR('',#10245,1.);
#10245 = DIRECTION('',(1.,0.,0.));
#10246 = ORIENTED_EDGE('',*,*,#10247,.F.);
#10247 = EDGE_CURVE('',#10248,#10240,#10250,.T.);
#10248 = VERTEX_POINT('',#10249);
#10249 = CARTESIAN_POINT('',(-0.4,1.675,6.E-02));
#10250 = LINE('',#10251,#10252);
#10251 = CARTESIAN_POINT('',(-0.4,1.675,6.E-02));
#10252 = VECTOR('',#10253,1.);
#10253 = DIRECTION('',(0.,1.,0.));
#10254 = ORIENTED_EDGE('',*,*,#10255,.F.);
#10255 = EDGE_CURVE('',#10256,#10248,#10258,.T.);
#10256 = VERTEX_POINT('',#10257);
#10257 = CARTESIAN_POINT('',(-0.6,1.675,6.E-02));
#10258 = LINE('',#10259,#10260);
#10259 = CARTESIAN_POINT('',(-0.6,1.675,6.E-02));
#10260 = VECTOR('',#10261,1.);
#10261 = DIRECTION('',(1.,0.,0.));
#10262 = ORIENTED_EDGE('',*,*,#10263,.T.);
#10263 = EDGE_CURVE('',#10256,#10264,#10266,.T.);
#10264 = VERTEX_POINT('',#10265);
#10265 = CARTESIAN_POINT('',(-0.6,1.775,6.E-02));
#10266 = LINE('',#10267,#10268);
#10267 = CARTESIAN_POINT('',(-0.6,1.675,6.E-02));
#10268 = VECTOR('',#10269,1.);
#10269 = DIRECTION('',(0.,1.,0.));
#10270 = ORIENTED_EDGE('',*,*,#10271,.F.);
#10271 = EDGE_CURVE('',#10272,#10264,#10274,.T.);
#10272 = VERTEX_POINT('',#10273);
#10273 = CARTESIAN_POINT('',(-1.4,1.775,6.E-02));
#10274 = LINE('',#10275,#10276);
#10275 = CARTESIAN_POINT('',(-4.,1.775,6.E-02));
#10276 = VECTOR('',#10277,1.);
#10277 = DIRECTION('',(1.,0.,0.));
#10278 = ORIENTED_EDGE('',*,*,#10279,.F.);
#10279 = EDGE_CURVE('',#10280,#10272,#10282,.T.);
#10280 = VERTEX_POINT('',#10281);
#10281 = CARTESIAN_POINT('',(-1.4,1.675,6.E-02));
#10282 = LINE('',#10283,#10284);
#10283 = CARTESIAN_POINT('',(-1.4,1.675,6.E-02));
#10284 = VECTOR('',#10285,1.);
#10285 = DIRECTION('',(0.,1.,0.));
#10286 = ORIENTED_EDGE('',*,*,#10287,.F.);
#10287 = EDGE_CURVE('',#10288,#10280,#10290,.T.);
#10288 = VERTEX_POINT('',#10289);
#10289 = CARTESIAN_POINT('',(-1.6,1.675,6.E-02));
#10290 = LINE('',#10291,#10292);
#10291 = CARTESIAN_POINT('',(-1.6,1.675,6.E-02));
#10292 = VECTOR('',#10293,1.);
#10293 = DIRECTION('',(1.,0.,0.));
#10294 = ORIENTED_EDGE('',*,*,#10295,.T.);
#10295 = EDGE_CURVE('',#10288,#10296,#10298,.T.);
#10296 = VERTEX_POINT('',#10297);
#10297 = CARTESIAN_POINT('',(-1.6,1.775,6.E-02));
#10298 = LINE('',#10299,#10300);
#10299 = CARTESIAN_POINT('',(-1.6,1.675,6.E-02));
#10300 = VECTOR('',#10301,1.);
#10301 = DIRECTION('',(0.,1.,0.));
#10302 = ORIENTED_EDGE('',*,*,#10303,.F.);
#10303 = EDGE_CURVE('',#10304,#10296,#10306,.T.);
#10304 = VERTEX_POINT('',#10305);
#10305 = CARTESIAN_POINT('',(-2.4,1.775,6.E-02));
#10306 = LINE('',#10307,#10308);
#10307 = CARTESIAN_POINT('',(-4.,1.775,6.E-02));
#10308 = VECTOR('',#10309,1.);
#10309 = DIRECTION('',(1.,0.,0.));
#10310 = ORIENTED_EDGE('',*,*,#10311,.F.);
#10311 = EDGE_CURVE('',#10312,#10304,#10314,.T.);
#10312 = VERTEX_POINT('',#10313);
#10313 = CARTESIAN_POINT('',(-2.4,1.675,6.E-02));
#10314 = LINE('',#10315,#10316);
#10315 = CARTESIAN_POINT('',(-2.4,1.675,6.E-02));
#10316 = VECTOR('',#10317,1.);
#10317 = DIRECTION('',(0.,1.,0.));
#10318 = ORIENTED_EDGE('',*,*,#10319,.F.);
#10319 = EDGE_CURVE('',#10320,#10312,#10322,.T.);
#10320 = VERTEX_POINT('',#10321);
#10321 = CARTESIAN_POINT('',(-2.6,1.675,6.E-02));
#10322 = LINE('',#10323,#10324);
#10323 = CARTESIAN_POINT('',(-2.6,1.675,6.E-02));
#10324 = VECTOR('',#10325,1.);
#10325 = DIRECTION('',(1.,0.,0.));
#10326 = ORIENTED_EDGE('',*,*,#10327,.T.);
#10327 = EDGE_CURVE('',#10320,#10328,#10330,.T.);
#10328 = VERTEX_POINT('',#10329);
#10329 = CARTESIAN_POINT('',(-2.6,1.775,6.E-02));
#10330 = LINE('',#10331,#10332);
#10331 = CARTESIAN_POINT('',(-2.6,1.675,6.E-02));
#10332 = VECTOR('',#10333,1.);
#10333 = DIRECTION('',(0.,1.,0.));
#10334 = ORIENTED_EDGE('',*,*,#10335,.F.);
#10335 = EDGE_CURVE('',#10030,#10328,#10336,.T.);
#10336 = LINE('',#10337,#10338);
#10337 = CARTESIAN_POINT('',(-4.,1.775,6.E-02));
#10338 = VECTOR('',#10339,1.);
#10339 = DIRECTION('',(1.,0.,0.));
#10340 = ORIENTED_EDGE('',*,*,#10029,.T.);
#10341 = ORIENTED_EDGE('',*,*,#10342,.T.);
#10342 = EDGE_CURVE('',#10032,#10343,#10345,.T.);
#10343 = VERTEX_POINT('',#10344);
#10344 = CARTESIAN_POINT('',(-3.7,-0.975,6.E-02));
#10345 = LINE('',#10346,#10347);
#10346 = CARTESIAN_POINT('',(-4.,-0.975,6.E-02));
#10347 = VECTOR('',#10348,1.);
#10348 = DIRECTION('',(1.,0.,0.));
#10349 = ORIENTED_EDGE('',*,*,#10350,.T.);
#10350 = EDGE_CURVE('',#10343,#10351,#10353,.T.);
#10351 = VERTEX_POINT('',#10352);
#10352 = CARTESIAN_POINT('',(-3.5,-0.975,6.E-02));
#10353 = LINE('',#10354,#10355);
#10354 = CARTESIAN_POINT('',(-4.,-0.975,6.E-02));
#10355 = VECTOR('',#10356,1.);
#10356 = DIRECTION('',(1.,0.,0.));
#10357 = ORIENTED_EDGE('',*,*,#10358,.T.);
#10358 = EDGE_CURVE('',#10351,#10359,#10361,.T.);
#10359 = VERTEX_POINT('',#10360);
#10360 = CARTESIAN_POINT('',(-3.5,-2.475,6.E-02));
#10361 = LINE('',#10362,#10363);
#10362 = CARTESIAN_POINT('',(-3.5,-0.975,6.E-02));
#10363 = VECTOR('',#10364,1.);
#10364 = DIRECTION('',(0.,-1.,2.590520390792E-16));
#10365 = ORIENTED_EDGE('',*,*,#10366,.T.);
#10366 = EDGE_CURVE('',#10359,#10367,#10369,.T.);
#10367 = VERTEX_POINT('',#10368);
#10368 = CARTESIAN_POINT('',(3.5,-2.475,6.E-02));
#10369 = LINE('',#10370,#10371);
#10370 = CARTESIAN_POINT('',(-4.,-2.475,6.E-02));
#10371 = VECTOR('',#10372,1.);
#10372 = DIRECTION('',(1.,0.,0.));
#10373 = ORIENTED_EDGE('',*,*,#10374,.F.);
#10374 = EDGE_CURVE('',#10375,#10367,#10377,.T.);
#10375 = VERTEX_POINT('',#10376);
#10376 = CARTESIAN_POINT('',(3.5,-0.975,6.E-02));
#10377 = LINE('',#10378,#10379);
#10378 = CARTESIAN_POINT('',(3.5,-0.975,6.E-02));
#10379 = VECTOR('',#10380,1.);
#10380 = DIRECTION('',(0.,-1.,2.590520390792E-16));
#10381 = ORIENTED_EDGE('',*,*,#10382,.T.);
#10382 = EDGE_CURVE('',#10375,#10383,#10385,.T.);
#10383 = VERTEX_POINT('',#10384);
#10384 = CARTESIAN_POINT('',(3.7,-0.975,6.E-02));
#10385 = LINE('',#10386,#10387);
#10386 = CARTESIAN_POINT('',(3.5,-0.975,6.E-02));
#10387 = VECTOR('',#10388,1.);
#10388 = DIRECTION('',(1.,0.,0.));
#10389 = ORIENTED_EDGE('',*,*,#10390,.T.);
#10390 = EDGE_CURVE('',#10383,#10136,#10391,.T.);
#10391 = LINE('',#10392,#10393);
#10392 = CARTESIAN_POINT('',(3.5,-0.975,6.E-02));
#10393 = VECTOR('',#10394,1.);
#10394 = DIRECTION('',(1.,0.,0.));
#10395 = PLANE('',#10396);
#10396 = AXIS2_PLACEMENT_3D('',#10397,#10398,#10399);
#10397 = CARTESIAN_POINT('',(-4.,1.775,6.E-02));
#10398 = DIRECTION('',(0.,1.110223024625E-16,1.));
#10399 = DIRECTION('',(0.,-1.,1.110223024625E-16));
#10400 = ADVANCED_FACE('',(#10401),#10419,.F.);
#10401 = FACE_BOUND('',#10402,.F.);
#10402 = EDGE_LOOP('',(#10403,#10404,#10412,#10418));
#10403 = ORIENTED_EDGE('',*,*,#10119,.F.);
#10404 = ORIENTED_EDGE('',*,*,#10405,.T.);
#10405 = EDGE_CURVE('',#10112,#10406,#10408,.T.);
#10406 = VERTEX_POINT('',#10407);
#10407 = CARTESIAN_POINT('',(-3.7,-0.975,0.61));
#10408 = LINE('',#10409,#10410);
#10409 = CARTESIAN_POINT('',(-4.,-0.975,0.61));
#10410 = VECTOR('',#10411,1.);
#10411 = DIRECTION('',(1.,0.,0.));
#10412 = ORIENTED_EDGE('',*,*,#10413,.T.);
#10413 = EDGE_CURVE('',#10406,#10343,#10414,.T.);
#10414 = LINE('',#10415,#10416);
#10415 = CARTESIAN_POINT('',(-3.7,-0.975,0.61));
#10416 = VECTOR('',#10417,1.);
#10417 = DIRECTION('',(0.,0.,-1.));
#10418 = ORIENTED_EDGE('',*,*,#10342,.F.);
#10419 = PLANE('',#10420);
#10420 = AXIS2_PLACEMENT_3D('',#10421,#10422,#10423);
#10421 = CARTESIAN_POINT('',(-4.,-0.975,0.61));
#10422 = DIRECTION('',(0.,1.,-1.110223024625E-16));
#10423 = DIRECTION('',(0.,-1.110223024625E-16,-1.));
#10424 = ADVANCED_FACE('',(#10425),#10443,.F.);
#10425 = FACE_BOUND('',#10426,.F.);
#10426 = EDGE_LOOP('',(#10427,#10428,#10436,#10442));
#10427 = ORIENTED_EDGE('',*,*,#10111,.F.);
#10428 = ORIENTED_EDGE('',*,*,#10429,.T.);
#10429 = EDGE_CURVE('',#10104,#10430,#10432,.T.);
#10430 = VERTEX_POINT('',#10431);
#10431 = CARTESIAN_POINT('',(-3.7,-1.975,0.61));
#10432 = LINE('',#10433,#10434);
#10433 = CARTESIAN_POINT('',(-4.,-1.975,0.61));
#10434 = VECTOR('',#10435,1.);
#10435 = DIRECTION('',(1.,0.,0.));
#10436 = ORIENTED_EDGE('',*,*,#10437,.T.);
#10437 = EDGE_CURVE('',#10430,#10406,#10438,.T.);
#10438 = LINE('',#10439,#10440);
#10439 = CARTESIAN_POINT('',(-3.7,-1.975,0.61));
#10440 = VECTOR('',#10441,1.);
#10441 = DIRECTION('',(0.,1.,0.));
#10442 = ORIENTED_EDGE('',*,*,#10405,.F.);
#10443 = PLANE('',#10444);
#10444 = AXIS2_PLACEMENT_3D('',#10445,#10446,#10447);
#10445 = CARTESIAN_POINT('',(-4.,-1.975,0.61));
#10446 = DIRECTION('',(0.,1.110223024625E-16,1.));
#10447 = DIRECTION('',(0.,1.,-1.110223024625E-16));
#10448 = ADVANCED_FACE('',(#10449),#10467,.F.);
#10449 = FACE_BOUND('',#10450,.F.);
#10450 = EDGE_LOOP('',(#10451,#10452,#10460,#10466));
#10451 = ORIENTED_EDGE('',*,*,#10103,.F.);
#10452 = ORIENTED_EDGE('',*,*,#10453,.T.);
#10453 = EDGE_CURVE('',#10096,#10454,#10456,.T.);
#10454 = VERTEX_POINT('',#10455);
#10455 = CARTESIAN_POINT('',(-3.7,-1.975,1.26));
#10456 = LINE('',#10457,#10458);
#10457 = CARTESIAN_POINT('',(-4.,-1.975,1.26));
#10458 = VECTOR('',#10459,1.);
#10459 = DIRECTION('',(1.,0.,0.));
#10460 = ORIENTED_EDGE('',*,*,#10461,.T.);
#10461 = EDGE_CURVE('',#10454,#10430,#10462,.T.);
#10462 = LINE('',#10463,#10464);
#10463 = CARTESIAN_POINT('',(-3.7,-1.975,1.26));
#10464 = VECTOR('',#10465,1.);
#10465 = DIRECTION('',(0.,0.,-1.));
#10466 = ORIENTED_EDGE('',*,*,#10429,.F.);
#10467 = PLANE('',#10468);
#10468 = AXIS2_PLACEMENT_3D('',#10469,#10470,#10471);
#10469 = CARTESIAN_POINT('',(-4.,-1.975,1.26));
#10470 = DIRECTION('',(0.,1.,-1.110223024625E-16));
#10471 = DIRECTION('',(0.,-1.110223024625E-16,-1.));
#10472 = ADVANCED_FACE('',(#10473),#10491,.F.);
#10473 = FACE_BOUND('',#10474,.F.);
#10474 = EDGE_LOOP('',(#10475,#10476,#10484,#10490));
#10475 = ORIENTED_EDGE('',*,*,#10095,.F.);
#10476 = ORIENTED_EDGE('',*,*,#10477,.T.);
#10477 = EDGE_CURVE('',#10088,#10478,#10480,.T.);
#10478 = VERTEX_POINT('',#10479);
#10479 = CARTESIAN_POINT('',(-3.7,-2.475,1.26));
#10480 = LINE('',#10481,#10482);
#10481 = CARTESIAN_POINT('',(-4.,-2.475,1.26));
#10482 = VECTOR('',#10483,1.);
#10483 = DIRECTION('',(1.,0.,0.));
#10484 = ORIENTED_EDGE('',*,*,#10485,.T.);
#10485 = EDGE_CURVE('',#10478,#10454,#10486,.T.);
#10486 = LINE('',#10487,#10488);
#10487 = CARTESIAN_POINT('',(-3.7,-2.475,1.26));
#10488 = VECTOR('',#10489,1.);
#10489 = DIRECTION('',(0.,1.,0.));
#10490 = ORIENTED_EDGE('',*,*,#10453,.F.);
#10491 = PLANE('',#10492);
#10492 = AXIS2_PLACEMENT_3D('',#10493,#10494,#10495);
#10493 = CARTESIAN_POINT('',(-4.,-2.475,1.26));
#10494 = DIRECTION('',(0.,1.110223024625E-16,1.));
#10495 = DIRECTION('',(0.,1.,-1.110223024625E-16));
#10496 = ADVANCED_FACE('',(#10497,#10554),#10652,.T.);
#10497 = FACE_BOUND('',#10498,.T.);
#10498 = EDGE_LOOP('',(#10499,#10500,#10501,#10509,#10515,#10516,#10524,
    #10532,#10540,#10548));
#10499 = ORIENTED_EDGE('',*,*,#10087,.F.);
#10500 = ORIENTED_EDGE('',*,*,#10477,.T.);
#10501 = ORIENTED_EDGE('',*,*,#10502,.T.);
#10502 = EDGE_CURVE('',#10478,#10503,#10505,.T.);
#10503 = VERTEX_POINT('',#10504);
#10504 = CARTESIAN_POINT('',(-3.5,-2.475,1.26));
#10505 = LINE('',#10506,#10507);
#10506 = CARTESIAN_POINT('',(-4.,-2.475,1.26));
#10507 = VECTOR('',#10508,1.);
#10508 = DIRECTION('',(1.,0.,0.));
#10509 = ORIENTED_EDGE('',*,*,#10510,.F.);
#10510 = EDGE_CURVE('',#10359,#10503,#10511,.T.);
#10511 = LINE('',#10512,#10513);
#10512 = CARTESIAN_POINT('',(-3.5,-2.475,6.E-02));
#10513 = VECTOR('',#10514,1.);
#10514 = DIRECTION('',(0.,1.110223024625E-16,1.));
#10515 = ORIENTED_EDGE('',*,*,#10366,.T.);
#10516 = ORIENTED_EDGE('',*,*,#10517,.T.);
#10517 = EDGE_CURVE('',#10367,#10518,#10520,.T.);
#10518 = VERTEX_POINT('',#10519);
#10519 = CARTESIAN_POINT('',(3.5,-2.475,1.26));
#10520 = LINE('',#10521,#10522);
#10521 = CARTESIAN_POINT('',(3.5,-2.475,6.E-02));
#10522 = VECTOR('',#10523,1.);
#10523 = DIRECTION('',(0.,1.110223024625E-16,1.));
#10524 = ORIENTED_EDGE('',*,*,#10525,.T.);
#10525 = EDGE_CURVE('',#10518,#10526,#10528,.T.);
#10526 = VERTEX_POINT('',#10527);
#10527 = CARTESIAN_POINT('',(3.7,-2.475,1.26));
#10528 = LINE('',#10529,#10530);
#10529 = CARTESIAN_POINT('',(3.5,-2.475,1.26));
#10530 = VECTOR('',#10531,1.);
#10531 = DIRECTION('',(1.,0.,0.));
#10532 = ORIENTED_EDGE('',*,*,#10533,.T.);
#10533 = EDGE_CURVE('',#10526,#10534,#10536,.T.);
#10534 = VERTEX_POINT('',#10535);
#10535 = CARTESIAN_POINT('',(4.,-2.475,1.26));
#10536 = LINE('',#10537,#10538);
#10537 = CARTESIAN_POINT('',(3.5,-2.475,1.26));
#10538 = VECTOR('',#10539,1.);
#10539 = DIRECTION('',(1.,0.,0.));
#10540 = ORIENTED_EDGE('',*,*,#10541,.T.);
#10541 = EDGE_CURVE('',#10534,#10542,#10544,.T.);
#10542 = VERTEX_POINT('',#10543);
#10543 = CARTESIAN_POINT('',(4.,-2.475,2.96));
#10544 = LINE('',#10545,#10546);
#10545 = CARTESIAN_POINT('',(4.,-2.475,6.E-02));
#10546 = VECTOR('',#10547,1.);
#10547 = DIRECTION('',(0.,1.110223024625E-16,1.));
#10548 = ORIENTED_EDGE('',*,*,#10549,.F.);
#10549 = EDGE_CURVE('',#10080,#10542,#10550,.T.);
#10550 = LINE('',#10551,#10552);
#10551 = CARTESIAN_POINT('',(-4.,-2.475,2.96));
#10552 = VECTOR('',#10553,1.);
#10553 = DIRECTION('',(1.,0.,0.));
#10554 = FACE_BOUND('',#10555,.T.);
#10555 = EDGE_LOOP('',(#10556,#10566,#10574,#10582,#10590,#10598,#10606,
    #10614,#10622,#10630,#10638,#10646));
#10556 = ORIENTED_EDGE('',*,*,#10557,.F.);
#10557 = EDGE_CURVE('',#10558,#10560,#10562,.T.);
#10558 = VERTEX_POINT('',#10559);
#10559 = CARTESIAN_POINT('',(3.2,-2.475,0.46));
#10560 = VERTEX_POINT('',#10561);
#10561 = CARTESIAN_POINT('',(3.2,-2.475,1.46));
#10562 = LINE('',#10563,#10564);
#10563 = CARTESIAN_POINT('',(3.2,-2.475,0.46));
#10564 = VECTOR('',#10565,1.);
#10565 = DIRECTION('',(0.,1.110223024625E-16,1.));
#10566 = ORIENTED_EDGE('',*,*,#10567,.F.);
#10567 = EDGE_CURVE('',#10568,#10558,#10570,.T.);
#10568 = VERTEX_POINT('',#10569);
#10569 = CARTESIAN_POINT('',(-3.2,-2.475,0.46));
#10570 = LINE('',#10571,#10572);
#10571 = CARTESIAN_POINT('',(-3.2,-2.475,0.46));
#10572 = VECTOR('',#10573,1.);
#10573 = DIRECTION('',(1.,0.,0.));
#10574 = ORIENTED_EDGE('',*,*,#10575,.F.);
#10575 = EDGE_CURVE('',#10576,#10568,#10578,.T.);
#10576 = VERTEX_POINT('',#10577);
#10577 = CARTESIAN_POINT('',(-3.2,-2.475,1.46));
#10578 = LINE('',#10579,#10580);
#10579 = CARTESIAN_POINT('',(-3.2,-2.475,2.56));
#10580 = VECTOR('',#10581,1.);
#10581 = DIRECTION('',(0.,-1.110223024625E-16,-1.));
#10582 = ORIENTED_EDGE('',*,*,#10583,.F.);
#10583 = EDGE_CURVE('',#10584,#10576,#10586,.T.);
#10584 = VERTEX_POINT('',#10585);
#10585 = CARTESIAN_POINT('',(-3.55,-2.475,1.46));
#10586 = LINE('',#10587,#10588);
#10587 = CARTESIAN_POINT('',(-3.55,-2.475,1.46));
#10588 = VECTOR('',#10589,1.);
#10589 = DIRECTION('',(1.,0.,0.));
#10590 = ORIENTED_EDGE('',*,*,#10591,.F.);
#10591 = EDGE_CURVE('',#10592,#10584,#10594,.T.);
#10592 = VERTEX_POINT('',#10593);
#10593 = CARTESIAN_POINT('',(-3.55,-2.475,2.06));
#10594 = LINE('',#10595,#10596);
#10595 = CARTESIAN_POINT('',(-3.55,-2.475,2.06));
#10596 = VECTOR('',#10597,1.);
#10597 = DIRECTION('',(0.,-1.110223024625E-16,-1.));
#10598 = ORIENTED_EDGE('',*,*,#10599,.F.);
#10599 = EDGE_CURVE('',#10600,#10592,#10602,.T.);
#10600 = VERTEX_POINT('',#10601);
#10601 = CARTESIAN_POINT('',(-3.2,-2.475,2.06));
#10602 = LINE('',#10603,#10604);
#10603 = CARTESIAN_POINT('',(3.55,-2.475,2.06));
#10604 = VECTOR('',#10605,1.);
#10605 = DIRECTION('',(-1.,0.,0.));
#10606 = ORIENTED_EDGE('',*,*,#10607,.F.);
#10607 = EDGE_CURVE('',#10608,#10600,#10610,.T.);
#10608 = VERTEX_POINT('',#10609);
#10609 = CARTESIAN_POINT('',(-3.2,-2.475,2.56));
#10610 = LINE('',#10611,#10612);
#10611 = CARTESIAN_POINT('',(-3.2,-2.475,2.56));
#10612 = VECTOR('',#10613,1.);
#10613 = DIRECTION('',(0.,-1.110223024625E-16,-1.));
#10614 = ORIENTED_EDGE('',*,*,#10615,.F.);
#10615 = EDGE_CURVE('',#10616,#10608,#10618,.T.);
#10616 = VERTEX_POINT('',#10617);
#10617 = CARTESIAN_POINT('',(3.2,-2.475,2.56));
#10618 = LINE('',#10619,#10620);
#10619 = CARTESIAN_POINT('',(3.2,-2.475,2.56));
#10620 = VECTOR('',#10621,1.);
#10621 = DIRECTION('',(-1.,0.,0.));
#10622 = ORIENTED_EDGE('',*,*,#10623,.F.);
#10623 = EDGE_CURVE('',#10624,#10616,#10626,.T.);
#10624 = VERTEX_POINT('',#10625);
#10625 = CARTESIAN_POINT('',(3.2,-2.475,2.06));
#10626 = LINE('',#10627,#10628);
#10627 = CARTESIAN_POINT('',(3.2,-2.475,0.46));
#10628 = VECTOR('',#10629,1.);
#10629 = DIRECTION('',(0.,1.110223024625E-16,1.));
#10630 = ORIENTED_EDGE('',*,*,#10631,.F.);
#10631 = EDGE_CURVE('',#10632,#10624,#10634,.T.);
#10632 = VERTEX_POINT('',#10633);
#10633 = CARTESIAN_POINT('',(3.55,-2.475,2.06));
#10634 = LINE('',#10635,#10636);
#10635 = CARTESIAN_POINT('',(3.55,-2.475,2.06));
#10636 = VECTOR('',#10637,1.);
#10637 = DIRECTION('',(-1.,0.,0.));
#10638 = ORIENTED_EDGE('',*,*,#10639,.F.);
#10639 = EDGE_CURVE('',#10640,#10632,#10642,.T.);
#10640 = VERTEX_POINT('',#10641);
#10641 = CARTESIAN_POINT('',(3.55,-2.475,1.46));
#10642 = LINE('',#10643,#10644);
#10643 = CARTESIAN_POINT('',(3.55,-2.475,1.46));
#10644 = VECTOR('',#10645,1.);
#10645 = DIRECTION('',(0.,1.110223024625E-16,1.));
#10646 = ORIENTED_EDGE('',*,*,#10647,.F.);
#10647 = EDGE_CURVE('',#10560,#10640,#10648,.T.);
#10648 = LINE('',#10649,#10650);
#10649 = CARTESIAN_POINT('',(-3.55,-2.475,1.46));
#10650 = VECTOR('',#10651,1.);
#10651 = DIRECTION('',(1.,0.,0.));
#10652 = PLANE('',#10653);
#10653 = AXIS2_PLACEMENT_3D('',#10654,#10655,#10656);
#10654 = CARTESIAN_POINT('',(-4.,-2.475,6.E-02));
#10655 = DIRECTION('',(0.,-1.,1.110223024625E-16));
#10656 = DIRECTION('',(1.,0.,0.));
#10657 = ADVANCED_FACE('',(#10658),#10708,.T.);
#10658 = FACE_BOUND('',#10659,.T.);
#10659 = EDGE_LOOP('',(#10660,#10670,#10678,#10684,#10685,#10686,#10694,
    #10702));
#10660 = ORIENTED_EDGE('',*,*,#10661,.F.);
#10661 = EDGE_CURVE('',#10662,#10664,#10666,.T.);
#10662 = VERTEX_POINT('',#10663);
#10663 = CARTESIAN_POINT('',(-3.5,1.775,2.96));
#10664 = VERTEX_POINT('',#10665);
#10665 = CARTESIAN_POINT('',(3.5,1.775,2.96));
#10666 = LINE('',#10667,#10668);
#10667 = CARTESIAN_POINT('',(-4.,1.775,2.96));
#10668 = VECTOR('',#10669,1.);
#10669 = DIRECTION('',(1.,0.,0.));
#10670 = ORIENTED_EDGE('',*,*,#10671,.F.);
#10671 = EDGE_CURVE('',#10672,#10662,#10674,.T.);
#10672 = VERTEX_POINT('',#10673);
#10673 = CARTESIAN_POINT('',(-3.5,0.286,2.96));
#10674 = LINE('',#10675,#10676);
#10675 = CARTESIAN_POINT('',(-3.5,0.286,2.96));
#10676 = VECTOR('',#10677,1.);
#10677 = DIRECTION('',(0.,1.,-1.110223024625E-16));
#10678 = ORIENTED_EDGE('',*,*,#10679,.F.);
#10679 = EDGE_CURVE('',#10072,#10672,#10680,.T.);
#10680 = LINE('',#10681,#10682);
#10681 = CARTESIAN_POINT('',(-4.,0.286,2.96));
#10682 = VECTOR('',#10683,1.);
#10683 = DIRECTION('',(1.,0.,0.));
#10684 = ORIENTED_EDGE('',*,*,#10079,.T.);
#10685 = ORIENTED_EDGE('',*,*,#10549,.T.);
#10686 = ORIENTED_EDGE('',*,*,#10687,.F.);
#10687 = EDGE_CURVE('',#10688,#10542,#10690,.T.);
#10688 = VERTEX_POINT('',#10689);
#10689 = CARTESIAN_POINT('',(4.,0.286,2.96));
#10690 = LINE('',#10691,#10692);
#10691 = CARTESIAN_POINT('',(4.,1.775,2.96));
#10692 = VECTOR('',#10693,1.);
#10693 = DIRECTION('',(0.,-1.,1.110223024625E-16));
#10694 = ORIENTED_EDGE('',*,*,#10695,.F.);
#10695 = EDGE_CURVE('',#10696,#10688,#10698,.T.);
#10696 = VERTEX_POINT('',#10697);
#10697 = CARTESIAN_POINT('',(3.5,0.286,2.96));
#10698 = LINE('',#10699,#10700);
#10699 = CARTESIAN_POINT('',(3.5,0.286,2.96));
#10700 = VECTOR('',#10701,1.);
#10701 = DIRECTION('',(1.,0.,0.));
#10702 = ORIENTED_EDGE('',*,*,#10703,.T.);
#10703 = EDGE_CURVE('',#10696,#10664,#10704,.T.);
#10704 = LINE('',#10705,#10706);
#10705 = CARTESIAN_POINT('',(3.5,0.286,2.96));
#10706 = VECTOR('',#10707,1.);
#10707 = DIRECTION('',(0.,1.,-1.110223024625E-16));
#10708 = PLANE('',#10709);
#10709 = AXIS2_PLACEMENT_3D('',#10710,#10711,#10712);
#10710 = CARTESIAN_POINT('',(-4.,1.775,2.96));
#10711 = DIRECTION('',(0.,1.110223024625E-16,1.));
#10712 = DIRECTION('',(0.,-1.,1.110223024625E-16));
#10713 = ADVANCED_FACE('',(#10714),#10732,.F.);
#10714 = FACE_BOUND('',#10715,.F.);
#10715 = EDGE_LOOP('',(#10716,#10724,#10730,#10731));
#10716 = ORIENTED_EDGE('',*,*,#10717,.T.);
#10717 = EDGE_CURVE('',#10064,#10718,#10720,.T.);
#10718 = VERTEX_POINT('',#10719);
#10719 = CARTESIAN_POINT('',(-3.5,0.575,2.46));
#10720 = LINE('',#10721,#10722);
#10721 = CARTESIAN_POINT('',(-4.,0.575,2.46));
#10722 = VECTOR('',#10723,1.);
#10723 = DIRECTION('',(1.,0.,0.));
#10724 = ORIENTED_EDGE('',*,*,#10725,.T.);
#10725 = EDGE_CURVE('',#10718,#10672,#10726,.T.);
#10726 = LINE('',#10727,#10728);
#10727 = CARTESIAN_POINT('',(-3.5,0.575,2.46));
#10728 = VECTOR('',#10729,1.);
#10729 = DIRECTION('',(0.,-0.500421834463,0.865781720524));
#10730 = ORIENTED_EDGE('',*,*,#10679,.F.);
#10731 = ORIENTED_EDGE('',*,*,#10071,.F.);
#10732 = PLANE('',#10733);
#10733 = AXIS2_PLACEMENT_3D('',#10734,#10735,#10736);
#10734 = CARTESIAN_POINT('',(-4.,0.575,2.46));
#10735 = DIRECTION('',(0.,-0.865781720524,-0.500421834463));
#10736 = DIRECTION('',(0.,-0.500421834463,0.865781720524));
#10737 = ADVANCED_FACE('',(#10738),#10756,.F.);
#10738 = FACE_BOUND('',#10739,.F.);
#10739 = EDGE_LOOP('',(#10740,#10748,#10754,#10755));
#10740 = ORIENTED_EDGE('',*,*,#10741,.T.);
#10741 = EDGE_CURVE('',#10056,#10742,#10744,.T.);
#10742 = VERTEX_POINT('',#10743);
#10743 = CARTESIAN_POINT('',(-3.5,1.225,2.46));
#10744 = LINE('',#10745,#10746);
#10745 = CARTESIAN_POINT('',(-4.,1.225,2.46));
#10746 = VECTOR('',#10747,1.);
#10747 = DIRECTION('',(1.,0.,0.));
#10748 = ORIENTED_EDGE('',*,*,#10749,.T.);
#10749 = EDGE_CURVE('',#10742,#10718,#10750,.T.);
#10750 = LINE('',#10751,#10752);
#10751 = CARTESIAN_POINT('',(-3.5,1.225,2.46));
#10752 = VECTOR('',#10753,1.);
#10753 = DIRECTION('',(0.,-1.,1.110223024625E-16));
#10754 = ORIENTED_EDGE('',*,*,#10717,.F.);
#10755 = ORIENTED_EDGE('',*,*,#10063,.F.);
#10756 = PLANE('',#10757);
#10757 = AXIS2_PLACEMENT_3D('',#10758,#10759,#10760);
#10758 = CARTESIAN_POINT('',(-4.,1.225,2.46));
#10759 = DIRECTION('',(0.,-1.110223024625E-16,-1.));
#10760 = DIRECTION('',(0.,-1.,1.110223024625E-16));
#10761 = ADVANCED_FACE('',(#10762),#10780,.F.);
#10762 = FACE_BOUND('',#10763,.F.);
#10763 = EDGE_LOOP('',(#10764,#10772,#10778,#10779));
#10764 = ORIENTED_EDGE('',*,*,#10765,.T.);
#10765 = EDGE_CURVE('',#10048,#10766,#10768,.T.);
#10766 = VERTEX_POINT('',#10767);
#10767 = CARTESIAN_POINT('',(-3.5,1.225,1.46));
#10768 = LINE('',#10769,#10770);
#10769 = CARTESIAN_POINT('',(-4.,1.225,1.46));
#10770 = VECTOR('',#10771,1.);
#10771 = DIRECTION('',(1.,0.,0.));
#10772 = ORIENTED_EDGE('',*,*,#10773,.T.);
#10773 = EDGE_CURVE('',#10766,#10742,#10774,.T.);
#10774 = LINE('',#10775,#10776);
#10775 = CARTESIAN_POINT('',(-3.5,1.225,1.46));
#10776 = VECTOR('',#10777,1.);
#10777 = DIRECTION('',(0.,1.110223024625E-16,1.));
#10778 = ORIENTED_EDGE('',*,*,#10741,.F.);
#10779 = ORIENTED_EDGE('',*,*,#10055,.F.);
#10780 = PLANE('',#10781);
#10781 = AXIS2_PLACEMENT_3D('',#10782,#10783,#10784);
#10782 = CARTESIAN_POINT('',(-4.,1.225,1.46));
#10783 = DIRECTION('',(0.,-1.,1.110223024625E-16));
#10784 = DIRECTION('',(0.,1.110223024625E-16,1.));
#10785 = ADVANCED_FACE('',(#10786),#10804,.F.);
#10786 = FACE_BOUND('',#10787,.F.);
#10787 = EDGE_LOOP('',(#10788,#10796,#10802,#10803));
#10788 = ORIENTED_EDGE('',*,*,#10789,.T.);
#10789 = EDGE_CURVE('',#10040,#10790,#10792,.T.);
#10790 = VERTEX_POINT('',#10791);
#10791 = CARTESIAN_POINT('',(-3.5,1.775,1.46));
#10792 = LINE('',#10793,#10794);
#10793 = CARTESIAN_POINT('',(-4.,1.775,1.46));
#10794 = VECTOR('',#10795,1.);
#10795 = DIRECTION('',(1.,0.,0.));
#10796 = ORIENTED_EDGE('',*,*,#10797,.T.);
#10797 = EDGE_CURVE('',#10790,#10766,#10798,.T.);
#10798 = LINE('',#10799,#10800);
#10799 = CARTESIAN_POINT('',(-3.5,1.775,1.46));
#10800 = VECTOR('',#10801,1.);
#10801 = DIRECTION('',(0.,-1.,1.110223024625E-16));
#10802 = ORIENTED_EDGE('',*,*,#10765,.F.);
#10803 = ORIENTED_EDGE('',*,*,#10047,.F.);
#10804 = PLANE('',#10805);
#10805 = AXIS2_PLACEMENT_3D('',#10806,#10807,#10808);
#10806 = CARTESIAN_POINT('',(-4.,1.775,1.46));
#10807 = DIRECTION('',(0.,-1.110223024625E-16,-1.));
#10808 = DIRECTION('',(0.,-1.,1.110223024625E-16));
#10809 = ADVANCED_FACE('',(#10810),#10982,.F.);
#10810 = FACE_BOUND('',#10811,.F.);
#10811 = EDGE_LOOP('',(#10812,#10813,#10814,#10822,#10830,#10836,#10837,
    #10845,#10853,#10859,#10860,#10868,#10876,#10882,#10883,#10891,
    #10899,#10905,#10906,#10914,#10922,#10928,#10929,#10937,#10945,
    #10951,#10952,#10960,#10968,#10974,#10975,#10981));
#10812 = ORIENTED_EDGE('',*,*,#10039,.F.);
#10813 = ORIENTED_EDGE('',*,*,#10335,.T.);
#10814 = ORIENTED_EDGE('',*,*,#10815,.T.);
#10815 = EDGE_CURVE('',#10328,#10816,#10818,.T.);
#10816 = VERTEX_POINT('',#10817);
#10817 = CARTESIAN_POINT('',(-2.6,1.775,0.2));
#10818 = LINE('',#10819,#10820);
#10819 = CARTESIAN_POINT('',(-2.6,1.775,6.E-02));
#10820 = VECTOR('',#10821,1.);
#10821 = DIRECTION('',(0.,0.,1.));
#10822 = ORIENTED_EDGE('',*,*,#10823,.T.);
#10823 = EDGE_CURVE('',#10816,#10824,#10826,.T.);
#10824 = VERTEX_POINT('',#10825);
#10825 = CARTESIAN_POINT('',(-2.4,1.775,0.2));
#10826 = LINE('',#10827,#10828);
#10827 = CARTESIAN_POINT('',(-2.6,1.775,0.2));
#10828 = VECTOR('',#10829,1.);
#10829 = DIRECTION('',(1.,0.,0.));
#10830 = ORIENTED_EDGE('',*,*,#10831,.F.);
#10831 = EDGE_CURVE('',#10304,#10824,#10832,.T.);
#10832 = LINE('',#10833,#10834);
#10833 = CARTESIAN_POINT('',(-2.4,1.775,6.E-02));
#10834 = VECTOR('',#10835,1.);
#10835 = DIRECTION('',(0.,0.,1.));
#10836 = ORIENTED_EDGE('',*,*,#10303,.T.);
#10837 = ORIENTED_EDGE('',*,*,#10838,.T.);
#10838 = EDGE_CURVE('',#10296,#10839,#10841,.T.);
#10839 = VERTEX_POINT('',#10840);
#10840 = CARTESIAN_POINT('',(-1.6,1.775,0.2));
#10841 = LINE('',#10842,#10843);
#10842 = CARTESIAN_POINT('',(-1.6,1.775,6.E-02));
#10843 = VECTOR('',#10844,1.);
#10844 = DIRECTION('',(0.,0.,1.));
#10845 = ORIENTED_EDGE('',*,*,#10846,.T.);
#10846 = EDGE_CURVE('',#10839,#10847,#10849,.T.);
#10847 = VERTEX_POINT('',#10848);
#10848 = CARTESIAN_POINT('',(-1.4,1.775,0.2));
#10849 = LINE('',#10850,#10851);
#10850 = CARTESIAN_POINT('',(-1.6,1.775,0.2));
#10851 = VECTOR('',#10852,1.);
#10852 = DIRECTION('',(1.,0.,0.));
#10853 = ORIENTED_EDGE('',*,*,#10854,.F.);
#10854 = EDGE_CURVE('',#10272,#10847,#10855,.T.);
#10855 = LINE('',#10856,#10857);
#10856 = CARTESIAN_POINT('',(-1.4,1.775,6.E-02));
#10857 = VECTOR('',#10858,1.);
#10858 = DIRECTION('',(0.,0.,1.));
#10859 = ORIENTED_EDGE('',*,*,#10271,.T.);
#10860 = ORIENTED_EDGE('',*,*,#10861,.T.);
#10861 = EDGE_CURVE('',#10264,#10862,#10864,.T.);
#10862 = VERTEX_POINT('',#10863);
#10863 = CARTESIAN_POINT('',(-0.6,1.775,0.2));
#10864 = LINE('',#10865,#10866);
#10865 = CARTESIAN_POINT('',(-0.6,1.775,6.E-02));
#10866 = VECTOR('',#10867,1.);
#10867 = DIRECTION('',(0.,0.,1.));
#10868 = ORIENTED_EDGE('',*,*,#10869,.T.);
#10869 = EDGE_CURVE('',#10862,#10870,#10872,.T.);
#10870 = VERTEX_POINT('',#10871);
#10871 = CARTESIAN_POINT('',(-0.4,1.775,0.2));
#10872 = LINE('',#10873,#10874);
#10873 = CARTESIAN_POINT('',(-0.6,1.775,0.2));
#10874 = VECTOR('',#10875,1.);
#10875 = DIRECTION('',(1.,0.,0.));
#10876 = ORIENTED_EDGE('',*,*,#10877,.F.);
#10877 = EDGE_CURVE('',#10240,#10870,#10878,.T.);
#10878 = LINE('',#10879,#10880);
#10879 = CARTESIAN_POINT('',(-0.4,1.775,6.E-02));
#10880 = VECTOR('',#10881,1.);
#10881 = DIRECTION('',(0.,0.,1.));
#10882 = ORIENTED_EDGE('',*,*,#10239,.T.);
#10883 = ORIENTED_EDGE('',*,*,#10884,.T.);
#10884 = EDGE_CURVE('',#10232,#10885,#10887,.T.);
#10885 = VERTEX_POINT('',#10886);
#10886 = CARTESIAN_POINT('',(0.4,1.775,0.2));
#10887 = LINE('',#10888,#10889);
#10888 = CARTESIAN_POINT('',(0.4,1.775,6.E-02));
#10889 = VECTOR('',#10890,1.);
#10890 = DIRECTION('',(0.,0.,1.));
#10891 = ORIENTED_EDGE('',*,*,#10892,.T.);
#10892 = EDGE_CURVE('',#10885,#10893,#10895,.T.);
#10893 = VERTEX_POINT('',#10894);
#10894 = CARTESIAN_POINT('',(0.6,1.775,0.2));
#10895 = LINE('',#10896,#10897);
#10896 = CARTESIAN_POINT('',(0.4,1.775,0.2));
#10897 = VECTOR('',#10898,1.);
#10898 = DIRECTION('',(1.,0.,0.));
#10899 = ORIENTED_EDGE('',*,*,#10900,.F.);
#10900 = EDGE_CURVE('',#10208,#10893,#10901,.T.);
#10901 = LINE('',#10902,#10903);
#10902 = CARTESIAN_POINT('',(0.6,1.775,6.E-02));
#10903 = VECTOR('',#10904,1.);
#10904 = DIRECTION('',(0.,0.,1.));
#10905 = ORIENTED_EDGE('',*,*,#10207,.T.);
#10906 = ORIENTED_EDGE('',*,*,#10907,.T.);
#10907 = EDGE_CURVE('',#10200,#10908,#10910,.T.);
#10908 = VERTEX_POINT('',#10909);
#10909 = CARTESIAN_POINT('',(1.4,1.775,0.2));
#10910 = LINE('',#10911,#10912);
#10911 = CARTESIAN_POINT('',(1.4,1.775,6.E-02));
#10912 = VECTOR('',#10913,1.);
#10913 = DIRECTION('',(0.,0.,1.));
#10914 = ORIENTED_EDGE('',*,*,#10915,.T.);
#10915 = EDGE_CURVE('',#10908,#10916,#10918,.T.);
#10916 = VERTEX_POINT('',#10917);
#10917 = CARTESIAN_POINT('',(1.6,1.775,0.2));
#10918 = LINE('',#10919,#10920);
#10919 = CARTESIAN_POINT('',(1.4,1.775,0.2));
#10920 = VECTOR('',#10921,1.);
#10921 = DIRECTION('',(1.,0.,0.));
#10922 = ORIENTED_EDGE('',*,*,#10923,.F.);
#10923 = EDGE_CURVE('',#10176,#10916,#10924,.T.);
#10924 = LINE('',#10925,#10926);
#10925 = CARTESIAN_POINT('',(1.6,1.775,6.E-02));
#10926 = VECTOR('',#10927,1.);
#10927 = DIRECTION('',(0.,0.,1.));
#10928 = ORIENTED_EDGE('',*,*,#10175,.T.);
#10929 = ORIENTED_EDGE('',*,*,#10930,.T.);
#10930 = EDGE_CURVE('',#10168,#10931,#10933,.T.);
#10931 = VERTEX_POINT('',#10932);
#10932 = CARTESIAN_POINT('',(2.4,1.775,0.2));
#10933 = LINE('',#10934,#10935);
#10934 = CARTESIAN_POINT('',(2.4,1.775,6.E-02));
#10935 = VECTOR('',#10936,1.);
#10936 = DIRECTION('',(0.,0.,1.));
#10937 = ORIENTED_EDGE('',*,*,#10938,.T.);
#10938 = EDGE_CURVE('',#10931,#10939,#10941,.T.);
#10939 = VERTEX_POINT('',#10940);
#10940 = CARTESIAN_POINT('',(2.6,1.775,0.2));
#10941 = LINE('',#10942,#10943);
#10942 = CARTESIAN_POINT('',(2.4,1.775,0.2));
#10943 = VECTOR('',#10944,1.);
#10944 = DIRECTION('',(1.,0.,0.));
#10945 = ORIENTED_EDGE('',*,*,#10946,.F.);
#10946 = EDGE_CURVE('',#10144,#10939,#10947,.T.);
#10947 = LINE('',#10948,#10949);
#10948 = CARTESIAN_POINT('',(2.6,1.775,6.E-02));
#10949 = VECTOR('',#10950,1.);
#10950 = DIRECTION('',(0.,0.,1.));
#10951 = ORIENTED_EDGE('',*,*,#10143,.T.);
#10952 = ORIENTED_EDGE('',*,*,#10953,.T.);
#10953 = EDGE_CURVE('',#10134,#10954,#10956,.T.);
#10954 = VERTEX_POINT('',#10955);
#10955 = CARTESIAN_POINT('',(4.,1.775,1.46));
#10956 = LINE('',#10957,#10958);
#10957 = CARTESIAN_POINT('',(4.,1.775,6.E-02));
#10958 = VECTOR('',#10959,1.);
#10959 = DIRECTION('',(0.,1.110223024625E-16,1.));
#10960 = ORIENTED_EDGE('',*,*,#10961,.F.);
#10961 = EDGE_CURVE('',#10962,#10954,#10964,.T.);
#10962 = VERTEX_POINT('',#10963);
#10963 = CARTESIAN_POINT('',(3.5,1.775,1.46));
#10964 = LINE('',#10965,#10966);
#10965 = CARTESIAN_POINT('',(3.5,1.775,1.46));
#10966 = VECTOR('',#10967,1.);
#10967 = DIRECTION('',(1.,0.,0.));
#10968 = ORIENTED_EDGE('',*,*,#10969,.F.);
#10969 = EDGE_CURVE('',#10664,#10962,#10970,.T.);
#10970 = LINE('',#10971,#10972);
#10971 = CARTESIAN_POINT('',(3.5,1.775,2.96));
#10972 = VECTOR('',#10973,1.);
#10973 = DIRECTION('',(0.,-1.110223024625E-16,-1.));
#10974 = ORIENTED_EDGE('',*,*,#10661,.F.);
#10975 = ORIENTED_EDGE('',*,*,#10976,.T.);
#10976 = EDGE_CURVE('',#10662,#10790,#10977,.T.);
#10977 = LINE('',#10978,#10979);
#10978 = CARTESIAN_POINT('',(-3.5,1.775,2.96));
#10979 = VECTOR('',#10980,1.);
#10980 = DIRECTION('',(0.,-1.110223024625E-16,-1.));
#10981 = ORIENTED_EDGE('',*,*,#10789,.F.);
#10982 = PLANE('',#10983);
#10983 = AXIS2_PLACEMENT_3D('',#10984,#10985,#10986);
#10984 = CARTESIAN_POINT('',(-4.,1.775,6.E-02));
#10985 = DIRECTION('',(0.,-1.,1.110223024625E-16));
#10986 = DIRECTION('',(1.,0.,0.));
#10987 = ADVANCED_FACE('',(#10988),#11054,.T.);
#10988 = FACE_BOUND('',#10989,.T.);
#10989 = EDGE_LOOP('',(#10990,#10991,#10992,#11000,#11008,#11016,#11022,
    #11023,#11024,#11032,#11040,#11048));
#10990 = ORIENTED_EDGE('',*,*,#10133,.F.);
#10991 = ORIENTED_EDGE('',*,*,#10953,.T.);
#10992 = ORIENTED_EDGE('',*,*,#10993,.T.);
#10993 = EDGE_CURVE('',#10954,#10994,#10996,.T.);
#10994 = VERTEX_POINT('',#10995);
#10995 = CARTESIAN_POINT('',(4.,1.225,1.46));
#10996 = LINE('',#10997,#10998);
#10997 = CARTESIAN_POINT('',(4.,1.775,1.46));
#10998 = VECTOR('',#10999,1.);
#10999 = DIRECTION('',(0.,-1.,1.110223024625E-16));
#11000 = ORIENTED_EDGE('',*,*,#11001,.T.);
#11001 = EDGE_CURVE('',#10994,#11002,#11004,.T.);
#11002 = VERTEX_POINT('',#11003);
#11003 = CARTESIAN_POINT('',(4.,1.225,2.46));
#11004 = LINE('',#11005,#11006);
#11005 = CARTESIAN_POINT('',(4.,1.225,1.46));
#11006 = VECTOR('',#11007,1.);
#11007 = DIRECTION('',(0.,1.110223024625E-16,1.));
#11008 = ORIENTED_EDGE('',*,*,#11009,.T.);
#11009 = EDGE_CURVE('',#11002,#11010,#11012,.T.);
#11010 = VERTEX_POINT('',#11011);
#11011 = CARTESIAN_POINT('',(4.,0.575,2.46));
#11012 = LINE('',#11013,#11014);
#11013 = CARTESIAN_POINT('',(4.,1.225,2.46));
#11014 = VECTOR('',#11015,1.);
#11015 = DIRECTION('',(0.,-1.,1.110223024625E-16));
#11016 = ORIENTED_EDGE('',*,*,#11017,.T.);
#11017 = EDGE_CURVE('',#11010,#10688,#11018,.T.);
#11018 = LINE('',#11019,#11020);
#11019 = CARTESIAN_POINT('',(4.,0.575,2.46));
#11020 = VECTOR('',#11021,1.);
#11021 = DIRECTION('',(0.,-0.500421834463,0.865781720524));
#11022 = ORIENTED_EDGE('',*,*,#10687,.T.);
#11023 = ORIENTED_EDGE('',*,*,#10541,.F.);
#11024 = ORIENTED_EDGE('',*,*,#11025,.T.);
#11025 = EDGE_CURVE('',#10534,#11026,#11028,.T.);
#11026 = VERTEX_POINT('',#11027);
#11027 = CARTESIAN_POINT('',(4.,-1.975,1.26));
#11028 = LINE('',#11029,#11030);
#11029 = CARTESIAN_POINT('',(4.,-2.475,1.26));
#11030 = VECTOR('',#11031,1.);
#11031 = DIRECTION('',(0.,1.,-1.110223024625E-16));
#11032 = ORIENTED_EDGE('',*,*,#11033,.T.);
#11033 = EDGE_CURVE('',#11026,#11034,#11036,.T.);
#11034 = VERTEX_POINT('',#11035);
#11035 = CARTESIAN_POINT('',(4.,-1.975,0.61));
#11036 = LINE('',#11037,#11038);
#11037 = CARTESIAN_POINT('',(4.,-1.975,1.26));
#11038 = VECTOR('',#11039,1.);
#11039 = DIRECTION('',(0.,-1.110223024625E-16,-1.));
#11040 = ORIENTED_EDGE('',*,*,#11041,.T.);
#11041 = EDGE_CURVE('',#11034,#11042,#11044,.T.);
#11042 = VERTEX_POINT('',#11043);
#11043 = CARTESIAN_POINT('',(4.,-0.975,0.61));
#11044 = LINE('',#11045,#11046);
#11045 = CARTESIAN_POINT('',(4.,-1.975,0.61));
#11046 = VECTOR('',#11047,1.);
#11047 = DIRECTION('',(0.,1.,-1.110223024625E-16));
#11048 = ORIENTED_EDGE('',*,*,#11049,.T.);
#11049 = EDGE_CURVE('',#11042,#10136,#11050,.T.);
#11050 = LINE('',#11051,#11052);
#11051 = CARTESIAN_POINT('',(4.,-0.975,0.61));
#11052 = VECTOR('',#11053,1.);
#11053 = DIRECTION('',(0.,-1.110223024625E-16,-1.));
#11054 = PLANE('',#11055);
#11055 = AXIS2_PLACEMENT_3D('',#11056,#11057,#11058);
#11056 = CARTESIAN_POINT('',(4.,1.775,6.E-02));
#11057 = DIRECTION('',(1.,0.,0.));
#11058 = DIRECTION('',(0.,-1.,1.110223024625E-16));
#11059 = ADVANCED_FACE('',(#11060),#11078,.F.);
#11060 = FACE_BOUND('',#11061,.F.);
#11061 = EDGE_LOOP('',(#11062,#11070,#11076,#11077));
#11062 = ORIENTED_EDGE('',*,*,#11063,.F.);
#11063 = EDGE_CURVE('',#11064,#10383,#11066,.T.);
#11064 = VERTEX_POINT('',#11065);
#11065 = CARTESIAN_POINT('',(3.7,-0.975,0.61));
#11066 = LINE('',#11067,#11068);
#11067 = CARTESIAN_POINT('',(3.7,-0.975,0.61));
#11068 = VECTOR('',#11069,1.);
#11069 = DIRECTION('',(0.,0.,-1.));
#11070 = ORIENTED_EDGE('',*,*,#11071,.T.);
#11071 = EDGE_CURVE('',#11064,#11042,#11072,.T.);
#11072 = LINE('',#11073,#11074);
#11073 = CARTESIAN_POINT('',(3.5,-0.975,0.61));
#11074 = VECTOR('',#11075,1.);
#11075 = DIRECTION('',(1.,0.,0.));
#11076 = ORIENTED_EDGE('',*,*,#11049,.T.);
#11077 = ORIENTED_EDGE('',*,*,#10390,.F.);
#11078 = PLANE('',#11079);
#11079 = AXIS2_PLACEMENT_3D('',#11080,#11081,#11082);
#11080 = CARTESIAN_POINT('',(3.5,-0.975,0.61));
#11081 = DIRECTION('',(0.,1.,-1.110223024625E-16));
#11082 = DIRECTION('',(0.,-1.110223024625E-16,-1.));
#11083 = ADVANCED_FACE('',(#11084),#11109,.T.);
#11084 = FACE_BOUND('',#11085,.T.);
#11085 = EDGE_LOOP('',(#11086,#11094,#11095,#11103));
#11086 = ORIENTED_EDGE('',*,*,#11087,.F.);
#11087 = EDGE_CURVE('',#10375,#11088,#11090,.T.);
#11088 = VERTEX_POINT('',#11089);
#11089 = CARTESIAN_POINT('',(3.5,-0.975,1.E-02));
#11090 = LINE('',#11091,#11092);
#11091 = CARTESIAN_POINT('',(3.5,-0.975,0.61));
#11092 = VECTOR('',#11093,1.);
#11093 = DIRECTION('',(0.,0.,-1.));
#11094 = ORIENTED_EDGE('',*,*,#10382,.T.);
#11095 = ORIENTED_EDGE('',*,*,#11096,.T.);
#11096 = EDGE_CURVE('',#10383,#11097,#11099,.T.);
#11097 = VERTEX_POINT('',#11098);
#11098 = CARTESIAN_POINT('',(3.7,-0.975,1.E-02));
#11099 = LINE('',#11100,#11101);
#11100 = CARTESIAN_POINT('',(3.7,-0.975,0.61));
#11101 = VECTOR('',#11102,1.);
#11102 = DIRECTION('',(0.,0.,-1.));
#11103 = ORIENTED_EDGE('',*,*,#11104,.F.);
#11104 = EDGE_CURVE('',#11088,#11097,#11105,.T.);
#11105 = LINE('',#11106,#11107);
#11106 = CARTESIAN_POINT('',(3.5,-0.975,1.E-02));
#11107 = VECTOR('',#11108,1.);
#11108 = DIRECTION('',(1.,0.,0.));
#11109 = PLANE('',#11110);
#11110 = AXIS2_PLACEMENT_3D('',#11111,#11112,#11113);
#11111 = CARTESIAN_POINT('',(3.5,-0.975,0.61));
#11112 = DIRECTION('',(0.,1.,0.));
#11113 = DIRECTION('',(0.,0.,-1.));
#11114 = ADVANCED_FACE('',(#11115),#11133,.T.);
#11115 = FACE_BOUND('',#11116,.T.);
#11116 = EDGE_LOOP('',(#11117,#11125,#11131,#11132));
#11117 = ORIENTED_EDGE('',*,*,#11118,.T.);
#11118 = EDGE_CURVE('',#11088,#11119,#11121,.T.);
#11119 = VERTEX_POINT('',#11120);
#11120 = CARTESIAN_POINT('',(3.5,-2.475,1.E-02));
#11121 = LINE('',#11122,#11123);
#11122 = CARTESIAN_POINT('',(3.5,-0.975,1.E-02));
#11123 = VECTOR('',#11124,1.);
#11124 = DIRECTION('',(0.,-1.,-5.782411586589E-18));
#11125 = ORIENTED_EDGE('',*,*,#11126,.T.);
#11126 = EDGE_CURVE('',#11119,#10367,#11127,.T.);
#11127 = LINE('',#11128,#11129);
#11128 = CARTESIAN_POINT('',(3.5,-2.475,1.E-02));
#11129 = VECTOR('',#11130,1.);
#11130 = DIRECTION('',(0.,0.,1.));
#11131 = ORIENTED_EDGE('',*,*,#10374,.F.);
#11132 = ORIENTED_EDGE('',*,*,#11087,.T.);
#11133 = PLANE('',#11134);
#11134 = AXIS2_PLACEMENT_3D('',#11135,#11136,#11137);
#11135 = CARTESIAN_POINT('',(3.5,-1.843181818182,0.516818181818));
#11136 = DIRECTION('',(-1.,-0.,-0.));
#11137 = DIRECTION('',(0.,0.,-1.));
#11138 = ADVANCED_FACE('',(#11139),#11164,.F.);
#11139 = FACE_BOUND('',#11140,.F.);
#11140 = EDGE_LOOP('',(#11141,#11151,#11157,#11158));
#11141 = ORIENTED_EDGE('',*,*,#11142,.T.);
#11142 = EDGE_CURVE('',#11143,#11145,#11147,.T.);
#11143 = VERTEX_POINT('',#11144);
#11144 = CARTESIAN_POINT('',(-3.5,-0.975,1.E-02));
#11145 = VERTEX_POINT('',#11146);
#11146 = CARTESIAN_POINT('',(-3.5,-2.475,1.E-02));
#11147 = LINE('',#11148,#11149);
#11148 = CARTESIAN_POINT('',(-3.5,-0.975,1.E-02));
#11149 = VECTOR('',#11150,1.);
#11150 = DIRECTION('',(0.,-1.,-5.782411586589E-18));
#11151 = ORIENTED_EDGE('',*,*,#11152,.T.);
#11152 = EDGE_CURVE('',#11145,#10359,#11153,.T.);
#11153 = LINE('',#11154,#11155);
#11154 = CARTESIAN_POINT('',(-3.5,-2.475,1.E-02));
#11155 = VECTOR('',#11156,1.);
#11156 = DIRECTION('',(0.,0.,1.));
#11157 = ORIENTED_EDGE('',*,*,#10358,.F.);
#11158 = ORIENTED_EDGE('',*,*,#11159,.T.);
#11159 = EDGE_CURVE('',#10351,#11143,#11160,.T.);
#11160 = LINE('',#11161,#11162);
#11161 = CARTESIAN_POINT('',(-3.5,-0.975,0.61));
#11162 = VECTOR('',#11163,1.);
#11163 = DIRECTION('',(0.,0.,-1.));
#11164 = PLANE('',#11165);
#11165 = AXIS2_PLACEMENT_3D('',#11166,#11167,#11168);
#11166 = CARTESIAN_POINT('',(-3.5,-1.843181818182,0.516818181818));
#11167 = DIRECTION('',(-1.,-0.,-0.));
#11168 = DIRECTION('',(0.,0.,-1.));
#11169 = ADVANCED_FACE('',(#11170),#11188,.T.);
#11170 = FACE_BOUND('',#11171,.T.);
#11171 = EDGE_LOOP('',(#11172,#11180,#11181,#11182));
#11172 = ORIENTED_EDGE('',*,*,#11173,.F.);
#11173 = EDGE_CURVE('',#10343,#11174,#11176,.T.);
#11174 = VERTEX_POINT('',#11175);
#11175 = CARTESIAN_POINT('',(-3.7,-0.975,1.E-02));
#11176 = LINE('',#11177,#11178);
#11177 = CARTESIAN_POINT('',(-3.7,-0.975,0.61));
#11178 = VECTOR('',#11179,1.);
#11179 = DIRECTION('',(0.,0.,-1.));
#11180 = ORIENTED_EDGE('',*,*,#10350,.T.);
#11181 = ORIENTED_EDGE('',*,*,#11159,.T.);
#11182 = ORIENTED_EDGE('',*,*,#11183,.F.);
#11183 = EDGE_CURVE('',#11174,#11143,#11184,.T.);
#11184 = LINE('',#11185,#11186);
#11185 = CARTESIAN_POINT('',(-3.7,-0.975,1.E-02));
#11186 = VECTOR('',#11187,1.);
#11187 = DIRECTION('',(1.,0.,0.));
#11188 = PLANE('',#11189);
#11189 = AXIS2_PLACEMENT_3D('',#11190,#11191,#11192);
#11190 = CARTESIAN_POINT('',(-3.7,-0.975,0.61));
#11191 = DIRECTION('',(0.,1.,0.));
#11192 = DIRECTION('',(0.,0.,-1.));
#11193 = ADVANCED_FACE('',(#11194),#11228,.T.);
#11194 = FACE_BOUND('',#11195,.T.);
#11195 = EDGE_LOOP('',(#11196,#11204,#11205,#11206,#11214,#11222));
#11196 = ORIENTED_EDGE('',*,*,#11197,.T.);
#11197 = EDGE_CURVE('',#11198,#10320,#11200,.T.);
#11198 = VERTEX_POINT('',#11199);
#11199 = CARTESIAN_POINT('',(-2.6,1.675,0.));
#11200 = LINE('',#11201,#11202);
#11201 = CARTESIAN_POINT('',(-2.6,1.675,0.));
#11202 = VECTOR('',#11203,1.);
#11203 = DIRECTION('',(0.,0.,1.));
#11204 = ORIENTED_EDGE('',*,*,#10327,.T.);
#11205 = ORIENTED_EDGE('',*,*,#10815,.T.);
#11206 = ORIENTED_EDGE('',*,*,#11207,.T.);
#11207 = EDGE_CURVE('',#10816,#11208,#11210,.T.);
#11208 = VERTEX_POINT('',#11209);
#11209 = CARTESIAN_POINT('',(-2.6,2.475,0.2));
#11210 = LINE('',#11211,#11212);
#11211 = CARTESIAN_POINT('',(-2.6,1.775,0.2));
#11212 = VECTOR('',#11213,1.);
#11213 = DIRECTION('',(0.,1.,0.));
#11214 = ORIENTED_EDGE('',*,*,#11215,.T.);
#11215 = EDGE_CURVE('',#11208,#11216,#11218,.T.);
#11216 = VERTEX_POINT('',#11217);
#11217 = CARTESIAN_POINT('',(-2.6,2.475,0.));
#11218 = LINE('',#11219,#11220);
#11219 = CARTESIAN_POINT('',(-2.6,2.475,0.2));
#11220 = VECTOR('',#11221,1.);
#11221 = DIRECTION('',(0.,0.,-1.));
#11222 = ORIENTED_EDGE('',*,*,#11223,.T.);
#11223 = EDGE_CURVE('',#11216,#11198,#11224,.T.);
#11224 = LINE('',#11225,#11226);
#11225 = CARTESIAN_POINT('',(-2.6,2.475,0.));
#11226 = VECTOR('',#11227,1.);
#11227 = DIRECTION('',(0.,-1.,0.));
#11228 = PLANE('',#11229);
#11229 = AXIS2_PLACEMENT_3D('',#11230,#11231,#11232);
#11230 = CARTESIAN_POINT('',(-2.6,2.082,9.3E-02));
#11231 = DIRECTION('',(-1.,-0.,-0.));
#11232 = DIRECTION('',(0.,0.,-1.));
#11233 = ADVANCED_FACE('',(#11234),#11252,.T.);
#11234 = FACE_BOUND('',#11235,.T.);
#11235 = EDGE_LOOP('',(#11236,#11244,#11250,#11251));
#11236 = ORIENTED_EDGE('',*,*,#11237,.T.);
#11237 = EDGE_CURVE('',#11198,#11238,#11240,.T.);
#11238 = VERTEX_POINT('',#11239);
#11239 = CARTESIAN_POINT('',(-2.4,1.675,0.));
#11240 = LINE('',#11241,#11242);
#11241 = CARTESIAN_POINT('',(-2.6,1.675,0.));
#11242 = VECTOR('',#11243,1.);
#11243 = DIRECTION('',(1.,0.,0.));
#11244 = ORIENTED_EDGE('',*,*,#11245,.T.);
#11245 = EDGE_CURVE('',#11238,#10312,#11246,.T.);
#11246 = LINE('',#11247,#11248);
#11247 = CARTESIAN_POINT('',(-2.4,1.675,0.));
#11248 = VECTOR('',#11249,1.);
#11249 = DIRECTION('',(0.,0.,1.));
#11250 = ORIENTED_EDGE('',*,*,#10319,.F.);
#11251 = ORIENTED_EDGE('',*,*,#11197,.F.);
#11252 = PLANE('',#11253);
#11253 = AXIS2_PLACEMENT_3D('',#11254,#11255,#11256);
#11254 = CARTESIAN_POINT('',(-2.6,1.675,0.));
#11255 = DIRECTION('',(0.,-1.,0.));
#11256 = DIRECTION('',(0.,0.,1.));
#11257 = ADVANCED_FACE('',(#11258),#11285,.F.);
#11258 = FACE_BOUND('',#11259,.F.);
#11259 = EDGE_LOOP('',(#11260,#11261,#11262,#11263,#11271,#11279));
#11260 = ORIENTED_EDGE('',*,*,#11245,.T.);
#11261 = ORIENTED_EDGE('',*,*,#10311,.T.);
#11262 = ORIENTED_EDGE('',*,*,#10831,.T.);
#11263 = ORIENTED_EDGE('',*,*,#11264,.T.);
#11264 = EDGE_CURVE('',#10824,#11265,#11267,.T.);
#11265 = VERTEX_POINT('',#11266);
#11266 = CARTESIAN_POINT('',(-2.4,2.475,0.2));
#11267 = LINE('',#11268,#11269);
#11268 = CARTESIAN_POINT('',(-2.4,1.775,0.2));
#11269 = VECTOR('',#11270,1.);
#11270 = DIRECTION('',(0.,1.,0.));
#11271 = ORIENTED_EDGE('',*,*,#11272,.T.);
#11272 = EDGE_CURVE('',#11265,#11273,#11275,.T.);
#11273 = VERTEX_POINT('',#11274);
#11274 = CARTESIAN_POINT('',(-2.4,2.475,0.));
#11275 = LINE('',#11276,#11277);
#11276 = CARTESIAN_POINT('',(-2.4,2.475,0.2));
#11277 = VECTOR('',#11278,1.);
#11278 = DIRECTION('',(0.,0.,-1.));
#11279 = ORIENTED_EDGE('',*,*,#11280,.T.);
#11280 = EDGE_CURVE('',#11273,#11238,#11281,.T.);
#11281 = LINE('',#11282,#11283);
#11282 = CARTESIAN_POINT('',(-2.4,2.475,0.));
#11283 = VECTOR('',#11284,1.);
#11284 = DIRECTION('',(0.,-1.,0.));
#11285 = PLANE('',#11286);
#11286 = AXIS2_PLACEMENT_3D('',#11287,#11288,#11289);
#11287 = CARTESIAN_POINT('',(-2.4,2.082,9.3E-02));
#11288 = DIRECTION('',(-1.,-0.,-0.));
#11289 = DIRECTION('',(0.,0.,-1.));
#11290 = ADVANCED_FACE('',(#11291),#11325,.T.);
#11291 = FACE_BOUND('',#11292,.T.);
#11292 = EDGE_LOOP('',(#11293,#11301,#11302,#11303,#11311,#11319));
#11293 = ORIENTED_EDGE('',*,*,#11294,.T.);
#11294 = EDGE_CURVE('',#11295,#10288,#11297,.T.);
#11295 = VERTEX_POINT('',#11296);
#11296 = CARTESIAN_POINT('',(-1.6,1.675,0.));
#11297 = LINE('',#11298,#11299);
#11298 = CARTESIAN_POINT('',(-1.6,1.675,0.));
#11299 = VECTOR('',#11300,1.);
#11300 = DIRECTION('',(0.,0.,1.));
#11301 = ORIENTED_EDGE('',*,*,#10295,.T.);
#11302 = ORIENTED_EDGE('',*,*,#10838,.T.);
#11303 = ORIENTED_EDGE('',*,*,#11304,.T.);
#11304 = EDGE_CURVE('',#10839,#11305,#11307,.T.);
#11305 = VERTEX_POINT('',#11306);
#11306 = CARTESIAN_POINT('',(-1.6,2.475,0.2));
#11307 = LINE('',#11308,#11309);
#11308 = CARTESIAN_POINT('',(-1.6,1.775,0.2));
#11309 = VECTOR('',#11310,1.);
#11310 = DIRECTION('',(0.,1.,0.));
#11311 = ORIENTED_EDGE('',*,*,#11312,.T.);
#11312 = EDGE_CURVE('',#11305,#11313,#11315,.T.);
#11313 = VERTEX_POINT('',#11314);
#11314 = CARTESIAN_POINT('',(-1.6,2.475,0.));
#11315 = LINE('',#11316,#11317);
#11316 = CARTESIAN_POINT('',(-1.6,2.475,0.2));
#11317 = VECTOR('',#11318,1.);
#11318 = DIRECTION('',(0.,0.,-1.));
#11319 = ORIENTED_EDGE('',*,*,#11320,.T.);
#11320 = EDGE_CURVE('',#11313,#11295,#11321,.T.);
#11321 = LINE('',#11322,#11323);
#11322 = CARTESIAN_POINT('',(-1.6,2.475,0.));
#11323 = VECTOR('',#11324,1.);
#11324 = DIRECTION('',(0.,-1.,0.));
#11325 = PLANE('',#11326);
#11326 = AXIS2_PLACEMENT_3D('',#11327,#11328,#11329);
#11327 = CARTESIAN_POINT('',(-1.6,2.082,9.3E-02));
#11328 = DIRECTION('',(-1.,-0.,-0.));
#11329 = DIRECTION('',(0.,0.,-1.));
#11330 = ADVANCED_FACE('',(#11331),#11349,.T.);
#11331 = FACE_BOUND('',#11332,.T.);
#11332 = EDGE_LOOP('',(#11333,#11341,#11347,#11348));
#11333 = ORIENTED_EDGE('',*,*,#11334,.T.);
#11334 = EDGE_CURVE('',#11295,#11335,#11337,.T.);
#11335 = VERTEX_POINT('',#11336);
#11336 = CARTESIAN_POINT('',(-1.4,1.675,0.));
#11337 = LINE('',#11338,#11339);
#11338 = CARTESIAN_POINT('',(-1.6,1.675,0.));
#11339 = VECTOR('',#11340,1.);
#11340 = DIRECTION('',(1.,0.,0.));
#11341 = ORIENTED_EDGE('',*,*,#11342,.T.);
#11342 = EDGE_CURVE('',#11335,#10280,#11343,.T.);
#11343 = LINE('',#11344,#11345);
#11344 = CARTESIAN_POINT('',(-1.4,1.675,0.));
#11345 = VECTOR('',#11346,1.);
#11346 = DIRECTION('',(0.,0.,1.));
#11347 = ORIENTED_EDGE('',*,*,#10287,.F.);
#11348 = ORIENTED_EDGE('',*,*,#11294,.F.);
#11349 = PLANE('',#11350);
#11350 = AXIS2_PLACEMENT_3D('',#11351,#11352,#11353);
#11351 = CARTESIAN_POINT('',(-1.6,1.675,0.));
#11352 = DIRECTION('',(0.,-1.,0.));
#11353 = DIRECTION('',(0.,0.,1.));
#11354 = ADVANCED_FACE('',(#11355),#11382,.F.);
#11355 = FACE_BOUND('',#11356,.F.);
#11356 = EDGE_LOOP('',(#11357,#11358,#11359,#11360,#11368,#11376));
#11357 = ORIENTED_EDGE('',*,*,#11342,.T.);
#11358 = ORIENTED_EDGE('',*,*,#10279,.T.);
#11359 = ORIENTED_EDGE('',*,*,#10854,.T.);
#11360 = ORIENTED_EDGE('',*,*,#11361,.T.);
#11361 = EDGE_CURVE('',#10847,#11362,#11364,.T.);
#11362 = VERTEX_POINT('',#11363);
#11363 = CARTESIAN_POINT('',(-1.4,2.475,0.2));
#11364 = LINE('',#11365,#11366);
#11365 = CARTESIAN_POINT('',(-1.4,1.775,0.2));
#11366 = VECTOR('',#11367,1.);
#11367 = DIRECTION('',(0.,1.,0.));
#11368 = ORIENTED_EDGE('',*,*,#11369,.T.);
#11369 = EDGE_CURVE('',#11362,#11370,#11372,.T.);
#11370 = VERTEX_POINT('',#11371);
#11371 = CARTESIAN_POINT('',(-1.4,2.475,0.));
#11372 = LINE('',#11373,#11374);
#11373 = CARTESIAN_POINT('',(-1.4,2.475,0.2));
#11374 = VECTOR('',#11375,1.);
#11375 = DIRECTION('',(0.,0.,-1.));
#11376 = ORIENTED_EDGE('',*,*,#11377,.T.);
#11377 = EDGE_CURVE('',#11370,#11335,#11378,.T.);
#11378 = LINE('',#11379,#11380);
#11379 = CARTESIAN_POINT('',(-1.4,2.475,0.));
#11380 = VECTOR('',#11381,1.);
#11381 = DIRECTION('',(0.,-1.,0.));
#11382 = PLANE('',#11383);
#11383 = AXIS2_PLACEMENT_3D('',#11384,#11385,#11386);
#11384 = CARTESIAN_POINT('',(-1.4,2.082,9.3E-02));
#11385 = DIRECTION('',(-1.,-0.,-0.));
#11386 = DIRECTION('',(0.,0.,-1.));
#11387 = ADVANCED_FACE('',(#11388),#11422,.T.);
#11388 = FACE_BOUND('',#11389,.T.);
#11389 = EDGE_LOOP('',(#11390,#11398,#11399,#11400,#11408,#11416));
#11390 = ORIENTED_EDGE('',*,*,#11391,.T.);
#11391 = EDGE_CURVE('',#11392,#10256,#11394,.T.);
#11392 = VERTEX_POINT('',#11393);
#11393 = CARTESIAN_POINT('',(-0.6,1.675,0.));
#11394 = LINE('',#11395,#11396);
#11395 = CARTESIAN_POINT('',(-0.6,1.675,0.));
#11396 = VECTOR('',#11397,1.);
#11397 = DIRECTION('',(0.,0.,1.));
#11398 = ORIENTED_EDGE('',*,*,#10263,.T.);
#11399 = ORIENTED_EDGE('',*,*,#10861,.T.);
#11400 = ORIENTED_EDGE('',*,*,#11401,.T.);
#11401 = EDGE_CURVE('',#10862,#11402,#11404,.T.);
#11402 = VERTEX_POINT('',#11403);
#11403 = CARTESIAN_POINT('',(-0.6,2.475,0.2));
#11404 = LINE('',#11405,#11406);
#11405 = CARTESIAN_POINT('',(-0.6,1.775,0.2));
#11406 = VECTOR('',#11407,1.);
#11407 = DIRECTION('',(0.,1.,0.));
#11408 = ORIENTED_EDGE('',*,*,#11409,.T.);
#11409 = EDGE_CURVE('',#11402,#11410,#11412,.T.);
#11410 = VERTEX_POINT('',#11411);
#11411 = CARTESIAN_POINT('',(-0.6,2.475,0.));
#11412 = LINE('',#11413,#11414);
#11413 = CARTESIAN_POINT('',(-0.6,2.475,0.2));
#11414 = VECTOR('',#11415,1.);
#11415 = DIRECTION('',(0.,0.,-1.));
#11416 = ORIENTED_EDGE('',*,*,#11417,.T.);
#11417 = EDGE_CURVE('',#11410,#11392,#11418,.T.);
#11418 = LINE('',#11419,#11420);
#11419 = CARTESIAN_POINT('',(-0.6,2.475,0.));
#11420 = VECTOR('',#11421,1.);
#11421 = DIRECTION('',(0.,-1.,0.));
#11422 = PLANE('',#11423);
#11423 = AXIS2_PLACEMENT_3D('',#11424,#11425,#11426);
#11424 = CARTESIAN_POINT('',(-0.6,2.082,9.3E-02));
#11425 = DIRECTION('',(-1.,-0.,-0.));
#11426 = DIRECTION('',(0.,0.,-1.));
#11427 = ADVANCED_FACE('',(#11428),#11446,.T.);
#11428 = FACE_BOUND('',#11429,.T.);
#11429 = EDGE_LOOP('',(#11430,#11438,#11444,#11445));
#11430 = ORIENTED_EDGE('',*,*,#11431,.T.);
#11431 = EDGE_CURVE('',#11392,#11432,#11434,.T.);
#11432 = VERTEX_POINT('',#11433);
#11433 = CARTESIAN_POINT('',(-0.4,1.675,0.));
#11434 = LINE('',#11435,#11436);
#11435 = CARTESIAN_POINT('',(-0.6,1.675,0.));
#11436 = VECTOR('',#11437,1.);
#11437 = DIRECTION('',(1.,0.,0.));
#11438 = ORIENTED_EDGE('',*,*,#11439,.T.);
#11439 = EDGE_CURVE('',#11432,#10248,#11440,.T.);
#11440 = LINE('',#11441,#11442);
#11441 = CARTESIAN_POINT('',(-0.4,1.675,0.));
#11442 = VECTOR('',#11443,1.);
#11443 = DIRECTION('',(0.,0.,1.));
#11444 = ORIENTED_EDGE('',*,*,#10255,.F.);
#11445 = ORIENTED_EDGE('',*,*,#11391,.F.);
#11446 = PLANE('',#11447);
#11447 = AXIS2_PLACEMENT_3D('',#11448,#11449,#11450);
#11448 = CARTESIAN_POINT('',(-0.6,1.675,0.));
#11449 = DIRECTION('',(0.,-1.,0.));
#11450 = DIRECTION('',(0.,0.,1.));
#11451 = ADVANCED_FACE('',(#11452),#11479,.F.);
#11452 = FACE_BOUND('',#11453,.F.);
#11453 = EDGE_LOOP('',(#11454,#11455,#11456,#11457,#11465,#11473));
#11454 = ORIENTED_EDGE('',*,*,#11439,.T.);
#11455 = ORIENTED_EDGE('',*,*,#10247,.T.);
#11456 = ORIENTED_EDGE('',*,*,#10877,.T.);
#11457 = ORIENTED_EDGE('',*,*,#11458,.T.);
#11458 = EDGE_CURVE('',#10870,#11459,#11461,.T.);
#11459 = VERTEX_POINT('',#11460);
#11460 = CARTESIAN_POINT('',(-0.4,2.475,0.2));
#11461 = LINE('',#11462,#11463);
#11462 = CARTESIAN_POINT('',(-0.4,1.775,0.2));
#11463 = VECTOR('',#11464,1.);
#11464 = DIRECTION('',(0.,1.,0.));
#11465 = ORIENTED_EDGE('',*,*,#11466,.T.);
#11466 = EDGE_CURVE('',#11459,#11467,#11469,.T.);
#11467 = VERTEX_POINT('',#11468);
#11468 = CARTESIAN_POINT('',(-0.4,2.475,0.));
#11469 = LINE('',#11470,#11471);
#11470 = CARTESIAN_POINT('',(-0.4,2.475,0.2));
#11471 = VECTOR('',#11472,1.);
#11472 = DIRECTION('',(0.,0.,-1.));
#11473 = ORIENTED_EDGE('',*,*,#11474,.T.);
#11474 = EDGE_CURVE('',#11467,#11432,#11475,.T.);
#11475 = LINE('',#11476,#11477);
#11476 = CARTESIAN_POINT('',(-0.4,2.475,0.));
#11477 = VECTOR('',#11478,1.);
#11478 = DIRECTION('',(0.,-1.,0.));
#11479 = PLANE('',#11480);
#11480 = AXIS2_PLACEMENT_3D('',#11481,#11482,#11483);
#11481 = CARTESIAN_POINT('',(-0.4,2.082,9.3E-02));
#11482 = DIRECTION('',(-1.,-0.,-0.));
#11483 = DIRECTION('',(0.,0.,-1.));
#11484 = ADVANCED_FACE('',(#11485),#11519,.T.);
#11485 = FACE_BOUND('',#11486,.T.);
#11486 = EDGE_LOOP('',(#11487,#11495,#11496,#11497,#11505,#11513));
#11487 = ORIENTED_EDGE('',*,*,#11488,.T.);
#11488 = EDGE_CURVE('',#11489,#10224,#11491,.T.);
#11489 = VERTEX_POINT('',#11490);
#11490 = CARTESIAN_POINT('',(0.4,1.675,0.));
#11491 = LINE('',#11492,#11493);
#11492 = CARTESIAN_POINT('',(0.4,1.675,0.));
#11493 = VECTOR('',#11494,1.);
#11494 = DIRECTION('',(0.,0.,1.));
#11495 = ORIENTED_EDGE('',*,*,#10231,.T.);
#11496 = ORIENTED_EDGE('',*,*,#10884,.T.);
#11497 = ORIENTED_EDGE('',*,*,#11498,.T.);
#11498 = EDGE_CURVE('',#10885,#11499,#11501,.T.);
#11499 = VERTEX_POINT('',#11500);
#11500 = CARTESIAN_POINT('',(0.4,2.475,0.2));
#11501 = LINE('',#11502,#11503);
#11502 = CARTESIAN_POINT('',(0.4,1.775,0.2));
#11503 = VECTOR('',#11504,1.);
#11504 = DIRECTION('',(0.,1.,0.));
#11505 = ORIENTED_EDGE('',*,*,#11506,.T.);
#11506 = EDGE_CURVE('',#11499,#11507,#11509,.T.);
#11507 = VERTEX_POINT('',#11508);
#11508 = CARTESIAN_POINT('',(0.4,2.475,0.));
#11509 = LINE('',#11510,#11511);
#11510 = CARTESIAN_POINT('',(0.4,2.475,0.2));
#11511 = VECTOR('',#11512,1.);
#11512 = DIRECTION('',(0.,0.,-1.));
#11513 = ORIENTED_EDGE('',*,*,#11514,.T.);
#11514 = EDGE_CURVE('',#11507,#11489,#11515,.T.);
#11515 = LINE('',#11516,#11517);
#11516 = CARTESIAN_POINT('',(0.4,2.475,0.));
#11517 = VECTOR('',#11518,1.);
#11518 = DIRECTION('',(0.,-1.,0.));
#11519 = PLANE('',#11520);
#11520 = AXIS2_PLACEMENT_3D('',#11521,#11522,#11523);
#11521 = CARTESIAN_POINT('',(0.4,2.082,9.3E-02));
#11522 = DIRECTION('',(-1.,-0.,-0.));
#11523 = DIRECTION('',(0.,0.,-1.));
#11524 = ADVANCED_FACE('',(#11525),#11543,.T.);
#11525 = FACE_BOUND('',#11526,.T.);
#11526 = EDGE_LOOP('',(#11527,#11535,#11541,#11542));
#11527 = ORIENTED_EDGE('',*,*,#11528,.T.);
#11528 = EDGE_CURVE('',#11489,#11529,#11531,.T.);
#11529 = VERTEX_POINT('',#11530);
#11530 = CARTESIAN_POINT('',(0.6,1.675,0.));
#11531 = LINE('',#11532,#11533);
#11532 = CARTESIAN_POINT('',(0.4,1.675,0.));
#11533 = VECTOR('',#11534,1.);
#11534 = DIRECTION('',(1.,0.,0.));
#11535 = ORIENTED_EDGE('',*,*,#11536,.T.);
#11536 = EDGE_CURVE('',#11529,#10216,#11537,.T.);
#11537 = LINE('',#11538,#11539);
#11538 = CARTESIAN_POINT('',(0.6,1.675,0.));
#11539 = VECTOR('',#11540,1.);
#11540 = DIRECTION('',(0.,0.,1.));
#11541 = ORIENTED_EDGE('',*,*,#10223,.F.);
#11542 = ORIENTED_EDGE('',*,*,#11488,.F.);
#11543 = PLANE('',#11544);
#11544 = AXIS2_PLACEMENT_3D('',#11545,#11546,#11547);
#11545 = CARTESIAN_POINT('',(0.4,1.675,0.));
#11546 = DIRECTION('',(0.,-1.,0.));
#11547 = DIRECTION('',(0.,0.,1.));
#11548 = ADVANCED_FACE('',(#11549),#11576,.F.);
#11549 = FACE_BOUND('',#11550,.F.);
#11550 = EDGE_LOOP('',(#11551,#11552,#11553,#11554,#11562,#11570));
#11551 = ORIENTED_EDGE('',*,*,#11536,.T.);
#11552 = ORIENTED_EDGE('',*,*,#10215,.T.);
#11553 = ORIENTED_EDGE('',*,*,#10900,.T.);
#11554 = ORIENTED_EDGE('',*,*,#11555,.T.);
#11555 = EDGE_CURVE('',#10893,#11556,#11558,.T.);
#11556 = VERTEX_POINT('',#11557);
#11557 = CARTESIAN_POINT('',(0.6,2.475,0.2));
#11558 = LINE('',#11559,#11560);
#11559 = CARTESIAN_POINT('',(0.6,1.775,0.2));
#11560 = VECTOR('',#11561,1.);
#11561 = DIRECTION('',(0.,1.,0.));
#11562 = ORIENTED_EDGE('',*,*,#11563,.T.);
#11563 = EDGE_CURVE('',#11556,#11564,#11566,.T.);
#11564 = VERTEX_POINT('',#11565);
#11565 = CARTESIAN_POINT('',(0.6,2.475,0.));
#11566 = LINE('',#11567,#11568);
#11567 = CARTESIAN_POINT('',(0.6,2.475,0.2));
#11568 = VECTOR('',#11569,1.);
#11569 = DIRECTION('',(0.,0.,-1.));
#11570 = ORIENTED_EDGE('',*,*,#11571,.T.);
#11571 = EDGE_CURVE('',#11564,#11529,#11572,.T.);
#11572 = LINE('',#11573,#11574);
#11573 = CARTESIAN_POINT('',(0.6,2.475,0.));
#11574 = VECTOR('',#11575,1.);
#11575 = DIRECTION('',(0.,-1.,0.));
#11576 = PLANE('',#11577);
#11577 = AXIS2_PLACEMENT_3D('',#11578,#11579,#11580);
#11578 = CARTESIAN_POINT('',(0.6,2.082,9.3E-02));
#11579 = DIRECTION('',(-1.,-0.,-0.));
#11580 = DIRECTION('',(0.,0.,-1.));
#11581 = ADVANCED_FACE('',(#11582),#11616,.T.);
#11582 = FACE_BOUND('',#11583,.T.);
#11583 = EDGE_LOOP('',(#11584,#11592,#11593,#11594,#11602,#11610));
#11584 = ORIENTED_EDGE('',*,*,#11585,.T.);
#11585 = EDGE_CURVE('',#11586,#10192,#11588,.T.);
#11586 = VERTEX_POINT('',#11587);
#11587 = CARTESIAN_POINT('',(1.4,1.675,0.));
#11588 = LINE('',#11589,#11590);
#11589 = CARTESIAN_POINT('',(1.4,1.675,0.));
#11590 = VECTOR('',#11591,1.);
#11591 = DIRECTION('',(0.,0.,1.));
#11592 = ORIENTED_EDGE('',*,*,#10199,.T.);
#11593 = ORIENTED_EDGE('',*,*,#10907,.T.);
#11594 = ORIENTED_EDGE('',*,*,#11595,.T.);
#11595 = EDGE_CURVE('',#10908,#11596,#11598,.T.);
#11596 = VERTEX_POINT('',#11597);
#11597 = CARTESIAN_POINT('',(1.4,2.475,0.2));
#11598 = LINE('',#11599,#11600);
#11599 = CARTESIAN_POINT('',(1.4,1.775,0.2));
#11600 = VECTOR('',#11601,1.);
#11601 = DIRECTION('',(0.,1.,0.));
#11602 = ORIENTED_EDGE('',*,*,#11603,.T.);
#11603 = EDGE_CURVE('',#11596,#11604,#11606,.T.);
#11604 = VERTEX_POINT('',#11605);
#11605 = CARTESIAN_POINT('',(1.4,2.475,0.));
#11606 = LINE('',#11607,#11608);
#11607 = CARTESIAN_POINT('',(1.4,2.475,0.2));
#11608 = VECTOR('',#11609,1.);
#11609 = DIRECTION('',(0.,0.,-1.));
#11610 = ORIENTED_EDGE('',*,*,#11611,.T.);
#11611 = EDGE_CURVE('',#11604,#11586,#11612,.T.);
#11612 = LINE('',#11613,#11614);
#11613 = CARTESIAN_POINT('',(1.4,2.475,0.));
#11614 = VECTOR('',#11615,1.);
#11615 = DIRECTION('',(0.,-1.,0.));
#11616 = PLANE('',#11617);
#11617 = AXIS2_PLACEMENT_3D('',#11618,#11619,#11620);
#11618 = CARTESIAN_POINT('',(1.4,2.082,9.3E-02));
#11619 = DIRECTION('',(-1.,-0.,-0.));
#11620 = DIRECTION('',(0.,0.,-1.));
#11621 = ADVANCED_FACE('',(#11622),#11640,.T.);
#11622 = FACE_BOUND('',#11623,.T.);
#11623 = EDGE_LOOP('',(#11624,#11632,#11638,#11639));
#11624 = ORIENTED_EDGE('',*,*,#11625,.T.);
#11625 = EDGE_CURVE('',#11586,#11626,#11628,.T.);
#11626 = VERTEX_POINT('',#11627);
#11627 = CARTESIAN_POINT('',(1.6,1.675,0.));
#11628 = LINE('',#11629,#11630);
#11629 = CARTESIAN_POINT('',(1.4,1.675,0.));
#11630 = VECTOR('',#11631,1.);
#11631 = DIRECTION('',(1.,0.,0.));
#11632 = ORIENTED_EDGE('',*,*,#11633,.T.);
#11633 = EDGE_CURVE('',#11626,#10184,#11634,.T.);
#11634 = LINE('',#11635,#11636);
#11635 = CARTESIAN_POINT('',(1.6,1.675,0.));
#11636 = VECTOR('',#11637,1.);
#11637 = DIRECTION('',(0.,0.,1.));
#11638 = ORIENTED_EDGE('',*,*,#10191,.F.);
#11639 = ORIENTED_EDGE('',*,*,#11585,.F.);
#11640 = PLANE('',#11641);
#11641 = AXIS2_PLACEMENT_3D('',#11642,#11643,#11644);
#11642 = CARTESIAN_POINT('',(1.4,1.675,0.));
#11643 = DIRECTION('',(0.,-1.,0.));
#11644 = DIRECTION('',(0.,0.,1.));
#11645 = ADVANCED_FACE('',(#11646),#11673,.F.);
#11646 = FACE_BOUND('',#11647,.F.);
#11647 = EDGE_LOOP('',(#11648,#11649,#11650,#11651,#11659,#11667));
#11648 = ORIENTED_EDGE('',*,*,#11633,.T.);
#11649 = ORIENTED_EDGE('',*,*,#10183,.T.);
#11650 = ORIENTED_EDGE('',*,*,#10923,.T.);
#11651 = ORIENTED_EDGE('',*,*,#11652,.T.);
#11652 = EDGE_CURVE('',#10916,#11653,#11655,.T.);
#11653 = VERTEX_POINT('',#11654);
#11654 = CARTESIAN_POINT('',(1.6,2.475,0.2));
#11655 = LINE('',#11656,#11657);
#11656 = CARTESIAN_POINT('',(1.6,1.775,0.2));
#11657 = VECTOR('',#11658,1.);
#11658 = DIRECTION('',(0.,1.,0.));
#11659 = ORIENTED_EDGE('',*,*,#11660,.T.);
#11660 = EDGE_CURVE('',#11653,#11661,#11663,.T.);
#11661 = VERTEX_POINT('',#11662);
#11662 = CARTESIAN_POINT('',(1.6,2.475,0.));
#11663 = LINE('',#11664,#11665);
#11664 = CARTESIAN_POINT('',(1.6,2.475,0.2));
#11665 = VECTOR('',#11666,1.);
#11666 = DIRECTION('',(0.,0.,-1.));
#11667 = ORIENTED_EDGE('',*,*,#11668,.T.);
#11668 = EDGE_CURVE('',#11661,#11626,#11669,.T.);
#11669 = LINE('',#11670,#11671);
#11670 = CARTESIAN_POINT('',(1.6,2.475,0.));
#11671 = VECTOR('',#11672,1.);
#11672 = DIRECTION('',(0.,-1.,0.));
#11673 = PLANE('',#11674);
#11674 = AXIS2_PLACEMENT_3D('',#11675,#11676,#11677);
#11675 = CARTESIAN_POINT('',(1.6,2.082,9.3E-02));
#11676 = DIRECTION('',(-1.,-0.,-0.));
#11677 = DIRECTION('',(0.,0.,-1.));
#11678 = ADVANCED_FACE('',(#11679),#11713,.T.);
#11679 = FACE_BOUND('',#11680,.T.);
#11680 = EDGE_LOOP('',(#11681,#11689,#11690,#11691,#11699,#11707));
#11681 = ORIENTED_EDGE('',*,*,#11682,.T.);
#11682 = EDGE_CURVE('',#11683,#10160,#11685,.T.);
#11683 = VERTEX_POINT('',#11684);
#11684 = CARTESIAN_POINT('',(2.4,1.675,0.));
#11685 = LINE('',#11686,#11687);
#11686 = CARTESIAN_POINT('',(2.4,1.675,0.));
#11687 = VECTOR('',#11688,1.);
#11688 = DIRECTION('',(0.,0.,1.));
#11689 = ORIENTED_EDGE('',*,*,#10167,.T.);
#11690 = ORIENTED_EDGE('',*,*,#10930,.T.);
#11691 = ORIENTED_EDGE('',*,*,#11692,.T.);
#11692 = EDGE_CURVE('',#10931,#11693,#11695,.T.);
#11693 = VERTEX_POINT('',#11694);
#11694 = CARTESIAN_POINT('',(2.4,2.475,0.2));
#11695 = LINE('',#11696,#11697);
#11696 = CARTESIAN_POINT('',(2.4,1.775,0.2));
#11697 = VECTOR('',#11698,1.);
#11698 = DIRECTION('',(0.,1.,0.));
#11699 = ORIENTED_EDGE('',*,*,#11700,.T.);
#11700 = EDGE_CURVE('',#11693,#11701,#11703,.T.);
#11701 = VERTEX_POINT('',#11702);
#11702 = CARTESIAN_POINT('',(2.4,2.475,0.));
#11703 = LINE('',#11704,#11705);
#11704 = CARTESIAN_POINT('',(2.4,2.475,0.2));
#11705 = VECTOR('',#11706,1.);
#11706 = DIRECTION('',(0.,0.,-1.));
#11707 = ORIENTED_EDGE('',*,*,#11708,.T.);
#11708 = EDGE_CURVE('',#11701,#11683,#11709,.T.);
#11709 = LINE('',#11710,#11711);
#11710 = CARTESIAN_POINT('',(2.4,2.475,0.));
#11711 = VECTOR('',#11712,1.);
#11712 = DIRECTION('',(0.,-1.,0.));
#11713 = PLANE('',#11714);
#11714 = AXIS2_PLACEMENT_3D('',#11715,#11716,#11717);
#11715 = CARTESIAN_POINT('',(2.4,2.082,9.3E-02));
#11716 = DIRECTION('',(-1.,-0.,-0.));
#11717 = DIRECTION('',(0.,0.,-1.));
#11718 = ADVANCED_FACE('',(#11719),#11737,.T.);
#11719 = FACE_BOUND('',#11720,.T.);
#11720 = EDGE_LOOP('',(#11721,#11729,#11735,#11736));
#11721 = ORIENTED_EDGE('',*,*,#11722,.T.);
#11722 = EDGE_CURVE('',#11683,#11723,#11725,.T.);
#11723 = VERTEX_POINT('',#11724);
#11724 = CARTESIAN_POINT('',(2.6,1.675,0.));
#11725 = LINE('',#11726,#11727);
#11726 = CARTESIAN_POINT('',(2.4,1.675,0.));
#11727 = VECTOR('',#11728,1.);
#11728 = DIRECTION('',(1.,0.,0.));
#11729 = ORIENTED_EDGE('',*,*,#11730,.T.);
#11730 = EDGE_CURVE('',#11723,#10152,#11731,.T.);
#11731 = LINE('',#11732,#11733);
#11732 = CARTESIAN_POINT('',(2.6,1.675,0.));
#11733 = VECTOR('',#11734,1.);
#11734 = DIRECTION('',(0.,0.,1.));
#11735 = ORIENTED_EDGE('',*,*,#10159,.F.);
#11736 = ORIENTED_EDGE('',*,*,#11682,.F.);
#11737 = PLANE('',#11738);
#11738 = AXIS2_PLACEMENT_3D('',#11739,#11740,#11741);
#11739 = CARTESIAN_POINT('',(2.4,1.675,0.));
#11740 = DIRECTION('',(0.,-1.,0.));
#11741 = DIRECTION('',(0.,0.,1.));
#11742 = ADVANCED_FACE('',(#11743),#11770,.F.);
#11743 = FACE_BOUND('',#11744,.F.);
#11744 = EDGE_LOOP('',(#11745,#11746,#11747,#11748,#11756,#11764));
#11745 = ORIENTED_EDGE('',*,*,#11730,.T.);
#11746 = ORIENTED_EDGE('',*,*,#10151,.T.);
#11747 = ORIENTED_EDGE('',*,*,#10946,.T.);
#11748 = ORIENTED_EDGE('',*,*,#11749,.T.);
#11749 = EDGE_CURVE('',#10939,#11750,#11752,.T.);
#11750 = VERTEX_POINT('',#11751);
#11751 = CARTESIAN_POINT('',(2.6,2.475,0.2));
#11752 = LINE('',#11753,#11754);
#11753 = CARTESIAN_POINT('',(2.6,1.775,0.2));
#11754 = VECTOR('',#11755,1.);
#11755 = DIRECTION('',(0.,1.,0.));
#11756 = ORIENTED_EDGE('',*,*,#11757,.T.);
#11757 = EDGE_CURVE('',#11750,#11758,#11760,.T.);
#11758 = VERTEX_POINT('',#11759);
#11759 = CARTESIAN_POINT('',(2.6,2.475,0.));
#11760 = LINE('',#11761,#11762);
#11761 = CARTESIAN_POINT('',(2.6,2.475,0.2));
#11762 = VECTOR('',#11763,1.);
#11763 = DIRECTION('',(0.,0.,-1.));
#11764 = ORIENTED_EDGE('',*,*,#11765,.T.);
#11765 = EDGE_CURVE('',#11758,#11723,#11766,.T.);
#11766 = LINE('',#11767,#11768);
#11767 = CARTESIAN_POINT('',(2.6,2.475,0.));
#11768 = VECTOR('',#11769,1.);
#11769 = DIRECTION('',(0.,-1.,0.));
#11770 = PLANE('',#11771);
#11771 = AXIS2_PLACEMENT_3D('',#11772,#11773,#11774);
#11772 = CARTESIAN_POINT('',(2.6,2.082,9.3E-02));
#11773 = DIRECTION('',(-1.,-0.,-0.));
#11774 = DIRECTION('',(0.,0.,-1.));
#11775 = ADVANCED_FACE('',(#11776),#11797,.T.);
#11776 = FACE_BOUND('',#11777,.T.);
#11777 = EDGE_LOOP('',(#11778,#11786,#11787,#11788,#11789,#11790,#11791)
  );
#11778 = ORIENTED_EDGE('',*,*,#11779,.T.);
#11779 = EDGE_CURVE('',#11780,#10478,#11782,.T.);
#11780 = VERTEX_POINT('',#11781);
#11781 = CARTESIAN_POINT('',(-3.7,-2.475,1.E-02));
#11782 = LINE('',#11783,#11784);
#11783 = CARTESIAN_POINT('',(-3.7,-2.475,1.E-02));
#11784 = VECTOR('',#11785,1.);
#11785 = DIRECTION('',(0.,0.,1.));
#11786 = ORIENTED_EDGE('',*,*,#10485,.T.);
#11787 = ORIENTED_EDGE('',*,*,#10461,.T.);
#11788 = ORIENTED_EDGE('',*,*,#10437,.T.);
#11789 = ORIENTED_EDGE('',*,*,#10413,.T.);
#11790 = ORIENTED_EDGE('',*,*,#11173,.T.);
#11791 = ORIENTED_EDGE('',*,*,#11792,.T.);
#11792 = EDGE_CURVE('',#11174,#11780,#11793,.T.);
#11793 = LINE('',#11794,#11795);
#11794 = CARTESIAN_POINT('',(-3.7,-0.975,1.E-02));
#11795 = VECTOR('',#11796,1.);
#11796 = DIRECTION('',(0.,-1.,-5.782411586589E-18));
#11797 = PLANE('',#11798);
#11798 = AXIS2_PLACEMENT_3D('',#11799,#11800,#11801);
#11799 = CARTESIAN_POINT('',(-3.7,-1.843181818182,0.516818181818));
#11800 = DIRECTION('',(-1.,-0.,-0.));
#11801 = DIRECTION('',(0.,0.,-1.));
#11802 = ADVANCED_FACE('',(#11803),#11815,.T.);
#11803 = FACE_BOUND('',#11804,.T.);
#11804 = EDGE_LOOP('',(#11805,#11811,#11812,#11813,#11814));
#11805 = ORIENTED_EDGE('',*,*,#11806,.T.);
#11806 = EDGE_CURVE('',#11780,#11145,#11807,.T.);
#11807 = LINE('',#11808,#11809);
#11808 = CARTESIAN_POINT('',(-3.7,-2.475,1.E-02));
#11809 = VECTOR('',#11810,1.);
#11810 = DIRECTION('',(1.,0.,0.));
#11811 = ORIENTED_EDGE('',*,*,#11152,.T.);
#11812 = ORIENTED_EDGE('',*,*,#10510,.T.);
#11813 = ORIENTED_EDGE('',*,*,#10502,.F.);
#11814 = ORIENTED_EDGE('',*,*,#11779,.F.);
#11815 = PLANE('',#11816);
#11816 = AXIS2_PLACEMENT_3D('',#11817,#11818,#11819);
#11817 = CARTESIAN_POINT('',(-3.7,-2.475,1.E-02));
#11818 = DIRECTION('',(0.,-1.,0.));
#11819 = DIRECTION('',(0.,0.,1.));
#11820 = ADVANCED_FACE('',(#11821),#11840,.T.);
#11821 = FACE_BOUND('',#11822,.T.);
#11822 = EDGE_LOOP('',(#11823,#11831,#11837,#11838,#11839));
#11823 = ORIENTED_EDGE('',*,*,#11824,.T.);
#11824 = EDGE_CURVE('',#11119,#11825,#11827,.T.);
#11825 = VERTEX_POINT('',#11826);
#11826 = CARTESIAN_POINT('',(3.7,-2.475,1.E-02));
#11827 = LINE('',#11828,#11829);
#11828 = CARTESIAN_POINT('',(3.5,-2.475,1.E-02));
#11829 = VECTOR('',#11830,1.);
#11830 = DIRECTION('',(1.,0.,0.));
#11831 = ORIENTED_EDGE('',*,*,#11832,.T.);
#11832 = EDGE_CURVE('',#11825,#10526,#11833,.T.);
#11833 = LINE('',#11834,#11835);
#11834 = CARTESIAN_POINT('',(3.7,-2.475,1.E-02));
#11835 = VECTOR('',#11836,1.);
#11836 = DIRECTION('',(0.,0.,1.));
#11837 = ORIENTED_EDGE('',*,*,#10525,.F.);
#11838 = ORIENTED_EDGE('',*,*,#10517,.F.);
#11839 = ORIENTED_EDGE('',*,*,#11126,.F.);
#11840 = PLANE('',#11841);
#11841 = AXIS2_PLACEMENT_3D('',#11842,#11843,#11844);
#11842 = CARTESIAN_POINT('',(3.5,-2.475,1.E-02));
#11843 = DIRECTION('',(0.,-1.,0.));
#11844 = DIRECTION('',(0.,0.,1.));
#11845 = ADVANCED_FACE('',(#11846),#11864,.F.);
#11846 = FACE_BOUND('',#11847,.F.);
#11847 = EDGE_LOOP('',(#11848,#11856,#11857,#11858));
#11848 = ORIENTED_EDGE('',*,*,#11849,.F.);
#11849 = EDGE_CURVE('',#10526,#11850,#11852,.T.);
#11850 = VERTEX_POINT('',#11851);
#11851 = CARTESIAN_POINT('',(3.7,-1.975,1.26));
#11852 = LINE('',#11853,#11854);
#11853 = CARTESIAN_POINT('',(3.7,-2.475,1.26));
#11854 = VECTOR('',#11855,1.);
#11855 = DIRECTION('',(0.,1.,0.));
#11856 = ORIENTED_EDGE('',*,*,#10533,.T.);
#11857 = ORIENTED_EDGE('',*,*,#11025,.T.);
#11858 = ORIENTED_EDGE('',*,*,#11859,.F.);
#11859 = EDGE_CURVE('',#11850,#11026,#11860,.T.);
#11860 = LINE('',#11861,#11862);
#11861 = CARTESIAN_POINT('',(3.5,-1.975,1.26));
#11862 = VECTOR('',#11863,1.);
#11863 = DIRECTION('',(1.,0.,0.));
#11864 = PLANE('',#11865);
#11865 = AXIS2_PLACEMENT_3D('',#11866,#11867,#11868);
#11866 = CARTESIAN_POINT('',(3.5,-2.475,1.26));
#11867 = DIRECTION('',(0.,1.110223024625E-16,1.));
#11868 = DIRECTION('',(0.,1.,-1.110223024625E-16));
#11869 = ADVANCED_FACE('',(#11870),#11918,.F.);
#11870 = FACE_BOUND('',#11871,.F.);
#11871 = EDGE_LOOP('',(#11872,#11873,#11881,#11889,#11895,#11896,#11904,
    #11912));
#11872 = ORIENTED_EDGE('',*,*,#10557,.F.);
#11873 = ORIENTED_EDGE('',*,*,#11874,.T.);
#11874 = EDGE_CURVE('',#10558,#11875,#11877,.T.);
#11875 = VERTEX_POINT('',#11876);
#11876 = CARTESIAN_POINT('',(3.2,0.525,0.46));
#11877 = LINE('',#11878,#11879);
#11878 = CARTESIAN_POINT('',(3.2,-2.475,0.46));
#11879 = VECTOR('',#11880,1.);
#11880 = DIRECTION('',(0.,1.,-1.110223024625E-16));
#11881 = ORIENTED_EDGE('',*,*,#11882,.T.);
#11882 = EDGE_CURVE('',#11875,#11883,#11885,.T.);
#11883 = VERTEX_POINT('',#11884);
#11884 = CARTESIAN_POINT('',(3.2,0.525,2.56));
#11885 = LINE('',#11886,#11887);
#11886 = CARTESIAN_POINT('',(3.2,0.525,0.46));
#11887 = VECTOR('',#11888,1.);
#11888 = DIRECTION('',(0.,1.110223024625E-16,1.));
#11889 = ORIENTED_EDGE('',*,*,#11890,.F.);
#11890 = EDGE_CURVE('',#10616,#11883,#11891,.T.);
#11891 = LINE('',#11892,#11893);
#11892 = CARTESIAN_POINT('',(3.2,-2.475,2.56));
#11893 = VECTOR('',#11894,1.);
#11894 = DIRECTION('',(0.,1.,-1.110223024625E-16));
#11895 = ORIENTED_EDGE('',*,*,#10623,.F.);
#11896 = ORIENTED_EDGE('',*,*,#11897,.F.);
#11897 = EDGE_CURVE('',#11898,#10624,#11900,.T.);
#11898 = VERTEX_POINT('',#11899);
#11899 = CARTESIAN_POINT('',(3.2,-7.5E-02,2.06));
#11900 = LINE('',#11901,#11902);
#11901 = CARTESIAN_POINT('',(3.2,-2.475,2.06));
#11902 = VECTOR('',#11903,1.);
#11903 = DIRECTION('',(0.,-1.,1.110223024625E-16));
#11904 = ORIENTED_EDGE('',*,*,#11905,.T.);
#11905 = EDGE_CURVE('',#11898,#11906,#11908,.T.);
#11906 = VERTEX_POINT('',#11907);
#11907 = CARTESIAN_POINT('',(3.2,-7.5E-02,1.46));
#11908 = LINE('',#11909,#11910);
#11909 = CARTESIAN_POINT('',(3.2,-7.5E-02,1.11));
#11910 = VECTOR('',#11911,1.);
#11911 = DIRECTION('',(0.,-1.110223024625E-16,-1.));
#11912 = ORIENTED_EDGE('',*,*,#11913,.F.);
#11913 = EDGE_CURVE('',#10560,#11906,#11914,.T.);
#11914 = LINE('',#11915,#11916);
#11915 = CARTESIAN_POINT('',(3.2,-2.475,1.46));
#11916 = VECTOR('',#11917,1.);
#11917 = DIRECTION('',(0.,1.,-1.110223024625E-16));
#11918 = PLANE('',#11919);
#11919 = AXIS2_PLACEMENT_3D('',#11920,#11921,#11922);
#11920 = CARTESIAN_POINT('',(3.2,-2.475,0.46));
#11921 = DIRECTION('',(1.,0.,0.));
#11922 = DIRECTION('',(-0.,1.110223024625E-16,1.));
#11923 = ADVANCED_FACE('',(#11924),#11942,.F.);
#11924 = FACE_BOUND('',#11925,.F.);
#11925 = EDGE_LOOP('',(#11926,#11927,#11928,#11936));
#11926 = ORIENTED_EDGE('',*,*,#10647,.F.);
#11927 = ORIENTED_EDGE('',*,*,#11913,.T.);
#11928 = ORIENTED_EDGE('',*,*,#11929,.T.);
#11929 = EDGE_CURVE('',#11906,#11930,#11932,.T.);
#11930 = VERTEX_POINT('',#11931);
#11931 = CARTESIAN_POINT('',(3.55,-7.5E-02,1.46));
#11932 = LINE('',#11933,#11934);
#11933 = CARTESIAN_POINT('',(-3.55,-7.5E-02,1.46));
#11934 = VECTOR('',#11935,1.);
#11935 = DIRECTION('',(1.,0.,0.));
#11936 = ORIENTED_EDGE('',*,*,#11937,.F.);
#11937 = EDGE_CURVE('',#10640,#11930,#11938,.T.);
#11938 = LINE('',#11939,#11940);
#11939 = CARTESIAN_POINT('',(3.55,-2.475,1.46));
#11940 = VECTOR('',#11941,1.);
#11941 = DIRECTION('',(0.,1.,-1.110223024625E-16));
#11942 = PLANE('',#11943);
#11943 = AXIS2_PLACEMENT_3D('',#11944,#11945,#11946);
#11944 = CARTESIAN_POINT('',(-3.55,-2.475,1.46));
#11945 = DIRECTION('',(0.,-1.110223024625E-16,-1.));
#11946 = DIRECTION('',(1.,0.,0.));
#11947 = ADVANCED_FACE('',(#11948),#11966,.F.);
#11948 = FACE_BOUND('',#11949,.F.);
#11949 = EDGE_LOOP('',(#11950,#11951,#11959,#11965));
#11950 = ORIENTED_EDGE('',*,*,#11937,.T.);
#11951 = ORIENTED_EDGE('',*,*,#11952,.T.);
#11952 = EDGE_CURVE('',#11930,#11953,#11955,.T.);
#11953 = VERTEX_POINT('',#11954);
#11954 = CARTESIAN_POINT('',(3.55,-7.5E-02,2.06));
#11955 = LINE('',#11956,#11957);
#11956 = CARTESIAN_POINT('',(3.55,-7.5E-02,1.46));
#11957 = VECTOR('',#11958,1.);
#11958 = DIRECTION('',(0.,1.110223024625E-16,1.));
#11959 = ORIENTED_EDGE('',*,*,#11960,.F.);
#11960 = EDGE_CURVE('',#10632,#11953,#11961,.T.);
#11961 = LINE('',#11962,#11963);
#11962 = CARTESIAN_POINT('',(3.55,-2.475,2.06));
#11963 = VECTOR('',#11964,1.);
#11964 = DIRECTION('',(0.,1.,-1.110223024625E-16));
#11965 = ORIENTED_EDGE('',*,*,#10639,.F.);
#11966 = PLANE('',#11967);
#11967 = AXIS2_PLACEMENT_3D('',#11968,#11969,#11970);
#11968 = CARTESIAN_POINT('',(3.55,-2.475,1.46));
#11969 = DIRECTION('',(1.,0.,0.));
#11970 = DIRECTION('',(-0.,1.110223024625E-16,1.));
#11971 = ADVANCED_FACE('',(#11972),#11983,.F.);
#11972 = FACE_BOUND('',#11973,.F.);
#11973 = EDGE_LOOP('',(#11974,#11975,#11976,#11982));
#11974 = ORIENTED_EDGE('',*,*,#10631,.F.);
#11975 = ORIENTED_EDGE('',*,*,#11960,.T.);
#11976 = ORIENTED_EDGE('',*,*,#11977,.T.);
#11977 = EDGE_CURVE('',#11953,#11898,#11978,.T.);
#11978 = LINE('',#11979,#11980);
#11979 = CARTESIAN_POINT('',(3.55,-7.5E-02,2.06));
#11980 = VECTOR('',#11981,1.);
#11981 = DIRECTION('',(-1.,0.,0.));
#11982 = ORIENTED_EDGE('',*,*,#11897,.T.);
#11983 = PLANE('',#11984);
#11984 = AXIS2_PLACEMENT_3D('',#11985,#11986,#11987);
#11985 = CARTESIAN_POINT('',(3.55,-2.475,2.06));
#11986 = DIRECTION('',(0.,1.110223024625E-16,1.));
#11987 = DIRECTION('',(-1.,0.,0.));
#11988 = ADVANCED_FACE('',(#11989),#12007,.F.);
#11989 = FACE_BOUND('',#11990,.F.);
#11990 = EDGE_LOOP('',(#11991,#11992,#12000,#12006));
#11991 = ORIENTED_EDGE('',*,*,#11890,.T.);
#11992 = ORIENTED_EDGE('',*,*,#11993,.T.);
#11993 = EDGE_CURVE('',#11883,#11994,#11996,.T.);
#11994 = VERTEX_POINT('',#11995);
#11995 = CARTESIAN_POINT('',(-3.2,0.525,2.56));
#11996 = LINE('',#11997,#11998);
#11997 = CARTESIAN_POINT('',(3.2,0.525,2.56));
#11998 = VECTOR('',#11999,1.);
#11999 = DIRECTION('',(-1.,0.,0.));
#12000 = ORIENTED_EDGE('',*,*,#12001,.F.);
#12001 = EDGE_CURVE('',#10608,#11994,#12002,.T.);
#12002 = LINE('',#12003,#12004);
#12003 = CARTESIAN_POINT('',(-3.2,-2.475,2.56));
#12004 = VECTOR('',#12005,1.);
#12005 = DIRECTION('',(0.,1.,-1.110223024625E-16));
#12006 = ORIENTED_EDGE('',*,*,#10615,.F.);
#12007 = PLANE('',#12008);
#12008 = AXIS2_PLACEMENT_3D('',#12009,#12010,#12011);
#12009 = CARTESIAN_POINT('',(3.2,-2.475,2.56));
#12010 = DIRECTION('',(0.,1.110223024625E-16,1.));
#12011 = DIRECTION('',(-1.,0.,0.));
#12012 = ADVANCED_FACE('',(#12013),#12054,.F.);
#12013 = FACE_BOUND('',#12014,.F.);
#12014 = EDGE_LOOP('',(#12015,#12016,#12017,#12025,#12031,#12032,#12040,
    #12048));
#12015 = ORIENTED_EDGE('',*,*,#10607,.F.);
#12016 = ORIENTED_EDGE('',*,*,#12001,.T.);
#12017 = ORIENTED_EDGE('',*,*,#12018,.T.);
#12018 = EDGE_CURVE('',#11994,#12019,#12021,.T.);
#12019 = VERTEX_POINT('',#12020);
#12020 = CARTESIAN_POINT('',(-3.2,0.525,0.46));
#12021 = LINE('',#12022,#12023);
#12022 = CARTESIAN_POINT('',(-3.2,0.525,2.56));
#12023 = VECTOR('',#12024,1.);
#12024 = DIRECTION('',(0.,-1.110223024625E-16,-1.));
#12025 = ORIENTED_EDGE('',*,*,#12026,.F.);
#12026 = EDGE_CURVE('',#10568,#12019,#12027,.T.);
#12027 = LINE('',#12028,#12029);
#12028 = CARTESIAN_POINT('',(-3.2,-2.475,0.46));
#12029 = VECTOR('',#12030,1.);
#12030 = DIRECTION('',(0.,1.,-1.110223024625E-16));
#12031 = ORIENTED_EDGE('',*,*,#10575,.F.);
#12032 = ORIENTED_EDGE('',*,*,#12033,.F.);
#12033 = EDGE_CURVE('',#12034,#10576,#12036,.T.);
#12034 = VERTEX_POINT('',#12035);
#12035 = CARTESIAN_POINT('',(-3.2,-7.5E-02,1.46));
#12036 = LINE('',#12037,#12038);
#12037 = CARTESIAN_POINT('',(-3.2,-2.475,1.46));
#12038 = VECTOR('',#12039,1.);
#12039 = DIRECTION('',(0.,-1.,1.110223024625E-16));
#12040 = ORIENTED_EDGE('',*,*,#12041,.T.);
#12041 = EDGE_CURVE('',#12034,#12042,#12044,.T.);
#12042 = VERTEX_POINT('',#12043);
#12043 = CARTESIAN_POINT('',(-3.2,-7.5E-02,2.06));
#12044 = LINE('',#12045,#12046);
#12045 = CARTESIAN_POINT('',(-3.2,-7.5E-02,2.16));
#12046 = VECTOR('',#12047,1.);
#12047 = DIRECTION('',(0.,1.110223024625E-16,1.));
#12048 = ORIENTED_EDGE('',*,*,#12049,.F.);
#12049 = EDGE_CURVE('',#10600,#12042,#12050,.T.);
#12050 = LINE('',#12051,#12052);
#12051 = CARTESIAN_POINT('',(-3.2,-2.475,2.06));
#12052 = VECTOR('',#12053,1.);
#12053 = DIRECTION('',(0.,1.,-1.110223024625E-16));
#12054 = PLANE('',#12055);
#12055 = AXIS2_PLACEMENT_3D('',#12056,#12057,#12058);
#12056 = CARTESIAN_POINT('',(-3.2,-2.475,2.56));
#12057 = DIRECTION('',(-1.,0.,0.));
#12058 = DIRECTION('',(-0.,-1.110223024625E-16,-1.));
#12059 = ADVANCED_FACE('',(#12060),#12078,.F.);
#12060 = FACE_BOUND('',#12061,.F.);
#12061 = EDGE_LOOP('',(#12062,#12063,#12064,#12072));
#12062 = ORIENTED_EDGE('',*,*,#10599,.F.);
#12063 = ORIENTED_EDGE('',*,*,#12049,.T.);
#12064 = ORIENTED_EDGE('',*,*,#12065,.T.);
#12065 = EDGE_CURVE('',#12042,#12066,#12068,.T.);
#12066 = VERTEX_POINT('',#12067);
#12067 = CARTESIAN_POINT('',(-3.55,-7.5E-02,2.06));
#12068 = LINE('',#12069,#12070);
#12069 = CARTESIAN_POINT('',(3.55,-7.5E-02,2.06));
#12070 = VECTOR('',#12071,1.);
#12071 = DIRECTION('',(-1.,0.,0.));
#12072 = ORIENTED_EDGE('',*,*,#12073,.F.);
#12073 = EDGE_CURVE('',#10592,#12066,#12074,.T.);
#12074 = LINE('',#12075,#12076);
#12075 = CARTESIAN_POINT('',(-3.55,-2.475,2.06));
#12076 = VECTOR('',#12077,1.);
#12077 = DIRECTION('',(0.,1.,-1.110223024625E-16));
#12078 = PLANE('',#12079);
#12079 = AXIS2_PLACEMENT_3D('',#12080,#12081,#12082);
#12080 = CARTESIAN_POINT('',(3.55,-2.475,2.06));
#12081 = DIRECTION('',(0.,1.110223024625E-16,1.));
#12082 = DIRECTION('',(-1.,0.,0.));
#12083 = ADVANCED_FACE('',(#12084),#12102,.F.);
#12084 = FACE_BOUND('',#12085,.F.);
#12085 = EDGE_LOOP('',(#12086,#12087,#12095,#12101));
#12086 = ORIENTED_EDGE('',*,*,#12073,.T.);
#12087 = ORIENTED_EDGE('',*,*,#12088,.T.);
#12088 = EDGE_CURVE('',#12066,#12089,#12091,.T.);
#12089 = VERTEX_POINT('',#12090);
#12090 = CARTESIAN_POINT('',(-3.55,-7.5E-02,1.46));
#12091 = LINE('',#12092,#12093);
#12092 = CARTESIAN_POINT('',(-3.55,-7.5E-02,2.06));
#12093 = VECTOR('',#12094,1.);
#12094 = DIRECTION('',(0.,-1.110223024625E-16,-1.));
#12095 = ORIENTED_EDGE('',*,*,#12096,.F.);
#12096 = EDGE_CURVE('',#10584,#12089,#12097,.T.);
#12097 = LINE('',#12098,#12099);
#12098 = CARTESIAN_POINT('',(-3.55,-2.475,1.46));
#12099 = VECTOR('',#12100,1.);
#12100 = DIRECTION('',(0.,1.,-1.110223024625E-16));
#12101 = ORIENTED_EDGE('',*,*,#10591,.F.);
#12102 = PLANE('',#12103);
#12103 = AXIS2_PLACEMENT_3D('',#12104,#12105,#12106);
#12104 = CARTESIAN_POINT('',(-3.55,-2.475,2.06));
#12105 = DIRECTION('',(-1.,0.,0.));
#12106 = DIRECTION('',(-0.,-1.110223024625E-16,-1.));
#12107 = ADVANCED_FACE('',(#12108),#12119,.F.);
#12108 = FACE_BOUND('',#12109,.F.);
#12109 = EDGE_LOOP('',(#12110,#12111,#12112,#12118));
#12110 = ORIENTED_EDGE('',*,*,#10583,.F.);
#12111 = ORIENTED_EDGE('',*,*,#12096,.T.);
#12112 = ORIENTED_EDGE('',*,*,#12113,.T.);
#12113 = EDGE_CURVE('',#12089,#12034,#12114,.T.);
#12114 = LINE('',#12115,#12116);
#12115 = CARTESIAN_POINT('',(-3.55,-7.5E-02,1.46));
#12116 = VECTOR('',#12117,1.);
#12117 = DIRECTION('',(1.,0.,0.));
#12118 = ORIENTED_EDGE('',*,*,#12033,.T.);
#12119 = PLANE('',#12120);
#12120 = AXIS2_PLACEMENT_3D('',#12121,#12122,#12123);
#12121 = CARTESIAN_POINT('',(-3.55,-2.475,1.46));
#12122 = DIRECTION('',(0.,-1.110223024625E-16,-1.));
#12123 = DIRECTION('',(1.,0.,0.));
#12124 = ADVANCED_FACE('',(#12125),#12136,.F.);
#12125 = FACE_BOUND('',#12126,.F.);
#12126 = EDGE_LOOP('',(#12127,#12128,#12134,#12135));
#12127 = ORIENTED_EDGE('',*,*,#12026,.T.);
#12128 = ORIENTED_EDGE('',*,*,#12129,.T.);
#12129 = EDGE_CURVE('',#12019,#11875,#12130,.T.);
#12130 = LINE('',#12131,#12132);
#12131 = CARTESIAN_POINT('',(-3.2,0.525,0.46));
#12132 = VECTOR('',#12133,1.);
#12133 = DIRECTION('',(1.,0.,0.));
#12134 = ORIENTED_EDGE('',*,*,#11874,.F.);
#12135 = ORIENTED_EDGE('',*,*,#10567,.F.);
#12136 = PLANE('',#12137);
#12137 = AXIS2_PLACEMENT_3D('',#12138,#12139,#12140);
#12138 = CARTESIAN_POINT('',(-3.2,-2.475,0.46));
#12139 = DIRECTION('',(0.,-1.110223024625E-16,-1.));
#12140 = DIRECTION('',(1.,0.,0.));
#12141 = ADVANCED_FACE('',(#12142),#12176,.F.);
#12142 = FACE_BOUND('',#12143,.F.);
#12143 = EDGE_LOOP('',(#12144,#12145,#12153,#12161,#12169,#12175));
#12144 = ORIENTED_EDGE('',*,*,#10969,.T.);
#12145 = ORIENTED_EDGE('',*,*,#12146,.T.);
#12146 = EDGE_CURVE('',#10962,#12147,#12149,.T.);
#12147 = VERTEX_POINT('',#12148);
#12148 = CARTESIAN_POINT('',(3.5,1.225,1.46));
#12149 = LINE('',#12150,#12151);
#12150 = CARTESIAN_POINT('',(3.5,1.775,1.46));
#12151 = VECTOR('',#12152,1.);
#12152 = DIRECTION('',(0.,-1.,1.110223024625E-16));
#12153 = ORIENTED_EDGE('',*,*,#12154,.T.);
#12154 = EDGE_CURVE('',#12147,#12155,#12157,.T.);
#12155 = VERTEX_POINT('',#12156);
#12156 = CARTESIAN_POINT('',(3.5,1.225,2.46));
#12157 = LINE('',#12158,#12159);
#12158 = CARTESIAN_POINT('',(3.5,1.225,1.46));
#12159 = VECTOR('',#12160,1.);
#12160 = DIRECTION('',(0.,1.110223024625E-16,1.));
#12161 = ORIENTED_EDGE('',*,*,#12162,.T.);
#12162 = EDGE_CURVE('',#12155,#12163,#12165,.T.);
#12163 = VERTEX_POINT('',#12164);
#12164 = CARTESIAN_POINT('',(3.5,0.575,2.46));
#12165 = LINE('',#12166,#12167);
#12166 = CARTESIAN_POINT('',(3.5,1.225,2.46));
#12167 = VECTOR('',#12168,1.);
#12168 = DIRECTION('',(0.,-1.,1.110223024625E-16));
#12169 = ORIENTED_EDGE('',*,*,#12170,.T.);
#12170 = EDGE_CURVE('',#12163,#10696,#12171,.T.);
#12171 = LINE('',#12172,#12173);
#12172 = CARTESIAN_POINT('',(3.5,0.575,2.46));
#12173 = VECTOR('',#12174,1.);
#12174 = DIRECTION('',(0.,-0.500421834463,0.865781720524));
#12175 = ORIENTED_EDGE('',*,*,#10703,.T.);
#12176 = PLANE('',#12177);
#12177 = AXIS2_PLACEMENT_3D('',#12178,#12179,#12180);
#12178 = CARTESIAN_POINT('',(3.5,1.22787099059,2.3670284193));
#12179 = DIRECTION('',(-1.,0.,0.));
#12180 = DIRECTION('',(0.,1.,-1.110223024625E-16));
#12181 = ADVANCED_FACE('',(#12182),#12193,.F.);
#12182 = FACE_BOUND('',#12183,.F.);
#12183 = EDGE_LOOP('',(#12184,#12190,#12191,#12192));
#12184 = ORIENTED_EDGE('',*,*,#12185,.T.);
#12185 = EDGE_CURVE('',#12163,#11010,#12186,.T.);
#12186 = LINE('',#12187,#12188);
#12187 = CARTESIAN_POINT('',(3.5,0.575,2.46));
#12188 = VECTOR('',#12189,1.);
#12189 = DIRECTION('',(1.,0.,0.));
#12190 = ORIENTED_EDGE('',*,*,#11017,.T.);
#12191 = ORIENTED_EDGE('',*,*,#10695,.F.);
#12192 = ORIENTED_EDGE('',*,*,#12170,.F.);
#12193 = PLANE('',#12194);
#12194 = AXIS2_PLACEMENT_3D('',#12195,#12196,#12197);
#12195 = CARTESIAN_POINT('',(3.5,0.575,2.46));
#12196 = DIRECTION('',(0.,-0.865781720524,-0.500421834463));
#12197 = DIRECTION('',(0.,-0.500421834463,0.865781720524));
#12198 = ADVANCED_FACE('',(#12199),#12207,.T.);
#12199 = FACE_BOUND('',#12200,.T.);
#12200 = EDGE_LOOP('',(#12201,#12202,#12203,#12204,#12205,#12206));
#12201 = ORIENTED_EDGE('',*,*,#10976,.T.);
#12202 = ORIENTED_EDGE('',*,*,#10797,.T.);
#12203 = ORIENTED_EDGE('',*,*,#10773,.T.);
#12204 = ORIENTED_EDGE('',*,*,#10749,.T.);
#12205 = ORIENTED_EDGE('',*,*,#10725,.T.);
#12206 = ORIENTED_EDGE('',*,*,#10671,.T.);
#12207 = PLANE('',#12208);
#12208 = AXIS2_PLACEMENT_3D('',#12209,#12210,#12211);
#12209 = CARTESIAN_POINT('',(-3.5,1.22787099059,2.3670284193));
#12210 = DIRECTION('',(-1.,0.,0.));
#12211 = DIRECTION('',(0.,1.,-1.110223024625E-16));
#12212 = ADVANCED_FACE('',(#12213),#12224,.F.);
#12213 = FACE_BOUND('',#12214,.F.);
#12214 = EDGE_LOOP('',(#12215,#12216,#12217,#12223));
#12215 = ORIENTED_EDGE('',*,*,#10961,.T.);
#12216 = ORIENTED_EDGE('',*,*,#10993,.T.);
#12217 = ORIENTED_EDGE('',*,*,#12218,.F.);
#12218 = EDGE_CURVE('',#12147,#10994,#12219,.T.);
#12219 = LINE('',#12220,#12221);
#12220 = CARTESIAN_POINT('',(3.5,1.225,1.46));
#12221 = VECTOR('',#12222,1.);
#12222 = DIRECTION('',(1.,0.,0.));
#12223 = ORIENTED_EDGE('',*,*,#12146,.F.);
#12224 = PLANE('',#12225);
#12225 = AXIS2_PLACEMENT_3D('',#12226,#12227,#12228);
#12226 = CARTESIAN_POINT('',(3.5,1.775,1.46));
#12227 = DIRECTION('',(0.,-1.110223024625E-16,-1.));
#12228 = DIRECTION('',(0.,-1.,1.110223024625E-16));
#12229 = ADVANCED_FACE('',(#12230),#12241,.T.);
#12230 = FACE_BOUND('',#12231,.T.);
#12231 = EDGE_LOOP('',(#12232,#12233,#12234,#12240));
#12232 = ORIENTED_EDGE('',*,*,#10938,.T.);
#12233 = ORIENTED_EDGE('',*,*,#11749,.T.);
#12234 = ORIENTED_EDGE('',*,*,#12235,.F.);
#12235 = EDGE_CURVE('',#11693,#11750,#12236,.T.);
#12236 = LINE('',#12237,#12238);
#12237 = CARTESIAN_POINT('',(2.4,2.475,0.2));
#12238 = VECTOR('',#12239,1.);
#12239 = DIRECTION('',(1.,0.,0.));
#12240 = ORIENTED_EDGE('',*,*,#11692,.F.);
#12241 = PLANE('',#12242);
#12242 = AXIS2_PLACEMENT_3D('',#12243,#12244,#12245);
#12243 = CARTESIAN_POINT('',(2.4,1.775,0.2));
#12244 = DIRECTION('',(0.,0.,1.));
#12245 = DIRECTION('',(0.,1.,0.));
#12246 = ADVANCED_FACE('',(#12247),#12258,.T.);
#12247 = FACE_BOUND('',#12248,.T.);
#12248 = EDGE_LOOP('',(#12249,#12250,#12251,#12257));
#12249 = ORIENTED_EDGE('',*,*,#10915,.T.);
#12250 = ORIENTED_EDGE('',*,*,#11652,.T.);
#12251 = ORIENTED_EDGE('',*,*,#12252,.F.);
#12252 = EDGE_CURVE('',#11596,#11653,#12253,.T.);
#12253 = LINE('',#12254,#12255);
#12254 = CARTESIAN_POINT('',(1.4,2.475,0.2));
#12255 = VECTOR('',#12256,1.);
#12256 = DIRECTION('',(1.,0.,0.));
#12257 = ORIENTED_EDGE('',*,*,#11595,.F.);
#12258 = PLANE('',#12259);
#12259 = AXIS2_PLACEMENT_3D('',#12260,#12261,#12262);
#12260 = CARTESIAN_POINT('',(1.4,1.775,0.2));
#12261 = DIRECTION('',(0.,0.,1.));
#12262 = DIRECTION('',(0.,1.,0.));
#12263 = ADVANCED_FACE('',(#12264),#12275,.T.);
#12264 = FACE_BOUND('',#12265,.T.);
#12265 = EDGE_LOOP('',(#12266,#12267,#12268,#12274));
#12266 = ORIENTED_EDGE('',*,*,#10892,.T.);
#12267 = ORIENTED_EDGE('',*,*,#11555,.T.);
#12268 = ORIENTED_EDGE('',*,*,#12269,.F.);
#12269 = EDGE_CURVE('',#11499,#11556,#12270,.T.);
#12270 = LINE('',#12271,#12272);
#12271 = CARTESIAN_POINT('',(0.4,2.475,0.2));
#12272 = VECTOR('',#12273,1.);
#12273 = DIRECTION('',(1.,0.,0.));
#12274 = ORIENTED_EDGE('',*,*,#11498,.F.);
#12275 = PLANE('',#12276);
#12276 = AXIS2_PLACEMENT_3D('',#12277,#12278,#12279);
#12277 = CARTESIAN_POINT('',(0.4,1.775,0.2));
#12278 = DIRECTION('',(0.,0.,1.));
#12279 = DIRECTION('',(0.,1.,0.));
#12280 = ADVANCED_FACE('',(#12281),#12292,.T.);
#12281 = FACE_BOUND('',#12282,.T.);
#12282 = EDGE_LOOP('',(#12283,#12284,#12285,#12291));
#12283 = ORIENTED_EDGE('',*,*,#10869,.T.);
#12284 = ORIENTED_EDGE('',*,*,#11458,.T.);
#12285 = ORIENTED_EDGE('',*,*,#12286,.F.);
#12286 = EDGE_CURVE('',#11402,#11459,#12287,.T.);
#12287 = LINE('',#12288,#12289);
#12288 = CARTESIAN_POINT('',(-0.6,2.475,0.2));
#12289 = VECTOR('',#12290,1.);
#12290 = DIRECTION('',(1.,0.,0.));
#12291 = ORIENTED_EDGE('',*,*,#11401,.F.);
#12292 = PLANE('',#12293);
#12293 = AXIS2_PLACEMENT_3D('',#12294,#12295,#12296);
#12294 = CARTESIAN_POINT('',(-0.6,1.775,0.2));
#12295 = DIRECTION('',(0.,0.,1.));
#12296 = DIRECTION('',(0.,1.,0.));
#12297 = ADVANCED_FACE('',(#12298),#12309,.T.);
#12298 = FACE_BOUND('',#12299,.T.);
#12299 = EDGE_LOOP('',(#12300,#12301,#12302,#12308));
#12300 = ORIENTED_EDGE('',*,*,#10846,.T.);
#12301 = ORIENTED_EDGE('',*,*,#11361,.T.);
#12302 = ORIENTED_EDGE('',*,*,#12303,.F.);
#12303 = EDGE_CURVE('',#11305,#11362,#12304,.T.);
#12304 = LINE('',#12305,#12306);
#12305 = CARTESIAN_POINT('',(-1.6,2.475,0.2));
#12306 = VECTOR('',#12307,1.);
#12307 = DIRECTION('',(1.,0.,0.));
#12308 = ORIENTED_EDGE('',*,*,#11304,.F.);
#12309 = PLANE('',#12310);
#12310 = AXIS2_PLACEMENT_3D('',#12311,#12312,#12313);
#12311 = CARTESIAN_POINT('',(-1.6,1.775,0.2));
#12312 = DIRECTION('',(0.,0.,1.));
#12313 = DIRECTION('',(0.,1.,0.));
#12314 = ADVANCED_FACE('',(#12315),#12326,.T.);
#12315 = FACE_BOUND('',#12316,.T.);
#12316 = EDGE_LOOP('',(#12317,#12318,#12319,#12325));
#12317 = ORIENTED_EDGE('',*,*,#10823,.T.);
#12318 = ORIENTED_EDGE('',*,*,#11264,.T.);
#12319 = ORIENTED_EDGE('',*,*,#12320,.F.);
#12320 = EDGE_CURVE('',#11208,#11265,#12321,.T.);
#12321 = LINE('',#12322,#12323);
#12322 = CARTESIAN_POINT('',(-2.6,2.475,0.2));
#12323 = VECTOR('',#12324,1.);
#12324 = DIRECTION('',(1.,0.,0.));
#12325 = ORIENTED_EDGE('',*,*,#11207,.F.);
#12326 = PLANE('',#12327);
#12327 = AXIS2_PLACEMENT_3D('',#12328,#12329,#12330);
#12328 = CARTESIAN_POINT('',(-2.6,1.775,0.2));
#12329 = DIRECTION('',(0.,0.,1.));
#12330 = DIRECTION('',(0.,1.,0.));
#12331 = ADVANCED_FACE('',(#12332),#12350,.F.);
#12332 = FACE_BOUND('',#12333,.F.);
#12333 = EDGE_LOOP('',(#12334,#12342,#12348,#12349));
#12334 = ORIENTED_EDGE('',*,*,#12335,.F.);
#12335 = EDGE_CURVE('',#12336,#11064,#12338,.T.);
#12336 = VERTEX_POINT('',#12337);
#12337 = CARTESIAN_POINT('',(3.7,-1.975,0.61));
#12338 = LINE('',#12339,#12340);
#12339 = CARTESIAN_POINT('',(3.7,-1.975,0.61));
#12340 = VECTOR('',#12341,1.);
#12341 = DIRECTION('',(0.,1.,0.));
#12342 = ORIENTED_EDGE('',*,*,#12343,.T.);
#12343 = EDGE_CURVE('',#12336,#11034,#12344,.T.);
#12344 = LINE('',#12345,#12346);
#12345 = CARTESIAN_POINT('',(3.5,-1.975,0.61));
#12346 = VECTOR('',#12347,1.);
#12347 = DIRECTION('',(1.,0.,0.));
#12348 = ORIENTED_EDGE('',*,*,#11041,.T.);
#12349 = ORIENTED_EDGE('',*,*,#11071,.F.);
#12350 = PLANE('',#12351);
#12351 = AXIS2_PLACEMENT_3D('',#12352,#12353,#12354);
#12352 = CARTESIAN_POINT('',(3.5,-1.975,0.61));
#12353 = DIRECTION('',(0.,1.110223024625E-16,1.));
#12354 = DIRECTION('',(0.,1.,-1.110223024625E-16));
#12355 = ADVANCED_FACE('',(#12356),#12367,.F.);
#12356 = FACE_BOUND('',#12357,.F.);
#12357 = EDGE_LOOP('',(#12358,#12364,#12365,#12366));
#12358 = ORIENTED_EDGE('',*,*,#12359,.F.);
#12359 = EDGE_CURVE('',#11850,#12336,#12360,.T.);
#12360 = LINE('',#12361,#12362);
#12361 = CARTESIAN_POINT('',(3.7,-1.975,1.26));
#12362 = VECTOR('',#12363,1.);
#12363 = DIRECTION('',(0.,0.,-1.));
#12364 = ORIENTED_EDGE('',*,*,#11859,.T.);
#12365 = ORIENTED_EDGE('',*,*,#11033,.T.);
#12366 = ORIENTED_EDGE('',*,*,#12343,.F.);
#12367 = PLANE('',#12368);
#12368 = AXIS2_PLACEMENT_3D('',#12369,#12370,#12371);
#12369 = CARTESIAN_POINT('',(3.5,-1.975,1.26));
#12370 = DIRECTION('',(0.,1.,-1.110223024625E-16));
#12371 = DIRECTION('',(0.,-1.110223024625E-16,-1.));
#12372 = ADVANCED_FACE('',(#12373),#12384,.F.);
#12373 = FACE_BOUND('',#12374,.F.);
#12374 = EDGE_LOOP('',(#12375,#12381,#12382,#12383));
#12375 = ORIENTED_EDGE('',*,*,#12376,.T.);
#12376 = EDGE_CURVE('',#12155,#11002,#12377,.T.);
#12377 = LINE('',#12378,#12379);
#12378 = CARTESIAN_POINT('',(3.5,1.225,2.46));
#12379 = VECTOR('',#12380,1.);
#12380 = DIRECTION('',(1.,0.,0.));
#12381 = ORIENTED_EDGE('',*,*,#11009,.T.);
#12382 = ORIENTED_EDGE('',*,*,#12185,.F.);
#12383 = ORIENTED_EDGE('',*,*,#12162,.F.);
#12384 = PLANE('',#12385);
#12385 = AXIS2_PLACEMENT_3D('',#12386,#12387,#12388);
#12386 = CARTESIAN_POINT('',(3.5,1.225,2.46));
#12387 = DIRECTION('',(0.,-1.110223024625E-16,-1.));
#12388 = DIRECTION('',(0.,-1.,1.110223024625E-16));
#12389 = ADVANCED_FACE('',(#12390),#12396,.F.);
#12390 = FACE_BOUND('',#12391,.F.);
#12391 = EDGE_LOOP('',(#12392,#12393,#12394,#12395));
#12392 = ORIENTED_EDGE('',*,*,#12218,.T.);
#12393 = ORIENTED_EDGE('',*,*,#11001,.T.);
#12394 = ORIENTED_EDGE('',*,*,#12376,.F.);
#12395 = ORIENTED_EDGE('',*,*,#12154,.F.);
#12396 = PLANE('',#12397);
#12397 = AXIS2_PLACEMENT_3D('',#12398,#12399,#12400);
#12398 = CARTESIAN_POINT('',(3.5,1.225,1.46));
#12399 = DIRECTION('',(0.,-1.,1.110223024625E-16));
#12400 = DIRECTION('',(0.,1.110223024625E-16,1.));
#12401 = ADVANCED_FACE('',(#12402),#12416,.F.);
#12402 = FACE_BOUND('',#12403,.F.);
#12403 = EDGE_LOOP('',(#12404,#12405,#12406,#12407,#12408,#12409,#12410)
  );
#12404 = ORIENTED_EDGE('',*,*,#11832,.T.);
#12405 = ORIENTED_EDGE('',*,*,#11849,.T.);
#12406 = ORIENTED_EDGE('',*,*,#12359,.T.);
#12407 = ORIENTED_EDGE('',*,*,#12335,.T.);
#12408 = ORIENTED_EDGE('',*,*,#11063,.T.);
#12409 = ORIENTED_EDGE('',*,*,#11096,.T.);
#12410 = ORIENTED_EDGE('',*,*,#12411,.T.);
#12411 = EDGE_CURVE('',#11097,#11825,#12412,.T.);
#12412 = LINE('',#12413,#12414);
#12413 = CARTESIAN_POINT('',(3.7,-0.975,1.E-02));
#12414 = VECTOR('',#12415,1.);
#12415 = DIRECTION('',(0.,-1.,-5.782411586589E-18));
#12416 = PLANE('',#12417);
#12417 = AXIS2_PLACEMENT_3D('',#12418,#12419,#12420);
#12418 = CARTESIAN_POINT('',(3.7,-1.843181818182,0.516818181818));
#12419 = DIRECTION('',(-1.,-0.,-0.));
#12420 = DIRECTION('',(0.,0.,-1.));
#12421 = ADVANCED_FACE('',(#12422),#12428,.T.);
#12422 = FACE_BOUND('',#12423,.T.);
#12423 = EDGE_LOOP('',(#12424,#12425,#12426,#12427));
#12424 = ORIENTED_EDGE('',*,*,#11104,.T.);
#12425 = ORIENTED_EDGE('',*,*,#12411,.T.);
#12426 = ORIENTED_EDGE('',*,*,#11824,.F.);
#12427 = ORIENTED_EDGE('',*,*,#11118,.F.);
#12428 = PLANE('',#12429);
#12429 = AXIS2_PLACEMENT_3D('',#12430,#12431,#12432);
#12430 = CARTESIAN_POINT('',(3.5,-0.975,1.E-02));
#12431 = DIRECTION('',(0.,5.782411586589E-18,-1.));
#12432 = DIRECTION('',(0.,-1.,-5.782411586589E-18));
#12433 = ADVANCED_FACE('',(#12434),#12440,.T.);
#12434 = FACE_BOUND('',#12435,.T.);
#12435 = EDGE_LOOP('',(#12436,#12437,#12438,#12439));
#12436 = ORIENTED_EDGE('',*,*,#11183,.T.);
#12437 = ORIENTED_EDGE('',*,*,#11142,.T.);
#12438 = ORIENTED_EDGE('',*,*,#11806,.F.);
#12439 = ORIENTED_EDGE('',*,*,#11792,.F.);
#12440 = PLANE('',#12441);
#12441 = AXIS2_PLACEMENT_3D('',#12442,#12443,#12444);
#12442 = CARTESIAN_POINT('',(-3.7,-0.975,1.E-02));
#12443 = DIRECTION('',(0.,5.782411586589E-18,-1.));
#12444 = DIRECTION('',(0.,-1.,-5.782411586589E-18));
#12445 = ADVANCED_FACE('',(#12446),#12457,.T.);
#12446 = FACE_BOUND('',#12447,.T.);
#12447 = EDGE_LOOP('',(#12448,#12449,#12450,#12456));
#12448 = ORIENTED_EDGE('',*,*,#12320,.T.);
#12449 = ORIENTED_EDGE('',*,*,#11272,.T.);
#12450 = ORIENTED_EDGE('',*,*,#12451,.F.);
#12451 = EDGE_CURVE('',#11216,#11273,#12452,.T.);
#12452 = LINE('',#12453,#12454);
#12453 = CARTESIAN_POINT('',(-2.6,2.475,0.));
#12454 = VECTOR('',#12455,1.);
#12455 = DIRECTION('',(1.,0.,0.));
#12456 = ORIENTED_EDGE('',*,*,#11215,.F.);
#12457 = PLANE('',#12458);
#12458 = AXIS2_PLACEMENT_3D('',#12459,#12460,#12461);
#12459 = CARTESIAN_POINT('',(-2.6,2.475,0.2));
#12460 = DIRECTION('',(0.,1.,0.));
#12461 = DIRECTION('',(0.,0.,-1.));
#12462 = ADVANCED_FACE('',(#12463),#12469,.T.);
#12463 = FACE_BOUND('',#12464,.T.);
#12464 = EDGE_LOOP('',(#12465,#12466,#12467,#12468));
#12465 = ORIENTED_EDGE('',*,*,#12451,.T.);
#12466 = ORIENTED_EDGE('',*,*,#11280,.T.);
#12467 = ORIENTED_EDGE('',*,*,#11237,.F.);
#12468 = ORIENTED_EDGE('',*,*,#11223,.F.);
#12469 = PLANE('',#12470);
#12470 = AXIS2_PLACEMENT_3D('',#12471,#12472,#12473);
#12471 = CARTESIAN_POINT('',(-2.6,2.475,0.));
#12472 = DIRECTION('',(0.,0.,-1.));
#12473 = DIRECTION('',(0.,-1.,0.));
#12474 = ADVANCED_FACE('',(#12475),#12486,.T.);
#12475 = FACE_BOUND('',#12476,.T.);
#12476 = EDGE_LOOP('',(#12477,#12478,#12479,#12485));
#12477 = ORIENTED_EDGE('',*,*,#12303,.T.);
#12478 = ORIENTED_EDGE('',*,*,#11369,.T.);
#12479 = ORIENTED_EDGE('',*,*,#12480,.F.);
#12480 = EDGE_CURVE('',#11313,#11370,#12481,.T.);
#12481 = LINE('',#12482,#12483);
#12482 = CARTESIAN_POINT('',(-1.6,2.475,0.));
#12483 = VECTOR('',#12484,1.);
#12484 = DIRECTION('',(1.,0.,0.));
#12485 = ORIENTED_EDGE('',*,*,#11312,.F.);
#12486 = PLANE('',#12487);
#12487 = AXIS2_PLACEMENT_3D('',#12488,#12489,#12490);
#12488 = CARTESIAN_POINT('',(-1.6,2.475,0.2));
#12489 = DIRECTION('',(0.,1.,0.));
#12490 = DIRECTION('',(0.,0.,-1.));
#12491 = ADVANCED_FACE('',(#12492),#12498,.T.);
#12492 = FACE_BOUND('',#12493,.T.);
#12493 = EDGE_LOOP('',(#12494,#12495,#12496,#12497));
#12494 = ORIENTED_EDGE('',*,*,#12480,.T.);
#12495 = ORIENTED_EDGE('',*,*,#11377,.T.);
#12496 = ORIENTED_EDGE('',*,*,#11334,.F.);
#12497 = ORIENTED_EDGE('',*,*,#11320,.F.);
#12498 = PLANE('',#12499);
#12499 = AXIS2_PLACEMENT_3D('',#12500,#12501,#12502);
#12500 = CARTESIAN_POINT('',(-1.6,2.475,0.));
#12501 = DIRECTION('',(0.,0.,-1.));
#12502 = DIRECTION('',(0.,-1.,0.));
#12503 = ADVANCED_FACE('',(#12504),#12515,.T.);
#12504 = FACE_BOUND('',#12505,.T.);
#12505 = EDGE_LOOP('',(#12506,#12507,#12508,#12514));
#12506 = ORIENTED_EDGE('',*,*,#12286,.T.);
#12507 = ORIENTED_EDGE('',*,*,#11466,.T.);
#12508 = ORIENTED_EDGE('',*,*,#12509,.F.);
#12509 = EDGE_CURVE('',#11410,#11467,#12510,.T.);
#12510 = LINE('',#12511,#12512);
#12511 = CARTESIAN_POINT('',(-0.6,2.475,0.));
#12512 = VECTOR('',#12513,1.);
#12513 = DIRECTION('',(1.,0.,0.));
#12514 = ORIENTED_EDGE('',*,*,#11409,.F.);
#12515 = PLANE('',#12516);
#12516 = AXIS2_PLACEMENT_3D('',#12517,#12518,#12519);
#12517 = CARTESIAN_POINT('',(-0.6,2.475,0.2));
#12518 = DIRECTION('',(0.,1.,0.));
#12519 = DIRECTION('',(0.,0.,-1.));
#12520 = ADVANCED_FACE('',(#12521),#12527,.T.);
#12521 = FACE_BOUND('',#12522,.T.);
#12522 = EDGE_LOOP('',(#12523,#12524,#12525,#12526));
#12523 = ORIENTED_EDGE('',*,*,#12509,.T.);
#12524 = ORIENTED_EDGE('',*,*,#11474,.T.);
#12525 = ORIENTED_EDGE('',*,*,#11431,.F.);
#12526 = ORIENTED_EDGE('',*,*,#11417,.F.);
#12527 = PLANE('',#12528);
#12528 = AXIS2_PLACEMENT_3D('',#12529,#12530,#12531);
#12529 = CARTESIAN_POINT('',(-0.6,2.475,0.));
#12530 = DIRECTION('',(0.,0.,-1.));
#12531 = DIRECTION('',(0.,-1.,0.));
#12532 = ADVANCED_FACE('',(#12533),#12544,.T.);
#12533 = FACE_BOUND('',#12534,.T.);
#12534 = EDGE_LOOP('',(#12535,#12536,#12537,#12543));
#12535 = ORIENTED_EDGE('',*,*,#12269,.T.);
#12536 = ORIENTED_EDGE('',*,*,#11563,.T.);
#12537 = ORIENTED_EDGE('',*,*,#12538,.F.);
#12538 = EDGE_CURVE('',#11507,#11564,#12539,.T.);
#12539 = LINE('',#12540,#12541);
#12540 = CARTESIAN_POINT('',(0.4,2.475,0.));
#12541 = VECTOR('',#12542,1.);
#12542 = DIRECTION('',(1.,0.,0.));
#12543 = ORIENTED_EDGE('',*,*,#11506,.F.);
#12544 = PLANE('',#12545);
#12545 = AXIS2_PLACEMENT_3D('',#12546,#12547,#12548);
#12546 = CARTESIAN_POINT('',(0.4,2.475,0.2));
#12547 = DIRECTION('',(0.,1.,0.));
#12548 = DIRECTION('',(0.,0.,-1.));
#12549 = ADVANCED_FACE('',(#12550),#12556,.T.);
#12550 = FACE_BOUND('',#12551,.T.);
#12551 = EDGE_LOOP('',(#12552,#12553,#12554,#12555));
#12552 = ORIENTED_EDGE('',*,*,#12538,.T.);
#12553 = ORIENTED_EDGE('',*,*,#11571,.T.);
#12554 = ORIENTED_EDGE('',*,*,#11528,.F.);
#12555 = ORIENTED_EDGE('',*,*,#11514,.F.);
#12556 = PLANE('',#12557);
#12557 = AXIS2_PLACEMENT_3D('',#12558,#12559,#12560);
#12558 = CARTESIAN_POINT('',(0.4,2.475,0.));
#12559 = DIRECTION('',(0.,0.,-1.));
#12560 = DIRECTION('',(0.,-1.,0.));
#12561 = ADVANCED_FACE('',(#12562),#12573,.T.);
#12562 = FACE_BOUND('',#12563,.T.);
#12563 = EDGE_LOOP('',(#12564,#12565,#12566,#12572));
#12564 = ORIENTED_EDGE('',*,*,#12252,.T.);
#12565 = ORIENTED_EDGE('',*,*,#11660,.T.);
#12566 = ORIENTED_EDGE('',*,*,#12567,.F.);
#12567 = EDGE_CURVE('',#11604,#11661,#12568,.T.);
#12568 = LINE('',#12569,#12570);
#12569 = CARTESIAN_POINT('',(1.4,2.475,0.));
#12570 = VECTOR('',#12571,1.);
#12571 = DIRECTION('',(1.,0.,0.));
#12572 = ORIENTED_EDGE('',*,*,#11603,.F.);
#12573 = PLANE('',#12574);
#12574 = AXIS2_PLACEMENT_3D('',#12575,#12576,#12577);
#12575 = CARTESIAN_POINT('',(1.4,2.475,0.2));
#12576 = DIRECTION('',(0.,1.,0.));
#12577 = DIRECTION('',(0.,0.,-1.));
#12578 = ADVANCED_FACE('',(#12579),#12585,.T.);
#12579 = FACE_BOUND('',#12580,.T.);
#12580 = EDGE_LOOP('',(#12581,#12582,#12583,#12584));
#12581 = ORIENTED_EDGE('',*,*,#12567,.T.);
#12582 = ORIENTED_EDGE('',*,*,#11668,.T.);
#12583 = ORIENTED_EDGE('',*,*,#11625,.F.);
#12584 = ORIENTED_EDGE('',*,*,#11611,.F.);
#12585 = PLANE('',#12586);
#12586 = AXIS2_PLACEMENT_3D('',#12587,#12588,#12589);
#12587 = CARTESIAN_POINT('',(1.4,2.475,0.));
#12588 = DIRECTION('',(0.,0.,-1.));
#12589 = DIRECTION('',(0.,-1.,0.));
#12590 = ADVANCED_FACE('',(#12591),#12602,.T.);
#12591 = FACE_BOUND('',#12592,.T.);
#12592 = EDGE_LOOP('',(#12593,#12594,#12595,#12601));
#12593 = ORIENTED_EDGE('',*,*,#12235,.T.);
#12594 = ORIENTED_EDGE('',*,*,#11757,.T.);
#12595 = ORIENTED_EDGE('',*,*,#12596,.F.);
#12596 = EDGE_CURVE('',#11701,#11758,#12597,.T.);
#12597 = LINE('',#12598,#12599);
#12598 = CARTESIAN_POINT('',(2.4,2.475,0.));
#12599 = VECTOR('',#12600,1.);
#12600 = DIRECTION('',(1.,0.,0.));
#12601 = ORIENTED_EDGE('',*,*,#11700,.F.);
#12602 = PLANE('',#12603);
#12603 = AXIS2_PLACEMENT_3D('',#12604,#12605,#12606);
#12604 = CARTESIAN_POINT('',(2.4,2.475,0.2));
#12605 = DIRECTION('',(0.,1.,0.));
#12606 = DIRECTION('',(0.,0.,-1.));
#12607 = ADVANCED_FACE('',(#12608),#12614,.T.);
#12608 = FACE_BOUND('',#12609,.T.);
#12609 = EDGE_LOOP('',(#12610,#12611,#12612,#12613));
#12610 = ORIENTED_EDGE('',*,*,#12596,.T.);
#12611 = ORIENTED_EDGE('',*,*,#11765,.T.);
#12612 = ORIENTED_EDGE('',*,*,#11722,.F.);
#12613 = ORIENTED_EDGE('',*,*,#11708,.F.);
#12614 = PLANE('',#12615);
#12615 = AXIS2_PLACEMENT_3D('',#12616,#12617,#12618);
#12616 = CARTESIAN_POINT('',(2.4,2.475,0.));
#12617 = DIRECTION('',(0.,0.,-1.));
#12618 = DIRECTION('',(0.,-1.,0.));
#12619 = ADVANCED_FACE('',(#12620),#12626,.T.);
#12620 = FACE_BOUND('',#12621,.T.);
#12621 = EDGE_LOOP('',(#12622,#12623,#12624,#12625));
#12622 = ORIENTED_EDGE('',*,*,#11929,.T.);
#12623 = ORIENTED_EDGE('',*,*,#11952,.T.);
#12624 = ORIENTED_EDGE('',*,*,#11977,.T.);
#12625 = ORIENTED_EDGE('',*,*,#11905,.T.);
#12626 = PLANE('',#12627);
#12627 = AXIS2_PLACEMENT_3D('',#12628,#12629,#12630);
#12628 = CARTESIAN_POINT('',(5.767392335715E-16,-7.5E-02,1.76));
#12629 = DIRECTION('',(0.,-1.,1.110223024625E-16));
#12630 = DIRECTION('',(1.,0.,0.));
#12631 = ADVANCED_FACE('',(#12632,#12638,#12672,#12706,#12740,#12774,
    #12808),#12842,.T.);
#12632 = FACE_BOUND('',#12633,.T.);
#12633 = EDGE_LOOP('',(#12634,#12635,#12636,#12637));
#12634 = ORIENTED_EDGE('',*,*,#11882,.T.);
#12635 = ORIENTED_EDGE('',*,*,#11993,.T.);
#12636 = ORIENTED_EDGE('',*,*,#12018,.T.);
#12637 = ORIENTED_EDGE('',*,*,#12129,.T.);
#12638 = FACE_BOUND('',#12639,.T.);
#12639 = EDGE_LOOP('',(#12640,#12650,#12658,#12666));
#12640 = ORIENTED_EDGE('',*,*,#12641,.F.);
#12641 = EDGE_CURVE('',#12642,#12644,#12646,.T.);
#12642 = VERTEX_POINT('',#12643);
#12643 = CARTESIAN_POINT('',(-2.6,0.525,1.66));
#12644 = VERTEX_POINT('',#12645);
#12645 = CARTESIAN_POINT('',(-2.4,0.525,1.66));
#12646 = LINE('',#12647,#12648);
#12647 = CARTESIAN_POINT('',(-2.6,0.525,1.66));
#12648 = VECTOR('',#12649,1.);
#12649 = DIRECTION('',(1.,0.,0.));
#12650 = ORIENTED_EDGE('',*,*,#12651,.F.);
#12651 = EDGE_CURVE('',#12652,#12642,#12654,.T.);
#12652 = VERTEX_POINT('',#12653);
#12653 = CARTESIAN_POINT('',(-2.6,0.525,2.14));
#12654 = LINE('',#12655,#12656);
#12655 = CARTESIAN_POINT('',(-2.6,0.525,2.14));
#12656 = VECTOR('',#12657,1.);
#12657 = DIRECTION('',(0.,0.,-1.));
#12658 = ORIENTED_EDGE('',*,*,#12659,.T.);
#12659 = EDGE_CURVE('',#12652,#12660,#12662,.T.);
#12660 = VERTEX_POINT('',#12661);
#12661 = CARTESIAN_POINT('',(-2.4,0.525,2.14));
#12662 = LINE('',#12663,#12664);
#12663 = CARTESIAN_POINT('',(-2.6,0.525,2.14));
#12664 = VECTOR('',#12665,1.);
#12665 = DIRECTION('',(1.,0.,0.));
#12666 = ORIENTED_EDGE('',*,*,#12667,.T.);
#12667 = EDGE_CURVE('',#12660,#12644,#12668,.T.);
#12668 = LINE('',#12669,#12670);
#12669 = CARTESIAN_POINT('',(-2.4,0.525,2.14));
#12670 = VECTOR('',#12671,1.);
#12671 = DIRECTION('',(0.,0.,-1.));
#12672 = FACE_BOUND('',#12673,.T.);
#12673 = EDGE_LOOP('',(#12674,#12684,#12692,#12700));
#12674 = ORIENTED_EDGE('',*,*,#12675,.F.);
#12675 = EDGE_CURVE('',#12676,#12678,#12680,.T.);
#12676 = VERTEX_POINT('',#12677);
#12677 = CARTESIAN_POINT('',(-1.6,0.525,2.14));
#12678 = VERTEX_POINT('',#12679);
#12679 = CARTESIAN_POINT('',(-1.6,0.525,1.66));
#12680 = LINE('',#12681,#12682);
#12681 = CARTESIAN_POINT('',(-1.6,0.525,2.14));
#12682 = VECTOR('',#12683,1.);
#12683 = DIRECTION('',(0.,0.,-1.));
#12684 = ORIENTED_EDGE('',*,*,#12685,.T.);
#12685 = EDGE_CURVE('',#12676,#12686,#12688,.T.);
#12686 = VERTEX_POINT('',#12687);
#12687 = CARTESIAN_POINT('',(-1.4,0.525,2.14));
#12688 = LINE('',#12689,#12690);
#12689 = CARTESIAN_POINT('',(-1.6,0.525,2.14));
#12690 = VECTOR('',#12691,1.);
#12691 = DIRECTION('',(1.,0.,0.));
#12692 = ORIENTED_EDGE('',*,*,#12693,.T.);
#12693 = EDGE_CURVE('',#12686,#12694,#12696,.T.);
#12694 = VERTEX_POINT('',#12695);
#12695 = CARTESIAN_POINT('',(-1.4,0.525,1.66));
#12696 = LINE('',#12697,#12698);
#12697 = CARTESIAN_POINT('',(-1.4,0.525,2.14));
#12698 = VECTOR('',#12699,1.);
#12699 = DIRECTION('',(0.,0.,-1.));
#12700 = ORIENTED_EDGE('',*,*,#12701,.F.);
#12701 = EDGE_CURVE('',#12678,#12694,#12702,.T.);
#12702 = LINE('',#12703,#12704);
#12703 = CARTESIAN_POINT('',(-1.6,0.525,1.66));
#12704 = VECTOR('',#12705,1.);
#12705 = DIRECTION('',(1.,0.,0.));
#12706 = FACE_BOUND('',#12707,.T.);
#12707 = EDGE_LOOP('',(#12708,#12718,#12726,#12734));
#12708 = ORIENTED_EDGE('',*,*,#12709,.F.);
#12709 = EDGE_CURVE('',#12710,#12712,#12714,.T.);
#12710 = VERTEX_POINT('',#12711);
#12711 = CARTESIAN_POINT('',(-0.6,0.525,2.14));
#12712 = VERTEX_POINT('',#12713);
#12713 = CARTESIAN_POINT('',(-0.6,0.525,1.66));
#12714 = LINE('',#12715,#12716);
#12715 = CARTESIAN_POINT('',(-0.6,0.525,2.14));
#12716 = VECTOR('',#12717,1.);
#12717 = DIRECTION('',(0.,0.,-1.));
#12718 = ORIENTED_EDGE('',*,*,#12719,.T.);
#12719 = EDGE_CURVE('',#12710,#12720,#12722,.T.);
#12720 = VERTEX_POINT('',#12721);
#12721 = CARTESIAN_POINT('',(-0.4,0.525,2.14));
#12722 = LINE('',#12723,#12724);
#12723 = CARTESIAN_POINT('',(-0.6,0.525,2.14));
#12724 = VECTOR('',#12725,1.);
#12725 = DIRECTION('',(1.,0.,0.));
#12726 = ORIENTED_EDGE('',*,*,#12727,.T.);
#12727 = EDGE_CURVE('',#12720,#12728,#12730,.T.);
#12728 = VERTEX_POINT('',#12729);
#12729 = CARTESIAN_POINT('',(-0.4,0.525,1.66));
#12730 = LINE('',#12731,#12732);
#12731 = CARTESIAN_POINT('',(-0.4,0.525,2.14));
#12732 = VECTOR('',#12733,1.);
#12733 = DIRECTION('',(0.,0.,-1.));
#12734 = ORIENTED_EDGE('',*,*,#12735,.F.);
#12735 = EDGE_CURVE('',#12712,#12728,#12736,.T.);
#12736 = LINE('',#12737,#12738);
#12737 = CARTESIAN_POINT('',(-0.6,0.525,1.66));
#12738 = VECTOR('',#12739,1.);
#12739 = DIRECTION('',(1.,0.,0.));
#12740 = FACE_BOUND('',#12741,.T.);
#12741 = EDGE_LOOP('',(#12742,#12752,#12760,#12768));
#12742 = ORIENTED_EDGE('',*,*,#12743,.F.);
#12743 = EDGE_CURVE('',#12744,#12746,#12748,.T.);
#12744 = VERTEX_POINT('',#12745);
#12745 = CARTESIAN_POINT('',(0.4,0.525,2.14));
#12746 = VERTEX_POINT('',#12747);
#12747 = CARTESIAN_POINT('',(0.4,0.525,1.66));
#12748 = LINE('',#12749,#12750);
#12749 = CARTESIAN_POINT('',(0.4,0.525,2.14));
#12750 = VECTOR('',#12751,1.);
#12751 = DIRECTION('',(0.,0.,-1.));
#12752 = ORIENTED_EDGE('',*,*,#12753,.T.);
#12753 = EDGE_CURVE('',#12744,#12754,#12756,.T.);
#12754 = VERTEX_POINT('',#12755);
#12755 = CARTESIAN_POINT('',(0.6,0.525,2.14));
#12756 = LINE('',#12757,#12758);
#12757 = CARTESIAN_POINT('',(0.4,0.525,2.14));
#12758 = VECTOR('',#12759,1.);
#12759 = DIRECTION('',(1.,0.,0.));
#12760 = ORIENTED_EDGE('',*,*,#12761,.T.);
#12761 = EDGE_CURVE('',#12754,#12762,#12764,.T.);
#12762 = VERTEX_POINT('',#12763);
#12763 = CARTESIAN_POINT('',(0.6,0.525,1.66));
#12764 = LINE('',#12765,#12766);
#12765 = CARTESIAN_POINT('',(0.6,0.525,2.14));
#12766 = VECTOR('',#12767,1.);
#12767 = DIRECTION('',(0.,0.,-1.));
#12768 = ORIENTED_EDGE('',*,*,#12769,.F.);
#12769 = EDGE_CURVE('',#12746,#12762,#12770,.T.);
#12770 = LINE('',#12771,#12772);
#12771 = CARTESIAN_POINT('',(0.4,0.525,1.66));
#12772 = VECTOR('',#12773,1.);
#12773 = DIRECTION('',(1.,0.,0.));
#12774 = FACE_BOUND('',#12775,.T.);
#12775 = EDGE_LOOP('',(#12776,#12786,#12794,#12802));
#12776 = ORIENTED_EDGE('',*,*,#12777,.F.);
#12777 = EDGE_CURVE('',#12778,#12780,#12782,.T.);
#12778 = VERTEX_POINT('',#12779);
#12779 = CARTESIAN_POINT('',(1.4,0.525,2.14));
#12780 = VERTEX_POINT('',#12781);
#12781 = CARTESIAN_POINT('',(1.4,0.525,1.66));
#12782 = LINE('',#12783,#12784);
#12783 = CARTESIAN_POINT('',(1.4,0.525,2.14));
#12784 = VECTOR('',#12785,1.);
#12785 = DIRECTION('',(0.,0.,-1.));
#12786 = ORIENTED_EDGE('',*,*,#12787,.T.);
#12787 = EDGE_CURVE('',#12778,#12788,#12790,.T.);
#12788 = VERTEX_POINT('',#12789);
#12789 = CARTESIAN_POINT('',(1.6,0.525,2.14));
#12790 = LINE('',#12791,#12792);
#12791 = CARTESIAN_POINT('',(1.4,0.525,2.14));
#12792 = VECTOR('',#12793,1.);
#12793 = DIRECTION('',(1.,0.,0.));
#12794 = ORIENTED_EDGE('',*,*,#12795,.T.);
#12795 = EDGE_CURVE('',#12788,#12796,#12798,.T.);
#12796 = VERTEX_POINT('',#12797);
#12797 = CARTESIAN_POINT('',(1.6,0.525,1.66));
#12798 = LINE('',#12799,#12800);
#12799 = CARTESIAN_POINT('',(1.6,0.525,2.14));
#12800 = VECTOR('',#12801,1.);
#12801 = DIRECTION('',(0.,0.,-1.));
#12802 = ORIENTED_EDGE('',*,*,#12803,.F.);
#12803 = EDGE_CURVE('',#12780,#12796,#12804,.T.);
#12804 = LINE('',#12805,#12806);
#12805 = CARTESIAN_POINT('',(1.4,0.525,1.66));
#12806 = VECTOR('',#12807,1.);
#12807 = DIRECTION('',(1.,0.,0.));
#12808 = FACE_BOUND('',#12809,.T.);
#12809 = EDGE_LOOP('',(#12810,#12820,#12828,#12836));
#12810 = ORIENTED_EDGE('',*,*,#12811,.F.);
#12811 = EDGE_CURVE('',#12812,#12814,#12816,.T.);
#12812 = VERTEX_POINT('',#12813);
#12813 = CARTESIAN_POINT('',(2.4,0.525,2.14));
#12814 = VERTEX_POINT('',#12815);
#12815 = CARTESIAN_POINT('',(2.4,0.525,1.66));
#12816 = LINE('',#12817,#12818);
#12817 = CARTESIAN_POINT('',(2.4,0.525,2.14));
#12818 = VECTOR('',#12819,1.);
#12819 = DIRECTION('',(0.,0.,-1.));
#12820 = ORIENTED_EDGE('',*,*,#12821,.T.);
#12821 = EDGE_CURVE('',#12812,#12822,#12824,.T.);
#12822 = VERTEX_POINT('',#12823);
#12823 = CARTESIAN_POINT('',(2.6,0.525,2.14));
#12824 = LINE('',#12825,#12826);
#12825 = CARTESIAN_POINT('',(2.4,0.525,2.14));
#12826 = VECTOR('',#12827,1.);
#12827 = DIRECTION('',(1.,0.,0.));
#12828 = ORIENTED_EDGE('',*,*,#12829,.T.);
#12829 = EDGE_CURVE('',#12822,#12830,#12832,.T.);
#12830 = VERTEX_POINT('',#12831);
#12831 = CARTESIAN_POINT('',(2.6,0.525,1.66));
#12832 = LINE('',#12833,#12834);
#12833 = CARTESIAN_POINT('',(2.6,0.525,2.14));
#12834 = VECTOR('',#12835,1.);
#12835 = DIRECTION('',(0.,0.,-1.));
#12836 = ORIENTED_EDGE('',*,*,#12837,.F.);
#12837 = EDGE_CURVE('',#12814,#12830,#12838,.T.);
#12838 = LINE('',#12839,#12840);
#12839 = CARTESIAN_POINT('',(2.4,0.525,1.66));
#12840 = VECTOR('',#12841,1.);
#12841 = DIRECTION('',(1.,0.,0.));
#12842 = PLANE('',#12843);
#12843 = AXIS2_PLACEMENT_3D('',#12844,#12845,#12846);
#12844 = CARTESIAN_POINT('',(-1.044915787883E-16,0.525,1.51));
#12845 = DIRECTION('',(0.,-1.,1.110223024625E-16));
#12846 = DIRECTION('',(1.,0.,0.));
#12847 = ADVANCED_FACE('',(#12848),#12854,.T.);
#12848 = FACE_BOUND('',#12849,.T.);
#12849 = EDGE_LOOP('',(#12850,#12851,#12852,#12853));
#12850 = ORIENTED_EDGE('',*,*,#12113,.T.);
#12851 = ORIENTED_EDGE('',*,*,#12041,.T.);
#12852 = ORIENTED_EDGE('',*,*,#12065,.T.);
#12853 = ORIENTED_EDGE('',*,*,#12088,.T.);
#12854 = PLANE('',#12855);
#12855 = AXIS2_PLACEMENT_3D('',#12856,#12857,#12858);
#12856 = CARTESIAN_POINT('',(5.767392335715E-16,-7.5E-02,1.76));
#12857 = DIRECTION('',(0.,-1.,1.110223024625E-16));
#12858 = DIRECTION('',(1.,0.,0.));
#12859 = ADVANCED_FACE('',(#12860),#12885,.T.);
#12860 = FACE_BOUND('',#12861,.T.);
#12861 = EDGE_LOOP('',(#12862,#12863,#12871,#12879));
#12862 = ORIENTED_EDGE('',*,*,#12641,.T.);
#12863 = ORIENTED_EDGE('',*,*,#12864,.T.);
#12864 = EDGE_CURVE('',#12644,#12865,#12867,.T.);
#12865 = VERTEX_POINT('',#12866);
#12866 = CARTESIAN_POINT('',(-2.4,-1.225,1.79));
#12867 = LINE('',#12868,#12869);
#12868 = CARTESIAN_POINT('',(-2.4,0.525,1.66));
#12869 = VECTOR('',#12870,1.);
#12870 = DIRECTION('',(0.,-0.997252183706,7.408159078957E-02));
#12871 = ORIENTED_EDGE('',*,*,#12872,.F.);
#12872 = EDGE_CURVE('',#12873,#12865,#12875,.T.);
#12873 = VERTEX_POINT('',#12874);
#12874 = CARTESIAN_POINT('',(-2.6,-1.225,1.79));
#12875 = LINE('',#12876,#12877);
#12876 = CARTESIAN_POINT('',(-2.6,-1.225,1.79));
#12877 = VECTOR('',#12878,1.);
#12878 = DIRECTION('',(1.,0.,0.));
#12879 = ORIENTED_EDGE('',*,*,#12880,.F.);
#12880 = EDGE_CURVE('',#12642,#12873,#12881,.T.);
#12881 = LINE('',#12882,#12883);
#12882 = CARTESIAN_POINT('',(-2.6,0.525,1.66));
#12883 = VECTOR('',#12884,1.);
#12884 = DIRECTION('',(0.,-0.997252183706,7.408159078957E-02));
#12885 = PLANE('',#12886);
#12886 = AXIS2_PLACEMENT_3D('',#12887,#12888,#12889);
#12887 = CARTESIAN_POINT('',(-2.6,0.525,1.66));
#12888 = DIRECTION('',(0.,-7.408159078957E-02,-0.997252183706));
#12889 = DIRECTION('',(0.,-0.997252183706,7.408159078957E-02));
#12890 = ADVANCED_FACE('',(#12891),#12909,.F.);
#12891 = FACE_BOUND('',#12892,.F.);
#12892 = EDGE_LOOP('',(#12893,#12901,#12907,#12908));
#12893 = ORIENTED_EDGE('',*,*,#12894,.T.);
#12894 = EDGE_CURVE('',#12865,#12895,#12897,.T.);
#12895 = VERTEX_POINT('',#12896);
#12896 = CARTESIAN_POINT('',(-2.4,-1.225,2.14));
#12897 = LINE('',#12898,#12899);
#12898 = CARTESIAN_POINT('',(-2.4,-1.225,1.79));
#12899 = VECTOR('',#12900,1.);
#12900 = DIRECTION('',(0.,0.,1.));
#12901 = ORIENTED_EDGE('',*,*,#12902,.T.);
#12902 = EDGE_CURVE('',#12895,#12660,#12903,.T.);
#12903 = LINE('',#12904,#12905);
#12904 = CARTESIAN_POINT('',(-2.4,-1.225,2.14));
#12905 = VECTOR('',#12906,1.);
#12906 = DIRECTION('',(0.,1.,0.));
#12907 = ORIENTED_EDGE('',*,*,#12667,.T.);
#12908 = ORIENTED_EDGE('',*,*,#12864,.T.);
#12909 = PLANE('',#12910);
#12910 = AXIS2_PLACEMENT_3D('',#12911,#12912,#12913);
#12911 = CARTESIAN_POINT('',(-2.4,-0.323759014354,1.931294517928));
#12912 = DIRECTION('',(-1.,-0.,-0.));
#12913 = DIRECTION('',(0.,0.,-1.));
#12914 = ADVANCED_FACE('',(#12915),#12933,.T.);
#12915 = FACE_BOUND('',#12916,.T.);
#12916 = EDGE_LOOP('',(#12917,#12925,#12926,#12927));
#12917 = ORIENTED_EDGE('',*,*,#12918,.T.);
#12918 = EDGE_CURVE('',#12919,#12895,#12921,.T.);
#12919 = VERTEX_POINT('',#12920);
#12920 = CARTESIAN_POINT('',(-2.6,-1.225,2.14));
#12921 = LINE('',#12922,#12923);
#12922 = CARTESIAN_POINT('',(-2.6,-1.225,2.14));
#12923 = VECTOR('',#12924,1.);
#12924 = DIRECTION('',(1.,0.,0.));
#12925 = ORIENTED_EDGE('',*,*,#12902,.T.);
#12926 = ORIENTED_EDGE('',*,*,#12659,.F.);
#12927 = ORIENTED_EDGE('',*,*,#12928,.F.);
#12928 = EDGE_CURVE('',#12919,#12652,#12929,.T.);
#12929 = LINE('',#12930,#12931);
#12930 = CARTESIAN_POINT('',(-2.6,-1.225,2.14));
#12931 = VECTOR('',#12932,1.);
#12932 = DIRECTION('',(0.,1.,0.));
#12933 = PLANE('',#12934);
#12934 = AXIS2_PLACEMENT_3D('',#12935,#12936,#12937);
#12935 = CARTESIAN_POINT('',(-2.6,-1.225,2.14));
#12936 = DIRECTION('',(0.,0.,1.));
#12937 = DIRECTION('',(0.,1.,0.));
#12938 = ADVANCED_FACE('',(#12939),#12950,.T.);
#12939 = FACE_BOUND('',#12940,.T.);
#12940 = EDGE_LOOP('',(#12941,#12947,#12948,#12949));
#12941 = ORIENTED_EDGE('',*,*,#12942,.T.);
#12942 = EDGE_CURVE('',#12873,#12919,#12943,.T.);
#12943 = LINE('',#12944,#12945);
#12944 = CARTESIAN_POINT('',(-2.6,-1.225,1.79));
#12945 = VECTOR('',#12946,1.);
#12946 = DIRECTION('',(0.,0.,1.));
#12947 = ORIENTED_EDGE('',*,*,#12928,.T.);
#12948 = ORIENTED_EDGE('',*,*,#12651,.T.);
#12949 = ORIENTED_EDGE('',*,*,#12880,.T.);
#12950 = PLANE('',#12951);
#12951 = AXIS2_PLACEMENT_3D('',#12952,#12953,#12954);
#12952 = CARTESIAN_POINT('',(-2.6,-0.323759014354,1.931294517928));
#12953 = DIRECTION('',(-1.,-0.,-0.));
#12954 = DIRECTION('',(0.,0.,-1.));
#12955 = ADVANCED_FACE('',(#12956),#12981,.T.);
#12956 = FACE_BOUND('',#12957,.T.);
#12957 = EDGE_LOOP('',(#12958,#12968,#12974,#12975));
#12958 = ORIENTED_EDGE('',*,*,#12959,.T.);
#12959 = EDGE_CURVE('',#12960,#12962,#12964,.T.);
#12960 = VERTEX_POINT('',#12961);
#12961 = CARTESIAN_POINT('',(-1.6,-1.225,1.79));
#12962 = VERTEX_POINT('',#12963);
#12963 = CARTESIAN_POINT('',(-1.6,-1.225,2.14));
#12964 = LINE('',#12965,#12966);
#12965 = CARTESIAN_POINT('',(-1.6,-1.225,1.79));
#12966 = VECTOR('',#12967,1.);
#12967 = DIRECTION('',(0.,0.,1.));
#12968 = ORIENTED_EDGE('',*,*,#12969,.T.);
#12969 = EDGE_CURVE('',#12962,#12676,#12970,.T.);
#12970 = LINE('',#12971,#12972);
#12971 = CARTESIAN_POINT('',(-1.6,-1.225,2.14));
#12972 = VECTOR('',#12973,1.);
#12973 = DIRECTION('',(0.,1.,0.));
#12974 = ORIENTED_EDGE('',*,*,#12675,.T.);
#12975 = ORIENTED_EDGE('',*,*,#12976,.T.);
#12976 = EDGE_CURVE('',#12678,#12960,#12977,.T.);
#12977 = LINE('',#12978,#12979);
#12978 = CARTESIAN_POINT('',(-1.6,0.525,1.66));
#12979 = VECTOR('',#12980,1.);
#12980 = DIRECTION('',(0.,-0.997252183706,7.408159078957E-02));
#12981 = PLANE('',#12982);
#12982 = AXIS2_PLACEMENT_3D('',#12983,#12984,#12985);
#12983 = CARTESIAN_POINT('',(-1.6,-0.323759014354,1.931294517928));
#12984 = DIRECTION('',(-1.,-0.,-0.));
#12985 = DIRECTION('',(0.,0.,-1.));
#12986 = ADVANCED_FACE('',(#12987),#13005,.T.);
#12987 = FACE_BOUND('',#12988,.T.);
#12988 = EDGE_LOOP('',(#12989,#12990,#12998,#13004));
#12989 = ORIENTED_EDGE('',*,*,#12701,.T.);
#12990 = ORIENTED_EDGE('',*,*,#12991,.T.);
#12991 = EDGE_CURVE('',#12694,#12992,#12994,.T.);
#12992 = VERTEX_POINT('',#12993);
#12993 = CARTESIAN_POINT('',(-1.4,-1.225,1.79));
#12994 = LINE('',#12995,#12996);
#12995 = CARTESIAN_POINT('',(-1.4,0.525,1.66));
#12996 = VECTOR('',#12997,1.);
#12997 = DIRECTION('',(0.,-0.997252183706,7.408159078957E-02));
#12998 = ORIENTED_EDGE('',*,*,#12999,.F.);
#12999 = EDGE_CURVE('',#12960,#12992,#13000,.T.);
#13000 = LINE('',#13001,#13002);
#13001 = CARTESIAN_POINT('',(-1.6,-1.225,1.79));
#13002 = VECTOR('',#13003,1.);
#13003 = DIRECTION('',(1.,0.,0.));
#13004 = ORIENTED_EDGE('',*,*,#12976,.F.);
#13005 = PLANE('',#13006);
#13006 = AXIS2_PLACEMENT_3D('',#13007,#13008,#13009);
#13007 = CARTESIAN_POINT('',(-1.6,0.525,1.66));
#13008 = DIRECTION('',(0.,-7.408159078957E-02,-0.997252183706));
#13009 = DIRECTION('',(0.,-0.997252183706,7.408159078957E-02));
#13010 = ADVANCED_FACE('',(#13011),#13029,.F.);
#13011 = FACE_BOUND('',#13012,.F.);
#13012 = EDGE_LOOP('',(#13013,#13021,#13027,#13028));
#13013 = ORIENTED_EDGE('',*,*,#13014,.T.);
#13014 = EDGE_CURVE('',#12992,#13015,#13017,.T.);
#13015 = VERTEX_POINT('',#13016);
#13016 = CARTESIAN_POINT('',(-1.4,-1.225,2.14));
#13017 = LINE('',#13018,#13019);
#13018 = CARTESIAN_POINT('',(-1.4,-1.225,1.79));
#13019 = VECTOR('',#13020,1.);
#13020 = DIRECTION('',(0.,0.,1.));
#13021 = ORIENTED_EDGE('',*,*,#13022,.T.);
#13022 = EDGE_CURVE('',#13015,#12686,#13023,.T.);
#13023 = LINE('',#13024,#13025);
#13024 = CARTESIAN_POINT('',(-1.4,-1.225,2.14));
#13025 = VECTOR('',#13026,1.);
#13026 = DIRECTION('',(0.,1.,0.));
#13027 = ORIENTED_EDGE('',*,*,#12693,.T.);
#13028 = ORIENTED_EDGE('',*,*,#12991,.T.);
#13029 = PLANE('',#13030);
#13030 = AXIS2_PLACEMENT_3D('',#13031,#13032,#13033);
#13031 = CARTESIAN_POINT('',(-1.4,-0.323759014354,1.931294517928));
#13032 = DIRECTION('',(-1.,-0.,-0.));
#13033 = DIRECTION('',(0.,0.,-1.));
#13034 = ADVANCED_FACE('',(#13035),#13046,.T.);
#13035 = FACE_BOUND('',#13036,.T.);
#13036 = EDGE_LOOP('',(#13037,#13043,#13044,#13045));
#13037 = ORIENTED_EDGE('',*,*,#13038,.T.);
#13038 = EDGE_CURVE('',#12962,#13015,#13039,.T.);
#13039 = LINE('',#13040,#13041);
#13040 = CARTESIAN_POINT('',(-1.6,-1.225,2.14));
#13041 = VECTOR('',#13042,1.);
#13042 = DIRECTION('',(1.,0.,0.));
#13043 = ORIENTED_EDGE('',*,*,#13022,.T.);
#13044 = ORIENTED_EDGE('',*,*,#12685,.F.);
#13045 = ORIENTED_EDGE('',*,*,#12969,.F.);
#13046 = PLANE('',#13047);
#13047 = AXIS2_PLACEMENT_3D('',#13048,#13049,#13050);
#13048 = CARTESIAN_POINT('',(-1.6,-1.225,2.14));
#13049 = DIRECTION('',(0.,0.,1.));
#13050 = DIRECTION('',(0.,1.,0.));
#13051 = ADVANCED_FACE('',(#13052),#13077,.T.);
#13052 = FACE_BOUND('',#13053,.T.);
#13053 = EDGE_LOOP('',(#13054,#13064,#13070,#13071));
#13054 = ORIENTED_EDGE('',*,*,#13055,.T.);
#13055 = EDGE_CURVE('',#13056,#13058,#13060,.T.);
#13056 = VERTEX_POINT('',#13057);
#13057 = CARTESIAN_POINT('',(-0.6,-1.225,1.79));
#13058 = VERTEX_POINT('',#13059);
#13059 = CARTESIAN_POINT('',(-0.6,-1.225,2.14));
#13060 = LINE('',#13061,#13062);
#13061 = CARTESIAN_POINT('',(-0.6,-1.225,1.79));
#13062 = VECTOR('',#13063,1.);
#13063 = DIRECTION('',(0.,0.,1.));
#13064 = ORIENTED_EDGE('',*,*,#13065,.T.);
#13065 = EDGE_CURVE('',#13058,#12710,#13066,.T.);
#13066 = LINE('',#13067,#13068);
#13067 = CARTESIAN_POINT('',(-0.6,-1.225,2.14));
#13068 = VECTOR('',#13069,1.);
#13069 = DIRECTION('',(0.,1.,0.));
#13070 = ORIENTED_EDGE('',*,*,#12709,.T.);
#13071 = ORIENTED_EDGE('',*,*,#13072,.T.);
#13072 = EDGE_CURVE('',#12712,#13056,#13073,.T.);
#13073 = LINE('',#13074,#13075);
#13074 = CARTESIAN_POINT('',(-0.6,0.525,1.66));
#13075 = VECTOR('',#13076,1.);
#13076 = DIRECTION('',(0.,-0.997252183706,7.408159078957E-02));
#13077 = PLANE('',#13078);
#13078 = AXIS2_PLACEMENT_3D('',#13079,#13080,#13081);
#13079 = CARTESIAN_POINT('',(-0.6,-0.323759014354,1.931294517928));
#13080 = DIRECTION('',(-1.,-0.,-0.));
#13081 = DIRECTION('',(0.,0.,-1.));
#13082 = ADVANCED_FACE('',(#13083),#13101,.T.);
#13083 = FACE_BOUND('',#13084,.T.);
#13084 = EDGE_LOOP('',(#13085,#13086,#13094,#13100));
#13085 = ORIENTED_EDGE('',*,*,#12735,.T.);
#13086 = ORIENTED_EDGE('',*,*,#13087,.T.);
#13087 = EDGE_CURVE('',#12728,#13088,#13090,.T.);
#13088 = VERTEX_POINT('',#13089);
#13089 = CARTESIAN_POINT('',(-0.4,-1.225,1.79));
#13090 = LINE('',#13091,#13092);
#13091 = CARTESIAN_POINT('',(-0.4,0.525,1.66));
#13092 = VECTOR('',#13093,1.);
#13093 = DIRECTION('',(0.,-0.997252183706,7.408159078957E-02));
#13094 = ORIENTED_EDGE('',*,*,#13095,.F.);
#13095 = EDGE_CURVE('',#13056,#13088,#13096,.T.);
#13096 = LINE('',#13097,#13098);
#13097 = CARTESIAN_POINT('',(-0.6,-1.225,1.79));
#13098 = VECTOR('',#13099,1.);
#13099 = DIRECTION('',(1.,0.,0.));
#13100 = ORIENTED_EDGE('',*,*,#13072,.F.);
#13101 = PLANE('',#13102);
#13102 = AXIS2_PLACEMENT_3D('',#13103,#13104,#13105);
#13103 = CARTESIAN_POINT('',(-0.6,0.525,1.66));
#13104 = DIRECTION('',(0.,-7.408159078957E-02,-0.997252183706));
#13105 = DIRECTION('',(0.,-0.997252183706,7.408159078957E-02));
#13106 = ADVANCED_FACE('',(#13107),#13125,.F.);
#13107 = FACE_BOUND('',#13108,.F.);
#13108 = EDGE_LOOP('',(#13109,#13117,#13123,#13124));
#13109 = ORIENTED_EDGE('',*,*,#13110,.T.);
#13110 = EDGE_CURVE('',#13088,#13111,#13113,.T.);
#13111 = VERTEX_POINT('',#13112);
#13112 = CARTESIAN_POINT('',(-0.4,-1.225,2.14));
#13113 = LINE('',#13114,#13115);
#13114 = CARTESIAN_POINT('',(-0.4,-1.225,1.79));
#13115 = VECTOR('',#13116,1.);
#13116 = DIRECTION('',(0.,0.,1.));
#13117 = ORIENTED_EDGE('',*,*,#13118,.T.);
#13118 = EDGE_CURVE('',#13111,#12720,#13119,.T.);
#13119 = LINE('',#13120,#13121);
#13120 = CARTESIAN_POINT('',(-0.4,-1.225,2.14));
#13121 = VECTOR('',#13122,1.);
#13122 = DIRECTION('',(0.,1.,0.));
#13123 = ORIENTED_EDGE('',*,*,#12727,.T.);
#13124 = ORIENTED_EDGE('',*,*,#13087,.T.);
#13125 = PLANE('',#13126);
#13126 = AXIS2_PLACEMENT_3D('',#13127,#13128,#13129);
#13127 = CARTESIAN_POINT('',(-0.4,-0.323759014354,1.931294517928));
#13128 = DIRECTION('',(-1.,-0.,-0.));
#13129 = DIRECTION('',(0.,0.,-1.));
#13130 = ADVANCED_FACE('',(#13131),#13142,.T.);
#13131 = FACE_BOUND('',#13132,.T.);
#13132 = EDGE_LOOP('',(#13133,#13139,#13140,#13141));
#13133 = ORIENTED_EDGE('',*,*,#13134,.T.);
#13134 = EDGE_CURVE('',#13058,#13111,#13135,.T.);
#13135 = LINE('',#13136,#13137);
#13136 = CARTESIAN_POINT('',(-0.6,-1.225,2.14));
#13137 = VECTOR('',#13138,1.);
#13138 = DIRECTION('',(1.,0.,0.));
#13139 = ORIENTED_EDGE('',*,*,#13118,.T.);
#13140 = ORIENTED_EDGE('',*,*,#12719,.F.);
#13141 = ORIENTED_EDGE('',*,*,#13065,.F.);
#13142 = PLANE('',#13143);
#13143 = AXIS2_PLACEMENT_3D('',#13144,#13145,#13146);
#13144 = CARTESIAN_POINT('',(-0.6,-1.225,2.14));
#13145 = DIRECTION('',(0.,0.,1.));
#13146 = DIRECTION('',(0.,1.,0.));
#13147 = ADVANCED_FACE('',(#13148),#13173,.T.);
#13148 = FACE_BOUND('',#13149,.T.);
#13149 = EDGE_LOOP('',(#13150,#13160,#13166,#13167));
#13150 = ORIENTED_EDGE('',*,*,#13151,.T.);
#13151 = EDGE_CURVE('',#13152,#13154,#13156,.T.);
#13152 = VERTEX_POINT('',#13153);
#13153 = CARTESIAN_POINT('',(0.4,-1.225,1.79));
#13154 = VERTEX_POINT('',#13155);
#13155 = CARTESIAN_POINT('',(0.4,-1.225,2.14));
#13156 = LINE('',#13157,#13158);
#13157 = CARTESIAN_POINT('',(0.4,-1.225,1.79));
#13158 = VECTOR('',#13159,1.);
#13159 = DIRECTION('',(0.,0.,1.));
#13160 = ORIENTED_EDGE('',*,*,#13161,.T.);
#13161 = EDGE_CURVE('',#13154,#12744,#13162,.T.);
#13162 = LINE('',#13163,#13164);
#13163 = CARTESIAN_POINT('',(0.4,-1.225,2.14));
#13164 = VECTOR('',#13165,1.);
#13165 = DIRECTION('',(0.,1.,0.));
#13166 = ORIENTED_EDGE('',*,*,#12743,.T.);
#13167 = ORIENTED_EDGE('',*,*,#13168,.T.);
#13168 = EDGE_CURVE('',#12746,#13152,#13169,.T.);
#13169 = LINE('',#13170,#13171);
#13170 = CARTESIAN_POINT('',(0.4,0.525,1.66));
#13171 = VECTOR('',#13172,1.);
#13172 = DIRECTION('',(0.,-0.997252183706,7.408159078957E-02));
#13173 = PLANE('',#13174);
#13174 = AXIS2_PLACEMENT_3D('',#13175,#13176,#13177);
#13175 = CARTESIAN_POINT('',(0.4,-0.323759014354,1.931294517928));
#13176 = DIRECTION('',(-1.,-0.,-0.));
#13177 = DIRECTION('',(0.,0.,-1.));
#13178 = ADVANCED_FACE('',(#13179),#13197,.T.);
#13179 = FACE_BOUND('',#13180,.T.);
#13180 = EDGE_LOOP('',(#13181,#13182,#13190,#13196));
#13181 = ORIENTED_EDGE('',*,*,#12769,.T.);
#13182 = ORIENTED_EDGE('',*,*,#13183,.T.);
#13183 = EDGE_CURVE('',#12762,#13184,#13186,.T.);
#13184 = VERTEX_POINT('',#13185);
#13185 = CARTESIAN_POINT('',(0.6,-1.225,1.79));
#13186 = LINE('',#13187,#13188);
#13187 = CARTESIAN_POINT('',(0.6,0.525,1.66));
#13188 = VECTOR('',#13189,1.);
#13189 = DIRECTION('',(0.,-0.997252183706,7.408159078957E-02));
#13190 = ORIENTED_EDGE('',*,*,#13191,.F.);
#13191 = EDGE_CURVE('',#13152,#13184,#13192,.T.);
#13192 = LINE('',#13193,#13194);
#13193 = CARTESIAN_POINT('',(0.4,-1.225,1.79));
#13194 = VECTOR('',#13195,1.);
#13195 = DIRECTION('',(1.,0.,0.));
#13196 = ORIENTED_EDGE('',*,*,#13168,.F.);
#13197 = PLANE('',#13198);
#13198 = AXIS2_PLACEMENT_3D('',#13199,#13200,#13201);
#13199 = CARTESIAN_POINT('',(0.4,0.525,1.66));
#13200 = DIRECTION('',(0.,-7.408159078957E-02,-0.997252183706));
#13201 = DIRECTION('',(0.,-0.997252183706,7.408159078957E-02));
#13202 = ADVANCED_FACE('',(#13203),#13221,.F.);
#13203 = FACE_BOUND('',#13204,.F.);
#13204 = EDGE_LOOP('',(#13205,#13213,#13219,#13220));
#13205 = ORIENTED_EDGE('',*,*,#13206,.T.);
#13206 = EDGE_CURVE('',#13184,#13207,#13209,.T.);
#13207 = VERTEX_POINT('',#13208);
#13208 = CARTESIAN_POINT('',(0.6,-1.225,2.14));
#13209 = LINE('',#13210,#13211);
#13210 = CARTESIAN_POINT('',(0.6,-1.225,1.79));
#13211 = VECTOR('',#13212,1.);
#13212 = DIRECTION('',(0.,0.,1.));
#13213 = ORIENTED_EDGE('',*,*,#13214,.T.);
#13214 = EDGE_CURVE('',#13207,#12754,#13215,.T.);
#13215 = LINE('',#13216,#13217);
#13216 = CARTESIAN_POINT('',(0.6,-1.225,2.14));
#13217 = VECTOR('',#13218,1.);
#13218 = DIRECTION('',(0.,1.,0.));
#13219 = ORIENTED_EDGE('',*,*,#12761,.T.);
#13220 = ORIENTED_EDGE('',*,*,#13183,.T.);
#13221 = PLANE('',#13222);
#13222 = AXIS2_PLACEMENT_3D('',#13223,#13224,#13225);
#13223 = CARTESIAN_POINT('',(0.6,-0.323759014354,1.931294517928));
#13224 = DIRECTION('',(-1.,-0.,-0.));
#13225 = DIRECTION('',(0.,0.,-1.));
#13226 = ADVANCED_FACE('',(#13227),#13238,.T.);
#13227 = FACE_BOUND('',#13228,.T.);
#13228 = EDGE_LOOP('',(#13229,#13235,#13236,#13237));
#13229 = ORIENTED_EDGE('',*,*,#13230,.T.);
#13230 = EDGE_CURVE('',#13154,#13207,#13231,.T.);
#13231 = LINE('',#13232,#13233);
#13232 = CARTESIAN_POINT('',(0.4,-1.225,2.14));
#13233 = VECTOR('',#13234,1.);
#13234 = DIRECTION('',(1.,0.,0.));
#13235 = ORIENTED_EDGE('',*,*,#13214,.T.);
#13236 = ORIENTED_EDGE('',*,*,#12753,.F.);
#13237 = ORIENTED_EDGE('',*,*,#13161,.F.);
#13238 = PLANE('',#13239);
#13239 = AXIS2_PLACEMENT_3D('',#13240,#13241,#13242);
#13240 = CARTESIAN_POINT('',(0.4,-1.225,2.14));
#13241 = DIRECTION('',(0.,0.,1.));
#13242 = DIRECTION('',(0.,1.,0.));
#13243 = ADVANCED_FACE('',(#13244),#13269,.T.);
#13244 = FACE_BOUND('',#13245,.T.);
#13245 = EDGE_LOOP('',(#13246,#13256,#13262,#13263));
#13246 = ORIENTED_EDGE('',*,*,#13247,.T.);
#13247 = EDGE_CURVE('',#13248,#13250,#13252,.T.);
#13248 = VERTEX_POINT('',#13249);
#13249 = CARTESIAN_POINT('',(1.4,-1.225,1.79));
#13250 = VERTEX_POINT('',#13251);
#13251 = CARTESIAN_POINT('',(1.4,-1.225,2.14));
#13252 = LINE('',#13253,#13254);
#13253 = CARTESIAN_POINT('',(1.4,-1.225,1.79));
#13254 = VECTOR('',#13255,1.);
#13255 = DIRECTION('',(0.,0.,1.));
#13256 = ORIENTED_EDGE('',*,*,#13257,.T.);
#13257 = EDGE_CURVE('',#13250,#12778,#13258,.T.);
#13258 = LINE('',#13259,#13260);
#13259 = CARTESIAN_POINT('',(1.4,-1.225,2.14));
#13260 = VECTOR('',#13261,1.);
#13261 = DIRECTION('',(0.,1.,0.));
#13262 = ORIENTED_EDGE('',*,*,#12777,.T.);
#13263 = ORIENTED_EDGE('',*,*,#13264,.T.);
#13264 = EDGE_CURVE('',#12780,#13248,#13265,.T.);
#13265 = LINE('',#13266,#13267);
#13266 = CARTESIAN_POINT('',(1.4,0.525,1.66));
#13267 = VECTOR('',#13268,1.);
#13268 = DIRECTION('',(0.,-0.997252183706,7.408159078957E-02));
#13269 = PLANE('',#13270);
#13270 = AXIS2_PLACEMENT_3D('',#13271,#13272,#13273);
#13271 = CARTESIAN_POINT('',(1.4,-0.323759014354,1.931294517928));
#13272 = DIRECTION('',(-1.,-0.,-0.));
#13273 = DIRECTION('',(0.,0.,-1.));
#13274 = ADVANCED_FACE('',(#13275),#13293,.T.);
#13275 = FACE_BOUND('',#13276,.T.);
#13276 = EDGE_LOOP('',(#13277,#13278,#13286,#13292));
#13277 = ORIENTED_EDGE('',*,*,#12803,.T.);
#13278 = ORIENTED_EDGE('',*,*,#13279,.T.);
#13279 = EDGE_CURVE('',#12796,#13280,#13282,.T.);
#13280 = VERTEX_POINT('',#13281);
#13281 = CARTESIAN_POINT('',(1.6,-1.225,1.79));
#13282 = LINE('',#13283,#13284);
#13283 = CARTESIAN_POINT('',(1.6,0.525,1.66));
#13284 = VECTOR('',#13285,1.);
#13285 = DIRECTION('',(0.,-0.997252183706,7.408159078957E-02));
#13286 = ORIENTED_EDGE('',*,*,#13287,.F.);
#13287 = EDGE_CURVE('',#13248,#13280,#13288,.T.);
#13288 = LINE('',#13289,#13290);
#13289 = CARTESIAN_POINT('',(1.4,-1.225,1.79));
#13290 = VECTOR('',#13291,1.);
#13291 = DIRECTION('',(1.,0.,0.));
#13292 = ORIENTED_EDGE('',*,*,#13264,.F.);
#13293 = PLANE('',#13294);
#13294 = AXIS2_PLACEMENT_3D('',#13295,#13296,#13297);
#13295 = CARTESIAN_POINT('',(1.4,0.525,1.66));
#13296 = DIRECTION('',(0.,-7.408159078957E-02,-0.997252183706));
#13297 = DIRECTION('',(0.,-0.997252183706,7.408159078957E-02));
#13298 = ADVANCED_FACE('',(#13299),#13317,.F.);
#13299 = FACE_BOUND('',#13300,.F.);
#13300 = EDGE_LOOP('',(#13301,#13309,#13315,#13316));
#13301 = ORIENTED_EDGE('',*,*,#13302,.T.);
#13302 = EDGE_CURVE('',#13280,#13303,#13305,.T.);
#13303 = VERTEX_POINT('',#13304);
#13304 = CARTESIAN_POINT('',(1.6,-1.225,2.14));
#13305 = LINE('',#13306,#13307);
#13306 = CARTESIAN_POINT('',(1.6,-1.225,1.79));
#13307 = VECTOR('',#13308,1.);
#13308 = DIRECTION('',(0.,0.,1.));
#13309 = ORIENTED_EDGE('',*,*,#13310,.T.);
#13310 = EDGE_CURVE('',#13303,#12788,#13311,.T.);
#13311 = LINE('',#13312,#13313);
#13312 = CARTESIAN_POINT('',(1.6,-1.225,2.14));
#13313 = VECTOR('',#13314,1.);
#13314 = DIRECTION('',(0.,1.,0.));
#13315 = ORIENTED_EDGE('',*,*,#12795,.T.);
#13316 = ORIENTED_EDGE('',*,*,#13279,.T.);
#13317 = PLANE('',#13318);
#13318 = AXIS2_PLACEMENT_3D('',#13319,#13320,#13321);
#13319 = CARTESIAN_POINT('',(1.6,-0.323759014354,1.931294517928));
#13320 = DIRECTION('',(-1.,-0.,-0.));
#13321 = DIRECTION('',(0.,0.,-1.));
#13322 = ADVANCED_FACE('',(#13323),#13334,.T.);
#13323 = FACE_BOUND('',#13324,.T.);
#13324 = EDGE_LOOP('',(#13325,#13331,#13332,#13333));
#13325 = ORIENTED_EDGE('',*,*,#13326,.T.);
#13326 = EDGE_CURVE('',#13250,#13303,#13327,.T.);
#13327 = LINE('',#13328,#13329);
#13328 = CARTESIAN_POINT('',(1.4,-1.225,2.14));
#13329 = VECTOR('',#13330,1.);
#13330 = DIRECTION('',(1.,0.,0.));
#13331 = ORIENTED_EDGE('',*,*,#13310,.T.);
#13332 = ORIENTED_EDGE('',*,*,#12787,.F.);
#13333 = ORIENTED_EDGE('',*,*,#13257,.F.);
#13334 = PLANE('',#13335);
#13335 = AXIS2_PLACEMENT_3D('',#13336,#13337,#13338);
#13336 = CARTESIAN_POINT('',(1.4,-1.225,2.14));
#13337 = DIRECTION('',(0.,0.,1.));
#13338 = DIRECTION('',(0.,1.,0.));
#13339 = ADVANCED_FACE('',(#13340),#13365,.T.);
#13340 = FACE_BOUND('',#13341,.T.);
#13341 = EDGE_LOOP('',(#13342,#13352,#13358,#13359));
#13342 = ORIENTED_EDGE('',*,*,#13343,.T.);
#13343 = EDGE_CURVE('',#13344,#13346,#13348,.T.);
#13344 = VERTEX_POINT('',#13345);
#13345 = CARTESIAN_POINT('',(2.4,-1.225,1.79));
#13346 = VERTEX_POINT('',#13347);
#13347 = CARTESIAN_POINT('',(2.4,-1.225,2.14));
#13348 = LINE('',#13349,#13350);
#13349 = CARTESIAN_POINT('',(2.4,-1.225,1.79));
#13350 = VECTOR('',#13351,1.);
#13351 = DIRECTION('',(0.,0.,1.));
#13352 = ORIENTED_EDGE('',*,*,#13353,.T.);
#13353 = EDGE_CURVE('',#13346,#12812,#13354,.T.);
#13354 = LINE('',#13355,#13356);
#13355 = CARTESIAN_POINT('',(2.4,-1.225,2.14));
#13356 = VECTOR('',#13357,1.);
#13357 = DIRECTION('',(0.,1.,0.));
#13358 = ORIENTED_EDGE('',*,*,#12811,.T.);
#13359 = ORIENTED_EDGE('',*,*,#13360,.T.);
#13360 = EDGE_CURVE('',#12814,#13344,#13361,.T.);
#13361 = LINE('',#13362,#13363);
#13362 = CARTESIAN_POINT('',(2.4,0.525,1.66));
#13363 = VECTOR('',#13364,1.);
#13364 = DIRECTION('',(0.,-0.997252183706,7.408159078957E-02));
#13365 = PLANE('',#13366);
#13366 = AXIS2_PLACEMENT_3D('',#13367,#13368,#13369);
#13367 = CARTESIAN_POINT('',(2.4,-0.323759014354,1.931294517928));
#13368 = DIRECTION('',(-1.,-0.,-0.));
#13369 = DIRECTION('',(0.,0.,-1.));
#13370 = ADVANCED_FACE('',(#13371),#13389,.T.);
#13371 = FACE_BOUND('',#13372,.T.);
#13372 = EDGE_LOOP('',(#13373,#13374,#13382,#13388));
#13373 = ORIENTED_EDGE('',*,*,#12837,.T.);
#13374 = ORIENTED_EDGE('',*,*,#13375,.T.);
#13375 = EDGE_CURVE('',#12830,#13376,#13378,.T.);
#13376 = VERTEX_POINT('',#13377);
#13377 = CARTESIAN_POINT('',(2.6,-1.225,1.79));
#13378 = LINE('',#13379,#13380);
#13379 = CARTESIAN_POINT('',(2.6,0.525,1.66));
#13380 = VECTOR('',#13381,1.);
#13381 = DIRECTION('',(0.,-0.997252183706,7.408159078957E-02));
#13382 = ORIENTED_EDGE('',*,*,#13383,.F.);
#13383 = EDGE_CURVE('',#13344,#13376,#13384,.T.);
#13384 = LINE('',#13385,#13386);
#13385 = CARTESIAN_POINT('',(2.4,-1.225,1.79));
#13386 = VECTOR('',#13387,1.);
#13387 = DIRECTION('',(1.,0.,0.));
#13388 = ORIENTED_EDGE('',*,*,#13360,.F.);
#13389 = PLANE('',#13390);
#13390 = AXIS2_PLACEMENT_3D('',#13391,#13392,#13393);
#13391 = CARTESIAN_POINT('',(2.4,0.525,1.66));
#13392 = DIRECTION('',(0.,-7.408159078957E-02,-0.997252183706));
#13393 = DIRECTION('',(0.,-0.997252183706,7.408159078957E-02));
#13394 = ADVANCED_FACE('',(#13395),#13413,.F.);
#13395 = FACE_BOUND('',#13396,.F.);
#13396 = EDGE_LOOP('',(#13397,#13405,#13411,#13412));
#13397 = ORIENTED_EDGE('',*,*,#13398,.T.);
#13398 = EDGE_CURVE('',#13376,#13399,#13401,.T.);
#13399 = VERTEX_POINT('',#13400);
#13400 = CARTESIAN_POINT('',(2.6,-1.225,2.14));
#13401 = LINE('',#13402,#13403);
#13402 = CARTESIAN_POINT('',(2.6,-1.225,1.79));
#13403 = VECTOR('',#13404,1.);
#13404 = DIRECTION('',(0.,0.,1.));
#13405 = ORIENTED_EDGE('',*,*,#13406,.T.);
#13406 = EDGE_CURVE('',#13399,#12822,#13407,.T.);
#13407 = LINE('',#13408,#13409);
#13408 = CARTESIAN_POINT('',(2.6,-1.225,2.14));
#13409 = VECTOR('',#13410,1.);
#13410 = DIRECTION('',(0.,1.,0.));
#13411 = ORIENTED_EDGE('',*,*,#12829,.T.);
#13412 = ORIENTED_EDGE('',*,*,#13375,.T.);
#13413 = PLANE('',#13414);
#13414 = AXIS2_PLACEMENT_3D('',#13415,#13416,#13417);
#13415 = CARTESIAN_POINT('',(2.6,-0.323759014354,1.931294517928));
#13416 = DIRECTION('',(-1.,-0.,-0.));
#13417 = DIRECTION('',(0.,0.,-1.));
#13418 = ADVANCED_FACE('',(#13419),#13430,.T.);
#13419 = FACE_BOUND('',#13420,.T.);
#13420 = EDGE_LOOP('',(#13421,#13427,#13428,#13429));
#13421 = ORIENTED_EDGE('',*,*,#13422,.T.);
#13422 = EDGE_CURVE('',#13346,#13399,#13423,.T.);
#13423 = LINE('',#13424,#13425);
#13424 = CARTESIAN_POINT('',(2.4,-1.225,2.14));
#13425 = VECTOR('',#13426,1.);
#13426 = DIRECTION('',(1.,0.,0.));
#13427 = ORIENTED_EDGE('',*,*,#13406,.T.);
#13428 = ORIENTED_EDGE('',*,*,#12821,.F.);
#13429 = ORIENTED_EDGE('',*,*,#13353,.F.);
#13430 = PLANE('',#13431);
#13431 = AXIS2_PLACEMENT_3D('',#13432,#13433,#13434);
#13432 = CARTESIAN_POINT('',(2.4,-1.225,2.14));
#13433 = DIRECTION('',(0.,0.,1.));
#13434 = DIRECTION('',(0.,1.,0.));
#13435 = ADVANCED_FACE('',(#13436),#13442,.T.);
#13436 = FACE_BOUND('',#13437,.T.);
#13437 = EDGE_LOOP('',(#13438,#13439,#13440,#13441));
#13438 = ORIENTED_EDGE('',*,*,#12872,.T.);
#13439 = ORIENTED_EDGE('',*,*,#12894,.T.);
#13440 = ORIENTED_EDGE('',*,*,#12918,.F.);
#13441 = ORIENTED_EDGE('',*,*,#12942,.F.);
#13442 = PLANE('',#13443);
#13443 = AXIS2_PLACEMENT_3D('',#13444,#13445,#13446);
#13444 = CARTESIAN_POINT('',(-2.6,-1.225,1.79));
#13445 = DIRECTION('',(0.,-1.,0.));
#13446 = DIRECTION('',(0.,0.,1.));
#13447 = ADVANCED_FACE('',(#13448),#13454,.T.);
#13448 = FACE_BOUND('',#13449,.T.);
#13449 = EDGE_LOOP('',(#13450,#13451,#13452,#13453));
#13450 = ORIENTED_EDGE('',*,*,#12999,.T.);
#13451 = ORIENTED_EDGE('',*,*,#13014,.T.);
#13452 = ORIENTED_EDGE('',*,*,#13038,.F.);
#13453 = ORIENTED_EDGE('',*,*,#12959,.F.);
#13454 = PLANE('',#13455);
#13455 = AXIS2_PLACEMENT_3D('',#13456,#13457,#13458);
#13456 = CARTESIAN_POINT('',(-1.6,-1.225,1.79));
#13457 = DIRECTION('',(0.,-1.,0.));
#13458 = DIRECTION('',(0.,0.,1.));
#13459 = ADVANCED_FACE('',(#13460),#13466,.T.);
#13460 = FACE_BOUND('',#13461,.T.);
#13461 = EDGE_LOOP('',(#13462,#13463,#13464,#13465));
#13462 = ORIENTED_EDGE('',*,*,#13095,.T.);
#13463 = ORIENTED_EDGE('',*,*,#13110,.T.);
#13464 = ORIENTED_EDGE('',*,*,#13134,.F.);
#13465 = ORIENTED_EDGE('',*,*,#13055,.F.);
#13466 = PLANE('',#13467);
#13467 = AXIS2_PLACEMENT_3D('',#13468,#13469,#13470);
#13468 = CARTESIAN_POINT('',(-0.6,-1.225,1.79));
#13469 = DIRECTION('',(0.,-1.,0.));
#13470 = DIRECTION('',(0.,0.,1.));
#13471 = ADVANCED_FACE('',(#13472),#13478,.T.);
#13472 = FACE_BOUND('',#13473,.T.);
#13473 = EDGE_LOOP('',(#13474,#13475,#13476,#13477));
#13474 = ORIENTED_EDGE('',*,*,#13191,.T.);
#13475 = ORIENTED_EDGE('',*,*,#13206,.T.);
#13476 = ORIENTED_EDGE('',*,*,#13230,.F.);
#13477 = ORIENTED_EDGE('',*,*,#13151,.F.);
#13478 = PLANE('',#13479);
#13479 = AXIS2_PLACEMENT_3D('',#13480,#13481,#13482);
#13480 = CARTESIAN_POINT('',(0.4,-1.225,1.79));
#13481 = DIRECTION('',(0.,-1.,0.));
#13482 = DIRECTION('',(0.,0.,1.));
#13483 = ADVANCED_FACE('',(#13484),#13490,.T.);
#13484 = FACE_BOUND('',#13485,.T.);
#13485 = EDGE_LOOP('',(#13486,#13487,#13488,#13489));
#13486 = ORIENTED_EDGE('',*,*,#13287,.T.);
#13487 = ORIENTED_EDGE('',*,*,#13302,.T.);
#13488 = ORIENTED_EDGE('',*,*,#13326,.F.);
#13489 = ORIENTED_EDGE('',*,*,#13247,.F.);
#13490 = PLANE('',#13491);
#13491 = AXIS2_PLACEMENT_3D('',#13492,#13493,#13494);
#13492 = CARTESIAN_POINT('',(1.4,-1.225,1.79));
#13493 = DIRECTION('',(0.,-1.,0.));
#13494 = DIRECTION('',(0.,0.,1.));
#13495 = ADVANCED_FACE('',(#13496),#13502,.T.);
#13496 = FACE_BOUND('',#13497,.T.);
#13497 = EDGE_LOOP('',(#13498,#13499,#13500,#13501));
#13498 = ORIENTED_EDGE('',*,*,#13383,.T.);
#13499 = ORIENTED_EDGE('',*,*,#13398,.T.);
#13500 = ORIENTED_EDGE('',*,*,#13422,.F.);
#13501 = ORIENTED_EDGE('',*,*,#13343,.F.);
#13502 = PLANE('',#13503);
#13503 = AXIS2_PLACEMENT_3D('',#13504,#13505,#13506);
#13504 = CARTESIAN_POINT('',(2.4,-1.225,1.79));
#13505 = DIRECTION('',(0.,-1.,0.));
#13506 = DIRECTION('',(0.,0.,1.));
#13507 = ( GEOMETRIC_REPRESENTATION_CONTEXT(3) 
GLOBAL_UNCERTAINTY_ASSIGNED_CONTEXT((#13511)) 
GLOBAL_UNIT_ASSIGNED_CONTEXT((#13508,#13509,#13510)) 
REPRESENTATION_CONTEXT('Context #1',
  '3D Context with UNIT and UNCERTAINTY') );
#13508 = ( LENGTH_UNIT() NAMED_UNIT(*) SI_UNIT(.MILLI.,.METRE.) );
#13509 = ( NAMED_UNIT(*) PLANE_ANGLE_UNIT() SI_UNIT($,.RADIAN.) );
#13510 = ( NAMED_UNIT(*) SI_UNIT($,.STERADIAN.) SOLID_ANGLE_UNIT() );
#13511 = UNCERTAINTY_MEASURE_WITH_UNIT(LENGTH_MEASURE(1.E-07),#13508,
  'distance_accuracy_value','confusion accuracy');
#13512 = CONTEXT_DEPENDENT_SHAPE_REPRESENTATION(#13513,#13515);
#13513 = ( REPRESENTATION_RELATIONSHIP('','',#10022,#9999) 
REPRESENTATION_RELATIONSHIP_WITH_TRANSFORMATION(#13514) 
SHAPE_REPRESENTATION_RELATIONSHIP() );
#13514 = ITEM_DEFINED_TRANSFORMATION('','',#11,#10000);
#13515 = PRODUCT_DEFINITION_SHAPE('Placement','Placement of an item',
  #13516);
#13516 = NEXT_ASSEMBLY_USAGE_OCCURRENCE('10','=>[0:1:1:11]','',#9994,
  #10017,$);
#13517 = PRODUCT_RELATED_PRODUCT_CATEGORY('part',$,(#10019));
#13518 = SHAPE_DEFINITION_REPRESENTATION(#13519,#13525);
#13519 = PRODUCT_DEFINITION_SHAPE('','',#13520);
#13520 = PRODUCT_DEFINITION('design','',#13521,#13524);
#13521 = PRODUCT_DEFINITION_FORMATION('','',#13522);
#13522 = PRODUCT('PoseDoll_AS5048A_revM_large_sh_PCB',
  'PoseDoll_AS5048A_revM_large_sh_PCB','',(#13523));
#13523 = PRODUCT_CONTEXT('',#2,'mechanical');
#13524 = PRODUCT_DEFINITION_CONTEXT('part definition',#2,'design');
#13525 = ADVANCED_BREP_SHAPE_REPRESENTATION('',(#11,#13526),#13754);
#13526 = MANIFOLD_SOLID_BREP('',#13527);
#13527 = CLOSED_SHELL('',(#13528,#13568,#13599,#13630,#13669,#13708,
    #13720,#13737));
#13528 = ADVANCED_FACE('',(#13529),#13563,.T.);
#13529 = FACE_BOUND('',#13530,.T.);
#13530 = EDGE_LOOP('',(#13531,#13541,#13549,#13557));
#13531 = ORIENTED_EDGE('',*,*,#13532,.T.);
#13532 = EDGE_CURVE('',#13533,#13535,#13537,.T.);
#13533 = VERTEX_POINT('',#13534);
#13534 = CARTESIAN_POINT('',(9.,-10.,0.));
#13535 = VERTEX_POINT('',#13536);
#13536 = CARTESIAN_POINT('',(9.,-10.,1.51));
#13537 = LINE('',#13538,#13539);
#13538 = CARTESIAN_POINT('',(9.,-10.,0.));
#13539 = VECTOR('',#13540,1.);
#13540 = DIRECTION('',(0.,0.,1.));
#13541 = ORIENTED_EDGE('',*,*,#13542,.T.);
#13542 = EDGE_CURVE('',#13535,#13543,#13545,.T.);
#13543 = VERTEX_POINT('',#13544);
#13544 = CARTESIAN_POINT('',(-9.,-10.,1.51));
#13545 = LINE('',#13546,#13547);
#13546 = CARTESIAN_POINT('',(9.,-10.,1.51));
#13547 = VECTOR('',#13548,1.);
#13548 = DIRECTION('',(-1.,0.,0.));
#13549 = ORIENTED_EDGE('',*,*,#13550,.F.);
#13550 = EDGE_CURVE('',#13551,#13543,#13553,.T.);
#13551 = VERTEX_POINT('',#13552);
#13552 = CARTESIAN_POINT('',(-9.,-10.,0.));
#13553 = LINE('',#13554,#13555);
#13554 = CARTESIAN_POINT('',(-9.,-10.,0.));
#13555 = VECTOR('',#13556,1.);
#13556 = DIRECTION('',(0.,0.,1.));
#13557 = ORIENTED_EDGE('',*,*,#13558,.F.);
#13558 = EDGE_CURVE('',#13533,#13551,#13559,.T.);
#13559 = LINE('',#13560,#13561);
#13560 = CARTESIAN_POINT('',(9.,-10.,0.));
#13561 = VECTOR('',#13562,1.);
#13562 = DIRECTION('',(-1.,0.,0.));
#13563 = PLANE('',#13564);
#13564 = AXIS2_PLACEMENT_3D('',#13565,#13566,#13567);
#13565 = CARTESIAN_POINT('',(9.,-10.,0.));
#13566 = DIRECTION('',(0.,-1.,0.));
#13567 = DIRECTION('',(-1.,0.,0.));
#13568 = ADVANCED_FACE('',(#13569),#13594,.T.);
#13569 = FACE_BOUND('',#13570,.T.);
#13570 = EDGE_LOOP('',(#13571,#13581,#13587,#13588));
#13571 = ORIENTED_EDGE('',*,*,#13572,.T.);
#13572 = EDGE_CURVE('',#13573,#13575,#13577,.T.);
#13573 = VERTEX_POINT('',#13574);
#13574 = CARTESIAN_POINT('',(9.,10.,0.));
#13575 = VERTEX_POINT('',#13576);
#13576 = CARTESIAN_POINT('',(9.,10.,1.51));
#13577 = LINE('',#13578,#13579);
#13578 = CARTESIAN_POINT('',(9.,10.,0.));
#13579 = VECTOR('',#13580,1.);
#13580 = DIRECTION('',(0.,0.,1.));
#13581 = ORIENTED_EDGE('',*,*,#13582,.T.);
#13582 = EDGE_CURVE('',#13575,#13535,#13583,.T.);
#13583 = LINE('',#13584,#13585);
#13584 = CARTESIAN_POINT('',(9.,10.,1.51));
#13585 = VECTOR('',#13586,1.);
#13586 = DIRECTION('',(0.,-1.,0.));
#13587 = ORIENTED_EDGE('',*,*,#13532,.F.);
#13588 = ORIENTED_EDGE('',*,*,#13589,.F.);
#13589 = EDGE_CURVE('',#13573,#13533,#13590,.T.);
#13590 = LINE('',#13591,#13592);
#13591 = CARTESIAN_POINT('',(9.,10.,0.));
#13592 = VECTOR('',#13593,1.);
#13593 = DIRECTION('',(0.,-1.,0.));
#13594 = PLANE('',#13595);
#13595 = AXIS2_PLACEMENT_3D('',#13596,#13597,#13598);
#13596 = CARTESIAN_POINT('',(9.,10.,0.));
#13597 = DIRECTION('',(1.,0.,-0.));
#13598 = DIRECTION('',(0.,-1.,0.));
#13599 = ADVANCED_FACE('',(#13600),#13625,.T.);
#13600 = FACE_BOUND('',#13601,.T.);
#13601 = EDGE_LOOP('',(#13602,#13603,#13611,#13619));
#13602 = ORIENTED_EDGE('',*,*,#13550,.T.);
#13603 = ORIENTED_EDGE('',*,*,#13604,.T.);
#13604 = EDGE_CURVE('',#13543,#13605,#13607,.T.);
#13605 = VERTEX_POINT('',#13606);
#13606 = CARTESIAN_POINT('',(-9.,10.,1.51));
#13607 = LINE('',#13608,#13609);
#13608 = CARTESIAN_POINT('',(-9.,-10.,1.51));
#13609 = VECTOR('',#13610,1.);
#13610 = DIRECTION('',(0.,1.,0.));
#13611 = ORIENTED_EDGE('',*,*,#13612,.F.);
#13612 = EDGE_CURVE('',#13613,#13605,#13615,.T.);
#13613 = VERTEX_POINT('',#13614);
#13614 = CARTESIAN_POINT('',(-9.,10.,0.));
#13615 = LINE('',#13616,#13617);
#13616 = CARTESIAN_POINT('',(-9.,10.,0.));
#13617 = VECTOR('',#13618,1.);
#13618 = DIRECTION('',(0.,0.,1.));
#13619 = ORIENTED_EDGE('',*,*,#13620,.F.);
#13620 = EDGE_CURVE('',#13551,#13613,#13621,.T.);
#13621 = LINE('',#13622,#13623);
#13622 = CARTESIAN_POINT('',(-9.,-10.,0.));
#13623 = VECTOR('',#13624,1.);
#13624 = DIRECTION('',(0.,1.,0.));
#13625 = PLANE('',#13626);
#13626 = AXIS2_PLACEMENT_3D('',#13627,#13628,#13629);
#13627 = CARTESIAN_POINT('',(-9.,-10.,0.));
#13628 = DIRECTION('',(-1.,0.,0.));
#13629 = DIRECTION('',(0.,1.,0.));
#13630 = ADVANCED_FACE('',(#13631,#13642,#13653),#13664,.F.);
#13631 = FACE_BOUND('',#13632,.F.);
#13632 = EDGE_LOOP('',(#13633,#13634,#13635,#13641));
#13633 = ORIENTED_EDGE('',*,*,#13558,.F.);
#13634 = ORIENTED_EDGE('',*,*,#13589,.F.);
#13635 = ORIENTED_EDGE('',*,*,#13636,.F.);
#13636 = EDGE_CURVE('',#13613,#13573,#13637,.T.);
#13637 = LINE('',#13638,#13639);
#13638 = CARTESIAN_POINT('',(-9.,10.,0.));
#13639 = VECTOR('',#13640,1.);
#13640 = DIRECTION('',(1.,0.,0.));
#13641 = ORIENTED_EDGE('',*,*,#13620,.F.);
#13642 = FACE_BOUND('',#13643,.F.);
#13643 = EDGE_LOOP('',(#13644));
#13644 = ORIENTED_EDGE('',*,*,#13645,.T.);
#13645 = EDGE_CURVE('',#13646,#13646,#13648,.T.);
#13646 = VERTEX_POINT('',#13647);
#13647 = CARTESIAN_POINT('',(-6.5,-7.6,0.));
#13648 = CIRCLE('',#13649,1.1);
#13649 = AXIS2_PLACEMENT_3D('',#13650,#13651,#13652);
#13650 = CARTESIAN_POINT('',(-6.5,-6.5,0.));
#13651 = DIRECTION('',(-0.,0.,-1.));
#13652 = DIRECTION('',(-0.,-1.,0.));
#13653 = FACE_BOUND('',#13654,.F.);
#13654 = EDGE_LOOP('',(#13655));
#13655 = ORIENTED_EDGE('',*,*,#13656,.T.);
#13656 = EDGE_CURVE('',#13657,#13657,#13659,.T.);
#13657 = VERTEX_POINT('',#13658);
#13658 = CARTESIAN_POINT('',(6.5,-7.6,0.));
#13659 = CIRCLE('',#13660,1.1);
#13660 = AXIS2_PLACEMENT_3D('',#13661,#13662,#13663);
#13661 = CARTESIAN_POINT('',(6.5,-6.5,0.));
#13662 = DIRECTION('',(-0.,0.,-1.));
#13663 = DIRECTION('',(-0.,-1.,0.));
#13664 = PLANE('',#13665);
#13665 = AXIS2_PLACEMENT_3D('',#13666,#13667,#13668);
#13666 = CARTESIAN_POINT('',(0.,0.,0.));
#13667 = DIRECTION('',(0.,0.,1.));
#13668 = DIRECTION('',(1.,0.,-0.));
#13669 = ADVANCED_FACE('',(#13670,#13681,#13692),#13703,.T.);
#13670 = FACE_BOUND('',#13671,.T.);
#13671 = EDGE_LOOP('',(#13672,#13673,#13674,#13680));
#13672 = ORIENTED_EDGE('',*,*,#13542,.F.);
#13673 = ORIENTED_EDGE('',*,*,#13582,.F.);
#13674 = ORIENTED_EDGE('',*,*,#13675,.F.);
#13675 = EDGE_CURVE('',#13605,#13575,#13676,.T.);
#13676 = LINE('',#13677,#13678);
#13677 = CARTESIAN_POINT('',(-9.,10.,1.51));
#13678 = VECTOR('',#13679,1.);
#13679 = DIRECTION('',(1.,0.,0.));
#13680 = ORIENTED_EDGE('',*,*,#13604,.F.);
#13681 = FACE_BOUND('',#13682,.T.);
#13682 = EDGE_LOOP('',(#13683));
#13683 = ORIENTED_EDGE('',*,*,#13684,.T.);
#13684 = EDGE_CURVE('',#13685,#13685,#13687,.T.);
#13685 = VERTEX_POINT('',#13686);
#13686 = CARTESIAN_POINT('',(-6.5,-7.6,1.51));
#13687 = CIRCLE('',#13688,1.1);
#13688 = AXIS2_PLACEMENT_3D('',#13689,#13690,#13691);
#13689 = CARTESIAN_POINT('',(-6.5,-6.5,1.51));
#13690 = DIRECTION('',(-0.,0.,-1.));
#13691 = DIRECTION('',(-0.,-1.,0.));
#13692 = FACE_BOUND('',#13693,.T.);
#13693 = EDGE_LOOP('',(#13694));
#13694 = ORIENTED_EDGE('',*,*,#13695,.T.);
#13695 = EDGE_CURVE('',#13696,#13696,#13698,.T.);
#13696 = VERTEX_POINT('',#13697);
#13697 = CARTESIAN_POINT('',(6.5,-7.6,1.51));
#13698 = CIRCLE('',#13699,1.1);
#13699 = AXIS2_PLACEMENT_3D('',#13700,#13701,#13702);
#13700 = CARTESIAN_POINT('',(6.5,-6.5,1.51));
#13701 = DIRECTION('',(-0.,0.,-1.));
#13702 = DIRECTION('',(-0.,-1.,0.));
#13703 = PLANE('',#13704);
#13704 = AXIS2_PLACEMENT_3D('',#13705,#13706,#13707);
#13705 = CARTESIAN_POINT('',(0.,0.,1.51));
#13706 = DIRECTION('',(0.,0.,1.));
#13707 = DIRECTION('',(1.,0.,-0.));
#13708 = ADVANCED_FACE('',(#13709),#13715,.T.);
#13709 = FACE_BOUND('',#13710,.T.);
#13710 = EDGE_LOOP('',(#13711,#13712,#13713,#13714));
#13711 = ORIENTED_EDGE('',*,*,#13612,.T.);
#13712 = ORIENTED_EDGE('',*,*,#13675,.T.);
#13713 = ORIENTED_EDGE('',*,*,#13572,.F.);
#13714 = ORIENTED_EDGE('',*,*,#13636,.F.);
#13715 = PLANE('',#13716);
#13716 = AXIS2_PLACEMENT_3D('',#13717,#13718,#13719);
#13717 = CARTESIAN_POINT('',(-9.,10.,0.));
#13718 = DIRECTION('',(0.,1.,0.));
#13719 = DIRECTION('',(1.,0.,0.));
#13720 = ADVANCED_FACE('',(#13721),#13732,.F.);
#13721 = FACE_BOUND('',#13722,.T.);
#13722 = EDGE_LOOP('',(#13723,#13724,#13730,#13731));
#13723 = ORIENTED_EDGE('',*,*,#13645,.T.);
#13724 = ORIENTED_EDGE('',*,*,#13725,.T.);
#13725 = EDGE_CURVE('',#13646,#13685,#13726,.T.);
#13726 = LINE('',#13727,#13728);
#13727 = CARTESIAN_POINT('',(-6.5,-7.6,-4.6E-02));
#13728 = VECTOR('',#13729,1.);
#13729 = DIRECTION('',(0.,0.,1.));
#13730 = ORIENTED_EDGE('',*,*,#13684,.F.);
#13731 = ORIENTED_EDGE('',*,*,#13725,.F.);
#13732 = CYLINDRICAL_SURFACE('',#13733,1.1);
#13733 = AXIS2_PLACEMENT_3D('',#13734,#13735,#13736);
#13734 = CARTESIAN_POINT('',(-6.5,-6.5,-4.6E-02));
#13735 = DIRECTION('',(-0.,-0.,-1.));
#13736 = DIRECTION('',(-0.,-1.,0.));
#13737 = ADVANCED_FACE('',(#13738),#13749,.F.);
#13738 = FACE_BOUND('',#13739,.T.);
#13739 = EDGE_LOOP('',(#13740,#13741,#13747,#13748));
#13740 = ORIENTED_EDGE('',*,*,#13656,.T.);
#13741 = ORIENTED_EDGE('',*,*,#13742,.T.);
#13742 = EDGE_CURVE('',#13657,#13696,#13743,.T.);
#13743 = LINE('',#13744,#13745);
#13744 = CARTESIAN_POINT('',(6.5,-7.6,-4.6E-02));
#13745 = VECTOR('',#13746,1.);
#13746 = DIRECTION('',(0.,0.,1.));
#13747 = ORIENTED_EDGE('',*,*,#13695,.F.);
#13748 = ORIENTED_EDGE('',*,*,#13742,.F.);
#13749 = CYLINDRICAL_SURFACE('',#13750,1.1);
#13750 = AXIS2_PLACEMENT_3D('',#13751,#13752,#13753);
#13751 = CARTESIAN_POINT('',(6.5,-6.5,-4.6E-02));
#13752 = DIRECTION('',(-0.,-0.,-1.));
#13753 = DIRECTION('',(-0.,-1.,0.));
#13754 = ( GEOMETRIC_REPRESENTATION_CONTEXT(3) 
GLOBAL_UNCERTAINTY_ASSIGNED_CONTEXT((#13758)) 
GLOBAL_UNIT_ASSIGNED_CONTEXT((#13755,#13756,#13757)) 
REPRESENTATION_CONTEXT('Context #1',
  '3D Context with UNIT and UNCERTAINTY') );
#13755 = ( LENGTH_UNIT() NAMED_UNIT(*) SI_UNIT(.MILLI.,.METRE.) );
#13756 = ( NAMED_UNIT(*) PLANE_ANGLE_UNIT() SI_UNIT($,.RADIAN.) );
#13757 = ( NAMED_UNIT(*) SI_UNIT($,.STERADIAN.) SOLID_ANGLE_UNIT() );
#13758 = UNCERTAINTY_MEASURE_WITH_UNIT(LENGTH_MEASURE(1.E-07),#13755,
  'distance_accuracy_value','confusion accuracy');
#13759 = CONTEXT_DEPENDENT_SHAPE_REPRESENTATION(#13760,#13762);
#13760 = ( REPRESENTATION_RELATIONSHIP('','',#13525,#10) 
REPRESENTATION_RELATIONSHIP_WITH_TRANSFORMATION(#13761) 
SHAPE_REPRESENTATION_RELATIONSHIP() );
#13761 = ITEM_DEFINED_TRANSFORMATION('','',#11,#39);
#13762 = PRODUCT_DEFINITION_SHAPE('Placement','Placement of an item',
  #13763);
#13763 = NEXT_ASSEMBLY_USAGE_OCCURRENCE('12','=>[0:1:1:12]','',#5,#13520
  ,$);
#13764 = PRODUCT_RELATED_PRODUCT_CATEGORY('part',$,(#13522));
#13765 = MECHANICAL_DESIGN_GEOMETRIC_PRESENTATION_REPRESENTATION('',(
    #13766,#13774,#13781,#13788,#13795,#13802,#13809,#13816,#13823,
    #13830,#13837,#13845,#13852,#13859,#13866,#13873,#13880,#13887,
    #13894,#13901,#13908,#13915,#13922,#13929,#13936,#13943,#13950,
    #13957),#1766);
#13766 = STYLED_ITEM('color',(#13767),#914);
#13767 = PRESENTATION_STYLE_ASSIGNMENT((#13768));
#13768 = SURFACE_STYLE_USAGE(.BOTH.,#13769);
#13769 = SURFACE_SIDE_STYLE('',(#13770));
#13770 = SURFACE_STYLE_FILL_AREA(#13771);
#13771 = FILL_AREA_STYLE('',(#13772));
#13772 = FILL_AREA_STYLE_COLOUR('',#13773);
#13773 = COLOUR_RGB('',0.823999987314,0.819999987296,0.781000009244);
#13774 = STYLED_ITEM('color',(#13775),#990);
#13775 = PRESENTATION_STYLE_ASSIGNMENT((#13776));
#13776 = SURFACE_STYLE_USAGE(.BOTH.,#13777);
#13777 = SURFACE_SIDE_STYLE('',(#13778));
#13778 = SURFACE_STYLE_FILL_AREA(#13779);
#13779 = FILL_AREA_STYLE('',(#13780));
#13780 = FILL_AREA_STYLE_COLOUR('',#13773);
#13781 = STYLED_ITEM('color',(#13782),#1021);
#13782 = PRESENTATION_STYLE_ASSIGNMENT((#13783));
#13783 = SURFACE_STYLE_USAGE(.BOTH.,#13784);
#13784 = SURFACE_SIDE_STYLE('',(#13785));
#13785 = SURFACE_STYLE_FILL_AREA(#13786);
#13786 = FILL_AREA_STYLE('',(#13787));
#13787 = FILL_AREA_STYLE_COLOUR('',#13773);
#13788 = STYLED_ITEM('color',(#13789),#1046);
#13789 = PRESENTATION_STYLE_ASSIGNMENT((#13790));
#13790 = SURFACE_STYLE_USAGE(.BOTH.,#13791);
#13791 = SURFACE_SIDE_STYLE('',(#13792));
#13792 = SURFACE_STYLE_FILL_AREA(#13793);
#13793 = FILL_AREA_STYLE('',(#13794));
#13794 = FILL_AREA_STYLE_COLOUR('',#13773);
#13795 = STYLED_ITEM('color',(#13796),#1071);
#13796 = PRESENTATION_STYLE_ASSIGNMENT((#13797));
#13797 = SURFACE_STYLE_USAGE(.BOTH.,#13798);
#13798 = SURFACE_SIDE_STYLE('',(#13799));
#13799 = SURFACE_STYLE_FILL_AREA(#13800);
#13800 = FILL_AREA_STYLE('',(#13801));
#13801 = FILL_AREA_STYLE_COLOUR('',#13773);
#13802 = STYLED_ITEM('color',(#13803),#1095);
#13803 = PRESENTATION_STYLE_ASSIGNMENT((#13804));
#13804 = SURFACE_STYLE_USAGE(.BOTH.,#13805);
#13805 = SURFACE_SIDE_STYLE('',(#13806));
#13806 = SURFACE_STYLE_FILL_AREA(#13807);
#13807 = FILL_AREA_STYLE('',(#13808));
#13808 = FILL_AREA_STYLE_COLOUR('',#13773);
#13809 = STYLED_ITEM('color',(#13810),#1119);
#13810 = PRESENTATION_STYLE_ASSIGNMENT((#13811));
#13811 = SURFACE_STYLE_USAGE(.BOTH.,#13812);
#13812 = SURFACE_SIDE_STYLE('',(#13813));
#13813 = SURFACE_STYLE_FILL_AREA(#13814);
#13814 = FILL_AREA_STYLE('',(#13815));
#13815 = FILL_AREA_STYLE_COLOUR('',#13773);
#13816 = STYLED_ITEM('color',(#13817),#1144);
#13817 = PRESENTATION_STYLE_ASSIGNMENT((#13818));
#13818 = SURFACE_STYLE_USAGE(.BOTH.,#13819);
#13819 = SURFACE_SIDE_STYLE('',(#13820));
#13820 = SURFACE_STYLE_FILL_AREA(#13821);
#13821 = FILL_AREA_STYLE('',(#13822));
#13822 = FILL_AREA_STYLE_COLOUR('',#13773);
#13823 = STYLED_ITEM('color',(#13824),#1169);
#13824 = PRESENTATION_STYLE_ASSIGNMENT((#13825));
#13825 = SURFACE_STYLE_USAGE(.BOTH.,#13826);
#13826 = SURFACE_SIDE_STYLE('',(#13827));
#13827 = SURFACE_STYLE_FILL_AREA(#13828);
#13828 = FILL_AREA_STYLE('',(#13829));
#13829 = FILL_AREA_STYLE_COLOUR('',#13773);
#13830 = STYLED_ITEM('color',(#13831),#1186);
#13831 = PRESENTATION_STYLE_ASSIGNMENT((#13832));
#13832 = SURFACE_STYLE_USAGE(.BOTH.,#13833);
#13833 = SURFACE_SIDE_STYLE('',(#13834));
#13834 = SURFACE_STYLE_FILL_AREA(#13835);
#13835 = FILL_AREA_STYLE('',(#13836));
#13836 = FILL_AREA_STYLE_COLOUR('',#13773);
#13837 = STYLED_ITEM('color',(#13838),#1272);
#13838 = PRESENTATION_STYLE_ASSIGNMENT((#13839));
#13839 = SURFACE_STYLE_USAGE(.BOTH.,#13840);
#13840 = SURFACE_SIDE_STYLE('',(#13841));
#13841 = SURFACE_STYLE_FILL_AREA(#13842);
#13842 = FILL_AREA_STYLE('',(#13843));
#13843 = FILL_AREA_STYLE_COLOUR('',#13844);
#13844 = COLOUR_RGB('',0.379000005575,0.270000008848,0.214999999939);
#13845 = STYLED_ITEM('color',(#13846),#1304);
#13846 = PRESENTATION_STYLE_ASSIGNMENT((#13847));
#13847 = SURFACE_STYLE_USAGE(.BOTH.,#13848);
#13848 = SURFACE_SIDE_STYLE('',(#13849));
#13849 = SURFACE_STYLE_FILL_AREA(#13850);
#13850 = FILL_AREA_STYLE('',(#13851));
#13851 = FILL_AREA_STYLE_COLOUR('',#13844);
#13852 = STYLED_ITEM('color',(#13853),#1328);
#13853 = PRESENTATION_STYLE_ASSIGNMENT((#13854));
#13854 = SURFACE_STYLE_USAGE(.BOTH.,#13855);
#13855 = SURFACE_SIDE_STYLE('',(#13856));
#13856 = SURFACE_STYLE_FILL_AREA(#13857);
#13857 = FILL_AREA_STYLE('',(#13858));
#13858 = FILL_AREA_STYLE_COLOUR('',#13844);
#13859 = STYLED_ITEM('color',(#13860),#1353);
#13860 = PRESENTATION_STYLE_ASSIGNMENT((#13861));
#13861 = SURFACE_STYLE_USAGE(.BOTH.,#13862);
#13862 = SURFACE_SIDE_STYLE('',(#13863));
#13863 = SURFACE_STYLE_FILL_AREA(#13864);
#13864 = FILL_AREA_STYLE('',(#13865));
#13865 = FILL_AREA_STYLE_COLOUR('',#13844);
#13866 = STYLED_ITEM('color',(#13867),#1377);
#13867 = PRESENTATION_STYLE_ASSIGNMENT((#13868));
#13868 = SURFACE_STYLE_USAGE(.BOTH.,#13869);
#13869 = SURFACE_SIDE_STYLE('',(#13870));
#13870 = SURFACE_STYLE_FILL_AREA(#13871);
#13871 = FILL_AREA_STYLE('',(#13872));
#13872 = FILL_AREA_STYLE_COLOUR('',#13844);
#13873 = STYLED_ITEM('color',(#13874),#1402);
#13874 = PRESENTATION_STYLE_ASSIGNMENT((#13875));
#13875 = SURFACE_STYLE_USAGE(.BOTH.,#13876);
#13876 = SURFACE_SIDE_STYLE('',(#13877));
#13877 = SURFACE_STYLE_FILL_AREA(#13878);
#13878 = FILL_AREA_STYLE('',(#13879));
#13879 = FILL_AREA_STYLE_COLOUR('',#13844);
#13880 = STYLED_ITEM('color',(#13881),#1426);
#13881 = PRESENTATION_STYLE_ASSIGNMENT((#13882));
#13882 = SURFACE_STYLE_USAGE(.BOTH.,#13883);
#13883 = SURFACE_SIDE_STYLE('',(#13884));
#13884 = SURFACE_STYLE_FILL_AREA(#13885);
#13885 = FILL_AREA_STYLE('',(#13886));
#13886 = FILL_AREA_STYLE_COLOUR('',#13844);
#13887 = STYLED_ITEM('color',(#13888),#1451);
#13888 = PRESENTATION_STYLE_ASSIGNMENT((#13889));
#13889 = SURFACE_STYLE_USAGE(.BOTH.,#13890);
#13890 = SURFACE_SIDE_STYLE('',(#13891));
#13891 = SURFACE_STYLE_FILL_AREA(#13892);
#13892 = FILL_AREA_STYLE('',(#13893));
#13893 = FILL_AREA_STYLE_COLOUR('',#13844);
#13894 = STYLED_ITEM('color',(#13895),#1468);
#13895 = PRESENTATION_STYLE_ASSIGNMENT((#13896));
#13896 = SURFACE_STYLE_USAGE(.BOTH.,#13897);
#13897 = SURFACE_SIDE_STYLE('',(#13898));
#13898 = SURFACE_STYLE_FILL_AREA(#13899);
#13899 = FILL_AREA_STYLE('',(#13900));
#13900 = FILL_AREA_STYLE_COLOUR('',#13773);
#13901 = STYLED_ITEM('color',(#13902),#1554);
#13902 = PRESENTATION_STYLE_ASSIGNMENT((#13903));
#13903 = SURFACE_STYLE_USAGE(.BOTH.,#13904);
#13904 = SURFACE_SIDE_STYLE('',(#13905));
#13905 = SURFACE_STYLE_FILL_AREA(#13906);
#13906 = FILL_AREA_STYLE('',(#13907));
#13907 = FILL_AREA_STYLE_COLOUR('',#13773);
#13908 = STYLED_ITEM('color',(#13909),#1585);
#13909 = PRESENTATION_STYLE_ASSIGNMENT((#13910));
#13910 = SURFACE_STYLE_USAGE(.BOTH.,#13911);
#13911 = SURFACE_SIDE_STYLE('',(#13912));
#13912 = SURFACE_STYLE_FILL_AREA(#13913);
#13913 = FILL_AREA_STYLE('',(#13914));
#13914 = FILL_AREA_STYLE_COLOUR('',#13773);
#13915 = STYLED_ITEM('color',(#13916),#1610);
#13916 = PRESENTATION_STYLE_ASSIGNMENT((#13917));
#13917 = SURFACE_STYLE_USAGE(.BOTH.,#13918);
#13918 = SURFACE_SIDE_STYLE('',(#13919));
#13919 = SURFACE_STYLE_FILL_AREA(#13920);
#13920 = FILL_AREA_STYLE('',(#13921));
#13921 = FILL_AREA_STYLE_COLOUR('',#13773);
#13922 = STYLED_ITEM('color',(#13923),#1635);
#13923 = PRESENTATION_STYLE_ASSIGNMENT((#13924));
#13924 = SURFACE_STYLE_USAGE(.BOTH.,#13925);
#13925 = SURFACE_SIDE_STYLE('',(#13926));
#13926 = SURFACE_STYLE_FILL_AREA(#13927);
#13927 = FILL_AREA_STYLE('',(#13928));
#13928 = FILL_AREA_STYLE_COLOUR('',#13773);
#13929 = STYLED_ITEM('color',(#13930),#1659);
#13930 = PRESENTATION_STYLE_ASSIGNMENT((#13931));
#13931 = SURFACE_STYLE_USAGE(.BOTH.,#13932);
#13932 = SURFACE_SIDE_STYLE('',(#13933));
#13933 = SURFACE_STYLE_FILL_AREA(#13934);
#13934 = FILL_AREA_STYLE('',(#13935));
#13935 = FILL_AREA_STYLE_COLOUR('',#13773);
#13936 = STYLED_ITEM('color',(#13937),#1683);
#13937 = PRESENTATION_STYLE_ASSIGNMENT((#13938));
#13938 = SURFACE_STYLE_USAGE(.BOTH.,#13939);
#13939 = SURFACE_SIDE_STYLE('',(#13940));
#13940 = SURFACE_STYLE_FILL_AREA(#13941);
#13941 = FILL_AREA_STYLE('',(#13942));
#13942 = FILL_AREA_STYLE_COLOUR('',#13773);
#13943 = STYLED_ITEM('color',(#13944),#1708);
#13944 = PRESENTATION_STYLE_ASSIGNMENT((#13945));
#13945 = SURFACE_STYLE_USAGE(.BOTH.,#13946);
#13946 = SURFACE_SIDE_STYLE('',(#13947));
#13947 = SURFACE_STYLE_FILL_AREA(#13948);
#13948 = FILL_AREA_STYLE('',(#13949));
#13949 = FILL_AREA_STYLE_COLOUR('',#13773);
#13950 = STYLED_ITEM('color',(#13951),#1733);
#13951 = PRESENTATION_STYLE_ASSIGNMENT((#13952));
#13952 = SURFACE_STYLE_USAGE(.BOTH.,#13953);
#13953 = SURFACE_SIDE_STYLE('',(#13954));
#13954 = SURFACE_STYLE_FILL_AREA(#13955);
#13955 = FILL_AREA_STYLE('',(#13956));
#13956 = FILL_AREA_STYLE_COLOUR('',#13773);
#13957 = STYLED_ITEM('color',(#13958),#1750);
#13958 = PRESENTATION_STYLE_ASSIGNMENT((#13959));
#13959 = SURFACE_STYLE_USAGE(.BOTH.,#13960);
#13960 = SURFACE_SIDE_STYLE('',(#13961));
#13961 = SURFACE_STYLE_FILL_AREA(#13962);
#13962 = FILL_AREA_STYLE('',(#13963));
#13963 = FILL_AREA_STYLE_COLOUR('',#13773);
#13964 = MECHANICAL_DESIGN_GEOMETRIC_PRESENTATION_REPRESENTATION('',(
    #13965,#13975,#13984,#13993,#14002,#14011,#14020,#14029,#14038,
    #14047,#14056,#14065,#14074,#14083,#14092,#14101,#14110,#14119,
    #14128,#14137,#14146,#14155,#14164,#14173,#14182,#14191,#14200,
    #14209,#14218,#14227,#14236,#14245,#14254,#14263,#14272,#14281,
    #14290,#14299,#14308,#14317,#14326,#14335,#14344,#14353,#14362,
    #14371,#14380,#14389,#14398,#14407,#14416,#14425,#14434,#14443,
    #14452,#14461,#14470,#14479,#14488,#14497,#14506,#14515,#14524,
    #14533,#14542,#14551,#14560,#14569,#14578,#14587,#14596,#14605,
    #14614,#14623,#14632,#14641,#14650,#14659,#14668,#14677,#14686,
    #14695,#14704,#14713,#14722,#14731,#14740,#14749,#14758,#14767,
    #14776,#14785,#14794,#14803,#14812,#14821,#14830,#14839,#14848,
    #14857,#14866,#14875,#14884,#14893,#14902,#14911,#14920,#14929,
    #14938,#14947,#14956,#14965,#14974,#14983,#14992,#15001,#15010,
    #15019,#15028,#15037,#15046,#15055,#15064,#15073,#15082,#15091,
    #15100,#15109,#15118,#15127,#15136,#15145,#15154,#15163,#15172,
    #15181,#15190,#15199,#15208,#15217,#15226,#15235,#15244,#15253,
    #15262,#15271,#15280,#15289,#15298,#15307,#15316,#15325,#15334,
    #15343,#15352,#15361,#15370,#15379,#15388,#15397,#15406,#15415,
    #15424,#15433,#15442,#15451,#15460,#15469,#15478,#15487,#15496,
    #15505,#15514,#15523,#15532,#15541,#15550,#15559,#15568,#15577,
    #15586,#15595,#15604,#15613,#15622,#15631,#15640,#15649,#15658,
    #15667,#15676,#15685,#15694,#15703,#15712,#15721,#15730,#15739,
    #15748,#15757,#15766,#15775,#15784,#15793,#15802,#15811,#15820,
    #15829,#15838,#15847,#15856,#15865,#15874,#15883,#15892,#15901,
    #15910,#15919,#15928,#15937,#15946,#15955,#15964,#15973,#15982,
    #15991,#16000,#16009,#16018,#16027,#16036,#16045,#16054,#16063,
    #16072,#16081,#16090),#9080);
#13965 = STYLED_ITEM('color',(#13966),#1810);
#13966 = PRESENTATION_STYLE_ASSIGNMENT((#13967,#13973));
#13967 = SURFACE_STYLE_USAGE(.BOTH.,#13968);
#13968 = SURFACE_SIDE_STYLE('',(#13969));
#13969 = SURFACE_STYLE_FILL_AREA(#13970);
#13970 = FILL_AREA_STYLE('',(#13971));
#13971 = FILL_AREA_STYLE_COLOUR('',#13972);
#13972 = COLOUR_RGB('',0.147999998088,0.145000001626,0.145000001626);
#13973 = CURVE_STYLE('',#13974,POSITIVE_LENGTH_MEASURE(0.1),#13972);
#13974 = DRAUGHTING_PRE_DEFINED_CURVE_FONT('continuous');
#13975 = STYLED_ITEM('color',(#13976),#1848);
#13976 = PRESENTATION_STYLE_ASSIGNMENT((#13977,#13982));
#13977 = SURFACE_STYLE_USAGE(.BOTH.,#13978);
#13978 = SURFACE_SIDE_STYLE('',(#13979));
#13979 = SURFACE_STYLE_FILL_AREA(#13980);
#13980 = FILL_AREA_STYLE('',(#13981));
#13981 = FILL_AREA_STYLE_COLOUR('',#13972);
#13982 = CURVE_STYLE('',#13983,POSITIVE_LENGTH_MEASURE(0.1),#13972);
#13983 = DRAUGHTING_PRE_DEFINED_CURVE_FONT('continuous');
#13984 = STYLED_ITEM('color',(#13985),#1911);
#13985 = PRESENTATION_STYLE_ASSIGNMENT((#13986,#13991));
#13986 = SURFACE_STYLE_USAGE(.BOTH.,#13987);
#13987 = SURFACE_SIDE_STYLE('',(#13988));
#13988 = SURFACE_STYLE_FILL_AREA(#13989);
#13989 = FILL_AREA_STYLE('',(#13990));
#13990 = FILL_AREA_STYLE_COLOUR('',#13972);
#13991 = CURVE_STYLE('',#13992,POSITIVE_LENGTH_MEASURE(0.1),#13972);
#13992 = DRAUGHTING_PRE_DEFINED_CURVE_FONT('continuous');
#13993 = STYLED_ITEM('color',(#13994),#1934);
#13994 = PRESENTATION_STYLE_ASSIGNMENT((#13995,#14000));
#13995 = SURFACE_STYLE_USAGE(.BOTH.,#13996);
#13996 = SURFACE_SIDE_STYLE('',(#13997));
#13997 = SURFACE_STYLE_FILL_AREA(#13998);
#13998 = FILL_AREA_STYLE('',(#13999));
#13999 = FILL_AREA_STYLE_COLOUR('',#13972);
#14000 = CURVE_STYLE('',#14001,POSITIVE_LENGTH_MEASURE(0.1),#13972);
#14001 = DRAUGHTING_PRE_DEFINED_CURVE_FONT('continuous');
#14002 = STYLED_ITEM('color',(#14003),#1963);
#14003 = PRESENTATION_STYLE_ASSIGNMENT((#14004,#14009));
#14004 = SURFACE_STYLE_USAGE(.BOTH.,#14005);
#14005 = SURFACE_SIDE_STYLE('',(#14006));
#14006 = SURFACE_STYLE_FILL_AREA(#14007);
#14007 = FILL_AREA_STYLE('',(#14008));
#14008 = FILL_AREA_STYLE_COLOUR('',#13972);
#14009 = CURVE_STYLE('',#14010,POSITIVE_LENGTH_MEASURE(0.1),#13972);
#14010 = DRAUGHTING_PRE_DEFINED_CURVE_FONT('continuous');
#14011 = STYLED_ITEM('color',(#14012),#1986);
#14012 = PRESENTATION_STYLE_ASSIGNMENT((#14013,#14018));
#14013 = SURFACE_STYLE_USAGE(.BOTH.,#14014);
#14014 = SURFACE_SIDE_STYLE('',(#14015));
#14015 = SURFACE_STYLE_FILL_AREA(#14016);
#14016 = FILL_AREA_STYLE('',(#14017));
#14017 = FILL_AREA_STYLE_COLOUR('',#13972);
#14018 = CURVE_STYLE('',#14019,POSITIVE_LENGTH_MEASURE(0.1),#13972);
#14019 = DRAUGHTING_PRE_DEFINED_CURVE_FONT('continuous');
#14020 = STYLED_ITEM('color',(#14021),#2121);
#14021 = PRESENTATION_STYLE_ASSIGNMENT((#14022,#14027));
#14022 = SURFACE_STYLE_USAGE(.BOTH.,#14023);
#14023 = SURFACE_SIDE_STYLE('',(#14024));
#14024 = SURFACE_STYLE_FILL_AREA(#14025);
#14025 = FILL_AREA_STYLE('',(#14026));
#14026 = FILL_AREA_STYLE_COLOUR('',#13972);
#14027 = CURVE_STYLE('',#14028,POSITIVE_LENGTH_MEASURE(0.1),#13972);
#14028 = DRAUGHTING_PRE_DEFINED_CURVE_FONT('continuous');
#14029 = STYLED_ITEM('color',(#14030),#2256);
#14030 = PRESENTATION_STYLE_ASSIGNMENT((#14031,#14036));
#14031 = SURFACE_STYLE_USAGE(.BOTH.,#14032);
#14032 = SURFACE_SIDE_STYLE('',(#14033));
#14033 = SURFACE_STYLE_FILL_AREA(#14034);
#14034 = FILL_AREA_STYLE('',(#14035));
#14035 = FILL_AREA_STYLE_COLOUR('',#13972);
#14036 = CURVE_STYLE('',#14037,POSITIVE_LENGTH_MEASURE(0.1),#13972);
#14037 = DRAUGHTING_PRE_DEFINED_CURVE_FONT('continuous');
#14038 = STYLED_ITEM('color',(#14039),#2279);
#14039 = PRESENTATION_STYLE_ASSIGNMENT((#14040,#14045));
#14040 = SURFACE_STYLE_USAGE(.BOTH.,#14041);
#14041 = SURFACE_SIDE_STYLE('',(#14042));
#14042 = SURFACE_STYLE_FILL_AREA(#14043);
#14043 = FILL_AREA_STYLE('',(#14044));
#14044 = FILL_AREA_STYLE_COLOUR('',#13972);
#14045 = CURVE_STYLE('',#14046,POSITIVE_LENGTH_MEASURE(0.1),#13972);
#14046 = DRAUGHTING_PRE_DEFINED_CURVE_FONT('continuous');
#14047 = STYLED_ITEM('color',(#14048),#2302);
#14048 = PRESENTATION_STYLE_ASSIGNMENT((#14049,#14054));
#14049 = SURFACE_STYLE_USAGE(.BOTH.,#14050);
#14050 = SURFACE_SIDE_STYLE('',(#14051));
#14051 = SURFACE_STYLE_FILL_AREA(#14052);
#14052 = FILL_AREA_STYLE('',(#14053));
#14053 = FILL_AREA_STYLE_COLOUR('',#13972);
#14054 = CURVE_STYLE('',#14055,POSITIVE_LENGTH_MEASURE(0.1),#13972);
#14055 = DRAUGHTING_PRE_DEFINED_CURVE_FONT('continuous');
#14056 = STYLED_ITEM('color',(#14057),#2319);
#14057 = PRESENTATION_STYLE_ASSIGNMENT((#14058,#14063));
#14058 = SURFACE_STYLE_USAGE(.BOTH.,#14059);
#14059 = SURFACE_SIDE_STYLE('',(#14060));
#14060 = SURFACE_STYLE_FILL_AREA(#14061);
#14061 = FILL_AREA_STYLE('',(#14062));
#14062 = FILL_AREA_STYLE_COLOUR('',#13972);
#14063 = CURVE_STYLE('',#14064,POSITIVE_LENGTH_MEASURE(0.1),#13972);
#14064 = DRAUGHTING_PRE_DEFINED_CURVE_FONT('continuous');
#14065 = STYLED_ITEM('color',(#14066),#2342);
#14066 = PRESENTATION_STYLE_ASSIGNMENT((#14067,#14072));
#14067 = SURFACE_STYLE_USAGE(.BOTH.,#14068);
#14068 = SURFACE_SIDE_STYLE('',(#14069));
#14069 = SURFACE_STYLE_FILL_AREA(#14070);
#14070 = FILL_AREA_STYLE('',(#14071));
#14071 = FILL_AREA_STYLE_COLOUR('',#13972);
#14072 = CURVE_STYLE('',#14073,POSITIVE_LENGTH_MEASURE(0.1),#13972);
#14073 = DRAUGHTING_PRE_DEFINED_CURVE_FONT('continuous');
#14074 = STYLED_ITEM('color',(#14075),#2430);
#14075 = PRESENTATION_STYLE_ASSIGNMENT((#14076,#14081));
#14076 = SURFACE_STYLE_USAGE(.BOTH.,#14077);
#14077 = SURFACE_SIDE_STYLE('',(#14078));
#14078 = SURFACE_STYLE_FILL_AREA(#14079);
#14079 = FILL_AREA_STYLE('',(#14080));
#14080 = FILL_AREA_STYLE_COLOUR('',#13972);
#14081 = CURVE_STYLE('',#14082,POSITIVE_LENGTH_MEASURE(0.1),#13972);
#14082 = DRAUGHTING_PRE_DEFINED_CURVE_FONT('continuous');
#14083 = STYLED_ITEM('color',(#14084),#2446);
#14084 = PRESENTATION_STYLE_ASSIGNMENT((#14085,#14090));
#14085 = SURFACE_STYLE_USAGE(.BOTH.,#14086);
#14086 = SURFACE_SIDE_STYLE('',(#14087));
#14087 = SURFACE_STYLE_FILL_AREA(#14088);
#14088 = FILL_AREA_STYLE('',(#14089));
#14089 = FILL_AREA_STYLE_COLOUR('',#13972);
#14090 = CURVE_STYLE('',#14091,POSITIVE_LENGTH_MEASURE(0.1),#13972);
#14091 = DRAUGHTING_PRE_DEFINED_CURVE_FONT('continuous');
#14092 = STYLED_ITEM('color',(#14093),#2476);
#14093 = PRESENTATION_STYLE_ASSIGNMENT((#14094,#14099));
#14094 = SURFACE_STYLE_USAGE(.BOTH.,#14095);
#14095 = SURFACE_SIDE_STYLE('',(#14096));
#14096 = SURFACE_STYLE_FILL_AREA(#14097);
#14097 = FILL_AREA_STYLE('',(#14098));
#14098 = FILL_AREA_STYLE_COLOUR('',#13773);
#14099 = CURVE_STYLE('',#14100,POSITIVE_LENGTH_MEASURE(0.1),#13773);
#14100 = DRAUGHTING_PRE_DEFINED_CURVE_FONT('continuous');
#14101 = STYLED_ITEM('color',(#14102),#2507);
#14102 = PRESENTATION_STYLE_ASSIGNMENT((#14103,#14108));
#14103 = SURFACE_STYLE_USAGE(.BOTH.,#14104);
#14104 = SURFACE_SIDE_STYLE('',(#14105));
#14105 = SURFACE_STYLE_FILL_AREA(#14106);
#14106 = FILL_AREA_STYLE('',(#14107));
#14107 = FILL_AREA_STYLE_COLOUR('',#13972);
#14108 = CURVE_STYLE('',#14109,POSITIVE_LENGTH_MEASURE(0.1),#13972);
#14109 = DRAUGHTING_PRE_DEFINED_CURVE_FONT('continuous');
#14110 = STYLED_ITEM('color',(#14111),#2538);
#14111 = PRESENTATION_STYLE_ASSIGNMENT((#14112,#14117));
#14112 = SURFACE_STYLE_USAGE(.BOTH.,#14113);
#14113 = SURFACE_SIDE_STYLE('',(#14114));
#14114 = SURFACE_STYLE_FILL_AREA(#14115);
#14115 = FILL_AREA_STYLE('',(#14116));
#14116 = FILL_AREA_STYLE_COLOUR('',#13773);
#14117 = CURVE_STYLE('',#14118,POSITIVE_LENGTH_MEASURE(0.1),#13773);
#14118 = DRAUGHTING_PRE_DEFINED_CURVE_FONT('continuous');
#14119 = STYLED_ITEM('color',(#14120),#2569);
#14120 = PRESENTATION_STYLE_ASSIGNMENT((#14121,#14126));
#14121 = SURFACE_STYLE_USAGE(.BOTH.,#14122);
#14122 = SURFACE_SIDE_STYLE('',(#14123));
#14123 = SURFACE_STYLE_FILL_AREA(#14124);
#14124 = FILL_AREA_STYLE('',(#14125));
#14125 = FILL_AREA_STYLE_COLOUR('',#13972);
#14126 = CURVE_STYLE('',#14127,POSITIVE_LENGTH_MEASURE(0.1),#13972);
#14127 = DRAUGHTING_PRE_DEFINED_CURVE_FONT('continuous');
#14128 = STYLED_ITEM('color',(#14129),#2600);
#14129 = PRESENTATION_STYLE_ASSIGNMENT((#14130,#14135));
#14130 = SURFACE_STYLE_USAGE(.BOTH.,#14131);
#14131 = SURFACE_SIDE_STYLE('',(#14132));
#14132 = SURFACE_STYLE_FILL_AREA(#14133);
#14133 = FILL_AREA_STYLE('',(#14134));
#14134 = FILL_AREA_STYLE_COLOUR('',#13773);
#14135 = CURVE_STYLE('',#14136,POSITIVE_LENGTH_MEASURE(0.1),#13773);
#14136 = DRAUGHTING_PRE_DEFINED_CURVE_FONT('continuous');
#14137 = STYLED_ITEM('color',(#14138),#2631);
#14138 = PRESENTATION_STYLE_ASSIGNMENT((#14139,#14144));
#14139 = SURFACE_STYLE_USAGE(.BOTH.,#14140);
#14140 = SURFACE_SIDE_STYLE('',(#14141));
#14141 = SURFACE_STYLE_FILL_AREA(#14142);
#14142 = FILL_AREA_STYLE('',(#14143));
#14143 = FILL_AREA_STYLE_COLOUR('',#13972);
#14144 = CURVE_STYLE('',#14145,POSITIVE_LENGTH_MEASURE(0.1),#13972);
#14145 = DRAUGHTING_PRE_DEFINED_CURVE_FONT('continuous');
#14146 = STYLED_ITEM('color',(#14147),#2662);
#14147 = PRESENTATION_STYLE_ASSIGNMENT((#14148,#14153));
#14148 = SURFACE_STYLE_USAGE(.BOTH.,#14149);
#14149 = SURFACE_SIDE_STYLE('',(#14150));
#14150 = SURFACE_STYLE_FILL_AREA(#14151);
#14151 = FILL_AREA_STYLE('',(#14152));
#14152 = FILL_AREA_STYLE_COLOUR('',#13773);
#14153 = CURVE_STYLE('',#14154,POSITIVE_LENGTH_MEASURE(0.1),#13773);
#14154 = DRAUGHTING_PRE_DEFINED_CURVE_FONT('continuous');
#14155 = STYLED_ITEM('color',(#14156),#2693);
#14156 = PRESENTATION_STYLE_ASSIGNMENT((#14157,#14162));
#14157 = SURFACE_STYLE_USAGE(.BOTH.,#14158);
#14158 = SURFACE_SIDE_STYLE('',(#14159));
#14159 = SURFACE_STYLE_FILL_AREA(#14160);
#14160 = FILL_AREA_STYLE('',(#14161));
#14161 = FILL_AREA_STYLE_COLOUR('',#13972);
#14162 = CURVE_STYLE('',#14163,POSITIVE_LENGTH_MEASURE(0.1),#13972);
#14163 = DRAUGHTING_PRE_DEFINED_CURVE_FONT('continuous');
#14164 = STYLED_ITEM('color',(#14165),#2724);
#14165 = PRESENTATION_STYLE_ASSIGNMENT((#14166,#14171));
#14166 = SURFACE_STYLE_USAGE(.BOTH.,#14167);
#14167 = SURFACE_SIDE_STYLE('',(#14168));
#14168 = SURFACE_STYLE_FILL_AREA(#14169);
#14169 = FILL_AREA_STYLE('',(#14170));
#14170 = FILL_AREA_STYLE_COLOUR('',#13773);
#14171 = CURVE_STYLE('',#14172,POSITIVE_LENGTH_MEASURE(0.1),#13773);
#14172 = DRAUGHTING_PRE_DEFINED_CURVE_FONT('continuous');
#14173 = STYLED_ITEM('color',(#14174),#2755);
#14174 = PRESENTATION_STYLE_ASSIGNMENT((#14175,#14180));
#14175 = SURFACE_STYLE_USAGE(.BOTH.,#14176);
#14176 = SURFACE_SIDE_STYLE('',(#14177));
#14177 = SURFACE_STYLE_FILL_AREA(#14178);
#14178 = FILL_AREA_STYLE('',(#14179));
#14179 = FILL_AREA_STYLE_COLOUR('',#13972);
#14180 = CURVE_STYLE('',#14181,POSITIVE_LENGTH_MEASURE(0.1),#13972);
#14181 = DRAUGHTING_PRE_DEFINED_CURVE_FONT('continuous');
#14182 = STYLED_ITEM('color',(#14183),#2786);
#14183 = PRESENTATION_STYLE_ASSIGNMENT((#14184,#14189));
#14184 = SURFACE_STYLE_USAGE(.BOTH.,#14185);
#14185 = SURFACE_SIDE_STYLE('',(#14186));
#14186 = SURFACE_STYLE_FILL_AREA(#14187);
#14187 = FILL_AREA_STYLE('',(#14188));
#14188 = FILL_AREA_STYLE_COLOUR('',#13773);
#14189 = CURVE_STYLE('',#14190,POSITIVE_LENGTH_MEASURE(0.1),#13773);
#14190 = DRAUGHTING_PRE_DEFINED_CURVE_FONT('continuous');
#14191 = STYLED_ITEM('color',(#14192),#2817);
#14192 = PRESENTATION_STYLE_ASSIGNMENT((#14193,#14198));
#14193 = SURFACE_STYLE_USAGE(.BOTH.,#14194);
#14194 = SURFACE_SIDE_STYLE('',(#14195));
#14195 = SURFACE_STYLE_FILL_AREA(#14196);
#14196 = FILL_AREA_STYLE('',(#14197));
#14197 = FILL_AREA_STYLE_COLOUR('',#13972);
#14198 = CURVE_STYLE('',#14199,POSITIVE_LENGTH_MEASURE(0.1),#13972);
#14199 = DRAUGHTING_PRE_DEFINED_CURVE_FONT('continuous');
#14200 = STYLED_ITEM('color',(#14201),#2848);
#14201 = PRESENTATION_STYLE_ASSIGNMENT((#14202,#14207));
#14202 = SURFACE_STYLE_USAGE(.BOTH.,#14203);
#14203 = SURFACE_SIDE_STYLE('',(#14204));
#14204 = SURFACE_STYLE_FILL_AREA(#14205);
#14205 = FILL_AREA_STYLE('',(#14206));
#14206 = FILL_AREA_STYLE_COLOUR('',#13773);
#14207 = CURVE_STYLE('',#14208,POSITIVE_LENGTH_MEASURE(0.1),#13773);
#14208 = DRAUGHTING_PRE_DEFINED_CURVE_FONT('continuous');
#14209 = STYLED_ITEM('color',(#14210),#2879);
#14210 = PRESENTATION_STYLE_ASSIGNMENT((#14211,#14216));
#14211 = SURFACE_STYLE_USAGE(.BOTH.,#14212);
#14212 = SURFACE_SIDE_STYLE('',(#14213));
#14213 = SURFACE_STYLE_FILL_AREA(#14214);
#14214 = FILL_AREA_STYLE('',(#14215));
#14215 = FILL_AREA_STYLE_COLOUR('',#13972);
#14216 = CURVE_STYLE('',#14217,POSITIVE_LENGTH_MEASURE(0.1),#13972);
#14217 = DRAUGHTING_PRE_DEFINED_CURVE_FONT('continuous');
#14218 = STYLED_ITEM('color',(#14219),#2896);
#14219 = PRESENTATION_STYLE_ASSIGNMENT((#14220,#14225));
#14220 = SURFACE_STYLE_USAGE(.BOTH.,#14221);
#14221 = SURFACE_SIDE_STYLE('',(#14222));
#14222 = SURFACE_STYLE_FILL_AREA(#14223);
#14223 = FILL_AREA_STYLE('',(#14224));
#14224 = FILL_AREA_STYLE_COLOUR('',#13972);
#14225 = CURVE_STYLE('',#14226,POSITIVE_LENGTH_MEASURE(0.1),#13972);
#14226 = DRAUGHTING_PRE_DEFINED_CURVE_FONT('continuous');
#14227 = STYLED_ITEM('color',(#14228),#2913);
#14228 = PRESENTATION_STYLE_ASSIGNMENT((#14229,#14234));
#14229 = SURFACE_STYLE_USAGE(.BOTH.,#14230);
#14230 = SURFACE_SIDE_STYLE('',(#14231));
#14231 = SURFACE_STYLE_FILL_AREA(#14232);
#14232 = FILL_AREA_STYLE('',(#14233));
#14233 = FILL_AREA_STYLE_COLOUR('',#13773);
#14234 = CURVE_STYLE('',#14235,POSITIVE_LENGTH_MEASURE(0.1),#13773);
#14235 = DRAUGHTING_PRE_DEFINED_CURVE_FONT('continuous');
#14236 = STYLED_ITEM('color',(#14237),#2944);
#14237 = PRESENTATION_STYLE_ASSIGNMENT((#14238,#14243));
#14238 = SURFACE_STYLE_USAGE(.BOTH.,#14239);
#14239 = SURFACE_SIDE_STYLE('',(#14240));
#14240 = SURFACE_STYLE_FILL_AREA(#14241);
#14241 = FILL_AREA_STYLE('',(#14242));
#14242 = FILL_AREA_STYLE_COLOUR('',#13972);
#14243 = CURVE_STYLE('',#14244,POSITIVE_LENGTH_MEASURE(0.1),#13972);
#14244 = DRAUGHTING_PRE_DEFINED_CURVE_FONT('continuous');
#14245 = STYLED_ITEM('color',(#14246),#2975);
#14246 = PRESENTATION_STYLE_ASSIGNMENT((#14247,#14252));
#14247 = SURFACE_STYLE_USAGE(.BOTH.,#14248);
#14248 = SURFACE_SIDE_STYLE('',(#14249));
#14249 = SURFACE_STYLE_FILL_AREA(#14250);
#14250 = FILL_AREA_STYLE('',(#14251));
#14251 = FILL_AREA_STYLE_COLOUR('',#13773);
#14252 = CURVE_STYLE('',#14253,POSITIVE_LENGTH_MEASURE(0.1),#13773);
#14253 = DRAUGHTING_PRE_DEFINED_CURVE_FONT('continuous');
#14254 = STYLED_ITEM('color',(#14255),#3006);
#14255 = PRESENTATION_STYLE_ASSIGNMENT((#14256,#14261));
#14256 = SURFACE_STYLE_USAGE(.BOTH.,#14257);
#14257 = SURFACE_SIDE_STYLE('',(#14258));
#14258 = SURFACE_STYLE_FILL_AREA(#14259);
#14259 = FILL_AREA_STYLE('',(#14260));
#14260 = FILL_AREA_STYLE_COLOUR('',#13972);
#14261 = CURVE_STYLE('',#14262,POSITIVE_LENGTH_MEASURE(0.1),#13972);
#14262 = DRAUGHTING_PRE_DEFINED_CURVE_FONT('continuous');
#14263 = STYLED_ITEM('color',(#14264),#3037);
#14264 = PRESENTATION_STYLE_ASSIGNMENT((#14265,#14270));
#14265 = SURFACE_STYLE_USAGE(.BOTH.,#14266);
#14266 = SURFACE_SIDE_STYLE('',(#14267));
#14267 = SURFACE_STYLE_FILL_AREA(#14268);
#14268 = FILL_AREA_STYLE('',(#14269));
#14269 = FILL_AREA_STYLE_COLOUR('',#13773);
#14270 = CURVE_STYLE('',#14271,POSITIVE_LENGTH_MEASURE(0.1),#13773);
#14271 = DRAUGHTING_PRE_DEFINED_CURVE_FONT('continuous');
#14272 = STYLED_ITEM('color',(#14273),#3068);
#14273 = PRESENTATION_STYLE_ASSIGNMENT((#14274,#14279));
#14274 = SURFACE_STYLE_USAGE(.BOTH.,#14275);
#14275 = SURFACE_SIDE_STYLE('',(#14276));
#14276 = SURFACE_STYLE_FILL_AREA(#14277);
#14277 = FILL_AREA_STYLE('',(#14278));
#14278 = FILL_AREA_STYLE_COLOUR('',#13972);
#14279 = CURVE_STYLE('',#14280,POSITIVE_LENGTH_MEASURE(0.1),#13972);
#14280 = DRAUGHTING_PRE_DEFINED_CURVE_FONT('continuous');
#14281 = STYLED_ITEM('color',(#14282),#3099);
#14282 = PRESENTATION_STYLE_ASSIGNMENT((#14283,#14288));
#14283 = SURFACE_STYLE_USAGE(.BOTH.,#14284);
#14284 = SURFACE_SIDE_STYLE('',(#14285));
#14285 = SURFACE_STYLE_FILL_AREA(#14286);
#14286 = FILL_AREA_STYLE('',(#14287));
#14287 = FILL_AREA_STYLE_COLOUR('',#13773);
#14288 = CURVE_STYLE('',#14289,POSITIVE_LENGTH_MEASURE(0.1),#13773);
#14289 = DRAUGHTING_PRE_DEFINED_CURVE_FONT('continuous');
#14290 = STYLED_ITEM('color',(#14291),#3130);
#14291 = PRESENTATION_STYLE_ASSIGNMENT((#14292,#14297));
#14292 = SURFACE_STYLE_USAGE(.BOTH.,#14293);
#14293 = SURFACE_SIDE_STYLE('',(#14294));
#14294 = SURFACE_STYLE_FILL_AREA(#14295);
#14295 = FILL_AREA_STYLE('',(#14296));
#14296 = FILL_AREA_STYLE_COLOUR('',#13972);
#14297 = CURVE_STYLE('',#14298,POSITIVE_LENGTH_MEASURE(0.1),#13972);
#14298 = DRAUGHTING_PRE_DEFINED_CURVE_FONT('continuous');
#14299 = STYLED_ITEM('color',(#14300),#3161);
#14300 = PRESENTATION_STYLE_ASSIGNMENT((#14301,#14306));
#14301 = SURFACE_STYLE_USAGE(.BOTH.,#14302);
#14302 = SURFACE_SIDE_STYLE('',(#14303));
#14303 = SURFACE_STYLE_FILL_AREA(#14304);
#14304 = FILL_AREA_STYLE('',(#14305));
#14305 = FILL_AREA_STYLE_COLOUR('',#13773);
#14306 = CURVE_STYLE('',#14307,POSITIVE_LENGTH_MEASURE(0.1),#13773);
#14307 = DRAUGHTING_PRE_DEFINED_CURVE_FONT('continuous');
#14308 = STYLED_ITEM('color',(#14309),#3192);
#14309 = PRESENTATION_STYLE_ASSIGNMENT((#14310,#14315));
#14310 = SURFACE_STYLE_USAGE(.BOTH.,#14311);
#14311 = SURFACE_SIDE_STYLE('',(#14312));
#14312 = SURFACE_STYLE_FILL_AREA(#14313);
#14313 = FILL_AREA_STYLE('',(#14314));
#14314 = FILL_AREA_STYLE_COLOUR('',#13972);
#14315 = CURVE_STYLE('',#14316,POSITIVE_LENGTH_MEASURE(0.1),#13972);
#14316 = DRAUGHTING_PRE_DEFINED_CURVE_FONT('continuous');
#14317 = STYLED_ITEM('color',(#14318),#3223);
#14318 = PRESENTATION_STYLE_ASSIGNMENT((#14319,#14324));
#14319 = SURFACE_STYLE_USAGE(.BOTH.,#14320);
#14320 = SURFACE_SIDE_STYLE('',(#14321));
#14321 = SURFACE_STYLE_FILL_AREA(#14322);
#14322 = FILL_AREA_STYLE('',(#14323));
#14323 = FILL_AREA_STYLE_COLOUR('',#13773);
#14324 = CURVE_STYLE('',#14325,POSITIVE_LENGTH_MEASURE(0.1),#13773);
#14325 = DRAUGHTING_PRE_DEFINED_CURVE_FONT('continuous');
#14326 = STYLED_ITEM('color',(#14327),#3254);
#14327 = PRESENTATION_STYLE_ASSIGNMENT((#14328,#14333));
#14328 = SURFACE_STYLE_USAGE(.BOTH.,#14329);
#14329 = SURFACE_SIDE_STYLE('',(#14330));
#14330 = SURFACE_STYLE_FILL_AREA(#14331);
#14331 = FILL_AREA_STYLE('',(#14332));
#14332 = FILL_AREA_STYLE_COLOUR('',#13972);
#14333 = CURVE_STYLE('',#14334,POSITIVE_LENGTH_MEASURE(0.1),#13972);
#14334 = DRAUGHTING_PRE_DEFINED_CURVE_FONT('continuous');
#14335 = STYLED_ITEM('color',(#14336),#3285);
#14336 = PRESENTATION_STYLE_ASSIGNMENT((#14337,#14342));
#14337 = SURFACE_STYLE_USAGE(.BOTH.,#14338);
#14338 = SURFACE_SIDE_STYLE('',(#14339));
#14339 = SURFACE_STYLE_FILL_AREA(#14340);
#14340 = FILL_AREA_STYLE('',(#14341));
#14341 = FILL_AREA_STYLE_COLOUR('',#13773);
#14342 = CURVE_STYLE('',#14343,POSITIVE_LENGTH_MEASURE(0.1),#13773);
#14343 = DRAUGHTING_PRE_DEFINED_CURVE_FONT('continuous');
#14344 = STYLED_ITEM('color',(#14345),#3316);
#14345 = PRESENTATION_STYLE_ASSIGNMENT((#14346,#14351));
#14346 = SURFACE_STYLE_USAGE(.BOTH.,#14347);
#14347 = SURFACE_SIDE_STYLE('',(#14348));
#14348 = SURFACE_STYLE_FILL_AREA(#14349);
#14349 = FILL_AREA_STYLE('',(#14350));
#14350 = FILL_AREA_STYLE_COLOUR('',#13972);
#14351 = CURVE_STYLE('',#14352,POSITIVE_LENGTH_MEASURE(0.1),#13972);
#14352 = DRAUGHTING_PRE_DEFINED_CURVE_FONT('continuous');
#14353 = STYLED_ITEM('color',(#14354),#3346);
#14354 = PRESENTATION_STYLE_ASSIGNMENT((#14355,#14360));
#14355 = SURFACE_STYLE_USAGE(.BOTH.,#14356);
#14356 = SURFACE_SIDE_STYLE('',(#14357));
#14357 = SURFACE_STYLE_FILL_AREA(#14358);
#14358 = FILL_AREA_STYLE('',(#14359));
#14359 = FILL_AREA_STYLE_COLOUR('',#13972);
#14360 = CURVE_STYLE('',#14361,POSITIVE_LENGTH_MEASURE(0.1),#13972);
#14361 = DRAUGHTING_PRE_DEFINED_CURVE_FONT('continuous');
#14362 = STYLED_ITEM('color',(#14363),#3369);
#14363 = PRESENTATION_STYLE_ASSIGNMENT((#14364,#14369));
#14364 = SURFACE_STYLE_USAGE(.BOTH.,#14365);
#14365 = SURFACE_SIDE_STYLE('',(#14366));
#14366 = SURFACE_STYLE_FILL_AREA(#14367);
#14367 = FILL_AREA_STYLE('',(#14368));
#14368 = FILL_AREA_STYLE_COLOUR('',#13972);
#14369 = CURVE_STYLE('',#14370,POSITIVE_LENGTH_MEASURE(0.1),#13972);
#14370 = DRAUGHTING_PRE_DEFINED_CURVE_FONT('continuous');
#14371 = STYLED_ITEM('color',(#14372),#3392);
#14372 = PRESENTATION_STYLE_ASSIGNMENT((#14373,#14378));
#14373 = SURFACE_STYLE_USAGE(.BOTH.,#14374);
#14374 = SURFACE_SIDE_STYLE('',(#14375));
#14375 = SURFACE_STYLE_FILL_AREA(#14376);
#14376 = FILL_AREA_STYLE('',(#14377));
#14377 = FILL_AREA_STYLE_COLOUR('',#13972);
#14378 = CURVE_STYLE('',#14379,POSITIVE_LENGTH_MEASURE(0.1),#13972);
#14379 = DRAUGHTING_PRE_DEFINED_CURVE_FONT('continuous');
#14380 = STYLED_ITEM('color',(#14381),#3409);
#14381 = PRESENTATION_STYLE_ASSIGNMENT((#14382,#14387));
#14382 = SURFACE_STYLE_USAGE(.BOTH.,#14383);
#14383 = SURFACE_SIDE_STYLE('',(#14384));
#14384 = SURFACE_STYLE_FILL_AREA(#14385);
#14385 = FILL_AREA_STYLE('',(#14386));
#14386 = FILL_AREA_STYLE_COLOUR('',#13773);
#14387 = CURVE_STYLE('',#14388,POSITIVE_LENGTH_MEASURE(0.1),#13773);
#14388 = DRAUGHTING_PRE_DEFINED_CURVE_FONT('continuous');
#14389 = STYLED_ITEM('color',(#14390),#3454);
#14390 = PRESENTATION_STYLE_ASSIGNMENT((#14391,#14396));
#14391 = SURFACE_STYLE_USAGE(.BOTH.,#14392);
#14392 = SURFACE_SIDE_STYLE('',(#14393));
#14393 = SURFACE_STYLE_FILL_AREA(#14394);
#14394 = FILL_AREA_STYLE('',(#14395));
#14395 = FILL_AREA_STYLE_COLOUR('',#13972);
#14396 = CURVE_STYLE('',#14397,POSITIVE_LENGTH_MEASURE(0.1),#13972);
#14397 = DRAUGHTING_PRE_DEFINED_CURVE_FONT('continuous');
#14398 = STYLED_ITEM('color',(#14399),#3588);
#14399 = PRESENTATION_STYLE_ASSIGNMENT((#14400,#14405));
#14400 = SURFACE_STYLE_USAGE(.BOTH.,#14401);
#14401 = SURFACE_SIDE_STYLE('',(#14402));
#14402 = SURFACE_STYLE_FILL_AREA(#14403);
#14403 = FILL_AREA_STYLE('',(#14404));
#14404 = FILL_AREA_STYLE_COLOUR('',#13972);
#14405 = CURVE_STYLE('',#14406,POSITIVE_LENGTH_MEASURE(0.1),#13972);
#14406 = DRAUGHTING_PRE_DEFINED_CURVE_FONT('continuous');
#14407 = STYLED_ITEM('color',(#14408),#3611);
#14408 = PRESENTATION_STYLE_ASSIGNMENT((#14409,#14414));
#14409 = SURFACE_STYLE_USAGE(.BOTH.,#14410);
#14410 = SURFACE_SIDE_STYLE('',(#14411));
#14411 = SURFACE_STYLE_FILL_AREA(#14412);
#14412 = FILL_AREA_STYLE('',(#14413));
#14413 = FILL_AREA_STYLE_COLOUR('',#13972);
#14414 = CURVE_STYLE('',#14415,POSITIVE_LENGTH_MEASURE(0.1),#13972);
#14415 = DRAUGHTING_PRE_DEFINED_CURVE_FONT('continuous');
#14416 = STYLED_ITEM('color',(#14417),#3634);
#14417 = PRESENTATION_STYLE_ASSIGNMENT((#14418,#14423));
#14418 = SURFACE_STYLE_USAGE(.BOTH.,#14419);
#14419 = SURFACE_SIDE_STYLE('',(#14420));
#14420 = SURFACE_STYLE_FILL_AREA(#14421);
#14421 = FILL_AREA_STYLE('',(#14422));
#14422 = FILL_AREA_STYLE_COLOUR('',#13972);
#14423 = CURVE_STYLE('',#14424,POSITIVE_LENGTH_MEASURE(0.1),#13972);
#14424 = DRAUGHTING_PRE_DEFINED_CURVE_FONT('continuous');
#14425 = STYLED_ITEM('color',(#14426),#3657);
#14426 = PRESENTATION_STYLE_ASSIGNMENT((#14427,#14432));
#14427 = SURFACE_STYLE_USAGE(.BOTH.,#14428);
#14428 = SURFACE_SIDE_STYLE('',(#14429));
#14429 = SURFACE_STYLE_FILL_AREA(#14430);
#14430 = FILL_AREA_STYLE('',(#14431));
#14431 = FILL_AREA_STYLE_COLOUR('',#13972);
#14432 = CURVE_STYLE('',#14433,POSITIVE_LENGTH_MEASURE(0.1),#13972);
#14433 = DRAUGHTING_PRE_DEFINED_CURVE_FONT('continuous');
#14434 = STYLED_ITEM('color',(#14435),#3792);
#14435 = PRESENTATION_STYLE_ASSIGNMENT((#14436,#14441));
#14436 = SURFACE_STYLE_USAGE(.BOTH.,#14437);
#14437 = SURFACE_SIDE_STYLE('',(#14438));
#14438 = SURFACE_STYLE_FILL_AREA(#14439);
#14439 = FILL_AREA_STYLE('',(#14440));
#14440 = FILL_AREA_STYLE_COLOUR('',#13773);
#14441 = CURVE_STYLE('',#14442,POSITIVE_LENGTH_MEASURE(0.1),#13773);
#14442 = DRAUGHTING_PRE_DEFINED_CURVE_FONT('continuous');
#14443 = STYLED_ITEM('color',(#14444),#3830);
#14444 = PRESENTATION_STYLE_ASSIGNMENT((#14445,#14450));
#14445 = SURFACE_STYLE_USAGE(.BOTH.,#14446);
#14446 = SURFACE_SIDE_STYLE('',(#14447));
#14447 = SURFACE_STYLE_FILL_AREA(#14448);
#14448 = FILL_AREA_STYLE('',(#14449));
#14449 = FILL_AREA_STYLE_COLOUR('',#13972);
#14450 = CURVE_STYLE('',#14451,POSITIVE_LENGTH_MEASURE(0.1),#13972);
#14451 = DRAUGHTING_PRE_DEFINED_CURVE_FONT('continuous');
#14452 = STYLED_ITEM('color',(#14453),#3879);
#14453 = PRESENTATION_STYLE_ASSIGNMENT((#14454,#14459));
#14454 = SURFACE_STYLE_USAGE(.BOTH.,#14455);
#14455 = SURFACE_SIDE_STYLE('',(#14456));
#14456 = SURFACE_STYLE_FILL_AREA(#14457);
#14457 = FILL_AREA_STYLE('',(#14458));
#14458 = FILL_AREA_STYLE_COLOUR('',#13773);
#14459 = CURVE_STYLE('',#14460,POSITIVE_LENGTH_MEASURE(0.1),#13773);
#14460 = DRAUGHTING_PRE_DEFINED_CURVE_FONT('continuous');
#14461 = STYLED_ITEM('color',(#14462),#3971);
#14462 = PRESENTATION_STYLE_ASSIGNMENT((#14463,#14468));
#14463 = SURFACE_STYLE_USAGE(.BOTH.,#14464);
#14464 = SURFACE_SIDE_STYLE('',(#14465));
#14465 = SURFACE_STYLE_FILL_AREA(#14466);
#14466 = FILL_AREA_STYLE('',(#14467));
#14467 = FILL_AREA_STYLE_COLOUR('',#13773);
#14468 = CURVE_STYLE('',#14469,POSITIVE_LENGTH_MEASURE(0.1),#13773);
#14469 = DRAUGHTING_PRE_DEFINED_CURVE_FONT('continuous');
#14470 = STYLED_ITEM('color',(#14471),#3996);
#14471 = PRESENTATION_STYLE_ASSIGNMENT((#14472,#14477));
#14472 = SURFACE_STYLE_USAGE(.BOTH.,#14473);
#14473 = SURFACE_SIDE_STYLE('',(#14474));
#14474 = SURFACE_STYLE_FILL_AREA(#14475);
#14475 = FILL_AREA_STYLE('',(#14476));
#14476 = FILL_AREA_STYLE_COLOUR('',#13773);
#14477 = CURVE_STYLE('',#14478,POSITIVE_LENGTH_MEASURE(0.1),#13773);
#14478 = DRAUGHTING_PRE_DEFINED_CURVE_FONT('continuous');
#14479 = STYLED_ITEM('color',(#14480),#4080);
#14480 = PRESENTATION_STYLE_ASSIGNMENT((#14481,#14486));
#14481 = SURFACE_STYLE_USAGE(.BOTH.,#14482);
#14482 = SURFACE_SIDE_STYLE('',(#14483));
#14483 = SURFACE_STYLE_FILL_AREA(#14484);
#14484 = FILL_AREA_STYLE('',(#14485));
#14485 = FILL_AREA_STYLE_COLOUR('',#13972);
#14486 = CURVE_STYLE('',#14487,POSITIVE_LENGTH_MEASURE(0.1),#13972);
#14487 = DRAUGHTING_PRE_DEFINED_CURVE_FONT('continuous');
#14488 = STYLED_ITEM('color',(#14489),#4102);
#14489 = PRESENTATION_STYLE_ASSIGNMENT((#14490,#14495));
#14490 = SURFACE_STYLE_USAGE(.BOTH.,#14491);
#14491 = SURFACE_SIDE_STYLE('',(#14492));
#14492 = SURFACE_STYLE_FILL_AREA(#14493);
#14493 = FILL_AREA_STYLE('',(#14494));
#14494 = FILL_AREA_STYLE_COLOUR('',#13773);
#14495 = CURVE_STYLE('',#14496,POSITIVE_LENGTH_MEASURE(0.1),#13773);
#14496 = DRAUGHTING_PRE_DEFINED_CURVE_FONT('continuous');
#14497 = STYLED_ITEM('color',(#14498),#4194);
#14498 = PRESENTATION_STYLE_ASSIGNMENT((#14499,#14504));
#14499 = SURFACE_STYLE_USAGE(.BOTH.,#14500);
#14500 = SURFACE_SIDE_STYLE('',(#14501));
#14501 = SURFACE_STYLE_FILL_AREA(#14502);
#14502 = FILL_AREA_STYLE('',(#14503));
#14503 = FILL_AREA_STYLE_COLOUR('',#13773);
#14504 = CURVE_STYLE('',#14505,POSITIVE_LENGTH_MEASURE(0.1),#13773);
#14505 = DRAUGHTING_PRE_DEFINED_CURVE_FONT('continuous');
#14506 = STYLED_ITEM('color',(#14507),#4219);
#14507 = PRESENTATION_STYLE_ASSIGNMENT((#14508,#14513));
#14508 = SURFACE_STYLE_USAGE(.BOTH.,#14509);
#14509 = SURFACE_SIDE_STYLE('',(#14510));
#14510 = SURFACE_STYLE_FILL_AREA(#14511);
#14511 = FILL_AREA_STYLE('',(#14512));
#14512 = FILL_AREA_STYLE_COLOUR('',#13773);
#14513 = CURVE_STYLE('',#14514,POSITIVE_LENGTH_MEASURE(0.1),#13773);
#14514 = DRAUGHTING_PRE_DEFINED_CURVE_FONT('continuous');
#14515 = STYLED_ITEM('color',(#14516),#4303);
#14516 = PRESENTATION_STYLE_ASSIGNMENT((#14517,#14522));
#14517 = SURFACE_STYLE_USAGE(.BOTH.,#14518);
#14518 = SURFACE_SIDE_STYLE('',(#14519));
#14519 = SURFACE_STYLE_FILL_AREA(#14520);
#14520 = FILL_AREA_STYLE('',(#14521));
#14521 = FILL_AREA_STYLE_COLOUR('',#13972);
#14522 = CURVE_STYLE('',#14523,POSITIVE_LENGTH_MEASURE(0.1),#13972);
#14523 = DRAUGHTING_PRE_DEFINED_CURVE_FONT('continuous');
#14524 = STYLED_ITEM('color',(#14525),#4325);
#14525 = PRESENTATION_STYLE_ASSIGNMENT((#14526,#14531));
#14526 = SURFACE_STYLE_USAGE(.BOTH.,#14527);
#14527 = SURFACE_SIDE_STYLE('',(#14528));
#14528 = SURFACE_STYLE_FILL_AREA(#14529);
#14529 = FILL_AREA_STYLE('',(#14530));
#14530 = FILL_AREA_STYLE_COLOUR('',#13773);
#14531 = CURVE_STYLE('',#14532,POSITIVE_LENGTH_MEASURE(0.1),#13773);
#14532 = DRAUGHTING_PRE_DEFINED_CURVE_FONT('continuous');
#14533 = STYLED_ITEM('color',(#14534),#4417);
#14534 = PRESENTATION_STYLE_ASSIGNMENT((#14535,#14540));
#14535 = SURFACE_STYLE_USAGE(.BOTH.,#14536);
#14536 = SURFACE_SIDE_STYLE('',(#14537));
#14537 = SURFACE_STYLE_FILL_AREA(#14538);
#14538 = FILL_AREA_STYLE('',(#14539));
#14539 = FILL_AREA_STYLE_COLOUR('',#13773);
#14540 = CURVE_STYLE('',#14541,POSITIVE_LENGTH_MEASURE(0.1),#13773);
#14541 = DRAUGHTING_PRE_DEFINED_CURVE_FONT('continuous');
#14542 = STYLED_ITEM('color',(#14543),#4442);
#14543 = PRESENTATION_STYLE_ASSIGNMENT((#14544,#14549));
#14544 = SURFACE_STYLE_USAGE(.BOTH.,#14545);
#14545 = SURFACE_SIDE_STYLE('',(#14546));
#14546 = SURFACE_STYLE_FILL_AREA(#14547);
#14547 = FILL_AREA_STYLE('',(#14548));
#14548 = FILL_AREA_STYLE_COLOUR('',#13773);
#14549 = CURVE_STYLE('',#14550,POSITIVE_LENGTH_MEASURE(0.1),#13773);
#14550 = DRAUGHTING_PRE_DEFINED_CURVE_FONT('continuous');
#14551 = STYLED_ITEM('color',(#14552),#4526);
#14552 = PRESENTATION_STYLE_ASSIGNMENT((#14553,#14558));
#14553 = SURFACE_STYLE_USAGE(.BOTH.,#14554);
#14554 = SURFACE_SIDE_STYLE('',(#14555));
#14555 = SURFACE_STYLE_FILL_AREA(#14556);
#14556 = FILL_AREA_STYLE('',(#14557));
#14557 = FILL_AREA_STYLE_COLOUR('',#13972);
#14558 = CURVE_STYLE('',#14559,POSITIVE_LENGTH_MEASURE(0.1),#13972);
#14559 = DRAUGHTING_PRE_DEFINED_CURVE_FONT('continuous');
#14560 = STYLED_ITEM('color',(#14561),#4548);
#14561 = PRESENTATION_STYLE_ASSIGNMENT((#14562,#14567));
#14562 = SURFACE_STYLE_USAGE(.BOTH.,#14563);
#14563 = SURFACE_SIDE_STYLE('',(#14564));
#14564 = SURFACE_STYLE_FILL_AREA(#14565);
#14565 = FILL_AREA_STYLE('',(#14566));
#14566 = FILL_AREA_STYLE_COLOUR('',#13773);
#14567 = CURVE_STYLE('',#14568,POSITIVE_LENGTH_MEASURE(0.1),#13773);
#14568 = DRAUGHTING_PRE_DEFINED_CURVE_FONT('continuous');
#14569 = STYLED_ITEM('color',(#14570),#4640);
#14570 = PRESENTATION_STYLE_ASSIGNMENT((#14571,#14576));
#14571 = SURFACE_STYLE_USAGE(.BOTH.,#14572);
#14572 = SURFACE_SIDE_STYLE('',(#14573));
#14573 = SURFACE_STYLE_FILL_AREA(#14574);
#14574 = FILL_AREA_STYLE('',(#14575));
#14575 = FILL_AREA_STYLE_COLOUR('',#13773);
#14576 = CURVE_STYLE('',#14577,POSITIVE_LENGTH_MEASURE(0.1),#13773);
#14577 = DRAUGHTING_PRE_DEFINED_CURVE_FONT('continuous');
#14578 = STYLED_ITEM('color',(#14579),#4665);
#14579 = PRESENTATION_STYLE_ASSIGNMENT((#14580,#14585));
#14580 = SURFACE_STYLE_USAGE(.BOTH.,#14581);
#14581 = SURFACE_SIDE_STYLE('',(#14582));
#14582 = SURFACE_STYLE_FILL_AREA(#14583);
#14583 = FILL_AREA_STYLE('',(#14584));
#14584 = FILL_AREA_STYLE_COLOUR('',#13773);
#14585 = CURVE_STYLE('',#14586,POSITIVE_LENGTH_MEASURE(0.1),#13773);
#14586 = DRAUGHTING_PRE_DEFINED_CURVE_FONT('continuous');
#14587 = STYLED_ITEM('color',(#14588),#4749);
#14588 = PRESENTATION_STYLE_ASSIGNMENT((#14589,#14594));
#14589 = SURFACE_STYLE_USAGE(.BOTH.,#14590);
#14590 = SURFACE_SIDE_STYLE('',(#14591));
#14591 = SURFACE_STYLE_FILL_AREA(#14592);
#14592 = FILL_AREA_STYLE('',(#14593));
#14593 = FILL_AREA_STYLE_COLOUR('',#13972);
#14594 = CURVE_STYLE('',#14595,POSITIVE_LENGTH_MEASURE(0.1),#13972);
#14595 = DRAUGHTING_PRE_DEFINED_CURVE_FONT('continuous');
#14596 = STYLED_ITEM('color',(#14597),#4771);
#14597 = PRESENTATION_STYLE_ASSIGNMENT((#14598,#14603));
#14598 = SURFACE_STYLE_USAGE(.BOTH.,#14599);
#14599 = SURFACE_SIDE_STYLE('',(#14600));
#14600 = SURFACE_STYLE_FILL_AREA(#14601);
#14601 = FILL_AREA_STYLE('',(#14602));
#14602 = FILL_AREA_STYLE_COLOUR('',#13773);
#14603 = CURVE_STYLE('',#14604,POSITIVE_LENGTH_MEASURE(0.1),#13773);
#14604 = DRAUGHTING_PRE_DEFINED_CURVE_FONT('continuous');
#14605 = STYLED_ITEM('color',(#14606),#4863);
#14606 = PRESENTATION_STYLE_ASSIGNMENT((#14607,#14612));
#14607 = SURFACE_STYLE_USAGE(.BOTH.,#14608);
#14608 = SURFACE_SIDE_STYLE('',(#14609));
#14609 = SURFACE_STYLE_FILL_AREA(#14610);
#14610 = FILL_AREA_STYLE('',(#14611));
#14611 = FILL_AREA_STYLE_COLOUR('',#13773);
#14612 = CURVE_STYLE('',#14613,POSITIVE_LENGTH_MEASURE(0.1),#13773);
#14613 = DRAUGHTING_PRE_DEFINED_CURVE_FONT('continuous');
#14614 = STYLED_ITEM('color',(#14615),#4888);
#14615 = PRESENTATION_STYLE_ASSIGNMENT((#14616,#14621));
#14616 = SURFACE_STYLE_USAGE(.BOTH.,#14617);
#14617 = SURFACE_SIDE_STYLE('',(#14618));
#14618 = SURFACE_STYLE_FILL_AREA(#14619);
#14619 = FILL_AREA_STYLE('',(#14620));
#14620 = FILL_AREA_STYLE_COLOUR('',#13773);
#14621 = CURVE_STYLE('',#14622,POSITIVE_LENGTH_MEASURE(0.1),#13773);
#14622 = DRAUGHTING_PRE_DEFINED_CURVE_FONT('continuous');
#14623 = STYLED_ITEM('color',(#14624),#4972);
#14624 = PRESENTATION_STYLE_ASSIGNMENT((#14625,#14630));
#14625 = SURFACE_STYLE_USAGE(.BOTH.,#14626);
#14626 = SURFACE_SIDE_STYLE('',(#14627));
#14627 = SURFACE_STYLE_FILL_AREA(#14628);
#14628 = FILL_AREA_STYLE('',(#14629));
#14629 = FILL_AREA_STYLE_COLOUR('',#13972);
#14630 = CURVE_STYLE('',#14631,POSITIVE_LENGTH_MEASURE(0.1),#13972);
#14631 = DRAUGHTING_PRE_DEFINED_CURVE_FONT('continuous');
#14632 = STYLED_ITEM('color',(#14633),#4994);
#14633 = PRESENTATION_STYLE_ASSIGNMENT((#14634,#14639));
#14634 = SURFACE_STYLE_USAGE(.BOTH.,#14635);
#14635 = SURFACE_SIDE_STYLE('',(#14636));
#14636 = SURFACE_STYLE_FILL_AREA(#14637);
#14637 = FILL_AREA_STYLE('',(#14638));
#14638 = FILL_AREA_STYLE_COLOUR('',#13773);
#14639 = CURVE_STYLE('',#14640,POSITIVE_LENGTH_MEASURE(0.1),#13773);
#14640 = DRAUGHTING_PRE_DEFINED_CURVE_FONT('continuous');
#14641 = STYLED_ITEM('color',(#14642),#5086);
#14642 = PRESENTATION_STYLE_ASSIGNMENT((#14643,#14648));
#14643 = SURFACE_STYLE_USAGE(.BOTH.,#14644);
#14644 = SURFACE_SIDE_STYLE('',(#14645));
#14645 = SURFACE_STYLE_FILL_AREA(#14646);
#14646 = FILL_AREA_STYLE('',(#14647));
#14647 = FILL_AREA_STYLE_COLOUR('',#13773);
#14648 = CURVE_STYLE('',#14649,POSITIVE_LENGTH_MEASURE(0.1),#13773);
#14649 = DRAUGHTING_PRE_DEFINED_CURVE_FONT('continuous');
#14650 = STYLED_ITEM('color',(#14651),#5111);
#14651 = PRESENTATION_STYLE_ASSIGNMENT((#14652,#14657));
#14652 = SURFACE_STYLE_USAGE(.BOTH.,#14653);
#14653 = SURFACE_SIDE_STYLE('',(#14654));
#14654 = SURFACE_STYLE_FILL_AREA(#14655);
#14655 = FILL_AREA_STYLE('',(#14656));
#14656 = FILL_AREA_STYLE_COLOUR('',#13773);
#14657 = CURVE_STYLE('',#14658,POSITIVE_LENGTH_MEASURE(0.1),#13773);
#14658 = DRAUGHTING_PRE_DEFINED_CURVE_FONT('continuous');
#14659 = STYLED_ITEM('color',(#14660),#5195);
#14660 = PRESENTATION_STYLE_ASSIGNMENT((#14661,#14666));
#14661 = SURFACE_STYLE_USAGE(.BOTH.,#14662);
#14662 = SURFACE_SIDE_STYLE('',(#14663));
#14663 = SURFACE_STYLE_FILL_AREA(#14664);
#14664 = FILL_AREA_STYLE('',(#14665));
#14665 = FILL_AREA_STYLE_COLOUR('',#13972);
#14666 = CURVE_STYLE('',#14667,POSITIVE_LENGTH_MEASURE(0.1),#13972);
#14667 = DRAUGHTING_PRE_DEFINED_CURVE_FONT('continuous');
#14668 = STYLED_ITEM('color',(#14669),#5212);
#14669 = PRESENTATION_STYLE_ASSIGNMENT((#14670,#14675));
#14670 = SURFACE_STYLE_USAGE(.BOTH.,#14671);
#14671 = SURFACE_SIDE_STYLE('',(#14672));
#14672 = SURFACE_STYLE_FILL_AREA(#14673);
#14673 = FILL_AREA_STYLE('',(#14674));
#14674 = FILL_AREA_STYLE_COLOUR('',#13773);
#14675 = CURVE_STYLE('',#14676,POSITIVE_LENGTH_MEASURE(0.1),#13773);
#14676 = DRAUGHTING_PRE_DEFINED_CURVE_FONT('continuous');
#14677 = STYLED_ITEM('color',(#14678),#5297);
#14678 = PRESENTATION_STYLE_ASSIGNMENT((#14679,#14684));
#14679 = SURFACE_STYLE_USAGE(.BOTH.,#14680);
#14680 = SURFACE_SIDE_STYLE('',(#14681));
#14681 = SURFACE_STYLE_FILL_AREA(#14682);
#14682 = FILL_AREA_STYLE('',(#14683));
#14683 = FILL_AREA_STYLE_COLOUR('',#13773);
#14684 = CURVE_STYLE('',#14685,POSITIVE_LENGTH_MEASURE(0.1),#13773);
#14685 = DRAUGHTING_PRE_DEFINED_CURVE_FONT('continuous');
#14686 = STYLED_ITEM('color',(#14687),#5322);
#14687 = PRESENTATION_STYLE_ASSIGNMENT((#14688,#14693));
#14688 = SURFACE_STYLE_USAGE(.BOTH.,#14689);
#14689 = SURFACE_SIDE_STYLE('',(#14690));
#14690 = SURFACE_STYLE_FILL_AREA(#14691);
#14691 = FILL_AREA_STYLE('',(#14692));
#14692 = FILL_AREA_STYLE_COLOUR('',#13773);
#14693 = CURVE_STYLE('',#14694,POSITIVE_LENGTH_MEASURE(0.1),#13773);
#14694 = DRAUGHTING_PRE_DEFINED_CURVE_FONT('continuous');
#14695 = STYLED_ITEM('color',(#14696),#5399);
#14696 = PRESENTATION_STYLE_ASSIGNMENT((#14697,#14702));
#14697 = SURFACE_STYLE_USAGE(.BOTH.,#14698);
#14698 = SURFACE_SIDE_STYLE('',(#14699));
#14699 = SURFACE_STYLE_FILL_AREA(#14700);
#14700 = FILL_AREA_STYLE('',(#14701));
#14701 = FILL_AREA_STYLE_COLOUR('',#13773);
#14702 = CURVE_STYLE('',#14703,POSITIVE_LENGTH_MEASURE(0.1),#13773);
#14703 = DRAUGHTING_PRE_DEFINED_CURVE_FONT('continuous');
#14704 = STYLED_ITEM('color',(#14705),#5484);
#14705 = PRESENTATION_STYLE_ASSIGNMENT((#14706,#14711));
#14706 = SURFACE_STYLE_USAGE(.BOTH.,#14707);
#14707 = SURFACE_SIDE_STYLE('',(#14708));
#14708 = SURFACE_STYLE_FILL_AREA(#14709);
#14709 = FILL_AREA_STYLE('',(#14710));
#14710 = FILL_AREA_STYLE_COLOUR('',#13773);
#14711 = CURVE_STYLE('',#14712,POSITIVE_LENGTH_MEASURE(0.1),#13773);
#14712 = DRAUGHTING_PRE_DEFINED_CURVE_FONT('continuous');
#14713 = STYLED_ITEM('color',(#14714),#5509);
#14714 = PRESENTATION_STYLE_ASSIGNMENT((#14715,#14720));
#14715 = SURFACE_STYLE_USAGE(.BOTH.,#14716);
#14716 = SURFACE_SIDE_STYLE('',(#14717));
#14717 = SURFACE_STYLE_FILL_AREA(#14718);
#14718 = FILL_AREA_STYLE('',(#14719));
#14719 = FILL_AREA_STYLE_COLOUR('',#13773);
#14720 = CURVE_STYLE('',#14721,POSITIVE_LENGTH_MEASURE(0.1),#13773);
#14721 = DRAUGHTING_PRE_DEFINED_CURVE_FONT('continuous');
#14722 = STYLED_ITEM('color',(#14723),#5586);
#14723 = PRESENTATION_STYLE_ASSIGNMENT((#14724,#14729));
#14724 = SURFACE_STYLE_USAGE(.BOTH.,#14725);
#14725 = SURFACE_SIDE_STYLE('',(#14726));
#14726 = SURFACE_STYLE_FILL_AREA(#14727);
#14727 = FILL_AREA_STYLE('',(#14728));
#14728 = FILL_AREA_STYLE_COLOUR('',#13972);
#14729 = CURVE_STYLE('',#14730,POSITIVE_LENGTH_MEASURE(0.1),#13972);
#14730 = DRAUGHTING_PRE_DEFINED_CURVE_FONT('continuous');
#14731 = STYLED_ITEM('color',(#14732),#5603);
#14732 = PRESENTATION_STYLE_ASSIGNMENT((#14733,#14738));
#14733 = SURFACE_STYLE_USAGE(.BOTH.,#14734);
#14734 = SURFACE_SIDE_STYLE('',(#14735));
#14735 = SURFACE_STYLE_FILL_AREA(#14736);
#14736 = FILL_AREA_STYLE('',(#14737));
#14737 = FILL_AREA_STYLE_COLOUR('',#13773);
#14738 = CURVE_STYLE('',#14739,POSITIVE_LENGTH_MEASURE(0.1),#13773);
#14739 = DRAUGHTING_PRE_DEFINED_CURVE_FONT('continuous');
#14740 = STYLED_ITEM('color',(#14741),#5695);
#14741 = PRESENTATION_STYLE_ASSIGNMENT((#14742,#14747));
#14742 = SURFACE_STYLE_USAGE(.BOTH.,#14743);
#14743 = SURFACE_SIDE_STYLE('',(#14744));
#14744 = SURFACE_STYLE_FILL_AREA(#14745);
#14745 = FILL_AREA_STYLE('',(#14746));
#14746 = FILL_AREA_STYLE_COLOUR('',#13773);
#14747 = CURVE_STYLE('',#14748,POSITIVE_LENGTH_MEASURE(0.1),#13773);
#14748 = DRAUGHTING_PRE_DEFINED_CURVE_FONT('continuous');
#14749 = STYLED_ITEM('color',(#14750),#5720);
#14750 = PRESENTATION_STYLE_ASSIGNMENT((#14751,#14756));
#14751 = SURFACE_STYLE_USAGE(.BOTH.,#14752);
#14752 = SURFACE_SIDE_STYLE('',(#14753));
#14753 = SURFACE_STYLE_FILL_AREA(#14754);
#14754 = FILL_AREA_STYLE('',(#14755));
#14755 = FILL_AREA_STYLE_COLOUR('',#13773);
#14756 = CURVE_STYLE('',#14757,POSITIVE_LENGTH_MEASURE(0.1),#13773);
#14757 = DRAUGHTING_PRE_DEFINED_CURVE_FONT('continuous');
#14758 = STYLED_ITEM('color',(#14759),#5804);
#14759 = PRESENTATION_STYLE_ASSIGNMENT((#14760,#14765));
#14760 = SURFACE_STYLE_USAGE(.BOTH.,#14761);
#14761 = SURFACE_SIDE_STYLE('',(#14762));
#14762 = SURFACE_STYLE_FILL_AREA(#14763);
#14763 = FILL_AREA_STYLE('',(#14764));
#14764 = FILL_AREA_STYLE_COLOUR('',#13972);
#14765 = CURVE_STYLE('',#14766,POSITIVE_LENGTH_MEASURE(0.1),#13972);
#14766 = DRAUGHTING_PRE_DEFINED_CURVE_FONT('continuous');
#14767 = STYLED_ITEM('color',(#14768),#5826);
#14768 = PRESENTATION_STYLE_ASSIGNMENT((#14769,#14774));
#14769 = SURFACE_STYLE_USAGE(.BOTH.,#14770);
#14770 = SURFACE_SIDE_STYLE('',(#14771));
#14771 = SURFACE_STYLE_FILL_AREA(#14772);
#14772 = FILL_AREA_STYLE('',(#14773));
#14773 = FILL_AREA_STYLE_COLOUR('',#13773);
#14774 = CURVE_STYLE('',#14775,POSITIVE_LENGTH_MEASURE(0.1),#13773);
#14775 = DRAUGHTING_PRE_DEFINED_CURVE_FONT('continuous');
#14776 = STYLED_ITEM('color',(#14777),#5918);
#14777 = PRESENTATION_STYLE_ASSIGNMENT((#14778,#14783));
#14778 = SURFACE_STYLE_USAGE(.BOTH.,#14779);
#14779 = SURFACE_SIDE_STYLE('',(#14780));
#14780 = SURFACE_STYLE_FILL_AREA(#14781);
#14781 = FILL_AREA_STYLE('',(#14782));
#14782 = FILL_AREA_STYLE_COLOUR('',#13773);
#14783 = CURVE_STYLE('',#14784,POSITIVE_LENGTH_MEASURE(0.1),#13773);
#14784 = DRAUGHTING_PRE_DEFINED_CURVE_FONT('continuous');
#14785 = STYLED_ITEM('color',(#14786),#5943);
#14786 = PRESENTATION_STYLE_ASSIGNMENT((#14787,#14792));
#14787 = SURFACE_STYLE_USAGE(.BOTH.,#14788);
#14788 = SURFACE_SIDE_STYLE('',(#14789));
#14789 = SURFACE_STYLE_FILL_AREA(#14790);
#14790 = FILL_AREA_STYLE('',(#14791));
#14791 = FILL_AREA_STYLE_COLOUR('',#13773);
#14792 = CURVE_STYLE('',#14793,POSITIVE_LENGTH_MEASURE(0.1),#13773);
#14793 = DRAUGHTING_PRE_DEFINED_CURVE_FONT('continuous');
#14794 = STYLED_ITEM('color',(#14795),#6027);
#14795 = PRESENTATION_STYLE_ASSIGNMENT((#14796,#14801));
#14796 = SURFACE_STYLE_USAGE(.BOTH.,#14797);
#14797 = SURFACE_SIDE_STYLE('',(#14798));
#14798 = SURFACE_STYLE_FILL_AREA(#14799);
#14799 = FILL_AREA_STYLE('',(#14800));
#14800 = FILL_AREA_STYLE_COLOUR('',#13972);
#14801 = CURVE_STYLE('',#14802,POSITIVE_LENGTH_MEASURE(0.1),#13972);
#14802 = DRAUGHTING_PRE_DEFINED_CURVE_FONT('continuous');
#14803 = STYLED_ITEM('color',(#14804),#6049);
#14804 = PRESENTATION_STYLE_ASSIGNMENT((#14805,#14810));
#14805 = SURFACE_STYLE_USAGE(.BOTH.,#14806);
#14806 = SURFACE_SIDE_STYLE('',(#14807));
#14807 = SURFACE_STYLE_FILL_AREA(#14808);
#14808 = FILL_AREA_STYLE('',(#14809));
#14809 = FILL_AREA_STYLE_COLOUR('',#13773);
#14810 = CURVE_STYLE('',#14811,POSITIVE_LENGTH_MEASURE(0.1),#13773);
#14811 = DRAUGHTING_PRE_DEFINED_CURVE_FONT('continuous');
#14812 = STYLED_ITEM('color',(#14813),#6141);
#14813 = PRESENTATION_STYLE_ASSIGNMENT((#14814,#14819));
#14814 = SURFACE_STYLE_USAGE(.BOTH.,#14815);
#14815 = SURFACE_SIDE_STYLE('',(#14816));
#14816 = SURFACE_STYLE_FILL_AREA(#14817);
#14817 = FILL_AREA_STYLE('',(#14818));
#14818 = FILL_AREA_STYLE_COLOUR('',#13773);
#14819 = CURVE_STYLE('',#14820,POSITIVE_LENGTH_MEASURE(0.1),#13773);
#14820 = DRAUGHTING_PRE_DEFINED_CURVE_FONT('continuous');
#14821 = STYLED_ITEM('color',(#14822),#6166);
#14822 = PRESENTATION_STYLE_ASSIGNMENT((#14823,#14828));
#14823 = SURFACE_STYLE_USAGE(.BOTH.,#14824);
#14824 = SURFACE_SIDE_STYLE('',(#14825));
#14825 = SURFACE_STYLE_FILL_AREA(#14826);
#14826 = FILL_AREA_STYLE('',(#14827));
#14827 = FILL_AREA_STYLE_COLOUR('',#13773);
#14828 = CURVE_STYLE('',#14829,POSITIVE_LENGTH_MEASURE(0.1),#13773);
#14829 = DRAUGHTING_PRE_DEFINED_CURVE_FONT('continuous');
#14830 = STYLED_ITEM('color',(#14831),#6250);
#14831 = PRESENTATION_STYLE_ASSIGNMENT((#14832,#14837));
#14832 = SURFACE_STYLE_USAGE(.BOTH.,#14833);
#14833 = SURFACE_SIDE_STYLE('',(#14834));
#14834 = SURFACE_STYLE_FILL_AREA(#14835);
#14835 = FILL_AREA_STYLE('',(#14836));
#14836 = FILL_AREA_STYLE_COLOUR('',#13972);
#14837 = CURVE_STYLE('',#14838,POSITIVE_LENGTH_MEASURE(0.1),#13972);
#14838 = DRAUGHTING_PRE_DEFINED_CURVE_FONT('continuous');
#14839 = STYLED_ITEM('color',(#14840),#6272);
#14840 = PRESENTATION_STYLE_ASSIGNMENT((#14841,#14846));
#14841 = SURFACE_STYLE_USAGE(.BOTH.,#14842);
#14842 = SURFACE_SIDE_STYLE('',(#14843));
#14843 = SURFACE_STYLE_FILL_AREA(#14844);
#14844 = FILL_AREA_STYLE('',(#14845));
#14845 = FILL_AREA_STYLE_COLOUR('',#13773);
#14846 = CURVE_STYLE('',#14847,POSITIVE_LENGTH_MEASURE(0.1),#13773);
#14847 = DRAUGHTING_PRE_DEFINED_CURVE_FONT('continuous');
#14848 = STYLED_ITEM('color',(#14849),#6364);
#14849 = PRESENTATION_STYLE_ASSIGNMENT((#14850,#14855));
#14850 = SURFACE_STYLE_USAGE(.BOTH.,#14851);
#14851 = SURFACE_SIDE_STYLE('',(#14852));
#14852 = SURFACE_STYLE_FILL_AREA(#14853);
#14853 = FILL_AREA_STYLE('',(#14854));
#14854 = FILL_AREA_STYLE_COLOUR('',#13773);
#14855 = CURVE_STYLE('',#14856,POSITIVE_LENGTH_MEASURE(0.1),#13773);
#14856 = DRAUGHTING_PRE_DEFINED_CURVE_FONT('continuous');
#14857 = STYLED_ITEM('color',(#14858),#6389);
#14858 = PRESENTATION_STYLE_ASSIGNMENT((#14859,#14864));
#14859 = SURFACE_STYLE_USAGE(.BOTH.,#14860);
#14860 = SURFACE_SIDE_STYLE('',(#14861));
#14861 = SURFACE_STYLE_FILL_AREA(#14862);
#14862 = FILL_AREA_STYLE('',(#14863));
#14863 = FILL_AREA_STYLE_COLOUR('',#13773);
#14864 = CURVE_STYLE('',#14865,POSITIVE_LENGTH_MEASURE(0.1),#13773);
#14865 = DRAUGHTING_PRE_DEFINED_CURVE_FONT('continuous');
#14866 = STYLED_ITEM('color',(#14867),#6473);
#14867 = PRESENTATION_STYLE_ASSIGNMENT((#14868,#14873));
#14868 = SURFACE_STYLE_USAGE(.BOTH.,#14869);
#14869 = SURFACE_SIDE_STYLE('',(#14870));
#14870 = SURFACE_STYLE_FILL_AREA(#14871);
#14871 = FILL_AREA_STYLE('',(#14872));
#14872 = FILL_AREA_STYLE_COLOUR('',#13972);
#14873 = CURVE_STYLE('',#14874,POSITIVE_LENGTH_MEASURE(0.1),#13972);
#14874 = DRAUGHTING_PRE_DEFINED_CURVE_FONT('continuous');
#14875 = STYLED_ITEM('color',(#14876),#6495);
#14876 = PRESENTATION_STYLE_ASSIGNMENT((#14877,#14882));
#14877 = SURFACE_STYLE_USAGE(.BOTH.,#14878);
#14878 = SURFACE_SIDE_STYLE('',(#14879));
#14879 = SURFACE_STYLE_FILL_AREA(#14880);
#14880 = FILL_AREA_STYLE('',(#14881));
#14881 = FILL_AREA_STYLE_COLOUR('',#13773);
#14882 = CURVE_STYLE('',#14883,POSITIVE_LENGTH_MEASURE(0.1),#13773);
#14883 = DRAUGHTING_PRE_DEFINED_CURVE_FONT('continuous');
#14884 = STYLED_ITEM('color',(#14885),#6587);
#14885 = PRESENTATION_STYLE_ASSIGNMENT((#14886,#14891));
#14886 = SURFACE_STYLE_USAGE(.BOTH.,#14887);
#14887 = SURFACE_SIDE_STYLE('',(#14888));
#14888 = SURFACE_STYLE_FILL_AREA(#14889);
#14889 = FILL_AREA_STYLE('',(#14890));
#14890 = FILL_AREA_STYLE_COLOUR('',#13773);
#14891 = CURVE_STYLE('',#14892,POSITIVE_LENGTH_MEASURE(0.1),#13773);
#14892 = DRAUGHTING_PRE_DEFINED_CURVE_FONT('continuous');
#14893 = STYLED_ITEM('color',(#14894),#6612);
#14894 = PRESENTATION_STYLE_ASSIGNMENT((#14895,#14900));
#14895 = SURFACE_STYLE_USAGE(.BOTH.,#14896);
#14896 = SURFACE_SIDE_STYLE('',(#14897));
#14897 = SURFACE_STYLE_FILL_AREA(#14898);
#14898 = FILL_AREA_STYLE('',(#14899));
#14899 = FILL_AREA_STYLE_COLOUR('',#13773);
#14900 = CURVE_STYLE('',#14901,POSITIVE_LENGTH_MEASURE(0.1),#13773);
#14901 = DRAUGHTING_PRE_DEFINED_CURVE_FONT('continuous');
#14902 = STYLED_ITEM('color',(#14903),#6696);
#14903 = PRESENTATION_STYLE_ASSIGNMENT((#14904,#14909));
#14904 = SURFACE_STYLE_USAGE(.BOTH.,#14905);
#14905 = SURFACE_SIDE_STYLE('',(#14906));
#14906 = SURFACE_STYLE_FILL_AREA(#14907);
#14907 = FILL_AREA_STYLE('',(#14908));
#14908 = FILL_AREA_STYLE_COLOUR('',#13972);
#14909 = CURVE_STYLE('',#14910,POSITIVE_LENGTH_MEASURE(0.1),#13972);
#14910 = DRAUGHTING_PRE_DEFINED_CURVE_FONT('continuous');
#14911 = STYLED_ITEM('color',(#14912),#6718);
#14912 = PRESENTATION_STYLE_ASSIGNMENT((#14913,#14918));
#14913 = SURFACE_STYLE_USAGE(.BOTH.,#14914);
#14914 = SURFACE_SIDE_STYLE('',(#14915));
#14915 = SURFACE_STYLE_FILL_AREA(#14916);
#14916 = FILL_AREA_STYLE('',(#14917));
#14917 = FILL_AREA_STYLE_COLOUR('',#13773);
#14918 = CURVE_STYLE('',#14919,POSITIVE_LENGTH_MEASURE(0.1),#13773);
#14919 = DRAUGHTING_PRE_DEFINED_CURVE_FONT('continuous');
#14920 = STYLED_ITEM('color',(#14921),#6810);
#14921 = PRESENTATION_STYLE_ASSIGNMENT((#14922,#14927));
#14922 = SURFACE_STYLE_USAGE(.BOTH.,#14923);
#14923 = SURFACE_SIDE_STYLE('',(#14924));
#14924 = SURFACE_STYLE_FILL_AREA(#14925);
#14925 = FILL_AREA_STYLE('',(#14926));
#14926 = FILL_AREA_STYLE_COLOUR('',#13773);
#14927 = CURVE_STYLE('',#14928,POSITIVE_LENGTH_MEASURE(0.1),#13773);
#14928 = DRAUGHTING_PRE_DEFINED_CURVE_FONT('continuous');
#14929 = STYLED_ITEM('color',(#14930),#6835);
#14930 = PRESENTATION_STYLE_ASSIGNMENT((#14931,#14936));
#14931 = SURFACE_STYLE_USAGE(.BOTH.,#14932);
#14932 = SURFACE_SIDE_STYLE('',(#14933));
#14933 = SURFACE_STYLE_FILL_AREA(#14934);
#14934 = FILL_AREA_STYLE('',(#14935));
#14935 = FILL_AREA_STYLE_COLOUR('',#13773);
#14936 = CURVE_STYLE('',#14937,POSITIVE_LENGTH_MEASURE(0.1),#13773);
#14937 = DRAUGHTING_PRE_DEFINED_CURVE_FONT('continuous');
#14938 = STYLED_ITEM('color',(#14939),#6919);
#14939 = PRESENTATION_STYLE_ASSIGNMENT((#14940,#14945));
#14940 = SURFACE_STYLE_USAGE(.BOTH.,#14941);
#14941 = SURFACE_SIDE_STYLE('',(#14942));
#14942 = SURFACE_STYLE_FILL_AREA(#14943);
#14943 = FILL_AREA_STYLE('',(#14944));
#14944 = FILL_AREA_STYLE_COLOUR('',#13773);
#14945 = CURVE_STYLE('',#14946,POSITIVE_LENGTH_MEASURE(0.1),#13773);
#14946 = DRAUGHTING_PRE_DEFINED_CURVE_FONT('continuous');
#14947 = STYLED_ITEM('color',(#14948),#6936);
#14948 = PRESENTATION_STYLE_ASSIGNMENT((#14949,#14954));
#14949 = SURFACE_STYLE_USAGE(.BOTH.,#14950);
#14950 = SURFACE_SIDE_STYLE('',(#14951));
#14951 = SURFACE_STYLE_FILL_AREA(#14952);
#14952 = FILL_AREA_STYLE('',(#14953));
#14953 = FILL_AREA_STYLE_COLOUR('',#13773);
#14954 = CURVE_STYLE('',#14955,POSITIVE_LENGTH_MEASURE(0.1),#13773);
#14955 = DRAUGHTING_PRE_DEFINED_CURVE_FONT('continuous');
#14956 = STYLED_ITEM('color',(#14957),#6955);
#14957 = PRESENTATION_STYLE_ASSIGNMENT((#14958,#14963));
#14958 = SURFACE_STYLE_USAGE(.BOTH.,#14959);
#14959 = SURFACE_SIDE_STYLE('',(#14960));
#14960 = SURFACE_STYLE_FILL_AREA(#14961);
#14961 = FILL_AREA_STYLE('',(#14962));
#14962 = FILL_AREA_STYLE_COLOUR('',#13773);
#14963 = CURVE_STYLE('',#14964,POSITIVE_LENGTH_MEASURE(0.1),#13773);
#14964 = DRAUGHTING_PRE_DEFINED_CURVE_FONT('continuous');
#14965 = STYLED_ITEM('color',(#14966),#6974);
#14966 = PRESENTATION_STYLE_ASSIGNMENT((#14967,#14972));
#14967 = SURFACE_STYLE_USAGE(.BOTH.,#14968);
#14968 = SURFACE_SIDE_STYLE('',(#14969));
#14969 = SURFACE_STYLE_FILL_AREA(#14970);
#14970 = FILL_AREA_STYLE('',(#14971));
#14971 = FILL_AREA_STYLE_COLOUR('',#13773);
#14972 = CURVE_STYLE('',#14973,POSITIVE_LENGTH_MEASURE(0.1),#13773);
#14973 = DRAUGHTING_PRE_DEFINED_CURVE_FONT('continuous');
#14974 = STYLED_ITEM('color',(#14975),#6993);
#14975 = PRESENTATION_STYLE_ASSIGNMENT((#14976,#14981));
#14976 = SURFACE_STYLE_USAGE(.BOTH.,#14977);
#14977 = SURFACE_SIDE_STYLE('',(#14978));
#14978 = SURFACE_STYLE_FILL_AREA(#14979);
#14979 = FILL_AREA_STYLE('',(#14980));
#14980 = FILL_AREA_STYLE_COLOUR('',#13773);
#14981 = CURVE_STYLE('',#14982,POSITIVE_LENGTH_MEASURE(0.1),#13773);
#14982 = DRAUGHTING_PRE_DEFINED_CURVE_FONT('continuous');
#14983 = STYLED_ITEM('color',(#14984),#7012);
#14984 = PRESENTATION_STYLE_ASSIGNMENT((#14985,#14990));
#14985 = SURFACE_STYLE_USAGE(.BOTH.,#14986);
#14986 = SURFACE_SIDE_STYLE('',(#14987));
#14987 = SURFACE_STYLE_FILL_AREA(#14988);
#14988 = FILL_AREA_STYLE('',(#14989));
#14989 = FILL_AREA_STYLE_COLOUR('',#13773);
#14990 = CURVE_STYLE('',#14991,POSITIVE_LENGTH_MEASURE(0.1),#13773);
#14991 = DRAUGHTING_PRE_DEFINED_CURVE_FONT('continuous');
#14992 = STYLED_ITEM('color',(#14993),#7031);
#14993 = PRESENTATION_STYLE_ASSIGNMENT((#14994,#14999));
#14994 = SURFACE_STYLE_USAGE(.BOTH.,#14995);
#14995 = SURFACE_SIDE_STYLE('',(#14996));
#14996 = SURFACE_STYLE_FILL_AREA(#14997);
#14997 = FILL_AREA_STYLE('',(#14998));
#14998 = FILL_AREA_STYLE_COLOUR('',#13773);
#14999 = CURVE_STYLE('',#15000,POSITIVE_LENGTH_MEASURE(0.1),#13773);
#15000 = DRAUGHTING_PRE_DEFINED_CURVE_FONT('continuous');
#15001 = STYLED_ITEM('color',(#15002),#7050);
#15002 = PRESENTATION_STYLE_ASSIGNMENT((#15003,#15008));
#15003 = SURFACE_STYLE_USAGE(.BOTH.,#15004);
#15004 = SURFACE_SIDE_STYLE('',(#15005));
#15005 = SURFACE_STYLE_FILL_AREA(#15006);
#15006 = FILL_AREA_STYLE('',(#15007));
#15007 = FILL_AREA_STYLE_COLOUR('',#13972);
#15008 = CURVE_STYLE('',#15009,POSITIVE_LENGTH_MEASURE(0.1),#13972);
#15009 = DRAUGHTING_PRE_DEFINED_CURVE_FONT('continuous');
#15010 = STYLED_ITEM('color',(#15011),#7096);
#15011 = PRESENTATION_STYLE_ASSIGNMENT((#15012,#15017));
#15012 = SURFACE_STYLE_USAGE(.BOTH.,#15013);
#15013 = SURFACE_SIDE_STYLE('',(#15014));
#15014 = SURFACE_STYLE_FILL_AREA(#15015);
#15015 = FILL_AREA_STYLE('',(#15016));
#15016 = FILL_AREA_STYLE_COLOUR('',#13972);
#15017 = CURVE_STYLE('',#15018,POSITIVE_LENGTH_MEASURE(0.1),#13972);
#15018 = DRAUGHTING_PRE_DEFINED_CURVE_FONT('continuous');
#15019 = STYLED_ITEM('color',(#15020),#7112);
#15020 = PRESENTATION_STYLE_ASSIGNMENT((#15021,#15026));
#15021 = SURFACE_STYLE_USAGE(.BOTH.,#15022);
#15022 = SURFACE_SIDE_STYLE('',(#15023));
#15023 = SURFACE_STYLE_FILL_AREA(#15024);
#15024 = FILL_AREA_STYLE('',(#15025));
#15025 = FILL_AREA_STYLE_COLOUR('',#13773);
#15026 = CURVE_STYLE('',#15027,POSITIVE_LENGTH_MEASURE(0.1),#13773);
#15027 = DRAUGHTING_PRE_DEFINED_CURVE_FONT('continuous');
#15028 = STYLED_ITEM('color',(#15029),#7131);
#15029 = PRESENTATION_STYLE_ASSIGNMENT((#15030,#15035));
#15030 = SURFACE_STYLE_USAGE(.BOTH.,#15031);
#15031 = SURFACE_SIDE_STYLE('',(#15032));
#15032 = SURFACE_STYLE_FILL_AREA(#15033);
#15033 = FILL_AREA_STYLE('',(#15034));
#15034 = FILL_AREA_STYLE_COLOUR('',#13773);
#15035 = CURVE_STYLE('',#15036,POSITIVE_LENGTH_MEASURE(0.1),#13773);
#15036 = DRAUGHTING_PRE_DEFINED_CURVE_FONT('continuous');
#15037 = STYLED_ITEM('color',(#15038),#7150);
#15038 = PRESENTATION_STYLE_ASSIGNMENT((#15039,#15044));
#15039 = SURFACE_STYLE_USAGE(.BOTH.,#15040);
#15040 = SURFACE_SIDE_STYLE('',(#15041));
#15041 = SURFACE_STYLE_FILL_AREA(#15042);
#15042 = FILL_AREA_STYLE('',(#15043));
#15043 = FILL_AREA_STYLE_COLOUR('',#13773);
#15044 = CURVE_STYLE('',#15045,POSITIVE_LENGTH_MEASURE(0.1),#13773);
#15045 = DRAUGHTING_PRE_DEFINED_CURVE_FONT('continuous');
#15046 = STYLED_ITEM('color',(#15047),#7169);
#15047 = PRESENTATION_STYLE_ASSIGNMENT((#15048,#15053));
#15048 = SURFACE_STYLE_USAGE(.BOTH.,#15049);
#15049 = SURFACE_SIDE_STYLE('',(#15050));
#15050 = SURFACE_STYLE_FILL_AREA(#15051);
#15051 = FILL_AREA_STYLE('',(#15052));
#15052 = FILL_AREA_STYLE_COLOUR('',#13773);
#15053 = CURVE_STYLE('',#15054,POSITIVE_LENGTH_MEASURE(0.1),#13773);
#15054 = DRAUGHTING_PRE_DEFINED_CURVE_FONT('continuous');
#15055 = STYLED_ITEM('color',(#15056),#7188);
#15056 = PRESENTATION_STYLE_ASSIGNMENT((#15057,#15062));
#15057 = SURFACE_STYLE_USAGE(.BOTH.,#15058);
#15058 = SURFACE_SIDE_STYLE('',(#15059));
#15059 = SURFACE_STYLE_FILL_AREA(#15060);
#15060 = FILL_AREA_STYLE('',(#15061));
#15061 = FILL_AREA_STYLE_COLOUR('',#13773);
#15062 = CURVE_STYLE('',#15063,POSITIVE_LENGTH_MEASURE(0.1),#13773);
#15063 = DRAUGHTING_PRE_DEFINED_CURVE_FONT('continuous');
#15064 = STYLED_ITEM('color',(#15065),#7207);
#15065 = PRESENTATION_STYLE_ASSIGNMENT((#15066,#15071));
#15066 = SURFACE_STYLE_USAGE(.BOTH.,#15067);
#15067 = SURFACE_SIDE_STYLE('',(#15068));
#15068 = SURFACE_STYLE_FILL_AREA(#15069);
#15069 = FILL_AREA_STYLE('',(#15070));
#15070 = FILL_AREA_STYLE_COLOUR('',#13773);
#15071 = CURVE_STYLE('',#15072,POSITIVE_LENGTH_MEASURE(0.1),#13773);
#15072 = DRAUGHTING_PRE_DEFINED_CURVE_FONT('continuous');
#15073 = STYLED_ITEM('color',(#15074),#7226);
#15074 = PRESENTATION_STYLE_ASSIGNMENT((#15075,#15080));
#15075 = SURFACE_STYLE_USAGE(.BOTH.,#15076);
#15076 = SURFACE_SIDE_STYLE('',(#15077));
#15077 = SURFACE_STYLE_FILL_AREA(#15078);
#15078 = FILL_AREA_STYLE('',(#15079));
#15079 = FILL_AREA_STYLE_COLOUR('',#13972);
#15080 = CURVE_STYLE('',#15081,POSITIVE_LENGTH_MEASURE(0.1),#13972);
#15081 = DRAUGHTING_PRE_DEFINED_CURVE_FONT('continuous');
#15082 = STYLED_ITEM('color',(#15083),#7242);
#15083 = PRESENTATION_STYLE_ASSIGNMENT((#15084,#15089));
#15084 = SURFACE_STYLE_USAGE(.BOTH.,#15085);
#15085 = SURFACE_SIDE_STYLE('',(#15086));
#15086 = SURFACE_STYLE_FILL_AREA(#15087);
#15087 = FILL_AREA_STYLE('',(#15088));
#15088 = FILL_AREA_STYLE_COLOUR('',#13773);
#15089 = CURVE_STYLE('',#15090,POSITIVE_LENGTH_MEASURE(0.1),#13773);
#15090 = DRAUGHTING_PRE_DEFINED_CURVE_FONT('continuous');
#15091 = STYLED_ITEM('color',(#15092),#7259);
#15092 = PRESENTATION_STYLE_ASSIGNMENT((#15093,#15098));
#15093 = SURFACE_STYLE_USAGE(.BOTH.,#15094);
#15094 = SURFACE_SIDE_STYLE('',(#15095));
#15095 = SURFACE_STYLE_FILL_AREA(#15096);
#15096 = FILL_AREA_STYLE('',(#15097));
#15097 = FILL_AREA_STYLE_COLOUR('',#13972);
#15098 = CURVE_STYLE('',#15099,POSITIVE_LENGTH_MEASURE(0.1),#13972);
#15099 = DRAUGHTING_PRE_DEFINED_CURVE_FONT('continuous');
#15100 = STYLED_ITEM('color',(#15101),#7271);
#15101 = PRESENTATION_STYLE_ASSIGNMENT((#15102,#15107));
#15102 = SURFACE_STYLE_USAGE(.BOTH.,#15103);
#15103 = SURFACE_SIDE_STYLE('',(#15104));
#15104 = SURFACE_STYLE_FILL_AREA(#15105);
#15105 = FILL_AREA_STYLE('',(#15106));
#15106 = FILL_AREA_STYLE_COLOUR('',#13773);
#15107 = CURVE_STYLE('',#15108,POSITIVE_LENGTH_MEASURE(0.1),#13773);
#15108 = DRAUGHTING_PRE_DEFINED_CURVE_FONT('continuous');
#15109 = STYLED_ITEM('color',(#15110),#7288);
#15110 = PRESENTATION_STYLE_ASSIGNMENT((#15111,#15116));
#15111 = SURFACE_STYLE_USAGE(.BOTH.,#15112);
#15112 = SURFACE_SIDE_STYLE('',(#15113));
#15113 = SURFACE_STYLE_FILL_AREA(#15114);
#15114 = FILL_AREA_STYLE('',(#15115));
#15115 = FILL_AREA_STYLE_COLOUR('',#13773);
#15116 = CURVE_STYLE('',#15117,POSITIVE_LENGTH_MEASURE(0.1),#13773);
#15117 = DRAUGHTING_PRE_DEFINED_CURVE_FONT('continuous');
#15118 = STYLED_ITEM('color',(#15119),#7305);
#15119 = PRESENTATION_STYLE_ASSIGNMENT((#15120,#15125));
#15120 = SURFACE_STYLE_USAGE(.BOTH.,#15121);
#15121 = SURFACE_SIDE_STYLE('',(#15122));
#15122 = SURFACE_STYLE_FILL_AREA(#15123);
#15123 = FILL_AREA_STYLE('',(#15124));
#15124 = FILL_AREA_STYLE_COLOUR('',#13773);
#15125 = CURVE_STYLE('',#15126,POSITIVE_LENGTH_MEASURE(0.1),#13773);
#15126 = DRAUGHTING_PRE_DEFINED_CURVE_FONT('continuous');
#15127 = STYLED_ITEM('color',(#15128),#7322);
#15128 = PRESENTATION_STYLE_ASSIGNMENT((#15129,#15134));
#15129 = SURFACE_STYLE_USAGE(.BOTH.,#15130);
#15130 = SURFACE_SIDE_STYLE('',(#15131));
#15131 = SURFACE_STYLE_FILL_AREA(#15132);
#15132 = FILL_AREA_STYLE('',(#15133));
#15133 = FILL_AREA_STYLE_COLOUR('',#13773);
#15134 = CURVE_STYLE('',#15135,POSITIVE_LENGTH_MEASURE(0.1),#13773);
#15135 = DRAUGHTING_PRE_DEFINED_CURVE_FONT('continuous');
#15136 = STYLED_ITEM('color',(#15137),#7339);
#15137 = PRESENTATION_STYLE_ASSIGNMENT((#15138,#15143));
#15138 = SURFACE_STYLE_USAGE(.BOTH.,#15139);
#15139 = SURFACE_SIDE_STYLE('',(#15140));
#15140 = SURFACE_STYLE_FILL_AREA(#15141);
#15141 = FILL_AREA_STYLE('',(#15142));
#15142 = FILL_AREA_STYLE_COLOUR('',#13773);
#15143 = CURVE_STYLE('',#15144,POSITIVE_LENGTH_MEASURE(0.1),#13773);
#15144 = DRAUGHTING_PRE_DEFINED_CURVE_FONT('continuous');
#15145 = STYLED_ITEM('color',(#15146),#7356);
#15146 = PRESENTATION_STYLE_ASSIGNMENT((#15147,#15152));
#15147 = SURFACE_STYLE_USAGE(.BOTH.,#15148);
#15148 = SURFACE_SIDE_STYLE('',(#15149));
#15149 = SURFACE_STYLE_FILL_AREA(#15150);
#15150 = FILL_AREA_STYLE('',(#15151));
#15151 = FILL_AREA_STYLE_COLOUR('',#13773);
#15152 = CURVE_STYLE('',#15153,POSITIVE_LENGTH_MEASURE(0.1),#13773);
#15153 = DRAUGHTING_PRE_DEFINED_CURVE_FONT('continuous');
#15154 = STYLED_ITEM('color',(#15155),#7373);
#15155 = PRESENTATION_STYLE_ASSIGNMENT((#15156,#15161));
#15156 = SURFACE_STYLE_USAGE(.BOTH.,#15157);
#15157 = SURFACE_SIDE_STYLE('',(#15158));
#15158 = SURFACE_STYLE_FILL_AREA(#15159);
#15159 = FILL_AREA_STYLE('',(#15160));
#15160 = FILL_AREA_STYLE_COLOUR('',#13773);
#15161 = CURVE_STYLE('',#15162,POSITIVE_LENGTH_MEASURE(0.1),#13773);
#15162 = DRAUGHTING_PRE_DEFINED_CURVE_FONT('continuous');
#15163 = STYLED_ITEM('color',(#15164),#7390);
#15164 = PRESENTATION_STYLE_ASSIGNMENT((#15165,#15170));
#15165 = SURFACE_STYLE_USAGE(.BOTH.,#15166);
#15166 = SURFACE_SIDE_STYLE('',(#15167));
#15167 = SURFACE_STYLE_FILL_AREA(#15168);
#15168 = FILL_AREA_STYLE('',(#15169));
#15169 = FILL_AREA_STYLE_COLOUR('',#13773);
#15170 = CURVE_STYLE('',#15171,POSITIVE_LENGTH_MEASURE(0.1),#13773);
#15171 = DRAUGHTING_PRE_DEFINED_CURVE_FONT('continuous');
#15172 = STYLED_ITEM('color',(#15173),#7402);
#15173 = PRESENTATION_STYLE_ASSIGNMENT((#15174,#15179));
#15174 = SURFACE_STYLE_USAGE(.BOTH.,#15175);
#15175 = SURFACE_SIDE_STYLE('',(#15176));
#15176 = SURFACE_STYLE_FILL_AREA(#15177);
#15177 = FILL_AREA_STYLE('',(#15178));
#15178 = FILL_AREA_STYLE_COLOUR('',#13773);
#15179 = CURVE_STYLE('',#15180,POSITIVE_LENGTH_MEASURE(0.1),#13773);
#15180 = DRAUGHTING_PRE_DEFINED_CURVE_FONT('continuous');
#15181 = STYLED_ITEM('color',(#15182),#7419);
#15182 = PRESENTATION_STYLE_ASSIGNMENT((#15183,#15188));
#15183 = SURFACE_STYLE_USAGE(.BOTH.,#15184);
#15184 = SURFACE_SIDE_STYLE('',(#15185));
#15185 = SURFACE_STYLE_FILL_AREA(#15186);
#15186 = FILL_AREA_STYLE('',(#15187));
#15187 = FILL_AREA_STYLE_COLOUR('',#13773);
#15188 = CURVE_STYLE('',#15189,POSITIVE_LENGTH_MEASURE(0.1),#13773);
#15189 = DRAUGHTING_PRE_DEFINED_CURVE_FONT('continuous');
#15190 = STYLED_ITEM('color',(#15191),#7436);
#15191 = PRESENTATION_STYLE_ASSIGNMENT((#15192,#15197));
#15192 = SURFACE_STYLE_USAGE(.BOTH.,#15193);
#15193 = SURFACE_SIDE_STYLE('',(#15194));
#15194 = SURFACE_STYLE_FILL_AREA(#15195);
#15195 = FILL_AREA_STYLE('',(#15196));
#15196 = FILL_AREA_STYLE_COLOUR('',#13773);
#15197 = CURVE_STYLE('',#15198,POSITIVE_LENGTH_MEASURE(0.1),#13773);
#15198 = DRAUGHTING_PRE_DEFINED_CURVE_FONT('continuous');
#15199 = STYLED_ITEM('color',(#15200),#7453);
#15200 = PRESENTATION_STYLE_ASSIGNMENT((#15201,#15206));
#15201 = SURFACE_STYLE_USAGE(.BOTH.,#15202);
#15202 = SURFACE_SIDE_STYLE('',(#15203));
#15203 = SURFACE_STYLE_FILL_AREA(#15204);
#15204 = FILL_AREA_STYLE('',(#15205));
#15205 = FILL_AREA_STYLE_COLOUR('',#13773);
#15206 = CURVE_STYLE('',#15207,POSITIVE_LENGTH_MEASURE(0.1),#13773);
#15207 = DRAUGHTING_PRE_DEFINED_CURVE_FONT('continuous');
#15208 = STYLED_ITEM('color',(#15209),#7470);
#15209 = PRESENTATION_STYLE_ASSIGNMENT((#15210,#15215));
#15210 = SURFACE_STYLE_USAGE(.BOTH.,#15211);
#15211 = SURFACE_SIDE_STYLE('',(#15212));
#15212 = SURFACE_STYLE_FILL_AREA(#15213);
#15213 = FILL_AREA_STYLE('',(#15214));
#15214 = FILL_AREA_STYLE_COLOUR('',#13773);
#15215 = CURVE_STYLE('',#15216,POSITIVE_LENGTH_MEASURE(0.1),#13773);
#15216 = DRAUGHTING_PRE_DEFINED_CURVE_FONT('continuous');
#15217 = STYLED_ITEM('color',(#15218),#7487);
#15218 = PRESENTATION_STYLE_ASSIGNMENT((#15219,#15224));
#15219 = SURFACE_STYLE_USAGE(.BOTH.,#15220);
#15220 = SURFACE_SIDE_STYLE('',(#15221));
#15221 = SURFACE_STYLE_FILL_AREA(#15222);
#15222 = FILL_AREA_STYLE('',(#15223));
#15223 = FILL_AREA_STYLE_COLOUR('',#13773);
#15224 = CURVE_STYLE('',#15225,POSITIVE_LENGTH_MEASURE(0.1),#13773);
#15225 = DRAUGHTING_PRE_DEFINED_CURVE_FONT('continuous');
#15226 = STYLED_ITEM('color',(#15227),#7504);
#15227 = PRESENTATION_STYLE_ASSIGNMENT((#15228,#15233));
#15228 = SURFACE_STYLE_USAGE(.BOTH.,#15229);
#15229 = SURFACE_SIDE_STYLE('',(#15230));
#15230 = SURFACE_STYLE_FILL_AREA(#15231);
#15231 = FILL_AREA_STYLE('',(#15232));
#15232 = FILL_AREA_STYLE_COLOUR('',#13773);
#15233 = CURVE_STYLE('',#15234,POSITIVE_LENGTH_MEASURE(0.1),#13773);
#15234 = DRAUGHTING_PRE_DEFINED_CURVE_FONT('continuous');
#15235 = STYLED_ITEM('color',(#15236),#7521);
#15236 = PRESENTATION_STYLE_ASSIGNMENT((#15237,#15242));
#15237 = SURFACE_STYLE_USAGE(.BOTH.,#15238);
#15238 = SURFACE_SIDE_STYLE('',(#15239));
#15239 = SURFACE_STYLE_FILL_AREA(#15240);
#15240 = FILL_AREA_STYLE('',(#15241));
#15241 = FILL_AREA_STYLE_COLOUR('',#13773);
#15242 = CURVE_STYLE('',#15243,POSITIVE_LENGTH_MEASURE(0.1),#13773);
#15243 = DRAUGHTING_PRE_DEFINED_CURVE_FONT('continuous');
#15244 = STYLED_ITEM('color',(#15245),#7533);
#15245 = PRESENTATION_STYLE_ASSIGNMENT((#15246,#15251));
#15246 = SURFACE_STYLE_USAGE(.BOTH.,#15247);
#15247 = SURFACE_SIDE_STYLE('',(#15248));
#15248 = SURFACE_STYLE_FILL_AREA(#15249);
#15249 = FILL_AREA_STYLE('',(#15250));
#15250 = FILL_AREA_STYLE_COLOUR('',#13773);
#15251 = CURVE_STYLE('',#15252,POSITIVE_LENGTH_MEASURE(0.1),#13773);
#15252 = DRAUGHTING_PRE_DEFINED_CURVE_FONT('continuous');
#15253 = STYLED_ITEM('color',(#15254),#7550);
#15254 = PRESENTATION_STYLE_ASSIGNMENT((#15255,#15260));
#15255 = SURFACE_STYLE_USAGE(.BOTH.,#15256);
#15256 = SURFACE_SIDE_STYLE('',(#15257));
#15257 = SURFACE_STYLE_FILL_AREA(#15258);
#15258 = FILL_AREA_STYLE('',(#15259));
#15259 = FILL_AREA_STYLE_COLOUR('',#13773);
#15260 = CURVE_STYLE('',#15261,POSITIVE_LENGTH_MEASURE(0.1),#13773);
#15261 = DRAUGHTING_PRE_DEFINED_CURVE_FONT('continuous');
#15262 = STYLED_ITEM('color',(#15263),#7567);
#15263 = PRESENTATION_STYLE_ASSIGNMENT((#15264,#15269));
#15264 = SURFACE_STYLE_USAGE(.BOTH.,#15265);
#15265 = SURFACE_SIDE_STYLE('',(#15266));
#15266 = SURFACE_STYLE_FILL_AREA(#15267);
#15267 = FILL_AREA_STYLE('',(#15268));
#15268 = FILL_AREA_STYLE_COLOUR('',#13773);
#15269 = CURVE_STYLE('',#15270,POSITIVE_LENGTH_MEASURE(0.1),#13773);
#15270 = DRAUGHTING_PRE_DEFINED_CURVE_FONT('continuous');
#15271 = STYLED_ITEM('color',(#15272),#7584);
#15272 = PRESENTATION_STYLE_ASSIGNMENT((#15273,#15278));
#15273 = SURFACE_STYLE_USAGE(.BOTH.,#15274);
#15274 = SURFACE_SIDE_STYLE('',(#15275));
#15275 = SURFACE_STYLE_FILL_AREA(#15276);
#15276 = FILL_AREA_STYLE('',(#15277));
#15277 = FILL_AREA_STYLE_COLOUR('',#13773);
#15278 = CURVE_STYLE('',#15279,POSITIVE_LENGTH_MEASURE(0.1),#13773);
#15279 = DRAUGHTING_PRE_DEFINED_CURVE_FONT('continuous');
#15280 = STYLED_ITEM('color',(#15281),#7601);
#15281 = PRESENTATION_STYLE_ASSIGNMENT((#15282,#15287));
#15282 = SURFACE_STYLE_USAGE(.BOTH.,#15283);
#15283 = SURFACE_SIDE_STYLE('',(#15284));
#15284 = SURFACE_STYLE_FILL_AREA(#15285);
#15285 = FILL_AREA_STYLE('',(#15286));
#15286 = FILL_AREA_STYLE_COLOUR('',#13773);
#15287 = CURVE_STYLE('',#15288,POSITIVE_LENGTH_MEASURE(0.1),#13773);
#15288 = DRAUGHTING_PRE_DEFINED_CURVE_FONT('continuous');
#15289 = STYLED_ITEM('color',(#15290),#7618);
#15290 = PRESENTATION_STYLE_ASSIGNMENT((#15291,#15296));
#15291 = SURFACE_STYLE_USAGE(.BOTH.,#15292);
#15292 = SURFACE_SIDE_STYLE('',(#15293));
#15293 = SURFACE_STYLE_FILL_AREA(#15294);
#15294 = FILL_AREA_STYLE('',(#15295));
#15295 = FILL_AREA_STYLE_COLOUR('',#13773);
#15296 = CURVE_STYLE('',#15297,POSITIVE_LENGTH_MEASURE(0.1),#13773);
#15297 = DRAUGHTING_PRE_DEFINED_CURVE_FONT('continuous');
#15298 = STYLED_ITEM('color',(#15299),#7635);
#15299 = PRESENTATION_STYLE_ASSIGNMENT((#15300,#15305));
#15300 = SURFACE_STYLE_USAGE(.BOTH.,#15301);
#15301 = SURFACE_SIDE_STYLE('',(#15302));
#15302 = SURFACE_STYLE_FILL_AREA(#15303);
#15303 = FILL_AREA_STYLE('',(#15304));
#15304 = FILL_AREA_STYLE_COLOUR('',#13773);
#15305 = CURVE_STYLE('',#15306,POSITIVE_LENGTH_MEASURE(0.1),#13773);
#15306 = DRAUGHTING_PRE_DEFINED_CURVE_FONT('continuous');
#15307 = STYLED_ITEM('color',(#15308),#7652);
#15308 = PRESENTATION_STYLE_ASSIGNMENT((#15309,#15314));
#15309 = SURFACE_STYLE_USAGE(.BOTH.,#15310);
#15310 = SURFACE_SIDE_STYLE('',(#15311));
#15311 = SURFACE_STYLE_FILL_AREA(#15312);
#15312 = FILL_AREA_STYLE('',(#15313));
#15313 = FILL_AREA_STYLE_COLOUR('',#13773);
#15314 = CURVE_STYLE('',#15315,POSITIVE_LENGTH_MEASURE(0.1),#13773);
#15315 = DRAUGHTING_PRE_DEFINED_CURVE_FONT('continuous');
#15316 = STYLED_ITEM('color',(#15317),#7664);
#15317 = PRESENTATION_STYLE_ASSIGNMENT((#15318,#15323));
#15318 = SURFACE_STYLE_USAGE(.BOTH.,#15319);
#15319 = SURFACE_SIDE_STYLE('',(#15320));
#15320 = SURFACE_STYLE_FILL_AREA(#15321);
#15321 = FILL_AREA_STYLE('',(#15322));
#15322 = FILL_AREA_STYLE_COLOUR('',#13773);
#15323 = CURVE_STYLE('',#15324,POSITIVE_LENGTH_MEASURE(0.1),#13773);
#15324 = DRAUGHTING_PRE_DEFINED_CURVE_FONT('continuous');
#15325 = STYLED_ITEM('color',(#15326),#7681);
#15326 = PRESENTATION_STYLE_ASSIGNMENT((#15327,#15332));
#15327 = SURFACE_STYLE_USAGE(.BOTH.,#15328);
#15328 = SURFACE_SIDE_STYLE('',(#15329));
#15329 = SURFACE_STYLE_FILL_AREA(#15330);
#15330 = FILL_AREA_STYLE('',(#15331));
#15331 = FILL_AREA_STYLE_COLOUR('',#13773);
#15332 = CURVE_STYLE('',#15333,POSITIVE_LENGTH_MEASURE(0.1),#13773);
#15333 = DRAUGHTING_PRE_DEFINED_CURVE_FONT('continuous');
#15334 = STYLED_ITEM('color',(#15335),#7698);
#15335 = PRESENTATION_STYLE_ASSIGNMENT((#15336,#15341));
#15336 = SURFACE_STYLE_USAGE(.BOTH.,#15337);
#15337 = SURFACE_SIDE_STYLE('',(#15338));
#15338 = SURFACE_STYLE_FILL_AREA(#15339);
#15339 = FILL_AREA_STYLE('',(#15340));
#15340 = FILL_AREA_STYLE_COLOUR('',#13773);
#15341 = CURVE_STYLE('',#15342,POSITIVE_LENGTH_MEASURE(0.1),#13773);
#15342 = DRAUGHTING_PRE_DEFINED_CURVE_FONT('continuous');
#15343 = STYLED_ITEM('color',(#15344),#7715);
#15344 = PRESENTATION_STYLE_ASSIGNMENT((#15345,#15350));
#15345 = SURFACE_STYLE_USAGE(.BOTH.,#15346);
#15346 = SURFACE_SIDE_STYLE('',(#15347));
#15347 = SURFACE_STYLE_FILL_AREA(#15348);
#15348 = FILL_AREA_STYLE('',(#15349));
#15349 = FILL_AREA_STYLE_COLOUR('',#13773);
#15350 = CURVE_STYLE('',#15351,POSITIVE_LENGTH_MEASURE(0.1),#13773);
#15351 = DRAUGHTING_PRE_DEFINED_CURVE_FONT('continuous');
#15352 = STYLED_ITEM('color',(#15353),#7732);
#15353 = PRESENTATION_STYLE_ASSIGNMENT((#15354,#15359));
#15354 = SURFACE_STYLE_USAGE(.BOTH.,#15355);
#15355 = SURFACE_SIDE_STYLE('',(#15356));
#15356 = SURFACE_STYLE_FILL_AREA(#15357);
#15357 = FILL_AREA_STYLE('',(#15358));
#15358 = FILL_AREA_STYLE_COLOUR('',#13773);
#15359 = CURVE_STYLE('',#15360,POSITIVE_LENGTH_MEASURE(0.1),#13773);
#15360 = DRAUGHTING_PRE_DEFINED_CURVE_FONT('continuous');
#15361 = STYLED_ITEM('color',(#15362),#7749);
#15362 = PRESENTATION_STYLE_ASSIGNMENT((#15363,#15368));
#15363 = SURFACE_STYLE_USAGE(.BOTH.,#15364);
#15364 = SURFACE_SIDE_STYLE('',(#15365));
#15365 = SURFACE_STYLE_FILL_AREA(#15366);
#15366 = FILL_AREA_STYLE('',(#15367));
#15367 = FILL_AREA_STYLE_COLOUR('',#13773);
#15368 = CURVE_STYLE('',#15369,POSITIVE_LENGTH_MEASURE(0.1),#13773);
#15369 = DRAUGHTING_PRE_DEFINED_CURVE_FONT('continuous');
#15370 = STYLED_ITEM('color',(#15371),#7766);
#15371 = PRESENTATION_STYLE_ASSIGNMENT((#15372,#15377));
#15372 = SURFACE_STYLE_USAGE(.BOTH.,#15373);
#15373 = SURFACE_SIDE_STYLE('',(#15374));
#15374 = SURFACE_STYLE_FILL_AREA(#15375);
#15375 = FILL_AREA_STYLE('',(#15376));
#15376 = FILL_AREA_STYLE_COLOUR('',#13773);
#15377 = CURVE_STYLE('',#15378,POSITIVE_LENGTH_MEASURE(0.1),#13773);
#15378 = DRAUGHTING_PRE_DEFINED_CURVE_FONT('continuous');
#15379 = STYLED_ITEM('color',(#15380),#7783);
#15380 = PRESENTATION_STYLE_ASSIGNMENT((#15381,#15386));
#15381 = SURFACE_STYLE_USAGE(.BOTH.,#15382);
#15382 = SURFACE_SIDE_STYLE('',(#15383));
#15383 = SURFACE_STYLE_FILL_AREA(#15384);
#15384 = FILL_AREA_STYLE('',(#15385));
#15385 = FILL_AREA_STYLE_COLOUR('',#13773);
#15386 = CURVE_STYLE('',#15387,POSITIVE_LENGTH_MEASURE(0.1),#13773);
#15387 = DRAUGHTING_PRE_DEFINED_CURVE_FONT('continuous');
#15388 = STYLED_ITEM('color',(#15389),#7795);
#15389 = PRESENTATION_STYLE_ASSIGNMENT((#15390,#15395));
#15390 = SURFACE_STYLE_USAGE(.BOTH.,#15391);
#15391 = SURFACE_SIDE_STYLE('',(#15392));
#15392 = SURFACE_STYLE_FILL_AREA(#15393);
#15393 = FILL_AREA_STYLE('',(#15394));
#15394 = FILL_AREA_STYLE_COLOUR('',#13773);
#15395 = CURVE_STYLE('',#15396,POSITIVE_LENGTH_MEASURE(0.1),#13773);
#15396 = DRAUGHTING_PRE_DEFINED_CURVE_FONT('continuous');
#15397 = STYLED_ITEM('color',(#15398),#7812);
#15398 = PRESENTATION_STYLE_ASSIGNMENT((#15399,#15404));
#15399 = SURFACE_STYLE_USAGE(.BOTH.,#15400);
#15400 = SURFACE_SIDE_STYLE('',(#15401));
#15401 = SURFACE_STYLE_FILL_AREA(#15402);
#15402 = FILL_AREA_STYLE('',(#15403));
#15403 = FILL_AREA_STYLE_COLOUR('',#13773);
#15404 = CURVE_STYLE('',#15405,POSITIVE_LENGTH_MEASURE(0.1),#13773);
#15405 = DRAUGHTING_PRE_DEFINED_CURVE_FONT('continuous');
#15406 = STYLED_ITEM('color',(#15407),#7829);
#15407 = PRESENTATION_STYLE_ASSIGNMENT((#15408,#15413));
#15408 = SURFACE_STYLE_USAGE(.BOTH.,#15409);
#15409 = SURFACE_SIDE_STYLE('',(#15410));
#15410 = SURFACE_STYLE_FILL_AREA(#15411);
#15411 = FILL_AREA_STYLE('',(#15412));
#15412 = FILL_AREA_STYLE_COLOUR('',#13773);
#15413 = CURVE_STYLE('',#15414,POSITIVE_LENGTH_MEASURE(0.1),#13773);
#15414 = DRAUGHTING_PRE_DEFINED_CURVE_FONT('continuous');
#15415 = STYLED_ITEM('color',(#15416),#7846);
#15416 = PRESENTATION_STYLE_ASSIGNMENT((#15417,#15422));
#15417 = SURFACE_STYLE_USAGE(.BOTH.,#15418);
#15418 = SURFACE_SIDE_STYLE('',(#15419));
#15419 = SURFACE_STYLE_FILL_AREA(#15420);
#15420 = FILL_AREA_STYLE('',(#15421));
#15421 = FILL_AREA_STYLE_COLOUR('',#13773);
#15422 = CURVE_STYLE('',#15423,POSITIVE_LENGTH_MEASURE(0.1),#13773);
#15423 = DRAUGHTING_PRE_DEFINED_CURVE_FONT('continuous');
#15424 = STYLED_ITEM('color',(#15425),#7863);
#15425 = PRESENTATION_STYLE_ASSIGNMENT((#15426,#15431));
#15426 = SURFACE_STYLE_USAGE(.BOTH.,#15427);
#15427 = SURFACE_SIDE_STYLE('',(#15428));
#15428 = SURFACE_STYLE_FILL_AREA(#15429);
#15429 = FILL_AREA_STYLE('',(#15430));
#15430 = FILL_AREA_STYLE_COLOUR('',#13773);
#15431 = CURVE_STYLE('',#15432,POSITIVE_LENGTH_MEASURE(0.1),#13773);
#15432 = DRAUGHTING_PRE_DEFINED_CURVE_FONT('continuous');
#15433 = STYLED_ITEM('color',(#15434),#7880);
#15434 = PRESENTATION_STYLE_ASSIGNMENT((#15435,#15440));
#15435 = SURFACE_STYLE_USAGE(.BOTH.,#15436);
#15436 = SURFACE_SIDE_STYLE('',(#15437));
#15437 = SURFACE_STYLE_FILL_AREA(#15438);
#15438 = FILL_AREA_STYLE('',(#15439));
#15439 = FILL_AREA_STYLE_COLOUR('',#13773);
#15440 = CURVE_STYLE('',#15441,POSITIVE_LENGTH_MEASURE(0.1),#13773);
#15441 = DRAUGHTING_PRE_DEFINED_CURVE_FONT('continuous');
#15442 = STYLED_ITEM('color',(#15443),#7897);
#15443 = PRESENTATION_STYLE_ASSIGNMENT((#15444,#15449));
#15444 = SURFACE_STYLE_USAGE(.BOTH.,#15445);
#15445 = SURFACE_SIDE_STYLE('',(#15446));
#15446 = SURFACE_STYLE_FILL_AREA(#15447);
#15447 = FILL_AREA_STYLE('',(#15448));
#15448 = FILL_AREA_STYLE_COLOUR('',#13773);
#15449 = CURVE_STYLE('',#15450,POSITIVE_LENGTH_MEASURE(0.1),#13773);
#15450 = DRAUGHTING_PRE_DEFINED_CURVE_FONT('continuous');
#15451 = STYLED_ITEM('color',(#15452),#7914);
#15452 = PRESENTATION_STYLE_ASSIGNMENT((#15453,#15458));
#15453 = SURFACE_STYLE_USAGE(.BOTH.,#15454);
#15454 = SURFACE_SIDE_STYLE('',(#15455));
#15455 = SURFACE_STYLE_FILL_AREA(#15456);
#15456 = FILL_AREA_STYLE('',(#15457));
#15457 = FILL_AREA_STYLE_COLOUR('',#13773);
#15458 = CURVE_STYLE('',#15459,POSITIVE_LENGTH_MEASURE(0.1),#13773);
#15459 = DRAUGHTING_PRE_DEFINED_CURVE_FONT('continuous');
#15460 = STYLED_ITEM('color',(#15461),#7926);
#15461 = PRESENTATION_STYLE_ASSIGNMENT((#15462,#15467));
#15462 = SURFACE_STYLE_USAGE(.BOTH.,#15463);
#15463 = SURFACE_SIDE_STYLE('',(#15464));
#15464 = SURFACE_STYLE_FILL_AREA(#15465);
#15465 = FILL_AREA_STYLE('',(#15466));
#15466 = FILL_AREA_STYLE_COLOUR('',#13773);
#15467 = CURVE_STYLE('',#15468,POSITIVE_LENGTH_MEASURE(0.1),#13773);
#15468 = DRAUGHTING_PRE_DEFINED_CURVE_FONT('continuous');
#15469 = STYLED_ITEM('color',(#15470),#7943);
#15470 = PRESENTATION_STYLE_ASSIGNMENT((#15471,#15476));
#15471 = SURFACE_STYLE_USAGE(.BOTH.,#15472);
#15472 = SURFACE_SIDE_STYLE('',(#15473));
#15473 = SURFACE_STYLE_FILL_AREA(#15474);
#15474 = FILL_AREA_STYLE('',(#15475));
#15475 = FILL_AREA_STYLE_COLOUR('',#13773);
#15476 = CURVE_STYLE('',#15477,POSITIVE_LENGTH_MEASURE(0.1),#13773);
#15477 = DRAUGHTING_PRE_DEFINED_CURVE_FONT('continuous');
#15478 = STYLED_ITEM('color',(#15479),#7960);
#15479 = PRESENTATION_STYLE_ASSIGNMENT((#15480,#15485));
#15480 = SURFACE_STYLE_USAGE(.BOTH.,#15481);
#15481 = SURFACE_SIDE_STYLE('',(#15482));
#15482 = SURFACE_STYLE_FILL_AREA(#15483);
#15483 = FILL_AREA_STYLE('',(#15484));
#15484 = FILL_AREA_STYLE_COLOUR('',#13773);
#15485 = CURVE_STYLE('',#15486,POSITIVE_LENGTH_MEASURE(0.1),#13773);
#15486 = DRAUGHTING_PRE_DEFINED_CURVE_FONT('continuous');
#15487 = STYLED_ITEM('color',(#15488),#7977);
#15488 = PRESENTATION_STYLE_ASSIGNMENT((#15489,#15494));
#15489 = SURFACE_STYLE_USAGE(.BOTH.,#15490);
#15490 = SURFACE_SIDE_STYLE('',(#15491));
#15491 = SURFACE_STYLE_FILL_AREA(#15492);
#15492 = FILL_AREA_STYLE('',(#15493));
#15493 = FILL_AREA_STYLE_COLOUR('',#13773);
#15494 = CURVE_STYLE('',#15495,POSITIVE_LENGTH_MEASURE(0.1),#13773);
#15495 = DRAUGHTING_PRE_DEFINED_CURVE_FONT('continuous');
#15496 = STYLED_ITEM('color',(#15497),#7994);
#15497 = PRESENTATION_STYLE_ASSIGNMENT((#15498,#15503));
#15498 = SURFACE_STYLE_USAGE(.BOTH.,#15499);
#15499 = SURFACE_SIDE_STYLE('',(#15500));
#15500 = SURFACE_STYLE_FILL_AREA(#15501);
#15501 = FILL_AREA_STYLE('',(#15502));
#15502 = FILL_AREA_STYLE_COLOUR('',#13773);
#15503 = CURVE_STYLE('',#15504,POSITIVE_LENGTH_MEASURE(0.1),#13773);
#15504 = DRAUGHTING_PRE_DEFINED_CURVE_FONT('continuous');
#15505 = STYLED_ITEM('color',(#15506),#8011);
#15506 = PRESENTATION_STYLE_ASSIGNMENT((#15507,#15512));
#15507 = SURFACE_STYLE_USAGE(.BOTH.,#15508);
#15508 = SURFACE_SIDE_STYLE('',(#15509));
#15509 = SURFACE_STYLE_FILL_AREA(#15510);
#15510 = FILL_AREA_STYLE('',(#15511));
#15511 = FILL_AREA_STYLE_COLOUR('',#13773);
#15512 = CURVE_STYLE('',#15513,POSITIVE_LENGTH_MEASURE(0.1),#13773);
#15513 = DRAUGHTING_PRE_DEFINED_CURVE_FONT('continuous');
#15514 = STYLED_ITEM('color',(#15515),#8028);
#15515 = PRESENTATION_STYLE_ASSIGNMENT((#15516,#15521));
#15516 = SURFACE_STYLE_USAGE(.BOTH.,#15517);
#15517 = SURFACE_SIDE_STYLE('',(#15518));
#15518 = SURFACE_STYLE_FILL_AREA(#15519);
#15519 = FILL_AREA_STYLE('',(#15520));
#15520 = FILL_AREA_STYLE_COLOUR('',#13773);
#15521 = CURVE_STYLE('',#15522,POSITIVE_LENGTH_MEASURE(0.1),#13773);
#15522 = DRAUGHTING_PRE_DEFINED_CURVE_FONT('continuous');
#15523 = STYLED_ITEM('color',(#15524),#8045);
#15524 = PRESENTATION_STYLE_ASSIGNMENT((#15525,#15530));
#15525 = SURFACE_STYLE_USAGE(.BOTH.,#15526);
#15526 = SURFACE_SIDE_STYLE('',(#15527));
#15527 = SURFACE_STYLE_FILL_AREA(#15528);
#15528 = FILL_AREA_STYLE('',(#15529));
#15529 = FILL_AREA_STYLE_COLOUR('',#13773);
#15530 = CURVE_STYLE('',#15531,POSITIVE_LENGTH_MEASURE(0.1),#13773);
#15531 = DRAUGHTING_PRE_DEFINED_CURVE_FONT('continuous');
#15532 = STYLED_ITEM('color',(#15533),#8057);
#15533 = PRESENTATION_STYLE_ASSIGNMENT((#15534,#15539));
#15534 = SURFACE_STYLE_USAGE(.BOTH.,#15535);
#15535 = SURFACE_SIDE_STYLE('',(#15536));
#15536 = SURFACE_STYLE_FILL_AREA(#15537);
#15537 = FILL_AREA_STYLE('',(#15538));
#15538 = FILL_AREA_STYLE_COLOUR('',#13773);
#15539 = CURVE_STYLE('',#15540,POSITIVE_LENGTH_MEASURE(0.1),#13773);
#15540 = DRAUGHTING_PRE_DEFINED_CURVE_FONT('continuous');
#15541 = STYLED_ITEM('color',(#15542),#8074);
#15542 = PRESENTATION_STYLE_ASSIGNMENT((#15543,#15548));
#15543 = SURFACE_STYLE_USAGE(.BOTH.,#15544);
#15544 = SURFACE_SIDE_STYLE('',(#15545));
#15545 = SURFACE_STYLE_FILL_AREA(#15546);
#15546 = FILL_AREA_STYLE('',(#15547));
#15547 = FILL_AREA_STYLE_COLOUR('',#13773);
#15548 = CURVE_STYLE('',#15549,POSITIVE_LENGTH_MEASURE(0.1),#13773);
#15549 = DRAUGHTING_PRE_DEFINED_CURVE_FONT('continuous');
#15550 = STYLED_ITEM('color',(#15551),#8091);
#15551 = PRESENTATION_STYLE_ASSIGNMENT((#15552,#15557));
#15552 = SURFACE_STYLE_USAGE(.BOTH.,#15553);
#15553 = SURFACE_SIDE_STYLE('',(#15554));
#15554 = SURFACE_STYLE_FILL_AREA(#15555);
#15555 = FILL_AREA_STYLE('',(#15556));
#15556 = FILL_AREA_STYLE_COLOUR('',#13773);
#15557 = CURVE_STYLE('',#15558,POSITIVE_LENGTH_MEASURE(0.1),#13773);
#15558 = DRAUGHTING_PRE_DEFINED_CURVE_FONT('continuous');
#15559 = STYLED_ITEM('color',(#15560),#8108);
#15560 = PRESENTATION_STYLE_ASSIGNMENT((#15561,#15566));
#15561 = SURFACE_STYLE_USAGE(.BOTH.,#15562);
#15562 = SURFACE_SIDE_STYLE('',(#15563));
#15563 = SURFACE_STYLE_FILL_AREA(#15564);
#15564 = FILL_AREA_STYLE('',(#15565));
#15565 = FILL_AREA_STYLE_COLOUR('',#13773);
#15566 = CURVE_STYLE('',#15567,POSITIVE_LENGTH_MEASURE(0.1),#13773);
#15567 = DRAUGHTING_PRE_DEFINED_CURVE_FONT('continuous');
#15568 = STYLED_ITEM('color',(#15569),#8125);
#15569 = PRESENTATION_STYLE_ASSIGNMENT((#15570,#15575));
#15570 = SURFACE_STYLE_USAGE(.BOTH.,#15571);
#15571 = SURFACE_SIDE_STYLE('',(#15572));
#15572 = SURFACE_STYLE_FILL_AREA(#15573);
#15573 = FILL_AREA_STYLE('',(#15574));
#15574 = FILL_AREA_STYLE_COLOUR('',#13773);
#15575 = CURVE_STYLE('',#15576,POSITIVE_LENGTH_MEASURE(0.1),#13773);
#15576 = DRAUGHTING_PRE_DEFINED_CURVE_FONT('continuous');
#15577 = STYLED_ITEM('color',(#15578),#8142);
#15578 = PRESENTATION_STYLE_ASSIGNMENT((#15579,#15584));
#15579 = SURFACE_STYLE_USAGE(.BOTH.,#15580);
#15580 = SURFACE_SIDE_STYLE('',(#15581));
#15581 = SURFACE_STYLE_FILL_AREA(#15582);
#15582 = FILL_AREA_STYLE('',(#15583));
#15583 = FILL_AREA_STYLE_COLOUR('',#13773);
#15584 = CURVE_STYLE('',#15585,POSITIVE_LENGTH_MEASURE(0.1),#13773);
#15585 = DRAUGHTING_PRE_DEFINED_CURVE_FONT('continuous');
#15586 = STYLED_ITEM('color',(#15587),#8159);
#15587 = PRESENTATION_STYLE_ASSIGNMENT((#15588,#15593));
#15588 = SURFACE_STYLE_USAGE(.BOTH.,#15589);
#15589 = SURFACE_SIDE_STYLE('',(#15590));
#15590 = SURFACE_STYLE_FILL_AREA(#15591);
#15591 = FILL_AREA_STYLE('',(#15592));
#15592 = FILL_AREA_STYLE_COLOUR('',#13773);
#15593 = CURVE_STYLE('',#15594,POSITIVE_LENGTH_MEASURE(0.1),#13773);
#15594 = DRAUGHTING_PRE_DEFINED_CURVE_FONT('continuous');
#15595 = STYLED_ITEM('color',(#15596),#8171);
#15596 = PRESENTATION_STYLE_ASSIGNMENT((#15597,#15602));
#15597 = SURFACE_STYLE_USAGE(.BOTH.,#15598);
#15598 = SURFACE_SIDE_STYLE('',(#15599));
#15599 = SURFACE_STYLE_FILL_AREA(#15600);
#15600 = FILL_AREA_STYLE('',(#15601));
#15601 = FILL_AREA_STYLE_COLOUR('',#13773);
#15602 = CURVE_STYLE('',#15603,POSITIVE_LENGTH_MEASURE(0.1),#13773);
#15603 = DRAUGHTING_PRE_DEFINED_CURVE_FONT('continuous');
#15604 = STYLED_ITEM('color',(#15605),#8188);
#15605 = PRESENTATION_STYLE_ASSIGNMENT((#15606,#15611));
#15606 = SURFACE_STYLE_USAGE(.BOTH.,#15607);
#15607 = SURFACE_SIDE_STYLE('',(#15608));
#15608 = SURFACE_STYLE_FILL_AREA(#15609);
#15609 = FILL_AREA_STYLE('',(#15610));
#15610 = FILL_AREA_STYLE_COLOUR('',#13773);
#15611 = CURVE_STYLE('',#15612,POSITIVE_LENGTH_MEASURE(0.1),#13773);
#15612 = DRAUGHTING_PRE_DEFINED_CURVE_FONT('continuous');
#15613 = STYLED_ITEM('color',(#15614),#8205);
#15614 = PRESENTATION_STYLE_ASSIGNMENT((#15615,#15620));
#15615 = SURFACE_STYLE_USAGE(.BOTH.,#15616);
#15616 = SURFACE_SIDE_STYLE('',(#15617));
#15617 = SURFACE_STYLE_FILL_AREA(#15618);
#15618 = FILL_AREA_STYLE('',(#15619));
#15619 = FILL_AREA_STYLE_COLOUR('',#13773);
#15620 = CURVE_STYLE('',#15621,POSITIVE_LENGTH_MEASURE(0.1),#13773);
#15621 = DRAUGHTING_PRE_DEFINED_CURVE_FONT('continuous');
#15622 = STYLED_ITEM('color',(#15623),#8222);
#15623 = PRESENTATION_STYLE_ASSIGNMENT((#15624,#15629));
#15624 = SURFACE_STYLE_USAGE(.BOTH.,#15625);
#15625 = SURFACE_SIDE_STYLE('',(#15626));
#15626 = SURFACE_STYLE_FILL_AREA(#15627);
#15627 = FILL_AREA_STYLE('',(#15628));
#15628 = FILL_AREA_STYLE_COLOUR('',#13773);
#15629 = CURVE_STYLE('',#15630,POSITIVE_LENGTH_MEASURE(0.1),#13773);
#15630 = DRAUGHTING_PRE_DEFINED_CURVE_FONT('continuous');
#15631 = STYLED_ITEM('color',(#15632),#8239);
#15632 = PRESENTATION_STYLE_ASSIGNMENT((#15633,#15638));
#15633 = SURFACE_STYLE_USAGE(.BOTH.,#15634);
#15634 = SURFACE_SIDE_STYLE('',(#15635));
#15635 = SURFACE_STYLE_FILL_AREA(#15636);
#15636 = FILL_AREA_STYLE('',(#15637));
#15637 = FILL_AREA_STYLE_COLOUR('',#13773);
#15638 = CURVE_STYLE('',#15639,POSITIVE_LENGTH_MEASURE(0.1),#13773);
#15639 = DRAUGHTING_PRE_DEFINED_CURVE_FONT('continuous');
#15640 = STYLED_ITEM('color',(#15641),#8256);
#15641 = PRESENTATION_STYLE_ASSIGNMENT((#15642,#15647));
#15642 = SURFACE_STYLE_USAGE(.BOTH.,#15643);
#15643 = SURFACE_SIDE_STYLE('',(#15644));
#15644 = SURFACE_STYLE_FILL_AREA(#15645);
#15645 = FILL_AREA_STYLE('',(#15646));
#15646 = FILL_AREA_STYLE_COLOUR('',#13773);
#15647 = CURVE_STYLE('',#15648,POSITIVE_LENGTH_MEASURE(0.1),#13773);
#15648 = DRAUGHTING_PRE_DEFINED_CURVE_FONT('continuous');
#15649 = STYLED_ITEM('color',(#15650),#8273);
#15650 = PRESENTATION_STYLE_ASSIGNMENT((#15651,#15656));
#15651 = SURFACE_STYLE_USAGE(.BOTH.,#15652);
#15652 = SURFACE_SIDE_STYLE('',(#15653));
#15653 = SURFACE_STYLE_FILL_AREA(#15654);
#15654 = FILL_AREA_STYLE('',(#15655));
#15655 = FILL_AREA_STYLE_COLOUR('',#13773);
#15656 = CURVE_STYLE('',#15657,POSITIVE_LENGTH_MEASURE(0.1),#13773);
#15657 = DRAUGHTING_PRE_DEFINED_CURVE_FONT('continuous');
#15658 = STYLED_ITEM('color',(#15659),#8285);
#15659 = PRESENTATION_STYLE_ASSIGNMENT((#15660,#15665));
#15660 = SURFACE_STYLE_USAGE(.BOTH.,#15661);
#15661 = SURFACE_SIDE_STYLE('',(#15662));
#15662 = SURFACE_STYLE_FILL_AREA(#15663);
#15663 = FILL_AREA_STYLE('',(#15664));
#15664 = FILL_AREA_STYLE_COLOUR('',#13773);
#15665 = CURVE_STYLE('',#15666,POSITIVE_LENGTH_MEASURE(0.1),#13773);
#15666 = DRAUGHTING_PRE_DEFINED_CURVE_FONT('continuous');
#15667 = STYLED_ITEM('color',(#15668),#8302);
#15668 = PRESENTATION_STYLE_ASSIGNMENT((#15669,#15674));
#15669 = SURFACE_STYLE_USAGE(.BOTH.,#15670);
#15670 = SURFACE_SIDE_STYLE('',(#15671));
#15671 = SURFACE_STYLE_FILL_AREA(#15672);
#15672 = FILL_AREA_STYLE('',(#15673));
#15673 = FILL_AREA_STYLE_COLOUR('',#13773);
#15674 = CURVE_STYLE('',#15675,POSITIVE_LENGTH_MEASURE(0.1),#13773);
#15675 = DRAUGHTING_PRE_DEFINED_CURVE_FONT('continuous');
#15676 = STYLED_ITEM('color',(#15677),#8319);
#15677 = PRESENTATION_STYLE_ASSIGNMENT((#15678,#15683));
#15678 = SURFACE_STYLE_USAGE(.BOTH.,#15679);
#15679 = SURFACE_SIDE_STYLE('',(#15680));
#15680 = SURFACE_STYLE_FILL_AREA(#15681);
#15681 = FILL_AREA_STYLE('',(#15682));
#15682 = FILL_AREA_STYLE_COLOUR('',#13773);
#15683 = CURVE_STYLE('',#15684,POSITIVE_LENGTH_MEASURE(0.1),#13773);
#15684 = DRAUGHTING_PRE_DEFINED_CURVE_FONT('continuous');
#15685 = STYLED_ITEM('color',(#15686),#8336);
#15686 = PRESENTATION_STYLE_ASSIGNMENT((#15687,#15692));
#15687 = SURFACE_STYLE_USAGE(.BOTH.,#15688);
#15688 = SURFACE_SIDE_STYLE('',(#15689));
#15689 = SURFACE_STYLE_FILL_AREA(#15690);
#15690 = FILL_AREA_STYLE('',(#15691));
#15691 = FILL_AREA_STYLE_COLOUR('',#13773);
#15692 = CURVE_STYLE('',#15693,POSITIVE_LENGTH_MEASURE(0.1),#13773);
#15693 = DRAUGHTING_PRE_DEFINED_CURVE_FONT('continuous');
#15694 = STYLED_ITEM('color',(#15695),#8353);
#15695 = PRESENTATION_STYLE_ASSIGNMENT((#15696,#15701));
#15696 = SURFACE_STYLE_USAGE(.BOTH.,#15697);
#15697 = SURFACE_SIDE_STYLE('',(#15698));
#15698 = SURFACE_STYLE_FILL_AREA(#15699);
#15699 = FILL_AREA_STYLE('',(#15700));
#15700 = FILL_AREA_STYLE_COLOUR('',#13773);
#15701 = CURVE_STYLE('',#15702,POSITIVE_LENGTH_MEASURE(0.1),#13773);
#15702 = DRAUGHTING_PRE_DEFINED_CURVE_FONT('continuous');
#15703 = STYLED_ITEM('color',(#15704),#8370);
#15704 = PRESENTATION_STYLE_ASSIGNMENT((#15705,#15710));
#15705 = SURFACE_STYLE_USAGE(.BOTH.,#15706);
#15706 = SURFACE_SIDE_STYLE('',(#15707));
#15707 = SURFACE_STYLE_FILL_AREA(#15708);
#15708 = FILL_AREA_STYLE('',(#15709));
#15709 = FILL_AREA_STYLE_COLOUR('',#13773);
#15710 = CURVE_STYLE('',#15711,POSITIVE_LENGTH_MEASURE(0.1),#13773);
#15711 = DRAUGHTING_PRE_DEFINED_CURVE_FONT('continuous');
#15712 = STYLED_ITEM('color',(#15713),#8387);
#15713 = PRESENTATION_STYLE_ASSIGNMENT((#15714,#15719));
#15714 = SURFACE_STYLE_USAGE(.BOTH.,#15715);
#15715 = SURFACE_SIDE_STYLE('',(#15716));
#15716 = SURFACE_STYLE_FILL_AREA(#15717);
#15717 = FILL_AREA_STYLE('',(#15718));
#15718 = FILL_AREA_STYLE_COLOUR('',#13773);
#15719 = CURVE_STYLE('',#15720,POSITIVE_LENGTH_MEASURE(0.1),#13773);
#15720 = DRAUGHTING_PRE_DEFINED_CURVE_FONT('continuous');
#15721 = STYLED_ITEM('color',(#15722),#8404);
#15722 = PRESENTATION_STYLE_ASSIGNMENT((#15723,#15728));
#15723 = SURFACE_STYLE_USAGE(.BOTH.,#15724);
#15724 = SURFACE_SIDE_STYLE('',(#15725));
#15725 = SURFACE_STYLE_FILL_AREA(#15726);
#15726 = FILL_AREA_STYLE('',(#15727));
#15727 = FILL_AREA_STYLE_COLOUR('',#13773);
#15728 = CURVE_STYLE('',#15729,POSITIVE_LENGTH_MEASURE(0.1),#13773);
#15729 = DRAUGHTING_PRE_DEFINED_CURVE_FONT('continuous');
#15730 = STYLED_ITEM('color',(#15731),#8416);
#15731 = PRESENTATION_STYLE_ASSIGNMENT((#15732,#15737));
#15732 = SURFACE_STYLE_USAGE(.BOTH.,#15733);
#15733 = SURFACE_SIDE_STYLE('',(#15734));
#15734 = SURFACE_STYLE_FILL_AREA(#15735);
#15735 = FILL_AREA_STYLE('',(#15736));
#15736 = FILL_AREA_STYLE_COLOUR('',#13773);
#15737 = CURVE_STYLE('',#15738,POSITIVE_LENGTH_MEASURE(0.1),#13773);
#15738 = DRAUGHTING_PRE_DEFINED_CURVE_FONT('continuous');
#15739 = STYLED_ITEM('color',(#15740),#8433);
#15740 = PRESENTATION_STYLE_ASSIGNMENT((#15741,#15746));
#15741 = SURFACE_STYLE_USAGE(.BOTH.,#15742);
#15742 = SURFACE_SIDE_STYLE('',(#15743));
#15743 = SURFACE_STYLE_FILL_AREA(#15744);
#15744 = FILL_AREA_STYLE('',(#15745));
#15745 = FILL_AREA_STYLE_COLOUR('',#13773);
#15746 = CURVE_STYLE('',#15747,POSITIVE_LENGTH_MEASURE(0.1),#13773);
#15747 = DRAUGHTING_PRE_DEFINED_CURVE_FONT('continuous');
#15748 = STYLED_ITEM('color',(#15749),#8450);
#15749 = PRESENTATION_STYLE_ASSIGNMENT((#15750,#15755));
#15750 = SURFACE_STYLE_USAGE(.BOTH.,#15751);
#15751 = SURFACE_SIDE_STYLE('',(#15752));
#15752 = SURFACE_STYLE_FILL_AREA(#15753);
#15753 = FILL_AREA_STYLE('',(#15754));
#15754 = FILL_AREA_STYLE_COLOUR('',#13773);
#15755 = CURVE_STYLE('',#15756,POSITIVE_LENGTH_MEASURE(0.1),#13773);
#15756 = DRAUGHTING_PRE_DEFINED_CURVE_FONT('continuous');
#15757 = STYLED_ITEM('color',(#15758),#8467);
#15758 = PRESENTATION_STYLE_ASSIGNMENT((#15759,#15764));
#15759 = SURFACE_STYLE_USAGE(.BOTH.,#15760);
#15760 = SURFACE_SIDE_STYLE('',(#15761));
#15761 = SURFACE_STYLE_FILL_AREA(#15762);
#15762 = FILL_AREA_STYLE('',(#15763));
#15763 = FILL_AREA_STYLE_COLOUR('',#13773);
#15764 = CURVE_STYLE('',#15765,POSITIVE_LENGTH_MEASURE(0.1),#13773);
#15765 = DRAUGHTING_PRE_DEFINED_CURVE_FONT('continuous');
#15766 = STYLED_ITEM('color',(#15767),#8484);
#15767 = PRESENTATION_STYLE_ASSIGNMENT((#15768,#15773));
#15768 = SURFACE_STYLE_USAGE(.BOTH.,#15769);
#15769 = SURFACE_SIDE_STYLE('',(#15770));
#15770 = SURFACE_STYLE_FILL_AREA(#15771);
#15771 = FILL_AREA_STYLE('',(#15772));
#15772 = FILL_AREA_STYLE_COLOUR('',#13773);
#15773 = CURVE_STYLE('',#15774,POSITIVE_LENGTH_MEASURE(0.1),#13773);
#15774 = DRAUGHTING_PRE_DEFINED_CURVE_FONT('continuous');
#15775 = STYLED_ITEM('color',(#15776),#8501);
#15776 = PRESENTATION_STYLE_ASSIGNMENT((#15777,#15782));
#15777 = SURFACE_STYLE_USAGE(.BOTH.,#15778);
#15778 = SURFACE_SIDE_STYLE('',(#15779));
#15779 = SURFACE_STYLE_FILL_AREA(#15780);
#15780 = FILL_AREA_STYLE('',(#15781));
#15781 = FILL_AREA_STYLE_COLOUR('',#13773);
#15782 = CURVE_STYLE('',#15783,POSITIVE_LENGTH_MEASURE(0.1),#13773);
#15783 = DRAUGHTING_PRE_DEFINED_CURVE_FONT('continuous');
#15784 = STYLED_ITEM('color',(#15785),#8518);
#15785 = PRESENTATION_STYLE_ASSIGNMENT((#15786,#15791));
#15786 = SURFACE_STYLE_USAGE(.BOTH.,#15787);
#15787 = SURFACE_SIDE_STYLE('',(#15788));
#15788 = SURFACE_STYLE_FILL_AREA(#15789);
#15789 = FILL_AREA_STYLE('',(#15790));
#15790 = FILL_AREA_STYLE_COLOUR('',#13773);
#15791 = CURVE_STYLE('',#15792,POSITIVE_LENGTH_MEASURE(0.1),#13773);
#15792 = DRAUGHTING_PRE_DEFINED_CURVE_FONT('continuous');
#15793 = STYLED_ITEM('color',(#15794),#8535);
#15794 = PRESENTATION_STYLE_ASSIGNMENT((#15795,#15800));
#15795 = SURFACE_STYLE_USAGE(.BOTH.,#15796);
#15796 = SURFACE_SIDE_STYLE('',(#15797));
#15797 = SURFACE_STYLE_FILL_AREA(#15798);
#15798 = FILL_AREA_STYLE('',(#15799));
#15799 = FILL_AREA_STYLE_COLOUR('',#13773);
#15800 = CURVE_STYLE('',#15801,POSITIVE_LENGTH_MEASURE(0.1),#13773);
#15801 = DRAUGHTING_PRE_DEFINED_CURVE_FONT('continuous');
#15802 = STYLED_ITEM('color',(#15803),#8547);
#15803 = PRESENTATION_STYLE_ASSIGNMENT((#15804,#15809));
#15804 = SURFACE_STYLE_USAGE(.BOTH.,#15805);
#15805 = SURFACE_SIDE_STYLE('',(#15806));
#15806 = SURFACE_STYLE_FILL_AREA(#15807);
#15807 = FILL_AREA_STYLE('',(#15808));
#15808 = FILL_AREA_STYLE_COLOUR('',#13773);
#15809 = CURVE_STYLE('',#15810,POSITIVE_LENGTH_MEASURE(0.1),#13773);
#15810 = DRAUGHTING_PRE_DEFINED_CURVE_FONT('continuous');
#15811 = STYLED_ITEM('color',(#15812),#8564);
#15812 = PRESENTATION_STYLE_ASSIGNMENT((#15813,#15818));
#15813 = SURFACE_STYLE_USAGE(.BOTH.,#15814);
#15814 = SURFACE_SIDE_STYLE('',(#15815));
#15815 = SURFACE_STYLE_FILL_AREA(#15816);
#15816 = FILL_AREA_STYLE('',(#15817));
#15817 = FILL_AREA_STYLE_COLOUR('',#13773);
#15818 = CURVE_STYLE('',#15819,POSITIVE_LENGTH_MEASURE(0.1),#13773);
#15819 = DRAUGHTING_PRE_DEFINED_CURVE_FONT('continuous');
#15820 = STYLED_ITEM('color',(#15821),#8581);
#15821 = PRESENTATION_STYLE_ASSIGNMENT((#15822,#15827));
#15822 = SURFACE_STYLE_USAGE(.BOTH.,#15823);
#15823 = SURFACE_SIDE_STYLE('',(#15824));
#15824 = SURFACE_STYLE_FILL_AREA(#15825);
#15825 = FILL_AREA_STYLE('',(#15826));
#15826 = FILL_AREA_STYLE_COLOUR('',#13773);
#15827 = CURVE_STYLE('',#15828,POSITIVE_LENGTH_MEASURE(0.1),#13773);
#15828 = DRAUGHTING_PRE_DEFINED_CURVE_FONT('continuous');
#15829 = STYLED_ITEM('color',(#15830),#8598);
#15830 = PRESENTATION_STYLE_ASSIGNMENT((#15831,#15836));
#15831 = SURFACE_STYLE_USAGE(.BOTH.,#15832);
#15832 = SURFACE_SIDE_STYLE('',(#15833));
#15833 = SURFACE_STYLE_FILL_AREA(#15834);
#15834 = FILL_AREA_STYLE('',(#15835));
#15835 = FILL_AREA_STYLE_COLOUR('',#13773);
#15836 = CURVE_STYLE('',#15837,POSITIVE_LENGTH_MEASURE(0.1),#13773);
#15837 = DRAUGHTING_PRE_DEFINED_CURVE_FONT('continuous');
#15838 = STYLED_ITEM('color',(#15839),#8615);
#15839 = PRESENTATION_STYLE_ASSIGNMENT((#15840,#15845));
#15840 = SURFACE_STYLE_USAGE(.BOTH.,#15841);
#15841 = SURFACE_SIDE_STYLE('',(#15842));
#15842 = SURFACE_STYLE_FILL_AREA(#15843);
#15843 = FILL_AREA_STYLE('',(#15844));
#15844 = FILL_AREA_STYLE_COLOUR('',#13773);
#15845 = CURVE_STYLE('',#15846,POSITIVE_LENGTH_MEASURE(0.1),#13773);
#15846 = DRAUGHTING_PRE_DEFINED_CURVE_FONT('continuous');
#15847 = STYLED_ITEM('color',(#15848),#8632);
#15848 = PRESENTATION_STYLE_ASSIGNMENT((#15849,#15854));
#15849 = SURFACE_STYLE_USAGE(.BOTH.,#15850);
#15850 = SURFACE_SIDE_STYLE('',(#15851));
#15851 = SURFACE_STYLE_FILL_AREA(#15852);
#15852 = FILL_AREA_STYLE('',(#15853));
#15853 = FILL_AREA_STYLE_COLOUR('',#13773);
#15854 = CURVE_STYLE('',#15855,POSITIVE_LENGTH_MEASURE(0.1),#13773);
#15855 = DRAUGHTING_PRE_DEFINED_CURVE_FONT('continuous');
#15856 = STYLED_ITEM('color',(#15857),#8649);
#15857 = PRESENTATION_STYLE_ASSIGNMENT((#15858,#15863));
#15858 = SURFACE_STYLE_USAGE(.BOTH.,#15859);
#15859 = SURFACE_SIDE_STYLE('',(#15860));
#15860 = SURFACE_STYLE_FILL_AREA(#15861);
#15861 = FILL_AREA_STYLE('',(#15862));
#15862 = FILL_AREA_STYLE_COLOUR('',#13773);
#15863 = CURVE_STYLE('',#15864,POSITIVE_LENGTH_MEASURE(0.1),#13773);
#15864 = DRAUGHTING_PRE_DEFINED_CURVE_FONT('continuous');
#15865 = STYLED_ITEM('color',(#15866),#8666);
#15866 = PRESENTATION_STYLE_ASSIGNMENT((#15867,#15872));
#15867 = SURFACE_STYLE_USAGE(.BOTH.,#15868);
#15868 = SURFACE_SIDE_STYLE('',(#15869));
#15869 = SURFACE_STYLE_FILL_AREA(#15870);
#15870 = FILL_AREA_STYLE('',(#15871));
#15871 = FILL_AREA_STYLE_COLOUR('',#13773);
#15872 = CURVE_STYLE('',#15873,POSITIVE_LENGTH_MEASURE(0.1),#13773);
#15873 = DRAUGHTING_PRE_DEFINED_CURVE_FONT('continuous');
#15874 = STYLED_ITEM('color',(#15875),#8678);
#15875 = PRESENTATION_STYLE_ASSIGNMENT((#15876,#15881));
#15876 = SURFACE_STYLE_USAGE(.BOTH.,#15877);
#15877 = SURFACE_SIDE_STYLE('',(#15878));
#15878 = SURFACE_STYLE_FILL_AREA(#15879);
#15879 = FILL_AREA_STYLE('',(#15880));
#15880 = FILL_AREA_STYLE_COLOUR('',#13773);
#15881 = CURVE_STYLE('',#15882,POSITIVE_LENGTH_MEASURE(0.1),#13773);
#15882 = DRAUGHTING_PRE_DEFINED_CURVE_FONT('continuous');
#15883 = STYLED_ITEM('color',(#15884),#8695);
#15884 = PRESENTATION_STYLE_ASSIGNMENT((#15885,#15890));
#15885 = SURFACE_STYLE_USAGE(.BOTH.,#15886);
#15886 = SURFACE_SIDE_STYLE('',(#15887));
#15887 = SURFACE_STYLE_FILL_AREA(#15888);
#15888 = FILL_AREA_STYLE('',(#15889));
#15889 = FILL_AREA_STYLE_COLOUR('',#13773);
#15890 = CURVE_STYLE('',#15891,POSITIVE_LENGTH_MEASURE(0.1),#13773);
#15891 = DRAUGHTING_PRE_DEFINED_CURVE_FONT('continuous');
#15892 = STYLED_ITEM('color',(#15893),#8712);
#15893 = PRESENTATION_STYLE_ASSIGNMENT((#15894,#15899));
#15894 = SURFACE_STYLE_USAGE(.BOTH.,#15895);
#15895 = SURFACE_SIDE_STYLE('',(#15896));
#15896 = SURFACE_STYLE_FILL_AREA(#15897);
#15897 = FILL_AREA_STYLE('',(#15898));
#15898 = FILL_AREA_STYLE_COLOUR('',#13773);
#15899 = CURVE_STYLE('',#15900,POSITIVE_LENGTH_MEASURE(0.1),#13773);
#15900 = DRAUGHTING_PRE_DEFINED_CURVE_FONT('continuous');
#15901 = STYLED_ITEM('color',(#15902),#8729);
#15902 = PRESENTATION_STYLE_ASSIGNMENT((#15903,#15908));
#15903 = SURFACE_STYLE_USAGE(.BOTH.,#15904);
#15904 = SURFACE_SIDE_STYLE('',(#15905));
#15905 = SURFACE_STYLE_FILL_AREA(#15906);
#15906 = FILL_AREA_STYLE('',(#15907));
#15907 = FILL_AREA_STYLE_COLOUR('',#13773);
#15908 = CURVE_STYLE('',#15909,POSITIVE_LENGTH_MEASURE(0.1),#13773);
#15909 = DRAUGHTING_PRE_DEFINED_CURVE_FONT('continuous');
#15910 = STYLED_ITEM('color',(#15911),#8746);
#15911 = PRESENTATION_STYLE_ASSIGNMENT((#15912,#15917));
#15912 = SURFACE_STYLE_USAGE(.BOTH.,#15913);
#15913 = SURFACE_SIDE_STYLE('',(#15914));
#15914 = SURFACE_STYLE_FILL_AREA(#15915);
#15915 = FILL_AREA_STYLE('',(#15916));
#15916 = FILL_AREA_STYLE_COLOUR('',#13773);
#15917 = CURVE_STYLE('',#15918,POSITIVE_LENGTH_MEASURE(0.1),#13773);
#15918 = DRAUGHTING_PRE_DEFINED_CURVE_FONT('continuous');
#15919 = STYLED_ITEM('color',(#15920),#8763);
#15920 = PRESENTATION_STYLE_ASSIGNMENT((#15921,#15926));
#15921 = SURFACE_STYLE_USAGE(.BOTH.,#15922);
#15922 = SURFACE_SIDE_STYLE('',(#15923));
#15923 = SURFACE_STYLE_FILL_AREA(#15924);
#15924 = FILL_AREA_STYLE('',(#15925));
#15925 = FILL_AREA_STYLE_COLOUR('',#13773);
#15926 = CURVE_STYLE('',#15927,POSITIVE_LENGTH_MEASURE(0.1),#13773);
#15927 = DRAUGHTING_PRE_DEFINED_CURVE_FONT('continuous');
#15928 = STYLED_ITEM('color',(#15929),#8780);
#15929 = PRESENTATION_STYLE_ASSIGNMENT((#15930,#15935));
#15930 = SURFACE_STYLE_USAGE(.BOTH.,#15931);
#15931 = SURFACE_SIDE_STYLE('',(#15932));
#15932 = SURFACE_STYLE_FILL_AREA(#15933);
#15933 = FILL_AREA_STYLE('',(#15934));
#15934 = FILL_AREA_STYLE_COLOUR('',#13773);
#15935 = CURVE_STYLE('',#15936,POSITIVE_LENGTH_MEASURE(0.1),#13773);
#15936 = DRAUGHTING_PRE_DEFINED_CURVE_FONT('continuous');
#15937 = STYLED_ITEM('color',(#15938),#8797);
#15938 = PRESENTATION_STYLE_ASSIGNMENT((#15939,#15944));
#15939 = SURFACE_STYLE_USAGE(.BOTH.,#15940);
#15940 = SURFACE_SIDE_STYLE('',(#15941));
#15941 = SURFACE_STYLE_FILL_AREA(#15942);
#15942 = FILL_AREA_STYLE('',(#15943));
#15943 = FILL_AREA_STYLE_COLOUR('',#13773);
#15944 = CURVE_STYLE('',#15945,POSITIVE_LENGTH_MEASURE(0.1),#13773);
#15945 = DRAUGHTING_PRE_DEFINED_CURVE_FONT('continuous');
#15946 = STYLED_ITEM('color',(#15947),#8809);
#15947 = PRESENTATION_STYLE_ASSIGNMENT((#15948,#15953));
#15948 = SURFACE_STYLE_USAGE(.BOTH.,#15949);
#15949 = SURFACE_SIDE_STYLE('',(#15950));
#15950 = SURFACE_STYLE_FILL_AREA(#15951);
#15951 = FILL_AREA_STYLE('',(#15952));
#15952 = FILL_AREA_STYLE_COLOUR('',#13773);
#15953 = CURVE_STYLE('',#15954,POSITIVE_LENGTH_MEASURE(0.1),#13773);
#15954 = DRAUGHTING_PRE_DEFINED_CURVE_FONT('continuous');
#15955 = STYLED_ITEM('color',(#15956),#8826);
#15956 = PRESENTATION_STYLE_ASSIGNMENT((#15957,#15962));
#15957 = SURFACE_STYLE_USAGE(.BOTH.,#15958);
#15958 = SURFACE_SIDE_STYLE('',(#15959));
#15959 = SURFACE_STYLE_FILL_AREA(#15960);
#15960 = FILL_AREA_STYLE('',(#15961));
#15961 = FILL_AREA_STYLE_COLOUR('',#13773);
#15962 = CURVE_STYLE('',#15963,POSITIVE_LENGTH_MEASURE(0.1),#13773);
#15963 = DRAUGHTING_PRE_DEFINED_CURVE_FONT('continuous');
#15964 = STYLED_ITEM('color',(#15965),#8843);
#15965 = PRESENTATION_STYLE_ASSIGNMENT((#15966,#15971));
#15966 = SURFACE_STYLE_USAGE(.BOTH.,#15967);
#15967 = SURFACE_SIDE_STYLE('',(#15968));
#15968 = SURFACE_STYLE_FILL_AREA(#15969);
#15969 = FILL_AREA_STYLE('',(#15970));
#15970 = FILL_AREA_STYLE_COLOUR('',#13773);
#15971 = CURVE_STYLE('',#15972,POSITIVE_LENGTH_MEASURE(0.1),#13773);
#15972 = DRAUGHTING_PRE_DEFINED_CURVE_FONT('continuous');
#15973 = STYLED_ITEM('color',(#15974),#8860);
#15974 = PRESENTATION_STYLE_ASSIGNMENT((#15975,#15980));
#15975 = SURFACE_STYLE_USAGE(.BOTH.,#15976);
#15976 = SURFACE_SIDE_STYLE('',(#15977));
#15977 = SURFACE_STYLE_FILL_AREA(#15978);
#15978 = FILL_AREA_STYLE('',(#15979));
#15979 = FILL_AREA_STYLE_COLOUR('',#13773);
#15980 = CURVE_STYLE('',#15981,POSITIVE_LENGTH_MEASURE(0.1),#13773);
#15981 = DRAUGHTING_PRE_DEFINED_CURVE_FONT('continuous');
#15982 = STYLED_ITEM('color',(#15983),#8877);
#15983 = PRESENTATION_STYLE_ASSIGNMENT((#15984,#15989));
#15984 = SURFACE_STYLE_USAGE(.BOTH.,#15985);
#15985 = SURFACE_SIDE_STYLE('',(#15986));
#15986 = SURFACE_STYLE_FILL_AREA(#15987);
#15987 = FILL_AREA_STYLE('',(#15988));
#15988 = FILL_AREA_STYLE_COLOUR('',#13773);
#15989 = CURVE_STYLE('',#15990,POSITIVE_LENGTH_MEASURE(0.1),#13773);
#15990 = DRAUGHTING_PRE_DEFINED_CURVE_FONT('continuous');
#15991 = STYLED_ITEM('color',(#15992),#8894);
#15992 = PRESENTATION_STYLE_ASSIGNMENT((#15993,#15998));
#15993 = SURFACE_STYLE_USAGE(.BOTH.,#15994);
#15994 = SURFACE_SIDE_STYLE('',(#15995));
#15995 = SURFACE_STYLE_FILL_AREA(#15996);
#15996 = FILL_AREA_STYLE('',(#15997));
#15997 = FILL_AREA_STYLE_COLOUR('',#13773);
#15998 = CURVE_STYLE('',#15999,POSITIVE_LENGTH_MEASURE(0.1),#13773);
#15999 = DRAUGHTING_PRE_DEFINED_CURVE_FONT('continuous');
#16000 = STYLED_ITEM('color',(#16001),#8911);
#16001 = PRESENTATION_STYLE_ASSIGNMENT((#16002,#16007));
#16002 = SURFACE_STYLE_USAGE(.BOTH.,#16003);
#16003 = SURFACE_SIDE_STYLE('',(#16004));
#16004 = SURFACE_STYLE_FILL_AREA(#16005);
#16005 = FILL_AREA_STYLE('',(#16006));
#16006 = FILL_AREA_STYLE_COLOUR('',#13773);
#16007 = CURVE_STYLE('',#16008,POSITIVE_LENGTH_MEASURE(0.1),#13773);
#16008 = DRAUGHTING_PRE_DEFINED_CURVE_FONT('continuous');
#16009 = STYLED_ITEM('color',(#16010),#8928);
#16010 = PRESENTATION_STYLE_ASSIGNMENT((#16011,#16016));
#16011 = SURFACE_STYLE_USAGE(.BOTH.,#16012);
#16012 = SURFACE_SIDE_STYLE('',(#16013));
#16013 = SURFACE_STYLE_FILL_AREA(#16014);
#16014 = FILL_AREA_STYLE('',(#16015));
#16015 = FILL_AREA_STYLE_COLOUR('',#13773);
#16016 = CURVE_STYLE('',#16017,POSITIVE_LENGTH_MEASURE(0.1),#13773);
#16017 = DRAUGHTING_PRE_DEFINED_CURVE_FONT('continuous');
#16018 = STYLED_ITEM('color',(#16019),#8940);
#16019 = PRESENTATION_STYLE_ASSIGNMENT((#16020,#16025));
#16020 = SURFACE_STYLE_USAGE(.BOTH.,#16021);
#16021 = SURFACE_SIDE_STYLE('',(#16022));
#16022 = SURFACE_STYLE_FILL_AREA(#16023);
#16023 = FILL_AREA_STYLE('',(#16024));
#16024 = FILL_AREA_STYLE_COLOUR('',#13773);
#16025 = CURVE_STYLE('',#16026,POSITIVE_LENGTH_MEASURE(0.1),#13773);
#16026 = DRAUGHTING_PRE_DEFINED_CURVE_FONT('continuous');
#16027 = STYLED_ITEM('color',(#16028),#8957);
#16028 = PRESENTATION_STYLE_ASSIGNMENT((#16029,#16034));
#16029 = SURFACE_STYLE_USAGE(.BOTH.,#16030);
#16030 = SURFACE_SIDE_STYLE('',(#16031));
#16031 = SURFACE_STYLE_FILL_AREA(#16032);
#16032 = FILL_AREA_STYLE('',(#16033));
#16033 = FILL_AREA_STYLE_COLOUR('',#13773);
#16034 = CURVE_STYLE('',#16035,POSITIVE_LENGTH_MEASURE(0.1),#13773);
#16035 = DRAUGHTING_PRE_DEFINED_CURVE_FONT('continuous');
#16036 = STYLED_ITEM('color',(#16037),#8974);
#16037 = PRESENTATION_STYLE_ASSIGNMENT((#16038,#16043));
#16038 = SURFACE_STYLE_USAGE(.BOTH.,#16039);
#16039 = SURFACE_SIDE_STYLE('',(#16040));
#16040 = SURFACE_STYLE_FILL_AREA(#16041);
#16041 = FILL_AREA_STYLE('',(#16042));
#16042 = FILL_AREA_STYLE_COLOUR('',#13773);
#16043 = CURVE_STYLE('',#16044,POSITIVE_LENGTH_MEASURE(0.1),#13773);
#16044 = DRAUGHTING_PRE_DEFINED_CURVE_FONT('continuous');
#16045 = STYLED_ITEM('color',(#16046),#8991);
#16046 = PRESENTATION_STYLE_ASSIGNMENT((#16047,#16052));
#16047 = SURFACE_STYLE_USAGE(.BOTH.,#16048);
#16048 = SURFACE_SIDE_STYLE('',(#16049));
#16049 = SURFACE_STYLE_FILL_AREA(#16050);
#16050 = FILL_AREA_STYLE('',(#16051));
#16051 = FILL_AREA_STYLE_COLOUR('',#13773);
#16052 = CURVE_STYLE('',#16053,POSITIVE_LENGTH_MEASURE(0.1),#13773);
#16053 = DRAUGHTING_PRE_DEFINED_CURVE_FONT('continuous');
#16054 = STYLED_ITEM('color',(#16055),#9008);
#16055 = PRESENTATION_STYLE_ASSIGNMENT((#16056,#16061));
#16056 = SURFACE_STYLE_USAGE(.BOTH.,#16057);
#16057 = SURFACE_SIDE_STYLE('',(#16058));
#16058 = SURFACE_STYLE_FILL_AREA(#16059);
#16059 = FILL_AREA_STYLE('',(#16060));
#16060 = FILL_AREA_STYLE_COLOUR('',#13773);
#16061 = CURVE_STYLE('',#16062,POSITIVE_LENGTH_MEASURE(0.1),#13773);
#16062 = DRAUGHTING_PRE_DEFINED_CURVE_FONT('continuous');
#16063 = STYLED_ITEM('color',(#16064),#9025);
#16064 = PRESENTATION_STYLE_ASSIGNMENT((#16065,#16070));
#16065 = SURFACE_STYLE_USAGE(.BOTH.,#16066);
#16066 = SURFACE_SIDE_STYLE('',(#16067));
#16067 = SURFACE_STYLE_FILL_AREA(#16068);
#16068 = FILL_AREA_STYLE('',(#16069));
#16069 = FILL_AREA_STYLE_COLOUR('',#13773);
#16070 = CURVE_STYLE('',#16071,POSITIVE_LENGTH_MEASURE(0.1),#13773);
#16071 = DRAUGHTING_PRE_DEFINED_CURVE_FONT('continuous');
#16072 = STYLED_ITEM('color',(#16073),#9042);
#16073 = PRESENTATION_STYLE_ASSIGNMENT((#16074,#16079));
#16074 = SURFACE_STYLE_USAGE(.BOTH.,#16075);
#16075 = SURFACE_SIDE_STYLE('',(#16076));
#16076 = SURFACE_STYLE_FILL_AREA(#16077);
#16077 = FILL_AREA_STYLE('',(#16078));
#16078 = FILL_AREA_STYLE_COLOUR('',#13773);
#16079 = CURVE_STYLE('',#16080,POSITIVE_LENGTH_MEASURE(0.1),#13773);
#16080 = DRAUGHTING_PRE_DEFINED_CURVE_FONT('continuous');
#16081 = STYLED_ITEM('color',(#16082),#9059);
#16082 = PRESENTATION_STYLE_ASSIGNMENT((#16083,#16088));
#16083 = SURFACE_STYLE_USAGE(.BOTH.,#16084);
#16084 = SURFACE_SIDE_STYLE('',(#16085));
#16085 = SURFACE_STYLE_FILL_AREA(#16086);
#16086 = FILL_AREA_STYLE('',(#16087));
#16087 = FILL_AREA_STYLE_COLOUR('',#13773);
#16088 = CURVE_STYLE('',#16089,POSITIVE_LENGTH_MEASURE(0.1),#13773);
#16089 = DRAUGHTING_PRE_DEFINED_CURVE_FONT('continuous');
#16090 = STYLED_ITEM('color',(#16091),#9071);
#16091 = PRESENTATION_STYLE_ASSIGNMENT((#16092,#16098));
#16092 = SURFACE_STYLE_USAGE(.BOTH.,#16093);
#16093 = SURFACE_SIDE_STYLE('',(#16094));
#16094 = SURFACE_STYLE_FILL_AREA(#16095);
#16095 = FILL_AREA_STYLE('',(#16096));
#16096 = FILL_AREA_STYLE_COLOUR('',#16097);
#16097 = COLOUR_RGB('',0.690999998585,0.664000007176,0.597999987832);
#16098 = CURVE_STYLE('',#16099,POSITIVE_LENGTH_MEASURE(0.1),#16097);
#16099 = DRAUGHTING_PRE_DEFINED_CURVE_FONT('continuous');
#16100 = MECHANICAL_DESIGN_GEOMETRIC_PRESENTATION_REPRESENTATION('',(
    #16101,#16108,#16115,#16122,#16129,#16136,#16143,#16150,#16157,
    #16164,#16171,#16178,#16185,#16192,#16199,#16206,#16213,#16220,
    #16227,#16234,#16241,#16248,#16255,#16262,#16269,#16276,#16283,
    #16290),#9976);
#16101 = STYLED_ITEM('color',(#16102),#9124);
#16102 = PRESENTATION_STYLE_ASSIGNMENT((#16103));
#16103 = SURFACE_STYLE_USAGE(.BOTH.,#16104);
#16104 = SURFACE_SIDE_STYLE('',(#16105));
#16105 = SURFACE_STYLE_FILL_AREA(#16106);
#16106 = FILL_AREA_STYLE('',(#16107));
#16107 = FILL_AREA_STYLE_COLOUR('',#13773);
#16108 = STYLED_ITEM('color',(#16109),#9200);
#16109 = PRESENTATION_STYLE_ASSIGNMENT((#16110));
#16110 = SURFACE_STYLE_USAGE(.BOTH.,#16111);
#16111 = SURFACE_SIDE_STYLE('',(#16112));
#16112 = SURFACE_STYLE_FILL_AREA(#16113);
#16113 = FILL_AREA_STYLE('',(#16114));
#16114 = FILL_AREA_STYLE_COLOUR('',#13773);
#16115 = STYLED_ITEM('color',(#16116),#9231);
#16116 = PRESENTATION_STYLE_ASSIGNMENT((#16117));
#16117 = SURFACE_STYLE_USAGE(.BOTH.,#16118);
#16118 = SURFACE_SIDE_STYLE('',(#16119));
#16119 = SURFACE_STYLE_FILL_AREA(#16120);
#16120 = FILL_AREA_STYLE('',(#16121));
#16121 = FILL_AREA_STYLE_COLOUR('',#13773);
#16122 = STYLED_ITEM('color',(#16123),#9256);
#16123 = PRESENTATION_STYLE_ASSIGNMENT((#16124));
#16124 = SURFACE_STYLE_USAGE(.BOTH.,#16125);
#16125 = SURFACE_SIDE_STYLE('',(#16126));
#16126 = SURFACE_STYLE_FILL_AREA(#16127);
#16127 = FILL_AREA_STYLE('',(#16128));
#16128 = FILL_AREA_STYLE_COLOUR('',#13773);
#16129 = STYLED_ITEM('color',(#16130),#9281);
#16130 = PRESENTATION_STYLE_ASSIGNMENT((#16131));
#16131 = SURFACE_STYLE_USAGE(.BOTH.,#16132);
#16132 = SURFACE_SIDE_STYLE('',(#16133));
#16133 = SURFACE_STYLE_FILL_AREA(#16134);
#16134 = FILL_AREA_STYLE('',(#16135));
#16135 = FILL_AREA_STYLE_COLOUR('',#13773);
#16136 = STYLED_ITEM('color',(#16137),#9305);
#16137 = PRESENTATION_STYLE_ASSIGNMENT((#16138));
#16138 = SURFACE_STYLE_USAGE(.BOTH.,#16139);
#16139 = SURFACE_SIDE_STYLE('',(#16140));
#16140 = SURFACE_STYLE_FILL_AREA(#16141);
#16141 = FILL_AREA_STYLE('',(#16142));
#16142 = FILL_AREA_STYLE_COLOUR('',#13773);
#16143 = STYLED_ITEM('color',(#16144),#9329);
#16144 = PRESENTATION_STYLE_ASSIGNMENT((#16145));
#16145 = SURFACE_STYLE_USAGE(.BOTH.,#16146);
#16146 = SURFACE_SIDE_STYLE('',(#16147));
#16147 = SURFACE_STYLE_FILL_AREA(#16148);
#16148 = FILL_AREA_STYLE('',(#16149));
#16149 = FILL_AREA_STYLE_COLOUR('',#13773);
#16150 = STYLED_ITEM('color',(#16151),#9354);
#16151 = PRESENTATION_STYLE_ASSIGNMENT((#16152));
#16152 = SURFACE_STYLE_USAGE(.BOTH.,#16153);
#16153 = SURFACE_SIDE_STYLE('',(#16154));
#16154 = SURFACE_STYLE_FILL_AREA(#16155);
#16155 = FILL_AREA_STYLE('',(#16156));
#16156 = FILL_AREA_STYLE_COLOUR('',#13773);
#16157 = STYLED_ITEM('color',(#16158),#9379);
#16158 = PRESENTATION_STYLE_ASSIGNMENT((#16159));
#16159 = SURFACE_STYLE_USAGE(.BOTH.,#16160);
#16160 = SURFACE_SIDE_STYLE('',(#16161));
#16161 = SURFACE_STYLE_FILL_AREA(#16162);
#16162 = FILL_AREA_STYLE('',(#16163));
#16163 = FILL_AREA_STYLE_COLOUR('',#13773);
#16164 = STYLED_ITEM('color',(#16165),#9396);
#16165 = PRESENTATION_STYLE_ASSIGNMENT((#16166));
#16166 = SURFACE_STYLE_USAGE(.BOTH.,#16167);
#16167 = SURFACE_SIDE_STYLE('',(#16168));
#16168 = SURFACE_STYLE_FILL_AREA(#16169);
#16169 = FILL_AREA_STYLE('',(#16170));
#16170 = FILL_AREA_STYLE_COLOUR('',#13773);
#16171 = STYLED_ITEM('color',(#16172),#9482);
#16172 = PRESENTATION_STYLE_ASSIGNMENT((#16173));
#16173 = SURFACE_STYLE_USAGE(.BOTH.,#16174);
#16174 = SURFACE_SIDE_STYLE('',(#16175));
#16175 = SURFACE_STYLE_FILL_AREA(#16176);
#16176 = FILL_AREA_STYLE('',(#16177));
#16177 = FILL_AREA_STYLE_COLOUR('',#13844);
#16178 = STYLED_ITEM('color',(#16179),#9514);
#16179 = PRESENTATION_STYLE_ASSIGNMENT((#16180));
#16180 = SURFACE_STYLE_USAGE(.BOTH.,#16181);
#16181 = SURFACE_SIDE_STYLE('',(#16182));
#16182 = SURFACE_STYLE_FILL_AREA(#16183);
#16183 = FILL_AREA_STYLE('',(#16184));
#16184 = FILL_AREA_STYLE_COLOUR('',#13844);
#16185 = STYLED_ITEM('color',(#16186),#9538);
#16186 = PRESENTATION_STYLE_ASSIGNMENT((#16187));
#16187 = SURFACE_STYLE_USAGE(.BOTH.,#16188);
#16188 = SURFACE_SIDE_STYLE('',(#16189));
#16189 = SURFACE_STYLE_FILL_AREA(#16190);
#16190 = FILL_AREA_STYLE('',(#16191));
#16191 = FILL_AREA_STYLE_COLOUR('',#13844);
#16192 = STYLED_ITEM('color',(#16193),#9563);
#16193 = PRESENTATION_STYLE_ASSIGNMENT((#16194));
#16194 = SURFACE_STYLE_USAGE(.BOTH.,#16195);
#16195 = SURFACE_SIDE_STYLE('',(#16196));
#16196 = SURFACE_STYLE_FILL_AREA(#16197);
#16197 = FILL_AREA_STYLE('',(#16198));
#16198 = FILL_AREA_STYLE_COLOUR('',#13844);
#16199 = STYLED_ITEM('color',(#16200),#9587);
#16200 = PRESENTATION_STYLE_ASSIGNMENT((#16201));
#16201 = SURFACE_STYLE_USAGE(.BOTH.,#16202);
#16202 = SURFACE_SIDE_STYLE('',(#16203));
#16203 = SURFACE_STYLE_FILL_AREA(#16204);
#16204 = FILL_AREA_STYLE('',(#16205));
#16205 = FILL_AREA_STYLE_COLOUR('',#13844);
#16206 = STYLED_ITEM('color',(#16207),#9612);
#16207 = PRESENTATION_STYLE_ASSIGNMENT((#16208));
#16208 = SURFACE_STYLE_USAGE(.BOTH.,#16209);
#16209 = SURFACE_SIDE_STYLE('',(#16210));
#16210 = SURFACE_STYLE_FILL_AREA(#16211);
#16211 = FILL_AREA_STYLE('',(#16212));
#16212 = FILL_AREA_STYLE_COLOUR('',#13844);
#16213 = STYLED_ITEM('color',(#16214),#9636);
#16214 = PRESENTATION_STYLE_ASSIGNMENT((#16215));
#16215 = SURFACE_STYLE_USAGE(.BOTH.,#16216);
#16216 = SURFACE_SIDE_STYLE('',(#16217));
#16217 = SURFACE_STYLE_FILL_AREA(#16218);
#16218 = FILL_AREA_STYLE('',(#16219));
#16219 = FILL_AREA_STYLE_COLOUR('',#13844);
#16220 = STYLED_ITEM('color',(#16221),#9661);
#16221 = PRESENTATION_STYLE_ASSIGNMENT((#16222));
#16222 = SURFACE_STYLE_USAGE(.BOTH.,#16223);
#16223 = SURFACE_SIDE_STYLE('',(#16224));
#16224 = SURFACE_STYLE_FILL_AREA(#16225);
#16225 = FILL_AREA_STYLE('',(#16226));
#16226 = FILL_AREA_STYLE_COLOUR('',#13844);
#16227 = STYLED_ITEM('color',(#16228),#9678);
#16228 = PRESENTATION_STYLE_ASSIGNMENT((#16229));
#16229 = SURFACE_STYLE_USAGE(.BOTH.,#16230);
#16230 = SURFACE_SIDE_STYLE('',(#16231));
#16231 = SURFACE_STYLE_FILL_AREA(#16232);
#16232 = FILL_AREA_STYLE('',(#16233));
#16233 = FILL_AREA_STYLE_COLOUR('',#13773);
#16234 = STYLED_ITEM('color',(#16235),#9764);
#16235 = PRESENTATION_STYLE_ASSIGNMENT((#16236));
#16236 = SURFACE_STYLE_USAGE(.BOTH.,#16237);
#16237 = SURFACE_SIDE_STYLE('',(#16238));
#16238 = SURFACE_STYLE_FILL_AREA(#16239);
#16239 = FILL_AREA_STYLE('',(#16240));
#16240 = FILL_AREA_STYLE_COLOUR('',#13773);
#16241 = STYLED_ITEM('color',(#16242),#9795);
#16242 = PRESENTATION_STYLE_ASSIGNMENT((#16243));
#16243 = SURFACE_STYLE_USAGE(.BOTH.,#16244);
#16244 = SURFACE_SIDE_STYLE('',(#16245));
#16245 = SURFACE_STYLE_FILL_AREA(#16246);
#16246 = FILL_AREA_STYLE('',(#16247));
#16247 = FILL_AREA_STYLE_COLOUR('',#13773);
#16248 = STYLED_ITEM('color',(#16249),#9820);
#16249 = PRESENTATION_STYLE_ASSIGNMENT((#16250));
#16250 = SURFACE_STYLE_USAGE(.BOTH.,#16251);
#16251 = SURFACE_SIDE_STYLE('',(#16252));
#16252 = SURFACE_STYLE_FILL_AREA(#16253);
#16253 = FILL_AREA_STYLE('',(#16254));
#16254 = FILL_AREA_STYLE_COLOUR('',#13773);
#16255 = STYLED_ITEM('color',(#16256),#9845);
#16256 = PRESENTATION_STYLE_ASSIGNMENT((#16257));
#16257 = SURFACE_STYLE_USAGE(.BOTH.,#16258);
#16258 = SURFACE_SIDE_STYLE('',(#16259));
#16259 = SURFACE_STYLE_FILL_AREA(#16260);
#16260 = FILL_AREA_STYLE('',(#16261));
#16261 = FILL_AREA_STYLE_COLOUR('',#13773);
#16262 = STYLED_ITEM('color',(#16263),#9869);
#16263 = PRESENTATION_STYLE_ASSIGNMENT((#16264));
#16264 = SURFACE_STYLE_USAGE(.BOTH.,#16265);
#16265 = SURFACE_SIDE_STYLE('',(#16266));
#16266 = SURFACE_STYLE_FILL_AREA(#16267);
#16267 = FILL_AREA_STYLE('',(#16268));
#16268 = FILL_AREA_STYLE_COLOUR('',#13773);
#16269 = STYLED_ITEM('color',(#16270),#9893);
#16270 = PRESENTATION_STYLE_ASSIGNMENT((#16271));
#16271 = SURFACE_STYLE_USAGE(.BOTH.,#16272);
#16272 = SURFACE_SIDE_STYLE('',(#16273));
#16273 = SURFACE_STYLE_FILL_AREA(#16274);
#16274 = FILL_AREA_STYLE('',(#16275));
#16275 = FILL_AREA_STYLE_COLOUR('',#13773);
#16276 = STYLED_ITEM('color',(#16277),#9918);
#16277 = PRESENTATION_STYLE_ASSIGNMENT((#16278));
#16278 = SURFACE_STYLE_USAGE(.BOTH.,#16279);
#16279 = SURFACE_SIDE_STYLE('',(#16280));
#16280 = SURFACE_STYLE_FILL_AREA(#16281);
#16281 = FILL_AREA_STYLE('',(#16282));
#16282 = FILL_AREA_STYLE_COLOUR('',#13773);
#16283 = STYLED_ITEM('color',(#16284),#9943);
#16284 = PRESENTATION_STYLE_ASSIGNMENT((#16285));
#16285 = SURFACE_STYLE_USAGE(.BOTH.,#16286);
#16286 = SURFACE_SIDE_STYLE('',(#16287));
#16287 = SURFACE_STYLE_FILL_AREA(#16288);
#16288 = FILL_AREA_STYLE('',(#16289));
#16289 = FILL_AREA_STYLE_COLOUR('',#13773);
#16290 = STYLED_ITEM('color',(#16291),#9960);
#16291 = PRESENTATION_STYLE_ASSIGNMENT((#16292));
#16292 = SURFACE_STYLE_USAGE(.BOTH.,#16293);
#16293 = SURFACE_SIDE_STYLE('',(#16294));
#16294 = SURFACE_STYLE_FILL_AREA(#16295);
#16295 = FILL_AREA_STYLE('',(#16296));
#16296 = FILL_AREA_STYLE_COLOUR('',#13773);
#16297 = MECHANICAL_DESIGN_GEOMETRIC_PRESENTATION_REPRESENTATION('',(
    #16298,#16308,#16317,#16326,#16335,#16344,#16353,#16362,#16371,
    #16380,#16389,#16398,#16407,#16416,#16425,#16434,#16443,#16452,
    #16461,#16470,#16479,#16488,#16497,#16506,#16515,#16524,#16533,
    #16542,#16551,#16560,#16569,#16578,#16587,#16596,#16605,#16614,
    #16623,#16632,#16641,#16650,#16659,#16668,#16677,#16686,#16695,
    #16704,#16713,#16722,#16731,#16740,#16749,#16758,#16767,#16776,
    #16785,#16794,#16803,#16812,#16821,#16830,#16839,#16848,#16857,
    #16866,#16875,#16884,#16893,#16902,#16911,#16920,#16929,#16938,
    #16947,#16956,#16965,#16974,#16983,#16992,#17001,#17010,#17019,
    #17028,#17037,#17046,#17055,#17064,#17073,#17082,#17091,#17100,
    #17109,#17118,#17127,#17136,#17145,#17154,#17163,#17172,#17181,
    #17190,#17199,#17208,#17217,#17226,#17235,#17244,#17253,#17262,
    #17271,#17280,#17289,#17298,#17307),#13507);
#16298 = STYLED_ITEM('color',(#16299),#10025);
#16299 = PRESENTATION_STYLE_ASSIGNMENT((#16300,#16306));
#16300 = SURFACE_STYLE_USAGE(.BOTH.,#16301);
#16301 = SURFACE_SIDE_STYLE('',(#16302));
#16302 = SURFACE_STYLE_FILL_AREA(#16303);
#16303 = FILL_AREA_STYLE('',(#16304));
#16304 = FILL_AREA_STYLE_COLOUR('',#16305);
#16305 = COLOUR_RGB('',0.894999966383,0.890999961016,0.813000030345);
#16306 = CURVE_STYLE('',#16307,POSITIVE_LENGTH_MEASURE(0.1),#16305);
#16307 = DRAUGHTING_PRE_DEFINED_CURVE_FONT('continuous');
#16308 = STYLED_ITEM('color',(#16309),#10129);
#16309 = PRESENTATION_STYLE_ASSIGNMENT((#16310,#16315));
#16310 = SURFACE_STYLE_USAGE(.BOTH.,#16311);
#16311 = SURFACE_SIDE_STYLE('',(#16312));
#16312 = SURFACE_STYLE_FILL_AREA(#16313);
#16313 = FILL_AREA_STYLE('',(#16314));
#16314 = FILL_AREA_STYLE_COLOUR('',#16305);
#16315 = CURVE_STYLE('',#16316,POSITIVE_LENGTH_MEASURE(0.1),#16305);
#16316 = DRAUGHTING_PRE_DEFINED_CURVE_FONT('continuous');
#16317 = STYLED_ITEM('color',(#16318),#10400);
#16318 = PRESENTATION_STYLE_ASSIGNMENT((#16319,#16324));
#16319 = SURFACE_STYLE_USAGE(.BOTH.,#16320);
#16320 = SURFACE_SIDE_STYLE('',(#16321));
#16321 = SURFACE_STYLE_FILL_AREA(#16322);
#16322 = FILL_AREA_STYLE('',(#16323));
#16323 = FILL_AREA_STYLE_COLOUR('',#16305);
#16324 = CURVE_STYLE('',#16325,POSITIVE_LENGTH_MEASURE(0.1),#16305);
#16325 = DRAUGHTING_PRE_DEFINED_CURVE_FONT('continuous');
#16326 = STYLED_ITEM('color',(#16327),#10424);
#16327 = PRESENTATION_STYLE_ASSIGNMENT((#16328,#16333));
#16328 = SURFACE_STYLE_USAGE(.BOTH.,#16329);
#16329 = SURFACE_SIDE_STYLE('',(#16330));
#16330 = SURFACE_STYLE_FILL_AREA(#16331);
#16331 = FILL_AREA_STYLE('',(#16332));
#16332 = FILL_AREA_STYLE_COLOUR('',#16305);
#16333 = CURVE_STYLE('',#16334,POSITIVE_LENGTH_MEASURE(0.1),#16305);
#16334 = DRAUGHTING_PRE_DEFINED_CURVE_FONT('continuous');
#16335 = STYLED_ITEM('color',(#16336),#10448);
#16336 = PRESENTATION_STYLE_ASSIGNMENT((#16337,#16342));
#16337 = SURFACE_STYLE_USAGE(.BOTH.,#16338);
#16338 = SURFACE_SIDE_STYLE('',(#16339));
#16339 = SURFACE_STYLE_FILL_AREA(#16340);
#16340 = FILL_AREA_STYLE('',(#16341));
#16341 = FILL_AREA_STYLE_COLOUR('',#16305);
#16342 = CURVE_STYLE('',#16343,POSITIVE_LENGTH_MEASURE(0.1),#16305);
#16343 = DRAUGHTING_PRE_DEFINED_CURVE_FONT('continuous');
#16344 = STYLED_ITEM('color',(#16345),#10472);
#16345 = PRESENTATION_STYLE_ASSIGNMENT((#16346,#16351));
#16346 = SURFACE_STYLE_USAGE(.BOTH.,#16347);
#16347 = SURFACE_SIDE_STYLE('',(#16348));
#16348 = SURFACE_STYLE_FILL_AREA(#16349);
#16349 = FILL_AREA_STYLE('',(#16350));
#16350 = FILL_AREA_STYLE_COLOUR('',#16305);
#16351 = CURVE_STYLE('',#16352,POSITIVE_LENGTH_MEASURE(0.1),#16305);
#16352 = DRAUGHTING_PRE_DEFINED_CURVE_FONT('continuous');
#16353 = STYLED_ITEM('color',(#16354),#10496);
#16354 = PRESENTATION_STYLE_ASSIGNMENT((#16355,#16360));
#16355 = SURFACE_STYLE_USAGE(.BOTH.,#16356);
#16356 = SURFACE_SIDE_STYLE('',(#16357));
#16357 = SURFACE_STYLE_FILL_AREA(#16358);
#16358 = FILL_AREA_STYLE('',(#16359));
#16359 = FILL_AREA_STYLE_COLOUR('',#16305);
#16360 = CURVE_STYLE('',#16361,POSITIVE_LENGTH_MEASURE(0.1),#16305);
#16361 = DRAUGHTING_PRE_DEFINED_CURVE_FONT('continuous');
#16362 = STYLED_ITEM('color',(#16363),#10657);
#16363 = PRESENTATION_STYLE_ASSIGNMENT((#16364,#16369));
#16364 = SURFACE_STYLE_USAGE(.BOTH.,#16365);
#16365 = SURFACE_SIDE_STYLE('',(#16366));
#16366 = SURFACE_STYLE_FILL_AREA(#16367);
#16367 = FILL_AREA_STYLE('',(#16368));
#16368 = FILL_AREA_STYLE_COLOUR('',#16305);
#16369 = CURVE_STYLE('',#16370,POSITIVE_LENGTH_MEASURE(0.1),#16305);
#16370 = DRAUGHTING_PRE_DEFINED_CURVE_FONT('continuous');
#16371 = STYLED_ITEM('color',(#16372),#10713);
#16372 = PRESENTATION_STYLE_ASSIGNMENT((#16373,#16378));
#16373 = SURFACE_STYLE_USAGE(.BOTH.,#16374);
#16374 = SURFACE_SIDE_STYLE('',(#16375));
#16375 = SURFACE_STYLE_FILL_AREA(#16376);
#16376 = FILL_AREA_STYLE('',(#16377));
#16377 = FILL_AREA_STYLE_COLOUR('',#16305);
#16378 = CURVE_STYLE('',#16379,POSITIVE_LENGTH_MEASURE(0.1),#16305);
#16379 = DRAUGHTING_PRE_DEFINED_CURVE_FONT('continuous');
#16380 = STYLED_ITEM('color',(#16381),#10737);
#16381 = PRESENTATION_STYLE_ASSIGNMENT((#16382,#16387));
#16382 = SURFACE_STYLE_USAGE(.BOTH.,#16383);
#16383 = SURFACE_SIDE_STYLE('',(#16384));
#16384 = SURFACE_STYLE_FILL_AREA(#16385);
#16385 = FILL_AREA_STYLE('',(#16386));
#16386 = FILL_AREA_STYLE_COLOUR('',#16305);
#16387 = CURVE_STYLE('',#16388,POSITIVE_LENGTH_MEASURE(0.1),#16305);
#16388 = DRAUGHTING_PRE_DEFINED_CURVE_FONT('continuous');
#16389 = STYLED_ITEM('color',(#16390),#10761);
#16390 = PRESENTATION_STYLE_ASSIGNMENT((#16391,#16396));
#16391 = SURFACE_STYLE_USAGE(.BOTH.,#16392);
#16392 = SURFACE_SIDE_STYLE('',(#16393));
#16393 = SURFACE_STYLE_FILL_AREA(#16394);
#16394 = FILL_AREA_STYLE('',(#16395));
#16395 = FILL_AREA_STYLE_COLOUR('',#16305);
#16396 = CURVE_STYLE('',#16397,POSITIVE_LENGTH_MEASURE(0.1),#16305);
#16397 = DRAUGHTING_PRE_DEFINED_CURVE_FONT('continuous');
#16398 = STYLED_ITEM('color',(#16399),#10785);
#16399 = PRESENTATION_STYLE_ASSIGNMENT((#16400,#16405));
#16400 = SURFACE_STYLE_USAGE(.BOTH.,#16401);
#16401 = SURFACE_SIDE_STYLE('',(#16402));
#16402 = SURFACE_STYLE_FILL_AREA(#16403);
#16403 = FILL_AREA_STYLE('',(#16404));
#16404 = FILL_AREA_STYLE_COLOUR('',#16305);
#16405 = CURVE_STYLE('',#16406,POSITIVE_LENGTH_MEASURE(0.1),#16305);
#16406 = DRAUGHTING_PRE_DEFINED_CURVE_FONT('continuous');
#16407 = STYLED_ITEM('color',(#16408),#10809);
#16408 = PRESENTATION_STYLE_ASSIGNMENT((#16409,#16414));
#16409 = SURFACE_STYLE_USAGE(.BOTH.,#16410);
#16410 = SURFACE_SIDE_STYLE('',(#16411));
#16411 = SURFACE_STYLE_FILL_AREA(#16412);
#16412 = FILL_AREA_STYLE('',(#16413));
#16413 = FILL_AREA_STYLE_COLOUR('',#16305);
#16414 = CURVE_STYLE('',#16415,POSITIVE_LENGTH_MEASURE(0.1),#16305);
#16415 = DRAUGHTING_PRE_DEFINED_CURVE_FONT('continuous');
#16416 = STYLED_ITEM('color',(#16417),#10987);
#16417 = PRESENTATION_STYLE_ASSIGNMENT((#16418,#16423));
#16418 = SURFACE_STYLE_USAGE(.BOTH.,#16419);
#16419 = SURFACE_SIDE_STYLE('',(#16420));
#16420 = SURFACE_STYLE_FILL_AREA(#16421);
#16421 = FILL_AREA_STYLE('',(#16422));
#16422 = FILL_AREA_STYLE_COLOUR('',#16305);
#16423 = CURVE_STYLE('',#16424,POSITIVE_LENGTH_MEASURE(0.1),#16305);
#16424 = DRAUGHTING_PRE_DEFINED_CURVE_FONT('continuous');
#16425 = STYLED_ITEM('color',(#16426),#11059);
#16426 = PRESENTATION_STYLE_ASSIGNMENT((#16427,#16432));
#16427 = SURFACE_STYLE_USAGE(.BOTH.,#16428);
#16428 = SURFACE_SIDE_STYLE('',(#16429));
#16429 = SURFACE_STYLE_FILL_AREA(#16430);
#16430 = FILL_AREA_STYLE('',(#16431));
#16431 = FILL_AREA_STYLE_COLOUR('',#16305);
#16432 = CURVE_STYLE('',#16433,POSITIVE_LENGTH_MEASURE(0.1),#16305);
#16433 = DRAUGHTING_PRE_DEFINED_CURVE_FONT('continuous');
#16434 = STYLED_ITEM('color',(#16435),#11083);
#16435 = PRESENTATION_STYLE_ASSIGNMENT((#16436,#16441));
#16436 = SURFACE_STYLE_USAGE(.BOTH.,#16437);
#16437 = SURFACE_SIDE_STYLE('',(#16438));
#16438 = SURFACE_STYLE_FILL_AREA(#16439);
#16439 = FILL_AREA_STYLE('',(#16440));
#16440 = FILL_AREA_STYLE_COLOUR('',#13773);
#16441 = CURVE_STYLE('',#16442,POSITIVE_LENGTH_MEASURE(0.1),#13773);
#16442 = DRAUGHTING_PRE_DEFINED_CURVE_FONT('continuous');
#16443 = STYLED_ITEM('color',(#16444),#11114);
#16444 = PRESENTATION_STYLE_ASSIGNMENT((#16445,#16450));
#16445 = SURFACE_STYLE_USAGE(.BOTH.,#16446);
#16446 = SURFACE_SIDE_STYLE('',(#16447));
#16447 = SURFACE_STYLE_FILL_AREA(#16448);
#16448 = FILL_AREA_STYLE('',(#16449));
#16449 = FILL_AREA_STYLE_COLOUR('',#13773);
#16450 = CURVE_STYLE('',#16451,POSITIVE_LENGTH_MEASURE(0.1),#13773);
#16451 = DRAUGHTING_PRE_DEFINED_CURVE_FONT('continuous');
#16452 = STYLED_ITEM('color',(#16453),#11138);
#16453 = PRESENTATION_STYLE_ASSIGNMENT((#16454,#16459));
#16454 = SURFACE_STYLE_USAGE(.BOTH.,#16455);
#16455 = SURFACE_SIDE_STYLE('',(#16456));
#16456 = SURFACE_STYLE_FILL_AREA(#16457);
#16457 = FILL_AREA_STYLE('',(#16458));
#16458 = FILL_AREA_STYLE_COLOUR('',#13773);
#16459 = CURVE_STYLE('',#16460,POSITIVE_LENGTH_MEASURE(0.1),#13773);
#16460 = DRAUGHTING_PRE_DEFINED_CURVE_FONT('continuous');
#16461 = STYLED_ITEM('color',(#16462),#11169);
#16462 = PRESENTATION_STYLE_ASSIGNMENT((#16463,#16468));
#16463 = SURFACE_STYLE_USAGE(.BOTH.,#16464);
#16464 = SURFACE_SIDE_STYLE('',(#16465));
#16465 = SURFACE_STYLE_FILL_AREA(#16466);
#16466 = FILL_AREA_STYLE('',(#16467));
#16467 = FILL_AREA_STYLE_COLOUR('',#13773);
#16468 = CURVE_STYLE('',#16469,POSITIVE_LENGTH_MEASURE(0.1),#13773);
#16469 = DRAUGHTING_PRE_DEFINED_CURVE_FONT('continuous');
#16470 = STYLED_ITEM('color',(#16471),#11193);
#16471 = PRESENTATION_STYLE_ASSIGNMENT((#16472,#16477));
#16472 = SURFACE_STYLE_USAGE(.BOTH.,#16473);
#16473 = SURFACE_SIDE_STYLE('',(#16474));
#16474 = SURFACE_STYLE_FILL_AREA(#16475);
#16475 = FILL_AREA_STYLE('',(#16476));
#16476 = FILL_AREA_STYLE_COLOUR('',#13773);
#16477 = CURVE_STYLE('',#16478,POSITIVE_LENGTH_MEASURE(0.1),#13773);
#16478 = DRAUGHTING_PRE_DEFINED_CURVE_FONT('continuous');
#16479 = STYLED_ITEM('color',(#16480),#11233);
#16480 = PRESENTATION_STYLE_ASSIGNMENT((#16481,#16486));
#16481 = SURFACE_STYLE_USAGE(.BOTH.,#16482);
#16482 = SURFACE_SIDE_STYLE('',(#16483));
#16483 = SURFACE_STYLE_FILL_AREA(#16484);
#16484 = FILL_AREA_STYLE('',(#16485));
#16485 = FILL_AREA_STYLE_COLOUR('',#13773);
#16486 = CURVE_STYLE('',#16487,POSITIVE_LENGTH_MEASURE(0.1),#13773);
#16487 = DRAUGHTING_PRE_DEFINED_CURVE_FONT('continuous');
#16488 = STYLED_ITEM('color',(#16489),#11257);
#16489 = PRESENTATION_STYLE_ASSIGNMENT((#16490,#16495));
#16490 = SURFACE_STYLE_USAGE(.BOTH.,#16491);
#16491 = SURFACE_SIDE_STYLE('',(#16492));
#16492 = SURFACE_STYLE_FILL_AREA(#16493);
#16493 = FILL_AREA_STYLE('',(#16494));
#16494 = FILL_AREA_STYLE_COLOUR('',#13773);
#16495 = CURVE_STYLE('',#16496,POSITIVE_LENGTH_MEASURE(0.1),#13773);
#16496 = DRAUGHTING_PRE_DEFINED_CURVE_FONT('continuous');
#16497 = STYLED_ITEM('color',(#16498),#11290);
#16498 = PRESENTATION_STYLE_ASSIGNMENT((#16499,#16504));
#16499 = SURFACE_STYLE_USAGE(.BOTH.,#16500);
#16500 = SURFACE_SIDE_STYLE('',(#16501));
#16501 = SURFACE_STYLE_FILL_AREA(#16502);
#16502 = FILL_AREA_STYLE('',(#16503));
#16503 = FILL_AREA_STYLE_COLOUR('',#13773);
#16504 = CURVE_STYLE('',#16505,POSITIVE_LENGTH_MEASURE(0.1),#13773);
#16505 = DRAUGHTING_PRE_DEFINED_CURVE_FONT('continuous');
#16506 = STYLED_ITEM('color',(#16507),#11330);
#16507 = PRESENTATION_STYLE_ASSIGNMENT((#16508,#16513));
#16508 = SURFACE_STYLE_USAGE(.BOTH.,#16509);
#16509 = SURFACE_SIDE_STYLE('',(#16510));
#16510 = SURFACE_STYLE_FILL_AREA(#16511);
#16511 = FILL_AREA_STYLE('',(#16512));
#16512 = FILL_AREA_STYLE_COLOUR('',#13773);
#16513 = CURVE_STYLE('',#16514,POSITIVE_LENGTH_MEASURE(0.1),#13773);
#16514 = DRAUGHTING_PRE_DEFINED_CURVE_FONT('continuous');
#16515 = STYLED_ITEM('color',(#16516),#11354);
#16516 = PRESENTATION_STYLE_ASSIGNMENT((#16517,#16522));
#16517 = SURFACE_STYLE_USAGE(.BOTH.,#16518);
#16518 = SURFACE_SIDE_STYLE('',(#16519));
#16519 = SURFACE_STYLE_FILL_AREA(#16520);
#16520 = FILL_AREA_STYLE('',(#16521));
#16521 = FILL_AREA_STYLE_COLOUR('',#13773);
#16522 = CURVE_STYLE('',#16523,POSITIVE_LENGTH_MEASURE(0.1),#13773);
#16523 = DRAUGHTING_PRE_DEFINED_CURVE_FONT('continuous');
#16524 = STYLED_ITEM('color',(#16525),#11387);
#16525 = PRESENTATION_STYLE_ASSIGNMENT((#16526,#16531));
#16526 = SURFACE_STYLE_USAGE(.BOTH.,#16527);
#16527 = SURFACE_SIDE_STYLE('',(#16528));
#16528 = SURFACE_STYLE_FILL_AREA(#16529);
#16529 = FILL_AREA_STYLE('',(#16530));
#16530 = FILL_AREA_STYLE_COLOUR('',#13773);
#16531 = CURVE_STYLE('',#16532,POSITIVE_LENGTH_MEASURE(0.1),#13773);
#16532 = DRAUGHTING_PRE_DEFINED_CURVE_FONT('continuous');
#16533 = STYLED_ITEM('color',(#16534),#11427);
#16534 = PRESENTATION_STYLE_ASSIGNMENT((#16535,#16540));
#16535 = SURFACE_STYLE_USAGE(.BOTH.,#16536);
#16536 = SURFACE_SIDE_STYLE('',(#16537));
#16537 = SURFACE_STYLE_FILL_AREA(#16538);
#16538 = FILL_AREA_STYLE('',(#16539));
#16539 = FILL_AREA_STYLE_COLOUR('',#13773);
#16540 = CURVE_STYLE('',#16541,POSITIVE_LENGTH_MEASURE(0.1),#13773);
#16541 = DRAUGHTING_PRE_DEFINED_CURVE_FONT('continuous');
#16542 = STYLED_ITEM('color',(#16543),#11451);
#16543 = PRESENTATION_STYLE_ASSIGNMENT((#16544,#16549));
#16544 = SURFACE_STYLE_USAGE(.BOTH.,#16545);
#16545 = SURFACE_SIDE_STYLE('',(#16546));
#16546 = SURFACE_STYLE_FILL_AREA(#16547);
#16547 = FILL_AREA_STYLE('',(#16548));
#16548 = FILL_AREA_STYLE_COLOUR('',#13773);
#16549 = CURVE_STYLE('',#16550,POSITIVE_LENGTH_MEASURE(0.1),#13773);
#16550 = DRAUGHTING_PRE_DEFINED_CURVE_FONT('continuous');
#16551 = STYLED_ITEM('color',(#16552),#11484);
#16552 = PRESENTATION_STYLE_ASSIGNMENT((#16553,#16558));
#16553 = SURFACE_STYLE_USAGE(.BOTH.,#16554);
#16554 = SURFACE_SIDE_STYLE('',(#16555));
#16555 = SURFACE_STYLE_FILL_AREA(#16556);
#16556 = FILL_AREA_STYLE('',(#16557));
#16557 = FILL_AREA_STYLE_COLOUR('',#13773);
#16558 = CURVE_STYLE('',#16559,POSITIVE_LENGTH_MEASURE(0.1),#13773);
#16559 = DRAUGHTING_PRE_DEFINED_CURVE_FONT('continuous');
#16560 = STYLED_ITEM('color',(#16561),#11524);
#16561 = PRESENTATION_STYLE_ASSIGNMENT((#16562,#16567));
#16562 = SURFACE_STYLE_USAGE(.BOTH.,#16563);
#16563 = SURFACE_SIDE_STYLE('',(#16564));
#16564 = SURFACE_STYLE_FILL_AREA(#16565);
#16565 = FILL_AREA_STYLE('',(#16566));
#16566 = FILL_AREA_STYLE_COLOUR('',#13773);
#16567 = CURVE_STYLE('',#16568,POSITIVE_LENGTH_MEASURE(0.1),#13773);
#16568 = DRAUGHTING_PRE_DEFINED_CURVE_FONT('continuous');
#16569 = STYLED_ITEM('color',(#16570),#11548);
#16570 = PRESENTATION_STYLE_ASSIGNMENT((#16571,#16576));
#16571 = SURFACE_STYLE_USAGE(.BOTH.,#16572);
#16572 = SURFACE_SIDE_STYLE('',(#16573));
#16573 = SURFACE_STYLE_FILL_AREA(#16574);
#16574 = FILL_AREA_STYLE('',(#16575));
#16575 = FILL_AREA_STYLE_COLOUR('',#13773);
#16576 = CURVE_STYLE('',#16577,POSITIVE_LENGTH_MEASURE(0.1),#13773);
#16577 = DRAUGHTING_PRE_DEFINED_CURVE_FONT('continuous');
#16578 = STYLED_ITEM('color',(#16579),#11581);
#16579 = PRESENTATION_STYLE_ASSIGNMENT((#16580,#16585));
#16580 = SURFACE_STYLE_USAGE(.BOTH.,#16581);
#16581 = SURFACE_SIDE_STYLE('',(#16582));
#16582 = SURFACE_STYLE_FILL_AREA(#16583);
#16583 = FILL_AREA_STYLE('',(#16584));
#16584 = FILL_AREA_STYLE_COLOUR('',#13773);
#16585 = CURVE_STYLE('',#16586,POSITIVE_LENGTH_MEASURE(0.1),#13773);
#16586 = DRAUGHTING_PRE_DEFINED_CURVE_FONT('continuous');
#16587 = STYLED_ITEM('color',(#16588),#11621);
#16588 = PRESENTATION_STYLE_ASSIGNMENT((#16589,#16594));
#16589 = SURFACE_STYLE_USAGE(.BOTH.,#16590);
#16590 = SURFACE_SIDE_STYLE('',(#16591));
#16591 = SURFACE_STYLE_FILL_AREA(#16592);
#16592 = FILL_AREA_STYLE('',(#16593));
#16593 = FILL_AREA_STYLE_COLOUR('',#13773);
#16594 = CURVE_STYLE('',#16595,POSITIVE_LENGTH_MEASURE(0.1),#13773);
#16595 = DRAUGHTING_PRE_DEFINED_CURVE_FONT('continuous');
#16596 = STYLED_ITEM('color',(#16597),#11645);
#16597 = PRESENTATION_STYLE_ASSIGNMENT((#16598,#16603));
#16598 = SURFACE_STYLE_USAGE(.BOTH.,#16599);
#16599 = SURFACE_SIDE_STYLE('',(#16600));
#16600 = SURFACE_STYLE_FILL_AREA(#16601);
#16601 = FILL_AREA_STYLE('',(#16602));
#16602 = FILL_AREA_STYLE_COLOUR('',#13773);
#16603 = CURVE_STYLE('',#16604,POSITIVE_LENGTH_MEASURE(0.1),#13773);
#16604 = DRAUGHTING_PRE_DEFINED_CURVE_FONT('continuous');
#16605 = STYLED_ITEM('color',(#16606),#11678);
#16606 = PRESENTATION_STYLE_ASSIGNMENT((#16607,#16612));
#16607 = SURFACE_STYLE_USAGE(.BOTH.,#16608);
#16608 = SURFACE_SIDE_STYLE('',(#16609));
#16609 = SURFACE_STYLE_FILL_AREA(#16610);
#16610 = FILL_AREA_STYLE('',(#16611));
#16611 = FILL_AREA_STYLE_COLOUR('',#13773);
#16612 = CURVE_STYLE('',#16613,POSITIVE_LENGTH_MEASURE(0.1),#13773);
#16613 = DRAUGHTING_PRE_DEFINED_CURVE_FONT('continuous');
#16614 = STYLED_ITEM('color',(#16615),#11718);
#16615 = PRESENTATION_STYLE_ASSIGNMENT((#16616,#16621));
#16616 = SURFACE_STYLE_USAGE(.BOTH.,#16617);
#16617 = SURFACE_SIDE_STYLE('',(#16618));
#16618 = SURFACE_STYLE_FILL_AREA(#16619);
#16619 = FILL_AREA_STYLE('',(#16620));
#16620 = FILL_AREA_STYLE_COLOUR('',#13773);
#16621 = CURVE_STYLE('',#16622,POSITIVE_LENGTH_MEASURE(0.1),#13773);
#16622 = DRAUGHTING_PRE_DEFINED_CURVE_FONT('continuous');
#16623 = STYLED_ITEM('color',(#16624),#11742);
#16624 = PRESENTATION_STYLE_ASSIGNMENT((#16625,#16630));
#16625 = SURFACE_STYLE_USAGE(.BOTH.,#16626);
#16626 = SURFACE_SIDE_STYLE('',(#16627));
#16627 = SURFACE_STYLE_FILL_AREA(#16628);
#16628 = FILL_AREA_STYLE('',(#16629));
#16629 = FILL_AREA_STYLE_COLOUR('',#13773);
#16630 = CURVE_STYLE('',#16631,POSITIVE_LENGTH_MEASURE(0.1),#13773);
#16631 = DRAUGHTING_PRE_DEFINED_CURVE_FONT('continuous');
#16632 = STYLED_ITEM('color',(#16633),#11775);
#16633 = PRESENTATION_STYLE_ASSIGNMENT((#16634,#16639));
#16634 = SURFACE_STYLE_USAGE(.BOTH.,#16635);
#16635 = SURFACE_SIDE_STYLE('',(#16636));
#16636 = SURFACE_STYLE_FILL_AREA(#16637);
#16637 = FILL_AREA_STYLE('',(#16638));
#16638 = FILL_AREA_STYLE_COLOUR('',#13773);
#16639 = CURVE_STYLE('',#16640,POSITIVE_LENGTH_MEASURE(0.1),#13773);
#16640 = DRAUGHTING_PRE_DEFINED_CURVE_FONT('continuous');
#16641 = STYLED_ITEM('color',(#16642),#11802);
#16642 = PRESENTATION_STYLE_ASSIGNMENT((#16643,#16648));
#16643 = SURFACE_STYLE_USAGE(.BOTH.,#16644);
#16644 = SURFACE_SIDE_STYLE('',(#16645));
#16645 = SURFACE_STYLE_FILL_AREA(#16646);
#16646 = FILL_AREA_STYLE('',(#16647));
#16647 = FILL_AREA_STYLE_COLOUR('',#13773);
#16648 = CURVE_STYLE('',#16649,POSITIVE_LENGTH_MEASURE(0.1),#13773);
#16649 = DRAUGHTING_PRE_DEFINED_CURVE_FONT('continuous');
#16650 = STYLED_ITEM('color',(#16651),#11820);
#16651 = PRESENTATION_STYLE_ASSIGNMENT((#16652,#16657));
#16652 = SURFACE_STYLE_USAGE(.BOTH.,#16653);
#16653 = SURFACE_SIDE_STYLE('',(#16654));
#16654 = SURFACE_STYLE_FILL_AREA(#16655);
#16655 = FILL_AREA_STYLE('',(#16656));
#16656 = FILL_AREA_STYLE_COLOUR('',#13773);
#16657 = CURVE_STYLE('',#16658,POSITIVE_LENGTH_MEASURE(0.1),#13773);
#16658 = DRAUGHTING_PRE_DEFINED_CURVE_FONT('continuous');
#16659 = STYLED_ITEM('color',(#16660),#11845);
#16660 = PRESENTATION_STYLE_ASSIGNMENT((#16661,#16666));
#16661 = SURFACE_STYLE_USAGE(.BOTH.,#16662);
#16662 = SURFACE_SIDE_STYLE('',(#16663));
#16663 = SURFACE_STYLE_FILL_AREA(#16664);
#16664 = FILL_AREA_STYLE('',(#16665));
#16665 = FILL_AREA_STYLE_COLOUR('',#16305);
#16666 = CURVE_STYLE('',#16667,POSITIVE_LENGTH_MEASURE(0.1),#16305);
#16667 = DRAUGHTING_PRE_DEFINED_CURVE_FONT('continuous');
#16668 = STYLED_ITEM('color',(#16669),#11869);
#16669 = PRESENTATION_STYLE_ASSIGNMENT((#16670,#16675));
#16670 = SURFACE_STYLE_USAGE(.BOTH.,#16671);
#16671 = SURFACE_SIDE_STYLE('',(#16672));
#16672 = SURFACE_STYLE_FILL_AREA(#16673);
#16673 = FILL_AREA_STYLE('',(#16674));
#16674 = FILL_AREA_STYLE_COLOUR('',#16305);
#16675 = CURVE_STYLE('',#16676,POSITIVE_LENGTH_MEASURE(0.1),#16305);
#16676 = DRAUGHTING_PRE_DEFINED_CURVE_FONT('continuous');
#16677 = STYLED_ITEM('color',(#16678),#11923);
#16678 = PRESENTATION_STYLE_ASSIGNMENT((#16679,#16684));
#16679 = SURFACE_STYLE_USAGE(.BOTH.,#16680);
#16680 = SURFACE_SIDE_STYLE('',(#16681));
#16681 = SURFACE_STYLE_FILL_AREA(#16682);
#16682 = FILL_AREA_STYLE('',(#16683));
#16683 = FILL_AREA_STYLE_COLOUR('',#16305);
#16684 = CURVE_STYLE('',#16685,POSITIVE_LENGTH_MEASURE(0.1),#16305);
#16685 = DRAUGHTING_PRE_DEFINED_CURVE_FONT('continuous');
#16686 = STYLED_ITEM('color',(#16687),#11947);
#16687 = PRESENTATION_STYLE_ASSIGNMENT((#16688,#16693));
#16688 = SURFACE_STYLE_USAGE(.BOTH.,#16689);
#16689 = SURFACE_SIDE_STYLE('',(#16690));
#16690 = SURFACE_STYLE_FILL_AREA(#16691);
#16691 = FILL_AREA_STYLE('',(#16692));
#16692 = FILL_AREA_STYLE_COLOUR('',#16305);
#16693 = CURVE_STYLE('',#16694,POSITIVE_LENGTH_MEASURE(0.1),#16305);
#16694 = DRAUGHTING_PRE_DEFINED_CURVE_FONT('continuous');
#16695 = STYLED_ITEM('color',(#16696),#11971);
#16696 = PRESENTATION_STYLE_ASSIGNMENT((#16697,#16702));
#16697 = SURFACE_STYLE_USAGE(.BOTH.,#16698);
#16698 = SURFACE_SIDE_STYLE('',(#16699));
#16699 = SURFACE_STYLE_FILL_AREA(#16700);
#16700 = FILL_AREA_STYLE('',(#16701));
#16701 = FILL_AREA_STYLE_COLOUR('',#16305);
#16702 = CURVE_STYLE('',#16703,POSITIVE_LENGTH_MEASURE(0.1),#16305);
#16703 = DRAUGHTING_PRE_DEFINED_CURVE_FONT('continuous');
#16704 = STYLED_ITEM('color',(#16705),#11988);
#16705 = PRESENTATION_STYLE_ASSIGNMENT((#16706,#16711));
#16706 = SURFACE_STYLE_USAGE(.BOTH.,#16707);
#16707 = SURFACE_SIDE_STYLE('',(#16708));
#16708 = SURFACE_STYLE_FILL_AREA(#16709);
#16709 = FILL_AREA_STYLE('',(#16710));
#16710 = FILL_AREA_STYLE_COLOUR('',#16305);
#16711 = CURVE_STYLE('',#16712,POSITIVE_LENGTH_MEASURE(0.1),#16305);
#16712 = DRAUGHTING_PRE_DEFINED_CURVE_FONT('continuous');
#16713 = STYLED_ITEM('color',(#16714),#12012);
#16714 = PRESENTATION_STYLE_ASSIGNMENT((#16715,#16720));
#16715 = SURFACE_STYLE_USAGE(.BOTH.,#16716);
#16716 = SURFACE_SIDE_STYLE('',(#16717));
#16717 = SURFACE_STYLE_FILL_AREA(#16718);
#16718 = FILL_AREA_STYLE('',(#16719));
#16719 = FILL_AREA_STYLE_COLOUR('',#16305);
#16720 = CURVE_STYLE('',#16721,POSITIVE_LENGTH_MEASURE(0.1),#16305);
#16721 = DRAUGHTING_PRE_DEFINED_CURVE_FONT('continuous');
#16722 = STYLED_ITEM('color',(#16723),#12059);
#16723 = PRESENTATION_STYLE_ASSIGNMENT((#16724,#16729));
#16724 = SURFACE_STYLE_USAGE(.BOTH.,#16725);
#16725 = SURFACE_SIDE_STYLE('',(#16726));
#16726 = SURFACE_STYLE_FILL_AREA(#16727);
#16727 = FILL_AREA_STYLE('',(#16728));
#16728 = FILL_AREA_STYLE_COLOUR('',#16305);
#16729 = CURVE_STYLE('',#16730,POSITIVE_LENGTH_MEASURE(0.1),#16305);
#16730 = DRAUGHTING_PRE_DEFINED_CURVE_FONT('continuous');
#16731 = STYLED_ITEM('color',(#16732),#12083);
#16732 = PRESENTATION_STYLE_ASSIGNMENT((#16733,#16738));
#16733 = SURFACE_STYLE_USAGE(.BOTH.,#16734);
#16734 = SURFACE_SIDE_STYLE('',(#16735));
#16735 = SURFACE_STYLE_FILL_AREA(#16736);
#16736 = FILL_AREA_STYLE('',(#16737));
#16737 = FILL_AREA_STYLE_COLOUR('',#16305);
#16738 = CURVE_STYLE('',#16739,POSITIVE_LENGTH_MEASURE(0.1),#16305);
#16739 = DRAUGHTING_PRE_DEFINED_CURVE_FONT('continuous');
#16740 = STYLED_ITEM('color',(#16741),#12107);
#16741 = PRESENTATION_STYLE_ASSIGNMENT((#16742,#16747));
#16742 = SURFACE_STYLE_USAGE(.BOTH.,#16743);
#16743 = SURFACE_SIDE_STYLE('',(#16744));
#16744 = SURFACE_STYLE_FILL_AREA(#16745);
#16745 = FILL_AREA_STYLE('',(#16746));
#16746 = FILL_AREA_STYLE_COLOUR('',#16305);
#16747 = CURVE_STYLE('',#16748,POSITIVE_LENGTH_MEASURE(0.1),#16305);
#16748 = DRAUGHTING_PRE_DEFINED_CURVE_FONT('continuous');
#16749 = STYLED_ITEM('color',(#16750),#12124);
#16750 = PRESENTATION_STYLE_ASSIGNMENT((#16751,#16756));
#16751 = SURFACE_STYLE_USAGE(.BOTH.,#16752);
#16752 = SURFACE_SIDE_STYLE('',(#16753));
#16753 = SURFACE_STYLE_FILL_AREA(#16754);
#16754 = FILL_AREA_STYLE('',(#16755));
#16755 = FILL_AREA_STYLE_COLOUR('',#16305);
#16756 = CURVE_STYLE('',#16757,POSITIVE_LENGTH_MEASURE(0.1),#16305);
#16757 = DRAUGHTING_PRE_DEFINED_CURVE_FONT('continuous');
#16758 = STYLED_ITEM('color',(#16759),#12141);
#16759 = PRESENTATION_STYLE_ASSIGNMENT((#16760,#16765));
#16760 = SURFACE_STYLE_USAGE(.BOTH.,#16761);
#16761 = SURFACE_SIDE_STYLE('',(#16762));
#16762 = SURFACE_STYLE_FILL_AREA(#16763);
#16763 = FILL_AREA_STYLE('',(#16764));
#16764 = FILL_AREA_STYLE_COLOUR('',#16305);
#16765 = CURVE_STYLE('',#16766,POSITIVE_LENGTH_MEASURE(0.1),#16305);
#16766 = DRAUGHTING_PRE_DEFINED_CURVE_FONT('continuous');
#16767 = STYLED_ITEM('color',(#16768),#12181);
#16768 = PRESENTATION_STYLE_ASSIGNMENT((#16769,#16774));
#16769 = SURFACE_STYLE_USAGE(.BOTH.,#16770);
#16770 = SURFACE_SIDE_STYLE('',(#16771));
#16771 = SURFACE_STYLE_FILL_AREA(#16772);
#16772 = FILL_AREA_STYLE('',(#16773));
#16773 = FILL_AREA_STYLE_COLOUR('',#16305);
#16774 = CURVE_STYLE('',#16775,POSITIVE_LENGTH_MEASURE(0.1),#16305);
#16775 = DRAUGHTING_PRE_DEFINED_CURVE_FONT('continuous');
#16776 = STYLED_ITEM('color',(#16777),#12198);
#16777 = PRESENTATION_STYLE_ASSIGNMENT((#16778,#16783));
#16778 = SURFACE_STYLE_USAGE(.BOTH.,#16779);
#16779 = SURFACE_SIDE_STYLE('',(#16780));
#16780 = SURFACE_STYLE_FILL_AREA(#16781);
#16781 = FILL_AREA_STYLE('',(#16782));
#16782 = FILL_AREA_STYLE_COLOUR('',#16305);
#16783 = CURVE_STYLE('',#16784,POSITIVE_LENGTH_MEASURE(0.1),#16305);
#16784 = DRAUGHTING_PRE_DEFINED_CURVE_FONT('continuous');
#16785 = STYLED_ITEM('color',(#16786),#12212);
#16786 = PRESENTATION_STYLE_ASSIGNMENT((#16787,#16792));
#16787 = SURFACE_STYLE_USAGE(.BOTH.,#16788);
#16788 = SURFACE_SIDE_STYLE('',(#16789));
#16789 = SURFACE_STYLE_FILL_AREA(#16790);
#16790 = FILL_AREA_STYLE('',(#16791));
#16791 = FILL_AREA_STYLE_COLOUR('',#16305);
#16792 = CURVE_STYLE('',#16793,POSITIVE_LENGTH_MEASURE(0.1),#16305);
#16793 = DRAUGHTING_PRE_DEFINED_CURVE_FONT('continuous');
#16794 = STYLED_ITEM('color',(#16795),#12229);
#16795 = PRESENTATION_STYLE_ASSIGNMENT((#16796,#16801));
#16796 = SURFACE_STYLE_USAGE(.BOTH.,#16797);
#16797 = SURFACE_SIDE_STYLE('',(#16798));
#16798 = SURFACE_STYLE_FILL_AREA(#16799);
#16799 = FILL_AREA_STYLE('',(#16800));
#16800 = FILL_AREA_STYLE_COLOUR('',#13773);
#16801 = CURVE_STYLE('',#16802,POSITIVE_LENGTH_MEASURE(0.1),#13773);
#16802 = DRAUGHTING_PRE_DEFINED_CURVE_FONT('continuous');
#16803 = STYLED_ITEM('color',(#16804),#12246);
#16804 = PRESENTATION_STYLE_ASSIGNMENT((#16805,#16810));
#16805 = SURFACE_STYLE_USAGE(.BOTH.,#16806);
#16806 = SURFACE_SIDE_STYLE('',(#16807));
#16807 = SURFACE_STYLE_FILL_AREA(#16808);
#16808 = FILL_AREA_STYLE('',(#16809));
#16809 = FILL_AREA_STYLE_COLOUR('',#13773);
#16810 = CURVE_STYLE('',#16811,POSITIVE_LENGTH_MEASURE(0.1),#13773);
#16811 = DRAUGHTING_PRE_DEFINED_CURVE_FONT('continuous');
#16812 = STYLED_ITEM('color',(#16813),#12263);
#16813 = PRESENTATION_STYLE_ASSIGNMENT((#16814,#16819));
#16814 = SURFACE_STYLE_USAGE(.BOTH.,#16815);
#16815 = SURFACE_SIDE_STYLE('',(#16816));
#16816 = SURFACE_STYLE_FILL_AREA(#16817);
#16817 = FILL_AREA_STYLE('',(#16818));
#16818 = FILL_AREA_STYLE_COLOUR('',#13773);
#16819 = CURVE_STYLE('',#16820,POSITIVE_LENGTH_MEASURE(0.1),#13773);
#16820 = DRAUGHTING_PRE_DEFINED_CURVE_FONT('continuous');
#16821 = STYLED_ITEM('color',(#16822),#12280);
#16822 = PRESENTATION_STYLE_ASSIGNMENT((#16823,#16828));
#16823 = SURFACE_STYLE_USAGE(.BOTH.,#16824);
#16824 = SURFACE_SIDE_STYLE('',(#16825));
#16825 = SURFACE_STYLE_FILL_AREA(#16826);
#16826 = FILL_AREA_STYLE('',(#16827));
#16827 = FILL_AREA_STYLE_COLOUR('',#13773);
#16828 = CURVE_STYLE('',#16829,POSITIVE_LENGTH_MEASURE(0.1),#13773);
#16829 = DRAUGHTING_PRE_DEFINED_CURVE_FONT('continuous');
#16830 = STYLED_ITEM('color',(#16831),#12297);
#16831 = PRESENTATION_STYLE_ASSIGNMENT((#16832,#16837));
#16832 = SURFACE_STYLE_USAGE(.BOTH.,#16833);
#16833 = SURFACE_SIDE_STYLE('',(#16834));
#16834 = SURFACE_STYLE_FILL_AREA(#16835);
#16835 = FILL_AREA_STYLE('',(#16836));
#16836 = FILL_AREA_STYLE_COLOUR('',#13773);
#16837 = CURVE_STYLE('',#16838,POSITIVE_LENGTH_MEASURE(0.1),#13773);
#16838 = DRAUGHTING_PRE_DEFINED_CURVE_FONT('continuous');
#16839 = STYLED_ITEM('color',(#16840),#12314);
#16840 = PRESENTATION_STYLE_ASSIGNMENT((#16841,#16846));
#16841 = SURFACE_STYLE_USAGE(.BOTH.,#16842);
#16842 = SURFACE_SIDE_STYLE('',(#16843));
#16843 = SURFACE_STYLE_FILL_AREA(#16844);
#16844 = FILL_AREA_STYLE('',(#16845));
#16845 = FILL_AREA_STYLE_COLOUR('',#13773);
#16846 = CURVE_STYLE('',#16847,POSITIVE_LENGTH_MEASURE(0.1),#13773);
#16847 = DRAUGHTING_PRE_DEFINED_CURVE_FONT('continuous');
#16848 = STYLED_ITEM('color',(#16849),#12331);
#16849 = PRESENTATION_STYLE_ASSIGNMENT((#16850,#16855));
#16850 = SURFACE_STYLE_USAGE(.BOTH.,#16851);
#16851 = SURFACE_SIDE_STYLE('',(#16852));
#16852 = SURFACE_STYLE_FILL_AREA(#16853);
#16853 = FILL_AREA_STYLE('',(#16854));
#16854 = FILL_AREA_STYLE_COLOUR('',#16305);
#16855 = CURVE_STYLE('',#16856,POSITIVE_LENGTH_MEASURE(0.1),#16305);
#16856 = DRAUGHTING_PRE_DEFINED_CURVE_FONT('continuous');
#16857 = STYLED_ITEM('color',(#16858),#12355);
#16858 = PRESENTATION_STYLE_ASSIGNMENT((#16859,#16864));
#16859 = SURFACE_STYLE_USAGE(.BOTH.,#16860);
#16860 = SURFACE_SIDE_STYLE('',(#16861));
#16861 = SURFACE_STYLE_FILL_AREA(#16862);
#16862 = FILL_AREA_STYLE('',(#16863));
#16863 = FILL_AREA_STYLE_COLOUR('',#16305);
#16864 = CURVE_STYLE('',#16865,POSITIVE_LENGTH_MEASURE(0.1),#16305);
#16865 = DRAUGHTING_PRE_DEFINED_CURVE_FONT('continuous');
#16866 = STYLED_ITEM('color',(#16867),#12372);
#16867 = PRESENTATION_STYLE_ASSIGNMENT((#16868,#16873));
#16868 = SURFACE_STYLE_USAGE(.BOTH.,#16869);
#16869 = SURFACE_SIDE_STYLE('',(#16870));
#16870 = SURFACE_STYLE_FILL_AREA(#16871);
#16871 = FILL_AREA_STYLE('',(#16872));
#16872 = FILL_AREA_STYLE_COLOUR('',#16305);
#16873 = CURVE_STYLE('',#16874,POSITIVE_LENGTH_MEASURE(0.1),#16305);
#16874 = DRAUGHTING_PRE_DEFINED_CURVE_FONT('continuous');
#16875 = STYLED_ITEM('color',(#16876),#12389);
#16876 = PRESENTATION_STYLE_ASSIGNMENT((#16877,#16882));
#16877 = SURFACE_STYLE_USAGE(.BOTH.,#16878);
#16878 = SURFACE_SIDE_STYLE('',(#16879));
#16879 = SURFACE_STYLE_FILL_AREA(#16880);
#16880 = FILL_AREA_STYLE('',(#16881));
#16881 = FILL_AREA_STYLE_COLOUR('',#16305);
#16882 = CURVE_STYLE('',#16883,POSITIVE_LENGTH_MEASURE(0.1),#16305);
#16883 = DRAUGHTING_PRE_DEFINED_CURVE_FONT('continuous');
#16884 = STYLED_ITEM('color',(#16885),#12401);
#16885 = PRESENTATION_STYLE_ASSIGNMENT((#16886,#16891));
#16886 = SURFACE_STYLE_USAGE(.BOTH.,#16887);
#16887 = SURFACE_SIDE_STYLE('',(#16888));
#16888 = SURFACE_STYLE_FILL_AREA(#16889);
#16889 = FILL_AREA_STYLE('',(#16890));
#16890 = FILL_AREA_STYLE_COLOUR('',#13773);
#16891 = CURVE_STYLE('',#16892,POSITIVE_LENGTH_MEASURE(0.1),#13773);
#16892 = DRAUGHTING_PRE_DEFINED_CURVE_FONT('continuous');
#16893 = STYLED_ITEM('color',(#16894),#12421);
#16894 = PRESENTATION_STYLE_ASSIGNMENT((#16895,#16900));
#16895 = SURFACE_STYLE_USAGE(.BOTH.,#16896);
#16896 = SURFACE_SIDE_STYLE('',(#16897));
#16897 = SURFACE_STYLE_FILL_AREA(#16898);
#16898 = FILL_AREA_STYLE('',(#16899));
#16899 = FILL_AREA_STYLE_COLOUR('',#13773);
#16900 = CURVE_STYLE('',#16901,POSITIVE_LENGTH_MEASURE(0.1),#13773);
#16901 = DRAUGHTING_PRE_DEFINED_CURVE_FONT('continuous');
#16902 = STYLED_ITEM('color',(#16903),#12433);
#16903 = PRESENTATION_STYLE_ASSIGNMENT((#16904,#16909));
#16904 = SURFACE_STYLE_USAGE(.BOTH.,#16905);
#16905 = SURFACE_SIDE_STYLE('',(#16906));
#16906 = SURFACE_STYLE_FILL_AREA(#16907);
#16907 = FILL_AREA_STYLE('',(#16908));
#16908 = FILL_AREA_STYLE_COLOUR('',#13773);
#16909 = CURVE_STYLE('',#16910,POSITIVE_LENGTH_MEASURE(0.1),#13773);
#16910 = DRAUGHTING_PRE_DEFINED_CURVE_FONT('continuous');
#16911 = STYLED_ITEM('color',(#16912),#12445);
#16912 = PRESENTATION_STYLE_ASSIGNMENT((#16913,#16918));
#16913 = SURFACE_STYLE_USAGE(.BOTH.,#16914);
#16914 = SURFACE_SIDE_STYLE('',(#16915));
#16915 = SURFACE_STYLE_FILL_AREA(#16916);
#16916 = FILL_AREA_STYLE('',(#16917));
#16917 = FILL_AREA_STYLE_COLOUR('',#13773);
#16918 = CURVE_STYLE('',#16919,POSITIVE_LENGTH_MEASURE(0.1),#13773);
#16919 = DRAUGHTING_PRE_DEFINED_CURVE_FONT('continuous');
#16920 = STYLED_ITEM('color',(#16921),#12462);
#16921 = PRESENTATION_STYLE_ASSIGNMENT((#16922,#16927));
#16922 = SURFACE_STYLE_USAGE(.BOTH.,#16923);
#16923 = SURFACE_SIDE_STYLE('',(#16924));
#16924 = SURFACE_STYLE_FILL_AREA(#16925);
#16925 = FILL_AREA_STYLE('',(#16926));
#16926 = FILL_AREA_STYLE_COLOUR('',#13773);
#16927 = CURVE_STYLE('',#16928,POSITIVE_LENGTH_MEASURE(0.1),#13773);
#16928 = DRAUGHTING_PRE_DEFINED_CURVE_FONT('continuous');
#16929 = STYLED_ITEM('color',(#16930),#12474);
#16930 = PRESENTATION_STYLE_ASSIGNMENT((#16931,#16936));
#16931 = SURFACE_STYLE_USAGE(.BOTH.,#16932);
#16932 = SURFACE_SIDE_STYLE('',(#16933));
#16933 = SURFACE_STYLE_FILL_AREA(#16934);
#16934 = FILL_AREA_STYLE('',(#16935));
#16935 = FILL_AREA_STYLE_COLOUR('',#13773);
#16936 = CURVE_STYLE('',#16937,POSITIVE_LENGTH_MEASURE(0.1),#13773);
#16937 = DRAUGHTING_PRE_DEFINED_CURVE_FONT('continuous');
#16938 = STYLED_ITEM('color',(#16939),#12491);
#16939 = PRESENTATION_STYLE_ASSIGNMENT((#16940,#16945));
#16940 = SURFACE_STYLE_USAGE(.BOTH.,#16941);
#16941 = SURFACE_SIDE_STYLE('',(#16942));
#16942 = SURFACE_STYLE_FILL_AREA(#16943);
#16943 = FILL_AREA_STYLE('',(#16944));
#16944 = FILL_AREA_STYLE_COLOUR('',#13773);
#16945 = CURVE_STYLE('',#16946,POSITIVE_LENGTH_MEASURE(0.1),#13773);
#16946 = DRAUGHTING_PRE_DEFINED_CURVE_FONT('continuous');
#16947 = STYLED_ITEM('color',(#16948),#12503);
#16948 = PRESENTATION_STYLE_ASSIGNMENT((#16949,#16954));
#16949 = SURFACE_STYLE_USAGE(.BOTH.,#16950);
#16950 = SURFACE_SIDE_STYLE('',(#16951));
#16951 = SURFACE_STYLE_FILL_AREA(#16952);
#16952 = FILL_AREA_STYLE('',(#16953));
#16953 = FILL_AREA_STYLE_COLOUR('',#13773);
#16954 = CURVE_STYLE('',#16955,POSITIVE_LENGTH_MEASURE(0.1),#13773);
#16955 = DRAUGHTING_PRE_DEFINED_CURVE_FONT('continuous');
#16956 = STYLED_ITEM('color',(#16957),#12520);
#16957 = PRESENTATION_STYLE_ASSIGNMENT((#16958,#16963));
#16958 = SURFACE_STYLE_USAGE(.BOTH.,#16959);
#16959 = SURFACE_SIDE_STYLE('',(#16960));
#16960 = SURFACE_STYLE_FILL_AREA(#16961);
#16961 = FILL_AREA_STYLE('',(#16962));
#16962 = FILL_AREA_STYLE_COLOUR('',#13773);
#16963 = CURVE_STYLE('',#16964,POSITIVE_LENGTH_MEASURE(0.1),#13773);
#16964 = DRAUGHTING_PRE_DEFINED_CURVE_FONT('continuous');
#16965 = STYLED_ITEM('color',(#16966),#12532);
#16966 = PRESENTATION_STYLE_ASSIGNMENT((#16967,#16972));
#16967 = SURFACE_STYLE_USAGE(.BOTH.,#16968);
#16968 = SURFACE_SIDE_STYLE('',(#16969));
#16969 = SURFACE_STYLE_FILL_AREA(#16970);
#16970 = FILL_AREA_STYLE('',(#16971));
#16971 = FILL_AREA_STYLE_COLOUR('',#13773);
#16972 = CURVE_STYLE('',#16973,POSITIVE_LENGTH_MEASURE(0.1),#13773);
#16973 = DRAUGHTING_PRE_DEFINED_CURVE_FONT('continuous');
#16974 = STYLED_ITEM('color',(#16975),#12549);
#16975 = PRESENTATION_STYLE_ASSIGNMENT((#16976,#16981));
#16976 = SURFACE_STYLE_USAGE(.BOTH.,#16977);
#16977 = SURFACE_SIDE_STYLE('',(#16978));
#16978 = SURFACE_STYLE_FILL_AREA(#16979);
#16979 = FILL_AREA_STYLE('',(#16980));
#16980 = FILL_AREA_STYLE_COLOUR('',#13773);
#16981 = CURVE_STYLE('',#16982,POSITIVE_LENGTH_MEASURE(0.1),#13773);
#16982 = DRAUGHTING_PRE_DEFINED_CURVE_FONT('continuous');
#16983 = STYLED_ITEM('color',(#16984),#12561);
#16984 = PRESENTATION_STYLE_ASSIGNMENT((#16985,#16990));
#16985 = SURFACE_STYLE_USAGE(.BOTH.,#16986);
#16986 = SURFACE_SIDE_STYLE('',(#16987));
#16987 = SURFACE_STYLE_FILL_AREA(#16988);
#16988 = FILL_AREA_STYLE('',(#16989));
#16989 = FILL_AREA_STYLE_COLOUR('',#13773);
#16990 = CURVE_STYLE('',#16991,POSITIVE_LENGTH_MEASURE(0.1),#13773);
#16991 = DRAUGHTING_PRE_DEFINED_CURVE_FONT('continuous');
#16992 = STYLED_ITEM('color',(#16993),#12578);
#16993 = PRESENTATION_STYLE_ASSIGNMENT((#16994,#16999));
#16994 = SURFACE_STYLE_USAGE(.BOTH.,#16995);
#16995 = SURFACE_SIDE_STYLE('',(#16996));
#16996 = SURFACE_STYLE_FILL_AREA(#16997);
#16997 = FILL_AREA_STYLE('',(#16998));
#16998 = FILL_AREA_STYLE_COLOUR('',#13773);
#16999 = CURVE_STYLE('',#17000,POSITIVE_LENGTH_MEASURE(0.1),#13773);
#17000 = DRAUGHTING_PRE_DEFINED_CURVE_FONT('continuous');
#17001 = STYLED_ITEM('color',(#17002),#12590);
#17002 = PRESENTATION_STYLE_ASSIGNMENT((#17003,#17008));
#17003 = SURFACE_STYLE_USAGE(.BOTH.,#17004);
#17004 = SURFACE_SIDE_STYLE('',(#17005));
#17005 = SURFACE_STYLE_FILL_AREA(#17006);
#17006 = FILL_AREA_STYLE('',(#17007));
#17007 = FILL_AREA_STYLE_COLOUR('',#13773);
#17008 = CURVE_STYLE('',#17009,POSITIVE_LENGTH_MEASURE(0.1),#13773);
#17009 = DRAUGHTING_PRE_DEFINED_CURVE_FONT('continuous');
#17010 = STYLED_ITEM('color',(#17011),#12607);
#17011 = PRESENTATION_STYLE_ASSIGNMENT((#17012,#17017));
#17012 = SURFACE_STYLE_USAGE(.BOTH.,#17013);
#17013 = SURFACE_SIDE_STYLE('',(#17014));
#17014 = SURFACE_STYLE_FILL_AREA(#17015);
#17015 = FILL_AREA_STYLE('',(#17016));
#17016 = FILL_AREA_STYLE_COLOUR('',#13773);
#17017 = CURVE_STYLE('',#17018,POSITIVE_LENGTH_MEASURE(0.1),#13773);
#17018 = DRAUGHTING_PRE_DEFINED_CURVE_FONT('continuous');
#17019 = STYLED_ITEM('color',(#17020),#12619);
#17020 = PRESENTATION_STYLE_ASSIGNMENT((#17021,#17026));
#17021 = SURFACE_STYLE_USAGE(.BOTH.,#17022);
#17022 = SURFACE_SIDE_STYLE('',(#17023));
#17023 = SURFACE_STYLE_FILL_AREA(#17024);
#17024 = FILL_AREA_STYLE('',(#17025));
#17025 = FILL_AREA_STYLE_COLOUR('',#16305);
#17026 = CURVE_STYLE('',#17027,POSITIVE_LENGTH_MEASURE(0.1),#16305);
#17027 = DRAUGHTING_PRE_DEFINED_CURVE_FONT('continuous');
#17028 = STYLED_ITEM('color',(#17029),#12631);
#17029 = PRESENTATION_STYLE_ASSIGNMENT((#17030,#17035));
#17030 = SURFACE_STYLE_USAGE(.BOTH.,#17031);
#17031 = SURFACE_SIDE_STYLE('',(#17032));
#17032 = SURFACE_STYLE_FILL_AREA(#17033);
#17033 = FILL_AREA_STYLE('',(#17034));
#17034 = FILL_AREA_STYLE_COLOUR('',#16305);
#17035 = CURVE_STYLE('',#17036,POSITIVE_LENGTH_MEASURE(0.1),#16305);
#17036 = DRAUGHTING_PRE_DEFINED_CURVE_FONT('continuous');
#17037 = STYLED_ITEM('color',(#17038),#12847);
#17038 = PRESENTATION_STYLE_ASSIGNMENT((#17039,#17044));
#17039 = SURFACE_STYLE_USAGE(.BOTH.,#17040);
#17040 = SURFACE_SIDE_STYLE('',(#17041));
#17041 = SURFACE_STYLE_FILL_AREA(#17042);
#17042 = FILL_AREA_STYLE('',(#17043));
#17043 = FILL_AREA_STYLE_COLOUR('',#16305);
#17044 = CURVE_STYLE('',#17045,POSITIVE_LENGTH_MEASURE(0.1),#16305);
#17045 = DRAUGHTING_PRE_DEFINED_CURVE_FONT('continuous');
#17046 = STYLED_ITEM('color',(#17047),#12859);
#17047 = PRESENTATION_STYLE_ASSIGNMENT((#17048,#17053));
#17048 = SURFACE_STYLE_USAGE(.BOTH.,#17049);
#17049 = SURFACE_SIDE_STYLE('',(#17050));
#17050 = SURFACE_STYLE_FILL_AREA(#17051);
#17051 = FILL_AREA_STYLE('',(#17052));
#17052 = FILL_AREA_STYLE_COLOUR('',#13773);
#17053 = CURVE_STYLE('',#17054,POSITIVE_LENGTH_MEASURE(0.1),#13773);
#17054 = DRAUGHTING_PRE_DEFINED_CURVE_FONT('continuous');
#17055 = STYLED_ITEM('color',(#17056),#12890);
#17056 = PRESENTATION_STYLE_ASSIGNMENT((#17057,#17062));
#17057 = SURFACE_STYLE_USAGE(.BOTH.,#17058);
#17058 = SURFACE_SIDE_STYLE('',(#17059));
#17059 = SURFACE_STYLE_FILL_AREA(#17060);
#17060 = FILL_AREA_STYLE('',(#17061));
#17061 = FILL_AREA_STYLE_COLOUR('',#13773);
#17062 = CURVE_STYLE('',#17063,POSITIVE_LENGTH_MEASURE(0.1),#13773);
#17063 = DRAUGHTING_PRE_DEFINED_CURVE_FONT('continuous');
#17064 = STYLED_ITEM('color',(#17065),#12914);
#17065 = PRESENTATION_STYLE_ASSIGNMENT((#17066,#17071));
#17066 = SURFACE_STYLE_USAGE(.BOTH.,#17067);
#17067 = SURFACE_SIDE_STYLE('',(#17068));
#17068 = SURFACE_STYLE_FILL_AREA(#17069);
#17069 = FILL_AREA_STYLE('',(#17070));
#17070 = FILL_AREA_STYLE_COLOUR('',#13773);
#17071 = CURVE_STYLE('',#17072,POSITIVE_LENGTH_MEASURE(0.1),#13773);
#17072 = DRAUGHTING_PRE_DEFINED_CURVE_FONT('continuous');
#17073 = STYLED_ITEM('color',(#17074),#12938);
#17074 = PRESENTATION_STYLE_ASSIGNMENT((#17075,#17080));
#17075 = SURFACE_STYLE_USAGE(.BOTH.,#17076);
#17076 = SURFACE_SIDE_STYLE('',(#17077));
#17077 = SURFACE_STYLE_FILL_AREA(#17078);
#17078 = FILL_AREA_STYLE('',(#17079));
#17079 = FILL_AREA_STYLE_COLOUR('',#13773);
#17080 = CURVE_STYLE('',#17081,POSITIVE_LENGTH_MEASURE(0.1),#13773);
#17081 = DRAUGHTING_PRE_DEFINED_CURVE_FONT('continuous');
#17082 = STYLED_ITEM('color',(#17083),#12955);
#17083 = PRESENTATION_STYLE_ASSIGNMENT((#17084,#17089));
#17084 = SURFACE_STYLE_USAGE(.BOTH.,#17085);
#17085 = SURFACE_SIDE_STYLE('',(#17086));
#17086 = SURFACE_STYLE_FILL_AREA(#17087);
#17087 = FILL_AREA_STYLE('',(#17088));
#17088 = FILL_AREA_STYLE_COLOUR('',#13773);
#17089 = CURVE_STYLE('',#17090,POSITIVE_LENGTH_MEASURE(0.1),#13773);
#17090 = DRAUGHTING_PRE_DEFINED_CURVE_FONT('continuous');
#17091 = STYLED_ITEM('color',(#17092),#12986);
#17092 = PRESENTATION_STYLE_ASSIGNMENT((#17093,#17098));
#17093 = SURFACE_STYLE_USAGE(.BOTH.,#17094);
#17094 = SURFACE_SIDE_STYLE('',(#17095));
#17095 = SURFACE_STYLE_FILL_AREA(#17096);
#17096 = FILL_AREA_STYLE('',(#17097));
#17097 = FILL_AREA_STYLE_COLOUR('',#13773);
#17098 = CURVE_STYLE('',#17099,POSITIVE_LENGTH_MEASURE(0.1),#13773);
#17099 = DRAUGHTING_PRE_DEFINED_CURVE_FONT('continuous');
#17100 = STYLED_ITEM('color',(#17101),#13010);
#17101 = PRESENTATION_STYLE_ASSIGNMENT((#17102,#17107));
#17102 = SURFACE_STYLE_USAGE(.BOTH.,#17103);
#17103 = SURFACE_SIDE_STYLE('',(#17104));
#17104 = SURFACE_STYLE_FILL_AREA(#17105);
#17105 = FILL_AREA_STYLE('',(#17106));
#17106 = FILL_AREA_STYLE_COLOUR('',#13773);
#17107 = CURVE_STYLE('',#17108,POSITIVE_LENGTH_MEASURE(0.1),#13773);
#17108 = DRAUGHTING_PRE_DEFINED_CURVE_FONT('continuous');
#17109 = STYLED_ITEM('color',(#17110),#13034);
#17110 = PRESENTATION_STYLE_ASSIGNMENT((#17111,#17116));
#17111 = SURFACE_STYLE_USAGE(.BOTH.,#17112);
#17112 = SURFACE_SIDE_STYLE('',(#17113));
#17113 = SURFACE_STYLE_FILL_AREA(#17114);
#17114 = FILL_AREA_STYLE('',(#17115));
#17115 = FILL_AREA_STYLE_COLOUR('',#13773);
#17116 = CURVE_STYLE('',#17117,POSITIVE_LENGTH_MEASURE(0.1),#13773);
#17117 = DRAUGHTING_PRE_DEFINED_CURVE_FONT('continuous');
#17118 = STYLED_ITEM('color',(#17119),#13051);
#17119 = PRESENTATION_STYLE_ASSIGNMENT((#17120,#17125));
#17120 = SURFACE_STYLE_USAGE(.BOTH.,#17121);
#17121 = SURFACE_SIDE_STYLE('',(#17122));
#17122 = SURFACE_STYLE_FILL_AREA(#17123);
#17123 = FILL_AREA_STYLE('',(#17124));
#17124 = FILL_AREA_STYLE_COLOUR('',#13773);
#17125 = CURVE_STYLE('',#17126,POSITIVE_LENGTH_MEASURE(0.1),#13773);
#17126 = DRAUGHTING_PRE_DEFINED_CURVE_FONT('continuous');
#17127 = STYLED_ITEM('color',(#17128),#13082);
#17128 = PRESENTATION_STYLE_ASSIGNMENT((#17129,#17134));
#17129 = SURFACE_STYLE_USAGE(.BOTH.,#17130);
#17130 = SURFACE_SIDE_STYLE('',(#17131));
#17131 = SURFACE_STYLE_FILL_AREA(#17132);
#17132 = FILL_AREA_STYLE('',(#17133));
#17133 = FILL_AREA_STYLE_COLOUR('',#13773);
#17134 = CURVE_STYLE('',#17135,POSITIVE_LENGTH_MEASURE(0.1),#13773);
#17135 = DRAUGHTING_PRE_DEFINED_CURVE_FONT('continuous');
#17136 = STYLED_ITEM('color',(#17137),#13106);
#17137 = PRESENTATION_STYLE_ASSIGNMENT((#17138,#17143));
#17138 = SURFACE_STYLE_USAGE(.BOTH.,#17139);
#17139 = SURFACE_SIDE_STYLE('',(#17140));
#17140 = SURFACE_STYLE_FILL_AREA(#17141);
#17141 = FILL_AREA_STYLE('',(#17142));
#17142 = FILL_AREA_STYLE_COLOUR('',#13773);
#17143 = CURVE_STYLE('',#17144,POSITIVE_LENGTH_MEASURE(0.1),#13773);
#17144 = DRAUGHTING_PRE_DEFINED_CURVE_FONT('continuous');
#17145 = STYLED_ITEM('color',(#17146),#13130);
#17146 = PRESENTATION_STYLE_ASSIGNMENT((#17147,#17152));
#17147 = SURFACE_STYLE_USAGE(.BOTH.,#17148);
#17148 = SURFACE_SIDE_STYLE('',(#17149));
#17149 = SURFACE_STYLE_FILL_AREA(#17150);
#17150 = FILL_AREA_STYLE('',(#17151));
#17151 = FILL_AREA_STYLE_COLOUR('',#13773);
#17152 = CURVE_STYLE('',#17153,POSITIVE_LENGTH_MEASURE(0.1),#13773);
#17153 = DRAUGHTING_PRE_DEFINED_CURVE_FONT('continuous');
#17154 = STYLED_ITEM('color',(#17155),#13147);
#17155 = PRESENTATION_STYLE_ASSIGNMENT((#17156,#17161));
#17156 = SURFACE_STYLE_USAGE(.BOTH.,#17157);
#17157 = SURFACE_SIDE_STYLE('',(#17158));
#17158 = SURFACE_STYLE_FILL_AREA(#17159);
#17159 = FILL_AREA_STYLE('',(#17160));
#17160 = FILL_AREA_STYLE_COLOUR('',#13773);
#17161 = CURVE_STYLE('',#17162,POSITIVE_LENGTH_MEASURE(0.1),#13773);
#17162 = DRAUGHTING_PRE_DEFINED_CURVE_FONT('continuous');
#17163 = STYLED_ITEM('color',(#17164),#13178);
#17164 = PRESENTATION_STYLE_ASSIGNMENT((#17165,#17170));
#17165 = SURFACE_STYLE_USAGE(.BOTH.,#17166);
#17166 = SURFACE_SIDE_STYLE('',(#17167));
#17167 = SURFACE_STYLE_FILL_AREA(#17168);
#17168 = FILL_AREA_STYLE('',(#17169));
#17169 = FILL_AREA_STYLE_COLOUR('',#13773);
#17170 = CURVE_STYLE('',#17171,POSITIVE_LENGTH_MEASURE(0.1),#13773);
#17171 = DRAUGHTING_PRE_DEFINED_CURVE_FONT('continuous');
#17172 = STYLED_ITEM('color',(#17173),#13202);
#17173 = PRESENTATION_STYLE_ASSIGNMENT((#17174,#17179));
#17174 = SURFACE_STYLE_USAGE(.BOTH.,#17175);
#17175 = SURFACE_SIDE_STYLE('',(#17176));
#17176 = SURFACE_STYLE_FILL_AREA(#17177);
#17177 = FILL_AREA_STYLE('',(#17178));
#17178 = FILL_AREA_STYLE_COLOUR('',#13773);
#17179 = CURVE_STYLE('',#17180,POSITIVE_LENGTH_MEASURE(0.1),#13773);
#17180 = DRAUGHTING_PRE_DEFINED_CURVE_FONT('continuous');
#17181 = STYLED_ITEM('color',(#17182),#13226);
#17182 = PRESENTATION_STYLE_ASSIGNMENT((#17183,#17188));
#17183 = SURFACE_STYLE_USAGE(.BOTH.,#17184);
#17184 = SURFACE_SIDE_STYLE('',(#17185));
#17185 = SURFACE_STYLE_FILL_AREA(#17186);
#17186 = FILL_AREA_STYLE('',(#17187));
#17187 = FILL_AREA_STYLE_COLOUR('',#13773);
#17188 = CURVE_STYLE('',#17189,POSITIVE_LENGTH_MEASURE(0.1),#13773);
#17189 = DRAUGHTING_PRE_DEFINED_CURVE_FONT('continuous');
#17190 = STYLED_ITEM('color',(#17191),#13243);
#17191 = PRESENTATION_STYLE_ASSIGNMENT((#17192,#17197));
#17192 = SURFACE_STYLE_USAGE(.BOTH.,#17193);
#17193 = SURFACE_SIDE_STYLE('',(#17194));
#17194 = SURFACE_STYLE_FILL_AREA(#17195);
#17195 = FILL_AREA_STYLE('',(#17196));
#17196 = FILL_AREA_STYLE_COLOUR('',#13773);
#17197 = CURVE_STYLE('',#17198,POSITIVE_LENGTH_MEASURE(0.1),#13773);
#17198 = DRAUGHTING_PRE_DEFINED_CURVE_FONT('continuous');
#17199 = STYLED_ITEM('color',(#17200),#13274);
#17200 = PRESENTATION_STYLE_ASSIGNMENT((#17201,#17206));
#17201 = SURFACE_STYLE_USAGE(.BOTH.,#17202);
#17202 = SURFACE_SIDE_STYLE('',(#17203));
#17203 = SURFACE_STYLE_FILL_AREA(#17204);
#17204 = FILL_AREA_STYLE('',(#17205));
#17205 = FILL_AREA_STYLE_COLOUR('',#13773);
#17206 = CURVE_STYLE('',#17207,POSITIVE_LENGTH_MEASURE(0.1),#13773);
#17207 = DRAUGHTING_PRE_DEFINED_CURVE_FONT('continuous');
#17208 = STYLED_ITEM('color',(#17209),#13298);
#17209 = PRESENTATION_STYLE_ASSIGNMENT((#17210,#17215));
#17210 = SURFACE_STYLE_USAGE(.BOTH.,#17211);
#17211 = SURFACE_SIDE_STYLE('',(#17212));
#17212 = SURFACE_STYLE_FILL_AREA(#17213);
#17213 = FILL_AREA_STYLE('',(#17214));
#17214 = FILL_AREA_STYLE_COLOUR('',#13773);
#17215 = CURVE_STYLE('',#17216,POSITIVE_LENGTH_MEASURE(0.1),#13773);
#17216 = DRAUGHTING_PRE_DEFINED_CURVE_FONT('continuous');
#17217 = STYLED_ITEM('color',(#17218),#13322);
#17218 = PRESENTATION_STYLE_ASSIGNMENT((#17219,#17224));
#17219 = SURFACE_STYLE_USAGE(.BOTH.,#17220);
#17220 = SURFACE_SIDE_STYLE('',(#17221));
#17221 = SURFACE_STYLE_FILL_AREA(#17222);
#17222 = FILL_AREA_STYLE('',(#17223));
#17223 = FILL_AREA_STYLE_COLOUR('',#13773);
#17224 = CURVE_STYLE('',#17225,POSITIVE_LENGTH_MEASURE(0.1),#13773);
#17225 = DRAUGHTING_PRE_DEFINED_CURVE_FONT('continuous');
#17226 = STYLED_ITEM('color',(#17227),#13339);
#17227 = PRESENTATION_STYLE_ASSIGNMENT((#17228,#17233));
#17228 = SURFACE_STYLE_USAGE(.BOTH.,#17229);
#17229 = SURFACE_SIDE_STYLE('',(#17230));
#17230 = SURFACE_STYLE_FILL_AREA(#17231);
#17231 = FILL_AREA_STYLE('',(#17232));
#17232 = FILL_AREA_STYLE_COLOUR('',#13773);
#17233 = CURVE_STYLE('',#17234,POSITIVE_LENGTH_MEASURE(0.1),#13773);
#17234 = DRAUGHTING_PRE_DEFINED_CURVE_FONT('continuous');
#17235 = STYLED_ITEM('color',(#17236),#13370);
#17236 = PRESENTATION_STYLE_ASSIGNMENT((#17237,#17242));
#17237 = SURFACE_STYLE_USAGE(.BOTH.,#17238);
#17238 = SURFACE_SIDE_STYLE('',(#17239));
#17239 = SURFACE_STYLE_FILL_AREA(#17240);
#17240 = FILL_AREA_STYLE('',(#17241));
#17241 = FILL_AREA_STYLE_COLOUR('',#13773);
#17242 = CURVE_STYLE('',#17243,POSITIVE_LENGTH_MEASURE(0.1),#13773);
#17243 = DRAUGHTING_PRE_DEFINED_CURVE_FONT('continuous');
#17244 = STYLED_ITEM('color',(#17245),#13394);
#17245 = PRESENTATION_STYLE_ASSIGNMENT((#17246,#17251));
#17246 = SURFACE_STYLE_USAGE(.BOTH.,#17247);
#17247 = SURFACE_SIDE_STYLE('',(#17248));
#17248 = SURFACE_STYLE_FILL_AREA(#17249);
#17249 = FILL_AREA_STYLE('',(#17250));
#17250 = FILL_AREA_STYLE_COLOUR('',#13773);
#17251 = CURVE_STYLE('',#17252,POSITIVE_LENGTH_MEASURE(0.1),#13773);
#17252 = DRAUGHTING_PRE_DEFINED_CURVE_FONT('continuous');
#17253 = STYLED_ITEM('color',(#17254),#13418);
#17254 = PRESENTATION_STYLE_ASSIGNMENT((#17255,#17260));
#17255 = SURFACE_STYLE_USAGE(.BOTH.,#17256);
#17256 = SURFACE_SIDE_STYLE('',(#17257));
#17257 = SURFACE_STYLE_FILL_AREA(#17258);
#17258 = FILL_AREA_STYLE('',(#17259));
#17259 = FILL_AREA_STYLE_COLOUR('',#13773);
#17260 = CURVE_STYLE('',#17261,POSITIVE_LENGTH_MEASURE(0.1),#13773);
#17261 = DRAUGHTING_PRE_DEFINED_CURVE_FONT('continuous');
#17262 = STYLED_ITEM('color',(#17263),#13435);
#17263 = PRESENTATION_STYLE_ASSIGNMENT((#17264,#17269));
#17264 = SURFACE_STYLE_USAGE(.BOTH.,#17265);
#17265 = SURFACE_SIDE_STYLE('',(#17266));
#17266 = SURFACE_STYLE_FILL_AREA(#17267);
#17267 = FILL_AREA_STYLE('',(#17268));
#17268 = FILL_AREA_STYLE_COLOUR('',#13773);
#17269 = CURVE_STYLE('',#17270,POSITIVE_LENGTH_MEASURE(0.1),#13773);
#17270 = DRAUGHTING_PRE_DEFINED_CURVE_FONT('continuous');
#17271 = STYLED_ITEM('color',(#17272),#13447);
#17272 = PRESENTATION_STYLE_ASSIGNMENT((#17273,#17278));
#17273 = SURFACE_STYLE_USAGE(.BOTH.,#17274);
#17274 = SURFACE_SIDE_STYLE('',(#17275));
#17275 = SURFACE_STYLE_FILL_AREA(#17276);
#17276 = FILL_AREA_STYLE('',(#17277));
#17277 = FILL_AREA_STYLE_COLOUR('',#13773);
#17278 = CURVE_STYLE('',#17279,POSITIVE_LENGTH_MEASURE(0.1),#13773);
#17279 = DRAUGHTING_PRE_DEFINED_CURVE_FONT('continuous');
#17280 = STYLED_ITEM('color',(#17281),#13459);
#17281 = PRESENTATION_STYLE_ASSIGNMENT((#17282,#17287));
#17282 = SURFACE_STYLE_USAGE(.BOTH.,#17283);
#17283 = SURFACE_SIDE_STYLE('',(#17284));
#17284 = SURFACE_STYLE_FILL_AREA(#17285);
#17285 = FILL_AREA_STYLE('',(#17286));
#17286 = FILL_AREA_STYLE_COLOUR('',#13773);
#17287 = CURVE_STYLE('',#17288,POSITIVE_LENGTH_MEASURE(0.1),#13773);
#17288 = DRAUGHTING_PRE_DEFINED_CURVE_FONT('continuous');
#17289 = STYLED_ITEM('color',(#17290),#13471);
#17290 = PRESENTATION_STYLE_ASSIGNMENT((#17291,#17296));
#17291 = SURFACE_STYLE_USAGE(.BOTH.,#17292);
#17292 = SURFACE_SIDE_STYLE('',(#17293));
#17293 = SURFACE_STYLE_FILL_AREA(#17294);
#17294 = FILL_AREA_STYLE('',(#17295));
#17295 = FILL_AREA_STYLE_COLOUR('',#13773);
#17296 = CURVE_STYLE('',#17297,POSITIVE_LENGTH_MEASURE(0.1),#13773);
#17297 = DRAUGHTING_PRE_DEFINED_CURVE_FONT('continuous');
#17298 = STYLED_ITEM('color',(#17299),#13483);
#17299 = PRESENTATION_STYLE_ASSIGNMENT((#17300,#17305));
#17300 = SURFACE_STYLE_USAGE(.BOTH.,#17301);
#17301 = SURFACE_SIDE_STYLE('',(#17302));
#17302 = SURFACE_STYLE_FILL_AREA(#17303);
#17303 = FILL_AREA_STYLE('',(#17304));
#17304 = FILL_AREA_STYLE_COLOUR('',#13773);
#17305 = CURVE_STYLE('',#17306,POSITIVE_LENGTH_MEASURE(0.1),#13773);
#17306 = DRAUGHTING_PRE_DEFINED_CURVE_FONT('continuous');
#17307 = STYLED_ITEM('color',(#17308),#13495);
#17308 = PRESENTATION_STYLE_ASSIGNMENT((#17309,#17314));
#17309 = SURFACE_STYLE_USAGE(.BOTH.,#17310);
#17310 = SURFACE_SIDE_STYLE('',(#17311));
#17311 = SURFACE_STYLE_FILL_AREA(#17312);
#17312 = FILL_AREA_STYLE('',(#17313));
#17313 = FILL_AREA_STYLE_COLOUR('',#13773);
#17314 = CURVE_STYLE('',#17315,POSITIVE_LENGTH_MEASURE(0.1),#13773);
#17315 = DRAUGHTING_PRE_DEFINED_CURVE_FONT('continuous');
#17316 = MECHANICAL_DESIGN_GEOMETRIC_PRESENTATION_REPRESENTATION('',(
    #17317),#13754);
#17317 = STYLED_ITEM('color',(#17318),#13526);
#17318 = PRESENTATION_STYLE_ASSIGNMENT((#17319));
#17319 = SURFACE_STYLE_USAGE(.BOTH.,#17320);
#17320 = SURFACE_SIDE_STYLE('',(#17321));
#17321 = SURFACE_STYLE_FILL_AREA(#17322);
#17322 = FILL_AREA_STYLE('',(#17323));
#17323 = FILL_AREA_STYLE_COLOUR('',#17324);
#17324 = COLOUR_RGB('',0.313304153717,0.484529207832,0.410020903123);
#17325 = MECHANICAL_DESIGN_GEOMETRIC_PRESENTATION_REPRESENTATION('',(
    #17326,#17333,#17340,#17347,#17354,#17361,#17368,#17375,#17382,
    #17389,#17396,#17403,#17410,#17417,#17425,#17432,#17439,#17446,
    #17453,#17460,#17467,#17474,#17481,#17488,#17495,#17502),#870);
#17326 = STYLED_ITEM('color',(#17327),#82);
#17327 = PRESENTATION_STYLE_ASSIGNMENT((#17328));
#17328 = SURFACE_STYLE_USAGE(.BOTH.,#17329);
#17329 = SURFACE_SIDE_STYLE('',(#17330));
#17330 = SURFACE_STYLE_FILL_AREA(#17331);
#17331 = FILL_AREA_STYLE('',(#17332));
#17332 = FILL_AREA_STYLE_COLOUR('',#13773);
#17333 = STYLED_ITEM('color',(#17334),#122);
#17334 = PRESENTATION_STYLE_ASSIGNMENT((#17335));
#17335 = SURFACE_STYLE_USAGE(.BOTH.,#17336);
#17336 = SURFACE_SIDE_STYLE('',(#17337));
#17337 = SURFACE_STYLE_FILL_AREA(#17338);
#17338 = FILL_AREA_STYLE('',(#17339));
#17339 = FILL_AREA_STYLE_COLOUR('',#13773);
#17340 = STYLED_ITEM('color',(#17341),#205);
#17341 = PRESENTATION_STYLE_ASSIGNMENT((#17342));
#17342 = SURFACE_STYLE_USAGE(.BOTH.,#17343);
#17343 = SURFACE_SIDE_STYLE('',(#17344));
#17344 = SURFACE_STYLE_FILL_AREA(#17345);
#17345 = FILL_AREA_STYLE('',(#17346));
#17346 = FILL_AREA_STYLE_COLOUR('',#13773);
#17347 = STYLED_ITEM('color',(#17348),#230);
#17348 = PRESENTATION_STYLE_ASSIGNMENT((#17349));
#17349 = SURFACE_STYLE_USAGE(.BOTH.,#17350);
#17350 = SURFACE_SIDE_STYLE('',(#17351));
#17351 = SURFACE_STYLE_FILL_AREA(#17352);
#17352 = FILL_AREA_STYLE('',(#17353));
#17353 = FILL_AREA_STYLE_COLOUR('',#13773);
#17354 = STYLED_ITEM('color',(#17355),#255);
#17355 = PRESENTATION_STYLE_ASSIGNMENT((#17356));
#17356 = SURFACE_STYLE_USAGE(.BOTH.,#17357);
#17357 = SURFACE_SIDE_STYLE('',(#17358));
#17358 = SURFACE_STYLE_FILL_AREA(#17359);
#17359 = FILL_AREA_STYLE('',(#17360));
#17360 = FILL_AREA_STYLE_COLOUR('',#13773);
#17361 = STYLED_ITEM('color',(#17362),#322);
#17362 = PRESENTATION_STYLE_ASSIGNMENT((#17363));
#17363 = SURFACE_STYLE_USAGE(.BOTH.,#17364);
#17364 = SURFACE_SIDE_STYLE('',(#17365));
#17365 = SURFACE_STYLE_FILL_AREA(#17366);
#17366 = FILL_AREA_STYLE('',(#17367));
#17367 = FILL_AREA_STYLE_COLOUR('',#13773);
#17368 = STYLED_ITEM('color',(#17369),#339);
#17369 = PRESENTATION_STYLE_ASSIGNMENT((#17370));
#17370 = SURFACE_STYLE_USAGE(.BOTH.,#17371);
#17371 = SURFACE_SIDE_STYLE('',(#17372));
#17372 = SURFACE_STYLE_FILL_AREA(#17373);
#17373 = FILL_AREA_STYLE('',(#17374));
#17374 = FILL_AREA_STYLE_COLOUR('',#13773);
#17375 = STYLED_ITEM('color',(#17376),#356);
#17376 = PRESENTATION_STYLE_ASSIGNMENT((#17377));
#17377 = SURFACE_STYLE_USAGE(.BOTH.,#17378);
#17378 = SURFACE_SIDE_STYLE('',(#17379));
#17379 = SURFACE_STYLE_FILL_AREA(#17380);
#17380 = FILL_AREA_STYLE('',(#17381));
#17381 = FILL_AREA_STYLE_COLOUR('',#16305);
#17382 = STYLED_ITEM('color',(#17383),#405);
#17383 = PRESENTATION_STYLE_ASSIGNMENT((#17384));
#17384 = SURFACE_STYLE_USAGE(.BOTH.,#17385);
#17385 = SURFACE_SIDE_STYLE('',(#17386));
#17386 = SURFACE_STYLE_FILL_AREA(#17387);
#17387 = FILL_AREA_STYLE('',(#17388));
#17388 = FILL_AREA_STYLE_COLOUR('',#13773);
#17389 = STYLED_ITEM('color',(#17390),#422);
#17390 = PRESENTATION_STYLE_ASSIGNMENT((#17391));
#17391 = SURFACE_STYLE_USAGE(.BOTH.,#17392);
#17392 = SURFACE_SIDE_STYLE('',(#17393));
#17393 = SURFACE_STYLE_FILL_AREA(#17394);
#17394 = FILL_AREA_STYLE('',(#17395));
#17395 = FILL_AREA_STYLE_COLOUR('',#13773);
#17396 = STYLED_ITEM('color',(#17397),#439);
#17397 = PRESENTATION_STYLE_ASSIGNMENT((#17398));
#17398 = SURFACE_STYLE_USAGE(.BOTH.,#17399);
#17399 = SURFACE_SIDE_STYLE('',(#17400));
#17400 = SURFACE_STYLE_FILL_AREA(#17401);
#17401 = FILL_AREA_STYLE('',(#17402));
#17402 = FILL_AREA_STYLE_COLOUR('',#16305);
#17403 = STYLED_ITEM('color',(#17404),#488);
#17404 = PRESENTATION_STYLE_ASSIGNMENT((#17405));
#17405 = SURFACE_STYLE_USAGE(.BOTH.,#17406);
#17406 = SURFACE_SIDE_STYLE('',(#17407));
#17407 = SURFACE_STYLE_FILL_AREA(#17408);
#17408 = FILL_AREA_STYLE('',(#17409));
#17409 = FILL_AREA_STYLE_COLOUR('',#16305);
#17410 = STYLED_ITEM('color',(#17411),#505);
#17411 = PRESENTATION_STYLE_ASSIGNMENT((#17412));
#17412 = SURFACE_STYLE_USAGE(.BOTH.,#17413);
#17413 = SURFACE_SIDE_STYLE('',(#17414));
#17414 = SURFACE_STYLE_FILL_AREA(#17415);
#17415 = FILL_AREA_STYLE('',(#17416));
#17416 = FILL_AREA_STYLE_COLOUR('',#13773);
#17417 = STYLED_ITEM('color',(#17418),#574);
#17418 = PRESENTATION_STYLE_ASSIGNMENT((#17419));
#17419 = SURFACE_STYLE_USAGE(.BOTH.,#17420);
#17420 = SURFACE_SIDE_STYLE('',(#17421));
#17421 = SURFACE_STYLE_FILL_AREA(#17422);
#17422 = FILL_AREA_STYLE('',(#17423));
#17423 = FILL_AREA_STYLE_COLOUR('',#17424);
#17424 = COLOUR_RGB('',8.200000279077E-02,8.600000121357E-02,
  9.399999706163E-02);
#17425 = STYLED_ITEM('color',(#17426),#605);
#17426 = PRESENTATION_STYLE_ASSIGNMENT((#17427));
#17427 = SURFACE_STYLE_USAGE(.BOTH.,#17428);
#17428 = SURFACE_SIDE_STYLE('',(#17429));
#17429 = SURFACE_STYLE_FILL_AREA(#17430);
#17430 = FILL_AREA_STYLE('',(#17431));
#17431 = FILL_AREA_STYLE_COLOUR('',#17424);
#17432 = STYLED_ITEM('color',(#17433),#629);
#17433 = PRESENTATION_STYLE_ASSIGNMENT((#17434));
#17434 = SURFACE_STYLE_USAGE(.BOTH.,#17435);
#17435 = SURFACE_SIDE_STYLE('',(#17436));
#17436 = SURFACE_STYLE_FILL_AREA(#17437);
#17437 = FILL_AREA_STYLE('',(#17438));
#17438 = FILL_AREA_STYLE_COLOUR('',#13773);
#17439 = STYLED_ITEM('color',(#17440),#698);
#17440 = PRESENTATION_STYLE_ASSIGNMENT((#17441));
#17441 = SURFACE_STYLE_USAGE(.BOTH.,#17442);
#17442 = SURFACE_SIDE_STYLE('',(#17443));
#17443 = SURFACE_STYLE_FILL_AREA(#17444);
#17444 = FILL_AREA_STYLE('',(#17445));
#17445 = FILL_AREA_STYLE_COLOUR('',#17424);
#17446 = STYLED_ITEM('color',(#17447),#722);
#17447 = PRESENTATION_STYLE_ASSIGNMENT((#17448));
#17448 = SURFACE_STYLE_USAGE(.BOTH.,#17449);
#17449 = SURFACE_SIDE_STYLE('',(#17450));
#17450 = SURFACE_STYLE_FILL_AREA(#17451);
#17451 = FILL_AREA_STYLE('',(#17452));
#17452 = FILL_AREA_STYLE_COLOUR('',#13773);
#17453 = STYLED_ITEM('color',(#17454),#739);
#17454 = PRESENTATION_STYLE_ASSIGNMENT((#17455));
#17455 = SURFACE_STYLE_USAGE(.BOTH.,#17456);
#17456 = SURFACE_SIDE_STYLE('',(#17457));
#17457 = SURFACE_STYLE_FILL_AREA(#17458);
#17458 = FILL_AREA_STYLE('',(#17459));
#17459 = FILL_AREA_STYLE_COLOUR('',#13773);
#17460 = STYLED_ITEM('color',(#17461),#756);
#17461 = PRESENTATION_STYLE_ASSIGNMENT((#17462));
#17462 = SURFACE_STYLE_USAGE(.BOTH.,#17463);
#17463 = SURFACE_SIDE_STYLE('',(#17464));
#17464 = SURFACE_STYLE_FILL_AREA(#17465);
#17465 = FILL_AREA_STYLE('',(#17466));
#17466 = FILL_AREA_STYLE_COLOUR('',#13773);
#17467 = STYLED_ITEM('color',(#17468),#773);
#17468 = PRESENTATION_STYLE_ASSIGNMENT((#17469));
#17469 = SURFACE_STYLE_USAGE(.BOTH.,#17470);
#17470 = SURFACE_SIDE_STYLE('',(#17471));
#17471 = SURFACE_STYLE_FILL_AREA(#17472);
#17472 = FILL_AREA_STYLE('',(#17473));
#17473 = FILL_AREA_STYLE_COLOUR('',#13773);
#17474 = STYLED_ITEM('color',(#17475),#790);
#17475 = PRESENTATION_STYLE_ASSIGNMENT((#17476));
#17476 = SURFACE_STYLE_USAGE(.BOTH.,#17477);
#17477 = SURFACE_SIDE_STYLE('',(#17478));
#17478 = SURFACE_STYLE_FILL_AREA(#17479);
#17479 = FILL_AREA_STYLE('',(#17480));
#17480 = FILL_AREA_STYLE_COLOUR('',#13773);
#17481 = STYLED_ITEM('color',(#17482),#807);
#17482 = PRESENTATION_STYLE_ASSIGNMENT((#17483));
#17483 = SURFACE_STYLE_USAGE(.BOTH.,#17484);
#17484 = SURFACE_SIDE_STYLE('',(#17485));
#17485 = SURFACE_STYLE_FILL_AREA(#17486);
#17486 = FILL_AREA_STYLE('',(#17487));
#17487 = FILL_AREA_STYLE_COLOUR('',#13773);
#17488 = STYLED_ITEM('color',(#17489),#824);
#17489 = PRESENTATION_STYLE_ASSIGNMENT((#17490));
#17490 = SURFACE_STYLE_USAGE(.BOTH.,#17491);
#17491 = SURFACE_SIDE_STYLE('',(#17492));
#17492 = SURFACE_STYLE_FILL_AREA(#17493);
#17493 = FILL_AREA_STYLE('',(#17494));
#17494 = FILL_AREA_STYLE_COLOUR('',#13773);
#17495 = STYLED_ITEM('color',(#17496),#841);
#17496 = PRESENTATION_STYLE_ASSIGNMENT((#17497));
#17497 = SURFACE_STYLE_USAGE(.BOTH.,#17498);
#17498 = SURFACE_SIDE_STYLE('',(#17499));
#17499 = SURFACE_STYLE_FILL_AREA(#17500);
#17500 = FILL_AREA_STYLE('',(#17501));
#17501 = FILL_AREA_STYLE_COLOUR('',#17424);
#17502 = STYLED_ITEM('color',(#17503),#858);
#17503 = PRESENTATION_STYLE_ASSIGNMENT((#17504));
#17504 = SURFACE_STYLE_USAGE(.BOTH.,#17505);
#17505 = SURFACE_SIDE_STYLE('',(#17506));
#17506 = SURFACE_STYLE_FILL_AREA(#17507);
#17507 = FILL_AREA_STYLE('',(#17508));
#17508 = FILL_AREA_STYLE_COLOUR('',#17424);
ENDSEC;
END-ISO-10303-21;
