ISO-10303-21;
HEADER;
FILE_DESCRIPTION(('KiCad electronic assembly'),'2;1');
FILE_NAME('sensor_revM_sh.step','2026-09-23T07:54:36',('Pcbnew'),(
    'Kicad'),'Open CASCADE STEP processor 7.9','KiCad to STEP converter'
  ,'Unknown');
FILE_SCHEMA(('AUTOMOTIVE_DESIGN { 1 0 10303 214 1 1 1 1 }'));
ENDSEC;
DATA;
#1 = APPLICATION_PROTOCOL_DEFINITION('international standard',
  'automotive_design',2000,#2);
#2 = APPLICATION_CONTEXT(
  'core data for automotive mechanical design processes');
#3 = SHAPE_DEFINITION_REPRESENTATION(#4,#10);
#4 = PRODUCT_DEFINITION_SHAPE('','',#5);
#5 = PRODUCT_DEFINITION('design','',#6,#9);
#6 = PRODUCT_DEFINITION_FORMATION('','',#7);
#7 = PRODUCT('sensor_revM_sh 1','sensor_revM_sh 1','',(#8));
#8 = PRODUCT_CONTEXT('',#2,'mechanical');
#9 = PRODUCT_DEFINITION_CONTEXT('part definition',#2,'design');
#10 = SHAPE_REPRESENTATION('',(#11,#15,#19,#23,#27,#31,#35,#39),#43);
#11 = AXIS2_PLACEMENT_3D('',#12,#13,#14);
#12 = CARTESIAN_POINT('',(0.,0.,0.));
#13 = DIRECTION('',(0.,0.,1.));
#14 = DIRECTION('',(1.,0.,-0.));
#15 = AXIS2_PLACEMENT_3D('',#16,#17,#18);
#16 = CARTESIAN_POINT('',(-2.3,-3.7,0.995));
#17 = DIRECTION('',(0.,0.,1.));
#18 = DIRECTION('',(1.,0.,0.));
#19 = AXIS2_PLACEMENT_3D('',#20,#21,#22);
#20 = CARTESIAN_POINT('',(-2.3,3.7,0.995));
#21 = DIRECTION('',(0.,0.,1.));
#22 = DIRECTION('',(-1.,1.224646799147E-16,0.));
#23 = AXIS2_PLACEMENT_3D('',#24,#25,#26);
#24 = CARTESIAN_POINT('',(0.,0.,0.995));
#25 = DIRECTION('',(0.,0.,1.));
#26 = DIRECTION('',(1.,0.,0.));
#27 = AXIS2_PLACEMENT_3D('',#28,#29,#30);
#28 = CARTESIAN_POINT('',(2.3,3.7,0.995));
#29 = DIRECTION('',(0.,0.,1.));
#30 = DIRECTION('',(1.,0.,0.));
#31 = AXIS2_PLACEMENT_3D('',#32,#33,#34);
#32 = CARTESIAN_POINT('',(2.3,-3.75,0.995));
#33 = DIRECTION('',(0.,0.,1.));
#34 = DIRECTION('',(1.,0.,0.));
#35 = AXIS2_PLACEMENT_3D('',#36,#37,#38);
#36 = CARTESIAN_POINT('',(1.274795815263E-33,1.040949779275E-17,-8.5E-02
    ));
#37 = DIRECTION('',(1.499759782662E-32,1.224646799147E-16,-1.));
#38 = DIRECTION('',(-1.,1.224646799147E-16,0.));
#39 = AXIS2_PLACEMENT_3D('',#40,#41,#42);
#40 = CARTESIAN_POINT('',(0.,0.,0.));
#41 = DIRECTION('',(0.,0.,1.));
#42 = DIRECTION('',(1.,0.,-0.));
#43 = ( GEOMETRIC_REPRESENTATION_CONTEXT(3) 
GLOBAL_UNCERTAINTY_ASSIGNED_CONTEXT((#47)) GLOBAL_UNIT_ASSIGNED_CONTEXT(
(#44,#45,#46)) REPRESENTATION_CONTEXT('Context #1',
  '3D Context with UNIT and UNCERTAINTY') );
#44 = ( LENGTH_UNIT() NAMED_UNIT(*) SI_UNIT(.MILLI.,.METRE.) );
#45 = ( NAMED_UNIT(*) PLANE_ANGLE_UNIT() SI_UNIT($,.RADIAN.) );
#46 = ( NAMED_UNIT(*) SI_UNIT($,.STERADIAN.) SOLID_ANGLE_UNIT() );
#47 = UNCERTAINTY_MEASURE_WITH_UNIT(LENGTH_MEASURE(1.E-07),#44,
  'distance_accuracy_value','confusion accuracy');
#48 = PRODUCT_RELATED_PRODUCT_CATEGORY('part',$,(#7));
#49 = SHAPE_DEFINITION_REPRESENTATION(#50,#56);
#50 = PRODUCT_DEFINITION_SHAPE('','',#51);
#51 = PRODUCT_DEFINITION('design','',#52,#55);
#52 = PRODUCT_DEFINITION_FORMATION('','',#53);
#53 = PRODUCT('R_0603_1608Metric','R_0603_1608Metric','',(#54));
#54 = PRODUCT_CONTEXT('',#2,'mechanical');
#55 = PRODUCT_DEFINITION_CONTEXT('part definition',#2,'design');
#56 = SHAPE_REPRESENTATION('',(#11,#57),#61);
#57 = AXIS2_PLACEMENT_3D('',#58,#59,#60);
#58 = CARTESIAN_POINT('',(0.,0.,0.));
#59 = DIRECTION('',(0.,0.,1.));
#60 = DIRECTION('',(1.,0.,-0.));
#61 = ( GEOMETRIC_REPRESENTATION_CONTEXT(3) 
GLOBAL_UNCERTAINTY_ASSIGNED_CONTEXT((#65)) GLOBAL_UNIT_ASSIGNED_CONTEXT(
(#62,#63,#64)) REPRESENTATION_CONTEXT('Context #1',
  '3D Context with UNIT and UNCERTAINTY') );
#62 = ( LENGTH_UNIT() NAMED_UNIT(*) SI_UNIT(.MILLI.,.METRE.) );
#63 = ( NAMED_UNIT(*) PLANE_ANGLE_UNIT() SI_UNIT($,.RADIAN.) );
#64 = ( NAMED_UNIT(*) SI_UNIT($,.STERADIAN.) SOLID_ANGLE_UNIT() );
#65 = UNCERTAINTY_MEASURE_WITH_UNIT(LENGTH_MEASURE(1.E-07),#62,
  'distance_accuracy_value','confusion accuracy');
#66 = CONTEXT_DEPENDENT_SHAPE_REPRESENTATION(#67,#69);
#67 = ( REPRESENTATION_RELATIONSHIP('','',#56,#10) 
REPRESENTATION_RELATIONSHIP_WITH_TRANSFORMATION(#68) 
SHAPE_REPRESENTATION_RELATIONSHIP() );
#68 = ITEM_DEFINED_TRANSFORMATION('','',#11,#15);
#69 = PRODUCT_DEFINITION_SHAPE('Placement','Placement of an item',#70);
#70 = NEXT_ASSEMBLY_USAGE_OCCURRENCE('2','R2','',#5,#51,$);
#71 = PRODUCT_RELATED_PRODUCT_CATEGORY('part',$,(#53));
#72 = SHAPE_DEFINITION_REPRESENTATION(#73,#79);
#73 = PRODUCT_DEFINITION_SHAPE('','',#74);
#74 = PRODUCT_DEFINITION('design','',#75,#78);
#75 = PRODUCT_DEFINITION_FORMATION('','',#76);
#76 = PRODUCT('R_0603_1608Metric','R_0603_1608Metric','',(#77));
#77 = PRODUCT_CONTEXT('',#2,'mechanical');
#78 = PRODUCT_DEFINITION_CONTEXT('part definition',#2,'design');
#79 = ADVANCED_BREP_SHAPE_REPRESENTATION('',(#11,#80),#870);
#80 = MANIFOLD_SOLID_BREP('',#81);
#81 = CLOSED_SHELL('',(#82,#122,#205,#230,#255,#322,#339,#356,#405,#422,
    #439,#488,#505,#574,#605,#629,#698,#722,#739,#756,#773,#790,#807,
    #824,#841,#858));
#82 = ADVANCED_FACE('',(#83),#117,.F.);
#83 = FACE_BOUND('',#84,.F.);
#84 = EDGE_LOOP('',(#85,#95,#103,#111));
#85 = ORIENTED_EDGE('',*,*,#86,.F.);
#86 = EDGE_CURVE('',#87,#89,#91,.T.);
#87 = VERTEX_POINT('',#88);
#88 = CARTESIAN_POINT('',(-0.8,-0.4,4.5E-02));
#89 = VERTEX_POINT('',#90);
#90 = CARTESIAN_POINT('',(-0.8,-0.4,0.405));
#91 = LINE('',#92,#93);
#92 = CARTESIAN_POINT('',(-0.8,-0.4,0.));
#93 = VECTOR('',#94,1.);
#94 = DIRECTION('',(0.,0.,1.));
#95 = ORIENTED_EDGE('',*,*,#96,.T.);
#96 = EDGE_CURVE('',#87,#97,#99,.T.);
#97 = VERTEX_POINT('',#98);
#98 = CARTESIAN_POINT('',(-0.8,0.4,4.5E-02));
#99 = LINE('',#100,#101);
#100 = CARTESIAN_POINT('',(-0.8,-0.4,4.5E-02));
#101 = VECTOR('',#102,1.);
#102 = DIRECTION('',(0.,1.,0.));
#103 = ORIENTED_EDGE('',*,*,#104,.T.);
#104 = EDGE_CURVE('',#97,#105,#107,.T.);
#105 = VERTEX_POINT('',#106);
#106 = CARTESIAN_POINT('',(-0.8,0.4,0.405));
#107 = LINE('',#108,#109);
#108 = CARTESIAN_POINT('',(-0.8,0.4,0.));
#109 = VECTOR('',#110,1.);
#110 = DIRECTION('',(0.,0.,1.));
#111 = ORIENTED_EDGE('',*,*,#112,.F.);
#112 = EDGE_CURVE('',#89,#105,#113,.T.);
#113 = LINE('',#114,#115);
#114 = CARTESIAN_POINT('',(-0.8,-0.4,0.405));
#115 = VECTOR('',#116,1.);
#116 = DIRECTION('',(0.,1.,0.));
#117 = PLANE('',#118);
#118 = AXIS2_PLACEMENT_3D('',#119,#120,#121);
#119 = CARTESIAN_POINT('',(-0.8,-0.4,0.));
#120 = DIRECTION('',(1.,0.,0.));
#121 = DIRECTION('',(0.,0.,1.));
#122 = ADVANCED_FACE('',(#123),#200,.F.);
#123 = FACE_BOUND('',#124,.F.);
#124 = EDGE_LOOP('',(#125,#135,#142,#143,#152,#160,#169,#177,#185,#193)
  );
#125 = ORIENTED_EDGE('',*,*,#126,.F.);
#126 = EDGE_CURVE('',#127,#129,#131,.T.);
#127 = VERTEX_POINT('',#128);
#128 = CARTESIAN_POINT('',(-0.755,-0.4,-2.775557561563E-17));
#129 = VERTEX_POINT('',#130);
#130 = CARTESIAN_POINT('',(-0.545,-0.4,-2.775557561563E-17));
#131 = LINE('',#132,#133);
#132 = CARTESIAN_POINT('',(-0.8,-0.4,0.));
#133 = VECTOR('',#134,1.);
#134 = DIRECTION('',(1.,0.,0.));
#135 = ORIENTED_EDGE('',*,*,#136,.F.);
#136 = EDGE_CURVE('',#87,#127,#137,.T.);
#137 = CIRCLE('',#138,4.5E-02);
#138 = AXIS2_PLACEMENT_3D('',#139,#140,#141);
#139 = CARTESIAN_POINT('',(-0.755,-0.4,4.5E-02));
#140 = DIRECTION('',(0.,-1.,0.));
#141 = DIRECTION('',(0.,0.,1.));
#142 = ORIENTED_EDGE('',*,*,#86,.T.);
#143 = ORIENTED_EDGE('',*,*,#144,.T.);
#144 = EDGE_CURVE('',#89,#145,#147,.T.);
#145 = VERTEX_POINT('',#146);
#146 = CARTESIAN_POINT('',(-0.755,-0.4,0.45));
#147 = CIRCLE('',#148,4.5E-02);
#148 = AXIS2_PLACEMENT_3D('',#149,#150,#151);
#149 = CARTESIAN_POINT('',(-0.755,-0.4,0.405));
#150 = DIRECTION('',(0.,1.,0.));
#151 = DIRECTION('',(0.,-0.,1.));
#152 = ORIENTED_EDGE('',*,*,#153,.T.);
#153 = EDGE_CURVE('',#145,#154,#156,.T.);
#154 = VERTEX_POINT('',#155);
#155 = CARTESIAN_POINT('',(-0.545,-0.4,0.45));
#156 = LINE('',#157,#158);
#157 = CARTESIAN_POINT('',(-0.8,-0.4,0.45));
#158 = VECTOR('',#159,1.);
#159 = DIRECTION('',(1.,0.,0.));
#160 = ORIENTED_EDGE('',*,*,#161,.F.);
#161 = EDGE_CURVE('',#162,#154,#164,.T.);
#162 = VERTEX_POINT('',#163);
#163 = CARTESIAN_POINT('',(-0.5,-0.4,0.405));
#164 = CIRCLE('',#165,4.5E-02);
#165 = AXIS2_PLACEMENT_3D('',#166,#167,#168);
#166 = CARTESIAN_POINT('',(-0.545,-0.4,0.405));
#167 = DIRECTION('',(0.,-1.,0.));
#168 = DIRECTION('',(0.,0.,1.));
#169 = ORIENTED_EDGE('',*,*,#170,.F.);
#170 = EDGE_CURVE('',#171,#162,#173,.T.);
#171 = VERTEX_POINT('',#172);
#172 = CARTESIAN_POINT('',(-0.755,-0.4,0.405));
#173 = LINE('',#174,#175);
#174 = CARTESIAN_POINT('',(-0.755,-0.4,0.405));
#175 = VECTOR('',#176,1.);
#176 = DIRECTION('',(1.,0.,0.));
#177 = ORIENTED_EDGE('',*,*,#178,.F.);
#178 = EDGE_CURVE('',#179,#171,#181,.T.);
#179 = VERTEX_POINT('',#180);
#180 = CARTESIAN_POINT('',(-0.755,-0.4,4.5E-02));
#181 = LINE('',#182,#183);
#182 = CARTESIAN_POINT('',(-0.755,-0.4,4.5E-02));
#183 = VECTOR('',#184,1.);
#184 = DIRECTION('',(0.,0.,1.));
#185 = ORIENTED_EDGE('',*,*,#186,.T.);
#186 = EDGE_CURVE('',#179,#187,#189,.T.);
#187 = VERTEX_POINT('',#188);
#188 = CARTESIAN_POINT('',(-0.5,-0.4,4.5E-02));
#189 = LINE('',#190,#191);
#190 = CARTESIAN_POINT('',(-0.755,-0.4,4.5E-02));
#191 = VECTOR('',#192,1.);
#192 = DIRECTION('',(1.,0.,0.));
#193 = ORIENTED_EDGE('',*,*,#194,.T.);
#194 = EDGE_CURVE('',#187,#129,#195,.T.);
#195 = CIRCLE('',#196,4.5E-02);
#196 = AXIS2_PLACEMENT_3D('',#197,#198,#199);
#197 = CARTESIAN_POINT('',(-0.545,-0.4,4.5E-02));
#198 = DIRECTION('',(0.,1.,0.));
#199 = DIRECTION('',(0.,-0.,1.));
#200 = PLANE('',#201);
#201 = AXIS2_PLACEMENT_3D('',#202,#203,#204);
#202 = CARTESIAN_POINT('',(-0.8,-0.4,0.));
#203 = DIRECTION('',(0.,1.,0.));
#204 = DIRECTION('',(0.,-0.,1.));
#205 = ADVANCED_FACE('',(#206),#225,.T.);
#206 = FACE_BOUND('',#207,.T.);
#207 = EDGE_LOOP('',(#208,#209,#218,#224));
#208 = ORIENTED_EDGE('',*,*,#96,.T.);
#209 = ORIENTED_EDGE('',*,*,#210,.T.);
#210 = EDGE_CURVE('',#97,#211,#213,.T.);
#211 = VERTEX_POINT('',#212);
#212 = CARTESIAN_POINT('',(-0.755,0.4,-2.775557561563E-17));
#213 = CIRCLE('',#214,4.5E-02);
#214 = AXIS2_PLACEMENT_3D('',#215,#216,#217);
#215 = CARTESIAN_POINT('',(-0.755,0.4,4.5E-02));
#216 = DIRECTION('',(0.,-1.,0.));
#217 = DIRECTION('',(0.,0.,1.));
#218 = ORIENTED_EDGE('',*,*,#219,.F.);
#219 = EDGE_CURVE('',#127,#211,#220,.T.);
#220 = LINE('',#221,#222);
#221 = CARTESIAN_POINT('',(-0.755,-0.4,-2.775557561563E-17));
#222 = VECTOR('',#223,1.);
#223 = DIRECTION('',(0.,1.,0.));
#224 = ORIENTED_EDGE('',*,*,#136,.F.);
#225 = CYLINDRICAL_SURFACE('',#226,4.5E-02);
#226 = AXIS2_PLACEMENT_3D('',#227,#228,#229);
#227 = CARTESIAN_POINT('',(-0.755,-0.4,4.5E-02));
#228 = DIRECTION('',(0.,1.,0.));
#229 = DIRECTION('',(-1.,0.,0.));
#230 = ADVANCED_FACE('',(#231),#250,.T.);
#231 = FACE_BOUND('',#232,.T.);
#232 = EDGE_LOOP('',(#233,#234,#242,#249));
#233 = ORIENTED_EDGE('',*,*,#144,.T.);
#234 = ORIENTED_EDGE('',*,*,#235,.T.);
#235 = EDGE_CURVE('',#145,#236,#238,.T.);
#236 = VERTEX_POINT('',#237);
#237 = CARTESIAN_POINT('',(-0.755,0.4,0.45));
#238 = LINE('',#239,#240);
#239 = CARTESIAN_POINT('',(-0.755,-0.4,0.45));
#240 = VECTOR('',#241,1.);
#241 = DIRECTION('',(0.,1.,0.));
#242 = ORIENTED_EDGE('',*,*,#243,.F.);
#243 = EDGE_CURVE('',#105,#236,#244,.T.);
#244 = CIRCLE('',#245,4.5E-02);
#245 = AXIS2_PLACEMENT_3D('',#246,#247,#248);
#246 = CARTESIAN_POINT('',(-0.755,0.4,0.405));
#247 = DIRECTION('',(0.,1.,0.));
#248 = DIRECTION('',(0.,-0.,1.));
#249 = ORIENTED_EDGE('',*,*,#112,.F.);
#250 = CYLINDRICAL_SURFACE('',#251,4.5E-02);
#251 = AXIS2_PLACEMENT_3D('',#252,#253,#254);
#252 = CARTESIAN_POINT('',(-0.755,-0.4,0.405));
#253 = DIRECTION('',(0.,1.,0.));
#254 = DIRECTION('',(-1.,0.,0.));
#255 = ADVANCED_FACE('',(#256),#317,.T.);
#256 = FACE_BOUND('',#257,.T.);
#257 = EDGE_LOOP('',(#258,#266,#267,#268,#269,#277,#286,#294,#302,#310)
  );
#258 = ORIENTED_EDGE('',*,*,#259,.F.);
#259 = EDGE_CURVE('',#211,#260,#262,.T.);
#260 = VERTEX_POINT('',#261);
#261 = CARTESIAN_POINT('',(-0.545,0.4,-2.775557561563E-17));
#262 = LINE('',#263,#264);
#263 = CARTESIAN_POINT('',(-0.8,0.4,0.));
#264 = VECTOR('',#265,1.);
#265 = DIRECTION('',(1.,0.,0.));
#266 = ORIENTED_EDGE('',*,*,#210,.F.);
#267 = ORIENTED_EDGE('',*,*,#104,.T.);
#268 = ORIENTED_EDGE('',*,*,#243,.T.);
#269 = ORIENTED_EDGE('',*,*,#270,.T.);
#270 = EDGE_CURVE('',#236,#271,#273,.T.);
#271 = VERTEX_POINT('',#272);
#272 = CARTESIAN_POINT('',(-0.545,0.4,0.45));
#273 = LINE('',#274,#275);
#274 = CARTESIAN_POINT('',(-0.8,0.4,0.45));
#275 = VECTOR('',#276,1.);
#276 = DIRECTION('',(1.,0.,0.));
#277 = ORIENTED_EDGE('',*,*,#278,.F.);
#278 = EDGE_CURVE('',#279,#271,#281,.T.);
#279 = VERTEX_POINT('',#280);
#280 = CARTESIAN_POINT('',(-0.5,0.4,0.405));
#281 = CIRCLE('',#282,4.5E-02);
#282 = AXIS2_PLACEMENT_3D('',#283,#284,#285);
#283 = CARTESIAN_POINT('',(-0.545,0.4,0.405));
#284 = DIRECTION('',(0.,-1.,0.));
#285 = DIRECTION('',(0.,0.,1.));
#286 = ORIENTED_EDGE('',*,*,#287,.F.);
#287 = EDGE_CURVE('',#288,#279,#290,.T.);
#288 = VERTEX_POINT('',#289);
#289 = CARTESIAN_POINT('',(-0.755,0.4,0.405));
#290 = LINE('',#291,#292);
#291 = CARTESIAN_POINT('',(-0.755,0.4,0.405));
#292 = VECTOR('',#293,1.);
#293 = DIRECTION('',(1.,0.,0.));
#294 = ORIENTED_EDGE('',*,*,#295,.F.);
#295 = EDGE_CURVE('',#296,#288,#298,.T.);
#296 = VERTEX_POINT('',#297);
#297 = CARTESIAN_POINT('',(-0.755,0.4,4.5E-02));
#298 = LINE('',#299,#300);
#299 = CARTESIAN_POINT('',(-0.755,0.4,4.5E-02));
#300 = VECTOR('',#301,1.);
#301 = DIRECTION('',(0.,0.,1.));
#302 = ORIENTED_EDGE('',*,*,#303,.T.);
#303 = EDGE_CURVE('',#296,#304,#306,.T.);
#304 = VERTEX_POINT('',#305);
#305 = CARTESIAN_POINT('',(-0.5,0.4,4.5E-02));
#306 = LINE('',#307,#308);
#307 = CARTESIAN_POINT('',(-0.755,0.4,4.5E-02));
#308 = VECTOR('',#309,1.);
#309 = DIRECTION('',(1.,0.,0.));
#310 = ORIENTED_EDGE('',*,*,#311,.T.);
#311 = EDGE_CURVE('',#304,#260,#312,.T.);
#312 = CIRCLE('',#313,4.5E-02);
#313 = AXIS2_PLACEMENT_3D('',#314,#315,#316);
#314 = CARTESIAN_POINT('',(-0.545,0.4,4.5E-02));
#315 = DIRECTION('',(0.,1.,0.));
#316 = DIRECTION('',(0.,-0.,1.));
#317 = PLANE('',#318);
#318 = AXIS2_PLACEMENT_3D('',#319,#320,#321);
#319 = CARTESIAN_POINT('',(-0.8,0.4,0.));
#320 = DIRECTION('',(0.,1.,0.));
#321 = DIRECTION('',(0.,-0.,1.));
#322 = ADVANCED_FACE('',(#323),#334,.F.);
#323 = FACE_BOUND('',#324,.F.);
#324 = EDGE_LOOP('',(#325,#326,#327,#328));
#325 = ORIENTED_EDGE('',*,*,#259,.F.);
#326 = ORIENTED_EDGE('',*,*,#219,.F.);
#327 = ORIENTED_EDGE('',*,*,#126,.T.);
#328 = ORIENTED_EDGE('',*,*,#329,.T.);
#329 = EDGE_CURVE('',#129,#260,#330,.T.);
#330 = LINE('',#331,#332);
#331 = CARTESIAN_POINT('',(-0.545,-0.4,-2.775557561563E-17));
#332 = VECTOR('',#333,1.);
#333 = DIRECTION('',(0.,1.,0.));
#334 = PLANE('',#335);
#335 = AXIS2_PLACEMENT_3D('',#336,#337,#338);
#336 = CARTESIAN_POINT('',(-0.8,-0.4,0.));
#337 = DIRECTION('',(0.,0.,1.));
#338 = DIRECTION('',(1.,0.,-0.));
#339 = ADVANCED_FACE('',(#340),#351,.T.);
#340 = FACE_BOUND('',#341,.T.);
#341 = EDGE_LOOP('',(#342,#343,#344,#345));
#342 = ORIENTED_EDGE('',*,*,#194,.T.);
#343 = ORIENTED_EDGE('',*,*,#329,.T.);
#344 = ORIENTED_EDGE('',*,*,#311,.F.);
#345 = ORIENTED_EDGE('',*,*,#346,.F.);
#346 = EDGE_CURVE('',#187,#304,#347,.T.);
#347 = LINE('',#348,#349);
#348 = CARTESIAN_POINT('',(-0.5,-0.4,4.5E-02));
#349 = VECTOR('',#350,1.);
#350 = DIRECTION('',(0.,1.,0.));
#351 = CYLINDRICAL_SURFACE('',#352,4.5E-02);
#352 = AXIS2_PLACEMENT_3D('',#353,#354,#355);
#353 = CARTESIAN_POINT('',(-0.545,-0.4,4.5E-02));
#354 = DIRECTION('',(0.,1.,0.));
#355 = DIRECTION('',(1.,0.,0.));
#356 = ADVANCED_FACE('',(#357),#400,.F.);
#357 = FACE_BOUND('',#358,.F.);
#358 = EDGE_LOOP('',(#359,#360,#361,#362,#370,#378,#386,#394));
#359 = ORIENTED_EDGE('',*,*,#186,.F.);
#360 = ORIENTED_EDGE('',*,*,#178,.T.);
#361 = ORIENTED_EDGE('',*,*,#170,.T.);
#362 = ORIENTED_EDGE('',*,*,#363,.T.);
#363 = EDGE_CURVE('',#162,#364,#366,.T.);
#364 = VERTEX_POINT('',#365);
#365 = CARTESIAN_POINT('',(0.5,-0.4,0.405));
#366 = LINE('',#367,#368);
#367 = CARTESIAN_POINT('',(-0.5,-0.4,0.405));
#368 = VECTOR('',#369,1.);
#369 = DIRECTION('',(1.,0.,0.));
#370 = ORIENTED_EDGE('',*,*,#371,.T.);
#371 = EDGE_CURVE('',#364,#372,#374,.T.);
#372 = VERTEX_POINT('',#373);
#373 = CARTESIAN_POINT('',(0.755,-0.4,0.405));
#374 = LINE('',#375,#376);
#375 = CARTESIAN_POINT('',(-0.755,-0.4,0.405));
#376 = VECTOR('',#377,1.);
#377 = DIRECTION('',(1.,0.,0.));
#378 = ORIENTED_EDGE('',*,*,#379,.F.);
#379 = EDGE_CURVE('',#380,#372,#382,.T.);
#380 = VERTEX_POINT('',#381);
#381 = CARTESIAN_POINT('',(0.755,-0.4,4.5E-02));
#382 = LINE('',#383,#384);
#383 = CARTESIAN_POINT('',(0.755,-0.4,4.5E-02));
#384 = VECTOR('',#385,1.);
#385 = DIRECTION('',(0.,0.,1.));
#386 = ORIENTED_EDGE('',*,*,#387,.F.);
#387 = EDGE_CURVE('',#388,#380,#390,.T.);
#388 = VERTEX_POINT('',#389);
#389 = CARTESIAN_POINT('',(0.5,-0.4,4.5E-02));
#390 = LINE('',#391,#392);
#391 = CARTESIAN_POINT('',(-0.755,-0.4,4.5E-02));
#392 = VECTOR('',#393,1.);
#393 = DIRECTION('',(1.,0.,0.));
#394 = ORIENTED_EDGE('',*,*,#395,.F.);
#395 = EDGE_CURVE('',#187,#388,#396,.T.);
#396 = LINE('',#397,#398);
#397 = CARTESIAN_POINT('',(-0.755,-0.4,4.5E-02));
#398 = VECTOR('',#399,1.);
#399 = DIRECTION('',(1.,0.,0.));
#400 = PLANE('',#401);
#401 = AXIS2_PLACEMENT_3D('',#402,#403,#404);
#402 = CARTESIAN_POINT('',(-0.755,-0.4,4.5E-02));
#403 = DIRECTION('',(0.,1.,0.));
#404 = DIRECTION('',(0.,-0.,1.));
#405 = ADVANCED_FACE('',(#406),#417,.T.);
#406 = FACE_BOUND('',#407,.T.);
#407 = EDGE_LOOP('',(#408,#409,#410,#411));
#408 = ORIENTED_EDGE('',*,*,#270,.F.);
#409 = ORIENTED_EDGE('',*,*,#235,.F.);
#410 = ORIENTED_EDGE('',*,*,#153,.T.);
#411 = ORIENTED_EDGE('',*,*,#412,.T.);
#412 = EDGE_CURVE('',#154,#271,#413,.T.);
#413 = LINE('',#414,#415);
#414 = CARTESIAN_POINT('',(-0.545,-0.4,0.45));
#415 = VECTOR('',#416,1.);
#416 = DIRECTION('',(0.,1.,0.));
#417 = PLANE('',#418);
#418 = AXIS2_PLACEMENT_3D('',#419,#420,#421);
#419 = CARTESIAN_POINT('',(-0.8,-0.4,0.45));
#420 = DIRECTION('',(0.,0.,1.));
#421 = DIRECTION('',(1.,0.,-0.));
#422 = ADVANCED_FACE('',(#423),#434,.T.);
#423 = FACE_BOUND('',#424,.T.);
#424 = EDGE_LOOP('',(#425,#431,#432,#433));
#425 = ORIENTED_EDGE('',*,*,#426,.T.);
#426 = EDGE_CURVE('',#162,#279,#427,.T.);
#427 = LINE('',#428,#429);
#428 = CARTESIAN_POINT('',(-0.5,-0.4,0.405));
#429 = VECTOR('',#430,1.);
#430 = DIRECTION('',(0.,1.,0.));
#431 = ORIENTED_EDGE('',*,*,#278,.T.);
#432 = ORIENTED_EDGE('',*,*,#412,.F.);
#433 = ORIENTED_EDGE('',*,*,#161,.F.);
#434 = CYLINDRICAL_SURFACE('',#435,4.5E-02);
#435 = AXIS2_PLACEMENT_3D('',#436,#437,#438);
#436 = CARTESIAN_POINT('',(-0.545,-0.4,0.405));
#437 = DIRECTION('',(0.,1.,0.));
#438 = DIRECTION('',(1.,0.,0.));
#439 = ADVANCED_FACE('',(#440),#483,.T.);
#440 = FACE_BOUND('',#441,.T.);
#441 = EDGE_LOOP('',(#442,#443,#444,#445,#453,#461,#469,#477));
#442 = ORIENTED_EDGE('',*,*,#303,.F.);
#443 = ORIENTED_EDGE('',*,*,#295,.T.);
#444 = ORIENTED_EDGE('',*,*,#287,.T.);
#445 = ORIENTED_EDGE('',*,*,#446,.T.);
#446 = EDGE_CURVE('',#279,#447,#449,.T.);
#447 = VERTEX_POINT('',#448);
#448 = CARTESIAN_POINT('',(0.5,0.4,0.405));
#449 = LINE('',#450,#451);
#450 = CARTESIAN_POINT('',(-0.5,0.4,0.405));
#451 = VECTOR('',#452,1.);
#452 = DIRECTION('',(1.,0.,0.));
#453 = ORIENTED_EDGE('',*,*,#454,.T.);
#454 = EDGE_CURVE('',#447,#455,#457,.T.);
#455 = VERTEX_POINT('',#456);
#456 = CARTESIAN_POINT('',(0.755,0.4,0.405));
#457 = LINE('',#458,#459);
#458 = CARTESIAN_POINT('',(-0.755,0.4,0.405));
#459 = VECTOR('',#460,1.);
#460 = DIRECTION('',(1.,0.,0.));
#461 = ORIENTED_EDGE('',*,*,#462,.F.);
#462 = EDGE_CURVE('',#463,#455,#465,.T.);
#463 = VERTEX_POINT('',#464);
#464 = CARTESIAN_POINT('',(0.755,0.4,4.5E-02));
#465 = LINE('',#466,#467);
#466 = CARTESIAN_POINT('',(0.755,0.4,4.5E-02));
#467 = VECTOR('',#468,1.);
#468 = DIRECTION('',(0.,0.,1.));
#469 = ORIENTED_EDGE('',*,*,#470,.F.);
#470 = EDGE_CURVE('',#471,#463,#473,.T.);
#471 = VERTEX_POINT('',#472);
#472 = CARTESIAN_POINT('',(0.5,0.4,4.5E-02));
#473 = LINE('',#474,#475);
#474 = CARTESIAN_POINT('',(-0.755,0.4,4.5E-02));
#475 = VECTOR('',#476,1.);
#476 = DIRECTION('',(1.,0.,0.));
#477 = ORIENTED_EDGE('',*,*,#478,.F.);
#478 = EDGE_CURVE('',#304,#471,#479,.T.);
#479 = LINE('',#480,#481);
#480 = CARTESIAN_POINT('',(-0.755,0.4,4.5E-02));
#481 = VECTOR('',#482,1.);
#482 = DIRECTION('',(1.,0.,0.));
#483 = PLANE('',#484);
#484 = AXIS2_PLACEMENT_3D('',#485,#486,#487);
#485 = CARTESIAN_POINT('',(-0.755,0.4,4.5E-02));
#486 = DIRECTION('',(0.,1.,0.));
#487 = DIRECTION('',(0.,-0.,1.));
#488 = ADVANCED_FACE('',(#489),#500,.F.);
#489 = FACE_BOUND('',#490,.F.);
#490 = EDGE_LOOP('',(#491,#492,#493,#499));
#491 = ORIENTED_EDGE('',*,*,#346,.F.);
#492 = ORIENTED_EDGE('',*,*,#395,.T.);
#493 = ORIENTED_EDGE('',*,*,#494,.T.);
#494 = EDGE_CURVE('',#388,#471,#495,.T.);
#495 = LINE('',#496,#497);
#496 = CARTESIAN_POINT('',(0.5,-0.4,4.5E-02));
#497 = VECTOR('',#498,1.);
#498 = DIRECTION('',(0.,1.,0.));
#499 = ORIENTED_EDGE('',*,*,#478,.F.);
#500 = PLANE('',#501);
#501 = AXIS2_PLACEMENT_3D('',#502,#503,#504);
#502 = CARTESIAN_POINT('',(-0.755,-0.4,4.5E-02));
#503 = DIRECTION('',(0.,0.,1.));
#504 = DIRECTION('',(1.,0.,-0.));
#505 = ADVANCED_FACE('',(#506),#569,.F.);
#506 = FACE_BOUND('',#507,.F.);
#507 = EDGE_LOOP('',(#508,#518,#525,#526,#527,#528,#537,#545,#554,#562)
  );
#508 = ORIENTED_EDGE('',*,*,#509,.F.);
#509 = EDGE_CURVE('',#510,#512,#514,.T.);
#510 = VERTEX_POINT('',#511);
#511 = CARTESIAN_POINT('',(0.545,-0.4,-2.775557561563E-17));
#512 = VERTEX_POINT('',#513);
#513 = CARTESIAN_POINT('',(0.755,-0.4,-2.775557561563E-17));
#514 = LINE('',#515,#516);
#515 = CARTESIAN_POINT('',(0.5,-0.4,0.));
#516 = VECTOR('',#517,1.);
#517 = DIRECTION('',(1.,0.,0.));
#518 = ORIENTED_EDGE('',*,*,#519,.F.);
#519 = EDGE_CURVE('',#388,#510,#520,.T.);
#520 = CIRCLE('',#521,4.5E-02);
#521 = AXIS2_PLACEMENT_3D('',#522,#523,#524);
#522 = CARTESIAN_POINT('',(0.545,-0.4,4.5E-02));
#523 = DIRECTION('',(0.,-1.,0.));
#524 = DIRECTION('',(0.,0.,1.));
#525 = ORIENTED_EDGE('',*,*,#387,.T.);
#526 = ORIENTED_EDGE('',*,*,#379,.T.);
#527 = ORIENTED_EDGE('',*,*,#371,.F.);
#528 = ORIENTED_EDGE('',*,*,#529,.T.);
#529 = EDGE_CURVE('',#364,#530,#532,.T.);
#530 = VERTEX_POINT('',#531);
#531 = CARTESIAN_POINT('',(0.545,-0.4,0.45));
#532 = CIRCLE('',#533,4.5E-02);
#533 = AXIS2_PLACEMENT_3D('',#534,#535,#536);
#534 = CARTESIAN_POINT('',(0.545,-0.4,0.405));
#535 = DIRECTION('',(0.,1.,0.));
#536 = DIRECTION('',(0.,-0.,1.));
#537 = ORIENTED_EDGE('',*,*,#538,.T.);
#538 = EDGE_CURVE('',#530,#539,#541,.T.);
#539 = VERTEX_POINT('',#540);
#540 = CARTESIAN_POINT('',(0.755,-0.4,0.45));
#541 = LINE('',#542,#543);
#542 = CARTESIAN_POINT('',(0.5,-0.4,0.45));
#543 = VECTOR('',#544,1.);
#544 = DIRECTION('',(1.,0.,0.));
#545 = ORIENTED_EDGE('',*,*,#546,.F.);
#546 = EDGE_CURVE('',#547,#539,#549,.T.);
#547 = VERTEX_POINT('',#548);
#548 = CARTESIAN_POINT('',(0.8,-0.4,0.405));
#549 = CIRCLE('',#550,4.5E-02);
#550 = AXIS2_PLACEMENT_3D('',#551,#552,#553);
#551 = CARTESIAN_POINT('',(0.755,-0.4,0.405));
#552 = DIRECTION('',(0.,-1.,0.));
#553 = DIRECTION('',(0.,0.,1.));
#554 = ORIENTED_EDGE('',*,*,#555,.F.);
#555 = EDGE_CURVE('',#556,#547,#558,.T.);
#556 = VERTEX_POINT('',#557);
#557 = CARTESIAN_POINT('',(0.8,-0.4,4.5E-02));
#558 = LINE('',#559,#560);
#559 = CARTESIAN_POINT('',(0.8,-0.4,0.));
#560 = VECTOR('',#561,1.);
#561 = DIRECTION('',(0.,0.,1.));
#562 = ORIENTED_EDGE('',*,*,#563,.T.);
#563 = EDGE_CURVE('',#556,#512,#564,.T.);
#564 = CIRCLE('',#565,4.5E-02);
#565 = AXIS2_PLACEMENT_3D('',#566,#567,#568);
#566 = CARTESIAN_POINT('',(0.755,-0.4,4.5E-02));
#567 = DIRECTION('',(0.,1.,0.));
#568 = DIRECTION('',(0.,-0.,1.));
#569 = PLANE('',#570);
#570 = AXIS2_PLACEMENT_3D('',#571,#572,#573);
#571 = CARTESIAN_POINT('',(0.5,-0.4,0.));
#572 = DIRECTION('',(0.,1.,0.));
#573 = DIRECTION('',(0.,-0.,1.));
#574 = ADVANCED_FACE('',(#575),#600,.F.);
#575 = FACE_BOUND('',#576,.F.);
#576 = EDGE_LOOP('',(#577,#578,#586,#594));
#577 = ORIENTED_EDGE('',*,*,#363,.F.);
#578 = ORIENTED_EDGE('',*,*,#579,.T.);
#579 = EDGE_CURVE('',#162,#580,#582,.T.);
#580 = VERTEX_POINT('',#581);
#581 = CARTESIAN_POINT('',(-0.5,-0.4,0.45));
#582 = LINE('',#583,#584);
#583 = CARTESIAN_POINT('',(-0.5,-0.4,0.405));
#584 = VECTOR('',#585,1.);
#585 = DIRECTION('',(0.,0.,1.));
#586 = ORIENTED_EDGE('',*,*,#587,.T.);
#587 = EDGE_CURVE('',#580,#588,#590,.T.);
#588 = VERTEX_POINT('',#589);
#589 = CARTESIAN_POINT('',(0.5,-0.4,0.45));
#590 = LINE('',#591,#592);
#591 = CARTESIAN_POINT('',(-0.5,-0.4,0.45));
#592 = VECTOR('',#593,1.);
#593 = DIRECTION('',(1.,0.,0.));
#594 = ORIENTED_EDGE('',*,*,#595,.F.);
#595 = EDGE_CURVE('',#364,#588,#596,.T.);
#596 = LINE('',#597,#598);
#597 = CARTESIAN_POINT('',(0.5,-0.4,0.405));
#598 = VECTOR('',#599,1.);
#599 = DIRECTION('',(0.,0.,1.));
#600 = PLANE('',#601);
#601 = AXIS2_PLACEMENT_3D('',#602,#603,#604);
#602 = CARTESIAN_POINT('',(-0.5,-0.4,0.405));
#603 = DIRECTION('',(0.,1.,0.));
#604 = DIRECTION('',(0.,-0.,1.));
#605 = ADVANCED_FACE('',(#606),#624,.F.);
#606 = FACE_BOUND('',#607,.F.);
#607 = EDGE_LOOP('',(#608,#609,#610,#618));
#608 = ORIENTED_EDGE('',*,*,#579,.F.);
#609 = ORIENTED_EDGE('',*,*,#426,.T.);
#610 = ORIENTED_EDGE('',*,*,#611,.T.);
#611 = EDGE_CURVE('',#279,#612,#614,.T.);
#612 = VERTEX_POINT('',#613);
#613 = CARTESIAN_POINT('',(-0.5,0.4,0.45));
#614 = LINE('',#615,#616);
#615 = CARTESIAN_POINT('',(-0.5,0.4,0.405));
#616 = VECTOR('',#617,1.);
#617 = DIRECTION('',(0.,0.,1.));
#618 = ORIENTED_EDGE('',*,*,#619,.F.);
#619 = EDGE_CURVE('',#580,#612,#620,.T.);
#620 = LINE('',#621,#622);
#621 = CARTESIAN_POINT('',(-0.5,-0.4,0.45));
#622 = VECTOR('',#623,1.);
#623 = DIRECTION('',(0.,1.,0.));
#624 = PLANE('',#625);
#625 = AXIS2_PLACEMENT_3D('',#626,#627,#628);
#626 = CARTESIAN_POINT('',(-0.5,-0.4,0.405));
#627 = DIRECTION('',(1.,0.,0.));
#628 = DIRECTION('',(0.,0.,1.));
#629 = ADVANCED_FACE('',(#630),#693,.T.);
#630 = FACE_BOUND('',#631,.T.);
#631 = EDGE_LOOP('',(#632,#642,#649,#650,#651,#652,#661,#669,#678,#686)
  );
#632 = ORIENTED_EDGE('',*,*,#633,.F.);
#633 = EDGE_CURVE('',#634,#636,#638,.T.);
#634 = VERTEX_POINT('',#635);
#635 = CARTESIAN_POINT('',(0.545,0.4,-2.775557561563E-17));
#636 = VERTEX_POINT('',#637);
#637 = CARTESIAN_POINT('',(0.755,0.4,-2.775557561563E-17));
#638 = LINE('',#639,#640);
#639 = CARTESIAN_POINT('',(0.5,0.4,0.));
#640 = VECTOR('',#641,1.);
#641 = DIRECTION('',(1.,0.,0.));
#642 = ORIENTED_EDGE('',*,*,#643,.F.);
#643 = EDGE_CURVE('',#471,#634,#644,.T.);
#644 = CIRCLE('',#645,4.5E-02);
#645 = AXIS2_PLACEMENT_3D('',#646,#647,#648);
#646 = CARTESIAN_POINT('',(0.545,0.4,4.5E-02));
#647 = DIRECTION('',(0.,-1.,0.));
#648 = DIRECTION('',(0.,0.,1.));
#649 = ORIENTED_EDGE('',*,*,#470,.T.);
#650 = ORIENTED_EDGE('',*,*,#462,.T.);
#651 = ORIENTED_EDGE('',*,*,#454,.F.);
#652 = ORIENTED_EDGE('',*,*,#653,.T.);
#653 = EDGE_CURVE('',#447,#654,#656,.T.);
#654 = VERTEX_POINT('',#655);
#655 = CARTESIAN_POINT('',(0.545,0.4,0.45));
#656 = CIRCLE('',#657,4.5E-02);
#657 = AXIS2_PLACEMENT_3D('',#658,#659,#660);
#658 = CARTESIAN_POINT('',(0.545,0.4,0.405));
#659 = DIRECTION('',(0.,1.,0.));
#660 = DIRECTION('',(0.,-0.,1.));
#661 = ORIENTED_EDGE('',*,*,#662,.T.);
#662 = EDGE_CURVE('',#654,#663,#665,.T.);
#663 = VERTEX_POINT('',#664);
#664 = CARTESIAN_POINT('',(0.755,0.4,0.45));
#665 = LINE('',#666,#667);
#666 = CARTESIAN_POINT('',(0.5,0.4,0.45));
#667 = VECTOR('',#668,1.);
#668 = DIRECTION('',(1.,0.,0.));
#669 = ORIENTED_EDGE('',*,*,#670,.F.);
#670 = EDGE_CURVE('',#671,#663,#673,.T.);
#671 = VERTEX_POINT('',#672);
#672 = CARTESIAN_POINT('',(0.8,0.4,0.405));
#673 = CIRCLE('',#674,4.5E-02);
#674 = AXIS2_PLACEMENT_3D('',#675,#676,#677);
#675 = CARTESIAN_POINT('',(0.755,0.4,0.405));
#676 = DIRECTION('',(0.,-1.,0.));
#677 = DIRECTION('',(0.,0.,1.));
#678 = ORIENTED_EDGE('',*,*,#679,.F.);
#679 = EDGE_CURVE('',#680,#671,#682,.T.);
#680 = VERTEX_POINT('',#681);
#681 = CARTESIAN_POINT('',(0.8,0.4,4.5E-02));
#682 = LINE('',#683,#684);
#683 = CARTESIAN_POINT('',(0.8,0.4,0.));
#684 = VECTOR('',#685,1.);
#685 = DIRECTION('',(0.,0.,1.));
#686 = ORIENTED_EDGE('',*,*,#687,.T.);
#687 = EDGE_CURVE('',#680,#636,#688,.T.);
#688 = CIRCLE('',#689,4.5E-02);
#689 = AXIS2_PLACEMENT_3D('',#690,#691,#692);
#690 = CARTESIAN_POINT('',(0.755,0.4,4.5E-02));
#691 = DIRECTION('',(0.,1.,0.));
#692 = DIRECTION('',(0.,-0.,1.));
#693 = PLANE('',#694);
#694 = AXIS2_PLACEMENT_3D('',#695,#696,#697);
#695 = CARTESIAN_POINT('',(0.5,0.4,0.));
#696 = DIRECTION('',(0.,1.,0.));
#697 = DIRECTION('',(0.,-0.,1.));
#698 = ADVANCED_FACE('',(#699),#717,.T.);
#699 = FACE_BOUND('',#700,.T.);
#700 = EDGE_LOOP('',(#701,#702,#703,#711));
#701 = ORIENTED_EDGE('',*,*,#446,.F.);
#702 = ORIENTED_EDGE('',*,*,#611,.T.);
#703 = ORIENTED_EDGE('',*,*,#704,.T.);
#704 = EDGE_CURVE('',#612,#705,#707,.T.);
#705 = VERTEX_POINT('',#706);
#706 = CARTESIAN_POINT('',(0.5,0.4,0.45));
#707 = LINE('',#708,#709);
#708 = CARTESIAN_POINT('',(-0.5,0.4,0.45));
#709 = VECTOR('',#710,1.);
#710 = DIRECTION('',(1.,0.,0.));
#711 = ORIENTED_EDGE('',*,*,#712,.F.);
#712 = EDGE_CURVE('',#447,#705,#713,.T.);
#713 = LINE('',#714,#715);
#714 = CARTESIAN_POINT('',(0.5,0.4,0.405));
#715 = VECTOR('',#716,1.);
#716 = DIRECTION('',(0.,0.,1.));
#717 = PLANE('',#718);
#718 = AXIS2_PLACEMENT_3D('',#719,#720,#721);
#719 = CARTESIAN_POINT('',(-0.5,0.4,0.405));
#720 = DIRECTION('',(0.,1.,0.));
#721 = DIRECTION('',(0.,-0.,1.));
#722 = ADVANCED_FACE('',(#723),#734,.T.);
#723 = FACE_BOUND('',#724,.T.);
#724 = EDGE_LOOP('',(#725,#726,#727,#733));
#725 = ORIENTED_EDGE('',*,*,#494,.T.);
#726 = ORIENTED_EDGE('',*,*,#643,.T.);
#727 = ORIENTED_EDGE('',*,*,#728,.F.);
#728 = EDGE_CURVE('',#510,#634,#729,.T.);
#729 = LINE('',#730,#731);
#730 = CARTESIAN_POINT('',(0.545,-0.4,-2.775557561563E-17));
#731 = VECTOR('',#732,1.);
#732 = DIRECTION('',(0.,1.,0.));
#733 = ORIENTED_EDGE('',*,*,#519,.F.);
#734 = CYLINDRICAL_SURFACE('',#735,4.5E-02);
#735 = AXIS2_PLACEMENT_3D('',#736,#737,#738);
#736 = CARTESIAN_POINT('',(0.545,-0.4,4.5E-02));
#737 = DIRECTION('',(0.,1.,0.));
#738 = DIRECTION('',(-1.,0.,0.));
#739 = ADVANCED_FACE('',(#740),#751,.F.);
#740 = FACE_BOUND('',#741,.F.);
#741 = EDGE_LOOP('',(#742,#743,#744,#745));
#742 = ORIENTED_EDGE('',*,*,#633,.F.);
#743 = ORIENTED_EDGE('',*,*,#728,.F.);
#744 = ORIENTED_EDGE('',*,*,#509,.T.);
#745 = ORIENTED_EDGE('',*,*,#746,.T.);
#746 = EDGE_CURVE('',#512,#636,#747,.T.);
#747 = LINE('',#748,#749);
#748 = CARTESIAN_POINT('',(0.755,-0.4,-2.775557561563E-17));
#749 = VECTOR('',#750,1.);
#750 = DIRECTION('',(0.,1.,0.));
#751 = PLANE('',#752);
#752 = AXIS2_PLACEMENT_3D('',#753,#754,#755);
#753 = CARTESIAN_POINT('',(0.5,-0.4,0.));
#754 = DIRECTION('',(0.,0.,1.));
#755 = DIRECTION('',(1.,0.,-0.));
#756 = ADVANCED_FACE('',(#757),#768,.T.);
#757 = FACE_BOUND('',#758,.T.);
#758 = EDGE_LOOP('',(#759,#760,#761,#762));
#759 = ORIENTED_EDGE('',*,*,#563,.T.);
#760 = ORIENTED_EDGE('',*,*,#746,.T.);
#761 = ORIENTED_EDGE('',*,*,#687,.F.);
#762 = ORIENTED_EDGE('',*,*,#763,.F.);
#763 = EDGE_CURVE('',#556,#680,#764,.T.);
#764 = LINE('',#765,#766);
#765 = CARTESIAN_POINT('',(0.8,-0.4,4.5E-02));
#766 = VECTOR('',#767,1.);
#767 = DIRECTION('',(0.,1.,0.));
#768 = CYLINDRICAL_SURFACE('',#769,4.5E-02);
#769 = AXIS2_PLACEMENT_3D('',#770,#771,#772);
#770 = CARTESIAN_POINT('',(0.755,-0.4,4.5E-02));
#771 = DIRECTION('',(0.,1.,0.));
#772 = DIRECTION('',(1.,0.,0.));
#773 = ADVANCED_FACE('',(#774),#785,.T.);
#774 = FACE_BOUND('',#775,.T.);
#775 = EDGE_LOOP('',(#776,#777,#778,#779));
#776 = ORIENTED_EDGE('',*,*,#555,.F.);
#777 = ORIENTED_EDGE('',*,*,#763,.T.);
#778 = ORIENTED_EDGE('',*,*,#679,.T.);
#779 = ORIENTED_EDGE('',*,*,#780,.F.);
#780 = EDGE_CURVE('',#547,#671,#781,.T.);
#781 = LINE('',#782,#783);
#782 = CARTESIAN_POINT('',(0.8,-0.4,0.405));
#783 = VECTOR('',#784,1.);
#784 = DIRECTION('',(0.,1.,0.));
#785 = PLANE('',#786);
#786 = AXIS2_PLACEMENT_3D('',#787,#788,#789);
#787 = CARTESIAN_POINT('',(0.8,-0.4,0.));
#788 = DIRECTION('',(1.,0.,0.));
#789 = DIRECTION('',(0.,0.,1.));
#790 = ADVANCED_FACE('',(#791),#802,.T.);
#791 = FACE_BOUND('',#792,.T.);
#792 = EDGE_LOOP('',(#793,#794,#795,#801));
#793 = ORIENTED_EDGE('',*,*,#780,.T.);
#794 = ORIENTED_EDGE('',*,*,#670,.T.);
#795 = ORIENTED_EDGE('',*,*,#796,.F.);
#796 = EDGE_CURVE('',#539,#663,#797,.T.);
#797 = LINE('',#798,#799);
#798 = CARTESIAN_POINT('',(0.755,-0.4,0.45));
#799 = VECTOR('',#800,1.);
#800 = DIRECTION('',(0.,1.,0.));
#801 = ORIENTED_EDGE('',*,*,#546,.F.);
#802 = CYLINDRICAL_SURFACE('',#803,4.5E-02);
#803 = AXIS2_PLACEMENT_3D('',#804,#805,#806);
#804 = CARTESIAN_POINT('',(0.755,-0.4,0.405));
#805 = DIRECTION('',(0.,1.,0.));
#806 = DIRECTION('',(1.,0.,0.));
#807 = ADVANCED_FACE('',(#808),#819,.T.);
#808 = FACE_BOUND('',#809,.T.);
#809 = EDGE_LOOP('',(#810,#811,#817,#818));
#810 = ORIENTED_EDGE('',*,*,#662,.F.);
#811 = ORIENTED_EDGE('',*,*,#812,.F.);
#812 = EDGE_CURVE('',#530,#654,#813,.T.);
#813 = LINE('',#814,#815);
#814 = CARTESIAN_POINT('',(0.545,-0.4,0.45));
#815 = VECTOR('',#816,1.);
#816 = DIRECTION('',(0.,1.,0.));
#817 = ORIENTED_EDGE('',*,*,#538,.T.);
#818 = ORIENTED_EDGE('',*,*,#796,.T.);
#819 = PLANE('',#820);
#820 = AXIS2_PLACEMENT_3D('',#821,#822,#823);
#821 = CARTESIAN_POINT('',(0.5,-0.4,0.45));
#822 = DIRECTION('',(0.,0.,1.));
#823 = DIRECTION('',(1.,0.,-0.));
#824 = ADVANCED_FACE('',(#825),#836,.T.);
#825 = FACE_BOUND('',#826,.T.);
#826 = EDGE_LOOP('',(#827,#828,#829,#830));
#827 = ORIENTED_EDGE('',*,*,#529,.T.);
#828 = ORIENTED_EDGE('',*,*,#812,.T.);
#829 = ORIENTED_EDGE('',*,*,#653,.F.);
#830 = ORIENTED_EDGE('',*,*,#831,.F.);
#831 = EDGE_CURVE('',#364,#447,#832,.T.);
#832 = LINE('',#833,#834);
#833 = CARTESIAN_POINT('',(0.5,-0.4,0.405));
#834 = VECTOR('',#835,1.);
#835 = DIRECTION('',(0.,1.,0.));
#836 = CYLINDRICAL_SURFACE('',#837,4.5E-02);
#837 = AXIS2_PLACEMENT_3D('',#838,#839,#840);
#838 = CARTESIAN_POINT('',(0.545,-0.4,0.405));
#839 = DIRECTION('',(0.,1.,0.));
#840 = DIRECTION('',(-1.,0.,0.));
#841 = ADVANCED_FACE('',(#842),#853,.T.);
#842 = FACE_BOUND('',#843,.T.);
#843 = EDGE_LOOP('',(#844,#845,#846,#847));
#844 = ORIENTED_EDGE('',*,*,#595,.F.);
#845 = ORIENTED_EDGE('',*,*,#831,.T.);
#846 = ORIENTED_EDGE('',*,*,#712,.T.);
#847 = ORIENTED_EDGE('',*,*,#848,.F.);
#848 = EDGE_CURVE('',#588,#705,#849,.T.);
#849 = LINE('',#850,#851);
#850 = CARTESIAN_POINT('',(0.5,-0.4,0.45));
#851 = VECTOR('',#852,1.);
#852 = DIRECTION('',(0.,1.,0.));
#853 = PLANE('',#854);
#854 = AXIS2_PLACEMENT_3D('',#855,#856,#857);
#855 = CARTESIAN_POINT('',(0.5,-0.4,0.405));
#856 = DIRECTION('',(1.,0.,0.));
#857 = DIRECTION('',(0.,0.,1.));
#858 = ADVANCED_FACE('',(#859),#865,.T.);
#859 = FACE_BOUND('',#860,.T.);
#860 = EDGE_LOOP('',(#861,#862,#863,#864));
#861 = ORIENTED_EDGE('',*,*,#619,.F.);
#862 = ORIENTED_EDGE('',*,*,#587,.T.);
#863 = ORIENTED_EDGE('',*,*,#848,.T.);
#864 = ORIENTED_EDGE('',*,*,#704,.F.);
#865 = PLANE('',#866);
#866 = AXIS2_PLACEMENT_3D('',#867,#868,#869);
#867 = CARTESIAN_POINT('',(-0.5,-0.4,0.45));
#868 = DIRECTION('',(0.,0.,1.));
#869 = DIRECTION('',(1.,0.,-0.));
#870 = ( GEOMETRIC_REPRESENTATION_CONTEXT(3) 
GLOBAL_UNCERTAINTY_ASSIGNED_CONTEXT((#874)) GLOBAL_UNIT_ASSIGNED_CONTEXT
((#871,#872,#873)) REPRESENTATION_CONTEXT('Context #1',
  '3D Context with UNIT and UNCERTAINTY') );
#871 = ( LENGTH_UNIT() NAMED_UNIT(*) SI_UNIT(.MILLI.,.METRE.) );
#872 = ( NAMED_UNIT(*) PLANE_ANGLE_UNIT() SI_UNIT($,.RADIAN.) );
#873 = ( NAMED_UNIT(*) SI_UNIT($,.STERADIAN.) SOLID_ANGLE_UNIT() );
#874 = UNCERTAINTY_MEASURE_WITH_UNIT(LENGTH_MEASURE(1.E-07),#871,
  'distance_accuracy_value','confusion accuracy');
#875 = CONTEXT_DEPENDENT_SHAPE_REPRESENTATION(#876,#878);
#876 = ( REPRESENTATION_RELATIONSHIP('','',#79,#56) 
REPRESENTATION_RELATIONSHIP_WITH_TRANSFORMATION(#877) 
SHAPE_REPRESENTATION_RELATIONSHIP() );
#877 = ITEM_DEFINED_TRANSFORMATION('','',#11,#57);
#878 = PRODUCT_DEFINITION_SHAPE('Placement','Placement of an item',#879
  );
#879 = NEXT_ASSEMBLY_USAGE_OCCURRENCE('1','=>[0:1:1:3]','',#51,#74,$);
#880 = PRODUCT_RELATED_PRODUCT_CATEGORY('part',$,(#76));
#881 = CONTEXT_DEPENDENT_SHAPE_REPRESENTATION(#882,#884);
#882 = ( REPRESENTATION_RELATIONSHIP('','',#56,#10) 
REPRESENTATION_RELATIONSHIP_WITH_TRANSFORMATION(#883) 
SHAPE_REPRESENTATION_RELATIONSHIP() );
#883 = ITEM_DEFINED_TRANSFORMATION('','',#11,#19);
#884 = PRODUCT_DEFINITION_SHAPE('Placement','Placement of an item',#885
  );
#885 = NEXT_ASSEMBLY_USAGE_OCCURRENCE('3','R1','',#5,#51,$);
#886 = SHAPE_DEFINITION_REPRESENTATION(#887,#893);
#887 = PRODUCT_DEFINITION_SHAPE('','',#888);
#888 = PRODUCT_DEFINITION('design','',#889,#892);
#889 = PRODUCT_DEFINITION_FORMATION('','',#890);
#890 = PRODUCT('TSSOP-14_4.4x5mm_P0.65mm','TSSOP-14_4.4x5mm_P0.65mm','',
  (#891));
#891 = PRODUCT_CONTEXT('',#2,'mechanical');
#892 = PRODUCT_DEFINITION_CONTEXT('part definition',#2,'design');
#893 = SHAPE_REPRESENTATION('',(#11,#894),#898);
#894 = AXIS2_PLACEMENT_3D('',#895,#896,#897);
#895 = CARTESIAN_POINT('',(0.,0.,0.));
#896 = DIRECTION('',(0.,0.,1.));
#897 = DIRECTION('',(1.,0.,-0.));
#898 = ( GEOMETRIC_REPRESENTATION_CONTEXT(3) 
GLOBAL_UNCERTAINTY_ASSIGNED_CONTEXT((#902)) GLOBAL_UNIT_ASSIGNED_CONTEXT
((#899,#900,#901)) REPRESENTATION_CONTEXT('Context #1',
  '3D Context with UNIT and UNCERTAINTY') );
#899 = ( LENGTH_UNIT() NAMED_UNIT(*) SI_UNIT(.MILLI.,.METRE.) );
#900 = ( NAMED_UNIT(*) PLANE_ANGLE_UNIT() SI_UNIT($,.RADIAN.) );
#901 = ( NAMED_UNIT(*) SI_UNIT($,.STERADIAN.) SOLID_ANGLE_UNIT() );
#902 = UNCERTAINTY_MEASURE_WITH_UNIT(LENGTH_MEASURE(1.E-07),#899,
  'distance_accuracy_value','confusion accuracy');
#903 = CONTEXT_DEPENDENT_SHAPE_REPRESENTATION(#904,#906);
#904 = ( REPRESENTATION_RELATIONSHIP('','',#893,#10) 
REPRESENTATION_RELATIONSHIP_WITH_TRANSFORMATION(#905) 
SHAPE_REPRESENTATION_RELATIONSHIP() );
#905 = ITEM_DEFINED_TRANSFORMATION('','',#11,#23);
#906 = PRODUCT_DEFINITION_SHAPE('Placement','Placement of an item',#907
  );
#907 = NEXT_ASSEMBLY_USAGE_OCCURRENCE('5','U1','',#5,#888,$);
#908 = PRODUCT_RELATED_PRODUCT_CATEGORY('part',$,(#890));
#909 = SHAPE_DEFINITION_REPRESENTATION(#910,#916);
#910 = PRODUCT_DEFINITION_SHAPE('','',#911);
#911 = PRODUCT_DEFINITION('design','',#912,#915);
#912 = PRODUCT_DEFINITION_FORMATION('','',#913);
#913 = PRODUCT('TSSOP-14_4.4x5mm_P0.65mm','TSSOP-14_4.4x5mm_P0.65mm','',
  (#914));
#914 = PRODUCT_CONTEXT('',#2,'mechanical');
#915 = PRODUCT_DEFINITION_CONTEXT('part definition',#2,'design');
#916 = ADVANCED_BREP_SHAPE_REPRESENTATION('',(#11,#917),#8189);
#917 = MANIFOLD_SOLID_BREP('',#918);
#918 = CLOSED_SHELL('',(#919,#957,#1020,#1043,#1072,#1095,#1230,#1365,
    #1388,#1411,#1428,#1451,#1539,#1555,#1585,#1616,#1647,#1678,#1709,
    #1740,#1771,#1802,#1833,#1864,#1895,#1926,#1957,#1988,#2005,#2022,
    #2053,#2084,#2115,#2146,#2177,#2208,#2239,#2270,#2301,#2332,#2363,
    #2394,#2425,#2455,#2478,#2501,#2518,#2563,#2697,#2720,#2743,#2766,
    #2901,#2939,#2988,#3080,#3105,#3189,#3211,#3303,#3328,#3412,#3434,
    #3526,#3551,#3635,#3657,#3749,#3774,#3858,#3880,#3972,#3997,#4081,
    #4103,#4195,#4220,#4304,#4321,#4406,#4431,#4508,#4593,#4618,#4695,
    #4712,#4804,#4829,#4913,#4935,#5027,#5052,#5136,#5158,#5250,#5275,
    #5359,#5381,#5473,#5498,#5582,#5604,#5696,#5721,#5805,#5827,#5919,
    #5944,#6028,#6045,#6064,#6083,#6102,#6121,#6140,#6159,#6205,#6221,
    #6240,#6259,#6278,#6297,#6316,#6335,#6351,#6368,#6380,#6397,#6414,
    #6431,#6448,#6465,#6482,#6499,#6511,#6528,#6545,#6562,#6579,#6596,
    #6613,#6630,#6642,#6659,#6676,#6693,#6710,#6727,#6744,#6761,#6773,
    #6790,#6807,#6824,#6841,#6858,#6875,#6892,#6904,#6921,#6938,#6955,
    #6972,#6989,#7006,#7023,#7035,#7052,#7069,#7086,#7103,#7120,#7137,
    #7154,#7166,#7183,#7200,#7217,#7234,#7251,#7268,#7280,#7297,#7314,
    #7331,#7348,#7365,#7382,#7394,#7411,#7428,#7445,#7462,#7479,#7496,
    #7513,#7525,#7542,#7559,#7576,#7593,#7610,#7627,#7644,#7656,#7673,
    #7690,#7707,#7724,#7741,#7758,#7775,#7787,#7804,#7821,#7838,#7855,
    #7872,#7889,#7906,#7918,#7935,#7952,#7969,#7986,#8003,#8020,#8037,
    #8049,#8066,#8083,#8100,#8117,#8134,#8151,#8168,#8180));
#919 = ADVANCED_FACE('',(#920),#952,.F.);
#920 = FACE_BOUND('',#921,.F.);
#921 = EDGE_LOOP('',(#922,#932,#939,#947));
#922 = ORIENTED_EDGE('',*,*,#923,.T.);
#923 = EDGE_CURVE('',#924,#926,#928,.T.);
#924 = VERTEX_POINT('',#925);
#925 = CARTESIAN_POINT('',(-1.960145644687,2.420291289374,0.1));
#926 = VERTEX_POINT('',#927);
#927 = CARTESIAN_POINT('',(1.960145644687,2.420291289374,0.1));
#928 = LINE('',#929,#930);
#929 = CARTESIAN_POINT('',(-1.960145644687,2.420291289374,0.1));
#930 = VECTOR('',#931,1.);
#931 = DIRECTION('',(1.,1.110223024625E-16,0.));
#932 = ORIENTED_EDGE('',*,*,#933,.T.);
#933 = EDGE_CURVE('',#926,#934,#936,.T.);
#934 = VERTEX_POINT('',#935);
#935 = CARTESIAN_POINT('',(2.,2.5,0.475));
#936 = B_SPLINE_CURVE_WITH_KNOTS('',1,(#937,#938),.UNSPECIFIED.,.F.,.F.,
  (2,2),(0.,1.),.PIECEWISE_BEZIER_KNOTS.);
#937 = CARTESIAN_POINT('',(1.960145644687,2.420291289374,0.1));
#938 = CARTESIAN_POINT('',(2.,2.5,0.475));
#939 = ORIENTED_EDGE('',*,*,#940,.F.);
#940 = EDGE_CURVE('',#941,#934,#943,.T.);
#941 = VERTEX_POINT('',#942);
#942 = CARTESIAN_POINT('',(-2.,2.5,0.475));
#943 = LINE('',#944,#945);
#944 = CARTESIAN_POINT('',(-2.,2.5,0.475));
#945 = VECTOR('',#946,1.);
#946 = DIRECTION('',(1.,1.110223024625E-16,0.));
#947 = ORIENTED_EDGE('',*,*,#948,.F.);
#948 = EDGE_CURVE('',#924,#941,#949,.T.);
#949 = B_SPLINE_CURVE_WITH_KNOTS('',1,(#950,#951),.UNSPECIFIED.,.F.,.F.,
  (2,2),(0.,1.),.PIECEWISE_BEZIER_KNOTS.);
#950 = CARTESIAN_POINT('',(-1.960145644687,2.420291289374,0.1));
#951 = CARTESIAN_POINT('',(-2.,2.5,0.475));
#952 = B_SPLINE_SURFACE_WITH_KNOTS('',1,1,(
    (#953,#954)
    ,(#955,#956)),.UNSPECIFIED.,.F.,.F.,.F.,(2,2),(2,2),(0.,4.),(0.,1.),
  .PIECEWISE_BEZIER_KNOTS.);
#953 = CARTESIAN_POINT('',(-1.960145644687,2.420291289374,0.1));
#954 = CARTESIAN_POINT('',(-2.,2.5,0.475));
#955 = CARTESIAN_POINT('',(1.960145644687,2.420291289374,0.1));
#956 = CARTESIAN_POINT('',(2.,2.5,0.475));
#957 = ADVANCED_FACE('',(#958),#1015,.T.);
#958 = FACE_BOUND('',#959,.T.);
#959 = EDGE_LOOP('',(#960,#961,#969,#977,#985,#993,#1001,#1009));
#960 = ORIENTED_EDGE('',*,*,#923,.T.);
#961 = ORIENTED_EDGE('',*,*,#962,.T.);
#962 = EDGE_CURVE('',#926,#963,#965,.T.);
#963 = VERTEX_POINT('',#964);
#964 = CARTESIAN_POINT('',(2.120291289374,2.260145644687,0.1));
#965 = LINE('',#966,#967);
#966 = CARTESIAN_POINT('',(1.960145644687,2.420291289374,0.1));
#967 = VECTOR('',#968,1.);
#968 = DIRECTION('',(0.707106781187,-0.707106781187,0.));
#969 = ORIENTED_EDGE('',*,*,#970,.T.);
#970 = EDGE_CURVE('',#963,#971,#973,.T.);
#971 = VERTEX_POINT('',#972);
#972 = CARTESIAN_POINT('',(2.120291289374,-2.260145644687,0.1));
#973 = LINE('',#974,#975);
#974 = CARTESIAN_POINT('',(2.120291289374,2.260145644687,0.1));
#975 = VECTOR('',#976,1.);
#976 = DIRECTION('',(1.110223024625E-16,-1.,0.));
#977 = ORIENTED_EDGE('',*,*,#978,.T.);
#978 = EDGE_CURVE('',#971,#979,#981,.T.);
#979 = VERTEX_POINT('',#980);
#980 = CARTESIAN_POINT('',(1.960145644687,-2.420291289374,0.1));
#981 = LINE('',#982,#983);
#982 = CARTESIAN_POINT('',(2.120291289374,-2.260145644687,0.1));
#983 = VECTOR('',#984,1.);
#984 = DIRECTION('',(-0.707106781187,-0.707106781187,0.));
#985 = ORIENTED_EDGE('',*,*,#986,.T.);
#986 = EDGE_CURVE('',#979,#987,#989,.T.);
#987 = VERTEX_POINT('',#988);
#988 = CARTESIAN_POINT('',(-1.960145644687,-2.420291289374,0.1));
#989 = LINE('',#990,#991);
#990 = CARTESIAN_POINT('',(1.960145644687,-2.420291289374,0.1));
#991 = VECTOR('',#992,1.);
#992 = DIRECTION('',(-1.,-1.110223024625E-16,0.));
#993 = ORIENTED_EDGE('',*,*,#994,.T.);
#994 = EDGE_CURVE('',#987,#995,#997,.T.);
#995 = VERTEX_POINT('',#996);
#996 = CARTESIAN_POINT('',(-2.120291289374,-2.260145644687,0.1));
#997 = LINE('',#998,#999);
#998 = CARTESIAN_POINT('',(-1.960145644687,-2.420291289374,0.1));
#999 = VECTOR('',#1000,1.);
#1000 = DIRECTION('',(-0.707106781187,0.707106781187,0.));
#1001 = ORIENTED_EDGE('',*,*,#1002,.T.);
#1002 = EDGE_CURVE('',#995,#1003,#1005,.T.);
#1003 = VERTEX_POINT('',#1004);
#1004 = CARTESIAN_POINT('',(-2.120291289374,2.260145644687,0.1));
#1005 = LINE('',#1006,#1007);
#1006 = CARTESIAN_POINT('',(-2.120291289374,-2.260145644687,0.1));
#1007 = VECTOR('',#1008,1.);
#1008 = DIRECTION('',(-1.110223024625E-16,1.,0.));
#1009 = ORIENTED_EDGE('',*,*,#1010,.T.);
#1010 = EDGE_CURVE('',#1003,#924,#1011,.T.);
#1011 = LINE('',#1012,#1013);
#1012 = CARTESIAN_POINT('',(-2.120291289374,2.260145644687,0.1));
#1013 = VECTOR('',#1014,1.);
#1014 = DIRECTION('',(0.707106781187,0.707106781187,0.));
#1015 = PLANE('',#1016);
#1016 = AXIS2_PLACEMENT_3D('',#1017,#1018,#1019);
#1017 = CARTESIAN_POINT('',(-1.960145644687,2.420291289374,0.1));
#1018 = DIRECTION('',(0.,0.,-1.));
#1019 = DIRECTION('',(0.62936545726,-0.777109465396,0.));
#1020 = ADVANCED_FACE('',(#1021),#1038,.F.);
#1021 = FACE_BOUND('',#1022,.F.);
#1022 = EDGE_LOOP('',(#1023,#1024,#1031,#1037));
#1023 = ORIENTED_EDGE('',*,*,#962,.T.);
#1024 = ORIENTED_EDGE('',*,*,#1025,.T.);
#1025 = EDGE_CURVE('',#963,#1026,#1028,.T.);
#1026 = VERTEX_POINT('',#1027);
#1027 = CARTESIAN_POINT('',(2.2,2.3,0.475));
#1028 = B_SPLINE_CURVE_WITH_KNOTS('',1,(#1029,#1030),.UNSPECIFIED.,.F.,
  .F.,(2,2),(0.,1.),.PIECEWISE_BEZIER_KNOTS.);
#1029 = CARTESIAN_POINT('',(2.120291289374,2.260145644687,0.1));
#1030 = CARTESIAN_POINT('',(2.2,2.3,0.475));
#1031 = ORIENTED_EDGE('',*,*,#1032,.F.);
#1032 = EDGE_CURVE('',#934,#1026,#1033,.T.);
#1033 = LINE('',#1034,#1035);
#1034 = CARTESIAN_POINT('',(2.,2.5,0.475));
#1035 = VECTOR('',#1036,1.);
#1036 = DIRECTION('',(0.707106781187,-0.707106781187,0.));
#1037 = ORIENTED_EDGE('',*,*,#933,.F.);
#1038 = B_SPLINE_SURFACE_WITH_KNOTS('',1,1,(
    (#1039,#1040)
    ,(#1041,#1042
    )),.UNSPECIFIED.,.F.,.F.,.F.,(2,2),(2,2),(0.,0.282842712475),(0.,1.)
  ,.PIECEWISE_BEZIER_KNOTS.);
#1039 = CARTESIAN_POINT('',(1.960145644687,2.420291289374,0.1));
#1040 = CARTESIAN_POINT('',(2.,2.5,0.475));
#1041 = CARTESIAN_POINT('',(2.120291289374,2.260145644687,0.1));
#1042 = CARTESIAN_POINT('',(2.2,2.3,0.475));
#1043 = ADVANCED_FACE('',(#1044),#1067,.F.);
#1044 = FACE_BOUND('',#1045,.F.);
#1045 = EDGE_LOOP('',(#1046,#1047,#1054,#1062));
#1046 = ORIENTED_EDGE('',*,*,#940,.T.);
#1047 = ORIENTED_EDGE('',*,*,#1048,.T.);
#1048 = EDGE_CURVE('',#934,#1049,#1051,.T.);
#1049 = VERTEX_POINT('',#1050);
#1050 = CARTESIAN_POINT('',(2.,2.5,0.625));
#1051 = B_SPLINE_CURVE_WITH_KNOTS('',1,(#1052,#1053),.UNSPECIFIED.,.F.,
  .F.,(2,2),(0.,1.),.PIECEWISE_BEZIER_KNOTS.);
#1052 = CARTESIAN_POINT('',(2.,2.5,0.475));
#1053 = CARTESIAN_POINT('',(2.,2.5,0.625));
#1054 = ORIENTED_EDGE('',*,*,#1055,.F.);
#1055 = EDGE_CURVE('',#1056,#1049,#1058,.T.);
#1056 = VERTEX_POINT('',#1057);
#1057 = CARTESIAN_POINT('',(-2.,2.5,0.625));
#1058 = LINE('',#1059,#1060);
#1059 = CARTESIAN_POINT('',(-2.,2.5,0.625));
#1060 = VECTOR('',#1061,1.);
#1061 = DIRECTION('',(1.,1.110223024625E-16,0.));
#1062 = ORIENTED_EDGE('',*,*,#1063,.F.);
#1063 = EDGE_CURVE('',#941,#1056,#1064,.T.);
#1064 = B_SPLINE_CURVE_WITH_KNOTS('',1,(#1065,#1066),.UNSPECIFIED.,.F.,
  .F.,(2,2),(0.,1.),.PIECEWISE_BEZIER_KNOTS.);
#1065 = CARTESIAN_POINT('',(-2.,2.5,0.475));
#1066 = CARTESIAN_POINT('',(-2.,2.5,0.625));
#1067 = PLANE('',#1068);
#1068 = AXIS2_PLACEMENT_3D('',#1069,#1070,#1071);
#1069 = CARTESIAN_POINT('',(-2.,2.5,0.625));
#1070 = DIRECTION('',(1.110223024625E-16,-1.,0.));
#1071 = DIRECTION('',(1.,1.110223024625E-16,0.));
#1072 = ADVANCED_FACE('',(#1073),#1090,.F.);
#1073 = FACE_BOUND('',#1074,.F.);
#1074 = EDGE_LOOP('',(#1075,#1076,#1077,#1085));
#1075 = ORIENTED_EDGE('',*,*,#1010,.T.);
#1076 = ORIENTED_EDGE('',*,*,#948,.T.);
#1077 = ORIENTED_EDGE('',*,*,#1078,.F.);
#1078 = EDGE_CURVE('',#1079,#941,#1081,.T.);
#1079 = VERTEX_POINT('',#1080);
#1080 = CARTESIAN_POINT('',(-2.2,2.3,0.475));
#1081 = LINE('',#1082,#1083);
#1082 = CARTESIAN_POINT('',(-2.2,2.3,0.475));
#1083 = VECTOR('',#1084,1.);
#1084 = DIRECTION('',(0.707106781187,0.707106781187,0.));
#1085 = ORIENTED_EDGE('',*,*,#1086,.F.);
#1086 = EDGE_CURVE('',#1003,#1079,#1087,.T.);
#1087 = B_SPLINE_CURVE_WITH_KNOTS('',1,(#1088,#1089),.UNSPECIFIED.,.F.,
  .F.,(2,2),(0.,1.),.PIECEWISE_BEZIER_KNOTS.);
#1088 = CARTESIAN_POINT('',(-2.120291289374,2.260145644687,0.1));
#1089 = CARTESIAN_POINT('',(-2.2,2.3,0.475));
#1090 = B_SPLINE_SURFACE_WITH_KNOTS('',1,1,(
    (#1091,#1092)
    ,(#1093,#1094
    )),.UNSPECIFIED.,.F.,.F.,.F.,(2,2),(2,2),(0.,0.282842712475),(0.,1.)
  ,.PIECEWISE_BEZIER_KNOTS.);
#1091 = CARTESIAN_POINT('',(-2.120291289374,2.260145644687,0.1));
#1092 = CARTESIAN_POINT('',(-2.2,2.3,0.475));
#1093 = CARTESIAN_POINT('',(-1.960145644687,2.420291289374,0.1));
#1094 = CARTESIAN_POINT('',(-2.,2.5,0.475));
#1095 = ADVANCED_FACE('',(#1096),#1225,.F.);
#1096 = FACE_BOUND('',#1097,.F.);
#1097 = EDGE_LOOP('',(#1098,#1099,#1100,#1108,#1116,#1124,#1132,#1140,
    #1148,#1156,#1164,#1172,#1180,#1188,#1196,#1204,#1212,#1220));
#1098 = ORIENTED_EDGE('',*,*,#1002,.T.);
#1099 = ORIENTED_EDGE('',*,*,#1086,.T.);
#1100 = ORIENTED_EDGE('',*,*,#1101,.F.);
#1101 = EDGE_CURVE('',#1102,#1079,#1104,.T.);
#1102 = VERTEX_POINT('',#1103);
#1103 = CARTESIAN_POINT('',(-2.2,2.08,0.475));
#1104 = LINE('',#1105,#1106);
#1105 = CARTESIAN_POINT('',(-2.2,-2.3,0.475));
#1106 = VECTOR('',#1107,1.);
#1107 = DIRECTION('',(-1.110223024625E-16,1.,0.));
#1108 = ORIENTED_EDGE('',*,*,#1109,.F.);
#1109 = EDGE_CURVE('',#1110,#1102,#1112,.T.);
#1110 = VERTEX_POINT('',#1111);
#1111 = CARTESIAN_POINT('',(-2.2,1.82,0.475));
#1112 = LINE('',#1113,#1114);
#1113 = CARTESIAN_POINT('',(-2.2,-2.3,0.475));
#1114 = VECTOR('',#1115,1.);
#1115 = DIRECTION('',(-1.110223024625E-16,1.,0.));
#1116 = ORIENTED_EDGE('',*,*,#1117,.F.);
#1117 = EDGE_CURVE('',#1118,#1110,#1120,.T.);
#1118 = VERTEX_POINT('',#1119);
#1119 = CARTESIAN_POINT('',(-2.2,1.43,0.475));
#1120 = LINE('',#1121,#1122);
#1121 = CARTESIAN_POINT('',(-2.2,-2.3,0.475));
#1122 = VECTOR('',#1123,1.);
#1123 = DIRECTION('',(-1.110223024625E-16,1.,0.));
#1124 = ORIENTED_EDGE('',*,*,#1125,.F.);
#1125 = EDGE_CURVE('',#1126,#1118,#1128,.T.);
#1126 = VERTEX_POINT('',#1127);
#1127 = CARTESIAN_POINT('',(-2.2,1.17,0.475));
#1128 = LINE('',#1129,#1130);
#1129 = CARTESIAN_POINT('',(-2.2,-2.3,0.475));
#1130 = VECTOR('',#1131,1.);
#1131 = DIRECTION('',(-1.110223024625E-16,1.,0.));
#1132 = ORIENTED_EDGE('',*,*,#1133,.F.);
#1133 = EDGE_CURVE('',#1134,#1126,#1136,.T.);
#1134 = VERTEX_POINT('',#1135);
#1135 = CARTESIAN_POINT('',(-2.2,0.78,0.475));
#1136 = LINE('',#1137,#1138);
#1137 = CARTESIAN_POINT('',(-2.2,-2.3,0.475));
#1138 = VECTOR('',#1139,1.);
#1139 = DIRECTION('',(-1.110223024625E-16,1.,0.));
#1140 = ORIENTED_EDGE('',*,*,#1141,.F.);
#1141 = EDGE_CURVE('',#1142,#1134,#1144,.T.);
#1142 = VERTEX_POINT('',#1143);
#1143 = CARTESIAN_POINT('',(-2.2,0.52,0.475));
#1144 = LINE('',#1145,#1146);
#1145 = CARTESIAN_POINT('',(-2.2,-2.3,0.475));
#1146 = VECTOR('',#1147,1.);
#1147 = DIRECTION('',(-1.110223024625E-16,1.,0.));
#1148 = ORIENTED_EDGE('',*,*,#1149,.F.);
#1149 = EDGE_CURVE('',#1150,#1142,#1152,.T.);
#1150 = VERTEX_POINT('',#1151);
#1151 = CARTESIAN_POINT('',(-2.2,0.13,0.475));
#1152 = LINE('',#1153,#1154);
#1153 = CARTESIAN_POINT('',(-2.2,-2.3,0.475));
#1154 = VECTOR('',#1155,1.);
#1155 = DIRECTION('',(-1.110223024625E-16,1.,0.));
#1156 = ORIENTED_EDGE('',*,*,#1157,.F.);
#1157 = EDGE_CURVE('',#1158,#1150,#1160,.T.);
#1158 = VERTEX_POINT('',#1159);
#1159 = CARTESIAN_POINT('',(-2.2,-0.13,0.475));
#1160 = LINE('',#1161,#1162);
#1161 = CARTESIAN_POINT('',(-2.2,-2.3,0.475));
#1162 = VECTOR('',#1163,1.);
#1163 = DIRECTION('',(-1.110223024625E-16,1.,0.));
#1164 = ORIENTED_EDGE('',*,*,#1165,.F.);
#1165 = EDGE_CURVE('',#1166,#1158,#1168,.T.);
#1166 = VERTEX_POINT('',#1167);
#1167 = CARTESIAN_POINT('',(-2.2,-0.52,0.475));
#1168 = LINE('',#1169,#1170);
#1169 = CARTESIAN_POINT('',(-2.2,-2.3,0.475));
#1170 = VECTOR('',#1171,1.);
#1171 = DIRECTION('',(-1.110223024625E-16,1.,0.));
#1172 = ORIENTED_EDGE('',*,*,#1173,.F.);
#1173 = EDGE_CURVE('',#1174,#1166,#1176,.T.);
#1174 = VERTEX_POINT('',#1175);
#1175 = CARTESIAN_POINT('',(-2.2,-0.78,0.475));
#1176 = LINE('',#1177,#1178);
#1177 = CARTESIAN_POINT('',(-2.2,-2.3,0.475));
#1178 = VECTOR('',#1179,1.);
#1179 = DIRECTION('',(-1.110223024625E-16,1.,0.));
#1180 = ORIENTED_EDGE('',*,*,#1181,.F.);
#1181 = EDGE_CURVE('',#1182,#1174,#1184,.T.);
#1182 = VERTEX_POINT('',#1183);
#1183 = CARTESIAN_POINT('',(-2.2,-1.17,0.475));
#1184 = LINE('',#1185,#1186);
#1185 = CARTESIAN_POINT('',(-2.2,-2.3,0.475));
#1186 = VECTOR('',#1187,1.);
#1187 = DIRECTION('',(-1.110223024625E-16,1.,0.));
#1188 = ORIENTED_EDGE('',*,*,#1189,.F.);
#1189 = EDGE_CURVE('',#1190,#1182,#1192,.T.);
#1190 = VERTEX_POINT('',#1191);
#1191 = CARTESIAN_POINT('',(-2.2,-1.43,0.475));
#1192 = LINE('',#1193,#1194);
#1193 = CARTESIAN_POINT('',(-2.2,-2.3,0.475));
#1194 = VECTOR('',#1195,1.);
#1195 = DIRECTION('',(-1.110223024625E-16,1.,0.));
#1196 = ORIENTED_EDGE('',*,*,#1197,.F.);
#1197 = EDGE_CURVE('',#1198,#1190,#1200,.T.);
#1198 = VERTEX_POINT('',#1199);
#1199 = CARTESIAN_POINT('',(-2.2,-1.82,0.475));
#1200 = LINE('',#1201,#1202);
#1201 = CARTESIAN_POINT('',(-2.2,-2.3,0.475));
#1202 = VECTOR('',#1203,1.);
#1203 = DIRECTION('',(-1.110223024625E-16,1.,0.));
#1204 = ORIENTED_EDGE('',*,*,#1205,.F.);
#1205 = EDGE_CURVE('',#1206,#1198,#1208,.T.);
#1206 = VERTEX_POINT('',#1207);
#1207 = CARTESIAN_POINT('',(-2.2,-2.08,0.475));
#1208 = LINE('',#1209,#1210);
#1209 = CARTESIAN_POINT('',(-2.2,-2.3,0.475));
#1210 = VECTOR('',#1211,1.);
#1211 = DIRECTION('',(-1.110223024625E-16,1.,0.));
#1212 = ORIENTED_EDGE('',*,*,#1213,.F.);
#1213 = EDGE_CURVE('',#1214,#1206,#1216,.T.);
#1214 = VERTEX_POINT('',#1215);
#1215 = CARTESIAN_POINT('',(-2.2,-2.3,0.475));
#1216 = LINE('',#1217,#1218);
#1217 = CARTESIAN_POINT('',(-2.2,-2.3,0.475));
#1218 = VECTOR('',#1219,1.);
#1219 = DIRECTION('',(-1.110223024625E-16,1.,0.));
#1220 = ORIENTED_EDGE('',*,*,#1221,.F.);
#1221 = EDGE_CURVE('',#995,#1214,#1222,.T.);
#1222 = B_SPLINE_CURVE_WITH_KNOTS('',1,(#1223,#1224),.UNSPECIFIED.,.F.,
  .F.,(2,2),(0.,1.),.PIECEWISE_BEZIER_KNOTS.);
#1223 = CARTESIAN_POINT('',(-2.120291289374,-2.260145644687,0.1));
#1224 = CARTESIAN_POINT('',(-2.2,-2.3,0.475));
#1225 = B_SPLINE_SURFACE_WITH_KNOTS('',1,1,(
    (#1226,#1227)
    ,(#1228,#1229
    )),.UNSPECIFIED.,.F.,.F.,.F.,(2,2),(2,2),(0.,4.6),(0.,1.),
  .PIECEWISE_BEZIER_KNOTS.);
#1226 = CARTESIAN_POINT('',(-2.120291289374,-2.260145644687,0.1));
#1227 = CARTESIAN_POINT('',(-2.2,-2.3,0.475));
#1228 = CARTESIAN_POINT('',(-2.120291289374,2.260145644687,0.1));
#1229 = CARTESIAN_POINT('',(-2.2,2.3,0.475));
#1230 = ADVANCED_FACE('',(#1231),#1360,.F.);
#1231 = FACE_BOUND('',#1232,.F.);
#1232 = EDGE_LOOP('',(#1233,#1234,#1241,#1249,#1257,#1265,#1273,#1281,
    #1289,#1297,#1305,#1313,#1321,#1329,#1337,#1345,#1353,#1359));
#1233 = ORIENTED_EDGE('',*,*,#970,.T.);
#1234 = ORIENTED_EDGE('',*,*,#1235,.T.);
#1235 = EDGE_CURVE('',#971,#1236,#1238,.T.);
#1236 = VERTEX_POINT('',#1237);
#1237 = CARTESIAN_POINT('',(2.2,-2.3,0.475));
#1238 = B_SPLINE_CURVE_WITH_KNOTS('',1,(#1239,#1240),.UNSPECIFIED.,.F.,
  .F.,(2,2),(0.,1.),.PIECEWISE_BEZIER_KNOTS.);
#1239 = CARTESIAN_POINT('',(2.120291289374,-2.260145644687,0.1));
#1240 = CARTESIAN_POINT('',(2.2,-2.3,0.475));
#1241 = ORIENTED_EDGE('',*,*,#1242,.F.);
#1242 = EDGE_CURVE('',#1243,#1236,#1245,.T.);
#1243 = VERTEX_POINT('',#1244);
#1244 = CARTESIAN_POINT('',(2.2,-2.08,0.475));
#1245 = LINE('',#1246,#1247);
#1246 = CARTESIAN_POINT('',(2.2,2.3,0.475));
#1247 = VECTOR('',#1248,1.);
#1248 = DIRECTION('',(1.110223024625E-16,-1.,0.));
#1249 = ORIENTED_EDGE('',*,*,#1250,.F.);
#1250 = EDGE_CURVE('',#1251,#1243,#1253,.T.);
#1251 = VERTEX_POINT('',#1252);
#1252 = CARTESIAN_POINT('',(2.2,-1.82,0.475));
#1253 = LINE('',#1254,#1255);
#1254 = CARTESIAN_POINT('',(2.2,2.3,0.475));
#1255 = VECTOR('',#1256,1.);
#1256 = DIRECTION('',(1.110223024625E-16,-1.,0.));
#1257 = ORIENTED_EDGE('',*,*,#1258,.F.);
#1258 = EDGE_CURVE('',#1259,#1251,#1261,.T.);
#1259 = VERTEX_POINT('',#1260);
#1260 = CARTESIAN_POINT('',(2.2,-1.43,0.475));
#1261 = LINE('',#1262,#1263);
#1262 = CARTESIAN_POINT('',(2.2,2.3,0.475));
#1263 = VECTOR('',#1264,1.);
#1264 = DIRECTION('',(1.110223024625E-16,-1.,0.));
#1265 = ORIENTED_EDGE('',*,*,#1266,.F.);
#1266 = EDGE_CURVE('',#1267,#1259,#1269,.T.);
#1267 = VERTEX_POINT('',#1268);
#1268 = CARTESIAN_POINT('',(2.2,-1.17,0.475));
#1269 = LINE('',#1270,#1271);
#1270 = CARTESIAN_POINT('',(2.2,2.3,0.475));
#1271 = VECTOR('',#1272,1.);
#1272 = DIRECTION('',(1.110223024625E-16,-1.,0.));
#1273 = ORIENTED_EDGE('',*,*,#1274,.F.);
#1274 = EDGE_CURVE('',#1275,#1267,#1277,.T.);
#1275 = VERTEX_POINT('',#1276);
#1276 = CARTESIAN_POINT('',(2.2,-0.78,0.475));
#1277 = LINE('',#1278,#1279);
#1278 = CARTESIAN_POINT('',(2.2,2.3,0.475));
#1279 = VECTOR('',#1280,1.);
#1280 = DIRECTION('',(1.110223024625E-16,-1.,0.));
#1281 = ORIENTED_EDGE('',*,*,#1282,.F.);
#1282 = EDGE_CURVE('',#1283,#1275,#1285,.T.);
#1283 = VERTEX_POINT('',#1284);
#1284 = CARTESIAN_POINT('',(2.2,-0.52,0.475));
#1285 = LINE('',#1286,#1287);
#1286 = CARTESIAN_POINT('',(2.2,2.3,0.475));
#1287 = VECTOR('',#1288,1.);
#1288 = DIRECTION('',(1.110223024625E-16,-1.,0.));
#1289 = ORIENTED_EDGE('',*,*,#1290,.F.);
#1290 = EDGE_CURVE('',#1291,#1283,#1293,.T.);
#1291 = VERTEX_POINT('',#1292);
#1292 = CARTESIAN_POINT('',(2.2,-0.13,0.475));
#1293 = LINE('',#1294,#1295);
#1294 = CARTESIAN_POINT('',(2.2,2.3,0.475));
#1295 = VECTOR('',#1296,1.);
#1296 = DIRECTION('',(1.110223024625E-16,-1.,0.));
#1297 = ORIENTED_EDGE('',*,*,#1298,.F.);
#1298 = EDGE_CURVE('',#1299,#1291,#1301,.T.);
#1299 = VERTEX_POINT('',#1300);
#1300 = CARTESIAN_POINT('',(2.2,0.13,0.475));
#1301 = LINE('',#1302,#1303);
#1302 = CARTESIAN_POINT('',(2.2,2.3,0.475));
#1303 = VECTOR('',#1304,1.);
#1304 = DIRECTION('',(1.110223024625E-16,-1.,0.));
#1305 = ORIENTED_EDGE('',*,*,#1306,.F.);
#1306 = EDGE_CURVE('',#1307,#1299,#1309,.T.);
#1307 = VERTEX_POINT('',#1308);
#1308 = CARTESIAN_POINT('',(2.2,0.52,0.475));
#1309 = LINE('',#1310,#1311);
#1310 = CARTESIAN_POINT('',(2.2,2.3,0.475));
#1311 = VECTOR('',#1312,1.);
#1312 = DIRECTION('',(1.110223024625E-16,-1.,0.));
#1313 = ORIENTED_EDGE('',*,*,#1314,.F.);
#1314 = EDGE_CURVE('',#1315,#1307,#1317,.T.);
#1315 = VERTEX_POINT('',#1316);
#1316 = CARTESIAN_POINT('',(2.2,0.78,0.475));
#1317 = LINE('',#1318,#1319);
#1318 = CARTESIAN_POINT('',(2.2,2.3,0.475));
#1319 = VECTOR('',#1320,1.);
#1320 = DIRECTION('',(1.110223024625E-16,-1.,0.));
#1321 = ORIENTED_EDGE('',*,*,#1322,.F.);
#1322 = EDGE_CURVE('',#1323,#1315,#1325,.T.);
#1323 = VERTEX_POINT('',#1324);
#1324 = CARTESIAN_POINT('',(2.2,1.17,0.475));
#1325 = LINE('',#1326,#1327);
#1326 = CARTESIAN_POINT('',(2.2,2.3,0.475));
#1327 = VECTOR('',#1328,1.);
#1328 = DIRECTION('',(1.110223024625E-16,-1.,0.));
#1329 = ORIENTED_EDGE('',*,*,#1330,.F.);
#1330 = EDGE_CURVE('',#1331,#1323,#1333,.T.);
#1331 = VERTEX_POINT('',#1332);
#1332 = CARTESIAN_POINT('',(2.2,1.43,0.475));
#1333 = LINE('',#1334,#1335);
#1334 = CARTESIAN_POINT('',(2.2,2.3,0.475));
#1335 = VECTOR('',#1336,1.);
#1336 = DIRECTION('',(1.110223024625E-16,-1.,0.));
#1337 = ORIENTED_EDGE('',*,*,#1338,.F.);
#1338 = EDGE_CURVE('',#1339,#1331,#1341,.T.);
#1339 = VERTEX_POINT('',#1340);
#1340 = CARTESIAN_POINT('',(2.2,1.82,0.475));
#1341 = LINE('',#1342,#1343);
#1342 = CARTESIAN_POINT('',(2.2,2.3,0.475));
#1343 = VECTOR('',#1344,1.);
#1344 = DIRECTION('',(1.110223024625E-16,-1.,0.));
#1345 = ORIENTED_EDGE('',*,*,#1346,.F.);
#1346 = EDGE_CURVE('',#1347,#1339,#1349,.T.);
#1347 = VERTEX_POINT('',#1348);
#1348 = CARTESIAN_POINT('',(2.2,2.08,0.475));
#1349 = LINE('',#1350,#1351);
#1350 = CARTESIAN_POINT('',(2.2,2.3,0.475));
#1351 = VECTOR('',#1352,1.);
#1352 = DIRECTION('',(1.110223024625E-16,-1.,0.));
#1353 = ORIENTED_EDGE('',*,*,#1354,.F.);
#1354 = EDGE_CURVE('',#1026,#1347,#1355,.T.);
#1355 = LINE('',#1356,#1357);
#1356 = CARTESIAN_POINT('',(2.2,2.3,0.475));
#1357 = VECTOR('',#1358,1.);
#1358 = DIRECTION('',(1.110223024625E-16,-1.,0.));
#1359 = ORIENTED_EDGE('',*,*,#1025,.F.);
#1360 = B_SPLINE_SURFACE_WITH_KNOTS('',1,1,(
    (#1361,#1362)
    ,(#1363,#1364
    )),.UNSPECIFIED.,.F.,.F.,.F.,(2,2),(2,2),(0.,4.6),(0.,1.),
  .PIECEWISE_BEZIER_KNOTS.);
#1361 = CARTESIAN_POINT('',(2.120291289374,2.260145644687,0.1));
#1362 = CARTESIAN_POINT('',(2.2,2.3,0.475));
#1363 = CARTESIAN_POINT('',(2.120291289374,-2.260145644687,0.1));
#1364 = CARTESIAN_POINT('',(2.2,-2.3,0.475));
#1365 = ADVANCED_FACE('',(#1366),#1383,.F.);
#1366 = FACE_BOUND('',#1367,.F.);
#1367 = EDGE_LOOP('',(#1368,#1369,#1370,#1378));
#1368 = ORIENTED_EDGE('',*,*,#994,.T.);
#1369 = ORIENTED_EDGE('',*,*,#1221,.T.);
#1370 = ORIENTED_EDGE('',*,*,#1371,.F.);
#1371 = EDGE_CURVE('',#1372,#1214,#1374,.T.);
#1372 = VERTEX_POINT('',#1373);
#1373 = CARTESIAN_POINT('',(-2.,-2.5,0.475));
#1374 = LINE('',#1375,#1376);
#1375 = CARTESIAN_POINT('',(-2.,-2.5,0.475));
#1376 = VECTOR('',#1377,1.);
#1377 = DIRECTION('',(-0.707106781187,0.707106781187,0.));
#1378 = ORIENTED_EDGE('',*,*,#1379,.F.);
#1379 = EDGE_CURVE('',#987,#1372,#1380,.T.);
#1380 = B_SPLINE_CURVE_WITH_KNOTS('',1,(#1381,#1382),.UNSPECIFIED.,.F.,
  .F.,(2,2),(0.,1.),.PIECEWISE_BEZIER_KNOTS.);
#1381 = CARTESIAN_POINT('',(-1.960145644687,-2.420291289374,0.1));
#1382 = CARTESIAN_POINT('',(-2.,-2.5,0.475));
#1383 = B_SPLINE_SURFACE_WITH_KNOTS('',1,1,(
    (#1384,#1385)
    ,(#1386,#1387
    )),.UNSPECIFIED.,.F.,.F.,.F.,(2,2),(2,2),(0.,0.282842712475),(0.,1.)
  ,.PIECEWISE_BEZIER_KNOTS.);
#1384 = CARTESIAN_POINT('',(-1.960145644687,-2.420291289374,0.1));
#1385 = CARTESIAN_POINT('',(-2.,-2.5,0.475));
#1386 = CARTESIAN_POINT('',(-2.120291289374,-2.260145644687,0.1));
#1387 = CARTESIAN_POINT('',(-2.2,-2.3,0.475));
#1388 = ADVANCED_FACE('',(#1389),#1406,.F.);
#1389 = FACE_BOUND('',#1390,.F.);
#1390 = EDGE_LOOP('',(#1391,#1392,#1399,#1405));
#1391 = ORIENTED_EDGE('',*,*,#978,.T.);
#1392 = ORIENTED_EDGE('',*,*,#1393,.T.);
#1393 = EDGE_CURVE('',#979,#1394,#1396,.T.);
#1394 = VERTEX_POINT('',#1395);
#1395 = CARTESIAN_POINT('',(2.,-2.5,0.475));
#1396 = B_SPLINE_CURVE_WITH_KNOTS('',1,(#1397,#1398),.UNSPECIFIED.,.F.,
  .F.,(2,2),(0.,1.),.PIECEWISE_BEZIER_KNOTS.);
#1397 = CARTESIAN_POINT('',(1.960145644687,-2.420291289374,0.1));
#1398 = CARTESIAN_POINT('',(2.,-2.5,0.475));
#1399 = ORIENTED_EDGE('',*,*,#1400,.F.);
#1400 = EDGE_CURVE('',#1236,#1394,#1401,.T.);
#1401 = LINE('',#1402,#1403);
#1402 = CARTESIAN_POINT('',(2.2,-2.3,0.475));
#1403 = VECTOR('',#1404,1.);
#1404 = DIRECTION('',(-0.707106781187,-0.707106781187,0.));
#1405 = ORIENTED_EDGE('',*,*,#1235,.F.);
#1406 = B_SPLINE_SURFACE_WITH_KNOTS('',1,1,(
    (#1407,#1408)
    ,(#1409,#1410
    )),.UNSPECIFIED.,.F.,.F.,.F.,(2,2),(2,2),(0.,0.282842712475),(0.,1.)
  ,.PIECEWISE_BEZIER_KNOTS.);
#1407 = CARTESIAN_POINT('',(2.120291289374,-2.260145644687,0.1));
#1408 = CARTESIAN_POINT('',(2.2,-2.3,0.475));
#1409 = CARTESIAN_POINT('',(1.960145644687,-2.420291289374,0.1));
#1410 = CARTESIAN_POINT('',(2.,-2.5,0.475));
#1411 = ADVANCED_FACE('',(#1412),#1423,.F.);
#1412 = FACE_BOUND('',#1413,.F.);
#1413 = EDGE_LOOP('',(#1414,#1415,#1416,#1422));
#1414 = ORIENTED_EDGE('',*,*,#986,.T.);
#1415 = ORIENTED_EDGE('',*,*,#1379,.T.);
#1416 = ORIENTED_EDGE('',*,*,#1417,.F.);
#1417 = EDGE_CURVE('',#1394,#1372,#1418,.T.);
#1418 = LINE('',#1419,#1420);
#1419 = CARTESIAN_POINT('',(2.,-2.5,0.475));
#1420 = VECTOR('',#1421,1.);
#1421 = DIRECTION('',(-1.,-1.110223024625E-16,0.));
#1422 = ORIENTED_EDGE('',*,*,#1393,.F.);
#1423 = B_SPLINE_SURFACE_WITH_KNOTS('',1,1,(
    (#1424,#1425)
    ,(#1426,#1427
    )),.UNSPECIFIED.,.F.,.F.,.F.,(2,2),(2,2),(0.,4.),(0.,1.),
  .PIECEWISE_BEZIER_KNOTS.);
#1424 = CARTESIAN_POINT('',(1.960145644687,-2.420291289374,0.1));
#1425 = CARTESIAN_POINT('',(2.,-2.5,0.475));
#1426 = CARTESIAN_POINT('',(-1.960145644687,-2.420291289374,0.1));
#1427 = CARTESIAN_POINT('',(-2.,-2.5,0.475));
#1428 = ADVANCED_FACE('',(#1429),#1446,.F.);
#1429 = FACE_BOUND('',#1430,.F.);
#1430 = EDGE_LOOP('',(#1431,#1432,#1439,#1445));
#1431 = ORIENTED_EDGE('',*,*,#1032,.T.);
#1432 = ORIENTED_EDGE('',*,*,#1433,.T.);
#1433 = EDGE_CURVE('',#1026,#1434,#1436,.T.);
#1434 = VERTEX_POINT('',#1435);
#1435 = CARTESIAN_POINT('',(2.2,2.3,0.625));
#1436 = B_SPLINE_CURVE_WITH_KNOTS('',1,(#1437,#1438),.UNSPECIFIED.,.F.,
  .F.,(2,2),(0.,1.),.PIECEWISE_BEZIER_KNOTS.);
#1437 = CARTESIAN_POINT('',(2.2,2.3,0.475));
#1438 = CARTESIAN_POINT('',(2.2,2.3,0.625));
#1439 = ORIENTED_EDGE('',*,*,#1440,.F.);
#1440 = EDGE_CURVE('',#1049,#1434,#1441,.T.);
#1441 = LINE('',#1442,#1443);
#1442 = CARTESIAN_POINT('',(2.,2.5,0.625));
#1443 = VECTOR('',#1444,1.);
#1444 = DIRECTION('',(0.707106781187,-0.707106781187,0.));
#1445 = ORIENTED_EDGE('',*,*,#1048,.F.);
#1446 = PLANE('',#1447);
#1447 = AXIS2_PLACEMENT_3D('',#1448,#1449,#1450);
#1448 = CARTESIAN_POINT('',(2.,2.5,0.625));
#1449 = DIRECTION('',(-0.707106781187,-0.707106781187,0.));
#1450 = DIRECTION('',(0.707106781187,-0.707106781187,0.));
#1451 = ADVANCED_FACE('',(#1452),#1534,.F.);
#1452 = FACE_BOUND('',#1453,.F.);
#1453 = EDGE_LOOP('',(#1454,#1462,#1463,#1464,#1472,#1480,#1488,#1496,
    #1504,#1512,#1520,#1528));
#1454 = ORIENTED_EDGE('',*,*,#1455,.T.);
#1455 = EDGE_CURVE('',#1456,#1056,#1458,.T.);
#1456 = VERTEX_POINT('',#1457);
#1457 = CARTESIAN_POINT('',(-2.2,2.3,0.625));
#1458 = LINE('',#1459,#1460);
#1459 = CARTESIAN_POINT('',(-2.2,2.3,0.625));
#1460 = VECTOR('',#1461,1.);
#1461 = DIRECTION('',(0.707106781187,0.707106781187,0.));
#1462 = ORIENTED_EDGE('',*,*,#1055,.T.);
#1463 = ORIENTED_EDGE('',*,*,#1440,.T.);
#1464 = ORIENTED_EDGE('',*,*,#1465,.T.);
#1465 = EDGE_CURVE('',#1434,#1466,#1468,.T.);
#1466 = VERTEX_POINT('',#1467);
#1467 = CARTESIAN_POINT('',(2.2,2.08,0.625));
#1468 = LINE('',#1469,#1470);
#1469 = CARTESIAN_POINT('',(2.2,2.3,0.625));
#1470 = VECTOR('',#1471,1.);
#1471 = DIRECTION('',(1.110223024625E-16,-1.,0.));
#1472 = ORIENTED_EDGE('',*,*,#1473,.T.);
#1473 = EDGE_CURVE('',#1466,#1474,#1476,.T.);
#1474 = VERTEX_POINT('',#1475);
#1475 = CARTESIAN_POINT('',(2.15,2.08,0.625));
#1476 = LINE('',#1477,#1478);
#1477 = CARTESIAN_POINT('',(2.4,2.08,0.625));
#1478 = VECTOR('',#1479,1.);
#1479 = DIRECTION('',(-1.,-1.110223024625E-16,0.));
#1480 = ORIENTED_EDGE('',*,*,#1481,.F.);
#1481 = EDGE_CURVE('',#1482,#1474,#1484,.T.);
#1482 = VERTEX_POINT('',#1483);
#1483 = CARTESIAN_POINT('',(2.15,2.275,0.625));
#1484 = LINE('',#1485,#1486);
#1485 = CARTESIAN_POINT('',(2.15,2.275,0.625));
#1486 = VECTOR('',#1487,1.);
#1487 = DIRECTION('',(1.110223024625E-16,-1.,0.));
#1488 = ORIENTED_EDGE('',*,*,#1489,.F.);
#1489 = EDGE_CURVE('',#1490,#1482,#1492,.T.);
#1490 = VERTEX_POINT('',#1491);
#1491 = CARTESIAN_POINT('',(1.975,2.45,0.625));
#1492 = LINE('',#1493,#1494);
#1493 = CARTESIAN_POINT('',(1.975,2.45,0.625));
#1494 = VECTOR('',#1495,1.);
#1495 = DIRECTION('',(0.707106781187,-0.707106781187,0.));
#1496 = ORIENTED_EDGE('',*,*,#1497,.F.);
#1497 = EDGE_CURVE('',#1498,#1490,#1500,.T.);
#1498 = VERTEX_POINT('',#1499);
#1499 = CARTESIAN_POINT('',(-1.975,2.45,0.625));
#1500 = LINE('',#1501,#1502);
#1501 = CARTESIAN_POINT('',(-1.975,2.45,0.625));
#1502 = VECTOR('',#1503,1.);
#1503 = DIRECTION('',(1.,1.110223024625E-16,0.));
#1504 = ORIENTED_EDGE('',*,*,#1505,.F.);
#1505 = EDGE_CURVE('',#1506,#1498,#1508,.T.);
#1506 = VERTEX_POINT('',#1507);
#1507 = CARTESIAN_POINT('',(-2.15,2.275,0.625));
#1508 = LINE('',#1509,#1510);
#1509 = CARTESIAN_POINT('',(-2.15,2.275,0.625));
#1510 = VECTOR('',#1511,1.);
#1511 = DIRECTION('',(0.707106781187,0.707106781187,0.));
#1512 = ORIENTED_EDGE('',*,*,#1513,.F.);
#1513 = EDGE_CURVE('',#1514,#1506,#1516,.T.);
#1514 = VERTEX_POINT('',#1515);
#1515 = CARTESIAN_POINT('',(-2.15,2.08,0.625));
#1516 = LINE('',#1517,#1518);
#1517 = CARTESIAN_POINT('',(-2.15,-2.275,0.625));
#1518 = VECTOR('',#1519,1.);
#1519 = DIRECTION('',(-1.110223024625E-16,1.,0.));
#1520 = ORIENTED_EDGE('',*,*,#1521,.F.);
#1521 = EDGE_CURVE('',#1522,#1514,#1524,.T.);
#1522 = VERTEX_POINT('',#1523);
#1523 = CARTESIAN_POINT('',(-2.2,2.08,0.625));
#1524 = LINE('',#1525,#1526);
#1525 = CARTESIAN_POINT('',(-2.4,2.08,0.625));
#1526 = VECTOR('',#1527,1.);
#1527 = DIRECTION('',(1.,-1.144237745222E-17,0.));
#1528 = ORIENTED_EDGE('',*,*,#1529,.T.);
#1529 = EDGE_CURVE('',#1522,#1456,#1530,.T.);
#1530 = LINE('',#1531,#1532);
#1531 = CARTESIAN_POINT('',(-2.2,-2.3,0.625));
#1532 = VECTOR('',#1533,1.);
#1533 = DIRECTION('',(-1.110223024625E-16,1.,0.));
#1534 = PLANE('',#1535);
#1535 = AXIS2_PLACEMENT_3D('',#1536,#1537,#1538);
#1536 = CARTESIAN_POINT('',(-3.188450421961E-18,2.475,0.625));
#1537 = DIRECTION('',(0.,0.,-1.));
#1538 = DIRECTION('',(1.,1.111674977262E-16,0.));
#1539 = ADVANCED_FACE('',(#1540),#1550,.F.);
#1540 = FACE_BOUND('',#1541,.F.);
#1541 = EDGE_LOOP('',(#1542,#1543,#1544,#1545));
#1542 = ORIENTED_EDGE('',*,*,#1078,.T.);
#1543 = ORIENTED_EDGE('',*,*,#1063,.T.);
#1544 = ORIENTED_EDGE('',*,*,#1455,.F.);
#1545 = ORIENTED_EDGE('',*,*,#1546,.F.);
#1546 = EDGE_CURVE('',#1079,#1456,#1547,.T.);
#1547 = B_SPLINE_CURVE_WITH_KNOTS('',1,(#1548,#1549),.UNSPECIFIED.,.F.,
  .F.,(2,2),(0.,1.),.PIECEWISE_BEZIER_KNOTS.);
#1548 = CARTESIAN_POINT('',(-2.2,2.3,0.475));
#1549 = CARTESIAN_POINT('',(-2.2,2.3,0.625));
#1550 = PLANE('',#1551);
#1551 = AXIS2_PLACEMENT_3D('',#1552,#1553,#1554);
#1552 = CARTESIAN_POINT('',(-2.2,2.3,0.625));
#1553 = DIRECTION('',(0.707106781187,-0.707106781187,0.));
#1554 = DIRECTION('',(0.707106781187,0.707106781187,0.));
#1555 = ADVANCED_FACE('',(#1556),#1580,.F.);
#1556 = FACE_BOUND('',#1557,.F.);
#1557 = EDGE_LOOP('',(#1558,#1565,#1566,#1574));
#1558 = ORIENTED_EDGE('',*,*,#1559,.F.);
#1559 = EDGE_CURVE('',#1214,#1560,#1562,.T.);
#1560 = VERTEX_POINT('',#1561);
#1561 = CARTESIAN_POINT('',(-2.2,-2.3,0.625));
#1562 = B_SPLINE_CURVE_WITH_KNOTS('',1,(#1563,#1564),.UNSPECIFIED.,.F.,
  .F.,(2,2),(0.,1.),.PIECEWISE_BEZIER_KNOTS.);
#1563 = CARTESIAN_POINT('',(-2.2,-2.3,0.475));
#1564 = CARTESIAN_POINT('',(-2.2,-2.3,0.625));
#1565 = ORIENTED_EDGE('',*,*,#1213,.T.);
#1566 = ORIENTED_EDGE('',*,*,#1567,.T.);
#1567 = EDGE_CURVE('',#1206,#1568,#1570,.T.);
#1568 = VERTEX_POINT('',#1569);
#1569 = CARTESIAN_POINT('',(-2.2,-2.08,0.625));
#1570 = LINE('',#1571,#1572);
#1571 = CARTESIAN_POINT('',(-2.2,-2.08,0.458946888107));
#1572 = VECTOR('',#1573,1.);
#1573 = DIRECTION('',(0.,0.,1.));
#1574 = ORIENTED_EDGE('',*,*,#1575,.F.);
#1575 = EDGE_CURVE('',#1560,#1568,#1576,.T.);
#1576 = LINE('',#1577,#1578);
#1577 = CARTESIAN_POINT('',(-2.2,-2.3,0.625));
#1578 = VECTOR('',#1579,1.);
#1579 = DIRECTION('',(-1.110223024625E-16,1.,0.));
#1580 = PLANE('',#1581);
#1581 = AXIS2_PLACEMENT_3D('',#1582,#1583,#1584);
#1582 = CARTESIAN_POINT('',(-2.2,-2.3,0.625));
#1583 = DIRECTION('',(1.,1.110223024625E-16,0.));
#1584 = DIRECTION('',(-1.110223024625E-16,1.,0.));
#1585 = ADVANCED_FACE('',(#1586),#1611,.F.);
#1586 = FACE_BOUND('',#1587,.F.);
#1587 = EDGE_LOOP('',(#1588,#1596,#1597,#1605));
#1588 = ORIENTED_EDGE('',*,*,#1589,.F.);
#1589 = EDGE_CURVE('',#1206,#1590,#1592,.T.);
#1590 = VERTEX_POINT('',#1591);
#1591 = CARTESIAN_POINT('',(-2.4,-2.08,0.475));
#1592 = LINE('',#1593,#1594);
#1593 = CARTESIAN_POINT('',(-2.1,-2.08,0.475));
#1594 = VECTOR('',#1595,1.);
#1595 = DIRECTION('',(-1.,1.144237745222E-17,0.));
#1596 = ORIENTED_EDGE('',*,*,#1205,.T.);
#1597 = ORIENTED_EDGE('',*,*,#1598,.T.);
#1598 = EDGE_CURVE('',#1198,#1599,#1601,.T.);
#1599 = VERTEX_POINT('',#1600);
#1600 = CARTESIAN_POINT('',(-2.4,-1.82,0.475));
#1601 = LINE('',#1602,#1603);
#1602 = CARTESIAN_POINT('',(-2.1,-1.82,0.475));
#1603 = VECTOR('',#1604,1.);
#1604 = DIRECTION('',(-1.,1.144237745222E-17,0.));
#1605 = ORIENTED_EDGE('',*,*,#1606,.F.);
#1606 = EDGE_CURVE('',#1590,#1599,#1607,.T.);
#1607 = LINE('',#1608,#1609);
#1608 = CARTESIAN_POINT('',(-2.4,-2.08,0.475));
#1609 = VECTOR('',#1610,1.);
#1610 = DIRECTION('',(1.144237745222E-17,1.,0.));
#1611 = PLANE('',#1612);
#1612 = AXIS2_PLACEMENT_3D('',#1613,#1614,#1615);
#1613 = CARTESIAN_POINT('',(-2.1,-2.08,0.475));
#1614 = DIRECTION('',(0.,0.,1.));
#1615 = DIRECTION('',(-1.,1.144237745222E-17,0.));
#1616 = ADVANCED_FACE('',(#1617),#1642,.F.);
#1617 = FACE_BOUND('',#1618,.F.);
#1618 = EDGE_LOOP('',(#1619,#1627,#1628,#1636));
#1619 = ORIENTED_EDGE('',*,*,#1620,.F.);
#1620 = EDGE_CURVE('',#1198,#1621,#1623,.T.);
#1621 = VERTEX_POINT('',#1622);
#1622 = CARTESIAN_POINT('',(-2.2,-1.82,0.625));
#1623 = LINE('',#1624,#1625);
#1624 = CARTESIAN_POINT('',(-2.2,-1.82,0.458946888107));
#1625 = VECTOR('',#1626,1.);
#1626 = DIRECTION('',(0.,0.,1.));
#1627 = ORIENTED_EDGE('',*,*,#1197,.T.);
#1628 = ORIENTED_EDGE('',*,*,#1629,.T.);
#1629 = EDGE_CURVE('',#1190,#1630,#1632,.T.);
#1630 = VERTEX_POINT('',#1631);
#1631 = CARTESIAN_POINT('',(-2.2,-1.43,0.625));
#1632 = LINE('',#1633,#1634);
#1633 = CARTESIAN_POINT('',(-2.2,-1.43,0.458946888107));
#1634 = VECTOR('',#1635,1.);
#1635 = DIRECTION('',(0.,0.,1.));
#1636 = ORIENTED_EDGE('',*,*,#1637,.F.);
#1637 = EDGE_CURVE('',#1621,#1630,#1638,.T.);
#1638 = LINE('',#1639,#1640);
#1639 = CARTESIAN_POINT('',(-2.2,-2.3,0.625));
#1640 = VECTOR('',#1641,1.);
#1641 = DIRECTION('',(-1.110223024625E-16,1.,0.));
#1642 = PLANE('',#1643);
#1643 = AXIS2_PLACEMENT_3D('',#1644,#1645,#1646);
#1644 = CARTESIAN_POINT('',(-2.2,-2.3,0.625));
#1645 = DIRECTION('',(1.,1.110223024625E-16,0.));
#1646 = DIRECTION('',(-1.110223024625E-16,1.,0.));
#1647 = ADVANCED_FACE('',(#1648),#1673,.F.);
#1648 = FACE_BOUND('',#1649,.F.);
#1649 = EDGE_LOOP('',(#1650,#1658,#1659,#1667));
#1650 = ORIENTED_EDGE('',*,*,#1651,.F.);
#1651 = EDGE_CURVE('',#1190,#1652,#1654,.T.);
#1652 = VERTEX_POINT('',#1653);
#1653 = CARTESIAN_POINT('',(-2.4,-1.43,0.475));
#1654 = LINE('',#1655,#1656);
#1655 = CARTESIAN_POINT('',(-2.1,-1.43,0.475));
#1656 = VECTOR('',#1657,1.);
#1657 = DIRECTION('',(-1.,1.144237745222E-17,0.));
#1658 = ORIENTED_EDGE('',*,*,#1189,.T.);
#1659 = ORIENTED_EDGE('',*,*,#1660,.T.);
#1660 = EDGE_CURVE('',#1182,#1661,#1663,.T.);
#1661 = VERTEX_POINT('',#1662);
#1662 = CARTESIAN_POINT('',(-2.4,-1.17,0.475));
#1663 = LINE('',#1664,#1665);
#1664 = CARTESIAN_POINT('',(-2.1,-1.17,0.475));
#1665 = VECTOR('',#1666,1.);
#1666 = DIRECTION('',(-1.,1.144237745222E-17,0.));
#1667 = ORIENTED_EDGE('',*,*,#1668,.F.);
#1668 = EDGE_CURVE('',#1652,#1661,#1669,.T.);
#1669 = LINE('',#1670,#1671);
#1670 = CARTESIAN_POINT('',(-2.4,-1.43,0.475));
#1671 = VECTOR('',#1672,1.);
#1672 = DIRECTION('',(1.144237745222E-17,1.,0.));
#1673 = PLANE('',#1674);
#1674 = AXIS2_PLACEMENT_3D('',#1675,#1676,#1677);
#1675 = CARTESIAN_POINT('',(-2.1,-1.43,0.475));
#1676 = DIRECTION('',(0.,0.,1.));
#1677 = DIRECTION('',(-1.,1.144237745222E-17,0.));
#1678 = ADVANCED_FACE('',(#1679),#1704,.F.);
#1679 = FACE_BOUND('',#1680,.F.);
#1680 = EDGE_LOOP('',(#1681,#1689,#1690,#1698));
#1681 = ORIENTED_EDGE('',*,*,#1682,.F.);
#1682 = EDGE_CURVE('',#1182,#1683,#1685,.T.);
#1683 = VERTEX_POINT('',#1684);
#1684 = CARTESIAN_POINT('',(-2.2,-1.17,0.625));
#1685 = LINE('',#1686,#1687);
#1686 = CARTESIAN_POINT('',(-2.2,-1.17,0.458946888107));
#1687 = VECTOR('',#1688,1.);
#1688 = DIRECTION('',(0.,0.,1.));
#1689 = ORIENTED_EDGE('',*,*,#1181,.T.);
#1690 = ORIENTED_EDGE('',*,*,#1691,.T.);
#1691 = EDGE_CURVE('',#1174,#1692,#1694,.T.);
#1692 = VERTEX_POINT('',#1693);
#1693 = CARTESIAN_POINT('',(-2.2,-0.78,0.625));
#1694 = LINE('',#1695,#1696);
#1695 = CARTESIAN_POINT('',(-2.2,-0.78,0.458946888107));
#1696 = VECTOR('',#1697,1.);
#1697 = DIRECTION('',(0.,0.,1.));
#1698 = ORIENTED_EDGE('',*,*,#1699,.F.);
#1699 = EDGE_CURVE('',#1683,#1692,#1700,.T.);
#1700 = LINE('',#1701,#1702);
#1701 = CARTESIAN_POINT('',(-2.2,-2.3,0.625));
#1702 = VECTOR('',#1703,1.);
#1703 = DIRECTION('',(-1.110223024625E-16,1.,0.));
#1704 = PLANE('',#1705);
#1705 = AXIS2_PLACEMENT_3D('',#1706,#1707,#1708);
#1706 = CARTESIAN_POINT('',(-2.2,-2.3,0.625));
#1707 = DIRECTION('',(1.,1.110223024625E-16,0.));
#1708 = DIRECTION('',(-1.110223024625E-16,1.,0.));
#1709 = ADVANCED_FACE('',(#1710),#1735,.F.);
#1710 = FACE_BOUND('',#1711,.F.);
#1711 = EDGE_LOOP('',(#1712,#1720,#1721,#1729));
#1712 = ORIENTED_EDGE('',*,*,#1713,.F.);
#1713 = EDGE_CURVE('',#1174,#1714,#1716,.T.);
#1714 = VERTEX_POINT('',#1715);
#1715 = CARTESIAN_POINT('',(-2.4,-0.78,0.475));
#1716 = LINE('',#1717,#1718);
#1717 = CARTESIAN_POINT('',(-2.1,-0.78,0.475));
#1718 = VECTOR('',#1719,1.);
#1719 = DIRECTION('',(-1.,1.144237745222E-17,0.));
#1720 = ORIENTED_EDGE('',*,*,#1173,.T.);
#1721 = ORIENTED_EDGE('',*,*,#1722,.T.);
#1722 = EDGE_CURVE('',#1166,#1723,#1725,.T.);
#1723 = VERTEX_POINT('',#1724);
#1724 = CARTESIAN_POINT('',(-2.4,-0.52,0.475));
#1725 = LINE('',#1726,#1727);
#1726 = CARTESIAN_POINT('',(-2.1,-0.52,0.475));
#1727 = VECTOR('',#1728,1.);
#1728 = DIRECTION('',(-1.,1.144237745222E-17,0.));
#1729 = ORIENTED_EDGE('',*,*,#1730,.F.);
#1730 = EDGE_CURVE('',#1714,#1723,#1731,.T.);
#1731 = LINE('',#1732,#1733);
#1732 = CARTESIAN_POINT('',(-2.4,-0.78,0.475));
#1733 = VECTOR('',#1734,1.);
#1734 = DIRECTION('',(1.144237745222E-17,1.,0.));
#1735 = PLANE('',#1736);
#1736 = AXIS2_PLACEMENT_3D('',#1737,#1738,#1739);
#1737 = CARTESIAN_POINT('',(-2.1,-0.78,0.475));
#1738 = DIRECTION('',(0.,0.,1.));
#1739 = DIRECTION('',(-1.,1.144237745222E-17,0.));
#1740 = ADVANCED_FACE('',(#1741),#1766,.F.);
#1741 = FACE_BOUND('',#1742,.F.);
#1742 = EDGE_LOOP('',(#1743,#1751,#1752,#1760));
#1743 = ORIENTED_EDGE('',*,*,#1744,.F.);
#1744 = EDGE_CURVE('',#1166,#1745,#1747,.T.);
#1745 = VERTEX_POINT('',#1746);
#1746 = CARTESIAN_POINT('',(-2.2,-0.52,0.625));
#1747 = LINE('',#1748,#1749);
#1748 = CARTESIAN_POINT('',(-2.2,-0.52,0.458946888107));
#1749 = VECTOR('',#1750,1.);
#1750 = DIRECTION('',(0.,0.,1.));
#1751 = ORIENTED_EDGE('',*,*,#1165,.T.);
#1752 = ORIENTED_EDGE('',*,*,#1753,.T.);
#1753 = EDGE_CURVE('',#1158,#1754,#1756,.T.);
#1754 = VERTEX_POINT('',#1755);
#1755 = CARTESIAN_POINT('',(-2.2,-0.13,0.625));
#1756 = LINE('',#1757,#1758);
#1757 = CARTESIAN_POINT('',(-2.2,-0.13,0.458946888107));
#1758 = VECTOR('',#1759,1.);
#1759 = DIRECTION('',(0.,0.,1.));
#1760 = ORIENTED_EDGE('',*,*,#1761,.F.);
#1761 = EDGE_CURVE('',#1745,#1754,#1762,.T.);
#1762 = LINE('',#1763,#1764);
#1763 = CARTESIAN_POINT('',(-2.2,-2.3,0.625));
#1764 = VECTOR('',#1765,1.);
#1765 = DIRECTION('',(-1.110223024625E-16,1.,0.));
#1766 = PLANE('',#1767);
#1767 = AXIS2_PLACEMENT_3D('',#1768,#1769,#1770);
#1768 = CARTESIAN_POINT('',(-2.2,-2.3,0.625));
#1769 = DIRECTION('',(1.,1.110223024625E-16,0.));
#1770 = DIRECTION('',(-1.110223024625E-16,1.,0.));
#1771 = ADVANCED_FACE('',(#1772),#1797,.F.);
#1772 = FACE_BOUND('',#1773,.F.);
#1773 = EDGE_LOOP('',(#1774,#1782,#1783,#1791));
#1774 = ORIENTED_EDGE('',*,*,#1775,.F.);
#1775 = EDGE_CURVE('',#1158,#1776,#1778,.T.);
#1776 = VERTEX_POINT('',#1777);
#1777 = CARTESIAN_POINT('',(-2.4,-0.13,0.475));
#1778 = LINE('',#1779,#1780);
#1779 = CARTESIAN_POINT('',(-2.1,-0.13,0.475));
#1780 = VECTOR('',#1781,1.);
#1781 = DIRECTION('',(-1.,1.144237745222E-17,0.));
#1782 = ORIENTED_EDGE('',*,*,#1157,.T.);
#1783 = ORIENTED_EDGE('',*,*,#1784,.T.);
#1784 = EDGE_CURVE('',#1150,#1785,#1787,.T.);
#1785 = VERTEX_POINT('',#1786);
#1786 = CARTESIAN_POINT('',(-2.4,0.13,0.475));
#1787 = LINE('',#1788,#1789);
#1788 = CARTESIAN_POINT('',(-2.1,0.13,0.475));
#1789 = VECTOR('',#1790,1.);
#1790 = DIRECTION('',(-1.,1.144237745222E-17,0.));
#1791 = ORIENTED_EDGE('',*,*,#1792,.F.);
#1792 = EDGE_CURVE('',#1776,#1785,#1793,.T.);
#1793 = LINE('',#1794,#1795);
#1794 = CARTESIAN_POINT('',(-2.4,-0.13,0.475));
#1795 = VECTOR('',#1796,1.);
#1796 = DIRECTION('',(1.144237745222E-17,1.,0.));
#1797 = PLANE('',#1798);
#1798 = AXIS2_PLACEMENT_3D('',#1799,#1800,#1801);
#1799 = CARTESIAN_POINT('',(-2.1,-0.13,0.475));
#1800 = DIRECTION('',(0.,0.,1.));
#1801 = DIRECTION('',(-1.,1.144237745222E-17,0.));
#1802 = ADVANCED_FACE('',(#1803),#1828,.F.);
#1803 = FACE_BOUND('',#1804,.F.);
#1804 = EDGE_LOOP('',(#1805,#1813,#1814,#1822));
#1805 = ORIENTED_EDGE('',*,*,#1806,.F.);
#1806 = EDGE_CURVE('',#1150,#1807,#1809,.T.);
#1807 = VERTEX_POINT('',#1808);
#1808 = CARTESIAN_POINT('',(-2.2,0.13,0.625));
#1809 = LINE('',#1810,#1811);
#1810 = CARTESIAN_POINT('',(-2.2,0.13,0.458946888107));
#1811 = VECTOR('',#1812,1.);
#1812 = DIRECTION('',(0.,0.,1.));
#1813 = ORIENTED_EDGE('',*,*,#1149,.T.);
#1814 = ORIENTED_EDGE('',*,*,#1815,.T.);
#1815 = EDGE_CURVE('',#1142,#1816,#1818,.T.);
#1816 = VERTEX_POINT('',#1817);
#1817 = CARTESIAN_POINT('',(-2.2,0.52,0.625));
#1818 = LINE('',#1819,#1820);
#1819 = CARTESIAN_POINT('',(-2.2,0.52,0.458946888107));
#1820 = VECTOR('',#1821,1.);
#1821 = DIRECTION('',(0.,0.,1.));
#1822 = ORIENTED_EDGE('',*,*,#1823,.F.);
#1823 = EDGE_CURVE('',#1807,#1816,#1824,.T.);
#1824 = LINE('',#1825,#1826);
#1825 = CARTESIAN_POINT('',(-2.2,-2.3,0.625));
#1826 = VECTOR('',#1827,1.);
#1827 = DIRECTION('',(-1.110223024625E-16,1.,0.));
#1828 = PLANE('',#1829);
#1829 = AXIS2_PLACEMENT_3D('',#1830,#1831,#1832);
#1830 = CARTESIAN_POINT('',(-2.2,-2.3,0.625));
#1831 = DIRECTION('',(1.,1.110223024625E-16,0.));
#1832 = DIRECTION('',(-1.110223024625E-16,1.,0.));
#1833 = ADVANCED_FACE('',(#1834),#1859,.F.);
#1834 = FACE_BOUND('',#1835,.F.);
#1835 = EDGE_LOOP('',(#1836,#1844,#1845,#1853));
#1836 = ORIENTED_EDGE('',*,*,#1837,.F.);
#1837 = EDGE_CURVE('',#1142,#1838,#1840,.T.);
#1838 = VERTEX_POINT('',#1839);
#1839 = CARTESIAN_POINT('',(-2.4,0.52,0.475));
#1840 = LINE('',#1841,#1842);
#1841 = CARTESIAN_POINT('',(-2.1,0.52,0.475));
#1842 = VECTOR('',#1843,1.);
#1843 = DIRECTION('',(-1.,1.144237745222E-17,0.));
#1844 = ORIENTED_EDGE('',*,*,#1141,.T.);
#1845 = ORIENTED_EDGE('',*,*,#1846,.T.);
#1846 = EDGE_CURVE('',#1134,#1847,#1849,.T.);
#1847 = VERTEX_POINT('',#1848);
#1848 = CARTESIAN_POINT('',(-2.4,0.78,0.475));
#1849 = LINE('',#1850,#1851);
#1850 = CARTESIAN_POINT('',(-2.1,0.78,0.475));
#1851 = VECTOR('',#1852,1.);
#1852 = DIRECTION('',(-1.,1.144237745222E-17,0.));
#1853 = ORIENTED_EDGE('',*,*,#1854,.F.);
#1854 = EDGE_CURVE('',#1838,#1847,#1855,.T.);
#1855 = LINE('',#1856,#1857);
#1856 = CARTESIAN_POINT('',(-2.4,0.52,0.475));
#1857 = VECTOR('',#1858,1.);
#1858 = DIRECTION('',(1.144237745222E-17,1.,0.));
#1859 = PLANE('',#1860);
#1860 = AXIS2_PLACEMENT_3D('',#1861,#1862,#1863);
#1861 = CARTESIAN_POINT('',(-2.1,0.52,0.475));
#1862 = DIRECTION('',(0.,0.,1.));
#1863 = DIRECTION('',(-1.,1.144237745222E-17,0.));
#1864 = ADVANCED_FACE('',(#1865),#1890,.F.);
#1865 = FACE_BOUND('',#1866,.F.);
#1866 = EDGE_LOOP('',(#1867,#1875,#1876,#1884));
#1867 = ORIENTED_EDGE('',*,*,#1868,.F.);
#1868 = EDGE_CURVE('',#1134,#1869,#1871,.T.);
#1869 = VERTEX_POINT('',#1870);
#1870 = CARTESIAN_POINT('',(-2.2,0.78,0.625));
#1871 = LINE('',#1872,#1873);
#1872 = CARTESIAN_POINT('',(-2.2,0.78,0.458946888107));
#1873 = VECTOR('',#1874,1.);
#1874 = DIRECTION('',(0.,0.,1.));
#1875 = ORIENTED_EDGE('',*,*,#1133,.T.);
#1876 = ORIENTED_EDGE('',*,*,#1877,.T.);
#1877 = EDGE_CURVE('',#1126,#1878,#1880,.T.);
#1878 = VERTEX_POINT('',#1879);
#1879 = CARTESIAN_POINT('',(-2.2,1.17,0.625));
#1880 = LINE('',#1881,#1882);
#1881 = CARTESIAN_POINT('',(-2.2,1.17,0.458946888107));
#1882 = VECTOR('',#1883,1.);
#1883 = DIRECTION('',(0.,0.,1.));
#1884 = ORIENTED_EDGE('',*,*,#1885,.F.);
#1885 = EDGE_CURVE('',#1869,#1878,#1886,.T.);
#1886 = LINE('',#1887,#1888);
#1887 = CARTESIAN_POINT('',(-2.2,-2.3,0.625));
#1888 = VECTOR('',#1889,1.);
#1889 = DIRECTION('',(-1.110223024625E-16,1.,0.));
#1890 = PLANE('',#1891);
#1891 = AXIS2_PLACEMENT_3D('',#1892,#1893,#1894);
#1892 = CARTESIAN_POINT('',(-2.2,-2.3,0.625));
#1893 = DIRECTION('',(1.,1.110223024625E-16,0.));
#1894 = DIRECTION('',(-1.110223024625E-16,1.,0.));
#1895 = ADVANCED_FACE('',(#1896),#1921,.F.);
#1896 = FACE_BOUND('',#1897,.F.);
#1897 = EDGE_LOOP('',(#1898,#1906,#1907,#1915));
#1898 = ORIENTED_EDGE('',*,*,#1899,.F.);
#1899 = EDGE_CURVE('',#1126,#1900,#1902,.T.);
#1900 = VERTEX_POINT('',#1901);
#1901 = CARTESIAN_POINT('',(-2.4,1.17,0.475));
#1902 = LINE('',#1903,#1904);
#1903 = CARTESIAN_POINT('',(-2.1,1.17,0.475));
#1904 = VECTOR('',#1905,1.);
#1905 = DIRECTION('',(-1.,1.144237745222E-17,0.));
#1906 = ORIENTED_EDGE('',*,*,#1125,.T.);
#1907 = ORIENTED_EDGE('',*,*,#1908,.T.);
#1908 = EDGE_CURVE('',#1118,#1909,#1911,.T.);
#1909 = VERTEX_POINT('',#1910);
#1910 = CARTESIAN_POINT('',(-2.4,1.43,0.475));
#1911 = LINE('',#1912,#1913);
#1912 = CARTESIAN_POINT('',(-2.1,1.43,0.475));
#1913 = VECTOR('',#1914,1.);
#1914 = DIRECTION('',(-1.,1.144237745222E-17,0.));
#1915 = ORIENTED_EDGE('',*,*,#1916,.F.);
#1916 = EDGE_CURVE('',#1900,#1909,#1917,.T.);
#1917 = LINE('',#1918,#1919);
#1918 = CARTESIAN_POINT('',(-2.4,1.17,0.475));
#1919 = VECTOR('',#1920,1.);
#1920 = DIRECTION('',(1.144237745222E-17,1.,0.));
#1921 = PLANE('',#1922);
#1922 = AXIS2_PLACEMENT_3D('',#1923,#1924,#1925);
#1923 = CARTESIAN_POINT('',(-2.1,1.17,0.475));
#1924 = DIRECTION('',(0.,0.,1.));
#1925 = DIRECTION('',(-1.,1.144237745222E-17,0.));
#1926 = ADVANCED_FACE('',(#1927),#1952,.F.);
#1927 = FACE_BOUND('',#1928,.F.);
#1928 = EDGE_LOOP('',(#1929,#1937,#1938,#1946));
#1929 = ORIENTED_EDGE('',*,*,#1930,.F.);
#1930 = EDGE_CURVE('',#1118,#1931,#1933,.T.);
#1931 = VERTEX_POINT('',#1932);
#1932 = CARTESIAN_POINT('',(-2.2,1.43,0.625));
#1933 = LINE('',#1934,#1935);
#1934 = CARTESIAN_POINT('',(-2.2,1.43,0.458946888107));
#1935 = VECTOR('',#1936,1.);
#1936 = DIRECTION('',(0.,0.,1.));
#1937 = ORIENTED_EDGE('',*,*,#1117,.T.);
#1938 = ORIENTED_EDGE('',*,*,#1939,.T.);
#1939 = EDGE_CURVE('',#1110,#1940,#1942,.T.);
#1940 = VERTEX_POINT('',#1941);
#1941 = CARTESIAN_POINT('',(-2.2,1.82,0.625));
#1942 = LINE('',#1943,#1944);
#1943 = CARTESIAN_POINT('',(-2.2,1.82,0.458946888107));
#1944 = VECTOR('',#1945,1.);
#1945 = DIRECTION('',(0.,0.,1.));
#1946 = ORIENTED_EDGE('',*,*,#1947,.F.);
#1947 = EDGE_CURVE('',#1931,#1940,#1948,.T.);
#1948 = LINE('',#1949,#1950);
#1949 = CARTESIAN_POINT('',(-2.2,-2.3,0.625));
#1950 = VECTOR('',#1951,1.);
#1951 = DIRECTION('',(-1.110223024625E-16,1.,0.));
#1952 = PLANE('',#1953);
#1953 = AXIS2_PLACEMENT_3D('',#1954,#1955,#1956);
#1954 = CARTESIAN_POINT('',(-2.2,-2.3,0.625));
#1955 = DIRECTION('',(1.,1.110223024625E-16,0.));
#1956 = DIRECTION('',(-1.110223024625E-16,1.,0.));
#1957 = ADVANCED_FACE('',(#1958),#1983,.F.);
#1958 = FACE_BOUND('',#1959,.F.);
#1959 = EDGE_LOOP('',(#1960,#1968,#1969,#1977));
#1960 = ORIENTED_EDGE('',*,*,#1961,.F.);
#1961 = EDGE_CURVE('',#1110,#1962,#1964,.T.);
#1962 = VERTEX_POINT('',#1963);
#1963 = CARTESIAN_POINT('',(-2.4,1.82,0.475));
#1964 = LINE('',#1965,#1966);
#1965 = CARTESIAN_POINT('',(-2.1,1.82,0.475));
#1966 = VECTOR('',#1967,1.);
#1967 = DIRECTION('',(-1.,1.144237745222E-17,0.));
#1968 = ORIENTED_EDGE('',*,*,#1109,.T.);
#1969 = ORIENTED_EDGE('',*,*,#1970,.T.);
#1970 = EDGE_CURVE('',#1102,#1971,#1973,.T.);
#1971 = VERTEX_POINT('',#1972);
#1972 = CARTESIAN_POINT('',(-2.4,2.08,0.475));
#1973 = LINE('',#1974,#1975);
#1974 = CARTESIAN_POINT('',(-2.1,2.08,0.475));
#1975 = VECTOR('',#1976,1.);
#1976 = DIRECTION('',(-1.,1.144237745222E-17,0.));
#1977 = ORIENTED_EDGE('',*,*,#1978,.F.);
#1978 = EDGE_CURVE('',#1962,#1971,#1979,.T.);
#1979 = LINE('',#1980,#1981);
#1980 = CARTESIAN_POINT('',(-2.4,1.82,0.475));
#1981 = VECTOR('',#1982,1.);
#1982 = DIRECTION('',(1.144237745222E-17,1.,0.));
#1983 = PLANE('',#1984);
#1984 = AXIS2_PLACEMENT_3D('',#1985,#1986,#1987);
#1985 = CARTESIAN_POINT('',(-2.1,1.82,0.475));
#1986 = DIRECTION('',(0.,0.,1.));
#1987 = DIRECTION('',(-1.,1.144237745222E-17,0.));
#1988 = ADVANCED_FACE('',(#1989),#2000,.F.);
#1989 = FACE_BOUND('',#1990,.F.);
#1990 = EDGE_LOOP('',(#1991,#1997,#1998,#1999));
#1991 = ORIENTED_EDGE('',*,*,#1992,.F.);
#1992 = EDGE_CURVE('',#1102,#1522,#1993,.T.);
#1993 = LINE('',#1994,#1995);
#1994 = CARTESIAN_POINT('',(-2.2,2.08,0.458946888107));
#1995 = VECTOR('',#1996,1.);
#1996 = DIRECTION('',(0.,0.,1.));
#1997 = ORIENTED_EDGE('',*,*,#1101,.T.);
#1998 = ORIENTED_EDGE('',*,*,#1546,.T.);
#1999 = ORIENTED_EDGE('',*,*,#1529,.F.);
#2000 = PLANE('',#2001);
#2001 = AXIS2_PLACEMENT_3D('',#2002,#2003,#2004);
#2002 = CARTESIAN_POINT('',(-2.2,-2.3,0.625));
#2003 = DIRECTION('',(1.,1.110223024625E-16,0.));
#2004 = DIRECTION('',(-1.110223024625E-16,1.,0.));
#2005 = ADVANCED_FACE('',(#2006),#2017,.F.);
#2006 = FACE_BOUND('',#2007,.F.);
#2007 = EDGE_LOOP('',(#2008,#2009,#2010,#2016));
#2008 = ORIENTED_EDGE('',*,*,#1433,.F.);
#2009 = ORIENTED_EDGE('',*,*,#1354,.T.);
#2010 = ORIENTED_EDGE('',*,*,#2011,.T.);
#2011 = EDGE_CURVE('',#1347,#1466,#2012,.T.);
#2012 = LINE('',#2013,#2014);
#2013 = CARTESIAN_POINT('',(2.2,2.08,0.458946888107));
#2014 = VECTOR('',#2015,1.);
#2015 = DIRECTION('',(0.,0.,1.));
#2016 = ORIENTED_EDGE('',*,*,#1465,.F.);
#2017 = PLANE('',#2018);
#2018 = AXIS2_PLACEMENT_3D('',#2019,#2020,#2021);
#2019 = CARTESIAN_POINT('',(2.2,2.3,0.625));
#2020 = DIRECTION('',(-1.,-1.110223024625E-16,0.));
#2021 = DIRECTION('',(1.110223024625E-16,-1.,0.));
#2022 = ADVANCED_FACE('',(#2023),#2048,.F.);
#2023 = FACE_BOUND('',#2024,.F.);
#2024 = EDGE_LOOP('',(#2025,#2033,#2034,#2042));
#2025 = ORIENTED_EDGE('',*,*,#2026,.F.);
#2026 = EDGE_CURVE('',#1347,#2027,#2029,.T.);
#2027 = VERTEX_POINT('',#2028);
#2028 = CARTESIAN_POINT('',(2.4,2.08,0.475));
#2029 = LINE('',#2030,#2031);
#2030 = CARTESIAN_POINT('',(2.1,2.08,0.475));
#2031 = VECTOR('',#2032,1.);
#2032 = DIRECTION('',(1.,1.110223024625E-16,0.));
#2033 = ORIENTED_EDGE('',*,*,#1346,.T.);
#2034 = ORIENTED_EDGE('',*,*,#2035,.T.);
#2035 = EDGE_CURVE('',#1339,#2036,#2038,.T.);
#2036 = VERTEX_POINT('',#2037);
#2037 = CARTESIAN_POINT('',(2.4,1.82,0.475));
#2038 = LINE('',#2039,#2040);
#2039 = CARTESIAN_POINT('',(2.1,1.82,0.475));
#2040 = VECTOR('',#2041,1.);
#2041 = DIRECTION('',(1.,1.110223024625E-16,0.));
#2042 = ORIENTED_EDGE('',*,*,#2043,.F.);
#2043 = EDGE_CURVE('',#2027,#2036,#2044,.T.);
#2044 = LINE('',#2045,#2046);
#2045 = CARTESIAN_POINT('',(2.4,2.08,0.475));
#2046 = VECTOR('',#2047,1.);
#2047 = DIRECTION('',(1.110223024625E-16,-1.,0.));
#2048 = PLANE('',#2049);
#2049 = AXIS2_PLACEMENT_3D('',#2050,#2051,#2052);
#2050 = CARTESIAN_POINT('',(2.1,2.08,0.475));
#2051 = DIRECTION('',(0.,0.,1.));
#2052 = DIRECTION('',(1.,1.110223024625E-16,-0.));
#2053 = ADVANCED_FACE('',(#2054),#2079,.F.);
#2054 = FACE_BOUND('',#2055,.F.);
#2055 = EDGE_LOOP('',(#2056,#2064,#2065,#2073));
#2056 = ORIENTED_EDGE('',*,*,#2057,.F.);
#2057 = EDGE_CURVE('',#1339,#2058,#2060,.T.);
#2058 = VERTEX_POINT('',#2059);
#2059 = CARTESIAN_POINT('',(2.2,1.82,0.625));
#2060 = LINE('',#2061,#2062);
#2061 = CARTESIAN_POINT('',(2.2,1.82,0.458946888107));
#2062 = VECTOR('',#2063,1.);
#2063 = DIRECTION('',(0.,0.,1.));
#2064 = ORIENTED_EDGE('',*,*,#1338,.T.);
#2065 = ORIENTED_EDGE('',*,*,#2066,.T.);
#2066 = EDGE_CURVE('',#1331,#2067,#2069,.T.);
#2067 = VERTEX_POINT('',#2068);
#2068 = CARTESIAN_POINT('',(2.2,1.43,0.625));
#2069 = LINE('',#2070,#2071);
#2070 = CARTESIAN_POINT('',(2.2,1.43,0.458946888107));
#2071 = VECTOR('',#2072,1.);
#2072 = DIRECTION('',(0.,0.,1.));
#2073 = ORIENTED_EDGE('',*,*,#2074,.F.);
#2074 = EDGE_CURVE('',#2058,#2067,#2075,.T.);
#2075 = LINE('',#2076,#2077);
#2076 = CARTESIAN_POINT('',(2.2,2.3,0.625));
#2077 = VECTOR('',#2078,1.);
#2078 = DIRECTION('',(1.110223024625E-16,-1.,0.));
#2079 = PLANE('',#2080);
#2080 = AXIS2_PLACEMENT_3D('',#2081,#2082,#2083);
#2081 = CARTESIAN_POINT('',(2.2,2.3,0.625));
#2082 = DIRECTION('',(-1.,-1.110223024625E-16,0.));
#2083 = DIRECTION('',(1.110223024625E-16,-1.,0.));
#2084 = ADVANCED_FACE('',(#2085),#2110,.F.);
#2085 = FACE_BOUND('',#2086,.F.);
#2086 = EDGE_LOOP('',(#2087,#2095,#2096,#2104));
#2087 = ORIENTED_EDGE('',*,*,#2088,.F.);
#2088 = EDGE_CURVE('',#1331,#2089,#2091,.T.);
#2089 = VERTEX_POINT('',#2090);
#2090 = CARTESIAN_POINT('',(2.4,1.43,0.475));
#2091 = LINE('',#2092,#2093);
#2092 = CARTESIAN_POINT('',(2.1,1.43,0.475));
#2093 = VECTOR('',#2094,1.);
#2094 = DIRECTION('',(1.,1.110223024625E-16,0.));
#2095 = ORIENTED_EDGE('',*,*,#1330,.T.);
#2096 = ORIENTED_EDGE('',*,*,#2097,.T.);
#2097 = EDGE_CURVE('',#1323,#2098,#2100,.T.);
#2098 = VERTEX_POINT('',#2099);
#2099 = CARTESIAN_POINT('',(2.4,1.17,0.475));
#2100 = LINE('',#2101,#2102);
#2101 = CARTESIAN_POINT('',(2.1,1.17,0.475));
#2102 = VECTOR('',#2103,1.);
#2103 = DIRECTION('',(1.,1.110223024625E-16,0.));
#2104 = ORIENTED_EDGE('',*,*,#2105,.F.);
#2105 = EDGE_CURVE('',#2089,#2098,#2106,.T.);
#2106 = LINE('',#2107,#2108);
#2107 = CARTESIAN_POINT('',(2.4,1.43,0.475));
#2108 = VECTOR('',#2109,1.);
#2109 = DIRECTION('',(1.110223024625E-16,-1.,0.));
#2110 = PLANE('',#2111);
#2111 = AXIS2_PLACEMENT_3D('',#2112,#2113,#2114);
#2112 = CARTESIAN_POINT('',(2.1,1.43,0.475));
#2113 = DIRECTION('',(0.,0.,1.));
#2114 = DIRECTION('',(1.,1.110223024625E-16,-0.));
#2115 = ADVANCED_FACE('',(#2116),#2141,.F.);
#2116 = FACE_BOUND('',#2117,.F.);
#2117 = EDGE_LOOP('',(#2118,#2126,#2127,#2135));
#2118 = ORIENTED_EDGE('',*,*,#2119,.F.);
#2119 = EDGE_CURVE('',#1323,#2120,#2122,.T.);
#2120 = VERTEX_POINT('',#2121);
#2121 = CARTESIAN_POINT('',(2.2,1.17,0.625));
#2122 = LINE('',#2123,#2124);
#2123 = CARTESIAN_POINT('',(2.2,1.17,0.458946888107));
#2124 = VECTOR('',#2125,1.);
#2125 = DIRECTION('',(0.,0.,1.));
#2126 = ORIENTED_EDGE('',*,*,#1322,.T.);
#2127 = ORIENTED_EDGE('',*,*,#2128,.T.);
#2128 = EDGE_CURVE('',#1315,#2129,#2131,.T.);
#2129 = VERTEX_POINT('',#2130);
#2130 = CARTESIAN_POINT('',(2.2,0.78,0.625));
#2131 = LINE('',#2132,#2133);
#2132 = CARTESIAN_POINT('',(2.2,0.78,0.458946888107));
#2133 = VECTOR('',#2134,1.);
#2134 = DIRECTION('',(0.,0.,1.));
#2135 = ORIENTED_EDGE('',*,*,#2136,.F.);
#2136 = EDGE_CURVE('',#2120,#2129,#2137,.T.);
#2137 = LINE('',#2138,#2139);
#2138 = CARTESIAN_POINT('',(2.2,2.3,0.625));
#2139 = VECTOR('',#2140,1.);
#2140 = DIRECTION('',(1.110223024625E-16,-1.,0.));
#2141 = PLANE('',#2142);
#2142 = AXIS2_PLACEMENT_3D('',#2143,#2144,#2145);
#2143 = CARTESIAN_POINT('',(2.2,2.3,0.625));
#2144 = DIRECTION('',(-1.,-1.110223024625E-16,0.));
#2145 = DIRECTION('',(1.110223024625E-16,-1.,0.));
#2146 = ADVANCED_FACE('',(#2147),#2172,.F.);
#2147 = FACE_BOUND('',#2148,.F.);
#2148 = EDGE_LOOP('',(#2149,#2157,#2158,#2166));
#2149 = ORIENTED_EDGE('',*,*,#2150,.F.);
#2150 = EDGE_CURVE('',#1315,#2151,#2153,.T.);
#2151 = VERTEX_POINT('',#2152);
#2152 = CARTESIAN_POINT('',(2.4,0.78,0.475));
#2153 = LINE('',#2154,#2155);
#2154 = CARTESIAN_POINT('',(2.1,0.78,0.475));
#2155 = VECTOR('',#2156,1.);
#2156 = DIRECTION('',(1.,1.110223024625E-16,0.));
#2157 = ORIENTED_EDGE('',*,*,#1314,.T.);
#2158 = ORIENTED_EDGE('',*,*,#2159,.T.);
#2159 = EDGE_CURVE('',#1307,#2160,#2162,.T.);
#2160 = VERTEX_POINT('',#2161);
#2161 = CARTESIAN_POINT('',(2.4,0.52,0.475));
#2162 = LINE('',#2163,#2164);
#2163 = CARTESIAN_POINT('',(2.1,0.52,0.475));
#2164 = VECTOR('',#2165,1.);
#2165 = DIRECTION('',(1.,1.110223024625E-16,0.));
#2166 = ORIENTED_EDGE('',*,*,#2167,.F.);
#2167 = EDGE_CURVE('',#2151,#2160,#2168,.T.);
#2168 = LINE('',#2169,#2170);
#2169 = CARTESIAN_POINT('',(2.4,0.78,0.475));
#2170 = VECTOR('',#2171,1.);
#2171 = DIRECTION('',(1.110223024625E-16,-1.,0.));
#2172 = PLANE('',#2173);
#2173 = AXIS2_PLACEMENT_3D('',#2174,#2175,#2176);
#2174 = CARTESIAN_POINT('',(2.1,0.78,0.475));
#2175 = DIRECTION('',(0.,0.,1.));
#2176 = DIRECTION('',(1.,1.110223024625E-16,-0.));
#2177 = ADVANCED_FACE('',(#2178),#2203,.F.);
#2178 = FACE_BOUND('',#2179,.F.);
#2179 = EDGE_LOOP('',(#2180,#2188,#2189,#2197));
#2180 = ORIENTED_EDGE('',*,*,#2181,.F.);
#2181 = EDGE_CURVE('',#1307,#2182,#2184,.T.);
#2182 = VERTEX_POINT('',#2183);
#2183 = CARTESIAN_POINT('',(2.2,0.52,0.625));
#2184 = LINE('',#2185,#2186);
#2185 = CARTESIAN_POINT('',(2.2,0.52,0.458946888107));
#2186 = VECTOR('',#2187,1.);
#2187 = DIRECTION('',(0.,0.,1.));
#2188 = ORIENTED_EDGE('',*,*,#1306,.T.);
#2189 = ORIENTED_EDGE('',*,*,#2190,.T.);
#2190 = EDGE_CURVE('',#1299,#2191,#2193,.T.);
#2191 = VERTEX_POINT('',#2192);
#2192 = CARTESIAN_POINT('',(2.2,0.13,0.625));
#2193 = LINE('',#2194,#2195);
#2194 = CARTESIAN_POINT('',(2.2,0.13,0.458946888107));
#2195 = VECTOR('',#2196,1.);
#2196 = DIRECTION('',(0.,0.,1.));
#2197 = ORIENTED_EDGE('',*,*,#2198,.F.);
#2198 = EDGE_CURVE('',#2182,#2191,#2199,.T.);
#2199 = LINE('',#2200,#2201);
#2200 = CARTESIAN_POINT('',(2.2,2.3,0.625));
#2201 = VECTOR('',#2202,1.);
#2202 = DIRECTION('',(1.110223024625E-16,-1.,0.));
#2203 = PLANE('',#2204);
#2204 = AXIS2_PLACEMENT_3D('',#2205,#2206,#2207);
#2205 = CARTESIAN_POINT('',(2.2,2.3,0.625));
#2206 = DIRECTION('',(-1.,-1.110223024625E-16,0.));
#2207 = DIRECTION('',(1.110223024625E-16,-1.,0.));
#2208 = ADVANCED_FACE('',(#2209),#2234,.F.);
#2209 = FACE_BOUND('',#2210,.F.);
#2210 = EDGE_LOOP('',(#2211,#2219,#2220,#2228));
#2211 = ORIENTED_EDGE('',*,*,#2212,.F.);
#2212 = EDGE_CURVE('',#1299,#2213,#2215,.T.);
#2213 = VERTEX_POINT('',#2214);
#2214 = CARTESIAN_POINT('',(2.4,0.13,0.475));
#2215 = LINE('',#2216,#2217);
#2216 = CARTESIAN_POINT('',(2.1,0.13,0.475));
#2217 = VECTOR('',#2218,1.);
#2218 = DIRECTION('',(1.,1.110223024625E-16,0.));
#2219 = ORIENTED_EDGE('',*,*,#1298,.T.);
#2220 = ORIENTED_EDGE('',*,*,#2221,.T.);
#2221 = EDGE_CURVE('',#1291,#2222,#2224,.T.);
#2222 = VERTEX_POINT('',#2223);
#2223 = CARTESIAN_POINT('',(2.4,-0.13,0.475));
#2224 = LINE('',#2225,#2226);
#2225 = CARTESIAN_POINT('',(2.1,-0.13,0.475));
#2226 = VECTOR('',#2227,1.);
#2227 = DIRECTION('',(1.,1.110223024625E-16,0.));
#2228 = ORIENTED_EDGE('',*,*,#2229,.F.);
#2229 = EDGE_CURVE('',#2213,#2222,#2230,.T.);
#2230 = LINE('',#2231,#2232);
#2231 = CARTESIAN_POINT('',(2.4,0.13,0.475));
#2232 = VECTOR('',#2233,1.);
#2233 = DIRECTION('',(1.110223024625E-16,-1.,0.));
#2234 = PLANE('',#2235);
#2235 = AXIS2_PLACEMENT_3D('',#2236,#2237,#2238);
#2236 = CARTESIAN_POINT('',(2.1,0.13,0.475));
#2237 = DIRECTION('',(0.,0.,1.));
#2238 = DIRECTION('',(1.,1.110223024625E-16,-0.));
#2239 = ADVANCED_FACE('',(#2240),#2265,.F.);
#2240 = FACE_BOUND('',#2241,.F.);
#2241 = EDGE_LOOP('',(#2242,#2250,#2251,#2259));
#2242 = ORIENTED_EDGE('',*,*,#2243,.F.);
#2243 = EDGE_CURVE('',#1291,#2244,#2246,.T.);
#2244 = VERTEX_POINT('',#2245);
#2245 = CARTESIAN_POINT('',(2.2,-0.13,0.625));
#2246 = LINE('',#2247,#2248);
#2247 = CARTESIAN_POINT('',(2.2,-0.13,0.458946888107));
#2248 = VECTOR('',#2249,1.);
#2249 = DIRECTION('',(0.,0.,1.));
#2250 = ORIENTED_EDGE('',*,*,#1290,.T.);
#2251 = ORIENTED_EDGE('',*,*,#2252,.T.);
#2252 = EDGE_CURVE('',#1283,#2253,#2255,.T.);
#2253 = VERTEX_POINT('',#2254);
#2254 = CARTESIAN_POINT('',(2.2,-0.52,0.625));
#2255 = LINE('',#2256,#2257);
#2256 = CARTESIAN_POINT('',(2.2,-0.52,0.458946888107));
#2257 = VECTOR('',#2258,1.);
#2258 = DIRECTION('',(0.,0.,1.));
#2259 = ORIENTED_EDGE('',*,*,#2260,.F.);
#2260 = EDGE_CURVE('',#2244,#2253,#2261,.T.);
#2261 = LINE('',#2262,#2263);
#2262 = CARTESIAN_POINT('',(2.2,2.3,0.625));
#2263 = VECTOR('',#2264,1.);
#2264 = DIRECTION('',(1.110223024625E-16,-1.,0.));
#2265 = PLANE('',#2266);
#2266 = AXIS2_PLACEMENT_3D('',#2267,#2268,#2269);
#2267 = CARTESIAN_POINT('',(2.2,2.3,0.625));
#2268 = DIRECTION('',(-1.,-1.110223024625E-16,0.));
#2269 = DIRECTION('',(1.110223024625E-16,-1.,0.));
#2270 = ADVANCED_FACE('',(#2271),#2296,.F.);
#2271 = FACE_BOUND('',#2272,.F.);
#2272 = EDGE_LOOP('',(#2273,#2281,#2282,#2290));
#2273 = ORIENTED_EDGE('',*,*,#2274,.F.);
#2274 = EDGE_CURVE('',#1283,#2275,#2277,.T.);
#2275 = VERTEX_POINT('',#2276);
#2276 = CARTESIAN_POINT('',(2.4,-0.52,0.475));
#2277 = LINE('',#2278,#2279);
#2278 = CARTESIAN_POINT('',(2.1,-0.52,0.475));
#2279 = VECTOR('',#2280,1.);
#2280 = DIRECTION('',(1.,1.110223024625E-16,0.));
#2281 = ORIENTED_EDGE('',*,*,#1282,.T.);
#2282 = ORIENTED_EDGE('',*,*,#2283,.T.);
#2283 = EDGE_CURVE('',#1275,#2284,#2286,.T.);
#2284 = VERTEX_POINT('',#2285);
#2285 = CARTESIAN_POINT('',(2.4,-0.78,0.475));
#2286 = LINE('',#2287,#2288);
#2287 = CARTESIAN_POINT('',(2.1,-0.78,0.475));
#2288 = VECTOR('',#2289,1.);
#2289 = DIRECTION('',(1.,1.110223024625E-16,0.));
#2290 = ORIENTED_EDGE('',*,*,#2291,.F.);
#2291 = EDGE_CURVE('',#2275,#2284,#2292,.T.);
#2292 = LINE('',#2293,#2294);
#2293 = CARTESIAN_POINT('',(2.4,-0.52,0.475));
#2294 = VECTOR('',#2295,1.);
#2295 = DIRECTION('',(1.110223024625E-16,-1.,0.));
#2296 = PLANE('',#2297);
#2297 = AXIS2_PLACEMENT_3D('',#2298,#2299,#2300);
#2298 = CARTESIAN_POINT('',(2.1,-0.52,0.475));
#2299 = DIRECTION('',(0.,0.,1.));
#2300 = DIRECTION('',(1.,1.110223024625E-16,-0.));
#2301 = ADVANCED_FACE('',(#2302),#2327,.F.);
#2302 = FACE_BOUND('',#2303,.F.);
#2303 = EDGE_LOOP('',(#2304,#2312,#2313,#2321));
#2304 = ORIENTED_EDGE('',*,*,#2305,.F.);
#2305 = EDGE_CURVE('',#1275,#2306,#2308,.T.);
#2306 = VERTEX_POINT('',#2307);
#2307 = CARTESIAN_POINT('',(2.2,-0.78,0.625));
#2308 = LINE('',#2309,#2310);
#2309 = CARTESIAN_POINT('',(2.2,-0.78,0.458946888107));
#2310 = VECTOR('',#2311,1.);
#2311 = DIRECTION('',(0.,0.,1.));
#2312 = ORIENTED_EDGE('',*,*,#1274,.T.);
#2313 = ORIENTED_EDGE('',*,*,#2314,.T.);
#2314 = EDGE_CURVE('',#1267,#2315,#2317,.T.);
#2315 = VERTEX_POINT('',#2316);
#2316 = CARTESIAN_POINT('',(2.2,-1.17,0.625));
#2317 = LINE('',#2318,#2319);
#2318 = CARTESIAN_POINT('',(2.2,-1.17,0.458946888107));
#2319 = VECTOR('',#2320,1.);
#2320 = DIRECTION('',(0.,0.,1.));
#2321 = ORIENTED_EDGE('',*,*,#2322,.F.);
#2322 = EDGE_CURVE('',#2306,#2315,#2323,.T.);
#2323 = LINE('',#2324,#2325);
#2324 = CARTESIAN_POINT('',(2.2,2.3,0.625));
#2325 = VECTOR('',#2326,1.);
#2326 = DIRECTION('',(1.110223024625E-16,-1.,0.));
#2327 = PLANE('',#2328);
#2328 = AXIS2_PLACEMENT_3D('',#2329,#2330,#2331);
#2329 = CARTESIAN_POINT('',(2.2,2.3,0.625));
#2330 = DIRECTION('',(-1.,-1.110223024625E-16,0.));
#2331 = DIRECTION('',(1.110223024625E-16,-1.,0.));
#2332 = ADVANCED_FACE('',(#2333),#2358,.F.);
#2333 = FACE_BOUND('',#2334,.F.);
#2334 = EDGE_LOOP('',(#2335,#2343,#2344,#2352));
#2335 = ORIENTED_EDGE('',*,*,#2336,.F.);
#2336 = EDGE_CURVE('',#1267,#2337,#2339,.T.);
#2337 = VERTEX_POINT('',#2338);
#2338 = CARTESIAN_POINT('',(2.4,-1.17,0.475));
#2339 = LINE('',#2340,#2341);
#2340 = CARTESIAN_POINT('',(2.1,-1.17,0.475));
#2341 = VECTOR('',#2342,1.);
#2342 = DIRECTION('',(1.,1.110223024625E-16,0.));
#2343 = ORIENTED_EDGE('',*,*,#1266,.T.);
#2344 = ORIENTED_EDGE('',*,*,#2345,.T.);
#2345 = EDGE_CURVE('',#1259,#2346,#2348,.T.);
#2346 = VERTEX_POINT('',#2347);
#2347 = CARTESIAN_POINT('',(2.4,-1.43,0.475));
#2348 = LINE('',#2349,#2350);
#2349 = CARTESIAN_POINT('',(2.1,-1.43,0.475));
#2350 = VECTOR('',#2351,1.);
#2351 = DIRECTION('',(1.,1.110223024625E-16,0.));
#2352 = ORIENTED_EDGE('',*,*,#2353,.F.);
#2353 = EDGE_CURVE('',#2337,#2346,#2354,.T.);
#2354 = LINE('',#2355,#2356);
#2355 = CARTESIAN_POINT('',(2.4,-1.17,0.475));
#2356 = VECTOR('',#2357,1.);
#2357 = DIRECTION('',(1.110223024625E-16,-1.,0.));
#2358 = PLANE('',#2359);
#2359 = AXIS2_PLACEMENT_3D('',#2360,#2361,#2362);
#2360 = CARTESIAN_POINT('',(2.1,-1.17,0.475));
#2361 = DIRECTION('',(0.,0.,1.));
#2362 = DIRECTION('',(1.,1.110223024625E-16,-0.));
#2363 = ADVANCED_FACE('',(#2364),#2389,.F.);
#2364 = FACE_BOUND('',#2365,.F.);
#2365 = EDGE_LOOP('',(#2366,#2374,#2375,#2383));
#2366 = ORIENTED_EDGE('',*,*,#2367,.F.);
#2367 = EDGE_CURVE('',#1259,#2368,#2370,.T.);
#2368 = VERTEX_POINT('',#2369);
#2369 = CARTESIAN_POINT('',(2.2,-1.43,0.625));
#2370 = LINE('',#2371,#2372);
#2371 = CARTESIAN_POINT('',(2.2,-1.43,0.458946888107));
#2372 = VECTOR('',#2373,1.);
#2373 = DIRECTION('',(0.,0.,1.));
#2374 = ORIENTED_EDGE('',*,*,#1258,.T.);
#2375 = ORIENTED_EDGE('',*,*,#2376,.T.);
#2376 = EDGE_CURVE('',#1251,#2377,#2379,.T.);
#2377 = VERTEX_POINT('',#2378);
#2378 = CARTESIAN_POINT('',(2.2,-1.82,0.625));
#2379 = LINE('',#2380,#2381);
#2380 = CARTESIAN_POINT('',(2.2,-1.82,0.458946888107));
#2381 = VECTOR('',#2382,1.);
#2382 = DIRECTION('',(0.,0.,1.));
#2383 = ORIENTED_EDGE('',*,*,#2384,.F.);
#2384 = EDGE_CURVE('',#2368,#2377,#2385,.T.);
#2385 = LINE('',#2386,#2387);
#2386 = CARTESIAN_POINT('',(2.2,2.3,0.625));
#2387 = VECTOR('',#2388,1.);
#2388 = DIRECTION('',(1.110223024625E-16,-1.,0.));
#2389 = PLANE('',#2390);
#2390 = AXIS2_PLACEMENT_3D('',#2391,#2392,#2393);
#2391 = CARTESIAN_POINT('',(2.2,2.3,0.625));
#2392 = DIRECTION('',(-1.,-1.110223024625E-16,0.));
#2393 = DIRECTION('',(1.110223024625E-16,-1.,0.));
#2394 = ADVANCED_FACE('',(#2395),#2420,.F.);
#2395 = FACE_BOUND('',#2396,.F.);
#2396 = EDGE_LOOP('',(#2397,#2405,#2406,#2414));
#2397 = ORIENTED_EDGE('',*,*,#2398,.F.);
#2398 = EDGE_CURVE('',#1251,#2399,#2401,.T.);
#2399 = VERTEX_POINT('',#2400);
#2400 = CARTESIAN_POINT('',(2.4,-1.82,0.475));
#2401 = LINE('',#2402,#2403);
#2402 = CARTESIAN_POINT('',(2.1,-1.82,0.475));
#2403 = VECTOR('',#2404,1.);
#2404 = DIRECTION('',(1.,1.110223024625E-16,0.));
#2405 = ORIENTED_EDGE('',*,*,#1250,.T.);
#2406 = ORIENTED_EDGE('',*,*,#2407,.T.);
#2407 = EDGE_CURVE('',#1243,#2408,#2410,.T.);
#2408 = VERTEX_POINT('',#2409);
#2409 = CARTESIAN_POINT('',(2.4,-2.08,0.475));
#2410 = LINE('',#2411,#2412);
#2411 = CARTESIAN_POINT('',(2.1,-2.08,0.475));
#2412 = VECTOR('',#2413,1.);
#2413 = DIRECTION('',(1.,1.110223024625E-16,0.));
#2414 = ORIENTED_EDGE('',*,*,#2415,.F.);
#2415 = EDGE_CURVE('',#2399,#2408,#2416,.T.);
#2416 = LINE('',#2417,#2418);
#2417 = CARTESIAN_POINT('',(2.4,-1.82,0.475));
#2418 = VECTOR('',#2419,1.);
#2419 = DIRECTION('',(1.110223024625E-16,-1.,0.));
#2420 = PLANE('',#2421);
#2421 = AXIS2_PLACEMENT_3D('',#2422,#2423,#2424);
#2422 = CARTESIAN_POINT('',(2.1,-1.82,0.475));
#2423 = DIRECTION('',(0.,0.,1.));
#2424 = DIRECTION('',(1.,1.110223024625E-16,-0.));
#2425 = ADVANCED_FACE('',(#2426),#2450,.F.);
#2426 = FACE_BOUND('',#2427,.F.);
#2427 = EDGE_LOOP('',(#2428,#2436,#2437,#2444));
#2428 = ORIENTED_EDGE('',*,*,#2429,.F.);
#2429 = EDGE_CURVE('',#1243,#2430,#2432,.T.);
#2430 = VERTEX_POINT('',#2431);
#2431 = CARTESIAN_POINT('',(2.2,-2.08,0.625));
#2432 = LINE('',#2433,#2434);
#2433 = CARTESIAN_POINT('',(2.2,-2.08,0.458946888107));
#2434 = VECTOR('',#2435,1.);
#2435 = DIRECTION('',(0.,0.,1.));
#2436 = ORIENTED_EDGE('',*,*,#1242,.T.);
#2437 = ORIENTED_EDGE('',*,*,#2438,.T.);
#2438 = EDGE_CURVE('',#1236,#2439,#2441,.T.);
#2439 = VERTEX_POINT('',#2440);
#2440 = CARTESIAN_POINT('',(2.2,-2.3,0.625));
#2441 = B_SPLINE_CURVE_WITH_KNOTS('',1,(#2442,#2443),.UNSPECIFIED.,.F.,
  .F.,(2,2),(0.,1.),.PIECEWISE_BEZIER_KNOTS.);
#2442 = CARTESIAN_POINT('',(2.2,-2.3,0.475));
#2443 = CARTESIAN_POINT('',(2.2,-2.3,0.625));
#2444 = ORIENTED_EDGE('',*,*,#2445,.F.);
#2445 = EDGE_CURVE('',#2430,#2439,#2446,.T.);
#2446 = LINE('',#2447,#2448);
#2447 = CARTESIAN_POINT('',(2.2,2.3,0.625));
#2448 = VECTOR('',#2449,1.);
#2449 = DIRECTION('',(1.110223024625E-16,-1.,0.));
#2450 = PLANE('',#2451);
#2451 = AXIS2_PLACEMENT_3D('',#2452,#2453,#2454);
#2452 = CARTESIAN_POINT('',(2.2,2.3,0.625));
#2453 = DIRECTION('',(-1.,-1.110223024625E-16,0.));
#2454 = DIRECTION('',(1.110223024625E-16,-1.,0.));
#2455 = ADVANCED_FACE('',(#2456),#2473,.F.);
#2456 = FACE_BOUND('',#2457,.F.);
#2457 = EDGE_LOOP('',(#2458,#2459,#2460,#2468));
#2458 = ORIENTED_EDGE('',*,*,#1371,.T.);
#2459 = ORIENTED_EDGE('',*,*,#1559,.T.);
#2460 = ORIENTED_EDGE('',*,*,#2461,.F.);
#2461 = EDGE_CURVE('',#2462,#1560,#2464,.T.);
#2462 = VERTEX_POINT('',#2463);
#2463 = CARTESIAN_POINT('',(-2.,-2.5,0.625));
#2464 = LINE('',#2465,#2466);
#2465 = CARTESIAN_POINT('',(-2.,-2.5,0.625));
#2466 = VECTOR('',#2467,1.);
#2467 = DIRECTION('',(-0.707106781187,0.707106781187,0.));
#2468 = ORIENTED_EDGE('',*,*,#2469,.F.);
#2469 = EDGE_CURVE('',#1372,#2462,#2470,.T.);
#2470 = B_SPLINE_CURVE_WITH_KNOTS('',1,(#2471,#2472),.UNSPECIFIED.,.F.,
  .F.,(2,2),(0.,1.),.PIECEWISE_BEZIER_KNOTS.);
#2471 = CARTESIAN_POINT('',(-2.,-2.5,0.475));
#2472 = CARTESIAN_POINT('',(-2.,-2.5,0.625));
#2473 = PLANE('',#2474);
#2474 = AXIS2_PLACEMENT_3D('',#2475,#2476,#2477);
#2475 = CARTESIAN_POINT('',(-2.,-2.5,0.625));
#2476 = DIRECTION('',(0.707106781187,0.707106781187,0.));
#2477 = DIRECTION('',(-0.707106781187,0.707106781187,0.));
#2478 = ADVANCED_FACE('',(#2479),#2496,.F.);
#2479 = FACE_BOUND('',#2480,.F.);
#2480 = EDGE_LOOP('',(#2481,#2482,#2489,#2495));
#2481 = ORIENTED_EDGE('',*,*,#1400,.T.);
#2482 = ORIENTED_EDGE('',*,*,#2483,.T.);
#2483 = EDGE_CURVE('',#1394,#2484,#2486,.T.);
#2484 = VERTEX_POINT('',#2485);
#2485 = CARTESIAN_POINT('',(2.,-2.5,0.625));
#2486 = B_SPLINE_CURVE_WITH_KNOTS('',1,(#2487,#2488),.UNSPECIFIED.,.F.,
  .F.,(2,2),(0.,1.),.PIECEWISE_BEZIER_KNOTS.);
#2487 = CARTESIAN_POINT('',(2.,-2.5,0.475));
#2488 = CARTESIAN_POINT('',(2.,-2.5,0.625));
#2489 = ORIENTED_EDGE('',*,*,#2490,.F.);
#2490 = EDGE_CURVE('',#2439,#2484,#2491,.T.);
#2491 = LINE('',#2492,#2493);
#2492 = CARTESIAN_POINT('',(2.2,-2.3,0.625));
#2493 = VECTOR('',#2494,1.);
#2494 = DIRECTION('',(-0.707106781187,-0.707106781187,0.));
#2495 = ORIENTED_EDGE('',*,*,#2438,.F.);
#2496 = PLANE('',#2497);
#2497 = AXIS2_PLACEMENT_3D('',#2498,#2499,#2500);
#2498 = CARTESIAN_POINT('',(2.2,-2.3,0.625));
#2499 = DIRECTION('',(-0.707106781187,0.707106781187,0.));
#2500 = DIRECTION('',(-0.707106781187,-0.707106781187,0.));
#2501 = ADVANCED_FACE('',(#2502),#2513,.F.);
#2502 = FACE_BOUND('',#2503,.F.);
#2503 = EDGE_LOOP('',(#2504,#2505,#2506,#2512));
#2504 = ORIENTED_EDGE('',*,*,#1417,.T.);
#2505 = ORIENTED_EDGE('',*,*,#2469,.T.);
#2506 = ORIENTED_EDGE('',*,*,#2507,.F.);
#2507 = EDGE_CURVE('',#2484,#2462,#2508,.T.);
#2508 = LINE('',#2509,#2510);
#2509 = CARTESIAN_POINT('',(2.,-2.5,0.625));
#2510 = VECTOR('',#2511,1.);
#2511 = DIRECTION('',(-1.,-1.110223024625E-16,0.));
#2512 = ORIENTED_EDGE('',*,*,#2483,.F.);
#2513 = PLANE('',#2514);
#2514 = AXIS2_PLACEMENT_3D('',#2515,#2516,#2517);
#2515 = CARTESIAN_POINT('',(2.,-2.5,0.625));
#2516 = DIRECTION('',(-1.110223024625E-16,1.,0.));
#2517 = DIRECTION('',(-1.,-1.110223024625E-16,0.));
#2518 = ADVANCED_FACE('',(#2519),#2558,.F.);
#2519 = FACE_BOUND('',#2520,.F.);
#2520 = EDGE_LOOP('',(#2521,#2529,#2537,#2543,#2544,#2552));
#2521 = ORIENTED_EDGE('',*,*,#2522,.F.);
#2522 = EDGE_CURVE('',#2523,#1940,#2525,.T.);
#2523 = VERTEX_POINT('',#2524);
#2524 = CARTESIAN_POINT('',(-2.4,1.82,0.625));
#2525 = LINE('',#2526,#2527);
#2526 = CARTESIAN_POINT('',(-2.4,1.82,0.625));
#2527 = VECTOR('',#2528,1.);
#2528 = DIRECTION('',(1.,-1.144237745222E-17,0.));
#2529 = ORIENTED_EDGE('',*,*,#2530,.T.);
#2530 = EDGE_CURVE('',#2523,#2531,#2533,.T.);
#2531 = VERTEX_POINT('',#2532);
#2532 = CARTESIAN_POINT('',(-2.4,2.08,0.625));
#2533 = LINE('',#2534,#2535);
#2534 = CARTESIAN_POINT('',(-2.4,1.82,0.625));
#2535 = VECTOR('',#2536,1.);
#2536 = DIRECTION('',(1.144237745222E-17,1.,0.));
#2537 = ORIENTED_EDGE('',*,*,#2538,.T.);
#2538 = EDGE_CURVE('',#2531,#1522,#2539,.T.);
#2539 = LINE('',#2540,#2541);
#2540 = CARTESIAN_POINT('',(-2.4,2.08,0.625));
#2541 = VECTOR('',#2542,1.);
#2542 = DIRECTION('',(1.,-1.144237745222E-17,0.));
#2543 = ORIENTED_EDGE('',*,*,#1521,.T.);
#2544 = ORIENTED_EDGE('',*,*,#2545,.F.);
#2545 = EDGE_CURVE('',#2546,#1514,#2548,.T.);
#2546 = VERTEX_POINT('',#2547);
#2547 = CARTESIAN_POINT('',(-2.15,1.82,0.625));
#2548 = LINE('',#2549,#2550);
#2549 = CARTESIAN_POINT('',(-2.15,-2.275,0.625));
#2550 = VECTOR('',#2551,1.);
#2551 = DIRECTION('',(-1.110223024625E-16,1.,0.));
#2552 = ORIENTED_EDGE('',*,*,#2553,.F.);
#2553 = EDGE_CURVE('',#1940,#2546,#2554,.T.);
#2554 = LINE('',#2555,#2556);
#2555 = CARTESIAN_POINT('',(-2.4,1.82,0.625));
#2556 = VECTOR('',#2557,1.);
#2557 = DIRECTION('',(1.,-1.144237745222E-17,0.));
#2558 = PLANE('',#2559);
#2559 = AXIS2_PLACEMENT_3D('',#2560,#2561,#2562);
#2560 = CARTESIAN_POINT('',(-2.4,1.82,0.625));
#2561 = DIRECTION('',(0.,0.,-1.));
#2562 = DIRECTION('',(1.,-1.144237745222E-17,0.));
#2563 = ADVANCED_FACE('',(#2564),#2692,.F.);
#2564 = FACE_BOUND('',#2565,.F.);
#2565 = EDGE_LOOP('',(#2566,#2576,#2584,#2592,#2600,#2608,#2616,#2624,
    #2632,#2640,#2648,#2656,#2664,#2670,#2671,#2672,#2679,#2687));
#2566 = ORIENTED_EDGE('',*,*,#2567,.T.);
#2567 = EDGE_CURVE('',#2568,#2570,#2572,.T.);
#2568 = VERTEX_POINT('',#2569);
#2569 = CARTESIAN_POINT('',(-2.15,-2.275,0.625));
#2570 = VERTEX_POINT('',#2571);
#2571 = CARTESIAN_POINT('',(-2.15,-2.08,0.625));
#2572 = LINE('',#2573,#2574);
#2573 = CARTESIAN_POINT('',(-2.15,-2.275,0.625));
#2574 = VECTOR('',#2575,1.);
#2575 = DIRECTION('',(-1.110223024625E-16,1.,0.));
#2576 = ORIENTED_EDGE('',*,*,#2577,.T.);
#2577 = EDGE_CURVE('',#2570,#2578,#2580,.T.);
#2578 = VERTEX_POINT('',#2579);
#2579 = CARTESIAN_POINT('',(-2.15,-1.82,0.625));
#2580 = LINE('',#2581,#2582);
#2581 = CARTESIAN_POINT('',(-2.15,-2.275,0.625));
#2582 = VECTOR('',#2583,1.);
#2583 = DIRECTION('',(-1.110223024625E-16,1.,0.));
#2584 = ORIENTED_EDGE('',*,*,#2585,.T.);
#2585 = EDGE_CURVE('',#2578,#2586,#2588,.T.);
#2586 = VERTEX_POINT('',#2587);
#2587 = CARTESIAN_POINT('',(-2.15,-1.43,0.625));
#2588 = LINE('',#2589,#2590);
#2589 = CARTESIAN_POINT('',(-2.15,-2.275,0.625));
#2590 = VECTOR('',#2591,1.);
#2591 = DIRECTION('',(-1.110223024625E-16,1.,0.));
#2592 = ORIENTED_EDGE('',*,*,#2593,.T.);
#2593 = EDGE_CURVE('',#2586,#2594,#2596,.T.);
#2594 = VERTEX_POINT('',#2595);
#2595 = CARTESIAN_POINT('',(-2.15,-1.17,0.625));
#2596 = LINE('',#2597,#2598);
#2597 = CARTESIAN_POINT('',(-2.15,-2.275,0.625));
#2598 = VECTOR('',#2599,1.);
#2599 = DIRECTION('',(-1.110223024625E-16,1.,0.));
#2600 = ORIENTED_EDGE('',*,*,#2601,.T.);
#2601 = EDGE_CURVE('',#2594,#2602,#2604,.T.);
#2602 = VERTEX_POINT('',#2603);
#2603 = CARTESIAN_POINT('',(-2.15,-0.78,0.625));
#2604 = LINE('',#2605,#2606);
#2605 = CARTESIAN_POINT('',(-2.15,-2.275,0.625));
#2606 = VECTOR('',#2607,1.);
#2607 = DIRECTION('',(-1.110223024625E-16,1.,0.));
#2608 = ORIENTED_EDGE('',*,*,#2609,.T.);
#2609 = EDGE_CURVE('',#2602,#2610,#2612,.T.);
#2610 = VERTEX_POINT('',#2611);
#2611 = CARTESIAN_POINT('',(-2.15,-0.52,0.625));
#2612 = LINE('',#2613,#2614);
#2613 = CARTESIAN_POINT('',(-2.15,-2.275,0.625));
#2614 = VECTOR('',#2615,1.);
#2615 = DIRECTION('',(-1.110223024625E-16,1.,0.));
#2616 = ORIENTED_EDGE('',*,*,#2617,.T.);
#2617 = EDGE_CURVE('',#2610,#2618,#2620,.T.);
#2618 = VERTEX_POINT('',#2619);
#2619 = CARTESIAN_POINT('',(-2.15,-0.13,0.625));
#2620 = LINE('',#2621,#2622);
#2621 = CARTESIAN_POINT('',(-2.15,-2.275,0.625));
#2622 = VECTOR('',#2623,1.);
#2623 = DIRECTION('',(-1.110223024625E-16,1.,0.));
#2624 = ORIENTED_EDGE('',*,*,#2625,.T.);
#2625 = EDGE_CURVE('',#2618,#2626,#2628,.T.);
#2626 = VERTEX_POINT('',#2627);
#2627 = CARTESIAN_POINT('',(-2.15,0.13,0.625));
#2628 = LINE('',#2629,#2630);
#2629 = CARTESIAN_POINT('',(-2.15,-2.275,0.625));
#2630 = VECTOR('',#2631,1.);
#2631 = DIRECTION('',(-1.110223024625E-16,1.,0.));
#2632 = ORIENTED_EDGE('',*,*,#2633,.T.);
#2633 = EDGE_CURVE('',#2626,#2634,#2636,.T.);
#2634 = VERTEX_POINT('',#2635);
#2635 = CARTESIAN_POINT('',(-2.15,0.52,0.625));
#2636 = LINE('',#2637,#2638);
#2637 = CARTESIAN_POINT('',(-2.15,-2.275,0.625));
#2638 = VECTOR('',#2639,1.);
#2639 = DIRECTION('',(-1.110223024625E-16,1.,0.));
#2640 = ORIENTED_EDGE('',*,*,#2641,.T.);
#2641 = EDGE_CURVE('',#2634,#2642,#2644,.T.);
#2642 = VERTEX_POINT('',#2643);
#2643 = CARTESIAN_POINT('',(-2.15,0.78,0.625));
#2644 = LINE('',#2645,#2646);
#2645 = CARTESIAN_POINT('',(-2.15,-2.275,0.625));
#2646 = VECTOR('',#2647,1.);
#2647 = DIRECTION('',(-1.110223024625E-16,1.,0.));
#2648 = ORIENTED_EDGE('',*,*,#2649,.T.);
#2649 = EDGE_CURVE('',#2642,#2650,#2652,.T.);
#2650 = VERTEX_POINT('',#2651);
#2651 = CARTESIAN_POINT('',(-2.15,1.17,0.625));
#2652 = LINE('',#2653,#2654);
#2653 = CARTESIAN_POINT('',(-2.15,-2.275,0.625));
#2654 = VECTOR('',#2655,1.);
#2655 = DIRECTION('',(-1.110223024625E-16,1.,0.));
#2656 = ORIENTED_EDGE('',*,*,#2657,.T.);
#2657 = EDGE_CURVE('',#2650,#2658,#2660,.T.);
#2658 = VERTEX_POINT('',#2659);
#2659 = CARTESIAN_POINT('',(-2.15,1.43,0.625));
#2660 = LINE('',#2661,#2662);
#2661 = CARTESIAN_POINT('',(-2.15,-2.275,0.625));
#2662 = VECTOR('',#2663,1.);
#2663 = DIRECTION('',(-1.110223024625E-16,1.,0.));
#2664 = ORIENTED_EDGE('',*,*,#2665,.T.);
#2665 = EDGE_CURVE('',#2658,#2546,#2666,.T.);
#2666 = LINE('',#2667,#2668);
#2667 = CARTESIAN_POINT('',(-2.15,-2.275,0.625));
#2668 = VECTOR('',#2669,1.);
#2669 = DIRECTION('',(-1.110223024625E-16,1.,0.));
#2670 = ORIENTED_EDGE('',*,*,#2545,.T.);
#2671 = ORIENTED_EDGE('',*,*,#1513,.T.);
#2672 = ORIENTED_EDGE('',*,*,#2673,.T.);
#2673 = EDGE_CURVE('',#1506,#2674,#2676,.T.);
#2674 = VERTEX_POINT('',#2675);
#2675 = CARTESIAN_POINT('',(-2.070291289374,2.235145644687,1.));
#2676 = B_SPLINE_CURVE_WITH_KNOTS('',1,(#2677,#2678),.UNSPECIFIED.,.F.,
  .F.,(2,2),(0.,1.),.PIECEWISE_BEZIER_KNOTS.);
#2677 = CARTESIAN_POINT('',(-2.15,2.275,0.625));
#2678 = CARTESIAN_POINT('',(-2.070291289374,2.235145644687,1.));
#2679 = ORIENTED_EDGE('',*,*,#2680,.F.);
#2680 = EDGE_CURVE('',#2681,#2674,#2683,.T.);
#2681 = VERTEX_POINT('',#2682);
#2682 = CARTESIAN_POINT('',(-2.070291289374,-2.235145644687,1.));
#2683 = LINE('',#2684,#2685);
#2684 = CARTESIAN_POINT('',(-2.070291289374,-2.235145644687,1.));
#2685 = VECTOR('',#2686,1.);
#2686 = DIRECTION('',(-1.110223024625E-16,1.,0.));
#2687 = ORIENTED_EDGE('',*,*,#2688,.F.);
#2688 = EDGE_CURVE('',#2568,#2681,#2689,.T.);
#2689 = B_SPLINE_CURVE_WITH_KNOTS('',1,(#2690,#2691),.UNSPECIFIED.,.F.,
  .F.,(2,2),(0.,1.),.PIECEWISE_BEZIER_KNOTS.);
#2690 = CARTESIAN_POINT('',(-2.15,-2.275,0.625));
#2691 = CARTESIAN_POINT('',(-2.070291289374,-2.235145644687,1.));
#2692 = B_SPLINE_SURFACE_WITH_KNOTS('',1,1,(
    (#2693,#2694)
    ,(#2695,#2696
    )),.UNSPECIFIED.,.F.,.F.,.F.,(2,2),(2,2),(0.,4.55),(0.,1.),
  .PIECEWISE_BEZIER_KNOTS.);
#2693 = CARTESIAN_POINT('',(-2.15,-2.275,0.625));
#2694 = CARTESIAN_POINT('',(-2.070291289374,-2.235145644687,1.));
#2695 = CARTESIAN_POINT('',(-2.15,2.275,0.625));
#2696 = CARTESIAN_POINT('',(-2.070291289374,2.235145644687,1.));
#2697 = ADVANCED_FACE('',(#2698),#2715,.F.);
#2698 = FACE_BOUND('',#2699,.F.);
#2699 = EDGE_LOOP('',(#2700,#2701,#2708,#2714));
#2700 = ORIENTED_EDGE('',*,*,#1505,.T.);
#2701 = ORIENTED_EDGE('',*,*,#2702,.T.);
#2702 = EDGE_CURVE('',#1498,#2703,#2705,.T.);
#2703 = VERTEX_POINT('',#2704);
#2704 = CARTESIAN_POINT('',(-1.935145644687,2.370291289374,1.));
#2705 = B_SPLINE_CURVE_WITH_KNOTS('',1,(#2706,#2707),.UNSPECIFIED.,.F.,
  .F.,(2,2),(0.,1.),.PIECEWISE_BEZIER_KNOTS.);
#2706 = CARTESIAN_POINT('',(-1.975,2.45,0.625));
#2707 = CARTESIAN_POINT('',(-1.935145644687,2.370291289374,1.));
#2708 = ORIENTED_EDGE('',*,*,#2709,.F.);
#2709 = EDGE_CURVE('',#2674,#2703,#2710,.T.);
#2710 = LINE('',#2711,#2712);
#2711 = CARTESIAN_POINT('',(-2.070291289374,2.235145644687,1.));
#2712 = VECTOR('',#2713,1.);
#2713 = DIRECTION('',(0.707106781187,0.707106781187,0.));
#2714 = ORIENTED_EDGE('',*,*,#2673,.F.);
#2715 = B_SPLINE_SURFACE_WITH_KNOTS('',1,1,(
    (#2716,#2717)
    ,(#2718,#2719
    )),.UNSPECIFIED.,.F.,.F.,.F.,(2,2),(2,2),(0.,0.247487373415),(0.,1.)
  ,.PIECEWISE_BEZIER_KNOTS.);
#2716 = CARTESIAN_POINT('',(-2.15,2.275,0.625));
#2717 = CARTESIAN_POINT('',(-2.070291289374,2.235145644687,1.));
#2718 = CARTESIAN_POINT('',(-1.975,2.45,0.625));
#2719 = CARTESIAN_POINT('',(-1.935145644687,2.370291289374,1.));
#2720 = ADVANCED_FACE('',(#2721),#2738,.F.);
#2721 = FACE_BOUND('',#2722,.F.);
#2722 = EDGE_LOOP('',(#2723,#2724,#2731,#2737));
#2723 = ORIENTED_EDGE('',*,*,#1497,.T.);
#2724 = ORIENTED_EDGE('',*,*,#2725,.T.);
#2725 = EDGE_CURVE('',#1490,#2726,#2728,.T.);
#2726 = VERTEX_POINT('',#2727);
#2727 = CARTESIAN_POINT('',(1.935145644687,2.370291289374,1.));
#2728 = B_SPLINE_CURVE_WITH_KNOTS('',1,(#2729,#2730),.UNSPECIFIED.,.F.,
  .F.,(2,2),(0.,1.),.PIECEWISE_BEZIER_KNOTS.);
#2729 = CARTESIAN_POINT('',(1.975,2.45,0.625));
#2730 = CARTESIAN_POINT('',(1.935145644687,2.370291289374,1.));
#2731 = ORIENTED_EDGE('',*,*,#2732,.F.);
#2732 = EDGE_CURVE('',#2703,#2726,#2733,.T.);
#2733 = LINE('',#2734,#2735);
#2734 = CARTESIAN_POINT('',(-1.935145644687,2.370291289374,1.));
#2735 = VECTOR('',#2736,1.);
#2736 = DIRECTION('',(1.,1.110223024625E-16,0.));
#2737 = ORIENTED_EDGE('',*,*,#2702,.F.);
#2738 = B_SPLINE_SURFACE_WITH_KNOTS('',1,1,(
    (#2739,#2740)
    ,(#2741,#2742
    )),.UNSPECIFIED.,.F.,.F.,.F.,(2,2),(2,2),(0.,3.95),(0.,1.),
  .PIECEWISE_BEZIER_KNOTS.);
#2739 = CARTESIAN_POINT('',(-1.975,2.45,0.625));
#2740 = CARTESIAN_POINT('',(-1.935145644687,2.370291289374,1.));
#2741 = CARTESIAN_POINT('',(1.975,2.45,0.625));
#2742 = CARTESIAN_POINT('',(1.935145644687,2.370291289374,1.));
#2743 = ADVANCED_FACE('',(#2744),#2761,.F.);
#2744 = FACE_BOUND('',#2745,.F.);
#2745 = EDGE_LOOP('',(#2746,#2747,#2754,#2760));
#2746 = ORIENTED_EDGE('',*,*,#1489,.T.);
#2747 = ORIENTED_EDGE('',*,*,#2748,.T.);
#2748 = EDGE_CURVE('',#1482,#2749,#2751,.T.);
#2749 = VERTEX_POINT('',#2750);
#2750 = CARTESIAN_POINT('',(2.070291289374,2.235145644687,1.));
#2751 = B_SPLINE_CURVE_WITH_KNOTS('',1,(#2752,#2753),.UNSPECIFIED.,.F.,
  .F.,(2,2),(0.,1.),.PIECEWISE_BEZIER_KNOTS.);
#2752 = CARTESIAN_POINT('',(2.15,2.275,0.625));
#2753 = CARTESIAN_POINT('',(2.070291289374,2.235145644687,1.));
#2754 = ORIENTED_EDGE('',*,*,#2755,.F.);
#2755 = EDGE_CURVE('',#2726,#2749,#2756,.T.);
#2756 = LINE('',#2757,#2758);
#2757 = CARTESIAN_POINT('',(1.935145644687,2.370291289374,1.));
#2758 = VECTOR('',#2759,1.);
#2759 = DIRECTION('',(0.707106781187,-0.707106781187,0.));
#2760 = ORIENTED_EDGE('',*,*,#2725,.F.);
#2761 = B_SPLINE_SURFACE_WITH_KNOTS('',1,1,(
    (#2762,#2763)
    ,(#2764,#2765
    )),.UNSPECIFIED.,.F.,.F.,.F.,(2,2),(2,2),(0.,0.247487373415),(0.,1.)
  ,.PIECEWISE_BEZIER_KNOTS.);
#2762 = CARTESIAN_POINT('',(1.975,2.45,0.625));
#2763 = CARTESIAN_POINT('',(1.935145644687,2.370291289374,1.));
#2764 = CARTESIAN_POINT('',(2.15,2.275,0.625));
#2765 = CARTESIAN_POINT('',(2.070291289374,2.235145644687,1.));
#2766 = ADVANCED_FACE('',(#2767),#2896,.F.);
#2767 = FACE_BOUND('',#2768,.F.);
#2768 = EDGE_LOOP('',(#2769,#2770,#2778,#2786,#2794,#2802,#2810,#2818,
    #2826,#2834,#2842,#2850,#2858,#2866,#2874,#2882,#2889,#2895));
#2769 = ORIENTED_EDGE('',*,*,#1481,.T.);
#2770 = ORIENTED_EDGE('',*,*,#2771,.T.);
#2771 = EDGE_CURVE('',#1474,#2772,#2774,.T.);
#2772 = VERTEX_POINT('',#2773);
#2773 = CARTESIAN_POINT('',(2.15,1.82,0.625));
#2774 = LINE('',#2775,#2776);
#2775 = CARTESIAN_POINT('',(2.15,2.275,0.625));
#2776 = VECTOR('',#2777,1.);
#2777 = DIRECTION('',(1.110223024625E-16,-1.,0.));
#2778 = ORIENTED_EDGE('',*,*,#2779,.T.);
#2779 = EDGE_CURVE('',#2772,#2780,#2782,.T.);
#2780 = VERTEX_POINT('',#2781);
#2781 = CARTESIAN_POINT('',(2.15,1.43,0.625));
#2782 = LINE('',#2783,#2784);
#2783 = CARTESIAN_POINT('',(2.15,2.275,0.625));
#2784 = VECTOR('',#2785,1.);
#2785 = DIRECTION('',(1.110223024625E-16,-1.,0.));
#2786 = ORIENTED_EDGE('',*,*,#2787,.T.);
#2787 = EDGE_CURVE('',#2780,#2788,#2790,.T.);
#2788 = VERTEX_POINT('',#2789);
#2789 = CARTESIAN_POINT('',(2.15,1.17,0.625));
#2790 = LINE('',#2791,#2792);
#2791 = CARTESIAN_POINT('',(2.15,2.275,0.625));
#2792 = VECTOR('',#2793,1.);
#2793 = DIRECTION('',(1.110223024625E-16,-1.,0.));
#2794 = ORIENTED_EDGE('',*,*,#2795,.T.);
#2795 = EDGE_CURVE('',#2788,#2796,#2798,.T.);
#2796 = VERTEX_POINT('',#2797);
#2797 = CARTESIAN_POINT('',(2.15,0.78,0.625));
#2798 = LINE('',#2799,#2800);
#2799 = CARTESIAN_POINT('',(2.15,2.275,0.625));
#2800 = VECTOR('',#2801,1.);
#2801 = DIRECTION('',(1.110223024625E-16,-1.,0.));
#2802 = ORIENTED_EDGE('',*,*,#2803,.T.);
#2803 = EDGE_CURVE('',#2796,#2804,#2806,.T.);
#2804 = VERTEX_POINT('',#2805);
#2805 = CARTESIAN_POINT('',(2.15,0.52,0.625));
#2806 = LINE('',#2807,#2808);
#2807 = CARTESIAN_POINT('',(2.15,2.275,0.625));
#2808 = VECTOR('',#2809,1.);
#2809 = DIRECTION('',(1.110223024625E-16,-1.,0.));
#2810 = ORIENTED_EDGE('',*,*,#2811,.T.);
#2811 = EDGE_CURVE('',#2804,#2812,#2814,.T.);
#2812 = VERTEX_POINT('',#2813);
#2813 = CARTESIAN_POINT('',(2.15,0.13,0.625));
#2814 = LINE('',#2815,#2816);
#2815 = CARTESIAN_POINT('',(2.15,2.275,0.625));
#2816 = VECTOR('',#2817,1.);
#2817 = DIRECTION('',(1.110223024625E-16,-1.,0.));
#2818 = ORIENTED_EDGE('',*,*,#2819,.T.);
#2819 = EDGE_CURVE('',#2812,#2820,#2822,.T.);
#2820 = VERTEX_POINT('',#2821);
#2821 = CARTESIAN_POINT('',(2.15,-0.13,0.625));
#2822 = LINE('',#2823,#2824);
#2823 = CARTESIAN_POINT('',(2.15,2.275,0.625));
#2824 = VECTOR('',#2825,1.);
#2825 = DIRECTION('',(1.110223024625E-16,-1.,0.));
#2826 = ORIENTED_EDGE('',*,*,#2827,.T.);
#2827 = EDGE_CURVE('',#2820,#2828,#2830,.T.);
#2828 = VERTEX_POINT('',#2829);
#2829 = CARTESIAN_POINT('',(2.15,-0.52,0.625));
#2830 = LINE('',#2831,#2832);
#2831 = CARTESIAN_POINT('',(2.15,2.275,0.625));
#2832 = VECTOR('',#2833,1.);
#2833 = DIRECTION('',(1.110223024625E-16,-1.,0.));
#2834 = ORIENTED_EDGE('',*,*,#2835,.T.);
#2835 = EDGE_CURVE('',#2828,#2836,#2838,.T.);
#2836 = VERTEX_POINT('',#2837);
#2837 = CARTESIAN_POINT('',(2.15,-0.78,0.625));
#2838 = LINE('',#2839,#2840);
#2839 = CARTESIAN_POINT('',(2.15,2.275,0.625));
#2840 = VECTOR('',#2841,1.);
#2841 = DIRECTION('',(1.110223024625E-16,-1.,0.));
#2842 = ORIENTED_EDGE('',*,*,#2843,.T.);
#2843 = EDGE_CURVE('',#2836,#2844,#2846,.T.);
#2844 = VERTEX_POINT('',#2845);
#2845 = CARTESIAN_POINT('',(2.15,-1.17,0.625));
#2846 = LINE('',#2847,#2848);
#2847 = CARTESIAN_POINT('',(2.15,2.275,0.625));
#2848 = VECTOR('',#2849,1.);
#2849 = DIRECTION('',(1.110223024625E-16,-1.,0.));
#2850 = ORIENTED_EDGE('',*,*,#2851,.T.);
#2851 = EDGE_CURVE('',#2844,#2852,#2854,.T.);
#2852 = VERTEX_POINT('',#2853);
#2853 = CARTESIAN_POINT('',(2.15,-1.43,0.625));
#2854 = LINE('',#2855,#2856);
#2855 = CARTESIAN_POINT('',(2.15,2.275,0.625));
#2856 = VECTOR('',#2857,1.);
#2857 = DIRECTION('',(1.110223024625E-16,-1.,0.));
#2858 = ORIENTED_EDGE('',*,*,#2859,.T.);
#2859 = EDGE_CURVE('',#2852,#2860,#2862,.T.);
#2860 = VERTEX_POINT('',#2861);
#2861 = CARTESIAN_POINT('',(2.15,-1.82,0.625));
#2862 = LINE('',#2863,#2864);
#2863 = CARTESIAN_POINT('',(2.15,2.275,0.625));
#2864 = VECTOR('',#2865,1.);
#2865 = DIRECTION('',(1.110223024625E-16,-1.,0.));
#2866 = ORIENTED_EDGE('',*,*,#2867,.T.);
#2867 = EDGE_CURVE('',#2860,#2868,#2870,.T.);
#2868 = VERTEX_POINT('',#2869);
#2869 = CARTESIAN_POINT('',(2.15,-2.08,0.625));
#2870 = LINE('',#2871,#2872);
#2871 = CARTESIAN_POINT('',(2.15,2.275,0.625));
#2872 = VECTOR('',#2873,1.);
#2873 = DIRECTION('',(1.110223024625E-16,-1.,0.));
#2874 = ORIENTED_EDGE('',*,*,#2875,.T.);
#2875 = EDGE_CURVE('',#2868,#2876,#2878,.T.);
#2876 = VERTEX_POINT('',#2877);
#2877 = CARTESIAN_POINT('',(2.15,-2.275,0.625));
#2878 = LINE('',#2879,#2880);
#2879 = CARTESIAN_POINT('',(2.15,2.275,0.625));
#2880 = VECTOR('',#2881,1.);
#2881 = DIRECTION('',(1.110223024625E-16,-1.,0.));
#2882 = ORIENTED_EDGE('',*,*,#2883,.T.);
#2883 = EDGE_CURVE('',#2876,#2884,#2886,.T.);
#2884 = VERTEX_POINT('',#2885);
#2885 = CARTESIAN_POINT('',(2.070291289374,-2.235145644687,1.));
#2886 = B_SPLINE_CURVE_WITH_KNOTS('',1,(#2887,#2888),.UNSPECIFIED.,.F.,
  .F.,(2,2),(0.,1.),.PIECEWISE_BEZIER_KNOTS.);
#2887 = CARTESIAN_POINT('',(2.15,-2.275,0.625));
#2888 = CARTESIAN_POINT('',(2.070291289374,-2.235145644687,1.));
#2889 = ORIENTED_EDGE('',*,*,#2890,.F.);
#2890 = EDGE_CURVE('',#2749,#2884,#2891,.T.);
#2891 = LINE('',#2892,#2893);
#2892 = CARTESIAN_POINT('',(2.070291289374,2.235145644687,1.));
#2893 = VECTOR('',#2894,1.);
#2894 = DIRECTION('',(1.110223024625E-16,-1.,0.));
#2895 = ORIENTED_EDGE('',*,*,#2748,.F.);
#2896 = B_SPLINE_SURFACE_WITH_KNOTS('',1,1,(
    (#2897,#2898)
    ,(#2899,#2900
    )),.UNSPECIFIED.,.F.,.F.,.F.,(2,2),(2,2),(0.,4.55),(0.,1.),
  .PIECEWISE_BEZIER_KNOTS.);
#2897 = CARTESIAN_POINT('',(2.15,2.275,0.625));
#2898 = CARTESIAN_POINT('',(2.070291289374,2.235145644687,1.));
#2899 = CARTESIAN_POINT('',(2.15,-2.275,0.625));
#2900 = CARTESIAN_POINT('',(2.070291289374,-2.235145644687,1.));
#2901 = ADVANCED_FACE('',(#2902),#2934,.F.);
#2902 = FACE_BOUND('',#2903,.F.);
#2903 = EDGE_LOOP('',(#2904,#2912,#2920,#2926,#2932,#2933));
#2904 = ORIENTED_EDGE('',*,*,#2905,.F.);
#2905 = EDGE_CURVE('',#2906,#1466,#2908,.T.);
#2906 = VERTEX_POINT('',#2907);
#2907 = CARTESIAN_POINT('',(2.4,2.08,0.625));
#2908 = LINE('',#2909,#2910);
#2909 = CARTESIAN_POINT('',(2.4,2.08,0.625));
#2910 = VECTOR('',#2911,1.);
#2911 = DIRECTION('',(-1.,-1.110223024625E-16,0.));
#2912 = ORIENTED_EDGE('',*,*,#2913,.T.);
#2913 = EDGE_CURVE('',#2906,#2914,#2916,.T.);
#2914 = VERTEX_POINT('',#2915);
#2915 = CARTESIAN_POINT('',(2.4,1.82,0.625));
#2916 = LINE('',#2917,#2918);
#2917 = CARTESIAN_POINT('',(2.4,2.08,0.625));
#2918 = VECTOR('',#2919,1.);
#2919 = DIRECTION('',(1.110223024625E-16,-1.,0.));
#2920 = ORIENTED_EDGE('',*,*,#2921,.T.);
#2921 = EDGE_CURVE('',#2914,#2058,#2922,.T.);
#2922 = LINE('',#2923,#2924);
#2923 = CARTESIAN_POINT('',(2.4,1.82,0.625));
#2924 = VECTOR('',#2925,1.);
#2925 = DIRECTION('',(-1.,-1.110223024625E-16,0.));
#2926 = ORIENTED_EDGE('',*,*,#2927,.T.);
#2927 = EDGE_CURVE('',#2058,#2772,#2928,.T.);
#2928 = LINE('',#2929,#2930);
#2929 = CARTESIAN_POINT('',(2.4,1.82,0.625));
#2930 = VECTOR('',#2931,1.);
#2931 = DIRECTION('',(-1.,-1.110223024625E-16,0.));
#2932 = ORIENTED_EDGE('',*,*,#2771,.F.);
#2933 = ORIENTED_EDGE('',*,*,#1473,.F.);
#2934 = PLANE('',#2935);
#2935 = AXIS2_PLACEMENT_3D('',#2936,#2937,#2938);
#2936 = CARTESIAN_POINT('',(2.4,2.08,0.625));
#2937 = DIRECTION('',(0.,0.,-1.));
#2938 = DIRECTION('',(-1.,-1.110223024625E-16,-0.));
#2939 = ADVANCED_FACE('',(#2940),#2983,.F.);
#2940 = FACE_BOUND('',#2941,.F.);
#2941 = EDGE_LOOP('',(#2942,#2943,#2949,#2950,#2958,#2966,#2972,#2973,
    #2979,#2980,#2981,#2982));
#2942 = ORIENTED_EDGE('',*,*,#1575,.T.);
#2943 = ORIENTED_EDGE('',*,*,#2944,.T.);
#2944 = EDGE_CURVE('',#1568,#2570,#2945,.T.);
#2945 = LINE('',#2946,#2947);
#2946 = CARTESIAN_POINT('',(-2.4,-2.08,0.625));
#2947 = VECTOR('',#2948,1.);
#2948 = DIRECTION('',(1.,-1.144237745222E-17,0.));
#2949 = ORIENTED_EDGE('',*,*,#2567,.F.);
#2950 = ORIENTED_EDGE('',*,*,#2951,.F.);
#2951 = EDGE_CURVE('',#2952,#2568,#2954,.T.);
#2952 = VERTEX_POINT('',#2953);
#2953 = CARTESIAN_POINT('',(-1.975,-2.45,0.625));
#2954 = LINE('',#2955,#2956);
#2955 = CARTESIAN_POINT('',(-1.975,-2.45,0.625));
#2956 = VECTOR('',#2957,1.);
#2957 = DIRECTION('',(-0.707106781187,0.707106781187,0.));
#2958 = ORIENTED_EDGE('',*,*,#2959,.F.);
#2959 = EDGE_CURVE('',#2960,#2952,#2962,.T.);
#2960 = VERTEX_POINT('',#2961);
#2961 = CARTESIAN_POINT('',(1.975,-2.45,0.625));
#2962 = LINE('',#2963,#2964);
#2963 = CARTESIAN_POINT('',(1.975,-2.45,0.625));
#2964 = VECTOR('',#2965,1.);
#2965 = DIRECTION('',(-1.,-1.110223024625E-16,0.));
#2966 = ORIENTED_EDGE('',*,*,#2967,.F.);
#2967 = EDGE_CURVE('',#2876,#2960,#2968,.T.);
#2968 = LINE('',#2969,#2970);
#2969 = CARTESIAN_POINT('',(2.15,-2.275,0.625));
#2970 = VECTOR('',#2971,1.);
#2971 = DIRECTION('',(-0.707106781187,-0.707106781187,0.));
#2972 = ORIENTED_EDGE('',*,*,#2875,.F.);
#2973 = ORIENTED_EDGE('',*,*,#2974,.F.);
#2974 = EDGE_CURVE('',#2430,#2868,#2975,.T.);
#2975 = LINE('',#2976,#2977);
#2976 = CARTESIAN_POINT('',(2.4,-2.08,0.625));
#2977 = VECTOR('',#2978,1.);
#2978 = DIRECTION('',(-1.,-1.110223024625E-16,0.));
#2979 = ORIENTED_EDGE('',*,*,#2445,.T.);
#2980 = ORIENTED_EDGE('',*,*,#2490,.T.);
#2981 = ORIENTED_EDGE('',*,*,#2507,.T.);
#2982 = ORIENTED_EDGE('',*,*,#2461,.T.);
#2983 = PLANE('',#2984);
#2984 = AXIS2_PLACEMENT_3D('',#2985,#2986,#2987);
#2985 = CARTESIAN_POINT('',(-3.188450421961E-18,2.475,0.625));
#2986 = DIRECTION('',(0.,0.,-1.));
#2987 = DIRECTION('',(1.,1.111674977262E-16,0.));
#2988 = ADVANCED_FACE('',(#2989),#3075,.F.);
#2989 = FACE_BOUND('',#2990,.F.);
#2990 = EDGE_LOOP('',(#2991,#2992,#2993,#3002,#3010,#3019,#3027,#3035,
    #3043,#3052,#3060,#3069));
#2991 = ORIENTED_EDGE('',*,*,#1567,.F.);
#2992 = ORIENTED_EDGE('',*,*,#1589,.T.);
#2993 = ORIENTED_EDGE('',*,*,#2994,.T.);
#2994 = EDGE_CURVE('',#1590,#2995,#2997,.T.);
#2995 = VERTEX_POINT('',#2996);
#2996 = CARTESIAN_POINT('',(-2.498480775301,-2.08,0.392364817767));
#2997 = CIRCLE('',#2998,0.1);
#2998 = AXIS2_PLACEMENT_3D('',#2999,#3000,#3001);
#2999 = CARTESIAN_POINT('',(-2.4,-2.08,0.375));
#3000 = DIRECTION('',(-1.144237745222E-17,-1.,4.379057701015E-47));
#3001 = DIRECTION('',(-4.440892098501E-15,5.081436361563E-32,1.));
#3002 = ORIENTED_EDGE('',*,*,#3003,.T.);
#3003 = EDGE_CURVE('',#2995,#3004,#3006,.T.);
#3004 = VERTEX_POINT('',#3005);
#3005 = CARTESIAN_POINT('',(-2.525838934336,-2.08,0.206587955583));
#3006 = LINE('',#3007,#3008);
#3007 = CARTESIAN_POINT('',(-2.498480775301,-2.08,0.392364817767));
#3008 = VECTOR('',#3009,1.);
#3009 = DIRECTION('',(-0.145692235845,1.667065554401E-18,-0.989329961345
    ));
#3010 = ORIENTED_EDGE('',*,*,#3011,.T.);
#3011 = EDGE_CURVE('',#3004,#3012,#3014,.T.);
#3012 = VERTEX_POINT('',#3013);
#3013 = CARTESIAN_POINT('',(-2.772040872589,-2.08,-5.551115123126E-17));
#3014 = CIRCLE('',#3015,0.25);
#3015 = AXIS2_PLACEMENT_3D('',#3016,#3017,#3018);
#3016 = CARTESIAN_POINT('',(-2.772040872589,-2.08,0.25));
#3017 = DIRECTION('',(1.144237745222E-17,1.,3.08148791102E-33));
#3018 = DIRECTION('',(0.984807753012,-1.126854202784E-17,-0.173648177667
    ));
#3019 = ORIENTED_EDGE('',*,*,#3020,.T.);
#3020 = EDGE_CURVE('',#3012,#3021,#3023,.T.);
#3021 = VERTEX_POINT('',#3022);
#3022 = CARTESIAN_POINT('',(-3.2,-2.08,-5.551115123126E-17));
#3023 = LINE('',#3024,#3025);
#3024 = CARTESIAN_POINT('',(-2.772040872589,-2.08,-5.551115123126E-17));
#3025 = VECTOR('',#3026,1.);
#3026 = DIRECTION('',(-1.,1.144237745222E-17,0.));
#3027 = ORIENTED_EDGE('',*,*,#3028,.T.);
#3028 = EDGE_CURVE('',#3021,#3029,#3031,.T.);
#3029 = VERTEX_POINT('',#3030);
#3030 = CARTESIAN_POINT('',(-3.2,-2.08,0.15));
#3031 = LINE('',#3032,#3033);
#3032 = CARTESIAN_POINT('',(-3.2,-2.08,-5.551115123126E-17));
#3033 = VECTOR('',#3034,1.);
#3034 = DIRECTION('',(0.,0.,1.));
#3035 = ORIENTED_EDGE('',*,*,#3036,.T.);
#3036 = EDGE_CURVE('',#3029,#3037,#3039,.T.);
#3037 = VERTEX_POINT('',#3038);
#3038 = CARTESIAN_POINT('',(-2.772040872589,-2.08,0.15));
#3039 = LINE('',#3040,#3041);
#3040 = CARTESIAN_POINT('',(-3.2,-2.08,0.15));
#3041 = VECTOR('',#3042,1.);
#3042 = DIRECTION('',(1.,-1.144237745222E-17,0.));
#3043 = ORIENTED_EDGE('',*,*,#3044,.T.);
#3044 = EDGE_CURVE('',#3037,#3045,#3047,.T.);
#3045 = VERTEX_POINT('',#3046);
#3046 = CARTESIAN_POINT('',(-2.673560097287,-2.08,0.232635182233));
#3047 = CIRCLE('',#3048,0.1);
#3048 = AXIS2_PLACEMENT_3D('',#3049,#3050,#3051);
#3049 = CARTESIAN_POINT('',(-2.772040872589,-2.08,0.25));
#3050 = DIRECTION('',(-1.144237745222E-17,-1.,-0.));
#3051 = DIRECTION('',(0.,0.,-1.));
#3052 = ORIENTED_EDGE('',*,*,#3053,.T.);
#3053 = EDGE_CURVE('',#3045,#3054,#3056,.T.);
#3054 = VERTEX_POINT('',#3055);
#3055 = CARTESIAN_POINT('',(-2.646201938253,-2.08,0.418412044417));
#3056 = LINE('',#3057,#3058);
#3057 = CARTESIAN_POINT('',(-2.673560097287,-2.08,0.232635182233));
#3058 = VECTOR('',#3059,1.);
#3059 = DIRECTION('',(0.145692235845,-1.667065554401E-18,0.989329961345)
  );
#3060 = ORIENTED_EDGE('',*,*,#3061,.T.);
#3061 = EDGE_CURVE('',#3054,#3062,#3064,.T.);
#3062 = VERTEX_POINT('',#3063);
#3063 = CARTESIAN_POINT('',(-2.4,-2.08,0.625));
#3064 = CIRCLE('',#3065,0.25);
#3065 = AXIS2_PLACEMENT_3D('',#3066,#3067,#3068);
#3066 = CARTESIAN_POINT('',(-2.4,-2.08,0.375));
#3067 = DIRECTION('',(1.144237745222E-17,1.,-3.851859888774E-34));
#3068 = DIRECTION('',(-0.984807753012,1.126854202784E-17,0.173648177667)
  );
#3069 = ORIENTED_EDGE('',*,*,#3070,.T.);
#3070 = EDGE_CURVE('',#3062,#1568,#3071,.T.);
#3071 = LINE('',#3072,#3073);
#3072 = CARTESIAN_POINT('',(-2.4,-2.08,0.625));
#3073 = VECTOR('',#3074,1.);
#3074 = DIRECTION('',(1.,-1.144237745222E-17,0.));
#3075 = PLANE('',#3076);
#3076 = AXIS2_PLACEMENT_3D('',#3077,#3078,#3079);
#3077 = CARTESIAN_POINT('',(-2.637615762047,-2.08,0.292893776214));
#3078 = DIRECTION('',(1.144237745222E-17,1.,0.));
#3079 = DIRECTION('',(0.,-0.,1.));
#3080 = ADVANCED_FACE('',(#3081),#3100,.F.);
#3081 = FACE_BOUND('',#3082,.F.);
#3082 = EDGE_LOOP('',(#3083,#3084,#3093,#3099));
#3083 = ORIENTED_EDGE('',*,*,#1606,.T.);
#3084 = ORIENTED_EDGE('',*,*,#3085,.T.);
#3085 = EDGE_CURVE('',#1599,#3086,#3088,.T.);
#3086 = VERTEX_POINT('',#3087);
#3087 = CARTESIAN_POINT('',(-2.498480775301,-1.82,0.392364817767));
#3088 = CIRCLE('',#3089,0.1);
#3089 = AXIS2_PLACEMENT_3D('',#3090,#3091,#3092);
#3090 = CARTESIAN_POINT('',(-2.4,-1.82,0.375));
#3091 = DIRECTION('',(-1.144237745222E-17,-1.,4.379057701015E-47));
#3092 = DIRECTION('',(-4.440892098501E-15,5.081436361563E-32,1.));
#3093 = ORIENTED_EDGE('',*,*,#3094,.F.);
#3094 = EDGE_CURVE('',#2995,#3086,#3095,.T.);
#3095 = LINE('',#3096,#3097);
#3096 = CARTESIAN_POINT('',(-2.498480775301,-2.08,0.392364817767));
#3097 = VECTOR('',#3098,1.);
#3098 = DIRECTION('',(1.144237745222E-17,1.,0.));
#3099 = ORIENTED_EDGE('',*,*,#2994,.F.);
#3100 = CYLINDRICAL_SURFACE('',#3101,0.1);
#3101 = AXIS2_PLACEMENT_3D('',#3102,#3103,#3104);
#3102 = CARTESIAN_POINT('',(-2.4,-2.08,0.375));
#3103 = DIRECTION('',(-1.144237745222E-17,-1.,0.));
#3104 = DIRECTION('',(-4.440892098501E-15,5.081436361563E-32,1.));
#3105 = ADVANCED_FACE('',(#3106),#3184,.T.);
#3106 = FACE_BOUND('',#3107,.T.);
#3107 = EDGE_LOOP('',(#3108,#3109,#3110,#3111,#3119,#3128,#3136,#3144,
    #3152,#3161,#3169,#3178));
#3108 = ORIENTED_EDGE('',*,*,#1620,.F.);
#3109 = ORIENTED_EDGE('',*,*,#1598,.T.);
#3110 = ORIENTED_EDGE('',*,*,#3085,.T.);
#3111 = ORIENTED_EDGE('',*,*,#3112,.T.);
#3112 = EDGE_CURVE('',#3086,#3113,#3115,.T.);
#3113 = VERTEX_POINT('',#3114);
#3114 = CARTESIAN_POINT('',(-2.525838934336,-1.82,0.206587955583));
#3115 = LINE('',#3116,#3117);
#3116 = CARTESIAN_POINT('',(-2.498480775301,-1.82,0.392364817767));
#3117 = VECTOR('',#3118,1.);
#3118 = DIRECTION('',(-0.145692235845,1.667065554401E-18,-0.989329961345
    ));
#3119 = ORIENTED_EDGE('',*,*,#3120,.T.);
#3120 = EDGE_CURVE('',#3113,#3121,#3123,.T.);
#3121 = VERTEX_POINT('',#3122);
#3122 = CARTESIAN_POINT('',(-2.772040872589,-1.82,-5.551115123126E-17));
#3123 = CIRCLE('',#3124,0.25);
#3124 = AXIS2_PLACEMENT_3D('',#3125,#3126,#3127);
#3125 = CARTESIAN_POINT('',(-2.772040872589,-1.82,0.25));
#3126 = DIRECTION('',(1.144237745222E-17,1.,3.08148791102E-33));
#3127 = DIRECTION('',(0.984807753012,-1.126854202784E-17,-0.173648177667
    ));
#3128 = ORIENTED_EDGE('',*,*,#3129,.T.);
#3129 = EDGE_CURVE('',#3121,#3130,#3132,.T.);
#3130 = VERTEX_POINT('',#3131);
#3131 = CARTESIAN_POINT('',(-3.2,-1.82,-5.551115123126E-17));
#3132 = LINE('',#3133,#3134);
#3133 = CARTESIAN_POINT('',(-2.772040872589,-1.82,-5.551115123126E-17));
#3134 = VECTOR('',#3135,1.);
#3135 = DIRECTION('',(-1.,1.144237745222E-17,0.));
#3136 = ORIENTED_EDGE('',*,*,#3137,.T.);
#3137 = EDGE_CURVE('',#3130,#3138,#3140,.T.);
#3138 = VERTEX_POINT('',#3139);
#3139 = CARTESIAN_POINT('',(-3.2,-1.82,0.15));
#3140 = LINE('',#3141,#3142);
#3141 = CARTESIAN_POINT('',(-3.2,-1.82,-5.551115123126E-17));
#3142 = VECTOR('',#3143,1.);
#3143 = DIRECTION('',(0.,0.,1.));
#3144 = ORIENTED_EDGE('',*,*,#3145,.T.);
#3145 = EDGE_CURVE('',#3138,#3146,#3148,.T.);
#3146 = VERTEX_POINT('',#3147);
#3147 = CARTESIAN_POINT('',(-2.772040872589,-1.82,0.15));
#3148 = LINE('',#3149,#3150);
#3149 = CARTESIAN_POINT('',(-3.2,-1.82,0.15));
#3150 = VECTOR('',#3151,1.);
#3151 = DIRECTION('',(1.,-1.144237745222E-17,0.));
#3152 = ORIENTED_EDGE('',*,*,#3153,.T.);
#3153 = EDGE_CURVE('',#3146,#3154,#3156,.T.);
#3154 = VERTEX_POINT('',#3155);
#3155 = CARTESIAN_POINT('',(-2.673560097287,-1.82,0.232635182233));
#3156 = CIRCLE('',#3157,0.1);
#3157 = AXIS2_PLACEMENT_3D('',#3158,#3159,#3160);
#3158 = CARTESIAN_POINT('',(-2.772040872589,-1.82,0.25));
#3159 = DIRECTION('',(-1.144237745222E-17,-1.,-0.));
#3160 = DIRECTION('',(0.,0.,-1.));
#3161 = ORIENTED_EDGE('',*,*,#3162,.T.);
#3162 = EDGE_CURVE('',#3154,#3163,#3165,.T.);
#3163 = VERTEX_POINT('',#3164);
#3164 = CARTESIAN_POINT('',(-2.646201938253,-1.82,0.418412044417));
#3165 = LINE('',#3166,#3167);
#3166 = CARTESIAN_POINT('',(-2.673560097287,-1.82,0.232635182233));
#3167 = VECTOR('',#3168,1.);
#3168 = DIRECTION('',(0.145692235845,-1.667065554401E-18,0.989329961345)
  );
#3169 = ORIENTED_EDGE('',*,*,#3170,.T.);
#3170 = EDGE_CURVE('',#3163,#3171,#3173,.T.);
#3171 = VERTEX_POINT('',#3172);
#3172 = CARTESIAN_POINT('',(-2.4,-1.82,0.625));
#3173 = CIRCLE('',#3174,0.25);
#3174 = AXIS2_PLACEMENT_3D('',#3175,#3176,#3177);
#3175 = CARTESIAN_POINT('',(-2.4,-1.82,0.375));
#3176 = DIRECTION('',(1.144237745222E-17,1.,-3.851859888774E-34));
#3177 = DIRECTION('',(-0.984807753012,1.126854202784E-17,0.173648177667)
  );
#3178 = ORIENTED_EDGE('',*,*,#3179,.T.);
#3179 = EDGE_CURVE('',#3171,#1621,#3180,.T.);
#3180 = LINE('',#3181,#3182);
#3181 = CARTESIAN_POINT('',(-2.4,-1.82,0.625));
#3182 = VECTOR('',#3183,1.);
#3183 = DIRECTION('',(1.,-1.144237745222E-17,0.));
#3184 = PLANE('',#3185);
#3185 = AXIS2_PLACEMENT_3D('',#3186,#3187,#3188);
#3186 = CARTESIAN_POINT('',(-2.637615762047,-1.82,0.292893776214));
#3187 = DIRECTION('',(1.144237745222E-17,1.,0.));
#3188 = DIRECTION('',(0.,-0.,1.));
#3189 = ADVANCED_FACE('',(#3190),#3206,.F.);
#3190 = FACE_BOUND('',#3191,.F.);
#3191 = EDGE_LOOP('',(#3192,#3193,#3199,#3200));
#3192 = ORIENTED_EDGE('',*,*,#1637,.T.);
#3193 = ORIENTED_EDGE('',*,*,#3194,.T.);
#3194 = EDGE_CURVE('',#1630,#2586,#3195,.T.);
#3195 = LINE('',#3196,#3197);
#3196 = CARTESIAN_POINT('',(-2.4,-1.43,0.625));
#3197 = VECTOR('',#3198,1.);
#3198 = DIRECTION('',(1.,-1.144237745222E-17,0.));
#3199 = ORIENTED_EDGE('',*,*,#2585,.F.);
#3200 = ORIENTED_EDGE('',*,*,#3201,.F.);
#3201 = EDGE_CURVE('',#1621,#2578,#3202,.T.);
#3202 = LINE('',#3203,#3204);
#3203 = CARTESIAN_POINT('',(-2.4,-1.82,0.625));
#3204 = VECTOR('',#3205,1.);
#3205 = DIRECTION('',(1.,-1.144237745222E-17,0.));
#3206 = PLANE('',#3207);
#3207 = AXIS2_PLACEMENT_3D('',#3208,#3209,#3210);
#3208 = CARTESIAN_POINT('',(-3.188450421961E-18,2.475,0.625));
#3209 = DIRECTION('',(0.,0.,-1.));
#3210 = DIRECTION('',(1.,1.111674977262E-16,0.));
#3211 = ADVANCED_FACE('',(#3212),#3298,.F.);
#3212 = FACE_BOUND('',#3213,.F.);
#3213 = EDGE_LOOP('',(#3214,#3215,#3216,#3225,#3233,#3242,#3250,#3258,
    #3266,#3275,#3283,#3292));
#3214 = ORIENTED_EDGE('',*,*,#1629,.F.);
#3215 = ORIENTED_EDGE('',*,*,#1651,.T.);
#3216 = ORIENTED_EDGE('',*,*,#3217,.T.);
#3217 = EDGE_CURVE('',#1652,#3218,#3220,.T.);
#3218 = VERTEX_POINT('',#3219);
#3219 = CARTESIAN_POINT('',(-2.498480775301,-1.43,0.392364817767));
#3220 = CIRCLE('',#3221,0.1);
#3221 = AXIS2_PLACEMENT_3D('',#3222,#3223,#3224);
#3222 = CARTESIAN_POINT('',(-2.4,-1.43,0.375));
#3223 = DIRECTION('',(-1.144237745222E-17,-1.,4.379057701015E-47));
#3224 = DIRECTION('',(-4.440892098501E-15,5.081436361563E-32,1.));
#3225 = ORIENTED_EDGE('',*,*,#3226,.T.);
#3226 = EDGE_CURVE('',#3218,#3227,#3229,.T.);
#3227 = VERTEX_POINT('',#3228);
#3228 = CARTESIAN_POINT('',(-2.525838934336,-1.43,0.206587955583));
#3229 = LINE('',#3230,#3231);
#3230 = CARTESIAN_POINT('',(-2.498480775301,-1.43,0.392364817767));
#3231 = VECTOR('',#3232,1.);
#3232 = DIRECTION('',(-0.145692235845,1.667065554401E-18,-0.989329961345
    ));
#3233 = ORIENTED_EDGE('',*,*,#3234,.T.);
#3234 = EDGE_CURVE('',#3227,#3235,#3237,.T.);
#3235 = VERTEX_POINT('',#3236);
#3236 = CARTESIAN_POINT('',(-2.772040872589,-1.43,-5.551115123126E-17));
#3237 = CIRCLE('',#3238,0.25);
#3238 = AXIS2_PLACEMENT_3D('',#3239,#3240,#3241);
#3239 = CARTESIAN_POINT('',(-2.772040872589,-1.43,0.25));
#3240 = DIRECTION('',(1.144237745222E-17,1.,3.08148791102E-33));
#3241 = DIRECTION('',(0.984807753012,-1.126854202784E-17,-0.173648177667
    ));
#3242 = ORIENTED_EDGE('',*,*,#3243,.T.);
#3243 = EDGE_CURVE('',#3235,#3244,#3246,.T.);
#3244 = VERTEX_POINT('',#3245);
#3245 = CARTESIAN_POINT('',(-3.2,-1.43,-5.551115123126E-17));
#3246 = LINE('',#3247,#3248);
#3247 = CARTESIAN_POINT('',(-2.772040872589,-1.43,-5.551115123126E-17));
#3248 = VECTOR('',#3249,1.);
#3249 = DIRECTION('',(-1.,1.144237745222E-17,0.));
#3250 = ORIENTED_EDGE('',*,*,#3251,.T.);
#3251 = EDGE_CURVE('',#3244,#3252,#3254,.T.);
#3252 = VERTEX_POINT('',#3253);
#3253 = CARTESIAN_POINT('',(-3.2,-1.43,0.15));
#3254 = LINE('',#3255,#3256);
#3255 = CARTESIAN_POINT('',(-3.2,-1.43,-5.551115123126E-17));
#3256 = VECTOR('',#3257,1.);
#3257 = DIRECTION('',(0.,0.,1.));
#3258 = ORIENTED_EDGE('',*,*,#3259,.T.);
#3259 = EDGE_CURVE('',#3252,#3260,#3262,.T.);
#3260 = VERTEX_POINT('',#3261);
#3261 = CARTESIAN_POINT('',(-2.772040872589,-1.43,0.15));
#3262 = LINE('',#3263,#3264);
#3263 = CARTESIAN_POINT('',(-3.2,-1.43,0.15));
#3264 = VECTOR('',#3265,1.);
#3265 = DIRECTION('',(1.,-1.144237745222E-17,0.));
#3266 = ORIENTED_EDGE('',*,*,#3267,.T.);
#3267 = EDGE_CURVE('',#3260,#3268,#3270,.T.);
#3268 = VERTEX_POINT('',#3269);
#3269 = CARTESIAN_POINT('',(-2.673560097287,-1.43,0.232635182233));
#3270 = CIRCLE('',#3271,0.1);
#3271 = AXIS2_PLACEMENT_3D('',#3272,#3273,#3274);
#3272 = CARTESIAN_POINT('',(-2.772040872589,-1.43,0.25));
#3273 = DIRECTION('',(-1.144237745222E-17,-1.,-0.));
#3274 = DIRECTION('',(0.,0.,-1.));
#3275 = ORIENTED_EDGE('',*,*,#3276,.T.);
#3276 = EDGE_CURVE('',#3268,#3277,#3279,.T.);
#3277 = VERTEX_POINT('',#3278);
#3278 = CARTESIAN_POINT('',(-2.646201938253,-1.43,0.418412044417));
#3279 = LINE('',#3280,#3281);
#3280 = CARTESIAN_POINT('',(-2.673560097287,-1.43,0.232635182233));
#3281 = VECTOR('',#3282,1.);
#3282 = DIRECTION('',(0.145692235845,-1.667065554401E-18,0.989329961345)
  );
#3283 = ORIENTED_EDGE('',*,*,#3284,.T.);
#3284 = EDGE_CURVE('',#3277,#3285,#3287,.T.);
#3285 = VERTEX_POINT('',#3286);
#3286 = CARTESIAN_POINT('',(-2.4,-1.43,0.625));
#3287 = CIRCLE('',#3288,0.25);
#3288 = AXIS2_PLACEMENT_3D('',#3289,#3290,#3291);
#3289 = CARTESIAN_POINT('',(-2.4,-1.43,0.375));
#3290 = DIRECTION('',(1.144237745222E-17,1.,-3.851859888774E-34));
#3291 = DIRECTION('',(-0.984807753012,1.126854202784E-17,0.173648177667)
  );
#3292 = ORIENTED_EDGE('',*,*,#3293,.T.);
#3293 = EDGE_CURVE('',#3285,#1630,#3294,.T.);
#3294 = LINE('',#3295,#3296);
#3295 = CARTESIAN_POINT('',(-2.4,-1.43,0.625));
#3296 = VECTOR('',#3297,1.);
#3297 = DIRECTION('',(1.,-1.144237745222E-17,0.));
#3298 = PLANE('',#3299);
#3299 = AXIS2_PLACEMENT_3D('',#3300,#3301,#3302);
#3300 = CARTESIAN_POINT('',(-2.637615762047,-1.43,0.292893776214));
#3301 = DIRECTION('',(1.144237745222E-17,1.,0.));
#3302 = DIRECTION('',(0.,-0.,1.));
#3303 = ADVANCED_FACE('',(#3304),#3323,.F.);
#3304 = FACE_BOUND('',#3305,.F.);
#3305 = EDGE_LOOP('',(#3306,#3307,#3316,#3322));
#3306 = ORIENTED_EDGE('',*,*,#1668,.T.);
#3307 = ORIENTED_EDGE('',*,*,#3308,.T.);
#3308 = EDGE_CURVE('',#1661,#3309,#3311,.T.);
#3309 = VERTEX_POINT('',#3310);
#3310 = CARTESIAN_POINT('',(-2.498480775301,-1.17,0.392364817767));
#3311 = CIRCLE('',#3312,0.1);
#3312 = AXIS2_PLACEMENT_3D('',#3313,#3314,#3315);
#3313 = CARTESIAN_POINT('',(-2.4,-1.17,0.375));
#3314 = DIRECTION('',(-1.144237745222E-17,-1.,4.379057701015E-47));
#3315 = DIRECTION('',(-4.440892098501E-15,5.081436361563E-32,1.));
#3316 = ORIENTED_EDGE('',*,*,#3317,.F.);
#3317 = EDGE_CURVE('',#3218,#3309,#3318,.T.);
#3318 = LINE('',#3319,#3320);
#3319 = CARTESIAN_POINT('',(-2.498480775301,-1.43,0.392364817767));
#3320 = VECTOR('',#3321,1.);
#3321 = DIRECTION('',(1.144237745222E-17,1.,0.));
#3322 = ORIENTED_EDGE('',*,*,#3217,.F.);
#3323 = CYLINDRICAL_SURFACE('',#3324,0.1);
#3324 = AXIS2_PLACEMENT_3D('',#3325,#3326,#3327);
#3325 = CARTESIAN_POINT('',(-2.4,-1.43,0.375));
#3326 = DIRECTION('',(-1.144237745222E-17,-1.,0.));
#3327 = DIRECTION('',(-4.440892098501E-15,5.081436361563E-32,1.));
#3328 = ADVANCED_FACE('',(#3329),#3407,.T.);
#3329 = FACE_BOUND('',#3330,.T.);
#3330 = EDGE_LOOP('',(#3331,#3332,#3333,#3334,#3342,#3351,#3359,#3367,
    #3375,#3384,#3392,#3401));
#3331 = ORIENTED_EDGE('',*,*,#1682,.F.);
#3332 = ORIENTED_EDGE('',*,*,#1660,.T.);
#3333 = ORIENTED_EDGE('',*,*,#3308,.T.);
#3334 = ORIENTED_EDGE('',*,*,#3335,.T.);
#3335 = EDGE_CURVE('',#3309,#3336,#3338,.T.);
#3336 = VERTEX_POINT('',#3337);
#3337 = CARTESIAN_POINT('',(-2.525838934336,-1.17,0.206587955583));
#3338 = LINE('',#3339,#3340);
#3339 = CARTESIAN_POINT('',(-2.498480775301,-1.17,0.392364817767));
#3340 = VECTOR('',#3341,1.);
#3341 = DIRECTION('',(-0.145692235845,1.667065554401E-18,-0.989329961345
    ));
#3342 = ORIENTED_EDGE('',*,*,#3343,.T.);
#3343 = EDGE_CURVE('',#3336,#3344,#3346,.T.);
#3344 = VERTEX_POINT('',#3345);
#3345 = CARTESIAN_POINT('',(-2.772040872589,-1.17,-5.551115123126E-17));
#3346 = CIRCLE('',#3347,0.25);
#3347 = AXIS2_PLACEMENT_3D('',#3348,#3349,#3350);
#3348 = CARTESIAN_POINT('',(-2.772040872589,-1.17,0.25));
#3349 = DIRECTION('',(1.144237745222E-17,1.,3.08148791102E-33));
#3350 = DIRECTION('',(0.984807753012,-1.126854202784E-17,-0.173648177667
    ));
#3351 = ORIENTED_EDGE('',*,*,#3352,.T.);
#3352 = EDGE_CURVE('',#3344,#3353,#3355,.T.);
#3353 = VERTEX_POINT('',#3354);
#3354 = CARTESIAN_POINT('',(-3.2,-1.17,-5.551115123126E-17));
#3355 = LINE('',#3356,#3357);
#3356 = CARTESIAN_POINT('',(-2.772040872589,-1.17,-5.551115123126E-17));
#3357 = VECTOR('',#3358,1.);
#3358 = DIRECTION('',(-1.,1.144237745222E-17,0.));
#3359 = ORIENTED_EDGE('',*,*,#3360,.T.);
#3360 = EDGE_CURVE('',#3353,#3361,#3363,.T.);
#3361 = VERTEX_POINT('',#3362);
#3362 = CARTESIAN_POINT('',(-3.2,-1.17,0.15));
#3363 = LINE('',#3364,#3365);
#3364 = CARTESIAN_POINT('',(-3.2,-1.17,-5.551115123126E-17));
#3365 = VECTOR('',#3366,1.);
#3366 = DIRECTION('',(0.,0.,1.));
#3367 = ORIENTED_EDGE('',*,*,#3368,.T.);
#3368 = EDGE_CURVE('',#3361,#3369,#3371,.T.);
#3369 = VERTEX_POINT('',#3370);
#3370 = CARTESIAN_POINT('',(-2.772040872589,-1.17,0.15));
#3371 = LINE('',#3372,#3373);
#3372 = CARTESIAN_POINT('',(-3.2,-1.17,0.15));
#3373 = VECTOR('',#3374,1.);
#3374 = DIRECTION('',(1.,-1.144237745222E-17,0.));
#3375 = ORIENTED_EDGE('',*,*,#3376,.T.);
#3376 = EDGE_CURVE('',#3369,#3377,#3379,.T.);
#3377 = VERTEX_POINT('',#3378);
#3378 = CARTESIAN_POINT('',(-2.673560097287,-1.17,0.232635182233));
#3379 = CIRCLE('',#3380,0.1);
#3380 = AXIS2_PLACEMENT_3D('',#3381,#3382,#3383);
#3381 = CARTESIAN_POINT('',(-2.772040872589,-1.17,0.25));
#3382 = DIRECTION('',(-1.144237745222E-17,-1.,-0.));
#3383 = DIRECTION('',(0.,0.,-1.));
#3384 = ORIENTED_EDGE('',*,*,#3385,.T.);
#3385 = EDGE_CURVE('',#3377,#3386,#3388,.T.);
#3386 = VERTEX_POINT('',#3387);
#3387 = CARTESIAN_POINT('',(-2.646201938253,-1.17,0.418412044417));
#3388 = LINE('',#3389,#3390);
#3389 = CARTESIAN_POINT('',(-2.673560097287,-1.17,0.232635182233));
#3390 = VECTOR('',#3391,1.);
#3391 = DIRECTION('',(0.145692235845,-1.667065554401E-18,0.989329961345)
  );
#3392 = ORIENTED_EDGE('',*,*,#3393,.T.);
#3393 = EDGE_CURVE('',#3386,#3394,#3396,.T.);
#3394 = VERTEX_POINT('',#3395);
#3395 = CARTESIAN_POINT('',(-2.4,-1.17,0.625));
#3396 = CIRCLE('',#3397,0.25);
#3397 = AXIS2_PLACEMENT_3D('',#3398,#3399,#3400);
#3398 = CARTESIAN_POINT('',(-2.4,-1.17,0.375));
#3399 = DIRECTION('',(1.144237745222E-17,1.,-3.851859888774E-34));
#3400 = DIRECTION('',(-0.984807753012,1.126854202784E-17,0.173648177667)
  );
#3401 = ORIENTED_EDGE('',*,*,#3402,.T.);
#3402 = EDGE_CURVE('',#3394,#1683,#3403,.T.);
#3403 = LINE('',#3404,#3405);
#3404 = CARTESIAN_POINT('',(-2.4,-1.17,0.625));
#3405 = VECTOR('',#3406,1.);
#3406 = DIRECTION('',(1.,-1.144237745222E-17,0.));
#3407 = PLANE('',#3408);
#3408 = AXIS2_PLACEMENT_3D('',#3409,#3410,#3411);
#3409 = CARTESIAN_POINT('',(-2.637615762047,-1.17,0.292893776214));
#3410 = DIRECTION('',(1.144237745222E-17,1.,0.));
#3411 = DIRECTION('',(0.,-0.,1.));
#3412 = ADVANCED_FACE('',(#3413),#3429,.F.);
#3413 = FACE_BOUND('',#3414,.F.);
#3414 = EDGE_LOOP('',(#3415,#3416,#3422,#3423));
#3415 = ORIENTED_EDGE('',*,*,#1699,.T.);
#3416 = ORIENTED_EDGE('',*,*,#3417,.T.);
#3417 = EDGE_CURVE('',#1692,#2602,#3418,.T.);
#3418 = LINE('',#3419,#3420);
#3419 = CARTESIAN_POINT('',(-2.4,-0.78,0.625));
#3420 = VECTOR('',#3421,1.);
#3421 = DIRECTION('',(1.,-1.144237745222E-17,0.));
#3422 = ORIENTED_EDGE('',*,*,#2601,.F.);
#3423 = ORIENTED_EDGE('',*,*,#3424,.F.);
#3424 = EDGE_CURVE('',#1683,#2594,#3425,.T.);
#3425 = LINE('',#3426,#3427);
#3426 = CARTESIAN_POINT('',(-2.4,-1.17,0.625));
#3427 = VECTOR('',#3428,1.);
#3428 = DIRECTION('',(1.,-1.144237745222E-17,0.));
#3429 = PLANE('',#3430);
#3430 = AXIS2_PLACEMENT_3D('',#3431,#3432,#3433);
#3431 = CARTESIAN_POINT('',(-3.188450421961E-18,2.475,0.625));
#3432 = DIRECTION('',(0.,0.,-1.));
#3433 = DIRECTION('',(1.,1.111674977262E-16,0.));
#3434 = ADVANCED_FACE('',(#3435),#3521,.F.);
#3435 = FACE_BOUND('',#3436,.F.);
#3436 = EDGE_LOOP('',(#3437,#3438,#3439,#3448,#3456,#3465,#3473,#3481,
    #3489,#3498,#3506,#3515));
#3437 = ORIENTED_EDGE('',*,*,#1691,.F.);
#3438 = ORIENTED_EDGE('',*,*,#1713,.T.);
#3439 = ORIENTED_EDGE('',*,*,#3440,.T.);
#3440 = EDGE_CURVE('',#1714,#3441,#3443,.T.);
#3441 = VERTEX_POINT('',#3442);
#3442 = CARTESIAN_POINT('',(-2.498480775301,-0.78,0.392364817767));
#3443 = CIRCLE('',#3444,0.1);
#3444 = AXIS2_PLACEMENT_3D('',#3445,#3446,#3447);
#3445 = CARTESIAN_POINT('',(-2.4,-0.78,0.375));
#3446 = DIRECTION('',(-1.144237745222E-17,-1.,4.379057701015E-47));
#3447 = DIRECTION('',(-4.440892098501E-15,5.081436361563E-32,1.));
#3448 = ORIENTED_EDGE('',*,*,#3449,.T.);
#3449 = EDGE_CURVE('',#3441,#3450,#3452,.T.);
#3450 = VERTEX_POINT('',#3451);
#3451 = CARTESIAN_POINT('',(-2.525838934336,-0.78,0.206587955583));
#3452 = LINE('',#3453,#3454);
#3453 = CARTESIAN_POINT('',(-2.498480775301,-0.78,0.392364817767));
#3454 = VECTOR('',#3455,1.);
#3455 = DIRECTION('',(-0.145692235845,1.667065554401E-18,-0.989329961345
    ));
#3456 = ORIENTED_EDGE('',*,*,#3457,.T.);
#3457 = EDGE_CURVE('',#3450,#3458,#3460,.T.);
#3458 = VERTEX_POINT('',#3459);
#3459 = CARTESIAN_POINT('',(-2.772040872589,-0.78,-5.551115123126E-17));
#3460 = CIRCLE('',#3461,0.25);
#3461 = AXIS2_PLACEMENT_3D('',#3462,#3463,#3464);
#3462 = CARTESIAN_POINT('',(-2.772040872589,-0.78,0.25));
#3463 = DIRECTION('',(1.144237745222E-17,1.,3.08148791102E-33));
#3464 = DIRECTION('',(0.984807753012,-1.126854202784E-17,-0.173648177667
    ));
#3465 = ORIENTED_EDGE('',*,*,#3466,.T.);
#3466 = EDGE_CURVE('',#3458,#3467,#3469,.T.);
#3467 = VERTEX_POINT('',#3468);
#3468 = CARTESIAN_POINT('',(-3.2,-0.78,-5.551115123126E-17));
#3469 = LINE('',#3470,#3471);
#3470 = CARTESIAN_POINT('',(-2.772040872589,-0.78,-5.551115123126E-17));
#3471 = VECTOR('',#3472,1.);
#3472 = DIRECTION('',(-1.,1.144237745222E-17,0.));
#3473 = ORIENTED_EDGE('',*,*,#3474,.T.);
#3474 = EDGE_CURVE('',#3467,#3475,#3477,.T.);
#3475 = VERTEX_POINT('',#3476);
#3476 = CARTESIAN_POINT('',(-3.2,-0.78,0.15));
#3477 = LINE('',#3478,#3479);
#3478 = CARTESIAN_POINT('',(-3.2,-0.78,-5.551115123126E-17));
#3479 = VECTOR('',#3480,1.);
#3480 = DIRECTION('',(0.,0.,1.));
#3481 = ORIENTED_EDGE('',*,*,#3482,.T.);
#3482 = EDGE_CURVE('',#3475,#3483,#3485,.T.);
#3483 = VERTEX_POINT('',#3484);
#3484 = CARTESIAN_POINT('',(-2.772040872589,-0.78,0.15));
#3485 = LINE('',#3486,#3487);
#3486 = CARTESIAN_POINT('',(-3.2,-0.78,0.15));
#3487 = VECTOR('',#3488,1.);
#3488 = DIRECTION('',(1.,-1.144237745222E-17,0.));
#3489 = ORIENTED_EDGE('',*,*,#3490,.T.);
#3490 = EDGE_CURVE('',#3483,#3491,#3493,.T.);
#3491 = VERTEX_POINT('',#3492);
#3492 = CARTESIAN_POINT('',(-2.673560097287,-0.78,0.232635182233));
#3493 = CIRCLE('',#3494,0.1);
#3494 = AXIS2_PLACEMENT_3D('',#3495,#3496,#3497);
#3495 = CARTESIAN_POINT('',(-2.772040872589,-0.78,0.25));
#3496 = DIRECTION('',(-1.144237745222E-17,-1.,-0.));
#3497 = DIRECTION('',(0.,0.,-1.));
#3498 = ORIENTED_EDGE('',*,*,#3499,.T.);
#3499 = EDGE_CURVE('',#3491,#3500,#3502,.T.);
#3500 = VERTEX_POINT('',#3501);
#3501 = CARTESIAN_POINT('',(-2.646201938253,-0.78,0.418412044417));
#3502 = LINE('',#3503,#3504);
#3503 = CARTESIAN_POINT('',(-2.673560097287,-0.78,0.232635182233));
#3504 = VECTOR('',#3505,1.);
#3505 = DIRECTION('',(0.145692235845,-1.667065554401E-18,0.989329961345)
  );
#3506 = ORIENTED_EDGE('',*,*,#3507,.T.);
#3507 = EDGE_CURVE('',#3500,#3508,#3510,.T.);
#3508 = VERTEX_POINT('',#3509);
#3509 = CARTESIAN_POINT('',(-2.4,-0.78,0.625));
#3510 = CIRCLE('',#3511,0.25);
#3511 = AXIS2_PLACEMENT_3D('',#3512,#3513,#3514);
#3512 = CARTESIAN_POINT('',(-2.4,-0.78,0.375));
#3513 = DIRECTION('',(1.144237745222E-17,1.,-3.851859888774E-34));
#3514 = DIRECTION('',(-0.984807753012,1.126854202784E-17,0.173648177667)
  );
#3515 = ORIENTED_EDGE('',*,*,#3516,.T.);
#3516 = EDGE_CURVE('',#3508,#1692,#3517,.T.);
#3517 = LINE('',#3518,#3519);
#3518 = CARTESIAN_POINT('',(-2.4,-0.78,0.625));
#3519 = VECTOR('',#3520,1.);
#3520 = DIRECTION('',(1.,-1.144237745222E-17,0.));
#3521 = PLANE('',#3522);
#3522 = AXIS2_PLACEMENT_3D('',#3523,#3524,#3525);
#3523 = CARTESIAN_POINT('',(-2.637615762047,-0.78,0.292893776214));
#3524 = DIRECTION('',(1.144237745222E-17,1.,0.));
#3525 = DIRECTION('',(0.,-0.,1.));
#3526 = ADVANCED_FACE('',(#3527),#3546,.F.);
#3527 = FACE_BOUND('',#3528,.F.);
#3528 = EDGE_LOOP('',(#3529,#3530,#3539,#3545));
#3529 = ORIENTED_EDGE('',*,*,#1730,.T.);
#3530 = ORIENTED_EDGE('',*,*,#3531,.T.);
#3531 = EDGE_CURVE('',#1723,#3532,#3534,.T.);
#3532 = VERTEX_POINT('',#3533);
#3533 = CARTESIAN_POINT('',(-2.498480775301,-0.52,0.392364817767));
#3534 = CIRCLE('',#3535,0.1);
#3535 = AXIS2_PLACEMENT_3D('',#3536,#3537,#3538);
#3536 = CARTESIAN_POINT('',(-2.4,-0.52,0.375));
#3537 = DIRECTION('',(-1.144237745222E-17,-1.,4.379057701015E-47));
#3538 = DIRECTION('',(-4.440892098501E-15,5.081436361563E-32,1.));
#3539 = ORIENTED_EDGE('',*,*,#3540,.F.);
#3540 = EDGE_CURVE('',#3441,#3532,#3541,.T.);
#3541 = LINE('',#3542,#3543);
#3542 = CARTESIAN_POINT('',(-2.498480775301,-0.78,0.392364817767));
#3543 = VECTOR('',#3544,1.);
#3544 = DIRECTION('',(1.144237745222E-17,1.,0.));
#3545 = ORIENTED_EDGE('',*,*,#3440,.F.);
#3546 = CYLINDRICAL_SURFACE('',#3547,0.1);
#3547 = AXIS2_PLACEMENT_3D('',#3548,#3549,#3550);
#3548 = CARTESIAN_POINT('',(-2.4,-0.78,0.375));
#3549 = DIRECTION('',(-1.144237745222E-17,-1.,0.));
#3550 = DIRECTION('',(-4.440892098501E-15,5.081436361563E-32,1.));
#3551 = ADVANCED_FACE('',(#3552),#3630,.T.);
#3552 = FACE_BOUND('',#3553,.T.);
#3553 = EDGE_LOOP('',(#3554,#3555,#3556,#3557,#3565,#3574,#3582,#3590,
    #3598,#3607,#3615,#3624));
#3554 = ORIENTED_EDGE('',*,*,#1744,.F.);
#3555 = ORIENTED_EDGE('',*,*,#1722,.T.);
#3556 = ORIENTED_EDGE('',*,*,#3531,.T.);
#3557 = ORIENTED_EDGE('',*,*,#3558,.T.);
#3558 = EDGE_CURVE('',#3532,#3559,#3561,.T.);
#3559 = VERTEX_POINT('',#3560);
#3560 = CARTESIAN_POINT('',(-2.525838934336,-0.52,0.206587955583));
#3561 = LINE('',#3562,#3563);
#3562 = CARTESIAN_POINT('',(-2.498480775301,-0.52,0.392364817767));
#3563 = VECTOR('',#3564,1.);
#3564 = DIRECTION('',(-0.145692235845,1.667065554401E-18,-0.989329961345
    ));
#3565 = ORIENTED_EDGE('',*,*,#3566,.T.);
#3566 = EDGE_CURVE('',#3559,#3567,#3569,.T.);
#3567 = VERTEX_POINT('',#3568);
#3568 = CARTESIAN_POINT('',(-2.772040872589,-0.52,-5.551115123126E-17));
#3569 = CIRCLE('',#3570,0.25);
#3570 = AXIS2_PLACEMENT_3D('',#3571,#3572,#3573);
#3571 = CARTESIAN_POINT('',(-2.772040872589,-0.52,0.25));
#3572 = DIRECTION('',(1.144237745222E-17,1.,3.08148791102E-33));
#3573 = DIRECTION('',(0.984807753012,-1.126854202784E-17,-0.173648177667
    ));
#3574 = ORIENTED_EDGE('',*,*,#3575,.T.);
#3575 = EDGE_CURVE('',#3567,#3576,#3578,.T.);
#3576 = VERTEX_POINT('',#3577);
#3577 = CARTESIAN_POINT('',(-3.2,-0.52,-5.551115123126E-17));
#3578 = LINE('',#3579,#3580);
#3579 = CARTESIAN_POINT('',(-2.772040872589,-0.52,-5.551115123126E-17));
#3580 = VECTOR('',#3581,1.);
#3581 = DIRECTION('',(-1.,1.144237745222E-17,0.));
#3582 = ORIENTED_EDGE('',*,*,#3583,.T.);
#3583 = EDGE_CURVE('',#3576,#3584,#3586,.T.);
#3584 = VERTEX_POINT('',#3585);
#3585 = CARTESIAN_POINT('',(-3.2,-0.52,0.15));
#3586 = LINE('',#3587,#3588);
#3587 = CARTESIAN_POINT('',(-3.2,-0.52,-5.551115123126E-17));
#3588 = VECTOR('',#3589,1.);
#3589 = DIRECTION('',(0.,0.,1.));
#3590 = ORIENTED_EDGE('',*,*,#3591,.T.);
#3591 = EDGE_CURVE('',#3584,#3592,#3594,.T.);
#3592 = VERTEX_POINT('',#3593);
#3593 = CARTESIAN_POINT('',(-2.772040872589,-0.52,0.15));
#3594 = LINE('',#3595,#3596);
#3595 = CARTESIAN_POINT('',(-3.2,-0.52,0.15));
#3596 = VECTOR('',#3597,1.);
#3597 = DIRECTION('',(1.,-1.144237745222E-17,0.));
#3598 = ORIENTED_EDGE('',*,*,#3599,.T.);
#3599 = EDGE_CURVE('',#3592,#3600,#3602,.T.);
#3600 = VERTEX_POINT('',#3601);
#3601 = CARTESIAN_POINT('',(-2.673560097287,-0.52,0.232635182233));
#3602 = CIRCLE('',#3603,0.1);
#3603 = AXIS2_PLACEMENT_3D('',#3604,#3605,#3606);
#3604 = CARTESIAN_POINT('',(-2.772040872589,-0.52,0.25));
#3605 = DIRECTION('',(-1.144237745222E-17,-1.,-0.));
#3606 = DIRECTION('',(0.,0.,-1.));
#3607 = ORIENTED_EDGE('',*,*,#3608,.T.);
#3608 = EDGE_CURVE('',#3600,#3609,#3611,.T.);
#3609 = VERTEX_POINT('',#3610);
#3610 = CARTESIAN_POINT('',(-2.646201938253,-0.52,0.418412044417));
#3611 = LINE('',#3612,#3613);
#3612 = CARTESIAN_POINT('',(-2.673560097287,-0.52,0.232635182233));
#3613 = VECTOR('',#3614,1.);
#3614 = DIRECTION('',(0.145692235845,-1.667065554401E-18,0.989329961345)
  );
#3615 = ORIENTED_EDGE('',*,*,#3616,.T.);
#3616 = EDGE_CURVE('',#3609,#3617,#3619,.T.);
#3617 = VERTEX_POINT('',#3618);
#3618 = CARTESIAN_POINT('',(-2.4,-0.52,0.625));
#3619 = CIRCLE('',#3620,0.25);
#3620 = AXIS2_PLACEMENT_3D('',#3621,#3622,#3623);
#3621 = CARTESIAN_POINT('',(-2.4,-0.52,0.375));
#3622 = DIRECTION('',(1.144237745222E-17,1.,-3.851859888774E-34));
#3623 = DIRECTION('',(-0.984807753012,1.126854202784E-17,0.173648177667)
  );
#3624 = ORIENTED_EDGE('',*,*,#3625,.T.);
#3625 = EDGE_CURVE('',#3617,#1745,#3626,.T.);
#3626 = LINE('',#3627,#3628);
#3627 = CARTESIAN_POINT('',(-2.4,-0.52,0.625));
#3628 = VECTOR('',#3629,1.);
#3629 = DIRECTION('',(1.,-1.144237745222E-17,0.));
#3630 = PLANE('',#3631);
#3631 = AXIS2_PLACEMENT_3D('',#3632,#3633,#3634);
#3632 = CARTESIAN_POINT('',(-2.637615762047,-0.52,0.292893776214));
#3633 = DIRECTION('',(1.144237745222E-17,1.,0.));
#3634 = DIRECTION('',(0.,-0.,1.));
#3635 = ADVANCED_FACE('',(#3636),#3652,.F.);
#3636 = FACE_BOUND('',#3637,.F.);
#3637 = EDGE_LOOP('',(#3638,#3639,#3645,#3646));
#3638 = ORIENTED_EDGE('',*,*,#1761,.T.);
#3639 = ORIENTED_EDGE('',*,*,#3640,.T.);
#3640 = EDGE_CURVE('',#1754,#2618,#3641,.T.);
#3641 = LINE('',#3642,#3643);
#3642 = CARTESIAN_POINT('',(-2.4,-0.13,0.625));
#3643 = VECTOR('',#3644,1.);
#3644 = DIRECTION('',(1.,-1.144237745222E-17,0.));
#3645 = ORIENTED_EDGE('',*,*,#2617,.F.);
#3646 = ORIENTED_EDGE('',*,*,#3647,.F.);
#3647 = EDGE_CURVE('',#1745,#2610,#3648,.T.);
#3648 = LINE('',#3649,#3650);
#3649 = CARTESIAN_POINT('',(-2.4,-0.52,0.625));
#3650 = VECTOR('',#3651,1.);
#3651 = DIRECTION('',(1.,-1.144237745222E-17,0.));
#3652 = PLANE('',#3653);
#3653 = AXIS2_PLACEMENT_3D('',#3654,#3655,#3656);
#3654 = CARTESIAN_POINT('',(-3.188450421961E-18,2.475,0.625));
#3655 = DIRECTION('',(0.,0.,-1.));
#3656 = DIRECTION('',(1.,1.111674977262E-16,0.));
#3657 = ADVANCED_FACE('',(#3658),#3744,.F.);
#3658 = FACE_BOUND('',#3659,.F.);
#3659 = EDGE_LOOP('',(#3660,#3661,#3662,#3671,#3679,#3688,#3696,#3704,
    #3712,#3721,#3729,#3738));
#3660 = ORIENTED_EDGE('',*,*,#1753,.F.);
#3661 = ORIENTED_EDGE('',*,*,#1775,.T.);
#3662 = ORIENTED_EDGE('',*,*,#3663,.T.);
#3663 = EDGE_CURVE('',#1776,#3664,#3666,.T.);
#3664 = VERTEX_POINT('',#3665);
#3665 = CARTESIAN_POINT('',(-2.498480775301,-0.13,0.392364817767));
#3666 = CIRCLE('',#3667,0.1);
#3667 = AXIS2_PLACEMENT_3D('',#3668,#3669,#3670);
#3668 = CARTESIAN_POINT('',(-2.4,-0.13,0.375));
#3669 = DIRECTION('',(-1.144237745222E-17,-1.,4.379057701015E-47));
#3670 = DIRECTION('',(-4.440892098501E-15,5.081436361563E-32,1.));
#3671 = ORIENTED_EDGE('',*,*,#3672,.T.);
#3672 = EDGE_CURVE('',#3664,#3673,#3675,.T.);
#3673 = VERTEX_POINT('',#3674);
#3674 = CARTESIAN_POINT('',(-2.525838934336,-0.13,0.206587955583));
#3675 = LINE('',#3676,#3677);
#3676 = CARTESIAN_POINT('',(-2.498480775301,-0.13,0.392364817767));
#3677 = VECTOR('',#3678,1.);
#3678 = DIRECTION('',(-0.145692235845,1.667065554401E-18,-0.989329961345
    ));
#3679 = ORIENTED_EDGE('',*,*,#3680,.T.);
#3680 = EDGE_CURVE('',#3673,#3681,#3683,.T.);
#3681 = VERTEX_POINT('',#3682);
#3682 = CARTESIAN_POINT('',(-2.772040872589,-0.13,-5.551115123126E-17));
#3683 = CIRCLE('',#3684,0.25);
#3684 = AXIS2_PLACEMENT_3D('',#3685,#3686,#3687);
#3685 = CARTESIAN_POINT('',(-2.772040872589,-0.13,0.25));
#3686 = DIRECTION('',(1.144237745222E-17,1.,3.08148791102E-33));
#3687 = DIRECTION('',(0.984807753012,-1.126854202784E-17,-0.173648177667
    ));
#3688 = ORIENTED_EDGE('',*,*,#3689,.T.);
#3689 = EDGE_CURVE('',#3681,#3690,#3692,.T.);
#3690 = VERTEX_POINT('',#3691);
#3691 = CARTESIAN_POINT('',(-3.2,-0.13,-5.551115123126E-17));
#3692 = LINE('',#3693,#3694);
#3693 = CARTESIAN_POINT('',(-2.772040872589,-0.13,-5.551115123126E-17));
#3694 = VECTOR('',#3695,1.);
#3695 = DIRECTION('',(-1.,1.144237745222E-17,0.));
#3696 = ORIENTED_EDGE('',*,*,#3697,.T.);
#3697 = EDGE_CURVE('',#3690,#3698,#3700,.T.);
#3698 = VERTEX_POINT('',#3699);
#3699 = CARTESIAN_POINT('',(-3.2,-0.13,0.15));
#3700 = LINE('',#3701,#3702);
#3701 = CARTESIAN_POINT('',(-3.2,-0.13,-5.551115123126E-17));
#3702 = VECTOR('',#3703,1.);
#3703 = DIRECTION('',(0.,0.,1.));
#3704 = ORIENTED_EDGE('',*,*,#3705,.T.);
#3705 = EDGE_CURVE('',#3698,#3706,#3708,.T.);
#3706 = VERTEX_POINT('',#3707);
#3707 = CARTESIAN_POINT('',(-2.772040872589,-0.13,0.15));
#3708 = LINE('',#3709,#3710);
#3709 = CARTESIAN_POINT('',(-3.2,-0.13,0.15));
#3710 = VECTOR('',#3711,1.);
#3711 = DIRECTION('',(1.,-1.144237745222E-17,0.));
#3712 = ORIENTED_EDGE('',*,*,#3713,.T.);
#3713 = EDGE_CURVE('',#3706,#3714,#3716,.T.);
#3714 = VERTEX_POINT('',#3715);
#3715 = CARTESIAN_POINT('',(-2.673560097287,-0.13,0.232635182233));
#3716 = CIRCLE('',#3717,0.1);
#3717 = AXIS2_PLACEMENT_3D('',#3718,#3719,#3720);
#3718 = CARTESIAN_POINT('',(-2.772040872589,-0.13,0.25));
#3719 = DIRECTION('',(-1.144237745222E-17,-1.,-0.));
#3720 = DIRECTION('',(0.,0.,-1.));
#3721 = ORIENTED_EDGE('',*,*,#3722,.T.);
#3722 = EDGE_CURVE('',#3714,#3723,#3725,.T.);
#3723 = VERTEX_POINT('',#3724);
#3724 = CARTESIAN_POINT('',(-2.646201938253,-0.13,0.418412044417));
#3725 = LINE('',#3726,#3727);
#3726 = CARTESIAN_POINT('',(-2.673560097287,-0.13,0.232635182233));
#3727 = VECTOR('',#3728,1.);
#3728 = DIRECTION('',(0.145692235845,-1.667065554401E-18,0.989329961345)
  );
#3729 = ORIENTED_EDGE('',*,*,#3730,.T.);
#3730 = EDGE_CURVE('',#3723,#3731,#3733,.T.);
#3731 = VERTEX_POINT('',#3732);
#3732 = CARTESIAN_POINT('',(-2.4,-0.13,0.625));
#3733 = CIRCLE('',#3734,0.25);
#3734 = AXIS2_PLACEMENT_3D('',#3735,#3736,#3737);
#3735 = CARTESIAN_POINT('',(-2.4,-0.13,0.375));
#3736 = DIRECTION('',(1.144237745222E-17,1.,-3.851859888774E-34));
#3737 = DIRECTION('',(-0.984807753012,1.126854202784E-17,0.173648177667)
  );
#3738 = ORIENTED_EDGE('',*,*,#3739,.T.);
#3739 = EDGE_CURVE('',#3731,#1754,#3740,.T.);
#3740 = LINE('',#3741,#3742);
#3741 = CARTESIAN_POINT('',(-2.4,-0.13,0.625));
#3742 = VECTOR('',#3743,1.);
#3743 = DIRECTION('',(1.,-1.144237745222E-17,0.));
#3744 = PLANE('',#3745);
#3745 = AXIS2_PLACEMENT_3D('',#3746,#3747,#3748);
#3746 = CARTESIAN_POINT('',(-2.637615762047,-0.13,0.292893776214));
#3747 = DIRECTION('',(1.144237745222E-17,1.,0.));
#3748 = DIRECTION('',(0.,-0.,1.));
#3749 = ADVANCED_FACE('',(#3750),#3769,.F.);
#3750 = FACE_BOUND('',#3751,.F.);
#3751 = EDGE_LOOP('',(#3752,#3753,#3762,#3768));
#3752 = ORIENTED_EDGE('',*,*,#1792,.T.);
#3753 = ORIENTED_EDGE('',*,*,#3754,.T.);
#3754 = EDGE_CURVE('',#1785,#3755,#3757,.T.);
#3755 = VERTEX_POINT('',#3756);
#3756 = CARTESIAN_POINT('',(-2.498480775301,0.13,0.392364817767));
#3757 = CIRCLE('',#3758,0.1);
#3758 = AXIS2_PLACEMENT_3D('',#3759,#3760,#3761);
#3759 = CARTESIAN_POINT('',(-2.4,0.13,0.375));
#3760 = DIRECTION('',(-1.144237745222E-17,-1.,4.379057701015E-47));
#3761 = DIRECTION('',(-4.440892098501E-15,5.081436361563E-32,1.));
#3762 = ORIENTED_EDGE('',*,*,#3763,.F.);
#3763 = EDGE_CURVE('',#3664,#3755,#3764,.T.);
#3764 = LINE('',#3765,#3766);
#3765 = CARTESIAN_POINT('',(-2.498480775301,-0.13,0.392364817767));
#3766 = VECTOR('',#3767,1.);
#3767 = DIRECTION('',(1.144237745222E-17,1.,0.));
#3768 = ORIENTED_EDGE('',*,*,#3663,.F.);
#3769 = CYLINDRICAL_SURFACE('',#3770,0.1);
#3770 = AXIS2_PLACEMENT_3D('',#3771,#3772,#3773);
#3771 = CARTESIAN_POINT('',(-2.4,-0.13,0.375));
#3772 = DIRECTION('',(-1.144237745222E-17,-1.,0.));
#3773 = DIRECTION('',(-4.440892098501E-15,5.081436361563E-32,1.));
#3774 = ADVANCED_FACE('',(#3775),#3853,.T.);
#3775 = FACE_BOUND('',#3776,.T.);
#3776 = EDGE_LOOP('',(#3777,#3778,#3779,#3780,#3788,#3797,#3805,#3813,
    #3821,#3830,#3838,#3847));
#3777 = ORIENTED_EDGE('',*,*,#1806,.F.);
#3778 = ORIENTED_EDGE('',*,*,#1784,.T.);
#3779 = ORIENTED_EDGE('',*,*,#3754,.T.);
#3780 = ORIENTED_EDGE('',*,*,#3781,.T.);
#3781 = EDGE_CURVE('',#3755,#3782,#3784,.T.);
#3782 = VERTEX_POINT('',#3783);
#3783 = CARTESIAN_POINT('',(-2.525838934336,0.13,0.206587955583));
#3784 = LINE('',#3785,#3786);
#3785 = CARTESIAN_POINT('',(-2.498480775301,0.13,0.392364817767));
#3786 = VECTOR('',#3787,1.);
#3787 = DIRECTION('',(-0.145692235845,1.667065554401E-18,-0.989329961345
    ));
#3788 = ORIENTED_EDGE('',*,*,#3789,.T.);
#3789 = EDGE_CURVE('',#3782,#3790,#3792,.T.);
#3790 = VERTEX_POINT('',#3791);
#3791 = CARTESIAN_POINT('',(-2.772040872589,0.13,-5.551115123126E-17));
#3792 = CIRCLE('',#3793,0.25);
#3793 = AXIS2_PLACEMENT_3D('',#3794,#3795,#3796);
#3794 = CARTESIAN_POINT('',(-2.772040872589,0.13,0.25));
#3795 = DIRECTION('',(1.144237745222E-17,1.,3.08148791102E-33));
#3796 = DIRECTION('',(0.984807753012,-1.126854202784E-17,-0.173648177667
    ));
#3797 = ORIENTED_EDGE('',*,*,#3798,.T.);
#3798 = EDGE_CURVE('',#3790,#3799,#3801,.T.);
#3799 = VERTEX_POINT('',#3800);
#3800 = CARTESIAN_POINT('',(-3.2,0.13,-5.551115123126E-17));
#3801 = LINE('',#3802,#3803);
#3802 = CARTESIAN_POINT('',(-2.772040872589,0.13,-5.551115123126E-17));
#3803 = VECTOR('',#3804,1.);
#3804 = DIRECTION('',(-1.,1.144237745222E-17,0.));
#3805 = ORIENTED_EDGE('',*,*,#3806,.T.);
#3806 = EDGE_CURVE('',#3799,#3807,#3809,.T.);
#3807 = VERTEX_POINT('',#3808);
#3808 = CARTESIAN_POINT('',(-3.2,0.13,0.15));
#3809 = LINE('',#3810,#3811);
#3810 = CARTESIAN_POINT('',(-3.2,0.13,-5.551115123126E-17));
#3811 = VECTOR('',#3812,1.);
#3812 = DIRECTION('',(0.,0.,1.));
#3813 = ORIENTED_EDGE('',*,*,#3814,.T.);
#3814 = EDGE_CURVE('',#3807,#3815,#3817,.T.);
#3815 = VERTEX_POINT('',#3816);
#3816 = CARTESIAN_POINT('',(-2.772040872589,0.13,0.15));
#3817 = LINE('',#3818,#3819);
#3818 = CARTESIAN_POINT('',(-3.2,0.13,0.15));
#3819 = VECTOR('',#3820,1.);
#3820 = DIRECTION('',(1.,-1.144237745222E-17,0.));
#3821 = ORIENTED_EDGE('',*,*,#3822,.T.);
#3822 = EDGE_CURVE('',#3815,#3823,#3825,.T.);
#3823 = VERTEX_POINT('',#3824);
#3824 = CARTESIAN_POINT('',(-2.673560097287,0.13,0.232635182233));
#3825 = CIRCLE('',#3826,0.1);
#3826 = AXIS2_PLACEMENT_3D('',#3827,#3828,#3829);
#3827 = CARTESIAN_POINT('',(-2.772040872589,0.13,0.25));
#3828 = DIRECTION('',(-1.144237745222E-17,-1.,-0.));
#3829 = DIRECTION('',(0.,0.,-1.));
#3830 = ORIENTED_EDGE('',*,*,#3831,.T.);
#3831 = EDGE_CURVE('',#3823,#3832,#3834,.T.);
#3832 = VERTEX_POINT('',#3833);
#3833 = CARTESIAN_POINT('',(-2.646201938253,0.13,0.418412044417));
#3834 = LINE('',#3835,#3836);
#3835 = CARTESIAN_POINT('',(-2.673560097287,0.13,0.232635182233));
#3836 = VECTOR('',#3837,1.);
#3837 = DIRECTION('',(0.145692235845,-1.667065554401E-18,0.989329961345)
  );
#3838 = ORIENTED_EDGE('',*,*,#3839,.T.);
#3839 = EDGE_CURVE('',#3832,#3840,#3842,.T.);
#3840 = VERTEX_POINT('',#3841);
#3841 = CARTESIAN_POINT('',(-2.4,0.13,0.625));
#3842 = CIRCLE('',#3843,0.25);
#3843 = AXIS2_PLACEMENT_3D('',#3844,#3845,#3846);
#3844 = CARTESIAN_POINT('',(-2.4,0.13,0.375));
#3845 = DIRECTION('',(1.144237745222E-17,1.,-3.851859888774E-34));
#3846 = DIRECTION('',(-0.984807753012,1.126854202784E-17,0.173648177667)
  );
#3847 = ORIENTED_EDGE('',*,*,#3848,.T.);
#3848 = EDGE_CURVE('',#3840,#1807,#3849,.T.);
#3849 = LINE('',#3850,#3851);
#3850 = CARTESIAN_POINT('',(-2.4,0.13,0.625));
#3851 = VECTOR('',#3852,1.);
#3852 = DIRECTION('',(1.,-1.144237745222E-17,0.));
#3853 = PLANE('',#3854);
#3854 = AXIS2_PLACEMENT_3D('',#3855,#3856,#3857);
#3855 = CARTESIAN_POINT('',(-2.637615762047,0.13,0.292893776214));
#3856 = DIRECTION('',(1.144237745222E-17,1.,0.));
#3857 = DIRECTION('',(0.,-0.,1.));
#3858 = ADVANCED_FACE('',(#3859),#3875,.F.);
#3859 = FACE_BOUND('',#3860,.F.);
#3860 = EDGE_LOOP('',(#3861,#3862,#3868,#3869));
#3861 = ORIENTED_EDGE('',*,*,#1823,.T.);
#3862 = ORIENTED_EDGE('',*,*,#3863,.T.);
#3863 = EDGE_CURVE('',#1816,#2634,#3864,.T.);
#3864 = LINE('',#3865,#3866);
#3865 = CARTESIAN_POINT('',(-2.4,0.52,0.625));
#3866 = VECTOR('',#3867,1.);
#3867 = DIRECTION('',(1.,-1.144237745222E-17,0.));
#3868 = ORIENTED_EDGE('',*,*,#2633,.F.);
#3869 = ORIENTED_EDGE('',*,*,#3870,.F.);
#3870 = EDGE_CURVE('',#1807,#2626,#3871,.T.);
#3871 = LINE('',#3872,#3873);
#3872 = CARTESIAN_POINT('',(-2.4,0.13,0.625));
#3873 = VECTOR('',#3874,1.);
#3874 = DIRECTION('',(1.,-1.144237745222E-17,0.));
#3875 = PLANE('',#3876);
#3876 = AXIS2_PLACEMENT_3D('',#3877,#3878,#3879);
#3877 = CARTESIAN_POINT('',(-3.188450421961E-18,2.475,0.625));
#3878 = DIRECTION('',(0.,0.,-1.));
#3879 = DIRECTION('',(1.,1.111674977262E-16,0.));
#3880 = ADVANCED_FACE('',(#3881),#3967,.F.);
#3881 = FACE_BOUND('',#3882,.F.);
#3882 = EDGE_LOOP('',(#3883,#3884,#3885,#3894,#3902,#3911,#3919,#3927,
    #3935,#3944,#3952,#3961));
#3883 = ORIENTED_EDGE('',*,*,#1815,.F.);
#3884 = ORIENTED_EDGE('',*,*,#1837,.T.);
#3885 = ORIENTED_EDGE('',*,*,#3886,.T.);
#3886 = EDGE_CURVE('',#1838,#3887,#3889,.T.);
#3887 = VERTEX_POINT('',#3888);
#3888 = CARTESIAN_POINT('',(-2.498480775301,0.52,0.392364817767));
#3889 = CIRCLE('',#3890,0.1);
#3890 = AXIS2_PLACEMENT_3D('',#3891,#3892,#3893);
#3891 = CARTESIAN_POINT('',(-2.4,0.52,0.375));
#3892 = DIRECTION('',(-1.144237745222E-17,-1.,4.379057701015E-47));
#3893 = DIRECTION('',(-4.440892098501E-15,5.081436361563E-32,1.));
#3894 = ORIENTED_EDGE('',*,*,#3895,.T.);
#3895 = EDGE_CURVE('',#3887,#3896,#3898,.T.);
#3896 = VERTEX_POINT('',#3897);
#3897 = CARTESIAN_POINT('',(-2.525838934336,0.52,0.206587955583));
#3898 = LINE('',#3899,#3900);
#3899 = CARTESIAN_POINT('',(-2.498480775301,0.52,0.392364817767));
#3900 = VECTOR('',#3901,1.);
#3901 = DIRECTION('',(-0.145692235845,1.667065554401E-18,-0.989329961345
    ));
#3902 = ORIENTED_EDGE('',*,*,#3903,.T.);
#3903 = EDGE_CURVE('',#3896,#3904,#3906,.T.);
#3904 = VERTEX_POINT('',#3905);
#3905 = CARTESIAN_POINT('',(-2.772040872589,0.52,-5.551115123126E-17));
#3906 = CIRCLE('',#3907,0.25);
#3907 = AXIS2_PLACEMENT_3D('',#3908,#3909,#3910);
#3908 = CARTESIAN_POINT('',(-2.772040872589,0.52,0.25));
#3909 = DIRECTION('',(1.144237745222E-17,1.,3.08148791102E-33));
#3910 = DIRECTION('',(0.984807753012,-1.126854202784E-17,-0.173648177667
    ));
#3911 = ORIENTED_EDGE('',*,*,#3912,.T.);
#3912 = EDGE_CURVE('',#3904,#3913,#3915,.T.);
#3913 = VERTEX_POINT('',#3914);
#3914 = CARTESIAN_POINT('',(-3.2,0.52,-5.551115123126E-17));
#3915 = LINE('',#3916,#3917);
#3916 = CARTESIAN_POINT('',(-2.772040872589,0.52,-5.551115123126E-17));
#3917 = VECTOR('',#3918,1.);
#3918 = DIRECTION('',(-1.,1.144237745222E-17,0.));
#3919 = ORIENTED_EDGE('',*,*,#3920,.T.);
#3920 = EDGE_CURVE('',#3913,#3921,#3923,.T.);
#3921 = VERTEX_POINT('',#3922);
#3922 = CARTESIAN_POINT('',(-3.2,0.52,0.15));
#3923 = LINE('',#3924,#3925);
#3924 = CARTESIAN_POINT('',(-3.2,0.52,-5.551115123126E-17));
#3925 = VECTOR('',#3926,1.);
#3926 = DIRECTION('',(0.,0.,1.));
#3927 = ORIENTED_EDGE('',*,*,#3928,.T.);
#3928 = EDGE_CURVE('',#3921,#3929,#3931,.T.);
#3929 = VERTEX_POINT('',#3930);
#3930 = CARTESIAN_POINT('',(-2.772040872589,0.52,0.15));
#3931 = LINE('',#3932,#3933);
#3932 = CARTESIAN_POINT('',(-3.2,0.52,0.15));
#3933 = VECTOR('',#3934,1.);
#3934 = DIRECTION('',(1.,-1.144237745222E-17,0.));
#3935 = ORIENTED_EDGE('',*,*,#3936,.T.);
#3936 = EDGE_CURVE('',#3929,#3937,#3939,.T.);
#3937 = VERTEX_POINT('',#3938);
#3938 = CARTESIAN_POINT('',(-2.673560097287,0.52,0.232635182233));
#3939 = CIRCLE('',#3940,0.1);
#3940 = AXIS2_PLACEMENT_3D('',#3941,#3942,#3943);
#3941 = CARTESIAN_POINT('',(-2.772040872589,0.52,0.25));
#3942 = DIRECTION('',(-1.144237745222E-17,-1.,-0.));
#3943 = DIRECTION('',(0.,0.,-1.));
#3944 = ORIENTED_EDGE('',*,*,#3945,.T.);
#3945 = EDGE_CURVE('',#3937,#3946,#3948,.T.);
#3946 = VERTEX_POINT('',#3947);
#3947 = CARTESIAN_POINT('',(-2.646201938253,0.52,0.418412044417));
#3948 = LINE('',#3949,#3950);
#3949 = CARTESIAN_POINT('',(-2.673560097287,0.52,0.232635182233));
#3950 = VECTOR('',#3951,1.);
#3951 = DIRECTION('',(0.145692235845,-1.667065554401E-18,0.989329961345)
  );
#3952 = ORIENTED_EDGE('',*,*,#3953,.T.);
#3953 = EDGE_CURVE('',#3946,#3954,#3956,.T.);
#3954 = VERTEX_POINT('',#3955);
#3955 = CARTESIAN_POINT('',(-2.4,0.52,0.625));
#3956 = CIRCLE('',#3957,0.25);
#3957 = AXIS2_PLACEMENT_3D('',#3958,#3959,#3960);
#3958 = CARTESIAN_POINT('',(-2.4,0.52,0.375));
#3959 = DIRECTION('',(1.144237745222E-17,1.,-3.851859888774E-34));
#3960 = DIRECTION('',(-0.984807753012,1.126854202784E-17,0.173648177667)
  );
#3961 = ORIENTED_EDGE('',*,*,#3962,.T.);
#3962 = EDGE_CURVE('',#3954,#1816,#3963,.T.);
#3963 = LINE('',#3964,#3965);
#3964 = CARTESIAN_POINT('',(-2.4,0.52,0.625));
#3965 = VECTOR('',#3966,1.);
#3966 = DIRECTION('',(1.,-1.144237745222E-17,0.));
#3967 = PLANE('',#3968);
#3968 = AXIS2_PLACEMENT_3D('',#3969,#3970,#3971);
#3969 = CARTESIAN_POINT('',(-2.637615762047,0.52,0.292893776214));
#3970 = DIRECTION('',(1.144237745222E-17,1.,0.));
#3971 = DIRECTION('',(0.,-0.,1.));
#3972 = ADVANCED_FACE('',(#3973),#3992,.F.);
#3973 = FACE_BOUND('',#3974,.F.);
#3974 = EDGE_LOOP('',(#3975,#3976,#3985,#3991));
#3975 = ORIENTED_EDGE('',*,*,#1854,.T.);
#3976 = ORIENTED_EDGE('',*,*,#3977,.T.);
#3977 = EDGE_CURVE('',#1847,#3978,#3980,.T.);
#3978 = VERTEX_POINT('',#3979);
#3979 = CARTESIAN_POINT('',(-2.498480775301,0.78,0.392364817767));
#3980 = CIRCLE('',#3981,0.1);
#3981 = AXIS2_PLACEMENT_3D('',#3982,#3983,#3984);
#3982 = CARTESIAN_POINT('',(-2.4,0.78,0.375));
#3983 = DIRECTION('',(-1.144237745222E-17,-1.,4.379057701015E-47));
#3984 = DIRECTION('',(-4.440892098501E-15,5.081436361563E-32,1.));
#3985 = ORIENTED_EDGE('',*,*,#3986,.F.);
#3986 = EDGE_CURVE('',#3887,#3978,#3987,.T.);
#3987 = LINE('',#3988,#3989);
#3988 = CARTESIAN_POINT('',(-2.498480775301,0.52,0.392364817767));
#3989 = VECTOR('',#3990,1.);
#3990 = DIRECTION('',(1.144237745222E-17,1.,0.));
#3991 = ORIENTED_EDGE('',*,*,#3886,.F.);
#3992 = CYLINDRICAL_SURFACE('',#3993,0.1);
#3993 = AXIS2_PLACEMENT_3D('',#3994,#3995,#3996);
#3994 = CARTESIAN_POINT('',(-2.4,0.52,0.375));
#3995 = DIRECTION('',(-1.144237745222E-17,-1.,0.));
#3996 = DIRECTION('',(-4.440892098501E-15,5.081436361563E-32,1.));
#3997 = ADVANCED_FACE('',(#3998),#4076,.T.);
#3998 = FACE_BOUND('',#3999,.T.);
#3999 = EDGE_LOOP('',(#4000,#4001,#4002,#4003,#4011,#4020,#4028,#4036,
    #4044,#4053,#4061,#4070));
#4000 = ORIENTED_EDGE('',*,*,#1868,.F.);
#4001 = ORIENTED_EDGE('',*,*,#1846,.T.);
#4002 = ORIENTED_EDGE('',*,*,#3977,.T.);
#4003 = ORIENTED_EDGE('',*,*,#4004,.T.);
#4004 = EDGE_CURVE('',#3978,#4005,#4007,.T.);
#4005 = VERTEX_POINT('',#4006);
#4006 = CARTESIAN_POINT('',(-2.525838934336,0.78,0.206587955583));
#4007 = LINE('',#4008,#4009);
#4008 = CARTESIAN_POINT('',(-2.498480775301,0.78,0.392364817767));
#4009 = VECTOR('',#4010,1.);
#4010 = DIRECTION('',(-0.145692235845,1.667065554401E-18,-0.989329961345
    ));
#4011 = ORIENTED_EDGE('',*,*,#4012,.T.);
#4012 = EDGE_CURVE('',#4005,#4013,#4015,.T.);
#4013 = VERTEX_POINT('',#4014);
#4014 = CARTESIAN_POINT('',(-2.772040872589,0.78,-5.551115123126E-17));
#4015 = CIRCLE('',#4016,0.25);
#4016 = AXIS2_PLACEMENT_3D('',#4017,#4018,#4019);
#4017 = CARTESIAN_POINT('',(-2.772040872589,0.78,0.25));
#4018 = DIRECTION('',(1.144237745222E-17,1.,3.08148791102E-33));
#4019 = DIRECTION('',(0.984807753012,-1.126854202784E-17,-0.173648177667
    ));
#4020 = ORIENTED_EDGE('',*,*,#4021,.T.);
#4021 = EDGE_CURVE('',#4013,#4022,#4024,.T.);
#4022 = VERTEX_POINT('',#4023);
#4023 = CARTESIAN_POINT('',(-3.2,0.78,-5.551115123126E-17));
#4024 = LINE('',#4025,#4026);
#4025 = CARTESIAN_POINT('',(-2.772040872589,0.78,-5.551115123126E-17));
#4026 = VECTOR('',#4027,1.);
#4027 = DIRECTION('',(-1.,1.144237745222E-17,0.));
#4028 = ORIENTED_EDGE('',*,*,#4029,.T.);
#4029 = EDGE_CURVE('',#4022,#4030,#4032,.T.);
#4030 = VERTEX_POINT('',#4031);
#4031 = CARTESIAN_POINT('',(-3.2,0.78,0.15));
#4032 = LINE('',#4033,#4034);
#4033 = CARTESIAN_POINT('',(-3.2,0.78,-5.551115123126E-17));
#4034 = VECTOR('',#4035,1.);
#4035 = DIRECTION('',(0.,0.,1.));
#4036 = ORIENTED_EDGE('',*,*,#4037,.T.);
#4037 = EDGE_CURVE('',#4030,#4038,#4040,.T.);
#4038 = VERTEX_POINT('',#4039);
#4039 = CARTESIAN_POINT('',(-2.772040872589,0.78,0.15));
#4040 = LINE('',#4041,#4042);
#4041 = CARTESIAN_POINT('',(-3.2,0.78,0.15));
#4042 = VECTOR('',#4043,1.);
#4043 = DIRECTION('',(1.,-1.144237745222E-17,0.));
#4044 = ORIENTED_EDGE('',*,*,#4045,.T.);
#4045 = EDGE_CURVE('',#4038,#4046,#4048,.T.);
#4046 = VERTEX_POINT('',#4047);
#4047 = CARTESIAN_POINT('',(-2.673560097287,0.78,0.232635182233));
#4048 = CIRCLE('',#4049,0.1);
#4049 = AXIS2_PLACEMENT_3D('',#4050,#4051,#4052);
#4050 = CARTESIAN_POINT('',(-2.772040872589,0.78,0.25));
#4051 = DIRECTION('',(-1.144237745222E-17,-1.,-0.));
#4052 = DIRECTION('',(0.,0.,-1.));
#4053 = ORIENTED_EDGE('',*,*,#4054,.T.);
#4054 = EDGE_CURVE('',#4046,#4055,#4057,.T.);
#4055 = VERTEX_POINT('',#4056);
#4056 = CARTESIAN_POINT('',(-2.646201938253,0.78,0.418412044417));
#4057 = LINE('',#4058,#4059);
#4058 = CARTESIAN_POINT('',(-2.673560097287,0.78,0.232635182233));
#4059 = VECTOR('',#4060,1.);
#4060 = DIRECTION('',(0.145692235845,-1.667065554401E-18,0.989329961345)
  );
#4061 = ORIENTED_EDGE('',*,*,#4062,.T.);
#4062 = EDGE_CURVE('',#4055,#4063,#4065,.T.);
#4063 = VERTEX_POINT('',#4064);
#4064 = CARTESIAN_POINT('',(-2.4,0.78,0.625));
#4065 = CIRCLE('',#4066,0.25);
#4066 = AXIS2_PLACEMENT_3D('',#4067,#4068,#4069);
#4067 = CARTESIAN_POINT('',(-2.4,0.78,0.375));
#4068 = DIRECTION('',(1.144237745222E-17,1.,-3.851859888774E-34));
#4069 = DIRECTION('',(-0.984807753012,1.126854202784E-17,0.173648177667)
  );
#4070 = ORIENTED_EDGE('',*,*,#4071,.T.);
#4071 = EDGE_CURVE('',#4063,#1869,#4072,.T.);
#4072 = LINE('',#4073,#4074);
#4073 = CARTESIAN_POINT('',(-2.4,0.78,0.625));
#4074 = VECTOR('',#4075,1.);
#4075 = DIRECTION('',(1.,-1.144237745222E-17,0.));
#4076 = PLANE('',#4077);
#4077 = AXIS2_PLACEMENT_3D('',#4078,#4079,#4080);
#4078 = CARTESIAN_POINT('',(-2.637615762047,0.78,0.292893776214));
#4079 = DIRECTION('',(1.144237745222E-17,1.,0.));
#4080 = DIRECTION('',(0.,-0.,1.));
#4081 = ADVANCED_FACE('',(#4082),#4098,.F.);
#4082 = FACE_BOUND('',#4083,.F.);
#4083 = EDGE_LOOP('',(#4084,#4085,#4091,#4092));
#4084 = ORIENTED_EDGE('',*,*,#1885,.T.);
#4085 = ORIENTED_EDGE('',*,*,#4086,.T.);
#4086 = EDGE_CURVE('',#1878,#2650,#4087,.T.);
#4087 = LINE('',#4088,#4089);
#4088 = CARTESIAN_POINT('',(-2.4,1.17,0.625));
#4089 = VECTOR('',#4090,1.);
#4090 = DIRECTION('',(1.,-1.144237745222E-17,0.));
#4091 = ORIENTED_EDGE('',*,*,#2649,.F.);
#4092 = ORIENTED_EDGE('',*,*,#4093,.F.);
#4093 = EDGE_CURVE('',#1869,#2642,#4094,.T.);
#4094 = LINE('',#4095,#4096);
#4095 = CARTESIAN_POINT('',(-2.4,0.78,0.625));
#4096 = VECTOR('',#4097,1.);
#4097 = DIRECTION('',(1.,-1.144237745222E-17,0.));
#4098 = PLANE('',#4099);
#4099 = AXIS2_PLACEMENT_3D('',#4100,#4101,#4102);
#4100 = CARTESIAN_POINT('',(-3.188450421961E-18,2.475,0.625));
#4101 = DIRECTION('',(0.,0.,-1.));
#4102 = DIRECTION('',(1.,1.111674977262E-16,0.));
#4103 = ADVANCED_FACE('',(#4104),#4190,.F.);
#4104 = FACE_BOUND('',#4105,.F.);
#4105 = EDGE_LOOP('',(#4106,#4107,#4108,#4117,#4125,#4134,#4142,#4150,
    #4158,#4167,#4175,#4184));
#4106 = ORIENTED_EDGE('',*,*,#1877,.F.);
#4107 = ORIENTED_EDGE('',*,*,#1899,.T.);
#4108 = ORIENTED_EDGE('',*,*,#4109,.T.);
#4109 = EDGE_CURVE('',#1900,#4110,#4112,.T.);
#4110 = VERTEX_POINT('',#4111);
#4111 = CARTESIAN_POINT('',(-2.498480775301,1.17,0.392364817767));
#4112 = CIRCLE('',#4113,0.1);
#4113 = AXIS2_PLACEMENT_3D('',#4114,#4115,#4116);
#4114 = CARTESIAN_POINT('',(-2.4,1.17,0.375));
#4115 = DIRECTION('',(-1.144237745222E-17,-1.,4.379057701015E-47));
#4116 = DIRECTION('',(-4.440892098501E-15,5.081436361563E-32,1.));
#4117 = ORIENTED_EDGE('',*,*,#4118,.T.);
#4118 = EDGE_CURVE('',#4110,#4119,#4121,.T.);
#4119 = VERTEX_POINT('',#4120);
#4120 = CARTESIAN_POINT('',(-2.525838934336,1.17,0.206587955583));
#4121 = LINE('',#4122,#4123);
#4122 = CARTESIAN_POINT('',(-2.498480775301,1.17,0.392364817767));
#4123 = VECTOR('',#4124,1.);
#4124 = DIRECTION('',(-0.145692235845,1.667065554401E-18,-0.989329961345
    ));
#4125 = ORIENTED_EDGE('',*,*,#4126,.T.);
#4126 = EDGE_CURVE('',#4119,#4127,#4129,.T.);
#4127 = VERTEX_POINT('',#4128);
#4128 = CARTESIAN_POINT('',(-2.772040872589,1.17,-5.551115123126E-17));
#4129 = CIRCLE('',#4130,0.25);
#4130 = AXIS2_PLACEMENT_3D('',#4131,#4132,#4133);
#4131 = CARTESIAN_POINT('',(-2.772040872589,1.17,0.25));
#4132 = DIRECTION('',(1.144237745222E-17,1.,3.08148791102E-33));
#4133 = DIRECTION('',(0.984807753012,-1.126854202784E-17,-0.173648177667
    ));
#4134 = ORIENTED_EDGE('',*,*,#4135,.T.);
#4135 = EDGE_CURVE('',#4127,#4136,#4138,.T.);
#4136 = VERTEX_POINT('',#4137);
#4137 = CARTESIAN_POINT('',(-3.2,1.17,-5.551115123126E-17));
#4138 = LINE('',#4139,#4140);
#4139 = CARTESIAN_POINT('',(-2.772040872589,1.17,-5.551115123126E-17));
#4140 = VECTOR('',#4141,1.);
#4141 = DIRECTION('',(-1.,1.144237745222E-17,0.));
#4142 = ORIENTED_EDGE('',*,*,#4143,.T.);
#4143 = EDGE_CURVE('',#4136,#4144,#4146,.T.);
#4144 = VERTEX_POINT('',#4145);
#4145 = CARTESIAN_POINT('',(-3.2,1.17,0.15));
#4146 = LINE('',#4147,#4148);
#4147 = CARTESIAN_POINT('',(-3.2,1.17,-5.551115123126E-17));
#4148 = VECTOR('',#4149,1.);
#4149 = DIRECTION('',(0.,0.,1.));
#4150 = ORIENTED_EDGE('',*,*,#4151,.T.);
#4151 = EDGE_CURVE('',#4144,#4152,#4154,.T.);
#4152 = VERTEX_POINT('',#4153);
#4153 = CARTESIAN_POINT('',(-2.772040872589,1.17,0.15));
#4154 = LINE('',#4155,#4156);
#4155 = CARTESIAN_POINT('',(-3.2,1.17,0.15));
#4156 = VECTOR('',#4157,1.);
#4157 = DIRECTION('',(1.,-1.144237745222E-17,0.));
#4158 = ORIENTED_EDGE('',*,*,#4159,.T.);
#4159 = EDGE_CURVE('',#4152,#4160,#4162,.T.);
#4160 = VERTEX_POINT('',#4161);
#4161 = CARTESIAN_POINT('',(-2.673560097287,1.17,0.232635182233));
#4162 = CIRCLE('',#4163,0.1);
#4163 = AXIS2_PLACEMENT_3D('',#4164,#4165,#4166);
#4164 = CARTESIAN_POINT('',(-2.772040872589,1.17,0.25));
#4165 = DIRECTION('',(-1.144237745222E-17,-1.,-0.));
#4166 = DIRECTION('',(0.,0.,-1.));
#4167 = ORIENTED_EDGE('',*,*,#4168,.T.);
#4168 = EDGE_CURVE('',#4160,#4169,#4171,.T.);
#4169 = VERTEX_POINT('',#4170);
#4170 = CARTESIAN_POINT('',(-2.646201938253,1.17,0.418412044417));
#4171 = LINE('',#4172,#4173);
#4172 = CARTESIAN_POINT('',(-2.673560097287,1.17,0.232635182233));
#4173 = VECTOR('',#4174,1.);
#4174 = DIRECTION('',(0.145692235845,-1.667065554401E-18,0.989329961345)
  );
#4175 = ORIENTED_EDGE('',*,*,#4176,.T.);
#4176 = EDGE_CURVE('',#4169,#4177,#4179,.T.);
#4177 = VERTEX_POINT('',#4178);
#4178 = CARTESIAN_POINT('',(-2.4,1.17,0.625));
#4179 = CIRCLE('',#4180,0.25);
#4180 = AXIS2_PLACEMENT_3D('',#4181,#4182,#4183);
#4181 = CARTESIAN_POINT('',(-2.4,1.17,0.375));
#4182 = DIRECTION('',(1.144237745222E-17,1.,-3.851859888774E-34));
#4183 = DIRECTION('',(-0.984807753012,1.126854202784E-17,0.173648177667)
  );
#4184 = ORIENTED_EDGE('',*,*,#4185,.T.);
#4185 = EDGE_CURVE('',#4177,#1878,#4186,.T.);
#4186 = LINE('',#4187,#4188);
#4187 = CARTESIAN_POINT('',(-2.4,1.17,0.625));
#4188 = VECTOR('',#4189,1.);
#4189 = DIRECTION('',(1.,-1.144237745222E-17,0.));
#4190 = PLANE('',#4191);
#4191 = AXIS2_PLACEMENT_3D('',#4192,#4193,#4194);
#4192 = CARTESIAN_POINT('',(-2.637615762047,1.17,0.292893776214));
#4193 = DIRECTION('',(1.144237745222E-17,1.,0.));
#4194 = DIRECTION('',(0.,-0.,1.));
#4195 = ADVANCED_FACE('',(#4196),#4215,.F.);
#4196 = FACE_BOUND('',#4197,.F.);
#4197 = EDGE_LOOP('',(#4198,#4199,#4208,#4214));
#4198 = ORIENTED_EDGE('',*,*,#1916,.T.);
#4199 = ORIENTED_EDGE('',*,*,#4200,.T.);
#4200 = EDGE_CURVE('',#1909,#4201,#4203,.T.);
#4201 = VERTEX_POINT('',#4202);
#4202 = CARTESIAN_POINT('',(-2.498480775301,1.43,0.392364817767));
#4203 = CIRCLE('',#4204,0.1);
#4204 = AXIS2_PLACEMENT_3D('',#4205,#4206,#4207);
#4205 = CARTESIAN_POINT('',(-2.4,1.43,0.375));
#4206 = DIRECTION('',(-1.144237745222E-17,-1.,4.379057701015E-47));
#4207 = DIRECTION('',(-4.440892098501E-15,5.081436361563E-32,1.));
#4208 = ORIENTED_EDGE('',*,*,#4209,.F.);
#4209 = EDGE_CURVE('',#4110,#4201,#4210,.T.);
#4210 = LINE('',#4211,#4212);
#4211 = CARTESIAN_POINT('',(-2.498480775301,1.17,0.392364817767));
#4212 = VECTOR('',#4213,1.);
#4213 = DIRECTION('',(1.144237745222E-17,1.,0.));
#4214 = ORIENTED_EDGE('',*,*,#4109,.F.);
#4215 = CYLINDRICAL_SURFACE('',#4216,0.1);
#4216 = AXIS2_PLACEMENT_3D('',#4217,#4218,#4219);
#4217 = CARTESIAN_POINT('',(-2.4,1.17,0.375));
#4218 = DIRECTION('',(-1.144237745222E-17,-1.,0.));
#4219 = DIRECTION('',(-4.440892098501E-15,5.081436361563E-32,1.));
#4220 = ADVANCED_FACE('',(#4221),#4299,.T.);
#4221 = FACE_BOUND('',#4222,.T.);
#4222 = EDGE_LOOP('',(#4223,#4224,#4225,#4226,#4234,#4243,#4251,#4259,
    #4267,#4276,#4284,#4293));
#4223 = ORIENTED_EDGE('',*,*,#1930,.F.);
#4224 = ORIENTED_EDGE('',*,*,#1908,.T.);
#4225 = ORIENTED_EDGE('',*,*,#4200,.T.);
#4226 = ORIENTED_EDGE('',*,*,#4227,.T.);
#4227 = EDGE_CURVE('',#4201,#4228,#4230,.T.);
#4228 = VERTEX_POINT('',#4229);
#4229 = CARTESIAN_POINT('',(-2.525838934336,1.43,0.206587955583));
#4230 = LINE('',#4231,#4232);
#4231 = CARTESIAN_POINT('',(-2.498480775301,1.43,0.392364817767));
#4232 = VECTOR('',#4233,1.);
#4233 = DIRECTION('',(-0.145692235845,1.667065554401E-18,-0.989329961345
    ));
#4234 = ORIENTED_EDGE('',*,*,#4235,.T.);
#4235 = EDGE_CURVE('',#4228,#4236,#4238,.T.);
#4236 = VERTEX_POINT('',#4237);
#4237 = CARTESIAN_POINT('',(-2.772040872589,1.43,-5.551115123126E-17));
#4238 = CIRCLE('',#4239,0.25);
#4239 = AXIS2_PLACEMENT_3D('',#4240,#4241,#4242);
#4240 = CARTESIAN_POINT('',(-2.772040872589,1.43,0.25));
#4241 = DIRECTION('',(1.144237745222E-17,1.,3.08148791102E-33));
#4242 = DIRECTION('',(0.984807753012,-1.126854202784E-17,-0.173648177667
    ));
#4243 = ORIENTED_EDGE('',*,*,#4244,.T.);
#4244 = EDGE_CURVE('',#4236,#4245,#4247,.T.);
#4245 = VERTEX_POINT('',#4246);
#4246 = CARTESIAN_POINT('',(-3.2,1.43,-5.551115123126E-17));
#4247 = LINE('',#4248,#4249);
#4248 = CARTESIAN_POINT('',(-2.772040872589,1.43,-5.551115123126E-17));
#4249 = VECTOR('',#4250,1.);
#4250 = DIRECTION('',(-1.,1.144237745222E-17,0.));
#4251 = ORIENTED_EDGE('',*,*,#4252,.T.);
#4252 = EDGE_CURVE('',#4245,#4253,#4255,.T.);
#4253 = VERTEX_POINT('',#4254);
#4254 = CARTESIAN_POINT('',(-3.2,1.43,0.15));
#4255 = LINE('',#4256,#4257);
#4256 = CARTESIAN_POINT('',(-3.2,1.43,-5.551115123126E-17));
#4257 = VECTOR('',#4258,1.);
#4258 = DIRECTION('',(0.,0.,1.));
#4259 = ORIENTED_EDGE('',*,*,#4260,.T.);
#4260 = EDGE_CURVE('',#4253,#4261,#4263,.T.);
#4261 = VERTEX_POINT('',#4262);
#4262 = CARTESIAN_POINT('',(-2.772040872589,1.43,0.15));
#4263 = LINE('',#4264,#4265);
#4264 = CARTESIAN_POINT('',(-3.2,1.43,0.15));
#4265 = VECTOR('',#4266,1.);
#4266 = DIRECTION('',(1.,-1.144237745222E-17,0.));
#4267 = ORIENTED_EDGE('',*,*,#4268,.T.);
#4268 = EDGE_CURVE('',#4261,#4269,#4271,.T.);
#4269 = VERTEX_POINT('',#4270);
#4270 = CARTESIAN_POINT('',(-2.673560097287,1.43,0.232635182233));
#4271 = CIRCLE('',#4272,0.1);
#4272 = AXIS2_PLACEMENT_3D('',#4273,#4274,#4275);
#4273 = CARTESIAN_POINT('',(-2.772040872589,1.43,0.25));
#4274 = DIRECTION('',(-1.144237745222E-17,-1.,-0.));
#4275 = DIRECTION('',(0.,0.,-1.));
#4276 = ORIENTED_EDGE('',*,*,#4277,.T.);
#4277 = EDGE_CURVE('',#4269,#4278,#4280,.T.);
#4278 = VERTEX_POINT('',#4279);
#4279 = CARTESIAN_POINT('',(-2.646201938253,1.43,0.418412044417));
#4280 = LINE('',#4281,#4282);
#4281 = CARTESIAN_POINT('',(-2.673560097287,1.43,0.232635182233));
#4282 = VECTOR('',#4283,1.);
#4283 = DIRECTION('',(0.145692235845,-1.667065554401E-18,0.989329961345)
  );
#4284 = ORIENTED_EDGE('',*,*,#4285,.T.);
#4285 = EDGE_CURVE('',#4278,#4286,#4288,.T.);
#4286 = VERTEX_POINT('',#4287);
#4287 = CARTESIAN_POINT('',(-2.4,1.43,0.625));
#4288 = CIRCLE('',#4289,0.25);
#4289 = AXIS2_PLACEMENT_3D('',#4290,#4291,#4292);
#4290 = CARTESIAN_POINT('',(-2.4,1.43,0.375));
#4291 = DIRECTION('',(1.144237745222E-17,1.,-3.851859888774E-34));
#4292 = DIRECTION('',(-0.984807753012,1.126854202784E-17,0.173648177667)
  );
#4293 = ORIENTED_EDGE('',*,*,#4294,.T.);
#4294 = EDGE_CURVE('',#4286,#1931,#4295,.T.);
#4295 = LINE('',#4296,#4297);
#4296 = CARTESIAN_POINT('',(-2.4,1.43,0.625));
#4297 = VECTOR('',#4298,1.);
#4298 = DIRECTION('',(1.,-1.144237745222E-17,0.));
#4299 = PLANE('',#4300);
#4300 = AXIS2_PLACEMENT_3D('',#4301,#4302,#4303);
#4301 = CARTESIAN_POINT('',(-2.637615762047,1.43,0.292893776214));
#4302 = DIRECTION('',(1.144237745222E-17,1.,0.));
#4303 = DIRECTION('',(0.,-0.,1.));
#4304 = ADVANCED_FACE('',(#4305),#4316,.F.);
#4305 = FACE_BOUND('',#4306,.F.);
#4306 = EDGE_LOOP('',(#4307,#4308,#4309,#4310));
#4307 = ORIENTED_EDGE('',*,*,#1947,.T.);
#4308 = ORIENTED_EDGE('',*,*,#2553,.T.);
#4309 = ORIENTED_EDGE('',*,*,#2665,.F.);
#4310 = ORIENTED_EDGE('',*,*,#4311,.F.);
#4311 = EDGE_CURVE('',#1931,#2658,#4312,.T.);
#4312 = LINE('',#4313,#4314);
#4313 = CARTESIAN_POINT('',(-2.4,1.43,0.625));
#4314 = VECTOR('',#4315,1.);
#4315 = DIRECTION('',(1.,-1.144237745222E-17,0.));
#4316 = PLANE('',#4317);
#4317 = AXIS2_PLACEMENT_3D('',#4318,#4319,#4320);
#4318 = CARTESIAN_POINT('',(-3.188450421961E-18,2.475,0.625));
#4319 = DIRECTION('',(0.,0.,-1.));
#4320 = DIRECTION('',(1.,1.111674977262E-16,0.));
#4321 = ADVANCED_FACE('',(#4322),#4401,.F.);
#4322 = FACE_BOUND('',#4323,.F.);
#4323 = EDGE_LOOP('',(#4324,#4325,#4326,#4335,#4343,#4352,#4360,#4368,
    #4376,#4385,#4393,#4400));
#4324 = ORIENTED_EDGE('',*,*,#1939,.F.);
#4325 = ORIENTED_EDGE('',*,*,#1961,.T.);
#4326 = ORIENTED_EDGE('',*,*,#4327,.T.);
#4327 = EDGE_CURVE('',#1962,#4328,#4330,.T.);
#4328 = VERTEX_POINT('',#4329);
#4329 = CARTESIAN_POINT('',(-2.498480775301,1.82,0.392364817767));
#4330 = CIRCLE('',#4331,0.1);
#4331 = AXIS2_PLACEMENT_3D('',#4332,#4333,#4334);
#4332 = CARTESIAN_POINT('',(-2.4,1.82,0.375));
#4333 = DIRECTION('',(-1.144237745222E-17,-1.,4.379057701015E-47));
#4334 = DIRECTION('',(-4.440892098501E-15,5.081436361563E-32,1.));
#4335 = ORIENTED_EDGE('',*,*,#4336,.T.);
#4336 = EDGE_CURVE('',#4328,#4337,#4339,.T.);
#4337 = VERTEX_POINT('',#4338);
#4338 = CARTESIAN_POINT('',(-2.525838934336,1.82,0.206587955583));
#4339 = LINE('',#4340,#4341);
#4340 = CARTESIAN_POINT('',(-2.498480775301,1.82,0.392364817767));
#4341 = VECTOR('',#4342,1.);
#4342 = DIRECTION('',(-0.145692235845,1.667065554401E-18,-0.989329961345
    ));
#4343 = ORIENTED_EDGE('',*,*,#4344,.T.);
#4344 = EDGE_CURVE('',#4337,#4345,#4347,.T.);
#4345 = VERTEX_POINT('',#4346);
#4346 = CARTESIAN_POINT('',(-2.772040872589,1.82,-5.551115123126E-17));
#4347 = CIRCLE('',#4348,0.25);
#4348 = AXIS2_PLACEMENT_3D('',#4349,#4350,#4351);
#4349 = CARTESIAN_POINT('',(-2.772040872589,1.82,0.25));
#4350 = DIRECTION('',(1.144237745222E-17,1.,3.08148791102E-33));
#4351 = DIRECTION('',(0.984807753012,-1.126854202784E-17,-0.173648177667
    ));
#4352 = ORIENTED_EDGE('',*,*,#4353,.T.);
#4353 = EDGE_CURVE('',#4345,#4354,#4356,.T.);
#4354 = VERTEX_POINT('',#4355);
#4355 = CARTESIAN_POINT('',(-3.2,1.82,-5.551115123126E-17));
#4356 = LINE('',#4357,#4358);
#4357 = CARTESIAN_POINT('',(-2.772040872589,1.82,-5.551115123126E-17));
#4358 = VECTOR('',#4359,1.);
#4359 = DIRECTION('',(-1.,1.144237745222E-17,0.));
#4360 = ORIENTED_EDGE('',*,*,#4361,.T.);
#4361 = EDGE_CURVE('',#4354,#4362,#4364,.T.);
#4362 = VERTEX_POINT('',#4363);
#4363 = CARTESIAN_POINT('',(-3.2,1.82,0.15));
#4364 = LINE('',#4365,#4366);
#4365 = CARTESIAN_POINT('',(-3.2,1.82,-5.551115123126E-17));
#4366 = VECTOR('',#4367,1.);
#4367 = DIRECTION('',(0.,0.,1.));
#4368 = ORIENTED_EDGE('',*,*,#4369,.T.);
#4369 = EDGE_CURVE('',#4362,#4370,#4372,.T.);
#4370 = VERTEX_POINT('',#4371);
#4371 = CARTESIAN_POINT('',(-2.772040872589,1.82,0.15));
#4372 = LINE('',#4373,#4374);
#4373 = CARTESIAN_POINT('',(-3.2,1.82,0.15));
#4374 = VECTOR('',#4375,1.);
#4375 = DIRECTION('',(1.,-1.144237745222E-17,0.));
#4376 = ORIENTED_EDGE('',*,*,#4377,.T.);
#4377 = EDGE_CURVE('',#4370,#4378,#4380,.T.);
#4378 = VERTEX_POINT('',#4379);
#4379 = CARTESIAN_POINT('',(-2.673560097287,1.82,0.232635182233));
#4380 = CIRCLE('',#4381,0.1);
#4381 = AXIS2_PLACEMENT_3D('',#4382,#4383,#4384);
#4382 = CARTESIAN_POINT('',(-2.772040872589,1.82,0.25));
#4383 = DIRECTION('',(-1.144237745222E-17,-1.,-0.));
#4384 = DIRECTION('',(0.,0.,-1.));
#4385 = ORIENTED_EDGE('',*,*,#4386,.T.);
#4386 = EDGE_CURVE('',#4378,#4387,#4389,.T.);
#4387 = VERTEX_POINT('',#4388);
#4388 = CARTESIAN_POINT('',(-2.646201938253,1.82,0.418412044417));
#4389 = LINE('',#4390,#4391);
#4390 = CARTESIAN_POINT('',(-2.673560097287,1.82,0.232635182233));
#4391 = VECTOR('',#4392,1.);
#4392 = DIRECTION('',(0.145692235845,-1.667065554401E-18,0.989329961345)
  );
#4393 = ORIENTED_EDGE('',*,*,#4394,.T.);
#4394 = EDGE_CURVE('',#4387,#2523,#4395,.T.);
#4395 = CIRCLE('',#4396,0.25);
#4396 = AXIS2_PLACEMENT_3D('',#4397,#4398,#4399);
#4397 = CARTESIAN_POINT('',(-2.4,1.82,0.375));
#4398 = DIRECTION('',(1.144237745222E-17,1.,-3.851859888774E-34));
#4399 = DIRECTION('',(-0.984807753012,1.126854202784E-17,0.173648177667)
  );
#4400 = ORIENTED_EDGE('',*,*,#2522,.T.);
#4401 = PLANE('',#4402);
#4402 = AXIS2_PLACEMENT_3D('',#4403,#4404,#4405);
#4403 = CARTESIAN_POINT('',(-2.637615762047,1.82,0.292893776214));
#4404 = DIRECTION('',(1.144237745222E-17,1.,0.));
#4405 = DIRECTION('',(0.,-0.,1.));
#4406 = ADVANCED_FACE('',(#4407),#4426,.F.);
#4407 = FACE_BOUND('',#4408,.F.);
#4408 = EDGE_LOOP('',(#4409,#4410,#4419,#4425));
#4409 = ORIENTED_EDGE('',*,*,#1978,.T.);
#4410 = ORIENTED_EDGE('',*,*,#4411,.T.);
#4411 = EDGE_CURVE('',#1971,#4412,#4414,.T.);
#4412 = VERTEX_POINT('',#4413);
#4413 = CARTESIAN_POINT('',(-2.498480775301,2.08,0.392364817767));
#4414 = CIRCLE('',#4415,0.1);
#4415 = AXIS2_PLACEMENT_3D('',#4416,#4417,#4418);
#4416 = CARTESIAN_POINT('',(-2.4,2.08,0.375));
#4417 = DIRECTION('',(-1.144237745222E-17,-1.,4.379057701015E-47));
#4418 = DIRECTION('',(-4.440892098501E-15,5.081436361563E-32,1.));
#4419 = ORIENTED_EDGE('',*,*,#4420,.F.);
#4420 = EDGE_CURVE('',#4328,#4412,#4421,.T.);
#4421 = LINE('',#4422,#4423);
#4422 = CARTESIAN_POINT('',(-2.498480775301,1.82,0.392364817767));
#4423 = VECTOR('',#4424,1.);
#4424 = DIRECTION('',(1.144237745222E-17,1.,0.));
#4425 = ORIENTED_EDGE('',*,*,#4327,.F.);
#4426 = CYLINDRICAL_SURFACE('',#4427,0.1);
#4427 = AXIS2_PLACEMENT_3D('',#4428,#4429,#4430);
#4428 = CARTESIAN_POINT('',(-2.4,1.82,0.375));
#4429 = DIRECTION('',(-1.144237745222E-17,-1.,0.));
#4430 = DIRECTION('',(-4.440892098501E-15,5.081436361563E-32,1.));
#4431 = ADVANCED_FACE('',(#4432),#4503,.T.);
#4432 = FACE_BOUND('',#4433,.T.);
#4433 = EDGE_LOOP('',(#4434,#4435,#4436,#4437,#4445,#4454,#4462,#4470,
    #4478,#4487,#4495,#4502));
#4434 = ORIENTED_EDGE('',*,*,#1992,.F.);
#4435 = ORIENTED_EDGE('',*,*,#1970,.T.);
#4436 = ORIENTED_EDGE('',*,*,#4411,.T.);
#4437 = ORIENTED_EDGE('',*,*,#4438,.T.);
#4438 = EDGE_CURVE('',#4412,#4439,#4441,.T.);
#4439 = VERTEX_POINT('',#4440);
#4440 = CARTESIAN_POINT('',(-2.525838934336,2.08,0.206587955583));
#4441 = LINE('',#4442,#4443);
#4442 = CARTESIAN_POINT('',(-2.498480775301,2.08,0.392364817767));
#4443 = VECTOR('',#4444,1.);
#4444 = DIRECTION('',(-0.145692235845,1.667065554401E-18,-0.989329961345
    ));
#4445 = ORIENTED_EDGE('',*,*,#4446,.T.);
#4446 = EDGE_CURVE('',#4439,#4447,#4449,.T.);
#4447 = VERTEX_POINT('',#4448);
#4448 = CARTESIAN_POINT('',(-2.772040872589,2.08,-5.551115123126E-17));
#4449 = CIRCLE('',#4450,0.25);
#4450 = AXIS2_PLACEMENT_3D('',#4451,#4452,#4453);
#4451 = CARTESIAN_POINT('',(-2.772040872589,2.08,0.25));
#4452 = DIRECTION('',(1.144237745222E-17,1.,3.08148791102E-33));
#4453 = DIRECTION('',(0.984807753012,-1.126854202784E-17,-0.173648177667
    ));
#4454 = ORIENTED_EDGE('',*,*,#4455,.T.);
#4455 = EDGE_CURVE('',#4447,#4456,#4458,.T.);
#4456 = VERTEX_POINT('',#4457);
#4457 = CARTESIAN_POINT('',(-3.2,2.08,-5.551115123126E-17));
#4458 = LINE('',#4459,#4460);
#4459 = CARTESIAN_POINT('',(-2.772040872589,2.08,-5.551115123126E-17));
#4460 = VECTOR('',#4461,1.);
#4461 = DIRECTION('',(-1.,1.144237745222E-17,0.));
#4462 = ORIENTED_EDGE('',*,*,#4463,.T.);
#4463 = EDGE_CURVE('',#4456,#4464,#4466,.T.);
#4464 = VERTEX_POINT('',#4465);
#4465 = CARTESIAN_POINT('',(-3.2,2.08,0.15));
#4466 = LINE('',#4467,#4468);
#4467 = CARTESIAN_POINT('',(-3.2,2.08,-5.551115123126E-17));
#4468 = VECTOR('',#4469,1.);
#4469 = DIRECTION('',(0.,0.,1.));
#4470 = ORIENTED_EDGE('',*,*,#4471,.T.);
#4471 = EDGE_CURVE('',#4464,#4472,#4474,.T.);
#4472 = VERTEX_POINT('',#4473);
#4473 = CARTESIAN_POINT('',(-2.772040872589,2.08,0.15));
#4474 = LINE('',#4475,#4476);
#4475 = CARTESIAN_POINT('',(-3.2,2.08,0.15));
#4476 = VECTOR('',#4477,1.);
#4477 = DIRECTION('',(1.,-1.144237745222E-17,0.));
#4478 = ORIENTED_EDGE('',*,*,#4479,.T.);
#4479 = EDGE_CURVE('',#4472,#4480,#4482,.T.);
#4480 = VERTEX_POINT('',#4481);
#4481 = CARTESIAN_POINT('',(-2.673560097287,2.08,0.232635182233));
#4482 = CIRCLE('',#4483,0.1);
#4483 = AXIS2_PLACEMENT_3D('',#4484,#4485,#4486);
#4484 = CARTESIAN_POINT('',(-2.772040872589,2.08,0.25));
#4485 = DIRECTION('',(-1.144237745222E-17,-1.,-0.));
#4486 = DIRECTION('',(0.,0.,-1.));
#4487 = ORIENTED_EDGE('',*,*,#4488,.T.);
#4488 = EDGE_CURVE('',#4480,#4489,#4491,.T.);
#4489 = VERTEX_POINT('',#4490);
#4490 = CARTESIAN_POINT('',(-2.646201938253,2.08,0.418412044417));
#4491 = LINE('',#4492,#4493);
#4492 = CARTESIAN_POINT('',(-2.673560097287,2.08,0.232635182233));
#4493 = VECTOR('',#4494,1.);
#4494 = DIRECTION('',(0.145692235845,-1.667065554401E-18,0.989329961345)
  );
#4495 = ORIENTED_EDGE('',*,*,#4496,.T.);
#4496 = EDGE_CURVE('',#4489,#2531,#4497,.T.);
#4497 = CIRCLE('',#4498,0.25);
#4498 = AXIS2_PLACEMENT_3D('',#4499,#4500,#4501);
#4499 = CARTESIAN_POINT('',(-2.4,2.08,0.375));
#4500 = DIRECTION('',(1.144237745222E-17,1.,-3.851859888774E-34));
#4501 = DIRECTION('',(-0.984807753012,1.126854202784E-17,0.173648177667)
  );
#4502 = ORIENTED_EDGE('',*,*,#2538,.T.);
#4503 = PLANE('',#4504);
#4504 = AXIS2_PLACEMENT_3D('',#4505,#4506,#4507);
#4505 = CARTESIAN_POINT('',(-2.637615762047,2.08,0.292893776214));
#4506 = DIRECTION('',(1.144237745222E-17,1.,0.));
#4507 = DIRECTION('',(0.,-0.,1.));
#4508 = ADVANCED_FACE('',(#4509),#4588,.F.);
#4509 = FACE_BOUND('',#4510,.F.);
#4510 = EDGE_LOOP('',(#4511,#4512,#4513,#4522,#4530,#4539,#4547,#4555,
    #4563,#4572,#4580,#4587));
#4511 = ORIENTED_EDGE('',*,*,#2011,.F.);
#4512 = ORIENTED_EDGE('',*,*,#2026,.T.);
#4513 = ORIENTED_EDGE('',*,*,#4514,.T.);
#4514 = EDGE_CURVE('',#2027,#4515,#4517,.T.);
#4515 = VERTEX_POINT('',#4516);
#4516 = CARTESIAN_POINT('',(2.498480775301,2.08,0.392364817767));
#4517 = CIRCLE('',#4518,0.1);
#4518 = AXIS2_PLACEMENT_3D('',#4519,#4520,#4521);
#4519 = CARTESIAN_POINT('',(2.4,2.08,0.375));
#4520 = DIRECTION('',(-1.110223024625E-16,1.,0.));
#4521 = DIRECTION('',(4.440892098501E-15,4.930380657631E-31,1.));
#4522 = ORIENTED_EDGE('',*,*,#4523,.T.);
#4523 = EDGE_CURVE('',#4515,#4524,#4526,.T.);
#4524 = VERTEX_POINT('',#4525);
#4525 = CARTESIAN_POINT('',(2.525838934336,2.08,0.206587955583));
#4526 = LINE('',#4527,#4528);
#4527 = CARTESIAN_POINT('',(2.498480775301,2.08,0.392364817767));
#4528 = VECTOR('',#4529,1.);
#4529 = DIRECTION('',(0.145692235845,1.617508747447E-17,-0.989329961345)
  );
#4530 = ORIENTED_EDGE('',*,*,#4531,.T.);
#4531 = EDGE_CURVE('',#4524,#4532,#4534,.T.);
#4532 = VERTEX_POINT('',#4533);
#4533 = CARTESIAN_POINT('',(2.772040872589,2.08,-5.551115123126E-17));
#4534 = CIRCLE('',#4535,0.25);
#4535 = AXIS2_PLACEMENT_3D('',#4536,#4537,#4538);
#4536 = CARTESIAN_POINT('',(2.772040872589,2.08,0.25));
#4537 = DIRECTION('',(1.110223024625E-16,-1.,0.));
#4538 = DIRECTION('',(-0.984807753012,-1.093356242223E-16,
    -0.173648177667));
#4539 = ORIENTED_EDGE('',*,*,#4540,.T.);
#4540 = EDGE_CURVE('',#4532,#4541,#4543,.T.);
#4541 = VERTEX_POINT('',#4542);
#4542 = CARTESIAN_POINT('',(3.2,2.08,-5.551115123126E-17));
#4543 = LINE('',#4544,#4545);
#4544 = CARTESIAN_POINT('',(2.772040872589,2.08,-5.551115123126E-17));
#4545 = VECTOR('',#4546,1.);
#4546 = DIRECTION('',(1.,1.110223024625E-16,0.));
#4547 = ORIENTED_EDGE('',*,*,#4548,.T.);
#4548 = EDGE_CURVE('',#4541,#4549,#4551,.T.);
#4549 = VERTEX_POINT('',#4550);
#4550 = CARTESIAN_POINT('',(3.2,2.08,0.15));
#4551 = LINE('',#4552,#4553);
#4552 = CARTESIAN_POINT('',(3.2,2.08,-5.551115123126E-17));
#4553 = VECTOR('',#4554,1.);
#4554 = DIRECTION('',(0.,0.,1.));
#4555 = ORIENTED_EDGE('',*,*,#4556,.T.);
#4556 = EDGE_CURVE('',#4549,#4557,#4559,.T.);
#4557 = VERTEX_POINT('',#4558);
#4558 = CARTESIAN_POINT('',(2.772040872589,2.08,0.15));
#4559 = LINE('',#4560,#4561);
#4560 = CARTESIAN_POINT('',(3.2,2.08,0.15));
#4561 = VECTOR('',#4562,1.);
#4562 = DIRECTION('',(-1.,-1.110223024625E-16,0.));
#4563 = ORIENTED_EDGE('',*,*,#4564,.T.);
#4564 = EDGE_CURVE('',#4557,#4565,#4567,.T.);
#4565 = VERTEX_POINT('',#4566);
#4566 = CARTESIAN_POINT('',(2.673560097287,2.08,0.232635182233));
#4567 = CIRCLE('',#4568,0.1);
#4568 = AXIS2_PLACEMENT_3D('',#4569,#4570,#4571);
#4569 = CARTESIAN_POINT('',(2.772040872589,2.08,0.25));
#4570 = DIRECTION('',(-1.110223024625E-16,1.,0.));
#4571 = DIRECTION('',(0.,0.,-1.));
#4572 = ORIENTED_EDGE('',*,*,#4573,.T.);
#4573 = EDGE_CURVE('',#4565,#4574,#4576,.T.);
#4574 = VERTEX_POINT('',#4575);
#4575 = CARTESIAN_POINT('',(2.646201938253,2.08,0.418412044417));
#4576 = LINE('',#4577,#4578);
#4577 = CARTESIAN_POINT('',(2.673560097287,2.08,0.232635182233));
#4578 = VECTOR('',#4579,1.);
#4579 = DIRECTION('',(-0.145692235845,-1.617508747447E-17,0.989329961345
    ));
#4580 = ORIENTED_EDGE('',*,*,#4581,.T.);
#4581 = EDGE_CURVE('',#4574,#2906,#4582,.T.);
#4582 = CIRCLE('',#4583,0.25);
#4583 = AXIS2_PLACEMENT_3D('',#4584,#4585,#4586);
#4584 = CARTESIAN_POINT('',(2.4,2.08,0.375));
#4585 = DIRECTION('',(1.110223024625E-16,-1.,0.));
#4586 = DIRECTION('',(0.984807753012,1.093356242223E-16,0.173648177667)
  );
#4587 = ORIENTED_EDGE('',*,*,#2905,.T.);
#4588 = PLANE('',#4589);
#4589 = AXIS2_PLACEMENT_3D('',#4590,#4591,#4592);
#4590 = CARTESIAN_POINT('',(2.637615762047,2.08,0.292893776214));
#4591 = DIRECTION('',(1.110223024625E-16,-1.,0.));
#4592 = DIRECTION('',(0.,0.,1.));
#4593 = ADVANCED_FACE('',(#4594),#4613,.F.);
#4594 = FACE_BOUND('',#4595,.F.);
#4595 = EDGE_LOOP('',(#4596,#4597,#4606,#4612));
#4596 = ORIENTED_EDGE('',*,*,#2043,.T.);
#4597 = ORIENTED_EDGE('',*,*,#4598,.T.);
#4598 = EDGE_CURVE('',#2036,#4599,#4601,.T.);
#4599 = VERTEX_POINT('',#4600);
#4600 = CARTESIAN_POINT('',(2.498480775301,1.82,0.392364817767));
#4601 = CIRCLE('',#4602,0.1);
#4602 = AXIS2_PLACEMENT_3D('',#4603,#4604,#4605);
#4603 = CARTESIAN_POINT('',(2.4,1.82,0.375));
#4604 = DIRECTION('',(-1.110223024625E-16,1.,0.));
#4605 = DIRECTION('',(4.440892098501E-15,4.930380657631E-31,1.));
#4606 = ORIENTED_EDGE('',*,*,#4607,.F.);
#4607 = EDGE_CURVE('',#4515,#4599,#4608,.T.);
#4608 = LINE('',#4609,#4610);
#4609 = CARTESIAN_POINT('',(2.498480775301,2.08,0.392364817767));
#4610 = VECTOR('',#4611,1.);
#4611 = DIRECTION('',(1.110223024625E-16,-1.,0.));
#4612 = ORIENTED_EDGE('',*,*,#4514,.F.);
#4613 = CYLINDRICAL_SURFACE('',#4614,0.1);
#4614 = AXIS2_PLACEMENT_3D('',#4615,#4616,#4617);
#4615 = CARTESIAN_POINT('',(2.4,2.08,0.375));
#4616 = DIRECTION('',(-1.110223024625E-16,1.,0.));
#4617 = DIRECTION('',(4.440892098501E-15,4.930380657631E-31,1.));
#4618 = ADVANCED_FACE('',(#4619),#4690,.T.);
#4619 = FACE_BOUND('',#4620,.T.);
#4620 = EDGE_LOOP('',(#4621,#4622,#4623,#4624,#4632,#4641,#4649,#4657,
    #4665,#4674,#4682,#4689));
#4621 = ORIENTED_EDGE('',*,*,#2057,.F.);
#4622 = ORIENTED_EDGE('',*,*,#2035,.T.);
#4623 = ORIENTED_EDGE('',*,*,#4598,.T.);
#4624 = ORIENTED_EDGE('',*,*,#4625,.T.);
#4625 = EDGE_CURVE('',#4599,#4626,#4628,.T.);
#4626 = VERTEX_POINT('',#4627);
#4627 = CARTESIAN_POINT('',(2.525838934336,1.82,0.206587955583));
#4628 = LINE('',#4629,#4630);
#4629 = CARTESIAN_POINT('',(2.498480775301,1.82,0.392364817767));
#4630 = VECTOR('',#4631,1.);
#4631 = DIRECTION('',(0.145692235845,1.617508747447E-17,-0.989329961345)
  );
#4632 = ORIENTED_EDGE('',*,*,#4633,.T.);
#4633 = EDGE_CURVE('',#4626,#4634,#4636,.T.);
#4634 = VERTEX_POINT('',#4635);
#4635 = CARTESIAN_POINT('',(2.772040872589,1.82,-5.551115123126E-17));
#4636 = CIRCLE('',#4637,0.25);
#4637 = AXIS2_PLACEMENT_3D('',#4638,#4639,#4640);
#4638 = CARTESIAN_POINT('',(2.772040872589,1.82,0.25));
#4639 = DIRECTION('',(1.110223024625E-16,-1.,0.));
#4640 = DIRECTION('',(-0.984807753012,-1.093356242223E-16,
    -0.173648177667));
#4641 = ORIENTED_EDGE('',*,*,#4642,.T.);
#4642 = EDGE_CURVE('',#4634,#4643,#4645,.T.);
#4643 = VERTEX_POINT('',#4644);
#4644 = CARTESIAN_POINT('',(3.2,1.82,-5.551115123126E-17));
#4645 = LINE('',#4646,#4647);
#4646 = CARTESIAN_POINT('',(2.772040872589,1.82,-5.551115123126E-17));
#4647 = VECTOR('',#4648,1.);
#4648 = DIRECTION('',(1.,1.110223024625E-16,0.));
#4649 = ORIENTED_EDGE('',*,*,#4650,.T.);
#4650 = EDGE_CURVE('',#4643,#4651,#4653,.T.);
#4651 = VERTEX_POINT('',#4652);
#4652 = CARTESIAN_POINT('',(3.2,1.82,0.15));
#4653 = LINE('',#4654,#4655);
#4654 = CARTESIAN_POINT('',(3.2,1.82,-5.551115123126E-17));
#4655 = VECTOR('',#4656,1.);
#4656 = DIRECTION('',(0.,0.,1.));
#4657 = ORIENTED_EDGE('',*,*,#4658,.T.);
#4658 = EDGE_CURVE('',#4651,#4659,#4661,.T.);
#4659 = VERTEX_POINT('',#4660);
#4660 = CARTESIAN_POINT('',(2.772040872589,1.82,0.15));
#4661 = LINE('',#4662,#4663);
#4662 = CARTESIAN_POINT('',(3.2,1.82,0.15));
#4663 = VECTOR('',#4664,1.);
#4664 = DIRECTION('',(-1.,-1.110223024625E-16,0.));
#4665 = ORIENTED_EDGE('',*,*,#4666,.T.);
#4666 = EDGE_CURVE('',#4659,#4667,#4669,.T.);
#4667 = VERTEX_POINT('',#4668);
#4668 = CARTESIAN_POINT('',(2.673560097287,1.82,0.232635182233));
#4669 = CIRCLE('',#4670,0.1);
#4670 = AXIS2_PLACEMENT_3D('',#4671,#4672,#4673);
#4671 = CARTESIAN_POINT('',(2.772040872589,1.82,0.25));
#4672 = DIRECTION('',(-1.110223024625E-16,1.,0.));
#4673 = DIRECTION('',(0.,0.,-1.));
#4674 = ORIENTED_EDGE('',*,*,#4675,.T.);
#4675 = EDGE_CURVE('',#4667,#4676,#4678,.T.);
#4676 = VERTEX_POINT('',#4677);
#4677 = CARTESIAN_POINT('',(2.646201938253,1.82,0.418412044417));
#4678 = LINE('',#4679,#4680);
#4679 = CARTESIAN_POINT('',(2.673560097287,1.82,0.232635182233));
#4680 = VECTOR('',#4681,1.);
#4681 = DIRECTION('',(-0.145692235845,-1.617508747447E-17,0.989329961345
    ));
#4682 = ORIENTED_EDGE('',*,*,#4683,.T.);
#4683 = EDGE_CURVE('',#4676,#2914,#4684,.T.);
#4684 = CIRCLE('',#4685,0.25);
#4685 = AXIS2_PLACEMENT_3D('',#4686,#4687,#4688);
#4686 = CARTESIAN_POINT('',(2.4,1.82,0.375));
#4687 = DIRECTION('',(1.110223024625E-16,-1.,0.));
#4688 = DIRECTION('',(0.984807753012,1.093356242223E-16,0.173648177667)
  );
#4689 = ORIENTED_EDGE('',*,*,#2921,.T.);
#4690 = PLANE('',#4691);
#4691 = AXIS2_PLACEMENT_3D('',#4692,#4693,#4694);
#4692 = CARTESIAN_POINT('',(2.637615762047,1.82,0.292893776214));
#4693 = DIRECTION('',(1.110223024625E-16,-1.,0.));
#4694 = DIRECTION('',(0.,0.,1.));
#4695 = ADVANCED_FACE('',(#4696),#4707,.F.);
#4696 = FACE_BOUND('',#4697,.F.);
#4697 = EDGE_LOOP('',(#4698,#4699,#4700,#4706));
#4698 = ORIENTED_EDGE('',*,*,#2927,.F.);
#4699 = ORIENTED_EDGE('',*,*,#2074,.T.);
#4700 = ORIENTED_EDGE('',*,*,#4701,.T.);
#4701 = EDGE_CURVE('',#2067,#2780,#4702,.T.);
#4702 = LINE('',#4703,#4704);
#4703 = CARTESIAN_POINT('',(2.4,1.43,0.625));
#4704 = VECTOR('',#4705,1.);
#4705 = DIRECTION('',(-1.,-1.110223024625E-16,0.));
#4706 = ORIENTED_EDGE('',*,*,#2779,.F.);
#4707 = PLANE('',#4708);
#4708 = AXIS2_PLACEMENT_3D('',#4709,#4710,#4711);
#4709 = CARTESIAN_POINT('',(-3.188450421961E-18,2.475,0.625));
#4710 = DIRECTION('',(0.,0.,-1.));
#4711 = DIRECTION('',(1.,1.111674977262E-16,0.));
#4712 = ADVANCED_FACE('',(#4713),#4799,.F.);
#4713 = FACE_BOUND('',#4714,.F.);
#4714 = EDGE_LOOP('',(#4715,#4716,#4717,#4726,#4734,#4743,#4751,#4759,
    #4767,#4776,#4784,#4793));
#4715 = ORIENTED_EDGE('',*,*,#2066,.F.);
#4716 = ORIENTED_EDGE('',*,*,#2088,.T.);
#4717 = ORIENTED_EDGE('',*,*,#4718,.T.);
#4718 = EDGE_CURVE('',#2089,#4719,#4721,.T.);
#4719 = VERTEX_POINT('',#4720);
#4720 = CARTESIAN_POINT('',(2.498480775301,1.43,0.392364817767));
#4721 = CIRCLE('',#4722,0.1);
#4722 = AXIS2_PLACEMENT_3D('',#4723,#4724,#4725);
#4723 = CARTESIAN_POINT('',(2.4,1.43,0.375));
#4724 = DIRECTION('',(-1.110223024625E-16,1.,0.));
#4725 = DIRECTION('',(4.440892098501E-15,4.930380657631E-31,1.));
#4726 = ORIENTED_EDGE('',*,*,#4727,.T.);
#4727 = EDGE_CURVE('',#4719,#4728,#4730,.T.);
#4728 = VERTEX_POINT('',#4729);
#4729 = CARTESIAN_POINT('',(2.525838934336,1.43,0.206587955583));
#4730 = LINE('',#4731,#4732);
#4731 = CARTESIAN_POINT('',(2.498480775301,1.43,0.392364817767));
#4732 = VECTOR('',#4733,1.);
#4733 = DIRECTION('',(0.145692235845,1.617508747447E-17,-0.989329961345)
  );
#4734 = ORIENTED_EDGE('',*,*,#4735,.T.);
#4735 = EDGE_CURVE('',#4728,#4736,#4738,.T.);
#4736 = VERTEX_POINT('',#4737);
#4737 = CARTESIAN_POINT('',(2.772040872589,1.43,-5.551115123126E-17));
#4738 = CIRCLE('',#4739,0.25);
#4739 = AXIS2_PLACEMENT_3D('',#4740,#4741,#4742);
#4740 = CARTESIAN_POINT('',(2.772040872589,1.43,0.25));
#4741 = DIRECTION('',(1.110223024625E-16,-1.,0.));
#4742 = DIRECTION('',(-0.984807753012,-1.093356242223E-16,
    -0.173648177667));
#4743 = ORIENTED_EDGE('',*,*,#4744,.T.);
#4744 = EDGE_CURVE('',#4736,#4745,#4747,.T.);
#4745 = VERTEX_POINT('',#4746);
#4746 = CARTESIAN_POINT('',(3.2,1.43,-5.551115123126E-17));
#4747 = LINE('',#4748,#4749);
#4748 = CARTESIAN_POINT('',(2.772040872589,1.43,-5.551115123126E-17));
#4749 = VECTOR('',#4750,1.);
#4750 = DIRECTION('',(1.,1.110223024625E-16,0.));
#4751 = ORIENTED_EDGE('',*,*,#4752,.T.);
#4752 = EDGE_CURVE('',#4745,#4753,#4755,.T.);
#4753 = VERTEX_POINT('',#4754);
#4754 = CARTESIAN_POINT('',(3.2,1.43,0.15));
#4755 = LINE('',#4756,#4757);
#4756 = CARTESIAN_POINT('',(3.2,1.43,-5.551115123126E-17));
#4757 = VECTOR('',#4758,1.);
#4758 = DIRECTION('',(0.,0.,1.));
#4759 = ORIENTED_EDGE('',*,*,#4760,.T.);
#4760 = EDGE_CURVE('',#4753,#4761,#4763,.T.);
#4761 = VERTEX_POINT('',#4762);
#4762 = CARTESIAN_POINT('',(2.772040872589,1.43,0.15));
#4763 = LINE('',#4764,#4765);
#4764 = CARTESIAN_POINT('',(3.2,1.43,0.15));
#4765 = VECTOR('',#4766,1.);
#4766 = DIRECTION('',(-1.,-1.110223024625E-16,0.));
#4767 = ORIENTED_EDGE('',*,*,#4768,.T.);
#4768 = EDGE_CURVE('',#4761,#4769,#4771,.T.);
#4769 = VERTEX_POINT('',#4770);
#4770 = CARTESIAN_POINT('',(2.673560097287,1.43,0.232635182233));
#4771 = CIRCLE('',#4772,0.1);
#4772 = AXIS2_PLACEMENT_3D('',#4773,#4774,#4775);
#4773 = CARTESIAN_POINT('',(2.772040872589,1.43,0.25));
#4774 = DIRECTION('',(-1.110223024625E-16,1.,0.));
#4775 = DIRECTION('',(0.,0.,-1.));
#4776 = ORIENTED_EDGE('',*,*,#4777,.T.);
#4777 = EDGE_CURVE('',#4769,#4778,#4780,.T.);
#4778 = VERTEX_POINT('',#4779);
#4779 = CARTESIAN_POINT('',(2.646201938253,1.43,0.418412044417));
#4780 = LINE('',#4781,#4782);
#4781 = CARTESIAN_POINT('',(2.673560097287,1.43,0.232635182233));
#4782 = VECTOR('',#4783,1.);
#4783 = DIRECTION('',(-0.145692235845,-1.617508747447E-17,0.989329961345
    ));
#4784 = ORIENTED_EDGE('',*,*,#4785,.T.);
#4785 = EDGE_CURVE('',#4778,#4786,#4788,.T.);
#4786 = VERTEX_POINT('',#4787);
#4787 = CARTESIAN_POINT('',(2.4,1.43,0.625));
#4788 = CIRCLE('',#4789,0.25);
#4789 = AXIS2_PLACEMENT_3D('',#4790,#4791,#4792);
#4790 = CARTESIAN_POINT('',(2.4,1.43,0.375));
#4791 = DIRECTION('',(1.110223024625E-16,-1.,0.));
#4792 = DIRECTION('',(0.984807753012,1.093356242223E-16,0.173648177667)
  );
#4793 = ORIENTED_EDGE('',*,*,#4794,.T.);
#4794 = EDGE_CURVE('',#4786,#2067,#4795,.T.);
#4795 = LINE('',#4796,#4797);
#4796 = CARTESIAN_POINT('',(2.4,1.43,0.625));
#4797 = VECTOR('',#4798,1.);
#4798 = DIRECTION('',(-1.,-1.110223024625E-16,0.));
#4799 = PLANE('',#4800);
#4800 = AXIS2_PLACEMENT_3D('',#4801,#4802,#4803);
#4801 = CARTESIAN_POINT('',(2.637615762047,1.43,0.292893776214));
#4802 = DIRECTION('',(1.110223024625E-16,-1.,0.));
#4803 = DIRECTION('',(0.,0.,1.));
#4804 = ADVANCED_FACE('',(#4805),#4824,.F.);
#4805 = FACE_BOUND('',#4806,.F.);
#4806 = EDGE_LOOP('',(#4807,#4808,#4817,#4823));
#4807 = ORIENTED_EDGE('',*,*,#2105,.T.);
#4808 = ORIENTED_EDGE('',*,*,#4809,.T.);
#4809 = EDGE_CURVE('',#2098,#4810,#4812,.T.);
#4810 = VERTEX_POINT('',#4811);
#4811 = CARTESIAN_POINT('',(2.498480775301,1.17,0.392364817767));
#4812 = CIRCLE('',#4813,0.1);
#4813 = AXIS2_PLACEMENT_3D('',#4814,#4815,#4816);
#4814 = CARTESIAN_POINT('',(2.4,1.17,0.375));
#4815 = DIRECTION('',(-1.110223024625E-16,1.,0.));
#4816 = DIRECTION('',(4.440892098501E-15,4.930380657631E-31,1.));
#4817 = ORIENTED_EDGE('',*,*,#4818,.F.);
#4818 = EDGE_CURVE('',#4719,#4810,#4819,.T.);
#4819 = LINE('',#4820,#4821);
#4820 = CARTESIAN_POINT('',(2.498480775301,1.43,0.392364817767));
#4821 = VECTOR('',#4822,1.);
#4822 = DIRECTION('',(1.110223024625E-16,-1.,0.));
#4823 = ORIENTED_EDGE('',*,*,#4718,.F.);
#4824 = CYLINDRICAL_SURFACE('',#4825,0.1);
#4825 = AXIS2_PLACEMENT_3D('',#4826,#4827,#4828);
#4826 = CARTESIAN_POINT('',(2.4,1.43,0.375));
#4827 = DIRECTION('',(-1.110223024625E-16,1.,0.));
#4828 = DIRECTION('',(4.440892098501E-15,4.930380657631E-31,1.));
#4829 = ADVANCED_FACE('',(#4830),#4908,.T.);
#4830 = FACE_BOUND('',#4831,.T.);
#4831 = EDGE_LOOP('',(#4832,#4833,#4834,#4835,#4843,#4852,#4860,#4868,
    #4876,#4885,#4893,#4902));
#4832 = ORIENTED_EDGE('',*,*,#2119,.F.);
#4833 = ORIENTED_EDGE('',*,*,#2097,.T.);
#4834 = ORIENTED_EDGE('',*,*,#4809,.T.);
#4835 = ORIENTED_EDGE('',*,*,#4836,.T.);
#4836 = EDGE_CURVE('',#4810,#4837,#4839,.T.);
#4837 = VERTEX_POINT('',#4838);
#4838 = CARTESIAN_POINT('',(2.525838934336,1.17,0.206587955583));
#4839 = LINE('',#4840,#4841);
#4840 = CARTESIAN_POINT('',(2.498480775301,1.17,0.392364817767));
#4841 = VECTOR('',#4842,1.);
#4842 = DIRECTION('',(0.145692235845,1.617508747447E-17,-0.989329961345)
  );
#4843 = ORIENTED_EDGE('',*,*,#4844,.T.);
#4844 = EDGE_CURVE('',#4837,#4845,#4847,.T.);
#4845 = VERTEX_POINT('',#4846);
#4846 = CARTESIAN_POINT('',(2.772040872589,1.17,-5.551115123126E-17));
#4847 = CIRCLE('',#4848,0.25);
#4848 = AXIS2_PLACEMENT_3D('',#4849,#4850,#4851);
#4849 = CARTESIAN_POINT('',(2.772040872589,1.17,0.25));
#4850 = DIRECTION('',(1.110223024625E-16,-1.,0.));
#4851 = DIRECTION('',(-0.984807753012,-1.093356242223E-16,
    -0.173648177667));
#4852 = ORIENTED_EDGE('',*,*,#4853,.T.);
#4853 = EDGE_CURVE('',#4845,#4854,#4856,.T.);
#4854 = VERTEX_POINT('',#4855);
#4855 = CARTESIAN_POINT('',(3.2,1.17,-5.551115123126E-17));
#4856 = LINE('',#4857,#4858);
#4857 = CARTESIAN_POINT('',(2.772040872589,1.17,-5.551115123126E-17));
#4858 = VECTOR('',#4859,1.);
#4859 = DIRECTION('',(1.,1.110223024625E-16,0.));
#4860 = ORIENTED_EDGE('',*,*,#4861,.T.);
#4861 = EDGE_CURVE('',#4854,#4862,#4864,.T.);
#4862 = VERTEX_POINT('',#4863);
#4863 = CARTESIAN_POINT('',(3.2,1.17,0.15));
#4864 = LINE('',#4865,#4866);
#4865 = CARTESIAN_POINT('',(3.2,1.17,-5.551115123126E-17));
#4866 = VECTOR('',#4867,1.);
#4867 = DIRECTION('',(0.,0.,1.));
#4868 = ORIENTED_EDGE('',*,*,#4869,.T.);
#4869 = EDGE_CURVE('',#4862,#4870,#4872,.T.);
#4870 = VERTEX_POINT('',#4871);
#4871 = CARTESIAN_POINT('',(2.772040872589,1.17,0.15));
#4872 = LINE('',#4873,#4874);
#4873 = CARTESIAN_POINT('',(3.2,1.17,0.15));
#4874 = VECTOR('',#4875,1.);
#4875 = DIRECTION('',(-1.,-1.110223024625E-16,0.));
#4876 = ORIENTED_EDGE('',*,*,#4877,.T.);
#4877 = EDGE_CURVE('',#4870,#4878,#4880,.T.);
#4878 = VERTEX_POINT('',#4879);
#4879 = CARTESIAN_POINT('',(2.673560097287,1.17,0.232635182233));
#4880 = CIRCLE('',#4881,0.1);
#4881 = AXIS2_PLACEMENT_3D('',#4882,#4883,#4884);
#4882 = CARTESIAN_POINT('',(2.772040872589,1.17,0.25));
#4883 = DIRECTION('',(-1.110223024625E-16,1.,0.));
#4884 = DIRECTION('',(0.,0.,-1.));
#4885 = ORIENTED_EDGE('',*,*,#4886,.T.);
#4886 = EDGE_CURVE('',#4878,#4887,#4889,.T.);
#4887 = VERTEX_POINT('',#4888);
#4888 = CARTESIAN_POINT('',(2.646201938253,1.17,0.418412044417));
#4889 = LINE('',#4890,#4891);
#4890 = CARTESIAN_POINT('',(2.673560097287,1.17,0.232635182233));
#4891 = VECTOR('',#4892,1.);
#4892 = DIRECTION('',(-0.145692235845,-1.617508747447E-17,0.989329961345
    ));
#4893 = ORIENTED_EDGE('',*,*,#4894,.T.);
#4894 = EDGE_CURVE('',#4887,#4895,#4897,.T.);
#4895 = VERTEX_POINT('',#4896);
#4896 = CARTESIAN_POINT('',(2.4,1.17,0.625));
#4897 = CIRCLE('',#4898,0.25);
#4898 = AXIS2_PLACEMENT_3D('',#4899,#4900,#4901);
#4899 = CARTESIAN_POINT('',(2.4,1.17,0.375));
#4900 = DIRECTION('',(1.110223024625E-16,-1.,0.));
#4901 = DIRECTION('',(0.984807753012,1.093356242223E-16,0.173648177667)
  );
#4902 = ORIENTED_EDGE('',*,*,#4903,.T.);
#4903 = EDGE_CURVE('',#4895,#2120,#4904,.T.);
#4904 = LINE('',#4905,#4906);
#4905 = CARTESIAN_POINT('',(2.4,1.17,0.625));
#4906 = VECTOR('',#4907,1.);
#4907 = DIRECTION('',(-1.,-1.110223024625E-16,0.));
#4908 = PLANE('',#4909);
#4909 = AXIS2_PLACEMENT_3D('',#4910,#4911,#4912);
#4910 = CARTESIAN_POINT('',(2.637615762047,1.17,0.292893776214));
#4911 = DIRECTION('',(1.110223024625E-16,-1.,0.));
#4912 = DIRECTION('',(0.,0.,1.));
#4913 = ADVANCED_FACE('',(#4914),#4930,.F.);
#4914 = FACE_BOUND('',#4915,.F.);
#4915 = EDGE_LOOP('',(#4916,#4922,#4923,#4929));
#4916 = ORIENTED_EDGE('',*,*,#4917,.F.);
#4917 = EDGE_CURVE('',#2120,#2788,#4918,.T.);
#4918 = LINE('',#4919,#4920);
#4919 = CARTESIAN_POINT('',(2.4,1.17,0.625));
#4920 = VECTOR('',#4921,1.);
#4921 = DIRECTION('',(-1.,-1.110223024625E-16,0.));
#4922 = ORIENTED_EDGE('',*,*,#2136,.T.);
#4923 = ORIENTED_EDGE('',*,*,#4924,.T.);
#4924 = EDGE_CURVE('',#2129,#2796,#4925,.T.);
#4925 = LINE('',#4926,#4927);
#4926 = CARTESIAN_POINT('',(2.4,0.78,0.625));
#4927 = VECTOR('',#4928,1.);
#4928 = DIRECTION('',(-1.,-1.110223024625E-16,0.));
#4929 = ORIENTED_EDGE('',*,*,#2795,.F.);
#4930 = PLANE('',#4931);
#4931 = AXIS2_PLACEMENT_3D('',#4932,#4933,#4934);
#4932 = CARTESIAN_POINT('',(-3.188450421961E-18,2.475,0.625));
#4933 = DIRECTION('',(0.,0.,-1.));
#4934 = DIRECTION('',(1.,1.111674977262E-16,0.));
#4935 = ADVANCED_FACE('',(#4936),#5022,.F.);
#4936 = FACE_BOUND('',#4937,.F.);
#4937 = EDGE_LOOP('',(#4938,#4939,#4940,#4949,#4957,#4966,#4974,#4982,
    #4990,#4999,#5007,#5016));
#4938 = ORIENTED_EDGE('',*,*,#2128,.F.);
#4939 = ORIENTED_EDGE('',*,*,#2150,.T.);
#4940 = ORIENTED_EDGE('',*,*,#4941,.T.);
#4941 = EDGE_CURVE('',#2151,#4942,#4944,.T.);
#4942 = VERTEX_POINT('',#4943);
#4943 = CARTESIAN_POINT('',(2.498480775301,0.78,0.392364817767));
#4944 = CIRCLE('',#4945,0.1);
#4945 = AXIS2_PLACEMENT_3D('',#4946,#4947,#4948);
#4946 = CARTESIAN_POINT('',(2.4,0.78,0.375));
#4947 = DIRECTION('',(-1.110223024625E-16,1.,0.));
#4948 = DIRECTION('',(4.440892098501E-15,4.930380657631E-31,1.));
#4949 = ORIENTED_EDGE('',*,*,#4950,.T.);
#4950 = EDGE_CURVE('',#4942,#4951,#4953,.T.);
#4951 = VERTEX_POINT('',#4952);
#4952 = CARTESIAN_POINT('',(2.525838934336,0.78,0.206587955583));
#4953 = LINE('',#4954,#4955);
#4954 = CARTESIAN_POINT('',(2.498480775301,0.78,0.392364817767));
#4955 = VECTOR('',#4956,1.);
#4956 = DIRECTION('',(0.145692235845,1.617508747447E-17,-0.989329961345)
  );
#4957 = ORIENTED_EDGE('',*,*,#4958,.T.);
#4958 = EDGE_CURVE('',#4951,#4959,#4961,.T.);
#4959 = VERTEX_POINT('',#4960);
#4960 = CARTESIAN_POINT('',(2.772040872589,0.78,-5.551115123126E-17));
#4961 = CIRCLE('',#4962,0.25);
#4962 = AXIS2_PLACEMENT_3D('',#4963,#4964,#4965);
#4963 = CARTESIAN_POINT('',(2.772040872589,0.78,0.25));
#4964 = DIRECTION('',(1.110223024625E-16,-1.,0.));
#4965 = DIRECTION('',(-0.984807753012,-1.093356242223E-16,
    -0.173648177667));
#4966 = ORIENTED_EDGE('',*,*,#4967,.T.);
#4967 = EDGE_CURVE('',#4959,#4968,#4970,.T.);
#4968 = VERTEX_POINT('',#4969);
#4969 = CARTESIAN_POINT('',(3.2,0.78,-5.551115123126E-17));
#4970 = LINE('',#4971,#4972);
#4971 = CARTESIAN_POINT('',(2.772040872589,0.78,-5.551115123126E-17));
#4972 = VECTOR('',#4973,1.);
#4973 = DIRECTION('',(1.,1.110223024625E-16,0.));
#4974 = ORIENTED_EDGE('',*,*,#4975,.T.);
#4975 = EDGE_CURVE('',#4968,#4976,#4978,.T.);
#4976 = VERTEX_POINT('',#4977);
#4977 = CARTESIAN_POINT('',(3.2,0.78,0.15));
#4978 = LINE('',#4979,#4980);
#4979 = CARTESIAN_POINT('',(3.2,0.78,-5.551115123126E-17));
#4980 = VECTOR('',#4981,1.);
#4981 = DIRECTION('',(0.,0.,1.));
#4982 = ORIENTED_EDGE('',*,*,#4983,.T.);
#4983 = EDGE_CURVE('',#4976,#4984,#4986,.T.);
#4984 = VERTEX_POINT('',#4985);
#4985 = CARTESIAN_POINT('',(2.772040872589,0.78,0.15));
#4986 = LINE('',#4987,#4988);
#4987 = CARTESIAN_POINT('',(3.2,0.78,0.15));
#4988 = VECTOR('',#4989,1.);
#4989 = DIRECTION('',(-1.,-1.110223024625E-16,0.));
#4990 = ORIENTED_EDGE('',*,*,#4991,.T.);
#4991 = EDGE_CURVE('',#4984,#4992,#4994,.T.);
#4992 = VERTEX_POINT('',#4993);
#4993 = CARTESIAN_POINT('',(2.673560097287,0.78,0.232635182233));
#4994 = CIRCLE('',#4995,0.1);
#4995 = AXIS2_PLACEMENT_3D('',#4996,#4997,#4998);
#4996 = CARTESIAN_POINT('',(2.772040872589,0.78,0.25));
#4997 = DIRECTION('',(-1.110223024625E-16,1.,0.));
#4998 = DIRECTION('',(0.,0.,-1.));
#4999 = ORIENTED_EDGE('',*,*,#5000,.T.);
#5000 = EDGE_CURVE('',#4992,#5001,#5003,.T.);
#5001 = VERTEX_POINT('',#5002);
#5002 = CARTESIAN_POINT('',(2.646201938253,0.78,0.418412044417));
#5003 = LINE('',#5004,#5005);
#5004 = CARTESIAN_POINT('',(2.673560097287,0.78,0.232635182233));
#5005 = VECTOR('',#5006,1.);
#5006 = DIRECTION('',(-0.145692235845,-1.617508747447E-17,0.989329961345
    ));
#5007 = ORIENTED_EDGE('',*,*,#5008,.T.);
#5008 = EDGE_CURVE('',#5001,#5009,#5011,.T.);
#5009 = VERTEX_POINT('',#5010);
#5010 = CARTESIAN_POINT('',(2.4,0.78,0.625));
#5011 = CIRCLE('',#5012,0.25);
#5012 = AXIS2_PLACEMENT_3D('',#5013,#5014,#5015);
#5013 = CARTESIAN_POINT('',(2.4,0.78,0.375));
#5014 = DIRECTION('',(1.110223024625E-16,-1.,0.));
#5015 = DIRECTION('',(0.984807753012,1.093356242223E-16,0.173648177667)
  );
#5016 = ORIENTED_EDGE('',*,*,#5017,.T.);
#5017 = EDGE_CURVE('',#5009,#2129,#5018,.T.);
#5018 = LINE('',#5019,#5020);
#5019 = CARTESIAN_POINT('',(2.4,0.78,0.625));
#5020 = VECTOR('',#5021,1.);
#5021 = DIRECTION('',(-1.,-1.110223024625E-16,0.));
#5022 = PLANE('',#5023);
#5023 = AXIS2_PLACEMENT_3D('',#5024,#5025,#5026);
#5024 = CARTESIAN_POINT('',(2.637615762047,0.78,0.292893776214));
#5025 = DIRECTION('',(1.110223024625E-16,-1.,0.));
#5026 = DIRECTION('',(0.,0.,1.));
#5027 = ADVANCED_FACE('',(#5028),#5047,.F.);
#5028 = FACE_BOUND('',#5029,.F.);
#5029 = EDGE_LOOP('',(#5030,#5031,#5040,#5046));
#5030 = ORIENTED_EDGE('',*,*,#2167,.T.);
#5031 = ORIENTED_EDGE('',*,*,#5032,.T.);
#5032 = EDGE_CURVE('',#2160,#5033,#5035,.T.);
#5033 = VERTEX_POINT('',#5034);
#5034 = CARTESIAN_POINT('',(2.498480775301,0.52,0.392364817767));
#5035 = CIRCLE('',#5036,0.1);
#5036 = AXIS2_PLACEMENT_3D('',#5037,#5038,#5039);
#5037 = CARTESIAN_POINT('',(2.4,0.52,0.375));
#5038 = DIRECTION('',(-1.110223024625E-16,1.,0.));
#5039 = DIRECTION('',(4.440892098501E-15,4.930380657631E-31,1.));
#5040 = ORIENTED_EDGE('',*,*,#5041,.F.);
#5041 = EDGE_CURVE('',#4942,#5033,#5042,.T.);
#5042 = LINE('',#5043,#5044);
#5043 = CARTESIAN_POINT('',(2.498480775301,0.78,0.392364817767));
#5044 = VECTOR('',#5045,1.);
#5045 = DIRECTION('',(1.110223024625E-16,-1.,0.));
#5046 = ORIENTED_EDGE('',*,*,#4941,.F.);
#5047 = CYLINDRICAL_SURFACE('',#5048,0.1);
#5048 = AXIS2_PLACEMENT_3D('',#5049,#5050,#5051);
#5049 = CARTESIAN_POINT('',(2.4,0.78,0.375));
#5050 = DIRECTION('',(-1.110223024625E-16,1.,0.));
#5051 = DIRECTION('',(4.440892098501E-15,4.930380657631E-31,1.));
#5052 = ADVANCED_FACE('',(#5053),#5131,.T.);
#5053 = FACE_BOUND('',#5054,.T.);
#5054 = EDGE_LOOP('',(#5055,#5056,#5057,#5058,#5066,#5075,#5083,#5091,
    #5099,#5108,#5116,#5125));
#5055 = ORIENTED_EDGE('',*,*,#2181,.F.);
#5056 = ORIENTED_EDGE('',*,*,#2159,.T.);
#5057 = ORIENTED_EDGE('',*,*,#5032,.T.);
#5058 = ORIENTED_EDGE('',*,*,#5059,.T.);
#5059 = EDGE_CURVE('',#5033,#5060,#5062,.T.);
#5060 = VERTEX_POINT('',#5061);
#5061 = CARTESIAN_POINT('',(2.525838934336,0.52,0.206587955583));
#5062 = LINE('',#5063,#5064);
#5063 = CARTESIAN_POINT('',(2.498480775301,0.52,0.392364817767));
#5064 = VECTOR('',#5065,1.);
#5065 = DIRECTION('',(0.145692235845,1.617508747447E-17,-0.989329961345)
  );
#5066 = ORIENTED_EDGE('',*,*,#5067,.T.);
#5067 = EDGE_CURVE('',#5060,#5068,#5070,.T.);
#5068 = VERTEX_POINT('',#5069);
#5069 = CARTESIAN_POINT('',(2.772040872589,0.52,-5.551115123126E-17));
#5070 = CIRCLE('',#5071,0.25);
#5071 = AXIS2_PLACEMENT_3D('',#5072,#5073,#5074);
#5072 = CARTESIAN_POINT('',(2.772040872589,0.52,0.25));
#5073 = DIRECTION('',(1.110223024625E-16,-1.,0.));
#5074 = DIRECTION('',(-0.984807753012,-1.093356242223E-16,
    -0.173648177667));
#5075 = ORIENTED_EDGE('',*,*,#5076,.T.);
#5076 = EDGE_CURVE('',#5068,#5077,#5079,.T.);
#5077 = VERTEX_POINT('',#5078);
#5078 = CARTESIAN_POINT('',(3.2,0.52,-5.551115123126E-17));
#5079 = LINE('',#5080,#5081);
#5080 = CARTESIAN_POINT('',(2.772040872589,0.52,-5.551115123126E-17));
#5081 = VECTOR('',#5082,1.);
#5082 = DIRECTION('',(1.,1.110223024625E-16,0.));
#5083 = ORIENTED_EDGE('',*,*,#5084,.T.);
#5084 = EDGE_CURVE('',#5077,#5085,#5087,.T.);
#5085 = VERTEX_POINT('',#5086);
#5086 = CARTESIAN_POINT('',(3.2,0.52,0.15));
#5087 = LINE('',#5088,#5089);
#5088 = CARTESIAN_POINT('',(3.2,0.52,-5.551115123126E-17));
#5089 = VECTOR('',#5090,1.);
#5090 = DIRECTION('',(0.,0.,1.));
#5091 = ORIENTED_EDGE('',*,*,#5092,.T.);
#5092 = EDGE_CURVE('',#5085,#5093,#5095,.T.);
#5093 = VERTEX_POINT('',#5094);
#5094 = CARTESIAN_POINT('',(2.772040872589,0.52,0.15));
#5095 = LINE('',#5096,#5097);
#5096 = CARTESIAN_POINT('',(3.2,0.52,0.15));
#5097 = VECTOR('',#5098,1.);
#5098 = DIRECTION('',(-1.,-1.110223024625E-16,0.));
#5099 = ORIENTED_EDGE('',*,*,#5100,.T.);
#5100 = EDGE_CURVE('',#5093,#5101,#5103,.T.);
#5101 = VERTEX_POINT('',#5102);
#5102 = CARTESIAN_POINT('',(2.673560097287,0.52,0.232635182233));
#5103 = CIRCLE('',#5104,0.1);
#5104 = AXIS2_PLACEMENT_3D('',#5105,#5106,#5107);
#5105 = CARTESIAN_POINT('',(2.772040872589,0.52,0.25));
#5106 = DIRECTION('',(-1.110223024625E-16,1.,0.));
#5107 = DIRECTION('',(0.,0.,-1.));
#5108 = ORIENTED_EDGE('',*,*,#5109,.T.);
#5109 = EDGE_CURVE('',#5101,#5110,#5112,.T.);
#5110 = VERTEX_POINT('',#5111);
#5111 = CARTESIAN_POINT('',(2.646201938253,0.52,0.418412044417));
#5112 = LINE('',#5113,#5114);
#5113 = CARTESIAN_POINT('',(2.673560097287,0.52,0.232635182233));
#5114 = VECTOR('',#5115,1.);
#5115 = DIRECTION('',(-0.145692235845,-1.617508747447E-17,0.989329961345
    ));
#5116 = ORIENTED_EDGE('',*,*,#5117,.T.);
#5117 = EDGE_CURVE('',#5110,#5118,#5120,.T.);
#5118 = VERTEX_POINT('',#5119);
#5119 = CARTESIAN_POINT('',(2.4,0.52,0.625));
#5120 = CIRCLE('',#5121,0.25);
#5121 = AXIS2_PLACEMENT_3D('',#5122,#5123,#5124);
#5122 = CARTESIAN_POINT('',(2.4,0.52,0.375));
#5123 = DIRECTION('',(1.110223024625E-16,-1.,0.));
#5124 = DIRECTION('',(0.984807753012,1.093356242223E-16,0.173648177667)
  );
#5125 = ORIENTED_EDGE('',*,*,#5126,.T.);
#5126 = EDGE_CURVE('',#5118,#2182,#5127,.T.);
#5127 = LINE('',#5128,#5129);
#5128 = CARTESIAN_POINT('',(2.4,0.52,0.625));
#5129 = VECTOR('',#5130,1.);
#5130 = DIRECTION('',(-1.,-1.110223024625E-16,0.));
#5131 = PLANE('',#5132);
#5132 = AXIS2_PLACEMENT_3D('',#5133,#5134,#5135);
#5133 = CARTESIAN_POINT('',(2.637615762047,0.52,0.292893776214));
#5134 = DIRECTION('',(1.110223024625E-16,-1.,0.));
#5135 = DIRECTION('',(0.,0.,1.));
#5136 = ADVANCED_FACE('',(#5137),#5153,.F.);
#5137 = FACE_BOUND('',#5138,.F.);
#5138 = EDGE_LOOP('',(#5139,#5145,#5146,#5152));
#5139 = ORIENTED_EDGE('',*,*,#5140,.F.);
#5140 = EDGE_CURVE('',#2182,#2804,#5141,.T.);
#5141 = LINE('',#5142,#5143);
#5142 = CARTESIAN_POINT('',(2.4,0.52,0.625));
#5143 = VECTOR('',#5144,1.);
#5144 = DIRECTION('',(-1.,-1.110223024625E-16,0.));
#5145 = ORIENTED_EDGE('',*,*,#2198,.T.);
#5146 = ORIENTED_EDGE('',*,*,#5147,.T.);
#5147 = EDGE_CURVE('',#2191,#2812,#5148,.T.);
#5148 = LINE('',#5149,#5150);
#5149 = CARTESIAN_POINT('',(2.4,0.13,0.625));
#5150 = VECTOR('',#5151,1.);
#5151 = DIRECTION('',(-1.,-1.110223024625E-16,0.));
#5152 = ORIENTED_EDGE('',*,*,#2811,.F.);
#5153 = PLANE('',#5154);
#5154 = AXIS2_PLACEMENT_3D('',#5155,#5156,#5157);
#5155 = CARTESIAN_POINT('',(-3.188450421961E-18,2.475,0.625));
#5156 = DIRECTION('',(0.,0.,-1.));
#5157 = DIRECTION('',(1.,1.111674977262E-16,0.));
#5158 = ADVANCED_FACE('',(#5159),#5245,.F.);
#5159 = FACE_BOUND('',#5160,.F.);
#5160 = EDGE_LOOP('',(#5161,#5162,#5163,#5172,#5180,#5189,#5197,#5205,
    #5213,#5222,#5230,#5239));
#5161 = ORIENTED_EDGE('',*,*,#2190,.F.);
#5162 = ORIENTED_EDGE('',*,*,#2212,.T.);
#5163 = ORIENTED_EDGE('',*,*,#5164,.T.);
#5164 = EDGE_CURVE('',#2213,#5165,#5167,.T.);
#5165 = VERTEX_POINT('',#5166);
#5166 = CARTESIAN_POINT('',(2.498480775301,0.13,0.392364817767));
#5167 = CIRCLE('',#5168,0.1);
#5168 = AXIS2_PLACEMENT_3D('',#5169,#5170,#5171);
#5169 = CARTESIAN_POINT('',(2.4,0.13,0.375));
#5170 = DIRECTION('',(-1.110223024625E-16,1.,0.));
#5171 = DIRECTION('',(4.440892098501E-15,4.930380657631E-31,1.));
#5172 = ORIENTED_EDGE('',*,*,#5173,.T.);
#5173 = EDGE_CURVE('',#5165,#5174,#5176,.T.);
#5174 = VERTEX_POINT('',#5175);
#5175 = CARTESIAN_POINT('',(2.525838934336,0.13,0.206587955583));
#5176 = LINE('',#5177,#5178);
#5177 = CARTESIAN_POINT('',(2.498480775301,0.13,0.392364817767));
#5178 = VECTOR('',#5179,1.);
#5179 = DIRECTION('',(0.145692235845,1.617508747447E-17,-0.989329961345)
  );
#5180 = ORIENTED_EDGE('',*,*,#5181,.T.);
#5181 = EDGE_CURVE('',#5174,#5182,#5184,.T.);
#5182 = VERTEX_POINT('',#5183);
#5183 = CARTESIAN_POINT('',(2.772040872589,0.13,-5.551115123126E-17));
#5184 = CIRCLE('',#5185,0.25);
#5185 = AXIS2_PLACEMENT_3D('',#5186,#5187,#5188);
#5186 = CARTESIAN_POINT('',(2.772040872589,0.13,0.25));
#5187 = DIRECTION('',(1.110223024625E-16,-1.,0.));
#5188 = DIRECTION('',(-0.984807753012,-1.093356242223E-16,
    -0.173648177667));
#5189 = ORIENTED_EDGE('',*,*,#5190,.T.);
#5190 = EDGE_CURVE('',#5182,#5191,#5193,.T.);
#5191 = VERTEX_POINT('',#5192);
#5192 = CARTESIAN_POINT('',(3.2,0.13,-5.551115123126E-17));
#5193 = LINE('',#5194,#5195);
#5194 = CARTESIAN_POINT('',(2.772040872589,0.13,-5.551115123126E-17));
#5195 = VECTOR('',#5196,1.);
#5196 = DIRECTION('',(1.,1.110223024625E-16,0.));
#5197 = ORIENTED_EDGE('',*,*,#5198,.T.);
#5198 = EDGE_CURVE('',#5191,#5199,#5201,.T.);
#5199 = VERTEX_POINT('',#5200);
#5200 = CARTESIAN_POINT('',(3.2,0.13,0.15));
#5201 = LINE('',#5202,#5203);
#5202 = CARTESIAN_POINT('',(3.2,0.13,-5.551115123126E-17));
#5203 = VECTOR('',#5204,1.);
#5204 = DIRECTION('',(0.,0.,1.));
#5205 = ORIENTED_EDGE('',*,*,#5206,.T.);
#5206 = EDGE_CURVE('',#5199,#5207,#5209,.T.);
#5207 = VERTEX_POINT('',#5208);
#5208 = CARTESIAN_POINT('',(2.772040872589,0.13,0.15));
#5209 = LINE('',#5210,#5211);
#5210 = CARTESIAN_POINT('',(3.2,0.13,0.15));
#5211 = VECTOR('',#5212,1.);
#5212 = DIRECTION('',(-1.,-1.110223024625E-16,0.));
#5213 = ORIENTED_EDGE('',*,*,#5214,.T.);
#5214 = EDGE_CURVE('',#5207,#5215,#5217,.T.);
#5215 = VERTEX_POINT('',#5216);
#5216 = CARTESIAN_POINT('',(2.673560097287,0.13,0.232635182233));
#5217 = CIRCLE('',#5218,0.1);
#5218 = AXIS2_PLACEMENT_3D('',#5219,#5220,#5221);
#5219 = CARTESIAN_POINT('',(2.772040872589,0.13,0.25));
#5220 = DIRECTION('',(-1.110223024625E-16,1.,0.));
#5221 = DIRECTION('',(0.,0.,-1.));
#5222 = ORIENTED_EDGE('',*,*,#5223,.T.);
#5223 = EDGE_CURVE('',#5215,#5224,#5226,.T.);
#5224 = VERTEX_POINT('',#5225);
#5225 = CARTESIAN_POINT('',(2.646201938253,0.13,0.418412044417));
#5226 = LINE('',#5227,#5228);
#5227 = CARTESIAN_POINT('',(2.673560097287,0.13,0.232635182233));
#5228 = VECTOR('',#5229,1.);
#5229 = DIRECTION('',(-0.145692235845,-1.617508747447E-17,0.989329961345
    ));
#5230 = ORIENTED_EDGE('',*,*,#5231,.T.);
#5231 = EDGE_CURVE('',#5224,#5232,#5234,.T.);
#5232 = VERTEX_POINT('',#5233);
#5233 = CARTESIAN_POINT('',(2.4,0.13,0.625));
#5234 = CIRCLE('',#5235,0.25);
#5235 = AXIS2_PLACEMENT_3D('',#5236,#5237,#5238);
#5236 = CARTESIAN_POINT('',(2.4,0.13,0.375));
#5237 = DIRECTION('',(1.110223024625E-16,-1.,0.));
#5238 = DIRECTION('',(0.984807753012,1.093356242223E-16,0.173648177667)
  );
#5239 = ORIENTED_EDGE('',*,*,#5240,.T.);
#5240 = EDGE_CURVE('',#5232,#2191,#5241,.T.);
#5241 = LINE('',#5242,#5243);
#5242 = CARTESIAN_POINT('',(2.4,0.13,0.625));
#5243 = VECTOR('',#5244,1.);
#5244 = DIRECTION('',(-1.,-1.110223024625E-16,0.));
#5245 = PLANE('',#5246);
#5246 = AXIS2_PLACEMENT_3D('',#5247,#5248,#5249);
#5247 = CARTESIAN_POINT('',(2.637615762047,0.13,0.292893776214));
#5248 = DIRECTION('',(1.110223024625E-16,-1.,0.));
#5249 = DIRECTION('',(0.,0.,1.));
#5250 = ADVANCED_FACE('',(#5251),#5270,.F.);
#5251 = FACE_BOUND('',#5252,.F.);
#5252 = EDGE_LOOP('',(#5253,#5254,#5263,#5269));
#5253 = ORIENTED_EDGE('',*,*,#2229,.T.);
#5254 = ORIENTED_EDGE('',*,*,#5255,.T.);
#5255 = EDGE_CURVE('',#2222,#5256,#5258,.T.);
#5256 = VERTEX_POINT('',#5257);
#5257 = CARTESIAN_POINT('',(2.498480775301,-0.13,0.392364817767));
#5258 = CIRCLE('',#5259,0.1);
#5259 = AXIS2_PLACEMENT_3D('',#5260,#5261,#5262);
#5260 = CARTESIAN_POINT('',(2.4,-0.13,0.375));
#5261 = DIRECTION('',(-1.110223024625E-16,1.,0.));
#5262 = DIRECTION('',(4.440892098501E-15,4.930380657631E-31,1.));
#5263 = ORIENTED_EDGE('',*,*,#5264,.F.);
#5264 = EDGE_CURVE('',#5165,#5256,#5265,.T.);
#5265 = LINE('',#5266,#5267);
#5266 = CARTESIAN_POINT('',(2.498480775301,0.13,0.392364817767));
#5267 = VECTOR('',#5268,1.);
#5268 = DIRECTION('',(1.110223024625E-16,-1.,0.));
#5269 = ORIENTED_EDGE('',*,*,#5164,.F.);
#5270 = CYLINDRICAL_SURFACE('',#5271,0.1);
#5271 = AXIS2_PLACEMENT_3D('',#5272,#5273,#5274);
#5272 = CARTESIAN_POINT('',(2.4,0.13,0.375));
#5273 = DIRECTION('',(-1.110223024625E-16,1.,0.));
#5274 = DIRECTION('',(4.440892098501E-15,4.930380657631E-31,1.));
#5275 = ADVANCED_FACE('',(#5276),#5354,.T.);
#5276 = FACE_BOUND('',#5277,.T.);
#5277 = EDGE_LOOP('',(#5278,#5279,#5280,#5281,#5289,#5298,#5306,#5314,
    #5322,#5331,#5339,#5348));
#5278 = ORIENTED_EDGE('',*,*,#2243,.F.);
#5279 = ORIENTED_EDGE('',*,*,#2221,.T.);
#5280 = ORIENTED_EDGE('',*,*,#5255,.T.);
#5281 = ORIENTED_EDGE('',*,*,#5282,.T.);
#5282 = EDGE_CURVE('',#5256,#5283,#5285,.T.);
#5283 = VERTEX_POINT('',#5284);
#5284 = CARTESIAN_POINT('',(2.525838934336,-0.13,0.206587955583));
#5285 = LINE('',#5286,#5287);
#5286 = CARTESIAN_POINT('',(2.498480775301,-0.13,0.392364817767));
#5287 = VECTOR('',#5288,1.);
#5288 = DIRECTION('',(0.145692235845,1.617508747447E-17,-0.989329961345)
  );
#5289 = ORIENTED_EDGE('',*,*,#5290,.T.);
#5290 = EDGE_CURVE('',#5283,#5291,#5293,.T.);
#5291 = VERTEX_POINT('',#5292);
#5292 = CARTESIAN_POINT('',(2.772040872589,-0.13,-5.551115123126E-17));
#5293 = CIRCLE('',#5294,0.25);
#5294 = AXIS2_PLACEMENT_3D('',#5295,#5296,#5297);
#5295 = CARTESIAN_POINT('',(2.772040872589,-0.13,0.25));
#5296 = DIRECTION('',(1.110223024625E-16,-1.,0.));
#5297 = DIRECTION('',(-0.984807753012,-1.093356242223E-16,
    -0.173648177667));
#5298 = ORIENTED_EDGE('',*,*,#5299,.T.);
#5299 = EDGE_CURVE('',#5291,#5300,#5302,.T.);
#5300 = VERTEX_POINT('',#5301);
#5301 = CARTESIAN_POINT('',(3.2,-0.13,-5.551115123126E-17));
#5302 = LINE('',#5303,#5304);
#5303 = CARTESIAN_POINT('',(2.772040872589,-0.13,-5.551115123126E-17));
#5304 = VECTOR('',#5305,1.);
#5305 = DIRECTION('',(1.,1.110223024625E-16,0.));
#5306 = ORIENTED_EDGE('',*,*,#5307,.T.);
#5307 = EDGE_CURVE('',#5300,#5308,#5310,.T.);
#5308 = VERTEX_POINT('',#5309);
#5309 = CARTESIAN_POINT('',(3.2,-0.13,0.15));
#5310 = LINE('',#5311,#5312);
#5311 = CARTESIAN_POINT('',(3.2,-0.13,-5.551115123126E-17));
#5312 = VECTOR('',#5313,1.);
#5313 = DIRECTION('',(0.,0.,1.));
#5314 = ORIENTED_EDGE('',*,*,#5315,.T.);
#5315 = EDGE_CURVE('',#5308,#5316,#5318,.T.);
#5316 = VERTEX_POINT('',#5317);
#5317 = CARTESIAN_POINT('',(2.772040872589,-0.13,0.15));
#5318 = LINE('',#5319,#5320);
#5319 = CARTESIAN_POINT('',(3.2,-0.13,0.15));
#5320 = VECTOR('',#5321,1.);
#5321 = DIRECTION('',(-1.,-1.110223024625E-16,0.));
#5322 = ORIENTED_EDGE('',*,*,#5323,.T.);
#5323 = EDGE_CURVE('',#5316,#5324,#5326,.T.);
#5324 = VERTEX_POINT('',#5325);
#5325 = CARTESIAN_POINT('',(2.673560097287,-0.13,0.232635182233));
#5326 = CIRCLE('',#5327,0.1);
#5327 = AXIS2_PLACEMENT_3D('',#5328,#5329,#5330);
#5328 = CARTESIAN_POINT('',(2.772040872589,-0.13,0.25));
#5329 = DIRECTION('',(-1.110223024625E-16,1.,0.));
#5330 = DIRECTION('',(0.,0.,-1.));
#5331 = ORIENTED_EDGE('',*,*,#5332,.T.);
#5332 = EDGE_CURVE('',#5324,#5333,#5335,.T.);
#5333 = VERTEX_POINT('',#5334);
#5334 = CARTESIAN_POINT('',(2.646201938253,-0.13,0.418412044417));
#5335 = LINE('',#5336,#5337);
#5336 = CARTESIAN_POINT('',(2.673560097287,-0.13,0.232635182233));
#5337 = VECTOR('',#5338,1.);
#5338 = DIRECTION('',(-0.145692235845,-1.617508747447E-17,0.989329961345
    ));
#5339 = ORIENTED_EDGE('',*,*,#5340,.T.);
#5340 = EDGE_CURVE('',#5333,#5341,#5343,.T.);
#5341 = VERTEX_POINT('',#5342);
#5342 = CARTESIAN_POINT('',(2.4,-0.13,0.625));
#5343 = CIRCLE('',#5344,0.25);
#5344 = AXIS2_PLACEMENT_3D('',#5345,#5346,#5347);
#5345 = CARTESIAN_POINT('',(2.4,-0.13,0.375));
#5346 = DIRECTION('',(1.110223024625E-16,-1.,0.));
#5347 = DIRECTION('',(0.984807753012,1.093356242223E-16,0.173648177667)
  );
#5348 = ORIENTED_EDGE('',*,*,#5349,.T.);
#5349 = EDGE_CURVE('',#5341,#2244,#5350,.T.);
#5350 = LINE('',#5351,#5352);
#5351 = CARTESIAN_POINT('',(2.4,-0.13,0.625));
#5352 = VECTOR('',#5353,1.);
#5353 = DIRECTION('',(-1.,-1.110223024625E-16,0.));
#5354 = PLANE('',#5355);
#5355 = AXIS2_PLACEMENT_3D('',#5356,#5357,#5358);
#5356 = CARTESIAN_POINT('',(2.637615762047,-0.13,0.292893776214));
#5357 = DIRECTION('',(1.110223024625E-16,-1.,0.));
#5358 = DIRECTION('',(0.,0.,1.));
#5359 = ADVANCED_FACE('',(#5360),#5376,.F.);
#5360 = FACE_BOUND('',#5361,.F.);
#5361 = EDGE_LOOP('',(#5362,#5368,#5369,#5375));
#5362 = ORIENTED_EDGE('',*,*,#5363,.F.);
#5363 = EDGE_CURVE('',#2244,#2820,#5364,.T.);
#5364 = LINE('',#5365,#5366);
#5365 = CARTESIAN_POINT('',(2.4,-0.13,0.625));
#5366 = VECTOR('',#5367,1.);
#5367 = DIRECTION('',(-1.,-1.110223024625E-16,0.));
#5368 = ORIENTED_EDGE('',*,*,#2260,.T.);
#5369 = ORIENTED_EDGE('',*,*,#5370,.T.);
#5370 = EDGE_CURVE('',#2253,#2828,#5371,.T.);
#5371 = LINE('',#5372,#5373);
#5372 = CARTESIAN_POINT('',(2.4,-0.52,0.625));
#5373 = VECTOR('',#5374,1.);
#5374 = DIRECTION('',(-1.,-1.110223024625E-16,0.));
#5375 = ORIENTED_EDGE('',*,*,#2827,.F.);
#5376 = PLANE('',#5377);
#5377 = AXIS2_PLACEMENT_3D('',#5378,#5379,#5380);
#5378 = CARTESIAN_POINT('',(-3.188450421961E-18,2.475,0.625));
#5379 = DIRECTION('',(0.,0.,-1.));
#5380 = DIRECTION('',(1.,1.111674977262E-16,0.));
#5381 = ADVANCED_FACE('',(#5382),#5468,.F.);
#5382 = FACE_BOUND('',#5383,.F.);
#5383 = EDGE_LOOP('',(#5384,#5385,#5386,#5395,#5403,#5412,#5420,#5428,
    #5436,#5445,#5453,#5462));
#5384 = ORIENTED_EDGE('',*,*,#2252,.F.);
#5385 = ORIENTED_EDGE('',*,*,#2274,.T.);
#5386 = ORIENTED_EDGE('',*,*,#5387,.T.);
#5387 = EDGE_CURVE('',#2275,#5388,#5390,.T.);
#5388 = VERTEX_POINT('',#5389);
#5389 = CARTESIAN_POINT('',(2.498480775301,-0.52,0.392364817767));
#5390 = CIRCLE('',#5391,0.1);
#5391 = AXIS2_PLACEMENT_3D('',#5392,#5393,#5394);
#5392 = CARTESIAN_POINT('',(2.4,-0.52,0.375));
#5393 = DIRECTION('',(-1.110223024625E-16,1.,0.));
#5394 = DIRECTION('',(4.440892098501E-15,4.930380657631E-31,1.));
#5395 = ORIENTED_EDGE('',*,*,#5396,.T.);
#5396 = EDGE_CURVE('',#5388,#5397,#5399,.T.);
#5397 = VERTEX_POINT('',#5398);
#5398 = CARTESIAN_POINT('',(2.525838934336,-0.52,0.206587955583));
#5399 = LINE('',#5400,#5401);
#5400 = CARTESIAN_POINT('',(2.498480775301,-0.52,0.392364817767));
#5401 = VECTOR('',#5402,1.);
#5402 = DIRECTION('',(0.145692235845,1.617508747447E-17,-0.989329961345)
  );
#5403 = ORIENTED_EDGE('',*,*,#5404,.T.);
#5404 = EDGE_CURVE('',#5397,#5405,#5407,.T.);
#5405 = VERTEX_POINT('',#5406);
#5406 = CARTESIAN_POINT('',(2.772040872589,-0.52,-5.551115123126E-17));
#5407 = CIRCLE('',#5408,0.25);
#5408 = AXIS2_PLACEMENT_3D('',#5409,#5410,#5411);
#5409 = CARTESIAN_POINT('',(2.772040872589,-0.52,0.25));
#5410 = DIRECTION('',(1.110223024625E-16,-1.,0.));
#5411 = DIRECTION('',(-0.984807753012,-1.093356242223E-16,
    -0.173648177667));
#5412 = ORIENTED_EDGE('',*,*,#5413,.T.);
#5413 = EDGE_CURVE('',#5405,#5414,#5416,.T.);
#5414 = VERTEX_POINT('',#5415);
#5415 = CARTESIAN_POINT('',(3.2,-0.52,-5.551115123126E-17));
#5416 = LINE('',#5417,#5418);
#5417 = CARTESIAN_POINT('',(2.772040872589,-0.52,-5.551115123126E-17));
#5418 = VECTOR('',#5419,1.);
#5419 = DIRECTION('',(1.,1.110223024625E-16,0.));
#5420 = ORIENTED_EDGE('',*,*,#5421,.T.);
#5421 = EDGE_CURVE('',#5414,#5422,#5424,.T.);
#5422 = VERTEX_POINT('',#5423);
#5423 = CARTESIAN_POINT('',(3.2,-0.52,0.15));
#5424 = LINE('',#5425,#5426);
#5425 = CARTESIAN_POINT('',(3.2,-0.52,-5.551115123126E-17));
#5426 = VECTOR('',#5427,1.);
#5427 = DIRECTION('',(0.,0.,1.));
#5428 = ORIENTED_EDGE('',*,*,#5429,.T.);
#5429 = EDGE_CURVE('',#5422,#5430,#5432,.T.);
#5430 = VERTEX_POINT('',#5431);
#5431 = CARTESIAN_POINT('',(2.772040872589,-0.52,0.15));
#5432 = LINE('',#5433,#5434);
#5433 = CARTESIAN_POINT('',(3.2,-0.52,0.15));
#5434 = VECTOR('',#5435,1.);
#5435 = DIRECTION('',(-1.,-1.110223024625E-16,0.));
#5436 = ORIENTED_EDGE('',*,*,#5437,.T.);
#5437 = EDGE_CURVE('',#5430,#5438,#5440,.T.);
#5438 = VERTEX_POINT('',#5439);
#5439 = CARTESIAN_POINT('',(2.673560097287,-0.52,0.232635182233));
#5440 = CIRCLE('',#5441,0.1);
#5441 = AXIS2_PLACEMENT_3D('',#5442,#5443,#5444);
#5442 = CARTESIAN_POINT('',(2.772040872589,-0.52,0.25));
#5443 = DIRECTION('',(-1.110223024625E-16,1.,0.));
#5444 = DIRECTION('',(0.,0.,-1.));
#5445 = ORIENTED_EDGE('',*,*,#5446,.T.);
#5446 = EDGE_CURVE('',#5438,#5447,#5449,.T.);
#5447 = VERTEX_POINT('',#5448);
#5448 = CARTESIAN_POINT('',(2.646201938253,-0.52,0.418412044417));
#5449 = LINE('',#5450,#5451);
#5450 = CARTESIAN_POINT('',(2.673560097287,-0.52,0.232635182233));
#5451 = VECTOR('',#5452,1.);
#5452 = DIRECTION('',(-0.145692235845,-1.617508747447E-17,0.989329961345
    ));
#5453 = ORIENTED_EDGE('',*,*,#5454,.T.);
#5454 = EDGE_CURVE('',#5447,#5455,#5457,.T.);
#5455 = VERTEX_POINT('',#5456);
#5456 = CARTESIAN_POINT('',(2.4,-0.52,0.625));
#5457 = CIRCLE('',#5458,0.25);
#5458 = AXIS2_PLACEMENT_3D('',#5459,#5460,#5461);
#5459 = CARTESIAN_POINT('',(2.4,-0.52,0.375));
#5460 = DIRECTION('',(1.110223024625E-16,-1.,0.));
#5461 = DIRECTION('',(0.984807753012,1.093356242223E-16,0.173648177667)
  );
#5462 = ORIENTED_EDGE('',*,*,#5463,.T.);
#5463 = EDGE_CURVE('',#5455,#2253,#5464,.T.);
#5464 = LINE('',#5465,#5466);
#5465 = CARTESIAN_POINT('',(2.4,-0.52,0.625));
#5466 = VECTOR('',#5467,1.);
#5467 = DIRECTION('',(-1.,-1.110223024625E-16,0.));
#5468 = PLANE('',#5469);
#5469 = AXIS2_PLACEMENT_3D('',#5470,#5471,#5472);
#5470 = CARTESIAN_POINT('',(2.637615762047,-0.52,0.292893776214));
#5471 = DIRECTION('',(1.110223024625E-16,-1.,0.));
#5472 = DIRECTION('',(0.,0.,1.));
#5473 = ADVANCED_FACE('',(#5474),#5493,.F.);
#5474 = FACE_BOUND('',#5475,.F.);
#5475 = EDGE_LOOP('',(#5476,#5477,#5486,#5492));
#5476 = ORIENTED_EDGE('',*,*,#2291,.T.);
#5477 = ORIENTED_EDGE('',*,*,#5478,.T.);
#5478 = EDGE_CURVE('',#2284,#5479,#5481,.T.);
#5479 = VERTEX_POINT('',#5480);
#5480 = CARTESIAN_POINT('',(2.498480775301,-0.78,0.392364817767));
#5481 = CIRCLE('',#5482,0.1);
#5482 = AXIS2_PLACEMENT_3D('',#5483,#5484,#5485);
#5483 = CARTESIAN_POINT('',(2.4,-0.78,0.375));
#5484 = DIRECTION('',(-1.110223024625E-16,1.,0.));
#5485 = DIRECTION('',(4.440892098501E-15,4.930380657631E-31,1.));
#5486 = ORIENTED_EDGE('',*,*,#5487,.F.);
#5487 = EDGE_CURVE('',#5388,#5479,#5488,.T.);
#5488 = LINE('',#5489,#5490);
#5489 = CARTESIAN_POINT('',(2.498480775301,-0.52,0.392364817767));
#5490 = VECTOR('',#5491,1.);
#5491 = DIRECTION('',(1.110223024625E-16,-1.,0.));
#5492 = ORIENTED_EDGE('',*,*,#5387,.F.);
#5493 = CYLINDRICAL_SURFACE('',#5494,0.1);
#5494 = AXIS2_PLACEMENT_3D('',#5495,#5496,#5497);
#5495 = CARTESIAN_POINT('',(2.4,-0.52,0.375));
#5496 = DIRECTION('',(-1.110223024625E-16,1.,0.));
#5497 = DIRECTION('',(4.440892098501E-15,4.930380657631E-31,1.));
#5498 = ADVANCED_FACE('',(#5499),#5577,.T.);
#5499 = FACE_BOUND('',#5500,.T.);
#5500 = EDGE_LOOP('',(#5501,#5502,#5503,#5504,#5512,#5521,#5529,#5537,
    #5545,#5554,#5562,#5571));
#5501 = ORIENTED_EDGE('',*,*,#2305,.F.);
#5502 = ORIENTED_EDGE('',*,*,#2283,.T.);
#5503 = ORIENTED_EDGE('',*,*,#5478,.T.);
#5504 = ORIENTED_EDGE('',*,*,#5505,.T.);
#5505 = EDGE_CURVE('',#5479,#5506,#5508,.T.);
#5506 = VERTEX_POINT('',#5507);
#5507 = CARTESIAN_POINT('',(2.525838934336,-0.78,0.206587955583));
#5508 = LINE('',#5509,#5510);
#5509 = CARTESIAN_POINT('',(2.498480775301,-0.78,0.392364817767));
#5510 = VECTOR('',#5511,1.);
#5511 = DIRECTION('',(0.145692235845,1.617508747447E-17,-0.989329961345)
  );
#5512 = ORIENTED_EDGE('',*,*,#5513,.T.);
#5513 = EDGE_CURVE('',#5506,#5514,#5516,.T.);
#5514 = VERTEX_POINT('',#5515);
#5515 = CARTESIAN_POINT('',(2.772040872589,-0.78,-5.551115123126E-17));
#5516 = CIRCLE('',#5517,0.25);
#5517 = AXIS2_PLACEMENT_3D('',#5518,#5519,#5520);
#5518 = CARTESIAN_POINT('',(2.772040872589,-0.78,0.25));
#5519 = DIRECTION('',(1.110223024625E-16,-1.,0.));
#5520 = DIRECTION('',(-0.984807753012,-1.093356242223E-16,
    -0.173648177667));
#5521 = ORIENTED_EDGE('',*,*,#5522,.T.);
#5522 = EDGE_CURVE('',#5514,#5523,#5525,.T.);
#5523 = VERTEX_POINT('',#5524);
#5524 = CARTESIAN_POINT('',(3.2,-0.78,-5.551115123126E-17));
#5525 = LINE('',#5526,#5527);
#5526 = CARTESIAN_POINT('',(2.772040872589,-0.78,-5.551115123126E-17));
#5527 = VECTOR('',#5528,1.);
#5528 = DIRECTION('',(1.,1.110223024625E-16,0.));
#5529 = ORIENTED_EDGE('',*,*,#5530,.T.);
#5530 = EDGE_CURVE('',#5523,#5531,#5533,.T.);
#5531 = VERTEX_POINT('',#5532);
#5532 = CARTESIAN_POINT('',(3.2,-0.78,0.15));
#5533 = LINE('',#5534,#5535);
#5534 = CARTESIAN_POINT('',(3.2,-0.78,-5.551115123126E-17));
#5535 = VECTOR('',#5536,1.);
#5536 = DIRECTION('',(0.,0.,1.));
#5537 = ORIENTED_EDGE('',*,*,#5538,.T.);
#5538 = EDGE_CURVE('',#5531,#5539,#5541,.T.);
#5539 = VERTEX_POINT('',#5540);
#5540 = CARTESIAN_POINT('',(2.772040872589,-0.78,0.15));
#5541 = LINE('',#5542,#5543);
#5542 = CARTESIAN_POINT('',(3.2,-0.78,0.15));
#5543 = VECTOR('',#5544,1.);
#5544 = DIRECTION('',(-1.,-1.110223024625E-16,0.));
#5545 = ORIENTED_EDGE('',*,*,#5546,.T.);
#5546 = EDGE_CURVE('',#5539,#5547,#5549,.T.);
#5547 = VERTEX_POINT('',#5548);
#5548 = CARTESIAN_POINT('',(2.673560097287,-0.78,0.232635182233));
#5549 = CIRCLE('',#5550,0.1);
#5550 = AXIS2_PLACEMENT_3D('',#5551,#5552,#5553);
#5551 = CARTESIAN_POINT('',(2.772040872589,-0.78,0.25));
#5552 = DIRECTION('',(-1.110223024625E-16,1.,0.));
#5553 = DIRECTION('',(0.,0.,-1.));
#5554 = ORIENTED_EDGE('',*,*,#5555,.T.);
#5555 = EDGE_CURVE('',#5547,#5556,#5558,.T.);
#5556 = VERTEX_POINT('',#5557);
#5557 = CARTESIAN_POINT('',(2.646201938253,-0.78,0.418412044417));
#5558 = LINE('',#5559,#5560);
#5559 = CARTESIAN_POINT('',(2.673560097287,-0.78,0.232635182233));
#5560 = VECTOR('',#5561,1.);
#5561 = DIRECTION('',(-0.145692235845,-1.617508747447E-17,0.989329961345
    ));
#5562 = ORIENTED_EDGE('',*,*,#5563,.T.);
#5563 = EDGE_CURVE('',#5556,#5564,#5566,.T.);
#5564 = VERTEX_POINT('',#5565);
#5565 = CARTESIAN_POINT('',(2.4,-0.78,0.625));
#5566 = CIRCLE('',#5567,0.25);
#5567 = AXIS2_PLACEMENT_3D('',#5568,#5569,#5570);
#5568 = CARTESIAN_POINT('',(2.4,-0.78,0.375));
#5569 = DIRECTION('',(1.110223024625E-16,-1.,0.));
#5570 = DIRECTION('',(0.984807753012,1.093356242223E-16,0.173648177667)
  );
#5571 = ORIENTED_EDGE('',*,*,#5572,.T.);
#5572 = EDGE_CURVE('',#5564,#2306,#5573,.T.);
#5573 = LINE('',#5574,#5575);
#5574 = CARTESIAN_POINT('',(2.4,-0.78,0.625));
#5575 = VECTOR('',#5576,1.);
#5576 = DIRECTION('',(-1.,-1.110223024625E-16,0.));
#5577 = PLANE('',#5578);
#5578 = AXIS2_PLACEMENT_3D('',#5579,#5580,#5581);
#5579 = CARTESIAN_POINT('',(2.637615762047,-0.78,0.292893776214));
#5580 = DIRECTION('',(1.110223024625E-16,-1.,0.));
#5581 = DIRECTION('',(0.,0.,1.));
#5582 = ADVANCED_FACE('',(#5583),#5599,.F.);
#5583 = FACE_BOUND('',#5584,.F.);
#5584 = EDGE_LOOP('',(#5585,#5591,#5592,#5598));
#5585 = ORIENTED_EDGE('',*,*,#5586,.F.);
#5586 = EDGE_CURVE('',#2306,#2836,#5587,.T.);
#5587 = LINE('',#5588,#5589);
#5588 = CARTESIAN_POINT('',(2.4,-0.78,0.625));
#5589 = VECTOR('',#5590,1.);
#5590 = DIRECTION('',(-1.,-1.110223024625E-16,0.));
#5591 = ORIENTED_EDGE('',*,*,#2322,.T.);
#5592 = ORIENTED_EDGE('',*,*,#5593,.T.);
#5593 = EDGE_CURVE('',#2315,#2844,#5594,.T.);
#5594 = LINE('',#5595,#5596);
#5595 = CARTESIAN_POINT('',(2.4,-1.17,0.625));
#5596 = VECTOR('',#5597,1.);
#5597 = DIRECTION('',(-1.,-1.110223024625E-16,0.));
#5598 = ORIENTED_EDGE('',*,*,#2843,.F.);
#5599 = PLANE('',#5600);
#5600 = AXIS2_PLACEMENT_3D('',#5601,#5602,#5603);
#5601 = CARTESIAN_POINT('',(-3.188450421961E-18,2.475,0.625));
#5602 = DIRECTION('',(0.,0.,-1.));
#5603 = DIRECTION('',(1.,1.111674977262E-16,0.));
#5604 = ADVANCED_FACE('',(#5605),#5691,.F.);
#5605 = FACE_BOUND('',#5606,.F.);
#5606 = EDGE_LOOP('',(#5607,#5608,#5609,#5618,#5626,#5635,#5643,#5651,
    #5659,#5668,#5676,#5685));
#5607 = ORIENTED_EDGE('',*,*,#2314,.F.);
#5608 = ORIENTED_EDGE('',*,*,#2336,.T.);
#5609 = ORIENTED_EDGE('',*,*,#5610,.T.);
#5610 = EDGE_CURVE('',#2337,#5611,#5613,.T.);
#5611 = VERTEX_POINT('',#5612);
#5612 = CARTESIAN_POINT('',(2.498480775301,-1.17,0.392364817767));
#5613 = CIRCLE('',#5614,0.1);
#5614 = AXIS2_PLACEMENT_3D('',#5615,#5616,#5617);
#5615 = CARTESIAN_POINT('',(2.4,-1.17,0.375));
#5616 = DIRECTION('',(-1.110223024625E-16,1.,0.));
#5617 = DIRECTION('',(4.440892098501E-15,4.930380657631E-31,1.));
#5618 = ORIENTED_EDGE('',*,*,#5619,.T.);
#5619 = EDGE_CURVE('',#5611,#5620,#5622,.T.);
#5620 = VERTEX_POINT('',#5621);
#5621 = CARTESIAN_POINT('',(2.525838934336,-1.17,0.206587955583));
#5622 = LINE('',#5623,#5624);
#5623 = CARTESIAN_POINT('',(2.498480775301,-1.17,0.392364817767));
#5624 = VECTOR('',#5625,1.);
#5625 = DIRECTION('',(0.145692235845,1.617508747447E-17,-0.989329961345)
  );
#5626 = ORIENTED_EDGE('',*,*,#5627,.T.);
#5627 = EDGE_CURVE('',#5620,#5628,#5630,.T.);
#5628 = VERTEX_POINT('',#5629);
#5629 = CARTESIAN_POINT('',(2.772040872589,-1.17,-5.551115123126E-17));
#5630 = CIRCLE('',#5631,0.25);
#5631 = AXIS2_PLACEMENT_3D('',#5632,#5633,#5634);
#5632 = CARTESIAN_POINT('',(2.772040872589,-1.17,0.25));
#5633 = DIRECTION('',(1.110223024625E-16,-1.,0.));
#5634 = DIRECTION('',(-0.984807753012,-1.093356242223E-16,
    -0.173648177667));
#5635 = ORIENTED_EDGE('',*,*,#5636,.T.);
#5636 = EDGE_CURVE('',#5628,#5637,#5639,.T.);
#5637 = VERTEX_POINT('',#5638);
#5638 = CARTESIAN_POINT('',(3.2,-1.17,-5.551115123126E-17));
#5639 = LINE('',#5640,#5641);
#5640 = CARTESIAN_POINT('',(2.772040872589,-1.17,-5.551115123126E-17));
#5641 = VECTOR('',#5642,1.);
#5642 = DIRECTION('',(1.,1.110223024625E-16,0.));
#5643 = ORIENTED_EDGE('',*,*,#5644,.T.);
#5644 = EDGE_CURVE('',#5637,#5645,#5647,.T.);
#5645 = VERTEX_POINT('',#5646);
#5646 = CARTESIAN_POINT('',(3.2,-1.17,0.15));
#5647 = LINE('',#5648,#5649);
#5648 = CARTESIAN_POINT('',(3.2,-1.17,-5.551115123126E-17));
#5649 = VECTOR('',#5650,1.);
#5650 = DIRECTION('',(0.,0.,1.));
#5651 = ORIENTED_EDGE('',*,*,#5652,.T.);
#5652 = EDGE_CURVE('',#5645,#5653,#5655,.T.);
#5653 = VERTEX_POINT('',#5654);
#5654 = CARTESIAN_POINT('',(2.772040872589,-1.17,0.15));
#5655 = LINE('',#5656,#5657);
#5656 = CARTESIAN_POINT('',(3.2,-1.17,0.15));
#5657 = VECTOR('',#5658,1.);
#5658 = DIRECTION('',(-1.,-1.110223024625E-16,0.));
#5659 = ORIENTED_EDGE('',*,*,#5660,.T.);
#5660 = EDGE_CURVE('',#5653,#5661,#5663,.T.);
#5661 = VERTEX_POINT('',#5662);
#5662 = CARTESIAN_POINT('',(2.673560097287,-1.17,0.232635182233));
#5663 = CIRCLE('',#5664,0.1);
#5664 = AXIS2_PLACEMENT_3D('',#5665,#5666,#5667);
#5665 = CARTESIAN_POINT('',(2.772040872589,-1.17,0.25));
#5666 = DIRECTION('',(-1.110223024625E-16,1.,0.));
#5667 = DIRECTION('',(0.,0.,-1.));
#5668 = ORIENTED_EDGE('',*,*,#5669,.T.);
#5669 = EDGE_CURVE('',#5661,#5670,#5672,.T.);
#5670 = VERTEX_POINT('',#5671);
#5671 = CARTESIAN_POINT('',(2.646201938253,-1.17,0.418412044417));
#5672 = LINE('',#5673,#5674);
#5673 = CARTESIAN_POINT('',(2.673560097287,-1.17,0.232635182233));
#5674 = VECTOR('',#5675,1.);
#5675 = DIRECTION('',(-0.145692235845,-1.617508747447E-17,0.989329961345
    ));
#5676 = ORIENTED_EDGE('',*,*,#5677,.T.);
#5677 = EDGE_CURVE('',#5670,#5678,#5680,.T.);
#5678 = VERTEX_POINT('',#5679);
#5679 = CARTESIAN_POINT('',(2.4,-1.17,0.625));
#5680 = CIRCLE('',#5681,0.25);
#5681 = AXIS2_PLACEMENT_3D('',#5682,#5683,#5684);
#5682 = CARTESIAN_POINT('',(2.4,-1.17,0.375));
#5683 = DIRECTION('',(1.110223024625E-16,-1.,0.));
#5684 = DIRECTION('',(0.984807753012,1.093356242223E-16,0.173648177667)
  );
#5685 = ORIENTED_EDGE('',*,*,#5686,.T.);
#5686 = EDGE_CURVE('',#5678,#2315,#5687,.T.);
#5687 = LINE('',#5688,#5689);
#5688 = CARTESIAN_POINT('',(2.4,-1.17,0.625));
#5689 = VECTOR('',#5690,1.);
#5690 = DIRECTION('',(-1.,-1.110223024625E-16,0.));
#5691 = PLANE('',#5692);
#5692 = AXIS2_PLACEMENT_3D('',#5693,#5694,#5695);
#5693 = CARTESIAN_POINT('',(2.637615762047,-1.17,0.292893776214));
#5694 = DIRECTION('',(1.110223024625E-16,-1.,0.));
#5695 = DIRECTION('',(0.,0.,1.));
#5696 = ADVANCED_FACE('',(#5697),#5716,.F.);
#5697 = FACE_BOUND('',#5698,.F.);
#5698 = EDGE_LOOP('',(#5699,#5700,#5709,#5715));
#5699 = ORIENTED_EDGE('',*,*,#2353,.T.);
#5700 = ORIENTED_EDGE('',*,*,#5701,.T.);
#5701 = EDGE_CURVE('',#2346,#5702,#5704,.T.);
#5702 = VERTEX_POINT('',#5703);
#5703 = CARTESIAN_POINT('',(2.498480775301,-1.43,0.392364817767));
#5704 = CIRCLE('',#5705,0.1);
#5705 = AXIS2_PLACEMENT_3D('',#5706,#5707,#5708);
#5706 = CARTESIAN_POINT('',(2.4,-1.43,0.375));
#5707 = DIRECTION('',(-1.110223024625E-16,1.,0.));
#5708 = DIRECTION('',(4.440892098501E-15,4.930380657631E-31,1.));
#5709 = ORIENTED_EDGE('',*,*,#5710,.F.);
#5710 = EDGE_CURVE('',#5611,#5702,#5711,.T.);
#5711 = LINE('',#5712,#5713);
#5712 = CARTESIAN_POINT('',(2.498480775301,-1.17,0.392364817767));
#5713 = VECTOR('',#5714,1.);
#5714 = DIRECTION('',(1.110223024625E-16,-1.,0.));
#5715 = ORIENTED_EDGE('',*,*,#5610,.F.);
#5716 = CYLINDRICAL_SURFACE('',#5717,0.1);
#5717 = AXIS2_PLACEMENT_3D('',#5718,#5719,#5720);
#5718 = CARTESIAN_POINT('',(2.4,-1.17,0.375));
#5719 = DIRECTION('',(-1.110223024625E-16,1.,0.));
#5720 = DIRECTION('',(4.440892098501E-15,4.930380657631E-31,1.));
#5721 = ADVANCED_FACE('',(#5722),#5800,.T.);
#5722 = FACE_BOUND('',#5723,.T.);
#5723 = EDGE_LOOP('',(#5724,#5725,#5726,#5727,#5735,#5744,#5752,#5760,
    #5768,#5777,#5785,#5794));
#5724 = ORIENTED_EDGE('',*,*,#2367,.F.);
#5725 = ORIENTED_EDGE('',*,*,#2345,.T.);
#5726 = ORIENTED_EDGE('',*,*,#5701,.T.);
#5727 = ORIENTED_EDGE('',*,*,#5728,.T.);
#5728 = EDGE_CURVE('',#5702,#5729,#5731,.T.);
#5729 = VERTEX_POINT('',#5730);
#5730 = CARTESIAN_POINT('',(2.525838934336,-1.43,0.206587955583));
#5731 = LINE('',#5732,#5733);
#5732 = CARTESIAN_POINT('',(2.498480775301,-1.43,0.392364817767));
#5733 = VECTOR('',#5734,1.);
#5734 = DIRECTION('',(0.145692235845,1.617508747447E-17,-0.989329961345)
  );
#5735 = ORIENTED_EDGE('',*,*,#5736,.T.);
#5736 = EDGE_CURVE('',#5729,#5737,#5739,.T.);
#5737 = VERTEX_POINT('',#5738);
#5738 = CARTESIAN_POINT('',(2.772040872589,-1.43,-5.551115123126E-17));
#5739 = CIRCLE('',#5740,0.25);
#5740 = AXIS2_PLACEMENT_3D('',#5741,#5742,#5743);
#5741 = CARTESIAN_POINT('',(2.772040872589,-1.43,0.25));
#5742 = DIRECTION('',(1.110223024625E-16,-1.,0.));
#5743 = DIRECTION('',(-0.984807753012,-1.093356242223E-16,
    -0.173648177667));
#5744 = ORIENTED_EDGE('',*,*,#5745,.T.);
#5745 = EDGE_CURVE('',#5737,#5746,#5748,.T.);
#5746 = VERTEX_POINT('',#5747);
#5747 = CARTESIAN_POINT('',(3.2,-1.43,-5.551115123126E-17));
#5748 = LINE('',#5749,#5750);
#5749 = CARTESIAN_POINT('',(2.772040872589,-1.43,-5.551115123126E-17));
#5750 = VECTOR('',#5751,1.);
#5751 = DIRECTION('',(1.,1.110223024625E-16,0.));
#5752 = ORIENTED_EDGE('',*,*,#5753,.T.);
#5753 = EDGE_CURVE('',#5746,#5754,#5756,.T.);
#5754 = VERTEX_POINT('',#5755);
#5755 = CARTESIAN_POINT('',(3.2,-1.43,0.15));
#5756 = LINE('',#5757,#5758);
#5757 = CARTESIAN_POINT('',(3.2,-1.43,-5.551115123126E-17));
#5758 = VECTOR('',#5759,1.);
#5759 = DIRECTION('',(0.,0.,1.));
#5760 = ORIENTED_EDGE('',*,*,#5761,.T.);
#5761 = EDGE_CURVE('',#5754,#5762,#5764,.T.);
#5762 = VERTEX_POINT('',#5763);
#5763 = CARTESIAN_POINT('',(2.772040872589,-1.43,0.15));
#5764 = LINE('',#5765,#5766);
#5765 = CARTESIAN_POINT('',(3.2,-1.43,0.15));
#5766 = VECTOR('',#5767,1.);
#5767 = DIRECTION('',(-1.,-1.110223024625E-16,0.));
#5768 = ORIENTED_EDGE('',*,*,#5769,.T.);
#5769 = EDGE_CURVE('',#5762,#5770,#5772,.T.);
#5770 = VERTEX_POINT('',#5771);
#5771 = CARTESIAN_POINT('',(2.673560097287,-1.43,0.232635182233));
#5772 = CIRCLE('',#5773,0.1);
#5773 = AXIS2_PLACEMENT_3D('',#5774,#5775,#5776);
#5774 = CARTESIAN_POINT('',(2.772040872589,-1.43,0.25));
#5775 = DIRECTION('',(-1.110223024625E-16,1.,0.));
#5776 = DIRECTION('',(0.,0.,-1.));
#5777 = ORIENTED_EDGE('',*,*,#5778,.T.);
#5778 = EDGE_CURVE('',#5770,#5779,#5781,.T.);
#5779 = VERTEX_POINT('',#5780);
#5780 = CARTESIAN_POINT('',(2.646201938253,-1.43,0.418412044417));
#5781 = LINE('',#5782,#5783);
#5782 = CARTESIAN_POINT('',(2.673560097287,-1.43,0.232635182233));
#5783 = VECTOR('',#5784,1.);
#5784 = DIRECTION('',(-0.145692235845,-1.617508747447E-17,0.989329961345
    ));
#5785 = ORIENTED_EDGE('',*,*,#5786,.T.);
#5786 = EDGE_CURVE('',#5779,#5787,#5789,.T.);
#5787 = VERTEX_POINT('',#5788);
#5788 = CARTESIAN_POINT('',(2.4,-1.43,0.625));
#5789 = CIRCLE('',#5790,0.25);
#5790 = AXIS2_PLACEMENT_3D('',#5791,#5792,#5793);
#5791 = CARTESIAN_POINT('',(2.4,-1.43,0.375));
#5792 = DIRECTION('',(1.110223024625E-16,-1.,0.));
#5793 = DIRECTION('',(0.984807753012,1.093356242223E-16,0.173648177667)
  );
#5794 = ORIENTED_EDGE('',*,*,#5795,.T.);
#5795 = EDGE_CURVE('',#5787,#2368,#5796,.T.);
#5796 = LINE('',#5797,#5798);
#5797 = CARTESIAN_POINT('',(2.4,-1.43,0.625));
#5798 = VECTOR('',#5799,1.);
#5799 = DIRECTION('',(-1.,-1.110223024625E-16,0.));
#5800 = PLANE('',#5801);
#5801 = AXIS2_PLACEMENT_3D('',#5802,#5803,#5804);
#5802 = CARTESIAN_POINT('',(2.637615762047,-1.43,0.292893776214));
#5803 = DIRECTION('',(1.110223024625E-16,-1.,0.));
#5804 = DIRECTION('',(0.,0.,1.));
#5805 = ADVANCED_FACE('',(#5806),#5822,.F.);
#5806 = FACE_BOUND('',#5807,.F.);
#5807 = EDGE_LOOP('',(#5808,#5814,#5815,#5821));
#5808 = ORIENTED_EDGE('',*,*,#5809,.F.);
#5809 = EDGE_CURVE('',#2368,#2852,#5810,.T.);
#5810 = LINE('',#5811,#5812);
#5811 = CARTESIAN_POINT('',(2.4,-1.43,0.625));
#5812 = VECTOR('',#5813,1.);
#5813 = DIRECTION('',(-1.,-1.110223024625E-16,0.));
#5814 = ORIENTED_EDGE('',*,*,#2384,.T.);
#5815 = ORIENTED_EDGE('',*,*,#5816,.T.);
#5816 = EDGE_CURVE('',#2377,#2860,#5817,.T.);
#5817 = LINE('',#5818,#5819);
#5818 = CARTESIAN_POINT('',(2.4,-1.82,0.625));
#5819 = VECTOR('',#5820,1.);
#5820 = DIRECTION('',(-1.,-1.110223024625E-16,0.));
#5821 = ORIENTED_EDGE('',*,*,#2859,.F.);
#5822 = PLANE('',#5823);
#5823 = AXIS2_PLACEMENT_3D('',#5824,#5825,#5826);
#5824 = CARTESIAN_POINT('',(-3.188450421961E-18,2.475,0.625));
#5825 = DIRECTION('',(0.,0.,-1.));
#5826 = DIRECTION('',(1.,1.111674977262E-16,0.));
#5827 = ADVANCED_FACE('',(#5828),#5914,.F.);
#5828 = FACE_BOUND('',#5829,.F.);
#5829 = EDGE_LOOP('',(#5830,#5831,#5832,#5841,#5849,#5858,#5866,#5874,
    #5882,#5891,#5899,#5908));
#5830 = ORIENTED_EDGE('',*,*,#2376,.F.);
#5831 = ORIENTED_EDGE('',*,*,#2398,.T.);
#5832 = ORIENTED_EDGE('',*,*,#5833,.T.);
#5833 = EDGE_CURVE('',#2399,#5834,#5836,.T.);
#5834 = VERTEX_POINT('',#5835);
#5835 = CARTESIAN_POINT('',(2.498480775301,-1.82,0.392364817767));
#5836 = CIRCLE('',#5837,0.1);
#5837 = AXIS2_PLACEMENT_3D('',#5838,#5839,#5840);
#5838 = CARTESIAN_POINT('',(2.4,-1.82,0.375));
#5839 = DIRECTION('',(-1.110223024625E-16,1.,0.));
#5840 = DIRECTION('',(4.440892098501E-15,4.930380657631E-31,1.));
#5841 = ORIENTED_EDGE('',*,*,#5842,.T.);
#5842 = EDGE_CURVE('',#5834,#5843,#5845,.T.);
#5843 = VERTEX_POINT('',#5844);
#5844 = CARTESIAN_POINT('',(2.525838934336,-1.82,0.206587955583));
#5845 = LINE('',#5846,#5847);
#5846 = CARTESIAN_POINT('',(2.498480775301,-1.82,0.392364817767));
#5847 = VECTOR('',#5848,1.);
#5848 = DIRECTION('',(0.145692235845,1.617508747447E-17,-0.989329961345)
  );
#5849 = ORIENTED_EDGE('',*,*,#5850,.T.);
#5850 = EDGE_CURVE('',#5843,#5851,#5853,.T.);
#5851 = VERTEX_POINT('',#5852);
#5852 = CARTESIAN_POINT('',(2.772040872589,-1.82,-5.551115123126E-17));
#5853 = CIRCLE('',#5854,0.25);
#5854 = AXIS2_PLACEMENT_3D('',#5855,#5856,#5857);
#5855 = CARTESIAN_POINT('',(2.772040872589,-1.82,0.25));
#5856 = DIRECTION('',(1.110223024625E-16,-1.,0.));
#5857 = DIRECTION('',(-0.984807753012,-1.093356242223E-16,
    -0.173648177667));
#5858 = ORIENTED_EDGE('',*,*,#5859,.T.);
#5859 = EDGE_CURVE('',#5851,#5860,#5862,.T.);
#5860 = VERTEX_POINT('',#5861);
#5861 = CARTESIAN_POINT('',(3.2,-1.82,-5.551115123126E-17));
#5862 = LINE('',#5863,#5864);
#5863 = CARTESIAN_POINT('',(2.772040872589,-1.82,-5.551115123126E-17));
#5864 = VECTOR('',#5865,1.);
#5865 = DIRECTION('',(1.,1.110223024625E-16,0.));
#5866 = ORIENTED_EDGE('',*,*,#5867,.T.);
#5867 = EDGE_CURVE('',#5860,#5868,#5870,.T.);
#5868 = VERTEX_POINT('',#5869);
#5869 = CARTESIAN_POINT('',(3.2,-1.82,0.15));
#5870 = LINE('',#5871,#5872);
#5871 = CARTESIAN_POINT('',(3.2,-1.82,-5.551115123126E-17));
#5872 = VECTOR('',#5873,1.);
#5873 = DIRECTION('',(0.,0.,1.));
#5874 = ORIENTED_EDGE('',*,*,#5875,.T.);
#5875 = EDGE_CURVE('',#5868,#5876,#5878,.T.);
#5876 = VERTEX_POINT('',#5877);
#5877 = CARTESIAN_POINT('',(2.772040872589,-1.82,0.15));
#5878 = LINE('',#5879,#5880);
#5879 = CARTESIAN_POINT('',(3.2,-1.82,0.15));
#5880 = VECTOR('',#5881,1.);
#5881 = DIRECTION('',(-1.,-1.110223024625E-16,0.));
#5882 = ORIENTED_EDGE('',*,*,#5883,.T.);
#5883 = EDGE_CURVE('',#5876,#5884,#5886,.T.);
#5884 = VERTEX_POINT('',#5885);
#5885 = CARTESIAN_POINT('',(2.673560097287,-1.82,0.232635182233));
#5886 = CIRCLE('',#5887,0.1);
#5887 = AXIS2_PLACEMENT_3D('',#5888,#5889,#5890);
#5888 = CARTESIAN_POINT('',(2.772040872589,-1.82,0.25));
#5889 = DIRECTION('',(-1.110223024625E-16,1.,0.));
#5890 = DIRECTION('',(0.,0.,-1.));
#5891 = ORIENTED_EDGE('',*,*,#5892,.T.);
#5892 = EDGE_CURVE('',#5884,#5893,#5895,.T.);
#5893 = VERTEX_POINT('',#5894);
#5894 = CARTESIAN_POINT('',(2.646201938253,-1.82,0.418412044417));
#5895 = LINE('',#5896,#5897);
#5896 = CARTESIAN_POINT('',(2.673560097287,-1.82,0.232635182233));
#5897 = VECTOR('',#5898,1.);
#5898 = DIRECTION('',(-0.145692235845,-1.617508747447E-17,0.989329961345
    ));
#5899 = ORIENTED_EDGE('',*,*,#5900,.T.);
#5900 = EDGE_CURVE('',#5893,#5901,#5903,.T.);
#5901 = VERTEX_POINT('',#5902);
#5902 = CARTESIAN_POINT('',(2.4,-1.82,0.625));
#5903 = CIRCLE('',#5904,0.25);
#5904 = AXIS2_PLACEMENT_3D('',#5905,#5906,#5907);
#5905 = CARTESIAN_POINT('',(2.4,-1.82,0.375));
#5906 = DIRECTION('',(1.110223024625E-16,-1.,0.));
#5907 = DIRECTION('',(0.984807753012,1.093356242223E-16,0.173648177667)
  );
#5908 = ORIENTED_EDGE('',*,*,#5909,.T.);
#5909 = EDGE_CURVE('',#5901,#2377,#5910,.T.);
#5910 = LINE('',#5911,#5912);
#5911 = CARTESIAN_POINT('',(2.4,-1.82,0.625));
#5912 = VECTOR('',#5913,1.);
#5913 = DIRECTION('',(-1.,-1.110223024625E-16,0.));
#5914 = PLANE('',#5915);
#5915 = AXIS2_PLACEMENT_3D('',#5916,#5917,#5918);
#5916 = CARTESIAN_POINT('',(2.637615762047,-1.82,0.292893776214));
#5917 = DIRECTION('',(1.110223024625E-16,-1.,0.));
#5918 = DIRECTION('',(0.,0.,1.));
#5919 = ADVANCED_FACE('',(#5920),#5939,.F.);
#5920 = FACE_BOUND('',#5921,.F.);
#5921 = EDGE_LOOP('',(#5922,#5923,#5932,#5938));
#5922 = ORIENTED_EDGE('',*,*,#2415,.T.);
#5923 = ORIENTED_EDGE('',*,*,#5924,.T.);
#5924 = EDGE_CURVE('',#2408,#5925,#5927,.T.);
#5925 = VERTEX_POINT('',#5926);
#5926 = CARTESIAN_POINT('',(2.498480775301,-2.08,0.392364817767));
#5927 = CIRCLE('',#5928,0.1);
#5928 = AXIS2_PLACEMENT_3D('',#5929,#5930,#5931);
#5929 = CARTESIAN_POINT('',(2.4,-2.08,0.375));
#5930 = DIRECTION('',(-1.110223024625E-16,1.,0.));
#5931 = DIRECTION('',(4.440892098501E-15,4.930380657631E-31,1.));
#5932 = ORIENTED_EDGE('',*,*,#5933,.F.);
#5933 = EDGE_CURVE('',#5834,#5925,#5934,.T.);
#5934 = LINE('',#5935,#5936);
#5935 = CARTESIAN_POINT('',(2.498480775301,-1.82,0.392364817767));
#5936 = VECTOR('',#5937,1.);
#5937 = DIRECTION('',(1.110223024625E-16,-1.,0.));
#5938 = ORIENTED_EDGE('',*,*,#5833,.F.);
#5939 = CYLINDRICAL_SURFACE('',#5940,0.1);
#5940 = AXIS2_PLACEMENT_3D('',#5941,#5942,#5943);
#5941 = CARTESIAN_POINT('',(2.4,-1.82,0.375));
#5942 = DIRECTION('',(-1.110223024625E-16,1.,0.));
#5943 = DIRECTION('',(4.440892098501E-15,4.930380657631E-31,1.));
#5944 = ADVANCED_FACE('',(#5945),#6023,.T.);
#5945 = FACE_BOUND('',#5946,.T.);
#5946 = EDGE_LOOP('',(#5947,#5948,#5949,#5950,#5958,#5967,#5975,#5983,
    #5991,#6000,#6008,#6017));
#5947 = ORIENTED_EDGE('',*,*,#2429,.F.);
#5948 = ORIENTED_EDGE('',*,*,#2407,.T.);
#5949 = ORIENTED_EDGE('',*,*,#5924,.T.);
#5950 = ORIENTED_EDGE('',*,*,#5951,.T.);
#5951 = EDGE_CURVE('',#5925,#5952,#5954,.T.);
#5952 = VERTEX_POINT('',#5953);
#5953 = CARTESIAN_POINT('',(2.525838934336,-2.08,0.206587955583));
#5954 = LINE('',#5955,#5956);
#5955 = CARTESIAN_POINT('',(2.498480775301,-2.08,0.392364817767));
#5956 = VECTOR('',#5957,1.);
#5957 = DIRECTION('',(0.145692235845,1.617508747447E-17,-0.989329961345)
  );
#5958 = ORIENTED_EDGE('',*,*,#5959,.T.);
#5959 = EDGE_CURVE('',#5952,#5960,#5962,.T.);
#5960 = VERTEX_POINT('',#5961);
#5961 = CARTESIAN_POINT('',(2.772040872589,-2.08,-5.551115123126E-17));
#5962 = CIRCLE('',#5963,0.25);
#5963 = AXIS2_PLACEMENT_3D('',#5964,#5965,#5966);
#5964 = CARTESIAN_POINT('',(2.772040872589,-2.08,0.25));
#5965 = DIRECTION('',(1.110223024625E-16,-1.,0.));
#5966 = DIRECTION('',(-0.984807753012,-1.093356242223E-16,
    -0.173648177667));
#5967 = ORIENTED_EDGE('',*,*,#5968,.T.);
#5968 = EDGE_CURVE('',#5960,#5969,#5971,.T.);
#5969 = VERTEX_POINT('',#5970);
#5970 = CARTESIAN_POINT('',(3.2,-2.08,-5.551115123126E-17));
#5971 = LINE('',#5972,#5973);
#5972 = CARTESIAN_POINT('',(2.772040872589,-2.08,-5.551115123126E-17));
#5973 = VECTOR('',#5974,1.);
#5974 = DIRECTION('',(1.,1.110223024625E-16,0.));
#5975 = ORIENTED_EDGE('',*,*,#5976,.T.);
#5976 = EDGE_CURVE('',#5969,#5977,#5979,.T.);
#5977 = VERTEX_POINT('',#5978);
#5978 = CARTESIAN_POINT('',(3.2,-2.08,0.15));
#5979 = LINE('',#5980,#5981);
#5980 = CARTESIAN_POINT('',(3.2,-2.08,-5.551115123126E-17));
#5981 = VECTOR('',#5982,1.);
#5982 = DIRECTION('',(0.,0.,1.));
#5983 = ORIENTED_EDGE('',*,*,#5984,.T.);
#5984 = EDGE_CURVE('',#5977,#5985,#5987,.T.);
#5985 = VERTEX_POINT('',#5986);
#5986 = CARTESIAN_POINT('',(2.772040872589,-2.08,0.15));
#5987 = LINE('',#5988,#5989);
#5988 = CARTESIAN_POINT('',(3.2,-2.08,0.15));
#5989 = VECTOR('',#5990,1.);
#5990 = DIRECTION('',(-1.,-1.110223024625E-16,0.));
#5991 = ORIENTED_EDGE('',*,*,#5992,.T.);
#5992 = EDGE_CURVE('',#5985,#5993,#5995,.T.);
#5993 = VERTEX_POINT('',#5994);
#5994 = CARTESIAN_POINT('',(2.673560097287,-2.08,0.232635182233));
#5995 = CIRCLE('',#5996,0.1);
#5996 = AXIS2_PLACEMENT_3D('',#5997,#5998,#5999);
#5997 = CARTESIAN_POINT('',(2.772040872589,-2.08,0.25));
#5998 = DIRECTION('',(-1.110223024625E-16,1.,0.));
#5999 = DIRECTION('',(0.,0.,-1.));
#6000 = ORIENTED_EDGE('',*,*,#6001,.T.);
#6001 = EDGE_CURVE('',#5993,#6002,#6004,.T.);
#6002 = VERTEX_POINT('',#6003);
#6003 = CARTESIAN_POINT('',(2.646201938253,-2.08,0.418412044417));
#6004 = LINE('',#6005,#6006);
#6005 = CARTESIAN_POINT('',(2.673560097287,-2.08,0.232635182233));
#6006 = VECTOR('',#6007,1.);
#6007 = DIRECTION('',(-0.145692235845,-1.617508747447E-17,0.989329961345
    ));
#6008 = ORIENTED_EDGE('',*,*,#6009,.T.);
#6009 = EDGE_CURVE('',#6002,#6010,#6012,.T.);
#6010 = VERTEX_POINT('',#6011);
#6011 = CARTESIAN_POINT('',(2.4,-2.08,0.625));
#6012 = CIRCLE('',#6013,0.25);
#6013 = AXIS2_PLACEMENT_3D('',#6014,#6015,#6016);
#6014 = CARTESIAN_POINT('',(2.4,-2.08,0.375));
#6015 = DIRECTION('',(1.110223024625E-16,-1.,0.));
#6016 = DIRECTION('',(0.984807753012,1.093356242223E-16,0.173648177667)
  );
#6017 = ORIENTED_EDGE('',*,*,#6018,.T.);
#6018 = EDGE_CURVE('',#6010,#2430,#6019,.T.);
#6019 = LINE('',#6020,#6021);
#6020 = CARTESIAN_POINT('',(2.4,-2.08,0.625));
#6021 = VECTOR('',#6022,1.);
#6022 = DIRECTION('',(-1.,-1.110223024625E-16,0.));
#6023 = PLANE('',#6024);
#6024 = AXIS2_PLACEMENT_3D('',#6025,#6026,#6027);
#6025 = CARTESIAN_POINT('',(2.637615762047,-2.08,0.292893776214));
#6026 = DIRECTION('',(1.110223024625E-16,-1.,0.));
#6027 = DIRECTION('',(0.,0.,1.));
#6028 = ADVANCED_FACE('',(#6029),#6040,.T.);
#6029 = FACE_BOUND('',#6030,.T.);
#6030 = EDGE_LOOP('',(#6031,#6032,#6033,#6034));
#6031 = ORIENTED_EDGE('',*,*,#4394,.T.);
#6032 = ORIENTED_EDGE('',*,*,#2530,.T.);
#6033 = ORIENTED_EDGE('',*,*,#4496,.F.);
#6034 = ORIENTED_EDGE('',*,*,#6035,.F.);
#6035 = EDGE_CURVE('',#4387,#4489,#6036,.T.);
#6036 = LINE('',#6037,#6038);
#6037 = CARTESIAN_POINT('',(-2.646201938253,1.82,0.418412044417));
#6038 = VECTOR('',#6039,1.);
#6039 = DIRECTION('',(1.144237745222E-17,1.,0.));
#6040 = CYLINDRICAL_SURFACE('',#6041,0.25);
#6041 = AXIS2_PLACEMENT_3D('',#6042,#6043,#6044);
#6042 = CARTESIAN_POINT('',(-2.4,1.82,0.375));
#6043 = DIRECTION('',(-1.144237745222E-17,-1.,0.));
#6044 = DIRECTION('',(-0.984807753012,1.126854202784E-17,0.173648177667)
  );
#6045 = ADVANCED_FACE('',(#6046),#6059,.F.);
#6046 = FACE_BOUND('',#6047,.F.);
#6047 = EDGE_LOOP('',(#6048,#6049,#6055,#6056,#6057,#6058));
#6048 = ORIENTED_EDGE('',*,*,#3070,.F.);
#6049 = ORIENTED_EDGE('',*,*,#6050,.T.);
#6050 = EDGE_CURVE('',#3062,#3171,#6051,.T.);
#6051 = LINE('',#6052,#6053);
#6052 = CARTESIAN_POINT('',(-2.4,-2.08,0.625));
#6053 = VECTOR('',#6054,1.);
#6054 = DIRECTION('',(1.144237745222E-17,1.,0.));
#6055 = ORIENTED_EDGE('',*,*,#3179,.T.);
#6056 = ORIENTED_EDGE('',*,*,#3201,.T.);
#6057 = ORIENTED_EDGE('',*,*,#2577,.F.);
#6058 = ORIENTED_EDGE('',*,*,#2944,.F.);
#6059 = PLANE('',#6060);
#6060 = AXIS2_PLACEMENT_3D('',#6061,#6062,#6063);
#6061 = CARTESIAN_POINT('',(-2.4,-2.08,0.625));
#6062 = DIRECTION('',(0.,0.,-1.));
#6063 = DIRECTION('',(1.,-1.144237745222E-17,0.));
#6064 = ADVANCED_FACE('',(#6065),#6078,.F.);
#6065 = FACE_BOUND('',#6066,.F.);
#6066 = EDGE_LOOP('',(#6067,#6068,#6074,#6075,#6076,#6077));
#6067 = ORIENTED_EDGE('',*,*,#3293,.F.);
#6068 = ORIENTED_EDGE('',*,*,#6069,.T.);
#6069 = EDGE_CURVE('',#3285,#3394,#6070,.T.);
#6070 = LINE('',#6071,#6072);
#6071 = CARTESIAN_POINT('',(-2.4,-1.43,0.625));
#6072 = VECTOR('',#6073,1.);
#6073 = DIRECTION('',(1.144237745222E-17,1.,0.));
#6074 = ORIENTED_EDGE('',*,*,#3402,.T.);
#6075 = ORIENTED_EDGE('',*,*,#3424,.T.);
#6076 = ORIENTED_EDGE('',*,*,#2593,.F.);
#6077 = ORIENTED_EDGE('',*,*,#3194,.F.);
#6078 = PLANE('',#6079);
#6079 = AXIS2_PLACEMENT_3D('',#6080,#6081,#6082);
#6080 = CARTESIAN_POINT('',(-2.4,-1.43,0.625));
#6081 = DIRECTION('',(0.,0.,-1.));
#6082 = DIRECTION('',(1.,-1.144237745222E-17,0.));
#6083 = ADVANCED_FACE('',(#6084),#6097,.F.);
#6084 = FACE_BOUND('',#6085,.F.);
#6085 = EDGE_LOOP('',(#6086,#6087,#6093,#6094,#6095,#6096));
#6086 = ORIENTED_EDGE('',*,*,#3516,.F.);
#6087 = ORIENTED_EDGE('',*,*,#6088,.T.);
#6088 = EDGE_CURVE('',#3508,#3617,#6089,.T.);
#6089 = LINE('',#6090,#6091);
#6090 = CARTESIAN_POINT('',(-2.4,-0.78,0.625));
#6091 = VECTOR('',#6092,1.);
#6092 = DIRECTION('',(1.144237745222E-17,1.,0.));
#6093 = ORIENTED_EDGE('',*,*,#3625,.T.);
#6094 = ORIENTED_EDGE('',*,*,#3647,.T.);
#6095 = ORIENTED_EDGE('',*,*,#2609,.F.);
#6096 = ORIENTED_EDGE('',*,*,#3417,.F.);
#6097 = PLANE('',#6098);
#6098 = AXIS2_PLACEMENT_3D('',#6099,#6100,#6101);
#6099 = CARTESIAN_POINT('',(-2.4,-0.78,0.625));
#6100 = DIRECTION('',(0.,0.,-1.));
#6101 = DIRECTION('',(1.,-1.144237745222E-17,0.));
#6102 = ADVANCED_FACE('',(#6103),#6116,.F.);
#6103 = FACE_BOUND('',#6104,.F.);
#6104 = EDGE_LOOP('',(#6105,#6106,#6112,#6113,#6114,#6115));
#6105 = ORIENTED_EDGE('',*,*,#3739,.F.);
#6106 = ORIENTED_EDGE('',*,*,#6107,.T.);
#6107 = EDGE_CURVE('',#3731,#3840,#6108,.T.);
#6108 = LINE('',#6109,#6110);
#6109 = CARTESIAN_POINT('',(-2.4,-0.13,0.625));
#6110 = VECTOR('',#6111,1.);
#6111 = DIRECTION('',(1.144237745222E-17,1.,0.));
#6112 = ORIENTED_EDGE('',*,*,#3848,.T.);
#6113 = ORIENTED_EDGE('',*,*,#3870,.T.);
#6114 = ORIENTED_EDGE('',*,*,#2625,.F.);
#6115 = ORIENTED_EDGE('',*,*,#3640,.F.);
#6116 = PLANE('',#6117);
#6117 = AXIS2_PLACEMENT_3D('',#6118,#6119,#6120);
#6118 = CARTESIAN_POINT('',(-2.4,-0.13,0.625));
#6119 = DIRECTION('',(0.,0.,-1.));
#6120 = DIRECTION('',(1.,-1.144237745222E-17,0.));
#6121 = ADVANCED_FACE('',(#6122),#6135,.F.);
#6122 = FACE_BOUND('',#6123,.F.);
#6123 = EDGE_LOOP('',(#6124,#6125,#6131,#6132,#6133,#6134));
#6124 = ORIENTED_EDGE('',*,*,#3962,.F.);
#6125 = ORIENTED_EDGE('',*,*,#6126,.T.);
#6126 = EDGE_CURVE('',#3954,#4063,#6127,.T.);
#6127 = LINE('',#6128,#6129);
#6128 = CARTESIAN_POINT('',(-2.4,0.52,0.625));
#6129 = VECTOR('',#6130,1.);
#6130 = DIRECTION('',(1.144237745222E-17,1.,0.));
#6131 = ORIENTED_EDGE('',*,*,#4071,.T.);
#6132 = ORIENTED_EDGE('',*,*,#4093,.T.);
#6133 = ORIENTED_EDGE('',*,*,#2641,.F.);
#6134 = ORIENTED_EDGE('',*,*,#3863,.F.);
#6135 = PLANE('',#6136);
#6136 = AXIS2_PLACEMENT_3D('',#6137,#6138,#6139);
#6137 = CARTESIAN_POINT('',(-2.4,0.52,0.625));
#6138 = DIRECTION('',(0.,0.,-1.));
#6139 = DIRECTION('',(1.,-1.144237745222E-17,0.));
#6140 = ADVANCED_FACE('',(#6141),#6154,.F.);
#6141 = FACE_BOUND('',#6142,.F.);
#6142 = EDGE_LOOP('',(#6143,#6144,#6150,#6151,#6152,#6153));
#6143 = ORIENTED_EDGE('',*,*,#4185,.F.);
#6144 = ORIENTED_EDGE('',*,*,#6145,.T.);
#6145 = EDGE_CURVE('',#4177,#4286,#6146,.T.);
#6146 = LINE('',#6147,#6148);
#6147 = CARTESIAN_POINT('',(-2.4,1.17,0.625));
#6148 = VECTOR('',#6149,1.);
#6149 = DIRECTION('',(1.144237745222E-17,1.,0.));
#6150 = ORIENTED_EDGE('',*,*,#4294,.T.);
#6151 = ORIENTED_EDGE('',*,*,#4311,.T.);
#6152 = ORIENTED_EDGE('',*,*,#2657,.F.);
#6153 = ORIENTED_EDGE('',*,*,#4086,.F.);
#6154 = PLANE('',#6155);
#6155 = AXIS2_PLACEMENT_3D('',#6156,#6157,#6158);
#6156 = CARTESIAN_POINT('',(-2.4,1.17,0.625));
#6157 = DIRECTION('',(0.,0.,-1.));
#6158 = DIRECTION('',(1.,-1.144237745222E-17,0.));
#6159 = ADVANCED_FACE('',(#6160,#6189),#6200,.T.);
#6160 = FACE_BOUND('',#6161,.T.);
#6161 = EDGE_LOOP('',(#6162,#6163,#6164,#6165,#6173,#6181,#6187,#6188));
#6162 = ORIENTED_EDGE('',*,*,#2732,.F.);
#6163 = ORIENTED_EDGE('',*,*,#2709,.F.);
#6164 = ORIENTED_EDGE('',*,*,#2680,.F.);
#6165 = ORIENTED_EDGE('',*,*,#6166,.F.);
#6166 = EDGE_CURVE('',#6167,#2681,#6169,.T.);
#6167 = VERTEX_POINT('',#6168);
#6168 = CARTESIAN_POINT('',(-1.935145644687,-2.370291289374,1.));
#6169 = LINE('',#6170,#6171);
#6170 = CARTESIAN_POINT('',(-1.935145644687,-2.370291289374,1.));
#6171 = VECTOR('',#6172,1.);
#6172 = DIRECTION('',(-0.707106781187,0.707106781187,0.));
#6173 = ORIENTED_EDGE('',*,*,#6174,.F.);
#6174 = EDGE_CURVE('',#6175,#6167,#6177,.T.);
#6175 = VERTEX_POINT('',#6176);
#6176 = CARTESIAN_POINT('',(1.935145644687,-2.370291289374,1.));
#6177 = LINE('',#6178,#6179);
#6178 = CARTESIAN_POINT('',(1.935145644687,-2.370291289374,1.));
#6179 = VECTOR('',#6180,1.);
#6180 = DIRECTION('',(-1.,-1.110223024625E-16,0.));
#6181 = ORIENTED_EDGE('',*,*,#6182,.F.);
#6182 = EDGE_CURVE('',#2884,#6175,#6183,.T.);
#6183 = LINE('',#6184,#6185);
#6184 = CARTESIAN_POINT('',(2.070291289374,-2.235145644687,1.));
#6185 = VECTOR('',#6186,1.);
#6186 = DIRECTION('',(-0.707106781187,-0.707106781187,0.));
#6187 = ORIENTED_EDGE('',*,*,#2890,.F.);
#6188 = ORIENTED_EDGE('',*,*,#2755,.F.);
#6189 = FACE_BOUND('',#6190,.T.);
#6190 = EDGE_LOOP('',(#6191));
#6191 = ORIENTED_EDGE('',*,*,#6192,.T.);
#6192 = EDGE_CURVE('',#6193,#6193,#6195,.T.);
#6193 = VERTEX_POINT('',#6194);
#6194 = CARTESIAN_POINT('',(-1.370291289374,1.420291289374,1.));
#6195 = CIRCLE('',#6196,0.25);
#6196 = AXIS2_PLACEMENT_3D('',#6197,#6198,#6199);
#6197 = CARTESIAN_POINT('',(-1.370291289374,1.670291289374,1.));
#6198 = DIRECTION('',(0.,-0.,-1.));
#6199 = DIRECTION('',(1.110223024625E-16,-1.,0.));
#6200 = PLANE('',#6201);
#6201 = AXIS2_PLACEMENT_3D('',#6202,#6203,#6204);
#6202 = CARTESIAN_POINT('',(-1.935145644687,2.370291289374,1.));
#6203 = DIRECTION('',(0.,0.,1.));
#6204 = DIRECTION('',(0.632418454006,-0.774626941845,0.));
#6205 = ADVANCED_FACE('',(#6206),#6216,.F.);
#6206 = FACE_BOUND('',#6207,.F.);
#6207 = EDGE_LOOP('',(#6208,#6209,#6210,#6211));
#6208 = ORIENTED_EDGE('',*,*,#2951,.T.);
#6209 = ORIENTED_EDGE('',*,*,#2688,.T.);
#6210 = ORIENTED_EDGE('',*,*,#6166,.F.);
#6211 = ORIENTED_EDGE('',*,*,#6212,.F.);
#6212 = EDGE_CURVE('',#2952,#6167,#6213,.T.);
#6213 = B_SPLINE_CURVE_WITH_KNOTS('',1,(#6214,#6215),.UNSPECIFIED.,.F.,
  .F.,(2,2),(0.,1.),.PIECEWISE_BEZIER_KNOTS.);
#6214 = CARTESIAN_POINT('',(-1.975,-2.45,0.625));
#6215 = CARTESIAN_POINT('',(-1.935145644687,-2.370291289374,1.));
#6216 = B_SPLINE_SURFACE_WITH_KNOTS('',1,1,(
    (#6217,#6218)
    ,(#6219,#6220
    )),.UNSPECIFIED.,.F.,.F.,.F.,(2,2),(2,2),(0.,0.247487373415),(0.,1.)
  ,.PIECEWISE_BEZIER_KNOTS.);
#6217 = CARTESIAN_POINT('',(-1.975,-2.45,0.625));
#6218 = CARTESIAN_POINT('',(-1.935145644687,-2.370291289374,1.));
#6219 = CARTESIAN_POINT('',(-2.15,-2.275,0.625));
#6220 = CARTESIAN_POINT('',(-2.070291289374,-2.235145644687,1.));
#6221 = ADVANCED_FACE('',(#6222),#6235,.F.);
#6222 = FACE_BOUND('',#6223,.F.);
#6223 = EDGE_LOOP('',(#6224,#6225,#6231,#6232,#6233,#6234));
#6224 = ORIENTED_EDGE('',*,*,#4794,.F.);
#6225 = ORIENTED_EDGE('',*,*,#6226,.T.);
#6226 = EDGE_CURVE('',#4786,#4895,#6227,.T.);
#6227 = LINE('',#6228,#6229);
#6228 = CARTESIAN_POINT('',(2.4,1.43,0.625));
#6229 = VECTOR('',#6230,1.);
#6230 = DIRECTION('',(1.110223024625E-16,-1.,0.));
#6231 = ORIENTED_EDGE('',*,*,#4903,.T.);
#6232 = ORIENTED_EDGE('',*,*,#4917,.T.);
#6233 = ORIENTED_EDGE('',*,*,#2787,.F.);
#6234 = ORIENTED_EDGE('',*,*,#4701,.F.);
#6235 = PLANE('',#6236);
#6236 = AXIS2_PLACEMENT_3D('',#6237,#6238,#6239);
#6237 = CARTESIAN_POINT('',(2.4,1.43,0.625));
#6238 = DIRECTION('',(0.,0.,-1.));
#6239 = DIRECTION('',(-1.,-1.110223024625E-16,-0.));
#6240 = ADVANCED_FACE('',(#6241),#6254,.F.);
#6241 = FACE_BOUND('',#6242,.F.);
#6242 = EDGE_LOOP('',(#6243,#6244,#6250,#6251,#6252,#6253));
#6243 = ORIENTED_EDGE('',*,*,#5017,.F.);
#6244 = ORIENTED_EDGE('',*,*,#6245,.T.);
#6245 = EDGE_CURVE('',#5009,#5118,#6246,.T.);
#6246 = LINE('',#6247,#6248);
#6247 = CARTESIAN_POINT('',(2.4,0.78,0.625));
#6248 = VECTOR('',#6249,1.);
#6249 = DIRECTION('',(1.110223024625E-16,-1.,0.));
#6250 = ORIENTED_EDGE('',*,*,#5126,.T.);
#6251 = ORIENTED_EDGE('',*,*,#5140,.T.);
#6252 = ORIENTED_EDGE('',*,*,#2803,.F.);
#6253 = ORIENTED_EDGE('',*,*,#4924,.F.);
#6254 = PLANE('',#6255);
#6255 = AXIS2_PLACEMENT_3D('',#6256,#6257,#6258);
#6256 = CARTESIAN_POINT('',(2.4,0.78,0.625));
#6257 = DIRECTION('',(0.,0.,-1.));
#6258 = DIRECTION('',(-1.,-1.110223024625E-16,-0.));
#6259 = ADVANCED_FACE('',(#6260),#6273,.F.);
#6260 = FACE_BOUND('',#6261,.F.);
#6261 = EDGE_LOOP('',(#6262,#6263,#6269,#6270,#6271,#6272));
#6262 = ORIENTED_EDGE('',*,*,#5240,.F.);
#6263 = ORIENTED_EDGE('',*,*,#6264,.T.);
#6264 = EDGE_CURVE('',#5232,#5341,#6265,.T.);
#6265 = LINE('',#6266,#6267);
#6266 = CARTESIAN_POINT('',(2.4,0.13,0.625));
#6267 = VECTOR('',#6268,1.);
#6268 = DIRECTION('',(1.110223024625E-16,-1.,0.));
#6269 = ORIENTED_EDGE('',*,*,#5349,.T.);
#6270 = ORIENTED_EDGE('',*,*,#5363,.T.);
#6271 = ORIENTED_EDGE('',*,*,#2819,.F.);
#6272 = ORIENTED_EDGE('',*,*,#5147,.F.);
#6273 = PLANE('',#6274);
#6274 = AXIS2_PLACEMENT_3D('',#6275,#6276,#6277);
#6275 = CARTESIAN_POINT('',(2.4,0.13,0.625));
#6276 = DIRECTION('',(0.,0.,-1.));
#6277 = DIRECTION('',(-1.,-1.110223024625E-16,-0.));
#6278 = ADVANCED_FACE('',(#6279),#6292,.F.);
#6279 = FACE_BOUND('',#6280,.F.);
#6280 = EDGE_LOOP('',(#6281,#6282,#6288,#6289,#6290,#6291));
#6281 = ORIENTED_EDGE('',*,*,#5463,.F.);
#6282 = ORIENTED_EDGE('',*,*,#6283,.T.);
#6283 = EDGE_CURVE('',#5455,#5564,#6284,.T.);
#6284 = LINE('',#6285,#6286);
#6285 = CARTESIAN_POINT('',(2.4,-0.52,0.625));
#6286 = VECTOR('',#6287,1.);
#6287 = DIRECTION('',(1.110223024625E-16,-1.,0.));
#6288 = ORIENTED_EDGE('',*,*,#5572,.T.);
#6289 = ORIENTED_EDGE('',*,*,#5586,.T.);
#6290 = ORIENTED_EDGE('',*,*,#2835,.F.);
#6291 = ORIENTED_EDGE('',*,*,#5370,.F.);
#6292 = PLANE('',#6293);
#6293 = AXIS2_PLACEMENT_3D('',#6294,#6295,#6296);
#6294 = CARTESIAN_POINT('',(2.4,-0.52,0.625));
#6295 = DIRECTION('',(0.,0.,-1.));
#6296 = DIRECTION('',(-1.,-1.110223024625E-16,-0.));
#6297 = ADVANCED_FACE('',(#6298),#6311,.F.);
#6298 = FACE_BOUND('',#6299,.F.);
#6299 = EDGE_LOOP('',(#6300,#6301,#6307,#6308,#6309,#6310));
#6300 = ORIENTED_EDGE('',*,*,#5686,.F.);
#6301 = ORIENTED_EDGE('',*,*,#6302,.T.);
#6302 = EDGE_CURVE('',#5678,#5787,#6303,.T.);
#6303 = LINE('',#6304,#6305);
#6304 = CARTESIAN_POINT('',(2.4,-1.17,0.625));
#6305 = VECTOR('',#6306,1.);
#6306 = DIRECTION('',(1.110223024625E-16,-1.,0.));
#6307 = ORIENTED_EDGE('',*,*,#5795,.T.);
#6308 = ORIENTED_EDGE('',*,*,#5809,.T.);
#6309 = ORIENTED_EDGE('',*,*,#2851,.F.);
#6310 = ORIENTED_EDGE('',*,*,#5593,.F.);
#6311 = PLANE('',#6312);
#6312 = AXIS2_PLACEMENT_3D('',#6313,#6314,#6315);
#6313 = CARTESIAN_POINT('',(2.4,-1.17,0.625));
#6314 = DIRECTION('',(0.,0.,-1.));
#6315 = DIRECTION('',(-1.,-1.110223024625E-16,-0.));
#6316 = ADVANCED_FACE('',(#6317),#6330,.F.);
#6317 = FACE_BOUND('',#6318,.F.);
#6318 = EDGE_LOOP('',(#6319,#6320,#6326,#6327,#6328,#6329));
#6319 = ORIENTED_EDGE('',*,*,#5909,.F.);
#6320 = ORIENTED_EDGE('',*,*,#6321,.T.);
#6321 = EDGE_CURVE('',#5901,#6010,#6322,.T.);
#6322 = LINE('',#6323,#6324);
#6323 = CARTESIAN_POINT('',(2.4,-1.82,0.625));
#6324 = VECTOR('',#6325,1.);
#6325 = DIRECTION('',(1.110223024625E-16,-1.,0.));
#6326 = ORIENTED_EDGE('',*,*,#6018,.T.);
#6327 = ORIENTED_EDGE('',*,*,#2974,.T.);
#6328 = ORIENTED_EDGE('',*,*,#2867,.F.);
#6329 = ORIENTED_EDGE('',*,*,#5816,.F.);
#6330 = PLANE('',#6331);
#6331 = AXIS2_PLACEMENT_3D('',#6332,#6333,#6334);
#6332 = CARTESIAN_POINT('',(2.4,-1.82,0.625));
#6333 = DIRECTION('',(0.,0.,-1.));
#6334 = DIRECTION('',(-1.,-1.110223024625E-16,-0.));
#6335 = ADVANCED_FACE('',(#6336),#6346,.F.);
#6336 = FACE_BOUND('',#6337,.F.);
#6337 = EDGE_LOOP('',(#6338,#6339,#6344,#6345));
#6338 = ORIENTED_EDGE('',*,*,#2967,.T.);
#6339 = ORIENTED_EDGE('',*,*,#6340,.T.);
#6340 = EDGE_CURVE('',#2960,#6175,#6341,.T.);
#6341 = B_SPLINE_CURVE_WITH_KNOTS('',1,(#6342,#6343),.UNSPECIFIED.,.F.,
  .F.,(2,2),(0.,1.),.PIECEWISE_BEZIER_KNOTS.);
#6342 = CARTESIAN_POINT('',(1.975,-2.45,0.625));
#6343 = CARTESIAN_POINT('',(1.935145644687,-2.370291289374,1.));
#6344 = ORIENTED_EDGE('',*,*,#6182,.F.);
#6345 = ORIENTED_EDGE('',*,*,#2883,.F.);
#6346 = B_SPLINE_SURFACE_WITH_KNOTS('',1,1,(
    (#6347,#6348)
    ,(#6349,#6350
    )),.UNSPECIFIED.,.F.,.F.,.F.,(2,2),(2,2),(0.,0.247487373415),(0.,1.)
  ,.PIECEWISE_BEZIER_KNOTS.);
#6347 = CARTESIAN_POINT('',(2.15,-2.275,0.625));
#6348 = CARTESIAN_POINT('',(2.070291289374,-2.235145644687,1.));
#6349 = CARTESIAN_POINT('',(1.975,-2.45,0.625));
#6350 = CARTESIAN_POINT('',(1.935145644687,-2.370291289374,1.));
#6351 = ADVANCED_FACE('',(#6352),#6363,.T.);
#6352 = FACE_BOUND('',#6353,.T.);
#6353 = EDGE_LOOP('',(#6354,#6355,#6356,#6357));
#6354 = ORIENTED_EDGE('',*,*,#4581,.T.);
#6355 = ORIENTED_EDGE('',*,*,#2913,.T.);
#6356 = ORIENTED_EDGE('',*,*,#4683,.F.);
#6357 = ORIENTED_EDGE('',*,*,#6358,.F.);
#6358 = EDGE_CURVE('',#4574,#4676,#6359,.T.);
#6359 = LINE('',#6360,#6361);
#6360 = CARTESIAN_POINT('',(2.646201938253,2.08,0.418412044417));
#6361 = VECTOR('',#6362,1.);
#6362 = DIRECTION('',(1.110223024625E-16,-1.,0.));
#6363 = CYLINDRICAL_SURFACE('',#6364,0.25);
#6364 = AXIS2_PLACEMENT_3D('',#6365,#6366,#6367);
#6365 = CARTESIAN_POINT('',(2.4,2.08,0.375));
#6366 = DIRECTION('',(-1.110223024625E-16,1.,0.));
#6367 = DIRECTION('',(0.984807753012,1.093356242223E-16,0.173648177667)
  );
#6368 = ADVANCED_FACE('',(#6369),#6375,.F.);
#6369 = FACE_BOUND('',#6370,.F.);
#6370 = EDGE_LOOP('',(#6371,#6372,#6373,#6374));
#6371 = ORIENTED_EDGE('',*,*,#2959,.T.);
#6372 = ORIENTED_EDGE('',*,*,#6212,.T.);
#6373 = ORIENTED_EDGE('',*,*,#6174,.F.);
#6374 = ORIENTED_EDGE('',*,*,#6340,.F.);
#6375 = B_SPLINE_SURFACE_WITH_KNOTS('',1,1,(
    (#6376,#6377)
    ,(#6378,#6379
    )),.UNSPECIFIED.,.F.,.F.,.F.,(2,2),(2,2),(0.,3.95),(0.,1.),
  .PIECEWISE_BEZIER_KNOTS.);
#6376 = CARTESIAN_POINT('',(1.975,-2.45,0.625));
#6377 = CARTESIAN_POINT('',(1.935145644687,-2.370291289374,1.));
#6378 = CARTESIAN_POINT('',(-1.975,-2.45,0.625));
#6379 = CARTESIAN_POINT('',(-1.935145644687,-2.370291289374,1.));
#6380 = ADVANCED_FACE('',(#6381),#6392,.T.);
#6381 = FACE_BOUND('',#6382,.T.);
#6382 = EDGE_LOOP('',(#6383,#6384,#6385,#6386));
#6383 = ORIENTED_EDGE('',*,*,#3061,.T.);
#6384 = ORIENTED_EDGE('',*,*,#6050,.T.);
#6385 = ORIENTED_EDGE('',*,*,#3170,.F.);
#6386 = ORIENTED_EDGE('',*,*,#6387,.F.);
#6387 = EDGE_CURVE('',#3054,#3163,#6388,.T.);
#6388 = LINE('',#6389,#6390);
#6389 = CARTESIAN_POINT('',(-2.646201938253,-2.08,0.418412044417));
#6390 = VECTOR('',#6391,1.);
#6391 = DIRECTION('',(1.144237745222E-17,1.,0.));
#6392 = CYLINDRICAL_SURFACE('',#6393,0.25);
#6393 = AXIS2_PLACEMENT_3D('',#6394,#6395,#6396);
#6394 = CARTESIAN_POINT('',(-2.4,-2.08,0.375));
#6395 = DIRECTION('',(-1.144237745222E-17,-1.,0.));
#6396 = DIRECTION('',(-0.984807753012,1.126854202784E-17,0.173648177667)
  );
#6397 = ADVANCED_FACE('',(#6398),#6409,.F.);
#6398 = FACE_BOUND('',#6399,.F.);
#6399 = EDGE_LOOP('',(#6400,#6406,#6407,#6408));
#6400 = ORIENTED_EDGE('',*,*,#6401,.T.);
#6401 = EDGE_CURVE('',#3045,#3154,#6402,.T.);
#6402 = LINE('',#6403,#6404);
#6403 = CARTESIAN_POINT('',(-2.673560097287,-2.08,0.232635182233));
#6404 = VECTOR('',#6405,1.);
#6405 = DIRECTION('',(1.144237745222E-17,1.,0.));
#6406 = ORIENTED_EDGE('',*,*,#3162,.T.);
#6407 = ORIENTED_EDGE('',*,*,#6387,.F.);
#6408 = ORIENTED_EDGE('',*,*,#3053,.F.);
#6409 = PLANE('',#6410);
#6410 = AXIS2_PLACEMENT_3D('',#6411,#6412,#6413);
#6411 = CARTESIAN_POINT('',(-2.673560097287,-2.08,0.232635182233));
#6412 = DIRECTION('',(0.989329961345,-1.13202868425E-17,-0.145692235845)
  );
#6413 = DIRECTION('',(0.145692235845,-1.667065554401E-18,0.989329961345)
  );
#6414 = ADVANCED_FACE('',(#6415),#6426,.F.);
#6415 = FACE_BOUND('',#6416,.F.);
#6416 = EDGE_LOOP('',(#6417,#6423,#6424,#6425));
#6417 = ORIENTED_EDGE('',*,*,#6418,.T.);
#6418 = EDGE_CURVE('',#3037,#3146,#6419,.T.);
#6419 = LINE('',#6420,#6421);
#6420 = CARTESIAN_POINT('',(-2.772040872589,-2.08,0.15));
#6421 = VECTOR('',#6422,1.);
#6422 = DIRECTION('',(1.144237745222E-17,1.,0.));
#6423 = ORIENTED_EDGE('',*,*,#3153,.T.);
#6424 = ORIENTED_EDGE('',*,*,#6401,.F.);
#6425 = ORIENTED_EDGE('',*,*,#3044,.F.);
#6426 = CYLINDRICAL_SURFACE('',#6427,0.1);
#6427 = AXIS2_PLACEMENT_3D('',#6428,#6429,#6430);
#6428 = CARTESIAN_POINT('',(-2.772040872589,-2.08,0.25));
#6429 = DIRECTION('',(-1.144237745222E-17,-1.,0.));
#6430 = DIRECTION('',(-0.,0.,-1.));
#6431 = ADVANCED_FACE('',(#6432),#6443,.F.);
#6432 = FACE_BOUND('',#6433,.F.);
#6433 = EDGE_LOOP('',(#6434,#6440,#6441,#6442));
#6434 = ORIENTED_EDGE('',*,*,#6435,.T.);
#6435 = EDGE_CURVE('',#3029,#3138,#6436,.T.);
#6436 = LINE('',#6437,#6438);
#6437 = CARTESIAN_POINT('',(-3.2,-2.08,0.15));
#6438 = VECTOR('',#6439,1.);
#6439 = DIRECTION('',(1.144237745222E-17,1.,0.));
#6440 = ORIENTED_EDGE('',*,*,#3145,.T.);
#6441 = ORIENTED_EDGE('',*,*,#6418,.F.);
#6442 = ORIENTED_EDGE('',*,*,#3036,.F.);
#6443 = PLANE('',#6444);
#6444 = AXIS2_PLACEMENT_3D('',#6445,#6446,#6447);
#6445 = CARTESIAN_POINT('',(-3.2,-2.08,0.15));
#6446 = DIRECTION('',(0.,0.,-1.));
#6447 = DIRECTION('',(1.,-1.144237745222E-17,0.));
#6448 = ADVANCED_FACE('',(#6449),#6460,.F.);
#6449 = FACE_BOUND('',#6450,.F.);
#6450 = EDGE_LOOP('',(#6451,#6457,#6458,#6459));
#6451 = ORIENTED_EDGE('',*,*,#6452,.T.);
#6452 = EDGE_CURVE('',#3021,#3130,#6453,.T.);
#6453 = LINE('',#6454,#6455);
#6454 = CARTESIAN_POINT('',(-3.2,-2.08,-5.551115123126E-17));
#6455 = VECTOR('',#6456,1.);
#6456 = DIRECTION('',(1.144237745222E-17,1.,0.));
#6457 = ORIENTED_EDGE('',*,*,#3137,.T.);
#6458 = ORIENTED_EDGE('',*,*,#6435,.F.);
#6459 = ORIENTED_EDGE('',*,*,#3028,.F.);
#6460 = PLANE('',#6461);
#6461 = AXIS2_PLACEMENT_3D('',#6462,#6463,#6464);
#6462 = CARTESIAN_POINT('',(-3.2,-2.08,-5.551115123126E-17));
#6463 = DIRECTION('',(1.,-1.144237745222E-17,0.));
#6464 = DIRECTION('',(0.,0.,1.));
#6465 = ADVANCED_FACE('',(#6466),#6477,.F.);
#6466 = FACE_BOUND('',#6467,.F.);
#6467 = EDGE_LOOP('',(#6468,#6474,#6475,#6476));
#6468 = ORIENTED_EDGE('',*,*,#6469,.T.);
#6469 = EDGE_CURVE('',#3012,#3121,#6470,.T.);
#6470 = LINE('',#6471,#6472);
#6471 = CARTESIAN_POINT('',(-2.772040872589,-2.08,-5.551115123126E-17));
#6472 = VECTOR('',#6473,1.);
#6473 = DIRECTION('',(1.144237745222E-17,1.,0.));
#6474 = ORIENTED_EDGE('',*,*,#3129,.T.);
#6475 = ORIENTED_EDGE('',*,*,#6452,.F.);
#6476 = ORIENTED_EDGE('',*,*,#3020,.F.);
#6477 = PLANE('',#6478);
#6478 = AXIS2_PLACEMENT_3D('',#6479,#6480,#6481);
#6479 = CARTESIAN_POINT('',(-2.772040872589,-2.08,-5.551115123126E-17));
#6480 = DIRECTION('',(0.,0.,1.));
#6481 = DIRECTION('',(-1.,1.144237745222E-17,0.));
#6482 = ADVANCED_FACE('',(#6483),#6494,.T.);
#6483 = FACE_BOUND('',#6484,.T.);
#6484 = EDGE_LOOP('',(#6485,#6486,#6487,#6488));
#6485 = ORIENTED_EDGE('',*,*,#3011,.T.);
#6486 = ORIENTED_EDGE('',*,*,#6469,.T.);
#6487 = ORIENTED_EDGE('',*,*,#3120,.F.);
#6488 = ORIENTED_EDGE('',*,*,#6489,.F.);
#6489 = EDGE_CURVE('',#3004,#3113,#6490,.T.);
#6490 = LINE('',#6491,#6492);
#6491 = CARTESIAN_POINT('',(-2.525838934336,-2.08,0.206587955583));
#6492 = VECTOR('',#6493,1.);
#6493 = DIRECTION('',(1.144237745222E-17,1.,0.));
#6494 = CYLINDRICAL_SURFACE('',#6495,0.25);
#6495 = AXIS2_PLACEMENT_3D('',#6496,#6497,#6498);
#6496 = CARTESIAN_POINT('',(-2.772040872589,-2.08,0.25));
#6497 = DIRECTION('',(-1.144237745222E-17,-1.,0.));
#6498 = DIRECTION('',(0.984807753012,-1.126854202784E-17,-0.173648177667
    ));
#6499 = ADVANCED_FACE('',(#6500),#6506,.F.);
#6500 = FACE_BOUND('',#6501,.F.);
#6501 = EDGE_LOOP('',(#6502,#6503,#6504,#6505));
#6502 = ORIENTED_EDGE('',*,*,#3094,.T.);
#6503 = ORIENTED_EDGE('',*,*,#3112,.T.);
#6504 = ORIENTED_EDGE('',*,*,#6489,.F.);
#6505 = ORIENTED_EDGE('',*,*,#3003,.F.);
#6506 = PLANE('',#6507);
#6507 = AXIS2_PLACEMENT_3D('',#6508,#6509,#6510);
#6508 = CARTESIAN_POINT('',(-2.498480775301,-2.08,0.392364817767));
#6509 = DIRECTION('',(-0.989329961345,1.13202868425E-17,0.145692235845)
  );
#6510 = DIRECTION('',(-0.145692235845,1.667065554401E-18,-0.989329961345
    ));
#6511 = ADVANCED_FACE('',(#6512),#6523,.T.);
#6512 = FACE_BOUND('',#6513,.T.);
#6513 = EDGE_LOOP('',(#6514,#6515,#6516,#6517));
#6514 = ORIENTED_EDGE('',*,*,#3284,.T.);
#6515 = ORIENTED_EDGE('',*,*,#6069,.T.);
#6516 = ORIENTED_EDGE('',*,*,#3393,.F.);
#6517 = ORIENTED_EDGE('',*,*,#6518,.F.);
#6518 = EDGE_CURVE('',#3277,#3386,#6519,.T.);
#6519 = LINE('',#6520,#6521);
#6520 = CARTESIAN_POINT('',(-2.646201938253,-1.43,0.418412044417));
#6521 = VECTOR('',#6522,1.);
#6522 = DIRECTION('',(1.144237745222E-17,1.,0.));
#6523 = CYLINDRICAL_SURFACE('',#6524,0.25);
#6524 = AXIS2_PLACEMENT_3D('',#6525,#6526,#6527);
#6525 = CARTESIAN_POINT('',(-2.4,-1.43,0.375));
#6526 = DIRECTION('',(-1.144237745222E-17,-1.,0.));
#6527 = DIRECTION('',(-0.984807753012,1.126854202784E-17,0.173648177667)
  );
#6528 = ADVANCED_FACE('',(#6529),#6540,.F.);
#6529 = FACE_BOUND('',#6530,.F.);
#6530 = EDGE_LOOP('',(#6531,#6537,#6538,#6539));
#6531 = ORIENTED_EDGE('',*,*,#6532,.T.);
#6532 = EDGE_CURVE('',#3268,#3377,#6533,.T.);
#6533 = LINE('',#6534,#6535);
#6534 = CARTESIAN_POINT('',(-2.673560097287,-1.43,0.232635182233));
#6535 = VECTOR('',#6536,1.);
#6536 = DIRECTION('',(1.144237745222E-17,1.,0.));
#6537 = ORIENTED_EDGE('',*,*,#3385,.T.);
#6538 = ORIENTED_EDGE('',*,*,#6518,.F.);
#6539 = ORIENTED_EDGE('',*,*,#3276,.F.);
#6540 = PLANE('',#6541);
#6541 = AXIS2_PLACEMENT_3D('',#6542,#6543,#6544);
#6542 = CARTESIAN_POINT('',(-2.673560097287,-1.43,0.232635182233));
#6543 = DIRECTION('',(0.989329961345,-1.13202868425E-17,-0.145692235845)
  );
#6544 = DIRECTION('',(0.145692235845,-1.667065554401E-18,0.989329961345)
  );
#6545 = ADVANCED_FACE('',(#6546),#6557,.F.);
#6546 = FACE_BOUND('',#6547,.F.);
#6547 = EDGE_LOOP('',(#6548,#6554,#6555,#6556));
#6548 = ORIENTED_EDGE('',*,*,#6549,.T.);
#6549 = EDGE_CURVE('',#3260,#3369,#6550,.T.);
#6550 = LINE('',#6551,#6552);
#6551 = CARTESIAN_POINT('',(-2.772040872589,-1.43,0.15));
#6552 = VECTOR('',#6553,1.);
#6553 = DIRECTION('',(1.144237745222E-17,1.,0.));
#6554 = ORIENTED_EDGE('',*,*,#3376,.T.);
#6555 = ORIENTED_EDGE('',*,*,#6532,.F.);
#6556 = ORIENTED_EDGE('',*,*,#3267,.F.);
#6557 = CYLINDRICAL_SURFACE('',#6558,0.1);
#6558 = AXIS2_PLACEMENT_3D('',#6559,#6560,#6561);
#6559 = CARTESIAN_POINT('',(-2.772040872589,-1.43,0.25));
#6560 = DIRECTION('',(-1.144237745222E-17,-1.,0.));
#6561 = DIRECTION('',(-0.,0.,-1.));
#6562 = ADVANCED_FACE('',(#6563),#6574,.F.);
#6563 = FACE_BOUND('',#6564,.F.);
#6564 = EDGE_LOOP('',(#6565,#6571,#6572,#6573));
#6565 = ORIENTED_EDGE('',*,*,#6566,.T.);
#6566 = EDGE_CURVE('',#3252,#3361,#6567,.T.);
#6567 = LINE('',#6568,#6569);
#6568 = CARTESIAN_POINT('',(-3.2,-1.43,0.15));
#6569 = VECTOR('',#6570,1.);
#6570 = DIRECTION('',(1.144237745222E-17,1.,0.));
#6571 = ORIENTED_EDGE('',*,*,#3368,.T.);
#6572 = ORIENTED_EDGE('',*,*,#6549,.F.);
#6573 = ORIENTED_EDGE('',*,*,#3259,.F.);
#6574 = PLANE('',#6575);
#6575 = AXIS2_PLACEMENT_3D('',#6576,#6577,#6578);
#6576 = CARTESIAN_POINT('',(-3.2,-1.43,0.15));
#6577 = DIRECTION('',(0.,0.,-1.));
#6578 = DIRECTION('',(1.,-1.144237745222E-17,0.));
#6579 = ADVANCED_FACE('',(#6580),#6591,.F.);
#6580 = FACE_BOUND('',#6581,.F.);
#6581 = EDGE_LOOP('',(#6582,#6588,#6589,#6590));
#6582 = ORIENTED_EDGE('',*,*,#6583,.T.);
#6583 = EDGE_CURVE('',#3244,#3353,#6584,.T.);
#6584 = LINE('',#6585,#6586);
#6585 = CARTESIAN_POINT('',(-3.2,-1.43,-5.551115123126E-17));
#6586 = VECTOR('',#6587,1.);
#6587 = DIRECTION('',(1.144237745222E-17,1.,0.));
#6588 = ORIENTED_EDGE('',*,*,#3360,.T.);
#6589 = ORIENTED_EDGE('',*,*,#6566,.F.);
#6590 = ORIENTED_EDGE('',*,*,#3251,.F.);
#6591 = PLANE('',#6592);
#6592 = AXIS2_PLACEMENT_3D('',#6593,#6594,#6595);
#6593 = CARTESIAN_POINT('',(-3.2,-1.43,-5.551115123126E-17));
#6594 = DIRECTION('',(1.,-1.144237745222E-17,0.));
#6595 = DIRECTION('',(0.,0.,1.));
#6596 = ADVANCED_FACE('',(#6597),#6608,.F.);
#6597 = FACE_BOUND('',#6598,.F.);
#6598 = EDGE_LOOP('',(#6599,#6605,#6606,#6607));
#6599 = ORIENTED_EDGE('',*,*,#6600,.T.);
#6600 = EDGE_CURVE('',#3235,#3344,#6601,.T.);
#6601 = LINE('',#6602,#6603);
#6602 = CARTESIAN_POINT('',(-2.772040872589,-1.43,-5.551115123126E-17));
#6603 = VECTOR('',#6604,1.);
#6604 = DIRECTION('',(1.144237745222E-17,1.,0.));
#6605 = ORIENTED_EDGE('',*,*,#3352,.T.);
#6606 = ORIENTED_EDGE('',*,*,#6583,.F.);
#6607 = ORIENTED_EDGE('',*,*,#3243,.F.);
#6608 = PLANE('',#6609);
#6609 = AXIS2_PLACEMENT_3D('',#6610,#6611,#6612);
#6610 = CARTESIAN_POINT('',(-2.772040872589,-1.43,-5.551115123126E-17));
#6611 = DIRECTION('',(0.,0.,1.));
#6612 = DIRECTION('',(-1.,1.144237745222E-17,0.));
#6613 = ADVANCED_FACE('',(#6614),#6625,.T.);
#6614 = FACE_BOUND('',#6615,.T.);
#6615 = EDGE_LOOP('',(#6616,#6617,#6618,#6619));
#6616 = ORIENTED_EDGE('',*,*,#3234,.T.);
#6617 = ORIENTED_EDGE('',*,*,#6600,.T.);
#6618 = ORIENTED_EDGE('',*,*,#3343,.F.);
#6619 = ORIENTED_EDGE('',*,*,#6620,.F.);
#6620 = EDGE_CURVE('',#3227,#3336,#6621,.T.);
#6621 = LINE('',#6622,#6623);
#6622 = CARTESIAN_POINT('',(-2.525838934336,-1.43,0.206587955583));
#6623 = VECTOR('',#6624,1.);
#6624 = DIRECTION('',(1.144237745222E-17,1.,0.));
#6625 = CYLINDRICAL_SURFACE('',#6626,0.25);
#6626 = AXIS2_PLACEMENT_3D('',#6627,#6628,#6629);
#6627 = CARTESIAN_POINT('',(-2.772040872589,-1.43,0.25));
#6628 = DIRECTION('',(-1.144237745222E-17,-1.,0.));
#6629 = DIRECTION('',(0.984807753012,-1.126854202784E-17,-0.173648177667
    ));
#6630 = ADVANCED_FACE('',(#6631),#6637,.F.);
#6631 = FACE_BOUND('',#6632,.F.);
#6632 = EDGE_LOOP('',(#6633,#6634,#6635,#6636));
#6633 = ORIENTED_EDGE('',*,*,#3317,.T.);
#6634 = ORIENTED_EDGE('',*,*,#3335,.T.);
#6635 = ORIENTED_EDGE('',*,*,#6620,.F.);
#6636 = ORIENTED_EDGE('',*,*,#3226,.F.);
#6637 = PLANE('',#6638);
#6638 = AXIS2_PLACEMENT_3D('',#6639,#6640,#6641);
#6639 = CARTESIAN_POINT('',(-2.498480775301,-1.43,0.392364817767));
#6640 = DIRECTION('',(-0.989329961345,1.13202868425E-17,0.145692235845)
  );
#6641 = DIRECTION('',(-0.145692235845,1.667065554401E-18,-0.989329961345
    ));
#6642 = ADVANCED_FACE('',(#6643),#6654,.T.);
#6643 = FACE_BOUND('',#6644,.T.);
#6644 = EDGE_LOOP('',(#6645,#6646,#6647,#6648));
#6645 = ORIENTED_EDGE('',*,*,#3507,.T.);
#6646 = ORIENTED_EDGE('',*,*,#6088,.T.);
#6647 = ORIENTED_EDGE('',*,*,#3616,.F.);
#6648 = ORIENTED_EDGE('',*,*,#6649,.F.);
#6649 = EDGE_CURVE('',#3500,#3609,#6650,.T.);
#6650 = LINE('',#6651,#6652);
#6651 = CARTESIAN_POINT('',(-2.646201938253,-0.78,0.418412044417));
#6652 = VECTOR('',#6653,1.);
#6653 = DIRECTION('',(1.144237745222E-17,1.,0.));
#6654 = CYLINDRICAL_SURFACE('',#6655,0.25);
#6655 = AXIS2_PLACEMENT_3D('',#6656,#6657,#6658);
#6656 = CARTESIAN_POINT('',(-2.4,-0.78,0.375));
#6657 = DIRECTION('',(-1.144237745222E-17,-1.,0.));
#6658 = DIRECTION('',(-0.984807753012,1.126854202784E-17,0.173648177667)
  );
#6659 = ADVANCED_FACE('',(#6660),#6671,.F.);
#6660 = FACE_BOUND('',#6661,.F.);
#6661 = EDGE_LOOP('',(#6662,#6668,#6669,#6670));
#6662 = ORIENTED_EDGE('',*,*,#6663,.T.);
#6663 = EDGE_CURVE('',#3491,#3600,#6664,.T.);
#6664 = LINE('',#6665,#6666);
#6665 = CARTESIAN_POINT('',(-2.673560097287,-0.78,0.232635182233));
#6666 = VECTOR('',#6667,1.);
#6667 = DIRECTION('',(1.144237745222E-17,1.,0.));
#6668 = ORIENTED_EDGE('',*,*,#3608,.T.);
#6669 = ORIENTED_EDGE('',*,*,#6649,.F.);
#6670 = ORIENTED_EDGE('',*,*,#3499,.F.);
#6671 = PLANE('',#6672);
#6672 = AXIS2_PLACEMENT_3D('',#6673,#6674,#6675);
#6673 = CARTESIAN_POINT('',(-2.673560097287,-0.78,0.232635182233));
#6674 = DIRECTION('',(0.989329961345,-1.13202868425E-17,-0.145692235845)
  );
#6675 = DIRECTION('',(0.145692235845,-1.667065554401E-18,0.989329961345)
  );
#6676 = ADVANCED_FACE('',(#6677),#6688,.F.);
#6677 = FACE_BOUND('',#6678,.F.);
#6678 = EDGE_LOOP('',(#6679,#6685,#6686,#6687));
#6679 = ORIENTED_EDGE('',*,*,#6680,.T.);
#6680 = EDGE_CURVE('',#3483,#3592,#6681,.T.);
#6681 = LINE('',#6682,#6683);
#6682 = CARTESIAN_POINT('',(-2.772040872589,-0.78,0.15));
#6683 = VECTOR('',#6684,1.);
#6684 = DIRECTION('',(1.144237745222E-17,1.,0.));
#6685 = ORIENTED_EDGE('',*,*,#3599,.T.);
#6686 = ORIENTED_EDGE('',*,*,#6663,.F.);
#6687 = ORIENTED_EDGE('',*,*,#3490,.F.);
#6688 = CYLINDRICAL_SURFACE('',#6689,0.1);
#6689 = AXIS2_PLACEMENT_3D('',#6690,#6691,#6692);
#6690 = CARTESIAN_POINT('',(-2.772040872589,-0.78,0.25));
#6691 = DIRECTION('',(-1.144237745222E-17,-1.,0.));
#6692 = DIRECTION('',(-0.,0.,-1.));
#6693 = ADVANCED_FACE('',(#6694),#6705,.F.);
#6694 = FACE_BOUND('',#6695,.F.);
#6695 = EDGE_LOOP('',(#6696,#6702,#6703,#6704));
#6696 = ORIENTED_EDGE('',*,*,#6697,.T.);
#6697 = EDGE_CURVE('',#3475,#3584,#6698,.T.);
#6698 = LINE('',#6699,#6700);
#6699 = CARTESIAN_POINT('',(-3.2,-0.78,0.15));
#6700 = VECTOR('',#6701,1.);
#6701 = DIRECTION('',(1.144237745222E-17,1.,0.));
#6702 = ORIENTED_EDGE('',*,*,#3591,.T.);
#6703 = ORIENTED_EDGE('',*,*,#6680,.F.);
#6704 = ORIENTED_EDGE('',*,*,#3482,.F.);
#6705 = PLANE('',#6706);
#6706 = AXIS2_PLACEMENT_3D('',#6707,#6708,#6709);
#6707 = CARTESIAN_POINT('',(-3.2,-0.78,0.15));
#6708 = DIRECTION('',(0.,0.,-1.));
#6709 = DIRECTION('',(1.,-1.144237745222E-17,0.));
#6710 = ADVANCED_FACE('',(#6711),#6722,.F.);
#6711 = FACE_BOUND('',#6712,.F.);
#6712 = EDGE_LOOP('',(#6713,#6719,#6720,#6721));
#6713 = ORIENTED_EDGE('',*,*,#6714,.T.);
#6714 = EDGE_CURVE('',#3467,#3576,#6715,.T.);
#6715 = LINE('',#6716,#6717);
#6716 = CARTESIAN_POINT('',(-3.2,-0.78,-5.551115123126E-17));
#6717 = VECTOR('',#6718,1.);
#6718 = DIRECTION('',(1.144237745222E-17,1.,0.));
#6719 = ORIENTED_EDGE('',*,*,#3583,.T.);
#6720 = ORIENTED_EDGE('',*,*,#6697,.F.);
#6721 = ORIENTED_EDGE('',*,*,#3474,.F.);
#6722 = PLANE('',#6723);
#6723 = AXIS2_PLACEMENT_3D('',#6724,#6725,#6726);
#6724 = CARTESIAN_POINT('',(-3.2,-0.78,-5.551115123126E-17));
#6725 = DIRECTION('',(1.,-1.144237745222E-17,0.));
#6726 = DIRECTION('',(0.,0.,1.));
#6727 = ADVANCED_FACE('',(#6728),#6739,.F.);
#6728 = FACE_BOUND('',#6729,.F.);
#6729 = EDGE_LOOP('',(#6730,#6736,#6737,#6738));
#6730 = ORIENTED_EDGE('',*,*,#6731,.T.);
#6731 = EDGE_CURVE('',#3458,#3567,#6732,.T.);
#6732 = LINE('',#6733,#6734);
#6733 = CARTESIAN_POINT('',(-2.772040872589,-0.78,-5.551115123126E-17));
#6734 = VECTOR('',#6735,1.);
#6735 = DIRECTION('',(1.144237745222E-17,1.,0.));
#6736 = ORIENTED_EDGE('',*,*,#3575,.T.);
#6737 = ORIENTED_EDGE('',*,*,#6714,.F.);
#6738 = ORIENTED_EDGE('',*,*,#3466,.F.);
#6739 = PLANE('',#6740);
#6740 = AXIS2_PLACEMENT_3D('',#6741,#6742,#6743);
#6741 = CARTESIAN_POINT('',(-2.772040872589,-0.78,-5.551115123126E-17));
#6742 = DIRECTION('',(0.,0.,1.));
#6743 = DIRECTION('',(-1.,1.144237745222E-17,0.));
#6744 = ADVANCED_FACE('',(#6745),#6756,.T.);
#6745 = FACE_BOUND('',#6746,.T.);
#6746 = EDGE_LOOP('',(#6747,#6748,#6749,#6750));
#6747 = ORIENTED_EDGE('',*,*,#3457,.T.);
#6748 = ORIENTED_EDGE('',*,*,#6731,.T.);
#6749 = ORIENTED_EDGE('',*,*,#3566,.F.);
#6750 = ORIENTED_EDGE('',*,*,#6751,.F.);
#6751 = EDGE_CURVE('',#3450,#3559,#6752,.T.);
#6752 = LINE('',#6753,#6754);
#6753 = CARTESIAN_POINT('',(-2.525838934336,-0.78,0.206587955583));
#6754 = VECTOR('',#6755,1.);
#6755 = DIRECTION('',(1.144237745222E-17,1.,0.));
#6756 = CYLINDRICAL_SURFACE('',#6757,0.25);
#6757 = AXIS2_PLACEMENT_3D('',#6758,#6759,#6760);
#6758 = CARTESIAN_POINT('',(-2.772040872589,-0.78,0.25));
#6759 = DIRECTION('',(-1.144237745222E-17,-1.,0.));
#6760 = DIRECTION('',(0.984807753012,-1.126854202784E-17,-0.173648177667
    ));
#6761 = ADVANCED_FACE('',(#6762),#6768,.F.);
#6762 = FACE_BOUND('',#6763,.F.);
#6763 = EDGE_LOOP('',(#6764,#6765,#6766,#6767));
#6764 = ORIENTED_EDGE('',*,*,#3540,.T.);
#6765 = ORIENTED_EDGE('',*,*,#3558,.T.);
#6766 = ORIENTED_EDGE('',*,*,#6751,.F.);
#6767 = ORIENTED_EDGE('',*,*,#3449,.F.);
#6768 = PLANE('',#6769);
#6769 = AXIS2_PLACEMENT_3D('',#6770,#6771,#6772);
#6770 = CARTESIAN_POINT('',(-2.498480775301,-0.78,0.392364817767));
#6771 = DIRECTION('',(-0.989329961345,1.13202868425E-17,0.145692235845)
  );
#6772 = DIRECTION('',(-0.145692235845,1.667065554401E-18,-0.989329961345
    ));
#6773 = ADVANCED_FACE('',(#6774),#6785,.T.);
#6774 = FACE_BOUND('',#6775,.T.);
#6775 = EDGE_LOOP('',(#6776,#6777,#6778,#6779));
#6776 = ORIENTED_EDGE('',*,*,#3730,.T.);
#6777 = ORIENTED_EDGE('',*,*,#6107,.T.);
#6778 = ORIENTED_EDGE('',*,*,#3839,.F.);
#6779 = ORIENTED_EDGE('',*,*,#6780,.F.);
#6780 = EDGE_CURVE('',#3723,#3832,#6781,.T.);
#6781 = LINE('',#6782,#6783);
#6782 = CARTESIAN_POINT('',(-2.646201938253,-0.13,0.418412044417));
#6783 = VECTOR('',#6784,1.);
#6784 = DIRECTION('',(1.144237745222E-17,1.,0.));
#6785 = CYLINDRICAL_SURFACE('',#6786,0.25);
#6786 = AXIS2_PLACEMENT_3D('',#6787,#6788,#6789);
#6787 = CARTESIAN_POINT('',(-2.4,-0.13,0.375));
#6788 = DIRECTION('',(-1.144237745222E-17,-1.,0.));
#6789 = DIRECTION('',(-0.984807753012,1.126854202784E-17,0.173648177667)
  );
#6790 = ADVANCED_FACE('',(#6791),#6802,.F.);
#6791 = FACE_BOUND('',#6792,.F.);
#6792 = EDGE_LOOP('',(#6793,#6799,#6800,#6801));
#6793 = ORIENTED_EDGE('',*,*,#6794,.T.);
#6794 = EDGE_CURVE('',#3714,#3823,#6795,.T.);
#6795 = LINE('',#6796,#6797);
#6796 = CARTESIAN_POINT('',(-2.673560097287,-0.13,0.232635182233));
#6797 = VECTOR('',#6798,1.);
#6798 = DIRECTION('',(1.144237745222E-17,1.,0.));
#6799 = ORIENTED_EDGE('',*,*,#3831,.T.);
#6800 = ORIENTED_EDGE('',*,*,#6780,.F.);
#6801 = ORIENTED_EDGE('',*,*,#3722,.F.);
#6802 = PLANE('',#6803);
#6803 = AXIS2_PLACEMENT_3D('',#6804,#6805,#6806);
#6804 = CARTESIAN_POINT('',(-2.673560097287,-0.13,0.232635182233));
#6805 = DIRECTION('',(0.989329961345,-1.13202868425E-17,-0.145692235845)
  );
#6806 = DIRECTION('',(0.145692235845,-1.667065554401E-18,0.989329961345)
  );
#6807 = ADVANCED_FACE('',(#6808),#6819,.F.);
#6808 = FACE_BOUND('',#6809,.F.);
#6809 = EDGE_LOOP('',(#6810,#6816,#6817,#6818));
#6810 = ORIENTED_EDGE('',*,*,#6811,.T.);
#6811 = EDGE_CURVE('',#3706,#3815,#6812,.T.);
#6812 = LINE('',#6813,#6814);
#6813 = CARTESIAN_POINT('',(-2.772040872589,-0.13,0.15));
#6814 = VECTOR('',#6815,1.);
#6815 = DIRECTION('',(1.144237745222E-17,1.,0.));
#6816 = ORIENTED_EDGE('',*,*,#3822,.T.);
#6817 = ORIENTED_EDGE('',*,*,#6794,.F.);
#6818 = ORIENTED_EDGE('',*,*,#3713,.F.);
#6819 = CYLINDRICAL_SURFACE('',#6820,0.1);
#6820 = AXIS2_PLACEMENT_3D('',#6821,#6822,#6823);
#6821 = CARTESIAN_POINT('',(-2.772040872589,-0.13,0.25));
#6822 = DIRECTION('',(-1.144237745222E-17,-1.,0.));
#6823 = DIRECTION('',(-0.,0.,-1.));
#6824 = ADVANCED_FACE('',(#6825),#6836,.F.);
#6825 = FACE_BOUND('',#6826,.F.);
#6826 = EDGE_LOOP('',(#6827,#6833,#6834,#6835));
#6827 = ORIENTED_EDGE('',*,*,#6828,.T.);
#6828 = EDGE_CURVE('',#3698,#3807,#6829,.T.);
#6829 = LINE('',#6830,#6831);
#6830 = CARTESIAN_POINT('',(-3.2,-0.13,0.15));
#6831 = VECTOR('',#6832,1.);
#6832 = DIRECTION('',(1.144237745222E-17,1.,0.));
#6833 = ORIENTED_EDGE('',*,*,#3814,.T.);
#6834 = ORIENTED_EDGE('',*,*,#6811,.F.);
#6835 = ORIENTED_EDGE('',*,*,#3705,.F.);
#6836 = PLANE('',#6837);
#6837 = AXIS2_PLACEMENT_3D('',#6838,#6839,#6840);
#6838 = CARTESIAN_POINT('',(-3.2,-0.13,0.15));
#6839 = DIRECTION('',(0.,0.,-1.));
#6840 = DIRECTION('',(1.,-1.144237745222E-17,0.));
#6841 = ADVANCED_FACE('',(#6842),#6853,.F.);
#6842 = FACE_BOUND('',#6843,.F.);
#6843 = EDGE_LOOP('',(#6844,#6850,#6851,#6852));
#6844 = ORIENTED_EDGE('',*,*,#6845,.T.);
#6845 = EDGE_CURVE('',#3690,#3799,#6846,.T.);
#6846 = LINE('',#6847,#6848);
#6847 = CARTESIAN_POINT('',(-3.2,-0.13,-5.551115123126E-17));
#6848 = VECTOR('',#6849,1.);
#6849 = DIRECTION('',(1.144237745222E-17,1.,0.));
#6850 = ORIENTED_EDGE('',*,*,#3806,.T.);
#6851 = ORIENTED_EDGE('',*,*,#6828,.F.);
#6852 = ORIENTED_EDGE('',*,*,#3697,.F.);
#6853 = PLANE('',#6854);
#6854 = AXIS2_PLACEMENT_3D('',#6855,#6856,#6857);
#6855 = CARTESIAN_POINT('',(-3.2,-0.13,-5.551115123126E-17));
#6856 = DIRECTION('',(1.,-1.144237745222E-17,0.));
#6857 = DIRECTION('',(0.,0.,1.));
#6858 = ADVANCED_FACE('',(#6859),#6870,.F.);
#6859 = FACE_BOUND('',#6860,.F.);
#6860 = EDGE_LOOP('',(#6861,#6867,#6868,#6869));
#6861 = ORIENTED_EDGE('',*,*,#6862,.T.);
#6862 = EDGE_CURVE('',#3681,#3790,#6863,.T.);
#6863 = LINE('',#6864,#6865);
#6864 = CARTESIAN_POINT('',(-2.772040872589,-0.13,-5.551115123126E-17));
#6865 = VECTOR('',#6866,1.);
#6866 = DIRECTION('',(1.144237745222E-17,1.,0.));
#6867 = ORIENTED_EDGE('',*,*,#3798,.T.);
#6868 = ORIENTED_EDGE('',*,*,#6845,.F.);
#6869 = ORIENTED_EDGE('',*,*,#3689,.F.);
#6870 = PLANE('',#6871);
#6871 = AXIS2_PLACEMENT_3D('',#6872,#6873,#6874);
#6872 = CARTESIAN_POINT('',(-2.772040872589,-0.13,-5.551115123126E-17));
#6873 = DIRECTION('',(0.,0.,1.));
#6874 = DIRECTION('',(-1.,1.144237745222E-17,0.));
#6875 = ADVANCED_FACE('',(#6876),#6887,.T.);
#6876 = FACE_BOUND('',#6877,.T.);
#6877 = EDGE_LOOP('',(#6878,#6879,#6880,#6881));
#6878 = ORIENTED_EDGE('',*,*,#3680,.T.);
#6879 = ORIENTED_EDGE('',*,*,#6862,.T.);
#6880 = ORIENTED_EDGE('',*,*,#3789,.F.);
#6881 = ORIENTED_EDGE('',*,*,#6882,.F.);
#6882 = EDGE_CURVE('',#3673,#3782,#6883,.T.);
#6883 = LINE('',#6884,#6885);
#6884 = CARTESIAN_POINT('',(-2.525838934336,-0.13,0.206587955583));
#6885 = VECTOR('',#6886,1.);
#6886 = DIRECTION('',(1.144237745222E-17,1.,0.));
#6887 = CYLINDRICAL_SURFACE('',#6888,0.25);
#6888 = AXIS2_PLACEMENT_3D('',#6889,#6890,#6891);
#6889 = CARTESIAN_POINT('',(-2.772040872589,-0.13,0.25));
#6890 = DIRECTION('',(-1.144237745222E-17,-1.,0.));
#6891 = DIRECTION('',(0.984807753012,-1.126854202784E-17,-0.173648177667
    ));
#6892 = ADVANCED_FACE('',(#6893),#6899,.F.);
#6893 = FACE_BOUND('',#6894,.F.);
#6894 = EDGE_LOOP('',(#6895,#6896,#6897,#6898));
#6895 = ORIENTED_EDGE('',*,*,#3763,.T.);
#6896 = ORIENTED_EDGE('',*,*,#3781,.T.);
#6897 = ORIENTED_EDGE('',*,*,#6882,.F.);
#6898 = ORIENTED_EDGE('',*,*,#3672,.F.);
#6899 = PLANE('',#6900);
#6900 = AXIS2_PLACEMENT_3D('',#6901,#6902,#6903);
#6901 = CARTESIAN_POINT('',(-2.498480775301,-0.13,0.392364817767));
#6902 = DIRECTION('',(-0.989329961345,1.13202868425E-17,0.145692235845)
  );
#6903 = DIRECTION('',(-0.145692235845,1.667065554401E-18,-0.989329961345
    ));
#6904 = ADVANCED_FACE('',(#6905),#6916,.T.);
#6905 = FACE_BOUND('',#6906,.T.);
#6906 = EDGE_LOOP('',(#6907,#6908,#6909,#6910));
#6907 = ORIENTED_EDGE('',*,*,#3953,.T.);
#6908 = ORIENTED_EDGE('',*,*,#6126,.T.);
#6909 = ORIENTED_EDGE('',*,*,#4062,.F.);
#6910 = ORIENTED_EDGE('',*,*,#6911,.F.);
#6911 = EDGE_CURVE('',#3946,#4055,#6912,.T.);
#6912 = LINE('',#6913,#6914);
#6913 = CARTESIAN_POINT('',(-2.646201938253,0.52,0.418412044417));
#6914 = VECTOR('',#6915,1.);
#6915 = DIRECTION('',(1.144237745222E-17,1.,0.));
#6916 = CYLINDRICAL_SURFACE('',#6917,0.25);
#6917 = AXIS2_PLACEMENT_3D('',#6918,#6919,#6920);
#6918 = CARTESIAN_POINT('',(-2.4,0.52,0.375));
#6919 = DIRECTION('',(-1.144237745222E-17,-1.,0.));
#6920 = DIRECTION('',(-0.984807753012,1.126854202784E-17,0.173648177667)
  );
#6921 = ADVANCED_FACE('',(#6922),#6933,.F.);
#6922 = FACE_BOUND('',#6923,.F.);
#6923 = EDGE_LOOP('',(#6924,#6930,#6931,#6932));
#6924 = ORIENTED_EDGE('',*,*,#6925,.T.);
#6925 = EDGE_CURVE('',#3937,#4046,#6926,.T.);
#6926 = LINE('',#6927,#6928);
#6927 = CARTESIAN_POINT('',(-2.673560097287,0.52,0.232635182233));
#6928 = VECTOR('',#6929,1.);
#6929 = DIRECTION('',(1.144237745222E-17,1.,0.));
#6930 = ORIENTED_EDGE('',*,*,#4054,.T.);
#6931 = ORIENTED_EDGE('',*,*,#6911,.F.);
#6932 = ORIENTED_EDGE('',*,*,#3945,.F.);
#6933 = PLANE('',#6934);
#6934 = AXIS2_PLACEMENT_3D('',#6935,#6936,#6937);
#6935 = CARTESIAN_POINT('',(-2.673560097287,0.52,0.232635182233));
#6936 = DIRECTION('',(0.989329961345,-1.13202868425E-17,-0.145692235845)
  );
#6937 = DIRECTION('',(0.145692235845,-1.667065554401E-18,0.989329961345)
  );
#6938 = ADVANCED_FACE('',(#6939),#6950,.F.);
#6939 = FACE_BOUND('',#6940,.F.);
#6940 = EDGE_LOOP('',(#6941,#6947,#6948,#6949));
#6941 = ORIENTED_EDGE('',*,*,#6942,.T.);
#6942 = EDGE_CURVE('',#3929,#4038,#6943,.T.);
#6943 = LINE('',#6944,#6945);
#6944 = CARTESIAN_POINT('',(-2.772040872589,0.52,0.15));
#6945 = VECTOR('',#6946,1.);
#6946 = DIRECTION('',(1.144237745222E-17,1.,0.));
#6947 = ORIENTED_EDGE('',*,*,#4045,.T.);
#6948 = ORIENTED_EDGE('',*,*,#6925,.F.);
#6949 = ORIENTED_EDGE('',*,*,#3936,.F.);
#6950 = CYLINDRICAL_SURFACE('',#6951,0.1);
#6951 = AXIS2_PLACEMENT_3D('',#6952,#6953,#6954);
#6952 = CARTESIAN_POINT('',(-2.772040872589,0.52,0.25));
#6953 = DIRECTION('',(-1.144237745222E-17,-1.,0.));
#6954 = DIRECTION('',(-0.,0.,-1.));
#6955 = ADVANCED_FACE('',(#6956),#6967,.F.);
#6956 = FACE_BOUND('',#6957,.F.);
#6957 = EDGE_LOOP('',(#6958,#6964,#6965,#6966));
#6958 = ORIENTED_EDGE('',*,*,#6959,.T.);
#6959 = EDGE_CURVE('',#3921,#4030,#6960,.T.);
#6960 = LINE('',#6961,#6962);
#6961 = CARTESIAN_POINT('',(-3.2,0.52,0.15));
#6962 = VECTOR('',#6963,1.);
#6963 = DIRECTION('',(1.144237745222E-17,1.,0.));
#6964 = ORIENTED_EDGE('',*,*,#4037,.T.);
#6965 = ORIENTED_EDGE('',*,*,#6942,.F.);
#6966 = ORIENTED_EDGE('',*,*,#3928,.F.);
#6967 = PLANE('',#6968);
#6968 = AXIS2_PLACEMENT_3D('',#6969,#6970,#6971);
#6969 = CARTESIAN_POINT('',(-3.2,0.52,0.15));
#6970 = DIRECTION('',(0.,0.,-1.));
#6971 = DIRECTION('',(1.,-1.144237745222E-17,0.));
#6972 = ADVANCED_FACE('',(#6973),#6984,.F.);
#6973 = FACE_BOUND('',#6974,.F.);
#6974 = EDGE_LOOP('',(#6975,#6981,#6982,#6983));
#6975 = ORIENTED_EDGE('',*,*,#6976,.T.);
#6976 = EDGE_CURVE('',#3913,#4022,#6977,.T.);
#6977 = LINE('',#6978,#6979);
#6978 = CARTESIAN_POINT('',(-3.2,0.52,-5.551115123126E-17));
#6979 = VECTOR('',#6980,1.);
#6980 = DIRECTION('',(1.144237745222E-17,1.,0.));
#6981 = ORIENTED_EDGE('',*,*,#4029,.T.);
#6982 = ORIENTED_EDGE('',*,*,#6959,.F.);
#6983 = ORIENTED_EDGE('',*,*,#3920,.F.);
#6984 = PLANE('',#6985);
#6985 = AXIS2_PLACEMENT_3D('',#6986,#6987,#6988);
#6986 = CARTESIAN_POINT('',(-3.2,0.52,-5.551115123126E-17));
#6987 = DIRECTION('',(1.,-1.144237745222E-17,0.));
#6988 = DIRECTION('',(0.,0.,1.));
#6989 = ADVANCED_FACE('',(#6990),#7001,.F.);
#6990 = FACE_BOUND('',#6991,.F.);
#6991 = EDGE_LOOP('',(#6992,#6998,#6999,#7000));
#6992 = ORIENTED_EDGE('',*,*,#6993,.T.);
#6993 = EDGE_CURVE('',#3904,#4013,#6994,.T.);
#6994 = LINE('',#6995,#6996);
#6995 = CARTESIAN_POINT('',(-2.772040872589,0.52,-5.551115123126E-17));
#6996 = VECTOR('',#6997,1.);
#6997 = DIRECTION('',(1.144237745222E-17,1.,0.));
#6998 = ORIENTED_EDGE('',*,*,#4021,.T.);
#6999 = ORIENTED_EDGE('',*,*,#6976,.F.);
#7000 = ORIENTED_EDGE('',*,*,#3912,.F.);
#7001 = PLANE('',#7002);
#7002 = AXIS2_PLACEMENT_3D('',#7003,#7004,#7005);
#7003 = CARTESIAN_POINT('',(-2.772040872589,0.52,-5.551115123126E-17));
#7004 = DIRECTION('',(0.,0.,1.));
#7005 = DIRECTION('',(-1.,1.144237745222E-17,0.));
#7006 = ADVANCED_FACE('',(#7007),#7018,.T.);
#7007 = FACE_BOUND('',#7008,.T.);
#7008 = EDGE_LOOP('',(#7009,#7010,#7011,#7012));
#7009 = ORIENTED_EDGE('',*,*,#3903,.T.);
#7010 = ORIENTED_EDGE('',*,*,#6993,.T.);
#7011 = ORIENTED_EDGE('',*,*,#4012,.F.);
#7012 = ORIENTED_EDGE('',*,*,#7013,.F.);
#7013 = EDGE_CURVE('',#3896,#4005,#7014,.T.);
#7014 = LINE('',#7015,#7016);
#7015 = CARTESIAN_POINT('',(-2.525838934336,0.52,0.206587955583));
#7016 = VECTOR('',#7017,1.);
#7017 = DIRECTION('',(1.144237745222E-17,1.,0.));
#7018 = CYLINDRICAL_SURFACE('',#7019,0.25);
#7019 = AXIS2_PLACEMENT_3D('',#7020,#7021,#7022);
#7020 = CARTESIAN_POINT('',(-2.772040872589,0.52,0.25));
#7021 = DIRECTION('',(-1.144237745222E-17,-1.,0.));
#7022 = DIRECTION('',(0.984807753012,-1.126854202784E-17,-0.173648177667
    ));
#7023 = ADVANCED_FACE('',(#7024),#7030,.F.);
#7024 = FACE_BOUND('',#7025,.F.);
#7025 = EDGE_LOOP('',(#7026,#7027,#7028,#7029));
#7026 = ORIENTED_EDGE('',*,*,#3986,.T.);
#7027 = ORIENTED_EDGE('',*,*,#4004,.T.);
#7028 = ORIENTED_EDGE('',*,*,#7013,.F.);
#7029 = ORIENTED_EDGE('',*,*,#3895,.F.);
#7030 = PLANE('',#7031);
#7031 = AXIS2_PLACEMENT_3D('',#7032,#7033,#7034);
#7032 = CARTESIAN_POINT('',(-2.498480775301,0.52,0.392364817767));
#7033 = DIRECTION('',(-0.989329961345,1.13202868425E-17,0.145692235845)
  );
#7034 = DIRECTION('',(-0.145692235845,1.667065554401E-18,-0.989329961345
    ));
#7035 = ADVANCED_FACE('',(#7036),#7047,.T.);
#7036 = FACE_BOUND('',#7037,.T.);
#7037 = EDGE_LOOP('',(#7038,#7039,#7040,#7041));
#7038 = ORIENTED_EDGE('',*,*,#4176,.T.);
#7039 = ORIENTED_EDGE('',*,*,#6145,.T.);
#7040 = ORIENTED_EDGE('',*,*,#4285,.F.);
#7041 = ORIENTED_EDGE('',*,*,#7042,.F.);
#7042 = EDGE_CURVE('',#4169,#4278,#7043,.T.);
#7043 = LINE('',#7044,#7045);
#7044 = CARTESIAN_POINT('',(-2.646201938253,1.17,0.418412044417));
#7045 = VECTOR('',#7046,1.);
#7046 = DIRECTION('',(1.144237745222E-17,1.,0.));
#7047 = CYLINDRICAL_SURFACE('',#7048,0.25);
#7048 = AXIS2_PLACEMENT_3D('',#7049,#7050,#7051);
#7049 = CARTESIAN_POINT('',(-2.4,1.17,0.375));
#7050 = DIRECTION('',(-1.144237745222E-17,-1.,0.));
#7051 = DIRECTION('',(-0.984807753012,1.126854202784E-17,0.173648177667)
  );
#7052 = ADVANCED_FACE('',(#7053),#7064,.F.);
#7053 = FACE_BOUND('',#7054,.F.);
#7054 = EDGE_LOOP('',(#7055,#7061,#7062,#7063));
#7055 = ORIENTED_EDGE('',*,*,#7056,.T.);
#7056 = EDGE_CURVE('',#4160,#4269,#7057,.T.);
#7057 = LINE('',#7058,#7059);
#7058 = CARTESIAN_POINT('',(-2.673560097287,1.17,0.232635182233));
#7059 = VECTOR('',#7060,1.);
#7060 = DIRECTION('',(1.144237745222E-17,1.,0.));
#7061 = ORIENTED_EDGE('',*,*,#4277,.T.);
#7062 = ORIENTED_EDGE('',*,*,#7042,.F.);
#7063 = ORIENTED_EDGE('',*,*,#4168,.F.);
#7064 = PLANE('',#7065);
#7065 = AXIS2_PLACEMENT_3D('',#7066,#7067,#7068);
#7066 = CARTESIAN_POINT('',(-2.673560097287,1.17,0.232635182233));
#7067 = DIRECTION('',(0.989329961345,-1.13202868425E-17,-0.145692235845)
  );
#7068 = DIRECTION('',(0.145692235845,-1.667065554401E-18,0.989329961345)
  );
#7069 = ADVANCED_FACE('',(#7070),#7081,.F.);
#7070 = FACE_BOUND('',#7071,.F.);
#7071 = EDGE_LOOP('',(#7072,#7078,#7079,#7080));
#7072 = ORIENTED_EDGE('',*,*,#7073,.T.);
#7073 = EDGE_CURVE('',#4152,#4261,#7074,.T.);
#7074 = LINE('',#7075,#7076);
#7075 = CARTESIAN_POINT('',(-2.772040872589,1.17,0.15));
#7076 = VECTOR('',#7077,1.);
#7077 = DIRECTION('',(1.144237745222E-17,1.,0.));
#7078 = ORIENTED_EDGE('',*,*,#4268,.T.);
#7079 = ORIENTED_EDGE('',*,*,#7056,.F.);
#7080 = ORIENTED_EDGE('',*,*,#4159,.F.);
#7081 = CYLINDRICAL_SURFACE('',#7082,0.1);
#7082 = AXIS2_PLACEMENT_3D('',#7083,#7084,#7085);
#7083 = CARTESIAN_POINT('',(-2.772040872589,1.17,0.25));
#7084 = DIRECTION('',(-1.144237745222E-17,-1.,0.));
#7085 = DIRECTION('',(-0.,0.,-1.));
#7086 = ADVANCED_FACE('',(#7087),#7098,.F.);
#7087 = FACE_BOUND('',#7088,.F.);
#7088 = EDGE_LOOP('',(#7089,#7095,#7096,#7097));
#7089 = ORIENTED_EDGE('',*,*,#7090,.T.);
#7090 = EDGE_CURVE('',#4144,#4253,#7091,.T.);
#7091 = LINE('',#7092,#7093);
#7092 = CARTESIAN_POINT('',(-3.2,1.17,0.15));
#7093 = VECTOR('',#7094,1.);
#7094 = DIRECTION('',(1.144237745222E-17,1.,0.));
#7095 = ORIENTED_EDGE('',*,*,#4260,.T.);
#7096 = ORIENTED_EDGE('',*,*,#7073,.F.);
#7097 = ORIENTED_EDGE('',*,*,#4151,.F.);
#7098 = PLANE('',#7099);
#7099 = AXIS2_PLACEMENT_3D('',#7100,#7101,#7102);
#7100 = CARTESIAN_POINT('',(-3.2,1.17,0.15));
#7101 = DIRECTION('',(0.,0.,-1.));
#7102 = DIRECTION('',(1.,-1.144237745222E-17,0.));
#7103 = ADVANCED_FACE('',(#7104),#7115,.F.);
#7104 = FACE_BOUND('',#7105,.F.);
#7105 = EDGE_LOOP('',(#7106,#7112,#7113,#7114));
#7106 = ORIENTED_EDGE('',*,*,#7107,.T.);
#7107 = EDGE_CURVE('',#4136,#4245,#7108,.T.);
#7108 = LINE('',#7109,#7110);
#7109 = CARTESIAN_POINT('',(-3.2,1.17,-5.551115123126E-17));
#7110 = VECTOR('',#7111,1.);
#7111 = DIRECTION('',(1.144237745222E-17,1.,0.));
#7112 = ORIENTED_EDGE('',*,*,#4252,.T.);
#7113 = ORIENTED_EDGE('',*,*,#7090,.F.);
#7114 = ORIENTED_EDGE('',*,*,#4143,.F.);
#7115 = PLANE('',#7116);
#7116 = AXIS2_PLACEMENT_3D('',#7117,#7118,#7119);
#7117 = CARTESIAN_POINT('',(-3.2,1.17,-5.551115123126E-17));
#7118 = DIRECTION('',(1.,-1.144237745222E-17,0.));
#7119 = DIRECTION('',(0.,0.,1.));
#7120 = ADVANCED_FACE('',(#7121),#7132,.F.);
#7121 = FACE_BOUND('',#7122,.F.);
#7122 = EDGE_LOOP('',(#7123,#7129,#7130,#7131));
#7123 = ORIENTED_EDGE('',*,*,#7124,.T.);
#7124 = EDGE_CURVE('',#4127,#4236,#7125,.T.);
#7125 = LINE('',#7126,#7127);
#7126 = CARTESIAN_POINT('',(-2.772040872589,1.17,-5.551115123126E-17));
#7127 = VECTOR('',#7128,1.);
#7128 = DIRECTION('',(1.144237745222E-17,1.,0.));
#7129 = ORIENTED_EDGE('',*,*,#4244,.T.);
#7130 = ORIENTED_EDGE('',*,*,#7107,.F.);
#7131 = ORIENTED_EDGE('',*,*,#4135,.F.);
#7132 = PLANE('',#7133);
#7133 = AXIS2_PLACEMENT_3D('',#7134,#7135,#7136);
#7134 = CARTESIAN_POINT('',(-2.772040872589,1.17,-5.551115123126E-17));
#7135 = DIRECTION('',(0.,0.,1.));
#7136 = DIRECTION('',(-1.,1.144237745222E-17,0.));
#7137 = ADVANCED_FACE('',(#7138),#7149,.T.);
#7138 = FACE_BOUND('',#7139,.T.);
#7139 = EDGE_LOOP('',(#7140,#7141,#7142,#7143));
#7140 = ORIENTED_EDGE('',*,*,#4126,.T.);
#7141 = ORIENTED_EDGE('',*,*,#7124,.T.);
#7142 = ORIENTED_EDGE('',*,*,#4235,.F.);
#7143 = ORIENTED_EDGE('',*,*,#7144,.F.);
#7144 = EDGE_CURVE('',#4119,#4228,#7145,.T.);
#7145 = LINE('',#7146,#7147);
#7146 = CARTESIAN_POINT('',(-2.525838934336,1.17,0.206587955583));
#7147 = VECTOR('',#7148,1.);
#7148 = DIRECTION('',(1.144237745222E-17,1.,0.));
#7149 = CYLINDRICAL_SURFACE('',#7150,0.25);
#7150 = AXIS2_PLACEMENT_3D('',#7151,#7152,#7153);
#7151 = CARTESIAN_POINT('',(-2.772040872589,1.17,0.25));
#7152 = DIRECTION('',(-1.144237745222E-17,-1.,0.));
#7153 = DIRECTION('',(0.984807753012,-1.126854202784E-17,-0.173648177667
    ));
#7154 = ADVANCED_FACE('',(#7155),#7161,.F.);
#7155 = FACE_BOUND('',#7156,.F.);
#7156 = EDGE_LOOP('',(#7157,#7158,#7159,#7160));
#7157 = ORIENTED_EDGE('',*,*,#4209,.T.);
#7158 = ORIENTED_EDGE('',*,*,#4227,.T.);
#7159 = ORIENTED_EDGE('',*,*,#7144,.F.);
#7160 = ORIENTED_EDGE('',*,*,#4118,.F.);
#7161 = PLANE('',#7162);
#7162 = AXIS2_PLACEMENT_3D('',#7163,#7164,#7165);
#7163 = CARTESIAN_POINT('',(-2.498480775301,1.17,0.392364817767));
#7164 = DIRECTION('',(-0.989329961345,1.13202868425E-17,0.145692235845)
  );
#7165 = DIRECTION('',(-0.145692235845,1.667065554401E-18,-0.989329961345
    ));
#7166 = ADVANCED_FACE('',(#7167),#7178,.F.);
#7167 = FACE_BOUND('',#7168,.F.);
#7168 = EDGE_LOOP('',(#7169,#7175,#7176,#7177));
#7169 = ORIENTED_EDGE('',*,*,#7170,.T.);
#7170 = EDGE_CURVE('',#4378,#4480,#7171,.T.);
#7171 = LINE('',#7172,#7173);
#7172 = CARTESIAN_POINT('',(-2.673560097287,1.82,0.232635182233));
#7173 = VECTOR('',#7174,1.);
#7174 = DIRECTION('',(1.144237745222E-17,1.,0.));
#7175 = ORIENTED_EDGE('',*,*,#4488,.T.);
#7176 = ORIENTED_EDGE('',*,*,#6035,.F.);
#7177 = ORIENTED_EDGE('',*,*,#4386,.F.);
#7178 = PLANE('',#7179);
#7179 = AXIS2_PLACEMENT_3D('',#7180,#7181,#7182);
#7180 = CARTESIAN_POINT('',(-2.673560097287,1.82,0.232635182233));
#7181 = DIRECTION('',(0.989329961345,-1.13202868425E-17,-0.145692235845)
  );
#7182 = DIRECTION('',(0.145692235845,-1.667065554401E-18,0.989329961345)
  );
#7183 = ADVANCED_FACE('',(#7184),#7195,.F.);
#7184 = FACE_BOUND('',#7185,.F.);
#7185 = EDGE_LOOP('',(#7186,#7192,#7193,#7194));
#7186 = ORIENTED_EDGE('',*,*,#7187,.T.);
#7187 = EDGE_CURVE('',#4370,#4472,#7188,.T.);
#7188 = LINE('',#7189,#7190);
#7189 = CARTESIAN_POINT('',(-2.772040872589,1.82,0.15));
#7190 = VECTOR('',#7191,1.);
#7191 = DIRECTION('',(1.144237745222E-17,1.,0.));
#7192 = ORIENTED_EDGE('',*,*,#4479,.T.);
#7193 = ORIENTED_EDGE('',*,*,#7170,.F.);
#7194 = ORIENTED_EDGE('',*,*,#4377,.F.);
#7195 = CYLINDRICAL_SURFACE('',#7196,0.1);
#7196 = AXIS2_PLACEMENT_3D('',#7197,#7198,#7199);
#7197 = CARTESIAN_POINT('',(-2.772040872589,1.82,0.25));
#7198 = DIRECTION('',(-1.144237745222E-17,-1.,0.));
#7199 = DIRECTION('',(-0.,0.,-1.));
#7200 = ADVANCED_FACE('',(#7201),#7212,.F.);
#7201 = FACE_BOUND('',#7202,.F.);
#7202 = EDGE_LOOP('',(#7203,#7209,#7210,#7211));
#7203 = ORIENTED_EDGE('',*,*,#7204,.T.);
#7204 = EDGE_CURVE('',#4362,#4464,#7205,.T.);
#7205 = LINE('',#7206,#7207);
#7206 = CARTESIAN_POINT('',(-3.2,1.82,0.15));
#7207 = VECTOR('',#7208,1.);
#7208 = DIRECTION('',(1.144237745222E-17,1.,0.));
#7209 = ORIENTED_EDGE('',*,*,#4471,.T.);
#7210 = ORIENTED_EDGE('',*,*,#7187,.F.);
#7211 = ORIENTED_EDGE('',*,*,#4369,.F.);
#7212 = PLANE('',#7213);
#7213 = AXIS2_PLACEMENT_3D('',#7214,#7215,#7216);
#7214 = CARTESIAN_POINT('',(-3.2,1.82,0.15));
#7215 = DIRECTION('',(0.,0.,-1.));
#7216 = DIRECTION('',(1.,-1.144237745222E-17,0.));
#7217 = ADVANCED_FACE('',(#7218),#7229,.F.);
#7218 = FACE_BOUND('',#7219,.F.);
#7219 = EDGE_LOOP('',(#7220,#7226,#7227,#7228));
#7220 = ORIENTED_EDGE('',*,*,#7221,.T.);
#7221 = EDGE_CURVE('',#4354,#4456,#7222,.T.);
#7222 = LINE('',#7223,#7224);
#7223 = CARTESIAN_POINT('',(-3.2,1.82,-5.551115123126E-17));
#7224 = VECTOR('',#7225,1.);
#7225 = DIRECTION('',(1.144237745222E-17,1.,0.));
#7226 = ORIENTED_EDGE('',*,*,#4463,.T.);
#7227 = ORIENTED_EDGE('',*,*,#7204,.F.);
#7228 = ORIENTED_EDGE('',*,*,#4361,.F.);
#7229 = PLANE('',#7230);
#7230 = AXIS2_PLACEMENT_3D('',#7231,#7232,#7233);
#7231 = CARTESIAN_POINT('',(-3.2,1.82,-5.551115123126E-17));
#7232 = DIRECTION('',(1.,-1.144237745222E-17,0.));
#7233 = DIRECTION('',(0.,0.,1.));
#7234 = ADVANCED_FACE('',(#7235),#7246,.F.);
#7235 = FACE_BOUND('',#7236,.F.);
#7236 = EDGE_LOOP('',(#7237,#7243,#7244,#7245));
#7237 = ORIENTED_EDGE('',*,*,#7238,.T.);
#7238 = EDGE_CURVE('',#4345,#4447,#7239,.T.);
#7239 = LINE('',#7240,#7241);
#7240 = CARTESIAN_POINT('',(-2.772040872589,1.82,-5.551115123126E-17));
#7241 = VECTOR('',#7242,1.);
#7242 = DIRECTION('',(1.144237745222E-17,1.,0.));
#7243 = ORIENTED_EDGE('',*,*,#4455,.T.);
#7244 = ORIENTED_EDGE('',*,*,#7221,.F.);
#7245 = ORIENTED_EDGE('',*,*,#4353,.F.);
#7246 = PLANE('',#7247);
#7247 = AXIS2_PLACEMENT_3D('',#7248,#7249,#7250);
#7248 = CARTESIAN_POINT('',(-2.772040872589,1.82,-5.551115123126E-17));
#7249 = DIRECTION('',(0.,0.,1.));
#7250 = DIRECTION('',(-1.,1.144237745222E-17,0.));
#7251 = ADVANCED_FACE('',(#7252),#7263,.T.);
#7252 = FACE_BOUND('',#7253,.T.);
#7253 = EDGE_LOOP('',(#7254,#7255,#7256,#7257));
#7254 = ORIENTED_EDGE('',*,*,#4344,.T.);
#7255 = ORIENTED_EDGE('',*,*,#7238,.T.);
#7256 = ORIENTED_EDGE('',*,*,#4446,.F.);
#7257 = ORIENTED_EDGE('',*,*,#7258,.F.);
#7258 = EDGE_CURVE('',#4337,#4439,#7259,.T.);
#7259 = LINE('',#7260,#7261);
#7260 = CARTESIAN_POINT('',(-2.525838934336,1.82,0.206587955583));
#7261 = VECTOR('',#7262,1.);
#7262 = DIRECTION('',(1.144237745222E-17,1.,0.));
#7263 = CYLINDRICAL_SURFACE('',#7264,0.25);
#7264 = AXIS2_PLACEMENT_3D('',#7265,#7266,#7267);
#7265 = CARTESIAN_POINT('',(-2.772040872589,1.82,0.25));
#7266 = DIRECTION('',(-1.144237745222E-17,-1.,0.));
#7267 = DIRECTION('',(0.984807753012,-1.126854202784E-17,-0.173648177667
    ));
#7268 = ADVANCED_FACE('',(#7269),#7275,.F.);
#7269 = FACE_BOUND('',#7270,.F.);
#7270 = EDGE_LOOP('',(#7271,#7272,#7273,#7274));
#7271 = ORIENTED_EDGE('',*,*,#4420,.T.);
#7272 = ORIENTED_EDGE('',*,*,#4438,.T.);
#7273 = ORIENTED_EDGE('',*,*,#7258,.F.);
#7274 = ORIENTED_EDGE('',*,*,#4336,.F.);
#7275 = PLANE('',#7276);
#7276 = AXIS2_PLACEMENT_3D('',#7277,#7278,#7279);
#7277 = CARTESIAN_POINT('',(-2.498480775301,1.82,0.392364817767));
#7278 = DIRECTION('',(-0.989329961345,1.13202868425E-17,0.145692235845)
  );
#7279 = DIRECTION('',(-0.145692235845,1.667065554401E-18,-0.989329961345
    ));
#7280 = ADVANCED_FACE('',(#7281),#7292,.F.);
#7281 = FACE_BOUND('',#7282,.F.);
#7282 = EDGE_LOOP('',(#7283,#7289,#7290,#7291));
#7283 = ORIENTED_EDGE('',*,*,#7284,.T.);
#7284 = EDGE_CURVE('',#4565,#4667,#7285,.T.);
#7285 = LINE('',#7286,#7287);
#7286 = CARTESIAN_POINT('',(2.673560097287,2.08,0.232635182233));
#7287 = VECTOR('',#7288,1.);
#7288 = DIRECTION('',(1.110223024625E-16,-1.,0.));
#7289 = ORIENTED_EDGE('',*,*,#4675,.T.);
#7290 = ORIENTED_EDGE('',*,*,#6358,.F.);
#7291 = ORIENTED_EDGE('',*,*,#4573,.F.);
#7292 = PLANE('',#7293);
#7293 = AXIS2_PLACEMENT_3D('',#7294,#7295,#7296);
#7294 = CARTESIAN_POINT('',(2.673560097287,2.08,0.232635182233));
#7295 = DIRECTION('',(-0.989329961345,-1.098376902036E-16,
    -0.145692235845));
#7296 = DIRECTION('',(-0.145692235845,-1.617508747447E-17,0.989329961345
    ));
#7297 = ADVANCED_FACE('',(#7298),#7309,.F.);
#7298 = FACE_BOUND('',#7299,.F.);
#7299 = EDGE_LOOP('',(#7300,#7306,#7307,#7308));
#7300 = ORIENTED_EDGE('',*,*,#7301,.T.);
#7301 = EDGE_CURVE('',#4557,#4659,#7302,.T.);
#7302 = LINE('',#7303,#7304);
#7303 = CARTESIAN_POINT('',(2.772040872589,2.08,0.15));
#7304 = VECTOR('',#7305,1.);
#7305 = DIRECTION('',(1.110223024625E-16,-1.,0.));
#7306 = ORIENTED_EDGE('',*,*,#4666,.T.);
#7307 = ORIENTED_EDGE('',*,*,#7284,.F.);
#7308 = ORIENTED_EDGE('',*,*,#4564,.F.);
#7309 = CYLINDRICAL_SURFACE('',#7310,0.1);
#7310 = AXIS2_PLACEMENT_3D('',#7311,#7312,#7313);
#7311 = CARTESIAN_POINT('',(2.772040872589,2.08,0.25));
#7312 = DIRECTION('',(-1.110223024625E-16,1.,0.));
#7313 = DIRECTION('',(0.,0.,-1.));
#7314 = ADVANCED_FACE('',(#7315),#7326,.F.);
#7315 = FACE_BOUND('',#7316,.F.);
#7316 = EDGE_LOOP('',(#7317,#7323,#7324,#7325));
#7317 = ORIENTED_EDGE('',*,*,#7318,.T.);
#7318 = EDGE_CURVE('',#4549,#4651,#7319,.T.);
#7319 = LINE('',#7320,#7321);
#7320 = CARTESIAN_POINT('',(3.2,2.08,0.15));
#7321 = VECTOR('',#7322,1.);
#7322 = DIRECTION('',(1.110223024625E-16,-1.,0.));
#7323 = ORIENTED_EDGE('',*,*,#4658,.T.);
#7324 = ORIENTED_EDGE('',*,*,#7301,.F.);
#7325 = ORIENTED_EDGE('',*,*,#4556,.F.);
#7326 = PLANE('',#7327);
#7327 = AXIS2_PLACEMENT_3D('',#7328,#7329,#7330);
#7328 = CARTESIAN_POINT('',(3.2,2.08,0.15));
#7329 = DIRECTION('',(0.,0.,-1.));
#7330 = DIRECTION('',(-1.,-1.110223024625E-16,-0.));
#7331 = ADVANCED_FACE('',(#7332),#7343,.F.);
#7332 = FACE_BOUND('',#7333,.F.);
#7333 = EDGE_LOOP('',(#7334,#7340,#7341,#7342));
#7334 = ORIENTED_EDGE('',*,*,#7335,.T.);
#7335 = EDGE_CURVE('',#4541,#4643,#7336,.T.);
#7336 = LINE('',#7337,#7338);
#7337 = CARTESIAN_POINT('',(3.2,2.08,-5.551115123126E-17));
#7338 = VECTOR('',#7339,1.);
#7339 = DIRECTION('',(1.110223024625E-16,-1.,0.));
#7340 = ORIENTED_EDGE('',*,*,#4650,.T.);
#7341 = ORIENTED_EDGE('',*,*,#7318,.F.);
#7342 = ORIENTED_EDGE('',*,*,#4548,.F.);
#7343 = PLANE('',#7344);
#7344 = AXIS2_PLACEMENT_3D('',#7345,#7346,#7347);
#7345 = CARTESIAN_POINT('',(3.2,2.08,-5.551115123126E-17));
#7346 = DIRECTION('',(-1.,-1.110223024625E-16,0.));
#7347 = DIRECTION('',(0.,0.,1.));
#7348 = ADVANCED_FACE('',(#7349),#7360,.F.);
#7349 = FACE_BOUND('',#7350,.F.);
#7350 = EDGE_LOOP('',(#7351,#7357,#7358,#7359));
#7351 = ORIENTED_EDGE('',*,*,#7352,.T.);
#7352 = EDGE_CURVE('',#4532,#4634,#7353,.T.);
#7353 = LINE('',#7354,#7355);
#7354 = CARTESIAN_POINT('',(2.772040872589,2.08,-5.551115123126E-17));
#7355 = VECTOR('',#7356,1.);
#7356 = DIRECTION('',(1.110223024625E-16,-1.,0.));
#7357 = ORIENTED_EDGE('',*,*,#4642,.T.);
#7358 = ORIENTED_EDGE('',*,*,#7335,.F.);
#7359 = ORIENTED_EDGE('',*,*,#4540,.F.);
#7360 = PLANE('',#7361);
#7361 = AXIS2_PLACEMENT_3D('',#7362,#7363,#7364);
#7362 = CARTESIAN_POINT('',(2.772040872589,2.08,-5.551115123126E-17));
#7363 = DIRECTION('',(0.,0.,1.));
#7364 = DIRECTION('',(1.,1.110223024625E-16,-0.));
#7365 = ADVANCED_FACE('',(#7366),#7377,.T.);
#7366 = FACE_BOUND('',#7367,.T.);
#7367 = EDGE_LOOP('',(#7368,#7369,#7370,#7371));
#7368 = ORIENTED_EDGE('',*,*,#4531,.T.);
#7369 = ORIENTED_EDGE('',*,*,#7352,.T.);
#7370 = ORIENTED_EDGE('',*,*,#4633,.F.);
#7371 = ORIENTED_EDGE('',*,*,#7372,.F.);
#7372 = EDGE_CURVE('',#4524,#4626,#7373,.T.);
#7373 = LINE('',#7374,#7375);
#7374 = CARTESIAN_POINT('',(2.525838934336,2.08,0.206587955583));
#7375 = VECTOR('',#7376,1.);
#7376 = DIRECTION('',(1.110223024625E-16,-1.,0.));
#7377 = CYLINDRICAL_SURFACE('',#7378,0.25);
#7378 = AXIS2_PLACEMENT_3D('',#7379,#7380,#7381);
#7379 = CARTESIAN_POINT('',(2.772040872589,2.08,0.25));
#7380 = DIRECTION('',(-1.110223024625E-16,1.,0.));
#7381 = DIRECTION('',(-0.984807753012,-1.093356242223E-16,
    -0.173648177667));
#7382 = ADVANCED_FACE('',(#7383),#7389,.F.);
#7383 = FACE_BOUND('',#7384,.F.);
#7384 = EDGE_LOOP('',(#7385,#7386,#7387,#7388));
#7385 = ORIENTED_EDGE('',*,*,#4607,.T.);
#7386 = ORIENTED_EDGE('',*,*,#4625,.T.);
#7387 = ORIENTED_EDGE('',*,*,#7372,.F.);
#7388 = ORIENTED_EDGE('',*,*,#4523,.F.);
#7389 = PLANE('',#7390);
#7390 = AXIS2_PLACEMENT_3D('',#7391,#7392,#7393);
#7391 = CARTESIAN_POINT('',(2.498480775301,2.08,0.392364817767));
#7392 = DIRECTION('',(0.989329961345,1.098376902036E-16,0.145692235845)
  );
#7393 = DIRECTION('',(0.145692235845,1.617508747447E-17,-0.989329961345)
  );
#7394 = ADVANCED_FACE('',(#7395),#7406,.T.);
#7395 = FACE_BOUND('',#7396,.T.);
#7396 = EDGE_LOOP('',(#7397,#7398,#7399,#7400));
#7397 = ORIENTED_EDGE('',*,*,#4785,.T.);
#7398 = ORIENTED_EDGE('',*,*,#6226,.T.);
#7399 = ORIENTED_EDGE('',*,*,#4894,.F.);
#7400 = ORIENTED_EDGE('',*,*,#7401,.F.);
#7401 = EDGE_CURVE('',#4778,#4887,#7402,.T.);
#7402 = LINE('',#7403,#7404);
#7403 = CARTESIAN_POINT('',(2.646201938253,1.43,0.418412044417));
#7404 = VECTOR('',#7405,1.);
#7405 = DIRECTION('',(1.110223024625E-16,-1.,0.));
#7406 = CYLINDRICAL_SURFACE('',#7407,0.25);
#7407 = AXIS2_PLACEMENT_3D('',#7408,#7409,#7410);
#7408 = CARTESIAN_POINT('',(2.4,1.43,0.375));
#7409 = DIRECTION('',(-1.110223024625E-16,1.,0.));
#7410 = DIRECTION('',(0.984807753012,1.093356242223E-16,0.173648177667)
  );
#7411 = ADVANCED_FACE('',(#7412),#7423,.F.);
#7412 = FACE_BOUND('',#7413,.F.);
#7413 = EDGE_LOOP('',(#7414,#7420,#7421,#7422));
#7414 = ORIENTED_EDGE('',*,*,#7415,.T.);
#7415 = EDGE_CURVE('',#4769,#4878,#7416,.T.);
#7416 = LINE('',#7417,#7418);
#7417 = CARTESIAN_POINT('',(2.673560097287,1.43,0.232635182233));
#7418 = VECTOR('',#7419,1.);
#7419 = DIRECTION('',(1.110223024625E-16,-1.,0.));
#7420 = ORIENTED_EDGE('',*,*,#4886,.T.);
#7421 = ORIENTED_EDGE('',*,*,#7401,.F.);
#7422 = ORIENTED_EDGE('',*,*,#4777,.F.);
#7423 = PLANE('',#7424);
#7424 = AXIS2_PLACEMENT_3D('',#7425,#7426,#7427);
#7425 = CARTESIAN_POINT('',(2.673560097287,1.43,0.232635182233));
#7426 = DIRECTION('',(-0.989329961345,-1.098376902036E-16,
    -0.145692235845));
#7427 = DIRECTION('',(-0.145692235845,-1.617508747447E-17,0.989329961345
    ));
#7428 = ADVANCED_FACE('',(#7429),#7440,.F.);
#7429 = FACE_BOUND('',#7430,.F.);
#7430 = EDGE_LOOP('',(#7431,#7437,#7438,#7439));
#7431 = ORIENTED_EDGE('',*,*,#7432,.T.);
#7432 = EDGE_CURVE('',#4761,#4870,#7433,.T.);
#7433 = LINE('',#7434,#7435);
#7434 = CARTESIAN_POINT('',(2.772040872589,1.43,0.15));
#7435 = VECTOR('',#7436,1.);
#7436 = DIRECTION('',(1.110223024625E-16,-1.,0.));
#7437 = ORIENTED_EDGE('',*,*,#4877,.T.);
#7438 = ORIENTED_EDGE('',*,*,#7415,.F.);
#7439 = ORIENTED_EDGE('',*,*,#4768,.F.);
#7440 = CYLINDRICAL_SURFACE('',#7441,0.1);
#7441 = AXIS2_PLACEMENT_3D('',#7442,#7443,#7444);
#7442 = CARTESIAN_POINT('',(2.772040872589,1.43,0.25));
#7443 = DIRECTION('',(-1.110223024625E-16,1.,0.));
#7444 = DIRECTION('',(0.,0.,-1.));
#7445 = ADVANCED_FACE('',(#7446),#7457,.F.);
#7446 = FACE_BOUND('',#7447,.F.);
#7447 = EDGE_LOOP('',(#7448,#7454,#7455,#7456));
#7448 = ORIENTED_EDGE('',*,*,#7449,.T.);
#7449 = EDGE_CURVE('',#4753,#4862,#7450,.T.);
#7450 = LINE('',#7451,#7452);
#7451 = CARTESIAN_POINT('',(3.2,1.43,0.15));
#7452 = VECTOR('',#7453,1.);
#7453 = DIRECTION('',(1.110223024625E-16,-1.,0.));
#7454 = ORIENTED_EDGE('',*,*,#4869,.T.);
#7455 = ORIENTED_EDGE('',*,*,#7432,.F.);
#7456 = ORIENTED_EDGE('',*,*,#4760,.F.);
#7457 = PLANE('',#7458);
#7458 = AXIS2_PLACEMENT_3D('',#7459,#7460,#7461);
#7459 = CARTESIAN_POINT('',(3.2,1.43,0.15));
#7460 = DIRECTION('',(0.,0.,-1.));
#7461 = DIRECTION('',(-1.,-1.110223024625E-16,-0.));
#7462 = ADVANCED_FACE('',(#7463),#7474,.F.);
#7463 = FACE_BOUND('',#7464,.F.);
#7464 = EDGE_LOOP('',(#7465,#7471,#7472,#7473));
#7465 = ORIENTED_EDGE('',*,*,#7466,.T.);
#7466 = EDGE_CURVE('',#4745,#4854,#7467,.T.);
#7467 = LINE('',#7468,#7469);
#7468 = CARTESIAN_POINT('',(3.2,1.43,-5.551115123126E-17));
#7469 = VECTOR('',#7470,1.);
#7470 = DIRECTION('',(1.110223024625E-16,-1.,0.));
#7471 = ORIENTED_EDGE('',*,*,#4861,.T.);
#7472 = ORIENTED_EDGE('',*,*,#7449,.F.);
#7473 = ORIENTED_EDGE('',*,*,#4752,.F.);
#7474 = PLANE('',#7475);
#7475 = AXIS2_PLACEMENT_3D('',#7476,#7477,#7478);
#7476 = CARTESIAN_POINT('',(3.2,1.43,-5.551115123126E-17));
#7477 = DIRECTION('',(-1.,-1.110223024625E-16,0.));
#7478 = DIRECTION('',(0.,0.,1.));
#7479 = ADVANCED_FACE('',(#7480),#7491,.F.);
#7480 = FACE_BOUND('',#7481,.F.);
#7481 = EDGE_LOOP('',(#7482,#7488,#7489,#7490));
#7482 = ORIENTED_EDGE('',*,*,#7483,.T.);
#7483 = EDGE_CURVE('',#4736,#4845,#7484,.T.);
#7484 = LINE('',#7485,#7486);
#7485 = CARTESIAN_POINT('',(2.772040872589,1.43,-5.551115123126E-17));
#7486 = VECTOR('',#7487,1.);
#7487 = DIRECTION('',(1.110223024625E-16,-1.,0.));
#7488 = ORIENTED_EDGE('',*,*,#4853,.T.);
#7489 = ORIENTED_EDGE('',*,*,#7466,.F.);
#7490 = ORIENTED_EDGE('',*,*,#4744,.F.);
#7491 = PLANE('',#7492);
#7492 = AXIS2_PLACEMENT_3D('',#7493,#7494,#7495);
#7493 = CARTESIAN_POINT('',(2.772040872589,1.43,-5.551115123126E-17));
#7494 = DIRECTION('',(0.,0.,1.));
#7495 = DIRECTION('',(1.,1.110223024625E-16,-0.));
#7496 = ADVANCED_FACE('',(#7497),#7508,.T.);
#7497 = FACE_BOUND('',#7498,.T.);
#7498 = EDGE_LOOP('',(#7499,#7500,#7501,#7502));
#7499 = ORIENTED_EDGE('',*,*,#4735,.T.);
#7500 = ORIENTED_EDGE('',*,*,#7483,.T.);
#7501 = ORIENTED_EDGE('',*,*,#4844,.F.);
#7502 = ORIENTED_EDGE('',*,*,#7503,.F.);
#7503 = EDGE_CURVE('',#4728,#4837,#7504,.T.);
#7504 = LINE('',#7505,#7506);
#7505 = CARTESIAN_POINT('',(2.525838934336,1.43,0.206587955583));
#7506 = VECTOR('',#7507,1.);
#7507 = DIRECTION('',(1.110223024625E-16,-1.,0.));
#7508 = CYLINDRICAL_SURFACE('',#7509,0.25);
#7509 = AXIS2_PLACEMENT_3D('',#7510,#7511,#7512);
#7510 = CARTESIAN_POINT('',(2.772040872589,1.43,0.25));
#7511 = DIRECTION('',(-1.110223024625E-16,1.,0.));
#7512 = DIRECTION('',(-0.984807753012,-1.093356242223E-16,
    -0.173648177667));
#7513 = ADVANCED_FACE('',(#7514),#7520,.F.);
#7514 = FACE_BOUND('',#7515,.F.);
#7515 = EDGE_LOOP('',(#7516,#7517,#7518,#7519));
#7516 = ORIENTED_EDGE('',*,*,#4818,.T.);
#7517 = ORIENTED_EDGE('',*,*,#4836,.T.);
#7518 = ORIENTED_EDGE('',*,*,#7503,.F.);
#7519 = ORIENTED_EDGE('',*,*,#4727,.F.);
#7520 = PLANE('',#7521);
#7521 = AXIS2_PLACEMENT_3D('',#7522,#7523,#7524);
#7522 = CARTESIAN_POINT('',(2.498480775301,1.43,0.392364817767));
#7523 = DIRECTION('',(0.989329961345,1.098376902036E-16,0.145692235845)
  );
#7524 = DIRECTION('',(0.145692235845,1.617508747447E-17,-0.989329961345)
  );
#7525 = ADVANCED_FACE('',(#7526),#7537,.T.);
#7526 = FACE_BOUND('',#7527,.T.);
#7527 = EDGE_LOOP('',(#7528,#7529,#7530,#7531));
#7528 = ORIENTED_EDGE('',*,*,#5008,.T.);
#7529 = ORIENTED_EDGE('',*,*,#6245,.T.);
#7530 = ORIENTED_EDGE('',*,*,#5117,.F.);
#7531 = ORIENTED_EDGE('',*,*,#7532,.F.);
#7532 = EDGE_CURVE('',#5001,#5110,#7533,.T.);
#7533 = LINE('',#7534,#7535);
#7534 = CARTESIAN_POINT('',(2.646201938253,0.78,0.418412044417));
#7535 = VECTOR('',#7536,1.);
#7536 = DIRECTION('',(1.110223024625E-16,-1.,0.));
#7537 = CYLINDRICAL_SURFACE('',#7538,0.25);
#7538 = AXIS2_PLACEMENT_3D('',#7539,#7540,#7541);
#7539 = CARTESIAN_POINT('',(2.4,0.78,0.375));
#7540 = DIRECTION('',(-1.110223024625E-16,1.,0.));
#7541 = DIRECTION('',(0.984807753012,1.093356242223E-16,0.173648177667)
  );
#7542 = ADVANCED_FACE('',(#7543),#7554,.F.);
#7543 = FACE_BOUND('',#7544,.F.);
#7544 = EDGE_LOOP('',(#7545,#7551,#7552,#7553));
#7545 = ORIENTED_EDGE('',*,*,#7546,.T.);
#7546 = EDGE_CURVE('',#4992,#5101,#7547,.T.);
#7547 = LINE('',#7548,#7549);
#7548 = CARTESIAN_POINT('',(2.673560097287,0.78,0.232635182233));
#7549 = VECTOR('',#7550,1.);
#7550 = DIRECTION('',(1.110223024625E-16,-1.,0.));
#7551 = ORIENTED_EDGE('',*,*,#5109,.T.);
#7552 = ORIENTED_EDGE('',*,*,#7532,.F.);
#7553 = ORIENTED_EDGE('',*,*,#5000,.F.);
#7554 = PLANE('',#7555);
#7555 = AXIS2_PLACEMENT_3D('',#7556,#7557,#7558);
#7556 = CARTESIAN_POINT('',(2.673560097287,0.78,0.232635182233));
#7557 = DIRECTION('',(-0.989329961345,-1.098376902036E-16,
    -0.145692235845));
#7558 = DIRECTION('',(-0.145692235845,-1.617508747447E-17,0.989329961345
    ));
#7559 = ADVANCED_FACE('',(#7560),#7571,.F.);
#7560 = FACE_BOUND('',#7561,.F.);
#7561 = EDGE_LOOP('',(#7562,#7568,#7569,#7570));
#7562 = ORIENTED_EDGE('',*,*,#7563,.T.);
#7563 = EDGE_CURVE('',#4984,#5093,#7564,.T.);
#7564 = LINE('',#7565,#7566);
#7565 = CARTESIAN_POINT('',(2.772040872589,0.78,0.15));
#7566 = VECTOR('',#7567,1.);
#7567 = DIRECTION('',(1.110223024625E-16,-1.,0.));
#7568 = ORIENTED_EDGE('',*,*,#5100,.T.);
#7569 = ORIENTED_EDGE('',*,*,#7546,.F.);
#7570 = ORIENTED_EDGE('',*,*,#4991,.F.);
#7571 = CYLINDRICAL_SURFACE('',#7572,0.1);
#7572 = AXIS2_PLACEMENT_3D('',#7573,#7574,#7575);
#7573 = CARTESIAN_POINT('',(2.772040872589,0.78,0.25));
#7574 = DIRECTION('',(-1.110223024625E-16,1.,0.));
#7575 = DIRECTION('',(0.,0.,-1.));
#7576 = ADVANCED_FACE('',(#7577),#7588,.F.);
#7577 = FACE_BOUND('',#7578,.F.);
#7578 = EDGE_LOOP('',(#7579,#7585,#7586,#7587));
#7579 = ORIENTED_EDGE('',*,*,#7580,.T.);
#7580 = EDGE_CURVE('',#4976,#5085,#7581,.T.);
#7581 = LINE('',#7582,#7583);
#7582 = CARTESIAN_POINT('',(3.2,0.78,0.15));
#7583 = VECTOR('',#7584,1.);
#7584 = DIRECTION('',(1.110223024625E-16,-1.,0.));
#7585 = ORIENTED_EDGE('',*,*,#5092,.T.);
#7586 = ORIENTED_EDGE('',*,*,#7563,.F.);
#7587 = ORIENTED_EDGE('',*,*,#4983,.F.);
#7588 = PLANE('',#7589);
#7589 = AXIS2_PLACEMENT_3D('',#7590,#7591,#7592);
#7590 = CARTESIAN_POINT('',(3.2,0.78,0.15));
#7591 = DIRECTION('',(0.,0.,-1.));
#7592 = DIRECTION('',(-1.,-1.110223024625E-16,-0.));
#7593 = ADVANCED_FACE('',(#7594),#7605,.F.);
#7594 = FACE_BOUND('',#7595,.F.);
#7595 = EDGE_LOOP('',(#7596,#7602,#7603,#7604));
#7596 = ORIENTED_EDGE('',*,*,#7597,.T.);
#7597 = EDGE_CURVE('',#4968,#5077,#7598,.T.);
#7598 = LINE('',#7599,#7600);
#7599 = CARTESIAN_POINT('',(3.2,0.78,-5.551115123126E-17));
#7600 = VECTOR('',#7601,1.);
#7601 = DIRECTION('',(1.110223024625E-16,-1.,0.));
#7602 = ORIENTED_EDGE('',*,*,#5084,.T.);
#7603 = ORIENTED_EDGE('',*,*,#7580,.F.);
#7604 = ORIENTED_EDGE('',*,*,#4975,.F.);
#7605 = PLANE('',#7606);
#7606 = AXIS2_PLACEMENT_3D('',#7607,#7608,#7609);
#7607 = CARTESIAN_POINT('',(3.2,0.78,-5.551115123126E-17));
#7608 = DIRECTION('',(-1.,-1.110223024625E-16,0.));
#7609 = DIRECTION('',(0.,0.,1.));
#7610 = ADVANCED_FACE('',(#7611),#7622,.F.);
#7611 = FACE_BOUND('',#7612,.F.);
#7612 = EDGE_LOOP('',(#7613,#7619,#7620,#7621));
#7613 = ORIENTED_EDGE('',*,*,#7614,.T.);
#7614 = EDGE_CURVE('',#4959,#5068,#7615,.T.);
#7615 = LINE('',#7616,#7617);
#7616 = CARTESIAN_POINT('',(2.772040872589,0.78,-5.551115123126E-17));
#7617 = VECTOR('',#7618,1.);
#7618 = DIRECTION('',(1.110223024625E-16,-1.,0.));
#7619 = ORIENTED_EDGE('',*,*,#5076,.T.);
#7620 = ORIENTED_EDGE('',*,*,#7597,.F.);
#7621 = ORIENTED_EDGE('',*,*,#4967,.F.);
#7622 = PLANE('',#7623);
#7623 = AXIS2_PLACEMENT_3D('',#7624,#7625,#7626);
#7624 = CARTESIAN_POINT('',(2.772040872589,0.78,-5.551115123126E-17));
#7625 = DIRECTION('',(0.,0.,1.));
#7626 = DIRECTION('',(1.,1.110223024625E-16,-0.));
#7627 = ADVANCED_FACE('',(#7628),#7639,.T.);
#7628 = FACE_BOUND('',#7629,.T.);
#7629 = EDGE_LOOP('',(#7630,#7631,#7632,#7633));
#7630 = ORIENTED_EDGE('',*,*,#4958,.T.);
#7631 = ORIENTED_EDGE('',*,*,#7614,.T.);
#7632 = ORIENTED_EDGE('',*,*,#5067,.F.);
#7633 = ORIENTED_EDGE('',*,*,#7634,.F.);
#7634 = EDGE_CURVE('',#4951,#5060,#7635,.T.);
#7635 = LINE('',#7636,#7637);
#7636 = CARTESIAN_POINT('',(2.525838934336,0.78,0.206587955583));
#7637 = VECTOR('',#7638,1.);
#7638 = DIRECTION('',(1.110223024625E-16,-1.,0.));
#7639 = CYLINDRICAL_SURFACE('',#7640,0.25);
#7640 = AXIS2_PLACEMENT_3D('',#7641,#7642,#7643);
#7641 = CARTESIAN_POINT('',(2.772040872589,0.78,0.25));
#7642 = DIRECTION('',(-1.110223024625E-16,1.,0.));
#7643 = DIRECTION('',(-0.984807753012,-1.093356242223E-16,
    -0.173648177667));
#7644 = ADVANCED_FACE('',(#7645),#7651,.F.);
#7645 = FACE_BOUND('',#7646,.F.);
#7646 = EDGE_LOOP('',(#7647,#7648,#7649,#7650));
#7647 = ORIENTED_EDGE('',*,*,#5041,.T.);
#7648 = ORIENTED_EDGE('',*,*,#5059,.T.);
#7649 = ORIENTED_EDGE('',*,*,#7634,.F.);
#7650 = ORIENTED_EDGE('',*,*,#4950,.F.);
#7651 = PLANE('',#7652);
#7652 = AXIS2_PLACEMENT_3D('',#7653,#7654,#7655);
#7653 = CARTESIAN_POINT('',(2.498480775301,0.78,0.392364817767));
#7654 = DIRECTION('',(0.989329961345,1.098376902036E-16,0.145692235845)
  );
#7655 = DIRECTION('',(0.145692235845,1.617508747447E-17,-0.989329961345)
  );
#7656 = ADVANCED_FACE('',(#7657),#7668,.T.);
#7657 = FACE_BOUND('',#7658,.T.);
#7658 = EDGE_LOOP('',(#7659,#7660,#7661,#7662));
#7659 = ORIENTED_EDGE('',*,*,#5231,.T.);
#7660 = ORIENTED_EDGE('',*,*,#6264,.T.);
#7661 = ORIENTED_EDGE('',*,*,#5340,.F.);
#7662 = ORIENTED_EDGE('',*,*,#7663,.F.);
#7663 = EDGE_CURVE('',#5224,#5333,#7664,.T.);
#7664 = LINE('',#7665,#7666);
#7665 = CARTESIAN_POINT('',(2.646201938253,0.13,0.418412044417));
#7666 = VECTOR('',#7667,1.);
#7667 = DIRECTION('',(1.110223024625E-16,-1.,0.));
#7668 = CYLINDRICAL_SURFACE('',#7669,0.25);
#7669 = AXIS2_PLACEMENT_3D('',#7670,#7671,#7672);
#7670 = CARTESIAN_POINT('',(2.4,0.13,0.375));
#7671 = DIRECTION('',(-1.110223024625E-16,1.,0.));
#7672 = DIRECTION('',(0.984807753012,1.093356242223E-16,0.173648177667)
  );
#7673 = ADVANCED_FACE('',(#7674),#7685,.F.);
#7674 = FACE_BOUND('',#7675,.F.);
#7675 = EDGE_LOOP('',(#7676,#7682,#7683,#7684));
#7676 = ORIENTED_EDGE('',*,*,#7677,.T.);
#7677 = EDGE_CURVE('',#5215,#5324,#7678,.T.);
#7678 = LINE('',#7679,#7680);
#7679 = CARTESIAN_POINT('',(2.673560097287,0.13,0.232635182233));
#7680 = VECTOR('',#7681,1.);
#7681 = DIRECTION('',(1.110223024625E-16,-1.,0.));
#7682 = ORIENTED_EDGE('',*,*,#5332,.T.);
#7683 = ORIENTED_EDGE('',*,*,#7663,.F.);
#7684 = ORIENTED_EDGE('',*,*,#5223,.F.);
#7685 = PLANE('',#7686);
#7686 = AXIS2_PLACEMENT_3D('',#7687,#7688,#7689);
#7687 = CARTESIAN_POINT('',(2.673560097287,0.13,0.232635182233));
#7688 = DIRECTION('',(-0.989329961345,-1.098376902036E-16,
    -0.145692235845));
#7689 = DIRECTION('',(-0.145692235845,-1.617508747447E-17,0.989329961345
    ));
#7690 = ADVANCED_FACE('',(#7691),#7702,.F.);
#7691 = FACE_BOUND('',#7692,.F.);
#7692 = EDGE_LOOP('',(#7693,#7699,#7700,#7701));
#7693 = ORIENTED_EDGE('',*,*,#7694,.T.);
#7694 = EDGE_CURVE('',#5207,#5316,#7695,.T.);
#7695 = LINE('',#7696,#7697);
#7696 = CARTESIAN_POINT('',(2.772040872589,0.13,0.15));
#7697 = VECTOR('',#7698,1.);
#7698 = DIRECTION('',(1.110223024625E-16,-1.,0.));
#7699 = ORIENTED_EDGE('',*,*,#5323,.T.);
#7700 = ORIENTED_EDGE('',*,*,#7677,.F.);
#7701 = ORIENTED_EDGE('',*,*,#5214,.F.);
#7702 = CYLINDRICAL_SURFACE('',#7703,0.1);
#7703 = AXIS2_PLACEMENT_3D('',#7704,#7705,#7706);
#7704 = CARTESIAN_POINT('',(2.772040872589,0.13,0.25));
#7705 = DIRECTION('',(-1.110223024625E-16,1.,0.));
#7706 = DIRECTION('',(0.,0.,-1.));
#7707 = ADVANCED_FACE('',(#7708),#7719,.F.);
#7708 = FACE_BOUND('',#7709,.F.);
#7709 = EDGE_LOOP('',(#7710,#7716,#7717,#7718));
#7710 = ORIENTED_EDGE('',*,*,#7711,.T.);
#7711 = EDGE_CURVE('',#5199,#5308,#7712,.T.);
#7712 = LINE('',#7713,#7714);
#7713 = CARTESIAN_POINT('',(3.2,0.13,0.15));
#7714 = VECTOR('',#7715,1.);
#7715 = DIRECTION('',(1.110223024625E-16,-1.,0.));
#7716 = ORIENTED_EDGE('',*,*,#5315,.T.);
#7717 = ORIENTED_EDGE('',*,*,#7694,.F.);
#7718 = ORIENTED_EDGE('',*,*,#5206,.F.);
#7719 = PLANE('',#7720);
#7720 = AXIS2_PLACEMENT_3D('',#7721,#7722,#7723);
#7721 = CARTESIAN_POINT('',(3.2,0.13,0.15));
#7722 = DIRECTION('',(0.,0.,-1.));
#7723 = DIRECTION('',(-1.,-1.110223024625E-16,-0.));
#7724 = ADVANCED_FACE('',(#7725),#7736,.F.);
#7725 = FACE_BOUND('',#7726,.F.);
#7726 = EDGE_LOOP('',(#7727,#7733,#7734,#7735));
#7727 = ORIENTED_EDGE('',*,*,#7728,.T.);
#7728 = EDGE_CURVE('',#5191,#5300,#7729,.T.);
#7729 = LINE('',#7730,#7731);
#7730 = CARTESIAN_POINT('',(3.2,0.13,-5.551115123126E-17));
#7731 = VECTOR('',#7732,1.);
#7732 = DIRECTION('',(1.110223024625E-16,-1.,0.));
#7733 = ORIENTED_EDGE('',*,*,#5307,.T.);
#7734 = ORIENTED_EDGE('',*,*,#7711,.F.);
#7735 = ORIENTED_EDGE('',*,*,#5198,.F.);
#7736 = PLANE('',#7737);
#7737 = AXIS2_PLACEMENT_3D('',#7738,#7739,#7740);
#7738 = CARTESIAN_POINT('',(3.2,0.13,-5.551115123126E-17));
#7739 = DIRECTION('',(-1.,-1.110223024625E-16,0.));
#7740 = DIRECTION('',(0.,0.,1.));
#7741 = ADVANCED_FACE('',(#7742),#7753,.F.);
#7742 = FACE_BOUND('',#7743,.F.);
#7743 = EDGE_LOOP('',(#7744,#7750,#7751,#7752));
#7744 = ORIENTED_EDGE('',*,*,#7745,.T.);
#7745 = EDGE_CURVE('',#5182,#5291,#7746,.T.);
#7746 = LINE('',#7747,#7748);
#7747 = CARTESIAN_POINT('',(2.772040872589,0.13,-5.551115123126E-17));
#7748 = VECTOR('',#7749,1.);
#7749 = DIRECTION('',(1.110223024625E-16,-1.,0.));
#7750 = ORIENTED_EDGE('',*,*,#5299,.T.);
#7751 = ORIENTED_EDGE('',*,*,#7728,.F.);
#7752 = ORIENTED_EDGE('',*,*,#5190,.F.);
#7753 = PLANE('',#7754);
#7754 = AXIS2_PLACEMENT_3D('',#7755,#7756,#7757);
#7755 = CARTESIAN_POINT('',(2.772040872589,0.13,-5.551115123126E-17));
#7756 = DIRECTION('',(0.,0.,1.));
#7757 = DIRECTION('',(1.,1.110223024625E-16,-0.));
#7758 = ADVANCED_FACE('',(#7759),#7770,.T.);
#7759 = FACE_BOUND('',#7760,.T.);
#7760 = EDGE_LOOP('',(#7761,#7762,#7763,#7764));
#7761 = ORIENTED_EDGE('',*,*,#5181,.T.);
#7762 = ORIENTED_EDGE('',*,*,#7745,.T.);
#7763 = ORIENTED_EDGE('',*,*,#5290,.F.);
#7764 = ORIENTED_EDGE('',*,*,#7765,.F.);
#7765 = EDGE_CURVE('',#5174,#5283,#7766,.T.);
#7766 = LINE('',#7767,#7768);
#7767 = CARTESIAN_POINT('',(2.525838934336,0.13,0.206587955583));
#7768 = VECTOR('',#7769,1.);
#7769 = DIRECTION('',(1.110223024625E-16,-1.,0.));
#7770 = CYLINDRICAL_SURFACE('',#7771,0.25);
#7771 = AXIS2_PLACEMENT_3D('',#7772,#7773,#7774);
#7772 = CARTESIAN_POINT('',(2.772040872589,0.13,0.25));
#7773 = DIRECTION('',(-1.110223024625E-16,1.,0.));
#7774 = DIRECTION('',(-0.984807753012,-1.093356242223E-16,
    -0.173648177667));
#7775 = ADVANCED_FACE('',(#7776),#7782,.F.);
#7776 = FACE_BOUND('',#7777,.F.);
#7777 = EDGE_LOOP('',(#7778,#7779,#7780,#7781));
#7778 = ORIENTED_EDGE('',*,*,#5264,.T.);
#7779 = ORIENTED_EDGE('',*,*,#5282,.T.);
#7780 = ORIENTED_EDGE('',*,*,#7765,.F.);
#7781 = ORIENTED_EDGE('',*,*,#5173,.F.);
#7782 = PLANE('',#7783);
#7783 = AXIS2_PLACEMENT_3D('',#7784,#7785,#7786);
#7784 = CARTESIAN_POINT('',(2.498480775301,0.13,0.392364817767));
#7785 = DIRECTION('',(0.989329961345,1.098376902036E-16,0.145692235845)
  );
#7786 = DIRECTION('',(0.145692235845,1.617508747447E-17,-0.989329961345)
  );
#7787 = ADVANCED_FACE('',(#7788),#7799,.T.);
#7788 = FACE_BOUND('',#7789,.T.);
#7789 = EDGE_LOOP('',(#7790,#7791,#7792,#7793));
#7790 = ORIENTED_EDGE('',*,*,#5454,.T.);
#7791 = ORIENTED_EDGE('',*,*,#6283,.T.);
#7792 = ORIENTED_EDGE('',*,*,#5563,.F.);
#7793 = ORIENTED_EDGE('',*,*,#7794,.F.);
#7794 = EDGE_CURVE('',#5447,#5556,#7795,.T.);
#7795 = LINE('',#7796,#7797);
#7796 = CARTESIAN_POINT('',(2.646201938253,-0.52,0.418412044417));
#7797 = VECTOR('',#7798,1.);
#7798 = DIRECTION('',(1.110223024625E-16,-1.,0.));
#7799 = CYLINDRICAL_SURFACE('',#7800,0.25);
#7800 = AXIS2_PLACEMENT_3D('',#7801,#7802,#7803);
#7801 = CARTESIAN_POINT('',(2.4,-0.52,0.375));
#7802 = DIRECTION('',(-1.110223024625E-16,1.,0.));
#7803 = DIRECTION('',(0.984807753012,1.093356242223E-16,0.173648177667)
  );
#7804 = ADVANCED_FACE('',(#7805),#7816,.F.);
#7805 = FACE_BOUND('',#7806,.F.);
#7806 = EDGE_LOOP('',(#7807,#7813,#7814,#7815));
#7807 = ORIENTED_EDGE('',*,*,#7808,.T.);
#7808 = EDGE_CURVE('',#5438,#5547,#7809,.T.);
#7809 = LINE('',#7810,#7811);
#7810 = CARTESIAN_POINT('',(2.673560097287,-0.52,0.232635182233));
#7811 = VECTOR('',#7812,1.);
#7812 = DIRECTION('',(1.110223024625E-16,-1.,0.));
#7813 = ORIENTED_EDGE('',*,*,#5555,.T.);
#7814 = ORIENTED_EDGE('',*,*,#7794,.F.);
#7815 = ORIENTED_EDGE('',*,*,#5446,.F.);
#7816 = PLANE('',#7817);
#7817 = AXIS2_PLACEMENT_3D('',#7818,#7819,#7820);
#7818 = CARTESIAN_POINT('',(2.673560097287,-0.52,0.232635182233));
#7819 = DIRECTION('',(-0.989329961345,-1.098376902036E-16,
    -0.145692235845));
#7820 = DIRECTION('',(-0.145692235845,-1.617508747447E-17,0.989329961345
    ));
#7821 = ADVANCED_FACE('',(#7822),#7833,.F.);
#7822 = FACE_BOUND('',#7823,.F.);
#7823 = EDGE_LOOP('',(#7824,#7830,#7831,#7832));
#7824 = ORIENTED_EDGE('',*,*,#7825,.T.);
#7825 = EDGE_CURVE('',#5430,#5539,#7826,.T.);
#7826 = LINE('',#7827,#7828);
#7827 = CARTESIAN_POINT('',(2.772040872589,-0.52,0.15));
#7828 = VECTOR('',#7829,1.);
#7829 = DIRECTION('',(1.110223024625E-16,-1.,0.));
#7830 = ORIENTED_EDGE('',*,*,#5546,.T.);
#7831 = ORIENTED_EDGE('',*,*,#7808,.F.);
#7832 = ORIENTED_EDGE('',*,*,#5437,.F.);
#7833 = CYLINDRICAL_SURFACE('',#7834,0.1);
#7834 = AXIS2_PLACEMENT_3D('',#7835,#7836,#7837);
#7835 = CARTESIAN_POINT('',(2.772040872589,-0.52,0.25));
#7836 = DIRECTION('',(-1.110223024625E-16,1.,0.));
#7837 = DIRECTION('',(0.,0.,-1.));
#7838 = ADVANCED_FACE('',(#7839),#7850,.F.);
#7839 = FACE_BOUND('',#7840,.F.);
#7840 = EDGE_LOOP('',(#7841,#7847,#7848,#7849));
#7841 = ORIENTED_EDGE('',*,*,#7842,.T.);
#7842 = EDGE_CURVE('',#5422,#5531,#7843,.T.);
#7843 = LINE('',#7844,#7845);
#7844 = CARTESIAN_POINT('',(3.2,-0.52,0.15));
#7845 = VECTOR('',#7846,1.);
#7846 = DIRECTION('',(1.110223024625E-16,-1.,0.));
#7847 = ORIENTED_EDGE('',*,*,#5538,.T.);
#7848 = ORIENTED_EDGE('',*,*,#7825,.F.);
#7849 = ORIENTED_EDGE('',*,*,#5429,.F.);
#7850 = PLANE('',#7851);
#7851 = AXIS2_PLACEMENT_3D('',#7852,#7853,#7854);
#7852 = CARTESIAN_POINT('',(3.2,-0.52,0.15));
#7853 = DIRECTION('',(0.,0.,-1.));
#7854 = DIRECTION('',(-1.,-1.110223024625E-16,-0.));
#7855 = ADVANCED_FACE('',(#7856),#7867,.F.);
#7856 = FACE_BOUND('',#7857,.F.);
#7857 = EDGE_LOOP('',(#7858,#7864,#7865,#7866));
#7858 = ORIENTED_EDGE('',*,*,#7859,.T.);
#7859 = EDGE_CURVE('',#5414,#5523,#7860,.T.);
#7860 = LINE('',#7861,#7862);
#7861 = CARTESIAN_POINT('',(3.2,-0.52,-5.551115123126E-17));
#7862 = VECTOR('',#7863,1.);
#7863 = DIRECTION('',(1.110223024625E-16,-1.,0.));
#7864 = ORIENTED_EDGE('',*,*,#5530,.T.);
#7865 = ORIENTED_EDGE('',*,*,#7842,.F.);
#7866 = ORIENTED_EDGE('',*,*,#5421,.F.);
#7867 = PLANE('',#7868);
#7868 = AXIS2_PLACEMENT_3D('',#7869,#7870,#7871);
#7869 = CARTESIAN_POINT('',(3.2,-0.52,-5.551115123126E-17));
#7870 = DIRECTION('',(-1.,-1.110223024625E-16,0.));
#7871 = DIRECTION('',(0.,0.,1.));
#7872 = ADVANCED_FACE('',(#7873),#7884,.F.);
#7873 = FACE_BOUND('',#7874,.F.);
#7874 = EDGE_LOOP('',(#7875,#7881,#7882,#7883));
#7875 = ORIENTED_EDGE('',*,*,#7876,.T.);
#7876 = EDGE_CURVE('',#5405,#5514,#7877,.T.);
#7877 = LINE('',#7878,#7879);
#7878 = CARTESIAN_POINT('',(2.772040872589,-0.52,-5.551115123126E-17));
#7879 = VECTOR('',#7880,1.);
#7880 = DIRECTION('',(1.110223024625E-16,-1.,0.));
#7881 = ORIENTED_EDGE('',*,*,#5522,.T.);
#7882 = ORIENTED_EDGE('',*,*,#7859,.F.);
#7883 = ORIENTED_EDGE('',*,*,#5413,.F.);
#7884 = PLANE('',#7885);
#7885 = AXIS2_PLACEMENT_3D('',#7886,#7887,#7888);
#7886 = CARTESIAN_POINT('',(2.772040872589,-0.52,-5.551115123126E-17));
#7887 = DIRECTION('',(0.,0.,1.));
#7888 = DIRECTION('',(1.,1.110223024625E-16,-0.));
#7889 = ADVANCED_FACE('',(#7890),#7901,.T.);
#7890 = FACE_BOUND('',#7891,.T.);
#7891 = EDGE_LOOP('',(#7892,#7893,#7894,#7895));
#7892 = ORIENTED_EDGE('',*,*,#5404,.T.);
#7893 = ORIENTED_EDGE('',*,*,#7876,.T.);
#7894 = ORIENTED_EDGE('',*,*,#5513,.F.);
#7895 = ORIENTED_EDGE('',*,*,#7896,.F.);
#7896 = EDGE_CURVE('',#5397,#5506,#7897,.T.);
#7897 = LINE('',#7898,#7899);
#7898 = CARTESIAN_POINT('',(2.525838934336,-0.52,0.206587955583));
#7899 = VECTOR('',#7900,1.);
#7900 = DIRECTION('',(1.110223024625E-16,-1.,0.));
#7901 = CYLINDRICAL_SURFACE('',#7902,0.25);
#7902 = AXIS2_PLACEMENT_3D('',#7903,#7904,#7905);
#7903 = CARTESIAN_POINT('',(2.772040872589,-0.52,0.25));
#7904 = DIRECTION('',(-1.110223024625E-16,1.,0.));
#7905 = DIRECTION('',(-0.984807753012,-1.093356242223E-16,
    -0.173648177667));
#7906 = ADVANCED_FACE('',(#7907),#7913,.F.);
#7907 = FACE_BOUND('',#7908,.F.);
#7908 = EDGE_LOOP('',(#7909,#7910,#7911,#7912));
#7909 = ORIENTED_EDGE('',*,*,#5487,.T.);
#7910 = ORIENTED_EDGE('',*,*,#5505,.T.);
#7911 = ORIENTED_EDGE('',*,*,#7896,.F.);
#7912 = ORIENTED_EDGE('',*,*,#5396,.F.);
#7913 = PLANE('',#7914);
#7914 = AXIS2_PLACEMENT_3D('',#7915,#7916,#7917);
#7915 = CARTESIAN_POINT('',(2.498480775301,-0.52,0.392364817767));
#7916 = DIRECTION('',(0.989329961345,1.098376902036E-16,0.145692235845)
  );
#7917 = DIRECTION('',(0.145692235845,1.617508747447E-17,-0.989329961345)
  );
#7918 = ADVANCED_FACE('',(#7919),#7930,.T.);
#7919 = FACE_BOUND('',#7920,.T.);
#7920 = EDGE_LOOP('',(#7921,#7922,#7923,#7924));
#7921 = ORIENTED_EDGE('',*,*,#5677,.T.);
#7922 = ORIENTED_EDGE('',*,*,#6302,.T.);
#7923 = ORIENTED_EDGE('',*,*,#5786,.F.);
#7924 = ORIENTED_EDGE('',*,*,#7925,.F.);
#7925 = EDGE_CURVE('',#5670,#5779,#7926,.T.);
#7926 = LINE('',#7927,#7928);
#7927 = CARTESIAN_POINT('',(2.646201938253,-1.17,0.418412044417));
#7928 = VECTOR('',#7929,1.);
#7929 = DIRECTION('',(1.110223024625E-16,-1.,0.));
#7930 = CYLINDRICAL_SURFACE('',#7931,0.25);
#7931 = AXIS2_PLACEMENT_3D('',#7932,#7933,#7934);
#7932 = CARTESIAN_POINT('',(2.4,-1.17,0.375));
#7933 = DIRECTION('',(-1.110223024625E-16,1.,0.));
#7934 = DIRECTION('',(0.984807753012,1.093356242223E-16,0.173648177667)
  );
#7935 = ADVANCED_FACE('',(#7936),#7947,.F.);
#7936 = FACE_BOUND('',#7937,.F.);
#7937 = EDGE_LOOP('',(#7938,#7944,#7945,#7946));
#7938 = ORIENTED_EDGE('',*,*,#7939,.T.);
#7939 = EDGE_CURVE('',#5661,#5770,#7940,.T.);
#7940 = LINE('',#7941,#7942);
#7941 = CARTESIAN_POINT('',(2.673560097287,-1.17,0.232635182233));
#7942 = VECTOR('',#7943,1.);
#7943 = DIRECTION('',(1.110223024625E-16,-1.,0.));
#7944 = ORIENTED_EDGE('',*,*,#5778,.T.);
#7945 = ORIENTED_EDGE('',*,*,#7925,.F.);
#7946 = ORIENTED_EDGE('',*,*,#5669,.F.);
#7947 = PLANE('',#7948);
#7948 = AXIS2_PLACEMENT_3D('',#7949,#7950,#7951);
#7949 = CARTESIAN_POINT('',(2.673560097287,-1.17,0.232635182233));
#7950 = DIRECTION('',(-0.989329961345,-1.098376902036E-16,
    -0.145692235845));
#7951 = DIRECTION('',(-0.145692235845,-1.617508747447E-17,0.989329961345
    ));
#7952 = ADVANCED_FACE('',(#7953),#7964,.F.);
#7953 = FACE_BOUND('',#7954,.F.);
#7954 = EDGE_LOOP('',(#7955,#7961,#7962,#7963));
#7955 = ORIENTED_EDGE('',*,*,#7956,.T.);
#7956 = EDGE_CURVE('',#5653,#5762,#7957,.T.);
#7957 = LINE('',#7958,#7959);
#7958 = CARTESIAN_POINT('',(2.772040872589,-1.17,0.15));
#7959 = VECTOR('',#7960,1.);
#7960 = DIRECTION('',(1.110223024625E-16,-1.,0.));
#7961 = ORIENTED_EDGE('',*,*,#5769,.T.);
#7962 = ORIENTED_EDGE('',*,*,#7939,.F.);
#7963 = ORIENTED_EDGE('',*,*,#5660,.F.);
#7964 = CYLINDRICAL_SURFACE('',#7965,0.1);
#7965 = AXIS2_PLACEMENT_3D('',#7966,#7967,#7968);
#7966 = CARTESIAN_POINT('',(2.772040872589,-1.17,0.25));
#7967 = DIRECTION('',(-1.110223024625E-16,1.,0.));
#7968 = DIRECTION('',(0.,0.,-1.));
#7969 = ADVANCED_FACE('',(#7970),#7981,.F.);
#7970 = FACE_BOUND('',#7971,.F.);
#7971 = EDGE_LOOP('',(#7972,#7978,#7979,#7980));
#7972 = ORIENTED_EDGE('',*,*,#7973,.T.);
#7973 = EDGE_CURVE('',#5645,#5754,#7974,.T.);
#7974 = LINE('',#7975,#7976);
#7975 = CARTESIAN_POINT('',(3.2,-1.17,0.15));
#7976 = VECTOR('',#7977,1.);
#7977 = DIRECTION('',(1.110223024625E-16,-1.,0.));
#7978 = ORIENTED_EDGE('',*,*,#5761,.T.);
#7979 = ORIENTED_EDGE('',*,*,#7956,.F.);
#7980 = ORIENTED_EDGE('',*,*,#5652,.F.);
#7981 = PLANE('',#7982);
#7982 = AXIS2_PLACEMENT_3D('',#7983,#7984,#7985);
#7983 = CARTESIAN_POINT('',(3.2,-1.17,0.15));
#7984 = DIRECTION('',(0.,0.,-1.));
#7985 = DIRECTION('',(-1.,-1.110223024625E-16,-0.));
#7986 = ADVANCED_FACE('',(#7987),#7998,.F.);
#7987 = FACE_BOUND('',#7988,.F.);
#7988 = EDGE_LOOP('',(#7989,#7995,#7996,#7997));
#7989 = ORIENTED_EDGE('',*,*,#7990,.T.);
#7990 = EDGE_CURVE('',#5637,#5746,#7991,.T.);
#7991 = LINE('',#7992,#7993);
#7992 = CARTESIAN_POINT('',(3.2,-1.17,-5.551115123126E-17));
#7993 = VECTOR('',#7994,1.);
#7994 = DIRECTION('',(1.110223024625E-16,-1.,0.));
#7995 = ORIENTED_EDGE('',*,*,#5753,.T.);
#7996 = ORIENTED_EDGE('',*,*,#7973,.F.);
#7997 = ORIENTED_EDGE('',*,*,#5644,.F.);
#7998 = PLANE('',#7999);
#7999 = AXIS2_PLACEMENT_3D('',#8000,#8001,#8002);
#8000 = CARTESIAN_POINT('',(3.2,-1.17,-5.551115123126E-17));
#8001 = DIRECTION('',(-1.,-1.110223024625E-16,0.));
#8002 = DIRECTION('',(0.,0.,1.));
#8003 = ADVANCED_FACE('',(#8004),#8015,.F.);
#8004 = FACE_BOUND('',#8005,.F.);
#8005 = EDGE_LOOP('',(#8006,#8012,#8013,#8014));
#8006 = ORIENTED_EDGE('',*,*,#8007,.T.);
#8007 = EDGE_CURVE('',#5628,#5737,#8008,.T.);
#8008 = LINE('',#8009,#8010);
#8009 = CARTESIAN_POINT('',(2.772040872589,-1.17,-5.551115123126E-17));
#8010 = VECTOR('',#8011,1.);
#8011 = DIRECTION('',(1.110223024625E-16,-1.,0.));
#8012 = ORIENTED_EDGE('',*,*,#5745,.T.);
#8013 = ORIENTED_EDGE('',*,*,#7990,.F.);
#8014 = ORIENTED_EDGE('',*,*,#5636,.F.);
#8015 = PLANE('',#8016);
#8016 = AXIS2_PLACEMENT_3D('',#8017,#8018,#8019);
#8017 = CARTESIAN_POINT('',(2.772040872589,-1.17,-5.551115123126E-17));
#8018 = DIRECTION('',(0.,0.,1.));
#8019 = DIRECTION('',(1.,1.110223024625E-16,-0.));
#8020 = ADVANCED_FACE('',(#8021),#8032,.T.);
#8021 = FACE_BOUND('',#8022,.T.);
#8022 = EDGE_LOOP('',(#8023,#8024,#8025,#8026));
#8023 = ORIENTED_EDGE('',*,*,#5627,.T.);
#8024 = ORIENTED_EDGE('',*,*,#8007,.T.);
#8025 = ORIENTED_EDGE('',*,*,#5736,.F.);
#8026 = ORIENTED_EDGE('',*,*,#8027,.F.);
#8027 = EDGE_CURVE('',#5620,#5729,#8028,.T.);
#8028 = LINE('',#8029,#8030);
#8029 = CARTESIAN_POINT('',(2.525838934336,-1.17,0.206587955583));
#8030 = VECTOR('',#8031,1.);
#8031 = DIRECTION('',(1.110223024625E-16,-1.,0.));
#8032 = CYLINDRICAL_SURFACE('',#8033,0.25);
#8033 = AXIS2_PLACEMENT_3D('',#8034,#8035,#8036);
#8034 = CARTESIAN_POINT('',(2.772040872589,-1.17,0.25));
#8035 = DIRECTION('',(-1.110223024625E-16,1.,0.));
#8036 = DIRECTION('',(-0.984807753012,-1.093356242223E-16,
    -0.173648177667));
#8037 = ADVANCED_FACE('',(#8038),#8044,.F.);
#8038 = FACE_BOUND('',#8039,.F.);
#8039 = EDGE_LOOP('',(#8040,#8041,#8042,#8043));
#8040 = ORIENTED_EDGE('',*,*,#5710,.T.);
#8041 = ORIENTED_EDGE('',*,*,#5728,.T.);
#8042 = ORIENTED_EDGE('',*,*,#8027,.F.);
#8043 = ORIENTED_EDGE('',*,*,#5619,.F.);
#8044 = PLANE('',#8045);
#8045 = AXIS2_PLACEMENT_3D('',#8046,#8047,#8048);
#8046 = CARTESIAN_POINT('',(2.498480775301,-1.17,0.392364817767));
#8047 = DIRECTION('',(0.989329961345,1.098376902036E-16,0.145692235845)
  );
#8048 = DIRECTION('',(0.145692235845,1.617508747447E-17,-0.989329961345)
  );
#8049 = ADVANCED_FACE('',(#8050),#8061,.T.);
#8050 = FACE_BOUND('',#8051,.T.);
#8051 = EDGE_LOOP('',(#8052,#8053,#8054,#8055));
#8052 = ORIENTED_EDGE('',*,*,#5900,.T.);
#8053 = ORIENTED_EDGE('',*,*,#6321,.T.);
#8054 = ORIENTED_EDGE('',*,*,#6009,.F.);
#8055 = ORIENTED_EDGE('',*,*,#8056,.F.);
#8056 = EDGE_CURVE('',#5893,#6002,#8057,.T.);
#8057 = LINE('',#8058,#8059);
#8058 = CARTESIAN_POINT('',(2.646201938253,-1.82,0.418412044417));
#8059 = VECTOR('',#8060,1.);
#8060 = DIRECTION('',(1.110223024625E-16,-1.,0.));
#8061 = CYLINDRICAL_SURFACE('',#8062,0.25);
#8062 = AXIS2_PLACEMENT_3D('',#8063,#8064,#8065);
#8063 = CARTESIAN_POINT('',(2.4,-1.82,0.375));
#8064 = DIRECTION('',(-1.110223024625E-16,1.,0.));
#8065 = DIRECTION('',(0.984807753012,1.093356242223E-16,0.173648177667)
  );
#8066 = ADVANCED_FACE('',(#8067),#8078,.F.);
#8067 = FACE_BOUND('',#8068,.F.);
#8068 = EDGE_LOOP('',(#8069,#8075,#8076,#8077));
#8069 = ORIENTED_EDGE('',*,*,#8070,.T.);
#8070 = EDGE_CURVE('',#5884,#5993,#8071,.T.);
#8071 = LINE('',#8072,#8073);
#8072 = CARTESIAN_POINT('',(2.673560097287,-1.82,0.232635182233));
#8073 = VECTOR('',#8074,1.);
#8074 = DIRECTION('',(1.110223024625E-16,-1.,0.));
#8075 = ORIENTED_EDGE('',*,*,#6001,.T.);
#8076 = ORIENTED_EDGE('',*,*,#8056,.F.);
#8077 = ORIENTED_EDGE('',*,*,#5892,.F.);
#8078 = PLANE('',#8079);
#8079 = AXIS2_PLACEMENT_3D('',#8080,#8081,#8082);
#8080 = CARTESIAN_POINT('',(2.673560097287,-1.82,0.232635182233));
#8081 = DIRECTION('',(-0.989329961345,-1.098376902036E-16,
    -0.145692235845));
#8082 = DIRECTION('',(-0.145692235845,-1.617508747447E-17,0.989329961345
    ));
#8083 = ADVANCED_FACE('',(#8084),#8095,.F.);
#8084 = FACE_BOUND('',#8085,.F.);
#8085 = EDGE_LOOP('',(#8086,#8092,#8093,#8094));
#8086 = ORIENTED_EDGE('',*,*,#8087,.T.);
#8087 = EDGE_CURVE('',#5876,#5985,#8088,.T.);
#8088 = LINE('',#8089,#8090);
#8089 = CARTESIAN_POINT('',(2.772040872589,-1.82,0.15));
#8090 = VECTOR('',#8091,1.);
#8091 = DIRECTION('',(1.110223024625E-16,-1.,0.));
#8092 = ORIENTED_EDGE('',*,*,#5992,.T.);
#8093 = ORIENTED_EDGE('',*,*,#8070,.F.);
#8094 = ORIENTED_EDGE('',*,*,#5883,.F.);
#8095 = CYLINDRICAL_SURFACE('',#8096,0.1);
#8096 = AXIS2_PLACEMENT_3D('',#8097,#8098,#8099);
#8097 = CARTESIAN_POINT('',(2.772040872589,-1.82,0.25));
#8098 = DIRECTION('',(-1.110223024625E-16,1.,0.));
#8099 = DIRECTION('',(0.,0.,-1.));
#8100 = ADVANCED_FACE('',(#8101),#8112,.F.);
#8101 = FACE_BOUND('',#8102,.F.);
#8102 = EDGE_LOOP('',(#8103,#8109,#8110,#8111));
#8103 = ORIENTED_EDGE('',*,*,#8104,.T.);
#8104 = EDGE_CURVE('',#5868,#5977,#8105,.T.);
#8105 = LINE('',#8106,#8107);
#8106 = CARTESIAN_POINT('',(3.2,-1.82,0.15));
#8107 = VECTOR('',#8108,1.);
#8108 = DIRECTION('',(1.110223024625E-16,-1.,0.));
#8109 = ORIENTED_EDGE('',*,*,#5984,.T.);
#8110 = ORIENTED_EDGE('',*,*,#8087,.F.);
#8111 = ORIENTED_EDGE('',*,*,#5875,.F.);
#8112 = PLANE('',#8113);
#8113 = AXIS2_PLACEMENT_3D('',#8114,#8115,#8116);
#8114 = CARTESIAN_POINT('',(3.2,-1.82,0.15));
#8115 = DIRECTION('',(0.,0.,-1.));
#8116 = DIRECTION('',(-1.,-1.110223024625E-16,-0.));
#8117 = ADVANCED_FACE('',(#8118),#8129,.F.);
#8118 = FACE_BOUND('',#8119,.F.);
#8119 = EDGE_LOOP('',(#8120,#8126,#8127,#8128));
#8120 = ORIENTED_EDGE('',*,*,#8121,.T.);
#8121 = EDGE_CURVE('',#5860,#5969,#8122,.T.);
#8122 = LINE('',#8123,#8124);
#8123 = CARTESIAN_POINT('',(3.2,-1.82,-5.551115123126E-17));
#8124 = VECTOR('',#8125,1.);
#8125 = DIRECTION('',(1.110223024625E-16,-1.,0.));
#8126 = ORIENTED_EDGE('',*,*,#5976,.T.);
#8127 = ORIENTED_EDGE('',*,*,#8104,.F.);
#8128 = ORIENTED_EDGE('',*,*,#5867,.F.);
#8129 = PLANE('',#8130);
#8130 = AXIS2_PLACEMENT_3D('',#8131,#8132,#8133);
#8131 = CARTESIAN_POINT('',(3.2,-1.82,-5.551115123126E-17));
#8132 = DIRECTION('',(-1.,-1.110223024625E-16,0.));
#8133 = DIRECTION('',(0.,0.,1.));
#8134 = ADVANCED_FACE('',(#8135),#8146,.F.);
#8135 = FACE_BOUND('',#8136,.F.);
#8136 = EDGE_LOOP('',(#8137,#8143,#8144,#8145));
#8137 = ORIENTED_EDGE('',*,*,#8138,.T.);
#8138 = EDGE_CURVE('',#5851,#5960,#8139,.T.);
#8139 = LINE('',#8140,#8141);
#8140 = CARTESIAN_POINT('',(2.772040872589,-1.82,-5.551115123126E-17));
#8141 = VECTOR('',#8142,1.);
#8142 = DIRECTION('',(1.110223024625E-16,-1.,0.));
#8143 = ORIENTED_EDGE('',*,*,#5968,.T.);
#8144 = ORIENTED_EDGE('',*,*,#8121,.F.);
#8145 = ORIENTED_EDGE('',*,*,#5859,.F.);
#8146 = PLANE('',#8147);
#8147 = AXIS2_PLACEMENT_3D('',#8148,#8149,#8150);
#8148 = CARTESIAN_POINT('',(2.772040872589,-1.82,-5.551115123126E-17));
#8149 = DIRECTION('',(0.,0.,1.));
#8150 = DIRECTION('',(1.,1.110223024625E-16,-0.));
#8151 = ADVANCED_FACE('',(#8152),#8163,.T.);
#8152 = FACE_BOUND('',#8153,.T.);
#8153 = EDGE_LOOP('',(#8154,#8155,#8156,#8157));
#8154 = ORIENTED_EDGE('',*,*,#5850,.T.);
#8155 = ORIENTED_EDGE('',*,*,#8138,.T.);
#8156 = ORIENTED_EDGE('',*,*,#5959,.F.);
#8157 = ORIENTED_EDGE('',*,*,#8158,.F.);
#8158 = EDGE_CURVE('',#5843,#5952,#8159,.T.);
#8159 = LINE('',#8160,#8161);
#8160 = CARTESIAN_POINT('',(2.525838934336,-1.82,0.206587955583));
#8161 = VECTOR('',#8162,1.);
#8162 = DIRECTION('',(1.110223024625E-16,-1.,0.));
#8163 = CYLINDRICAL_SURFACE('',#8164,0.25);
#8164 = AXIS2_PLACEMENT_3D('',#8165,#8166,#8167);
#8165 = CARTESIAN_POINT('',(2.772040872589,-1.82,0.25));
#8166 = DIRECTION('',(-1.110223024625E-16,1.,0.));
#8167 = DIRECTION('',(-0.984807753012,-1.093356242223E-16,
    -0.173648177667));
#8168 = ADVANCED_FACE('',(#8169),#8175,.F.);
#8169 = FACE_BOUND('',#8170,.F.);
#8170 = EDGE_LOOP('',(#8171,#8172,#8173,#8174));
#8171 = ORIENTED_EDGE('',*,*,#5933,.T.);
#8172 = ORIENTED_EDGE('',*,*,#5951,.T.);
#8173 = ORIENTED_EDGE('',*,*,#8158,.F.);
#8174 = ORIENTED_EDGE('',*,*,#5842,.F.);
#8175 = PLANE('',#8176);
#8176 = AXIS2_PLACEMENT_3D('',#8177,#8178,#8179);
#8177 = CARTESIAN_POINT('',(2.498480775301,-1.82,0.392364817767));
#8178 = DIRECTION('',(0.989329961345,1.098376902036E-16,0.145692235845)
  );
#8179 = DIRECTION('',(0.145692235845,1.617508747447E-17,-0.989329961345)
  );
#8180 = ADVANCED_FACE('',(#8181),#8184,.F.);
#8181 = FACE_BOUND('',#8182,.T.);
#8182 = EDGE_LOOP('',(#8183));
#8183 = ORIENTED_EDGE('',*,*,#6192,.F.);
#8184 = PLANE('',#8185);
#8185 = AXIS2_PLACEMENT_3D('',#8186,#8187,#8188);
#8186 = CARTESIAN_POINT('',(-1.370291289374,1.670291289374,1.));
#8187 = DIRECTION('',(0.,0.,-1.));
#8188 = DIRECTION('',(1.110223024625E-16,-1.,0.));
#8189 = ( GEOMETRIC_REPRESENTATION_CONTEXT(3) 
GLOBAL_UNCERTAINTY_ASSIGNED_CONTEXT((#8193)) 
GLOBAL_UNIT_ASSIGNED_CONTEXT((#8190,#8191,#8192)) REPRESENTATION_CONTEXT
('Context #1','3D Context with UNIT and UNCERTAINTY') );
#8190 = ( LENGTH_UNIT() NAMED_UNIT(*) SI_UNIT(.MILLI.,.METRE.) );
#8191 = ( NAMED_UNIT(*) PLANE_ANGLE_UNIT() SI_UNIT($,.RADIAN.) );
#8192 = ( NAMED_UNIT(*) SI_UNIT($,.STERADIAN.) SOLID_ANGLE_UNIT() );
#8193 = UNCERTAINTY_MEASURE_WITH_UNIT(LENGTH_MEASURE(1.E-07),#8190,
  'distance_accuracy_value','confusion accuracy');
#8194 = CONTEXT_DEPENDENT_SHAPE_REPRESENTATION(#8195,#8197);
#8195 = ( REPRESENTATION_RELATIONSHIP('','',#916,#893) 
REPRESENTATION_RELATIONSHIP_WITH_TRANSFORMATION(#8196) 
SHAPE_REPRESENTATION_RELATIONSHIP() );
#8196 = ITEM_DEFINED_TRANSFORMATION('','',#11,#894);
#8197 = PRODUCT_DEFINITION_SHAPE('Placement','Placement of an item',
  #8198);
#8198 = NEXT_ASSEMBLY_USAGE_OCCURRENCE('4','=>[0:1:1:5]','',#888,#911,$
  );
#8199 = PRODUCT_RELATED_PRODUCT_CATEGORY('part',$,(#913));
#8200 = SHAPE_DEFINITION_REPRESENTATION(#8201,#8207);
#8201 = PRODUCT_DEFINITION_SHAPE('','',#8202);
#8202 = PRODUCT_DEFINITION('design','',#8203,#8206);
#8203 = PRODUCT_DEFINITION_FORMATION('','',#8204);
#8204 = PRODUCT('C_0603_1608Metric','C_0603_1608Metric','',(#8205));
#8205 = PRODUCT_CONTEXT('',#2,'mechanical');
#8206 = PRODUCT_DEFINITION_CONTEXT('part definition',#2,'design');
#8207 = SHAPE_REPRESENTATION('',(#11,#8208),#8212);
#8208 = AXIS2_PLACEMENT_3D('',#8209,#8210,#8211);
#8209 = CARTESIAN_POINT('',(0.,0.,0.));
#8210 = DIRECTION('',(0.,0.,1.));
#8211 = DIRECTION('',(1.,0.,-0.));
#8212 = ( GEOMETRIC_REPRESENTATION_CONTEXT(3) 
GLOBAL_UNCERTAINTY_ASSIGNED_CONTEXT((#8216)) 
GLOBAL_UNIT_ASSIGNED_CONTEXT((#8213,#8214,#8215)) REPRESENTATION_CONTEXT
('Context #1','3D Context with UNIT and UNCERTAINTY') );
#8213 = ( LENGTH_UNIT() NAMED_UNIT(*) SI_UNIT(.MILLI.,.METRE.) );
#8214 = ( NAMED_UNIT(*) PLANE_ANGLE_UNIT() SI_UNIT($,.RADIAN.) );
#8215 = ( NAMED_UNIT(*) SI_UNIT($,.STERADIAN.) SOLID_ANGLE_UNIT() );
#8216 = UNCERTAINTY_MEASURE_WITH_UNIT(LENGTH_MEASURE(1.E-07),#8213,
  'distance_accuracy_value','confusion accuracy');
#8217 = CONTEXT_DEPENDENT_SHAPE_REPRESENTATION(#8218,#8220);
#8218 = ( REPRESENTATION_RELATIONSHIP('','',#8207,#10) 
REPRESENTATION_RELATIONSHIP_WITH_TRANSFORMATION(#8219) 
SHAPE_REPRESENTATION_RELATIONSHIP() );
#8219 = ITEM_DEFINED_TRANSFORMATION('','',#11,#27);
#8220 = PRODUCT_DEFINITION_SHAPE('Placement','Placement of an item',
  #8221);
#8221 = NEXT_ASSEMBLY_USAGE_OCCURRENCE('7','C1','',#5,#8202,$);
#8222 = PRODUCT_RELATED_PRODUCT_CATEGORY('part',$,(#8204));
#8223 = SHAPE_DEFINITION_REPRESENTATION(#8224,#8230);
#8224 = PRODUCT_DEFINITION_SHAPE('','',#8225);
#8225 = PRODUCT_DEFINITION('design','',#8226,#8229);
#8226 = PRODUCT_DEFINITION_FORMATION('','',#8227);
#8227 = PRODUCT('C_0603_1608Metric','C_0603_1608Metric','',(#8228));
#8228 = PRODUCT_CONTEXT('',#2,'mechanical');
#8229 = PRODUCT_DEFINITION_CONTEXT('part definition',#2,'design');
#8230 = ADVANCED_BREP_SHAPE_REPRESENTATION('',(#11,#8231),#9085);
#8231 = MANIFOLD_SOLID_BREP('',#8232);
#8232 = CLOSED_SHELL('',(#8233,#8309,#8340,#8365,#8390,#8414,#8438,#8463
    ,#8488,#8505,#8591,#8623,#8647,#8672,#8696,#8721,#8745,#8770,#8787,
    #8873,#8904,#8929,#8954,#8978,#9002,#9027,#9052,#9069));
#8233 = ADVANCED_FACE('',(#8234),#8304,.F.);
#8234 = FACE_BOUND('',#8235,.F.);
#8235 = EDGE_LOOP('',(#8236,#8246,#8255,#8263,#8272,#8280,#8289,#8297));
#8236 = ORIENTED_EDGE('',*,*,#8237,.F.);
#8237 = EDGE_CURVE('',#8238,#8240,#8242,.T.);
#8238 = VERTEX_POINT('',#8239);
#8239 = CARTESIAN_POINT('',(-0.8,-0.4,3.E-02));
#8240 = VERTEX_POINT('',#8241);
#8241 = CARTESIAN_POINT('',(-0.8,-0.4,0.77));
#8242 = LINE('',#8243,#8244);
#8243 = CARTESIAN_POINT('',(-0.8,-0.4,0.));
#8244 = VECTOR('',#8245,1.);
#8245 = DIRECTION('',(0.,0.,1.));
#8246 = ORIENTED_EDGE('',*,*,#8247,.T.);
#8247 = EDGE_CURVE('',#8238,#8248,#8250,.T.);
#8248 = VERTEX_POINT('',#8249);
#8249 = CARTESIAN_POINT('',(-0.8,-0.37,0.));
#8250 = CIRCLE('',#8251,3.E-02);
#8251 = AXIS2_PLACEMENT_3D('',#8252,#8253,#8254);
#8252 = CARTESIAN_POINT('',(-0.8,-0.37,3.E-02));
#8253 = DIRECTION('',(1.,0.,-0.));
#8254 = DIRECTION('',(0.,0.,1.));
#8255 = ORIENTED_EDGE('',*,*,#8256,.T.);
#8256 = EDGE_CURVE('',#8248,#8257,#8259,.T.);
#8257 = VERTEX_POINT('',#8258);
#8258 = CARTESIAN_POINT('',(-0.8,0.37,0.));
#8259 = LINE('',#8260,#8261);
#8260 = CARTESIAN_POINT('',(-0.8,-0.4,0.));
#8261 = VECTOR('',#8262,1.);
#8262 = DIRECTION('',(0.,1.,0.));
#8263 = ORIENTED_EDGE('',*,*,#8264,.F.);
#8264 = EDGE_CURVE('',#8265,#8257,#8267,.T.);
#8265 = VERTEX_POINT('',#8266);
#8266 = CARTESIAN_POINT('',(-0.8,0.4,3.E-02));
#8267 = CIRCLE('',#8268,3.E-02);
#8268 = AXIS2_PLACEMENT_3D('',#8269,#8270,#8271);
#8269 = CARTESIAN_POINT('',(-0.8,0.37,3.E-02));
#8270 = DIRECTION('',(-1.,0.,0.));
#8271 = DIRECTION('',(0.,0.,1.));
#8272 = ORIENTED_EDGE('',*,*,#8273,.T.);
#8273 = EDGE_CURVE('',#8265,#8274,#8276,.T.);
#8274 = VERTEX_POINT('',#8275);
#8275 = CARTESIAN_POINT('',(-0.8,0.4,0.77));
#8276 = LINE('',#8277,#8278);
#8277 = CARTESIAN_POINT('',(-0.8,0.4,0.));
#8278 = VECTOR('',#8279,1.);
#8279 = DIRECTION('',(0.,0.,1.));
#8280 = ORIENTED_EDGE('',*,*,#8281,.T.);
#8281 = EDGE_CURVE('',#8274,#8282,#8284,.T.);
#8282 = VERTEX_POINT('',#8283);
#8283 = CARTESIAN_POINT('',(-0.8,0.37,0.8));
#8284 = CIRCLE('',#8285,3.E-02);
#8285 = AXIS2_PLACEMENT_3D('',#8286,#8287,#8288);
#8286 = CARTESIAN_POINT('',(-0.8,0.37,0.77));
#8287 = DIRECTION('',(1.,0.,-0.));
#8288 = DIRECTION('',(0.,0.,1.));
#8289 = ORIENTED_EDGE('',*,*,#8290,.F.);
#8290 = EDGE_CURVE('',#8291,#8282,#8293,.T.);
#8291 = VERTEX_POINT('',#8292);
#8292 = CARTESIAN_POINT('',(-0.8,-0.37,0.8));
#8293 = LINE('',#8294,#8295);
#8294 = CARTESIAN_POINT('',(-0.8,-0.4,0.8));
#8295 = VECTOR('',#8296,1.);
#8296 = DIRECTION('',(0.,1.,0.));
#8297 = ORIENTED_EDGE('',*,*,#8298,.F.);
#8298 = EDGE_CURVE('',#8240,#8291,#8299,.T.);
#8299 = CIRCLE('',#8300,3.E-02);
#8300 = AXIS2_PLACEMENT_3D('',#8301,#8302,#8303);
#8301 = CARTESIAN_POINT('',(-0.8,-0.37,0.77));
#8302 = DIRECTION('',(-1.,0.,0.));
#8303 = DIRECTION('',(0.,0.,1.));
#8304 = PLANE('',#8305);
#8305 = AXIS2_PLACEMENT_3D('',#8306,#8307,#8308);
#8306 = CARTESIAN_POINT('',(-0.8,-0.4,0.));
#8307 = DIRECTION('',(1.,0.,0.));
#8308 = DIRECTION('',(0.,0.,1.));
#8309 = ADVANCED_FACE('',(#8310),#8335,.F.);
#8310 = FACE_BOUND('',#8311,.F.);
#8311 = EDGE_LOOP('',(#8312,#8322,#8328,#8329));
#8312 = ORIENTED_EDGE('',*,*,#8313,.F.);
#8313 = EDGE_CURVE('',#8314,#8316,#8318,.T.);
#8314 = VERTEX_POINT('',#8315);
#8315 = CARTESIAN_POINT('',(-0.5,-0.4,3.E-02));
#8316 = VERTEX_POINT('',#8317);
#8317 = CARTESIAN_POINT('',(-0.5,-0.4,0.77));
#8318 = LINE('',#8319,#8320);
#8319 = CARTESIAN_POINT('',(-0.5,-0.4,0.));
#8320 = VECTOR('',#8321,1.);
#8321 = DIRECTION('',(0.,0.,1.));
#8322 = ORIENTED_EDGE('',*,*,#8323,.F.);
#8323 = EDGE_CURVE('',#8238,#8314,#8324,.T.);
#8324 = LINE('',#8325,#8326);
#8325 = CARTESIAN_POINT('',(-0.8,-0.4,3.E-02));
#8326 = VECTOR('',#8327,1.);
#8327 = DIRECTION('',(1.,0.,0.));
#8328 = ORIENTED_EDGE('',*,*,#8237,.T.);
#8329 = ORIENTED_EDGE('',*,*,#8330,.T.);
#8330 = EDGE_CURVE('',#8240,#8316,#8331,.T.);
#8331 = LINE('',#8332,#8333);
#8332 = CARTESIAN_POINT('',(-0.8,-0.4,0.77));
#8333 = VECTOR('',#8334,1.);
#8334 = DIRECTION('',(1.,0.,0.));
#8335 = PLANE('',#8336);
#8336 = AXIS2_PLACEMENT_3D('',#8337,#8338,#8339);
#8337 = CARTESIAN_POINT('',(-0.8,-0.4,0.));
#8338 = DIRECTION('',(0.,1.,0.));
#8339 = DIRECTION('',(0.,-0.,1.));
#8340 = ADVANCED_FACE('',(#8341),#8360,.T.);
#8341 = FACE_BOUND('',#8342,.T.);
#8342 = EDGE_LOOP('',(#8343,#8344,#8352,#8359));
#8343 = ORIENTED_EDGE('',*,*,#8247,.T.);
#8344 = ORIENTED_EDGE('',*,*,#8345,.T.);
#8345 = EDGE_CURVE('',#8248,#8346,#8348,.T.);
#8346 = VERTEX_POINT('',#8347);
#8347 = CARTESIAN_POINT('',(-0.5,-0.37,0.));
#8348 = LINE('',#8349,#8350);
#8349 = CARTESIAN_POINT('',(-0.8,-0.37,0.));
#8350 = VECTOR('',#8351,1.);
#8351 = DIRECTION('',(1.,0.,0.));
#8352 = ORIENTED_EDGE('',*,*,#8353,.F.);
#8353 = EDGE_CURVE('',#8314,#8346,#8354,.T.);
#8354 = CIRCLE('',#8355,3.E-02);
#8355 = AXIS2_PLACEMENT_3D('',#8356,#8357,#8358);
#8356 = CARTESIAN_POINT('',(-0.5,-0.37,3.E-02));
#8357 = DIRECTION('',(1.,0.,-0.));
#8358 = DIRECTION('',(0.,0.,1.));
#8359 = ORIENTED_EDGE('',*,*,#8323,.F.);
#8360 = CYLINDRICAL_SURFACE('',#8361,3.E-02);
#8361 = AXIS2_PLACEMENT_3D('',#8362,#8363,#8364);
#8362 = CARTESIAN_POINT('',(-0.8,-0.37,3.E-02));
#8363 = DIRECTION('',(1.,0.,0.));
#8364 = DIRECTION('',(0.,-1.,0.));
#8365 = ADVANCED_FACE('',(#8366),#8385,.T.);
#8366 = FACE_BOUND('',#8367,.T.);
#8367 = EDGE_LOOP('',(#8368,#8369,#8378,#8384));
#8368 = ORIENTED_EDGE('',*,*,#8330,.T.);
#8369 = ORIENTED_EDGE('',*,*,#8370,.T.);
#8370 = EDGE_CURVE('',#8316,#8371,#8373,.T.);
#8371 = VERTEX_POINT('',#8372);
#8372 = CARTESIAN_POINT('',(-0.5,-0.37,0.8));
#8373 = CIRCLE('',#8374,3.E-02);
#8374 = AXIS2_PLACEMENT_3D('',#8375,#8376,#8377);
#8375 = CARTESIAN_POINT('',(-0.5,-0.37,0.77));
#8376 = DIRECTION('',(-1.,0.,0.));
#8377 = DIRECTION('',(0.,0.,1.));
#8378 = ORIENTED_EDGE('',*,*,#8379,.F.);
#8379 = EDGE_CURVE('',#8291,#8371,#8380,.T.);
#8380 = LINE('',#8381,#8382);
#8381 = CARTESIAN_POINT('',(-0.8,-0.37,0.8));
#8382 = VECTOR('',#8383,1.);
#8383 = DIRECTION('',(1.,0.,0.));
#8384 = ORIENTED_EDGE('',*,*,#8298,.F.);
#8385 = CYLINDRICAL_SURFACE('',#8386,3.E-02);
#8386 = AXIS2_PLACEMENT_3D('',#8387,#8388,#8389);
#8387 = CARTESIAN_POINT('',(-0.8,-0.37,0.77));
#8388 = DIRECTION('',(1.,0.,0.));
#8389 = DIRECTION('',(0.,-1.,0.));
#8390 = ADVANCED_FACE('',(#8391),#8409,.F.);
#8391 = FACE_BOUND('',#8392,.F.);
#8392 = EDGE_LOOP('',(#8393,#8394,#8395,#8403));
#8393 = ORIENTED_EDGE('',*,*,#8256,.F.);
#8394 = ORIENTED_EDGE('',*,*,#8345,.T.);
#8395 = ORIENTED_EDGE('',*,*,#8396,.T.);
#8396 = EDGE_CURVE('',#8346,#8397,#8399,.T.);
#8397 = VERTEX_POINT('',#8398);
#8398 = CARTESIAN_POINT('',(-0.5,0.37,0.));
#8399 = LINE('',#8400,#8401);
#8400 = CARTESIAN_POINT('',(-0.5,-0.4,0.));
#8401 = VECTOR('',#8402,1.);
#8402 = DIRECTION('',(0.,1.,0.));
#8403 = ORIENTED_EDGE('',*,*,#8404,.F.);
#8404 = EDGE_CURVE('',#8257,#8397,#8405,.T.);
#8405 = LINE('',#8406,#8407);
#8406 = CARTESIAN_POINT('',(-0.8,0.37,0.));
#8407 = VECTOR('',#8408,1.);
#8408 = DIRECTION('',(1.,0.,0.));
#8409 = PLANE('',#8410);
#8410 = AXIS2_PLACEMENT_3D('',#8411,#8412,#8413);
#8411 = CARTESIAN_POINT('',(-0.8,-0.4,0.));
#8412 = DIRECTION('',(0.,0.,1.));
#8413 = DIRECTION('',(1.,0.,-0.));
#8414 = ADVANCED_FACE('',(#8415),#8433,.T.);
#8415 = FACE_BOUND('',#8416,.T.);
#8416 = EDGE_LOOP('',(#8417,#8418,#8419,#8427));
#8417 = ORIENTED_EDGE('',*,*,#8290,.F.);
#8418 = ORIENTED_EDGE('',*,*,#8379,.T.);
#8419 = ORIENTED_EDGE('',*,*,#8420,.T.);
#8420 = EDGE_CURVE('',#8371,#8421,#8423,.T.);
#8421 = VERTEX_POINT('',#8422);
#8422 = CARTESIAN_POINT('',(-0.5,0.37,0.8));
#8423 = LINE('',#8424,#8425);
#8424 = CARTESIAN_POINT('',(-0.5,-0.4,0.8));
#8425 = VECTOR('',#8426,1.);
#8426 = DIRECTION('',(0.,1.,0.));
#8427 = ORIENTED_EDGE('',*,*,#8428,.F.);
#8428 = EDGE_CURVE('',#8282,#8421,#8429,.T.);
#8429 = LINE('',#8430,#8431);
#8430 = CARTESIAN_POINT('',(-0.8,0.37,0.8));
#8431 = VECTOR('',#8432,1.);
#8432 = DIRECTION('',(1.,0.,0.));
#8433 = PLANE('',#8434);
#8434 = AXIS2_PLACEMENT_3D('',#8435,#8436,#8437);
#8435 = CARTESIAN_POINT('',(-0.8,-0.4,0.8));
#8436 = DIRECTION('',(0.,0.,1.));
#8437 = DIRECTION('',(1.,0.,-0.));
#8438 = ADVANCED_FACE('',(#8439),#8458,.T.);
#8439 = FACE_BOUND('',#8440,.T.);
#8440 = EDGE_LOOP('',(#8441,#8449,#8456,#8457));
#8441 = ORIENTED_EDGE('',*,*,#8442,.T.);
#8442 = EDGE_CURVE('',#8265,#8443,#8445,.T.);
#8443 = VERTEX_POINT('',#8444);
#8444 = CARTESIAN_POINT('',(-0.5,0.4,3.E-02));
#8445 = LINE('',#8446,#8447);
#8446 = CARTESIAN_POINT('',(-0.8,0.4,3.E-02));
#8447 = VECTOR('',#8448,1.);
#8448 = DIRECTION('',(1.,0.,0.));
#8449 = ORIENTED_EDGE('',*,*,#8450,.T.);
#8450 = EDGE_CURVE('',#8443,#8397,#8451,.T.);
#8451 = CIRCLE('',#8452,3.E-02);
#8452 = AXIS2_PLACEMENT_3D('',#8453,#8454,#8455);
#8453 = CARTESIAN_POINT('',(-0.5,0.37,3.E-02));
#8454 = DIRECTION('',(-1.,0.,0.));
#8455 = DIRECTION('',(0.,0.,1.));
#8456 = ORIENTED_EDGE('',*,*,#8404,.F.);
#8457 = ORIENTED_EDGE('',*,*,#8264,.F.);
#8458 = CYLINDRICAL_SURFACE('',#8459,3.E-02);
#8459 = AXIS2_PLACEMENT_3D('',#8460,#8461,#8462);
#8460 = CARTESIAN_POINT('',(-0.8,0.37,3.E-02));
#8461 = DIRECTION('',(1.,0.,0.));
#8462 = DIRECTION('',(-0.,1.,0.));
#8463 = ADVANCED_FACE('',(#8464),#8483,.T.);
#8464 = FACE_BOUND('',#8465,.T.);
#8465 = EDGE_LOOP('',(#8466,#8467,#8468,#8477));
#8466 = ORIENTED_EDGE('',*,*,#8281,.T.);
#8467 = ORIENTED_EDGE('',*,*,#8428,.T.);
#8468 = ORIENTED_EDGE('',*,*,#8469,.F.);
#8469 = EDGE_CURVE('',#8470,#8421,#8472,.T.);
#8470 = VERTEX_POINT('',#8471);
#8471 = CARTESIAN_POINT('',(-0.5,0.4,0.77));
#8472 = CIRCLE('',#8473,3.E-02);
#8473 = AXIS2_PLACEMENT_3D('',#8474,#8475,#8476);
#8474 = CARTESIAN_POINT('',(-0.5,0.37,0.77));
#8475 = DIRECTION('',(1.,0.,-0.));
#8476 = DIRECTION('',(0.,0.,1.));
#8477 = ORIENTED_EDGE('',*,*,#8478,.F.);
#8478 = EDGE_CURVE('',#8274,#8470,#8479,.T.);
#8479 = LINE('',#8480,#8481);
#8480 = CARTESIAN_POINT('',(-0.8,0.4,0.77));
#8481 = VECTOR('',#8482,1.);
#8482 = DIRECTION('',(1.,0.,0.));
#8483 = CYLINDRICAL_SURFACE('',#8484,3.E-02);
#8484 = AXIS2_PLACEMENT_3D('',#8485,#8486,#8487);
#8485 = CARTESIAN_POINT('',(-0.8,0.37,0.77));
#8486 = DIRECTION('',(1.,0.,0.));
#8487 = DIRECTION('',(-0.,1.,0.));
#8488 = ADVANCED_FACE('',(#8489),#8500,.T.);
#8489 = FACE_BOUND('',#8490,.T.);
#8490 = EDGE_LOOP('',(#8491,#8497,#8498,#8499));
#8491 = ORIENTED_EDGE('',*,*,#8492,.F.);
#8492 = EDGE_CURVE('',#8443,#8470,#8493,.T.);
#8493 = LINE('',#8494,#8495);
#8494 = CARTESIAN_POINT('',(-0.5,0.4,0.));
#8495 = VECTOR('',#8496,1.);
#8496 = DIRECTION('',(0.,0.,1.));
#8497 = ORIENTED_EDGE('',*,*,#8442,.F.);
#8498 = ORIENTED_EDGE('',*,*,#8273,.T.);
#8499 = ORIENTED_EDGE('',*,*,#8478,.T.);
#8500 = PLANE('',#8501);
#8501 = AXIS2_PLACEMENT_3D('',#8502,#8503,#8504);
#8502 = CARTESIAN_POINT('',(-0.8,0.4,0.));
#8503 = DIRECTION('',(0.,1.,0.));
#8504 = DIRECTION('',(0.,-0.,1.));
#8505 = ADVANCED_FACE('',(#8506,#8516),#8586,.T.);
#8506 = FACE_BOUND('',#8507,.T.);
#8507 = EDGE_LOOP('',(#8508,#8509,#8510,#8511,#8512,#8513,#8514,#8515));
#8508 = ORIENTED_EDGE('',*,*,#8313,.F.);
#8509 = ORIENTED_EDGE('',*,*,#8353,.T.);
#8510 = ORIENTED_EDGE('',*,*,#8396,.T.);
#8511 = ORIENTED_EDGE('',*,*,#8450,.F.);
#8512 = ORIENTED_EDGE('',*,*,#8492,.T.);
#8513 = ORIENTED_EDGE('',*,*,#8469,.T.);
#8514 = ORIENTED_EDGE('',*,*,#8420,.F.);
#8515 = ORIENTED_EDGE('',*,*,#8370,.F.);
#8516 = FACE_BOUND('',#8517,.T.);
#8517 = EDGE_LOOP('',(#8518,#8529,#8537,#8546,#8554,#8563,#8571,#8580));
#8518 = ORIENTED_EDGE('',*,*,#8519,.F.);
#8519 = EDGE_CURVE('',#8520,#8522,#8524,.T.);
#8520 = VERTEX_POINT('',#8521);
#8521 = CARTESIAN_POINT('',(-0.5,-0.37,6.E-02));
#8522 = VERTEX_POINT('',#8523);
#8523 = CARTESIAN_POINT('',(-0.5,-0.34,3.E-02));
#8524 = CIRCLE('',#8525,3.E-02);
#8525 = AXIS2_PLACEMENT_3D('',#8526,#8527,#8528);
#8526 = CARTESIAN_POINT('',(-0.5,-0.34,6.E-02));
#8527 = DIRECTION('',(1.,0.,-0.));
#8528 = DIRECTION('',(0.,0.,1.));
#8529 = ORIENTED_EDGE('',*,*,#8530,.T.);
#8530 = EDGE_CURVE('',#8520,#8531,#8533,.T.);
#8531 = VERTEX_POINT('',#8532);
#8532 = CARTESIAN_POINT('',(-0.5,-0.37,0.74));
#8533 = LINE('',#8534,#8535);
#8534 = CARTESIAN_POINT('',(-0.5,-0.37,3.E-02));
#8535 = VECTOR('',#8536,1.);
#8536 = DIRECTION('',(0.,0.,1.));
#8537 = ORIENTED_EDGE('',*,*,#8538,.T.);
#8538 = EDGE_CURVE('',#8531,#8539,#8541,.T.);
#8539 = VERTEX_POINT('',#8540);
#8540 = CARTESIAN_POINT('',(-0.5,-0.34,0.77));
#8541 = CIRCLE('',#8542,3.E-02);
#8542 = AXIS2_PLACEMENT_3D('',#8543,#8544,#8545);
#8543 = CARTESIAN_POINT('',(-0.5,-0.34,0.74));
#8544 = DIRECTION('',(-1.,0.,0.));
#8545 = DIRECTION('',(0.,0.,1.));
#8546 = ORIENTED_EDGE('',*,*,#8547,.T.);
#8547 = EDGE_CURVE('',#8539,#8548,#8550,.T.);
#8548 = VERTEX_POINT('',#8549);
#8549 = CARTESIAN_POINT('',(-0.5,0.34,0.77));
#8550 = LINE('',#8551,#8552);
#8551 = CARTESIAN_POINT('',(-0.5,-0.37,0.77));
#8552 = VECTOR('',#8553,1.);
#8553 = DIRECTION('',(0.,1.,0.));
#8554 = ORIENTED_EDGE('',*,*,#8555,.F.);
#8555 = EDGE_CURVE('',#8556,#8548,#8558,.T.);
#8556 = VERTEX_POINT('',#8557);
#8557 = CARTESIAN_POINT('',(-0.5,0.37,0.74));
#8558 = CIRCLE('',#8559,3.E-02);
#8559 = AXIS2_PLACEMENT_3D('',#8560,#8561,#8562);
#8560 = CARTESIAN_POINT('',(-0.5,0.34,0.74));
#8561 = DIRECTION('',(1.,0.,-0.));
#8562 = DIRECTION('',(0.,0.,1.));
#8563 = ORIENTED_EDGE('',*,*,#8564,.F.);
#8564 = EDGE_CURVE('',#8565,#8556,#8567,.T.);
#8565 = VERTEX_POINT('',#8566);
#8566 = CARTESIAN_POINT('',(-0.5,0.37,6.E-02));
#8567 = LINE('',#8568,#8569);
#8568 = CARTESIAN_POINT('',(-0.5,0.37,3.E-02));
#8569 = VECTOR('',#8570,1.);
#8570 = DIRECTION('',(0.,0.,1.));
#8571 = ORIENTED_EDGE('',*,*,#8572,.T.);
#8572 = EDGE_CURVE('',#8565,#8573,#8575,.T.);
#8573 = VERTEX_POINT('',#8574);
#8574 = CARTESIAN_POINT('',(-0.5,0.34,3.E-02));
#8575 = CIRCLE('',#8576,3.E-02);
#8576 = AXIS2_PLACEMENT_3D('',#8577,#8578,#8579);
#8577 = CARTESIAN_POINT('',(-0.5,0.34,6.E-02));
#8578 = DIRECTION('',(-1.,0.,0.));
#8579 = DIRECTION('',(0.,0.,1.));
#8580 = ORIENTED_EDGE('',*,*,#8581,.F.);
#8581 = EDGE_CURVE('',#8522,#8573,#8582,.T.);
#8582 = LINE('',#8583,#8584);
#8583 = CARTESIAN_POINT('',(-0.5,-0.37,3.E-02));
#8584 = VECTOR('',#8585,1.);
#8585 = DIRECTION('',(0.,1.,0.));
#8586 = PLANE('',#8587);
#8587 = AXIS2_PLACEMENT_3D('',#8588,#8589,#8590);
#8588 = CARTESIAN_POINT('',(-0.5,-0.4,0.));
#8589 = DIRECTION('',(1.,0.,0.));
#8590 = DIRECTION('',(0.,0.,1.));
#8591 = ADVANCED_FACE('',(#8592),#8618,.T.);
#8592 = FACE_BOUND('',#8593,.T.);
#8593 = EDGE_LOOP('',(#8594,#8595,#8603,#8612));
#8594 = ORIENTED_EDGE('',*,*,#8519,.T.);
#8595 = ORIENTED_EDGE('',*,*,#8596,.T.);
#8596 = EDGE_CURVE('',#8522,#8597,#8599,.T.);
#8597 = VERTEX_POINT('',#8598);
#8598 = CARTESIAN_POINT('',(0.5,-0.34,3.E-02));
#8599 = LINE('',#8600,#8601);
#8600 = CARTESIAN_POINT('',(-0.5,-0.34,3.E-02));
#8601 = VECTOR('',#8602,1.);
#8602 = DIRECTION('',(1.,0.,0.));
#8603 = ORIENTED_EDGE('',*,*,#8604,.F.);
#8604 = EDGE_CURVE('',#8605,#8597,#8607,.T.);
#8605 = VERTEX_POINT('',#8606);
#8606 = CARTESIAN_POINT('',(0.5,-0.37,6.E-02));
#8607 = CIRCLE('',#8608,3.E-02);
#8608 = AXIS2_PLACEMENT_3D('',#8609,#8610,#8611);
#8609 = CARTESIAN_POINT('',(0.5,-0.34,6.E-02));
#8610 = DIRECTION('',(1.,0.,-0.));
#8611 = DIRECTION('',(0.,0.,1.));
#8612 = ORIENTED_EDGE('',*,*,#8613,.F.);
#8613 = EDGE_CURVE('',#8520,#8605,#8614,.T.);
#8614 = LINE('',#8615,#8616);
#8615 = CARTESIAN_POINT('',(-0.5,-0.37,6.E-02));
#8616 = VECTOR('',#8617,1.);
#8617 = DIRECTION('',(1.,0.,0.));
#8618 = CYLINDRICAL_SURFACE('',#8619,3.E-02);
#8619 = AXIS2_PLACEMENT_3D('',#8620,#8621,#8622);
#8620 = CARTESIAN_POINT('',(-0.5,-0.34,6.E-02));
#8621 = DIRECTION('',(1.,0.,0.));
#8622 = DIRECTION('',(0.,-1.,0.));
#8623 = ADVANCED_FACE('',(#8624),#8642,.F.);
#8624 = FACE_BOUND('',#8625,.F.);
#8625 = EDGE_LOOP('',(#8626,#8627,#8628,#8636));
#8626 = ORIENTED_EDGE('',*,*,#8581,.F.);
#8627 = ORIENTED_EDGE('',*,*,#8596,.T.);
#8628 = ORIENTED_EDGE('',*,*,#8629,.T.);
#8629 = EDGE_CURVE('',#8597,#8630,#8632,.T.);
#8630 = VERTEX_POINT('',#8631);
#8631 = CARTESIAN_POINT('',(0.5,0.34,3.E-02));
#8632 = LINE('',#8633,#8634);
#8633 = CARTESIAN_POINT('',(0.5,-0.37,3.E-02));
#8634 = VECTOR('',#8635,1.);
#8635 = DIRECTION('',(0.,1.,0.));
#8636 = ORIENTED_EDGE('',*,*,#8637,.F.);
#8637 = EDGE_CURVE('',#8573,#8630,#8638,.T.);
#8638 = LINE('',#8639,#8640);
#8639 = CARTESIAN_POINT('',(-0.5,0.34,3.E-02));
#8640 = VECTOR('',#8641,1.);
#8641 = DIRECTION('',(1.,0.,0.));
#8642 = PLANE('',#8643);
#8643 = AXIS2_PLACEMENT_3D('',#8644,#8645,#8646);
#8644 = CARTESIAN_POINT('',(-0.5,-0.37,3.E-02));
#8645 = DIRECTION('',(0.,0.,1.));
#8646 = DIRECTION('',(1.,0.,-0.));
#8647 = ADVANCED_FACE('',(#8648),#8667,.T.);
#8648 = FACE_BOUND('',#8649,.T.);
#8649 = EDGE_LOOP('',(#8650,#8658,#8665,#8666));
#8650 = ORIENTED_EDGE('',*,*,#8651,.T.);
#8651 = EDGE_CURVE('',#8565,#8652,#8654,.T.);
#8652 = VERTEX_POINT('',#8653);
#8653 = CARTESIAN_POINT('',(0.5,0.37,6.E-02));
#8654 = LINE('',#8655,#8656);
#8655 = CARTESIAN_POINT('',(-0.5,0.37,6.E-02));
#8656 = VECTOR('',#8657,1.);
#8657 = DIRECTION('',(1.,0.,0.));
#8658 = ORIENTED_EDGE('',*,*,#8659,.T.);
#8659 = EDGE_CURVE('',#8652,#8630,#8660,.T.);
#8660 = CIRCLE('',#8661,3.E-02);
#8661 = AXIS2_PLACEMENT_3D('',#8662,#8663,#8664);
#8662 = CARTESIAN_POINT('',(0.5,0.34,6.E-02));
#8663 = DIRECTION('',(-1.,0.,0.));
#8664 = DIRECTION('',(0.,0.,1.));
#8665 = ORIENTED_EDGE('',*,*,#8637,.F.);
#8666 = ORIENTED_EDGE('',*,*,#8572,.F.);
#8667 = CYLINDRICAL_SURFACE('',#8668,3.E-02);
#8668 = AXIS2_PLACEMENT_3D('',#8669,#8670,#8671);
#8669 = CARTESIAN_POINT('',(-0.5,0.34,6.E-02));
#8670 = DIRECTION('',(1.,0.,0.));
#8671 = DIRECTION('',(-0.,1.,0.));
#8672 = ADVANCED_FACE('',(#8673),#8691,.T.);
#8673 = FACE_BOUND('',#8674,.T.);
#8674 = EDGE_LOOP('',(#8675,#8683,#8684,#8685));
#8675 = ORIENTED_EDGE('',*,*,#8676,.F.);
#8676 = EDGE_CURVE('',#8652,#8677,#8679,.T.);
#8677 = VERTEX_POINT('',#8678);
#8678 = CARTESIAN_POINT('',(0.5,0.37,0.74));
#8679 = LINE('',#8680,#8681);
#8680 = CARTESIAN_POINT('',(0.5,0.37,3.E-02));
#8681 = VECTOR('',#8682,1.);
#8682 = DIRECTION('',(0.,0.,1.));
#8683 = ORIENTED_EDGE('',*,*,#8651,.F.);
#8684 = ORIENTED_EDGE('',*,*,#8564,.T.);
#8685 = ORIENTED_EDGE('',*,*,#8686,.T.);
#8686 = EDGE_CURVE('',#8556,#8677,#8687,.T.);
#8687 = LINE('',#8688,#8689);
#8688 = CARTESIAN_POINT('',(-0.5,0.37,0.74));
#8689 = VECTOR('',#8690,1.);
#8690 = DIRECTION('',(1.,0.,0.));
#8691 = PLANE('',#8692);
#8692 = AXIS2_PLACEMENT_3D('',#8693,#8694,#8695);
#8693 = CARTESIAN_POINT('',(-0.5,0.37,3.E-02));
#8694 = DIRECTION('',(0.,1.,0.));
#8695 = DIRECTION('',(0.,-0.,1.));
#8696 = ADVANCED_FACE('',(#8697),#8716,.T.);
#8697 = FACE_BOUND('',#8698,.T.);
#8698 = EDGE_LOOP('',(#8699,#8700,#8708,#8715));
#8699 = ORIENTED_EDGE('',*,*,#8555,.T.);
#8700 = ORIENTED_EDGE('',*,*,#8701,.T.);
#8701 = EDGE_CURVE('',#8548,#8702,#8704,.T.);
#8702 = VERTEX_POINT('',#8703);
#8703 = CARTESIAN_POINT('',(0.5,0.34,0.77));
#8704 = LINE('',#8705,#8706);
#8705 = CARTESIAN_POINT('',(-0.5,0.34,0.77));
#8706 = VECTOR('',#8707,1.);
#8707 = DIRECTION('',(1.,0.,0.));
#8708 = ORIENTED_EDGE('',*,*,#8709,.F.);
#8709 = EDGE_CURVE('',#8677,#8702,#8710,.T.);
#8710 = CIRCLE('',#8711,3.E-02);
#8711 = AXIS2_PLACEMENT_3D('',#8712,#8713,#8714);
#8712 = CARTESIAN_POINT('',(0.5,0.34,0.74));
#8713 = DIRECTION('',(1.,0.,-0.));
#8714 = DIRECTION('',(0.,0.,1.));
#8715 = ORIENTED_EDGE('',*,*,#8686,.F.);
#8716 = CYLINDRICAL_SURFACE('',#8717,3.E-02);
#8717 = AXIS2_PLACEMENT_3D('',#8718,#8719,#8720);
#8718 = CARTESIAN_POINT('',(-0.5,0.34,0.74));
#8719 = DIRECTION('',(1.,0.,0.));
#8720 = DIRECTION('',(-0.,1.,0.));
#8721 = ADVANCED_FACE('',(#8722),#8740,.T.);
#8722 = FACE_BOUND('',#8723,.T.);
#8723 = EDGE_LOOP('',(#8724,#8725,#8733,#8739));
#8724 = ORIENTED_EDGE('',*,*,#8547,.F.);
#8725 = ORIENTED_EDGE('',*,*,#8726,.T.);
#8726 = EDGE_CURVE('',#8539,#8727,#8729,.T.);
#8727 = VERTEX_POINT('',#8728);
#8728 = CARTESIAN_POINT('',(0.5,-0.34,0.77));
#8729 = LINE('',#8730,#8731);
#8730 = CARTESIAN_POINT('',(-0.5,-0.34,0.77));
#8731 = VECTOR('',#8732,1.);
#8732 = DIRECTION('',(1.,0.,0.));
#8733 = ORIENTED_EDGE('',*,*,#8734,.T.);
#8734 = EDGE_CURVE('',#8727,#8702,#8735,.T.);
#8735 = LINE('',#8736,#8737);
#8736 = CARTESIAN_POINT('',(0.5,-0.37,0.77));
#8737 = VECTOR('',#8738,1.);
#8738 = DIRECTION('',(0.,1.,0.));
#8739 = ORIENTED_EDGE('',*,*,#8701,.F.);
#8740 = PLANE('',#8741);
#8741 = AXIS2_PLACEMENT_3D('',#8742,#8743,#8744);
#8742 = CARTESIAN_POINT('',(-0.5,-0.37,0.77));
#8743 = DIRECTION('',(0.,0.,1.));
#8744 = DIRECTION('',(1.,0.,-0.));
#8745 = ADVANCED_FACE('',(#8746),#8765,.T.);
#8746 = FACE_BOUND('',#8747,.T.);
#8747 = EDGE_LOOP('',(#8748,#8756,#8763,#8764));
#8748 = ORIENTED_EDGE('',*,*,#8749,.T.);
#8749 = EDGE_CURVE('',#8531,#8750,#8752,.T.);
#8750 = VERTEX_POINT('',#8751);
#8751 = CARTESIAN_POINT('',(0.5,-0.37,0.74));
#8752 = LINE('',#8753,#8754);
#8753 = CARTESIAN_POINT('',(-0.5,-0.37,0.74));
#8754 = VECTOR('',#8755,1.);
#8755 = DIRECTION('',(1.,0.,0.));
#8756 = ORIENTED_EDGE('',*,*,#8757,.T.);
#8757 = EDGE_CURVE('',#8750,#8727,#8758,.T.);
#8758 = CIRCLE('',#8759,3.E-02);
#8759 = AXIS2_PLACEMENT_3D('',#8760,#8761,#8762);
#8760 = CARTESIAN_POINT('',(0.5,-0.34,0.74));
#8761 = DIRECTION('',(-1.,0.,0.));
#8762 = DIRECTION('',(0.,0.,1.));
#8763 = ORIENTED_EDGE('',*,*,#8726,.F.);
#8764 = ORIENTED_EDGE('',*,*,#8538,.F.);
#8765 = CYLINDRICAL_SURFACE('',#8766,3.E-02);
#8766 = AXIS2_PLACEMENT_3D('',#8767,#8768,#8769);
#8767 = CARTESIAN_POINT('',(-0.5,-0.34,0.74));
#8768 = DIRECTION('',(1.,0.,0.));
#8769 = DIRECTION('',(0.,-1.,0.));
#8770 = ADVANCED_FACE('',(#8771),#8782,.F.);
#8771 = FACE_BOUND('',#8772,.F.);
#8772 = EDGE_LOOP('',(#8773,#8779,#8780,#8781));
#8773 = ORIENTED_EDGE('',*,*,#8774,.F.);
#8774 = EDGE_CURVE('',#8605,#8750,#8775,.T.);
#8775 = LINE('',#8776,#8777);
#8776 = CARTESIAN_POINT('',(0.5,-0.37,3.E-02));
#8777 = VECTOR('',#8778,1.);
#8778 = DIRECTION('',(0.,0.,1.));
#8779 = ORIENTED_EDGE('',*,*,#8613,.F.);
#8780 = ORIENTED_EDGE('',*,*,#8530,.T.);
#8781 = ORIENTED_EDGE('',*,*,#8749,.T.);
#8782 = PLANE('',#8783);
#8783 = AXIS2_PLACEMENT_3D('',#8784,#8785,#8786);
#8784 = CARTESIAN_POINT('',(-0.5,-0.37,3.E-02));
#8785 = DIRECTION('',(0.,1.,0.));
#8786 = DIRECTION('',(0.,-0.,1.));
#8787 = ADVANCED_FACE('',(#8788,#8858),#8868,.F.);
#8788 = FACE_BOUND('',#8789,.F.);
#8789 = EDGE_LOOP('',(#8790,#8800,#8809,#8817,#8826,#8834,#8843,#8851));
#8790 = ORIENTED_EDGE('',*,*,#8791,.F.);
#8791 = EDGE_CURVE('',#8792,#8794,#8796,.T.);
#8792 = VERTEX_POINT('',#8793);
#8793 = CARTESIAN_POINT('',(0.5,-0.4,3.E-02));
#8794 = VERTEX_POINT('',#8795);
#8795 = CARTESIAN_POINT('',(0.5,-0.4,0.77));
#8796 = LINE('',#8797,#8798);
#8797 = CARTESIAN_POINT('',(0.5,-0.4,0.));
#8798 = VECTOR('',#8799,1.);
#8799 = DIRECTION('',(0.,0.,1.));
#8800 = ORIENTED_EDGE('',*,*,#8801,.T.);
#8801 = EDGE_CURVE('',#8792,#8802,#8804,.T.);
#8802 = VERTEX_POINT('',#8803);
#8803 = CARTESIAN_POINT('',(0.5,-0.37,0.));
#8804 = CIRCLE('',#8805,3.E-02);
#8805 = AXIS2_PLACEMENT_3D('',#8806,#8807,#8808);
#8806 = CARTESIAN_POINT('',(0.5,-0.37,3.E-02));
#8807 = DIRECTION('',(1.,0.,-0.));
#8808 = DIRECTION('',(0.,0.,1.));
#8809 = ORIENTED_EDGE('',*,*,#8810,.T.);
#8810 = EDGE_CURVE('',#8802,#8811,#8813,.T.);
#8811 = VERTEX_POINT('',#8812);
#8812 = CARTESIAN_POINT('',(0.5,0.37,0.));
#8813 = LINE('',#8814,#8815);
#8814 = CARTESIAN_POINT('',(0.5,-0.4,0.));
#8815 = VECTOR('',#8816,1.);
#8816 = DIRECTION('',(0.,1.,0.));
#8817 = ORIENTED_EDGE('',*,*,#8818,.F.);
#8818 = EDGE_CURVE('',#8819,#8811,#8821,.T.);
#8819 = VERTEX_POINT('',#8820);
#8820 = CARTESIAN_POINT('',(0.5,0.4,3.E-02));
#8821 = CIRCLE('',#8822,3.E-02);
#8822 = AXIS2_PLACEMENT_3D('',#8823,#8824,#8825);
#8823 = CARTESIAN_POINT('',(0.5,0.37,3.E-02));
#8824 = DIRECTION('',(-1.,0.,0.));
#8825 = DIRECTION('',(0.,0.,1.));
#8826 = ORIENTED_EDGE('',*,*,#8827,.T.);
#8827 = EDGE_CURVE('',#8819,#8828,#8830,.T.);
#8828 = VERTEX_POINT('',#8829);
#8829 = CARTESIAN_POINT('',(0.5,0.4,0.77));
#8830 = LINE('',#8831,#8832);
#8831 = CARTESIAN_POINT('',(0.5,0.4,0.));
#8832 = VECTOR('',#8833,1.);
#8833 = DIRECTION('',(0.,0.,1.));
#8834 = ORIENTED_EDGE('',*,*,#8835,.T.);
#8835 = EDGE_CURVE('',#8828,#8836,#8838,.T.);
#8836 = VERTEX_POINT('',#8837);
#8837 = CARTESIAN_POINT('',(0.5,0.37,0.8));
#8838 = CIRCLE('',#8839,3.E-02);
#8839 = AXIS2_PLACEMENT_3D('',#8840,#8841,#8842);
#8840 = CARTESIAN_POINT('',(0.5,0.37,0.77));
#8841 = DIRECTION('',(1.,0.,-0.));
#8842 = DIRECTION('',(0.,0.,1.));
#8843 = ORIENTED_EDGE('',*,*,#8844,.F.);
#8844 = EDGE_CURVE('',#8845,#8836,#8847,.T.);
#8845 = VERTEX_POINT('',#8846);
#8846 = CARTESIAN_POINT('',(0.5,-0.37,0.8));
#8847 = LINE('',#8848,#8849);
#8848 = CARTESIAN_POINT('',(0.5,-0.4,0.8));
#8849 = VECTOR('',#8850,1.);
#8850 = DIRECTION('',(0.,1.,0.));
#8851 = ORIENTED_EDGE('',*,*,#8852,.F.);
#8852 = EDGE_CURVE('',#8794,#8845,#8853,.T.);
#8853 = CIRCLE('',#8854,3.E-02);
#8854 = AXIS2_PLACEMENT_3D('',#8855,#8856,#8857);
#8855 = CARTESIAN_POINT('',(0.5,-0.37,0.77));
#8856 = DIRECTION('',(-1.,0.,0.));
#8857 = DIRECTION('',(0.,0.,1.));
#8858 = FACE_BOUND('',#8859,.F.);
#8859 = EDGE_LOOP('',(#8860,#8861,#8862,#8863,#8864,#8865,#8866,#8867));
#8860 = ORIENTED_EDGE('',*,*,#8604,.F.);
#8861 = ORIENTED_EDGE('',*,*,#8774,.T.);
#8862 = ORIENTED_EDGE('',*,*,#8757,.T.);
#8863 = ORIENTED_EDGE('',*,*,#8734,.T.);
#8864 = ORIENTED_EDGE('',*,*,#8709,.F.);
#8865 = ORIENTED_EDGE('',*,*,#8676,.F.);
#8866 = ORIENTED_EDGE('',*,*,#8659,.T.);
#8867 = ORIENTED_EDGE('',*,*,#8629,.F.);
#8868 = PLANE('',#8869);
#8869 = AXIS2_PLACEMENT_3D('',#8870,#8871,#8872);
#8870 = CARTESIAN_POINT('',(0.5,-0.4,0.));
#8871 = DIRECTION('',(1.,0.,0.));
#8872 = DIRECTION('',(0.,0.,1.));
#8873 = ADVANCED_FACE('',(#8874),#8899,.F.);
#8874 = FACE_BOUND('',#8875,.F.);
#8875 = EDGE_LOOP('',(#8876,#8886,#8892,#8893));
#8876 = ORIENTED_EDGE('',*,*,#8877,.F.);
#8877 = EDGE_CURVE('',#8878,#8880,#8882,.T.);
#8878 = VERTEX_POINT('',#8879);
#8879 = CARTESIAN_POINT('',(0.8,-0.4,3.E-02));
#8880 = VERTEX_POINT('',#8881);
#8881 = CARTESIAN_POINT('',(0.8,-0.4,0.77));
#8882 = LINE('',#8883,#8884);
#8883 = CARTESIAN_POINT('',(0.8,-0.4,0.));
#8884 = VECTOR('',#8885,1.);
#8885 = DIRECTION('',(0.,0.,1.));
#8886 = ORIENTED_EDGE('',*,*,#8887,.F.);
#8887 = EDGE_CURVE('',#8792,#8878,#8888,.T.);
#8888 = LINE('',#8889,#8890);
#8889 = CARTESIAN_POINT('',(0.5,-0.4,3.E-02));
#8890 = VECTOR('',#8891,1.);
#8891 = DIRECTION('',(1.,0.,0.));
#8892 = ORIENTED_EDGE('',*,*,#8791,.T.);
#8893 = ORIENTED_EDGE('',*,*,#8894,.T.);
#8894 = EDGE_CURVE('',#8794,#8880,#8895,.T.);
#8895 = LINE('',#8896,#8897);
#8896 = CARTESIAN_POINT('',(0.5,-0.4,0.77));
#8897 = VECTOR('',#8898,1.);
#8898 = DIRECTION('',(1.,0.,0.));
#8899 = PLANE('',#8900);
#8900 = AXIS2_PLACEMENT_3D('',#8901,#8902,#8903);
#8901 = CARTESIAN_POINT('',(0.5,-0.4,0.));
#8902 = DIRECTION('',(0.,1.,0.));
#8903 = DIRECTION('',(0.,-0.,1.));
#8904 = ADVANCED_FACE('',(#8905),#8924,.T.);
#8905 = FACE_BOUND('',#8906,.T.);
#8906 = EDGE_LOOP('',(#8907,#8908,#8916,#8923));
#8907 = ORIENTED_EDGE('',*,*,#8801,.T.);
#8908 = ORIENTED_EDGE('',*,*,#8909,.T.);
#8909 = EDGE_CURVE('',#8802,#8910,#8912,.T.);
#8910 = VERTEX_POINT('',#8911);
#8911 = CARTESIAN_POINT('',(0.8,-0.37,0.));
#8912 = LINE('',#8913,#8914);
#8913 = CARTESIAN_POINT('',(0.5,-0.37,0.));
#8914 = VECTOR('',#8915,1.);
#8915 = DIRECTION('',(1.,0.,0.));
#8916 = ORIENTED_EDGE('',*,*,#8917,.F.);
#8917 = EDGE_CURVE('',#8878,#8910,#8918,.T.);
#8918 = CIRCLE('',#8919,3.E-02);
#8919 = AXIS2_PLACEMENT_3D('',#8920,#8921,#8922);
#8920 = CARTESIAN_POINT('',(0.8,-0.37,3.E-02));
#8921 = DIRECTION('',(1.,0.,-0.));
#8922 = DIRECTION('',(0.,0.,1.));
#8923 = ORIENTED_EDGE('',*,*,#8887,.F.);
#8924 = CYLINDRICAL_SURFACE('',#8925,3.E-02);
#8925 = AXIS2_PLACEMENT_3D('',#8926,#8927,#8928);
#8926 = CARTESIAN_POINT('',(0.5,-0.37,3.E-02));
#8927 = DIRECTION('',(1.,0.,0.));
#8928 = DIRECTION('',(0.,-1.,0.));
#8929 = ADVANCED_FACE('',(#8930),#8949,.T.);
#8930 = FACE_BOUND('',#8931,.T.);
#8931 = EDGE_LOOP('',(#8932,#8933,#8942,#8948));
#8932 = ORIENTED_EDGE('',*,*,#8894,.T.);
#8933 = ORIENTED_EDGE('',*,*,#8934,.T.);
#8934 = EDGE_CURVE('',#8880,#8935,#8937,.T.);
#8935 = VERTEX_POINT('',#8936);
#8936 = CARTESIAN_POINT('',(0.8,-0.37,0.8));
#8937 = CIRCLE('',#8938,3.E-02);
#8938 = AXIS2_PLACEMENT_3D('',#8939,#8940,#8941);
#8939 = CARTESIAN_POINT('',(0.8,-0.37,0.77));
#8940 = DIRECTION('',(-1.,0.,0.));
#8941 = DIRECTION('',(0.,0.,1.));
#8942 = ORIENTED_EDGE('',*,*,#8943,.F.);
#8943 = EDGE_CURVE('',#8845,#8935,#8944,.T.);
#8944 = LINE('',#8945,#8946);
#8945 = CARTESIAN_POINT('',(0.5,-0.37,0.8));
#8946 = VECTOR('',#8947,1.);
#8947 = DIRECTION('',(1.,0.,0.));
#8948 = ORIENTED_EDGE('',*,*,#8852,.F.);
#8949 = CYLINDRICAL_SURFACE('',#8950,3.E-02);
#8950 = AXIS2_PLACEMENT_3D('',#8951,#8952,#8953);
#8951 = CARTESIAN_POINT('',(0.5,-0.37,0.77));
#8952 = DIRECTION('',(1.,0.,0.));
#8953 = DIRECTION('',(0.,-1.,0.));
#8954 = ADVANCED_FACE('',(#8955),#8973,.F.);
#8955 = FACE_BOUND('',#8956,.F.);
#8956 = EDGE_LOOP('',(#8957,#8958,#8959,#8967));
#8957 = ORIENTED_EDGE('',*,*,#8810,.F.);
#8958 = ORIENTED_EDGE('',*,*,#8909,.T.);
#8959 = ORIENTED_EDGE('',*,*,#8960,.T.);
#8960 = EDGE_CURVE('',#8910,#8961,#8963,.T.);
#8961 = VERTEX_POINT('',#8962);
#8962 = CARTESIAN_POINT('',(0.8,0.37,0.));
#8963 = LINE('',#8964,#8965);
#8964 = CARTESIAN_POINT('',(0.8,-0.4,0.));
#8965 = VECTOR('',#8966,1.);
#8966 = DIRECTION('',(0.,1.,0.));
#8967 = ORIENTED_EDGE('',*,*,#8968,.F.);
#8968 = EDGE_CURVE('',#8811,#8961,#8969,.T.);
#8969 = LINE('',#8970,#8971);
#8970 = CARTESIAN_POINT('',(0.5,0.37,0.));
#8971 = VECTOR('',#8972,1.);
#8972 = DIRECTION('',(1.,0.,0.));
#8973 = PLANE('',#8974);
#8974 = AXIS2_PLACEMENT_3D('',#8975,#8976,#8977);
#8975 = CARTESIAN_POINT('',(0.5,-0.4,0.));
#8976 = DIRECTION('',(0.,0.,1.));
#8977 = DIRECTION('',(1.,0.,-0.));
#8978 = ADVANCED_FACE('',(#8979),#8997,.T.);
#8979 = FACE_BOUND('',#8980,.T.);
#8980 = EDGE_LOOP('',(#8981,#8982,#8983,#8991));
#8981 = ORIENTED_EDGE('',*,*,#8844,.F.);
#8982 = ORIENTED_EDGE('',*,*,#8943,.T.);
#8983 = ORIENTED_EDGE('',*,*,#8984,.T.);
#8984 = EDGE_CURVE('',#8935,#8985,#8987,.T.);
#8985 = VERTEX_POINT('',#8986);
#8986 = CARTESIAN_POINT('',(0.8,0.37,0.8));
#8987 = LINE('',#8988,#8989);
#8988 = CARTESIAN_POINT('',(0.8,-0.4,0.8));
#8989 = VECTOR('',#8990,1.);
#8990 = DIRECTION('',(0.,1.,0.));
#8991 = ORIENTED_EDGE('',*,*,#8992,.F.);
#8992 = EDGE_CURVE('',#8836,#8985,#8993,.T.);
#8993 = LINE('',#8994,#8995);
#8994 = CARTESIAN_POINT('',(0.5,0.37,0.8));
#8995 = VECTOR('',#8996,1.);
#8996 = DIRECTION('',(1.,0.,0.));
#8997 = PLANE('',#8998);
#8998 = AXIS2_PLACEMENT_3D('',#8999,#9000,#9001);
#8999 = CARTESIAN_POINT('',(0.5,-0.4,0.8));
#9000 = DIRECTION('',(0.,0.,1.));
#9001 = DIRECTION('',(1.,0.,-0.));
#9002 = ADVANCED_FACE('',(#9003),#9022,.T.);
#9003 = FACE_BOUND('',#9004,.T.);
#9004 = EDGE_LOOP('',(#9005,#9013,#9020,#9021));
#9005 = ORIENTED_EDGE('',*,*,#9006,.T.);
#9006 = EDGE_CURVE('',#8819,#9007,#9009,.T.);
#9007 = VERTEX_POINT('',#9008);
#9008 = CARTESIAN_POINT('',(0.8,0.4,3.E-02));
#9009 = LINE('',#9010,#9011);
#9010 = CARTESIAN_POINT('',(0.5,0.4,3.E-02));
#9011 = VECTOR('',#9012,1.);
#9012 = DIRECTION('',(1.,0.,0.));
#9013 = ORIENTED_EDGE('',*,*,#9014,.T.);
#9014 = EDGE_CURVE('',#9007,#8961,#9015,.T.);
#9015 = CIRCLE('',#9016,3.E-02);
#9016 = AXIS2_PLACEMENT_3D('',#9017,#9018,#9019);
#9017 = CARTESIAN_POINT('',(0.8,0.37,3.E-02));
#9018 = DIRECTION('',(-1.,0.,0.));
#9019 = DIRECTION('',(0.,0.,1.));
#9020 = ORIENTED_EDGE('',*,*,#8968,.F.);
#9021 = ORIENTED_EDGE('',*,*,#8818,.F.);
#9022 = CYLINDRICAL_SURFACE('',#9023,3.E-02);
#9023 = AXIS2_PLACEMENT_3D('',#9024,#9025,#9026);
#9024 = CARTESIAN_POINT('',(0.5,0.37,3.E-02));
#9025 = DIRECTION('',(1.,0.,0.));
#9026 = DIRECTION('',(-0.,1.,0.));
#9027 = ADVANCED_FACE('',(#9028),#9047,.T.);
#9028 = FACE_BOUND('',#9029,.T.);
#9029 = EDGE_LOOP('',(#9030,#9031,#9032,#9041));
#9030 = ORIENTED_EDGE('',*,*,#8835,.T.);
#9031 = ORIENTED_EDGE('',*,*,#8992,.T.);
#9032 = ORIENTED_EDGE('',*,*,#9033,.F.);
#9033 = EDGE_CURVE('',#9034,#8985,#9036,.T.);
#9034 = VERTEX_POINT('',#9035);
#9035 = CARTESIAN_POINT('',(0.8,0.4,0.77));
#9036 = CIRCLE('',#9037,3.E-02);
#9037 = AXIS2_PLACEMENT_3D('',#9038,#9039,#9040);
#9038 = CARTESIAN_POINT('',(0.8,0.37,0.77));
#9039 = DIRECTION('',(1.,0.,-0.));
#9040 = DIRECTION('',(0.,0.,1.));
#9041 = ORIENTED_EDGE('',*,*,#9042,.F.);
#9042 = EDGE_CURVE('',#8828,#9034,#9043,.T.);
#9043 = LINE('',#9044,#9045);
#9044 = CARTESIAN_POINT('',(0.5,0.4,0.77));
#9045 = VECTOR('',#9046,1.);
#9046 = DIRECTION('',(1.,0.,0.));
#9047 = CYLINDRICAL_SURFACE('',#9048,3.E-02);
#9048 = AXIS2_PLACEMENT_3D('',#9049,#9050,#9051);
#9049 = CARTESIAN_POINT('',(0.5,0.37,0.77));
#9050 = DIRECTION('',(1.,0.,0.));
#9051 = DIRECTION('',(-0.,1.,0.));
#9052 = ADVANCED_FACE('',(#9053),#9064,.T.);
#9053 = FACE_BOUND('',#9054,.T.);
#9054 = EDGE_LOOP('',(#9055,#9061,#9062,#9063));
#9055 = ORIENTED_EDGE('',*,*,#9056,.F.);
#9056 = EDGE_CURVE('',#9007,#9034,#9057,.T.);
#9057 = LINE('',#9058,#9059);
#9058 = CARTESIAN_POINT('',(0.8,0.4,0.));
#9059 = VECTOR('',#9060,1.);
#9060 = DIRECTION('',(0.,0.,1.));
#9061 = ORIENTED_EDGE('',*,*,#9006,.F.);
#9062 = ORIENTED_EDGE('',*,*,#8827,.T.);
#9063 = ORIENTED_EDGE('',*,*,#9042,.T.);
#9064 = PLANE('',#9065);
#9065 = AXIS2_PLACEMENT_3D('',#9066,#9067,#9068);
#9066 = CARTESIAN_POINT('',(0.5,0.4,0.));
#9067 = DIRECTION('',(0.,1.,0.));
#9068 = DIRECTION('',(0.,-0.,1.));
#9069 = ADVANCED_FACE('',(#9070),#9080,.T.);
#9070 = FACE_BOUND('',#9071,.T.);
#9071 = EDGE_LOOP('',(#9072,#9073,#9074,#9075,#9076,#9077,#9078,#9079));
#9072 = ORIENTED_EDGE('',*,*,#8877,.F.);
#9073 = ORIENTED_EDGE('',*,*,#8917,.T.);
#9074 = ORIENTED_EDGE('',*,*,#8960,.T.);
#9075 = ORIENTED_EDGE('',*,*,#9014,.F.);
#9076 = ORIENTED_EDGE('',*,*,#9056,.T.);
#9077 = ORIENTED_EDGE('',*,*,#9033,.T.);
#9078 = ORIENTED_EDGE('',*,*,#8984,.F.);
#9079 = ORIENTED_EDGE('',*,*,#8934,.F.);
#9080 = PLANE('',#9081);
#9081 = AXIS2_PLACEMENT_3D('',#9082,#9083,#9084);
#9082 = CARTESIAN_POINT('',(0.8,-0.4,0.));
#9083 = DIRECTION('',(1.,0.,0.));
#9084 = DIRECTION('',(0.,0.,1.));
#9085 = ( GEOMETRIC_REPRESENTATION_CONTEXT(3) 
GLOBAL_UNCERTAINTY_ASSIGNED_CONTEXT((#9089)) 
GLOBAL_UNIT_ASSIGNED_CONTEXT((#9086,#9087,#9088)) REPRESENTATION_CONTEXT
('Context #1','3D Context with UNIT and UNCERTAINTY') );
#9086 = ( LENGTH_UNIT() NAMED_UNIT(*) SI_UNIT(.MILLI.,.METRE.) );
#9087 = ( NAMED_UNIT(*) PLANE_ANGLE_UNIT() SI_UNIT($,.RADIAN.) );
#9088 = ( NAMED_UNIT(*) SI_UNIT($,.STERADIAN.) SOLID_ANGLE_UNIT() );
#9089 = UNCERTAINTY_MEASURE_WITH_UNIT(LENGTH_MEASURE(1.E-07),#9086,
  'distance_accuracy_value','confusion accuracy');
#9090 = CONTEXT_DEPENDENT_SHAPE_REPRESENTATION(#9091,#9093);
#9091 = ( REPRESENTATION_RELATIONSHIP('','',#8230,#8207) 
REPRESENTATION_RELATIONSHIP_WITH_TRANSFORMATION(#9092) 
SHAPE_REPRESENTATION_RELATIONSHIP() );
#9092 = ITEM_DEFINED_TRANSFORMATION('','',#11,#8208);
#9093 = PRODUCT_DEFINITION_SHAPE('Placement','Placement of an item',
  #9094);
#9094 = NEXT_ASSEMBLY_USAGE_OCCURRENCE('6','=>[0:1:1:7]','',#8202,#8225,
  $);
#9095 = PRODUCT_RELATED_PRODUCT_CATEGORY('part',$,(#8227));
#9096 = SHAPE_DEFINITION_REPRESENTATION(#9097,#9103);
#9097 = PRODUCT_DEFINITION_SHAPE('','',#9098);
#9098 = PRODUCT_DEFINITION('design','',#9099,#9102);
#9099 = PRODUCT_DEFINITION_FORMATION('','',#9100);
#9100 = PRODUCT('C_0805_2012Metric','C_0805_2012Metric','',(#9101));
#9101 = PRODUCT_CONTEXT('',#2,'mechanical');
#9102 = PRODUCT_DEFINITION_CONTEXT('part definition',#2,'design');
#9103 = SHAPE_REPRESENTATION('',(#11,#9104),#9108);
#9104 = AXIS2_PLACEMENT_3D('',#9105,#9106,#9107);
#9105 = CARTESIAN_POINT('',(0.,0.,0.));
#9106 = DIRECTION('',(0.,0.,1.));
#9107 = DIRECTION('',(1.,0.,-0.));
#9108 = ( GEOMETRIC_REPRESENTATION_CONTEXT(3) 
GLOBAL_UNCERTAINTY_ASSIGNED_CONTEXT((#9112)) 
GLOBAL_UNIT_ASSIGNED_CONTEXT((#9109,#9110,#9111)) REPRESENTATION_CONTEXT
('Context #1','3D Context with UNIT and UNCERTAINTY') );
#9109 = ( LENGTH_UNIT() NAMED_UNIT(*) SI_UNIT(.MILLI.,.METRE.) );
#9110 = ( NAMED_UNIT(*) PLANE_ANGLE_UNIT() SI_UNIT($,.RADIAN.) );
#9111 = ( NAMED_UNIT(*) SI_UNIT($,.STERADIAN.) SOLID_ANGLE_UNIT() );
#9112 = UNCERTAINTY_MEASURE_WITH_UNIT(LENGTH_MEASURE(1.E-07),#9109,
  'distance_accuracy_value','confusion accuracy');
#9113 = CONTEXT_DEPENDENT_SHAPE_REPRESENTATION(#9114,#9116);
#9114 = ( REPRESENTATION_RELATIONSHIP('','',#9103,#10) 
REPRESENTATION_RELATIONSHIP_WITH_TRANSFORMATION(#9115) 
SHAPE_REPRESENTATION_RELATIONSHIP() );
#9115 = ITEM_DEFINED_TRANSFORMATION('','',#11,#31);
#9116 = PRODUCT_DEFINITION_SHAPE('Placement','Placement of an item',
  #9117);
#9117 = NEXT_ASSEMBLY_USAGE_OCCURRENCE('9','C2','',#5,#9098,$);
#9118 = PRODUCT_RELATED_PRODUCT_CATEGORY('part',$,(#9100));
#9119 = SHAPE_DEFINITION_REPRESENTATION(#9120,#9126);
#9120 = PRODUCT_DEFINITION_SHAPE('','',#9121);
#9121 = PRODUCT_DEFINITION('design','',#9122,#9125);
#9122 = PRODUCT_DEFINITION_FORMATION('','',#9123);
#9123 = PRODUCT('C_0805_2012Metric','C_0805_2012Metric','',(#9124));
#9124 = PRODUCT_CONTEXT('',#2,'mechanical');
#9125 = PRODUCT_DEFINITION_CONTEXT('part definition',#2,'design');
#9126 = ADVANCED_BREP_SHAPE_REPRESENTATION('',(#11,#9127),#9981);
#9127 = MANIFOLD_SOLID_BREP('',#9128);
#9128 = CLOSED_SHELL('',(#9129,#9205,#9236,#9261,#9286,#9310,#9334,#9359
    ,#9384,#9401,#9487,#9519,#9543,#9568,#9592,#9617,#9641,#9666,#9683,
    #9769,#9800,#9825,#9850,#9874,#9898,#9923,#9948,#9965));
#9129 = ADVANCED_FACE('',(#9130),#9200,.F.);
#9130 = FACE_BOUND('',#9131,.F.);
#9131 = EDGE_LOOP('',(#9132,#9142,#9151,#9159,#9168,#9176,#9185,#9193));
#9132 = ORIENTED_EDGE('',*,*,#9133,.F.);
#9133 = EDGE_CURVE('',#9134,#9136,#9138,.T.);
#9134 = VERTEX_POINT('',#9135);
#9135 = CARTESIAN_POINT('',(-1.,-0.625,4.E-02));
#9136 = VERTEX_POINT('',#9137);
#9137 = CARTESIAN_POINT('',(-1.,-0.625,1.21));
#9138 = LINE('',#9139,#9140);
#9139 = CARTESIAN_POINT('',(-1.,-0.625,0.));
#9140 = VECTOR('',#9141,1.);
#9141 = DIRECTION('',(0.,0.,1.));
#9142 = ORIENTED_EDGE('',*,*,#9143,.T.);
#9143 = EDGE_CURVE('',#9134,#9144,#9146,.T.);
#9144 = VERTEX_POINT('',#9145);
#9145 = CARTESIAN_POINT('',(-1.,-0.585,0.));
#9146 = CIRCLE('',#9147,4.E-02);
#9147 = AXIS2_PLACEMENT_3D('',#9148,#9149,#9150);
#9148 = CARTESIAN_POINT('',(-1.,-0.585,4.E-02));
#9149 = DIRECTION('',(1.,0.,-0.));
#9150 = DIRECTION('',(0.,0.,1.));
#9151 = ORIENTED_EDGE('',*,*,#9152,.T.);
#9152 = EDGE_CURVE('',#9144,#9153,#9155,.T.);
#9153 = VERTEX_POINT('',#9154);
#9154 = CARTESIAN_POINT('',(-1.,0.585,0.));
#9155 = LINE('',#9156,#9157);
#9156 = CARTESIAN_POINT('',(-1.,-0.625,0.));
#9157 = VECTOR('',#9158,1.);
#9158 = DIRECTION('',(0.,1.,0.));
#9159 = ORIENTED_EDGE('',*,*,#9160,.F.);
#9160 = EDGE_CURVE('',#9161,#9153,#9163,.T.);
#9161 = VERTEX_POINT('',#9162);
#9162 = CARTESIAN_POINT('',(-1.,0.625,4.E-02));
#9163 = CIRCLE('',#9164,4.E-02);
#9164 = AXIS2_PLACEMENT_3D('',#9165,#9166,#9167);
#9165 = CARTESIAN_POINT('',(-1.,0.585,4.E-02));
#9166 = DIRECTION('',(-1.,0.,0.));
#9167 = DIRECTION('',(0.,0.,1.));
#9168 = ORIENTED_EDGE('',*,*,#9169,.T.);
#9169 = EDGE_CURVE('',#9161,#9170,#9172,.T.);
#9170 = VERTEX_POINT('',#9171);
#9171 = CARTESIAN_POINT('',(-1.,0.625,1.21));
#9172 = LINE('',#9173,#9174);
#9173 = CARTESIAN_POINT('',(-1.,0.625,0.));
#9174 = VECTOR('',#9175,1.);
#9175 = DIRECTION('',(0.,0.,1.));
#9176 = ORIENTED_EDGE('',*,*,#9177,.T.);
#9177 = EDGE_CURVE('',#9170,#9178,#9180,.T.);
#9178 = VERTEX_POINT('',#9179);
#9179 = CARTESIAN_POINT('',(-1.,0.585,1.25));
#9180 = CIRCLE('',#9181,4.E-02);
#9181 = AXIS2_PLACEMENT_3D('',#9182,#9183,#9184);
#9182 = CARTESIAN_POINT('',(-1.,0.585,1.21));
#9183 = DIRECTION('',(1.,0.,-0.));
#9184 = DIRECTION('',(0.,0.,1.));
#9185 = ORIENTED_EDGE('',*,*,#9186,.F.);
#9186 = EDGE_CURVE('',#9187,#9178,#9189,.T.);
#9187 = VERTEX_POINT('',#9188);
#9188 = CARTESIAN_POINT('',(-1.,-0.585,1.25));
#9189 = LINE('',#9190,#9191);
#9190 = CARTESIAN_POINT('',(-1.,-0.625,1.25));
#9191 = VECTOR('',#9192,1.);
#9192 = DIRECTION('',(0.,1.,0.));
#9193 = ORIENTED_EDGE('',*,*,#9194,.F.);
#9194 = EDGE_CURVE('',#9136,#9187,#9195,.T.);
#9195 = CIRCLE('',#9196,4.E-02);
#9196 = AXIS2_PLACEMENT_3D('',#9197,#9198,#9199);
#9197 = CARTESIAN_POINT('',(-1.,-0.585,1.21));
#9198 = DIRECTION('',(-1.,0.,0.));
#9199 = DIRECTION('',(0.,0.,1.));
#9200 = PLANE('',#9201);
#9201 = AXIS2_PLACEMENT_3D('',#9202,#9203,#9204);
#9202 = CARTESIAN_POINT('',(-1.,-0.625,0.));
#9203 = DIRECTION('',(1.,0.,0.));
#9204 = DIRECTION('',(0.,0.,1.));
#9205 = ADVANCED_FACE('',(#9206),#9231,.F.);
#9206 = FACE_BOUND('',#9207,.F.);
#9207 = EDGE_LOOP('',(#9208,#9218,#9224,#9225));
#9208 = ORIENTED_EDGE('',*,*,#9209,.F.);
#9209 = EDGE_CURVE('',#9210,#9212,#9214,.T.);
#9210 = VERTEX_POINT('',#9211);
#9211 = CARTESIAN_POINT('',(-0.6,-0.625,4.E-02));
#9212 = VERTEX_POINT('',#9213);
#9213 = CARTESIAN_POINT('',(-0.6,-0.625,1.21));
#9214 = LINE('',#9215,#9216);
#9215 = CARTESIAN_POINT('',(-0.6,-0.625,0.));
#9216 = VECTOR('',#9217,1.);
#9217 = DIRECTION('',(0.,0.,1.));
#9218 = ORIENTED_EDGE('',*,*,#9219,.F.);
#9219 = EDGE_CURVE('',#9134,#9210,#9220,.T.);
#9220 = LINE('',#9221,#9222);
#9221 = CARTESIAN_POINT('',(-1.,-0.625,4.E-02));
#9222 = VECTOR('',#9223,1.);
#9223 = DIRECTION('',(1.,0.,0.));
#9224 = ORIENTED_EDGE('',*,*,#9133,.T.);
#9225 = ORIENTED_EDGE('',*,*,#9226,.T.);
#9226 = EDGE_CURVE('',#9136,#9212,#9227,.T.);
#9227 = LINE('',#9228,#9229);
#9228 = CARTESIAN_POINT('',(-1.,-0.625,1.21));
#9229 = VECTOR('',#9230,1.);
#9230 = DIRECTION('',(1.,0.,0.));
#9231 = PLANE('',#9232);
#9232 = AXIS2_PLACEMENT_3D('',#9233,#9234,#9235);
#9233 = CARTESIAN_POINT('',(-1.,-0.625,0.));
#9234 = DIRECTION('',(0.,1.,0.));
#9235 = DIRECTION('',(0.,-0.,1.));
#9236 = ADVANCED_FACE('',(#9237),#9256,.T.);
#9237 = FACE_BOUND('',#9238,.T.);
#9238 = EDGE_LOOP('',(#9239,#9240,#9248,#9255));
#9239 = ORIENTED_EDGE('',*,*,#9143,.T.);
#9240 = ORIENTED_EDGE('',*,*,#9241,.T.);
#9241 = EDGE_CURVE('',#9144,#9242,#9244,.T.);
#9242 = VERTEX_POINT('',#9243);
#9243 = CARTESIAN_POINT('',(-0.6,-0.585,0.));
#9244 = LINE('',#9245,#9246);
#9245 = CARTESIAN_POINT('',(-1.,-0.585,0.));
#9246 = VECTOR('',#9247,1.);
#9247 = DIRECTION('',(1.,0.,0.));
#9248 = ORIENTED_EDGE('',*,*,#9249,.F.);
#9249 = EDGE_CURVE('',#9210,#9242,#9250,.T.);
#9250 = CIRCLE('',#9251,4.E-02);
#9251 = AXIS2_PLACEMENT_3D('',#9252,#9253,#9254);
#9252 = CARTESIAN_POINT('',(-0.6,-0.585,4.E-02));
#9253 = DIRECTION('',(1.,0.,-0.));
#9254 = DIRECTION('',(0.,0.,1.));
#9255 = ORIENTED_EDGE('',*,*,#9219,.F.);
#9256 = CYLINDRICAL_SURFACE('',#9257,4.E-02);
#9257 = AXIS2_PLACEMENT_3D('',#9258,#9259,#9260);
#9258 = CARTESIAN_POINT('',(-1.,-0.585,4.E-02));
#9259 = DIRECTION('',(1.,0.,0.));
#9260 = DIRECTION('',(0.,-1.,0.));
#9261 = ADVANCED_FACE('',(#9262),#9281,.T.);
#9262 = FACE_BOUND('',#9263,.T.);
#9263 = EDGE_LOOP('',(#9264,#9265,#9274,#9280));
#9264 = ORIENTED_EDGE('',*,*,#9226,.T.);
#9265 = ORIENTED_EDGE('',*,*,#9266,.T.);
#9266 = EDGE_CURVE('',#9212,#9267,#9269,.T.);
#9267 = VERTEX_POINT('',#9268);
#9268 = CARTESIAN_POINT('',(-0.6,-0.585,1.25));
#9269 = CIRCLE('',#9270,4.E-02);
#9270 = AXIS2_PLACEMENT_3D('',#9271,#9272,#9273);
#9271 = CARTESIAN_POINT('',(-0.6,-0.585,1.21));
#9272 = DIRECTION('',(-1.,0.,0.));
#9273 = DIRECTION('',(0.,0.,1.));
#9274 = ORIENTED_EDGE('',*,*,#9275,.F.);
#9275 = EDGE_CURVE('',#9187,#9267,#9276,.T.);
#9276 = LINE('',#9277,#9278);
#9277 = CARTESIAN_POINT('',(-1.,-0.585,1.25));
#9278 = VECTOR('',#9279,1.);
#9279 = DIRECTION('',(1.,0.,0.));
#9280 = ORIENTED_EDGE('',*,*,#9194,.F.);
#9281 = CYLINDRICAL_SURFACE('',#9282,4.E-02);
#9282 = AXIS2_PLACEMENT_3D('',#9283,#9284,#9285);
#9283 = CARTESIAN_POINT('',(-1.,-0.585,1.21));
#9284 = DIRECTION('',(1.,0.,0.));
#9285 = DIRECTION('',(0.,-1.,0.));
#9286 = ADVANCED_FACE('',(#9287),#9305,.F.);
#9287 = FACE_BOUND('',#9288,.F.);
#9288 = EDGE_LOOP('',(#9289,#9290,#9291,#9299));
#9289 = ORIENTED_EDGE('',*,*,#9152,.F.);
#9290 = ORIENTED_EDGE('',*,*,#9241,.T.);
#9291 = ORIENTED_EDGE('',*,*,#9292,.T.);
#9292 = EDGE_CURVE('',#9242,#9293,#9295,.T.);
#9293 = VERTEX_POINT('',#9294);
#9294 = CARTESIAN_POINT('',(-0.6,0.585,0.));
#9295 = LINE('',#9296,#9297);
#9296 = CARTESIAN_POINT('',(-0.6,-0.625,0.));
#9297 = VECTOR('',#9298,1.);
#9298 = DIRECTION('',(0.,1.,0.));
#9299 = ORIENTED_EDGE('',*,*,#9300,.F.);
#9300 = EDGE_CURVE('',#9153,#9293,#9301,.T.);
#9301 = LINE('',#9302,#9303);
#9302 = CARTESIAN_POINT('',(-1.,0.585,0.));
#9303 = VECTOR('',#9304,1.);
#9304 = DIRECTION('',(1.,0.,0.));
#9305 = PLANE('',#9306);
#9306 = AXIS2_PLACEMENT_3D('',#9307,#9308,#9309);
#9307 = CARTESIAN_POINT('',(-1.,-0.625,0.));
#9308 = DIRECTION('',(0.,0.,1.));
#9309 = DIRECTION('',(1.,0.,-0.));
#9310 = ADVANCED_FACE('',(#9311),#9329,.T.);
#9311 = FACE_BOUND('',#9312,.T.);
#9312 = EDGE_LOOP('',(#9313,#9314,#9315,#9323));
#9313 = ORIENTED_EDGE('',*,*,#9186,.F.);
#9314 = ORIENTED_EDGE('',*,*,#9275,.T.);
#9315 = ORIENTED_EDGE('',*,*,#9316,.T.);
#9316 = EDGE_CURVE('',#9267,#9317,#9319,.T.);
#9317 = VERTEX_POINT('',#9318);
#9318 = CARTESIAN_POINT('',(-0.6,0.585,1.25));
#9319 = LINE('',#9320,#9321);
#9320 = CARTESIAN_POINT('',(-0.6,-0.625,1.25));
#9321 = VECTOR('',#9322,1.);
#9322 = DIRECTION('',(0.,1.,0.));
#9323 = ORIENTED_EDGE('',*,*,#9324,.F.);
#9324 = EDGE_CURVE('',#9178,#9317,#9325,.T.);
#9325 = LINE('',#9326,#9327);
#9326 = CARTESIAN_POINT('',(-1.,0.585,1.25));
#9327 = VECTOR('',#9328,1.);
#9328 = DIRECTION('',(1.,0.,0.));
#9329 = PLANE('',#9330);
#9330 = AXIS2_PLACEMENT_3D('',#9331,#9332,#9333);
#9331 = CARTESIAN_POINT('',(-1.,-0.625,1.25));
#9332 = DIRECTION('',(0.,0.,1.));
#9333 = DIRECTION('',(1.,0.,-0.));
#9334 = ADVANCED_FACE('',(#9335),#9354,.T.);
#9335 = FACE_BOUND('',#9336,.T.);
#9336 = EDGE_LOOP('',(#9337,#9345,#9352,#9353));
#9337 = ORIENTED_EDGE('',*,*,#9338,.T.);
#9338 = EDGE_CURVE('',#9161,#9339,#9341,.T.);
#9339 = VERTEX_POINT('',#9340);
#9340 = CARTESIAN_POINT('',(-0.6,0.625,4.E-02));
#9341 = LINE('',#9342,#9343);
#9342 = CARTESIAN_POINT('',(-1.,0.625,4.E-02));
#9343 = VECTOR('',#9344,1.);
#9344 = DIRECTION('',(1.,0.,0.));
#9345 = ORIENTED_EDGE('',*,*,#9346,.T.);
#9346 = EDGE_CURVE('',#9339,#9293,#9347,.T.);
#9347 = CIRCLE('',#9348,4.E-02);
#9348 = AXIS2_PLACEMENT_3D('',#9349,#9350,#9351);
#9349 = CARTESIAN_POINT('',(-0.6,0.585,4.E-02));
#9350 = DIRECTION('',(-1.,0.,0.));
#9351 = DIRECTION('',(0.,0.,1.));
#9352 = ORIENTED_EDGE('',*,*,#9300,.F.);
#9353 = ORIENTED_EDGE('',*,*,#9160,.F.);
#9354 = CYLINDRICAL_SURFACE('',#9355,4.E-02);
#9355 = AXIS2_PLACEMENT_3D('',#9356,#9357,#9358);
#9356 = CARTESIAN_POINT('',(-1.,0.585,4.E-02));
#9357 = DIRECTION('',(1.,0.,0.));
#9358 = DIRECTION('',(-0.,1.,0.));
#9359 = ADVANCED_FACE('',(#9360),#9379,.T.);
#9360 = FACE_BOUND('',#9361,.T.);
#9361 = EDGE_LOOP('',(#9362,#9363,#9364,#9373));
#9362 = ORIENTED_EDGE('',*,*,#9177,.T.);
#9363 = ORIENTED_EDGE('',*,*,#9324,.T.);
#9364 = ORIENTED_EDGE('',*,*,#9365,.F.);
#9365 = EDGE_CURVE('',#9366,#9317,#9368,.T.);
#9366 = VERTEX_POINT('',#9367);
#9367 = CARTESIAN_POINT('',(-0.6,0.625,1.21));
#9368 = CIRCLE('',#9369,4.E-02);
#9369 = AXIS2_PLACEMENT_3D('',#9370,#9371,#9372);
#9370 = CARTESIAN_POINT('',(-0.6,0.585,1.21));
#9371 = DIRECTION('',(1.,0.,-0.));
#9372 = DIRECTION('',(0.,0.,1.));
#9373 = ORIENTED_EDGE('',*,*,#9374,.F.);
#9374 = EDGE_CURVE('',#9170,#9366,#9375,.T.);
#9375 = LINE('',#9376,#9377);
#9376 = CARTESIAN_POINT('',(-1.,0.625,1.21));
#9377 = VECTOR('',#9378,1.);
#9378 = DIRECTION('',(1.,0.,0.));
#9379 = CYLINDRICAL_SURFACE('',#9380,4.E-02);
#9380 = AXIS2_PLACEMENT_3D('',#9381,#9382,#9383);
#9381 = CARTESIAN_POINT('',(-1.,0.585,1.21));
#9382 = DIRECTION('',(1.,0.,0.));
#9383 = DIRECTION('',(-0.,1.,0.));
#9384 = ADVANCED_FACE('',(#9385),#9396,.T.);
#9385 = FACE_BOUND('',#9386,.T.);
#9386 = EDGE_LOOP('',(#9387,#9393,#9394,#9395));
#9387 = ORIENTED_EDGE('',*,*,#9388,.F.);
#9388 = EDGE_CURVE('',#9339,#9366,#9389,.T.);
#9389 = LINE('',#9390,#9391);
#9390 = CARTESIAN_POINT('',(-0.6,0.625,0.));
#9391 = VECTOR('',#9392,1.);
#9392 = DIRECTION('',(0.,0.,1.));
#9393 = ORIENTED_EDGE('',*,*,#9338,.F.);
#9394 = ORIENTED_EDGE('',*,*,#9169,.T.);
#9395 = ORIENTED_EDGE('',*,*,#9374,.T.);
#9396 = PLANE('',#9397);
#9397 = AXIS2_PLACEMENT_3D('',#9398,#9399,#9400);
#9398 = CARTESIAN_POINT('',(-1.,0.625,0.));
#9399 = DIRECTION('',(0.,1.,0.));
#9400 = DIRECTION('',(0.,-0.,1.));
#9401 = ADVANCED_FACE('',(#9402,#9412),#9482,.T.);
#9402 = FACE_BOUND('',#9403,.T.);
#9403 = EDGE_LOOP('',(#9404,#9405,#9406,#9407,#9408,#9409,#9410,#9411));
#9404 = ORIENTED_EDGE('',*,*,#9209,.F.);
#9405 = ORIENTED_EDGE('',*,*,#9249,.T.);
#9406 = ORIENTED_EDGE('',*,*,#9292,.T.);
#9407 = ORIENTED_EDGE('',*,*,#9346,.F.);
#9408 = ORIENTED_EDGE('',*,*,#9388,.T.);
#9409 = ORIENTED_EDGE('',*,*,#9365,.T.);
#9410 = ORIENTED_EDGE('',*,*,#9316,.F.);
#9411 = ORIENTED_EDGE('',*,*,#9266,.F.);
#9412 = FACE_BOUND('',#9413,.T.);
#9413 = EDGE_LOOP('',(#9414,#9425,#9433,#9442,#9450,#9459,#9467,#9476));
#9414 = ORIENTED_EDGE('',*,*,#9415,.F.);
#9415 = EDGE_CURVE('',#9416,#9418,#9420,.T.);
#9416 = VERTEX_POINT('',#9417);
#9417 = CARTESIAN_POINT('',(-0.6,-0.585,8.E-02));
#9418 = VERTEX_POINT('',#9419);
#9419 = CARTESIAN_POINT('',(-0.6,-0.545,4.E-02));
#9420 = CIRCLE('',#9421,4.E-02);
#9421 = AXIS2_PLACEMENT_3D('',#9422,#9423,#9424);
#9422 = CARTESIAN_POINT('',(-0.6,-0.545,8.E-02));
#9423 = DIRECTION('',(1.,0.,-0.));
#9424 = DIRECTION('',(0.,0.,1.));
#9425 = ORIENTED_EDGE('',*,*,#9426,.T.);
#9426 = EDGE_CURVE('',#9416,#9427,#9429,.T.);
#9427 = VERTEX_POINT('',#9428);
#9428 = CARTESIAN_POINT('',(-0.6,-0.585,1.17));
#9429 = LINE('',#9430,#9431);
#9430 = CARTESIAN_POINT('',(-0.6,-0.585,4.E-02));
#9431 = VECTOR('',#9432,1.);
#9432 = DIRECTION('',(0.,0.,1.));
#9433 = ORIENTED_EDGE('',*,*,#9434,.T.);
#9434 = EDGE_CURVE('',#9427,#9435,#9437,.T.);
#9435 = VERTEX_POINT('',#9436);
#9436 = CARTESIAN_POINT('',(-0.6,-0.545,1.21));
#9437 = CIRCLE('',#9438,4.E-02);
#9438 = AXIS2_PLACEMENT_3D('',#9439,#9440,#9441);
#9439 = CARTESIAN_POINT('',(-0.6,-0.545,1.17));
#9440 = DIRECTION('',(-1.,0.,0.));
#9441 = DIRECTION('',(0.,0.,1.));
#9442 = ORIENTED_EDGE('',*,*,#9443,.T.);
#9443 = EDGE_CURVE('',#9435,#9444,#9446,.T.);
#9444 = VERTEX_POINT('',#9445);
#9445 = CARTESIAN_POINT('',(-0.6,0.545,1.21));
#9446 = LINE('',#9447,#9448);
#9447 = CARTESIAN_POINT('',(-0.6,-0.585,1.21));
#9448 = VECTOR('',#9449,1.);
#9449 = DIRECTION('',(0.,1.,0.));
#9450 = ORIENTED_EDGE('',*,*,#9451,.F.);
#9451 = EDGE_CURVE('',#9452,#9444,#9454,.T.);
#9452 = VERTEX_POINT('',#9453);
#9453 = CARTESIAN_POINT('',(-0.6,0.585,1.17));
#9454 = CIRCLE('',#9455,4.E-02);
#9455 = AXIS2_PLACEMENT_3D('',#9456,#9457,#9458);
#9456 = CARTESIAN_POINT('',(-0.6,0.545,1.17));
#9457 = DIRECTION('',(1.,0.,-0.));
#9458 = DIRECTION('',(0.,0.,1.));
#9459 = ORIENTED_EDGE('',*,*,#9460,.F.);
#9460 = EDGE_CURVE('',#9461,#9452,#9463,.T.);
#9461 = VERTEX_POINT('',#9462);
#9462 = CARTESIAN_POINT('',(-0.6,0.585,8.E-02));
#9463 = LINE('',#9464,#9465);
#9464 = CARTESIAN_POINT('',(-0.6,0.585,4.E-02));
#9465 = VECTOR('',#9466,1.);
#9466 = DIRECTION('',(0.,0.,1.));
#9467 = ORIENTED_EDGE('',*,*,#9468,.T.);
#9468 = EDGE_CURVE('',#9461,#9469,#9471,.T.);
#9469 = VERTEX_POINT('',#9470);
#9470 = CARTESIAN_POINT('',(-0.6,0.545,4.E-02));
#9471 = CIRCLE('',#9472,4.E-02);
#9472 = AXIS2_PLACEMENT_3D('',#9473,#9474,#9475);
#9473 = CARTESIAN_POINT('',(-0.6,0.545,8.E-02));
#9474 = DIRECTION('',(-1.,0.,0.));
#9475 = DIRECTION('',(0.,0.,1.));
#9476 = ORIENTED_EDGE('',*,*,#9477,.F.);
#9477 = EDGE_CURVE('',#9418,#9469,#9478,.T.);
#9478 = LINE('',#9479,#9480);
#9479 = CARTESIAN_POINT('',(-0.6,-0.585,4.E-02));
#9480 = VECTOR('',#9481,1.);
#9481 = DIRECTION('',(0.,1.,0.));
#9482 = PLANE('',#9483);
#9483 = AXIS2_PLACEMENT_3D('',#9484,#9485,#9486);
#9484 = CARTESIAN_POINT('',(-0.6,-0.625,0.));
#9485 = DIRECTION('',(1.,0.,0.));
#9486 = DIRECTION('',(0.,0.,1.));
#9487 = ADVANCED_FACE('',(#9488),#9514,.T.);
#9488 = FACE_BOUND('',#9489,.T.);
#9489 = EDGE_LOOP('',(#9490,#9491,#9499,#9508));
#9490 = ORIENTED_EDGE('',*,*,#9415,.T.);
#9491 = ORIENTED_EDGE('',*,*,#9492,.T.);
#9492 = EDGE_CURVE('',#9418,#9493,#9495,.T.);
#9493 = VERTEX_POINT('',#9494);
#9494 = CARTESIAN_POINT('',(0.6,-0.545,4.E-02));
#9495 = LINE('',#9496,#9497);
#9496 = CARTESIAN_POINT('',(-0.6,-0.545,4.E-02));
#9497 = VECTOR('',#9498,1.);
#9498 = DIRECTION('',(1.,0.,0.));
#9499 = ORIENTED_EDGE('',*,*,#9500,.F.);
#9500 = EDGE_CURVE('',#9501,#9493,#9503,.T.);
#9501 = VERTEX_POINT('',#9502);
#9502 = CARTESIAN_POINT('',(0.6,-0.585,8.E-02));
#9503 = CIRCLE('',#9504,4.E-02);
#9504 = AXIS2_PLACEMENT_3D('',#9505,#9506,#9507);
#9505 = CARTESIAN_POINT('',(0.6,-0.545,8.E-02));
#9506 = DIRECTION('',(1.,0.,-0.));
#9507 = DIRECTION('',(0.,0.,1.));
#9508 = ORIENTED_EDGE('',*,*,#9509,.F.);
#9509 = EDGE_CURVE('',#9416,#9501,#9510,.T.);
#9510 = LINE('',#9511,#9512);
#9511 = CARTESIAN_POINT('',(-0.6,-0.585,8.E-02));
#9512 = VECTOR('',#9513,1.);
#9513 = DIRECTION('',(1.,0.,0.));
#9514 = CYLINDRICAL_SURFACE('',#9515,4.E-02);
#9515 = AXIS2_PLACEMENT_3D('',#9516,#9517,#9518);
#9516 = CARTESIAN_POINT('',(-0.6,-0.545,8.E-02));
#9517 = DIRECTION('',(1.,0.,0.));
#9518 = DIRECTION('',(0.,-1.,0.));
#9519 = ADVANCED_FACE('',(#9520),#9538,.F.);
#9520 = FACE_BOUND('',#9521,.F.);
#9521 = EDGE_LOOP('',(#9522,#9523,#9524,#9532));
#9522 = ORIENTED_EDGE('',*,*,#9477,.F.);
#9523 = ORIENTED_EDGE('',*,*,#9492,.T.);
#9524 = ORIENTED_EDGE('',*,*,#9525,.T.);
#9525 = EDGE_CURVE('',#9493,#9526,#9528,.T.);
#9526 = VERTEX_POINT('',#9527);
#9527 = CARTESIAN_POINT('',(0.6,0.545,4.E-02));
#9528 = LINE('',#9529,#9530);
#9529 = CARTESIAN_POINT('',(0.6,-0.585,4.E-02));
#9530 = VECTOR('',#9531,1.);
#9531 = DIRECTION('',(0.,1.,0.));
#9532 = ORIENTED_EDGE('',*,*,#9533,.F.);
#9533 = EDGE_CURVE('',#9469,#9526,#9534,.T.);
#9534 = LINE('',#9535,#9536);
#9535 = CARTESIAN_POINT('',(-0.6,0.545,4.E-02));
#9536 = VECTOR('',#9537,1.);
#9537 = DIRECTION('',(1.,0.,0.));
#9538 = PLANE('',#9539);
#9539 = AXIS2_PLACEMENT_3D('',#9540,#9541,#9542);
#9540 = CARTESIAN_POINT('',(-0.6,-0.585,4.E-02));
#9541 = DIRECTION('',(0.,0.,1.));
#9542 = DIRECTION('',(1.,0.,-0.));
#9543 = ADVANCED_FACE('',(#9544),#9563,.T.);
#9544 = FACE_BOUND('',#9545,.T.);
#9545 = EDGE_LOOP('',(#9546,#9554,#9561,#9562));
#9546 = ORIENTED_EDGE('',*,*,#9547,.T.);
#9547 = EDGE_CURVE('',#9461,#9548,#9550,.T.);
#9548 = VERTEX_POINT('',#9549);
#9549 = CARTESIAN_POINT('',(0.6,0.585,8.E-02));
#9550 = LINE('',#9551,#9552);
#9551 = CARTESIAN_POINT('',(-0.6,0.585,8.E-02));
#9552 = VECTOR('',#9553,1.);
#9553 = DIRECTION('',(1.,0.,0.));
#9554 = ORIENTED_EDGE('',*,*,#9555,.T.);
#9555 = EDGE_CURVE('',#9548,#9526,#9556,.T.);
#9556 = CIRCLE('',#9557,4.E-02);
#9557 = AXIS2_PLACEMENT_3D('',#9558,#9559,#9560);
#9558 = CARTESIAN_POINT('',(0.6,0.545,8.E-02));
#9559 = DIRECTION('',(-1.,0.,0.));
#9560 = DIRECTION('',(0.,0.,1.));
#9561 = ORIENTED_EDGE('',*,*,#9533,.F.);
#9562 = ORIENTED_EDGE('',*,*,#9468,.F.);
#9563 = CYLINDRICAL_SURFACE('',#9564,4.E-02);
#9564 = AXIS2_PLACEMENT_3D('',#9565,#9566,#9567);
#9565 = CARTESIAN_POINT('',(-0.6,0.545,8.E-02));
#9566 = DIRECTION('',(1.,0.,0.));
#9567 = DIRECTION('',(-0.,1.,0.));
#9568 = ADVANCED_FACE('',(#9569),#9587,.T.);
#9569 = FACE_BOUND('',#9570,.T.);
#9570 = EDGE_LOOP('',(#9571,#9579,#9580,#9581));
#9571 = ORIENTED_EDGE('',*,*,#9572,.F.);
#9572 = EDGE_CURVE('',#9548,#9573,#9575,.T.);
#9573 = VERTEX_POINT('',#9574);
#9574 = CARTESIAN_POINT('',(0.6,0.585,1.17));
#9575 = LINE('',#9576,#9577);
#9576 = CARTESIAN_POINT('',(0.6,0.585,4.E-02));
#9577 = VECTOR('',#9578,1.);
#9578 = DIRECTION('',(0.,0.,1.));
#9579 = ORIENTED_EDGE('',*,*,#9547,.F.);
#9580 = ORIENTED_EDGE('',*,*,#9460,.T.);
#9581 = ORIENTED_EDGE('',*,*,#9582,.T.);
#9582 = EDGE_CURVE('',#9452,#9573,#9583,.T.);
#9583 = LINE('',#9584,#9585);
#9584 = CARTESIAN_POINT('',(-0.6,0.585,1.17));
#9585 = VECTOR('',#9586,1.);
#9586 = DIRECTION('',(1.,0.,0.));
#9587 = PLANE('',#9588);
#9588 = AXIS2_PLACEMENT_3D('',#9589,#9590,#9591);
#9589 = CARTESIAN_POINT('',(-0.6,0.585,4.E-02));
#9590 = DIRECTION('',(0.,1.,0.));
#9591 = DIRECTION('',(0.,-0.,1.));
#9592 = ADVANCED_FACE('',(#9593),#9612,.T.);
#9593 = FACE_BOUND('',#9594,.T.);
#9594 = EDGE_LOOP('',(#9595,#9596,#9604,#9611));
#9595 = ORIENTED_EDGE('',*,*,#9451,.T.);
#9596 = ORIENTED_EDGE('',*,*,#9597,.T.);
#9597 = EDGE_CURVE('',#9444,#9598,#9600,.T.);
#9598 = VERTEX_POINT('',#9599);
#9599 = CARTESIAN_POINT('',(0.6,0.545,1.21));
#9600 = LINE('',#9601,#9602);
#9601 = CARTESIAN_POINT('',(-0.6,0.545,1.21));
#9602 = VECTOR('',#9603,1.);
#9603 = DIRECTION('',(1.,0.,0.));
#9604 = ORIENTED_EDGE('',*,*,#9605,.F.);
#9605 = EDGE_CURVE('',#9573,#9598,#9606,.T.);
#9606 = CIRCLE('',#9607,4.E-02);
#9607 = AXIS2_PLACEMENT_3D('',#9608,#9609,#9610);
#9608 = CARTESIAN_POINT('',(0.6,0.545,1.17));
#9609 = DIRECTION('',(1.,0.,-0.));
#9610 = DIRECTION('',(0.,0.,1.));
#9611 = ORIENTED_EDGE('',*,*,#9582,.F.);
#9612 = CYLINDRICAL_SURFACE('',#9613,4.E-02);
#9613 = AXIS2_PLACEMENT_3D('',#9614,#9615,#9616);
#9614 = CARTESIAN_POINT('',(-0.6,0.545,1.17));
#9615 = DIRECTION('',(1.,0.,0.));
#9616 = DIRECTION('',(-0.,1.,0.));
#9617 = ADVANCED_FACE('',(#9618),#9636,.T.);
#9618 = FACE_BOUND('',#9619,.T.);
#9619 = EDGE_LOOP('',(#9620,#9621,#9629,#9635));
#9620 = ORIENTED_EDGE('',*,*,#9443,.F.);
#9621 = ORIENTED_EDGE('',*,*,#9622,.T.);
#9622 = EDGE_CURVE('',#9435,#9623,#9625,.T.);
#9623 = VERTEX_POINT('',#9624);
#9624 = CARTESIAN_POINT('',(0.6,-0.545,1.21));
#9625 = LINE('',#9626,#9627);
#9626 = CARTESIAN_POINT('',(-0.6,-0.545,1.21));
#9627 = VECTOR('',#9628,1.);
#9628 = DIRECTION('',(1.,0.,0.));
#9629 = ORIENTED_EDGE('',*,*,#9630,.T.);
#9630 = EDGE_CURVE('',#9623,#9598,#9631,.T.);
#9631 = LINE('',#9632,#9633);
#9632 = CARTESIAN_POINT('',(0.6,-0.585,1.21));
#9633 = VECTOR('',#9634,1.);
#9634 = DIRECTION('',(0.,1.,0.));
#9635 = ORIENTED_EDGE('',*,*,#9597,.F.);
#9636 = PLANE('',#9637);
#9637 = AXIS2_PLACEMENT_3D('',#9638,#9639,#9640);
#9638 = CARTESIAN_POINT('',(-0.6,-0.585,1.21));
#9639 = DIRECTION('',(0.,0.,1.));
#9640 = DIRECTION('',(1.,0.,-0.));
#9641 = ADVANCED_FACE('',(#9642),#9661,.T.);
#9642 = FACE_BOUND('',#9643,.T.);
#9643 = EDGE_LOOP('',(#9644,#9652,#9659,#9660));
#9644 = ORIENTED_EDGE('',*,*,#9645,.T.);
#9645 = EDGE_CURVE('',#9427,#9646,#9648,.T.);
#9646 = VERTEX_POINT('',#9647);
#9647 = CARTESIAN_POINT('',(0.6,-0.585,1.17));
#9648 = LINE('',#9649,#9650);
#9649 = CARTESIAN_POINT('',(-0.6,-0.585,1.17));
#9650 = VECTOR('',#9651,1.);
#9651 = DIRECTION('',(1.,0.,0.));
#9652 = ORIENTED_EDGE('',*,*,#9653,.T.);
#9653 = EDGE_CURVE('',#9646,#9623,#9654,.T.);
#9654 = CIRCLE('',#9655,4.E-02);
#9655 = AXIS2_PLACEMENT_3D('',#9656,#9657,#9658);
#9656 = CARTESIAN_POINT('',(0.6,-0.545,1.17));
#9657 = DIRECTION('',(-1.,0.,0.));
#9658 = DIRECTION('',(0.,0.,1.));
#9659 = ORIENTED_EDGE('',*,*,#9622,.F.);
#9660 = ORIENTED_EDGE('',*,*,#9434,.F.);
#9661 = CYLINDRICAL_SURFACE('',#9662,4.E-02);
#9662 = AXIS2_PLACEMENT_3D('',#9663,#9664,#9665);
#9663 = CARTESIAN_POINT('',(-0.6,-0.545,1.17));
#9664 = DIRECTION('',(1.,0.,0.));
#9665 = DIRECTION('',(0.,-1.,0.));
#9666 = ADVANCED_FACE('',(#9667),#9678,.F.);
#9667 = FACE_BOUND('',#9668,.F.);
#9668 = EDGE_LOOP('',(#9669,#9675,#9676,#9677));
#9669 = ORIENTED_EDGE('',*,*,#9670,.F.);
#9670 = EDGE_CURVE('',#9501,#9646,#9671,.T.);
#9671 = LINE('',#9672,#9673);
#9672 = CARTESIAN_POINT('',(0.6,-0.585,4.E-02));
#9673 = VECTOR('',#9674,1.);
#9674 = DIRECTION('',(0.,0.,1.));
#9675 = ORIENTED_EDGE('',*,*,#9509,.F.);
#9676 = ORIENTED_EDGE('',*,*,#9426,.T.);
#9677 = ORIENTED_EDGE('',*,*,#9645,.T.);
#9678 = PLANE('',#9679);
#9679 = AXIS2_PLACEMENT_3D('',#9680,#9681,#9682);
#9680 = CARTESIAN_POINT('',(-0.6,-0.585,4.E-02));
#9681 = DIRECTION('',(0.,1.,0.));
#9682 = DIRECTION('',(0.,-0.,1.));
#9683 = ADVANCED_FACE('',(#9684,#9754),#9764,.F.);
#9684 = FACE_BOUND('',#9685,.F.);
#9685 = EDGE_LOOP('',(#9686,#9696,#9705,#9713,#9722,#9730,#9739,#9747));
#9686 = ORIENTED_EDGE('',*,*,#9687,.F.);
#9687 = EDGE_CURVE('',#9688,#9690,#9692,.T.);
#9688 = VERTEX_POINT('',#9689);
#9689 = CARTESIAN_POINT('',(0.6,-0.625,4.E-02));
#9690 = VERTEX_POINT('',#9691);
#9691 = CARTESIAN_POINT('',(0.6,-0.625,1.21));
#9692 = LINE('',#9693,#9694);
#9693 = CARTESIAN_POINT('',(0.6,-0.625,0.));
#9694 = VECTOR('',#9695,1.);
#9695 = DIRECTION('',(0.,0.,1.));
#9696 = ORIENTED_EDGE('',*,*,#9697,.T.);
#9697 = EDGE_CURVE('',#9688,#9698,#9700,.T.);
#9698 = VERTEX_POINT('',#9699);
#9699 = CARTESIAN_POINT('',(0.6,-0.585,0.));
#9700 = CIRCLE('',#9701,4.E-02);
#9701 = AXIS2_PLACEMENT_3D('',#9702,#9703,#9704);
#9702 = CARTESIAN_POINT('',(0.6,-0.585,4.E-02));
#9703 = DIRECTION('',(1.,0.,-0.));
#9704 = DIRECTION('',(0.,0.,1.));
#9705 = ORIENTED_EDGE('',*,*,#9706,.T.);
#9706 = EDGE_CURVE('',#9698,#9707,#9709,.T.);
#9707 = VERTEX_POINT('',#9708);
#9708 = CARTESIAN_POINT('',(0.6,0.585,0.));
#9709 = LINE('',#9710,#9711);
#9710 = CARTESIAN_POINT('',(0.6,-0.625,0.));
#9711 = VECTOR('',#9712,1.);
#9712 = DIRECTION('',(0.,1.,0.));
#9713 = ORIENTED_EDGE('',*,*,#9714,.F.);
#9714 = EDGE_CURVE('',#9715,#9707,#9717,.T.);
#9715 = VERTEX_POINT('',#9716);
#9716 = CARTESIAN_POINT('',(0.6,0.625,4.E-02));
#9717 = CIRCLE('',#9718,4.E-02);
#9718 = AXIS2_PLACEMENT_3D('',#9719,#9720,#9721);
#9719 = CARTESIAN_POINT('',(0.6,0.585,4.E-02));
#9720 = DIRECTION('',(-1.,0.,0.));
#9721 = DIRECTION('',(0.,0.,1.));
#9722 = ORIENTED_EDGE('',*,*,#9723,.T.);
#9723 = EDGE_CURVE('',#9715,#9724,#9726,.T.);
#9724 = VERTEX_POINT('',#9725);
#9725 = CARTESIAN_POINT('',(0.6,0.625,1.21));
#9726 = LINE('',#9727,#9728);
#9727 = CARTESIAN_POINT('',(0.6,0.625,0.));
#9728 = VECTOR('',#9729,1.);
#9729 = DIRECTION('',(0.,0.,1.));
#9730 = ORIENTED_EDGE('',*,*,#9731,.T.);
#9731 = EDGE_CURVE('',#9724,#9732,#9734,.T.);
#9732 = VERTEX_POINT('',#9733);
#9733 = CARTESIAN_POINT('',(0.6,0.585,1.25));
#9734 = CIRCLE('',#9735,4.E-02);
#9735 = AXIS2_PLACEMENT_3D('',#9736,#9737,#9738);
#9736 = CARTESIAN_POINT('',(0.6,0.585,1.21));
#9737 = DIRECTION('',(1.,0.,-0.));
#9738 = DIRECTION('',(0.,0.,1.));
#9739 = ORIENTED_EDGE('',*,*,#9740,.F.);
#9740 = EDGE_CURVE('',#9741,#9732,#9743,.T.);
#9741 = VERTEX_POINT('',#9742);
#9742 = CARTESIAN_POINT('',(0.6,-0.585,1.25));
#9743 = LINE('',#9744,#9745);
#9744 = CARTESIAN_POINT('',(0.6,-0.625,1.25));
#9745 = VECTOR('',#9746,1.);
#9746 = DIRECTION('',(0.,1.,0.));
#9747 = ORIENTED_EDGE('',*,*,#9748,.F.);
#9748 = EDGE_CURVE('',#9690,#9741,#9749,.T.);
#9749 = CIRCLE('',#9750,4.E-02);
#9750 = AXIS2_PLACEMENT_3D('',#9751,#9752,#9753);
#9751 = CARTESIAN_POINT('',(0.6,-0.585,1.21));
#9752 = DIRECTION('',(-1.,0.,0.));
#9753 = DIRECTION('',(0.,0.,1.));
#9754 = FACE_BOUND('',#9755,.F.);
#9755 = EDGE_LOOP('',(#9756,#9757,#9758,#9759,#9760,#9761,#9762,#9763));
#9756 = ORIENTED_EDGE('',*,*,#9500,.F.);
#9757 = ORIENTED_EDGE('',*,*,#9670,.T.);
#9758 = ORIENTED_EDGE('',*,*,#9653,.T.);
#9759 = ORIENTED_EDGE('',*,*,#9630,.T.);
#9760 = ORIENTED_EDGE('',*,*,#9605,.F.);
#9761 = ORIENTED_EDGE('',*,*,#9572,.F.);
#9762 = ORIENTED_EDGE('',*,*,#9555,.T.);
#9763 = ORIENTED_EDGE('',*,*,#9525,.F.);
#9764 = PLANE('',#9765);
#9765 = AXIS2_PLACEMENT_3D('',#9766,#9767,#9768);
#9766 = CARTESIAN_POINT('',(0.6,-0.625,0.));
#9767 = DIRECTION('',(1.,0.,0.));
#9768 = DIRECTION('',(0.,0.,1.));
#9769 = ADVANCED_FACE('',(#9770),#9795,.F.);
#9770 = FACE_BOUND('',#9771,.F.);
#9771 = EDGE_LOOP('',(#9772,#9782,#9788,#9789));
#9772 = ORIENTED_EDGE('',*,*,#9773,.F.);
#9773 = EDGE_CURVE('',#9774,#9776,#9778,.T.);
#9774 = VERTEX_POINT('',#9775);
#9775 = CARTESIAN_POINT('',(1.,-0.625,4.E-02));
#9776 = VERTEX_POINT('',#9777);
#9777 = CARTESIAN_POINT('',(1.,-0.625,1.21));
#9778 = LINE('',#9779,#9780);
#9779 = CARTESIAN_POINT('',(1.,-0.625,0.));
#9780 = VECTOR('',#9781,1.);
#9781 = DIRECTION('',(0.,0.,1.));
#9782 = ORIENTED_EDGE('',*,*,#9783,.F.);
#9783 = EDGE_CURVE('',#9688,#9774,#9784,.T.);
#9784 = LINE('',#9785,#9786);
#9785 = CARTESIAN_POINT('',(0.6,-0.625,4.E-02));
#9786 = VECTOR('',#9787,1.);
#9787 = DIRECTION('',(1.,0.,0.));
#9788 = ORIENTED_EDGE('',*,*,#9687,.T.);
#9789 = ORIENTED_EDGE('',*,*,#9790,.T.);
#9790 = EDGE_CURVE('',#9690,#9776,#9791,.T.);
#9791 = LINE('',#9792,#9793);
#9792 = CARTESIAN_POINT('',(0.6,-0.625,1.21));
#9793 = VECTOR('',#9794,1.);
#9794 = DIRECTION('',(1.,0.,0.));
#9795 = PLANE('',#9796);
#9796 = AXIS2_PLACEMENT_3D('',#9797,#9798,#9799);
#9797 = CARTESIAN_POINT('',(0.6,-0.625,0.));
#9798 = DIRECTION('',(0.,1.,0.));
#9799 = DIRECTION('',(0.,-0.,1.));
#9800 = ADVANCED_FACE('',(#9801),#9820,.T.);
#9801 = FACE_BOUND('',#9802,.T.);
#9802 = EDGE_LOOP('',(#9803,#9804,#9812,#9819));
#9803 = ORIENTED_EDGE('',*,*,#9697,.T.);
#9804 = ORIENTED_EDGE('',*,*,#9805,.T.);
#9805 = EDGE_CURVE('',#9698,#9806,#9808,.T.);
#9806 = VERTEX_POINT('',#9807);
#9807 = CARTESIAN_POINT('',(1.,-0.585,0.));
#9808 = LINE('',#9809,#9810);
#9809 = CARTESIAN_POINT('',(0.6,-0.585,0.));
#9810 = VECTOR('',#9811,1.);
#9811 = DIRECTION('',(1.,0.,0.));
#9812 = ORIENTED_EDGE('',*,*,#9813,.F.);
#9813 = EDGE_CURVE('',#9774,#9806,#9814,.T.);
#9814 = CIRCLE('',#9815,4.E-02);
#9815 = AXIS2_PLACEMENT_3D('',#9816,#9817,#9818);
#9816 = CARTESIAN_POINT('',(1.,-0.585,4.E-02));
#9817 = DIRECTION('',(1.,0.,-0.));
#9818 = DIRECTION('',(0.,0.,1.));
#9819 = ORIENTED_EDGE('',*,*,#9783,.F.);
#9820 = CYLINDRICAL_SURFACE('',#9821,4.E-02);
#9821 = AXIS2_PLACEMENT_3D('',#9822,#9823,#9824);
#9822 = CARTESIAN_POINT('',(0.6,-0.585,4.E-02));
#9823 = DIRECTION('',(1.,0.,0.));
#9824 = DIRECTION('',(0.,-1.,0.));
#9825 = ADVANCED_FACE('',(#9826),#9845,.T.);
#9826 = FACE_BOUND('',#9827,.T.);
#9827 = EDGE_LOOP('',(#9828,#9829,#9838,#9844));
#9828 = ORIENTED_EDGE('',*,*,#9790,.T.);
#9829 = ORIENTED_EDGE('',*,*,#9830,.T.);
#9830 = EDGE_CURVE('',#9776,#9831,#9833,.T.);
#9831 = VERTEX_POINT('',#9832);
#9832 = CARTESIAN_POINT('',(1.,-0.585,1.25));
#9833 = CIRCLE('',#9834,4.E-02);
#9834 = AXIS2_PLACEMENT_3D('',#9835,#9836,#9837);
#9835 = CARTESIAN_POINT('',(1.,-0.585,1.21));
#9836 = DIRECTION('',(-1.,0.,0.));
#9837 = DIRECTION('',(0.,0.,1.));
#9838 = ORIENTED_EDGE('',*,*,#9839,.F.);
#9839 = EDGE_CURVE('',#9741,#9831,#9840,.T.);
#9840 = LINE('',#9841,#9842);
#9841 = CARTESIAN_POINT('',(0.6,-0.585,1.25));
#9842 = VECTOR('',#9843,1.);
#9843 = DIRECTION('',(1.,0.,0.));
#9844 = ORIENTED_EDGE('',*,*,#9748,.F.);
#9845 = CYLINDRICAL_SURFACE('',#9846,4.E-02);
#9846 = AXIS2_PLACEMENT_3D('',#9847,#9848,#9849);
#9847 = CARTESIAN_POINT('',(0.6,-0.585,1.21));
#9848 = DIRECTION('',(1.,0.,0.));
#9849 = DIRECTION('',(0.,-1.,0.));
#9850 = ADVANCED_FACE('',(#9851),#9869,.F.);
#9851 = FACE_BOUND('',#9852,.F.);
#9852 = EDGE_LOOP('',(#9853,#9854,#9855,#9863));
#9853 = ORIENTED_EDGE('',*,*,#9706,.F.);
#9854 = ORIENTED_EDGE('',*,*,#9805,.T.);
#9855 = ORIENTED_EDGE('',*,*,#9856,.T.);
#9856 = EDGE_CURVE('',#9806,#9857,#9859,.T.);
#9857 = VERTEX_POINT('',#9858);
#9858 = CARTESIAN_POINT('',(1.,0.585,0.));
#9859 = LINE('',#9860,#9861);
#9860 = CARTESIAN_POINT('',(1.,-0.625,0.));
#9861 = VECTOR('',#9862,1.);
#9862 = DIRECTION('',(0.,1.,0.));
#9863 = ORIENTED_EDGE('',*,*,#9864,.F.);
#9864 = EDGE_CURVE('',#9707,#9857,#9865,.T.);
#9865 = LINE('',#9866,#9867);
#9866 = CARTESIAN_POINT('',(0.6,0.585,0.));
#9867 = VECTOR('',#9868,1.);
#9868 = DIRECTION('',(1.,0.,0.));
#9869 = PLANE('',#9870);
#9870 = AXIS2_PLACEMENT_3D('',#9871,#9872,#9873);
#9871 = CARTESIAN_POINT('',(0.6,-0.625,0.));
#9872 = DIRECTION('',(0.,0.,1.));
#9873 = DIRECTION('',(1.,0.,-0.));
#9874 = ADVANCED_FACE('',(#9875),#9893,.T.);
#9875 = FACE_BOUND('',#9876,.T.);
#9876 = EDGE_LOOP('',(#9877,#9878,#9879,#9887));
#9877 = ORIENTED_EDGE('',*,*,#9740,.F.);
#9878 = ORIENTED_EDGE('',*,*,#9839,.T.);
#9879 = ORIENTED_EDGE('',*,*,#9880,.T.);
#9880 = EDGE_CURVE('',#9831,#9881,#9883,.T.);
#9881 = VERTEX_POINT('',#9882);
#9882 = CARTESIAN_POINT('',(1.,0.585,1.25));
#9883 = LINE('',#9884,#9885);
#9884 = CARTESIAN_POINT('',(1.,-0.625,1.25));
#9885 = VECTOR('',#9886,1.);
#9886 = DIRECTION('',(0.,1.,0.));
#9887 = ORIENTED_EDGE('',*,*,#9888,.F.);
#9888 = EDGE_CURVE('',#9732,#9881,#9889,.T.);
#9889 = LINE('',#9890,#9891);
#9890 = CARTESIAN_POINT('',(0.6,0.585,1.25));
#9891 = VECTOR('',#9892,1.);
#9892 = DIRECTION('',(1.,0.,0.));
#9893 = PLANE('',#9894);
#9894 = AXIS2_PLACEMENT_3D('',#9895,#9896,#9897);
#9895 = CARTESIAN_POINT('',(0.6,-0.625,1.25));
#9896 = DIRECTION('',(0.,0.,1.));
#9897 = DIRECTION('',(1.,0.,-0.));
#9898 = ADVANCED_FACE('',(#9899),#9918,.T.);
#9899 = FACE_BOUND('',#9900,.T.);
#9900 = EDGE_LOOP('',(#9901,#9909,#9916,#9917));
#9901 = ORIENTED_EDGE('',*,*,#9902,.T.);
#9902 = EDGE_CURVE('',#9715,#9903,#9905,.T.);
#9903 = VERTEX_POINT('',#9904);
#9904 = CARTESIAN_POINT('',(1.,0.625,4.E-02));
#9905 = LINE('',#9906,#9907);
#9906 = CARTESIAN_POINT('',(0.6,0.625,4.E-02));
#9907 = VECTOR('',#9908,1.);
#9908 = DIRECTION('',(1.,0.,0.));
#9909 = ORIENTED_EDGE('',*,*,#9910,.T.);
#9910 = EDGE_CURVE('',#9903,#9857,#9911,.T.);
#9911 = CIRCLE('',#9912,4.E-02);
#9912 = AXIS2_PLACEMENT_3D('',#9913,#9914,#9915);
#9913 = CARTESIAN_POINT('',(1.,0.585,4.E-02));
#9914 = DIRECTION('',(-1.,0.,0.));
#9915 = DIRECTION('',(0.,0.,1.));
#9916 = ORIENTED_EDGE('',*,*,#9864,.F.);
#9917 = ORIENTED_EDGE('',*,*,#9714,.F.);
#9918 = CYLINDRICAL_SURFACE('',#9919,4.E-02);
#9919 = AXIS2_PLACEMENT_3D('',#9920,#9921,#9922);
#9920 = CARTESIAN_POINT('',(0.6,0.585,4.E-02));
#9921 = DIRECTION('',(1.,0.,0.));
#9922 = DIRECTION('',(-0.,1.,0.));
#9923 = ADVANCED_FACE('',(#9924),#9943,.T.);
#9924 = FACE_BOUND('',#9925,.T.);
#9925 = EDGE_LOOP('',(#9926,#9927,#9928,#9937));
#9926 = ORIENTED_EDGE('',*,*,#9731,.T.);
#9927 = ORIENTED_EDGE('',*,*,#9888,.T.);
#9928 = ORIENTED_EDGE('',*,*,#9929,.F.);
#9929 = EDGE_CURVE('',#9930,#9881,#9932,.T.);
#9930 = VERTEX_POINT('',#9931);
#9931 = CARTESIAN_POINT('',(1.,0.625,1.21));
#9932 = CIRCLE('',#9933,4.E-02);
#9933 = AXIS2_PLACEMENT_3D('',#9934,#9935,#9936);
#9934 = CARTESIAN_POINT('',(1.,0.585,1.21));
#9935 = DIRECTION('',(1.,0.,-0.));
#9936 = DIRECTION('',(0.,0.,1.));
#9937 = ORIENTED_EDGE('',*,*,#9938,.F.);
#9938 = EDGE_CURVE('',#9724,#9930,#9939,.T.);
#9939 = LINE('',#9940,#9941);
#9940 = CARTESIAN_POINT('',(0.6,0.625,1.21));
#9941 = VECTOR('',#9942,1.);
#9942 = DIRECTION('',(1.,0.,0.));
#9943 = CYLINDRICAL_SURFACE('',#9944,4.E-02);
#9944 = AXIS2_PLACEMENT_3D('',#9945,#9946,#9947);
#9945 = CARTESIAN_POINT('',(0.6,0.585,1.21));
#9946 = DIRECTION('',(1.,0.,0.));
#9947 = DIRECTION('',(-0.,1.,0.));
#9948 = ADVANCED_FACE('',(#9949),#9960,.T.);
#9949 = FACE_BOUND('',#9950,.T.);
#9950 = EDGE_LOOP('',(#9951,#9957,#9958,#9959));
#9951 = ORIENTED_EDGE('',*,*,#9952,.F.);
#9952 = EDGE_CURVE('',#9903,#9930,#9953,.T.);
#9953 = LINE('',#9954,#9955);
#9954 = CARTESIAN_POINT('',(1.,0.625,0.));
#9955 = VECTOR('',#9956,1.);
#9956 = DIRECTION('',(0.,0.,1.));
#9957 = ORIENTED_EDGE('',*,*,#9902,.F.);
#9958 = ORIENTED_EDGE('',*,*,#9723,.T.);
#9959 = ORIENTED_EDGE('',*,*,#9938,.T.);
#9960 = PLANE('',#9961);
#9961 = AXIS2_PLACEMENT_3D('',#9962,#9963,#9964);
#9962 = CARTESIAN_POINT('',(0.6,0.625,0.));
#9963 = DIRECTION('',(0.,1.,0.));
#9964 = DIRECTION('',(0.,-0.,1.));
#9965 = ADVANCED_FACE('',(#9966),#9976,.T.);
#9966 = FACE_BOUND('',#9967,.T.);
#9967 = EDGE_LOOP('',(#9968,#9969,#9970,#9971,#9972,#9973,#9974,#9975));
#9968 = ORIENTED_EDGE('',*,*,#9773,.F.);
#9969 = ORIENTED_EDGE('',*,*,#9813,.T.);
#9970 = ORIENTED_EDGE('',*,*,#9856,.T.);
#9971 = ORIENTED_EDGE('',*,*,#9910,.F.);
#9972 = ORIENTED_EDGE('',*,*,#9952,.T.);
#9973 = ORIENTED_EDGE('',*,*,#9929,.T.);
#9974 = ORIENTED_EDGE('',*,*,#9880,.F.);
#9975 = ORIENTED_EDGE('',*,*,#9830,.F.);
#9976 = PLANE('',#9977);
#9977 = AXIS2_PLACEMENT_3D('',#9978,#9979,#9980);
#9978 = CARTESIAN_POINT('',(1.,-0.625,0.));
#9979 = DIRECTION('',(1.,0.,0.));
#9980 = DIRECTION('',(0.,0.,1.));
#9981 = ( GEOMETRIC_REPRESENTATION_CONTEXT(3) 
GLOBAL_UNCERTAINTY_ASSIGNED_CONTEXT((#9985)) 
GLOBAL_UNIT_ASSIGNED_CONTEXT((#9982,#9983,#9984)) REPRESENTATION_CONTEXT
('Context #1','3D Context with UNIT and UNCERTAINTY') );
#9982 = ( LENGTH_UNIT() NAMED_UNIT(*) SI_UNIT(.MILLI.,.METRE.) );
#9983 = ( NAMED_UNIT(*) PLANE_ANGLE_UNIT() SI_UNIT($,.RADIAN.) );
#9984 = ( NAMED_UNIT(*) SI_UNIT($,.STERADIAN.) SOLID_ANGLE_UNIT() );
#9985 = UNCERTAINTY_MEASURE_WITH_UNIT(LENGTH_MEASURE(1.E-07),#9982,
  'distance_accuracy_value','confusion accuracy');
#9986 = CONTEXT_DEPENDENT_SHAPE_REPRESENTATION(#9987,#9989);
#9987 = ( REPRESENTATION_RELATIONSHIP('','',#9126,#9103) 
REPRESENTATION_RELATIONSHIP_WITH_TRANSFORMATION(#9988) 
SHAPE_REPRESENTATION_RELATIONSHIP() );
#9988 = ITEM_DEFINED_TRANSFORMATION('','',#11,#9104);
#9989 = PRODUCT_DEFINITION_SHAPE('Placement','Placement of an item',
  #9990);
#9990 = NEXT_ASSEMBLY_USAGE_OCCURRENCE('8','=>[0:1:1:9]','',#9098,#9121,
  $);
#9991 = PRODUCT_RELATED_PRODUCT_CATEGORY('part',$,(#9123));
#9992 = SHAPE_DEFINITION_REPRESENTATION(#9993,#9999);
#9993 = PRODUCT_DEFINITION_SHAPE('','',#9994);
#9994 = PRODUCT_DEFINITION('design','',#9995,#9998);
#9995 = PRODUCT_DEFINITION_FORMATION('','',#9996);
#9996 = PRODUCT('JST_SH_BM06B-SRSS-TB_1x06-1MP_P1.00mm_Vertical',
  'JST_SH_BM06B-SRSS-TB_1x06-1MP_P1.00mm_Vertical','',(#9997));
#9997 = PRODUCT_CONTEXT('',#2,'mechanical');
#9998 = PRODUCT_DEFINITION_CONTEXT('part definition',#2,'design');
#9999 = SHAPE_REPRESENTATION('',(#11,#10000),#10004);
#10000 = AXIS2_PLACEMENT_3D('',#10001,#10002,#10003);
#10001 = CARTESIAN_POINT('',(0.,0.,0.));
#10002 = DIRECTION('',(0.,0.,1.));
#10003 = DIRECTION('',(1.,0.,-0.));
#10004 = ( GEOMETRIC_REPRESENTATION_CONTEXT(3) 
GLOBAL_UNCERTAINTY_ASSIGNED_CONTEXT((#10008)) 
GLOBAL_UNIT_ASSIGNED_CONTEXT((#10005,#10006,#10007)) 
REPRESENTATION_CONTEXT('Context #1',
  '3D Context with UNIT and UNCERTAINTY') );
#10005 = ( LENGTH_UNIT() NAMED_UNIT(*) SI_UNIT(.MILLI.,.METRE.) );
#10006 = ( NAMED_UNIT(*) PLANE_ANGLE_UNIT() SI_UNIT($,.RADIAN.) );
#10007 = ( NAMED_UNIT(*) SI_UNIT($,.STERADIAN.) SOLID_ANGLE_UNIT() );
#10008 = UNCERTAINTY_MEASURE_WITH_UNIT(LENGTH_MEASURE(1.E-07),#10005,
  'distance_accuracy_value','confusion accuracy');
#10009 = CONTEXT_DEPENDENT_SHAPE_REPRESENTATION(#10010,#10012);
#10010 = ( REPRESENTATION_RELATIONSHIP('','',#9999,#10) 
REPRESENTATION_RELATIONSHIP_WITH_TRANSFORMATION(#10011) 
SHAPE_REPRESENTATION_RELATIONSHIP() );
#10011 = ITEM_DEFINED_TRANSFORMATION('','',#11,#35);
#10012 = PRODUCT_DEFINITION_SHAPE('Placement','Placement of an item',
  #10013);
#10013 = NEXT_ASSEMBLY_USAGE_OCCURRENCE('11','J1','',#5,#9994,$);
#10014 = PRODUCT_RELATED_PRODUCT_CATEGORY('part',$,(#9996));
#10015 = SHAPE_DEFINITION_REPRESENTATION(#10016,#10022);
#10016 = PRODUCT_DEFINITION_SHAPE('','',#10017);
#10017 = PRODUCT_DEFINITION('design','',#10018,#10021);
#10018 = PRODUCT_DEFINITION_FORMATION('','',#10019);
#10019 = PRODUCT('JST_SH_BM06B-SRSS-TB_1x06-1MP_P1.00mm_Vertical',
  'JST_SH_BM06B-SRSS-TB_1x06-1MP_P1.00mm_Vertical','',(#10020));
#10020 = PRODUCT_CONTEXT('',#2,'mechanical');
#10021 = PRODUCT_DEFINITION_CONTEXT('part definition',#2,'design');
#10022 = ADVANCED_BREP_SHAPE_REPRESENTATION('',(#11,#10023),#13603);
#10023 = MANIFOLD_SOLID_BREP('',#10024);
#10024 = CLOSED_SHELL('',(#10025,#10129,#10384,#10408,#10432,#10456,
    #10480,#10625,#10697,#10729,#10753,#10777,#10801,#10995,#11067,
    #11091,#11124,#11138,#11178,#11202,#11235,#11275,#11299,#11332,
    #11372,#11396,#11429,#11469,#11493,#11526,#11566,#11590,#11623,
    #11663,#11687,#11720,#11737,#11791,#11815,#11839,#11856,#11880,
    #11927,#11951,#11975,#11992,#12009,#12032,#12071,#12096,#12112,
    #12151,#12168,#12195,#12219,#12236,#12260,#12284,#12308,#12325,
    #12342,#12359,#12376,#12393,#12410,#12427,#12439,#12463,#12480,
    #12497,#12509,#12526,#12538,#12555,#12567,#12584,#12596,#12613,
    #12625,#12642,#12654,#12666,#12882,#12894,#12911,#12928,#12943,
    #12955,#12986,#13010,#13034,#13051,#13082,#13106,#13130,#13147,
    #13178,#13202,#13226,#13243,#13274,#13298,#13322,#13339,#13370,
    #13394,#13418,#13435,#13466,#13490,#13514,#13531,#13543,#13555,
    #13567,#13579,#13591));
#10025 = ADVANCED_FACE('',(#10026),#10124,.F.);
#10026 = FACE_BOUND('',#10027,.F.);
#10027 = EDGE_LOOP('',(#10028,#10038,#10046,#10054,#10062,#10070,#10078,
    #10086,#10094,#10102,#10110,#10118));
#10028 = ORIENTED_EDGE('',*,*,#10029,.F.);
#10029 = EDGE_CURVE('',#10030,#10032,#10034,.T.);
#10030 = VERTEX_POINT('',#10031);
#10031 = CARTESIAN_POINT('',(-4.,-1.1,7.E-02));
#10032 = VERTEX_POINT('',#10033);
#10033 = CARTESIAN_POINT('',(-4.,-1.1,2.82));
#10034 = LINE('',#10035,#10036);
#10035 = CARTESIAN_POINT('',(-4.,-1.1,7.E-02));
#10036 = VECTOR('',#10037,1.);
#10037 = DIRECTION('',(0.,0.,1.));
#10038 = ORIENTED_EDGE('',*,*,#10039,.T.);
#10039 = EDGE_CURVE('',#10030,#10040,#10042,.T.);
#10040 = VERTEX_POINT('',#10041);
#10041 = CARTESIAN_POINT('',(-4.,0.3,7.E-02));
#10042 = LINE('',#10043,#10044);
#10043 = CARTESIAN_POINT('',(-4.,-1.1,7.E-02));
#10044 = VECTOR('',#10045,1.);
#10045 = DIRECTION('',(0.,1.,0.));
#10046 = ORIENTED_EDGE('',*,*,#10047,.T.);
#10047 = EDGE_CURVE('',#10040,#10048,#10050,.T.);
#10048 = VERTEX_POINT('',#10049);
#10049 = CARTESIAN_POINT('',(-4.,0.3,0.62));
#10050 = LINE('',#10051,#10052);
#10051 = CARTESIAN_POINT('',(-4.,0.3,7.E-02));
#10052 = VECTOR('',#10053,1.);
#10053 = DIRECTION('',(0.,0.,1.));
#10054 = ORIENTED_EDGE('',*,*,#10055,.T.);
#10055 = EDGE_CURVE('',#10048,#10056,#10058,.T.);
#10056 = VERTEX_POINT('',#10057);
#10057 = CARTESIAN_POINT('',(-4.,1.3,0.62));
#10058 = LINE('',#10059,#10060);
#10059 = CARTESIAN_POINT('',(-4.,0.3,0.62));
#10060 = VECTOR('',#10061,1.);
#10061 = DIRECTION('',(0.,1.,0.));
#10062 = ORIENTED_EDGE('',*,*,#10063,.T.);
#10063 = EDGE_CURVE('',#10056,#10064,#10066,.T.);
#10064 = VERTEX_POINT('',#10065);
#10065 = CARTESIAN_POINT('',(-4.,1.3,1.27));
#10066 = LINE('',#10067,#10068);
#10067 = CARTESIAN_POINT('',(-4.,1.3,0.62));
#10068 = VECTOR('',#10069,1.);
#10069 = DIRECTION('',(0.,0.,1.));
#10070 = ORIENTED_EDGE('',*,*,#10071,.T.);
#10071 = EDGE_CURVE('',#10064,#10072,#10074,.T.);
#10072 = VERTEX_POINT('',#10073);
#10073 = CARTESIAN_POINT('',(-4.,1.8,1.559));
#10074 = LINE('',#10075,#10076);
#10075 = CARTESIAN_POINT('',(-4.,1.3,1.27));
#10076 = VECTOR('',#10077,1.);
#10077 = DIRECTION('',(0.,0.865781720524,0.500421834463));
#10078 = ORIENTED_EDGE('',*,*,#10079,.T.);
#10079 = EDGE_CURVE('',#10072,#10080,#10082,.T.);
#10080 = VERTEX_POINT('',#10081);
#10081 = CARTESIAN_POINT('',(-4.,1.8,4.32));
#10082 = LINE('',#10083,#10084);
#10083 = CARTESIAN_POINT('',(-4.,1.8,7.E-02));
#10084 = VECTOR('',#10085,1.);
#10085 = DIRECTION('',(0.,0.,1.));
#10086 = ORIENTED_EDGE('',*,*,#10087,.F.);
#10087 = EDGE_CURVE('',#10088,#10080,#10090,.T.);
#10088 = VERTEX_POINT('',#10089);
#10089 = CARTESIAN_POINT('',(-4.,0.1,4.32));
#10090 = LINE('',#10091,#10092);
#10091 = CARTESIAN_POINT('',(-4.,-1.1,4.32));
#10092 = VECTOR('',#10093,1.);
#10093 = DIRECTION('',(0.,1.,0.));
#10094 = ORIENTED_EDGE('',*,*,#10095,.T.);
#10095 = EDGE_CURVE('',#10088,#10096,#10098,.T.);
#10096 = VERTEX_POINT('',#10097);
#10097 = CARTESIAN_POINT('',(-4.,0.1,3.82));
#10098 = LINE('',#10099,#10100);
#10099 = CARTESIAN_POINT('',(-4.,0.1,4.32));
#10100 = VECTOR('',#10101,1.);
#10101 = DIRECTION('',(0.,0.,-1.));
#10102 = ORIENTED_EDGE('',*,*,#10103,.T.);
#10103 = EDGE_CURVE('',#10096,#10104,#10106,.T.);
#10104 = VERTEX_POINT('',#10105);
#10105 = CARTESIAN_POINT('',(-4.,-0.55,3.82));
#10106 = LINE('',#10107,#10108);
#10107 = CARTESIAN_POINT('',(-4.,0.1,3.82));
#10108 = VECTOR('',#10109,1.);
#10109 = DIRECTION('',(0.,-1.,0.));
#10110 = ORIENTED_EDGE('',*,*,#10111,.T.);
#10111 = EDGE_CURVE('',#10104,#10112,#10114,.T.);
#10112 = VERTEX_POINT('',#10113);
#10113 = CARTESIAN_POINT('',(-4.,-0.55,2.82));
#10114 = LINE('',#10115,#10116);
#10115 = CARTESIAN_POINT('',(-4.,-0.55,3.82));
#10116 = VECTOR('',#10117,1.);
#10117 = DIRECTION('',(0.,0.,-1.));
#10118 = ORIENTED_EDGE('',*,*,#10119,.T.);
#10119 = EDGE_CURVE('',#10112,#10032,#10120,.T.);
#10120 = LINE('',#10121,#10122);
#10121 = CARTESIAN_POINT('',(-4.,-0.55,2.82));
#10122 = VECTOR('',#10123,1.);
#10123 = DIRECTION('',(0.,-1.,0.));
#10124 = PLANE('',#10125);
#10125 = AXIS2_PLACEMENT_3D('',#10126,#10127,#10128);
#10126 = CARTESIAN_POINT('',(-4.,-1.1,7.E-02));
#10127 = DIRECTION('',(1.,0.,0.));
#10128 = DIRECTION('',(0.,0.,1.));
#10129 = ADVANCED_FACE('',(#10130),#10379,.F.);
#10130 = FACE_BOUND('',#10131,.F.);
#10131 = EDGE_LOOP('',(#10132,#10142,#10150,#10158,#10166,#10174,#10182,
    #10190,#10198,#10206,#10214,#10222,#10230,#10238,#10246,#10254,
    #10262,#10270,#10278,#10286,#10294,#10302,#10310,#10318,#10326,
    #10334,#10340,#10341,#10349,#10357,#10365,#10373));
#10132 = ORIENTED_EDGE('',*,*,#10133,.F.);
#10133 = EDGE_CURVE('',#10134,#10136,#10138,.T.);
#10134 = VERTEX_POINT('',#10135);
#10135 = CARTESIAN_POINT('',(4.,-1.1,7.E-02));
#10136 = VERTEX_POINT('',#10137);
#10137 = CARTESIAN_POINT('',(4.,-1.1,2.82));
#10138 = LINE('',#10139,#10140);
#10139 = CARTESIAN_POINT('',(4.,-1.1,7.E-02));
#10140 = VECTOR('',#10141,1.);
#10141 = DIRECTION('',(0.,0.,1.));
#10142 = ORIENTED_EDGE('',*,*,#10143,.F.);
#10143 = EDGE_CURVE('',#10144,#10134,#10146,.T.);
#10144 = VERTEX_POINT('',#10145);
#10145 = CARTESIAN_POINT('',(2.6,-1.1,7.E-02));
#10146 = LINE('',#10147,#10148);
#10147 = CARTESIAN_POINT('',(-4.,-1.1,7.E-02));
#10148 = VECTOR('',#10149,1.);
#10149 = DIRECTION('',(1.,0.,0.));
#10150 = ORIENTED_EDGE('',*,*,#10151,.F.);
#10151 = EDGE_CURVE('',#10152,#10144,#10154,.T.);
#10152 = VERTEX_POINT('',#10153);
#10153 = CARTESIAN_POINT('',(2.6,-1.1,0.2));
#10154 = LINE('',#10155,#10156);
#10155 = CARTESIAN_POINT('',(2.6,-1.1,0.2));
#10156 = VECTOR('',#10157,1.);
#10157 = DIRECTION('',(0.,0.,-1.));
#10158 = ORIENTED_EDGE('',*,*,#10159,.F.);
#10159 = EDGE_CURVE('',#10160,#10152,#10162,.T.);
#10160 = VERTEX_POINT('',#10161);
#10161 = CARTESIAN_POINT('',(2.4,-1.1,0.2));
#10162 = LINE('',#10163,#10164);
#10163 = CARTESIAN_POINT('',(2.4,-1.1,0.2));
#10164 = VECTOR('',#10165,1.);
#10165 = DIRECTION('',(1.,0.,0.));
#10166 = ORIENTED_EDGE('',*,*,#10167,.T.);
#10167 = EDGE_CURVE('',#10160,#10168,#10170,.T.);
#10168 = VERTEX_POINT('',#10169);
#10169 = CARTESIAN_POINT('',(2.4,-1.1,7.E-02));
#10170 = LINE('',#10171,#10172);
#10171 = CARTESIAN_POINT('',(2.4,-1.1,0.2));
#10172 = VECTOR('',#10173,1.);
#10173 = DIRECTION('',(0.,0.,-1.));
#10174 = ORIENTED_EDGE('',*,*,#10175,.F.);
#10175 = EDGE_CURVE('',#10176,#10168,#10178,.T.);
#10176 = VERTEX_POINT('',#10177);
#10177 = CARTESIAN_POINT('',(1.6,-1.1,7.E-02));
#10178 = LINE('',#10179,#10180);
#10179 = CARTESIAN_POINT('',(-4.,-1.1,7.E-02));
#10180 = VECTOR('',#10181,1.);
#10181 = DIRECTION('',(1.,0.,0.));
#10182 = ORIENTED_EDGE('',*,*,#10183,.F.);
#10183 = EDGE_CURVE('',#10184,#10176,#10186,.T.);
#10184 = VERTEX_POINT('',#10185);
#10185 = CARTESIAN_POINT('',(1.6,-1.1,0.2));
#10186 = LINE('',#10187,#10188);
#10187 = CARTESIAN_POINT('',(1.6,-1.1,0.2));
#10188 = VECTOR('',#10189,1.);
#10189 = DIRECTION('',(0.,0.,-1.));
#10190 = ORIENTED_EDGE('',*,*,#10191,.F.);
#10191 = EDGE_CURVE('',#10192,#10184,#10194,.T.);
#10192 = VERTEX_POINT('',#10193);
#10193 = CARTESIAN_POINT('',(1.4,-1.1,0.2));
#10194 = LINE('',#10195,#10196);
#10195 = CARTESIAN_POINT('',(1.4,-1.1,0.2));
#10196 = VECTOR('',#10197,1.);
#10197 = DIRECTION('',(1.,0.,0.));
#10198 = ORIENTED_EDGE('',*,*,#10199,.T.);
#10199 = EDGE_CURVE('',#10192,#10200,#10202,.T.);
#10200 = VERTEX_POINT('',#10201);
#10201 = CARTESIAN_POINT('',(1.4,-1.1,7.E-02));
#10202 = LINE('',#10203,#10204);
#10203 = CARTESIAN_POINT('',(1.4,-1.1,0.2));
#10204 = VECTOR('',#10205,1.);
#10205 = DIRECTION('',(0.,0.,-1.));
#10206 = ORIENTED_EDGE('',*,*,#10207,.F.);
#10207 = EDGE_CURVE('',#10208,#10200,#10210,.T.);
#10208 = VERTEX_POINT('',#10209);
#10209 = CARTESIAN_POINT('',(0.6,-1.1,7.E-02));
#10210 = LINE('',#10211,#10212);
#10211 = CARTESIAN_POINT('',(-4.,-1.1,7.E-02));
#10212 = VECTOR('',#10213,1.);
#10213 = DIRECTION('',(1.,0.,0.));
#10214 = ORIENTED_EDGE('',*,*,#10215,.F.);
#10215 = EDGE_CURVE('',#10216,#10208,#10218,.T.);
#10216 = VERTEX_POINT('',#10217);
#10217 = CARTESIAN_POINT('',(0.6,-1.1,0.2));
#10218 = LINE('',#10219,#10220);
#10219 = CARTESIAN_POINT('',(0.6,-1.1,0.2));
#10220 = VECTOR('',#10221,1.);
#10221 = DIRECTION('',(0.,0.,-1.));
#10222 = ORIENTED_EDGE('',*,*,#10223,.F.);
#10223 = EDGE_CURVE('',#10224,#10216,#10226,.T.);
#10224 = VERTEX_POINT('',#10225);
#10225 = CARTESIAN_POINT('',(0.4,-1.1,0.2));
#10226 = LINE('',#10227,#10228);
#10227 = CARTESIAN_POINT('',(0.4,-1.1,0.2));
#10228 = VECTOR('',#10229,1.);
#10229 = DIRECTION('',(1.,0.,0.));
#10230 = ORIENTED_EDGE('',*,*,#10231,.T.);
#10231 = EDGE_CURVE('',#10224,#10232,#10234,.T.);
#10232 = VERTEX_POINT('',#10233);
#10233 = CARTESIAN_POINT('',(0.4,-1.1,7.E-02));
#10234 = LINE('',#10235,#10236);
#10235 = CARTESIAN_POINT('',(0.4,-1.1,0.2));
#10236 = VECTOR('',#10237,1.);
#10237 = DIRECTION('',(0.,0.,-1.));
#10238 = ORIENTED_EDGE('',*,*,#10239,.F.);
#10239 = EDGE_CURVE('',#10240,#10232,#10242,.T.);
#10240 = VERTEX_POINT('',#10241);
#10241 = CARTESIAN_POINT('',(-0.4,-1.1,7.E-02));
#10242 = LINE('',#10243,#10244);
#10243 = CARTESIAN_POINT('',(-4.,-1.1,7.E-02));
#10244 = VECTOR('',#10245,1.);
#10245 = DIRECTION('',(1.,0.,0.));
#10246 = ORIENTED_EDGE('',*,*,#10247,.F.);
#10247 = EDGE_CURVE('',#10248,#10240,#10250,.T.);
#10248 = VERTEX_POINT('',#10249);
#10249 = CARTESIAN_POINT('',(-0.4,-1.1,0.2));
#10250 = LINE('',#10251,#10252);
#10251 = CARTESIAN_POINT('',(-0.4,-1.1,0.2));
#10252 = VECTOR('',#10253,1.);
#10253 = DIRECTION('',(0.,0.,-1.));
#10254 = ORIENTED_EDGE('',*,*,#10255,.F.);
#10255 = EDGE_CURVE('',#10256,#10248,#10258,.T.);
#10256 = VERTEX_POINT('',#10257);
#10257 = CARTESIAN_POINT('',(-0.6,-1.1,0.2));
#10258 = LINE('',#10259,#10260);
#10259 = CARTESIAN_POINT('',(-0.6,-1.1,0.2));
#10260 = VECTOR('',#10261,1.);
#10261 = DIRECTION('',(1.,0.,0.));
#10262 = ORIENTED_EDGE('',*,*,#10263,.T.);
#10263 = EDGE_CURVE('',#10256,#10264,#10266,.T.);
#10264 = VERTEX_POINT('',#10265);
#10265 = CARTESIAN_POINT('',(-0.6,-1.1,7.E-02));
#10266 = LINE('',#10267,#10268);
#10267 = CARTESIAN_POINT('',(-0.6,-1.1,0.2));
#10268 = VECTOR('',#10269,1.);
#10269 = DIRECTION('',(0.,0.,-1.));
#10270 = ORIENTED_EDGE('',*,*,#10271,.F.);
#10271 = EDGE_CURVE('',#10272,#10264,#10274,.T.);
#10272 = VERTEX_POINT('',#10273);
#10273 = CARTESIAN_POINT('',(-1.4,-1.1,7.E-02));
#10274 = LINE('',#10275,#10276);
#10275 = CARTESIAN_POINT('',(-4.,-1.1,7.E-02));
#10276 = VECTOR('',#10277,1.);
#10277 = DIRECTION('',(1.,0.,0.));
#10278 = ORIENTED_EDGE('',*,*,#10279,.F.);
#10279 = EDGE_CURVE('',#10280,#10272,#10282,.T.);
#10280 = VERTEX_POINT('',#10281);
#10281 = CARTESIAN_POINT('',(-1.4,-1.1,0.2));
#10282 = LINE('',#10283,#10284);
#10283 = CARTESIAN_POINT('',(-1.4,-1.1,0.2));
#10284 = VECTOR('',#10285,1.);
#10285 = DIRECTION('',(0.,0.,-1.));
#10286 = ORIENTED_EDGE('',*,*,#10287,.F.);
#10287 = EDGE_CURVE('',#10288,#10280,#10290,.T.);
#10288 = VERTEX_POINT('',#10289);
#10289 = CARTESIAN_POINT('',(-1.6,-1.1,0.2));
#10290 = LINE('',#10291,#10292);
#10291 = CARTESIAN_POINT('',(-1.6,-1.1,0.2));
#10292 = VECTOR('',#10293,1.);
#10293 = DIRECTION('',(1.,0.,0.));
#10294 = ORIENTED_EDGE('',*,*,#10295,.T.);
#10295 = EDGE_CURVE('',#10288,#10296,#10298,.T.);
#10296 = VERTEX_POINT('',#10297);
#10297 = CARTESIAN_POINT('',(-1.6,-1.1,7.E-02));
#10298 = LINE('',#10299,#10300);
#10299 = CARTESIAN_POINT('',(-1.6,-1.1,0.2));
#10300 = VECTOR('',#10301,1.);
#10301 = DIRECTION('',(0.,0.,-1.));
#10302 = ORIENTED_EDGE('',*,*,#10303,.F.);
#10303 = EDGE_CURVE('',#10304,#10296,#10306,.T.);
#10304 = VERTEX_POINT('',#10305);
#10305 = CARTESIAN_POINT('',(-2.4,-1.1,7.E-02));
#10306 = LINE('',#10307,#10308);
#10307 = CARTESIAN_POINT('',(-4.,-1.1,7.E-02));
#10308 = VECTOR('',#10309,1.);
#10309 = DIRECTION('',(1.,0.,0.));
#10310 = ORIENTED_EDGE('',*,*,#10311,.F.);
#10311 = EDGE_CURVE('',#10312,#10304,#10314,.T.);
#10312 = VERTEX_POINT('',#10313);
#10313 = CARTESIAN_POINT('',(-2.4,-1.1,0.2));
#10314 = LINE('',#10315,#10316);
#10315 = CARTESIAN_POINT('',(-2.4,-1.1,0.2));
#10316 = VECTOR('',#10317,1.);
#10317 = DIRECTION('',(0.,0.,-1.));
#10318 = ORIENTED_EDGE('',*,*,#10319,.F.);
#10319 = EDGE_CURVE('',#10320,#10312,#10322,.T.);
#10320 = VERTEX_POINT('',#10321);
#10321 = CARTESIAN_POINT('',(-2.6,-1.1,0.2));
#10322 = LINE('',#10323,#10324);
#10323 = CARTESIAN_POINT('',(-2.6,-1.1,0.2));
#10324 = VECTOR('',#10325,1.);
#10325 = DIRECTION('',(1.,0.,0.));
#10326 = ORIENTED_EDGE('',*,*,#10327,.T.);
#10327 = EDGE_CURVE('',#10320,#10328,#10330,.T.);
#10328 = VERTEX_POINT('',#10329);
#10329 = CARTESIAN_POINT('',(-2.6,-1.1,7.E-02));
#10330 = LINE('',#10331,#10332);
#10331 = CARTESIAN_POINT('',(-2.6,-1.1,0.2));
#10332 = VECTOR('',#10333,1.);
#10333 = DIRECTION('',(0.,0.,-1.));
#10334 = ORIENTED_EDGE('',*,*,#10335,.F.);
#10335 = EDGE_CURVE('',#10030,#10328,#10336,.T.);
#10336 = LINE('',#10337,#10338);
#10337 = CARTESIAN_POINT('',(-4.,-1.1,7.E-02));
#10338 = VECTOR('',#10339,1.);
#10339 = DIRECTION('',(1.,0.,0.));
#10340 = ORIENTED_EDGE('',*,*,#10029,.T.);
#10341 = ORIENTED_EDGE('',*,*,#10342,.T.);
#10342 = EDGE_CURVE('',#10032,#10343,#10345,.T.);
#10343 = VERTEX_POINT('',#10344);
#10344 = CARTESIAN_POINT('',(-3.5,-1.1,2.82));
#10345 = LINE('',#10346,#10347);
#10346 = CARTESIAN_POINT('',(-4.,-1.1,2.82));
#10347 = VECTOR('',#10348,1.);
#10348 = DIRECTION('',(1.,0.,0.));
#10349 = ORIENTED_EDGE('',*,*,#10350,.T.);
#10350 = EDGE_CURVE('',#10343,#10351,#10353,.T.);
#10351 = VERTEX_POINT('',#10352);
#10352 = CARTESIAN_POINT('',(-3.5,-1.1,4.32));
#10353 = LINE('',#10354,#10355);
#10354 = CARTESIAN_POINT('',(-3.5,-1.1,2.82));
#10355 = VECTOR('',#10356,1.);
#10356 = DIRECTION('',(0.,1.480297366167E-16,1.));
#10357 = ORIENTED_EDGE('',*,*,#10358,.T.);
#10358 = EDGE_CURVE('',#10351,#10359,#10361,.T.);
#10359 = VERTEX_POINT('',#10360);
#10360 = CARTESIAN_POINT('',(3.5,-1.1,4.32));
#10361 = LINE('',#10362,#10363);
#10362 = CARTESIAN_POINT('',(-4.,-1.1,4.32));
#10363 = VECTOR('',#10364,1.);
#10364 = DIRECTION('',(1.,0.,0.));
#10365 = ORIENTED_EDGE('',*,*,#10366,.F.);
#10366 = EDGE_CURVE('',#10367,#10359,#10369,.T.);
#10367 = VERTEX_POINT('',#10368);
#10368 = CARTESIAN_POINT('',(3.5,-1.1,2.82));
#10369 = LINE('',#10370,#10371);
#10370 = CARTESIAN_POINT('',(3.5,-1.1,2.82));
#10371 = VECTOR('',#10372,1.);
#10372 = DIRECTION('',(0.,1.480297366167E-16,1.));
#10373 = ORIENTED_EDGE('',*,*,#10374,.T.);
#10374 = EDGE_CURVE('',#10367,#10136,#10375,.T.);
#10375 = LINE('',#10376,#10377);
#10376 = CARTESIAN_POINT('',(3.5,-1.1,2.82));
#10377 = VECTOR('',#10378,1.);
#10378 = DIRECTION('',(1.,0.,0.));
#10379 = PLANE('',#10380);
#10380 = AXIS2_PLACEMENT_3D('',#10381,#10382,#10383);
#10381 = CARTESIAN_POINT('',(-4.,-1.1,7.E-02));
#10382 = DIRECTION('',(0.,1.,0.));
#10383 = DIRECTION('',(0.,-0.,1.));
#10384 = ADVANCED_FACE('',(#10385),#10403,.F.);
#10385 = FACE_BOUND('',#10386,.F.);
#10386 = EDGE_LOOP('',(#10387,#10395,#10401,#10402));
#10387 = ORIENTED_EDGE('',*,*,#10388,.T.);
#10388 = EDGE_CURVE('',#10112,#10389,#10391,.T.);
#10389 = VERTEX_POINT('',#10390);
#10390 = CARTESIAN_POINT('',(-3.5,-0.55,2.82));
#10391 = LINE('',#10392,#10393);
#10392 = CARTESIAN_POINT('',(-4.,-0.55,2.82));
#10393 = VECTOR('',#10394,1.);
#10394 = DIRECTION('',(1.,0.,0.));
#10395 = ORIENTED_EDGE('',*,*,#10396,.T.);
#10396 = EDGE_CURVE('',#10389,#10343,#10397,.T.);
#10397 = LINE('',#10398,#10399);
#10398 = CARTESIAN_POINT('',(-3.5,-0.55,2.82));
#10399 = VECTOR('',#10400,1.);
#10400 = DIRECTION('',(0.,-1.,0.));
#10401 = ORIENTED_EDGE('',*,*,#10342,.F.);
#10402 = ORIENTED_EDGE('',*,*,#10119,.F.);
#10403 = PLANE('',#10404);
#10404 = AXIS2_PLACEMENT_3D('',#10405,#10406,#10407);
#10405 = CARTESIAN_POINT('',(-4.,-0.55,2.82));
#10406 = DIRECTION('',(0.,0.,-1.));
#10407 = DIRECTION('',(0.,-1.,0.));
#10408 = ADVANCED_FACE('',(#10409),#10427,.F.);
#10409 = FACE_BOUND('',#10410,.F.);
#10410 = EDGE_LOOP('',(#10411,#10419,#10425,#10426));
#10411 = ORIENTED_EDGE('',*,*,#10412,.T.);
#10412 = EDGE_CURVE('',#10104,#10413,#10415,.T.);
#10413 = VERTEX_POINT('',#10414);
#10414 = CARTESIAN_POINT('',(-3.5,-0.55,3.82));
#10415 = LINE('',#10416,#10417);
#10416 = CARTESIAN_POINT('',(-4.,-0.55,3.82));
#10417 = VECTOR('',#10418,1.);
#10418 = DIRECTION('',(1.,0.,0.));
#10419 = ORIENTED_EDGE('',*,*,#10420,.T.);
#10420 = EDGE_CURVE('',#10413,#10389,#10421,.T.);
#10421 = LINE('',#10422,#10423);
#10422 = CARTESIAN_POINT('',(-3.5,-0.55,3.82));
#10423 = VECTOR('',#10424,1.);
#10424 = DIRECTION('',(0.,0.,-1.));
#10425 = ORIENTED_EDGE('',*,*,#10388,.F.);
#10426 = ORIENTED_EDGE('',*,*,#10111,.F.);
#10427 = PLANE('',#10428);
#10428 = AXIS2_PLACEMENT_3D('',#10429,#10430,#10431);
#10429 = CARTESIAN_POINT('',(-4.,-0.55,3.82));
#10430 = DIRECTION('',(0.,1.,0.));
#10431 = DIRECTION('',(0.,0.,-1.));
#10432 = ADVANCED_FACE('',(#10433),#10451,.F.);
#10433 = FACE_BOUND('',#10434,.F.);
#10434 = EDGE_LOOP('',(#10435,#10443,#10449,#10450));
#10435 = ORIENTED_EDGE('',*,*,#10436,.T.);
#10436 = EDGE_CURVE('',#10096,#10437,#10439,.T.);
#10437 = VERTEX_POINT('',#10438);
#10438 = CARTESIAN_POINT('',(-3.5,0.1,3.82));
#10439 = LINE('',#10440,#10441);
#10440 = CARTESIAN_POINT('',(-4.,0.1,3.82));
#10441 = VECTOR('',#10442,1.);
#10442 = DIRECTION('',(1.,0.,0.));
#10443 = ORIENTED_EDGE('',*,*,#10444,.T.);
#10444 = EDGE_CURVE('',#10437,#10413,#10445,.T.);
#10445 = LINE('',#10446,#10447);
#10446 = CARTESIAN_POINT('',(-3.5,0.1,3.82));
#10447 = VECTOR('',#10448,1.);
#10448 = DIRECTION('',(0.,-1.,0.));
#10449 = ORIENTED_EDGE('',*,*,#10412,.F.);
#10450 = ORIENTED_EDGE('',*,*,#10103,.F.);
#10451 = PLANE('',#10452);
#10452 = AXIS2_PLACEMENT_3D('',#10453,#10454,#10455);
#10453 = CARTESIAN_POINT('',(-4.,0.1,3.82));
#10454 = DIRECTION('',(0.,0.,-1.));
#10455 = DIRECTION('',(0.,-1.,0.));
#10456 = ADVANCED_FACE('',(#10457),#10475,.F.);
#10457 = FACE_BOUND('',#10458,.F.);
#10458 = EDGE_LOOP('',(#10459,#10467,#10473,#10474));
#10459 = ORIENTED_EDGE('',*,*,#10460,.T.);
#10460 = EDGE_CURVE('',#10088,#10461,#10463,.T.);
#10461 = VERTEX_POINT('',#10462);
#10462 = CARTESIAN_POINT('',(-3.5,0.1,4.32));
#10463 = LINE('',#10464,#10465);
#10464 = CARTESIAN_POINT('',(-4.,0.1,4.32));
#10465 = VECTOR('',#10466,1.);
#10466 = DIRECTION('',(1.,0.,0.));
#10467 = ORIENTED_EDGE('',*,*,#10468,.T.);
#10468 = EDGE_CURVE('',#10461,#10437,#10469,.T.);
#10469 = LINE('',#10470,#10471);
#10470 = CARTESIAN_POINT('',(-3.5,0.1,4.32));
#10471 = VECTOR('',#10472,1.);
#10472 = DIRECTION('',(0.,0.,-1.));
#10473 = ORIENTED_EDGE('',*,*,#10436,.F.);
#10474 = ORIENTED_EDGE('',*,*,#10095,.F.);
#10475 = PLANE('',#10476);
#10476 = AXIS2_PLACEMENT_3D('',#10477,#10478,#10479);
#10477 = CARTESIAN_POINT('',(-4.,0.1,4.32));
#10478 = DIRECTION('',(0.,1.,0.));
#10479 = DIRECTION('',(0.,0.,-1.));
#10480 = ADVANCED_FACE('',(#10481,#10522),#10620,.T.);
#10481 = FACE_BOUND('',#10482,.T.);
#10482 = EDGE_LOOP('',(#10483,#10484,#10485,#10491,#10492,#10500,#10508,
    #10516));
#10483 = ORIENTED_EDGE('',*,*,#10087,.F.);
#10484 = ORIENTED_EDGE('',*,*,#10460,.T.);
#10485 = ORIENTED_EDGE('',*,*,#10486,.F.);
#10486 = EDGE_CURVE('',#10351,#10461,#10487,.T.);
#10487 = LINE('',#10488,#10489);
#10488 = CARTESIAN_POINT('',(-3.5,-1.1,4.32));
#10489 = VECTOR('',#10490,1.);
#10490 = DIRECTION('',(0.,1.,0.));
#10491 = ORIENTED_EDGE('',*,*,#10358,.T.);
#10492 = ORIENTED_EDGE('',*,*,#10493,.T.);
#10493 = EDGE_CURVE('',#10359,#10494,#10496,.T.);
#10494 = VERTEX_POINT('',#10495);
#10495 = CARTESIAN_POINT('',(3.5,0.1,4.32));
#10496 = LINE('',#10497,#10498);
#10497 = CARTESIAN_POINT('',(3.5,-1.1,4.32));
#10498 = VECTOR('',#10499,1.);
#10499 = DIRECTION('',(0.,1.,0.));
#10500 = ORIENTED_EDGE('',*,*,#10501,.T.);
#10501 = EDGE_CURVE('',#10494,#10502,#10504,.T.);
#10502 = VERTEX_POINT('',#10503);
#10503 = CARTESIAN_POINT('',(4.,0.1,4.32));
#10504 = LINE('',#10505,#10506);
#10505 = CARTESIAN_POINT('',(3.5,0.1,4.32));
#10506 = VECTOR('',#10507,1.);
#10507 = DIRECTION('',(1.,0.,0.));
#10508 = ORIENTED_EDGE('',*,*,#10509,.T.);
#10509 = EDGE_CURVE('',#10502,#10510,#10512,.T.);
#10510 = VERTEX_POINT('',#10511);
#10511 = CARTESIAN_POINT('',(4.,1.8,4.32));
#10512 = LINE('',#10513,#10514);
#10513 = CARTESIAN_POINT('',(4.,-1.1,4.32));
#10514 = VECTOR('',#10515,1.);
#10515 = DIRECTION('',(0.,1.,0.));
#10516 = ORIENTED_EDGE('',*,*,#10517,.F.);
#10517 = EDGE_CURVE('',#10080,#10510,#10518,.T.);
#10518 = LINE('',#10519,#10520);
#10519 = CARTESIAN_POINT('',(-4.,1.8,4.32));
#10520 = VECTOR('',#10521,1.);
#10521 = DIRECTION('',(1.,0.,0.));
#10522 = FACE_BOUND('',#10523,.T.);
#10523 = EDGE_LOOP('',(#10524,#10534,#10542,#10550,#10558,#10566,#10574,
    #10582,#10590,#10598,#10606,#10614));
#10524 = ORIENTED_EDGE('',*,*,#10525,.F.);
#10525 = EDGE_CURVE('',#10526,#10528,#10530,.T.);
#10526 = VERTEX_POINT('',#10527);
#10527 = CARTESIAN_POINT('',(3.2,-0.7,4.32));
#10528 = VERTEX_POINT('',#10529);
#10529 = CARTESIAN_POINT('',(3.2,0.3,4.32));
#10530 = LINE('',#10531,#10532);
#10531 = CARTESIAN_POINT('',(3.2,-0.7,4.32));
#10532 = VECTOR('',#10533,1.);
#10533 = DIRECTION('',(0.,1.,0.));
#10534 = ORIENTED_EDGE('',*,*,#10535,.F.);
#10535 = EDGE_CURVE('',#10536,#10526,#10538,.T.);
#10536 = VERTEX_POINT('',#10537);
#10537 = CARTESIAN_POINT('',(-3.2,-0.7,4.32));
#10538 = LINE('',#10539,#10540);
#10539 = CARTESIAN_POINT('',(-3.2,-0.7,4.32));
#10540 = VECTOR('',#10541,1.);
#10541 = DIRECTION('',(1.,0.,0.));
#10542 = ORIENTED_EDGE('',*,*,#10543,.F.);
#10543 = EDGE_CURVE('',#10544,#10536,#10546,.T.);
#10544 = VERTEX_POINT('',#10545);
#10545 = CARTESIAN_POINT('',(-3.2,0.3,4.32));
#10546 = LINE('',#10547,#10548);
#10547 = CARTESIAN_POINT('',(-3.2,1.4,4.32));
#10548 = VECTOR('',#10549,1.);
#10549 = DIRECTION('',(0.,-1.,0.));
#10550 = ORIENTED_EDGE('',*,*,#10551,.F.);
#10551 = EDGE_CURVE('',#10552,#10544,#10554,.T.);
#10552 = VERTEX_POINT('',#10553);
#10553 = CARTESIAN_POINT('',(-3.55,0.3,4.32));
#10554 = LINE('',#10555,#10556);
#10555 = CARTESIAN_POINT('',(-3.55,0.3,4.32));
#10556 = VECTOR('',#10557,1.);
#10557 = DIRECTION('',(1.,0.,0.));
#10558 = ORIENTED_EDGE('',*,*,#10559,.F.);
#10559 = EDGE_CURVE('',#10560,#10552,#10562,.T.);
#10560 = VERTEX_POINT('',#10561);
#10561 = CARTESIAN_POINT('',(-3.55,0.9,4.32));
#10562 = LINE('',#10563,#10564);
#10563 = CARTESIAN_POINT('',(-3.55,0.9,4.32));
#10564 = VECTOR('',#10565,1.);
#10565 = DIRECTION('',(0.,-1.,0.));
#10566 = ORIENTED_EDGE('',*,*,#10567,.F.);
#10567 = EDGE_CURVE('',#10568,#10560,#10570,.T.);
#10568 = VERTEX_POINT('',#10569);
#10569 = CARTESIAN_POINT('',(-3.2,0.9,4.32));
#10570 = LINE('',#10571,#10572);
#10571 = CARTESIAN_POINT('',(3.55,0.9,4.32));
#10572 = VECTOR('',#10573,1.);
#10573 = DIRECTION('',(-1.,0.,0.));
#10574 = ORIENTED_EDGE('',*,*,#10575,.F.);
#10575 = EDGE_CURVE('',#10576,#10568,#10578,.T.);
#10576 = VERTEX_POINT('',#10577);
#10577 = CARTESIAN_POINT('',(-3.2,1.4,4.32));
#10578 = LINE('',#10579,#10580);
#10579 = CARTESIAN_POINT('',(-3.2,1.4,4.32));
#10580 = VECTOR('',#10581,1.);
#10581 = DIRECTION('',(0.,-1.,0.));
#10582 = ORIENTED_EDGE('',*,*,#10583,.F.);
#10583 = EDGE_CURVE('',#10584,#10576,#10586,.T.);
#10584 = VERTEX_POINT('',#10585);
#10585 = CARTESIAN_POINT('',(3.2,1.4,4.32));
#10586 = LINE('',#10587,#10588);
#10587 = CARTESIAN_POINT('',(3.2,1.4,4.32));
#10588 = VECTOR('',#10589,1.);
#10589 = DIRECTION('',(-1.,0.,0.));
#10590 = ORIENTED_EDGE('',*,*,#10591,.F.);
#10591 = EDGE_CURVE('',#10592,#10584,#10594,.T.);
#10592 = VERTEX_POINT('',#10593);
#10593 = CARTESIAN_POINT('',(3.2,0.9,4.32));
#10594 = LINE('',#10595,#10596);
#10595 = CARTESIAN_POINT('',(3.2,-0.7,4.32));
#10596 = VECTOR('',#10597,1.);
#10597 = DIRECTION('',(0.,1.,0.));
#10598 = ORIENTED_EDGE('',*,*,#10599,.F.);
#10599 = EDGE_CURVE('',#10600,#10592,#10602,.T.);
#10600 = VERTEX_POINT('',#10601);
#10601 = CARTESIAN_POINT('',(3.55,0.9,4.32));
#10602 = LINE('',#10603,#10604);
#10603 = CARTESIAN_POINT('',(3.55,0.9,4.32));
#10604 = VECTOR('',#10605,1.);
#10605 = DIRECTION('',(-1.,0.,0.));
#10606 = ORIENTED_EDGE('',*,*,#10607,.F.);
#10607 = EDGE_CURVE('',#10608,#10600,#10610,.T.);
#10608 = VERTEX_POINT('',#10609);
#10609 = CARTESIAN_POINT('',(3.55,0.3,4.32));
#10610 = LINE('',#10611,#10612);
#10611 = CARTESIAN_POINT('',(3.55,0.3,4.32));
#10612 = VECTOR('',#10613,1.);
#10613 = DIRECTION('',(0.,1.,0.));
#10614 = ORIENTED_EDGE('',*,*,#10615,.F.);
#10615 = EDGE_CURVE('',#10528,#10608,#10616,.T.);
#10616 = LINE('',#10617,#10618);
#10617 = CARTESIAN_POINT('',(-3.55,0.3,4.32));
#10618 = VECTOR('',#10619,1.);
#10619 = DIRECTION('',(1.,0.,0.));
#10620 = PLANE('',#10621);
#10621 = AXIS2_PLACEMENT_3D('',#10622,#10623,#10624);
#10622 = CARTESIAN_POINT('',(-4.,-1.1,4.32));
#10623 = DIRECTION('',(0.,0.,1.));
#10624 = DIRECTION('',(1.,0.,-0.));
#10625 = ADVANCED_FACE('',(#10626),#10692,.T.);
#10626 = FACE_BOUND('',#10627,.T.);
#10627 = EDGE_LOOP('',(#10628,#10638,#10646,#10654,#10660,#10661,#10662,
    #10670,#10678,#10686));
#10628 = ORIENTED_EDGE('',*,*,#10629,.F.);
#10629 = EDGE_CURVE('',#10630,#10632,#10634,.T.);
#10630 = VERTEX_POINT('',#10631);
#10631 = CARTESIAN_POINT('',(-3.5,1.8,7.E-02));
#10632 = VERTEX_POINT('',#10633);
#10633 = CARTESIAN_POINT('',(3.5,1.8,7.E-02));
#10634 = LINE('',#10635,#10636);
#10635 = CARTESIAN_POINT('',(-4.,1.8,7.E-02));
#10636 = VECTOR('',#10637,1.);
#10637 = DIRECTION('',(1.,0.,0.));
#10638 = ORIENTED_EDGE('',*,*,#10639,.F.);
#10639 = EDGE_CURVE('',#10640,#10630,#10642,.T.);
#10640 = VERTEX_POINT('',#10641);
#10641 = CARTESIAN_POINT('',(-3.5,1.8,1.27));
#10642 = LINE('',#10643,#10644);
#10643 = CARTESIAN_POINT('',(-3.5,1.8,1.559));
#10644 = VECTOR('',#10645,1.);
#10645 = DIRECTION('',(0.,0.,-1.));
#10646 = ORIENTED_EDGE('',*,*,#10647,.F.);
#10647 = EDGE_CURVE('',#10648,#10640,#10650,.T.);
#10648 = VERTEX_POINT('',#10649);
#10649 = CARTESIAN_POINT('',(-3.5,1.8,1.559));
#10650 = LINE('',#10651,#10652);
#10651 = CARTESIAN_POINT('',(-3.5,1.8,1.559));
#10652 = VECTOR('',#10653,1.);
#10653 = DIRECTION('',(0.,0.,-1.));
#10654 = ORIENTED_EDGE('',*,*,#10655,.F.);
#10655 = EDGE_CURVE('',#10072,#10648,#10656,.T.);
#10656 = LINE('',#10657,#10658);
#10657 = CARTESIAN_POINT('',(-4.,1.8,1.559));
#10658 = VECTOR('',#10659,1.);
#10659 = DIRECTION('',(1.,0.,0.));
#10660 = ORIENTED_EDGE('',*,*,#10079,.T.);
#10661 = ORIENTED_EDGE('',*,*,#10517,.T.);
#10662 = ORIENTED_EDGE('',*,*,#10663,.F.);
#10663 = EDGE_CURVE('',#10664,#10510,#10666,.T.);
#10664 = VERTEX_POINT('',#10665);
#10665 = CARTESIAN_POINT('',(4.,1.8,1.559));
#10666 = LINE('',#10667,#10668);
#10667 = CARTESIAN_POINT('',(4.,1.8,7.E-02));
#10668 = VECTOR('',#10669,1.);
#10669 = DIRECTION('',(0.,0.,1.));
#10670 = ORIENTED_EDGE('',*,*,#10671,.F.);
#10671 = EDGE_CURVE('',#10672,#10664,#10674,.T.);
#10672 = VERTEX_POINT('',#10673);
#10673 = CARTESIAN_POINT('',(3.5,1.8,1.559));
#10674 = LINE('',#10675,#10676);
#10675 = CARTESIAN_POINT('',(3.5,1.8,1.559));
#10676 = VECTOR('',#10677,1.);
#10677 = DIRECTION('',(1.,0.,0.));
#10678 = ORIENTED_EDGE('',*,*,#10679,.T.);
#10679 = EDGE_CURVE('',#10672,#10680,#10682,.T.);
#10680 = VERTEX_POINT('',#10681);
#10681 = CARTESIAN_POINT('',(3.5,1.8,1.27));
#10682 = LINE('',#10683,#10684);
#10683 = CARTESIAN_POINT('',(3.5,1.8,1.559));
#10684 = VECTOR('',#10685,1.);
#10685 = DIRECTION('',(0.,0.,-1.));
#10686 = ORIENTED_EDGE('',*,*,#10687,.T.);
#10687 = EDGE_CURVE('',#10680,#10632,#10688,.T.);
#10688 = LINE('',#10689,#10690);
#10689 = CARTESIAN_POINT('',(3.5,1.8,1.559));
#10690 = VECTOR('',#10691,1.);
#10691 = DIRECTION('',(0.,0.,-1.));
#10692 = PLANE('',#10693);
#10693 = AXIS2_PLACEMENT_3D('',#10694,#10695,#10696);
#10694 = CARTESIAN_POINT('',(-4.,1.8,7.E-02));
#10695 = DIRECTION('',(0.,1.,0.));
#10696 = DIRECTION('',(0.,-0.,1.));
#10697 = ADVANCED_FACE('',(#10698),#10724,.F.);
#10698 = FACE_BOUND('',#10699,.F.);
#10699 = EDGE_LOOP('',(#10700,#10708,#10716,#10722,#10723));
#10700 = ORIENTED_EDGE('',*,*,#10701,.T.);
#10701 = EDGE_CURVE('',#10064,#10702,#10704,.T.);
#10702 = VERTEX_POINT('',#10703);
#10703 = CARTESIAN_POINT('',(-3.7,1.3,1.27));
#10704 = LINE('',#10705,#10706);
#10705 = CARTESIAN_POINT('',(-4.,1.3,1.27));
#10706 = VECTOR('',#10707,1.);
#10707 = DIRECTION('',(1.,0.,0.));
#10708 = ORIENTED_EDGE('',*,*,#10709,.T.);
#10709 = EDGE_CURVE('',#10702,#10710,#10712,.T.);
#10710 = VERTEX_POINT('',#10711);
#10711 = CARTESIAN_POINT('',(-3.5,1.3,1.27));
#10712 = LINE('',#10713,#10714);
#10713 = CARTESIAN_POINT('',(-4.,1.3,1.27));
#10714 = VECTOR('',#10715,1.);
#10715 = DIRECTION('',(1.,0.,0.));
#10716 = ORIENTED_EDGE('',*,*,#10717,.T.);
#10717 = EDGE_CURVE('',#10710,#10648,#10718,.T.);
#10718 = LINE('',#10719,#10720);
#10719 = CARTESIAN_POINT('',(-3.5,1.3,1.27));
#10720 = VECTOR('',#10721,1.);
#10721 = DIRECTION('',(0.,0.865781720524,0.500421834463));
#10722 = ORIENTED_EDGE('',*,*,#10655,.F.);
#10723 = ORIENTED_EDGE('',*,*,#10071,.F.);
#10724 = PLANE('',#10725);
#10725 = AXIS2_PLACEMENT_3D('',#10726,#10727,#10728);
#10726 = CARTESIAN_POINT('',(-4.,1.3,1.27));
#10727 = DIRECTION('',(0.,-0.500421834463,0.865781720524));
#10728 = DIRECTION('',(0.,0.865781720524,0.500421834463));
#10729 = ADVANCED_FACE('',(#10730),#10748,.F.);
#10730 = FACE_BOUND('',#10731,.F.);
#10731 = EDGE_LOOP('',(#10732,#10733,#10741,#10747));
#10732 = ORIENTED_EDGE('',*,*,#10063,.F.);
#10733 = ORIENTED_EDGE('',*,*,#10734,.T.);
#10734 = EDGE_CURVE('',#10056,#10735,#10737,.T.);
#10735 = VERTEX_POINT('',#10736);
#10736 = CARTESIAN_POINT('',(-3.7,1.3,0.62));
#10737 = LINE('',#10738,#10739);
#10738 = CARTESIAN_POINT('',(-4.,1.3,0.62));
#10739 = VECTOR('',#10740,1.);
#10740 = DIRECTION('',(1.,0.,0.));
#10741 = ORIENTED_EDGE('',*,*,#10742,.T.);
#10742 = EDGE_CURVE('',#10735,#10702,#10743,.T.);
#10743 = LINE('',#10744,#10745);
#10744 = CARTESIAN_POINT('',(-3.7,1.3,0.62));
#10745 = VECTOR('',#10746,1.);
#10746 = DIRECTION('',(0.,0.,1.));
#10747 = ORIENTED_EDGE('',*,*,#10701,.F.);
#10748 = PLANE('',#10749);
#10749 = AXIS2_PLACEMENT_3D('',#10750,#10751,#10752);
#10750 = CARTESIAN_POINT('',(-4.,1.3,0.62));
#10751 = DIRECTION('',(0.,-1.,0.));
#10752 = DIRECTION('',(0.,0.,1.));
#10753 = ADVANCED_FACE('',(#10754),#10772,.F.);
#10754 = FACE_BOUND('',#10755,.F.);
#10755 = EDGE_LOOP('',(#10756,#10757,#10765,#10771));
#10756 = ORIENTED_EDGE('',*,*,#10055,.F.);
#10757 = ORIENTED_EDGE('',*,*,#10758,.T.);
#10758 = EDGE_CURVE('',#10048,#10759,#10761,.T.);
#10759 = VERTEX_POINT('',#10760);
#10760 = CARTESIAN_POINT('',(-3.7,0.3,0.62));
#10761 = LINE('',#10762,#10763);
#10762 = CARTESIAN_POINT('',(-4.,0.3,0.62));
#10763 = VECTOR('',#10764,1.);
#10764 = DIRECTION('',(1.,0.,0.));
#10765 = ORIENTED_EDGE('',*,*,#10766,.T.);
#10766 = EDGE_CURVE('',#10759,#10735,#10767,.T.);
#10767 = LINE('',#10768,#10769);
#10768 = CARTESIAN_POINT('',(-3.7,0.3,0.62));
#10769 = VECTOR('',#10770,1.);
#10770 = DIRECTION('',(0.,1.,0.));
#10771 = ORIENTED_EDGE('',*,*,#10734,.F.);
#10772 = PLANE('',#10773);
#10773 = AXIS2_PLACEMENT_3D('',#10774,#10775,#10776);
#10774 = CARTESIAN_POINT('',(-4.,0.3,0.62));
#10775 = DIRECTION('',(0.,0.,1.));
#10776 = DIRECTION('',(0.,1.,0.));
#10777 = ADVANCED_FACE('',(#10778),#10796,.F.);
#10778 = FACE_BOUND('',#10779,.F.);
#10779 = EDGE_LOOP('',(#10780,#10781,#10789,#10795));
#10780 = ORIENTED_EDGE('',*,*,#10047,.F.);
#10781 = ORIENTED_EDGE('',*,*,#10782,.T.);
#10782 = EDGE_CURVE('',#10040,#10783,#10785,.T.);
#10783 = VERTEX_POINT('',#10784);
#10784 = CARTESIAN_POINT('',(-3.7,0.3,7.E-02));
#10785 = LINE('',#10786,#10787);
#10786 = CARTESIAN_POINT('',(-4.,0.3,7.E-02));
#10787 = VECTOR('',#10788,1.);
#10788 = DIRECTION('',(1.,0.,0.));
#10789 = ORIENTED_EDGE('',*,*,#10790,.T.);
#10790 = EDGE_CURVE('',#10783,#10759,#10791,.T.);
#10791 = LINE('',#10792,#10793);
#10792 = CARTESIAN_POINT('',(-3.7,0.3,2.E-02));
#10793 = VECTOR('',#10794,1.);
#10794 = DIRECTION('',(0.,0.,1.));
#10795 = ORIENTED_EDGE('',*,*,#10758,.F.);
#10796 = PLANE('',#10797);
#10797 = AXIS2_PLACEMENT_3D('',#10798,#10799,#10800);
#10798 = CARTESIAN_POINT('',(-4.,0.3,7.E-02));
#10799 = DIRECTION('',(0.,-1.,0.));
#10800 = DIRECTION('',(0.,0.,1.));
#10801 = ADVANCED_FACE('',(#10802),#10990,.F.);
#10802 = FACE_BOUND('',#10803,.F.);
#10803 = EDGE_LOOP('',(#10804,#10805,#10806,#10814,#10822,#10828,#10829,
    #10837,#10845,#10851,#10852,#10860,#10868,#10874,#10875,#10883,
    #10891,#10897,#10898,#10906,#10914,#10920,#10921,#10929,#10937,
    #10943,#10944,#10952,#10960,#10968,#10974,#10975,#10983,#10989));
#10804 = ORIENTED_EDGE('',*,*,#10039,.F.);
#10805 = ORIENTED_EDGE('',*,*,#10335,.T.);
#10806 = ORIENTED_EDGE('',*,*,#10807,.T.);
#10807 = EDGE_CURVE('',#10328,#10808,#10810,.T.);
#10808 = VERTEX_POINT('',#10809);
#10809 = CARTESIAN_POINT('',(-2.6,-1.,7.E-02));
#10810 = LINE('',#10811,#10812);
#10811 = CARTESIAN_POINT('',(-2.6,-1.1,7.E-02));
#10812 = VECTOR('',#10813,1.);
#10813 = DIRECTION('',(0.,1.,0.));
#10814 = ORIENTED_EDGE('',*,*,#10815,.T.);
#10815 = EDGE_CURVE('',#10808,#10816,#10818,.T.);
#10816 = VERTEX_POINT('',#10817);
#10817 = CARTESIAN_POINT('',(-2.4,-1.,7.E-02));
#10818 = LINE('',#10819,#10820);
#10819 = CARTESIAN_POINT('',(-2.6,-1.,7.E-02));
#10820 = VECTOR('',#10821,1.);
#10821 = DIRECTION('',(1.,0.,0.));
#10822 = ORIENTED_EDGE('',*,*,#10823,.F.);
#10823 = EDGE_CURVE('',#10304,#10816,#10824,.T.);
#10824 = LINE('',#10825,#10826);
#10825 = CARTESIAN_POINT('',(-2.4,-1.1,7.E-02));
#10826 = VECTOR('',#10827,1.);
#10827 = DIRECTION('',(0.,1.,0.));
#10828 = ORIENTED_EDGE('',*,*,#10303,.T.);
#10829 = ORIENTED_EDGE('',*,*,#10830,.T.);
#10830 = EDGE_CURVE('',#10296,#10831,#10833,.T.);
#10831 = VERTEX_POINT('',#10832);
#10832 = CARTESIAN_POINT('',(-1.6,-1.,7.E-02));
#10833 = LINE('',#10834,#10835);
#10834 = CARTESIAN_POINT('',(-1.6,-1.1,7.E-02));
#10835 = VECTOR('',#10836,1.);
#10836 = DIRECTION('',(0.,1.,0.));
#10837 = ORIENTED_EDGE('',*,*,#10838,.T.);
#10838 = EDGE_CURVE('',#10831,#10839,#10841,.T.);
#10839 = VERTEX_POINT('',#10840);
#10840 = CARTESIAN_POINT('',(-1.4,-1.,7.E-02));
#10841 = LINE('',#10842,#10843);
#10842 = CARTESIAN_POINT('',(-1.6,-1.,7.E-02));
#10843 = VECTOR('',#10844,1.);
#10844 = DIRECTION('',(1.,0.,0.));
#10845 = ORIENTED_EDGE('',*,*,#10846,.F.);
#10846 = EDGE_CURVE('',#10272,#10839,#10847,.T.);
#10847 = LINE('',#10848,#10849);
#10848 = CARTESIAN_POINT('',(-1.4,-1.1,7.E-02));
#10849 = VECTOR('',#10850,1.);
#10850 = DIRECTION('',(0.,1.,0.));
#10851 = ORIENTED_EDGE('',*,*,#10271,.T.);
#10852 = ORIENTED_EDGE('',*,*,#10853,.T.);
#10853 = EDGE_CURVE('',#10264,#10854,#10856,.T.);
#10854 = VERTEX_POINT('',#10855);
#10855 = CARTESIAN_POINT('',(-0.6,-1.,7.E-02));
#10856 = LINE('',#10857,#10858);
#10857 = CARTESIAN_POINT('',(-0.6,-1.1,7.E-02));
#10858 = VECTOR('',#10859,1.);
#10859 = DIRECTION('',(0.,1.,0.));
#10860 = ORIENTED_EDGE('',*,*,#10861,.T.);
#10861 = EDGE_CURVE('',#10854,#10862,#10864,.T.);
#10862 = VERTEX_POINT('',#10863);
#10863 = CARTESIAN_POINT('',(-0.4,-1.,7.E-02));
#10864 = LINE('',#10865,#10866);
#10865 = CARTESIAN_POINT('',(-0.6,-1.,7.E-02));
#10866 = VECTOR('',#10867,1.);
#10867 = DIRECTION('',(1.,0.,0.));
#10868 = ORIENTED_EDGE('',*,*,#10869,.F.);
#10869 = EDGE_CURVE('',#10240,#10862,#10870,.T.);
#10870 = LINE('',#10871,#10872);
#10871 = CARTESIAN_POINT('',(-0.4,-1.1,7.E-02));
#10872 = VECTOR('',#10873,1.);
#10873 = DIRECTION('',(0.,1.,0.));
#10874 = ORIENTED_EDGE('',*,*,#10239,.T.);
#10875 = ORIENTED_EDGE('',*,*,#10876,.T.);
#10876 = EDGE_CURVE('',#10232,#10877,#10879,.T.);
#10877 = VERTEX_POINT('',#10878);
#10878 = CARTESIAN_POINT('',(0.4,-1.,7.E-02));
#10879 = LINE('',#10880,#10881);
#10880 = CARTESIAN_POINT('',(0.4,-1.1,7.E-02));
#10881 = VECTOR('',#10882,1.);
#10882 = DIRECTION('',(0.,1.,0.));
#10883 = ORIENTED_EDGE('',*,*,#10884,.T.);
#10884 = EDGE_CURVE('',#10877,#10885,#10887,.T.);
#10885 = VERTEX_POINT('',#10886);
#10886 = CARTESIAN_POINT('',(0.6,-1.,7.E-02));
#10887 = LINE('',#10888,#10889);
#10888 = CARTESIAN_POINT('',(0.4,-1.,7.E-02));
#10889 = VECTOR('',#10890,1.);
#10890 = DIRECTION('',(1.,0.,0.));
#10891 = ORIENTED_EDGE('',*,*,#10892,.F.);
#10892 = EDGE_CURVE('',#10208,#10885,#10893,.T.);
#10893 = LINE('',#10894,#10895);
#10894 = CARTESIAN_POINT('',(0.6,-1.1,7.E-02));
#10895 = VECTOR('',#10896,1.);
#10896 = DIRECTION('',(0.,1.,0.));
#10897 = ORIENTED_EDGE('',*,*,#10207,.T.);
#10898 = ORIENTED_EDGE('',*,*,#10899,.T.);
#10899 = EDGE_CURVE('',#10200,#10900,#10902,.T.);
#10900 = VERTEX_POINT('',#10901);
#10901 = CARTESIAN_POINT('',(1.4,-1.,7.E-02));
#10902 = LINE('',#10903,#10904);
#10903 = CARTESIAN_POINT('',(1.4,-1.1,7.E-02));
#10904 = VECTOR('',#10905,1.);
#10905 = DIRECTION('',(0.,1.,0.));
#10906 = ORIENTED_EDGE('',*,*,#10907,.T.);
#10907 = EDGE_CURVE('',#10900,#10908,#10910,.T.);
#10908 = VERTEX_POINT('',#10909);
#10909 = CARTESIAN_POINT('',(1.6,-1.,7.E-02));
#10910 = LINE('',#10911,#10912);
#10911 = CARTESIAN_POINT('',(1.4,-1.,7.E-02));
#10912 = VECTOR('',#10913,1.);
#10913 = DIRECTION('',(1.,0.,0.));
#10914 = ORIENTED_EDGE('',*,*,#10915,.F.);
#10915 = EDGE_CURVE('',#10176,#10908,#10916,.T.);
#10916 = LINE('',#10917,#10918);
#10917 = CARTESIAN_POINT('',(1.6,-1.1,7.E-02));
#10918 = VECTOR('',#10919,1.);
#10919 = DIRECTION('',(0.,1.,0.));
#10920 = ORIENTED_EDGE('',*,*,#10175,.T.);
#10921 = ORIENTED_EDGE('',*,*,#10922,.T.);
#10922 = EDGE_CURVE('',#10168,#10923,#10925,.T.);
#10923 = VERTEX_POINT('',#10924);
#10924 = CARTESIAN_POINT('',(2.4,-1.,7.E-02));
#10925 = LINE('',#10926,#10927);
#10926 = CARTESIAN_POINT('',(2.4,-1.1,7.E-02));
#10927 = VECTOR('',#10928,1.);
#10928 = DIRECTION('',(0.,1.,0.));
#10929 = ORIENTED_EDGE('',*,*,#10930,.T.);
#10930 = EDGE_CURVE('',#10923,#10931,#10933,.T.);
#10931 = VERTEX_POINT('',#10932);
#10932 = CARTESIAN_POINT('',(2.6,-1.,7.E-02));
#10933 = LINE('',#10934,#10935);
#10934 = CARTESIAN_POINT('',(2.4,-1.,7.E-02));
#10935 = VECTOR('',#10936,1.);
#10936 = DIRECTION('',(1.,0.,0.));
#10937 = ORIENTED_EDGE('',*,*,#10938,.F.);
#10938 = EDGE_CURVE('',#10144,#10931,#10939,.T.);
#10939 = LINE('',#10940,#10941);
#10940 = CARTESIAN_POINT('',(2.6,-1.1,7.E-02));
#10941 = VECTOR('',#10942,1.);
#10942 = DIRECTION('',(0.,1.,0.));
#10943 = ORIENTED_EDGE('',*,*,#10143,.T.);
#10944 = ORIENTED_EDGE('',*,*,#10945,.T.);
#10945 = EDGE_CURVE('',#10134,#10946,#10948,.T.);
#10946 = VERTEX_POINT('',#10947);
#10947 = CARTESIAN_POINT('',(4.,0.3,7.E-02));
#10948 = LINE('',#10949,#10950);
#10949 = CARTESIAN_POINT('',(4.,-1.1,7.E-02));
#10950 = VECTOR('',#10951,1.);
#10951 = DIRECTION('',(0.,1.,0.));
#10952 = ORIENTED_EDGE('',*,*,#10953,.F.);
#10953 = EDGE_CURVE('',#10954,#10946,#10956,.T.);
#10954 = VERTEX_POINT('',#10955);
#10955 = CARTESIAN_POINT('',(3.7,0.3,7.E-02));
#10956 = LINE('',#10957,#10958);
#10957 = CARTESIAN_POINT('',(3.5,0.3,7.E-02));
#10958 = VECTOR('',#10959,1.);
#10959 = DIRECTION('',(1.,0.,0.));
#10960 = ORIENTED_EDGE('',*,*,#10961,.F.);
#10961 = EDGE_CURVE('',#10962,#10954,#10964,.T.);
#10962 = VERTEX_POINT('',#10963);
#10963 = CARTESIAN_POINT('',(3.5,0.3,7.E-02));
#10964 = LINE('',#10965,#10966);
#10965 = CARTESIAN_POINT('',(3.5,0.3,7.E-02));
#10966 = VECTOR('',#10967,1.);
#10967 = DIRECTION('',(1.,0.,0.));
#10968 = ORIENTED_EDGE('',*,*,#10969,.F.);
#10969 = EDGE_CURVE('',#10632,#10962,#10970,.T.);
#10970 = LINE('',#10971,#10972);
#10971 = CARTESIAN_POINT('',(3.5,1.8,7.E-02));
#10972 = VECTOR('',#10973,1.);
#10973 = DIRECTION('',(0.,-1.,0.));
#10974 = ORIENTED_EDGE('',*,*,#10629,.F.);
#10975 = ORIENTED_EDGE('',*,*,#10976,.T.);
#10976 = EDGE_CURVE('',#10630,#10977,#10979,.T.);
#10977 = VERTEX_POINT('',#10978);
#10978 = CARTESIAN_POINT('',(-3.5,0.3,7.E-02));
#10979 = LINE('',#10980,#10981);
#10980 = CARTESIAN_POINT('',(-3.5,1.8,7.E-02));
#10981 = VECTOR('',#10982,1.);
#10982 = DIRECTION('',(0.,-1.,0.));
#10983 = ORIENTED_EDGE('',*,*,#10984,.F.);
#10984 = EDGE_CURVE('',#10783,#10977,#10985,.T.);
#10985 = LINE('',#10986,#10987);
#10986 = CARTESIAN_POINT('',(-4.,0.3,7.E-02));
#10987 = VECTOR('',#10988,1.);
#10988 = DIRECTION('',(1.,0.,0.));
#10989 = ORIENTED_EDGE('',*,*,#10782,.F.);
#10990 = PLANE('',#10991);
#10991 = AXIS2_PLACEMENT_3D('',#10992,#10993,#10994);
#10992 = CARTESIAN_POINT('',(-4.,-1.1,7.E-02));
#10993 = DIRECTION('',(0.,0.,1.));
#10994 = DIRECTION('',(1.,0.,-0.));
#10995 = ADVANCED_FACE('',(#10996),#11062,.T.);
#10996 = FACE_BOUND('',#10997,.T.);
#10997 = EDGE_LOOP('',(#10998,#10999,#11000,#11008,#11016,#11024,#11030,
    #11031,#11032,#11040,#11048,#11056));
#10998 = ORIENTED_EDGE('',*,*,#10133,.F.);
#10999 = ORIENTED_EDGE('',*,*,#10945,.T.);
#11000 = ORIENTED_EDGE('',*,*,#11001,.T.);
#11001 = EDGE_CURVE('',#10946,#11002,#11004,.T.);
#11002 = VERTEX_POINT('',#11003);
#11003 = CARTESIAN_POINT('',(4.,0.3,0.62));
#11004 = LINE('',#11005,#11006);
#11005 = CARTESIAN_POINT('',(4.,0.3,7.E-02));
#11006 = VECTOR('',#11007,1.);
#11007 = DIRECTION('',(0.,0.,1.));
#11008 = ORIENTED_EDGE('',*,*,#11009,.T.);
#11009 = EDGE_CURVE('',#11002,#11010,#11012,.T.);
#11010 = VERTEX_POINT('',#11011);
#11011 = CARTESIAN_POINT('',(4.,1.3,0.62));
#11012 = LINE('',#11013,#11014);
#11013 = CARTESIAN_POINT('',(4.,0.3,0.62));
#11014 = VECTOR('',#11015,1.);
#11015 = DIRECTION('',(0.,1.,0.));
#11016 = ORIENTED_EDGE('',*,*,#11017,.T.);
#11017 = EDGE_CURVE('',#11010,#11018,#11020,.T.);
#11018 = VERTEX_POINT('',#11019);
#11019 = CARTESIAN_POINT('',(4.,1.3,1.27));
#11020 = LINE('',#11021,#11022);
#11021 = CARTESIAN_POINT('',(4.,1.3,0.62));
#11022 = VECTOR('',#11023,1.);
#11023 = DIRECTION('',(0.,0.,1.));
#11024 = ORIENTED_EDGE('',*,*,#11025,.T.);
#11025 = EDGE_CURVE('',#11018,#10664,#11026,.T.);
#11026 = LINE('',#11027,#11028);
#11027 = CARTESIAN_POINT('',(4.,1.3,1.27));
#11028 = VECTOR('',#11029,1.);
#11029 = DIRECTION('',(0.,0.865781720524,0.500421834463));
#11030 = ORIENTED_EDGE('',*,*,#10663,.T.);
#11031 = ORIENTED_EDGE('',*,*,#10509,.F.);
#11032 = ORIENTED_EDGE('',*,*,#11033,.T.);
#11033 = EDGE_CURVE('',#10502,#11034,#11036,.T.);
#11034 = VERTEX_POINT('',#11035);
#11035 = CARTESIAN_POINT('',(4.,0.1,3.82));
#11036 = LINE('',#11037,#11038);
#11037 = CARTESIAN_POINT('',(4.,0.1,4.32));
#11038 = VECTOR('',#11039,1.);
#11039 = DIRECTION('',(0.,0.,-1.));
#11040 = ORIENTED_EDGE('',*,*,#11041,.T.);
#11041 = EDGE_CURVE('',#11034,#11042,#11044,.T.);
#11042 = VERTEX_POINT('',#11043);
#11043 = CARTESIAN_POINT('',(4.,-0.55,3.82));
#11044 = LINE('',#11045,#11046);
#11045 = CARTESIAN_POINT('',(4.,0.1,3.82));
#11046 = VECTOR('',#11047,1.);
#11047 = DIRECTION('',(0.,-1.,0.));
#11048 = ORIENTED_EDGE('',*,*,#11049,.T.);
#11049 = EDGE_CURVE('',#11042,#11050,#11052,.T.);
#11050 = VERTEX_POINT('',#11051);
#11051 = CARTESIAN_POINT('',(4.,-0.55,2.82));
#11052 = LINE('',#11053,#11054);
#11053 = CARTESIAN_POINT('',(4.,-0.55,3.82));
#11054 = VECTOR('',#11055,1.);
#11055 = DIRECTION('',(0.,0.,-1.));
#11056 = ORIENTED_EDGE('',*,*,#11057,.T.);
#11057 = EDGE_CURVE('',#11050,#10136,#11058,.T.);
#11058 = LINE('',#11059,#11060);
#11059 = CARTESIAN_POINT('',(4.,-0.55,2.82));
#11060 = VECTOR('',#11061,1.);
#11061 = DIRECTION('',(0.,-1.,0.));
#11062 = PLANE('',#11063);
#11063 = AXIS2_PLACEMENT_3D('',#11064,#11065,#11066);
#11064 = CARTESIAN_POINT('',(4.,-1.1,7.E-02));
#11065 = DIRECTION('',(1.,0.,0.));
#11066 = DIRECTION('',(0.,0.,1.));
#11067 = ADVANCED_FACE('',(#11068),#11086,.F.);
#11068 = FACE_BOUND('',#11069,.F.);
#11069 = EDGE_LOOP('',(#11070,#11078,#11079,#11080));
#11070 = ORIENTED_EDGE('',*,*,#11071,.T.);
#11071 = EDGE_CURVE('',#11072,#11050,#11074,.T.);
#11072 = VERTEX_POINT('',#11073);
#11073 = CARTESIAN_POINT('',(3.5,-0.55,2.82));
#11074 = LINE('',#11075,#11076);
#11075 = CARTESIAN_POINT('',(3.5,-0.55,2.82));
#11076 = VECTOR('',#11077,1.);
#11077 = DIRECTION('',(1.,0.,0.));
#11078 = ORIENTED_EDGE('',*,*,#11057,.T.);
#11079 = ORIENTED_EDGE('',*,*,#10374,.F.);
#11080 = ORIENTED_EDGE('',*,*,#11081,.F.);
#11081 = EDGE_CURVE('',#11072,#10367,#11082,.T.);
#11082 = LINE('',#11083,#11084);
#11083 = CARTESIAN_POINT('',(3.5,-0.55,2.82));
#11084 = VECTOR('',#11085,1.);
#11085 = DIRECTION('',(0.,-1.,0.));
#11086 = PLANE('',#11087);
#11087 = AXIS2_PLACEMENT_3D('',#11088,#11089,#11090);
#11088 = CARTESIAN_POINT('',(3.5,-0.55,2.82));
#11089 = DIRECTION('',(0.,0.,-1.));
#11090 = DIRECTION('',(0.,-1.,0.));
#11091 = ADVANCED_FACE('',(#11092),#11119,.F.);
#11092 = FACE_BOUND('',#11093,.F.);
#11093 = EDGE_LOOP('',(#11094,#11095,#11103,#11111,#11117,#11118));
#11094 = ORIENTED_EDGE('',*,*,#10493,.T.);
#11095 = ORIENTED_EDGE('',*,*,#11096,.T.);
#11096 = EDGE_CURVE('',#10494,#11097,#11099,.T.);
#11097 = VERTEX_POINT('',#11098);
#11098 = CARTESIAN_POINT('',(3.5,0.1,3.82));
#11099 = LINE('',#11100,#11101);
#11100 = CARTESIAN_POINT('',(3.5,0.1,4.32));
#11101 = VECTOR('',#11102,1.);
#11102 = DIRECTION('',(0.,0.,-1.));
#11103 = ORIENTED_EDGE('',*,*,#11104,.T.);
#11104 = EDGE_CURVE('',#11097,#11105,#11107,.T.);
#11105 = VERTEX_POINT('',#11106);
#11106 = CARTESIAN_POINT('',(3.5,-0.55,3.82));
#11107 = LINE('',#11108,#11109);
#11108 = CARTESIAN_POINT('',(3.5,0.1,3.82));
#11109 = VECTOR('',#11110,1.);
#11110 = DIRECTION('',(0.,-1.,0.));
#11111 = ORIENTED_EDGE('',*,*,#11112,.T.);
#11112 = EDGE_CURVE('',#11105,#11072,#11113,.T.);
#11113 = LINE('',#11114,#11115);
#11114 = CARTESIAN_POINT('',(3.5,-0.55,3.82));
#11115 = VECTOR('',#11116,1.);
#11116 = DIRECTION('',(0.,0.,-1.));
#11117 = ORIENTED_EDGE('',*,*,#11081,.T.);
#11118 = ORIENTED_EDGE('',*,*,#10366,.T.);
#11119 = PLANE('',#11120);
#11120 = AXIS2_PLACEMENT_3D('',#11121,#11122,#11123);
#11121 = CARTESIAN_POINT('',(3.5,-0.62037037037,3.69037037037));
#11122 = DIRECTION('',(-1.,-0.,-0.));
#11123 = DIRECTION('',(0.,0.,-1.));
#11124 = ADVANCED_FACE('',(#11125),#11133,.T.);
#11125 = FACE_BOUND('',#11126,.T.);
#11126 = EDGE_LOOP('',(#11127,#11128,#11129,#11130,#11131,#11132));
#11127 = ORIENTED_EDGE('',*,*,#10486,.T.);
#11128 = ORIENTED_EDGE('',*,*,#10468,.T.);
#11129 = ORIENTED_EDGE('',*,*,#10444,.T.);
#11130 = ORIENTED_EDGE('',*,*,#10420,.T.);
#11131 = ORIENTED_EDGE('',*,*,#10396,.T.);
#11132 = ORIENTED_EDGE('',*,*,#10350,.T.);
#11133 = PLANE('',#11134);
#11134 = AXIS2_PLACEMENT_3D('',#11135,#11136,#11137);
#11135 = CARTESIAN_POINT('',(-3.5,-0.62037037037,3.69037037037));
#11136 = DIRECTION('',(-1.,-0.,-0.));
#11137 = DIRECTION('',(0.,0.,-1.));
#11138 = ADVANCED_FACE('',(#11139),#11173,.T.);
#11139 = FACE_BOUND('',#11140,.T.);
#11140 = EDGE_LOOP('',(#11141,#11151,#11157,#11158,#11159,#11167));
#11141 = ORIENTED_EDGE('',*,*,#11142,.T.);
#11142 = EDGE_CURVE('',#11143,#11145,#11147,.T.);
#11143 = VERTEX_POINT('',#11144);
#11144 = CARTESIAN_POINT('',(-2.6,-1.8,0.));
#11145 = VERTEX_POINT('',#11146);
#11146 = CARTESIAN_POINT('',(-2.6,-1.8,0.2));
#11147 = LINE('',#11148,#11149);
#11148 = CARTESIAN_POINT('',(-2.6,-1.8,0.));
#11149 = VECTOR('',#11150,1.);
#11150 = DIRECTION('',(0.,0.,1.));
#11151 = ORIENTED_EDGE('',*,*,#11152,.T.);
#11152 = EDGE_CURVE('',#11145,#10320,#11153,.T.);
#11153 = LINE('',#11154,#11155);
#11154 = CARTESIAN_POINT('',(-2.6,-1.8,0.2));
#11155 = VECTOR('',#11156,1.);
#11156 = DIRECTION('',(0.,1.,0.));
#11157 = ORIENTED_EDGE('',*,*,#10327,.T.);
#11158 = ORIENTED_EDGE('',*,*,#10807,.T.);
#11159 = ORIENTED_EDGE('',*,*,#11160,.T.);
#11160 = EDGE_CURVE('',#10808,#11161,#11163,.T.);
#11161 = VERTEX_POINT('',#11162);
#11162 = CARTESIAN_POINT('',(-2.6,-1.,0.));
#11163 = LINE('',#11164,#11165);
#11164 = CARTESIAN_POINT('',(-2.6,-1.,7.E-02));
#11165 = VECTOR('',#11166,1.);
#11166 = DIRECTION('',(0.,0.,-1.));
#11167 = ORIENTED_EDGE('',*,*,#11168,.T.);
#11168 = EDGE_CURVE('',#11161,#11143,#11169,.T.);
#11169 = LINE('',#11170,#11171);
#11170 = CARTESIAN_POINT('',(-2.6,-1.,0.));
#11171 = VECTOR('',#11172,1.);
#11172 = DIRECTION('',(0.,-1.,0.));
#11173 = PLANE('',#11174);
#11174 = AXIS2_PLACEMENT_3D('',#11175,#11176,#11177);
#11175 = CARTESIAN_POINT('',(-2.6,-1.4065,9.35E-02));
#11176 = DIRECTION('',(-1.,-0.,-0.));
#11177 = DIRECTION('',(0.,0.,-1.));
#11178 = ADVANCED_FACE('',(#11179),#11197,.T.);
#11179 = FACE_BOUND('',#11180,.T.);
#11180 = EDGE_LOOP('',(#11181,#11189,#11195,#11196));
#11181 = ORIENTED_EDGE('',*,*,#11182,.T.);
#11182 = EDGE_CURVE('',#11145,#11183,#11185,.T.);
#11183 = VERTEX_POINT('',#11184);
#11184 = CARTESIAN_POINT('',(-2.4,-1.8,0.2));
#11185 = LINE('',#11186,#11187);
#11186 = CARTESIAN_POINT('',(-2.6,-1.8,0.2));
#11187 = VECTOR('',#11188,1.);
#11188 = DIRECTION('',(1.,0.,0.));
#11189 = ORIENTED_EDGE('',*,*,#11190,.T.);
#11190 = EDGE_CURVE('',#11183,#10312,#11191,.T.);
#11191 = LINE('',#11192,#11193);
#11192 = CARTESIAN_POINT('',(-2.4,-1.8,0.2));
#11193 = VECTOR('',#11194,1.);
#11194 = DIRECTION('',(0.,1.,0.));
#11195 = ORIENTED_EDGE('',*,*,#10319,.F.);
#11196 = ORIENTED_EDGE('',*,*,#11152,.F.);
#11197 = PLANE('',#11198);
#11198 = AXIS2_PLACEMENT_3D('',#11199,#11200,#11201);
#11199 = CARTESIAN_POINT('',(-2.6,-1.8,0.2));
#11200 = DIRECTION('',(0.,0.,1.));
#11201 = DIRECTION('',(0.,1.,0.));
#11202 = ADVANCED_FACE('',(#11203),#11230,.F.);
#11203 = FACE_BOUND('',#11204,.F.);
#11204 = EDGE_LOOP('',(#11205,#11213,#11214,#11215,#11216,#11224));
#11205 = ORIENTED_EDGE('',*,*,#11206,.T.);
#11206 = EDGE_CURVE('',#11207,#11183,#11209,.T.);
#11207 = VERTEX_POINT('',#11208);
#11208 = CARTESIAN_POINT('',(-2.4,-1.8,0.));
#11209 = LINE('',#11210,#11211);
#11210 = CARTESIAN_POINT('',(-2.4,-1.8,0.));
#11211 = VECTOR('',#11212,1.);
#11212 = DIRECTION('',(0.,0.,1.));
#11213 = ORIENTED_EDGE('',*,*,#11190,.T.);
#11214 = ORIENTED_EDGE('',*,*,#10311,.T.);
#11215 = ORIENTED_EDGE('',*,*,#10823,.T.);
#11216 = ORIENTED_EDGE('',*,*,#11217,.T.);
#11217 = EDGE_CURVE('',#10816,#11218,#11220,.T.);
#11218 = VERTEX_POINT('',#11219);
#11219 = CARTESIAN_POINT('',(-2.4,-1.,0.));
#11220 = LINE('',#11221,#11222);
#11221 = CARTESIAN_POINT('',(-2.4,-1.,7.E-02));
#11222 = VECTOR('',#11223,1.);
#11223 = DIRECTION('',(0.,0.,-1.));
#11224 = ORIENTED_EDGE('',*,*,#11225,.T.);
#11225 = EDGE_CURVE('',#11218,#11207,#11226,.T.);
#11226 = LINE('',#11227,#11228);
#11227 = CARTESIAN_POINT('',(-2.4,-1.,0.));
#11228 = VECTOR('',#11229,1.);
#11229 = DIRECTION('',(0.,-1.,0.));
#11230 = PLANE('',#11231);
#11231 = AXIS2_PLACEMENT_3D('',#11232,#11233,#11234);
#11232 = CARTESIAN_POINT('',(-2.4,-1.4065,9.35E-02));
#11233 = DIRECTION('',(-1.,-0.,-0.));
#11234 = DIRECTION('',(0.,0.,-1.));
#11235 = ADVANCED_FACE('',(#11236),#11270,.T.);
#11236 = FACE_BOUND('',#11237,.T.);
#11237 = EDGE_LOOP('',(#11238,#11248,#11254,#11255,#11256,#11264));
#11238 = ORIENTED_EDGE('',*,*,#11239,.T.);
#11239 = EDGE_CURVE('',#11240,#11242,#11244,.T.);
#11240 = VERTEX_POINT('',#11241);
#11241 = CARTESIAN_POINT('',(-1.6,-1.8,0.));
#11242 = VERTEX_POINT('',#11243);
#11243 = CARTESIAN_POINT('',(-1.6,-1.8,0.2));
#11244 = LINE('',#11245,#11246);
#11245 = CARTESIAN_POINT('',(-1.6,-1.8,0.));
#11246 = VECTOR('',#11247,1.);
#11247 = DIRECTION('',(0.,0.,1.));
#11248 = ORIENTED_EDGE('',*,*,#11249,.T.);
#11249 = EDGE_CURVE('',#11242,#10288,#11250,.T.);
#11250 = LINE('',#11251,#11252);
#11251 = CARTESIAN_POINT('',(-1.6,-1.8,0.2));
#11252 = VECTOR('',#11253,1.);
#11253 = DIRECTION('',(0.,1.,0.));
#11254 = ORIENTED_EDGE('',*,*,#10295,.T.);
#11255 = ORIENTED_EDGE('',*,*,#10830,.T.);
#11256 = ORIENTED_EDGE('',*,*,#11257,.T.);
#11257 = EDGE_CURVE('',#10831,#11258,#11260,.T.);
#11258 = VERTEX_POINT('',#11259);
#11259 = CARTESIAN_POINT('',(-1.6,-1.,0.));
#11260 = LINE('',#11261,#11262);
#11261 = CARTESIAN_POINT('',(-1.6,-1.,7.E-02));
#11262 = VECTOR('',#11263,1.);
#11263 = DIRECTION('',(0.,0.,-1.));
#11264 = ORIENTED_EDGE('',*,*,#11265,.T.);
#11265 = EDGE_CURVE('',#11258,#11240,#11266,.T.);
#11266 = LINE('',#11267,#11268);
#11267 = CARTESIAN_POINT('',(-1.6,-1.,0.));
#11268 = VECTOR('',#11269,1.);
#11269 = DIRECTION('',(0.,-1.,0.));
#11270 = PLANE('',#11271);
#11271 = AXIS2_PLACEMENT_3D('',#11272,#11273,#11274);
#11272 = CARTESIAN_POINT('',(-1.6,-1.4065,9.35E-02));
#11273 = DIRECTION('',(-1.,-0.,-0.));
#11274 = DIRECTION('',(0.,0.,-1.));
#11275 = ADVANCED_FACE('',(#11276),#11294,.T.);
#11276 = FACE_BOUND('',#11277,.T.);
#11277 = EDGE_LOOP('',(#11278,#11286,#11292,#11293));
#11278 = ORIENTED_EDGE('',*,*,#11279,.T.);
#11279 = EDGE_CURVE('',#11242,#11280,#11282,.T.);
#11280 = VERTEX_POINT('',#11281);
#11281 = CARTESIAN_POINT('',(-1.4,-1.8,0.2));
#11282 = LINE('',#11283,#11284);
#11283 = CARTESIAN_POINT('',(-1.6,-1.8,0.2));
#11284 = VECTOR('',#11285,1.);
#11285 = DIRECTION('',(1.,0.,0.));
#11286 = ORIENTED_EDGE('',*,*,#11287,.T.);
#11287 = EDGE_CURVE('',#11280,#10280,#11288,.T.);
#11288 = LINE('',#11289,#11290);
#11289 = CARTESIAN_POINT('',(-1.4,-1.8,0.2));
#11290 = VECTOR('',#11291,1.);
#11291 = DIRECTION('',(0.,1.,0.));
#11292 = ORIENTED_EDGE('',*,*,#10287,.F.);
#11293 = ORIENTED_EDGE('',*,*,#11249,.F.);
#11294 = PLANE('',#11295);
#11295 = AXIS2_PLACEMENT_3D('',#11296,#11297,#11298);
#11296 = CARTESIAN_POINT('',(-1.6,-1.8,0.2));
#11297 = DIRECTION('',(0.,0.,1.));
#11298 = DIRECTION('',(0.,1.,0.));
#11299 = ADVANCED_FACE('',(#11300),#11327,.F.);
#11300 = FACE_BOUND('',#11301,.F.);
#11301 = EDGE_LOOP('',(#11302,#11310,#11311,#11312,#11313,#11321));
#11302 = ORIENTED_EDGE('',*,*,#11303,.T.);
#11303 = EDGE_CURVE('',#11304,#11280,#11306,.T.);
#11304 = VERTEX_POINT('',#11305);
#11305 = CARTESIAN_POINT('',(-1.4,-1.8,0.));
#11306 = LINE('',#11307,#11308);
#11307 = CARTESIAN_POINT('',(-1.4,-1.8,0.));
#11308 = VECTOR('',#11309,1.);
#11309 = DIRECTION('',(0.,0.,1.));
#11310 = ORIENTED_EDGE('',*,*,#11287,.T.);
#11311 = ORIENTED_EDGE('',*,*,#10279,.T.);
#11312 = ORIENTED_EDGE('',*,*,#10846,.T.);
#11313 = ORIENTED_EDGE('',*,*,#11314,.T.);
#11314 = EDGE_CURVE('',#10839,#11315,#11317,.T.);
#11315 = VERTEX_POINT('',#11316);
#11316 = CARTESIAN_POINT('',(-1.4,-1.,0.));
#11317 = LINE('',#11318,#11319);
#11318 = CARTESIAN_POINT('',(-1.4,-1.,7.E-02));
#11319 = VECTOR('',#11320,1.);
#11320 = DIRECTION('',(0.,0.,-1.));
#11321 = ORIENTED_EDGE('',*,*,#11322,.T.);
#11322 = EDGE_CURVE('',#11315,#11304,#11323,.T.);
#11323 = LINE('',#11324,#11325);
#11324 = CARTESIAN_POINT('',(-1.4,-1.,0.));
#11325 = VECTOR('',#11326,1.);
#11326 = DIRECTION('',(0.,-1.,0.));
#11327 = PLANE('',#11328);
#11328 = AXIS2_PLACEMENT_3D('',#11329,#11330,#11331);
#11329 = CARTESIAN_POINT('',(-1.4,-1.4065,9.35E-02));
#11330 = DIRECTION('',(-1.,-0.,-0.));
#11331 = DIRECTION('',(0.,0.,-1.));
#11332 = ADVANCED_FACE('',(#11333),#11367,.T.);
#11333 = FACE_BOUND('',#11334,.T.);
#11334 = EDGE_LOOP('',(#11335,#11345,#11351,#11352,#11353,#11361));
#11335 = ORIENTED_EDGE('',*,*,#11336,.T.);
#11336 = EDGE_CURVE('',#11337,#11339,#11341,.T.);
#11337 = VERTEX_POINT('',#11338);
#11338 = CARTESIAN_POINT('',(-0.6,-1.8,0.));
#11339 = VERTEX_POINT('',#11340);
#11340 = CARTESIAN_POINT('',(-0.6,-1.8,0.2));
#11341 = LINE('',#11342,#11343);
#11342 = CARTESIAN_POINT('',(-0.6,-1.8,0.));
#11343 = VECTOR('',#11344,1.);
#11344 = DIRECTION('',(0.,0.,1.));
#11345 = ORIENTED_EDGE('',*,*,#11346,.T.);
#11346 = EDGE_CURVE('',#11339,#10256,#11347,.T.);
#11347 = LINE('',#11348,#11349);
#11348 = CARTESIAN_POINT('',(-0.6,-1.8,0.2));
#11349 = VECTOR('',#11350,1.);
#11350 = DIRECTION('',(0.,1.,0.));
#11351 = ORIENTED_EDGE('',*,*,#10263,.T.);
#11352 = ORIENTED_EDGE('',*,*,#10853,.T.);
#11353 = ORIENTED_EDGE('',*,*,#11354,.T.);
#11354 = EDGE_CURVE('',#10854,#11355,#11357,.T.);
#11355 = VERTEX_POINT('',#11356);
#11356 = CARTESIAN_POINT('',(-0.6,-1.,0.));
#11357 = LINE('',#11358,#11359);
#11358 = CARTESIAN_POINT('',(-0.6,-1.,7.E-02));
#11359 = VECTOR('',#11360,1.);
#11360 = DIRECTION('',(0.,0.,-1.));
#11361 = ORIENTED_EDGE('',*,*,#11362,.T.);
#11362 = EDGE_CURVE('',#11355,#11337,#11363,.T.);
#11363 = LINE('',#11364,#11365);
#11364 = CARTESIAN_POINT('',(-0.6,-1.,0.));
#11365 = VECTOR('',#11366,1.);
#11366 = DIRECTION('',(0.,-1.,0.));
#11367 = PLANE('',#11368);
#11368 = AXIS2_PLACEMENT_3D('',#11369,#11370,#11371);
#11369 = CARTESIAN_POINT('',(-0.6,-1.4065,9.35E-02));
#11370 = DIRECTION('',(-1.,-0.,-0.));
#11371 = DIRECTION('',(0.,0.,-1.));
#11372 = ADVANCED_FACE('',(#11373),#11391,.T.);
#11373 = FACE_BOUND('',#11374,.T.);
#11374 = EDGE_LOOP('',(#11375,#11383,#11389,#11390));
#11375 = ORIENTED_EDGE('',*,*,#11376,.T.);
#11376 = EDGE_CURVE('',#11339,#11377,#11379,.T.);
#11377 = VERTEX_POINT('',#11378);
#11378 = CARTESIAN_POINT('',(-0.4,-1.8,0.2));
#11379 = LINE('',#11380,#11381);
#11380 = CARTESIAN_POINT('',(-0.6,-1.8,0.2));
#11381 = VECTOR('',#11382,1.);
#11382 = DIRECTION('',(1.,0.,0.));
#11383 = ORIENTED_EDGE('',*,*,#11384,.T.);
#11384 = EDGE_CURVE('',#11377,#10248,#11385,.T.);
#11385 = LINE('',#11386,#11387);
#11386 = CARTESIAN_POINT('',(-0.4,-1.8,0.2));
#11387 = VECTOR('',#11388,1.);
#11388 = DIRECTION('',(0.,1.,0.));
#11389 = ORIENTED_EDGE('',*,*,#10255,.F.);
#11390 = ORIENTED_EDGE('',*,*,#11346,.F.);
#11391 = PLANE('',#11392);
#11392 = AXIS2_PLACEMENT_3D('',#11393,#11394,#11395);
#11393 = CARTESIAN_POINT('',(-0.6,-1.8,0.2));
#11394 = DIRECTION('',(0.,0.,1.));
#11395 = DIRECTION('',(0.,1.,0.));
#11396 = ADVANCED_FACE('',(#11397),#11424,.F.);
#11397 = FACE_BOUND('',#11398,.F.);
#11398 = EDGE_LOOP('',(#11399,#11407,#11408,#11409,#11410,#11418));
#11399 = ORIENTED_EDGE('',*,*,#11400,.T.);
#11400 = EDGE_CURVE('',#11401,#11377,#11403,.T.);
#11401 = VERTEX_POINT('',#11402);
#11402 = CARTESIAN_POINT('',(-0.4,-1.8,0.));
#11403 = LINE('',#11404,#11405);
#11404 = CARTESIAN_POINT('',(-0.4,-1.8,0.));
#11405 = VECTOR('',#11406,1.);
#11406 = DIRECTION('',(0.,0.,1.));
#11407 = ORIENTED_EDGE('',*,*,#11384,.T.);
#11408 = ORIENTED_EDGE('',*,*,#10247,.T.);
#11409 = ORIENTED_EDGE('',*,*,#10869,.T.);
#11410 = ORIENTED_EDGE('',*,*,#11411,.T.);
#11411 = EDGE_CURVE('',#10862,#11412,#11414,.T.);
#11412 = VERTEX_POINT('',#11413);
#11413 = CARTESIAN_POINT('',(-0.4,-1.,0.));
#11414 = LINE('',#11415,#11416);
#11415 = CARTESIAN_POINT('',(-0.4,-1.,7.E-02));
#11416 = VECTOR('',#11417,1.);
#11417 = DIRECTION('',(0.,0.,-1.));
#11418 = ORIENTED_EDGE('',*,*,#11419,.T.);
#11419 = EDGE_CURVE('',#11412,#11401,#11420,.T.);
#11420 = LINE('',#11421,#11422);
#11421 = CARTESIAN_POINT('',(-0.4,-1.,0.));
#11422 = VECTOR('',#11423,1.);
#11423 = DIRECTION('',(0.,-1.,0.));
#11424 = PLANE('',#11425);
#11425 = AXIS2_PLACEMENT_3D('',#11426,#11427,#11428);
#11426 = CARTESIAN_POINT('',(-0.4,-1.4065,9.35E-02));
#11427 = DIRECTION('',(-1.,-0.,-0.));
#11428 = DIRECTION('',(0.,0.,-1.));
#11429 = ADVANCED_FACE('',(#11430),#11464,.T.);
#11430 = FACE_BOUND('',#11431,.T.);
#11431 = EDGE_LOOP('',(#11432,#11442,#11448,#11449,#11450,#11458));
#11432 = ORIENTED_EDGE('',*,*,#11433,.T.);
#11433 = EDGE_CURVE('',#11434,#11436,#11438,.T.);
#11434 = VERTEX_POINT('',#11435);
#11435 = CARTESIAN_POINT('',(0.4,-1.8,0.));
#11436 = VERTEX_POINT('',#11437);
#11437 = CARTESIAN_POINT('',(0.4,-1.8,0.2));
#11438 = LINE('',#11439,#11440);
#11439 = CARTESIAN_POINT('',(0.4,-1.8,0.));
#11440 = VECTOR('',#11441,1.);
#11441 = DIRECTION('',(0.,0.,1.));
#11442 = ORIENTED_EDGE('',*,*,#11443,.T.);
#11443 = EDGE_CURVE('',#11436,#10224,#11444,.T.);
#11444 = LINE('',#11445,#11446);
#11445 = CARTESIAN_POINT('',(0.4,-1.8,0.2));
#11446 = VECTOR('',#11447,1.);
#11447 = DIRECTION('',(0.,1.,0.));
#11448 = ORIENTED_EDGE('',*,*,#10231,.T.);
#11449 = ORIENTED_EDGE('',*,*,#10876,.T.);
#11450 = ORIENTED_EDGE('',*,*,#11451,.T.);
#11451 = EDGE_CURVE('',#10877,#11452,#11454,.T.);
#11452 = VERTEX_POINT('',#11453);
#11453 = CARTESIAN_POINT('',(0.4,-1.,0.));
#11454 = LINE('',#11455,#11456);
#11455 = CARTESIAN_POINT('',(0.4,-1.,7.E-02));
#11456 = VECTOR('',#11457,1.);
#11457 = DIRECTION('',(0.,0.,-1.));
#11458 = ORIENTED_EDGE('',*,*,#11459,.T.);
#11459 = EDGE_CURVE('',#11452,#11434,#11460,.T.);
#11460 = LINE('',#11461,#11462);
#11461 = CARTESIAN_POINT('',(0.4,-1.,0.));
#11462 = VECTOR('',#11463,1.);
#11463 = DIRECTION('',(0.,-1.,0.));
#11464 = PLANE('',#11465);
#11465 = AXIS2_PLACEMENT_3D('',#11466,#11467,#11468);
#11466 = CARTESIAN_POINT('',(0.4,-1.4065,9.35E-02));
#11467 = DIRECTION('',(-1.,-0.,-0.));
#11468 = DIRECTION('',(0.,0.,-1.));
#11469 = ADVANCED_FACE('',(#11470),#11488,.T.);
#11470 = FACE_BOUND('',#11471,.T.);
#11471 = EDGE_LOOP('',(#11472,#11480,#11486,#11487));
#11472 = ORIENTED_EDGE('',*,*,#11473,.T.);
#11473 = EDGE_CURVE('',#11436,#11474,#11476,.T.);
#11474 = VERTEX_POINT('',#11475);
#11475 = CARTESIAN_POINT('',(0.6,-1.8,0.2));
#11476 = LINE('',#11477,#11478);
#11477 = CARTESIAN_POINT('',(0.4,-1.8,0.2));
#11478 = VECTOR('',#11479,1.);
#11479 = DIRECTION('',(1.,0.,0.));
#11480 = ORIENTED_EDGE('',*,*,#11481,.T.);
#11481 = EDGE_CURVE('',#11474,#10216,#11482,.T.);
#11482 = LINE('',#11483,#11484);
#11483 = CARTESIAN_POINT('',(0.6,-1.8,0.2));
#11484 = VECTOR('',#11485,1.);
#11485 = DIRECTION('',(0.,1.,0.));
#11486 = ORIENTED_EDGE('',*,*,#10223,.F.);
#11487 = ORIENTED_EDGE('',*,*,#11443,.F.);
#11488 = PLANE('',#11489);
#11489 = AXIS2_PLACEMENT_3D('',#11490,#11491,#11492);
#11490 = CARTESIAN_POINT('',(0.4,-1.8,0.2));
#11491 = DIRECTION('',(0.,0.,1.));
#11492 = DIRECTION('',(0.,1.,0.));
#11493 = ADVANCED_FACE('',(#11494),#11521,.F.);
#11494 = FACE_BOUND('',#11495,.F.);
#11495 = EDGE_LOOP('',(#11496,#11504,#11505,#11506,#11507,#11515));
#11496 = ORIENTED_EDGE('',*,*,#11497,.T.);
#11497 = EDGE_CURVE('',#11498,#11474,#11500,.T.);
#11498 = VERTEX_POINT('',#11499);
#11499 = CARTESIAN_POINT('',(0.6,-1.8,0.));
#11500 = LINE('',#11501,#11502);
#11501 = CARTESIAN_POINT('',(0.6,-1.8,0.));
#11502 = VECTOR('',#11503,1.);
#11503 = DIRECTION('',(0.,0.,1.));
#11504 = ORIENTED_EDGE('',*,*,#11481,.T.);
#11505 = ORIENTED_EDGE('',*,*,#10215,.T.);
#11506 = ORIENTED_EDGE('',*,*,#10892,.T.);
#11507 = ORIENTED_EDGE('',*,*,#11508,.T.);
#11508 = EDGE_CURVE('',#10885,#11509,#11511,.T.);
#11509 = VERTEX_POINT('',#11510);
#11510 = CARTESIAN_POINT('',(0.6,-1.,0.));
#11511 = LINE('',#11512,#11513);
#11512 = CARTESIAN_POINT('',(0.6,-1.,7.E-02));
#11513 = VECTOR('',#11514,1.);
#11514 = DIRECTION('',(0.,0.,-1.));
#11515 = ORIENTED_EDGE('',*,*,#11516,.T.);
#11516 = EDGE_CURVE('',#11509,#11498,#11517,.T.);
#11517 = LINE('',#11518,#11519);
#11518 = CARTESIAN_POINT('',(0.6,-1.,0.));
#11519 = VECTOR('',#11520,1.);
#11520 = DIRECTION('',(0.,-1.,0.));
#11521 = PLANE('',#11522);
#11522 = AXIS2_PLACEMENT_3D('',#11523,#11524,#11525);
#11523 = CARTESIAN_POINT('',(0.6,-1.4065,9.35E-02));
#11524 = DIRECTION('',(-1.,-0.,-0.));
#11525 = DIRECTION('',(0.,0.,-1.));
#11526 = ADVANCED_FACE('',(#11527),#11561,.T.);
#11527 = FACE_BOUND('',#11528,.T.);
#11528 = EDGE_LOOP('',(#11529,#11539,#11545,#11546,#11547,#11555));
#11529 = ORIENTED_EDGE('',*,*,#11530,.T.);
#11530 = EDGE_CURVE('',#11531,#11533,#11535,.T.);
#11531 = VERTEX_POINT('',#11532);
#11532 = CARTESIAN_POINT('',(1.4,-1.8,0.));
#11533 = VERTEX_POINT('',#11534);
#11534 = CARTESIAN_POINT('',(1.4,-1.8,0.2));
#11535 = LINE('',#11536,#11537);
#11536 = CARTESIAN_POINT('',(1.4,-1.8,0.));
#11537 = VECTOR('',#11538,1.);
#11538 = DIRECTION('',(0.,0.,1.));
#11539 = ORIENTED_EDGE('',*,*,#11540,.T.);
#11540 = EDGE_CURVE('',#11533,#10192,#11541,.T.);
#11541 = LINE('',#11542,#11543);
#11542 = CARTESIAN_POINT('',(1.4,-1.8,0.2));
#11543 = VECTOR('',#11544,1.);
#11544 = DIRECTION('',(0.,1.,0.));
#11545 = ORIENTED_EDGE('',*,*,#10199,.T.);
#11546 = ORIENTED_EDGE('',*,*,#10899,.T.);
#11547 = ORIENTED_EDGE('',*,*,#11548,.T.);
#11548 = EDGE_CURVE('',#10900,#11549,#11551,.T.);
#11549 = VERTEX_POINT('',#11550);
#11550 = CARTESIAN_POINT('',(1.4,-1.,0.));
#11551 = LINE('',#11552,#11553);
#11552 = CARTESIAN_POINT('',(1.4,-1.,7.E-02));
#11553 = VECTOR('',#11554,1.);
#11554 = DIRECTION('',(0.,0.,-1.));
#11555 = ORIENTED_EDGE('',*,*,#11556,.T.);
#11556 = EDGE_CURVE('',#11549,#11531,#11557,.T.);
#11557 = LINE('',#11558,#11559);
#11558 = CARTESIAN_POINT('',(1.4,-1.,0.));
#11559 = VECTOR('',#11560,1.);
#11560 = DIRECTION('',(0.,-1.,0.));
#11561 = PLANE('',#11562);
#11562 = AXIS2_PLACEMENT_3D('',#11563,#11564,#11565);
#11563 = CARTESIAN_POINT('',(1.4,-1.4065,9.35E-02));
#11564 = DIRECTION('',(-1.,-0.,-0.));
#11565 = DIRECTION('',(0.,0.,-1.));
#11566 = ADVANCED_FACE('',(#11567),#11585,.T.);
#11567 = FACE_BOUND('',#11568,.T.);
#11568 = EDGE_LOOP('',(#11569,#11577,#11583,#11584));
#11569 = ORIENTED_EDGE('',*,*,#11570,.T.);
#11570 = EDGE_CURVE('',#11533,#11571,#11573,.T.);
#11571 = VERTEX_POINT('',#11572);
#11572 = CARTESIAN_POINT('',(1.6,-1.8,0.2));
#11573 = LINE('',#11574,#11575);
#11574 = CARTESIAN_POINT('',(1.4,-1.8,0.2));
#11575 = VECTOR('',#11576,1.);
#11576 = DIRECTION('',(1.,0.,0.));
#11577 = ORIENTED_EDGE('',*,*,#11578,.T.);
#11578 = EDGE_CURVE('',#11571,#10184,#11579,.T.);
#11579 = LINE('',#11580,#11581);
#11580 = CARTESIAN_POINT('',(1.6,-1.8,0.2));
#11581 = VECTOR('',#11582,1.);
#11582 = DIRECTION('',(0.,1.,0.));
#11583 = ORIENTED_EDGE('',*,*,#10191,.F.);
#11584 = ORIENTED_EDGE('',*,*,#11540,.F.);
#11585 = PLANE('',#11586);
#11586 = AXIS2_PLACEMENT_3D('',#11587,#11588,#11589);
#11587 = CARTESIAN_POINT('',(1.4,-1.8,0.2));
#11588 = DIRECTION('',(0.,0.,1.));
#11589 = DIRECTION('',(0.,1.,0.));
#11590 = ADVANCED_FACE('',(#11591),#11618,.F.);
#11591 = FACE_BOUND('',#11592,.F.);
#11592 = EDGE_LOOP('',(#11593,#11601,#11602,#11603,#11604,#11612));
#11593 = ORIENTED_EDGE('',*,*,#11594,.T.);
#11594 = EDGE_CURVE('',#11595,#11571,#11597,.T.);
#11595 = VERTEX_POINT('',#11596);
#11596 = CARTESIAN_POINT('',(1.6,-1.8,0.));
#11597 = LINE('',#11598,#11599);
#11598 = CARTESIAN_POINT('',(1.6,-1.8,0.));
#11599 = VECTOR('',#11600,1.);
#11600 = DIRECTION('',(0.,0.,1.));
#11601 = ORIENTED_EDGE('',*,*,#11578,.T.);
#11602 = ORIENTED_EDGE('',*,*,#10183,.T.);
#11603 = ORIENTED_EDGE('',*,*,#10915,.T.);
#11604 = ORIENTED_EDGE('',*,*,#11605,.T.);
#11605 = EDGE_CURVE('',#10908,#11606,#11608,.T.);
#11606 = VERTEX_POINT('',#11607);
#11607 = CARTESIAN_POINT('',(1.6,-1.,0.));
#11608 = LINE('',#11609,#11610);
#11609 = CARTESIAN_POINT('',(1.6,-1.,7.E-02));
#11610 = VECTOR('',#11611,1.);
#11611 = DIRECTION('',(0.,0.,-1.));
#11612 = ORIENTED_EDGE('',*,*,#11613,.T.);
#11613 = EDGE_CURVE('',#11606,#11595,#11614,.T.);
#11614 = LINE('',#11615,#11616);
#11615 = CARTESIAN_POINT('',(1.6,-1.,0.));
#11616 = VECTOR('',#11617,1.);
#11617 = DIRECTION('',(0.,-1.,0.));
#11618 = PLANE('',#11619);
#11619 = AXIS2_PLACEMENT_3D('',#11620,#11621,#11622);
#11620 = CARTESIAN_POINT('',(1.6,-1.4065,9.35E-02));
#11621 = DIRECTION('',(-1.,-0.,-0.));
#11622 = DIRECTION('',(0.,0.,-1.));
#11623 = ADVANCED_FACE('',(#11624),#11658,.T.);
#11624 = FACE_BOUND('',#11625,.T.);
#11625 = EDGE_LOOP('',(#11626,#11636,#11642,#11643,#11644,#11652));
#11626 = ORIENTED_EDGE('',*,*,#11627,.T.);
#11627 = EDGE_CURVE('',#11628,#11630,#11632,.T.);
#11628 = VERTEX_POINT('',#11629);
#11629 = CARTESIAN_POINT('',(2.4,-1.8,0.));
#11630 = VERTEX_POINT('',#11631);
#11631 = CARTESIAN_POINT('',(2.4,-1.8,0.2));
#11632 = LINE('',#11633,#11634);
#11633 = CARTESIAN_POINT('',(2.4,-1.8,0.));
#11634 = VECTOR('',#11635,1.);
#11635 = DIRECTION('',(0.,0.,1.));
#11636 = ORIENTED_EDGE('',*,*,#11637,.T.);
#11637 = EDGE_CURVE('',#11630,#10160,#11638,.T.);
#11638 = LINE('',#11639,#11640);
#11639 = CARTESIAN_POINT('',(2.4,-1.8,0.2));
#11640 = VECTOR('',#11641,1.);
#11641 = DIRECTION('',(0.,1.,0.));
#11642 = ORIENTED_EDGE('',*,*,#10167,.T.);
#11643 = ORIENTED_EDGE('',*,*,#10922,.T.);
#11644 = ORIENTED_EDGE('',*,*,#11645,.T.);
#11645 = EDGE_CURVE('',#10923,#11646,#11648,.T.);
#11646 = VERTEX_POINT('',#11647);
#11647 = CARTESIAN_POINT('',(2.4,-1.,0.));
#11648 = LINE('',#11649,#11650);
#11649 = CARTESIAN_POINT('',(2.4,-1.,7.E-02));
#11650 = VECTOR('',#11651,1.);
#11651 = DIRECTION('',(0.,0.,-1.));
#11652 = ORIENTED_EDGE('',*,*,#11653,.T.);
#11653 = EDGE_CURVE('',#11646,#11628,#11654,.T.);
#11654 = LINE('',#11655,#11656);
#11655 = CARTESIAN_POINT('',(2.4,-1.,0.));
#11656 = VECTOR('',#11657,1.);
#11657 = DIRECTION('',(0.,-1.,0.));
#11658 = PLANE('',#11659);
#11659 = AXIS2_PLACEMENT_3D('',#11660,#11661,#11662);
#11660 = CARTESIAN_POINT('',(2.4,-1.4065,9.35E-02));
#11661 = DIRECTION('',(-1.,-0.,-0.));
#11662 = DIRECTION('',(0.,0.,-1.));
#11663 = ADVANCED_FACE('',(#11664),#11682,.T.);
#11664 = FACE_BOUND('',#11665,.T.);
#11665 = EDGE_LOOP('',(#11666,#11674,#11680,#11681));
#11666 = ORIENTED_EDGE('',*,*,#11667,.T.);
#11667 = EDGE_CURVE('',#11630,#11668,#11670,.T.);
#11668 = VERTEX_POINT('',#11669);
#11669 = CARTESIAN_POINT('',(2.6,-1.8,0.2));
#11670 = LINE('',#11671,#11672);
#11671 = CARTESIAN_POINT('',(2.4,-1.8,0.2));
#11672 = VECTOR('',#11673,1.);
#11673 = DIRECTION('',(1.,0.,0.));
#11674 = ORIENTED_EDGE('',*,*,#11675,.T.);
#11675 = EDGE_CURVE('',#11668,#10152,#11676,.T.);
#11676 = LINE('',#11677,#11678);
#11677 = CARTESIAN_POINT('',(2.6,-1.8,0.2));
#11678 = VECTOR('',#11679,1.);
#11679 = DIRECTION('',(0.,1.,0.));
#11680 = ORIENTED_EDGE('',*,*,#10159,.F.);
#11681 = ORIENTED_EDGE('',*,*,#11637,.F.);
#11682 = PLANE('',#11683);
#11683 = AXIS2_PLACEMENT_3D('',#11684,#11685,#11686);
#11684 = CARTESIAN_POINT('',(2.4,-1.8,0.2));
#11685 = DIRECTION('',(0.,0.,1.));
#11686 = DIRECTION('',(0.,1.,0.));
#11687 = ADVANCED_FACE('',(#11688),#11715,.F.);
#11688 = FACE_BOUND('',#11689,.F.);
#11689 = EDGE_LOOP('',(#11690,#11698,#11699,#11700,#11701,#11709));
#11690 = ORIENTED_EDGE('',*,*,#11691,.T.);
#11691 = EDGE_CURVE('',#11692,#11668,#11694,.T.);
#11692 = VERTEX_POINT('',#11693);
#11693 = CARTESIAN_POINT('',(2.6,-1.8,0.));
#11694 = LINE('',#11695,#11696);
#11695 = CARTESIAN_POINT('',(2.6,-1.8,0.));
#11696 = VECTOR('',#11697,1.);
#11697 = DIRECTION('',(0.,0.,1.));
#11698 = ORIENTED_EDGE('',*,*,#11675,.T.);
#11699 = ORIENTED_EDGE('',*,*,#10151,.T.);
#11700 = ORIENTED_EDGE('',*,*,#10938,.T.);
#11701 = ORIENTED_EDGE('',*,*,#11702,.T.);
#11702 = EDGE_CURVE('',#10931,#11703,#11705,.T.);
#11703 = VERTEX_POINT('',#11704);
#11704 = CARTESIAN_POINT('',(2.6,-1.,0.));
#11705 = LINE('',#11706,#11707);
#11706 = CARTESIAN_POINT('',(2.6,-1.,7.E-02));
#11707 = VECTOR('',#11708,1.);
#11708 = DIRECTION('',(0.,0.,-1.));
#11709 = ORIENTED_EDGE('',*,*,#11710,.T.);
#11710 = EDGE_CURVE('',#11703,#11692,#11711,.T.);
#11711 = LINE('',#11712,#11713);
#11712 = CARTESIAN_POINT('',(2.6,-1.,0.));
#11713 = VECTOR('',#11714,1.);
#11714 = DIRECTION('',(0.,-1.,0.));
#11715 = PLANE('',#11716);
#11716 = AXIS2_PLACEMENT_3D('',#11717,#11718,#11719);
#11717 = CARTESIAN_POINT('',(2.6,-1.4065,9.35E-02));
#11718 = DIRECTION('',(-1.,-0.,-0.));
#11719 = DIRECTION('',(0.,0.,-1.));
#11720 = ADVANCED_FACE('',(#11721),#11732,.F.);
#11721 = FACE_BOUND('',#11722,.F.);
#11722 = EDGE_LOOP('',(#11723,#11724,#11725,#11731));
#11723 = ORIENTED_EDGE('',*,*,#10501,.T.);
#11724 = ORIENTED_EDGE('',*,*,#11033,.T.);
#11725 = ORIENTED_EDGE('',*,*,#11726,.F.);
#11726 = EDGE_CURVE('',#11097,#11034,#11727,.T.);
#11727 = LINE('',#11728,#11729);
#11728 = CARTESIAN_POINT('',(3.5,0.1,3.82));
#11729 = VECTOR('',#11730,1.);
#11730 = DIRECTION('',(1.,0.,0.));
#11731 = ORIENTED_EDGE('',*,*,#11096,.F.);
#11732 = PLANE('',#11733);
#11733 = AXIS2_PLACEMENT_3D('',#11734,#11735,#11736);
#11734 = CARTESIAN_POINT('',(3.5,0.1,4.32));
#11735 = DIRECTION('',(0.,1.,0.));
#11736 = DIRECTION('',(0.,0.,-1.));
#11737 = ADVANCED_FACE('',(#11738),#11786,.F.);
#11738 = FACE_BOUND('',#11739,.F.);
#11739 = EDGE_LOOP('',(#11740,#11741,#11749,#11757,#11763,#11764,#11772,
    #11780));
#11740 = ORIENTED_EDGE('',*,*,#10525,.F.);
#11741 = ORIENTED_EDGE('',*,*,#11742,.T.);
#11742 = EDGE_CURVE('',#10526,#11743,#11745,.T.);
#11743 = VERTEX_POINT('',#11744);
#11744 = CARTESIAN_POINT('',(3.2,-0.7,1.32));
#11745 = LINE('',#11746,#11747);
#11746 = CARTESIAN_POINT('',(3.2,-0.7,4.32));
#11747 = VECTOR('',#11748,1.);
#11748 = DIRECTION('',(-0.,-0.,-1.));
#11749 = ORIENTED_EDGE('',*,*,#11750,.T.);
#11750 = EDGE_CURVE('',#11743,#11751,#11753,.T.);
#11751 = VERTEX_POINT('',#11752);
#11752 = CARTESIAN_POINT('',(3.2,1.4,1.32));
#11753 = LINE('',#11754,#11755);
#11754 = CARTESIAN_POINT('',(3.2,-0.7,1.32));
#11755 = VECTOR('',#11756,1.);
#11756 = DIRECTION('',(0.,1.,0.));
#11757 = ORIENTED_EDGE('',*,*,#11758,.F.);
#11758 = EDGE_CURVE('',#10584,#11751,#11759,.T.);
#11759 = LINE('',#11760,#11761);
#11760 = CARTESIAN_POINT('',(3.2,1.4,4.32));
#11761 = VECTOR('',#11762,1.);
#11762 = DIRECTION('',(-0.,-0.,-1.));
#11763 = ORIENTED_EDGE('',*,*,#10591,.F.);
#11764 = ORIENTED_EDGE('',*,*,#11765,.F.);
#11765 = EDGE_CURVE('',#11766,#10592,#11768,.T.);
#11766 = VERTEX_POINT('',#11767);
#11767 = CARTESIAN_POINT('',(3.2,0.9,1.92));
#11768 = LINE('',#11769,#11770);
#11769 = CARTESIAN_POINT('',(3.2,0.9,4.32));
#11770 = VECTOR('',#11771,1.);
#11771 = DIRECTION('',(0.,0.,1.));
#11772 = ORIENTED_EDGE('',*,*,#11773,.T.);
#11773 = EDGE_CURVE('',#11766,#11774,#11776,.T.);
#11774 = VERTEX_POINT('',#11775);
#11775 = CARTESIAN_POINT('',(3.2,0.3,1.92));
#11776 = LINE('',#11777,#11778);
#11777 = CARTESIAN_POINT('',(3.2,-5.E-02,1.92));
#11778 = VECTOR('',#11779,1.);
#11779 = DIRECTION('',(0.,-1.,0.));
#11780 = ORIENTED_EDGE('',*,*,#11781,.F.);
#11781 = EDGE_CURVE('',#10528,#11774,#11782,.T.);
#11782 = LINE('',#11783,#11784);
#11783 = CARTESIAN_POINT('',(3.2,0.3,4.32));
#11784 = VECTOR('',#11785,1.);
#11785 = DIRECTION('',(0.,0.,-1.));
#11786 = PLANE('',#11787);
#11787 = AXIS2_PLACEMENT_3D('',#11788,#11789,#11790);
#11788 = CARTESIAN_POINT('',(3.2,-0.7,4.32));
#11789 = DIRECTION('',(1.,0.,0.));
#11790 = DIRECTION('',(-0.,1.,0.));
#11791 = ADVANCED_FACE('',(#11792),#11810,.F.);
#11792 = FACE_BOUND('',#11793,.F.);
#11793 = EDGE_LOOP('',(#11794,#11795,#11796,#11804));
#11794 = ORIENTED_EDGE('',*,*,#10615,.F.);
#11795 = ORIENTED_EDGE('',*,*,#11781,.T.);
#11796 = ORIENTED_EDGE('',*,*,#11797,.T.);
#11797 = EDGE_CURVE('',#11774,#11798,#11800,.T.);
#11798 = VERTEX_POINT('',#11799);
#11799 = CARTESIAN_POINT('',(3.55,0.3,1.92));
#11800 = LINE('',#11801,#11802);
#11801 = CARTESIAN_POINT('',(-3.55,0.3,1.92));
#11802 = VECTOR('',#11803,1.);
#11803 = DIRECTION('',(1.,0.,0.));
#11804 = ORIENTED_EDGE('',*,*,#11805,.F.);
#11805 = EDGE_CURVE('',#10608,#11798,#11806,.T.);
#11806 = LINE('',#11807,#11808);
#11807 = CARTESIAN_POINT('',(3.55,0.3,4.32));
#11808 = VECTOR('',#11809,1.);
#11809 = DIRECTION('',(-0.,-0.,-1.));
#11810 = PLANE('',#11811);
#11811 = AXIS2_PLACEMENT_3D('',#11812,#11813,#11814);
#11812 = CARTESIAN_POINT('',(-3.55,0.3,4.32));
#11813 = DIRECTION('',(0.,-1.,0.));
#11814 = DIRECTION('',(1.,0.,0.));
#11815 = ADVANCED_FACE('',(#11816),#11834,.F.);
#11816 = FACE_BOUND('',#11817,.F.);
#11817 = EDGE_LOOP('',(#11818,#11819,#11827,#11833));
#11818 = ORIENTED_EDGE('',*,*,#11805,.T.);
#11819 = ORIENTED_EDGE('',*,*,#11820,.T.);
#11820 = EDGE_CURVE('',#11798,#11821,#11823,.T.);
#11821 = VERTEX_POINT('',#11822);
#11822 = CARTESIAN_POINT('',(3.55,0.9,1.92));
#11823 = LINE('',#11824,#11825);
#11824 = CARTESIAN_POINT('',(3.55,0.3,1.92));
#11825 = VECTOR('',#11826,1.);
#11826 = DIRECTION('',(0.,1.,0.));
#11827 = ORIENTED_EDGE('',*,*,#11828,.F.);
#11828 = EDGE_CURVE('',#10600,#11821,#11829,.T.);
#11829 = LINE('',#11830,#11831);
#11830 = CARTESIAN_POINT('',(3.55,0.9,4.32));
#11831 = VECTOR('',#11832,1.);
#11832 = DIRECTION('',(-0.,-0.,-1.));
#11833 = ORIENTED_EDGE('',*,*,#10607,.F.);
#11834 = PLANE('',#11835);
#11835 = AXIS2_PLACEMENT_3D('',#11836,#11837,#11838);
#11836 = CARTESIAN_POINT('',(3.55,0.3,4.32));
#11837 = DIRECTION('',(1.,0.,0.));
#11838 = DIRECTION('',(-0.,1.,0.));
#11839 = ADVANCED_FACE('',(#11840),#11851,.F.);
#11840 = FACE_BOUND('',#11841,.F.);
#11841 = EDGE_LOOP('',(#11842,#11843,#11844,#11850));
#11842 = ORIENTED_EDGE('',*,*,#10599,.F.);
#11843 = ORIENTED_EDGE('',*,*,#11828,.T.);
#11844 = ORIENTED_EDGE('',*,*,#11845,.T.);
#11845 = EDGE_CURVE('',#11821,#11766,#11846,.T.);
#11846 = LINE('',#11847,#11848);
#11847 = CARTESIAN_POINT('',(3.55,0.9,1.92));
#11848 = VECTOR('',#11849,1.);
#11849 = DIRECTION('',(-1.,0.,0.));
#11850 = ORIENTED_EDGE('',*,*,#11765,.T.);
#11851 = PLANE('',#11852);
#11852 = AXIS2_PLACEMENT_3D('',#11853,#11854,#11855);
#11853 = CARTESIAN_POINT('',(3.55,0.9,4.32));
#11854 = DIRECTION('',(0.,1.,0.));
#11855 = DIRECTION('',(-1.,0.,0.));
#11856 = ADVANCED_FACE('',(#11857),#11875,.F.);
#11857 = FACE_BOUND('',#11858,.F.);
#11858 = EDGE_LOOP('',(#11859,#11860,#11868,#11874));
#11859 = ORIENTED_EDGE('',*,*,#11758,.T.);
#11860 = ORIENTED_EDGE('',*,*,#11861,.T.);
#11861 = EDGE_CURVE('',#11751,#11862,#11864,.T.);
#11862 = VERTEX_POINT('',#11863);
#11863 = CARTESIAN_POINT('',(-3.2,1.4,1.32));
#11864 = LINE('',#11865,#11866);
#11865 = CARTESIAN_POINT('',(3.2,1.4,1.32));
#11866 = VECTOR('',#11867,1.);
#11867 = DIRECTION('',(-1.,0.,0.));
#11868 = ORIENTED_EDGE('',*,*,#11869,.F.);
#11869 = EDGE_CURVE('',#10576,#11862,#11870,.T.);
#11870 = LINE('',#11871,#11872);
#11871 = CARTESIAN_POINT('',(-3.2,1.4,4.32));
#11872 = VECTOR('',#11873,1.);
#11873 = DIRECTION('',(-0.,-0.,-1.));
#11874 = ORIENTED_EDGE('',*,*,#10583,.F.);
#11875 = PLANE('',#11876);
#11876 = AXIS2_PLACEMENT_3D('',#11877,#11878,#11879);
#11877 = CARTESIAN_POINT('',(3.2,1.4,4.32));
#11878 = DIRECTION('',(0.,1.,0.));
#11879 = DIRECTION('',(-1.,0.,0.));
#11880 = ADVANCED_FACE('',(#11881),#11922,.F.);
#11881 = FACE_BOUND('',#11882,.F.);
#11882 = EDGE_LOOP('',(#11883,#11884,#11885,#11893,#11899,#11900,#11908,
    #11916));
#11883 = ORIENTED_EDGE('',*,*,#10575,.F.);
#11884 = ORIENTED_EDGE('',*,*,#11869,.T.);
#11885 = ORIENTED_EDGE('',*,*,#11886,.T.);
#11886 = EDGE_CURVE('',#11862,#11887,#11889,.T.);
#11887 = VERTEX_POINT('',#11888);
#11888 = CARTESIAN_POINT('',(-3.2,-0.7,1.32));
#11889 = LINE('',#11890,#11891);
#11890 = CARTESIAN_POINT('',(-3.2,1.4,1.32));
#11891 = VECTOR('',#11892,1.);
#11892 = DIRECTION('',(0.,-1.,0.));
#11893 = ORIENTED_EDGE('',*,*,#11894,.F.);
#11894 = EDGE_CURVE('',#10536,#11887,#11895,.T.);
#11895 = LINE('',#11896,#11897);
#11896 = CARTESIAN_POINT('',(-3.2,-0.7,4.32));
#11897 = VECTOR('',#11898,1.);
#11898 = DIRECTION('',(-0.,-0.,-1.));
#11899 = ORIENTED_EDGE('',*,*,#10543,.F.);
#11900 = ORIENTED_EDGE('',*,*,#11901,.F.);
#11901 = EDGE_CURVE('',#11902,#10544,#11904,.T.);
#11902 = VERTEX_POINT('',#11903);
#11903 = CARTESIAN_POINT('',(-3.2,0.3,1.92));
#11904 = LINE('',#11905,#11906);
#11905 = CARTESIAN_POINT('',(-3.2,0.3,4.32));
#11906 = VECTOR('',#11907,1.);
#11907 = DIRECTION('',(0.,0.,1.));
#11908 = ORIENTED_EDGE('',*,*,#11909,.T.);
#11909 = EDGE_CURVE('',#11902,#11910,#11912,.T.);
#11910 = VERTEX_POINT('',#11911);
#11911 = CARTESIAN_POINT('',(-3.2,0.9,1.92));
#11912 = LINE('',#11913,#11914);
#11913 = CARTESIAN_POINT('',(-3.2,1.,1.92));
#11914 = VECTOR('',#11915,1.);
#11915 = DIRECTION('',(0.,1.,0.));
#11916 = ORIENTED_EDGE('',*,*,#11917,.F.);
#11917 = EDGE_CURVE('',#10568,#11910,#11918,.T.);
#11918 = LINE('',#11919,#11920);
#11919 = CARTESIAN_POINT('',(-3.2,0.9,4.32));
#11920 = VECTOR('',#11921,1.);
#11921 = DIRECTION('',(0.,0.,-1.));
#11922 = PLANE('',#11923);
#11923 = AXIS2_PLACEMENT_3D('',#11924,#11925,#11926);
#11924 = CARTESIAN_POINT('',(-3.2,1.4,4.32));
#11925 = DIRECTION('',(-1.,0.,0.));
#11926 = DIRECTION('',(0.,-1.,0.));
#11927 = ADVANCED_FACE('',(#11928),#11946,.F.);
#11928 = FACE_BOUND('',#11929,.F.);
#11929 = EDGE_LOOP('',(#11930,#11931,#11932,#11940));
#11930 = ORIENTED_EDGE('',*,*,#10567,.F.);
#11931 = ORIENTED_EDGE('',*,*,#11917,.T.);
#11932 = ORIENTED_EDGE('',*,*,#11933,.T.);
#11933 = EDGE_CURVE('',#11910,#11934,#11936,.T.);
#11934 = VERTEX_POINT('',#11935);
#11935 = CARTESIAN_POINT('',(-3.55,0.9,1.92));
#11936 = LINE('',#11937,#11938);
#11937 = CARTESIAN_POINT('',(3.55,0.9,1.92));
#11938 = VECTOR('',#11939,1.);
#11939 = DIRECTION('',(-1.,0.,0.));
#11940 = ORIENTED_EDGE('',*,*,#11941,.F.);
#11941 = EDGE_CURVE('',#10560,#11934,#11942,.T.);
#11942 = LINE('',#11943,#11944);
#11943 = CARTESIAN_POINT('',(-3.55,0.9,4.32));
#11944 = VECTOR('',#11945,1.);
#11945 = DIRECTION('',(-0.,-0.,-1.));
#11946 = PLANE('',#11947);
#11947 = AXIS2_PLACEMENT_3D('',#11948,#11949,#11950);
#11948 = CARTESIAN_POINT('',(3.55,0.9,4.32));
#11949 = DIRECTION('',(0.,1.,0.));
#11950 = DIRECTION('',(-1.,0.,0.));
#11951 = ADVANCED_FACE('',(#11952),#11970,.F.);
#11952 = FACE_BOUND('',#11953,.F.);
#11953 = EDGE_LOOP('',(#11954,#11955,#11963,#11969));
#11954 = ORIENTED_EDGE('',*,*,#11941,.T.);
#11955 = ORIENTED_EDGE('',*,*,#11956,.T.);
#11956 = EDGE_CURVE('',#11934,#11957,#11959,.T.);
#11957 = VERTEX_POINT('',#11958);
#11958 = CARTESIAN_POINT('',(-3.55,0.3,1.92));
#11959 = LINE('',#11960,#11961);
#11960 = CARTESIAN_POINT('',(-3.55,0.9,1.92));
#11961 = VECTOR('',#11962,1.);
#11962 = DIRECTION('',(0.,-1.,0.));
#11963 = ORIENTED_EDGE('',*,*,#11964,.F.);
#11964 = EDGE_CURVE('',#10552,#11957,#11965,.T.);
#11965 = LINE('',#11966,#11967);
#11966 = CARTESIAN_POINT('',(-3.55,0.3,4.32));
#11967 = VECTOR('',#11968,1.);
#11968 = DIRECTION('',(-0.,-0.,-1.));
#11969 = ORIENTED_EDGE('',*,*,#10559,.F.);
#11970 = PLANE('',#11971);
#11971 = AXIS2_PLACEMENT_3D('',#11972,#11973,#11974);
#11972 = CARTESIAN_POINT('',(-3.55,0.9,4.32));
#11973 = DIRECTION('',(-1.,0.,0.));
#11974 = DIRECTION('',(0.,-1.,0.));
#11975 = ADVANCED_FACE('',(#11976),#11987,.F.);
#11976 = FACE_BOUND('',#11977,.F.);
#11977 = EDGE_LOOP('',(#11978,#11979,#11980,#11986));
#11978 = ORIENTED_EDGE('',*,*,#10551,.F.);
#11979 = ORIENTED_EDGE('',*,*,#11964,.T.);
#11980 = ORIENTED_EDGE('',*,*,#11981,.T.);
#11981 = EDGE_CURVE('',#11957,#11902,#11982,.T.);
#11982 = LINE('',#11983,#11984);
#11983 = CARTESIAN_POINT('',(-3.55,0.3,1.92));
#11984 = VECTOR('',#11985,1.);
#11985 = DIRECTION('',(1.,0.,0.));
#11986 = ORIENTED_EDGE('',*,*,#11901,.T.);
#11987 = PLANE('',#11988);
#11988 = AXIS2_PLACEMENT_3D('',#11989,#11990,#11991);
#11989 = CARTESIAN_POINT('',(-3.55,0.3,4.32));
#11990 = DIRECTION('',(0.,-1.,0.));
#11991 = DIRECTION('',(1.,0.,0.));
#11992 = ADVANCED_FACE('',(#11993),#12004,.F.);
#11993 = FACE_BOUND('',#11994,.F.);
#11994 = EDGE_LOOP('',(#11995,#11996,#12002,#12003));
#11995 = ORIENTED_EDGE('',*,*,#11894,.T.);
#11996 = ORIENTED_EDGE('',*,*,#11997,.T.);
#11997 = EDGE_CURVE('',#11887,#11743,#11998,.T.);
#11998 = LINE('',#11999,#12000);
#11999 = CARTESIAN_POINT('',(-3.2,-0.7,1.32));
#12000 = VECTOR('',#12001,1.);
#12001 = DIRECTION('',(1.,0.,0.));
#12002 = ORIENTED_EDGE('',*,*,#11742,.F.);
#12003 = ORIENTED_EDGE('',*,*,#10535,.F.);
#12004 = PLANE('',#12005);
#12005 = AXIS2_PLACEMENT_3D('',#12006,#12007,#12008);
#12006 = CARTESIAN_POINT('',(-3.2,-0.7,4.32));
#12007 = DIRECTION('',(0.,-1.,0.));
#12008 = DIRECTION('',(1.,0.,0.));
#12009 = ADVANCED_FACE('',(#12010),#12027,.F.);
#12010 = FACE_BOUND('',#12011,.F.);
#12011 = EDGE_LOOP('',(#12012,#12013,#12021));
#12012 = ORIENTED_EDGE('',*,*,#10679,.T.);
#12013 = ORIENTED_EDGE('',*,*,#12014,.F.);
#12014 = EDGE_CURVE('',#12015,#10680,#12017,.T.);
#12015 = VERTEX_POINT('',#12016);
#12016 = CARTESIAN_POINT('',(3.5,1.3,1.27));
#12017 = LINE('',#12018,#12019);
#12018 = CARTESIAN_POINT('',(3.5,1.3,1.27));
#12019 = VECTOR('',#12020,1.);
#12020 = DIRECTION('',(0.,1.,0.));
#12021 = ORIENTED_EDGE('',*,*,#12022,.T.);
#12022 = EDGE_CURVE('',#12015,#10672,#12023,.T.);
#12023 = LINE('',#12024,#12025);
#12024 = CARTESIAN_POINT('',(3.5,1.3,1.27));
#12025 = VECTOR('',#12026,1.);
#12026 = DIRECTION('',(0.,0.865781720524,0.500421834463));
#12027 = PLANE('',#12028);
#12028 = AXIS2_PLACEMENT_3D('',#12029,#12030,#12031);
#12029 = CARTESIAN_POINT('',(3.5,1.2070284193,0.61712900941));
#12030 = DIRECTION('',(-1.,-0.,-0.));
#12031 = DIRECTION('',(0.,0.,-1.));
#12032 = ADVANCED_FACE('',(#12033),#12066,.T.);
#12033 = FACE_BOUND('',#12034,.T.);
#12034 = EDGE_LOOP('',(#12035,#12043,#12051,#12059,#12065));
#12035 = ORIENTED_EDGE('',*,*,#12036,.T.);
#12036 = EDGE_CURVE('',#10680,#12037,#12039,.T.);
#12037 = VERTEX_POINT('',#12038);
#12038 = CARTESIAN_POINT('',(3.7,1.8,1.27));
#12039 = LINE('',#12040,#12041);
#12040 = CARTESIAN_POINT('',(3.5,1.8,1.27));
#12041 = VECTOR('',#12042,1.);
#12042 = DIRECTION('',(1.,0.,0.));
#12043 = ORIENTED_EDGE('',*,*,#12044,.T.);
#12044 = EDGE_CURVE('',#12037,#12045,#12047,.T.);
#12045 = VERTEX_POINT('',#12046);
#12046 = CARTESIAN_POINT('',(3.7,1.8,2.E-02));
#12047 = LINE('',#12048,#12049);
#12048 = CARTESIAN_POINT('',(3.7,1.8,1.27));
#12049 = VECTOR('',#12050,1.);
#12050 = DIRECTION('',(0.,0.,-1.));
#12051 = ORIENTED_EDGE('',*,*,#12052,.F.);
#12052 = EDGE_CURVE('',#12053,#12045,#12055,.T.);
#12053 = VERTEX_POINT('',#12054);
#12054 = CARTESIAN_POINT('',(3.5,1.8,2.E-02));
#12055 = LINE('',#12056,#12057);
#12056 = CARTESIAN_POINT('',(3.5,1.8,2.E-02));
#12057 = VECTOR('',#12058,1.);
#12058 = DIRECTION('',(1.,0.,0.));
#12059 = ORIENTED_EDGE('',*,*,#12060,.F.);
#12060 = EDGE_CURVE('',#10632,#12053,#12061,.T.);
#12061 = LINE('',#12062,#12063);
#12062 = CARTESIAN_POINT('',(3.5,1.8,1.27));
#12063 = VECTOR('',#12064,1.);
#12064 = DIRECTION('',(0.,0.,-1.));
#12065 = ORIENTED_EDGE('',*,*,#10687,.F.);
#12066 = PLANE('',#12067);
#12067 = AXIS2_PLACEMENT_3D('',#12068,#12069,#12070);
#12068 = CARTESIAN_POINT('',(3.5,1.8,1.27));
#12069 = DIRECTION('',(0.,1.,0.));
#12070 = DIRECTION('',(0.,0.,-1.));
#12071 = ADVANCED_FACE('',(#12072),#12091,.F.);
#12072 = FACE_BOUND('',#12073,.F.);
#12073 = EDGE_LOOP('',(#12074,#12082,#12088,#12089,#12090));
#12074 = ORIENTED_EDGE('',*,*,#12075,.T.);
#12075 = EDGE_CURVE('',#12015,#12076,#12078,.T.);
#12076 = VERTEX_POINT('',#12077);
#12077 = CARTESIAN_POINT('',(3.7,1.3,1.27));
#12078 = LINE('',#12079,#12080);
#12079 = CARTESIAN_POINT('',(3.5,1.3,1.27));
#12080 = VECTOR('',#12081,1.);
#12081 = DIRECTION('',(1.,0.,0.));
#12082 = ORIENTED_EDGE('',*,*,#12083,.T.);
#12083 = EDGE_CURVE('',#12076,#11018,#12084,.T.);
#12084 = LINE('',#12085,#12086);
#12085 = CARTESIAN_POINT('',(3.5,1.3,1.27));
#12086 = VECTOR('',#12087,1.);
#12087 = DIRECTION('',(1.,0.,0.));
#12088 = ORIENTED_EDGE('',*,*,#11025,.T.);
#12089 = ORIENTED_EDGE('',*,*,#10671,.F.);
#12090 = ORIENTED_EDGE('',*,*,#12022,.F.);
#12091 = PLANE('',#12092);
#12092 = AXIS2_PLACEMENT_3D('',#12093,#12094,#12095);
#12093 = CARTESIAN_POINT('',(3.5,1.3,1.27));
#12094 = DIRECTION('',(0.,-0.500421834463,0.865781720524));
#12095 = DIRECTION('',(0.,0.865781720524,0.500421834463));
#12096 = ADVANCED_FACE('',(#12097),#12107,.T.);
#12097 = FACE_BOUND('',#12098,.T.);
#12098 = EDGE_LOOP('',(#12099,#12100,#12106));
#12099 = ORIENTED_EDGE('',*,*,#10647,.T.);
#12100 = ORIENTED_EDGE('',*,*,#12101,.F.);
#12101 = EDGE_CURVE('',#10710,#10640,#12102,.T.);
#12102 = LINE('',#12103,#12104);
#12103 = CARTESIAN_POINT('',(-3.5,1.3,1.27));
#12104 = VECTOR('',#12105,1.);
#12105 = DIRECTION('',(0.,1.,0.));
#12106 = ORIENTED_EDGE('',*,*,#10717,.T.);
#12107 = PLANE('',#12108);
#12108 = AXIS2_PLACEMENT_3D('',#12109,#12110,#12111);
#12109 = CARTESIAN_POINT('',(-3.5,1.2070284193,0.61712900941));
#12110 = DIRECTION('',(-1.,-0.,-0.));
#12111 = DIRECTION('',(0.,0.,-1.));
#12112 = ADVANCED_FACE('',(#12113),#12146,.T.);
#12113 = FACE_BOUND('',#12114,.T.);
#12114 = EDGE_LOOP('',(#12115,#12123,#12124,#12132,#12140));
#12115 = ORIENTED_EDGE('',*,*,#12116,.T.);
#12116 = EDGE_CURVE('',#12117,#10640,#12119,.T.);
#12117 = VERTEX_POINT('',#12118);
#12118 = CARTESIAN_POINT('',(-3.7,1.8,1.27));
#12119 = LINE('',#12120,#12121);
#12120 = CARTESIAN_POINT('',(-3.7,1.8,1.27));
#12121 = VECTOR('',#12122,1.);
#12122 = DIRECTION('',(1.,0.,0.));
#12123 = ORIENTED_EDGE('',*,*,#10639,.T.);
#12124 = ORIENTED_EDGE('',*,*,#12125,.T.);
#12125 = EDGE_CURVE('',#10630,#12126,#12128,.T.);
#12126 = VERTEX_POINT('',#12127);
#12127 = CARTESIAN_POINT('',(-3.5,1.8,2.E-02));
#12128 = LINE('',#12129,#12130);
#12129 = CARTESIAN_POINT('',(-3.5,1.8,1.27));
#12130 = VECTOR('',#12131,1.);
#12131 = DIRECTION('',(0.,0.,-1.));
#12132 = ORIENTED_EDGE('',*,*,#12133,.F.);
#12133 = EDGE_CURVE('',#12134,#12126,#12136,.T.);
#12134 = VERTEX_POINT('',#12135);
#12135 = CARTESIAN_POINT('',(-3.7,1.8,2.E-02));
#12136 = LINE('',#12137,#12138);
#12137 = CARTESIAN_POINT('',(-3.7,1.8,2.E-02));
#12138 = VECTOR('',#12139,1.);
#12139 = DIRECTION('',(1.,0.,0.));
#12140 = ORIENTED_EDGE('',*,*,#12141,.F.);
#12141 = EDGE_CURVE('',#12117,#12134,#12142,.T.);
#12142 = LINE('',#12143,#12144);
#12143 = CARTESIAN_POINT('',(-3.7,1.8,1.27));
#12144 = VECTOR('',#12145,1.);
#12145 = DIRECTION('',(0.,0.,-1.));
#12146 = PLANE('',#12147);
#12147 = AXIS2_PLACEMENT_3D('',#12148,#12149,#12150);
#12148 = CARTESIAN_POINT('',(-3.7,1.8,1.27));
#12149 = DIRECTION('',(0.,1.,0.));
#12150 = DIRECTION('',(0.,0.,-1.));
#12151 = ADVANCED_FACE('',(#12152),#12163,.T.);
#12152 = FACE_BOUND('',#12153,.T.);
#12153 = EDGE_LOOP('',(#12154,#12155,#12156,#12157));
#12154 = ORIENTED_EDGE('',*,*,#10709,.T.);
#12155 = ORIENTED_EDGE('',*,*,#12101,.T.);
#12156 = ORIENTED_EDGE('',*,*,#12116,.F.);
#12157 = ORIENTED_EDGE('',*,*,#12158,.F.);
#12158 = EDGE_CURVE('',#10702,#12117,#12159,.T.);
#12159 = LINE('',#12160,#12161);
#12160 = CARTESIAN_POINT('',(-3.7,1.3,1.27));
#12161 = VECTOR('',#12162,1.);
#12162 = DIRECTION('',(0.,1.,0.));
#12163 = PLANE('',#12164);
#12164 = AXIS2_PLACEMENT_3D('',#12165,#12166,#12167);
#12165 = CARTESIAN_POINT('',(-3.7,1.3,1.27));
#12166 = DIRECTION('',(0.,0.,1.));
#12167 = DIRECTION('',(0.,1.,0.));
#12168 = ADVANCED_FACE('',(#12169),#12190,.T.);
#12169 = FACE_BOUND('',#12170,.T.);
#12170 = EDGE_LOOP('',(#12171,#12179,#12180,#12181,#12182,#12183,#12184)
  );
#12171 = ORIENTED_EDGE('',*,*,#12172,.T.);
#12172 = EDGE_CURVE('',#12173,#10783,#12175,.T.);
#12173 = VERTEX_POINT('',#12174);
#12174 = CARTESIAN_POINT('',(-3.7,0.3,2.E-02));
#12175 = LINE('',#12176,#12177);
#12176 = CARTESIAN_POINT('',(-3.7,0.3,2.E-02));
#12177 = VECTOR('',#12178,1.);
#12178 = DIRECTION('',(0.,0.,1.));
#12179 = ORIENTED_EDGE('',*,*,#10790,.T.);
#12180 = ORIENTED_EDGE('',*,*,#10766,.T.);
#12181 = ORIENTED_EDGE('',*,*,#10742,.T.);
#12182 = ORIENTED_EDGE('',*,*,#12158,.T.);
#12183 = ORIENTED_EDGE('',*,*,#12141,.T.);
#12184 = ORIENTED_EDGE('',*,*,#12185,.T.);
#12185 = EDGE_CURVE('',#12134,#12173,#12186,.T.);
#12186 = LINE('',#12187,#12188);
#12187 = CARTESIAN_POINT('',(-3.7,1.8,2.E-02));
#12188 = VECTOR('',#12189,1.);
#12189 = DIRECTION('',(0.,-1.,-1.156482317318E-17));
#12190 = PLANE('',#12191);
#12191 = AXIS2_PLACEMENT_3D('',#12192,#12193,#12194);
#12192 = CARTESIAN_POINT('',(-3.7,1.168181818182,0.526818181818));
#12193 = DIRECTION('',(-1.,-0.,-0.));
#12194 = DIRECTION('',(0.,0.,-1.));
#12195 = ADVANCED_FACE('',(#12196),#12214,.T.);
#12196 = FACE_BOUND('',#12197,.T.);
#12197 = EDGE_LOOP('',(#12198,#12199,#12207,#12213));
#12198 = ORIENTED_EDGE('',*,*,#12172,.F.);
#12199 = ORIENTED_EDGE('',*,*,#12200,.T.);
#12200 = EDGE_CURVE('',#12173,#12201,#12203,.T.);
#12201 = VERTEX_POINT('',#12202);
#12202 = CARTESIAN_POINT('',(-3.5,0.3,2.E-02));
#12203 = LINE('',#12204,#12205);
#12204 = CARTESIAN_POINT('',(-3.7,0.3,2.E-02));
#12205 = VECTOR('',#12206,1.);
#12206 = DIRECTION('',(1.,0.,0.));
#12207 = ORIENTED_EDGE('',*,*,#12208,.T.);
#12208 = EDGE_CURVE('',#12201,#10977,#12209,.T.);
#12209 = LINE('',#12210,#12211);
#12210 = CARTESIAN_POINT('',(-3.5,0.3,2.E-02));
#12211 = VECTOR('',#12212,1.);
#12212 = DIRECTION('',(0.,0.,1.));
#12213 = ORIENTED_EDGE('',*,*,#10984,.F.);
#12214 = PLANE('',#12215);
#12215 = AXIS2_PLACEMENT_3D('',#12216,#12217,#12218);
#12216 = CARTESIAN_POINT('',(-3.7,0.3,2.E-02));
#12217 = DIRECTION('',(0.,-1.,0.));
#12218 = DIRECTION('',(0.,0.,1.));
#12219 = ADVANCED_FACE('',(#12220),#12231,.F.);
#12220 = FACE_BOUND('',#12221,.F.);
#12221 = EDGE_LOOP('',(#12222,#12228,#12229,#12230));
#12222 = ORIENTED_EDGE('',*,*,#12223,.T.);
#12223 = EDGE_CURVE('',#12126,#12201,#12224,.T.);
#12224 = LINE('',#12225,#12226);
#12225 = CARTESIAN_POINT('',(-3.5,1.8,2.E-02));
#12226 = VECTOR('',#12227,1.);
#12227 = DIRECTION('',(0.,-1.,-1.156482317318E-17));
#12228 = ORIENTED_EDGE('',*,*,#12208,.T.);
#12229 = ORIENTED_EDGE('',*,*,#10976,.F.);
#12230 = ORIENTED_EDGE('',*,*,#12125,.T.);
#12231 = PLANE('',#12232);
#12232 = AXIS2_PLACEMENT_3D('',#12233,#12234,#12235);
#12233 = CARTESIAN_POINT('',(-3.5,1.168181818182,0.526818181818));
#12234 = DIRECTION('',(-1.,-0.,-0.));
#12235 = DIRECTION('',(0.,0.,-1.));
#12236 = ADVANCED_FACE('',(#12237),#12255,.T.);
#12237 = FACE_BOUND('',#12238,.T.);
#12238 = EDGE_LOOP('',(#12239,#12247,#12253,#12254));
#12239 = ORIENTED_EDGE('',*,*,#12240,.T.);
#12240 = EDGE_CURVE('',#12053,#12241,#12243,.T.);
#12241 = VERTEX_POINT('',#12242);
#12242 = CARTESIAN_POINT('',(3.5,0.3,2.E-02));
#12243 = LINE('',#12244,#12245);
#12244 = CARTESIAN_POINT('',(3.5,1.8,2.E-02));
#12245 = VECTOR('',#12246,1.);
#12246 = DIRECTION('',(0.,-1.,-1.156482317318E-17));
#12247 = ORIENTED_EDGE('',*,*,#12248,.T.);
#12248 = EDGE_CURVE('',#12241,#10962,#12249,.T.);
#12249 = LINE('',#12250,#12251);
#12250 = CARTESIAN_POINT('',(3.5,0.3,2.E-02));
#12251 = VECTOR('',#12252,1.);
#12252 = DIRECTION('',(0.,0.,1.));
#12253 = ORIENTED_EDGE('',*,*,#10969,.F.);
#12254 = ORIENTED_EDGE('',*,*,#12060,.T.);
#12255 = PLANE('',#12256);
#12256 = AXIS2_PLACEMENT_3D('',#12257,#12258,#12259);
#12257 = CARTESIAN_POINT('',(3.5,1.168181818182,0.526818181818));
#12258 = DIRECTION('',(-1.,-0.,-0.));
#12259 = DIRECTION('',(0.,0.,-1.));
#12260 = ADVANCED_FACE('',(#12261),#12279,.T.);
#12261 = FACE_BOUND('',#12262,.T.);
#12262 = EDGE_LOOP('',(#12263,#12264,#12272,#12278));
#12263 = ORIENTED_EDGE('',*,*,#12248,.F.);
#12264 = ORIENTED_EDGE('',*,*,#12265,.T.);
#12265 = EDGE_CURVE('',#12241,#12266,#12268,.T.);
#12266 = VERTEX_POINT('',#12267);
#12267 = CARTESIAN_POINT('',(3.7,0.3,2.E-02));
#12268 = LINE('',#12269,#12270);
#12269 = CARTESIAN_POINT('',(3.5,0.3,2.E-02));
#12270 = VECTOR('',#12271,1.);
#12271 = DIRECTION('',(1.,0.,0.));
#12272 = ORIENTED_EDGE('',*,*,#12273,.T.);
#12273 = EDGE_CURVE('',#12266,#10954,#12274,.T.);
#12274 = LINE('',#12275,#12276);
#12275 = CARTESIAN_POINT('',(3.7,0.3,2.E-02));
#12276 = VECTOR('',#12277,1.);
#12277 = DIRECTION('',(0.,0.,1.));
#12278 = ORIENTED_EDGE('',*,*,#10961,.F.);
#12279 = PLANE('',#12280);
#12280 = AXIS2_PLACEMENT_3D('',#12281,#12282,#12283);
#12281 = CARTESIAN_POINT('',(3.5,0.3,2.E-02));
#12282 = DIRECTION('',(0.,-1.,0.));
#12283 = DIRECTION('',(0.,0.,1.));
#12284 = ADVANCED_FACE('',(#12285),#12303,.F.);
#12285 = FACE_BOUND('',#12286,.F.);
#12286 = EDGE_LOOP('',(#12287,#12295,#12296,#12297));
#12287 = ORIENTED_EDGE('',*,*,#12288,.F.);
#12288 = EDGE_CURVE('',#10954,#12289,#12291,.T.);
#12289 = VERTEX_POINT('',#12290);
#12290 = CARTESIAN_POINT('',(3.7,0.3,0.62));
#12291 = LINE('',#12292,#12293);
#12292 = CARTESIAN_POINT('',(3.7,0.3,2.E-02));
#12293 = VECTOR('',#12294,1.);
#12294 = DIRECTION('',(0.,0.,1.));
#12295 = ORIENTED_EDGE('',*,*,#10953,.T.);
#12296 = ORIENTED_EDGE('',*,*,#11001,.T.);
#12297 = ORIENTED_EDGE('',*,*,#12298,.F.);
#12298 = EDGE_CURVE('',#12289,#11002,#12299,.T.);
#12299 = LINE('',#12300,#12301);
#12300 = CARTESIAN_POINT('',(3.5,0.3,0.62));
#12301 = VECTOR('',#12302,1.);
#12302 = DIRECTION('',(1.,0.,0.));
#12303 = PLANE('',#12304);
#12304 = AXIS2_PLACEMENT_3D('',#12305,#12306,#12307);
#12305 = CARTESIAN_POINT('',(3.5,0.3,7.E-02));
#12306 = DIRECTION('',(0.,-1.,0.));
#12307 = DIRECTION('',(0.,0.,1.));
#12308 = ADVANCED_FACE('',(#12309),#12320,.T.);
#12309 = FACE_BOUND('',#12310,.T.);
#12310 = EDGE_LOOP('',(#12311,#12312,#12313,#12319));
#12311 = ORIENTED_EDGE('',*,*,#10930,.T.);
#12312 = ORIENTED_EDGE('',*,*,#11702,.T.);
#12313 = ORIENTED_EDGE('',*,*,#12314,.F.);
#12314 = EDGE_CURVE('',#11646,#11703,#12315,.T.);
#12315 = LINE('',#12316,#12317);
#12316 = CARTESIAN_POINT('',(2.4,-1.,0.));
#12317 = VECTOR('',#12318,1.);
#12318 = DIRECTION('',(1.,0.,0.));
#12319 = ORIENTED_EDGE('',*,*,#11645,.F.);
#12320 = PLANE('',#12321);
#12321 = AXIS2_PLACEMENT_3D('',#12322,#12323,#12324);
#12322 = CARTESIAN_POINT('',(2.4,-1.,7.E-02));
#12323 = DIRECTION('',(0.,1.,0.));
#12324 = DIRECTION('',(0.,0.,-1.));
#12325 = ADVANCED_FACE('',(#12326),#12337,.T.);
#12326 = FACE_BOUND('',#12327,.T.);
#12327 = EDGE_LOOP('',(#12328,#12329,#12330,#12336));
#12328 = ORIENTED_EDGE('',*,*,#10907,.T.);
#12329 = ORIENTED_EDGE('',*,*,#11605,.T.);
#12330 = ORIENTED_EDGE('',*,*,#12331,.F.);
#12331 = EDGE_CURVE('',#11549,#11606,#12332,.T.);
#12332 = LINE('',#12333,#12334);
#12333 = CARTESIAN_POINT('',(1.4,-1.,0.));
#12334 = VECTOR('',#12335,1.);
#12335 = DIRECTION('',(1.,0.,0.));
#12336 = ORIENTED_EDGE('',*,*,#11548,.F.);
#12337 = PLANE('',#12338);
#12338 = AXIS2_PLACEMENT_3D('',#12339,#12340,#12341);
#12339 = CARTESIAN_POINT('',(1.4,-1.,7.E-02));
#12340 = DIRECTION('',(0.,1.,0.));
#12341 = DIRECTION('',(0.,0.,-1.));
#12342 = ADVANCED_FACE('',(#12343),#12354,.T.);
#12343 = FACE_BOUND('',#12344,.T.);
#12344 = EDGE_LOOP('',(#12345,#12346,#12347,#12353));
#12345 = ORIENTED_EDGE('',*,*,#10884,.T.);
#12346 = ORIENTED_EDGE('',*,*,#11508,.T.);
#12347 = ORIENTED_EDGE('',*,*,#12348,.F.);
#12348 = EDGE_CURVE('',#11452,#11509,#12349,.T.);
#12349 = LINE('',#12350,#12351);
#12350 = CARTESIAN_POINT('',(0.4,-1.,0.));
#12351 = VECTOR('',#12352,1.);
#12352 = DIRECTION('',(1.,0.,0.));
#12353 = ORIENTED_EDGE('',*,*,#11451,.F.);
#12354 = PLANE('',#12355);
#12355 = AXIS2_PLACEMENT_3D('',#12356,#12357,#12358);
#12356 = CARTESIAN_POINT('',(0.4,-1.,7.E-02));
#12357 = DIRECTION('',(0.,1.,0.));
#12358 = DIRECTION('',(0.,0.,-1.));
#12359 = ADVANCED_FACE('',(#12360),#12371,.T.);
#12360 = FACE_BOUND('',#12361,.T.);
#12361 = EDGE_LOOP('',(#12362,#12363,#12364,#12370));
#12362 = ORIENTED_EDGE('',*,*,#10861,.T.);
#12363 = ORIENTED_EDGE('',*,*,#11411,.T.);
#12364 = ORIENTED_EDGE('',*,*,#12365,.F.);
#12365 = EDGE_CURVE('',#11355,#11412,#12366,.T.);
#12366 = LINE('',#12367,#12368);
#12367 = CARTESIAN_POINT('',(-0.6,-1.,0.));
#12368 = VECTOR('',#12369,1.);
#12369 = DIRECTION('',(1.,0.,0.));
#12370 = ORIENTED_EDGE('',*,*,#11354,.F.);
#12371 = PLANE('',#12372);
#12372 = AXIS2_PLACEMENT_3D('',#12373,#12374,#12375);
#12373 = CARTESIAN_POINT('',(-0.6,-1.,7.E-02));
#12374 = DIRECTION('',(0.,1.,0.));
#12375 = DIRECTION('',(0.,0.,-1.));
#12376 = ADVANCED_FACE('',(#12377),#12388,.T.);
#12377 = FACE_BOUND('',#12378,.T.);
#12378 = EDGE_LOOP('',(#12379,#12380,#12381,#12387));
#12379 = ORIENTED_EDGE('',*,*,#10838,.T.);
#12380 = ORIENTED_EDGE('',*,*,#11314,.T.);
#12381 = ORIENTED_EDGE('',*,*,#12382,.F.);
#12382 = EDGE_CURVE('',#11258,#11315,#12383,.T.);
#12383 = LINE('',#12384,#12385);
#12384 = CARTESIAN_POINT('',(-1.6,-1.,0.));
#12385 = VECTOR('',#12386,1.);
#12386 = DIRECTION('',(1.,0.,0.));
#12387 = ORIENTED_EDGE('',*,*,#11257,.F.);
#12388 = PLANE('',#12389);
#12389 = AXIS2_PLACEMENT_3D('',#12390,#12391,#12392);
#12390 = CARTESIAN_POINT('',(-1.6,-1.,7.E-02));
#12391 = DIRECTION('',(0.,1.,0.));
#12392 = DIRECTION('',(0.,0.,-1.));
#12393 = ADVANCED_FACE('',(#12394),#12405,.T.);
#12394 = FACE_BOUND('',#12395,.T.);
#12395 = EDGE_LOOP('',(#12396,#12397,#12398,#12404));
#12396 = ORIENTED_EDGE('',*,*,#10815,.T.);
#12397 = ORIENTED_EDGE('',*,*,#11217,.T.);
#12398 = ORIENTED_EDGE('',*,*,#12399,.F.);
#12399 = EDGE_CURVE('',#11161,#11218,#12400,.T.);
#12400 = LINE('',#12401,#12402);
#12401 = CARTESIAN_POINT('',(-2.6,-1.,0.));
#12402 = VECTOR('',#12403,1.);
#12403 = DIRECTION('',(1.,0.,0.));
#12404 = ORIENTED_EDGE('',*,*,#11160,.F.);
#12405 = PLANE('',#12406);
#12406 = AXIS2_PLACEMENT_3D('',#12407,#12408,#12409);
#12407 = CARTESIAN_POINT('',(-2.6,-1.,7.E-02));
#12408 = DIRECTION('',(0.,1.,0.));
#12409 = DIRECTION('',(0.,0.,-1.));
#12410 = ADVANCED_FACE('',(#12411),#12422,.F.);
#12411 = FACE_BOUND('',#12412,.F.);
#12412 = EDGE_LOOP('',(#12413,#12419,#12420,#12421));
#12413 = ORIENTED_EDGE('',*,*,#12414,.T.);
#12414 = EDGE_CURVE('',#11105,#11042,#12415,.T.);
#12415 = LINE('',#12416,#12417);
#12416 = CARTESIAN_POINT('',(3.5,-0.55,3.82));
#12417 = VECTOR('',#12418,1.);
#12418 = DIRECTION('',(1.,0.,0.));
#12419 = ORIENTED_EDGE('',*,*,#11049,.T.);
#12420 = ORIENTED_EDGE('',*,*,#11071,.F.);
#12421 = ORIENTED_EDGE('',*,*,#11112,.F.);
#12422 = PLANE('',#12423);
#12423 = AXIS2_PLACEMENT_3D('',#12424,#12425,#12426);
#12424 = CARTESIAN_POINT('',(3.5,-0.55,3.82));
#12425 = DIRECTION('',(0.,1.,0.));
#12426 = DIRECTION('',(0.,0.,-1.));
#12427 = ADVANCED_FACE('',(#12428),#12434,.F.);
#12428 = FACE_BOUND('',#12429,.F.);
#12429 = EDGE_LOOP('',(#12430,#12431,#12432,#12433));
#12430 = ORIENTED_EDGE('',*,*,#11726,.T.);
#12431 = ORIENTED_EDGE('',*,*,#11041,.T.);
#12432 = ORIENTED_EDGE('',*,*,#12414,.F.);
#12433 = ORIENTED_EDGE('',*,*,#11104,.F.);
#12434 = PLANE('',#12435);
#12435 = AXIS2_PLACEMENT_3D('',#12436,#12437,#12438);
#12436 = CARTESIAN_POINT('',(3.5,0.1,3.82));
#12437 = DIRECTION('',(0.,0.,-1.));
#12438 = DIRECTION('',(0.,-1.,0.));
#12439 = ADVANCED_FACE('',(#12440),#12458,.F.);
#12440 = FACE_BOUND('',#12441,.F.);
#12441 = EDGE_LOOP('',(#12442,#12450,#12456,#12457));
#12442 = ORIENTED_EDGE('',*,*,#12443,.F.);
#12443 = EDGE_CURVE('',#12444,#12076,#12446,.T.);
#12444 = VERTEX_POINT('',#12445);
#12445 = CARTESIAN_POINT('',(3.7,1.3,0.62));
#12446 = LINE('',#12447,#12448);
#12447 = CARTESIAN_POINT('',(3.7,1.3,0.62));
#12448 = VECTOR('',#12449,1.);
#12449 = DIRECTION('',(0.,0.,1.));
#12450 = ORIENTED_EDGE('',*,*,#12451,.T.);
#12451 = EDGE_CURVE('',#12444,#11010,#12452,.T.);
#12452 = LINE('',#12453,#12454);
#12453 = CARTESIAN_POINT('',(3.5,1.3,0.62));
#12454 = VECTOR('',#12455,1.);
#12455 = DIRECTION('',(1.,0.,0.));
#12456 = ORIENTED_EDGE('',*,*,#11017,.T.);
#12457 = ORIENTED_EDGE('',*,*,#12083,.F.);
#12458 = PLANE('',#12459);
#12459 = AXIS2_PLACEMENT_3D('',#12460,#12461,#12462);
#12460 = CARTESIAN_POINT('',(3.5,1.3,0.62));
#12461 = DIRECTION('',(0.,-1.,0.));
#12462 = DIRECTION('',(0.,0.,1.));
#12463 = ADVANCED_FACE('',(#12464),#12475,.F.);
#12464 = FACE_BOUND('',#12465,.F.);
#12465 = EDGE_LOOP('',(#12466,#12472,#12473,#12474));
#12466 = ORIENTED_EDGE('',*,*,#12467,.F.);
#12467 = EDGE_CURVE('',#12289,#12444,#12468,.T.);
#12468 = LINE('',#12469,#12470);
#12469 = CARTESIAN_POINT('',(3.7,0.3,0.62));
#12470 = VECTOR('',#12471,1.);
#12471 = DIRECTION('',(0.,1.,0.));
#12472 = ORIENTED_EDGE('',*,*,#12298,.T.);
#12473 = ORIENTED_EDGE('',*,*,#11009,.T.);
#12474 = ORIENTED_EDGE('',*,*,#12451,.F.);
#12475 = PLANE('',#12476);
#12476 = AXIS2_PLACEMENT_3D('',#12477,#12478,#12479);
#12477 = CARTESIAN_POINT('',(3.5,0.3,0.62));
#12478 = DIRECTION('',(0.,0.,1.));
#12479 = DIRECTION('',(0.,1.,0.));
#12480 = ADVANCED_FACE('',(#12481),#12492,.T.);
#12481 = FACE_BOUND('',#12482,.T.);
#12482 = EDGE_LOOP('',(#12483,#12489,#12490,#12491));
#12483 = ORIENTED_EDGE('',*,*,#12484,.T.);
#12484 = EDGE_CURVE('',#11143,#11207,#12485,.T.);
#12485 = LINE('',#12486,#12487);
#12486 = CARTESIAN_POINT('',(-2.6,-1.8,0.));
#12487 = VECTOR('',#12488,1.);
#12488 = DIRECTION('',(1.,0.,0.));
#12489 = ORIENTED_EDGE('',*,*,#11206,.T.);
#12490 = ORIENTED_EDGE('',*,*,#11182,.F.);
#12491 = ORIENTED_EDGE('',*,*,#11142,.F.);
#12492 = PLANE('',#12493);
#12493 = AXIS2_PLACEMENT_3D('',#12494,#12495,#12496);
#12494 = CARTESIAN_POINT('',(-2.6,-1.8,0.));
#12495 = DIRECTION('',(0.,-1.,0.));
#12496 = DIRECTION('',(0.,0.,1.));
#12497 = ADVANCED_FACE('',(#12498),#12504,.T.);
#12498 = FACE_BOUND('',#12499,.T.);
#12499 = EDGE_LOOP('',(#12500,#12501,#12502,#12503));
#12500 = ORIENTED_EDGE('',*,*,#12399,.T.);
#12501 = ORIENTED_EDGE('',*,*,#11225,.T.);
#12502 = ORIENTED_EDGE('',*,*,#12484,.F.);
#12503 = ORIENTED_EDGE('',*,*,#11168,.F.);
#12504 = PLANE('',#12505);
#12505 = AXIS2_PLACEMENT_3D('',#12506,#12507,#12508);
#12506 = CARTESIAN_POINT('',(-2.6,-1.,0.));
#12507 = DIRECTION('',(0.,0.,-1.));
#12508 = DIRECTION('',(0.,-1.,0.));
#12509 = ADVANCED_FACE('',(#12510),#12521,.T.);
#12510 = FACE_BOUND('',#12511,.T.);
#12511 = EDGE_LOOP('',(#12512,#12518,#12519,#12520));
#12512 = ORIENTED_EDGE('',*,*,#12513,.T.);
#12513 = EDGE_CURVE('',#11240,#11304,#12514,.T.);
#12514 = LINE('',#12515,#12516);
#12515 = CARTESIAN_POINT('',(-1.6,-1.8,0.));
#12516 = VECTOR('',#12517,1.);
#12517 = DIRECTION('',(1.,0.,0.));
#12518 = ORIENTED_EDGE('',*,*,#11303,.T.);
#12519 = ORIENTED_EDGE('',*,*,#11279,.F.);
#12520 = ORIENTED_EDGE('',*,*,#11239,.F.);
#12521 = PLANE('',#12522);
#12522 = AXIS2_PLACEMENT_3D('',#12523,#12524,#12525);
#12523 = CARTESIAN_POINT('',(-1.6,-1.8,0.));
#12524 = DIRECTION('',(0.,-1.,0.));
#12525 = DIRECTION('',(0.,0.,1.));
#12526 = ADVANCED_FACE('',(#12527),#12533,.T.);
#12527 = FACE_BOUND('',#12528,.T.);
#12528 = EDGE_LOOP('',(#12529,#12530,#12531,#12532));
#12529 = ORIENTED_EDGE('',*,*,#12382,.T.);
#12530 = ORIENTED_EDGE('',*,*,#11322,.T.);
#12531 = ORIENTED_EDGE('',*,*,#12513,.F.);
#12532 = ORIENTED_EDGE('',*,*,#11265,.F.);
#12533 = PLANE('',#12534);
#12534 = AXIS2_PLACEMENT_3D('',#12535,#12536,#12537);
#12535 = CARTESIAN_POINT('',(-1.6,-1.,0.));
#12536 = DIRECTION('',(0.,0.,-1.));
#12537 = DIRECTION('',(0.,-1.,0.));
#12538 = ADVANCED_FACE('',(#12539),#12550,.T.);
#12539 = FACE_BOUND('',#12540,.T.);
#12540 = EDGE_LOOP('',(#12541,#12547,#12548,#12549));
#12541 = ORIENTED_EDGE('',*,*,#12542,.T.);
#12542 = EDGE_CURVE('',#11337,#11401,#12543,.T.);
#12543 = LINE('',#12544,#12545);
#12544 = CARTESIAN_POINT('',(-0.6,-1.8,0.));
#12545 = VECTOR('',#12546,1.);
#12546 = DIRECTION('',(1.,0.,0.));
#12547 = ORIENTED_EDGE('',*,*,#11400,.T.);
#12548 = ORIENTED_EDGE('',*,*,#11376,.F.);
#12549 = ORIENTED_EDGE('',*,*,#11336,.F.);
#12550 = PLANE('',#12551);
#12551 = AXIS2_PLACEMENT_3D('',#12552,#12553,#12554);
#12552 = CARTESIAN_POINT('',(-0.6,-1.8,0.));
#12553 = DIRECTION('',(0.,-1.,0.));
#12554 = DIRECTION('',(0.,0.,1.));
#12555 = ADVANCED_FACE('',(#12556),#12562,.T.);
#12556 = FACE_BOUND('',#12557,.T.);
#12557 = EDGE_LOOP('',(#12558,#12559,#12560,#12561));
#12558 = ORIENTED_EDGE('',*,*,#12365,.T.);
#12559 = ORIENTED_EDGE('',*,*,#11419,.T.);
#12560 = ORIENTED_EDGE('',*,*,#12542,.F.);
#12561 = ORIENTED_EDGE('',*,*,#11362,.F.);
#12562 = PLANE('',#12563);
#12563 = AXIS2_PLACEMENT_3D('',#12564,#12565,#12566);
#12564 = CARTESIAN_POINT('',(-0.6,-1.,0.));
#12565 = DIRECTION('',(0.,0.,-1.));
#12566 = DIRECTION('',(0.,-1.,0.));
#12567 = ADVANCED_FACE('',(#12568),#12579,.T.);
#12568 = FACE_BOUND('',#12569,.T.);
#12569 = EDGE_LOOP('',(#12570,#12576,#12577,#12578));
#12570 = ORIENTED_EDGE('',*,*,#12571,.T.);
#12571 = EDGE_CURVE('',#11434,#11498,#12572,.T.);
#12572 = LINE('',#12573,#12574);
#12573 = CARTESIAN_POINT('',(0.4,-1.8,0.));
#12574 = VECTOR('',#12575,1.);
#12575 = DIRECTION('',(1.,0.,0.));
#12576 = ORIENTED_EDGE('',*,*,#11497,.T.);
#12577 = ORIENTED_EDGE('',*,*,#11473,.F.);
#12578 = ORIENTED_EDGE('',*,*,#11433,.F.);
#12579 = PLANE('',#12580);
#12580 = AXIS2_PLACEMENT_3D('',#12581,#12582,#12583);
#12581 = CARTESIAN_POINT('',(0.4,-1.8,0.));
#12582 = DIRECTION('',(0.,-1.,0.));
#12583 = DIRECTION('',(0.,0.,1.));
#12584 = ADVANCED_FACE('',(#12585),#12591,.T.);
#12585 = FACE_BOUND('',#12586,.T.);
#12586 = EDGE_LOOP('',(#12587,#12588,#12589,#12590));
#12587 = ORIENTED_EDGE('',*,*,#12348,.T.);
#12588 = ORIENTED_EDGE('',*,*,#11516,.T.);
#12589 = ORIENTED_EDGE('',*,*,#12571,.F.);
#12590 = ORIENTED_EDGE('',*,*,#11459,.F.);
#12591 = PLANE('',#12592);
#12592 = AXIS2_PLACEMENT_3D('',#12593,#12594,#12595);
#12593 = CARTESIAN_POINT('',(0.4,-1.,0.));
#12594 = DIRECTION('',(0.,0.,-1.));
#12595 = DIRECTION('',(0.,-1.,0.));
#12596 = ADVANCED_FACE('',(#12597),#12608,.T.);
#12597 = FACE_BOUND('',#12598,.T.);
#12598 = EDGE_LOOP('',(#12599,#12605,#12606,#12607));
#12599 = ORIENTED_EDGE('',*,*,#12600,.T.);
#12600 = EDGE_CURVE('',#11531,#11595,#12601,.T.);
#12601 = LINE('',#12602,#12603);
#12602 = CARTESIAN_POINT('',(1.4,-1.8,0.));
#12603 = VECTOR('',#12604,1.);
#12604 = DIRECTION('',(1.,0.,0.));
#12605 = ORIENTED_EDGE('',*,*,#11594,.T.);
#12606 = ORIENTED_EDGE('',*,*,#11570,.F.);
#12607 = ORIENTED_EDGE('',*,*,#11530,.F.);
#12608 = PLANE('',#12609);
#12609 = AXIS2_PLACEMENT_3D('',#12610,#12611,#12612);
#12610 = CARTESIAN_POINT('',(1.4,-1.8,0.));
#12611 = DIRECTION('',(0.,-1.,0.));
#12612 = DIRECTION('',(0.,0.,1.));
#12613 = ADVANCED_FACE('',(#12614),#12620,.T.);
#12614 = FACE_BOUND('',#12615,.T.);
#12615 = EDGE_LOOP('',(#12616,#12617,#12618,#12619));
#12616 = ORIENTED_EDGE('',*,*,#12331,.T.);
#12617 = ORIENTED_EDGE('',*,*,#11613,.T.);
#12618 = ORIENTED_EDGE('',*,*,#12600,.F.);
#12619 = ORIENTED_EDGE('',*,*,#11556,.F.);
#12620 = PLANE('',#12621);
#12621 = AXIS2_PLACEMENT_3D('',#12622,#12623,#12624);
#12622 = CARTESIAN_POINT('',(1.4,-1.,0.));
#12623 = DIRECTION('',(0.,0.,-1.));
#12624 = DIRECTION('',(0.,-1.,0.));
#12625 = ADVANCED_FACE('',(#12626),#12637,.T.);
#12626 = FACE_BOUND('',#12627,.T.);
#12627 = EDGE_LOOP('',(#12628,#12634,#12635,#12636));
#12628 = ORIENTED_EDGE('',*,*,#12629,.T.);
#12629 = EDGE_CURVE('',#11628,#11692,#12630,.T.);
#12630 = LINE('',#12631,#12632);
#12631 = CARTESIAN_POINT('',(2.4,-1.8,0.));
#12632 = VECTOR('',#12633,1.);
#12633 = DIRECTION('',(1.,0.,0.));
#12634 = ORIENTED_EDGE('',*,*,#11691,.T.);
#12635 = ORIENTED_EDGE('',*,*,#11667,.F.);
#12636 = ORIENTED_EDGE('',*,*,#11627,.F.);
#12637 = PLANE('',#12638);
#12638 = AXIS2_PLACEMENT_3D('',#12639,#12640,#12641);
#12639 = CARTESIAN_POINT('',(2.4,-1.8,0.));
#12640 = DIRECTION('',(0.,-1.,0.));
#12641 = DIRECTION('',(0.,0.,1.));
#12642 = ADVANCED_FACE('',(#12643),#12649,.T.);
#12643 = FACE_BOUND('',#12644,.T.);
#12644 = EDGE_LOOP('',(#12645,#12646,#12647,#12648));
#12645 = ORIENTED_EDGE('',*,*,#12314,.T.);
#12646 = ORIENTED_EDGE('',*,*,#11710,.T.);
#12647 = ORIENTED_EDGE('',*,*,#12629,.F.);
#12648 = ORIENTED_EDGE('',*,*,#11653,.F.);
#12649 = PLANE('',#12650);
#12650 = AXIS2_PLACEMENT_3D('',#12651,#12652,#12653);
#12651 = CARTESIAN_POINT('',(2.4,-1.,0.));
#12652 = DIRECTION('',(0.,0.,-1.));
#12653 = DIRECTION('',(0.,-1.,0.));
#12654 = ADVANCED_FACE('',(#12655),#12661,.T.);
#12655 = FACE_BOUND('',#12656,.T.);
#12656 = EDGE_LOOP('',(#12657,#12658,#12659,#12660));
#12657 = ORIENTED_EDGE('',*,*,#11797,.T.);
#12658 = ORIENTED_EDGE('',*,*,#11820,.T.);
#12659 = ORIENTED_EDGE('',*,*,#11845,.T.);
#12660 = ORIENTED_EDGE('',*,*,#11773,.T.);
#12661 = PLANE('',#12662);
#12662 = AXIS2_PLACEMENT_3D('',#12663,#12664,#12665);
#12663 = CARTESIAN_POINT('',(5.767392335715E-16,0.6,1.92));
#12664 = DIRECTION('',(0.,0.,1.));
#12665 = DIRECTION('',(1.,0.,-0.));
#12666 = ADVANCED_FACE('',(#12667,#12673,#12707,#12741,#12775,#12809,
    #12843),#12877,.T.);
#12667 = FACE_BOUND('',#12668,.T.);
#12668 = EDGE_LOOP('',(#12669,#12670,#12671,#12672));
#12669 = ORIENTED_EDGE('',*,*,#11750,.T.);
#12670 = ORIENTED_EDGE('',*,*,#11861,.T.);
#12671 = ORIENTED_EDGE('',*,*,#11886,.T.);
#12672 = ORIENTED_EDGE('',*,*,#11997,.T.);
#12673 = FACE_BOUND('',#12674,.T.);
#12674 = EDGE_LOOP('',(#12675,#12685,#12693,#12701));
#12675 = ORIENTED_EDGE('',*,*,#12676,.F.);
#12676 = EDGE_CURVE('',#12677,#12679,#12681,.T.);
#12677 = VERTEX_POINT('',#12678);
#12678 = CARTESIAN_POINT('',(-2.6,0.5,1.32));
#12679 = VERTEX_POINT('',#12680);
#12680 = CARTESIAN_POINT('',(-2.4,0.5,1.32));
#12681 = LINE('',#12682,#12683);
#12682 = CARTESIAN_POINT('',(-2.6,0.5,1.32));
#12683 = VECTOR('',#12684,1.);
#12684 = DIRECTION('',(1.,0.,0.));
#12685 = ORIENTED_EDGE('',*,*,#12686,.F.);
#12686 = EDGE_CURVE('',#12687,#12677,#12689,.T.);
#12687 = VERTEX_POINT('',#12688);
#12688 = CARTESIAN_POINT('',(-2.6,0.98,1.32));
#12689 = LINE('',#12690,#12691);
#12690 = CARTESIAN_POINT('',(-2.6,0.98,1.32));
#12691 = VECTOR('',#12692,1.);
#12692 = DIRECTION('',(0.,-1.,-4.625929269271E-16));
#12693 = ORIENTED_EDGE('',*,*,#12694,.T.);
#12694 = EDGE_CURVE('',#12687,#12695,#12697,.T.);
#12695 = VERTEX_POINT('',#12696);
#12696 = CARTESIAN_POINT('',(-2.4,0.98,1.32));
#12697 = LINE('',#12698,#12699);
#12698 = CARTESIAN_POINT('',(-2.6,0.98,1.32));
#12699 = VECTOR('',#12700,1.);
#12700 = DIRECTION('',(1.,0.,0.));
#12701 = ORIENTED_EDGE('',*,*,#12702,.T.);
#12702 = EDGE_CURVE('',#12695,#12679,#12703,.T.);
#12703 = LINE('',#12704,#12705);
#12704 = CARTESIAN_POINT('',(-2.4,0.98,1.32));
#12705 = VECTOR('',#12706,1.);
#12706 = DIRECTION('',(0.,-1.,-4.625929269271E-16));
#12707 = FACE_BOUND('',#12708,.T.);
#12708 = EDGE_LOOP('',(#12709,#12719,#12727,#12735));
#12709 = ORIENTED_EDGE('',*,*,#12710,.F.);
#12710 = EDGE_CURVE('',#12711,#12713,#12715,.T.);
#12711 = VERTEX_POINT('',#12712);
#12712 = CARTESIAN_POINT('',(-1.6,0.5,1.32));
#12713 = VERTEX_POINT('',#12714);
#12714 = CARTESIAN_POINT('',(-1.4,0.5,1.32));
#12715 = LINE('',#12716,#12717);
#12716 = CARTESIAN_POINT('',(-1.6,0.5,1.32));
#12717 = VECTOR('',#12718,1.);
#12718 = DIRECTION('',(1.,0.,0.));
#12719 = ORIENTED_EDGE('',*,*,#12720,.F.);
#12720 = EDGE_CURVE('',#12721,#12711,#12723,.T.);
#12721 = VERTEX_POINT('',#12722);
#12722 = CARTESIAN_POINT('',(-1.6,0.98,1.32));
#12723 = LINE('',#12724,#12725);
#12724 = CARTESIAN_POINT('',(-1.6,0.98,1.32));
#12725 = VECTOR('',#12726,1.);
#12726 = DIRECTION('',(0.,-1.,-4.625929269271E-16));
#12727 = ORIENTED_EDGE('',*,*,#12728,.T.);
#12728 = EDGE_CURVE('',#12721,#12729,#12731,.T.);
#12729 = VERTEX_POINT('',#12730);
#12730 = CARTESIAN_POINT('',(-1.4,0.98,1.32));
#12731 = LINE('',#12732,#12733);
#12732 = CARTESIAN_POINT('',(-1.6,0.98,1.32));
#12733 = VECTOR('',#12734,1.);
#12734 = DIRECTION('',(1.,0.,0.));
#12735 = ORIENTED_EDGE('',*,*,#12736,.T.);
#12736 = EDGE_CURVE('',#12729,#12713,#12737,.T.);
#12737 = LINE('',#12738,#12739);
#12738 = CARTESIAN_POINT('',(-1.4,0.98,1.32));
#12739 = VECTOR('',#12740,1.);
#12740 = DIRECTION('',(0.,-1.,-4.625929269271E-16));
#12741 = FACE_BOUND('',#12742,.T.);
#12742 = EDGE_LOOP('',(#12743,#12753,#12761,#12769));
#12743 = ORIENTED_EDGE('',*,*,#12744,.F.);
#12744 = EDGE_CURVE('',#12745,#12747,#12749,.T.);
#12745 = VERTEX_POINT('',#12746);
#12746 = CARTESIAN_POINT('',(-0.6,0.5,1.32));
#12747 = VERTEX_POINT('',#12748);
#12748 = CARTESIAN_POINT('',(-0.4,0.5,1.32));
#12749 = LINE('',#12750,#12751);
#12750 = CARTESIAN_POINT('',(-0.6,0.5,1.32));
#12751 = VECTOR('',#12752,1.);
#12752 = DIRECTION('',(1.,0.,0.));
#12753 = ORIENTED_EDGE('',*,*,#12754,.F.);
#12754 = EDGE_CURVE('',#12755,#12745,#12757,.T.);
#12755 = VERTEX_POINT('',#12756);
#12756 = CARTESIAN_POINT('',(-0.6,0.98,1.32));
#12757 = LINE('',#12758,#12759);
#12758 = CARTESIAN_POINT('',(-0.6,0.98,1.32));
#12759 = VECTOR('',#12760,1.);
#12760 = DIRECTION('',(0.,-1.,-4.625929269271E-16));
#12761 = ORIENTED_EDGE('',*,*,#12762,.T.);
#12762 = EDGE_CURVE('',#12755,#12763,#12765,.T.);
#12763 = VERTEX_POINT('',#12764);
#12764 = CARTESIAN_POINT('',(-0.4,0.98,1.32));
#12765 = LINE('',#12766,#12767);
#12766 = CARTESIAN_POINT('',(-0.6,0.98,1.32));
#12767 = VECTOR('',#12768,1.);
#12768 = DIRECTION('',(1.,0.,0.));
#12769 = ORIENTED_EDGE('',*,*,#12770,.T.);
#12770 = EDGE_CURVE('',#12763,#12747,#12771,.T.);
#12771 = LINE('',#12772,#12773);
#12772 = CARTESIAN_POINT('',(-0.4,0.98,1.32));
#12773 = VECTOR('',#12774,1.);
#12774 = DIRECTION('',(0.,-1.,-4.625929269271E-16));
#12775 = FACE_BOUND('',#12776,.T.);
#12776 = EDGE_LOOP('',(#12777,#12787,#12795,#12803));
#12777 = ORIENTED_EDGE('',*,*,#12778,.F.);
#12778 = EDGE_CURVE('',#12779,#12781,#12783,.T.);
#12779 = VERTEX_POINT('',#12780);
#12780 = CARTESIAN_POINT('',(0.4,0.5,1.32));
#12781 = VERTEX_POINT('',#12782);
#12782 = CARTESIAN_POINT('',(0.6,0.5,1.32));
#12783 = LINE('',#12784,#12785);
#12784 = CARTESIAN_POINT('',(0.4,0.5,1.32));
#12785 = VECTOR('',#12786,1.);
#12786 = DIRECTION('',(1.,0.,0.));
#12787 = ORIENTED_EDGE('',*,*,#12788,.F.);
#12788 = EDGE_CURVE('',#12789,#12779,#12791,.T.);
#12789 = VERTEX_POINT('',#12790);
#12790 = CARTESIAN_POINT('',(0.4,0.98,1.32));
#12791 = LINE('',#12792,#12793);
#12792 = CARTESIAN_POINT('',(0.4,0.98,1.32));
#12793 = VECTOR('',#12794,1.);
#12794 = DIRECTION('',(0.,-1.,-4.625929269271E-16));
#12795 = ORIENTED_EDGE('',*,*,#12796,.T.);
#12796 = EDGE_CURVE('',#12789,#12797,#12799,.T.);
#12797 = VERTEX_POINT('',#12798);
#12798 = CARTESIAN_POINT('',(0.6,0.98,1.32));
#12799 = LINE('',#12800,#12801);
#12800 = CARTESIAN_POINT('',(0.4,0.98,1.32));
#12801 = VECTOR('',#12802,1.);
#12802 = DIRECTION('',(1.,0.,0.));
#12803 = ORIENTED_EDGE('',*,*,#12804,.T.);
#12804 = EDGE_CURVE('',#12797,#12781,#12805,.T.);
#12805 = LINE('',#12806,#12807);
#12806 = CARTESIAN_POINT('',(0.6,0.98,1.32));
#12807 = VECTOR('',#12808,1.);
#12808 = DIRECTION('',(0.,-1.,-4.625929269271E-16));
#12809 = FACE_BOUND('',#12810,.T.);
#12810 = EDGE_LOOP('',(#12811,#12821,#12829,#12837));
#12811 = ORIENTED_EDGE('',*,*,#12812,.F.);
#12812 = EDGE_CURVE('',#12813,#12815,#12817,.T.);
#12813 = VERTEX_POINT('',#12814);
#12814 = CARTESIAN_POINT('',(1.4,0.5,1.32));
#12815 = VERTEX_POINT('',#12816);
#12816 = CARTESIAN_POINT('',(1.6,0.5,1.32));
#12817 = LINE('',#12818,#12819);
#12818 = CARTESIAN_POINT('',(1.4,0.5,1.32));
#12819 = VECTOR('',#12820,1.);
#12820 = DIRECTION('',(1.,0.,0.));
#12821 = ORIENTED_EDGE('',*,*,#12822,.F.);
#12822 = EDGE_CURVE('',#12823,#12813,#12825,.T.);
#12823 = VERTEX_POINT('',#12824);
#12824 = CARTESIAN_POINT('',(1.4,0.98,1.32));
#12825 = LINE('',#12826,#12827);
#12826 = CARTESIAN_POINT('',(1.4,0.98,1.32));
#12827 = VECTOR('',#12828,1.);
#12828 = DIRECTION('',(0.,-1.,-4.625929269271E-16));
#12829 = ORIENTED_EDGE('',*,*,#12830,.T.);
#12830 = EDGE_CURVE('',#12823,#12831,#12833,.T.);
#12831 = VERTEX_POINT('',#12832);
#12832 = CARTESIAN_POINT('',(1.6,0.98,1.32));
#12833 = LINE('',#12834,#12835);
#12834 = CARTESIAN_POINT('',(1.4,0.98,1.32));
#12835 = VECTOR('',#12836,1.);
#12836 = DIRECTION('',(1.,0.,0.));
#12837 = ORIENTED_EDGE('',*,*,#12838,.T.);
#12838 = EDGE_CURVE('',#12831,#12815,#12839,.T.);
#12839 = LINE('',#12840,#12841);
#12840 = CARTESIAN_POINT('',(1.6,0.98,1.32));
#12841 = VECTOR('',#12842,1.);
#12842 = DIRECTION('',(0.,-1.,-4.625929269271E-16));
#12843 = FACE_BOUND('',#12844,.T.);
#12844 = EDGE_LOOP('',(#12845,#12855,#12863,#12871));
#12845 = ORIENTED_EDGE('',*,*,#12846,.F.);
#12846 = EDGE_CURVE('',#12847,#12849,#12851,.T.);
#12847 = VERTEX_POINT('',#12848);
#12848 = CARTESIAN_POINT('',(2.4,0.5,1.32));
#12849 = VERTEX_POINT('',#12850);
#12850 = CARTESIAN_POINT('',(2.6,0.5,1.32));
#12851 = LINE('',#12852,#12853);
#12852 = CARTESIAN_POINT('',(2.4,0.5,1.32));
#12853 = VECTOR('',#12854,1.);
#12854 = DIRECTION('',(1.,0.,0.));
#12855 = ORIENTED_EDGE('',*,*,#12856,.F.);
#12856 = EDGE_CURVE('',#12857,#12847,#12859,.T.);
#12857 = VERTEX_POINT('',#12858);
#12858 = CARTESIAN_POINT('',(2.4,0.98,1.32));
#12859 = LINE('',#12860,#12861);
#12860 = CARTESIAN_POINT('',(2.4,0.98,1.32));
#12861 = VECTOR('',#12862,1.);
#12862 = DIRECTION('',(0.,-1.,-4.625929269271E-16));
#12863 = ORIENTED_EDGE('',*,*,#12864,.T.);
#12864 = EDGE_CURVE('',#12857,#12865,#12867,.T.);
#12865 = VERTEX_POINT('',#12866);
#12866 = CARTESIAN_POINT('',(2.6,0.98,1.32));
#12867 = LINE('',#12868,#12869);
#12868 = CARTESIAN_POINT('',(2.4,0.98,1.32));
#12869 = VECTOR('',#12870,1.);
#12870 = DIRECTION('',(1.,0.,0.));
#12871 = ORIENTED_EDGE('',*,*,#12872,.T.);
#12872 = EDGE_CURVE('',#12865,#12849,#12873,.T.);
#12873 = LINE('',#12874,#12875);
#12874 = CARTESIAN_POINT('',(2.6,0.98,1.32));
#12875 = VECTOR('',#12876,1.);
#12876 = DIRECTION('',(0.,-1.,-4.625929269271E-16));
#12877 = PLANE('',#12878);
#12878 = AXIS2_PLACEMENT_3D('',#12879,#12880,#12881);
#12879 = CARTESIAN_POINT('',(-1.044915787883E-16,0.35,1.32));
#12880 = DIRECTION('',(0.,0.,1.));
#12881 = DIRECTION('',(1.,0.,-0.));
#12882 = ADVANCED_FACE('',(#12883),#12889,.T.);
#12883 = FACE_BOUND('',#12884,.T.);
#12884 = EDGE_LOOP('',(#12885,#12886,#12887,#12888));
#12885 = ORIENTED_EDGE('',*,*,#11981,.T.);
#12886 = ORIENTED_EDGE('',*,*,#11909,.T.);
#12887 = ORIENTED_EDGE('',*,*,#11933,.T.);
#12888 = ORIENTED_EDGE('',*,*,#11956,.T.);
#12889 = PLANE('',#12890);
#12890 = AXIS2_PLACEMENT_3D('',#12891,#12892,#12893);
#12891 = CARTESIAN_POINT('',(5.767392335715E-16,0.6,1.92));
#12892 = DIRECTION('',(0.,0.,1.));
#12893 = DIRECTION('',(1.,0.,-0.));
#12894 = ADVANCED_FACE('',(#12895),#12906,.T.);
#12895 = FACE_BOUND('',#12896,.T.);
#12896 = EDGE_LOOP('',(#12897,#12898,#12904,#12905));
#12897 = ORIENTED_EDGE('',*,*,#12075,.T.);
#12898 = ORIENTED_EDGE('',*,*,#12899,.T.);
#12899 = EDGE_CURVE('',#12076,#12037,#12900,.T.);
#12900 = LINE('',#12901,#12902);
#12901 = CARTESIAN_POINT('',(3.7,1.3,1.27));
#12902 = VECTOR('',#12903,1.);
#12903 = DIRECTION('',(0.,1.,0.));
#12904 = ORIENTED_EDGE('',*,*,#12036,.F.);
#12905 = ORIENTED_EDGE('',*,*,#12014,.F.);
#12906 = PLANE('',#12907);
#12907 = AXIS2_PLACEMENT_3D('',#12908,#12909,#12910);
#12908 = CARTESIAN_POINT('',(3.5,1.3,1.27));
#12909 = DIRECTION('',(0.,0.,1.));
#12910 = DIRECTION('',(0.,1.,0.));
#12911 = ADVANCED_FACE('',(#12912),#12923,.T.);
#12912 = FACE_BOUND('',#12913,.T.);
#12913 = EDGE_LOOP('',(#12914,#12915,#12921,#12922));
#12914 = ORIENTED_EDGE('',*,*,#12052,.T.);
#12915 = ORIENTED_EDGE('',*,*,#12916,.T.);
#12916 = EDGE_CURVE('',#12045,#12266,#12917,.T.);
#12917 = LINE('',#12918,#12919);
#12918 = CARTESIAN_POINT('',(3.7,1.8,2.E-02));
#12919 = VECTOR('',#12920,1.);
#12920 = DIRECTION('',(0.,-1.,-1.156482317318E-17));
#12921 = ORIENTED_EDGE('',*,*,#12265,.F.);
#12922 = ORIENTED_EDGE('',*,*,#12240,.F.);
#12923 = PLANE('',#12924);
#12924 = AXIS2_PLACEMENT_3D('',#12925,#12926,#12927);
#12925 = CARTESIAN_POINT('',(3.5,1.8,2.E-02));
#12926 = DIRECTION('',(0.,1.156482317318E-17,-1.));
#12927 = DIRECTION('',(0.,-1.,-1.156482317318E-17));
#12928 = ADVANCED_FACE('',(#12929),#12938,.F.);
#12929 = FACE_BOUND('',#12930,.F.);
#12930 = EDGE_LOOP('',(#12931,#12932,#12933,#12934,#12935,#12936,#12937)
  );
#12931 = ORIENTED_EDGE('',*,*,#12273,.T.);
#12932 = ORIENTED_EDGE('',*,*,#12288,.T.);
#12933 = ORIENTED_EDGE('',*,*,#12467,.T.);
#12934 = ORIENTED_EDGE('',*,*,#12443,.T.);
#12935 = ORIENTED_EDGE('',*,*,#12899,.T.);
#12936 = ORIENTED_EDGE('',*,*,#12044,.T.);
#12937 = ORIENTED_EDGE('',*,*,#12916,.T.);
#12938 = PLANE('',#12939);
#12939 = AXIS2_PLACEMENT_3D('',#12940,#12941,#12942);
#12940 = CARTESIAN_POINT('',(3.7,1.168181818182,0.526818181818));
#12941 = DIRECTION('',(-1.,-0.,-0.));
#12942 = DIRECTION('',(0.,0.,-1.));
#12943 = ADVANCED_FACE('',(#12944),#12950,.T.);
#12944 = FACE_BOUND('',#12945,.T.);
#12945 = EDGE_LOOP('',(#12946,#12947,#12948,#12949));
#12946 = ORIENTED_EDGE('',*,*,#12133,.T.);
#12947 = ORIENTED_EDGE('',*,*,#12223,.T.);
#12948 = ORIENTED_EDGE('',*,*,#12200,.F.);
#12949 = ORIENTED_EDGE('',*,*,#12185,.F.);
#12950 = PLANE('',#12951);
#12951 = AXIS2_PLACEMENT_3D('',#12952,#12953,#12954);
#12952 = CARTESIAN_POINT('',(-3.7,1.8,2.E-02));
#12953 = DIRECTION('',(0.,1.156482317318E-17,-1.));
#12954 = DIRECTION('',(0.,-1.,-1.156482317318E-17));
#12955 = ADVANCED_FACE('',(#12956),#12981,.T.);
#12956 = FACE_BOUND('',#12957,.T.);
#12957 = EDGE_LOOP('',(#12958,#12959,#12967,#12975));
#12958 = ORIENTED_EDGE('',*,*,#12676,.T.);
#12959 = ORIENTED_EDGE('',*,*,#12960,.T.);
#12960 = EDGE_CURVE('',#12679,#12961,#12963,.T.);
#12961 = VERTEX_POINT('',#12962);
#12962 = CARTESIAN_POINT('',(-2.4,0.63,3.07));
#12963 = LINE('',#12964,#12965);
#12964 = CARTESIAN_POINT('',(-2.4,0.5,1.32));
#12965 = VECTOR('',#12966,1.);
#12966 = DIRECTION('',(0.,7.408159078957E-02,0.997252183706));
#12967 = ORIENTED_EDGE('',*,*,#12968,.F.);
#12968 = EDGE_CURVE('',#12969,#12961,#12971,.T.);
#12969 = VERTEX_POINT('',#12970);
#12970 = CARTESIAN_POINT('',(-2.6,0.63,3.07));
#12971 = LINE('',#12972,#12973);
#12972 = CARTESIAN_POINT('',(-2.6,0.63,3.07));
#12973 = VECTOR('',#12974,1.);
#12974 = DIRECTION('',(1.,0.,0.));
#12975 = ORIENTED_EDGE('',*,*,#12976,.F.);
#12976 = EDGE_CURVE('',#12677,#12969,#12977,.T.);
#12977 = LINE('',#12978,#12979);
#12978 = CARTESIAN_POINT('',(-2.6,0.5,1.32));
#12979 = VECTOR('',#12980,1.);
#12980 = DIRECTION('',(0.,7.408159078957E-02,0.997252183706));
#12981 = PLANE('',#12982);
#12982 = AXIS2_PLACEMENT_3D('',#12983,#12984,#12985);
#12983 = CARTESIAN_POINT('',(-2.6,0.5,1.32));
#12984 = DIRECTION('',(0.,-0.997252183706,7.408159078957E-02));
#12985 = DIRECTION('',(0.,7.408159078957E-02,0.997252183706));
#12986 = ADVANCED_FACE('',(#12987),#13005,.F.);
#12987 = FACE_BOUND('',#12988,.F.);
#12988 = EDGE_LOOP('',(#12989,#12990,#12998,#13004));
#12989 = ORIENTED_EDGE('',*,*,#12960,.T.);
#12990 = ORIENTED_EDGE('',*,*,#12991,.T.);
#12991 = EDGE_CURVE('',#12961,#12992,#12994,.T.);
#12992 = VERTEX_POINT('',#12993);
#12993 = CARTESIAN_POINT('',(-2.4,0.98,3.07));
#12994 = LINE('',#12995,#12996);
#12995 = CARTESIAN_POINT('',(-2.4,0.63,3.07));
#12996 = VECTOR('',#12997,1.);
#12997 = DIRECTION('',(0.,1.,0.));
#12998 = ORIENTED_EDGE('',*,*,#12999,.T.);
#12999 = EDGE_CURVE('',#12992,#12695,#13000,.T.);
#13000 = LINE('',#13001,#13002);
#13001 = CARTESIAN_POINT('',(-2.4,0.98,3.07));
#13002 = VECTOR('',#13003,1.);
#13003 = DIRECTION('',(0.,0.,-1.));
#13004 = ORIENTED_EDGE('',*,*,#12702,.T.);
#13005 = PLANE('',#13006);
#13006 = AXIS2_PLACEMENT_3D('',#13007,#13008,#13009);
#13007 = CARTESIAN_POINT('',(-2.4,0.771294517928,2.168759014354));
#13008 = DIRECTION('',(-1.,-0.,-0.));
#13009 = DIRECTION('',(0.,0.,-1.));
#13010 = ADVANCED_FACE('',(#13011),#13029,.T.);
#13011 = FACE_BOUND('',#13012,.T.);
#13012 = EDGE_LOOP('',(#13013,#13021,#13022,#13023));
#13013 = ORIENTED_EDGE('',*,*,#13014,.T.);
#13014 = EDGE_CURVE('',#13015,#12992,#13017,.T.);
#13015 = VERTEX_POINT('',#13016);
#13016 = CARTESIAN_POINT('',(-2.6,0.98,3.07));
#13017 = LINE('',#13018,#13019);
#13018 = CARTESIAN_POINT('',(-2.6,0.98,3.07));
#13019 = VECTOR('',#13020,1.);
#13020 = DIRECTION('',(1.,0.,0.));
#13021 = ORIENTED_EDGE('',*,*,#12999,.T.);
#13022 = ORIENTED_EDGE('',*,*,#12694,.F.);
#13023 = ORIENTED_EDGE('',*,*,#13024,.F.);
#13024 = EDGE_CURVE('',#13015,#12687,#13025,.T.);
#13025 = LINE('',#13026,#13027);
#13026 = CARTESIAN_POINT('',(-2.6,0.98,3.07));
#13027 = VECTOR('',#13028,1.);
#13028 = DIRECTION('',(0.,0.,-1.));
#13029 = PLANE('',#13030);
#13030 = AXIS2_PLACEMENT_3D('',#13031,#13032,#13033);
#13031 = CARTESIAN_POINT('',(-2.6,0.98,3.07));
#13032 = DIRECTION('',(0.,1.,0.));
#13033 = DIRECTION('',(0.,0.,-1.));
#13034 = ADVANCED_FACE('',(#13035),#13046,.T.);
#13035 = FACE_BOUND('',#13036,.T.);
#13036 = EDGE_LOOP('',(#13037,#13038,#13044,#13045));
#13037 = ORIENTED_EDGE('',*,*,#12976,.T.);
#13038 = ORIENTED_EDGE('',*,*,#13039,.T.);
#13039 = EDGE_CURVE('',#12969,#13015,#13040,.T.);
#13040 = LINE('',#13041,#13042);
#13041 = CARTESIAN_POINT('',(-2.6,0.63,3.07));
#13042 = VECTOR('',#13043,1.);
#13043 = DIRECTION('',(0.,1.,0.));
#13044 = ORIENTED_EDGE('',*,*,#13024,.T.);
#13045 = ORIENTED_EDGE('',*,*,#12686,.T.);
#13046 = PLANE('',#13047);
#13047 = AXIS2_PLACEMENT_3D('',#13048,#13049,#13050);
#13048 = CARTESIAN_POINT('',(-2.6,0.771294517928,2.168759014354));
#13049 = DIRECTION('',(-1.,-0.,-0.));
#13050 = DIRECTION('',(0.,0.,-1.));
#13051 = ADVANCED_FACE('',(#13052),#13077,.T.);
#13052 = FACE_BOUND('',#13053,.T.);
#13053 = EDGE_LOOP('',(#13054,#13055,#13063,#13071));
#13054 = ORIENTED_EDGE('',*,*,#12710,.T.);
#13055 = ORIENTED_EDGE('',*,*,#13056,.T.);
#13056 = EDGE_CURVE('',#12713,#13057,#13059,.T.);
#13057 = VERTEX_POINT('',#13058);
#13058 = CARTESIAN_POINT('',(-1.4,0.63,3.07));
#13059 = LINE('',#13060,#13061);
#13060 = CARTESIAN_POINT('',(-1.4,0.5,1.32));
#13061 = VECTOR('',#13062,1.);
#13062 = DIRECTION('',(0.,7.408159078957E-02,0.997252183706));
#13063 = ORIENTED_EDGE('',*,*,#13064,.F.);
#13064 = EDGE_CURVE('',#13065,#13057,#13067,.T.);
#13065 = VERTEX_POINT('',#13066);
#13066 = CARTESIAN_POINT('',(-1.6,0.63,3.07));
#13067 = LINE('',#13068,#13069);
#13068 = CARTESIAN_POINT('',(-1.6,0.63,3.07));
#13069 = VECTOR('',#13070,1.);
#13070 = DIRECTION('',(1.,0.,0.));
#13071 = ORIENTED_EDGE('',*,*,#13072,.F.);
#13072 = EDGE_CURVE('',#12711,#13065,#13073,.T.);
#13073 = LINE('',#13074,#13075);
#13074 = CARTESIAN_POINT('',(-1.6,0.5,1.32));
#13075 = VECTOR('',#13076,1.);
#13076 = DIRECTION('',(0.,7.408159078957E-02,0.997252183706));
#13077 = PLANE('',#13078);
#13078 = AXIS2_PLACEMENT_3D('',#13079,#13080,#13081);
#13079 = CARTESIAN_POINT('',(-1.6,0.5,1.32));
#13080 = DIRECTION('',(0.,-0.997252183706,7.408159078957E-02));
#13081 = DIRECTION('',(0.,7.408159078957E-02,0.997252183706));
#13082 = ADVANCED_FACE('',(#13083),#13101,.F.);
#13083 = FACE_BOUND('',#13084,.F.);
#13084 = EDGE_LOOP('',(#13085,#13086,#13094,#13100));
#13085 = ORIENTED_EDGE('',*,*,#13056,.T.);
#13086 = ORIENTED_EDGE('',*,*,#13087,.T.);
#13087 = EDGE_CURVE('',#13057,#13088,#13090,.T.);
#13088 = VERTEX_POINT('',#13089);
#13089 = CARTESIAN_POINT('',(-1.4,0.98,3.07));
#13090 = LINE('',#13091,#13092);
#13091 = CARTESIAN_POINT('',(-1.4,0.63,3.07));
#13092 = VECTOR('',#13093,1.);
#13093 = DIRECTION('',(0.,1.,0.));
#13094 = ORIENTED_EDGE('',*,*,#13095,.T.);
#13095 = EDGE_CURVE('',#13088,#12729,#13096,.T.);
#13096 = LINE('',#13097,#13098);
#13097 = CARTESIAN_POINT('',(-1.4,0.98,3.07));
#13098 = VECTOR('',#13099,1.);
#13099 = DIRECTION('',(0.,0.,-1.));
#13100 = ORIENTED_EDGE('',*,*,#12736,.T.);
#13101 = PLANE('',#13102);
#13102 = AXIS2_PLACEMENT_3D('',#13103,#13104,#13105);
#13103 = CARTESIAN_POINT('',(-1.4,0.771294517928,2.168759014354));
#13104 = DIRECTION('',(-1.,-0.,-0.));
#13105 = DIRECTION('',(0.,0.,-1.));
#13106 = ADVANCED_FACE('',(#13107),#13125,.T.);
#13107 = FACE_BOUND('',#13108,.T.);
#13108 = EDGE_LOOP('',(#13109,#13117,#13118,#13119));
#13109 = ORIENTED_EDGE('',*,*,#13110,.T.);
#13110 = EDGE_CURVE('',#13111,#13088,#13113,.T.);
#13111 = VERTEX_POINT('',#13112);
#13112 = CARTESIAN_POINT('',(-1.6,0.98,3.07));
#13113 = LINE('',#13114,#13115);
#13114 = CARTESIAN_POINT('',(-1.6,0.98,3.07));
#13115 = VECTOR('',#13116,1.);
#13116 = DIRECTION('',(1.,0.,0.));
#13117 = ORIENTED_EDGE('',*,*,#13095,.T.);
#13118 = ORIENTED_EDGE('',*,*,#12728,.F.);
#13119 = ORIENTED_EDGE('',*,*,#13120,.F.);
#13120 = EDGE_CURVE('',#13111,#12721,#13121,.T.);
#13121 = LINE('',#13122,#13123);
#13122 = CARTESIAN_POINT('',(-1.6,0.98,3.07));
#13123 = VECTOR('',#13124,1.);
#13124 = DIRECTION('',(0.,0.,-1.));
#13125 = PLANE('',#13126);
#13126 = AXIS2_PLACEMENT_3D('',#13127,#13128,#13129);
#13127 = CARTESIAN_POINT('',(-1.6,0.98,3.07));
#13128 = DIRECTION('',(0.,1.,0.));
#13129 = DIRECTION('',(0.,0.,-1.));
#13130 = ADVANCED_FACE('',(#13131),#13142,.T.);
#13131 = FACE_BOUND('',#13132,.T.);
#13132 = EDGE_LOOP('',(#13133,#13134,#13140,#13141));
#13133 = ORIENTED_EDGE('',*,*,#13072,.T.);
#13134 = ORIENTED_EDGE('',*,*,#13135,.T.);
#13135 = EDGE_CURVE('',#13065,#13111,#13136,.T.);
#13136 = LINE('',#13137,#13138);
#13137 = CARTESIAN_POINT('',(-1.6,0.63,3.07));
#13138 = VECTOR('',#13139,1.);
#13139 = DIRECTION('',(0.,1.,0.));
#13140 = ORIENTED_EDGE('',*,*,#13120,.T.);
#13141 = ORIENTED_EDGE('',*,*,#12720,.T.);
#13142 = PLANE('',#13143);
#13143 = AXIS2_PLACEMENT_3D('',#13144,#13145,#13146);
#13144 = CARTESIAN_POINT('',(-1.6,0.771294517928,2.168759014354));
#13145 = DIRECTION('',(-1.,-0.,-0.));
#13146 = DIRECTION('',(0.,0.,-1.));
#13147 = ADVANCED_FACE('',(#13148),#13173,.T.);
#13148 = FACE_BOUND('',#13149,.T.);
#13149 = EDGE_LOOP('',(#13150,#13151,#13159,#13167));
#13150 = ORIENTED_EDGE('',*,*,#12744,.T.);
#13151 = ORIENTED_EDGE('',*,*,#13152,.T.);
#13152 = EDGE_CURVE('',#12747,#13153,#13155,.T.);
#13153 = VERTEX_POINT('',#13154);
#13154 = CARTESIAN_POINT('',(-0.4,0.63,3.07));
#13155 = LINE('',#13156,#13157);
#13156 = CARTESIAN_POINT('',(-0.4,0.5,1.32));
#13157 = VECTOR('',#13158,1.);
#13158 = DIRECTION('',(0.,7.408159078957E-02,0.997252183706));
#13159 = ORIENTED_EDGE('',*,*,#13160,.F.);
#13160 = EDGE_CURVE('',#13161,#13153,#13163,.T.);
#13161 = VERTEX_POINT('',#13162);
#13162 = CARTESIAN_POINT('',(-0.6,0.63,3.07));
#13163 = LINE('',#13164,#13165);
#13164 = CARTESIAN_POINT('',(-0.6,0.63,3.07));
#13165 = VECTOR('',#13166,1.);
#13166 = DIRECTION('',(1.,0.,0.));
#13167 = ORIENTED_EDGE('',*,*,#13168,.F.);
#13168 = EDGE_CURVE('',#12745,#13161,#13169,.T.);
#13169 = LINE('',#13170,#13171);
#13170 = CARTESIAN_POINT('',(-0.6,0.5,1.32));
#13171 = VECTOR('',#13172,1.);
#13172 = DIRECTION('',(0.,7.408159078957E-02,0.997252183706));
#13173 = PLANE('',#13174);
#13174 = AXIS2_PLACEMENT_3D('',#13175,#13176,#13177);
#13175 = CARTESIAN_POINT('',(-0.6,0.5,1.32));
#13176 = DIRECTION('',(0.,-0.997252183706,7.408159078957E-02));
#13177 = DIRECTION('',(0.,7.408159078957E-02,0.997252183706));
#13178 = ADVANCED_FACE('',(#13179),#13197,.F.);
#13179 = FACE_BOUND('',#13180,.F.);
#13180 = EDGE_LOOP('',(#13181,#13182,#13190,#13196));
#13181 = ORIENTED_EDGE('',*,*,#13152,.T.);
#13182 = ORIENTED_EDGE('',*,*,#13183,.T.);
#13183 = EDGE_CURVE('',#13153,#13184,#13186,.T.);
#13184 = VERTEX_POINT('',#13185);
#13185 = CARTESIAN_POINT('',(-0.4,0.98,3.07));
#13186 = LINE('',#13187,#13188);
#13187 = CARTESIAN_POINT('',(-0.4,0.63,3.07));
#13188 = VECTOR('',#13189,1.);
#13189 = DIRECTION('',(0.,1.,0.));
#13190 = ORIENTED_EDGE('',*,*,#13191,.T.);
#13191 = EDGE_CURVE('',#13184,#12763,#13192,.T.);
#13192 = LINE('',#13193,#13194);
#13193 = CARTESIAN_POINT('',(-0.4,0.98,3.07));
#13194 = VECTOR('',#13195,1.);
#13195 = DIRECTION('',(0.,0.,-1.));
#13196 = ORIENTED_EDGE('',*,*,#12770,.T.);
#13197 = PLANE('',#13198);
#13198 = AXIS2_PLACEMENT_3D('',#13199,#13200,#13201);
#13199 = CARTESIAN_POINT('',(-0.4,0.771294517928,2.168759014354));
#13200 = DIRECTION('',(-1.,-0.,-0.));
#13201 = DIRECTION('',(0.,0.,-1.));
#13202 = ADVANCED_FACE('',(#13203),#13221,.T.);
#13203 = FACE_BOUND('',#13204,.T.);
#13204 = EDGE_LOOP('',(#13205,#13213,#13214,#13215));
#13205 = ORIENTED_EDGE('',*,*,#13206,.T.);
#13206 = EDGE_CURVE('',#13207,#13184,#13209,.T.);
#13207 = VERTEX_POINT('',#13208);
#13208 = CARTESIAN_POINT('',(-0.6,0.98,3.07));
#13209 = LINE('',#13210,#13211);
#13210 = CARTESIAN_POINT('',(-0.6,0.98,3.07));
#13211 = VECTOR('',#13212,1.);
#13212 = DIRECTION('',(1.,0.,0.));
#13213 = ORIENTED_EDGE('',*,*,#13191,.T.);
#13214 = ORIENTED_EDGE('',*,*,#12762,.F.);
#13215 = ORIENTED_EDGE('',*,*,#13216,.F.);
#13216 = EDGE_CURVE('',#13207,#12755,#13217,.T.);
#13217 = LINE('',#13218,#13219);
#13218 = CARTESIAN_POINT('',(-0.6,0.98,3.07));
#13219 = VECTOR('',#13220,1.);
#13220 = DIRECTION('',(0.,0.,-1.));
#13221 = PLANE('',#13222);
#13222 = AXIS2_PLACEMENT_3D('',#13223,#13224,#13225);
#13223 = CARTESIAN_POINT('',(-0.6,0.98,3.07));
#13224 = DIRECTION('',(0.,1.,0.));
#13225 = DIRECTION('',(0.,0.,-1.));
#13226 = ADVANCED_FACE('',(#13227),#13238,.T.);
#13227 = FACE_BOUND('',#13228,.T.);
#13228 = EDGE_LOOP('',(#13229,#13230,#13236,#13237));
#13229 = ORIENTED_EDGE('',*,*,#13168,.T.);
#13230 = ORIENTED_EDGE('',*,*,#13231,.T.);
#13231 = EDGE_CURVE('',#13161,#13207,#13232,.T.);
#13232 = LINE('',#13233,#13234);
#13233 = CARTESIAN_POINT('',(-0.6,0.63,3.07));
#13234 = VECTOR('',#13235,1.);
#13235 = DIRECTION('',(0.,1.,0.));
#13236 = ORIENTED_EDGE('',*,*,#13216,.T.);
#13237 = ORIENTED_EDGE('',*,*,#12754,.T.);
#13238 = PLANE('',#13239);
#13239 = AXIS2_PLACEMENT_3D('',#13240,#13241,#13242);
#13240 = CARTESIAN_POINT('',(-0.6,0.771294517928,2.168759014354));
#13241 = DIRECTION('',(-1.,-0.,-0.));
#13242 = DIRECTION('',(0.,0.,-1.));
#13243 = ADVANCED_FACE('',(#13244),#13269,.T.);
#13244 = FACE_BOUND('',#13245,.T.);
#13245 = EDGE_LOOP('',(#13246,#13247,#13255,#13263));
#13246 = ORIENTED_EDGE('',*,*,#12778,.T.);
#13247 = ORIENTED_EDGE('',*,*,#13248,.T.);
#13248 = EDGE_CURVE('',#12781,#13249,#13251,.T.);
#13249 = VERTEX_POINT('',#13250);
#13250 = CARTESIAN_POINT('',(0.6,0.63,3.07));
#13251 = LINE('',#13252,#13253);
#13252 = CARTESIAN_POINT('',(0.6,0.5,1.32));
#13253 = VECTOR('',#13254,1.);
#13254 = DIRECTION('',(0.,7.408159078957E-02,0.997252183706));
#13255 = ORIENTED_EDGE('',*,*,#13256,.F.);
#13256 = EDGE_CURVE('',#13257,#13249,#13259,.T.);
#13257 = VERTEX_POINT('',#13258);
#13258 = CARTESIAN_POINT('',(0.4,0.63,3.07));
#13259 = LINE('',#13260,#13261);
#13260 = CARTESIAN_POINT('',(0.4,0.63,3.07));
#13261 = VECTOR('',#13262,1.);
#13262 = DIRECTION('',(1.,0.,0.));
#13263 = ORIENTED_EDGE('',*,*,#13264,.F.);
#13264 = EDGE_CURVE('',#12779,#13257,#13265,.T.);
#13265 = LINE('',#13266,#13267);
#13266 = CARTESIAN_POINT('',(0.4,0.5,1.32));
#13267 = VECTOR('',#13268,1.);
#13268 = DIRECTION('',(0.,7.408159078957E-02,0.997252183706));
#13269 = PLANE('',#13270);
#13270 = AXIS2_PLACEMENT_3D('',#13271,#13272,#13273);
#13271 = CARTESIAN_POINT('',(0.4,0.5,1.32));
#13272 = DIRECTION('',(0.,-0.997252183706,7.408159078957E-02));
#13273 = DIRECTION('',(0.,7.408159078957E-02,0.997252183706));
#13274 = ADVANCED_FACE('',(#13275),#13293,.F.);
#13275 = FACE_BOUND('',#13276,.F.);
#13276 = EDGE_LOOP('',(#13277,#13278,#13286,#13292));
#13277 = ORIENTED_EDGE('',*,*,#13248,.T.);
#13278 = ORIENTED_EDGE('',*,*,#13279,.T.);
#13279 = EDGE_CURVE('',#13249,#13280,#13282,.T.);
#13280 = VERTEX_POINT('',#13281);
#13281 = CARTESIAN_POINT('',(0.6,0.98,3.07));
#13282 = LINE('',#13283,#13284);
#13283 = CARTESIAN_POINT('',(0.6,0.63,3.07));
#13284 = VECTOR('',#13285,1.);
#13285 = DIRECTION('',(0.,1.,0.));
#13286 = ORIENTED_EDGE('',*,*,#13287,.T.);
#13287 = EDGE_CURVE('',#13280,#12797,#13288,.T.);
#13288 = LINE('',#13289,#13290);
#13289 = CARTESIAN_POINT('',(0.6,0.98,3.07));
#13290 = VECTOR('',#13291,1.);
#13291 = DIRECTION('',(0.,0.,-1.));
#13292 = ORIENTED_EDGE('',*,*,#12804,.T.);
#13293 = PLANE('',#13294);
#13294 = AXIS2_PLACEMENT_3D('',#13295,#13296,#13297);
#13295 = CARTESIAN_POINT('',(0.6,0.771294517928,2.168759014354));
#13296 = DIRECTION('',(-1.,-0.,-0.));
#13297 = DIRECTION('',(0.,0.,-1.));
#13298 = ADVANCED_FACE('',(#13299),#13317,.T.);
#13299 = FACE_BOUND('',#13300,.T.);
#13300 = EDGE_LOOP('',(#13301,#13309,#13310,#13311));
#13301 = ORIENTED_EDGE('',*,*,#13302,.T.);
#13302 = EDGE_CURVE('',#13303,#13280,#13305,.T.);
#13303 = VERTEX_POINT('',#13304);
#13304 = CARTESIAN_POINT('',(0.4,0.98,3.07));
#13305 = LINE('',#13306,#13307);
#13306 = CARTESIAN_POINT('',(0.4,0.98,3.07));
#13307 = VECTOR('',#13308,1.);
#13308 = DIRECTION('',(1.,0.,0.));
#13309 = ORIENTED_EDGE('',*,*,#13287,.T.);
#13310 = ORIENTED_EDGE('',*,*,#12796,.F.);
#13311 = ORIENTED_EDGE('',*,*,#13312,.F.);
#13312 = EDGE_CURVE('',#13303,#12789,#13313,.T.);
#13313 = LINE('',#13314,#13315);
#13314 = CARTESIAN_POINT('',(0.4,0.98,3.07));
#13315 = VECTOR('',#13316,1.);
#13316 = DIRECTION('',(0.,0.,-1.));
#13317 = PLANE('',#13318);
#13318 = AXIS2_PLACEMENT_3D('',#13319,#13320,#13321);
#13319 = CARTESIAN_POINT('',(0.4,0.98,3.07));
#13320 = DIRECTION('',(0.,1.,0.));
#13321 = DIRECTION('',(0.,0.,-1.));
#13322 = ADVANCED_FACE('',(#13323),#13334,.T.);
#13323 = FACE_BOUND('',#13324,.T.);
#13324 = EDGE_LOOP('',(#13325,#13326,#13332,#13333));
#13325 = ORIENTED_EDGE('',*,*,#13264,.T.);
#13326 = ORIENTED_EDGE('',*,*,#13327,.T.);
#13327 = EDGE_CURVE('',#13257,#13303,#13328,.T.);
#13328 = LINE('',#13329,#13330);
#13329 = CARTESIAN_POINT('',(0.4,0.63,3.07));
#13330 = VECTOR('',#13331,1.);
#13331 = DIRECTION('',(0.,1.,0.));
#13332 = ORIENTED_EDGE('',*,*,#13312,.T.);
#13333 = ORIENTED_EDGE('',*,*,#12788,.T.);
#13334 = PLANE('',#13335);
#13335 = AXIS2_PLACEMENT_3D('',#13336,#13337,#13338);
#13336 = CARTESIAN_POINT('',(0.4,0.771294517928,2.168759014354));
#13337 = DIRECTION('',(-1.,-0.,-0.));
#13338 = DIRECTION('',(0.,0.,-1.));
#13339 = ADVANCED_FACE('',(#13340),#13365,.T.);
#13340 = FACE_BOUND('',#13341,.T.);
#13341 = EDGE_LOOP('',(#13342,#13343,#13351,#13359));
#13342 = ORIENTED_EDGE('',*,*,#12812,.T.);
#13343 = ORIENTED_EDGE('',*,*,#13344,.T.);
#13344 = EDGE_CURVE('',#12815,#13345,#13347,.T.);
#13345 = VERTEX_POINT('',#13346);
#13346 = CARTESIAN_POINT('',(1.6,0.63,3.07));
#13347 = LINE('',#13348,#13349);
#13348 = CARTESIAN_POINT('',(1.6,0.5,1.32));
#13349 = VECTOR('',#13350,1.);
#13350 = DIRECTION('',(0.,7.408159078957E-02,0.997252183706));
#13351 = ORIENTED_EDGE('',*,*,#13352,.F.);
#13352 = EDGE_CURVE('',#13353,#13345,#13355,.T.);
#13353 = VERTEX_POINT('',#13354);
#13354 = CARTESIAN_POINT('',(1.4,0.63,3.07));
#13355 = LINE('',#13356,#13357);
#13356 = CARTESIAN_POINT('',(1.4,0.63,3.07));
#13357 = VECTOR('',#13358,1.);
#13358 = DIRECTION('',(1.,0.,0.));
#13359 = ORIENTED_EDGE('',*,*,#13360,.F.);
#13360 = EDGE_CURVE('',#12813,#13353,#13361,.T.);
#13361 = LINE('',#13362,#13363);
#13362 = CARTESIAN_POINT('',(1.4,0.5,1.32));
#13363 = VECTOR('',#13364,1.);
#13364 = DIRECTION('',(0.,7.408159078957E-02,0.997252183706));
#13365 = PLANE('',#13366);
#13366 = AXIS2_PLACEMENT_3D('',#13367,#13368,#13369);
#13367 = CARTESIAN_POINT('',(1.4,0.5,1.32));
#13368 = DIRECTION('',(0.,-0.997252183706,7.408159078957E-02));
#13369 = DIRECTION('',(0.,7.408159078957E-02,0.997252183706));
#13370 = ADVANCED_FACE('',(#13371),#13389,.F.);
#13371 = FACE_BOUND('',#13372,.F.);
#13372 = EDGE_LOOP('',(#13373,#13374,#13382,#13388));
#13373 = ORIENTED_EDGE('',*,*,#13344,.T.);
#13374 = ORIENTED_EDGE('',*,*,#13375,.T.);
#13375 = EDGE_CURVE('',#13345,#13376,#13378,.T.);
#13376 = VERTEX_POINT('',#13377);
#13377 = CARTESIAN_POINT('',(1.6,0.98,3.07));
#13378 = LINE('',#13379,#13380);
#13379 = CARTESIAN_POINT('',(1.6,0.63,3.07));
#13380 = VECTOR('',#13381,1.);
#13381 = DIRECTION('',(0.,1.,0.));
#13382 = ORIENTED_EDGE('',*,*,#13383,.T.);
#13383 = EDGE_CURVE('',#13376,#12831,#13384,.T.);
#13384 = LINE('',#13385,#13386);
#13385 = CARTESIAN_POINT('',(1.6,0.98,3.07));
#13386 = VECTOR('',#13387,1.);
#13387 = DIRECTION('',(0.,0.,-1.));
#13388 = ORIENTED_EDGE('',*,*,#12838,.T.);
#13389 = PLANE('',#13390);
#13390 = AXIS2_PLACEMENT_3D('',#13391,#13392,#13393);
#13391 = CARTESIAN_POINT('',(1.6,0.771294517928,2.168759014354));
#13392 = DIRECTION('',(-1.,-0.,-0.));
#13393 = DIRECTION('',(0.,0.,-1.));
#13394 = ADVANCED_FACE('',(#13395),#13413,.T.);
#13395 = FACE_BOUND('',#13396,.T.);
#13396 = EDGE_LOOP('',(#13397,#13405,#13406,#13407));
#13397 = ORIENTED_EDGE('',*,*,#13398,.T.);
#13398 = EDGE_CURVE('',#13399,#13376,#13401,.T.);
#13399 = VERTEX_POINT('',#13400);
#13400 = CARTESIAN_POINT('',(1.4,0.98,3.07));
#13401 = LINE('',#13402,#13403);
#13402 = CARTESIAN_POINT('',(1.4,0.98,3.07));
#13403 = VECTOR('',#13404,1.);
#13404 = DIRECTION('',(1.,0.,0.));
#13405 = ORIENTED_EDGE('',*,*,#13383,.T.);
#13406 = ORIENTED_EDGE('',*,*,#12830,.F.);
#13407 = ORIENTED_EDGE('',*,*,#13408,.F.);
#13408 = EDGE_CURVE('',#13399,#12823,#13409,.T.);
#13409 = LINE('',#13410,#13411);
#13410 = CARTESIAN_POINT('',(1.4,0.98,3.07));
#13411 = VECTOR('',#13412,1.);
#13412 = DIRECTION('',(0.,0.,-1.));
#13413 = PLANE('',#13414);
#13414 = AXIS2_PLACEMENT_3D('',#13415,#13416,#13417);
#13415 = CARTESIAN_POINT('',(1.4,0.98,3.07));
#13416 = DIRECTION('',(0.,1.,0.));
#13417 = DIRECTION('',(0.,0.,-1.));
#13418 = ADVANCED_FACE('',(#13419),#13430,.T.);
#13419 = FACE_BOUND('',#13420,.T.);
#13420 = EDGE_LOOP('',(#13421,#13422,#13428,#13429));
#13421 = ORIENTED_EDGE('',*,*,#13360,.T.);
#13422 = ORIENTED_EDGE('',*,*,#13423,.T.);
#13423 = EDGE_CURVE('',#13353,#13399,#13424,.T.);
#13424 = LINE('',#13425,#13426);
#13425 = CARTESIAN_POINT('',(1.4,0.63,3.07));
#13426 = VECTOR('',#13427,1.);
#13427 = DIRECTION('',(0.,1.,0.));
#13428 = ORIENTED_EDGE('',*,*,#13408,.T.);
#13429 = ORIENTED_EDGE('',*,*,#12822,.T.);
#13430 = PLANE('',#13431);
#13431 = AXIS2_PLACEMENT_3D('',#13432,#13433,#13434);
#13432 = CARTESIAN_POINT('',(1.4,0.771294517928,2.168759014354));
#13433 = DIRECTION('',(-1.,-0.,-0.));
#13434 = DIRECTION('',(0.,0.,-1.));
#13435 = ADVANCED_FACE('',(#13436),#13461,.T.);
#13436 = FACE_BOUND('',#13437,.T.);
#13437 = EDGE_LOOP('',(#13438,#13439,#13447,#13455));
#13438 = ORIENTED_EDGE('',*,*,#12846,.T.);
#13439 = ORIENTED_EDGE('',*,*,#13440,.T.);
#13440 = EDGE_CURVE('',#12849,#13441,#13443,.T.);
#13441 = VERTEX_POINT('',#13442);
#13442 = CARTESIAN_POINT('',(2.6,0.63,3.07));
#13443 = LINE('',#13444,#13445);
#13444 = CARTESIAN_POINT('',(2.6,0.5,1.32));
#13445 = VECTOR('',#13446,1.);
#13446 = DIRECTION('',(0.,7.408159078957E-02,0.997252183706));
#13447 = ORIENTED_EDGE('',*,*,#13448,.F.);
#13448 = EDGE_CURVE('',#13449,#13441,#13451,.T.);
#13449 = VERTEX_POINT('',#13450);
#13450 = CARTESIAN_POINT('',(2.4,0.63,3.07));
#13451 = LINE('',#13452,#13453);
#13452 = CARTESIAN_POINT('',(2.4,0.63,3.07));
#13453 = VECTOR('',#13454,1.);
#13454 = DIRECTION('',(1.,0.,0.));
#13455 = ORIENTED_EDGE('',*,*,#13456,.F.);
#13456 = EDGE_CURVE('',#12847,#13449,#13457,.T.);
#13457 = LINE('',#13458,#13459);
#13458 = CARTESIAN_POINT('',(2.4,0.5,1.32));
#13459 = VECTOR('',#13460,1.);
#13460 = DIRECTION('',(0.,7.408159078957E-02,0.997252183706));
#13461 = PLANE('',#13462);
#13462 = AXIS2_PLACEMENT_3D('',#13463,#13464,#13465);
#13463 = CARTESIAN_POINT('',(2.4,0.5,1.32));
#13464 = DIRECTION('',(0.,-0.997252183706,7.408159078957E-02));
#13465 = DIRECTION('',(0.,7.408159078957E-02,0.997252183706));
#13466 = ADVANCED_FACE('',(#13467),#13485,.F.);
#13467 = FACE_BOUND('',#13468,.F.);
#13468 = EDGE_LOOP('',(#13469,#13470,#13478,#13484));
#13469 = ORIENTED_EDGE('',*,*,#13440,.T.);
#13470 = ORIENTED_EDGE('',*,*,#13471,.T.);
#13471 = EDGE_CURVE('',#13441,#13472,#13474,.T.);
#13472 = VERTEX_POINT('',#13473);
#13473 = CARTESIAN_POINT('',(2.6,0.98,3.07));
#13474 = LINE('',#13475,#13476);
#13475 = CARTESIAN_POINT('',(2.6,0.63,3.07));
#13476 = VECTOR('',#13477,1.);
#13477 = DIRECTION('',(0.,1.,0.));
#13478 = ORIENTED_EDGE('',*,*,#13479,.T.);
#13479 = EDGE_CURVE('',#13472,#12865,#13480,.T.);
#13480 = LINE('',#13481,#13482);
#13481 = CARTESIAN_POINT('',(2.6,0.98,3.07));
#13482 = VECTOR('',#13483,1.);
#13483 = DIRECTION('',(0.,0.,-1.));
#13484 = ORIENTED_EDGE('',*,*,#12872,.T.);
#13485 = PLANE('',#13486);
#13486 = AXIS2_PLACEMENT_3D('',#13487,#13488,#13489);
#13487 = CARTESIAN_POINT('',(2.6,0.771294517928,2.168759014354));
#13488 = DIRECTION('',(-1.,-0.,-0.));
#13489 = DIRECTION('',(0.,0.,-1.));
#13490 = ADVANCED_FACE('',(#13491),#13509,.T.);
#13491 = FACE_BOUND('',#13492,.T.);
#13492 = EDGE_LOOP('',(#13493,#13501,#13502,#13503));
#13493 = ORIENTED_EDGE('',*,*,#13494,.T.);
#13494 = EDGE_CURVE('',#13495,#13472,#13497,.T.);
#13495 = VERTEX_POINT('',#13496);
#13496 = CARTESIAN_POINT('',(2.4,0.98,3.07));
#13497 = LINE('',#13498,#13499);
#13498 = CARTESIAN_POINT('',(2.4,0.98,3.07));
#13499 = VECTOR('',#13500,1.);
#13500 = DIRECTION('',(1.,0.,0.));
#13501 = ORIENTED_EDGE('',*,*,#13479,.T.);
#13502 = ORIENTED_EDGE('',*,*,#12864,.F.);
#13503 = ORIENTED_EDGE('',*,*,#13504,.F.);
#13504 = EDGE_CURVE('',#13495,#12857,#13505,.T.);
#13505 = LINE('',#13506,#13507);
#13506 = CARTESIAN_POINT('',(2.4,0.98,3.07));
#13507 = VECTOR('',#13508,1.);
#13508 = DIRECTION('',(0.,0.,-1.));
#13509 = PLANE('',#13510);
#13510 = AXIS2_PLACEMENT_3D('',#13511,#13512,#13513);
#13511 = CARTESIAN_POINT('',(2.4,0.98,3.07));
#13512 = DIRECTION('',(0.,1.,0.));
#13513 = DIRECTION('',(0.,0.,-1.));
#13514 = ADVANCED_FACE('',(#13515),#13526,.T.);
#13515 = FACE_BOUND('',#13516,.T.);
#13516 = EDGE_LOOP('',(#13517,#13518,#13524,#13525));
#13517 = ORIENTED_EDGE('',*,*,#13456,.T.);
#13518 = ORIENTED_EDGE('',*,*,#13519,.T.);
#13519 = EDGE_CURVE('',#13449,#13495,#13520,.T.);
#13520 = LINE('',#13521,#13522);
#13521 = CARTESIAN_POINT('',(2.4,0.63,3.07));
#13522 = VECTOR('',#13523,1.);
#13523 = DIRECTION('',(0.,1.,0.));
#13524 = ORIENTED_EDGE('',*,*,#13504,.T.);
#13525 = ORIENTED_EDGE('',*,*,#12856,.T.);
#13526 = PLANE('',#13527);
#13527 = AXIS2_PLACEMENT_3D('',#13528,#13529,#13530);
#13528 = CARTESIAN_POINT('',(2.4,0.771294517928,2.168759014354));
#13529 = DIRECTION('',(-1.,-0.,-0.));
#13530 = DIRECTION('',(0.,0.,-1.));
#13531 = ADVANCED_FACE('',(#13532),#13538,.T.);
#13532 = FACE_BOUND('',#13533,.T.);
#13533 = EDGE_LOOP('',(#13534,#13535,#13536,#13537));
#13534 = ORIENTED_EDGE('',*,*,#12968,.T.);
#13535 = ORIENTED_EDGE('',*,*,#12991,.T.);
#13536 = ORIENTED_EDGE('',*,*,#13014,.F.);
#13537 = ORIENTED_EDGE('',*,*,#13039,.F.);
#13538 = PLANE('',#13539);
#13539 = AXIS2_PLACEMENT_3D('',#13540,#13541,#13542);
#13540 = CARTESIAN_POINT('',(-2.6,0.63,3.07));
#13541 = DIRECTION('',(0.,0.,1.));
#13542 = DIRECTION('',(0.,1.,0.));
#13543 = ADVANCED_FACE('',(#13544),#13550,.T.);
#13544 = FACE_BOUND('',#13545,.T.);
#13545 = EDGE_LOOP('',(#13546,#13547,#13548,#13549));
#13546 = ORIENTED_EDGE('',*,*,#13064,.T.);
#13547 = ORIENTED_EDGE('',*,*,#13087,.T.);
#13548 = ORIENTED_EDGE('',*,*,#13110,.F.);
#13549 = ORIENTED_EDGE('',*,*,#13135,.F.);
#13550 = PLANE('',#13551);
#13551 = AXIS2_PLACEMENT_3D('',#13552,#13553,#13554);
#13552 = CARTESIAN_POINT('',(-1.6,0.63,3.07));
#13553 = DIRECTION('',(0.,0.,1.));
#13554 = DIRECTION('',(0.,1.,0.));
#13555 = ADVANCED_FACE('',(#13556),#13562,.T.);
#13556 = FACE_BOUND('',#13557,.T.);
#13557 = EDGE_LOOP('',(#13558,#13559,#13560,#13561));
#13558 = ORIENTED_EDGE('',*,*,#13160,.T.);
#13559 = ORIENTED_EDGE('',*,*,#13183,.T.);
#13560 = ORIENTED_EDGE('',*,*,#13206,.F.);
#13561 = ORIENTED_EDGE('',*,*,#13231,.F.);
#13562 = PLANE('',#13563);
#13563 = AXIS2_PLACEMENT_3D('',#13564,#13565,#13566);
#13564 = CARTESIAN_POINT('',(-0.6,0.63,3.07));
#13565 = DIRECTION('',(0.,0.,1.));
#13566 = DIRECTION('',(0.,1.,0.));
#13567 = ADVANCED_FACE('',(#13568),#13574,.T.);
#13568 = FACE_BOUND('',#13569,.T.);
#13569 = EDGE_LOOP('',(#13570,#13571,#13572,#13573));
#13570 = ORIENTED_EDGE('',*,*,#13256,.T.);
#13571 = ORIENTED_EDGE('',*,*,#13279,.T.);
#13572 = ORIENTED_EDGE('',*,*,#13302,.F.);
#13573 = ORIENTED_EDGE('',*,*,#13327,.F.);
#13574 = PLANE('',#13575);
#13575 = AXIS2_PLACEMENT_3D('',#13576,#13577,#13578);
#13576 = CARTESIAN_POINT('',(0.4,0.63,3.07));
#13577 = DIRECTION('',(0.,0.,1.));
#13578 = DIRECTION('',(0.,1.,0.));
#13579 = ADVANCED_FACE('',(#13580),#13586,.T.);
#13580 = FACE_BOUND('',#13581,.T.);
#13581 = EDGE_LOOP('',(#13582,#13583,#13584,#13585));
#13582 = ORIENTED_EDGE('',*,*,#13352,.T.);
#13583 = ORIENTED_EDGE('',*,*,#13375,.T.);
#13584 = ORIENTED_EDGE('',*,*,#13398,.F.);
#13585 = ORIENTED_EDGE('',*,*,#13423,.F.);
#13586 = PLANE('',#13587);
#13587 = AXIS2_PLACEMENT_3D('',#13588,#13589,#13590);
#13588 = CARTESIAN_POINT('',(1.4,0.63,3.07));
#13589 = DIRECTION('',(0.,0.,1.));
#13590 = DIRECTION('',(0.,1.,0.));
#13591 = ADVANCED_FACE('',(#13592),#13598,.T.);
#13592 = FACE_BOUND('',#13593,.T.);
#13593 = EDGE_LOOP('',(#13594,#13595,#13596,#13597));
#13594 = ORIENTED_EDGE('',*,*,#13448,.T.);
#13595 = ORIENTED_EDGE('',*,*,#13471,.T.);
#13596 = ORIENTED_EDGE('',*,*,#13494,.F.);
#13597 = ORIENTED_EDGE('',*,*,#13519,.F.);
#13598 = PLANE('',#13599);
#13599 = AXIS2_PLACEMENT_3D('',#13600,#13601,#13602);
#13600 = CARTESIAN_POINT('',(2.4,0.63,3.07));
#13601 = DIRECTION('',(0.,0.,1.));
#13602 = DIRECTION('',(0.,1.,0.));
#13603 = ( GEOMETRIC_REPRESENTATION_CONTEXT(3) 
GLOBAL_UNCERTAINTY_ASSIGNED_CONTEXT((#13607)) 
GLOBAL_UNIT_ASSIGNED_CONTEXT((#13604,#13605,#13606)) 
REPRESENTATION_CONTEXT('Context #1',
  '3D Context with UNIT and UNCERTAINTY') );
#13604 = ( LENGTH_UNIT() NAMED_UNIT(*) SI_UNIT(.MILLI.,.METRE.) );
#13605 = ( NAMED_UNIT(*) PLANE_ANGLE_UNIT() SI_UNIT($,.RADIAN.) );
#13606 = ( NAMED_UNIT(*) SI_UNIT($,.STERADIAN.) SOLID_ANGLE_UNIT() );
#13607 = UNCERTAINTY_MEASURE_WITH_UNIT(LENGTH_MEASURE(1.E-07),#13604,
  'distance_accuracy_value','confusion accuracy');
#13608 = CONTEXT_DEPENDENT_SHAPE_REPRESENTATION(#13609,#13611);
#13609 = ( REPRESENTATION_RELATIONSHIP('','',#10022,#9999) 
REPRESENTATION_RELATIONSHIP_WITH_TRANSFORMATION(#13610) 
SHAPE_REPRESENTATION_RELATIONSHIP() );
#13610 = ITEM_DEFINED_TRANSFORMATION('','',#11,#10000);
#13611 = PRODUCT_DEFINITION_SHAPE('Placement','Placement of an item',
  #13612);
#13612 = NEXT_ASSEMBLY_USAGE_OCCURRENCE('10','=>[0:1:1:11]','',#9994,
  #10017,$);
#13613 = PRODUCT_RELATED_PRODUCT_CATEGORY('part',$,(#10019));
#13614 = SHAPE_DEFINITION_REPRESENTATION(#13615,#13621);
#13615 = PRODUCT_DEFINITION_SHAPE('','',#13616);
#13616 = PRODUCT_DEFINITION('design','',#13617,#13620);
#13617 = PRODUCT_DEFINITION_FORMATION('','',#13618);
#13618 = PRODUCT('PoseDoll_AS5048A_revM_sh_PCB',
  'PoseDoll_AS5048A_revM_sh_PCB','',(#13619));
#13619 = PRODUCT_CONTEXT('',#2,'mechanical');
#13620 = PRODUCT_DEFINITION_CONTEXT('part definition',#2,'design');
#13621 = ADVANCED_BREP_SHAPE_REPRESENTATION('',(#11,#13622),#13904);
#13622 = MANIFOLD_SOLID_BREP('',#13623);
#13623 = CLOSED_SHELL('',(#13624,#13664,#13695,#13726,#13757,#13788,
    #13819,#13850,#13872,#13888));
#13624 = ADVANCED_FACE('',(#13625),#13659,.T.);
#13625 = FACE_BOUND('',#13626,.T.);
#13626 = EDGE_LOOP('',(#13627,#13637,#13645,#13653));
#13627 = ORIENTED_EDGE('',*,*,#13628,.T.);
#13628 = EDGE_CURVE('',#13629,#13631,#13633,.T.);
#13629 = VERTEX_POINT('',#13630);
#13630 = CARTESIAN_POINT('',(6.,4.,0.));
#13631 = VERTEX_POINT('',#13632);
#13632 = CARTESIAN_POINT('',(6.,4.,0.91));
#13633 = LINE('',#13634,#13635);
#13634 = CARTESIAN_POINT('',(6.,4.,0.));
#13635 = VECTOR('',#13636,1.);
#13636 = DIRECTION('',(0.,0.,1.));
#13637 = ORIENTED_EDGE('',*,*,#13638,.T.);
#13638 = EDGE_CURVE('',#13631,#13639,#13641,.T.);
#13639 = VERTEX_POINT('',#13640);
#13640 = CARTESIAN_POINT('',(6.,-4.,0.91));
#13641 = LINE('',#13642,#13643);
#13642 = CARTESIAN_POINT('',(6.,4.,0.91));
#13643 = VECTOR('',#13644,1.);
#13644 = DIRECTION('',(0.,-1.,0.));
#13645 = ORIENTED_EDGE('',*,*,#13646,.F.);
#13646 = EDGE_CURVE('',#13647,#13639,#13649,.T.);
#13647 = VERTEX_POINT('',#13648);
#13648 = CARTESIAN_POINT('',(6.,-4.,0.));
#13649 = LINE('',#13650,#13651);
#13650 = CARTESIAN_POINT('',(6.,-4.,0.));
#13651 = VECTOR('',#13652,1.);
#13652 = DIRECTION('',(0.,0.,1.));
#13653 = ORIENTED_EDGE('',*,*,#13654,.F.);
#13654 = EDGE_CURVE('',#13629,#13647,#13655,.T.);
#13655 = LINE('',#13656,#13657);
#13656 = CARTESIAN_POINT('',(6.,4.,0.));
#13657 = VECTOR('',#13658,1.);
#13658 = DIRECTION('',(0.,-1.,0.));
#13659 = PLANE('',#13660);
#13660 = AXIS2_PLACEMENT_3D('',#13661,#13662,#13663);
#13661 = CARTESIAN_POINT('',(6.,4.,0.));
#13662 = DIRECTION('',(1.,0.,-0.));
#13663 = DIRECTION('',(0.,-1.,0.));
#13664 = ADVANCED_FACE('',(#13665),#13690,.T.);
#13665 = FACE_BOUND('',#13666,.T.);
#13666 = EDGE_LOOP('',(#13667,#13668,#13676,#13684));
#13667 = ORIENTED_EDGE('',*,*,#13646,.T.);
#13668 = ORIENTED_EDGE('',*,*,#13669,.T.);
#13669 = EDGE_CURVE('',#13639,#13670,#13672,.T.);
#13670 = VERTEX_POINT('',#13671);
#13671 = CARTESIAN_POINT('',(5.,-5.,0.91));
#13672 = LINE('',#13673,#13674);
#13673 = CARTESIAN_POINT('',(6.,-4.,0.91));
#13674 = VECTOR('',#13675,1.);
#13675 = DIRECTION('',(-0.707106781187,-0.707106781187,0.));
#13676 = ORIENTED_EDGE('',*,*,#13677,.F.);
#13677 = EDGE_CURVE('',#13678,#13670,#13680,.T.);
#13678 = VERTEX_POINT('',#13679);
#13679 = CARTESIAN_POINT('',(5.,-5.,0.));
#13680 = LINE('',#13681,#13682);
#13681 = CARTESIAN_POINT('',(5.,-5.,0.));
#13682 = VECTOR('',#13683,1.);
#13683 = DIRECTION('',(0.,0.,1.));
#13684 = ORIENTED_EDGE('',*,*,#13685,.F.);
#13685 = EDGE_CURVE('',#13647,#13678,#13686,.T.);
#13686 = LINE('',#13687,#13688);
#13687 = CARTESIAN_POINT('',(6.,-4.,0.));
#13688 = VECTOR('',#13689,1.);
#13689 = DIRECTION('',(-0.707106781187,-0.707106781187,0.));
#13690 = PLANE('',#13691);
#13691 = AXIS2_PLACEMENT_3D('',#13692,#13693,#13694);
#13692 = CARTESIAN_POINT('',(6.,-4.,0.));
#13693 = DIRECTION('',(0.707106781187,-0.707106781187,0.));
#13694 = DIRECTION('',(-0.707106781187,-0.707106781187,0.));
#13695 = ADVANCED_FACE('',(#13696),#13721,.T.);
#13696 = FACE_BOUND('',#13697,.T.);
#13697 = EDGE_LOOP('',(#13698,#13699,#13707,#13715));
#13698 = ORIENTED_EDGE('',*,*,#13677,.T.);
#13699 = ORIENTED_EDGE('',*,*,#13700,.T.);
#13700 = EDGE_CURVE('',#13670,#13701,#13703,.T.);
#13701 = VERTEX_POINT('',#13702);
#13702 = CARTESIAN_POINT('',(-5.,-5.,0.91));
#13703 = LINE('',#13704,#13705);
#13704 = CARTESIAN_POINT('',(5.,-5.,0.91));
#13705 = VECTOR('',#13706,1.);
#13706 = DIRECTION('',(-1.,0.,0.));
#13707 = ORIENTED_EDGE('',*,*,#13708,.F.);
#13708 = EDGE_CURVE('',#13709,#13701,#13711,.T.);
#13709 = VERTEX_POINT('',#13710);
#13710 = CARTESIAN_POINT('',(-5.,-5.,0.));
#13711 = LINE('',#13712,#13713);
#13712 = CARTESIAN_POINT('',(-5.,-5.,0.));
#13713 = VECTOR('',#13714,1.);
#13714 = DIRECTION('',(0.,0.,1.));
#13715 = ORIENTED_EDGE('',*,*,#13716,.F.);
#13716 = EDGE_CURVE('',#13678,#13709,#13717,.T.);
#13717 = LINE('',#13718,#13719);
#13718 = CARTESIAN_POINT('',(5.,-5.,0.));
#13719 = VECTOR('',#13720,1.);
#13720 = DIRECTION('',(-1.,0.,0.));
#13721 = PLANE('',#13722);
#13722 = AXIS2_PLACEMENT_3D('',#13723,#13724,#13725);
#13723 = CARTESIAN_POINT('',(5.,-5.,0.));
#13724 = DIRECTION('',(0.,-1.,0.));
#13725 = DIRECTION('',(-1.,0.,0.));
#13726 = ADVANCED_FACE('',(#13727),#13752,.T.);
#13727 = FACE_BOUND('',#13728,.T.);
#13728 = EDGE_LOOP('',(#13729,#13730,#13738,#13746));
#13729 = ORIENTED_EDGE('',*,*,#13708,.T.);
#13730 = ORIENTED_EDGE('',*,*,#13731,.T.);
#13731 = EDGE_CURVE('',#13701,#13732,#13734,.T.);
#13732 = VERTEX_POINT('',#13733);
#13733 = CARTESIAN_POINT('',(-6.,-4.,0.91));
#13734 = LINE('',#13735,#13736);
#13735 = CARTESIAN_POINT('',(-5.,-5.,0.91));
#13736 = VECTOR('',#13737,1.);
#13737 = DIRECTION('',(-0.707106781187,0.707106781187,0.));
#13738 = ORIENTED_EDGE('',*,*,#13739,.F.);
#13739 = EDGE_CURVE('',#13740,#13732,#13742,.T.);
#13740 = VERTEX_POINT('',#13741);
#13741 = CARTESIAN_POINT('',(-6.,-4.,0.));
#13742 = LINE('',#13743,#13744);
#13743 = CARTESIAN_POINT('',(-6.,-4.,0.));
#13744 = VECTOR('',#13745,1.);
#13745 = DIRECTION('',(0.,0.,1.));
#13746 = ORIENTED_EDGE('',*,*,#13747,.F.);
#13747 = EDGE_CURVE('',#13709,#13740,#13748,.T.);
#13748 = LINE('',#13749,#13750);
#13749 = CARTESIAN_POINT('',(-5.,-5.,0.));
#13750 = VECTOR('',#13751,1.);
#13751 = DIRECTION('',(-0.707106781187,0.707106781187,0.));
#13752 = PLANE('',#13753);
#13753 = AXIS2_PLACEMENT_3D('',#13754,#13755,#13756);
#13754 = CARTESIAN_POINT('',(-5.,-5.,0.));
#13755 = DIRECTION('',(-0.707106781187,-0.707106781187,0.));
#13756 = DIRECTION('',(-0.707106781187,0.707106781187,0.));
#13757 = ADVANCED_FACE('',(#13758),#13783,.T.);
#13758 = FACE_BOUND('',#13759,.T.);
#13759 = EDGE_LOOP('',(#13760,#13761,#13769,#13777));
#13760 = ORIENTED_EDGE('',*,*,#13739,.T.);
#13761 = ORIENTED_EDGE('',*,*,#13762,.T.);
#13762 = EDGE_CURVE('',#13732,#13763,#13765,.T.);
#13763 = VERTEX_POINT('',#13764);
#13764 = CARTESIAN_POINT('',(-6.,4.,0.91));
#13765 = LINE('',#13766,#13767);
#13766 = CARTESIAN_POINT('',(-6.,-4.,0.91));
#13767 = VECTOR('',#13768,1.);
#13768 = DIRECTION('',(0.,1.,0.));
#13769 = ORIENTED_EDGE('',*,*,#13770,.F.);
#13770 = EDGE_CURVE('',#13771,#13763,#13773,.T.);
#13771 = VERTEX_POINT('',#13772);
#13772 = CARTESIAN_POINT('',(-6.,4.,0.));
#13773 = LINE('',#13774,#13775);
#13774 = CARTESIAN_POINT('',(-6.,4.,0.));
#13775 = VECTOR('',#13776,1.);
#13776 = DIRECTION('',(0.,0.,1.));
#13777 = ORIENTED_EDGE('',*,*,#13778,.F.);
#13778 = EDGE_CURVE('',#13740,#13771,#13779,.T.);
#13779 = LINE('',#13780,#13781);
#13780 = CARTESIAN_POINT('',(-6.,-4.,0.));
#13781 = VECTOR('',#13782,1.);
#13782 = DIRECTION('',(0.,1.,0.));
#13783 = PLANE('',#13784);
#13784 = AXIS2_PLACEMENT_3D('',#13785,#13786,#13787);
#13785 = CARTESIAN_POINT('',(-6.,-4.,0.));
#13786 = DIRECTION('',(-1.,0.,0.));
#13787 = DIRECTION('',(0.,1.,0.));
#13788 = ADVANCED_FACE('',(#13789),#13814,.T.);
#13789 = FACE_BOUND('',#13790,.T.);
#13790 = EDGE_LOOP('',(#13791,#13792,#13800,#13808));
#13791 = ORIENTED_EDGE('',*,*,#13770,.T.);
#13792 = ORIENTED_EDGE('',*,*,#13793,.T.);
#13793 = EDGE_CURVE('',#13763,#13794,#13796,.T.);
#13794 = VERTEX_POINT('',#13795);
#13795 = CARTESIAN_POINT('',(-5.,5.,0.91));
#13796 = LINE('',#13797,#13798);
#13797 = CARTESIAN_POINT('',(-6.,4.,0.91));
#13798 = VECTOR('',#13799,1.);
#13799 = DIRECTION('',(0.707106781187,0.707106781187,0.));
#13800 = ORIENTED_EDGE('',*,*,#13801,.F.);
#13801 = EDGE_CURVE('',#13802,#13794,#13804,.T.);
#13802 = VERTEX_POINT('',#13803);
#13803 = CARTESIAN_POINT('',(-5.,5.,0.));
#13804 = LINE('',#13805,#13806);
#13805 = CARTESIAN_POINT('',(-5.,5.,0.));
#13806 = VECTOR('',#13807,1.);
#13807 = DIRECTION('',(0.,0.,1.));
#13808 = ORIENTED_EDGE('',*,*,#13809,.F.);
#13809 = EDGE_CURVE('',#13771,#13802,#13810,.T.);
#13810 = LINE('',#13811,#13812);
#13811 = CARTESIAN_POINT('',(-6.,4.,0.));
#13812 = VECTOR('',#13813,1.);
#13813 = DIRECTION('',(0.707106781187,0.707106781187,0.));
#13814 = PLANE('',#13815);
#13815 = AXIS2_PLACEMENT_3D('',#13816,#13817,#13818);
#13816 = CARTESIAN_POINT('',(-6.,4.,0.));
#13817 = DIRECTION('',(-0.707106781187,0.707106781187,0.));
#13818 = DIRECTION('',(0.707106781187,0.707106781187,0.));
#13819 = ADVANCED_FACE('',(#13820),#13845,.T.);
#13820 = FACE_BOUND('',#13821,.T.);
#13821 = EDGE_LOOP('',(#13822,#13823,#13831,#13839));
#13822 = ORIENTED_EDGE('',*,*,#13801,.T.);
#13823 = ORIENTED_EDGE('',*,*,#13824,.T.);
#13824 = EDGE_CURVE('',#13794,#13825,#13827,.T.);
#13825 = VERTEX_POINT('',#13826);
#13826 = CARTESIAN_POINT('',(5.,5.,0.91));
#13827 = LINE('',#13828,#13829);
#13828 = CARTESIAN_POINT('',(-5.,5.,0.91));
#13829 = VECTOR('',#13830,1.);
#13830 = DIRECTION('',(1.,0.,0.));
#13831 = ORIENTED_EDGE('',*,*,#13832,.F.);
#13832 = EDGE_CURVE('',#13833,#13825,#13835,.T.);
#13833 = VERTEX_POINT('',#13834);
#13834 = CARTESIAN_POINT('',(5.,5.,0.));
#13835 = LINE('',#13836,#13837);
#13836 = CARTESIAN_POINT('',(5.,5.,0.));
#13837 = VECTOR('',#13838,1.);
#13838 = DIRECTION('',(0.,0.,1.));
#13839 = ORIENTED_EDGE('',*,*,#13840,.F.);
#13840 = EDGE_CURVE('',#13802,#13833,#13841,.T.);
#13841 = LINE('',#13842,#13843);
#13842 = CARTESIAN_POINT('',(-5.,5.,0.));
#13843 = VECTOR('',#13844,1.);
#13844 = DIRECTION('',(1.,0.,0.));
#13845 = PLANE('',#13846);
#13846 = AXIS2_PLACEMENT_3D('',#13847,#13848,#13849);
#13847 = CARTESIAN_POINT('',(-5.,5.,0.));
#13848 = DIRECTION('',(0.,1.,0.));
#13849 = DIRECTION('',(1.,0.,0.));
#13850 = ADVANCED_FACE('',(#13851),#13867,.T.);
#13851 = FACE_BOUND('',#13852,.T.);
#13852 = EDGE_LOOP('',(#13853,#13854,#13860,#13861));
#13853 = ORIENTED_EDGE('',*,*,#13832,.T.);
#13854 = ORIENTED_EDGE('',*,*,#13855,.T.);
#13855 = EDGE_CURVE('',#13825,#13631,#13856,.T.);
#13856 = LINE('',#13857,#13858);
#13857 = CARTESIAN_POINT('',(5.,5.,0.91));
#13858 = VECTOR('',#13859,1.);
#13859 = DIRECTION('',(0.707106781187,-0.707106781187,0.));
#13860 = ORIENTED_EDGE('',*,*,#13628,.F.);
#13861 = ORIENTED_EDGE('',*,*,#13862,.F.);
#13862 = EDGE_CURVE('',#13833,#13629,#13863,.T.);
#13863 = LINE('',#13864,#13865);
#13864 = CARTESIAN_POINT('',(5.,5.,0.));
#13865 = VECTOR('',#13866,1.);
#13866 = DIRECTION('',(0.707106781187,-0.707106781187,0.));
#13867 = PLANE('',#13868);
#13868 = AXIS2_PLACEMENT_3D('',#13869,#13870,#13871);
#13869 = CARTESIAN_POINT('',(5.,5.,0.));
#13870 = DIRECTION('',(0.707106781187,0.707106781187,-0.));
#13871 = DIRECTION('',(0.707106781187,-0.707106781187,0.));
#13872 = ADVANCED_FACE('',(#13873),#13883,.F.);
#13873 = FACE_BOUND('',#13874,.T.);
#13874 = EDGE_LOOP('',(#13875,#13876,#13877,#13878,#13879,#13880,#13881,
    #13882));
#13875 = ORIENTED_EDGE('',*,*,#13654,.T.);
#13876 = ORIENTED_EDGE('',*,*,#13685,.T.);
#13877 = ORIENTED_EDGE('',*,*,#13716,.T.);
#13878 = ORIENTED_EDGE('',*,*,#13747,.T.);
#13879 = ORIENTED_EDGE('',*,*,#13778,.T.);
#13880 = ORIENTED_EDGE('',*,*,#13809,.T.);
#13881 = ORIENTED_EDGE('',*,*,#13840,.T.);
#13882 = ORIENTED_EDGE('',*,*,#13862,.T.);
#13883 = PLANE('',#13884);
#13884 = AXIS2_PLACEMENT_3D('',#13885,#13886,#13887);
#13885 = CARTESIAN_POINT('',(0.,0.,0.));
#13886 = DIRECTION('',(0.,0.,1.));
#13887 = DIRECTION('',(1.,0.,-0.));
#13888 = ADVANCED_FACE('',(#13889),#13899,.T.);
#13889 = FACE_BOUND('',#13890,.F.);
#13890 = EDGE_LOOP('',(#13891,#13892,#13893,#13894,#13895,#13896,#13897,
    #13898));
#13891 = ORIENTED_EDGE('',*,*,#13638,.T.);
#13892 = ORIENTED_EDGE('',*,*,#13669,.T.);
#13893 = ORIENTED_EDGE('',*,*,#13700,.T.);
#13894 = ORIENTED_EDGE('',*,*,#13731,.T.);
#13895 = ORIENTED_EDGE('',*,*,#13762,.T.);
#13896 = ORIENTED_EDGE('',*,*,#13793,.T.);
#13897 = ORIENTED_EDGE('',*,*,#13824,.T.);
#13898 = ORIENTED_EDGE('',*,*,#13855,.T.);
#13899 = PLANE('',#13900);
#13900 = AXIS2_PLACEMENT_3D('',#13901,#13902,#13903);
#13901 = CARTESIAN_POINT('',(0.,0.,0.91));
#13902 = DIRECTION('',(0.,0.,1.));
#13903 = DIRECTION('',(1.,0.,-0.));
#13904 = ( GEOMETRIC_REPRESENTATION_CONTEXT(3) 
GLOBAL_UNCERTAINTY_ASSIGNED_CONTEXT((#13908)) 
GLOBAL_UNIT_ASSIGNED_CONTEXT((#13905,#13906,#13907)) 
REPRESENTATION_CONTEXT('Context #1',
  '3D Context with UNIT and UNCERTAINTY') );
#13905 = ( LENGTH_UNIT() NAMED_UNIT(*) SI_UNIT(.MILLI.,.METRE.) );
#13906 = ( NAMED_UNIT(*) PLANE_ANGLE_UNIT() SI_UNIT($,.RADIAN.) );
#13907 = ( NAMED_UNIT(*) SI_UNIT($,.STERADIAN.) SOLID_ANGLE_UNIT() );
#13908 = UNCERTAINTY_MEASURE_WITH_UNIT(LENGTH_MEASURE(1.E-07),#13905,
  'distance_accuracy_value','confusion accuracy');
#13909 = CONTEXT_DEPENDENT_SHAPE_REPRESENTATION(#13910,#13912);
#13910 = ( REPRESENTATION_RELATIONSHIP('','',#13621,#10) 
REPRESENTATION_RELATIONSHIP_WITH_TRANSFORMATION(#13911) 
SHAPE_REPRESENTATION_RELATIONSHIP() );
#13911 = ITEM_DEFINED_TRANSFORMATION('','',#11,#39);
#13912 = PRODUCT_DEFINITION_SHAPE('Placement','Placement of an item',
  #13913);
#13913 = NEXT_ASSEMBLY_USAGE_OCCURRENCE('12','=>[0:1:1:12]','',#5,#13616
  ,$);
#13914 = PRODUCT_RELATED_PRODUCT_CATEGORY('part',$,(#13618));
#13915 = MECHANICAL_DESIGN_GEOMETRIC_PRESENTATION_REPRESENTATION('',(
    #13916),#13904);
#13916 = STYLED_ITEM('color',(#13917),#13622);
#13917 = PRESENTATION_STYLE_ASSIGNMENT((#13918));
#13918 = SURFACE_STYLE_USAGE(.BOTH.,#13919);
#13919 = SURFACE_SIDE_STYLE('',(#13920));
#13920 = SURFACE_STYLE_FILL_AREA(#13921);
#13921 = FILL_AREA_STYLE('',(#13922));
#13922 = FILL_AREA_STYLE_COLOUR('',#13923);
#13923 = COLOUR_RGB('',0.313304153717,0.484529207832,0.410020903123);
#13924 = MECHANICAL_DESIGN_GEOMETRIC_PRESENTATION_REPRESENTATION('',(
    #13925,#13935,#13944,#13953,#13962,#13971,#13980,#13989,#13998,
    #14007,#14016,#14025,#14034,#14043,#14052,#14061,#14070,#14079,
    #14089,#14098,#14107,#14116,#14125,#14134,#14143,#14152,#14161,
    #14170,#14179,#14188,#14197,#14206,#14215,#14224,#14233,#14242,
    #14251,#14260,#14269,#14278,#14287,#14296,#14305,#14314,#14323,
    #14332,#14341,#14350,#14359,#14368,#14377,#14386,#14395,#14404,
    #14413,#14422,#14431,#14440,#14449,#14458,#14467,#14476,#14485,
    #14494,#14503,#14512,#14521,#14530,#14539,#14548,#14557,#14566,
    #14575,#14584,#14593,#14602,#14611,#14620,#14629,#14638,#14647,
    #14656,#14665,#14674,#14683,#14692,#14701,#14710,#14719,#14728,
    #14737,#14746,#14755,#14764,#14773,#14782,#14791,#14800,#14809,
    #14818,#14827,#14836,#14845,#14854,#14863,#14872,#14881,#14890,
    #14899,#14908,#14917,#14926,#14935,#14944,#14953,#14962,#14971),
  #13603);
#13925 = STYLED_ITEM('color',(#13926),#10025);
#13926 = PRESENTATION_STYLE_ASSIGNMENT((#13927,#13933));
#13927 = SURFACE_STYLE_USAGE(.BOTH.,#13928);
#13928 = SURFACE_SIDE_STYLE('',(#13929));
#13929 = SURFACE_STYLE_FILL_AREA(#13930);
#13930 = FILL_AREA_STYLE('',(#13931));
#13931 = FILL_AREA_STYLE_COLOUR('',#13932);
#13932 = COLOUR_RGB('',0.894999966383,0.890999961016,0.813000030345);
#13933 = CURVE_STYLE('',#13934,POSITIVE_LENGTH_MEASURE(0.1),#13932);
#13934 = DRAUGHTING_PRE_DEFINED_CURVE_FONT('continuous');
#13935 = STYLED_ITEM('color',(#13936),#10129);
#13936 = PRESENTATION_STYLE_ASSIGNMENT((#13937,#13942));
#13937 = SURFACE_STYLE_USAGE(.BOTH.,#13938);
#13938 = SURFACE_SIDE_STYLE('',(#13939));
#13939 = SURFACE_STYLE_FILL_AREA(#13940);
#13940 = FILL_AREA_STYLE('',(#13941));
#13941 = FILL_AREA_STYLE_COLOUR('',#13932);
#13942 = CURVE_STYLE('',#13943,POSITIVE_LENGTH_MEASURE(0.1),#13932);
#13943 = DRAUGHTING_PRE_DEFINED_CURVE_FONT('continuous');
#13944 = STYLED_ITEM('color',(#13945),#10384);
#13945 = PRESENTATION_STYLE_ASSIGNMENT((#13946,#13951));
#13946 = SURFACE_STYLE_USAGE(.BOTH.,#13947);
#13947 = SURFACE_SIDE_STYLE('',(#13948));
#13948 = SURFACE_STYLE_FILL_AREA(#13949);
#13949 = FILL_AREA_STYLE('',(#13950));
#13950 = FILL_AREA_STYLE_COLOUR('',#13932);
#13951 = CURVE_STYLE('',#13952,POSITIVE_LENGTH_MEASURE(0.1),#13932);
#13952 = DRAUGHTING_PRE_DEFINED_CURVE_FONT('continuous');
#13953 = STYLED_ITEM('color',(#13954),#10408);
#13954 = PRESENTATION_STYLE_ASSIGNMENT((#13955,#13960));
#13955 = SURFACE_STYLE_USAGE(.BOTH.,#13956);
#13956 = SURFACE_SIDE_STYLE('',(#13957));
#13957 = SURFACE_STYLE_FILL_AREA(#13958);
#13958 = FILL_AREA_STYLE('',(#13959));
#13959 = FILL_AREA_STYLE_COLOUR('',#13932);
#13960 = CURVE_STYLE('',#13961,POSITIVE_LENGTH_MEASURE(0.1),#13932);
#13961 = DRAUGHTING_PRE_DEFINED_CURVE_FONT('continuous');
#13962 = STYLED_ITEM('color',(#13963),#10432);
#13963 = PRESENTATION_STYLE_ASSIGNMENT((#13964,#13969));
#13964 = SURFACE_STYLE_USAGE(.BOTH.,#13965);
#13965 = SURFACE_SIDE_STYLE('',(#13966));
#13966 = SURFACE_STYLE_FILL_AREA(#13967);
#13967 = FILL_AREA_STYLE('',(#13968));
#13968 = FILL_AREA_STYLE_COLOUR('',#13932);
#13969 = CURVE_STYLE('',#13970,POSITIVE_LENGTH_MEASURE(0.1),#13932);
#13970 = DRAUGHTING_PRE_DEFINED_CURVE_FONT('continuous');
#13971 = STYLED_ITEM('color',(#13972),#10456);
#13972 = PRESENTATION_STYLE_ASSIGNMENT((#13973,#13978));
#13973 = SURFACE_STYLE_USAGE(.BOTH.,#13974);
#13974 = SURFACE_SIDE_STYLE('',(#13975));
#13975 = SURFACE_STYLE_FILL_AREA(#13976);
#13976 = FILL_AREA_STYLE('',(#13977));
#13977 = FILL_AREA_STYLE_COLOUR('',#13932);
#13978 = CURVE_STYLE('',#13979,POSITIVE_LENGTH_MEASURE(0.1),#13932);
#13979 = DRAUGHTING_PRE_DEFINED_CURVE_FONT('continuous');
#13980 = STYLED_ITEM('color',(#13981),#10480);
#13981 = PRESENTATION_STYLE_ASSIGNMENT((#13982,#13987));
#13982 = SURFACE_STYLE_USAGE(.BOTH.,#13983);
#13983 = SURFACE_SIDE_STYLE('',(#13984));
#13984 = SURFACE_STYLE_FILL_AREA(#13985);
#13985 = FILL_AREA_STYLE('',(#13986));
#13986 = FILL_AREA_STYLE_COLOUR('',#13932);
#13987 = CURVE_STYLE('',#13988,POSITIVE_LENGTH_MEASURE(0.1),#13932);
#13988 = DRAUGHTING_PRE_DEFINED_CURVE_FONT('continuous');
#13989 = STYLED_ITEM('color',(#13990),#10625);
#13990 = PRESENTATION_STYLE_ASSIGNMENT((#13991,#13996));
#13991 = SURFACE_STYLE_USAGE(.BOTH.,#13992);
#13992 = SURFACE_SIDE_STYLE('',(#13993));
#13993 = SURFACE_STYLE_FILL_AREA(#13994);
#13994 = FILL_AREA_STYLE('',(#13995));
#13995 = FILL_AREA_STYLE_COLOUR('',#13932);
#13996 = CURVE_STYLE('',#13997,POSITIVE_LENGTH_MEASURE(0.1),#13932);
#13997 = DRAUGHTING_PRE_DEFINED_CURVE_FONT('continuous');
#13998 = STYLED_ITEM('color',(#13999),#10697);
#13999 = PRESENTATION_STYLE_ASSIGNMENT((#14000,#14005));
#14000 = SURFACE_STYLE_USAGE(.BOTH.,#14001);
#14001 = SURFACE_SIDE_STYLE('',(#14002));
#14002 = SURFACE_STYLE_FILL_AREA(#14003);
#14003 = FILL_AREA_STYLE('',(#14004));
#14004 = FILL_AREA_STYLE_COLOUR('',#13932);
#14005 = CURVE_STYLE('',#14006,POSITIVE_LENGTH_MEASURE(0.1),#13932);
#14006 = DRAUGHTING_PRE_DEFINED_CURVE_FONT('continuous');
#14007 = STYLED_ITEM('color',(#14008),#10729);
#14008 = PRESENTATION_STYLE_ASSIGNMENT((#14009,#14014));
#14009 = SURFACE_STYLE_USAGE(.BOTH.,#14010);
#14010 = SURFACE_SIDE_STYLE('',(#14011));
#14011 = SURFACE_STYLE_FILL_AREA(#14012);
#14012 = FILL_AREA_STYLE('',(#14013));
#14013 = FILL_AREA_STYLE_COLOUR('',#13932);
#14014 = CURVE_STYLE('',#14015,POSITIVE_LENGTH_MEASURE(0.1),#13932);
#14015 = DRAUGHTING_PRE_DEFINED_CURVE_FONT('continuous');
#14016 = STYLED_ITEM('color',(#14017),#10753);
#14017 = PRESENTATION_STYLE_ASSIGNMENT((#14018,#14023));
#14018 = SURFACE_STYLE_USAGE(.BOTH.,#14019);
#14019 = SURFACE_SIDE_STYLE('',(#14020));
#14020 = SURFACE_STYLE_FILL_AREA(#14021);
#14021 = FILL_AREA_STYLE('',(#14022));
#14022 = FILL_AREA_STYLE_COLOUR('',#13932);
#14023 = CURVE_STYLE('',#14024,POSITIVE_LENGTH_MEASURE(0.1),#13932);
#14024 = DRAUGHTING_PRE_DEFINED_CURVE_FONT('continuous');
#14025 = STYLED_ITEM('color',(#14026),#10777);
#14026 = PRESENTATION_STYLE_ASSIGNMENT((#14027,#14032));
#14027 = SURFACE_STYLE_USAGE(.BOTH.,#14028);
#14028 = SURFACE_SIDE_STYLE('',(#14029));
#14029 = SURFACE_STYLE_FILL_AREA(#14030);
#14030 = FILL_AREA_STYLE('',(#14031));
#14031 = FILL_AREA_STYLE_COLOUR('',#13932);
#14032 = CURVE_STYLE('',#14033,POSITIVE_LENGTH_MEASURE(0.1),#13932);
#14033 = DRAUGHTING_PRE_DEFINED_CURVE_FONT('continuous');
#14034 = STYLED_ITEM('color',(#14035),#10801);
#14035 = PRESENTATION_STYLE_ASSIGNMENT((#14036,#14041));
#14036 = SURFACE_STYLE_USAGE(.BOTH.,#14037);
#14037 = SURFACE_SIDE_STYLE('',(#14038));
#14038 = SURFACE_STYLE_FILL_AREA(#14039);
#14039 = FILL_AREA_STYLE('',(#14040));
#14040 = FILL_AREA_STYLE_COLOUR('',#13932);
#14041 = CURVE_STYLE('',#14042,POSITIVE_LENGTH_MEASURE(0.1),#13932);
#14042 = DRAUGHTING_PRE_DEFINED_CURVE_FONT('continuous');
#14043 = STYLED_ITEM('color',(#14044),#10995);
#14044 = PRESENTATION_STYLE_ASSIGNMENT((#14045,#14050));
#14045 = SURFACE_STYLE_USAGE(.BOTH.,#14046);
#14046 = SURFACE_SIDE_STYLE('',(#14047));
#14047 = SURFACE_STYLE_FILL_AREA(#14048);
#14048 = FILL_AREA_STYLE('',(#14049));
#14049 = FILL_AREA_STYLE_COLOUR('',#13932);
#14050 = CURVE_STYLE('',#14051,POSITIVE_LENGTH_MEASURE(0.1),#13932);
#14051 = DRAUGHTING_PRE_DEFINED_CURVE_FONT('continuous');
#14052 = STYLED_ITEM('color',(#14053),#11067);
#14053 = PRESENTATION_STYLE_ASSIGNMENT((#14054,#14059));
#14054 = SURFACE_STYLE_USAGE(.BOTH.,#14055);
#14055 = SURFACE_SIDE_STYLE('',(#14056));
#14056 = SURFACE_STYLE_FILL_AREA(#14057);
#14057 = FILL_AREA_STYLE('',(#14058));
#14058 = FILL_AREA_STYLE_COLOUR('',#13932);
#14059 = CURVE_STYLE('',#14060,POSITIVE_LENGTH_MEASURE(0.1),#13932);
#14060 = DRAUGHTING_PRE_DEFINED_CURVE_FONT('continuous');
#14061 = STYLED_ITEM('color',(#14062),#11091);
#14062 = PRESENTATION_STYLE_ASSIGNMENT((#14063,#14068));
#14063 = SURFACE_STYLE_USAGE(.BOTH.,#14064);
#14064 = SURFACE_SIDE_STYLE('',(#14065));
#14065 = SURFACE_STYLE_FILL_AREA(#14066);
#14066 = FILL_AREA_STYLE('',(#14067));
#14067 = FILL_AREA_STYLE_COLOUR('',#13932);
#14068 = CURVE_STYLE('',#14069,POSITIVE_LENGTH_MEASURE(0.1),#13932);
#14069 = DRAUGHTING_PRE_DEFINED_CURVE_FONT('continuous');
#14070 = STYLED_ITEM('color',(#14071),#11124);
#14071 = PRESENTATION_STYLE_ASSIGNMENT((#14072,#14077));
#14072 = SURFACE_STYLE_USAGE(.BOTH.,#14073);
#14073 = SURFACE_SIDE_STYLE('',(#14074));
#14074 = SURFACE_STYLE_FILL_AREA(#14075);
#14075 = FILL_AREA_STYLE('',(#14076));
#14076 = FILL_AREA_STYLE_COLOUR('',#13932);
#14077 = CURVE_STYLE('',#14078,POSITIVE_LENGTH_MEASURE(0.1),#13932);
#14078 = DRAUGHTING_PRE_DEFINED_CURVE_FONT('continuous');
#14079 = STYLED_ITEM('color',(#14080),#11138);
#14080 = PRESENTATION_STYLE_ASSIGNMENT((#14081,#14087));
#14081 = SURFACE_STYLE_USAGE(.BOTH.,#14082);
#14082 = SURFACE_SIDE_STYLE('',(#14083));
#14083 = SURFACE_STYLE_FILL_AREA(#14084);
#14084 = FILL_AREA_STYLE('',(#14085));
#14085 = FILL_AREA_STYLE_COLOUR('',#14086);
#14086 = COLOUR_RGB('',0.823999987314,0.819999987296,0.781000009244);
#14087 = CURVE_STYLE('',#14088,POSITIVE_LENGTH_MEASURE(0.1),#14086);
#14088 = DRAUGHTING_PRE_DEFINED_CURVE_FONT('continuous');
#14089 = STYLED_ITEM('color',(#14090),#11178);
#14090 = PRESENTATION_STYLE_ASSIGNMENT((#14091,#14096));
#14091 = SURFACE_STYLE_USAGE(.BOTH.,#14092);
#14092 = SURFACE_SIDE_STYLE('',(#14093));
#14093 = SURFACE_STYLE_FILL_AREA(#14094);
#14094 = FILL_AREA_STYLE('',(#14095));
#14095 = FILL_AREA_STYLE_COLOUR('',#14086);
#14096 = CURVE_STYLE('',#14097,POSITIVE_LENGTH_MEASURE(0.1),#14086);
#14097 = DRAUGHTING_PRE_DEFINED_CURVE_FONT('continuous');
#14098 = STYLED_ITEM('color',(#14099),#11202);
#14099 = PRESENTATION_STYLE_ASSIGNMENT((#14100,#14105));
#14100 = SURFACE_STYLE_USAGE(.BOTH.,#14101);
#14101 = SURFACE_SIDE_STYLE('',(#14102));
#14102 = SURFACE_STYLE_FILL_AREA(#14103);
#14103 = FILL_AREA_STYLE('',(#14104));
#14104 = FILL_AREA_STYLE_COLOUR('',#14086);
#14105 = CURVE_STYLE('',#14106,POSITIVE_LENGTH_MEASURE(0.1),#14086);
#14106 = DRAUGHTING_PRE_DEFINED_CURVE_FONT('continuous');
#14107 = STYLED_ITEM('color',(#14108),#11235);
#14108 = PRESENTATION_STYLE_ASSIGNMENT((#14109,#14114));
#14109 = SURFACE_STYLE_USAGE(.BOTH.,#14110);
#14110 = SURFACE_SIDE_STYLE('',(#14111));
#14111 = SURFACE_STYLE_FILL_AREA(#14112);
#14112 = FILL_AREA_STYLE('',(#14113));
#14113 = FILL_AREA_STYLE_COLOUR('',#14086);
#14114 = CURVE_STYLE('',#14115,POSITIVE_LENGTH_MEASURE(0.1),#14086);
#14115 = DRAUGHTING_PRE_DEFINED_CURVE_FONT('continuous');
#14116 = STYLED_ITEM('color',(#14117),#11275);
#14117 = PRESENTATION_STYLE_ASSIGNMENT((#14118,#14123));
#14118 = SURFACE_STYLE_USAGE(.BOTH.,#14119);
#14119 = SURFACE_SIDE_STYLE('',(#14120));
#14120 = SURFACE_STYLE_FILL_AREA(#14121);
#14121 = FILL_AREA_STYLE('',(#14122));
#14122 = FILL_AREA_STYLE_COLOUR('',#14086);
#14123 = CURVE_STYLE('',#14124,POSITIVE_LENGTH_MEASURE(0.1),#14086);
#14124 = DRAUGHTING_PRE_DEFINED_CURVE_FONT('continuous');
#14125 = STYLED_ITEM('color',(#14126),#11299);
#14126 = PRESENTATION_STYLE_ASSIGNMENT((#14127,#14132));
#14127 = SURFACE_STYLE_USAGE(.BOTH.,#14128);
#14128 = SURFACE_SIDE_STYLE('',(#14129));
#14129 = SURFACE_STYLE_FILL_AREA(#14130);
#14130 = FILL_AREA_STYLE('',(#14131));
#14131 = FILL_AREA_STYLE_COLOUR('',#14086);
#14132 = CURVE_STYLE('',#14133,POSITIVE_LENGTH_MEASURE(0.1),#14086);
#14133 = DRAUGHTING_PRE_DEFINED_CURVE_FONT('continuous');
#14134 = STYLED_ITEM('color',(#14135),#11332);
#14135 = PRESENTATION_STYLE_ASSIGNMENT((#14136,#14141));
#14136 = SURFACE_STYLE_USAGE(.BOTH.,#14137);
#14137 = SURFACE_SIDE_STYLE('',(#14138));
#14138 = SURFACE_STYLE_FILL_AREA(#14139);
#14139 = FILL_AREA_STYLE('',(#14140));
#14140 = FILL_AREA_STYLE_COLOUR('',#14086);
#14141 = CURVE_STYLE('',#14142,POSITIVE_LENGTH_MEASURE(0.1),#14086);
#14142 = DRAUGHTING_PRE_DEFINED_CURVE_FONT('continuous');
#14143 = STYLED_ITEM('color',(#14144),#11372);
#14144 = PRESENTATION_STYLE_ASSIGNMENT((#14145,#14150));
#14145 = SURFACE_STYLE_USAGE(.BOTH.,#14146);
#14146 = SURFACE_SIDE_STYLE('',(#14147));
#14147 = SURFACE_STYLE_FILL_AREA(#14148);
#14148 = FILL_AREA_STYLE('',(#14149));
#14149 = FILL_AREA_STYLE_COLOUR('',#14086);
#14150 = CURVE_STYLE('',#14151,POSITIVE_LENGTH_MEASURE(0.1),#14086);
#14151 = DRAUGHTING_PRE_DEFINED_CURVE_FONT('continuous');
#14152 = STYLED_ITEM('color',(#14153),#11396);
#14153 = PRESENTATION_STYLE_ASSIGNMENT((#14154,#14159));
#14154 = SURFACE_STYLE_USAGE(.BOTH.,#14155);
#14155 = SURFACE_SIDE_STYLE('',(#14156));
#14156 = SURFACE_STYLE_FILL_AREA(#14157);
#14157 = FILL_AREA_STYLE('',(#14158));
#14158 = FILL_AREA_STYLE_COLOUR('',#14086);
#14159 = CURVE_STYLE('',#14160,POSITIVE_LENGTH_MEASURE(0.1),#14086);
#14160 = DRAUGHTING_PRE_DEFINED_CURVE_FONT('continuous');
#14161 = STYLED_ITEM('color',(#14162),#11429);
#14162 = PRESENTATION_STYLE_ASSIGNMENT((#14163,#14168));
#14163 = SURFACE_STYLE_USAGE(.BOTH.,#14164);
#14164 = SURFACE_SIDE_STYLE('',(#14165));
#14165 = SURFACE_STYLE_FILL_AREA(#14166);
#14166 = FILL_AREA_STYLE('',(#14167));
#14167 = FILL_AREA_STYLE_COLOUR('',#14086);
#14168 = CURVE_STYLE('',#14169,POSITIVE_LENGTH_MEASURE(0.1),#14086);
#14169 = DRAUGHTING_PRE_DEFINED_CURVE_FONT('continuous');
#14170 = STYLED_ITEM('color',(#14171),#11469);
#14171 = PRESENTATION_STYLE_ASSIGNMENT((#14172,#14177));
#14172 = SURFACE_STYLE_USAGE(.BOTH.,#14173);
#14173 = SURFACE_SIDE_STYLE('',(#14174));
#14174 = SURFACE_STYLE_FILL_AREA(#14175);
#14175 = FILL_AREA_STYLE('',(#14176));
#14176 = FILL_AREA_STYLE_COLOUR('',#14086);
#14177 = CURVE_STYLE('',#14178,POSITIVE_LENGTH_MEASURE(0.1),#14086);
#14178 = DRAUGHTING_PRE_DEFINED_CURVE_FONT('continuous');
#14179 = STYLED_ITEM('color',(#14180),#11493);
#14180 = PRESENTATION_STYLE_ASSIGNMENT((#14181,#14186));
#14181 = SURFACE_STYLE_USAGE(.BOTH.,#14182);
#14182 = SURFACE_SIDE_STYLE('',(#14183));
#14183 = SURFACE_STYLE_FILL_AREA(#14184);
#14184 = FILL_AREA_STYLE('',(#14185));
#14185 = FILL_AREA_STYLE_COLOUR('',#14086);
#14186 = CURVE_STYLE('',#14187,POSITIVE_LENGTH_MEASURE(0.1),#14086);
#14187 = DRAUGHTING_PRE_DEFINED_CURVE_FONT('continuous');
#14188 = STYLED_ITEM('color',(#14189),#11526);
#14189 = PRESENTATION_STYLE_ASSIGNMENT((#14190,#14195));
#14190 = SURFACE_STYLE_USAGE(.BOTH.,#14191);
#14191 = SURFACE_SIDE_STYLE('',(#14192));
#14192 = SURFACE_STYLE_FILL_AREA(#14193);
#14193 = FILL_AREA_STYLE('',(#14194));
#14194 = FILL_AREA_STYLE_COLOUR('',#14086);
#14195 = CURVE_STYLE('',#14196,POSITIVE_LENGTH_MEASURE(0.1),#14086);
#14196 = DRAUGHTING_PRE_DEFINED_CURVE_FONT('continuous');
#14197 = STYLED_ITEM('color',(#14198),#11566);
#14198 = PRESENTATION_STYLE_ASSIGNMENT((#14199,#14204));
#14199 = SURFACE_STYLE_USAGE(.BOTH.,#14200);
#14200 = SURFACE_SIDE_STYLE('',(#14201));
#14201 = SURFACE_STYLE_FILL_AREA(#14202);
#14202 = FILL_AREA_STYLE('',(#14203));
#14203 = FILL_AREA_STYLE_COLOUR('',#14086);
#14204 = CURVE_STYLE('',#14205,POSITIVE_LENGTH_MEASURE(0.1),#14086);
#14205 = DRAUGHTING_PRE_DEFINED_CURVE_FONT('continuous');
#14206 = STYLED_ITEM('color',(#14207),#11590);
#14207 = PRESENTATION_STYLE_ASSIGNMENT((#14208,#14213));
#14208 = SURFACE_STYLE_USAGE(.BOTH.,#14209);
#14209 = SURFACE_SIDE_STYLE('',(#14210));
#14210 = SURFACE_STYLE_FILL_AREA(#14211);
#14211 = FILL_AREA_STYLE('',(#14212));
#14212 = FILL_AREA_STYLE_COLOUR('',#14086);
#14213 = CURVE_STYLE('',#14214,POSITIVE_LENGTH_MEASURE(0.1),#14086);
#14214 = DRAUGHTING_PRE_DEFINED_CURVE_FONT('continuous');
#14215 = STYLED_ITEM('color',(#14216),#11623);
#14216 = PRESENTATION_STYLE_ASSIGNMENT((#14217,#14222));
#14217 = SURFACE_STYLE_USAGE(.BOTH.,#14218);
#14218 = SURFACE_SIDE_STYLE('',(#14219));
#14219 = SURFACE_STYLE_FILL_AREA(#14220);
#14220 = FILL_AREA_STYLE('',(#14221));
#14221 = FILL_AREA_STYLE_COLOUR('',#14086);
#14222 = CURVE_STYLE('',#14223,POSITIVE_LENGTH_MEASURE(0.1),#14086);
#14223 = DRAUGHTING_PRE_DEFINED_CURVE_FONT('continuous');
#14224 = STYLED_ITEM('color',(#14225),#11663);
#14225 = PRESENTATION_STYLE_ASSIGNMENT((#14226,#14231));
#14226 = SURFACE_STYLE_USAGE(.BOTH.,#14227);
#14227 = SURFACE_SIDE_STYLE('',(#14228));
#14228 = SURFACE_STYLE_FILL_AREA(#14229);
#14229 = FILL_AREA_STYLE('',(#14230));
#14230 = FILL_AREA_STYLE_COLOUR('',#14086);
#14231 = CURVE_STYLE('',#14232,POSITIVE_LENGTH_MEASURE(0.1),#14086);
#14232 = DRAUGHTING_PRE_DEFINED_CURVE_FONT('continuous');
#14233 = STYLED_ITEM('color',(#14234),#11687);
#14234 = PRESENTATION_STYLE_ASSIGNMENT((#14235,#14240));
#14235 = SURFACE_STYLE_USAGE(.BOTH.,#14236);
#14236 = SURFACE_SIDE_STYLE('',(#14237));
#14237 = SURFACE_STYLE_FILL_AREA(#14238);
#14238 = FILL_AREA_STYLE('',(#14239));
#14239 = FILL_AREA_STYLE_COLOUR('',#14086);
#14240 = CURVE_STYLE('',#14241,POSITIVE_LENGTH_MEASURE(0.1),#14086);
#14241 = DRAUGHTING_PRE_DEFINED_CURVE_FONT('continuous');
#14242 = STYLED_ITEM('color',(#14243),#11720);
#14243 = PRESENTATION_STYLE_ASSIGNMENT((#14244,#14249));
#14244 = SURFACE_STYLE_USAGE(.BOTH.,#14245);
#14245 = SURFACE_SIDE_STYLE('',(#14246));
#14246 = SURFACE_STYLE_FILL_AREA(#14247);
#14247 = FILL_AREA_STYLE('',(#14248));
#14248 = FILL_AREA_STYLE_COLOUR('',#13932);
#14249 = CURVE_STYLE('',#14250,POSITIVE_LENGTH_MEASURE(0.1),#13932);
#14250 = DRAUGHTING_PRE_DEFINED_CURVE_FONT('continuous');
#14251 = STYLED_ITEM('color',(#14252),#11737);
#14252 = PRESENTATION_STYLE_ASSIGNMENT((#14253,#14258));
#14253 = SURFACE_STYLE_USAGE(.BOTH.,#14254);
#14254 = SURFACE_SIDE_STYLE('',(#14255));
#14255 = SURFACE_STYLE_FILL_AREA(#14256);
#14256 = FILL_AREA_STYLE('',(#14257));
#14257 = FILL_AREA_STYLE_COLOUR('',#13932);
#14258 = CURVE_STYLE('',#14259,POSITIVE_LENGTH_MEASURE(0.1),#13932);
#14259 = DRAUGHTING_PRE_DEFINED_CURVE_FONT('continuous');
#14260 = STYLED_ITEM('color',(#14261),#11791);
#14261 = PRESENTATION_STYLE_ASSIGNMENT((#14262,#14267));
#14262 = SURFACE_STYLE_USAGE(.BOTH.,#14263);
#14263 = SURFACE_SIDE_STYLE('',(#14264));
#14264 = SURFACE_STYLE_FILL_AREA(#14265);
#14265 = FILL_AREA_STYLE('',(#14266));
#14266 = FILL_AREA_STYLE_COLOUR('',#13932);
#14267 = CURVE_STYLE('',#14268,POSITIVE_LENGTH_MEASURE(0.1),#13932);
#14268 = DRAUGHTING_PRE_DEFINED_CURVE_FONT('continuous');
#14269 = STYLED_ITEM('color',(#14270),#11815);
#14270 = PRESENTATION_STYLE_ASSIGNMENT((#14271,#14276));
#14271 = SURFACE_STYLE_USAGE(.BOTH.,#14272);
#14272 = SURFACE_SIDE_STYLE('',(#14273));
#14273 = SURFACE_STYLE_FILL_AREA(#14274);
#14274 = FILL_AREA_STYLE('',(#14275));
#14275 = FILL_AREA_STYLE_COLOUR('',#13932);
#14276 = CURVE_STYLE('',#14277,POSITIVE_LENGTH_MEASURE(0.1),#13932);
#14277 = DRAUGHTING_PRE_DEFINED_CURVE_FONT('continuous');
#14278 = STYLED_ITEM('color',(#14279),#11839);
#14279 = PRESENTATION_STYLE_ASSIGNMENT((#14280,#14285));
#14280 = SURFACE_STYLE_USAGE(.BOTH.,#14281);
#14281 = SURFACE_SIDE_STYLE('',(#14282));
#14282 = SURFACE_STYLE_FILL_AREA(#14283);
#14283 = FILL_AREA_STYLE('',(#14284));
#14284 = FILL_AREA_STYLE_COLOUR('',#13932);
#14285 = CURVE_STYLE('',#14286,POSITIVE_LENGTH_MEASURE(0.1),#13932);
#14286 = DRAUGHTING_PRE_DEFINED_CURVE_FONT('continuous');
#14287 = STYLED_ITEM('color',(#14288),#11856);
#14288 = PRESENTATION_STYLE_ASSIGNMENT((#14289,#14294));
#14289 = SURFACE_STYLE_USAGE(.BOTH.,#14290);
#14290 = SURFACE_SIDE_STYLE('',(#14291));
#14291 = SURFACE_STYLE_FILL_AREA(#14292);
#14292 = FILL_AREA_STYLE('',(#14293));
#14293 = FILL_AREA_STYLE_COLOUR('',#13932);
#14294 = CURVE_STYLE('',#14295,POSITIVE_LENGTH_MEASURE(0.1),#13932);
#14295 = DRAUGHTING_PRE_DEFINED_CURVE_FONT('continuous');
#14296 = STYLED_ITEM('color',(#14297),#11880);
#14297 = PRESENTATION_STYLE_ASSIGNMENT((#14298,#14303));
#14298 = SURFACE_STYLE_USAGE(.BOTH.,#14299);
#14299 = SURFACE_SIDE_STYLE('',(#14300));
#14300 = SURFACE_STYLE_FILL_AREA(#14301);
#14301 = FILL_AREA_STYLE('',(#14302));
#14302 = FILL_AREA_STYLE_COLOUR('',#13932);
#14303 = CURVE_STYLE('',#14304,POSITIVE_LENGTH_MEASURE(0.1),#13932);
#14304 = DRAUGHTING_PRE_DEFINED_CURVE_FONT('continuous');
#14305 = STYLED_ITEM('color',(#14306),#11927);
#14306 = PRESENTATION_STYLE_ASSIGNMENT((#14307,#14312));
#14307 = SURFACE_STYLE_USAGE(.BOTH.,#14308);
#14308 = SURFACE_SIDE_STYLE('',(#14309));
#14309 = SURFACE_STYLE_FILL_AREA(#14310);
#14310 = FILL_AREA_STYLE('',(#14311));
#14311 = FILL_AREA_STYLE_COLOUR('',#13932);
#14312 = CURVE_STYLE('',#14313,POSITIVE_LENGTH_MEASURE(0.1),#13932);
#14313 = DRAUGHTING_PRE_DEFINED_CURVE_FONT('continuous');
#14314 = STYLED_ITEM('color',(#14315),#11951);
#14315 = PRESENTATION_STYLE_ASSIGNMENT((#14316,#14321));
#14316 = SURFACE_STYLE_USAGE(.BOTH.,#14317);
#14317 = SURFACE_SIDE_STYLE('',(#14318));
#14318 = SURFACE_STYLE_FILL_AREA(#14319);
#14319 = FILL_AREA_STYLE('',(#14320));
#14320 = FILL_AREA_STYLE_COLOUR('',#13932);
#14321 = CURVE_STYLE('',#14322,POSITIVE_LENGTH_MEASURE(0.1),#13932);
#14322 = DRAUGHTING_PRE_DEFINED_CURVE_FONT('continuous');
#14323 = STYLED_ITEM('color',(#14324),#11975);
#14324 = PRESENTATION_STYLE_ASSIGNMENT((#14325,#14330));
#14325 = SURFACE_STYLE_USAGE(.BOTH.,#14326);
#14326 = SURFACE_SIDE_STYLE('',(#14327));
#14327 = SURFACE_STYLE_FILL_AREA(#14328);
#14328 = FILL_AREA_STYLE('',(#14329));
#14329 = FILL_AREA_STYLE_COLOUR('',#13932);
#14330 = CURVE_STYLE('',#14331,POSITIVE_LENGTH_MEASURE(0.1),#13932);
#14331 = DRAUGHTING_PRE_DEFINED_CURVE_FONT('continuous');
#14332 = STYLED_ITEM('color',(#14333),#11992);
#14333 = PRESENTATION_STYLE_ASSIGNMENT((#14334,#14339));
#14334 = SURFACE_STYLE_USAGE(.BOTH.,#14335);
#14335 = SURFACE_SIDE_STYLE('',(#14336));
#14336 = SURFACE_STYLE_FILL_AREA(#14337);
#14337 = FILL_AREA_STYLE('',(#14338));
#14338 = FILL_AREA_STYLE_COLOUR('',#13932);
#14339 = CURVE_STYLE('',#14340,POSITIVE_LENGTH_MEASURE(0.1),#13932);
#14340 = DRAUGHTING_PRE_DEFINED_CURVE_FONT('continuous');
#14341 = STYLED_ITEM('color',(#14342),#12009);
#14342 = PRESENTATION_STYLE_ASSIGNMENT((#14343,#14348));
#14343 = SURFACE_STYLE_USAGE(.BOTH.,#14344);
#14344 = SURFACE_SIDE_STYLE('',(#14345));
#14345 = SURFACE_STYLE_FILL_AREA(#14346);
#14346 = FILL_AREA_STYLE('',(#14347));
#14347 = FILL_AREA_STYLE_COLOUR('',#13932);
#14348 = CURVE_STYLE('',#14349,POSITIVE_LENGTH_MEASURE(0.1),#13932);
#14349 = DRAUGHTING_PRE_DEFINED_CURVE_FONT('continuous');
#14350 = STYLED_ITEM('color',(#14351),#12032);
#14351 = PRESENTATION_STYLE_ASSIGNMENT((#14352,#14357));
#14352 = SURFACE_STYLE_USAGE(.BOTH.,#14353);
#14353 = SURFACE_SIDE_STYLE('',(#14354));
#14354 = SURFACE_STYLE_FILL_AREA(#14355);
#14355 = FILL_AREA_STYLE('',(#14356));
#14356 = FILL_AREA_STYLE_COLOUR('',#14086);
#14357 = CURVE_STYLE('',#14358,POSITIVE_LENGTH_MEASURE(0.1),#14086);
#14358 = DRAUGHTING_PRE_DEFINED_CURVE_FONT('continuous');
#14359 = STYLED_ITEM('color',(#14360),#12071);
#14360 = PRESENTATION_STYLE_ASSIGNMENT((#14361,#14366));
#14361 = SURFACE_STYLE_USAGE(.BOTH.,#14362);
#14362 = SURFACE_SIDE_STYLE('',(#14363));
#14363 = SURFACE_STYLE_FILL_AREA(#14364);
#14364 = FILL_AREA_STYLE('',(#14365));
#14365 = FILL_AREA_STYLE_COLOUR('',#13932);
#14366 = CURVE_STYLE('',#14367,POSITIVE_LENGTH_MEASURE(0.1),#13932);
#14367 = DRAUGHTING_PRE_DEFINED_CURVE_FONT('continuous');
#14368 = STYLED_ITEM('color',(#14369),#12096);
#14369 = PRESENTATION_STYLE_ASSIGNMENT((#14370,#14375));
#14370 = SURFACE_STYLE_USAGE(.BOTH.,#14371);
#14371 = SURFACE_SIDE_STYLE('',(#14372));
#14372 = SURFACE_STYLE_FILL_AREA(#14373);
#14373 = FILL_AREA_STYLE('',(#14374));
#14374 = FILL_AREA_STYLE_COLOUR('',#13932);
#14375 = CURVE_STYLE('',#14376,POSITIVE_LENGTH_MEASURE(0.1),#13932);
#14376 = DRAUGHTING_PRE_DEFINED_CURVE_FONT('continuous');
#14377 = STYLED_ITEM('color',(#14378),#12112);
#14378 = PRESENTATION_STYLE_ASSIGNMENT((#14379,#14384));
#14379 = SURFACE_STYLE_USAGE(.BOTH.,#14380);
#14380 = SURFACE_SIDE_STYLE('',(#14381));
#14381 = SURFACE_STYLE_FILL_AREA(#14382);
#14382 = FILL_AREA_STYLE('',(#14383));
#14383 = FILL_AREA_STYLE_COLOUR('',#14086);
#14384 = CURVE_STYLE('',#14385,POSITIVE_LENGTH_MEASURE(0.1),#14086);
#14385 = DRAUGHTING_PRE_DEFINED_CURVE_FONT('continuous');
#14386 = STYLED_ITEM('color',(#14387),#12151);
#14387 = PRESENTATION_STYLE_ASSIGNMENT((#14388,#14393));
#14388 = SURFACE_STYLE_USAGE(.BOTH.,#14389);
#14389 = SURFACE_SIDE_STYLE('',(#14390));
#14390 = SURFACE_STYLE_FILL_AREA(#14391);
#14391 = FILL_AREA_STYLE('',(#14392));
#14392 = FILL_AREA_STYLE_COLOUR('',#14086);
#14393 = CURVE_STYLE('',#14394,POSITIVE_LENGTH_MEASURE(0.1),#14086);
#14394 = DRAUGHTING_PRE_DEFINED_CURVE_FONT('continuous');
#14395 = STYLED_ITEM('color',(#14396),#12168);
#14396 = PRESENTATION_STYLE_ASSIGNMENT((#14397,#14402));
#14397 = SURFACE_STYLE_USAGE(.BOTH.,#14398);
#14398 = SURFACE_SIDE_STYLE('',(#14399));
#14399 = SURFACE_STYLE_FILL_AREA(#14400);
#14400 = FILL_AREA_STYLE('',(#14401));
#14401 = FILL_AREA_STYLE_COLOUR('',#14086);
#14402 = CURVE_STYLE('',#14403,POSITIVE_LENGTH_MEASURE(0.1),#14086);
#14403 = DRAUGHTING_PRE_DEFINED_CURVE_FONT('continuous');
#14404 = STYLED_ITEM('color',(#14405),#12195);
#14405 = PRESENTATION_STYLE_ASSIGNMENT((#14406,#14411));
#14406 = SURFACE_STYLE_USAGE(.BOTH.,#14407);
#14407 = SURFACE_SIDE_STYLE('',(#14408));
#14408 = SURFACE_STYLE_FILL_AREA(#14409);
#14409 = FILL_AREA_STYLE('',(#14410));
#14410 = FILL_AREA_STYLE_COLOUR('',#14086);
#14411 = CURVE_STYLE('',#14412,POSITIVE_LENGTH_MEASURE(0.1),#14086);
#14412 = DRAUGHTING_PRE_DEFINED_CURVE_FONT('continuous');
#14413 = STYLED_ITEM('color',(#14414),#12219);
#14414 = PRESENTATION_STYLE_ASSIGNMENT((#14415,#14420));
#14415 = SURFACE_STYLE_USAGE(.BOTH.,#14416);
#14416 = SURFACE_SIDE_STYLE('',(#14417));
#14417 = SURFACE_STYLE_FILL_AREA(#14418);
#14418 = FILL_AREA_STYLE('',(#14419));
#14419 = FILL_AREA_STYLE_COLOUR('',#14086);
#14420 = CURVE_STYLE('',#14421,POSITIVE_LENGTH_MEASURE(0.1),#14086);
#14421 = DRAUGHTING_PRE_DEFINED_CURVE_FONT('continuous');
#14422 = STYLED_ITEM('color',(#14423),#12236);
#14423 = PRESENTATION_STYLE_ASSIGNMENT((#14424,#14429));
#14424 = SURFACE_STYLE_USAGE(.BOTH.,#14425);
#14425 = SURFACE_SIDE_STYLE('',(#14426));
#14426 = SURFACE_STYLE_FILL_AREA(#14427);
#14427 = FILL_AREA_STYLE('',(#14428));
#14428 = FILL_AREA_STYLE_COLOUR('',#14086);
#14429 = CURVE_STYLE('',#14430,POSITIVE_LENGTH_MEASURE(0.1),#14086);
#14430 = DRAUGHTING_PRE_DEFINED_CURVE_FONT('continuous');
#14431 = STYLED_ITEM('color',(#14432),#12260);
#14432 = PRESENTATION_STYLE_ASSIGNMENT((#14433,#14438));
#14433 = SURFACE_STYLE_USAGE(.BOTH.,#14434);
#14434 = SURFACE_SIDE_STYLE('',(#14435));
#14435 = SURFACE_STYLE_FILL_AREA(#14436);
#14436 = FILL_AREA_STYLE('',(#14437));
#14437 = FILL_AREA_STYLE_COLOUR('',#14086);
#14438 = CURVE_STYLE('',#14439,POSITIVE_LENGTH_MEASURE(0.1),#14086);
#14439 = DRAUGHTING_PRE_DEFINED_CURVE_FONT('continuous');
#14440 = STYLED_ITEM('color',(#14441),#12284);
#14441 = PRESENTATION_STYLE_ASSIGNMENT((#14442,#14447));
#14442 = SURFACE_STYLE_USAGE(.BOTH.,#14443);
#14443 = SURFACE_SIDE_STYLE('',(#14444));
#14444 = SURFACE_STYLE_FILL_AREA(#14445);
#14445 = FILL_AREA_STYLE('',(#14446));
#14446 = FILL_AREA_STYLE_COLOUR('',#13932);
#14447 = CURVE_STYLE('',#14448,POSITIVE_LENGTH_MEASURE(0.1),#13932);
#14448 = DRAUGHTING_PRE_DEFINED_CURVE_FONT('continuous');
#14449 = STYLED_ITEM('color',(#14450),#12308);
#14450 = PRESENTATION_STYLE_ASSIGNMENT((#14451,#14456));
#14451 = SURFACE_STYLE_USAGE(.BOTH.,#14452);
#14452 = SURFACE_SIDE_STYLE('',(#14453));
#14453 = SURFACE_STYLE_FILL_AREA(#14454);
#14454 = FILL_AREA_STYLE('',(#14455));
#14455 = FILL_AREA_STYLE_COLOUR('',#14086);
#14456 = CURVE_STYLE('',#14457,POSITIVE_LENGTH_MEASURE(0.1),#14086);
#14457 = DRAUGHTING_PRE_DEFINED_CURVE_FONT('continuous');
#14458 = STYLED_ITEM('color',(#14459),#12325);
#14459 = PRESENTATION_STYLE_ASSIGNMENT((#14460,#14465));
#14460 = SURFACE_STYLE_USAGE(.BOTH.,#14461);
#14461 = SURFACE_SIDE_STYLE('',(#14462));
#14462 = SURFACE_STYLE_FILL_AREA(#14463);
#14463 = FILL_AREA_STYLE('',(#14464));
#14464 = FILL_AREA_STYLE_COLOUR('',#14086);
#14465 = CURVE_STYLE('',#14466,POSITIVE_LENGTH_MEASURE(0.1),#14086);
#14466 = DRAUGHTING_PRE_DEFINED_CURVE_FONT('continuous');
#14467 = STYLED_ITEM('color',(#14468),#12342);
#14468 = PRESENTATION_STYLE_ASSIGNMENT((#14469,#14474));
#14469 = SURFACE_STYLE_USAGE(.BOTH.,#14470);
#14470 = SURFACE_SIDE_STYLE('',(#14471));
#14471 = SURFACE_STYLE_FILL_AREA(#14472);
#14472 = FILL_AREA_STYLE('',(#14473));
#14473 = FILL_AREA_STYLE_COLOUR('',#14086);
#14474 = CURVE_STYLE('',#14475,POSITIVE_LENGTH_MEASURE(0.1),#14086);
#14475 = DRAUGHTING_PRE_DEFINED_CURVE_FONT('continuous');
#14476 = STYLED_ITEM('color',(#14477),#12359);
#14477 = PRESENTATION_STYLE_ASSIGNMENT((#14478,#14483));
#14478 = SURFACE_STYLE_USAGE(.BOTH.,#14479);
#14479 = SURFACE_SIDE_STYLE('',(#14480));
#14480 = SURFACE_STYLE_FILL_AREA(#14481);
#14481 = FILL_AREA_STYLE('',(#14482));
#14482 = FILL_AREA_STYLE_COLOUR('',#14086);
#14483 = CURVE_STYLE('',#14484,POSITIVE_LENGTH_MEASURE(0.1),#14086);
#14484 = DRAUGHTING_PRE_DEFINED_CURVE_FONT('continuous');
#14485 = STYLED_ITEM('color',(#14486),#12376);
#14486 = PRESENTATION_STYLE_ASSIGNMENT((#14487,#14492));
#14487 = SURFACE_STYLE_USAGE(.BOTH.,#14488);
#14488 = SURFACE_SIDE_STYLE('',(#14489));
#14489 = SURFACE_STYLE_FILL_AREA(#14490);
#14490 = FILL_AREA_STYLE('',(#14491));
#14491 = FILL_AREA_STYLE_COLOUR('',#14086);
#14492 = CURVE_STYLE('',#14493,POSITIVE_LENGTH_MEASURE(0.1),#14086);
#14493 = DRAUGHTING_PRE_DEFINED_CURVE_FONT('continuous');
#14494 = STYLED_ITEM('color',(#14495),#12393);
#14495 = PRESENTATION_STYLE_ASSIGNMENT((#14496,#14501));
#14496 = SURFACE_STYLE_USAGE(.BOTH.,#14497);
#14497 = SURFACE_SIDE_STYLE('',(#14498));
#14498 = SURFACE_STYLE_FILL_AREA(#14499);
#14499 = FILL_AREA_STYLE('',(#14500));
#14500 = FILL_AREA_STYLE_COLOUR('',#14086);
#14501 = CURVE_STYLE('',#14502,POSITIVE_LENGTH_MEASURE(0.1),#14086);
#14502 = DRAUGHTING_PRE_DEFINED_CURVE_FONT('continuous');
#14503 = STYLED_ITEM('color',(#14504),#12410);
#14504 = PRESENTATION_STYLE_ASSIGNMENT((#14505,#14510));
#14505 = SURFACE_STYLE_USAGE(.BOTH.,#14506);
#14506 = SURFACE_SIDE_STYLE('',(#14507));
#14507 = SURFACE_STYLE_FILL_AREA(#14508);
#14508 = FILL_AREA_STYLE('',(#14509));
#14509 = FILL_AREA_STYLE_COLOUR('',#13932);
#14510 = CURVE_STYLE('',#14511,POSITIVE_LENGTH_MEASURE(0.1),#13932);
#14511 = DRAUGHTING_PRE_DEFINED_CURVE_FONT('continuous');
#14512 = STYLED_ITEM('color',(#14513),#12427);
#14513 = PRESENTATION_STYLE_ASSIGNMENT((#14514,#14519));
#14514 = SURFACE_STYLE_USAGE(.BOTH.,#14515);
#14515 = SURFACE_SIDE_STYLE('',(#14516));
#14516 = SURFACE_STYLE_FILL_AREA(#14517);
#14517 = FILL_AREA_STYLE('',(#14518));
#14518 = FILL_AREA_STYLE_COLOUR('',#13932);
#14519 = CURVE_STYLE('',#14520,POSITIVE_LENGTH_MEASURE(0.1),#13932);
#14520 = DRAUGHTING_PRE_DEFINED_CURVE_FONT('continuous');
#14521 = STYLED_ITEM('color',(#14522),#12439);
#14522 = PRESENTATION_STYLE_ASSIGNMENT((#14523,#14528));
#14523 = SURFACE_STYLE_USAGE(.BOTH.,#14524);
#14524 = SURFACE_SIDE_STYLE('',(#14525));
#14525 = SURFACE_STYLE_FILL_AREA(#14526);
#14526 = FILL_AREA_STYLE('',(#14527));
#14527 = FILL_AREA_STYLE_COLOUR('',#13932);
#14528 = CURVE_STYLE('',#14529,POSITIVE_LENGTH_MEASURE(0.1),#13932);
#14529 = DRAUGHTING_PRE_DEFINED_CURVE_FONT('continuous');
#14530 = STYLED_ITEM('color',(#14531),#12463);
#14531 = PRESENTATION_STYLE_ASSIGNMENT((#14532,#14537));
#14532 = SURFACE_STYLE_USAGE(.BOTH.,#14533);
#14533 = SURFACE_SIDE_STYLE('',(#14534));
#14534 = SURFACE_STYLE_FILL_AREA(#14535);
#14535 = FILL_AREA_STYLE('',(#14536));
#14536 = FILL_AREA_STYLE_COLOUR('',#13932);
#14537 = CURVE_STYLE('',#14538,POSITIVE_LENGTH_MEASURE(0.1),#13932);
#14538 = DRAUGHTING_PRE_DEFINED_CURVE_FONT('continuous');
#14539 = STYLED_ITEM('color',(#14540),#12480);
#14540 = PRESENTATION_STYLE_ASSIGNMENT((#14541,#14546));
#14541 = SURFACE_STYLE_USAGE(.BOTH.,#14542);
#14542 = SURFACE_SIDE_STYLE('',(#14543));
#14543 = SURFACE_STYLE_FILL_AREA(#14544);
#14544 = FILL_AREA_STYLE('',(#14545));
#14545 = FILL_AREA_STYLE_COLOUR('',#14086);
#14546 = CURVE_STYLE('',#14547,POSITIVE_LENGTH_MEASURE(0.1),#14086);
#14547 = DRAUGHTING_PRE_DEFINED_CURVE_FONT('continuous');
#14548 = STYLED_ITEM('color',(#14549),#12497);
#14549 = PRESENTATION_STYLE_ASSIGNMENT((#14550,#14555));
#14550 = SURFACE_STYLE_USAGE(.BOTH.,#14551);
#14551 = SURFACE_SIDE_STYLE('',(#14552));
#14552 = SURFACE_STYLE_FILL_AREA(#14553);
#14553 = FILL_AREA_STYLE('',(#14554));
#14554 = FILL_AREA_STYLE_COLOUR('',#14086);
#14555 = CURVE_STYLE('',#14556,POSITIVE_LENGTH_MEASURE(0.1),#14086);
#14556 = DRAUGHTING_PRE_DEFINED_CURVE_FONT('continuous');
#14557 = STYLED_ITEM('color',(#14558),#12509);
#14558 = PRESENTATION_STYLE_ASSIGNMENT((#14559,#14564));
#14559 = SURFACE_STYLE_USAGE(.BOTH.,#14560);
#14560 = SURFACE_SIDE_STYLE('',(#14561));
#14561 = SURFACE_STYLE_FILL_AREA(#14562);
#14562 = FILL_AREA_STYLE('',(#14563));
#14563 = FILL_AREA_STYLE_COLOUR('',#14086);
#14564 = CURVE_STYLE('',#14565,POSITIVE_LENGTH_MEASURE(0.1),#14086);
#14565 = DRAUGHTING_PRE_DEFINED_CURVE_FONT('continuous');
#14566 = STYLED_ITEM('color',(#14567),#12526);
#14567 = PRESENTATION_STYLE_ASSIGNMENT((#14568,#14573));
#14568 = SURFACE_STYLE_USAGE(.BOTH.,#14569);
#14569 = SURFACE_SIDE_STYLE('',(#14570));
#14570 = SURFACE_STYLE_FILL_AREA(#14571);
#14571 = FILL_AREA_STYLE('',(#14572));
#14572 = FILL_AREA_STYLE_COLOUR('',#14086);
#14573 = CURVE_STYLE('',#14574,POSITIVE_LENGTH_MEASURE(0.1),#14086);
#14574 = DRAUGHTING_PRE_DEFINED_CURVE_FONT('continuous');
#14575 = STYLED_ITEM('color',(#14576),#12538);
#14576 = PRESENTATION_STYLE_ASSIGNMENT((#14577,#14582));
#14577 = SURFACE_STYLE_USAGE(.BOTH.,#14578);
#14578 = SURFACE_SIDE_STYLE('',(#14579));
#14579 = SURFACE_STYLE_FILL_AREA(#14580);
#14580 = FILL_AREA_STYLE('',(#14581));
#14581 = FILL_AREA_STYLE_COLOUR('',#14086);
#14582 = CURVE_STYLE('',#14583,POSITIVE_LENGTH_MEASURE(0.1),#14086);
#14583 = DRAUGHTING_PRE_DEFINED_CURVE_FONT('continuous');
#14584 = STYLED_ITEM('color',(#14585),#12555);
#14585 = PRESENTATION_STYLE_ASSIGNMENT((#14586,#14591));
#14586 = SURFACE_STYLE_USAGE(.BOTH.,#14587);
#14587 = SURFACE_SIDE_STYLE('',(#14588));
#14588 = SURFACE_STYLE_FILL_AREA(#14589);
#14589 = FILL_AREA_STYLE('',(#14590));
#14590 = FILL_AREA_STYLE_COLOUR('',#14086);
#14591 = CURVE_STYLE('',#14592,POSITIVE_LENGTH_MEASURE(0.1),#14086);
#14592 = DRAUGHTING_PRE_DEFINED_CURVE_FONT('continuous');
#14593 = STYLED_ITEM('color',(#14594),#12567);
#14594 = PRESENTATION_STYLE_ASSIGNMENT((#14595,#14600));
#14595 = SURFACE_STYLE_USAGE(.BOTH.,#14596);
#14596 = SURFACE_SIDE_STYLE('',(#14597));
#14597 = SURFACE_STYLE_FILL_AREA(#14598);
#14598 = FILL_AREA_STYLE('',(#14599));
#14599 = FILL_AREA_STYLE_COLOUR('',#14086);
#14600 = CURVE_STYLE('',#14601,POSITIVE_LENGTH_MEASURE(0.1),#14086);
#14601 = DRAUGHTING_PRE_DEFINED_CURVE_FONT('continuous');
#14602 = STYLED_ITEM('color',(#14603),#12584);
#14603 = PRESENTATION_STYLE_ASSIGNMENT((#14604,#14609));
#14604 = SURFACE_STYLE_USAGE(.BOTH.,#14605);
#14605 = SURFACE_SIDE_STYLE('',(#14606));
#14606 = SURFACE_STYLE_FILL_AREA(#14607);
#14607 = FILL_AREA_STYLE('',(#14608));
#14608 = FILL_AREA_STYLE_COLOUR('',#14086);
#14609 = CURVE_STYLE('',#14610,POSITIVE_LENGTH_MEASURE(0.1),#14086);
#14610 = DRAUGHTING_PRE_DEFINED_CURVE_FONT('continuous');
#14611 = STYLED_ITEM('color',(#14612),#12596);
#14612 = PRESENTATION_STYLE_ASSIGNMENT((#14613,#14618));
#14613 = SURFACE_STYLE_USAGE(.BOTH.,#14614);
#14614 = SURFACE_SIDE_STYLE('',(#14615));
#14615 = SURFACE_STYLE_FILL_AREA(#14616);
#14616 = FILL_AREA_STYLE('',(#14617));
#14617 = FILL_AREA_STYLE_COLOUR('',#14086);
#14618 = CURVE_STYLE('',#14619,POSITIVE_LENGTH_MEASURE(0.1),#14086);
#14619 = DRAUGHTING_PRE_DEFINED_CURVE_FONT('continuous');
#14620 = STYLED_ITEM('color',(#14621),#12613);
#14621 = PRESENTATION_STYLE_ASSIGNMENT((#14622,#14627));
#14622 = SURFACE_STYLE_USAGE(.BOTH.,#14623);
#14623 = SURFACE_SIDE_STYLE('',(#14624));
#14624 = SURFACE_STYLE_FILL_AREA(#14625);
#14625 = FILL_AREA_STYLE('',(#14626));
#14626 = FILL_AREA_STYLE_COLOUR('',#14086);
#14627 = CURVE_STYLE('',#14628,POSITIVE_LENGTH_MEASURE(0.1),#14086);
#14628 = DRAUGHTING_PRE_DEFINED_CURVE_FONT('continuous');
#14629 = STYLED_ITEM('color',(#14630),#12625);
#14630 = PRESENTATION_STYLE_ASSIGNMENT((#14631,#14636));
#14631 = SURFACE_STYLE_USAGE(.BOTH.,#14632);
#14632 = SURFACE_SIDE_STYLE('',(#14633));
#14633 = SURFACE_STYLE_FILL_AREA(#14634);
#14634 = FILL_AREA_STYLE('',(#14635));
#14635 = FILL_AREA_STYLE_COLOUR('',#14086);
#14636 = CURVE_STYLE('',#14637,POSITIVE_LENGTH_MEASURE(0.1),#14086);
#14637 = DRAUGHTING_PRE_DEFINED_CURVE_FONT('continuous');
#14638 = STYLED_ITEM('color',(#14639),#12642);
#14639 = PRESENTATION_STYLE_ASSIGNMENT((#14640,#14645));
#14640 = SURFACE_STYLE_USAGE(.BOTH.,#14641);
#14641 = SURFACE_SIDE_STYLE('',(#14642));
#14642 = SURFACE_STYLE_FILL_AREA(#14643);
#14643 = FILL_AREA_STYLE('',(#14644));
#14644 = FILL_AREA_STYLE_COLOUR('',#14086);
#14645 = CURVE_STYLE('',#14646,POSITIVE_LENGTH_MEASURE(0.1),#14086);
#14646 = DRAUGHTING_PRE_DEFINED_CURVE_FONT('continuous');
#14647 = STYLED_ITEM('color',(#14648),#12654);
#14648 = PRESENTATION_STYLE_ASSIGNMENT((#14649,#14654));
#14649 = SURFACE_STYLE_USAGE(.BOTH.,#14650);
#14650 = SURFACE_SIDE_STYLE('',(#14651));
#14651 = SURFACE_STYLE_FILL_AREA(#14652);
#14652 = FILL_AREA_STYLE('',(#14653));
#14653 = FILL_AREA_STYLE_COLOUR('',#13932);
#14654 = CURVE_STYLE('',#14655,POSITIVE_LENGTH_MEASURE(0.1),#13932);
#14655 = DRAUGHTING_PRE_DEFINED_CURVE_FONT('continuous');
#14656 = STYLED_ITEM('color',(#14657),#12666);
#14657 = PRESENTATION_STYLE_ASSIGNMENT((#14658,#14663));
#14658 = SURFACE_STYLE_USAGE(.BOTH.,#14659);
#14659 = SURFACE_SIDE_STYLE('',(#14660));
#14660 = SURFACE_STYLE_FILL_AREA(#14661);
#14661 = FILL_AREA_STYLE('',(#14662));
#14662 = FILL_AREA_STYLE_COLOUR('',#13932);
#14663 = CURVE_STYLE('',#14664,POSITIVE_LENGTH_MEASURE(0.1),#13932);
#14664 = DRAUGHTING_PRE_DEFINED_CURVE_FONT('continuous');
#14665 = STYLED_ITEM('color',(#14666),#12882);
#14666 = PRESENTATION_STYLE_ASSIGNMENT((#14667,#14672));
#14667 = SURFACE_STYLE_USAGE(.BOTH.,#14668);
#14668 = SURFACE_SIDE_STYLE('',(#14669));
#14669 = SURFACE_STYLE_FILL_AREA(#14670);
#14670 = FILL_AREA_STYLE('',(#14671));
#14671 = FILL_AREA_STYLE_COLOUR('',#13932);
#14672 = CURVE_STYLE('',#14673,POSITIVE_LENGTH_MEASURE(0.1),#13932);
#14673 = DRAUGHTING_PRE_DEFINED_CURVE_FONT('continuous');
#14674 = STYLED_ITEM('color',(#14675),#12894);
#14675 = PRESENTATION_STYLE_ASSIGNMENT((#14676,#14681));
#14676 = SURFACE_STYLE_USAGE(.BOTH.,#14677);
#14677 = SURFACE_SIDE_STYLE('',(#14678));
#14678 = SURFACE_STYLE_FILL_AREA(#14679);
#14679 = FILL_AREA_STYLE('',(#14680));
#14680 = FILL_AREA_STYLE_COLOUR('',#14086);
#14681 = CURVE_STYLE('',#14682,POSITIVE_LENGTH_MEASURE(0.1),#14086);
#14682 = DRAUGHTING_PRE_DEFINED_CURVE_FONT('continuous');
#14683 = STYLED_ITEM('color',(#14684),#12911);
#14684 = PRESENTATION_STYLE_ASSIGNMENT((#14685,#14690));
#14685 = SURFACE_STYLE_USAGE(.BOTH.,#14686);
#14686 = SURFACE_SIDE_STYLE('',(#14687));
#14687 = SURFACE_STYLE_FILL_AREA(#14688);
#14688 = FILL_AREA_STYLE('',(#14689));
#14689 = FILL_AREA_STYLE_COLOUR('',#14086);
#14690 = CURVE_STYLE('',#14691,POSITIVE_LENGTH_MEASURE(0.1),#14086);
#14691 = DRAUGHTING_PRE_DEFINED_CURVE_FONT('continuous');
#14692 = STYLED_ITEM('color',(#14693),#12928);
#14693 = PRESENTATION_STYLE_ASSIGNMENT((#14694,#14699));
#14694 = SURFACE_STYLE_USAGE(.BOTH.,#14695);
#14695 = SURFACE_SIDE_STYLE('',(#14696));
#14696 = SURFACE_STYLE_FILL_AREA(#14697);
#14697 = FILL_AREA_STYLE('',(#14698));
#14698 = FILL_AREA_STYLE_COLOUR('',#14086);
#14699 = CURVE_STYLE('',#14700,POSITIVE_LENGTH_MEASURE(0.1),#14086);
#14700 = DRAUGHTING_PRE_DEFINED_CURVE_FONT('continuous');
#14701 = STYLED_ITEM('color',(#14702),#12943);
#14702 = PRESENTATION_STYLE_ASSIGNMENT((#14703,#14708));
#14703 = SURFACE_STYLE_USAGE(.BOTH.,#14704);
#14704 = SURFACE_SIDE_STYLE('',(#14705));
#14705 = SURFACE_STYLE_FILL_AREA(#14706);
#14706 = FILL_AREA_STYLE('',(#14707));
#14707 = FILL_AREA_STYLE_COLOUR('',#14086);
#14708 = CURVE_STYLE('',#14709,POSITIVE_LENGTH_MEASURE(0.1),#14086);
#14709 = DRAUGHTING_PRE_DEFINED_CURVE_FONT('continuous');
#14710 = STYLED_ITEM('color',(#14711),#12955);
#14711 = PRESENTATION_STYLE_ASSIGNMENT((#14712,#14717));
#14712 = SURFACE_STYLE_USAGE(.BOTH.,#14713);
#14713 = SURFACE_SIDE_STYLE('',(#14714));
#14714 = SURFACE_STYLE_FILL_AREA(#14715);
#14715 = FILL_AREA_STYLE('',(#14716));
#14716 = FILL_AREA_STYLE_COLOUR('',#14086);
#14717 = CURVE_STYLE('',#14718,POSITIVE_LENGTH_MEASURE(0.1),#14086);
#14718 = DRAUGHTING_PRE_DEFINED_CURVE_FONT('continuous');
#14719 = STYLED_ITEM('color',(#14720),#12986);
#14720 = PRESENTATION_STYLE_ASSIGNMENT((#14721,#14726));
#14721 = SURFACE_STYLE_USAGE(.BOTH.,#14722);
#14722 = SURFACE_SIDE_STYLE('',(#14723));
#14723 = SURFACE_STYLE_FILL_AREA(#14724);
#14724 = FILL_AREA_STYLE('',(#14725));
#14725 = FILL_AREA_STYLE_COLOUR('',#14086);
#14726 = CURVE_STYLE('',#14727,POSITIVE_LENGTH_MEASURE(0.1),#14086);
#14727 = DRAUGHTING_PRE_DEFINED_CURVE_FONT('continuous');
#14728 = STYLED_ITEM('color',(#14729),#13010);
#14729 = PRESENTATION_STYLE_ASSIGNMENT((#14730,#14735));
#14730 = SURFACE_STYLE_USAGE(.BOTH.,#14731);
#14731 = SURFACE_SIDE_STYLE('',(#14732));
#14732 = SURFACE_STYLE_FILL_AREA(#14733);
#14733 = FILL_AREA_STYLE('',(#14734));
#14734 = FILL_AREA_STYLE_COLOUR('',#14086);
#14735 = CURVE_STYLE('',#14736,POSITIVE_LENGTH_MEASURE(0.1),#14086);
#14736 = DRAUGHTING_PRE_DEFINED_CURVE_FONT('continuous');
#14737 = STYLED_ITEM('color',(#14738),#13034);
#14738 = PRESENTATION_STYLE_ASSIGNMENT((#14739,#14744));
#14739 = SURFACE_STYLE_USAGE(.BOTH.,#14740);
#14740 = SURFACE_SIDE_STYLE('',(#14741));
#14741 = SURFACE_STYLE_FILL_AREA(#14742);
#14742 = FILL_AREA_STYLE('',(#14743));
#14743 = FILL_AREA_STYLE_COLOUR('',#14086);
#14744 = CURVE_STYLE('',#14745,POSITIVE_LENGTH_MEASURE(0.1),#14086);
#14745 = DRAUGHTING_PRE_DEFINED_CURVE_FONT('continuous');
#14746 = STYLED_ITEM('color',(#14747),#13051);
#14747 = PRESENTATION_STYLE_ASSIGNMENT((#14748,#14753));
#14748 = SURFACE_STYLE_USAGE(.BOTH.,#14749);
#14749 = SURFACE_SIDE_STYLE('',(#14750));
#14750 = SURFACE_STYLE_FILL_AREA(#14751);
#14751 = FILL_AREA_STYLE('',(#14752));
#14752 = FILL_AREA_STYLE_COLOUR('',#14086);
#14753 = CURVE_STYLE('',#14754,POSITIVE_LENGTH_MEASURE(0.1),#14086);
#14754 = DRAUGHTING_PRE_DEFINED_CURVE_FONT('continuous');
#14755 = STYLED_ITEM('color',(#14756),#13082);
#14756 = PRESENTATION_STYLE_ASSIGNMENT((#14757,#14762));
#14757 = SURFACE_STYLE_USAGE(.BOTH.,#14758);
#14758 = SURFACE_SIDE_STYLE('',(#14759));
#14759 = SURFACE_STYLE_FILL_AREA(#14760);
#14760 = FILL_AREA_STYLE('',(#14761));
#14761 = FILL_AREA_STYLE_COLOUR('',#14086);
#14762 = CURVE_STYLE('',#14763,POSITIVE_LENGTH_MEASURE(0.1),#14086);
#14763 = DRAUGHTING_PRE_DEFINED_CURVE_FONT('continuous');
#14764 = STYLED_ITEM('color',(#14765),#13106);
#14765 = PRESENTATION_STYLE_ASSIGNMENT((#14766,#14771));
#14766 = SURFACE_STYLE_USAGE(.BOTH.,#14767);
#14767 = SURFACE_SIDE_STYLE('',(#14768));
#14768 = SURFACE_STYLE_FILL_AREA(#14769);
#14769 = FILL_AREA_STYLE('',(#14770));
#14770 = FILL_AREA_STYLE_COLOUR('',#14086);
#14771 = CURVE_STYLE('',#14772,POSITIVE_LENGTH_MEASURE(0.1),#14086);
#14772 = DRAUGHTING_PRE_DEFINED_CURVE_FONT('continuous');
#14773 = STYLED_ITEM('color',(#14774),#13130);
#14774 = PRESENTATION_STYLE_ASSIGNMENT((#14775,#14780));
#14775 = SURFACE_STYLE_USAGE(.BOTH.,#14776);
#14776 = SURFACE_SIDE_STYLE('',(#14777));
#14777 = SURFACE_STYLE_FILL_AREA(#14778);
#14778 = FILL_AREA_STYLE('',(#14779));
#14779 = FILL_AREA_STYLE_COLOUR('',#14086);
#14780 = CURVE_STYLE('',#14781,POSITIVE_LENGTH_MEASURE(0.1),#14086);
#14781 = DRAUGHTING_PRE_DEFINED_CURVE_FONT('continuous');
#14782 = STYLED_ITEM('color',(#14783),#13147);
#14783 = PRESENTATION_STYLE_ASSIGNMENT((#14784,#14789));
#14784 = SURFACE_STYLE_USAGE(.BOTH.,#14785);
#14785 = SURFACE_SIDE_STYLE('',(#14786));
#14786 = SURFACE_STYLE_FILL_AREA(#14787);
#14787 = FILL_AREA_STYLE('',(#14788));
#14788 = FILL_AREA_STYLE_COLOUR('',#14086);
#14789 = CURVE_STYLE('',#14790,POSITIVE_LENGTH_MEASURE(0.1),#14086);
#14790 = DRAUGHTING_PRE_DEFINED_CURVE_FONT('continuous');
#14791 = STYLED_ITEM('color',(#14792),#13178);
#14792 = PRESENTATION_STYLE_ASSIGNMENT((#14793,#14798));
#14793 = SURFACE_STYLE_USAGE(.BOTH.,#14794);
#14794 = SURFACE_SIDE_STYLE('',(#14795));
#14795 = SURFACE_STYLE_FILL_AREA(#14796);
#14796 = FILL_AREA_STYLE('',(#14797));
#14797 = FILL_AREA_STYLE_COLOUR('',#14086);
#14798 = CURVE_STYLE('',#14799,POSITIVE_LENGTH_MEASURE(0.1),#14086);
#14799 = DRAUGHTING_PRE_DEFINED_CURVE_FONT('continuous');
#14800 = STYLED_ITEM('color',(#14801),#13202);
#14801 = PRESENTATION_STYLE_ASSIGNMENT((#14802,#14807));
#14802 = SURFACE_STYLE_USAGE(.BOTH.,#14803);
#14803 = SURFACE_SIDE_STYLE('',(#14804));
#14804 = SURFACE_STYLE_FILL_AREA(#14805);
#14805 = FILL_AREA_STYLE('',(#14806));
#14806 = FILL_AREA_STYLE_COLOUR('',#14086);
#14807 = CURVE_STYLE('',#14808,POSITIVE_LENGTH_MEASURE(0.1),#14086);
#14808 = DRAUGHTING_PRE_DEFINED_CURVE_FONT('continuous');
#14809 = STYLED_ITEM('color',(#14810),#13226);
#14810 = PRESENTATION_STYLE_ASSIGNMENT((#14811,#14816));
#14811 = SURFACE_STYLE_USAGE(.BOTH.,#14812);
#14812 = SURFACE_SIDE_STYLE('',(#14813));
#14813 = SURFACE_STYLE_FILL_AREA(#14814);
#14814 = FILL_AREA_STYLE('',(#14815));
#14815 = FILL_AREA_STYLE_COLOUR('',#14086);
#14816 = CURVE_STYLE('',#14817,POSITIVE_LENGTH_MEASURE(0.1),#14086);
#14817 = DRAUGHTING_PRE_DEFINED_CURVE_FONT('continuous');
#14818 = STYLED_ITEM('color',(#14819),#13243);
#14819 = PRESENTATION_STYLE_ASSIGNMENT((#14820,#14825));
#14820 = SURFACE_STYLE_USAGE(.BOTH.,#14821);
#14821 = SURFACE_SIDE_STYLE('',(#14822));
#14822 = SURFACE_STYLE_FILL_AREA(#14823);
#14823 = FILL_AREA_STYLE('',(#14824));
#14824 = FILL_AREA_STYLE_COLOUR('',#14086);
#14825 = CURVE_STYLE('',#14826,POSITIVE_LENGTH_MEASURE(0.1),#14086);
#14826 = DRAUGHTING_PRE_DEFINED_CURVE_FONT('continuous');
#14827 = STYLED_ITEM('color',(#14828),#13274);
#14828 = PRESENTATION_STYLE_ASSIGNMENT((#14829,#14834));
#14829 = SURFACE_STYLE_USAGE(.BOTH.,#14830);
#14830 = SURFACE_SIDE_STYLE('',(#14831));
#14831 = SURFACE_STYLE_FILL_AREA(#14832);
#14832 = FILL_AREA_STYLE('',(#14833));
#14833 = FILL_AREA_STYLE_COLOUR('',#14086);
#14834 = CURVE_STYLE('',#14835,POSITIVE_LENGTH_MEASURE(0.1),#14086);
#14835 = DRAUGHTING_PRE_DEFINED_CURVE_FONT('continuous');
#14836 = STYLED_ITEM('color',(#14837),#13298);
#14837 = PRESENTATION_STYLE_ASSIGNMENT((#14838,#14843));
#14838 = SURFACE_STYLE_USAGE(.BOTH.,#14839);
#14839 = SURFACE_SIDE_STYLE('',(#14840));
#14840 = SURFACE_STYLE_FILL_AREA(#14841);
#14841 = FILL_AREA_STYLE('',(#14842));
#14842 = FILL_AREA_STYLE_COLOUR('',#14086);
#14843 = CURVE_STYLE('',#14844,POSITIVE_LENGTH_MEASURE(0.1),#14086);
#14844 = DRAUGHTING_PRE_DEFINED_CURVE_FONT('continuous');
#14845 = STYLED_ITEM('color',(#14846),#13322);
#14846 = PRESENTATION_STYLE_ASSIGNMENT((#14847,#14852));
#14847 = SURFACE_STYLE_USAGE(.BOTH.,#14848);
#14848 = SURFACE_SIDE_STYLE('',(#14849));
#14849 = SURFACE_STYLE_FILL_AREA(#14850);
#14850 = FILL_AREA_STYLE('',(#14851));
#14851 = FILL_AREA_STYLE_COLOUR('',#14086);
#14852 = CURVE_STYLE('',#14853,POSITIVE_LENGTH_MEASURE(0.1),#14086);
#14853 = DRAUGHTING_PRE_DEFINED_CURVE_FONT('continuous');
#14854 = STYLED_ITEM('color',(#14855),#13339);
#14855 = PRESENTATION_STYLE_ASSIGNMENT((#14856,#14861));
#14856 = SURFACE_STYLE_USAGE(.BOTH.,#14857);
#14857 = SURFACE_SIDE_STYLE('',(#14858));
#14858 = SURFACE_STYLE_FILL_AREA(#14859);
#14859 = FILL_AREA_STYLE('',(#14860));
#14860 = FILL_AREA_STYLE_COLOUR('',#14086);
#14861 = CURVE_STYLE('',#14862,POSITIVE_LENGTH_MEASURE(0.1),#14086);
#14862 = DRAUGHTING_PRE_DEFINED_CURVE_FONT('continuous');
#14863 = STYLED_ITEM('color',(#14864),#13370);
#14864 = PRESENTATION_STYLE_ASSIGNMENT((#14865,#14870));
#14865 = SURFACE_STYLE_USAGE(.BOTH.,#14866);
#14866 = SURFACE_SIDE_STYLE('',(#14867));
#14867 = SURFACE_STYLE_FILL_AREA(#14868);
#14868 = FILL_AREA_STYLE('',(#14869));
#14869 = FILL_AREA_STYLE_COLOUR('',#14086);
#14870 = CURVE_STYLE('',#14871,POSITIVE_LENGTH_MEASURE(0.1),#14086);
#14871 = DRAUGHTING_PRE_DEFINED_CURVE_FONT('continuous');
#14872 = STYLED_ITEM('color',(#14873),#13394);
#14873 = PRESENTATION_STYLE_ASSIGNMENT((#14874,#14879));
#14874 = SURFACE_STYLE_USAGE(.BOTH.,#14875);
#14875 = SURFACE_SIDE_STYLE('',(#14876));
#14876 = SURFACE_STYLE_FILL_AREA(#14877);
#14877 = FILL_AREA_STYLE('',(#14878));
#14878 = FILL_AREA_STYLE_COLOUR('',#14086);
#14879 = CURVE_STYLE('',#14880,POSITIVE_LENGTH_MEASURE(0.1),#14086);
#14880 = DRAUGHTING_PRE_DEFINED_CURVE_FONT('continuous');
#14881 = STYLED_ITEM('color',(#14882),#13418);
#14882 = PRESENTATION_STYLE_ASSIGNMENT((#14883,#14888));
#14883 = SURFACE_STYLE_USAGE(.BOTH.,#14884);
#14884 = SURFACE_SIDE_STYLE('',(#14885));
#14885 = SURFACE_STYLE_FILL_AREA(#14886);
#14886 = FILL_AREA_STYLE('',(#14887));
#14887 = FILL_AREA_STYLE_COLOUR('',#14086);
#14888 = CURVE_STYLE('',#14889,POSITIVE_LENGTH_MEASURE(0.1),#14086);
#14889 = DRAUGHTING_PRE_DEFINED_CURVE_FONT('continuous');
#14890 = STYLED_ITEM('color',(#14891),#13435);
#14891 = PRESENTATION_STYLE_ASSIGNMENT((#14892,#14897));
#14892 = SURFACE_STYLE_USAGE(.BOTH.,#14893);
#14893 = SURFACE_SIDE_STYLE('',(#14894));
#14894 = SURFACE_STYLE_FILL_AREA(#14895);
#14895 = FILL_AREA_STYLE('',(#14896));
#14896 = FILL_AREA_STYLE_COLOUR('',#14086);
#14897 = CURVE_STYLE('',#14898,POSITIVE_LENGTH_MEASURE(0.1),#14086);
#14898 = DRAUGHTING_PRE_DEFINED_CURVE_FONT('continuous');
#14899 = STYLED_ITEM('color',(#14900),#13466);
#14900 = PRESENTATION_STYLE_ASSIGNMENT((#14901,#14906));
#14901 = SURFACE_STYLE_USAGE(.BOTH.,#14902);
#14902 = SURFACE_SIDE_STYLE('',(#14903));
#14903 = SURFACE_STYLE_FILL_AREA(#14904);
#14904 = FILL_AREA_STYLE('',(#14905));
#14905 = FILL_AREA_STYLE_COLOUR('',#14086);
#14906 = CURVE_STYLE('',#14907,POSITIVE_LENGTH_MEASURE(0.1),#14086);
#14907 = DRAUGHTING_PRE_DEFINED_CURVE_FONT('continuous');
#14908 = STYLED_ITEM('color',(#14909),#13490);
#14909 = PRESENTATION_STYLE_ASSIGNMENT((#14910,#14915));
#14910 = SURFACE_STYLE_USAGE(.BOTH.,#14911);
#14911 = SURFACE_SIDE_STYLE('',(#14912));
#14912 = SURFACE_STYLE_FILL_AREA(#14913);
#14913 = FILL_AREA_STYLE('',(#14914));
#14914 = FILL_AREA_STYLE_COLOUR('',#14086);
#14915 = CURVE_STYLE('',#14916,POSITIVE_LENGTH_MEASURE(0.1),#14086);
#14916 = DRAUGHTING_PRE_DEFINED_CURVE_FONT('continuous');
#14917 = STYLED_ITEM('color',(#14918),#13514);
#14918 = PRESENTATION_STYLE_ASSIGNMENT((#14919,#14924));
#14919 = SURFACE_STYLE_USAGE(.BOTH.,#14920);
#14920 = SURFACE_SIDE_STYLE('',(#14921));
#14921 = SURFACE_STYLE_FILL_AREA(#14922);
#14922 = FILL_AREA_STYLE('',(#14923));
#14923 = FILL_AREA_STYLE_COLOUR('',#14086);
#14924 = CURVE_STYLE('',#14925,POSITIVE_LENGTH_MEASURE(0.1),#14086);
#14925 = DRAUGHTING_PRE_DEFINED_CURVE_FONT('continuous');
#14926 = STYLED_ITEM('color',(#14927),#13531);
#14927 = PRESENTATION_STYLE_ASSIGNMENT((#14928,#14933));
#14928 = SURFACE_STYLE_USAGE(.BOTH.,#14929);
#14929 = SURFACE_SIDE_STYLE('',(#14930));
#14930 = SURFACE_STYLE_FILL_AREA(#14931);
#14931 = FILL_AREA_STYLE('',(#14932));
#14932 = FILL_AREA_STYLE_COLOUR('',#14086);
#14933 = CURVE_STYLE('',#14934,POSITIVE_LENGTH_MEASURE(0.1),#14086);
#14934 = DRAUGHTING_PRE_DEFINED_CURVE_FONT('continuous');
#14935 = STYLED_ITEM('color',(#14936),#13543);
#14936 = PRESENTATION_STYLE_ASSIGNMENT((#14937,#14942));
#14937 = SURFACE_STYLE_USAGE(.BOTH.,#14938);
#14938 = SURFACE_SIDE_STYLE('',(#14939));
#14939 = SURFACE_STYLE_FILL_AREA(#14940);
#14940 = FILL_AREA_STYLE('',(#14941));
#14941 = FILL_AREA_STYLE_COLOUR('',#14086);
#14942 = CURVE_STYLE('',#14943,POSITIVE_LENGTH_MEASURE(0.1),#14086);
#14943 = DRAUGHTING_PRE_DEFINED_CURVE_FONT('continuous');
#14944 = STYLED_ITEM('color',(#14945),#13555);
#14945 = PRESENTATION_STYLE_ASSIGNMENT((#14946,#14951));
#14946 = SURFACE_STYLE_USAGE(.BOTH.,#14947);
#14947 = SURFACE_SIDE_STYLE('',(#14948));
#14948 = SURFACE_STYLE_FILL_AREA(#14949);
#14949 = FILL_AREA_STYLE('',(#14950));
#14950 = FILL_AREA_STYLE_COLOUR('',#14086);
#14951 = CURVE_STYLE('',#14952,POSITIVE_LENGTH_MEASURE(0.1),#14086);
#14952 = DRAUGHTING_PRE_DEFINED_CURVE_FONT('continuous');
#14953 = STYLED_ITEM('color',(#14954),#13567);
#14954 = PRESENTATION_STYLE_ASSIGNMENT((#14955,#14960));
#14955 = SURFACE_STYLE_USAGE(.BOTH.,#14956);
#14956 = SURFACE_SIDE_STYLE('',(#14957));
#14957 = SURFACE_STYLE_FILL_AREA(#14958);
#14958 = FILL_AREA_STYLE('',(#14959));
#14959 = FILL_AREA_STYLE_COLOUR('',#14086);
#14960 = CURVE_STYLE('',#14961,POSITIVE_LENGTH_MEASURE(0.1),#14086);
#14961 = DRAUGHTING_PRE_DEFINED_CURVE_FONT('continuous');
#14962 = STYLED_ITEM('color',(#14963),#13579);
#14963 = PRESENTATION_STYLE_ASSIGNMENT((#14964,#14969));
#14964 = SURFACE_STYLE_USAGE(.BOTH.,#14965);
#14965 = SURFACE_SIDE_STYLE('',(#14966));
#14966 = SURFACE_STYLE_FILL_AREA(#14967);
#14967 = FILL_AREA_STYLE('',(#14968));
#14968 = FILL_AREA_STYLE_COLOUR('',#14086);
#14969 = CURVE_STYLE('',#14970,POSITIVE_LENGTH_MEASURE(0.1),#14086);
#14970 = DRAUGHTING_PRE_DEFINED_CURVE_FONT('continuous');
#14971 = STYLED_ITEM('color',(#14972),#13591);
#14972 = PRESENTATION_STYLE_ASSIGNMENT((#14973,#14978));
#14973 = SURFACE_STYLE_USAGE(.BOTH.,#14974);
#14974 = SURFACE_SIDE_STYLE('',(#14975));
#14975 = SURFACE_STYLE_FILL_AREA(#14976);
#14976 = FILL_AREA_STYLE('',(#14977));
#14977 = FILL_AREA_STYLE_COLOUR('',#14086);
#14978 = CURVE_STYLE('',#14979,POSITIVE_LENGTH_MEASURE(0.1),#14086);
#14979 = DRAUGHTING_PRE_DEFINED_CURVE_FONT('continuous');
#14980 = MECHANICAL_DESIGN_GEOMETRIC_PRESENTATION_REPRESENTATION('',(
    #14981,#14991,#15000,#15009,#15018,#15027,#15036,#15045,#15054,
    #15063,#15072,#15081,#15090,#15099,#15108,#15117,#15126,#15135,
    #15144,#15153,#15162,#15171,#15180,#15189,#15198,#15207,#15216,
    #15225,#15234,#15243,#15252,#15261,#15270,#15279,#15288,#15297,
    #15306,#15315,#15324,#15333,#15342,#15351,#15360,#15369,#15378,
    #15387,#15396,#15405,#15414,#15423,#15432,#15441,#15450,#15459,
    #15468,#15477,#15486,#15495,#15504,#15513,#15522,#15531,#15540,
    #15549,#15558,#15567,#15576,#15585,#15594,#15603,#15612,#15621,
    #15630,#15639,#15648,#15657,#15666,#15675,#15684,#15693,#15702,
    #15711,#15720,#15729,#15738,#15747,#15756,#15765,#15774,#15783,
    #15792,#15801,#15810,#15819,#15828,#15837,#15846,#15855,#15864,
    #15873,#15882,#15891,#15900,#15909,#15918,#15927,#15936,#15945,
    #15954,#15963,#15972,#15981,#15990,#15999,#16008,#16017,#16026,
    #16035,#16044,#16053,#16062,#16071,#16080,#16089,#16098,#16107,
    #16116,#16125,#16134,#16143,#16152,#16161,#16170,#16179,#16188,
    #16197,#16206,#16215,#16224,#16233,#16242,#16251,#16260,#16269,
    #16278,#16287,#16296,#16305,#16314,#16323,#16332,#16341,#16350,
    #16359,#16368,#16377,#16386,#16395,#16404,#16413,#16422,#16431,
    #16440,#16449,#16458,#16467,#16476,#16485,#16494,#16503,#16512,
    #16521,#16530,#16539,#16548,#16557,#16566,#16575,#16584,#16593,
    #16602,#16611,#16620,#16629,#16638,#16647,#16656,#16665,#16674,
    #16683,#16692,#16701,#16710,#16719,#16728,#16737,#16746,#16755,
    #16764,#16773,#16782,#16791,#16800,#16809,#16818,#16827,#16836,
    #16845,#16854,#16863,#16872,#16881,#16890,#16899,#16908,#16917,
    #16926,#16935,#16944,#16953,#16962,#16971,#16980,#16989,#16998,
    #17007,#17016,#17025,#17034,#17043,#17052,#17061,#17070,#17079,
    #17088,#17097,#17106),#8189);
#14981 = STYLED_ITEM('color',(#14982),#919);
#14982 = PRESENTATION_STYLE_ASSIGNMENT((#14983,#14989));
#14983 = SURFACE_STYLE_USAGE(.BOTH.,#14984);
#14984 = SURFACE_SIDE_STYLE('',(#14985));
#14985 = SURFACE_STYLE_FILL_AREA(#14986);
#14986 = FILL_AREA_STYLE('',(#14987));
#14987 = FILL_AREA_STYLE_COLOUR('',#14988);
#14988 = COLOUR_RGB('',0.147999998088,0.145000001626,0.145000001626);
#14989 = CURVE_STYLE('',#14990,POSITIVE_LENGTH_MEASURE(0.1),#14988);
#14990 = DRAUGHTING_PRE_DEFINED_CURVE_FONT('continuous');
#14991 = STYLED_ITEM('color',(#14992),#957);
#14992 = PRESENTATION_STYLE_ASSIGNMENT((#14993,#14998));
#14993 = SURFACE_STYLE_USAGE(.BOTH.,#14994);
#14994 = SURFACE_SIDE_STYLE('',(#14995));
#14995 = SURFACE_STYLE_FILL_AREA(#14996);
#14996 = FILL_AREA_STYLE('',(#14997));
#14997 = FILL_AREA_STYLE_COLOUR('',#14988);
#14998 = CURVE_STYLE('',#14999,POSITIVE_LENGTH_MEASURE(0.1),#14988);
#14999 = DRAUGHTING_PRE_DEFINED_CURVE_FONT('continuous');
#15000 = STYLED_ITEM('color',(#15001),#1020);
#15001 = PRESENTATION_STYLE_ASSIGNMENT((#15002,#15007));
#15002 = SURFACE_STYLE_USAGE(.BOTH.,#15003);
#15003 = SURFACE_SIDE_STYLE('',(#15004));
#15004 = SURFACE_STYLE_FILL_AREA(#15005);
#15005 = FILL_AREA_STYLE('',(#15006));
#15006 = FILL_AREA_STYLE_COLOUR('',#14988);
#15007 = CURVE_STYLE('',#15008,POSITIVE_LENGTH_MEASURE(0.1),#14988);
#15008 = DRAUGHTING_PRE_DEFINED_CURVE_FONT('continuous');
#15009 = STYLED_ITEM('color',(#15010),#1043);
#15010 = PRESENTATION_STYLE_ASSIGNMENT((#15011,#15016));
#15011 = SURFACE_STYLE_USAGE(.BOTH.,#15012);
#15012 = SURFACE_SIDE_STYLE('',(#15013));
#15013 = SURFACE_STYLE_FILL_AREA(#15014);
#15014 = FILL_AREA_STYLE('',(#15015));
#15015 = FILL_AREA_STYLE_COLOUR('',#14988);
#15016 = CURVE_STYLE('',#15017,POSITIVE_LENGTH_MEASURE(0.1),#14988);
#15017 = DRAUGHTING_PRE_DEFINED_CURVE_FONT('continuous');
#15018 = STYLED_ITEM('color',(#15019),#1072);
#15019 = PRESENTATION_STYLE_ASSIGNMENT((#15020,#15025));
#15020 = SURFACE_STYLE_USAGE(.BOTH.,#15021);
#15021 = SURFACE_SIDE_STYLE('',(#15022));
#15022 = SURFACE_STYLE_FILL_AREA(#15023);
#15023 = FILL_AREA_STYLE('',(#15024));
#15024 = FILL_AREA_STYLE_COLOUR('',#14988);
#15025 = CURVE_STYLE('',#15026,POSITIVE_LENGTH_MEASURE(0.1),#14988);
#15026 = DRAUGHTING_PRE_DEFINED_CURVE_FONT('continuous');
#15027 = STYLED_ITEM('color',(#15028),#1095);
#15028 = PRESENTATION_STYLE_ASSIGNMENT((#15029,#15034));
#15029 = SURFACE_STYLE_USAGE(.BOTH.,#15030);
#15030 = SURFACE_SIDE_STYLE('',(#15031));
#15031 = SURFACE_STYLE_FILL_AREA(#15032);
#15032 = FILL_AREA_STYLE('',(#15033));
#15033 = FILL_AREA_STYLE_COLOUR('',#14988);
#15034 = CURVE_STYLE('',#15035,POSITIVE_LENGTH_MEASURE(0.1),#14988);
#15035 = DRAUGHTING_PRE_DEFINED_CURVE_FONT('continuous');
#15036 = STYLED_ITEM('color',(#15037),#1230);
#15037 = PRESENTATION_STYLE_ASSIGNMENT((#15038,#15043));
#15038 = SURFACE_STYLE_USAGE(.BOTH.,#15039);
#15039 = SURFACE_SIDE_STYLE('',(#15040));
#15040 = SURFACE_STYLE_FILL_AREA(#15041);
#15041 = FILL_AREA_STYLE('',(#15042));
#15042 = FILL_AREA_STYLE_COLOUR('',#14988);
#15043 = CURVE_STYLE('',#15044,POSITIVE_LENGTH_MEASURE(0.1),#14988);
#15044 = DRAUGHTING_PRE_DEFINED_CURVE_FONT('continuous');
#15045 = STYLED_ITEM('color',(#15046),#1365);
#15046 = PRESENTATION_STYLE_ASSIGNMENT((#15047,#15052));
#15047 = SURFACE_STYLE_USAGE(.BOTH.,#15048);
#15048 = SURFACE_SIDE_STYLE('',(#15049));
#15049 = SURFACE_STYLE_FILL_AREA(#15050);
#15050 = FILL_AREA_STYLE('',(#15051));
#15051 = FILL_AREA_STYLE_COLOUR('',#14988);
#15052 = CURVE_STYLE('',#15053,POSITIVE_LENGTH_MEASURE(0.1),#14988);
#15053 = DRAUGHTING_PRE_DEFINED_CURVE_FONT('continuous');
#15054 = STYLED_ITEM('color',(#15055),#1388);
#15055 = PRESENTATION_STYLE_ASSIGNMENT((#15056,#15061));
#15056 = SURFACE_STYLE_USAGE(.BOTH.,#15057);
#15057 = SURFACE_SIDE_STYLE('',(#15058));
#15058 = SURFACE_STYLE_FILL_AREA(#15059);
#15059 = FILL_AREA_STYLE('',(#15060));
#15060 = FILL_AREA_STYLE_COLOUR('',#14988);
#15061 = CURVE_STYLE('',#15062,POSITIVE_LENGTH_MEASURE(0.1),#14988);
#15062 = DRAUGHTING_PRE_DEFINED_CURVE_FONT('continuous');
#15063 = STYLED_ITEM('color',(#15064),#1411);
#15064 = PRESENTATION_STYLE_ASSIGNMENT((#15065,#15070));
#15065 = SURFACE_STYLE_USAGE(.BOTH.,#15066);
#15066 = SURFACE_SIDE_STYLE('',(#15067));
#15067 = SURFACE_STYLE_FILL_AREA(#15068);
#15068 = FILL_AREA_STYLE('',(#15069));
#15069 = FILL_AREA_STYLE_COLOUR('',#14988);
#15070 = CURVE_STYLE('',#15071,POSITIVE_LENGTH_MEASURE(0.1),#14988);
#15071 = DRAUGHTING_PRE_DEFINED_CURVE_FONT('continuous');
#15072 = STYLED_ITEM('color',(#15073),#1428);
#15073 = PRESENTATION_STYLE_ASSIGNMENT((#15074,#15079));
#15074 = SURFACE_STYLE_USAGE(.BOTH.,#15075);
#15075 = SURFACE_SIDE_STYLE('',(#15076));
#15076 = SURFACE_STYLE_FILL_AREA(#15077);
#15077 = FILL_AREA_STYLE('',(#15078));
#15078 = FILL_AREA_STYLE_COLOUR('',#14988);
#15079 = CURVE_STYLE('',#15080,POSITIVE_LENGTH_MEASURE(0.1),#14988);
#15080 = DRAUGHTING_PRE_DEFINED_CURVE_FONT('continuous');
#15081 = STYLED_ITEM('color',(#15082),#1451);
#15082 = PRESENTATION_STYLE_ASSIGNMENT((#15083,#15088));
#15083 = SURFACE_STYLE_USAGE(.BOTH.,#15084);
#15084 = SURFACE_SIDE_STYLE('',(#15085));
#15085 = SURFACE_STYLE_FILL_AREA(#15086);
#15086 = FILL_AREA_STYLE('',(#15087));
#15087 = FILL_AREA_STYLE_COLOUR('',#14988);
#15088 = CURVE_STYLE('',#15089,POSITIVE_LENGTH_MEASURE(0.1),#14988);
#15089 = DRAUGHTING_PRE_DEFINED_CURVE_FONT('continuous');
#15090 = STYLED_ITEM('color',(#15091),#1539);
#15091 = PRESENTATION_STYLE_ASSIGNMENT((#15092,#15097));
#15092 = SURFACE_STYLE_USAGE(.BOTH.,#15093);
#15093 = SURFACE_SIDE_STYLE('',(#15094));
#15094 = SURFACE_STYLE_FILL_AREA(#15095);
#15095 = FILL_AREA_STYLE('',(#15096));
#15096 = FILL_AREA_STYLE_COLOUR('',#14988);
#15097 = CURVE_STYLE('',#15098,POSITIVE_LENGTH_MEASURE(0.1),#14988);
#15098 = DRAUGHTING_PRE_DEFINED_CURVE_FONT('continuous');
#15099 = STYLED_ITEM('color',(#15100),#1555);
#15100 = PRESENTATION_STYLE_ASSIGNMENT((#15101,#15106));
#15101 = SURFACE_STYLE_USAGE(.BOTH.,#15102);
#15102 = SURFACE_SIDE_STYLE('',(#15103));
#15103 = SURFACE_STYLE_FILL_AREA(#15104);
#15104 = FILL_AREA_STYLE('',(#15105));
#15105 = FILL_AREA_STYLE_COLOUR('',#14988);
#15106 = CURVE_STYLE('',#15107,POSITIVE_LENGTH_MEASURE(0.1),#14988);
#15107 = DRAUGHTING_PRE_DEFINED_CURVE_FONT('continuous');
#15108 = STYLED_ITEM('color',(#15109),#1585);
#15109 = PRESENTATION_STYLE_ASSIGNMENT((#15110,#15115));
#15110 = SURFACE_STYLE_USAGE(.BOTH.,#15111);
#15111 = SURFACE_SIDE_STYLE('',(#15112));
#15112 = SURFACE_STYLE_FILL_AREA(#15113);
#15113 = FILL_AREA_STYLE('',(#15114));
#15114 = FILL_AREA_STYLE_COLOUR('',#14086);
#15115 = CURVE_STYLE('',#15116,POSITIVE_LENGTH_MEASURE(0.1),#14086);
#15116 = DRAUGHTING_PRE_DEFINED_CURVE_FONT('continuous');
#15117 = STYLED_ITEM('color',(#15118),#1616);
#15118 = PRESENTATION_STYLE_ASSIGNMENT((#15119,#15124));
#15119 = SURFACE_STYLE_USAGE(.BOTH.,#15120);
#15120 = SURFACE_SIDE_STYLE('',(#15121));
#15121 = SURFACE_STYLE_FILL_AREA(#15122);
#15122 = FILL_AREA_STYLE('',(#15123));
#15123 = FILL_AREA_STYLE_COLOUR('',#14988);
#15124 = CURVE_STYLE('',#15125,POSITIVE_LENGTH_MEASURE(0.1),#14988);
#15125 = DRAUGHTING_PRE_DEFINED_CURVE_FONT('continuous');
#15126 = STYLED_ITEM('color',(#15127),#1647);
#15127 = PRESENTATION_STYLE_ASSIGNMENT((#15128,#15133));
#15128 = SURFACE_STYLE_USAGE(.BOTH.,#15129);
#15129 = SURFACE_SIDE_STYLE('',(#15130));
#15130 = SURFACE_STYLE_FILL_AREA(#15131);
#15131 = FILL_AREA_STYLE('',(#15132));
#15132 = FILL_AREA_STYLE_COLOUR('',#14086);
#15133 = CURVE_STYLE('',#15134,POSITIVE_LENGTH_MEASURE(0.1),#14086);
#15134 = DRAUGHTING_PRE_DEFINED_CURVE_FONT('continuous');
#15135 = STYLED_ITEM('color',(#15136),#1678);
#15136 = PRESENTATION_STYLE_ASSIGNMENT((#15137,#15142));
#15137 = SURFACE_STYLE_USAGE(.BOTH.,#15138);
#15138 = SURFACE_SIDE_STYLE('',(#15139));
#15139 = SURFACE_STYLE_FILL_AREA(#15140);
#15140 = FILL_AREA_STYLE('',(#15141));
#15141 = FILL_AREA_STYLE_COLOUR('',#14988);
#15142 = CURVE_STYLE('',#15143,POSITIVE_LENGTH_MEASURE(0.1),#14988);
#15143 = DRAUGHTING_PRE_DEFINED_CURVE_FONT('continuous');
#15144 = STYLED_ITEM('color',(#15145),#1709);
#15145 = PRESENTATION_STYLE_ASSIGNMENT((#15146,#15151));
#15146 = SURFACE_STYLE_USAGE(.BOTH.,#15147);
#15147 = SURFACE_SIDE_STYLE('',(#15148));
#15148 = SURFACE_STYLE_FILL_AREA(#15149);
#15149 = FILL_AREA_STYLE('',(#15150));
#15150 = FILL_AREA_STYLE_COLOUR('',#14086);
#15151 = CURVE_STYLE('',#15152,POSITIVE_LENGTH_MEASURE(0.1),#14086);
#15152 = DRAUGHTING_PRE_DEFINED_CURVE_FONT('continuous');
#15153 = STYLED_ITEM('color',(#15154),#1740);
#15154 = PRESENTATION_STYLE_ASSIGNMENT((#15155,#15160));
#15155 = SURFACE_STYLE_USAGE(.BOTH.,#15156);
#15156 = SURFACE_SIDE_STYLE('',(#15157));
#15157 = SURFACE_STYLE_FILL_AREA(#15158);
#15158 = FILL_AREA_STYLE('',(#15159));
#15159 = FILL_AREA_STYLE_COLOUR('',#14988);
#15160 = CURVE_STYLE('',#15161,POSITIVE_LENGTH_MEASURE(0.1),#14988);
#15161 = DRAUGHTING_PRE_DEFINED_CURVE_FONT('continuous');
#15162 = STYLED_ITEM('color',(#15163),#1771);
#15163 = PRESENTATION_STYLE_ASSIGNMENT((#15164,#15169));
#15164 = SURFACE_STYLE_USAGE(.BOTH.,#15165);
#15165 = SURFACE_SIDE_STYLE('',(#15166));
#15166 = SURFACE_STYLE_FILL_AREA(#15167);
#15167 = FILL_AREA_STYLE('',(#15168));
#15168 = FILL_AREA_STYLE_COLOUR('',#14086);
#15169 = CURVE_STYLE('',#15170,POSITIVE_LENGTH_MEASURE(0.1),#14086);
#15170 = DRAUGHTING_PRE_DEFINED_CURVE_FONT('continuous');
#15171 = STYLED_ITEM('color',(#15172),#1802);
#15172 = PRESENTATION_STYLE_ASSIGNMENT((#15173,#15178));
#15173 = SURFACE_STYLE_USAGE(.BOTH.,#15174);
#15174 = SURFACE_SIDE_STYLE('',(#15175));
#15175 = SURFACE_STYLE_FILL_AREA(#15176);
#15176 = FILL_AREA_STYLE('',(#15177));
#15177 = FILL_AREA_STYLE_COLOUR('',#14988);
#15178 = CURVE_STYLE('',#15179,POSITIVE_LENGTH_MEASURE(0.1),#14988);
#15179 = DRAUGHTING_PRE_DEFINED_CURVE_FONT('continuous');
#15180 = STYLED_ITEM('color',(#15181),#1833);
#15181 = PRESENTATION_STYLE_ASSIGNMENT((#15182,#15187));
#15182 = SURFACE_STYLE_USAGE(.BOTH.,#15183);
#15183 = SURFACE_SIDE_STYLE('',(#15184));
#15184 = SURFACE_STYLE_FILL_AREA(#15185);
#15185 = FILL_AREA_STYLE('',(#15186));
#15186 = FILL_AREA_STYLE_COLOUR('',#14086);
#15187 = CURVE_STYLE('',#15188,POSITIVE_LENGTH_MEASURE(0.1),#14086);
#15188 = DRAUGHTING_PRE_DEFINED_CURVE_FONT('continuous');
#15189 = STYLED_ITEM('color',(#15190),#1864);
#15190 = PRESENTATION_STYLE_ASSIGNMENT((#15191,#15196));
#15191 = SURFACE_STYLE_USAGE(.BOTH.,#15192);
#15192 = SURFACE_SIDE_STYLE('',(#15193));
#15193 = SURFACE_STYLE_FILL_AREA(#15194);
#15194 = FILL_AREA_STYLE('',(#15195));
#15195 = FILL_AREA_STYLE_COLOUR('',#14988);
#15196 = CURVE_STYLE('',#15197,POSITIVE_LENGTH_MEASURE(0.1),#14988);
#15197 = DRAUGHTING_PRE_DEFINED_CURVE_FONT('continuous');
#15198 = STYLED_ITEM('color',(#15199),#1895);
#15199 = PRESENTATION_STYLE_ASSIGNMENT((#15200,#15205));
#15200 = SURFACE_STYLE_USAGE(.BOTH.,#15201);
#15201 = SURFACE_SIDE_STYLE('',(#15202));
#15202 = SURFACE_STYLE_FILL_AREA(#15203);
#15203 = FILL_AREA_STYLE('',(#15204));
#15204 = FILL_AREA_STYLE_COLOUR('',#14086);
#15205 = CURVE_STYLE('',#15206,POSITIVE_LENGTH_MEASURE(0.1),#14086);
#15206 = DRAUGHTING_PRE_DEFINED_CURVE_FONT('continuous');
#15207 = STYLED_ITEM('color',(#15208),#1926);
#15208 = PRESENTATION_STYLE_ASSIGNMENT((#15209,#15214));
#15209 = SURFACE_STYLE_USAGE(.BOTH.,#15210);
#15210 = SURFACE_SIDE_STYLE('',(#15211));
#15211 = SURFACE_STYLE_FILL_AREA(#15212);
#15212 = FILL_AREA_STYLE('',(#15213));
#15213 = FILL_AREA_STYLE_COLOUR('',#14988);
#15214 = CURVE_STYLE('',#15215,POSITIVE_LENGTH_MEASURE(0.1),#14988);
#15215 = DRAUGHTING_PRE_DEFINED_CURVE_FONT('continuous');
#15216 = STYLED_ITEM('color',(#15217),#1957);
#15217 = PRESENTATION_STYLE_ASSIGNMENT((#15218,#15223));
#15218 = SURFACE_STYLE_USAGE(.BOTH.,#15219);
#15219 = SURFACE_SIDE_STYLE('',(#15220));
#15220 = SURFACE_STYLE_FILL_AREA(#15221);
#15221 = FILL_AREA_STYLE('',(#15222));
#15222 = FILL_AREA_STYLE_COLOUR('',#14086);
#15223 = CURVE_STYLE('',#15224,POSITIVE_LENGTH_MEASURE(0.1),#14086);
#15224 = DRAUGHTING_PRE_DEFINED_CURVE_FONT('continuous');
#15225 = STYLED_ITEM('color',(#15226),#1988);
#15226 = PRESENTATION_STYLE_ASSIGNMENT((#15227,#15232));
#15227 = SURFACE_STYLE_USAGE(.BOTH.,#15228);
#15228 = SURFACE_SIDE_STYLE('',(#15229));
#15229 = SURFACE_STYLE_FILL_AREA(#15230);
#15230 = FILL_AREA_STYLE('',(#15231));
#15231 = FILL_AREA_STYLE_COLOUR('',#14988);
#15232 = CURVE_STYLE('',#15233,POSITIVE_LENGTH_MEASURE(0.1),#14988);
#15233 = DRAUGHTING_PRE_DEFINED_CURVE_FONT('continuous');
#15234 = STYLED_ITEM('color',(#15235),#2005);
#15235 = PRESENTATION_STYLE_ASSIGNMENT((#15236,#15241));
#15236 = SURFACE_STYLE_USAGE(.BOTH.,#15237);
#15237 = SURFACE_SIDE_STYLE('',(#15238));
#15238 = SURFACE_STYLE_FILL_AREA(#15239);
#15239 = FILL_AREA_STYLE('',(#15240));
#15240 = FILL_AREA_STYLE_COLOUR('',#14988);
#15241 = CURVE_STYLE('',#15242,POSITIVE_LENGTH_MEASURE(0.1),#14988);
#15242 = DRAUGHTING_PRE_DEFINED_CURVE_FONT('continuous');
#15243 = STYLED_ITEM('color',(#15244),#2022);
#15244 = PRESENTATION_STYLE_ASSIGNMENT((#15245,#15250));
#15245 = SURFACE_STYLE_USAGE(.BOTH.,#15246);
#15246 = SURFACE_SIDE_STYLE('',(#15247));
#15247 = SURFACE_STYLE_FILL_AREA(#15248);
#15248 = FILL_AREA_STYLE('',(#15249));
#15249 = FILL_AREA_STYLE_COLOUR('',#14086);
#15250 = CURVE_STYLE('',#15251,POSITIVE_LENGTH_MEASURE(0.1),#14086);
#15251 = DRAUGHTING_PRE_DEFINED_CURVE_FONT('continuous');
#15252 = STYLED_ITEM('color',(#15253),#2053);
#15253 = PRESENTATION_STYLE_ASSIGNMENT((#15254,#15259));
#15254 = SURFACE_STYLE_USAGE(.BOTH.,#15255);
#15255 = SURFACE_SIDE_STYLE('',(#15256));
#15256 = SURFACE_STYLE_FILL_AREA(#15257);
#15257 = FILL_AREA_STYLE('',(#15258));
#15258 = FILL_AREA_STYLE_COLOUR('',#14988);
#15259 = CURVE_STYLE('',#15260,POSITIVE_LENGTH_MEASURE(0.1),#14988);
#15260 = DRAUGHTING_PRE_DEFINED_CURVE_FONT('continuous');
#15261 = STYLED_ITEM('color',(#15262),#2084);
#15262 = PRESENTATION_STYLE_ASSIGNMENT((#15263,#15268));
#15263 = SURFACE_STYLE_USAGE(.BOTH.,#15264);
#15264 = SURFACE_SIDE_STYLE('',(#15265));
#15265 = SURFACE_STYLE_FILL_AREA(#15266);
#15266 = FILL_AREA_STYLE('',(#15267));
#15267 = FILL_AREA_STYLE_COLOUR('',#14086);
#15268 = CURVE_STYLE('',#15269,POSITIVE_LENGTH_MEASURE(0.1),#14086);
#15269 = DRAUGHTING_PRE_DEFINED_CURVE_FONT('continuous');
#15270 = STYLED_ITEM('color',(#15271),#2115);
#15271 = PRESENTATION_STYLE_ASSIGNMENT((#15272,#15277));
#15272 = SURFACE_STYLE_USAGE(.BOTH.,#15273);
#15273 = SURFACE_SIDE_STYLE('',(#15274));
#15274 = SURFACE_STYLE_FILL_AREA(#15275);
#15275 = FILL_AREA_STYLE('',(#15276));
#15276 = FILL_AREA_STYLE_COLOUR('',#14988);
#15277 = CURVE_STYLE('',#15278,POSITIVE_LENGTH_MEASURE(0.1),#14988);
#15278 = DRAUGHTING_PRE_DEFINED_CURVE_FONT('continuous');
#15279 = STYLED_ITEM('color',(#15280),#2146);
#15280 = PRESENTATION_STYLE_ASSIGNMENT((#15281,#15286));
#15281 = SURFACE_STYLE_USAGE(.BOTH.,#15282);
#15282 = SURFACE_SIDE_STYLE('',(#15283));
#15283 = SURFACE_STYLE_FILL_AREA(#15284);
#15284 = FILL_AREA_STYLE('',(#15285));
#15285 = FILL_AREA_STYLE_COLOUR('',#14086);
#15286 = CURVE_STYLE('',#15287,POSITIVE_LENGTH_MEASURE(0.1),#14086);
#15287 = DRAUGHTING_PRE_DEFINED_CURVE_FONT('continuous');
#15288 = STYLED_ITEM('color',(#15289),#2177);
#15289 = PRESENTATION_STYLE_ASSIGNMENT((#15290,#15295));
#15290 = SURFACE_STYLE_USAGE(.BOTH.,#15291);
#15291 = SURFACE_SIDE_STYLE('',(#15292));
#15292 = SURFACE_STYLE_FILL_AREA(#15293);
#15293 = FILL_AREA_STYLE('',(#15294));
#15294 = FILL_AREA_STYLE_COLOUR('',#14988);
#15295 = CURVE_STYLE('',#15296,POSITIVE_LENGTH_MEASURE(0.1),#14988);
#15296 = DRAUGHTING_PRE_DEFINED_CURVE_FONT('continuous');
#15297 = STYLED_ITEM('color',(#15298),#2208);
#15298 = PRESENTATION_STYLE_ASSIGNMENT((#15299,#15304));
#15299 = SURFACE_STYLE_USAGE(.BOTH.,#15300);
#15300 = SURFACE_SIDE_STYLE('',(#15301));
#15301 = SURFACE_STYLE_FILL_AREA(#15302);
#15302 = FILL_AREA_STYLE('',(#15303));
#15303 = FILL_AREA_STYLE_COLOUR('',#14086);
#15304 = CURVE_STYLE('',#15305,POSITIVE_LENGTH_MEASURE(0.1),#14086);
#15305 = DRAUGHTING_PRE_DEFINED_CURVE_FONT('continuous');
#15306 = STYLED_ITEM('color',(#15307),#2239);
#15307 = PRESENTATION_STYLE_ASSIGNMENT((#15308,#15313));
#15308 = SURFACE_STYLE_USAGE(.BOTH.,#15309);
#15309 = SURFACE_SIDE_STYLE('',(#15310));
#15310 = SURFACE_STYLE_FILL_AREA(#15311);
#15311 = FILL_AREA_STYLE('',(#15312));
#15312 = FILL_AREA_STYLE_COLOUR('',#14988);
#15313 = CURVE_STYLE('',#15314,POSITIVE_LENGTH_MEASURE(0.1),#14988);
#15314 = DRAUGHTING_PRE_DEFINED_CURVE_FONT('continuous');
#15315 = STYLED_ITEM('color',(#15316),#2270);
#15316 = PRESENTATION_STYLE_ASSIGNMENT((#15317,#15322));
#15317 = SURFACE_STYLE_USAGE(.BOTH.,#15318);
#15318 = SURFACE_SIDE_STYLE('',(#15319));
#15319 = SURFACE_STYLE_FILL_AREA(#15320);
#15320 = FILL_AREA_STYLE('',(#15321));
#15321 = FILL_AREA_STYLE_COLOUR('',#14086);
#15322 = CURVE_STYLE('',#15323,POSITIVE_LENGTH_MEASURE(0.1),#14086);
#15323 = DRAUGHTING_PRE_DEFINED_CURVE_FONT('continuous');
#15324 = STYLED_ITEM('color',(#15325),#2301);
#15325 = PRESENTATION_STYLE_ASSIGNMENT((#15326,#15331));
#15326 = SURFACE_STYLE_USAGE(.BOTH.,#15327);
#15327 = SURFACE_SIDE_STYLE('',(#15328));
#15328 = SURFACE_STYLE_FILL_AREA(#15329);
#15329 = FILL_AREA_STYLE('',(#15330));
#15330 = FILL_AREA_STYLE_COLOUR('',#14988);
#15331 = CURVE_STYLE('',#15332,POSITIVE_LENGTH_MEASURE(0.1),#14988);
#15332 = DRAUGHTING_PRE_DEFINED_CURVE_FONT('continuous');
#15333 = STYLED_ITEM('color',(#15334),#2332);
#15334 = PRESENTATION_STYLE_ASSIGNMENT((#15335,#15340));
#15335 = SURFACE_STYLE_USAGE(.BOTH.,#15336);
#15336 = SURFACE_SIDE_STYLE('',(#15337));
#15337 = SURFACE_STYLE_FILL_AREA(#15338);
#15338 = FILL_AREA_STYLE('',(#15339));
#15339 = FILL_AREA_STYLE_COLOUR('',#14086);
#15340 = CURVE_STYLE('',#15341,POSITIVE_LENGTH_MEASURE(0.1),#14086);
#15341 = DRAUGHTING_PRE_DEFINED_CURVE_FONT('continuous');
#15342 = STYLED_ITEM('color',(#15343),#2363);
#15343 = PRESENTATION_STYLE_ASSIGNMENT((#15344,#15349));
#15344 = SURFACE_STYLE_USAGE(.BOTH.,#15345);
#15345 = SURFACE_SIDE_STYLE('',(#15346));
#15346 = SURFACE_STYLE_FILL_AREA(#15347);
#15347 = FILL_AREA_STYLE('',(#15348));
#15348 = FILL_AREA_STYLE_COLOUR('',#14988);
#15349 = CURVE_STYLE('',#15350,POSITIVE_LENGTH_MEASURE(0.1),#14988);
#15350 = DRAUGHTING_PRE_DEFINED_CURVE_FONT('continuous');
#15351 = STYLED_ITEM('color',(#15352),#2394);
#15352 = PRESENTATION_STYLE_ASSIGNMENT((#15353,#15358));
#15353 = SURFACE_STYLE_USAGE(.BOTH.,#15354);
#15354 = SURFACE_SIDE_STYLE('',(#15355));
#15355 = SURFACE_STYLE_FILL_AREA(#15356);
#15356 = FILL_AREA_STYLE('',(#15357));
#15357 = FILL_AREA_STYLE_COLOUR('',#14086);
#15358 = CURVE_STYLE('',#15359,POSITIVE_LENGTH_MEASURE(0.1),#14086);
#15359 = DRAUGHTING_PRE_DEFINED_CURVE_FONT('continuous');
#15360 = STYLED_ITEM('color',(#15361),#2425);
#15361 = PRESENTATION_STYLE_ASSIGNMENT((#15362,#15367));
#15362 = SURFACE_STYLE_USAGE(.BOTH.,#15363);
#15363 = SURFACE_SIDE_STYLE('',(#15364));
#15364 = SURFACE_STYLE_FILL_AREA(#15365);
#15365 = FILL_AREA_STYLE('',(#15366));
#15366 = FILL_AREA_STYLE_COLOUR('',#14988);
#15367 = CURVE_STYLE('',#15368,POSITIVE_LENGTH_MEASURE(0.1),#14988);
#15368 = DRAUGHTING_PRE_DEFINED_CURVE_FONT('continuous');
#15369 = STYLED_ITEM('color',(#15370),#2455);
#15370 = PRESENTATION_STYLE_ASSIGNMENT((#15371,#15376));
#15371 = SURFACE_STYLE_USAGE(.BOTH.,#15372);
#15372 = SURFACE_SIDE_STYLE('',(#15373));
#15373 = SURFACE_STYLE_FILL_AREA(#15374);
#15374 = FILL_AREA_STYLE('',(#15375));
#15375 = FILL_AREA_STYLE_COLOUR('',#14988);
#15376 = CURVE_STYLE('',#15377,POSITIVE_LENGTH_MEASURE(0.1),#14988);
#15377 = DRAUGHTING_PRE_DEFINED_CURVE_FONT('continuous');
#15378 = STYLED_ITEM('color',(#15379),#2478);
#15379 = PRESENTATION_STYLE_ASSIGNMENT((#15380,#15385));
#15380 = SURFACE_STYLE_USAGE(.BOTH.,#15381);
#15381 = SURFACE_SIDE_STYLE('',(#15382));
#15382 = SURFACE_STYLE_FILL_AREA(#15383);
#15383 = FILL_AREA_STYLE('',(#15384));
#15384 = FILL_AREA_STYLE_COLOUR('',#14988);
#15385 = CURVE_STYLE('',#15386,POSITIVE_LENGTH_MEASURE(0.1),#14988);
#15386 = DRAUGHTING_PRE_DEFINED_CURVE_FONT('continuous');
#15387 = STYLED_ITEM('color',(#15388),#2501);
#15388 = PRESENTATION_STYLE_ASSIGNMENT((#15389,#15394));
#15389 = SURFACE_STYLE_USAGE(.BOTH.,#15390);
#15390 = SURFACE_SIDE_STYLE('',(#15391));
#15391 = SURFACE_STYLE_FILL_AREA(#15392);
#15392 = FILL_AREA_STYLE('',(#15393));
#15393 = FILL_AREA_STYLE_COLOUR('',#14988);
#15394 = CURVE_STYLE('',#15395,POSITIVE_LENGTH_MEASURE(0.1),#14988);
#15395 = DRAUGHTING_PRE_DEFINED_CURVE_FONT('continuous');
#15396 = STYLED_ITEM('color',(#15397),#2518);
#15397 = PRESENTATION_STYLE_ASSIGNMENT((#15398,#15403));
#15398 = SURFACE_STYLE_USAGE(.BOTH.,#15399);
#15399 = SURFACE_SIDE_STYLE('',(#15400));
#15400 = SURFACE_STYLE_FILL_AREA(#15401);
#15401 = FILL_AREA_STYLE('',(#15402));
#15402 = FILL_AREA_STYLE_COLOUR('',#14086);
#15403 = CURVE_STYLE('',#15404,POSITIVE_LENGTH_MEASURE(0.1),#14086);
#15404 = DRAUGHTING_PRE_DEFINED_CURVE_FONT('continuous');
#15405 = STYLED_ITEM('color',(#15406),#2563);
#15406 = PRESENTATION_STYLE_ASSIGNMENT((#15407,#15412));
#15407 = SURFACE_STYLE_USAGE(.BOTH.,#15408);
#15408 = SURFACE_SIDE_STYLE('',(#15409));
#15409 = SURFACE_STYLE_FILL_AREA(#15410);
#15410 = FILL_AREA_STYLE('',(#15411));
#15411 = FILL_AREA_STYLE_COLOUR('',#14988);
#15412 = CURVE_STYLE('',#15413,POSITIVE_LENGTH_MEASURE(0.1),#14988);
#15413 = DRAUGHTING_PRE_DEFINED_CURVE_FONT('continuous');
#15414 = STYLED_ITEM('color',(#15415),#2697);
#15415 = PRESENTATION_STYLE_ASSIGNMENT((#15416,#15421));
#15416 = SURFACE_STYLE_USAGE(.BOTH.,#15417);
#15417 = SURFACE_SIDE_STYLE('',(#15418));
#15418 = SURFACE_STYLE_FILL_AREA(#15419);
#15419 = FILL_AREA_STYLE('',(#15420));
#15420 = FILL_AREA_STYLE_COLOUR('',#14988);
#15421 = CURVE_STYLE('',#15422,POSITIVE_LENGTH_MEASURE(0.1),#14988);
#15422 = DRAUGHTING_PRE_DEFINED_CURVE_FONT('continuous');
#15423 = STYLED_ITEM('color',(#15424),#2720);
#15424 = PRESENTATION_STYLE_ASSIGNMENT((#15425,#15430));
#15425 = SURFACE_STYLE_USAGE(.BOTH.,#15426);
#15426 = SURFACE_SIDE_STYLE('',(#15427));
#15427 = SURFACE_STYLE_FILL_AREA(#15428);
#15428 = FILL_AREA_STYLE('',(#15429));
#15429 = FILL_AREA_STYLE_COLOUR('',#14988);
#15430 = CURVE_STYLE('',#15431,POSITIVE_LENGTH_MEASURE(0.1),#14988);
#15431 = DRAUGHTING_PRE_DEFINED_CURVE_FONT('continuous');
#15432 = STYLED_ITEM('color',(#15433),#2743);
#15433 = PRESENTATION_STYLE_ASSIGNMENT((#15434,#15439));
#15434 = SURFACE_STYLE_USAGE(.BOTH.,#15435);
#15435 = SURFACE_SIDE_STYLE('',(#15436));
#15436 = SURFACE_STYLE_FILL_AREA(#15437);
#15437 = FILL_AREA_STYLE('',(#15438));
#15438 = FILL_AREA_STYLE_COLOUR('',#14988);
#15439 = CURVE_STYLE('',#15440,POSITIVE_LENGTH_MEASURE(0.1),#14988);
#15440 = DRAUGHTING_PRE_DEFINED_CURVE_FONT('continuous');
#15441 = STYLED_ITEM('color',(#15442),#2766);
#15442 = PRESENTATION_STYLE_ASSIGNMENT((#15443,#15448));
#15443 = SURFACE_STYLE_USAGE(.BOTH.,#15444);
#15444 = SURFACE_SIDE_STYLE('',(#15445));
#15445 = SURFACE_STYLE_FILL_AREA(#15446);
#15446 = FILL_AREA_STYLE('',(#15447));
#15447 = FILL_AREA_STYLE_COLOUR('',#14988);
#15448 = CURVE_STYLE('',#15449,POSITIVE_LENGTH_MEASURE(0.1),#14988);
#15449 = DRAUGHTING_PRE_DEFINED_CURVE_FONT('continuous');
#15450 = STYLED_ITEM('color',(#15451),#2901);
#15451 = PRESENTATION_STYLE_ASSIGNMENT((#15452,#15457));
#15452 = SURFACE_STYLE_USAGE(.BOTH.,#15453);
#15453 = SURFACE_SIDE_STYLE('',(#15454));
#15454 = SURFACE_STYLE_FILL_AREA(#15455);
#15455 = FILL_AREA_STYLE('',(#15456));
#15456 = FILL_AREA_STYLE_COLOUR('',#14086);
#15457 = CURVE_STYLE('',#15458,POSITIVE_LENGTH_MEASURE(0.1),#14086);
#15458 = DRAUGHTING_PRE_DEFINED_CURVE_FONT('continuous');
#15459 = STYLED_ITEM('color',(#15460),#2939);
#15460 = PRESENTATION_STYLE_ASSIGNMENT((#15461,#15466));
#15461 = SURFACE_STYLE_USAGE(.BOTH.,#15462);
#15462 = SURFACE_SIDE_STYLE('',(#15463));
#15463 = SURFACE_STYLE_FILL_AREA(#15464);
#15464 = FILL_AREA_STYLE('',(#15465));
#15465 = FILL_AREA_STYLE_COLOUR('',#14988);
#15466 = CURVE_STYLE('',#15467,POSITIVE_LENGTH_MEASURE(0.1),#14988);
#15467 = DRAUGHTING_PRE_DEFINED_CURVE_FONT('continuous');
#15468 = STYLED_ITEM('color',(#15469),#2988);
#15469 = PRESENTATION_STYLE_ASSIGNMENT((#15470,#15475));
#15470 = SURFACE_STYLE_USAGE(.BOTH.,#15471);
#15471 = SURFACE_SIDE_STYLE('',(#15472));
#15472 = SURFACE_STYLE_FILL_AREA(#15473);
#15473 = FILL_AREA_STYLE('',(#15474));
#15474 = FILL_AREA_STYLE_COLOUR('',#14086);
#15475 = CURVE_STYLE('',#15476,POSITIVE_LENGTH_MEASURE(0.1),#14086);
#15476 = DRAUGHTING_PRE_DEFINED_CURVE_FONT('continuous');
#15477 = STYLED_ITEM('color',(#15478),#3080);
#15478 = PRESENTATION_STYLE_ASSIGNMENT((#15479,#15484));
#15479 = SURFACE_STYLE_USAGE(.BOTH.,#15480);
#15480 = SURFACE_SIDE_STYLE('',(#15481));
#15481 = SURFACE_STYLE_FILL_AREA(#15482);
#15482 = FILL_AREA_STYLE('',(#15483));
#15483 = FILL_AREA_STYLE_COLOUR('',#14086);
#15484 = CURVE_STYLE('',#15485,POSITIVE_LENGTH_MEASURE(0.1),#14086);
#15485 = DRAUGHTING_PRE_DEFINED_CURVE_FONT('continuous');
#15486 = STYLED_ITEM('color',(#15487),#3105);
#15487 = PRESENTATION_STYLE_ASSIGNMENT((#15488,#15493));
#15488 = SURFACE_STYLE_USAGE(.BOTH.,#15489);
#15489 = SURFACE_SIDE_STYLE('',(#15490));
#15490 = SURFACE_STYLE_FILL_AREA(#15491);
#15491 = FILL_AREA_STYLE('',(#15492));
#15492 = FILL_AREA_STYLE_COLOUR('',#14086);
#15493 = CURVE_STYLE('',#15494,POSITIVE_LENGTH_MEASURE(0.1),#14086);
#15494 = DRAUGHTING_PRE_DEFINED_CURVE_FONT('continuous');
#15495 = STYLED_ITEM('color',(#15496),#3189);
#15496 = PRESENTATION_STYLE_ASSIGNMENT((#15497,#15502));
#15497 = SURFACE_STYLE_USAGE(.BOTH.,#15498);
#15498 = SURFACE_SIDE_STYLE('',(#15499));
#15499 = SURFACE_STYLE_FILL_AREA(#15500);
#15500 = FILL_AREA_STYLE('',(#15501));
#15501 = FILL_AREA_STYLE_COLOUR('',#14988);
#15502 = CURVE_STYLE('',#15503,POSITIVE_LENGTH_MEASURE(0.1),#14988);
#15503 = DRAUGHTING_PRE_DEFINED_CURVE_FONT('continuous');
#15504 = STYLED_ITEM('color',(#15505),#3211);
#15505 = PRESENTATION_STYLE_ASSIGNMENT((#15506,#15511));
#15506 = SURFACE_STYLE_USAGE(.BOTH.,#15507);
#15507 = SURFACE_SIDE_STYLE('',(#15508));
#15508 = SURFACE_STYLE_FILL_AREA(#15509);
#15509 = FILL_AREA_STYLE('',(#15510));
#15510 = FILL_AREA_STYLE_COLOUR('',#14086);
#15511 = CURVE_STYLE('',#15512,POSITIVE_LENGTH_MEASURE(0.1),#14086);
#15512 = DRAUGHTING_PRE_DEFINED_CURVE_FONT('continuous');
#15513 = STYLED_ITEM('color',(#15514),#3303);
#15514 = PRESENTATION_STYLE_ASSIGNMENT((#15515,#15520));
#15515 = SURFACE_STYLE_USAGE(.BOTH.,#15516);
#15516 = SURFACE_SIDE_STYLE('',(#15517));
#15517 = SURFACE_STYLE_FILL_AREA(#15518);
#15518 = FILL_AREA_STYLE('',(#15519));
#15519 = FILL_AREA_STYLE_COLOUR('',#14086);
#15520 = CURVE_STYLE('',#15521,POSITIVE_LENGTH_MEASURE(0.1),#14086);
#15521 = DRAUGHTING_PRE_DEFINED_CURVE_FONT('continuous');
#15522 = STYLED_ITEM('color',(#15523),#3328);
#15523 = PRESENTATION_STYLE_ASSIGNMENT((#15524,#15529));
#15524 = SURFACE_STYLE_USAGE(.BOTH.,#15525);
#15525 = SURFACE_SIDE_STYLE('',(#15526));
#15526 = SURFACE_STYLE_FILL_AREA(#15527);
#15527 = FILL_AREA_STYLE('',(#15528));
#15528 = FILL_AREA_STYLE_COLOUR('',#14086);
#15529 = CURVE_STYLE('',#15530,POSITIVE_LENGTH_MEASURE(0.1),#14086);
#15530 = DRAUGHTING_PRE_DEFINED_CURVE_FONT('continuous');
#15531 = STYLED_ITEM('color',(#15532),#3412);
#15532 = PRESENTATION_STYLE_ASSIGNMENT((#15533,#15538));
#15533 = SURFACE_STYLE_USAGE(.BOTH.,#15534);
#15534 = SURFACE_SIDE_STYLE('',(#15535));
#15535 = SURFACE_STYLE_FILL_AREA(#15536);
#15536 = FILL_AREA_STYLE('',(#15537));
#15537 = FILL_AREA_STYLE_COLOUR('',#14988);
#15538 = CURVE_STYLE('',#15539,POSITIVE_LENGTH_MEASURE(0.1),#14988);
#15539 = DRAUGHTING_PRE_DEFINED_CURVE_FONT('continuous');
#15540 = STYLED_ITEM('color',(#15541),#3434);
#15541 = PRESENTATION_STYLE_ASSIGNMENT((#15542,#15547));
#15542 = SURFACE_STYLE_USAGE(.BOTH.,#15543);
#15543 = SURFACE_SIDE_STYLE('',(#15544));
#15544 = SURFACE_STYLE_FILL_AREA(#15545);
#15545 = FILL_AREA_STYLE('',(#15546));
#15546 = FILL_AREA_STYLE_COLOUR('',#14086);
#15547 = CURVE_STYLE('',#15548,POSITIVE_LENGTH_MEASURE(0.1),#14086);
#15548 = DRAUGHTING_PRE_DEFINED_CURVE_FONT('continuous');
#15549 = STYLED_ITEM('color',(#15550),#3526);
#15550 = PRESENTATION_STYLE_ASSIGNMENT((#15551,#15556));
#15551 = SURFACE_STYLE_USAGE(.BOTH.,#15552);
#15552 = SURFACE_SIDE_STYLE('',(#15553));
#15553 = SURFACE_STYLE_FILL_AREA(#15554);
#15554 = FILL_AREA_STYLE('',(#15555));
#15555 = FILL_AREA_STYLE_COLOUR('',#14086);
#15556 = CURVE_STYLE('',#15557,POSITIVE_LENGTH_MEASURE(0.1),#14086);
#15557 = DRAUGHTING_PRE_DEFINED_CURVE_FONT('continuous');
#15558 = STYLED_ITEM('color',(#15559),#3551);
#15559 = PRESENTATION_STYLE_ASSIGNMENT((#15560,#15565));
#15560 = SURFACE_STYLE_USAGE(.BOTH.,#15561);
#15561 = SURFACE_SIDE_STYLE('',(#15562));
#15562 = SURFACE_STYLE_FILL_AREA(#15563);
#15563 = FILL_AREA_STYLE('',(#15564));
#15564 = FILL_AREA_STYLE_COLOUR('',#14086);
#15565 = CURVE_STYLE('',#15566,POSITIVE_LENGTH_MEASURE(0.1),#14086);
#15566 = DRAUGHTING_PRE_DEFINED_CURVE_FONT('continuous');
#15567 = STYLED_ITEM('color',(#15568),#3635);
#15568 = PRESENTATION_STYLE_ASSIGNMENT((#15569,#15574));
#15569 = SURFACE_STYLE_USAGE(.BOTH.,#15570);
#15570 = SURFACE_SIDE_STYLE('',(#15571));
#15571 = SURFACE_STYLE_FILL_AREA(#15572);
#15572 = FILL_AREA_STYLE('',(#15573));
#15573 = FILL_AREA_STYLE_COLOUR('',#14988);
#15574 = CURVE_STYLE('',#15575,POSITIVE_LENGTH_MEASURE(0.1),#14988);
#15575 = DRAUGHTING_PRE_DEFINED_CURVE_FONT('continuous');
#15576 = STYLED_ITEM('color',(#15577),#3657);
#15577 = PRESENTATION_STYLE_ASSIGNMENT((#15578,#15583));
#15578 = SURFACE_STYLE_USAGE(.BOTH.,#15579);
#15579 = SURFACE_SIDE_STYLE('',(#15580));
#15580 = SURFACE_STYLE_FILL_AREA(#15581);
#15581 = FILL_AREA_STYLE('',(#15582));
#15582 = FILL_AREA_STYLE_COLOUR('',#14086);
#15583 = CURVE_STYLE('',#15584,POSITIVE_LENGTH_MEASURE(0.1),#14086);
#15584 = DRAUGHTING_PRE_DEFINED_CURVE_FONT('continuous');
#15585 = STYLED_ITEM('color',(#15586),#3749);
#15586 = PRESENTATION_STYLE_ASSIGNMENT((#15587,#15592));
#15587 = SURFACE_STYLE_USAGE(.BOTH.,#15588);
#15588 = SURFACE_SIDE_STYLE('',(#15589));
#15589 = SURFACE_STYLE_FILL_AREA(#15590);
#15590 = FILL_AREA_STYLE('',(#15591));
#15591 = FILL_AREA_STYLE_COLOUR('',#14086);
#15592 = CURVE_STYLE('',#15593,POSITIVE_LENGTH_MEASURE(0.1),#14086);
#15593 = DRAUGHTING_PRE_DEFINED_CURVE_FONT('continuous');
#15594 = STYLED_ITEM('color',(#15595),#3774);
#15595 = PRESENTATION_STYLE_ASSIGNMENT((#15596,#15601));
#15596 = SURFACE_STYLE_USAGE(.BOTH.,#15597);
#15597 = SURFACE_SIDE_STYLE('',(#15598));
#15598 = SURFACE_STYLE_FILL_AREA(#15599);
#15599 = FILL_AREA_STYLE('',(#15600));
#15600 = FILL_AREA_STYLE_COLOUR('',#14086);
#15601 = CURVE_STYLE('',#15602,POSITIVE_LENGTH_MEASURE(0.1),#14086);
#15602 = DRAUGHTING_PRE_DEFINED_CURVE_FONT('continuous');
#15603 = STYLED_ITEM('color',(#15604),#3858);
#15604 = PRESENTATION_STYLE_ASSIGNMENT((#15605,#15610));
#15605 = SURFACE_STYLE_USAGE(.BOTH.,#15606);
#15606 = SURFACE_SIDE_STYLE('',(#15607));
#15607 = SURFACE_STYLE_FILL_AREA(#15608);
#15608 = FILL_AREA_STYLE('',(#15609));
#15609 = FILL_AREA_STYLE_COLOUR('',#14988);
#15610 = CURVE_STYLE('',#15611,POSITIVE_LENGTH_MEASURE(0.1),#14988);
#15611 = DRAUGHTING_PRE_DEFINED_CURVE_FONT('continuous');
#15612 = STYLED_ITEM('color',(#15613),#3880);
#15613 = PRESENTATION_STYLE_ASSIGNMENT((#15614,#15619));
#15614 = SURFACE_STYLE_USAGE(.BOTH.,#15615);
#15615 = SURFACE_SIDE_STYLE('',(#15616));
#15616 = SURFACE_STYLE_FILL_AREA(#15617);
#15617 = FILL_AREA_STYLE('',(#15618));
#15618 = FILL_AREA_STYLE_COLOUR('',#14086);
#15619 = CURVE_STYLE('',#15620,POSITIVE_LENGTH_MEASURE(0.1),#14086);
#15620 = DRAUGHTING_PRE_DEFINED_CURVE_FONT('continuous');
#15621 = STYLED_ITEM('color',(#15622),#3972);
#15622 = PRESENTATION_STYLE_ASSIGNMENT((#15623,#15628));
#15623 = SURFACE_STYLE_USAGE(.BOTH.,#15624);
#15624 = SURFACE_SIDE_STYLE('',(#15625));
#15625 = SURFACE_STYLE_FILL_AREA(#15626);
#15626 = FILL_AREA_STYLE('',(#15627));
#15627 = FILL_AREA_STYLE_COLOUR('',#14086);
#15628 = CURVE_STYLE('',#15629,POSITIVE_LENGTH_MEASURE(0.1),#14086);
#15629 = DRAUGHTING_PRE_DEFINED_CURVE_FONT('continuous');
#15630 = STYLED_ITEM('color',(#15631),#3997);
#15631 = PRESENTATION_STYLE_ASSIGNMENT((#15632,#15637));
#15632 = SURFACE_STYLE_USAGE(.BOTH.,#15633);
#15633 = SURFACE_SIDE_STYLE('',(#15634));
#15634 = SURFACE_STYLE_FILL_AREA(#15635);
#15635 = FILL_AREA_STYLE('',(#15636));
#15636 = FILL_AREA_STYLE_COLOUR('',#14086);
#15637 = CURVE_STYLE('',#15638,POSITIVE_LENGTH_MEASURE(0.1),#14086);
#15638 = DRAUGHTING_PRE_DEFINED_CURVE_FONT('continuous');
#15639 = STYLED_ITEM('color',(#15640),#4081);
#15640 = PRESENTATION_STYLE_ASSIGNMENT((#15641,#15646));
#15641 = SURFACE_STYLE_USAGE(.BOTH.,#15642);
#15642 = SURFACE_SIDE_STYLE('',(#15643));
#15643 = SURFACE_STYLE_FILL_AREA(#15644);
#15644 = FILL_AREA_STYLE('',(#15645));
#15645 = FILL_AREA_STYLE_COLOUR('',#14988);
#15646 = CURVE_STYLE('',#15647,POSITIVE_LENGTH_MEASURE(0.1),#14988);
#15647 = DRAUGHTING_PRE_DEFINED_CURVE_FONT('continuous');
#15648 = STYLED_ITEM('color',(#15649),#4103);
#15649 = PRESENTATION_STYLE_ASSIGNMENT((#15650,#15655));
#15650 = SURFACE_STYLE_USAGE(.BOTH.,#15651);
#15651 = SURFACE_SIDE_STYLE('',(#15652));
#15652 = SURFACE_STYLE_FILL_AREA(#15653);
#15653 = FILL_AREA_STYLE('',(#15654));
#15654 = FILL_AREA_STYLE_COLOUR('',#14086);
#15655 = CURVE_STYLE('',#15656,POSITIVE_LENGTH_MEASURE(0.1),#14086);
#15656 = DRAUGHTING_PRE_DEFINED_CURVE_FONT('continuous');
#15657 = STYLED_ITEM('color',(#15658),#4195);
#15658 = PRESENTATION_STYLE_ASSIGNMENT((#15659,#15664));
#15659 = SURFACE_STYLE_USAGE(.BOTH.,#15660);
#15660 = SURFACE_SIDE_STYLE('',(#15661));
#15661 = SURFACE_STYLE_FILL_AREA(#15662);
#15662 = FILL_AREA_STYLE('',(#15663));
#15663 = FILL_AREA_STYLE_COLOUR('',#14086);
#15664 = CURVE_STYLE('',#15665,POSITIVE_LENGTH_MEASURE(0.1),#14086);
#15665 = DRAUGHTING_PRE_DEFINED_CURVE_FONT('continuous');
#15666 = STYLED_ITEM('color',(#15667),#4220);
#15667 = PRESENTATION_STYLE_ASSIGNMENT((#15668,#15673));
#15668 = SURFACE_STYLE_USAGE(.BOTH.,#15669);
#15669 = SURFACE_SIDE_STYLE('',(#15670));
#15670 = SURFACE_STYLE_FILL_AREA(#15671);
#15671 = FILL_AREA_STYLE('',(#15672));
#15672 = FILL_AREA_STYLE_COLOUR('',#14086);
#15673 = CURVE_STYLE('',#15674,POSITIVE_LENGTH_MEASURE(0.1),#14086);
#15674 = DRAUGHTING_PRE_DEFINED_CURVE_FONT('continuous');
#15675 = STYLED_ITEM('color',(#15676),#4304);
#15676 = PRESENTATION_STYLE_ASSIGNMENT((#15677,#15682));
#15677 = SURFACE_STYLE_USAGE(.BOTH.,#15678);
#15678 = SURFACE_SIDE_STYLE('',(#15679));
#15679 = SURFACE_STYLE_FILL_AREA(#15680);
#15680 = FILL_AREA_STYLE('',(#15681));
#15681 = FILL_AREA_STYLE_COLOUR('',#14988);
#15682 = CURVE_STYLE('',#15683,POSITIVE_LENGTH_MEASURE(0.1),#14988);
#15683 = DRAUGHTING_PRE_DEFINED_CURVE_FONT('continuous');
#15684 = STYLED_ITEM('color',(#15685),#4321);
#15685 = PRESENTATION_STYLE_ASSIGNMENT((#15686,#15691));
#15686 = SURFACE_STYLE_USAGE(.BOTH.,#15687);
#15687 = SURFACE_SIDE_STYLE('',(#15688));
#15688 = SURFACE_STYLE_FILL_AREA(#15689);
#15689 = FILL_AREA_STYLE('',(#15690));
#15690 = FILL_AREA_STYLE_COLOUR('',#14086);
#15691 = CURVE_STYLE('',#15692,POSITIVE_LENGTH_MEASURE(0.1),#14086);
#15692 = DRAUGHTING_PRE_DEFINED_CURVE_FONT('continuous');
#15693 = STYLED_ITEM('color',(#15694),#4406);
#15694 = PRESENTATION_STYLE_ASSIGNMENT((#15695,#15700));
#15695 = SURFACE_STYLE_USAGE(.BOTH.,#15696);
#15696 = SURFACE_SIDE_STYLE('',(#15697));
#15697 = SURFACE_STYLE_FILL_AREA(#15698);
#15698 = FILL_AREA_STYLE('',(#15699));
#15699 = FILL_AREA_STYLE_COLOUR('',#14086);
#15700 = CURVE_STYLE('',#15701,POSITIVE_LENGTH_MEASURE(0.1),#14086);
#15701 = DRAUGHTING_PRE_DEFINED_CURVE_FONT('continuous');
#15702 = STYLED_ITEM('color',(#15703),#4431);
#15703 = PRESENTATION_STYLE_ASSIGNMENT((#15704,#15709));
#15704 = SURFACE_STYLE_USAGE(.BOTH.,#15705);
#15705 = SURFACE_SIDE_STYLE('',(#15706));
#15706 = SURFACE_STYLE_FILL_AREA(#15707);
#15707 = FILL_AREA_STYLE('',(#15708));
#15708 = FILL_AREA_STYLE_COLOUR('',#14086);
#15709 = CURVE_STYLE('',#15710,POSITIVE_LENGTH_MEASURE(0.1),#14086);
#15710 = DRAUGHTING_PRE_DEFINED_CURVE_FONT('continuous');
#15711 = STYLED_ITEM('color',(#15712),#4508);
#15712 = PRESENTATION_STYLE_ASSIGNMENT((#15713,#15718));
#15713 = SURFACE_STYLE_USAGE(.BOTH.,#15714);
#15714 = SURFACE_SIDE_STYLE('',(#15715));
#15715 = SURFACE_STYLE_FILL_AREA(#15716);
#15716 = FILL_AREA_STYLE('',(#15717));
#15717 = FILL_AREA_STYLE_COLOUR('',#14086);
#15718 = CURVE_STYLE('',#15719,POSITIVE_LENGTH_MEASURE(0.1),#14086);
#15719 = DRAUGHTING_PRE_DEFINED_CURVE_FONT('continuous');
#15720 = STYLED_ITEM('color',(#15721),#4593);
#15721 = PRESENTATION_STYLE_ASSIGNMENT((#15722,#15727));
#15722 = SURFACE_STYLE_USAGE(.BOTH.,#15723);
#15723 = SURFACE_SIDE_STYLE('',(#15724));
#15724 = SURFACE_STYLE_FILL_AREA(#15725);
#15725 = FILL_AREA_STYLE('',(#15726));
#15726 = FILL_AREA_STYLE_COLOUR('',#14086);
#15727 = CURVE_STYLE('',#15728,POSITIVE_LENGTH_MEASURE(0.1),#14086);
#15728 = DRAUGHTING_PRE_DEFINED_CURVE_FONT('continuous');
#15729 = STYLED_ITEM('color',(#15730),#4618);
#15730 = PRESENTATION_STYLE_ASSIGNMENT((#15731,#15736));
#15731 = SURFACE_STYLE_USAGE(.BOTH.,#15732);
#15732 = SURFACE_SIDE_STYLE('',(#15733));
#15733 = SURFACE_STYLE_FILL_AREA(#15734);
#15734 = FILL_AREA_STYLE('',(#15735));
#15735 = FILL_AREA_STYLE_COLOUR('',#14086);
#15736 = CURVE_STYLE('',#15737,POSITIVE_LENGTH_MEASURE(0.1),#14086);
#15737 = DRAUGHTING_PRE_DEFINED_CURVE_FONT('continuous');
#15738 = STYLED_ITEM('color',(#15739),#4695);
#15739 = PRESENTATION_STYLE_ASSIGNMENT((#15740,#15745));
#15740 = SURFACE_STYLE_USAGE(.BOTH.,#15741);
#15741 = SURFACE_SIDE_STYLE('',(#15742));
#15742 = SURFACE_STYLE_FILL_AREA(#15743);
#15743 = FILL_AREA_STYLE('',(#15744));
#15744 = FILL_AREA_STYLE_COLOUR('',#14988);
#15745 = CURVE_STYLE('',#15746,POSITIVE_LENGTH_MEASURE(0.1),#14988);
#15746 = DRAUGHTING_PRE_DEFINED_CURVE_FONT('continuous');
#15747 = STYLED_ITEM('color',(#15748),#4712);
#15748 = PRESENTATION_STYLE_ASSIGNMENT((#15749,#15754));
#15749 = SURFACE_STYLE_USAGE(.BOTH.,#15750);
#15750 = SURFACE_SIDE_STYLE('',(#15751));
#15751 = SURFACE_STYLE_FILL_AREA(#15752);
#15752 = FILL_AREA_STYLE('',(#15753));
#15753 = FILL_AREA_STYLE_COLOUR('',#14086);
#15754 = CURVE_STYLE('',#15755,POSITIVE_LENGTH_MEASURE(0.1),#14086);
#15755 = DRAUGHTING_PRE_DEFINED_CURVE_FONT('continuous');
#15756 = STYLED_ITEM('color',(#15757),#4804);
#15757 = PRESENTATION_STYLE_ASSIGNMENT((#15758,#15763));
#15758 = SURFACE_STYLE_USAGE(.BOTH.,#15759);
#15759 = SURFACE_SIDE_STYLE('',(#15760));
#15760 = SURFACE_STYLE_FILL_AREA(#15761);
#15761 = FILL_AREA_STYLE('',(#15762));
#15762 = FILL_AREA_STYLE_COLOUR('',#14086);
#15763 = CURVE_STYLE('',#15764,POSITIVE_LENGTH_MEASURE(0.1),#14086);
#15764 = DRAUGHTING_PRE_DEFINED_CURVE_FONT('continuous');
#15765 = STYLED_ITEM('color',(#15766),#4829);
#15766 = PRESENTATION_STYLE_ASSIGNMENT((#15767,#15772));
#15767 = SURFACE_STYLE_USAGE(.BOTH.,#15768);
#15768 = SURFACE_SIDE_STYLE('',(#15769));
#15769 = SURFACE_STYLE_FILL_AREA(#15770);
#15770 = FILL_AREA_STYLE('',(#15771));
#15771 = FILL_AREA_STYLE_COLOUR('',#14086);
#15772 = CURVE_STYLE('',#15773,POSITIVE_LENGTH_MEASURE(0.1),#14086);
#15773 = DRAUGHTING_PRE_DEFINED_CURVE_FONT('continuous');
#15774 = STYLED_ITEM('color',(#15775),#4913);
#15775 = PRESENTATION_STYLE_ASSIGNMENT((#15776,#15781));
#15776 = SURFACE_STYLE_USAGE(.BOTH.,#15777);
#15777 = SURFACE_SIDE_STYLE('',(#15778));
#15778 = SURFACE_STYLE_FILL_AREA(#15779);
#15779 = FILL_AREA_STYLE('',(#15780));
#15780 = FILL_AREA_STYLE_COLOUR('',#14988);
#15781 = CURVE_STYLE('',#15782,POSITIVE_LENGTH_MEASURE(0.1),#14988);
#15782 = DRAUGHTING_PRE_DEFINED_CURVE_FONT('continuous');
#15783 = STYLED_ITEM('color',(#15784),#4935);
#15784 = PRESENTATION_STYLE_ASSIGNMENT((#15785,#15790));
#15785 = SURFACE_STYLE_USAGE(.BOTH.,#15786);
#15786 = SURFACE_SIDE_STYLE('',(#15787));
#15787 = SURFACE_STYLE_FILL_AREA(#15788);
#15788 = FILL_AREA_STYLE('',(#15789));
#15789 = FILL_AREA_STYLE_COLOUR('',#14086);
#15790 = CURVE_STYLE('',#15791,POSITIVE_LENGTH_MEASURE(0.1),#14086);
#15791 = DRAUGHTING_PRE_DEFINED_CURVE_FONT('continuous');
#15792 = STYLED_ITEM('color',(#15793),#5027);
#15793 = PRESENTATION_STYLE_ASSIGNMENT((#15794,#15799));
#15794 = SURFACE_STYLE_USAGE(.BOTH.,#15795);
#15795 = SURFACE_SIDE_STYLE('',(#15796));
#15796 = SURFACE_STYLE_FILL_AREA(#15797);
#15797 = FILL_AREA_STYLE('',(#15798));
#15798 = FILL_AREA_STYLE_COLOUR('',#14086);
#15799 = CURVE_STYLE('',#15800,POSITIVE_LENGTH_MEASURE(0.1),#14086);
#15800 = DRAUGHTING_PRE_DEFINED_CURVE_FONT('continuous');
#15801 = STYLED_ITEM('color',(#15802),#5052);
#15802 = PRESENTATION_STYLE_ASSIGNMENT((#15803,#15808));
#15803 = SURFACE_STYLE_USAGE(.BOTH.,#15804);
#15804 = SURFACE_SIDE_STYLE('',(#15805));
#15805 = SURFACE_STYLE_FILL_AREA(#15806);
#15806 = FILL_AREA_STYLE('',(#15807));
#15807 = FILL_AREA_STYLE_COLOUR('',#14086);
#15808 = CURVE_STYLE('',#15809,POSITIVE_LENGTH_MEASURE(0.1),#14086);
#15809 = DRAUGHTING_PRE_DEFINED_CURVE_FONT('continuous');
#15810 = STYLED_ITEM('color',(#15811),#5136);
#15811 = PRESENTATION_STYLE_ASSIGNMENT((#15812,#15817));
#15812 = SURFACE_STYLE_USAGE(.BOTH.,#15813);
#15813 = SURFACE_SIDE_STYLE('',(#15814));
#15814 = SURFACE_STYLE_FILL_AREA(#15815);
#15815 = FILL_AREA_STYLE('',(#15816));
#15816 = FILL_AREA_STYLE_COLOUR('',#14988);
#15817 = CURVE_STYLE('',#15818,POSITIVE_LENGTH_MEASURE(0.1),#14988);
#15818 = DRAUGHTING_PRE_DEFINED_CURVE_FONT('continuous');
#15819 = STYLED_ITEM('color',(#15820),#5158);
#15820 = PRESENTATION_STYLE_ASSIGNMENT((#15821,#15826));
#15821 = SURFACE_STYLE_USAGE(.BOTH.,#15822);
#15822 = SURFACE_SIDE_STYLE('',(#15823));
#15823 = SURFACE_STYLE_FILL_AREA(#15824);
#15824 = FILL_AREA_STYLE('',(#15825));
#15825 = FILL_AREA_STYLE_COLOUR('',#14086);
#15826 = CURVE_STYLE('',#15827,POSITIVE_LENGTH_MEASURE(0.1),#14086);
#15827 = DRAUGHTING_PRE_DEFINED_CURVE_FONT('continuous');
#15828 = STYLED_ITEM('color',(#15829),#5250);
#15829 = PRESENTATION_STYLE_ASSIGNMENT((#15830,#15835));
#15830 = SURFACE_STYLE_USAGE(.BOTH.,#15831);
#15831 = SURFACE_SIDE_STYLE('',(#15832));
#15832 = SURFACE_STYLE_FILL_AREA(#15833);
#15833 = FILL_AREA_STYLE('',(#15834));
#15834 = FILL_AREA_STYLE_COLOUR('',#14086);
#15835 = CURVE_STYLE('',#15836,POSITIVE_LENGTH_MEASURE(0.1),#14086);
#15836 = DRAUGHTING_PRE_DEFINED_CURVE_FONT('continuous');
#15837 = STYLED_ITEM('color',(#15838),#5275);
#15838 = PRESENTATION_STYLE_ASSIGNMENT((#15839,#15844));
#15839 = SURFACE_STYLE_USAGE(.BOTH.,#15840);
#15840 = SURFACE_SIDE_STYLE('',(#15841));
#15841 = SURFACE_STYLE_FILL_AREA(#15842);
#15842 = FILL_AREA_STYLE('',(#15843));
#15843 = FILL_AREA_STYLE_COLOUR('',#14086);
#15844 = CURVE_STYLE('',#15845,POSITIVE_LENGTH_MEASURE(0.1),#14086);
#15845 = DRAUGHTING_PRE_DEFINED_CURVE_FONT('continuous');
#15846 = STYLED_ITEM('color',(#15847),#5359);
#15847 = PRESENTATION_STYLE_ASSIGNMENT((#15848,#15853));
#15848 = SURFACE_STYLE_USAGE(.BOTH.,#15849);
#15849 = SURFACE_SIDE_STYLE('',(#15850));
#15850 = SURFACE_STYLE_FILL_AREA(#15851);
#15851 = FILL_AREA_STYLE('',(#15852));
#15852 = FILL_AREA_STYLE_COLOUR('',#14988);
#15853 = CURVE_STYLE('',#15854,POSITIVE_LENGTH_MEASURE(0.1),#14988);
#15854 = DRAUGHTING_PRE_DEFINED_CURVE_FONT('continuous');
#15855 = STYLED_ITEM('color',(#15856),#5381);
#15856 = PRESENTATION_STYLE_ASSIGNMENT((#15857,#15862));
#15857 = SURFACE_STYLE_USAGE(.BOTH.,#15858);
#15858 = SURFACE_SIDE_STYLE('',(#15859));
#15859 = SURFACE_STYLE_FILL_AREA(#15860);
#15860 = FILL_AREA_STYLE('',(#15861));
#15861 = FILL_AREA_STYLE_COLOUR('',#14086);
#15862 = CURVE_STYLE('',#15863,POSITIVE_LENGTH_MEASURE(0.1),#14086);
#15863 = DRAUGHTING_PRE_DEFINED_CURVE_FONT('continuous');
#15864 = STYLED_ITEM('color',(#15865),#5473);
#15865 = PRESENTATION_STYLE_ASSIGNMENT((#15866,#15871));
#15866 = SURFACE_STYLE_USAGE(.BOTH.,#15867);
#15867 = SURFACE_SIDE_STYLE('',(#15868));
#15868 = SURFACE_STYLE_FILL_AREA(#15869);
#15869 = FILL_AREA_STYLE('',(#15870));
#15870 = FILL_AREA_STYLE_COLOUR('',#14086);
#15871 = CURVE_STYLE('',#15872,POSITIVE_LENGTH_MEASURE(0.1),#14086);
#15872 = DRAUGHTING_PRE_DEFINED_CURVE_FONT('continuous');
#15873 = STYLED_ITEM('color',(#15874),#5498);
#15874 = PRESENTATION_STYLE_ASSIGNMENT((#15875,#15880));
#15875 = SURFACE_STYLE_USAGE(.BOTH.,#15876);
#15876 = SURFACE_SIDE_STYLE('',(#15877));
#15877 = SURFACE_STYLE_FILL_AREA(#15878);
#15878 = FILL_AREA_STYLE('',(#15879));
#15879 = FILL_AREA_STYLE_COLOUR('',#14086);
#15880 = CURVE_STYLE('',#15881,POSITIVE_LENGTH_MEASURE(0.1),#14086);
#15881 = DRAUGHTING_PRE_DEFINED_CURVE_FONT('continuous');
#15882 = STYLED_ITEM('color',(#15883),#5582);
#15883 = PRESENTATION_STYLE_ASSIGNMENT((#15884,#15889));
#15884 = SURFACE_STYLE_USAGE(.BOTH.,#15885);
#15885 = SURFACE_SIDE_STYLE('',(#15886));
#15886 = SURFACE_STYLE_FILL_AREA(#15887);
#15887 = FILL_AREA_STYLE('',(#15888));
#15888 = FILL_AREA_STYLE_COLOUR('',#14988);
#15889 = CURVE_STYLE('',#15890,POSITIVE_LENGTH_MEASURE(0.1),#14988);
#15890 = DRAUGHTING_PRE_DEFINED_CURVE_FONT('continuous');
#15891 = STYLED_ITEM('color',(#15892),#5604);
#15892 = PRESENTATION_STYLE_ASSIGNMENT((#15893,#15898));
#15893 = SURFACE_STYLE_USAGE(.BOTH.,#15894);
#15894 = SURFACE_SIDE_STYLE('',(#15895));
#15895 = SURFACE_STYLE_FILL_AREA(#15896);
#15896 = FILL_AREA_STYLE('',(#15897));
#15897 = FILL_AREA_STYLE_COLOUR('',#14086);
#15898 = CURVE_STYLE('',#15899,POSITIVE_LENGTH_MEASURE(0.1),#14086);
#15899 = DRAUGHTING_PRE_DEFINED_CURVE_FONT('continuous');
#15900 = STYLED_ITEM('color',(#15901),#5696);
#15901 = PRESENTATION_STYLE_ASSIGNMENT((#15902,#15907));
#15902 = SURFACE_STYLE_USAGE(.BOTH.,#15903);
#15903 = SURFACE_SIDE_STYLE('',(#15904));
#15904 = SURFACE_STYLE_FILL_AREA(#15905);
#15905 = FILL_AREA_STYLE('',(#15906));
#15906 = FILL_AREA_STYLE_COLOUR('',#14086);
#15907 = CURVE_STYLE('',#15908,POSITIVE_LENGTH_MEASURE(0.1),#14086);
#15908 = DRAUGHTING_PRE_DEFINED_CURVE_FONT('continuous');
#15909 = STYLED_ITEM('color',(#15910),#5721);
#15910 = PRESENTATION_STYLE_ASSIGNMENT((#15911,#15916));
#15911 = SURFACE_STYLE_USAGE(.BOTH.,#15912);
#15912 = SURFACE_SIDE_STYLE('',(#15913));
#15913 = SURFACE_STYLE_FILL_AREA(#15914);
#15914 = FILL_AREA_STYLE('',(#15915));
#15915 = FILL_AREA_STYLE_COLOUR('',#14086);
#15916 = CURVE_STYLE('',#15917,POSITIVE_LENGTH_MEASURE(0.1),#14086);
#15917 = DRAUGHTING_PRE_DEFINED_CURVE_FONT('continuous');
#15918 = STYLED_ITEM('color',(#15919),#5805);
#15919 = PRESENTATION_STYLE_ASSIGNMENT((#15920,#15925));
#15920 = SURFACE_STYLE_USAGE(.BOTH.,#15921);
#15921 = SURFACE_SIDE_STYLE('',(#15922));
#15922 = SURFACE_STYLE_FILL_AREA(#15923);
#15923 = FILL_AREA_STYLE('',(#15924));
#15924 = FILL_AREA_STYLE_COLOUR('',#14988);
#15925 = CURVE_STYLE('',#15926,POSITIVE_LENGTH_MEASURE(0.1),#14988);
#15926 = DRAUGHTING_PRE_DEFINED_CURVE_FONT('continuous');
#15927 = STYLED_ITEM('color',(#15928),#5827);
#15928 = PRESENTATION_STYLE_ASSIGNMENT((#15929,#15934));
#15929 = SURFACE_STYLE_USAGE(.BOTH.,#15930);
#15930 = SURFACE_SIDE_STYLE('',(#15931));
#15931 = SURFACE_STYLE_FILL_AREA(#15932);
#15932 = FILL_AREA_STYLE('',(#15933));
#15933 = FILL_AREA_STYLE_COLOUR('',#14086);
#15934 = CURVE_STYLE('',#15935,POSITIVE_LENGTH_MEASURE(0.1),#14086);
#15935 = DRAUGHTING_PRE_DEFINED_CURVE_FONT('continuous');
#15936 = STYLED_ITEM('color',(#15937),#5919);
#15937 = PRESENTATION_STYLE_ASSIGNMENT((#15938,#15943));
#15938 = SURFACE_STYLE_USAGE(.BOTH.,#15939);
#15939 = SURFACE_SIDE_STYLE('',(#15940));
#15940 = SURFACE_STYLE_FILL_AREA(#15941);
#15941 = FILL_AREA_STYLE('',(#15942));
#15942 = FILL_AREA_STYLE_COLOUR('',#14086);
#15943 = CURVE_STYLE('',#15944,POSITIVE_LENGTH_MEASURE(0.1),#14086);
#15944 = DRAUGHTING_PRE_DEFINED_CURVE_FONT('continuous');
#15945 = STYLED_ITEM('color',(#15946),#5944);
#15946 = PRESENTATION_STYLE_ASSIGNMENT((#15947,#15952));
#15947 = SURFACE_STYLE_USAGE(.BOTH.,#15948);
#15948 = SURFACE_SIDE_STYLE('',(#15949));
#15949 = SURFACE_STYLE_FILL_AREA(#15950);
#15950 = FILL_AREA_STYLE('',(#15951));
#15951 = FILL_AREA_STYLE_COLOUR('',#14086);
#15952 = CURVE_STYLE('',#15953,POSITIVE_LENGTH_MEASURE(0.1),#14086);
#15953 = DRAUGHTING_PRE_DEFINED_CURVE_FONT('continuous');
#15954 = STYLED_ITEM('color',(#15955),#6028);
#15955 = PRESENTATION_STYLE_ASSIGNMENT((#15956,#15961));
#15956 = SURFACE_STYLE_USAGE(.BOTH.,#15957);
#15957 = SURFACE_SIDE_STYLE('',(#15958));
#15958 = SURFACE_STYLE_FILL_AREA(#15959);
#15959 = FILL_AREA_STYLE('',(#15960));
#15960 = FILL_AREA_STYLE_COLOUR('',#14086);
#15961 = CURVE_STYLE('',#15962,POSITIVE_LENGTH_MEASURE(0.1),#14086);
#15962 = DRAUGHTING_PRE_DEFINED_CURVE_FONT('continuous');
#15963 = STYLED_ITEM('color',(#15964),#6045);
#15964 = PRESENTATION_STYLE_ASSIGNMENT((#15965,#15970));
#15965 = SURFACE_STYLE_USAGE(.BOTH.,#15966);
#15966 = SURFACE_SIDE_STYLE('',(#15967));
#15967 = SURFACE_STYLE_FILL_AREA(#15968);
#15968 = FILL_AREA_STYLE('',(#15969));
#15969 = FILL_AREA_STYLE_COLOUR('',#14086);
#15970 = CURVE_STYLE('',#15971,POSITIVE_LENGTH_MEASURE(0.1),#14086);
#15971 = DRAUGHTING_PRE_DEFINED_CURVE_FONT('continuous');
#15972 = STYLED_ITEM('color',(#15973),#6064);
#15973 = PRESENTATION_STYLE_ASSIGNMENT((#15974,#15979));
#15974 = SURFACE_STYLE_USAGE(.BOTH.,#15975);
#15975 = SURFACE_SIDE_STYLE('',(#15976));
#15976 = SURFACE_STYLE_FILL_AREA(#15977);
#15977 = FILL_AREA_STYLE('',(#15978));
#15978 = FILL_AREA_STYLE_COLOUR('',#14086);
#15979 = CURVE_STYLE('',#15980,POSITIVE_LENGTH_MEASURE(0.1),#14086);
#15980 = DRAUGHTING_PRE_DEFINED_CURVE_FONT('continuous');
#15981 = STYLED_ITEM('color',(#15982),#6083);
#15982 = PRESENTATION_STYLE_ASSIGNMENT((#15983,#15988));
#15983 = SURFACE_STYLE_USAGE(.BOTH.,#15984);
#15984 = SURFACE_SIDE_STYLE('',(#15985));
#15985 = SURFACE_STYLE_FILL_AREA(#15986);
#15986 = FILL_AREA_STYLE('',(#15987));
#15987 = FILL_AREA_STYLE_COLOUR('',#14086);
#15988 = CURVE_STYLE('',#15989,POSITIVE_LENGTH_MEASURE(0.1),#14086);
#15989 = DRAUGHTING_PRE_DEFINED_CURVE_FONT('continuous');
#15990 = STYLED_ITEM('color',(#15991),#6102);
#15991 = PRESENTATION_STYLE_ASSIGNMENT((#15992,#15997));
#15992 = SURFACE_STYLE_USAGE(.BOTH.,#15993);
#15993 = SURFACE_SIDE_STYLE('',(#15994));
#15994 = SURFACE_STYLE_FILL_AREA(#15995);
#15995 = FILL_AREA_STYLE('',(#15996));
#15996 = FILL_AREA_STYLE_COLOUR('',#14086);
#15997 = CURVE_STYLE('',#15998,POSITIVE_LENGTH_MEASURE(0.1),#14086);
#15998 = DRAUGHTING_PRE_DEFINED_CURVE_FONT('continuous');
#15999 = STYLED_ITEM('color',(#16000),#6121);
#16000 = PRESENTATION_STYLE_ASSIGNMENT((#16001,#16006));
#16001 = SURFACE_STYLE_USAGE(.BOTH.,#16002);
#16002 = SURFACE_SIDE_STYLE('',(#16003));
#16003 = SURFACE_STYLE_FILL_AREA(#16004);
#16004 = FILL_AREA_STYLE('',(#16005));
#16005 = FILL_AREA_STYLE_COLOUR('',#14086);
#16006 = CURVE_STYLE('',#16007,POSITIVE_LENGTH_MEASURE(0.1),#14086);
#16007 = DRAUGHTING_PRE_DEFINED_CURVE_FONT('continuous');
#16008 = STYLED_ITEM('color',(#16009),#6140);
#16009 = PRESENTATION_STYLE_ASSIGNMENT((#16010,#16015));
#16010 = SURFACE_STYLE_USAGE(.BOTH.,#16011);
#16011 = SURFACE_SIDE_STYLE('',(#16012));
#16012 = SURFACE_STYLE_FILL_AREA(#16013);
#16013 = FILL_AREA_STYLE('',(#16014));
#16014 = FILL_AREA_STYLE_COLOUR('',#14086);
#16015 = CURVE_STYLE('',#16016,POSITIVE_LENGTH_MEASURE(0.1),#14086);
#16016 = DRAUGHTING_PRE_DEFINED_CURVE_FONT('continuous');
#16017 = STYLED_ITEM('color',(#16018),#6159);
#16018 = PRESENTATION_STYLE_ASSIGNMENT((#16019,#16024));
#16019 = SURFACE_STYLE_USAGE(.BOTH.,#16020);
#16020 = SURFACE_SIDE_STYLE('',(#16021));
#16021 = SURFACE_STYLE_FILL_AREA(#16022);
#16022 = FILL_AREA_STYLE('',(#16023));
#16023 = FILL_AREA_STYLE_COLOUR('',#14988);
#16024 = CURVE_STYLE('',#16025,POSITIVE_LENGTH_MEASURE(0.1),#14988);
#16025 = DRAUGHTING_PRE_DEFINED_CURVE_FONT('continuous');
#16026 = STYLED_ITEM('color',(#16027),#6205);
#16027 = PRESENTATION_STYLE_ASSIGNMENT((#16028,#16033));
#16028 = SURFACE_STYLE_USAGE(.BOTH.,#16029);
#16029 = SURFACE_SIDE_STYLE('',(#16030));
#16030 = SURFACE_STYLE_FILL_AREA(#16031);
#16031 = FILL_AREA_STYLE('',(#16032));
#16032 = FILL_AREA_STYLE_COLOUR('',#14988);
#16033 = CURVE_STYLE('',#16034,POSITIVE_LENGTH_MEASURE(0.1),#14988);
#16034 = DRAUGHTING_PRE_DEFINED_CURVE_FONT('continuous');
#16035 = STYLED_ITEM('color',(#16036),#6221);
#16036 = PRESENTATION_STYLE_ASSIGNMENT((#16037,#16042));
#16037 = SURFACE_STYLE_USAGE(.BOTH.,#16038);
#16038 = SURFACE_SIDE_STYLE('',(#16039));
#16039 = SURFACE_STYLE_FILL_AREA(#16040);
#16040 = FILL_AREA_STYLE('',(#16041));
#16041 = FILL_AREA_STYLE_COLOUR('',#14086);
#16042 = CURVE_STYLE('',#16043,POSITIVE_LENGTH_MEASURE(0.1),#14086);
#16043 = DRAUGHTING_PRE_DEFINED_CURVE_FONT('continuous');
#16044 = STYLED_ITEM('color',(#16045),#6240);
#16045 = PRESENTATION_STYLE_ASSIGNMENT((#16046,#16051));
#16046 = SURFACE_STYLE_USAGE(.BOTH.,#16047);
#16047 = SURFACE_SIDE_STYLE('',(#16048));
#16048 = SURFACE_STYLE_FILL_AREA(#16049);
#16049 = FILL_AREA_STYLE('',(#16050));
#16050 = FILL_AREA_STYLE_COLOUR('',#14086);
#16051 = CURVE_STYLE('',#16052,POSITIVE_LENGTH_MEASURE(0.1),#14086);
#16052 = DRAUGHTING_PRE_DEFINED_CURVE_FONT('continuous');
#16053 = STYLED_ITEM('color',(#16054),#6259);
#16054 = PRESENTATION_STYLE_ASSIGNMENT((#16055,#16060));
#16055 = SURFACE_STYLE_USAGE(.BOTH.,#16056);
#16056 = SURFACE_SIDE_STYLE('',(#16057));
#16057 = SURFACE_STYLE_FILL_AREA(#16058);
#16058 = FILL_AREA_STYLE('',(#16059));
#16059 = FILL_AREA_STYLE_COLOUR('',#14086);
#16060 = CURVE_STYLE('',#16061,POSITIVE_LENGTH_MEASURE(0.1),#14086);
#16061 = DRAUGHTING_PRE_DEFINED_CURVE_FONT('continuous');
#16062 = STYLED_ITEM('color',(#16063),#6278);
#16063 = PRESENTATION_STYLE_ASSIGNMENT((#16064,#16069));
#16064 = SURFACE_STYLE_USAGE(.BOTH.,#16065);
#16065 = SURFACE_SIDE_STYLE('',(#16066));
#16066 = SURFACE_STYLE_FILL_AREA(#16067);
#16067 = FILL_AREA_STYLE('',(#16068));
#16068 = FILL_AREA_STYLE_COLOUR('',#14086);
#16069 = CURVE_STYLE('',#16070,POSITIVE_LENGTH_MEASURE(0.1),#14086);
#16070 = DRAUGHTING_PRE_DEFINED_CURVE_FONT('continuous');
#16071 = STYLED_ITEM('color',(#16072),#6297);
#16072 = PRESENTATION_STYLE_ASSIGNMENT((#16073,#16078));
#16073 = SURFACE_STYLE_USAGE(.BOTH.,#16074);
#16074 = SURFACE_SIDE_STYLE('',(#16075));
#16075 = SURFACE_STYLE_FILL_AREA(#16076);
#16076 = FILL_AREA_STYLE('',(#16077));
#16077 = FILL_AREA_STYLE_COLOUR('',#14086);
#16078 = CURVE_STYLE('',#16079,POSITIVE_LENGTH_MEASURE(0.1),#14086);
#16079 = DRAUGHTING_PRE_DEFINED_CURVE_FONT('continuous');
#16080 = STYLED_ITEM('color',(#16081),#6316);
#16081 = PRESENTATION_STYLE_ASSIGNMENT((#16082,#16087));
#16082 = SURFACE_STYLE_USAGE(.BOTH.,#16083);
#16083 = SURFACE_SIDE_STYLE('',(#16084));
#16084 = SURFACE_STYLE_FILL_AREA(#16085);
#16085 = FILL_AREA_STYLE('',(#16086));
#16086 = FILL_AREA_STYLE_COLOUR('',#14086);
#16087 = CURVE_STYLE('',#16088,POSITIVE_LENGTH_MEASURE(0.1),#14086);
#16088 = DRAUGHTING_PRE_DEFINED_CURVE_FONT('continuous');
#16089 = STYLED_ITEM('color',(#16090),#6335);
#16090 = PRESENTATION_STYLE_ASSIGNMENT((#16091,#16096));
#16091 = SURFACE_STYLE_USAGE(.BOTH.,#16092);
#16092 = SURFACE_SIDE_STYLE('',(#16093));
#16093 = SURFACE_STYLE_FILL_AREA(#16094);
#16094 = FILL_AREA_STYLE('',(#16095));
#16095 = FILL_AREA_STYLE_COLOUR('',#14988);
#16096 = CURVE_STYLE('',#16097,POSITIVE_LENGTH_MEASURE(0.1),#14988);
#16097 = DRAUGHTING_PRE_DEFINED_CURVE_FONT('continuous');
#16098 = STYLED_ITEM('color',(#16099),#6351);
#16099 = PRESENTATION_STYLE_ASSIGNMENT((#16100,#16105));
#16100 = SURFACE_STYLE_USAGE(.BOTH.,#16101);
#16101 = SURFACE_SIDE_STYLE('',(#16102));
#16102 = SURFACE_STYLE_FILL_AREA(#16103);
#16103 = FILL_AREA_STYLE('',(#16104));
#16104 = FILL_AREA_STYLE_COLOUR('',#14086);
#16105 = CURVE_STYLE('',#16106,POSITIVE_LENGTH_MEASURE(0.1),#14086);
#16106 = DRAUGHTING_PRE_DEFINED_CURVE_FONT('continuous');
#16107 = STYLED_ITEM('color',(#16108),#6368);
#16108 = PRESENTATION_STYLE_ASSIGNMENT((#16109,#16114));
#16109 = SURFACE_STYLE_USAGE(.BOTH.,#16110);
#16110 = SURFACE_SIDE_STYLE('',(#16111));
#16111 = SURFACE_STYLE_FILL_AREA(#16112);
#16112 = FILL_AREA_STYLE('',(#16113));
#16113 = FILL_AREA_STYLE_COLOUR('',#14988);
#16114 = CURVE_STYLE('',#16115,POSITIVE_LENGTH_MEASURE(0.1),#14988);
#16115 = DRAUGHTING_PRE_DEFINED_CURVE_FONT('continuous');
#16116 = STYLED_ITEM('color',(#16117),#6380);
#16117 = PRESENTATION_STYLE_ASSIGNMENT((#16118,#16123));
#16118 = SURFACE_STYLE_USAGE(.BOTH.,#16119);
#16119 = SURFACE_SIDE_STYLE('',(#16120));
#16120 = SURFACE_STYLE_FILL_AREA(#16121);
#16121 = FILL_AREA_STYLE('',(#16122));
#16122 = FILL_AREA_STYLE_COLOUR('',#14086);
#16123 = CURVE_STYLE('',#16124,POSITIVE_LENGTH_MEASURE(0.1),#14086);
#16124 = DRAUGHTING_PRE_DEFINED_CURVE_FONT('continuous');
#16125 = STYLED_ITEM('color',(#16126),#6397);
#16126 = PRESENTATION_STYLE_ASSIGNMENT((#16127,#16132));
#16127 = SURFACE_STYLE_USAGE(.BOTH.,#16128);
#16128 = SURFACE_SIDE_STYLE('',(#16129));
#16129 = SURFACE_STYLE_FILL_AREA(#16130);
#16130 = FILL_AREA_STYLE('',(#16131));
#16131 = FILL_AREA_STYLE_COLOUR('',#14086);
#16132 = CURVE_STYLE('',#16133,POSITIVE_LENGTH_MEASURE(0.1),#14086);
#16133 = DRAUGHTING_PRE_DEFINED_CURVE_FONT('continuous');
#16134 = STYLED_ITEM('color',(#16135),#6414);
#16135 = PRESENTATION_STYLE_ASSIGNMENT((#16136,#16141));
#16136 = SURFACE_STYLE_USAGE(.BOTH.,#16137);
#16137 = SURFACE_SIDE_STYLE('',(#16138));
#16138 = SURFACE_STYLE_FILL_AREA(#16139);
#16139 = FILL_AREA_STYLE('',(#16140));
#16140 = FILL_AREA_STYLE_COLOUR('',#14086);
#16141 = CURVE_STYLE('',#16142,POSITIVE_LENGTH_MEASURE(0.1),#14086);
#16142 = DRAUGHTING_PRE_DEFINED_CURVE_FONT('continuous');
#16143 = STYLED_ITEM('color',(#16144),#6431);
#16144 = PRESENTATION_STYLE_ASSIGNMENT((#16145,#16150));
#16145 = SURFACE_STYLE_USAGE(.BOTH.,#16146);
#16146 = SURFACE_SIDE_STYLE('',(#16147));
#16147 = SURFACE_STYLE_FILL_AREA(#16148);
#16148 = FILL_AREA_STYLE('',(#16149));
#16149 = FILL_AREA_STYLE_COLOUR('',#14086);
#16150 = CURVE_STYLE('',#16151,POSITIVE_LENGTH_MEASURE(0.1),#14086);
#16151 = DRAUGHTING_PRE_DEFINED_CURVE_FONT('continuous');
#16152 = STYLED_ITEM('color',(#16153),#6448);
#16153 = PRESENTATION_STYLE_ASSIGNMENT((#16154,#16159));
#16154 = SURFACE_STYLE_USAGE(.BOTH.,#16155);
#16155 = SURFACE_SIDE_STYLE('',(#16156));
#16156 = SURFACE_STYLE_FILL_AREA(#16157);
#16157 = FILL_AREA_STYLE('',(#16158));
#16158 = FILL_AREA_STYLE_COLOUR('',#14086);
#16159 = CURVE_STYLE('',#16160,POSITIVE_LENGTH_MEASURE(0.1),#14086);
#16160 = DRAUGHTING_PRE_DEFINED_CURVE_FONT('continuous');
#16161 = STYLED_ITEM('color',(#16162),#6465);
#16162 = PRESENTATION_STYLE_ASSIGNMENT((#16163,#16168));
#16163 = SURFACE_STYLE_USAGE(.BOTH.,#16164);
#16164 = SURFACE_SIDE_STYLE('',(#16165));
#16165 = SURFACE_STYLE_FILL_AREA(#16166);
#16166 = FILL_AREA_STYLE('',(#16167));
#16167 = FILL_AREA_STYLE_COLOUR('',#14086);
#16168 = CURVE_STYLE('',#16169,POSITIVE_LENGTH_MEASURE(0.1),#14086);
#16169 = DRAUGHTING_PRE_DEFINED_CURVE_FONT('continuous');
#16170 = STYLED_ITEM('color',(#16171),#6482);
#16171 = PRESENTATION_STYLE_ASSIGNMENT((#16172,#16177));
#16172 = SURFACE_STYLE_USAGE(.BOTH.,#16173);
#16173 = SURFACE_SIDE_STYLE('',(#16174));
#16174 = SURFACE_STYLE_FILL_AREA(#16175);
#16175 = FILL_AREA_STYLE('',(#16176));
#16176 = FILL_AREA_STYLE_COLOUR('',#14086);
#16177 = CURVE_STYLE('',#16178,POSITIVE_LENGTH_MEASURE(0.1),#14086);
#16178 = DRAUGHTING_PRE_DEFINED_CURVE_FONT('continuous');
#16179 = STYLED_ITEM('color',(#16180),#6499);
#16180 = PRESENTATION_STYLE_ASSIGNMENT((#16181,#16186));
#16181 = SURFACE_STYLE_USAGE(.BOTH.,#16182);
#16182 = SURFACE_SIDE_STYLE('',(#16183));
#16183 = SURFACE_STYLE_FILL_AREA(#16184);
#16184 = FILL_AREA_STYLE('',(#16185));
#16185 = FILL_AREA_STYLE_COLOUR('',#14086);
#16186 = CURVE_STYLE('',#16187,POSITIVE_LENGTH_MEASURE(0.1),#14086);
#16187 = DRAUGHTING_PRE_DEFINED_CURVE_FONT('continuous');
#16188 = STYLED_ITEM('color',(#16189),#6511);
#16189 = PRESENTATION_STYLE_ASSIGNMENT((#16190,#16195));
#16190 = SURFACE_STYLE_USAGE(.BOTH.,#16191);
#16191 = SURFACE_SIDE_STYLE('',(#16192));
#16192 = SURFACE_STYLE_FILL_AREA(#16193);
#16193 = FILL_AREA_STYLE('',(#16194));
#16194 = FILL_AREA_STYLE_COLOUR('',#14086);
#16195 = CURVE_STYLE('',#16196,POSITIVE_LENGTH_MEASURE(0.1),#14086);
#16196 = DRAUGHTING_PRE_DEFINED_CURVE_FONT('continuous');
#16197 = STYLED_ITEM('color',(#16198),#6528);
#16198 = PRESENTATION_STYLE_ASSIGNMENT((#16199,#16204));
#16199 = SURFACE_STYLE_USAGE(.BOTH.,#16200);
#16200 = SURFACE_SIDE_STYLE('',(#16201));
#16201 = SURFACE_STYLE_FILL_AREA(#16202);
#16202 = FILL_AREA_STYLE('',(#16203));
#16203 = FILL_AREA_STYLE_COLOUR('',#14086);
#16204 = CURVE_STYLE('',#16205,POSITIVE_LENGTH_MEASURE(0.1),#14086);
#16205 = DRAUGHTING_PRE_DEFINED_CURVE_FONT('continuous');
#16206 = STYLED_ITEM('color',(#16207),#6545);
#16207 = PRESENTATION_STYLE_ASSIGNMENT((#16208,#16213));
#16208 = SURFACE_STYLE_USAGE(.BOTH.,#16209);
#16209 = SURFACE_SIDE_STYLE('',(#16210));
#16210 = SURFACE_STYLE_FILL_AREA(#16211);
#16211 = FILL_AREA_STYLE('',(#16212));
#16212 = FILL_AREA_STYLE_COLOUR('',#14086);
#16213 = CURVE_STYLE('',#16214,POSITIVE_LENGTH_MEASURE(0.1),#14086);
#16214 = DRAUGHTING_PRE_DEFINED_CURVE_FONT('continuous');
#16215 = STYLED_ITEM('color',(#16216),#6562);
#16216 = PRESENTATION_STYLE_ASSIGNMENT((#16217,#16222));
#16217 = SURFACE_STYLE_USAGE(.BOTH.,#16218);
#16218 = SURFACE_SIDE_STYLE('',(#16219));
#16219 = SURFACE_STYLE_FILL_AREA(#16220);
#16220 = FILL_AREA_STYLE('',(#16221));
#16221 = FILL_AREA_STYLE_COLOUR('',#14086);
#16222 = CURVE_STYLE('',#16223,POSITIVE_LENGTH_MEASURE(0.1),#14086);
#16223 = DRAUGHTING_PRE_DEFINED_CURVE_FONT('continuous');
#16224 = STYLED_ITEM('color',(#16225),#6579);
#16225 = PRESENTATION_STYLE_ASSIGNMENT((#16226,#16231));
#16226 = SURFACE_STYLE_USAGE(.BOTH.,#16227);
#16227 = SURFACE_SIDE_STYLE('',(#16228));
#16228 = SURFACE_STYLE_FILL_AREA(#16229);
#16229 = FILL_AREA_STYLE('',(#16230));
#16230 = FILL_AREA_STYLE_COLOUR('',#14086);
#16231 = CURVE_STYLE('',#16232,POSITIVE_LENGTH_MEASURE(0.1),#14086);
#16232 = DRAUGHTING_PRE_DEFINED_CURVE_FONT('continuous');
#16233 = STYLED_ITEM('color',(#16234),#6596);
#16234 = PRESENTATION_STYLE_ASSIGNMENT((#16235,#16240));
#16235 = SURFACE_STYLE_USAGE(.BOTH.,#16236);
#16236 = SURFACE_SIDE_STYLE('',(#16237));
#16237 = SURFACE_STYLE_FILL_AREA(#16238);
#16238 = FILL_AREA_STYLE('',(#16239));
#16239 = FILL_AREA_STYLE_COLOUR('',#14086);
#16240 = CURVE_STYLE('',#16241,POSITIVE_LENGTH_MEASURE(0.1),#14086);
#16241 = DRAUGHTING_PRE_DEFINED_CURVE_FONT('continuous');
#16242 = STYLED_ITEM('color',(#16243),#6613);
#16243 = PRESENTATION_STYLE_ASSIGNMENT((#16244,#16249));
#16244 = SURFACE_STYLE_USAGE(.BOTH.,#16245);
#16245 = SURFACE_SIDE_STYLE('',(#16246));
#16246 = SURFACE_STYLE_FILL_AREA(#16247);
#16247 = FILL_AREA_STYLE('',(#16248));
#16248 = FILL_AREA_STYLE_COLOUR('',#14086);
#16249 = CURVE_STYLE('',#16250,POSITIVE_LENGTH_MEASURE(0.1),#14086);
#16250 = DRAUGHTING_PRE_DEFINED_CURVE_FONT('continuous');
#16251 = STYLED_ITEM('color',(#16252),#6630);
#16252 = PRESENTATION_STYLE_ASSIGNMENT((#16253,#16258));
#16253 = SURFACE_STYLE_USAGE(.BOTH.,#16254);
#16254 = SURFACE_SIDE_STYLE('',(#16255));
#16255 = SURFACE_STYLE_FILL_AREA(#16256);
#16256 = FILL_AREA_STYLE('',(#16257));
#16257 = FILL_AREA_STYLE_COLOUR('',#14086);
#16258 = CURVE_STYLE('',#16259,POSITIVE_LENGTH_MEASURE(0.1),#14086);
#16259 = DRAUGHTING_PRE_DEFINED_CURVE_FONT('continuous');
#16260 = STYLED_ITEM('color',(#16261),#6642);
#16261 = PRESENTATION_STYLE_ASSIGNMENT((#16262,#16267));
#16262 = SURFACE_STYLE_USAGE(.BOTH.,#16263);
#16263 = SURFACE_SIDE_STYLE('',(#16264));
#16264 = SURFACE_STYLE_FILL_AREA(#16265);
#16265 = FILL_AREA_STYLE('',(#16266));
#16266 = FILL_AREA_STYLE_COLOUR('',#14086);
#16267 = CURVE_STYLE('',#16268,POSITIVE_LENGTH_MEASURE(0.1),#14086);
#16268 = DRAUGHTING_PRE_DEFINED_CURVE_FONT('continuous');
#16269 = STYLED_ITEM('color',(#16270),#6659);
#16270 = PRESENTATION_STYLE_ASSIGNMENT((#16271,#16276));
#16271 = SURFACE_STYLE_USAGE(.BOTH.,#16272);
#16272 = SURFACE_SIDE_STYLE('',(#16273));
#16273 = SURFACE_STYLE_FILL_AREA(#16274);
#16274 = FILL_AREA_STYLE('',(#16275));
#16275 = FILL_AREA_STYLE_COLOUR('',#14086);
#16276 = CURVE_STYLE('',#16277,POSITIVE_LENGTH_MEASURE(0.1),#14086);
#16277 = DRAUGHTING_PRE_DEFINED_CURVE_FONT('continuous');
#16278 = STYLED_ITEM('color',(#16279),#6676);
#16279 = PRESENTATION_STYLE_ASSIGNMENT((#16280,#16285));
#16280 = SURFACE_STYLE_USAGE(.BOTH.,#16281);
#16281 = SURFACE_SIDE_STYLE('',(#16282));
#16282 = SURFACE_STYLE_FILL_AREA(#16283);
#16283 = FILL_AREA_STYLE('',(#16284));
#16284 = FILL_AREA_STYLE_COLOUR('',#14086);
#16285 = CURVE_STYLE('',#16286,POSITIVE_LENGTH_MEASURE(0.1),#14086);
#16286 = DRAUGHTING_PRE_DEFINED_CURVE_FONT('continuous');
#16287 = STYLED_ITEM('color',(#16288),#6693);
#16288 = PRESENTATION_STYLE_ASSIGNMENT((#16289,#16294));
#16289 = SURFACE_STYLE_USAGE(.BOTH.,#16290);
#16290 = SURFACE_SIDE_STYLE('',(#16291));
#16291 = SURFACE_STYLE_FILL_AREA(#16292);
#16292 = FILL_AREA_STYLE('',(#16293));
#16293 = FILL_AREA_STYLE_COLOUR('',#14086);
#16294 = CURVE_STYLE('',#16295,POSITIVE_LENGTH_MEASURE(0.1),#14086);
#16295 = DRAUGHTING_PRE_DEFINED_CURVE_FONT('continuous');
#16296 = STYLED_ITEM('color',(#16297),#6710);
#16297 = PRESENTATION_STYLE_ASSIGNMENT((#16298,#16303));
#16298 = SURFACE_STYLE_USAGE(.BOTH.,#16299);
#16299 = SURFACE_SIDE_STYLE('',(#16300));
#16300 = SURFACE_STYLE_FILL_AREA(#16301);
#16301 = FILL_AREA_STYLE('',(#16302));
#16302 = FILL_AREA_STYLE_COLOUR('',#14086);
#16303 = CURVE_STYLE('',#16304,POSITIVE_LENGTH_MEASURE(0.1),#14086);
#16304 = DRAUGHTING_PRE_DEFINED_CURVE_FONT('continuous');
#16305 = STYLED_ITEM('color',(#16306),#6727);
#16306 = PRESENTATION_STYLE_ASSIGNMENT((#16307,#16312));
#16307 = SURFACE_STYLE_USAGE(.BOTH.,#16308);
#16308 = SURFACE_SIDE_STYLE('',(#16309));
#16309 = SURFACE_STYLE_FILL_AREA(#16310);
#16310 = FILL_AREA_STYLE('',(#16311));
#16311 = FILL_AREA_STYLE_COLOUR('',#14086);
#16312 = CURVE_STYLE('',#16313,POSITIVE_LENGTH_MEASURE(0.1),#14086);
#16313 = DRAUGHTING_PRE_DEFINED_CURVE_FONT('continuous');
#16314 = STYLED_ITEM('color',(#16315),#6744);
#16315 = PRESENTATION_STYLE_ASSIGNMENT((#16316,#16321));
#16316 = SURFACE_STYLE_USAGE(.BOTH.,#16317);
#16317 = SURFACE_SIDE_STYLE('',(#16318));
#16318 = SURFACE_STYLE_FILL_AREA(#16319);
#16319 = FILL_AREA_STYLE('',(#16320));
#16320 = FILL_AREA_STYLE_COLOUR('',#14086);
#16321 = CURVE_STYLE('',#16322,POSITIVE_LENGTH_MEASURE(0.1),#14086);
#16322 = DRAUGHTING_PRE_DEFINED_CURVE_FONT('continuous');
#16323 = STYLED_ITEM('color',(#16324),#6761);
#16324 = PRESENTATION_STYLE_ASSIGNMENT((#16325,#16330));
#16325 = SURFACE_STYLE_USAGE(.BOTH.,#16326);
#16326 = SURFACE_SIDE_STYLE('',(#16327));
#16327 = SURFACE_STYLE_FILL_AREA(#16328);
#16328 = FILL_AREA_STYLE('',(#16329));
#16329 = FILL_AREA_STYLE_COLOUR('',#14086);
#16330 = CURVE_STYLE('',#16331,POSITIVE_LENGTH_MEASURE(0.1),#14086);
#16331 = DRAUGHTING_PRE_DEFINED_CURVE_FONT('continuous');
#16332 = STYLED_ITEM('color',(#16333),#6773);
#16333 = PRESENTATION_STYLE_ASSIGNMENT((#16334,#16339));
#16334 = SURFACE_STYLE_USAGE(.BOTH.,#16335);
#16335 = SURFACE_SIDE_STYLE('',(#16336));
#16336 = SURFACE_STYLE_FILL_AREA(#16337);
#16337 = FILL_AREA_STYLE('',(#16338));
#16338 = FILL_AREA_STYLE_COLOUR('',#14086);
#16339 = CURVE_STYLE('',#16340,POSITIVE_LENGTH_MEASURE(0.1),#14086);
#16340 = DRAUGHTING_PRE_DEFINED_CURVE_FONT('continuous');
#16341 = STYLED_ITEM('color',(#16342),#6790);
#16342 = PRESENTATION_STYLE_ASSIGNMENT((#16343,#16348));
#16343 = SURFACE_STYLE_USAGE(.BOTH.,#16344);
#16344 = SURFACE_SIDE_STYLE('',(#16345));
#16345 = SURFACE_STYLE_FILL_AREA(#16346);
#16346 = FILL_AREA_STYLE('',(#16347));
#16347 = FILL_AREA_STYLE_COLOUR('',#14086);
#16348 = CURVE_STYLE('',#16349,POSITIVE_LENGTH_MEASURE(0.1),#14086);
#16349 = DRAUGHTING_PRE_DEFINED_CURVE_FONT('continuous');
#16350 = STYLED_ITEM('color',(#16351),#6807);
#16351 = PRESENTATION_STYLE_ASSIGNMENT((#16352,#16357));
#16352 = SURFACE_STYLE_USAGE(.BOTH.,#16353);
#16353 = SURFACE_SIDE_STYLE('',(#16354));
#16354 = SURFACE_STYLE_FILL_AREA(#16355);
#16355 = FILL_AREA_STYLE('',(#16356));
#16356 = FILL_AREA_STYLE_COLOUR('',#14086);
#16357 = CURVE_STYLE('',#16358,POSITIVE_LENGTH_MEASURE(0.1),#14086);
#16358 = DRAUGHTING_PRE_DEFINED_CURVE_FONT('continuous');
#16359 = STYLED_ITEM('color',(#16360),#6824);
#16360 = PRESENTATION_STYLE_ASSIGNMENT((#16361,#16366));
#16361 = SURFACE_STYLE_USAGE(.BOTH.,#16362);
#16362 = SURFACE_SIDE_STYLE('',(#16363));
#16363 = SURFACE_STYLE_FILL_AREA(#16364);
#16364 = FILL_AREA_STYLE('',(#16365));
#16365 = FILL_AREA_STYLE_COLOUR('',#14086);
#16366 = CURVE_STYLE('',#16367,POSITIVE_LENGTH_MEASURE(0.1),#14086);
#16367 = DRAUGHTING_PRE_DEFINED_CURVE_FONT('continuous');
#16368 = STYLED_ITEM('color',(#16369),#6841);
#16369 = PRESENTATION_STYLE_ASSIGNMENT((#16370,#16375));
#16370 = SURFACE_STYLE_USAGE(.BOTH.,#16371);
#16371 = SURFACE_SIDE_STYLE('',(#16372));
#16372 = SURFACE_STYLE_FILL_AREA(#16373);
#16373 = FILL_AREA_STYLE('',(#16374));
#16374 = FILL_AREA_STYLE_COLOUR('',#14086);
#16375 = CURVE_STYLE('',#16376,POSITIVE_LENGTH_MEASURE(0.1),#14086);
#16376 = DRAUGHTING_PRE_DEFINED_CURVE_FONT('continuous');
#16377 = STYLED_ITEM('color',(#16378),#6858);
#16378 = PRESENTATION_STYLE_ASSIGNMENT((#16379,#16384));
#16379 = SURFACE_STYLE_USAGE(.BOTH.,#16380);
#16380 = SURFACE_SIDE_STYLE('',(#16381));
#16381 = SURFACE_STYLE_FILL_AREA(#16382);
#16382 = FILL_AREA_STYLE('',(#16383));
#16383 = FILL_AREA_STYLE_COLOUR('',#14086);
#16384 = CURVE_STYLE('',#16385,POSITIVE_LENGTH_MEASURE(0.1),#14086);
#16385 = DRAUGHTING_PRE_DEFINED_CURVE_FONT('continuous');
#16386 = STYLED_ITEM('color',(#16387),#6875);
#16387 = PRESENTATION_STYLE_ASSIGNMENT((#16388,#16393));
#16388 = SURFACE_STYLE_USAGE(.BOTH.,#16389);
#16389 = SURFACE_SIDE_STYLE('',(#16390));
#16390 = SURFACE_STYLE_FILL_AREA(#16391);
#16391 = FILL_AREA_STYLE('',(#16392));
#16392 = FILL_AREA_STYLE_COLOUR('',#14086);
#16393 = CURVE_STYLE('',#16394,POSITIVE_LENGTH_MEASURE(0.1),#14086);
#16394 = DRAUGHTING_PRE_DEFINED_CURVE_FONT('continuous');
#16395 = STYLED_ITEM('color',(#16396),#6892);
#16396 = PRESENTATION_STYLE_ASSIGNMENT((#16397,#16402));
#16397 = SURFACE_STYLE_USAGE(.BOTH.,#16398);
#16398 = SURFACE_SIDE_STYLE('',(#16399));
#16399 = SURFACE_STYLE_FILL_AREA(#16400);
#16400 = FILL_AREA_STYLE('',(#16401));
#16401 = FILL_AREA_STYLE_COLOUR('',#14086);
#16402 = CURVE_STYLE('',#16403,POSITIVE_LENGTH_MEASURE(0.1),#14086);
#16403 = DRAUGHTING_PRE_DEFINED_CURVE_FONT('continuous');
#16404 = STYLED_ITEM('color',(#16405),#6904);
#16405 = PRESENTATION_STYLE_ASSIGNMENT((#16406,#16411));
#16406 = SURFACE_STYLE_USAGE(.BOTH.,#16407);
#16407 = SURFACE_SIDE_STYLE('',(#16408));
#16408 = SURFACE_STYLE_FILL_AREA(#16409);
#16409 = FILL_AREA_STYLE('',(#16410));
#16410 = FILL_AREA_STYLE_COLOUR('',#14086);
#16411 = CURVE_STYLE('',#16412,POSITIVE_LENGTH_MEASURE(0.1),#14086);
#16412 = DRAUGHTING_PRE_DEFINED_CURVE_FONT('continuous');
#16413 = STYLED_ITEM('color',(#16414),#6921);
#16414 = PRESENTATION_STYLE_ASSIGNMENT((#16415,#16420));
#16415 = SURFACE_STYLE_USAGE(.BOTH.,#16416);
#16416 = SURFACE_SIDE_STYLE('',(#16417));
#16417 = SURFACE_STYLE_FILL_AREA(#16418);
#16418 = FILL_AREA_STYLE('',(#16419));
#16419 = FILL_AREA_STYLE_COLOUR('',#14086);
#16420 = CURVE_STYLE('',#16421,POSITIVE_LENGTH_MEASURE(0.1),#14086);
#16421 = DRAUGHTING_PRE_DEFINED_CURVE_FONT('continuous');
#16422 = STYLED_ITEM('color',(#16423),#6938);
#16423 = PRESENTATION_STYLE_ASSIGNMENT((#16424,#16429));
#16424 = SURFACE_STYLE_USAGE(.BOTH.,#16425);
#16425 = SURFACE_SIDE_STYLE('',(#16426));
#16426 = SURFACE_STYLE_FILL_AREA(#16427);
#16427 = FILL_AREA_STYLE('',(#16428));
#16428 = FILL_AREA_STYLE_COLOUR('',#14086);
#16429 = CURVE_STYLE('',#16430,POSITIVE_LENGTH_MEASURE(0.1),#14086);
#16430 = DRAUGHTING_PRE_DEFINED_CURVE_FONT('continuous');
#16431 = STYLED_ITEM('color',(#16432),#6955);
#16432 = PRESENTATION_STYLE_ASSIGNMENT((#16433,#16438));
#16433 = SURFACE_STYLE_USAGE(.BOTH.,#16434);
#16434 = SURFACE_SIDE_STYLE('',(#16435));
#16435 = SURFACE_STYLE_FILL_AREA(#16436);
#16436 = FILL_AREA_STYLE('',(#16437));
#16437 = FILL_AREA_STYLE_COLOUR('',#14086);
#16438 = CURVE_STYLE('',#16439,POSITIVE_LENGTH_MEASURE(0.1),#14086);
#16439 = DRAUGHTING_PRE_DEFINED_CURVE_FONT('continuous');
#16440 = STYLED_ITEM('color',(#16441),#6972);
#16441 = PRESENTATION_STYLE_ASSIGNMENT((#16442,#16447));
#16442 = SURFACE_STYLE_USAGE(.BOTH.,#16443);
#16443 = SURFACE_SIDE_STYLE('',(#16444));
#16444 = SURFACE_STYLE_FILL_AREA(#16445);
#16445 = FILL_AREA_STYLE('',(#16446));
#16446 = FILL_AREA_STYLE_COLOUR('',#14086);
#16447 = CURVE_STYLE('',#16448,POSITIVE_LENGTH_MEASURE(0.1),#14086);
#16448 = DRAUGHTING_PRE_DEFINED_CURVE_FONT('continuous');
#16449 = STYLED_ITEM('color',(#16450),#6989);
#16450 = PRESENTATION_STYLE_ASSIGNMENT((#16451,#16456));
#16451 = SURFACE_STYLE_USAGE(.BOTH.,#16452);
#16452 = SURFACE_SIDE_STYLE('',(#16453));
#16453 = SURFACE_STYLE_FILL_AREA(#16454);
#16454 = FILL_AREA_STYLE('',(#16455));
#16455 = FILL_AREA_STYLE_COLOUR('',#14086);
#16456 = CURVE_STYLE('',#16457,POSITIVE_LENGTH_MEASURE(0.1),#14086);
#16457 = DRAUGHTING_PRE_DEFINED_CURVE_FONT('continuous');
#16458 = STYLED_ITEM('color',(#16459),#7006);
#16459 = PRESENTATION_STYLE_ASSIGNMENT((#16460,#16465));
#16460 = SURFACE_STYLE_USAGE(.BOTH.,#16461);
#16461 = SURFACE_SIDE_STYLE('',(#16462));
#16462 = SURFACE_STYLE_FILL_AREA(#16463);
#16463 = FILL_AREA_STYLE('',(#16464));
#16464 = FILL_AREA_STYLE_COLOUR('',#14086);
#16465 = CURVE_STYLE('',#16466,POSITIVE_LENGTH_MEASURE(0.1),#14086);
#16466 = DRAUGHTING_PRE_DEFINED_CURVE_FONT('continuous');
#16467 = STYLED_ITEM('color',(#16468),#7023);
#16468 = PRESENTATION_STYLE_ASSIGNMENT((#16469,#16474));
#16469 = SURFACE_STYLE_USAGE(.BOTH.,#16470);
#16470 = SURFACE_SIDE_STYLE('',(#16471));
#16471 = SURFACE_STYLE_FILL_AREA(#16472);
#16472 = FILL_AREA_STYLE('',(#16473));
#16473 = FILL_AREA_STYLE_COLOUR('',#14086);
#16474 = CURVE_STYLE('',#16475,POSITIVE_LENGTH_MEASURE(0.1),#14086);
#16475 = DRAUGHTING_PRE_DEFINED_CURVE_FONT('continuous');
#16476 = STYLED_ITEM('color',(#16477),#7035);
#16477 = PRESENTATION_STYLE_ASSIGNMENT((#16478,#16483));
#16478 = SURFACE_STYLE_USAGE(.BOTH.,#16479);
#16479 = SURFACE_SIDE_STYLE('',(#16480));
#16480 = SURFACE_STYLE_FILL_AREA(#16481);
#16481 = FILL_AREA_STYLE('',(#16482));
#16482 = FILL_AREA_STYLE_COLOUR('',#14086);
#16483 = CURVE_STYLE('',#16484,POSITIVE_LENGTH_MEASURE(0.1),#14086);
#16484 = DRAUGHTING_PRE_DEFINED_CURVE_FONT('continuous');
#16485 = STYLED_ITEM('color',(#16486),#7052);
#16486 = PRESENTATION_STYLE_ASSIGNMENT((#16487,#16492));
#16487 = SURFACE_STYLE_USAGE(.BOTH.,#16488);
#16488 = SURFACE_SIDE_STYLE('',(#16489));
#16489 = SURFACE_STYLE_FILL_AREA(#16490);
#16490 = FILL_AREA_STYLE('',(#16491));
#16491 = FILL_AREA_STYLE_COLOUR('',#14086);
#16492 = CURVE_STYLE('',#16493,POSITIVE_LENGTH_MEASURE(0.1),#14086);
#16493 = DRAUGHTING_PRE_DEFINED_CURVE_FONT('continuous');
#16494 = STYLED_ITEM('color',(#16495),#7069);
#16495 = PRESENTATION_STYLE_ASSIGNMENT((#16496,#16501));
#16496 = SURFACE_STYLE_USAGE(.BOTH.,#16497);
#16497 = SURFACE_SIDE_STYLE('',(#16498));
#16498 = SURFACE_STYLE_FILL_AREA(#16499);
#16499 = FILL_AREA_STYLE('',(#16500));
#16500 = FILL_AREA_STYLE_COLOUR('',#14086);
#16501 = CURVE_STYLE('',#16502,POSITIVE_LENGTH_MEASURE(0.1),#14086);
#16502 = DRAUGHTING_PRE_DEFINED_CURVE_FONT('continuous');
#16503 = STYLED_ITEM('color',(#16504),#7086);
#16504 = PRESENTATION_STYLE_ASSIGNMENT((#16505,#16510));
#16505 = SURFACE_STYLE_USAGE(.BOTH.,#16506);
#16506 = SURFACE_SIDE_STYLE('',(#16507));
#16507 = SURFACE_STYLE_FILL_AREA(#16508);
#16508 = FILL_AREA_STYLE('',(#16509));
#16509 = FILL_AREA_STYLE_COLOUR('',#14086);
#16510 = CURVE_STYLE('',#16511,POSITIVE_LENGTH_MEASURE(0.1),#14086);
#16511 = DRAUGHTING_PRE_DEFINED_CURVE_FONT('continuous');
#16512 = STYLED_ITEM('color',(#16513),#7103);
#16513 = PRESENTATION_STYLE_ASSIGNMENT((#16514,#16519));
#16514 = SURFACE_STYLE_USAGE(.BOTH.,#16515);
#16515 = SURFACE_SIDE_STYLE('',(#16516));
#16516 = SURFACE_STYLE_FILL_AREA(#16517);
#16517 = FILL_AREA_STYLE('',(#16518));
#16518 = FILL_AREA_STYLE_COLOUR('',#14086);
#16519 = CURVE_STYLE('',#16520,POSITIVE_LENGTH_MEASURE(0.1),#14086);
#16520 = DRAUGHTING_PRE_DEFINED_CURVE_FONT('continuous');
#16521 = STYLED_ITEM('color',(#16522),#7120);
#16522 = PRESENTATION_STYLE_ASSIGNMENT((#16523,#16528));
#16523 = SURFACE_STYLE_USAGE(.BOTH.,#16524);
#16524 = SURFACE_SIDE_STYLE('',(#16525));
#16525 = SURFACE_STYLE_FILL_AREA(#16526);
#16526 = FILL_AREA_STYLE('',(#16527));
#16527 = FILL_AREA_STYLE_COLOUR('',#14086);
#16528 = CURVE_STYLE('',#16529,POSITIVE_LENGTH_MEASURE(0.1),#14086);
#16529 = DRAUGHTING_PRE_DEFINED_CURVE_FONT('continuous');
#16530 = STYLED_ITEM('color',(#16531),#7137);
#16531 = PRESENTATION_STYLE_ASSIGNMENT((#16532,#16537));
#16532 = SURFACE_STYLE_USAGE(.BOTH.,#16533);
#16533 = SURFACE_SIDE_STYLE('',(#16534));
#16534 = SURFACE_STYLE_FILL_AREA(#16535);
#16535 = FILL_AREA_STYLE('',(#16536));
#16536 = FILL_AREA_STYLE_COLOUR('',#14086);
#16537 = CURVE_STYLE('',#16538,POSITIVE_LENGTH_MEASURE(0.1),#14086);
#16538 = DRAUGHTING_PRE_DEFINED_CURVE_FONT('continuous');
#16539 = STYLED_ITEM('color',(#16540),#7154);
#16540 = PRESENTATION_STYLE_ASSIGNMENT((#16541,#16546));
#16541 = SURFACE_STYLE_USAGE(.BOTH.,#16542);
#16542 = SURFACE_SIDE_STYLE('',(#16543));
#16543 = SURFACE_STYLE_FILL_AREA(#16544);
#16544 = FILL_AREA_STYLE('',(#16545));
#16545 = FILL_AREA_STYLE_COLOUR('',#14086);
#16546 = CURVE_STYLE('',#16547,POSITIVE_LENGTH_MEASURE(0.1),#14086);
#16547 = DRAUGHTING_PRE_DEFINED_CURVE_FONT('continuous');
#16548 = STYLED_ITEM('color',(#16549),#7166);
#16549 = PRESENTATION_STYLE_ASSIGNMENT((#16550,#16555));
#16550 = SURFACE_STYLE_USAGE(.BOTH.,#16551);
#16551 = SURFACE_SIDE_STYLE('',(#16552));
#16552 = SURFACE_STYLE_FILL_AREA(#16553);
#16553 = FILL_AREA_STYLE('',(#16554));
#16554 = FILL_AREA_STYLE_COLOUR('',#14086);
#16555 = CURVE_STYLE('',#16556,POSITIVE_LENGTH_MEASURE(0.1),#14086);
#16556 = DRAUGHTING_PRE_DEFINED_CURVE_FONT('continuous');
#16557 = STYLED_ITEM('color',(#16558),#7183);
#16558 = PRESENTATION_STYLE_ASSIGNMENT((#16559,#16564));
#16559 = SURFACE_STYLE_USAGE(.BOTH.,#16560);
#16560 = SURFACE_SIDE_STYLE('',(#16561));
#16561 = SURFACE_STYLE_FILL_AREA(#16562);
#16562 = FILL_AREA_STYLE('',(#16563));
#16563 = FILL_AREA_STYLE_COLOUR('',#14086);
#16564 = CURVE_STYLE('',#16565,POSITIVE_LENGTH_MEASURE(0.1),#14086);
#16565 = DRAUGHTING_PRE_DEFINED_CURVE_FONT('continuous');
#16566 = STYLED_ITEM('color',(#16567),#7200);
#16567 = PRESENTATION_STYLE_ASSIGNMENT((#16568,#16573));
#16568 = SURFACE_STYLE_USAGE(.BOTH.,#16569);
#16569 = SURFACE_SIDE_STYLE('',(#16570));
#16570 = SURFACE_STYLE_FILL_AREA(#16571);
#16571 = FILL_AREA_STYLE('',(#16572));
#16572 = FILL_AREA_STYLE_COLOUR('',#14086);
#16573 = CURVE_STYLE('',#16574,POSITIVE_LENGTH_MEASURE(0.1),#14086);
#16574 = DRAUGHTING_PRE_DEFINED_CURVE_FONT('continuous');
#16575 = STYLED_ITEM('color',(#16576),#7217);
#16576 = PRESENTATION_STYLE_ASSIGNMENT((#16577,#16582));
#16577 = SURFACE_STYLE_USAGE(.BOTH.,#16578);
#16578 = SURFACE_SIDE_STYLE('',(#16579));
#16579 = SURFACE_STYLE_FILL_AREA(#16580);
#16580 = FILL_AREA_STYLE('',(#16581));
#16581 = FILL_AREA_STYLE_COLOUR('',#14086);
#16582 = CURVE_STYLE('',#16583,POSITIVE_LENGTH_MEASURE(0.1),#14086);
#16583 = DRAUGHTING_PRE_DEFINED_CURVE_FONT('continuous');
#16584 = STYLED_ITEM('color',(#16585),#7234);
#16585 = PRESENTATION_STYLE_ASSIGNMENT((#16586,#16591));
#16586 = SURFACE_STYLE_USAGE(.BOTH.,#16587);
#16587 = SURFACE_SIDE_STYLE('',(#16588));
#16588 = SURFACE_STYLE_FILL_AREA(#16589);
#16589 = FILL_AREA_STYLE('',(#16590));
#16590 = FILL_AREA_STYLE_COLOUR('',#14086);
#16591 = CURVE_STYLE('',#16592,POSITIVE_LENGTH_MEASURE(0.1),#14086);
#16592 = DRAUGHTING_PRE_DEFINED_CURVE_FONT('continuous');
#16593 = STYLED_ITEM('color',(#16594),#7251);
#16594 = PRESENTATION_STYLE_ASSIGNMENT((#16595,#16600));
#16595 = SURFACE_STYLE_USAGE(.BOTH.,#16596);
#16596 = SURFACE_SIDE_STYLE('',(#16597));
#16597 = SURFACE_STYLE_FILL_AREA(#16598);
#16598 = FILL_AREA_STYLE('',(#16599));
#16599 = FILL_AREA_STYLE_COLOUR('',#14086);
#16600 = CURVE_STYLE('',#16601,POSITIVE_LENGTH_MEASURE(0.1),#14086);
#16601 = DRAUGHTING_PRE_DEFINED_CURVE_FONT('continuous');
#16602 = STYLED_ITEM('color',(#16603),#7268);
#16603 = PRESENTATION_STYLE_ASSIGNMENT((#16604,#16609));
#16604 = SURFACE_STYLE_USAGE(.BOTH.,#16605);
#16605 = SURFACE_SIDE_STYLE('',(#16606));
#16606 = SURFACE_STYLE_FILL_AREA(#16607);
#16607 = FILL_AREA_STYLE('',(#16608));
#16608 = FILL_AREA_STYLE_COLOUR('',#14086);
#16609 = CURVE_STYLE('',#16610,POSITIVE_LENGTH_MEASURE(0.1),#14086);
#16610 = DRAUGHTING_PRE_DEFINED_CURVE_FONT('continuous');
#16611 = STYLED_ITEM('color',(#16612),#7280);
#16612 = PRESENTATION_STYLE_ASSIGNMENT((#16613,#16618));
#16613 = SURFACE_STYLE_USAGE(.BOTH.,#16614);
#16614 = SURFACE_SIDE_STYLE('',(#16615));
#16615 = SURFACE_STYLE_FILL_AREA(#16616);
#16616 = FILL_AREA_STYLE('',(#16617));
#16617 = FILL_AREA_STYLE_COLOUR('',#14086);
#16618 = CURVE_STYLE('',#16619,POSITIVE_LENGTH_MEASURE(0.1),#14086);
#16619 = DRAUGHTING_PRE_DEFINED_CURVE_FONT('continuous');
#16620 = STYLED_ITEM('color',(#16621),#7297);
#16621 = PRESENTATION_STYLE_ASSIGNMENT((#16622,#16627));
#16622 = SURFACE_STYLE_USAGE(.BOTH.,#16623);
#16623 = SURFACE_SIDE_STYLE('',(#16624));
#16624 = SURFACE_STYLE_FILL_AREA(#16625);
#16625 = FILL_AREA_STYLE('',(#16626));
#16626 = FILL_AREA_STYLE_COLOUR('',#14086);
#16627 = CURVE_STYLE('',#16628,POSITIVE_LENGTH_MEASURE(0.1),#14086);
#16628 = DRAUGHTING_PRE_DEFINED_CURVE_FONT('continuous');
#16629 = STYLED_ITEM('color',(#16630),#7314);
#16630 = PRESENTATION_STYLE_ASSIGNMENT((#16631,#16636));
#16631 = SURFACE_STYLE_USAGE(.BOTH.,#16632);
#16632 = SURFACE_SIDE_STYLE('',(#16633));
#16633 = SURFACE_STYLE_FILL_AREA(#16634);
#16634 = FILL_AREA_STYLE('',(#16635));
#16635 = FILL_AREA_STYLE_COLOUR('',#14086);
#16636 = CURVE_STYLE('',#16637,POSITIVE_LENGTH_MEASURE(0.1),#14086);
#16637 = DRAUGHTING_PRE_DEFINED_CURVE_FONT('continuous');
#16638 = STYLED_ITEM('color',(#16639),#7331);
#16639 = PRESENTATION_STYLE_ASSIGNMENT((#16640,#16645));
#16640 = SURFACE_STYLE_USAGE(.BOTH.,#16641);
#16641 = SURFACE_SIDE_STYLE('',(#16642));
#16642 = SURFACE_STYLE_FILL_AREA(#16643);
#16643 = FILL_AREA_STYLE('',(#16644));
#16644 = FILL_AREA_STYLE_COLOUR('',#14086);
#16645 = CURVE_STYLE('',#16646,POSITIVE_LENGTH_MEASURE(0.1),#14086);
#16646 = DRAUGHTING_PRE_DEFINED_CURVE_FONT('continuous');
#16647 = STYLED_ITEM('color',(#16648),#7348);
#16648 = PRESENTATION_STYLE_ASSIGNMENT((#16649,#16654));
#16649 = SURFACE_STYLE_USAGE(.BOTH.,#16650);
#16650 = SURFACE_SIDE_STYLE('',(#16651));
#16651 = SURFACE_STYLE_FILL_AREA(#16652);
#16652 = FILL_AREA_STYLE('',(#16653));
#16653 = FILL_AREA_STYLE_COLOUR('',#14086);
#16654 = CURVE_STYLE('',#16655,POSITIVE_LENGTH_MEASURE(0.1),#14086);
#16655 = DRAUGHTING_PRE_DEFINED_CURVE_FONT('continuous');
#16656 = STYLED_ITEM('color',(#16657),#7365);
#16657 = PRESENTATION_STYLE_ASSIGNMENT((#16658,#16663));
#16658 = SURFACE_STYLE_USAGE(.BOTH.,#16659);
#16659 = SURFACE_SIDE_STYLE('',(#16660));
#16660 = SURFACE_STYLE_FILL_AREA(#16661);
#16661 = FILL_AREA_STYLE('',(#16662));
#16662 = FILL_AREA_STYLE_COLOUR('',#14086);
#16663 = CURVE_STYLE('',#16664,POSITIVE_LENGTH_MEASURE(0.1),#14086);
#16664 = DRAUGHTING_PRE_DEFINED_CURVE_FONT('continuous');
#16665 = STYLED_ITEM('color',(#16666),#7382);
#16666 = PRESENTATION_STYLE_ASSIGNMENT((#16667,#16672));
#16667 = SURFACE_STYLE_USAGE(.BOTH.,#16668);
#16668 = SURFACE_SIDE_STYLE('',(#16669));
#16669 = SURFACE_STYLE_FILL_AREA(#16670);
#16670 = FILL_AREA_STYLE('',(#16671));
#16671 = FILL_AREA_STYLE_COLOUR('',#14086);
#16672 = CURVE_STYLE('',#16673,POSITIVE_LENGTH_MEASURE(0.1),#14086);
#16673 = DRAUGHTING_PRE_DEFINED_CURVE_FONT('continuous');
#16674 = STYLED_ITEM('color',(#16675),#7394);
#16675 = PRESENTATION_STYLE_ASSIGNMENT((#16676,#16681));
#16676 = SURFACE_STYLE_USAGE(.BOTH.,#16677);
#16677 = SURFACE_SIDE_STYLE('',(#16678));
#16678 = SURFACE_STYLE_FILL_AREA(#16679);
#16679 = FILL_AREA_STYLE('',(#16680));
#16680 = FILL_AREA_STYLE_COLOUR('',#14086);
#16681 = CURVE_STYLE('',#16682,POSITIVE_LENGTH_MEASURE(0.1),#14086);
#16682 = DRAUGHTING_PRE_DEFINED_CURVE_FONT('continuous');
#16683 = STYLED_ITEM('color',(#16684),#7411);
#16684 = PRESENTATION_STYLE_ASSIGNMENT((#16685,#16690));
#16685 = SURFACE_STYLE_USAGE(.BOTH.,#16686);
#16686 = SURFACE_SIDE_STYLE('',(#16687));
#16687 = SURFACE_STYLE_FILL_AREA(#16688);
#16688 = FILL_AREA_STYLE('',(#16689));
#16689 = FILL_AREA_STYLE_COLOUR('',#14086);
#16690 = CURVE_STYLE('',#16691,POSITIVE_LENGTH_MEASURE(0.1),#14086);
#16691 = DRAUGHTING_PRE_DEFINED_CURVE_FONT('continuous');
#16692 = STYLED_ITEM('color',(#16693),#7428);
#16693 = PRESENTATION_STYLE_ASSIGNMENT((#16694,#16699));
#16694 = SURFACE_STYLE_USAGE(.BOTH.,#16695);
#16695 = SURFACE_SIDE_STYLE('',(#16696));
#16696 = SURFACE_STYLE_FILL_AREA(#16697);
#16697 = FILL_AREA_STYLE('',(#16698));
#16698 = FILL_AREA_STYLE_COLOUR('',#14086);
#16699 = CURVE_STYLE('',#16700,POSITIVE_LENGTH_MEASURE(0.1),#14086);
#16700 = DRAUGHTING_PRE_DEFINED_CURVE_FONT('continuous');
#16701 = STYLED_ITEM('color',(#16702),#7445);
#16702 = PRESENTATION_STYLE_ASSIGNMENT((#16703,#16708));
#16703 = SURFACE_STYLE_USAGE(.BOTH.,#16704);
#16704 = SURFACE_SIDE_STYLE('',(#16705));
#16705 = SURFACE_STYLE_FILL_AREA(#16706);
#16706 = FILL_AREA_STYLE('',(#16707));
#16707 = FILL_AREA_STYLE_COLOUR('',#14086);
#16708 = CURVE_STYLE('',#16709,POSITIVE_LENGTH_MEASURE(0.1),#14086);
#16709 = DRAUGHTING_PRE_DEFINED_CURVE_FONT('continuous');
#16710 = STYLED_ITEM('color',(#16711),#7462);
#16711 = PRESENTATION_STYLE_ASSIGNMENT((#16712,#16717));
#16712 = SURFACE_STYLE_USAGE(.BOTH.,#16713);
#16713 = SURFACE_SIDE_STYLE('',(#16714));
#16714 = SURFACE_STYLE_FILL_AREA(#16715);
#16715 = FILL_AREA_STYLE('',(#16716));
#16716 = FILL_AREA_STYLE_COLOUR('',#14086);
#16717 = CURVE_STYLE('',#16718,POSITIVE_LENGTH_MEASURE(0.1),#14086);
#16718 = DRAUGHTING_PRE_DEFINED_CURVE_FONT('continuous');
#16719 = STYLED_ITEM('color',(#16720),#7479);
#16720 = PRESENTATION_STYLE_ASSIGNMENT((#16721,#16726));
#16721 = SURFACE_STYLE_USAGE(.BOTH.,#16722);
#16722 = SURFACE_SIDE_STYLE('',(#16723));
#16723 = SURFACE_STYLE_FILL_AREA(#16724);
#16724 = FILL_AREA_STYLE('',(#16725));
#16725 = FILL_AREA_STYLE_COLOUR('',#14086);
#16726 = CURVE_STYLE('',#16727,POSITIVE_LENGTH_MEASURE(0.1),#14086);
#16727 = DRAUGHTING_PRE_DEFINED_CURVE_FONT('continuous');
#16728 = STYLED_ITEM('color',(#16729),#7496);
#16729 = PRESENTATION_STYLE_ASSIGNMENT((#16730,#16735));
#16730 = SURFACE_STYLE_USAGE(.BOTH.,#16731);
#16731 = SURFACE_SIDE_STYLE('',(#16732));
#16732 = SURFACE_STYLE_FILL_AREA(#16733);
#16733 = FILL_AREA_STYLE('',(#16734));
#16734 = FILL_AREA_STYLE_COLOUR('',#14086);
#16735 = CURVE_STYLE('',#16736,POSITIVE_LENGTH_MEASURE(0.1),#14086);
#16736 = DRAUGHTING_PRE_DEFINED_CURVE_FONT('continuous');
#16737 = STYLED_ITEM('color',(#16738),#7513);
#16738 = PRESENTATION_STYLE_ASSIGNMENT((#16739,#16744));
#16739 = SURFACE_STYLE_USAGE(.BOTH.,#16740);
#16740 = SURFACE_SIDE_STYLE('',(#16741));
#16741 = SURFACE_STYLE_FILL_AREA(#16742);
#16742 = FILL_AREA_STYLE('',(#16743));
#16743 = FILL_AREA_STYLE_COLOUR('',#14086);
#16744 = CURVE_STYLE('',#16745,POSITIVE_LENGTH_MEASURE(0.1),#14086);
#16745 = DRAUGHTING_PRE_DEFINED_CURVE_FONT('continuous');
#16746 = STYLED_ITEM('color',(#16747),#7525);
#16747 = PRESENTATION_STYLE_ASSIGNMENT((#16748,#16753));
#16748 = SURFACE_STYLE_USAGE(.BOTH.,#16749);
#16749 = SURFACE_SIDE_STYLE('',(#16750));
#16750 = SURFACE_STYLE_FILL_AREA(#16751);
#16751 = FILL_AREA_STYLE('',(#16752));
#16752 = FILL_AREA_STYLE_COLOUR('',#14086);
#16753 = CURVE_STYLE('',#16754,POSITIVE_LENGTH_MEASURE(0.1),#14086);
#16754 = DRAUGHTING_PRE_DEFINED_CURVE_FONT('continuous');
#16755 = STYLED_ITEM('color',(#16756),#7542);
#16756 = PRESENTATION_STYLE_ASSIGNMENT((#16757,#16762));
#16757 = SURFACE_STYLE_USAGE(.BOTH.,#16758);
#16758 = SURFACE_SIDE_STYLE('',(#16759));
#16759 = SURFACE_STYLE_FILL_AREA(#16760);
#16760 = FILL_AREA_STYLE('',(#16761));
#16761 = FILL_AREA_STYLE_COLOUR('',#14086);
#16762 = CURVE_STYLE('',#16763,POSITIVE_LENGTH_MEASURE(0.1),#14086);
#16763 = DRAUGHTING_PRE_DEFINED_CURVE_FONT('continuous');
#16764 = STYLED_ITEM('color',(#16765),#7559);
#16765 = PRESENTATION_STYLE_ASSIGNMENT((#16766,#16771));
#16766 = SURFACE_STYLE_USAGE(.BOTH.,#16767);
#16767 = SURFACE_SIDE_STYLE('',(#16768));
#16768 = SURFACE_STYLE_FILL_AREA(#16769);
#16769 = FILL_AREA_STYLE('',(#16770));
#16770 = FILL_AREA_STYLE_COLOUR('',#14086);
#16771 = CURVE_STYLE('',#16772,POSITIVE_LENGTH_MEASURE(0.1),#14086);
#16772 = DRAUGHTING_PRE_DEFINED_CURVE_FONT('continuous');
#16773 = STYLED_ITEM('color',(#16774),#7576);
#16774 = PRESENTATION_STYLE_ASSIGNMENT((#16775,#16780));
#16775 = SURFACE_STYLE_USAGE(.BOTH.,#16776);
#16776 = SURFACE_SIDE_STYLE('',(#16777));
#16777 = SURFACE_STYLE_FILL_AREA(#16778);
#16778 = FILL_AREA_STYLE('',(#16779));
#16779 = FILL_AREA_STYLE_COLOUR('',#14086);
#16780 = CURVE_STYLE('',#16781,POSITIVE_LENGTH_MEASURE(0.1),#14086);
#16781 = DRAUGHTING_PRE_DEFINED_CURVE_FONT('continuous');
#16782 = STYLED_ITEM('color',(#16783),#7593);
#16783 = PRESENTATION_STYLE_ASSIGNMENT((#16784,#16789));
#16784 = SURFACE_STYLE_USAGE(.BOTH.,#16785);
#16785 = SURFACE_SIDE_STYLE('',(#16786));
#16786 = SURFACE_STYLE_FILL_AREA(#16787);
#16787 = FILL_AREA_STYLE('',(#16788));
#16788 = FILL_AREA_STYLE_COLOUR('',#14086);
#16789 = CURVE_STYLE('',#16790,POSITIVE_LENGTH_MEASURE(0.1),#14086);
#16790 = DRAUGHTING_PRE_DEFINED_CURVE_FONT('continuous');
#16791 = STYLED_ITEM('color',(#16792),#7610);
#16792 = PRESENTATION_STYLE_ASSIGNMENT((#16793,#16798));
#16793 = SURFACE_STYLE_USAGE(.BOTH.,#16794);
#16794 = SURFACE_SIDE_STYLE('',(#16795));
#16795 = SURFACE_STYLE_FILL_AREA(#16796);
#16796 = FILL_AREA_STYLE('',(#16797));
#16797 = FILL_AREA_STYLE_COLOUR('',#14086);
#16798 = CURVE_STYLE('',#16799,POSITIVE_LENGTH_MEASURE(0.1),#14086);
#16799 = DRAUGHTING_PRE_DEFINED_CURVE_FONT('continuous');
#16800 = STYLED_ITEM('color',(#16801),#7627);
#16801 = PRESENTATION_STYLE_ASSIGNMENT((#16802,#16807));
#16802 = SURFACE_STYLE_USAGE(.BOTH.,#16803);
#16803 = SURFACE_SIDE_STYLE('',(#16804));
#16804 = SURFACE_STYLE_FILL_AREA(#16805);
#16805 = FILL_AREA_STYLE('',(#16806));
#16806 = FILL_AREA_STYLE_COLOUR('',#14086);
#16807 = CURVE_STYLE('',#16808,POSITIVE_LENGTH_MEASURE(0.1),#14086);
#16808 = DRAUGHTING_PRE_DEFINED_CURVE_FONT('continuous');
#16809 = STYLED_ITEM('color',(#16810),#7644);
#16810 = PRESENTATION_STYLE_ASSIGNMENT((#16811,#16816));
#16811 = SURFACE_STYLE_USAGE(.BOTH.,#16812);
#16812 = SURFACE_SIDE_STYLE('',(#16813));
#16813 = SURFACE_STYLE_FILL_AREA(#16814);
#16814 = FILL_AREA_STYLE('',(#16815));
#16815 = FILL_AREA_STYLE_COLOUR('',#14086);
#16816 = CURVE_STYLE('',#16817,POSITIVE_LENGTH_MEASURE(0.1),#14086);
#16817 = DRAUGHTING_PRE_DEFINED_CURVE_FONT('continuous');
#16818 = STYLED_ITEM('color',(#16819),#7656);
#16819 = PRESENTATION_STYLE_ASSIGNMENT((#16820,#16825));
#16820 = SURFACE_STYLE_USAGE(.BOTH.,#16821);
#16821 = SURFACE_SIDE_STYLE('',(#16822));
#16822 = SURFACE_STYLE_FILL_AREA(#16823);
#16823 = FILL_AREA_STYLE('',(#16824));
#16824 = FILL_AREA_STYLE_COLOUR('',#14086);
#16825 = CURVE_STYLE('',#16826,POSITIVE_LENGTH_MEASURE(0.1),#14086);
#16826 = DRAUGHTING_PRE_DEFINED_CURVE_FONT('continuous');
#16827 = STYLED_ITEM('color',(#16828),#7673);
#16828 = PRESENTATION_STYLE_ASSIGNMENT((#16829,#16834));
#16829 = SURFACE_STYLE_USAGE(.BOTH.,#16830);
#16830 = SURFACE_SIDE_STYLE('',(#16831));
#16831 = SURFACE_STYLE_FILL_AREA(#16832);
#16832 = FILL_AREA_STYLE('',(#16833));
#16833 = FILL_AREA_STYLE_COLOUR('',#14086);
#16834 = CURVE_STYLE('',#16835,POSITIVE_LENGTH_MEASURE(0.1),#14086);
#16835 = DRAUGHTING_PRE_DEFINED_CURVE_FONT('continuous');
#16836 = STYLED_ITEM('color',(#16837),#7690);
#16837 = PRESENTATION_STYLE_ASSIGNMENT((#16838,#16843));
#16838 = SURFACE_STYLE_USAGE(.BOTH.,#16839);
#16839 = SURFACE_SIDE_STYLE('',(#16840));
#16840 = SURFACE_STYLE_FILL_AREA(#16841);
#16841 = FILL_AREA_STYLE('',(#16842));
#16842 = FILL_AREA_STYLE_COLOUR('',#14086);
#16843 = CURVE_STYLE('',#16844,POSITIVE_LENGTH_MEASURE(0.1),#14086);
#16844 = DRAUGHTING_PRE_DEFINED_CURVE_FONT('continuous');
#16845 = STYLED_ITEM('color',(#16846),#7707);
#16846 = PRESENTATION_STYLE_ASSIGNMENT((#16847,#16852));
#16847 = SURFACE_STYLE_USAGE(.BOTH.,#16848);
#16848 = SURFACE_SIDE_STYLE('',(#16849));
#16849 = SURFACE_STYLE_FILL_AREA(#16850);
#16850 = FILL_AREA_STYLE('',(#16851));
#16851 = FILL_AREA_STYLE_COLOUR('',#14086);
#16852 = CURVE_STYLE('',#16853,POSITIVE_LENGTH_MEASURE(0.1),#14086);
#16853 = DRAUGHTING_PRE_DEFINED_CURVE_FONT('continuous');
#16854 = STYLED_ITEM('color',(#16855),#7724);
#16855 = PRESENTATION_STYLE_ASSIGNMENT((#16856,#16861));
#16856 = SURFACE_STYLE_USAGE(.BOTH.,#16857);
#16857 = SURFACE_SIDE_STYLE('',(#16858));
#16858 = SURFACE_STYLE_FILL_AREA(#16859);
#16859 = FILL_AREA_STYLE('',(#16860));
#16860 = FILL_AREA_STYLE_COLOUR('',#14086);
#16861 = CURVE_STYLE('',#16862,POSITIVE_LENGTH_MEASURE(0.1),#14086);
#16862 = DRAUGHTING_PRE_DEFINED_CURVE_FONT('continuous');
#16863 = STYLED_ITEM('color',(#16864),#7741);
#16864 = PRESENTATION_STYLE_ASSIGNMENT((#16865,#16870));
#16865 = SURFACE_STYLE_USAGE(.BOTH.,#16866);
#16866 = SURFACE_SIDE_STYLE('',(#16867));
#16867 = SURFACE_STYLE_FILL_AREA(#16868);
#16868 = FILL_AREA_STYLE('',(#16869));
#16869 = FILL_AREA_STYLE_COLOUR('',#14086);
#16870 = CURVE_STYLE('',#16871,POSITIVE_LENGTH_MEASURE(0.1),#14086);
#16871 = DRAUGHTING_PRE_DEFINED_CURVE_FONT('continuous');
#16872 = STYLED_ITEM('color',(#16873),#7758);
#16873 = PRESENTATION_STYLE_ASSIGNMENT((#16874,#16879));
#16874 = SURFACE_STYLE_USAGE(.BOTH.,#16875);
#16875 = SURFACE_SIDE_STYLE('',(#16876));
#16876 = SURFACE_STYLE_FILL_AREA(#16877);
#16877 = FILL_AREA_STYLE('',(#16878));
#16878 = FILL_AREA_STYLE_COLOUR('',#14086);
#16879 = CURVE_STYLE('',#16880,POSITIVE_LENGTH_MEASURE(0.1),#14086);
#16880 = DRAUGHTING_PRE_DEFINED_CURVE_FONT('continuous');
#16881 = STYLED_ITEM('color',(#16882),#7775);
#16882 = PRESENTATION_STYLE_ASSIGNMENT((#16883,#16888));
#16883 = SURFACE_STYLE_USAGE(.BOTH.,#16884);
#16884 = SURFACE_SIDE_STYLE('',(#16885));
#16885 = SURFACE_STYLE_FILL_AREA(#16886);
#16886 = FILL_AREA_STYLE('',(#16887));
#16887 = FILL_AREA_STYLE_COLOUR('',#14086);
#16888 = CURVE_STYLE('',#16889,POSITIVE_LENGTH_MEASURE(0.1),#14086);
#16889 = DRAUGHTING_PRE_DEFINED_CURVE_FONT('continuous');
#16890 = STYLED_ITEM('color',(#16891),#7787);
#16891 = PRESENTATION_STYLE_ASSIGNMENT((#16892,#16897));
#16892 = SURFACE_STYLE_USAGE(.BOTH.,#16893);
#16893 = SURFACE_SIDE_STYLE('',(#16894));
#16894 = SURFACE_STYLE_FILL_AREA(#16895);
#16895 = FILL_AREA_STYLE('',(#16896));
#16896 = FILL_AREA_STYLE_COLOUR('',#14086);
#16897 = CURVE_STYLE('',#16898,POSITIVE_LENGTH_MEASURE(0.1),#14086);
#16898 = DRAUGHTING_PRE_DEFINED_CURVE_FONT('continuous');
#16899 = STYLED_ITEM('color',(#16900),#7804);
#16900 = PRESENTATION_STYLE_ASSIGNMENT((#16901,#16906));
#16901 = SURFACE_STYLE_USAGE(.BOTH.,#16902);
#16902 = SURFACE_SIDE_STYLE('',(#16903));
#16903 = SURFACE_STYLE_FILL_AREA(#16904);
#16904 = FILL_AREA_STYLE('',(#16905));
#16905 = FILL_AREA_STYLE_COLOUR('',#14086);
#16906 = CURVE_STYLE('',#16907,POSITIVE_LENGTH_MEASURE(0.1),#14086);
#16907 = DRAUGHTING_PRE_DEFINED_CURVE_FONT('continuous');
#16908 = STYLED_ITEM('color',(#16909),#7821);
#16909 = PRESENTATION_STYLE_ASSIGNMENT((#16910,#16915));
#16910 = SURFACE_STYLE_USAGE(.BOTH.,#16911);
#16911 = SURFACE_SIDE_STYLE('',(#16912));
#16912 = SURFACE_STYLE_FILL_AREA(#16913);
#16913 = FILL_AREA_STYLE('',(#16914));
#16914 = FILL_AREA_STYLE_COLOUR('',#14086);
#16915 = CURVE_STYLE('',#16916,POSITIVE_LENGTH_MEASURE(0.1),#14086);
#16916 = DRAUGHTING_PRE_DEFINED_CURVE_FONT('continuous');
#16917 = STYLED_ITEM('color',(#16918),#7838);
#16918 = PRESENTATION_STYLE_ASSIGNMENT((#16919,#16924));
#16919 = SURFACE_STYLE_USAGE(.BOTH.,#16920);
#16920 = SURFACE_SIDE_STYLE('',(#16921));
#16921 = SURFACE_STYLE_FILL_AREA(#16922);
#16922 = FILL_AREA_STYLE('',(#16923));
#16923 = FILL_AREA_STYLE_COLOUR('',#14086);
#16924 = CURVE_STYLE('',#16925,POSITIVE_LENGTH_MEASURE(0.1),#14086);
#16925 = DRAUGHTING_PRE_DEFINED_CURVE_FONT('continuous');
#16926 = STYLED_ITEM('color',(#16927),#7855);
#16927 = PRESENTATION_STYLE_ASSIGNMENT((#16928,#16933));
#16928 = SURFACE_STYLE_USAGE(.BOTH.,#16929);
#16929 = SURFACE_SIDE_STYLE('',(#16930));
#16930 = SURFACE_STYLE_FILL_AREA(#16931);
#16931 = FILL_AREA_STYLE('',(#16932));
#16932 = FILL_AREA_STYLE_COLOUR('',#14086);
#16933 = CURVE_STYLE('',#16934,POSITIVE_LENGTH_MEASURE(0.1),#14086);
#16934 = DRAUGHTING_PRE_DEFINED_CURVE_FONT('continuous');
#16935 = STYLED_ITEM('color',(#16936),#7872);
#16936 = PRESENTATION_STYLE_ASSIGNMENT((#16937,#16942));
#16937 = SURFACE_STYLE_USAGE(.BOTH.,#16938);
#16938 = SURFACE_SIDE_STYLE('',(#16939));
#16939 = SURFACE_STYLE_FILL_AREA(#16940);
#16940 = FILL_AREA_STYLE('',(#16941));
#16941 = FILL_AREA_STYLE_COLOUR('',#14086);
#16942 = CURVE_STYLE('',#16943,POSITIVE_LENGTH_MEASURE(0.1),#14086);
#16943 = DRAUGHTING_PRE_DEFINED_CURVE_FONT('continuous');
#16944 = STYLED_ITEM('color',(#16945),#7889);
#16945 = PRESENTATION_STYLE_ASSIGNMENT((#16946,#16951));
#16946 = SURFACE_STYLE_USAGE(.BOTH.,#16947);
#16947 = SURFACE_SIDE_STYLE('',(#16948));
#16948 = SURFACE_STYLE_FILL_AREA(#16949);
#16949 = FILL_AREA_STYLE('',(#16950));
#16950 = FILL_AREA_STYLE_COLOUR('',#14086);
#16951 = CURVE_STYLE('',#16952,POSITIVE_LENGTH_MEASURE(0.1),#14086);
#16952 = DRAUGHTING_PRE_DEFINED_CURVE_FONT('continuous');
#16953 = STYLED_ITEM('color',(#16954),#7906);
#16954 = PRESENTATION_STYLE_ASSIGNMENT((#16955,#16960));
#16955 = SURFACE_STYLE_USAGE(.BOTH.,#16956);
#16956 = SURFACE_SIDE_STYLE('',(#16957));
#16957 = SURFACE_STYLE_FILL_AREA(#16958);
#16958 = FILL_AREA_STYLE('',(#16959));
#16959 = FILL_AREA_STYLE_COLOUR('',#14086);
#16960 = CURVE_STYLE('',#16961,POSITIVE_LENGTH_MEASURE(0.1),#14086);
#16961 = DRAUGHTING_PRE_DEFINED_CURVE_FONT('continuous');
#16962 = STYLED_ITEM('color',(#16963),#7918);
#16963 = PRESENTATION_STYLE_ASSIGNMENT((#16964,#16969));
#16964 = SURFACE_STYLE_USAGE(.BOTH.,#16965);
#16965 = SURFACE_SIDE_STYLE('',(#16966));
#16966 = SURFACE_STYLE_FILL_AREA(#16967);
#16967 = FILL_AREA_STYLE('',(#16968));
#16968 = FILL_AREA_STYLE_COLOUR('',#14086);
#16969 = CURVE_STYLE('',#16970,POSITIVE_LENGTH_MEASURE(0.1),#14086);
#16970 = DRAUGHTING_PRE_DEFINED_CURVE_FONT('continuous');
#16971 = STYLED_ITEM('color',(#16972),#7935);
#16972 = PRESENTATION_STYLE_ASSIGNMENT((#16973,#16978));
#16973 = SURFACE_STYLE_USAGE(.BOTH.,#16974);
#16974 = SURFACE_SIDE_STYLE('',(#16975));
#16975 = SURFACE_STYLE_FILL_AREA(#16976);
#16976 = FILL_AREA_STYLE('',(#16977));
#16977 = FILL_AREA_STYLE_COLOUR('',#14086);
#16978 = CURVE_STYLE('',#16979,POSITIVE_LENGTH_MEASURE(0.1),#14086);
#16979 = DRAUGHTING_PRE_DEFINED_CURVE_FONT('continuous');
#16980 = STYLED_ITEM('color',(#16981),#7952);
#16981 = PRESENTATION_STYLE_ASSIGNMENT((#16982,#16987));
#16982 = SURFACE_STYLE_USAGE(.BOTH.,#16983);
#16983 = SURFACE_SIDE_STYLE('',(#16984));
#16984 = SURFACE_STYLE_FILL_AREA(#16985);
#16985 = FILL_AREA_STYLE('',(#16986));
#16986 = FILL_AREA_STYLE_COLOUR('',#14086);
#16987 = CURVE_STYLE('',#16988,POSITIVE_LENGTH_MEASURE(0.1),#14086);
#16988 = DRAUGHTING_PRE_DEFINED_CURVE_FONT('continuous');
#16989 = STYLED_ITEM('color',(#16990),#7969);
#16990 = PRESENTATION_STYLE_ASSIGNMENT((#16991,#16996));
#16991 = SURFACE_STYLE_USAGE(.BOTH.,#16992);
#16992 = SURFACE_SIDE_STYLE('',(#16993));
#16993 = SURFACE_STYLE_FILL_AREA(#16994);
#16994 = FILL_AREA_STYLE('',(#16995));
#16995 = FILL_AREA_STYLE_COLOUR('',#14086);
#16996 = CURVE_STYLE('',#16997,POSITIVE_LENGTH_MEASURE(0.1),#14086);
#16997 = DRAUGHTING_PRE_DEFINED_CURVE_FONT('continuous');
#16998 = STYLED_ITEM('color',(#16999),#7986);
#16999 = PRESENTATION_STYLE_ASSIGNMENT((#17000,#17005));
#17000 = SURFACE_STYLE_USAGE(.BOTH.,#17001);
#17001 = SURFACE_SIDE_STYLE('',(#17002));
#17002 = SURFACE_STYLE_FILL_AREA(#17003);
#17003 = FILL_AREA_STYLE('',(#17004));
#17004 = FILL_AREA_STYLE_COLOUR('',#14086);
#17005 = CURVE_STYLE('',#17006,POSITIVE_LENGTH_MEASURE(0.1),#14086);
#17006 = DRAUGHTING_PRE_DEFINED_CURVE_FONT('continuous');
#17007 = STYLED_ITEM('color',(#17008),#8003);
#17008 = PRESENTATION_STYLE_ASSIGNMENT((#17009,#17014));
#17009 = SURFACE_STYLE_USAGE(.BOTH.,#17010);
#17010 = SURFACE_SIDE_STYLE('',(#17011));
#17011 = SURFACE_STYLE_FILL_AREA(#17012);
#17012 = FILL_AREA_STYLE('',(#17013));
#17013 = FILL_AREA_STYLE_COLOUR('',#14086);
#17014 = CURVE_STYLE('',#17015,POSITIVE_LENGTH_MEASURE(0.1),#14086);
#17015 = DRAUGHTING_PRE_DEFINED_CURVE_FONT('continuous');
#17016 = STYLED_ITEM('color',(#17017),#8020);
#17017 = PRESENTATION_STYLE_ASSIGNMENT((#17018,#17023));
#17018 = SURFACE_STYLE_USAGE(.BOTH.,#17019);
#17019 = SURFACE_SIDE_STYLE('',(#17020));
#17020 = SURFACE_STYLE_FILL_AREA(#17021);
#17021 = FILL_AREA_STYLE('',(#17022));
#17022 = FILL_AREA_STYLE_COLOUR('',#14086);
#17023 = CURVE_STYLE('',#17024,POSITIVE_LENGTH_MEASURE(0.1),#14086);
#17024 = DRAUGHTING_PRE_DEFINED_CURVE_FONT('continuous');
#17025 = STYLED_ITEM('color',(#17026),#8037);
#17026 = PRESENTATION_STYLE_ASSIGNMENT((#17027,#17032));
#17027 = SURFACE_STYLE_USAGE(.BOTH.,#17028);
#17028 = SURFACE_SIDE_STYLE('',(#17029));
#17029 = SURFACE_STYLE_FILL_AREA(#17030);
#17030 = FILL_AREA_STYLE('',(#17031));
#17031 = FILL_AREA_STYLE_COLOUR('',#14086);
#17032 = CURVE_STYLE('',#17033,POSITIVE_LENGTH_MEASURE(0.1),#14086);
#17033 = DRAUGHTING_PRE_DEFINED_CURVE_FONT('continuous');
#17034 = STYLED_ITEM('color',(#17035),#8049);
#17035 = PRESENTATION_STYLE_ASSIGNMENT((#17036,#17041));
#17036 = SURFACE_STYLE_USAGE(.BOTH.,#17037);
#17037 = SURFACE_SIDE_STYLE('',(#17038));
#17038 = SURFACE_STYLE_FILL_AREA(#17039);
#17039 = FILL_AREA_STYLE('',(#17040));
#17040 = FILL_AREA_STYLE_COLOUR('',#14086);
#17041 = CURVE_STYLE('',#17042,POSITIVE_LENGTH_MEASURE(0.1),#14086);
#17042 = DRAUGHTING_PRE_DEFINED_CURVE_FONT('continuous');
#17043 = STYLED_ITEM('color',(#17044),#8066);
#17044 = PRESENTATION_STYLE_ASSIGNMENT((#17045,#17050));
#17045 = SURFACE_STYLE_USAGE(.BOTH.,#17046);
#17046 = SURFACE_SIDE_STYLE('',(#17047));
#17047 = SURFACE_STYLE_FILL_AREA(#17048);
#17048 = FILL_AREA_STYLE('',(#17049));
#17049 = FILL_AREA_STYLE_COLOUR('',#14086);
#17050 = CURVE_STYLE('',#17051,POSITIVE_LENGTH_MEASURE(0.1),#14086);
#17051 = DRAUGHTING_PRE_DEFINED_CURVE_FONT('continuous');
#17052 = STYLED_ITEM('color',(#17053),#8083);
#17053 = PRESENTATION_STYLE_ASSIGNMENT((#17054,#17059));
#17054 = SURFACE_STYLE_USAGE(.BOTH.,#17055);
#17055 = SURFACE_SIDE_STYLE('',(#17056));
#17056 = SURFACE_STYLE_FILL_AREA(#17057);
#17057 = FILL_AREA_STYLE('',(#17058));
#17058 = FILL_AREA_STYLE_COLOUR('',#14086);
#17059 = CURVE_STYLE('',#17060,POSITIVE_LENGTH_MEASURE(0.1),#14086);
#17060 = DRAUGHTING_PRE_DEFINED_CURVE_FONT('continuous');
#17061 = STYLED_ITEM('color',(#17062),#8100);
#17062 = PRESENTATION_STYLE_ASSIGNMENT((#17063,#17068));
#17063 = SURFACE_STYLE_USAGE(.BOTH.,#17064);
#17064 = SURFACE_SIDE_STYLE('',(#17065));
#17065 = SURFACE_STYLE_FILL_AREA(#17066);
#17066 = FILL_AREA_STYLE('',(#17067));
#17067 = FILL_AREA_STYLE_COLOUR('',#14086);
#17068 = CURVE_STYLE('',#17069,POSITIVE_LENGTH_MEASURE(0.1),#14086);
#17069 = DRAUGHTING_PRE_DEFINED_CURVE_FONT('continuous');
#17070 = STYLED_ITEM('color',(#17071),#8117);
#17071 = PRESENTATION_STYLE_ASSIGNMENT((#17072,#17077));
#17072 = SURFACE_STYLE_USAGE(.BOTH.,#17073);
#17073 = SURFACE_SIDE_STYLE('',(#17074));
#17074 = SURFACE_STYLE_FILL_AREA(#17075);
#17075 = FILL_AREA_STYLE('',(#17076));
#17076 = FILL_AREA_STYLE_COLOUR('',#14086);
#17077 = CURVE_STYLE('',#17078,POSITIVE_LENGTH_MEASURE(0.1),#14086);
#17078 = DRAUGHTING_PRE_DEFINED_CURVE_FONT('continuous');
#17079 = STYLED_ITEM('color',(#17080),#8134);
#17080 = PRESENTATION_STYLE_ASSIGNMENT((#17081,#17086));
#17081 = SURFACE_STYLE_USAGE(.BOTH.,#17082);
#17082 = SURFACE_SIDE_STYLE('',(#17083));
#17083 = SURFACE_STYLE_FILL_AREA(#17084);
#17084 = FILL_AREA_STYLE('',(#17085));
#17085 = FILL_AREA_STYLE_COLOUR('',#14086);
#17086 = CURVE_STYLE('',#17087,POSITIVE_LENGTH_MEASURE(0.1),#14086);
#17087 = DRAUGHTING_PRE_DEFINED_CURVE_FONT('continuous');
#17088 = STYLED_ITEM('color',(#17089),#8151);
#17089 = PRESENTATION_STYLE_ASSIGNMENT((#17090,#17095));
#17090 = SURFACE_STYLE_USAGE(.BOTH.,#17091);
#17091 = SURFACE_SIDE_STYLE('',(#17092));
#17092 = SURFACE_STYLE_FILL_AREA(#17093);
#17093 = FILL_AREA_STYLE('',(#17094));
#17094 = FILL_AREA_STYLE_COLOUR('',#14086);
#17095 = CURVE_STYLE('',#17096,POSITIVE_LENGTH_MEASURE(0.1),#14086);
#17096 = DRAUGHTING_PRE_DEFINED_CURVE_FONT('continuous');
#17097 = STYLED_ITEM('color',(#17098),#8168);
#17098 = PRESENTATION_STYLE_ASSIGNMENT((#17099,#17104));
#17099 = SURFACE_STYLE_USAGE(.BOTH.,#17100);
#17100 = SURFACE_SIDE_STYLE('',(#17101));
#17101 = SURFACE_STYLE_FILL_AREA(#17102);
#17102 = FILL_AREA_STYLE('',(#17103));
#17103 = FILL_AREA_STYLE_COLOUR('',#14086);
#17104 = CURVE_STYLE('',#17105,POSITIVE_LENGTH_MEASURE(0.1),#14086);
#17105 = DRAUGHTING_PRE_DEFINED_CURVE_FONT('continuous');
#17106 = STYLED_ITEM('color',(#17107),#8180);
#17107 = PRESENTATION_STYLE_ASSIGNMENT((#17108,#17114));
#17108 = SURFACE_STYLE_USAGE(.BOTH.,#17109);
#17109 = SURFACE_SIDE_STYLE('',(#17110));
#17110 = SURFACE_STYLE_FILL_AREA(#17111);
#17111 = FILL_AREA_STYLE('',(#17112));
#17112 = FILL_AREA_STYLE_COLOUR('',#17113);
#17113 = COLOUR_RGB('',0.690999998585,0.664000007176,0.597999987832);
#17114 = CURVE_STYLE('',#17115,POSITIVE_LENGTH_MEASURE(0.1),#17113);
#17115 = DRAUGHTING_PRE_DEFINED_CURVE_FONT('continuous');
#17116 = MECHANICAL_DESIGN_GEOMETRIC_PRESENTATION_REPRESENTATION('',(
    #17117,#17124,#17131,#17138,#17145,#17152,#17159,#17166,#17173,
    #17180,#17187,#17194,#17201,#17208,#17216,#17223,#17230,#17237,
    #17244,#17251,#17258,#17265,#17272,#17279,#17286,#17293),#870);
#17117 = STYLED_ITEM('color',(#17118),#82);
#17118 = PRESENTATION_STYLE_ASSIGNMENT((#17119));
#17119 = SURFACE_STYLE_USAGE(.BOTH.,#17120);
#17120 = SURFACE_SIDE_STYLE('',(#17121));
#17121 = SURFACE_STYLE_FILL_AREA(#17122);
#17122 = FILL_AREA_STYLE('',(#17123));
#17123 = FILL_AREA_STYLE_COLOUR('',#14086);
#17124 = STYLED_ITEM('color',(#17125),#122);
#17125 = PRESENTATION_STYLE_ASSIGNMENT((#17126));
#17126 = SURFACE_STYLE_USAGE(.BOTH.,#17127);
#17127 = SURFACE_SIDE_STYLE('',(#17128));
#17128 = SURFACE_STYLE_FILL_AREA(#17129);
#17129 = FILL_AREA_STYLE('',(#17130));
#17130 = FILL_AREA_STYLE_COLOUR('',#14086);
#17131 = STYLED_ITEM('color',(#17132),#205);
#17132 = PRESENTATION_STYLE_ASSIGNMENT((#17133));
#17133 = SURFACE_STYLE_USAGE(.BOTH.,#17134);
#17134 = SURFACE_SIDE_STYLE('',(#17135));
#17135 = SURFACE_STYLE_FILL_AREA(#17136);
#17136 = FILL_AREA_STYLE('',(#17137));
#17137 = FILL_AREA_STYLE_COLOUR('',#14086);
#17138 = STYLED_ITEM('color',(#17139),#230);
#17139 = PRESENTATION_STYLE_ASSIGNMENT((#17140));
#17140 = SURFACE_STYLE_USAGE(.BOTH.,#17141);
#17141 = SURFACE_SIDE_STYLE('',(#17142));
#17142 = SURFACE_STYLE_FILL_AREA(#17143);
#17143 = FILL_AREA_STYLE('',(#17144));
#17144 = FILL_AREA_STYLE_COLOUR('',#14086);
#17145 = STYLED_ITEM('color',(#17146),#255);
#17146 = PRESENTATION_STYLE_ASSIGNMENT((#17147));
#17147 = SURFACE_STYLE_USAGE(.BOTH.,#17148);
#17148 = SURFACE_SIDE_STYLE('',(#17149));
#17149 = SURFACE_STYLE_FILL_AREA(#17150);
#17150 = FILL_AREA_STYLE('',(#17151));
#17151 = FILL_AREA_STYLE_COLOUR('',#14086);
#17152 = STYLED_ITEM('color',(#17153),#322);
#17153 = PRESENTATION_STYLE_ASSIGNMENT((#17154));
#17154 = SURFACE_STYLE_USAGE(.BOTH.,#17155);
#17155 = SURFACE_SIDE_STYLE('',(#17156));
#17156 = SURFACE_STYLE_FILL_AREA(#17157);
#17157 = FILL_AREA_STYLE('',(#17158));
#17158 = FILL_AREA_STYLE_COLOUR('',#14086);
#17159 = STYLED_ITEM('color',(#17160),#339);
#17160 = PRESENTATION_STYLE_ASSIGNMENT((#17161));
#17161 = SURFACE_STYLE_USAGE(.BOTH.,#17162);
#17162 = SURFACE_SIDE_STYLE('',(#17163));
#17163 = SURFACE_STYLE_FILL_AREA(#17164);
#17164 = FILL_AREA_STYLE('',(#17165));
#17165 = FILL_AREA_STYLE_COLOUR('',#14086);
#17166 = STYLED_ITEM('color',(#17167),#356);
#17167 = PRESENTATION_STYLE_ASSIGNMENT((#17168));
#17168 = SURFACE_STYLE_USAGE(.BOTH.,#17169);
#17169 = SURFACE_SIDE_STYLE('',(#17170));
#17170 = SURFACE_STYLE_FILL_AREA(#17171);
#17171 = FILL_AREA_STYLE('',(#17172));
#17172 = FILL_AREA_STYLE_COLOUR('',#13932);
#17173 = STYLED_ITEM('color',(#17174),#405);
#17174 = PRESENTATION_STYLE_ASSIGNMENT((#17175));
#17175 = SURFACE_STYLE_USAGE(.BOTH.,#17176);
#17176 = SURFACE_SIDE_STYLE('',(#17177));
#17177 = SURFACE_STYLE_FILL_AREA(#17178);
#17178 = FILL_AREA_STYLE('',(#17179));
#17179 = FILL_AREA_STYLE_COLOUR('',#14086);
#17180 = STYLED_ITEM('color',(#17181),#422);
#17181 = PRESENTATION_STYLE_ASSIGNMENT((#17182));
#17182 = SURFACE_STYLE_USAGE(.BOTH.,#17183);
#17183 = SURFACE_SIDE_STYLE('',(#17184));
#17184 = SURFACE_STYLE_FILL_AREA(#17185);
#17185 = FILL_AREA_STYLE('',(#17186));
#17186 = FILL_AREA_STYLE_COLOUR('',#14086);
#17187 = STYLED_ITEM('color',(#17188),#439);
#17188 = PRESENTATION_STYLE_ASSIGNMENT((#17189));
#17189 = SURFACE_STYLE_USAGE(.BOTH.,#17190);
#17190 = SURFACE_SIDE_STYLE('',(#17191));
#17191 = SURFACE_STYLE_FILL_AREA(#17192);
#17192 = FILL_AREA_STYLE('',(#17193));
#17193 = FILL_AREA_STYLE_COLOUR('',#13932);
#17194 = STYLED_ITEM('color',(#17195),#488);
#17195 = PRESENTATION_STYLE_ASSIGNMENT((#17196));
#17196 = SURFACE_STYLE_USAGE(.BOTH.,#17197);
#17197 = SURFACE_SIDE_STYLE('',(#17198));
#17198 = SURFACE_STYLE_FILL_AREA(#17199);
#17199 = FILL_AREA_STYLE('',(#17200));
#17200 = FILL_AREA_STYLE_COLOUR('',#13932);
#17201 = STYLED_ITEM('color',(#17202),#505);
#17202 = PRESENTATION_STYLE_ASSIGNMENT((#17203));
#17203 = SURFACE_STYLE_USAGE(.BOTH.,#17204);
#17204 = SURFACE_SIDE_STYLE('',(#17205));
#17205 = SURFACE_STYLE_FILL_AREA(#17206);
#17206 = FILL_AREA_STYLE('',(#17207));
#17207 = FILL_AREA_STYLE_COLOUR('',#14086);
#17208 = STYLED_ITEM('color',(#17209),#574);
#17209 = PRESENTATION_STYLE_ASSIGNMENT((#17210));
#17210 = SURFACE_STYLE_USAGE(.BOTH.,#17211);
#17211 = SURFACE_SIDE_STYLE('',(#17212));
#17212 = SURFACE_STYLE_FILL_AREA(#17213);
#17213 = FILL_AREA_STYLE('',(#17214));
#17214 = FILL_AREA_STYLE_COLOUR('',#17215);
#17215 = COLOUR_RGB('',8.200000279077E-02,8.600000121357E-02,
  9.399999706163E-02);
#17216 = STYLED_ITEM('color',(#17217),#605);
#17217 = PRESENTATION_STYLE_ASSIGNMENT((#17218));
#17218 = SURFACE_STYLE_USAGE(.BOTH.,#17219);
#17219 = SURFACE_SIDE_STYLE('',(#17220));
#17220 = SURFACE_STYLE_FILL_AREA(#17221);
#17221 = FILL_AREA_STYLE('',(#17222));
#17222 = FILL_AREA_STYLE_COLOUR('',#17215);
#17223 = STYLED_ITEM('color',(#17224),#629);
#17224 = PRESENTATION_STYLE_ASSIGNMENT((#17225));
#17225 = SURFACE_STYLE_USAGE(.BOTH.,#17226);
#17226 = SURFACE_SIDE_STYLE('',(#17227));
#17227 = SURFACE_STYLE_FILL_AREA(#17228);
#17228 = FILL_AREA_STYLE('',(#17229));
#17229 = FILL_AREA_STYLE_COLOUR('',#14086);
#17230 = STYLED_ITEM('color',(#17231),#698);
#17231 = PRESENTATION_STYLE_ASSIGNMENT((#17232));
#17232 = SURFACE_STYLE_USAGE(.BOTH.,#17233);
#17233 = SURFACE_SIDE_STYLE('',(#17234));
#17234 = SURFACE_STYLE_FILL_AREA(#17235);
#17235 = FILL_AREA_STYLE('',(#17236));
#17236 = FILL_AREA_STYLE_COLOUR('',#17215);
#17237 = STYLED_ITEM('color',(#17238),#722);
#17238 = PRESENTATION_STYLE_ASSIGNMENT((#17239));
#17239 = SURFACE_STYLE_USAGE(.BOTH.,#17240);
#17240 = SURFACE_SIDE_STYLE('',(#17241));
#17241 = SURFACE_STYLE_FILL_AREA(#17242);
#17242 = FILL_AREA_STYLE('',(#17243));
#17243 = FILL_AREA_STYLE_COLOUR('',#14086);
#17244 = STYLED_ITEM('color',(#17245),#739);
#17245 = PRESENTATION_STYLE_ASSIGNMENT((#17246));
#17246 = SURFACE_STYLE_USAGE(.BOTH.,#17247);
#17247 = SURFACE_SIDE_STYLE('',(#17248));
#17248 = SURFACE_STYLE_FILL_AREA(#17249);
#17249 = FILL_AREA_STYLE('',(#17250));
#17250 = FILL_AREA_STYLE_COLOUR('',#14086);
#17251 = STYLED_ITEM('color',(#17252),#756);
#17252 = PRESENTATION_STYLE_ASSIGNMENT((#17253));
#17253 = SURFACE_STYLE_USAGE(.BOTH.,#17254);
#17254 = SURFACE_SIDE_STYLE('',(#17255));
#17255 = SURFACE_STYLE_FILL_AREA(#17256);
#17256 = FILL_AREA_STYLE('',(#17257));
#17257 = FILL_AREA_STYLE_COLOUR('',#14086);
#17258 = STYLED_ITEM('color',(#17259),#773);
#17259 = PRESENTATION_STYLE_ASSIGNMENT((#17260));
#17260 = SURFACE_STYLE_USAGE(.BOTH.,#17261);
#17261 = SURFACE_SIDE_STYLE('',(#17262));
#17262 = SURFACE_STYLE_FILL_AREA(#17263);
#17263 = FILL_AREA_STYLE('',(#17264));
#17264 = FILL_AREA_STYLE_COLOUR('',#14086);
#17265 = STYLED_ITEM('color',(#17266),#790);
#17266 = PRESENTATION_STYLE_ASSIGNMENT((#17267));
#17267 = SURFACE_STYLE_USAGE(.BOTH.,#17268);
#17268 = SURFACE_SIDE_STYLE('',(#17269));
#17269 = SURFACE_STYLE_FILL_AREA(#17270);
#17270 = FILL_AREA_STYLE('',(#17271));
#17271 = FILL_AREA_STYLE_COLOUR('',#14086);
#17272 = STYLED_ITEM('color',(#17273),#807);
#17273 = PRESENTATION_STYLE_ASSIGNMENT((#17274));
#17274 = SURFACE_STYLE_USAGE(.BOTH.,#17275);
#17275 = SURFACE_SIDE_STYLE('',(#17276));
#17276 = SURFACE_STYLE_FILL_AREA(#17277);
#17277 = FILL_AREA_STYLE('',(#17278));
#17278 = FILL_AREA_STYLE_COLOUR('',#14086);
#17279 = STYLED_ITEM('color',(#17280),#824);
#17280 = PRESENTATION_STYLE_ASSIGNMENT((#17281));
#17281 = SURFACE_STYLE_USAGE(.BOTH.,#17282);
#17282 = SURFACE_SIDE_STYLE('',(#17283));
#17283 = SURFACE_STYLE_FILL_AREA(#17284);
#17284 = FILL_AREA_STYLE('',(#17285));
#17285 = FILL_AREA_STYLE_COLOUR('',#14086);
#17286 = STYLED_ITEM('color',(#17287),#841);
#17287 = PRESENTATION_STYLE_ASSIGNMENT((#17288));
#17288 = SURFACE_STYLE_USAGE(.BOTH.,#17289);
#17289 = SURFACE_SIDE_STYLE('',(#17290));
#17290 = SURFACE_STYLE_FILL_AREA(#17291);
#17291 = FILL_AREA_STYLE('',(#17292));
#17292 = FILL_AREA_STYLE_COLOUR('',#17215);
#17293 = STYLED_ITEM('color',(#17294),#858);
#17294 = PRESENTATION_STYLE_ASSIGNMENT((#17295));
#17295 = SURFACE_STYLE_USAGE(.BOTH.,#17296);
#17296 = SURFACE_SIDE_STYLE('',(#17297));
#17297 = SURFACE_STYLE_FILL_AREA(#17298);
#17298 = FILL_AREA_STYLE('',(#17299));
#17299 = FILL_AREA_STYLE_COLOUR('',#17215);
#17300 = MECHANICAL_DESIGN_GEOMETRIC_PRESENTATION_REPRESENTATION('',(
    #17301,#17308,#17315,#17322,#17329,#17336,#17343,#17350,#17357,
    #17364,#17371,#17379,#17386,#17393,#17400,#17407,#17414,#17421,
    #17428,#17435,#17442,#17449,#17456,#17463,#17470,#17477,#17484,
    #17491),#9981);
#17301 = STYLED_ITEM('color',(#17302),#9129);
#17302 = PRESENTATION_STYLE_ASSIGNMENT((#17303));
#17303 = SURFACE_STYLE_USAGE(.BOTH.,#17304);
#17304 = SURFACE_SIDE_STYLE('',(#17305));
#17305 = SURFACE_STYLE_FILL_AREA(#17306);
#17306 = FILL_AREA_STYLE('',(#17307));
#17307 = FILL_AREA_STYLE_COLOUR('',#14086);
#17308 = STYLED_ITEM('color',(#17309),#9205);
#17309 = PRESENTATION_STYLE_ASSIGNMENT((#17310));
#17310 = SURFACE_STYLE_USAGE(.BOTH.,#17311);
#17311 = SURFACE_SIDE_STYLE('',(#17312));
#17312 = SURFACE_STYLE_FILL_AREA(#17313);
#17313 = FILL_AREA_STYLE('',(#17314));
#17314 = FILL_AREA_STYLE_COLOUR('',#14086);
#17315 = STYLED_ITEM('color',(#17316),#9236);
#17316 = PRESENTATION_STYLE_ASSIGNMENT((#17317));
#17317 = SURFACE_STYLE_USAGE(.BOTH.,#17318);
#17318 = SURFACE_SIDE_STYLE('',(#17319));
#17319 = SURFACE_STYLE_FILL_AREA(#17320);
#17320 = FILL_AREA_STYLE('',(#17321));
#17321 = FILL_AREA_STYLE_COLOUR('',#14086);
#17322 = STYLED_ITEM('color',(#17323),#9261);
#17323 = PRESENTATION_STYLE_ASSIGNMENT((#17324));
#17324 = SURFACE_STYLE_USAGE(.BOTH.,#17325);
#17325 = SURFACE_SIDE_STYLE('',(#17326));
#17326 = SURFACE_STYLE_FILL_AREA(#17327);
#17327 = FILL_AREA_STYLE('',(#17328));
#17328 = FILL_AREA_STYLE_COLOUR('',#14086);
#17329 = STYLED_ITEM('color',(#17330),#9286);
#17330 = PRESENTATION_STYLE_ASSIGNMENT((#17331));
#17331 = SURFACE_STYLE_USAGE(.BOTH.,#17332);
#17332 = SURFACE_SIDE_STYLE('',(#17333));
#17333 = SURFACE_STYLE_FILL_AREA(#17334);
#17334 = FILL_AREA_STYLE('',(#17335));
#17335 = FILL_AREA_STYLE_COLOUR('',#14086);
#17336 = STYLED_ITEM('color',(#17337),#9310);
#17337 = PRESENTATION_STYLE_ASSIGNMENT((#17338));
#17338 = SURFACE_STYLE_USAGE(.BOTH.,#17339);
#17339 = SURFACE_SIDE_STYLE('',(#17340));
#17340 = SURFACE_STYLE_FILL_AREA(#17341);
#17341 = FILL_AREA_STYLE('',(#17342));
#17342 = FILL_AREA_STYLE_COLOUR('',#14086);
#17343 = STYLED_ITEM('color',(#17344),#9334);
#17344 = PRESENTATION_STYLE_ASSIGNMENT((#17345));
#17345 = SURFACE_STYLE_USAGE(.BOTH.,#17346);
#17346 = SURFACE_SIDE_STYLE('',(#17347));
#17347 = SURFACE_STYLE_FILL_AREA(#17348);
#17348 = FILL_AREA_STYLE('',(#17349));
#17349 = FILL_AREA_STYLE_COLOUR('',#14086);
#17350 = STYLED_ITEM('color',(#17351),#9359);
#17351 = PRESENTATION_STYLE_ASSIGNMENT((#17352));
#17352 = SURFACE_STYLE_USAGE(.BOTH.,#17353);
#17353 = SURFACE_SIDE_STYLE('',(#17354));
#17354 = SURFACE_STYLE_FILL_AREA(#17355);
#17355 = FILL_AREA_STYLE('',(#17356));
#17356 = FILL_AREA_STYLE_COLOUR('',#14086);
#17357 = STYLED_ITEM('color',(#17358),#9384);
#17358 = PRESENTATION_STYLE_ASSIGNMENT((#17359));
#17359 = SURFACE_STYLE_USAGE(.BOTH.,#17360);
#17360 = SURFACE_SIDE_STYLE('',(#17361));
#17361 = SURFACE_STYLE_FILL_AREA(#17362);
#17362 = FILL_AREA_STYLE('',(#17363));
#17363 = FILL_AREA_STYLE_COLOUR('',#14086);
#17364 = STYLED_ITEM('color',(#17365),#9401);
#17365 = PRESENTATION_STYLE_ASSIGNMENT((#17366));
#17366 = SURFACE_STYLE_USAGE(.BOTH.,#17367);
#17367 = SURFACE_SIDE_STYLE('',(#17368));
#17368 = SURFACE_STYLE_FILL_AREA(#17369);
#17369 = FILL_AREA_STYLE('',(#17370));
#17370 = FILL_AREA_STYLE_COLOUR('',#14086);
#17371 = STYLED_ITEM('color',(#17372),#9487);
#17372 = PRESENTATION_STYLE_ASSIGNMENT((#17373));
#17373 = SURFACE_STYLE_USAGE(.BOTH.,#17374);
#17374 = SURFACE_SIDE_STYLE('',(#17375));
#17375 = SURFACE_STYLE_FILL_AREA(#17376);
#17376 = FILL_AREA_STYLE('',(#17377));
#17377 = FILL_AREA_STYLE_COLOUR('',#17378);
#17378 = COLOUR_RGB('',0.379000005575,0.270000008848,0.214999999939);
#17379 = STYLED_ITEM('color',(#17380),#9519);
#17380 = PRESENTATION_STYLE_ASSIGNMENT((#17381));
#17381 = SURFACE_STYLE_USAGE(.BOTH.,#17382);
#17382 = SURFACE_SIDE_STYLE('',(#17383));
#17383 = SURFACE_STYLE_FILL_AREA(#17384);
#17384 = FILL_AREA_STYLE('',(#17385));
#17385 = FILL_AREA_STYLE_COLOUR('',#17378);
#17386 = STYLED_ITEM('color',(#17387),#9543);
#17387 = PRESENTATION_STYLE_ASSIGNMENT((#17388));
#17388 = SURFACE_STYLE_USAGE(.BOTH.,#17389);
#17389 = SURFACE_SIDE_STYLE('',(#17390));
#17390 = SURFACE_STYLE_FILL_AREA(#17391);
#17391 = FILL_AREA_STYLE('',(#17392));
#17392 = FILL_AREA_STYLE_COLOUR('',#17378);
#17393 = STYLED_ITEM('color',(#17394),#9568);
#17394 = PRESENTATION_STYLE_ASSIGNMENT((#17395));
#17395 = SURFACE_STYLE_USAGE(.BOTH.,#17396);
#17396 = SURFACE_SIDE_STYLE('',(#17397));
#17397 = SURFACE_STYLE_FILL_AREA(#17398);
#17398 = FILL_AREA_STYLE('',(#17399));
#17399 = FILL_AREA_STYLE_COLOUR('',#17378);
#17400 = STYLED_ITEM('color',(#17401),#9592);
#17401 = PRESENTATION_STYLE_ASSIGNMENT((#17402));
#17402 = SURFACE_STYLE_USAGE(.BOTH.,#17403);
#17403 = SURFACE_SIDE_STYLE('',(#17404));
#17404 = SURFACE_STYLE_FILL_AREA(#17405);
#17405 = FILL_AREA_STYLE('',(#17406));
#17406 = FILL_AREA_STYLE_COLOUR('',#17378);
#17407 = STYLED_ITEM('color',(#17408),#9617);
#17408 = PRESENTATION_STYLE_ASSIGNMENT((#17409));
#17409 = SURFACE_STYLE_USAGE(.BOTH.,#17410);
#17410 = SURFACE_SIDE_STYLE('',(#17411));
#17411 = SURFACE_STYLE_FILL_AREA(#17412);
#17412 = FILL_AREA_STYLE('',(#17413));
#17413 = FILL_AREA_STYLE_COLOUR('',#17378);
#17414 = STYLED_ITEM('color',(#17415),#9641);
#17415 = PRESENTATION_STYLE_ASSIGNMENT((#17416));
#17416 = SURFACE_STYLE_USAGE(.BOTH.,#17417);
#17417 = SURFACE_SIDE_STYLE('',(#17418));
#17418 = SURFACE_STYLE_FILL_AREA(#17419);
#17419 = FILL_AREA_STYLE('',(#17420));
#17420 = FILL_AREA_STYLE_COLOUR('',#17378);
#17421 = STYLED_ITEM('color',(#17422),#9666);
#17422 = PRESENTATION_STYLE_ASSIGNMENT((#17423));
#17423 = SURFACE_STYLE_USAGE(.BOTH.,#17424);
#17424 = SURFACE_SIDE_STYLE('',(#17425));
#17425 = SURFACE_STYLE_FILL_AREA(#17426);
#17426 = FILL_AREA_STYLE('',(#17427));
#17427 = FILL_AREA_STYLE_COLOUR('',#17378);
#17428 = STYLED_ITEM('color',(#17429),#9683);
#17429 = PRESENTATION_STYLE_ASSIGNMENT((#17430));
#17430 = SURFACE_STYLE_USAGE(.BOTH.,#17431);
#17431 = SURFACE_SIDE_STYLE('',(#17432));
#17432 = SURFACE_STYLE_FILL_AREA(#17433);
#17433 = FILL_AREA_STYLE('',(#17434));
#17434 = FILL_AREA_STYLE_COLOUR('',#14086);
#17435 = STYLED_ITEM('color',(#17436),#9769);
#17436 = PRESENTATION_STYLE_ASSIGNMENT((#17437));
#17437 = SURFACE_STYLE_USAGE(.BOTH.,#17438);
#17438 = SURFACE_SIDE_STYLE('',(#17439));
#17439 = SURFACE_STYLE_FILL_AREA(#17440);
#17440 = FILL_AREA_STYLE('',(#17441));
#17441 = FILL_AREA_STYLE_COLOUR('',#14086);
#17442 = STYLED_ITEM('color',(#17443),#9800);
#17443 = PRESENTATION_STYLE_ASSIGNMENT((#17444));
#17444 = SURFACE_STYLE_USAGE(.BOTH.,#17445);
#17445 = SURFACE_SIDE_STYLE('',(#17446));
#17446 = SURFACE_STYLE_FILL_AREA(#17447);
#17447 = FILL_AREA_STYLE('',(#17448));
#17448 = FILL_AREA_STYLE_COLOUR('',#14086);
#17449 = STYLED_ITEM('color',(#17450),#9825);
#17450 = PRESENTATION_STYLE_ASSIGNMENT((#17451));
#17451 = SURFACE_STYLE_USAGE(.BOTH.,#17452);
#17452 = SURFACE_SIDE_STYLE('',(#17453));
#17453 = SURFACE_STYLE_FILL_AREA(#17454);
#17454 = FILL_AREA_STYLE('',(#17455));
#17455 = FILL_AREA_STYLE_COLOUR('',#14086);
#17456 = STYLED_ITEM('color',(#17457),#9850);
#17457 = PRESENTATION_STYLE_ASSIGNMENT((#17458));
#17458 = SURFACE_STYLE_USAGE(.BOTH.,#17459);
#17459 = SURFACE_SIDE_STYLE('',(#17460));
#17460 = SURFACE_STYLE_FILL_AREA(#17461);
#17461 = FILL_AREA_STYLE('',(#17462));
#17462 = FILL_AREA_STYLE_COLOUR('',#14086);
#17463 = STYLED_ITEM('color',(#17464),#9874);
#17464 = PRESENTATION_STYLE_ASSIGNMENT((#17465));
#17465 = SURFACE_STYLE_USAGE(.BOTH.,#17466);
#17466 = SURFACE_SIDE_STYLE('',(#17467));
#17467 = SURFACE_STYLE_FILL_AREA(#17468);
#17468 = FILL_AREA_STYLE('',(#17469));
#17469 = FILL_AREA_STYLE_COLOUR('',#14086);
#17470 = STYLED_ITEM('color',(#17471),#9898);
#17471 = PRESENTATION_STYLE_ASSIGNMENT((#17472));
#17472 = SURFACE_STYLE_USAGE(.BOTH.,#17473);
#17473 = SURFACE_SIDE_STYLE('',(#17474));
#17474 = SURFACE_STYLE_FILL_AREA(#17475);
#17475 = FILL_AREA_STYLE('',(#17476));
#17476 = FILL_AREA_STYLE_COLOUR('',#14086);
#17477 = STYLED_ITEM('color',(#17478),#9923);
#17478 = PRESENTATION_STYLE_ASSIGNMENT((#17479));
#17479 = SURFACE_STYLE_USAGE(.BOTH.,#17480);
#17480 = SURFACE_SIDE_STYLE('',(#17481));
#17481 = SURFACE_STYLE_FILL_AREA(#17482);
#17482 = FILL_AREA_STYLE('',(#17483));
#17483 = FILL_AREA_STYLE_COLOUR('',#14086);
#17484 = STYLED_ITEM('color',(#17485),#9948);
#17485 = PRESENTATION_STYLE_ASSIGNMENT((#17486));
#17486 = SURFACE_STYLE_USAGE(.BOTH.,#17487);
#17487 = SURFACE_SIDE_STYLE('',(#17488));
#17488 = SURFACE_STYLE_FILL_AREA(#17489);
#17489 = FILL_AREA_STYLE('',(#17490));
#17490 = FILL_AREA_STYLE_COLOUR('',#14086);
#17491 = STYLED_ITEM('color',(#17492),#9965);
#17492 = PRESENTATION_STYLE_ASSIGNMENT((#17493));
#17493 = SURFACE_STYLE_USAGE(.BOTH.,#17494);
#17494 = SURFACE_SIDE_STYLE('',(#17495));
#17495 = SURFACE_STYLE_FILL_AREA(#17496);
#17496 = FILL_AREA_STYLE('',(#17497));
#17497 = FILL_AREA_STYLE_COLOUR('',#14086);
#17498 = MECHANICAL_DESIGN_GEOMETRIC_PRESENTATION_REPRESENTATION('',(
    #17499,#17506,#17513,#17520,#17527,#17534,#17541,#17548,#17555,
    #17562,#17569,#17576,#17583,#17590,#17597,#17604,#17611,#17618,
    #17625,#17632,#17639,#17646,#17653,#17660,#17667,#17674,#17681,
    #17688),#9085);
#17499 = STYLED_ITEM('color',(#17500),#8233);
#17500 = PRESENTATION_STYLE_ASSIGNMENT((#17501));
#17501 = SURFACE_STYLE_USAGE(.BOTH.,#17502);
#17502 = SURFACE_SIDE_STYLE('',(#17503));
#17503 = SURFACE_STYLE_FILL_AREA(#17504);
#17504 = FILL_AREA_STYLE('',(#17505));
#17505 = FILL_AREA_STYLE_COLOUR('',#14086);
#17506 = STYLED_ITEM('color',(#17507),#8309);
#17507 = PRESENTATION_STYLE_ASSIGNMENT((#17508));
#17508 = SURFACE_STYLE_USAGE(.BOTH.,#17509);
#17509 = SURFACE_SIDE_STYLE('',(#17510));
#17510 = SURFACE_STYLE_FILL_AREA(#17511);
#17511 = FILL_AREA_STYLE('',(#17512));
#17512 = FILL_AREA_STYLE_COLOUR('',#14086);
#17513 = STYLED_ITEM('color',(#17514),#8340);
#17514 = PRESENTATION_STYLE_ASSIGNMENT((#17515));
#17515 = SURFACE_STYLE_USAGE(.BOTH.,#17516);
#17516 = SURFACE_SIDE_STYLE('',(#17517));
#17517 = SURFACE_STYLE_FILL_AREA(#17518);
#17518 = FILL_AREA_STYLE('',(#17519));
#17519 = FILL_AREA_STYLE_COLOUR('',#14086);
#17520 = STYLED_ITEM('color',(#17521),#8365);
#17521 = PRESENTATION_STYLE_ASSIGNMENT((#17522));
#17522 = SURFACE_STYLE_USAGE(.BOTH.,#17523);
#17523 = SURFACE_SIDE_STYLE('',(#17524));
#17524 = SURFACE_STYLE_FILL_AREA(#17525);
#17525 = FILL_AREA_STYLE('',(#17526));
#17526 = FILL_AREA_STYLE_COLOUR('',#14086);
#17527 = STYLED_ITEM('color',(#17528),#8390);
#17528 = PRESENTATION_STYLE_ASSIGNMENT((#17529));
#17529 = SURFACE_STYLE_USAGE(.BOTH.,#17530);
#17530 = SURFACE_SIDE_STYLE('',(#17531));
#17531 = SURFACE_STYLE_FILL_AREA(#17532);
#17532 = FILL_AREA_STYLE('',(#17533));
#17533 = FILL_AREA_STYLE_COLOUR('',#14086);
#17534 = STYLED_ITEM('color',(#17535),#8414);
#17535 = PRESENTATION_STYLE_ASSIGNMENT((#17536));
#17536 = SURFACE_STYLE_USAGE(.BOTH.,#17537);
#17537 = SURFACE_SIDE_STYLE('',(#17538));
#17538 = SURFACE_STYLE_FILL_AREA(#17539);
#17539 = FILL_AREA_STYLE('',(#17540));
#17540 = FILL_AREA_STYLE_COLOUR('',#14086);
#17541 = STYLED_ITEM('color',(#17542),#8438);
#17542 = PRESENTATION_STYLE_ASSIGNMENT((#17543));
#17543 = SURFACE_STYLE_USAGE(.BOTH.,#17544);
#17544 = SURFACE_SIDE_STYLE('',(#17545));
#17545 = SURFACE_STYLE_FILL_AREA(#17546);
#17546 = FILL_AREA_STYLE('',(#17547));
#17547 = FILL_AREA_STYLE_COLOUR('',#14086);
#17548 = STYLED_ITEM('color',(#17549),#8463);
#17549 = PRESENTATION_STYLE_ASSIGNMENT((#17550));
#17550 = SURFACE_STYLE_USAGE(.BOTH.,#17551);
#17551 = SURFACE_SIDE_STYLE('',(#17552));
#17552 = SURFACE_STYLE_FILL_AREA(#17553);
#17553 = FILL_AREA_STYLE('',(#17554));
#17554 = FILL_AREA_STYLE_COLOUR('',#14086);
#17555 = STYLED_ITEM('color',(#17556),#8488);
#17556 = PRESENTATION_STYLE_ASSIGNMENT((#17557));
#17557 = SURFACE_STYLE_USAGE(.BOTH.,#17558);
#17558 = SURFACE_SIDE_STYLE('',(#17559));
#17559 = SURFACE_STYLE_FILL_AREA(#17560);
#17560 = FILL_AREA_STYLE('',(#17561));
#17561 = FILL_AREA_STYLE_COLOUR('',#14086);
#17562 = STYLED_ITEM('color',(#17563),#8505);
#17563 = PRESENTATION_STYLE_ASSIGNMENT((#17564));
#17564 = SURFACE_STYLE_USAGE(.BOTH.,#17565);
#17565 = SURFACE_SIDE_STYLE('',(#17566));
#17566 = SURFACE_STYLE_FILL_AREA(#17567);
#17567 = FILL_AREA_STYLE('',(#17568));
#17568 = FILL_AREA_STYLE_COLOUR('',#14086);
#17569 = STYLED_ITEM('color',(#17570),#8591);
#17570 = PRESENTATION_STYLE_ASSIGNMENT((#17571));
#17571 = SURFACE_STYLE_USAGE(.BOTH.,#17572);
#17572 = SURFACE_SIDE_STYLE('',(#17573));
#17573 = SURFACE_STYLE_FILL_AREA(#17574);
#17574 = FILL_AREA_STYLE('',(#17575));
#17575 = FILL_AREA_STYLE_COLOUR('',#17378);
#17576 = STYLED_ITEM('color',(#17577),#8623);
#17577 = PRESENTATION_STYLE_ASSIGNMENT((#17578));
#17578 = SURFACE_STYLE_USAGE(.BOTH.,#17579);
#17579 = SURFACE_SIDE_STYLE('',(#17580));
#17580 = SURFACE_STYLE_FILL_AREA(#17581);
#17581 = FILL_AREA_STYLE('',(#17582));
#17582 = FILL_AREA_STYLE_COLOUR('',#17378);
#17583 = STYLED_ITEM('color',(#17584),#8647);
#17584 = PRESENTATION_STYLE_ASSIGNMENT((#17585));
#17585 = SURFACE_STYLE_USAGE(.BOTH.,#17586);
#17586 = SURFACE_SIDE_STYLE('',(#17587));
#17587 = SURFACE_STYLE_FILL_AREA(#17588);
#17588 = FILL_AREA_STYLE('',(#17589));
#17589 = FILL_AREA_STYLE_COLOUR('',#17378);
#17590 = STYLED_ITEM('color',(#17591),#8672);
#17591 = PRESENTATION_STYLE_ASSIGNMENT((#17592));
#17592 = SURFACE_STYLE_USAGE(.BOTH.,#17593);
#17593 = SURFACE_SIDE_STYLE('',(#17594));
#17594 = SURFACE_STYLE_FILL_AREA(#17595);
#17595 = FILL_AREA_STYLE('',(#17596));
#17596 = FILL_AREA_STYLE_COLOUR('',#17378);
#17597 = STYLED_ITEM('color',(#17598),#8696);
#17598 = PRESENTATION_STYLE_ASSIGNMENT((#17599));
#17599 = SURFACE_STYLE_USAGE(.BOTH.,#17600);
#17600 = SURFACE_SIDE_STYLE('',(#17601));
#17601 = SURFACE_STYLE_FILL_AREA(#17602);
#17602 = FILL_AREA_STYLE('',(#17603));
#17603 = FILL_AREA_STYLE_COLOUR('',#17378);
#17604 = STYLED_ITEM('color',(#17605),#8721);
#17605 = PRESENTATION_STYLE_ASSIGNMENT((#17606));
#17606 = SURFACE_STYLE_USAGE(.BOTH.,#17607);
#17607 = SURFACE_SIDE_STYLE('',(#17608));
#17608 = SURFACE_STYLE_FILL_AREA(#17609);
#17609 = FILL_AREA_STYLE('',(#17610));
#17610 = FILL_AREA_STYLE_COLOUR('',#17378);
#17611 = STYLED_ITEM('color',(#17612),#8745);
#17612 = PRESENTATION_STYLE_ASSIGNMENT((#17613));
#17613 = SURFACE_STYLE_USAGE(.BOTH.,#17614);
#17614 = SURFACE_SIDE_STYLE('',(#17615));
#17615 = SURFACE_STYLE_FILL_AREA(#17616);
#17616 = FILL_AREA_STYLE('',(#17617));
#17617 = FILL_AREA_STYLE_COLOUR('',#17378);
#17618 = STYLED_ITEM('color',(#17619),#8770);
#17619 = PRESENTATION_STYLE_ASSIGNMENT((#17620));
#17620 = SURFACE_STYLE_USAGE(.BOTH.,#17621);
#17621 = SURFACE_SIDE_STYLE('',(#17622));
#17622 = SURFACE_STYLE_FILL_AREA(#17623);
#17623 = FILL_AREA_STYLE('',(#17624));
#17624 = FILL_AREA_STYLE_COLOUR('',#17378);
#17625 = STYLED_ITEM('color',(#17626),#8787);
#17626 = PRESENTATION_STYLE_ASSIGNMENT((#17627));
#17627 = SURFACE_STYLE_USAGE(.BOTH.,#17628);
#17628 = SURFACE_SIDE_STYLE('',(#17629));
#17629 = SURFACE_STYLE_FILL_AREA(#17630);
#17630 = FILL_AREA_STYLE('',(#17631));
#17631 = FILL_AREA_STYLE_COLOUR('',#14086);
#17632 = STYLED_ITEM('color',(#17633),#8873);
#17633 = PRESENTATION_STYLE_ASSIGNMENT((#17634));
#17634 = SURFACE_STYLE_USAGE(.BOTH.,#17635);
#17635 = SURFACE_SIDE_STYLE('',(#17636));
#17636 = SURFACE_STYLE_FILL_AREA(#17637);
#17637 = FILL_AREA_STYLE('',(#17638));
#17638 = FILL_AREA_STYLE_COLOUR('',#14086);
#17639 = STYLED_ITEM('color',(#17640),#8904);
#17640 = PRESENTATION_STYLE_ASSIGNMENT((#17641));
#17641 = SURFACE_STYLE_USAGE(.BOTH.,#17642);
#17642 = SURFACE_SIDE_STYLE('',(#17643));
#17643 = SURFACE_STYLE_FILL_AREA(#17644);
#17644 = FILL_AREA_STYLE('',(#17645));
#17645 = FILL_AREA_STYLE_COLOUR('',#14086);
#17646 = STYLED_ITEM('color',(#17647),#8929);
#17647 = PRESENTATION_STYLE_ASSIGNMENT((#17648));
#17648 = SURFACE_STYLE_USAGE(.BOTH.,#17649);
#17649 = SURFACE_SIDE_STYLE('',(#17650));
#17650 = SURFACE_STYLE_FILL_AREA(#17651);
#17651 = FILL_AREA_STYLE('',(#17652));
#17652 = FILL_AREA_STYLE_COLOUR('',#14086);
#17653 = STYLED_ITEM('color',(#17654),#8954);
#17654 = PRESENTATION_STYLE_ASSIGNMENT((#17655));
#17655 = SURFACE_STYLE_USAGE(.BOTH.,#17656);
#17656 = SURFACE_SIDE_STYLE('',(#17657));
#17657 = SURFACE_STYLE_FILL_AREA(#17658);
#17658 = FILL_AREA_STYLE('',(#17659));
#17659 = FILL_AREA_STYLE_COLOUR('',#14086);
#17660 = STYLED_ITEM('color',(#17661),#8978);
#17661 = PRESENTATION_STYLE_ASSIGNMENT((#17662));
#17662 = SURFACE_STYLE_USAGE(.BOTH.,#17663);
#17663 = SURFACE_SIDE_STYLE('',(#17664));
#17664 = SURFACE_STYLE_FILL_AREA(#17665);
#17665 = FILL_AREA_STYLE('',(#17666));
#17666 = FILL_AREA_STYLE_COLOUR('',#14086);
#17667 = STYLED_ITEM('color',(#17668),#9002);
#17668 = PRESENTATION_STYLE_ASSIGNMENT((#17669));
#17669 = SURFACE_STYLE_USAGE(.BOTH.,#17670);
#17670 = SURFACE_SIDE_STYLE('',(#17671));
#17671 = SURFACE_STYLE_FILL_AREA(#17672);
#17672 = FILL_AREA_STYLE('',(#17673));
#17673 = FILL_AREA_STYLE_COLOUR('',#14086);
#17674 = STYLED_ITEM('color',(#17675),#9027);
#17675 = PRESENTATION_STYLE_ASSIGNMENT((#17676));
#17676 = SURFACE_STYLE_USAGE(.BOTH.,#17677);
#17677 = SURFACE_SIDE_STYLE('',(#17678));
#17678 = SURFACE_STYLE_FILL_AREA(#17679);
#17679 = FILL_AREA_STYLE('',(#17680));
#17680 = FILL_AREA_STYLE_COLOUR('',#14086);
#17681 = STYLED_ITEM('color',(#17682),#9052);
#17682 = PRESENTATION_STYLE_ASSIGNMENT((#17683));
#17683 = SURFACE_STYLE_USAGE(.BOTH.,#17684);
#17684 = SURFACE_SIDE_STYLE('',(#17685));
#17685 = SURFACE_STYLE_FILL_AREA(#17686);
#17686 = FILL_AREA_STYLE('',(#17687));
#17687 = FILL_AREA_STYLE_COLOUR('',#14086);
#17688 = STYLED_ITEM('color',(#17689),#9069);
#17689 = PRESENTATION_STYLE_ASSIGNMENT((#17690));
#17690 = SURFACE_STYLE_USAGE(.BOTH.,#17691);
#17691 = SURFACE_SIDE_STYLE('',(#17692));
#17692 = SURFACE_STYLE_FILL_AREA(#17693);
#17693 = FILL_AREA_STYLE('',(#17694));
#17694 = FILL_AREA_STYLE_COLOUR('',#14086);
ENDSEC;
END-ISO-10303-21;
