ISO-10303-21;
HEADER;
FILE_DESCRIPTION(('KiCad electronic assembly'),'2;1');
FILE_NAME('sensor_revM_side.step','2026-09-23T08:10:22',('Pcbnew'),(
    'Kicad'),'Open CASCADE STEP processor 7.9','KiCad to STEP converter'
  ,'Unknown');
FILE_SCHEMA(('AUTOMOTIVE_DESIGN { 1 0 10303 214 1 1 1 1 }'));
ENDSEC;
DATA;
#1 = APPLICATION_PROTOCOL_DEFINITION('international standard',
  'automotive_design',2000,#2);
#2 = APPLICATION_CONTEXT(
  'core data for automotive mechanical design processes');
#3 = SHAPE_DEFINITION_REPRESENTATION(#4,#10);
#4 = PRODUCT_DEFINITION_SHAPE('','',#5);
#5 = PRODUCT_DEFINITION('design','',#6,#9);
#6 = PRODUCT_DEFINITION_FORMATION('','',#7);
#7 = PRODUCT('sensor_revM_side 1','sensor_revM_side 1','',(#8));
#8 = PRODUCT_CONTEXT('',#2,'mechanical');
#9 = PRODUCT_DEFINITION_CONTEXT('part definition',#2,'design');
#10 = SHAPE_REPRESENTATION('',(#11,#15,#19,#23,#27,#31,#35,#39),#43);
#11 = AXIS2_PLACEMENT_3D('',#12,#13,#14);
#12 = CARTESIAN_POINT('',(0.,0.,0.));
#13 = DIRECTION('',(0.,0.,1.));
#14 = DIRECTION('',(1.,0.,-0.));
#15 = AXIS2_PLACEMENT_3D('',#16,#17,#18);
#16 = CARTESIAN_POINT('',(102.3,-103.75,0.995));
#17 = DIRECTION('',(0.,0.,1.));
#18 = DIRECTION('',(1.,0.,0.));
#19 = AXIS2_PLACEMENT_3D('',#20,#21,#22);
#20 = CARTESIAN_POINT('',(102.3,-96.3,0.995));
#21 = DIRECTION('',(0.,0.,1.));
#22 = DIRECTION('',(1.,0.,0.));
#23 = AXIS2_PLACEMENT_3D('',#24,#25,#26);
#24 = CARTESIAN_POINT('',(97.7,-96.3,0.995));
#25 = DIRECTION('',(0.,0.,1.));
#26 = DIRECTION('',(-1.,1.224646799147E-16,0.));
#27 = AXIS2_PLACEMENT_3D('',#28,#29,#30);
#28 = CARTESIAN_POINT('',(97.7,-103.7,0.995));
#29 = DIRECTION('',(0.,0.,1.));
#30 = DIRECTION('',(1.,0.,0.));
#31 = AXIS2_PLACEMENT_3D('',#32,#33,#34);
#32 = CARTESIAN_POINT('',(100.,-100.,0.995));
#33 = DIRECTION('',(0.,0.,1.));
#34 = DIRECTION('',(1.,0.,0.));
#35 = AXIS2_PLACEMENT_3D('',#36,#37,#38);
#36 = CARTESIAN_POINT('',(100.,-100.,-8.5E-02));
#37 = DIRECTION('',(1.499759782662E-32,1.224646799147E-16,-1.));
#38 = DIRECTION('',(-1.,1.224646799147E-16,0.));
#39 = AXIS2_PLACEMENT_3D('',#40,#41,#42);
#40 = CARTESIAN_POINT('',(0.,0.,0.));
#41 = DIRECTION('',(0.,0.,1.));
#42 = DIRECTION('',(1.,0.,-0.));
#43 = ( GEOMETRIC_REPRESENTATION_CONTEXT(3) 
GLOBAL_UNCERTAINTY_ASSIGNED_CONTEXT((#47)) GLOBAL_UNIT_ASSIGNED_CONTEXT(
(#44,#45,#46)) REPRESENTATION_CONTEXT('Context #1',
  '3D Context with UNIT and UNCERTAINTY') );
#44 = ( LENGTH_UNIT() NAMED_UNIT(*) SI_UNIT(.MILLI.,.METRE.) );
#45 = ( NAMED_UNIT(*) PLANE_ANGLE_UNIT() SI_UNIT($,.RADIAN.) );
#46 = ( NAMED_UNIT(*) SI_UNIT($,.STERADIAN.) SOLID_ANGLE_UNIT() );
#47 = UNCERTAINTY_MEASURE_WITH_UNIT(LENGTH_MEASURE(1.E-07),#44,
  'distance_accuracy_value','confusion accuracy');
#48 = PRODUCT_RELATED_PRODUCT_CATEGORY('part',$,(#7));
#49 = SHAPE_DEFINITION_REPRESENTATION(#50,#56);
#50 = PRODUCT_DEFINITION_SHAPE('','',#51);
#51 = PRODUCT_DEFINITION('design','',#52,#55);
#52 = PRODUCT_DEFINITION_FORMATION('','',#53);
#53 = PRODUCT('C_0805_2012Metric','C_0805_2012Metric','',(#54));
#54 = PRODUCT_CONTEXT('',#2,'mechanical');
#55 = PRODUCT_DEFINITION_CONTEXT('part definition',#2,'design');
#56 = SHAPE_REPRESENTATION('',(#11,#57),#61);
#57 = AXIS2_PLACEMENT_3D('',#58,#59,#60);
#58 = CARTESIAN_POINT('',(0.,0.,0.));
#59 = DIRECTION('',(0.,0.,1.));
#60 = DIRECTION('',(1.,0.,-0.));
#61 = ( GEOMETRIC_REPRESENTATION_CONTEXT(3) 
GLOBAL_UNCERTAINTY_ASSIGNED_CONTEXT((#65)) GLOBAL_UNIT_ASSIGNED_CONTEXT(
(#62,#63,#64)) REPRESENTATION_CONTEXT('Context #1',
  '3D Context with UNIT and UNCERTAINTY') );
#62 = ( LENGTH_UNIT() NAMED_UNIT(*) SI_UNIT(.MILLI.,.METRE.) );
#63 = ( NAMED_UNIT(*) PLANE_ANGLE_UNIT() SI_UNIT($,.RADIAN.) );
#64 = ( NAMED_UNIT(*) SI_UNIT($,.STERADIAN.) SOLID_ANGLE_UNIT() );
#65 = UNCERTAINTY_MEASURE_WITH_UNIT(LENGTH_MEASURE(1.E-07),#62,
  'distance_accuracy_value','confusion accuracy');
#66 = CONTEXT_DEPENDENT_SHAPE_REPRESENTATION(#67,#69);
#67 = ( REPRESENTATION_RELATIONSHIP('','',#56,#10) 
REPRESENTATION_RELATIONSHIP_WITH_TRANSFORMATION(#68) 
SHAPE_REPRESENTATION_RELATIONSHIP() );
#68 = ITEM_DEFINED_TRANSFORMATION('','',#11,#15);
#69 = PRODUCT_DEFINITION_SHAPE('Placement','Placement of an item',#70);
#70 = NEXT_ASSEMBLY_USAGE_OCCURRENCE('2','C2','',#5,#51,$);
#71 = PRODUCT_RELATED_PRODUCT_CATEGORY('part',$,(#53));
#72 = SHAPE_DEFINITION_REPRESENTATION(#73,#79);
#73 = PRODUCT_DEFINITION_SHAPE('','',#74);
#74 = PRODUCT_DEFINITION('design','',#75,#78);
#75 = PRODUCT_DEFINITION_FORMATION('','',#76);
#76 = PRODUCT('C_0805_2012Metric','C_0805_2012Metric','',(#77));
#77 = PRODUCT_CONTEXT('',#2,'mechanical');
#78 = PRODUCT_DEFINITION_CONTEXT('part definition',#2,'design');
#79 = ADVANCED_BREP_SHAPE_REPRESENTATION('',(#11,#80),#934);
#80 = MANIFOLD_SOLID_BREP('',#81);
#81 = CLOSED_SHELL('',(#82,#158,#189,#214,#239,#263,#287,#312,#337,#354,
    #440,#472,#496,#521,#545,#570,#594,#619,#636,#722,#753,#778,#803,
    #827,#851,#876,#901,#918));
#82 = ADVANCED_FACE('',(#83),#153,.F.);
#83 = FACE_BOUND('',#84,.F.);
#84 = EDGE_LOOP('',(#85,#95,#104,#112,#121,#129,#138,#146));
#85 = ORIENTED_EDGE('',*,*,#86,.F.);
#86 = EDGE_CURVE('',#87,#89,#91,.T.);
#87 = VERTEX_POINT('',#88);
#88 = CARTESIAN_POINT('',(-1.,-0.625,4.E-02));
#89 = VERTEX_POINT('',#90);
#90 = CARTESIAN_POINT('',(-1.,-0.625,1.21));
#91 = LINE('',#92,#93);
#92 = CARTESIAN_POINT('',(-1.,-0.625,0.));
#93 = VECTOR('',#94,1.);
#94 = DIRECTION('',(0.,0.,1.));
#95 = ORIENTED_EDGE('',*,*,#96,.T.);
#96 = EDGE_CURVE('',#87,#97,#99,.T.);
#97 = VERTEX_POINT('',#98);
#98 = CARTESIAN_POINT('',(-1.,-0.585,0.));
#99 = CIRCLE('',#100,4.E-02);
#100 = AXIS2_PLACEMENT_3D('',#101,#102,#103);
#101 = CARTESIAN_POINT('',(-1.,-0.585,4.E-02));
#102 = DIRECTION('',(1.,0.,-0.));
#103 = DIRECTION('',(0.,0.,1.));
#104 = ORIENTED_EDGE('',*,*,#105,.T.);
#105 = EDGE_CURVE('',#97,#106,#108,.T.);
#106 = VERTEX_POINT('',#107);
#107 = CARTESIAN_POINT('',(-1.,0.585,0.));
#108 = LINE('',#109,#110);
#109 = CARTESIAN_POINT('',(-1.,-0.625,0.));
#110 = VECTOR('',#111,1.);
#111 = DIRECTION('',(0.,1.,0.));
#112 = ORIENTED_EDGE('',*,*,#113,.F.);
#113 = EDGE_CURVE('',#114,#106,#116,.T.);
#114 = VERTEX_POINT('',#115);
#115 = CARTESIAN_POINT('',(-1.,0.625,4.E-02));
#116 = CIRCLE('',#117,4.E-02);
#117 = AXIS2_PLACEMENT_3D('',#118,#119,#120);
#118 = CARTESIAN_POINT('',(-1.,0.585,4.E-02));
#119 = DIRECTION('',(-1.,0.,0.));
#120 = DIRECTION('',(0.,0.,1.));
#121 = ORIENTED_EDGE('',*,*,#122,.T.);
#122 = EDGE_CURVE('',#114,#123,#125,.T.);
#123 = VERTEX_POINT('',#124);
#124 = CARTESIAN_POINT('',(-1.,0.625,1.21));
#125 = LINE('',#126,#127);
#126 = CARTESIAN_POINT('',(-1.,0.625,0.));
#127 = VECTOR('',#128,1.);
#128 = DIRECTION('',(0.,0.,1.));
#129 = ORIENTED_EDGE('',*,*,#130,.T.);
#130 = EDGE_CURVE('',#123,#131,#133,.T.);
#131 = VERTEX_POINT('',#132);
#132 = CARTESIAN_POINT('',(-1.,0.585,1.25));
#133 = CIRCLE('',#134,4.E-02);
#134 = AXIS2_PLACEMENT_3D('',#135,#136,#137);
#135 = CARTESIAN_POINT('',(-1.,0.585,1.21));
#136 = DIRECTION('',(1.,0.,-0.));
#137 = DIRECTION('',(0.,0.,1.));
#138 = ORIENTED_EDGE('',*,*,#139,.F.);
#139 = EDGE_CURVE('',#140,#131,#142,.T.);
#140 = VERTEX_POINT('',#141);
#141 = CARTESIAN_POINT('',(-1.,-0.585,1.25));
#142 = LINE('',#143,#144);
#143 = CARTESIAN_POINT('',(-1.,-0.625,1.25));
#144 = VECTOR('',#145,1.);
#145 = DIRECTION('',(0.,1.,0.));
#146 = ORIENTED_EDGE('',*,*,#147,.F.);
#147 = EDGE_CURVE('',#89,#140,#148,.T.);
#148 = CIRCLE('',#149,4.E-02);
#149 = AXIS2_PLACEMENT_3D('',#150,#151,#152);
#150 = CARTESIAN_POINT('',(-1.,-0.585,1.21));
#151 = DIRECTION('',(-1.,0.,0.));
#152 = DIRECTION('',(0.,0.,1.));
#153 = PLANE('',#154);
#154 = AXIS2_PLACEMENT_3D('',#155,#156,#157);
#155 = CARTESIAN_POINT('',(-1.,-0.625,0.));
#156 = DIRECTION('',(1.,0.,0.));
#157 = DIRECTION('',(0.,0.,1.));
#158 = ADVANCED_FACE('',(#159),#184,.F.);
#159 = FACE_BOUND('',#160,.F.);
#160 = EDGE_LOOP('',(#161,#171,#177,#178));
#161 = ORIENTED_EDGE('',*,*,#162,.F.);
#162 = EDGE_CURVE('',#163,#165,#167,.T.);
#163 = VERTEX_POINT('',#164);
#164 = CARTESIAN_POINT('',(-0.6,-0.625,4.E-02));
#165 = VERTEX_POINT('',#166);
#166 = CARTESIAN_POINT('',(-0.6,-0.625,1.21));
#167 = LINE('',#168,#169);
#168 = CARTESIAN_POINT('',(-0.6,-0.625,0.));
#169 = VECTOR('',#170,1.);
#170 = DIRECTION('',(0.,0.,1.));
#171 = ORIENTED_EDGE('',*,*,#172,.F.);
#172 = EDGE_CURVE('',#87,#163,#173,.T.);
#173 = LINE('',#174,#175);
#174 = CARTESIAN_POINT('',(-1.,-0.625,4.E-02));
#175 = VECTOR('',#176,1.);
#176 = DIRECTION('',(1.,0.,0.));
#177 = ORIENTED_EDGE('',*,*,#86,.T.);
#178 = ORIENTED_EDGE('',*,*,#179,.T.);
#179 = EDGE_CURVE('',#89,#165,#180,.T.);
#180 = LINE('',#181,#182);
#181 = CARTESIAN_POINT('',(-1.,-0.625,1.21));
#182 = VECTOR('',#183,1.);
#183 = DIRECTION('',(1.,0.,0.));
#184 = PLANE('',#185);
#185 = AXIS2_PLACEMENT_3D('',#186,#187,#188);
#186 = CARTESIAN_POINT('',(-1.,-0.625,0.));
#187 = DIRECTION('',(0.,1.,0.));
#188 = DIRECTION('',(0.,-0.,1.));
#189 = ADVANCED_FACE('',(#190),#209,.T.);
#190 = FACE_BOUND('',#191,.T.);
#191 = EDGE_LOOP('',(#192,#193,#201,#208));
#192 = ORIENTED_EDGE('',*,*,#96,.T.);
#193 = ORIENTED_EDGE('',*,*,#194,.T.);
#194 = EDGE_CURVE('',#97,#195,#197,.T.);
#195 = VERTEX_POINT('',#196);
#196 = CARTESIAN_POINT('',(-0.6,-0.585,0.));
#197 = LINE('',#198,#199);
#198 = CARTESIAN_POINT('',(-1.,-0.585,0.));
#199 = VECTOR('',#200,1.);
#200 = DIRECTION('',(1.,0.,0.));
#201 = ORIENTED_EDGE('',*,*,#202,.F.);
#202 = EDGE_CURVE('',#163,#195,#203,.T.);
#203 = CIRCLE('',#204,4.E-02);
#204 = AXIS2_PLACEMENT_3D('',#205,#206,#207);
#205 = CARTESIAN_POINT('',(-0.6,-0.585,4.E-02));
#206 = DIRECTION('',(1.,0.,-0.));
#207 = DIRECTION('',(0.,0.,1.));
#208 = ORIENTED_EDGE('',*,*,#172,.F.);
#209 = CYLINDRICAL_SURFACE('',#210,4.E-02);
#210 = AXIS2_PLACEMENT_3D('',#211,#212,#213);
#211 = CARTESIAN_POINT('',(-1.,-0.585,4.E-02));
#212 = DIRECTION('',(1.,0.,0.));
#213 = DIRECTION('',(0.,-1.,0.));
#214 = ADVANCED_FACE('',(#215),#234,.T.);
#215 = FACE_BOUND('',#216,.T.);
#216 = EDGE_LOOP('',(#217,#218,#227,#233));
#217 = ORIENTED_EDGE('',*,*,#179,.T.);
#218 = ORIENTED_EDGE('',*,*,#219,.T.);
#219 = EDGE_CURVE('',#165,#220,#222,.T.);
#220 = VERTEX_POINT('',#221);
#221 = CARTESIAN_POINT('',(-0.6,-0.585,1.25));
#222 = CIRCLE('',#223,4.E-02);
#223 = AXIS2_PLACEMENT_3D('',#224,#225,#226);
#224 = CARTESIAN_POINT('',(-0.6,-0.585,1.21));
#225 = DIRECTION('',(-1.,0.,0.));
#226 = DIRECTION('',(0.,0.,1.));
#227 = ORIENTED_EDGE('',*,*,#228,.F.);
#228 = EDGE_CURVE('',#140,#220,#229,.T.);
#229 = LINE('',#230,#231);
#230 = CARTESIAN_POINT('',(-1.,-0.585,1.25));
#231 = VECTOR('',#232,1.);
#232 = DIRECTION('',(1.,0.,0.));
#233 = ORIENTED_EDGE('',*,*,#147,.F.);
#234 = CYLINDRICAL_SURFACE('',#235,4.E-02);
#235 = AXIS2_PLACEMENT_3D('',#236,#237,#238);
#236 = CARTESIAN_POINT('',(-1.,-0.585,1.21));
#237 = DIRECTION('',(1.,0.,0.));
#238 = DIRECTION('',(0.,-1.,0.));
#239 = ADVANCED_FACE('',(#240),#258,.F.);
#240 = FACE_BOUND('',#241,.F.);
#241 = EDGE_LOOP('',(#242,#243,#244,#252));
#242 = ORIENTED_EDGE('',*,*,#105,.F.);
#243 = ORIENTED_EDGE('',*,*,#194,.T.);
#244 = ORIENTED_EDGE('',*,*,#245,.T.);
#245 = EDGE_CURVE('',#195,#246,#248,.T.);
#246 = VERTEX_POINT('',#247);
#247 = CARTESIAN_POINT('',(-0.6,0.585,0.));
#248 = LINE('',#249,#250);
#249 = CARTESIAN_POINT('',(-0.6,-0.625,0.));
#250 = VECTOR('',#251,1.);
#251 = DIRECTION('',(0.,1.,0.));
#252 = ORIENTED_EDGE('',*,*,#253,.F.);
#253 = EDGE_CURVE('',#106,#246,#254,.T.);
#254 = LINE('',#255,#256);
#255 = CARTESIAN_POINT('',(-1.,0.585,0.));
#256 = VECTOR('',#257,1.);
#257 = DIRECTION('',(1.,0.,0.));
#258 = PLANE('',#259);
#259 = AXIS2_PLACEMENT_3D('',#260,#261,#262);
#260 = CARTESIAN_POINT('',(-1.,-0.625,0.));
#261 = DIRECTION('',(0.,0.,1.));
#262 = DIRECTION('',(1.,0.,-0.));
#263 = ADVANCED_FACE('',(#264),#282,.T.);
#264 = FACE_BOUND('',#265,.T.);
#265 = EDGE_LOOP('',(#266,#267,#268,#276));
#266 = ORIENTED_EDGE('',*,*,#139,.F.);
#267 = ORIENTED_EDGE('',*,*,#228,.T.);
#268 = ORIENTED_EDGE('',*,*,#269,.T.);
#269 = EDGE_CURVE('',#220,#270,#272,.T.);
#270 = VERTEX_POINT('',#271);
#271 = CARTESIAN_POINT('',(-0.6,0.585,1.25));
#272 = LINE('',#273,#274);
#273 = CARTESIAN_POINT('',(-0.6,-0.625,1.25));
#274 = VECTOR('',#275,1.);
#275 = DIRECTION('',(0.,1.,0.));
#276 = ORIENTED_EDGE('',*,*,#277,.F.);
#277 = EDGE_CURVE('',#131,#270,#278,.T.);
#278 = LINE('',#279,#280);
#279 = CARTESIAN_POINT('',(-1.,0.585,1.25));
#280 = VECTOR('',#281,1.);
#281 = DIRECTION('',(1.,0.,0.));
#282 = PLANE('',#283);
#283 = AXIS2_PLACEMENT_3D('',#284,#285,#286);
#284 = CARTESIAN_POINT('',(-1.,-0.625,1.25));
#285 = DIRECTION('',(0.,0.,1.));
#286 = DIRECTION('',(1.,0.,-0.));
#287 = ADVANCED_FACE('',(#288),#307,.T.);
#288 = FACE_BOUND('',#289,.T.);
#289 = EDGE_LOOP('',(#290,#298,#305,#306));
#290 = ORIENTED_EDGE('',*,*,#291,.T.);
#291 = EDGE_CURVE('',#114,#292,#294,.T.);
#292 = VERTEX_POINT('',#293);
#293 = CARTESIAN_POINT('',(-0.6,0.625,4.E-02));
#294 = LINE('',#295,#296);
#295 = CARTESIAN_POINT('',(-1.,0.625,4.E-02));
#296 = VECTOR('',#297,1.);
#297 = DIRECTION('',(1.,0.,0.));
#298 = ORIENTED_EDGE('',*,*,#299,.T.);
#299 = EDGE_CURVE('',#292,#246,#300,.T.);
#300 = CIRCLE('',#301,4.E-02);
#301 = AXIS2_PLACEMENT_3D('',#302,#303,#304);
#302 = CARTESIAN_POINT('',(-0.6,0.585,4.E-02));
#303 = DIRECTION('',(-1.,0.,0.));
#304 = DIRECTION('',(0.,0.,1.));
#305 = ORIENTED_EDGE('',*,*,#253,.F.);
#306 = ORIENTED_EDGE('',*,*,#113,.F.);
#307 = CYLINDRICAL_SURFACE('',#308,4.E-02);
#308 = AXIS2_PLACEMENT_3D('',#309,#310,#311);
#309 = CARTESIAN_POINT('',(-1.,0.585,4.E-02));
#310 = DIRECTION('',(1.,0.,0.));
#311 = DIRECTION('',(-0.,1.,0.));
#312 = ADVANCED_FACE('',(#313),#332,.T.);
#313 = FACE_BOUND('',#314,.T.);
#314 = EDGE_LOOP('',(#315,#316,#317,#326));
#315 = ORIENTED_EDGE('',*,*,#130,.T.);
#316 = ORIENTED_EDGE('',*,*,#277,.T.);
#317 = ORIENTED_EDGE('',*,*,#318,.F.);
#318 = EDGE_CURVE('',#319,#270,#321,.T.);
#319 = VERTEX_POINT('',#320);
#320 = CARTESIAN_POINT('',(-0.6,0.625,1.21));
#321 = CIRCLE('',#322,4.E-02);
#322 = AXIS2_PLACEMENT_3D('',#323,#324,#325);
#323 = CARTESIAN_POINT('',(-0.6,0.585,1.21));
#324 = DIRECTION('',(1.,0.,-0.));
#325 = DIRECTION('',(0.,0.,1.));
#326 = ORIENTED_EDGE('',*,*,#327,.F.);
#327 = EDGE_CURVE('',#123,#319,#328,.T.);
#328 = LINE('',#329,#330);
#329 = CARTESIAN_POINT('',(-1.,0.625,1.21));
#330 = VECTOR('',#331,1.);
#331 = DIRECTION('',(1.,0.,0.));
#332 = CYLINDRICAL_SURFACE('',#333,4.E-02);
#333 = AXIS2_PLACEMENT_3D('',#334,#335,#336);
#334 = CARTESIAN_POINT('',(-1.,0.585,1.21));
#335 = DIRECTION('',(1.,0.,0.));
#336 = DIRECTION('',(-0.,1.,0.));
#337 = ADVANCED_FACE('',(#338),#349,.T.);
#338 = FACE_BOUND('',#339,.T.);
#339 = EDGE_LOOP('',(#340,#346,#347,#348));
#340 = ORIENTED_EDGE('',*,*,#341,.F.);
#341 = EDGE_CURVE('',#292,#319,#342,.T.);
#342 = LINE('',#343,#344);
#343 = CARTESIAN_POINT('',(-0.6,0.625,0.));
#344 = VECTOR('',#345,1.);
#345 = DIRECTION('',(0.,0.,1.));
#346 = ORIENTED_EDGE('',*,*,#291,.F.);
#347 = ORIENTED_EDGE('',*,*,#122,.T.);
#348 = ORIENTED_EDGE('',*,*,#327,.T.);
#349 = PLANE('',#350);
#350 = AXIS2_PLACEMENT_3D('',#351,#352,#353);
#351 = CARTESIAN_POINT('',(-1.,0.625,0.));
#352 = DIRECTION('',(0.,1.,0.));
#353 = DIRECTION('',(0.,-0.,1.));
#354 = ADVANCED_FACE('',(#355,#365),#435,.T.);
#355 = FACE_BOUND('',#356,.T.);
#356 = EDGE_LOOP('',(#357,#358,#359,#360,#361,#362,#363,#364));
#357 = ORIENTED_EDGE('',*,*,#162,.F.);
#358 = ORIENTED_EDGE('',*,*,#202,.T.);
#359 = ORIENTED_EDGE('',*,*,#245,.T.);
#360 = ORIENTED_EDGE('',*,*,#299,.F.);
#361 = ORIENTED_EDGE('',*,*,#341,.T.);
#362 = ORIENTED_EDGE('',*,*,#318,.T.);
#363 = ORIENTED_EDGE('',*,*,#269,.F.);
#364 = ORIENTED_EDGE('',*,*,#219,.F.);
#365 = FACE_BOUND('',#366,.T.);
#366 = EDGE_LOOP('',(#367,#378,#386,#395,#403,#412,#420,#429));
#367 = ORIENTED_EDGE('',*,*,#368,.F.);
#368 = EDGE_CURVE('',#369,#371,#373,.T.);
#369 = VERTEX_POINT('',#370);
#370 = CARTESIAN_POINT('',(-0.6,-0.585,8.E-02));
#371 = VERTEX_POINT('',#372);
#372 = CARTESIAN_POINT('',(-0.6,-0.545,4.E-02));
#373 = CIRCLE('',#374,4.E-02);
#374 = AXIS2_PLACEMENT_3D('',#375,#376,#377);
#375 = CARTESIAN_POINT('',(-0.6,-0.545,8.E-02));
#376 = DIRECTION('',(1.,0.,-0.));
#377 = DIRECTION('',(0.,0.,1.));
#378 = ORIENTED_EDGE('',*,*,#379,.T.);
#379 = EDGE_CURVE('',#369,#380,#382,.T.);
#380 = VERTEX_POINT('',#381);
#381 = CARTESIAN_POINT('',(-0.6,-0.585,1.17));
#382 = LINE('',#383,#384);
#383 = CARTESIAN_POINT('',(-0.6,-0.585,4.E-02));
#384 = VECTOR('',#385,1.);
#385 = DIRECTION('',(0.,0.,1.));
#386 = ORIENTED_EDGE('',*,*,#387,.T.);
#387 = EDGE_CURVE('',#380,#388,#390,.T.);
#388 = VERTEX_POINT('',#389);
#389 = CARTESIAN_POINT('',(-0.6,-0.545,1.21));
#390 = CIRCLE('',#391,4.E-02);
#391 = AXIS2_PLACEMENT_3D('',#392,#393,#394);
#392 = CARTESIAN_POINT('',(-0.6,-0.545,1.17));
#393 = DIRECTION('',(-1.,0.,0.));
#394 = DIRECTION('',(0.,0.,1.));
#395 = ORIENTED_EDGE('',*,*,#396,.T.);
#396 = EDGE_CURVE('',#388,#397,#399,.T.);
#397 = VERTEX_POINT('',#398);
#398 = CARTESIAN_POINT('',(-0.6,0.545,1.21));
#399 = LINE('',#400,#401);
#400 = CARTESIAN_POINT('',(-0.6,-0.585,1.21));
#401 = VECTOR('',#402,1.);
#402 = DIRECTION('',(0.,1.,0.));
#403 = ORIENTED_EDGE('',*,*,#404,.F.);
#404 = EDGE_CURVE('',#405,#397,#407,.T.);
#405 = VERTEX_POINT('',#406);
#406 = CARTESIAN_POINT('',(-0.6,0.585,1.17));
#407 = CIRCLE('',#408,4.E-02);
#408 = AXIS2_PLACEMENT_3D('',#409,#410,#411);
#409 = CARTESIAN_POINT('',(-0.6,0.545,1.17));
#410 = DIRECTION('',(1.,0.,-0.));
#411 = DIRECTION('',(0.,0.,1.));
#412 = ORIENTED_EDGE('',*,*,#413,.F.);
#413 = EDGE_CURVE('',#414,#405,#416,.T.);
#414 = VERTEX_POINT('',#415);
#415 = CARTESIAN_POINT('',(-0.6,0.585,8.E-02));
#416 = LINE('',#417,#418);
#417 = CARTESIAN_POINT('',(-0.6,0.585,4.E-02));
#418 = VECTOR('',#419,1.);
#419 = DIRECTION('',(0.,0.,1.));
#420 = ORIENTED_EDGE('',*,*,#421,.T.);
#421 = EDGE_CURVE('',#414,#422,#424,.T.);
#422 = VERTEX_POINT('',#423);
#423 = CARTESIAN_POINT('',(-0.6,0.545,4.E-02));
#424 = CIRCLE('',#425,4.E-02);
#425 = AXIS2_PLACEMENT_3D('',#426,#427,#428);
#426 = CARTESIAN_POINT('',(-0.6,0.545,8.E-02));
#427 = DIRECTION('',(-1.,0.,0.));
#428 = DIRECTION('',(0.,0.,1.));
#429 = ORIENTED_EDGE('',*,*,#430,.F.);
#430 = EDGE_CURVE('',#371,#422,#431,.T.);
#431 = LINE('',#432,#433);
#432 = CARTESIAN_POINT('',(-0.6,-0.585,4.E-02));
#433 = VECTOR('',#434,1.);
#434 = DIRECTION('',(0.,1.,0.));
#435 = PLANE('',#436);
#436 = AXIS2_PLACEMENT_3D('',#437,#438,#439);
#437 = CARTESIAN_POINT('',(-0.6,-0.625,0.));
#438 = DIRECTION('',(1.,0.,0.));
#439 = DIRECTION('',(0.,0.,1.));
#440 = ADVANCED_FACE('',(#441),#467,.T.);
#441 = FACE_BOUND('',#442,.T.);
#442 = EDGE_LOOP('',(#443,#444,#452,#461));
#443 = ORIENTED_EDGE('',*,*,#368,.T.);
#444 = ORIENTED_EDGE('',*,*,#445,.T.);
#445 = EDGE_CURVE('',#371,#446,#448,.T.);
#446 = VERTEX_POINT('',#447);
#447 = CARTESIAN_POINT('',(0.6,-0.545,4.E-02));
#448 = LINE('',#449,#450);
#449 = CARTESIAN_POINT('',(-0.6,-0.545,4.E-02));
#450 = VECTOR('',#451,1.);
#451 = DIRECTION('',(1.,0.,0.));
#452 = ORIENTED_EDGE('',*,*,#453,.F.);
#453 = EDGE_CURVE('',#454,#446,#456,.T.);
#454 = VERTEX_POINT('',#455);
#455 = CARTESIAN_POINT('',(0.6,-0.585,8.E-02));
#456 = CIRCLE('',#457,4.E-02);
#457 = AXIS2_PLACEMENT_3D('',#458,#459,#460);
#458 = CARTESIAN_POINT('',(0.6,-0.545,8.E-02));
#459 = DIRECTION('',(1.,0.,-0.));
#460 = DIRECTION('',(0.,0.,1.));
#461 = ORIENTED_EDGE('',*,*,#462,.F.);
#462 = EDGE_CURVE('',#369,#454,#463,.T.);
#463 = LINE('',#464,#465);
#464 = CARTESIAN_POINT('',(-0.6,-0.585,8.E-02));
#465 = VECTOR('',#466,1.);
#466 = DIRECTION('',(1.,0.,0.));
#467 = CYLINDRICAL_SURFACE('',#468,4.E-02);
#468 = AXIS2_PLACEMENT_3D('',#469,#470,#471);
#469 = CARTESIAN_POINT('',(-0.6,-0.545,8.E-02));
#470 = DIRECTION('',(1.,0.,0.));
#471 = DIRECTION('',(0.,-1.,0.));
#472 = ADVANCED_FACE('',(#473),#491,.F.);
#473 = FACE_BOUND('',#474,.F.);
#474 = EDGE_LOOP('',(#475,#476,#477,#485));
#475 = ORIENTED_EDGE('',*,*,#430,.F.);
#476 = ORIENTED_EDGE('',*,*,#445,.T.);
#477 = ORIENTED_EDGE('',*,*,#478,.T.);
#478 = EDGE_CURVE('',#446,#479,#481,.T.);
#479 = VERTEX_POINT('',#480);
#480 = CARTESIAN_POINT('',(0.6,0.545,4.E-02));
#481 = LINE('',#482,#483);
#482 = CARTESIAN_POINT('',(0.6,-0.585,4.E-02));
#483 = VECTOR('',#484,1.);
#484 = DIRECTION('',(0.,1.,0.));
#485 = ORIENTED_EDGE('',*,*,#486,.F.);
#486 = EDGE_CURVE('',#422,#479,#487,.T.);
#487 = LINE('',#488,#489);
#488 = CARTESIAN_POINT('',(-0.6,0.545,4.E-02));
#489 = VECTOR('',#490,1.);
#490 = DIRECTION('',(1.,0.,0.));
#491 = PLANE('',#492);
#492 = AXIS2_PLACEMENT_3D('',#493,#494,#495);
#493 = CARTESIAN_POINT('',(-0.6,-0.585,4.E-02));
#494 = DIRECTION('',(0.,0.,1.));
#495 = DIRECTION('',(1.,0.,-0.));
#496 = ADVANCED_FACE('',(#497),#516,.T.);
#497 = FACE_BOUND('',#498,.T.);
#498 = EDGE_LOOP('',(#499,#507,#514,#515));
#499 = ORIENTED_EDGE('',*,*,#500,.T.);
#500 = EDGE_CURVE('',#414,#501,#503,.T.);
#501 = VERTEX_POINT('',#502);
#502 = CARTESIAN_POINT('',(0.6,0.585,8.E-02));
#503 = LINE('',#504,#505);
#504 = CARTESIAN_POINT('',(-0.6,0.585,8.E-02));
#505 = VECTOR('',#506,1.);
#506 = DIRECTION('',(1.,0.,0.));
#507 = ORIENTED_EDGE('',*,*,#508,.T.);
#508 = EDGE_CURVE('',#501,#479,#509,.T.);
#509 = CIRCLE('',#510,4.E-02);
#510 = AXIS2_PLACEMENT_3D('',#511,#512,#513);
#511 = CARTESIAN_POINT('',(0.6,0.545,8.E-02));
#512 = DIRECTION('',(-1.,0.,0.));
#513 = DIRECTION('',(0.,0.,1.));
#514 = ORIENTED_EDGE('',*,*,#486,.F.);
#515 = ORIENTED_EDGE('',*,*,#421,.F.);
#516 = CYLINDRICAL_SURFACE('',#517,4.E-02);
#517 = AXIS2_PLACEMENT_3D('',#518,#519,#520);
#518 = CARTESIAN_POINT('',(-0.6,0.545,8.E-02));
#519 = DIRECTION('',(1.,0.,0.));
#520 = DIRECTION('',(-0.,1.,0.));
#521 = ADVANCED_FACE('',(#522),#540,.T.);
#522 = FACE_BOUND('',#523,.T.);
#523 = EDGE_LOOP('',(#524,#532,#533,#534));
#524 = ORIENTED_EDGE('',*,*,#525,.F.);
#525 = EDGE_CURVE('',#501,#526,#528,.T.);
#526 = VERTEX_POINT('',#527);
#527 = CARTESIAN_POINT('',(0.6,0.585,1.17));
#528 = LINE('',#529,#530);
#529 = CARTESIAN_POINT('',(0.6,0.585,4.E-02));
#530 = VECTOR('',#531,1.);
#531 = DIRECTION('',(0.,0.,1.));
#532 = ORIENTED_EDGE('',*,*,#500,.F.);
#533 = ORIENTED_EDGE('',*,*,#413,.T.);
#534 = ORIENTED_EDGE('',*,*,#535,.T.);
#535 = EDGE_CURVE('',#405,#526,#536,.T.);
#536 = LINE('',#537,#538);
#537 = CARTESIAN_POINT('',(-0.6,0.585,1.17));
#538 = VECTOR('',#539,1.);
#539 = DIRECTION('',(1.,0.,0.));
#540 = PLANE('',#541);
#541 = AXIS2_PLACEMENT_3D('',#542,#543,#544);
#542 = CARTESIAN_POINT('',(-0.6,0.585,4.E-02));
#543 = DIRECTION('',(0.,1.,0.));
#544 = DIRECTION('',(0.,-0.,1.));
#545 = ADVANCED_FACE('',(#546),#565,.T.);
#546 = FACE_BOUND('',#547,.T.);
#547 = EDGE_LOOP('',(#548,#549,#557,#564));
#548 = ORIENTED_EDGE('',*,*,#404,.T.);
#549 = ORIENTED_EDGE('',*,*,#550,.T.);
#550 = EDGE_CURVE('',#397,#551,#553,.T.);
#551 = VERTEX_POINT('',#552);
#552 = CARTESIAN_POINT('',(0.6,0.545,1.21));
#553 = LINE('',#554,#555);
#554 = CARTESIAN_POINT('',(-0.6,0.545,1.21));
#555 = VECTOR('',#556,1.);
#556 = DIRECTION('',(1.,0.,0.));
#557 = ORIENTED_EDGE('',*,*,#558,.F.);
#558 = EDGE_CURVE('',#526,#551,#559,.T.);
#559 = CIRCLE('',#560,4.E-02);
#560 = AXIS2_PLACEMENT_3D('',#561,#562,#563);
#561 = CARTESIAN_POINT('',(0.6,0.545,1.17));
#562 = DIRECTION('',(1.,0.,-0.));
#563 = DIRECTION('',(0.,0.,1.));
#564 = ORIENTED_EDGE('',*,*,#535,.F.);
#565 = CYLINDRICAL_SURFACE('',#566,4.E-02);
#566 = AXIS2_PLACEMENT_3D('',#567,#568,#569);
#567 = CARTESIAN_POINT('',(-0.6,0.545,1.17));
#568 = DIRECTION('',(1.,0.,0.));
#569 = DIRECTION('',(-0.,1.,0.));
#570 = ADVANCED_FACE('',(#571),#589,.T.);
#571 = FACE_BOUND('',#572,.T.);
#572 = EDGE_LOOP('',(#573,#574,#582,#588));
#573 = ORIENTED_EDGE('',*,*,#396,.F.);
#574 = ORIENTED_EDGE('',*,*,#575,.T.);
#575 = EDGE_CURVE('',#388,#576,#578,.T.);
#576 = VERTEX_POINT('',#577);
#577 = CARTESIAN_POINT('',(0.6,-0.545,1.21));
#578 = LINE('',#579,#580);
#579 = CARTESIAN_POINT('',(-0.6,-0.545,1.21));
#580 = VECTOR('',#581,1.);
#581 = DIRECTION('',(1.,0.,0.));
#582 = ORIENTED_EDGE('',*,*,#583,.T.);
#583 = EDGE_CURVE('',#576,#551,#584,.T.);
#584 = LINE('',#585,#586);
#585 = CARTESIAN_POINT('',(0.6,-0.585,1.21));
#586 = VECTOR('',#587,1.);
#587 = DIRECTION('',(0.,1.,0.));
#588 = ORIENTED_EDGE('',*,*,#550,.F.);
#589 = PLANE('',#590);
#590 = AXIS2_PLACEMENT_3D('',#591,#592,#593);
#591 = CARTESIAN_POINT('',(-0.6,-0.585,1.21));
#592 = DIRECTION('',(0.,0.,1.));
#593 = DIRECTION('',(1.,0.,-0.));
#594 = ADVANCED_FACE('',(#595),#614,.T.);
#595 = FACE_BOUND('',#596,.T.);
#596 = EDGE_LOOP('',(#597,#605,#612,#613));
#597 = ORIENTED_EDGE('',*,*,#598,.T.);
#598 = EDGE_CURVE('',#380,#599,#601,.T.);
#599 = VERTEX_POINT('',#600);
#600 = CARTESIAN_POINT('',(0.6,-0.585,1.17));
#601 = LINE('',#602,#603);
#602 = CARTESIAN_POINT('',(-0.6,-0.585,1.17));
#603 = VECTOR('',#604,1.);
#604 = DIRECTION('',(1.,0.,0.));
#605 = ORIENTED_EDGE('',*,*,#606,.T.);
#606 = EDGE_CURVE('',#599,#576,#607,.T.);
#607 = CIRCLE('',#608,4.E-02);
#608 = AXIS2_PLACEMENT_3D('',#609,#610,#611);
#609 = CARTESIAN_POINT('',(0.6,-0.545,1.17));
#610 = DIRECTION('',(-1.,0.,0.));
#611 = DIRECTION('',(0.,0.,1.));
#612 = ORIENTED_EDGE('',*,*,#575,.F.);
#613 = ORIENTED_EDGE('',*,*,#387,.F.);
#614 = CYLINDRICAL_SURFACE('',#615,4.E-02);
#615 = AXIS2_PLACEMENT_3D('',#616,#617,#618);
#616 = CARTESIAN_POINT('',(-0.6,-0.545,1.17));
#617 = DIRECTION('',(1.,0.,0.));
#618 = DIRECTION('',(0.,-1.,0.));
#619 = ADVANCED_FACE('',(#620),#631,.F.);
#620 = FACE_BOUND('',#621,.F.);
#621 = EDGE_LOOP('',(#622,#628,#629,#630));
#622 = ORIENTED_EDGE('',*,*,#623,.F.);
#623 = EDGE_CURVE('',#454,#599,#624,.T.);
#624 = LINE('',#625,#626);
#625 = CARTESIAN_POINT('',(0.6,-0.585,4.E-02));
#626 = VECTOR('',#627,1.);
#627 = DIRECTION('',(0.,0.,1.));
#628 = ORIENTED_EDGE('',*,*,#462,.F.);
#629 = ORIENTED_EDGE('',*,*,#379,.T.);
#630 = ORIENTED_EDGE('',*,*,#598,.T.);
#631 = PLANE('',#632);
#632 = AXIS2_PLACEMENT_3D('',#633,#634,#635);
#633 = CARTESIAN_POINT('',(-0.6,-0.585,4.E-02));
#634 = DIRECTION('',(0.,1.,0.));
#635 = DIRECTION('',(0.,-0.,1.));
#636 = ADVANCED_FACE('',(#637,#707),#717,.F.);
#637 = FACE_BOUND('',#638,.F.);
#638 = EDGE_LOOP('',(#639,#649,#658,#666,#675,#683,#692,#700));
#639 = ORIENTED_EDGE('',*,*,#640,.F.);
#640 = EDGE_CURVE('',#641,#643,#645,.T.);
#641 = VERTEX_POINT('',#642);
#642 = CARTESIAN_POINT('',(0.6,-0.625,4.E-02));
#643 = VERTEX_POINT('',#644);
#644 = CARTESIAN_POINT('',(0.6,-0.625,1.21));
#645 = LINE('',#646,#647);
#646 = CARTESIAN_POINT('',(0.6,-0.625,0.));
#647 = VECTOR('',#648,1.);
#648 = DIRECTION('',(0.,0.,1.));
#649 = ORIENTED_EDGE('',*,*,#650,.T.);
#650 = EDGE_CURVE('',#641,#651,#653,.T.);
#651 = VERTEX_POINT('',#652);
#652 = CARTESIAN_POINT('',(0.6,-0.585,0.));
#653 = CIRCLE('',#654,4.E-02);
#654 = AXIS2_PLACEMENT_3D('',#655,#656,#657);
#655 = CARTESIAN_POINT('',(0.6,-0.585,4.E-02));
#656 = DIRECTION('',(1.,0.,-0.));
#657 = DIRECTION('',(0.,0.,1.));
#658 = ORIENTED_EDGE('',*,*,#659,.T.);
#659 = EDGE_CURVE('',#651,#660,#662,.T.);
#660 = VERTEX_POINT('',#661);
#661 = CARTESIAN_POINT('',(0.6,0.585,0.));
#662 = LINE('',#663,#664);
#663 = CARTESIAN_POINT('',(0.6,-0.625,0.));
#664 = VECTOR('',#665,1.);
#665 = DIRECTION('',(0.,1.,0.));
#666 = ORIENTED_EDGE('',*,*,#667,.F.);
#667 = EDGE_CURVE('',#668,#660,#670,.T.);
#668 = VERTEX_POINT('',#669);
#669 = CARTESIAN_POINT('',(0.6,0.625,4.E-02));
#670 = CIRCLE('',#671,4.E-02);
#671 = AXIS2_PLACEMENT_3D('',#672,#673,#674);
#672 = CARTESIAN_POINT('',(0.6,0.585,4.E-02));
#673 = DIRECTION('',(-1.,0.,0.));
#674 = DIRECTION('',(0.,0.,1.));
#675 = ORIENTED_EDGE('',*,*,#676,.T.);
#676 = EDGE_CURVE('',#668,#677,#679,.T.);
#677 = VERTEX_POINT('',#678);
#678 = CARTESIAN_POINT('',(0.6,0.625,1.21));
#679 = LINE('',#680,#681);
#680 = CARTESIAN_POINT('',(0.6,0.625,0.));
#681 = VECTOR('',#682,1.);
#682 = DIRECTION('',(0.,0.,1.));
#683 = ORIENTED_EDGE('',*,*,#684,.T.);
#684 = EDGE_CURVE('',#677,#685,#687,.T.);
#685 = VERTEX_POINT('',#686);
#686 = CARTESIAN_POINT('',(0.6,0.585,1.25));
#687 = CIRCLE('',#688,4.E-02);
#688 = AXIS2_PLACEMENT_3D('',#689,#690,#691);
#689 = CARTESIAN_POINT('',(0.6,0.585,1.21));
#690 = DIRECTION('',(1.,0.,-0.));
#691 = DIRECTION('',(0.,0.,1.));
#692 = ORIENTED_EDGE('',*,*,#693,.F.);
#693 = EDGE_CURVE('',#694,#685,#696,.T.);
#694 = VERTEX_POINT('',#695);
#695 = CARTESIAN_POINT('',(0.6,-0.585,1.25));
#696 = LINE('',#697,#698);
#697 = CARTESIAN_POINT('',(0.6,-0.625,1.25));
#698 = VECTOR('',#699,1.);
#699 = DIRECTION('',(0.,1.,0.));
#700 = ORIENTED_EDGE('',*,*,#701,.F.);
#701 = EDGE_CURVE('',#643,#694,#702,.T.);
#702 = CIRCLE('',#703,4.E-02);
#703 = AXIS2_PLACEMENT_3D('',#704,#705,#706);
#704 = CARTESIAN_POINT('',(0.6,-0.585,1.21));
#705 = DIRECTION('',(-1.,0.,0.));
#706 = DIRECTION('',(0.,0.,1.));
#707 = FACE_BOUND('',#708,.F.);
#708 = EDGE_LOOP('',(#709,#710,#711,#712,#713,#714,#715,#716));
#709 = ORIENTED_EDGE('',*,*,#453,.F.);
#710 = ORIENTED_EDGE('',*,*,#623,.T.);
#711 = ORIENTED_EDGE('',*,*,#606,.T.);
#712 = ORIENTED_EDGE('',*,*,#583,.T.);
#713 = ORIENTED_EDGE('',*,*,#558,.F.);
#714 = ORIENTED_EDGE('',*,*,#525,.F.);
#715 = ORIENTED_EDGE('',*,*,#508,.T.);
#716 = ORIENTED_EDGE('',*,*,#478,.F.);
#717 = PLANE('',#718);
#718 = AXIS2_PLACEMENT_3D('',#719,#720,#721);
#719 = CARTESIAN_POINT('',(0.6,-0.625,0.));
#720 = DIRECTION('',(1.,0.,0.));
#721 = DIRECTION('',(0.,0.,1.));
#722 = ADVANCED_FACE('',(#723),#748,.F.);
#723 = FACE_BOUND('',#724,.F.);
#724 = EDGE_LOOP('',(#725,#735,#741,#742));
#725 = ORIENTED_EDGE('',*,*,#726,.F.);
#726 = EDGE_CURVE('',#727,#729,#731,.T.);
#727 = VERTEX_POINT('',#728);
#728 = CARTESIAN_POINT('',(1.,-0.625,4.E-02));
#729 = VERTEX_POINT('',#730);
#730 = CARTESIAN_POINT('',(1.,-0.625,1.21));
#731 = LINE('',#732,#733);
#732 = CARTESIAN_POINT('',(1.,-0.625,0.));
#733 = VECTOR('',#734,1.);
#734 = DIRECTION('',(0.,0.,1.));
#735 = ORIENTED_EDGE('',*,*,#736,.F.);
#736 = EDGE_CURVE('',#641,#727,#737,.T.);
#737 = LINE('',#738,#739);
#738 = CARTESIAN_POINT('',(0.6,-0.625,4.E-02));
#739 = VECTOR('',#740,1.);
#740 = DIRECTION('',(1.,0.,0.));
#741 = ORIENTED_EDGE('',*,*,#640,.T.);
#742 = ORIENTED_EDGE('',*,*,#743,.T.);
#743 = EDGE_CURVE('',#643,#729,#744,.T.);
#744 = LINE('',#745,#746);
#745 = CARTESIAN_POINT('',(0.6,-0.625,1.21));
#746 = VECTOR('',#747,1.);
#747 = DIRECTION('',(1.,0.,0.));
#748 = PLANE('',#749);
#749 = AXIS2_PLACEMENT_3D('',#750,#751,#752);
#750 = CARTESIAN_POINT('',(0.6,-0.625,0.));
#751 = DIRECTION('',(0.,1.,0.));
#752 = DIRECTION('',(0.,-0.,1.));
#753 = ADVANCED_FACE('',(#754),#773,.T.);
#754 = FACE_BOUND('',#755,.T.);
#755 = EDGE_LOOP('',(#756,#757,#765,#772));
#756 = ORIENTED_EDGE('',*,*,#650,.T.);
#757 = ORIENTED_EDGE('',*,*,#758,.T.);
#758 = EDGE_CURVE('',#651,#759,#761,.T.);
#759 = VERTEX_POINT('',#760);
#760 = CARTESIAN_POINT('',(1.,-0.585,0.));
#761 = LINE('',#762,#763);
#762 = CARTESIAN_POINT('',(0.6,-0.585,0.));
#763 = VECTOR('',#764,1.);
#764 = DIRECTION('',(1.,0.,0.));
#765 = ORIENTED_EDGE('',*,*,#766,.F.);
#766 = EDGE_CURVE('',#727,#759,#767,.T.);
#767 = CIRCLE('',#768,4.E-02);
#768 = AXIS2_PLACEMENT_3D('',#769,#770,#771);
#769 = CARTESIAN_POINT('',(1.,-0.585,4.E-02));
#770 = DIRECTION('',(1.,0.,-0.));
#771 = DIRECTION('',(0.,0.,1.));
#772 = ORIENTED_EDGE('',*,*,#736,.F.);
#773 = CYLINDRICAL_SURFACE('',#774,4.E-02);
#774 = AXIS2_PLACEMENT_3D('',#775,#776,#777);
#775 = CARTESIAN_POINT('',(0.6,-0.585,4.E-02));
#776 = DIRECTION('',(1.,0.,0.));
#777 = DIRECTION('',(0.,-1.,0.));
#778 = ADVANCED_FACE('',(#779),#798,.T.);
#779 = FACE_BOUND('',#780,.T.);
#780 = EDGE_LOOP('',(#781,#782,#791,#797));
#781 = ORIENTED_EDGE('',*,*,#743,.T.);
#782 = ORIENTED_EDGE('',*,*,#783,.T.);
#783 = EDGE_CURVE('',#729,#784,#786,.T.);
#784 = VERTEX_POINT('',#785);
#785 = CARTESIAN_POINT('',(1.,-0.585,1.25));
#786 = CIRCLE('',#787,4.E-02);
#787 = AXIS2_PLACEMENT_3D('',#788,#789,#790);
#788 = CARTESIAN_POINT('',(1.,-0.585,1.21));
#789 = DIRECTION('',(-1.,0.,0.));
#790 = DIRECTION('',(0.,0.,1.));
#791 = ORIENTED_EDGE('',*,*,#792,.F.);
#792 = EDGE_CURVE('',#694,#784,#793,.T.);
#793 = LINE('',#794,#795);
#794 = CARTESIAN_POINT('',(0.6,-0.585,1.25));
#795 = VECTOR('',#796,1.);
#796 = DIRECTION('',(1.,0.,0.));
#797 = ORIENTED_EDGE('',*,*,#701,.F.);
#798 = CYLINDRICAL_SURFACE('',#799,4.E-02);
#799 = AXIS2_PLACEMENT_3D('',#800,#801,#802);
#800 = CARTESIAN_POINT('',(0.6,-0.585,1.21));
#801 = DIRECTION('',(1.,0.,0.));
#802 = DIRECTION('',(0.,-1.,0.));
#803 = ADVANCED_FACE('',(#804),#822,.F.);
#804 = FACE_BOUND('',#805,.F.);
#805 = EDGE_LOOP('',(#806,#807,#808,#816));
#806 = ORIENTED_EDGE('',*,*,#659,.F.);
#807 = ORIENTED_EDGE('',*,*,#758,.T.);
#808 = ORIENTED_EDGE('',*,*,#809,.T.);
#809 = EDGE_CURVE('',#759,#810,#812,.T.);
#810 = VERTEX_POINT('',#811);
#811 = CARTESIAN_POINT('',(1.,0.585,0.));
#812 = LINE('',#813,#814);
#813 = CARTESIAN_POINT('',(1.,-0.625,0.));
#814 = VECTOR('',#815,1.);
#815 = DIRECTION('',(0.,1.,0.));
#816 = ORIENTED_EDGE('',*,*,#817,.F.);
#817 = EDGE_CURVE('',#660,#810,#818,.T.);
#818 = LINE('',#819,#820);
#819 = CARTESIAN_POINT('',(0.6,0.585,0.));
#820 = VECTOR('',#821,1.);
#821 = DIRECTION('',(1.,0.,0.));
#822 = PLANE('',#823);
#823 = AXIS2_PLACEMENT_3D('',#824,#825,#826);
#824 = CARTESIAN_POINT('',(0.6,-0.625,0.));
#825 = DIRECTION('',(0.,0.,1.));
#826 = DIRECTION('',(1.,0.,-0.));
#827 = ADVANCED_FACE('',(#828),#846,.T.);
#828 = FACE_BOUND('',#829,.T.);
#829 = EDGE_LOOP('',(#830,#831,#832,#840));
#830 = ORIENTED_EDGE('',*,*,#693,.F.);
#831 = ORIENTED_EDGE('',*,*,#792,.T.);
#832 = ORIENTED_EDGE('',*,*,#833,.T.);
#833 = EDGE_CURVE('',#784,#834,#836,.T.);
#834 = VERTEX_POINT('',#835);
#835 = CARTESIAN_POINT('',(1.,0.585,1.25));
#836 = LINE('',#837,#838);
#837 = CARTESIAN_POINT('',(1.,-0.625,1.25));
#838 = VECTOR('',#839,1.);
#839 = DIRECTION('',(0.,1.,0.));
#840 = ORIENTED_EDGE('',*,*,#841,.F.);
#841 = EDGE_CURVE('',#685,#834,#842,.T.);
#842 = LINE('',#843,#844);
#843 = CARTESIAN_POINT('',(0.6,0.585,1.25));
#844 = VECTOR('',#845,1.);
#845 = DIRECTION('',(1.,0.,0.));
#846 = PLANE('',#847);
#847 = AXIS2_PLACEMENT_3D('',#848,#849,#850);
#848 = CARTESIAN_POINT('',(0.6,-0.625,1.25));
#849 = DIRECTION('',(0.,0.,1.));
#850 = DIRECTION('',(1.,0.,-0.));
#851 = ADVANCED_FACE('',(#852),#871,.T.);
#852 = FACE_BOUND('',#853,.T.);
#853 = EDGE_LOOP('',(#854,#862,#869,#870));
#854 = ORIENTED_EDGE('',*,*,#855,.T.);
#855 = EDGE_CURVE('',#668,#856,#858,.T.);
#856 = VERTEX_POINT('',#857);
#857 = CARTESIAN_POINT('',(1.,0.625,4.E-02));
#858 = LINE('',#859,#860);
#859 = CARTESIAN_POINT('',(0.6,0.625,4.E-02));
#860 = VECTOR('',#861,1.);
#861 = DIRECTION('',(1.,0.,0.));
#862 = ORIENTED_EDGE('',*,*,#863,.T.);
#863 = EDGE_CURVE('',#856,#810,#864,.T.);
#864 = CIRCLE('',#865,4.E-02);
#865 = AXIS2_PLACEMENT_3D('',#866,#867,#868);
#866 = CARTESIAN_POINT('',(1.,0.585,4.E-02));
#867 = DIRECTION('',(-1.,0.,0.));
#868 = DIRECTION('',(0.,0.,1.));
#869 = ORIENTED_EDGE('',*,*,#817,.F.);
#870 = ORIENTED_EDGE('',*,*,#667,.F.);
#871 = CYLINDRICAL_SURFACE('',#872,4.E-02);
#872 = AXIS2_PLACEMENT_3D('',#873,#874,#875);
#873 = CARTESIAN_POINT('',(0.6,0.585,4.E-02));
#874 = DIRECTION('',(1.,0.,0.));
#875 = DIRECTION('',(-0.,1.,0.));
#876 = ADVANCED_FACE('',(#877),#896,.T.);
#877 = FACE_BOUND('',#878,.T.);
#878 = EDGE_LOOP('',(#879,#880,#881,#890));
#879 = ORIENTED_EDGE('',*,*,#684,.T.);
#880 = ORIENTED_EDGE('',*,*,#841,.T.);
#881 = ORIENTED_EDGE('',*,*,#882,.F.);
#882 = EDGE_CURVE('',#883,#834,#885,.T.);
#883 = VERTEX_POINT('',#884);
#884 = CARTESIAN_POINT('',(1.,0.625,1.21));
#885 = CIRCLE('',#886,4.E-02);
#886 = AXIS2_PLACEMENT_3D('',#887,#888,#889);
#887 = CARTESIAN_POINT('',(1.,0.585,1.21));
#888 = DIRECTION('',(1.,0.,-0.));
#889 = DIRECTION('',(0.,0.,1.));
#890 = ORIENTED_EDGE('',*,*,#891,.F.);
#891 = EDGE_CURVE('',#677,#883,#892,.T.);
#892 = LINE('',#893,#894);
#893 = CARTESIAN_POINT('',(0.6,0.625,1.21));
#894 = VECTOR('',#895,1.);
#895 = DIRECTION('',(1.,0.,0.));
#896 = CYLINDRICAL_SURFACE('',#897,4.E-02);
#897 = AXIS2_PLACEMENT_3D('',#898,#899,#900);
#898 = CARTESIAN_POINT('',(0.6,0.585,1.21));
#899 = DIRECTION('',(1.,0.,0.));
#900 = DIRECTION('',(-0.,1.,0.));
#901 = ADVANCED_FACE('',(#902),#913,.T.);
#902 = FACE_BOUND('',#903,.T.);
#903 = EDGE_LOOP('',(#904,#910,#911,#912));
#904 = ORIENTED_EDGE('',*,*,#905,.F.);
#905 = EDGE_CURVE('',#856,#883,#906,.T.);
#906 = LINE('',#907,#908);
#907 = CARTESIAN_POINT('',(1.,0.625,0.));
#908 = VECTOR('',#909,1.);
#909 = DIRECTION('',(0.,0.,1.));
#910 = ORIENTED_EDGE('',*,*,#855,.F.);
#911 = ORIENTED_EDGE('',*,*,#676,.T.);
#912 = ORIENTED_EDGE('',*,*,#891,.T.);
#913 = PLANE('',#914);
#914 = AXIS2_PLACEMENT_3D('',#915,#916,#917);
#915 = CARTESIAN_POINT('',(0.6,0.625,0.));
#916 = DIRECTION('',(0.,1.,0.));
#917 = DIRECTION('',(0.,-0.,1.));
#918 = ADVANCED_FACE('',(#919),#929,.T.);
#919 = FACE_BOUND('',#920,.T.);
#920 = EDGE_LOOP('',(#921,#922,#923,#924,#925,#926,#927,#928));
#921 = ORIENTED_EDGE('',*,*,#726,.F.);
#922 = ORIENTED_EDGE('',*,*,#766,.T.);
#923 = ORIENTED_EDGE('',*,*,#809,.T.);
#924 = ORIENTED_EDGE('',*,*,#863,.F.);
#925 = ORIENTED_EDGE('',*,*,#905,.T.);
#926 = ORIENTED_EDGE('',*,*,#882,.T.);
#927 = ORIENTED_EDGE('',*,*,#833,.F.);
#928 = ORIENTED_EDGE('',*,*,#783,.F.);
#929 = PLANE('',#930);
#930 = AXIS2_PLACEMENT_3D('',#931,#932,#933);
#931 = CARTESIAN_POINT('',(1.,-0.625,0.));
#932 = DIRECTION('',(1.,0.,0.));
#933 = DIRECTION('',(0.,0.,1.));
#934 = ( GEOMETRIC_REPRESENTATION_CONTEXT(3) 
GLOBAL_UNCERTAINTY_ASSIGNED_CONTEXT((#938)) GLOBAL_UNIT_ASSIGNED_CONTEXT
((#935,#936,#937)) REPRESENTATION_CONTEXT('Context #1',
  '3D Context with UNIT and UNCERTAINTY') );
#935 = ( LENGTH_UNIT() NAMED_UNIT(*) SI_UNIT(.MILLI.,.METRE.) );
#936 = ( NAMED_UNIT(*) PLANE_ANGLE_UNIT() SI_UNIT($,.RADIAN.) );
#937 = ( NAMED_UNIT(*) SI_UNIT($,.STERADIAN.) SOLID_ANGLE_UNIT() );
#938 = UNCERTAINTY_MEASURE_WITH_UNIT(LENGTH_MEASURE(1.E-07),#935,
  'distance_accuracy_value','confusion accuracy');
#939 = CONTEXT_DEPENDENT_SHAPE_REPRESENTATION(#940,#942);
#940 = ( REPRESENTATION_RELATIONSHIP('','',#79,#56) 
REPRESENTATION_RELATIONSHIP_WITH_TRANSFORMATION(#941) 
SHAPE_REPRESENTATION_RELATIONSHIP() );
#941 = ITEM_DEFINED_TRANSFORMATION('','',#11,#57);
#942 = PRODUCT_DEFINITION_SHAPE('Placement','Placement of an item',#943
  );
#943 = NEXT_ASSEMBLY_USAGE_OCCURRENCE('1','=>[0:1:1:3]','',#51,#74,$);
#944 = PRODUCT_RELATED_PRODUCT_CATEGORY('part',$,(#76));
#945 = SHAPE_DEFINITION_REPRESENTATION(#946,#952);
#946 = PRODUCT_DEFINITION_SHAPE('','',#947);
#947 = PRODUCT_DEFINITION('design','',#948,#951);
#948 = PRODUCT_DEFINITION_FORMATION('','',#949);
#949 = PRODUCT('C_0603_1608Metric','C_0603_1608Metric','',(#950));
#950 = PRODUCT_CONTEXT('',#2,'mechanical');
#951 = PRODUCT_DEFINITION_CONTEXT('part definition',#2,'design');
#952 = SHAPE_REPRESENTATION('',(#11,#953),#957);
#953 = AXIS2_PLACEMENT_3D('',#954,#955,#956);
#954 = CARTESIAN_POINT('',(0.,0.,0.));
#955 = DIRECTION('',(0.,0.,1.));
#956 = DIRECTION('',(1.,0.,-0.));
#957 = ( GEOMETRIC_REPRESENTATION_CONTEXT(3) 
GLOBAL_UNCERTAINTY_ASSIGNED_CONTEXT((#961)) GLOBAL_UNIT_ASSIGNED_CONTEXT
((#958,#959,#960)) REPRESENTATION_CONTEXT('Context #1',
  '3D Context with UNIT and UNCERTAINTY') );
#958 = ( LENGTH_UNIT() NAMED_UNIT(*) SI_UNIT(.MILLI.,.METRE.) );
#959 = ( NAMED_UNIT(*) PLANE_ANGLE_UNIT() SI_UNIT($,.RADIAN.) );
#960 = ( NAMED_UNIT(*) SI_UNIT($,.STERADIAN.) SOLID_ANGLE_UNIT() );
#961 = UNCERTAINTY_MEASURE_WITH_UNIT(LENGTH_MEASURE(1.E-07),#958,
  'distance_accuracy_value','confusion accuracy');
#962 = CONTEXT_DEPENDENT_SHAPE_REPRESENTATION(#963,#965);
#963 = ( REPRESENTATION_RELATIONSHIP('','',#952,#10) 
REPRESENTATION_RELATIONSHIP_WITH_TRANSFORMATION(#964) 
SHAPE_REPRESENTATION_RELATIONSHIP() );
#964 = ITEM_DEFINED_TRANSFORMATION('','',#11,#19);
#965 = PRODUCT_DEFINITION_SHAPE('Placement','Placement of an item',#966
  );
#966 = NEXT_ASSEMBLY_USAGE_OCCURRENCE('4','C1','',#5,#947,$);
#967 = PRODUCT_RELATED_PRODUCT_CATEGORY('part',$,(#949));
#968 = SHAPE_DEFINITION_REPRESENTATION(#969,#975);
#969 = PRODUCT_DEFINITION_SHAPE('','',#970);
#970 = PRODUCT_DEFINITION('design','',#971,#974);
#971 = PRODUCT_DEFINITION_FORMATION('','',#972);
#972 = PRODUCT('C_0603_1608Metric','C_0603_1608Metric','',(#973));
#973 = PRODUCT_CONTEXT('',#2,'mechanical');
#974 = PRODUCT_DEFINITION_CONTEXT('part definition',#2,'design');
#975 = ADVANCED_BREP_SHAPE_REPRESENTATION('',(#11,#976),#1830);
#976 = MANIFOLD_SOLID_BREP('',#977);
#977 = CLOSED_SHELL('',(#978,#1054,#1085,#1110,#1135,#1159,#1183,#1208,
    #1233,#1250,#1336,#1368,#1392,#1417,#1441,#1466,#1490,#1515,#1532,
    #1618,#1649,#1674,#1699,#1723,#1747,#1772,#1797,#1814));
#978 = ADVANCED_FACE('',(#979),#1049,.F.);
#979 = FACE_BOUND('',#980,.F.);
#980 = EDGE_LOOP('',(#981,#991,#1000,#1008,#1017,#1025,#1034,#1042));
#981 = ORIENTED_EDGE('',*,*,#982,.F.);
#982 = EDGE_CURVE('',#983,#985,#987,.T.);
#983 = VERTEX_POINT('',#984);
#984 = CARTESIAN_POINT('',(-0.8,-0.4,3.E-02));
#985 = VERTEX_POINT('',#986);
#986 = CARTESIAN_POINT('',(-0.8,-0.4,0.77));
#987 = LINE('',#988,#989);
#988 = CARTESIAN_POINT('',(-0.8,-0.4,0.));
#989 = VECTOR('',#990,1.);
#990 = DIRECTION('',(0.,0.,1.));
#991 = ORIENTED_EDGE('',*,*,#992,.T.);
#992 = EDGE_CURVE('',#983,#993,#995,.T.);
#993 = VERTEX_POINT('',#994);
#994 = CARTESIAN_POINT('',(-0.8,-0.37,0.));
#995 = CIRCLE('',#996,3.E-02);
#996 = AXIS2_PLACEMENT_3D('',#997,#998,#999);
#997 = CARTESIAN_POINT('',(-0.8,-0.37,3.E-02));
#998 = DIRECTION('',(1.,0.,-0.));
#999 = DIRECTION('',(0.,0.,1.));
#1000 = ORIENTED_EDGE('',*,*,#1001,.T.);
#1001 = EDGE_CURVE('',#993,#1002,#1004,.T.);
#1002 = VERTEX_POINT('',#1003);
#1003 = CARTESIAN_POINT('',(-0.8,0.37,0.));
#1004 = LINE('',#1005,#1006);
#1005 = CARTESIAN_POINT('',(-0.8,-0.4,0.));
#1006 = VECTOR('',#1007,1.);
#1007 = DIRECTION('',(0.,1.,0.));
#1008 = ORIENTED_EDGE('',*,*,#1009,.F.);
#1009 = EDGE_CURVE('',#1010,#1002,#1012,.T.);
#1010 = VERTEX_POINT('',#1011);
#1011 = CARTESIAN_POINT('',(-0.8,0.4,3.E-02));
#1012 = CIRCLE('',#1013,3.E-02);
#1013 = AXIS2_PLACEMENT_3D('',#1014,#1015,#1016);
#1014 = CARTESIAN_POINT('',(-0.8,0.37,3.E-02));
#1015 = DIRECTION('',(-1.,0.,0.));
#1016 = DIRECTION('',(0.,0.,1.));
#1017 = ORIENTED_EDGE('',*,*,#1018,.T.);
#1018 = EDGE_CURVE('',#1010,#1019,#1021,.T.);
#1019 = VERTEX_POINT('',#1020);
#1020 = CARTESIAN_POINT('',(-0.8,0.4,0.77));
#1021 = LINE('',#1022,#1023);
#1022 = CARTESIAN_POINT('',(-0.8,0.4,0.));
#1023 = VECTOR('',#1024,1.);
#1024 = DIRECTION('',(0.,0.,1.));
#1025 = ORIENTED_EDGE('',*,*,#1026,.T.);
#1026 = EDGE_CURVE('',#1019,#1027,#1029,.T.);
#1027 = VERTEX_POINT('',#1028);
#1028 = CARTESIAN_POINT('',(-0.8,0.37,0.8));
#1029 = CIRCLE('',#1030,3.E-02);
#1030 = AXIS2_PLACEMENT_3D('',#1031,#1032,#1033);
#1031 = CARTESIAN_POINT('',(-0.8,0.37,0.77));
#1032 = DIRECTION('',(1.,0.,-0.));
#1033 = DIRECTION('',(0.,0.,1.));
#1034 = ORIENTED_EDGE('',*,*,#1035,.F.);
#1035 = EDGE_CURVE('',#1036,#1027,#1038,.T.);
#1036 = VERTEX_POINT('',#1037);
#1037 = CARTESIAN_POINT('',(-0.8,-0.37,0.8));
#1038 = LINE('',#1039,#1040);
#1039 = CARTESIAN_POINT('',(-0.8,-0.4,0.8));
#1040 = VECTOR('',#1041,1.);
#1041 = DIRECTION('',(0.,1.,0.));
#1042 = ORIENTED_EDGE('',*,*,#1043,.F.);
#1043 = EDGE_CURVE('',#985,#1036,#1044,.T.);
#1044 = CIRCLE('',#1045,3.E-02);
#1045 = AXIS2_PLACEMENT_3D('',#1046,#1047,#1048);
#1046 = CARTESIAN_POINT('',(-0.8,-0.37,0.77));
#1047 = DIRECTION('',(-1.,0.,0.));
#1048 = DIRECTION('',(0.,0.,1.));
#1049 = PLANE('',#1050);
#1050 = AXIS2_PLACEMENT_3D('',#1051,#1052,#1053);
#1051 = CARTESIAN_POINT('',(-0.8,-0.4,0.));
#1052 = DIRECTION('',(1.,0.,0.));
#1053 = DIRECTION('',(0.,0.,1.));
#1054 = ADVANCED_FACE('',(#1055),#1080,.F.);
#1055 = FACE_BOUND('',#1056,.F.);
#1056 = EDGE_LOOP('',(#1057,#1067,#1073,#1074));
#1057 = ORIENTED_EDGE('',*,*,#1058,.F.);
#1058 = EDGE_CURVE('',#1059,#1061,#1063,.T.);
#1059 = VERTEX_POINT('',#1060);
#1060 = CARTESIAN_POINT('',(-0.5,-0.4,3.E-02));
#1061 = VERTEX_POINT('',#1062);
#1062 = CARTESIAN_POINT('',(-0.5,-0.4,0.77));
#1063 = LINE('',#1064,#1065);
#1064 = CARTESIAN_POINT('',(-0.5,-0.4,0.));
#1065 = VECTOR('',#1066,1.);
#1066 = DIRECTION('',(0.,0.,1.));
#1067 = ORIENTED_EDGE('',*,*,#1068,.F.);
#1068 = EDGE_CURVE('',#983,#1059,#1069,.T.);
#1069 = LINE('',#1070,#1071);
#1070 = CARTESIAN_POINT('',(-0.8,-0.4,3.E-02));
#1071 = VECTOR('',#1072,1.);
#1072 = DIRECTION('',(1.,0.,0.));
#1073 = ORIENTED_EDGE('',*,*,#982,.T.);
#1074 = ORIENTED_EDGE('',*,*,#1075,.T.);
#1075 = EDGE_CURVE('',#985,#1061,#1076,.T.);
#1076 = LINE('',#1077,#1078);
#1077 = CARTESIAN_POINT('',(-0.8,-0.4,0.77));
#1078 = VECTOR('',#1079,1.);
#1079 = DIRECTION('',(1.,0.,0.));
#1080 = PLANE('',#1081);
#1081 = AXIS2_PLACEMENT_3D('',#1082,#1083,#1084);
#1082 = CARTESIAN_POINT('',(-0.8,-0.4,0.));
#1083 = DIRECTION('',(0.,1.,0.));
#1084 = DIRECTION('',(0.,-0.,1.));
#1085 = ADVANCED_FACE('',(#1086),#1105,.T.);
#1086 = FACE_BOUND('',#1087,.T.);
#1087 = EDGE_LOOP('',(#1088,#1089,#1097,#1104));
#1088 = ORIENTED_EDGE('',*,*,#992,.T.);
#1089 = ORIENTED_EDGE('',*,*,#1090,.T.);
#1090 = EDGE_CURVE('',#993,#1091,#1093,.T.);
#1091 = VERTEX_POINT('',#1092);
#1092 = CARTESIAN_POINT('',(-0.5,-0.37,0.));
#1093 = LINE('',#1094,#1095);
#1094 = CARTESIAN_POINT('',(-0.8,-0.37,0.));
#1095 = VECTOR('',#1096,1.);
#1096 = DIRECTION('',(1.,0.,0.));
#1097 = ORIENTED_EDGE('',*,*,#1098,.F.);
#1098 = EDGE_CURVE('',#1059,#1091,#1099,.T.);
#1099 = CIRCLE('',#1100,3.E-02);
#1100 = AXIS2_PLACEMENT_3D('',#1101,#1102,#1103);
#1101 = CARTESIAN_POINT('',(-0.5,-0.37,3.E-02));
#1102 = DIRECTION('',(1.,0.,-0.));
#1103 = DIRECTION('',(0.,0.,1.));
#1104 = ORIENTED_EDGE('',*,*,#1068,.F.);
#1105 = CYLINDRICAL_SURFACE('',#1106,3.E-02);
#1106 = AXIS2_PLACEMENT_3D('',#1107,#1108,#1109);
#1107 = CARTESIAN_POINT('',(-0.8,-0.37,3.E-02));
#1108 = DIRECTION('',(1.,0.,0.));
#1109 = DIRECTION('',(0.,-1.,0.));
#1110 = ADVANCED_FACE('',(#1111),#1130,.T.);
#1111 = FACE_BOUND('',#1112,.T.);
#1112 = EDGE_LOOP('',(#1113,#1114,#1123,#1129));
#1113 = ORIENTED_EDGE('',*,*,#1075,.T.);
#1114 = ORIENTED_EDGE('',*,*,#1115,.T.);
#1115 = EDGE_CURVE('',#1061,#1116,#1118,.T.);
#1116 = VERTEX_POINT('',#1117);
#1117 = CARTESIAN_POINT('',(-0.5,-0.37,0.8));
#1118 = CIRCLE('',#1119,3.E-02);
#1119 = AXIS2_PLACEMENT_3D('',#1120,#1121,#1122);
#1120 = CARTESIAN_POINT('',(-0.5,-0.37,0.77));
#1121 = DIRECTION('',(-1.,0.,0.));
#1122 = DIRECTION('',(0.,0.,1.));
#1123 = ORIENTED_EDGE('',*,*,#1124,.F.);
#1124 = EDGE_CURVE('',#1036,#1116,#1125,.T.);
#1125 = LINE('',#1126,#1127);
#1126 = CARTESIAN_POINT('',(-0.8,-0.37,0.8));
#1127 = VECTOR('',#1128,1.);
#1128 = DIRECTION('',(1.,0.,0.));
#1129 = ORIENTED_EDGE('',*,*,#1043,.F.);
#1130 = CYLINDRICAL_SURFACE('',#1131,3.E-02);
#1131 = AXIS2_PLACEMENT_3D('',#1132,#1133,#1134);
#1132 = CARTESIAN_POINT('',(-0.8,-0.37,0.77));
#1133 = DIRECTION('',(1.,0.,0.));
#1134 = DIRECTION('',(0.,-1.,0.));
#1135 = ADVANCED_FACE('',(#1136),#1154,.F.);
#1136 = FACE_BOUND('',#1137,.F.);
#1137 = EDGE_LOOP('',(#1138,#1139,#1140,#1148));
#1138 = ORIENTED_EDGE('',*,*,#1001,.F.);
#1139 = ORIENTED_EDGE('',*,*,#1090,.T.);
#1140 = ORIENTED_EDGE('',*,*,#1141,.T.);
#1141 = EDGE_CURVE('',#1091,#1142,#1144,.T.);
#1142 = VERTEX_POINT('',#1143);
#1143 = CARTESIAN_POINT('',(-0.5,0.37,0.));
#1144 = LINE('',#1145,#1146);
#1145 = CARTESIAN_POINT('',(-0.5,-0.4,0.));
#1146 = VECTOR('',#1147,1.);
#1147 = DIRECTION('',(0.,1.,0.));
#1148 = ORIENTED_EDGE('',*,*,#1149,.F.);
#1149 = EDGE_CURVE('',#1002,#1142,#1150,.T.);
#1150 = LINE('',#1151,#1152);
#1151 = CARTESIAN_POINT('',(-0.8,0.37,0.));
#1152 = VECTOR('',#1153,1.);
#1153 = DIRECTION('',(1.,0.,0.));
#1154 = PLANE('',#1155);
#1155 = AXIS2_PLACEMENT_3D('',#1156,#1157,#1158);
#1156 = CARTESIAN_POINT('',(-0.8,-0.4,0.));
#1157 = DIRECTION('',(0.,0.,1.));
#1158 = DIRECTION('',(1.,0.,-0.));
#1159 = ADVANCED_FACE('',(#1160),#1178,.T.);
#1160 = FACE_BOUND('',#1161,.T.);
#1161 = EDGE_LOOP('',(#1162,#1163,#1164,#1172));
#1162 = ORIENTED_EDGE('',*,*,#1035,.F.);
#1163 = ORIENTED_EDGE('',*,*,#1124,.T.);
#1164 = ORIENTED_EDGE('',*,*,#1165,.T.);
#1165 = EDGE_CURVE('',#1116,#1166,#1168,.T.);
#1166 = VERTEX_POINT('',#1167);
#1167 = CARTESIAN_POINT('',(-0.5,0.37,0.8));
#1168 = LINE('',#1169,#1170);
#1169 = CARTESIAN_POINT('',(-0.5,-0.4,0.8));
#1170 = VECTOR('',#1171,1.);
#1171 = DIRECTION('',(0.,1.,0.));
#1172 = ORIENTED_EDGE('',*,*,#1173,.F.);
#1173 = EDGE_CURVE('',#1027,#1166,#1174,.T.);
#1174 = LINE('',#1175,#1176);
#1175 = CARTESIAN_POINT('',(-0.8,0.37,0.8));
#1176 = VECTOR('',#1177,1.);
#1177 = DIRECTION('',(1.,0.,0.));
#1178 = PLANE('',#1179);
#1179 = AXIS2_PLACEMENT_3D('',#1180,#1181,#1182);
#1180 = CARTESIAN_POINT('',(-0.8,-0.4,0.8));
#1181 = DIRECTION('',(0.,0.,1.));
#1182 = DIRECTION('',(1.,0.,-0.));
#1183 = ADVANCED_FACE('',(#1184),#1203,.T.);
#1184 = FACE_BOUND('',#1185,.T.);
#1185 = EDGE_LOOP('',(#1186,#1194,#1201,#1202));
#1186 = ORIENTED_EDGE('',*,*,#1187,.T.);
#1187 = EDGE_CURVE('',#1010,#1188,#1190,.T.);
#1188 = VERTEX_POINT('',#1189);
#1189 = CARTESIAN_POINT('',(-0.5,0.4,3.E-02));
#1190 = LINE('',#1191,#1192);
#1191 = CARTESIAN_POINT('',(-0.8,0.4,3.E-02));
#1192 = VECTOR('',#1193,1.);
#1193 = DIRECTION('',(1.,0.,0.));
#1194 = ORIENTED_EDGE('',*,*,#1195,.T.);
#1195 = EDGE_CURVE('',#1188,#1142,#1196,.T.);
#1196 = CIRCLE('',#1197,3.E-02);
#1197 = AXIS2_PLACEMENT_3D('',#1198,#1199,#1200);
#1198 = CARTESIAN_POINT('',(-0.5,0.37,3.E-02));
#1199 = DIRECTION('',(-1.,0.,0.));
#1200 = DIRECTION('',(0.,0.,1.));
#1201 = ORIENTED_EDGE('',*,*,#1149,.F.);
#1202 = ORIENTED_EDGE('',*,*,#1009,.F.);
#1203 = CYLINDRICAL_SURFACE('',#1204,3.E-02);
#1204 = AXIS2_PLACEMENT_3D('',#1205,#1206,#1207);
#1205 = CARTESIAN_POINT('',(-0.8,0.37,3.E-02));
#1206 = DIRECTION('',(1.,0.,0.));
#1207 = DIRECTION('',(-0.,1.,0.));
#1208 = ADVANCED_FACE('',(#1209),#1228,.T.);
#1209 = FACE_BOUND('',#1210,.T.);
#1210 = EDGE_LOOP('',(#1211,#1212,#1213,#1222));
#1211 = ORIENTED_EDGE('',*,*,#1026,.T.);
#1212 = ORIENTED_EDGE('',*,*,#1173,.T.);
#1213 = ORIENTED_EDGE('',*,*,#1214,.F.);
#1214 = EDGE_CURVE('',#1215,#1166,#1217,.T.);
#1215 = VERTEX_POINT('',#1216);
#1216 = CARTESIAN_POINT('',(-0.5,0.4,0.77));
#1217 = CIRCLE('',#1218,3.E-02);
#1218 = AXIS2_PLACEMENT_3D('',#1219,#1220,#1221);
#1219 = CARTESIAN_POINT('',(-0.5,0.37,0.77));
#1220 = DIRECTION('',(1.,0.,-0.));
#1221 = DIRECTION('',(0.,0.,1.));
#1222 = ORIENTED_EDGE('',*,*,#1223,.F.);
#1223 = EDGE_CURVE('',#1019,#1215,#1224,.T.);
#1224 = LINE('',#1225,#1226);
#1225 = CARTESIAN_POINT('',(-0.8,0.4,0.77));
#1226 = VECTOR('',#1227,1.);
#1227 = DIRECTION('',(1.,0.,0.));
#1228 = CYLINDRICAL_SURFACE('',#1229,3.E-02);
#1229 = AXIS2_PLACEMENT_3D('',#1230,#1231,#1232);
#1230 = CARTESIAN_POINT('',(-0.8,0.37,0.77));
#1231 = DIRECTION('',(1.,0.,0.));
#1232 = DIRECTION('',(-0.,1.,0.));
#1233 = ADVANCED_FACE('',(#1234),#1245,.T.);
#1234 = FACE_BOUND('',#1235,.T.);
#1235 = EDGE_LOOP('',(#1236,#1242,#1243,#1244));
#1236 = ORIENTED_EDGE('',*,*,#1237,.F.);
#1237 = EDGE_CURVE('',#1188,#1215,#1238,.T.);
#1238 = LINE('',#1239,#1240);
#1239 = CARTESIAN_POINT('',(-0.5,0.4,0.));
#1240 = VECTOR('',#1241,1.);
#1241 = DIRECTION('',(0.,0.,1.));
#1242 = ORIENTED_EDGE('',*,*,#1187,.F.);
#1243 = ORIENTED_EDGE('',*,*,#1018,.T.);
#1244 = ORIENTED_EDGE('',*,*,#1223,.T.);
#1245 = PLANE('',#1246);
#1246 = AXIS2_PLACEMENT_3D('',#1247,#1248,#1249);
#1247 = CARTESIAN_POINT('',(-0.8,0.4,0.));
#1248 = DIRECTION('',(0.,1.,0.));
#1249 = DIRECTION('',(0.,-0.,1.));
#1250 = ADVANCED_FACE('',(#1251,#1261),#1331,.T.);
#1251 = FACE_BOUND('',#1252,.T.);
#1252 = EDGE_LOOP('',(#1253,#1254,#1255,#1256,#1257,#1258,#1259,#1260));
#1253 = ORIENTED_EDGE('',*,*,#1058,.F.);
#1254 = ORIENTED_EDGE('',*,*,#1098,.T.);
#1255 = ORIENTED_EDGE('',*,*,#1141,.T.);
#1256 = ORIENTED_EDGE('',*,*,#1195,.F.);
#1257 = ORIENTED_EDGE('',*,*,#1237,.T.);
#1258 = ORIENTED_EDGE('',*,*,#1214,.T.);
#1259 = ORIENTED_EDGE('',*,*,#1165,.F.);
#1260 = ORIENTED_EDGE('',*,*,#1115,.F.);
#1261 = FACE_BOUND('',#1262,.T.);
#1262 = EDGE_LOOP('',(#1263,#1274,#1282,#1291,#1299,#1308,#1316,#1325));
#1263 = ORIENTED_EDGE('',*,*,#1264,.F.);
#1264 = EDGE_CURVE('',#1265,#1267,#1269,.T.);
#1265 = VERTEX_POINT('',#1266);
#1266 = CARTESIAN_POINT('',(-0.5,-0.37,6.E-02));
#1267 = VERTEX_POINT('',#1268);
#1268 = CARTESIAN_POINT('',(-0.5,-0.34,3.E-02));
#1269 = CIRCLE('',#1270,3.E-02);
#1270 = AXIS2_PLACEMENT_3D('',#1271,#1272,#1273);
#1271 = CARTESIAN_POINT('',(-0.5,-0.34,6.E-02));
#1272 = DIRECTION('',(1.,0.,-0.));
#1273 = DIRECTION('',(0.,0.,1.));
#1274 = ORIENTED_EDGE('',*,*,#1275,.T.);
#1275 = EDGE_CURVE('',#1265,#1276,#1278,.T.);
#1276 = VERTEX_POINT('',#1277);
#1277 = CARTESIAN_POINT('',(-0.5,-0.37,0.74));
#1278 = LINE('',#1279,#1280);
#1279 = CARTESIAN_POINT('',(-0.5,-0.37,3.E-02));
#1280 = VECTOR('',#1281,1.);
#1281 = DIRECTION('',(0.,0.,1.));
#1282 = ORIENTED_EDGE('',*,*,#1283,.T.);
#1283 = EDGE_CURVE('',#1276,#1284,#1286,.T.);
#1284 = VERTEX_POINT('',#1285);
#1285 = CARTESIAN_POINT('',(-0.5,-0.34,0.77));
#1286 = CIRCLE('',#1287,3.E-02);
#1287 = AXIS2_PLACEMENT_3D('',#1288,#1289,#1290);
#1288 = CARTESIAN_POINT('',(-0.5,-0.34,0.74));
#1289 = DIRECTION('',(-1.,0.,0.));
#1290 = DIRECTION('',(0.,0.,1.));
#1291 = ORIENTED_EDGE('',*,*,#1292,.T.);
#1292 = EDGE_CURVE('',#1284,#1293,#1295,.T.);
#1293 = VERTEX_POINT('',#1294);
#1294 = CARTESIAN_POINT('',(-0.5,0.34,0.77));
#1295 = LINE('',#1296,#1297);
#1296 = CARTESIAN_POINT('',(-0.5,-0.37,0.77));
#1297 = VECTOR('',#1298,1.);
#1298 = DIRECTION('',(0.,1.,0.));
#1299 = ORIENTED_EDGE('',*,*,#1300,.F.);
#1300 = EDGE_CURVE('',#1301,#1293,#1303,.T.);
#1301 = VERTEX_POINT('',#1302);
#1302 = CARTESIAN_POINT('',(-0.5,0.37,0.74));
#1303 = CIRCLE('',#1304,3.E-02);
#1304 = AXIS2_PLACEMENT_3D('',#1305,#1306,#1307);
#1305 = CARTESIAN_POINT('',(-0.5,0.34,0.74));
#1306 = DIRECTION('',(1.,0.,-0.));
#1307 = DIRECTION('',(0.,0.,1.));
#1308 = ORIENTED_EDGE('',*,*,#1309,.F.);
#1309 = EDGE_CURVE('',#1310,#1301,#1312,.T.);
#1310 = VERTEX_POINT('',#1311);
#1311 = CARTESIAN_POINT('',(-0.5,0.37,6.E-02));
#1312 = LINE('',#1313,#1314);
#1313 = CARTESIAN_POINT('',(-0.5,0.37,3.E-02));
#1314 = VECTOR('',#1315,1.);
#1315 = DIRECTION('',(0.,0.,1.));
#1316 = ORIENTED_EDGE('',*,*,#1317,.T.);
#1317 = EDGE_CURVE('',#1310,#1318,#1320,.T.);
#1318 = VERTEX_POINT('',#1319);
#1319 = CARTESIAN_POINT('',(-0.5,0.34,3.E-02));
#1320 = CIRCLE('',#1321,3.E-02);
#1321 = AXIS2_PLACEMENT_3D('',#1322,#1323,#1324);
#1322 = CARTESIAN_POINT('',(-0.5,0.34,6.E-02));
#1323 = DIRECTION('',(-1.,0.,0.));
#1324 = DIRECTION('',(0.,0.,1.));
#1325 = ORIENTED_EDGE('',*,*,#1326,.F.);
#1326 = EDGE_CURVE('',#1267,#1318,#1327,.T.);
#1327 = LINE('',#1328,#1329);
#1328 = CARTESIAN_POINT('',(-0.5,-0.37,3.E-02));
#1329 = VECTOR('',#1330,1.);
#1330 = DIRECTION('',(0.,1.,0.));
#1331 = PLANE('',#1332);
#1332 = AXIS2_PLACEMENT_3D('',#1333,#1334,#1335);
#1333 = CARTESIAN_POINT('',(-0.5,-0.4,0.));
#1334 = DIRECTION('',(1.,0.,0.));
#1335 = DIRECTION('',(0.,0.,1.));
#1336 = ADVANCED_FACE('',(#1337),#1363,.T.);
#1337 = FACE_BOUND('',#1338,.T.);
#1338 = EDGE_LOOP('',(#1339,#1340,#1348,#1357));
#1339 = ORIENTED_EDGE('',*,*,#1264,.T.);
#1340 = ORIENTED_EDGE('',*,*,#1341,.T.);
#1341 = EDGE_CURVE('',#1267,#1342,#1344,.T.);
#1342 = VERTEX_POINT('',#1343);
#1343 = CARTESIAN_POINT('',(0.5,-0.34,3.E-02));
#1344 = LINE('',#1345,#1346);
#1345 = CARTESIAN_POINT('',(-0.5,-0.34,3.E-02));
#1346 = VECTOR('',#1347,1.);
#1347 = DIRECTION('',(1.,0.,0.));
#1348 = ORIENTED_EDGE('',*,*,#1349,.F.);
#1349 = EDGE_CURVE('',#1350,#1342,#1352,.T.);
#1350 = VERTEX_POINT('',#1351);
#1351 = CARTESIAN_POINT('',(0.5,-0.37,6.E-02));
#1352 = CIRCLE('',#1353,3.E-02);
#1353 = AXIS2_PLACEMENT_3D('',#1354,#1355,#1356);
#1354 = CARTESIAN_POINT('',(0.5,-0.34,6.E-02));
#1355 = DIRECTION('',(1.,0.,-0.));
#1356 = DIRECTION('',(0.,0.,1.));
#1357 = ORIENTED_EDGE('',*,*,#1358,.F.);
#1358 = EDGE_CURVE('',#1265,#1350,#1359,.T.);
#1359 = LINE('',#1360,#1361);
#1360 = CARTESIAN_POINT('',(-0.5,-0.37,6.E-02));
#1361 = VECTOR('',#1362,1.);
#1362 = DIRECTION('',(1.,0.,0.));
#1363 = CYLINDRICAL_SURFACE('',#1364,3.E-02);
#1364 = AXIS2_PLACEMENT_3D('',#1365,#1366,#1367);
#1365 = CARTESIAN_POINT('',(-0.5,-0.34,6.E-02));
#1366 = DIRECTION('',(1.,0.,0.));
#1367 = DIRECTION('',(0.,-1.,0.));
#1368 = ADVANCED_FACE('',(#1369),#1387,.F.);
#1369 = FACE_BOUND('',#1370,.F.);
#1370 = EDGE_LOOP('',(#1371,#1372,#1373,#1381));
#1371 = ORIENTED_EDGE('',*,*,#1326,.F.);
#1372 = ORIENTED_EDGE('',*,*,#1341,.T.);
#1373 = ORIENTED_EDGE('',*,*,#1374,.T.);
#1374 = EDGE_CURVE('',#1342,#1375,#1377,.T.);
#1375 = VERTEX_POINT('',#1376);
#1376 = CARTESIAN_POINT('',(0.5,0.34,3.E-02));
#1377 = LINE('',#1378,#1379);
#1378 = CARTESIAN_POINT('',(0.5,-0.37,3.E-02));
#1379 = VECTOR('',#1380,1.);
#1380 = DIRECTION('',(0.,1.,0.));
#1381 = ORIENTED_EDGE('',*,*,#1382,.F.);
#1382 = EDGE_CURVE('',#1318,#1375,#1383,.T.);
#1383 = LINE('',#1384,#1385);
#1384 = CARTESIAN_POINT('',(-0.5,0.34,3.E-02));
#1385 = VECTOR('',#1386,1.);
#1386 = DIRECTION('',(1.,0.,0.));
#1387 = PLANE('',#1388);
#1388 = AXIS2_PLACEMENT_3D('',#1389,#1390,#1391);
#1389 = CARTESIAN_POINT('',(-0.5,-0.37,3.E-02));
#1390 = DIRECTION('',(0.,0.,1.));
#1391 = DIRECTION('',(1.,0.,-0.));
#1392 = ADVANCED_FACE('',(#1393),#1412,.T.);
#1393 = FACE_BOUND('',#1394,.T.);
#1394 = EDGE_LOOP('',(#1395,#1403,#1410,#1411));
#1395 = ORIENTED_EDGE('',*,*,#1396,.T.);
#1396 = EDGE_CURVE('',#1310,#1397,#1399,.T.);
#1397 = VERTEX_POINT('',#1398);
#1398 = CARTESIAN_POINT('',(0.5,0.37,6.E-02));
#1399 = LINE('',#1400,#1401);
#1400 = CARTESIAN_POINT('',(-0.5,0.37,6.E-02));
#1401 = VECTOR('',#1402,1.);
#1402 = DIRECTION('',(1.,0.,0.));
#1403 = ORIENTED_EDGE('',*,*,#1404,.T.);
#1404 = EDGE_CURVE('',#1397,#1375,#1405,.T.);
#1405 = CIRCLE('',#1406,3.E-02);
#1406 = AXIS2_PLACEMENT_3D('',#1407,#1408,#1409);
#1407 = CARTESIAN_POINT('',(0.5,0.34,6.E-02));
#1408 = DIRECTION('',(-1.,0.,0.));
#1409 = DIRECTION('',(0.,0.,1.));
#1410 = ORIENTED_EDGE('',*,*,#1382,.F.);
#1411 = ORIENTED_EDGE('',*,*,#1317,.F.);
#1412 = CYLINDRICAL_SURFACE('',#1413,3.E-02);
#1413 = AXIS2_PLACEMENT_3D('',#1414,#1415,#1416);
#1414 = CARTESIAN_POINT('',(-0.5,0.34,6.E-02));
#1415 = DIRECTION('',(1.,0.,0.));
#1416 = DIRECTION('',(-0.,1.,0.));
#1417 = ADVANCED_FACE('',(#1418),#1436,.T.);
#1418 = FACE_BOUND('',#1419,.T.);
#1419 = EDGE_LOOP('',(#1420,#1428,#1429,#1430));
#1420 = ORIENTED_EDGE('',*,*,#1421,.F.);
#1421 = EDGE_CURVE('',#1397,#1422,#1424,.T.);
#1422 = VERTEX_POINT('',#1423);
#1423 = CARTESIAN_POINT('',(0.5,0.37,0.74));
#1424 = LINE('',#1425,#1426);
#1425 = CARTESIAN_POINT('',(0.5,0.37,3.E-02));
#1426 = VECTOR('',#1427,1.);
#1427 = DIRECTION('',(0.,0.,1.));
#1428 = ORIENTED_EDGE('',*,*,#1396,.F.);
#1429 = ORIENTED_EDGE('',*,*,#1309,.T.);
#1430 = ORIENTED_EDGE('',*,*,#1431,.T.);
#1431 = EDGE_CURVE('',#1301,#1422,#1432,.T.);
#1432 = LINE('',#1433,#1434);
#1433 = CARTESIAN_POINT('',(-0.5,0.37,0.74));
#1434 = VECTOR('',#1435,1.);
#1435 = DIRECTION('',(1.,0.,0.));
#1436 = PLANE('',#1437);
#1437 = AXIS2_PLACEMENT_3D('',#1438,#1439,#1440);
#1438 = CARTESIAN_POINT('',(-0.5,0.37,3.E-02));
#1439 = DIRECTION('',(0.,1.,0.));
#1440 = DIRECTION('',(0.,-0.,1.));
#1441 = ADVANCED_FACE('',(#1442),#1461,.T.);
#1442 = FACE_BOUND('',#1443,.T.);
#1443 = EDGE_LOOP('',(#1444,#1445,#1453,#1460));
#1444 = ORIENTED_EDGE('',*,*,#1300,.T.);
#1445 = ORIENTED_EDGE('',*,*,#1446,.T.);
#1446 = EDGE_CURVE('',#1293,#1447,#1449,.T.);
#1447 = VERTEX_POINT('',#1448);
#1448 = CARTESIAN_POINT('',(0.5,0.34,0.77));
#1449 = LINE('',#1450,#1451);
#1450 = CARTESIAN_POINT('',(-0.5,0.34,0.77));
#1451 = VECTOR('',#1452,1.);
#1452 = DIRECTION('',(1.,0.,0.));
#1453 = ORIENTED_EDGE('',*,*,#1454,.F.);
#1454 = EDGE_CURVE('',#1422,#1447,#1455,.T.);
#1455 = CIRCLE('',#1456,3.E-02);
#1456 = AXIS2_PLACEMENT_3D('',#1457,#1458,#1459);
#1457 = CARTESIAN_POINT('',(0.5,0.34,0.74));
#1458 = DIRECTION('',(1.,0.,-0.));
#1459 = DIRECTION('',(0.,0.,1.));
#1460 = ORIENTED_EDGE('',*,*,#1431,.F.);
#1461 = CYLINDRICAL_SURFACE('',#1462,3.E-02);
#1462 = AXIS2_PLACEMENT_3D('',#1463,#1464,#1465);
#1463 = CARTESIAN_POINT('',(-0.5,0.34,0.74));
#1464 = DIRECTION('',(1.,0.,0.));
#1465 = DIRECTION('',(-0.,1.,0.));
#1466 = ADVANCED_FACE('',(#1467),#1485,.T.);
#1467 = FACE_BOUND('',#1468,.T.);
#1468 = EDGE_LOOP('',(#1469,#1470,#1478,#1484));
#1469 = ORIENTED_EDGE('',*,*,#1292,.F.);
#1470 = ORIENTED_EDGE('',*,*,#1471,.T.);
#1471 = EDGE_CURVE('',#1284,#1472,#1474,.T.);
#1472 = VERTEX_POINT('',#1473);
#1473 = CARTESIAN_POINT('',(0.5,-0.34,0.77));
#1474 = LINE('',#1475,#1476);
#1475 = CARTESIAN_POINT('',(-0.5,-0.34,0.77));
#1476 = VECTOR('',#1477,1.);
#1477 = DIRECTION('',(1.,0.,0.));
#1478 = ORIENTED_EDGE('',*,*,#1479,.T.);
#1479 = EDGE_CURVE('',#1472,#1447,#1480,.T.);
#1480 = LINE('',#1481,#1482);
#1481 = CARTESIAN_POINT('',(0.5,-0.37,0.77));
#1482 = VECTOR('',#1483,1.);
#1483 = DIRECTION('',(0.,1.,0.));
#1484 = ORIENTED_EDGE('',*,*,#1446,.F.);
#1485 = PLANE('',#1486);
#1486 = AXIS2_PLACEMENT_3D('',#1487,#1488,#1489);
#1487 = CARTESIAN_POINT('',(-0.5,-0.37,0.77));
#1488 = DIRECTION('',(0.,0.,1.));
#1489 = DIRECTION('',(1.,0.,-0.));
#1490 = ADVANCED_FACE('',(#1491),#1510,.T.);
#1491 = FACE_BOUND('',#1492,.T.);
#1492 = EDGE_LOOP('',(#1493,#1501,#1508,#1509));
#1493 = ORIENTED_EDGE('',*,*,#1494,.T.);
#1494 = EDGE_CURVE('',#1276,#1495,#1497,.T.);
#1495 = VERTEX_POINT('',#1496);
#1496 = CARTESIAN_POINT('',(0.5,-0.37,0.74));
#1497 = LINE('',#1498,#1499);
#1498 = CARTESIAN_POINT('',(-0.5,-0.37,0.74));
#1499 = VECTOR('',#1500,1.);
#1500 = DIRECTION('',(1.,0.,0.));
#1501 = ORIENTED_EDGE('',*,*,#1502,.T.);
#1502 = EDGE_CURVE('',#1495,#1472,#1503,.T.);
#1503 = CIRCLE('',#1504,3.E-02);
#1504 = AXIS2_PLACEMENT_3D('',#1505,#1506,#1507);
#1505 = CARTESIAN_POINT('',(0.5,-0.34,0.74));
#1506 = DIRECTION('',(-1.,0.,0.));
#1507 = DIRECTION('',(0.,0.,1.));
#1508 = ORIENTED_EDGE('',*,*,#1471,.F.);
#1509 = ORIENTED_EDGE('',*,*,#1283,.F.);
#1510 = CYLINDRICAL_SURFACE('',#1511,3.E-02);
#1511 = AXIS2_PLACEMENT_3D('',#1512,#1513,#1514);
#1512 = CARTESIAN_POINT('',(-0.5,-0.34,0.74));
#1513 = DIRECTION('',(1.,0.,0.));
#1514 = DIRECTION('',(0.,-1.,0.));
#1515 = ADVANCED_FACE('',(#1516),#1527,.F.);
#1516 = FACE_BOUND('',#1517,.F.);
#1517 = EDGE_LOOP('',(#1518,#1524,#1525,#1526));
#1518 = ORIENTED_EDGE('',*,*,#1519,.F.);
#1519 = EDGE_CURVE('',#1350,#1495,#1520,.T.);
#1520 = LINE('',#1521,#1522);
#1521 = CARTESIAN_POINT('',(0.5,-0.37,3.E-02));
#1522 = VECTOR('',#1523,1.);
#1523 = DIRECTION('',(0.,0.,1.));
#1524 = ORIENTED_EDGE('',*,*,#1358,.F.);
#1525 = ORIENTED_EDGE('',*,*,#1275,.T.);
#1526 = ORIENTED_EDGE('',*,*,#1494,.T.);
#1527 = PLANE('',#1528);
#1528 = AXIS2_PLACEMENT_3D('',#1529,#1530,#1531);
#1529 = CARTESIAN_POINT('',(-0.5,-0.37,3.E-02));
#1530 = DIRECTION('',(0.,1.,0.));
#1531 = DIRECTION('',(0.,-0.,1.));
#1532 = ADVANCED_FACE('',(#1533,#1603),#1613,.F.);
#1533 = FACE_BOUND('',#1534,.F.);
#1534 = EDGE_LOOP('',(#1535,#1545,#1554,#1562,#1571,#1579,#1588,#1596));
#1535 = ORIENTED_EDGE('',*,*,#1536,.F.);
#1536 = EDGE_CURVE('',#1537,#1539,#1541,.T.);
#1537 = VERTEX_POINT('',#1538);
#1538 = CARTESIAN_POINT('',(0.5,-0.4,3.E-02));
#1539 = VERTEX_POINT('',#1540);
#1540 = CARTESIAN_POINT('',(0.5,-0.4,0.77));
#1541 = LINE('',#1542,#1543);
#1542 = CARTESIAN_POINT('',(0.5,-0.4,0.));
#1543 = VECTOR('',#1544,1.);
#1544 = DIRECTION('',(0.,0.,1.));
#1545 = ORIENTED_EDGE('',*,*,#1546,.T.);
#1546 = EDGE_CURVE('',#1537,#1547,#1549,.T.);
#1547 = VERTEX_POINT('',#1548);
#1548 = CARTESIAN_POINT('',(0.5,-0.37,0.));
#1549 = CIRCLE('',#1550,3.E-02);
#1550 = AXIS2_PLACEMENT_3D('',#1551,#1552,#1553);
#1551 = CARTESIAN_POINT('',(0.5,-0.37,3.E-02));
#1552 = DIRECTION('',(1.,0.,-0.));
#1553 = DIRECTION('',(0.,0.,1.));
#1554 = ORIENTED_EDGE('',*,*,#1555,.T.);
#1555 = EDGE_CURVE('',#1547,#1556,#1558,.T.);
#1556 = VERTEX_POINT('',#1557);
#1557 = CARTESIAN_POINT('',(0.5,0.37,0.));
#1558 = LINE('',#1559,#1560);
#1559 = CARTESIAN_POINT('',(0.5,-0.4,0.));
#1560 = VECTOR('',#1561,1.);
#1561 = DIRECTION('',(0.,1.,0.));
#1562 = ORIENTED_EDGE('',*,*,#1563,.F.);
#1563 = EDGE_CURVE('',#1564,#1556,#1566,.T.);
#1564 = VERTEX_POINT('',#1565);
#1565 = CARTESIAN_POINT('',(0.5,0.4,3.E-02));
#1566 = CIRCLE('',#1567,3.E-02);
#1567 = AXIS2_PLACEMENT_3D('',#1568,#1569,#1570);
#1568 = CARTESIAN_POINT('',(0.5,0.37,3.E-02));
#1569 = DIRECTION('',(-1.,0.,0.));
#1570 = DIRECTION('',(0.,0.,1.));
#1571 = ORIENTED_EDGE('',*,*,#1572,.T.);
#1572 = EDGE_CURVE('',#1564,#1573,#1575,.T.);
#1573 = VERTEX_POINT('',#1574);
#1574 = CARTESIAN_POINT('',(0.5,0.4,0.77));
#1575 = LINE('',#1576,#1577);
#1576 = CARTESIAN_POINT('',(0.5,0.4,0.));
#1577 = VECTOR('',#1578,1.);
#1578 = DIRECTION('',(0.,0.,1.));
#1579 = ORIENTED_EDGE('',*,*,#1580,.T.);
#1580 = EDGE_CURVE('',#1573,#1581,#1583,.T.);
#1581 = VERTEX_POINT('',#1582);
#1582 = CARTESIAN_POINT('',(0.5,0.37,0.8));
#1583 = CIRCLE('',#1584,3.E-02);
#1584 = AXIS2_PLACEMENT_3D('',#1585,#1586,#1587);
#1585 = CARTESIAN_POINT('',(0.5,0.37,0.77));
#1586 = DIRECTION('',(1.,0.,-0.));
#1587 = DIRECTION('',(0.,0.,1.));
#1588 = ORIENTED_EDGE('',*,*,#1589,.F.);
#1589 = EDGE_CURVE('',#1590,#1581,#1592,.T.);
#1590 = VERTEX_POINT('',#1591);
#1591 = CARTESIAN_POINT('',(0.5,-0.37,0.8));
#1592 = LINE('',#1593,#1594);
#1593 = CARTESIAN_POINT('',(0.5,-0.4,0.8));
#1594 = VECTOR('',#1595,1.);
#1595 = DIRECTION('',(0.,1.,0.));
#1596 = ORIENTED_EDGE('',*,*,#1597,.F.);
#1597 = EDGE_CURVE('',#1539,#1590,#1598,.T.);
#1598 = CIRCLE('',#1599,3.E-02);
#1599 = AXIS2_PLACEMENT_3D('',#1600,#1601,#1602);
#1600 = CARTESIAN_POINT('',(0.5,-0.37,0.77));
#1601 = DIRECTION('',(-1.,0.,0.));
#1602 = DIRECTION('',(0.,0.,1.));
#1603 = FACE_BOUND('',#1604,.F.);
#1604 = EDGE_LOOP('',(#1605,#1606,#1607,#1608,#1609,#1610,#1611,#1612));
#1605 = ORIENTED_EDGE('',*,*,#1349,.F.);
#1606 = ORIENTED_EDGE('',*,*,#1519,.T.);
#1607 = ORIENTED_EDGE('',*,*,#1502,.T.);
#1608 = ORIENTED_EDGE('',*,*,#1479,.T.);
#1609 = ORIENTED_EDGE('',*,*,#1454,.F.);
#1610 = ORIENTED_EDGE('',*,*,#1421,.F.);
#1611 = ORIENTED_EDGE('',*,*,#1404,.T.);
#1612 = ORIENTED_EDGE('',*,*,#1374,.F.);
#1613 = PLANE('',#1614);
#1614 = AXIS2_PLACEMENT_3D('',#1615,#1616,#1617);
#1615 = CARTESIAN_POINT('',(0.5,-0.4,0.));
#1616 = DIRECTION('',(1.,0.,0.));
#1617 = DIRECTION('',(0.,0.,1.));
#1618 = ADVANCED_FACE('',(#1619),#1644,.F.);
#1619 = FACE_BOUND('',#1620,.F.);
#1620 = EDGE_LOOP('',(#1621,#1631,#1637,#1638));
#1621 = ORIENTED_EDGE('',*,*,#1622,.F.);
#1622 = EDGE_CURVE('',#1623,#1625,#1627,.T.);
#1623 = VERTEX_POINT('',#1624);
#1624 = CARTESIAN_POINT('',(0.8,-0.4,3.E-02));
#1625 = VERTEX_POINT('',#1626);
#1626 = CARTESIAN_POINT('',(0.8,-0.4,0.77));
#1627 = LINE('',#1628,#1629);
#1628 = CARTESIAN_POINT('',(0.8,-0.4,0.));
#1629 = VECTOR('',#1630,1.);
#1630 = DIRECTION('',(0.,0.,1.));
#1631 = ORIENTED_EDGE('',*,*,#1632,.F.);
#1632 = EDGE_CURVE('',#1537,#1623,#1633,.T.);
#1633 = LINE('',#1634,#1635);
#1634 = CARTESIAN_POINT('',(0.5,-0.4,3.E-02));
#1635 = VECTOR('',#1636,1.);
#1636 = DIRECTION('',(1.,0.,0.));
#1637 = ORIENTED_EDGE('',*,*,#1536,.T.);
#1638 = ORIENTED_EDGE('',*,*,#1639,.T.);
#1639 = EDGE_CURVE('',#1539,#1625,#1640,.T.);
#1640 = LINE('',#1641,#1642);
#1641 = CARTESIAN_POINT('',(0.5,-0.4,0.77));
#1642 = VECTOR('',#1643,1.);
#1643 = DIRECTION('',(1.,0.,0.));
#1644 = PLANE('',#1645);
#1645 = AXIS2_PLACEMENT_3D('',#1646,#1647,#1648);
#1646 = CARTESIAN_POINT('',(0.5,-0.4,0.));
#1647 = DIRECTION('',(0.,1.,0.));
#1648 = DIRECTION('',(0.,-0.,1.));
#1649 = ADVANCED_FACE('',(#1650),#1669,.T.);
#1650 = FACE_BOUND('',#1651,.T.);
#1651 = EDGE_LOOP('',(#1652,#1653,#1661,#1668));
#1652 = ORIENTED_EDGE('',*,*,#1546,.T.);
#1653 = ORIENTED_EDGE('',*,*,#1654,.T.);
#1654 = EDGE_CURVE('',#1547,#1655,#1657,.T.);
#1655 = VERTEX_POINT('',#1656);
#1656 = CARTESIAN_POINT('',(0.8,-0.37,0.));
#1657 = LINE('',#1658,#1659);
#1658 = CARTESIAN_POINT('',(0.5,-0.37,0.));
#1659 = VECTOR('',#1660,1.);
#1660 = DIRECTION('',(1.,0.,0.));
#1661 = ORIENTED_EDGE('',*,*,#1662,.F.);
#1662 = EDGE_CURVE('',#1623,#1655,#1663,.T.);
#1663 = CIRCLE('',#1664,3.E-02);
#1664 = AXIS2_PLACEMENT_3D('',#1665,#1666,#1667);
#1665 = CARTESIAN_POINT('',(0.8,-0.37,3.E-02));
#1666 = DIRECTION('',(1.,0.,-0.));
#1667 = DIRECTION('',(0.,0.,1.));
#1668 = ORIENTED_EDGE('',*,*,#1632,.F.);
#1669 = CYLINDRICAL_SURFACE('',#1670,3.E-02);
#1670 = AXIS2_PLACEMENT_3D('',#1671,#1672,#1673);
#1671 = CARTESIAN_POINT('',(0.5,-0.37,3.E-02));
#1672 = DIRECTION('',(1.,0.,0.));
#1673 = DIRECTION('',(0.,-1.,0.));
#1674 = ADVANCED_FACE('',(#1675),#1694,.T.);
#1675 = FACE_BOUND('',#1676,.T.);
#1676 = EDGE_LOOP('',(#1677,#1678,#1687,#1693));
#1677 = ORIENTED_EDGE('',*,*,#1639,.T.);
#1678 = ORIENTED_EDGE('',*,*,#1679,.T.);
#1679 = EDGE_CURVE('',#1625,#1680,#1682,.T.);
#1680 = VERTEX_POINT('',#1681);
#1681 = CARTESIAN_POINT('',(0.8,-0.37,0.8));
#1682 = CIRCLE('',#1683,3.E-02);
#1683 = AXIS2_PLACEMENT_3D('',#1684,#1685,#1686);
#1684 = CARTESIAN_POINT('',(0.8,-0.37,0.77));
#1685 = DIRECTION('',(-1.,0.,0.));
#1686 = DIRECTION('',(0.,0.,1.));
#1687 = ORIENTED_EDGE('',*,*,#1688,.F.);
#1688 = EDGE_CURVE('',#1590,#1680,#1689,.T.);
#1689 = LINE('',#1690,#1691);
#1690 = CARTESIAN_POINT('',(0.5,-0.37,0.8));
#1691 = VECTOR('',#1692,1.);
#1692 = DIRECTION('',(1.,0.,0.));
#1693 = ORIENTED_EDGE('',*,*,#1597,.F.);
#1694 = CYLINDRICAL_SURFACE('',#1695,3.E-02);
#1695 = AXIS2_PLACEMENT_3D('',#1696,#1697,#1698);
#1696 = CARTESIAN_POINT('',(0.5,-0.37,0.77));
#1697 = DIRECTION('',(1.,0.,0.));
#1698 = DIRECTION('',(0.,-1.,0.));
#1699 = ADVANCED_FACE('',(#1700),#1718,.F.);
#1700 = FACE_BOUND('',#1701,.F.);
#1701 = EDGE_LOOP('',(#1702,#1703,#1704,#1712));
#1702 = ORIENTED_EDGE('',*,*,#1555,.F.);
#1703 = ORIENTED_EDGE('',*,*,#1654,.T.);
#1704 = ORIENTED_EDGE('',*,*,#1705,.T.);
#1705 = EDGE_CURVE('',#1655,#1706,#1708,.T.);
#1706 = VERTEX_POINT('',#1707);
#1707 = CARTESIAN_POINT('',(0.8,0.37,0.));
#1708 = LINE('',#1709,#1710);
#1709 = CARTESIAN_POINT('',(0.8,-0.4,0.));
#1710 = VECTOR('',#1711,1.);
#1711 = DIRECTION('',(0.,1.,0.));
#1712 = ORIENTED_EDGE('',*,*,#1713,.F.);
#1713 = EDGE_CURVE('',#1556,#1706,#1714,.T.);
#1714 = LINE('',#1715,#1716);
#1715 = CARTESIAN_POINT('',(0.5,0.37,0.));
#1716 = VECTOR('',#1717,1.);
#1717 = DIRECTION('',(1.,0.,0.));
#1718 = PLANE('',#1719);
#1719 = AXIS2_PLACEMENT_3D('',#1720,#1721,#1722);
#1720 = CARTESIAN_POINT('',(0.5,-0.4,0.));
#1721 = DIRECTION('',(0.,0.,1.));
#1722 = DIRECTION('',(1.,0.,-0.));
#1723 = ADVANCED_FACE('',(#1724),#1742,.T.);
#1724 = FACE_BOUND('',#1725,.T.);
#1725 = EDGE_LOOP('',(#1726,#1727,#1728,#1736));
#1726 = ORIENTED_EDGE('',*,*,#1589,.F.);
#1727 = ORIENTED_EDGE('',*,*,#1688,.T.);
#1728 = ORIENTED_EDGE('',*,*,#1729,.T.);
#1729 = EDGE_CURVE('',#1680,#1730,#1732,.T.);
#1730 = VERTEX_POINT('',#1731);
#1731 = CARTESIAN_POINT('',(0.8,0.37,0.8));
#1732 = LINE('',#1733,#1734);
#1733 = CARTESIAN_POINT('',(0.8,-0.4,0.8));
#1734 = VECTOR('',#1735,1.);
#1735 = DIRECTION('',(0.,1.,0.));
#1736 = ORIENTED_EDGE('',*,*,#1737,.F.);
#1737 = EDGE_CURVE('',#1581,#1730,#1738,.T.);
#1738 = LINE('',#1739,#1740);
#1739 = CARTESIAN_POINT('',(0.5,0.37,0.8));
#1740 = VECTOR('',#1741,1.);
#1741 = DIRECTION('',(1.,0.,0.));
#1742 = PLANE('',#1743);
#1743 = AXIS2_PLACEMENT_3D('',#1744,#1745,#1746);
#1744 = CARTESIAN_POINT('',(0.5,-0.4,0.8));
#1745 = DIRECTION('',(0.,0.,1.));
#1746 = DIRECTION('',(1.,0.,-0.));
#1747 = ADVANCED_FACE('',(#1748),#1767,.T.);
#1748 = FACE_BOUND('',#1749,.T.);
#1749 = EDGE_LOOP('',(#1750,#1758,#1765,#1766));
#1750 = ORIENTED_EDGE('',*,*,#1751,.T.);
#1751 = EDGE_CURVE('',#1564,#1752,#1754,.T.);
#1752 = VERTEX_POINT('',#1753);
#1753 = CARTESIAN_POINT('',(0.8,0.4,3.E-02));
#1754 = LINE('',#1755,#1756);
#1755 = CARTESIAN_POINT('',(0.5,0.4,3.E-02));
#1756 = VECTOR('',#1757,1.);
#1757 = DIRECTION('',(1.,0.,0.));
#1758 = ORIENTED_EDGE('',*,*,#1759,.T.);
#1759 = EDGE_CURVE('',#1752,#1706,#1760,.T.);
#1760 = CIRCLE('',#1761,3.E-02);
#1761 = AXIS2_PLACEMENT_3D('',#1762,#1763,#1764);
#1762 = CARTESIAN_POINT('',(0.8,0.37,3.E-02));
#1763 = DIRECTION('',(-1.,0.,0.));
#1764 = DIRECTION('',(0.,0.,1.));
#1765 = ORIENTED_EDGE('',*,*,#1713,.F.);
#1766 = ORIENTED_EDGE('',*,*,#1563,.F.);
#1767 = CYLINDRICAL_SURFACE('',#1768,3.E-02);
#1768 = AXIS2_PLACEMENT_3D('',#1769,#1770,#1771);
#1769 = CARTESIAN_POINT('',(0.5,0.37,3.E-02));
#1770 = DIRECTION('',(1.,0.,0.));
#1771 = DIRECTION('',(-0.,1.,0.));
#1772 = ADVANCED_FACE('',(#1773),#1792,.T.);
#1773 = FACE_BOUND('',#1774,.T.);
#1774 = EDGE_LOOP('',(#1775,#1776,#1777,#1786));
#1775 = ORIENTED_EDGE('',*,*,#1580,.T.);
#1776 = ORIENTED_EDGE('',*,*,#1737,.T.);
#1777 = ORIENTED_EDGE('',*,*,#1778,.F.);
#1778 = EDGE_CURVE('',#1779,#1730,#1781,.T.);
#1779 = VERTEX_POINT('',#1780);
#1780 = CARTESIAN_POINT('',(0.8,0.4,0.77));
#1781 = CIRCLE('',#1782,3.E-02);
#1782 = AXIS2_PLACEMENT_3D('',#1783,#1784,#1785);
#1783 = CARTESIAN_POINT('',(0.8,0.37,0.77));
#1784 = DIRECTION('',(1.,0.,-0.));
#1785 = DIRECTION('',(0.,0.,1.));
#1786 = ORIENTED_EDGE('',*,*,#1787,.F.);
#1787 = EDGE_CURVE('',#1573,#1779,#1788,.T.);
#1788 = LINE('',#1789,#1790);
#1789 = CARTESIAN_POINT('',(0.5,0.4,0.77));
#1790 = VECTOR('',#1791,1.);
#1791 = DIRECTION('',(1.,0.,0.));
#1792 = CYLINDRICAL_SURFACE('',#1793,3.E-02);
#1793 = AXIS2_PLACEMENT_3D('',#1794,#1795,#1796);
#1794 = CARTESIAN_POINT('',(0.5,0.37,0.77));
#1795 = DIRECTION('',(1.,0.,0.));
#1796 = DIRECTION('',(-0.,1.,0.));
#1797 = ADVANCED_FACE('',(#1798),#1809,.T.);
#1798 = FACE_BOUND('',#1799,.T.);
#1799 = EDGE_LOOP('',(#1800,#1806,#1807,#1808));
#1800 = ORIENTED_EDGE('',*,*,#1801,.F.);
#1801 = EDGE_CURVE('',#1752,#1779,#1802,.T.);
#1802 = LINE('',#1803,#1804);
#1803 = CARTESIAN_POINT('',(0.8,0.4,0.));
#1804 = VECTOR('',#1805,1.);
#1805 = DIRECTION('',(0.,0.,1.));
#1806 = ORIENTED_EDGE('',*,*,#1751,.F.);
#1807 = ORIENTED_EDGE('',*,*,#1572,.T.);
#1808 = ORIENTED_EDGE('',*,*,#1787,.T.);
#1809 = PLANE('',#1810);
#1810 = AXIS2_PLACEMENT_3D('',#1811,#1812,#1813);
#1811 = CARTESIAN_POINT('',(0.5,0.4,0.));
#1812 = DIRECTION('',(0.,1.,0.));
#1813 = DIRECTION('',(0.,-0.,1.));
#1814 = ADVANCED_FACE('',(#1815),#1825,.T.);
#1815 = FACE_BOUND('',#1816,.T.);
#1816 = EDGE_LOOP('',(#1817,#1818,#1819,#1820,#1821,#1822,#1823,#1824));
#1817 = ORIENTED_EDGE('',*,*,#1622,.F.);
#1818 = ORIENTED_EDGE('',*,*,#1662,.T.);
#1819 = ORIENTED_EDGE('',*,*,#1705,.T.);
#1820 = ORIENTED_EDGE('',*,*,#1759,.F.);
#1821 = ORIENTED_EDGE('',*,*,#1801,.T.);
#1822 = ORIENTED_EDGE('',*,*,#1778,.T.);
#1823 = ORIENTED_EDGE('',*,*,#1729,.F.);
#1824 = ORIENTED_EDGE('',*,*,#1679,.F.);
#1825 = PLANE('',#1826);
#1826 = AXIS2_PLACEMENT_3D('',#1827,#1828,#1829);
#1827 = CARTESIAN_POINT('',(0.8,-0.4,0.));
#1828 = DIRECTION('',(1.,0.,0.));
#1829 = DIRECTION('',(0.,0.,1.));
#1830 = ( GEOMETRIC_REPRESENTATION_CONTEXT(3) 
GLOBAL_UNCERTAINTY_ASSIGNED_CONTEXT((#1834)) 
GLOBAL_UNIT_ASSIGNED_CONTEXT((#1831,#1832,#1833)) REPRESENTATION_CONTEXT
('Context #1','3D Context with UNIT and UNCERTAINTY') );
#1831 = ( LENGTH_UNIT() NAMED_UNIT(*) SI_UNIT(.MILLI.,.METRE.) );
#1832 = ( NAMED_UNIT(*) PLANE_ANGLE_UNIT() SI_UNIT($,.RADIAN.) );
#1833 = ( NAMED_UNIT(*) SI_UNIT($,.STERADIAN.) SOLID_ANGLE_UNIT() );
#1834 = UNCERTAINTY_MEASURE_WITH_UNIT(LENGTH_MEASURE(1.E-07),#1831,
  'distance_accuracy_value','confusion accuracy');
#1835 = CONTEXT_DEPENDENT_SHAPE_REPRESENTATION(#1836,#1838);
#1836 = ( REPRESENTATION_RELATIONSHIP('','',#975,#952) 
REPRESENTATION_RELATIONSHIP_WITH_TRANSFORMATION(#1837) 
SHAPE_REPRESENTATION_RELATIONSHIP() );
#1837 = ITEM_DEFINED_TRANSFORMATION('','',#11,#953);
#1838 = PRODUCT_DEFINITION_SHAPE('Placement','Placement of an item',
  #1839);
#1839 = NEXT_ASSEMBLY_USAGE_OCCURRENCE('3','=>[0:1:1:5]','',#947,#970,$
  );
#1840 = PRODUCT_RELATED_PRODUCT_CATEGORY('part',$,(#972));
#1841 = SHAPE_DEFINITION_REPRESENTATION(#1842,#1848);
#1842 = PRODUCT_DEFINITION_SHAPE('','',#1843);
#1843 = PRODUCT_DEFINITION('design','',#1844,#1847);
#1844 = PRODUCT_DEFINITION_FORMATION('','',#1845);
#1845 = PRODUCT('R_0603_1608Metric','R_0603_1608Metric','',(#1846));
#1846 = PRODUCT_CONTEXT('',#2,'mechanical');
#1847 = PRODUCT_DEFINITION_CONTEXT('part definition',#2,'design');
#1848 = SHAPE_REPRESENTATION('',(#11,#1849),#1853);
#1849 = AXIS2_PLACEMENT_3D('',#1850,#1851,#1852);
#1850 = CARTESIAN_POINT('',(0.,0.,0.));
#1851 = DIRECTION('',(0.,0.,1.));
#1852 = DIRECTION('',(1.,0.,-0.));
#1853 = ( GEOMETRIC_REPRESENTATION_CONTEXT(3) 
GLOBAL_UNCERTAINTY_ASSIGNED_CONTEXT((#1857)) 
GLOBAL_UNIT_ASSIGNED_CONTEXT((#1854,#1855,#1856)) REPRESENTATION_CONTEXT
('Context #1','3D Context with UNIT and UNCERTAINTY') );
#1854 = ( LENGTH_UNIT() NAMED_UNIT(*) SI_UNIT(.MILLI.,.METRE.) );
#1855 = ( NAMED_UNIT(*) PLANE_ANGLE_UNIT() SI_UNIT($,.RADIAN.) );
#1856 = ( NAMED_UNIT(*) SI_UNIT($,.STERADIAN.) SOLID_ANGLE_UNIT() );
#1857 = UNCERTAINTY_MEASURE_WITH_UNIT(LENGTH_MEASURE(1.E-07),#1854,
  'distance_accuracy_value','confusion accuracy');
#1858 = CONTEXT_DEPENDENT_SHAPE_REPRESENTATION(#1859,#1861);
#1859 = ( REPRESENTATION_RELATIONSHIP('','',#1848,#10) 
REPRESENTATION_RELATIONSHIP_WITH_TRANSFORMATION(#1860) 
SHAPE_REPRESENTATION_RELATIONSHIP() );
#1860 = ITEM_DEFINED_TRANSFORMATION('','',#11,#23);
#1861 = PRODUCT_DEFINITION_SHAPE('Placement','Placement of an item',
  #1862);
#1862 = NEXT_ASSEMBLY_USAGE_OCCURRENCE('6','R1','',#5,#1843,$);
#1863 = PRODUCT_RELATED_PRODUCT_CATEGORY('part',$,(#1845));
#1864 = SHAPE_DEFINITION_REPRESENTATION(#1865,#1871);
#1865 = PRODUCT_DEFINITION_SHAPE('','',#1866);
#1866 = PRODUCT_DEFINITION('design','',#1867,#1870);
#1867 = PRODUCT_DEFINITION_FORMATION('','',#1868);
#1868 = PRODUCT('R_0603_1608Metric','R_0603_1608Metric','',(#1869));
#1869 = PRODUCT_CONTEXT('',#2,'mechanical');
#1870 = PRODUCT_DEFINITION_CONTEXT('part definition',#2,'design');
#1871 = ADVANCED_BREP_SHAPE_REPRESENTATION('',(#11,#1872),#2662);
#1872 = MANIFOLD_SOLID_BREP('',#1873);
#1873 = CLOSED_SHELL('',(#1874,#1914,#1997,#2022,#2047,#2114,#2131,#2148
    ,#2197,#2214,#2231,#2280,#2297,#2366,#2397,#2421,#2490,#2514,#2531,
    #2548,#2565,#2582,#2599,#2616,#2633,#2650));
#1874 = ADVANCED_FACE('',(#1875),#1909,.F.);
#1875 = FACE_BOUND('',#1876,.F.);
#1876 = EDGE_LOOP('',(#1877,#1887,#1895,#1903));
#1877 = ORIENTED_EDGE('',*,*,#1878,.F.);
#1878 = EDGE_CURVE('',#1879,#1881,#1883,.T.);
#1879 = VERTEX_POINT('',#1880);
#1880 = CARTESIAN_POINT('',(-0.8,-0.4,4.5E-02));
#1881 = VERTEX_POINT('',#1882);
#1882 = CARTESIAN_POINT('',(-0.8,-0.4,0.405));
#1883 = LINE('',#1884,#1885);
#1884 = CARTESIAN_POINT('',(-0.8,-0.4,0.));
#1885 = VECTOR('',#1886,1.);
#1886 = DIRECTION('',(0.,0.,1.));
#1887 = ORIENTED_EDGE('',*,*,#1888,.T.);
#1888 = EDGE_CURVE('',#1879,#1889,#1891,.T.);
#1889 = VERTEX_POINT('',#1890);
#1890 = CARTESIAN_POINT('',(-0.8,0.4,4.5E-02));
#1891 = LINE('',#1892,#1893);
#1892 = CARTESIAN_POINT('',(-0.8,-0.4,4.5E-02));
#1893 = VECTOR('',#1894,1.);
#1894 = DIRECTION('',(0.,1.,0.));
#1895 = ORIENTED_EDGE('',*,*,#1896,.T.);
#1896 = EDGE_CURVE('',#1889,#1897,#1899,.T.);
#1897 = VERTEX_POINT('',#1898);
#1898 = CARTESIAN_POINT('',(-0.8,0.4,0.405));
#1899 = LINE('',#1900,#1901);
#1900 = CARTESIAN_POINT('',(-0.8,0.4,0.));
#1901 = VECTOR('',#1902,1.);
#1902 = DIRECTION('',(0.,0.,1.));
#1903 = ORIENTED_EDGE('',*,*,#1904,.F.);
#1904 = EDGE_CURVE('',#1881,#1897,#1905,.T.);
#1905 = LINE('',#1906,#1907);
#1906 = CARTESIAN_POINT('',(-0.8,-0.4,0.405));
#1907 = VECTOR('',#1908,1.);
#1908 = DIRECTION('',(0.,1.,0.));
#1909 = PLANE('',#1910);
#1910 = AXIS2_PLACEMENT_3D('',#1911,#1912,#1913);
#1911 = CARTESIAN_POINT('',(-0.8,-0.4,0.));
#1912 = DIRECTION('',(1.,0.,0.));
#1913 = DIRECTION('',(0.,0.,1.));
#1914 = ADVANCED_FACE('',(#1915),#1992,.F.);
#1915 = FACE_BOUND('',#1916,.F.);
#1916 = EDGE_LOOP('',(#1917,#1927,#1934,#1935,#1944,#1952,#1961,#1969,
    #1977,#1985));
#1917 = ORIENTED_EDGE('',*,*,#1918,.F.);
#1918 = EDGE_CURVE('',#1919,#1921,#1923,.T.);
#1919 = VERTEX_POINT('',#1920);
#1920 = CARTESIAN_POINT('',(-0.755,-0.4,-2.775557561563E-17));
#1921 = VERTEX_POINT('',#1922);
#1922 = CARTESIAN_POINT('',(-0.545,-0.4,-2.775557561563E-17));
#1923 = LINE('',#1924,#1925);
#1924 = CARTESIAN_POINT('',(-0.8,-0.4,0.));
#1925 = VECTOR('',#1926,1.);
#1926 = DIRECTION('',(1.,0.,0.));
#1927 = ORIENTED_EDGE('',*,*,#1928,.F.);
#1928 = EDGE_CURVE('',#1879,#1919,#1929,.T.);
#1929 = CIRCLE('',#1930,4.5E-02);
#1930 = AXIS2_PLACEMENT_3D('',#1931,#1932,#1933);
#1931 = CARTESIAN_POINT('',(-0.755,-0.4,4.5E-02));
#1932 = DIRECTION('',(0.,-1.,0.));
#1933 = DIRECTION('',(0.,0.,1.));
#1934 = ORIENTED_EDGE('',*,*,#1878,.T.);
#1935 = ORIENTED_EDGE('',*,*,#1936,.T.);
#1936 = EDGE_CURVE('',#1881,#1937,#1939,.T.);
#1937 = VERTEX_POINT('',#1938);
#1938 = CARTESIAN_POINT('',(-0.755,-0.4,0.45));
#1939 = CIRCLE('',#1940,4.5E-02);
#1940 = AXIS2_PLACEMENT_3D('',#1941,#1942,#1943);
#1941 = CARTESIAN_POINT('',(-0.755,-0.4,0.405));
#1942 = DIRECTION('',(0.,1.,0.));
#1943 = DIRECTION('',(0.,-0.,1.));
#1944 = ORIENTED_EDGE('',*,*,#1945,.T.);
#1945 = EDGE_CURVE('',#1937,#1946,#1948,.T.);
#1946 = VERTEX_POINT('',#1947);
#1947 = CARTESIAN_POINT('',(-0.545,-0.4,0.45));
#1948 = LINE('',#1949,#1950);
#1949 = CARTESIAN_POINT('',(-0.8,-0.4,0.45));
#1950 = VECTOR('',#1951,1.);
#1951 = DIRECTION('',(1.,0.,0.));
#1952 = ORIENTED_EDGE('',*,*,#1953,.F.);
#1953 = EDGE_CURVE('',#1954,#1946,#1956,.T.);
#1954 = VERTEX_POINT('',#1955);
#1955 = CARTESIAN_POINT('',(-0.5,-0.4,0.405));
#1956 = CIRCLE('',#1957,4.5E-02);
#1957 = AXIS2_PLACEMENT_3D('',#1958,#1959,#1960);
#1958 = CARTESIAN_POINT('',(-0.545,-0.4,0.405));
#1959 = DIRECTION('',(0.,-1.,0.));
#1960 = DIRECTION('',(0.,0.,1.));
#1961 = ORIENTED_EDGE('',*,*,#1962,.F.);
#1962 = EDGE_CURVE('',#1963,#1954,#1965,.T.);
#1963 = VERTEX_POINT('',#1964);
#1964 = CARTESIAN_POINT('',(-0.755,-0.4,0.405));
#1965 = LINE('',#1966,#1967);
#1966 = CARTESIAN_POINT('',(-0.755,-0.4,0.405));
#1967 = VECTOR('',#1968,1.);
#1968 = DIRECTION('',(1.,0.,0.));
#1969 = ORIENTED_EDGE('',*,*,#1970,.F.);
#1970 = EDGE_CURVE('',#1971,#1963,#1973,.T.);
#1971 = VERTEX_POINT('',#1972);
#1972 = CARTESIAN_POINT('',(-0.755,-0.4,4.5E-02));
#1973 = LINE('',#1974,#1975);
#1974 = CARTESIAN_POINT('',(-0.755,-0.4,4.5E-02));
#1975 = VECTOR('',#1976,1.);
#1976 = DIRECTION('',(0.,0.,1.));
#1977 = ORIENTED_EDGE('',*,*,#1978,.T.);
#1978 = EDGE_CURVE('',#1971,#1979,#1981,.T.);
#1979 = VERTEX_POINT('',#1980);
#1980 = CARTESIAN_POINT('',(-0.5,-0.4,4.5E-02));
#1981 = LINE('',#1982,#1983);
#1982 = CARTESIAN_POINT('',(-0.755,-0.4,4.5E-02));
#1983 = VECTOR('',#1984,1.);
#1984 = DIRECTION('',(1.,0.,0.));
#1985 = ORIENTED_EDGE('',*,*,#1986,.T.);
#1986 = EDGE_CURVE('',#1979,#1921,#1987,.T.);
#1987 = CIRCLE('',#1988,4.5E-02);
#1988 = AXIS2_PLACEMENT_3D('',#1989,#1990,#1991);
#1989 = CARTESIAN_POINT('',(-0.545,-0.4,4.5E-02));
#1990 = DIRECTION('',(0.,1.,0.));
#1991 = DIRECTION('',(0.,-0.,1.));
#1992 = PLANE('',#1993);
#1993 = AXIS2_PLACEMENT_3D('',#1994,#1995,#1996);
#1994 = CARTESIAN_POINT('',(-0.8,-0.4,0.));
#1995 = DIRECTION('',(0.,1.,0.));
#1996 = DIRECTION('',(0.,-0.,1.));
#1997 = ADVANCED_FACE('',(#1998),#2017,.T.);
#1998 = FACE_BOUND('',#1999,.T.);
#1999 = EDGE_LOOP('',(#2000,#2001,#2010,#2016));
#2000 = ORIENTED_EDGE('',*,*,#1888,.T.);
#2001 = ORIENTED_EDGE('',*,*,#2002,.T.);
#2002 = EDGE_CURVE('',#1889,#2003,#2005,.T.);
#2003 = VERTEX_POINT('',#2004);
#2004 = CARTESIAN_POINT('',(-0.755,0.4,-2.775557561563E-17));
#2005 = CIRCLE('',#2006,4.5E-02);
#2006 = AXIS2_PLACEMENT_3D('',#2007,#2008,#2009);
#2007 = CARTESIAN_POINT('',(-0.755,0.4,4.5E-02));
#2008 = DIRECTION('',(0.,-1.,0.));
#2009 = DIRECTION('',(0.,0.,1.));
#2010 = ORIENTED_EDGE('',*,*,#2011,.F.);
#2011 = EDGE_CURVE('',#1919,#2003,#2012,.T.);
#2012 = LINE('',#2013,#2014);
#2013 = CARTESIAN_POINT('',(-0.755,-0.4,-2.775557561563E-17));
#2014 = VECTOR('',#2015,1.);
#2015 = DIRECTION('',(0.,1.,0.));
#2016 = ORIENTED_EDGE('',*,*,#1928,.F.);
#2017 = CYLINDRICAL_SURFACE('',#2018,4.5E-02);
#2018 = AXIS2_PLACEMENT_3D('',#2019,#2020,#2021);
#2019 = CARTESIAN_POINT('',(-0.755,-0.4,4.5E-02));
#2020 = DIRECTION('',(0.,1.,0.));
#2021 = DIRECTION('',(-1.,0.,0.));
#2022 = ADVANCED_FACE('',(#2023),#2042,.T.);
#2023 = FACE_BOUND('',#2024,.T.);
#2024 = EDGE_LOOP('',(#2025,#2026,#2034,#2041));
#2025 = ORIENTED_EDGE('',*,*,#1936,.T.);
#2026 = ORIENTED_EDGE('',*,*,#2027,.T.);
#2027 = EDGE_CURVE('',#1937,#2028,#2030,.T.);
#2028 = VERTEX_POINT('',#2029);
#2029 = CARTESIAN_POINT('',(-0.755,0.4,0.45));
#2030 = LINE('',#2031,#2032);
#2031 = CARTESIAN_POINT('',(-0.755,-0.4,0.45));
#2032 = VECTOR('',#2033,1.);
#2033 = DIRECTION('',(0.,1.,0.));
#2034 = ORIENTED_EDGE('',*,*,#2035,.F.);
#2035 = EDGE_CURVE('',#1897,#2028,#2036,.T.);
#2036 = CIRCLE('',#2037,4.5E-02);
#2037 = AXIS2_PLACEMENT_3D('',#2038,#2039,#2040);
#2038 = CARTESIAN_POINT('',(-0.755,0.4,0.405));
#2039 = DIRECTION('',(0.,1.,0.));
#2040 = DIRECTION('',(0.,-0.,1.));
#2041 = ORIENTED_EDGE('',*,*,#1904,.F.);
#2042 = CYLINDRICAL_SURFACE('',#2043,4.5E-02);
#2043 = AXIS2_PLACEMENT_3D('',#2044,#2045,#2046);
#2044 = CARTESIAN_POINT('',(-0.755,-0.4,0.405));
#2045 = DIRECTION('',(0.,1.,0.));
#2046 = DIRECTION('',(-1.,0.,0.));
#2047 = ADVANCED_FACE('',(#2048),#2109,.T.);
#2048 = FACE_BOUND('',#2049,.T.);
#2049 = EDGE_LOOP('',(#2050,#2058,#2059,#2060,#2061,#2069,#2078,#2086,
    #2094,#2102));
#2050 = ORIENTED_EDGE('',*,*,#2051,.F.);
#2051 = EDGE_CURVE('',#2003,#2052,#2054,.T.);
#2052 = VERTEX_POINT('',#2053);
#2053 = CARTESIAN_POINT('',(-0.545,0.4,-2.775557561563E-17));
#2054 = LINE('',#2055,#2056);
#2055 = CARTESIAN_POINT('',(-0.8,0.4,0.));
#2056 = VECTOR('',#2057,1.);
#2057 = DIRECTION('',(1.,0.,0.));
#2058 = ORIENTED_EDGE('',*,*,#2002,.F.);
#2059 = ORIENTED_EDGE('',*,*,#1896,.T.);
#2060 = ORIENTED_EDGE('',*,*,#2035,.T.);
#2061 = ORIENTED_EDGE('',*,*,#2062,.T.);
#2062 = EDGE_CURVE('',#2028,#2063,#2065,.T.);
#2063 = VERTEX_POINT('',#2064);
#2064 = CARTESIAN_POINT('',(-0.545,0.4,0.45));
#2065 = LINE('',#2066,#2067);
#2066 = CARTESIAN_POINT('',(-0.8,0.4,0.45));
#2067 = VECTOR('',#2068,1.);
#2068 = DIRECTION('',(1.,0.,0.));
#2069 = ORIENTED_EDGE('',*,*,#2070,.F.);
#2070 = EDGE_CURVE('',#2071,#2063,#2073,.T.);
#2071 = VERTEX_POINT('',#2072);
#2072 = CARTESIAN_POINT('',(-0.5,0.4,0.405));
#2073 = CIRCLE('',#2074,4.5E-02);
#2074 = AXIS2_PLACEMENT_3D('',#2075,#2076,#2077);
#2075 = CARTESIAN_POINT('',(-0.545,0.4,0.405));
#2076 = DIRECTION('',(0.,-1.,0.));
#2077 = DIRECTION('',(0.,0.,1.));
#2078 = ORIENTED_EDGE('',*,*,#2079,.F.);
#2079 = EDGE_CURVE('',#2080,#2071,#2082,.T.);
#2080 = VERTEX_POINT('',#2081);
#2081 = CARTESIAN_POINT('',(-0.755,0.4,0.405));
#2082 = LINE('',#2083,#2084);
#2083 = CARTESIAN_POINT('',(-0.755,0.4,0.405));
#2084 = VECTOR('',#2085,1.);
#2085 = DIRECTION('',(1.,0.,0.));
#2086 = ORIENTED_EDGE('',*,*,#2087,.F.);
#2087 = EDGE_CURVE('',#2088,#2080,#2090,.T.);
#2088 = VERTEX_POINT('',#2089);
#2089 = CARTESIAN_POINT('',(-0.755,0.4,4.5E-02));
#2090 = LINE('',#2091,#2092);
#2091 = CARTESIAN_POINT('',(-0.755,0.4,4.5E-02));
#2092 = VECTOR('',#2093,1.);
#2093 = DIRECTION('',(0.,0.,1.));
#2094 = ORIENTED_EDGE('',*,*,#2095,.T.);
#2095 = EDGE_CURVE('',#2088,#2096,#2098,.T.);
#2096 = VERTEX_POINT('',#2097);
#2097 = CARTESIAN_POINT('',(-0.5,0.4,4.5E-02));
#2098 = LINE('',#2099,#2100);
#2099 = CARTESIAN_POINT('',(-0.755,0.4,4.5E-02));
#2100 = VECTOR('',#2101,1.);
#2101 = DIRECTION('',(1.,0.,0.));
#2102 = ORIENTED_EDGE('',*,*,#2103,.T.);
#2103 = EDGE_CURVE('',#2096,#2052,#2104,.T.);
#2104 = CIRCLE('',#2105,4.5E-02);
#2105 = AXIS2_PLACEMENT_3D('',#2106,#2107,#2108);
#2106 = CARTESIAN_POINT('',(-0.545,0.4,4.5E-02));
#2107 = DIRECTION('',(0.,1.,0.));
#2108 = DIRECTION('',(0.,-0.,1.));
#2109 = PLANE('',#2110);
#2110 = AXIS2_PLACEMENT_3D('',#2111,#2112,#2113);
#2111 = CARTESIAN_POINT('',(-0.8,0.4,0.));
#2112 = DIRECTION('',(0.,1.,0.));
#2113 = DIRECTION('',(0.,-0.,1.));
#2114 = ADVANCED_FACE('',(#2115),#2126,.F.);
#2115 = FACE_BOUND('',#2116,.F.);
#2116 = EDGE_LOOP('',(#2117,#2118,#2119,#2120));
#2117 = ORIENTED_EDGE('',*,*,#2051,.F.);
#2118 = ORIENTED_EDGE('',*,*,#2011,.F.);
#2119 = ORIENTED_EDGE('',*,*,#1918,.T.);
#2120 = ORIENTED_EDGE('',*,*,#2121,.T.);
#2121 = EDGE_CURVE('',#1921,#2052,#2122,.T.);
#2122 = LINE('',#2123,#2124);
#2123 = CARTESIAN_POINT('',(-0.545,-0.4,-2.775557561563E-17));
#2124 = VECTOR('',#2125,1.);
#2125 = DIRECTION('',(0.,1.,0.));
#2126 = PLANE('',#2127);
#2127 = AXIS2_PLACEMENT_3D('',#2128,#2129,#2130);
#2128 = CARTESIAN_POINT('',(-0.8,-0.4,0.));
#2129 = DIRECTION('',(0.,0.,1.));
#2130 = DIRECTION('',(1.,0.,-0.));
#2131 = ADVANCED_FACE('',(#2132),#2143,.T.);
#2132 = FACE_BOUND('',#2133,.T.);
#2133 = EDGE_LOOP('',(#2134,#2135,#2136,#2137));
#2134 = ORIENTED_EDGE('',*,*,#1986,.T.);
#2135 = ORIENTED_EDGE('',*,*,#2121,.T.);
#2136 = ORIENTED_EDGE('',*,*,#2103,.F.);
#2137 = ORIENTED_EDGE('',*,*,#2138,.F.);
#2138 = EDGE_CURVE('',#1979,#2096,#2139,.T.);
#2139 = LINE('',#2140,#2141);
#2140 = CARTESIAN_POINT('',(-0.5,-0.4,4.5E-02));
#2141 = VECTOR('',#2142,1.);
#2142 = DIRECTION('',(0.,1.,0.));
#2143 = CYLINDRICAL_SURFACE('',#2144,4.5E-02);
#2144 = AXIS2_PLACEMENT_3D('',#2145,#2146,#2147);
#2145 = CARTESIAN_POINT('',(-0.545,-0.4,4.5E-02));
#2146 = DIRECTION('',(0.,1.,0.));
#2147 = DIRECTION('',(1.,0.,0.));
#2148 = ADVANCED_FACE('',(#2149),#2192,.F.);
#2149 = FACE_BOUND('',#2150,.F.);
#2150 = EDGE_LOOP('',(#2151,#2152,#2153,#2154,#2162,#2170,#2178,#2186));
#2151 = ORIENTED_EDGE('',*,*,#1978,.F.);
#2152 = ORIENTED_EDGE('',*,*,#1970,.T.);
#2153 = ORIENTED_EDGE('',*,*,#1962,.T.);
#2154 = ORIENTED_EDGE('',*,*,#2155,.T.);
#2155 = EDGE_CURVE('',#1954,#2156,#2158,.T.);
#2156 = VERTEX_POINT('',#2157);
#2157 = CARTESIAN_POINT('',(0.5,-0.4,0.405));
#2158 = LINE('',#2159,#2160);
#2159 = CARTESIAN_POINT('',(-0.5,-0.4,0.405));
#2160 = VECTOR('',#2161,1.);
#2161 = DIRECTION('',(1.,0.,0.));
#2162 = ORIENTED_EDGE('',*,*,#2163,.T.);
#2163 = EDGE_CURVE('',#2156,#2164,#2166,.T.);
#2164 = VERTEX_POINT('',#2165);
#2165 = CARTESIAN_POINT('',(0.755,-0.4,0.405));
#2166 = LINE('',#2167,#2168);
#2167 = CARTESIAN_POINT('',(-0.755,-0.4,0.405));
#2168 = VECTOR('',#2169,1.);
#2169 = DIRECTION('',(1.,0.,0.));
#2170 = ORIENTED_EDGE('',*,*,#2171,.F.);
#2171 = EDGE_CURVE('',#2172,#2164,#2174,.T.);
#2172 = VERTEX_POINT('',#2173);
#2173 = CARTESIAN_POINT('',(0.755,-0.4,4.5E-02));
#2174 = LINE('',#2175,#2176);
#2175 = CARTESIAN_POINT('',(0.755,-0.4,4.5E-02));
#2176 = VECTOR('',#2177,1.);
#2177 = DIRECTION('',(0.,0.,1.));
#2178 = ORIENTED_EDGE('',*,*,#2179,.F.);
#2179 = EDGE_CURVE('',#2180,#2172,#2182,.T.);
#2180 = VERTEX_POINT('',#2181);
#2181 = CARTESIAN_POINT('',(0.5,-0.4,4.5E-02));
#2182 = LINE('',#2183,#2184);
#2183 = CARTESIAN_POINT('',(-0.755,-0.4,4.5E-02));
#2184 = VECTOR('',#2185,1.);
#2185 = DIRECTION('',(1.,0.,0.));
#2186 = ORIENTED_EDGE('',*,*,#2187,.F.);
#2187 = EDGE_CURVE('',#1979,#2180,#2188,.T.);
#2188 = LINE('',#2189,#2190);
#2189 = CARTESIAN_POINT('',(-0.755,-0.4,4.5E-02));
#2190 = VECTOR('',#2191,1.);
#2191 = DIRECTION('',(1.,0.,0.));
#2192 = PLANE('',#2193);
#2193 = AXIS2_PLACEMENT_3D('',#2194,#2195,#2196);
#2194 = CARTESIAN_POINT('',(-0.755,-0.4,4.5E-02));
#2195 = DIRECTION('',(0.,1.,0.));
#2196 = DIRECTION('',(0.,-0.,1.));
#2197 = ADVANCED_FACE('',(#2198),#2209,.T.);
#2198 = FACE_BOUND('',#2199,.T.);
#2199 = EDGE_LOOP('',(#2200,#2201,#2202,#2203));
#2200 = ORIENTED_EDGE('',*,*,#2062,.F.);
#2201 = ORIENTED_EDGE('',*,*,#2027,.F.);
#2202 = ORIENTED_EDGE('',*,*,#1945,.T.);
#2203 = ORIENTED_EDGE('',*,*,#2204,.T.);
#2204 = EDGE_CURVE('',#1946,#2063,#2205,.T.);
#2205 = LINE('',#2206,#2207);
#2206 = CARTESIAN_POINT('',(-0.545,-0.4,0.45));
#2207 = VECTOR('',#2208,1.);
#2208 = DIRECTION('',(0.,1.,0.));
#2209 = PLANE('',#2210);
#2210 = AXIS2_PLACEMENT_3D('',#2211,#2212,#2213);
#2211 = CARTESIAN_POINT('',(-0.8,-0.4,0.45));
#2212 = DIRECTION('',(0.,0.,1.));
#2213 = DIRECTION('',(1.,0.,-0.));
#2214 = ADVANCED_FACE('',(#2215),#2226,.T.);
#2215 = FACE_BOUND('',#2216,.T.);
#2216 = EDGE_LOOP('',(#2217,#2223,#2224,#2225));
#2217 = ORIENTED_EDGE('',*,*,#2218,.T.);
#2218 = EDGE_CURVE('',#1954,#2071,#2219,.T.);
#2219 = LINE('',#2220,#2221);
#2220 = CARTESIAN_POINT('',(-0.5,-0.4,0.405));
#2221 = VECTOR('',#2222,1.);
#2222 = DIRECTION('',(0.,1.,0.));
#2223 = ORIENTED_EDGE('',*,*,#2070,.T.);
#2224 = ORIENTED_EDGE('',*,*,#2204,.F.);
#2225 = ORIENTED_EDGE('',*,*,#1953,.F.);
#2226 = CYLINDRICAL_SURFACE('',#2227,4.5E-02);
#2227 = AXIS2_PLACEMENT_3D('',#2228,#2229,#2230);
#2228 = CARTESIAN_POINT('',(-0.545,-0.4,0.405));
#2229 = DIRECTION('',(0.,1.,0.));
#2230 = DIRECTION('',(1.,0.,0.));
#2231 = ADVANCED_FACE('',(#2232),#2275,.T.);
#2232 = FACE_BOUND('',#2233,.T.);
#2233 = EDGE_LOOP('',(#2234,#2235,#2236,#2237,#2245,#2253,#2261,#2269));
#2234 = ORIENTED_EDGE('',*,*,#2095,.F.);
#2235 = ORIENTED_EDGE('',*,*,#2087,.T.);
#2236 = ORIENTED_EDGE('',*,*,#2079,.T.);
#2237 = ORIENTED_EDGE('',*,*,#2238,.T.);
#2238 = EDGE_CURVE('',#2071,#2239,#2241,.T.);
#2239 = VERTEX_POINT('',#2240);
#2240 = CARTESIAN_POINT('',(0.5,0.4,0.405));
#2241 = LINE('',#2242,#2243);
#2242 = CARTESIAN_POINT('',(-0.5,0.4,0.405));
#2243 = VECTOR('',#2244,1.);
#2244 = DIRECTION('',(1.,0.,0.));
#2245 = ORIENTED_EDGE('',*,*,#2246,.T.);
#2246 = EDGE_CURVE('',#2239,#2247,#2249,.T.);
#2247 = VERTEX_POINT('',#2248);
#2248 = CARTESIAN_POINT('',(0.755,0.4,0.405));
#2249 = LINE('',#2250,#2251);
#2250 = CARTESIAN_POINT('',(-0.755,0.4,0.405));
#2251 = VECTOR('',#2252,1.);
#2252 = DIRECTION('',(1.,0.,0.));
#2253 = ORIENTED_EDGE('',*,*,#2254,.F.);
#2254 = EDGE_CURVE('',#2255,#2247,#2257,.T.);
#2255 = VERTEX_POINT('',#2256);
#2256 = CARTESIAN_POINT('',(0.755,0.4,4.5E-02));
#2257 = LINE('',#2258,#2259);
#2258 = CARTESIAN_POINT('',(0.755,0.4,4.5E-02));
#2259 = VECTOR('',#2260,1.);
#2260 = DIRECTION('',(0.,0.,1.));
#2261 = ORIENTED_EDGE('',*,*,#2262,.F.);
#2262 = EDGE_CURVE('',#2263,#2255,#2265,.T.);
#2263 = VERTEX_POINT('',#2264);
#2264 = CARTESIAN_POINT('',(0.5,0.4,4.5E-02));
#2265 = LINE('',#2266,#2267);
#2266 = CARTESIAN_POINT('',(-0.755,0.4,4.5E-02));
#2267 = VECTOR('',#2268,1.);
#2268 = DIRECTION('',(1.,0.,0.));
#2269 = ORIENTED_EDGE('',*,*,#2270,.F.);
#2270 = EDGE_CURVE('',#2096,#2263,#2271,.T.);
#2271 = LINE('',#2272,#2273);
#2272 = CARTESIAN_POINT('',(-0.755,0.4,4.5E-02));
#2273 = VECTOR('',#2274,1.);
#2274 = DIRECTION('',(1.,0.,0.));
#2275 = PLANE('',#2276);
#2276 = AXIS2_PLACEMENT_3D('',#2277,#2278,#2279);
#2277 = CARTESIAN_POINT('',(-0.755,0.4,4.5E-02));
#2278 = DIRECTION('',(0.,1.,0.));
#2279 = DIRECTION('',(0.,-0.,1.));
#2280 = ADVANCED_FACE('',(#2281),#2292,.F.);
#2281 = FACE_BOUND('',#2282,.F.);
#2282 = EDGE_LOOP('',(#2283,#2284,#2285,#2291));
#2283 = ORIENTED_EDGE('',*,*,#2138,.F.);
#2284 = ORIENTED_EDGE('',*,*,#2187,.T.);
#2285 = ORIENTED_EDGE('',*,*,#2286,.T.);
#2286 = EDGE_CURVE('',#2180,#2263,#2287,.T.);
#2287 = LINE('',#2288,#2289);
#2288 = CARTESIAN_POINT('',(0.5,-0.4,4.5E-02));
#2289 = VECTOR('',#2290,1.);
#2290 = DIRECTION('',(0.,1.,0.));
#2291 = ORIENTED_EDGE('',*,*,#2270,.F.);
#2292 = PLANE('',#2293);
#2293 = AXIS2_PLACEMENT_3D('',#2294,#2295,#2296);
#2294 = CARTESIAN_POINT('',(-0.755,-0.4,4.5E-02));
#2295 = DIRECTION('',(0.,0.,1.));
#2296 = DIRECTION('',(1.,0.,-0.));
#2297 = ADVANCED_FACE('',(#2298),#2361,.F.);
#2298 = FACE_BOUND('',#2299,.F.);
#2299 = EDGE_LOOP('',(#2300,#2310,#2317,#2318,#2319,#2320,#2329,#2337,
    #2346,#2354));
#2300 = ORIENTED_EDGE('',*,*,#2301,.F.);
#2301 = EDGE_CURVE('',#2302,#2304,#2306,.T.);
#2302 = VERTEX_POINT('',#2303);
#2303 = CARTESIAN_POINT('',(0.545,-0.4,-2.775557561563E-17));
#2304 = VERTEX_POINT('',#2305);
#2305 = CARTESIAN_POINT('',(0.755,-0.4,-2.775557561563E-17));
#2306 = LINE('',#2307,#2308);
#2307 = CARTESIAN_POINT('',(0.5,-0.4,0.));
#2308 = VECTOR('',#2309,1.);
#2309 = DIRECTION('',(1.,0.,0.));
#2310 = ORIENTED_EDGE('',*,*,#2311,.F.);
#2311 = EDGE_CURVE('',#2180,#2302,#2312,.T.);
#2312 = CIRCLE('',#2313,4.5E-02);
#2313 = AXIS2_PLACEMENT_3D('',#2314,#2315,#2316);
#2314 = CARTESIAN_POINT('',(0.545,-0.4,4.5E-02));
#2315 = DIRECTION('',(0.,-1.,0.));
#2316 = DIRECTION('',(0.,0.,1.));
#2317 = ORIENTED_EDGE('',*,*,#2179,.T.);
#2318 = ORIENTED_EDGE('',*,*,#2171,.T.);
#2319 = ORIENTED_EDGE('',*,*,#2163,.F.);
#2320 = ORIENTED_EDGE('',*,*,#2321,.T.);
#2321 = EDGE_CURVE('',#2156,#2322,#2324,.T.);
#2322 = VERTEX_POINT('',#2323);
#2323 = CARTESIAN_POINT('',(0.545,-0.4,0.45));
#2324 = CIRCLE('',#2325,4.5E-02);
#2325 = AXIS2_PLACEMENT_3D('',#2326,#2327,#2328);
#2326 = CARTESIAN_POINT('',(0.545,-0.4,0.405));
#2327 = DIRECTION('',(0.,1.,0.));
#2328 = DIRECTION('',(0.,-0.,1.));
#2329 = ORIENTED_EDGE('',*,*,#2330,.T.);
#2330 = EDGE_CURVE('',#2322,#2331,#2333,.T.);
#2331 = VERTEX_POINT('',#2332);
#2332 = CARTESIAN_POINT('',(0.755,-0.4,0.45));
#2333 = LINE('',#2334,#2335);
#2334 = CARTESIAN_POINT('',(0.5,-0.4,0.45));
#2335 = VECTOR('',#2336,1.);
#2336 = DIRECTION('',(1.,0.,0.));
#2337 = ORIENTED_EDGE('',*,*,#2338,.F.);
#2338 = EDGE_CURVE('',#2339,#2331,#2341,.T.);
#2339 = VERTEX_POINT('',#2340);
#2340 = CARTESIAN_POINT('',(0.8,-0.4,0.405));
#2341 = CIRCLE('',#2342,4.5E-02);
#2342 = AXIS2_PLACEMENT_3D('',#2343,#2344,#2345);
#2343 = CARTESIAN_POINT('',(0.755,-0.4,0.405));
#2344 = DIRECTION('',(0.,-1.,0.));
#2345 = DIRECTION('',(0.,0.,1.));
#2346 = ORIENTED_EDGE('',*,*,#2347,.F.);
#2347 = EDGE_CURVE('',#2348,#2339,#2350,.T.);
#2348 = VERTEX_POINT('',#2349);
#2349 = CARTESIAN_POINT('',(0.8,-0.4,4.5E-02));
#2350 = LINE('',#2351,#2352);
#2351 = CARTESIAN_POINT('',(0.8,-0.4,0.));
#2352 = VECTOR('',#2353,1.);
#2353 = DIRECTION('',(0.,0.,1.));
#2354 = ORIENTED_EDGE('',*,*,#2355,.T.);
#2355 = EDGE_CURVE('',#2348,#2304,#2356,.T.);
#2356 = CIRCLE('',#2357,4.5E-02);
#2357 = AXIS2_PLACEMENT_3D('',#2358,#2359,#2360);
#2358 = CARTESIAN_POINT('',(0.755,-0.4,4.5E-02));
#2359 = DIRECTION('',(0.,1.,0.));
#2360 = DIRECTION('',(0.,-0.,1.));
#2361 = PLANE('',#2362);
#2362 = AXIS2_PLACEMENT_3D('',#2363,#2364,#2365);
#2363 = CARTESIAN_POINT('',(0.5,-0.4,0.));
#2364 = DIRECTION('',(0.,1.,0.));
#2365 = DIRECTION('',(0.,-0.,1.));
#2366 = ADVANCED_FACE('',(#2367),#2392,.F.);
#2367 = FACE_BOUND('',#2368,.F.);
#2368 = EDGE_LOOP('',(#2369,#2370,#2378,#2386));
#2369 = ORIENTED_EDGE('',*,*,#2155,.F.);
#2370 = ORIENTED_EDGE('',*,*,#2371,.T.);
#2371 = EDGE_CURVE('',#1954,#2372,#2374,.T.);
#2372 = VERTEX_POINT('',#2373);
#2373 = CARTESIAN_POINT('',(-0.5,-0.4,0.45));
#2374 = LINE('',#2375,#2376);
#2375 = CARTESIAN_POINT('',(-0.5,-0.4,0.405));
#2376 = VECTOR('',#2377,1.);
#2377 = DIRECTION('',(0.,0.,1.));
#2378 = ORIENTED_EDGE('',*,*,#2379,.T.);
#2379 = EDGE_CURVE('',#2372,#2380,#2382,.T.);
#2380 = VERTEX_POINT('',#2381);
#2381 = CARTESIAN_POINT('',(0.5,-0.4,0.45));
#2382 = LINE('',#2383,#2384);
#2383 = CARTESIAN_POINT('',(-0.5,-0.4,0.45));
#2384 = VECTOR('',#2385,1.);
#2385 = DIRECTION('',(1.,0.,0.));
#2386 = ORIENTED_EDGE('',*,*,#2387,.F.);
#2387 = EDGE_CURVE('',#2156,#2380,#2388,.T.);
#2388 = LINE('',#2389,#2390);
#2389 = CARTESIAN_POINT('',(0.5,-0.4,0.405));
#2390 = VECTOR('',#2391,1.);
#2391 = DIRECTION('',(0.,0.,1.));
#2392 = PLANE('',#2393);
#2393 = AXIS2_PLACEMENT_3D('',#2394,#2395,#2396);
#2394 = CARTESIAN_POINT('',(-0.5,-0.4,0.405));
#2395 = DIRECTION('',(0.,1.,0.));
#2396 = DIRECTION('',(0.,-0.,1.));
#2397 = ADVANCED_FACE('',(#2398),#2416,.F.);
#2398 = FACE_BOUND('',#2399,.F.);
#2399 = EDGE_LOOP('',(#2400,#2401,#2402,#2410));
#2400 = ORIENTED_EDGE('',*,*,#2371,.F.);
#2401 = ORIENTED_EDGE('',*,*,#2218,.T.);
#2402 = ORIENTED_EDGE('',*,*,#2403,.T.);
#2403 = EDGE_CURVE('',#2071,#2404,#2406,.T.);
#2404 = VERTEX_POINT('',#2405);
#2405 = CARTESIAN_POINT('',(-0.5,0.4,0.45));
#2406 = LINE('',#2407,#2408);
#2407 = CARTESIAN_POINT('',(-0.5,0.4,0.405));
#2408 = VECTOR('',#2409,1.);
#2409 = DIRECTION('',(0.,0.,1.));
#2410 = ORIENTED_EDGE('',*,*,#2411,.F.);
#2411 = EDGE_CURVE('',#2372,#2404,#2412,.T.);
#2412 = LINE('',#2413,#2414);
#2413 = CARTESIAN_POINT('',(-0.5,-0.4,0.45));
#2414 = VECTOR('',#2415,1.);
#2415 = DIRECTION('',(0.,1.,0.));
#2416 = PLANE('',#2417);
#2417 = AXIS2_PLACEMENT_3D('',#2418,#2419,#2420);
#2418 = CARTESIAN_POINT('',(-0.5,-0.4,0.405));
#2419 = DIRECTION('',(1.,0.,0.));
#2420 = DIRECTION('',(0.,0.,1.));
#2421 = ADVANCED_FACE('',(#2422),#2485,.T.);
#2422 = FACE_BOUND('',#2423,.T.);
#2423 = EDGE_LOOP('',(#2424,#2434,#2441,#2442,#2443,#2444,#2453,#2461,
    #2470,#2478));
#2424 = ORIENTED_EDGE('',*,*,#2425,.F.);
#2425 = EDGE_CURVE('',#2426,#2428,#2430,.T.);
#2426 = VERTEX_POINT('',#2427);
#2427 = CARTESIAN_POINT('',(0.545,0.4,-2.775557561563E-17));
#2428 = VERTEX_POINT('',#2429);
#2429 = CARTESIAN_POINT('',(0.755,0.4,-2.775557561563E-17));
#2430 = LINE('',#2431,#2432);
#2431 = CARTESIAN_POINT('',(0.5,0.4,0.));
#2432 = VECTOR('',#2433,1.);
#2433 = DIRECTION('',(1.,0.,0.));
#2434 = ORIENTED_EDGE('',*,*,#2435,.F.);
#2435 = EDGE_CURVE('',#2263,#2426,#2436,.T.);
#2436 = CIRCLE('',#2437,4.5E-02);
#2437 = AXIS2_PLACEMENT_3D('',#2438,#2439,#2440);
#2438 = CARTESIAN_POINT('',(0.545,0.4,4.5E-02));
#2439 = DIRECTION('',(0.,-1.,0.));
#2440 = DIRECTION('',(0.,0.,1.));
#2441 = ORIENTED_EDGE('',*,*,#2262,.T.);
#2442 = ORIENTED_EDGE('',*,*,#2254,.T.);
#2443 = ORIENTED_EDGE('',*,*,#2246,.F.);
#2444 = ORIENTED_EDGE('',*,*,#2445,.T.);
#2445 = EDGE_CURVE('',#2239,#2446,#2448,.T.);
#2446 = VERTEX_POINT('',#2447);
#2447 = CARTESIAN_POINT('',(0.545,0.4,0.45));
#2448 = CIRCLE('',#2449,4.5E-02);
#2449 = AXIS2_PLACEMENT_3D('',#2450,#2451,#2452);
#2450 = CARTESIAN_POINT('',(0.545,0.4,0.405));
#2451 = DIRECTION('',(0.,1.,0.));
#2452 = DIRECTION('',(0.,-0.,1.));
#2453 = ORIENTED_EDGE('',*,*,#2454,.T.);
#2454 = EDGE_CURVE('',#2446,#2455,#2457,.T.);
#2455 = VERTEX_POINT('',#2456);
#2456 = CARTESIAN_POINT('',(0.755,0.4,0.45));
#2457 = LINE('',#2458,#2459);
#2458 = CARTESIAN_POINT('',(0.5,0.4,0.45));
#2459 = VECTOR('',#2460,1.);
#2460 = DIRECTION('',(1.,0.,0.));
#2461 = ORIENTED_EDGE('',*,*,#2462,.F.);
#2462 = EDGE_CURVE('',#2463,#2455,#2465,.T.);
#2463 = VERTEX_POINT('',#2464);
#2464 = CARTESIAN_POINT('',(0.8,0.4,0.405));
#2465 = CIRCLE('',#2466,4.5E-02);
#2466 = AXIS2_PLACEMENT_3D('',#2467,#2468,#2469);
#2467 = CARTESIAN_POINT('',(0.755,0.4,0.405));
#2468 = DIRECTION('',(0.,-1.,0.));
#2469 = DIRECTION('',(0.,0.,1.));
#2470 = ORIENTED_EDGE('',*,*,#2471,.F.);
#2471 = EDGE_CURVE('',#2472,#2463,#2474,.T.);
#2472 = VERTEX_POINT('',#2473);
#2473 = CARTESIAN_POINT('',(0.8,0.4,4.5E-02));
#2474 = LINE('',#2475,#2476);
#2475 = CARTESIAN_POINT('',(0.8,0.4,0.));
#2476 = VECTOR('',#2477,1.);
#2477 = DIRECTION('',(0.,0.,1.));
#2478 = ORIENTED_EDGE('',*,*,#2479,.T.);
#2479 = EDGE_CURVE('',#2472,#2428,#2480,.T.);
#2480 = CIRCLE('',#2481,4.5E-02);
#2481 = AXIS2_PLACEMENT_3D('',#2482,#2483,#2484);
#2482 = CARTESIAN_POINT('',(0.755,0.4,4.5E-02));
#2483 = DIRECTION('',(0.,1.,0.));
#2484 = DIRECTION('',(0.,-0.,1.));
#2485 = PLANE('',#2486);
#2486 = AXIS2_PLACEMENT_3D('',#2487,#2488,#2489);
#2487 = CARTESIAN_POINT('',(0.5,0.4,0.));
#2488 = DIRECTION('',(0.,1.,0.));
#2489 = DIRECTION('',(0.,-0.,1.));
#2490 = ADVANCED_FACE('',(#2491),#2509,.T.);
#2491 = FACE_BOUND('',#2492,.T.);
#2492 = EDGE_LOOP('',(#2493,#2494,#2495,#2503));
#2493 = ORIENTED_EDGE('',*,*,#2238,.F.);
#2494 = ORIENTED_EDGE('',*,*,#2403,.T.);
#2495 = ORIENTED_EDGE('',*,*,#2496,.T.);
#2496 = EDGE_CURVE('',#2404,#2497,#2499,.T.);
#2497 = VERTEX_POINT('',#2498);
#2498 = CARTESIAN_POINT('',(0.5,0.4,0.45));
#2499 = LINE('',#2500,#2501);
#2500 = CARTESIAN_POINT('',(-0.5,0.4,0.45));
#2501 = VECTOR('',#2502,1.);
#2502 = DIRECTION('',(1.,0.,0.));
#2503 = ORIENTED_EDGE('',*,*,#2504,.F.);
#2504 = EDGE_CURVE('',#2239,#2497,#2505,.T.);
#2505 = LINE('',#2506,#2507);
#2506 = CARTESIAN_POINT('',(0.5,0.4,0.405));
#2507 = VECTOR('',#2508,1.);
#2508 = DIRECTION('',(0.,0.,1.));
#2509 = PLANE('',#2510);
#2510 = AXIS2_PLACEMENT_3D('',#2511,#2512,#2513);
#2511 = CARTESIAN_POINT('',(-0.5,0.4,0.405));
#2512 = DIRECTION('',(0.,1.,0.));
#2513 = DIRECTION('',(0.,-0.,1.));
#2514 = ADVANCED_FACE('',(#2515),#2526,.T.);
#2515 = FACE_BOUND('',#2516,.T.);
#2516 = EDGE_LOOP('',(#2517,#2518,#2519,#2525));
#2517 = ORIENTED_EDGE('',*,*,#2286,.T.);
#2518 = ORIENTED_EDGE('',*,*,#2435,.T.);
#2519 = ORIENTED_EDGE('',*,*,#2520,.F.);
#2520 = EDGE_CURVE('',#2302,#2426,#2521,.T.);
#2521 = LINE('',#2522,#2523);
#2522 = CARTESIAN_POINT('',(0.545,-0.4,-2.775557561563E-17));
#2523 = VECTOR('',#2524,1.);
#2524 = DIRECTION('',(0.,1.,0.));
#2525 = ORIENTED_EDGE('',*,*,#2311,.F.);
#2526 = CYLINDRICAL_SURFACE('',#2527,4.5E-02);
#2527 = AXIS2_PLACEMENT_3D('',#2528,#2529,#2530);
#2528 = CARTESIAN_POINT('',(0.545,-0.4,4.5E-02));
#2529 = DIRECTION('',(0.,1.,0.));
#2530 = DIRECTION('',(-1.,0.,0.));
#2531 = ADVANCED_FACE('',(#2532),#2543,.F.);
#2532 = FACE_BOUND('',#2533,.F.);
#2533 = EDGE_LOOP('',(#2534,#2535,#2536,#2537));
#2534 = ORIENTED_EDGE('',*,*,#2425,.F.);
#2535 = ORIENTED_EDGE('',*,*,#2520,.F.);
#2536 = ORIENTED_EDGE('',*,*,#2301,.T.);
#2537 = ORIENTED_EDGE('',*,*,#2538,.T.);
#2538 = EDGE_CURVE('',#2304,#2428,#2539,.T.);
#2539 = LINE('',#2540,#2541);
#2540 = CARTESIAN_POINT('',(0.755,-0.4,-2.775557561563E-17));
#2541 = VECTOR('',#2542,1.);
#2542 = DIRECTION('',(0.,1.,0.));
#2543 = PLANE('',#2544);
#2544 = AXIS2_PLACEMENT_3D('',#2545,#2546,#2547);
#2545 = CARTESIAN_POINT('',(0.5,-0.4,0.));
#2546 = DIRECTION('',(0.,0.,1.));
#2547 = DIRECTION('',(1.,0.,-0.));
#2548 = ADVANCED_FACE('',(#2549),#2560,.T.);
#2549 = FACE_BOUND('',#2550,.T.);
#2550 = EDGE_LOOP('',(#2551,#2552,#2553,#2554));
#2551 = ORIENTED_EDGE('',*,*,#2355,.T.);
#2552 = ORIENTED_EDGE('',*,*,#2538,.T.);
#2553 = ORIENTED_EDGE('',*,*,#2479,.F.);
#2554 = ORIENTED_EDGE('',*,*,#2555,.F.);
#2555 = EDGE_CURVE('',#2348,#2472,#2556,.T.);
#2556 = LINE('',#2557,#2558);
#2557 = CARTESIAN_POINT('',(0.8,-0.4,4.5E-02));
#2558 = VECTOR('',#2559,1.);
#2559 = DIRECTION('',(0.,1.,0.));
#2560 = CYLINDRICAL_SURFACE('',#2561,4.5E-02);
#2561 = AXIS2_PLACEMENT_3D('',#2562,#2563,#2564);
#2562 = CARTESIAN_POINT('',(0.755,-0.4,4.5E-02));
#2563 = DIRECTION('',(0.,1.,0.));
#2564 = DIRECTION('',(1.,0.,0.));
#2565 = ADVANCED_FACE('',(#2566),#2577,.T.);
#2566 = FACE_BOUND('',#2567,.T.);
#2567 = EDGE_LOOP('',(#2568,#2569,#2570,#2571));
#2568 = ORIENTED_EDGE('',*,*,#2347,.F.);
#2569 = ORIENTED_EDGE('',*,*,#2555,.T.);
#2570 = ORIENTED_EDGE('',*,*,#2471,.T.);
#2571 = ORIENTED_EDGE('',*,*,#2572,.F.);
#2572 = EDGE_CURVE('',#2339,#2463,#2573,.T.);
#2573 = LINE('',#2574,#2575);
#2574 = CARTESIAN_POINT('',(0.8,-0.4,0.405));
#2575 = VECTOR('',#2576,1.);
#2576 = DIRECTION('',(0.,1.,0.));
#2577 = PLANE('',#2578);
#2578 = AXIS2_PLACEMENT_3D('',#2579,#2580,#2581);
#2579 = CARTESIAN_POINT('',(0.8,-0.4,0.));
#2580 = DIRECTION('',(1.,0.,0.));
#2581 = DIRECTION('',(0.,0.,1.));
#2582 = ADVANCED_FACE('',(#2583),#2594,.T.);
#2583 = FACE_BOUND('',#2584,.T.);
#2584 = EDGE_LOOP('',(#2585,#2586,#2587,#2593));
#2585 = ORIENTED_EDGE('',*,*,#2572,.T.);
#2586 = ORIENTED_EDGE('',*,*,#2462,.T.);
#2587 = ORIENTED_EDGE('',*,*,#2588,.F.);
#2588 = EDGE_CURVE('',#2331,#2455,#2589,.T.);
#2589 = LINE('',#2590,#2591);
#2590 = CARTESIAN_POINT('',(0.755,-0.4,0.45));
#2591 = VECTOR('',#2592,1.);
#2592 = DIRECTION('',(0.,1.,0.));
#2593 = ORIENTED_EDGE('',*,*,#2338,.F.);
#2594 = CYLINDRICAL_SURFACE('',#2595,4.5E-02);
#2595 = AXIS2_PLACEMENT_3D('',#2596,#2597,#2598);
#2596 = CARTESIAN_POINT('',(0.755,-0.4,0.405));
#2597 = DIRECTION('',(0.,1.,0.));
#2598 = DIRECTION('',(1.,0.,0.));
#2599 = ADVANCED_FACE('',(#2600),#2611,.T.);
#2600 = FACE_BOUND('',#2601,.T.);
#2601 = EDGE_LOOP('',(#2602,#2603,#2609,#2610));
#2602 = ORIENTED_EDGE('',*,*,#2454,.F.);
#2603 = ORIENTED_EDGE('',*,*,#2604,.F.);
#2604 = EDGE_CURVE('',#2322,#2446,#2605,.T.);
#2605 = LINE('',#2606,#2607);
#2606 = CARTESIAN_POINT('',(0.545,-0.4,0.45));
#2607 = VECTOR('',#2608,1.);
#2608 = DIRECTION('',(0.,1.,0.));
#2609 = ORIENTED_EDGE('',*,*,#2330,.T.);
#2610 = ORIENTED_EDGE('',*,*,#2588,.T.);
#2611 = PLANE('',#2612);
#2612 = AXIS2_PLACEMENT_3D('',#2613,#2614,#2615);
#2613 = CARTESIAN_POINT('',(0.5,-0.4,0.45));
#2614 = DIRECTION('',(0.,0.,1.));
#2615 = DIRECTION('',(1.,0.,-0.));
#2616 = ADVANCED_FACE('',(#2617),#2628,.T.);
#2617 = FACE_BOUND('',#2618,.T.);
#2618 = EDGE_LOOP('',(#2619,#2620,#2621,#2622));
#2619 = ORIENTED_EDGE('',*,*,#2321,.T.);
#2620 = ORIENTED_EDGE('',*,*,#2604,.T.);
#2621 = ORIENTED_EDGE('',*,*,#2445,.F.);
#2622 = ORIENTED_EDGE('',*,*,#2623,.F.);
#2623 = EDGE_CURVE('',#2156,#2239,#2624,.T.);
#2624 = LINE('',#2625,#2626);
#2625 = CARTESIAN_POINT('',(0.5,-0.4,0.405));
#2626 = VECTOR('',#2627,1.);
#2627 = DIRECTION('',(0.,1.,0.));
#2628 = CYLINDRICAL_SURFACE('',#2629,4.5E-02);
#2629 = AXIS2_PLACEMENT_3D('',#2630,#2631,#2632);
#2630 = CARTESIAN_POINT('',(0.545,-0.4,0.405));
#2631 = DIRECTION('',(0.,1.,0.));
#2632 = DIRECTION('',(-1.,0.,0.));
#2633 = ADVANCED_FACE('',(#2634),#2645,.T.);
#2634 = FACE_BOUND('',#2635,.T.);
#2635 = EDGE_LOOP('',(#2636,#2637,#2638,#2639));
#2636 = ORIENTED_EDGE('',*,*,#2387,.F.);
#2637 = ORIENTED_EDGE('',*,*,#2623,.T.);
#2638 = ORIENTED_EDGE('',*,*,#2504,.T.);
#2639 = ORIENTED_EDGE('',*,*,#2640,.F.);
#2640 = EDGE_CURVE('',#2380,#2497,#2641,.T.);
#2641 = LINE('',#2642,#2643);
#2642 = CARTESIAN_POINT('',(0.5,-0.4,0.45));
#2643 = VECTOR('',#2644,1.);
#2644 = DIRECTION('',(0.,1.,0.));
#2645 = PLANE('',#2646);
#2646 = AXIS2_PLACEMENT_3D('',#2647,#2648,#2649);
#2647 = CARTESIAN_POINT('',(0.5,-0.4,0.405));
#2648 = DIRECTION('',(1.,0.,0.));
#2649 = DIRECTION('',(0.,0.,1.));
#2650 = ADVANCED_FACE('',(#2651),#2657,.T.);
#2651 = FACE_BOUND('',#2652,.T.);
#2652 = EDGE_LOOP('',(#2653,#2654,#2655,#2656));
#2653 = ORIENTED_EDGE('',*,*,#2411,.F.);
#2654 = ORIENTED_EDGE('',*,*,#2379,.T.);
#2655 = ORIENTED_EDGE('',*,*,#2640,.T.);
#2656 = ORIENTED_EDGE('',*,*,#2496,.F.);
#2657 = PLANE('',#2658);
#2658 = AXIS2_PLACEMENT_3D('',#2659,#2660,#2661);
#2659 = CARTESIAN_POINT('',(-0.5,-0.4,0.45));
#2660 = DIRECTION('',(0.,0.,1.));
#2661 = DIRECTION('',(1.,0.,-0.));
#2662 = ( GEOMETRIC_REPRESENTATION_CONTEXT(3) 
GLOBAL_UNCERTAINTY_ASSIGNED_CONTEXT((#2666)) 
GLOBAL_UNIT_ASSIGNED_CONTEXT((#2663,#2664,#2665)) REPRESENTATION_CONTEXT
('Context #1','3D Context with UNIT and UNCERTAINTY') );
#2663 = ( LENGTH_UNIT() NAMED_UNIT(*) SI_UNIT(.MILLI.,.METRE.) );
#2664 = ( NAMED_UNIT(*) PLANE_ANGLE_UNIT() SI_UNIT($,.RADIAN.) );
#2665 = ( NAMED_UNIT(*) SI_UNIT($,.STERADIAN.) SOLID_ANGLE_UNIT() );
#2666 = UNCERTAINTY_MEASURE_WITH_UNIT(LENGTH_MEASURE(1.E-07),#2663,
  'distance_accuracy_value','confusion accuracy');
#2667 = CONTEXT_DEPENDENT_SHAPE_REPRESENTATION(#2668,#2670);
#2668 = ( REPRESENTATION_RELATIONSHIP('','',#1871,#1848) 
REPRESENTATION_RELATIONSHIP_WITH_TRANSFORMATION(#2669) 
SHAPE_REPRESENTATION_RELATIONSHIP() );
#2669 = ITEM_DEFINED_TRANSFORMATION('','',#11,#1849);
#2670 = PRODUCT_DEFINITION_SHAPE('Placement','Placement of an item',
  #2671);
#2671 = NEXT_ASSEMBLY_USAGE_OCCURRENCE('5','=>[0:1:1:7]','',#1843,#1866,
  $);
#2672 = PRODUCT_RELATED_PRODUCT_CATEGORY('part',$,(#1868));
#2673 = CONTEXT_DEPENDENT_SHAPE_REPRESENTATION(#2674,#2676);
#2674 = ( REPRESENTATION_RELATIONSHIP('','',#1848,#10) 
REPRESENTATION_RELATIONSHIP_WITH_TRANSFORMATION(#2675) 
SHAPE_REPRESENTATION_RELATIONSHIP() );
#2675 = ITEM_DEFINED_TRANSFORMATION('','',#11,#27);
#2676 = PRODUCT_DEFINITION_SHAPE('Placement','Placement of an item',
  #2677);
#2677 = NEXT_ASSEMBLY_USAGE_OCCURRENCE('7','R2','',#5,#1843,$);
#2678 = SHAPE_DEFINITION_REPRESENTATION(#2679,#2685);
#2679 = PRODUCT_DEFINITION_SHAPE('','',#2680);
#2680 = PRODUCT_DEFINITION('design','',#2681,#2684);
#2681 = PRODUCT_DEFINITION_FORMATION('','',#2682);
#2682 = PRODUCT('TSSOP-14_4.4x5mm_P0.65mm','TSSOP-14_4.4x5mm_P0.65mm',''
  ,(#2683));
#2683 = PRODUCT_CONTEXT('',#2,'mechanical');
#2684 = PRODUCT_DEFINITION_CONTEXT('part definition',#2,'design');
#2685 = SHAPE_REPRESENTATION('',(#11,#2686),#2690);
#2686 = AXIS2_PLACEMENT_3D('',#2687,#2688,#2689);
#2687 = CARTESIAN_POINT('',(0.,0.,0.));
#2688 = DIRECTION('',(0.,0.,1.));
#2689 = DIRECTION('',(1.,0.,-0.));
#2690 = ( GEOMETRIC_REPRESENTATION_CONTEXT(3) 
GLOBAL_UNCERTAINTY_ASSIGNED_CONTEXT((#2694)) 
GLOBAL_UNIT_ASSIGNED_CONTEXT((#2691,#2692,#2693)) REPRESENTATION_CONTEXT
('Context #1','3D Context with UNIT and UNCERTAINTY') );
#2691 = ( LENGTH_UNIT() NAMED_UNIT(*) SI_UNIT(.MILLI.,.METRE.) );
#2692 = ( NAMED_UNIT(*) PLANE_ANGLE_UNIT() SI_UNIT($,.RADIAN.) );
#2693 = ( NAMED_UNIT(*) SI_UNIT($,.STERADIAN.) SOLID_ANGLE_UNIT() );
#2694 = UNCERTAINTY_MEASURE_WITH_UNIT(LENGTH_MEASURE(1.E-07),#2691,
  'distance_accuracy_value','confusion accuracy');
#2695 = CONTEXT_DEPENDENT_SHAPE_REPRESENTATION(#2696,#2698);
#2696 = ( REPRESENTATION_RELATIONSHIP('','',#2685,#10) 
REPRESENTATION_RELATIONSHIP_WITH_TRANSFORMATION(#2697) 
SHAPE_REPRESENTATION_RELATIONSHIP() );
#2697 = ITEM_DEFINED_TRANSFORMATION('','',#11,#31);
#2698 = PRODUCT_DEFINITION_SHAPE('Placement','Placement of an item',
  #2699);
#2699 = NEXT_ASSEMBLY_USAGE_OCCURRENCE('9','U1','',#5,#2680,$);
#2700 = PRODUCT_RELATED_PRODUCT_CATEGORY('part',$,(#2682));
#2701 = SHAPE_DEFINITION_REPRESENTATION(#2702,#2708);
#2702 = PRODUCT_DEFINITION_SHAPE('','',#2703);
#2703 = PRODUCT_DEFINITION('design','',#2704,#2707);
#2704 = PRODUCT_DEFINITION_FORMATION('','',#2705);
#2705 = PRODUCT('TSSOP-14_4.4x5mm_P0.65mm','TSSOP-14_4.4x5mm_P0.65mm',''
  ,(#2706));
#2706 = PRODUCT_CONTEXT('',#2,'mechanical');
#2707 = PRODUCT_DEFINITION_CONTEXT('part definition',#2,'design');
#2708 = ADVANCED_BREP_SHAPE_REPRESENTATION('',(#11,#2709),#9981);
#2709 = MANIFOLD_SOLID_BREP('',#2710);
#2710 = CLOSED_SHELL('',(#2711,#2749,#2812,#2835,#2864,#2887,#3022,#3157
    ,#3180,#3203,#3220,#3243,#3331,#3347,#3377,#3408,#3439,#3470,#3501,
    #3532,#3563,#3594,#3625,#3656,#3687,#3718,#3749,#3780,#3797,#3814,
    #3845,#3876,#3907,#3938,#3969,#4000,#4031,#4062,#4093,#4124,#4155,
    #4186,#4217,#4247,#4270,#4293,#4310,#4355,#4489,#4512,#4535,#4558,
    #4693,#4731,#4780,#4872,#4897,#4981,#5003,#5095,#5120,#5204,#5226,
    #5318,#5343,#5427,#5449,#5541,#5566,#5650,#5672,#5764,#5789,#5873,
    #5895,#5987,#6012,#6096,#6113,#6198,#6223,#6300,#6385,#6410,#6487,
    #6504,#6596,#6621,#6705,#6727,#6819,#6844,#6928,#6950,#7042,#7067,
    #7151,#7173,#7265,#7290,#7374,#7396,#7488,#7513,#7597,#7619,#7711,
    #7736,#7820,#7837,#7856,#7875,#7894,#7913,#7932,#7951,#7997,#8013,
    #8032,#8051,#8070,#8089,#8108,#8127,#8143,#8160,#8172,#8189,#8206,
    #8223,#8240,#8257,#8274,#8291,#8303,#8320,#8337,#8354,#8371,#8388,
    #8405,#8422,#8434,#8451,#8468,#8485,#8502,#8519,#8536,#8553,#8565,
    #8582,#8599,#8616,#8633,#8650,#8667,#8684,#8696,#8713,#8730,#8747,
    #8764,#8781,#8798,#8815,#8827,#8844,#8861,#8878,#8895,#8912,#8929,
    #8946,#8958,#8975,#8992,#9009,#9026,#9043,#9060,#9072,#9089,#9106,
    #9123,#9140,#9157,#9174,#9186,#9203,#9220,#9237,#9254,#9271,#9288,
    #9305,#9317,#9334,#9351,#9368,#9385,#9402,#9419,#9436,#9448,#9465,
    #9482,#9499,#9516,#9533,#9550,#9567,#9579,#9596,#9613,#9630,#9647,
    #9664,#9681,#9698,#9710,#9727,#9744,#9761,#9778,#9795,#9812,#9829,
    #9841,#9858,#9875,#9892,#9909,#9926,#9943,#9960,#9972));
#2711 = ADVANCED_FACE('',(#2712),#2744,.F.);
#2712 = FACE_BOUND('',#2713,.F.);
#2713 = EDGE_LOOP('',(#2714,#2724,#2731,#2739));
#2714 = ORIENTED_EDGE('',*,*,#2715,.T.);
#2715 = EDGE_CURVE('',#2716,#2718,#2720,.T.);
#2716 = VERTEX_POINT('',#2717);
#2717 = CARTESIAN_POINT('',(-1.960145644687,2.420291289374,0.1));
#2718 = VERTEX_POINT('',#2719);
#2719 = CARTESIAN_POINT('',(1.960145644687,2.420291289374,0.1));
#2720 = LINE('',#2721,#2722);
#2721 = CARTESIAN_POINT('',(-1.960145644687,2.420291289374,0.1));
#2722 = VECTOR('',#2723,1.);
#2723 = DIRECTION('',(1.,1.110223024625E-16,0.));
#2724 = ORIENTED_EDGE('',*,*,#2725,.T.);
#2725 = EDGE_CURVE('',#2718,#2726,#2728,.T.);
#2726 = VERTEX_POINT('',#2727);
#2727 = CARTESIAN_POINT('',(2.,2.5,0.475));
#2728 = B_SPLINE_CURVE_WITH_KNOTS('',1,(#2729,#2730),.UNSPECIFIED.,.F.,
  .F.,(2,2),(0.,1.),.PIECEWISE_BEZIER_KNOTS.);
#2729 = CARTESIAN_POINT('',(1.960145644687,2.420291289374,0.1));
#2730 = CARTESIAN_POINT('',(2.,2.5,0.475));
#2731 = ORIENTED_EDGE('',*,*,#2732,.F.);
#2732 = EDGE_CURVE('',#2733,#2726,#2735,.T.);
#2733 = VERTEX_POINT('',#2734);
#2734 = CARTESIAN_POINT('',(-2.,2.5,0.475));
#2735 = LINE('',#2736,#2737);
#2736 = CARTESIAN_POINT('',(-2.,2.5,0.475));
#2737 = VECTOR('',#2738,1.);
#2738 = DIRECTION('',(1.,1.110223024625E-16,0.));
#2739 = ORIENTED_EDGE('',*,*,#2740,.F.);
#2740 = EDGE_CURVE('',#2716,#2733,#2741,.T.);
#2741 = B_SPLINE_CURVE_WITH_KNOTS('',1,(#2742,#2743),.UNSPECIFIED.,.F.,
  .F.,(2,2),(0.,1.),.PIECEWISE_BEZIER_KNOTS.);
#2742 = CARTESIAN_POINT('',(-1.960145644687,2.420291289374,0.1));
#2743 = CARTESIAN_POINT('',(-2.,2.5,0.475));
#2744 = B_SPLINE_SURFACE_WITH_KNOTS('',1,1,(
    (#2745,#2746)
    ,(#2747,#2748
    )),.UNSPECIFIED.,.F.,.F.,.F.,(2,2),(2,2),(0.,4.),(0.,1.),
  .PIECEWISE_BEZIER_KNOTS.);
#2745 = CARTESIAN_POINT('',(-1.960145644687,2.420291289374,0.1));
#2746 = CARTESIAN_POINT('',(-2.,2.5,0.475));
#2747 = CARTESIAN_POINT('',(1.960145644687,2.420291289374,0.1));
#2748 = CARTESIAN_POINT('',(2.,2.5,0.475));
#2749 = ADVANCED_FACE('',(#2750),#2807,.T.);
#2750 = FACE_BOUND('',#2751,.T.);
#2751 = EDGE_LOOP('',(#2752,#2753,#2761,#2769,#2777,#2785,#2793,#2801));
#2752 = ORIENTED_EDGE('',*,*,#2715,.T.);
#2753 = ORIENTED_EDGE('',*,*,#2754,.T.);
#2754 = EDGE_CURVE('',#2718,#2755,#2757,.T.);
#2755 = VERTEX_POINT('',#2756);
#2756 = CARTESIAN_POINT('',(2.120291289374,2.260145644687,0.1));
#2757 = LINE('',#2758,#2759);
#2758 = CARTESIAN_POINT('',(1.960145644687,2.420291289374,0.1));
#2759 = VECTOR('',#2760,1.);
#2760 = DIRECTION('',(0.707106781187,-0.707106781187,0.));
#2761 = ORIENTED_EDGE('',*,*,#2762,.T.);
#2762 = EDGE_CURVE('',#2755,#2763,#2765,.T.);
#2763 = VERTEX_POINT('',#2764);
#2764 = CARTESIAN_POINT('',(2.120291289374,-2.260145644687,0.1));
#2765 = LINE('',#2766,#2767);
#2766 = CARTESIAN_POINT('',(2.120291289374,2.260145644687,0.1));
#2767 = VECTOR('',#2768,1.);
#2768 = DIRECTION('',(1.110223024625E-16,-1.,0.));
#2769 = ORIENTED_EDGE('',*,*,#2770,.T.);
#2770 = EDGE_CURVE('',#2763,#2771,#2773,.T.);
#2771 = VERTEX_POINT('',#2772);
#2772 = CARTESIAN_POINT('',(1.960145644687,-2.420291289374,0.1));
#2773 = LINE('',#2774,#2775);
#2774 = CARTESIAN_POINT('',(2.120291289374,-2.260145644687,0.1));
#2775 = VECTOR('',#2776,1.);
#2776 = DIRECTION('',(-0.707106781187,-0.707106781187,0.));
#2777 = ORIENTED_EDGE('',*,*,#2778,.T.);
#2778 = EDGE_CURVE('',#2771,#2779,#2781,.T.);
#2779 = VERTEX_POINT('',#2780);
#2780 = CARTESIAN_POINT('',(-1.960145644687,-2.420291289374,0.1));
#2781 = LINE('',#2782,#2783);
#2782 = CARTESIAN_POINT('',(1.960145644687,-2.420291289374,0.1));
#2783 = VECTOR('',#2784,1.);
#2784 = DIRECTION('',(-1.,-1.110223024625E-16,0.));
#2785 = ORIENTED_EDGE('',*,*,#2786,.T.);
#2786 = EDGE_CURVE('',#2779,#2787,#2789,.T.);
#2787 = VERTEX_POINT('',#2788);
#2788 = CARTESIAN_POINT('',(-2.120291289374,-2.260145644687,0.1));
#2789 = LINE('',#2790,#2791);
#2790 = CARTESIAN_POINT('',(-1.960145644687,-2.420291289374,0.1));
#2791 = VECTOR('',#2792,1.);
#2792 = DIRECTION('',(-0.707106781187,0.707106781187,0.));
#2793 = ORIENTED_EDGE('',*,*,#2794,.T.);
#2794 = EDGE_CURVE('',#2787,#2795,#2797,.T.);
#2795 = VERTEX_POINT('',#2796);
#2796 = CARTESIAN_POINT('',(-2.120291289374,2.260145644687,0.1));
#2797 = LINE('',#2798,#2799);
#2798 = CARTESIAN_POINT('',(-2.120291289374,-2.260145644687,0.1));
#2799 = VECTOR('',#2800,1.);
#2800 = DIRECTION('',(-1.110223024625E-16,1.,0.));
#2801 = ORIENTED_EDGE('',*,*,#2802,.T.);
#2802 = EDGE_CURVE('',#2795,#2716,#2803,.T.);
#2803 = LINE('',#2804,#2805);
#2804 = CARTESIAN_POINT('',(-2.120291289374,2.260145644687,0.1));
#2805 = VECTOR('',#2806,1.);
#2806 = DIRECTION('',(0.707106781187,0.707106781187,0.));
#2807 = PLANE('',#2808);
#2808 = AXIS2_PLACEMENT_3D('',#2809,#2810,#2811);
#2809 = CARTESIAN_POINT('',(-1.960145644687,2.420291289374,0.1));
#2810 = DIRECTION('',(0.,0.,-1.));
#2811 = DIRECTION('',(0.62936545726,-0.777109465396,0.));
#2812 = ADVANCED_FACE('',(#2813),#2830,.F.);
#2813 = FACE_BOUND('',#2814,.F.);
#2814 = EDGE_LOOP('',(#2815,#2816,#2823,#2829));
#2815 = ORIENTED_EDGE('',*,*,#2754,.T.);
#2816 = ORIENTED_EDGE('',*,*,#2817,.T.);
#2817 = EDGE_CURVE('',#2755,#2818,#2820,.T.);
#2818 = VERTEX_POINT('',#2819);
#2819 = CARTESIAN_POINT('',(2.2,2.3,0.475));
#2820 = B_SPLINE_CURVE_WITH_KNOTS('',1,(#2821,#2822),.UNSPECIFIED.,.F.,
  .F.,(2,2),(0.,1.),.PIECEWISE_BEZIER_KNOTS.);
#2821 = CARTESIAN_POINT('',(2.120291289374,2.260145644687,0.1));
#2822 = CARTESIAN_POINT('',(2.2,2.3,0.475));
#2823 = ORIENTED_EDGE('',*,*,#2824,.F.);
#2824 = EDGE_CURVE('',#2726,#2818,#2825,.T.);
#2825 = LINE('',#2826,#2827);
#2826 = CARTESIAN_POINT('',(2.,2.5,0.475));
#2827 = VECTOR('',#2828,1.);
#2828 = DIRECTION('',(0.707106781187,-0.707106781187,0.));
#2829 = ORIENTED_EDGE('',*,*,#2725,.F.);
#2830 = B_SPLINE_SURFACE_WITH_KNOTS('',1,1,(
    (#2831,#2832)
    ,(#2833,#2834
    )),.UNSPECIFIED.,.F.,.F.,.F.,(2,2),(2,2),(0.,0.282842712475),(0.,1.)
  ,.PIECEWISE_BEZIER_KNOTS.);
#2831 = CARTESIAN_POINT('',(1.960145644687,2.420291289374,0.1));
#2832 = CARTESIAN_POINT('',(2.,2.5,0.475));
#2833 = CARTESIAN_POINT('',(2.120291289374,2.260145644687,0.1));
#2834 = CARTESIAN_POINT('',(2.2,2.3,0.475));
#2835 = ADVANCED_FACE('',(#2836),#2859,.F.);
#2836 = FACE_BOUND('',#2837,.F.);
#2837 = EDGE_LOOP('',(#2838,#2839,#2846,#2854));
#2838 = ORIENTED_EDGE('',*,*,#2732,.T.);
#2839 = ORIENTED_EDGE('',*,*,#2840,.T.);
#2840 = EDGE_CURVE('',#2726,#2841,#2843,.T.);
#2841 = VERTEX_POINT('',#2842);
#2842 = CARTESIAN_POINT('',(2.,2.5,0.625));
#2843 = B_SPLINE_CURVE_WITH_KNOTS('',1,(#2844,#2845),.UNSPECIFIED.,.F.,
  .F.,(2,2),(0.,1.),.PIECEWISE_BEZIER_KNOTS.);
#2844 = CARTESIAN_POINT('',(2.,2.5,0.475));
#2845 = CARTESIAN_POINT('',(2.,2.5,0.625));
#2846 = ORIENTED_EDGE('',*,*,#2847,.F.);
#2847 = EDGE_CURVE('',#2848,#2841,#2850,.T.);
#2848 = VERTEX_POINT('',#2849);
#2849 = CARTESIAN_POINT('',(-2.,2.5,0.625));
#2850 = LINE('',#2851,#2852);
#2851 = CARTESIAN_POINT('',(-2.,2.5,0.625));
#2852 = VECTOR('',#2853,1.);
#2853 = DIRECTION('',(1.,1.110223024625E-16,0.));
#2854 = ORIENTED_EDGE('',*,*,#2855,.F.);
#2855 = EDGE_CURVE('',#2733,#2848,#2856,.T.);
#2856 = B_SPLINE_CURVE_WITH_KNOTS('',1,(#2857,#2858),.UNSPECIFIED.,.F.,
  .F.,(2,2),(0.,1.),.PIECEWISE_BEZIER_KNOTS.);
#2857 = CARTESIAN_POINT('',(-2.,2.5,0.475));
#2858 = CARTESIAN_POINT('',(-2.,2.5,0.625));
#2859 = PLANE('',#2860);
#2860 = AXIS2_PLACEMENT_3D('',#2861,#2862,#2863);
#2861 = CARTESIAN_POINT('',(-2.,2.5,0.625));
#2862 = DIRECTION('',(1.110223024625E-16,-1.,0.));
#2863 = DIRECTION('',(1.,1.110223024625E-16,0.));
#2864 = ADVANCED_FACE('',(#2865),#2882,.F.);
#2865 = FACE_BOUND('',#2866,.F.);
#2866 = EDGE_LOOP('',(#2867,#2868,#2869,#2877));
#2867 = ORIENTED_EDGE('',*,*,#2802,.T.);
#2868 = ORIENTED_EDGE('',*,*,#2740,.T.);
#2869 = ORIENTED_EDGE('',*,*,#2870,.F.);
#2870 = EDGE_CURVE('',#2871,#2733,#2873,.T.);
#2871 = VERTEX_POINT('',#2872);
#2872 = CARTESIAN_POINT('',(-2.2,2.3,0.475));
#2873 = LINE('',#2874,#2875);
#2874 = CARTESIAN_POINT('',(-2.2,2.3,0.475));
#2875 = VECTOR('',#2876,1.);
#2876 = DIRECTION('',(0.707106781187,0.707106781187,0.));
#2877 = ORIENTED_EDGE('',*,*,#2878,.F.);
#2878 = EDGE_CURVE('',#2795,#2871,#2879,.T.);
#2879 = B_SPLINE_CURVE_WITH_KNOTS('',1,(#2880,#2881),.UNSPECIFIED.,.F.,
  .F.,(2,2),(0.,1.),.PIECEWISE_BEZIER_KNOTS.);
#2880 = CARTESIAN_POINT('',(-2.120291289374,2.260145644687,0.1));
#2881 = CARTESIAN_POINT('',(-2.2,2.3,0.475));
#2882 = B_SPLINE_SURFACE_WITH_KNOTS('',1,1,(
    (#2883,#2884)
    ,(#2885,#2886
    )),.UNSPECIFIED.,.F.,.F.,.F.,(2,2),(2,2),(0.,0.282842712475),(0.,1.)
  ,.PIECEWISE_BEZIER_KNOTS.);
#2883 = CARTESIAN_POINT('',(-2.120291289374,2.260145644687,0.1));
#2884 = CARTESIAN_POINT('',(-2.2,2.3,0.475));
#2885 = CARTESIAN_POINT('',(-1.960145644687,2.420291289374,0.1));
#2886 = CARTESIAN_POINT('',(-2.,2.5,0.475));
#2887 = ADVANCED_FACE('',(#2888),#3017,.F.);
#2888 = FACE_BOUND('',#2889,.F.);
#2889 = EDGE_LOOP('',(#2890,#2891,#2892,#2900,#2908,#2916,#2924,#2932,
    #2940,#2948,#2956,#2964,#2972,#2980,#2988,#2996,#3004,#3012));
#2890 = ORIENTED_EDGE('',*,*,#2794,.T.);
#2891 = ORIENTED_EDGE('',*,*,#2878,.T.);
#2892 = ORIENTED_EDGE('',*,*,#2893,.F.);
#2893 = EDGE_CURVE('',#2894,#2871,#2896,.T.);
#2894 = VERTEX_POINT('',#2895);
#2895 = CARTESIAN_POINT('',(-2.2,2.08,0.475));
#2896 = LINE('',#2897,#2898);
#2897 = CARTESIAN_POINT('',(-2.2,-2.3,0.475));
#2898 = VECTOR('',#2899,1.);
#2899 = DIRECTION('',(-1.110223024625E-16,1.,0.));
#2900 = ORIENTED_EDGE('',*,*,#2901,.F.);
#2901 = EDGE_CURVE('',#2902,#2894,#2904,.T.);
#2902 = VERTEX_POINT('',#2903);
#2903 = CARTESIAN_POINT('',(-2.2,1.82,0.475));
#2904 = LINE('',#2905,#2906);
#2905 = CARTESIAN_POINT('',(-2.2,-2.3,0.475));
#2906 = VECTOR('',#2907,1.);
#2907 = DIRECTION('',(-1.110223024625E-16,1.,0.));
#2908 = ORIENTED_EDGE('',*,*,#2909,.F.);
#2909 = EDGE_CURVE('',#2910,#2902,#2912,.T.);
#2910 = VERTEX_POINT('',#2911);
#2911 = CARTESIAN_POINT('',(-2.2,1.43,0.475));
#2912 = LINE('',#2913,#2914);
#2913 = CARTESIAN_POINT('',(-2.2,-2.3,0.475));
#2914 = VECTOR('',#2915,1.);
#2915 = DIRECTION('',(-1.110223024625E-16,1.,0.));
#2916 = ORIENTED_EDGE('',*,*,#2917,.F.);
#2917 = EDGE_CURVE('',#2918,#2910,#2920,.T.);
#2918 = VERTEX_POINT('',#2919);
#2919 = CARTESIAN_POINT('',(-2.2,1.17,0.475));
#2920 = LINE('',#2921,#2922);
#2921 = CARTESIAN_POINT('',(-2.2,-2.3,0.475));
#2922 = VECTOR('',#2923,1.);
#2923 = DIRECTION('',(-1.110223024625E-16,1.,0.));
#2924 = ORIENTED_EDGE('',*,*,#2925,.F.);
#2925 = EDGE_CURVE('',#2926,#2918,#2928,.T.);
#2926 = VERTEX_POINT('',#2927);
#2927 = CARTESIAN_POINT('',(-2.2,0.78,0.475));
#2928 = LINE('',#2929,#2930);
#2929 = CARTESIAN_POINT('',(-2.2,-2.3,0.475));
#2930 = VECTOR('',#2931,1.);
#2931 = DIRECTION('',(-1.110223024625E-16,1.,0.));
#2932 = ORIENTED_EDGE('',*,*,#2933,.F.);
#2933 = EDGE_CURVE('',#2934,#2926,#2936,.T.);
#2934 = VERTEX_POINT('',#2935);
#2935 = CARTESIAN_POINT('',(-2.2,0.52,0.475));
#2936 = LINE('',#2937,#2938);
#2937 = CARTESIAN_POINT('',(-2.2,-2.3,0.475));
#2938 = VECTOR('',#2939,1.);
#2939 = DIRECTION('',(-1.110223024625E-16,1.,0.));
#2940 = ORIENTED_EDGE('',*,*,#2941,.F.);
#2941 = EDGE_CURVE('',#2942,#2934,#2944,.T.);
#2942 = VERTEX_POINT('',#2943);
#2943 = CARTESIAN_POINT('',(-2.2,0.13,0.475));
#2944 = LINE('',#2945,#2946);
#2945 = CARTESIAN_POINT('',(-2.2,-2.3,0.475));
#2946 = VECTOR('',#2947,1.);
#2947 = DIRECTION('',(-1.110223024625E-16,1.,0.));
#2948 = ORIENTED_EDGE('',*,*,#2949,.F.);
#2949 = EDGE_CURVE('',#2950,#2942,#2952,.T.);
#2950 = VERTEX_POINT('',#2951);
#2951 = CARTESIAN_POINT('',(-2.2,-0.13,0.475));
#2952 = LINE('',#2953,#2954);
#2953 = CARTESIAN_POINT('',(-2.2,-2.3,0.475));
#2954 = VECTOR('',#2955,1.);
#2955 = DIRECTION('',(-1.110223024625E-16,1.,0.));
#2956 = ORIENTED_EDGE('',*,*,#2957,.F.);
#2957 = EDGE_CURVE('',#2958,#2950,#2960,.T.);
#2958 = VERTEX_POINT('',#2959);
#2959 = CARTESIAN_POINT('',(-2.2,-0.52,0.475));
#2960 = LINE('',#2961,#2962);
#2961 = CARTESIAN_POINT('',(-2.2,-2.3,0.475));
#2962 = VECTOR('',#2963,1.);
#2963 = DIRECTION('',(-1.110223024625E-16,1.,0.));
#2964 = ORIENTED_EDGE('',*,*,#2965,.F.);
#2965 = EDGE_CURVE('',#2966,#2958,#2968,.T.);
#2966 = VERTEX_POINT('',#2967);
#2967 = CARTESIAN_POINT('',(-2.2,-0.78,0.475));
#2968 = LINE('',#2969,#2970);
#2969 = CARTESIAN_POINT('',(-2.2,-2.3,0.475));
#2970 = VECTOR('',#2971,1.);
#2971 = DIRECTION('',(-1.110223024625E-16,1.,0.));
#2972 = ORIENTED_EDGE('',*,*,#2973,.F.);
#2973 = EDGE_CURVE('',#2974,#2966,#2976,.T.);
#2974 = VERTEX_POINT('',#2975);
#2975 = CARTESIAN_POINT('',(-2.2,-1.17,0.475));
#2976 = LINE('',#2977,#2978);
#2977 = CARTESIAN_POINT('',(-2.2,-2.3,0.475));
#2978 = VECTOR('',#2979,1.);
#2979 = DIRECTION('',(-1.110223024625E-16,1.,0.));
#2980 = ORIENTED_EDGE('',*,*,#2981,.F.);
#2981 = EDGE_CURVE('',#2982,#2974,#2984,.T.);
#2982 = VERTEX_POINT('',#2983);
#2983 = CARTESIAN_POINT('',(-2.2,-1.43,0.475));
#2984 = LINE('',#2985,#2986);
#2985 = CARTESIAN_POINT('',(-2.2,-2.3,0.475));
#2986 = VECTOR('',#2987,1.);
#2987 = DIRECTION('',(-1.110223024625E-16,1.,0.));
#2988 = ORIENTED_EDGE('',*,*,#2989,.F.);
#2989 = EDGE_CURVE('',#2990,#2982,#2992,.T.);
#2990 = VERTEX_POINT('',#2991);
#2991 = CARTESIAN_POINT('',(-2.2,-1.82,0.475));
#2992 = LINE('',#2993,#2994);
#2993 = CARTESIAN_POINT('',(-2.2,-2.3,0.475));
#2994 = VECTOR('',#2995,1.);
#2995 = DIRECTION('',(-1.110223024625E-16,1.,0.));
#2996 = ORIENTED_EDGE('',*,*,#2997,.F.);
#2997 = EDGE_CURVE('',#2998,#2990,#3000,.T.);
#2998 = VERTEX_POINT('',#2999);
#2999 = CARTESIAN_POINT('',(-2.2,-2.08,0.475));
#3000 = LINE('',#3001,#3002);
#3001 = CARTESIAN_POINT('',(-2.2,-2.3,0.475));
#3002 = VECTOR('',#3003,1.);
#3003 = DIRECTION('',(-1.110223024625E-16,1.,0.));
#3004 = ORIENTED_EDGE('',*,*,#3005,.F.);
#3005 = EDGE_CURVE('',#3006,#2998,#3008,.T.);
#3006 = VERTEX_POINT('',#3007);
#3007 = CARTESIAN_POINT('',(-2.2,-2.3,0.475));
#3008 = LINE('',#3009,#3010);
#3009 = CARTESIAN_POINT('',(-2.2,-2.3,0.475));
#3010 = VECTOR('',#3011,1.);
#3011 = DIRECTION('',(-1.110223024625E-16,1.,0.));
#3012 = ORIENTED_EDGE('',*,*,#3013,.F.);
#3013 = EDGE_CURVE('',#2787,#3006,#3014,.T.);
#3014 = B_SPLINE_CURVE_WITH_KNOTS('',1,(#3015,#3016),.UNSPECIFIED.,.F.,
  .F.,(2,2),(0.,1.),.PIECEWISE_BEZIER_KNOTS.);
#3015 = CARTESIAN_POINT('',(-2.120291289374,-2.260145644687,0.1));
#3016 = CARTESIAN_POINT('',(-2.2,-2.3,0.475));
#3017 = B_SPLINE_SURFACE_WITH_KNOTS('',1,1,(
    (#3018,#3019)
    ,(#3020,#3021
    )),.UNSPECIFIED.,.F.,.F.,.F.,(2,2),(2,2),(0.,4.6),(0.,1.),
  .PIECEWISE_BEZIER_KNOTS.);
#3018 = CARTESIAN_POINT('',(-2.120291289374,-2.260145644687,0.1));
#3019 = CARTESIAN_POINT('',(-2.2,-2.3,0.475));
#3020 = CARTESIAN_POINT('',(-2.120291289374,2.260145644687,0.1));
#3021 = CARTESIAN_POINT('',(-2.2,2.3,0.475));
#3022 = ADVANCED_FACE('',(#3023),#3152,.F.);
#3023 = FACE_BOUND('',#3024,.F.);
#3024 = EDGE_LOOP('',(#3025,#3026,#3033,#3041,#3049,#3057,#3065,#3073,
    #3081,#3089,#3097,#3105,#3113,#3121,#3129,#3137,#3145,#3151));
#3025 = ORIENTED_EDGE('',*,*,#2762,.T.);
#3026 = ORIENTED_EDGE('',*,*,#3027,.T.);
#3027 = EDGE_CURVE('',#2763,#3028,#3030,.T.);
#3028 = VERTEX_POINT('',#3029);
#3029 = CARTESIAN_POINT('',(2.2,-2.3,0.475));
#3030 = B_SPLINE_CURVE_WITH_KNOTS('',1,(#3031,#3032),.UNSPECIFIED.,.F.,
  .F.,(2,2),(0.,1.),.PIECEWISE_BEZIER_KNOTS.);
#3031 = CARTESIAN_POINT('',(2.120291289374,-2.260145644687,0.1));
#3032 = CARTESIAN_POINT('',(2.2,-2.3,0.475));
#3033 = ORIENTED_EDGE('',*,*,#3034,.F.);
#3034 = EDGE_CURVE('',#3035,#3028,#3037,.T.);
#3035 = VERTEX_POINT('',#3036);
#3036 = CARTESIAN_POINT('',(2.2,-2.08,0.475));
#3037 = LINE('',#3038,#3039);
#3038 = CARTESIAN_POINT('',(2.2,2.3,0.475));
#3039 = VECTOR('',#3040,1.);
#3040 = DIRECTION('',(1.110223024625E-16,-1.,0.));
#3041 = ORIENTED_EDGE('',*,*,#3042,.F.);
#3042 = EDGE_CURVE('',#3043,#3035,#3045,.T.);
#3043 = VERTEX_POINT('',#3044);
#3044 = CARTESIAN_POINT('',(2.2,-1.82,0.475));
#3045 = LINE('',#3046,#3047);
#3046 = CARTESIAN_POINT('',(2.2,2.3,0.475));
#3047 = VECTOR('',#3048,1.);
#3048 = DIRECTION('',(1.110223024625E-16,-1.,0.));
#3049 = ORIENTED_EDGE('',*,*,#3050,.F.);
#3050 = EDGE_CURVE('',#3051,#3043,#3053,.T.);
#3051 = VERTEX_POINT('',#3052);
#3052 = CARTESIAN_POINT('',(2.2,-1.43,0.475));
#3053 = LINE('',#3054,#3055);
#3054 = CARTESIAN_POINT('',(2.2,2.3,0.475));
#3055 = VECTOR('',#3056,1.);
#3056 = DIRECTION('',(1.110223024625E-16,-1.,0.));
#3057 = ORIENTED_EDGE('',*,*,#3058,.F.);
#3058 = EDGE_CURVE('',#3059,#3051,#3061,.T.);
#3059 = VERTEX_POINT('',#3060);
#3060 = CARTESIAN_POINT('',(2.2,-1.17,0.475));
#3061 = LINE('',#3062,#3063);
#3062 = CARTESIAN_POINT('',(2.2,2.3,0.475));
#3063 = VECTOR('',#3064,1.);
#3064 = DIRECTION('',(1.110223024625E-16,-1.,0.));
#3065 = ORIENTED_EDGE('',*,*,#3066,.F.);
#3066 = EDGE_CURVE('',#3067,#3059,#3069,.T.);
#3067 = VERTEX_POINT('',#3068);
#3068 = CARTESIAN_POINT('',(2.2,-0.78,0.475));
#3069 = LINE('',#3070,#3071);
#3070 = CARTESIAN_POINT('',(2.2,2.3,0.475));
#3071 = VECTOR('',#3072,1.);
#3072 = DIRECTION('',(1.110223024625E-16,-1.,0.));
#3073 = ORIENTED_EDGE('',*,*,#3074,.F.);
#3074 = EDGE_CURVE('',#3075,#3067,#3077,.T.);
#3075 = VERTEX_POINT('',#3076);
#3076 = CARTESIAN_POINT('',(2.2,-0.52,0.475));
#3077 = LINE('',#3078,#3079);
#3078 = CARTESIAN_POINT('',(2.2,2.3,0.475));
#3079 = VECTOR('',#3080,1.);
#3080 = DIRECTION('',(1.110223024625E-16,-1.,0.));
#3081 = ORIENTED_EDGE('',*,*,#3082,.F.);
#3082 = EDGE_CURVE('',#3083,#3075,#3085,.T.);
#3083 = VERTEX_POINT('',#3084);
#3084 = CARTESIAN_POINT('',(2.2,-0.13,0.475));
#3085 = LINE('',#3086,#3087);
#3086 = CARTESIAN_POINT('',(2.2,2.3,0.475));
#3087 = VECTOR('',#3088,1.);
#3088 = DIRECTION('',(1.110223024625E-16,-1.,0.));
#3089 = ORIENTED_EDGE('',*,*,#3090,.F.);
#3090 = EDGE_CURVE('',#3091,#3083,#3093,.T.);
#3091 = VERTEX_POINT('',#3092);
#3092 = CARTESIAN_POINT('',(2.2,0.13,0.475));
#3093 = LINE('',#3094,#3095);
#3094 = CARTESIAN_POINT('',(2.2,2.3,0.475));
#3095 = VECTOR('',#3096,1.);
#3096 = DIRECTION('',(1.110223024625E-16,-1.,0.));
#3097 = ORIENTED_EDGE('',*,*,#3098,.F.);
#3098 = EDGE_CURVE('',#3099,#3091,#3101,.T.);
#3099 = VERTEX_POINT('',#3100);
#3100 = CARTESIAN_POINT('',(2.2,0.52,0.475));
#3101 = LINE('',#3102,#3103);
#3102 = CARTESIAN_POINT('',(2.2,2.3,0.475));
#3103 = VECTOR('',#3104,1.);
#3104 = DIRECTION('',(1.110223024625E-16,-1.,0.));
#3105 = ORIENTED_EDGE('',*,*,#3106,.F.);
#3106 = EDGE_CURVE('',#3107,#3099,#3109,.T.);
#3107 = VERTEX_POINT('',#3108);
#3108 = CARTESIAN_POINT('',(2.2,0.78,0.475));
#3109 = LINE('',#3110,#3111);
#3110 = CARTESIAN_POINT('',(2.2,2.3,0.475));
#3111 = VECTOR('',#3112,1.);
#3112 = DIRECTION('',(1.110223024625E-16,-1.,0.));
#3113 = ORIENTED_EDGE('',*,*,#3114,.F.);
#3114 = EDGE_CURVE('',#3115,#3107,#3117,.T.);
#3115 = VERTEX_POINT('',#3116);
#3116 = CARTESIAN_POINT('',(2.2,1.17,0.475));
#3117 = LINE('',#3118,#3119);
#3118 = CARTESIAN_POINT('',(2.2,2.3,0.475));
#3119 = VECTOR('',#3120,1.);
#3120 = DIRECTION('',(1.110223024625E-16,-1.,0.));
#3121 = ORIENTED_EDGE('',*,*,#3122,.F.);
#3122 = EDGE_CURVE('',#3123,#3115,#3125,.T.);
#3123 = VERTEX_POINT('',#3124);
#3124 = CARTESIAN_POINT('',(2.2,1.43,0.475));
#3125 = LINE('',#3126,#3127);
#3126 = CARTESIAN_POINT('',(2.2,2.3,0.475));
#3127 = VECTOR('',#3128,1.);
#3128 = DIRECTION('',(1.110223024625E-16,-1.,0.));
#3129 = ORIENTED_EDGE('',*,*,#3130,.F.);
#3130 = EDGE_CURVE('',#3131,#3123,#3133,.T.);
#3131 = VERTEX_POINT('',#3132);
#3132 = CARTESIAN_POINT('',(2.2,1.82,0.475));
#3133 = LINE('',#3134,#3135);
#3134 = CARTESIAN_POINT('',(2.2,2.3,0.475));
#3135 = VECTOR('',#3136,1.);
#3136 = DIRECTION('',(1.110223024625E-16,-1.,0.));
#3137 = ORIENTED_EDGE('',*,*,#3138,.F.);
#3138 = EDGE_CURVE('',#3139,#3131,#3141,.T.);
#3139 = VERTEX_POINT('',#3140);
#3140 = CARTESIAN_POINT('',(2.2,2.08,0.475));
#3141 = LINE('',#3142,#3143);
#3142 = CARTESIAN_POINT('',(2.2,2.3,0.475));
#3143 = VECTOR('',#3144,1.);
#3144 = DIRECTION('',(1.110223024625E-16,-1.,0.));
#3145 = ORIENTED_EDGE('',*,*,#3146,.F.);
#3146 = EDGE_CURVE('',#2818,#3139,#3147,.T.);
#3147 = LINE('',#3148,#3149);
#3148 = CARTESIAN_POINT('',(2.2,2.3,0.475));
#3149 = VECTOR('',#3150,1.);
#3150 = DIRECTION('',(1.110223024625E-16,-1.,0.));
#3151 = ORIENTED_EDGE('',*,*,#2817,.F.);
#3152 = B_SPLINE_SURFACE_WITH_KNOTS('',1,1,(
    (#3153,#3154)
    ,(#3155,#3156
    )),.UNSPECIFIED.,.F.,.F.,.F.,(2,2),(2,2),(0.,4.6),(0.,1.),
  .PIECEWISE_BEZIER_KNOTS.);
#3153 = CARTESIAN_POINT('',(2.120291289374,2.260145644687,0.1));
#3154 = CARTESIAN_POINT('',(2.2,2.3,0.475));
#3155 = CARTESIAN_POINT('',(2.120291289374,-2.260145644687,0.1));
#3156 = CARTESIAN_POINT('',(2.2,-2.3,0.475));
#3157 = ADVANCED_FACE('',(#3158),#3175,.F.);
#3158 = FACE_BOUND('',#3159,.F.);
#3159 = EDGE_LOOP('',(#3160,#3161,#3162,#3170));
#3160 = ORIENTED_EDGE('',*,*,#2786,.T.);
#3161 = ORIENTED_EDGE('',*,*,#3013,.T.);
#3162 = ORIENTED_EDGE('',*,*,#3163,.F.);
#3163 = EDGE_CURVE('',#3164,#3006,#3166,.T.);
#3164 = VERTEX_POINT('',#3165);
#3165 = CARTESIAN_POINT('',(-2.,-2.5,0.475));
#3166 = LINE('',#3167,#3168);
#3167 = CARTESIAN_POINT('',(-2.,-2.5,0.475));
#3168 = VECTOR('',#3169,1.);
#3169 = DIRECTION('',(-0.707106781187,0.707106781187,0.));
#3170 = ORIENTED_EDGE('',*,*,#3171,.F.);
#3171 = EDGE_CURVE('',#2779,#3164,#3172,.T.);
#3172 = B_SPLINE_CURVE_WITH_KNOTS('',1,(#3173,#3174),.UNSPECIFIED.,.F.,
  .F.,(2,2),(0.,1.),.PIECEWISE_BEZIER_KNOTS.);
#3173 = CARTESIAN_POINT('',(-1.960145644687,-2.420291289374,0.1));
#3174 = CARTESIAN_POINT('',(-2.,-2.5,0.475));
#3175 = B_SPLINE_SURFACE_WITH_KNOTS('',1,1,(
    (#3176,#3177)
    ,(#3178,#3179
    )),.UNSPECIFIED.,.F.,.F.,.F.,(2,2),(2,2),(0.,0.282842712475),(0.,1.)
  ,.PIECEWISE_BEZIER_KNOTS.);
#3176 = CARTESIAN_POINT('',(-1.960145644687,-2.420291289374,0.1));
#3177 = CARTESIAN_POINT('',(-2.,-2.5,0.475));
#3178 = CARTESIAN_POINT('',(-2.120291289374,-2.260145644687,0.1));
#3179 = CARTESIAN_POINT('',(-2.2,-2.3,0.475));
#3180 = ADVANCED_FACE('',(#3181),#3198,.F.);
#3181 = FACE_BOUND('',#3182,.F.);
#3182 = EDGE_LOOP('',(#3183,#3184,#3191,#3197));
#3183 = ORIENTED_EDGE('',*,*,#2770,.T.);
#3184 = ORIENTED_EDGE('',*,*,#3185,.T.);
#3185 = EDGE_CURVE('',#2771,#3186,#3188,.T.);
#3186 = VERTEX_POINT('',#3187);
#3187 = CARTESIAN_POINT('',(2.,-2.5,0.475));
#3188 = B_SPLINE_CURVE_WITH_KNOTS('',1,(#3189,#3190),.UNSPECIFIED.,.F.,
  .F.,(2,2),(0.,1.),.PIECEWISE_BEZIER_KNOTS.);
#3189 = CARTESIAN_POINT('',(1.960145644687,-2.420291289374,0.1));
#3190 = CARTESIAN_POINT('',(2.,-2.5,0.475));
#3191 = ORIENTED_EDGE('',*,*,#3192,.F.);
#3192 = EDGE_CURVE('',#3028,#3186,#3193,.T.);
#3193 = LINE('',#3194,#3195);
#3194 = CARTESIAN_POINT('',(2.2,-2.3,0.475));
#3195 = VECTOR('',#3196,1.);
#3196 = DIRECTION('',(-0.707106781187,-0.707106781187,0.));
#3197 = ORIENTED_EDGE('',*,*,#3027,.F.);
#3198 = B_SPLINE_SURFACE_WITH_KNOTS('',1,1,(
    (#3199,#3200)
    ,(#3201,#3202
    )),.UNSPECIFIED.,.F.,.F.,.F.,(2,2),(2,2),(0.,0.282842712475),(0.,1.)
  ,.PIECEWISE_BEZIER_KNOTS.);
#3199 = CARTESIAN_POINT('',(2.120291289374,-2.260145644687,0.1));
#3200 = CARTESIAN_POINT('',(2.2,-2.3,0.475));
#3201 = CARTESIAN_POINT('',(1.960145644687,-2.420291289374,0.1));
#3202 = CARTESIAN_POINT('',(2.,-2.5,0.475));
#3203 = ADVANCED_FACE('',(#3204),#3215,.F.);
#3204 = FACE_BOUND('',#3205,.F.);
#3205 = EDGE_LOOP('',(#3206,#3207,#3208,#3214));
#3206 = ORIENTED_EDGE('',*,*,#2778,.T.);
#3207 = ORIENTED_EDGE('',*,*,#3171,.T.);
#3208 = ORIENTED_EDGE('',*,*,#3209,.F.);
#3209 = EDGE_CURVE('',#3186,#3164,#3210,.T.);
#3210 = LINE('',#3211,#3212);
#3211 = CARTESIAN_POINT('',(2.,-2.5,0.475));
#3212 = VECTOR('',#3213,1.);
#3213 = DIRECTION('',(-1.,-1.110223024625E-16,0.));
#3214 = ORIENTED_EDGE('',*,*,#3185,.F.);
#3215 = B_SPLINE_SURFACE_WITH_KNOTS('',1,1,(
    (#3216,#3217)
    ,(#3218,#3219
    )),.UNSPECIFIED.,.F.,.F.,.F.,(2,2),(2,2),(0.,4.),(0.,1.),
  .PIECEWISE_BEZIER_KNOTS.);
#3216 = CARTESIAN_POINT('',(1.960145644687,-2.420291289374,0.1));
#3217 = CARTESIAN_POINT('',(2.,-2.5,0.475));
#3218 = CARTESIAN_POINT('',(-1.960145644687,-2.420291289374,0.1));
#3219 = CARTESIAN_POINT('',(-2.,-2.5,0.475));
#3220 = ADVANCED_FACE('',(#3221),#3238,.F.);
#3221 = FACE_BOUND('',#3222,.F.);
#3222 = EDGE_LOOP('',(#3223,#3224,#3231,#3237));
#3223 = ORIENTED_EDGE('',*,*,#2824,.T.);
#3224 = ORIENTED_EDGE('',*,*,#3225,.T.);
#3225 = EDGE_CURVE('',#2818,#3226,#3228,.T.);
#3226 = VERTEX_POINT('',#3227);
#3227 = CARTESIAN_POINT('',(2.2,2.3,0.625));
#3228 = B_SPLINE_CURVE_WITH_KNOTS('',1,(#3229,#3230),.UNSPECIFIED.,.F.,
  .F.,(2,2),(0.,1.),.PIECEWISE_BEZIER_KNOTS.);
#3229 = CARTESIAN_POINT('',(2.2,2.3,0.475));
#3230 = CARTESIAN_POINT('',(2.2,2.3,0.625));
#3231 = ORIENTED_EDGE('',*,*,#3232,.F.);
#3232 = EDGE_CURVE('',#2841,#3226,#3233,.T.);
#3233 = LINE('',#3234,#3235);
#3234 = CARTESIAN_POINT('',(2.,2.5,0.625));
#3235 = VECTOR('',#3236,1.);
#3236 = DIRECTION('',(0.707106781187,-0.707106781187,0.));
#3237 = ORIENTED_EDGE('',*,*,#2840,.F.);
#3238 = PLANE('',#3239);
#3239 = AXIS2_PLACEMENT_3D('',#3240,#3241,#3242);
#3240 = CARTESIAN_POINT('',(2.,2.5,0.625));
#3241 = DIRECTION('',(-0.707106781187,-0.707106781187,0.));
#3242 = DIRECTION('',(0.707106781187,-0.707106781187,0.));
#3243 = ADVANCED_FACE('',(#3244),#3326,.F.);
#3244 = FACE_BOUND('',#3245,.F.);
#3245 = EDGE_LOOP('',(#3246,#3254,#3255,#3256,#3264,#3272,#3280,#3288,
    #3296,#3304,#3312,#3320));
#3246 = ORIENTED_EDGE('',*,*,#3247,.T.);
#3247 = EDGE_CURVE('',#3248,#2848,#3250,.T.);
#3248 = VERTEX_POINT('',#3249);
#3249 = CARTESIAN_POINT('',(-2.2,2.3,0.625));
#3250 = LINE('',#3251,#3252);
#3251 = CARTESIAN_POINT('',(-2.2,2.3,0.625));
#3252 = VECTOR('',#3253,1.);
#3253 = DIRECTION('',(0.707106781187,0.707106781187,0.));
#3254 = ORIENTED_EDGE('',*,*,#2847,.T.);
#3255 = ORIENTED_EDGE('',*,*,#3232,.T.);
#3256 = ORIENTED_EDGE('',*,*,#3257,.T.);
#3257 = EDGE_CURVE('',#3226,#3258,#3260,.T.);
#3258 = VERTEX_POINT('',#3259);
#3259 = CARTESIAN_POINT('',(2.2,2.08,0.625));
#3260 = LINE('',#3261,#3262);
#3261 = CARTESIAN_POINT('',(2.2,2.3,0.625));
#3262 = VECTOR('',#3263,1.);
#3263 = DIRECTION('',(1.110223024625E-16,-1.,0.));
#3264 = ORIENTED_EDGE('',*,*,#3265,.T.);
#3265 = EDGE_CURVE('',#3258,#3266,#3268,.T.);
#3266 = VERTEX_POINT('',#3267);
#3267 = CARTESIAN_POINT('',(2.15,2.08,0.625));
#3268 = LINE('',#3269,#3270);
#3269 = CARTESIAN_POINT('',(2.4,2.08,0.625));
#3270 = VECTOR('',#3271,1.);
#3271 = DIRECTION('',(-1.,-1.110223024625E-16,0.));
#3272 = ORIENTED_EDGE('',*,*,#3273,.F.);
#3273 = EDGE_CURVE('',#3274,#3266,#3276,.T.);
#3274 = VERTEX_POINT('',#3275);
#3275 = CARTESIAN_POINT('',(2.15,2.275,0.625));
#3276 = LINE('',#3277,#3278);
#3277 = CARTESIAN_POINT('',(2.15,2.275,0.625));
#3278 = VECTOR('',#3279,1.);
#3279 = DIRECTION('',(1.110223024625E-16,-1.,0.));
#3280 = ORIENTED_EDGE('',*,*,#3281,.F.);
#3281 = EDGE_CURVE('',#3282,#3274,#3284,.T.);
#3282 = VERTEX_POINT('',#3283);
#3283 = CARTESIAN_POINT('',(1.975,2.45,0.625));
#3284 = LINE('',#3285,#3286);
#3285 = CARTESIAN_POINT('',(1.975,2.45,0.625));
#3286 = VECTOR('',#3287,1.);
#3287 = DIRECTION('',(0.707106781187,-0.707106781187,0.));
#3288 = ORIENTED_EDGE('',*,*,#3289,.F.);
#3289 = EDGE_CURVE('',#3290,#3282,#3292,.T.);
#3290 = VERTEX_POINT('',#3291);
#3291 = CARTESIAN_POINT('',(-1.975,2.45,0.625));
#3292 = LINE('',#3293,#3294);
#3293 = CARTESIAN_POINT('',(-1.975,2.45,0.625));
#3294 = VECTOR('',#3295,1.);
#3295 = DIRECTION('',(1.,1.110223024625E-16,0.));
#3296 = ORIENTED_EDGE('',*,*,#3297,.F.);
#3297 = EDGE_CURVE('',#3298,#3290,#3300,.T.);
#3298 = VERTEX_POINT('',#3299);
#3299 = CARTESIAN_POINT('',(-2.15,2.275,0.625));
#3300 = LINE('',#3301,#3302);
#3301 = CARTESIAN_POINT('',(-2.15,2.275,0.625));
#3302 = VECTOR('',#3303,1.);
#3303 = DIRECTION('',(0.707106781187,0.707106781187,0.));
#3304 = ORIENTED_EDGE('',*,*,#3305,.F.);
#3305 = EDGE_CURVE('',#3306,#3298,#3308,.T.);
#3306 = VERTEX_POINT('',#3307);
#3307 = CARTESIAN_POINT('',(-2.15,2.08,0.625));
#3308 = LINE('',#3309,#3310);
#3309 = CARTESIAN_POINT('',(-2.15,-2.275,0.625));
#3310 = VECTOR('',#3311,1.);
#3311 = DIRECTION('',(-1.110223024625E-16,1.,0.));
#3312 = ORIENTED_EDGE('',*,*,#3313,.F.);
#3313 = EDGE_CURVE('',#3314,#3306,#3316,.T.);
#3314 = VERTEX_POINT('',#3315);
#3315 = CARTESIAN_POINT('',(-2.2,2.08,0.625));
#3316 = LINE('',#3317,#3318);
#3317 = CARTESIAN_POINT('',(-2.4,2.08,0.625));
#3318 = VECTOR('',#3319,1.);
#3319 = DIRECTION('',(1.,-1.144237745222E-17,0.));
#3320 = ORIENTED_EDGE('',*,*,#3321,.T.);
#3321 = EDGE_CURVE('',#3314,#3248,#3322,.T.);
#3322 = LINE('',#3323,#3324);
#3323 = CARTESIAN_POINT('',(-2.2,-2.3,0.625));
#3324 = VECTOR('',#3325,1.);
#3325 = DIRECTION('',(-1.110223024625E-16,1.,0.));
#3326 = PLANE('',#3327);
#3327 = AXIS2_PLACEMENT_3D('',#3328,#3329,#3330);
#3328 = CARTESIAN_POINT('',(-3.188450421961E-18,2.475,0.625));
#3329 = DIRECTION('',(0.,0.,-1.));
#3330 = DIRECTION('',(1.,1.111674977262E-16,0.));
#3331 = ADVANCED_FACE('',(#3332),#3342,.F.);
#3332 = FACE_BOUND('',#3333,.F.);
#3333 = EDGE_LOOP('',(#3334,#3335,#3336,#3337));
#3334 = ORIENTED_EDGE('',*,*,#2870,.T.);
#3335 = ORIENTED_EDGE('',*,*,#2855,.T.);
#3336 = ORIENTED_EDGE('',*,*,#3247,.F.);
#3337 = ORIENTED_EDGE('',*,*,#3338,.F.);
#3338 = EDGE_CURVE('',#2871,#3248,#3339,.T.);
#3339 = B_SPLINE_CURVE_WITH_KNOTS('',1,(#3340,#3341),.UNSPECIFIED.,.F.,
  .F.,(2,2),(0.,1.),.PIECEWISE_BEZIER_KNOTS.);
#3340 = CARTESIAN_POINT('',(-2.2,2.3,0.475));
#3341 = CARTESIAN_POINT('',(-2.2,2.3,0.625));
#3342 = PLANE('',#3343);
#3343 = AXIS2_PLACEMENT_3D('',#3344,#3345,#3346);
#3344 = CARTESIAN_POINT('',(-2.2,2.3,0.625));
#3345 = DIRECTION('',(0.707106781187,-0.707106781187,0.));
#3346 = DIRECTION('',(0.707106781187,0.707106781187,0.));
#3347 = ADVANCED_FACE('',(#3348),#3372,.F.);
#3348 = FACE_BOUND('',#3349,.F.);
#3349 = EDGE_LOOP('',(#3350,#3357,#3358,#3366));
#3350 = ORIENTED_EDGE('',*,*,#3351,.F.);
#3351 = EDGE_CURVE('',#3006,#3352,#3354,.T.);
#3352 = VERTEX_POINT('',#3353);
#3353 = CARTESIAN_POINT('',(-2.2,-2.3,0.625));
#3354 = B_SPLINE_CURVE_WITH_KNOTS('',1,(#3355,#3356),.UNSPECIFIED.,.F.,
  .F.,(2,2),(0.,1.),.PIECEWISE_BEZIER_KNOTS.);
#3355 = CARTESIAN_POINT('',(-2.2,-2.3,0.475));
#3356 = CARTESIAN_POINT('',(-2.2,-2.3,0.625));
#3357 = ORIENTED_EDGE('',*,*,#3005,.T.);
#3358 = ORIENTED_EDGE('',*,*,#3359,.T.);
#3359 = EDGE_CURVE('',#2998,#3360,#3362,.T.);
#3360 = VERTEX_POINT('',#3361);
#3361 = CARTESIAN_POINT('',(-2.2,-2.08,0.625));
#3362 = LINE('',#3363,#3364);
#3363 = CARTESIAN_POINT('',(-2.2,-2.08,0.458946888107));
#3364 = VECTOR('',#3365,1.);
#3365 = DIRECTION('',(0.,0.,1.));
#3366 = ORIENTED_EDGE('',*,*,#3367,.F.);
#3367 = EDGE_CURVE('',#3352,#3360,#3368,.T.);
#3368 = LINE('',#3369,#3370);
#3369 = CARTESIAN_POINT('',(-2.2,-2.3,0.625));
#3370 = VECTOR('',#3371,1.);
#3371 = DIRECTION('',(-1.110223024625E-16,1.,0.));
#3372 = PLANE('',#3373);
#3373 = AXIS2_PLACEMENT_3D('',#3374,#3375,#3376);
#3374 = CARTESIAN_POINT('',(-2.2,-2.3,0.625));
#3375 = DIRECTION('',(1.,1.110223024625E-16,0.));
#3376 = DIRECTION('',(-1.110223024625E-16,1.,0.));
#3377 = ADVANCED_FACE('',(#3378),#3403,.F.);
#3378 = FACE_BOUND('',#3379,.F.);
#3379 = EDGE_LOOP('',(#3380,#3388,#3389,#3397));
#3380 = ORIENTED_EDGE('',*,*,#3381,.F.);
#3381 = EDGE_CURVE('',#2998,#3382,#3384,.T.);
#3382 = VERTEX_POINT('',#3383);
#3383 = CARTESIAN_POINT('',(-2.4,-2.08,0.475));
#3384 = LINE('',#3385,#3386);
#3385 = CARTESIAN_POINT('',(-2.1,-2.08,0.475));
#3386 = VECTOR('',#3387,1.);
#3387 = DIRECTION('',(-1.,1.144237745222E-17,0.));
#3388 = ORIENTED_EDGE('',*,*,#2997,.T.);
#3389 = ORIENTED_EDGE('',*,*,#3390,.T.);
#3390 = EDGE_CURVE('',#2990,#3391,#3393,.T.);
#3391 = VERTEX_POINT('',#3392);
#3392 = CARTESIAN_POINT('',(-2.4,-1.82,0.475));
#3393 = LINE('',#3394,#3395);
#3394 = CARTESIAN_POINT('',(-2.1,-1.82,0.475));
#3395 = VECTOR('',#3396,1.);
#3396 = DIRECTION('',(-1.,1.144237745222E-17,0.));
#3397 = ORIENTED_EDGE('',*,*,#3398,.F.);
#3398 = EDGE_CURVE('',#3382,#3391,#3399,.T.);
#3399 = LINE('',#3400,#3401);
#3400 = CARTESIAN_POINT('',(-2.4,-2.08,0.475));
#3401 = VECTOR('',#3402,1.);
#3402 = DIRECTION('',(1.144237745222E-17,1.,0.));
#3403 = PLANE('',#3404);
#3404 = AXIS2_PLACEMENT_3D('',#3405,#3406,#3407);
#3405 = CARTESIAN_POINT('',(-2.1,-2.08,0.475));
#3406 = DIRECTION('',(0.,0.,1.));
#3407 = DIRECTION('',(-1.,1.144237745222E-17,0.));
#3408 = ADVANCED_FACE('',(#3409),#3434,.F.);
#3409 = FACE_BOUND('',#3410,.F.);
#3410 = EDGE_LOOP('',(#3411,#3419,#3420,#3428));
#3411 = ORIENTED_EDGE('',*,*,#3412,.F.);
#3412 = EDGE_CURVE('',#2990,#3413,#3415,.T.);
#3413 = VERTEX_POINT('',#3414);
#3414 = CARTESIAN_POINT('',(-2.2,-1.82,0.625));
#3415 = LINE('',#3416,#3417);
#3416 = CARTESIAN_POINT('',(-2.2,-1.82,0.458946888107));
#3417 = VECTOR('',#3418,1.);
#3418 = DIRECTION('',(0.,0.,1.));
#3419 = ORIENTED_EDGE('',*,*,#2989,.T.);
#3420 = ORIENTED_EDGE('',*,*,#3421,.T.);
#3421 = EDGE_CURVE('',#2982,#3422,#3424,.T.);
#3422 = VERTEX_POINT('',#3423);
#3423 = CARTESIAN_POINT('',(-2.2,-1.43,0.625));
#3424 = LINE('',#3425,#3426);
#3425 = CARTESIAN_POINT('',(-2.2,-1.43,0.458946888107));
#3426 = VECTOR('',#3427,1.);
#3427 = DIRECTION('',(0.,0.,1.));
#3428 = ORIENTED_EDGE('',*,*,#3429,.F.);
#3429 = EDGE_CURVE('',#3413,#3422,#3430,.T.);
#3430 = LINE('',#3431,#3432);
#3431 = CARTESIAN_POINT('',(-2.2,-2.3,0.625));
#3432 = VECTOR('',#3433,1.);
#3433 = DIRECTION('',(-1.110223024625E-16,1.,0.));
#3434 = PLANE('',#3435);
#3435 = AXIS2_PLACEMENT_3D('',#3436,#3437,#3438);
#3436 = CARTESIAN_POINT('',(-2.2,-2.3,0.625));
#3437 = DIRECTION('',(1.,1.110223024625E-16,0.));
#3438 = DIRECTION('',(-1.110223024625E-16,1.,0.));
#3439 = ADVANCED_FACE('',(#3440),#3465,.F.);
#3440 = FACE_BOUND('',#3441,.F.);
#3441 = EDGE_LOOP('',(#3442,#3450,#3451,#3459));
#3442 = ORIENTED_EDGE('',*,*,#3443,.F.);
#3443 = EDGE_CURVE('',#2982,#3444,#3446,.T.);
#3444 = VERTEX_POINT('',#3445);
#3445 = CARTESIAN_POINT('',(-2.4,-1.43,0.475));
#3446 = LINE('',#3447,#3448);
#3447 = CARTESIAN_POINT('',(-2.1,-1.43,0.475));
#3448 = VECTOR('',#3449,1.);
#3449 = DIRECTION('',(-1.,1.144237745222E-17,0.));
#3450 = ORIENTED_EDGE('',*,*,#2981,.T.);
#3451 = ORIENTED_EDGE('',*,*,#3452,.T.);
#3452 = EDGE_CURVE('',#2974,#3453,#3455,.T.);
#3453 = VERTEX_POINT('',#3454);
#3454 = CARTESIAN_POINT('',(-2.4,-1.17,0.475));
#3455 = LINE('',#3456,#3457);
#3456 = CARTESIAN_POINT('',(-2.1,-1.17,0.475));
#3457 = VECTOR('',#3458,1.);
#3458 = DIRECTION('',(-1.,1.144237745222E-17,0.));
#3459 = ORIENTED_EDGE('',*,*,#3460,.F.);
#3460 = EDGE_CURVE('',#3444,#3453,#3461,.T.);
#3461 = LINE('',#3462,#3463);
#3462 = CARTESIAN_POINT('',(-2.4,-1.43,0.475));
#3463 = VECTOR('',#3464,1.);
#3464 = DIRECTION('',(1.144237745222E-17,1.,0.));
#3465 = PLANE('',#3466);
#3466 = AXIS2_PLACEMENT_3D('',#3467,#3468,#3469);
#3467 = CARTESIAN_POINT('',(-2.1,-1.43,0.475));
#3468 = DIRECTION('',(0.,0.,1.));
#3469 = DIRECTION('',(-1.,1.144237745222E-17,0.));
#3470 = ADVANCED_FACE('',(#3471),#3496,.F.);
#3471 = FACE_BOUND('',#3472,.F.);
#3472 = EDGE_LOOP('',(#3473,#3481,#3482,#3490));
#3473 = ORIENTED_EDGE('',*,*,#3474,.F.);
#3474 = EDGE_CURVE('',#2974,#3475,#3477,.T.);
#3475 = VERTEX_POINT('',#3476);
#3476 = CARTESIAN_POINT('',(-2.2,-1.17,0.625));
#3477 = LINE('',#3478,#3479);
#3478 = CARTESIAN_POINT('',(-2.2,-1.17,0.458946888107));
#3479 = VECTOR('',#3480,1.);
#3480 = DIRECTION('',(0.,0.,1.));
#3481 = ORIENTED_EDGE('',*,*,#2973,.T.);
#3482 = ORIENTED_EDGE('',*,*,#3483,.T.);
#3483 = EDGE_CURVE('',#2966,#3484,#3486,.T.);
#3484 = VERTEX_POINT('',#3485);
#3485 = CARTESIAN_POINT('',(-2.2,-0.78,0.625));
#3486 = LINE('',#3487,#3488);
#3487 = CARTESIAN_POINT('',(-2.2,-0.78,0.458946888107));
#3488 = VECTOR('',#3489,1.);
#3489 = DIRECTION('',(0.,0.,1.));
#3490 = ORIENTED_EDGE('',*,*,#3491,.F.);
#3491 = EDGE_CURVE('',#3475,#3484,#3492,.T.);
#3492 = LINE('',#3493,#3494);
#3493 = CARTESIAN_POINT('',(-2.2,-2.3,0.625));
#3494 = VECTOR('',#3495,1.);
#3495 = DIRECTION('',(-1.110223024625E-16,1.,0.));
#3496 = PLANE('',#3497);
#3497 = AXIS2_PLACEMENT_3D('',#3498,#3499,#3500);
#3498 = CARTESIAN_POINT('',(-2.2,-2.3,0.625));
#3499 = DIRECTION('',(1.,1.110223024625E-16,0.));
#3500 = DIRECTION('',(-1.110223024625E-16,1.,0.));
#3501 = ADVANCED_FACE('',(#3502),#3527,.F.);
#3502 = FACE_BOUND('',#3503,.F.);
#3503 = EDGE_LOOP('',(#3504,#3512,#3513,#3521));
#3504 = ORIENTED_EDGE('',*,*,#3505,.F.);
#3505 = EDGE_CURVE('',#2966,#3506,#3508,.T.);
#3506 = VERTEX_POINT('',#3507);
#3507 = CARTESIAN_POINT('',(-2.4,-0.78,0.475));
#3508 = LINE('',#3509,#3510);
#3509 = CARTESIAN_POINT('',(-2.1,-0.78,0.475));
#3510 = VECTOR('',#3511,1.);
#3511 = DIRECTION('',(-1.,1.144237745222E-17,0.));
#3512 = ORIENTED_EDGE('',*,*,#2965,.T.);
#3513 = ORIENTED_EDGE('',*,*,#3514,.T.);
#3514 = EDGE_CURVE('',#2958,#3515,#3517,.T.);
#3515 = VERTEX_POINT('',#3516);
#3516 = CARTESIAN_POINT('',(-2.4,-0.52,0.475));
#3517 = LINE('',#3518,#3519);
#3518 = CARTESIAN_POINT('',(-2.1,-0.52,0.475));
#3519 = VECTOR('',#3520,1.);
#3520 = DIRECTION('',(-1.,1.144237745222E-17,0.));
#3521 = ORIENTED_EDGE('',*,*,#3522,.F.);
#3522 = EDGE_CURVE('',#3506,#3515,#3523,.T.);
#3523 = LINE('',#3524,#3525);
#3524 = CARTESIAN_POINT('',(-2.4,-0.78,0.475));
#3525 = VECTOR('',#3526,1.);
#3526 = DIRECTION('',(1.144237745222E-17,1.,0.));
#3527 = PLANE('',#3528);
#3528 = AXIS2_PLACEMENT_3D('',#3529,#3530,#3531);
#3529 = CARTESIAN_POINT('',(-2.1,-0.78,0.475));
#3530 = DIRECTION('',(0.,0.,1.));
#3531 = DIRECTION('',(-1.,1.144237745222E-17,0.));
#3532 = ADVANCED_FACE('',(#3533),#3558,.F.);
#3533 = FACE_BOUND('',#3534,.F.);
#3534 = EDGE_LOOP('',(#3535,#3543,#3544,#3552));
#3535 = ORIENTED_EDGE('',*,*,#3536,.F.);
#3536 = EDGE_CURVE('',#2958,#3537,#3539,.T.);
#3537 = VERTEX_POINT('',#3538);
#3538 = CARTESIAN_POINT('',(-2.2,-0.52,0.625));
#3539 = LINE('',#3540,#3541);
#3540 = CARTESIAN_POINT('',(-2.2,-0.52,0.458946888107));
#3541 = VECTOR('',#3542,1.);
#3542 = DIRECTION('',(0.,0.,1.));
#3543 = ORIENTED_EDGE('',*,*,#2957,.T.);
#3544 = ORIENTED_EDGE('',*,*,#3545,.T.);
#3545 = EDGE_CURVE('',#2950,#3546,#3548,.T.);
#3546 = VERTEX_POINT('',#3547);
#3547 = CARTESIAN_POINT('',(-2.2,-0.13,0.625));
#3548 = LINE('',#3549,#3550);
#3549 = CARTESIAN_POINT('',(-2.2,-0.13,0.458946888107));
#3550 = VECTOR('',#3551,1.);
#3551 = DIRECTION('',(0.,0.,1.));
#3552 = ORIENTED_EDGE('',*,*,#3553,.F.);
#3553 = EDGE_CURVE('',#3537,#3546,#3554,.T.);
#3554 = LINE('',#3555,#3556);
#3555 = CARTESIAN_POINT('',(-2.2,-2.3,0.625));
#3556 = VECTOR('',#3557,1.);
#3557 = DIRECTION('',(-1.110223024625E-16,1.,0.));
#3558 = PLANE('',#3559);
#3559 = AXIS2_PLACEMENT_3D('',#3560,#3561,#3562);
#3560 = CARTESIAN_POINT('',(-2.2,-2.3,0.625));
#3561 = DIRECTION('',(1.,1.110223024625E-16,0.));
#3562 = DIRECTION('',(-1.110223024625E-16,1.,0.));
#3563 = ADVANCED_FACE('',(#3564),#3589,.F.);
#3564 = FACE_BOUND('',#3565,.F.);
#3565 = EDGE_LOOP('',(#3566,#3574,#3575,#3583));
#3566 = ORIENTED_EDGE('',*,*,#3567,.F.);
#3567 = EDGE_CURVE('',#2950,#3568,#3570,.T.);
#3568 = VERTEX_POINT('',#3569);
#3569 = CARTESIAN_POINT('',(-2.4,-0.13,0.475));
#3570 = LINE('',#3571,#3572);
#3571 = CARTESIAN_POINT('',(-2.1,-0.13,0.475));
#3572 = VECTOR('',#3573,1.);
#3573 = DIRECTION('',(-1.,1.144237745222E-17,0.));
#3574 = ORIENTED_EDGE('',*,*,#2949,.T.);
#3575 = ORIENTED_EDGE('',*,*,#3576,.T.);
#3576 = EDGE_CURVE('',#2942,#3577,#3579,.T.);
#3577 = VERTEX_POINT('',#3578);
#3578 = CARTESIAN_POINT('',(-2.4,0.13,0.475));
#3579 = LINE('',#3580,#3581);
#3580 = CARTESIAN_POINT('',(-2.1,0.13,0.475));
#3581 = VECTOR('',#3582,1.);
#3582 = DIRECTION('',(-1.,1.144237745222E-17,0.));
#3583 = ORIENTED_EDGE('',*,*,#3584,.F.);
#3584 = EDGE_CURVE('',#3568,#3577,#3585,.T.);
#3585 = LINE('',#3586,#3587);
#3586 = CARTESIAN_POINT('',(-2.4,-0.13,0.475));
#3587 = VECTOR('',#3588,1.);
#3588 = DIRECTION('',(1.144237745222E-17,1.,0.));
#3589 = PLANE('',#3590);
#3590 = AXIS2_PLACEMENT_3D('',#3591,#3592,#3593);
#3591 = CARTESIAN_POINT('',(-2.1,-0.13,0.475));
#3592 = DIRECTION('',(0.,0.,1.));
#3593 = DIRECTION('',(-1.,1.144237745222E-17,0.));
#3594 = ADVANCED_FACE('',(#3595),#3620,.F.);
#3595 = FACE_BOUND('',#3596,.F.);
#3596 = EDGE_LOOP('',(#3597,#3605,#3606,#3614));
#3597 = ORIENTED_EDGE('',*,*,#3598,.F.);
#3598 = EDGE_CURVE('',#2942,#3599,#3601,.T.);
#3599 = VERTEX_POINT('',#3600);
#3600 = CARTESIAN_POINT('',(-2.2,0.13,0.625));
#3601 = LINE('',#3602,#3603);
#3602 = CARTESIAN_POINT('',(-2.2,0.13,0.458946888107));
#3603 = VECTOR('',#3604,1.);
#3604 = DIRECTION('',(0.,0.,1.));
#3605 = ORIENTED_EDGE('',*,*,#2941,.T.);
#3606 = ORIENTED_EDGE('',*,*,#3607,.T.);
#3607 = EDGE_CURVE('',#2934,#3608,#3610,.T.);
#3608 = VERTEX_POINT('',#3609);
#3609 = CARTESIAN_POINT('',(-2.2,0.52,0.625));
#3610 = LINE('',#3611,#3612);
#3611 = CARTESIAN_POINT('',(-2.2,0.52,0.458946888107));
#3612 = VECTOR('',#3613,1.);
#3613 = DIRECTION('',(0.,0.,1.));
#3614 = ORIENTED_EDGE('',*,*,#3615,.F.);
#3615 = EDGE_CURVE('',#3599,#3608,#3616,.T.);
#3616 = LINE('',#3617,#3618);
#3617 = CARTESIAN_POINT('',(-2.2,-2.3,0.625));
#3618 = VECTOR('',#3619,1.);
#3619 = DIRECTION('',(-1.110223024625E-16,1.,0.));
#3620 = PLANE('',#3621);
#3621 = AXIS2_PLACEMENT_3D('',#3622,#3623,#3624);
#3622 = CARTESIAN_POINT('',(-2.2,-2.3,0.625));
#3623 = DIRECTION('',(1.,1.110223024625E-16,0.));
#3624 = DIRECTION('',(-1.110223024625E-16,1.,0.));
#3625 = ADVANCED_FACE('',(#3626),#3651,.F.);
#3626 = FACE_BOUND('',#3627,.F.);
#3627 = EDGE_LOOP('',(#3628,#3636,#3637,#3645));
#3628 = ORIENTED_EDGE('',*,*,#3629,.F.);
#3629 = EDGE_CURVE('',#2934,#3630,#3632,.T.);
#3630 = VERTEX_POINT('',#3631);
#3631 = CARTESIAN_POINT('',(-2.4,0.52,0.475));
#3632 = LINE('',#3633,#3634);
#3633 = CARTESIAN_POINT('',(-2.1,0.52,0.475));
#3634 = VECTOR('',#3635,1.);
#3635 = DIRECTION('',(-1.,1.144237745222E-17,0.));
#3636 = ORIENTED_EDGE('',*,*,#2933,.T.);
#3637 = ORIENTED_EDGE('',*,*,#3638,.T.);
#3638 = EDGE_CURVE('',#2926,#3639,#3641,.T.);
#3639 = VERTEX_POINT('',#3640);
#3640 = CARTESIAN_POINT('',(-2.4,0.78,0.475));
#3641 = LINE('',#3642,#3643);
#3642 = CARTESIAN_POINT('',(-2.1,0.78,0.475));
#3643 = VECTOR('',#3644,1.);
#3644 = DIRECTION('',(-1.,1.144237745222E-17,0.));
#3645 = ORIENTED_EDGE('',*,*,#3646,.F.);
#3646 = EDGE_CURVE('',#3630,#3639,#3647,.T.);
#3647 = LINE('',#3648,#3649);
#3648 = CARTESIAN_POINT('',(-2.4,0.52,0.475));
#3649 = VECTOR('',#3650,1.);
#3650 = DIRECTION('',(1.144237745222E-17,1.,0.));
#3651 = PLANE('',#3652);
#3652 = AXIS2_PLACEMENT_3D('',#3653,#3654,#3655);
#3653 = CARTESIAN_POINT('',(-2.1,0.52,0.475));
#3654 = DIRECTION('',(0.,0.,1.));
#3655 = DIRECTION('',(-1.,1.144237745222E-17,0.));
#3656 = ADVANCED_FACE('',(#3657),#3682,.F.);
#3657 = FACE_BOUND('',#3658,.F.);
#3658 = EDGE_LOOP('',(#3659,#3667,#3668,#3676));
#3659 = ORIENTED_EDGE('',*,*,#3660,.F.);
#3660 = EDGE_CURVE('',#2926,#3661,#3663,.T.);
#3661 = VERTEX_POINT('',#3662);
#3662 = CARTESIAN_POINT('',(-2.2,0.78,0.625));
#3663 = LINE('',#3664,#3665);
#3664 = CARTESIAN_POINT('',(-2.2,0.78,0.458946888107));
#3665 = VECTOR('',#3666,1.);
#3666 = DIRECTION('',(0.,0.,1.));
#3667 = ORIENTED_EDGE('',*,*,#2925,.T.);
#3668 = ORIENTED_EDGE('',*,*,#3669,.T.);
#3669 = EDGE_CURVE('',#2918,#3670,#3672,.T.);
#3670 = VERTEX_POINT('',#3671);
#3671 = CARTESIAN_POINT('',(-2.2,1.17,0.625));
#3672 = LINE('',#3673,#3674);
#3673 = CARTESIAN_POINT('',(-2.2,1.17,0.458946888107));
#3674 = VECTOR('',#3675,1.);
#3675 = DIRECTION('',(0.,0.,1.));
#3676 = ORIENTED_EDGE('',*,*,#3677,.F.);
#3677 = EDGE_CURVE('',#3661,#3670,#3678,.T.);
#3678 = LINE('',#3679,#3680);
#3679 = CARTESIAN_POINT('',(-2.2,-2.3,0.625));
#3680 = VECTOR('',#3681,1.);
#3681 = DIRECTION('',(-1.110223024625E-16,1.,0.));
#3682 = PLANE('',#3683);
#3683 = AXIS2_PLACEMENT_3D('',#3684,#3685,#3686);
#3684 = CARTESIAN_POINT('',(-2.2,-2.3,0.625));
#3685 = DIRECTION('',(1.,1.110223024625E-16,0.));
#3686 = DIRECTION('',(-1.110223024625E-16,1.,0.));
#3687 = ADVANCED_FACE('',(#3688),#3713,.F.);
#3688 = FACE_BOUND('',#3689,.F.);
#3689 = EDGE_LOOP('',(#3690,#3698,#3699,#3707));
#3690 = ORIENTED_EDGE('',*,*,#3691,.F.);
#3691 = EDGE_CURVE('',#2918,#3692,#3694,.T.);
#3692 = VERTEX_POINT('',#3693);
#3693 = CARTESIAN_POINT('',(-2.4,1.17,0.475));
#3694 = LINE('',#3695,#3696);
#3695 = CARTESIAN_POINT('',(-2.1,1.17,0.475));
#3696 = VECTOR('',#3697,1.);
#3697 = DIRECTION('',(-1.,1.144237745222E-17,0.));
#3698 = ORIENTED_EDGE('',*,*,#2917,.T.);
#3699 = ORIENTED_EDGE('',*,*,#3700,.T.);
#3700 = EDGE_CURVE('',#2910,#3701,#3703,.T.);
#3701 = VERTEX_POINT('',#3702);
#3702 = CARTESIAN_POINT('',(-2.4,1.43,0.475));
#3703 = LINE('',#3704,#3705);
#3704 = CARTESIAN_POINT('',(-2.1,1.43,0.475));
#3705 = VECTOR('',#3706,1.);
#3706 = DIRECTION('',(-1.,1.144237745222E-17,0.));
#3707 = ORIENTED_EDGE('',*,*,#3708,.F.);
#3708 = EDGE_CURVE('',#3692,#3701,#3709,.T.);
#3709 = LINE('',#3710,#3711);
#3710 = CARTESIAN_POINT('',(-2.4,1.17,0.475));
#3711 = VECTOR('',#3712,1.);
#3712 = DIRECTION('',(1.144237745222E-17,1.,0.));
#3713 = PLANE('',#3714);
#3714 = AXIS2_PLACEMENT_3D('',#3715,#3716,#3717);
#3715 = CARTESIAN_POINT('',(-2.1,1.17,0.475));
#3716 = DIRECTION('',(0.,0.,1.));
#3717 = DIRECTION('',(-1.,1.144237745222E-17,0.));
#3718 = ADVANCED_FACE('',(#3719),#3744,.F.);
#3719 = FACE_BOUND('',#3720,.F.);
#3720 = EDGE_LOOP('',(#3721,#3729,#3730,#3738));
#3721 = ORIENTED_EDGE('',*,*,#3722,.F.);
#3722 = EDGE_CURVE('',#2910,#3723,#3725,.T.);
#3723 = VERTEX_POINT('',#3724);
#3724 = CARTESIAN_POINT('',(-2.2,1.43,0.625));
#3725 = LINE('',#3726,#3727);
#3726 = CARTESIAN_POINT('',(-2.2,1.43,0.458946888107));
#3727 = VECTOR('',#3728,1.);
#3728 = DIRECTION('',(0.,0.,1.));
#3729 = ORIENTED_EDGE('',*,*,#2909,.T.);
#3730 = ORIENTED_EDGE('',*,*,#3731,.T.);
#3731 = EDGE_CURVE('',#2902,#3732,#3734,.T.);
#3732 = VERTEX_POINT('',#3733);
#3733 = CARTESIAN_POINT('',(-2.2,1.82,0.625));
#3734 = LINE('',#3735,#3736);
#3735 = CARTESIAN_POINT('',(-2.2,1.82,0.458946888107));
#3736 = VECTOR('',#3737,1.);
#3737 = DIRECTION('',(0.,0.,1.));
#3738 = ORIENTED_EDGE('',*,*,#3739,.F.);
#3739 = EDGE_CURVE('',#3723,#3732,#3740,.T.);
#3740 = LINE('',#3741,#3742);
#3741 = CARTESIAN_POINT('',(-2.2,-2.3,0.625));
#3742 = VECTOR('',#3743,1.);
#3743 = DIRECTION('',(-1.110223024625E-16,1.,0.));
#3744 = PLANE('',#3745);
#3745 = AXIS2_PLACEMENT_3D('',#3746,#3747,#3748);
#3746 = CARTESIAN_POINT('',(-2.2,-2.3,0.625));
#3747 = DIRECTION('',(1.,1.110223024625E-16,0.));
#3748 = DIRECTION('',(-1.110223024625E-16,1.,0.));
#3749 = ADVANCED_FACE('',(#3750),#3775,.F.);
#3750 = FACE_BOUND('',#3751,.F.);
#3751 = EDGE_LOOP('',(#3752,#3760,#3761,#3769));
#3752 = ORIENTED_EDGE('',*,*,#3753,.F.);
#3753 = EDGE_CURVE('',#2902,#3754,#3756,.T.);
#3754 = VERTEX_POINT('',#3755);
#3755 = CARTESIAN_POINT('',(-2.4,1.82,0.475));
#3756 = LINE('',#3757,#3758);
#3757 = CARTESIAN_POINT('',(-2.1,1.82,0.475));
#3758 = VECTOR('',#3759,1.);
#3759 = DIRECTION('',(-1.,1.144237745222E-17,0.));
#3760 = ORIENTED_EDGE('',*,*,#2901,.T.);
#3761 = ORIENTED_EDGE('',*,*,#3762,.T.);
#3762 = EDGE_CURVE('',#2894,#3763,#3765,.T.);
#3763 = VERTEX_POINT('',#3764);
#3764 = CARTESIAN_POINT('',(-2.4,2.08,0.475));
#3765 = LINE('',#3766,#3767);
#3766 = CARTESIAN_POINT('',(-2.1,2.08,0.475));
#3767 = VECTOR('',#3768,1.);
#3768 = DIRECTION('',(-1.,1.144237745222E-17,0.));
#3769 = ORIENTED_EDGE('',*,*,#3770,.F.);
#3770 = EDGE_CURVE('',#3754,#3763,#3771,.T.);
#3771 = LINE('',#3772,#3773);
#3772 = CARTESIAN_POINT('',(-2.4,1.82,0.475));
#3773 = VECTOR('',#3774,1.);
#3774 = DIRECTION('',(1.144237745222E-17,1.,0.));
#3775 = PLANE('',#3776);
#3776 = AXIS2_PLACEMENT_3D('',#3777,#3778,#3779);
#3777 = CARTESIAN_POINT('',(-2.1,1.82,0.475));
#3778 = DIRECTION('',(0.,0.,1.));
#3779 = DIRECTION('',(-1.,1.144237745222E-17,0.));
#3780 = ADVANCED_FACE('',(#3781),#3792,.F.);
#3781 = FACE_BOUND('',#3782,.F.);
#3782 = EDGE_LOOP('',(#3783,#3789,#3790,#3791));
#3783 = ORIENTED_EDGE('',*,*,#3784,.F.);
#3784 = EDGE_CURVE('',#2894,#3314,#3785,.T.);
#3785 = LINE('',#3786,#3787);
#3786 = CARTESIAN_POINT('',(-2.2,2.08,0.458946888107));
#3787 = VECTOR('',#3788,1.);
#3788 = DIRECTION('',(0.,0.,1.));
#3789 = ORIENTED_EDGE('',*,*,#2893,.T.);
#3790 = ORIENTED_EDGE('',*,*,#3338,.T.);
#3791 = ORIENTED_EDGE('',*,*,#3321,.F.);
#3792 = PLANE('',#3793);
#3793 = AXIS2_PLACEMENT_3D('',#3794,#3795,#3796);
#3794 = CARTESIAN_POINT('',(-2.2,-2.3,0.625));
#3795 = DIRECTION('',(1.,1.110223024625E-16,0.));
#3796 = DIRECTION('',(-1.110223024625E-16,1.,0.));
#3797 = ADVANCED_FACE('',(#3798),#3809,.F.);
#3798 = FACE_BOUND('',#3799,.F.);
#3799 = EDGE_LOOP('',(#3800,#3801,#3802,#3808));
#3800 = ORIENTED_EDGE('',*,*,#3225,.F.);
#3801 = ORIENTED_EDGE('',*,*,#3146,.T.);
#3802 = ORIENTED_EDGE('',*,*,#3803,.T.);
#3803 = EDGE_CURVE('',#3139,#3258,#3804,.T.);
#3804 = LINE('',#3805,#3806);
#3805 = CARTESIAN_POINT('',(2.2,2.08,0.458946888107));
#3806 = VECTOR('',#3807,1.);
#3807 = DIRECTION('',(0.,0.,1.));
#3808 = ORIENTED_EDGE('',*,*,#3257,.F.);
#3809 = PLANE('',#3810);
#3810 = AXIS2_PLACEMENT_3D('',#3811,#3812,#3813);
#3811 = CARTESIAN_POINT('',(2.2,2.3,0.625));
#3812 = DIRECTION('',(-1.,-1.110223024625E-16,0.));
#3813 = DIRECTION('',(1.110223024625E-16,-1.,0.));
#3814 = ADVANCED_FACE('',(#3815),#3840,.F.);
#3815 = FACE_BOUND('',#3816,.F.);
#3816 = EDGE_LOOP('',(#3817,#3825,#3826,#3834));
#3817 = ORIENTED_EDGE('',*,*,#3818,.F.);
#3818 = EDGE_CURVE('',#3139,#3819,#3821,.T.);
#3819 = VERTEX_POINT('',#3820);
#3820 = CARTESIAN_POINT('',(2.4,2.08,0.475));
#3821 = LINE('',#3822,#3823);
#3822 = CARTESIAN_POINT('',(2.1,2.08,0.475));
#3823 = VECTOR('',#3824,1.);
#3824 = DIRECTION('',(1.,1.110223024625E-16,0.));
#3825 = ORIENTED_EDGE('',*,*,#3138,.T.);
#3826 = ORIENTED_EDGE('',*,*,#3827,.T.);
#3827 = EDGE_CURVE('',#3131,#3828,#3830,.T.);
#3828 = VERTEX_POINT('',#3829);
#3829 = CARTESIAN_POINT('',(2.4,1.82,0.475));
#3830 = LINE('',#3831,#3832);
#3831 = CARTESIAN_POINT('',(2.1,1.82,0.475));
#3832 = VECTOR('',#3833,1.);
#3833 = DIRECTION('',(1.,1.110223024625E-16,0.));
#3834 = ORIENTED_EDGE('',*,*,#3835,.F.);
#3835 = EDGE_CURVE('',#3819,#3828,#3836,.T.);
#3836 = LINE('',#3837,#3838);
#3837 = CARTESIAN_POINT('',(2.4,2.08,0.475));
#3838 = VECTOR('',#3839,1.);
#3839 = DIRECTION('',(1.110223024625E-16,-1.,0.));
#3840 = PLANE('',#3841);
#3841 = AXIS2_PLACEMENT_3D('',#3842,#3843,#3844);
#3842 = CARTESIAN_POINT('',(2.1,2.08,0.475));
#3843 = DIRECTION('',(0.,0.,1.));
#3844 = DIRECTION('',(1.,1.110223024625E-16,-0.));
#3845 = ADVANCED_FACE('',(#3846),#3871,.F.);
#3846 = FACE_BOUND('',#3847,.F.);
#3847 = EDGE_LOOP('',(#3848,#3856,#3857,#3865));
#3848 = ORIENTED_EDGE('',*,*,#3849,.F.);
#3849 = EDGE_CURVE('',#3131,#3850,#3852,.T.);
#3850 = VERTEX_POINT('',#3851);
#3851 = CARTESIAN_POINT('',(2.2,1.82,0.625));
#3852 = LINE('',#3853,#3854);
#3853 = CARTESIAN_POINT('',(2.2,1.82,0.458946888107));
#3854 = VECTOR('',#3855,1.);
#3855 = DIRECTION('',(0.,0.,1.));
#3856 = ORIENTED_EDGE('',*,*,#3130,.T.);
#3857 = ORIENTED_EDGE('',*,*,#3858,.T.);
#3858 = EDGE_CURVE('',#3123,#3859,#3861,.T.);
#3859 = VERTEX_POINT('',#3860);
#3860 = CARTESIAN_POINT('',(2.2,1.43,0.625));
#3861 = LINE('',#3862,#3863);
#3862 = CARTESIAN_POINT('',(2.2,1.43,0.458946888107));
#3863 = VECTOR('',#3864,1.);
#3864 = DIRECTION('',(0.,0.,1.));
#3865 = ORIENTED_EDGE('',*,*,#3866,.F.);
#3866 = EDGE_CURVE('',#3850,#3859,#3867,.T.);
#3867 = LINE('',#3868,#3869);
#3868 = CARTESIAN_POINT('',(2.2,2.3,0.625));
#3869 = VECTOR('',#3870,1.);
#3870 = DIRECTION('',(1.110223024625E-16,-1.,0.));
#3871 = PLANE('',#3872);
#3872 = AXIS2_PLACEMENT_3D('',#3873,#3874,#3875);
#3873 = CARTESIAN_POINT('',(2.2,2.3,0.625));
#3874 = DIRECTION('',(-1.,-1.110223024625E-16,0.));
#3875 = DIRECTION('',(1.110223024625E-16,-1.,0.));
#3876 = ADVANCED_FACE('',(#3877),#3902,.F.);
#3877 = FACE_BOUND('',#3878,.F.);
#3878 = EDGE_LOOP('',(#3879,#3887,#3888,#3896));
#3879 = ORIENTED_EDGE('',*,*,#3880,.F.);
#3880 = EDGE_CURVE('',#3123,#3881,#3883,.T.);
#3881 = VERTEX_POINT('',#3882);
#3882 = CARTESIAN_POINT('',(2.4,1.43,0.475));
#3883 = LINE('',#3884,#3885);
#3884 = CARTESIAN_POINT('',(2.1,1.43,0.475));
#3885 = VECTOR('',#3886,1.);
#3886 = DIRECTION('',(1.,1.110223024625E-16,0.));
#3887 = ORIENTED_EDGE('',*,*,#3122,.T.);
#3888 = ORIENTED_EDGE('',*,*,#3889,.T.);
#3889 = EDGE_CURVE('',#3115,#3890,#3892,.T.);
#3890 = VERTEX_POINT('',#3891);
#3891 = CARTESIAN_POINT('',(2.4,1.17,0.475));
#3892 = LINE('',#3893,#3894);
#3893 = CARTESIAN_POINT('',(2.1,1.17,0.475));
#3894 = VECTOR('',#3895,1.);
#3895 = DIRECTION('',(1.,1.110223024625E-16,0.));
#3896 = ORIENTED_EDGE('',*,*,#3897,.F.);
#3897 = EDGE_CURVE('',#3881,#3890,#3898,.T.);
#3898 = LINE('',#3899,#3900);
#3899 = CARTESIAN_POINT('',(2.4,1.43,0.475));
#3900 = VECTOR('',#3901,1.);
#3901 = DIRECTION('',(1.110223024625E-16,-1.,0.));
#3902 = PLANE('',#3903);
#3903 = AXIS2_PLACEMENT_3D('',#3904,#3905,#3906);
#3904 = CARTESIAN_POINT('',(2.1,1.43,0.475));
#3905 = DIRECTION('',(0.,0.,1.));
#3906 = DIRECTION('',(1.,1.110223024625E-16,-0.));
#3907 = ADVANCED_FACE('',(#3908),#3933,.F.);
#3908 = FACE_BOUND('',#3909,.F.);
#3909 = EDGE_LOOP('',(#3910,#3918,#3919,#3927));
#3910 = ORIENTED_EDGE('',*,*,#3911,.F.);
#3911 = EDGE_CURVE('',#3115,#3912,#3914,.T.);
#3912 = VERTEX_POINT('',#3913);
#3913 = CARTESIAN_POINT('',(2.2,1.17,0.625));
#3914 = LINE('',#3915,#3916);
#3915 = CARTESIAN_POINT('',(2.2,1.17,0.458946888107));
#3916 = VECTOR('',#3917,1.);
#3917 = DIRECTION('',(0.,0.,1.));
#3918 = ORIENTED_EDGE('',*,*,#3114,.T.);
#3919 = ORIENTED_EDGE('',*,*,#3920,.T.);
#3920 = EDGE_CURVE('',#3107,#3921,#3923,.T.);
#3921 = VERTEX_POINT('',#3922);
#3922 = CARTESIAN_POINT('',(2.2,0.78,0.625));
#3923 = LINE('',#3924,#3925);
#3924 = CARTESIAN_POINT('',(2.2,0.78,0.458946888107));
#3925 = VECTOR('',#3926,1.);
#3926 = DIRECTION('',(0.,0.,1.));
#3927 = ORIENTED_EDGE('',*,*,#3928,.F.);
#3928 = EDGE_CURVE('',#3912,#3921,#3929,.T.);
#3929 = LINE('',#3930,#3931);
#3930 = CARTESIAN_POINT('',(2.2,2.3,0.625));
#3931 = VECTOR('',#3932,1.);
#3932 = DIRECTION('',(1.110223024625E-16,-1.,0.));
#3933 = PLANE('',#3934);
#3934 = AXIS2_PLACEMENT_3D('',#3935,#3936,#3937);
#3935 = CARTESIAN_POINT('',(2.2,2.3,0.625));
#3936 = DIRECTION('',(-1.,-1.110223024625E-16,0.));
#3937 = DIRECTION('',(1.110223024625E-16,-1.,0.));
#3938 = ADVANCED_FACE('',(#3939),#3964,.F.);
#3939 = FACE_BOUND('',#3940,.F.);
#3940 = EDGE_LOOP('',(#3941,#3949,#3950,#3958));
#3941 = ORIENTED_EDGE('',*,*,#3942,.F.);
#3942 = EDGE_CURVE('',#3107,#3943,#3945,.T.);
#3943 = VERTEX_POINT('',#3944);
#3944 = CARTESIAN_POINT('',(2.4,0.78,0.475));
#3945 = LINE('',#3946,#3947);
#3946 = CARTESIAN_POINT('',(2.1,0.78,0.475));
#3947 = VECTOR('',#3948,1.);
#3948 = DIRECTION('',(1.,1.110223024625E-16,0.));
#3949 = ORIENTED_EDGE('',*,*,#3106,.T.);
#3950 = ORIENTED_EDGE('',*,*,#3951,.T.);
#3951 = EDGE_CURVE('',#3099,#3952,#3954,.T.);
#3952 = VERTEX_POINT('',#3953);
#3953 = CARTESIAN_POINT('',(2.4,0.52,0.475));
#3954 = LINE('',#3955,#3956);
#3955 = CARTESIAN_POINT('',(2.1,0.52,0.475));
#3956 = VECTOR('',#3957,1.);
#3957 = DIRECTION('',(1.,1.110223024625E-16,0.));
#3958 = ORIENTED_EDGE('',*,*,#3959,.F.);
#3959 = EDGE_CURVE('',#3943,#3952,#3960,.T.);
#3960 = LINE('',#3961,#3962);
#3961 = CARTESIAN_POINT('',(2.4,0.78,0.475));
#3962 = VECTOR('',#3963,1.);
#3963 = DIRECTION('',(1.110223024625E-16,-1.,0.));
#3964 = PLANE('',#3965);
#3965 = AXIS2_PLACEMENT_3D('',#3966,#3967,#3968);
#3966 = CARTESIAN_POINT('',(2.1,0.78,0.475));
#3967 = DIRECTION('',(0.,0.,1.));
#3968 = DIRECTION('',(1.,1.110223024625E-16,-0.));
#3969 = ADVANCED_FACE('',(#3970),#3995,.F.);
#3970 = FACE_BOUND('',#3971,.F.);
#3971 = EDGE_LOOP('',(#3972,#3980,#3981,#3989));
#3972 = ORIENTED_EDGE('',*,*,#3973,.F.);
#3973 = EDGE_CURVE('',#3099,#3974,#3976,.T.);
#3974 = VERTEX_POINT('',#3975);
#3975 = CARTESIAN_POINT('',(2.2,0.52,0.625));
#3976 = LINE('',#3977,#3978);
#3977 = CARTESIAN_POINT('',(2.2,0.52,0.458946888107));
#3978 = VECTOR('',#3979,1.);
#3979 = DIRECTION('',(0.,0.,1.));
#3980 = ORIENTED_EDGE('',*,*,#3098,.T.);
#3981 = ORIENTED_EDGE('',*,*,#3982,.T.);
#3982 = EDGE_CURVE('',#3091,#3983,#3985,.T.);
#3983 = VERTEX_POINT('',#3984);
#3984 = CARTESIAN_POINT('',(2.2,0.13,0.625));
#3985 = LINE('',#3986,#3987);
#3986 = CARTESIAN_POINT('',(2.2,0.13,0.458946888107));
#3987 = VECTOR('',#3988,1.);
#3988 = DIRECTION('',(0.,0.,1.));
#3989 = ORIENTED_EDGE('',*,*,#3990,.F.);
#3990 = EDGE_CURVE('',#3974,#3983,#3991,.T.);
#3991 = LINE('',#3992,#3993);
#3992 = CARTESIAN_POINT('',(2.2,2.3,0.625));
#3993 = VECTOR('',#3994,1.);
#3994 = DIRECTION('',(1.110223024625E-16,-1.,0.));
#3995 = PLANE('',#3996);
#3996 = AXIS2_PLACEMENT_3D('',#3997,#3998,#3999);
#3997 = CARTESIAN_POINT('',(2.2,2.3,0.625));
#3998 = DIRECTION('',(-1.,-1.110223024625E-16,0.));
#3999 = DIRECTION('',(1.110223024625E-16,-1.,0.));
#4000 = ADVANCED_FACE('',(#4001),#4026,.F.);
#4001 = FACE_BOUND('',#4002,.F.);
#4002 = EDGE_LOOP('',(#4003,#4011,#4012,#4020));
#4003 = ORIENTED_EDGE('',*,*,#4004,.F.);
#4004 = EDGE_CURVE('',#3091,#4005,#4007,.T.);
#4005 = VERTEX_POINT('',#4006);
#4006 = CARTESIAN_POINT('',(2.4,0.13,0.475));
#4007 = LINE('',#4008,#4009);
#4008 = CARTESIAN_POINT('',(2.1,0.13,0.475));
#4009 = VECTOR('',#4010,1.);
#4010 = DIRECTION('',(1.,1.110223024625E-16,0.));
#4011 = ORIENTED_EDGE('',*,*,#3090,.T.);
#4012 = ORIENTED_EDGE('',*,*,#4013,.T.);
#4013 = EDGE_CURVE('',#3083,#4014,#4016,.T.);
#4014 = VERTEX_POINT('',#4015);
#4015 = CARTESIAN_POINT('',(2.4,-0.13,0.475));
#4016 = LINE('',#4017,#4018);
#4017 = CARTESIAN_POINT('',(2.1,-0.13,0.475));
#4018 = VECTOR('',#4019,1.);
#4019 = DIRECTION('',(1.,1.110223024625E-16,0.));
#4020 = ORIENTED_EDGE('',*,*,#4021,.F.);
#4021 = EDGE_CURVE('',#4005,#4014,#4022,.T.);
#4022 = LINE('',#4023,#4024);
#4023 = CARTESIAN_POINT('',(2.4,0.13,0.475));
#4024 = VECTOR('',#4025,1.);
#4025 = DIRECTION('',(1.110223024625E-16,-1.,0.));
#4026 = PLANE('',#4027);
#4027 = AXIS2_PLACEMENT_3D('',#4028,#4029,#4030);
#4028 = CARTESIAN_POINT('',(2.1,0.13,0.475));
#4029 = DIRECTION('',(0.,0.,1.));
#4030 = DIRECTION('',(1.,1.110223024625E-16,-0.));
#4031 = ADVANCED_FACE('',(#4032),#4057,.F.);
#4032 = FACE_BOUND('',#4033,.F.);
#4033 = EDGE_LOOP('',(#4034,#4042,#4043,#4051));
#4034 = ORIENTED_EDGE('',*,*,#4035,.F.);
#4035 = EDGE_CURVE('',#3083,#4036,#4038,.T.);
#4036 = VERTEX_POINT('',#4037);
#4037 = CARTESIAN_POINT('',(2.2,-0.13,0.625));
#4038 = LINE('',#4039,#4040);
#4039 = CARTESIAN_POINT('',(2.2,-0.13,0.458946888107));
#4040 = VECTOR('',#4041,1.);
#4041 = DIRECTION('',(0.,0.,1.));
#4042 = ORIENTED_EDGE('',*,*,#3082,.T.);
#4043 = ORIENTED_EDGE('',*,*,#4044,.T.);
#4044 = EDGE_CURVE('',#3075,#4045,#4047,.T.);
#4045 = VERTEX_POINT('',#4046);
#4046 = CARTESIAN_POINT('',(2.2,-0.52,0.625));
#4047 = LINE('',#4048,#4049);
#4048 = CARTESIAN_POINT('',(2.2,-0.52,0.458946888107));
#4049 = VECTOR('',#4050,1.);
#4050 = DIRECTION('',(0.,0.,1.));
#4051 = ORIENTED_EDGE('',*,*,#4052,.F.);
#4052 = EDGE_CURVE('',#4036,#4045,#4053,.T.);
#4053 = LINE('',#4054,#4055);
#4054 = CARTESIAN_POINT('',(2.2,2.3,0.625));
#4055 = VECTOR('',#4056,1.);
#4056 = DIRECTION('',(1.110223024625E-16,-1.,0.));
#4057 = PLANE('',#4058);
#4058 = AXIS2_PLACEMENT_3D('',#4059,#4060,#4061);
#4059 = CARTESIAN_POINT('',(2.2,2.3,0.625));
#4060 = DIRECTION('',(-1.,-1.110223024625E-16,0.));
#4061 = DIRECTION('',(1.110223024625E-16,-1.,0.));
#4062 = ADVANCED_FACE('',(#4063),#4088,.F.);
#4063 = FACE_BOUND('',#4064,.F.);
#4064 = EDGE_LOOP('',(#4065,#4073,#4074,#4082));
#4065 = ORIENTED_EDGE('',*,*,#4066,.F.);
#4066 = EDGE_CURVE('',#3075,#4067,#4069,.T.);
#4067 = VERTEX_POINT('',#4068);
#4068 = CARTESIAN_POINT('',(2.4,-0.52,0.475));
#4069 = LINE('',#4070,#4071);
#4070 = CARTESIAN_POINT('',(2.1,-0.52,0.475));
#4071 = VECTOR('',#4072,1.);
#4072 = DIRECTION('',(1.,1.110223024625E-16,0.));
#4073 = ORIENTED_EDGE('',*,*,#3074,.T.);
#4074 = ORIENTED_EDGE('',*,*,#4075,.T.);
#4075 = EDGE_CURVE('',#3067,#4076,#4078,.T.);
#4076 = VERTEX_POINT('',#4077);
#4077 = CARTESIAN_POINT('',(2.4,-0.78,0.475));
#4078 = LINE('',#4079,#4080);
#4079 = CARTESIAN_POINT('',(2.1,-0.78,0.475));
#4080 = VECTOR('',#4081,1.);
#4081 = DIRECTION('',(1.,1.110223024625E-16,0.));
#4082 = ORIENTED_EDGE('',*,*,#4083,.F.);
#4083 = EDGE_CURVE('',#4067,#4076,#4084,.T.);
#4084 = LINE('',#4085,#4086);
#4085 = CARTESIAN_POINT('',(2.4,-0.52,0.475));
#4086 = VECTOR('',#4087,1.);
#4087 = DIRECTION('',(1.110223024625E-16,-1.,0.));
#4088 = PLANE('',#4089);
#4089 = AXIS2_PLACEMENT_3D('',#4090,#4091,#4092);
#4090 = CARTESIAN_POINT('',(2.1,-0.52,0.475));
#4091 = DIRECTION('',(0.,0.,1.));
#4092 = DIRECTION('',(1.,1.110223024625E-16,-0.));
#4093 = ADVANCED_FACE('',(#4094),#4119,.F.);
#4094 = FACE_BOUND('',#4095,.F.);
#4095 = EDGE_LOOP('',(#4096,#4104,#4105,#4113));
#4096 = ORIENTED_EDGE('',*,*,#4097,.F.);
#4097 = EDGE_CURVE('',#3067,#4098,#4100,.T.);
#4098 = VERTEX_POINT('',#4099);
#4099 = CARTESIAN_POINT('',(2.2,-0.78,0.625));
#4100 = LINE('',#4101,#4102);
#4101 = CARTESIAN_POINT('',(2.2,-0.78,0.458946888107));
#4102 = VECTOR('',#4103,1.);
#4103 = DIRECTION('',(0.,0.,1.));
#4104 = ORIENTED_EDGE('',*,*,#3066,.T.);
#4105 = ORIENTED_EDGE('',*,*,#4106,.T.);
#4106 = EDGE_CURVE('',#3059,#4107,#4109,.T.);
#4107 = VERTEX_POINT('',#4108);
#4108 = CARTESIAN_POINT('',(2.2,-1.17,0.625));
#4109 = LINE('',#4110,#4111);
#4110 = CARTESIAN_POINT('',(2.2,-1.17,0.458946888107));
#4111 = VECTOR('',#4112,1.);
#4112 = DIRECTION('',(0.,0.,1.));
#4113 = ORIENTED_EDGE('',*,*,#4114,.F.);
#4114 = EDGE_CURVE('',#4098,#4107,#4115,.T.);
#4115 = LINE('',#4116,#4117);
#4116 = CARTESIAN_POINT('',(2.2,2.3,0.625));
#4117 = VECTOR('',#4118,1.);
#4118 = DIRECTION('',(1.110223024625E-16,-1.,0.));
#4119 = PLANE('',#4120);
#4120 = AXIS2_PLACEMENT_3D('',#4121,#4122,#4123);
#4121 = CARTESIAN_POINT('',(2.2,2.3,0.625));
#4122 = DIRECTION('',(-1.,-1.110223024625E-16,0.));
#4123 = DIRECTION('',(1.110223024625E-16,-1.,0.));
#4124 = ADVANCED_FACE('',(#4125),#4150,.F.);
#4125 = FACE_BOUND('',#4126,.F.);
#4126 = EDGE_LOOP('',(#4127,#4135,#4136,#4144));
#4127 = ORIENTED_EDGE('',*,*,#4128,.F.);
#4128 = EDGE_CURVE('',#3059,#4129,#4131,.T.);
#4129 = VERTEX_POINT('',#4130);
#4130 = CARTESIAN_POINT('',(2.4,-1.17,0.475));
#4131 = LINE('',#4132,#4133);
#4132 = CARTESIAN_POINT('',(2.1,-1.17,0.475));
#4133 = VECTOR('',#4134,1.);
#4134 = DIRECTION('',(1.,1.110223024625E-16,0.));
#4135 = ORIENTED_EDGE('',*,*,#3058,.T.);
#4136 = ORIENTED_EDGE('',*,*,#4137,.T.);
#4137 = EDGE_CURVE('',#3051,#4138,#4140,.T.);
#4138 = VERTEX_POINT('',#4139);
#4139 = CARTESIAN_POINT('',(2.4,-1.43,0.475));
#4140 = LINE('',#4141,#4142);
#4141 = CARTESIAN_POINT('',(2.1,-1.43,0.475));
#4142 = VECTOR('',#4143,1.);
#4143 = DIRECTION('',(1.,1.110223024625E-16,0.));
#4144 = ORIENTED_EDGE('',*,*,#4145,.F.);
#4145 = EDGE_CURVE('',#4129,#4138,#4146,.T.);
#4146 = LINE('',#4147,#4148);
#4147 = CARTESIAN_POINT('',(2.4,-1.17,0.475));
#4148 = VECTOR('',#4149,1.);
#4149 = DIRECTION('',(1.110223024625E-16,-1.,0.));
#4150 = PLANE('',#4151);
#4151 = AXIS2_PLACEMENT_3D('',#4152,#4153,#4154);
#4152 = CARTESIAN_POINT('',(2.1,-1.17,0.475));
#4153 = DIRECTION('',(0.,0.,1.));
#4154 = DIRECTION('',(1.,1.110223024625E-16,-0.));
#4155 = ADVANCED_FACE('',(#4156),#4181,.F.);
#4156 = FACE_BOUND('',#4157,.F.);
#4157 = EDGE_LOOP('',(#4158,#4166,#4167,#4175));
#4158 = ORIENTED_EDGE('',*,*,#4159,.F.);
#4159 = EDGE_CURVE('',#3051,#4160,#4162,.T.);
#4160 = VERTEX_POINT('',#4161);
#4161 = CARTESIAN_POINT('',(2.2,-1.43,0.625));
#4162 = LINE('',#4163,#4164);
#4163 = CARTESIAN_POINT('',(2.2,-1.43,0.458946888107));
#4164 = VECTOR('',#4165,1.);
#4165 = DIRECTION('',(0.,0.,1.));
#4166 = ORIENTED_EDGE('',*,*,#3050,.T.);
#4167 = ORIENTED_EDGE('',*,*,#4168,.T.);
#4168 = EDGE_CURVE('',#3043,#4169,#4171,.T.);
#4169 = VERTEX_POINT('',#4170);
#4170 = CARTESIAN_POINT('',(2.2,-1.82,0.625));
#4171 = LINE('',#4172,#4173);
#4172 = CARTESIAN_POINT('',(2.2,-1.82,0.458946888107));
#4173 = VECTOR('',#4174,1.);
#4174 = DIRECTION('',(0.,0.,1.));
#4175 = ORIENTED_EDGE('',*,*,#4176,.F.);
#4176 = EDGE_CURVE('',#4160,#4169,#4177,.T.);
#4177 = LINE('',#4178,#4179);
#4178 = CARTESIAN_POINT('',(2.2,2.3,0.625));
#4179 = VECTOR('',#4180,1.);
#4180 = DIRECTION('',(1.110223024625E-16,-1.,0.));
#4181 = PLANE('',#4182);
#4182 = AXIS2_PLACEMENT_3D('',#4183,#4184,#4185);
#4183 = CARTESIAN_POINT('',(2.2,2.3,0.625));
#4184 = DIRECTION('',(-1.,-1.110223024625E-16,0.));
#4185 = DIRECTION('',(1.110223024625E-16,-1.,0.));
#4186 = ADVANCED_FACE('',(#4187),#4212,.F.);
#4187 = FACE_BOUND('',#4188,.F.);
#4188 = EDGE_LOOP('',(#4189,#4197,#4198,#4206));
#4189 = ORIENTED_EDGE('',*,*,#4190,.F.);
#4190 = EDGE_CURVE('',#3043,#4191,#4193,.T.);
#4191 = VERTEX_POINT('',#4192);
#4192 = CARTESIAN_POINT('',(2.4,-1.82,0.475));
#4193 = LINE('',#4194,#4195);
#4194 = CARTESIAN_POINT('',(2.1,-1.82,0.475));
#4195 = VECTOR('',#4196,1.);
#4196 = DIRECTION('',(1.,1.110223024625E-16,0.));
#4197 = ORIENTED_EDGE('',*,*,#3042,.T.);
#4198 = ORIENTED_EDGE('',*,*,#4199,.T.);
#4199 = EDGE_CURVE('',#3035,#4200,#4202,.T.);
#4200 = VERTEX_POINT('',#4201);
#4201 = CARTESIAN_POINT('',(2.4,-2.08,0.475));
#4202 = LINE('',#4203,#4204);
#4203 = CARTESIAN_POINT('',(2.1,-2.08,0.475));
#4204 = VECTOR('',#4205,1.);
#4205 = DIRECTION('',(1.,1.110223024625E-16,0.));
#4206 = ORIENTED_EDGE('',*,*,#4207,.F.);
#4207 = EDGE_CURVE('',#4191,#4200,#4208,.T.);
#4208 = LINE('',#4209,#4210);
#4209 = CARTESIAN_POINT('',(2.4,-1.82,0.475));
#4210 = VECTOR('',#4211,1.);
#4211 = DIRECTION('',(1.110223024625E-16,-1.,0.));
#4212 = PLANE('',#4213);
#4213 = AXIS2_PLACEMENT_3D('',#4214,#4215,#4216);
#4214 = CARTESIAN_POINT('',(2.1,-1.82,0.475));
#4215 = DIRECTION('',(0.,0.,1.));
#4216 = DIRECTION('',(1.,1.110223024625E-16,-0.));
#4217 = ADVANCED_FACE('',(#4218),#4242,.F.);
#4218 = FACE_BOUND('',#4219,.F.);
#4219 = EDGE_LOOP('',(#4220,#4228,#4229,#4236));
#4220 = ORIENTED_EDGE('',*,*,#4221,.F.);
#4221 = EDGE_CURVE('',#3035,#4222,#4224,.T.);
#4222 = VERTEX_POINT('',#4223);
#4223 = CARTESIAN_POINT('',(2.2,-2.08,0.625));
#4224 = LINE('',#4225,#4226);
#4225 = CARTESIAN_POINT('',(2.2,-2.08,0.458946888107));
#4226 = VECTOR('',#4227,1.);
#4227 = DIRECTION('',(0.,0.,1.));
#4228 = ORIENTED_EDGE('',*,*,#3034,.T.);
#4229 = ORIENTED_EDGE('',*,*,#4230,.T.);
#4230 = EDGE_CURVE('',#3028,#4231,#4233,.T.);
#4231 = VERTEX_POINT('',#4232);
#4232 = CARTESIAN_POINT('',(2.2,-2.3,0.625));
#4233 = B_SPLINE_CURVE_WITH_KNOTS('',1,(#4234,#4235),.UNSPECIFIED.,.F.,
  .F.,(2,2),(0.,1.),.PIECEWISE_BEZIER_KNOTS.);
#4234 = CARTESIAN_POINT('',(2.2,-2.3,0.475));
#4235 = CARTESIAN_POINT('',(2.2,-2.3,0.625));
#4236 = ORIENTED_EDGE('',*,*,#4237,.F.);
#4237 = EDGE_CURVE('',#4222,#4231,#4238,.T.);
#4238 = LINE('',#4239,#4240);
#4239 = CARTESIAN_POINT('',(2.2,2.3,0.625));
#4240 = VECTOR('',#4241,1.);
#4241 = DIRECTION('',(1.110223024625E-16,-1.,0.));
#4242 = PLANE('',#4243);
#4243 = AXIS2_PLACEMENT_3D('',#4244,#4245,#4246);
#4244 = CARTESIAN_POINT('',(2.2,2.3,0.625));
#4245 = DIRECTION('',(-1.,-1.110223024625E-16,0.));
#4246 = DIRECTION('',(1.110223024625E-16,-1.,0.));
#4247 = ADVANCED_FACE('',(#4248),#4265,.F.);
#4248 = FACE_BOUND('',#4249,.F.);
#4249 = EDGE_LOOP('',(#4250,#4251,#4252,#4260));
#4250 = ORIENTED_EDGE('',*,*,#3163,.T.);
#4251 = ORIENTED_EDGE('',*,*,#3351,.T.);
#4252 = ORIENTED_EDGE('',*,*,#4253,.F.);
#4253 = EDGE_CURVE('',#4254,#3352,#4256,.T.);
#4254 = VERTEX_POINT('',#4255);
#4255 = CARTESIAN_POINT('',(-2.,-2.5,0.625));
#4256 = LINE('',#4257,#4258);
#4257 = CARTESIAN_POINT('',(-2.,-2.5,0.625));
#4258 = VECTOR('',#4259,1.);
#4259 = DIRECTION('',(-0.707106781187,0.707106781187,0.));
#4260 = ORIENTED_EDGE('',*,*,#4261,.F.);
#4261 = EDGE_CURVE('',#3164,#4254,#4262,.T.);
#4262 = B_SPLINE_CURVE_WITH_KNOTS('',1,(#4263,#4264),.UNSPECIFIED.,.F.,
  .F.,(2,2),(0.,1.),.PIECEWISE_BEZIER_KNOTS.);
#4263 = CARTESIAN_POINT('',(-2.,-2.5,0.475));
#4264 = CARTESIAN_POINT('',(-2.,-2.5,0.625));
#4265 = PLANE('',#4266);
#4266 = AXIS2_PLACEMENT_3D('',#4267,#4268,#4269);
#4267 = CARTESIAN_POINT('',(-2.,-2.5,0.625));
#4268 = DIRECTION('',(0.707106781187,0.707106781187,0.));
#4269 = DIRECTION('',(-0.707106781187,0.707106781187,0.));
#4270 = ADVANCED_FACE('',(#4271),#4288,.F.);
#4271 = FACE_BOUND('',#4272,.F.);
#4272 = EDGE_LOOP('',(#4273,#4274,#4281,#4287));
#4273 = ORIENTED_EDGE('',*,*,#3192,.T.);
#4274 = ORIENTED_EDGE('',*,*,#4275,.T.);
#4275 = EDGE_CURVE('',#3186,#4276,#4278,.T.);
#4276 = VERTEX_POINT('',#4277);
#4277 = CARTESIAN_POINT('',(2.,-2.5,0.625));
#4278 = B_SPLINE_CURVE_WITH_KNOTS('',1,(#4279,#4280),.UNSPECIFIED.,.F.,
  .F.,(2,2),(0.,1.),.PIECEWISE_BEZIER_KNOTS.);
#4279 = CARTESIAN_POINT('',(2.,-2.5,0.475));
#4280 = CARTESIAN_POINT('',(2.,-2.5,0.625));
#4281 = ORIENTED_EDGE('',*,*,#4282,.F.);
#4282 = EDGE_CURVE('',#4231,#4276,#4283,.T.);
#4283 = LINE('',#4284,#4285);
#4284 = CARTESIAN_POINT('',(2.2,-2.3,0.625));
#4285 = VECTOR('',#4286,1.);
#4286 = DIRECTION('',(-0.707106781187,-0.707106781187,0.));
#4287 = ORIENTED_EDGE('',*,*,#4230,.F.);
#4288 = PLANE('',#4289);
#4289 = AXIS2_PLACEMENT_3D('',#4290,#4291,#4292);
#4290 = CARTESIAN_POINT('',(2.2,-2.3,0.625));
#4291 = DIRECTION('',(-0.707106781187,0.707106781187,0.));
#4292 = DIRECTION('',(-0.707106781187,-0.707106781187,0.));
#4293 = ADVANCED_FACE('',(#4294),#4305,.F.);
#4294 = FACE_BOUND('',#4295,.F.);
#4295 = EDGE_LOOP('',(#4296,#4297,#4298,#4304));
#4296 = ORIENTED_EDGE('',*,*,#3209,.T.);
#4297 = ORIENTED_EDGE('',*,*,#4261,.T.);
#4298 = ORIENTED_EDGE('',*,*,#4299,.F.);
#4299 = EDGE_CURVE('',#4276,#4254,#4300,.T.);
#4300 = LINE('',#4301,#4302);
#4301 = CARTESIAN_POINT('',(2.,-2.5,0.625));
#4302 = VECTOR('',#4303,1.);
#4303 = DIRECTION('',(-1.,-1.110223024625E-16,0.));
#4304 = ORIENTED_EDGE('',*,*,#4275,.F.);
#4305 = PLANE('',#4306);
#4306 = AXIS2_PLACEMENT_3D('',#4307,#4308,#4309);
#4307 = CARTESIAN_POINT('',(2.,-2.5,0.625));
#4308 = DIRECTION('',(-1.110223024625E-16,1.,0.));
#4309 = DIRECTION('',(-1.,-1.110223024625E-16,0.));
#4310 = ADVANCED_FACE('',(#4311),#4350,.F.);
#4311 = FACE_BOUND('',#4312,.F.);
#4312 = EDGE_LOOP('',(#4313,#4321,#4329,#4335,#4336,#4344));
#4313 = ORIENTED_EDGE('',*,*,#4314,.F.);
#4314 = EDGE_CURVE('',#4315,#3732,#4317,.T.);
#4315 = VERTEX_POINT('',#4316);
#4316 = CARTESIAN_POINT('',(-2.4,1.82,0.625));
#4317 = LINE('',#4318,#4319);
#4318 = CARTESIAN_POINT('',(-2.4,1.82,0.625));
#4319 = VECTOR('',#4320,1.);
#4320 = DIRECTION('',(1.,-1.144237745222E-17,0.));
#4321 = ORIENTED_EDGE('',*,*,#4322,.T.);
#4322 = EDGE_CURVE('',#4315,#4323,#4325,.T.);
#4323 = VERTEX_POINT('',#4324);
#4324 = CARTESIAN_POINT('',(-2.4,2.08,0.625));
#4325 = LINE('',#4326,#4327);
#4326 = CARTESIAN_POINT('',(-2.4,1.82,0.625));
#4327 = VECTOR('',#4328,1.);
#4328 = DIRECTION('',(1.144237745222E-17,1.,0.));
#4329 = ORIENTED_EDGE('',*,*,#4330,.T.);
#4330 = EDGE_CURVE('',#4323,#3314,#4331,.T.);
#4331 = LINE('',#4332,#4333);
#4332 = CARTESIAN_POINT('',(-2.4,2.08,0.625));
#4333 = VECTOR('',#4334,1.);
#4334 = DIRECTION('',(1.,-1.144237745222E-17,0.));
#4335 = ORIENTED_EDGE('',*,*,#3313,.T.);
#4336 = ORIENTED_EDGE('',*,*,#4337,.F.);
#4337 = EDGE_CURVE('',#4338,#3306,#4340,.T.);
#4338 = VERTEX_POINT('',#4339);
#4339 = CARTESIAN_POINT('',(-2.15,1.82,0.625));
#4340 = LINE('',#4341,#4342);
#4341 = CARTESIAN_POINT('',(-2.15,-2.275,0.625));
#4342 = VECTOR('',#4343,1.);
#4343 = DIRECTION('',(-1.110223024625E-16,1.,0.));
#4344 = ORIENTED_EDGE('',*,*,#4345,.F.);
#4345 = EDGE_CURVE('',#3732,#4338,#4346,.T.);
#4346 = LINE('',#4347,#4348);
#4347 = CARTESIAN_POINT('',(-2.4,1.82,0.625));
#4348 = VECTOR('',#4349,1.);
#4349 = DIRECTION('',(1.,-1.144237745222E-17,0.));
#4350 = PLANE('',#4351);
#4351 = AXIS2_PLACEMENT_3D('',#4352,#4353,#4354);
#4352 = CARTESIAN_POINT('',(-2.4,1.82,0.625));
#4353 = DIRECTION('',(0.,0.,-1.));
#4354 = DIRECTION('',(1.,-1.144237745222E-17,0.));
#4355 = ADVANCED_FACE('',(#4356),#4484,.F.);
#4356 = FACE_BOUND('',#4357,.F.);
#4357 = EDGE_LOOP('',(#4358,#4368,#4376,#4384,#4392,#4400,#4408,#4416,
    #4424,#4432,#4440,#4448,#4456,#4462,#4463,#4464,#4471,#4479));
#4358 = ORIENTED_EDGE('',*,*,#4359,.T.);
#4359 = EDGE_CURVE('',#4360,#4362,#4364,.T.);
#4360 = VERTEX_POINT('',#4361);
#4361 = CARTESIAN_POINT('',(-2.15,-2.275,0.625));
#4362 = VERTEX_POINT('',#4363);
#4363 = CARTESIAN_POINT('',(-2.15,-2.08,0.625));
#4364 = LINE('',#4365,#4366);
#4365 = CARTESIAN_POINT('',(-2.15,-2.275,0.625));
#4366 = VECTOR('',#4367,1.);
#4367 = DIRECTION('',(-1.110223024625E-16,1.,0.));
#4368 = ORIENTED_EDGE('',*,*,#4369,.T.);
#4369 = EDGE_CURVE('',#4362,#4370,#4372,.T.);
#4370 = VERTEX_POINT('',#4371);
#4371 = CARTESIAN_POINT('',(-2.15,-1.82,0.625));
#4372 = LINE('',#4373,#4374);
#4373 = CARTESIAN_POINT('',(-2.15,-2.275,0.625));
#4374 = VECTOR('',#4375,1.);
#4375 = DIRECTION('',(-1.110223024625E-16,1.,0.));
#4376 = ORIENTED_EDGE('',*,*,#4377,.T.);
#4377 = EDGE_CURVE('',#4370,#4378,#4380,.T.);
#4378 = VERTEX_POINT('',#4379);
#4379 = CARTESIAN_POINT('',(-2.15,-1.43,0.625));
#4380 = LINE('',#4381,#4382);
#4381 = CARTESIAN_POINT('',(-2.15,-2.275,0.625));
#4382 = VECTOR('',#4383,1.);
#4383 = DIRECTION('',(-1.110223024625E-16,1.,0.));
#4384 = ORIENTED_EDGE('',*,*,#4385,.T.);
#4385 = EDGE_CURVE('',#4378,#4386,#4388,.T.);
#4386 = VERTEX_POINT('',#4387);
#4387 = CARTESIAN_POINT('',(-2.15,-1.17,0.625));
#4388 = LINE('',#4389,#4390);
#4389 = CARTESIAN_POINT('',(-2.15,-2.275,0.625));
#4390 = VECTOR('',#4391,1.);
#4391 = DIRECTION('',(-1.110223024625E-16,1.,0.));
#4392 = ORIENTED_EDGE('',*,*,#4393,.T.);
#4393 = EDGE_CURVE('',#4386,#4394,#4396,.T.);
#4394 = VERTEX_POINT('',#4395);
#4395 = CARTESIAN_POINT('',(-2.15,-0.78,0.625));
#4396 = LINE('',#4397,#4398);
#4397 = CARTESIAN_POINT('',(-2.15,-2.275,0.625));
#4398 = VECTOR('',#4399,1.);
#4399 = DIRECTION('',(-1.110223024625E-16,1.,0.));
#4400 = ORIENTED_EDGE('',*,*,#4401,.T.);
#4401 = EDGE_CURVE('',#4394,#4402,#4404,.T.);
#4402 = VERTEX_POINT('',#4403);
#4403 = CARTESIAN_POINT('',(-2.15,-0.52,0.625));
#4404 = LINE('',#4405,#4406);
#4405 = CARTESIAN_POINT('',(-2.15,-2.275,0.625));
#4406 = VECTOR('',#4407,1.);
#4407 = DIRECTION('',(-1.110223024625E-16,1.,0.));
#4408 = ORIENTED_EDGE('',*,*,#4409,.T.);
#4409 = EDGE_CURVE('',#4402,#4410,#4412,.T.);
#4410 = VERTEX_POINT('',#4411);
#4411 = CARTESIAN_POINT('',(-2.15,-0.13,0.625));
#4412 = LINE('',#4413,#4414);
#4413 = CARTESIAN_POINT('',(-2.15,-2.275,0.625));
#4414 = VECTOR('',#4415,1.);
#4415 = DIRECTION('',(-1.110223024625E-16,1.,0.));
#4416 = ORIENTED_EDGE('',*,*,#4417,.T.);
#4417 = EDGE_CURVE('',#4410,#4418,#4420,.T.);
#4418 = VERTEX_POINT('',#4419);
#4419 = CARTESIAN_POINT('',(-2.15,0.13,0.625));
#4420 = LINE('',#4421,#4422);
#4421 = CARTESIAN_POINT('',(-2.15,-2.275,0.625));
#4422 = VECTOR('',#4423,1.);
#4423 = DIRECTION('',(-1.110223024625E-16,1.,0.));
#4424 = ORIENTED_EDGE('',*,*,#4425,.T.);
#4425 = EDGE_CURVE('',#4418,#4426,#4428,.T.);
#4426 = VERTEX_POINT('',#4427);
#4427 = CARTESIAN_POINT('',(-2.15,0.52,0.625));
#4428 = LINE('',#4429,#4430);
#4429 = CARTESIAN_POINT('',(-2.15,-2.275,0.625));
#4430 = VECTOR('',#4431,1.);
#4431 = DIRECTION('',(-1.110223024625E-16,1.,0.));
#4432 = ORIENTED_EDGE('',*,*,#4433,.T.);
#4433 = EDGE_CURVE('',#4426,#4434,#4436,.T.);
#4434 = VERTEX_POINT('',#4435);
#4435 = CARTESIAN_POINT('',(-2.15,0.78,0.625));
#4436 = LINE('',#4437,#4438);
#4437 = CARTESIAN_POINT('',(-2.15,-2.275,0.625));
#4438 = VECTOR('',#4439,1.);
#4439 = DIRECTION('',(-1.110223024625E-16,1.,0.));
#4440 = ORIENTED_EDGE('',*,*,#4441,.T.);
#4441 = EDGE_CURVE('',#4434,#4442,#4444,.T.);
#4442 = VERTEX_POINT('',#4443);
#4443 = CARTESIAN_POINT('',(-2.15,1.17,0.625));
#4444 = LINE('',#4445,#4446);
#4445 = CARTESIAN_POINT('',(-2.15,-2.275,0.625));
#4446 = VECTOR('',#4447,1.);
#4447 = DIRECTION('',(-1.110223024625E-16,1.,0.));
#4448 = ORIENTED_EDGE('',*,*,#4449,.T.);
#4449 = EDGE_CURVE('',#4442,#4450,#4452,.T.);
#4450 = VERTEX_POINT('',#4451);
#4451 = CARTESIAN_POINT('',(-2.15,1.43,0.625));
#4452 = LINE('',#4453,#4454);
#4453 = CARTESIAN_POINT('',(-2.15,-2.275,0.625));
#4454 = VECTOR('',#4455,1.);
#4455 = DIRECTION('',(-1.110223024625E-16,1.,0.));
#4456 = ORIENTED_EDGE('',*,*,#4457,.T.);
#4457 = EDGE_CURVE('',#4450,#4338,#4458,.T.);
#4458 = LINE('',#4459,#4460);
#4459 = CARTESIAN_POINT('',(-2.15,-2.275,0.625));
#4460 = VECTOR('',#4461,1.);
#4461 = DIRECTION('',(-1.110223024625E-16,1.,0.));
#4462 = ORIENTED_EDGE('',*,*,#4337,.T.);
#4463 = ORIENTED_EDGE('',*,*,#3305,.T.);
#4464 = ORIENTED_EDGE('',*,*,#4465,.T.);
#4465 = EDGE_CURVE('',#3298,#4466,#4468,.T.);
#4466 = VERTEX_POINT('',#4467);
#4467 = CARTESIAN_POINT('',(-2.070291289374,2.235145644687,1.));
#4468 = B_SPLINE_CURVE_WITH_KNOTS('',1,(#4469,#4470),.UNSPECIFIED.,.F.,
  .F.,(2,2),(0.,1.),.PIECEWISE_BEZIER_KNOTS.);
#4469 = CARTESIAN_POINT('',(-2.15,2.275,0.625));
#4470 = CARTESIAN_POINT('',(-2.070291289374,2.235145644687,1.));
#4471 = ORIENTED_EDGE('',*,*,#4472,.F.);
#4472 = EDGE_CURVE('',#4473,#4466,#4475,.T.);
#4473 = VERTEX_POINT('',#4474);
#4474 = CARTESIAN_POINT('',(-2.070291289374,-2.235145644687,1.));
#4475 = LINE('',#4476,#4477);
#4476 = CARTESIAN_POINT('',(-2.070291289374,-2.235145644687,1.));
#4477 = VECTOR('',#4478,1.);
#4478 = DIRECTION('',(-1.110223024625E-16,1.,0.));
#4479 = ORIENTED_EDGE('',*,*,#4480,.F.);
#4480 = EDGE_CURVE('',#4360,#4473,#4481,.T.);
#4481 = B_SPLINE_CURVE_WITH_KNOTS('',1,(#4482,#4483),.UNSPECIFIED.,.F.,
  .F.,(2,2),(0.,1.),.PIECEWISE_BEZIER_KNOTS.);
#4482 = CARTESIAN_POINT('',(-2.15,-2.275,0.625));
#4483 = CARTESIAN_POINT('',(-2.070291289374,-2.235145644687,1.));
#4484 = B_SPLINE_SURFACE_WITH_KNOTS('',1,1,(
    (#4485,#4486)
    ,(#4487,#4488
    )),.UNSPECIFIED.,.F.,.F.,.F.,(2,2),(2,2),(0.,4.55),(0.,1.),
  .PIECEWISE_BEZIER_KNOTS.);
#4485 = CARTESIAN_POINT('',(-2.15,-2.275,0.625));
#4486 = CARTESIAN_POINT('',(-2.070291289374,-2.235145644687,1.));
#4487 = CARTESIAN_POINT('',(-2.15,2.275,0.625));
#4488 = CARTESIAN_POINT('',(-2.070291289374,2.235145644687,1.));
#4489 = ADVANCED_FACE('',(#4490),#4507,.F.);
#4490 = FACE_BOUND('',#4491,.F.);
#4491 = EDGE_LOOP('',(#4492,#4493,#4500,#4506));
#4492 = ORIENTED_EDGE('',*,*,#3297,.T.);
#4493 = ORIENTED_EDGE('',*,*,#4494,.T.);
#4494 = EDGE_CURVE('',#3290,#4495,#4497,.T.);
#4495 = VERTEX_POINT('',#4496);
#4496 = CARTESIAN_POINT('',(-1.935145644687,2.370291289374,1.));
#4497 = B_SPLINE_CURVE_WITH_KNOTS('',1,(#4498,#4499),.UNSPECIFIED.,.F.,
  .F.,(2,2),(0.,1.),.PIECEWISE_BEZIER_KNOTS.);
#4498 = CARTESIAN_POINT('',(-1.975,2.45,0.625));
#4499 = CARTESIAN_POINT('',(-1.935145644687,2.370291289374,1.));
#4500 = ORIENTED_EDGE('',*,*,#4501,.F.);
#4501 = EDGE_CURVE('',#4466,#4495,#4502,.T.);
#4502 = LINE('',#4503,#4504);
#4503 = CARTESIAN_POINT('',(-2.070291289374,2.235145644687,1.));
#4504 = VECTOR('',#4505,1.);
#4505 = DIRECTION('',(0.707106781187,0.707106781187,0.));
#4506 = ORIENTED_EDGE('',*,*,#4465,.F.);
#4507 = B_SPLINE_SURFACE_WITH_KNOTS('',1,1,(
    (#4508,#4509)
    ,(#4510,#4511
    )),.UNSPECIFIED.,.F.,.F.,.F.,(2,2),(2,2),(0.,0.247487373415),(0.,1.)
  ,.PIECEWISE_BEZIER_KNOTS.);
#4508 = CARTESIAN_POINT('',(-2.15,2.275,0.625));
#4509 = CARTESIAN_POINT('',(-2.070291289374,2.235145644687,1.));
#4510 = CARTESIAN_POINT('',(-1.975,2.45,0.625));
#4511 = CARTESIAN_POINT('',(-1.935145644687,2.370291289374,1.));
#4512 = ADVANCED_FACE('',(#4513),#4530,.F.);
#4513 = FACE_BOUND('',#4514,.F.);
#4514 = EDGE_LOOP('',(#4515,#4516,#4523,#4529));
#4515 = ORIENTED_EDGE('',*,*,#3289,.T.);
#4516 = ORIENTED_EDGE('',*,*,#4517,.T.);
#4517 = EDGE_CURVE('',#3282,#4518,#4520,.T.);
#4518 = VERTEX_POINT('',#4519);
#4519 = CARTESIAN_POINT('',(1.935145644687,2.370291289374,1.));
#4520 = B_SPLINE_CURVE_WITH_KNOTS('',1,(#4521,#4522),.UNSPECIFIED.,.F.,
  .F.,(2,2),(0.,1.),.PIECEWISE_BEZIER_KNOTS.);
#4521 = CARTESIAN_POINT('',(1.975,2.45,0.625));
#4522 = CARTESIAN_POINT('',(1.935145644687,2.370291289374,1.));
#4523 = ORIENTED_EDGE('',*,*,#4524,.F.);
#4524 = EDGE_CURVE('',#4495,#4518,#4525,.T.);
#4525 = LINE('',#4526,#4527);
#4526 = CARTESIAN_POINT('',(-1.935145644687,2.370291289374,1.));
#4527 = VECTOR('',#4528,1.);
#4528 = DIRECTION('',(1.,1.110223024625E-16,0.));
#4529 = ORIENTED_EDGE('',*,*,#4494,.F.);
#4530 = B_SPLINE_SURFACE_WITH_KNOTS('',1,1,(
    (#4531,#4532)
    ,(#4533,#4534
    )),.UNSPECIFIED.,.F.,.F.,.F.,(2,2),(2,2),(0.,3.95),(0.,1.),
  .PIECEWISE_BEZIER_KNOTS.);
#4531 = CARTESIAN_POINT('',(-1.975,2.45,0.625));
#4532 = CARTESIAN_POINT('',(-1.935145644687,2.370291289374,1.));
#4533 = CARTESIAN_POINT('',(1.975,2.45,0.625));
#4534 = CARTESIAN_POINT('',(1.935145644687,2.370291289374,1.));
#4535 = ADVANCED_FACE('',(#4536),#4553,.F.);
#4536 = FACE_BOUND('',#4537,.F.);
#4537 = EDGE_LOOP('',(#4538,#4539,#4546,#4552));
#4538 = ORIENTED_EDGE('',*,*,#3281,.T.);
#4539 = ORIENTED_EDGE('',*,*,#4540,.T.);
#4540 = EDGE_CURVE('',#3274,#4541,#4543,.T.);
#4541 = VERTEX_POINT('',#4542);
#4542 = CARTESIAN_POINT('',(2.070291289374,2.235145644687,1.));
#4543 = B_SPLINE_CURVE_WITH_KNOTS('',1,(#4544,#4545),.UNSPECIFIED.,.F.,
  .F.,(2,2),(0.,1.),.PIECEWISE_BEZIER_KNOTS.);
#4544 = CARTESIAN_POINT('',(2.15,2.275,0.625));
#4545 = CARTESIAN_POINT('',(2.070291289374,2.235145644687,1.));
#4546 = ORIENTED_EDGE('',*,*,#4547,.F.);
#4547 = EDGE_CURVE('',#4518,#4541,#4548,.T.);
#4548 = LINE('',#4549,#4550);
#4549 = CARTESIAN_POINT('',(1.935145644687,2.370291289374,1.));
#4550 = VECTOR('',#4551,1.);
#4551 = DIRECTION('',(0.707106781187,-0.707106781187,0.));
#4552 = ORIENTED_EDGE('',*,*,#4517,.F.);
#4553 = B_SPLINE_SURFACE_WITH_KNOTS('',1,1,(
    (#4554,#4555)
    ,(#4556,#4557
    )),.UNSPECIFIED.,.F.,.F.,.F.,(2,2),(2,2),(0.,0.247487373415),(0.,1.)
  ,.PIECEWISE_BEZIER_KNOTS.);
#4554 = CARTESIAN_POINT('',(1.975,2.45,0.625));
#4555 = CARTESIAN_POINT('',(1.935145644687,2.370291289374,1.));
#4556 = CARTESIAN_POINT('',(2.15,2.275,0.625));
#4557 = CARTESIAN_POINT('',(2.070291289374,2.235145644687,1.));
#4558 = ADVANCED_FACE('',(#4559),#4688,.F.);
#4559 = FACE_BOUND('',#4560,.F.);
#4560 = EDGE_LOOP('',(#4561,#4562,#4570,#4578,#4586,#4594,#4602,#4610,
    #4618,#4626,#4634,#4642,#4650,#4658,#4666,#4674,#4681,#4687));
#4561 = ORIENTED_EDGE('',*,*,#3273,.T.);
#4562 = ORIENTED_EDGE('',*,*,#4563,.T.);
#4563 = EDGE_CURVE('',#3266,#4564,#4566,.T.);
#4564 = VERTEX_POINT('',#4565);
#4565 = CARTESIAN_POINT('',(2.15,1.82,0.625));
#4566 = LINE('',#4567,#4568);
#4567 = CARTESIAN_POINT('',(2.15,2.275,0.625));
#4568 = VECTOR('',#4569,1.);
#4569 = DIRECTION('',(1.110223024625E-16,-1.,0.));
#4570 = ORIENTED_EDGE('',*,*,#4571,.T.);
#4571 = EDGE_CURVE('',#4564,#4572,#4574,.T.);
#4572 = VERTEX_POINT('',#4573);
#4573 = CARTESIAN_POINT('',(2.15,1.43,0.625));
#4574 = LINE('',#4575,#4576);
#4575 = CARTESIAN_POINT('',(2.15,2.275,0.625));
#4576 = VECTOR('',#4577,1.);
#4577 = DIRECTION('',(1.110223024625E-16,-1.,0.));
#4578 = ORIENTED_EDGE('',*,*,#4579,.T.);
#4579 = EDGE_CURVE('',#4572,#4580,#4582,.T.);
#4580 = VERTEX_POINT('',#4581);
#4581 = CARTESIAN_POINT('',(2.15,1.17,0.625));
#4582 = LINE('',#4583,#4584);
#4583 = CARTESIAN_POINT('',(2.15,2.275,0.625));
#4584 = VECTOR('',#4585,1.);
#4585 = DIRECTION('',(1.110223024625E-16,-1.,0.));
#4586 = ORIENTED_EDGE('',*,*,#4587,.T.);
#4587 = EDGE_CURVE('',#4580,#4588,#4590,.T.);
#4588 = VERTEX_POINT('',#4589);
#4589 = CARTESIAN_POINT('',(2.15,0.78,0.625));
#4590 = LINE('',#4591,#4592);
#4591 = CARTESIAN_POINT('',(2.15,2.275,0.625));
#4592 = VECTOR('',#4593,1.);
#4593 = DIRECTION('',(1.110223024625E-16,-1.,0.));
#4594 = ORIENTED_EDGE('',*,*,#4595,.T.);
#4595 = EDGE_CURVE('',#4588,#4596,#4598,.T.);
#4596 = VERTEX_POINT('',#4597);
#4597 = CARTESIAN_POINT('',(2.15,0.52,0.625));
#4598 = LINE('',#4599,#4600);
#4599 = CARTESIAN_POINT('',(2.15,2.275,0.625));
#4600 = VECTOR('',#4601,1.);
#4601 = DIRECTION('',(1.110223024625E-16,-1.,0.));
#4602 = ORIENTED_EDGE('',*,*,#4603,.T.);
#4603 = EDGE_CURVE('',#4596,#4604,#4606,.T.);
#4604 = VERTEX_POINT('',#4605);
#4605 = CARTESIAN_POINT('',(2.15,0.13,0.625));
#4606 = LINE('',#4607,#4608);
#4607 = CARTESIAN_POINT('',(2.15,2.275,0.625));
#4608 = VECTOR('',#4609,1.);
#4609 = DIRECTION('',(1.110223024625E-16,-1.,0.));
#4610 = ORIENTED_EDGE('',*,*,#4611,.T.);
#4611 = EDGE_CURVE('',#4604,#4612,#4614,.T.);
#4612 = VERTEX_POINT('',#4613);
#4613 = CARTESIAN_POINT('',(2.15,-0.13,0.625));
#4614 = LINE('',#4615,#4616);
#4615 = CARTESIAN_POINT('',(2.15,2.275,0.625));
#4616 = VECTOR('',#4617,1.);
#4617 = DIRECTION('',(1.110223024625E-16,-1.,0.));
#4618 = ORIENTED_EDGE('',*,*,#4619,.T.);
#4619 = EDGE_CURVE('',#4612,#4620,#4622,.T.);
#4620 = VERTEX_POINT('',#4621);
#4621 = CARTESIAN_POINT('',(2.15,-0.52,0.625));
#4622 = LINE('',#4623,#4624);
#4623 = CARTESIAN_POINT('',(2.15,2.275,0.625));
#4624 = VECTOR('',#4625,1.);
#4625 = DIRECTION('',(1.110223024625E-16,-1.,0.));
#4626 = ORIENTED_EDGE('',*,*,#4627,.T.);
#4627 = EDGE_CURVE('',#4620,#4628,#4630,.T.);
#4628 = VERTEX_POINT('',#4629);
#4629 = CARTESIAN_POINT('',(2.15,-0.78,0.625));
#4630 = LINE('',#4631,#4632);
#4631 = CARTESIAN_POINT('',(2.15,2.275,0.625));
#4632 = VECTOR('',#4633,1.);
#4633 = DIRECTION('',(1.110223024625E-16,-1.,0.));
#4634 = ORIENTED_EDGE('',*,*,#4635,.T.);
#4635 = EDGE_CURVE('',#4628,#4636,#4638,.T.);
#4636 = VERTEX_POINT('',#4637);
#4637 = CARTESIAN_POINT('',(2.15,-1.17,0.625));
#4638 = LINE('',#4639,#4640);
#4639 = CARTESIAN_POINT('',(2.15,2.275,0.625));
#4640 = VECTOR('',#4641,1.);
#4641 = DIRECTION('',(1.110223024625E-16,-1.,0.));
#4642 = ORIENTED_EDGE('',*,*,#4643,.T.);
#4643 = EDGE_CURVE('',#4636,#4644,#4646,.T.);
#4644 = VERTEX_POINT('',#4645);
#4645 = CARTESIAN_POINT('',(2.15,-1.43,0.625));
#4646 = LINE('',#4647,#4648);
#4647 = CARTESIAN_POINT('',(2.15,2.275,0.625));
#4648 = VECTOR('',#4649,1.);
#4649 = DIRECTION('',(1.110223024625E-16,-1.,0.));
#4650 = ORIENTED_EDGE('',*,*,#4651,.T.);
#4651 = EDGE_CURVE('',#4644,#4652,#4654,.T.);
#4652 = VERTEX_POINT('',#4653);
#4653 = CARTESIAN_POINT('',(2.15,-1.82,0.625));
#4654 = LINE('',#4655,#4656);
#4655 = CARTESIAN_POINT('',(2.15,2.275,0.625));
#4656 = VECTOR('',#4657,1.);
#4657 = DIRECTION('',(1.110223024625E-16,-1.,0.));
#4658 = ORIENTED_EDGE('',*,*,#4659,.T.);
#4659 = EDGE_CURVE('',#4652,#4660,#4662,.T.);
#4660 = VERTEX_POINT('',#4661);
#4661 = CARTESIAN_POINT('',(2.15,-2.08,0.625));
#4662 = LINE('',#4663,#4664);
#4663 = CARTESIAN_POINT('',(2.15,2.275,0.625));
#4664 = VECTOR('',#4665,1.);
#4665 = DIRECTION('',(1.110223024625E-16,-1.,0.));
#4666 = ORIENTED_EDGE('',*,*,#4667,.T.);
#4667 = EDGE_CURVE('',#4660,#4668,#4670,.T.);
#4668 = VERTEX_POINT('',#4669);
#4669 = CARTESIAN_POINT('',(2.15,-2.275,0.625));
#4670 = LINE('',#4671,#4672);
#4671 = CARTESIAN_POINT('',(2.15,2.275,0.625));
#4672 = VECTOR('',#4673,1.);
#4673 = DIRECTION('',(1.110223024625E-16,-1.,0.));
#4674 = ORIENTED_EDGE('',*,*,#4675,.T.);
#4675 = EDGE_CURVE('',#4668,#4676,#4678,.T.);
#4676 = VERTEX_POINT('',#4677);
#4677 = CARTESIAN_POINT('',(2.070291289374,-2.235145644687,1.));
#4678 = B_SPLINE_CURVE_WITH_KNOTS('',1,(#4679,#4680),.UNSPECIFIED.,.F.,
  .F.,(2,2),(0.,1.),.PIECEWISE_BEZIER_KNOTS.);
#4679 = CARTESIAN_POINT('',(2.15,-2.275,0.625));
#4680 = CARTESIAN_POINT('',(2.070291289374,-2.235145644687,1.));
#4681 = ORIENTED_EDGE('',*,*,#4682,.F.);
#4682 = EDGE_CURVE('',#4541,#4676,#4683,.T.);
#4683 = LINE('',#4684,#4685);
#4684 = CARTESIAN_POINT('',(2.070291289374,2.235145644687,1.));
#4685 = VECTOR('',#4686,1.);
#4686 = DIRECTION('',(1.110223024625E-16,-1.,0.));
#4687 = ORIENTED_EDGE('',*,*,#4540,.F.);
#4688 = B_SPLINE_SURFACE_WITH_KNOTS('',1,1,(
    (#4689,#4690)
    ,(#4691,#4692
    )),.UNSPECIFIED.,.F.,.F.,.F.,(2,2),(2,2),(0.,4.55),(0.,1.),
  .PIECEWISE_BEZIER_KNOTS.);
#4689 = CARTESIAN_POINT('',(2.15,2.275,0.625));
#4690 = CARTESIAN_POINT('',(2.070291289374,2.235145644687,1.));
#4691 = CARTESIAN_POINT('',(2.15,-2.275,0.625));
#4692 = CARTESIAN_POINT('',(2.070291289374,-2.235145644687,1.));
#4693 = ADVANCED_FACE('',(#4694),#4726,.F.);
#4694 = FACE_BOUND('',#4695,.F.);
#4695 = EDGE_LOOP('',(#4696,#4704,#4712,#4718,#4724,#4725));
#4696 = ORIENTED_EDGE('',*,*,#4697,.F.);
#4697 = EDGE_CURVE('',#4698,#3258,#4700,.T.);
#4698 = VERTEX_POINT('',#4699);
#4699 = CARTESIAN_POINT('',(2.4,2.08,0.625));
#4700 = LINE('',#4701,#4702);
#4701 = CARTESIAN_POINT('',(2.4,2.08,0.625));
#4702 = VECTOR('',#4703,1.);
#4703 = DIRECTION('',(-1.,-1.110223024625E-16,0.));
#4704 = ORIENTED_EDGE('',*,*,#4705,.T.);
#4705 = EDGE_CURVE('',#4698,#4706,#4708,.T.);
#4706 = VERTEX_POINT('',#4707);
#4707 = CARTESIAN_POINT('',(2.4,1.82,0.625));
#4708 = LINE('',#4709,#4710);
#4709 = CARTESIAN_POINT('',(2.4,2.08,0.625));
#4710 = VECTOR('',#4711,1.);
#4711 = DIRECTION('',(1.110223024625E-16,-1.,0.));
#4712 = ORIENTED_EDGE('',*,*,#4713,.T.);
#4713 = EDGE_CURVE('',#4706,#3850,#4714,.T.);
#4714 = LINE('',#4715,#4716);
#4715 = CARTESIAN_POINT('',(2.4,1.82,0.625));
#4716 = VECTOR('',#4717,1.);
#4717 = DIRECTION('',(-1.,-1.110223024625E-16,0.));
#4718 = ORIENTED_EDGE('',*,*,#4719,.T.);
#4719 = EDGE_CURVE('',#3850,#4564,#4720,.T.);
#4720 = LINE('',#4721,#4722);
#4721 = CARTESIAN_POINT('',(2.4,1.82,0.625));
#4722 = VECTOR('',#4723,1.);
#4723 = DIRECTION('',(-1.,-1.110223024625E-16,0.));
#4724 = ORIENTED_EDGE('',*,*,#4563,.F.);
#4725 = ORIENTED_EDGE('',*,*,#3265,.F.);
#4726 = PLANE('',#4727);
#4727 = AXIS2_PLACEMENT_3D('',#4728,#4729,#4730);
#4728 = CARTESIAN_POINT('',(2.4,2.08,0.625));
#4729 = DIRECTION('',(0.,0.,-1.));
#4730 = DIRECTION('',(-1.,-1.110223024625E-16,-0.));
#4731 = ADVANCED_FACE('',(#4732),#4775,.F.);
#4732 = FACE_BOUND('',#4733,.F.);
#4733 = EDGE_LOOP('',(#4734,#4735,#4741,#4742,#4750,#4758,#4764,#4765,
    #4771,#4772,#4773,#4774));
#4734 = ORIENTED_EDGE('',*,*,#3367,.T.);
#4735 = ORIENTED_EDGE('',*,*,#4736,.T.);
#4736 = EDGE_CURVE('',#3360,#4362,#4737,.T.);
#4737 = LINE('',#4738,#4739);
#4738 = CARTESIAN_POINT('',(-2.4,-2.08,0.625));
#4739 = VECTOR('',#4740,1.);
#4740 = DIRECTION('',(1.,-1.144237745222E-17,0.));
#4741 = ORIENTED_EDGE('',*,*,#4359,.F.);
#4742 = ORIENTED_EDGE('',*,*,#4743,.F.);
#4743 = EDGE_CURVE('',#4744,#4360,#4746,.T.);
#4744 = VERTEX_POINT('',#4745);
#4745 = CARTESIAN_POINT('',(-1.975,-2.45,0.625));
#4746 = LINE('',#4747,#4748);
#4747 = CARTESIAN_POINT('',(-1.975,-2.45,0.625));
#4748 = VECTOR('',#4749,1.);
#4749 = DIRECTION('',(-0.707106781187,0.707106781187,0.));
#4750 = ORIENTED_EDGE('',*,*,#4751,.F.);
#4751 = EDGE_CURVE('',#4752,#4744,#4754,.T.);
#4752 = VERTEX_POINT('',#4753);
#4753 = CARTESIAN_POINT('',(1.975,-2.45,0.625));
#4754 = LINE('',#4755,#4756);
#4755 = CARTESIAN_POINT('',(1.975,-2.45,0.625));
#4756 = VECTOR('',#4757,1.);
#4757 = DIRECTION('',(-1.,-1.110223024625E-16,0.));
#4758 = ORIENTED_EDGE('',*,*,#4759,.F.);
#4759 = EDGE_CURVE('',#4668,#4752,#4760,.T.);
#4760 = LINE('',#4761,#4762);
#4761 = CARTESIAN_POINT('',(2.15,-2.275,0.625));
#4762 = VECTOR('',#4763,1.);
#4763 = DIRECTION('',(-0.707106781187,-0.707106781187,0.));
#4764 = ORIENTED_EDGE('',*,*,#4667,.F.);
#4765 = ORIENTED_EDGE('',*,*,#4766,.F.);
#4766 = EDGE_CURVE('',#4222,#4660,#4767,.T.);
#4767 = LINE('',#4768,#4769);
#4768 = CARTESIAN_POINT('',(2.4,-2.08,0.625));
#4769 = VECTOR('',#4770,1.);
#4770 = DIRECTION('',(-1.,-1.110223024625E-16,0.));
#4771 = ORIENTED_EDGE('',*,*,#4237,.T.);
#4772 = ORIENTED_EDGE('',*,*,#4282,.T.);
#4773 = ORIENTED_EDGE('',*,*,#4299,.T.);
#4774 = ORIENTED_EDGE('',*,*,#4253,.T.);
#4775 = PLANE('',#4776);
#4776 = AXIS2_PLACEMENT_3D('',#4777,#4778,#4779);
#4777 = CARTESIAN_POINT('',(-3.188450421961E-18,2.475,0.625));
#4778 = DIRECTION('',(0.,0.,-1.));
#4779 = DIRECTION('',(1.,1.111674977262E-16,0.));
#4780 = ADVANCED_FACE('',(#4781),#4867,.F.);
#4781 = FACE_BOUND('',#4782,.F.);
#4782 = EDGE_LOOP('',(#4783,#4784,#4785,#4794,#4802,#4811,#4819,#4827,
    #4835,#4844,#4852,#4861));
#4783 = ORIENTED_EDGE('',*,*,#3359,.F.);
#4784 = ORIENTED_EDGE('',*,*,#3381,.T.);
#4785 = ORIENTED_EDGE('',*,*,#4786,.T.);
#4786 = EDGE_CURVE('',#3382,#4787,#4789,.T.);
#4787 = VERTEX_POINT('',#4788);
#4788 = CARTESIAN_POINT('',(-2.498480775301,-2.08,0.392364817767));
#4789 = CIRCLE('',#4790,0.1);
#4790 = AXIS2_PLACEMENT_3D('',#4791,#4792,#4793);
#4791 = CARTESIAN_POINT('',(-2.4,-2.08,0.375));
#4792 = DIRECTION('',(-1.144237745222E-17,-1.,4.379057701015E-47));
#4793 = DIRECTION('',(-4.440892098501E-15,5.081436361563E-32,1.));
#4794 = ORIENTED_EDGE('',*,*,#4795,.T.);
#4795 = EDGE_CURVE('',#4787,#4796,#4798,.T.);
#4796 = VERTEX_POINT('',#4797);
#4797 = CARTESIAN_POINT('',(-2.525838934336,-2.08,0.206587955583));
#4798 = LINE('',#4799,#4800);
#4799 = CARTESIAN_POINT('',(-2.498480775301,-2.08,0.392364817767));
#4800 = VECTOR('',#4801,1.);
#4801 = DIRECTION('',(-0.145692235845,1.667065554401E-18,-0.989329961345
    ));
#4802 = ORIENTED_EDGE('',*,*,#4803,.T.);
#4803 = EDGE_CURVE('',#4796,#4804,#4806,.T.);
#4804 = VERTEX_POINT('',#4805);
#4805 = CARTESIAN_POINT('',(-2.772040872589,-2.08,-5.551115123126E-17));
#4806 = CIRCLE('',#4807,0.25);
#4807 = AXIS2_PLACEMENT_3D('',#4808,#4809,#4810);
#4808 = CARTESIAN_POINT('',(-2.772040872589,-2.08,0.25));
#4809 = DIRECTION('',(1.144237745222E-17,1.,3.08148791102E-33));
#4810 = DIRECTION('',(0.984807753012,-1.126854202784E-17,-0.173648177667
    ));
#4811 = ORIENTED_EDGE('',*,*,#4812,.T.);
#4812 = EDGE_CURVE('',#4804,#4813,#4815,.T.);
#4813 = VERTEX_POINT('',#4814);
#4814 = CARTESIAN_POINT('',(-3.2,-2.08,-5.551115123126E-17));
#4815 = LINE('',#4816,#4817);
#4816 = CARTESIAN_POINT('',(-2.772040872589,-2.08,-5.551115123126E-17));
#4817 = VECTOR('',#4818,1.);
#4818 = DIRECTION('',(-1.,1.144237745222E-17,0.));
#4819 = ORIENTED_EDGE('',*,*,#4820,.T.);
#4820 = EDGE_CURVE('',#4813,#4821,#4823,.T.);
#4821 = VERTEX_POINT('',#4822);
#4822 = CARTESIAN_POINT('',(-3.2,-2.08,0.15));
#4823 = LINE('',#4824,#4825);
#4824 = CARTESIAN_POINT('',(-3.2,-2.08,-5.551115123126E-17));
#4825 = VECTOR('',#4826,1.);
#4826 = DIRECTION('',(0.,0.,1.));
#4827 = ORIENTED_EDGE('',*,*,#4828,.T.);
#4828 = EDGE_CURVE('',#4821,#4829,#4831,.T.);
#4829 = VERTEX_POINT('',#4830);
#4830 = CARTESIAN_POINT('',(-2.772040872589,-2.08,0.15));
#4831 = LINE('',#4832,#4833);
#4832 = CARTESIAN_POINT('',(-3.2,-2.08,0.15));
#4833 = VECTOR('',#4834,1.);
#4834 = DIRECTION('',(1.,-1.144237745222E-17,0.));
#4835 = ORIENTED_EDGE('',*,*,#4836,.T.);
#4836 = EDGE_CURVE('',#4829,#4837,#4839,.T.);
#4837 = VERTEX_POINT('',#4838);
#4838 = CARTESIAN_POINT('',(-2.673560097287,-2.08,0.232635182233));
#4839 = CIRCLE('',#4840,0.1);
#4840 = AXIS2_PLACEMENT_3D('',#4841,#4842,#4843);
#4841 = CARTESIAN_POINT('',(-2.772040872589,-2.08,0.25));
#4842 = DIRECTION('',(-1.144237745222E-17,-1.,-0.));
#4843 = DIRECTION('',(0.,0.,-1.));
#4844 = ORIENTED_EDGE('',*,*,#4845,.T.);
#4845 = EDGE_CURVE('',#4837,#4846,#4848,.T.);
#4846 = VERTEX_POINT('',#4847);
#4847 = CARTESIAN_POINT('',(-2.646201938253,-2.08,0.418412044417));
#4848 = LINE('',#4849,#4850);
#4849 = CARTESIAN_POINT('',(-2.673560097287,-2.08,0.232635182233));
#4850 = VECTOR('',#4851,1.);
#4851 = DIRECTION('',(0.145692235845,-1.667065554401E-18,0.989329961345)
  );
#4852 = ORIENTED_EDGE('',*,*,#4853,.T.);
#4853 = EDGE_CURVE('',#4846,#4854,#4856,.T.);
#4854 = VERTEX_POINT('',#4855);
#4855 = CARTESIAN_POINT('',(-2.4,-2.08,0.625));
#4856 = CIRCLE('',#4857,0.25);
#4857 = AXIS2_PLACEMENT_3D('',#4858,#4859,#4860);
#4858 = CARTESIAN_POINT('',(-2.4,-2.08,0.375));
#4859 = DIRECTION('',(1.144237745222E-17,1.,-3.851859888774E-34));
#4860 = DIRECTION('',(-0.984807753012,1.126854202784E-17,0.173648177667)
  );
#4861 = ORIENTED_EDGE('',*,*,#4862,.T.);
#4862 = EDGE_CURVE('',#4854,#3360,#4863,.T.);
#4863 = LINE('',#4864,#4865);
#4864 = CARTESIAN_POINT('',(-2.4,-2.08,0.625));
#4865 = VECTOR('',#4866,1.);
#4866 = DIRECTION('',(1.,-1.144237745222E-17,0.));
#4867 = PLANE('',#4868);
#4868 = AXIS2_PLACEMENT_3D('',#4869,#4870,#4871);
#4869 = CARTESIAN_POINT('',(-2.637615762047,-2.08,0.292893776214));
#4870 = DIRECTION('',(1.144237745222E-17,1.,0.));
#4871 = DIRECTION('',(0.,-0.,1.));
#4872 = ADVANCED_FACE('',(#4873),#4892,.F.);
#4873 = FACE_BOUND('',#4874,.F.);
#4874 = EDGE_LOOP('',(#4875,#4876,#4885,#4891));
#4875 = ORIENTED_EDGE('',*,*,#3398,.T.);
#4876 = ORIENTED_EDGE('',*,*,#4877,.T.);
#4877 = EDGE_CURVE('',#3391,#4878,#4880,.T.);
#4878 = VERTEX_POINT('',#4879);
#4879 = CARTESIAN_POINT('',(-2.498480775301,-1.82,0.392364817767));
#4880 = CIRCLE('',#4881,0.1);
#4881 = AXIS2_PLACEMENT_3D('',#4882,#4883,#4884);
#4882 = CARTESIAN_POINT('',(-2.4,-1.82,0.375));
#4883 = DIRECTION('',(-1.144237745222E-17,-1.,4.379057701015E-47));
#4884 = DIRECTION('',(-4.440892098501E-15,5.081436361563E-32,1.));
#4885 = ORIENTED_EDGE('',*,*,#4886,.F.);
#4886 = EDGE_CURVE('',#4787,#4878,#4887,.T.);
#4887 = LINE('',#4888,#4889);
#4888 = CARTESIAN_POINT('',(-2.498480775301,-2.08,0.392364817767));
#4889 = VECTOR('',#4890,1.);
#4890 = DIRECTION('',(1.144237745222E-17,1.,0.));
#4891 = ORIENTED_EDGE('',*,*,#4786,.F.);
#4892 = CYLINDRICAL_SURFACE('',#4893,0.1);
#4893 = AXIS2_PLACEMENT_3D('',#4894,#4895,#4896);
#4894 = CARTESIAN_POINT('',(-2.4,-2.08,0.375));
#4895 = DIRECTION('',(-1.144237745222E-17,-1.,0.));
#4896 = DIRECTION('',(-4.440892098501E-15,5.081436361563E-32,1.));
#4897 = ADVANCED_FACE('',(#4898),#4976,.T.);
#4898 = FACE_BOUND('',#4899,.T.);
#4899 = EDGE_LOOP('',(#4900,#4901,#4902,#4903,#4911,#4920,#4928,#4936,
    #4944,#4953,#4961,#4970));
#4900 = ORIENTED_EDGE('',*,*,#3412,.F.);
#4901 = ORIENTED_EDGE('',*,*,#3390,.T.);
#4902 = ORIENTED_EDGE('',*,*,#4877,.T.);
#4903 = ORIENTED_EDGE('',*,*,#4904,.T.);
#4904 = EDGE_CURVE('',#4878,#4905,#4907,.T.);
#4905 = VERTEX_POINT('',#4906);
#4906 = CARTESIAN_POINT('',(-2.525838934336,-1.82,0.206587955583));
#4907 = LINE('',#4908,#4909);
#4908 = CARTESIAN_POINT('',(-2.498480775301,-1.82,0.392364817767));
#4909 = VECTOR('',#4910,1.);
#4910 = DIRECTION('',(-0.145692235845,1.667065554401E-18,-0.989329961345
    ));
#4911 = ORIENTED_EDGE('',*,*,#4912,.T.);
#4912 = EDGE_CURVE('',#4905,#4913,#4915,.T.);
#4913 = VERTEX_POINT('',#4914);
#4914 = CARTESIAN_POINT('',(-2.772040872589,-1.82,-5.551115123126E-17));
#4915 = CIRCLE('',#4916,0.25);
#4916 = AXIS2_PLACEMENT_3D('',#4917,#4918,#4919);
#4917 = CARTESIAN_POINT('',(-2.772040872589,-1.82,0.25));
#4918 = DIRECTION('',(1.144237745222E-17,1.,3.08148791102E-33));
#4919 = DIRECTION('',(0.984807753012,-1.126854202784E-17,-0.173648177667
    ));
#4920 = ORIENTED_EDGE('',*,*,#4921,.T.);
#4921 = EDGE_CURVE('',#4913,#4922,#4924,.T.);
#4922 = VERTEX_POINT('',#4923);
#4923 = CARTESIAN_POINT('',(-3.2,-1.82,-5.551115123126E-17));
#4924 = LINE('',#4925,#4926);
#4925 = CARTESIAN_POINT('',(-2.772040872589,-1.82,-5.551115123126E-17));
#4926 = VECTOR('',#4927,1.);
#4927 = DIRECTION('',(-1.,1.144237745222E-17,0.));
#4928 = ORIENTED_EDGE('',*,*,#4929,.T.);
#4929 = EDGE_CURVE('',#4922,#4930,#4932,.T.);
#4930 = VERTEX_POINT('',#4931);
#4931 = CARTESIAN_POINT('',(-3.2,-1.82,0.15));
#4932 = LINE('',#4933,#4934);
#4933 = CARTESIAN_POINT('',(-3.2,-1.82,-5.551115123126E-17));
#4934 = VECTOR('',#4935,1.);
#4935 = DIRECTION('',(0.,0.,1.));
#4936 = ORIENTED_EDGE('',*,*,#4937,.T.);
#4937 = EDGE_CURVE('',#4930,#4938,#4940,.T.);
#4938 = VERTEX_POINT('',#4939);
#4939 = CARTESIAN_POINT('',(-2.772040872589,-1.82,0.15));
#4940 = LINE('',#4941,#4942);
#4941 = CARTESIAN_POINT('',(-3.2,-1.82,0.15));
#4942 = VECTOR('',#4943,1.);
#4943 = DIRECTION('',(1.,-1.144237745222E-17,0.));
#4944 = ORIENTED_EDGE('',*,*,#4945,.T.);
#4945 = EDGE_CURVE('',#4938,#4946,#4948,.T.);
#4946 = VERTEX_POINT('',#4947);
#4947 = CARTESIAN_POINT('',(-2.673560097287,-1.82,0.232635182233));
#4948 = CIRCLE('',#4949,0.1);
#4949 = AXIS2_PLACEMENT_3D('',#4950,#4951,#4952);
#4950 = CARTESIAN_POINT('',(-2.772040872589,-1.82,0.25));
#4951 = DIRECTION('',(-1.144237745222E-17,-1.,-0.));
#4952 = DIRECTION('',(0.,0.,-1.));
#4953 = ORIENTED_EDGE('',*,*,#4954,.T.);
#4954 = EDGE_CURVE('',#4946,#4955,#4957,.T.);
#4955 = VERTEX_POINT('',#4956);
#4956 = CARTESIAN_POINT('',(-2.646201938253,-1.82,0.418412044417));
#4957 = LINE('',#4958,#4959);
#4958 = CARTESIAN_POINT('',(-2.673560097287,-1.82,0.232635182233));
#4959 = VECTOR('',#4960,1.);
#4960 = DIRECTION('',(0.145692235845,-1.667065554401E-18,0.989329961345)
  );
#4961 = ORIENTED_EDGE('',*,*,#4962,.T.);
#4962 = EDGE_CURVE('',#4955,#4963,#4965,.T.);
#4963 = VERTEX_POINT('',#4964);
#4964 = CARTESIAN_POINT('',(-2.4,-1.82,0.625));
#4965 = CIRCLE('',#4966,0.25);
#4966 = AXIS2_PLACEMENT_3D('',#4967,#4968,#4969);
#4967 = CARTESIAN_POINT('',(-2.4,-1.82,0.375));
#4968 = DIRECTION('',(1.144237745222E-17,1.,-3.851859888774E-34));
#4969 = DIRECTION('',(-0.984807753012,1.126854202784E-17,0.173648177667)
  );
#4970 = ORIENTED_EDGE('',*,*,#4971,.T.);
#4971 = EDGE_CURVE('',#4963,#3413,#4972,.T.);
#4972 = LINE('',#4973,#4974);
#4973 = CARTESIAN_POINT('',(-2.4,-1.82,0.625));
#4974 = VECTOR('',#4975,1.);
#4975 = DIRECTION('',(1.,-1.144237745222E-17,0.));
#4976 = PLANE('',#4977);
#4977 = AXIS2_PLACEMENT_3D('',#4978,#4979,#4980);
#4978 = CARTESIAN_POINT('',(-2.637615762047,-1.82,0.292893776214));
#4979 = DIRECTION('',(1.144237745222E-17,1.,0.));
#4980 = DIRECTION('',(0.,-0.,1.));
#4981 = ADVANCED_FACE('',(#4982),#4998,.F.);
#4982 = FACE_BOUND('',#4983,.F.);
#4983 = EDGE_LOOP('',(#4984,#4985,#4991,#4992));
#4984 = ORIENTED_EDGE('',*,*,#3429,.T.);
#4985 = ORIENTED_EDGE('',*,*,#4986,.T.);
#4986 = EDGE_CURVE('',#3422,#4378,#4987,.T.);
#4987 = LINE('',#4988,#4989);
#4988 = CARTESIAN_POINT('',(-2.4,-1.43,0.625));
#4989 = VECTOR('',#4990,1.);
#4990 = DIRECTION('',(1.,-1.144237745222E-17,0.));
#4991 = ORIENTED_EDGE('',*,*,#4377,.F.);
#4992 = ORIENTED_EDGE('',*,*,#4993,.F.);
#4993 = EDGE_CURVE('',#3413,#4370,#4994,.T.);
#4994 = LINE('',#4995,#4996);
#4995 = CARTESIAN_POINT('',(-2.4,-1.82,0.625));
#4996 = VECTOR('',#4997,1.);
#4997 = DIRECTION('',(1.,-1.144237745222E-17,0.));
#4998 = PLANE('',#4999);
#4999 = AXIS2_PLACEMENT_3D('',#5000,#5001,#5002);
#5000 = CARTESIAN_POINT('',(-3.188450421961E-18,2.475,0.625));
#5001 = DIRECTION('',(0.,0.,-1.));
#5002 = DIRECTION('',(1.,1.111674977262E-16,0.));
#5003 = ADVANCED_FACE('',(#5004),#5090,.F.);
#5004 = FACE_BOUND('',#5005,.F.);
#5005 = EDGE_LOOP('',(#5006,#5007,#5008,#5017,#5025,#5034,#5042,#5050,
    #5058,#5067,#5075,#5084));
#5006 = ORIENTED_EDGE('',*,*,#3421,.F.);
#5007 = ORIENTED_EDGE('',*,*,#3443,.T.);
#5008 = ORIENTED_EDGE('',*,*,#5009,.T.);
#5009 = EDGE_CURVE('',#3444,#5010,#5012,.T.);
#5010 = VERTEX_POINT('',#5011);
#5011 = CARTESIAN_POINT('',(-2.498480775301,-1.43,0.392364817767));
#5012 = CIRCLE('',#5013,0.1);
#5013 = AXIS2_PLACEMENT_3D('',#5014,#5015,#5016);
#5014 = CARTESIAN_POINT('',(-2.4,-1.43,0.375));
#5015 = DIRECTION('',(-1.144237745222E-17,-1.,4.379057701015E-47));
#5016 = DIRECTION('',(-4.440892098501E-15,5.081436361563E-32,1.));
#5017 = ORIENTED_EDGE('',*,*,#5018,.T.);
#5018 = EDGE_CURVE('',#5010,#5019,#5021,.T.);
#5019 = VERTEX_POINT('',#5020);
#5020 = CARTESIAN_POINT('',(-2.525838934336,-1.43,0.206587955583));
#5021 = LINE('',#5022,#5023);
#5022 = CARTESIAN_POINT('',(-2.498480775301,-1.43,0.392364817767));
#5023 = VECTOR('',#5024,1.);
#5024 = DIRECTION('',(-0.145692235845,1.667065554401E-18,-0.989329961345
    ));
#5025 = ORIENTED_EDGE('',*,*,#5026,.T.);
#5026 = EDGE_CURVE('',#5019,#5027,#5029,.T.);
#5027 = VERTEX_POINT('',#5028);
#5028 = CARTESIAN_POINT('',(-2.772040872589,-1.43,-5.551115123126E-17));
#5029 = CIRCLE('',#5030,0.25);
#5030 = AXIS2_PLACEMENT_3D('',#5031,#5032,#5033);
#5031 = CARTESIAN_POINT('',(-2.772040872589,-1.43,0.25));
#5032 = DIRECTION('',(1.144237745222E-17,1.,3.08148791102E-33));
#5033 = DIRECTION('',(0.984807753012,-1.126854202784E-17,-0.173648177667
    ));
#5034 = ORIENTED_EDGE('',*,*,#5035,.T.);
#5035 = EDGE_CURVE('',#5027,#5036,#5038,.T.);
#5036 = VERTEX_POINT('',#5037);
#5037 = CARTESIAN_POINT('',(-3.2,-1.43,-5.551115123126E-17));
#5038 = LINE('',#5039,#5040);
#5039 = CARTESIAN_POINT('',(-2.772040872589,-1.43,-5.551115123126E-17));
#5040 = VECTOR('',#5041,1.);
#5041 = DIRECTION('',(-1.,1.144237745222E-17,0.));
#5042 = ORIENTED_EDGE('',*,*,#5043,.T.);
#5043 = EDGE_CURVE('',#5036,#5044,#5046,.T.);
#5044 = VERTEX_POINT('',#5045);
#5045 = CARTESIAN_POINT('',(-3.2,-1.43,0.15));
#5046 = LINE('',#5047,#5048);
#5047 = CARTESIAN_POINT('',(-3.2,-1.43,-5.551115123126E-17));
#5048 = VECTOR('',#5049,1.);
#5049 = DIRECTION('',(0.,0.,1.));
#5050 = ORIENTED_EDGE('',*,*,#5051,.T.);
#5051 = EDGE_CURVE('',#5044,#5052,#5054,.T.);
#5052 = VERTEX_POINT('',#5053);
#5053 = CARTESIAN_POINT('',(-2.772040872589,-1.43,0.15));
#5054 = LINE('',#5055,#5056);
#5055 = CARTESIAN_POINT('',(-3.2,-1.43,0.15));
#5056 = VECTOR('',#5057,1.);
#5057 = DIRECTION('',(1.,-1.144237745222E-17,0.));
#5058 = ORIENTED_EDGE('',*,*,#5059,.T.);
#5059 = EDGE_CURVE('',#5052,#5060,#5062,.T.);
#5060 = VERTEX_POINT('',#5061);
#5061 = CARTESIAN_POINT('',(-2.673560097287,-1.43,0.232635182233));
#5062 = CIRCLE('',#5063,0.1);
#5063 = AXIS2_PLACEMENT_3D('',#5064,#5065,#5066);
#5064 = CARTESIAN_POINT('',(-2.772040872589,-1.43,0.25));
#5065 = DIRECTION('',(-1.144237745222E-17,-1.,-0.));
#5066 = DIRECTION('',(0.,0.,-1.));
#5067 = ORIENTED_EDGE('',*,*,#5068,.T.);
#5068 = EDGE_CURVE('',#5060,#5069,#5071,.T.);
#5069 = VERTEX_POINT('',#5070);
#5070 = CARTESIAN_POINT('',(-2.646201938253,-1.43,0.418412044417));
#5071 = LINE('',#5072,#5073);
#5072 = CARTESIAN_POINT('',(-2.673560097287,-1.43,0.232635182233));
#5073 = VECTOR('',#5074,1.);
#5074 = DIRECTION('',(0.145692235845,-1.667065554401E-18,0.989329961345)
  );
#5075 = ORIENTED_EDGE('',*,*,#5076,.T.);
#5076 = EDGE_CURVE('',#5069,#5077,#5079,.T.);
#5077 = VERTEX_POINT('',#5078);
#5078 = CARTESIAN_POINT('',(-2.4,-1.43,0.625));
#5079 = CIRCLE('',#5080,0.25);
#5080 = AXIS2_PLACEMENT_3D('',#5081,#5082,#5083);
#5081 = CARTESIAN_POINT('',(-2.4,-1.43,0.375));
#5082 = DIRECTION('',(1.144237745222E-17,1.,-3.851859888774E-34));
#5083 = DIRECTION('',(-0.984807753012,1.126854202784E-17,0.173648177667)
  );
#5084 = ORIENTED_EDGE('',*,*,#5085,.T.);
#5085 = EDGE_CURVE('',#5077,#3422,#5086,.T.);
#5086 = LINE('',#5087,#5088);
#5087 = CARTESIAN_POINT('',(-2.4,-1.43,0.625));
#5088 = VECTOR('',#5089,1.);
#5089 = DIRECTION('',(1.,-1.144237745222E-17,0.));
#5090 = PLANE('',#5091);
#5091 = AXIS2_PLACEMENT_3D('',#5092,#5093,#5094);
#5092 = CARTESIAN_POINT('',(-2.637615762047,-1.43,0.292893776214));
#5093 = DIRECTION('',(1.144237745222E-17,1.,0.));
#5094 = DIRECTION('',(0.,-0.,1.));
#5095 = ADVANCED_FACE('',(#5096),#5115,.F.);
#5096 = FACE_BOUND('',#5097,.F.);
#5097 = EDGE_LOOP('',(#5098,#5099,#5108,#5114));
#5098 = ORIENTED_EDGE('',*,*,#3460,.T.);
#5099 = ORIENTED_EDGE('',*,*,#5100,.T.);
#5100 = EDGE_CURVE('',#3453,#5101,#5103,.T.);
#5101 = VERTEX_POINT('',#5102);
#5102 = CARTESIAN_POINT('',(-2.498480775301,-1.17,0.392364817767));
#5103 = CIRCLE('',#5104,0.1);
#5104 = AXIS2_PLACEMENT_3D('',#5105,#5106,#5107);
#5105 = CARTESIAN_POINT('',(-2.4,-1.17,0.375));
#5106 = DIRECTION('',(-1.144237745222E-17,-1.,4.379057701015E-47));
#5107 = DIRECTION('',(-4.440892098501E-15,5.081436361563E-32,1.));
#5108 = ORIENTED_EDGE('',*,*,#5109,.F.);
#5109 = EDGE_CURVE('',#5010,#5101,#5110,.T.);
#5110 = LINE('',#5111,#5112);
#5111 = CARTESIAN_POINT('',(-2.498480775301,-1.43,0.392364817767));
#5112 = VECTOR('',#5113,1.);
#5113 = DIRECTION('',(1.144237745222E-17,1.,0.));
#5114 = ORIENTED_EDGE('',*,*,#5009,.F.);
#5115 = CYLINDRICAL_SURFACE('',#5116,0.1);
#5116 = AXIS2_PLACEMENT_3D('',#5117,#5118,#5119);
#5117 = CARTESIAN_POINT('',(-2.4,-1.43,0.375));
#5118 = DIRECTION('',(-1.144237745222E-17,-1.,0.));
#5119 = DIRECTION('',(-4.440892098501E-15,5.081436361563E-32,1.));
#5120 = ADVANCED_FACE('',(#5121),#5199,.T.);
#5121 = FACE_BOUND('',#5122,.T.);
#5122 = EDGE_LOOP('',(#5123,#5124,#5125,#5126,#5134,#5143,#5151,#5159,
    #5167,#5176,#5184,#5193));
#5123 = ORIENTED_EDGE('',*,*,#3474,.F.);
#5124 = ORIENTED_EDGE('',*,*,#3452,.T.);
#5125 = ORIENTED_EDGE('',*,*,#5100,.T.);
#5126 = ORIENTED_EDGE('',*,*,#5127,.T.);
#5127 = EDGE_CURVE('',#5101,#5128,#5130,.T.);
#5128 = VERTEX_POINT('',#5129);
#5129 = CARTESIAN_POINT('',(-2.525838934336,-1.17,0.206587955583));
#5130 = LINE('',#5131,#5132);
#5131 = CARTESIAN_POINT('',(-2.498480775301,-1.17,0.392364817767));
#5132 = VECTOR('',#5133,1.);
#5133 = DIRECTION('',(-0.145692235845,1.667065554401E-18,-0.989329961345
    ));
#5134 = ORIENTED_EDGE('',*,*,#5135,.T.);
#5135 = EDGE_CURVE('',#5128,#5136,#5138,.T.);
#5136 = VERTEX_POINT('',#5137);
#5137 = CARTESIAN_POINT('',(-2.772040872589,-1.17,-5.551115123126E-17));
#5138 = CIRCLE('',#5139,0.25);
#5139 = AXIS2_PLACEMENT_3D('',#5140,#5141,#5142);
#5140 = CARTESIAN_POINT('',(-2.772040872589,-1.17,0.25));
#5141 = DIRECTION('',(1.144237745222E-17,1.,3.08148791102E-33));
#5142 = DIRECTION('',(0.984807753012,-1.126854202784E-17,-0.173648177667
    ));
#5143 = ORIENTED_EDGE('',*,*,#5144,.T.);
#5144 = EDGE_CURVE('',#5136,#5145,#5147,.T.);
#5145 = VERTEX_POINT('',#5146);
#5146 = CARTESIAN_POINT('',(-3.2,-1.17,-5.551115123126E-17));
#5147 = LINE('',#5148,#5149);
#5148 = CARTESIAN_POINT('',(-2.772040872589,-1.17,-5.551115123126E-17));
#5149 = VECTOR('',#5150,1.);
#5150 = DIRECTION('',(-1.,1.144237745222E-17,0.));
#5151 = ORIENTED_EDGE('',*,*,#5152,.T.);
#5152 = EDGE_CURVE('',#5145,#5153,#5155,.T.);
#5153 = VERTEX_POINT('',#5154);
#5154 = CARTESIAN_POINT('',(-3.2,-1.17,0.15));
#5155 = LINE('',#5156,#5157);
#5156 = CARTESIAN_POINT('',(-3.2,-1.17,-5.551115123126E-17));
#5157 = VECTOR('',#5158,1.);
#5158 = DIRECTION('',(0.,0.,1.));
#5159 = ORIENTED_EDGE('',*,*,#5160,.T.);
#5160 = EDGE_CURVE('',#5153,#5161,#5163,.T.);
#5161 = VERTEX_POINT('',#5162);
#5162 = CARTESIAN_POINT('',(-2.772040872589,-1.17,0.15));
#5163 = LINE('',#5164,#5165);
#5164 = CARTESIAN_POINT('',(-3.2,-1.17,0.15));
#5165 = VECTOR('',#5166,1.);
#5166 = DIRECTION('',(1.,-1.144237745222E-17,0.));
#5167 = ORIENTED_EDGE('',*,*,#5168,.T.);
#5168 = EDGE_CURVE('',#5161,#5169,#5171,.T.);
#5169 = VERTEX_POINT('',#5170);
#5170 = CARTESIAN_POINT('',(-2.673560097287,-1.17,0.232635182233));
#5171 = CIRCLE('',#5172,0.1);
#5172 = AXIS2_PLACEMENT_3D('',#5173,#5174,#5175);
#5173 = CARTESIAN_POINT('',(-2.772040872589,-1.17,0.25));
#5174 = DIRECTION('',(-1.144237745222E-17,-1.,-0.));
#5175 = DIRECTION('',(0.,0.,-1.));
#5176 = ORIENTED_EDGE('',*,*,#5177,.T.);
#5177 = EDGE_CURVE('',#5169,#5178,#5180,.T.);
#5178 = VERTEX_POINT('',#5179);
#5179 = CARTESIAN_POINT('',(-2.646201938253,-1.17,0.418412044417));
#5180 = LINE('',#5181,#5182);
#5181 = CARTESIAN_POINT('',(-2.673560097287,-1.17,0.232635182233));
#5182 = VECTOR('',#5183,1.);
#5183 = DIRECTION('',(0.145692235845,-1.667065554401E-18,0.989329961345)
  );
#5184 = ORIENTED_EDGE('',*,*,#5185,.T.);
#5185 = EDGE_CURVE('',#5178,#5186,#5188,.T.);
#5186 = VERTEX_POINT('',#5187);
#5187 = CARTESIAN_POINT('',(-2.4,-1.17,0.625));
#5188 = CIRCLE('',#5189,0.25);
#5189 = AXIS2_PLACEMENT_3D('',#5190,#5191,#5192);
#5190 = CARTESIAN_POINT('',(-2.4,-1.17,0.375));
#5191 = DIRECTION('',(1.144237745222E-17,1.,-3.851859888774E-34));
#5192 = DIRECTION('',(-0.984807753012,1.126854202784E-17,0.173648177667)
  );
#5193 = ORIENTED_EDGE('',*,*,#5194,.T.);
#5194 = EDGE_CURVE('',#5186,#3475,#5195,.T.);
#5195 = LINE('',#5196,#5197);
#5196 = CARTESIAN_POINT('',(-2.4,-1.17,0.625));
#5197 = VECTOR('',#5198,1.);
#5198 = DIRECTION('',(1.,-1.144237745222E-17,0.));
#5199 = PLANE('',#5200);
#5200 = AXIS2_PLACEMENT_3D('',#5201,#5202,#5203);
#5201 = CARTESIAN_POINT('',(-2.637615762047,-1.17,0.292893776214));
#5202 = DIRECTION('',(1.144237745222E-17,1.,0.));
#5203 = DIRECTION('',(0.,-0.,1.));
#5204 = ADVANCED_FACE('',(#5205),#5221,.F.);
#5205 = FACE_BOUND('',#5206,.F.);
#5206 = EDGE_LOOP('',(#5207,#5208,#5214,#5215));
#5207 = ORIENTED_EDGE('',*,*,#3491,.T.);
#5208 = ORIENTED_EDGE('',*,*,#5209,.T.);
#5209 = EDGE_CURVE('',#3484,#4394,#5210,.T.);
#5210 = LINE('',#5211,#5212);
#5211 = CARTESIAN_POINT('',(-2.4,-0.78,0.625));
#5212 = VECTOR('',#5213,1.);
#5213 = DIRECTION('',(1.,-1.144237745222E-17,0.));
#5214 = ORIENTED_EDGE('',*,*,#4393,.F.);
#5215 = ORIENTED_EDGE('',*,*,#5216,.F.);
#5216 = EDGE_CURVE('',#3475,#4386,#5217,.T.);
#5217 = LINE('',#5218,#5219);
#5218 = CARTESIAN_POINT('',(-2.4,-1.17,0.625));
#5219 = VECTOR('',#5220,1.);
#5220 = DIRECTION('',(1.,-1.144237745222E-17,0.));
#5221 = PLANE('',#5222);
#5222 = AXIS2_PLACEMENT_3D('',#5223,#5224,#5225);
#5223 = CARTESIAN_POINT('',(-3.188450421961E-18,2.475,0.625));
#5224 = DIRECTION('',(0.,0.,-1.));
#5225 = DIRECTION('',(1.,1.111674977262E-16,0.));
#5226 = ADVANCED_FACE('',(#5227),#5313,.F.);
#5227 = FACE_BOUND('',#5228,.F.);
#5228 = EDGE_LOOP('',(#5229,#5230,#5231,#5240,#5248,#5257,#5265,#5273,
    #5281,#5290,#5298,#5307));
#5229 = ORIENTED_EDGE('',*,*,#3483,.F.);
#5230 = ORIENTED_EDGE('',*,*,#3505,.T.);
#5231 = ORIENTED_EDGE('',*,*,#5232,.T.);
#5232 = EDGE_CURVE('',#3506,#5233,#5235,.T.);
#5233 = VERTEX_POINT('',#5234);
#5234 = CARTESIAN_POINT('',(-2.498480775301,-0.78,0.392364817767));
#5235 = CIRCLE('',#5236,0.1);
#5236 = AXIS2_PLACEMENT_3D('',#5237,#5238,#5239);
#5237 = CARTESIAN_POINT('',(-2.4,-0.78,0.375));
#5238 = DIRECTION('',(-1.144237745222E-17,-1.,4.379057701015E-47));
#5239 = DIRECTION('',(-4.440892098501E-15,5.081436361563E-32,1.));
#5240 = ORIENTED_EDGE('',*,*,#5241,.T.);
#5241 = EDGE_CURVE('',#5233,#5242,#5244,.T.);
#5242 = VERTEX_POINT('',#5243);
#5243 = CARTESIAN_POINT('',(-2.525838934336,-0.78,0.206587955583));
#5244 = LINE('',#5245,#5246);
#5245 = CARTESIAN_POINT('',(-2.498480775301,-0.78,0.392364817767));
#5246 = VECTOR('',#5247,1.);
#5247 = DIRECTION('',(-0.145692235845,1.667065554401E-18,-0.989329961345
    ));
#5248 = ORIENTED_EDGE('',*,*,#5249,.T.);
#5249 = EDGE_CURVE('',#5242,#5250,#5252,.T.);
#5250 = VERTEX_POINT('',#5251);
#5251 = CARTESIAN_POINT('',(-2.772040872589,-0.78,-5.551115123126E-17));
#5252 = CIRCLE('',#5253,0.25);
#5253 = AXIS2_PLACEMENT_3D('',#5254,#5255,#5256);
#5254 = CARTESIAN_POINT('',(-2.772040872589,-0.78,0.25));
#5255 = DIRECTION('',(1.144237745222E-17,1.,3.08148791102E-33));
#5256 = DIRECTION('',(0.984807753012,-1.126854202784E-17,-0.173648177667
    ));
#5257 = ORIENTED_EDGE('',*,*,#5258,.T.);
#5258 = EDGE_CURVE('',#5250,#5259,#5261,.T.);
#5259 = VERTEX_POINT('',#5260);
#5260 = CARTESIAN_POINT('',(-3.2,-0.78,-5.551115123126E-17));
#5261 = LINE('',#5262,#5263);
#5262 = CARTESIAN_POINT('',(-2.772040872589,-0.78,-5.551115123126E-17));
#5263 = VECTOR('',#5264,1.);
#5264 = DIRECTION('',(-1.,1.144237745222E-17,0.));
#5265 = ORIENTED_EDGE('',*,*,#5266,.T.);
#5266 = EDGE_CURVE('',#5259,#5267,#5269,.T.);
#5267 = VERTEX_POINT('',#5268);
#5268 = CARTESIAN_POINT('',(-3.2,-0.78,0.15));
#5269 = LINE('',#5270,#5271);
#5270 = CARTESIAN_POINT('',(-3.2,-0.78,-5.551115123126E-17));
#5271 = VECTOR('',#5272,1.);
#5272 = DIRECTION('',(0.,0.,1.));
#5273 = ORIENTED_EDGE('',*,*,#5274,.T.);
#5274 = EDGE_CURVE('',#5267,#5275,#5277,.T.);
#5275 = VERTEX_POINT('',#5276);
#5276 = CARTESIAN_POINT('',(-2.772040872589,-0.78,0.15));
#5277 = LINE('',#5278,#5279);
#5278 = CARTESIAN_POINT('',(-3.2,-0.78,0.15));
#5279 = VECTOR('',#5280,1.);
#5280 = DIRECTION('',(1.,-1.144237745222E-17,0.));
#5281 = ORIENTED_EDGE('',*,*,#5282,.T.);
#5282 = EDGE_CURVE('',#5275,#5283,#5285,.T.);
#5283 = VERTEX_POINT('',#5284);
#5284 = CARTESIAN_POINT('',(-2.673560097287,-0.78,0.232635182233));
#5285 = CIRCLE('',#5286,0.1);
#5286 = AXIS2_PLACEMENT_3D('',#5287,#5288,#5289);
#5287 = CARTESIAN_POINT('',(-2.772040872589,-0.78,0.25));
#5288 = DIRECTION('',(-1.144237745222E-17,-1.,-0.));
#5289 = DIRECTION('',(0.,0.,-1.));
#5290 = ORIENTED_EDGE('',*,*,#5291,.T.);
#5291 = EDGE_CURVE('',#5283,#5292,#5294,.T.);
#5292 = VERTEX_POINT('',#5293);
#5293 = CARTESIAN_POINT('',(-2.646201938253,-0.78,0.418412044417));
#5294 = LINE('',#5295,#5296);
#5295 = CARTESIAN_POINT('',(-2.673560097287,-0.78,0.232635182233));
#5296 = VECTOR('',#5297,1.);
#5297 = DIRECTION('',(0.145692235845,-1.667065554401E-18,0.989329961345)
  );
#5298 = ORIENTED_EDGE('',*,*,#5299,.T.);
#5299 = EDGE_CURVE('',#5292,#5300,#5302,.T.);
#5300 = VERTEX_POINT('',#5301);
#5301 = CARTESIAN_POINT('',(-2.4,-0.78,0.625));
#5302 = CIRCLE('',#5303,0.25);
#5303 = AXIS2_PLACEMENT_3D('',#5304,#5305,#5306);
#5304 = CARTESIAN_POINT('',(-2.4,-0.78,0.375));
#5305 = DIRECTION('',(1.144237745222E-17,1.,-3.851859888774E-34));
#5306 = DIRECTION('',(-0.984807753012,1.126854202784E-17,0.173648177667)
  );
#5307 = ORIENTED_EDGE('',*,*,#5308,.T.);
#5308 = EDGE_CURVE('',#5300,#3484,#5309,.T.);
#5309 = LINE('',#5310,#5311);
#5310 = CARTESIAN_POINT('',(-2.4,-0.78,0.625));
#5311 = VECTOR('',#5312,1.);
#5312 = DIRECTION('',(1.,-1.144237745222E-17,0.));
#5313 = PLANE('',#5314);
#5314 = AXIS2_PLACEMENT_3D('',#5315,#5316,#5317);
#5315 = CARTESIAN_POINT('',(-2.637615762047,-0.78,0.292893776214));
#5316 = DIRECTION('',(1.144237745222E-17,1.,0.));
#5317 = DIRECTION('',(0.,-0.,1.));
#5318 = ADVANCED_FACE('',(#5319),#5338,.F.);
#5319 = FACE_BOUND('',#5320,.F.);
#5320 = EDGE_LOOP('',(#5321,#5322,#5331,#5337));
#5321 = ORIENTED_EDGE('',*,*,#3522,.T.);
#5322 = ORIENTED_EDGE('',*,*,#5323,.T.);
#5323 = EDGE_CURVE('',#3515,#5324,#5326,.T.);
#5324 = VERTEX_POINT('',#5325);
#5325 = CARTESIAN_POINT('',(-2.498480775301,-0.52,0.392364817767));
#5326 = CIRCLE('',#5327,0.1);
#5327 = AXIS2_PLACEMENT_3D('',#5328,#5329,#5330);
#5328 = CARTESIAN_POINT('',(-2.4,-0.52,0.375));
#5329 = DIRECTION('',(-1.144237745222E-17,-1.,4.379057701015E-47));
#5330 = DIRECTION('',(-4.440892098501E-15,5.081436361563E-32,1.));
#5331 = ORIENTED_EDGE('',*,*,#5332,.F.);
#5332 = EDGE_CURVE('',#5233,#5324,#5333,.T.);
#5333 = LINE('',#5334,#5335);
#5334 = CARTESIAN_POINT('',(-2.498480775301,-0.78,0.392364817767));
#5335 = VECTOR('',#5336,1.);
#5336 = DIRECTION('',(1.144237745222E-17,1.,0.));
#5337 = ORIENTED_EDGE('',*,*,#5232,.F.);
#5338 = CYLINDRICAL_SURFACE('',#5339,0.1);
#5339 = AXIS2_PLACEMENT_3D('',#5340,#5341,#5342);
#5340 = CARTESIAN_POINT('',(-2.4,-0.78,0.375));
#5341 = DIRECTION('',(-1.144237745222E-17,-1.,0.));
#5342 = DIRECTION('',(-4.440892098501E-15,5.081436361563E-32,1.));
#5343 = ADVANCED_FACE('',(#5344),#5422,.T.);
#5344 = FACE_BOUND('',#5345,.T.);
#5345 = EDGE_LOOP('',(#5346,#5347,#5348,#5349,#5357,#5366,#5374,#5382,
    #5390,#5399,#5407,#5416));
#5346 = ORIENTED_EDGE('',*,*,#3536,.F.);
#5347 = ORIENTED_EDGE('',*,*,#3514,.T.);
#5348 = ORIENTED_EDGE('',*,*,#5323,.T.);
#5349 = ORIENTED_EDGE('',*,*,#5350,.T.);
#5350 = EDGE_CURVE('',#5324,#5351,#5353,.T.);
#5351 = VERTEX_POINT('',#5352);
#5352 = CARTESIAN_POINT('',(-2.525838934336,-0.52,0.206587955583));
#5353 = LINE('',#5354,#5355);
#5354 = CARTESIAN_POINT('',(-2.498480775301,-0.52,0.392364817767));
#5355 = VECTOR('',#5356,1.);
#5356 = DIRECTION('',(-0.145692235845,1.667065554401E-18,-0.989329961345
    ));
#5357 = ORIENTED_EDGE('',*,*,#5358,.T.);
#5358 = EDGE_CURVE('',#5351,#5359,#5361,.T.);
#5359 = VERTEX_POINT('',#5360);
#5360 = CARTESIAN_POINT('',(-2.772040872589,-0.52,-5.551115123126E-17));
#5361 = CIRCLE('',#5362,0.25);
#5362 = AXIS2_PLACEMENT_3D('',#5363,#5364,#5365);
#5363 = CARTESIAN_POINT('',(-2.772040872589,-0.52,0.25));
#5364 = DIRECTION('',(1.144237745222E-17,1.,3.08148791102E-33));
#5365 = DIRECTION('',(0.984807753012,-1.126854202784E-17,-0.173648177667
    ));
#5366 = ORIENTED_EDGE('',*,*,#5367,.T.);
#5367 = EDGE_CURVE('',#5359,#5368,#5370,.T.);
#5368 = VERTEX_POINT('',#5369);
#5369 = CARTESIAN_POINT('',(-3.2,-0.52,-5.551115123126E-17));
#5370 = LINE('',#5371,#5372);
#5371 = CARTESIAN_POINT('',(-2.772040872589,-0.52,-5.551115123126E-17));
#5372 = VECTOR('',#5373,1.);
#5373 = DIRECTION('',(-1.,1.144237745222E-17,0.));
#5374 = ORIENTED_EDGE('',*,*,#5375,.T.);
#5375 = EDGE_CURVE('',#5368,#5376,#5378,.T.);
#5376 = VERTEX_POINT('',#5377);
#5377 = CARTESIAN_POINT('',(-3.2,-0.52,0.15));
#5378 = LINE('',#5379,#5380);
#5379 = CARTESIAN_POINT('',(-3.2,-0.52,-5.551115123126E-17));
#5380 = VECTOR('',#5381,1.);
#5381 = DIRECTION('',(0.,0.,1.));
#5382 = ORIENTED_EDGE('',*,*,#5383,.T.);
#5383 = EDGE_CURVE('',#5376,#5384,#5386,.T.);
#5384 = VERTEX_POINT('',#5385);
#5385 = CARTESIAN_POINT('',(-2.772040872589,-0.52,0.15));
#5386 = LINE('',#5387,#5388);
#5387 = CARTESIAN_POINT('',(-3.2,-0.52,0.15));
#5388 = VECTOR('',#5389,1.);
#5389 = DIRECTION('',(1.,-1.144237745222E-17,0.));
#5390 = ORIENTED_EDGE('',*,*,#5391,.T.);
#5391 = EDGE_CURVE('',#5384,#5392,#5394,.T.);
#5392 = VERTEX_POINT('',#5393);
#5393 = CARTESIAN_POINT('',(-2.673560097287,-0.52,0.232635182233));
#5394 = CIRCLE('',#5395,0.1);
#5395 = AXIS2_PLACEMENT_3D('',#5396,#5397,#5398);
#5396 = CARTESIAN_POINT('',(-2.772040872589,-0.52,0.25));
#5397 = DIRECTION('',(-1.144237745222E-17,-1.,-0.));
#5398 = DIRECTION('',(0.,0.,-1.));
#5399 = ORIENTED_EDGE('',*,*,#5400,.T.);
#5400 = EDGE_CURVE('',#5392,#5401,#5403,.T.);
#5401 = VERTEX_POINT('',#5402);
#5402 = CARTESIAN_POINT('',(-2.646201938253,-0.52,0.418412044417));
#5403 = LINE('',#5404,#5405);
#5404 = CARTESIAN_POINT('',(-2.673560097287,-0.52,0.232635182233));
#5405 = VECTOR('',#5406,1.);
#5406 = DIRECTION('',(0.145692235845,-1.667065554401E-18,0.989329961345)
  );
#5407 = ORIENTED_EDGE('',*,*,#5408,.T.);
#5408 = EDGE_CURVE('',#5401,#5409,#5411,.T.);
#5409 = VERTEX_POINT('',#5410);
#5410 = CARTESIAN_POINT('',(-2.4,-0.52,0.625));
#5411 = CIRCLE('',#5412,0.25);
#5412 = AXIS2_PLACEMENT_3D('',#5413,#5414,#5415);
#5413 = CARTESIAN_POINT('',(-2.4,-0.52,0.375));
#5414 = DIRECTION('',(1.144237745222E-17,1.,-3.851859888774E-34));
#5415 = DIRECTION('',(-0.984807753012,1.126854202784E-17,0.173648177667)
  );
#5416 = ORIENTED_EDGE('',*,*,#5417,.T.);
#5417 = EDGE_CURVE('',#5409,#3537,#5418,.T.);
#5418 = LINE('',#5419,#5420);
#5419 = CARTESIAN_POINT('',(-2.4,-0.52,0.625));
#5420 = VECTOR('',#5421,1.);
#5421 = DIRECTION('',(1.,-1.144237745222E-17,0.));
#5422 = PLANE('',#5423);
#5423 = AXIS2_PLACEMENT_3D('',#5424,#5425,#5426);
#5424 = CARTESIAN_POINT('',(-2.637615762047,-0.52,0.292893776214));
#5425 = DIRECTION('',(1.144237745222E-17,1.,0.));
#5426 = DIRECTION('',(0.,-0.,1.));
#5427 = ADVANCED_FACE('',(#5428),#5444,.F.);
#5428 = FACE_BOUND('',#5429,.F.);
#5429 = EDGE_LOOP('',(#5430,#5431,#5437,#5438));
#5430 = ORIENTED_EDGE('',*,*,#3553,.T.);
#5431 = ORIENTED_EDGE('',*,*,#5432,.T.);
#5432 = EDGE_CURVE('',#3546,#4410,#5433,.T.);
#5433 = LINE('',#5434,#5435);
#5434 = CARTESIAN_POINT('',(-2.4,-0.13,0.625));
#5435 = VECTOR('',#5436,1.);
#5436 = DIRECTION('',(1.,-1.144237745222E-17,0.));
#5437 = ORIENTED_EDGE('',*,*,#4409,.F.);
#5438 = ORIENTED_EDGE('',*,*,#5439,.F.);
#5439 = EDGE_CURVE('',#3537,#4402,#5440,.T.);
#5440 = LINE('',#5441,#5442);
#5441 = CARTESIAN_POINT('',(-2.4,-0.52,0.625));
#5442 = VECTOR('',#5443,1.);
#5443 = DIRECTION('',(1.,-1.144237745222E-17,0.));
#5444 = PLANE('',#5445);
#5445 = AXIS2_PLACEMENT_3D('',#5446,#5447,#5448);
#5446 = CARTESIAN_POINT('',(-3.188450421961E-18,2.475,0.625));
#5447 = DIRECTION('',(0.,0.,-1.));
#5448 = DIRECTION('',(1.,1.111674977262E-16,0.));
#5449 = ADVANCED_FACE('',(#5450),#5536,.F.);
#5450 = FACE_BOUND('',#5451,.F.);
#5451 = EDGE_LOOP('',(#5452,#5453,#5454,#5463,#5471,#5480,#5488,#5496,
    #5504,#5513,#5521,#5530));
#5452 = ORIENTED_EDGE('',*,*,#3545,.F.);
#5453 = ORIENTED_EDGE('',*,*,#3567,.T.);
#5454 = ORIENTED_EDGE('',*,*,#5455,.T.);
#5455 = EDGE_CURVE('',#3568,#5456,#5458,.T.);
#5456 = VERTEX_POINT('',#5457);
#5457 = CARTESIAN_POINT('',(-2.498480775301,-0.13,0.392364817767));
#5458 = CIRCLE('',#5459,0.1);
#5459 = AXIS2_PLACEMENT_3D('',#5460,#5461,#5462);
#5460 = CARTESIAN_POINT('',(-2.4,-0.13,0.375));
#5461 = DIRECTION('',(-1.144237745222E-17,-1.,4.379057701015E-47));
#5462 = DIRECTION('',(-4.440892098501E-15,5.081436361563E-32,1.));
#5463 = ORIENTED_EDGE('',*,*,#5464,.T.);
#5464 = EDGE_CURVE('',#5456,#5465,#5467,.T.);
#5465 = VERTEX_POINT('',#5466);
#5466 = CARTESIAN_POINT('',(-2.525838934336,-0.13,0.206587955583));
#5467 = LINE('',#5468,#5469);
#5468 = CARTESIAN_POINT('',(-2.498480775301,-0.13,0.392364817767));
#5469 = VECTOR('',#5470,1.);
#5470 = DIRECTION('',(-0.145692235845,1.667065554401E-18,-0.989329961345
    ));
#5471 = ORIENTED_EDGE('',*,*,#5472,.T.);
#5472 = EDGE_CURVE('',#5465,#5473,#5475,.T.);
#5473 = VERTEX_POINT('',#5474);
#5474 = CARTESIAN_POINT('',(-2.772040872589,-0.13,-5.551115123126E-17));
#5475 = CIRCLE('',#5476,0.25);
#5476 = AXIS2_PLACEMENT_3D('',#5477,#5478,#5479);
#5477 = CARTESIAN_POINT('',(-2.772040872589,-0.13,0.25));
#5478 = DIRECTION('',(1.144237745222E-17,1.,3.08148791102E-33));
#5479 = DIRECTION('',(0.984807753012,-1.126854202784E-17,-0.173648177667
    ));
#5480 = ORIENTED_EDGE('',*,*,#5481,.T.);
#5481 = EDGE_CURVE('',#5473,#5482,#5484,.T.);
#5482 = VERTEX_POINT('',#5483);
#5483 = CARTESIAN_POINT('',(-3.2,-0.13,-5.551115123126E-17));
#5484 = LINE('',#5485,#5486);
#5485 = CARTESIAN_POINT('',(-2.772040872589,-0.13,-5.551115123126E-17));
#5486 = VECTOR('',#5487,1.);
#5487 = DIRECTION('',(-1.,1.144237745222E-17,0.));
#5488 = ORIENTED_EDGE('',*,*,#5489,.T.);
#5489 = EDGE_CURVE('',#5482,#5490,#5492,.T.);
#5490 = VERTEX_POINT('',#5491);
#5491 = CARTESIAN_POINT('',(-3.2,-0.13,0.15));
#5492 = LINE('',#5493,#5494);
#5493 = CARTESIAN_POINT('',(-3.2,-0.13,-5.551115123126E-17));
#5494 = VECTOR('',#5495,1.);
#5495 = DIRECTION('',(0.,0.,1.));
#5496 = ORIENTED_EDGE('',*,*,#5497,.T.);
#5497 = EDGE_CURVE('',#5490,#5498,#5500,.T.);
#5498 = VERTEX_POINT('',#5499);
#5499 = CARTESIAN_POINT('',(-2.772040872589,-0.13,0.15));
#5500 = LINE('',#5501,#5502);
#5501 = CARTESIAN_POINT('',(-3.2,-0.13,0.15));
#5502 = VECTOR('',#5503,1.);
#5503 = DIRECTION('',(1.,-1.144237745222E-17,0.));
#5504 = ORIENTED_EDGE('',*,*,#5505,.T.);
#5505 = EDGE_CURVE('',#5498,#5506,#5508,.T.);
#5506 = VERTEX_POINT('',#5507);
#5507 = CARTESIAN_POINT('',(-2.673560097287,-0.13,0.232635182233));
#5508 = CIRCLE('',#5509,0.1);
#5509 = AXIS2_PLACEMENT_3D('',#5510,#5511,#5512);
#5510 = CARTESIAN_POINT('',(-2.772040872589,-0.13,0.25));
#5511 = DIRECTION('',(-1.144237745222E-17,-1.,-0.));
#5512 = DIRECTION('',(0.,0.,-1.));
#5513 = ORIENTED_EDGE('',*,*,#5514,.T.);
#5514 = EDGE_CURVE('',#5506,#5515,#5517,.T.);
#5515 = VERTEX_POINT('',#5516);
#5516 = CARTESIAN_POINT('',(-2.646201938253,-0.13,0.418412044417));
#5517 = LINE('',#5518,#5519);
#5518 = CARTESIAN_POINT('',(-2.673560097287,-0.13,0.232635182233));
#5519 = VECTOR('',#5520,1.);
#5520 = DIRECTION('',(0.145692235845,-1.667065554401E-18,0.989329961345)
  );
#5521 = ORIENTED_EDGE('',*,*,#5522,.T.);
#5522 = EDGE_CURVE('',#5515,#5523,#5525,.T.);
#5523 = VERTEX_POINT('',#5524);
#5524 = CARTESIAN_POINT('',(-2.4,-0.13,0.625));
#5525 = CIRCLE('',#5526,0.25);
#5526 = AXIS2_PLACEMENT_3D('',#5527,#5528,#5529);
#5527 = CARTESIAN_POINT('',(-2.4,-0.13,0.375));
#5528 = DIRECTION('',(1.144237745222E-17,1.,-3.851859888774E-34));
#5529 = DIRECTION('',(-0.984807753012,1.126854202784E-17,0.173648177667)
  );
#5530 = ORIENTED_EDGE('',*,*,#5531,.T.);
#5531 = EDGE_CURVE('',#5523,#3546,#5532,.T.);
#5532 = LINE('',#5533,#5534);
#5533 = CARTESIAN_POINT('',(-2.4,-0.13,0.625));
#5534 = VECTOR('',#5535,1.);
#5535 = DIRECTION('',(1.,-1.144237745222E-17,0.));
#5536 = PLANE('',#5537);
#5537 = AXIS2_PLACEMENT_3D('',#5538,#5539,#5540);
#5538 = CARTESIAN_POINT('',(-2.637615762047,-0.13,0.292893776214));
#5539 = DIRECTION('',(1.144237745222E-17,1.,0.));
#5540 = DIRECTION('',(0.,-0.,1.));
#5541 = ADVANCED_FACE('',(#5542),#5561,.F.);
#5542 = FACE_BOUND('',#5543,.F.);
#5543 = EDGE_LOOP('',(#5544,#5545,#5554,#5560));
#5544 = ORIENTED_EDGE('',*,*,#3584,.T.);
#5545 = ORIENTED_EDGE('',*,*,#5546,.T.);
#5546 = EDGE_CURVE('',#3577,#5547,#5549,.T.);
#5547 = VERTEX_POINT('',#5548);
#5548 = CARTESIAN_POINT('',(-2.498480775301,0.13,0.392364817767));
#5549 = CIRCLE('',#5550,0.1);
#5550 = AXIS2_PLACEMENT_3D('',#5551,#5552,#5553);
#5551 = CARTESIAN_POINT('',(-2.4,0.13,0.375));
#5552 = DIRECTION('',(-1.144237745222E-17,-1.,4.379057701015E-47));
#5553 = DIRECTION('',(-4.440892098501E-15,5.081436361563E-32,1.));
#5554 = ORIENTED_EDGE('',*,*,#5555,.F.);
#5555 = EDGE_CURVE('',#5456,#5547,#5556,.T.);
#5556 = LINE('',#5557,#5558);
#5557 = CARTESIAN_POINT('',(-2.498480775301,-0.13,0.392364817767));
#5558 = VECTOR('',#5559,1.);
#5559 = DIRECTION('',(1.144237745222E-17,1.,0.));
#5560 = ORIENTED_EDGE('',*,*,#5455,.F.);
#5561 = CYLINDRICAL_SURFACE('',#5562,0.1);
#5562 = AXIS2_PLACEMENT_3D('',#5563,#5564,#5565);
#5563 = CARTESIAN_POINT('',(-2.4,-0.13,0.375));
#5564 = DIRECTION('',(-1.144237745222E-17,-1.,0.));
#5565 = DIRECTION('',(-4.440892098501E-15,5.081436361563E-32,1.));
#5566 = ADVANCED_FACE('',(#5567),#5645,.T.);
#5567 = FACE_BOUND('',#5568,.T.);
#5568 = EDGE_LOOP('',(#5569,#5570,#5571,#5572,#5580,#5589,#5597,#5605,
    #5613,#5622,#5630,#5639));
#5569 = ORIENTED_EDGE('',*,*,#3598,.F.);
#5570 = ORIENTED_EDGE('',*,*,#3576,.T.);
#5571 = ORIENTED_EDGE('',*,*,#5546,.T.);
#5572 = ORIENTED_EDGE('',*,*,#5573,.T.);
#5573 = EDGE_CURVE('',#5547,#5574,#5576,.T.);
#5574 = VERTEX_POINT('',#5575);
#5575 = CARTESIAN_POINT('',(-2.525838934336,0.13,0.206587955583));
#5576 = LINE('',#5577,#5578);
#5577 = CARTESIAN_POINT('',(-2.498480775301,0.13,0.392364817767));
#5578 = VECTOR('',#5579,1.);
#5579 = DIRECTION('',(-0.145692235845,1.667065554401E-18,-0.989329961345
    ));
#5580 = ORIENTED_EDGE('',*,*,#5581,.T.);
#5581 = EDGE_CURVE('',#5574,#5582,#5584,.T.);
#5582 = VERTEX_POINT('',#5583);
#5583 = CARTESIAN_POINT('',(-2.772040872589,0.13,-5.551115123126E-17));
#5584 = CIRCLE('',#5585,0.25);
#5585 = AXIS2_PLACEMENT_3D('',#5586,#5587,#5588);
#5586 = CARTESIAN_POINT('',(-2.772040872589,0.13,0.25));
#5587 = DIRECTION('',(1.144237745222E-17,1.,3.08148791102E-33));
#5588 = DIRECTION('',(0.984807753012,-1.126854202784E-17,-0.173648177667
    ));
#5589 = ORIENTED_EDGE('',*,*,#5590,.T.);
#5590 = EDGE_CURVE('',#5582,#5591,#5593,.T.);
#5591 = VERTEX_POINT('',#5592);
#5592 = CARTESIAN_POINT('',(-3.2,0.13,-5.551115123126E-17));
#5593 = LINE('',#5594,#5595);
#5594 = CARTESIAN_POINT('',(-2.772040872589,0.13,-5.551115123126E-17));
#5595 = VECTOR('',#5596,1.);
#5596 = DIRECTION('',(-1.,1.144237745222E-17,0.));
#5597 = ORIENTED_EDGE('',*,*,#5598,.T.);
#5598 = EDGE_CURVE('',#5591,#5599,#5601,.T.);
#5599 = VERTEX_POINT('',#5600);
#5600 = CARTESIAN_POINT('',(-3.2,0.13,0.15));
#5601 = LINE('',#5602,#5603);
#5602 = CARTESIAN_POINT('',(-3.2,0.13,-5.551115123126E-17));
#5603 = VECTOR('',#5604,1.);
#5604 = DIRECTION('',(0.,0.,1.));
#5605 = ORIENTED_EDGE('',*,*,#5606,.T.);
#5606 = EDGE_CURVE('',#5599,#5607,#5609,.T.);
#5607 = VERTEX_POINT('',#5608);
#5608 = CARTESIAN_POINT('',(-2.772040872589,0.13,0.15));
#5609 = LINE('',#5610,#5611);
#5610 = CARTESIAN_POINT('',(-3.2,0.13,0.15));
#5611 = VECTOR('',#5612,1.);
#5612 = DIRECTION('',(1.,-1.144237745222E-17,0.));
#5613 = ORIENTED_EDGE('',*,*,#5614,.T.);
#5614 = EDGE_CURVE('',#5607,#5615,#5617,.T.);
#5615 = VERTEX_POINT('',#5616);
#5616 = CARTESIAN_POINT('',(-2.673560097287,0.13,0.232635182233));
#5617 = CIRCLE('',#5618,0.1);
#5618 = AXIS2_PLACEMENT_3D('',#5619,#5620,#5621);
#5619 = CARTESIAN_POINT('',(-2.772040872589,0.13,0.25));
#5620 = DIRECTION('',(-1.144237745222E-17,-1.,-0.));
#5621 = DIRECTION('',(0.,0.,-1.));
#5622 = ORIENTED_EDGE('',*,*,#5623,.T.);
#5623 = EDGE_CURVE('',#5615,#5624,#5626,.T.);
#5624 = VERTEX_POINT('',#5625);
#5625 = CARTESIAN_POINT('',(-2.646201938253,0.13,0.418412044417));
#5626 = LINE('',#5627,#5628);
#5627 = CARTESIAN_POINT('',(-2.673560097287,0.13,0.232635182233));
#5628 = VECTOR('',#5629,1.);
#5629 = DIRECTION('',(0.145692235845,-1.667065554401E-18,0.989329961345)
  );
#5630 = ORIENTED_EDGE('',*,*,#5631,.T.);
#5631 = EDGE_CURVE('',#5624,#5632,#5634,.T.);
#5632 = VERTEX_POINT('',#5633);
#5633 = CARTESIAN_POINT('',(-2.4,0.13,0.625));
#5634 = CIRCLE('',#5635,0.25);
#5635 = AXIS2_PLACEMENT_3D('',#5636,#5637,#5638);
#5636 = CARTESIAN_POINT('',(-2.4,0.13,0.375));
#5637 = DIRECTION('',(1.144237745222E-17,1.,-3.851859888774E-34));
#5638 = DIRECTION('',(-0.984807753012,1.126854202784E-17,0.173648177667)
  );
#5639 = ORIENTED_EDGE('',*,*,#5640,.T.);
#5640 = EDGE_CURVE('',#5632,#3599,#5641,.T.);
#5641 = LINE('',#5642,#5643);
#5642 = CARTESIAN_POINT('',(-2.4,0.13,0.625));
#5643 = VECTOR('',#5644,1.);
#5644 = DIRECTION('',(1.,-1.144237745222E-17,0.));
#5645 = PLANE('',#5646);
#5646 = AXIS2_PLACEMENT_3D('',#5647,#5648,#5649);
#5647 = CARTESIAN_POINT('',(-2.637615762047,0.13,0.292893776214));
#5648 = DIRECTION('',(1.144237745222E-17,1.,0.));
#5649 = DIRECTION('',(0.,-0.,1.));
#5650 = ADVANCED_FACE('',(#5651),#5667,.F.);
#5651 = FACE_BOUND('',#5652,.F.);
#5652 = EDGE_LOOP('',(#5653,#5654,#5660,#5661));
#5653 = ORIENTED_EDGE('',*,*,#3615,.T.);
#5654 = ORIENTED_EDGE('',*,*,#5655,.T.);
#5655 = EDGE_CURVE('',#3608,#4426,#5656,.T.);
#5656 = LINE('',#5657,#5658);
#5657 = CARTESIAN_POINT('',(-2.4,0.52,0.625));
#5658 = VECTOR('',#5659,1.);
#5659 = DIRECTION('',(1.,-1.144237745222E-17,0.));
#5660 = ORIENTED_EDGE('',*,*,#4425,.F.);
#5661 = ORIENTED_EDGE('',*,*,#5662,.F.);
#5662 = EDGE_CURVE('',#3599,#4418,#5663,.T.);
#5663 = LINE('',#5664,#5665);
#5664 = CARTESIAN_POINT('',(-2.4,0.13,0.625));
#5665 = VECTOR('',#5666,1.);
#5666 = DIRECTION('',(1.,-1.144237745222E-17,0.));
#5667 = PLANE('',#5668);
#5668 = AXIS2_PLACEMENT_3D('',#5669,#5670,#5671);
#5669 = CARTESIAN_POINT('',(-3.188450421961E-18,2.475,0.625));
#5670 = DIRECTION('',(0.,0.,-1.));
#5671 = DIRECTION('',(1.,1.111674977262E-16,0.));
#5672 = ADVANCED_FACE('',(#5673),#5759,.F.);
#5673 = FACE_BOUND('',#5674,.F.);
#5674 = EDGE_LOOP('',(#5675,#5676,#5677,#5686,#5694,#5703,#5711,#5719,
    #5727,#5736,#5744,#5753));
#5675 = ORIENTED_EDGE('',*,*,#3607,.F.);
#5676 = ORIENTED_EDGE('',*,*,#3629,.T.);
#5677 = ORIENTED_EDGE('',*,*,#5678,.T.);
#5678 = EDGE_CURVE('',#3630,#5679,#5681,.T.);
#5679 = VERTEX_POINT('',#5680);
#5680 = CARTESIAN_POINT('',(-2.498480775301,0.52,0.392364817767));
#5681 = CIRCLE('',#5682,0.1);
#5682 = AXIS2_PLACEMENT_3D('',#5683,#5684,#5685);
#5683 = CARTESIAN_POINT('',(-2.4,0.52,0.375));
#5684 = DIRECTION('',(-1.144237745222E-17,-1.,4.379057701015E-47));
#5685 = DIRECTION('',(-4.440892098501E-15,5.081436361563E-32,1.));
#5686 = ORIENTED_EDGE('',*,*,#5687,.T.);
#5687 = EDGE_CURVE('',#5679,#5688,#5690,.T.);
#5688 = VERTEX_POINT('',#5689);
#5689 = CARTESIAN_POINT('',(-2.525838934336,0.52,0.206587955583));
#5690 = LINE('',#5691,#5692);
#5691 = CARTESIAN_POINT('',(-2.498480775301,0.52,0.392364817767));
#5692 = VECTOR('',#5693,1.);
#5693 = DIRECTION('',(-0.145692235845,1.667065554401E-18,-0.989329961345
    ));
#5694 = ORIENTED_EDGE('',*,*,#5695,.T.);
#5695 = EDGE_CURVE('',#5688,#5696,#5698,.T.);
#5696 = VERTEX_POINT('',#5697);
#5697 = CARTESIAN_POINT('',(-2.772040872589,0.52,-5.551115123126E-17));
#5698 = CIRCLE('',#5699,0.25);
#5699 = AXIS2_PLACEMENT_3D('',#5700,#5701,#5702);
#5700 = CARTESIAN_POINT('',(-2.772040872589,0.52,0.25));
#5701 = DIRECTION('',(1.144237745222E-17,1.,3.08148791102E-33));
#5702 = DIRECTION('',(0.984807753012,-1.126854202784E-17,-0.173648177667
    ));
#5703 = ORIENTED_EDGE('',*,*,#5704,.T.);
#5704 = EDGE_CURVE('',#5696,#5705,#5707,.T.);
#5705 = VERTEX_POINT('',#5706);
#5706 = CARTESIAN_POINT('',(-3.2,0.52,-5.551115123126E-17));
#5707 = LINE('',#5708,#5709);
#5708 = CARTESIAN_POINT('',(-2.772040872589,0.52,-5.551115123126E-17));
#5709 = VECTOR('',#5710,1.);
#5710 = DIRECTION('',(-1.,1.144237745222E-17,0.));
#5711 = ORIENTED_EDGE('',*,*,#5712,.T.);
#5712 = EDGE_CURVE('',#5705,#5713,#5715,.T.);
#5713 = VERTEX_POINT('',#5714);
#5714 = CARTESIAN_POINT('',(-3.2,0.52,0.15));
#5715 = LINE('',#5716,#5717);
#5716 = CARTESIAN_POINT('',(-3.2,0.52,-5.551115123126E-17));
#5717 = VECTOR('',#5718,1.);
#5718 = DIRECTION('',(0.,0.,1.));
#5719 = ORIENTED_EDGE('',*,*,#5720,.T.);
#5720 = EDGE_CURVE('',#5713,#5721,#5723,.T.);
#5721 = VERTEX_POINT('',#5722);
#5722 = CARTESIAN_POINT('',(-2.772040872589,0.52,0.15));
#5723 = LINE('',#5724,#5725);
#5724 = CARTESIAN_POINT('',(-3.2,0.52,0.15));
#5725 = VECTOR('',#5726,1.);
#5726 = DIRECTION('',(1.,-1.144237745222E-17,0.));
#5727 = ORIENTED_EDGE('',*,*,#5728,.T.);
#5728 = EDGE_CURVE('',#5721,#5729,#5731,.T.);
#5729 = VERTEX_POINT('',#5730);
#5730 = CARTESIAN_POINT('',(-2.673560097287,0.52,0.232635182233));
#5731 = CIRCLE('',#5732,0.1);
#5732 = AXIS2_PLACEMENT_3D('',#5733,#5734,#5735);
#5733 = CARTESIAN_POINT('',(-2.772040872589,0.52,0.25));
#5734 = DIRECTION('',(-1.144237745222E-17,-1.,-0.));
#5735 = DIRECTION('',(0.,0.,-1.));
#5736 = ORIENTED_EDGE('',*,*,#5737,.T.);
#5737 = EDGE_CURVE('',#5729,#5738,#5740,.T.);
#5738 = VERTEX_POINT('',#5739);
#5739 = CARTESIAN_POINT('',(-2.646201938253,0.52,0.418412044417));
#5740 = LINE('',#5741,#5742);
#5741 = CARTESIAN_POINT('',(-2.673560097287,0.52,0.232635182233));
#5742 = VECTOR('',#5743,1.);
#5743 = DIRECTION('',(0.145692235845,-1.667065554401E-18,0.989329961345)
  );
#5744 = ORIENTED_EDGE('',*,*,#5745,.T.);
#5745 = EDGE_CURVE('',#5738,#5746,#5748,.T.);
#5746 = VERTEX_POINT('',#5747);
#5747 = CARTESIAN_POINT('',(-2.4,0.52,0.625));
#5748 = CIRCLE('',#5749,0.25);
#5749 = AXIS2_PLACEMENT_3D('',#5750,#5751,#5752);
#5750 = CARTESIAN_POINT('',(-2.4,0.52,0.375));
#5751 = DIRECTION('',(1.144237745222E-17,1.,-3.851859888774E-34));
#5752 = DIRECTION('',(-0.984807753012,1.126854202784E-17,0.173648177667)
  );
#5753 = ORIENTED_EDGE('',*,*,#5754,.T.);
#5754 = EDGE_CURVE('',#5746,#3608,#5755,.T.);
#5755 = LINE('',#5756,#5757);
#5756 = CARTESIAN_POINT('',(-2.4,0.52,0.625));
#5757 = VECTOR('',#5758,1.);
#5758 = DIRECTION('',(1.,-1.144237745222E-17,0.));
#5759 = PLANE('',#5760);
#5760 = AXIS2_PLACEMENT_3D('',#5761,#5762,#5763);
#5761 = CARTESIAN_POINT('',(-2.637615762047,0.52,0.292893776214));
#5762 = DIRECTION('',(1.144237745222E-17,1.,0.));
#5763 = DIRECTION('',(0.,-0.,1.));
#5764 = ADVANCED_FACE('',(#5765),#5784,.F.);
#5765 = FACE_BOUND('',#5766,.F.);
#5766 = EDGE_LOOP('',(#5767,#5768,#5777,#5783));
#5767 = ORIENTED_EDGE('',*,*,#3646,.T.);
#5768 = ORIENTED_EDGE('',*,*,#5769,.T.);
#5769 = EDGE_CURVE('',#3639,#5770,#5772,.T.);
#5770 = VERTEX_POINT('',#5771);
#5771 = CARTESIAN_POINT('',(-2.498480775301,0.78,0.392364817767));
#5772 = CIRCLE('',#5773,0.1);
#5773 = AXIS2_PLACEMENT_3D('',#5774,#5775,#5776);
#5774 = CARTESIAN_POINT('',(-2.4,0.78,0.375));
#5775 = DIRECTION('',(-1.144237745222E-17,-1.,4.379057701015E-47));
#5776 = DIRECTION('',(-4.440892098501E-15,5.081436361563E-32,1.));
#5777 = ORIENTED_EDGE('',*,*,#5778,.F.);
#5778 = EDGE_CURVE('',#5679,#5770,#5779,.T.);
#5779 = LINE('',#5780,#5781);
#5780 = CARTESIAN_POINT('',(-2.498480775301,0.52,0.392364817767));
#5781 = VECTOR('',#5782,1.);
#5782 = DIRECTION('',(1.144237745222E-17,1.,0.));
#5783 = ORIENTED_EDGE('',*,*,#5678,.F.);
#5784 = CYLINDRICAL_SURFACE('',#5785,0.1);
#5785 = AXIS2_PLACEMENT_3D('',#5786,#5787,#5788);
#5786 = CARTESIAN_POINT('',(-2.4,0.52,0.375));
#5787 = DIRECTION('',(-1.144237745222E-17,-1.,0.));
#5788 = DIRECTION('',(-4.440892098501E-15,5.081436361563E-32,1.));
#5789 = ADVANCED_FACE('',(#5790),#5868,.T.);
#5790 = FACE_BOUND('',#5791,.T.);
#5791 = EDGE_LOOP('',(#5792,#5793,#5794,#5795,#5803,#5812,#5820,#5828,
    #5836,#5845,#5853,#5862));
#5792 = ORIENTED_EDGE('',*,*,#3660,.F.);
#5793 = ORIENTED_EDGE('',*,*,#3638,.T.);
#5794 = ORIENTED_EDGE('',*,*,#5769,.T.);
#5795 = ORIENTED_EDGE('',*,*,#5796,.T.);
#5796 = EDGE_CURVE('',#5770,#5797,#5799,.T.);
#5797 = VERTEX_POINT('',#5798);
#5798 = CARTESIAN_POINT('',(-2.525838934336,0.78,0.206587955583));
#5799 = LINE('',#5800,#5801);
#5800 = CARTESIAN_POINT('',(-2.498480775301,0.78,0.392364817767));
#5801 = VECTOR('',#5802,1.);
#5802 = DIRECTION('',(-0.145692235845,1.667065554401E-18,-0.989329961345
    ));
#5803 = ORIENTED_EDGE('',*,*,#5804,.T.);
#5804 = EDGE_CURVE('',#5797,#5805,#5807,.T.);
#5805 = VERTEX_POINT('',#5806);
#5806 = CARTESIAN_POINT('',(-2.772040872589,0.78,-5.551115123126E-17));
#5807 = CIRCLE('',#5808,0.25);
#5808 = AXIS2_PLACEMENT_3D('',#5809,#5810,#5811);
#5809 = CARTESIAN_POINT('',(-2.772040872589,0.78,0.25));
#5810 = DIRECTION('',(1.144237745222E-17,1.,3.08148791102E-33));
#5811 = DIRECTION('',(0.984807753012,-1.126854202784E-17,-0.173648177667
    ));
#5812 = ORIENTED_EDGE('',*,*,#5813,.T.);
#5813 = EDGE_CURVE('',#5805,#5814,#5816,.T.);
#5814 = VERTEX_POINT('',#5815);
#5815 = CARTESIAN_POINT('',(-3.2,0.78,-5.551115123126E-17));
#5816 = LINE('',#5817,#5818);
#5817 = CARTESIAN_POINT('',(-2.772040872589,0.78,-5.551115123126E-17));
#5818 = VECTOR('',#5819,1.);
#5819 = DIRECTION('',(-1.,1.144237745222E-17,0.));
#5820 = ORIENTED_EDGE('',*,*,#5821,.T.);
#5821 = EDGE_CURVE('',#5814,#5822,#5824,.T.);
#5822 = VERTEX_POINT('',#5823);
#5823 = CARTESIAN_POINT('',(-3.2,0.78,0.15));
#5824 = LINE('',#5825,#5826);
#5825 = CARTESIAN_POINT('',(-3.2,0.78,-5.551115123126E-17));
#5826 = VECTOR('',#5827,1.);
#5827 = DIRECTION('',(0.,0.,1.));
#5828 = ORIENTED_EDGE('',*,*,#5829,.T.);
#5829 = EDGE_CURVE('',#5822,#5830,#5832,.T.);
#5830 = VERTEX_POINT('',#5831);
#5831 = CARTESIAN_POINT('',(-2.772040872589,0.78,0.15));
#5832 = LINE('',#5833,#5834);
#5833 = CARTESIAN_POINT('',(-3.2,0.78,0.15));
#5834 = VECTOR('',#5835,1.);
#5835 = DIRECTION('',(1.,-1.144237745222E-17,0.));
#5836 = ORIENTED_EDGE('',*,*,#5837,.T.);
#5837 = EDGE_CURVE('',#5830,#5838,#5840,.T.);
#5838 = VERTEX_POINT('',#5839);
#5839 = CARTESIAN_POINT('',(-2.673560097287,0.78,0.232635182233));
#5840 = CIRCLE('',#5841,0.1);
#5841 = AXIS2_PLACEMENT_3D('',#5842,#5843,#5844);
#5842 = CARTESIAN_POINT('',(-2.772040872589,0.78,0.25));
#5843 = DIRECTION('',(-1.144237745222E-17,-1.,-0.));
#5844 = DIRECTION('',(0.,0.,-1.));
#5845 = ORIENTED_EDGE('',*,*,#5846,.T.);
#5846 = EDGE_CURVE('',#5838,#5847,#5849,.T.);
#5847 = VERTEX_POINT('',#5848);
#5848 = CARTESIAN_POINT('',(-2.646201938253,0.78,0.418412044417));
#5849 = LINE('',#5850,#5851);
#5850 = CARTESIAN_POINT('',(-2.673560097287,0.78,0.232635182233));
#5851 = VECTOR('',#5852,1.);
#5852 = DIRECTION('',(0.145692235845,-1.667065554401E-18,0.989329961345)
  );
#5853 = ORIENTED_EDGE('',*,*,#5854,.T.);
#5854 = EDGE_CURVE('',#5847,#5855,#5857,.T.);
#5855 = VERTEX_POINT('',#5856);
#5856 = CARTESIAN_POINT('',(-2.4,0.78,0.625));
#5857 = CIRCLE('',#5858,0.25);
#5858 = AXIS2_PLACEMENT_3D('',#5859,#5860,#5861);
#5859 = CARTESIAN_POINT('',(-2.4,0.78,0.375));
#5860 = DIRECTION('',(1.144237745222E-17,1.,-3.851859888774E-34));
#5861 = DIRECTION('',(-0.984807753012,1.126854202784E-17,0.173648177667)
  );
#5862 = ORIENTED_EDGE('',*,*,#5863,.T.);
#5863 = EDGE_CURVE('',#5855,#3661,#5864,.T.);
#5864 = LINE('',#5865,#5866);
#5865 = CARTESIAN_POINT('',(-2.4,0.78,0.625));
#5866 = VECTOR('',#5867,1.);
#5867 = DIRECTION('',(1.,-1.144237745222E-17,0.));
#5868 = PLANE('',#5869);
#5869 = AXIS2_PLACEMENT_3D('',#5870,#5871,#5872);
#5870 = CARTESIAN_POINT('',(-2.637615762047,0.78,0.292893776214));
#5871 = DIRECTION('',(1.144237745222E-17,1.,0.));
#5872 = DIRECTION('',(0.,-0.,1.));
#5873 = ADVANCED_FACE('',(#5874),#5890,.F.);
#5874 = FACE_BOUND('',#5875,.F.);
#5875 = EDGE_LOOP('',(#5876,#5877,#5883,#5884));
#5876 = ORIENTED_EDGE('',*,*,#3677,.T.);
#5877 = ORIENTED_EDGE('',*,*,#5878,.T.);
#5878 = EDGE_CURVE('',#3670,#4442,#5879,.T.);
#5879 = LINE('',#5880,#5881);
#5880 = CARTESIAN_POINT('',(-2.4,1.17,0.625));
#5881 = VECTOR('',#5882,1.);
#5882 = DIRECTION('',(1.,-1.144237745222E-17,0.));
#5883 = ORIENTED_EDGE('',*,*,#4441,.F.);
#5884 = ORIENTED_EDGE('',*,*,#5885,.F.);
#5885 = EDGE_CURVE('',#3661,#4434,#5886,.T.);
#5886 = LINE('',#5887,#5888);
#5887 = CARTESIAN_POINT('',(-2.4,0.78,0.625));
#5888 = VECTOR('',#5889,1.);
#5889 = DIRECTION('',(1.,-1.144237745222E-17,0.));
#5890 = PLANE('',#5891);
#5891 = AXIS2_PLACEMENT_3D('',#5892,#5893,#5894);
#5892 = CARTESIAN_POINT('',(-3.188450421961E-18,2.475,0.625));
#5893 = DIRECTION('',(0.,0.,-1.));
#5894 = DIRECTION('',(1.,1.111674977262E-16,0.));
#5895 = ADVANCED_FACE('',(#5896),#5982,.F.);
#5896 = FACE_BOUND('',#5897,.F.);
#5897 = EDGE_LOOP('',(#5898,#5899,#5900,#5909,#5917,#5926,#5934,#5942,
    #5950,#5959,#5967,#5976));
#5898 = ORIENTED_EDGE('',*,*,#3669,.F.);
#5899 = ORIENTED_EDGE('',*,*,#3691,.T.);
#5900 = ORIENTED_EDGE('',*,*,#5901,.T.);
#5901 = EDGE_CURVE('',#3692,#5902,#5904,.T.);
#5902 = VERTEX_POINT('',#5903);
#5903 = CARTESIAN_POINT('',(-2.498480775301,1.17,0.392364817767));
#5904 = CIRCLE('',#5905,0.1);
#5905 = AXIS2_PLACEMENT_3D('',#5906,#5907,#5908);
#5906 = CARTESIAN_POINT('',(-2.4,1.17,0.375));
#5907 = DIRECTION('',(-1.144237745222E-17,-1.,4.379057701015E-47));
#5908 = DIRECTION('',(-4.440892098501E-15,5.081436361563E-32,1.));
#5909 = ORIENTED_EDGE('',*,*,#5910,.T.);
#5910 = EDGE_CURVE('',#5902,#5911,#5913,.T.);
#5911 = VERTEX_POINT('',#5912);
#5912 = CARTESIAN_POINT('',(-2.525838934336,1.17,0.206587955583));
#5913 = LINE('',#5914,#5915);
#5914 = CARTESIAN_POINT('',(-2.498480775301,1.17,0.392364817767));
#5915 = VECTOR('',#5916,1.);
#5916 = DIRECTION('',(-0.145692235845,1.667065554401E-18,-0.989329961345
    ));
#5917 = ORIENTED_EDGE('',*,*,#5918,.T.);
#5918 = EDGE_CURVE('',#5911,#5919,#5921,.T.);
#5919 = VERTEX_POINT('',#5920);
#5920 = CARTESIAN_POINT('',(-2.772040872589,1.17,-5.551115123126E-17));
#5921 = CIRCLE('',#5922,0.25);
#5922 = AXIS2_PLACEMENT_3D('',#5923,#5924,#5925);
#5923 = CARTESIAN_POINT('',(-2.772040872589,1.17,0.25));
#5924 = DIRECTION('',(1.144237745222E-17,1.,3.08148791102E-33));
#5925 = DIRECTION('',(0.984807753012,-1.126854202784E-17,-0.173648177667
    ));
#5926 = ORIENTED_EDGE('',*,*,#5927,.T.);
#5927 = EDGE_CURVE('',#5919,#5928,#5930,.T.);
#5928 = VERTEX_POINT('',#5929);
#5929 = CARTESIAN_POINT('',(-3.2,1.17,-5.551115123126E-17));
#5930 = LINE('',#5931,#5932);
#5931 = CARTESIAN_POINT('',(-2.772040872589,1.17,-5.551115123126E-17));
#5932 = VECTOR('',#5933,1.);
#5933 = DIRECTION('',(-1.,1.144237745222E-17,0.));
#5934 = ORIENTED_EDGE('',*,*,#5935,.T.);
#5935 = EDGE_CURVE('',#5928,#5936,#5938,.T.);
#5936 = VERTEX_POINT('',#5937);
#5937 = CARTESIAN_POINT('',(-3.2,1.17,0.15));
#5938 = LINE('',#5939,#5940);
#5939 = CARTESIAN_POINT('',(-3.2,1.17,-5.551115123126E-17));
#5940 = VECTOR('',#5941,1.);
#5941 = DIRECTION('',(0.,0.,1.));
#5942 = ORIENTED_EDGE('',*,*,#5943,.T.);
#5943 = EDGE_CURVE('',#5936,#5944,#5946,.T.);
#5944 = VERTEX_POINT('',#5945);
#5945 = CARTESIAN_POINT('',(-2.772040872589,1.17,0.15));
#5946 = LINE('',#5947,#5948);
#5947 = CARTESIAN_POINT('',(-3.2,1.17,0.15));
#5948 = VECTOR('',#5949,1.);
#5949 = DIRECTION('',(1.,-1.144237745222E-17,0.));
#5950 = ORIENTED_EDGE('',*,*,#5951,.T.);
#5951 = EDGE_CURVE('',#5944,#5952,#5954,.T.);
#5952 = VERTEX_POINT('',#5953);
#5953 = CARTESIAN_POINT('',(-2.673560097287,1.17,0.232635182233));
#5954 = CIRCLE('',#5955,0.1);
#5955 = AXIS2_PLACEMENT_3D('',#5956,#5957,#5958);
#5956 = CARTESIAN_POINT('',(-2.772040872589,1.17,0.25));
#5957 = DIRECTION('',(-1.144237745222E-17,-1.,-0.));
#5958 = DIRECTION('',(0.,0.,-1.));
#5959 = ORIENTED_EDGE('',*,*,#5960,.T.);
#5960 = EDGE_CURVE('',#5952,#5961,#5963,.T.);
#5961 = VERTEX_POINT('',#5962);
#5962 = CARTESIAN_POINT('',(-2.646201938253,1.17,0.418412044417));
#5963 = LINE('',#5964,#5965);
#5964 = CARTESIAN_POINT('',(-2.673560097287,1.17,0.232635182233));
#5965 = VECTOR('',#5966,1.);
#5966 = DIRECTION('',(0.145692235845,-1.667065554401E-18,0.989329961345)
  );
#5967 = ORIENTED_EDGE('',*,*,#5968,.T.);
#5968 = EDGE_CURVE('',#5961,#5969,#5971,.T.);
#5969 = VERTEX_POINT('',#5970);
#5970 = CARTESIAN_POINT('',(-2.4,1.17,0.625));
#5971 = CIRCLE('',#5972,0.25);
#5972 = AXIS2_PLACEMENT_3D('',#5973,#5974,#5975);
#5973 = CARTESIAN_POINT('',(-2.4,1.17,0.375));
#5974 = DIRECTION('',(1.144237745222E-17,1.,-3.851859888774E-34));
#5975 = DIRECTION('',(-0.984807753012,1.126854202784E-17,0.173648177667)
  );
#5976 = ORIENTED_EDGE('',*,*,#5977,.T.);
#5977 = EDGE_CURVE('',#5969,#3670,#5978,.T.);
#5978 = LINE('',#5979,#5980);
#5979 = CARTESIAN_POINT('',(-2.4,1.17,0.625));
#5980 = VECTOR('',#5981,1.);
#5981 = DIRECTION('',(1.,-1.144237745222E-17,0.));
#5982 = PLANE('',#5983);
#5983 = AXIS2_PLACEMENT_3D('',#5984,#5985,#5986);
#5984 = CARTESIAN_POINT('',(-2.637615762047,1.17,0.292893776214));
#5985 = DIRECTION('',(1.144237745222E-17,1.,0.));
#5986 = DIRECTION('',(0.,-0.,1.));
#5987 = ADVANCED_FACE('',(#5988),#6007,.F.);
#5988 = FACE_BOUND('',#5989,.F.);
#5989 = EDGE_LOOP('',(#5990,#5991,#6000,#6006));
#5990 = ORIENTED_EDGE('',*,*,#3708,.T.);
#5991 = ORIENTED_EDGE('',*,*,#5992,.T.);
#5992 = EDGE_CURVE('',#3701,#5993,#5995,.T.);
#5993 = VERTEX_POINT('',#5994);
#5994 = CARTESIAN_POINT('',(-2.498480775301,1.43,0.392364817767));
#5995 = CIRCLE('',#5996,0.1);
#5996 = AXIS2_PLACEMENT_3D('',#5997,#5998,#5999);
#5997 = CARTESIAN_POINT('',(-2.4,1.43,0.375));
#5998 = DIRECTION('',(-1.144237745222E-17,-1.,4.379057701015E-47));
#5999 = DIRECTION('',(-4.440892098501E-15,5.081436361563E-32,1.));
#6000 = ORIENTED_EDGE('',*,*,#6001,.F.);
#6001 = EDGE_CURVE('',#5902,#5993,#6002,.T.);
#6002 = LINE('',#6003,#6004);
#6003 = CARTESIAN_POINT('',(-2.498480775301,1.17,0.392364817767));
#6004 = VECTOR('',#6005,1.);
#6005 = DIRECTION('',(1.144237745222E-17,1.,0.));
#6006 = ORIENTED_EDGE('',*,*,#5901,.F.);
#6007 = CYLINDRICAL_SURFACE('',#6008,0.1);
#6008 = AXIS2_PLACEMENT_3D('',#6009,#6010,#6011);
#6009 = CARTESIAN_POINT('',(-2.4,1.17,0.375));
#6010 = DIRECTION('',(-1.144237745222E-17,-1.,0.));
#6011 = DIRECTION('',(-4.440892098501E-15,5.081436361563E-32,1.));
#6012 = ADVANCED_FACE('',(#6013),#6091,.T.);
#6013 = FACE_BOUND('',#6014,.T.);
#6014 = EDGE_LOOP('',(#6015,#6016,#6017,#6018,#6026,#6035,#6043,#6051,
    #6059,#6068,#6076,#6085));
#6015 = ORIENTED_EDGE('',*,*,#3722,.F.);
#6016 = ORIENTED_EDGE('',*,*,#3700,.T.);
#6017 = ORIENTED_EDGE('',*,*,#5992,.T.);
#6018 = ORIENTED_EDGE('',*,*,#6019,.T.);
#6019 = EDGE_CURVE('',#5993,#6020,#6022,.T.);
#6020 = VERTEX_POINT('',#6021);
#6021 = CARTESIAN_POINT('',(-2.525838934336,1.43,0.206587955583));
#6022 = LINE('',#6023,#6024);
#6023 = CARTESIAN_POINT('',(-2.498480775301,1.43,0.392364817767));
#6024 = VECTOR('',#6025,1.);
#6025 = DIRECTION('',(-0.145692235845,1.667065554401E-18,-0.989329961345
    ));
#6026 = ORIENTED_EDGE('',*,*,#6027,.T.);
#6027 = EDGE_CURVE('',#6020,#6028,#6030,.T.);
#6028 = VERTEX_POINT('',#6029);
#6029 = CARTESIAN_POINT('',(-2.772040872589,1.43,-5.551115123126E-17));
#6030 = CIRCLE('',#6031,0.25);
#6031 = AXIS2_PLACEMENT_3D('',#6032,#6033,#6034);
#6032 = CARTESIAN_POINT('',(-2.772040872589,1.43,0.25));
#6033 = DIRECTION('',(1.144237745222E-17,1.,3.08148791102E-33));
#6034 = DIRECTION('',(0.984807753012,-1.126854202784E-17,-0.173648177667
    ));
#6035 = ORIENTED_EDGE('',*,*,#6036,.T.);
#6036 = EDGE_CURVE('',#6028,#6037,#6039,.T.);
#6037 = VERTEX_POINT('',#6038);
#6038 = CARTESIAN_POINT('',(-3.2,1.43,-5.551115123126E-17));
#6039 = LINE('',#6040,#6041);
#6040 = CARTESIAN_POINT('',(-2.772040872589,1.43,-5.551115123126E-17));
#6041 = VECTOR('',#6042,1.);
#6042 = DIRECTION('',(-1.,1.144237745222E-17,0.));
#6043 = ORIENTED_EDGE('',*,*,#6044,.T.);
#6044 = EDGE_CURVE('',#6037,#6045,#6047,.T.);
#6045 = VERTEX_POINT('',#6046);
#6046 = CARTESIAN_POINT('',(-3.2,1.43,0.15));
#6047 = LINE('',#6048,#6049);
#6048 = CARTESIAN_POINT('',(-3.2,1.43,-5.551115123126E-17));
#6049 = VECTOR('',#6050,1.);
#6050 = DIRECTION('',(0.,0.,1.));
#6051 = ORIENTED_EDGE('',*,*,#6052,.T.);
#6052 = EDGE_CURVE('',#6045,#6053,#6055,.T.);
#6053 = VERTEX_POINT('',#6054);
#6054 = CARTESIAN_POINT('',(-2.772040872589,1.43,0.15));
#6055 = LINE('',#6056,#6057);
#6056 = CARTESIAN_POINT('',(-3.2,1.43,0.15));
#6057 = VECTOR('',#6058,1.);
#6058 = DIRECTION('',(1.,-1.144237745222E-17,0.));
#6059 = ORIENTED_EDGE('',*,*,#6060,.T.);
#6060 = EDGE_CURVE('',#6053,#6061,#6063,.T.);
#6061 = VERTEX_POINT('',#6062);
#6062 = CARTESIAN_POINT('',(-2.673560097287,1.43,0.232635182233));
#6063 = CIRCLE('',#6064,0.1);
#6064 = AXIS2_PLACEMENT_3D('',#6065,#6066,#6067);
#6065 = CARTESIAN_POINT('',(-2.772040872589,1.43,0.25));
#6066 = DIRECTION('',(-1.144237745222E-17,-1.,-0.));
#6067 = DIRECTION('',(0.,0.,-1.));
#6068 = ORIENTED_EDGE('',*,*,#6069,.T.);
#6069 = EDGE_CURVE('',#6061,#6070,#6072,.T.);
#6070 = VERTEX_POINT('',#6071);
#6071 = CARTESIAN_POINT('',(-2.646201938253,1.43,0.418412044417));
#6072 = LINE('',#6073,#6074);
#6073 = CARTESIAN_POINT('',(-2.673560097287,1.43,0.232635182233));
#6074 = VECTOR('',#6075,1.);
#6075 = DIRECTION('',(0.145692235845,-1.667065554401E-18,0.989329961345)
  );
#6076 = ORIENTED_EDGE('',*,*,#6077,.T.);
#6077 = EDGE_CURVE('',#6070,#6078,#6080,.T.);
#6078 = VERTEX_POINT('',#6079);
#6079 = CARTESIAN_POINT('',(-2.4,1.43,0.625));
#6080 = CIRCLE('',#6081,0.25);
#6081 = AXIS2_PLACEMENT_3D('',#6082,#6083,#6084);
#6082 = CARTESIAN_POINT('',(-2.4,1.43,0.375));
#6083 = DIRECTION('',(1.144237745222E-17,1.,-3.851859888774E-34));
#6084 = DIRECTION('',(-0.984807753012,1.126854202784E-17,0.173648177667)
  );
#6085 = ORIENTED_EDGE('',*,*,#6086,.T.);
#6086 = EDGE_CURVE('',#6078,#3723,#6087,.T.);
#6087 = LINE('',#6088,#6089);
#6088 = CARTESIAN_POINT('',(-2.4,1.43,0.625));
#6089 = VECTOR('',#6090,1.);
#6090 = DIRECTION('',(1.,-1.144237745222E-17,0.));
#6091 = PLANE('',#6092);
#6092 = AXIS2_PLACEMENT_3D('',#6093,#6094,#6095);
#6093 = CARTESIAN_POINT('',(-2.637615762047,1.43,0.292893776214));
#6094 = DIRECTION('',(1.144237745222E-17,1.,0.));
#6095 = DIRECTION('',(0.,-0.,1.));
#6096 = ADVANCED_FACE('',(#6097),#6108,.F.);
#6097 = FACE_BOUND('',#6098,.F.);
#6098 = EDGE_LOOP('',(#6099,#6100,#6101,#6102));
#6099 = ORIENTED_EDGE('',*,*,#3739,.T.);
#6100 = ORIENTED_EDGE('',*,*,#4345,.T.);
#6101 = ORIENTED_EDGE('',*,*,#4457,.F.);
#6102 = ORIENTED_EDGE('',*,*,#6103,.F.);
#6103 = EDGE_CURVE('',#3723,#4450,#6104,.T.);
#6104 = LINE('',#6105,#6106);
#6105 = CARTESIAN_POINT('',(-2.4,1.43,0.625));
#6106 = VECTOR('',#6107,1.);
#6107 = DIRECTION('',(1.,-1.144237745222E-17,0.));
#6108 = PLANE('',#6109);
#6109 = AXIS2_PLACEMENT_3D('',#6110,#6111,#6112);
#6110 = CARTESIAN_POINT('',(-3.188450421961E-18,2.475,0.625));
#6111 = DIRECTION('',(0.,0.,-1.));
#6112 = DIRECTION('',(1.,1.111674977262E-16,0.));
#6113 = ADVANCED_FACE('',(#6114),#6193,.F.);
#6114 = FACE_BOUND('',#6115,.F.);
#6115 = EDGE_LOOP('',(#6116,#6117,#6118,#6127,#6135,#6144,#6152,#6160,
    #6168,#6177,#6185,#6192));
#6116 = ORIENTED_EDGE('',*,*,#3731,.F.);
#6117 = ORIENTED_EDGE('',*,*,#3753,.T.);
#6118 = ORIENTED_EDGE('',*,*,#6119,.T.);
#6119 = EDGE_CURVE('',#3754,#6120,#6122,.T.);
#6120 = VERTEX_POINT('',#6121);
#6121 = CARTESIAN_POINT('',(-2.498480775301,1.82,0.392364817767));
#6122 = CIRCLE('',#6123,0.1);
#6123 = AXIS2_PLACEMENT_3D('',#6124,#6125,#6126);
#6124 = CARTESIAN_POINT('',(-2.4,1.82,0.375));
#6125 = DIRECTION('',(-1.144237745222E-17,-1.,4.379057701015E-47));
#6126 = DIRECTION('',(-4.440892098501E-15,5.081436361563E-32,1.));
#6127 = ORIENTED_EDGE('',*,*,#6128,.T.);
#6128 = EDGE_CURVE('',#6120,#6129,#6131,.T.);
#6129 = VERTEX_POINT('',#6130);
#6130 = CARTESIAN_POINT('',(-2.525838934336,1.82,0.206587955583));
#6131 = LINE('',#6132,#6133);
#6132 = CARTESIAN_POINT('',(-2.498480775301,1.82,0.392364817767));
#6133 = VECTOR('',#6134,1.);
#6134 = DIRECTION('',(-0.145692235845,1.667065554401E-18,-0.989329961345
    ));
#6135 = ORIENTED_EDGE('',*,*,#6136,.T.);
#6136 = EDGE_CURVE('',#6129,#6137,#6139,.T.);
#6137 = VERTEX_POINT('',#6138);
#6138 = CARTESIAN_POINT('',(-2.772040872589,1.82,-5.551115123126E-17));
#6139 = CIRCLE('',#6140,0.25);
#6140 = AXIS2_PLACEMENT_3D('',#6141,#6142,#6143);
#6141 = CARTESIAN_POINT('',(-2.772040872589,1.82,0.25));
#6142 = DIRECTION('',(1.144237745222E-17,1.,3.08148791102E-33));
#6143 = DIRECTION('',(0.984807753012,-1.126854202784E-17,-0.173648177667
    ));
#6144 = ORIENTED_EDGE('',*,*,#6145,.T.);
#6145 = EDGE_CURVE('',#6137,#6146,#6148,.T.);
#6146 = VERTEX_POINT('',#6147);
#6147 = CARTESIAN_POINT('',(-3.2,1.82,-5.551115123126E-17));
#6148 = LINE('',#6149,#6150);
#6149 = CARTESIAN_POINT('',(-2.772040872589,1.82,-5.551115123126E-17));
#6150 = VECTOR('',#6151,1.);
#6151 = DIRECTION('',(-1.,1.144237745222E-17,0.));
#6152 = ORIENTED_EDGE('',*,*,#6153,.T.);
#6153 = EDGE_CURVE('',#6146,#6154,#6156,.T.);
#6154 = VERTEX_POINT('',#6155);
#6155 = CARTESIAN_POINT('',(-3.2,1.82,0.15));
#6156 = LINE('',#6157,#6158);
#6157 = CARTESIAN_POINT('',(-3.2,1.82,-5.551115123126E-17));
#6158 = VECTOR('',#6159,1.);
#6159 = DIRECTION('',(0.,0.,1.));
#6160 = ORIENTED_EDGE('',*,*,#6161,.T.);
#6161 = EDGE_CURVE('',#6154,#6162,#6164,.T.);
#6162 = VERTEX_POINT('',#6163);
#6163 = CARTESIAN_POINT('',(-2.772040872589,1.82,0.15));
#6164 = LINE('',#6165,#6166);
#6165 = CARTESIAN_POINT('',(-3.2,1.82,0.15));
#6166 = VECTOR('',#6167,1.);
#6167 = DIRECTION('',(1.,-1.144237745222E-17,0.));
#6168 = ORIENTED_EDGE('',*,*,#6169,.T.);
#6169 = EDGE_CURVE('',#6162,#6170,#6172,.T.);
#6170 = VERTEX_POINT('',#6171);
#6171 = CARTESIAN_POINT('',(-2.673560097287,1.82,0.232635182233));
#6172 = CIRCLE('',#6173,0.1);
#6173 = AXIS2_PLACEMENT_3D('',#6174,#6175,#6176);
#6174 = CARTESIAN_POINT('',(-2.772040872589,1.82,0.25));
#6175 = DIRECTION('',(-1.144237745222E-17,-1.,-0.));
#6176 = DIRECTION('',(0.,0.,-1.));
#6177 = ORIENTED_EDGE('',*,*,#6178,.T.);
#6178 = EDGE_CURVE('',#6170,#6179,#6181,.T.);
#6179 = VERTEX_POINT('',#6180);
#6180 = CARTESIAN_POINT('',(-2.646201938253,1.82,0.418412044417));
#6181 = LINE('',#6182,#6183);
#6182 = CARTESIAN_POINT('',(-2.673560097287,1.82,0.232635182233));
#6183 = VECTOR('',#6184,1.);
#6184 = DIRECTION('',(0.145692235845,-1.667065554401E-18,0.989329961345)
  );
#6185 = ORIENTED_EDGE('',*,*,#6186,.T.);
#6186 = EDGE_CURVE('',#6179,#4315,#6187,.T.);
#6187 = CIRCLE('',#6188,0.25);
#6188 = AXIS2_PLACEMENT_3D('',#6189,#6190,#6191);
#6189 = CARTESIAN_POINT('',(-2.4,1.82,0.375));
#6190 = DIRECTION('',(1.144237745222E-17,1.,-3.851859888774E-34));
#6191 = DIRECTION('',(-0.984807753012,1.126854202784E-17,0.173648177667)
  );
#6192 = ORIENTED_EDGE('',*,*,#4314,.T.);
#6193 = PLANE('',#6194);
#6194 = AXIS2_PLACEMENT_3D('',#6195,#6196,#6197);
#6195 = CARTESIAN_POINT('',(-2.637615762047,1.82,0.292893776214));
#6196 = DIRECTION('',(1.144237745222E-17,1.,0.));
#6197 = DIRECTION('',(0.,-0.,1.));
#6198 = ADVANCED_FACE('',(#6199),#6218,.F.);
#6199 = FACE_BOUND('',#6200,.F.);
#6200 = EDGE_LOOP('',(#6201,#6202,#6211,#6217));
#6201 = ORIENTED_EDGE('',*,*,#3770,.T.);
#6202 = ORIENTED_EDGE('',*,*,#6203,.T.);
#6203 = EDGE_CURVE('',#3763,#6204,#6206,.T.);
#6204 = VERTEX_POINT('',#6205);
#6205 = CARTESIAN_POINT('',(-2.498480775301,2.08,0.392364817767));
#6206 = CIRCLE('',#6207,0.1);
#6207 = AXIS2_PLACEMENT_3D('',#6208,#6209,#6210);
#6208 = CARTESIAN_POINT('',(-2.4,2.08,0.375));
#6209 = DIRECTION('',(-1.144237745222E-17,-1.,4.379057701015E-47));
#6210 = DIRECTION('',(-4.440892098501E-15,5.081436361563E-32,1.));
#6211 = ORIENTED_EDGE('',*,*,#6212,.F.);
#6212 = EDGE_CURVE('',#6120,#6204,#6213,.T.);
#6213 = LINE('',#6214,#6215);
#6214 = CARTESIAN_POINT('',(-2.498480775301,1.82,0.392364817767));
#6215 = VECTOR('',#6216,1.);
#6216 = DIRECTION('',(1.144237745222E-17,1.,0.));
#6217 = ORIENTED_EDGE('',*,*,#6119,.F.);
#6218 = CYLINDRICAL_SURFACE('',#6219,0.1);
#6219 = AXIS2_PLACEMENT_3D('',#6220,#6221,#6222);
#6220 = CARTESIAN_POINT('',(-2.4,1.82,0.375));
#6221 = DIRECTION('',(-1.144237745222E-17,-1.,0.));
#6222 = DIRECTION('',(-4.440892098501E-15,5.081436361563E-32,1.));
#6223 = ADVANCED_FACE('',(#6224),#6295,.T.);
#6224 = FACE_BOUND('',#6225,.T.);
#6225 = EDGE_LOOP('',(#6226,#6227,#6228,#6229,#6237,#6246,#6254,#6262,
    #6270,#6279,#6287,#6294));
#6226 = ORIENTED_EDGE('',*,*,#3784,.F.);
#6227 = ORIENTED_EDGE('',*,*,#3762,.T.);
#6228 = ORIENTED_EDGE('',*,*,#6203,.T.);
#6229 = ORIENTED_EDGE('',*,*,#6230,.T.);
#6230 = EDGE_CURVE('',#6204,#6231,#6233,.T.);
#6231 = VERTEX_POINT('',#6232);
#6232 = CARTESIAN_POINT('',(-2.525838934336,2.08,0.206587955583));
#6233 = LINE('',#6234,#6235);
#6234 = CARTESIAN_POINT('',(-2.498480775301,2.08,0.392364817767));
#6235 = VECTOR('',#6236,1.);
#6236 = DIRECTION('',(-0.145692235845,1.667065554401E-18,-0.989329961345
    ));
#6237 = ORIENTED_EDGE('',*,*,#6238,.T.);
#6238 = EDGE_CURVE('',#6231,#6239,#6241,.T.);
#6239 = VERTEX_POINT('',#6240);
#6240 = CARTESIAN_POINT('',(-2.772040872589,2.08,-5.551115123126E-17));
#6241 = CIRCLE('',#6242,0.25);
#6242 = AXIS2_PLACEMENT_3D('',#6243,#6244,#6245);
#6243 = CARTESIAN_POINT('',(-2.772040872589,2.08,0.25));
#6244 = DIRECTION('',(1.144237745222E-17,1.,3.08148791102E-33));
#6245 = DIRECTION('',(0.984807753012,-1.126854202784E-17,-0.173648177667
    ));
#6246 = ORIENTED_EDGE('',*,*,#6247,.T.);
#6247 = EDGE_CURVE('',#6239,#6248,#6250,.T.);
#6248 = VERTEX_POINT('',#6249);
#6249 = CARTESIAN_POINT('',(-3.2,2.08,-5.551115123126E-17));
#6250 = LINE('',#6251,#6252);
#6251 = CARTESIAN_POINT('',(-2.772040872589,2.08,-5.551115123126E-17));
#6252 = VECTOR('',#6253,1.);
#6253 = DIRECTION('',(-1.,1.144237745222E-17,0.));
#6254 = ORIENTED_EDGE('',*,*,#6255,.T.);
#6255 = EDGE_CURVE('',#6248,#6256,#6258,.T.);
#6256 = VERTEX_POINT('',#6257);
#6257 = CARTESIAN_POINT('',(-3.2,2.08,0.15));
#6258 = LINE('',#6259,#6260);
#6259 = CARTESIAN_POINT('',(-3.2,2.08,-5.551115123126E-17));
#6260 = VECTOR('',#6261,1.);
#6261 = DIRECTION('',(0.,0.,1.));
#6262 = ORIENTED_EDGE('',*,*,#6263,.T.);
#6263 = EDGE_CURVE('',#6256,#6264,#6266,.T.);
#6264 = VERTEX_POINT('',#6265);
#6265 = CARTESIAN_POINT('',(-2.772040872589,2.08,0.15));
#6266 = LINE('',#6267,#6268);
#6267 = CARTESIAN_POINT('',(-3.2,2.08,0.15));
#6268 = VECTOR('',#6269,1.);
#6269 = DIRECTION('',(1.,-1.144237745222E-17,0.));
#6270 = ORIENTED_EDGE('',*,*,#6271,.T.);
#6271 = EDGE_CURVE('',#6264,#6272,#6274,.T.);
#6272 = VERTEX_POINT('',#6273);
#6273 = CARTESIAN_POINT('',(-2.673560097287,2.08,0.232635182233));
#6274 = CIRCLE('',#6275,0.1);
#6275 = AXIS2_PLACEMENT_3D('',#6276,#6277,#6278);
#6276 = CARTESIAN_POINT('',(-2.772040872589,2.08,0.25));
#6277 = DIRECTION('',(-1.144237745222E-17,-1.,-0.));
#6278 = DIRECTION('',(0.,0.,-1.));
#6279 = ORIENTED_EDGE('',*,*,#6280,.T.);
#6280 = EDGE_CURVE('',#6272,#6281,#6283,.T.);
#6281 = VERTEX_POINT('',#6282);
#6282 = CARTESIAN_POINT('',(-2.646201938253,2.08,0.418412044417));
#6283 = LINE('',#6284,#6285);
#6284 = CARTESIAN_POINT('',(-2.673560097287,2.08,0.232635182233));
#6285 = VECTOR('',#6286,1.);
#6286 = DIRECTION('',(0.145692235845,-1.667065554401E-18,0.989329961345)
  );
#6287 = ORIENTED_EDGE('',*,*,#6288,.T.);
#6288 = EDGE_CURVE('',#6281,#4323,#6289,.T.);
#6289 = CIRCLE('',#6290,0.25);
#6290 = AXIS2_PLACEMENT_3D('',#6291,#6292,#6293);
#6291 = CARTESIAN_POINT('',(-2.4,2.08,0.375));
#6292 = DIRECTION('',(1.144237745222E-17,1.,-3.851859888774E-34));
#6293 = DIRECTION('',(-0.984807753012,1.126854202784E-17,0.173648177667)
  );
#6294 = ORIENTED_EDGE('',*,*,#4330,.T.);
#6295 = PLANE('',#6296);
#6296 = AXIS2_PLACEMENT_3D('',#6297,#6298,#6299);
#6297 = CARTESIAN_POINT('',(-2.637615762047,2.08,0.292893776214));
#6298 = DIRECTION('',(1.144237745222E-17,1.,0.));
#6299 = DIRECTION('',(0.,-0.,1.));
#6300 = ADVANCED_FACE('',(#6301),#6380,.F.);
#6301 = FACE_BOUND('',#6302,.F.);
#6302 = EDGE_LOOP('',(#6303,#6304,#6305,#6314,#6322,#6331,#6339,#6347,
    #6355,#6364,#6372,#6379));
#6303 = ORIENTED_EDGE('',*,*,#3803,.F.);
#6304 = ORIENTED_EDGE('',*,*,#3818,.T.);
#6305 = ORIENTED_EDGE('',*,*,#6306,.T.);
#6306 = EDGE_CURVE('',#3819,#6307,#6309,.T.);
#6307 = VERTEX_POINT('',#6308);
#6308 = CARTESIAN_POINT('',(2.498480775301,2.08,0.392364817767));
#6309 = CIRCLE('',#6310,0.1);
#6310 = AXIS2_PLACEMENT_3D('',#6311,#6312,#6313);
#6311 = CARTESIAN_POINT('',(2.4,2.08,0.375));
#6312 = DIRECTION('',(-1.110223024625E-16,1.,0.));
#6313 = DIRECTION('',(4.440892098501E-15,4.930380657631E-31,1.));
#6314 = ORIENTED_EDGE('',*,*,#6315,.T.);
#6315 = EDGE_CURVE('',#6307,#6316,#6318,.T.);
#6316 = VERTEX_POINT('',#6317);
#6317 = CARTESIAN_POINT('',(2.525838934336,2.08,0.206587955583));
#6318 = LINE('',#6319,#6320);
#6319 = CARTESIAN_POINT('',(2.498480775301,2.08,0.392364817767));
#6320 = VECTOR('',#6321,1.);
#6321 = DIRECTION('',(0.145692235845,1.617508747447E-17,-0.989329961345)
  );
#6322 = ORIENTED_EDGE('',*,*,#6323,.T.);
#6323 = EDGE_CURVE('',#6316,#6324,#6326,.T.);
#6324 = VERTEX_POINT('',#6325);
#6325 = CARTESIAN_POINT('',(2.772040872589,2.08,-5.551115123126E-17));
#6326 = CIRCLE('',#6327,0.25);
#6327 = AXIS2_PLACEMENT_3D('',#6328,#6329,#6330);
#6328 = CARTESIAN_POINT('',(2.772040872589,2.08,0.25));
#6329 = DIRECTION('',(1.110223024625E-16,-1.,0.));
#6330 = DIRECTION('',(-0.984807753012,-1.093356242223E-16,
    -0.173648177667));
#6331 = ORIENTED_EDGE('',*,*,#6332,.T.);
#6332 = EDGE_CURVE('',#6324,#6333,#6335,.T.);
#6333 = VERTEX_POINT('',#6334);
#6334 = CARTESIAN_POINT('',(3.2,2.08,-5.551115123126E-17));
#6335 = LINE('',#6336,#6337);
#6336 = CARTESIAN_POINT('',(2.772040872589,2.08,-5.551115123126E-17));
#6337 = VECTOR('',#6338,1.);
#6338 = DIRECTION('',(1.,1.110223024625E-16,0.));
#6339 = ORIENTED_EDGE('',*,*,#6340,.T.);
#6340 = EDGE_CURVE('',#6333,#6341,#6343,.T.);
#6341 = VERTEX_POINT('',#6342);
#6342 = CARTESIAN_POINT('',(3.2,2.08,0.15));
#6343 = LINE('',#6344,#6345);
#6344 = CARTESIAN_POINT('',(3.2,2.08,-5.551115123126E-17));
#6345 = VECTOR('',#6346,1.);
#6346 = DIRECTION('',(0.,0.,1.));
#6347 = ORIENTED_EDGE('',*,*,#6348,.T.);
#6348 = EDGE_CURVE('',#6341,#6349,#6351,.T.);
#6349 = VERTEX_POINT('',#6350);
#6350 = CARTESIAN_POINT('',(2.772040872589,2.08,0.15));
#6351 = LINE('',#6352,#6353);
#6352 = CARTESIAN_POINT('',(3.2,2.08,0.15));
#6353 = VECTOR('',#6354,1.);
#6354 = DIRECTION('',(-1.,-1.110223024625E-16,0.));
#6355 = ORIENTED_EDGE('',*,*,#6356,.T.);
#6356 = EDGE_CURVE('',#6349,#6357,#6359,.T.);
#6357 = VERTEX_POINT('',#6358);
#6358 = CARTESIAN_POINT('',(2.673560097287,2.08,0.232635182233));
#6359 = CIRCLE('',#6360,0.1);
#6360 = AXIS2_PLACEMENT_3D('',#6361,#6362,#6363);
#6361 = CARTESIAN_POINT('',(2.772040872589,2.08,0.25));
#6362 = DIRECTION('',(-1.110223024625E-16,1.,0.));
#6363 = DIRECTION('',(0.,0.,-1.));
#6364 = ORIENTED_EDGE('',*,*,#6365,.T.);
#6365 = EDGE_CURVE('',#6357,#6366,#6368,.T.);
#6366 = VERTEX_POINT('',#6367);
#6367 = CARTESIAN_POINT('',(2.646201938253,2.08,0.418412044417));
#6368 = LINE('',#6369,#6370);
#6369 = CARTESIAN_POINT('',(2.673560097287,2.08,0.232635182233));
#6370 = VECTOR('',#6371,1.);
#6371 = DIRECTION('',(-0.145692235845,-1.617508747447E-17,0.989329961345
    ));
#6372 = ORIENTED_EDGE('',*,*,#6373,.T.);
#6373 = EDGE_CURVE('',#6366,#4698,#6374,.T.);
#6374 = CIRCLE('',#6375,0.25);
#6375 = AXIS2_PLACEMENT_3D('',#6376,#6377,#6378);
#6376 = CARTESIAN_POINT('',(2.4,2.08,0.375));
#6377 = DIRECTION('',(1.110223024625E-16,-1.,0.));
#6378 = DIRECTION('',(0.984807753012,1.093356242223E-16,0.173648177667)
  );
#6379 = ORIENTED_EDGE('',*,*,#4697,.T.);
#6380 = PLANE('',#6381);
#6381 = AXIS2_PLACEMENT_3D('',#6382,#6383,#6384);
#6382 = CARTESIAN_POINT('',(2.637615762047,2.08,0.292893776214));
#6383 = DIRECTION('',(1.110223024625E-16,-1.,0.));
#6384 = DIRECTION('',(0.,0.,1.));
#6385 = ADVANCED_FACE('',(#6386),#6405,.F.);
#6386 = FACE_BOUND('',#6387,.F.);
#6387 = EDGE_LOOP('',(#6388,#6389,#6398,#6404));
#6388 = ORIENTED_EDGE('',*,*,#3835,.T.);
#6389 = ORIENTED_EDGE('',*,*,#6390,.T.);
#6390 = EDGE_CURVE('',#3828,#6391,#6393,.T.);
#6391 = VERTEX_POINT('',#6392);
#6392 = CARTESIAN_POINT('',(2.498480775301,1.82,0.392364817767));
#6393 = CIRCLE('',#6394,0.1);
#6394 = AXIS2_PLACEMENT_3D('',#6395,#6396,#6397);
#6395 = CARTESIAN_POINT('',(2.4,1.82,0.375));
#6396 = DIRECTION('',(-1.110223024625E-16,1.,0.));
#6397 = DIRECTION('',(4.440892098501E-15,4.930380657631E-31,1.));
#6398 = ORIENTED_EDGE('',*,*,#6399,.F.);
#6399 = EDGE_CURVE('',#6307,#6391,#6400,.T.);
#6400 = LINE('',#6401,#6402);
#6401 = CARTESIAN_POINT('',(2.498480775301,2.08,0.392364817767));
#6402 = VECTOR('',#6403,1.);
#6403 = DIRECTION('',(1.110223024625E-16,-1.,0.));
#6404 = ORIENTED_EDGE('',*,*,#6306,.F.);
#6405 = CYLINDRICAL_SURFACE('',#6406,0.1);
#6406 = AXIS2_PLACEMENT_3D('',#6407,#6408,#6409);
#6407 = CARTESIAN_POINT('',(2.4,2.08,0.375));
#6408 = DIRECTION('',(-1.110223024625E-16,1.,0.));
#6409 = DIRECTION('',(4.440892098501E-15,4.930380657631E-31,1.));
#6410 = ADVANCED_FACE('',(#6411),#6482,.T.);
#6411 = FACE_BOUND('',#6412,.T.);
#6412 = EDGE_LOOP('',(#6413,#6414,#6415,#6416,#6424,#6433,#6441,#6449,
    #6457,#6466,#6474,#6481));
#6413 = ORIENTED_EDGE('',*,*,#3849,.F.);
#6414 = ORIENTED_EDGE('',*,*,#3827,.T.);
#6415 = ORIENTED_EDGE('',*,*,#6390,.T.);
#6416 = ORIENTED_EDGE('',*,*,#6417,.T.);
#6417 = EDGE_CURVE('',#6391,#6418,#6420,.T.);
#6418 = VERTEX_POINT('',#6419);
#6419 = CARTESIAN_POINT('',(2.525838934336,1.82,0.206587955583));
#6420 = LINE('',#6421,#6422);
#6421 = CARTESIAN_POINT('',(2.498480775301,1.82,0.392364817767));
#6422 = VECTOR('',#6423,1.);
#6423 = DIRECTION('',(0.145692235845,1.617508747447E-17,-0.989329961345)
  );
#6424 = ORIENTED_EDGE('',*,*,#6425,.T.);
#6425 = EDGE_CURVE('',#6418,#6426,#6428,.T.);
#6426 = VERTEX_POINT('',#6427);
#6427 = CARTESIAN_POINT('',(2.772040872589,1.82,-5.551115123126E-17));
#6428 = CIRCLE('',#6429,0.25);
#6429 = AXIS2_PLACEMENT_3D('',#6430,#6431,#6432);
#6430 = CARTESIAN_POINT('',(2.772040872589,1.82,0.25));
#6431 = DIRECTION('',(1.110223024625E-16,-1.,0.));
#6432 = DIRECTION('',(-0.984807753012,-1.093356242223E-16,
    -0.173648177667));
#6433 = ORIENTED_EDGE('',*,*,#6434,.T.);
#6434 = EDGE_CURVE('',#6426,#6435,#6437,.T.);
#6435 = VERTEX_POINT('',#6436);
#6436 = CARTESIAN_POINT('',(3.2,1.82,-5.551115123126E-17));
#6437 = LINE('',#6438,#6439);
#6438 = CARTESIAN_POINT('',(2.772040872589,1.82,-5.551115123126E-17));
#6439 = VECTOR('',#6440,1.);
#6440 = DIRECTION('',(1.,1.110223024625E-16,0.));
#6441 = ORIENTED_EDGE('',*,*,#6442,.T.);
#6442 = EDGE_CURVE('',#6435,#6443,#6445,.T.);
#6443 = VERTEX_POINT('',#6444);
#6444 = CARTESIAN_POINT('',(3.2,1.82,0.15));
#6445 = LINE('',#6446,#6447);
#6446 = CARTESIAN_POINT('',(3.2,1.82,-5.551115123126E-17));
#6447 = VECTOR('',#6448,1.);
#6448 = DIRECTION('',(0.,0.,1.));
#6449 = ORIENTED_EDGE('',*,*,#6450,.T.);
#6450 = EDGE_CURVE('',#6443,#6451,#6453,.T.);
#6451 = VERTEX_POINT('',#6452);
#6452 = CARTESIAN_POINT('',(2.772040872589,1.82,0.15));
#6453 = LINE('',#6454,#6455);
#6454 = CARTESIAN_POINT('',(3.2,1.82,0.15));
#6455 = VECTOR('',#6456,1.);
#6456 = DIRECTION('',(-1.,-1.110223024625E-16,0.));
#6457 = ORIENTED_EDGE('',*,*,#6458,.T.);
#6458 = EDGE_CURVE('',#6451,#6459,#6461,.T.);
#6459 = VERTEX_POINT('',#6460);
#6460 = CARTESIAN_POINT('',(2.673560097287,1.82,0.232635182233));
#6461 = CIRCLE('',#6462,0.1);
#6462 = AXIS2_PLACEMENT_3D('',#6463,#6464,#6465);
#6463 = CARTESIAN_POINT('',(2.772040872589,1.82,0.25));
#6464 = DIRECTION('',(-1.110223024625E-16,1.,0.));
#6465 = DIRECTION('',(0.,0.,-1.));
#6466 = ORIENTED_EDGE('',*,*,#6467,.T.);
#6467 = EDGE_CURVE('',#6459,#6468,#6470,.T.);
#6468 = VERTEX_POINT('',#6469);
#6469 = CARTESIAN_POINT('',(2.646201938253,1.82,0.418412044417));
#6470 = LINE('',#6471,#6472);
#6471 = CARTESIAN_POINT('',(2.673560097287,1.82,0.232635182233));
#6472 = VECTOR('',#6473,1.);
#6473 = DIRECTION('',(-0.145692235845,-1.617508747447E-17,0.989329961345
    ));
#6474 = ORIENTED_EDGE('',*,*,#6475,.T.);
#6475 = EDGE_CURVE('',#6468,#4706,#6476,.T.);
#6476 = CIRCLE('',#6477,0.25);
#6477 = AXIS2_PLACEMENT_3D('',#6478,#6479,#6480);
#6478 = CARTESIAN_POINT('',(2.4,1.82,0.375));
#6479 = DIRECTION('',(1.110223024625E-16,-1.,0.));
#6480 = DIRECTION('',(0.984807753012,1.093356242223E-16,0.173648177667)
  );
#6481 = ORIENTED_EDGE('',*,*,#4713,.T.);
#6482 = PLANE('',#6483);
#6483 = AXIS2_PLACEMENT_3D('',#6484,#6485,#6486);
#6484 = CARTESIAN_POINT('',(2.637615762047,1.82,0.292893776214));
#6485 = DIRECTION('',(1.110223024625E-16,-1.,0.));
#6486 = DIRECTION('',(0.,0.,1.));
#6487 = ADVANCED_FACE('',(#6488),#6499,.F.);
#6488 = FACE_BOUND('',#6489,.F.);
#6489 = EDGE_LOOP('',(#6490,#6491,#6492,#6498));
#6490 = ORIENTED_EDGE('',*,*,#4719,.F.);
#6491 = ORIENTED_EDGE('',*,*,#3866,.T.);
#6492 = ORIENTED_EDGE('',*,*,#6493,.T.);
#6493 = EDGE_CURVE('',#3859,#4572,#6494,.T.);
#6494 = LINE('',#6495,#6496);
#6495 = CARTESIAN_POINT('',(2.4,1.43,0.625));
#6496 = VECTOR('',#6497,1.);
#6497 = DIRECTION('',(-1.,-1.110223024625E-16,0.));
#6498 = ORIENTED_EDGE('',*,*,#4571,.F.);
#6499 = PLANE('',#6500);
#6500 = AXIS2_PLACEMENT_3D('',#6501,#6502,#6503);
#6501 = CARTESIAN_POINT('',(-3.188450421961E-18,2.475,0.625));
#6502 = DIRECTION('',(0.,0.,-1.));
#6503 = DIRECTION('',(1.,1.111674977262E-16,0.));
#6504 = ADVANCED_FACE('',(#6505),#6591,.F.);
#6505 = FACE_BOUND('',#6506,.F.);
#6506 = EDGE_LOOP('',(#6507,#6508,#6509,#6518,#6526,#6535,#6543,#6551,
    #6559,#6568,#6576,#6585));
#6507 = ORIENTED_EDGE('',*,*,#3858,.F.);
#6508 = ORIENTED_EDGE('',*,*,#3880,.T.);
#6509 = ORIENTED_EDGE('',*,*,#6510,.T.);
#6510 = EDGE_CURVE('',#3881,#6511,#6513,.T.);
#6511 = VERTEX_POINT('',#6512);
#6512 = CARTESIAN_POINT('',(2.498480775301,1.43,0.392364817767));
#6513 = CIRCLE('',#6514,0.1);
#6514 = AXIS2_PLACEMENT_3D('',#6515,#6516,#6517);
#6515 = CARTESIAN_POINT('',(2.4,1.43,0.375));
#6516 = DIRECTION('',(-1.110223024625E-16,1.,0.));
#6517 = DIRECTION('',(4.440892098501E-15,4.930380657631E-31,1.));
#6518 = ORIENTED_EDGE('',*,*,#6519,.T.);
#6519 = EDGE_CURVE('',#6511,#6520,#6522,.T.);
#6520 = VERTEX_POINT('',#6521);
#6521 = CARTESIAN_POINT('',(2.525838934336,1.43,0.206587955583));
#6522 = LINE('',#6523,#6524);
#6523 = CARTESIAN_POINT('',(2.498480775301,1.43,0.392364817767));
#6524 = VECTOR('',#6525,1.);
#6525 = DIRECTION('',(0.145692235845,1.617508747447E-17,-0.989329961345)
  );
#6526 = ORIENTED_EDGE('',*,*,#6527,.T.);
#6527 = EDGE_CURVE('',#6520,#6528,#6530,.T.);
#6528 = VERTEX_POINT('',#6529);
#6529 = CARTESIAN_POINT('',(2.772040872589,1.43,-5.551115123126E-17));
#6530 = CIRCLE('',#6531,0.25);
#6531 = AXIS2_PLACEMENT_3D('',#6532,#6533,#6534);
#6532 = CARTESIAN_POINT('',(2.772040872589,1.43,0.25));
#6533 = DIRECTION('',(1.110223024625E-16,-1.,0.));
#6534 = DIRECTION('',(-0.984807753012,-1.093356242223E-16,
    -0.173648177667));
#6535 = ORIENTED_EDGE('',*,*,#6536,.T.);
#6536 = EDGE_CURVE('',#6528,#6537,#6539,.T.);
#6537 = VERTEX_POINT('',#6538);
#6538 = CARTESIAN_POINT('',(3.2,1.43,-5.551115123126E-17));
#6539 = LINE('',#6540,#6541);
#6540 = CARTESIAN_POINT('',(2.772040872589,1.43,-5.551115123126E-17));
#6541 = VECTOR('',#6542,1.);
#6542 = DIRECTION('',(1.,1.110223024625E-16,0.));
#6543 = ORIENTED_EDGE('',*,*,#6544,.T.);
#6544 = EDGE_CURVE('',#6537,#6545,#6547,.T.);
#6545 = VERTEX_POINT('',#6546);
#6546 = CARTESIAN_POINT('',(3.2,1.43,0.15));
#6547 = LINE('',#6548,#6549);
#6548 = CARTESIAN_POINT('',(3.2,1.43,-5.551115123126E-17));
#6549 = VECTOR('',#6550,1.);
#6550 = DIRECTION('',(0.,0.,1.));
#6551 = ORIENTED_EDGE('',*,*,#6552,.T.);
#6552 = EDGE_CURVE('',#6545,#6553,#6555,.T.);
#6553 = VERTEX_POINT('',#6554);
#6554 = CARTESIAN_POINT('',(2.772040872589,1.43,0.15));
#6555 = LINE('',#6556,#6557);
#6556 = CARTESIAN_POINT('',(3.2,1.43,0.15));
#6557 = VECTOR('',#6558,1.);
#6558 = DIRECTION('',(-1.,-1.110223024625E-16,0.));
#6559 = ORIENTED_EDGE('',*,*,#6560,.T.);
#6560 = EDGE_CURVE('',#6553,#6561,#6563,.T.);
#6561 = VERTEX_POINT('',#6562);
#6562 = CARTESIAN_POINT('',(2.673560097287,1.43,0.232635182233));
#6563 = CIRCLE('',#6564,0.1);
#6564 = AXIS2_PLACEMENT_3D('',#6565,#6566,#6567);
#6565 = CARTESIAN_POINT('',(2.772040872589,1.43,0.25));
#6566 = DIRECTION('',(-1.110223024625E-16,1.,0.));
#6567 = DIRECTION('',(0.,0.,-1.));
#6568 = ORIENTED_EDGE('',*,*,#6569,.T.);
#6569 = EDGE_CURVE('',#6561,#6570,#6572,.T.);
#6570 = VERTEX_POINT('',#6571);
#6571 = CARTESIAN_POINT('',(2.646201938253,1.43,0.418412044417));
#6572 = LINE('',#6573,#6574);
#6573 = CARTESIAN_POINT('',(2.673560097287,1.43,0.232635182233));
#6574 = VECTOR('',#6575,1.);
#6575 = DIRECTION('',(-0.145692235845,-1.617508747447E-17,0.989329961345
    ));
#6576 = ORIENTED_EDGE('',*,*,#6577,.T.);
#6577 = EDGE_CURVE('',#6570,#6578,#6580,.T.);
#6578 = VERTEX_POINT('',#6579);
#6579 = CARTESIAN_POINT('',(2.4,1.43,0.625));
#6580 = CIRCLE('',#6581,0.25);
#6581 = AXIS2_PLACEMENT_3D('',#6582,#6583,#6584);
#6582 = CARTESIAN_POINT('',(2.4,1.43,0.375));
#6583 = DIRECTION('',(1.110223024625E-16,-1.,0.));
#6584 = DIRECTION('',(0.984807753012,1.093356242223E-16,0.173648177667)
  );
#6585 = ORIENTED_EDGE('',*,*,#6586,.T.);
#6586 = EDGE_CURVE('',#6578,#3859,#6587,.T.);
#6587 = LINE('',#6588,#6589);
#6588 = CARTESIAN_POINT('',(2.4,1.43,0.625));
#6589 = VECTOR('',#6590,1.);
#6590 = DIRECTION('',(-1.,-1.110223024625E-16,0.));
#6591 = PLANE('',#6592);
#6592 = AXIS2_PLACEMENT_3D('',#6593,#6594,#6595);
#6593 = CARTESIAN_POINT('',(2.637615762047,1.43,0.292893776214));
#6594 = DIRECTION('',(1.110223024625E-16,-1.,0.));
#6595 = DIRECTION('',(0.,0.,1.));
#6596 = ADVANCED_FACE('',(#6597),#6616,.F.);
#6597 = FACE_BOUND('',#6598,.F.);
#6598 = EDGE_LOOP('',(#6599,#6600,#6609,#6615));
#6599 = ORIENTED_EDGE('',*,*,#3897,.T.);
#6600 = ORIENTED_EDGE('',*,*,#6601,.T.);
#6601 = EDGE_CURVE('',#3890,#6602,#6604,.T.);
#6602 = VERTEX_POINT('',#6603);
#6603 = CARTESIAN_POINT('',(2.498480775301,1.17,0.392364817767));
#6604 = CIRCLE('',#6605,0.1);
#6605 = AXIS2_PLACEMENT_3D('',#6606,#6607,#6608);
#6606 = CARTESIAN_POINT('',(2.4,1.17,0.375));
#6607 = DIRECTION('',(-1.110223024625E-16,1.,0.));
#6608 = DIRECTION('',(4.440892098501E-15,4.930380657631E-31,1.));
#6609 = ORIENTED_EDGE('',*,*,#6610,.F.);
#6610 = EDGE_CURVE('',#6511,#6602,#6611,.T.);
#6611 = LINE('',#6612,#6613);
#6612 = CARTESIAN_POINT('',(2.498480775301,1.43,0.392364817767));
#6613 = VECTOR('',#6614,1.);
#6614 = DIRECTION('',(1.110223024625E-16,-1.,0.));
#6615 = ORIENTED_EDGE('',*,*,#6510,.F.);
#6616 = CYLINDRICAL_SURFACE('',#6617,0.1);
#6617 = AXIS2_PLACEMENT_3D('',#6618,#6619,#6620);
#6618 = CARTESIAN_POINT('',(2.4,1.43,0.375));
#6619 = DIRECTION('',(-1.110223024625E-16,1.,0.));
#6620 = DIRECTION('',(4.440892098501E-15,4.930380657631E-31,1.));
#6621 = ADVANCED_FACE('',(#6622),#6700,.T.);
#6622 = FACE_BOUND('',#6623,.T.);
#6623 = EDGE_LOOP('',(#6624,#6625,#6626,#6627,#6635,#6644,#6652,#6660,
    #6668,#6677,#6685,#6694));
#6624 = ORIENTED_EDGE('',*,*,#3911,.F.);
#6625 = ORIENTED_EDGE('',*,*,#3889,.T.);
#6626 = ORIENTED_EDGE('',*,*,#6601,.T.);
#6627 = ORIENTED_EDGE('',*,*,#6628,.T.);
#6628 = EDGE_CURVE('',#6602,#6629,#6631,.T.);
#6629 = VERTEX_POINT('',#6630);
#6630 = CARTESIAN_POINT('',(2.525838934336,1.17,0.206587955583));
#6631 = LINE('',#6632,#6633);
#6632 = CARTESIAN_POINT('',(2.498480775301,1.17,0.392364817767));
#6633 = VECTOR('',#6634,1.);
#6634 = DIRECTION('',(0.145692235845,1.617508747447E-17,-0.989329961345)
  );
#6635 = ORIENTED_EDGE('',*,*,#6636,.T.);
#6636 = EDGE_CURVE('',#6629,#6637,#6639,.T.);
#6637 = VERTEX_POINT('',#6638);
#6638 = CARTESIAN_POINT('',(2.772040872589,1.17,-5.551115123126E-17));
#6639 = CIRCLE('',#6640,0.25);
#6640 = AXIS2_PLACEMENT_3D('',#6641,#6642,#6643);
#6641 = CARTESIAN_POINT('',(2.772040872589,1.17,0.25));
#6642 = DIRECTION('',(1.110223024625E-16,-1.,0.));
#6643 = DIRECTION('',(-0.984807753012,-1.093356242223E-16,
    -0.173648177667));
#6644 = ORIENTED_EDGE('',*,*,#6645,.T.);
#6645 = EDGE_CURVE('',#6637,#6646,#6648,.T.);
#6646 = VERTEX_POINT('',#6647);
#6647 = CARTESIAN_POINT('',(3.2,1.17,-5.551115123126E-17));
#6648 = LINE('',#6649,#6650);
#6649 = CARTESIAN_POINT('',(2.772040872589,1.17,-5.551115123126E-17));
#6650 = VECTOR('',#6651,1.);
#6651 = DIRECTION('',(1.,1.110223024625E-16,0.));
#6652 = ORIENTED_EDGE('',*,*,#6653,.T.);
#6653 = EDGE_CURVE('',#6646,#6654,#6656,.T.);
#6654 = VERTEX_POINT('',#6655);
#6655 = CARTESIAN_POINT('',(3.2,1.17,0.15));
#6656 = LINE('',#6657,#6658);
#6657 = CARTESIAN_POINT('',(3.2,1.17,-5.551115123126E-17));
#6658 = VECTOR('',#6659,1.);
#6659 = DIRECTION('',(0.,0.,1.));
#6660 = ORIENTED_EDGE('',*,*,#6661,.T.);
#6661 = EDGE_CURVE('',#6654,#6662,#6664,.T.);
#6662 = VERTEX_POINT('',#6663);
#6663 = CARTESIAN_POINT('',(2.772040872589,1.17,0.15));
#6664 = LINE('',#6665,#6666);
#6665 = CARTESIAN_POINT('',(3.2,1.17,0.15));
#6666 = VECTOR('',#6667,1.);
#6667 = DIRECTION('',(-1.,-1.110223024625E-16,0.));
#6668 = ORIENTED_EDGE('',*,*,#6669,.T.);
#6669 = EDGE_CURVE('',#6662,#6670,#6672,.T.);
#6670 = VERTEX_POINT('',#6671);
#6671 = CARTESIAN_POINT('',(2.673560097287,1.17,0.232635182233));
#6672 = CIRCLE('',#6673,0.1);
#6673 = AXIS2_PLACEMENT_3D('',#6674,#6675,#6676);
#6674 = CARTESIAN_POINT('',(2.772040872589,1.17,0.25));
#6675 = DIRECTION('',(-1.110223024625E-16,1.,0.));
#6676 = DIRECTION('',(0.,0.,-1.));
#6677 = ORIENTED_EDGE('',*,*,#6678,.T.);
#6678 = EDGE_CURVE('',#6670,#6679,#6681,.T.);
#6679 = VERTEX_POINT('',#6680);
#6680 = CARTESIAN_POINT('',(2.646201938253,1.17,0.418412044417));
#6681 = LINE('',#6682,#6683);
#6682 = CARTESIAN_POINT('',(2.673560097287,1.17,0.232635182233));
#6683 = VECTOR('',#6684,1.);
#6684 = DIRECTION('',(-0.145692235845,-1.617508747447E-17,0.989329961345
    ));
#6685 = ORIENTED_EDGE('',*,*,#6686,.T.);
#6686 = EDGE_CURVE('',#6679,#6687,#6689,.T.);
#6687 = VERTEX_POINT('',#6688);
#6688 = CARTESIAN_POINT('',(2.4,1.17,0.625));
#6689 = CIRCLE('',#6690,0.25);
#6690 = AXIS2_PLACEMENT_3D('',#6691,#6692,#6693);
#6691 = CARTESIAN_POINT('',(2.4,1.17,0.375));
#6692 = DIRECTION('',(1.110223024625E-16,-1.,0.));
#6693 = DIRECTION('',(0.984807753012,1.093356242223E-16,0.173648177667)
  );
#6694 = ORIENTED_EDGE('',*,*,#6695,.T.);
#6695 = EDGE_CURVE('',#6687,#3912,#6696,.T.);
#6696 = LINE('',#6697,#6698);
#6697 = CARTESIAN_POINT('',(2.4,1.17,0.625));
#6698 = VECTOR('',#6699,1.);
#6699 = DIRECTION('',(-1.,-1.110223024625E-16,0.));
#6700 = PLANE('',#6701);
#6701 = AXIS2_PLACEMENT_3D('',#6702,#6703,#6704);
#6702 = CARTESIAN_POINT('',(2.637615762047,1.17,0.292893776214));
#6703 = DIRECTION('',(1.110223024625E-16,-1.,0.));
#6704 = DIRECTION('',(0.,0.,1.));
#6705 = ADVANCED_FACE('',(#6706),#6722,.F.);
#6706 = FACE_BOUND('',#6707,.F.);
#6707 = EDGE_LOOP('',(#6708,#6714,#6715,#6721));
#6708 = ORIENTED_EDGE('',*,*,#6709,.F.);
#6709 = EDGE_CURVE('',#3912,#4580,#6710,.T.);
#6710 = LINE('',#6711,#6712);
#6711 = CARTESIAN_POINT('',(2.4,1.17,0.625));
#6712 = VECTOR('',#6713,1.);
#6713 = DIRECTION('',(-1.,-1.110223024625E-16,0.));
#6714 = ORIENTED_EDGE('',*,*,#3928,.T.);
#6715 = ORIENTED_EDGE('',*,*,#6716,.T.);
#6716 = EDGE_CURVE('',#3921,#4588,#6717,.T.);
#6717 = LINE('',#6718,#6719);
#6718 = CARTESIAN_POINT('',(2.4,0.78,0.625));
#6719 = VECTOR('',#6720,1.);
#6720 = DIRECTION('',(-1.,-1.110223024625E-16,0.));
#6721 = ORIENTED_EDGE('',*,*,#4587,.F.);
#6722 = PLANE('',#6723);
#6723 = AXIS2_PLACEMENT_3D('',#6724,#6725,#6726);
#6724 = CARTESIAN_POINT('',(-3.188450421961E-18,2.475,0.625));
#6725 = DIRECTION('',(0.,0.,-1.));
#6726 = DIRECTION('',(1.,1.111674977262E-16,0.));
#6727 = ADVANCED_FACE('',(#6728),#6814,.F.);
#6728 = FACE_BOUND('',#6729,.F.);
#6729 = EDGE_LOOP('',(#6730,#6731,#6732,#6741,#6749,#6758,#6766,#6774,
    #6782,#6791,#6799,#6808));
#6730 = ORIENTED_EDGE('',*,*,#3920,.F.);
#6731 = ORIENTED_EDGE('',*,*,#3942,.T.);
#6732 = ORIENTED_EDGE('',*,*,#6733,.T.);
#6733 = EDGE_CURVE('',#3943,#6734,#6736,.T.);
#6734 = VERTEX_POINT('',#6735);
#6735 = CARTESIAN_POINT('',(2.498480775301,0.78,0.392364817767));
#6736 = CIRCLE('',#6737,0.1);
#6737 = AXIS2_PLACEMENT_3D('',#6738,#6739,#6740);
#6738 = CARTESIAN_POINT('',(2.4,0.78,0.375));
#6739 = DIRECTION('',(-1.110223024625E-16,1.,0.));
#6740 = DIRECTION('',(4.440892098501E-15,4.930380657631E-31,1.));
#6741 = ORIENTED_EDGE('',*,*,#6742,.T.);
#6742 = EDGE_CURVE('',#6734,#6743,#6745,.T.);
#6743 = VERTEX_POINT('',#6744);
#6744 = CARTESIAN_POINT('',(2.525838934336,0.78,0.206587955583));
#6745 = LINE('',#6746,#6747);
#6746 = CARTESIAN_POINT('',(2.498480775301,0.78,0.392364817767));
#6747 = VECTOR('',#6748,1.);
#6748 = DIRECTION('',(0.145692235845,1.617508747447E-17,-0.989329961345)
  );
#6749 = ORIENTED_EDGE('',*,*,#6750,.T.);
#6750 = EDGE_CURVE('',#6743,#6751,#6753,.T.);
#6751 = VERTEX_POINT('',#6752);
#6752 = CARTESIAN_POINT('',(2.772040872589,0.78,-5.551115123126E-17));
#6753 = CIRCLE('',#6754,0.25);
#6754 = AXIS2_PLACEMENT_3D('',#6755,#6756,#6757);
#6755 = CARTESIAN_POINT('',(2.772040872589,0.78,0.25));
#6756 = DIRECTION('',(1.110223024625E-16,-1.,0.));
#6757 = DIRECTION('',(-0.984807753012,-1.093356242223E-16,
    -0.173648177667));
#6758 = ORIENTED_EDGE('',*,*,#6759,.T.);
#6759 = EDGE_CURVE('',#6751,#6760,#6762,.T.);
#6760 = VERTEX_POINT('',#6761);
#6761 = CARTESIAN_POINT('',(3.2,0.78,-5.551115123126E-17));
#6762 = LINE('',#6763,#6764);
#6763 = CARTESIAN_POINT('',(2.772040872589,0.78,-5.551115123126E-17));
#6764 = VECTOR('',#6765,1.);
#6765 = DIRECTION('',(1.,1.110223024625E-16,0.));
#6766 = ORIENTED_EDGE('',*,*,#6767,.T.);
#6767 = EDGE_CURVE('',#6760,#6768,#6770,.T.);
#6768 = VERTEX_POINT('',#6769);
#6769 = CARTESIAN_POINT('',(3.2,0.78,0.15));
#6770 = LINE('',#6771,#6772);
#6771 = CARTESIAN_POINT('',(3.2,0.78,-5.551115123126E-17));
#6772 = VECTOR('',#6773,1.);
#6773 = DIRECTION('',(0.,0.,1.));
#6774 = ORIENTED_EDGE('',*,*,#6775,.T.);
#6775 = EDGE_CURVE('',#6768,#6776,#6778,.T.);
#6776 = VERTEX_POINT('',#6777);
#6777 = CARTESIAN_POINT('',(2.772040872589,0.78,0.15));
#6778 = LINE('',#6779,#6780);
#6779 = CARTESIAN_POINT('',(3.2,0.78,0.15));
#6780 = VECTOR('',#6781,1.);
#6781 = DIRECTION('',(-1.,-1.110223024625E-16,0.));
#6782 = ORIENTED_EDGE('',*,*,#6783,.T.);
#6783 = EDGE_CURVE('',#6776,#6784,#6786,.T.);
#6784 = VERTEX_POINT('',#6785);
#6785 = CARTESIAN_POINT('',(2.673560097287,0.78,0.232635182233));
#6786 = CIRCLE('',#6787,0.1);
#6787 = AXIS2_PLACEMENT_3D('',#6788,#6789,#6790);
#6788 = CARTESIAN_POINT('',(2.772040872589,0.78,0.25));
#6789 = DIRECTION('',(-1.110223024625E-16,1.,0.));
#6790 = DIRECTION('',(0.,0.,-1.));
#6791 = ORIENTED_EDGE('',*,*,#6792,.T.);
#6792 = EDGE_CURVE('',#6784,#6793,#6795,.T.);
#6793 = VERTEX_POINT('',#6794);
#6794 = CARTESIAN_POINT('',(2.646201938253,0.78,0.418412044417));
#6795 = LINE('',#6796,#6797);
#6796 = CARTESIAN_POINT('',(2.673560097287,0.78,0.232635182233));
#6797 = VECTOR('',#6798,1.);
#6798 = DIRECTION('',(-0.145692235845,-1.617508747447E-17,0.989329961345
    ));
#6799 = ORIENTED_EDGE('',*,*,#6800,.T.);
#6800 = EDGE_CURVE('',#6793,#6801,#6803,.T.);
#6801 = VERTEX_POINT('',#6802);
#6802 = CARTESIAN_POINT('',(2.4,0.78,0.625));
#6803 = CIRCLE('',#6804,0.25);
#6804 = AXIS2_PLACEMENT_3D('',#6805,#6806,#6807);
#6805 = CARTESIAN_POINT('',(2.4,0.78,0.375));
#6806 = DIRECTION('',(1.110223024625E-16,-1.,0.));
#6807 = DIRECTION('',(0.984807753012,1.093356242223E-16,0.173648177667)
  );
#6808 = ORIENTED_EDGE('',*,*,#6809,.T.);
#6809 = EDGE_CURVE('',#6801,#3921,#6810,.T.);
#6810 = LINE('',#6811,#6812);
#6811 = CARTESIAN_POINT('',(2.4,0.78,0.625));
#6812 = VECTOR('',#6813,1.);
#6813 = DIRECTION('',(-1.,-1.110223024625E-16,0.));
#6814 = PLANE('',#6815);
#6815 = AXIS2_PLACEMENT_3D('',#6816,#6817,#6818);
#6816 = CARTESIAN_POINT('',(2.637615762047,0.78,0.292893776214));
#6817 = DIRECTION('',(1.110223024625E-16,-1.,0.));
#6818 = DIRECTION('',(0.,0.,1.));
#6819 = ADVANCED_FACE('',(#6820),#6839,.F.);
#6820 = FACE_BOUND('',#6821,.F.);
#6821 = EDGE_LOOP('',(#6822,#6823,#6832,#6838));
#6822 = ORIENTED_EDGE('',*,*,#3959,.T.);
#6823 = ORIENTED_EDGE('',*,*,#6824,.T.);
#6824 = EDGE_CURVE('',#3952,#6825,#6827,.T.);
#6825 = VERTEX_POINT('',#6826);
#6826 = CARTESIAN_POINT('',(2.498480775301,0.52,0.392364817767));
#6827 = CIRCLE('',#6828,0.1);
#6828 = AXIS2_PLACEMENT_3D('',#6829,#6830,#6831);
#6829 = CARTESIAN_POINT('',(2.4,0.52,0.375));
#6830 = DIRECTION('',(-1.110223024625E-16,1.,0.));
#6831 = DIRECTION('',(4.440892098501E-15,4.930380657631E-31,1.));
#6832 = ORIENTED_EDGE('',*,*,#6833,.F.);
#6833 = EDGE_CURVE('',#6734,#6825,#6834,.T.);
#6834 = LINE('',#6835,#6836);
#6835 = CARTESIAN_POINT('',(2.498480775301,0.78,0.392364817767));
#6836 = VECTOR('',#6837,1.);
#6837 = DIRECTION('',(1.110223024625E-16,-1.,0.));
#6838 = ORIENTED_EDGE('',*,*,#6733,.F.);
#6839 = CYLINDRICAL_SURFACE('',#6840,0.1);
#6840 = AXIS2_PLACEMENT_3D('',#6841,#6842,#6843);
#6841 = CARTESIAN_POINT('',(2.4,0.78,0.375));
#6842 = DIRECTION('',(-1.110223024625E-16,1.,0.));
#6843 = DIRECTION('',(4.440892098501E-15,4.930380657631E-31,1.));
#6844 = ADVANCED_FACE('',(#6845),#6923,.T.);
#6845 = FACE_BOUND('',#6846,.T.);
#6846 = EDGE_LOOP('',(#6847,#6848,#6849,#6850,#6858,#6867,#6875,#6883,
    #6891,#6900,#6908,#6917));
#6847 = ORIENTED_EDGE('',*,*,#3973,.F.);
#6848 = ORIENTED_EDGE('',*,*,#3951,.T.);
#6849 = ORIENTED_EDGE('',*,*,#6824,.T.);
#6850 = ORIENTED_EDGE('',*,*,#6851,.T.);
#6851 = EDGE_CURVE('',#6825,#6852,#6854,.T.);
#6852 = VERTEX_POINT('',#6853);
#6853 = CARTESIAN_POINT('',(2.525838934336,0.52,0.206587955583));
#6854 = LINE('',#6855,#6856);
#6855 = CARTESIAN_POINT('',(2.498480775301,0.52,0.392364817767));
#6856 = VECTOR('',#6857,1.);
#6857 = DIRECTION('',(0.145692235845,1.617508747447E-17,-0.989329961345)
  );
#6858 = ORIENTED_EDGE('',*,*,#6859,.T.);
#6859 = EDGE_CURVE('',#6852,#6860,#6862,.T.);
#6860 = VERTEX_POINT('',#6861);
#6861 = CARTESIAN_POINT('',(2.772040872589,0.52,-5.551115123126E-17));
#6862 = CIRCLE('',#6863,0.25);
#6863 = AXIS2_PLACEMENT_3D('',#6864,#6865,#6866);
#6864 = CARTESIAN_POINT('',(2.772040872589,0.52,0.25));
#6865 = DIRECTION('',(1.110223024625E-16,-1.,0.));
#6866 = DIRECTION('',(-0.984807753012,-1.093356242223E-16,
    -0.173648177667));
#6867 = ORIENTED_EDGE('',*,*,#6868,.T.);
#6868 = EDGE_CURVE('',#6860,#6869,#6871,.T.);
#6869 = VERTEX_POINT('',#6870);
#6870 = CARTESIAN_POINT('',(3.2,0.52,-5.551115123126E-17));
#6871 = LINE('',#6872,#6873);
#6872 = CARTESIAN_POINT('',(2.772040872589,0.52,-5.551115123126E-17));
#6873 = VECTOR('',#6874,1.);
#6874 = DIRECTION('',(1.,1.110223024625E-16,0.));
#6875 = ORIENTED_EDGE('',*,*,#6876,.T.);
#6876 = EDGE_CURVE('',#6869,#6877,#6879,.T.);
#6877 = VERTEX_POINT('',#6878);
#6878 = CARTESIAN_POINT('',(3.2,0.52,0.15));
#6879 = LINE('',#6880,#6881);
#6880 = CARTESIAN_POINT('',(3.2,0.52,-5.551115123126E-17));
#6881 = VECTOR('',#6882,1.);
#6882 = DIRECTION('',(0.,0.,1.));
#6883 = ORIENTED_EDGE('',*,*,#6884,.T.);
#6884 = EDGE_CURVE('',#6877,#6885,#6887,.T.);
#6885 = VERTEX_POINT('',#6886);
#6886 = CARTESIAN_POINT('',(2.772040872589,0.52,0.15));
#6887 = LINE('',#6888,#6889);
#6888 = CARTESIAN_POINT('',(3.2,0.52,0.15));
#6889 = VECTOR('',#6890,1.);
#6890 = DIRECTION('',(-1.,-1.110223024625E-16,0.));
#6891 = ORIENTED_EDGE('',*,*,#6892,.T.);
#6892 = EDGE_CURVE('',#6885,#6893,#6895,.T.);
#6893 = VERTEX_POINT('',#6894);
#6894 = CARTESIAN_POINT('',(2.673560097287,0.52,0.232635182233));
#6895 = CIRCLE('',#6896,0.1);
#6896 = AXIS2_PLACEMENT_3D('',#6897,#6898,#6899);
#6897 = CARTESIAN_POINT('',(2.772040872589,0.52,0.25));
#6898 = DIRECTION('',(-1.110223024625E-16,1.,0.));
#6899 = DIRECTION('',(0.,0.,-1.));
#6900 = ORIENTED_EDGE('',*,*,#6901,.T.);
#6901 = EDGE_CURVE('',#6893,#6902,#6904,.T.);
#6902 = VERTEX_POINT('',#6903);
#6903 = CARTESIAN_POINT('',(2.646201938253,0.52,0.418412044417));
#6904 = LINE('',#6905,#6906);
#6905 = CARTESIAN_POINT('',(2.673560097287,0.52,0.232635182233));
#6906 = VECTOR('',#6907,1.);
#6907 = DIRECTION('',(-0.145692235845,-1.617508747447E-17,0.989329961345
    ));
#6908 = ORIENTED_EDGE('',*,*,#6909,.T.);
#6909 = EDGE_CURVE('',#6902,#6910,#6912,.T.);
#6910 = VERTEX_POINT('',#6911);
#6911 = CARTESIAN_POINT('',(2.4,0.52,0.625));
#6912 = CIRCLE('',#6913,0.25);
#6913 = AXIS2_PLACEMENT_3D('',#6914,#6915,#6916);
#6914 = CARTESIAN_POINT('',(2.4,0.52,0.375));
#6915 = DIRECTION('',(1.110223024625E-16,-1.,0.));
#6916 = DIRECTION('',(0.984807753012,1.093356242223E-16,0.173648177667)
  );
#6917 = ORIENTED_EDGE('',*,*,#6918,.T.);
#6918 = EDGE_CURVE('',#6910,#3974,#6919,.T.);
#6919 = LINE('',#6920,#6921);
#6920 = CARTESIAN_POINT('',(2.4,0.52,0.625));
#6921 = VECTOR('',#6922,1.);
#6922 = DIRECTION('',(-1.,-1.110223024625E-16,0.));
#6923 = PLANE('',#6924);
#6924 = AXIS2_PLACEMENT_3D('',#6925,#6926,#6927);
#6925 = CARTESIAN_POINT('',(2.637615762047,0.52,0.292893776214));
#6926 = DIRECTION('',(1.110223024625E-16,-1.,0.));
#6927 = DIRECTION('',(0.,0.,1.));
#6928 = ADVANCED_FACE('',(#6929),#6945,.F.);
#6929 = FACE_BOUND('',#6930,.F.);
#6930 = EDGE_LOOP('',(#6931,#6937,#6938,#6944));
#6931 = ORIENTED_EDGE('',*,*,#6932,.F.);
#6932 = EDGE_CURVE('',#3974,#4596,#6933,.T.);
#6933 = LINE('',#6934,#6935);
#6934 = CARTESIAN_POINT('',(2.4,0.52,0.625));
#6935 = VECTOR('',#6936,1.);
#6936 = DIRECTION('',(-1.,-1.110223024625E-16,0.));
#6937 = ORIENTED_EDGE('',*,*,#3990,.T.);
#6938 = ORIENTED_EDGE('',*,*,#6939,.T.);
#6939 = EDGE_CURVE('',#3983,#4604,#6940,.T.);
#6940 = LINE('',#6941,#6942);
#6941 = CARTESIAN_POINT('',(2.4,0.13,0.625));
#6942 = VECTOR('',#6943,1.);
#6943 = DIRECTION('',(-1.,-1.110223024625E-16,0.));
#6944 = ORIENTED_EDGE('',*,*,#4603,.F.);
#6945 = PLANE('',#6946);
#6946 = AXIS2_PLACEMENT_3D('',#6947,#6948,#6949);
#6947 = CARTESIAN_POINT('',(-3.188450421961E-18,2.475,0.625));
#6948 = DIRECTION('',(0.,0.,-1.));
#6949 = DIRECTION('',(1.,1.111674977262E-16,0.));
#6950 = ADVANCED_FACE('',(#6951),#7037,.F.);
#6951 = FACE_BOUND('',#6952,.F.);
#6952 = EDGE_LOOP('',(#6953,#6954,#6955,#6964,#6972,#6981,#6989,#6997,
    #7005,#7014,#7022,#7031));
#6953 = ORIENTED_EDGE('',*,*,#3982,.F.);
#6954 = ORIENTED_EDGE('',*,*,#4004,.T.);
#6955 = ORIENTED_EDGE('',*,*,#6956,.T.);
#6956 = EDGE_CURVE('',#4005,#6957,#6959,.T.);
#6957 = VERTEX_POINT('',#6958);
#6958 = CARTESIAN_POINT('',(2.498480775301,0.13,0.392364817767));
#6959 = CIRCLE('',#6960,0.1);
#6960 = AXIS2_PLACEMENT_3D('',#6961,#6962,#6963);
#6961 = CARTESIAN_POINT('',(2.4,0.13,0.375));
#6962 = DIRECTION('',(-1.110223024625E-16,1.,0.));
#6963 = DIRECTION('',(4.440892098501E-15,4.930380657631E-31,1.));
#6964 = ORIENTED_EDGE('',*,*,#6965,.T.);
#6965 = EDGE_CURVE('',#6957,#6966,#6968,.T.);
#6966 = VERTEX_POINT('',#6967);
#6967 = CARTESIAN_POINT('',(2.525838934336,0.13,0.206587955583));
#6968 = LINE('',#6969,#6970);
#6969 = CARTESIAN_POINT('',(2.498480775301,0.13,0.392364817767));
#6970 = VECTOR('',#6971,1.);
#6971 = DIRECTION('',(0.145692235845,1.617508747447E-17,-0.989329961345)
  );
#6972 = ORIENTED_EDGE('',*,*,#6973,.T.);
#6973 = EDGE_CURVE('',#6966,#6974,#6976,.T.);
#6974 = VERTEX_POINT('',#6975);
#6975 = CARTESIAN_POINT('',(2.772040872589,0.13,-5.551115123126E-17));
#6976 = CIRCLE('',#6977,0.25);
#6977 = AXIS2_PLACEMENT_3D('',#6978,#6979,#6980);
#6978 = CARTESIAN_POINT('',(2.772040872589,0.13,0.25));
#6979 = DIRECTION('',(1.110223024625E-16,-1.,0.));
#6980 = DIRECTION('',(-0.984807753012,-1.093356242223E-16,
    -0.173648177667));
#6981 = ORIENTED_EDGE('',*,*,#6982,.T.);
#6982 = EDGE_CURVE('',#6974,#6983,#6985,.T.);
#6983 = VERTEX_POINT('',#6984);
#6984 = CARTESIAN_POINT('',(3.2,0.13,-5.551115123126E-17));
#6985 = LINE('',#6986,#6987);
#6986 = CARTESIAN_POINT('',(2.772040872589,0.13,-5.551115123126E-17));
#6987 = VECTOR('',#6988,1.);
#6988 = DIRECTION('',(1.,1.110223024625E-16,0.));
#6989 = ORIENTED_EDGE('',*,*,#6990,.T.);
#6990 = EDGE_CURVE('',#6983,#6991,#6993,.T.);
#6991 = VERTEX_POINT('',#6992);
#6992 = CARTESIAN_POINT('',(3.2,0.13,0.15));
#6993 = LINE('',#6994,#6995);
#6994 = CARTESIAN_POINT('',(3.2,0.13,-5.551115123126E-17));
#6995 = VECTOR('',#6996,1.);
#6996 = DIRECTION('',(0.,0.,1.));
#6997 = ORIENTED_EDGE('',*,*,#6998,.T.);
#6998 = EDGE_CURVE('',#6991,#6999,#7001,.T.);
#6999 = VERTEX_POINT('',#7000);
#7000 = CARTESIAN_POINT('',(2.772040872589,0.13,0.15));
#7001 = LINE('',#7002,#7003);
#7002 = CARTESIAN_POINT('',(3.2,0.13,0.15));
#7003 = VECTOR('',#7004,1.);
#7004 = DIRECTION('',(-1.,-1.110223024625E-16,0.));
#7005 = ORIENTED_EDGE('',*,*,#7006,.T.);
#7006 = EDGE_CURVE('',#6999,#7007,#7009,.T.);
#7007 = VERTEX_POINT('',#7008);
#7008 = CARTESIAN_POINT('',(2.673560097287,0.13,0.232635182233));
#7009 = CIRCLE('',#7010,0.1);
#7010 = AXIS2_PLACEMENT_3D('',#7011,#7012,#7013);
#7011 = CARTESIAN_POINT('',(2.772040872589,0.13,0.25));
#7012 = DIRECTION('',(-1.110223024625E-16,1.,0.));
#7013 = DIRECTION('',(0.,0.,-1.));
#7014 = ORIENTED_EDGE('',*,*,#7015,.T.);
#7015 = EDGE_CURVE('',#7007,#7016,#7018,.T.);
#7016 = VERTEX_POINT('',#7017);
#7017 = CARTESIAN_POINT('',(2.646201938253,0.13,0.418412044417));
#7018 = LINE('',#7019,#7020);
#7019 = CARTESIAN_POINT('',(2.673560097287,0.13,0.232635182233));
#7020 = VECTOR('',#7021,1.);
#7021 = DIRECTION('',(-0.145692235845,-1.617508747447E-17,0.989329961345
    ));
#7022 = ORIENTED_EDGE('',*,*,#7023,.T.);
#7023 = EDGE_CURVE('',#7016,#7024,#7026,.T.);
#7024 = VERTEX_POINT('',#7025);
#7025 = CARTESIAN_POINT('',(2.4,0.13,0.625));
#7026 = CIRCLE('',#7027,0.25);
#7027 = AXIS2_PLACEMENT_3D('',#7028,#7029,#7030);
#7028 = CARTESIAN_POINT('',(2.4,0.13,0.375));
#7029 = DIRECTION('',(1.110223024625E-16,-1.,0.));
#7030 = DIRECTION('',(0.984807753012,1.093356242223E-16,0.173648177667)
  );
#7031 = ORIENTED_EDGE('',*,*,#7032,.T.);
#7032 = EDGE_CURVE('',#7024,#3983,#7033,.T.);
#7033 = LINE('',#7034,#7035);
#7034 = CARTESIAN_POINT('',(2.4,0.13,0.625));
#7035 = VECTOR('',#7036,1.);
#7036 = DIRECTION('',(-1.,-1.110223024625E-16,0.));
#7037 = PLANE('',#7038);
#7038 = AXIS2_PLACEMENT_3D('',#7039,#7040,#7041);
#7039 = CARTESIAN_POINT('',(2.637615762047,0.13,0.292893776214));
#7040 = DIRECTION('',(1.110223024625E-16,-1.,0.));
#7041 = DIRECTION('',(0.,0.,1.));
#7042 = ADVANCED_FACE('',(#7043),#7062,.F.);
#7043 = FACE_BOUND('',#7044,.F.);
#7044 = EDGE_LOOP('',(#7045,#7046,#7055,#7061));
#7045 = ORIENTED_EDGE('',*,*,#4021,.T.);
#7046 = ORIENTED_EDGE('',*,*,#7047,.T.);
#7047 = EDGE_CURVE('',#4014,#7048,#7050,.T.);
#7048 = VERTEX_POINT('',#7049);
#7049 = CARTESIAN_POINT('',(2.498480775301,-0.13,0.392364817767));
#7050 = CIRCLE('',#7051,0.1);
#7051 = AXIS2_PLACEMENT_3D('',#7052,#7053,#7054);
#7052 = CARTESIAN_POINT('',(2.4,-0.13,0.375));
#7053 = DIRECTION('',(-1.110223024625E-16,1.,0.));
#7054 = DIRECTION('',(4.440892098501E-15,4.930380657631E-31,1.));
#7055 = ORIENTED_EDGE('',*,*,#7056,.F.);
#7056 = EDGE_CURVE('',#6957,#7048,#7057,.T.);
#7057 = LINE('',#7058,#7059);
#7058 = CARTESIAN_POINT('',(2.498480775301,0.13,0.392364817767));
#7059 = VECTOR('',#7060,1.);
#7060 = DIRECTION('',(1.110223024625E-16,-1.,0.));
#7061 = ORIENTED_EDGE('',*,*,#6956,.F.);
#7062 = CYLINDRICAL_SURFACE('',#7063,0.1);
#7063 = AXIS2_PLACEMENT_3D('',#7064,#7065,#7066);
#7064 = CARTESIAN_POINT('',(2.4,0.13,0.375));
#7065 = DIRECTION('',(-1.110223024625E-16,1.,0.));
#7066 = DIRECTION('',(4.440892098501E-15,4.930380657631E-31,1.));
#7067 = ADVANCED_FACE('',(#7068),#7146,.T.);
#7068 = FACE_BOUND('',#7069,.T.);
#7069 = EDGE_LOOP('',(#7070,#7071,#7072,#7073,#7081,#7090,#7098,#7106,
    #7114,#7123,#7131,#7140));
#7070 = ORIENTED_EDGE('',*,*,#4035,.F.);
#7071 = ORIENTED_EDGE('',*,*,#4013,.T.);
#7072 = ORIENTED_EDGE('',*,*,#7047,.T.);
#7073 = ORIENTED_EDGE('',*,*,#7074,.T.);
#7074 = EDGE_CURVE('',#7048,#7075,#7077,.T.);
#7075 = VERTEX_POINT('',#7076);
#7076 = CARTESIAN_POINT('',(2.525838934336,-0.13,0.206587955583));
#7077 = LINE('',#7078,#7079);
#7078 = CARTESIAN_POINT('',(2.498480775301,-0.13,0.392364817767));
#7079 = VECTOR('',#7080,1.);
#7080 = DIRECTION('',(0.145692235845,1.617508747447E-17,-0.989329961345)
  );
#7081 = ORIENTED_EDGE('',*,*,#7082,.T.);
#7082 = EDGE_CURVE('',#7075,#7083,#7085,.T.);
#7083 = VERTEX_POINT('',#7084);
#7084 = CARTESIAN_POINT('',(2.772040872589,-0.13,-5.551115123126E-17));
#7085 = CIRCLE('',#7086,0.25);
#7086 = AXIS2_PLACEMENT_3D('',#7087,#7088,#7089);
#7087 = CARTESIAN_POINT('',(2.772040872589,-0.13,0.25));
#7088 = DIRECTION('',(1.110223024625E-16,-1.,0.));
#7089 = DIRECTION('',(-0.984807753012,-1.093356242223E-16,
    -0.173648177667));
#7090 = ORIENTED_EDGE('',*,*,#7091,.T.);
#7091 = EDGE_CURVE('',#7083,#7092,#7094,.T.);
#7092 = VERTEX_POINT('',#7093);
#7093 = CARTESIAN_POINT('',(3.2,-0.13,-5.551115123126E-17));
#7094 = LINE('',#7095,#7096);
#7095 = CARTESIAN_POINT('',(2.772040872589,-0.13,-5.551115123126E-17));
#7096 = VECTOR('',#7097,1.);
#7097 = DIRECTION('',(1.,1.110223024625E-16,0.));
#7098 = ORIENTED_EDGE('',*,*,#7099,.T.);
#7099 = EDGE_CURVE('',#7092,#7100,#7102,.T.);
#7100 = VERTEX_POINT('',#7101);
#7101 = CARTESIAN_POINT('',(3.2,-0.13,0.15));
#7102 = LINE('',#7103,#7104);
#7103 = CARTESIAN_POINT('',(3.2,-0.13,-5.551115123126E-17));
#7104 = VECTOR('',#7105,1.);
#7105 = DIRECTION('',(0.,0.,1.));
#7106 = ORIENTED_EDGE('',*,*,#7107,.T.);
#7107 = EDGE_CURVE('',#7100,#7108,#7110,.T.);
#7108 = VERTEX_POINT('',#7109);
#7109 = CARTESIAN_POINT('',(2.772040872589,-0.13,0.15));
#7110 = LINE('',#7111,#7112);
#7111 = CARTESIAN_POINT('',(3.2,-0.13,0.15));
#7112 = VECTOR('',#7113,1.);
#7113 = DIRECTION('',(-1.,-1.110223024625E-16,0.));
#7114 = ORIENTED_EDGE('',*,*,#7115,.T.);
#7115 = EDGE_CURVE('',#7108,#7116,#7118,.T.);
#7116 = VERTEX_POINT('',#7117);
#7117 = CARTESIAN_POINT('',(2.673560097287,-0.13,0.232635182233));
#7118 = CIRCLE('',#7119,0.1);
#7119 = AXIS2_PLACEMENT_3D('',#7120,#7121,#7122);
#7120 = CARTESIAN_POINT('',(2.772040872589,-0.13,0.25));
#7121 = DIRECTION('',(-1.110223024625E-16,1.,0.));
#7122 = DIRECTION('',(0.,0.,-1.));
#7123 = ORIENTED_EDGE('',*,*,#7124,.T.);
#7124 = EDGE_CURVE('',#7116,#7125,#7127,.T.);
#7125 = VERTEX_POINT('',#7126);
#7126 = CARTESIAN_POINT('',(2.646201938253,-0.13,0.418412044417));
#7127 = LINE('',#7128,#7129);
#7128 = CARTESIAN_POINT('',(2.673560097287,-0.13,0.232635182233));
#7129 = VECTOR('',#7130,1.);
#7130 = DIRECTION('',(-0.145692235845,-1.617508747447E-17,0.989329961345
    ));
#7131 = ORIENTED_EDGE('',*,*,#7132,.T.);
#7132 = EDGE_CURVE('',#7125,#7133,#7135,.T.);
#7133 = VERTEX_POINT('',#7134);
#7134 = CARTESIAN_POINT('',(2.4,-0.13,0.625));
#7135 = CIRCLE('',#7136,0.25);
#7136 = AXIS2_PLACEMENT_3D('',#7137,#7138,#7139);
#7137 = CARTESIAN_POINT('',(2.4,-0.13,0.375));
#7138 = DIRECTION('',(1.110223024625E-16,-1.,0.));
#7139 = DIRECTION('',(0.984807753012,1.093356242223E-16,0.173648177667)
  );
#7140 = ORIENTED_EDGE('',*,*,#7141,.T.);
#7141 = EDGE_CURVE('',#7133,#4036,#7142,.T.);
#7142 = LINE('',#7143,#7144);
#7143 = CARTESIAN_POINT('',(2.4,-0.13,0.625));
#7144 = VECTOR('',#7145,1.);
#7145 = DIRECTION('',(-1.,-1.110223024625E-16,0.));
#7146 = PLANE('',#7147);
#7147 = AXIS2_PLACEMENT_3D('',#7148,#7149,#7150);
#7148 = CARTESIAN_POINT('',(2.637615762047,-0.13,0.292893776214));
#7149 = DIRECTION('',(1.110223024625E-16,-1.,0.));
#7150 = DIRECTION('',(0.,0.,1.));
#7151 = ADVANCED_FACE('',(#7152),#7168,.F.);
#7152 = FACE_BOUND('',#7153,.F.);
#7153 = EDGE_LOOP('',(#7154,#7160,#7161,#7167));
#7154 = ORIENTED_EDGE('',*,*,#7155,.F.);
#7155 = EDGE_CURVE('',#4036,#4612,#7156,.T.);
#7156 = LINE('',#7157,#7158);
#7157 = CARTESIAN_POINT('',(2.4,-0.13,0.625));
#7158 = VECTOR('',#7159,1.);
#7159 = DIRECTION('',(-1.,-1.110223024625E-16,0.));
#7160 = ORIENTED_EDGE('',*,*,#4052,.T.);
#7161 = ORIENTED_EDGE('',*,*,#7162,.T.);
#7162 = EDGE_CURVE('',#4045,#4620,#7163,.T.);
#7163 = LINE('',#7164,#7165);
#7164 = CARTESIAN_POINT('',(2.4,-0.52,0.625));
#7165 = VECTOR('',#7166,1.);
#7166 = DIRECTION('',(-1.,-1.110223024625E-16,0.));
#7167 = ORIENTED_EDGE('',*,*,#4619,.F.);
#7168 = PLANE('',#7169);
#7169 = AXIS2_PLACEMENT_3D('',#7170,#7171,#7172);
#7170 = CARTESIAN_POINT('',(-3.188450421961E-18,2.475,0.625));
#7171 = DIRECTION('',(0.,0.,-1.));
#7172 = DIRECTION('',(1.,1.111674977262E-16,0.));
#7173 = ADVANCED_FACE('',(#7174),#7260,.F.);
#7174 = FACE_BOUND('',#7175,.F.);
#7175 = EDGE_LOOP('',(#7176,#7177,#7178,#7187,#7195,#7204,#7212,#7220,
    #7228,#7237,#7245,#7254));
#7176 = ORIENTED_EDGE('',*,*,#4044,.F.);
#7177 = ORIENTED_EDGE('',*,*,#4066,.T.);
#7178 = ORIENTED_EDGE('',*,*,#7179,.T.);
#7179 = EDGE_CURVE('',#4067,#7180,#7182,.T.);
#7180 = VERTEX_POINT('',#7181);
#7181 = CARTESIAN_POINT('',(2.498480775301,-0.52,0.392364817767));
#7182 = CIRCLE('',#7183,0.1);
#7183 = AXIS2_PLACEMENT_3D('',#7184,#7185,#7186);
#7184 = CARTESIAN_POINT('',(2.4,-0.52,0.375));
#7185 = DIRECTION('',(-1.110223024625E-16,1.,0.));
#7186 = DIRECTION('',(4.440892098501E-15,4.930380657631E-31,1.));
#7187 = ORIENTED_EDGE('',*,*,#7188,.T.);
#7188 = EDGE_CURVE('',#7180,#7189,#7191,.T.);
#7189 = VERTEX_POINT('',#7190);
#7190 = CARTESIAN_POINT('',(2.525838934336,-0.52,0.206587955583));
#7191 = LINE('',#7192,#7193);
#7192 = CARTESIAN_POINT('',(2.498480775301,-0.52,0.392364817767));
#7193 = VECTOR('',#7194,1.);
#7194 = DIRECTION('',(0.145692235845,1.617508747447E-17,-0.989329961345)
  );
#7195 = ORIENTED_EDGE('',*,*,#7196,.T.);
#7196 = EDGE_CURVE('',#7189,#7197,#7199,.T.);
#7197 = VERTEX_POINT('',#7198);
#7198 = CARTESIAN_POINT('',(2.772040872589,-0.52,-5.551115123126E-17));
#7199 = CIRCLE('',#7200,0.25);
#7200 = AXIS2_PLACEMENT_3D('',#7201,#7202,#7203);
#7201 = CARTESIAN_POINT('',(2.772040872589,-0.52,0.25));
#7202 = DIRECTION('',(1.110223024625E-16,-1.,0.));
#7203 = DIRECTION('',(-0.984807753012,-1.093356242223E-16,
    -0.173648177667));
#7204 = ORIENTED_EDGE('',*,*,#7205,.T.);
#7205 = EDGE_CURVE('',#7197,#7206,#7208,.T.);
#7206 = VERTEX_POINT('',#7207);
#7207 = CARTESIAN_POINT('',(3.2,-0.52,-5.551115123126E-17));
#7208 = LINE('',#7209,#7210);
#7209 = CARTESIAN_POINT('',(2.772040872589,-0.52,-5.551115123126E-17));
#7210 = VECTOR('',#7211,1.);
#7211 = DIRECTION('',(1.,1.110223024625E-16,0.));
#7212 = ORIENTED_EDGE('',*,*,#7213,.T.);
#7213 = EDGE_CURVE('',#7206,#7214,#7216,.T.);
#7214 = VERTEX_POINT('',#7215);
#7215 = CARTESIAN_POINT('',(3.2,-0.52,0.15));
#7216 = LINE('',#7217,#7218);
#7217 = CARTESIAN_POINT('',(3.2,-0.52,-5.551115123126E-17));
#7218 = VECTOR('',#7219,1.);
#7219 = DIRECTION('',(0.,0.,1.));
#7220 = ORIENTED_EDGE('',*,*,#7221,.T.);
#7221 = EDGE_CURVE('',#7214,#7222,#7224,.T.);
#7222 = VERTEX_POINT('',#7223);
#7223 = CARTESIAN_POINT('',(2.772040872589,-0.52,0.15));
#7224 = LINE('',#7225,#7226);
#7225 = CARTESIAN_POINT('',(3.2,-0.52,0.15));
#7226 = VECTOR('',#7227,1.);
#7227 = DIRECTION('',(-1.,-1.110223024625E-16,0.));
#7228 = ORIENTED_EDGE('',*,*,#7229,.T.);
#7229 = EDGE_CURVE('',#7222,#7230,#7232,.T.);
#7230 = VERTEX_POINT('',#7231);
#7231 = CARTESIAN_POINT('',(2.673560097287,-0.52,0.232635182233));
#7232 = CIRCLE('',#7233,0.1);
#7233 = AXIS2_PLACEMENT_3D('',#7234,#7235,#7236);
#7234 = CARTESIAN_POINT('',(2.772040872589,-0.52,0.25));
#7235 = DIRECTION('',(-1.110223024625E-16,1.,0.));
#7236 = DIRECTION('',(0.,0.,-1.));
#7237 = ORIENTED_EDGE('',*,*,#7238,.T.);
#7238 = EDGE_CURVE('',#7230,#7239,#7241,.T.);
#7239 = VERTEX_POINT('',#7240);
#7240 = CARTESIAN_POINT('',(2.646201938253,-0.52,0.418412044417));
#7241 = LINE('',#7242,#7243);
#7242 = CARTESIAN_POINT('',(2.673560097287,-0.52,0.232635182233));
#7243 = VECTOR('',#7244,1.);
#7244 = DIRECTION('',(-0.145692235845,-1.617508747447E-17,0.989329961345
    ));
#7245 = ORIENTED_EDGE('',*,*,#7246,.T.);
#7246 = EDGE_CURVE('',#7239,#7247,#7249,.T.);
#7247 = VERTEX_POINT('',#7248);
#7248 = CARTESIAN_POINT('',(2.4,-0.52,0.625));
#7249 = CIRCLE('',#7250,0.25);
#7250 = AXIS2_PLACEMENT_3D('',#7251,#7252,#7253);
#7251 = CARTESIAN_POINT('',(2.4,-0.52,0.375));
#7252 = DIRECTION('',(1.110223024625E-16,-1.,0.));
#7253 = DIRECTION('',(0.984807753012,1.093356242223E-16,0.173648177667)
  );
#7254 = ORIENTED_EDGE('',*,*,#7255,.T.);
#7255 = EDGE_CURVE('',#7247,#4045,#7256,.T.);
#7256 = LINE('',#7257,#7258);
#7257 = CARTESIAN_POINT('',(2.4,-0.52,0.625));
#7258 = VECTOR('',#7259,1.);
#7259 = DIRECTION('',(-1.,-1.110223024625E-16,0.));
#7260 = PLANE('',#7261);
#7261 = AXIS2_PLACEMENT_3D('',#7262,#7263,#7264);
#7262 = CARTESIAN_POINT('',(2.637615762047,-0.52,0.292893776214));
#7263 = DIRECTION('',(1.110223024625E-16,-1.,0.));
#7264 = DIRECTION('',(0.,0.,1.));
#7265 = ADVANCED_FACE('',(#7266),#7285,.F.);
#7266 = FACE_BOUND('',#7267,.F.);
#7267 = EDGE_LOOP('',(#7268,#7269,#7278,#7284));
#7268 = ORIENTED_EDGE('',*,*,#4083,.T.);
#7269 = ORIENTED_EDGE('',*,*,#7270,.T.);
#7270 = EDGE_CURVE('',#4076,#7271,#7273,.T.);
#7271 = VERTEX_POINT('',#7272);
#7272 = CARTESIAN_POINT('',(2.498480775301,-0.78,0.392364817767));
#7273 = CIRCLE('',#7274,0.1);
#7274 = AXIS2_PLACEMENT_3D('',#7275,#7276,#7277);
#7275 = CARTESIAN_POINT('',(2.4,-0.78,0.375));
#7276 = DIRECTION('',(-1.110223024625E-16,1.,0.));
#7277 = DIRECTION('',(4.440892098501E-15,4.930380657631E-31,1.));
#7278 = ORIENTED_EDGE('',*,*,#7279,.F.);
#7279 = EDGE_CURVE('',#7180,#7271,#7280,.T.);
#7280 = LINE('',#7281,#7282);
#7281 = CARTESIAN_POINT('',(2.498480775301,-0.52,0.392364817767));
#7282 = VECTOR('',#7283,1.);
#7283 = DIRECTION('',(1.110223024625E-16,-1.,0.));
#7284 = ORIENTED_EDGE('',*,*,#7179,.F.);
#7285 = CYLINDRICAL_SURFACE('',#7286,0.1);
#7286 = AXIS2_PLACEMENT_3D('',#7287,#7288,#7289);
#7287 = CARTESIAN_POINT('',(2.4,-0.52,0.375));
#7288 = DIRECTION('',(-1.110223024625E-16,1.,0.));
#7289 = DIRECTION('',(4.440892098501E-15,4.930380657631E-31,1.));
#7290 = ADVANCED_FACE('',(#7291),#7369,.T.);
#7291 = FACE_BOUND('',#7292,.T.);
#7292 = EDGE_LOOP('',(#7293,#7294,#7295,#7296,#7304,#7313,#7321,#7329,
    #7337,#7346,#7354,#7363));
#7293 = ORIENTED_EDGE('',*,*,#4097,.F.);
#7294 = ORIENTED_EDGE('',*,*,#4075,.T.);
#7295 = ORIENTED_EDGE('',*,*,#7270,.T.);
#7296 = ORIENTED_EDGE('',*,*,#7297,.T.);
#7297 = EDGE_CURVE('',#7271,#7298,#7300,.T.);
#7298 = VERTEX_POINT('',#7299);
#7299 = CARTESIAN_POINT('',(2.525838934336,-0.78,0.206587955583));
#7300 = LINE('',#7301,#7302);
#7301 = CARTESIAN_POINT('',(2.498480775301,-0.78,0.392364817767));
#7302 = VECTOR('',#7303,1.);
#7303 = DIRECTION('',(0.145692235845,1.617508747447E-17,-0.989329961345)
  );
#7304 = ORIENTED_EDGE('',*,*,#7305,.T.);
#7305 = EDGE_CURVE('',#7298,#7306,#7308,.T.);
#7306 = VERTEX_POINT('',#7307);
#7307 = CARTESIAN_POINT('',(2.772040872589,-0.78,-5.551115123126E-17));
#7308 = CIRCLE('',#7309,0.25);
#7309 = AXIS2_PLACEMENT_3D('',#7310,#7311,#7312);
#7310 = CARTESIAN_POINT('',(2.772040872589,-0.78,0.25));
#7311 = DIRECTION('',(1.110223024625E-16,-1.,0.));
#7312 = DIRECTION('',(-0.984807753012,-1.093356242223E-16,
    -0.173648177667));
#7313 = ORIENTED_EDGE('',*,*,#7314,.T.);
#7314 = EDGE_CURVE('',#7306,#7315,#7317,.T.);
#7315 = VERTEX_POINT('',#7316);
#7316 = CARTESIAN_POINT('',(3.2,-0.78,-5.551115123126E-17));
#7317 = LINE('',#7318,#7319);
#7318 = CARTESIAN_POINT('',(2.772040872589,-0.78,-5.551115123126E-17));
#7319 = VECTOR('',#7320,1.);
#7320 = DIRECTION('',(1.,1.110223024625E-16,0.));
#7321 = ORIENTED_EDGE('',*,*,#7322,.T.);
#7322 = EDGE_CURVE('',#7315,#7323,#7325,.T.);
#7323 = VERTEX_POINT('',#7324);
#7324 = CARTESIAN_POINT('',(3.2,-0.78,0.15));
#7325 = LINE('',#7326,#7327);
#7326 = CARTESIAN_POINT('',(3.2,-0.78,-5.551115123126E-17));
#7327 = VECTOR('',#7328,1.);
#7328 = DIRECTION('',(0.,0.,1.));
#7329 = ORIENTED_EDGE('',*,*,#7330,.T.);
#7330 = EDGE_CURVE('',#7323,#7331,#7333,.T.);
#7331 = VERTEX_POINT('',#7332);
#7332 = CARTESIAN_POINT('',(2.772040872589,-0.78,0.15));
#7333 = LINE('',#7334,#7335);
#7334 = CARTESIAN_POINT('',(3.2,-0.78,0.15));
#7335 = VECTOR('',#7336,1.);
#7336 = DIRECTION('',(-1.,-1.110223024625E-16,0.));
#7337 = ORIENTED_EDGE('',*,*,#7338,.T.);
#7338 = EDGE_CURVE('',#7331,#7339,#7341,.T.);
#7339 = VERTEX_POINT('',#7340);
#7340 = CARTESIAN_POINT('',(2.673560097287,-0.78,0.232635182233));
#7341 = CIRCLE('',#7342,0.1);
#7342 = AXIS2_PLACEMENT_3D('',#7343,#7344,#7345);
#7343 = CARTESIAN_POINT('',(2.772040872589,-0.78,0.25));
#7344 = DIRECTION('',(-1.110223024625E-16,1.,0.));
#7345 = DIRECTION('',(0.,0.,-1.));
#7346 = ORIENTED_EDGE('',*,*,#7347,.T.);
#7347 = EDGE_CURVE('',#7339,#7348,#7350,.T.);
#7348 = VERTEX_POINT('',#7349);
#7349 = CARTESIAN_POINT('',(2.646201938253,-0.78,0.418412044417));
#7350 = LINE('',#7351,#7352);
#7351 = CARTESIAN_POINT('',(2.673560097287,-0.78,0.232635182233));
#7352 = VECTOR('',#7353,1.);
#7353 = DIRECTION('',(-0.145692235845,-1.617508747447E-17,0.989329961345
    ));
#7354 = ORIENTED_EDGE('',*,*,#7355,.T.);
#7355 = EDGE_CURVE('',#7348,#7356,#7358,.T.);
#7356 = VERTEX_POINT('',#7357);
#7357 = CARTESIAN_POINT('',(2.4,-0.78,0.625));
#7358 = CIRCLE('',#7359,0.25);
#7359 = AXIS2_PLACEMENT_3D('',#7360,#7361,#7362);
#7360 = CARTESIAN_POINT('',(2.4,-0.78,0.375));
#7361 = DIRECTION('',(1.110223024625E-16,-1.,0.));
#7362 = DIRECTION('',(0.984807753012,1.093356242223E-16,0.173648177667)
  );
#7363 = ORIENTED_EDGE('',*,*,#7364,.T.);
#7364 = EDGE_CURVE('',#7356,#4098,#7365,.T.);
#7365 = LINE('',#7366,#7367);
#7366 = CARTESIAN_POINT('',(2.4,-0.78,0.625));
#7367 = VECTOR('',#7368,1.);
#7368 = DIRECTION('',(-1.,-1.110223024625E-16,0.));
#7369 = PLANE('',#7370);
#7370 = AXIS2_PLACEMENT_3D('',#7371,#7372,#7373);
#7371 = CARTESIAN_POINT('',(2.637615762047,-0.78,0.292893776214));
#7372 = DIRECTION('',(1.110223024625E-16,-1.,0.));
#7373 = DIRECTION('',(0.,0.,1.));
#7374 = ADVANCED_FACE('',(#7375),#7391,.F.);
#7375 = FACE_BOUND('',#7376,.F.);
#7376 = EDGE_LOOP('',(#7377,#7383,#7384,#7390));
#7377 = ORIENTED_EDGE('',*,*,#7378,.F.);
#7378 = EDGE_CURVE('',#4098,#4628,#7379,.T.);
#7379 = LINE('',#7380,#7381);
#7380 = CARTESIAN_POINT('',(2.4,-0.78,0.625));
#7381 = VECTOR('',#7382,1.);
#7382 = DIRECTION('',(-1.,-1.110223024625E-16,0.));
#7383 = ORIENTED_EDGE('',*,*,#4114,.T.);
#7384 = ORIENTED_EDGE('',*,*,#7385,.T.);
#7385 = EDGE_CURVE('',#4107,#4636,#7386,.T.);
#7386 = LINE('',#7387,#7388);
#7387 = CARTESIAN_POINT('',(2.4,-1.17,0.625));
#7388 = VECTOR('',#7389,1.);
#7389 = DIRECTION('',(-1.,-1.110223024625E-16,0.));
#7390 = ORIENTED_EDGE('',*,*,#4635,.F.);
#7391 = PLANE('',#7392);
#7392 = AXIS2_PLACEMENT_3D('',#7393,#7394,#7395);
#7393 = CARTESIAN_POINT('',(-3.188450421961E-18,2.475,0.625));
#7394 = DIRECTION('',(0.,0.,-1.));
#7395 = DIRECTION('',(1.,1.111674977262E-16,0.));
#7396 = ADVANCED_FACE('',(#7397),#7483,.F.);
#7397 = FACE_BOUND('',#7398,.F.);
#7398 = EDGE_LOOP('',(#7399,#7400,#7401,#7410,#7418,#7427,#7435,#7443,
    #7451,#7460,#7468,#7477));
#7399 = ORIENTED_EDGE('',*,*,#4106,.F.);
#7400 = ORIENTED_EDGE('',*,*,#4128,.T.);
#7401 = ORIENTED_EDGE('',*,*,#7402,.T.);
#7402 = EDGE_CURVE('',#4129,#7403,#7405,.T.);
#7403 = VERTEX_POINT('',#7404);
#7404 = CARTESIAN_POINT('',(2.498480775301,-1.17,0.392364817767));
#7405 = CIRCLE('',#7406,0.1);
#7406 = AXIS2_PLACEMENT_3D('',#7407,#7408,#7409);
#7407 = CARTESIAN_POINT('',(2.4,-1.17,0.375));
#7408 = DIRECTION('',(-1.110223024625E-16,1.,0.));
#7409 = DIRECTION('',(4.440892098501E-15,4.930380657631E-31,1.));
#7410 = ORIENTED_EDGE('',*,*,#7411,.T.);
#7411 = EDGE_CURVE('',#7403,#7412,#7414,.T.);
#7412 = VERTEX_POINT('',#7413);
#7413 = CARTESIAN_POINT('',(2.525838934336,-1.17,0.206587955583));
#7414 = LINE('',#7415,#7416);
#7415 = CARTESIAN_POINT('',(2.498480775301,-1.17,0.392364817767));
#7416 = VECTOR('',#7417,1.);
#7417 = DIRECTION('',(0.145692235845,1.617508747447E-17,-0.989329961345)
  );
#7418 = ORIENTED_EDGE('',*,*,#7419,.T.);
#7419 = EDGE_CURVE('',#7412,#7420,#7422,.T.);
#7420 = VERTEX_POINT('',#7421);
#7421 = CARTESIAN_POINT('',(2.772040872589,-1.17,-5.551115123126E-17));
#7422 = CIRCLE('',#7423,0.25);
#7423 = AXIS2_PLACEMENT_3D('',#7424,#7425,#7426);
#7424 = CARTESIAN_POINT('',(2.772040872589,-1.17,0.25));
#7425 = DIRECTION('',(1.110223024625E-16,-1.,0.));
#7426 = DIRECTION('',(-0.984807753012,-1.093356242223E-16,
    -0.173648177667));
#7427 = ORIENTED_EDGE('',*,*,#7428,.T.);
#7428 = EDGE_CURVE('',#7420,#7429,#7431,.T.);
#7429 = VERTEX_POINT('',#7430);
#7430 = CARTESIAN_POINT('',(3.2,-1.17,-5.551115123126E-17));
#7431 = LINE('',#7432,#7433);
#7432 = CARTESIAN_POINT('',(2.772040872589,-1.17,-5.551115123126E-17));
#7433 = VECTOR('',#7434,1.);
#7434 = DIRECTION('',(1.,1.110223024625E-16,0.));
#7435 = ORIENTED_EDGE('',*,*,#7436,.T.);
#7436 = EDGE_CURVE('',#7429,#7437,#7439,.T.);
#7437 = VERTEX_POINT('',#7438);
#7438 = CARTESIAN_POINT('',(3.2,-1.17,0.15));
#7439 = LINE('',#7440,#7441);
#7440 = CARTESIAN_POINT('',(3.2,-1.17,-5.551115123126E-17));
#7441 = VECTOR('',#7442,1.);
#7442 = DIRECTION('',(0.,0.,1.));
#7443 = ORIENTED_EDGE('',*,*,#7444,.T.);
#7444 = EDGE_CURVE('',#7437,#7445,#7447,.T.);
#7445 = VERTEX_POINT('',#7446);
#7446 = CARTESIAN_POINT('',(2.772040872589,-1.17,0.15));
#7447 = LINE('',#7448,#7449);
#7448 = CARTESIAN_POINT('',(3.2,-1.17,0.15));
#7449 = VECTOR('',#7450,1.);
#7450 = DIRECTION('',(-1.,-1.110223024625E-16,0.));
#7451 = ORIENTED_EDGE('',*,*,#7452,.T.);
#7452 = EDGE_CURVE('',#7445,#7453,#7455,.T.);
#7453 = VERTEX_POINT('',#7454);
#7454 = CARTESIAN_POINT('',(2.673560097287,-1.17,0.232635182233));
#7455 = CIRCLE('',#7456,0.1);
#7456 = AXIS2_PLACEMENT_3D('',#7457,#7458,#7459);
#7457 = CARTESIAN_POINT('',(2.772040872589,-1.17,0.25));
#7458 = DIRECTION('',(-1.110223024625E-16,1.,0.));
#7459 = DIRECTION('',(0.,0.,-1.));
#7460 = ORIENTED_EDGE('',*,*,#7461,.T.);
#7461 = EDGE_CURVE('',#7453,#7462,#7464,.T.);
#7462 = VERTEX_POINT('',#7463);
#7463 = CARTESIAN_POINT('',(2.646201938253,-1.17,0.418412044417));
#7464 = LINE('',#7465,#7466);
#7465 = CARTESIAN_POINT('',(2.673560097287,-1.17,0.232635182233));
#7466 = VECTOR('',#7467,1.);
#7467 = DIRECTION('',(-0.145692235845,-1.617508747447E-17,0.989329961345
    ));
#7468 = ORIENTED_EDGE('',*,*,#7469,.T.);
#7469 = EDGE_CURVE('',#7462,#7470,#7472,.T.);
#7470 = VERTEX_POINT('',#7471);
#7471 = CARTESIAN_POINT('',(2.4,-1.17,0.625));
#7472 = CIRCLE('',#7473,0.25);
#7473 = AXIS2_PLACEMENT_3D('',#7474,#7475,#7476);
#7474 = CARTESIAN_POINT('',(2.4,-1.17,0.375));
#7475 = DIRECTION('',(1.110223024625E-16,-1.,0.));
#7476 = DIRECTION('',(0.984807753012,1.093356242223E-16,0.173648177667)
  );
#7477 = ORIENTED_EDGE('',*,*,#7478,.T.);
#7478 = EDGE_CURVE('',#7470,#4107,#7479,.T.);
#7479 = LINE('',#7480,#7481);
#7480 = CARTESIAN_POINT('',(2.4,-1.17,0.625));
#7481 = VECTOR('',#7482,1.);
#7482 = DIRECTION('',(-1.,-1.110223024625E-16,0.));
#7483 = PLANE('',#7484);
#7484 = AXIS2_PLACEMENT_3D('',#7485,#7486,#7487);
#7485 = CARTESIAN_POINT('',(2.637615762047,-1.17,0.292893776214));
#7486 = DIRECTION('',(1.110223024625E-16,-1.,0.));
#7487 = DIRECTION('',(0.,0.,1.));
#7488 = ADVANCED_FACE('',(#7489),#7508,.F.);
#7489 = FACE_BOUND('',#7490,.F.);
#7490 = EDGE_LOOP('',(#7491,#7492,#7501,#7507));
#7491 = ORIENTED_EDGE('',*,*,#4145,.T.);
#7492 = ORIENTED_EDGE('',*,*,#7493,.T.);
#7493 = EDGE_CURVE('',#4138,#7494,#7496,.T.);
#7494 = VERTEX_POINT('',#7495);
#7495 = CARTESIAN_POINT('',(2.498480775301,-1.43,0.392364817767));
#7496 = CIRCLE('',#7497,0.1);
#7497 = AXIS2_PLACEMENT_3D('',#7498,#7499,#7500);
#7498 = CARTESIAN_POINT('',(2.4,-1.43,0.375));
#7499 = DIRECTION('',(-1.110223024625E-16,1.,0.));
#7500 = DIRECTION('',(4.440892098501E-15,4.930380657631E-31,1.));
#7501 = ORIENTED_EDGE('',*,*,#7502,.F.);
#7502 = EDGE_CURVE('',#7403,#7494,#7503,.T.);
#7503 = LINE('',#7504,#7505);
#7504 = CARTESIAN_POINT('',(2.498480775301,-1.17,0.392364817767));
#7505 = VECTOR('',#7506,1.);
#7506 = DIRECTION('',(1.110223024625E-16,-1.,0.));
#7507 = ORIENTED_EDGE('',*,*,#7402,.F.);
#7508 = CYLINDRICAL_SURFACE('',#7509,0.1);
#7509 = AXIS2_PLACEMENT_3D('',#7510,#7511,#7512);
#7510 = CARTESIAN_POINT('',(2.4,-1.17,0.375));
#7511 = DIRECTION('',(-1.110223024625E-16,1.,0.));
#7512 = DIRECTION('',(4.440892098501E-15,4.930380657631E-31,1.));
#7513 = ADVANCED_FACE('',(#7514),#7592,.T.);
#7514 = FACE_BOUND('',#7515,.T.);
#7515 = EDGE_LOOP('',(#7516,#7517,#7518,#7519,#7527,#7536,#7544,#7552,
    #7560,#7569,#7577,#7586));
#7516 = ORIENTED_EDGE('',*,*,#4159,.F.);
#7517 = ORIENTED_EDGE('',*,*,#4137,.T.);
#7518 = ORIENTED_EDGE('',*,*,#7493,.T.);
#7519 = ORIENTED_EDGE('',*,*,#7520,.T.);
#7520 = EDGE_CURVE('',#7494,#7521,#7523,.T.);
#7521 = VERTEX_POINT('',#7522);
#7522 = CARTESIAN_POINT('',(2.525838934336,-1.43,0.206587955583));
#7523 = LINE('',#7524,#7525);
#7524 = CARTESIAN_POINT('',(2.498480775301,-1.43,0.392364817767));
#7525 = VECTOR('',#7526,1.);
#7526 = DIRECTION('',(0.145692235845,1.617508747447E-17,-0.989329961345)
  );
#7527 = ORIENTED_EDGE('',*,*,#7528,.T.);
#7528 = EDGE_CURVE('',#7521,#7529,#7531,.T.);
#7529 = VERTEX_POINT('',#7530);
#7530 = CARTESIAN_POINT('',(2.772040872589,-1.43,-5.551115123126E-17));
#7531 = CIRCLE('',#7532,0.25);
#7532 = AXIS2_PLACEMENT_3D('',#7533,#7534,#7535);
#7533 = CARTESIAN_POINT('',(2.772040872589,-1.43,0.25));
#7534 = DIRECTION('',(1.110223024625E-16,-1.,0.));
#7535 = DIRECTION('',(-0.984807753012,-1.093356242223E-16,
    -0.173648177667));
#7536 = ORIENTED_EDGE('',*,*,#7537,.T.);
#7537 = EDGE_CURVE('',#7529,#7538,#7540,.T.);
#7538 = VERTEX_POINT('',#7539);
#7539 = CARTESIAN_POINT('',(3.2,-1.43,-5.551115123126E-17));
#7540 = LINE('',#7541,#7542);
#7541 = CARTESIAN_POINT('',(2.772040872589,-1.43,-5.551115123126E-17));
#7542 = VECTOR('',#7543,1.);
#7543 = DIRECTION('',(1.,1.110223024625E-16,0.));
#7544 = ORIENTED_EDGE('',*,*,#7545,.T.);
#7545 = EDGE_CURVE('',#7538,#7546,#7548,.T.);
#7546 = VERTEX_POINT('',#7547);
#7547 = CARTESIAN_POINT('',(3.2,-1.43,0.15));
#7548 = LINE('',#7549,#7550);
#7549 = CARTESIAN_POINT('',(3.2,-1.43,-5.551115123126E-17));
#7550 = VECTOR('',#7551,1.);
#7551 = DIRECTION('',(0.,0.,1.));
#7552 = ORIENTED_EDGE('',*,*,#7553,.T.);
#7553 = EDGE_CURVE('',#7546,#7554,#7556,.T.);
#7554 = VERTEX_POINT('',#7555);
#7555 = CARTESIAN_POINT('',(2.772040872589,-1.43,0.15));
#7556 = LINE('',#7557,#7558);
#7557 = CARTESIAN_POINT('',(3.2,-1.43,0.15));
#7558 = VECTOR('',#7559,1.);
#7559 = DIRECTION('',(-1.,-1.110223024625E-16,0.));
#7560 = ORIENTED_EDGE('',*,*,#7561,.T.);
#7561 = EDGE_CURVE('',#7554,#7562,#7564,.T.);
#7562 = VERTEX_POINT('',#7563);
#7563 = CARTESIAN_POINT('',(2.673560097287,-1.43,0.232635182233));
#7564 = CIRCLE('',#7565,0.1);
#7565 = AXIS2_PLACEMENT_3D('',#7566,#7567,#7568);
#7566 = CARTESIAN_POINT('',(2.772040872589,-1.43,0.25));
#7567 = DIRECTION('',(-1.110223024625E-16,1.,0.));
#7568 = DIRECTION('',(0.,0.,-1.));
#7569 = ORIENTED_EDGE('',*,*,#7570,.T.);
#7570 = EDGE_CURVE('',#7562,#7571,#7573,.T.);
#7571 = VERTEX_POINT('',#7572);
#7572 = CARTESIAN_POINT('',(2.646201938253,-1.43,0.418412044417));
#7573 = LINE('',#7574,#7575);
#7574 = CARTESIAN_POINT('',(2.673560097287,-1.43,0.232635182233));
#7575 = VECTOR('',#7576,1.);
#7576 = DIRECTION('',(-0.145692235845,-1.617508747447E-17,0.989329961345
    ));
#7577 = ORIENTED_EDGE('',*,*,#7578,.T.);
#7578 = EDGE_CURVE('',#7571,#7579,#7581,.T.);
#7579 = VERTEX_POINT('',#7580);
#7580 = CARTESIAN_POINT('',(2.4,-1.43,0.625));
#7581 = CIRCLE('',#7582,0.25);
#7582 = AXIS2_PLACEMENT_3D('',#7583,#7584,#7585);
#7583 = CARTESIAN_POINT('',(2.4,-1.43,0.375));
#7584 = DIRECTION('',(1.110223024625E-16,-1.,0.));
#7585 = DIRECTION('',(0.984807753012,1.093356242223E-16,0.173648177667)
  );
#7586 = ORIENTED_EDGE('',*,*,#7587,.T.);
#7587 = EDGE_CURVE('',#7579,#4160,#7588,.T.);
#7588 = LINE('',#7589,#7590);
#7589 = CARTESIAN_POINT('',(2.4,-1.43,0.625));
#7590 = VECTOR('',#7591,1.);
#7591 = DIRECTION('',(-1.,-1.110223024625E-16,0.));
#7592 = PLANE('',#7593);
#7593 = AXIS2_PLACEMENT_3D('',#7594,#7595,#7596);
#7594 = CARTESIAN_POINT('',(2.637615762047,-1.43,0.292893776214));
#7595 = DIRECTION('',(1.110223024625E-16,-1.,0.));
#7596 = DIRECTION('',(0.,0.,1.));
#7597 = ADVANCED_FACE('',(#7598),#7614,.F.);
#7598 = FACE_BOUND('',#7599,.F.);
#7599 = EDGE_LOOP('',(#7600,#7606,#7607,#7613));
#7600 = ORIENTED_EDGE('',*,*,#7601,.F.);
#7601 = EDGE_CURVE('',#4160,#4644,#7602,.T.);
#7602 = LINE('',#7603,#7604);
#7603 = CARTESIAN_POINT('',(2.4,-1.43,0.625));
#7604 = VECTOR('',#7605,1.);
#7605 = DIRECTION('',(-1.,-1.110223024625E-16,0.));
#7606 = ORIENTED_EDGE('',*,*,#4176,.T.);
#7607 = ORIENTED_EDGE('',*,*,#7608,.T.);
#7608 = EDGE_CURVE('',#4169,#4652,#7609,.T.);
#7609 = LINE('',#7610,#7611);
#7610 = CARTESIAN_POINT('',(2.4,-1.82,0.625));
#7611 = VECTOR('',#7612,1.);
#7612 = DIRECTION('',(-1.,-1.110223024625E-16,0.));
#7613 = ORIENTED_EDGE('',*,*,#4651,.F.);
#7614 = PLANE('',#7615);
#7615 = AXIS2_PLACEMENT_3D('',#7616,#7617,#7618);
#7616 = CARTESIAN_POINT('',(-3.188450421961E-18,2.475,0.625));
#7617 = DIRECTION('',(0.,0.,-1.));
#7618 = DIRECTION('',(1.,1.111674977262E-16,0.));
#7619 = ADVANCED_FACE('',(#7620),#7706,.F.);
#7620 = FACE_BOUND('',#7621,.F.);
#7621 = EDGE_LOOP('',(#7622,#7623,#7624,#7633,#7641,#7650,#7658,#7666,
    #7674,#7683,#7691,#7700));
#7622 = ORIENTED_EDGE('',*,*,#4168,.F.);
#7623 = ORIENTED_EDGE('',*,*,#4190,.T.);
#7624 = ORIENTED_EDGE('',*,*,#7625,.T.);
#7625 = EDGE_CURVE('',#4191,#7626,#7628,.T.);
#7626 = VERTEX_POINT('',#7627);
#7627 = CARTESIAN_POINT('',(2.498480775301,-1.82,0.392364817767));
#7628 = CIRCLE('',#7629,0.1);
#7629 = AXIS2_PLACEMENT_3D('',#7630,#7631,#7632);
#7630 = CARTESIAN_POINT('',(2.4,-1.82,0.375));
#7631 = DIRECTION('',(-1.110223024625E-16,1.,0.));
#7632 = DIRECTION('',(4.440892098501E-15,4.930380657631E-31,1.));
#7633 = ORIENTED_EDGE('',*,*,#7634,.T.);
#7634 = EDGE_CURVE('',#7626,#7635,#7637,.T.);
#7635 = VERTEX_POINT('',#7636);
#7636 = CARTESIAN_POINT('',(2.525838934336,-1.82,0.206587955583));
#7637 = LINE('',#7638,#7639);
#7638 = CARTESIAN_POINT('',(2.498480775301,-1.82,0.392364817767));
#7639 = VECTOR('',#7640,1.);
#7640 = DIRECTION('',(0.145692235845,1.617508747447E-17,-0.989329961345)
  );
#7641 = ORIENTED_EDGE('',*,*,#7642,.T.);
#7642 = EDGE_CURVE('',#7635,#7643,#7645,.T.);
#7643 = VERTEX_POINT('',#7644);
#7644 = CARTESIAN_POINT('',(2.772040872589,-1.82,-5.551115123126E-17));
#7645 = CIRCLE('',#7646,0.25);
#7646 = AXIS2_PLACEMENT_3D('',#7647,#7648,#7649);
#7647 = CARTESIAN_POINT('',(2.772040872589,-1.82,0.25));
#7648 = DIRECTION('',(1.110223024625E-16,-1.,0.));
#7649 = DIRECTION('',(-0.984807753012,-1.093356242223E-16,
    -0.173648177667));
#7650 = ORIENTED_EDGE('',*,*,#7651,.T.);
#7651 = EDGE_CURVE('',#7643,#7652,#7654,.T.);
#7652 = VERTEX_POINT('',#7653);
#7653 = CARTESIAN_POINT('',(3.2,-1.82,-5.551115123126E-17));
#7654 = LINE('',#7655,#7656);
#7655 = CARTESIAN_POINT('',(2.772040872589,-1.82,-5.551115123126E-17));
#7656 = VECTOR('',#7657,1.);
#7657 = DIRECTION('',(1.,1.110223024625E-16,0.));
#7658 = ORIENTED_EDGE('',*,*,#7659,.T.);
#7659 = EDGE_CURVE('',#7652,#7660,#7662,.T.);
#7660 = VERTEX_POINT('',#7661);
#7661 = CARTESIAN_POINT('',(3.2,-1.82,0.15));
#7662 = LINE('',#7663,#7664);
#7663 = CARTESIAN_POINT('',(3.2,-1.82,-5.551115123126E-17));
#7664 = VECTOR('',#7665,1.);
#7665 = DIRECTION('',(0.,0.,1.));
#7666 = ORIENTED_EDGE('',*,*,#7667,.T.);
#7667 = EDGE_CURVE('',#7660,#7668,#7670,.T.);
#7668 = VERTEX_POINT('',#7669);
#7669 = CARTESIAN_POINT('',(2.772040872589,-1.82,0.15));
#7670 = LINE('',#7671,#7672);
#7671 = CARTESIAN_POINT('',(3.2,-1.82,0.15));
#7672 = VECTOR('',#7673,1.);
#7673 = DIRECTION('',(-1.,-1.110223024625E-16,0.));
#7674 = ORIENTED_EDGE('',*,*,#7675,.T.);
#7675 = EDGE_CURVE('',#7668,#7676,#7678,.T.);
#7676 = VERTEX_POINT('',#7677);
#7677 = CARTESIAN_POINT('',(2.673560097287,-1.82,0.232635182233));
#7678 = CIRCLE('',#7679,0.1);
#7679 = AXIS2_PLACEMENT_3D('',#7680,#7681,#7682);
#7680 = CARTESIAN_POINT('',(2.772040872589,-1.82,0.25));
#7681 = DIRECTION('',(-1.110223024625E-16,1.,0.));
#7682 = DIRECTION('',(0.,0.,-1.));
#7683 = ORIENTED_EDGE('',*,*,#7684,.T.);
#7684 = EDGE_CURVE('',#7676,#7685,#7687,.T.);
#7685 = VERTEX_POINT('',#7686);
#7686 = CARTESIAN_POINT('',(2.646201938253,-1.82,0.418412044417));
#7687 = LINE('',#7688,#7689);
#7688 = CARTESIAN_POINT('',(2.673560097287,-1.82,0.232635182233));
#7689 = VECTOR('',#7690,1.);
#7690 = DIRECTION('',(-0.145692235845,-1.617508747447E-17,0.989329961345
    ));
#7691 = ORIENTED_EDGE('',*,*,#7692,.T.);
#7692 = EDGE_CURVE('',#7685,#7693,#7695,.T.);
#7693 = VERTEX_POINT('',#7694);
#7694 = CARTESIAN_POINT('',(2.4,-1.82,0.625));
#7695 = CIRCLE('',#7696,0.25);
#7696 = AXIS2_PLACEMENT_3D('',#7697,#7698,#7699);
#7697 = CARTESIAN_POINT('',(2.4,-1.82,0.375));
#7698 = DIRECTION('',(1.110223024625E-16,-1.,0.));
#7699 = DIRECTION('',(0.984807753012,1.093356242223E-16,0.173648177667)
  );
#7700 = ORIENTED_EDGE('',*,*,#7701,.T.);
#7701 = EDGE_CURVE('',#7693,#4169,#7702,.T.);
#7702 = LINE('',#7703,#7704);
#7703 = CARTESIAN_POINT('',(2.4,-1.82,0.625));
#7704 = VECTOR('',#7705,1.);
#7705 = DIRECTION('',(-1.,-1.110223024625E-16,0.));
#7706 = PLANE('',#7707);
#7707 = AXIS2_PLACEMENT_3D('',#7708,#7709,#7710);
#7708 = CARTESIAN_POINT('',(2.637615762047,-1.82,0.292893776214));
#7709 = DIRECTION('',(1.110223024625E-16,-1.,0.));
#7710 = DIRECTION('',(0.,0.,1.));
#7711 = ADVANCED_FACE('',(#7712),#7731,.F.);
#7712 = FACE_BOUND('',#7713,.F.);
#7713 = EDGE_LOOP('',(#7714,#7715,#7724,#7730));
#7714 = ORIENTED_EDGE('',*,*,#4207,.T.);
#7715 = ORIENTED_EDGE('',*,*,#7716,.T.);
#7716 = EDGE_CURVE('',#4200,#7717,#7719,.T.);
#7717 = VERTEX_POINT('',#7718);
#7718 = CARTESIAN_POINT('',(2.498480775301,-2.08,0.392364817767));
#7719 = CIRCLE('',#7720,0.1);
#7720 = AXIS2_PLACEMENT_3D('',#7721,#7722,#7723);
#7721 = CARTESIAN_POINT('',(2.4,-2.08,0.375));
#7722 = DIRECTION('',(-1.110223024625E-16,1.,0.));
#7723 = DIRECTION('',(4.440892098501E-15,4.930380657631E-31,1.));
#7724 = ORIENTED_EDGE('',*,*,#7725,.F.);
#7725 = EDGE_CURVE('',#7626,#7717,#7726,.T.);
#7726 = LINE('',#7727,#7728);
#7727 = CARTESIAN_POINT('',(2.498480775301,-1.82,0.392364817767));
#7728 = VECTOR('',#7729,1.);
#7729 = DIRECTION('',(1.110223024625E-16,-1.,0.));
#7730 = ORIENTED_EDGE('',*,*,#7625,.F.);
#7731 = CYLINDRICAL_SURFACE('',#7732,0.1);
#7732 = AXIS2_PLACEMENT_3D('',#7733,#7734,#7735);
#7733 = CARTESIAN_POINT('',(2.4,-1.82,0.375));
#7734 = DIRECTION('',(-1.110223024625E-16,1.,0.));
#7735 = DIRECTION('',(4.440892098501E-15,4.930380657631E-31,1.));
#7736 = ADVANCED_FACE('',(#7737),#7815,.T.);
#7737 = FACE_BOUND('',#7738,.T.);
#7738 = EDGE_LOOP('',(#7739,#7740,#7741,#7742,#7750,#7759,#7767,#7775,
    #7783,#7792,#7800,#7809));
#7739 = ORIENTED_EDGE('',*,*,#4221,.F.);
#7740 = ORIENTED_EDGE('',*,*,#4199,.T.);
#7741 = ORIENTED_EDGE('',*,*,#7716,.T.);
#7742 = ORIENTED_EDGE('',*,*,#7743,.T.);
#7743 = EDGE_CURVE('',#7717,#7744,#7746,.T.);
#7744 = VERTEX_POINT('',#7745);
#7745 = CARTESIAN_POINT('',(2.525838934336,-2.08,0.206587955583));
#7746 = LINE('',#7747,#7748);
#7747 = CARTESIAN_POINT('',(2.498480775301,-2.08,0.392364817767));
#7748 = VECTOR('',#7749,1.);
#7749 = DIRECTION('',(0.145692235845,1.617508747447E-17,-0.989329961345)
  );
#7750 = ORIENTED_EDGE('',*,*,#7751,.T.);
#7751 = EDGE_CURVE('',#7744,#7752,#7754,.T.);
#7752 = VERTEX_POINT('',#7753);
#7753 = CARTESIAN_POINT('',(2.772040872589,-2.08,-5.551115123126E-17));
#7754 = CIRCLE('',#7755,0.25);
#7755 = AXIS2_PLACEMENT_3D('',#7756,#7757,#7758);
#7756 = CARTESIAN_POINT('',(2.772040872589,-2.08,0.25));
#7757 = DIRECTION('',(1.110223024625E-16,-1.,0.));
#7758 = DIRECTION('',(-0.984807753012,-1.093356242223E-16,
    -0.173648177667));
#7759 = ORIENTED_EDGE('',*,*,#7760,.T.);
#7760 = EDGE_CURVE('',#7752,#7761,#7763,.T.);
#7761 = VERTEX_POINT('',#7762);
#7762 = CARTESIAN_POINT('',(3.2,-2.08,-5.551115123126E-17));
#7763 = LINE('',#7764,#7765);
#7764 = CARTESIAN_POINT('',(2.772040872589,-2.08,-5.551115123126E-17));
#7765 = VECTOR('',#7766,1.);
#7766 = DIRECTION('',(1.,1.110223024625E-16,0.));
#7767 = ORIENTED_EDGE('',*,*,#7768,.T.);
#7768 = EDGE_CURVE('',#7761,#7769,#7771,.T.);
#7769 = VERTEX_POINT('',#7770);
#7770 = CARTESIAN_POINT('',(3.2,-2.08,0.15));
#7771 = LINE('',#7772,#7773);
#7772 = CARTESIAN_POINT('',(3.2,-2.08,-5.551115123126E-17));
#7773 = VECTOR('',#7774,1.);
#7774 = DIRECTION('',(0.,0.,1.));
#7775 = ORIENTED_EDGE('',*,*,#7776,.T.);
#7776 = EDGE_CURVE('',#7769,#7777,#7779,.T.);
#7777 = VERTEX_POINT('',#7778);
#7778 = CARTESIAN_POINT('',(2.772040872589,-2.08,0.15));
#7779 = LINE('',#7780,#7781);
#7780 = CARTESIAN_POINT('',(3.2,-2.08,0.15));
#7781 = VECTOR('',#7782,1.);
#7782 = DIRECTION('',(-1.,-1.110223024625E-16,0.));
#7783 = ORIENTED_EDGE('',*,*,#7784,.T.);
#7784 = EDGE_CURVE('',#7777,#7785,#7787,.T.);
#7785 = VERTEX_POINT('',#7786);
#7786 = CARTESIAN_POINT('',(2.673560097287,-2.08,0.232635182233));
#7787 = CIRCLE('',#7788,0.1);
#7788 = AXIS2_PLACEMENT_3D('',#7789,#7790,#7791);
#7789 = CARTESIAN_POINT('',(2.772040872589,-2.08,0.25));
#7790 = DIRECTION('',(-1.110223024625E-16,1.,0.));
#7791 = DIRECTION('',(0.,0.,-1.));
#7792 = ORIENTED_EDGE('',*,*,#7793,.T.);
#7793 = EDGE_CURVE('',#7785,#7794,#7796,.T.);
#7794 = VERTEX_POINT('',#7795);
#7795 = CARTESIAN_POINT('',(2.646201938253,-2.08,0.418412044417));
#7796 = LINE('',#7797,#7798);
#7797 = CARTESIAN_POINT('',(2.673560097287,-2.08,0.232635182233));
#7798 = VECTOR('',#7799,1.);
#7799 = DIRECTION('',(-0.145692235845,-1.617508747447E-17,0.989329961345
    ));
#7800 = ORIENTED_EDGE('',*,*,#7801,.T.);
#7801 = EDGE_CURVE('',#7794,#7802,#7804,.T.);
#7802 = VERTEX_POINT('',#7803);
#7803 = CARTESIAN_POINT('',(2.4,-2.08,0.625));
#7804 = CIRCLE('',#7805,0.25);
#7805 = AXIS2_PLACEMENT_3D('',#7806,#7807,#7808);
#7806 = CARTESIAN_POINT('',(2.4,-2.08,0.375));
#7807 = DIRECTION('',(1.110223024625E-16,-1.,0.));
#7808 = DIRECTION('',(0.984807753012,1.093356242223E-16,0.173648177667)
  );
#7809 = ORIENTED_EDGE('',*,*,#7810,.T.);
#7810 = EDGE_CURVE('',#7802,#4222,#7811,.T.);
#7811 = LINE('',#7812,#7813);
#7812 = CARTESIAN_POINT('',(2.4,-2.08,0.625));
#7813 = VECTOR('',#7814,1.);
#7814 = DIRECTION('',(-1.,-1.110223024625E-16,0.));
#7815 = PLANE('',#7816);
#7816 = AXIS2_PLACEMENT_3D('',#7817,#7818,#7819);
#7817 = CARTESIAN_POINT('',(2.637615762047,-2.08,0.292893776214));
#7818 = DIRECTION('',(1.110223024625E-16,-1.,0.));
#7819 = DIRECTION('',(0.,0.,1.));
#7820 = ADVANCED_FACE('',(#7821),#7832,.T.);
#7821 = FACE_BOUND('',#7822,.T.);
#7822 = EDGE_LOOP('',(#7823,#7824,#7825,#7826));
#7823 = ORIENTED_EDGE('',*,*,#6186,.T.);
#7824 = ORIENTED_EDGE('',*,*,#4322,.T.);
#7825 = ORIENTED_EDGE('',*,*,#6288,.F.);
#7826 = ORIENTED_EDGE('',*,*,#7827,.F.);
#7827 = EDGE_CURVE('',#6179,#6281,#7828,.T.);
#7828 = LINE('',#7829,#7830);
#7829 = CARTESIAN_POINT('',(-2.646201938253,1.82,0.418412044417));
#7830 = VECTOR('',#7831,1.);
#7831 = DIRECTION('',(1.144237745222E-17,1.,0.));
#7832 = CYLINDRICAL_SURFACE('',#7833,0.25);
#7833 = AXIS2_PLACEMENT_3D('',#7834,#7835,#7836);
#7834 = CARTESIAN_POINT('',(-2.4,1.82,0.375));
#7835 = DIRECTION('',(-1.144237745222E-17,-1.,0.));
#7836 = DIRECTION('',(-0.984807753012,1.126854202784E-17,0.173648177667)
  );
#7837 = ADVANCED_FACE('',(#7838),#7851,.F.);
#7838 = FACE_BOUND('',#7839,.F.);
#7839 = EDGE_LOOP('',(#7840,#7841,#7847,#7848,#7849,#7850));
#7840 = ORIENTED_EDGE('',*,*,#4862,.F.);
#7841 = ORIENTED_EDGE('',*,*,#7842,.T.);
#7842 = EDGE_CURVE('',#4854,#4963,#7843,.T.);
#7843 = LINE('',#7844,#7845);
#7844 = CARTESIAN_POINT('',(-2.4,-2.08,0.625));
#7845 = VECTOR('',#7846,1.);
#7846 = DIRECTION('',(1.144237745222E-17,1.,0.));
#7847 = ORIENTED_EDGE('',*,*,#4971,.T.);
#7848 = ORIENTED_EDGE('',*,*,#4993,.T.);
#7849 = ORIENTED_EDGE('',*,*,#4369,.F.);
#7850 = ORIENTED_EDGE('',*,*,#4736,.F.);
#7851 = PLANE('',#7852);
#7852 = AXIS2_PLACEMENT_3D('',#7853,#7854,#7855);
#7853 = CARTESIAN_POINT('',(-2.4,-2.08,0.625));
#7854 = DIRECTION('',(0.,0.,-1.));
#7855 = DIRECTION('',(1.,-1.144237745222E-17,0.));
#7856 = ADVANCED_FACE('',(#7857),#7870,.F.);
#7857 = FACE_BOUND('',#7858,.F.);
#7858 = EDGE_LOOP('',(#7859,#7860,#7866,#7867,#7868,#7869));
#7859 = ORIENTED_EDGE('',*,*,#5085,.F.);
#7860 = ORIENTED_EDGE('',*,*,#7861,.T.);
#7861 = EDGE_CURVE('',#5077,#5186,#7862,.T.);
#7862 = LINE('',#7863,#7864);
#7863 = CARTESIAN_POINT('',(-2.4,-1.43,0.625));
#7864 = VECTOR('',#7865,1.);
#7865 = DIRECTION('',(1.144237745222E-17,1.,0.));
#7866 = ORIENTED_EDGE('',*,*,#5194,.T.);
#7867 = ORIENTED_EDGE('',*,*,#5216,.T.);
#7868 = ORIENTED_EDGE('',*,*,#4385,.F.);
#7869 = ORIENTED_EDGE('',*,*,#4986,.F.);
#7870 = PLANE('',#7871);
#7871 = AXIS2_PLACEMENT_3D('',#7872,#7873,#7874);
#7872 = CARTESIAN_POINT('',(-2.4,-1.43,0.625));
#7873 = DIRECTION('',(0.,0.,-1.));
#7874 = DIRECTION('',(1.,-1.144237745222E-17,0.));
#7875 = ADVANCED_FACE('',(#7876),#7889,.F.);
#7876 = FACE_BOUND('',#7877,.F.);
#7877 = EDGE_LOOP('',(#7878,#7879,#7885,#7886,#7887,#7888));
#7878 = ORIENTED_EDGE('',*,*,#5308,.F.);
#7879 = ORIENTED_EDGE('',*,*,#7880,.T.);
#7880 = EDGE_CURVE('',#5300,#5409,#7881,.T.);
#7881 = LINE('',#7882,#7883);
#7882 = CARTESIAN_POINT('',(-2.4,-0.78,0.625));
#7883 = VECTOR('',#7884,1.);
#7884 = DIRECTION('',(1.144237745222E-17,1.,0.));
#7885 = ORIENTED_EDGE('',*,*,#5417,.T.);
#7886 = ORIENTED_EDGE('',*,*,#5439,.T.);
#7887 = ORIENTED_EDGE('',*,*,#4401,.F.);
#7888 = ORIENTED_EDGE('',*,*,#5209,.F.);
#7889 = PLANE('',#7890);
#7890 = AXIS2_PLACEMENT_3D('',#7891,#7892,#7893);
#7891 = CARTESIAN_POINT('',(-2.4,-0.78,0.625));
#7892 = DIRECTION('',(0.,0.,-1.));
#7893 = DIRECTION('',(1.,-1.144237745222E-17,0.));
#7894 = ADVANCED_FACE('',(#7895),#7908,.F.);
#7895 = FACE_BOUND('',#7896,.F.);
#7896 = EDGE_LOOP('',(#7897,#7898,#7904,#7905,#7906,#7907));
#7897 = ORIENTED_EDGE('',*,*,#5531,.F.);
#7898 = ORIENTED_EDGE('',*,*,#7899,.T.);
#7899 = EDGE_CURVE('',#5523,#5632,#7900,.T.);
#7900 = LINE('',#7901,#7902);
#7901 = CARTESIAN_POINT('',(-2.4,-0.13,0.625));
#7902 = VECTOR('',#7903,1.);
#7903 = DIRECTION('',(1.144237745222E-17,1.,0.));
#7904 = ORIENTED_EDGE('',*,*,#5640,.T.);
#7905 = ORIENTED_EDGE('',*,*,#5662,.T.);
#7906 = ORIENTED_EDGE('',*,*,#4417,.F.);
#7907 = ORIENTED_EDGE('',*,*,#5432,.F.);
#7908 = PLANE('',#7909);
#7909 = AXIS2_PLACEMENT_3D('',#7910,#7911,#7912);
#7910 = CARTESIAN_POINT('',(-2.4,-0.13,0.625));
#7911 = DIRECTION('',(0.,0.,-1.));
#7912 = DIRECTION('',(1.,-1.144237745222E-17,0.));
#7913 = ADVANCED_FACE('',(#7914),#7927,.F.);
#7914 = FACE_BOUND('',#7915,.F.);
#7915 = EDGE_LOOP('',(#7916,#7917,#7923,#7924,#7925,#7926));
#7916 = ORIENTED_EDGE('',*,*,#5754,.F.);
#7917 = ORIENTED_EDGE('',*,*,#7918,.T.);
#7918 = EDGE_CURVE('',#5746,#5855,#7919,.T.);
#7919 = LINE('',#7920,#7921);
#7920 = CARTESIAN_POINT('',(-2.4,0.52,0.625));
#7921 = VECTOR('',#7922,1.);
#7922 = DIRECTION('',(1.144237745222E-17,1.,0.));
#7923 = ORIENTED_EDGE('',*,*,#5863,.T.);
#7924 = ORIENTED_EDGE('',*,*,#5885,.T.);
#7925 = ORIENTED_EDGE('',*,*,#4433,.F.);
#7926 = ORIENTED_EDGE('',*,*,#5655,.F.);
#7927 = PLANE('',#7928);
#7928 = AXIS2_PLACEMENT_3D('',#7929,#7930,#7931);
#7929 = CARTESIAN_POINT('',(-2.4,0.52,0.625));
#7930 = DIRECTION('',(0.,0.,-1.));
#7931 = DIRECTION('',(1.,-1.144237745222E-17,0.));
#7932 = ADVANCED_FACE('',(#7933),#7946,.F.);
#7933 = FACE_BOUND('',#7934,.F.);
#7934 = EDGE_LOOP('',(#7935,#7936,#7942,#7943,#7944,#7945));
#7935 = ORIENTED_EDGE('',*,*,#5977,.F.);
#7936 = ORIENTED_EDGE('',*,*,#7937,.T.);
#7937 = EDGE_CURVE('',#5969,#6078,#7938,.T.);
#7938 = LINE('',#7939,#7940);
#7939 = CARTESIAN_POINT('',(-2.4,1.17,0.625));
#7940 = VECTOR('',#7941,1.);
#7941 = DIRECTION('',(1.144237745222E-17,1.,0.));
#7942 = ORIENTED_EDGE('',*,*,#6086,.T.);
#7943 = ORIENTED_EDGE('',*,*,#6103,.T.);
#7944 = ORIENTED_EDGE('',*,*,#4449,.F.);
#7945 = ORIENTED_EDGE('',*,*,#5878,.F.);
#7946 = PLANE('',#7947);
#7947 = AXIS2_PLACEMENT_3D('',#7948,#7949,#7950);
#7948 = CARTESIAN_POINT('',(-2.4,1.17,0.625));
#7949 = DIRECTION('',(0.,0.,-1.));
#7950 = DIRECTION('',(1.,-1.144237745222E-17,0.));
#7951 = ADVANCED_FACE('',(#7952,#7981),#7992,.T.);
#7952 = FACE_BOUND('',#7953,.T.);
#7953 = EDGE_LOOP('',(#7954,#7955,#7956,#7957,#7965,#7973,#7979,#7980));
#7954 = ORIENTED_EDGE('',*,*,#4524,.F.);
#7955 = ORIENTED_EDGE('',*,*,#4501,.F.);
#7956 = ORIENTED_EDGE('',*,*,#4472,.F.);
#7957 = ORIENTED_EDGE('',*,*,#7958,.F.);
#7958 = EDGE_CURVE('',#7959,#4473,#7961,.T.);
#7959 = VERTEX_POINT('',#7960);
#7960 = CARTESIAN_POINT('',(-1.935145644687,-2.370291289374,1.));
#7961 = LINE('',#7962,#7963);
#7962 = CARTESIAN_POINT('',(-1.935145644687,-2.370291289374,1.));
#7963 = VECTOR('',#7964,1.);
#7964 = DIRECTION('',(-0.707106781187,0.707106781187,0.));
#7965 = ORIENTED_EDGE('',*,*,#7966,.F.);
#7966 = EDGE_CURVE('',#7967,#7959,#7969,.T.);
#7967 = VERTEX_POINT('',#7968);
#7968 = CARTESIAN_POINT('',(1.935145644687,-2.370291289374,1.));
#7969 = LINE('',#7970,#7971);
#7970 = CARTESIAN_POINT('',(1.935145644687,-2.370291289374,1.));
#7971 = VECTOR('',#7972,1.);
#7972 = DIRECTION('',(-1.,-1.110223024625E-16,0.));
#7973 = ORIENTED_EDGE('',*,*,#7974,.F.);
#7974 = EDGE_CURVE('',#4676,#7967,#7975,.T.);
#7975 = LINE('',#7976,#7977);
#7976 = CARTESIAN_POINT('',(2.070291289374,-2.235145644687,1.));
#7977 = VECTOR('',#7978,1.);
#7978 = DIRECTION('',(-0.707106781187,-0.707106781187,0.));
#7979 = ORIENTED_EDGE('',*,*,#4682,.F.);
#7980 = ORIENTED_EDGE('',*,*,#4547,.F.);
#7981 = FACE_BOUND('',#7982,.T.);
#7982 = EDGE_LOOP('',(#7983));
#7983 = ORIENTED_EDGE('',*,*,#7984,.T.);
#7984 = EDGE_CURVE('',#7985,#7985,#7987,.T.);
#7985 = VERTEX_POINT('',#7986);
#7986 = CARTESIAN_POINT('',(-1.370291289374,1.420291289374,1.));
#7987 = CIRCLE('',#7988,0.25);
#7988 = AXIS2_PLACEMENT_3D('',#7989,#7990,#7991);
#7989 = CARTESIAN_POINT('',(-1.370291289374,1.670291289374,1.));
#7990 = DIRECTION('',(0.,-0.,-1.));
#7991 = DIRECTION('',(1.110223024625E-16,-1.,0.));
#7992 = PLANE('',#7993);
#7993 = AXIS2_PLACEMENT_3D('',#7994,#7995,#7996);
#7994 = CARTESIAN_POINT('',(-1.935145644687,2.370291289374,1.));
#7995 = DIRECTION('',(0.,0.,1.));
#7996 = DIRECTION('',(0.632418454006,-0.774626941845,0.));
#7997 = ADVANCED_FACE('',(#7998),#8008,.F.);
#7998 = FACE_BOUND('',#7999,.F.);
#7999 = EDGE_LOOP('',(#8000,#8001,#8002,#8003));
#8000 = ORIENTED_EDGE('',*,*,#4743,.T.);
#8001 = ORIENTED_EDGE('',*,*,#4480,.T.);
#8002 = ORIENTED_EDGE('',*,*,#7958,.F.);
#8003 = ORIENTED_EDGE('',*,*,#8004,.F.);
#8004 = EDGE_CURVE('',#4744,#7959,#8005,.T.);
#8005 = B_SPLINE_CURVE_WITH_KNOTS('',1,(#8006,#8007),.UNSPECIFIED.,.F.,
  .F.,(2,2),(0.,1.),.PIECEWISE_BEZIER_KNOTS.);
#8006 = CARTESIAN_POINT('',(-1.975,-2.45,0.625));
#8007 = CARTESIAN_POINT('',(-1.935145644687,-2.370291289374,1.));
#8008 = B_SPLINE_SURFACE_WITH_KNOTS('',1,1,(
    (#8009,#8010)
    ,(#8011,#8012
    )),.UNSPECIFIED.,.F.,.F.,.F.,(2,2),(2,2),(0.,0.247487373415),(0.,1.)
  ,.PIECEWISE_BEZIER_KNOTS.);
#8009 = CARTESIAN_POINT('',(-1.975,-2.45,0.625));
#8010 = CARTESIAN_POINT('',(-1.935145644687,-2.370291289374,1.));
#8011 = CARTESIAN_POINT('',(-2.15,-2.275,0.625));
#8012 = CARTESIAN_POINT('',(-2.070291289374,-2.235145644687,1.));
#8013 = ADVANCED_FACE('',(#8014),#8027,.F.);
#8014 = FACE_BOUND('',#8015,.F.);
#8015 = EDGE_LOOP('',(#8016,#8017,#8023,#8024,#8025,#8026));
#8016 = ORIENTED_EDGE('',*,*,#6586,.F.);
#8017 = ORIENTED_EDGE('',*,*,#8018,.T.);
#8018 = EDGE_CURVE('',#6578,#6687,#8019,.T.);
#8019 = LINE('',#8020,#8021);
#8020 = CARTESIAN_POINT('',(2.4,1.43,0.625));
#8021 = VECTOR('',#8022,1.);
#8022 = DIRECTION('',(1.110223024625E-16,-1.,0.));
#8023 = ORIENTED_EDGE('',*,*,#6695,.T.);
#8024 = ORIENTED_EDGE('',*,*,#6709,.T.);
#8025 = ORIENTED_EDGE('',*,*,#4579,.F.);
#8026 = ORIENTED_EDGE('',*,*,#6493,.F.);
#8027 = PLANE('',#8028);
#8028 = AXIS2_PLACEMENT_3D('',#8029,#8030,#8031);
#8029 = CARTESIAN_POINT('',(2.4,1.43,0.625));
#8030 = DIRECTION('',(0.,0.,-1.));
#8031 = DIRECTION('',(-1.,-1.110223024625E-16,-0.));
#8032 = ADVANCED_FACE('',(#8033),#8046,.F.);
#8033 = FACE_BOUND('',#8034,.F.);
#8034 = EDGE_LOOP('',(#8035,#8036,#8042,#8043,#8044,#8045));
#8035 = ORIENTED_EDGE('',*,*,#6809,.F.);
#8036 = ORIENTED_EDGE('',*,*,#8037,.T.);
#8037 = EDGE_CURVE('',#6801,#6910,#8038,.T.);
#8038 = LINE('',#8039,#8040);
#8039 = CARTESIAN_POINT('',(2.4,0.78,0.625));
#8040 = VECTOR('',#8041,1.);
#8041 = DIRECTION('',(1.110223024625E-16,-1.,0.));
#8042 = ORIENTED_EDGE('',*,*,#6918,.T.);
#8043 = ORIENTED_EDGE('',*,*,#6932,.T.);
#8044 = ORIENTED_EDGE('',*,*,#4595,.F.);
#8045 = ORIENTED_EDGE('',*,*,#6716,.F.);
#8046 = PLANE('',#8047);
#8047 = AXIS2_PLACEMENT_3D('',#8048,#8049,#8050);
#8048 = CARTESIAN_POINT('',(2.4,0.78,0.625));
#8049 = DIRECTION('',(0.,0.,-1.));
#8050 = DIRECTION('',(-1.,-1.110223024625E-16,-0.));
#8051 = ADVANCED_FACE('',(#8052),#8065,.F.);
#8052 = FACE_BOUND('',#8053,.F.);
#8053 = EDGE_LOOP('',(#8054,#8055,#8061,#8062,#8063,#8064));
#8054 = ORIENTED_EDGE('',*,*,#7032,.F.);
#8055 = ORIENTED_EDGE('',*,*,#8056,.T.);
#8056 = EDGE_CURVE('',#7024,#7133,#8057,.T.);
#8057 = LINE('',#8058,#8059);
#8058 = CARTESIAN_POINT('',(2.4,0.13,0.625));
#8059 = VECTOR('',#8060,1.);
#8060 = DIRECTION('',(1.110223024625E-16,-1.,0.));
#8061 = ORIENTED_EDGE('',*,*,#7141,.T.);
#8062 = ORIENTED_EDGE('',*,*,#7155,.T.);
#8063 = ORIENTED_EDGE('',*,*,#4611,.F.);
#8064 = ORIENTED_EDGE('',*,*,#6939,.F.);
#8065 = PLANE('',#8066);
#8066 = AXIS2_PLACEMENT_3D('',#8067,#8068,#8069);
#8067 = CARTESIAN_POINT('',(2.4,0.13,0.625));
#8068 = DIRECTION('',(0.,0.,-1.));
#8069 = DIRECTION('',(-1.,-1.110223024625E-16,-0.));
#8070 = ADVANCED_FACE('',(#8071),#8084,.F.);
#8071 = FACE_BOUND('',#8072,.F.);
#8072 = EDGE_LOOP('',(#8073,#8074,#8080,#8081,#8082,#8083));
#8073 = ORIENTED_EDGE('',*,*,#7255,.F.);
#8074 = ORIENTED_EDGE('',*,*,#8075,.T.);
#8075 = EDGE_CURVE('',#7247,#7356,#8076,.T.);
#8076 = LINE('',#8077,#8078);
#8077 = CARTESIAN_POINT('',(2.4,-0.52,0.625));
#8078 = VECTOR('',#8079,1.);
#8079 = DIRECTION('',(1.110223024625E-16,-1.,0.));
#8080 = ORIENTED_EDGE('',*,*,#7364,.T.);
#8081 = ORIENTED_EDGE('',*,*,#7378,.T.);
#8082 = ORIENTED_EDGE('',*,*,#4627,.F.);
#8083 = ORIENTED_EDGE('',*,*,#7162,.F.);
#8084 = PLANE('',#8085);
#8085 = AXIS2_PLACEMENT_3D('',#8086,#8087,#8088);
#8086 = CARTESIAN_POINT('',(2.4,-0.52,0.625));
#8087 = DIRECTION('',(0.,0.,-1.));
#8088 = DIRECTION('',(-1.,-1.110223024625E-16,-0.));
#8089 = ADVANCED_FACE('',(#8090),#8103,.F.);
#8090 = FACE_BOUND('',#8091,.F.);
#8091 = EDGE_LOOP('',(#8092,#8093,#8099,#8100,#8101,#8102));
#8092 = ORIENTED_EDGE('',*,*,#7478,.F.);
#8093 = ORIENTED_EDGE('',*,*,#8094,.T.);
#8094 = EDGE_CURVE('',#7470,#7579,#8095,.T.);
#8095 = LINE('',#8096,#8097);
#8096 = CARTESIAN_POINT('',(2.4,-1.17,0.625));
#8097 = VECTOR('',#8098,1.);
#8098 = DIRECTION('',(1.110223024625E-16,-1.,0.));
#8099 = ORIENTED_EDGE('',*,*,#7587,.T.);
#8100 = ORIENTED_EDGE('',*,*,#7601,.T.);
#8101 = ORIENTED_EDGE('',*,*,#4643,.F.);
#8102 = ORIENTED_EDGE('',*,*,#7385,.F.);
#8103 = PLANE('',#8104);
#8104 = AXIS2_PLACEMENT_3D('',#8105,#8106,#8107);
#8105 = CARTESIAN_POINT('',(2.4,-1.17,0.625));
#8106 = DIRECTION('',(0.,0.,-1.));
#8107 = DIRECTION('',(-1.,-1.110223024625E-16,-0.));
#8108 = ADVANCED_FACE('',(#8109),#8122,.F.);
#8109 = FACE_BOUND('',#8110,.F.);
#8110 = EDGE_LOOP('',(#8111,#8112,#8118,#8119,#8120,#8121));
#8111 = ORIENTED_EDGE('',*,*,#7701,.F.);
#8112 = ORIENTED_EDGE('',*,*,#8113,.T.);
#8113 = EDGE_CURVE('',#7693,#7802,#8114,.T.);
#8114 = LINE('',#8115,#8116);
#8115 = CARTESIAN_POINT('',(2.4,-1.82,0.625));
#8116 = VECTOR('',#8117,1.);
#8117 = DIRECTION('',(1.110223024625E-16,-1.,0.));
#8118 = ORIENTED_EDGE('',*,*,#7810,.T.);
#8119 = ORIENTED_EDGE('',*,*,#4766,.T.);
#8120 = ORIENTED_EDGE('',*,*,#4659,.F.);
#8121 = ORIENTED_EDGE('',*,*,#7608,.F.);
#8122 = PLANE('',#8123);
#8123 = AXIS2_PLACEMENT_3D('',#8124,#8125,#8126);
#8124 = CARTESIAN_POINT('',(2.4,-1.82,0.625));
#8125 = DIRECTION('',(0.,0.,-1.));
#8126 = DIRECTION('',(-1.,-1.110223024625E-16,-0.));
#8127 = ADVANCED_FACE('',(#8128),#8138,.F.);
#8128 = FACE_BOUND('',#8129,.F.);
#8129 = EDGE_LOOP('',(#8130,#8131,#8136,#8137));
#8130 = ORIENTED_EDGE('',*,*,#4759,.T.);
#8131 = ORIENTED_EDGE('',*,*,#8132,.T.);
#8132 = EDGE_CURVE('',#4752,#7967,#8133,.T.);
#8133 = B_SPLINE_CURVE_WITH_KNOTS('',1,(#8134,#8135),.UNSPECIFIED.,.F.,
  .F.,(2,2),(0.,1.),.PIECEWISE_BEZIER_KNOTS.);
#8134 = CARTESIAN_POINT('',(1.975,-2.45,0.625));
#8135 = CARTESIAN_POINT('',(1.935145644687,-2.370291289374,1.));
#8136 = ORIENTED_EDGE('',*,*,#7974,.F.);
#8137 = ORIENTED_EDGE('',*,*,#4675,.F.);
#8138 = B_SPLINE_SURFACE_WITH_KNOTS('',1,1,(
    (#8139,#8140)
    ,(#8141,#8142
    )),.UNSPECIFIED.,.F.,.F.,.F.,(2,2),(2,2),(0.,0.247487373415),(0.,1.)
  ,.PIECEWISE_BEZIER_KNOTS.);
#8139 = CARTESIAN_POINT('',(2.15,-2.275,0.625));
#8140 = CARTESIAN_POINT('',(2.070291289374,-2.235145644687,1.));
#8141 = CARTESIAN_POINT('',(1.975,-2.45,0.625));
#8142 = CARTESIAN_POINT('',(1.935145644687,-2.370291289374,1.));
#8143 = ADVANCED_FACE('',(#8144),#8155,.T.);
#8144 = FACE_BOUND('',#8145,.T.);
#8145 = EDGE_LOOP('',(#8146,#8147,#8148,#8149));
#8146 = ORIENTED_EDGE('',*,*,#6373,.T.);
#8147 = ORIENTED_EDGE('',*,*,#4705,.T.);
#8148 = ORIENTED_EDGE('',*,*,#6475,.F.);
#8149 = ORIENTED_EDGE('',*,*,#8150,.F.);
#8150 = EDGE_CURVE('',#6366,#6468,#8151,.T.);
#8151 = LINE('',#8152,#8153);
#8152 = CARTESIAN_POINT('',(2.646201938253,2.08,0.418412044417));
#8153 = VECTOR('',#8154,1.);
#8154 = DIRECTION('',(1.110223024625E-16,-1.,0.));
#8155 = CYLINDRICAL_SURFACE('',#8156,0.25);
#8156 = AXIS2_PLACEMENT_3D('',#8157,#8158,#8159);
#8157 = CARTESIAN_POINT('',(2.4,2.08,0.375));
#8158 = DIRECTION('',(-1.110223024625E-16,1.,0.));
#8159 = DIRECTION('',(0.984807753012,1.093356242223E-16,0.173648177667)
  );
#8160 = ADVANCED_FACE('',(#8161),#8167,.F.);
#8161 = FACE_BOUND('',#8162,.F.);
#8162 = EDGE_LOOP('',(#8163,#8164,#8165,#8166));
#8163 = ORIENTED_EDGE('',*,*,#4751,.T.);
#8164 = ORIENTED_EDGE('',*,*,#8004,.T.);
#8165 = ORIENTED_EDGE('',*,*,#7966,.F.);
#8166 = ORIENTED_EDGE('',*,*,#8132,.F.);
#8167 = B_SPLINE_SURFACE_WITH_KNOTS('',1,1,(
    (#8168,#8169)
    ,(#8170,#8171
    )),.UNSPECIFIED.,.F.,.F.,.F.,(2,2),(2,2),(0.,3.95),(0.,1.),
  .PIECEWISE_BEZIER_KNOTS.);
#8168 = CARTESIAN_POINT('',(1.975,-2.45,0.625));
#8169 = CARTESIAN_POINT('',(1.935145644687,-2.370291289374,1.));
#8170 = CARTESIAN_POINT('',(-1.975,-2.45,0.625));
#8171 = CARTESIAN_POINT('',(-1.935145644687,-2.370291289374,1.));
#8172 = ADVANCED_FACE('',(#8173),#8184,.T.);
#8173 = FACE_BOUND('',#8174,.T.);
#8174 = EDGE_LOOP('',(#8175,#8176,#8177,#8178));
#8175 = ORIENTED_EDGE('',*,*,#4853,.T.);
#8176 = ORIENTED_EDGE('',*,*,#7842,.T.);
#8177 = ORIENTED_EDGE('',*,*,#4962,.F.);
#8178 = ORIENTED_EDGE('',*,*,#8179,.F.);
#8179 = EDGE_CURVE('',#4846,#4955,#8180,.T.);
#8180 = LINE('',#8181,#8182);
#8181 = CARTESIAN_POINT('',(-2.646201938253,-2.08,0.418412044417));
#8182 = VECTOR('',#8183,1.);
#8183 = DIRECTION('',(1.144237745222E-17,1.,0.));
#8184 = CYLINDRICAL_SURFACE('',#8185,0.25);
#8185 = AXIS2_PLACEMENT_3D('',#8186,#8187,#8188);
#8186 = CARTESIAN_POINT('',(-2.4,-2.08,0.375));
#8187 = DIRECTION('',(-1.144237745222E-17,-1.,0.));
#8188 = DIRECTION('',(-0.984807753012,1.126854202784E-17,0.173648177667)
  );
#8189 = ADVANCED_FACE('',(#8190),#8201,.F.);
#8190 = FACE_BOUND('',#8191,.F.);
#8191 = EDGE_LOOP('',(#8192,#8198,#8199,#8200));
#8192 = ORIENTED_EDGE('',*,*,#8193,.T.);
#8193 = EDGE_CURVE('',#4837,#4946,#8194,.T.);
#8194 = LINE('',#8195,#8196);
#8195 = CARTESIAN_POINT('',(-2.673560097287,-2.08,0.232635182233));
#8196 = VECTOR('',#8197,1.);
#8197 = DIRECTION('',(1.144237745222E-17,1.,0.));
#8198 = ORIENTED_EDGE('',*,*,#4954,.T.);
#8199 = ORIENTED_EDGE('',*,*,#8179,.F.);
#8200 = ORIENTED_EDGE('',*,*,#4845,.F.);
#8201 = PLANE('',#8202);
#8202 = AXIS2_PLACEMENT_3D('',#8203,#8204,#8205);
#8203 = CARTESIAN_POINT('',(-2.673560097287,-2.08,0.232635182233));
#8204 = DIRECTION('',(0.989329961345,-1.13202868425E-17,-0.145692235845)
  );
#8205 = DIRECTION('',(0.145692235845,-1.667065554401E-18,0.989329961345)
  );
#8206 = ADVANCED_FACE('',(#8207),#8218,.F.);
#8207 = FACE_BOUND('',#8208,.F.);
#8208 = EDGE_LOOP('',(#8209,#8215,#8216,#8217));
#8209 = ORIENTED_EDGE('',*,*,#8210,.T.);
#8210 = EDGE_CURVE('',#4829,#4938,#8211,.T.);
#8211 = LINE('',#8212,#8213);
#8212 = CARTESIAN_POINT('',(-2.772040872589,-2.08,0.15));
#8213 = VECTOR('',#8214,1.);
#8214 = DIRECTION('',(1.144237745222E-17,1.,0.));
#8215 = ORIENTED_EDGE('',*,*,#4945,.T.);
#8216 = ORIENTED_EDGE('',*,*,#8193,.F.);
#8217 = ORIENTED_EDGE('',*,*,#4836,.F.);
#8218 = CYLINDRICAL_SURFACE('',#8219,0.1);
#8219 = AXIS2_PLACEMENT_3D('',#8220,#8221,#8222);
#8220 = CARTESIAN_POINT('',(-2.772040872589,-2.08,0.25));
#8221 = DIRECTION('',(-1.144237745222E-17,-1.,0.));
#8222 = DIRECTION('',(-0.,0.,-1.));
#8223 = ADVANCED_FACE('',(#8224),#8235,.F.);
#8224 = FACE_BOUND('',#8225,.F.);
#8225 = EDGE_LOOP('',(#8226,#8232,#8233,#8234));
#8226 = ORIENTED_EDGE('',*,*,#8227,.T.);
#8227 = EDGE_CURVE('',#4821,#4930,#8228,.T.);
#8228 = LINE('',#8229,#8230);
#8229 = CARTESIAN_POINT('',(-3.2,-2.08,0.15));
#8230 = VECTOR('',#8231,1.);
#8231 = DIRECTION('',(1.144237745222E-17,1.,0.));
#8232 = ORIENTED_EDGE('',*,*,#4937,.T.);
#8233 = ORIENTED_EDGE('',*,*,#8210,.F.);
#8234 = ORIENTED_EDGE('',*,*,#4828,.F.);
#8235 = PLANE('',#8236);
#8236 = AXIS2_PLACEMENT_3D('',#8237,#8238,#8239);
#8237 = CARTESIAN_POINT('',(-3.2,-2.08,0.15));
#8238 = DIRECTION('',(0.,0.,-1.));
#8239 = DIRECTION('',(1.,-1.144237745222E-17,0.));
#8240 = ADVANCED_FACE('',(#8241),#8252,.F.);
#8241 = FACE_BOUND('',#8242,.F.);
#8242 = EDGE_LOOP('',(#8243,#8249,#8250,#8251));
#8243 = ORIENTED_EDGE('',*,*,#8244,.T.);
#8244 = EDGE_CURVE('',#4813,#4922,#8245,.T.);
#8245 = LINE('',#8246,#8247);
#8246 = CARTESIAN_POINT('',(-3.2,-2.08,-5.551115123126E-17));
#8247 = VECTOR('',#8248,1.);
#8248 = DIRECTION('',(1.144237745222E-17,1.,0.));
#8249 = ORIENTED_EDGE('',*,*,#4929,.T.);
#8250 = ORIENTED_EDGE('',*,*,#8227,.F.);
#8251 = ORIENTED_EDGE('',*,*,#4820,.F.);
#8252 = PLANE('',#8253);
#8253 = AXIS2_PLACEMENT_3D('',#8254,#8255,#8256);
#8254 = CARTESIAN_POINT('',(-3.2,-2.08,-5.551115123126E-17));
#8255 = DIRECTION('',(1.,-1.144237745222E-17,0.));
#8256 = DIRECTION('',(0.,0.,1.));
#8257 = ADVANCED_FACE('',(#8258),#8269,.F.);
#8258 = FACE_BOUND('',#8259,.F.);
#8259 = EDGE_LOOP('',(#8260,#8266,#8267,#8268));
#8260 = ORIENTED_EDGE('',*,*,#8261,.T.);
#8261 = EDGE_CURVE('',#4804,#4913,#8262,.T.);
#8262 = LINE('',#8263,#8264);
#8263 = CARTESIAN_POINT('',(-2.772040872589,-2.08,-5.551115123126E-17));
#8264 = VECTOR('',#8265,1.);
#8265 = DIRECTION('',(1.144237745222E-17,1.,0.));
#8266 = ORIENTED_EDGE('',*,*,#4921,.T.);
#8267 = ORIENTED_EDGE('',*,*,#8244,.F.);
#8268 = ORIENTED_EDGE('',*,*,#4812,.F.);
#8269 = PLANE('',#8270);
#8270 = AXIS2_PLACEMENT_3D('',#8271,#8272,#8273);
#8271 = CARTESIAN_POINT('',(-2.772040872589,-2.08,-5.551115123126E-17));
#8272 = DIRECTION('',(0.,0.,1.));
#8273 = DIRECTION('',(-1.,1.144237745222E-17,0.));
#8274 = ADVANCED_FACE('',(#8275),#8286,.T.);
#8275 = FACE_BOUND('',#8276,.T.);
#8276 = EDGE_LOOP('',(#8277,#8278,#8279,#8280));
#8277 = ORIENTED_EDGE('',*,*,#4803,.T.);
#8278 = ORIENTED_EDGE('',*,*,#8261,.T.);
#8279 = ORIENTED_EDGE('',*,*,#4912,.F.);
#8280 = ORIENTED_EDGE('',*,*,#8281,.F.);
#8281 = EDGE_CURVE('',#4796,#4905,#8282,.T.);
#8282 = LINE('',#8283,#8284);
#8283 = CARTESIAN_POINT('',(-2.525838934336,-2.08,0.206587955583));
#8284 = VECTOR('',#8285,1.);
#8285 = DIRECTION('',(1.144237745222E-17,1.,0.));
#8286 = CYLINDRICAL_SURFACE('',#8287,0.25);
#8287 = AXIS2_PLACEMENT_3D('',#8288,#8289,#8290);
#8288 = CARTESIAN_POINT('',(-2.772040872589,-2.08,0.25));
#8289 = DIRECTION('',(-1.144237745222E-17,-1.,0.));
#8290 = DIRECTION('',(0.984807753012,-1.126854202784E-17,-0.173648177667
    ));
#8291 = ADVANCED_FACE('',(#8292),#8298,.F.);
#8292 = FACE_BOUND('',#8293,.F.);
#8293 = EDGE_LOOP('',(#8294,#8295,#8296,#8297));
#8294 = ORIENTED_EDGE('',*,*,#4886,.T.);
#8295 = ORIENTED_EDGE('',*,*,#4904,.T.);
#8296 = ORIENTED_EDGE('',*,*,#8281,.F.);
#8297 = ORIENTED_EDGE('',*,*,#4795,.F.);
#8298 = PLANE('',#8299);
#8299 = AXIS2_PLACEMENT_3D('',#8300,#8301,#8302);
#8300 = CARTESIAN_POINT('',(-2.498480775301,-2.08,0.392364817767));
#8301 = DIRECTION('',(-0.989329961345,1.13202868425E-17,0.145692235845)
  );
#8302 = DIRECTION('',(-0.145692235845,1.667065554401E-18,-0.989329961345
    ));
#8303 = ADVANCED_FACE('',(#8304),#8315,.T.);
#8304 = FACE_BOUND('',#8305,.T.);
#8305 = EDGE_LOOP('',(#8306,#8307,#8308,#8309));
#8306 = ORIENTED_EDGE('',*,*,#5076,.T.);
#8307 = ORIENTED_EDGE('',*,*,#7861,.T.);
#8308 = ORIENTED_EDGE('',*,*,#5185,.F.);
#8309 = ORIENTED_EDGE('',*,*,#8310,.F.);
#8310 = EDGE_CURVE('',#5069,#5178,#8311,.T.);
#8311 = LINE('',#8312,#8313);
#8312 = CARTESIAN_POINT('',(-2.646201938253,-1.43,0.418412044417));
#8313 = VECTOR('',#8314,1.);
#8314 = DIRECTION('',(1.144237745222E-17,1.,0.));
#8315 = CYLINDRICAL_SURFACE('',#8316,0.25);
#8316 = AXIS2_PLACEMENT_3D('',#8317,#8318,#8319);
#8317 = CARTESIAN_POINT('',(-2.4,-1.43,0.375));
#8318 = DIRECTION('',(-1.144237745222E-17,-1.,0.));
#8319 = DIRECTION('',(-0.984807753012,1.126854202784E-17,0.173648177667)
  );
#8320 = ADVANCED_FACE('',(#8321),#8332,.F.);
#8321 = FACE_BOUND('',#8322,.F.);
#8322 = EDGE_LOOP('',(#8323,#8329,#8330,#8331));
#8323 = ORIENTED_EDGE('',*,*,#8324,.T.);
#8324 = EDGE_CURVE('',#5060,#5169,#8325,.T.);
#8325 = LINE('',#8326,#8327);
#8326 = CARTESIAN_POINT('',(-2.673560097287,-1.43,0.232635182233));
#8327 = VECTOR('',#8328,1.);
#8328 = DIRECTION('',(1.144237745222E-17,1.,0.));
#8329 = ORIENTED_EDGE('',*,*,#5177,.T.);
#8330 = ORIENTED_EDGE('',*,*,#8310,.F.);
#8331 = ORIENTED_EDGE('',*,*,#5068,.F.);
#8332 = PLANE('',#8333);
#8333 = AXIS2_PLACEMENT_3D('',#8334,#8335,#8336);
#8334 = CARTESIAN_POINT('',(-2.673560097287,-1.43,0.232635182233));
#8335 = DIRECTION('',(0.989329961345,-1.13202868425E-17,-0.145692235845)
  );
#8336 = DIRECTION('',(0.145692235845,-1.667065554401E-18,0.989329961345)
  );
#8337 = ADVANCED_FACE('',(#8338),#8349,.F.);
#8338 = FACE_BOUND('',#8339,.F.);
#8339 = EDGE_LOOP('',(#8340,#8346,#8347,#8348));
#8340 = ORIENTED_EDGE('',*,*,#8341,.T.);
#8341 = EDGE_CURVE('',#5052,#5161,#8342,.T.);
#8342 = LINE('',#8343,#8344);
#8343 = CARTESIAN_POINT('',(-2.772040872589,-1.43,0.15));
#8344 = VECTOR('',#8345,1.);
#8345 = DIRECTION('',(1.144237745222E-17,1.,0.));
#8346 = ORIENTED_EDGE('',*,*,#5168,.T.);
#8347 = ORIENTED_EDGE('',*,*,#8324,.F.);
#8348 = ORIENTED_EDGE('',*,*,#5059,.F.);
#8349 = CYLINDRICAL_SURFACE('',#8350,0.1);
#8350 = AXIS2_PLACEMENT_3D('',#8351,#8352,#8353);
#8351 = CARTESIAN_POINT('',(-2.772040872589,-1.43,0.25));
#8352 = DIRECTION('',(-1.144237745222E-17,-1.,0.));
#8353 = DIRECTION('',(-0.,0.,-1.));
#8354 = ADVANCED_FACE('',(#8355),#8366,.F.);
#8355 = FACE_BOUND('',#8356,.F.);
#8356 = EDGE_LOOP('',(#8357,#8363,#8364,#8365));
#8357 = ORIENTED_EDGE('',*,*,#8358,.T.);
#8358 = EDGE_CURVE('',#5044,#5153,#8359,.T.);
#8359 = LINE('',#8360,#8361);
#8360 = CARTESIAN_POINT('',(-3.2,-1.43,0.15));
#8361 = VECTOR('',#8362,1.);
#8362 = DIRECTION('',(1.144237745222E-17,1.,0.));
#8363 = ORIENTED_EDGE('',*,*,#5160,.T.);
#8364 = ORIENTED_EDGE('',*,*,#8341,.F.);
#8365 = ORIENTED_EDGE('',*,*,#5051,.F.);
#8366 = PLANE('',#8367);
#8367 = AXIS2_PLACEMENT_3D('',#8368,#8369,#8370);
#8368 = CARTESIAN_POINT('',(-3.2,-1.43,0.15));
#8369 = DIRECTION('',(0.,0.,-1.));
#8370 = DIRECTION('',(1.,-1.144237745222E-17,0.));
#8371 = ADVANCED_FACE('',(#8372),#8383,.F.);
#8372 = FACE_BOUND('',#8373,.F.);
#8373 = EDGE_LOOP('',(#8374,#8380,#8381,#8382));
#8374 = ORIENTED_EDGE('',*,*,#8375,.T.);
#8375 = EDGE_CURVE('',#5036,#5145,#8376,.T.);
#8376 = LINE('',#8377,#8378);
#8377 = CARTESIAN_POINT('',(-3.2,-1.43,-5.551115123126E-17));
#8378 = VECTOR('',#8379,1.);
#8379 = DIRECTION('',(1.144237745222E-17,1.,0.));
#8380 = ORIENTED_EDGE('',*,*,#5152,.T.);
#8381 = ORIENTED_EDGE('',*,*,#8358,.F.);
#8382 = ORIENTED_EDGE('',*,*,#5043,.F.);
#8383 = PLANE('',#8384);
#8384 = AXIS2_PLACEMENT_3D('',#8385,#8386,#8387);
#8385 = CARTESIAN_POINT('',(-3.2,-1.43,-5.551115123126E-17));
#8386 = DIRECTION('',(1.,-1.144237745222E-17,0.));
#8387 = DIRECTION('',(0.,0.,1.));
#8388 = ADVANCED_FACE('',(#8389),#8400,.F.);
#8389 = FACE_BOUND('',#8390,.F.);
#8390 = EDGE_LOOP('',(#8391,#8397,#8398,#8399));
#8391 = ORIENTED_EDGE('',*,*,#8392,.T.);
#8392 = EDGE_CURVE('',#5027,#5136,#8393,.T.);
#8393 = LINE('',#8394,#8395);
#8394 = CARTESIAN_POINT('',(-2.772040872589,-1.43,-5.551115123126E-17));
#8395 = VECTOR('',#8396,1.);
#8396 = DIRECTION('',(1.144237745222E-17,1.,0.));
#8397 = ORIENTED_EDGE('',*,*,#5144,.T.);
#8398 = ORIENTED_EDGE('',*,*,#8375,.F.);
#8399 = ORIENTED_EDGE('',*,*,#5035,.F.);
#8400 = PLANE('',#8401);
#8401 = AXIS2_PLACEMENT_3D('',#8402,#8403,#8404);
#8402 = CARTESIAN_POINT('',(-2.772040872589,-1.43,-5.551115123126E-17));
#8403 = DIRECTION('',(0.,0.,1.));
#8404 = DIRECTION('',(-1.,1.144237745222E-17,0.));
#8405 = ADVANCED_FACE('',(#8406),#8417,.T.);
#8406 = FACE_BOUND('',#8407,.T.);
#8407 = EDGE_LOOP('',(#8408,#8409,#8410,#8411));
#8408 = ORIENTED_EDGE('',*,*,#5026,.T.);
#8409 = ORIENTED_EDGE('',*,*,#8392,.T.);
#8410 = ORIENTED_EDGE('',*,*,#5135,.F.);
#8411 = ORIENTED_EDGE('',*,*,#8412,.F.);
#8412 = EDGE_CURVE('',#5019,#5128,#8413,.T.);
#8413 = LINE('',#8414,#8415);
#8414 = CARTESIAN_POINT('',(-2.525838934336,-1.43,0.206587955583));
#8415 = VECTOR('',#8416,1.);
#8416 = DIRECTION('',(1.144237745222E-17,1.,0.));
#8417 = CYLINDRICAL_SURFACE('',#8418,0.25);
#8418 = AXIS2_PLACEMENT_3D('',#8419,#8420,#8421);
#8419 = CARTESIAN_POINT('',(-2.772040872589,-1.43,0.25));
#8420 = DIRECTION('',(-1.144237745222E-17,-1.,0.));
#8421 = DIRECTION('',(0.984807753012,-1.126854202784E-17,-0.173648177667
    ));
#8422 = ADVANCED_FACE('',(#8423),#8429,.F.);
#8423 = FACE_BOUND('',#8424,.F.);
#8424 = EDGE_LOOP('',(#8425,#8426,#8427,#8428));
#8425 = ORIENTED_EDGE('',*,*,#5109,.T.);
#8426 = ORIENTED_EDGE('',*,*,#5127,.T.);
#8427 = ORIENTED_EDGE('',*,*,#8412,.F.);
#8428 = ORIENTED_EDGE('',*,*,#5018,.F.);
#8429 = PLANE('',#8430);
#8430 = AXIS2_PLACEMENT_3D('',#8431,#8432,#8433);
#8431 = CARTESIAN_POINT('',(-2.498480775301,-1.43,0.392364817767));
#8432 = DIRECTION('',(-0.989329961345,1.13202868425E-17,0.145692235845)
  );
#8433 = DIRECTION('',(-0.145692235845,1.667065554401E-18,-0.989329961345
    ));
#8434 = ADVANCED_FACE('',(#8435),#8446,.T.);
#8435 = FACE_BOUND('',#8436,.T.);
#8436 = EDGE_LOOP('',(#8437,#8438,#8439,#8440));
#8437 = ORIENTED_EDGE('',*,*,#5299,.T.);
#8438 = ORIENTED_EDGE('',*,*,#7880,.T.);
#8439 = ORIENTED_EDGE('',*,*,#5408,.F.);
#8440 = ORIENTED_EDGE('',*,*,#8441,.F.);
#8441 = EDGE_CURVE('',#5292,#5401,#8442,.T.);
#8442 = LINE('',#8443,#8444);
#8443 = CARTESIAN_POINT('',(-2.646201938253,-0.78,0.418412044417));
#8444 = VECTOR('',#8445,1.);
#8445 = DIRECTION('',(1.144237745222E-17,1.,0.));
#8446 = CYLINDRICAL_SURFACE('',#8447,0.25);
#8447 = AXIS2_PLACEMENT_3D('',#8448,#8449,#8450);
#8448 = CARTESIAN_POINT('',(-2.4,-0.78,0.375));
#8449 = DIRECTION('',(-1.144237745222E-17,-1.,0.));
#8450 = DIRECTION('',(-0.984807753012,1.126854202784E-17,0.173648177667)
  );
#8451 = ADVANCED_FACE('',(#8452),#8463,.F.);
#8452 = FACE_BOUND('',#8453,.F.);
#8453 = EDGE_LOOP('',(#8454,#8460,#8461,#8462));
#8454 = ORIENTED_EDGE('',*,*,#8455,.T.);
#8455 = EDGE_CURVE('',#5283,#5392,#8456,.T.);
#8456 = LINE('',#8457,#8458);
#8457 = CARTESIAN_POINT('',(-2.673560097287,-0.78,0.232635182233));
#8458 = VECTOR('',#8459,1.);
#8459 = DIRECTION('',(1.144237745222E-17,1.,0.));
#8460 = ORIENTED_EDGE('',*,*,#5400,.T.);
#8461 = ORIENTED_EDGE('',*,*,#8441,.F.);
#8462 = ORIENTED_EDGE('',*,*,#5291,.F.);
#8463 = PLANE('',#8464);
#8464 = AXIS2_PLACEMENT_3D('',#8465,#8466,#8467);
#8465 = CARTESIAN_POINT('',(-2.673560097287,-0.78,0.232635182233));
#8466 = DIRECTION('',(0.989329961345,-1.13202868425E-17,-0.145692235845)
  );
#8467 = DIRECTION('',(0.145692235845,-1.667065554401E-18,0.989329961345)
  );
#8468 = ADVANCED_FACE('',(#8469),#8480,.F.);
#8469 = FACE_BOUND('',#8470,.F.);
#8470 = EDGE_LOOP('',(#8471,#8477,#8478,#8479));
#8471 = ORIENTED_EDGE('',*,*,#8472,.T.);
#8472 = EDGE_CURVE('',#5275,#5384,#8473,.T.);
#8473 = LINE('',#8474,#8475);
#8474 = CARTESIAN_POINT('',(-2.772040872589,-0.78,0.15));
#8475 = VECTOR('',#8476,1.);
#8476 = DIRECTION('',(1.144237745222E-17,1.,0.));
#8477 = ORIENTED_EDGE('',*,*,#5391,.T.);
#8478 = ORIENTED_EDGE('',*,*,#8455,.F.);
#8479 = ORIENTED_EDGE('',*,*,#5282,.F.);
#8480 = CYLINDRICAL_SURFACE('',#8481,0.1);
#8481 = AXIS2_PLACEMENT_3D('',#8482,#8483,#8484);
#8482 = CARTESIAN_POINT('',(-2.772040872589,-0.78,0.25));
#8483 = DIRECTION('',(-1.144237745222E-17,-1.,0.));
#8484 = DIRECTION('',(-0.,0.,-1.));
#8485 = ADVANCED_FACE('',(#8486),#8497,.F.);
#8486 = FACE_BOUND('',#8487,.F.);
#8487 = EDGE_LOOP('',(#8488,#8494,#8495,#8496));
#8488 = ORIENTED_EDGE('',*,*,#8489,.T.);
#8489 = EDGE_CURVE('',#5267,#5376,#8490,.T.);
#8490 = LINE('',#8491,#8492);
#8491 = CARTESIAN_POINT('',(-3.2,-0.78,0.15));
#8492 = VECTOR('',#8493,1.);
#8493 = DIRECTION('',(1.144237745222E-17,1.,0.));
#8494 = ORIENTED_EDGE('',*,*,#5383,.T.);
#8495 = ORIENTED_EDGE('',*,*,#8472,.F.);
#8496 = ORIENTED_EDGE('',*,*,#5274,.F.);
#8497 = PLANE('',#8498);
#8498 = AXIS2_PLACEMENT_3D('',#8499,#8500,#8501);
#8499 = CARTESIAN_POINT('',(-3.2,-0.78,0.15));
#8500 = DIRECTION('',(0.,0.,-1.));
#8501 = DIRECTION('',(1.,-1.144237745222E-17,0.));
#8502 = ADVANCED_FACE('',(#8503),#8514,.F.);
#8503 = FACE_BOUND('',#8504,.F.);
#8504 = EDGE_LOOP('',(#8505,#8511,#8512,#8513));
#8505 = ORIENTED_EDGE('',*,*,#8506,.T.);
#8506 = EDGE_CURVE('',#5259,#5368,#8507,.T.);
#8507 = LINE('',#8508,#8509);
#8508 = CARTESIAN_POINT('',(-3.2,-0.78,-5.551115123126E-17));
#8509 = VECTOR('',#8510,1.);
#8510 = DIRECTION('',(1.144237745222E-17,1.,0.));
#8511 = ORIENTED_EDGE('',*,*,#5375,.T.);
#8512 = ORIENTED_EDGE('',*,*,#8489,.F.);
#8513 = ORIENTED_EDGE('',*,*,#5266,.F.);
#8514 = PLANE('',#8515);
#8515 = AXIS2_PLACEMENT_3D('',#8516,#8517,#8518);
#8516 = CARTESIAN_POINT('',(-3.2,-0.78,-5.551115123126E-17));
#8517 = DIRECTION('',(1.,-1.144237745222E-17,0.));
#8518 = DIRECTION('',(0.,0.,1.));
#8519 = ADVANCED_FACE('',(#8520),#8531,.F.);
#8520 = FACE_BOUND('',#8521,.F.);
#8521 = EDGE_LOOP('',(#8522,#8528,#8529,#8530));
#8522 = ORIENTED_EDGE('',*,*,#8523,.T.);
#8523 = EDGE_CURVE('',#5250,#5359,#8524,.T.);
#8524 = LINE('',#8525,#8526);
#8525 = CARTESIAN_POINT('',(-2.772040872589,-0.78,-5.551115123126E-17));
#8526 = VECTOR('',#8527,1.);
#8527 = DIRECTION('',(1.144237745222E-17,1.,0.));
#8528 = ORIENTED_EDGE('',*,*,#5367,.T.);
#8529 = ORIENTED_EDGE('',*,*,#8506,.F.);
#8530 = ORIENTED_EDGE('',*,*,#5258,.F.);
#8531 = PLANE('',#8532);
#8532 = AXIS2_PLACEMENT_3D('',#8533,#8534,#8535);
#8533 = CARTESIAN_POINT('',(-2.772040872589,-0.78,-5.551115123126E-17));
#8534 = DIRECTION('',(0.,0.,1.));
#8535 = DIRECTION('',(-1.,1.144237745222E-17,0.));
#8536 = ADVANCED_FACE('',(#8537),#8548,.T.);
#8537 = FACE_BOUND('',#8538,.T.);
#8538 = EDGE_LOOP('',(#8539,#8540,#8541,#8542));
#8539 = ORIENTED_EDGE('',*,*,#5249,.T.);
#8540 = ORIENTED_EDGE('',*,*,#8523,.T.);
#8541 = ORIENTED_EDGE('',*,*,#5358,.F.);
#8542 = ORIENTED_EDGE('',*,*,#8543,.F.);
#8543 = EDGE_CURVE('',#5242,#5351,#8544,.T.);
#8544 = LINE('',#8545,#8546);
#8545 = CARTESIAN_POINT('',(-2.525838934336,-0.78,0.206587955583));
#8546 = VECTOR('',#8547,1.);
#8547 = DIRECTION('',(1.144237745222E-17,1.,0.));
#8548 = CYLINDRICAL_SURFACE('',#8549,0.25);
#8549 = AXIS2_PLACEMENT_3D('',#8550,#8551,#8552);
#8550 = CARTESIAN_POINT('',(-2.772040872589,-0.78,0.25));
#8551 = DIRECTION('',(-1.144237745222E-17,-1.,0.));
#8552 = DIRECTION('',(0.984807753012,-1.126854202784E-17,-0.173648177667
    ));
#8553 = ADVANCED_FACE('',(#8554),#8560,.F.);
#8554 = FACE_BOUND('',#8555,.F.);
#8555 = EDGE_LOOP('',(#8556,#8557,#8558,#8559));
#8556 = ORIENTED_EDGE('',*,*,#5332,.T.);
#8557 = ORIENTED_EDGE('',*,*,#5350,.T.);
#8558 = ORIENTED_EDGE('',*,*,#8543,.F.);
#8559 = ORIENTED_EDGE('',*,*,#5241,.F.);
#8560 = PLANE('',#8561);
#8561 = AXIS2_PLACEMENT_3D('',#8562,#8563,#8564);
#8562 = CARTESIAN_POINT('',(-2.498480775301,-0.78,0.392364817767));
#8563 = DIRECTION('',(-0.989329961345,1.13202868425E-17,0.145692235845)
  );
#8564 = DIRECTION('',(-0.145692235845,1.667065554401E-18,-0.989329961345
    ));
#8565 = ADVANCED_FACE('',(#8566),#8577,.T.);
#8566 = FACE_BOUND('',#8567,.T.);
#8567 = EDGE_LOOP('',(#8568,#8569,#8570,#8571));
#8568 = ORIENTED_EDGE('',*,*,#5522,.T.);
#8569 = ORIENTED_EDGE('',*,*,#7899,.T.);
#8570 = ORIENTED_EDGE('',*,*,#5631,.F.);
#8571 = ORIENTED_EDGE('',*,*,#8572,.F.);
#8572 = EDGE_CURVE('',#5515,#5624,#8573,.T.);
#8573 = LINE('',#8574,#8575);
#8574 = CARTESIAN_POINT('',(-2.646201938253,-0.13,0.418412044417));
#8575 = VECTOR('',#8576,1.);
#8576 = DIRECTION('',(1.144237745222E-17,1.,0.));
#8577 = CYLINDRICAL_SURFACE('',#8578,0.25);
#8578 = AXIS2_PLACEMENT_3D('',#8579,#8580,#8581);
#8579 = CARTESIAN_POINT('',(-2.4,-0.13,0.375));
#8580 = DIRECTION('',(-1.144237745222E-17,-1.,0.));
#8581 = DIRECTION('',(-0.984807753012,1.126854202784E-17,0.173648177667)
  );
#8582 = ADVANCED_FACE('',(#8583),#8594,.F.);
#8583 = FACE_BOUND('',#8584,.F.);
#8584 = EDGE_LOOP('',(#8585,#8591,#8592,#8593));
#8585 = ORIENTED_EDGE('',*,*,#8586,.T.);
#8586 = EDGE_CURVE('',#5506,#5615,#8587,.T.);
#8587 = LINE('',#8588,#8589);
#8588 = CARTESIAN_POINT('',(-2.673560097287,-0.13,0.232635182233));
#8589 = VECTOR('',#8590,1.);
#8590 = DIRECTION('',(1.144237745222E-17,1.,0.));
#8591 = ORIENTED_EDGE('',*,*,#5623,.T.);
#8592 = ORIENTED_EDGE('',*,*,#8572,.F.);
#8593 = ORIENTED_EDGE('',*,*,#5514,.F.);
#8594 = PLANE('',#8595);
#8595 = AXIS2_PLACEMENT_3D('',#8596,#8597,#8598);
#8596 = CARTESIAN_POINT('',(-2.673560097287,-0.13,0.232635182233));
#8597 = DIRECTION('',(0.989329961345,-1.13202868425E-17,-0.145692235845)
  );
#8598 = DIRECTION('',(0.145692235845,-1.667065554401E-18,0.989329961345)
  );
#8599 = ADVANCED_FACE('',(#8600),#8611,.F.);
#8600 = FACE_BOUND('',#8601,.F.);
#8601 = EDGE_LOOP('',(#8602,#8608,#8609,#8610));
#8602 = ORIENTED_EDGE('',*,*,#8603,.T.);
#8603 = EDGE_CURVE('',#5498,#5607,#8604,.T.);
#8604 = LINE('',#8605,#8606);
#8605 = CARTESIAN_POINT('',(-2.772040872589,-0.13,0.15));
#8606 = VECTOR('',#8607,1.);
#8607 = DIRECTION('',(1.144237745222E-17,1.,0.));
#8608 = ORIENTED_EDGE('',*,*,#5614,.T.);
#8609 = ORIENTED_EDGE('',*,*,#8586,.F.);
#8610 = ORIENTED_EDGE('',*,*,#5505,.F.);
#8611 = CYLINDRICAL_SURFACE('',#8612,0.1);
#8612 = AXIS2_PLACEMENT_3D('',#8613,#8614,#8615);
#8613 = CARTESIAN_POINT('',(-2.772040872589,-0.13,0.25));
#8614 = DIRECTION('',(-1.144237745222E-17,-1.,0.));
#8615 = DIRECTION('',(-0.,0.,-1.));
#8616 = ADVANCED_FACE('',(#8617),#8628,.F.);
#8617 = FACE_BOUND('',#8618,.F.);
#8618 = EDGE_LOOP('',(#8619,#8625,#8626,#8627));
#8619 = ORIENTED_EDGE('',*,*,#8620,.T.);
#8620 = EDGE_CURVE('',#5490,#5599,#8621,.T.);
#8621 = LINE('',#8622,#8623);
#8622 = CARTESIAN_POINT('',(-3.2,-0.13,0.15));
#8623 = VECTOR('',#8624,1.);
#8624 = DIRECTION('',(1.144237745222E-17,1.,0.));
#8625 = ORIENTED_EDGE('',*,*,#5606,.T.);
#8626 = ORIENTED_EDGE('',*,*,#8603,.F.);
#8627 = ORIENTED_EDGE('',*,*,#5497,.F.);
#8628 = PLANE('',#8629);
#8629 = AXIS2_PLACEMENT_3D('',#8630,#8631,#8632);
#8630 = CARTESIAN_POINT('',(-3.2,-0.13,0.15));
#8631 = DIRECTION('',(0.,0.,-1.));
#8632 = DIRECTION('',(1.,-1.144237745222E-17,0.));
#8633 = ADVANCED_FACE('',(#8634),#8645,.F.);
#8634 = FACE_BOUND('',#8635,.F.);
#8635 = EDGE_LOOP('',(#8636,#8642,#8643,#8644));
#8636 = ORIENTED_EDGE('',*,*,#8637,.T.);
#8637 = EDGE_CURVE('',#5482,#5591,#8638,.T.);
#8638 = LINE('',#8639,#8640);
#8639 = CARTESIAN_POINT('',(-3.2,-0.13,-5.551115123126E-17));
#8640 = VECTOR('',#8641,1.);
#8641 = DIRECTION('',(1.144237745222E-17,1.,0.));
#8642 = ORIENTED_EDGE('',*,*,#5598,.T.);
#8643 = ORIENTED_EDGE('',*,*,#8620,.F.);
#8644 = ORIENTED_EDGE('',*,*,#5489,.F.);
#8645 = PLANE('',#8646);
#8646 = AXIS2_PLACEMENT_3D('',#8647,#8648,#8649);
#8647 = CARTESIAN_POINT('',(-3.2,-0.13,-5.551115123126E-17));
#8648 = DIRECTION('',(1.,-1.144237745222E-17,0.));
#8649 = DIRECTION('',(0.,0.,1.));
#8650 = ADVANCED_FACE('',(#8651),#8662,.F.);
#8651 = FACE_BOUND('',#8652,.F.);
#8652 = EDGE_LOOP('',(#8653,#8659,#8660,#8661));
#8653 = ORIENTED_EDGE('',*,*,#8654,.T.);
#8654 = EDGE_CURVE('',#5473,#5582,#8655,.T.);
#8655 = LINE('',#8656,#8657);
#8656 = CARTESIAN_POINT('',(-2.772040872589,-0.13,-5.551115123126E-17));
#8657 = VECTOR('',#8658,1.);
#8658 = DIRECTION('',(1.144237745222E-17,1.,0.));
#8659 = ORIENTED_EDGE('',*,*,#5590,.T.);
#8660 = ORIENTED_EDGE('',*,*,#8637,.F.);
#8661 = ORIENTED_EDGE('',*,*,#5481,.F.);
#8662 = PLANE('',#8663);
#8663 = AXIS2_PLACEMENT_3D('',#8664,#8665,#8666);
#8664 = CARTESIAN_POINT('',(-2.772040872589,-0.13,-5.551115123126E-17));
#8665 = DIRECTION('',(0.,0.,1.));
#8666 = DIRECTION('',(-1.,1.144237745222E-17,0.));
#8667 = ADVANCED_FACE('',(#8668),#8679,.T.);
#8668 = FACE_BOUND('',#8669,.T.);
#8669 = EDGE_LOOP('',(#8670,#8671,#8672,#8673));
#8670 = ORIENTED_EDGE('',*,*,#5472,.T.);
#8671 = ORIENTED_EDGE('',*,*,#8654,.T.);
#8672 = ORIENTED_EDGE('',*,*,#5581,.F.);
#8673 = ORIENTED_EDGE('',*,*,#8674,.F.);
#8674 = EDGE_CURVE('',#5465,#5574,#8675,.T.);
#8675 = LINE('',#8676,#8677);
#8676 = CARTESIAN_POINT('',(-2.525838934336,-0.13,0.206587955583));
#8677 = VECTOR('',#8678,1.);
#8678 = DIRECTION('',(1.144237745222E-17,1.,0.));
#8679 = CYLINDRICAL_SURFACE('',#8680,0.25);
#8680 = AXIS2_PLACEMENT_3D('',#8681,#8682,#8683);
#8681 = CARTESIAN_POINT('',(-2.772040872589,-0.13,0.25));
#8682 = DIRECTION('',(-1.144237745222E-17,-1.,0.));
#8683 = DIRECTION('',(0.984807753012,-1.126854202784E-17,-0.173648177667
    ));
#8684 = ADVANCED_FACE('',(#8685),#8691,.F.);
#8685 = FACE_BOUND('',#8686,.F.);
#8686 = EDGE_LOOP('',(#8687,#8688,#8689,#8690));
#8687 = ORIENTED_EDGE('',*,*,#5555,.T.);
#8688 = ORIENTED_EDGE('',*,*,#5573,.T.);
#8689 = ORIENTED_EDGE('',*,*,#8674,.F.);
#8690 = ORIENTED_EDGE('',*,*,#5464,.F.);
#8691 = PLANE('',#8692);
#8692 = AXIS2_PLACEMENT_3D('',#8693,#8694,#8695);
#8693 = CARTESIAN_POINT('',(-2.498480775301,-0.13,0.392364817767));
#8694 = DIRECTION('',(-0.989329961345,1.13202868425E-17,0.145692235845)
  );
#8695 = DIRECTION('',(-0.145692235845,1.667065554401E-18,-0.989329961345
    ));
#8696 = ADVANCED_FACE('',(#8697),#8708,.T.);
#8697 = FACE_BOUND('',#8698,.T.);
#8698 = EDGE_LOOP('',(#8699,#8700,#8701,#8702));
#8699 = ORIENTED_EDGE('',*,*,#5745,.T.);
#8700 = ORIENTED_EDGE('',*,*,#7918,.T.);
#8701 = ORIENTED_EDGE('',*,*,#5854,.F.);
#8702 = ORIENTED_EDGE('',*,*,#8703,.F.);
#8703 = EDGE_CURVE('',#5738,#5847,#8704,.T.);
#8704 = LINE('',#8705,#8706);
#8705 = CARTESIAN_POINT('',(-2.646201938253,0.52,0.418412044417));
#8706 = VECTOR('',#8707,1.);
#8707 = DIRECTION('',(1.144237745222E-17,1.,0.));
#8708 = CYLINDRICAL_SURFACE('',#8709,0.25);
#8709 = AXIS2_PLACEMENT_3D('',#8710,#8711,#8712);
#8710 = CARTESIAN_POINT('',(-2.4,0.52,0.375));
#8711 = DIRECTION('',(-1.144237745222E-17,-1.,0.));
#8712 = DIRECTION('',(-0.984807753012,1.126854202784E-17,0.173648177667)
  );
#8713 = ADVANCED_FACE('',(#8714),#8725,.F.);
#8714 = FACE_BOUND('',#8715,.F.);
#8715 = EDGE_LOOP('',(#8716,#8722,#8723,#8724));
#8716 = ORIENTED_EDGE('',*,*,#8717,.T.);
#8717 = EDGE_CURVE('',#5729,#5838,#8718,.T.);
#8718 = LINE('',#8719,#8720);
#8719 = CARTESIAN_POINT('',(-2.673560097287,0.52,0.232635182233));
#8720 = VECTOR('',#8721,1.);
#8721 = DIRECTION('',(1.144237745222E-17,1.,0.));
#8722 = ORIENTED_EDGE('',*,*,#5846,.T.);
#8723 = ORIENTED_EDGE('',*,*,#8703,.F.);
#8724 = ORIENTED_EDGE('',*,*,#5737,.F.);
#8725 = PLANE('',#8726);
#8726 = AXIS2_PLACEMENT_3D('',#8727,#8728,#8729);
#8727 = CARTESIAN_POINT('',(-2.673560097287,0.52,0.232635182233));
#8728 = DIRECTION('',(0.989329961345,-1.13202868425E-17,-0.145692235845)
  );
#8729 = DIRECTION('',(0.145692235845,-1.667065554401E-18,0.989329961345)
  );
#8730 = ADVANCED_FACE('',(#8731),#8742,.F.);
#8731 = FACE_BOUND('',#8732,.F.);
#8732 = EDGE_LOOP('',(#8733,#8739,#8740,#8741));
#8733 = ORIENTED_EDGE('',*,*,#8734,.T.);
#8734 = EDGE_CURVE('',#5721,#5830,#8735,.T.);
#8735 = LINE('',#8736,#8737);
#8736 = CARTESIAN_POINT('',(-2.772040872589,0.52,0.15));
#8737 = VECTOR('',#8738,1.);
#8738 = DIRECTION('',(1.144237745222E-17,1.,0.));
#8739 = ORIENTED_EDGE('',*,*,#5837,.T.);
#8740 = ORIENTED_EDGE('',*,*,#8717,.F.);
#8741 = ORIENTED_EDGE('',*,*,#5728,.F.);
#8742 = CYLINDRICAL_SURFACE('',#8743,0.1);
#8743 = AXIS2_PLACEMENT_3D('',#8744,#8745,#8746);
#8744 = CARTESIAN_POINT('',(-2.772040872589,0.52,0.25));
#8745 = DIRECTION('',(-1.144237745222E-17,-1.,0.));
#8746 = DIRECTION('',(-0.,0.,-1.));
#8747 = ADVANCED_FACE('',(#8748),#8759,.F.);
#8748 = FACE_BOUND('',#8749,.F.);
#8749 = EDGE_LOOP('',(#8750,#8756,#8757,#8758));
#8750 = ORIENTED_EDGE('',*,*,#8751,.T.);
#8751 = EDGE_CURVE('',#5713,#5822,#8752,.T.);
#8752 = LINE('',#8753,#8754);
#8753 = CARTESIAN_POINT('',(-3.2,0.52,0.15));
#8754 = VECTOR('',#8755,1.);
#8755 = DIRECTION('',(1.144237745222E-17,1.,0.));
#8756 = ORIENTED_EDGE('',*,*,#5829,.T.);
#8757 = ORIENTED_EDGE('',*,*,#8734,.F.);
#8758 = ORIENTED_EDGE('',*,*,#5720,.F.);
#8759 = PLANE('',#8760);
#8760 = AXIS2_PLACEMENT_3D('',#8761,#8762,#8763);
#8761 = CARTESIAN_POINT('',(-3.2,0.52,0.15));
#8762 = DIRECTION('',(0.,0.,-1.));
#8763 = DIRECTION('',(1.,-1.144237745222E-17,0.));
#8764 = ADVANCED_FACE('',(#8765),#8776,.F.);
#8765 = FACE_BOUND('',#8766,.F.);
#8766 = EDGE_LOOP('',(#8767,#8773,#8774,#8775));
#8767 = ORIENTED_EDGE('',*,*,#8768,.T.);
#8768 = EDGE_CURVE('',#5705,#5814,#8769,.T.);
#8769 = LINE('',#8770,#8771);
#8770 = CARTESIAN_POINT('',(-3.2,0.52,-5.551115123126E-17));
#8771 = VECTOR('',#8772,1.);
#8772 = DIRECTION('',(1.144237745222E-17,1.,0.));
#8773 = ORIENTED_EDGE('',*,*,#5821,.T.);
#8774 = ORIENTED_EDGE('',*,*,#8751,.F.);
#8775 = ORIENTED_EDGE('',*,*,#5712,.F.);
#8776 = PLANE('',#8777);
#8777 = AXIS2_PLACEMENT_3D('',#8778,#8779,#8780);
#8778 = CARTESIAN_POINT('',(-3.2,0.52,-5.551115123126E-17));
#8779 = DIRECTION('',(1.,-1.144237745222E-17,0.));
#8780 = DIRECTION('',(0.,0.,1.));
#8781 = ADVANCED_FACE('',(#8782),#8793,.F.);
#8782 = FACE_BOUND('',#8783,.F.);
#8783 = EDGE_LOOP('',(#8784,#8790,#8791,#8792));
#8784 = ORIENTED_EDGE('',*,*,#8785,.T.);
#8785 = EDGE_CURVE('',#5696,#5805,#8786,.T.);
#8786 = LINE('',#8787,#8788);
#8787 = CARTESIAN_POINT('',(-2.772040872589,0.52,-5.551115123126E-17));
#8788 = VECTOR('',#8789,1.);
#8789 = DIRECTION('',(1.144237745222E-17,1.,0.));
#8790 = ORIENTED_EDGE('',*,*,#5813,.T.);
#8791 = ORIENTED_EDGE('',*,*,#8768,.F.);
#8792 = ORIENTED_EDGE('',*,*,#5704,.F.);
#8793 = PLANE('',#8794);
#8794 = AXIS2_PLACEMENT_3D('',#8795,#8796,#8797);
#8795 = CARTESIAN_POINT('',(-2.772040872589,0.52,-5.551115123126E-17));
#8796 = DIRECTION('',(0.,0.,1.));
#8797 = DIRECTION('',(-1.,1.144237745222E-17,0.));
#8798 = ADVANCED_FACE('',(#8799),#8810,.T.);
#8799 = FACE_BOUND('',#8800,.T.);
#8800 = EDGE_LOOP('',(#8801,#8802,#8803,#8804));
#8801 = ORIENTED_EDGE('',*,*,#5695,.T.);
#8802 = ORIENTED_EDGE('',*,*,#8785,.T.);
#8803 = ORIENTED_EDGE('',*,*,#5804,.F.);
#8804 = ORIENTED_EDGE('',*,*,#8805,.F.);
#8805 = EDGE_CURVE('',#5688,#5797,#8806,.T.);
#8806 = LINE('',#8807,#8808);
#8807 = CARTESIAN_POINT('',(-2.525838934336,0.52,0.206587955583));
#8808 = VECTOR('',#8809,1.);
#8809 = DIRECTION('',(1.144237745222E-17,1.,0.));
#8810 = CYLINDRICAL_SURFACE('',#8811,0.25);
#8811 = AXIS2_PLACEMENT_3D('',#8812,#8813,#8814);
#8812 = CARTESIAN_POINT('',(-2.772040872589,0.52,0.25));
#8813 = DIRECTION('',(-1.144237745222E-17,-1.,0.));
#8814 = DIRECTION('',(0.984807753012,-1.126854202784E-17,-0.173648177667
    ));
#8815 = ADVANCED_FACE('',(#8816),#8822,.F.);
#8816 = FACE_BOUND('',#8817,.F.);
#8817 = EDGE_LOOP('',(#8818,#8819,#8820,#8821));
#8818 = ORIENTED_EDGE('',*,*,#5778,.T.);
#8819 = ORIENTED_EDGE('',*,*,#5796,.T.);
#8820 = ORIENTED_EDGE('',*,*,#8805,.F.);
#8821 = ORIENTED_EDGE('',*,*,#5687,.F.);
#8822 = PLANE('',#8823);
#8823 = AXIS2_PLACEMENT_3D('',#8824,#8825,#8826);
#8824 = CARTESIAN_POINT('',(-2.498480775301,0.52,0.392364817767));
#8825 = DIRECTION('',(-0.989329961345,1.13202868425E-17,0.145692235845)
  );
#8826 = DIRECTION('',(-0.145692235845,1.667065554401E-18,-0.989329961345
    ));
#8827 = ADVANCED_FACE('',(#8828),#8839,.T.);
#8828 = FACE_BOUND('',#8829,.T.);
#8829 = EDGE_LOOP('',(#8830,#8831,#8832,#8833));
#8830 = ORIENTED_EDGE('',*,*,#5968,.T.);
#8831 = ORIENTED_EDGE('',*,*,#7937,.T.);
#8832 = ORIENTED_EDGE('',*,*,#6077,.F.);
#8833 = ORIENTED_EDGE('',*,*,#8834,.F.);
#8834 = EDGE_CURVE('',#5961,#6070,#8835,.T.);
#8835 = LINE('',#8836,#8837);
#8836 = CARTESIAN_POINT('',(-2.646201938253,1.17,0.418412044417));
#8837 = VECTOR('',#8838,1.);
#8838 = DIRECTION('',(1.144237745222E-17,1.,0.));
#8839 = CYLINDRICAL_SURFACE('',#8840,0.25);
#8840 = AXIS2_PLACEMENT_3D('',#8841,#8842,#8843);
#8841 = CARTESIAN_POINT('',(-2.4,1.17,0.375));
#8842 = DIRECTION('',(-1.144237745222E-17,-1.,0.));
#8843 = DIRECTION('',(-0.984807753012,1.126854202784E-17,0.173648177667)
  );
#8844 = ADVANCED_FACE('',(#8845),#8856,.F.);
#8845 = FACE_BOUND('',#8846,.F.);
#8846 = EDGE_LOOP('',(#8847,#8853,#8854,#8855));
#8847 = ORIENTED_EDGE('',*,*,#8848,.T.);
#8848 = EDGE_CURVE('',#5952,#6061,#8849,.T.);
#8849 = LINE('',#8850,#8851);
#8850 = CARTESIAN_POINT('',(-2.673560097287,1.17,0.232635182233));
#8851 = VECTOR('',#8852,1.);
#8852 = DIRECTION('',(1.144237745222E-17,1.,0.));
#8853 = ORIENTED_EDGE('',*,*,#6069,.T.);
#8854 = ORIENTED_EDGE('',*,*,#8834,.F.);
#8855 = ORIENTED_EDGE('',*,*,#5960,.F.);
#8856 = PLANE('',#8857);
#8857 = AXIS2_PLACEMENT_3D('',#8858,#8859,#8860);
#8858 = CARTESIAN_POINT('',(-2.673560097287,1.17,0.232635182233));
#8859 = DIRECTION('',(0.989329961345,-1.13202868425E-17,-0.145692235845)
  );
#8860 = DIRECTION('',(0.145692235845,-1.667065554401E-18,0.989329961345)
  );
#8861 = ADVANCED_FACE('',(#8862),#8873,.F.);
#8862 = FACE_BOUND('',#8863,.F.);
#8863 = EDGE_LOOP('',(#8864,#8870,#8871,#8872));
#8864 = ORIENTED_EDGE('',*,*,#8865,.T.);
#8865 = EDGE_CURVE('',#5944,#6053,#8866,.T.);
#8866 = LINE('',#8867,#8868);
#8867 = CARTESIAN_POINT('',(-2.772040872589,1.17,0.15));
#8868 = VECTOR('',#8869,1.);
#8869 = DIRECTION('',(1.144237745222E-17,1.,0.));
#8870 = ORIENTED_EDGE('',*,*,#6060,.T.);
#8871 = ORIENTED_EDGE('',*,*,#8848,.F.);
#8872 = ORIENTED_EDGE('',*,*,#5951,.F.);
#8873 = CYLINDRICAL_SURFACE('',#8874,0.1);
#8874 = AXIS2_PLACEMENT_3D('',#8875,#8876,#8877);
#8875 = CARTESIAN_POINT('',(-2.772040872589,1.17,0.25));
#8876 = DIRECTION('',(-1.144237745222E-17,-1.,0.));
#8877 = DIRECTION('',(-0.,0.,-1.));
#8878 = ADVANCED_FACE('',(#8879),#8890,.F.);
#8879 = FACE_BOUND('',#8880,.F.);
#8880 = EDGE_LOOP('',(#8881,#8887,#8888,#8889));
#8881 = ORIENTED_EDGE('',*,*,#8882,.T.);
#8882 = EDGE_CURVE('',#5936,#6045,#8883,.T.);
#8883 = LINE('',#8884,#8885);
#8884 = CARTESIAN_POINT('',(-3.2,1.17,0.15));
#8885 = VECTOR('',#8886,1.);
#8886 = DIRECTION('',(1.144237745222E-17,1.,0.));
#8887 = ORIENTED_EDGE('',*,*,#6052,.T.);
#8888 = ORIENTED_EDGE('',*,*,#8865,.F.);
#8889 = ORIENTED_EDGE('',*,*,#5943,.F.);
#8890 = PLANE('',#8891);
#8891 = AXIS2_PLACEMENT_3D('',#8892,#8893,#8894);
#8892 = CARTESIAN_POINT('',(-3.2,1.17,0.15));
#8893 = DIRECTION('',(0.,0.,-1.));
#8894 = DIRECTION('',(1.,-1.144237745222E-17,0.));
#8895 = ADVANCED_FACE('',(#8896),#8907,.F.);
#8896 = FACE_BOUND('',#8897,.F.);
#8897 = EDGE_LOOP('',(#8898,#8904,#8905,#8906));
#8898 = ORIENTED_EDGE('',*,*,#8899,.T.);
#8899 = EDGE_CURVE('',#5928,#6037,#8900,.T.);
#8900 = LINE('',#8901,#8902);
#8901 = CARTESIAN_POINT('',(-3.2,1.17,-5.551115123126E-17));
#8902 = VECTOR('',#8903,1.);
#8903 = DIRECTION('',(1.144237745222E-17,1.,0.));
#8904 = ORIENTED_EDGE('',*,*,#6044,.T.);
#8905 = ORIENTED_EDGE('',*,*,#8882,.F.);
#8906 = ORIENTED_EDGE('',*,*,#5935,.F.);
#8907 = PLANE('',#8908);
#8908 = AXIS2_PLACEMENT_3D('',#8909,#8910,#8911);
#8909 = CARTESIAN_POINT('',(-3.2,1.17,-5.551115123126E-17));
#8910 = DIRECTION('',(1.,-1.144237745222E-17,0.));
#8911 = DIRECTION('',(0.,0.,1.));
#8912 = ADVANCED_FACE('',(#8913),#8924,.F.);
#8913 = FACE_BOUND('',#8914,.F.);
#8914 = EDGE_LOOP('',(#8915,#8921,#8922,#8923));
#8915 = ORIENTED_EDGE('',*,*,#8916,.T.);
#8916 = EDGE_CURVE('',#5919,#6028,#8917,.T.);
#8917 = LINE('',#8918,#8919);
#8918 = CARTESIAN_POINT('',(-2.772040872589,1.17,-5.551115123126E-17));
#8919 = VECTOR('',#8920,1.);
#8920 = DIRECTION('',(1.144237745222E-17,1.,0.));
#8921 = ORIENTED_EDGE('',*,*,#6036,.T.);
#8922 = ORIENTED_EDGE('',*,*,#8899,.F.);
#8923 = ORIENTED_EDGE('',*,*,#5927,.F.);
#8924 = PLANE('',#8925);
#8925 = AXIS2_PLACEMENT_3D('',#8926,#8927,#8928);
#8926 = CARTESIAN_POINT('',(-2.772040872589,1.17,-5.551115123126E-17));
#8927 = DIRECTION('',(0.,0.,1.));
#8928 = DIRECTION('',(-1.,1.144237745222E-17,0.));
#8929 = ADVANCED_FACE('',(#8930),#8941,.T.);
#8930 = FACE_BOUND('',#8931,.T.);
#8931 = EDGE_LOOP('',(#8932,#8933,#8934,#8935));
#8932 = ORIENTED_EDGE('',*,*,#5918,.T.);
#8933 = ORIENTED_EDGE('',*,*,#8916,.T.);
#8934 = ORIENTED_EDGE('',*,*,#6027,.F.);
#8935 = ORIENTED_EDGE('',*,*,#8936,.F.);
#8936 = EDGE_CURVE('',#5911,#6020,#8937,.T.);
#8937 = LINE('',#8938,#8939);
#8938 = CARTESIAN_POINT('',(-2.525838934336,1.17,0.206587955583));
#8939 = VECTOR('',#8940,1.);
#8940 = DIRECTION('',(1.144237745222E-17,1.,0.));
#8941 = CYLINDRICAL_SURFACE('',#8942,0.25);
#8942 = AXIS2_PLACEMENT_3D('',#8943,#8944,#8945);
#8943 = CARTESIAN_POINT('',(-2.772040872589,1.17,0.25));
#8944 = DIRECTION('',(-1.144237745222E-17,-1.,0.));
#8945 = DIRECTION('',(0.984807753012,-1.126854202784E-17,-0.173648177667
    ));
#8946 = ADVANCED_FACE('',(#8947),#8953,.F.);
#8947 = FACE_BOUND('',#8948,.F.);
#8948 = EDGE_LOOP('',(#8949,#8950,#8951,#8952));
#8949 = ORIENTED_EDGE('',*,*,#6001,.T.);
#8950 = ORIENTED_EDGE('',*,*,#6019,.T.);
#8951 = ORIENTED_EDGE('',*,*,#8936,.F.);
#8952 = ORIENTED_EDGE('',*,*,#5910,.F.);
#8953 = PLANE('',#8954);
#8954 = AXIS2_PLACEMENT_3D('',#8955,#8956,#8957);
#8955 = CARTESIAN_POINT('',(-2.498480775301,1.17,0.392364817767));
#8956 = DIRECTION('',(-0.989329961345,1.13202868425E-17,0.145692235845)
  );
#8957 = DIRECTION('',(-0.145692235845,1.667065554401E-18,-0.989329961345
    ));
#8958 = ADVANCED_FACE('',(#8959),#8970,.F.);
#8959 = FACE_BOUND('',#8960,.F.);
#8960 = EDGE_LOOP('',(#8961,#8967,#8968,#8969));
#8961 = ORIENTED_EDGE('',*,*,#8962,.T.);
#8962 = EDGE_CURVE('',#6170,#6272,#8963,.T.);
#8963 = LINE('',#8964,#8965);
#8964 = CARTESIAN_POINT('',(-2.673560097287,1.82,0.232635182233));
#8965 = VECTOR('',#8966,1.);
#8966 = DIRECTION('',(1.144237745222E-17,1.,0.));
#8967 = ORIENTED_EDGE('',*,*,#6280,.T.);
#8968 = ORIENTED_EDGE('',*,*,#7827,.F.);
#8969 = ORIENTED_EDGE('',*,*,#6178,.F.);
#8970 = PLANE('',#8971);
#8971 = AXIS2_PLACEMENT_3D('',#8972,#8973,#8974);
#8972 = CARTESIAN_POINT('',(-2.673560097287,1.82,0.232635182233));
#8973 = DIRECTION('',(0.989329961345,-1.13202868425E-17,-0.145692235845)
  );
#8974 = DIRECTION('',(0.145692235845,-1.667065554401E-18,0.989329961345)
  );
#8975 = ADVANCED_FACE('',(#8976),#8987,.F.);
#8976 = FACE_BOUND('',#8977,.F.);
#8977 = EDGE_LOOP('',(#8978,#8984,#8985,#8986));
#8978 = ORIENTED_EDGE('',*,*,#8979,.T.);
#8979 = EDGE_CURVE('',#6162,#6264,#8980,.T.);
#8980 = LINE('',#8981,#8982);
#8981 = CARTESIAN_POINT('',(-2.772040872589,1.82,0.15));
#8982 = VECTOR('',#8983,1.);
#8983 = DIRECTION('',(1.144237745222E-17,1.,0.));
#8984 = ORIENTED_EDGE('',*,*,#6271,.T.);
#8985 = ORIENTED_EDGE('',*,*,#8962,.F.);
#8986 = ORIENTED_EDGE('',*,*,#6169,.F.);
#8987 = CYLINDRICAL_SURFACE('',#8988,0.1);
#8988 = AXIS2_PLACEMENT_3D('',#8989,#8990,#8991);
#8989 = CARTESIAN_POINT('',(-2.772040872589,1.82,0.25));
#8990 = DIRECTION('',(-1.144237745222E-17,-1.,0.));
#8991 = DIRECTION('',(-0.,0.,-1.));
#8992 = ADVANCED_FACE('',(#8993),#9004,.F.);
#8993 = FACE_BOUND('',#8994,.F.);
#8994 = EDGE_LOOP('',(#8995,#9001,#9002,#9003));
#8995 = ORIENTED_EDGE('',*,*,#8996,.T.);
#8996 = EDGE_CURVE('',#6154,#6256,#8997,.T.);
#8997 = LINE('',#8998,#8999);
#8998 = CARTESIAN_POINT('',(-3.2,1.82,0.15));
#8999 = VECTOR('',#9000,1.);
#9000 = DIRECTION('',(1.144237745222E-17,1.,0.));
#9001 = ORIENTED_EDGE('',*,*,#6263,.T.);
#9002 = ORIENTED_EDGE('',*,*,#8979,.F.);
#9003 = ORIENTED_EDGE('',*,*,#6161,.F.);
#9004 = PLANE('',#9005);
#9005 = AXIS2_PLACEMENT_3D('',#9006,#9007,#9008);
#9006 = CARTESIAN_POINT('',(-3.2,1.82,0.15));
#9007 = DIRECTION('',(0.,0.,-1.));
#9008 = DIRECTION('',(1.,-1.144237745222E-17,0.));
#9009 = ADVANCED_FACE('',(#9010),#9021,.F.);
#9010 = FACE_BOUND('',#9011,.F.);
#9011 = EDGE_LOOP('',(#9012,#9018,#9019,#9020));
#9012 = ORIENTED_EDGE('',*,*,#9013,.T.);
#9013 = EDGE_CURVE('',#6146,#6248,#9014,.T.);
#9014 = LINE('',#9015,#9016);
#9015 = CARTESIAN_POINT('',(-3.2,1.82,-5.551115123126E-17));
#9016 = VECTOR('',#9017,1.);
#9017 = DIRECTION('',(1.144237745222E-17,1.,0.));
#9018 = ORIENTED_EDGE('',*,*,#6255,.T.);
#9019 = ORIENTED_EDGE('',*,*,#8996,.F.);
#9020 = ORIENTED_EDGE('',*,*,#6153,.F.);
#9021 = PLANE('',#9022);
#9022 = AXIS2_PLACEMENT_3D('',#9023,#9024,#9025);
#9023 = CARTESIAN_POINT('',(-3.2,1.82,-5.551115123126E-17));
#9024 = DIRECTION('',(1.,-1.144237745222E-17,0.));
#9025 = DIRECTION('',(0.,0.,1.));
#9026 = ADVANCED_FACE('',(#9027),#9038,.F.);
#9027 = FACE_BOUND('',#9028,.F.);
#9028 = EDGE_LOOP('',(#9029,#9035,#9036,#9037));
#9029 = ORIENTED_EDGE('',*,*,#9030,.T.);
#9030 = EDGE_CURVE('',#6137,#6239,#9031,.T.);
#9031 = LINE('',#9032,#9033);
#9032 = CARTESIAN_POINT('',(-2.772040872589,1.82,-5.551115123126E-17));
#9033 = VECTOR('',#9034,1.);
#9034 = DIRECTION('',(1.144237745222E-17,1.,0.));
#9035 = ORIENTED_EDGE('',*,*,#6247,.T.);
#9036 = ORIENTED_EDGE('',*,*,#9013,.F.);
#9037 = ORIENTED_EDGE('',*,*,#6145,.F.);
#9038 = PLANE('',#9039);
#9039 = AXIS2_PLACEMENT_3D('',#9040,#9041,#9042);
#9040 = CARTESIAN_POINT('',(-2.772040872589,1.82,-5.551115123126E-17));
#9041 = DIRECTION('',(0.,0.,1.));
#9042 = DIRECTION('',(-1.,1.144237745222E-17,0.));
#9043 = ADVANCED_FACE('',(#9044),#9055,.T.);
#9044 = FACE_BOUND('',#9045,.T.);
#9045 = EDGE_LOOP('',(#9046,#9047,#9048,#9049));
#9046 = ORIENTED_EDGE('',*,*,#6136,.T.);
#9047 = ORIENTED_EDGE('',*,*,#9030,.T.);
#9048 = ORIENTED_EDGE('',*,*,#6238,.F.);
#9049 = ORIENTED_EDGE('',*,*,#9050,.F.);
#9050 = EDGE_CURVE('',#6129,#6231,#9051,.T.);
#9051 = LINE('',#9052,#9053);
#9052 = CARTESIAN_POINT('',(-2.525838934336,1.82,0.206587955583));
#9053 = VECTOR('',#9054,1.);
#9054 = DIRECTION('',(1.144237745222E-17,1.,0.));
#9055 = CYLINDRICAL_SURFACE('',#9056,0.25);
#9056 = AXIS2_PLACEMENT_3D('',#9057,#9058,#9059);
#9057 = CARTESIAN_POINT('',(-2.772040872589,1.82,0.25));
#9058 = DIRECTION('',(-1.144237745222E-17,-1.,0.));
#9059 = DIRECTION('',(0.984807753012,-1.126854202784E-17,-0.173648177667
    ));
#9060 = ADVANCED_FACE('',(#9061),#9067,.F.);
#9061 = FACE_BOUND('',#9062,.F.);
#9062 = EDGE_LOOP('',(#9063,#9064,#9065,#9066));
#9063 = ORIENTED_EDGE('',*,*,#6212,.T.);
#9064 = ORIENTED_EDGE('',*,*,#6230,.T.);
#9065 = ORIENTED_EDGE('',*,*,#9050,.F.);
#9066 = ORIENTED_EDGE('',*,*,#6128,.F.);
#9067 = PLANE('',#9068);
#9068 = AXIS2_PLACEMENT_3D('',#9069,#9070,#9071);
#9069 = CARTESIAN_POINT('',(-2.498480775301,1.82,0.392364817767));
#9070 = DIRECTION('',(-0.989329961345,1.13202868425E-17,0.145692235845)
  );
#9071 = DIRECTION('',(-0.145692235845,1.667065554401E-18,-0.989329961345
    ));
#9072 = ADVANCED_FACE('',(#9073),#9084,.F.);
#9073 = FACE_BOUND('',#9074,.F.);
#9074 = EDGE_LOOP('',(#9075,#9081,#9082,#9083));
#9075 = ORIENTED_EDGE('',*,*,#9076,.T.);
#9076 = EDGE_CURVE('',#6357,#6459,#9077,.T.);
#9077 = LINE('',#9078,#9079);
#9078 = CARTESIAN_POINT('',(2.673560097287,2.08,0.232635182233));
#9079 = VECTOR('',#9080,1.);
#9080 = DIRECTION('',(1.110223024625E-16,-1.,0.));
#9081 = ORIENTED_EDGE('',*,*,#6467,.T.);
#9082 = ORIENTED_EDGE('',*,*,#8150,.F.);
#9083 = ORIENTED_EDGE('',*,*,#6365,.F.);
#9084 = PLANE('',#9085);
#9085 = AXIS2_PLACEMENT_3D('',#9086,#9087,#9088);
#9086 = CARTESIAN_POINT('',(2.673560097287,2.08,0.232635182233));
#9087 = DIRECTION('',(-0.989329961345,-1.098376902036E-16,
    -0.145692235845));
#9088 = DIRECTION('',(-0.145692235845,-1.617508747447E-17,0.989329961345
    ));
#9089 = ADVANCED_FACE('',(#9090),#9101,.F.);
#9090 = FACE_BOUND('',#9091,.F.);
#9091 = EDGE_LOOP('',(#9092,#9098,#9099,#9100));
#9092 = ORIENTED_EDGE('',*,*,#9093,.T.);
#9093 = EDGE_CURVE('',#6349,#6451,#9094,.T.);
#9094 = LINE('',#9095,#9096);
#9095 = CARTESIAN_POINT('',(2.772040872589,2.08,0.15));
#9096 = VECTOR('',#9097,1.);
#9097 = DIRECTION('',(1.110223024625E-16,-1.,0.));
#9098 = ORIENTED_EDGE('',*,*,#6458,.T.);
#9099 = ORIENTED_EDGE('',*,*,#9076,.F.);
#9100 = ORIENTED_EDGE('',*,*,#6356,.F.);
#9101 = CYLINDRICAL_SURFACE('',#9102,0.1);
#9102 = AXIS2_PLACEMENT_3D('',#9103,#9104,#9105);
#9103 = CARTESIAN_POINT('',(2.772040872589,2.08,0.25));
#9104 = DIRECTION('',(-1.110223024625E-16,1.,0.));
#9105 = DIRECTION('',(0.,0.,-1.));
#9106 = ADVANCED_FACE('',(#9107),#9118,.F.);
#9107 = FACE_BOUND('',#9108,.F.);
#9108 = EDGE_LOOP('',(#9109,#9115,#9116,#9117));
#9109 = ORIENTED_EDGE('',*,*,#9110,.T.);
#9110 = EDGE_CURVE('',#6341,#6443,#9111,.T.);
#9111 = LINE('',#9112,#9113);
#9112 = CARTESIAN_POINT('',(3.2,2.08,0.15));
#9113 = VECTOR('',#9114,1.);
#9114 = DIRECTION('',(1.110223024625E-16,-1.,0.));
#9115 = ORIENTED_EDGE('',*,*,#6450,.T.);
#9116 = ORIENTED_EDGE('',*,*,#9093,.F.);
#9117 = ORIENTED_EDGE('',*,*,#6348,.F.);
#9118 = PLANE('',#9119);
#9119 = AXIS2_PLACEMENT_3D('',#9120,#9121,#9122);
#9120 = CARTESIAN_POINT('',(3.2,2.08,0.15));
#9121 = DIRECTION('',(0.,0.,-1.));
#9122 = DIRECTION('',(-1.,-1.110223024625E-16,-0.));
#9123 = ADVANCED_FACE('',(#9124),#9135,.F.);
#9124 = FACE_BOUND('',#9125,.F.);
#9125 = EDGE_LOOP('',(#9126,#9132,#9133,#9134));
#9126 = ORIENTED_EDGE('',*,*,#9127,.T.);
#9127 = EDGE_CURVE('',#6333,#6435,#9128,.T.);
#9128 = LINE('',#9129,#9130);
#9129 = CARTESIAN_POINT('',(3.2,2.08,-5.551115123126E-17));
#9130 = VECTOR('',#9131,1.);
#9131 = DIRECTION('',(1.110223024625E-16,-1.,0.));
#9132 = ORIENTED_EDGE('',*,*,#6442,.T.);
#9133 = ORIENTED_EDGE('',*,*,#9110,.F.);
#9134 = ORIENTED_EDGE('',*,*,#6340,.F.);
#9135 = PLANE('',#9136);
#9136 = AXIS2_PLACEMENT_3D('',#9137,#9138,#9139);
#9137 = CARTESIAN_POINT('',(3.2,2.08,-5.551115123126E-17));
#9138 = DIRECTION('',(-1.,-1.110223024625E-16,0.));
#9139 = DIRECTION('',(0.,0.,1.));
#9140 = ADVANCED_FACE('',(#9141),#9152,.F.);
#9141 = FACE_BOUND('',#9142,.F.);
#9142 = EDGE_LOOP('',(#9143,#9149,#9150,#9151));
#9143 = ORIENTED_EDGE('',*,*,#9144,.T.);
#9144 = EDGE_CURVE('',#6324,#6426,#9145,.T.);
#9145 = LINE('',#9146,#9147);
#9146 = CARTESIAN_POINT('',(2.772040872589,2.08,-5.551115123126E-17));
#9147 = VECTOR('',#9148,1.);
#9148 = DIRECTION('',(1.110223024625E-16,-1.,0.));
#9149 = ORIENTED_EDGE('',*,*,#6434,.T.);
#9150 = ORIENTED_EDGE('',*,*,#9127,.F.);
#9151 = ORIENTED_EDGE('',*,*,#6332,.F.);
#9152 = PLANE('',#9153);
#9153 = AXIS2_PLACEMENT_3D('',#9154,#9155,#9156);
#9154 = CARTESIAN_POINT('',(2.772040872589,2.08,-5.551115123126E-17));
#9155 = DIRECTION('',(0.,0.,1.));
#9156 = DIRECTION('',(1.,1.110223024625E-16,-0.));
#9157 = ADVANCED_FACE('',(#9158),#9169,.T.);
#9158 = FACE_BOUND('',#9159,.T.);
#9159 = EDGE_LOOP('',(#9160,#9161,#9162,#9163));
#9160 = ORIENTED_EDGE('',*,*,#6323,.T.);
#9161 = ORIENTED_EDGE('',*,*,#9144,.T.);
#9162 = ORIENTED_EDGE('',*,*,#6425,.F.);
#9163 = ORIENTED_EDGE('',*,*,#9164,.F.);
#9164 = EDGE_CURVE('',#6316,#6418,#9165,.T.);
#9165 = LINE('',#9166,#9167);
#9166 = CARTESIAN_POINT('',(2.525838934336,2.08,0.206587955583));
#9167 = VECTOR('',#9168,1.);
#9168 = DIRECTION('',(1.110223024625E-16,-1.,0.));
#9169 = CYLINDRICAL_SURFACE('',#9170,0.25);
#9170 = AXIS2_PLACEMENT_3D('',#9171,#9172,#9173);
#9171 = CARTESIAN_POINT('',(2.772040872589,2.08,0.25));
#9172 = DIRECTION('',(-1.110223024625E-16,1.,0.));
#9173 = DIRECTION('',(-0.984807753012,-1.093356242223E-16,
    -0.173648177667));
#9174 = ADVANCED_FACE('',(#9175),#9181,.F.);
#9175 = FACE_BOUND('',#9176,.F.);
#9176 = EDGE_LOOP('',(#9177,#9178,#9179,#9180));
#9177 = ORIENTED_EDGE('',*,*,#6399,.T.);
#9178 = ORIENTED_EDGE('',*,*,#6417,.T.);
#9179 = ORIENTED_EDGE('',*,*,#9164,.F.);
#9180 = ORIENTED_EDGE('',*,*,#6315,.F.);
#9181 = PLANE('',#9182);
#9182 = AXIS2_PLACEMENT_3D('',#9183,#9184,#9185);
#9183 = CARTESIAN_POINT('',(2.498480775301,2.08,0.392364817767));
#9184 = DIRECTION('',(0.989329961345,1.098376902036E-16,0.145692235845)
  );
#9185 = DIRECTION('',(0.145692235845,1.617508747447E-17,-0.989329961345)
  );
#9186 = ADVANCED_FACE('',(#9187),#9198,.T.);
#9187 = FACE_BOUND('',#9188,.T.);
#9188 = EDGE_LOOP('',(#9189,#9190,#9191,#9192));
#9189 = ORIENTED_EDGE('',*,*,#6577,.T.);
#9190 = ORIENTED_EDGE('',*,*,#8018,.T.);
#9191 = ORIENTED_EDGE('',*,*,#6686,.F.);
#9192 = ORIENTED_EDGE('',*,*,#9193,.F.);
#9193 = EDGE_CURVE('',#6570,#6679,#9194,.T.);
#9194 = LINE('',#9195,#9196);
#9195 = CARTESIAN_POINT('',(2.646201938253,1.43,0.418412044417));
#9196 = VECTOR('',#9197,1.);
#9197 = DIRECTION('',(1.110223024625E-16,-1.,0.));
#9198 = CYLINDRICAL_SURFACE('',#9199,0.25);
#9199 = AXIS2_PLACEMENT_3D('',#9200,#9201,#9202);
#9200 = CARTESIAN_POINT('',(2.4,1.43,0.375));
#9201 = DIRECTION('',(-1.110223024625E-16,1.,0.));
#9202 = DIRECTION('',(0.984807753012,1.093356242223E-16,0.173648177667)
  );
#9203 = ADVANCED_FACE('',(#9204),#9215,.F.);
#9204 = FACE_BOUND('',#9205,.F.);
#9205 = EDGE_LOOP('',(#9206,#9212,#9213,#9214));
#9206 = ORIENTED_EDGE('',*,*,#9207,.T.);
#9207 = EDGE_CURVE('',#6561,#6670,#9208,.T.);
#9208 = LINE('',#9209,#9210);
#9209 = CARTESIAN_POINT('',(2.673560097287,1.43,0.232635182233));
#9210 = VECTOR('',#9211,1.);
#9211 = DIRECTION('',(1.110223024625E-16,-1.,0.));
#9212 = ORIENTED_EDGE('',*,*,#6678,.T.);
#9213 = ORIENTED_EDGE('',*,*,#9193,.F.);
#9214 = ORIENTED_EDGE('',*,*,#6569,.F.);
#9215 = PLANE('',#9216);
#9216 = AXIS2_PLACEMENT_3D('',#9217,#9218,#9219);
#9217 = CARTESIAN_POINT('',(2.673560097287,1.43,0.232635182233));
#9218 = DIRECTION('',(-0.989329961345,-1.098376902036E-16,
    -0.145692235845));
#9219 = DIRECTION('',(-0.145692235845,-1.617508747447E-17,0.989329961345
    ));
#9220 = ADVANCED_FACE('',(#9221),#9232,.F.);
#9221 = FACE_BOUND('',#9222,.F.);
#9222 = EDGE_LOOP('',(#9223,#9229,#9230,#9231));
#9223 = ORIENTED_EDGE('',*,*,#9224,.T.);
#9224 = EDGE_CURVE('',#6553,#6662,#9225,.T.);
#9225 = LINE('',#9226,#9227);
#9226 = CARTESIAN_POINT('',(2.772040872589,1.43,0.15));
#9227 = VECTOR('',#9228,1.);
#9228 = DIRECTION('',(1.110223024625E-16,-1.,0.));
#9229 = ORIENTED_EDGE('',*,*,#6669,.T.);
#9230 = ORIENTED_EDGE('',*,*,#9207,.F.);
#9231 = ORIENTED_EDGE('',*,*,#6560,.F.);
#9232 = CYLINDRICAL_SURFACE('',#9233,0.1);
#9233 = AXIS2_PLACEMENT_3D('',#9234,#9235,#9236);
#9234 = CARTESIAN_POINT('',(2.772040872589,1.43,0.25));
#9235 = DIRECTION('',(-1.110223024625E-16,1.,0.));
#9236 = DIRECTION('',(0.,0.,-1.));
#9237 = ADVANCED_FACE('',(#9238),#9249,.F.);
#9238 = FACE_BOUND('',#9239,.F.);
#9239 = EDGE_LOOP('',(#9240,#9246,#9247,#9248));
#9240 = ORIENTED_EDGE('',*,*,#9241,.T.);
#9241 = EDGE_CURVE('',#6545,#6654,#9242,.T.);
#9242 = LINE('',#9243,#9244);
#9243 = CARTESIAN_POINT('',(3.2,1.43,0.15));
#9244 = VECTOR('',#9245,1.);
#9245 = DIRECTION('',(1.110223024625E-16,-1.,0.));
#9246 = ORIENTED_EDGE('',*,*,#6661,.T.);
#9247 = ORIENTED_EDGE('',*,*,#9224,.F.);
#9248 = ORIENTED_EDGE('',*,*,#6552,.F.);
#9249 = PLANE('',#9250);
#9250 = AXIS2_PLACEMENT_3D('',#9251,#9252,#9253);
#9251 = CARTESIAN_POINT('',(3.2,1.43,0.15));
#9252 = DIRECTION('',(0.,0.,-1.));
#9253 = DIRECTION('',(-1.,-1.110223024625E-16,-0.));
#9254 = ADVANCED_FACE('',(#9255),#9266,.F.);
#9255 = FACE_BOUND('',#9256,.F.);
#9256 = EDGE_LOOP('',(#9257,#9263,#9264,#9265));
#9257 = ORIENTED_EDGE('',*,*,#9258,.T.);
#9258 = EDGE_CURVE('',#6537,#6646,#9259,.T.);
#9259 = LINE('',#9260,#9261);
#9260 = CARTESIAN_POINT('',(3.2,1.43,-5.551115123126E-17));
#9261 = VECTOR('',#9262,1.);
#9262 = DIRECTION('',(1.110223024625E-16,-1.,0.));
#9263 = ORIENTED_EDGE('',*,*,#6653,.T.);
#9264 = ORIENTED_EDGE('',*,*,#9241,.F.);
#9265 = ORIENTED_EDGE('',*,*,#6544,.F.);
#9266 = PLANE('',#9267);
#9267 = AXIS2_PLACEMENT_3D('',#9268,#9269,#9270);
#9268 = CARTESIAN_POINT('',(3.2,1.43,-5.551115123126E-17));
#9269 = DIRECTION('',(-1.,-1.110223024625E-16,0.));
#9270 = DIRECTION('',(0.,0.,1.));
#9271 = ADVANCED_FACE('',(#9272),#9283,.F.);
#9272 = FACE_BOUND('',#9273,.F.);
#9273 = EDGE_LOOP('',(#9274,#9280,#9281,#9282));
#9274 = ORIENTED_EDGE('',*,*,#9275,.T.);
#9275 = EDGE_CURVE('',#6528,#6637,#9276,.T.);
#9276 = LINE('',#9277,#9278);
#9277 = CARTESIAN_POINT('',(2.772040872589,1.43,-5.551115123126E-17));
#9278 = VECTOR('',#9279,1.);
#9279 = DIRECTION('',(1.110223024625E-16,-1.,0.));
#9280 = ORIENTED_EDGE('',*,*,#6645,.T.);
#9281 = ORIENTED_EDGE('',*,*,#9258,.F.);
#9282 = ORIENTED_EDGE('',*,*,#6536,.F.);
#9283 = PLANE('',#9284);
#9284 = AXIS2_PLACEMENT_3D('',#9285,#9286,#9287);
#9285 = CARTESIAN_POINT('',(2.772040872589,1.43,-5.551115123126E-17));
#9286 = DIRECTION('',(0.,0.,1.));
#9287 = DIRECTION('',(1.,1.110223024625E-16,-0.));
#9288 = ADVANCED_FACE('',(#9289),#9300,.T.);
#9289 = FACE_BOUND('',#9290,.T.);
#9290 = EDGE_LOOP('',(#9291,#9292,#9293,#9294));
#9291 = ORIENTED_EDGE('',*,*,#6527,.T.);
#9292 = ORIENTED_EDGE('',*,*,#9275,.T.);
#9293 = ORIENTED_EDGE('',*,*,#6636,.F.);
#9294 = ORIENTED_EDGE('',*,*,#9295,.F.);
#9295 = EDGE_CURVE('',#6520,#6629,#9296,.T.);
#9296 = LINE('',#9297,#9298);
#9297 = CARTESIAN_POINT('',(2.525838934336,1.43,0.206587955583));
#9298 = VECTOR('',#9299,1.);
#9299 = DIRECTION('',(1.110223024625E-16,-1.,0.));
#9300 = CYLINDRICAL_SURFACE('',#9301,0.25);
#9301 = AXIS2_PLACEMENT_3D('',#9302,#9303,#9304);
#9302 = CARTESIAN_POINT('',(2.772040872589,1.43,0.25));
#9303 = DIRECTION('',(-1.110223024625E-16,1.,0.));
#9304 = DIRECTION('',(-0.984807753012,-1.093356242223E-16,
    -0.173648177667));
#9305 = ADVANCED_FACE('',(#9306),#9312,.F.);
#9306 = FACE_BOUND('',#9307,.F.);
#9307 = EDGE_LOOP('',(#9308,#9309,#9310,#9311));
#9308 = ORIENTED_EDGE('',*,*,#6610,.T.);
#9309 = ORIENTED_EDGE('',*,*,#6628,.T.);
#9310 = ORIENTED_EDGE('',*,*,#9295,.F.);
#9311 = ORIENTED_EDGE('',*,*,#6519,.F.);
#9312 = PLANE('',#9313);
#9313 = AXIS2_PLACEMENT_3D('',#9314,#9315,#9316);
#9314 = CARTESIAN_POINT('',(2.498480775301,1.43,0.392364817767));
#9315 = DIRECTION('',(0.989329961345,1.098376902036E-16,0.145692235845)
  );
#9316 = DIRECTION('',(0.145692235845,1.617508747447E-17,-0.989329961345)
  );
#9317 = ADVANCED_FACE('',(#9318),#9329,.T.);
#9318 = FACE_BOUND('',#9319,.T.);
#9319 = EDGE_LOOP('',(#9320,#9321,#9322,#9323));
#9320 = ORIENTED_EDGE('',*,*,#6800,.T.);
#9321 = ORIENTED_EDGE('',*,*,#8037,.T.);
#9322 = ORIENTED_EDGE('',*,*,#6909,.F.);
#9323 = ORIENTED_EDGE('',*,*,#9324,.F.);
#9324 = EDGE_CURVE('',#6793,#6902,#9325,.T.);
#9325 = LINE('',#9326,#9327);
#9326 = CARTESIAN_POINT('',(2.646201938253,0.78,0.418412044417));
#9327 = VECTOR('',#9328,1.);
#9328 = DIRECTION('',(1.110223024625E-16,-1.,0.));
#9329 = CYLINDRICAL_SURFACE('',#9330,0.25);
#9330 = AXIS2_PLACEMENT_3D('',#9331,#9332,#9333);
#9331 = CARTESIAN_POINT('',(2.4,0.78,0.375));
#9332 = DIRECTION('',(-1.110223024625E-16,1.,0.));
#9333 = DIRECTION('',(0.984807753012,1.093356242223E-16,0.173648177667)
  );
#9334 = ADVANCED_FACE('',(#9335),#9346,.F.);
#9335 = FACE_BOUND('',#9336,.F.);
#9336 = EDGE_LOOP('',(#9337,#9343,#9344,#9345));
#9337 = ORIENTED_EDGE('',*,*,#9338,.T.);
#9338 = EDGE_CURVE('',#6784,#6893,#9339,.T.);
#9339 = LINE('',#9340,#9341);
#9340 = CARTESIAN_POINT('',(2.673560097287,0.78,0.232635182233));
#9341 = VECTOR('',#9342,1.);
#9342 = DIRECTION('',(1.110223024625E-16,-1.,0.));
#9343 = ORIENTED_EDGE('',*,*,#6901,.T.);
#9344 = ORIENTED_EDGE('',*,*,#9324,.F.);
#9345 = ORIENTED_EDGE('',*,*,#6792,.F.);
#9346 = PLANE('',#9347);
#9347 = AXIS2_PLACEMENT_3D('',#9348,#9349,#9350);
#9348 = CARTESIAN_POINT('',(2.673560097287,0.78,0.232635182233));
#9349 = DIRECTION('',(-0.989329961345,-1.098376902036E-16,
    -0.145692235845));
#9350 = DIRECTION('',(-0.145692235845,-1.617508747447E-17,0.989329961345
    ));
#9351 = ADVANCED_FACE('',(#9352),#9363,.F.);
#9352 = FACE_BOUND('',#9353,.F.);
#9353 = EDGE_LOOP('',(#9354,#9360,#9361,#9362));
#9354 = ORIENTED_EDGE('',*,*,#9355,.T.);
#9355 = EDGE_CURVE('',#6776,#6885,#9356,.T.);
#9356 = LINE('',#9357,#9358);
#9357 = CARTESIAN_POINT('',(2.772040872589,0.78,0.15));
#9358 = VECTOR('',#9359,1.);
#9359 = DIRECTION('',(1.110223024625E-16,-1.,0.));
#9360 = ORIENTED_EDGE('',*,*,#6892,.T.);
#9361 = ORIENTED_EDGE('',*,*,#9338,.F.);
#9362 = ORIENTED_EDGE('',*,*,#6783,.F.);
#9363 = CYLINDRICAL_SURFACE('',#9364,0.1);
#9364 = AXIS2_PLACEMENT_3D('',#9365,#9366,#9367);
#9365 = CARTESIAN_POINT('',(2.772040872589,0.78,0.25));
#9366 = DIRECTION('',(-1.110223024625E-16,1.,0.));
#9367 = DIRECTION('',(0.,0.,-1.));
#9368 = ADVANCED_FACE('',(#9369),#9380,.F.);
#9369 = FACE_BOUND('',#9370,.F.);
#9370 = EDGE_LOOP('',(#9371,#9377,#9378,#9379));
#9371 = ORIENTED_EDGE('',*,*,#9372,.T.);
#9372 = EDGE_CURVE('',#6768,#6877,#9373,.T.);
#9373 = LINE('',#9374,#9375);
#9374 = CARTESIAN_POINT('',(3.2,0.78,0.15));
#9375 = VECTOR('',#9376,1.);
#9376 = DIRECTION('',(1.110223024625E-16,-1.,0.));
#9377 = ORIENTED_EDGE('',*,*,#6884,.T.);
#9378 = ORIENTED_EDGE('',*,*,#9355,.F.);
#9379 = ORIENTED_EDGE('',*,*,#6775,.F.);
#9380 = PLANE('',#9381);
#9381 = AXIS2_PLACEMENT_3D('',#9382,#9383,#9384);
#9382 = CARTESIAN_POINT('',(3.2,0.78,0.15));
#9383 = DIRECTION('',(0.,0.,-1.));
#9384 = DIRECTION('',(-1.,-1.110223024625E-16,-0.));
#9385 = ADVANCED_FACE('',(#9386),#9397,.F.);
#9386 = FACE_BOUND('',#9387,.F.);
#9387 = EDGE_LOOP('',(#9388,#9394,#9395,#9396));
#9388 = ORIENTED_EDGE('',*,*,#9389,.T.);
#9389 = EDGE_CURVE('',#6760,#6869,#9390,.T.);
#9390 = LINE('',#9391,#9392);
#9391 = CARTESIAN_POINT('',(3.2,0.78,-5.551115123126E-17));
#9392 = VECTOR('',#9393,1.);
#9393 = DIRECTION('',(1.110223024625E-16,-1.,0.));
#9394 = ORIENTED_EDGE('',*,*,#6876,.T.);
#9395 = ORIENTED_EDGE('',*,*,#9372,.F.);
#9396 = ORIENTED_EDGE('',*,*,#6767,.F.);
#9397 = PLANE('',#9398);
#9398 = AXIS2_PLACEMENT_3D('',#9399,#9400,#9401);
#9399 = CARTESIAN_POINT('',(3.2,0.78,-5.551115123126E-17));
#9400 = DIRECTION('',(-1.,-1.110223024625E-16,0.));
#9401 = DIRECTION('',(0.,0.,1.));
#9402 = ADVANCED_FACE('',(#9403),#9414,.F.);
#9403 = FACE_BOUND('',#9404,.F.);
#9404 = EDGE_LOOP('',(#9405,#9411,#9412,#9413));
#9405 = ORIENTED_EDGE('',*,*,#9406,.T.);
#9406 = EDGE_CURVE('',#6751,#6860,#9407,.T.);
#9407 = LINE('',#9408,#9409);
#9408 = CARTESIAN_POINT('',(2.772040872589,0.78,-5.551115123126E-17));
#9409 = VECTOR('',#9410,1.);
#9410 = DIRECTION('',(1.110223024625E-16,-1.,0.));
#9411 = ORIENTED_EDGE('',*,*,#6868,.T.);
#9412 = ORIENTED_EDGE('',*,*,#9389,.F.);
#9413 = ORIENTED_EDGE('',*,*,#6759,.F.);
#9414 = PLANE('',#9415);
#9415 = AXIS2_PLACEMENT_3D('',#9416,#9417,#9418);
#9416 = CARTESIAN_POINT('',(2.772040872589,0.78,-5.551115123126E-17));
#9417 = DIRECTION('',(0.,0.,1.));
#9418 = DIRECTION('',(1.,1.110223024625E-16,-0.));
#9419 = ADVANCED_FACE('',(#9420),#9431,.T.);
#9420 = FACE_BOUND('',#9421,.T.);
#9421 = EDGE_LOOP('',(#9422,#9423,#9424,#9425));
#9422 = ORIENTED_EDGE('',*,*,#6750,.T.);
#9423 = ORIENTED_EDGE('',*,*,#9406,.T.);
#9424 = ORIENTED_EDGE('',*,*,#6859,.F.);
#9425 = ORIENTED_EDGE('',*,*,#9426,.F.);
#9426 = EDGE_CURVE('',#6743,#6852,#9427,.T.);
#9427 = LINE('',#9428,#9429);
#9428 = CARTESIAN_POINT('',(2.525838934336,0.78,0.206587955583));
#9429 = VECTOR('',#9430,1.);
#9430 = DIRECTION('',(1.110223024625E-16,-1.,0.));
#9431 = CYLINDRICAL_SURFACE('',#9432,0.25);
#9432 = AXIS2_PLACEMENT_3D('',#9433,#9434,#9435);
#9433 = CARTESIAN_POINT('',(2.772040872589,0.78,0.25));
#9434 = DIRECTION('',(-1.110223024625E-16,1.,0.));
#9435 = DIRECTION('',(-0.984807753012,-1.093356242223E-16,
    -0.173648177667));
#9436 = ADVANCED_FACE('',(#9437),#9443,.F.);
#9437 = FACE_BOUND('',#9438,.F.);
#9438 = EDGE_LOOP('',(#9439,#9440,#9441,#9442));
#9439 = ORIENTED_EDGE('',*,*,#6833,.T.);
#9440 = ORIENTED_EDGE('',*,*,#6851,.T.);
#9441 = ORIENTED_EDGE('',*,*,#9426,.F.);
#9442 = ORIENTED_EDGE('',*,*,#6742,.F.);
#9443 = PLANE('',#9444);
#9444 = AXIS2_PLACEMENT_3D('',#9445,#9446,#9447);
#9445 = CARTESIAN_POINT('',(2.498480775301,0.78,0.392364817767));
#9446 = DIRECTION('',(0.989329961345,1.098376902036E-16,0.145692235845)
  );
#9447 = DIRECTION('',(0.145692235845,1.617508747447E-17,-0.989329961345)
  );
#9448 = ADVANCED_FACE('',(#9449),#9460,.T.);
#9449 = FACE_BOUND('',#9450,.T.);
#9450 = EDGE_LOOP('',(#9451,#9452,#9453,#9454));
#9451 = ORIENTED_EDGE('',*,*,#7023,.T.);
#9452 = ORIENTED_EDGE('',*,*,#8056,.T.);
#9453 = ORIENTED_EDGE('',*,*,#7132,.F.);
#9454 = ORIENTED_EDGE('',*,*,#9455,.F.);
#9455 = EDGE_CURVE('',#7016,#7125,#9456,.T.);
#9456 = LINE('',#9457,#9458);
#9457 = CARTESIAN_POINT('',(2.646201938253,0.13,0.418412044417));
#9458 = VECTOR('',#9459,1.);
#9459 = DIRECTION('',(1.110223024625E-16,-1.,0.));
#9460 = CYLINDRICAL_SURFACE('',#9461,0.25);
#9461 = AXIS2_PLACEMENT_3D('',#9462,#9463,#9464);
#9462 = CARTESIAN_POINT('',(2.4,0.13,0.375));
#9463 = DIRECTION('',(-1.110223024625E-16,1.,0.));
#9464 = DIRECTION('',(0.984807753012,1.093356242223E-16,0.173648177667)
  );
#9465 = ADVANCED_FACE('',(#9466),#9477,.F.);
#9466 = FACE_BOUND('',#9467,.F.);
#9467 = EDGE_LOOP('',(#9468,#9474,#9475,#9476));
#9468 = ORIENTED_EDGE('',*,*,#9469,.T.);
#9469 = EDGE_CURVE('',#7007,#7116,#9470,.T.);
#9470 = LINE('',#9471,#9472);
#9471 = CARTESIAN_POINT('',(2.673560097287,0.13,0.232635182233));
#9472 = VECTOR('',#9473,1.);
#9473 = DIRECTION('',(1.110223024625E-16,-1.,0.));
#9474 = ORIENTED_EDGE('',*,*,#7124,.T.);
#9475 = ORIENTED_EDGE('',*,*,#9455,.F.);
#9476 = ORIENTED_EDGE('',*,*,#7015,.F.);
#9477 = PLANE('',#9478);
#9478 = AXIS2_PLACEMENT_3D('',#9479,#9480,#9481);
#9479 = CARTESIAN_POINT('',(2.673560097287,0.13,0.232635182233));
#9480 = DIRECTION('',(-0.989329961345,-1.098376902036E-16,
    -0.145692235845));
#9481 = DIRECTION('',(-0.145692235845,-1.617508747447E-17,0.989329961345
    ));
#9482 = ADVANCED_FACE('',(#9483),#9494,.F.);
#9483 = FACE_BOUND('',#9484,.F.);
#9484 = EDGE_LOOP('',(#9485,#9491,#9492,#9493));
#9485 = ORIENTED_EDGE('',*,*,#9486,.T.);
#9486 = EDGE_CURVE('',#6999,#7108,#9487,.T.);
#9487 = LINE('',#9488,#9489);
#9488 = CARTESIAN_POINT('',(2.772040872589,0.13,0.15));
#9489 = VECTOR('',#9490,1.);
#9490 = DIRECTION('',(1.110223024625E-16,-1.,0.));
#9491 = ORIENTED_EDGE('',*,*,#7115,.T.);
#9492 = ORIENTED_EDGE('',*,*,#9469,.F.);
#9493 = ORIENTED_EDGE('',*,*,#7006,.F.);
#9494 = CYLINDRICAL_SURFACE('',#9495,0.1);
#9495 = AXIS2_PLACEMENT_3D('',#9496,#9497,#9498);
#9496 = CARTESIAN_POINT('',(2.772040872589,0.13,0.25));
#9497 = DIRECTION('',(-1.110223024625E-16,1.,0.));
#9498 = DIRECTION('',(0.,0.,-1.));
#9499 = ADVANCED_FACE('',(#9500),#9511,.F.);
#9500 = FACE_BOUND('',#9501,.F.);
#9501 = EDGE_LOOP('',(#9502,#9508,#9509,#9510));
#9502 = ORIENTED_EDGE('',*,*,#9503,.T.);
#9503 = EDGE_CURVE('',#6991,#7100,#9504,.T.);
#9504 = LINE('',#9505,#9506);
#9505 = CARTESIAN_POINT('',(3.2,0.13,0.15));
#9506 = VECTOR('',#9507,1.);
#9507 = DIRECTION('',(1.110223024625E-16,-1.,0.));
#9508 = ORIENTED_EDGE('',*,*,#7107,.T.);
#9509 = ORIENTED_EDGE('',*,*,#9486,.F.);
#9510 = ORIENTED_EDGE('',*,*,#6998,.F.);
#9511 = PLANE('',#9512);
#9512 = AXIS2_PLACEMENT_3D('',#9513,#9514,#9515);
#9513 = CARTESIAN_POINT('',(3.2,0.13,0.15));
#9514 = DIRECTION('',(0.,0.,-1.));
#9515 = DIRECTION('',(-1.,-1.110223024625E-16,-0.));
#9516 = ADVANCED_FACE('',(#9517),#9528,.F.);
#9517 = FACE_BOUND('',#9518,.F.);
#9518 = EDGE_LOOP('',(#9519,#9525,#9526,#9527));
#9519 = ORIENTED_EDGE('',*,*,#9520,.T.);
#9520 = EDGE_CURVE('',#6983,#7092,#9521,.T.);
#9521 = LINE('',#9522,#9523);
#9522 = CARTESIAN_POINT('',(3.2,0.13,-5.551115123126E-17));
#9523 = VECTOR('',#9524,1.);
#9524 = DIRECTION('',(1.110223024625E-16,-1.,0.));
#9525 = ORIENTED_EDGE('',*,*,#7099,.T.);
#9526 = ORIENTED_EDGE('',*,*,#9503,.F.);
#9527 = ORIENTED_EDGE('',*,*,#6990,.F.);
#9528 = PLANE('',#9529);
#9529 = AXIS2_PLACEMENT_3D('',#9530,#9531,#9532);
#9530 = CARTESIAN_POINT('',(3.2,0.13,-5.551115123126E-17));
#9531 = DIRECTION('',(-1.,-1.110223024625E-16,0.));
#9532 = DIRECTION('',(0.,0.,1.));
#9533 = ADVANCED_FACE('',(#9534),#9545,.F.);
#9534 = FACE_BOUND('',#9535,.F.);
#9535 = EDGE_LOOP('',(#9536,#9542,#9543,#9544));
#9536 = ORIENTED_EDGE('',*,*,#9537,.T.);
#9537 = EDGE_CURVE('',#6974,#7083,#9538,.T.);
#9538 = LINE('',#9539,#9540);
#9539 = CARTESIAN_POINT('',(2.772040872589,0.13,-5.551115123126E-17));
#9540 = VECTOR('',#9541,1.);
#9541 = DIRECTION('',(1.110223024625E-16,-1.,0.));
#9542 = ORIENTED_EDGE('',*,*,#7091,.T.);
#9543 = ORIENTED_EDGE('',*,*,#9520,.F.);
#9544 = ORIENTED_EDGE('',*,*,#6982,.F.);
#9545 = PLANE('',#9546);
#9546 = AXIS2_PLACEMENT_3D('',#9547,#9548,#9549);
#9547 = CARTESIAN_POINT('',(2.772040872589,0.13,-5.551115123126E-17));
#9548 = DIRECTION('',(0.,0.,1.));
#9549 = DIRECTION('',(1.,1.110223024625E-16,-0.));
#9550 = ADVANCED_FACE('',(#9551),#9562,.T.);
#9551 = FACE_BOUND('',#9552,.T.);
#9552 = EDGE_LOOP('',(#9553,#9554,#9555,#9556));
#9553 = ORIENTED_EDGE('',*,*,#6973,.T.);
#9554 = ORIENTED_EDGE('',*,*,#9537,.T.);
#9555 = ORIENTED_EDGE('',*,*,#7082,.F.);
#9556 = ORIENTED_EDGE('',*,*,#9557,.F.);
#9557 = EDGE_CURVE('',#6966,#7075,#9558,.T.);
#9558 = LINE('',#9559,#9560);
#9559 = CARTESIAN_POINT('',(2.525838934336,0.13,0.206587955583));
#9560 = VECTOR('',#9561,1.);
#9561 = DIRECTION('',(1.110223024625E-16,-1.,0.));
#9562 = CYLINDRICAL_SURFACE('',#9563,0.25);
#9563 = AXIS2_PLACEMENT_3D('',#9564,#9565,#9566);
#9564 = CARTESIAN_POINT('',(2.772040872589,0.13,0.25));
#9565 = DIRECTION('',(-1.110223024625E-16,1.,0.));
#9566 = DIRECTION('',(-0.984807753012,-1.093356242223E-16,
    -0.173648177667));
#9567 = ADVANCED_FACE('',(#9568),#9574,.F.);
#9568 = FACE_BOUND('',#9569,.F.);
#9569 = EDGE_LOOP('',(#9570,#9571,#9572,#9573));
#9570 = ORIENTED_EDGE('',*,*,#7056,.T.);
#9571 = ORIENTED_EDGE('',*,*,#7074,.T.);
#9572 = ORIENTED_EDGE('',*,*,#9557,.F.);
#9573 = ORIENTED_EDGE('',*,*,#6965,.F.);
#9574 = PLANE('',#9575);
#9575 = AXIS2_PLACEMENT_3D('',#9576,#9577,#9578);
#9576 = CARTESIAN_POINT('',(2.498480775301,0.13,0.392364817767));
#9577 = DIRECTION('',(0.989329961345,1.098376902036E-16,0.145692235845)
  );
#9578 = DIRECTION('',(0.145692235845,1.617508747447E-17,-0.989329961345)
  );
#9579 = ADVANCED_FACE('',(#9580),#9591,.T.);
#9580 = FACE_BOUND('',#9581,.T.);
#9581 = EDGE_LOOP('',(#9582,#9583,#9584,#9585));
#9582 = ORIENTED_EDGE('',*,*,#7246,.T.);
#9583 = ORIENTED_EDGE('',*,*,#8075,.T.);
#9584 = ORIENTED_EDGE('',*,*,#7355,.F.);
#9585 = ORIENTED_EDGE('',*,*,#9586,.F.);
#9586 = EDGE_CURVE('',#7239,#7348,#9587,.T.);
#9587 = LINE('',#9588,#9589);
#9588 = CARTESIAN_POINT('',(2.646201938253,-0.52,0.418412044417));
#9589 = VECTOR('',#9590,1.);
#9590 = DIRECTION('',(1.110223024625E-16,-1.,0.));
#9591 = CYLINDRICAL_SURFACE('',#9592,0.25);
#9592 = AXIS2_PLACEMENT_3D('',#9593,#9594,#9595);
#9593 = CARTESIAN_POINT('',(2.4,-0.52,0.375));
#9594 = DIRECTION('',(-1.110223024625E-16,1.,0.));
#9595 = DIRECTION('',(0.984807753012,1.093356242223E-16,0.173648177667)
  );
#9596 = ADVANCED_FACE('',(#9597),#9608,.F.);
#9597 = FACE_BOUND('',#9598,.F.);
#9598 = EDGE_LOOP('',(#9599,#9605,#9606,#9607));
#9599 = ORIENTED_EDGE('',*,*,#9600,.T.);
#9600 = EDGE_CURVE('',#7230,#7339,#9601,.T.);
#9601 = LINE('',#9602,#9603);
#9602 = CARTESIAN_POINT('',(2.673560097287,-0.52,0.232635182233));
#9603 = VECTOR('',#9604,1.);
#9604 = DIRECTION('',(1.110223024625E-16,-1.,0.));
#9605 = ORIENTED_EDGE('',*,*,#7347,.T.);
#9606 = ORIENTED_EDGE('',*,*,#9586,.F.);
#9607 = ORIENTED_EDGE('',*,*,#7238,.F.);
#9608 = PLANE('',#9609);
#9609 = AXIS2_PLACEMENT_3D('',#9610,#9611,#9612);
#9610 = CARTESIAN_POINT('',(2.673560097287,-0.52,0.232635182233));
#9611 = DIRECTION('',(-0.989329961345,-1.098376902036E-16,
    -0.145692235845));
#9612 = DIRECTION('',(-0.145692235845,-1.617508747447E-17,0.989329961345
    ));
#9613 = ADVANCED_FACE('',(#9614),#9625,.F.);
#9614 = FACE_BOUND('',#9615,.F.);
#9615 = EDGE_LOOP('',(#9616,#9622,#9623,#9624));
#9616 = ORIENTED_EDGE('',*,*,#9617,.T.);
#9617 = EDGE_CURVE('',#7222,#7331,#9618,.T.);
#9618 = LINE('',#9619,#9620);
#9619 = CARTESIAN_POINT('',(2.772040872589,-0.52,0.15));
#9620 = VECTOR('',#9621,1.);
#9621 = DIRECTION('',(1.110223024625E-16,-1.,0.));
#9622 = ORIENTED_EDGE('',*,*,#7338,.T.);
#9623 = ORIENTED_EDGE('',*,*,#9600,.F.);
#9624 = ORIENTED_EDGE('',*,*,#7229,.F.);
#9625 = CYLINDRICAL_SURFACE('',#9626,0.1);
#9626 = AXIS2_PLACEMENT_3D('',#9627,#9628,#9629);
#9627 = CARTESIAN_POINT('',(2.772040872589,-0.52,0.25));
#9628 = DIRECTION('',(-1.110223024625E-16,1.,0.));
#9629 = DIRECTION('',(0.,0.,-1.));
#9630 = ADVANCED_FACE('',(#9631),#9642,.F.);
#9631 = FACE_BOUND('',#9632,.F.);
#9632 = EDGE_LOOP('',(#9633,#9639,#9640,#9641));
#9633 = ORIENTED_EDGE('',*,*,#9634,.T.);
#9634 = EDGE_CURVE('',#7214,#7323,#9635,.T.);
#9635 = LINE('',#9636,#9637);
#9636 = CARTESIAN_POINT('',(3.2,-0.52,0.15));
#9637 = VECTOR('',#9638,1.);
#9638 = DIRECTION('',(1.110223024625E-16,-1.,0.));
#9639 = ORIENTED_EDGE('',*,*,#7330,.T.);
#9640 = ORIENTED_EDGE('',*,*,#9617,.F.);
#9641 = ORIENTED_EDGE('',*,*,#7221,.F.);
#9642 = PLANE('',#9643);
#9643 = AXIS2_PLACEMENT_3D('',#9644,#9645,#9646);
#9644 = CARTESIAN_POINT('',(3.2,-0.52,0.15));
#9645 = DIRECTION('',(0.,0.,-1.));
#9646 = DIRECTION('',(-1.,-1.110223024625E-16,-0.));
#9647 = ADVANCED_FACE('',(#9648),#9659,.F.);
#9648 = FACE_BOUND('',#9649,.F.);
#9649 = EDGE_LOOP('',(#9650,#9656,#9657,#9658));
#9650 = ORIENTED_EDGE('',*,*,#9651,.T.);
#9651 = EDGE_CURVE('',#7206,#7315,#9652,.T.);
#9652 = LINE('',#9653,#9654);
#9653 = CARTESIAN_POINT('',(3.2,-0.52,-5.551115123126E-17));
#9654 = VECTOR('',#9655,1.);
#9655 = DIRECTION('',(1.110223024625E-16,-1.,0.));
#9656 = ORIENTED_EDGE('',*,*,#7322,.T.);
#9657 = ORIENTED_EDGE('',*,*,#9634,.F.);
#9658 = ORIENTED_EDGE('',*,*,#7213,.F.);
#9659 = PLANE('',#9660);
#9660 = AXIS2_PLACEMENT_3D('',#9661,#9662,#9663);
#9661 = CARTESIAN_POINT('',(3.2,-0.52,-5.551115123126E-17));
#9662 = DIRECTION('',(-1.,-1.110223024625E-16,0.));
#9663 = DIRECTION('',(0.,0.,1.));
#9664 = ADVANCED_FACE('',(#9665),#9676,.F.);
#9665 = FACE_BOUND('',#9666,.F.);
#9666 = EDGE_LOOP('',(#9667,#9673,#9674,#9675));
#9667 = ORIENTED_EDGE('',*,*,#9668,.T.);
#9668 = EDGE_CURVE('',#7197,#7306,#9669,.T.);
#9669 = LINE('',#9670,#9671);
#9670 = CARTESIAN_POINT('',(2.772040872589,-0.52,-5.551115123126E-17));
#9671 = VECTOR('',#9672,1.);
#9672 = DIRECTION('',(1.110223024625E-16,-1.,0.));
#9673 = ORIENTED_EDGE('',*,*,#7314,.T.);
#9674 = ORIENTED_EDGE('',*,*,#9651,.F.);
#9675 = ORIENTED_EDGE('',*,*,#7205,.F.);
#9676 = PLANE('',#9677);
#9677 = AXIS2_PLACEMENT_3D('',#9678,#9679,#9680);
#9678 = CARTESIAN_POINT('',(2.772040872589,-0.52,-5.551115123126E-17));
#9679 = DIRECTION('',(0.,0.,1.));
#9680 = DIRECTION('',(1.,1.110223024625E-16,-0.));
#9681 = ADVANCED_FACE('',(#9682),#9693,.T.);
#9682 = FACE_BOUND('',#9683,.T.);
#9683 = EDGE_LOOP('',(#9684,#9685,#9686,#9687));
#9684 = ORIENTED_EDGE('',*,*,#7196,.T.);
#9685 = ORIENTED_EDGE('',*,*,#9668,.T.);
#9686 = ORIENTED_EDGE('',*,*,#7305,.F.);
#9687 = ORIENTED_EDGE('',*,*,#9688,.F.);
#9688 = EDGE_CURVE('',#7189,#7298,#9689,.T.);
#9689 = LINE('',#9690,#9691);
#9690 = CARTESIAN_POINT('',(2.525838934336,-0.52,0.206587955583));
#9691 = VECTOR('',#9692,1.);
#9692 = DIRECTION('',(1.110223024625E-16,-1.,0.));
#9693 = CYLINDRICAL_SURFACE('',#9694,0.25);
#9694 = AXIS2_PLACEMENT_3D('',#9695,#9696,#9697);
#9695 = CARTESIAN_POINT('',(2.772040872589,-0.52,0.25));
#9696 = DIRECTION('',(-1.110223024625E-16,1.,0.));
#9697 = DIRECTION('',(-0.984807753012,-1.093356242223E-16,
    -0.173648177667));
#9698 = ADVANCED_FACE('',(#9699),#9705,.F.);
#9699 = FACE_BOUND('',#9700,.F.);
#9700 = EDGE_LOOP('',(#9701,#9702,#9703,#9704));
#9701 = ORIENTED_EDGE('',*,*,#7279,.T.);
#9702 = ORIENTED_EDGE('',*,*,#7297,.T.);
#9703 = ORIENTED_EDGE('',*,*,#9688,.F.);
#9704 = ORIENTED_EDGE('',*,*,#7188,.F.);
#9705 = PLANE('',#9706);
#9706 = AXIS2_PLACEMENT_3D('',#9707,#9708,#9709);
#9707 = CARTESIAN_POINT('',(2.498480775301,-0.52,0.392364817767));
#9708 = DIRECTION('',(0.989329961345,1.098376902036E-16,0.145692235845)
  );
#9709 = DIRECTION('',(0.145692235845,1.617508747447E-17,-0.989329961345)
  );
#9710 = ADVANCED_FACE('',(#9711),#9722,.T.);
#9711 = FACE_BOUND('',#9712,.T.);
#9712 = EDGE_LOOP('',(#9713,#9714,#9715,#9716));
#9713 = ORIENTED_EDGE('',*,*,#7469,.T.);
#9714 = ORIENTED_EDGE('',*,*,#8094,.T.);
#9715 = ORIENTED_EDGE('',*,*,#7578,.F.);
#9716 = ORIENTED_EDGE('',*,*,#9717,.F.);
#9717 = EDGE_CURVE('',#7462,#7571,#9718,.T.);
#9718 = LINE('',#9719,#9720);
#9719 = CARTESIAN_POINT('',(2.646201938253,-1.17,0.418412044417));
#9720 = VECTOR('',#9721,1.);
#9721 = DIRECTION('',(1.110223024625E-16,-1.,0.));
#9722 = CYLINDRICAL_SURFACE('',#9723,0.25);
#9723 = AXIS2_PLACEMENT_3D('',#9724,#9725,#9726);
#9724 = CARTESIAN_POINT('',(2.4,-1.17,0.375));
#9725 = DIRECTION('',(-1.110223024625E-16,1.,0.));
#9726 = DIRECTION('',(0.984807753012,1.093356242223E-16,0.173648177667)
  );
#9727 = ADVANCED_FACE('',(#9728),#9739,.F.);
#9728 = FACE_BOUND('',#9729,.F.);
#9729 = EDGE_LOOP('',(#9730,#9736,#9737,#9738));
#9730 = ORIENTED_EDGE('',*,*,#9731,.T.);
#9731 = EDGE_CURVE('',#7453,#7562,#9732,.T.);
#9732 = LINE('',#9733,#9734);
#9733 = CARTESIAN_POINT('',(2.673560097287,-1.17,0.232635182233));
#9734 = VECTOR('',#9735,1.);
#9735 = DIRECTION('',(1.110223024625E-16,-1.,0.));
#9736 = ORIENTED_EDGE('',*,*,#7570,.T.);
#9737 = ORIENTED_EDGE('',*,*,#9717,.F.);
#9738 = ORIENTED_EDGE('',*,*,#7461,.F.);
#9739 = PLANE('',#9740);
#9740 = AXIS2_PLACEMENT_3D('',#9741,#9742,#9743);
#9741 = CARTESIAN_POINT('',(2.673560097287,-1.17,0.232635182233));
#9742 = DIRECTION('',(-0.989329961345,-1.098376902036E-16,
    -0.145692235845));
#9743 = DIRECTION('',(-0.145692235845,-1.617508747447E-17,0.989329961345
    ));
#9744 = ADVANCED_FACE('',(#9745),#9756,.F.);
#9745 = FACE_BOUND('',#9746,.F.);
#9746 = EDGE_LOOP('',(#9747,#9753,#9754,#9755));
#9747 = ORIENTED_EDGE('',*,*,#9748,.T.);
#9748 = EDGE_CURVE('',#7445,#7554,#9749,.T.);
#9749 = LINE('',#9750,#9751);
#9750 = CARTESIAN_POINT('',(2.772040872589,-1.17,0.15));
#9751 = VECTOR('',#9752,1.);
#9752 = DIRECTION('',(1.110223024625E-16,-1.,0.));
#9753 = ORIENTED_EDGE('',*,*,#7561,.T.);
#9754 = ORIENTED_EDGE('',*,*,#9731,.F.);
#9755 = ORIENTED_EDGE('',*,*,#7452,.F.);
#9756 = CYLINDRICAL_SURFACE('',#9757,0.1);
#9757 = AXIS2_PLACEMENT_3D('',#9758,#9759,#9760);
#9758 = CARTESIAN_POINT('',(2.772040872589,-1.17,0.25));
#9759 = DIRECTION('',(-1.110223024625E-16,1.,0.));
#9760 = DIRECTION('',(0.,0.,-1.));
#9761 = ADVANCED_FACE('',(#9762),#9773,.F.);
#9762 = FACE_BOUND('',#9763,.F.);
#9763 = EDGE_LOOP('',(#9764,#9770,#9771,#9772));
#9764 = ORIENTED_EDGE('',*,*,#9765,.T.);
#9765 = EDGE_CURVE('',#7437,#7546,#9766,.T.);
#9766 = LINE('',#9767,#9768);
#9767 = CARTESIAN_POINT('',(3.2,-1.17,0.15));
#9768 = VECTOR('',#9769,1.);
#9769 = DIRECTION('',(1.110223024625E-16,-1.,0.));
#9770 = ORIENTED_EDGE('',*,*,#7553,.T.);
#9771 = ORIENTED_EDGE('',*,*,#9748,.F.);
#9772 = ORIENTED_EDGE('',*,*,#7444,.F.);
#9773 = PLANE('',#9774);
#9774 = AXIS2_PLACEMENT_3D('',#9775,#9776,#9777);
#9775 = CARTESIAN_POINT('',(3.2,-1.17,0.15));
#9776 = DIRECTION('',(0.,0.,-1.));
#9777 = DIRECTION('',(-1.,-1.110223024625E-16,-0.));
#9778 = ADVANCED_FACE('',(#9779),#9790,.F.);
#9779 = FACE_BOUND('',#9780,.F.);
#9780 = EDGE_LOOP('',(#9781,#9787,#9788,#9789));
#9781 = ORIENTED_EDGE('',*,*,#9782,.T.);
#9782 = EDGE_CURVE('',#7429,#7538,#9783,.T.);
#9783 = LINE('',#9784,#9785);
#9784 = CARTESIAN_POINT('',(3.2,-1.17,-5.551115123126E-17));
#9785 = VECTOR('',#9786,1.);
#9786 = DIRECTION('',(1.110223024625E-16,-1.,0.));
#9787 = ORIENTED_EDGE('',*,*,#7545,.T.);
#9788 = ORIENTED_EDGE('',*,*,#9765,.F.);
#9789 = ORIENTED_EDGE('',*,*,#7436,.F.);
#9790 = PLANE('',#9791);
#9791 = AXIS2_PLACEMENT_3D('',#9792,#9793,#9794);
#9792 = CARTESIAN_POINT('',(3.2,-1.17,-5.551115123126E-17));
#9793 = DIRECTION('',(-1.,-1.110223024625E-16,0.));
#9794 = DIRECTION('',(0.,0.,1.));
#9795 = ADVANCED_FACE('',(#9796),#9807,.F.);
#9796 = FACE_BOUND('',#9797,.F.);
#9797 = EDGE_LOOP('',(#9798,#9804,#9805,#9806));
#9798 = ORIENTED_EDGE('',*,*,#9799,.T.);
#9799 = EDGE_CURVE('',#7420,#7529,#9800,.T.);
#9800 = LINE('',#9801,#9802);
#9801 = CARTESIAN_POINT('',(2.772040872589,-1.17,-5.551115123126E-17));
#9802 = VECTOR('',#9803,1.);
#9803 = DIRECTION('',(1.110223024625E-16,-1.,0.));
#9804 = ORIENTED_EDGE('',*,*,#7537,.T.);
#9805 = ORIENTED_EDGE('',*,*,#9782,.F.);
#9806 = ORIENTED_EDGE('',*,*,#7428,.F.);
#9807 = PLANE('',#9808);
#9808 = AXIS2_PLACEMENT_3D('',#9809,#9810,#9811);
#9809 = CARTESIAN_POINT('',(2.772040872589,-1.17,-5.551115123126E-17));
#9810 = DIRECTION('',(0.,0.,1.));
#9811 = DIRECTION('',(1.,1.110223024625E-16,-0.));
#9812 = ADVANCED_FACE('',(#9813),#9824,.T.);
#9813 = FACE_BOUND('',#9814,.T.);
#9814 = EDGE_LOOP('',(#9815,#9816,#9817,#9818));
#9815 = ORIENTED_EDGE('',*,*,#7419,.T.);
#9816 = ORIENTED_EDGE('',*,*,#9799,.T.);
#9817 = ORIENTED_EDGE('',*,*,#7528,.F.);
#9818 = ORIENTED_EDGE('',*,*,#9819,.F.);
#9819 = EDGE_CURVE('',#7412,#7521,#9820,.T.);
#9820 = LINE('',#9821,#9822);
#9821 = CARTESIAN_POINT('',(2.525838934336,-1.17,0.206587955583));
#9822 = VECTOR('',#9823,1.);
#9823 = DIRECTION('',(1.110223024625E-16,-1.,0.));
#9824 = CYLINDRICAL_SURFACE('',#9825,0.25);
#9825 = AXIS2_PLACEMENT_3D('',#9826,#9827,#9828);
#9826 = CARTESIAN_POINT('',(2.772040872589,-1.17,0.25));
#9827 = DIRECTION('',(-1.110223024625E-16,1.,0.));
#9828 = DIRECTION('',(-0.984807753012,-1.093356242223E-16,
    -0.173648177667));
#9829 = ADVANCED_FACE('',(#9830),#9836,.F.);
#9830 = FACE_BOUND('',#9831,.F.);
#9831 = EDGE_LOOP('',(#9832,#9833,#9834,#9835));
#9832 = ORIENTED_EDGE('',*,*,#7502,.T.);
#9833 = ORIENTED_EDGE('',*,*,#7520,.T.);
#9834 = ORIENTED_EDGE('',*,*,#9819,.F.);
#9835 = ORIENTED_EDGE('',*,*,#7411,.F.);
#9836 = PLANE('',#9837);
#9837 = AXIS2_PLACEMENT_3D('',#9838,#9839,#9840);
#9838 = CARTESIAN_POINT('',(2.498480775301,-1.17,0.392364817767));
#9839 = DIRECTION('',(0.989329961345,1.098376902036E-16,0.145692235845)
  );
#9840 = DIRECTION('',(0.145692235845,1.617508747447E-17,-0.989329961345)
  );
#9841 = ADVANCED_FACE('',(#9842),#9853,.T.);
#9842 = FACE_BOUND('',#9843,.T.);
#9843 = EDGE_LOOP('',(#9844,#9845,#9846,#9847));
#9844 = ORIENTED_EDGE('',*,*,#7692,.T.);
#9845 = ORIENTED_EDGE('',*,*,#8113,.T.);
#9846 = ORIENTED_EDGE('',*,*,#7801,.F.);
#9847 = ORIENTED_EDGE('',*,*,#9848,.F.);
#9848 = EDGE_CURVE('',#7685,#7794,#9849,.T.);
#9849 = LINE('',#9850,#9851);
#9850 = CARTESIAN_POINT('',(2.646201938253,-1.82,0.418412044417));
#9851 = VECTOR('',#9852,1.);
#9852 = DIRECTION('',(1.110223024625E-16,-1.,0.));
#9853 = CYLINDRICAL_SURFACE('',#9854,0.25);
#9854 = AXIS2_PLACEMENT_3D('',#9855,#9856,#9857);
#9855 = CARTESIAN_POINT('',(2.4,-1.82,0.375));
#9856 = DIRECTION('',(-1.110223024625E-16,1.,0.));
#9857 = DIRECTION('',(0.984807753012,1.093356242223E-16,0.173648177667)
  );
#9858 = ADVANCED_FACE('',(#9859),#9870,.F.);
#9859 = FACE_BOUND('',#9860,.F.);
#9860 = EDGE_LOOP('',(#9861,#9867,#9868,#9869));
#9861 = ORIENTED_EDGE('',*,*,#9862,.T.);
#9862 = EDGE_CURVE('',#7676,#7785,#9863,.T.);
#9863 = LINE('',#9864,#9865);
#9864 = CARTESIAN_POINT('',(2.673560097287,-1.82,0.232635182233));
#9865 = VECTOR('',#9866,1.);
#9866 = DIRECTION('',(1.110223024625E-16,-1.,0.));
#9867 = ORIENTED_EDGE('',*,*,#7793,.T.);
#9868 = ORIENTED_EDGE('',*,*,#9848,.F.);
#9869 = ORIENTED_EDGE('',*,*,#7684,.F.);
#9870 = PLANE('',#9871);
#9871 = AXIS2_PLACEMENT_3D('',#9872,#9873,#9874);
#9872 = CARTESIAN_POINT('',(2.673560097287,-1.82,0.232635182233));
#9873 = DIRECTION('',(-0.989329961345,-1.098376902036E-16,
    -0.145692235845));
#9874 = DIRECTION('',(-0.145692235845,-1.617508747447E-17,0.989329961345
    ));
#9875 = ADVANCED_FACE('',(#9876),#9887,.F.);
#9876 = FACE_BOUND('',#9877,.F.);
#9877 = EDGE_LOOP('',(#9878,#9884,#9885,#9886));
#9878 = ORIENTED_EDGE('',*,*,#9879,.T.);
#9879 = EDGE_CURVE('',#7668,#7777,#9880,.T.);
#9880 = LINE('',#9881,#9882);
#9881 = CARTESIAN_POINT('',(2.772040872589,-1.82,0.15));
#9882 = VECTOR('',#9883,1.);
#9883 = DIRECTION('',(1.110223024625E-16,-1.,0.));
#9884 = ORIENTED_EDGE('',*,*,#7784,.T.);
#9885 = ORIENTED_EDGE('',*,*,#9862,.F.);
#9886 = ORIENTED_EDGE('',*,*,#7675,.F.);
#9887 = CYLINDRICAL_SURFACE('',#9888,0.1);
#9888 = AXIS2_PLACEMENT_3D('',#9889,#9890,#9891);
#9889 = CARTESIAN_POINT('',(2.772040872589,-1.82,0.25));
#9890 = DIRECTION('',(-1.110223024625E-16,1.,0.));
#9891 = DIRECTION('',(0.,0.,-1.));
#9892 = ADVANCED_FACE('',(#9893),#9904,.F.);
#9893 = FACE_BOUND('',#9894,.F.);
#9894 = EDGE_LOOP('',(#9895,#9901,#9902,#9903));
#9895 = ORIENTED_EDGE('',*,*,#9896,.T.);
#9896 = EDGE_CURVE('',#7660,#7769,#9897,.T.);
#9897 = LINE('',#9898,#9899);
#9898 = CARTESIAN_POINT('',(3.2,-1.82,0.15));
#9899 = VECTOR('',#9900,1.);
#9900 = DIRECTION('',(1.110223024625E-16,-1.,0.));
#9901 = ORIENTED_EDGE('',*,*,#7776,.T.);
#9902 = ORIENTED_EDGE('',*,*,#9879,.F.);
#9903 = ORIENTED_EDGE('',*,*,#7667,.F.);
#9904 = PLANE('',#9905);
#9905 = AXIS2_PLACEMENT_3D('',#9906,#9907,#9908);
#9906 = CARTESIAN_POINT('',(3.2,-1.82,0.15));
#9907 = DIRECTION('',(0.,0.,-1.));
#9908 = DIRECTION('',(-1.,-1.110223024625E-16,-0.));
#9909 = ADVANCED_FACE('',(#9910),#9921,.F.);
#9910 = FACE_BOUND('',#9911,.F.);
#9911 = EDGE_LOOP('',(#9912,#9918,#9919,#9920));
#9912 = ORIENTED_EDGE('',*,*,#9913,.T.);
#9913 = EDGE_CURVE('',#7652,#7761,#9914,.T.);
#9914 = LINE('',#9915,#9916);
#9915 = CARTESIAN_POINT('',(3.2,-1.82,-5.551115123126E-17));
#9916 = VECTOR('',#9917,1.);
#9917 = DIRECTION('',(1.110223024625E-16,-1.,0.));
#9918 = ORIENTED_EDGE('',*,*,#7768,.T.);
#9919 = ORIENTED_EDGE('',*,*,#9896,.F.);
#9920 = ORIENTED_EDGE('',*,*,#7659,.F.);
#9921 = PLANE('',#9922);
#9922 = AXIS2_PLACEMENT_3D('',#9923,#9924,#9925);
#9923 = CARTESIAN_POINT('',(3.2,-1.82,-5.551115123126E-17));
#9924 = DIRECTION('',(-1.,-1.110223024625E-16,0.));
#9925 = DIRECTION('',(0.,0.,1.));
#9926 = ADVANCED_FACE('',(#9927),#9938,.F.);
#9927 = FACE_BOUND('',#9928,.F.);
#9928 = EDGE_LOOP('',(#9929,#9935,#9936,#9937));
#9929 = ORIENTED_EDGE('',*,*,#9930,.T.);
#9930 = EDGE_CURVE('',#7643,#7752,#9931,.T.);
#9931 = LINE('',#9932,#9933);
#9932 = CARTESIAN_POINT('',(2.772040872589,-1.82,-5.551115123126E-17));
#9933 = VECTOR('',#9934,1.);
#9934 = DIRECTION('',(1.110223024625E-16,-1.,0.));
#9935 = ORIENTED_EDGE('',*,*,#7760,.T.);
#9936 = ORIENTED_EDGE('',*,*,#9913,.F.);
#9937 = ORIENTED_EDGE('',*,*,#7651,.F.);
#9938 = PLANE('',#9939);
#9939 = AXIS2_PLACEMENT_3D('',#9940,#9941,#9942);
#9940 = CARTESIAN_POINT('',(2.772040872589,-1.82,-5.551115123126E-17));
#9941 = DIRECTION('',(0.,0.,1.));
#9942 = DIRECTION('',(1.,1.110223024625E-16,-0.));
#9943 = ADVANCED_FACE('',(#9944),#9955,.T.);
#9944 = FACE_BOUND('',#9945,.T.);
#9945 = EDGE_LOOP('',(#9946,#9947,#9948,#9949));
#9946 = ORIENTED_EDGE('',*,*,#7642,.T.);
#9947 = ORIENTED_EDGE('',*,*,#9930,.T.);
#9948 = ORIENTED_EDGE('',*,*,#7751,.F.);
#9949 = ORIENTED_EDGE('',*,*,#9950,.F.);
#9950 = EDGE_CURVE('',#7635,#7744,#9951,.T.);
#9951 = LINE('',#9952,#9953);
#9952 = CARTESIAN_POINT('',(2.525838934336,-1.82,0.206587955583));
#9953 = VECTOR('',#9954,1.);
#9954 = DIRECTION('',(1.110223024625E-16,-1.,0.));
#9955 = CYLINDRICAL_SURFACE('',#9956,0.25);
#9956 = AXIS2_PLACEMENT_3D('',#9957,#9958,#9959);
#9957 = CARTESIAN_POINT('',(2.772040872589,-1.82,0.25));
#9958 = DIRECTION('',(-1.110223024625E-16,1.,0.));
#9959 = DIRECTION('',(-0.984807753012,-1.093356242223E-16,
    -0.173648177667));
#9960 = ADVANCED_FACE('',(#9961),#9967,.F.);
#9961 = FACE_BOUND('',#9962,.F.);
#9962 = EDGE_LOOP('',(#9963,#9964,#9965,#9966));
#9963 = ORIENTED_EDGE('',*,*,#7725,.T.);
#9964 = ORIENTED_EDGE('',*,*,#7743,.T.);
#9965 = ORIENTED_EDGE('',*,*,#9950,.F.);
#9966 = ORIENTED_EDGE('',*,*,#7634,.F.);
#9967 = PLANE('',#9968);
#9968 = AXIS2_PLACEMENT_3D('',#9969,#9970,#9971);
#9969 = CARTESIAN_POINT('',(2.498480775301,-1.82,0.392364817767));
#9970 = DIRECTION('',(0.989329961345,1.098376902036E-16,0.145692235845)
  );
#9971 = DIRECTION('',(0.145692235845,1.617508747447E-17,-0.989329961345)
  );
#9972 = ADVANCED_FACE('',(#9973),#9976,.F.);
#9973 = FACE_BOUND('',#9974,.T.);
#9974 = EDGE_LOOP('',(#9975));
#9975 = ORIENTED_EDGE('',*,*,#7984,.F.);
#9976 = PLANE('',#9977);
#9977 = AXIS2_PLACEMENT_3D('',#9978,#9979,#9980);
#9978 = CARTESIAN_POINT('',(-1.370291289374,1.670291289374,1.));
#9979 = DIRECTION('',(0.,0.,-1.));
#9980 = DIRECTION('',(1.110223024625E-16,-1.,0.));
#9981 = ( GEOMETRIC_REPRESENTATION_CONTEXT(3) 
GLOBAL_UNCERTAINTY_ASSIGNED_CONTEXT((#9985)) 
GLOBAL_UNIT_ASSIGNED_CONTEXT((#9982,#9983,#9984)) REPRESENTATION_CONTEXT
('Context #1','3D Context with UNIT and UNCERTAINTY') );
#9982 = ( LENGTH_UNIT() NAMED_UNIT(*) SI_UNIT(.MILLI.,.METRE.) );
#9983 = ( NAMED_UNIT(*) PLANE_ANGLE_UNIT() SI_UNIT($,.RADIAN.) );
#9984 = ( NAMED_UNIT(*) SI_UNIT($,.STERADIAN.) SOLID_ANGLE_UNIT() );
#9985 = UNCERTAINTY_MEASURE_WITH_UNIT(LENGTH_MEASURE(1.E-07),#9982,
  'distance_accuracy_value','confusion accuracy');
#9986 = CONTEXT_DEPENDENT_SHAPE_REPRESENTATION(#9987,#9989);
#9987 = ( REPRESENTATION_RELATIONSHIP('','',#2708,#2685) 
REPRESENTATION_RELATIONSHIP_WITH_TRANSFORMATION(#9988) 
SHAPE_REPRESENTATION_RELATIONSHIP() );
#9988 = ITEM_DEFINED_TRANSFORMATION('','',#11,#2686);
#9989 = PRODUCT_DEFINITION_SHAPE('Placement','Placement of an item',
  #9990);
#9990 = NEXT_ASSEMBLY_USAGE_OCCURRENCE('8','=>[0:1:1:9]','',#2680,#2703,
  $);
#9991 = PRODUCT_RELATED_PRODUCT_CATEGORY('part',$,(#2705));
#9992 = SHAPE_DEFINITION_REPRESENTATION(#9993,#9999);
#9993 = PRODUCT_DEFINITION_SHAPE('','',#9994);
#9994 = PRODUCT_DEFINITION('design','',#9995,#9998);
#9995 = PRODUCT_DEFINITION_FORMATION('','',#9996);
#9996 = PRODUCT('JST_SH_SM06B-SRSS-TB_1x06-1MP_P1.00mm_Horizontal',
  'JST_SH_SM06B-SRSS-TB_1x06-1MP_P1.00mm_Horizontal','',(#9997));
#9997 = PRODUCT_CONTEXT('',#2,'mechanical');
#9998 = PRODUCT_DEFINITION_CONTEXT('part definition',#2,'design');
#9999 = SHAPE_REPRESENTATION('',(#11,#10000),#10004);
#10000 = AXIS2_PLACEMENT_3D('',#10001,#10002,#10003);
#10001 = CARTESIAN_POINT('',(0.,0.,0.));
#10002 = DIRECTION('',(0.,0.,1.));
#10003 = DIRECTION('',(1.,0.,-0.));
#10004 = ( GEOMETRIC_REPRESENTATION_CONTEXT(3) 
GLOBAL_UNCERTAINTY_ASSIGNED_CONTEXT((#10008)) 
GLOBAL_UNIT_ASSIGNED_CONTEXT((#10005,#10006,#10007)) 
REPRESENTATION_CONTEXT('Context #1',
  '3D Context with UNIT and UNCERTAINTY') );
#10005 = ( LENGTH_UNIT() NAMED_UNIT(*) SI_UNIT(.MILLI.,.METRE.) );
#10006 = ( NAMED_UNIT(*) PLANE_ANGLE_UNIT() SI_UNIT($,.RADIAN.) );
#10007 = ( NAMED_UNIT(*) SI_UNIT($,.STERADIAN.) SOLID_ANGLE_UNIT() );
#10008 = UNCERTAINTY_MEASURE_WITH_UNIT(LENGTH_MEASURE(1.E-07),#10005,
  'distance_accuracy_value','confusion accuracy');
#10009 = CONTEXT_DEPENDENT_SHAPE_REPRESENTATION(#10010,#10012);
#10010 = ( REPRESENTATION_RELATIONSHIP('','',#9999,#10) 
REPRESENTATION_RELATIONSHIP_WITH_TRANSFORMATION(#10011) 
SHAPE_REPRESENTATION_RELATIONSHIP() );
#10011 = ITEM_DEFINED_TRANSFORMATION('','',#11,#35);
#10012 = PRODUCT_DEFINITION_SHAPE('Placement','Placement of an item',
  #10013);
#10013 = NEXT_ASSEMBLY_USAGE_OCCURRENCE('11','J1','',#5,#9994,$);
#10014 = PRODUCT_RELATED_PRODUCT_CATEGORY('part',$,(#9996));
#10015 = SHAPE_DEFINITION_REPRESENTATION(#10016,#10022);
#10016 = PRODUCT_DEFINITION_SHAPE('','',#10017);
#10017 = PRODUCT_DEFINITION('design','',#10018,#10021);
#10018 = PRODUCT_DEFINITION_FORMATION('','',#10019);
#10019 = PRODUCT('JST_SH_SM06B-SRSS-TB_1x06-1MP_P1.00mm_Horizontal',
  'JST_SH_SM06B-SRSS-TB_1x06-1MP_P1.00mm_Horizontal','',(#10020));
#10020 = PRODUCT_CONTEXT('',#2,'mechanical');
#10021 = PRODUCT_DEFINITION_CONTEXT('part definition',#2,'design');
#10022 = ADVANCED_BREP_SHAPE_REPRESENTATION('',(#11,#10023),#13507);
#10023 = MANIFOLD_SOLID_BREP('',#10024);
#10024 = CLOSED_SHELL('',(#10025,#10129,#10400,#10424,#10448,#10472,
    #10496,#10657,#10713,#10737,#10761,#10785,#10809,#10987,#11059,
    #11083,#11114,#11138,#11169,#11193,#11233,#11257,#11290,#11330,
    #11354,#11387,#11427,#11451,#11484,#11524,#11548,#11581,#11621,
    #11645,#11678,#11718,#11742,#11775,#11802,#11820,#11845,#11869,
    #11923,#11947,#11971,#11988,#12012,#12059,#12083,#12107,#12124,
    #12141,#12181,#12198,#12212,#12229,#12246,#12263,#12280,#12297,
    #12314,#12331,#12355,#12372,#12389,#12401,#12421,#12433,#12445,
    #12462,#12474,#12491,#12503,#12520,#12532,#12549,#12561,#12578,
    #12590,#12607,#12619,#12631,#12847,#12859,#12890,#12914,#12938,
    #12955,#12986,#13010,#13034,#13051,#13082,#13106,#13130,#13147,
    #13178,#13202,#13226,#13243,#13274,#13298,#13322,#13339,#13370,
    #13394,#13418,#13435,#13447,#13459,#13471,#13483,#13495));
#10025 = ADVANCED_FACE('',(#10026),#10124,.F.);
#10026 = FACE_BOUND('',#10027,.F.);
#10027 = EDGE_LOOP('',(#10028,#10038,#10046,#10054,#10062,#10070,#10078,
    #10086,#10094,#10102,#10110,#10118));
#10028 = ORIENTED_EDGE('',*,*,#10029,.F.);
#10029 = EDGE_CURVE('',#10030,#10032,#10034,.T.);
#10030 = VERTEX_POINT('',#10031);
#10031 = CARTESIAN_POINT('',(-4.,1.775,6.E-02));
#10032 = VERTEX_POINT('',#10033);
#10033 = CARTESIAN_POINT('',(-4.,-0.975,6.E-02));
#10034 = LINE('',#10035,#10036);
#10035 = CARTESIAN_POINT('',(-4.,1.775,6.E-02));
#10036 = VECTOR('',#10037,1.);
#10037 = DIRECTION('',(0.,-1.,1.110223024625E-16));
#10038 = ORIENTED_EDGE('',*,*,#10039,.T.);
#10039 = EDGE_CURVE('',#10030,#10040,#10042,.T.);
#10040 = VERTEX_POINT('',#10041);
#10041 = CARTESIAN_POINT('',(-4.,1.775,1.46));
#10042 = LINE('',#10043,#10044);
#10043 = CARTESIAN_POINT('',(-4.,1.775,6.E-02));
#10044 = VECTOR('',#10045,1.);
#10045 = DIRECTION('',(0.,1.110223024625E-16,1.));
#10046 = ORIENTED_EDGE('',*,*,#10047,.T.);
#10047 = EDGE_CURVE('',#10040,#10048,#10050,.T.);
#10048 = VERTEX_POINT('',#10049);
#10049 = CARTESIAN_POINT('',(-4.,1.225,1.46));
#10050 = LINE('',#10051,#10052);
#10051 = CARTESIAN_POINT('',(-4.,1.775,1.46));
#10052 = VECTOR('',#10053,1.);
#10053 = DIRECTION('',(0.,-1.,1.110223024625E-16));
#10054 = ORIENTED_EDGE('',*,*,#10055,.T.);
#10055 = EDGE_CURVE('',#10048,#10056,#10058,.T.);
#10056 = VERTEX_POINT('',#10057);
#10057 = CARTESIAN_POINT('',(-4.,1.225,2.46));
#10058 = LINE('',#10059,#10060);
#10059 = CARTESIAN_POINT('',(-4.,1.225,1.46));
#10060 = VECTOR('',#10061,1.);
#10061 = DIRECTION('',(0.,1.110223024625E-16,1.));
#10062 = ORIENTED_EDGE('',*,*,#10063,.T.);
#10063 = EDGE_CURVE('',#10056,#10064,#10066,.T.);
#10064 = VERTEX_POINT('',#10065);
#10065 = CARTESIAN_POINT('',(-4.,0.575,2.46));
#10066 = LINE('',#10067,#10068);
#10067 = CARTESIAN_POINT('',(-4.,1.225,2.46));
#10068 = VECTOR('',#10069,1.);
#10069 = DIRECTION('',(0.,-1.,1.110223024625E-16));
#10070 = ORIENTED_EDGE('',*,*,#10071,.T.);
#10071 = EDGE_CURVE('',#10064,#10072,#10074,.T.);
#10072 = VERTEX_POINT('',#10073);
#10073 = CARTESIAN_POINT('',(-4.,0.286,2.96));
#10074 = LINE('',#10075,#10076);
#10075 = CARTESIAN_POINT('',(-4.,0.575,2.46));
#10076 = VECTOR('',#10077,1.);
#10077 = DIRECTION('',(0.,-0.500421834463,0.865781720524));
#10078 = ORIENTED_EDGE('',*,*,#10079,.T.);
#10079 = EDGE_CURVE('',#10072,#10080,#10082,.T.);
#10080 = VERTEX_POINT('',#10081);
#10081 = CARTESIAN_POINT('',(-4.,-2.475,2.96));
#10082 = LINE('',#10083,#10084);
#10083 = CARTESIAN_POINT('',(-4.,1.775,2.96));
#10084 = VECTOR('',#10085,1.);
#10085 = DIRECTION('',(0.,-1.,1.110223024625E-16));
#10086 = ORIENTED_EDGE('',*,*,#10087,.F.);
#10087 = EDGE_CURVE('',#10088,#10080,#10090,.T.);
#10088 = VERTEX_POINT('',#10089);
#10089 = CARTESIAN_POINT('',(-4.,-2.475,1.26));
#10090 = LINE('',#10091,#10092);
#10091 = CARTESIAN_POINT('',(-4.,-2.475,6.E-02));
#10092 = VECTOR('',#10093,1.);
#10093 = DIRECTION('',(0.,1.110223024625E-16,1.));
#10094 = ORIENTED_EDGE('',*,*,#10095,.T.);
#10095 = EDGE_CURVE('',#10088,#10096,#10098,.T.);
#10096 = VERTEX_POINT('',#10097);
#10097 = CARTESIAN_POINT('',(-4.,-1.975,1.26));
#10098 = LINE('',#10099,#10100);
#10099 = CARTESIAN_POINT('',(-4.,-2.475,1.26));
#10100 = VECTOR('',#10101,1.);
#10101 = DIRECTION('',(0.,1.,-1.110223024625E-16));
#10102 = ORIENTED_EDGE('',*,*,#10103,.T.);
#10103 = EDGE_CURVE('',#10096,#10104,#10106,.T.);
#10104 = VERTEX_POINT('',#10105);
#10105 = CARTESIAN_POINT('',(-4.,-1.975,0.61));
#10106 = LINE('',#10107,#10108);
#10107 = CARTESIAN_POINT('',(-4.,-1.975,1.26));
#10108 = VECTOR('',#10109,1.);
#10109 = DIRECTION('',(0.,-1.110223024625E-16,-1.));
#10110 = ORIENTED_EDGE('',*,*,#10111,.T.);
#10111 = EDGE_CURVE('',#10104,#10112,#10114,.T.);
#10112 = VERTEX_POINT('',#10113);
#10113 = CARTESIAN_POINT('',(-4.,-0.975,0.61));
#10114 = LINE('',#10115,#10116);
#10115 = CARTESIAN_POINT('',(-4.,-1.975,0.61));
#10116 = VECTOR('',#10117,1.);
#10117 = DIRECTION('',(0.,1.,-1.110223024625E-16));
#10118 = ORIENTED_EDGE('',*,*,#10119,.T.);
#10119 = EDGE_CURVE('',#10112,#10032,#10120,.T.);
#10120 = LINE('',#10121,#10122);
#10121 = CARTESIAN_POINT('',(-4.,-0.975,0.61));
#10122 = VECTOR('',#10123,1.);
#10123 = DIRECTION('',(0.,-1.110223024625E-16,-1.));
#10124 = PLANE('',#10125);
#10125 = AXIS2_PLACEMENT_3D('',#10126,#10127,#10128);
#10126 = CARTESIAN_POINT('',(-4.,1.775,6.E-02));
#10127 = DIRECTION('',(1.,0.,0.));
#10128 = DIRECTION('',(0.,-1.,1.110223024625E-16));
#10129 = ADVANCED_FACE('',(#10130),#10395,.F.);
#10130 = FACE_BOUND('',#10131,.F.);
#10131 = EDGE_LOOP('',(#10132,#10142,#10150,#10158,#10166,#10174,#10182,
    #10190,#10198,#10206,#10214,#10222,#10230,#10238,#10246,#10254,
    #10262,#10270,#10278,#10286,#10294,#10302,#10310,#10318,#10326,
    #10334,#10340,#10341,#10349,#10357,#10365,#10373,#10381,#10389));
#10132 = ORIENTED_EDGE('',*,*,#10133,.F.);
#10133 = EDGE_CURVE('',#10134,#10136,#10138,.T.);
#10134 = VERTEX_POINT('',#10135);
#10135 = CARTESIAN_POINT('',(4.,1.775,6.E-02));
#10136 = VERTEX_POINT('',#10137);
#10137 = CARTESIAN_POINT('',(4.,-0.975,6.E-02));
#10138 = LINE('',#10139,#10140);
#10139 = CARTESIAN_POINT('',(4.,1.775,6.E-02));
#10140 = VECTOR('',#10141,1.);
#10141 = DIRECTION('',(0.,-1.,1.110223024625E-16));
#10142 = ORIENTED_EDGE('',*,*,#10143,.F.);
#10143 = EDGE_CURVE('',#10144,#10134,#10146,.T.);
#10144 = VERTEX_POINT('',#10145);
#10145 = CARTESIAN_POINT('',(2.6,1.775,6.E-02));
#10146 = LINE('',#10147,#10148);
#10147 = CARTESIAN_POINT('',(-4.,1.775,6.E-02));
#10148 = VECTOR('',#10149,1.);
#10149 = DIRECTION('',(1.,0.,0.));
#10150 = ORIENTED_EDGE('',*,*,#10151,.F.);
#10151 = EDGE_CURVE('',#10152,#10144,#10154,.T.);
#10152 = VERTEX_POINT('',#10153);
#10153 = CARTESIAN_POINT('',(2.6,1.675,6.E-02));
#10154 = LINE('',#10155,#10156);
#10155 = CARTESIAN_POINT('',(2.6,1.675,6.E-02));
#10156 = VECTOR('',#10157,1.);
#10157 = DIRECTION('',(0.,1.,0.));
#10158 = ORIENTED_EDGE('',*,*,#10159,.F.);
#10159 = EDGE_CURVE('',#10160,#10152,#10162,.T.);
#10160 = VERTEX_POINT('',#10161);
#10161 = CARTESIAN_POINT('',(2.4,1.675,6.E-02));
#10162 = LINE('',#10163,#10164);
#10163 = CARTESIAN_POINT('',(2.4,1.675,6.E-02));
#10164 = VECTOR('',#10165,1.);
#10165 = DIRECTION('',(1.,0.,0.));
#10166 = ORIENTED_EDGE('',*,*,#10167,.T.);
#10167 = EDGE_CURVE('',#10160,#10168,#10170,.T.);
#10168 = VERTEX_POINT('',#10169);
#10169 = CARTESIAN_POINT('',(2.4,1.775,6.E-02));
#10170 = LINE('',#10171,#10172);
#10171 = CARTESIAN_POINT('',(2.4,1.675,6.E-02));
#10172 = VECTOR('',#10173,1.);
#10173 = DIRECTION('',(0.,1.,0.));
#10174 = ORIENTED_EDGE('',*,*,#10175,.F.);
#10175 = EDGE_CURVE('',#10176,#10168,#10178,.T.);
#10176 = VERTEX_POINT('',#10177);
#10177 = CARTESIAN_POINT('',(1.6,1.775,6.E-02));
#10178 = LINE('',#10179,#10180);
#10179 = CARTESIAN_POINT('',(-4.,1.775,6.E-02));
#10180 = VECTOR('',#10181,1.);
#10181 = DIRECTION('',(1.,0.,0.));
#10182 = ORIENTED_EDGE('',*,*,#10183,.F.);
#10183 = EDGE_CURVE('',#10184,#10176,#10186,.T.);
#10184 = VERTEX_POINT('',#10185);
#10185 = CARTESIAN_POINT('',(1.6,1.675,6.E-02));
#10186 = LINE('',#10187,#10188);
#10187 = CARTESIAN_POINT('',(1.6,1.675,6.E-02));
#10188 = VECTOR('',#10189,1.);
#10189 = DIRECTION('',(0.,1.,0.));
#10190 = ORIENTED_EDGE('',*,*,#10191,.F.);
#10191 = EDGE_CURVE('',#10192,#10184,#10194,.T.);
#10192 = VERTEX_POINT('',#10193);
#10193 = CARTESIAN_POINT('',(1.4,1.675,6.E-02));
#10194 = LINE('',#10195,#10196);
#10195 = CARTESIAN_POINT('',(1.4,1.675,6.E-02));
#10196 = VECTOR('',#10197,1.);
#10197 = DIRECTION('',(1.,0.,0.));
#10198 = ORIENTED_EDGE('',*,*,#10199,.T.);
#10199 = EDGE_CURVE('',#10192,#10200,#10202,.T.);
#10200 = VERTEX_POINT('',#10201);
#10201 = CARTESIAN_POINT('',(1.4,1.775,6.E-02));
#10202 = LINE('',#10203,#10204);
#10203 = CARTESIAN_POINT('',(1.4,1.675,6.E-02));
#10204 = VECTOR('',#10205,1.);
#10205 = DIRECTION('',(0.,1.,0.));
#10206 = ORIENTED_EDGE('',*,*,#10207,.F.);
#10207 = EDGE_CURVE('',#10208,#10200,#10210,.T.);
#10208 = VERTEX_POINT('',#10209);
#10209 = CARTESIAN_POINT('',(0.6,1.775,6.E-02));
#10210 = LINE('',#10211,#10212);
#10211 = CARTESIAN_POINT('',(-4.,1.775,6.E-02));
#10212 = VECTOR('',#10213,1.);
#10213 = DIRECTION('',(1.,0.,0.));
#10214 = ORIENTED_EDGE('',*,*,#10215,.F.);
#10215 = EDGE_CURVE('',#10216,#10208,#10218,.T.);
#10216 = VERTEX_POINT('',#10217);
#10217 = CARTESIAN_POINT('',(0.6,1.675,6.E-02));
#10218 = LINE('',#10219,#10220);
#10219 = CARTESIAN_POINT('',(0.6,1.675,6.E-02));
#10220 = VECTOR('',#10221,1.);
#10221 = DIRECTION('',(0.,1.,0.));
#10222 = ORIENTED_EDGE('',*,*,#10223,.F.);
#10223 = EDGE_CURVE('',#10224,#10216,#10226,.T.);
#10224 = VERTEX_POINT('',#10225);
#10225 = CARTESIAN_POINT('',(0.4,1.675,6.E-02));
#10226 = LINE('',#10227,#10228);
#10227 = CARTESIAN_POINT('',(0.4,1.675,6.E-02));
#10228 = VECTOR('',#10229,1.);
#10229 = DIRECTION('',(1.,0.,0.));
#10230 = ORIENTED_EDGE('',*,*,#10231,.T.);
#10231 = EDGE_CURVE('',#10224,#10232,#10234,.T.);
#10232 = VERTEX_POINT('',#10233);
#10233 = CARTESIAN_POINT('',(0.4,1.775,6.E-02));
#10234 = LINE('',#10235,#10236);
#10235 = CARTESIAN_POINT('',(0.4,1.675,6.E-02));
#10236 = VECTOR('',#10237,1.);
#10237 = DIRECTION('',(0.,1.,0.));
#10238 = ORIENTED_EDGE('',*,*,#10239,.F.);
#10239 = EDGE_CURVE('',#10240,#10232,#10242,.T.);
#10240 = VERTEX_POINT('',#10241);
#10241 = CARTESIAN_POINT('',(-0.4,1.775,6.E-02));
#10242 = LINE('',#10243,#10244);
#10243 = CARTESIAN_POINT('',(-4.,1.775,6.E-02));
#10244 = VECTOR('',#10245,1.);
#10245 = DIRECTION('',(1.,0.,0.));
#10246 = ORIENTED_EDGE('',*,*,#10247,.F.);
#10247 = EDGE_CURVE('',#10248,#10240,#10250,.T.);
#10248 = VERTEX_POINT('',#10249);
#10249 = CARTESIAN_POINT('',(-0.4,1.675,6.E-02));
#10250 = LINE('',#10251,#10252);
#10251 = CARTESIAN_POINT('',(-0.4,1.675,6.E-02));
#10252 = VECTOR('',#10253,1.);
#10253 = DIRECTION('',(0.,1.,0.));
#10254 = ORIENTED_EDGE('',*,*,#10255,.F.);
#10255 = EDGE_CURVE('',#10256,#10248,#10258,.T.);
#10256 = VERTEX_POINT('',#10257);
#10257 = CARTESIAN_POINT('',(-0.6,1.675,6.E-02));
#10258 = LINE('',#10259,#10260);
#10259 = CARTESIAN_POINT('',(-0.6,1.675,6.E-02));
#10260 = VECTOR('',#10261,1.);
#10261 = DIRECTION('',(1.,0.,0.));
#10262 = ORIENTED_EDGE('',*,*,#10263,.T.);
#10263 = EDGE_CURVE('',#10256,#10264,#10266,.T.);
#10264 = VERTEX_POINT('',#10265);
#10265 = CARTESIAN_POINT('',(-0.6,1.775,6.E-02));
#10266 = LINE('',#10267,#10268);
#10267 = CARTESIAN_POINT('',(-0.6,1.675,6.E-02));
#10268 = VECTOR('',#10269,1.);
#10269 = DIRECTION('',(0.,1.,0.));
#10270 = ORIENTED_EDGE('',*,*,#10271,.F.);
#10271 = EDGE_CURVE('',#10272,#10264,#10274,.T.);
#10272 = VERTEX_POINT('',#10273);
#10273 = CARTESIAN_POINT('',(-1.4,1.775,6.E-02));
#10274 = LINE('',#10275,#10276);
#10275 = CARTESIAN_POINT('',(-4.,1.775,6.E-02));
#10276 = VECTOR('',#10277,1.);
#10277 = DIRECTION('',(1.,0.,0.));
#10278 = ORIENTED_EDGE('',*,*,#10279,.F.);
#10279 = EDGE_CURVE('',#10280,#10272,#10282,.T.);
#10280 = VERTEX_POINT('',#10281);
#10281 = CARTESIAN_POINT('',(-1.4,1.675,6.E-02));
#10282 = LINE('',#10283,#10284);
#10283 = CARTESIAN_POINT('',(-1.4,1.675,6.E-02));
#10284 = VECTOR('',#10285,1.);
#10285 = DIRECTION('',(0.,1.,0.));
#10286 = ORIENTED_EDGE('',*,*,#10287,.F.);
#10287 = EDGE_CURVE('',#10288,#10280,#10290,.T.);
#10288 = VERTEX_POINT('',#10289);
#10289 = CARTESIAN_POINT('',(-1.6,1.675,6.E-02));
#10290 = LINE('',#10291,#10292);
#10291 = CARTESIAN_POINT('',(-1.6,1.675,6.E-02));
#10292 = VECTOR('',#10293,1.);
#10293 = DIRECTION('',(1.,0.,0.));
#10294 = ORIENTED_EDGE('',*,*,#10295,.T.);
#10295 = EDGE_CURVE('',#10288,#10296,#10298,.T.);
#10296 = VERTEX_POINT('',#10297);
#10297 = CARTESIAN_POINT('',(-1.6,1.775,6.E-02));
#10298 = LINE('',#10299,#10300);
#10299 = CARTESIAN_POINT('',(-1.6,1.675,6.E-02));
#10300 = VECTOR('',#10301,1.);
#10301 = DIRECTION('',(0.,1.,0.));
#10302 = ORIENTED_EDGE('',*,*,#10303,.F.);
#10303 = EDGE_CURVE('',#10304,#10296,#10306,.T.);
#10304 = VERTEX_POINT('',#10305);
#10305 = CARTESIAN_POINT('',(-2.4,1.775,6.E-02));
#10306 = LINE('',#10307,#10308);
#10307 = CARTESIAN_POINT('',(-4.,1.775,6.E-02));
#10308 = VECTOR('',#10309,1.);
#10309 = DIRECTION('',(1.,0.,0.));
#10310 = ORIENTED_EDGE('',*,*,#10311,.F.);
#10311 = EDGE_CURVE('',#10312,#10304,#10314,.T.);
#10312 = VERTEX_POINT('',#10313);
#10313 = CARTESIAN_POINT('',(-2.4,1.675,6.E-02));
#10314 = LINE('',#10315,#10316);
#10315 = CARTESIAN_POINT('',(-2.4,1.675,6.E-02));
#10316 = VECTOR('',#10317,1.);
#10317 = DIRECTION('',(0.,1.,0.));
#10318 = ORIENTED_EDGE('',*,*,#10319,.F.);
#10319 = EDGE_CURVE('',#10320,#10312,#10322,.T.);
#10320 = VERTEX_POINT('',#10321);
#10321 = CARTESIAN_POINT('',(-2.6,1.675,6.E-02));
#10322 = LINE('',#10323,#10324);
#10323 = CARTESIAN_POINT('',(-2.6,1.675,6.E-02));
#10324 = VECTOR('',#10325,1.);
#10325 = DIRECTION('',(1.,0.,0.));
#10326 = ORIENTED_EDGE('',*,*,#10327,.T.);
#10327 = EDGE_CURVE('',#10320,#10328,#10330,.T.);
#10328 = VERTEX_POINT('',#10329);
#10329 = CARTESIAN_POINT('',(-2.6,1.775,6.E-02));
#10330 = LINE('',#10331,#10332);
#10331 = CARTESIAN_POINT('',(-2.6,1.675,6.E-02));
#10332 = VECTOR('',#10333,1.);
#10333 = DIRECTION('',(0.,1.,0.));
#10334 = ORIENTED_EDGE('',*,*,#10335,.F.);
#10335 = EDGE_CURVE('',#10030,#10328,#10336,.T.);
#10336 = LINE('',#10337,#10338);
#10337 = CARTESIAN_POINT('',(-4.,1.775,6.E-02));
#10338 = VECTOR('',#10339,1.);
#10339 = DIRECTION('',(1.,0.,0.));
#10340 = ORIENTED_EDGE('',*,*,#10029,.T.);
#10341 = ORIENTED_EDGE('',*,*,#10342,.T.);
#10342 = EDGE_CURVE('',#10032,#10343,#10345,.T.);
#10343 = VERTEX_POINT('',#10344);
#10344 = CARTESIAN_POINT('',(-3.7,-0.975,6.E-02));
#10345 = LINE('',#10346,#10347);
#10346 = CARTESIAN_POINT('',(-4.,-0.975,6.E-02));
#10347 = VECTOR('',#10348,1.);
#10348 = DIRECTION('',(1.,0.,0.));
#10349 = ORIENTED_EDGE('',*,*,#10350,.T.);
#10350 = EDGE_CURVE('',#10343,#10351,#10353,.T.);
#10351 = VERTEX_POINT('',#10352);
#10352 = CARTESIAN_POINT('',(-3.5,-0.975,6.E-02));
#10353 = LINE('',#10354,#10355);
#10354 = CARTESIAN_POINT('',(-4.,-0.975,6.E-02));
#10355 = VECTOR('',#10356,1.);
#10356 = DIRECTION('',(1.,0.,0.));
#10357 = ORIENTED_EDGE('',*,*,#10358,.T.);
#10358 = EDGE_CURVE('',#10351,#10359,#10361,.T.);
#10359 = VERTEX_POINT('',#10360);
#10360 = CARTESIAN_POINT('',(-3.5,-2.475,6.E-02));
#10361 = LINE('',#10362,#10363);
#10362 = CARTESIAN_POINT('',(-3.5,-0.975,6.E-02));
#10363 = VECTOR('',#10364,1.);
#10364 = DIRECTION('',(0.,-1.,2.590520390792E-16));
#10365 = ORIENTED_EDGE('',*,*,#10366,.T.);
#10366 = EDGE_CURVE('',#10359,#10367,#10369,.T.);
#10367 = VERTEX_POINT('',#10368);
#10368 = CARTESIAN_POINT('',(3.5,-2.475,6.E-02));
#10369 = LINE('',#10370,#10371);
#10370 = CARTESIAN_POINT('',(-4.,-2.475,6.E-02));
#10371 = VECTOR('',#10372,1.);
#10372 = DIRECTION('',(1.,0.,0.));
#10373 = ORIENTED_EDGE('',*,*,#10374,.F.);
#10374 = EDGE_CURVE('',#10375,#10367,#10377,.T.);
#10375 = VERTEX_POINT('',#10376);
#10376 = CARTESIAN_POINT('',(3.5,-0.975,6.E-02));
#10377 = LINE('',#10378,#10379);
#10378 = CARTESIAN_POINT('',(3.5,-0.975,6.E-02));
#10379 = VECTOR('',#10380,1.);
#10380 = DIRECTION('',(0.,-1.,2.590520390792E-16));
#10381 = ORIENTED_EDGE('',*,*,#10382,.T.);
#10382 = EDGE_CURVE('',#10375,#10383,#10385,.T.);
#10383 = VERTEX_POINT('',#10384);
#10384 = CARTESIAN_POINT('',(3.7,-0.975,6.E-02));
#10385 = LINE('',#10386,#10387);
#10386 = CARTESIAN_POINT('',(3.5,-0.975,6.E-02));
#10387 = VECTOR('',#10388,1.);
#10388 = DIRECTION('',(1.,0.,0.));
#10389 = ORIENTED_EDGE('',*,*,#10390,.T.);
#10390 = EDGE_CURVE('',#10383,#10136,#10391,.T.);
#10391 = LINE('',#10392,#10393);
#10392 = CARTESIAN_POINT('',(3.5,-0.975,6.E-02));
#10393 = VECTOR('',#10394,1.);
#10394 = DIRECTION('',(1.,0.,0.));
#10395 = PLANE('',#10396);
#10396 = AXIS2_PLACEMENT_3D('',#10397,#10398,#10399);
#10397 = CARTESIAN_POINT('',(-4.,1.775,6.E-02));
#10398 = DIRECTION('',(0.,1.110223024625E-16,1.));
#10399 = DIRECTION('',(0.,-1.,1.110223024625E-16));
#10400 = ADVANCED_FACE('',(#10401),#10419,.F.);
#10401 = FACE_BOUND('',#10402,.F.);
#10402 = EDGE_LOOP('',(#10403,#10404,#10412,#10418));
#10403 = ORIENTED_EDGE('',*,*,#10119,.F.);
#10404 = ORIENTED_EDGE('',*,*,#10405,.T.);
#10405 = EDGE_CURVE('',#10112,#10406,#10408,.T.);
#10406 = VERTEX_POINT('',#10407);
#10407 = CARTESIAN_POINT('',(-3.7,-0.975,0.61));
#10408 = LINE('',#10409,#10410);
#10409 = CARTESIAN_POINT('',(-4.,-0.975,0.61));
#10410 = VECTOR('',#10411,1.);
#10411 = DIRECTION('',(1.,0.,0.));
#10412 = ORIENTED_EDGE('',*,*,#10413,.T.);
#10413 = EDGE_CURVE('',#10406,#10343,#10414,.T.);
#10414 = LINE('',#10415,#10416);
#10415 = CARTESIAN_POINT('',(-3.7,-0.975,0.61));
#10416 = VECTOR('',#10417,1.);
#10417 = DIRECTION('',(0.,0.,-1.));
#10418 = ORIENTED_EDGE('',*,*,#10342,.F.);
#10419 = PLANE('',#10420);
#10420 = AXIS2_PLACEMENT_3D('',#10421,#10422,#10423);
#10421 = CARTESIAN_POINT('',(-4.,-0.975,0.61));
#10422 = DIRECTION('',(0.,1.,-1.110223024625E-16));
#10423 = DIRECTION('',(0.,-1.110223024625E-16,-1.));
#10424 = ADVANCED_FACE('',(#10425),#10443,.F.);
#10425 = FACE_BOUND('',#10426,.F.);
#10426 = EDGE_LOOP('',(#10427,#10428,#10436,#10442));
#10427 = ORIENTED_EDGE('',*,*,#10111,.F.);
#10428 = ORIENTED_EDGE('',*,*,#10429,.T.);
#10429 = EDGE_CURVE('',#10104,#10430,#10432,.T.);
#10430 = VERTEX_POINT('',#10431);
#10431 = CARTESIAN_POINT('',(-3.7,-1.975,0.61));
#10432 = LINE('',#10433,#10434);
#10433 = CARTESIAN_POINT('',(-4.,-1.975,0.61));
#10434 = VECTOR('',#10435,1.);
#10435 = DIRECTION('',(1.,0.,0.));
#10436 = ORIENTED_EDGE('',*,*,#10437,.T.);
#10437 = EDGE_CURVE('',#10430,#10406,#10438,.T.);
#10438 = LINE('',#10439,#10440);
#10439 = CARTESIAN_POINT('',(-3.7,-1.975,0.61));
#10440 = VECTOR('',#10441,1.);
#10441 = DIRECTION('',(0.,1.,0.));
#10442 = ORIENTED_EDGE('',*,*,#10405,.F.);
#10443 = PLANE('',#10444);
#10444 = AXIS2_PLACEMENT_3D('',#10445,#10446,#10447);
#10445 = CARTESIAN_POINT('',(-4.,-1.975,0.61));
#10446 = DIRECTION('',(0.,1.110223024625E-16,1.));
#10447 = DIRECTION('',(0.,1.,-1.110223024625E-16));
#10448 = ADVANCED_FACE('',(#10449),#10467,.F.);
#10449 = FACE_BOUND('',#10450,.F.);
#10450 = EDGE_LOOP('',(#10451,#10452,#10460,#10466));
#10451 = ORIENTED_EDGE('',*,*,#10103,.F.);
#10452 = ORIENTED_EDGE('',*,*,#10453,.T.);
#10453 = EDGE_CURVE('',#10096,#10454,#10456,.T.);
#10454 = VERTEX_POINT('',#10455);
#10455 = CARTESIAN_POINT('',(-3.7,-1.975,1.26));
#10456 = LINE('',#10457,#10458);
#10457 = CARTESIAN_POINT('',(-4.,-1.975,1.26));
#10458 = VECTOR('',#10459,1.);
#10459 = DIRECTION('',(1.,0.,0.));
#10460 = ORIENTED_EDGE('',*,*,#10461,.T.);
#10461 = EDGE_CURVE('',#10454,#10430,#10462,.T.);
#10462 = LINE('',#10463,#10464);
#10463 = CARTESIAN_POINT('',(-3.7,-1.975,1.26));
#10464 = VECTOR('',#10465,1.);
#10465 = DIRECTION('',(0.,0.,-1.));
#10466 = ORIENTED_EDGE('',*,*,#10429,.F.);
#10467 = PLANE('',#10468);
#10468 = AXIS2_PLACEMENT_3D('',#10469,#10470,#10471);
#10469 = CARTESIAN_POINT('',(-4.,-1.975,1.26));
#10470 = DIRECTION('',(0.,1.,-1.110223024625E-16));
#10471 = DIRECTION('',(0.,-1.110223024625E-16,-1.));
#10472 = ADVANCED_FACE('',(#10473),#10491,.F.);
#10473 = FACE_BOUND('',#10474,.F.);
#10474 = EDGE_LOOP('',(#10475,#10476,#10484,#10490));
#10475 = ORIENTED_EDGE('',*,*,#10095,.F.);
#10476 = ORIENTED_EDGE('',*,*,#10477,.T.);
#10477 = EDGE_CURVE('',#10088,#10478,#10480,.T.);
#10478 = VERTEX_POINT('',#10479);
#10479 = CARTESIAN_POINT('',(-3.7,-2.475,1.26));
#10480 = LINE('',#10481,#10482);
#10481 = CARTESIAN_POINT('',(-4.,-2.475,1.26));
#10482 = VECTOR('',#10483,1.);
#10483 = DIRECTION('',(1.,0.,0.));
#10484 = ORIENTED_EDGE('',*,*,#10485,.T.);
#10485 = EDGE_CURVE('',#10478,#10454,#10486,.T.);
#10486 = LINE('',#10487,#10488);
#10487 = CARTESIAN_POINT('',(-3.7,-2.475,1.26));
#10488 = VECTOR('',#10489,1.);
#10489 = DIRECTION('',(0.,1.,0.));
#10490 = ORIENTED_EDGE('',*,*,#10453,.F.);
#10491 = PLANE('',#10492);
#10492 = AXIS2_PLACEMENT_3D('',#10493,#10494,#10495);
#10493 = CARTESIAN_POINT('',(-4.,-2.475,1.26));
#10494 = DIRECTION('',(0.,1.110223024625E-16,1.));
#10495 = DIRECTION('',(0.,1.,-1.110223024625E-16));
#10496 = ADVANCED_FACE('',(#10497,#10554),#10652,.T.);
#10497 = FACE_BOUND('',#10498,.T.);
#10498 = EDGE_LOOP('',(#10499,#10500,#10501,#10509,#10515,#10516,#10524,
    #10532,#10540,#10548));
#10499 = ORIENTED_EDGE('',*,*,#10087,.F.);
#10500 = ORIENTED_EDGE('',*,*,#10477,.T.);
#10501 = ORIENTED_EDGE('',*,*,#10502,.T.);
#10502 = EDGE_CURVE('',#10478,#10503,#10505,.T.);
#10503 = VERTEX_POINT('',#10504);
#10504 = CARTESIAN_POINT('',(-3.5,-2.475,1.26));
#10505 = LINE('',#10506,#10507);
#10506 = CARTESIAN_POINT('',(-4.,-2.475,1.26));
#10507 = VECTOR('',#10508,1.);
#10508 = DIRECTION('',(1.,0.,0.));
#10509 = ORIENTED_EDGE('',*,*,#10510,.F.);
#10510 = EDGE_CURVE('',#10359,#10503,#10511,.T.);
#10511 = LINE('',#10512,#10513);
#10512 = CARTESIAN_POINT('',(-3.5,-2.475,6.E-02));
#10513 = VECTOR('',#10514,1.);
#10514 = DIRECTION('',(0.,1.110223024625E-16,1.));
#10515 = ORIENTED_EDGE('',*,*,#10366,.T.);
#10516 = ORIENTED_EDGE('',*,*,#10517,.T.);
#10517 = EDGE_CURVE('',#10367,#10518,#10520,.T.);
#10518 = VERTEX_POINT('',#10519);
#10519 = CARTESIAN_POINT('',(3.5,-2.475,1.26));
#10520 = LINE('',#10521,#10522);
#10521 = CARTESIAN_POINT('',(3.5,-2.475,6.E-02));
#10522 = VECTOR('',#10523,1.);
#10523 = DIRECTION('',(0.,1.110223024625E-16,1.));
#10524 = ORIENTED_EDGE('',*,*,#10525,.T.);
#10525 = EDGE_CURVE('',#10518,#10526,#10528,.T.);
#10526 = VERTEX_POINT('',#10527);
#10527 = CARTESIAN_POINT('',(3.7,-2.475,1.26));
#10528 = LINE('',#10529,#10530);
#10529 = CARTESIAN_POINT('',(3.5,-2.475,1.26));
#10530 = VECTOR('',#10531,1.);
#10531 = DIRECTION('',(1.,0.,0.));
#10532 = ORIENTED_EDGE('',*,*,#10533,.T.);
#10533 = EDGE_CURVE('',#10526,#10534,#10536,.T.);
#10534 = VERTEX_POINT('',#10535);
#10535 = CARTESIAN_POINT('',(4.,-2.475,1.26));
#10536 = LINE('',#10537,#10538);
#10537 = CARTESIAN_POINT('',(3.5,-2.475,1.26));
#10538 = VECTOR('',#10539,1.);
#10539 = DIRECTION('',(1.,0.,0.));
#10540 = ORIENTED_EDGE('',*,*,#10541,.T.);
#10541 = EDGE_CURVE('',#10534,#10542,#10544,.T.);
#10542 = VERTEX_POINT('',#10543);
#10543 = CARTESIAN_POINT('',(4.,-2.475,2.96));
#10544 = LINE('',#10545,#10546);
#10545 = CARTESIAN_POINT('',(4.,-2.475,6.E-02));
#10546 = VECTOR('',#10547,1.);
#10547 = DIRECTION('',(0.,1.110223024625E-16,1.));
#10548 = ORIENTED_EDGE('',*,*,#10549,.F.);
#10549 = EDGE_CURVE('',#10080,#10542,#10550,.T.);
#10550 = LINE('',#10551,#10552);
#10551 = CARTESIAN_POINT('',(-4.,-2.475,2.96));
#10552 = VECTOR('',#10553,1.);
#10553 = DIRECTION('',(1.,0.,0.));
#10554 = FACE_BOUND('',#10555,.T.);
#10555 = EDGE_LOOP('',(#10556,#10566,#10574,#10582,#10590,#10598,#10606,
    #10614,#10622,#10630,#10638,#10646));
#10556 = ORIENTED_EDGE('',*,*,#10557,.F.);
#10557 = EDGE_CURVE('',#10558,#10560,#10562,.T.);
#10558 = VERTEX_POINT('',#10559);
#10559 = CARTESIAN_POINT('',(3.2,-2.475,0.46));
#10560 = VERTEX_POINT('',#10561);
#10561 = CARTESIAN_POINT('',(3.2,-2.475,1.46));
#10562 = LINE('',#10563,#10564);
#10563 = CARTESIAN_POINT('',(3.2,-2.475,0.46));
#10564 = VECTOR('',#10565,1.);
#10565 = DIRECTION('',(0.,1.110223024625E-16,1.));
#10566 = ORIENTED_EDGE('',*,*,#10567,.F.);
#10567 = EDGE_CURVE('',#10568,#10558,#10570,.T.);
#10568 = VERTEX_POINT('',#10569);
#10569 = CARTESIAN_POINT('',(-3.2,-2.475,0.46));
#10570 = LINE('',#10571,#10572);
#10571 = CARTESIAN_POINT('',(-3.2,-2.475,0.46));
#10572 = VECTOR('',#10573,1.);
#10573 = DIRECTION('',(1.,0.,0.));
#10574 = ORIENTED_EDGE('',*,*,#10575,.F.);
#10575 = EDGE_CURVE('',#10576,#10568,#10578,.T.);
#10576 = VERTEX_POINT('',#10577);
#10577 = CARTESIAN_POINT('',(-3.2,-2.475,1.46));
#10578 = LINE('',#10579,#10580);
#10579 = CARTESIAN_POINT('',(-3.2,-2.475,2.56));
#10580 = VECTOR('',#10581,1.);
#10581 = DIRECTION('',(0.,-1.110223024625E-16,-1.));
#10582 = ORIENTED_EDGE('',*,*,#10583,.F.);
#10583 = EDGE_CURVE('',#10584,#10576,#10586,.T.);
#10584 = VERTEX_POINT('',#10585);
#10585 = CARTESIAN_POINT('',(-3.55,-2.475,1.46));
#10586 = LINE('',#10587,#10588);
#10587 = CARTESIAN_POINT('',(-3.55,-2.475,1.46));
#10588 = VECTOR('',#10589,1.);
#10589 = DIRECTION('',(1.,0.,0.));
#10590 = ORIENTED_EDGE('',*,*,#10591,.F.);
#10591 = EDGE_CURVE('',#10592,#10584,#10594,.T.);
#10592 = VERTEX_POINT('',#10593);
#10593 = CARTESIAN_POINT('',(-3.55,-2.475,2.06));
#10594 = LINE('',#10595,#10596);
#10595 = CARTESIAN_POINT('',(-3.55,-2.475,2.06));
#10596 = VECTOR('',#10597,1.);
#10597 = DIRECTION('',(0.,-1.110223024625E-16,-1.));
#10598 = ORIENTED_EDGE('',*,*,#10599,.F.);
#10599 = EDGE_CURVE('',#10600,#10592,#10602,.T.);
#10600 = VERTEX_POINT('',#10601);
#10601 = CARTESIAN_POINT('',(-3.2,-2.475,2.06));
#10602 = LINE('',#10603,#10604);
#10603 = CARTESIAN_POINT('',(3.55,-2.475,2.06));
#10604 = VECTOR('',#10605,1.);
#10605 = DIRECTION('',(-1.,0.,0.));
#10606 = ORIENTED_EDGE('',*,*,#10607,.F.);
#10607 = EDGE_CURVE('',#10608,#10600,#10610,.T.);
#10608 = VERTEX_POINT('',#10609);
#10609 = CARTESIAN_POINT('',(-3.2,-2.475,2.56));
#10610 = LINE('',#10611,#10612);
#10611 = CARTESIAN_POINT('',(-3.2,-2.475,2.56));
#10612 = VECTOR('',#10613,1.);
#10613 = DIRECTION('',(0.,-1.110223024625E-16,-1.));
#10614 = ORIENTED_EDGE('',*,*,#10615,.F.);
#10615 = EDGE_CURVE('',#10616,#10608,#10618,.T.);
#10616 = VERTEX_POINT('',#10617);
#10617 = CARTESIAN_POINT('',(3.2,-2.475,2.56));
#10618 = LINE('',#10619,#10620);
#10619 = CARTESIAN_POINT('',(3.2,-2.475,2.56));
#10620 = VECTOR('',#10621,1.);
#10621 = DIRECTION('',(-1.,0.,0.));
#10622 = ORIENTED_EDGE('',*,*,#10623,.F.);
#10623 = EDGE_CURVE('',#10624,#10616,#10626,.T.);
#10624 = VERTEX_POINT('',#10625);
#10625 = CARTESIAN_POINT('',(3.2,-2.475,2.06));
#10626 = LINE('',#10627,#10628);
#10627 = CARTESIAN_POINT('',(3.2,-2.475,0.46));
#10628 = VECTOR('',#10629,1.);
#10629 = DIRECTION('',(0.,1.110223024625E-16,1.));
#10630 = ORIENTED_EDGE('',*,*,#10631,.F.);
#10631 = EDGE_CURVE('',#10632,#10624,#10634,.T.);
#10632 = VERTEX_POINT('',#10633);
#10633 = CARTESIAN_POINT('',(3.55,-2.475,2.06));
#10634 = LINE('',#10635,#10636);
#10635 = CARTESIAN_POINT('',(3.55,-2.475,2.06));
#10636 = VECTOR('',#10637,1.);
#10637 = DIRECTION('',(-1.,0.,0.));
#10638 = ORIENTED_EDGE('',*,*,#10639,.F.);
#10639 = EDGE_CURVE('',#10640,#10632,#10642,.T.);
#10640 = VERTEX_POINT('',#10641);
#10641 = CARTESIAN_POINT('',(3.55,-2.475,1.46));
#10642 = LINE('',#10643,#10644);
#10643 = CARTESIAN_POINT('',(3.55,-2.475,1.46));
#10644 = VECTOR('',#10645,1.);
#10645 = DIRECTION('',(0.,1.110223024625E-16,1.));
#10646 = ORIENTED_EDGE('',*,*,#10647,.F.);
#10647 = EDGE_CURVE('',#10560,#10640,#10648,.T.);
#10648 = LINE('',#10649,#10650);
#10649 = CARTESIAN_POINT('',(-3.55,-2.475,1.46));
#10650 = VECTOR('',#10651,1.);
#10651 = DIRECTION('',(1.,0.,0.));
#10652 = PLANE('',#10653);
#10653 = AXIS2_PLACEMENT_3D('',#10654,#10655,#10656);
#10654 = CARTESIAN_POINT('',(-4.,-2.475,6.E-02));
#10655 = DIRECTION('',(0.,-1.,1.110223024625E-16));
#10656 = DIRECTION('',(1.,0.,0.));
#10657 = ADVANCED_FACE('',(#10658),#10708,.T.);
#10658 = FACE_BOUND('',#10659,.T.);
#10659 = EDGE_LOOP('',(#10660,#10670,#10678,#10684,#10685,#10686,#10694,
    #10702));
#10660 = ORIENTED_EDGE('',*,*,#10661,.F.);
#10661 = EDGE_CURVE('',#10662,#10664,#10666,.T.);
#10662 = VERTEX_POINT('',#10663);
#10663 = CARTESIAN_POINT('',(-3.5,1.775,2.96));
#10664 = VERTEX_POINT('',#10665);
#10665 = CARTESIAN_POINT('',(3.5,1.775,2.96));
#10666 = LINE('',#10667,#10668);
#10667 = CARTESIAN_POINT('',(-4.,1.775,2.96));
#10668 = VECTOR('',#10669,1.);
#10669 = DIRECTION('',(1.,0.,0.));
#10670 = ORIENTED_EDGE('',*,*,#10671,.F.);
#10671 = EDGE_CURVE('',#10672,#10662,#10674,.T.);
#10672 = VERTEX_POINT('',#10673);
#10673 = CARTESIAN_POINT('',(-3.5,0.286,2.96));
#10674 = LINE('',#10675,#10676);
#10675 = CARTESIAN_POINT('',(-3.5,0.286,2.96));
#10676 = VECTOR('',#10677,1.);
#10677 = DIRECTION('',(0.,1.,-1.110223024625E-16));
#10678 = ORIENTED_EDGE('',*,*,#10679,.F.);
#10679 = EDGE_CURVE('',#10072,#10672,#10680,.T.);
#10680 = LINE('',#10681,#10682);
#10681 = CARTESIAN_POINT('',(-4.,0.286,2.96));
#10682 = VECTOR('',#10683,1.);
#10683 = DIRECTION('',(1.,0.,0.));
#10684 = ORIENTED_EDGE('',*,*,#10079,.T.);
#10685 = ORIENTED_EDGE('',*,*,#10549,.T.);
#10686 = ORIENTED_EDGE('',*,*,#10687,.F.);
#10687 = EDGE_CURVE('',#10688,#10542,#10690,.T.);
#10688 = VERTEX_POINT('',#10689);
#10689 = CARTESIAN_POINT('',(4.,0.286,2.96));
#10690 = LINE('',#10691,#10692);
#10691 = CARTESIAN_POINT('',(4.,1.775,2.96));
#10692 = VECTOR('',#10693,1.);
#10693 = DIRECTION('',(0.,-1.,1.110223024625E-16));
#10694 = ORIENTED_EDGE('',*,*,#10695,.F.);
#10695 = EDGE_CURVE('',#10696,#10688,#10698,.T.);
#10696 = VERTEX_POINT('',#10697);
#10697 = CARTESIAN_POINT('',(3.5,0.286,2.96));
#10698 = LINE('',#10699,#10700);
#10699 = CARTESIAN_POINT('',(3.5,0.286,2.96));
#10700 = VECTOR('',#10701,1.);
#10701 = DIRECTION('',(1.,0.,0.));
#10702 = ORIENTED_EDGE('',*,*,#10703,.T.);
#10703 = EDGE_CURVE('',#10696,#10664,#10704,.T.);
#10704 = LINE('',#10705,#10706);
#10705 = CARTESIAN_POINT('',(3.5,0.286,2.96));
#10706 = VECTOR('',#10707,1.);
#10707 = DIRECTION('',(0.,1.,-1.110223024625E-16));
#10708 = PLANE('',#10709);
#10709 = AXIS2_PLACEMENT_3D('',#10710,#10711,#10712);
#10710 = CARTESIAN_POINT('',(-4.,1.775,2.96));
#10711 = DIRECTION('',(0.,1.110223024625E-16,1.));
#10712 = DIRECTION('',(0.,-1.,1.110223024625E-16));
#10713 = ADVANCED_FACE('',(#10714),#10732,.F.);
#10714 = FACE_BOUND('',#10715,.F.);
#10715 = EDGE_LOOP('',(#10716,#10724,#10730,#10731));
#10716 = ORIENTED_EDGE('',*,*,#10717,.T.);
#10717 = EDGE_CURVE('',#10064,#10718,#10720,.T.);
#10718 = VERTEX_POINT('',#10719);
#10719 = CARTESIAN_POINT('',(-3.5,0.575,2.46));
#10720 = LINE('',#10721,#10722);
#10721 = CARTESIAN_POINT('',(-4.,0.575,2.46));
#10722 = VECTOR('',#10723,1.);
#10723 = DIRECTION('',(1.,0.,0.));
#10724 = ORIENTED_EDGE('',*,*,#10725,.T.);
#10725 = EDGE_CURVE('',#10718,#10672,#10726,.T.);
#10726 = LINE('',#10727,#10728);
#10727 = CARTESIAN_POINT('',(-3.5,0.575,2.46));
#10728 = VECTOR('',#10729,1.);
#10729 = DIRECTION('',(0.,-0.500421834463,0.865781720524));
#10730 = ORIENTED_EDGE('',*,*,#10679,.F.);
#10731 = ORIENTED_EDGE('',*,*,#10071,.F.);
#10732 = PLANE('',#10733);
#10733 = AXIS2_PLACEMENT_3D('',#10734,#10735,#10736);
#10734 = CARTESIAN_POINT('',(-4.,0.575,2.46));
#10735 = DIRECTION('',(0.,-0.865781720524,-0.500421834463));
#10736 = DIRECTION('',(0.,-0.500421834463,0.865781720524));
#10737 = ADVANCED_FACE('',(#10738),#10756,.F.);
#10738 = FACE_BOUND('',#10739,.F.);
#10739 = EDGE_LOOP('',(#10740,#10748,#10754,#10755));
#10740 = ORIENTED_EDGE('',*,*,#10741,.T.);
#10741 = EDGE_CURVE('',#10056,#10742,#10744,.T.);
#10742 = VERTEX_POINT('',#10743);
#10743 = CARTESIAN_POINT('',(-3.5,1.225,2.46));
#10744 = LINE('',#10745,#10746);
#10745 = CARTESIAN_POINT('',(-4.,1.225,2.46));
#10746 = VECTOR('',#10747,1.);
#10747 = DIRECTION('',(1.,0.,0.));
#10748 = ORIENTED_EDGE('',*,*,#10749,.T.);
#10749 = EDGE_CURVE('',#10742,#10718,#10750,.T.);
#10750 = LINE('',#10751,#10752);
#10751 = CARTESIAN_POINT('',(-3.5,1.225,2.46));
#10752 = VECTOR('',#10753,1.);
#10753 = DIRECTION('',(0.,-1.,1.110223024625E-16));
#10754 = ORIENTED_EDGE('',*,*,#10717,.F.);
#10755 = ORIENTED_EDGE('',*,*,#10063,.F.);
#10756 = PLANE('',#10757);
#10757 = AXIS2_PLACEMENT_3D('',#10758,#10759,#10760);
#10758 = CARTESIAN_POINT('',(-4.,1.225,2.46));
#10759 = DIRECTION('',(0.,-1.110223024625E-16,-1.));
#10760 = DIRECTION('',(0.,-1.,1.110223024625E-16));
#10761 = ADVANCED_FACE('',(#10762),#10780,.F.);
#10762 = FACE_BOUND('',#10763,.F.);
#10763 = EDGE_LOOP('',(#10764,#10772,#10778,#10779));
#10764 = ORIENTED_EDGE('',*,*,#10765,.T.);
#10765 = EDGE_CURVE('',#10048,#10766,#10768,.T.);
#10766 = VERTEX_POINT('',#10767);
#10767 = CARTESIAN_POINT('',(-3.5,1.225,1.46));
#10768 = LINE('',#10769,#10770);
#10769 = CARTESIAN_POINT('',(-4.,1.225,1.46));
#10770 = VECTOR('',#10771,1.);
#10771 = DIRECTION('',(1.,0.,0.));
#10772 = ORIENTED_EDGE('',*,*,#10773,.T.);
#10773 = EDGE_CURVE('',#10766,#10742,#10774,.T.);
#10774 = LINE('',#10775,#10776);
#10775 = CARTESIAN_POINT('',(-3.5,1.225,1.46));
#10776 = VECTOR('',#10777,1.);
#10777 = DIRECTION('',(0.,1.110223024625E-16,1.));
#10778 = ORIENTED_EDGE('',*,*,#10741,.F.);
#10779 = ORIENTED_EDGE('',*,*,#10055,.F.);
#10780 = PLANE('',#10781);
#10781 = AXIS2_PLACEMENT_3D('',#10782,#10783,#10784);
#10782 = CARTESIAN_POINT('',(-4.,1.225,1.46));
#10783 = DIRECTION('',(0.,-1.,1.110223024625E-16));
#10784 = DIRECTION('',(0.,1.110223024625E-16,1.));
#10785 = ADVANCED_FACE('',(#10786),#10804,.F.);
#10786 = FACE_BOUND('',#10787,.F.);
#10787 = EDGE_LOOP('',(#10788,#10796,#10802,#10803));
#10788 = ORIENTED_EDGE('',*,*,#10789,.T.);
#10789 = EDGE_CURVE('',#10040,#10790,#10792,.T.);
#10790 = VERTEX_POINT('',#10791);
#10791 = CARTESIAN_POINT('',(-3.5,1.775,1.46));
#10792 = LINE('',#10793,#10794);
#10793 = CARTESIAN_POINT('',(-4.,1.775,1.46));
#10794 = VECTOR('',#10795,1.);
#10795 = DIRECTION('',(1.,0.,0.));
#10796 = ORIENTED_EDGE('',*,*,#10797,.T.);
#10797 = EDGE_CURVE('',#10790,#10766,#10798,.T.);
#10798 = LINE('',#10799,#10800);
#10799 = CARTESIAN_POINT('',(-3.5,1.775,1.46));
#10800 = VECTOR('',#10801,1.);
#10801 = DIRECTION('',(0.,-1.,1.110223024625E-16));
#10802 = ORIENTED_EDGE('',*,*,#10765,.F.);
#10803 = ORIENTED_EDGE('',*,*,#10047,.F.);
#10804 = PLANE('',#10805);
#10805 = AXIS2_PLACEMENT_3D('',#10806,#10807,#10808);
#10806 = CARTESIAN_POINT('',(-4.,1.775,1.46));
#10807 = DIRECTION('',(0.,-1.110223024625E-16,-1.));
#10808 = DIRECTION('',(0.,-1.,1.110223024625E-16));
#10809 = ADVANCED_FACE('',(#10810),#10982,.F.);
#10810 = FACE_BOUND('',#10811,.F.);
#10811 = EDGE_LOOP('',(#10812,#10813,#10814,#10822,#10830,#10836,#10837,
    #10845,#10853,#10859,#10860,#10868,#10876,#10882,#10883,#10891,
    #10899,#10905,#10906,#10914,#10922,#10928,#10929,#10937,#10945,
    #10951,#10952,#10960,#10968,#10974,#10975,#10981));
#10812 = ORIENTED_EDGE('',*,*,#10039,.F.);
#10813 = ORIENTED_EDGE('',*,*,#10335,.T.);
#10814 = ORIENTED_EDGE('',*,*,#10815,.T.);
#10815 = EDGE_CURVE('',#10328,#10816,#10818,.T.);
#10816 = VERTEX_POINT('',#10817);
#10817 = CARTESIAN_POINT('',(-2.6,1.775,0.2));
#10818 = LINE('',#10819,#10820);
#10819 = CARTESIAN_POINT('',(-2.6,1.775,6.E-02));
#10820 = VECTOR('',#10821,1.);
#10821 = DIRECTION('',(0.,0.,1.));
#10822 = ORIENTED_EDGE('',*,*,#10823,.T.);
#10823 = EDGE_CURVE('',#10816,#10824,#10826,.T.);
#10824 = VERTEX_POINT('',#10825);
#10825 = CARTESIAN_POINT('',(-2.4,1.775,0.2));
#10826 = LINE('',#10827,#10828);
#10827 = CARTESIAN_POINT('',(-2.6,1.775,0.2));
#10828 = VECTOR('',#10829,1.);
#10829 = DIRECTION('',(1.,0.,0.));
#10830 = ORIENTED_EDGE('',*,*,#10831,.F.);
#10831 = EDGE_CURVE('',#10304,#10824,#10832,.T.);
#10832 = LINE('',#10833,#10834);
#10833 = CARTESIAN_POINT('',(-2.4,1.775,6.E-02));
#10834 = VECTOR('',#10835,1.);
#10835 = DIRECTION('',(0.,0.,1.));
#10836 = ORIENTED_EDGE('',*,*,#10303,.T.);
#10837 = ORIENTED_EDGE('',*,*,#10838,.T.);
#10838 = EDGE_CURVE('',#10296,#10839,#10841,.T.);
#10839 = VERTEX_POINT('',#10840);
#10840 = CARTESIAN_POINT('',(-1.6,1.775,0.2));
#10841 = LINE('',#10842,#10843);
#10842 = CARTESIAN_POINT('',(-1.6,1.775,6.E-02));
#10843 = VECTOR('',#10844,1.);
#10844 = DIRECTION('',(0.,0.,1.));
#10845 = ORIENTED_EDGE('',*,*,#10846,.T.);
#10846 = EDGE_CURVE('',#10839,#10847,#10849,.T.);
#10847 = VERTEX_POINT('',#10848);
#10848 = CARTESIAN_POINT('',(-1.4,1.775,0.2));
#10849 = LINE('',#10850,#10851);
#10850 = CARTESIAN_POINT('',(-1.6,1.775,0.2));
#10851 = VECTOR('',#10852,1.);
#10852 = DIRECTION('',(1.,0.,0.));
#10853 = ORIENTED_EDGE('',*,*,#10854,.F.);
#10854 = EDGE_CURVE('',#10272,#10847,#10855,.T.);
#10855 = LINE('',#10856,#10857);
#10856 = CARTESIAN_POINT('',(-1.4,1.775,6.E-02));
#10857 = VECTOR('',#10858,1.);
#10858 = DIRECTION('',(0.,0.,1.));
#10859 = ORIENTED_EDGE('',*,*,#10271,.T.);
#10860 = ORIENTED_EDGE('',*,*,#10861,.T.);
#10861 = EDGE_CURVE('',#10264,#10862,#10864,.T.);
#10862 = VERTEX_POINT('',#10863);
#10863 = CARTESIAN_POINT('',(-0.6,1.775,0.2));
#10864 = LINE('',#10865,#10866);
#10865 = CARTESIAN_POINT('',(-0.6,1.775,6.E-02));
#10866 = VECTOR('',#10867,1.);
#10867 = DIRECTION('',(0.,0.,1.));
#10868 = ORIENTED_EDGE('',*,*,#10869,.T.);
#10869 = EDGE_CURVE('',#10862,#10870,#10872,.T.);
#10870 = VERTEX_POINT('',#10871);
#10871 = CARTESIAN_POINT('',(-0.4,1.775,0.2));
#10872 = LINE('',#10873,#10874);
#10873 = CARTESIAN_POINT('',(-0.6,1.775,0.2));
#10874 = VECTOR('',#10875,1.);
#10875 = DIRECTION('',(1.,0.,0.));
#10876 = ORIENTED_EDGE('',*,*,#10877,.F.);
#10877 = EDGE_CURVE('',#10240,#10870,#10878,.T.);
#10878 = LINE('',#10879,#10880);
#10879 = CARTESIAN_POINT('',(-0.4,1.775,6.E-02));
#10880 = VECTOR('',#10881,1.);
#10881 = DIRECTION('',(0.,0.,1.));
#10882 = ORIENTED_EDGE('',*,*,#10239,.T.);
#10883 = ORIENTED_EDGE('',*,*,#10884,.T.);
#10884 = EDGE_CURVE('',#10232,#10885,#10887,.T.);
#10885 = VERTEX_POINT('',#10886);
#10886 = CARTESIAN_POINT('',(0.4,1.775,0.2));
#10887 = LINE('',#10888,#10889);
#10888 = CARTESIAN_POINT('',(0.4,1.775,6.E-02));
#10889 = VECTOR('',#10890,1.);
#10890 = DIRECTION('',(0.,0.,1.));
#10891 = ORIENTED_EDGE('',*,*,#10892,.T.);
#10892 = EDGE_CURVE('',#10885,#10893,#10895,.T.);
#10893 = VERTEX_POINT('',#10894);
#10894 = CARTESIAN_POINT('',(0.6,1.775,0.2));
#10895 = LINE('',#10896,#10897);
#10896 = CARTESIAN_POINT('',(0.4,1.775,0.2));
#10897 = VECTOR('',#10898,1.);
#10898 = DIRECTION('',(1.,0.,0.));
#10899 = ORIENTED_EDGE('',*,*,#10900,.F.);
#10900 = EDGE_CURVE('',#10208,#10893,#10901,.T.);
#10901 = LINE('',#10902,#10903);
#10902 = CARTESIAN_POINT('',(0.6,1.775,6.E-02));
#10903 = VECTOR('',#10904,1.);
#10904 = DIRECTION('',(0.,0.,1.));
#10905 = ORIENTED_EDGE('',*,*,#10207,.T.);
#10906 = ORIENTED_EDGE('',*,*,#10907,.T.);
#10907 = EDGE_CURVE('',#10200,#10908,#10910,.T.);
#10908 = VERTEX_POINT('',#10909);
#10909 = CARTESIAN_POINT('',(1.4,1.775,0.2));
#10910 = LINE('',#10911,#10912);
#10911 = CARTESIAN_POINT('',(1.4,1.775,6.E-02));
#10912 = VECTOR('',#10913,1.);
#10913 = DIRECTION('',(0.,0.,1.));
#10914 = ORIENTED_EDGE('',*,*,#10915,.T.);
#10915 = EDGE_CURVE('',#10908,#10916,#10918,.T.);
#10916 = VERTEX_POINT('',#10917);
#10917 = CARTESIAN_POINT('',(1.6,1.775,0.2));
#10918 = LINE('',#10919,#10920);
#10919 = CARTESIAN_POINT('',(1.4,1.775,0.2));
#10920 = VECTOR('',#10921,1.);
#10921 = DIRECTION('',(1.,0.,0.));
#10922 = ORIENTED_EDGE('',*,*,#10923,.F.);
#10923 = EDGE_CURVE('',#10176,#10916,#10924,.T.);
#10924 = LINE('',#10925,#10926);
#10925 = CARTESIAN_POINT('',(1.6,1.775,6.E-02));
#10926 = VECTOR('',#10927,1.);
#10927 = DIRECTION('',(0.,0.,1.));
#10928 = ORIENTED_EDGE('',*,*,#10175,.T.);
#10929 = ORIENTED_EDGE('',*,*,#10930,.T.);
#10930 = EDGE_CURVE('',#10168,#10931,#10933,.T.);
#10931 = VERTEX_POINT('',#10932);
#10932 = CARTESIAN_POINT('',(2.4,1.775,0.2));
#10933 = LINE('',#10934,#10935);
#10934 = CARTESIAN_POINT('',(2.4,1.775,6.E-02));
#10935 = VECTOR('',#10936,1.);
#10936 = DIRECTION('',(0.,0.,1.));
#10937 = ORIENTED_EDGE('',*,*,#10938,.T.);
#10938 = EDGE_CURVE('',#10931,#10939,#10941,.T.);
#10939 = VERTEX_POINT('',#10940);
#10940 = CARTESIAN_POINT('',(2.6,1.775,0.2));
#10941 = LINE('',#10942,#10943);
#10942 = CARTESIAN_POINT('',(2.4,1.775,0.2));
#10943 = VECTOR('',#10944,1.);
#10944 = DIRECTION('',(1.,0.,0.));
#10945 = ORIENTED_EDGE('',*,*,#10946,.F.);
#10946 = EDGE_CURVE('',#10144,#10939,#10947,.T.);
#10947 = LINE('',#10948,#10949);
#10948 = CARTESIAN_POINT('',(2.6,1.775,6.E-02));
#10949 = VECTOR('',#10950,1.);
#10950 = DIRECTION('',(0.,0.,1.));
#10951 = ORIENTED_EDGE('',*,*,#10143,.T.);
#10952 = ORIENTED_EDGE('',*,*,#10953,.T.);
#10953 = EDGE_CURVE('',#10134,#10954,#10956,.T.);
#10954 = VERTEX_POINT('',#10955);
#10955 = CARTESIAN_POINT('',(4.,1.775,1.46));
#10956 = LINE('',#10957,#10958);
#10957 = CARTESIAN_POINT('',(4.,1.775,6.E-02));
#10958 = VECTOR('',#10959,1.);
#10959 = DIRECTION('',(0.,1.110223024625E-16,1.));
#10960 = ORIENTED_EDGE('',*,*,#10961,.F.);
#10961 = EDGE_CURVE('',#10962,#10954,#10964,.T.);
#10962 = VERTEX_POINT('',#10963);
#10963 = CARTESIAN_POINT('',(3.5,1.775,1.46));
#10964 = LINE('',#10965,#10966);
#10965 = CARTESIAN_POINT('',(3.5,1.775,1.46));
#10966 = VECTOR('',#10967,1.);
#10967 = DIRECTION('',(1.,0.,0.));
#10968 = ORIENTED_EDGE('',*,*,#10969,.F.);
#10969 = EDGE_CURVE('',#10664,#10962,#10970,.T.);
#10970 = LINE('',#10971,#10972);
#10971 = CARTESIAN_POINT('',(3.5,1.775,2.96));
#10972 = VECTOR('',#10973,1.);
#10973 = DIRECTION('',(0.,-1.110223024625E-16,-1.));
#10974 = ORIENTED_EDGE('',*,*,#10661,.F.);
#10975 = ORIENTED_EDGE('',*,*,#10976,.T.);
#10976 = EDGE_CURVE('',#10662,#10790,#10977,.T.);
#10977 = LINE('',#10978,#10979);
#10978 = CARTESIAN_POINT('',(-3.5,1.775,2.96));
#10979 = VECTOR('',#10980,1.);
#10980 = DIRECTION('',(0.,-1.110223024625E-16,-1.));
#10981 = ORIENTED_EDGE('',*,*,#10789,.F.);
#10982 = PLANE('',#10983);
#10983 = AXIS2_PLACEMENT_3D('',#10984,#10985,#10986);
#10984 = CARTESIAN_POINT('',(-4.,1.775,6.E-02));
#10985 = DIRECTION('',(0.,-1.,1.110223024625E-16));
#10986 = DIRECTION('',(1.,0.,0.));
#10987 = ADVANCED_FACE('',(#10988),#11054,.T.);
#10988 = FACE_BOUND('',#10989,.T.);
#10989 = EDGE_LOOP('',(#10990,#10991,#10992,#11000,#11008,#11016,#11022,
    #11023,#11024,#11032,#11040,#11048));
#10990 = ORIENTED_EDGE('',*,*,#10133,.F.);
#10991 = ORIENTED_EDGE('',*,*,#10953,.T.);
#10992 = ORIENTED_EDGE('',*,*,#10993,.T.);
#10993 = EDGE_CURVE('',#10954,#10994,#10996,.T.);
#10994 = VERTEX_POINT('',#10995);
#10995 = CARTESIAN_POINT('',(4.,1.225,1.46));
#10996 = LINE('',#10997,#10998);
#10997 = CARTESIAN_POINT('',(4.,1.775,1.46));
#10998 = VECTOR('',#10999,1.);
#10999 = DIRECTION('',(0.,-1.,1.110223024625E-16));
#11000 = ORIENTED_EDGE('',*,*,#11001,.T.);
#11001 = EDGE_CURVE('',#10994,#11002,#11004,.T.);
#11002 = VERTEX_POINT('',#11003);
#11003 = CARTESIAN_POINT('',(4.,1.225,2.46));
#11004 = LINE('',#11005,#11006);
#11005 = CARTESIAN_POINT('',(4.,1.225,1.46));
#11006 = VECTOR('',#11007,1.);
#11007 = DIRECTION('',(0.,1.110223024625E-16,1.));
#11008 = ORIENTED_EDGE('',*,*,#11009,.T.);
#11009 = EDGE_CURVE('',#11002,#11010,#11012,.T.);
#11010 = VERTEX_POINT('',#11011);
#11011 = CARTESIAN_POINT('',(4.,0.575,2.46));
#11012 = LINE('',#11013,#11014);
#11013 = CARTESIAN_POINT('',(4.,1.225,2.46));
#11014 = VECTOR('',#11015,1.);
#11015 = DIRECTION('',(0.,-1.,1.110223024625E-16));
#11016 = ORIENTED_EDGE('',*,*,#11017,.T.);
#11017 = EDGE_CURVE('',#11010,#10688,#11018,.T.);
#11018 = LINE('',#11019,#11020);
#11019 = CARTESIAN_POINT('',(4.,0.575,2.46));
#11020 = VECTOR('',#11021,1.);
#11021 = DIRECTION('',(0.,-0.500421834463,0.865781720524));
#11022 = ORIENTED_EDGE('',*,*,#10687,.T.);
#11023 = ORIENTED_EDGE('',*,*,#10541,.F.);
#11024 = ORIENTED_EDGE('',*,*,#11025,.T.);
#11025 = EDGE_CURVE('',#10534,#11026,#11028,.T.);
#11026 = VERTEX_POINT('',#11027);
#11027 = CARTESIAN_POINT('',(4.,-1.975,1.26));
#11028 = LINE('',#11029,#11030);
#11029 = CARTESIAN_POINT('',(4.,-2.475,1.26));
#11030 = VECTOR('',#11031,1.);
#11031 = DIRECTION('',(0.,1.,-1.110223024625E-16));
#11032 = ORIENTED_EDGE('',*,*,#11033,.T.);
#11033 = EDGE_CURVE('',#11026,#11034,#11036,.T.);
#11034 = VERTEX_POINT('',#11035);
#11035 = CARTESIAN_POINT('',(4.,-1.975,0.61));
#11036 = LINE('',#11037,#11038);
#11037 = CARTESIAN_POINT('',(4.,-1.975,1.26));
#11038 = VECTOR('',#11039,1.);
#11039 = DIRECTION('',(0.,-1.110223024625E-16,-1.));
#11040 = ORIENTED_EDGE('',*,*,#11041,.T.);
#11041 = EDGE_CURVE('',#11034,#11042,#11044,.T.);
#11042 = VERTEX_POINT('',#11043);
#11043 = CARTESIAN_POINT('',(4.,-0.975,0.61));
#11044 = LINE('',#11045,#11046);
#11045 = CARTESIAN_POINT('',(4.,-1.975,0.61));
#11046 = VECTOR('',#11047,1.);
#11047 = DIRECTION('',(0.,1.,-1.110223024625E-16));
#11048 = ORIENTED_EDGE('',*,*,#11049,.T.);
#11049 = EDGE_CURVE('',#11042,#10136,#11050,.T.);
#11050 = LINE('',#11051,#11052);
#11051 = CARTESIAN_POINT('',(4.,-0.975,0.61));
#11052 = VECTOR('',#11053,1.);
#11053 = DIRECTION('',(0.,-1.110223024625E-16,-1.));
#11054 = PLANE('',#11055);
#11055 = AXIS2_PLACEMENT_3D('',#11056,#11057,#11058);
#11056 = CARTESIAN_POINT('',(4.,1.775,6.E-02));
#11057 = DIRECTION('',(1.,0.,0.));
#11058 = DIRECTION('',(0.,-1.,1.110223024625E-16));
#11059 = ADVANCED_FACE('',(#11060),#11078,.F.);
#11060 = FACE_BOUND('',#11061,.F.);
#11061 = EDGE_LOOP('',(#11062,#11070,#11076,#11077));
#11062 = ORIENTED_EDGE('',*,*,#11063,.F.);
#11063 = EDGE_CURVE('',#11064,#10383,#11066,.T.);
#11064 = VERTEX_POINT('',#11065);
#11065 = CARTESIAN_POINT('',(3.7,-0.975,0.61));
#11066 = LINE('',#11067,#11068);
#11067 = CARTESIAN_POINT('',(3.7,-0.975,0.61));
#11068 = VECTOR('',#11069,1.);
#11069 = DIRECTION('',(0.,0.,-1.));
#11070 = ORIENTED_EDGE('',*,*,#11071,.T.);
#11071 = EDGE_CURVE('',#11064,#11042,#11072,.T.);
#11072 = LINE('',#11073,#11074);
#11073 = CARTESIAN_POINT('',(3.5,-0.975,0.61));
#11074 = VECTOR('',#11075,1.);
#11075 = DIRECTION('',(1.,0.,0.));
#11076 = ORIENTED_EDGE('',*,*,#11049,.T.);
#11077 = ORIENTED_EDGE('',*,*,#10390,.F.);
#11078 = PLANE('',#11079);
#11079 = AXIS2_PLACEMENT_3D('',#11080,#11081,#11082);
#11080 = CARTESIAN_POINT('',(3.5,-0.975,0.61));
#11081 = DIRECTION('',(0.,1.,-1.110223024625E-16));
#11082 = DIRECTION('',(0.,-1.110223024625E-16,-1.));
#11083 = ADVANCED_FACE('',(#11084),#11109,.T.);
#11084 = FACE_BOUND('',#11085,.T.);
#11085 = EDGE_LOOP('',(#11086,#11094,#11095,#11103));
#11086 = ORIENTED_EDGE('',*,*,#11087,.F.);
#11087 = EDGE_CURVE('',#10375,#11088,#11090,.T.);
#11088 = VERTEX_POINT('',#11089);
#11089 = CARTESIAN_POINT('',(3.5,-0.975,1.E-02));
#11090 = LINE('',#11091,#11092);
#11091 = CARTESIAN_POINT('',(3.5,-0.975,0.61));
#11092 = VECTOR('',#11093,1.);
#11093 = DIRECTION('',(0.,0.,-1.));
#11094 = ORIENTED_EDGE('',*,*,#10382,.T.);
#11095 = ORIENTED_EDGE('',*,*,#11096,.T.);
#11096 = EDGE_CURVE('',#10383,#11097,#11099,.T.);
#11097 = VERTEX_POINT('',#11098);
#11098 = CARTESIAN_POINT('',(3.7,-0.975,1.E-02));
#11099 = LINE('',#11100,#11101);
#11100 = CARTESIAN_POINT('',(3.7,-0.975,0.61));
#11101 = VECTOR('',#11102,1.);
#11102 = DIRECTION('',(0.,0.,-1.));
#11103 = ORIENTED_EDGE('',*,*,#11104,.F.);
#11104 = EDGE_CURVE('',#11088,#11097,#11105,.T.);
#11105 = LINE('',#11106,#11107);
#11106 = CARTESIAN_POINT('',(3.5,-0.975,1.E-02));
#11107 = VECTOR('',#11108,1.);
#11108 = DIRECTION('',(1.,0.,0.));
#11109 = PLANE('',#11110);
#11110 = AXIS2_PLACEMENT_3D('',#11111,#11112,#11113);
#11111 = CARTESIAN_POINT('',(3.5,-0.975,0.61));
#11112 = DIRECTION('',(0.,1.,0.));
#11113 = DIRECTION('',(0.,0.,-1.));
#11114 = ADVANCED_FACE('',(#11115),#11133,.T.);
#11115 = FACE_BOUND('',#11116,.T.);
#11116 = EDGE_LOOP('',(#11117,#11125,#11131,#11132));
#11117 = ORIENTED_EDGE('',*,*,#11118,.T.);
#11118 = EDGE_CURVE('',#11088,#11119,#11121,.T.);
#11119 = VERTEX_POINT('',#11120);
#11120 = CARTESIAN_POINT('',(3.5,-2.475,1.E-02));
#11121 = LINE('',#11122,#11123);
#11122 = CARTESIAN_POINT('',(3.5,-0.975,1.E-02));
#11123 = VECTOR('',#11124,1.);
#11124 = DIRECTION('',(0.,-1.,-5.782411586589E-18));
#11125 = ORIENTED_EDGE('',*,*,#11126,.T.);
#11126 = EDGE_CURVE('',#11119,#10367,#11127,.T.);
#11127 = LINE('',#11128,#11129);
#11128 = CARTESIAN_POINT('',(3.5,-2.475,1.E-02));
#11129 = VECTOR('',#11130,1.);
#11130 = DIRECTION('',(0.,0.,1.));
#11131 = ORIENTED_EDGE('',*,*,#10374,.F.);
#11132 = ORIENTED_EDGE('',*,*,#11087,.T.);
#11133 = PLANE('',#11134);
#11134 = AXIS2_PLACEMENT_3D('',#11135,#11136,#11137);
#11135 = CARTESIAN_POINT('',(3.5,-1.843181818182,0.516818181818));
#11136 = DIRECTION('',(-1.,-0.,-0.));
#11137 = DIRECTION('',(0.,0.,-1.));
#11138 = ADVANCED_FACE('',(#11139),#11164,.F.);
#11139 = FACE_BOUND('',#11140,.F.);
#11140 = EDGE_LOOP('',(#11141,#11151,#11157,#11158));
#11141 = ORIENTED_EDGE('',*,*,#11142,.T.);
#11142 = EDGE_CURVE('',#11143,#11145,#11147,.T.);
#11143 = VERTEX_POINT('',#11144);
#11144 = CARTESIAN_POINT('',(-3.5,-0.975,1.E-02));
#11145 = VERTEX_POINT('',#11146);
#11146 = CARTESIAN_POINT('',(-3.5,-2.475,1.E-02));
#11147 = LINE('',#11148,#11149);
#11148 = CARTESIAN_POINT('',(-3.5,-0.975,1.E-02));
#11149 = VECTOR('',#11150,1.);
#11150 = DIRECTION('',(0.,-1.,-5.782411586589E-18));
#11151 = ORIENTED_EDGE('',*,*,#11152,.T.);
#11152 = EDGE_CURVE('',#11145,#10359,#11153,.T.);
#11153 = LINE('',#11154,#11155);
#11154 = CARTESIAN_POINT('',(-3.5,-2.475,1.E-02));
#11155 = VECTOR('',#11156,1.);
#11156 = DIRECTION('',(0.,0.,1.));
#11157 = ORIENTED_EDGE('',*,*,#10358,.F.);
#11158 = ORIENTED_EDGE('',*,*,#11159,.T.);
#11159 = EDGE_CURVE('',#10351,#11143,#11160,.T.);
#11160 = LINE('',#11161,#11162);
#11161 = CARTESIAN_POINT('',(-3.5,-0.975,0.61));
#11162 = VECTOR('',#11163,1.);
#11163 = DIRECTION('',(0.,0.,-1.));
#11164 = PLANE('',#11165);
#11165 = AXIS2_PLACEMENT_3D('',#11166,#11167,#11168);
#11166 = CARTESIAN_POINT('',(-3.5,-1.843181818182,0.516818181818));
#11167 = DIRECTION('',(-1.,-0.,-0.));
#11168 = DIRECTION('',(0.,0.,-1.));
#11169 = ADVANCED_FACE('',(#11170),#11188,.T.);
#11170 = FACE_BOUND('',#11171,.T.);
#11171 = EDGE_LOOP('',(#11172,#11180,#11181,#11182));
#11172 = ORIENTED_EDGE('',*,*,#11173,.F.);
#11173 = EDGE_CURVE('',#10343,#11174,#11176,.T.);
#11174 = VERTEX_POINT('',#11175);
#11175 = CARTESIAN_POINT('',(-3.7,-0.975,1.E-02));
#11176 = LINE('',#11177,#11178);
#11177 = CARTESIAN_POINT('',(-3.7,-0.975,0.61));
#11178 = VECTOR('',#11179,1.);
#11179 = DIRECTION('',(0.,0.,-1.));
#11180 = ORIENTED_EDGE('',*,*,#10350,.T.);
#11181 = ORIENTED_EDGE('',*,*,#11159,.T.);
#11182 = ORIENTED_EDGE('',*,*,#11183,.F.);
#11183 = EDGE_CURVE('',#11174,#11143,#11184,.T.);
#11184 = LINE('',#11185,#11186);
#11185 = CARTESIAN_POINT('',(-3.7,-0.975,1.E-02));
#11186 = VECTOR('',#11187,1.);
#11187 = DIRECTION('',(1.,0.,0.));
#11188 = PLANE('',#11189);
#11189 = AXIS2_PLACEMENT_3D('',#11190,#11191,#11192);
#11190 = CARTESIAN_POINT('',(-3.7,-0.975,0.61));
#11191 = DIRECTION('',(0.,1.,0.));
#11192 = DIRECTION('',(0.,0.,-1.));
#11193 = ADVANCED_FACE('',(#11194),#11228,.T.);
#11194 = FACE_BOUND('',#11195,.T.);
#11195 = EDGE_LOOP('',(#11196,#11204,#11205,#11206,#11214,#11222));
#11196 = ORIENTED_EDGE('',*,*,#11197,.T.);
#11197 = EDGE_CURVE('',#11198,#10320,#11200,.T.);
#11198 = VERTEX_POINT('',#11199);
#11199 = CARTESIAN_POINT('',(-2.6,1.675,0.));
#11200 = LINE('',#11201,#11202);
#11201 = CARTESIAN_POINT('',(-2.6,1.675,0.));
#11202 = VECTOR('',#11203,1.);
#11203 = DIRECTION('',(0.,0.,1.));
#11204 = ORIENTED_EDGE('',*,*,#10327,.T.);
#11205 = ORIENTED_EDGE('',*,*,#10815,.T.);
#11206 = ORIENTED_EDGE('',*,*,#11207,.T.);
#11207 = EDGE_CURVE('',#10816,#11208,#11210,.T.);
#11208 = VERTEX_POINT('',#11209);
#11209 = CARTESIAN_POINT('',(-2.6,2.475,0.2));
#11210 = LINE('',#11211,#11212);
#11211 = CARTESIAN_POINT('',(-2.6,1.775,0.2));
#11212 = VECTOR('',#11213,1.);
#11213 = DIRECTION('',(0.,1.,0.));
#11214 = ORIENTED_EDGE('',*,*,#11215,.T.);
#11215 = EDGE_CURVE('',#11208,#11216,#11218,.T.);
#11216 = VERTEX_POINT('',#11217);
#11217 = CARTESIAN_POINT('',(-2.6,2.475,0.));
#11218 = LINE('',#11219,#11220);
#11219 = CARTESIAN_POINT('',(-2.6,2.475,0.2));
#11220 = VECTOR('',#11221,1.);
#11221 = DIRECTION('',(0.,0.,-1.));
#11222 = ORIENTED_EDGE('',*,*,#11223,.T.);
#11223 = EDGE_CURVE('',#11216,#11198,#11224,.T.);
#11224 = LINE('',#11225,#11226);
#11225 = CARTESIAN_POINT('',(-2.6,2.475,0.));
#11226 = VECTOR('',#11227,1.);
#11227 = DIRECTION('',(0.,-1.,0.));
#11228 = PLANE('',#11229);
#11229 = AXIS2_PLACEMENT_3D('',#11230,#11231,#11232);
#11230 = CARTESIAN_POINT('',(-2.6,2.082,9.3E-02));
#11231 = DIRECTION('',(-1.,-0.,-0.));
#11232 = DIRECTION('',(0.,0.,-1.));
#11233 = ADVANCED_FACE('',(#11234),#11252,.T.);
#11234 = FACE_BOUND('',#11235,.T.);
#11235 = EDGE_LOOP('',(#11236,#11244,#11250,#11251));
#11236 = ORIENTED_EDGE('',*,*,#11237,.T.);
#11237 = EDGE_CURVE('',#11198,#11238,#11240,.T.);
#11238 = VERTEX_POINT('',#11239);
#11239 = CARTESIAN_POINT('',(-2.4,1.675,0.));
#11240 = LINE('',#11241,#11242);
#11241 = CARTESIAN_POINT('',(-2.6,1.675,0.));
#11242 = VECTOR('',#11243,1.);
#11243 = DIRECTION('',(1.,0.,0.));
#11244 = ORIENTED_EDGE('',*,*,#11245,.T.);
#11245 = EDGE_CURVE('',#11238,#10312,#11246,.T.);
#11246 = LINE('',#11247,#11248);
#11247 = CARTESIAN_POINT('',(-2.4,1.675,0.));
#11248 = VECTOR('',#11249,1.);
#11249 = DIRECTION('',(0.,0.,1.));
#11250 = ORIENTED_EDGE('',*,*,#10319,.F.);
#11251 = ORIENTED_EDGE('',*,*,#11197,.F.);
#11252 = PLANE('',#11253);
#11253 = AXIS2_PLACEMENT_3D('',#11254,#11255,#11256);
#11254 = CARTESIAN_POINT('',(-2.6,1.675,0.));
#11255 = DIRECTION('',(0.,-1.,0.));
#11256 = DIRECTION('',(0.,0.,1.));
#11257 = ADVANCED_FACE('',(#11258),#11285,.F.);
#11258 = FACE_BOUND('',#11259,.F.);
#11259 = EDGE_LOOP('',(#11260,#11261,#11262,#11263,#11271,#11279));
#11260 = ORIENTED_EDGE('',*,*,#11245,.T.);
#11261 = ORIENTED_EDGE('',*,*,#10311,.T.);
#11262 = ORIENTED_EDGE('',*,*,#10831,.T.);
#11263 = ORIENTED_EDGE('',*,*,#11264,.T.);
#11264 = EDGE_CURVE('',#10824,#11265,#11267,.T.);
#11265 = VERTEX_POINT('',#11266);
#11266 = CARTESIAN_POINT('',(-2.4,2.475,0.2));
#11267 = LINE('',#11268,#11269);
#11268 = CARTESIAN_POINT('',(-2.4,1.775,0.2));
#11269 = VECTOR('',#11270,1.);
#11270 = DIRECTION('',(0.,1.,0.));
#11271 = ORIENTED_EDGE('',*,*,#11272,.T.);
#11272 = EDGE_CURVE('',#11265,#11273,#11275,.T.);
#11273 = VERTEX_POINT('',#11274);
#11274 = CARTESIAN_POINT('',(-2.4,2.475,0.));
#11275 = LINE('',#11276,#11277);
#11276 = CARTESIAN_POINT('',(-2.4,2.475,0.2));
#11277 = VECTOR('',#11278,1.);
#11278 = DIRECTION('',(0.,0.,-1.));
#11279 = ORIENTED_EDGE('',*,*,#11280,.T.);
#11280 = EDGE_CURVE('',#11273,#11238,#11281,.T.);
#11281 = LINE('',#11282,#11283);
#11282 = CARTESIAN_POINT('',(-2.4,2.475,0.));
#11283 = VECTOR('',#11284,1.);
#11284 = DIRECTION('',(0.,-1.,0.));
#11285 = PLANE('',#11286);
#11286 = AXIS2_PLACEMENT_3D('',#11287,#11288,#11289);
#11287 = CARTESIAN_POINT('',(-2.4,2.082,9.3E-02));
#11288 = DIRECTION('',(-1.,-0.,-0.));
#11289 = DIRECTION('',(0.,0.,-1.));
#11290 = ADVANCED_FACE('',(#11291),#11325,.T.);
#11291 = FACE_BOUND('',#11292,.T.);
#11292 = EDGE_LOOP('',(#11293,#11301,#11302,#11303,#11311,#11319));
#11293 = ORIENTED_EDGE('',*,*,#11294,.T.);
#11294 = EDGE_CURVE('',#11295,#10288,#11297,.T.);
#11295 = VERTEX_POINT('',#11296);
#11296 = CARTESIAN_POINT('',(-1.6,1.675,0.));
#11297 = LINE('',#11298,#11299);
#11298 = CARTESIAN_POINT('',(-1.6,1.675,0.));
#11299 = VECTOR('',#11300,1.);
#11300 = DIRECTION('',(0.,0.,1.));
#11301 = ORIENTED_EDGE('',*,*,#10295,.T.);
#11302 = ORIENTED_EDGE('',*,*,#10838,.T.);
#11303 = ORIENTED_EDGE('',*,*,#11304,.T.);
#11304 = EDGE_CURVE('',#10839,#11305,#11307,.T.);
#11305 = VERTEX_POINT('',#11306);
#11306 = CARTESIAN_POINT('',(-1.6,2.475,0.2));
#11307 = LINE('',#11308,#11309);
#11308 = CARTESIAN_POINT('',(-1.6,1.775,0.2));
#11309 = VECTOR('',#11310,1.);
#11310 = DIRECTION('',(0.,1.,0.));
#11311 = ORIENTED_EDGE('',*,*,#11312,.T.);
#11312 = EDGE_CURVE('',#11305,#11313,#11315,.T.);
#11313 = VERTEX_POINT('',#11314);
#11314 = CARTESIAN_POINT('',(-1.6,2.475,0.));
#11315 = LINE('',#11316,#11317);
#11316 = CARTESIAN_POINT('',(-1.6,2.475,0.2));
#11317 = VECTOR('',#11318,1.);
#11318 = DIRECTION('',(0.,0.,-1.));
#11319 = ORIENTED_EDGE('',*,*,#11320,.T.);
#11320 = EDGE_CURVE('',#11313,#11295,#11321,.T.);
#11321 = LINE('',#11322,#11323);
#11322 = CARTESIAN_POINT('',(-1.6,2.475,0.));
#11323 = VECTOR('',#11324,1.);
#11324 = DIRECTION('',(0.,-1.,0.));
#11325 = PLANE('',#11326);
#11326 = AXIS2_PLACEMENT_3D('',#11327,#11328,#11329);
#11327 = CARTESIAN_POINT('',(-1.6,2.082,9.3E-02));
#11328 = DIRECTION('',(-1.,-0.,-0.));
#11329 = DIRECTION('',(0.,0.,-1.));
#11330 = ADVANCED_FACE('',(#11331),#11349,.T.);
#11331 = FACE_BOUND('',#11332,.T.);
#11332 = EDGE_LOOP('',(#11333,#11341,#11347,#11348));
#11333 = ORIENTED_EDGE('',*,*,#11334,.T.);
#11334 = EDGE_CURVE('',#11295,#11335,#11337,.T.);
#11335 = VERTEX_POINT('',#11336);
#11336 = CARTESIAN_POINT('',(-1.4,1.675,0.));
#11337 = LINE('',#11338,#11339);
#11338 = CARTESIAN_POINT('',(-1.6,1.675,0.));
#11339 = VECTOR('',#11340,1.);
#11340 = DIRECTION('',(1.,0.,0.));
#11341 = ORIENTED_EDGE('',*,*,#11342,.T.);
#11342 = EDGE_CURVE('',#11335,#10280,#11343,.T.);
#11343 = LINE('',#11344,#11345);
#11344 = CARTESIAN_POINT('',(-1.4,1.675,0.));
#11345 = VECTOR('',#11346,1.);
#11346 = DIRECTION('',(0.,0.,1.));
#11347 = ORIENTED_EDGE('',*,*,#10287,.F.);
#11348 = ORIENTED_EDGE('',*,*,#11294,.F.);
#11349 = PLANE('',#11350);
#11350 = AXIS2_PLACEMENT_3D('',#11351,#11352,#11353);
#11351 = CARTESIAN_POINT('',(-1.6,1.675,0.));
#11352 = DIRECTION('',(0.,-1.,0.));
#11353 = DIRECTION('',(0.,0.,1.));
#11354 = ADVANCED_FACE('',(#11355),#11382,.F.);
#11355 = FACE_BOUND('',#11356,.F.);
#11356 = EDGE_LOOP('',(#11357,#11358,#11359,#11360,#11368,#11376));
#11357 = ORIENTED_EDGE('',*,*,#11342,.T.);
#11358 = ORIENTED_EDGE('',*,*,#10279,.T.);
#11359 = ORIENTED_EDGE('',*,*,#10854,.T.);
#11360 = ORIENTED_EDGE('',*,*,#11361,.T.);
#11361 = EDGE_CURVE('',#10847,#11362,#11364,.T.);
#11362 = VERTEX_POINT('',#11363);
#11363 = CARTESIAN_POINT('',(-1.4,2.475,0.2));
#11364 = LINE('',#11365,#11366);
#11365 = CARTESIAN_POINT('',(-1.4,1.775,0.2));
#11366 = VECTOR('',#11367,1.);
#11367 = DIRECTION('',(0.,1.,0.));
#11368 = ORIENTED_EDGE('',*,*,#11369,.T.);
#11369 = EDGE_CURVE('',#11362,#11370,#11372,.T.);
#11370 = VERTEX_POINT('',#11371);
#11371 = CARTESIAN_POINT('',(-1.4,2.475,0.));
#11372 = LINE('',#11373,#11374);
#11373 = CARTESIAN_POINT('',(-1.4,2.475,0.2));
#11374 = VECTOR('',#11375,1.);
#11375 = DIRECTION('',(0.,0.,-1.));
#11376 = ORIENTED_EDGE('',*,*,#11377,.T.);
#11377 = EDGE_CURVE('',#11370,#11335,#11378,.T.);
#11378 = LINE('',#11379,#11380);
#11379 = CARTESIAN_POINT('',(-1.4,2.475,0.));
#11380 = VECTOR('',#11381,1.);
#11381 = DIRECTION('',(0.,-1.,0.));
#11382 = PLANE('',#11383);
#11383 = AXIS2_PLACEMENT_3D('',#11384,#11385,#11386);
#11384 = CARTESIAN_POINT('',(-1.4,2.082,9.3E-02));
#11385 = DIRECTION('',(-1.,-0.,-0.));
#11386 = DIRECTION('',(0.,0.,-1.));
#11387 = ADVANCED_FACE('',(#11388),#11422,.T.);
#11388 = FACE_BOUND('',#11389,.T.);
#11389 = EDGE_LOOP('',(#11390,#11398,#11399,#11400,#11408,#11416));
#11390 = ORIENTED_EDGE('',*,*,#11391,.T.);
#11391 = EDGE_CURVE('',#11392,#10256,#11394,.T.);
#11392 = VERTEX_POINT('',#11393);
#11393 = CARTESIAN_POINT('',(-0.6,1.675,0.));
#11394 = LINE('',#11395,#11396);
#11395 = CARTESIAN_POINT('',(-0.6,1.675,0.));
#11396 = VECTOR('',#11397,1.);
#11397 = DIRECTION('',(0.,0.,1.));
#11398 = ORIENTED_EDGE('',*,*,#10263,.T.);
#11399 = ORIENTED_EDGE('',*,*,#10861,.T.);
#11400 = ORIENTED_EDGE('',*,*,#11401,.T.);
#11401 = EDGE_CURVE('',#10862,#11402,#11404,.T.);
#11402 = VERTEX_POINT('',#11403);
#11403 = CARTESIAN_POINT('',(-0.6,2.475,0.2));
#11404 = LINE('',#11405,#11406);
#11405 = CARTESIAN_POINT('',(-0.6,1.775,0.2));
#11406 = VECTOR('',#11407,1.);
#11407 = DIRECTION('',(0.,1.,0.));
#11408 = ORIENTED_EDGE('',*,*,#11409,.T.);
#11409 = EDGE_CURVE('',#11402,#11410,#11412,.T.);
#11410 = VERTEX_POINT('',#11411);
#11411 = CARTESIAN_POINT('',(-0.6,2.475,0.));
#11412 = LINE('',#11413,#11414);
#11413 = CARTESIAN_POINT('',(-0.6,2.475,0.2));
#11414 = VECTOR('',#11415,1.);
#11415 = DIRECTION('',(0.,0.,-1.));
#11416 = ORIENTED_EDGE('',*,*,#11417,.T.);
#11417 = EDGE_CURVE('',#11410,#11392,#11418,.T.);
#11418 = LINE('',#11419,#11420);
#11419 = CARTESIAN_POINT('',(-0.6,2.475,0.));
#11420 = VECTOR('',#11421,1.);
#11421 = DIRECTION('',(0.,-1.,0.));
#11422 = PLANE('',#11423);
#11423 = AXIS2_PLACEMENT_3D('',#11424,#11425,#11426);
#11424 = CARTESIAN_POINT('',(-0.6,2.082,9.3E-02));
#11425 = DIRECTION('',(-1.,-0.,-0.));
#11426 = DIRECTION('',(0.,0.,-1.));
#11427 = ADVANCED_FACE('',(#11428),#11446,.T.);
#11428 = FACE_BOUND('',#11429,.T.);
#11429 = EDGE_LOOP('',(#11430,#11438,#11444,#11445));
#11430 = ORIENTED_EDGE('',*,*,#11431,.T.);
#11431 = EDGE_CURVE('',#11392,#11432,#11434,.T.);
#11432 = VERTEX_POINT('',#11433);
#11433 = CARTESIAN_POINT('',(-0.4,1.675,0.));
#11434 = LINE('',#11435,#11436);
#11435 = CARTESIAN_POINT('',(-0.6,1.675,0.));
#11436 = VECTOR('',#11437,1.);
#11437 = DIRECTION('',(1.,0.,0.));
#11438 = ORIENTED_EDGE('',*,*,#11439,.T.);
#11439 = EDGE_CURVE('',#11432,#10248,#11440,.T.);
#11440 = LINE('',#11441,#11442);
#11441 = CARTESIAN_POINT('',(-0.4,1.675,0.));
#11442 = VECTOR('',#11443,1.);
#11443 = DIRECTION('',(0.,0.,1.));
#11444 = ORIENTED_EDGE('',*,*,#10255,.F.);
#11445 = ORIENTED_EDGE('',*,*,#11391,.F.);
#11446 = PLANE('',#11447);
#11447 = AXIS2_PLACEMENT_3D('',#11448,#11449,#11450);
#11448 = CARTESIAN_POINT('',(-0.6,1.675,0.));
#11449 = DIRECTION('',(0.,-1.,0.));
#11450 = DIRECTION('',(0.,0.,1.));
#11451 = ADVANCED_FACE('',(#11452),#11479,.F.);
#11452 = FACE_BOUND('',#11453,.F.);
#11453 = EDGE_LOOP('',(#11454,#11455,#11456,#11457,#11465,#11473));
#11454 = ORIENTED_EDGE('',*,*,#11439,.T.);
#11455 = ORIENTED_EDGE('',*,*,#10247,.T.);
#11456 = ORIENTED_EDGE('',*,*,#10877,.T.);
#11457 = ORIENTED_EDGE('',*,*,#11458,.T.);
#11458 = EDGE_CURVE('',#10870,#11459,#11461,.T.);
#11459 = VERTEX_POINT('',#11460);
#11460 = CARTESIAN_POINT('',(-0.4,2.475,0.2));
#11461 = LINE('',#11462,#11463);
#11462 = CARTESIAN_POINT('',(-0.4,1.775,0.2));
#11463 = VECTOR('',#11464,1.);
#11464 = DIRECTION('',(0.,1.,0.));
#11465 = ORIENTED_EDGE('',*,*,#11466,.T.);
#11466 = EDGE_CURVE('',#11459,#11467,#11469,.T.);
#11467 = VERTEX_POINT('',#11468);
#11468 = CARTESIAN_POINT('',(-0.4,2.475,0.));
#11469 = LINE('',#11470,#11471);
#11470 = CARTESIAN_POINT('',(-0.4,2.475,0.2));
#11471 = VECTOR('',#11472,1.);
#11472 = DIRECTION('',(0.,0.,-1.));
#11473 = ORIENTED_EDGE('',*,*,#11474,.T.);
#11474 = EDGE_CURVE('',#11467,#11432,#11475,.T.);
#11475 = LINE('',#11476,#11477);
#11476 = CARTESIAN_POINT('',(-0.4,2.475,0.));
#11477 = VECTOR('',#11478,1.);
#11478 = DIRECTION('',(0.,-1.,0.));
#11479 = PLANE('',#11480);
#11480 = AXIS2_PLACEMENT_3D('',#11481,#11482,#11483);
#11481 = CARTESIAN_POINT('',(-0.4,2.082,9.3E-02));
#11482 = DIRECTION('',(-1.,-0.,-0.));
#11483 = DIRECTION('',(0.,0.,-1.));
#11484 = ADVANCED_FACE('',(#11485),#11519,.T.);
#11485 = FACE_BOUND('',#11486,.T.);
#11486 = EDGE_LOOP('',(#11487,#11495,#11496,#11497,#11505,#11513));
#11487 = ORIENTED_EDGE('',*,*,#11488,.T.);
#11488 = EDGE_CURVE('',#11489,#10224,#11491,.T.);
#11489 = VERTEX_POINT('',#11490);
#11490 = CARTESIAN_POINT('',(0.4,1.675,0.));
#11491 = LINE('',#11492,#11493);
#11492 = CARTESIAN_POINT('',(0.4,1.675,0.));
#11493 = VECTOR('',#11494,1.);
#11494 = DIRECTION('',(0.,0.,1.));
#11495 = ORIENTED_EDGE('',*,*,#10231,.T.);
#11496 = ORIENTED_EDGE('',*,*,#10884,.T.);
#11497 = ORIENTED_EDGE('',*,*,#11498,.T.);
#11498 = EDGE_CURVE('',#10885,#11499,#11501,.T.);
#11499 = VERTEX_POINT('',#11500);
#11500 = CARTESIAN_POINT('',(0.4,2.475,0.2));
#11501 = LINE('',#11502,#11503);
#11502 = CARTESIAN_POINT('',(0.4,1.775,0.2));
#11503 = VECTOR('',#11504,1.);
#11504 = DIRECTION('',(0.,1.,0.));
#11505 = ORIENTED_EDGE('',*,*,#11506,.T.);
#11506 = EDGE_CURVE('',#11499,#11507,#11509,.T.);
#11507 = VERTEX_POINT('',#11508);
#11508 = CARTESIAN_POINT('',(0.4,2.475,0.));
#11509 = LINE('',#11510,#11511);
#11510 = CARTESIAN_POINT('',(0.4,2.475,0.2));
#11511 = VECTOR('',#11512,1.);
#11512 = DIRECTION('',(0.,0.,-1.));
#11513 = ORIENTED_EDGE('',*,*,#11514,.T.);
#11514 = EDGE_CURVE('',#11507,#11489,#11515,.T.);
#11515 = LINE('',#11516,#11517);
#11516 = CARTESIAN_POINT('',(0.4,2.475,0.));
#11517 = VECTOR('',#11518,1.);
#11518 = DIRECTION('',(0.,-1.,0.));
#11519 = PLANE('',#11520);
#11520 = AXIS2_PLACEMENT_3D('',#11521,#11522,#11523);
#11521 = CARTESIAN_POINT('',(0.4,2.082,9.3E-02));
#11522 = DIRECTION('',(-1.,-0.,-0.));
#11523 = DIRECTION('',(0.,0.,-1.));
#11524 = ADVANCED_FACE('',(#11525),#11543,.T.);
#11525 = FACE_BOUND('',#11526,.T.);
#11526 = EDGE_LOOP('',(#11527,#11535,#11541,#11542));
#11527 = ORIENTED_EDGE('',*,*,#11528,.T.);
#11528 = EDGE_CURVE('',#11489,#11529,#11531,.T.);
#11529 = VERTEX_POINT('',#11530);
#11530 = CARTESIAN_POINT('',(0.6,1.675,0.));
#11531 = LINE('',#11532,#11533);
#11532 = CARTESIAN_POINT('',(0.4,1.675,0.));
#11533 = VECTOR('',#11534,1.);
#11534 = DIRECTION('',(1.,0.,0.));
#11535 = ORIENTED_EDGE('',*,*,#11536,.T.);
#11536 = EDGE_CURVE('',#11529,#10216,#11537,.T.);
#11537 = LINE('',#11538,#11539);
#11538 = CARTESIAN_POINT('',(0.6,1.675,0.));
#11539 = VECTOR('',#11540,1.);
#11540 = DIRECTION('',(0.,0.,1.));
#11541 = ORIENTED_EDGE('',*,*,#10223,.F.);
#11542 = ORIENTED_EDGE('',*,*,#11488,.F.);
#11543 = PLANE('',#11544);
#11544 = AXIS2_PLACEMENT_3D('',#11545,#11546,#11547);
#11545 = CARTESIAN_POINT('',(0.4,1.675,0.));
#11546 = DIRECTION('',(0.,-1.,0.));
#11547 = DIRECTION('',(0.,0.,1.));
#11548 = ADVANCED_FACE('',(#11549),#11576,.F.);
#11549 = FACE_BOUND('',#11550,.F.);
#11550 = EDGE_LOOP('',(#11551,#11552,#11553,#11554,#11562,#11570));
#11551 = ORIENTED_EDGE('',*,*,#11536,.T.);
#11552 = ORIENTED_EDGE('',*,*,#10215,.T.);
#11553 = ORIENTED_EDGE('',*,*,#10900,.T.);
#11554 = ORIENTED_EDGE('',*,*,#11555,.T.);
#11555 = EDGE_CURVE('',#10893,#11556,#11558,.T.);
#11556 = VERTEX_POINT('',#11557);
#11557 = CARTESIAN_POINT('',(0.6,2.475,0.2));
#11558 = LINE('',#11559,#11560);
#11559 = CARTESIAN_POINT('',(0.6,1.775,0.2));
#11560 = VECTOR('',#11561,1.);
#11561 = DIRECTION('',(0.,1.,0.));
#11562 = ORIENTED_EDGE('',*,*,#11563,.T.);
#11563 = EDGE_CURVE('',#11556,#11564,#11566,.T.);
#11564 = VERTEX_POINT('',#11565);
#11565 = CARTESIAN_POINT('',(0.6,2.475,0.));
#11566 = LINE('',#11567,#11568);
#11567 = CARTESIAN_POINT('',(0.6,2.475,0.2));
#11568 = VECTOR('',#11569,1.);
#11569 = DIRECTION('',(0.,0.,-1.));
#11570 = ORIENTED_EDGE('',*,*,#11571,.T.);
#11571 = EDGE_CURVE('',#11564,#11529,#11572,.T.);
#11572 = LINE('',#11573,#11574);
#11573 = CARTESIAN_POINT('',(0.6,2.475,0.));
#11574 = VECTOR('',#11575,1.);
#11575 = DIRECTION('',(0.,-1.,0.));
#11576 = PLANE('',#11577);
#11577 = AXIS2_PLACEMENT_3D('',#11578,#11579,#11580);
#11578 = CARTESIAN_POINT('',(0.6,2.082,9.3E-02));
#11579 = DIRECTION('',(-1.,-0.,-0.));
#11580 = DIRECTION('',(0.,0.,-1.));
#11581 = ADVANCED_FACE('',(#11582),#11616,.T.);
#11582 = FACE_BOUND('',#11583,.T.);
#11583 = EDGE_LOOP('',(#11584,#11592,#11593,#11594,#11602,#11610));
#11584 = ORIENTED_EDGE('',*,*,#11585,.T.);
#11585 = EDGE_CURVE('',#11586,#10192,#11588,.T.);
#11586 = VERTEX_POINT('',#11587);
#11587 = CARTESIAN_POINT('',(1.4,1.675,0.));
#11588 = LINE('',#11589,#11590);
#11589 = CARTESIAN_POINT('',(1.4,1.675,0.));
#11590 = VECTOR('',#11591,1.);
#11591 = DIRECTION('',(0.,0.,1.));
#11592 = ORIENTED_EDGE('',*,*,#10199,.T.);
#11593 = ORIENTED_EDGE('',*,*,#10907,.T.);
#11594 = ORIENTED_EDGE('',*,*,#11595,.T.);
#11595 = EDGE_CURVE('',#10908,#11596,#11598,.T.);
#11596 = VERTEX_POINT('',#11597);
#11597 = CARTESIAN_POINT('',(1.4,2.475,0.2));
#11598 = LINE('',#11599,#11600);
#11599 = CARTESIAN_POINT('',(1.4,1.775,0.2));
#11600 = VECTOR('',#11601,1.);
#11601 = DIRECTION('',(0.,1.,0.));
#11602 = ORIENTED_EDGE('',*,*,#11603,.T.);
#11603 = EDGE_CURVE('',#11596,#11604,#11606,.T.);
#11604 = VERTEX_POINT('',#11605);
#11605 = CARTESIAN_POINT('',(1.4,2.475,0.));
#11606 = LINE('',#11607,#11608);
#11607 = CARTESIAN_POINT('',(1.4,2.475,0.2));
#11608 = VECTOR('',#11609,1.);
#11609 = DIRECTION('',(0.,0.,-1.));
#11610 = ORIENTED_EDGE('',*,*,#11611,.T.);
#11611 = EDGE_CURVE('',#11604,#11586,#11612,.T.);
#11612 = LINE('',#11613,#11614);
#11613 = CARTESIAN_POINT('',(1.4,2.475,0.));
#11614 = VECTOR('',#11615,1.);
#11615 = DIRECTION('',(0.,-1.,0.));
#11616 = PLANE('',#11617);
#11617 = AXIS2_PLACEMENT_3D('',#11618,#11619,#11620);
#11618 = CARTESIAN_POINT('',(1.4,2.082,9.3E-02));
#11619 = DIRECTION('',(-1.,-0.,-0.));
#11620 = DIRECTION('',(0.,0.,-1.));
#11621 = ADVANCED_FACE('',(#11622),#11640,.T.);
#11622 = FACE_BOUND('',#11623,.T.);
#11623 = EDGE_LOOP('',(#11624,#11632,#11638,#11639));
#11624 = ORIENTED_EDGE('',*,*,#11625,.T.);
#11625 = EDGE_CURVE('',#11586,#11626,#11628,.T.);
#11626 = VERTEX_POINT('',#11627);
#11627 = CARTESIAN_POINT('',(1.6,1.675,0.));
#11628 = LINE('',#11629,#11630);
#11629 = CARTESIAN_POINT('',(1.4,1.675,0.));
#11630 = VECTOR('',#11631,1.);
#11631 = DIRECTION('',(1.,0.,0.));
#11632 = ORIENTED_EDGE('',*,*,#11633,.T.);
#11633 = EDGE_CURVE('',#11626,#10184,#11634,.T.);
#11634 = LINE('',#11635,#11636);
#11635 = CARTESIAN_POINT('',(1.6,1.675,0.));
#11636 = VECTOR('',#11637,1.);
#11637 = DIRECTION('',(0.,0.,1.));
#11638 = ORIENTED_EDGE('',*,*,#10191,.F.);
#11639 = ORIENTED_EDGE('',*,*,#11585,.F.);
#11640 = PLANE('',#11641);
#11641 = AXIS2_PLACEMENT_3D('',#11642,#11643,#11644);
#11642 = CARTESIAN_POINT('',(1.4,1.675,0.));
#11643 = DIRECTION('',(0.,-1.,0.));
#11644 = DIRECTION('',(0.,0.,1.));
#11645 = ADVANCED_FACE('',(#11646),#11673,.F.);
#11646 = FACE_BOUND('',#11647,.F.);
#11647 = EDGE_LOOP('',(#11648,#11649,#11650,#11651,#11659,#11667));
#11648 = ORIENTED_EDGE('',*,*,#11633,.T.);
#11649 = ORIENTED_EDGE('',*,*,#10183,.T.);
#11650 = ORIENTED_EDGE('',*,*,#10923,.T.);
#11651 = ORIENTED_EDGE('',*,*,#11652,.T.);
#11652 = EDGE_CURVE('',#10916,#11653,#11655,.T.);
#11653 = VERTEX_POINT('',#11654);
#11654 = CARTESIAN_POINT('',(1.6,2.475,0.2));
#11655 = LINE('',#11656,#11657);
#11656 = CARTESIAN_POINT('',(1.6,1.775,0.2));
#11657 = VECTOR('',#11658,1.);
#11658 = DIRECTION('',(0.,1.,0.));
#11659 = ORIENTED_EDGE('',*,*,#11660,.T.);
#11660 = EDGE_CURVE('',#11653,#11661,#11663,.T.);
#11661 = VERTEX_POINT('',#11662);
#11662 = CARTESIAN_POINT('',(1.6,2.475,0.));
#11663 = LINE('',#11664,#11665);
#11664 = CARTESIAN_POINT('',(1.6,2.475,0.2));
#11665 = VECTOR('',#11666,1.);
#11666 = DIRECTION('',(0.,0.,-1.));
#11667 = ORIENTED_EDGE('',*,*,#11668,.T.);
#11668 = EDGE_CURVE('',#11661,#11626,#11669,.T.);
#11669 = LINE('',#11670,#11671);
#11670 = CARTESIAN_POINT('',(1.6,2.475,0.));
#11671 = VECTOR('',#11672,1.);
#11672 = DIRECTION('',(0.,-1.,0.));
#11673 = PLANE('',#11674);
#11674 = AXIS2_PLACEMENT_3D('',#11675,#11676,#11677);
#11675 = CARTESIAN_POINT('',(1.6,2.082,9.3E-02));
#11676 = DIRECTION('',(-1.,-0.,-0.));
#11677 = DIRECTION('',(0.,0.,-1.));
#11678 = ADVANCED_FACE('',(#11679),#11713,.T.);
#11679 = FACE_BOUND('',#11680,.T.);
#11680 = EDGE_LOOP('',(#11681,#11689,#11690,#11691,#11699,#11707));
#11681 = ORIENTED_EDGE('',*,*,#11682,.T.);
#11682 = EDGE_CURVE('',#11683,#10160,#11685,.T.);
#11683 = VERTEX_POINT('',#11684);
#11684 = CARTESIAN_POINT('',(2.4,1.675,0.));
#11685 = LINE('',#11686,#11687);
#11686 = CARTESIAN_POINT('',(2.4,1.675,0.));
#11687 = VECTOR('',#11688,1.);
#11688 = DIRECTION('',(0.,0.,1.));
#11689 = ORIENTED_EDGE('',*,*,#10167,.T.);
#11690 = ORIENTED_EDGE('',*,*,#10930,.T.);
#11691 = ORIENTED_EDGE('',*,*,#11692,.T.);
#11692 = EDGE_CURVE('',#10931,#11693,#11695,.T.);
#11693 = VERTEX_POINT('',#11694);
#11694 = CARTESIAN_POINT('',(2.4,2.475,0.2));
#11695 = LINE('',#11696,#11697);
#11696 = CARTESIAN_POINT('',(2.4,1.775,0.2));
#11697 = VECTOR('',#11698,1.);
#11698 = DIRECTION('',(0.,1.,0.));
#11699 = ORIENTED_EDGE('',*,*,#11700,.T.);
#11700 = EDGE_CURVE('',#11693,#11701,#11703,.T.);
#11701 = VERTEX_POINT('',#11702);
#11702 = CARTESIAN_POINT('',(2.4,2.475,0.));
#11703 = LINE('',#11704,#11705);
#11704 = CARTESIAN_POINT('',(2.4,2.475,0.2));
#11705 = VECTOR('',#11706,1.);
#11706 = DIRECTION('',(0.,0.,-1.));
#11707 = ORIENTED_EDGE('',*,*,#11708,.T.);
#11708 = EDGE_CURVE('',#11701,#11683,#11709,.T.);
#11709 = LINE('',#11710,#11711);
#11710 = CARTESIAN_POINT('',(2.4,2.475,0.));
#11711 = VECTOR('',#11712,1.);
#11712 = DIRECTION('',(0.,-1.,0.));
#11713 = PLANE('',#11714);
#11714 = AXIS2_PLACEMENT_3D('',#11715,#11716,#11717);
#11715 = CARTESIAN_POINT('',(2.4,2.082,9.3E-02));
#11716 = DIRECTION('',(-1.,-0.,-0.));
#11717 = DIRECTION('',(0.,0.,-1.));
#11718 = ADVANCED_FACE('',(#11719),#11737,.T.);
#11719 = FACE_BOUND('',#11720,.T.);
#11720 = EDGE_LOOP('',(#11721,#11729,#11735,#11736));
#11721 = ORIENTED_EDGE('',*,*,#11722,.T.);
#11722 = EDGE_CURVE('',#11683,#11723,#11725,.T.);
#11723 = VERTEX_POINT('',#11724);
#11724 = CARTESIAN_POINT('',(2.6,1.675,0.));
#11725 = LINE('',#11726,#11727);
#11726 = CARTESIAN_POINT('',(2.4,1.675,0.));
#11727 = VECTOR('',#11728,1.);
#11728 = DIRECTION('',(1.,0.,0.));
#11729 = ORIENTED_EDGE('',*,*,#11730,.T.);
#11730 = EDGE_CURVE('',#11723,#10152,#11731,.T.);
#11731 = LINE('',#11732,#11733);
#11732 = CARTESIAN_POINT('',(2.6,1.675,0.));
#11733 = VECTOR('',#11734,1.);
#11734 = DIRECTION('',(0.,0.,1.));
#11735 = ORIENTED_EDGE('',*,*,#10159,.F.);
#11736 = ORIENTED_EDGE('',*,*,#11682,.F.);
#11737 = PLANE('',#11738);
#11738 = AXIS2_PLACEMENT_3D('',#11739,#11740,#11741);
#11739 = CARTESIAN_POINT('',(2.4,1.675,0.));
#11740 = DIRECTION('',(0.,-1.,0.));
#11741 = DIRECTION('',(0.,0.,1.));
#11742 = ADVANCED_FACE('',(#11743),#11770,.F.);
#11743 = FACE_BOUND('',#11744,.F.);
#11744 = EDGE_LOOP('',(#11745,#11746,#11747,#11748,#11756,#11764));
#11745 = ORIENTED_EDGE('',*,*,#11730,.T.);
#11746 = ORIENTED_EDGE('',*,*,#10151,.T.);
#11747 = ORIENTED_EDGE('',*,*,#10946,.T.);
#11748 = ORIENTED_EDGE('',*,*,#11749,.T.);
#11749 = EDGE_CURVE('',#10939,#11750,#11752,.T.);
#11750 = VERTEX_POINT('',#11751);
#11751 = CARTESIAN_POINT('',(2.6,2.475,0.2));
#11752 = LINE('',#11753,#11754);
#11753 = CARTESIAN_POINT('',(2.6,1.775,0.2));
#11754 = VECTOR('',#11755,1.);
#11755 = DIRECTION('',(0.,1.,0.));
#11756 = ORIENTED_EDGE('',*,*,#11757,.T.);
#11757 = EDGE_CURVE('',#11750,#11758,#11760,.T.);
#11758 = VERTEX_POINT('',#11759);
#11759 = CARTESIAN_POINT('',(2.6,2.475,0.));
#11760 = LINE('',#11761,#11762);
#11761 = CARTESIAN_POINT('',(2.6,2.475,0.2));
#11762 = VECTOR('',#11763,1.);
#11763 = DIRECTION('',(0.,0.,-1.));
#11764 = ORIENTED_EDGE('',*,*,#11765,.T.);
#11765 = EDGE_CURVE('',#11758,#11723,#11766,.T.);
#11766 = LINE('',#11767,#11768);
#11767 = CARTESIAN_POINT('',(2.6,2.475,0.));
#11768 = VECTOR('',#11769,1.);
#11769 = DIRECTION('',(0.,-1.,0.));
#11770 = PLANE('',#11771);
#11771 = AXIS2_PLACEMENT_3D('',#11772,#11773,#11774);
#11772 = CARTESIAN_POINT('',(2.6,2.082,9.3E-02));
#11773 = DIRECTION('',(-1.,-0.,-0.));
#11774 = DIRECTION('',(0.,0.,-1.));
#11775 = ADVANCED_FACE('',(#11776),#11797,.T.);
#11776 = FACE_BOUND('',#11777,.T.);
#11777 = EDGE_LOOP('',(#11778,#11786,#11787,#11788,#11789,#11790,#11791)
  );
#11778 = ORIENTED_EDGE('',*,*,#11779,.T.);
#11779 = EDGE_CURVE('',#11780,#10478,#11782,.T.);
#11780 = VERTEX_POINT('',#11781);
#11781 = CARTESIAN_POINT('',(-3.7,-2.475,1.E-02));
#11782 = LINE('',#11783,#11784);
#11783 = CARTESIAN_POINT('',(-3.7,-2.475,1.E-02));
#11784 = VECTOR('',#11785,1.);
#11785 = DIRECTION('',(0.,0.,1.));
#11786 = ORIENTED_EDGE('',*,*,#10485,.T.);
#11787 = ORIENTED_EDGE('',*,*,#10461,.T.);
#11788 = ORIENTED_EDGE('',*,*,#10437,.T.);
#11789 = ORIENTED_EDGE('',*,*,#10413,.T.);
#11790 = ORIENTED_EDGE('',*,*,#11173,.T.);
#11791 = ORIENTED_EDGE('',*,*,#11792,.T.);
#11792 = EDGE_CURVE('',#11174,#11780,#11793,.T.);
#11793 = LINE('',#11794,#11795);
#11794 = CARTESIAN_POINT('',(-3.7,-0.975,1.E-02));
#11795 = VECTOR('',#11796,1.);
#11796 = DIRECTION('',(0.,-1.,-5.782411586589E-18));
#11797 = PLANE('',#11798);
#11798 = AXIS2_PLACEMENT_3D('',#11799,#11800,#11801);
#11799 = CARTESIAN_POINT('',(-3.7,-1.843181818182,0.516818181818));
#11800 = DIRECTION('',(-1.,-0.,-0.));
#11801 = DIRECTION('',(0.,0.,-1.));
#11802 = ADVANCED_FACE('',(#11803),#11815,.T.);
#11803 = FACE_BOUND('',#11804,.T.);
#11804 = EDGE_LOOP('',(#11805,#11811,#11812,#11813,#11814));
#11805 = ORIENTED_EDGE('',*,*,#11806,.T.);
#11806 = EDGE_CURVE('',#11780,#11145,#11807,.T.);
#11807 = LINE('',#11808,#11809);
#11808 = CARTESIAN_POINT('',(-3.7,-2.475,1.E-02));
#11809 = VECTOR('',#11810,1.);
#11810 = DIRECTION('',(1.,0.,0.));
#11811 = ORIENTED_EDGE('',*,*,#11152,.T.);
#11812 = ORIENTED_EDGE('',*,*,#10510,.T.);
#11813 = ORIENTED_EDGE('',*,*,#10502,.F.);
#11814 = ORIENTED_EDGE('',*,*,#11779,.F.);
#11815 = PLANE('',#11816);
#11816 = AXIS2_PLACEMENT_3D('',#11817,#11818,#11819);
#11817 = CARTESIAN_POINT('',(-3.7,-2.475,1.E-02));
#11818 = DIRECTION('',(0.,-1.,0.));
#11819 = DIRECTION('',(0.,0.,1.));
#11820 = ADVANCED_FACE('',(#11821),#11840,.T.);
#11821 = FACE_BOUND('',#11822,.T.);
#11822 = EDGE_LOOP('',(#11823,#11831,#11837,#11838,#11839));
#11823 = ORIENTED_EDGE('',*,*,#11824,.T.);
#11824 = EDGE_CURVE('',#11119,#11825,#11827,.T.);
#11825 = VERTEX_POINT('',#11826);
#11826 = CARTESIAN_POINT('',(3.7,-2.475,1.E-02));
#11827 = LINE('',#11828,#11829);
#11828 = CARTESIAN_POINT('',(3.5,-2.475,1.E-02));
#11829 = VECTOR('',#11830,1.);
#11830 = DIRECTION('',(1.,0.,0.));
#11831 = ORIENTED_EDGE('',*,*,#11832,.T.);
#11832 = EDGE_CURVE('',#11825,#10526,#11833,.T.);
#11833 = LINE('',#11834,#11835);
#11834 = CARTESIAN_POINT('',(3.7,-2.475,1.E-02));
#11835 = VECTOR('',#11836,1.);
#11836 = DIRECTION('',(0.,0.,1.));
#11837 = ORIENTED_EDGE('',*,*,#10525,.F.);
#11838 = ORIENTED_EDGE('',*,*,#10517,.F.);
#11839 = ORIENTED_EDGE('',*,*,#11126,.F.);
#11840 = PLANE('',#11841);
#11841 = AXIS2_PLACEMENT_3D('',#11842,#11843,#11844);
#11842 = CARTESIAN_POINT('',(3.5,-2.475,1.E-02));
#11843 = DIRECTION('',(0.,-1.,0.));
#11844 = DIRECTION('',(0.,0.,1.));
#11845 = ADVANCED_FACE('',(#11846),#11864,.F.);
#11846 = FACE_BOUND('',#11847,.F.);
#11847 = EDGE_LOOP('',(#11848,#11856,#11857,#11858));
#11848 = ORIENTED_EDGE('',*,*,#11849,.F.);
#11849 = EDGE_CURVE('',#10526,#11850,#11852,.T.);
#11850 = VERTEX_POINT('',#11851);
#11851 = CARTESIAN_POINT('',(3.7,-1.975,1.26));
#11852 = LINE('',#11853,#11854);
#11853 = CARTESIAN_POINT('',(3.7,-2.475,1.26));
#11854 = VECTOR('',#11855,1.);
#11855 = DIRECTION('',(0.,1.,0.));
#11856 = ORIENTED_EDGE('',*,*,#10533,.T.);
#11857 = ORIENTED_EDGE('',*,*,#11025,.T.);
#11858 = ORIENTED_EDGE('',*,*,#11859,.F.);
#11859 = EDGE_CURVE('',#11850,#11026,#11860,.T.);
#11860 = LINE('',#11861,#11862);
#11861 = CARTESIAN_POINT('',(3.5,-1.975,1.26));
#11862 = VECTOR('',#11863,1.);
#11863 = DIRECTION('',(1.,0.,0.));
#11864 = PLANE('',#11865);
#11865 = AXIS2_PLACEMENT_3D('',#11866,#11867,#11868);
#11866 = CARTESIAN_POINT('',(3.5,-2.475,1.26));
#11867 = DIRECTION('',(0.,1.110223024625E-16,1.));
#11868 = DIRECTION('',(0.,1.,-1.110223024625E-16));
#11869 = ADVANCED_FACE('',(#11870),#11918,.F.);
#11870 = FACE_BOUND('',#11871,.F.);
#11871 = EDGE_LOOP('',(#11872,#11873,#11881,#11889,#11895,#11896,#11904,
    #11912));
#11872 = ORIENTED_EDGE('',*,*,#10557,.F.);
#11873 = ORIENTED_EDGE('',*,*,#11874,.T.);
#11874 = EDGE_CURVE('',#10558,#11875,#11877,.T.);
#11875 = VERTEX_POINT('',#11876);
#11876 = CARTESIAN_POINT('',(3.2,0.525,0.46));
#11877 = LINE('',#11878,#11879);
#11878 = CARTESIAN_POINT('',(3.2,-2.475,0.46));
#11879 = VECTOR('',#11880,1.);
#11880 = DIRECTION('',(0.,1.,-1.110223024625E-16));
#11881 = ORIENTED_EDGE('',*,*,#11882,.T.);
#11882 = EDGE_CURVE('',#11875,#11883,#11885,.T.);
#11883 = VERTEX_POINT('',#11884);
#11884 = CARTESIAN_POINT('',(3.2,0.525,2.56));
#11885 = LINE('',#11886,#11887);
#11886 = CARTESIAN_POINT('',(3.2,0.525,0.46));
#11887 = VECTOR('',#11888,1.);
#11888 = DIRECTION('',(0.,1.110223024625E-16,1.));
#11889 = ORIENTED_EDGE('',*,*,#11890,.F.);
#11890 = EDGE_CURVE('',#10616,#11883,#11891,.T.);
#11891 = LINE('',#11892,#11893);
#11892 = CARTESIAN_POINT('',(3.2,-2.475,2.56));
#11893 = VECTOR('',#11894,1.);
#11894 = DIRECTION('',(0.,1.,-1.110223024625E-16));
#11895 = ORIENTED_EDGE('',*,*,#10623,.F.);
#11896 = ORIENTED_EDGE('',*,*,#11897,.F.);
#11897 = EDGE_CURVE('',#11898,#10624,#11900,.T.);
#11898 = VERTEX_POINT('',#11899);
#11899 = CARTESIAN_POINT('',(3.2,-7.5E-02,2.06));
#11900 = LINE('',#11901,#11902);
#11901 = CARTESIAN_POINT('',(3.2,-2.475,2.06));
#11902 = VECTOR('',#11903,1.);
#11903 = DIRECTION('',(0.,-1.,1.110223024625E-16));
#11904 = ORIENTED_EDGE('',*,*,#11905,.T.);
#11905 = EDGE_CURVE('',#11898,#11906,#11908,.T.);
#11906 = VERTEX_POINT('',#11907);
#11907 = CARTESIAN_POINT('',(3.2,-7.5E-02,1.46));
#11908 = LINE('',#11909,#11910);
#11909 = CARTESIAN_POINT('',(3.2,-7.5E-02,1.11));
#11910 = VECTOR('',#11911,1.);
#11911 = DIRECTION('',(0.,-1.110223024625E-16,-1.));
#11912 = ORIENTED_EDGE('',*,*,#11913,.F.);
#11913 = EDGE_CURVE('',#10560,#11906,#11914,.T.);
#11914 = LINE('',#11915,#11916);
#11915 = CARTESIAN_POINT('',(3.2,-2.475,1.46));
#11916 = VECTOR('',#11917,1.);
#11917 = DIRECTION('',(0.,1.,-1.110223024625E-16));
#11918 = PLANE('',#11919);
#11919 = AXIS2_PLACEMENT_3D('',#11920,#11921,#11922);
#11920 = CARTESIAN_POINT('',(3.2,-2.475,0.46));
#11921 = DIRECTION('',(1.,0.,0.));
#11922 = DIRECTION('',(-0.,1.110223024625E-16,1.));
#11923 = ADVANCED_FACE('',(#11924),#11942,.F.);
#11924 = FACE_BOUND('',#11925,.F.);
#11925 = EDGE_LOOP('',(#11926,#11927,#11928,#11936));
#11926 = ORIENTED_EDGE('',*,*,#10647,.F.);
#11927 = ORIENTED_EDGE('',*,*,#11913,.T.);
#11928 = ORIENTED_EDGE('',*,*,#11929,.T.);
#11929 = EDGE_CURVE('',#11906,#11930,#11932,.T.);
#11930 = VERTEX_POINT('',#11931);
#11931 = CARTESIAN_POINT('',(3.55,-7.5E-02,1.46));
#11932 = LINE('',#11933,#11934);
#11933 = CARTESIAN_POINT('',(-3.55,-7.5E-02,1.46));
#11934 = VECTOR('',#11935,1.);
#11935 = DIRECTION('',(1.,0.,0.));
#11936 = ORIENTED_EDGE('',*,*,#11937,.F.);
#11937 = EDGE_CURVE('',#10640,#11930,#11938,.T.);
#11938 = LINE('',#11939,#11940);
#11939 = CARTESIAN_POINT('',(3.55,-2.475,1.46));
#11940 = VECTOR('',#11941,1.);
#11941 = DIRECTION('',(0.,1.,-1.110223024625E-16));
#11942 = PLANE('',#11943);
#11943 = AXIS2_PLACEMENT_3D('',#11944,#11945,#11946);
#11944 = CARTESIAN_POINT('',(-3.55,-2.475,1.46));
#11945 = DIRECTION('',(0.,-1.110223024625E-16,-1.));
#11946 = DIRECTION('',(1.,0.,0.));
#11947 = ADVANCED_FACE('',(#11948),#11966,.F.);
#11948 = FACE_BOUND('',#11949,.F.);
#11949 = EDGE_LOOP('',(#11950,#11951,#11959,#11965));
#11950 = ORIENTED_EDGE('',*,*,#11937,.T.);
#11951 = ORIENTED_EDGE('',*,*,#11952,.T.);
#11952 = EDGE_CURVE('',#11930,#11953,#11955,.T.);
#11953 = VERTEX_POINT('',#11954);
#11954 = CARTESIAN_POINT('',(3.55,-7.5E-02,2.06));
#11955 = LINE('',#11956,#11957);
#11956 = CARTESIAN_POINT('',(3.55,-7.5E-02,1.46));
#11957 = VECTOR('',#11958,1.);
#11958 = DIRECTION('',(0.,1.110223024625E-16,1.));
#11959 = ORIENTED_EDGE('',*,*,#11960,.F.);
#11960 = EDGE_CURVE('',#10632,#11953,#11961,.T.);
#11961 = LINE('',#11962,#11963);
#11962 = CARTESIAN_POINT('',(3.55,-2.475,2.06));
#11963 = VECTOR('',#11964,1.);
#11964 = DIRECTION('',(0.,1.,-1.110223024625E-16));
#11965 = ORIENTED_EDGE('',*,*,#10639,.F.);
#11966 = PLANE('',#11967);
#11967 = AXIS2_PLACEMENT_3D('',#11968,#11969,#11970);
#11968 = CARTESIAN_POINT('',(3.55,-2.475,1.46));
#11969 = DIRECTION('',(1.,0.,0.));
#11970 = DIRECTION('',(-0.,1.110223024625E-16,1.));
#11971 = ADVANCED_FACE('',(#11972),#11983,.F.);
#11972 = FACE_BOUND('',#11973,.F.);
#11973 = EDGE_LOOP('',(#11974,#11975,#11976,#11982));
#11974 = ORIENTED_EDGE('',*,*,#10631,.F.);
#11975 = ORIENTED_EDGE('',*,*,#11960,.T.);
#11976 = ORIENTED_EDGE('',*,*,#11977,.T.);
#11977 = EDGE_CURVE('',#11953,#11898,#11978,.T.);
#11978 = LINE('',#11979,#11980);
#11979 = CARTESIAN_POINT('',(3.55,-7.5E-02,2.06));
#11980 = VECTOR('',#11981,1.);
#11981 = DIRECTION('',(-1.,0.,0.));
#11982 = ORIENTED_EDGE('',*,*,#11897,.T.);
#11983 = PLANE('',#11984);
#11984 = AXIS2_PLACEMENT_3D('',#11985,#11986,#11987);
#11985 = CARTESIAN_POINT('',(3.55,-2.475,2.06));
#11986 = DIRECTION('',(0.,1.110223024625E-16,1.));
#11987 = DIRECTION('',(-1.,0.,0.));
#11988 = ADVANCED_FACE('',(#11989),#12007,.F.);
#11989 = FACE_BOUND('',#11990,.F.);
#11990 = EDGE_LOOP('',(#11991,#11992,#12000,#12006));
#11991 = ORIENTED_EDGE('',*,*,#11890,.T.);
#11992 = ORIENTED_EDGE('',*,*,#11993,.T.);
#11993 = EDGE_CURVE('',#11883,#11994,#11996,.T.);
#11994 = VERTEX_POINT('',#11995);
#11995 = CARTESIAN_POINT('',(-3.2,0.525,2.56));
#11996 = LINE('',#11997,#11998);
#11997 = CARTESIAN_POINT('',(3.2,0.525,2.56));
#11998 = VECTOR('',#11999,1.);
#11999 = DIRECTION('',(-1.,0.,0.));
#12000 = ORIENTED_EDGE('',*,*,#12001,.F.);
#12001 = EDGE_CURVE('',#10608,#11994,#12002,.T.);
#12002 = LINE('',#12003,#12004);
#12003 = CARTESIAN_POINT('',(-3.2,-2.475,2.56));
#12004 = VECTOR('',#12005,1.);
#12005 = DIRECTION('',(0.,1.,-1.110223024625E-16));
#12006 = ORIENTED_EDGE('',*,*,#10615,.F.);
#12007 = PLANE('',#12008);
#12008 = AXIS2_PLACEMENT_3D('',#12009,#12010,#12011);
#12009 = CARTESIAN_POINT('',(3.2,-2.475,2.56));
#12010 = DIRECTION('',(0.,1.110223024625E-16,1.));
#12011 = DIRECTION('',(-1.,0.,0.));
#12012 = ADVANCED_FACE('',(#12013),#12054,.F.);
#12013 = FACE_BOUND('',#12014,.F.);
#12014 = EDGE_LOOP('',(#12015,#12016,#12017,#12025,#12031,#12032,#12040,
    #12048));
#12015 = ORIENTED_EDGE('',*,*,#10607,.F.);
#12016 = ORIENTED_EDGE('',*,*,#12001,.T.);
#12017 = ORIENTED_EDGE('',*,*,#12018,.T.);
#12018 = EDGE_CURVE('',#11994,#12019,#12021,.T.);
#12019 = VERTEX_POINT('',#12020);
#12020 = CARTESIAN_POINT('',(-3.2,0.525,0.46));
#12021 = LINE('',#12022,#12023);
#12022 = CARTESIAN_POINT('',(-3.2,0.525,2.56));
#12023 = VECTOR('',#12024,1.);
#12024 = DIRECTION('',(0.,-1.110223024625E-16,-1.));
#12025 = ORIENTED_EDGE('',*,*,#12026,.F.);
#12026 = EDGE_CURVE('',#10568,#12019,#12027,.T.);
#12027 = LINE('',#12028,#12029);
#12028 = CARTESIAN_POINT('',(-3.2,-2.475,0.46));
#12029 = VECTOR('',#12030,1.);
#12030 = DIRECTION('',(0.,1.,-1.110223024625E-16));
#12031 = ORIENTED_EDGE('',*,*,#10575,.F.);
#12032 = ORIENTED_EDGE('',*,*,#12033,.F.);
#12033 = EDGE_CURVE('',#12034,#10576,#12036,.T.);
#12034 = VERTEX_POINT('',#12035);
#12035 = CARTESIAN_POINT('',(-3.2,-7.5E-02,1.46));
#12036 = LINE('',#12037,#12038);
#12037 = CARTESIAN_POINT('',(-3.2,-2.475,1.46));
#12038 = VECTOR('',#12039,1.);
#12039 = DIRECTION('',(0.,-1.,1.110223024625E-16));
#12040 = ORIENTED_EDGE('',*,*,#12041,.T.);
#12041 = EDGE_CURVE('',#12034,#12042,#12044,.T.);
#12042 = VERTEX_POINT('',#12043);
#12043 = CARTESIAN_POINT('',(-3.2,-7.5E-02,2.06));
#12044 = LINE('',#12045,#12046);
#12045 = CARTESIAN_POINT('',(-3.2,-7.5E-02,2.16));
#12046 = VECTOR('',#12047,1.);
#12047 = DIRECTION('',(0.,1.110223024625E-16,1.));
#12048 = ORIENTED_EDGE('',*,*,#12049,.F.);
#12049 = EDGE_CURVE('',#10600,#12042,#12050,.T.);
#12050 = LINE('',#12051,#12052);
#12051 = CARTESIAN_POINT('',(-3.2,-2.475,2.06));
#12052 = VECTOR('',#12053,1.);
#12053 = DIRECTION('',(0.,1.,-1.110223024625E-16));
#12054 = PLANE('',#12055);
#12055 = AXIS2_PLACEMENT_3D('',#12056,#12057,#12058);
#12056 = CARTESIAN_POINT('',(-3.2,-2.475,2.56));
#12057 = DIRECTION('',(-1.,0.,0.));
#12058 = DIRECTION('',(-0.,-1.110223024625E-16,-1.));
#12059 = ADVANCED_FACE('',(#12060),#12078,.F.);
#12060 = FACE_BOUND('',#12061,.F.);
#12061 = EDGE_LOOP('',(#12062,#12063,#12064,#12072));
#12062 = ORIENTED_EDGE('',*,*,#10599,.F.);
#12063 = ORIENTED_EDGE('',*,*,#12049,.T.);
#12064 = ORIENTED_EDGE('',*,*,#12065,.T.);
#12065 = EDGE_CURVE('',#12042,#12066,#12068,.T.);
#12066 = VERTEX_POINT('',#12067);
#12067 = CARTESIAN_POINT('',(-3.55,-7.5E-02,2.06));
#12068 = LINE('',#12069,#12070);
#12069 = CARTESIAN_POINT('',(3.55,-7.5E-02,2.06));
#12070 = VECTOR('',#12071,1.);
#12071 = DIRECTION('',(-1.,0.,0.));
#12072 = ORIENTED_EDGE('',*,*,#12073,.F.);
#12073 = EDGE_CURVE('',#10592,#12066,#12074,.T.);
#12074 = LINE('',#12075,#12076);
#12075 = CARTESIAN_POINT('',(-3.55,-2.475,2.06));
#12076 = VECTOR('',#12077,1.);
#12077 = DIRECTION('',(0.,1.,-1.110223024625E-16));
#12078 = PLANE('',#12079);
#12079 = AXIS2_PLACEMENT_3D('',#12080,#12081,#12082);
#12080 = CARTESIAN_POINT('',(3.55,-2.475,2.06));
#12081 = DIRECTION('',(0.,1.110223024625E-16,1.));
#12082 = DIRECTION('',(-1.,0.,0.));
#12083 = ADVANCED_FACE('',(#12084),#12102,.F.);
#12084 = FACE_BOUND('',#12085,.F.);
#12085 = EDGE_LOOP('',(#12086,#12087,#12095,#12101));
#12086 = ORIENTED_EDGE('',*,*,#12073,.T.);
#12087 = ORIENTED_EDGE('',*,*,#12088,.T.);
#12088 = EDGE_CURVE('',#12066,#12089,#12091,.T.);
#12089 = VERTEX_POINT('',#12090);
#12090 = CARTESIAN_POINT('',(-3.55,-7.5E-02,1.46));
#12091 = LINE('',#12092,#12093);
#12092 = CARTESIAN_POINT('',(-3.55,-7.5E-02,2.06));
#12093 = VECTOR('',#12094,1.);
#12094 = DIRECTION('',(0.,-1.110223024625E-16,-1.));
#12095 = ORIENTED_EDGE('',*,*,#12096,.F.);
#12096 = EDGE_CURVE('',#10584,#12089,#12097,.T.);
#12097 = LINE('',#12098,#12099);
#12098 = CARTESIAN_POINT('',(-3.55,-2.475,1.46));
#12099 = VECTOR('',#12100,1.);
#12100 = DIRECTION('',(0.,1.,-1.110223024625E-16));
#12101 = ORIENTED_EDGE('',*,*,#10591,.F.);
#12102 = PLANE('',#12103);
#12103 = AXIS2_PLACEMENT_3D('',#12104,#12105,#12106);
#12104 = CARTESIAN_POINT('',(-3.55,-2.475,2.06));
#12105 = DIRECTION('',(-1.,0.,0.));
#12106 = DIRECTION('',(-0.,-1.110223024625E-16,-1.));
#12107 = ADVANCED_FACE('',(#12108),#12119,.F.);
#12108 = FACE_BOUND('',#12109,.F.);
#12109 = EDGE_LOOP('',(#12110,#12111,#12112,#12118));
#12110 = ORIENTED_EDGE('',*,*,#10583,.F.);
#12111 = ORIENTED_EDGE('',*,*,#12096,.T.);
#12112 = ORIENTED_EDGE('',*,*,#12113,.T.);
#12113 = EDGE_CURVE('',#12089,#12034,#12114,.T.);
#12114 = LINE('',#12115,#12116);
#12115 = CARTESIAN_POINT('',(-3.55,-7.5E-02,1.46));
#12116 = VECTOR('',#12117,1.);
#12117 = DIRECTION('',(1.,0.,0.));
#12118 = ORIENTED_EDGE('',*,*,#12033,.T.);
#12119 = PLANE('',#12120);
#12120 = AXIS2_PLACEMENT_3D('',#12121,#12122,#12123);
#12121 = CARTESIAN_POINT('',(-3.55,-2.475,1.46));
#12122 = DIRECTION('',(0.,-1.110223024625E-16,-1.));
#12123 = DIRECTION('',(1.,0.,0.));
#12124 = ADVANCED_FACE('',(#12125),#12136,.F.);
#12125 = FACE_BOUND('',#12126,.F.);
#12126 = EDGE_LOOP('',(#12127,#12128,#12134,#12135));
#12127 = ORIENTED_EDGE('',*,*,#12026,.T.);
#12128 = ORIENTED_EDGE('',*,*,#12129,.T.);
#12129 = EDGE_CURVE('',#12019,#11875,#12130,.T.);
#12130 = LINE('',#12131,#12132);
#12131 = CARTESIAN_POINT('',(-3.2,0.525,0.46));
#12132 = VECTOR('',#12133,1.);
#12133 = DIRECTION('',(1.,0.,0.));
#12134 = ORIENTED_EDGE('',*,*,#11874,.F.);
#12135 = ORIENTED_EDGE('',*,*,#10567,.F.);
#12136 = PLANE('',#12137);
#12137 = AXIS2_PLACEMENT_3D('',#12138,#12139,#12140);
#12138 = CARTESIAN_POINT('',(-3.2,-2.475,0.46));
#12139 = DIRECTION('',(0.,-1.110223024625E-16,-1.));
#12140 = DIRECTION('',(1.,0.,0.));
#12141 = ADVANCED_FACE('',(#12142),#12176,.F.);
#12142 = FACE_BOUND('',#12143,.F.);
#12143 = EDGE_LOOP('',(#12144,#12145,#12153,#12161,#12169,#12175));
#12144 = ORIENTED_EDGE('',*,*,#10969,.T.);
#12145 = ORIENTED_EDGE('',*,*,#12146,.T.);
#12146 = EDGE_CURVE('',#10962,#12147,#12149,.T.);
#12147 = VERTEX_POINT('',#12148);
#12148 = CARTESIAN_POINT('',(3.5,1.225,1.46));
#12149 = LINE('',#12150,#12151);
#12150 = CARTESIAN_POINT('',(3.5,1.775,1.46));
#12151 = VECTOR('',#12152,1.);
#12152 = DIRECTION('',(0.,-1.,1.110223024625E-16));
#12153 = ORIENTED_EDGE('',*,*,#12154,.T.);
#12154 = EDGE_CURVE('',#12147,#12155,#12157,.T.);
#12155 = VERTEX_POINT('',#12156);
#12156 = CARTESIAN_POINT('',(3.5,1.225,2.46));
#12157 = LINE('',#12158,#12159);
#12158 = CARTESIAN_POINT('',(3.5,1.225,1.46));
#12159 = VECTOR('',#12160,1.);
#12160 = DIRECTION('',(0.,1.110223024625E-16,1.));
#12161 = ORIENTED_EDGE('',*,*,#12162,.T.);
#12162 = EDGE_CURVE('',#12155,#12163,#12165,.T.);
#12163 = VERTEX_POINT('',#12164);
#12164 = CARTESIAN_POINT('',(3.5,0.575,2.46));
#12165 = LINE('',#12166,#12167);
#12166 = CARTESIAN_POINT('',(3.5,1.225,2.46));
#12167 = VECTOR('',#12168,1.);
#12168 = DIRECTION('',(0.,-1.,1.110223024625E-16));
#12169 = ORIENTED_EDGE('',*,*,#12170,.T.);
#12170 = EDGE_CURVE('',#12163,#10696,#12171,.T.);
#12171 = LINE('',#12172,#12173);
#12172 = CARTESIAN_POINT('',(3.5,0.575,2.46));
#12173 = VECTOR('',#12174,1.);
#12174 = DIRECTION('',(0.,-0.500421834463,0.865781720524));
#12175 = ORIENTED_EDGE('',*,*,#10703,.T.);
#12176 = PLANE('',#12177);
#12177 = AXIS2_PLACEMENT_3D('',#12178,#12179,#12180);
#12178 = CARTESIAN_POINT('',(3.5,1.22787099059,2.3670284193));
#12179 = DIRECTION('',(-1.,0.,0.));
#12180 = DIRECTION('',(0.,1.,-1.110223024625E-16));
#12181 = ADVANCED_FACE('',(#12182),#12193,.F.);
#12182 = FACE_BOUND('',#12183,.F.);
#12183 = EDGE_LOOP('',(#12184,#12190,#12191,#12192));
#12184 = ORIENTED_EDGE('',*,*,#12185,.T.);
#12185 = EDGE_CURVE('',#12163,#11010,#12186,.T.);
#12186 = LINE('',#12187,#12188);
#12187 = CARTESIAN_POINT('',(3.5,0.575,2.46));
#12188 = VECTOR('',#12189,1.);
#12189 = DIRECTION('',(1.,0.,0.));
#12190 = ORIENTED_EDGE('',*,*,#11017,.T.);
#12191 = ORIENTED_EDGE('',*,*,#10695,.F.);
#12192 = ORIENTED_EDGE('',*,*,#12170,.F.);
#12193 = PLANE('',#12194);
#12194 = AXIS2_PLACEMENT_3D('',#12195,#12196,#12197);
#12195 = CARTESIAN_POINT('',(3.5,0.575,2.46));
#12196 = DIRECTION('',(0.,-0.865781720524,-0.500421834463));
#12197 = DIRECTION('',(0.,-0.500421834463,0.865781720524));
#12198 = ADVANCED_FACE('',(#12199),#12207,.T.);
#12199 = FACE_BOUND('',#12200,.T.);
#12200 = EDGE_LOOP('',(#12201,#12202,#12203,#12204,#12205,#12206));
#12201 = ORIENTED_EDGE('',*,*,#10976,.T.);
#12202 = ORIENTED_EDGE('',*,*,#10797,.T.);
#12203 = ORIENTED_EDGE('',*,*,#10773,.T.);
#12204 = ORIENTED_EDGE('',*,*,#10749,.T.);
#12205 = ORIENTED_EDGE('',*,*,#10725,.T.);
#12206 = ORIENTED_EDGE('',*,*,#10671,.T.);
#12207 = PLANE('',#12208);
#12208 = AXIS2_PLACEMENT_3D('',#12209,#12210,#12211);
#12209 = CARTESIAN_POINT('',(-3.5,1.22787099059,2.3670284193));
#12210 = DIRECTION('',(-1.,0.,0.));
#12211 = DIRECTION('',(0.,1.,-1.110223024625E-16));
#12212 = ADVANCED_FACE('',(#12213),#12224,.F.);
#12213 = FACE_BOUND('',#12214,.F.);
#12214 = EDGE_LOOP('',(#12215,#12216,#12217,#12223));
#12215 = ORIENTED_EDGE('',*,*,#10961,.T.);
#12216 = ORIENTED_EDGE('',*,*,#10993,.T.);
#12217 = ORIENTED_EDGE('',*,*,#12218,.F.);
#12218 = EDGE_CURVE('',#12147,#10994,#12219,.T.);
#12219 = LINE('',#12220,#12221);
#12220 = CARTESIAN_POINT('',(3.5,1.225,1.46));
#12221 = VECTOR('',#12222,1.);
#12222 = DIRECTION('',(1.,0.,0.));
#12223 = ORIENTED_EDGE('',*,*,#12146,.F.);
#12224 = PLANE('',#12225);
#12225 = AXIS2_PLACEMENT_3D('',#12226,#12227,#12228);
#12226 = CARTESIAN_POINT('',(3.5,1.775,1.46));
#12227 = DIRECTION('',(0.,-1.110223024625E-16,-1.));
#12228 = DIRECTION('',(0.,-1.,1.110223024625E-16));
#12229 = ADVANCED_FACE('',(#12230),#12241,.T.);
#12230 = FACE_BOUND('',#12231,.T.);
#12231 = EDGE_LOOP('',(#12232,#12233,#12234,#12240));
#12232 = ORIENTED_EDGE('',*,*,#10938,.T.);
#12233 = ORIENTED_EDGE('',*,*,#11749,.T.);
#12234 = ORIENTED_EDGE('',*,*,#12235,.F.);
#12235 = EDGE_CURVE('',#11693,#11750,#12236,.T.);
#12236 = LINE('',#12237,#12238);
#12237 = CARTESIAN_POINT('',(2.4,2.475,0.2));
#12238 = VECTOR('',#12239,1.);
#12239 = DIRECTION('',(1.,0.,0.));
#12240 = ORIENTED_EDGE('',*,*,#11692,.F.);
#12241 = PLANE('',#12242);
#12242 = AXIS2_PLACEMENT_3D('',#12243,#12244,#12245);
#12243 = CARTESIAN_POINT('',(2.4,1.775,0.2));
#12244 = DIRECTION('',(0.,0.,1.));
#12245 = DIRECTION('',(0.,1.,0.));
#12246 = ADVANCED_FACE('',(#12247),#12258,.T.);
#12247 = FACE_BOUND('',#12248,.T.);
#12248 = EDGE_LOOP('',(#12249,#12250,#12251,#12257));
#12249 = ORIENTED_EDGE('',*,*,#10915,.T.);
#12250 = ORIENTED_EDGE('',*,*,#11652,.T.);
#12251 = ORIENTED_EDGE('',*,*,#12252,.F.);
#12252 = EDGE_CURVE('',#11596,#11653,#12253,.T.);
#12253 = LINE('',#12254,#12255);
#12254 = CARTESIAN_POINT('',(1.4,2.475,0.2));
#12255 = VECTOR('',#12256,1.);
#12256 = DIRECTION('',(1.,0.,0.));
#12257 = ORIENTED_EDGE('',*,*,#11595,.F.);
#12258 = PLANE('',#12259);
#12259 = AXIS2_PLACEMENT_3D('',#12260,#12261,#12262);
#12260 = CARTESIAN_POINT('',(1.4,1.775,0.2));
#12261 = DIRECTION('',(0.,0.,1.));
#12262 = DIRECTION('',(0.,1.,0.));
#12263 = ADVANCED_FACE('',(#12264),#12275,.T.);
#12264 = FACE_BOUND('',#12265,.T.);
#12265 = EDGE_LOOP('',(#12266,#12267,#12268,#12274));
#12266 = ORIENTED_EDGE('',*,*,#10892,.T.);
#12267 = ORIENTED_EDGE('',*,*,#11555,.T.);
#12268 = ORIENTED_EDGE('',*,*,#12269,.F.);
#12269 = EDGE_CURVE('',#11499,#11556,#12270,.T.);
#12270 = LINE('',#12271,#12272);
#12271 = CARTESIAN_POINT('',(0.4,2.475,0.2));
#12272 = VECTOR('',#12273,1.);
#12273 = DIRECTION('',(1.,0.,0.));
#12274 = ORIENTED_EDGE('',*,*,#11498,.F.);
#12275 = PLANE('',#12276);
#12276 = AXIS2_PLACEMENT_3D('',#12277,#12278,#12279);
#12277 = CARTESIAN_POINT('',(0.4,1.775,0.2));
#12278 = DIRECTION('',(0.,0.,1.));
#12279 = DIRECTION('',(0.,1.,0.));
#12280 = ADVANCED_FACE('',(#12281),#12292,.T.);
#12281 = FACE_BOUND('',#12282,.T.);
#12282 = EDGE_LOOP('',(#12283,#12284,#12285,#12291));
#12283 = ORIENTED_EDGE('',*,*,#10869,.T.);
#12284 = ORIENTED_EDGE('',*,*,#11458,.T.);
#12285 = ORIENTED_EDGE('',*,*,#12286,.F.);
#12286 = EDGE_CURVE('',#11402,#11459,#12287,.T.);
#12287 = LINE('',#12288,#12289);
#12288 = CARTESIAN_POINT('',(-0.6,2.475,0.2));
#12289 = VECTOR('',#12290,1.);
#12290 = DIRECTION('',(1.,0.,0.));
#12291 = ORIENTED_EDGE('',*,*,#11401,.F.);
#12292 = PLANE('',#12293);
#12293 = AXIS2_PLACEMENT_3D('',#12294,#12295,#12296);
#12294 = CARTESIAN_POINT('',(-0.6,1.775,0.2));
#12295 = DIRECTION('',(0.,0.,1.));
#12296 = DIRECTION('',(0.,1.,0.));
#12297 = ADVANCED_FACE('',(#12298),#12309,.T.);
#12298 = FACE_BOUND('',#12299,.T.);
#12299 = EDGE_LOOP('',(#12300,#12301,#12302,#12308));
#12300 = ORIENTED_EDGE('',*,*,#10846,.T.);
#12301 = ORIENTED_EDGE('',*,*,#11361,.T.);
#12302 = ORIENTED_EDGE('',*,*,#12303,.F.);
#12303 = EDGE_CURVE('',#11305,#11362,#12304,.T.);
#12304 = LINE('',#12305,#12306);
#12305 = CARTESIAN_POINT('',(-1.6,2.475,0.2));
#12306 = VECTOR('',#12307,1.);
#12307 = DIRECTION('',(1.,0.,0.));
#12308 = ORIENTED_EDGE('',*,*,#11304,.F.);
#12309 = PLANE('',#12310);
#12310 = AXIS2_PLACEMENT_3D('',#12311,#12312,#12313);
#12311 = CARTESIAN_POINT('',(-1.6,1.775,0.2));
#12312 = DIRECTION('',(0.,0.,1.));
#12313 = DIRECTION('',(0.,1.,0.));
#12314 = ADVANCED_FACE('',(#12315),#12326,.T.);
#12315 = FACE_BOUND('',#12316,.T.);
#12316 = EDGE_LOOP('',(#12317,#12318,#12319,#12325));
#12317 = ORIENTED_EDGE('',*,*,#10823,.T.);
#12318 = ORIENTED_EDGE('',*,*,#11264,.T.);
#12319 = ORIENTED_EDGE('',*,*,#12320,.F.);
#12320 = EDGE_CURVE('',#11208,#11265,#12321,.T.);
#12321 = LINE('',#12322,#12323);
#12322 = CARTESIAN_POINT('',(-2.6,2.475,0.2));
#12323 = VECTOR('',#12324,1.);
#12324 = DIRECTION('',(1.,0.,0.));
#12325 = ORIENTED_EDGE('',*,*,#11207,.F.);
#12326 = PLANE('',#12327);
#12327 = AXIS2_PLACEMENT_3D('',#12328,#12329,#12330);
#12328 = CARTESIAN_POINT('',(-2.6,1.775,0.2));
#12329 = DIRECTION('',(0.,0.,1.));
#12330 = DIRECTION('',(0.,1.,0.));
#12331 = ADVANCED_FACE('',(#12332),#12350,.F.);
#12332 = FACE_BOUND('',#12333,.F.);
#12333 = EDGE_LOOP('',(#12334,#12342,#12348,#12349));
#12334 = ORIENTED_EDGE('',*,*,#12335,.F.);
#12335 = EDGE_CURVE('',#12336,#11064,#12338,.T.);
#12336 = VERTEX_POINT('',#12337);
#12337 = CARTESIAN_POINT('',(3.7,-1.975,0.61));
#12338 = LINE('',#12339,#12340);
#12339 = CARTESIAN_POINT('',(3.7,-1.975,0.61));
#12340 = VECTOR('',#12341,1.);
#12341 = DIRECTION('',(0.,1.,0.));
#12342 = ORIENTED_EDGE('',*,*,#12343,.T.);
#12343 = EDGE_CURVE('',#12336,#11034,#12344,.T.);
#12344 = LINE('',#12345,#12346);
#12345 = CARTESIAN_POINT('',(3.5,-1.975,0.61));
#12346 = VECTOR('',#12347,1.);
#12347 = DIRECTION('',(1.,0.,0.));
#12348 = ORIENTED_EDGE('',*,*,#11041,.T.);
#12349 = ORIENTED_EDGE('',*,*,#11071,.F.);
#12350 = PLANE('',#12351);
#12351 = AXIS2_PLACEMENT_3D('',#12352,#12353,#12354);
#12352 = CARTESIAN_POINT('',(3.5,-1.975,0.61));
#12353 = DIRECTION('',(0.,1.110223024625E-16,1.));
#12354 = DIRECTION('',(0.,1.,-1.110223024625E-16));
#12355 = ADVANCED_FACE('',(#12356),#12367,.F.);
#12356 = FACE_BOUND('',#12357,.F.);
#12357 = EDGE_LOOP('',(#12358,#12364,#12365,#12366));
#12358 = ORIENTED_EDGE('',*,*,#12359,.F.);
#12359 = EDGE_CURVE('',#11850,#12336,#12360,.T.);
#12360 = LINE('',#12361,#12362);
#12361 = CARTESIAN_POINT('',(3.7,-1.975,1.26));
#12362 = VECTOR('',#12363,1.);
#12363 = DIRECTION('',(0.,0.,-1.));
#12364 = ORIENTED_EDGE('',*,*,#11859,.T.);
#12365 = ORIENTED_EDGE('',*,*,#11033,.T.);
#12366 = ORIENTED_EDGE('',*,*,#12343,.F.);
#12367 = PLANE('',#12368);
#12368 = AXIS2_PLACEMENT_3D('',#12369,#12370,#12371);
#12369 = CARTESIAN_POINT('',(3.5,-1.975,1.26));
#12370 = DIRECTION('',(0.,1.,-1.110223024625E-16));
#12371 = DIRECTION('',(0.,-1.110223024625E-16,-1.));
#12372 = ADVANCED_FACE('',(#12373),#12384,.F.);
#12373 = FACE_BOUND('',#12374,.F.);
#12374 = EDGE_LOOP('',(#12375,#12381,#12382,#12383));
#12375 = ORIENTED_EDGE('',*,*,#12376,.T.);
#12376 = EDGE_CURVE('',#12155,#11002,#12377,.T.);
#12377 = LINE('',#12378,#12379);
#12378 = CARTESIAN_POINT('',(3.5,1.225,2.46));
#12379 = VECTOR('',#12380,1.);
#12380 = DIRECTION('',(1.,0.,0.));
#12381 = ORIENTED_EDGE('',*,*,#11009,.T.);
#12382 = ORIENTED_EDGE('',*,*,#12185,.F.);
#12383 = ORIENTED_EDGE('',*,*,#12162,.F.);
#12384 = PLANE('',#12385);
#12385 = AXIS2_PLACEMENT_3D('',#12386,#12387,#12388);
#12386 = CARTESIAN_POINT('',(3.5,1.225,2.46));
#12387 = DIRECTION('',(0.,-1.110223024625E-16,-1.));
#12388 = DIRECTION('',(0.,-1.,1.110223024625E-16));
#12389 = ADVANCED_FACE('',(#12390),#12396,.F.);
#12390 = FACE_BOUND('',#12391,.F.);
#12391 = EDGE_LOOP('',(#12392,#12393,#12394,#12395));
#12392 = ORIENTED_EDGE('',*,*,#12218,.T.);
#12393 = ORIENTED_EDGE('',*,*,#11001,.T.);
#12394 = ORIENTED_EDGE('',*,*,#12376,.F.);
#12395 = ORIENTED_EDGE('',*,*,#12154,.F.);
#12396 = PLANE('',#12397);
#12397 = AXIS2_PLACEMENT_3D('',#12398,#12399,#12400);
#12398 = CARTESIAN_POINT('',(3.5,1.225,1.46));
#12399 = DIRECTION('',(0.,-1.,1.110223024625E-16));
#12400 = DIRECTION('',(0.,1.110223024625E-16,1.));
#12401 = ADVANCED_FACE('',(#12402),#12416,.F.);
#12402 = FACE_BOUND('',#12403,.F.);
#12403 = EDGE_LOOP('',(#12404,#12405,#12406,#12407,#12408,#12409,#12410)
  );
#12404 = ORIENTED_EDGE('',*,*,#11832,.T.);
#12405 = ORIENTED_EDGE('',*,*,#11849,.T.);
#12406 = ORIENTED_EDGE('',*,*,#12359,.T.);
#12407 = ORIENTED_EDGE('',*,*,#12335,.T.);
#12408 = ORIENTED_EDGE('',*,*,#11063,.T.);
#12409 = ORIENTED_EDGE('',*,*,#11096,.T.);
#12410 = ORIENTED_EDGE('',*,*,#12411,.T.);
#12411 = EDGE_CURVE('',#11097,#11825,#12412,.T.);
#12412 = LINE('',#12413,#12414);
#12413 = CARTESIAN_POINT('',(3.7,-0.975,1.E-02));
#12414 = VECTOR('',#12415,1.);
#12415 = DIRECTION('',(0.,-1.,-5.782411586589E-18));
#12416 = PLANE('',#12417);
#12417 = AXIS2_PLACEMENT_3D('',#12418,#12419,#12420);
#12418 = CARTESIAN_POINT('',(3.7,-1.843181818182,0.516818181818));
#12419 = DIRECTION('',(-1.,-0.,-0.));
#12420 = DIRECTION('',(0.,0.,-1.));
#12421 = ADVANCED_FACE('',(#12422),#12428,.T.);
#12422 = FACE_BOUND('',#12423,.T.);
#12423 = EDGE_LOOP('',(#12424,#12425,#12426,#12427));
#12424 = ORIENTED_EDGE('',*,*,#11104,.T.);
#12425 = ORIENTED_EDGE('',*,*,#12411,.T.);
#12426 = ORIENTED_EDGE('',*,*,#11824,.F.);
#12427 = ORIENTED_EDGE('',*,*,#11118,.F.);
#12428 = PLANE('',#12429);
#12429 = AXIS2_PLACEMENT_3D('',#12430,#12431,#12432);
#12430 = CARTESIAN_POINT('',(3.5,-0.975,1.E-02));
#12431 = DIRECTION('',(0.,5.782411586589E-18,-1.));
#12432 = DIRECTION('',(0.,-1.,-5.782411586589E-18));
#12433 = ADVANCED_FACE('',(#12434),#12440,.T.);
#12434 = FACE_BOUND('',#12435,.T.);
#12435 = EDGE_LOOP('',(#12436,#12437,#12438,#12439));
#12436 = ORIENTED_EDGE('',*,*,#11183,.T.);
#12437 = ORIENTED_EDGE('',*,*,#11142,.T.);
#12438 = ORIENTED_EDGE('',*,*,#11806,.F.);
#12439 = ORIENTED_EDGE('',*,*,#11792,.F.);
#12440 = PLANE('',#12441);
#12441 = AXIS2_PLACEMENT_3D('',#12442,#12443,#12444);
#12442 = CARTESIAN_POINT('',(-3.7,-0.975,1.E-02));
#12443 = DIRECTION('',(0.,5.782411586589E-18,-1.));
#12444 = DIRECTION('',(0.,-1.,-5.782411586589E-18));
#12445 = ADVANCED_FACE('',(#12446),#12457,.T.);
#12446 = FACE_BOUND('',#12447,.T.);
#12447 = EDGE_LOOP('',(#12448,#12449,#12450,#12456));
#12448 = ORIENTED_EDGE('',*,*,#12320,.T.);
#12449 = ORIENTED_EDGE('',*,*,#11272,.T.);
#12450 = ORIENTED_EDGE('',*,*,#12451,.F.);
#12451 = EDGE_CURVE('',#11216,#11273,#12452,.T.);
#12452 = LINE('',#12453,#12454);
#12453 = CARTESIAN_POINT('',(-2.6,2.475,0.));
#12454 = VECTOR('',#12455,1.);
#12455 = DIRECTION('',(1.,0.,0.));
#12456 = ORIENTED_EDGE('',*,*,#11215,.F.);
#12457 = PLANE('',#12458);
#12458 = AXIS2_PLACEMENT_3D('',#12459,#12460,#12461);
#12459 = CARTESIAN_POINT('',(-2.6,2.475,0.2));
#12460 = DIRECTION('',(0.,1.,0.));
#12461 = DIRECTION('',(0.,0.,-1.));
#12462 = ADVANCED_FACE('',(#12463),#12469,.T.);
#12463 = FACE_BOUND('',#12464,.T.);
#12464 = EDGE_LOOP('',(#12465,#12466,#12467,#12468));
#12465 = ORIENTED_EDGE('',*,*,#12451,.T.);
#12466 = ORIENTED_EDGE('',*,*,#11280,.T.);
#12467 = ORIENTED_EDGE('',*,*,#11237,.F.);
#12468 = ORIENTED_EDGE('',*,*,#11223,.F.);
#12469 = PLANE('',#12470);
#12470 = AXIS2_PLACEMENT_3D('',#12471,#12472,#12473);
#12471 = CARTESIAN_POINT('',(-2.6,2.475,0.));
#12472 = DIRECTION('',(0.,0.,-1.));
#12473 = DIRECTION('',(0.,-1.,0.));
#12474 = ADVANCED_FACE('',(#12475),#12486,.T.);
#12475 = FACE_BOUND('',#12476,.T.);
#12476 = EDGE_LOOP('',(#12477,#12478,#12479,#12485));
#12477 = ORIENTED_EDGE('',*,*,#12303,.T.);
#12478 = ORIENTED_EDGE('',*,*,#11369,.T.);
#12479 = ORIENTED_EDGE('',*,*,#12480,.F.);
#12480 = EDGE_CURVE('',#11313,#11370,#12481,.T.);
#12481 = LINE('',#12482,#12483);
#12482 = CARTESIAN_POINT('',(-1.6,2.475,0.));
#12483 = VECTOR('',#12484,1.);
#12484 = DIRECTION('',(1.,0.,0.));
#12485 = ORIENTED_EDGE('',*,*,#11312,.F.);
#12486 = PLANE('',#12487);
#12487 = AXIS2_PLACEMENT_3D('',#12488,#12489,#12490);
#12488 = CARTESIAN_POINT('',(-1.6,2.475,0.2));
#12489 = DIRECTION('',(0.,1.,0.));
#12490 = DIRECTION('',(0.,0.,-1.));
#12491 = ADVANCED_FACE('',(#12492),#12498,.T.);
#12492 = FACE_BOUND('',#12493,.T.);
#12493 = EDGE_LOOP('',(#12494,#12495,#12496,#12497));
#12494 = ORIENTED_EDGE('',*,*,#12480,.T.);
#12495 = ORIENTED_EDGE('',*,*,#11377,.T.);
#12496 = ORIENTED_EDGE('',*,*,#11334,.F.);
#12497 = ORIENTED_EDGE('',*,*,#11320,.F.);
#12498 = PLANE('',#12499);
#12499 = AXIS2_PLACEMENT_3D('',#12500,#12501,#12502);
#12500 = CARTESIAN_POINT('',(-1.6,2.475,0.));
#12501 = DIRECTION('',(0.,0.,-1.));
#12502 = DIRECTION('',(0.,-1.,0.));
#12503 = ADVANCED_FACE('',(#12504),#12515,.T.);
#12504 = FACE_BOUND('',#12505,.T.);
#12505 = EDGE_LOOP('',(#12506,#12507,#12508,#12514));
#12506 = ORIENTED_EDGE('',*,*,#12286,.T.);
#12507 = ORIENTED_EDGE('',*,*,#11466,.T.);
#12508 = ORIENTED_EDGE('',*,*,#12509,.F.);
#12509 = EDGE_CURVE('',#11410,#11467,#12510,.T.);
#12510 = LINE('',#12511,#12512);
#12511 = CARTESIAN_POINT('',(-0.6,2.475,0.));
#12512 = VECTOR('',#12513,1.);
#12513 = DIRECTION('',(1.,0.,0.));
#12514 = ORIENTED_EDGE('',*,*,#11409,.F.);
#12515 = PLANE('',#12516);
#12516 = AXIS2_PLACEMENT_3D('',#12517,#12518,#12519);
#12517 = CARTESIAN_POINT('',(-0.6,2.475,0.2));
#12518 = DIRECTION('',(0.,1.,0.));
#12519 = DIRECTION('',(0.,0.,-1.));
#12520 = ADVANCED_FACE('',(#12521),#12527,.T.);
#12521 = FACE_BOUND('',#12522,.T.);
#12522 = EDGE_LOOP('',(#12523,#12524,#12525,#12526));
#12523 = ORIENTED_EDGE('',*,*,#12509,.T.);
#12524 = ORIENTED_EDGE('',*,*,#11474,.T.);
#12525 = ORIENTED_EDGE('',*,*,#11431,.F.);
#12526 = ORIENTED_EDGE('',*,*,#11417,.F.);
#12527 = PLANE('',#12528);
#12528 = AXIS2_PLACEMENT_3D('',#12529,#12530,#12531);
#12529 = CARTESIAN_POINT('',(-0.6,2.475,0.));
#12530 = DIRECTION('',(0.,0.,-1.));
#12531 = DIRECTION('',(0.,-1.,0.));
#12532 = ADVANCED_FACE('',(#12533),#12544,.T.);
#12533 = FACE_BOUND('',#12534,.T.);
#12534 = EDGE_LOOP('',(#12535,#12536,#12537,#12543));
#12535 = ORIENTED_EDGE('',*,*,#12269,.T.);
#12536 = ORIENTED_EDGE('',*,*,#11563,.T.);
#12537 = ORIENTED_EDGE('',*,*,#12538,.F.);
#12538 = EDGE_CURVE('',#11507,#11564,#12539,.T.);
#12539 = LINE('',#12540,#12541);
#12540 = CARTESIAN_POINT('',(0.4,2.475,0.));
#12541 = VECTOR('',#12542,1.);
#12542 = DIRECTION('',(1.,0.,0.));
#12543 = ORIENTED_EDGE('',*,*,#11506,.F.);
#12544 = PLANE('',#12545);
#12545 = AXIS2_PLACEMENT_3D('',#12546,#12547,#12548);
#12546 = CARTESIAN_POINT('',(0.4,2.475,0.2));
#12547 = DIRECTION('',(0.,1.,0.));
#12548 = DIRECTION('',(0.,0.,-1.));
#12549 = ADVANCED_FACE('',(#12550),#12556,.T.);
#12550 = FACE_BOUND('',#12551,.T.);
#12551 = EDGE_LOOP('',(#12552,#12553,#12554,#12555));
#12552 = ORIENTED_EDGE('',*,*,#12538,.T.);
#12553 = ORIENTED_EDGE('',*,*,#11571,.T.);
#12554 = ORIENTED_EDGE('',*,*,#11528,.F.);
#12555 = ORIENTED_EDGE('',*,*,#11514,.F.);
#12556 = PLANE('',#12557);
#12557 = AXIS2_PLACEMENT_3D('',#12558,#12559,#12560);
#12558 = CARTESIAN_POINT('',(0.4,2.475,0.));
#12559 = DIRECTION('',(0.,0.,-1.));
#12560 = DIRECTION('',(0.,-1.,0.));
#12561 = ADVANCED_FACE('',(#12562),#12573,.T.);
#12562 = FACE_BOUND('',#12563,.T.);
#12563 = EDGE_LOOP('',(#12564,#12565,#12566,#12572));
#12564 = ORIENTED_EDGE('',*,*,#12252,.T.);
#12565 = ORIENTED_EDGE('',*,*,#11660,.T.);
#12566 = ORIENTED_EDGE('',*,*,#12567,.F.);
#12567 = EDGE_CURVE('',#11604,#11661,#12568,.T.);
#12568 = LINE('',#12569,#12570);
#12569 = CARTESIAN_POINT('',(1.4,2.475,0.));
#12570 = VECTOR('',#12571,1.);
#12571 = DIRECTION('',(1.,0.,0.));
#12572 = ORIENTED_EDGE('',*,*,#11603,.F.);
#12573 = PLANE('',#12574);
#12574 = AXIS2_PLACEMENT_3D('',#12575,#12576,#12577);
#12575 = CARTESIAN_POINT('',(1.4,2.475,0.2));
#12576 = DIRECTION('',(0.,1.,0.));
#12577 = DIRECTION('',(0.,0.,-1.));
#12578 = ADVANCED_FACE('',(#12579),#12585,.T.);
#12579 = FACE_BOUND('',#12580,.T.);
#12580 = EDGE_LOOP('',(#12581,#12582,#12583,#12584));
#12581 = ORIENTED_EDGE('',*,*,#12567,.T.);
#12582 = ORIENTED_EDGE('',*,*,#11668,.T.);
#12583 = ORIENTED_EDGE('',*,*,#11625,.F.);
#12584 = ORIENTED_EDGE('',*,*,#11611,.F.);
#12585 = PLANE('',#12586);
#12586 = AXIS2_PLACEMENT_3D('',#12587,#12588,#12589);
#12587 = CARTESIAN_POINT('',(1.4,2.475,0.));
#12588 = DIRECTION('',(0.,0.,-1.));
#12589 = DIRECTION('',(0.,-1.,0.));
#12590 = ADVANCED_FACE('',(#12591),#12602,.T.);
#12591 = FACE_BOUND('',#12592,.T.);
#12592 = EDGE_LOOP('',(#12593,#12594,#12595,#12601));
#12593 = ORIENTED_EDGE('',*,*,#12235,.T.);
#12594 = ORIENTED_EDGE('',*,*,#11757,.T.);
#12595 = ORIENTED_EDGE('',*,*,#12596,.F.);
#12596 = EDGE_CURVE('',#11701,#11758,#12597,.T.);
#12597 = LINE('',#12598,#12599);
#12598 = CARTESIAN_POINT('',(2.4,2.475,0.));
#12599 = VECTOR('',#12600,1.);
#12600 = DIRECTION('',(1.,0.,0.));
#12601 = ORIENTED_EDGE('',*,*,#11700,.F.);
#12602 = PLANE('',#12603);
#12603 = AXIS2_PLACEMENT_3D('',#12604,#12605,#12606);
#12604 = CARTESIAN_POINT('',(2.4,2.475,0.2));
#12605 = DIRECTION('',(0.,1.,0.));
#12606 = DIRECTION('',(0.,0.,-1.));
#12607 = ADVANCED_FACE('',(#12608),#12614,.T.);
#12608 = FACE_BOUND('',#12609,.T.);
#12609 = EDGE_LOOP('',(#12610,#12611,#12612,#12613));
#12610 = ORIENTED_EDGE('',*,*,#12596,.T.);
#12611 = ORIENTED_EDGE('',*,*,#11765,.T.);
#12612 = ORIENTED_EDGE('',*,*,#11722,.F.);
#12613 = ORIENTED_EDGE('',*,*,#11708,.F.);
#12614 = PLANE('',#12615);
#12615 = AXIS2_PLACEMENT_3D('',#12616,#12617,#12618);
#12616 = CARTESIAN_POINT('',(2.4,2.475,0.));
#12617 = DIRECTION('',(0.,0.,-1.));
#12618 = DIRECTION('',(0.,-1.,0.));
#12619 = ADVANCED_FACE('',(#12620),#12626,.T.);
#12620 = FACE_BOUND('',#12621,.T.);
#12621 = EDGE_LOOP('',(#12622,#12623,#12624,#12625));
#12622 = ORIENTED_EDGE('',*,*,#11929,.T.);
#12623 = ORIENTED_EDGE('',*,*,#11952,.T.);
#12624 = ORIENTED_EDGE('',*,*,#11977,.T.);
#12625 = ORIENTED_EDGE('',*,*,#11905,.T.);
#12626 = PLANE('',#12627);
#12627 = AXIS2_PLACEMENT_3D('',#12628,#12629,#12630);
#12628 = CARTESIAN_POINT('',(5.767392335715E-16,-7.5E-02,1.76));
#12629 = DIRECTION('',(0.,-1.,1.110223024625E-16));
#12630 = DIRECTION('',(1.,0.,0.));
#12631 = ADVANCED_FACE('',(#12632,#12638,#12672,#12706,#12740,#12774,
    #12808),#12842,.T.);
#12632 = FACE_BOUND('',#12633,.T.);
#12633 = EDGE_LOOP('',(#12634,#12635,#12636,#12637));
#12634 = ORIENTED_EDGE('',*,*,#11882,.T.);
#12635 = ORIENTED_EDGE('',*,*,#11993,.T.);
#12636 = ORIENTED_EDGE('',*,*,#12018,.T.);
#12637 = ORIENTED_EDGE('',*,*,#12129,.T.);
#12638 = FACE_BOUND('',#12639,.T.);
#12639 = EDGE_LOOP('',(#12640,#12650,#12658,#12666));
#12640 = ORIENTED_EDGE('',*,*,#12641,.F.);
#12641 = EDGE_CURVE('',#12642,#12644,#12646,.T.);
#12642 = VERTEX_POINT('',#12643);
#12643 = CARTESIAN_POINT('',(-2.6,0.525,1.66));
#12644 = VERTEX_POINT('',#12645);
#12645 = CARTESIAN_POINT('',(-2.4,0.525,1.66));
#12646 = LINE('',#12647,#12648);
#12647 = CARTESIAN_POINT('',(-2.6,0.525,1.66));
#12648 = VECTOR('',#12649,1.);
#12649 = DIRECTION('',(1.,0.,0.));
#12650 = ORIENTED_EDGE('',*,*,#12651,.F.);
#12651 = EDGE_CURVE('',#12652,#12642,#12654,.T.);
#12652 = VERTEX_POINT('',#12653);
#12653 = CARTESIAN_POINT('',(-2.6,0.525,2.14));
#12654 = LINE('',#12655,#12656);
#12655 = CARTESIAN_POINT('',(-2.6,0.525,2.14));
#12656 = VECTOR('',#12657,1.);
#12657 = DIRECTION('',(0.,0.,-1.));
#12658 = ORIENTED_EDGE('',*,*,#12659,.T.);
#12659 = EDGE_CURVE('',#12652,#12660,#12662,.T.);
#12660 = VERTEX_POINT('',#12661);
#12661 = CARTESIAN_POINT('',(-2.4,0.525,2.14));
#12662 = LINE('',#12663,#12664);
#12663 = CARTESIAN_POINT('',(-2.6,0.525,2.14));
#12664 = VECTOR('',#12665,1.);
#12665 = DIRECTION('',(1.,0.,0.));
#12666 = ORIENTED_EDGE('',*,*,#12667,.T.);
#12667 = EDGE_CURVE('',#12660,#12644,#12668,.T.);
#12668 = LINE('',#12669,#12670);
#12669 = CARTESIAN_POINT('',(-2.4,0.525,2.14));
#12670 = VECTOR('',#12671,1.);
#12671 = DIRECTION('',(0.,0.,-1.));
#12672 = FACE_BOUND('',#12673,.T.);
#12673 = EDGE_LOOP('',(#12674,#12684,#12692,#12700));
#12674 = ORIENTED_EDGE('',*,*,#12675,.F.);
#12675 = EDGE_CURVE('',#12676,#12678,#12680,.T.);
#12676 = VERTEX_POINT('',#12677);
#12677 = CARTESIAN_POINT('',(-1.6,0.525,2.14));
#12678 = VERTEX_POINT('',#12679);
#12679 = CARTESIAN_POINT('',(-1.6,0.525,1.66));
#12680 = LINE('',#12681,#12682);
#12681 = CARTESIAN_POINT('',(-1.6,0.525,2.14));
#12682 = VECTOR('',#12683,1.);
#12683 = DIRECTION('',(0.,0.,-1.));
#12684 = ORIENTED_EDGE('',*,*,#12685,.T.);
#12685 = EDGE_CURVE('',#12676,#12686,#12688,.T.);
#12686 = VERTEX_POINT('',#12687);
#12687 = CARTESIAN_POINT('',(-1.4,0.525,2.14));
#12688 = LINE('',#12689,#12690);
#12689 = CARTESIAN_POINT('',(-1.6,0.525,2.14));
#12690 = VECTOR('',#12691,1.);
#12691 = DIRECTION('',(1.,0.,0.));
#12692 = ORIENTED_EDGE('',*,*,#12693,.T.);
#12693 = EDGE_CURVE('',#12686,#12694,#12696,.T.);
#12694 = VERTEX_POINT('',#12695);
#12695 = CARTESIAN_POINT('',(-1.4,0.525,1.66));
#12696 = LINE('',#12697,#12698);
#12697 = CARTESIAN_POINT('',(-1.4,0.525,2.14));
#12698 = VECTOR('',#12699,1.);
#12699 = DIRECTION('',(0.,0.,-1.));
#12700 = ORIENTED_EDGE('',*,*,#12701,.F.);
#12701 = EDGE_CURVE('',#12678,#12694,#12702,.T.);
#12702 = LINE('',#12703,#12704);
#12703 = CARTESIAN_POINT('',(-1.6,0.525,1.66));
#12704 = VECTOR('',#12705,1.);
#12705 = DIRECTION('',(1.,0.,0.));
#12706 = FACE_BOUND('',#12707,.T.);
#12707 = EDGE_LOOP('',(#12708,#12718,#12726,#12734));
#12708 = ORIENTED_EDGE('',*,*,#12709,.F.);
#12709 = EDGE_CURVE('',#12710,#12712,#12714,.T.);
#12710 = VERTEX_POINT('',#12711);
#12711 = CARTESIAN_POINT('',(-0.6,0.525,2.14));
#12712 = VERTEX_POINT('',#12713);
#12713 = CARTESIAN_POINT('',(-0.6,0.525,1.66));
#12714 = LINE('',#12715,#12716);
#12715 = CARTESIAN_POINT('',(-0.6,0.525,2.14));
#12716 = VECTOR('',#12717,1.);
#12717 = DIRECTION('',(0.,0.,-1.));
#12718 = ORIENTED_EDGE('',*,*,#12719,.T.);
#12719 = EDGE_CURVE('',#12710,#12720,#12722,.T.);
#12720 = VERTEX_POINT('',#12721);
#12721 = CARTESIAN_POINT('',(-0.4,0.525,2.14));
#12722 = LINE('',#12723,#12724);
#12723 = CARTESIAN_POINT('',(-0.6,0.525,2.14));
#12724 = VECTOR('',#12725,1.);
#12725 = DIRECTION('',(1.,0.,0.));
#12726 = ORIENTED_EDGE('',*,*,#12727,.T.);
#12727 = EDGE_CURVE('',#12720,#12728,#12730,.T.);
#12728 = VERTEX_POINT('',#12729);
#12729 = CARTESIAN_POINT('',(-0.4,0.525,1.66));
#12730 = LINE('',#12731,#12732);
#12731 = CARTESIAN_POINT('',(-0.4,0.525,2.14));
#12732 = VECTOR('',#12733,1.);
#12733 = DIRECTION('',(0.,0.,-1.));
#12734 = ORIENTED_EDGE('',*,*,#12735,.F.);
#12735 = EDGE_CURVE('',#12712,#12728,#12736,.T.);
#12736 = LINE('',#12737,#12738);
#12737 = CARTESIAN_POINT('',(-0.6,0.525,1.66));
#12738 = VECTOR('',#12739,1.);
#12739 = DIRECTION('',(1.,0.,0.));
#12740 = FACE_BOUND('',#12741,.T.);
#12741 = EDGE_LOOP('',(#12742,#12752,#12760,#12768));
#12742 = ORIENTED_EDGE('',*,*,#12743,.F.);
#12743 = EDGE_CURVE('',#12744,#12746,#12748,.T.);
#12744 = VERTEX_POINT('',#12745);
#12745 = CARTESIAN_POINT('',(0.4,0.525,2.14));
#12746 = VERTEX_POINT('',#12747);
#12747 = CARTESIAN_POINT('',(0.4,0.525,1.66));
#12748 = LINE('',#12749,#12750);
#12749 = CARTESIAN_POINT('',(0.4,0.525,2.14));
#12750 = VECTOR('',#12751,1.);
#12751 = DIRECTION('',(0.,0.,-1.));
#12752 = ORIENTED_EDGE('',*,*,#12753,.T.);
#12753 = EDGE_CURVE('',#12744,#12754,#12756,.T.);
#12754 = VERTEX_POINT('',#12755);
#12755 = CARTESIAN_POINT('',(0.6,0.525,2.14));
#12756 = LINE('',#12757,#12758);
#12757 = CARTESIAN_POINT('',(0.4,0.525,2.14));
#12758 = VECTOR('',#12759,1.);
#12759 = DIRECTION('',(1.,0.,0.));
#12760 = ORIENTED_EDGE('',*,*,#12761,.T.);
#12761 = EDGE_CURVE('',#12754,#12762,#12764,.T.);
#12762 = VERTEX_POINT('',#12763);
#12763 = CARTESIAN_POINT('',(0.6,0.525,1.66));
#12764 = LINE('',#12765,#12766);
#12765 = CARTESIAN_POINT('',(0.6,0.525,2.14));
#12766 = VECTOR('',#12767,1.);
#12767 = DIRECTION('',(0.,0.,-1.));
#12768 = ORIENTED_EDGE('',*,*,#12769,.F.);
#12769 = EDGE_CURVE('',#12746,#12762,#12770,.T.);
#12770 = LINE('',#12771,#12772);
#12771 = CARTESIAN_POINT('',(0.4,0.525,1.66));
#12772 = VECTOR('',#12773,1.);
#12773 = DIRECTION('',(1.,0.,0.));
#12774 = FACE_BOUND('',#12775,.T.);
#12775 = EDGE_LOOP('',(#12776,#12786,#12794,#12802));
#12776 = ORIENTED_EDGE('',*,*,#12777,.F.);
#12777 = EDGE_CURVE('',#12778,#12780,#12782,.T.);
#12778 = VERTEX_POINT('',#12779);
#12779 = CARTESIAN_POINT('',(1.4,0.525,2.14));
#12780 = VERTEX_POINT('',#12781);
#12781 = CARTESIAN_POINT('',(1.4,0.525,1.66));
#12782 = LINE('',#12783,#12784);
#12783 = CARTESIAN_POINT('',(1.4,0.525,2.14));
#12784 = VECTOR('',#12785,1.);
#12785 = DIRECTION('',(0.,0.,-1.));
#12786 = ORIENTED_EDGE('',*,*,#12787,.T.);
#12787 = EDGE_CURVE('',#12778,#12788,#12790,.T.);
#12788 = VERTEX_POINT('',#12789);
#12789 = CARTESIAN_POINT('',(1.6,0.525,2.14));
#12790 = LINE('',#12791,#12792);
#12791 = CARTESIAN_POINT('',(1.4,0.525,2.14));
#12792 = VECTOR('',#12793,1.);
#12793 = DIRECTION('',(1.,0.,0.));
#12794 = ORIENTED_EDGE('',*,*,#12795,.T.);
#12795 = EDGE_CURVE('',#12788,#12796,#12798,.T.);
#12796 = VERTEX_POINT('',#12797);
#12797 = CARTESIAN_POINT('',(1.6,0.525,1.66));
#12798 = LINE('',#12799,#12800);
#12799 = CARTESIAN_POINT('',(1.6,0.525,2.14));
#12800 = VECTOR('',#12801,1.);
#12801 = DIRECTION('',(0.,0.,-1.));
#12802 = ORIENTED_EDGE('',*,*,#12803,.F.);
#12803 = EDGE_CURVE('',#12780,#12796,#12804,.T.);
#12804 = LINE('',#12805,#12806);
#12805 = CARTESIAN_POINT('',(1.4,0.525,1.66));
#12806 = VECTOR('',#12807,1.);
#12807 = DIRECTION('',(1.,0.,0.));
#12808 = FACE_BOUND('',#12809,.T.);
#12809 = EDGE_LOOP('',(#12810,#12820,#12828,#12836));
#12810 = ORIENTED_EDGE('',*,*,#12811,.F.);
#12811 = EDGE_CURVE('',#12812,#12814,#12816,.T.);
#12812 = VERTEX_POINT('',#12813);
#12813 = CARTESIAN_POINT('',(2.4,0.525,2.14));
#12814 = VERTEX_POINT('',#12815);
#12815 = CARTESIAN_POINT('',(2.4,0.525,1.66));
#12816 = LINE('',#12817,#12818);
#12817 = CARTESIAN_POINT('',(2.4,0.525,2.14));
#12818 = VECTOR('',#12819,1.);
#12819 = DIRECTION('',(0.,0.,-1.));
#12820 = ORIENTED_EDGE('',*,*,#12821,.T.);
#12821 = EDGE_CURVE('',#12812,#12822,#12824,.T.);
#12822 = VERTEX_POINT('',#12823);
#12823 = CARTESIAN_POINT('',(2.6,0.525,2.14));
#12824 = LINE('',#12825,#12826);
#12825 = CARTESIAN_POINT('',(2.4,0.525,2.14));
#12826 = VECTOR('',#12827,1.);
#12827 = DIRECTION('',(1.,0.,0.));
#12828 = ORIENTED_EDGE('',*,*,#12829,.T.);
#12829 = EDGE_CURVE('',#12822,#12830,#12832,.T.);
#12830 = VERTEX_POINT('',#12831);
#12831 = CARTESIAN_POINT('',(2.6,0.525,1.66));
#12832 = LINE('',#12833,#12834);
#12833 = CARTESIAN_POINT('',(2.6,0.525,2.14));
#12834 = VECTOR('',#12835,1.);
#12835 = DIRECTION('',(0.,0.,-1.));
#12836 = ORIENTED_EDGE('',*,*,#12837,.F.);
#12837 = EDGE_CURVE('',#12814,#12830,#12838,.T.);
#12838 = LINE('',#12839,#12840);
#12839 = CARTESIAN_POINT('',(2.4,0.525,1.66));
#12840 = VECTOR('',#12841,1.);
#12841 = DIRECTION('',(1.,0.,0.));
#12842 = PLANE('',#12843);
#12843 = AXIS2_PLACEMENT_3D('',#12844,#12845,#12846);
#12844 = CARTESIAN_POINT('',(-1.044915787883E-16,0.525,1.51));
#12845 = DIRECTION('',(0.,-1.,1.110223024625E-16));
#12846 = DIRECTION('',(1.,0.,0.));
#12847 = ADVANCED_FACE('',(#12848),#12854,.T.);
#12848 = FACE_BOUND('',#12849,.T.);
#12849 = EDGE_LOOP('',(#12850,#12851,#12852,#12853));
#12850 = ORIENTED_EDGE('',*,*,#12113,.T.);
#12851 = ORIENTED_EDGE('',*,*,#12041,.T.);
#12852 = ORIENTED_EDGE('',*,*,#12065,.T.);
#12853 = ORIENTED_EDGE('',*,*,#12088,.T.);
#12854 = PLANE('',#12855);
#12855 = AXIS2_PLACEMENT_3D('',#12856,#12857,#12858);
#12856 = CARTESIAN_POINT('',(5.767392335715E-16,-7.5E-02,1.76));
#12857 = DIRECTION('',(0.,-1.,1.110223024625E-16));
#12858 = DIRECTION('',(1.,0.,0.));
#12859 = ADVANCED_FACE('',(#12860),#12885,.T.);
#12860 = FACE_BOUND('',#12861,.T.);
#12861 = EDGE_LOOP('',(#12862,#12863,#12871,#12879));
#12862 = ORIENTED_EDGE('',*,*,#12641,.T.);
#12863 = ORIENTED_EDGE('',*,*,#12864,.T.);
#12864 = EDGE_CURVE('',#12644,#12865,#12867,.T.);
#12865 = VERTEX_POINT('',#12866);
#12866 = CARTESIAN_POINT('',(-2.4,-1.225,1.79));
#12867 = LINE('',#12868,#12869);
#12868 = CARTESIAN_POINT('',(-2.4,0.525,1.66));
#12869 = VECTOR('',#12870,1.);
#12870 = DIRECTION('',(0.,-0.997252183706,7.408159078957E-02));
#12871 = ORIENTED_EDGE('',*,*,#12872,.F.);
#12872 = EDGE_CURVE('',#12873,#12865,#12875,.T.);
#12873 = VERTEX_POINT('',#12874);
#12874 = CARTESIAN_POINT('',(-2.6,-1.225,1.79));
#12875 = LINE('',#12876,#12877);
#12876 = CARTESIAN_POINT('',(-2.6,-1.225,1.79));
#12877 = VECTOR('',#12878,1.);
#12878 = DIRECTION('',(1.,0.,0.));
#12879 = ORIENTED_EDGE('',*,*,#12880,.F.);
#12880 = EDGE_CURVE('',#12642,#12873,#12881,.T.);
#12881 = LINE('',#12882,#12883);
#12882 = CARTESIAN_POINT('',(-2.6,0.525,1.66));
#12883 = VECTOR('',#12884,1.);
#12884 = DIRECTION('',(0.,-0.997252183706,7.408159078957E-02));
#12885 = PLANE('',#12886);
#12886 = AXIS2_PLACEMENT_3D('',#12887,#12888,#12889);
#12887 = CARTESIAN_POINT('',(-2.6,0.525,1.66));
#12888 = DIRECTION('',(0.,-7.408159078957E-02,-0.997252183706));
#12889 = DIRECTION('',(0.,-0.997252183706,7.408159078957E-02));
#12890 = ADVANCED_FACE('',(#12891),#12909,.F.);
#12891 = FACE_BOUND('',#12892,.F.);
#12892 = EDGE_LOOP('',(#12893,#12901,#12907,#12908));
#12893 = ORIENTED_EDGE('',*,*,#12894,.T.);
#12894 = EDGE_CURVE('',#12865,#12895,#12897,.T.);
#12895 = VERTEX_POINT('',#12896);
#12896 = CARTESIAN_POINT('',(-2.4,-1.225,2.14));
#12897 = LINE('',#12898,#12899);
#12898 = CARTESIAN_POINT('',(-2.4,-1.225,1.79));
#12899 = VECTOR('',#12900,1.);
#12900 = DIRECTION('',(0.,0.,1.));
#12901 = ORIENTED_EDGE('',*,*,#12902,.T.);
#12902 = EDGE_CURVE('',#12895,#12660,#12903,.T.);
#12903 = LINE('',#12904,#12905);
#12904 = CARTESIAN_POINT('',(-2.4,-1.225,2.14));
#12905 = VECTOR('',#12906,1.);
#12906 = DIRECTION('',(0.,1.,0.));
#12907 = ORIENTED_EDGE('',*,*,#12667,.T.);
#12908 = ORIENTED_EDGE('',*,*,#12864,.T.);
#12909 = PLANE('',#12910);
#12910 = AXIS2_PLACEMENT_3D('',#12911,#12912,#12913);
#12911 = CARTESIAN_POINT('',(-2.4,-0.323759014354,1.931294517928));
#12912 = DIRECTION('',(-1.,-0.,-0.));
#12913 = DIRECTION('',(0.,0.,-1.));
#12914 = ADVANCED_FACE('',(#12915),#12933,.T.);
#12915 = FACE_BOUND('',#12916,.T.);
#12916 = EDGE_LOOP('',(#12917,#12925,#12926,#12927));
#12917 = ORIENTED_EDGE('',*,*,#12918,.T.);
#12918 = EDGE_CURVE('',#12919,#12895,#12921,.T.);
#12919 = VERTEX_POINT('',#12920);
#12920 = CARTESIAN_POINT('',(-2.6,-1.225,2.14));
#12921 = LINE('',#12922,#12923);
#12922 = CARTESIAN_POINT('',(-2.6,-1.225,2.14));
#12923 = VECTOR('',#12924,1.);
#12924 = DIRECTION('',(1.,0.,0.));
#12925 = ORIENTED_EDGE('',*,*,#12902,.T.);
#12926 = ORIENTED_EDGE('',*,*,#12659,.F.);
#12927 = ORIENTED_EDGE('',*,*,#12928,.F.);
#12928 = EDGE_CURVE('',#12919,#12652,#12929,.T.);
#12929 = LINE('',#12930,#12931);
#12930 = CARTESIAN_POINT('',(-2.6,-1.225,2.14));
#12931 = VECTOR('',#12932,1.);
#12932 = DIRECTION('',(0.,1.,0.));
#12933 = PLANE('',#12934);
#12934 = AXIS2_PLACEMENT_3D('',#12935,#12936,#12937);
#12935 = CARTESIAN_POINT('',(-2.6,-1.225,2.14));
#12936 = DIRECTION('',(0.,0.,1.));
#12937 = DIRECTION('',(0.,1.,0.));
#12938 = ADVANCED_FACE('',(#12939),#12950,.T.);
#12939 = FACE_BOUND('',#12940,.T.);
#12940 = EDGE_LOOP('',(#12941,#12947,#12948,#12949));
#12941 = ORIENTED_EDGE('',*,*,#12942,.T.);
#12942 = EDGE_CURVE('',#12873,#12919,#12943,.T.);
#12943 = LINE('',#12944,#12945);
#12944 = CARTESIAN_POINT('',(-2.6,-1.225,1.79));
#12945 = VECTOR('',#12946,1.);
#12946 = DIRECTION('',(0.,0.,1.));
#12947 = ORIENTED_EDGE('',*,*,#12928,.T.);
#12948 = ORIENTED_EDGE('',*,*,#12651,.T.);
#12949 = ORIENTED_EDGE('',*,*,#12880,.T.);
#12950 = PLANE('',#12951);
#12951 = AXIS2_PLACEMENT_3D('',#12952,#12953,#12954);
#12952 = CARTESIAN_POINT('',(-2.6,-0.323759014354,1.931294517928));
#12953 = DIRECTION('',(-1.,-0.,-0.));
#12954 = DIRECTION('',(0.,0.,-1.));
#12955 = ADVANCED_FACE('',(#12956),#12981,.T.);
#12956 = FACE_BOUND('',#12957,.T.);
#12957 = EDGE_LOOP('',(#12958,#12968,#12974,#12975));
#12958 = ORIENTED_EDGE('',*,*,#12959,.T.);
#12959 = EDGE_CURVE('',#12960,#12962,#12964,.T.);
#12960 = VERTEX_POINT('',#12961);
#12961 = CARTESIAN_POINT('',(-1.6,-1.225,1.79));
#12962 = VERTEX_POINT('',#12963);
#12963 = CARTESIAN_POINT('',(-1.6,-1.225,2.14));
#12964 = LINE('',#12965,#12966);
#12965 = CARTESIAN_POINT('',(-1.6,-1.225,1.79));
#12966 = VECTOR('',#12967,1.);
#12967 = DIRECTION('',(0.,0.,1.));
#12968 = ORIENTED_EDGE('',*,*,#12969,.T.);
#12969 = EDGE_CURVE('',#12962,#12676,#12970,.T.);
#12970 = LINE('',#12971,#12972);
#12971 = CARTESIAN_POINT('',(-1.6,-1.225,2.14));
#12972 = VECTOR('',#12973,1.);
#12973 = DIRECTION('',(0.,1.,0.));
#12974 = ORIENTED_EDGE('',*,*,#12675,.T.);
#12975 = ORIENTED_EDGE('',*,*,#12976,.T.);
#12976 = EDGE_CURVE('',#12678,#12960,#12977,.T.);
#12977 = LINE('',#12978,#12979);
#12978 = CARTESIAN_POINT('',(-1.6,0.525,1.66));
#12979 = VECTOR('',#12980,1.);
#12980 = DIRECTION('',(0.,-0.997252183706,7.408159078957E-02));
#12981 = PLANE('',#12982);
#12982 = AXIS2_PLACEMENT_3D('',#12983,#12984,#12985);
#12983 = CARTESIAN_POINT('',(-1.6,-0.323759014354,1.931294517928));
#12984 = DIRECTION('',(-1.,-0.,-0.));
#12985 = DIRECTION('',(0.,0.,-1.));
#12986 = ADVANCED_FACE('',(#12987),#13005,.T.);
#12987 = FACE_BOUND('',#12988,.T.);
#12988 = EDGE_LOOP('',(#12989,#12990,#12998,#13004));
#12989 = ORIENTED_EDGE('',*,*,#12701,.T.);
#12990 = ORIENTED_EDGE('',*,*,#12991,.T.);
#12991 = EDGE_CURVE('',#12694,#12992,#12994,.T.);
#12992 = VERTEX_POINT('',#12993);
#12993 = CARTESIAN_POINT('',(-1.4,-1.225,1.79));
#12994 = LINE('',#12995,#12996);
#12995 = CARTESIAN_POINT('',(-1.4,0.525,1.66));
#12996 = VECTOR('',#12997,1.);
#12997 = DIRECTION('',(0.,-0.997252183706,7.408159078957E-02));
#12998 = ORIENTED_EDGE('',*,*,#12999,.F.);
#12999 = EDGE_CURVE('',#12960,#12992,#13000,.T.);
#13000 = LINE('',#13001,#13002);
#13001 = CARTESIAN_POINT('',(-1.6,-1.225,1.79));
#13002 = VECTOR('',#13003,1.);
#13003 = DIRECTION('',(1.,0.,0.));
#13004 = ORIENTED_EDGE('',*,*,#12976,.F.);
#13005 = PLANE('',#13006);
#13006 = AXIS2_PLACEMENT_3D('',#13007,#13008,#13009);
#13007 = CARTESIAN_POINT('',(-1.6,0.525,1.66));
#13008 = DIRECTION('',(0.,-7.408159078957E-02,-0.997252183706));
#13009 = DIRECTION('',(0.,-0.997252183706,7.408159078957E-02));
#13010 = ADVANCED_FACE('',(#13011),#13029,.F.);
#13011 = FACE_BOUND('',#13012,.F.);
#13012 = EDGE_LOOP('',(#13013,#13021,#13027,#13028));
#13013 = ORIENTED_EDGE('',*,*,#13014,.T.);
#13014 = EDGE_CURVE('',#12992,#13015,#13017,.T.);
#13015 = VERTEX_POINT('',#13016);
#13016 = CARTESIAN_POINT('',(-1.4,-1.225,2.14));
#13017 = LINE('',#13018,#13019);
#13018 = CARTESIAN_POINT('',(-1.4,-1.225,1.79));
#13019 = VECTOR('',#13020,1.);
#13020 = DIRECTION('',(0.,0.,1.));
#13021 = ORIENTED_EDGE('',*,*,#13022,.T.);
#13022 = EDGE_CURVE('',#13015,#12686,#13023,.T.);
#13023 = LINE('',#13024,#13025);
#13024 = CARTESIAN_POINT('',(-1.4,-1.225,2.14));
#13025 = VECTOR('',#13026,1.);
#13026 = DIRECTION('',(0.,1.,0.));
#13027 = ORIENTED_EDGE('',*,*,#12693,.T.);
#13028 = ORIENTED_EDGE('',*,*,#12991,.T.);
#13029 = PLANE('',#13030);
#13030 = AXIS2_PLACEMENT_3D('',#13031,#13032,#13033);
#13031 = CARTESIAN_POINT('',(-1.4,-0.323759014354,1.931294517928));
#13032 = DIRECTION('',(-1.,-0.,-0.));
#13033 = DIRECTION('',(0.,0.,-1.));
#13034 = ADVANCED_FACE('',(#13035),#13046,.T.);
#13035 = FACE_BOUND('',#13036,.T.);
#13036 = EDGE_LOOP('',(#13037,#13043,#13044,#13045));
#13037 = ORIENTED_EDGE('',*,*,#13038,.T.);
#13038 = EDGE_CURVE('',#12962,#13015,#13039,.T.);
#13039 = LINE('',#13040,#13041);
#13040 = CARTESIAN_POINT('',(-1.6,-1.225,2.14));
#13041 = VECTOR('',#13042,1.);
#13042 = DIRECTION('',(1.,0.,0.));
#13043 = ORIENTED_EDGE('',*,*,#13022,.T.);
#13044 = ORIENTED_EDGE('',*,*,#12685,.F.);
#13045 = ORIENTED_EDGE('',*,*,#12969,.F.);
#13046 = PLANE('',#13047);
#13047 = AXIS2_PLACEMENT_3D('',#13048,#13049,#13050);
#13048 = CARTESIAN_POINT('',(-1.6,-1.225,2.14));
#13049 = DIRECTION('',(0.,0.,1.));
#13050 = DIRECTION('',(0.,1.,0.));
#13051 = ADVANCED_FACE('',(#13052),#13077,.T.);
#13052 = FACE_BOUND('',#13053,.T.);
#13053 = EDGE_LOOP('',(#13054,#13064,#13070,#13071));
#13054 = ORIENTED_EDGE('',*,*,#13055,.T.);
#13055 = EDGE_CURVE('',#13056,#13058,#13060,.T.);
#13056 = VERTEX_POINT('',#13057);
#13057 = CARTESIAN_POINT('',(-0.6,-1.225,1.79));
#13058 = VERTEX_POINT('',#13059);
#13059 = CARTESIAN_POINT('',(-0.6,-1.225,2.14));
#13060 = LINE('',#13061,#13062);
#13061 = CARTESIAN_POINT('',(-0.6,-1.225,1.79));
#13062 = VECTOR('',#13063,1.);
#13063 = DIRECTION('',(0.,0.,1.));
#13064 = ORIENTED_EDGE('',*,*,#13065,.T.);
#13065 = EDGE_CURVE('',#13058,#12710,#13066,.T.);
#13066 = LINE('',#13067,#13068);
#13067 = CARTESIAN_POINT('',(-0.6,-1.225,2.14));
#13068 = VECTOR('',#13069,1.);
#13069 = DIRECTION('',(0.,1.,0.));
#13070 = ORIENTED_EDGE('',*,*,#12709,.T.);
#13071 = ORIENTED_EDGE('',*,*,#13072,.T.);
#13072 = EDGE_CURVE('',#12712,#13056,#13073,.T.);
#13073 = LINE('',#13074,#13075);
#13074 = CARTESIAN_POINT('',(-0.6,0.525,1.66));
#13075 = VECTOR('',#13076,1.);
#13076 = DIRECTION('',(0.,-0.997252183706,7.408159078957E-02));
#13077 = PLANE('',#13078);
#13078 = AXIS2_PLACEMENT_3D('',#13079,#13080,#13081);
#13079 = CARTESIAN_POINT('',(-0.6,-0.323759014354,1.931294517928));
#13080 = DIRECTION('',(-1.,-0.,-0.));
#13081 = DIRECTION('',(0.,0.,-1.));
#13082 = ADVANCED_FACE('',(#13083),#13101,.T.);
#13083 = FACE_BOUND('',#13084,.T.);
#13084 = EDGE_LOOP('',(#13085,#13086,#13094,#13100));
#13085 = ORIENTED_EDGE('',*,*,#12735,.T.);
#13086 = ORIENTED_EDGE('',*,*,#13087,.T.);
#13087 = EDGE_CURVE('',#12728,#13088,#13090,.T.);
#13088 = VERTEX_POINT('',#13089);
#13089 = CARTESIAN_POINT('',(-0.4,-1.225,1.79));
#13090 = LINE('',#13091,#13092);
#13091 = CARTESIAN_POINT('',(-0.4,0.525,1.66));
#13092 = VECTOR('',#13093,1.);
#13093 = DIRECTION('',(0.,-0.997252183706,7.408159078957E-02));
#13094 = ORIENTED_EDGE('',*,*,#13095,.F.);
#13095 = EDGE_CURVE('',#13056,#13088,#13096,.T.);
#13096 = LINE('',#13097,#13098);
#13097 = CARTESIAN_POINT('',(-0.6,-1.225,1.79));
#13098 = VECTOR('',#13099,1.);
#13099 = DIRECTION('',(1.,0.,0.));
#13100 = ORIENTED_EDGE('',*,*,#13072,.F.);
#13101 = PLANE('',#13102);
#13102 = AXIS2_PLACEMENT_3D('',#13103,#13104,#13105);
#13103 = CARTESIAN_POINT('',(-0.6,0.525,1.66));
#13104 = DIRECTION('',(0.,-7.408159078957E-02,-0.997252183706));
#13105 = DIRECTION('',(0.,-0.997252183706,7.408159078957E-02));
#13106 = ADVANCED_FACE('',(#13107),#13125,.F.);
#13107 = FACE_BOUND('',#13108,.F.);
#13108 = EDGE_LOOP('',(#13109,#13117,#13123,#13124));
#13109 = ORIENTED_EDGE('',*,*,#13110,.T.);
#13110 = EDGE_CURVE('',#13088,#13111,#13113,.T.);
#13111 = VERTEX_POINT('',#13112);
#13112 = CARTESIAN_POINT('',(-0.4,-1.225,2.14));
#13113 = LINE('',#13114,#13115);
#13114 = CARTESIAN_POINT('',(-0.4,-1.225,1.79));
#13115 = VECTOR('',#13116,1.);
#13116 = DIRECTION('',(0.,0.,1.));
#13117 = ORIENTED_EDGE('',*,*,#13118,.T.);
#13118 = EDGE_CURVE('',#13111,#12720,#13119,.T.);
#13119 = LINE('',#13120,#13121);
#13120 = CARTESIAN_POINT('',(-0.4,-1.225,2.14));
#13121 = VECTOR('',#13122,1.);
#13122 = DIRECTION('',(0.,1.,0.));
#13123 = ORIENTED_EDGE('',*,*,#12727,.T.);
#13124 = ORIENTED_EDGE('',*,*,#13087,.T.);
#13125 = PLANE('',#13126);
#13126 = AXIS2_PLACEMENT_3D('',#13127,#13128,#13129);
#13127 = CARTESIAN_POINT('',(-0.4,-0.323759014354,1.931294517928));
#13128 = DIRECTION('',(-1.,-0.,-0.));
#13129 = DIRECTION('',(0.,0.,-1.));
#13130 = ADVANCED_FACE('',(#13131),#13142,.T.);
#13131 = FACE_BOUND('',#13132,.T.);
#13132 = EDGE_LOOP('',(#13133,#13139,#13140,#13141));
#13133 = ORIENTED_EDGE('',*,*,#13134,.T.);
#13134 = EDGE_CURVE('',#13058,#13111,#13135,.T.);
#13135 = LINE('',#13136,#13137);
#13136 = CARTESIAN_POINT('',(-0.6,-1.225,2.14));
#13137 = VECTOR('',#13138,1.);
#13138 = DIRECTION('',(1.,0.,0.));
#13139 = ORIENTED_EDGE('',*,*,#13118,.T.);
#13140 = ORIENTED_EDGE('',*,*,#12719,.F.);
#13141 = ORIENTED_EDGE('',*,*,#13065,.F.);
#13142 = PLANE('',#13143);
#13143 = AXIS2_PLACEMENT_3D('',#13144,#13145,#13146);
#13144 = CARTESIAN_POINT('',(-0.6,-1.225,2.14));
#13145 = DIRECTION('',(0.,0.,1.));
#13146 = DIRECTION('',(0.,1.,0.));
#13147 = ADVANCED_FACE('',(#13148),#13173,.T.);
#13148 = FACE_BOUND('',#13149,.T.);
#13149 = EDGE_LOOP('',(#13150,#13160,#13166,#13167));
#13150 = ORIENTED_EDGE('',*,*,#13151,.T.);
#13151 = EDGE_CURVE('',#13152,#13154,#13156,.T.);
#13152 = VERTEX_POINT('',#13153);
#13153 = CARTESIAN_POINT('',(0.4,-1.225,1.79));
#13154 = VERTEX_POINT('',#13155);
#13155 = CARTESIAN_POINT('',(0.4,-1.225,2.14));
#13156 = LINE('',#13157,#13158);
#13157 = CARTESIAN_POINT('',(0.4,-1.225,1.79));
#13158 = VECTOR('',#13159,1.);
#13159 = DIRECTION('',(0.,0.,1.));
#13160 = ORIENTED_EDGE('',*,*,#13161,.T.);
#13161 = EDGE_CURVE('',#13154,#12744,#13162,.T.);
#13162 = LINE('',#13163,#13164);
#13163 = CARTESIAN_POINT('',(0.4,-1.225,2.14));
#13164 = VECTOR('',#13165,1.);
#13165 = DIRECTION('',(0.,1.,0.));
#13166 = ORIENTED_EDGE('',*,*,#12743,.T.);
#13167 = ORIENTED_EDGE('',*,*,#13168,.T.);
#13168 = EDGE_CURVE('',#12746,#13152,#13169,.T.);
#13169 = LINE('',#13170,#13171);
#13170 = CARTESIAN_POINT('',(0.4,0.525,1.66));
#13171 = VECTOR('',#13172,1.);
#13172 = DIRECTION('',(0.,-0.997252183706,7.408159078957E-02));
#13173 = PLANE('',#13174);
#13174 = AXIS2_PLACEMENT_3D('',#13175,#13176,#13177);
#13175 = CARTESIAN_POINT('',(0.4,-0.323759014354,1.931294517928));
#13176 = DIRECTION('',(-1.,-0.,-0.));
#13177 = DIRECTION('',(0.,0.,-1.));
#13178 = ADVANCED_FACE('',(#13179),#13197,.T.);
#13179 = FACE_BOUND('',#13180,.T.);
#13180 = EDGE_LOOP('',(#13181,#13182,#13190,#13196));
#13181 = ORIENTED_EDGE('',*,*,#12769,.T.);
#13182 = ORIENTED_EDGE('',*,*,#13183,.T.);
#13183 = EDGE_CURVE('',#12762,#13184,#13186,.T.);
#13184 = VERTEX_POINT('',#13185);
#13185 = CARTESIAN_POINT('',(0.6,-1.225,1.79));
#13186 = LINE('',#13187,#13188);
#13187 = CARTESIAN_POINT('',(0.6,0.525,1.66));
#13188 = VECTOR('',#13189,1.);
#13189 = DIRECTION('',(0.,-0.997252183706,7.408159078957E-02));
#13190 = ORIENTED_EDGE('',*,*,#13191,.F.);
#13191 = EDGE_CURVE('',#13152,#13184,#13192,.T.);
#13192 = LINE('',#13193,#13194);
#13193 = CARTESIAN_POINT('',(0.4,-1.225,1.79));
#13194 = VECTOR('',#13195,1.);
#13195 = DIRECTION('',(1.,0.,0.));
#13196 = ORIENTED_EDGE('',*,*,#13168,.F.);
#13197 = PLANE('',#13198);
#13198 = AXIS2_PLACEMENT_3D('',#13199,#13200,#13201);
#13199 = CARTESIAN_POINT('',(0.4,0.525,1.66));
#13200 = DIRECTION('',(0.,-7.408159078957E-02,-0.997252183706));
#13201 = DIRECTION('',(0.,-0.997252183706,7.408159078957E-02));
#13202 = ADVANCED_FACE('',(#13203),#13221,.F.);
#13203 = FACE_BOUND('',#13204,.F.);
#13204 = EDGE_LOOP('',(#13205,#13213,#13219,#13220));
#13205 = ORIENTED_EDGE('',*,*,#13206,.T.);
#13206 = EDGE_CURVE('',#13184,#13207,#13209,.T.);
#13207 = VERTEX_POINT('',#13208);
#13208 = CARTESIAN_POINT('',(0.6,-1.225,2.14));
#13209 = LINE('',#13210,#13211);
#13210 = CARTESIAN_POINT('',(0.6,-1.225,1.79));
#13211 = VECTOR('',#13212,1.);
#13212 = DIRECTION('',(0.,0.,1.));
#13213 = ORIENTED_EDGE('',*,*,#13214,.T.);
#13214 = EDGE_CURVE('',#13207,#12754,#13215,.T.);
#13215 = LINE('',#13216,#13217);
#13216 = CARTESIAN_POINT('',(0.6,-1.225,2.14));
#13217 = VECTOR('',#13218,1.);
#13218 = DIRECTION('',(0.,1.,0.));
#13219 = ORIENTED_EDGE('',*,*,#12761,.T.);
#13220 = ORIENTED_EDGE('',*,*,#13183,.T.);
#13221 = PLANE('',#13222);
#13222 = AXIS2_PLACEMENT_3D('',#13223,#13224,#13225);
#13223 = CARTESIAN_POINT('',(0.6,-0.323759014354,1.931294517928));
#13224 = DIRECTION('',(-1.,-0.,-0.));
#13225 = DIRECTION('',(0.,0.,-1.));
#13226 = ADVANCED_FACE('',(#13227),#13238,.T.);
#13227 = FACE_BOUND('',#13228,.T.);
#13228 = EDGE_LOOP('',(#13229,#13235,#13236,#13237));
#13229 = ORIENTED_EDGE('',*,*,#13230,.T.);
#13230 = EDGE_CURVE('',#13154,#13207,#13231,.T.);
#13231 = LINE('',#13232,#13233);
#13232 = CARTESIAN_POINT('',(0.4,-1.225,2.14));
#13233 = VECTOR('',#13234,1.);
#13234 = DIRECTION('',(1.,0.,0.));
#13235 = ORIENTED_EDGE('',*,*,#13214,.T.);
#13236 = ORIENTED_EDGE('',*,*,#12753,.F.);
#13237 = ORIENTED_EDGE('',*,*,#13161,.F.);
#13238 = PLANE('',#13239);
#13239 = AXIS2_PLACEMENT_3D('',#13240,#13241,#13242);
#13240 = CARTESIAN_POINT('',(0.4,-1.225,2.14));
#13241 = DIRECTION('',(0.,0.,1.));
#13242 = DIRECTION('',(0.,1.,0.));
#13243 = ADVANCED_FACE('',(#13244),#13269,.T.);
#13244 = FACE_BOUND('',#13245,.T.);
#13245 = EDGE_LOOP('',(#13246,#13256,#13262,#13263));
#13246 = ORIENTED_EDGE('',*,*,#13247,.T.);
#13247 = EDGE_CURVE('',#13248,#13250,#13252,.T.);
#13248 = VERTEX_POINT('',#13249);
#13249 = CARTESIAN_POINT('',(1.4,-1.225,1.79));
#13250 = VERTEX_POINT('',#13251);
#13251 = CARTESIAN_POINT('',(1.4,-1.225,2.14));
#13252 = LINE('',#13253,#13254);
#13253 = CARTESIAN_POINT('',(1.4,-1.225,1.79));
#13254 = VECTOR('',#13255,1.);
#13255 = DIRECTION('',(0.,0.,1.));
#13256 = ORIENTED_EDGE('',*,*,#13257,.T.);
#13257 = EDGE_CURVE('',#13250,#12778,#13258,.T.);
#13258 = LINE('',#13259,#13260);
#13259 = CARTESIAN_POINT('',(1.4,-1.225,2.14));
#13260 = VECTOR('',#13261,1.);
#13261 = DIRECTION('',(0.,1.,0.));
#13262 = ORIENTED_EDGE('',*,*,#12777,.T.);
#13263 = ORIENTED_EDGE('',*,*,#13264,.T.);
#13264 = EDGE_CURVE('',#12780,#13248,#13265,.T.);
#13265 = LINE('',#13266,#13267);
#13266 = CARTESIAN_POINT('',(1.4,0.525,1.66));
#13267 = VECTOR('',#13268,1.);
#13268 = DIRECTION('',(0.,-0.997252183706,7.408159078957E-02));
#13269 = PLANE('',#13270);
#13270 = AXIS2_PLACEMENT_3D('',#13271,#13272,#13273);
#13271 = CARTESIAN_POINT('',(1.4,-0.323759014354,1.931294517928));
#13272 = DIRECTION('',(-1.,-0.,-0.));
#13273 = DIRECTION('',(0.,0.,-1.));
#13274 = ADVANCED_FACE('',(#13275),#13293,.T.);
#13275 = FACE_BOUND('',#13276,.T.);
#13276 = EDGE_LOOP('',(#13277,#13278,#13286,#13292));
#13277 = ORIENTED_EDGE('',*,*,#12803,.T.);
#13278 = ORIENTED_EDGE('',*,*,#13279,.T.);
#13279 = EDGE_CURVE('',#12796,#13280,#13282,.T.);
#13280 = VERTEX_POINT('',#13281);
#13281 = CARTESIAN_POINT('',(1.6,-1.225,1.79));
#13282 = LINE('',#13283,#13284);
#13283 = CARTESIAN_POINT('',(1.6,0.525,1.66));
#13284 = VECTOR('',#13285,1.);
#13285 = DIRECTION('',(0.,-0.997252183706,7.408159078957E-02));
#13286 = ORIENTED_EDGE('',*,*,#13287,.F.);
#13287 = EDGE_CURVE('',#13248,#13280,#13288,.T.);
#13288 = LINE('',#13289,#13290);
#13289 = CARTESIAN_POINT('',(1.4,-1.225,1.79));
#13290 = VECTOR('',#13291,1.);
#13291 = DIRECTION('',(1.,0.,0.));
#13292 = ORIENTED_EDGE('',*,*,#13264,.F.);
#13293 = PLANE('',#13294);
#13294 = AXIS2_PLACEMENT_3D('',#13295,#13296,#13297);
#13295 = CARTESIAN_POINT('',(1.4,0.525,1.66));
#13296 = DIRECTION('',(0.,-7.408159078957E-02,-0.997252183706));
#13297 = DIRECTION('',(0.,-0.997252183706,7.408159078957E-02));
#13298 = ADVANCED_FACE('',(#13299),#13317,.F.);
#13299 = FACE_BOUND('',#13300,.F.);
#13300 = EDGE_LOOP('',(#13301,#13309,#13315,#13316));
#13301 = ORIENTED_EDGE('',*,*,#13302,.T.);
#13302 = EDGE_CURVE('',#13280,#13303,#13305,.T.);
#13303 = VERTEX_POINT('',#13304);
#13304 = CARTESIAN_POINT('',(1.6,-1.225,2.14));
#13305 = LINE('',#13306,#13307);
#13306 = CARTESIAN_POINT('',(1.6,-1.225,1.79));
#13307 = VECTOR('',#13308,1.);
#13308 = DIRECTION('',(0.,0.,1.));
#13309 = ORIENTED_EDGE('',*,*,#13310,.T.);
#13310 = EDGE_CURVE('',#13303,#12788,#13311,.T.);
#13311 = LINE('',#13312,#13313);
#13312 = CARTESIAN_POINT('',(1.6,-1.225,2.14));
#13313 = VECTOR('',#13314,1.);
#13314 = DIRECTION('',(0.,1.,0.));
#13315 = ORIENTED_EDGE('',*,*,#12795,.T.);
#13316 = ORIENTED_EDGE('',*,*,#13279,.T.);
#13317 = PLANE('',#13318);
#13318 = AXIS2_PLACEMENT_3D('',#13319,#13320,#13321);
#13319 = CARTESIAN_POINT('',(1.6,-0.323759014354,1.931294517928));
#13320 = DIRECTION('',(-1.,-0.,-0.));
#13321 = DIRECTION('',(0.,0.,-1.));
#13322 = ADVANCED_FACE('',(#13323),#13334,.T.);
#13323 = FACE_BOUND('',#13324,.T.);
#13324 = EDGE_LOOP('',(#13325,#13331,#13332,#13333));
#13325 = ORIENTED_EDGE('',*,*,#13326,.T.);
#13326 = EDGE_CURVE('',#13250,#13303,#13327,.T.);
#13327 = LINE('',#13328,#13329);
#13328 = CARTESIAN_POINT('',(1.4,-1.225,2.14));
#13329 = VECTOR('',#13330,1.);
#13330 = DIRECTION('',(1.,0.,0.));
#13331 = ORIENTED_EDGE('',*,*,#13310,.T.);
#13332 = ORIENTED_EDGE('',*,*,#12787,.F.);
#13333 = ORIENTED_EDGE('',*,*,#13257,.F.);
#13334 = PLANE('',#13335);
#13335 = AXIS2_PLACEMENT_3D('',#13336,#13337,#13338);
#13336 = CARTESIAN_POINT('',(1.4,-1.225,2.14));
#13337 = DIRECTION('',(0.,0.,1.));
#13338 = DIRECTION('',(0.,1.,0.));
#13339 = ADVANCED_FACE('',(#13340),#13365,.T.);
#13340 = FACE_BOUND('',#13341,.T.);
#13341 = EDGE_LOOP('',(#13342,#13352,#13358,#13359));
#13342 = ORIENTED_EDGE('',*,*,#13343,.T.);
#13343 = EDGE_CURVE('',#13344,#13346,#13348,.T.);
#13344 = VERTEX_POINT('',#13345);
#13345 = CARTESIAN_POINT('',(2.4,-1.225,1.79));
#13346 = VERTEX_POINT('',#13347);
#13347 = CARTESIAN_POINT('',(2.4,-1.225,2.14));
#13348 = LINE('',#13349,#13350);
#13349 = CARTESIAN_POINT('',(2.4,-1.225,1.79));
#13350 = VECTOR('',#13351,1.);
#13351 = DIRECTION('',(0.,0.,1.));
#13352 = ORIENTED_EDGE('',*,*,#13353,.T.);
#13353 = EDGE_CURVE('',#13346,#12812,#13354,.T.);
#13354 = LINE('',#13355,#13356);
#13355 = CARTESIAN_POINT('',(2.4,-1.225,2.14));
#13356 = VECTOR('',#13357,1.);
#13357 = DIRECTION('',(0.,1.,0.));
#13358 = ORIENTED_EDGE('',*,*,#12811,.T.);
#13359 = ORIENTED_EDGE('',*,*,#13360,.T.);
#13360 = EDGE_CURVE('',#12814,#13344,#13361,.T.);
#13361 = LINE('',#13362,#13363);
#13362 = CARTESIAN_POINT('',(2.4,0.525,1.66));
#13363 = VECTOR('',#13364,1.);
#13364 = DIRECTION('',(0.,-0.997252183706,7.408159078957E-02));
#13365 = PLANE('',#13366);
#13366 = AXIS2_PLACEMENT_3D('',#13367,#13368,#13369);
#13367 = CARTESIAN_POINT('',(2.4,-0.323759014354,1.931294517928));
#13368 = DIRECTION('',(-1.,-0.,-0.));
#13369 = DIRECTION('',(0.,0.,-1.));
#13370 = ADVANCED_FACE('',(#13371),#13389,.T.);
#13371 = FACE_BOUND('',#13372,.T.);
#13372 = EDGE_LOOP('',(#13373,#13374,#13382,#13388));
#13373 = ORIENTED_EDGE('',*,*,#12837,.T.);
#13374 = ORIENTED_EDGE('',*,*,#13375,.T.);
#13375 = EDGE_CURVE('',#12830,#13376,#13378,.T.);
#13376 = VERTEX_POINT('',#13377);
#13377 = CARTESIAN_POINT('',(2.6,-1.225,1.79));
#13378 = LINE('',#13379,#13380);
#13379 = CARTESIAN_POINT('',(2.6,0.525,1.66));
#13380 = VECTOR('',#13381,1.);
#13381 = DIRECTION('',(0.,-0.997252183706,7.408159078957E-02));
#13382 = ORIENTED_EDGE('',*,*,#13383,.F.);
#13383 = EDGE_CURVE('',#13344,#13376,#13384,.T.);
#13384 = LINE('',#13385,#13386);
#13385 = CARTESIAN_POINT('',(2.4,-1.225,1.79));
#13386 = VECTOR('',#13387,1.);
#13387 = DIRECTION('',(1.,0.,0.));
#13388 = ORIENTED_EDGE('',*,*,#13360,.F.);
#13389 = PLANE('',#13390);
#13390 = AXIS2_PLACEMENT_3D('',#13391,#13392,#13393);
#13391 = CARTESIAN_POINT('',(2.4,0.525,1.66));
#13392 = DIRECTION('',(0.,-7.408159078957E-02,-0.997252183706));
#13393 = DIRECTION('',(0.,-0.997252183706,7.408159078957E-02));
#13394 = ADVANCED_FACE('',(#13395),#13413,.F.);
#13395 = FACE_BOUND('',#13396,.F.);
#13396 = EDGE_LOOP('',(#13397,#13405,#13411,#13412));
#13397 = ORIENTED_EDGE('',*,*,#13398,.T.);
#13398 = EDGE_CURVE('',#13376,#13399,#13401,.T.);
#13399 = VERTEX_POINT('',#13400);
#13400 = CARTESIAN_POINT('',(2.6,-1.225,2.14));
#13401 = LINE('',#13402,#13403);
#13402 = CARTESIAN_POINT('',(2.6,-1.225,1.79));
#13403 = VECTOR('',#13404,1.);
#13404 = DIRECTION('',(0.,0.,1.));
#13405 = ORIENTED_EDGE('',*,*,#13406,.T.);
#13406 = EDGE_CURVE('',#13399,#12822,#13407,.T.);
#13407 = LINE('',#13408,#13409);
#13408 = CARTESIAN_POINT('',(2.6,-1.225,2.14));
#13409 = VECTOR('',#13410,1.);
#13410 = DIRECTION('',(0.,1.,0.));
#13411 = ORIENTED_EDGE('',*,*,#12829,.T.);
#13412 = ORIENTED_EDGE('',*,*,#13375,.T.);
#13413 = PLANE('',#13414);
#13414 = AXIS2_PLACEMENT_3D('',#13415,#13416,#13417);
#13415 = CARTESIAN_POINT('',(2.6,-0.323759014354,1.931294517928));
#13416 = DIRECTION('',(-1.,-0.,-0.));
#13417 = DIRECTION('',(0.,0.,-1.));
#13418 = ADVANCED_FACE('',(#13419),#13430,.T.);
#13419 = FACE_BOUND('',#13420,.T.);
#13420 = EDGE_LOOP('',(#13421,#13427,#13428,#13429));
#13421 = ORIENTED_EDGE('',*,*,#13422,.T.);
#13422 = EDGE_CURVE('',#13346,#13399,#13423,.T.);
#13423 = LINE('',#13424,#13425);
#13424 = CARTESIAN_POINT('',(2.4,-1.225,2.14));
#13425 = VECTOR('',#13426,1.);
#13426 = DIRECTION('',(1.,0.,0.));
#13427 = ORIENTED_EDGE('',*,*,#13406,.T.);
#13428 = ORIENTED_EDGE('',*,*,#12821,.F.);
#13429 = ORIENTED_EDGE('',*,*,#13353,.F.);
#13430 = PLANE('',#13431);
#13431 = AXIS2_PLACEMENT_3D('',#13432,#13433,#13434);
#13432 = CARTESIAN_POINT('',(2.4,-1.225,2.14));
#13433 = DIRECTION('',(0.,0.,1.));
#13434 = DIRECTION('',(0.,1.,0.));
#13435 = ADVANCED_FACE('',(#13436),#13442,.T.);
#13436 = FACE_BOUND('',#13437,.T.);
#13437 = EDGE_LOOP('',(#13438,#13439,#13440,#13441));
#13438 = ORIENTED_EDGE('',*,*,#12872,.T.);
#13439 = ORIENTED_EDGE('',*,*,#12894,.T.);
#13440 = ORIENTED_EDGE('',*,*,#12918,.F.);
#13441 = ORIENTED_EDGE('',*,*,#12942,.F.);
#13442 = PLANE('',#13443);
#13443 = AXIS2_PLACEMENT_3D('',#13444,#13445,#13446);
#13444 = CARTESIAN_POINT('',(-2.6,-1.225,1.79));
#13445 = DIRECTION('',(0.,-1.,0.));
#13446 = DIRECTION('',(0.,0.,1.));
#13447 = ADVANCED_FACE('',(#13448),#13454,.T.);
#13448 = FACE_BOUND('',#13449,.T.);
#13449 = EDGE_LOOP('',(#13450,#13451,#13452,#13453));
#13450 = ORIENTED_EDGE('',*,*,#12999,.T.);
#13451 = ORIENTED_EDGE('',*,*,#13014,.T.);
#13452 = ORIENTED_EDGE('',*,*,#13038,.F.);
#13453 = ORIENTED_EDGE('',*,*,#12959,.F.);
#13454 = PLANE('',#13455);
#13455 = AXIS2_PLACEMENT_3D('',#13456,#13457,#13458);
#13456 = CARTESIAN_POINT('',(-1.6,-1.225,1.79));
#13457 = DIRECTION('',(0.,-1.,0.));
#13458 = DIRECTION('',(0.,0.,1.));
#13459 = ADVANCED_FACE('',(#13460),#13466,.T.);
#13460 = FACE_BOUND('',#13461,.T.);
#13461 = EDGE_LOOP('',(#13462,#13463,#13464,#13465));
#13462 = ORIENTED_EDGE('',*,*,#13095,.T.);
#13463 = ORIENTED_EDGE('',*,*,#13110,.T.);
#13464 = ORIENTED_EDGE('',*,*,#13134,.F.);
#13465 = ORIENTED_EDGE('',*,*,#13055,.F.);
#13466 = PLANE('',#13467);
#13467 = AXIS2_PLACEMENT_3D('',#13468,#13469,#13470);
#13468 = CARTESIAN_POINT('',(-0.6,-1.225,1.79));
#13469 = DIRECTION('',(0.,-1.,0.));
#13470 = DIRECTION('',(0.,0.,1.));
#13471 = ADVANCED_FACE('',(#13472),#13478,.T.);
#13472 = FACE_BOUND('',#13473,.T.);
#13473 = EDGE_LOOP('',(#13474,#13475,#13476,#13477));
#13474 = ORIENTED_EDGE('',*,*,#13191,.T.);
#13475 = ORIENTED_EDGE('',*,*,#13206,.T.);
#13476 = ORIENTED_EDGE('',*,*,#13230,.F.);
#13477 = ORIENTED_EDGE('',*,*,#13151,.F.);
#13478 = PLANE('',#13479);
#13479 = AXIS2_PLACEMENT_3D('',#13480,#13481,#13482);
#13480 = CARTESIAN_POINT('',(0.4,-1.225,1.79));
#13481 = DIRECTION('',(0.,-1.,0.));
#13482 = DIRECTION('',(0.,0.,1.));
#13483 = ADVANCED_FACE('',(#13484),#13490,.T.);
#13484 = FACE_BOUND('',#13485,.T.);
#13485 = EDGE_LOOP('',(#13486,#13487,#13488,#13489));
#13486 = ORIENTED_EDGE('',*,*,#13287,.T.);
#13487 = ORIENTED_EDGE('',*,*,#13302,.T.);
#13488 = ORIENTED_EDGE('',*,*,#13326,.F.);
#13489 = ORIENTED_EDGE('',*,*,#13247,.F.);
#13490 = PLANE('',#13491);
#13491 = AXIS2_PLACEMENT_3D('',#13492,#13493,#13494);
#13492 = CARTESIAN_POINT('',(1.4,-1.225,1.79));
#13493 = DIRECTION('',(0.,-1.,0.));
#13494 = DIRECTION('',(0.,0.,1.));
#13495 = ADVANCED_FACE('',(#13496),#13502,.T.);
#13496 = FACE_BOUND('',#13497,.T.);
#13497 = EDGE_LOOP('',(#13498,#13499,#13500,#13501));
#13498 = ORIENTED_EDGE('',*,*,#13383,.T.);
#13499 = ORIENTED_EDGE('',*,*,#13398,.T.);
#13500 = ORIENTED_EDGE('',*,*,#13422,.F.);
#13501 = ORIENTED_EDGE('',*,*,#13343,.F.);
#13502 = PLANE('',#13503);
#13503 = AXIS2_PLACEMENT_3D('',#13504,#13505,#13506);
#13504 = CARTESIAN_POINT('',(2.4,-1.225,1.79));
#13505 = DIRECTION('',(0.,-1.,0.));
#13506 = DIRECTION('',(0.,0.,1.));
#13507 = ( GEOMETRIC_REPRESENTATION_CONTEXT(3) 
GLOBAL_UNCERTAINTY_ASSIGNED_CONTEXT((#13511)) 
GLOBAL_UNIT_ASSIGNED_CONTEXT((#13508,#13509,#13510)) 
REPRESENTATION_CONTEXT('Context #1',
  '3D Context with UNIT and UNCERTAINTY') );
#13508 = ( LENGTH_UNIT() NAMED_UNIT(*) SI_UNIT(.MILLI.,.METRE.) );
#13509 = ( NAMED_UNIT(*) PLANE_ANGLE_UNIT() SI_UNIT($,.RADIAN.) );
#13510 = ( NAMED_UNIT(*) SI_UNIT($,.STERADIAN.) SOLID_ANGLE_UNIT() );
#13511 = UNCERTAINTY_MEASURE_WITH_UNIT(LENGTH_MEASURE(1.E-07),#13508,
  'distance_accuracy_value','confusion accuracy');
#13512 = CONTEXT_DEPENDENT_SHAPE_REPRESENTATION(#13513,#13515);
#13513 = ( REPRESENTATION_RELATIONSHIP('','',#10022,#9999) 
REPRESENTATION_RELATIONSHIP_WITH_TRANSFORMATION(#13514) 
SHAPE_REPRESENTATION_RELATIONSHIP() );
#13514 = ITEM_DEFINED_TRANSFORMATION('','',#11,#10000);
#13515 = PRODUCT_DEFINITION_SHAPE('Placement','Placement of an item',
  #13516);
#13516 = NEXT_ASSEMBLY_USAGE_OCCURRENCE('10','=>[0:1:1:11]','',#9994,
  #10017,$);
#13517 = PRODUCT_RELATED_PRODUCT_CATEGORY('part',$,(#10019));
#13518 = SHAPE_DEFINITION_REPRESENTATION(#13519,#13525);
#13519 = PRODUCT_DEFINITION_SHAPE('','',#13520);
#13520 = PRODUCT_DEFINITION('design','',#13521,#13524);
#13521 = PRODUCT_DEFINITION_FORMATION('','',#13522);
#13522 = PRODUCT('PoseDoll_AS5048A_revM_side_PCB',
  'PoseDoll_AS5048A_revM_side_PCB','',(#13523));
#13523 = PRODUCT_CONTEXT('',#2,'mechanical');
#13524 = PRODUCT_DEFINITION_CONTEXT('part definition',#2,'design');
#13525 = ADVANCED_BREP_SHAPE_REPRESENTATION('',(#11,#13526),#13808);
#13526 = MANIFOLD_SOLID_BREP('',#13527);
#13527 = CLOSED_SHELL('',(#13528,#13568,#13599,#13630,#13661,#13692,
    #13723,#13754,#13776,#13792));
#13528 = ADVANCED_FACE('',(#13529),#13563,.T.);
#13529 = FACE_BOUND('',#13530,.T.);
#13530 = EDGE_LOOP('',(#13531,#13541,#13549,#13557));
#13531 = ORIENTED_EDGE('',*,*,#13532,.T.);
#13532 = EDGE_CURVE('',#13533,#13535,#13537,.T.);
#13533 = VERTEX_POINT('',#13534);
#13534 = CARTESIAN_POINT('',(106.,-96.,0.));
#13535 = VERTEX_POINT('',#13536);
#13536 = CARTESIAN_POINT('',(106.,-96.,0.91));
#13537 = LINE('',#13538,#13539);
#13538 = CARTESIAN_POINT('',(106.,-96.,0.));
#13539 = VECTOR('',#13540,1.);
#13540 = DIRECTION('',(0.,0.,1.));
#13541 = ORIENTED_EDGE('',*,*,#13542,.T.);
#13542 = EDGE_CURVE('',#13535,#13543,#13545,.T.);
#13543 = VERTEX_POINT('',#13544);
#13544 = CARTESIAN_POINT('',(106.,-104.,0.91));
#13545 = LINE('',#13546,#13547);
#13546 = CARTESIAN_POINT('',(106.,-96.,0.91));
#13547 = VECTOR('',#13548,1.);
#13548 = DIRECTION('',(0.,-1.,0.));
#13549 = ORIENTED_EDGE('',*,*,#13550,.F.);
#13550 = EDGE_CURVE('',#13551,#13543,#13553,.T.);
#13551 = VERTEX_POINT('',#13552);
#13552 = CARTESIAN_POINT('',(106.,-104.,0.));
#13553 = LINE('',#13554,#13555);
#13554 = CARTESIAN_POINT('',(106.,-104.,0.));
#13555 = VECTOR('',#13556,1.);
#13556 = DIRECTION('',(0.,0.,1.));
#13557 = ORIENTED_EDGE('',*,*,#13558,.F.);
#13558 = EDGE_CURVE('',#13533,#13551,#13559,.T.);
#13559 = LINE('',#13560,#13561);
#13560 = CARTESIAN_POINT('',(106.,-96.,0.));
#13561 = VECTOR('',#13562,1.);
#13562 = DIRECTION('',(0.,-1.,0.));
#13563 = PLANE('',#13564);
#13564 = AXIS2_PLACEMENT_3D('',#13565,#13566,#13567);
#13565 = CARTESIAN_POINT('',(106.,-96.,0.));
#13566 = DIRECTION('',(1.,0.,-0.));
#13567 = DIRECTION('',(0.,-1.,0.));
#13568 = ADVANCED_FACE('',(#13569),#13594,.T.);
#13569 = FACE_BOUND('',#13570,.T.);
#13570 = EDGE_LOOP('',(#13571,#13572,#13580,#13588));
#13571 = ORIENTED_EDGE('',*,*,#13550,.T.);
#13572 = ORIENTED_EDGE('',*,*,#13573,.T.);
#13573 = EDGE_CURVE('',#13543,#13574,#13576,.T.);
#13574 = VERTEX_POINT('',#13575);
#13575 = CARTESIAN_POINT('',(105.,-105.,0.91));
#13576 = LINE('',#13577,#13578);
#13577 = CARTESIAN_POINT('',(106.,-104.,0.91));
#13578 = VECTOR('',#13579,1.);
#13579 = DIRECTION('',(-0.707106781187,-0.707106781187,0.));
#13580 = ORIENTED_EDGE('',*,*,#13581,.F.);
#13581 = EDGE_CURVE('',#13582,#13574,#13584,.T.);
#13582 = VERTEX_POINT('',#13583);
#13583 = CARTESIAN_POINT('',(105.,-105.,0.));
#13584 = LINE('',#13585,#13586);
#13585 = CARTESIAN_POINT('',(105.,-105.,0.));
#13586 = VECTOR('',#13587,1.);
#13587 = DIRECTION('',(0.,0.,1.));
#13588 = ORIENTED_EDGE('',*,*,#13589,.F.);
#13589 = EDGE_CURVE('',#13551,#13582,#13590,.T.);
#13590 = LINE('',#13591,#13592);
#13591 = CARTESIAN_POINT('',(106.,-104.,0.));
#13592 = VECTOR('',#13593,1.);
#13593 = DIRECTION('',(-0.707106781187,-0.707106781187,0.));
#13594 = PLANE('',#13595);
#13595 = AXIS2_PLACEMENT_3D('',#13596,#13597,#13598);
#13596 = CARTESIAN_POINT('',(106.,-104.,0.));
#13597 = DIRECTION('',(0.707106781187,-0.707106781187,0.));
#13598 = DIRECTION('',(-0.707106781187,-0.707106781187,0.));
#13599 = ADVANCED_FACE('',(#13600),#13625,.T.);
#13600 = FACE_BOUND('',#13601,.T.);
#13601 = EDGE_LOOP('',(#13602,#13603,#13611,#13619));
#13602 = ORIENTED_EDGE('',*,*,#13581,.T.);
#13603 = ORIENTED_EDGE('',*,*,#13604,.T.);
#13604 = EDGE_CURVE('',#13574,#13605,#13607,.T.);
#13605 = VERTEX_POINT('',#13606);
#13606 = CARTESIAN_POINT('',(95.,-105.,0.91));
#13607 = LINE('',#13608,#13609);
#13608 = CARTESIAN_POINT('',(105.,-105.,0.91));
#13609 = VECTOR('',#13610,1.);
#13610 = DIRECTION('',(-1.,0.,0.));
#13611 = ORIENTED_EDGE('',*,*,#13612,.F.);
#13612 = EDGE_CURVE('',#13613,#13605,#13615,.T.);
#13613 = VERTEX_POINT('',#13614);
#13614 = CARTESIAN_POINT('',(95.,-105.,0.));
#13615 = LINE('',#13616,#13617);
#13616 = CARTESIAN_POINT('',(95.,-105.,0.));
#13617 = VECTOR('',#13618,1.);
#13618 = DIRECTION('',(0.,0.,1.));
#13619 = ORIENTED_EDGE('',*,*,#13620,.F.);
#13620 = EDGE_CURVE('',#13582,#13613,#13621,.T.);
#13621 = LINE('',#13622,#13623);
#13622 = CARTESIAN_POINT('',(105.,-105.,0.));
#13623 = VECTOR('',#13624,1.);
#13624 = DIRECTION('',(-1.,0.,0.));
#13625 = PLANE('',#13626);
#13626 = AXIS2_PLACEMENT_3D('',#13627,#13628,#13629);
#13627 = CARTESIAN_POINT('',(105.,-105.,0.));
#13628 = DIRECTION('',(0.,-1.,0.));
#13629 = DIRECTION('',(-1.,0.,0.));
#13630 = ADVANCED_FACE('',(#13631),#13656,.T.);
#13631 = FACE_BOUND('',#13632,.T.);
#13632 = EDGE_LOOP('',(#13633,#13634,#13642,#13650));
#13633 = ORIENTED_EDGE('',*,*,#13612,.T.);
#13634 = ORIENTED_EDGE('',*,*,#13635,.T.);
#13635 = EDGE_CURVE('',#13605,#13636,#13638,.T.);
#13636 = VERTEX_POINT('',#13637);
#13637 = CARTESIAN_POINT('',(94.,-104.,0.91));
#13638 = LINE('',#13639,#13640);
#13639 = CARTESIAN_POINT('',(95.,-105.,0.91));
#13640 = VECTOR('',#13641,1.);
#13641 = DIRECTION('',(-0.707106781187,0.707106781187,0.));
#13642 = ORIENTED_EDGE('',*,*,#13643,.F.);
#13643 = EDGE_CURVE('',#13644,#13636,#13646,.T.);
#13644 = VERTEX_POINT('',#13645);
#13645 = CARTESIAN_POINT('',(94.,-104.,0.));
#13646 = LINE('',#13647,#13648);
#13647 = CARTESIAN_POINT('',(94.,-104.,0.));
#13648 = VECTOR('',#13649,1.);
#13649 = DIRECTION('',(0.,0.,1.));
#13650 = ORIENTED_EDGE('',*,*,#13651,.F.);
#13651 = EDGE_CURVE('',#13613,#13644,#13652,.T.);
#13652 = LINE('',#13653,#13654);
#13653 = CARTESIAN_POINT('',(95.,-105.,0.));
#13654 = VECTOR('',#13655,1.);
#13655 = DIRECTION('',(-0.707106781187,0.707106781187,0.));
#13656 = PLANE('',#13657);
#13657 = AXIS2_PLACEMENT_3D('',#13658,#13659,#13660);
#13658 = CARTESIAN_POINT('',(95.,-105.,0.));
#13659 = DIRECTION('',(-0.707106781187,-0.707106781187,0.));
#13660 = DIRECTION('',(-0.707106781187,0.707106781187,0.));
#13661 = ADVANCED_FACE('',(#13662),#13687,.T.);
#13662 = FACE_BOUND('',#13663,.T.);
#13663 = EDGE_LOOP('',(#13664,#13665,#13673,#13681));
#13664 = ORIENTED_EDGE('',*,*,#13643,.T.);
#13665 = ORIENTED_EDGE('',*,*,#13666,.T.);
#13666 = EDGE_CURVE('',#13636,#13667,#13669,.T.);
#13667 = VERTEX_POINT('',#13668);
#13668 = CARTESIAN_POINT('',(94.,-96.,0.91));
#13669 = LINE('',#13670,#13671);
#13670 = CARTESIAN_POINT('',(94.,-104.,0.91));
#13671 = VECTOR('',#13672,1.);
#13672 = DIRECTION('',(0.,1.,0.));
#13673 = ORIENTED_EDGE('',*,*,#13674,.F.);
#13674 = EDGE_CURVE('',#13675,#13667,#13677,.T.);
#13675 = VERTEX_POINT('',#13676);
#13676 = CARTESIAN_POINT('',(94.,-96.,0.));
#13677 = LINE('',#13678,#13679);
#13678 = CARTESIAN_POINT('',(94.,-96.,0.));
#13679 = VECTOR('',#13680,1.);
#13680 = DIRECTION('',(0.,0.,1.));
#13681 = ORIENTED_EDGE('',*,*,#13682,.F.);
#13682 = EDGE_CURVE('',#13644,#13675,#13683,.T.);
#13683 = LINE('',#13684,#13685);
#13684 = CARTESIAN_POINT('',(94.,-104.,0.));
#13685 = VECTOR('',#13686,1.);
#13686 = DIRECTION('',(0.,1.,0.));
#13687 = PLANE('',#13688);
#13688 = AXIS2_PLACEMENT_3D('',#13689,#13690,#13691);
#13689 = CARTESIAN_POINT('',(94.,-104.,0.));
#13690 = DIRECTION('',(-1.,0.,0.));
#13691 = DIRECTION('',(0.,1.,0.));
#13692 = ADVANCED_FACE('',(#13693),#13718,.T.);
#13693 = FACE_BOUND('',#13694,.T.);
#13694 = EDGE_LOOP('',(#13695,#13696,#13704,#13712));
#13695 = ORIENTED_EDGE('',*,*,#13674,.T.);
#13696 = ORIENTED_EDGE('',*,*,#13697,.T.);
#13697 = EDGE_CURVE('',#13667,#13698,#13700,.T.);
#13698 = VERTEX_POINT('',#13699);
#13699 = CARTESIAN_POINT('',(95.,-95.,0.91));
#13700 = LINE('',#13701,#13702);
#13701 = CARTESIAN_POINT('',(94.,-96.,0.91));
#13702 = VECTOR('',#13703,1.);
#13703 = DIRECTION('',(0.707106781187,0.707106781187,0.));
#13704 = ORIENTED_EDGE('',*,*,#13705,.F.);
#13705 = EDGE_CURVE('',#13706,#13698,#13708,.T.);
#13706 = VERTEX_POINT('',#13707);
#13707 = CARTESIAN_POINT('',(95.,-95.,0.));
#13708 = LINE('',#13709,#13710);
#13709 = CARTESIAN_POINT('',(95.,-95.,0.));
#13710 = VECTOR('',#13711,1.);
#13711 = DIRECTION('',(0.,0.,1.));
#13712 = ORIENTED_EDGE('',*,*,#13713,.F.);
#13713 = EDGE_CURVE('',#13675,#13706,#13714,.T.);
#13714 = LINE('',#13715,#13716);
#13715 = CARTESIAN_POINT('',(94.,-96.,0.));
#13716 = VECTOR('',#13717,1.);
#13717 = DIRECTION('',(0.707106781187,0.707106781187,0.));
#13718 = PLANE('',#13719);
#13719 = AXIS2_PLACEMENT_3D('',#13720,#13721,#13722);
#13720 = CARTESIAN_POINT('',(94.,-96.,0.));
#13721 = DIRECTION('',(-0.707106781187,0.707106781187,0.));
#13722 = DIRECTION('',(0.707106781187,0.707106781187,0.));
#13723 = ADVANCED_FACE('',(#13724),#13749,.T.);
#13724 = FACE_BOUND('',#13725,.T.);
#13725 = EDGE_LOOP('',(#13726,#13727,#13735,#13743));
#13726 = ORIENTED_EDGE('',*,*,#13705,.T.);
#13727 = ORIENTED_EDGE('',*,*,#13728,.T.);
#13728 = EDGE_CURVE('',#13698,#13729,#13731,.T.);
#13729 = VERTEX_POINT('',#13730);
#13730 = CARTESIAN_POINT('',(105.,-95.,0.91));
#13731 = LINE('',#13732,#13733);
#13732 = CARTESIAN_POINT('',(95.,-95.,0.91));
#13733 = VECTOR('',#13734,1.);
#13734 = DIRECTION('',(1.,0.,0.));
#13735 = ORIENTED_EDGE('',*,*,#13736,.F.);
#13736 = EDGE_CURVE('',#13737,#13729,#13739,.T.);
#13737 = VERTEX_POINT('',#13738);
#13738 = CARTESIAN_POINT('',(105.,-95.,0.));
#13739 = LINE('',#13740,#13741);
#13740 = CARTESIAN_POINT('',(105.,-95.,0.));
#13741 = VECTOR('',#13742,1.);
#13742 = DIRECTION('',(0.,0.,1.));
#13743 = ORIENTED_EDGE('',*,*,#13744,.F.);
#13744 = EDGE_CURVE('',#13706,#13737,#13745,.T.);
#13745 = LINE('',#13746,#13747);
#13746 = CARTESIAN_POINT('',(95.,-95.,0.));
#13747 = VECTOR('',#13748,1.);
#13748 = DIRECTION('',(1.,0.,0.));
#13749 = PLANE('',#13750);
#13750 = AXIS2_PLACEMENT_3D('',#13751,#13752,#13753);
#13751 = CARTESIAN_POINT('',(95.,-95.,0.));
#13752 = DIRECTION('',(0.,1.,0.));
#13753 = DIRECTION('',(1.,0.,0.));
#13754 = ADVANCED_FACE('',(#13755),#13771,.T.);
#13755 = FACE_BOUND('',#13756,.T.);
#13756 = EDGE_LOOP('',(#13757,#13758,#13764,#13765));
#13757 = ORIENTED_EDGE('',*,*,#13736,.T.);
#13758 = ORIENTED_EDGE('',*,*,#13759,.T.);
#13759 = EDGE_CURVE('',#13729,#13535,#13760,.T.);
#13760 = LINE('',#13761,#13762);
#13761 = CARTESIAN_POINT('',(105.,-95.,0.91));
#13762 = VECTOR('',#13763,1.);
#13763 = DIRECTION('',(0.707106781187,-0.707106781187,0.));
#13764 = ORIENTED_EDGE('',*,*,#13532,.F.);
#13765 = ORIENTED_EDGE('',*,*,#13766,.F.);
#13766 = EDGE_CURVE('',#13737,#13533,#13767,.T.);
#13767 = LINE('',#13768,#13769);
#13768 = CARTESIAN_POINT('',(105.,-95.,0.));
#13769 = VECTOR('',#13770,1.);
#13770 = DIRECTION('',(0.707106781187,-0.707106781187,0.));
#13771 = PLANE('',#13772);
#13772 = AXIS2_PLACEMENT_3D('',#13773,#13774,#13775);
#13773 = CARTESIAN_POINT('',(105.,-95.,0.));
#13774 = DIRECTION('',(0.707106781187,0.707106781187,-0.));
#13775 = DIRECTION('',(0.707106781187,-0.707106781187,0.));
#13776 = ADVANCED_FACE('',(#13777),#13787,.F.);
#13777 = FACE_BOUND('',#13778,.T.);
#13778 = EDGE_LOOP('',(#13779,#13780,#13781,#13782,#13783,#13784,#13785,
    #13786));
#13779 = ORIENTED_EDGE('',*,*,#13558,.T.);
#13780 = ORIENTED_EDGE('',*,*,#13589,.T.);
#13781 = ORIENTED_EDGE('',*,*,#13620,.T.);
#13782 = ORIENTED_EDGE('',*,*,#13651,.T.);
#13783 = ORIENTED_EDGE('',*,*,#13682,.T.);
#13784 = ORIENTED_EDGE('',*,*,#13713,.T.);
#13785 = ORIENTED_EDGE('',*,*,#13744,.T.);
#13786 = ORIENTED_EDGE('',*,*,#13766,.T.);
#13787 = PLANE('',#13788);
#13788 = AXIS2_PLACEMENT_3D('',#13789,#13790,#13791);
#13789 = CARTESIAN_POINT('',(0.,0.,0.));
#13790 = DIRECTION('',(0.,0.,1.));
#13791 = DIRECTION('',(1.,0.,-0.));
#13792 = ADVANCED_FACE('',(#13793),#13803,.T.);
#13793 = FACE_BOUND('',#13794,.F.);
#13794 = EDGE_LOOP('',(#13795,#13796,#13797,#13798,#13799,#13800,#13801,
    #13802));
#13795 = ORIENTED_EDGE('',*,*,#13542,.T.);
#13796 = ORIENTED_EDGE('',*,*,#13573,.T.);
#13797 = ORIENTED_EDGE('',*,*,#13604,.T.);
#13798 = ORIENTED_EDGE('',*,*,#13635,.T.);
#13799 = ORIENTED_EDGE('',*,*,#13666,.T.);
#13800 = ORIENTED_EDGE('',*,*,#13697,.T.);
#13801 = ORIENTED_EDGE('',*,*,#13728,.T.);
#13802 = ORIENTED_EDGE('',*,*,#13759,.T.);
#13803 = PLANE('',#13804);
#13804 = AXIS2_PLACEMENT_3D('',#13805,#13806,#13807);
#13805 = CARTESIAN_POINT('',(0.,0.,0.91));
#13806 = DIRECTION('',(0.,0.,1.));
#13807 = DIRECTION('',(1.,0.,-0.));
#13808 = ( GEOMETRIC_REPRESENTATION_CONTEXT(3) 
GLOBAL_UNCERTAINTY_ASSIGNED_CONTEXT((#13812)) 
GLOBAL_UNIT_ASSIGNED_CONTEXT((#13809,#13810,#13811)) 
REPRESENTATION_CONTEXT('Context #1',
  '3D Context with UNIT and UNCERTAINTY') );
#13809 = ( LENGTH_UNIT() NAMED_UNIT(*) SI_UNIT(.MILLI.,.METRE.) );
#13810 = ( NAMED_UNIT(*) PLANE_ANGLE_UNIT() SI_UNIT($,.RADIAN.) );
#13811 = ( NAMED_UNIT(*) SI_UNIT($,.STERADIAN.) SOLID_ANGLE_UNIT() );
#13812 = UNCERTAINTY_MEASURE_WITH_UNIT(LENGTH_MEASURE(1.E-07),#13809,
  'distance_accuracy_value','confusion accuracy');
#13813 = CONTEXT_DEPENDENT_SHAPE_REPRESENTATION(#13814,#13816);
#13814 = ( REPRESENTATION_RELATIONSHIP('','',#13525,#10) 
REPRESENTATION_RELATIONSHIP_WITH_TRANSFORMATION(#13815) 
SHAPE_REPRESENTATION_RELATIONSHIP() );
#13815 = ITEM_DEFINED_TRANSFORMATION('','',#11,#39);
#13816 = PRODUCT_DEFINITION_SHAPE('Placement','Placement of an item',
  #13817);
#13817 = NEXT_ASSEMBLY_USAGE_OCCURRENCE('12','=>[0:1:1:12]','',#5,#13520
  ,$);
#13818 = PRODUCT_RELATED_PRODUCT_CATEGORY('part',$,(#13522));
#13819 = MECHANICAL_DESIGN_GEOMETRIC_PRESENTATION_REPRESENTATION('',(
    #13820,#13828,#13835,#13842,#13849,#13856,#13863,#13870,#13877,
    #13884,#13891,#13899,#13906,#13913,#13920,#13927,#13934,#13941,
    #13948,#13955,#13962,#13969,#13976,#13983,#13990,#13997,#14004,
    #14011),#1830);
#13820 = STYLED_ITEM('color',(#13821),#978);
#13821 = PRESENTATION_STYLE_ASSIGNMENT((#13822));
#13822 = SURFACE_STYLE_USAGE(.BOTH.,#13823);
#13823 = SURFACE_SIDE_STYLE('',(#13824));
#13824 = SURFACE_STYLE_FILL_AREA(#13825);
#13825 = FILL_AREA_STYLE('',(#13826));
#13826 = FILL_AREA_STYLE_COLOUR('',#13827);
#13827 = COLOUR_RGB('',0.823999987314,0.819999987296,0.781000009244);
#13828 = STYLED_ITEM('color',(#13829),#1054);
#13829 = PRESENTATION_STYLE_ASSIGNMENT((#13830));
#13830 = SURFACE_STYLE_USAGE(.BOTH.,#13831);
#13831 = SURFACE_SIDE_STYLE('',(#13832));
#13832 = SURFACE_STYLE_FILL_AREA(#13833);
#13833 = FILL_AREA_STYLE('',(#13834));
#13834 = FILL_AREA_STYLE_COLOUR('',#13827);
#13835 = STYLED_ITEM('color',(#13836),#1085);
#13836 = PRESENTATION_STYLE_ASSIGNMENT((#13837));
#13837 = SURFACE_STYLE_USAGE(.BOTH.,#13838);
#13838 = SURFACE_SIDE_STYLE('',(#13839));
#13839 = SURFACE_STYLE_FILL_AREA(#13840);
#13840 = FILL_AREA_STYLE('',(#13841));
#13841 = FILL_AREA_STYLE_COLOUR('',#13827);
#13842 = STYLED_ITEM('color',(#13843),#1110);
#13843 = PRESENTATION_STYLE_ASSIGNMENT((#13844));
#13844 = SURFACE_STYLE_USAGE(.BOTH.,#13845);
#13845 = SURFACE_SIDE_STYLE('',(#13846));
#13846 = SURFACE_STYLE_FILL_AREA(#13847);
#13847 = FILL_AREA_STYLE('',(#13848));
#13848 = FILL_AREA_STYLE_COLOUR('',#13827);
#13849 = STYLED_ITEM('color',(#13850),#1135);
#13850 = PRESENTATION_STYLE_ASSIGNMENT((#13851));
#13851 = SURFACE_STYLE_USAGE(.BOTH.,#13852);
#13852 = SURFACE_SIDE_STYLE('',(#13853));
#13853 = SURFACE_STYLE_FILL_AREA(#13854);
#13854 = FILL_AREA_STYLE('',(#13855));
#13855 = FILL_AREA_STYLE_COLOUR('',#13827);
#13856 = STYLED_ITEM('color',(#13857),#1159);
#13857 = PRESENTATION_STYLE_ASSIGNMENT((#13858));
#13858 = SURFACE_STYLE_USAGE(.BOTH.,#13859);
#13859 = SURFACE_SIDE_STYLE('',(#13860));
#13860 = SURFACE_STYLE_FILL_AREA(#13861);
#13861 = FILL_AREA_STYLE('',(#13862));
#13862 = FILL_AREA_STYLE_COLOUR('',#13827);
#13863 = STYLED_ITEM('color',(#13864),#1183);
#13864 = PRESENTATION_STYLE_ASSIGNMENT((#13865));
#13865 = SURFACE_STYLE_USAGE(.BOTH.,#13866);
#13866 = SURFACE_SIDE_STYLE('',(#13867));
#13867 = SURFACE_STYLE_FILL_AREA(#13868);
#13868 = FILL_AREA_STYLE('',(#13869));
#13869 = FILL_AREA_STYLE_COLOUR('',#13827);
#13870 = STYLED_ITEM('color',(#13871),#1208);
#13871 = PRESENTATION_STYLE_ASSIGNMENT((#13872));
#13872 = SURFACE_STYLE_USAGE(.BOTH.,#13873);
#13873 = SURFACE_SIDE_STYLE('',(#13874));
#13874 = SURFACE_STYLE_FILL_AREA(#13875);
#13875 = FILL_AREA_STYLE('',(#13876));
#13876 = FILL_AREA_STYLE_COLOUR('',#13827);
#13877 = STYLED_ITEM('color',(#13878),#1233);
#13878 = PRESENTATION_STYLE_ASSIGNMENT((#13879));
#13879 = SURFACE_STYLE_USAGE(.BOTH.,#13880);
#13880 = SURFACE_SIDE_STYLE('',(#13881));
#13881 = SURFACE_STYLE_FILL_AREA(#13882);
#13882 = FILL_AREA_STYLE('',(#13883));
#13883 = FILL_AREA_STYLE_COLOUR('',#13827);
#13884 = STYLED_ITEM('color',(#13885),#1250);
#13885 = PRESENTATION_STYLE_ASSIGNMENT((#13886));
#13886 = SURFACE_STYLE_USAGE(.BOTH.,#13887);
#13887 = SURFACE_SIDE_STYLE('',(#13888));
#13888 = SURFACE_STYLE_FILL_AREA(#13889);
#13889 = FILL_AREA_STYLE('',(#13890));
#13890 = FILL_AREA_STYLE_COLOUR('',#13827);
#13891 = STYLED_ITEM('color',(#13892),#1336);
#13892 = PRESENTATION_STYLE_ASSIGNMENT((#13893));
#13893 = SURFACE_STYLE_USAGE(.BOTH.,#13894);
#13894 = SURFACE_SIDE_STYLE('',(#13895));
#13895 = SURFACE_STYLE_FILL_AREA(#13896);
#13896 = FILL_AREA_STYLE('',(#13897));
#13897 = FILL_AREA_STYLE_COLOUR('',#13898);
#13898 = COLOUR_RGB('',0.379000005575,0.270000008848,0.214999999939);
#13899 = STYLED_ITEM('color',(#13900),#1368);
#13900 = PRESENTATION_STYLE_ASSIGNMENT((#13901));
#13901 = SURFACE_STYLE_USAGE(.BOTH.,#13902);
#13902 = SURFACE_SIDE_STYLE('',(#13903));
#13903 = SURFACE_STYLE_FILL_AREA(#13904);
#13904 = FILL_AREA_STYLE('',(#13905));
#13905 = FILL_AREA_STYLE_COLOUR('',#13898);
#13906 = STYLED_ITEM('color',(#13907),#1392);
#13907 = PRESENTATION_STYLE_ASSIGNMENT((#13908));
#13908 = SURFACE_STYLE_USAGE(.BOTH.,#13909);
#13909 = SURFACE_SIDE_STYLE('',(#13910));
#13910 = SURFACE_STYLE_FILL_AREA(#13911);
#13911 = FILL_AREA_STYLE('',(#13912));
#13912 = FILL_AREA_STYLE_COLOUR('',#13898);
#13913 = STYLED_ITEM('color',(#13914),#1417);
#13914 = PRESENTATION_STYLE_ASSIGNMENT((#13915));
#13915 = SURFACE_STYLE_USAGE(.BOTH.,#13916);
#13916 = SURFACE_SIDE_STYLE('',(#13917));
#13917 = SURFACE_STYLE_FILL_AREA(#13918);
#13918 = FILL_AREA_STYLE('',(#13919));
#13919 = FILL_AREA_STYLE_COLOUR('',#13898);
#13920 = STYLED_ITEM('color',(#13921),#1441);
#13921 = PRESENTATION_STYLE_ASSIGNMENT((#13922));
#13922 = SURFACE_STYLE_USAGE(.BOTH.,#13923);
#13923 = SURFACE_SIDE_STYLE('',(#13924));
#13924 = SURFACE_STYLE_FILL_AREA(#13925);
#13925 = FILL_AREA_STYLE('',(#13926));
#13926 = FILL_AREA_STYLE_COLOUR('',#13898);
#13927 = STYLED_ITEM('color',(#13928),#1466);
#13928 = PRESENTATION_STYLE_ASSIGNMENT((#13929));
#13929 = SURFACE_STYLE_USAGE(.BOTH.,#13930);
#13930 = SURFACE_SIDE_STYLE('',(#13931));
#13931 = SURFACE_STYLE_FILL_AREA(#13932);
#13932 = FILL_AREA_STYLE('',(#13933));
#13933 = FILL_AREA_STYLE_COLOUR('',#13898);
#13934 = STYLED_ITEM('color',(#13935),#1490);
#13935 = PRESENTATION_STYLE_ASSIGNMENT((#13936));
#13936 = SURFACE_STYLE_USAGE(.BOTH.,#13937);
#13937 = SURFACE_SIDE_STYLE('',(#13938));
#13938 = SURFACE_STYLE_FILL_AREA(#13939);
#13939 = FILL_AREA_STYLE('',(#13940));
#13940 = FILL_AREA_STYLE_COLOUR('',#13898);
#13941 = STYLED_ITEM('color',(#13942),#1515);
#13942 = PRESENTATION_STYLE_ASSIGNMENT((#13943));
#13943 = SURFACE_STYLE_USAGE(.BOTH.,#13944);
#13944 = SURFACE_SIDE_STYLE('',(#13945));
#13945 = SURFACE_STYLE_FILL_AREA(#13946);
#13946 = FILL_AREA_STYLE('',(#13947));
#13947 = FILL_AREA_STYLE_COLOUR('',#13898);
#13948 = STYLED_ITEM('color',(#13949),#1532);
#13949 = PRESENTATION_STYLE_ASSIGNMENT((#13950));
#13950 = SURFACE_STYLE_USAGE(.BOTH.,#13951);
#13951 = SURFACE_SIDE_STYLE('',(#13952));
#13952 = SURFACE_STYLE_FILL_AREA(#13953);
#13953 = FILL_AREA_STYLE('',(#13954));
#13954 = FILL_AREA_STYLE_COLOUR('',#13827);
#13955 = STYLED_ITEM('color',(#13956),#1618);
#13956 = PRESENTATION_STYLE_ASSIGNMENT((#13957));
#13957 = SURFACE_STYLE_USAGE(.BOTH.,#13958);
#13958 = SURFACE_SIDE_STYLE('',(#13959));
#13959 = SURFACE_STYLE_FILL_AREA(#13960);
#13960 = FILL_AREA_STYLE('',(#13961));
#13961 = FILL_AREA_STYLE_COLOUR('',#13827);
#13962 = STYLED_ITEM('color',(#13963),#1649);
#13963 = PRESENTATION_STYLE_ASSIGNMENT((#13964));
#13964 = SURFACE_STYLE_USAGE(.BOTH.,#13965);
#13965 = SURFACE_SIDE_STYLE('',(#13966));
#13966 = SURFACE_STYLE_FILL_AREA(#13967);
#13967 = FILL_AREA_STYLE('',(#13968));
#13968 = FILL_AREA_STYLE_COLOUR('',#13827);
#13969 = STYLED_ITEM('color',(#13970),#1674);
#13970 = PRESENTATION_STYLE_ASSIGNMENT((#13971));
#13971 = SURFACE_STYLE_USAGE(.BOTH.,#13972);
#13972 = SURFACE_SIDE_STYLE('',(#13973));
#13973 = SURFACE_STYLE_FILL_AREA(#13974);
#13974 = FILL_AREA_STYLE('',(#13975));
#13975 = FILL_AREA_STYLE_COLOUR('',#13827);
#13976 = STYLED_ITEM('color',(#13977),#1699);
#13977 = PRESENTATION_STYLE_ASSIGNMENT((#13978));
#13978 = SURFACE_STYLE_USAGE(.BOTH.,#13979);
#13979 = SURFACE_SIDE_STYLE('',(#13980));
#13980 = SURFACE_STYLE_FILL_AREA(#13981);
#13981 = FILL_AREA_STYLE('',(#13982));
#13982 = FILL_AREA_STYLE_COLOUR('',#13827);
#13983 = STYLED_ITEM('color',(#13984),#1723);
#13984 = PRESENTATION_STYLE_ASSIGNMENT((#13985));
#13985 = SURFACE_STYLE_USAGE(.BOTH.,#13986);
#13986 = SURFACE_SIDE_STYLE('',(#13987));
#13987 = SURFACE_STYLE_FILL_AREA(#13988);
#13988 = FILL_AREA_STYLE('',(#13989));
#13989 = FILL_AREA_STYLE_COLOUR('',#13827);
#13990 = STYLED_ITEM('color',(#13991),#1747);
#13991 = PRESENTATION_STYLE_ASSIGNMENT((#13992));
#13992 = SURFACE_STYLE_USAGE(.BOTH.,#13993);
#13993 = SURFACE_SIDE_STYLE('',(#13994));
#13994 = SURFACE_STYLE_FILL_AREA(#13995);
#13995 = FILL_AREA_STYLE('',(#13996));
#13996 = FILL_AREA_STYLE_COLOUR('',#13827);
#13997 = STYLED_ITEM('color',(#13998),#1772);
#13998 = PRESENTATION_STYLE_ASSIGNMENT((#13999));
#13999 = SURFACE_STYLE_USAGE(.BOTH.,#14000);
#14000 = SURFACE_SIDE_STYLE('',(#14001));
#14001 = SURFACE_STYLE_FILL_AREA(#14002);
#14002 = FILL_AREA_STYLE('',(#14003));
#14003 = FILL_AREA_STYLE_COLOUR('',#13827);
#14004 = STYLED_ITEM('color',(#14005),#1797);
#14005 = PRESENTATION_STYLE_ASSIGNMENT((#14006));
#14006 = SURFACE_STYLE_USAGE(.BOTH.,#14007);
#14007 = SURFACE_SIDE_STYLE('',(#14008));
#14008 = SURFACE_STYLE_FILL_AREA(#14009);
#14009 = FILL_AREA_STYLE('',(#14010));
#14010 = FILL_AREA_STYLE_COLOUR('',#13827);
#14011 = STYLED_ITEM('color',(#14012),#1814);
#14012 = PRESENTATION_STYLE_ASSIGNMENT((#14013));
#14013 = SURFACE_STYLE_USAGE(.BOTH.,#14014);
#14014 = SURFACE_SIDE_STYLE('',(#14015));
#14015 = SURFACE_STYLE_FILL_AREA(#14016);
#14016 = FILL_AREA_STYLE('',(#14017));
#14017 = FILL_AREA_STYLE_COLOUR('',#13827);
#14018 = MECHANICAL_DESIGN_GEOMETRIC_PRESENTATION_REPRESENTATION('',(
    #14019),#13808);
#14019 = STYLED_ITEM('color',(#14020),#13526);
#14020 = PRESENTATION_STYLE_ASSIGNMENT((#14021));
#14021 = SURFACE_STYLE_USAGE(.BOTH.,#14022);
#14022 = SURFACE_SIDE_STYLE('',(#14023));
#14023 = SURFACE_STYLE_FILL_AREA(#14024);
#14024 = FILL_AREA_STYLE('',(#14025));
#14025 = FILL_AREA_STYLE_COLOUR('',#14026);
#14026 = COLOUR_RGB('',0.313304153717,0.484529207832,0.410020903123);
#14027 = MECHANICAL_DESIGN_GEOMETRIC_PRESENTATION_REPRESENTATION('',(
    #14028,#14038,#14047,#14056,#14065,#14074,#14083,#14092,#14101,
    #14110,#14119,#14128,#14137,#14146,#14155,#14164,#14173,#14182,
    #14191,#14200,#14209,#14218,#14227,#14236,#14245,#14254,#14263,
    #14272,#14281,#14290,#14299,#14308,#14317,#14326,#14335,#14344,
    #14353,#14362,#14371,#14380,#14389,#14398,#14407,#14416,#14425,
    #14434,#14443,#14452,#14461,#14470,#14479,#14488,#14497,#14506,
    #14515,#14524,#14533,#14542,#14551,#14560,#14569,#14578,#14587,
    #14596,#14605,#14614,#14623,#14632,#14641,#14650,#14659,#14668,
    #14677,#14686,#14695,#14704,#14713,#14722,#14731,#14740,#14749,
    #14758,#14767,#14776,#14785,#14794,#14803,#14812,#14821,#14830,
    #14839,#14848,#14857,#14866,#14875,#14884,#14893,#14902,#14911,
    #14920,#14929,#14938,#14947,#14956,#14965,#14974,#14983,#14992,
    #15001,#15010,#15019,#15028,#15037),#13507);
#14028 = STYLED_ITEM('color',(#14029),#10025);
#14029 = PRESENTATION_STYLE_ASSIGNMENT((#14030,#14036));
#14030 = SURFACE_STYLE_USAGE(.BOTH.,#14031);
#14031 = SURFACE_SIDE_STYLE('',(#14032));
#14032 = SURFACE_STYLE_FILL_AREA(#14033);
#14033 = FILL_AREA_STYLE('',(#14034));
#14034 = FILL_AREA_STYLE_COLOUR('',#14035);
#14035 = COLOUR_RGB('',0.894999966383,0.890999961016,0.813000030345);
#14036 = CURVE_STYLE('',#14037,POSITIVE_LENGTH_MEASURE(0.1),#14035);
#14037 = DRAUGHTING_PRE_DEFINED_CURVE_FONT('continuous');
#14038 = STYLED_ITEM('color',(#14039),#10129);
#14039 = PRESENTATION_STYLE_ASSIGNMENT((#14040,#14045));
#14040 = SURFACE_STYLE_USAGE(.BOTH.,#14041);
#14041 = SURFACE_SIDE_STYLE('',(#14042));
#14042 = SURFACE_STYLE_FILL_AREA(#14043);
#14043 = FILL_AREA_STYLE('',(#14044));
#14044 = FILL_AREA_STYLE_COLOUR('',#14035);
#14045 = CURVE_STYLE('',#14046,POSITIVE_LENGTH_MEASURE(0.1),#14035);
#14046 = DRAUGHTING_PRE_DEFINED_CURVE_FONT('continuous');
#14047 = STYLED_ITEM('color',(#14048),#10400);
#14048 = PRESENTATION_STYLE_ASSIGNMENT((#14049,#14054));
#14049 = SURFACE_STYLE_USAGE(.BOTH.,#14050);
#14050 = SURFACE_SIDE_STYLE('',(#14051));
#14051 = SURFACE_STYLE_FILL_AREA(#14052);
#14052 = FILL_AREA_STYLE('',(#14053));
#14053 = FILL_AREA_STYLE_COLOUR('',#14035);
#14054 = CURVE_STYLE('',#14055,POSITIVE_LENGTH_MEASURE(0.1),#14035);
#14055 = DRAUGHTING_PRE_DEFINED_CURVE_FONT('continuous');
#14056 = STYLED_ITEM('color',(#14057),#10424);
#14057 = PRESENTATION_STYLE_ASSIGNMENT((#14058,#14063));
#14058 = SURFACE_STYLE_USAGE(.BOTH.,#14059);
#14059 = SURFACE_SIDE_STYLE('',(#14060));
#14060 = SURFACE_STYLE_FILL_AREA(#14061);
#14061 = FILL_AREA_STYLE('',(#14062));
#14062 = FILL_AREA_STYLE_COLOUR('',#14035);
#14063 = CURVE_STYLE('',#14064,POSITIVE_LENGTH_MEASURE(0.1),#14035);
#14064 = DRAUGHTING_PRE_DEFINED_CURVE_FONT('continuous');
#14065 = STYLED_ITEM('color',(#14066),#10448);
#14066 = PRESENTATION_STYLE_ASSIGNMENT((#14067,#14072));
#14067 = SURFACE_STYLE_USAGE(.BOTH.,#14068);
#14068 = SURFACE_SIDE_STYLE('',(#14069));
#14069 = SURFACE_STYLE_FILL_AREA(#14070);
#14070 = FILL_AREA_STYLE('',(#14071));
#14071 = FILL_AREA_STYLE_COLOUR('',#14035);
#14072 = CURVE_STYLE('',#14073,POSITIVE_LENGTH_MEASURE(0.1),#14035);
#14073 = DRAUGHTING_PRE_DEFINED_CURVE_FONT('continuous');
#14074 = STYLED_ITEM('color',(#14075),#10472);
#14075 = PRESENTATION_STYLE_ASSIGNMENT((#14076,#14081));
#14076 = SURFACE_STYLE_USAGE(.BOTH.,#14077);
#14077 = SURFACE_SIDE_STYLE('',(#14078));
#14078 = SURFACE_STYLE_FILL_AREA(#14079);
#14079 = FILL_AREA_STYLE('',(#14080));
#14080 = FILL_AREA_STYLE_COLOUR('',#14035);
#14081 = CURVE_STYLE('',#14082,POSITIVE_LENGTH_MEASURE(0.1),#14035);
#14082 = DRAUGHTING_PRE_DEFINED_CURVE_FONT('continuous');
#14083 = STYLED_ITEM('color',(#14084),#10496);
#14084 = PRESENTATION_STYLE_ASSIGNMENT((#14085,#14090));
#14085 = SURFACE_STYLE_USAGE(.BOTH.,#14086);
#14086 = SURFACE_SIDE_STYLE('',(#14087));
#14087 = SURFACE_STYLE_FILL_AREA(#14088);
#14088 = FILL_AREA_STYLE('',(#14089));
#14089 = FILL_AREA_STYLE_COLOUR('',#14035);
#14090 = CURVE_STYLE('',#14091,POSITIVE_LENGTH_MEASURE(0.1),#14035);
#14091 = DRAUGHTING_PRE_DEFINED_CURVE_FONT('continuous');
#14092 = STYLED_ITEM('color',(#14093),#10657);
#14093 = PRESENTATION_STYLE_ASSIGNMENT((#14094,#14099));
#14094 = SURFACE_STYLE_USAGE(.BOTH.,#14095);
#14095 = SURFACE_SIDE_STYLE('',(#14096));
#14096 = SURFACE_STYLE_FILL_AREA(#14097);
#14097 = FILL_AREA_STYLE('',(#14098));
#14098 = FILL_AREA_STYLE_COLOUR('',#14035);
#14099 = CURVE_STYLE('',#14100,POSITIVE_LENGTH_MEASURE(0.1),#14035);
#14100 = DRAUGHTING_PRE_DEFINED_CURVE_FONT('continuous');
#14101 = STYLED_ITEM('color',(#14102),#10713);
#14102 = PRESENTATION_STYLE_ASSIGNMENT((#14103,#14108));
#14103 = SURFACE_STYLE_USAGE(.BOTH.,#14104);
#14104 = SURFACE_SIDE_STYLE('',(#14105));
#14105 = SURFACE_STYLE_FILL_AREA(#14106);
#14106 = FILL_AREA_STYLE('',(#14107));
#14107 = FILL_AREA_STYLE_COLOUR('',#14035);
#14108 = CURVE_STYLE('',#14109,POSITIVE_LENGTH_MEASURE(0.1),#14035);
#14109 = DRAUGHTING_PRE_DEFINED_CURVE_FONT('continuous');
#14110 = STYLED_ITEM('color',(#14111),#10737);
#14111 = PRESENTATION_STYLE_ASSIGNMENT((#14112,#14117));
#14112 = SURFACE_STYLE_USAGE(.BOTH.,#14113);
#14113 = SURFACE_SIDE_STYLE('',(#14114));
#14114 = SURFACE_STYLE_FILL_AREA(#14115);
#14115 = FILL_AREA_STYLE('',(#14116));
#14116 = FILL_AREA_STYLE_COLOUR('',#14035);
#14117 = CURVE_STYLE('',#14118,POSITIVE_LENGTH_MEASURE(0.1),#14035);
#14118 = DRAUGHTING_PRE_DEFINED_CURVE_FONT('continuous');
#14119 = STYLED_ITEM('color',(#14120),#10761);
#14120 = PRESENTATION_STYLE_ASSIGNMENT((#14121,#14126));
#14121 = SURFACE_STYLE_USAGE(.BOTH.,#14122);
#14122 = SURFACE_SIDE_STYLE('',(#14123));
#14123 = SURFACE_STYLE_FILL_AREA(#14124);
#14124 = FILL_AREA_STYLE('',(#14125));
#14125 = FILL_AREA_STYLE_COLOUR('',#14035);
#14126 = CURVE_STYLE('',#14127,POSITIVE_LENGTH_MEASURE(0.1),#14035);
#14127 = DRAUGHTING_PRE_DEFINED_CURVE_FONT('continuous');
#14128 = STYLED_ITEM('color',(#14129),#10785);
#14129 = PRESENTATION_STYLE_ASSIGNMENT((#14130,#14135));
#14130 = SURFACE_STYLE_USAGE(.BOTH.,#14131);
#14131 = SURFACE_SIDE_STYLE('',(#14132));
#14132 = SURFACE_STYLE_FILL_AREA(#14133);
#14133 = FILL_AREA_STYLE('',(#14134));
#14134 = FILL_AREA_STYLE_COLOUR('',#14035);
#14135 = CURVE_STYLE('',#14136,POSITIVE_LENGTH_MEASURE(0.1),#14035);
#14136 = DRAUGHTING_PRE_DEFINED_CURVE_FONT('continuous');
#14137 = STYLED_ITEM('color',(#14138),#10809);
#14138 = PRESENTATION_STYLE_ASSIGNMENT((#14139,#14144));
#14139 = SURFACE_STYLE_USAGE(.BOTH.,#14140);
#14140 = SURFACE_SIDE_STYLE('',(#14141));
#14141 = SURFACE_STYLE_FILL_AREA(#14142);
#14142 = FILL_AREA_STYLE('',(#14143));
#14143 = FILL_AREA_STYLE_COLOUR('',#14035);
#14144 = CURVE_STYLE('',#14145,POSITIVE_LENGTH_MEASURE(0.1),#14035);
#14145 = DRAUGHTING_PRE_DEFINED_CURVE_FONT('continuous');
#14146 = STYLED_ITEM('color',(#14147),#10987);
#14147 = PRESENTATION_STYLE_ASSIGNMENT((#14148,#14153));
#14148 = SURFACE_STYLE_USAGE(.BOTH.,#14149);
#14149 = SURFACE_SIDE_STYLE('',(#14150));
#14150 = SURFACE_STYLE_FILL_AREA(#14151);
#14151 = FILL_AREA_STYLE('',(#14152));
#14152 = FILL_AREA_STYLE_COLOUR('',#14035);
#14153 = CURVE_STYLE('',#14154,POSITIVE_LENGTH_MEASURE(0.1),#14035);
#14154 = DRAUGHTING_PRE_DEFINED_CURVE_FONT('continuous');
#14155 = STYLED_ITEM('color',(#14156),#11059);
#14156 = PRESENTATION_STYLE_ASSIGNMENT((#14157,#14162));
#14157 = SURFACE_STYLE_USAGE(.BOTH.,#14158);
#14158 = SURFACE_SIDE_STYLE('',(#14159));
#14159 = SURFACE_STYLE_FILL_AREA(#14160);
#14160 = FILL_AREA_STYLE('',(#14161));
#14161 = FILL_AREA_STYLE_COLOUR('',#14035);
#14162 = CURVE_STYLE('',#14163,POSITIVE_LENGTH_MEASURE(0.1),#14035);
#14163 = DRAUGHTING_PRE_DEFINED_CURVE_FONT('continuous');
#14164 = STYLED_ITEM('color',(#14165),#11083);
#14165 = PRESENTATION_STYLE_ASSIGNMENT((#14166,#14171));
#14166 = SURFACE_STYLE_USAGE(.BOTH.,#14167);
#14167 = SURFACE_SIDE_STYLE('',(#14168));
#14168 = SURFACE_STYLE_FILL_AREA(#14169);
#14169 = FILL_AREA_STYLE('',(#14170));
#14170 = FILL_AREA_STYLE_COLOUR('',#13827);
#14171 = CURVE_STYLE('',#14172,POSITIVE_LENGTH_MEASURE(0.1),#13827);
#14172 = DRAUGHTING_PRE_DEFINED_CURVE_FONT('continuous');
#14173 = STYLED_ITEM('color',(#14174),#11114);
#14174 = PRESENTATION_STYLE_ASSIGNMENT((#14175,#14180));
#14175 = SURFACE_STYLE_USAGE(.BOTH.,#14176);
#14176 = SURFACE_SIDE_STYLE('',(#14177));
#14177 = SURFACE_STYLE_FILL_AREA(#14178);
#14178 = FILL_AREA_STYLE('',(#14179));
#14179 = FILL_AREA_STYLE_COLOUR('',#13827);
#14180 = CURVE_STYLE('',#14181,POSITIVE_LENGTH_MEASURE(0.1),#13827);
#14181 = DRAUGHTING_PRE_DEFINED_CURVE_FONT('continuous');
#14182 = STYLED_ITEM('color',(#14183),#11138);
#14183 = PRESENTATION_STYLE_ASSIGNMENT((#14184,#14189));
#14184 = SURFACE_STYLE_USAGE(.BOTH.,#14185);
#14185 = SURFACE_SIDE_STYLE('',(#14186));
#14186 = SURFACE_STYLE_FILL_AREA(#14187);
#14187 = FILL_AREA_STYLE('',(#14188));
#14188 = FILL_AREA_STYLE_COLOUR('',#13827);
#14189 = CURVE_STYLE('',#14190,POSITIVE_LENGTH_MEASURE(0.1),#13827);
#14190 = DRAUGHTING_PRE_DEFINED_CURVE_FONT('continuous');
#14191 = STYLED_ITEM('color',(#14192),#11169);
#14192 = PRESENTATION_STYLE_ASSIGNMENT((#14193,#14198));
#14193 = SURFACE_STYLE_USAGE(.BOTH.,#14194);
#14194 = SURFACE_SIDE_STYLE('',(#14195));
#14195 = SURFACE_STYLE_FILL_AREA(#14196);
#14196 = FILL_AREA_STYLE('',(#14197));
#14197 = FILL_AREA_STYLE_COLOUR('',#13827);
#14198 = CURVE_STYLE('',#14199,POSITIVE_LENGTH_MEASURE(0.1),#13827);
#14199 = DRAUGHTING_PRE_DEFINED_CURVE_FONT('continuous');
#14200 = STYLED_ITEM('color',(#14201),#11193);
#14201 = PRESENTATION_STYLE_ASSIGNMENT((#14202,#14207));
#14202 = SURFACE_STYLE_USAGE(.BOTH.,#14203);
#14203 = SURFACE_SIDE_STYLE('',(#14204));
#14204 = SURFACE_STYLE_FILL_AREA(#14205);
#14205 = FILL_AREA_STYLE('',(#14206));
#14206 = FILL_AREA_STYLE_COLOUR('',#13827);
#14207 = CURVE_STYLE('',#14208,POSITIVE_LENGTH_MEASURE(0.1),#13827);
#14208 = DRAUGHTING_PRE_DEFINED_CURVE_FONT('continuous');
#14209 = STYLED_ITEM('color',(#14210),#11233);
#14210 = PRESENTATION_STYLE_ASSIGNMENT((#14211,#14216));
#14211 = SURFACE_STYLE_USAGE(.BOTH.,#14212);
#14212 = SURFACE_SIDE_STYLE('',(#14213));
#14213 = SURFACE_STYLE_FILL_AREA(#14214);
#14214 = FILL_AREA_STYLE('',(#14215));
#14215 = FILL_AREA_STYLE_COLOUR('',#13827);
#14216 = CURVE_STYLE('',#14217,POSITIVE_LENGTH_MEASURE(0.1),#13827);
#14217 = DRAUGHTING_PRE_DEFINED_CURVE_FONT('continuous');
#14218 = STYLED_ITEM('color',(#14219),#11257);
#14219 = PRESENTATION_STYLE_ASSIGNMENT((#14220,#14225));
#14220 = SURFACE_STYLE_USAGE(.BOTH.,#14221);
#14221 = SURFACE_SIDE_STYLE('',(#14222));
#14222 = SURFACE_STYLE_FILL_AREA(#14223);
#14223 = FILL_AREA_STYLE('',(#14224));
#14224 = FILL_AREA_STYLE_COLOUR('',#13827);
#14225 = CURVE_STYLE('',#14226,POSITIVE_LENGTH_MEASURE(0.1),#13827);
#14226 = DRAUGHTING_PRE_DEFINED_CURVE_FONT('continuous');
#14227 = STYLED_ITEM('color',(#14228),#11290);
#14228 = PRESENTATION_STYLE_ASSIGNMENT((#14229,#14234));
#14229 = SURFACE_STYLE_USAGE(.BOTH.,#14230);
#14230 = SURFACE_SIDE_STYLE('',(#14231));
#14231 = SURFACE_STYLE_FILL_AREA(#14232);
#14232 = FILL_AREA_STYLE('',(#14233));
#14233 = FILL_AREA_STYLE_COLOUR('',#13827);
#14234 = CURVE_STYLE('',#14235,POSITIVE_LENGTH_MEASURE(0.1),#13827);
#14235 = DRAUGHTING_PRE_DEFINED_CURVE_FONT('continuous');
#14236 = STYLED_ITEM('color',(#14237),#11330);
#14237 = PRESENTATION_STYLE_ASSIGNMENT((#14238,#14243));
#14238 = SURFACE_STYLE_USAGE(.BOTH.,#14239);
#14239 = SURFACE_SIDE_STYLE('',(#14240));
#14240 = SURFACE_STYLE_FILL_AREA(#14241);
#14241 = FILL_AREA_STYLE('',(#14242));
#14242 = FILL_AREA_STYLE_COLOUR('',#13827);
#14243 = CURVE_STYLE('',#14244,POSITIVE_LENGTH_MEASURE(0.1),#13827);
#14244 = DRAUGHTING_PRE_DEFINED_CURVE_FONT('continuous');
#14245 = STYLED_ITEM('color',(#14246),#11354);
#14246 = PRESENTATION_STYLE_ASSIGNMENT((#14247,#14252));
#14247 = SURFACE_STYLE_USAGE(.BOTH.,#14248);
#14248 = SURFACE_SIDE_STYLE('',(#14249));
#14249 = SURFACE_STYLE_FILL_AREA(#14250);
#14250 = FILL_AREA_STYLE('',(#14251));
#14251 = FILL_AREA_STYLE_COLOUR('',#13827);
#14252 = CURVE_STYLE('',#14253,POSITIVE_LENGTH_MEASURE(0.1),#13827);
#14253 = DRAUGHTING_PRE_DEFINED_CURVE_FONT('continuous');
#14254 = STYLED_ITEM('color',(#14255),#11387);
#14255 = PRESENTATION_STYLE_ASSIGNMENT((#14256,#14261));
#14256 = SURFACE_STYLE_USAGE(.BOTH.,#14257);
#14257 = SURFACE_SIDE_STYLE('',(#14258));
#14258 = SURFACE_STYLE_FILL_AREA(#14259);
#14259 = FILL_AREA_STYLE('',(#14260));
#14260 = FILL_AREA_STYLE_COLOUR('',#13827);
#14261 = CURVE_STYLE('',#14262,POSITIVE_LENGTH_MEASURE(0.1),#13827);
#14262 = DRAUGHTING_PRE_DEFINED_CURVE_FONT('continuous');
#14263 = STYLED_ITEM('color',(#14264),#11427);
#14264 = PRESENTATION_STYLE_ASSIGNMENT((#14265,#14270));
#14265 = SURFACE_STYLE_USAGE(.BOTH.,#14266);
#14266 = SURFACE_SIDE_STYLE('',(#14267));
#14267 = SURFACE_STYLE_FILL_AREA(#14268);
#14268 = FILL_AREA_STYLE('',(#14269));
#14269 = FILL_AREA_STYLE_COLOUR('',#13827);
#14270 = CURVE_STYLE('',#14271,POSITIVE_LENGTH_MEASURE(0.1),#13827);
#14271 = DRAUGHTING_PRE_DEFINED_CURVE_FONT('continuous');
#14272 = STYLED_ITEM('color',(#14273),#11451);
#14273 = PRESENTATION_STYLE_ASSIGNMENT((#14274,#14279));
#14274 = SURFACE_STYLE_USAGE(.BOTH.,#14275);
#14275 = SURFACE_SIDE_STYLE('',(#14276));
#14276 = SURFACE_STYLE_FILL_AREA(#14277);
#14277 = FILL_AREA_STYLE('',(#14278));
#14278 = FILL_AREA_STYLE_COLOUR('',#13827);
#14279 = CURVE_STYLE('',#14280,POSITIVE_LENGTH_MEASURE(0.1),#13827);
#14280 = DRAUGHTING_PRE_DEFINED_CURVE_FONT('continuous');
#14281 = STYLED_ITEM('color',(#14282),#11484);
#14282 = PRESENTATION_STYLE_ASSIGNMENT((#14283,#14288));
#14283 = SURFACE_STYLE_USAGE(.BOTH.,#14284);
#14284 = SURFACE_SIDE_STYLE('',(#14285));
#14285 = SURFACE_STYLE_FILL_AREA(#14286);
#14286 = FILL_AREA_STYLE('',(#14287));
#14287 = FILL_AREA_STYLE_COLOUR('',#13827);
#14288 = CURVE_STYLE('',#14289,POSITIVE_LENGTH_MEASURE(0.1),#13827);
#14289 = DRAUGHTING_PRE_DEFINED_CURVE_FONT('continuous');
#14290 = STYLED_ITEM('color',(#14291),#11524);
#14291 = PRESENTATION_STYLE_ASSIGNMENT((#14292,#14297));
#14292 = SURFACE_STYLE_USAGE(.BOTH.,#14293);
#14293 = SURFACE_SIDE_STYLE('',(#14294));
#14294 = SURFACE_STYLE_FILL_AREA(#14295);
#14295 = FILL_AREA_STYLE('',(#14296));
#14296 = FILL_AREA_STYLE_COLOUR('',#13827);
#14297 = CURVE_STYLE('',#14298,POSITIVE_LENGTH_MEASURE(0.1),#13827);
#14298 = DRAUGHTING_PRE_DEFINED_CURVE_FONT('continuous');
#14299 = STYLED_ITEM('color',(#14300),#11548);
#14300 = PRESENTATION_STYLE_ASSIGNMENT((#14301,#14306));
#14301 = SURFACE_STYLE_USAGE(.BOTH.,#14302);
#14302 = SURFACE_SIDE_STYLE('',(#14303));
#14303 = SURFACE_STYLE_FILL_AREA(#14304);
#14304 = FILL_AREA_STYLE('',(#14305));
#14305 = FILL_AREA_STYLE_COLOUR('',#13827);
#14306 = CURVE_STYLE('',#14307,POSITIVE_LENGTH_MEASURE(0.1),#13827);
#14307 = DRAUGHTING_PRE_DEFINED_CURVE_FONT('continuous');
#14308 = STYLED_ITEM('color',(#14309),#11581);
#14309 = PRESENTATION_STYLE_ASSIGNMENT((#14310,#14315));
#14310 = SURFACE_STYLE_USAGE(.BOTH.,#14311);
#14311 = SURFACE_SIDE_STYLE('',(#14312));
#14312 = SURFACE_STYLE_FILL_AREA(#14313);
#14313 = FILL_AREA_STYLE('',(#14314));
#14314 = FILL_AREA_STYLE_COLOUR('',#13827);
#14315 = CURVE_STYLE('',#14316,POSITIVE_LENGTH_MEASURE(0.1),#13827);
#14316 = DRAUGHTING_PRE_DEFINED_CURVE_FONT('continuous');
#14317 = STYLED_ITEM('color',(#14318),#11621);
#14318 = PRESENTATION_STYLE_ASSIGNMENT((#14319,#14324));
#14319 = SURFACE_STYLE_USAGE(.BOTH.,#14320);
#14320 = SURFACE_SIDE_STYLE('',(#14321));
#14321 = SURFACE_STYLE_FILL_AREA(#14322);
#14322 = FILL_AREA_STYLE('',(#14323));
#14323 = FILL_AREA_STYLE_COLOUR('',#13827);
#14324 = CURVE_STYLE('',#14325,POSITIVE_LENGTH_MEASURE(0.1),#13827);
#14325 = DRAUGHTING_PRE_DEFINED_CURVE_FONT('continuous');
#14326 = STYLED_ITEM('color',(#14327),#11645);
#14327 = PRESENTATION_STYLE_ASSIGNMENT((#14328,#14333));
#14328 = SURFACE_STYLE_USAGE(.BOTH.,#14329);
#14329 = SURFACE_SIDE_STYLE('',(#14330));
#14330 = SURFACE_STYLE_FILL_AREA(#14331);
#14331 = FILL_AREA_STYLE('',(#14332));
#14332 = FILL_AREA_STYLE_COLOUR('',#13827);
#14333 = CURVE_STYLE('',#14334,POSITIVE_LENGTH_MEASURE(0.1),#13827);
#14334 = DRAUGHTING_PRE_DEFINED_CURVE_FONT('continuous');
#14335 = STYLED_ITEM('color',(#14336),#11678);
#14336 = PRESENTATION_STYLE_ASSIGNMENT((#14337,#14342));
#14337 = SURFACE_STYLE_USAGE(.BOTH.,#14338);
#14338 = SURFACE_SIDE_STYLE('',(#14339));
#14339 = SURFACE_STYLE_FILL_AREA(#14340);
#14340 = FILL_AREA_STYLE('',(#14341));
#14341 = FILL_AREA_STYLE_COLOUR('',#13827);
#14342 = CURVE_STYLE('',#14343,POSITIVE_LENGTH_MEASURE(0.1),#13827);
#14343 = DRAUGHTING_PRE_DEFINED_CURVE_FONT('continuous');
#14344 = STYLED_ITEM('color',(#14345),#11718);
#14345 = PRESENTATION_STYLE_ASSIGNMENT((#14346,#14351));
#14346 = SURFACE_STYLE_USAGE(.BOTH.,#14347);
#14347 = SURFACE_SIDE_STYLE('',(#14348));
#14348 = SURFACE_STYLE_FILL_AREA(#14349);
#14349 = FILL_AREA_STYLE('',(#14350));
#14350 = FILL_AREA_STYLE_COLOUR('',#13827);
#14351 = CURVE_STYLE('',#14352,POSITIVE_LENGTH_MEASURE(0.1),#13827);
#14352 = DRAUGHTING_PRE_DEFINED_CURVE_FONT('continuous');
#14353 = STYLED_ITEM('color',(#14354),#11742);
#14354 = PRESENTATION_STYLE_ASSIGNMENT((#14355,#14360));
#14355 = SURFACE_STYLE_USAGE(.BOTH.,#14356);
#14356 = SURFACE_SIDE_STYLE('',(#14357));
#14357 = SURFACE_STYLE_FILL_AREA(#14358);
#14358 = FILL_AREA_STYLE('',(#14359));
#14359 = FILL_AREA_STYLE_COLOUR('',#13827);
#14360 = CURVE_STYLE('',#14361,POSITIVE_LENGTH_MEASURE(0.1),#13827);
#14361 = DRAUGHTING_PRE_DEFINED_CURVE_FONT('continuous');
#14362 = STYLED_ITEM('color',(#14363),#11775);
#14363 = PRESENTATION_STYLE_ASSIGNMENT((#14364,#14369));
#14364 = SURFACE_STYLE_USAGE(.BOTH.,#14365);
#14365 = SURFACE_SIDE_STYLE('',(#14366));
#14366 = SURFACE_STYLE_FILL_AREA(#14367);
#14367 = FILL_AREA_STYLE('',(#14368));
#14368 = FILL_AREA_STYLE_COLOUR('',#13827);
#14369 = CURVE_STYLE('',#14370,POSITIVE_LENGTH_MEASURE(0.1),#13827);
#14370 = DRAUGHTING_PRE_DEFINED_CURVE_FONT('continuous');
#14371 = STYLED_ITEM('color',(#14372),#11802);
#14372 = PRESENTATION_STYLE_ASSIGNMENT((#14373,#14378));
#14373 = SURFACE_STYLE_USAGE(.BOTH.,#14374);
#14374 = SURFACE_SIDE_STYLE('',(#14375));
#14375 = SURFACE_STYLE_FILL_AREA(#14376);
#14376 = FILL_AREA_STYLE('',(#14377));
#14377 = FILL_AREA_STYLE_COLOUR('',#13827);
#14378 = CURVE_STYLE('',#14379,POSITIVE_LENGTH_MEASURE(0.1),#13827);
#14379 = DRAUGHTING_PRE_DEFINED_CURVE_FONT('continuous');
#14380 = STYLED_ITEM('color',(#14381),#11820);
#14381 = PRESENTATION_STYLE_ASSIGNMENT((#14382,#14387));
#14382 = SURFACE_STYLE_USAGE(.BOTH.,#14383);
#14383 = SURFACE_SIDE_STYLE('',(#14384));
#14384 = SURFACE_STYLE_FILL_AREA(#14385);
#14385 = FILL_AREA_STYLE('',(#14386));
#14386 = FILL_AREA_STYLE_COLOUR('',#13827);
#14387 = CURVE_STYLE('',#14388,POSITIVE_LENGTH_MEASURE(0.1),#13827);
#14388 = DRAUGHTING_PRE_DEFINED_CURVE_FONT('continuous');
#14389 = STYLED_ITEM('color',(#14390),#11845);
#14390 = PRESENTATION_STYLE_ASSIGNMENT((#14391,#14396));
#14391 = SURFACE_STYLE_USAGE(.BOTH.,#14392);
#14392 = SURFACE_SIDE_STYLE('',(#14393));
#14393 = SURFACE_STYLE_FILL_AREA(#14394);
#14394 = FILL_AREA_STYLE('',(#14395));
#14395 = FILL_AREA_STYLE_COLOUR('',#14035);
#14396 = CURVE_STYLE('',#14397,POSITIVE_LENGTH_MEASURE(0.1),#14035);
#14397 = DRAUGHTING_PRE_DEFINED_CURVE_FONT('continuous');
#14398 = STYLED_ITEM('color',(#14399),#11869);
#14399 = PRESENTATION_STYLE_ASSIGNMENT((#14400,#14405));
#14400 = SURFACE_STYLE_USAGE(.BOTH.,#14401);
#14401 = SURFACE_SIDE_STYLE('',(#14402));
#14402 = SURFACE_STYLE_FILL_AREA(#14403);
#14403 = FILL_AREA_STYLE('',(#14404));
#14404 = FILL_AREA_STYLE_COLOUR('',#14035);
#14405 = CURVE_STYLE('',#14406,POSITIVE_LENGTH_MEASURE(0.1),#14035);
#14406 = DRAUGHTING_PRE_DEFINED_CURVE_FONT('continuous');
#14407 = STYLED_ITEM('color',(#14408),#11923);
#14408 = PRESENTATION_STYLE_ASSIGNMENT((#14409,#14414));
#14409 = SURFACE_STYLE_USAGE(.BOTH.,#14410);
#14410 = SURFACE_SIDE_STYLE('',(#14411));
#14411 = SURFACE_STYLE_FILL_AREA(#14412);
#14412 = FILL_AREA_STYLE('',(#14413));
#14413 = FILL_AREA_STYLE_COLOUR('',#14035);
#14414 = CURVE_STYLE('',#14415,POSITIVE_LENGTH_MEASURE(0.1),#14035);
#14415 = DRAUGHTING_PRE_DEFINED_CURVE_FONT('continuous');
#14416 = STYLED_ITEM('color',(#14417),#11947);
#14417 = PRESENTATION_STYLE_ASSIGNMENT((#14418,#14423));
#14418 = SURFACE_STYLE_USAGE(.BOTH.,#14419);
#14419 = SURFACE_SIDE_STYLE('',(#14420));
#14420 = SURFACE_STYLE_FILL_AREA(#14421);
#14421 = FILL_AREA_STYLE('',(#14422));
#14422 = FILL_AREA_STYLE_COLOUR('',#14035);
#14423 = CURVE_STYLE('',#14424,POSITIVE_LENGTH_MEASURE(0.1),#14035);
#14424 = DRAUGHTING_PRE_DEFINED_CURVE_FONT('continuous');
#14425 = STYLED_ITEM('color',(#14426),#11971);
#14426 = PRESENTATION_STYLE_ASSIGNMENT((#14427,#14432));
#14427 = SURFACE_STYLE_USAGE(.BOTH.,#14428);
#14428 = SURFACE_SIDE_STYLE('',(#14429));
#14429 = SURFACE_STYLE_FILL_AREA(#14430);
#14430 = FILL_AREA_STYLE('',(#14431));
#14431 = FILL_AREA_STYLE_COLOUR('',#14035);
#14432 = CURVE_STYLE('',#14433,POSITIVE_LENGTH_MEASURE(0.1),#14035);
#14433 = DRAUGHTING_PRE_DEFINED_CURVE_FONT('continuous');
#14434 = STYLED_ITEM('color',(#14435),#11988);
#14435 = PRESENTATION_STYLE_ASSIGNMENT((#14436,#14441));
#14436 = SURFACE_STYLE_USAGE(.BOTH.,#14437);
#14437 = SURFACE_SIDE_STYLE('',(#14438));
#14438 = SURFACE_STYLE_FILL_AREA(#14439);
#14439 = FILL_AREA_STYLE('',(#14440));
#14440 = FILL_AREA_STYLE_COLOUR('',#14035);
#14441 = CURVE_STYLE('',#14442,POSITIVE_LENGTH_MEASURE(0.1),#14035);
#14442 = DRAUGHTING_PRE_DEFINED_CURVE_FONT('continuous');
#14443 = STYLED_ITEM('color',(#14444),#12012);
#14444 = PRESENTATION_STYLE_ASSIGNMENT((#14445,#14450));
#14445 = SURFACE_STYLE_USAGE(.BOTH.,#14446);
#14446 = SURFACE_SIDE_STYLE('',(#14447));
#14447 = SURFACE_STYLE_FILL_AREA(#14448);
#14448 = FILL_AREA_STYLE('',(#14449));
#14449 = FILL_AREA_STYLE_COLOUR('',#14035);
#14450 = CURVE_STYLE('',#14451,POSITIVE_LENGTH_MEASURE(0.1),#14035);
#14451 = DRAUGHTING_PRE_DEFINED_CURVE_FONT('continuous');
#14452 = STYLED_ITEM('color',(#14453),#12059);
#14453 = PRESENTATION_STYLE_ASSIGNMENT((#14454,#14459));
#14454 = SURFACE_STYLE_USAGE(.BOTH.,#14455);
#14455 = SURFACE_SIDE_STYLE('',(#14456));
#14456 = SURFACE_STYLE_FILL_AREA(#14457);
#14457 = FILL_AREA_STYLE('',(#14458));
#14458 = FILL_AREA_STYLE_COLOUR('',#14035);
#14459 = CURVE_STYLE('',#14460,POSITIVE_LENGTH_MEASURE(0.1),#14035);
#14460 = DRAUGHTING_PRE_DEFINED_CURVE_FONT('continuous');
#14461 = STYLED_ITEM('color',(#14462),#12083);
#14462 = PRESENTATION_STYLE_ASSIGNMENT((#14463,#14468));
#14463 = SURFACE_STYLE_USAGE(.BOTH.,#14464);
#14464 = SURFACE_SIDE_STYLE('',(#14465));
#14465 = SURFACE_STYLE_FILL_AREA(#14466);
#14466 = FILL_AREA_STYLE('',(#14467));
#14467 = FILL_AREA_STYLE_COLOUR('',#14035);
#14468 = CURVE_STYLE('',#14469,POSITIVE_LENGTH_MEASURE(0.1),#14035);
#14469 = DRAUGHTING_PRE_DEFINED_CURVE_FONT('continuous');
#14470 = STYLED_ITEM('color',(#14471),#12107);
#14471 = PRESENTATION_STYLE_ASSIGNMENT((#14472,#14477));
#14472 = SURFACE_STYLE_USAGE(.BOTH.,#14473);
#14473 = SURFACE_SIDE_STYLE('',(#14474));
#14474 = SURFACE_STYLE_FILL_AREA(#14475);
#14475 = FILL_AREA_STYLE('',(#14476));
#14476 = FILL_AREA_STYLE_COLOUR('',#14035);
#14477 = CURVE_STYLE('',#14478,POSITIVE_LENGTH_MEASURE(0.1),#14035);
#14478 = DRAUGHTING_PRE_DEFINED_CURVE_FONT('continuous');
#14479 = STYLED_ITEM('color',(#14480),#12124);
#14480 = PRESENTATION_STYLE_ASSIGNMENT((#14481,#14486));
#14481 = SURFACE_STYLE_USAGE(.BOTH.,#14482);
#14482 = SURFACE_SIDE_STYLE('',(#14483));
#14483 = SURFACE_STYLE_FILL_AREA(#14484);
#14484 = FILL_AREA_STYLE('',(#14485));
#14485 = FILL_AREA_STYLE_COLOUR('',#14035);
#14486 = CURVE_STYLE('',#14487,POSITIVE_LENGTH_MEASURE(0.1),#14035);
#14487 = DRAUGHTING_PRE_DEFINED_CURVE_FONT('continuous');
#14488 = STYLED_ITEM('color',(#14489),#12141);
#14489 = PRESENTATION_STYLE_ASSIGNMENT((#14490,#14495));
#14490 = SURFACE_STYLE_USAGE(.BOTH.,#14491);
#14491 = SURFACE_SIDE_STYLE('',(#14492));
#14492 = SURFACE_STYLE_FILL_AREA(#14493);
#14493 = FILL_AREA_STYLE('',(#14494));
#14494 = FILL_AREA_STYLE_COLOUR('',#14035);
#14495 = CURVE_STYLE('',#14496,POSITIVE_LENGTH_MEASURE(0.1),#14035);
#14496 = DRAUGHTING_PRE_DEFINED_CURVE_FONT('continuous');
#14497 = STYLED_ITEM('color',(#14498),#12181);
#14498 = PRESENTATION_STYLE_ASSIGNMENT((#14499,#14504));
#14499 = SURFACE_STYLE_USAGE(.BOTH.,#14500);
#14500 = SURFACE_SIDE_STYLE('',(#14501));
#14501 = SURFACE_STYLE_FILL_AREA(#14502);
#14502 = FILL_AREA_STYLE('',(#14503));
#14503 = FILL_AREA_STYLE_COLOUR('',#14035);
#14504 = CURVE_STYLE('',#14505,POSITIVE_LENGTH_MEASURE(0.1),#14035);
#14505 = DRAUGHTING_PRE_DEFINED_CURVE_FONT('continuous');
#14506 = STYLED_ITEM('color',(#14507),#12198);
#14507 = PRESENTATION_STYLE_ASSIGNMENT((#14508,#14513));
#14508 = SURFACE_STYLE_USAGE(.BOTH.,#14509);
#14509 = SURFACE_SIDE_STYLE('',(#14510));
#14510 = SURFACE_STYLE_FILL_AREA(#14511);
#14511 = FILL_AREA_STYLE('',(#14512));
#14512 = FILL_AREA_STYLE_COLOUR('',#14035);
#14513 = CURVE_STYLE('',#14514,POSITIVE_LENGTH_MEASURE(0.1),#14035);
#14514 = DRAUGHTING_PRE_DEFINED_CURVE_FONT('continuous');
#14515 = STYLED_ITEM('color',(#14516),#12212);
#14516 = PRESENTATION_STYLE_ASSIGNMENT((#14517,#14522));
#14517 = SURFACE_STYLE_USAGE(.BOTH.,#14518);
#14518 = SURFACE_SIDE_STYLE('',(#14519));
#14519 = SURFACE_STYLE_FILL_AREA(#14520);
#14520 = FILL_AREA_STYLE('',(#14521));
#14521 = FILL_AREA_STYLE_COLOUR('',#14035);
#14522 = CURVE_STYLE('',#14523,POSITIVE_LENGTH_MEASURE(0.1),#14035);
#14523 = DRAUGHTING_PRE_DEFINED_CURVE_FONT('continuous');
#14524 = STYLED_ITEM('color',(#14525),#12229);
#14525 = PRESENTATION_STYLE_ASSIGNMENT((#14526,#14531));
#14526 = SURFACE_STYLE_USAGE(.BOTH.,#14527);
#14527 = SURFACE_SIDE_STYLE('',(#14528));
#14528 = SURFACE_STYLE_FILL_AREA(#14529);
#14529 = FILL_AREA_STYLE('',(#14530));
#14530 = FILL_AREA_STYLE_COLOUR('',#13827);
#14531 = CURVE_STYLE('',#14532,POSITIVE_LENGTH_MEASURE(0.1),#13827);
#14532 = DRAUGHTING_PRE_DEFINED_CURVE_FONT('continuous');
#14533 = STYLED_ITEM('color',(#14534),#12246);
#14534 = PRESENTATION_STYLE_ASSIGNMENT((#14535,#14540));
#14535 = SURFACE_STYLE_USAGE(.BOTH.,#14536);
#14536 = SURFACE_SIDE_STYLE('',(#14537));
#14537 = SURFACE_STYLE_FILL_AREA(#14538);
#14538 = FILL_AREA_STYLE('',(#14539));
#14539 = FILL_AREA_STYLE_COLOUR('',#13827);
#14540 = CURVE_STYLE('',#14541,POSITIVE_LENGTH_MEASURE(0.1),#13827);
#14541 = DRAUGHTING_PRE_DEFINED_CURVE_FONT('continuous');
#14542 = STYLED_ITEM('color',(#14543),#12263);
#14543 = PRESENTATION_STYLE_ASSIGNMENT((#14544,#14549));
#14544 = SURFACE_STYLE_USAGE(.BOTH.,#14545);
#14545 = SURFACE_SIDE_STYLE('',(#14546));
#14546 = SURFACE_STYLE_FILL_AREA(#14547);
#14547 = FILL_AREA_STYLE('',(#14548));
#14548 = FILL_AREA_STYLE_COLOUR('',#13827);
#14549 = CURVE_STYLE('',#14550,POSITIVE_LENGTH_MEASURE(0.1),#13827);
#14550 = DRAUGHTING_PRE_DEFINED_CURVE_FONT('continuous');
#14551 = STYLED_ITEM('color',(#14552),#12280);
#14552 = PRESENTATION_STYLE_ASSIGNMENT((#14553,#14558));
#14553 = SURFACE_STYLE_USAGE(.BOTH.,#14554);
#14554 = SURFACE_SIDE_STYLE('',(#14555));
#14555 = SURFACE_STYLE_FILL_AREA(#14556);
#14556 = FILL_AREA_STYLE('',(#14557));
#14557 = FILL_AREA_STYLE_COLOUR('',#13827);
#14558 = CURVE_STYLE('',#14559,POSITIVE_LENGTH_MEASURE(0.1),#13827);
#14559 = DRAUGHTING_PRE_DEFINED_CURVE_FONT('continuous');
#14560 = STYLED_ITEM('color',(#14561),#12297);
#14561 = PRESENTATION_STYLE_ASSIGNMENT((#14562,#14567));
#14562 = SURFACE_STYLE_USAGE(.BOTH.,#14563);
#14563 = SURFACE_SIDE_STYLE('',(#14564));
#14564 = SURFACE_STYLE_FILL_AREA(#14565);
#14565 = FILL_AREA_STYLE('',(#14566));
#14566 = FILL_AREA_STYLE_COLOUR('',#13827);
#14567 = CURVE_STYLE('',#14568,POSITIVE_LENGTH_MEASURE(0.1),#13827);
#14568 = DRAUGHTING_PRE_DEFINED_CURVE_FONT('continuous');
#14569 = STYLED_ITEM('color',(#14570),#12314);
#14570 = PRESENTATION_STYLE_ASSIGNMENT((#14571,#14576));
#14571 = SURFACE_STYLE_USAGE(.BOTH.,#14572);
#14572 = SURFACE_SIDE_STYLE('',(#14573));
#14573 = SURFACE_STYLE_FILL_AREA(#14574);
#14574 = FILL_AREA_STYLE('',(#14575));
#14575 = FILL_AREA_STYLE_COLOUR('',#13827);
#14576 = CURVE_STYLE('',#14577,POSITIVE_LENGTH_MEASURE(0.1),#13827);
#14577 = DRAUGHTING_PRE_DEFINED_CURVE_FONT('continuous');
#14578 = STYLED_ITEM('color',(#14579),#12331);
#14579 = PRESENTATION_STYLE_ASSIGNMENT((#14580,#14585));
#14580 = SURFACE_STYLE_USAGE(.BOTH.,#14581);
#14581 = SURFACE_SIDE_STYLE('',(#14582));
#14582 = SURFACE_STYLE_FILL_AREA(#14583);
#14583 = FILL_AREA_STYLE('',(#14584));
#14584 = FILL_AREA_STYLE_COLOUR('',#14035);
#14585 = CURVE_STYLE('',#14586,POSITIVE_LENGTH_MEASURE(0.1),#14035);
#14586 = DRAUGHTING_PRE_DEFINED_CURVE_FONT('continuous');
#14587 = STYLED_ITEM('color',(#14588),#12355);
#14588 = PRESENTATION_STYLE_ASSIGNMENT((#14589,#14594));
#14589 = SURFACE_STYLE_USAGE(.BOTH.,#14590);
#14590 = SURFACE_SIDE_STYLE('',(#14591));
#14591 = SURFACE_STYLE_FILL_AREA(#14592);
#14592 = FILL_AREA_STYLE('',(#14593));
#14593 = FILL_AREA_STYLE_COLOUR('',#14035);
#14594 = CURVE_STYLE('',#14595,POSITIVE_LENGTH_MEASURE(0.1),#14035);
#14595 = DRAUGHTING_PRE_DEFINED_CURVE_FONT('continuous');
#14596 = STYLED_ITEM('color',(#14597),#12372);
#14597 = PRESENTATION_STYLE_ASSIGNMENT((#14598,#14603));
#14598 = SURFACE_STYLE_USAGE(.BOTH.,#14599);
#14599 = SURFACE_SIDE_STYLE('',(#14600));
#14600 = SURFACE_STYLE_FILL_AREA(#14601);
#14601 = FILL_AREA_STYLE('',(#14602));
#14602 = FILL_AREA_STYLE_COLOUR('',#14035);
#14603 = CURVE_STYLE('',#14604,POSITIVE_LENGTH_MEASURE(0.1),#14035);
#14604 = DRAUGHTING_PRE_DEFINED_CURVE_FONT('continuous');
#14605 = STYLED_ITEM('color',(#14606),#12389);
#14606 = PRESENTATION_STYLE_ASSIGNMENT((#14607,#14612));
#14607 = SURFACE_STYLE_USAGE(.BOTH.,#14608);
#14608 = SURFACE_SIDE_STYLE('',(#14609));
#14609 = SURFACE_STYLE_FILL_AREA(#14610);
#14610 = FILL_AREA_STYLE('',(#14611));
#14611 = FILL_AREA_STYLE_COLOUR('',#14035);
#14612 = CURVE_STYLE('',#14613,POSITIVE_LENGTH_MEASURE(0.1),#14035);
#14613 = DRAUGHTING_PRE_DEFINED_CURVE_FONT('continuous');
#14614 = STYLED_ITEM('color',(#14615),#12401);
#14615 = PRESENTATION_STYLE_ASSIGNMENT((#14616,#14621));
#14616 = SURFACE_STYLE_USAGE(.BOTH.,#14617);
#14617 = SURFACE_SIDE_STYLE('',(#14618));
#14618 = SURFACE_STYLE_FILL_AREA(#14619);
#14619 = FILL_AREA_STYLE('',(#14620));
#14620 = FILL_AREA_STYLE_COLOUR('',#13827);
#14621 = CURVE_STYLE('',#14622,POSITIVE_LENGTH_MEASURE(0.1),#13827);
#14622 = DRAUGHTING_PRE_DEFINED_CURVE_FONT('continuous');
#14623 = STYLED_ITEM('color',(#14624),#12421);
#14624 = PRESENTATION_STYLE_ASSIGNMENT((#14625,#14630));
#14625 = SURFACE_STYLE_USAGE(.BOTH.,#14626);
#14626 = SURFACE_SIDE_STYLE('',(#14627));
#14627 = SURFACE_STYLE_FILL_AREA(#14628);
#14628 = FILL_AREA_STYLE('',(#14629));
#14629 = FILL_AREA_STYLE_COLOUR('',#13827);
#14630 = CURVE_STYLE('',#14631,POSITIVE_LENGTH_MEASURE(0.1),#13827);
#14631 = DRAUGHTING_PRE_DEFINED_CURVE_FONT('continuous');
#14632 = STYLED_ITEM('color',(#14633),#12433);
#14633 = PRESENTATION_STYLE_ASSIGNMENT((#14634,#14639));
#14634 = SURFACE_STYLE_USAGE(.BOTH.,#14635);
#14635 = SURFACE_SIDE_STYLE('',(#14636));
#14636 = SURFACE_STYLE_FILL_AREA(#14637);
#14637 = FILL_AREA_STYLE('',(#14638));
#14638 = FILL_AREA_STYLE_COLOUR('',#13827);
#14639 = CURVE_STYLE('',#14640,POSITIVE_LENGTH_MEASURE(0.1),#13827);
#14640 = DRAUGHTING_PRE_DEFINED_CURVE_FONT('continuous');
#14641 = STYLED_ITEM('color',(#14642),#12445);
#14642 = PRESENTATION_STYLE_ASSIGNMENT((#14643,#14648));
#14643 = SURFACE_STYLE_USAGE(.BOTH.,#14644);
#14644 = SURFACE_SIDE_STYLE('',(#14645));
#14645 = SURFACE_STYLE_FILL_AREA(#14646);
#14646 = FILL_AREA_STYLE('',(#14647));
#14647 = FILL_AREA_STYLE_COLOUR('',#13827);
#14648 = CURVE_STYLE('',#14649,POSITIVE_LENGTH_MEASURE(0.1),#13827);
#14649 = DRAUGHTING_PRE_DEFINED_CURVE_FONT('continuous');
#14650 = STYLED_ITEM('color',(#14651),#12462);
#14651 = PRESENTATION_STYLE_ASSIGNMENT((#14652,#14657));
#14652 = SURFACE_STYLE_USAGE(.BOTH.,#14653);
#14653 = SURFACE_SIDE_STYLE('',(#14654));
#14654 = SURFACE_STYLE_FILL_AREA(#14655);
#14655 = FILL_AREA_STYLE('',(#14656));
#14656 = FILL_AREA_STYLE_COLOUR('',#13827);
#14657 = CURVE_STYLE('',#14658,POSITIVE_LENGTH_MEASURE(0.1),#13827);
#14658 = DRAUGHTING_PRE_DEFINED_CURVE_FONT('continuous');
#14659 = STYLED_ITEM('color',(#14660),#12474);
#14660 = PRESENTATION_STYLE_ASSIGNMENT((#14661,#14666));
#14661 = SURFACE_STYLE_USAGE(.BOTH.,#14662);
#14662 = SURFACE_SIDE_STYLE('',(#14663));
#14663 = SURFACE_STYLE_FILL_AREA(#14664);
#14664 = FILL_AREA_STYLE('',(#14665));
#14665 = FILL_AREA_STYLE_COLOUR('',#13827);
#14666 = CURVE_STYLE('',#14667,POSITIVE_LENGTH_MEASURE(0.1),#13827);
#14667 = DRAUGHTING_PRE_DEFINED_CURVE_FONT('continuous');
#14668 = STYLED_ITEM('color',(#14669),#12491);
#14669 = PRESENTATION_STYLE_ASSIGNMENT((#14670,#14675));
#14670 = SURFACE_STYLE_USAGE(.BOTH.,#14671);
#14671 = SURFACE_SIDE_STYLE('',(#14672));
#14672 = SURFACE_STYLE_FILL_AREA(#14673);
#14673 = FILL_AREA_STYLE('',(#14674));
#14674 = FILL_AREA_STYLE_COLOUR('',#13827);
#14675 = CURVE_STYLE('',#14676,POSITIVE_LENGTH_MEASURE(0.1),#13827);
#14676 = DRAUGHTING_PRE_DEFINED_CURVE_FONT('continuous');
#14677 = STYLED_ITEM('color',(#14678),#12503);
#14678 = PRESENTATION_STYLE_ASSIGNMENT((#14679,#14684));
#14679 = SURFACE_STYLE_USAGE(.BOTH.,#14680);
#14680 = SURFACE_SIDE_STYLE('',(#14681));
#14681 = SURFACE_STYLE_FILL_AREA(#14682);
#14682 = FILL_AREA_STYLE('',(#14683));
#14683 = FILL_AREA_STYLE_COLOUR('',#13827);
#14684 = CURVE_STYLE('',#14685,POSITIVE_LENGTH_MEASURE(0.1),#13827);
#14685 = DRAUGHTING_PRE_DEFINED_CURVE_FONT('continuous');
#14686 = STYLED_ITEM('color',(#14687),#12520);
#14687 = PRESENTATION_STYLE_ASSIGNMENT((#14688,#14693));
#14688 = SURFACE_STYLE_USAGE(.BOTH.,#14689);
#14689 = SURFACE_SIDE_STYLE('',(#14690));
#14690 = SURFACE_STYLE_FILL_AREA(#14691);
#14691 = FILL_AREA_STYLE('',(#14692));
#14692 = FILL_AREA_STYLE_COLOUR('',#13827);
#14693 = CURVE_STYLE('',#14694,POSITIVE_LENGTH_MEASURE(0.1),#13827);
#14694 = DRAUGHTING_PRE_DEFINED_CURVE_FONT('continuous');
#14695 = STYLED_ITEM('color',(#14696),#12532);
#14696 = PRESENTATION_STYLE_ASSIGNMENT((#14697,#14702));
#14697 = SURFACE_STYLE_USAGE(.BOTH.,#14698);
#14698 = SURFACE_SIDE_STYLE('',(#14699));
#14699 = SURFACE_STYLE_FILL_AREA(#14700);
#14700 = FILL_AREA_STYLE('',(#14701));
#14701 = FILL_AREA_STYLE_COLOUR('',#13827);
#14702 = CURVE_STYLE('',#14703,POSITIVE_LENGTH_MEASURE(0.1),#13827);
#14703 = DRAUGHTING_PRE_DEFINED_CURVE_FONT('continuous');
#14704 = STYLED_ITEM('color',(#14705),#12549);
#14705 = PRESENTATION_STYLE_ASSIGNMENT((#14706,#14711));
#14706 = SURFACE_STYLE_USAGE(.BOTH.,#14707);
#14707 = SURFACE_SIDE_STYLE('',(#14708));
#14708 = SURFACE_STYLE_FILL_AREA(#14709);
#14709 = FILL_AREA_STYLE('',(#14710));
#14710 = FILL_AREA_STYLE_COLOUR('',#13827);
#14711 = CURVE_STYLE('',#14712,POSITIVE_LENGTH_MEASURE(0.1),#13827);
#14712 = DRAUGHTING_PRE_DEFINED_CURVE_FONT('continuous');
#14713 = STYLED_ITEM('color',(#14714),#12561);
#14714 = PRESENTATION_STYLE_ASSIGNMENT((#14715,#14720));
#14715 = SURFACE_STYLE_USAGE(.BOTH.,#14716);
#14716 = SURFACE_SIDE_STYLE('',(#14717));
#14717 = SURFACE_STYLE_FILL_AREA(#14718);
#14718 = FILL_AREA_STYLE('',(#14719));
#14719 = FILL_AREA_STYLE_COLOUR('',#13827);
#14720 = CURVE_STYLE('',#14721,POSITIVE_LENGTH_MEASURE(0.1),#13827);
#14721 = DRAUGHTING_PRE_DEFINED_CURVE_FONT('continuous');
#14722 = STYLED_ITEM('color',(#14723),#12578);
#14723 = PRESENTATION_STYLE_ASSIGNMENT((#14724,#14729));
#14724 = SURFACE_STYLE_USAGE(.BOTH.,#14725);
#14725 = SURFACE_SIDE_STYLE('',(#14726));
#14726 = SURFACE_STYLE_FILL_AREA(#14727);
#14727 = FILL_AREA_STYLE('',(#14728));
#14728 = FILL_AREA_STYLE_COLOUR('',#13827);
#14729 = CURVE_STYLE('',#14730,POSITIVE_LENGTH_MEASURE(0.1),#13827);
#14730 = DRAUGHTING_PRE_DEFINED_CURVE_FONT('continuous');
#14731 = STYLED_ITEM('color',(#14732),#12590);
#14732 = PRESENTATION_STYLE_ASSIGNMENT((#14733,#14738));
#14733 = SURFACE_STYLE_USAGE(.BOTH.,#14734);
#14734 = SURFACE_SIDE_STYLE('',(#14735));
#14735 = SURFACE_STYLE_FILL_AREA(#14736);
#14736 = FILL_AREA_STYLE('',(#14737));
#14737 = FILL_AREA_STYLE_COLOUR('',#13827);
#14738 = CURVE_STYLE('',#14739,POSITIVE_LENGTH_MEASURE(0.1),#13827);
#14739 = DRAUGHTING_PRE_DEFINED_CURVE_FONT('continuous');
#14740 = STYLED_ITEM('color',(#14741),#12607);
#14741 = PRESENTATION_STYLE_ASSIGNMENT((#14742,#14747));
#14742 = SURFACE_STYLE_USAGE(.BOTH.,#14743);
#14743 = SURFACE_SIDE_STYLE('',(#14744));
#14744 = SURFACE_STYLE_FILL_AREA(#14745);
#14745 = FILL_AREA_STYLE('',(#14746));
#14746 = FILL_AREA_STYLE_COLOUR('',#13827);
#14747 = CURVE_STYLE('',#14748,POSITIVE_LENGTH_MEASURE(0.1),#13827);
#14748 = DRAUGHTING_PRE_DEFINED_CURVE_FONT('continuous');
#14749 = STYLED_ITEM('color',(#14750),#12619);
#14750 = PRESENTATION_STYLE_ASSIGNMENT((#14751,#14756));
#14751 = SURFACE_STYLE_USAGE(.BOTH.,#14752);
#14752 = SURFACE_SIDE_STYLE('',(#14753));
#14753 = SURFACE_STYLE_FILL_AREA(#14754);
#14754 = FILL_AREA_STYLE('',(#14755));
#14755 = FILL_AREA_STYLE_COLOUR('',#14035);
#14756 = CURVE_STYLE('',#14757,POSITIVE_LENGTH_MEASURE(0.1),#14035);
#14757 = DRAUGHTING_PRE_DEFINED_CURVE_FONT('continuous');
#14758 = STYLED_ITEM('color',(#14759),#12631);
#14759 = PRESENTATION_STYLE_ASSIGNMENT((#14760,#14765));
#14760 = SURFACE_STYLE_USAGE(.BOTH.,#14761);
#14761 = SURFACE_SIDE_STYLE('',(#14762));
#14762 = SURFACE_STYLE_FILL_AREA(#14763);
#14763 = FILL_AREA_STYLE('',(#14764));
#14764 = FILL_AREA_STYLE_COLOUR('',#14035);
#14765 = CURVE_STYLE('',#14766,POSITIVE_LENGTH_MEASURE(0.1),#14035);
#14766 = DRAUGHTING_PRE_DEFINED_CURVE_FONT('continuous');
#14767 = STYLED_ITEM('color',(#14768),#12847);
#14768 = PRESENTATION_STYLE_ASSIGNMENT((#14769,#14774));
#14769 = SURFACE_STYLE_USAGE(.BOTH.,#14770);
#14770 = SURFACE_SIDE_STYLE('',(#14771));
#14771 = SURFACE_STYLE_FILL_AREA(#14772);
#14772 = FILL_AREA_STYLE('',(#14773));
#14773 = FILL_AREA_STYLE_COLOUR('',#14035);
#14774 = CURVE_STYLE('',#14775,POSITIVE_LENGTH_MEASURE(0.1),#14035);
#14775 = DRAUGHTING_PRE_DEFINED_CURVE_FONT('continuous');
#14776 = STYLED_ITEM('color',(#14777),#12859);
#14777 = PRESENTATION_STYLE_ASSIGNMENT((#14778,#14783));
#14778 = SURFACE_STYLE_USAGE(.BOTH.,#14779);
#14779 = SURFACE_SIDE_STYLE('',(#14780));
#14780 = SURFACE_STYLE_FILL_AREA(#14781);
#14781 = FILL_AREA_STYLE('',(#14782));
#14782 = FILL_AREA_STYLE_COLOUR('',#13827);
#14783 = CURVE_STYLE('',#14784,POSITIVE_LENGTH_MEASURE(0.1),#13827);
#14784 = DRAUGHTING_PRE_DEFINED_CURVE_FONT('continuous');
#14785 = STYLED_ITEM('color',(#14786),#12890);
#14786 = PRESENTATION_STYLE_ASSIGNMENT((#14787,#14792));
#14787 = SURFACE_STYLE_USAGE(.BOTH.,#14788);
#14788 = SURFACE_SIDE_STYLE('',(#14789));
#14789 = SURFACE_STYLE_FILL_AREA(#14790);
#14790 = FILL_AREA_STYLE('',(#14791));
#14791 = FILL_AREA_STYLE_COLOUR('',#13827);
#14792 = CURVE_STYLE('',#14793,POSITIVE_LENGTH_MEASURE(0.1),#13827);
#14793 = DRAUGHTING_PRE_DEFINED_CURVE_FONT('continuous');
#14794 = STYLED_ITEM('color',(#14795),#12914);
#14795 = PRESENTATION_STYLE_ASSIGNMENT((#14796,#14801));
#14796 = SURFACE_STYLE_USAGE(.BOTH.,#14797);
#14797 = SURFACE_SIDE_STYLE('',(#14798));
#14798 = SURFACE_STYLE_FILL_AREA(#14799);
#14799 = FILL_AREA_STYLE('',(#14800));
#14800 = FILL_AREA_STYLE_COLOUR('',#13827);
#14801 = CURVE_STYLE('',#14802,POSITIVE_LENGTH_MEASURE(0.1),#13827);
#14802 = DRAUGHTING_PRE_DEFINED_CURVE_FONT('continuous');
#14803 = STYLED_ITEM('color',(#14804),#12938);
#14804 = PRESENTATION_STYLE_ASSIGNMENT((#14805,#14810));
#14805 = SURFACE_STYLE_USAGE(.BOTH.,#14806);
#14806 = SURFACE_SIDE_STYLE('',(#14807));
#14807 = SURFACE_STYLE_FILL_AREA(#14808);
#14808 = FILL_AREA_STYLE('',(#14809));
#14809 = FILL_AREA_STYLE_COLOUR('',#13827);
#14810 = CURVE_STYLE('',#14811,POSITIVE_LENGTH_MEASURE(0.1),#13827);
#14811 = DRAUGHTING_PRE_DEFINED_CURVE_FONT('continuous');
#14812 = STYLED_ITEM('color',(#14813),#12955);
#14813 = PRESENTATION_STYLE_ASSIGNMENT((#14814,#14819));
#14814 = SURFACE_STYLE_USAGE(.BOTH.,#14815);
#14815 = SURFACE_SIDE_STYLE('',(#14816));
#14816 = SURFACE_STYLE_FILL_AREA(#14817);
#14817 = FILL_AREA_STYLE('',(#14818));
#14818 = FILL_AREA_STYLE_COLOUR('',#13827);
#14819 = CURVE_STYLE('',#14820,POSITIVE_LENGTH_MEASURE(0.1),#13827);
#14820 = DRAUGHTING_PRE_DEFINED_CURVE_FONT('continuous');
#14821 = STYLED_ITEM('color',(#14822),#12986);
#14822 = PRESENTATION_STYLE_ASSIGNMENT((#14823,#14828));
#14823 = SURFACE_STYLE_USAGE(.BOTH.,#14824);
#14824 = SURFACE_SIDE_STYLE('',(#14825));
#14825 = SURFACE_STYLE_FILL_AREA(#14826);
#14826 = FILL_AREA_STYLE('',(#14827));
#14827 = FILL_AREA_STYLE_COLOUR('',#13827);
#14828 = CURVE_STYLE('',#14829,POSITIVE_LENGTH_MEASURE(0.1),#13827);
#14829 = DRAUGHTING_PRE_DEFINED_CURVE_FONT('continuous');
#14830 = STYLED_ITEM('color',(#14831),#13010);
#14831 = PRESENTATION_STYLE_ASSIGNMENT((#14832,#14837));
#14832 = SURFACE_STYLE_USAGE(.BOTH.,#14833);
#14833 = SURFACE_SIDE_STYLE('',(#14834));
#14834 = SURFACE_STYLE_FILL_AREA(#14835);
#14835 = FILL_AREA_STYLE('',(#14836));
#14836 = FILL_AREA_STYLE_COLOUR('',#13827);
#14837 = CURVE_STYLE('',#14838,POSITIVE_LENGTH_MEASURE(0.1),#13827);
#14838 = DRAUGHTING_PRE_DEFINED_CURVE_FONT('continuous');
#14839 = STYLED_ITEM('color',(#14840),#13034);
#14840 = PRESENTATION_STYLE_ASSIGNMENT((#14841,#14846));
#14841 = SURFACE_STYLE_USAGE(.BOTH.,#14842);
#14842 = SURFACE_SIDE_STYLE('',(#14843));
#14843 = SURFACE_STYLE_FILL_AREA(#14844);
#14844 = FILL_AREA_STYLE('',(#14845));
#14845 = FILL_AREA_STYLE_COLOUR('',#13827);
#14846 = CURVE_STYLE('',#14847,POSITIVE_LENGTH_MEASURE(0.1),#13827);
#14847 = DRAUGHTING_PRE_DEFINED_CURVE_FONT('continuous');
#14848 = STYLED_ITEM('color',(#14849),#13051);
#14849 = PRESENTATION_STYLE_ASSIGNMENT((#14850,#14855));
#14850 = SURFACE_STYLE_USAGE(.BOTH.,#14851);
#14851 = SURFACE_SIDE_STYLE('',(#14852));
#14852 = SURFACE_STYLE_FILL_AREA(#14853);
#14853 = FILL_AREA_STYLE('',(#14854));
#14854 = FILL_AREA_STYLE_COLOUR('',#13827);
#14855 = CURVE_STYLE('',#14856,POSITIVE_LENGTH_MEASURE(0.1),#13827);
#14856 = DRAUGHTING_PRE_DEFINED_CURVE_FONT('continuous');
#14857 = STYLED_ITEM('color',(#14858),#13082);
#14858 = PRESENTATION_STYLE_ASSIGNMENT((#14859,#14864));
#14859 = SURFACE_STYLE_USAGE(.BOTH.,#14860);
#14860 = SURFACE_SIDE_STYLE('',(#14861));
#14861 = SURFACE_STYLE_FILL_AREA(#14862);
#14862 = FILL_AREA_STYLE('',(#14863));
#14863 = FILL_AREA_STYLE_COLOUR('',#13827);
#14864 = CURVE_STYLE('',#14865,POSITIVE_LENGTH_MEASURE(0.1),#13827);
#14865 = DRAUGHTING_PRE_DEFINED_CURVE_FONT('continuous');
#14866 = STYLED_ITEM('color',(#14867),#13106);
#14867 = PRESENTATION_STYLE_ASSIGNMENT((#14868,#14873));
#14868 = SURFACE_STYLE_USAGE(.BOTH.,#14869);
#14869 = SURFACE_SIDE_STYLE('',(#14870));
#14870 = SURFACE_STYLE_FILL_AREA(#14871);
#14871 = FILL_AREA_STYLE('',(#14872));
#14872 = FILL_AREA_STYLE_COLOUR('',#13827);
#14873 = CURVE_STYLE('',#14874,POSITIVE_LENGTH_MEASURE(0.1),#13827);
#14874 = DRAUGHTING_PRE_DEFINED_CURVE_FONT('continuous');
#14875 = STYLED_ITEM('color',(#14876),#13130);
#14876 = PRESENTATION_STYLE_ASSIGNMENT((#14877,#14882));
#14877 = SURFACE_STYLE_USAGE(.BOTH.,#14878);
#14878 = SURFACE_SIDE_STYLE('',(#14879));
#14879 = SURFACE_STYLE_FILL_AREA(#14880);
#14880 = FILL_AREA_STYLE('',(#14881));
#14881 = FILL_AREA_STYLE_COLOUR('',#13827);
#14882 = CURVE_STYLE('',#14883,POSITIVE_LENGTH_MEASURE(0.1),#13827);
#14883 = DRAUGHTING_PRE_DEFINED_CURVE_FONT('continuous');
#14884 = STYLED_ITEM('color',(#14885),#13147);
#14885 = PRESENTATION_STYLE_ASSIGNMENT((#14886,#14891));
#14886 = SURFACE_STYLE_USAGE(.BOTH.,#14887);
#14887 = SURFACE_SIDE_STYLE('',(#14888));
#14888 = SURFACE_STYLE_FILL_AREA(#14889);
#14889 = FILL_AREA_STYLE('',(#14890));
#14890 = FILL_AREA_STYLE_COLOUR('',#13827);
#14891 = CURVE_STYLE('',#14892,POSITIVE_LENGTH_MEASURE(0.1),#13827);
#14892 = DRAUGHTING_PRE_DEFINED_CURVE_FONT('continuous');
#14893 = STYLED_ITEM('color',(#14894),#13178);
#14894 = PRESENTATION_STYLE_ASSIGNMENT((#14895,#14900));
#14895 = SURFACE_STYLE_USAGE(.BOTH.,#14896);
#14896 = SURFACE_SIDE_STYLE('',(#14897));
#14897 = SURFACE_STYLE_FILL_AREA(#14898);
#14898 = FILL_AREA_STYLE('',(#14899));
#14899 = FILL_AREA_STYLE_COLOUR('',#13827);
#14900 = CURVE_STYLE('',#14901,POSITIVE_LENGTH_MEASURE(0.1),#13827);
#14901 = DRAUGHTING_PRE_DEFINED_CURVE_FONT('continuous');
#14902 = STYLED_ITEM('color',(#14903),#13202);
#14903 = PRESENTATION_STYLE_ASSIGNMENT((#14904,#14909));
#14904 = SURFACE_STYLE_USAGE(.BOTH.,#14905);
#14905 = SURFACE_SIDE_STYLE('',(#14906));
#14906 = SURFACE_STYLE_FILL_AREA(#14907);
#14907 = FILL_AREA_STYLE('',(#14908));
#14908 = FILL_AREA_STYLE_COLOUR('',#13827);
#14909 = CURVE_STYLE('',#14910,POSITIVE_LENGTH_MEASURE(0.1),#13827);
#14910 = DRAUGHTING_PRE_DEFINED_CURVE_FONT('continuous');
#14911 = STYLED_ITEM('color',(#14912),#13226);
#14912 = PRESENTATION_STYLE_ASSIGNMENT((#14913,#14918));
#14913 = SURFACE_STYLE_USAGE(.BOTH.,#14914);
#14914 = SURFACE_SIDE_STYLE('',(#14915));
#14915 = SURFACE_STYLE_FILL_AREA(#14916);
#14916 = FILL_AREA_STYLE('',(#14917));
#14917 = FILL_AREA_STYLE_COLOUR('',#13827);
#14918 = CURVE_STYLE('',#14919,POSITIVE_LENGTH_MEASURE(0.1),#13827);
#14919 = DRAUGHTING_PRE_DEFINED_CURVE_FONT('continuous');
#14920 = STYLED_ITEM('color',(#14921),#13243);
#14921 = PRESENTATION_STYLE_ASSIGNMENT((#14922,#14927));
#14922 = SURFACE_STYLE_USAGE(.BOTH.,#14923);
#14923 = SURFACE_SIDE_STYLE('',(#14924));
#14924 = SURFACE_STYLE_FILL_AREA(#14925);
#14925 = FILL_AREA_STYLE('',(#14926));
#14926 = FILL_AREA_STYLE_COLOUR('',#13827);
#14927 = CURVE_STYLE('',#14928,POSITIVE_LENGTH_MEASURE(0.1),#13827);
#14928 = DRAUGHTING_PRE_DEFINED_CURVE_FONT('continuous');
#14929 = STYLED_ITEM('color',(#14930),#13274);
#14930 = PRESENTATION_STYLE_ASSIGNMENT((#14931,#14936));
#14931 = SURFACE_STYLE_USAGE(.BOTH.,#14932);
#14932 = SURFACE_SIDE_STYLE('',(#14933));
#14933 = SURFACE_STYLE_FILL_AREA(#14934);
#14934 = FILL_AREA_STYLE('',(#14935));
#14935 = FILL_AREA_STYLE_COLOUR('',#13827);
#14936 = CURVE_STYLE('',#14937,POSITIVE_LENGTH_MEASURE(0.1),#13827);
#14937 = DRAUGHTING_PRE_DEFINED_CURVE_FONT('continuous');
#14938 = STYLED_ITEM('color',(#14939),#13298);
#14939 = PRESENTATION_STYLE_ASSIGNMENT((#14940,#14945));
#14940 = SURFACE_STYLE_USAGE(.BOTH.,#14941);
#14941 = SURFACE_SIDE_STYLE('',(#14942));
#14942 = SURFACE_STYLE_FILL_AREA(#14943);
#14943 = FILL_AREA_STYLE('',(#14944));
#14944 = FILL_AREA_STYLE_COLOUR('',#13827);
#14945 = CURVE_STYLE('',#14946,POSITIVE_LENGTH_MEASURE(0.1),#13827);
#14946 = DRAUGHTING_PRE_DEFINED_CURVE_FONT('continuous');
#14947 = STYLED_ITEM('color',(#14948),#13322);
#14948 = PRESENTATION_STYLE_ASSIGNMENT((#14949,#14954));
#14949 = SURFACE_STYLE_USAGE(.BOTH.,#14950);
#14950 = SURFACE_SIDE_STYLE('',(#14951));
#14951 = SURFACE_STYLE_FILL_AREA(#14952);
#14952 = FILL_AREA_STYLE('',(#14953));
#14953 = FILL_AREA_STYLE_COLOUR('',#13827);
#14954 = CURVE_STYLE('',#14955,POSITIVE_LENGTH_MEASURE(0.1),#13827);
#14955 = DRAUGHTING_PRE_DEFINED_CURVE_FONT('continuous');
#14956 = STYLED_ITEM('color',(#14957),#13339);
#14957 = PRESENTATION_STYLE_ASSIGNMENT((#14958,#14963));
#14958 = SURFACE_STYLE_USAGE(.BOTH.,#14959);
#14959 = SURFACE_SIDE_STYLE('',(#14960));
#14960 = SURFACE_STYLE_FILL_AREA(#14961);
#14961 = FILL_AREA_STYLE('',(#14962));
#14962 = FILL_AREA_STYLE_COLOUR('',#13827);
#14963 = CURVE_STYLE('',#14964,POSITIVE_LENGTH_MEASURE(0.1),#13827);
#14964 = DRAUGHTING_PRE_DEFINED_CURVE_FONT('continuous');
#14965 = STYLED_ITEM('color',(#14966),#13370);
#14966 = PRESENTATION_STYLE_ASSIGNMENT((#14967,#14972));
#14967 = SURFACE_STYLE_USAGE(.BOTH.,#14968);
#14968 = SURFACE_SIDE_STYLE('',(#14969));
#14969 = SURFACE_STYLE_FILL_AREA(#14970);
#14970 = FILL_AREA_STYLE('',(#14971));
#14971 = FILL_AREA_STYLE_COLOUR('',#13827);
#14972 = CURVE_STYLE('',#14973,POSITIVE_LENGTH_MEASURE(0.1),#13827);
#14973 = DRAUGHTING_PRE_DEFINED_CURVE_FONT('continuous');
#14974 = STYLED_ITEM('color',(#14975),#13394);
#14975 = PRESENTATION_STYLE_ASSIGNMENT((#14976,#14981));
#14976 = SURFACE_STYLE_USAGE(.BOTH.,#14977);
#14977 = SURFACE_SIDE_STYLE('',(#14978));
#14978 = SURFACE_STYLE_FILL_AREA(#14979);
#14979 = FILL_AREA_STYLE('',(#14980));
#14980 = FILL_AREA_STYLE_COLOUR('',#13827);
#14981 = CURVE_STYLE('',#14982,POSITIVE_LENGTH_MEASURE(0.1),#13827);
#14982 = DRAUGHTING_PRE_DEFINED_CURVE_FONT('continuous');
#14983 = STYLED_ITEM('color',(#14984),#13418);
#14984 = PRESENTATION_STYLE_ASSIGNMENT((#14985,#14990));
#14985 = SURFACE_STYLE_USAGE(.BOTH.,#14986);
#14986 = SURFACE_SIDE_STYLE('',(#14987));
#14987 = SURFACE_STYLE_FILL_AREA(#14988);
#14988 = FILL_AREA_STYLE('',(#14989));
#14989 = FILL_AREA_STYLE_COLOUR('',#13827);
#14990 = CURVE_STYLE('',#14991,POSITIVE_LENGTH_MEASURE(0.1),#13827);
#14991 = DRAUGHTING_PRE_DEFINED_CURVE_FONT('continuous');
#14992 = STYLED_ITEM('color',(#14993),#13435);
#14993 = PRESENTATION_STYLE_ASSIGNMENT((#14994,#14999));
#14994 = SURFACE_STYLE_USAGE(.BOTH.,#14995);
#14995 = SURFACE_SIDE_STYLE('',(#14996));
#14996 = SURFACE_STYLE_FILL_AREA(#14997);
#14997 = FILL_AREA_STYLE('',(#14998));
#14998 = FILL_AREA_STYLE_COLOUR('',#13827);
#14999 = CURVE_STYLE('',#15000,POSITIVE_LENGTH_MEASURE(0.1),#13827);
#15000 = DRAUGHTING_PRE_DEFINED_CURVE_FONT('continuous');
#15001 = STYLED_ITEM('color',(#15002),#13447);
#15002 = PRESENTATION_STYLE_ASSIGNMENT((#15003,#15008));
#15003 = SURFACE_STYLE_USAGE(.BOTH.,#15004);
#15004 = SURFACE_SIDE_STYLE('',(#15005));
#15005 = SURFACE_STYLE_FILL_AREA(#15006);
#15006 = FILL_AREA_STYLE('',(#15007));
#15007 = FILL_AREA_STYLE_COLOUR('',#13827);
#15008 = CURVE_STYLE('',#15009,POSITIVE_LENGTH_MEASURE(0.1),#13827);
#15009 = DRAUGHTING_PRE_DEFINED_CURVE_FONT('continuous');
#15010 = STYLED_ITEM('color',(#15011),#13459);
#15011 = PRESENTATION_STYLE_ASSIGNMENT((#15012,#15017));
#15012 = SURFACE_STYLE_USAGE(.BOTH.,#15013);
#15013 = SURFACE_SIDE_STYLE('',(#15014));
#15014 = SURFACE_STYLE_FILL_AREA(#15015);
#15015 = FILL_AREA_STYLE('',(#15016));
#15016 = FILL_AREA_STYLE_COLOUR('',#13827);
#15017 = CURVE_STYLE('',#15018,POSITIVE_LENGTH_MEASURE(0.1),#13827);
#15018 = DRAUGHTING_PRE_DEFINED_CURVE_FONT('continuous');
#15019 = STYLED_ITEM('color',(#15020),#13471);
#15020 = PRESENTATION_STYLE_ASSIGNMENT((#15021,#15026));
#15021 = SURFACE_STYLE_USAGE(.BOTH.,#15022);
#15022 = SURFACE_SIDE_STYLE('',(#15023));
#15023 = SURFACE_STYLE_FILL_AREA(#15024);
#15024 = FILL_AREA_STYLE('',(#15025));
#15025 = FILL_AREA_STYLE_COLOUR('',#13827);
#15026 = CURVE_STYLE('',#15027,POSITIVE_LENGTH_MEASURE(0.1),#13827);
#15027 = DRAUGHTING_PRE_DEFINED_CURVE_FONT('continuous');
#15028 = STYLED_ITEM('color',(#15029),#13483);
#15029 = PRESENTATION_STYLE_ASSIGNMENT((#15030,#15035));
#15030 = SURFACE_STYLE_USAGE(.BOTH.,#15031);
#15031 = SURFACE_SIDE_STYLE('',(#15032));
#15032 = SURFACE_STYLE_FILL_AREA(#15033);
#15033 = FILL_AREA_STYLE('',(#15034));
#15034 = FILL_AREA_STYLE_COLOUR('',#13827);
#15035 = CURVE_STYLE('',#15036,POSITIVE_LENGTH_MEASURE(0.1),#13827);
#15036 = DRAUGHTING_PRE_DEFINED_CURVE_FONT('continuous');
#15037 = STYLED_ITEM('color',(#15038),#13495);
#15038 = PRESENTATION_STYLE_ASSIGNMENT((#15039,#15044));
#15039 = SURFACE_STYLE_USAGE(.BOTH.,#15040);
#15040 = SURFACE_SIDE_STYLE('',(#15041));
#15041 = SURFACE_STYLE_FILL_AREA(#15042);
#15042 = FILL_AREA_STYLE('',(#15043));
#15043 = FILL_AREA_STYLE_COLOUR('',#13827);
#15044 = CURVE_STYLE('',#15045,POSITIVE_LENGTH_MEASURE(0.1),#13827);
#15045 = DRAUGHTING_PRE_DEFINED_CURVE_FONT('continuous');
#15046 = MECHANICAL_DESIGN_GEOMETRIC_PRESENTATION_REPRESENTATION('',(
    #15047,#15054,#15061,#15068,#15075,#15082,#15089,#15096,#15103,
    #15110,#15117,#15124,#15131,#15138,#15146,#15153,#15160,#15167,
    #15174,#15181,#15188,#15195,#15202,#15209,#15216,#15223),#2662);
#15047 = STYLED_ITEM('color',(#15048),#1874);
#15048 = PRESENTATION_STYLE_ASSIGNMENT((#15049));
#15049 = SURFACE_STYLE_USAGE(.BOTH.,#15050);
#15050 = SURFACE_SIDE_STYLE('',(#15051));
#15051 = SURFACE_STYLE_FILL_AREA(#15052);
#15052 = FILL_AREA_STYLE('',(#15053));
#15053 = FILL_AREA_STYLE_COLOUR('',#13827);
#15054 = STYLED_ITEM('color',(#15055),#1914);
#15055 = PRESENTATION_STYLE_ASSIGNMENT((#15056));
#15056 = SURFACE_STYLE_USAGE(.BOTH.,#15057);
#15057 = SURFACE_SIDE_STYLE('',(#15058));
#15058 = SURFACE_STYLE_FILL_AREA(#15059);
#15059 = FILL_AREA_STYLE('',(#15060));
#15060 = FILL_AREA_STYLE_COLOUR('',#13827);
#15061 = STYLED_ITEM('color',(#15062),#1997);
#15062 = PRESENTATION_STYLE_ASSIGNMENT((#15063));
#15063 = SURFACE_STYLE_USAGE(.BOTH.,#15064);
#15064 = SURFACE_SIDE_STYLE('',(#15065));
#15065 = SURFACE_STYLE_FILL_AREA(#15066);
#15066 = FILL_AREA_STYLE('',(#15067));
#15067 = FILL_AREA_STYLE_COLOUR('',#13827);
#15068 = STYLED_ITEM('color',(#15069),#2022);
#15069 = PRESENTATION_STYLE_ASSIGNMENT((#15070));
#15070 = SURFACE_STYLE_USAGE(.BOTH.,#15071);
#15071 = SURFACE_SIDE_STYLE('',(#15072));
#15072 = SURFACE_STYLE_FILL_AREA(#15073);
#15073 = FILL_AREA_STYLE('',(#15074));
#15074 = FILL_AREA_STYLE_COLOUR('',#13827);
#15075 = STYLED_ITEM('color',(#15076),#2047);
#15076 = PRESENTATION_STYLE_ASSIGNMENT((#15077));
#15077 = SURFACE_STYLE_USAGE(.BOTH.,#15078);
#15078 = SURFACE_SIDE_STYLE('',(#15079));
#15079 = SURFACE_STYLE_FILL_AREA(#15080);
#15080 = FILL_AREA_STYLE('',(#15081));
#15081 = FILL_AREA_STYLE_COLOUR('',#13827);
#15082 = STYLED_ITEM('color',(#15083),#2114);
#15083 = PRESENTATION_STYLE_ASSIGNMENT((#15084));
#15084 = SURFACE_STYLE_USAGE(.BOTH.,#15085);
#15085 = SURFACE_SIDE_STYLE('',(#15086));
#15086 = SURFACE_STYLE_FILL_AREA(#15087);
#15087 = FILL_AREA_STYLE('',(#15088));
#15088 = FILL_AREA_STYLE_COLOUR('',#13827);
#15089 = STYLED_ITEM('color',(#15090),#2131);
#15090 = PRESENTATION_STYLE_ASSIGNMENT((#15091));
#15091 = SURFACE_STYLE_USAGE(.BOTH.,#15092);
#15092 = SURFACE_SIDE_STYLE('',(#15093));
#15093 = SURFACE_STYLE_FILL_AREA(#15094);
#15094 = FILL_AREA_STYLE('',(#15095));
#15095 = FILL_AREA_STYLE_COLOUR('',#13827);
#15096 = STYLED_ITEM('color',(#15097),#2148);
#15097 = PRESENTATION_STYLE_ASSIGNMENT((#15098));
#15098 = SURFACE_STYLE_USAGE(.BOTH.,#15099);
#15099 = SURFACE_SIDE_STYLE('',(#15100));
#15100 = SURFACE_STYLE_FILL_AREA(#15101);
#15101 = FILL_AREA_STYLE('',(#15102));
#15102 = FILL_AREA_STYLE_COLOUR('',#14035);
#15103 = STYLED_ITEM('color',(#15104),#2197);
#15104 = PRESENTATION_STYLE_ASSIGNMENT((#15105));
#15105 = SURFACE_STYLE_USAGE(.BOTH.,#15106);
#15106 = SURFACE_SIDE_STYLE('',(#15107));
#15107 = SURFACE_STYLE_FILL_AREA(#15108);
#15108 = FILL_AREA_STYLE('',(#15109));
#15109 = FILL_AREA_STYLE_COLOUR('',#13827);
#15110 = STYLED_ITEM('color',(#15111),#2214);
#15111 = PRESENTATION_STYLE_ASSIGNMENT((#15112));
#15112 = SURFACE_STYLE_USAGE(.BOTH.,#15113);
#15113 = SURFACE_SIDE_STYLE('',(#15114));
#15114 = SURFACE_STYLE_FILL_AREA(#15115);
#15115 = FILL_AREA_STYLE('',(#15116));
#15116 = FILL_AREA_STYLE_COLOUR('',#13827);
#15117 = STYLED_ITEM('color',(#15118),#2231);
#15118 = PRESENTATION_STYLE_ASSIGNMENT((#15119));
#15119 = SURFACE_STYLE_USAGE(.BOTH.,#15120);
#15120 = SURFACE_SIDE_STYLE('',(#15121));
#15121 = SURFACE_STYLE_FILL_AREA(#15122);
#15122 = FILL_AREA_STYLE('',(#15123));
#15123 = FILL_AREA_STYLE_COLOUR('',#14035);
#15124 = STYLED_ITEM('color',(#15125),#2280);
#15125 = PRESENTATION_STYLE_ASSIGNMENT((#15126));
#15126 = SURFACE_STYLE_USAGE(.BOTH.,#15127);
#15127 = SURFACE_SIDE_STYLE('',(#15128));
#15128 = SURFACE_STYLE_FILL_AREA(#15129);
#15129 = FILL_AREA_STYLE('',(#15130));
#15130 = FILL_AREA_STYLE_COLOUR('',#14035);
#15131 = STYLED_ITEM('color',(#15132),#2297);
#15132 = PRESENTATION_STYLE_ASSIGNMENT((#15133));
#15133 = SURFACE_STYLE_USAGE(.BOTH.,#15134);
#15134 = SURFACE_SIDE_STYLE('',(#15135));
#15135 = SURFACE_STYLE_FILL_AREA(#15136);
#15136 = FILL_AREA_STYLE('',(#15137));
#15137 = FILL_AREA_STYLE_COLOUR('',#13827);
#15138 = STYLED_ITEM('color',(#15139),#2366);
#15139 = PRESENTATION_STYLE_ASSIGNMENT((#15140));
#15140 = SURFACE_STYLE_USAGE(.BOTH.,#15141);
#15141 = SURFACE_SIDE_STYLE('',(#15142));
#15142 = SURFACE_STYLE_FILL_AREA(#15143);
#15143 = FILL_AREA_STYLE('',(#15144));
#15144 = FILL_AREA_STYLE_COLOUR('',#15145);
#15145 = COLOUR_RGB('',8.200000279077E-02,8.600000121357E-02,
  9.399999706163E-02);
#15146 = STYLED_ITEM('color',(#15147),#2397);
#15147 = PRESENTATION_STYLE_ASSIGNMENT((#15148));
#15148 = SURFACE_STYLE_USAGE(.BOTH.,#15149);
#15149 = SURFACE_SIDE_STYLE('',(#15150));
#15150 = SURFACE_STYLE_FILL_AREA(#15151);
#15151 = FILL_AREA_STYLE('',(#15152));
#15152 = FILL_AREA_STYLE_COLOUR('',#15145);
#15153 = STYLED_ITEM('color',(#15154),#2421);
#15154 = PRESENTATION_STYLE_ASSIGNMENT((#15155));
#15155 = SURFACE_STYLE_USAGE(.BOTH.,#15156);
#15156 = SURFACE_SIDE_STYLE('',(#15157));
#15157 = SURFACE_STYLE_FILL_AREA(#15158);
#15158 = FILL_AREA_STYLE('',(#15159));
#15159 = FILL_AREA_STYLE_COLOUR('',#13827);
#15160 = STYLED_ITEM('color',(#15161),#2490);
#15161 = PRESENTATION_STYLE_ASSIGNMENT((#15162));
#15162 = SURFACE_STYLE_USAGE(.BOTH.,#15163);
#15163 = SURFACE_SIDE_STYLE('',(#15164));
#15164 = SURFACE_STYLE_FILL_AREA(#15165);
#15165 = FILL_AREA_STYLE('',(#15166));
#15166 = FILL_AREA_STYLE_COLOUR('',#15145);
#15167 = STYLED_ITEM('color',(#15168),#2514);
#15168 = PRESENTATION_STYLE_ASSIGNMENT((#15169));
#15169 = SURFACE_STYLE_USAGE(.BOTH.,#15170);
#15170 = SURFACE_SIDE_STYLE('',(#15171));
#15171 = SURFACE_STYLE_FILL_AREA(#15172);
#15172 = FILL_AREA_STYLE('',(#15173));
#15173 = FILL_AREA_STYLE_COLOUR('',#13827);
#15174 = STYLED_ITEM('color',(#15175),#2531);
#15175 = PRESENTATION_STYLE_ASSIGNMENT((#15176));
#15176 = SURFACE_STYLE_USAGE(.BOTH.,#15177);
#15177 = SURFACE_SIDE_STYLE('',(#15178));
#15178 = SURFACE_STYLE_FILL_AREA(#15179);
#15179 = FILL_AREA_STYLE('',(#15180));
#15180 = FILL_AREA_STYLE_COLOUR('',#13827);
#15181 = STYLED_ITEM('color',(#15182),#2548);
#15182 = PRESENTATION_STYLE_ASSIGNMENT((#15183));
#15183 = SURFACE_STYLE_USAGE(.BOTH.,#15184);
#15184 = SURFACE_SIDE_STYLE('',(#15185));
#15185 = SURFACE_STYLE_FILL_AREA(#15186);
#15186 = FILL_AREA_STYLE('',(#15187));
#15187 = FILL_AREA_STYLE_COLOUR('',#13827);
#15188 = STYLED_ITEM('color',(#15189),#2565);
#15189 = PRESENTATION_STYLE_ASSIGNMENT((#15190));
#15190 = SURFACE_STYLE_USAGE(.BOTH.,#15191);
#15191 = SURFACE_SIDE_STYLE('',(#15192));
#15192 = SURFACE_STYLE_FILL_AREA(#15193);
#15193 = FILL_AREA_STYLE('',(#15194));
#15194 = FILL_AREA_STYLE_COLOUR('',#13827);
#15195 = STYLED_ITEM('color',(#15196),#2582);
#15196 = PRESENTATION_STYLE_ASSIGNMENT((#15197));
#15197 = SURFACE_STYLE_USAGE(.BOTH.,#15198);
#15198 = SURFACE_SIDE_STYLE('',(#15199));
#15199 = SURFACE_STYLE_FILL_AREA(#15200);
#15200 = FILL_AREA_STYLE('',(#15201));
#15201 = FILL_AREA_STYLE_COLOUR('',#13827);
#15202 = STYLED_ITEM('color',(#15203),#2599);
#15203 = PRESENTATION_STYLE_ASSIGNMENT((#15204));
#15204 = SURFACE_STYLE_USAGE(.BOTH.,#15205);
#15205 = SURFACE_SIDE_STYLE('',(#15206));
#15206 = SURFACE_STYLE_FILL_AREA(#15207);
#15207 = FILL_AREA_STYLE('',(#15208));
#15208 = FILL_AREA_STYLE_COLOUR('',#13827);
#15209 = STYLED_ITEM('color',(#15210),#2616);
#15210 = PRESENTATION_STYLE_ASSIGNMENT((#15211));
#15211 = SURFACE_STYLE_USAGE(.BOTH.,#15212);
#15212 = SURFACE_SIDE_STYLE('',(#15213));
#15213 = SURFACE_STYLE_FILL_AREA(#15214);
#15214 = FILL_AREA_STYLE('',(#15215));
#15215 = FILL_AREA_STYLE_COLOUR('',#13827);
#15216 = STYLED_ITEM('color',(#15217),#2633);
#15217 = PRESENTATION_STYLE_ASSIGNMENT((#15218));
#15218 = SURFACE_STYLE_USAGE(.BOTH.,#15219);
#15219 = SURFACE_SIDE_STYLE('',(#15220));
#15220 = SURFACE_STYLE_FILL_AREA(#15221);
#15221 = FILL_AREA_STYLE('',(#15222));
#15222 = FILL_AREA_STYLE_COLOUR('',#15145);
#15223 = STYLED_ITEM('color',(#15224),#2650);
#15224 = PRESENTATION_STYLE_ASSIGNMENT((#15225));
#15225 = SURFACE_STYLE_USAGE(.BOTH.,#15226);
#15226 = SURFACE_SIDE_STYLE('',(#15227));
#15227 = SURFACE_STYLE_FILL_AREA(#15228);
#15228 = FILL_AREA_STYLE('',(#15229));
#15229 = FILL_AREA_STYLE_COLOUR('',#15145);
#15230 = MECHANICAL_DESIGN_GEOMETRIC_PRESENTATION_REPRESENTATION('',(
    #15231,#15241,#15250,#15259,#15268,#15277,#15286,#15295,#15304,
    #15313,#15322,#15331,#15340,#15349,#15358,#15367,#15376,#15385,
    #15394,#15403,#15412,#15421,#15430,#15439,#15448,#15457,#15466,
    #15475,#15484,#15493,#15502,#15511,#15520,#15529,#15538,#15547,
    #15556,#15565,#15574,#15583,#15592,#15601,#15610,#15619,#15628,
    #15637,#15646,#15655,#15664,#15673,#15682,#15691,#15700,#15709,
    #15718,#15727,#15736,#15745,#15754,#15763,#15772,#15781,#15790,
    #15799,#15808,#15817,#15826,#15835,#15844,#15853,#15862,#15871,
    #15880,#15889,#15898,#15907,#15916,#15925,#15934,#15943,#15952,
    #15961,#15970,#15979,#15988,#15997,#16006,#16015,#16024,#16033,
    #16042,#16051,#16060,#16069,#16078,#16087,#16096,#16105,#16114,
    #16123,#16132,#16141,#16150,#16159,#16168,#16177,#16186,#16195,
    #16204,#16213,#16222,#16231,#16240,#16249,#16258,#16267,#16276,
    #16285,#16294,#16303,#16312,#16321,#16330,#16339,#16348,#16357,
    #16366,#16375,#16384,#16393,#16402,#16411,#16420,#16429,#16438,
    #16447,#16456,#16465,#16474,#16483,#16492,#16501,#16510,#16519,
    #16528,#16537,#16546,#16555,#16564,#16573,#16582,#16591,#16600,
    #16609,#16618,#16627,#16636,#16645,#16654,#16663,#16672,#16681,
    #16690,#16699,#16708,#16717,#16726,#16735,#16744,#16753,#16762,
    #16771,#16780,#16789,#16798,#16807,#16816,#16825,#16834,#16843,
    #16852,#16861,#16870,#16879,#16888,#16897,#16906,#16915,#16924,
    #16933,#16942,#16951,#16960,#16969,#16978,#16987,#16996,#17005,
    #17014,#17023,#17032,#17041,#17050,#17059,#17068,#17077,#17086,
    #17095,#17104,#17113,#17122,#17131,#17140,#17149,#17158,#17167,
    #17176,#17185,#17194,#17203,#17212,#17221,#17230,#17239,#17248,
    #17257,#17266,#17275,#17284,#17293,#17302,#17311,#17320,#17329,
    #17338,#17347,#17356),#9981);
#15231 = STYLED_ITEM('color',(#15232),#2711);
#15232 = PRESENTATION_STYLE_ASSIGNMENT((#15233,#15239));
#15233 = SURFACE_STYLE_USAGE(.BOTH.,#15234);
#15234 = SURFACE_SIDE_STYLE('',(#15235));
#15235 = SURFACE_STYLE_FILL_AREA(#15236);
#15236 = FILL_AREA_STYLE('',(#15237));
#15237 = FILL_AREA_STYLE_COLOUR('',#15238);
#15238 = COLOUR_RGB('',0.147999998088,0.145000001626,0.145000001626);
#15239 = CURVE_STYLE('',#15240,POSITIVE_LENGTH_MEASURE(0.1),#15238);
#15240 = DRAUGHTING_PRE_DEFINED_CURVE_FONT('continuous');
#15241 = STYLED_ITEM('color',(#15242),#2749);
#15242 = PRESENTATION_STYLE_ASSIGNMENT((#15243,#15248));
#15243 = SURFACE_STYLE_USAGE(.BOTH.,#15244);
#15244 = SURFACE_SIDE_STYLE('',(#15245));
#15245 = SURFACE_STYLE_FILL_AREA(#15246);
#15246 = FILL_AREA_STYLE('',(#15247));
#15247 = FILL_AREA_STYLE_COLOUR('',#15238);
#15248 = CURVE_STYLE('',#15249,POSITIVE_LENGTH_MEASURE(0.1),#15238);
#15249 = DRAUGHTING_PRE_DEFINED_CURVE_FONT('continuous');
#15250 = STYLED_ITEM('color',(#15251),#2812);
#15251 = PRESENTATION_STYLE_ASSIGNMENT((#15252,#15257));
#15252 = SURFACE_STYLE_USAGE(.BOTH.,#15253);
#15253 = SURFACE_SIDE_STYLE('',(#15254));
#15254 = SURFACE_STYLE_FILL_AREA(#15255);
#15255 = FILL_AREA_STYLE('',(#15256));
#15256 = FILL_AREA_STYLE_COLOUR('',#15238);
#15257 = CURVE_STYLE('',#15258,POSITIVE_LENGTH_MEASURE(0.1),#15238);
#15258 = DRAUGHTING_PRE_DEFINED_CURVE_FONT('continuous');
#15259 = STYLED_ITEM('color',(#15260),#2835);
#15260 = PRESENTATION_STYLE_ASSIGNMENT((#15261,#15266));
#15261 = SURFACE_STYLE_USAGE(.BOTH.,#15262);
#15262 = SURFACE_SIDE_STYLE('',(#15263));
#15263 = SURFACE_STYLE_FILL_AREA(#15264);
#15264 = FILL_AREA_STYLE('',(#15265));
#15265 = FILL_AREA_STYLE_COLOUR('',#15238);
#15266 = CURVE_STYLE('',#15267,POSITIVE_LENGTH_MEASURE(0.1),#15238);
#15267 = DRAUGHTING_PRE_DEFINED_CURVE_FONT('continuous');
#15268 = STYLED_ITEM('color',(#15269),#2864);
#15269 = PRESENTATION_STYLE_ASSIGNMENT((#15270,#15275));
#15270 = SURFACE_STYLE_USAGE(.BOTH.,#15271);
#15271 = SURFACE_SIDE_STYLE('',(#15272));
#15272 = SURFACE_STYLE_FILL_AREA(#15273);
#15273 = FILL_AREA_STYLE('',(#15274));
#15274 = FILL_AREA_STYLE_COLOUR('',#15238);
#15275 = CURVE_STYLE('',#15276,POSITIVE_LENGTH_MEASURE(0.1),#15238);
#15276 = DRAUGHTING_PRE_DEFINED_CURVE_FONT('continuous');
#15277 = STYLED_ITEM('color',(#15278),#2887);
#15278 = PRESENTATION_STYLE_ASSIGNMENT((#15279,#15284));
#15279 = SURFACE_STYLE_USAGE(.BOTH.,#15280);
#15280 = SURFACE_SIDE_STYLE('',(#15281));
#15281 = SURFACE_STYLE_FILL_AREA(#15282);
#15282 = FILL_AREA_STYLE('',(#15283));
#15283 = FILL_AREA_STYLE_COLOUR('',#15238);
#15284 = CURVE_STYLE('',#15285,POSITIVE_LENGTH_MEASURE(0.1),#15238);
#15285 = DRAUGHTING_PRE_DEFINED_CURVE_FONT('continuous');
#15286 = STYLED_ITEM('color',(#15287),#3022);
#15287 = PRESENTATION_STYLE_ASSIGNMENT((#15288,#15293));
#15288 = SURFACE_STYLE_USAGE(.BOTH.,#15289);
#15289 = SURFACE_SIDE_STYLE('',(#15290));
#15290 = SURFACE_STYLE_FILL_AREA(#15291);
#15291 = FILL_AREA_STYLE('',(#15292));
#15292 = FILL_AREA_STYLE_COLOUR('',#15238);
#15293 = CURVE_STYLE('',#15294,POSITIVE_LENGTH_MEASURE(0.1),#15238);
#15294 = DRAUGHTING_PRE_DEFINED_CURVE_FONT('continuous');
#15295 = STYLED_ITEM('color',(#15296),#3157);
#15296 = PRESENTATION_STYLE_ASSIGNMENT((#15297,#15302));
#15297 = SURFACE_STYLE_USAGE(.BOTH.,#15298);
#15298 = SURFACE_SIDE_STYLE('',(#15299));
#15299 = SURFACE_STYLE_FILL_AREA(#15300);
#15300 = FILL_AREA_STYLE('',(#15301));
#15301 = FILL_AREA_STYLE_COLOUR('',#15238);
#15302 = CURVE_STYLE('',#15303,POSITIVE_LENGTH_MEASURE(0.1),#15238);
#15303 = DRAUGHTING_PRE_DEFINED_CURVE_FONT('continuous');
#15304 = STYLED_ITEM('color',(#15305),#3180);
#15305 = PRESENTATION_STYLE_ASSIGNMENT((#15306,#15311));
#15306 = SURFACE_STYLE_USAGE(.BOTH.,#15307);
#15307 = SURFACE_SIDE_STYLE('',(#15308));
#15308 = SURFACE_STYLE_FILL_AREA(#15309);
#15309 = FILL_AREA_STYLE('',(#15310));
#15310 = FILL_AREA_STYLE_COLOUR('',#15238);
#15311 = CURVE_STYLE('',#15312,POSITIVE_LENGTH_MEASURE(0.1),#15238);
#15312 = DRAUGHTING_PRE_DEFINED_CURVE_FONT('continuous');
#15313 = STYLED_ITEM('color',(#15314),#3203);
#15314 = PRESENTATION_STYLE_ASSIGNMENT((#15315,#15320));
#15315 = SURFACE_STYLE_USAGE(.BOTH.,#15316);
#15316 = SURFACE_SIDE_STYLE('',(#15317));
#15317 = SURFACE_STYLE_FILL_AREA(#15318);
#15318 = FILL_AREA_STYLE('',(#15319));
#15319 = FILL_AREA_STYLE_COLOUR('',#15238);
#15320 = CURVE_STYLE('',#15321,POSITIVE_LENGTH_MEASURE(0.1),#15238);
#15321 = DRAUGHTING_PRE_DEFINED_CURVE_FONT('continuous');
#15322 = STYLED_ITEM('color',(#15323),#3220);
#15323 = PRESENTATION_STYLE_ASSIGNMENT((#15324,#15329));
#15324 = SURFACE_STYLE_USAGE(.BOTH.,#15325);
#15325 = SURFACE_SIDE_STYLE('',(#15326));
#15326 = SURFACE_STYLE_FILL_AREA(#15327);
#15327 = FILL_AREA_STYLE('',(#15328));
#15328 = FILL_AREA_STYLE_COLOUR('',#15238);
#15329 = CURVE_STYLE('',#15330,POSITIVE_LENGTH_MEASURE(0.1),#15238);
#15330 = DRAUGHTING_PRE_DEFINED_CURVE_FONT('continuous');
#15331 = STYLED_ITEM('color',(#15332),#3243);
#15332 = PRESENTATION_STYLE_ASSIGNMENT((#15333,#15338));
#15333 = SURFACE_STYLE_USAGE(.BOTH.,#15334);
#15334 = SURFACE_SIDE_STYLE('',(#15335));
#15335 = SURFACE_STYLE_FILL_AREA(#15336);
#15336 = FILL_AREA_STYLE('',(#15337));
#15337 = FILL_AREA_STYLE_COLOUR('',#15238);
#15338 = CURVE_STYLE('',#15339,POSITIVE_LENGTH_MEASURE(0.1),#15238);
#15339 = DRAUGHTING_PRE_DEFINED_CURVE_FONT('continuous');
#15340 = STYLED_ITEM('color',(#15341),#3331);
#15341 = PRESENTATION_STYLE_ASSIGNMENT((#15342,#15347));
#15342 = SURFACE_STYLE_USAGE(.BOTH.,#15343);
#15343 = SURFACE_SIDE_STYLE('',(#15344));
#15344 = SURFACE_STYLE_FILL_AREA(#15345);
#15345 = FILL_AREA_STYLE('',(#15346));
#15346 = FILL_AREA_STYLE_COLOUR('',#15238);
#15347 = CURVE_STYLE('',#15348,POSITIVE_LENGTH_MEASURE(0.1),#15238);
#15348 = DRAUGHTING_PRE_DEFINED_CURVE_FONT('continuous');
#15349 = STYLED_ITEM('color',(#15350),#3347);
#15350 = PRESENTATION_STYLE_ASSIGNMENT((#15351,#15356));
#15351 = SURFACE_STYLE_USAGE(.BOTH.,#15352);
#15352 = SURFACE_SIDE_STYLE('',(#15353));
#15353 = SURFACE_STYLE_FILL_AREA(#15354);
#15354 = FILL_AREA_STYLE('',(#15355));
#15355 = FILL_AREA_STYLE_COLOUR('',#15238);
#15356 = CURVE_STYLE('',#15357,POSITIVE_LENGTH_MEASURE(0.1),#15238);
#15357 = DRAUGHTING_PRE_DEFINED_CURVE_FONT('continuous');
#15358 = STYLED_ITEM('color',(#15359),#3377);
#15359 = PRESENTATION_STYLE_ASSIGNMENT((#15360,#15365));
#15360 = SURFACE_STYLE_USAGE(.BOTH.,#15361);
#15361 = SURFACE_SIDE_STYLE('',(#15362));
#15362 = SURFACE_STYLE_FILL_AREA(#15363);
#15363 = FILL_AREA_STYLE('',(#15364));
#15364 = FILL_AREA_STYLE_COLOUR('',#13827);
#15365 = CURVE_STYLE('',#15366,POSITIVE_LENGTH_MEASURE(0.1),#13827);
#15366 = DRAUGHTING_PRE_DEFINED_CURVE_FONT('continuous');
#15367 = STYLED_ITEM('color',(#15368),#3408);
#15368 = PRESENTATION_STYLE_ASSIGNMENT((#15369,#15374));
#15369 = SURFACE_STYLE_USAGE(.BOTH.,#15370);
#15370 = SURFACE_SIDE_STYLE('',(#15371));
#15371 = SURFACE_STYLE_FILL_AREA(#15372);
#15372 = FILL_AREA_STYLE('',(#15373));
#15373 = FILL_AREA_STYLE_COLOUR('',#15238);
#15374 = CURVE_STYLE('',#15375,POSITIVE_LENGTH_MEASURE(0.1),#15238);
#15375 = DRAUGHTING_PRE_DEFINED_CURVE_FONT('continuous');
#15376 = STYLED_ITEM('color',(#15377),#3439);
#15377 = PRESENTATION_STYLE_ASSIGNMENT((#15378,#15383));
#15378 = SURFACE_STYLE_USAGE(.BOTH.,#15379);
#15379 = SURFACE_SIDE_STYLE('',(#15380));
#15380 = SURFACE_STYLE_FILL_AREA(#15381);
#15381 = FILL_AREA_STYLE('',(#15382));
#15382 = FILL_AREA_STYLE_COLOUR('',#13827);
#15383 = CURVE_STYLE('',#15384,POSITIVE_LENGTH_MEASURE(0.1),#13827);
#15384 = DRAUGHTING_PRE_DEFINED_CURVE_FONT('continuous');
#15385 = STYLED_ITEM('color',(#15386),#3470);
#15386 = PRESENTATION_STYLE_ASSIGNMENT((#15387,#15392));
#15387 = SURFACE_STYLE_USAGE(.BOTH.,#15388);
#15388 = SURFACE_SIDE_STYLE('',(#15389));
#15389 = SURFACE_STYLE_FILL_AREA(#15390);
#15390 = FILL_AREA_STYLE('',(#15391));
#15391 = FILL_AREA_STYLE_COLOUR('',#15238);
#15392 = CURVE_STYLE('',#15393,POSITIVE_LENGTH_MEASURE(0.1),#15238);
#15393 = DRAUGHTING_PRE_DEFINED_CURVE_FONT('continuous');
#15394 = STYLED_ITEM('color',(#15395),#3501);
#15395 = PRESENTATION_STYLE_ASSIGNMENT((#15396,#15401));
#15396 = SURFACE_STYLE_USAGE(.BOTH.,#15397);
#15397 = SURFACE_SIDE_STYLE('',(#15398));
#15398 = SURFACE_STYLE_FILL_AREA(#15399);
#15399 = FILL_AREA_STYLE('',(#15400));
#15400 = FILL_AREA_STYLE_COLOUR('',#13827);
#15401 = CURVE_STYLE('',#15402,POSITIVE_LENGTH_MEASURE(0.1),#13827);
#15402 = DRAUGHTING_PRE_DEFINED_CURVE_FONT('continuous');
#15403 = STYLED_ITEM('color',(#15404),#3532);
#15404 = PRESENTATION_STYLE_ASSIGNMENT((#15405,#15410));
#15405 = SURFACE_STYLE_USAGE(.BOTH.,#15406);
#15406 = SURFACE_SIDE_STYLE('',(#15407));
#15407 = SURFACE_STYLE_FILL_AREA(#15408);
#15408 = FILL_AREA_STYLE('',(#15409));
#15409 = FILL_AREA_STYLE_COLOUR('',#15238);
#15410 = CURVE_STYLE('',#15411,POSITIVE_LENGTH_MEASURE(0.1),#15238);
#15411 = DRAUGHTING_PRE_DEFINED_CURVE_FONT('continuous');
#15412 = STYLED_ITEM('color',(#15413),#3563);
#15413 = PRESENTATION_STYLE_ASSIGNMENT((#15414,#15419));
#15414 = SURFACE_STYLE_USAGE(.BOTH.,#15415);
#15415 = SURFACE_SIDE_STYLE('',(#15416));
#15416 = SURFACE_STYLE_FILL_AREA(#15417);
#15417 = FILL_AREA_STYLE('',(#15418));
#15418 = FILL_AREA_STYLE_COLOUR('',#13827);
#15419 = CURVE_STYLE('',#15420,POSITIVE_LENGTH_MEASURE(0.1),#13827);
#15420 = DRAUGHTING_PRE_DEFINED_CURVE_FONT('continuous');
#15421 = STYLED_ITEM('color',(#15422),#3594);
#15422 = PRESENTATION_STYLE_ASSIGNMENT((#15423,#15428));
#15423 = SURFACE_STYLE_USAGE(.BOTH.,#15424);
#15424 = SURFACE_SIDE_STYLE('',(#15425));
#15425 = SURFACE_STYLE_FILL_AREA(#15426);
#15426 = FILL_AREA_STYLE('',(#15427));
#15427 = FILL_AREA_STYLE_COLOUR('',#15238);
#15428 = CURVE_STYLE('',#15429,POSITIVE_LENGTH_MEASURE(0.1),#15238);
#15429 = DRAUGHTING_PRE_DEFINED_CURVE_FONT('continuous');
#15430 = STYLED_ITEM('color',(#15431),#3625);
#15431 = PRESENTATION_STYLE_ASSIGNMENT((#15432,#15437));
#15432 = SURFACE_STYLE_USAGE(.BOTH.,#15433);
#15433 = SURFACE_SIDE_STYLE('',(#15434));
#15434 = SURFACE_STYLE_FILL_AREA(#15435);
#15435 = FILL_AREA_STYLE('',(#15436));
#15436 = FILL_AREA_STYLE_COLOUR('',#13827);
#15437 = CURVE_STYLE('',#15438,POSITIVE_LENGTH_MEASURE(0.1),#13827);
#15438 = DRAUGHTING_PRE_DEFINED_CURVE_FONT('continuous');
#15439 = STYLED_ITEM('color',(#15440),#3656);
#15440 = PRESENTATION_STYLE_ASSIGNMENT((#15441,#15446));
#15441 = SURFACE_STYLE_USAGE(.BOTH.,#15442);
#15442 = SURFACE_SIDE_STYLE('',(#15443));
#15443 = SURFACE_STYLE_FILL_AREA(#15444);
#15444 = FILL_AREA_STYLE('',(#15445));
#15445 = FILL_AREA_STYLE_COLOUR('',#15238);
#15446 = CURVE_STYLE('',#15447,POSITIVE_LENGTH_MEASURE(0.1),#15238);
#15447 = DRAUGHTING_PRE_DEFINED_CURVE_FONT('continuous');
#15448 = STYLED_ITEM('color',(#15449),#3687);
#15449 = PRESENTATION_STYLE_ASSIGNMENT((#15450,#15455));
#15450 = SURFACE_STYLE_USAGE(.BOTH.,#15451);
#15451 = SURFACE_SIDE_STYLE('',(#15452));
#15452 = SURFACE_STYLE_FILL_AREA(#15453);
#15453 = FILL_AREA_STYLE('',(#15454));
#15454 = FILL_AREA_STYLE_COLOUR('',#13827);
#15455 = CURVE_STYLE('',#15456,POSITIVE_LENGTH_MEASURE(0.1),#13827);
#15456 = DRAUGHTING_PRE_DEFINED_CURVE_FONT('continuous');
#15457 = STYLED_ITEM('color',(#15458),#3718);
#15458 = PRESENTATION_STYLE_ASSIGNMENT((#15459,#15464));
#15459 = SURFACE_STYLE_USAGE(.BOTH.,#15460);
#15460 = SURFACE_SIDE_STYLE('',(#15461));
#15461 = SURFACE_STYLE_FILL_AREA(#15462);
#15462 = FILL_AREA_STYLE('',(#15463));
#15463 = FILL_AREA_STYLE_COLOUR('',#15238);
#15464 = CURVE_STYLE('',#15465,POSITIVE_LENGTH_MEASURE(0.1),#15238);
#15465 = DRAUGHTING_PRE_DEFINED_CURVE_FONT('continuous');
#15466 = STYLED_ITEM('color',(#15467),#3749);
#15467 = PRESENTATION_STYLE_ASSIGNMENT((#15468,#15473));
#15468 = SURFACE_STYLE_USAGE(.BOTH.,#15469);
#15469 = SURFACE_SIDE_STYLE('',(#15470));
#15470 = SURFACE_STYLE_FILL_AREA(#15471);
#15471 = FILL_AREA_STYLE('',(#15472));
#15472 = FILL_AREA_STYLE_COLOUR('',#13827);
#15473 = CURVE_STYLE('',#15474,POSITIVE_LENGTH_MEASURE(0.1),#13827);
#15474 = DRAUGHTING_PRE_DEFINED_CURVE_FONT('continuous');
#15475 = STYLED_ITEM('color',(#15476),#3780);
#15476 = PRESENTATION_STYLE_ASSIGNMENT((#15477,#15482));
#15477 = SURFACE_STYLE_USAGE(.BOTH.,#15478);
#15478 = SURFACE_SIDE_STYLE('',(#15479));
#15479 = SURFACE_STYLE_FILL_AREA(#15480);
#15480 = FILL_AREA_STYLE('',(#15481));
#15481 = FILL_AREA_STYLE_COLOUR('',#15238);
#15482 = CURVE_STYLE('',#15483,POSITIVE_LENGTH_MEASURE(0.1),#15238);
#15483 = DRAUGHTING_PRE_DEFINED_CURVE_FONT('continuous');
#15484 = STYLED_ITEM('color',(#15485),#3797);
#15485 = PRESENTATION_STYLE_ASSIGNMENT((#15486,#15491));
#15486 = SURFACE_STYLE_USAGE(.BOTH.,#15487);
#15487 = SURFACE_SIDE_STYLE('',(#15488));
#15488 = SURFACE_STYLE_FILL_AREA(#15489);
#15489 = FILL_AREA_STYLE('',(#15490));
#15490 = FILL_AREA_STYLE_COLOUR('',#15238);
#15491 = CURVE_STYLE('',#15492,POSITIVE_LENGTH_MEASURE(0.1),#15238);
#15492 = DRAUGHTING_PRE_DEFINED_CURVE_FONT('continuous');
#15493 = STYLED_ITEM('color',(#15494),#3814);
#15494 = PRESENTATION_STYLE_ASSIGNMENT((#15495,#15500));
#15495 = SURFACE_STYLE_USAGE(.BOTH.,#15496);
#15496 = SURFACE_SIDE_STYLE('',(#15497));
#15497 = SURFACE_STYLE_FILL_AREA(#15498);
#15498 = FILL_AREA_STYLE('',(#15499));
#15499 = FILL_AREA_STYLE_COLOUR('',#13827);
#15500 = CURVE_STYLE('',#15501,POSITIVE_LENGTH_MEASURE(0.1),#13827);
#15501 = DRAUGHTING_PRE_DEFINED_CURVE_FONT('continuous');
#15502 = STYLED_ITEM('color',(#15503),#3845);
#15503 = PRESENTATION_STYLE_ASSIGNMENT((#15504,#15509));
#15504 = SURFACE_STYLE_USAGE(.BOTH.,#15505);
#15505 = SURFACE_SIDE_STYLE('',(#15506));
#15506 = SURFACE_STYLE_FILL_AREA(#15507);
#15507 = FILL_AREA_STYLE('',(#15508));
#15508 = FILL_AREA_STYLE_COLOUR('',#15238);
#15509 = CURVE_STYLE('',#15510,POSITIVE_LENGTH_MEASURE(0.1),#15238);
#15510 = DRAUGHTING_PRE_DEFINED_CURVE_FONT('continuous');
#15511 = STYLED_ITEM('color',(#15512),#3876);
#15512 = PRESENTATION_STYLE_ASSIGNMENT((#15513,#15518));
#15513 = SURFACE_STYLE_USAGE(.BOTH.,#15514);
#15514 = SURFACE_SIDE_STYLE('',(#15515));
#15515 = SURFACE_STYLE_FILL_AREA(#15516);
#15516 = FILL_AREA_STYLE('',(#15517));
#15517 = FILL_AREA_STYLE_COLOUR('',#13827);
#15518 = CURVE_STYLE('',#15519,POSITIVE_LENGTH_MEASURE(0.1),#13827);
#15519 = DRAUGHTING_PRE_DEFINED_CURVE_FONT('continuous');
#15520 = STYLED_ITEM('color',(#15521),#3907);
#15521 = PRESENTATION_STYLE_ASSIGNMENT((#15522,#15527));
#15522 = SURFACE_STYLE_USAGE(.BOTH.,#15523);
#15523 = SURFACE_SIDE_STYLE('',(#15524));
#15524 = SURFACE_STYLE_FILL_AREA(#15525);
#15525 = FILL_AREA_STYLE('',(#15526));
#15526 = FILL_AREA_STYLE_COLOUR('',#15238);
#15527 = CURVE_STYLE('',#15528,POSITIVE_LENGTH_MEASURE(0.1),#15238);
#15528 = DRAUGHTING_PRE_DEFINED_CURVE_FONT('continuous');
#15529 = STYLED_ITEM('color',(#15530),#3938);
#15530 = PRESENTATION_STYLE_ASSIGNMENT((#15531,#15536));
#15531 = SURFACE_STYLE_USAGE(.BOTH.,#15532);
#15532 = SURFACE_SIDE_STYLE('',(#15533));
#15533 = SURFACE_STYLE_FILL_AREA(#15534);
#15534 = FILL_AREA_STYLE('',(#15535));
#15535 = FILL_AREA_STYLE_COLOUR('',#13827);
#15536 = CURVE_STYLE('',#15537,POSITIVE_LENGTH_MEASURE(0.1),#13827);
#15537 = DRAUGHTING_PRE_DEFINED_CURVE_FONT('continuous');
#15538 = STYLED_ITEM('color',(#15539),#3969);
#15539 = PRESENTATION_STYLE_ASSIGNMENT((#15540,#15545));
#15540 = SURFACE_STYLE_USAGE(.BOTH.,#15541);
#15541 = SURFACE_SIDE_STYLE('',(#15542));
#15542 = SURFACE_STYLE_FILL_AREA(#15543);
#15543 = FILL_AREA_STYLE('',(#15544));
#15544 = FILL_AREA_STYLE_COLOUR('',#15238);
#15545 = CURVE_STYLE('',#15546,POSITIVE_LENGTH_MEASURE(0.1),#15238);
#15546 = DRAUGHTING_PRE_DEFINED_CURVE_FONT('continuous');
#15547 = STYLED_ITEM('color',(#15548),#4000);
#15548 = PRESENTATION_STYLE_ASSIGNMENT((#15549,#15554));
#15549 = SURFACE_STYLE_USAGE(.BOTH.,#15550);
#15550 = SURFACE_SIDE_STYLE('',(#15551));
#15551 = SURFACE_STYLE_FILL_AREA(#15552);
#15552 = FILL_AREA_STYLE('',(#15553));
#15553 = FILL_AREA_STYLE_COLOUR('',#13827);
#15554 = CURVE_STYLE('',#15555,POSITIVE_LENGTH_MEASURE(0.1),#13827);
#15555 = DRAUGHTING_PRE_DEFINED_CURVE_FONT('continuous');
#15556 = STYLED_ITEM('color',(#15557),#4031);
#15557 = PRESENTATION_STYLE_ASSIGNMENT((#15558,#15563));
#15558 = SURFACE_STYLE_USAGE(.BOTH.,#15559);
#15559 = SURFACE_SIDE_STYLE('',(#15560));
#15560 = SURFACE_STYLE_FILL_AREA(#15561);
#15561 = FILL_AREA_STYLE('',(#15562));
#15562 = FILL_AREA_STYLE_COLOUR('',#15238);
#15563 = CURVE_STYLE('',#15564,POSITIVE_LENGTH_MEASURE(0.1),#15238);
#15564 = DRAUGHTING_PRE_DEFINED_CURVE_FONT('continuous');
#15565 = STYLED_ITEM('color',(#15566),#4062);
#15566 = PRESENTATION_STYLE_ASSIGNMENT((#15567,#15572));
#15567 = SURFACE_STYLE_USAGE(.BOTH.,#15568);
#15568 = SURFACE_SIDE_STYLE('',(#15569));
#15569 = SURFACE_STYLE_FILL_AREA(#15570);
#15570 = FILL_AREA_STYLE('',(#15571));
#15571 = FILL_AREA_STYLE_COLOUR('',#13827);
#15572 = CURVE_STYLE('',#15573,POSITIVE_LENGTH_MEASURE(0.1),#13827);
#15573 = DRAUGHTING_PRE_DEFINED_CURVE_FONT('continuous');
#15574 = STYLED_ITEM('color',(#15575),#4093);
#15575 = PRESENTATION_STYLE_ASSIGNMENT((#15576,#15581));
#15576 = SURFACE_STYLE_USAGE(.BOTH.,#15577);
#15577 = SURFACE_SIDE_STYLE('',(#15578));
#15578 = SURFACE_STYLE_FILL_AREA(#15579);
#15579 = FILL_AREA_STYLE('',(#15580));
#15580 = FILL_AREA_STYLE_COLOUR('',#15238);
#15581 = CURVE_STYLE('',#15582,POSITIVE_LENGTH_MEASURE(0.1),#15238);
#15582 = DRAUGHTING_PRE_DEFINED_CURVE_FONT('continuous');
#15583 = STYLED_ITEM('color',(#15584),#4124);
#15584 = PRESENTATION_STYLE_ASSIGNMENT((#15585,#15590));
#15585 = SURFACE_STYLE_USAGE(.BOTH.,#15586);
#15586 = SURFACE_SIDE_STYLE('',(#15587));
#15587 = SURFACE_STYLE_FILL_AREA(#15588);
#15588 = FILL_AREA_STYLE('',(#15589));
#15589 = FILL_AREA_STYLE_COLOUR('',#13827);
#15590 = CURVE_STYLE('',#15591,POSITIVE_LENGTH_MEASURE(0.1),#13827);
#15591 = DRAUGHTING_PRE_DEFINED_CURVE_FONT('continuous');
#15592 = STYLED_ITEM('color',(#15593),#4155);
#15593 = PRESENTATION_STYLE_ASSIGNMENT((#15594,#15599));
#15594 = SURFACE_STYLE_USAGE(.BOTH.,#15595);
#15595 = SURFACE_SIDE_STYLE('',(#15596));
#15596 = SURFACE_STYLE_FILL_AREA(#15597);
#15597 = FILL_AREA_STYLE('',(#15598));
#15598 = FILL_AREA_STYLE_COLOUR('',#15238);
#15599 = CURVE_STYLE('',#15600,POSITIVE_LENGTH_MEASURE(0.1),#15238);
#15600 = DRAUGHTING_PRE_DEFINED_CURVE_FONT('continuous');
#15601 = STYLED_ITEM('color',(#15602),#4186);
#15602 = PRESENTATION_STYLE_ASSIGNMENT((#15603,#15608));
#15603 = SURFACE_STYLE_USAGE(.BOTH.,#15604);
#15604 = SURFACE_SIDE_STYLE('',(#15605));
#15605 = SURFACE_STYLE_FILL_AREA(#15606);
#15606 = FILL_AREA_STYLE('',(#15607));
#15607 = FILL_AREA_STYLE_COLOUR('',#13827);
#15608 = CURVE_STYLE('',#15609,POSITIVE_LENGTH_MEASURE(0.1),#13827);
#15609 = DRAUGHTING_PRE_DEFINED_CURVE_FONT('continuous');
#15610 = STYLED_ITEM('color',(#15611),#4217);
#15611 = PRESENTATION_STYLE_ASSIGNMENT((#15612,#15617));
#15612 = SURFACE_STYLE_USAGE(.BOTH.,#15613);
#15613 = SURFACE_SIDE_STYLE('',(#15614));
#15614 = SURFACE_STYLE_FILL_AREA(#15615);
#15615 = FILL_AREA_STYLE('',(#15616));
#15616 = FILL_AREA_STYLE_COLOUR('',#15238);
#15617 = CURVE_STYLE('',#15618,POSITIVE_LENGTH_MEASURE(0.1),#15238);
#15618 = DRAUGHTING_PRE_DEFINED_CURVE_FONT('continuous');
#15619 = STYLED_ITEM('color',(#15620),#4247);
#15620 = PRESENTATION_STYLE_ASSIGNMENT((#15621,#15626));
#15621 = SURFACE_STYLE_USAGE(.BOTH.,#15622);
#15622 = SURFACE_SIDE_STYLE('',(#15623));
#15623 = SURFACE_STYLE_FILL_AREA(#15624);
#15624 = FILL_AREA_STYLE('',(#15625));
#15625 = FILL_AREA_STYLE_COLOUR('',#15238);
#15626 = CURVE_STYLE('',#15627,POSITIVE_LENGTH_MEASURE(0.1),#15238);
#15627 = DRAUGHTING_PRE_DEFINED_CURVE_FONT('continuous');
#15628 = STYLED_ITEM('color',(#15629),#4270);
#15629 = PRESENTATION_STYLE_ASSIGNMENT((#15630,#15635));
#15630 = SURFACE_STYLE_USAGE(.BOTH.,#15631);
#15631 = SURFACE_SIDE_STYLE('',(#15632));
#15632 = SURFACE_STYLE_FILL_AREA(#15633);
#15633 = FILL_AREA_STYLE('',(#15634));
#15634 = FILL_AREA_STYLE_COLOUR('',#15238);
#15635 = CURVE_STYLE('',#15636,POSITIVE_LENGTH_MEASURE(0.1),#15238);
#15636 = DRAUGHTING_PRE_DEFINED_CURVE_FONT('continuous');
#15637 = STYLED_ITEM('color',(#15638),#4293);
#15638 = PRESENTATION_STYLE_ASSIGNMENT((#15639,#15644));
#15639 = SURFACE_STYLE_USAGE(.BOTH.,#15640);
#15640 = SURFACE_SIDE_STYLE('',(#15641));
#15641 = SURFACE_STYLE_FILL_AREA(#15642);
#15642 = FILL_AREA_STYLE('',(#15643));
#15643 = FILL_AREA_STYLE_COLOUR('',#15238);
#15644 = CURVE_STYLE('',#15645,POSITIVE_LENGTH_MEASURE(0.1),#15238);
#15645 = DRAUGHTING_PRE_DEFINED_CURVE_FONT('continuous');
#15646 = STYLED_ITEM('color',(#15647),#4310);
#15647 = PRESENTATION_STYLE_ASSIGNMENT((#15648,#15653));
#15648 = SURFACE_STYLE_USAGE(.BOTH.,#15649);
#15649 = SURFACE_SIDE_STYLE('',(#15650));
#15650 = SURFACE_STYLE_FILL_AREA(#15651);
#15651 = FILL_AREA_STYLE('',(#15652));
#15652 = FILL_AREA_STYLE_COLOUR('',#13827);
#15653 = CURVE_STYLE('',#15654,POSITIVE_LENGTH_MEASURE(0.1),#13827);
#15654 = DRAUGHTING_PRE_DEFINED_CURVE_FONT('continuous');
#15655 = STYLED_ITEM('color',(#15656),#4355);
#15656 = PRESENTATION_STYLE_ASSIGNMENT((#15657,#15662));
#15657 = SURFACE_STYLE_USAGE(.BOTH.,#15658);
#15658 = SURFACE_SIDE_STYLE('',(#15659));
#15659 = SURFACE_STYLE_FILL_AREA(#15660);
#15660 = FILL_AREA_STYLE('',(#15661));
#15661 = FILL_AREA_STYLE_COLOUR('',#15238);
#15662 = CURVE_STYLE('',#15663,POSITIVE_LENGTH_MEASURE(0.1),#15238);
#15663 = DRAUGHTING_PRE_DEFINED_CURVE_FONT('continuous');
#15664 = STYLED_ITEM('color',(#15665),#4489);
#15665 = PRESENTATION_STYLE_ASSIGNMENT((#15666,#15671));
#15666 = SURFACE_STYLE_USAGE(.BOTH.,#15667);
#15667 = SURFACE_SIDE_STYLE('',(#15668));
#15668 = SURFACE_STYLE_FILL_AREA(#15669);
#15669 = FILL_AREA_STYLE('',(#15670));
#15670 = FILL_AREA_STYLE_COLOUR('',#15238);
#15671 = CURVE_STYLE('',#15672,POSITIVE_LENGTH_MEASURE(0.1),#15238);
#15672 = DRAUGHTING_PRE_DEFINED_CURVE_FONT('continuous');
#15673 = STYLED_ITEM('color',(#15674),#4512);
#15674 = PRESENTATION_STYLE_ASSIGNMENT((#15675,#15680));
#15675 = SURFACE_STYLE_USAGE(.BOTH.,#15676);
#15676 = SURFACE_SIDE_STYLE('',(#15677));
#15677 = SURFACE_STYLE_FILL_AREA(#15678);
#15678 = FILL_AREA_STYLE('',(#15679));
#15679 = FILL_AREA_STYLE_COLOUR('',#15238);
#15680 = CURVE_STYLE('',#15681,POSITIVE_LENGTH_MEASURE(0.1),#15238);
#15681 = DRAUGHTING_PRE_DEFINED_CURVE_FONT('continuous');
#15682 = STYLED_ITEM('color',(#15683),#4535);
#15683 = PRESENTATION_STYLE_ASSIGNMENT((#15684,#15689));
#15684 = SURFACE_STYLE_USAGE(.BOTH.,#15685);
#15685 = SURFACE_SIDE_STYLE('',(#15686));
#15686 = SURFACE_STYLE_FILL_AREA(#15687);
#15687 = FILL_AREA_STYLE('',(#15688));
#15688 = FILL_AREA_STYLE_COLOUR('',#15238);
#15689 = CURVE_STYLE('',#15690,POSITIVE_LENGTH_MEASURE(0.1),#15238);
#15690 = DRAUGHTING_PRE_DEFINED_CURVE_FONT('continuous');
#15691 = STYLED_ITEM('color',(#15692),#4558);
#15692 = PRESENTATION_STYLE_ASSIGNMENT((#15693,#15698));
#15693 = SURFACE_STYLE_USAGE(.BOTH.,#15694);
#15694 = SURFACE_SIDE_STYLE('',(#15695));
#15695 = SURFACE_STYLE_FILL_AREA(#15696);
#15696 = FILL_AREA_STYLE('',(#15697));
#15697 = FILL_AREA_STYLE_COLOUR('',#15238);
#15698 = CURVE_STYLE('',#15699,POSITIVE_LENGTH_MEASURE(0.1),#15238);
#15699 = DRAUGHTING_PRE_DEFINED_CURVE_FONT('continuous');
#15700 = STYLED_ITEM('color',(#15701),#4693);
#15701 = PRESENTATION_STYLE_ASSIGNMENT((#15702,#15707));
#15702 = SURFACE_STYLE_USAGE(.BOTH.,#15703);
#15703 = SURFACE_SIDE_STYLE('',(#15704));
#15704 = SURFACE_STYLE_FILL_AREA(#15705);
#15705 = FILL_AREA_STYLE('',(#15706));
#15706 = FILL_AREA_STYLE_COLOUR('',#13827);
#15707 = CURVE_STYLE('',#15708,POSITIVE_LENGTH_MEASURE(0.1),#13827);
#15708 = DRAUGHTING_PRE_DEFINED_CURVE_FONT('continuous');
#15709 = STYLED_ITEM('color',(#15710),#4731);
#15710 = PRESENTATION_STYLE_ASSIGNMENT((#15711,#15716));
#15711 = SURFACE_STYLE_USAGE(.BOTH.,#15712);
#15712 = SURFACE_SIDE_STYLE('',(#15713));
#15713 = SURFACE_STYLE_FILL_AREA(#15714);
#15714 = FILL_AREA_STYLE('',(#15715));
#15715 = FILL_AREA_STYLE_COLOUR('',#15238);
#15716 = CURVE_STYLE('',#15717,POSITIVE_LENGTH_MEASURE(0.1),#15238);
#15717 = DRAUGHTING_PRE_DEFINED_CURVE_FONT('continuous');
#15718 = STYLED_ITEM('color',(#15719),#4780);
#15719 = PRESENTATION_STYLE_ASSIGNMENT((#15720,#15725));
#15720 = SURFACE_STYLE_USAGE(.BOTH.,#15721);
#15721 = SURFACE_SIDE_STYLE('',(#15722));
#15722 = SURFACE_STYLE_FILL_AREA(#15723);
#15723 = FILL_AREA_STYLE('',(#15724));
#15724 = FILL_AREA_STYLE_COLOUR('',#13827);
#15725 = CURVE_STYLE('',#15726,POSITIVE_LENGTH_MEASURE(0.1),#13827);
#15726 = DRAUGHTING_PRE_DEFINED_CURVE_FONT('continuous');
#15727 = STYLED_ITEM('color',(#15728),#4872);
#15728 = PRESENTATION_STYLE_ASSIGNMENT((#15729,#15734));
#15729 = SURFACE_STYLE_USAGE(.BOTH.,#15730);
#15730 = SURFACE_SIDE_STYLE('',(#15731));
#15731 = SURFACE_STYLE_FILL_AREA(#15732);
#15732 = FILL_AREA_STYLE('',(#15733));
#15733 = FILL_AREA_STYLE_COLOUR('',#13827);
#15734 = CURVE_STYLE('',#15735,POSITIVE_LENGTH_MEASURE(0.1),#13827);
#15735 = DRAUGHTING_PRE_DEFINED_CURVE_FONT('continuous');
#15736 = STYLED_ITEM('color',(#15737),#4897);
#15737 = PRESENTATION_STYLE_ASSIGNMENT((#15738,#15743));
#15738 = SURFACE_STYLE_USAGE(.BOTH.,#15739);
#15739 = SURFACE_SIDE_STYLE('',(#15740));
#15740 = SURFACE_STYLE_FILL_AREA(#15741);
#15741 = FILL_AREA_STYLE('',(#15742));
#15742 = FILL_AREA_STYLE_COLOUR('',#13827);
#15743 = CURVE_STYLE('',#15744,POSITIVE_LENGTH_MEASURE(0.1),#13827);
#15744 = DRAUGHTING_PRE_DEFINED_CURVE_FONT('continuous');
#15745 = STYLED_ITEM('color',(#15746),#4981);
#15746 = PRESENTATION_STYLE_ASSIGNMENT((#15747,#15752));
#15747 = SURFACE_STYLE_USAGE(.BOTH.,#15748);
#15748 = SURFACE_SIDE_STYLE('',(#15749));
#15749 = SURFACE_STYLE_FILL_AREA(#15750);
#15750 = FILL_AREA_STYLE('',(#15751));
#15751 = FILL_AREA_STYLE_COLOUR('',#15238);
#15752 = CURVE_STYLE('',#15753,POSITIVE_LENGTH_MEASURE(0.1),#15238);
#15753 = DRAUGHTING_PRE_DEFINED_CURVE_FONT('continuous');
#15754 = STYLED_ITEM('color',(#15755),#5003);
#15755 = PRESENTATION_STYLE_ASSIGNMENT((#15756,#15761));
#15756 = SURFACE_STYLE_USAGE(.BOTH.,#15757);
#15757 = SURFACE_SIDE_STYLE('',(#15758));
#15758 = SURFACE_STYLE_FILL_AREA(#15759);
#15759 = FILL_AREA_STYLE('',(#15760));
#15760 = FILL_AREA_STYLE_COLOUR('',#13827);
#15761 = CURVE_STYLE('',#15762,POSITIVE_LENGTH_MEASURE(0.1),#13827);
#15762 = DRAUGHTING_PRE_DEFINED_CURVE_FONT('continuous');
#15763 = STYLED_ITEM('color',(#15764),#5095);
#15764 = PRESENTATION_STYLE_ASSIGNMENT((#15765,#15770));
#15765 = SURFACE_STYLE_USAGE(.BOTH.,#15766);
#15766 = SURFACE_SIDE_STYLE('',(#15767));
#15767 = SURFACE_STYLE_FILL_AREA(#15768);
#15768 = FILL_AREA_STYLE('',(#15769));
#15769 = FILL_AREA_STYLE_COLOUR('',#13827);
#15770 = CURVE_STYLE('',#15771,POSITIVE_LENGTH_MEASURE(0.1),#13827);
#15771 = DRAUGHTING_PRE_DEFINED_CURVE_FONT('continuous');
#15772 = STYLED_ITEM('color',(#15773),#5120);
#15773 = PRESENTATION_STYLE_ASSIGNMENT((#15774,#15779));
#15774 = SURFACE_STYLE_USAGE(.BOTH.,#15775);
#15775 = SURFACE_SIDE_STYLE('',(#15776));
#15776 = SURFACE_STYLE_FILL_AREA(#15777);
#15777 = FILL_AREA_STYLE('',(#15778));
#15778 = FILL_AREA_STYLE_COLOUR('',#13827);
#15779 = CURVE_STYLE('',#15780,POSITIVE_LENGTH_MEASURE(0.1),#13827);
#15780 = DRAUGHTING_PRE_DEFINED_CURVE_FONT('continuous');
#15781 = STYLED_ITEM('color',(#15782),#5204);
#15782 = PRESENTATION_STYLE_ASSIGNMENT((#15783,#15788));
#15783 = SURFACE_STYLE_USAGE(.BOTH.,#15784);
#15784 = SURFACE_SIDE_STYLE('',(#15785));
#15785 = SURFACE_STYLE_FILL_AREA(#15786);
#15786 = FILL_AREA_STYLE('',(#15787));
#15787 = FILL_AREA_STYLE_COLOUR('',#15238);
#15788 = CURVE_STYLE('',#15789,POSITIVE_LENGTH_MEASURE(0.1),#15238);
#15789 = DRAUGHTING_PRE_DEFINED_CURVE_FONT('continuous');
#15790 = STYLED_ITEM('color',(#15791),#5226);
#15791 = PRESENTATION_STYLE_ASSIGNMENT((#15792,#15797));
#15792 = SURFACE_STYLE_USAGE(.BOTH.,#15793);
#15793 = SURFACE_SIDE_STYLE('',(#15794));
#15794 = SURFACE_STYLE_FILL_AREA(#15795);
#15795 = FILL_AREA_STYLE('',(#15796));
#15796 = FILL_AREA_STYLE_COLOUR('',#13827);
#15797 = CURVE_STYLE('',#15798,POSITIVE_LENGTH_MEASURE(0.1),#13827);
#15798 = DRAUGHTING_PRE_DEFINED_CURVE_FONT('continuous');
#15799 = STYLED_ITEM('color',(#15800),#5318);
#15800 = PRESENTATION_STYLE_ASSIGNMENT((#15801,#15806));
#15801 = SURFACE_STYLE_USAGE(.BOTH.,#15802);
#15802 = SURFACE_SIDE_STYLE('',(#15803));
#15803 = SURFACE_STYLE_FILL_AREA(#15804);
#15804 = FILL_AREA_STYLE('',(#15805));
#15805 = FILL_AREA_STYLE_COLOUR('',#13827);
#15806 = CURVE_STYLE('',#15807,POSITIVE_LENGTH_MEASURE(0.1),#13827);
#15807 = DRAUGHTING_PRE_DEFINED_CURVE_FONT('continuous');
#15808 = STYLED_ITEM('color',(#15809),#5343);
#15809 = PRESENTATION_STYLE_ASSIGNMENT((#15810,#15815));
#15810 = SURFACE_STYLE_USAGE(.BOTH.,#15811);
#15811 = SURFACE_SIDE_STYLE('',(#15812));
#15812 = SURFACE_STYLE_FILL_AREA(#15813);
#15813 = FILL_AREA_STYLE('',(#15814));
#15814 = FILL_AREA_STYLE_COLOUR('',#13827);
#15815 = CURVE_STYLE('',#15816,POSITIVE_LENGTH_MEASURE(0.1),#13827);
#15816 = DRAUGHTING_PRE_DEFINED_CURVE_FONT('continuous');
#15817 = STYLED_ITEM('color',(#15818),#5427);
#15818 = PRESENTATION_STYLE_ASSIGNMENT((#15819,#15824));
#15819 = SURFACE_STYLE_USAGE(.BOTH.,#15820);
#15820 = SURFACE_SIDE_STYLE('',(#15821));
#15821 = SURFACE_STYLE_FILL_AREA(#15822);
#15822 = FILL_AREA_STYLE('',(#15823));
#15823 = FILL_AREA_STYLE_COLOUR('',#15238);
#15824 = CURVE_STYLE('',#15825,POSITIVE_LENGTH_MEASURE(0.1),#15238);
#15825 = DRAUGHTING_PRE_DEFINED_CURVE_FONT('continuous');
#15826 = STYLED_ITEM('color',(#15827),#5449);
#15827 = PRESENTATION_STYLE_ASSIGNMENT((#15828,#15833));
#15828 = SURFACE_STYLE_USAGE(.BOTH.,#15829);
#15829 = SURFACE_SIDE_STYLE('',(#15830));
#15830 = SURFACE_STYLE_FILL_AREA(#15831);
#15831 = FILL_AREA_STYLE('',(#15832));
#15832 = FILL_AREA_STYLE_COLOUR('',#13827);
#15833 = CURVE_STYLE('',#15834,POSITIVE_LENGTH_MEASURE(0.1),#13827);
#15834 = DRAUGHTING_PRE_DEFINED_CURVE_FONT('continuous');
#15835 = STYLED_ITEM('color',(#15836),#5541);
#15836 = PRESENTATION_STYLE_ASSIGNMENT((#15837,#15842));
#15837 = SURFACE_STYLE_USAGE(.BOTH.,#15838);
#15838 = SURFACE_SIDE_STYLE('',(#15839));
#15839 = SURFACE_STYLE_FILL_AREA(#15840);
#15840 = FILL_AREA_STYLE('',(#15841));
#15841 = FILL_AREA_STYLE_COLOUR('',#13827);
#15842 = CURVE_STYLE('',#15843,POSITIVE_LENGTH_MEASURE(0.1),#13827);
#15843 = DRAUGHTING_PRE_DEFINED_CURVE_FONT('continuous');
#15844 = STYLED_ITEM('color',(#15845),#5566);
#15845 = PRESENTATION_STYLE_ASSIGNMENT((#15846,#15851));
#15846 = SURFACE_STYLE_USAGE(.BOTH.,#15847);
#15847 = SURFACE_SIDE_STYLE('',(#15848));
#15848 = SURFACE_STYLE_FILL_AREA(#15849);
#15849 = FILL_AREA_STYLE('',(#15850));
#15850 = FILL_AREA_STYLE_COLOUR('',#13827);
#15851 = CURVE_STYLE('',#15852,POSITIVE_LENGTH_MEASURE(0.1),#13827);
#15852 = DRAUGHTING_PRE_DEFINED_CURVE_FONT('continuous');
#15853 = STYLED_ITEM('color',(#15854),#5650);
#15854 = PRESENTATION_STYLE_ASSIGNMENT((#15855,#15860));
#15855 = SURFACE_STYLE_USAGE(.BOTH.,#15856);
#15856 = SURFACE_SIDE_STYLE('',(#15857));
#15857 = SURFACE_STYLE_FILL_AREA(#15858);
#15858 = FILL_AREA_STYLE('',(#15859));
#15859 = FILL_AREA_STYLE_COLOUR('',#15238);
#15860 = CURVE_STYLE('',#15861,POSITIVE_LENGTH_MEASURE(0.1),#15238);
#15861 = DRAUGHTING_PRE_DEFINED_CURVE_FONT('continuous');
#15862 = STYLED_ITEM('color',(#15863),#5672);
#15863 = PRESENTATION_STYLE_ASSIGNMENT((#15864,#15869));
#15864 = SURFACE_STYLE_USAGE(.BOTH.,#15865);
#15865 = SURFACE_SIDE_STYLE('',(#15866));
#15866 = SURFACE_STYLE_FILL_AREA(#15867);
#15867 = FILL_AREA_STYLE('',(#15868));
#15868 = FILL_AREA_STYLE_COLOUR('',#13827);
#15869 = CURVE_STYLE('',#15870,POSITIVE_LENGTH_MEASURE(0.1),#13827);
#15870 = DRAUGHTING_PRE_DEFINED_CURVE_FONT('continuous');
#15871 = STYLED_ITEM('color',(#15872),#5764);
#15872 = PRESENTATION_STYLE_ASSIGNMENT((#15873,#15878));
#15873 = SURFACE_STYLE_USAGE(.BOTH.,#15874);
#15874 = SURFACE_SIDE_STYLE('',(#15875));
#15875 = SURFACE_STYLE_FILL_AREA(#15876);
#15876 = FILL_AREA_STYLE('',(#15877));
#15877 = FILL_AREA_STYLE_COLOUR('',#13827);
#15878 = CURVE_STYLE('',#15879,POSITIVE_LENGTH_MEASURE(0.1),#13827);
#15879 = DRAUGHTING_PRE_DEFINED_CURVE_FONT('continuous');
#15880 = STYLED_ITEM('color',(#15881),#5789);
#15881 = PRESENTATION_STYLE_ASSIGNMENT((#15882,#15887));
#15882 = SURFACE_STYLE_USAGE(.BOTH.,#15883);
#15883 = SURFACE_SIDE_STYLE('',(#15884));
#15884 = SURFACE_STYLE_FILL_AREA(#15885);
#15885 = FILL_AREA_STYLE('',(#15886));
#15886 = FILL_AREA_STYLE_COLOUR('',#13827);
#15887 = CURVE_STYLE('',#15888,POSITIVE_LENGTH_MEASURE(0.1),#13827);
#15888 = DRAUGHTING_PRE_DEFINED_CURVE_FONT('continuous');
#15889 = STYLED_ITEM('color',(#15890),#5873);
#15890 = PRESENTATION_STYLE_ASSIGNMENT((#15891,#15896));
#15891 = SURFACE_STYLE_USAGE(.BOTH.,#15892);
#15892 = SURFACE_SIDE_STYLE('',(#15893));
#15893 = SURFACE_STYLE_FILL_AREA(#15894);
#15894 = FILL_AREA_STYLE('',(#15895));
#15895 = FILL_AREA_STYLE_COLOUR('',#15238);
#15896 = CURVE_STYLE('',#15897,POSITIVE_LENGTH_MEASURE(0.1),#15238);
#15897 = DRAUGHTING_PRE_DEFINED_CURVE_FONT('continuous');
#15898 = STYLED_ITEM('color',(#15899),#5895);
#15899 = PRESENTATION_STYLE_ASSIGNMENT((#15900,#15905));
#15900 = SURFACE_STYLE_USAGE(.BOTH.,#15901);
#15901 = SURFACE_SIDE_STYLE('',(#15902));
#15902 = SURFACE_STYLE_FILL_AREA(#15903);
#15903 = FILL_AREA_STYLE('',(#15904));
#15904 = FILL_AREA_STYLE_COLOUR('',#13827);
#15905 = CURVE_STYLE('',#15906,POSITIVE_LENGTH_MEASURE(0.1),#13827);
#15906 = DRAUGHTING_PRE_DEFINED_CURVE_FONT('continuous');
#15907 = STYLED_ITEM('color',(#15908),#5987);
#15908 = PRESENTATION_STYLE_ASSIGNMENT((#15909,#15914));
#15909 = SURFACE_STYLE_USAGE(.BOTH.,#15910);
#15910 = SURFACE_SIDE_STYLE('',(#15911));
#15911 = SURFACE_STYLE_FILL_AREA(#15912);
#15912 = FILL_AREA_STYLE('',(#15913));
#15913 = FILL_AREA_STYLE_COLOUR('',#13827);
#15914 = CURVE_STYLE('',#15915,POSITIVE_LENGTH_MEASURE(0.1),#13827);
#15915 = DRAUGHTING_PRE_DEFINED_CURVE_FONT('continuous');
#15916 = STYLED_ITEM('color',(#15917),#6012);
#15917 = PRESENTATION_STYLE_ASSIGNMENT((#15918,#15923));
#15918 = SURFACE_STYLE_USAGE(.BOTH.,#15919);
#15919 = SURFACE_SIDE_STYLE('',(#15920));
#15920 = SURFACE_STYLE_FILL_AREA(#15921);
#15921 = FILL_AREA_STYLE('',(#15922));
#15922 = FILL_AREA_STYLE_COLOUR('',#13827);
#15923 = CURVE_STYLE('',#15924,POSITIVE_LENGTH_MEASURE(0.1),#13827);
#15924 = DRAUGHTING_PRE_DEFINED_CURVE_FONT('continuous');
#15925 = STYLED_ITEM('color',(#15926),#6096);
#15926 = PRESENTATION_STYLE_ASSIGNMENT((#15927,#15932));
#15927 = SURFACE_STYLE_USAGE(.BOTH.,#15928);
#15928 = SURFACE_SIDE_STYLE('',(#15929));
#15929 = SURFACE_STYLE_FILL_AREA(#15930);
#15930 = FILL_AREA_STYLE('',(#15931));
#15931 = FILL_AREA_STYLE_COLOUR('',#15238);
#15932 = CURVE_STYLE('',#15933,POSITIVE_LENGTH_MEASURE(0.1),#15238);
#15933 = DRAUGHTING_PRE_DEFINED_CURVE_FONT('continuous');
#15934 = STYLED_ITEM('color',(#15935),#6113);
#15935 = PRESENTATION_STYLE_ASSIGNMENT((#15936,#15941));
#15936 = SURFACE_STYLE_USAGE(.BOTH.,#15937);
#15937 = SURFACE_SIDE_STYLE('',(#15938));
#15938 = SURFACE_STYLE_FILL_AREA(#15939);
#15939 = FILL_AREA_STYLE('',(#15940));
#15940 = FILL_AREA_STYLE_COLOUR('',#13827);
#15941 = CURVE_STYLE('',#15942,POSITIVE_LENGTH_MEASURE(0.1),#13827);
#15942 = DRAUGHTING_PRE_DEFINED_CURVE_FONT('continuous');
#15943 = STYLED_ITEM('color',(#15944),#6198);
#15944 = PRESENTATION_STYLE_ASSIGNMENT((#15945,#15950));
#15945 = SURFACE_STYLE_USAGE(.BOTH.,#15946);
#15946 = SURFACE_SIDE_STYLE('',(#15947));
#15947 = SURFACE_STYLE_FILL_AREA(#15948);
#15948 = FILL_AREA_STYLE('',(#15949));
#15949 = FILL_AREA_STYLE_COLOUR('',#13827);
#15950 = CURVE_STYLE('',#15951,POSITIVE_LENGTH_MEASURE(0.1),#13827);
#15951 = DRAUGHTING_PRE_DEFINED_CURVE_FONT('continuous');
#15952 = STYLED_ITEM('color',(#15953),#6223);
#15953 = PRESENTATION_STYLE_ASSIGNMENT((#15954,#15959));
#15954 = SURFACE_STYLE_USAGE(.BOTH.,#15955);
#15955 = SURFACE_SIDE_STYLE('',(#15956));
#15956 = SURFACE_STYLE_FILL_AREA(#15957);
#15957 = FILL_AREA_STYLE('',(#15958));
#15958 = FILL_AREA_STYLE_COLOUR('',#13827);
#15959 = CURVE_STYLE('',#15960,POSITIVE_LENGTH_MEASURE(0.1),#13827);
#15960 = DRAUGHTING_PRE_DEFINED_CURVE_FONT('continuous');
#15961 = STYLED_ITEM('color',(#15962),#6300);
#15962 = PRESENTATION_STYLE_ASSIGNMENT((#15963,#15968));
#15963 = SURFACE_STYLE_USAGE(.BOTH.,#15964);
#15964 = SURFACE_SIDE_STYLE('',(#15965));
#15965 = SURFACE_STYLE_FILL_AREA(#15966);
#15966 = FILL_AREA_STYLE('',(#15967));
#15967 = FILL_AREA_STYLE_COLOUR('',#13827);
#15968 = CURVE_STYLE('',#15969,POSITIVE_LENGTH_MEASURE(0.1),#13827);
#15969 = DRAUGHTING_PRE_DEFINED_CURVE_FONT('continuous');
#15970 = STYLED_ITEM('color',(#15971),#6385);
#15971 = PRESENTATION_STYLE_ASSIGNMENT((#15972,#15977));
#15972 = SURFACE_STYLE_USAGE(.BOTH.,#15973);
#15973 = SURFACE_SIDE_STYLE('',(#15974));
#15974 = SURFACE_STYLE_FILL_AREA(#15975);
#15975 = FILL_AREA_STYLE('',(#15976));
#15976 = FILL_AREA_STYLE_COLOUR('',#13827);
#15977 = CURVE_STYLE('',#15978,POSITIVE_LENGTH_MEASURE(0.1),#13827);
#15978 = DRAUGHTING_PRE_DEFINED_CURVE_FONT('continuous');
#15979 = STYLED_ITEM('color',(#15980),#6410);
#15980 = PRESENTATION_STYLE_ASSIGNMENT((#15981,#15986));
#15981 = SURFACE_STYLE_USAGE(.BOTH.,#15982);
#15982 = SURFACE_SIDE_STYLE('',(#15983));
#15983 = SURFACE_STYLE_FILL_AREA(#15984);
#15984 = FILL_AREA_STYLE('',(#15985));
#15985 = FILL_AREA_STYLE_COLOUR('',#13827);
#15986 = CURVE_STYLE('',#15987,POSITIVE_LENGTH_MEASURE(0.1),#13827);
#15987 = DRAUGHTING_PRE_DEFINED_CURVE_FONT('continuous');
#15988 = STYLED_ITEM('color',(#15989),#6487);
#15989 = PRESENTATION_STYLE_ASSIGNMENT((#15990,#15995));
#15990 = SURFACE_STYLE_USAGE(.BOTH.,#15991);
#15991 = SURFACE_SIDE_STYLE('',(#15992));
#15992 = SURFACE_STYLE_FILL_AREA(#15993);
#15993 = FILL_AREA_STYLE('',(#15994));
#15994 = FILL_AREA_STYLE_COLOUR('',#15238);
#15995 = CURVE_STYLE('',#15996,POSITIVE_LENGTH_MEASURE(0.1),#15238);
#15996 = DRAUGHTING_PRE_DEFINED_CURVE_FONT('continuous');
#15997 = STYLED_ITEM('color',(#15998),#6504);
#15998 = PRESENTATION_STYLE_ASSIGNMENT((#15999,#16004));
#15999 = SURFACE_STYLE_USAGE(.BOTH.,#16000);
#16000 = SURFACE_SIDE_STYLE('',(#16001));
#16001 = SURFACE_STYLE_FILL_AREA(#16002);
#16002 = FILL_AREA_STYLE('',(#16003));
#16003 = FILL_AREA_STYLE_COLOUR('',#13827);
#16004 = CURVE_STYLE('',#16005,POSITIVE_LENGTH_MEASURE(0.1),#13827);
#16005 = DRAUGHTING_PRE_DEFINED_CURVE_FONT('continuous');
#16006 = STYLED_ITEM('color',(#16007),#6596);
#16007 = PRESENTATION_STYLE_ASSIGNMENT((#16008,#16013));
#16008 = SURFACE_STYLE_USAGE(.BOTH.,#16009);
#16009 = SURFACE_SIDE_STYLE('',(#16010));
#16010 = SURFACE_STYLE_FILL_AREA(#16011);
#16011 = FILL_AREA_STYLE('',(#16012));
#16012 = FILL_AREA_STYLE_COLOUR('',#13827);
#16013 = CURVE_STYLE('',#16014,POSITIVE_LENGTH_MEASURE(0.1),#13827);
#16014 = DRAUGHTING_PRE_DEFINED_CURVE_FONT('continuous');
#16015 = STYLED_ITEM('color',(#16016),#6621);
#16016 = PRESENTATION_STYLE_ASSIGNMENT((#16017,#16022));
#16017 = SURFACE_STYLE_USAGE(.BOTH.,#16018);
#16018 = SURFACE_SIDE_STYLE('',(#16019));
#16019 = SURFACE_STYLE_FILL_AREA(#16020);
#16020 = FILL_AREA_STYLE('',(#16021));
#16021 = FILL_AREA_STYLE_COLOUR('',#13827);
#16022 = CURVE_STYLE('',#16023,POSITIVE_LENGTH_MEASURE(0.1),#13827);
#16023 = DRAUGHTING_PRE_DEFINED_CURVE_FONT('continuous');
#16024 = STYLED_ITEM('color',(#16025),#6705);
#16025 = PRESENTATION_STYLE_ASSIGNMENT((#16026,#16031));
#16026 = SURFACE_STYLE_USAGE(.BOTH.,#16027);
#16027 = SURFACE_SIDE_STYLE('',(#16028));
#16028 = SURFACE_STYLE_FILL_AREA(#16029);
#16029 = FILL_AREA_STYLE('',(#16030));
#16030 = FILL_AREA_STYLE_COLOUR('',#15238);
#16031 = CURVE_STYLE('',#16032,POSITIVE_LENGTH_MEASURE(0.1),#15238);
#16032 = DRAUGHTING_PRE_DEFINED_CURVE_FONT('continuous');
#16033 = STYLED_ITEM('color',(#16034),#6727);
#16034 = PRESENTATION_STYLE_ASSIGNMENT((#16035,#16040));
#16035 = SURFACE_STYLE_USAGE(.BOTH.,#16036);
#16036 = SURFACE_SIDE_STYLE('',(#16037));
#16037 = SURFACE_STYLE_FILL_AREA(#16038);
#16038 = FILL_AREA_STYLE('',(#16039));
#16039 = FILL_AREA_STYLE_COLOUR('',#13827);
#16040 = CURVE_STYLE('',#16041,POSITIVE_LENGTH_MEASURE(0.1),#13827);
#16041 = DRAUGHTING_PRE_DEFINED_CURVE_FONT('continuous');
#16042 = STYLED_ITEM('color',(#16043),#6819);
#16043 = PRESENTATION_STYLE_ASSIGNMENT((#16044,#16049));
#16044 = SURFACE_STYLE_USAGE(.BOTH.,#16045);
#16045 = SURFACE_SIDE_STYLE('',(#16046));
#16046 = SURFACE_STYLE_FILL_AREA(#16047);
#16047 = FILL_AREA_STYLE('',(#16048));
#16048 = FILL_AREA_STYLE_COLOUR('',#13827);
#16049 = CURVE_STYLE('',#16050,POSITIVE_LENGTH_MEASURE(0.1),#13827);
#16050 = DRAUGHTING_PRE_DEFINED_CURVE_FONT('continuous');
#16051 = STYLED_ITEM('color',(#16052),#6844);
#16052 = PRESENTATION_STYLE_ASSIGNMENT((#16053,#16058));
#16053 = SURFACE_STYLE_USAGE(.BOTH.,#16054);
#16054 = SURFACE_SIDE_STYLE('',(#16055));
#16055 = SURFACE_STYLE_FILL_AREA(#16056);
#16056 = FILL_AREA_STYLE('',(#16057));
#16057 = FILL_AREA_STYLE_COLOUR('',#13827);
#16058 = CURVE_STYLE('',#16059,POSITIVE_LENGTH_MEASURE(0.1),#13827);
#16059 = DRAUGHTING_PRE_DEFINED_CURVE_FONT('continuous');
#16060 = STYLED_ITEM('color',(#16061),#6928);
#16061 = PRESENTATION_STYLE_ASSIGNMENT((#16062,#16067));
#16062 = SURFACE_STYLE_USAGE(.BOTH.,#16063);
#16063 = SURFACE_SIDE_STYLE('',(#16064));
#16064 = SURFACE_STYLE_FILL_AREA(#16065);
#16065 = FILL_AREA_STYLE('',(#16066));
#16066 = FILL_AREA_STYLE_COLOUR('',#15238);
#16067 = CURVE_STYLE('',#16068,POSITIVE_LENGTH_MEASURE(0.1),#15238);
#16068 = DRAUGHTING_PRE_DEFINED_CURVE_FONT('continuous');
#16069 = STYLED_ITEM('color',(#16070),#6950);
#16070 = PRESENTATION_STYLE_ASSIGNMENT((#16071,#16076));
#16071 = SURFACE_STYLE_USAGE(.BOTH.,#16072);
#16072 = SURFACE_SIDE_STYLE('',(#16073));
#16073 = SURFACE_STYLE_FILL_AREA(#16074);
#16074 = FILL_AREA_STYLE('',(#16075));
#16075 = FILL_AREA_STYLE_COLOUR('',#13827);
#16076 = CURVE_STYLE('',#16077,POSITIVE_LENGTH_MEASURE(0.1),#13827);
#16077 = DRAUGHTING_PRE_DEFINED_CURVE_FONT('continuous');
#16078 = STYLED_ITEM('color',(#16079),#7042);
#16079 = PRESENTATION_STYLE_ASSIGNMENT((#16080,#16085));
#16080 = SURFACE_STYLE_USAGE(.BOTH.,#16081);
#16081 = SURFACE_SIDE_STYLE('',(#16082));
#16082 = SURFACE_STYLE_FILL_AREA(#16083);
#16083 = FILL_AREA_STYLE('',(#16084));
#16084 = FILL_AREA_STYLE_COLOUR('',#13827);
#16085 = CURVE_STYLE('',#16086,POSITIVE_LENGTH_MEASURE(0.1),#13827);
#16086 = DRAUGHTING_PRE_DEFINED_CURVE_FONT('continuous');
#16087 = STYLED_ITEM('color',(#16088),#7067);
#16088 = PRESENTATION_STYLE_ASSIGNMENT((#16089,#16094));
#16089 = SURFACE_STYLE_USAGE(.BOTH.,#16090);
#16090 = SURFACE_SIDE_STYLE('',(#16091));
#16091 = SURFACE_STYLE_FILL_AREA(#16092);
#16092 = FILL_AREA_STYLE('',(#16093));
#16093 = FILL_AREA_STYLE_COLOUR('',#13827);
#16094 = CURVE_STYLE('',#16095,POSITIVE_LENGTH_MEASURE(0.1),#13827);
#16095 = DRAUGHTING_PRE_DEFINED_CURVE_FONT('continuous');
#16096 = STYLED_ITEM('color',(#16097),#7151);
#16097 = PRESENTATION_STYLE_ASSIGNMENT((#16098,#16103));
#16098 = SURFACE_STYLE_USAGE(.BOTH.,#16099);
#16099 = SURFACE_SIDE_STYLE('',(#16100));
#16100 = SURFACE_STYLE_FILL_AREA(#16101);
#16101 = FILL_AREA_STYLE('',(#16102));
#16102 = FILL_AREA_STYLE_COLOUR('',#15238);
#16103 = CURVE_STYLE('',#16104,POSITIVE_LENGTH_MEASURE(0.1),#15238);
#16104 = DRAUGHTING_PRE_DEFINED_CURVE_FONT('continuous');
#16105 = STYLED_ITEM('color',(#16106),#7173);
#16106 = PRESENTATION_STYLE_ASSIGNMENT((#16107,#16112));
#16107 = SURFACE_STYLE_USAGE(.BOTH.,#16108);
#16108 = SURFACE_SIDE_STYLE('',(#16109));
#16109 = SURFACE_STYLE_FILL_AREA(#16110);
#16110 = FILL_AREA_STYLE('',(#16111));
#16111 = FILL_AREA_STYLE_COLOUR('',#13827);
#16112 = CURVE_STYLE('',#16113,POSITIVE_LENGTH_MEASURE(0.1),#13827);
#16113 = DRAUGHTING_PRE_DEFINED_CURVE_FONT('continuous');
#16114 = STYLED_ITEM('color',(#16115),#7265);
#16115 = PRESENTATION_STYLE_ASSIGNMENT((#16116,#16121));
#16116 = SURFACE_STYLE_USAGE(.BOTH.,#16117);
#16117 = SURFACE_SIDE_STYLE('',(#16118));
#16118 = SURFACE_STYLE_FILL_AREA(#16119);
#16119 = FILL_AREA_STYLE('',(#16120));
#16120 = FILL_AREA_STYLE_COLOUR('',#13827);
#16121 = CURVE_STYLE('',#16122,POSITIVE_LENGTH_MEASURE(0.1),#13827);
#16122 = DRAUGHTING_PRE_DEFINED_CURVE_FONT('continuous');
#16123 = STYLED_ITEM('color',(#16124),#7290);
#16124 = PRESENTATION_STYLE_ASSIGNMENT((#16125,#16130));
#16125 = SURFACE_STYLE_USAGE(.BOTH.,#16126);
#16126 = SURFACE_SIDE_STYLE('',(#16127));
#16127 = SURFACE_STYLE_FILL_AREA(#16128);
#16128 = FILL_AREA_STYLE('',(#16129));
#16129 = FILL_AREA_STYLE_COLOUR('',#13827);
#16130 = CURVE_STYLE('',#16131,POSITIVE_LENGTH_MEASURE(0.1),#13827);
#16131 = DRAUGHTING_PRE_DEFINED_CURVE_FONT('continuous');
#16132 = STYLED_ITEM('color',(#16133),#7374);
#16133 = PRESENTATION_STYLE_ASSIGNMENT((#16134,#16139));
#16134 = SURFACE_STYLE_USAGE(.BOTH.,#16135);
#16135 = SURFACE_SIDE_STYLE('',(#16136));
#16136 = SURFACE_STYLE_FILL_AREA(#16137);
#16137 = FILL_AREA_STYLE('',(#16138));
#16138 = FILL_AREA_STYLE_COLOUR('',#15238);
#16139 = CURVE_STYLE('',#16140,POSITIVE_LENGTH_MEASURE(0.1),#15238);
#16140 = DRAUGHTING_PRE_DEFINED_CURVE_FONT('continuous');
#16141 = STYLED_ITEM('color',(#16142),#7396);
#16142 = PRESENTATION_STYLE_ASSIGNMENT((#16143,#16148));
#16143 = SURFACE_STYLE_USAGE(.BOTH.,#16144);
#16144 = SURFACE_SIDE_STYLE('',(#16145));
#16145 = SURFACE_STYLE_FILL_AREA(#16146);
#16146 = FILL_AREA_STYLE('',(#16147));
#16147 = FILL_AREA_STYLE_COLOUR('',#13827);
#16148 = CURVE_STYLE('',#16149,POSITIVE_LENGTH_MEASURE(0.1),#13827);
#16149 = DRAUGHTING_PRE_DEFINED_CURVE_FONT('continuous');
#16150 = STYLED_ITEM('color',(#16151),#7488);
#16151 = PRESENTATION_STYLE_ASSIGNMENT((#16152,#16157));
#16152 = SURFACE_STYLE_USAGE(.BOTH.,#16153);
#16153 = SURFACE_SIDE_STYLE('',(#16154));
#16154 = SURFACE_STYLE_FILL_AREA(#16155);
#16155 = FILL_AREA_STYLE('',(#16156));
#16156 = FILL_AREA_STYLE_COLOUR('',#13827);
#16157 = CURVE_STYLE('',#16158,POSITIVE_LENGTH_MEASURE(0.1),#13827);
#16158 = DRAUGHTING_PRE_DEFINED_CURVE_FONT('continuous');
#16159 = STYLED_ITEM('color',(#16160),#7513);
#16160 = PRESENTATION_STYLE_ASSIGNMENT((#16161,#16166));
#16161 = SURFACE_STYLE_USAGE(.BOTH.,#16162);
#16162 = SURFACE_SIDE_STYLE('',(#16163));
#16163 = SURFACE_STYLE_FILL_AREA(#16164);
#16164 = FILL_AREA_STYLE('',(#16165));
#16165 = FILL_AREA_STYLE_COLOUR('',#13827);
#16166 = CURVE_STYLE('',#16167,POSITIVE_LENGTH_MEASURE(0.1),#13827);
#16167 = DRAUGHTING_PRE_DEFINED_CURVE_FONT('continuous');
#16168 = STYLED_ITEM('color',(#16169),#7597);
#16169 = PRESENTATION_STYLE_ASSIGNMENT((#16170,#16175));
#16170 = SURFACE_STYLE_USAGE(.BOTH.,#16171);
#16171 = SURFACE_SIDE_STYLE('',(#16172));
#16172 = SURFACE_STYLE_FILL_AREA(#16173);
#16173 = FILL_AREA_STYLE('',(#16174));
#16174 = FILL_AREA_STYLE_COLOUR('',#15238);
#16175 = CURVE_STYLE('',#16176,POSITIVE_LENGTH_MEASURE(0.1),#15238);
#16176 = DRAUGHTING_PRE_DEFINED_CURVE_FONT('continuous');
#16177 = STYLED_ITEM('color',(#16178),#7619);
#16178 = PRESENTATION_STYLE_ASSIGNMENT((#16179,#16184));
#16179 = SURFACE_STYLE_USAGE(.BOTH.,#16180);
#16180 = SURFACE_SIDE_STYLE('',(#16181));
#16181 = SURFACE_STYLE_FILL_AREA(#16182);
#16182 = FILL_AREA_STYLE('',(#16183));
#16183 = FILL_AREA_STYLE_COLOUR('',#13827);
#16184 = CURVE_STYLE('',#16185,POSITIVE_LENGTH_MEASURE(0.1),#13827);
#16185 = DRAUGHTING_PRE_DEFINED_CURVE_FONT('continuous');
#16186 = STYLED_ITEM('color',(#16187),#7711);
#16187 = PRESENTATION_STYLE_ASSIGNMENT((#16188,#16193));
#16188 = SURFACE_STYLE_USAGE(.BOTH.,#16189);
#16189 = SURFACE_SIDE_STYLE('',(#16190));
#16190 = SURFACE_STYLE_FILL_AREA(#16191);
#16191 = FILL_AREA_STYLE('',(#16192));
#16192 = FILL_AREA_STYLE_COLOUR('',#13827);
#16193 = CURVE_STYLE('',#16194,POSITIVE_LENGTH_MEASURE(0.1),#13827);
#16194 = DRAUGHTING_PRE_DEFINED_CURVE_FONT('continuous');
#16195 = STYLED_ITEM('color',(#16196),#7736);
#16196 = PRESENTATION_STYLE_ASSIGNMENT((#16197,#16202));
#16197 = SURFACE_STYLE_USAGE(.BOTH.,#16198);
#16198 = SURFACE_SIDE_STYLE('',(#16199));
#16199 = SURFACE_STYLE_FILL_AREA(#16200);
#16200 = FILL_AREA_STYLE('',(#16201));
#16201 = FILL_AREA_STYLE_COLOUR('',#13827);
#16202 = CURVE_STYLE('',#16203,POSITIVE_LENGTH_MEASURE(0.1),#13827);
#16203 = DRAUGHTING_PRE_DEFINED_CURVE_FONT('continuous');
#16204 = STYLED_ITEM('color',(#16205),#7820);
#16205 = PRESENTATION_STYLE_ASSIGNMENT((#16206,#16211));
#16206 = SURFACE_STYLE_USAGE(.BOTH.,#16207);
#16207 = SURFACE_SIDE_STYLE('',(#16208));
#16208 = SURFACE_STYLE_FILL_AREA(#16209);
#16209 = FILL_AREA_STYLE('',(#16210));
#16210 = FILL_AREA_STYLE_COLOUR('',#13827);
#16211 = CURVE_STYLE('',#16212,POSITIVE_LENGTH_MEASURE(0.1),#13827);
#16212 = DRAUGHTING_PRE_DEFINED_CURVE_FONT('continuous');
#16213 = STYLED_ITEM('color',(#16214),#7837);
#16214 = PRESENTATION_STYLE_ASSIGNMENT((#16215,#16220));
#16215 = SURFACE_STYLE_USAGE(.BOTH.,#16216);
#16216 = SURFACE_SIDE_STYLE('',(#16217));
#16217 = SURFACE_STYLE_FILL_AREA(#16218);
#16218 = FILL_AREA_STYLE('',(#16219));
#16219 = FILL_AREA_STYLE_COLOUR('',#13827);
#16220 = CURVE_STYLE('',#16221,POSITIVE_LENGTH_MEASURE(0.1),#13827);
#16221 = DRAUGHTING_PRE_DEFINED_CURVE_FONT('continuous');
#16222 = STYLED_ITEM('color',(#16223),#7856);
#16223 = PRESENTATION_STYLE_ASSIGNMENT((#16224,#16229));
#16224 = SURFACE_STYLE_USAGE(.BOTH.,#16225);
#16225 = SURFACE_SIDE_STYLE('',(#16226));
#16226 = SURFACE_STYLE_FILL_AREA(#16227);
#16227 = FILL_AREA_STYLE('',(#16228));
#16228 = FILL_AREA_STYLE_COLOUR('',#13827);
#16229 = CURVE_STYLE('',#16230,POSITIVE_LENGTH_MEASURE(0.1),#13827);
#16230 = DRAUGHTING_PRE_DEFINED_CURVE_FONT('continuous');
#16231 = STYLED_ITEM('color',(#16232),#7875);
#16232 = PRESENTATION_STYLE_ASSIGNMENT((#16233,#16238));
#16233 = SURFACE_STYLE_USAGE(.BOTH.,#16234);
#16234 = SURFACE_SIDE_STYLE('',(#16235));
#16235 = SURFACE_STYLE_FILL_AREA(#16236);
#16236 = FILL_AREA_STYLE('',(#16237));
#16237 = FILL_AREA_STYLE_COLOUR('',#13827);
#16238 = CURVE_STYLE('',#16239,POSITIVE_LENGTH_MEASURE(0.1),#13827);
#16239 = DRAUGHTING_PRE_DEFINED_CURVE_FONT('continuous');
#16240 = STYLED_ITEM('color',(#16241),#7894);
#16241 = PRESENTATION_STYLE_ASSIGNMENT((#16242,#16247));
#16242 = SURFACE_STYLE_USAGE(.BOTH.,#16243);
#16243 = SURFACE_SIDE_STYLE('',(#16244));
#16244 = SURFACE_STYLE_FILL_AREA(#16245);
#16245 = FILL_AREA_STYLE('',(#16246));
#16246 = FILL_AREA_STYLE_COLOUR('',#13827);
#16247 = CURVE_STYLE('',#16248,POSITIVE_LENGTH_MEASURE(0.1),#13827);
#16248 = DRAUGHTING_PRE_DEFINED_CURVE_FONT('continuous');
#16249 = STYLED_ITEM('color',(#16250),#7913);
#16250 = PRESENTATION_STYLE_ASSIGNMENT((#16251,#16256));
#16251 = SURFACE_STYLE_USAGE(.BOTH.,#16252);
#16252 = SURFACE_SIDE_STYLE('',(#16253));
#16253 = SURFACE_STYLE_FILL_AREA(#16254);
#16254 = FILL_AREA_STYLE('',(#16255));
#16255 = FILL_AREA_STYLE_COLOUR('',#13827);
#16256 = CURVE_STYLE('',#16257,POSITIVE_LENGTH_MEASURE(0.1),#13827);
#16257 = DRAUGHTING_PRE_DEFINED_CURVE_FONT('continuous');
#16258 = STYLED_ITEM('color',(#16259),#7932);
#16259 = PRESENTATION_STYLE_ASSIGNMENT((#16260,#16265));
#16260 = SURFACE_STYLE_USAGE(.BOTH.,#16261);
#16261 = SURFACE_SIDE_STYLE('',(#16262));
#16262 = SURFACE_STYLE_FILL_AREA(#16263);
#16263 = FILL_AREA_STYLE('',(#16264));
#16264 = FILL_AREA_STYLE_COLOUR('',#13827);
#16265 = CURVE_STYLE('',#16266,POSITIVE_LENGTH_MEASURE(0.1),#13827);
#16266 = DRAUGHTING_PRE_DEFINED_CURVE_FONT('continuous');
#16267 = STYLED_ITEM('color',(#16268),#7951);
#16268 = PRESENTATION_STYLE_ASSIGNMENT((#16269,#16274));
#16269 = SURFACE_STYLE_USAGE(.BOTH.,#16270);
#16270 = SURFACE_SIDE_STYLE('',(#16271));
#16271 = SURFACE_STYLE_FILL_AREA(#16272);
#16272 = FILL_AREA_STYLE('',(#16273));
#16273 = FILL_AREA_STYLE_COLOUR('',#15238);
#16274 = CURVE_STYLE('',#16275,POSITIVE_LENGTH_MEASURE(0.1),#15238);
#16275 = DRAUGHTING_PRE_DEFINED_CURVE_FONT('continuous');
#16276 = STYLED_ITEM('color',(#16277),#7997);
#16277 = PRESENTATION_STYLE_ASSIGNMENT((#16278,#16283));
#16278 = SURFACE_STYLE_USAGE(.BOTH.,#16279);
#16279 = SURFACE_SIDE_STYLE('',(#16280));
#16280 = SURFACE_STYLE_FILL_AREA(#16281);
#16281 = FILL_AREA_STYLE('',(#16282));
#16282 = FILL_AREA_STYLE_COLOUR('',#15238);
#16283 = CURVE_STYLE('',#16284,POSITIVE_LENGTH_MEASURE(0.1),#15238);
#16284 = DRAUGHTING_PRE_DEFINED_CURVE_FONT('continuous');
#16285 = STYLED_ITEM('color',(#16286),#8013);
#16286 = PRESENTATION_STYLE_ASSIGNMENT((#16287,#16292));
#16287 = SURFACE_STYLE_USAGE(.BOTH.,#16288);
#16288 = SURFACE_SIDE_STYLE('',(#16289));
#16289 = SURFACE_STYLE_FILL_AREA(#16290);
#16290 = FILL_AREA_STYLE('',(#16291));
#16291 = FILL_AREA_STYLE_COLOUR('',#13827);
#16292 = CURVE_STYLE('',#16293,POSITIVE_LENGTH_MEASURE(0.1),#13827);
#16293 = DRAUGHTING_PRE_DEFINED_CURVE_FONT('continuous');
#16294 = STYLED_ITEM('color',(#16295),#8032);
#16295 = PRESENTATION_STYLE_ASSIGNMENT((#16296,#16301));
#16296 = SURFACE_STYLE_USAGE(.BOTH.,#16297);
#16297 = SURFACE_SIDE_STYLE('',(#16298));
#16298 = SURFACE_STYLE_FILL_AREA(#16299);
#16299 = FILL_AREA_STYLE('',(#16300));
#16300 = FILL_AREA_STYLE_COLOUR('',#13827);
#16301 = CURVE_STYLE('',#16302,POSITIVE_LENGTH_MEASURE(0.1),#13827);
#16302 = DRAUGHTING_PRE_DEFINED_CURVE_FONT('continuous');
#16303 = STYLED_ITEM('color',(#16304),#8051);
#16304 = PRESENTATION_STYLE_ASSIGNMENT((#16305,#16310));
#16305 = SURFACE_STYLE_USAGE(.BOTH.,#16306);
#16306 = SURFACE_SIDE_STYLE('',(#16307));
#16307 = SURFACE_STYLE_FILL_AREA(#16308);
#16308 = FILL_AREA_STYLE('',(#16309));
#16309 = FILL_AREA_STYLE_COLOUR('',#13827);
#16310 = CURVE_STYLE('',#16311,POSITIVE_LENGTH_MEASURE(0.1),#13827);
#16311 = DRAUGHTING_PRE_DEFINED_CURVE_FONT('continuous');
#16312 = STYLED_ITEM('color',(#16313),#8070);
#16313 = PRESENTATION_STYLE_ASSIGNMENT((#16314,#16319));
#16314 = SURFACE_STYLE_USAGE(.BOTH.,#16315);
#16315 = SURFACE_SIDE_STYLE('',(#16316));
#16316 = SURFACE_STYLE_FILL_AREA(#16317);
#16317 = FILL_AREA_STYLE('',(#16318));
#16318 = FILL_AREA_STYLE_COLOUR('',#13827);
#16319 = CURVE_STYLE('',#16320,POSITIVE_LENGTH_MEASURE(0.1),#13827);
#16320 = DRAUGHTING_PRE_DEFINED_CURVE_FONT('continuous');
#16321 = STYLED_ITEM('color',(#16322),#8089);
#16322 = PRESENTATION_STYLE_ASSIGNMENT((#16323,#16328));
#16323 = SURFACE_STYLE_USAGE(.BOTH.,#16324);
#16324 = SURFACE_SIDE_STYLE('',(#16325));
#16325 = SURFACE_STYLE_FILL_AREA(#16326);
#16326 = FILL_AREA_STYLE('',(#16327));
#16327 = FILL_AREA_STYLE_COLOUR('',#13827);
#16328 = CURVE_STYLE('',#16329,POSITIVE_LENGTH_MEASURE(0.1),#13827);
#16329 = DRAUGHTING_PRE_DEFINED_CURVE_FONT('continuous');
#16330 = STYLED_ITEM('color',(#16331),#8108);
#16331 = PRESENTATION_STYLE_ASSIGNMENT((#16332,#16337));
#16332 = SURFACE_STYLE_USAGE(.BOTH.,#16333);
#16333 = SURFACE_SIDE_STYLE('',(#16334));
#16334 = SURFACE_STYLE_FILL_AREA(#16335);
#16335 = FILL_AREA_STYLE('',(#16336));
#16336 = FILL_AREA_STYLE_COLOUR('',#13827);
#16337 = CURVE_STYLE('',#16338,POSITIVE_LENGTH_MEASURE(0.1),#13827);
#16338 = DRAUGHTING_PRE_DEFINED_CURVE_FONT('continuous');
#16339 = STYLED_ITEM('color',(#16340),#8127);
#16340 = PRESENTATION_STYLE_ASSIGNMENT((#16341,#16346));
#16341 = SURFACE_STYLE_USAGE(.BOTH.,#16342);
#16342 = SURFACE_SIDE_STYLE('',(#16343));
#16343 = SURFACE_STYLE_FILL_AREA(#16344);
#16344 = FILL_AREA_STYLE('',(#16345));
#16345 = FILL_AREA_STYLE_COLOUR('',#15238);
#16346 = CURVE_STYLE('',#16347,POSITIVE_LENGTH_MEASURE(0.1),#15238);
#16347 = DRAUGHTING_PRE_DEFINED_CURVE_FONT('continuous');
#16348 = STYLED_ITEM('color',(#16349),#8143);
#16349 = PRESENTATION_STYLE_ASSIGNMENT((#16350,#16355));
#16350 = SURFACE_STYLE_USAGE(.BOTH.,#16351);
#16351 = SURFACE_SIDE_STYLE('',(#16352));
#16352 = SURFACE_STYLE_FILL_AREA(#16353);
#16353 = FILL_AREA_STYLE('',(#16354));
#16354 = FILL_AREA_STYLE_COLOUR('',#13827);
#16355 = CURVE_STYLE('',#16356,POSITIVE_LENGTH_MEASURE(0.1),#13827);
#16356 = DRAUGHTING_PRE_DEFINED_CURVE_FONT('continuous');
#16357 = STYLED_ITEM('color',(#16358),#8160);
#16358 = PRESENTATION_STYLE_ASSIGNMENT((#16359,#16364));
#16359 = SURFACE_STYLE_USAGE(.BOTH.,#16360);
#16360 = SURFACE_SIDE_STYLE('',(#16361));
#16361 = SURFACE_STYLE_FILL_AREA(#16362);
#16362 = FILL_AREA_STYLE('',(#16363));
#16363 = FILL_AREA_STYLE_COLOUR('',#15238);
#16364 = CURVE_STYLE('',#16365,POSITIVE_LENGTH_MEASURE(0.1),#15238);
#16365 = DRAUGHTING_PRE_DEFINED_CURVE_FONT('continuous');
#16366 = STYLED_ITEM('color',(#16367),#8172);
#16367 = PRESENTATION_STYLE_ASSIGNMENT((#16368,#16373));
#16368 = SURFACE_STYLE_USAGE(.BOTH.,#16369);
#16369 = SURFACE_SIDE_STYLE('',(#16370));
#16370 = SURFACE_STYLE_FILL_AREA(#16371);
#16371 = FILL_AREA_STYLE('',(#16372));
#16372 = FILL_AREA_STYLE_COLOUR('',#13827);
#16373 = CURVE_STYLE('',#16374,POSITIVE_LENGTH_MEASURE(0.1),#13827);
#16374 = DRAUGHTING_PRE_DEFINED_CURVE_FONT('continuous');
#16375 = STYLED_ITEM('color',(#16376),#8189);
#16376 = PRESENTATION_STYLE_ASSIGNMENT((#16377,#16382));
#16377 = SURFACE_STYLE_USAGE(.BOTH.,#16378);
#16378 = SURFACE_SIDE_STYLE('',(#16379));
#16379 = SURFACE_STYLE_FILL_AREA(#16380);
#16380 = FILL_AREA_STYLE('',(#16381));
#16381 = FILL_AREA_STYLE_COLOUR('',#13827);
#16382 = CURVE_STYLE('',#16383,POSITIVE_LENGTH_MEASURE(0.1),#13827);
#16383 = DRAUGHTING_PRE_DEFINED_CURVE_FONT('continuous');
#16384 = STYLED_ITEM('color',(#16385),#8206);
#16385 = PRESENTATION_STYLE_ASSIGNMENT((#16386,#16391));
#16386 = SURFACE_STYLE_USAGE(.BOTH.,#16387);
#16387 = SURFACE_SIDE_STYLE('',(#16388));
#16388 = SURFACE_STYLE_FILL_AREA(#16389);
#16389 = FILL_AREA_STYLE('',(#16390));
#16390 = FILL_AREA_STYLE_COLOUR('',#13827);
#16391 = CURVE_STYLE('',#16392,POSITIVE_LENGTH_MEASURE(0.1),#13827);
#16392 = DRAUGHTING_PRE_DEFINED_CURVE_FONT('continuous');
#16393 = STYLED_ITEM('color',(#16394),#8223);
#16394 = PRESENTATION_STYLE_ASSIGNMENT((#16395,#16400));
#16395 = SURFACE_STYLE_USAGE(.BOTH.,#16396);
#16396 = SURFACE_SIDE_STYLE('',(#16397));
#16397 = SURFACE_STYLE_FILL_AREA(#16398);
#16398 = FILL_AREA_STYLE('',(#16399));
#16399 = FILL_AREA_STYLE_COLOUR('',#13827);
#16400 = CURVE_STYLE('',#16401,POSITIVE_LENGTH_MEASURE(0.1),#13827);
#16401 = DRAUGHTING_PRE_DEFINED_CURVE_FONT('continuous');
#16402 = STYLED_ITEM('color',(#16403),#8240);
#16403 = PRESENTATION_STYLE_ASSIGNMENT((#16404,#16409));
#16404 = SURFACE_STYLE_USAGE(.BOTH.,#16405);
#16405 = SURFACE_SIDE_STYLE('',(#16406));
#16406 = SURFACE_STYLE_FILL_AREA(#16407);
#16407 = FILL_AREA_STYLE('',(#16408));
#16408 = FILL_AREA_STYLE_COLOUR('',#13827);
#16409 = CURVE_STYLE('',#16410,POSITIVE_LENGTH_MEASURE(0.1),#13827);
#16410 = DRAUGHTING_PRE_DEFINED_CURVE_FONT('continuous');
#16411 = STYLED_ITEM('color',(#16412),#8257);
#16412 = PRESENTATION_STYLE_ASSIGNMENT((#16413,#16418));
#16413 = SURFACE_STYLE_USAGE(.BOTH.,#16414);
#16414 = SURFACE_SIDE_STYLE('',(#16415));
#16415 = SURFACE_STYLE_FILL_AREA(#16416);
#16416 = FILL_AREA_STYLE('',(#16417));
#16417 = FILL_AREA_STYLE_COLOUR('',#13827);
#16418 = CURVE_STYLE('',#16419,POSITIVE_LENGTH_MEASURE(0.1),#13827);
#16419 = DRAUGHTING_PRE_DEFINED_CURVE_FONT('continuous');
#16420 = STYLED_ITEM('color',(#16421),#8274);
#16421 = PRESENTATION_STYLE_ASSIGNMENT((#16422,#16427));
#16422 = SURFACE_STYLE_USAGE(.BOTH.,#16423);
#16423 = SURFACE_SIDE_STYLE('',(#16424));
#16424 = SURFACE_STYLE_FILL_AREA(#16425);
#16425 = FILL_AREA_STYLE('',(#16426));
#16426 = FILL_AREA_STYLE_COLOUR('',#13827);
#16427 = CURVE_STYLE('',#16428,POSITIVE_LENGTH_MEASURE(0.1),#13827);
#16428 = DRAUGHTING_PRE_DEFINED_CURVE_FONT('continuous');
#16429 = STYLED_ITEM('color',(#16430),#8291);
#16430 = PRESENTATION_STYLE_ASSIGNMENT((#16431,#16436));
#16431 = SURFACE_STYLE_USAGE(.BOTH.,#16432);
#16432 = SURFACE_SIDE_STYLE('',(#16433));
#16433 = SURFACE_STYLE_FILL_AREA(#16434);
#16434 = FILL_AREA_STYLE('',(#16435));
#16435 = FILL_AREA_STYLE_COLOUR('',#13827);
#16436 = CURVE_STYLE('',#16437,POSITIVE_LENGTH_MEASURE(0.1),#13827);
#16437 = DRAUGHTING_PRE_DEFINED_CURVE_FONT('continuous');
#16438 = STYLED_ITEM('color',(#16439),#8303);
#16439 = PRESENTATION_STYLE_ASSIGNMENT((#16440,#16445));
#16440 = SURFACE_STYLE_USAGE(.BOTH.,#16441);
#16441 = SURFACE_SIDE_STYLE('',(#16442));
#16442 = SURFACE_STYLE_FILL_AREA(#16443);
#16443 = FILL_AREA_STYLE('',(#16444));
#16444 = FILL_AREA_STYLE_COLOUR('',#13827);
#16445 = CURVE_STYLE('',#16446,POSITIVE_LENGTH_MEASURE(0.1),#13827);
#16446 = DRAUGHTING_PRE_DEFINED_CURVE_FONT('continuous');
#16447 = STYLED_ITEM('color',(#16448),#8320);
#16448 = PRESENTATION_STYLE_ASSIGNMENT((#16449,#16454));
#16449 = SURFACE_STYLE_USAGE(.BOTH.,#16450);
#16450 = SURFACE_SIDE_STYLE('',(#16451));
#16451 = SURFACE_STYLE_FILL_AREA(#16452);
#16452 = FILL_AREA_STYLE('',(#16453));
#16453 = FILL_AREA_STYLE_COLOUR('',#13827);
#16454 = CURVE_STYLE('',#16455,POSITIVE_LENGTH_MEASURE(0.1),#13827);
#16455 = DRAUGHTING_PRE_DEFINED_CURVE_FONT('continuous');
#16456 = STYLED_ITEM('color',(#16457),#8337);
#16457 = PRESENTATION_STYLE_ASSIGNMENT((#16458,#16463));
#16458 = SURFACE_STYLE_USAGE(.BOTH.,#16459);
#16459 = SURFACE_SIDE_STYLE('',(#16460));
#16460 = SURFACE_STYLE_FILL_AREA(#16461);
#16461 = FILL_AREA_STYLE('',(#16462));
#16462 = FILL_AREA_STYLE_COLOUR('',#13827);
#16463 = CURVE_STYLE('',#16464,POSITIVE_LENGTH_MEASURE(0.1),#13827);
#16464 = DRAUGHTING_PRE_DEFINED_CURVE_FONT('continuous');
#16465 = STYLED_ITEM('color',(#16466),#8354);
#16466 = PRESENTATION_STYLE_ASSIGNMENT((#16467,#16472));
#16467 = SURFACE_STYLE_USAGE(.BOTH.,#16468);
#16468 = SURFACE_SIDE_STYLE('',(#16469));
#16469 = SURFACE_STYLE_FILL_AREA(#16470);
#16470 = FILL_AREA_STYLE('',(#16471));
#16471 = FILL_AREA_STYLE_COLOUR('',#13827);
#16472 = CURVE_STYLE('',#16473,POSITIVE_LENGTH_MEASURE(0.1),#13827);
#16473 = DRAUGHTING_PRE_DEFINED_CURVE_FONT('continuous');
#16474 = STYLED_ITEM('color',(#16475),#8371);
#16475 = PRESENTATION_STYLE_ASSIGNMENT((#16476,#16481));
#16476 = SURFACE_STYLE_USAGE(.BOTH.,#16477);
#16477 = SURFACE_SIDE_STYLE('',(#16478));
#16478 = SURFACE_STYLE_FILL_AREA(#16479);
#16479 = FILL_AREA_STYLE('',(#16480));
#16480 = FILL_AREA_STYLE_COLOUR('',#13827);
#16481 = CURVE_STYLE('',#16482,POSITIVE_LENGTH_MEASURE(0.1),#13827);
#16482 = DRAUGHTING_PRE_DEFINED_CURVE_FONT('continuous');
#16483 = STYLED_ITEM('color',(#16484),#8388);
#16484 = PRESENTATION_STYLE_ASSIGNMENT((#16485,#16490));
#16485 = SURFACE_STYLE_USAGE(.BOTH.,#16486);
#16486 = SURFACE_SIDE_STYLE('',(#16487));
#16487 = SURFACE_STYLE_FILL_AREA(#16488);
#16488 = FILL_AREA_STYLE('',(#16489));
#16489 = FILL_AREA_STYLE_COLOUR('',#13827);
#16490 = CURVE_STYLE('',#16491,POSITIVE_LENGTH_MEASURE(0.1),#13827);
#16491 = DRAUGHTING_PRE_DEFINED_CURVE_FONT('continuous');
#16492 = STYLED_ITEM('color',(#16493),#8405);
#16493 = PRESENTATION_STYLE_ASSIGNMENT((#16494,#16499));
#16494 = SURFACE_STYLE_USAGE(.BOTH.,#16495);
#16495 = SURFACE_SIDE_STYLE('',(#16496));
#16496 = SURFACE_STYLE_FILL_AREA(#16497);
#16497 = FILL_AREA_STYLE('',(#16498));
#16498 = FILL_AREA_STYLE_COLOUR('',#13827);
#16499 = CURVE_STYLE('',#16500,POSITIVE_LENGTH_MEASURE(0.1),#13827);
#16500 = DRAUGHTING_PRE_DEFINED_CURVE_FONT('continuous');
#16501 = STYLED_ITEM('color',(#16502),#8422);
#16502 = PRESENTATION_STYLE_ASSIGNMENT((#16503,#16508));
#16503 = SURFACE_STYLE_USAGE(.BOTH.,#16504);
#16504 = SURFACE_SIDE_STYLE('',(#16505));
#16505 = SURFACE_STYLE_FILL_AREA(#16506);
#16506 = FILL_AREA_STYLE('',(#16507));
#16507 = FILL_AREA_STYLE_COLOUR('',#13827);
#16508 = CURVE_STYLE('',#16509,POSITIVE_LENGTH_MEASURE(0.1),#13827);
#16509 = DRAUGHTING_PRE_DEFINED_CURVE_FONT('continuous');
#16510 = STYLED_ITEM('color',(#16511),#8434);
#16511 = PRESENTATION_STYLE_ASSIGNMENT((#16512,#16517));
#16512 = SURFACE_STYLE_USAGE(.BOTH.,#16513);
#16513 = SURFACE_SIDE_STYLE('',(#16514));
#16514 = SURFACE_STYLE_FILL_AREA(#16515);
#16515 = FILL_AREA_STYLE('',(#16516));
#16516 = FILL_AREA_STYLE_COLOUR('',#13827);
#16517 = CURVE_STYLE('',#16518,POSITIVE_LENGTH_MEASURE(0.1),#13827);
#16518 = DRAUGHTING_PRE_DEFINED_CURVE_FONT('continuous');
#16519 = STYLED_ITEM('color',(#16520),#8451);
#16520 = PRESENTATION_STYLE_ASSIGNMENT((#16521,#16526));
#16521 = SURFACE_STYLE_USAGE(.BOTH.,#16522);
#16522 = SURFACE_SIDE_STYLE('',(#16523));
#16523 = SURFACE_STYLE_FILL_AREA(#16524);
#16524 = FILL_AREA_STYLE('',(#16525));
#16525 = FILL_AREA_STYLE_COLOUR('',#13827);
#16526 = CURVE_STYLE('',#16527,POSITIVE_LENGTH_MEASURE(0.1),#13827);
#16527 = DRAUGHTING_PRE_DEFINED_CURVE_FONT('continuous');
#16528 = STYLED_ITEM('color',(#16529),#8468);
#16529 = PRESENTATION_STYLE_ASSIGNMENT((#16530,#16535));
#16530 = SURFACE_STYLE_USAGE(.BOTH.,#16531);
#16531 = SURFACE_SIDE_STYLE('',(#16532));
#16532 = SURFACE_STYLE_FILL_AREA(#16533);
#16533 = FILL_AREA_STYLE('',(#16534));
#16534 = FILL_AREA_STYLE_COLOUR('',#13827);
#16535 = CURVE_STYLE('',#16536,POSITIVE_LENGTH_MEASURE(0.1),#13827);
#16536 = DRAUGHTING_PRE_DEFINED_CURVE_FONT('continuous');
#16537 = STYLED_ITEM('color',(#16538),#8485);
#16538 = PRESENTATION_STYLE_ASSIGNMENT((#16539,#16544));
#16539 = SURFACE_STYLE_USAGE(.BOTH.,#16540);
#16540 = SURFACE_SIDE_STYLE('',(#16541));
#16541 = SURFACE_STYLE_FILL_AREA(#16542);
#16542 = FILL_AREA_STYLE('',(#16543));
#16543 = FILL_AREA_STYLE_COLOUR('',#13827);
#16544 = CURVE_STYLE('',#16545,POSITIVE_LENGTH_MEASURE(0.1),#13827);
#16545 = DRAUGHTING_PRE_DEFINED_CURVE_FONT('continuous');
#16546 = STYLED_ITEM('color',(#16547),#8502);
#16547 = PRESENTATION_STYLE_ASSIGNMENT((#16548,#16553));
#16548 = SURFACE_STYLE_USAGE(.BOTH.,#16549);
#16549 = SURFACE_SIDE_STYLE('',(#16550));
#16550 = SURFACE_STYLE_FILL_AREA(#16551);
#16551 = FILL_AREA_STYLE('',(#16552));
#16552 = FILL_AREA_STYLE_COLOUR('',#13827);
#16553 = CURVE_STYLE('',#16554,POSITIVE_LENGTH_MEASURE(0.1),#13827);
#16554 = DRAUGHTING_PRE_DEFINED_CURVE_FONT('continuous');
#16555 = STYLED_ITEM('color',(#16556),#8519);
#16556 = PRESENTATION_STYLE_ASSIGNMENT((#16557,#16562));
#16557 = SURFACE_STYLE_USAGE(.BOTH.,#16558);
#16558 = SURFACE_SIDE_STYLE('',(#16559));
#16559 = SURFACE_STYLE_FILL_AREA(#16560);
#16560 = FILL_AREA_STYLE('',(#16561));
#16561 = FILL_AREA_STYLE_COLOUR('',#13827);
#16562 = CURVE_STYLE('',#16563,POSITIVE_LENGTH_MEASURE(0.1),#13827);
#16563 = DRAUGHTING_PRE_DEFINED_CURVE_FONT('continuous');
#16564 = STYLED_ITEM('color',(#16565),#8536);
#16565 = PRESENTATION_STYLE_ASSIGNMENT((#16566,#16571));
#16566 = SURFACE_STYLE_USAGE(.BOTH.,#16567);
#16567 = SURFACE_SIDE_STYLE('',(#16568));
#16568 = SURFACE_STYLE_FILL_AREA(#16569);
#16569 = FILL_AREA_STYLE('',(#16570));
#16570 = FILL_AREA_STYLE_COLOUR('',#13827);
#16571 = CURVE_STYLE('',#16572,POSITIVE_LENGTH_MEASURE(0.1),#13827);
#16572 = DRAUGHTING_PRE_DEFINED_CURVE_FONT('continuous');
#16573 = STYLED_ITEM('color',(#16574),#8553);
#16574 = PRESENTATION_STYLE_ASSIGNMENT((#16575,#16580));
#16575 = SURFACE_STYLE_USAGE(.BOTH.,#16576);
#16576 = SURFACE_SIDE_STYLE('',(#16577));
#16577 = SURFACE_STYLE_FILL_AREA(#16578);
#16578 = FILL_AREA_STYLE('',(#16579));
#16579 = FILL_AREA_STYLE_COLOUR('',#13827);
#16580 = CURVE_STYLE('',#16581,POSITIVE_LENGTH_MEASURE(0.1),#13827);
#16581 = DRAUGHTING_PRE_DEFINED_CURVE_FONT('continuous');
#16582 = STYLED_ITEM('color',(#16583),#8565);
#16583 = PRESENTATION_STYLE_ASSIGNMENT((#16584,#16589));
#16584 = SURFACE_STYLE_USAGE(.BOTH.,#16585);
#16585 = SURFACE_SIDE_STYLE('',(#16586));
#16586 = SURFACE_STYLE_FILL_AREA(#16587);
#16587 = FILL_AREA_STYLE('',(#16588));
#16588 = FILL_AREA_STYLE_COLOUR('',#13827);
#16589 = CURVE_STYLE('',#16590,POSITIVE_LENGTH_MEASURE(0.1),#13827);
#16590 = DRAUGHTING_PRE_DEFINED_CURVE_FONT('continuous');
#16591 = STYLED_ITEM('color',(#16592),#8582);
#16592 = PRESENTATION_STYLE_ASSIGNMENT((#16593,#16598));
#16593 = SURFACE_STYLE_USAGE(.BOTH.,#16594);
#16594 = SURFACE_SIDE_STYLE('',(#16595));
#16595 = SURFACE_STYLE_FILL_AREA(#16596);
#16596 = FILL_AREA_STYLE('',(#16597));
#16597 = FILL_AREA_STYLE_COLOUR('',#13827);
#16598 = CURVE_STYLE('',#16599,POSITIVE_LENGTH_MEASURE(0.1),#13827);
#16599 = DRAUGHTING_PRE_DEFINED_CURVE_FONT('continuous');
#16600 = STYLED_ITEM('color',(#16601),#8599);
#16601 = PRESENTATION_STYLE_ASSIGNMENT((#16602,#16607));
#16602 = SURFACE_STYLE_USAGE(.BOTH.,#16603);
#16603 = SURFACE_SIDE_STYLE('',(#16604));
#16604 = SURFACE_STYLE_FILL_AREA(#16605);
#16605 = FILL_AREA_STYLE('',(#16606));
#16606 = FILL_AREA_STYLE_COLOUR('',#13827);
#16607 = CURVE_STYLE('',#16608,POSITIVE_LENGTH_MEASURE(0.1),#13827);
#16608 = DRAUGHTING_PRE_DEFINED_CURVE_FONT('continuous');
#16609 = STYLED_ITEM('color',(#16610),#8616);
#16610 = PRESENTATION_STYLE_ASSIGNMENT((#16611,#16616));
#16611 = SURFACE_STYLE_USAGE(.BOTH.,#16612);
#16612 = SURFACE_SIDE_STYLE('',(#16613));
#16613 = SURFACE_STYLE_FILL_AREA(#16614);
#16614 = FILL_AREA_STYLE('',(#16615));
#16615 = FILL_AREA_STYLE_COLOUR('',#13827);
#16616 = CURVE_STYLE('',#16617,POSITIVE_LENGTH_MEASURE(0.1),#13827);
#16617 = DRAUGHTING_PRE_DEFINED_CURVE_FONT('continuous');
#16618 = STYLED_ITEM('color',(#16619),#8633);
#16619 = PRESENTATION_STYLE_ASSIGNMENT((#16620,#16625));
#16620 = SURFACE_STYLE_USAGE(.BOTH.,#16621);
#16621 = SURFACE_SIDE_STYLE('',(#16622));
#16622 = SURFACE_STYLE_FILL_AREA(#16623);
#16623 = FILL_AREA_STYLE('',(#16624));
#16624 = FILL_AREA_STYLE_COLOUR('',#13827);
#16625 = CURVE_STYLE('',#16626,POSITIVE_LENGTH_MEASURE(0.1),#13827);
#16626 = DRAUGHTING_PRE_DEFINED_CURVE_FONT('continuous');
#16627 = STYLED_ITEM('color',(#16628),#8650);
#16628 = PRESENTATION_STYLE_ASSIGNMENT((#16629,#16634));
#16629 = SURFACE_STYLE_USAGE(.BOTH.,#16630);
#16630 = SURFACE_SIDE_STYLE('',(#16631));
#16631 = SURFACE_STYLE_FILL_AREA(#16632);
#16632 = FILL_AREA_STYLE('',(#16633));
#16633 = FILL_AREA_STYLE_COLOUR('',#13827);
#16634 = CURVE_STYLE('',#16635,POSITIVE_LENGTH_MEASURE(0.1),#13827);
#16635 = DRAUGHTING_PRE_DEFINED_CURVE_FONT('continuous');
#16636 = STYLED_ITEM('color',(#16637),#8667);
#16637 = PRESENTATION_STYLE_ASSIGNMENT((#16638,#16643));
#16638 = SURFACE_STYLE_USAGE(.BOTH.,#16639);
#16639 = SURFACE_SIDE_STYLE('',(#16640));
#16640 = SURFACE_STYLE_FILL_AREA(#16641);
#16641 = FILL_AREA_STYLE('',(#16642));
#16642 = FILL_AREA_STYLE_COLOUR('',#13827);
#16643 = CURVE_STYLE('',#16644,POSITIVE_LENGTH_MEASURE(0.1),#13827);
#16644 = DRAUGHTING_PRE_DEFINED_CURVE_FONT('continuous');
#16645 = STYLED_ITEM('color',(#16646),#8684);
#16646 = PRESENTATION_STYLE_ASSIGNMENT((#16647,#16652));
#16647 = SURFACE_STYLE_USAGE(.BOTH.,#16648);
#16648 = SURFACE_SIDE_STYLE('',(#16649));
#16649 = SURFACE_STYLE_FILL_AREA(#16650);
#16650 = FILL_AREA_STYLE('',(#16651));
#16651 = FILL_AREA_STYLE_COLOUR('',#13827);
#16652 = CURVE_STYLE('',#16653,POSITIVE_LENGTH_MEASURE(0.1),#13827);
#16653 = DRAUGHTING_PRE_DEFINED_CURVE_FONT('continuous');
#16654 = STYLED_ITEM('color',(#16655),#8696);
#16655 = PRESENTATION_STYLE_ASSIGNMENT((#16656,#16661));
#16656 = SURFACE_STYLE_USAGE(.BOTH.,#16657);
#16657 = SURFACE_SIDE_STYLE('',(#16658));
#16658 = SURFACE_STYLE_FILL_AREA(#16659);
#16659 = FILL_AREA_STYLE('',(#16660));
#16660 = FILL_AREA_STYLE_COLOUR('',#13827);
#16661 = CURVE_STYLE('',#16662,POSITIVE_LENGTH_MEASURE(0.1),#13827);
#16662 = DRAUGHTING_PRE_DEFINED_CURVE_FONT('continuous');
#16663 = STYLED_ITEM('color',(#16664),#8713);
#16664 = PRESENTATION_STYLE_ASSIGNMENT((#16665,#16670));
#16665 = SURFACE_STYLE_USAGE(.BOTH.,#16666);
#16666 = SURFACE_SIDE_STYLE('',(#16667));
#16667 = SURFACE_STYLE_FILL_AREA(#16668);
#16668 = FILL_AREA_STYLE('',(#16669));
#16669 = FILL_AREA_STYLE_COLOUR('',#13827);
#16670 = CURVE_STYLE('',#16671,POSITIVE_LENGTH_MEASURE(0.1),#13827);
#16671 = DRAUGHTING_PRE_DEFINED_CURVE_FONT('continuous');
#16672 = STYLED_ITEM('color',(#16673),#8730);
#16673 = PRESENTATION_STYLE_ASSIGNMENT((#16674,#16679));
#16674 = SURFACE_STYLE_USAGE(.BOTH.,#16675);
#16675 = SURFACE_SIDE_STYLE('',(#16676));
#16676 = SURFACE_STYLE_FILL_AREA(#16677);
#16677 = FILL_AREA_STYLE('',(#16678));
#16678 = FILL_AREA_STYLE_COLOUR('',#13827);
#16679 = CURVE_STYLE('',#16680,POSITIVE_LENGTH_MEASURE(0.1),#13827);
#16680 = DRAUGHTING_PRE_DEFINED_CURVE_FONT('continuous');
#16681 = STYLED_ITEM('color',(#16682),#8747);
#16682 = PRESENTATION_STYLE_ASSIGNMENT((#16683,#16688));
#16683 = SURFACE_STYLE_USAGE(.BOTH.,#16684);
#16684 = SURFACE_SIDE_STYLE('',(#16685));
#16685 = SURFACE_STYLE_FILL_AREA(#16686);
#16686 = FILL_AREA_STYLE('',(#16687));
#16687 = FILL_AREA_STYLE_COLOUR('',#13827);
#16688 = CURVE_STYLE('',#16689,POSITIVE_LENGTH_MEASURE(0.1),#13827);
#16689 = DRAUGHTING_PRE_DEFINED_CURVE_FONT('continuous');
#16690 = STYLED_ITEM('color',(#16691),#8764);
#16691 = PRESENTATION_STYLE_ASSIGNMENT((#16692,#16697));
#16692 = SURFACE_STYLE_USAGE(.BOTH.,#16693);
#16693 = SURFACE_SIDE_STYLE('',(#16694));
#16694 = SURFACE_STYLE_FILL_AREA(#16695);
#16695 = FILL_AREA_STYLE('',(#16696));
#16696 = FILL_AREA_STYLE_COLOUR('',#13827);
#16697 = CURVE_STYLE('',#16698,POSITIVE_LENGTH_MEASURE(0.1),#13827);
#16698 = DRAUGHTING_PRE_DEFINED_CURVE_FONT('continuous');
#16699 = STYLED_ITEM('color',(#16700),#8781);
#16700 = PRESENTATION_STYLE_ASSIGNMENT((#16701,#16706));
#16701 = SURFACE_STYLE_USAGE(.BOTH.,#16702);
#16702 = SURFACE_SIDE_STYLE('',(#16703));
#16703 = SURFACE_STYLE_FILL_AREA(#16704);
#16704 = FILL_AREA_STYLE('',(#16705));
#16705 = FILL_AREA_STYLE_COLOUR('',#13827);
#16706 = CURVE_STYLE('',#16707,POSITIVE_LENGTH_MEASURE(0.1),#13827);
#16707 = DRAUGHTING_PRE_DEFINED_CURVE_FONT('continuous');
#16708 = STYLED_ITEM('color',(#16709),#8798);
#16709 = PRESENTATION_STYLE_ASSIGNMENT((#16710,#16715));
#16710 = SURFACE_STYLE_USAGE(.BOTH.,#16711);
#16711 = SURFACE_SIDE_STYLE('',(#16712));
#16712 = SURFACE_STYLE_FILL_AREA(#16713);
#16713 = FILL_AREA_STYLE('',(#16714));
#16714 = FILL_AREA_STYLE_COLOUR('',#13827);
#16715 = CURVE_STYLE('',#16716,POSITIVE_LENGTH_MEASURE(0.1),#13827);
#16716 = DRAUGHTING_PRE_DEFINED_CURVE_FONT('continuous');
#16717 = STYLED_ITEM('color',(#16718),#8815);
#16718 = PRESENTATION_STYLE_ASSIGNMENT((#16719,#16724));
#16719 = SURFACE_STYLE_USAGE(.BOTH.,#16720);
#16720 = SURFACE_SIDE_STYLE('',(#16721));
#16721 = SURFACE_STYLE_FILL_AREA(#16722);
#16722 = FILL_AREA_STYLE('',(#16723));
#16723 = FILL_AREA_STYLE_COLOUR('',#13827);
#16724 = CURVE_STYLE('',#16725,POSITIVE_LENGTH_MEASURE(0.1),#13827);
#16725 = DRAUGHTING_PRE_DEFINED_CURVE_FONT('continuous');
#16726 = STYLED_ITEM('color',(#16727),#8827);
#16727 = PRESENTATION_STYLE_ASSIGNMENT((#16728,#16733));
#16728 = SURFACE_STYLE_USAGE(.BOTH.,#16729);
#16729 = SURFACE_SIDE_STYLE('',(#16730));
#16730 = SURFACE_STYLE_FILL_AREA(#16731);
#16731 = FILL_AREA_STYLE('',(#16732));
#16732 = FILL_AREA_STYLE_COLOUR('',#13827);
#16733 = CURVE_STYLE('',#16734,POSITIVE_LENGTH_MEASURE(0.1),#13827);
#16734 = DRAUGHTING_PRE_DEFINED_CURVE_FONT('continuous');
#16735 = STYLED_ITEM('color',(#16736),#8844);
#16736 = PRESENTATION_STYLE_ASSIGNMENT((#16737,#16742));
#16737 = SURFACE_STYLE_USAGE(.BOTH.,#16738);
#16738 = SURFACE_SIDE_STYLE('',(#16739));
#16739 = SURFACE_STYLE_FILL_AREA(#16740);
#16740 = FILL_AREA_STYLE('',(#16741));
#16741 = FILL_AREA_STYLE_COLOUR('',#13827);
#16742 = CURVE_STYLE('',#16743,POSITIVE_LENGTH_MEASURE(0.1),#13827);
#16743 = DRAUGHTING_PRE_DEFINED_CURVE_FONT('continuous');
#16744 = STYLED_ITEM('color',(#16745),#8861);
#16745 = PRESENTATION_STYLE_ASSIGNMENT((#16746,#16751));
#16746 = SURFACE_STYLE_USAGE(.BOTH.,#16747);
#16747 = SURFACE_SIDE_STYLE('',(#16748));
#16748 = SURFACE_STYLE_FILL_AREA(#16749);
#16749 = FILL_AREA_STYLE('',(#16750));
#16750 = FILL_AREA_STYLE_COLOUR('',#13827);
#16751 = CURVE_STYLE('',#16752,POSITIVE_LENGTH_MEASURE(0.1),#13827);
#16752 = DRAUGHTING_PRE_DEFINED_CURVE_FONT('continuous');
#16753 = STYLED_ITEM('color',(#16754),#8878);
#16754 = PRESENTATION_STYLE_ASSIGNMENT((#16755,#16760));
#16755 = SURFACE_STYLE_USAGE(.BOTH.,#16756);
#16756 = SURFACE_SIDE_STYLE('',(#16757));
#16757 = SURFACE_STYLE_FILL_AREA(#16758);
#16758 = FILL_AREA_STYLE('',(#16759));
#16759 = FILL_AREA_STYLE_COLOUR('',#13827);
#16760 = CURVE_STYLE('',#16761,POSITIVE_LENGTH_MEASURE(0.1),#13827);
#16761 = DRAUGHTING_PRE_DEFINED_CURVE_FONT('continuous');
#16762 = STYLED_ITEM('color',(#16763),#8895);
#16763 = PRESENTATION_STYLE_ASSIGNMENT((#16764,#16769));
#16764 = SURFACE_STYLE_USAGE(.BOTH.,#16765);
#16765 = SURFACE_SIDE_STYLE('',(#16766));
#16766 = SURFACE_STYLE_FILL_AREA(#16767);
#16767 = FILL_AREA_STYLE('',(#16768));
#16768 = FILL_AREA_STYLE_COLOUR('',#13827);
#16769 = CURVE_STYLE('',#16770,POSITIVE_LENGTH_MEASURE(0.1),#13827);
#16770 = DRAUGHTING_PRE_DEFINED_CURVE_FONT('continuous');
#16771 = STYLED_ITEM('color',(#16772),#8912);
#16772 = PRESENTATION_STYLE_ASSIGNMENT((#16773,#16778));
#16773 = SURFACE_STYLE_USAGE(.BOTH.,#16774);
#16774 = SURFACE_SIDE_STYLE('',(#16775));
#16775 = SURFACE_STYLE_FILL_AREA(#16776);
#16776 = FILL_AREA_STYLE('',(#16777));
#16777 = FILL_AREA_STYLE_COLOUR('',#13827);
#16778 = CURVE_STYLE('',#16779,POSITIVE_LENGTH_MEASURE(0.1),#13827);
#16779 = DRAUGHTING_PRE_DEFINED_CURVE_FONT('continuous');
#16780 = STYLED_ITEM('color',(#16781),#8929);
#16781 = PRESENTATION_STYLE_ASSIGNMENT((#16782,#16787));
#16782 = SURFACE_STYLE_USAGE(.BOTH.,#16783);
#16783 = SURFACE_SIDE_STYLE('',(#16784));
#16784 = SURFACE_STYLE_FILL_AREA(#16785);
#16785 = FILL_AREA_STYLE('',(#16786));
#16786 = FILL_AREA_STYLE_COLOUR('',#13827);
#16787 = CURVE_STYLE('',#16788,POSITIVE_LENGTH_MEASURE(0.1),#13827);
#16788 = DRAUGHTING_PRE_DEFINED_CURVE_FONT('continuous');
#16789 = STYLED_ITEM('color',(#16790),#8946);
#16790 = PRESENTATION_STYLE_ASSIGNMENT((#16791,#16796));
#16791 = SURFACE_STYLE_USAGE(.BOTH.,#16792);
#16792 = SURFACE_SIDE_STYLE('',(#16793));
#16793 = SURFACE_STYLE_FILL_AREA(#16794);
#16794 = FILL_AREA_STYLE('',(#16795));
#16795 = FILL_AREA_STYLE_COLOUR('',#13827);
#16796 = CURVE_STYLE('',#16797,POSITIVE_LENGTH_MEASURE(0.1),#13827);
#16797 = DRAUGHTING_PRE_DEFINED_CURVE_FONT('continuous');
#16798 = STYLED_ITEM('color',(#16799),#8958);
#16799 = PRESENTATION_STYLE_ASSIGNMENT((#16800,#16805));
#16800 = SURFACE_STYLE_USAGE(.BOTH.,#16801);
#16801 = SURFACE_SIDE_STYLE('',(#16802));
#16802 = SURFACE_STYLE_FILL_AREA(#16803);
#16803 = FILL_AREA_STYLE('',(#16804));
#16804 = FILL_AREA_STYLE_COLOUR('',#13827);
#16805 = CURVE_STYLE('',#16806,POSITIVE_LENGTH_MEASURE(0.1),#13827);
#16806 = DRAUGHTING_PRE_DEFINED_CURVE_FONT('continuous');
#16807 = STYLED_ITEM('color',(#16808),#8975);
#16808 = PRESENTATION_STYLE_ASSIGNMENT((#16809,#16814));
#16809 = SURFACE_STYLE_USAGE(.BOTH.,#16810);
#16810 = SURFACE_SIDE_STYLE('',(#16811));
#16811 = SURFACE_STYLE_FILL_AREA(#16812);
#16812 = FILL_AREA_STYLE('',(#16813));
#16813 = FILL_AREA_STYLE_COLOUR('',#13827);
#16814 = CURVE_STYLE('',#16815,POSITIVE_LENGTH_MEASURE(0.1),#13827);
#16815 = DRAUGHTING_PRE_DEFINED_CURVE_FONT('continuous');
#16816 = STYLED_ITEM('color',(#16817),#8992);
#16817 = PRESENTATION_STYLE_ASSIGNMENT((#16818,#16823));
#16818 = SURFACE_STYLE_USAGE(.BOTH.,#16819);
#16819 = SURFACE_SIDE_STYLE('',(#16820));
#16820 = SURFACE_STYLE_FILL_AREA(#16821);
#16821 = FILL_AREA_STYLE('',(#16822));
#16822 = FILL_AREA_STYLE_COLOUR('',#13827);
#16823 = CURVE_STYLE('',#16824,POSITIVE_LENGTH_MEASURE(0.1),#13827);
#16824 = DRAUGHTING_PRE_DEFINED_CURVE_FONT('continuous');
#16825 = STYLED_ITEM('color',(#16826),#9009);
#16826 = PRESENTATION_STYLE_ASSIGNMENT((#16827,#16832));
#16827 = SURFACE_STYLE_USAGE(.BOTH.,#16828);
#16828 = SURFACE_SIDE_STYLE('',(#16829));
#16829 = SURFACE_STYLE_FILL_AREA(#16830);
#16830 = FILL_AREA_STYLE('',(#16831));
#16831 = FILL_AREA_STYLE_COLOUR('',#13827);
#16832 = CURVE_STYLE('',#16833,POSITIVE_LENGTH_MEASURE(0.1),#13827);
#16833 = DRAUGHTING_PRE_DEFINED_CURVE_FONT('continuous');
#16834 = STYLED_ITEM('color',(#16835),#9026);
#16835 = PRESENTATION_STYLE_ASSIGNMENT((#16836,#16841));
#16836 = SURFACE_STYLE_USAGE(.BOTH.,#16837);
#16837 = SURFACE_SIDE_STYLE('',(#16838));
#16838 = SURFACE_STYLE_FILL_AREA(#16839);
#16839 = FILL_AREA_STYLE('',(#16840));
#16840 = FILL_AREA_STYLE_COLOUR('',#13827);
#16841 = CURVE_STYLE('',#16842,POSITIVE_LENGTH_MEASURE(0.1),#13827);
#16842 = DRAUGHTING_PRE_DEFINED_CURVE_FONT('continuous');
#16843 = STYLED_ITEM('color',(#16844),#9043);
#16844 = PRESENTATION_STYLE_ASSIGNMENT((#16845,#16850));
#16845 = SURFACE_STYLE_USAGE(.BOTH.,#16846);
#16846 = SURFACE_SIDE_STYLE('',(#16847));
#16847 = SURFACE_STYLE_FILL_AREA(#16848);
#16848 = FILL_AREA_STYLE('',(#16849));
#16849 = FILL_AREA_STYLE_COLOUR('',#13827);
#16850 = CURVE_STYLE('',#16851,POSITIVE_LENGTH_MEASURE(0.1),#13827);
#16851 = DRAUGHTING_PRE_DEFINED_CURVE_FONT('continuous');
#16852 = STYLED_ITEM('color',(#16853),#9060);
#16853 = PRESENTATION_STYLE_ASSIGNMENT((#16854,#16859));
#16854 = SURFACE_STYLE_USAGE(.BOTH.,#16855);
#16855 = SURFACE_SIDE_STYLE('',(#16856));
#16856 = SURFACE_STYLE_FILL_AREA(#16857);
#16857 = FILL_AREA_STYLE('',(#16858));
#16858 = FILL_AREA_STYLE_COLOUR('',#13827);
#16859 = CURVE_STYLE('',#16860,POSITIVE_LENGTH_MEASURE(0.1),#13827);
#16860 = DRAUGHTING_PRE_DEFINED_CURVE_FONT('continuous');
#16861 = STYLED_ITEM('color',(#16862),#9072);
#16862 = PRESENTATION_STYLE_ASSIGNMENT((#16863,#16868));
#16863 = SURFACE_STYLE_USAGE(.BOTH.,#16864);
#16864 = SURFACE_SIDE_STYLE('',(#16865));
#16865 = SURFACE_STYLE_FILL_AREA(#16866);
#16866 = FILL_AREA_STYLE('',(#16867));
#16867 = FILL_AREA_STYLE_COLOUR('',#13827);
#16868 = CURVE_STYLE('',#16869,POSITIVE_LENGTH_MEASURE(0.1),#13827);
#16869 = DRAUGHTING_PRE_DEFINED_CURVE_FONT('continuous');
#16870 = STYLED_ITEM('color',(#16871),#9089);
#16871 = PRESENTATION_STYLE_ASSIGNMENT((#16872,#16877));
#16872 = SURFACE_STYLE_USAGE(.BOTH.,#16873);
#16873 = SURFACE_SIDE_STYLE('',(#16874));
#16874 = SURFACE_STYLE_FILL_AREA(#16875);
#16875 = FILL_AREA_STYLE('',(#16876));
#16876 = FILL_AREA_STYLE_COLOUR('',#13827);
#16877 = CURVE_STYLE('',#16878,POSITIVE_LENGTH_MEASURE(0.1),#13827);
#16878 = DRAUGHTING_PRE_DEFINED_CURVE_FONT('continuous');
#16879 = STYLED_ITEM('color',(#16880),#9106);
#16880 = PRESENTATION_STYLE_ASSIGNMENT((#16881,#16886));
#16881 = SURFACE_STYLE_USAGE(.BOTH.,#16882);
#16882 = SURFACE_SIDE_STYLE('',(#16883));
#16883 = SURFACE_STYLE_FILL_AREA(#16884);
#16884 = FILL_AREA_STYLE('',(#16885));
#16885 = FILL_AREA_STYLE_COLOUR('',#13827);
#16886 = CURVE_STYLE('',#16887,POSITIVE_LENGTH_MEASURE(0.1),#13827);
#16887 = DRAUGHTING_PRE_DEFINED_CURVE_FONT('continuous');
#16888 = STYLED_ITEM('color',(#16889),#9123);
#16889 = PRESENTATION_STYLE_ASSIGNMENT((#16890,#16895));
#16890 = SURFACE_STYLE_USAGE(.BOTH.,#16891);
#16891 = SURFACE_SIDE_STYLE('',(#16892));
#16892 = SURFACE_STYLE_FILL_AREA(#16893);
#16893 = FILL_AREA_STYLE('',(#16894));
#16894 = FILL_AREA_STYLE_COLOUR('',#13827);
#16895 = CURVE_STYLE('',#16896,POSITIVE_LENGTH_MEASURE(0.1),#13827);
#16896 = DRAUGHTING_PRE_DEFINED_CURVE_FONT('continuous');
#16897 = STYLED_ITEM('color',(#16898),#9140);
#16898 = PRESENTATION_STYLE_ASSIGNMENT((#16899,#16904));
#16899 = SURFACE_STYLE_USAGE(.BOTH.,#16900);
#16900 = SURFACE_SIDE_STYLE('',(#16901));
#16901 = SURFACE_STYLE_FILL_AREA(#16902);
#16902 = FILL_AREA_STYLE('',(#16903));
#16903 = FILL_AREA_STYLE_COLOUR('',#13827);
#16904 = CURVE_STYLE('',#16905,POSITIVE_LENGTH_MEASURE(0.1),#13827);
#16905 = DRAUGHTING_PRE_DEFINED_CURVE_FONT('continuous');
#16906 = STYLED_ITEM('color',(#16907),#9157);
#16907 = PRESENTATION_STYLE_ASSIGNMENT((#16908,#16913));
#16908 = SURFACE_STYLE_USAGE(.BOTH.,#16909);
#16909 = SURFACE_SIDE_STYLE('',(#16910));
#16910 = SURFACE_STYLE_FILL_AREA(#16911);
#16911 = FILL_AREA_STYLE('',(#16912));
#16912 = FILL_AREA_STYLE_COLOUR('',#13827);
#16913 = CURVE_STYLE('',#16914,POSITIVE_LENGTH_MEASURE(0.1),#13827);
#16914 = DRAUGHTING_PRE_DEFINED_CURVE_FONT('continuous');
#16915 = STYLED_ITEM('color',(#16916),#9174);
#16916 = PRESENTATION_STYLE_ASSIGNMENT((#16917,#16922));
#16917 = SURFACE_STYLE_USAGE(.BOTH.,#16918);
#16918 = SURFACE_SIDE_STYLE('',(#16919));
#16919 = SURFACE_STYLE_FILL_AREA(#16920);
#16920 = FILL_AREA_STYLE('',(#16921));
#16921 = FILL_AREA_STYLE_COLOUR('',#13827);
#16922 = CURVE_STYLE('',#16923,POSITIVE_LENGTH_MEASURE(0.1),#13827);
#16923 = DRAUGHTING_PRE_DEFINED_CURVE_FONT('continuous');
#16924 = STYLED_ITEM('color',(#16925),#9186);
#16925 = PRESENTATION_STYLE_ASSIGNMENT((#16926,#16931));
#16926 = SURFACE_STYLE_USAGE(.BOTH.,#16927);
#16927 = SURFACE_SIDE_STYLE('',(#16928));
#16928 = SURFACE_STYLE_FILL_AREA(#16929);
#16929 = FILL_AREA_STYLE('',(#16930));
#16930 = FILL_AREA_STYLE_COLOUR('',#13827);
#16931 = CURVE_STYLE('',#16932,POSITIVE_LENGTH_MEASURE(0.1),#13827);
#16932 = DRAUGHTING_PRE_DEFINED_CURVE_FONT('continuous');
#16933 = STYLED_ITEM('color',(#16934),#9203);
#16934 = PRESENTATION_STYLE_ASSIGNMENT((#16935,#16940));
#16935 = SURFACE_STYLE_USAGE(.BOTH.,#16936);
#16936 = SURFACE_SIDE_STYLE('',(#16937));
#16937 = SURFACE_STYLE_FILL_AREA(#16938);
#16938 = FILL_AREA_STYLE('',(#16939));
#16939 = FILL_AREA_STYLE_COLOUR('',#13827);
#16940 = CURVE_STYLE('',#16941,POSITIVE_LENGTH_MEASURE(0.1),#13827);
#16941 = DRAUGHTING_PRE_DEFINED_CURVE_FONT('continuous');
#16942 = STYLED_ITEM('color',(#16943),#9220);
#16943 = PRESENTATION_STYLE_ASSIGNMENT((#16944,#16949));
#16944 = SURFACE_STYLE_USAGE(.BOTH.,#16945);
#16945 = SURFACE_SIDE_STYLE('',(#16946));
#16946 = SURFACE_STYLE_FILL_AREA(#16947);
#16947 = FILL_AREA_STYLE('',(#16948));
#16948 = FILL_AREA_STYLE_COLOUR('',#13827);
#16949 = CURVE_STYLE('',#16950,POSITIVE_LENGTH_MEASURE(0.1),#13827);
#16950 = DRAUGHTING_PRE_DEFINED_CURVE_FONT('continuous');
#16951 = STYLED_ITEM('color',(#16952),#9237);
#16952 = PRESENTATION_STYLE_ASSIGNMENT((#16953,#16958));
#16953 = SURFACE_STYLE_USAGE(.BOTH.,#16954);
#16954 = SURFACE_SIDE_STYLE('',(#16955));
#16955 = SURFACE_STYLE_FILL_AREA(#16956);
#16956 = FILL_AREA_STYLE('',(#16957));
#16957 = FILL_AREA_STYLE_COLOUR('',#13827);
#16958 = CURVE_STYLE('',#16959,POSITIVE_LENGTH_MEASURE(0.1),#13827);
#16959 = DRAUGHTING_PRE_DEFINED_CURVE_FONT('continuous');
#16960 = STYLED_ITEM('color',(#16961),#9254);
#16961 = PRESENTATION_STYLE_ASSIGNMENT((#16962,#16967));
#16962 = SURFACE_STYLE_USAGE(.BOTH.,#16963);
#16963 = SURFACE_SIDE_STYLE('',(#16964));
#16964 = SURFACE_STYLE_FILL_AREA(#16965);
#16965 = FILL_AREA_STYLE('',(#16966));
#16966 = FILL_AREA_STYLE_COLOUR('',#13827);
#16967 = CURVE_STYLE('',#16968,POSITIVE_LENGTH_MEASURE(0.1),#13827);
#16968 = DRAUGHTING_PRE_DEFINED_CURVE_FONT('continuous');
#16969 = STYLED_ITEM('color',(#16970),#9271);
#16970 = PRESENTATION_STYLE_ASSIGNMENT((#16971,#16976));
#16971 = SURFACE_STYLE_USAGE(.BOTH.,#16972);
#16972 = SURFACE_SIDE_STYLE('',(#16973));
#16973 = SURFACE_STYLE_FILL_AREA(#16974);
#16974 = FILL_AREA_STYLE('',(#16975));
#16975 = FILL_AREA_STYLE_COLOUR('',#13827);
#16976 = CURVE_STYLE('',#16977,POSITIVE_LENGTH_MEASURE(0.1),#13827);
#16977 = DRAUGHTING_PRE_DEFINED_CURVE_FONT('continuous');
#16978 = STYLED_ITEM('color',(#16979),#9288);
#16979 = PRESENTATION_STYLE_ASSIGNMENT((#16980,#16985));
#16980 = SURFACE_STYLE_USAGE(.BOTH.,#16981);
#16981 = SURFACE_SIDE_STYLE('',(#16982));
#16982 = SURFACE_STYLE_FILL_AREA(#16983);
#16983 = FILL_AREA_STYLE('',(#16984));
#16984 = FILL_AREA_STYLE_COLOUR('',#13827);
#16985 = CURVE_STYLE('',#16986,POSITIVE_LENGTH_MEASURE(0.1),#13827);
#16986 = DRAUGHTING_PRE_DEFINED_CURVE_FONT('continuous');
#16987 = STYLED_ITEM('color',(#16988),#9305);
#16988 = PRESENTATION_STYLE_ASSIGNMENT((#16989,#16994));
#16989 = SURFACE_STYLE_USAGE(.BOTH.,#16990);
#16990 = SURFACE_SIDE_STYLE('',(#16991));
#16991 = SURFACE_STYLE_FILL_AREA(#16992);
#16992 = FILL_AREA_STYLE('',(#16993));
#16993 = FILL_AREA_STYLE_COLOUR('',#13827);
#16994 = CURVE_STYLE('',#16995,POSITIVE_LENGTH_MEASURE(0.1),#13827);
#16995 = DRAUGHTING_PRE_DEFINED_CURVE_FONT('continuous');
#16996 = STYLED_ITEM('color',(#16997),#9317);
#16997 = PRESENTATION_STYLE_ASSIGNMENT((#16998,#17003));
#16998 = SURFACE_STYLE_USAGE(.BOTH.,#16999);
#16999 = SURFACE_SIDE_STYLE('',(#17000));
#17000 = SURFACE_STYLE_FILL_AREA(#17001);
#17001 = FILL_AREA_STYLE('',(#17002));
#17002 = FILL_AREA_STYLE_COLOUR('',#13827);
#17003 = CURVE_STYLE('',#17004,POSITIVE_LENGTH_MEASURE(0.1),#13827);
#17004 = DRAUGHTING_PRE_DEFINED_CURVE_FONT('continuous');
#17005 = STYLED_ITEM('color',(#17006),#9334);
#17006 = PRESENTATION_STYLE_ASSIGNMENT((#17007,#17012));
#17007 = SURFACE_STYLE_USAGE(.BOTH.,#17008);
#17008 = SURFACE_SIDE_STYLE('',(#17009));
#17009 = SURFACE_STYLE_FILL_AREA(#17010);
#17010 = FILL_AREA_STYLE('',(#17011));
#17011 = FILL_AREA_STYLE_COLOUR('',#13827);
#17012 = CURVE_STYLE('',#17013,POSITIVE_LENGTH_MEASURE(0.1),#13827);
#17013 = DRAUGHTING_PRE_DEFINED_CURVE_FONT('continuous');
#17014 = STYLED_ITEM('color',(#17015),#9351);
#17015 = PRESENTATION_STYLE_ASSIGNMENT((#17016,#17021));
#17016 = SURFACE_STYLE_USAGE(.BOTH.,#17017);
#17017 = SURFACE_SIDE_STYLE('',(#17018));
#17018 = SURFACE_STYLE_FILL_AREA(#17019);
#17019 = FILL_AREA_STYLE('',(#17020));
#17020 = FILL_AREA_STYLE_COLOUR('',#13827);
#17021 = CURVE_STYLE('',#17022,POSITIVE_LENGTH_MEASURE(0.1),#13827);
#17022 = DRAUGHTING_PRE_DEFINED_CURVE_FONT('continuous');
#17023 = STYLED_ITEM('color',(#17024),#9368);
#17024 = PRESENTATION_STYLE_ASSIGNMENT((#17025,#17030));
#17025 = SURFACE_STYLE_USAGE(.BOTH.,#17026);
#17026 = SURFACE_SIDE_STYLE('',(#17027));
#17027 = SURFACE_STYLE_FILL_AREA(#17028);
#17028 = FILL_AREA_STYLE('',(#17029));
#17029 = FILL_AREA_STYLE_COLOUR('',#13827);
#17030 = CURVE_STYLE('',#17031,POSITIVE_LENGTH_MEASURE(0.1),#13827);
#17031 = DRAUGHTING_PRE_DEFINED_CURVE_FONT('continuous');
#17032 = STYLED_ITEM('color',(#17033),#9385);
#17033 = PRESENTATION_STYLE_ASSIGNMENT((#17034,#17039));
#17034 = SURFACE_STYLE_USAGE(.BOTH.,#17035);
#17035 = SURFACE_SIDE_STYLE('',(#17036));
#17036 = SURFACE_STYLE_FILL_AREA(#17037);
#17037 = FILL_AREA_STYLE('',(#17038));
#17038 = FILL_AREA_STYLE_COLOUR('',#13827);
#17039 = CURVE_STYLE('',#17040,POSITIVE_LENGTH_MEASURE(0.1),#13827);
#17040 = DRAUGHTING_PRE_DEFINED_CURVE_FONT('continuous');
#17041 = STYLED_ITEM('color',(#17042),#9402);
#17042 = PRESENTATION_STYLE_ASSIGNMENT((#17043,#17048));
#17043 = SURFACE_STYLE_USAGE(.BOTH.,#17044);
#17044 = SURFACE_SIDE_STYLE('',(#17045));
#17045 = SURFACE_STYLE_FILL_AREA(#17046);
#17046 = FILL_AREA_STYLE('',(#17047));
#17047 = FILL_AREA_STYLE_COLOUR('',#13827);
#17048 = CURVE_STYLE('',#17049,POSITIVE_LENGTH_MEASURE(0.1),#13827);
#17049 = DRAUGHTING_PRE_DEFINED_CURVE_FONT('continuous');
#17050 = STYLED_ITEM('color',(#17051),#9419);
#17051 = PRESENTATION_STYLE_ASSIGNMENT((#17052,#17057));
#17052 = SURFACE_STYLE_USAGE(.BOTH.,#17053);
#17053 = SURFACE_SIDE_STYLE('',(#17054));
#17054 = SURFACE_STYLE_FILL_AREA(#17055);
#17055 = FILL_AREA_STYLE('',(#17056));
#17056 = FILL_AREA_STYLE_COLOUR('',#13827);
#17057 = CURVE_STYLE('',#17058,POSITIVE_LENGTH_MEASURE(0.1),#13827);
#17058 = DRAUGHTING_PRE_DEFINED_CURVE_FONT('continuous');
#17059 = STYLED_ITEM('color',(#17060),#9436);
#17060 = PRESENTATION_STYLE_ASSIGNMENT((#17061,#17066));
#17061 = SURFACE_STYLE_USAGE(.BOTH.,#17062);
#17062 = SURFACE_SIDE_STYLE('',(#17063));
#17063 = SURFACE_STYLE_FILL_AREA(#17064);
#17064 = FILL_AREA_STYLE('',(#17065));
#17065 = FILL_AREA_STYLE_COLOUR('',#13827);
#17066 = CURVE_STYLE('',#17067,POSITIVE_LENGTH_MEASURE(0.1),#13827);
#17067 = DRAUGHTING_PRE_DEFINED_CURVE_FONT('continuous');
#17068 = STYLED_ITEM('color',(#17069),#9448);
#17069 = PRESENTATION_STYLE_ASSIGNMENT((#17070,#17075));
#17070 = SURFACE_STYLE_USAGE(.BOTH.,#17071);
#17071 = SURFACE_SIDE_STYLE('',(#17072));
#17072 = SURFACE_STYLE_FILL_AREA(#17073);
#17073 = FILL_AREA_STYLE('',(#17074));
#17074 = FILL_AREA_STYLE_COLOUR('',#13827);
#17075 = CURVE_STYLE('',#17076,POSITIVE_LENGTH_MEASURE(0.1),#13827);
#17076 = DRAUGHTING_PRE_DEFINED_CURVE_FONT('continuous');
#17077 = STYLED_ITEM('color',(#17078),#9465);
#17078 = PRESENTATION_STYLE_ASSIGNMENT((#17079,#17084));
#17079 = SURFACE_STYLE_USAGE(.BOTH.,#17080);
#17080 = SURFACE_SIDE_STYLE('',(#17081));
#17081 = SURFACE_STYLE_FILL_AREA(#17082);
#17082 = FILL_AREA_STYLE('',(#17083));
#17083 = FILL_AREA_STYLE_COLOUR('',#13827);
#17084 = CURVE_STYLE('',#17085,POSITIVE_LENGTH_MEASURE(0.1),#13827);
#17085 = DRAUGHTING_PRE_DEFINED_CURVE_FONT('continuous');
#17086 = STYLED_ITEM('color',(#17087),#9482);
#17087 = PRESENTATION_STYLE_ASSIGNMENT((#17088,#17093));
#17088 = SURFACE_STYLE_USAGE(.BOTH.,#17089);
#17089 = SURFACE_SIDE_STYLE('',(#17090));
#17090 = SURFACE_STYLE_FILL_AREA(#17091);
#17091 = FILL_AREA_STYLE('',(#17092));
#17092 = FILL_AREA_STYLE_COLOUR('',#13827);
#17093 = CURVE_STYLE('',#17094,POSITIVE_LENGTH_MEASURE(0.1),#13827);
#17094 = DRAUGHTING_PRE_DEFINED_CURVE_FONT('continuous');
#17095 = STYLED_ITEM('color',(#17096),#9499);
#17096 = PRESENTATION_STYLE_ASSIGNMENT((#17097,#17102));
#17097 = SURFACE_STYLE_USAGE(.BOTH.,#17098);
#17098 = SURFACE_SIDE_STYLE('',(#17099));
#17099 = SURFACE_STYLE_FILL_AREA(#17100);
#17100 = FILL_AREA_STYLE('',(#17101));
#17101 = FILL_AREA_STYLE_COLOUR('',#13827);
#17102 = CURVE_STYLE('',#17103,POSITIVE_LENGTH_MEASURE(0.1),#13827);
#17103 = DRAUGHTING_PRE_DEFINED_CURVE_FONT('continuous');
#17104 = STYLED_ITEM('color',(#17105),#9516);
#17105 = PRESENTATION_STYLE_ASSIGNMENT((#17106,#17111));
#17106 = SURFACE_STYLE_USAGE(.BOTH.,#17107);
#17107 = SURFACE_SIDE_STYLE('',(#17108));
#17108 = SURFACE_STYLE_FILL_AREA(#17109);
#17109 = FILL_AREA_STYLE('',(#17110));
#17110 = FILL_AREA_STYLE_COLOUR('',#13827);
#17111 = CURVE_STYLE('',#17112,POSITIVE_LENGTH_MEASURE(0.1),#13827);
#17112 = DRAUGHTING_PRE_DEFINED_CURVE_FONT('continuous');
#17113 = STYLED_ITEM('color',(#17114),#9533);
#17114 = PRESENTATION_STYLE_ASSIGNMENT((#17115,#17120));
#17115 = SURFACE_STYLE_USAGE(.BOTH.,#17116);
#17116 = SURFACE_SIDE_STYLE('',(#17117));
#17117 = SURFACE_STYLE_FILL_AREA(#17118);
#17118 = FILL_AREA_STYLE('',(#17119));
#17119 = FILL_AREA_STYLE_COLOUR('',#13827);
#17120 = CURVE_STYLE('',#17121,POSITIVE_LENGTH_MEASURE(0.1),#13827);
#17121 = DRAUGHTING_PRE_DEFINED_CURVE_FONT('continuous');
#17122 = STYLED_ITEM('color',(#17123),#9550);
#17123 = PRESENTATION_STYLE_ASSIGNMENT((#17124,#17129));
#17124 = SURFACE_STYLE_USAGE(.BOTH.,#17125);
#17125 = SURFACE_SIDE_STYLE('',(#17126));
#17126 = SURFACE_STYLE_FILL_AREA(#17127);
#17127 = FILL_AREA_STYLE('',(#17128));
#17128 = FILL_AREA_STYLE_COLOUR('',#13827);
#17129 = CURVE_STYLE('',#17130,POSITIVE_LENGTH_MEASURE(0.1),#13827);
#17130 = DRAUGHTING_PRE_DEFINED_CURVE_FONT('continuous');
#17131 = STYLED_ITEM('color',(#17132),#9567);
#17132 = PRESENTATION_STYLE_ASSIGNMENT((#17133,#17138));
#17133 = SURFACE_STYLE_USAGE(.BOTH.,#17134);
#17134 = SURFACE_SIDE_STYLE('',(#17135));
#17135 = SURFACE_STYLE_FILL_AREA(#17136);
#17136 = FILL_AREA_STYLE('',(#17137));
#17137 = FILL_AREA_STYLE_COLOUR('',#13827);
#17138 = CURVE_STYLE('',#17139,POSITIVE_LENGTH_MEASURE(0.1),#13827);
#17139 = DRAUGHTING_PRE_DEFINED_CURVE_FONT('continuous');
#17140 = STYLED_ITEM('color',(#17141),#9579);
#17141 = PRESENTATION_STYLE_ASSIGNMENT((#17142,#17147));
#17142 = SURFACE_STYLE_USAGE(.BOTH.,#17143);
#17143 = SURFACE_SIDE_STYLE('',(#17144));
#17144 = SURFACE_STYLE_FILL_AREA(#17145);
#17145 = FILL_AREA_STYLE('',(#17146));
#17146 = FILL_AREA_STYLE_COLOUR('',#13827);
#17147 = CURVE_STYLE('',#17148,POSITIVE_LENGTH_MEASURE(0.1),#13827);
#17148 = DRAUGHTING_PRE_DEFINED_CURVE_FONT('continuous');
#17149 = STYLED_ITEM('color',(#17150),#9596);
#17150 = PRESENTATION_STYLE_ASSIGNMENT((#17151,#17156));
#17151 = SURFACE_STYLE_USAGE(.BOTH.,#17152);
#17152 = SURFACE_SIDE_STYLE('',(#17153));
#17153 = SURFACE_STYLE_FILL_AREA(#17154);
#17154 = FILL_AREA_STYLE('',(#17155));
#17155 = FILL_AREA_STYLE_COLOUR('',#13827);
#17156 = CURVE_STYLE('',#17157,POSITIVE_LENGTH_MEASURE(0.1),#13827);
#17157 = DRAUGHTING_PRE_DEFINED_CURVE_FONT('continuous');
#17158 = STYLED_ITEM('color',(#17159),#9613);
#17159 = PRESENTATION_STYLE_ASSIGNMENT((#17160,#17165));
#17160 = SURFACE_STYLE_USAGE(.BOTH.,#17161);
#17161 = SURFACE_SIDE_STYLE('',(#17162));
#17162 = SURFACE_STYLE_FILL_AREA(#17163);
#17163 = FILL_AREA_STYLE('',(#17164));
#17164 = FILL_AREA_STYLE_COLOUR('',#13827);
#17165 = CURVE_STYLE('',#17166,POSITIVE_LENGTH_MEASURE(0.1),#13827);
#17166 = DRAUGHTING_PRE_DEFINED_CURVE_FONT('continuous');
#17167 = STYLED_ITEM('color',(#17168),#9630);
#17168 = PRESENTATION_STYLE_ASSIGNMENT((#17169,#17174));
#17169 = SURFACE_STYLE_USAGE(.BOTH.,#17170);
#17170 = SURFACE_SIDE_STYLE('',(#17171));
#17171 = SURFACE_STYLE_FILL_AREA(#17172);
#17172 = FILL_AREA_STYLE('',(#17173));
#17173 = FILL_AREA_STYLE_COLOUR('',#13827);
#17174 = CURVE_STYLE('',#17175,POSITIVE_LENGTH_MEASURE(0.1),#13827);
#17175 = DRAUGHTING_PRE_DEFINED_CURVE_FONT('continuous');
#17176 = STYLED_ITEM('color',(#17177),#9647);
#17177 = PRESENTATION_STYLE_ASSIGNMENT((#17178,#17183));
#17178 = SURFACE_STYLE_USAGE(.BOTH.,#17179);
#17179 = SURFACE_SIDE_STYLE('',(#17180));
#17180 = SURFACE_STYLE_FILL_AREA(#17181);
#17181 = FILL_AREA_STYLE('',(#17182));
#17182 = FILL_AREA_STYLE_COLOUR('',#13827);
#17183 = CURVE_STYLE('',#17184,POSITIVE_LENGTH_MEASURE(0.1),#13827);
#17184 = DRAUGHTING_PRE_DEFINED_CURVE_FONT('continuous');
#17185 = STYLED_ITEM('color',(#17186),#9664);
#17186 = PRESENTATION_STYLE_ASSIGNMENT((#17187,#17192));
#17187 = SURFACE_STYLE_USAGE(.BOTH.,#17188);
#17188 = SURFACE_SIDE_STYLE('',(#17189));
#17189 = SURFACE_STYLE_FILL_AREA(#17190);
#17190 = FILL_AREA_STYLE('',(#17191));
#17191 = FILL_AREA_STYLE_COLOUR('',#13827);
#17192 = CURVE_STYLE('',#17193,POSITIVE_LENGTH_MEASURE(0.1),#13827);
#17193 = DRAUGHTING_PRE_DEFINED_CURVE_FONT('continuous');
#17194 = STYLED_ITEM('color',(#17195),#9681);
#17195 = PRESENTATION_STYLE_ASSIGNMENT((#17196,#17201));
#17196 = SURFACE_STYLE_USAGE(.BOTH.,#17197);
#17197 = SURFACE_SIDE_STYLE('',(#17198));
#17198 = SURFACE_STYLE_FILL_AREA(#17199);
#17199 = FILL_AREA_STYLE('',(#17200));
#17200 = FILL_AREA_STYLE_COLOUR('',#13827);
#17201 = CURVE_STYLE('',#17202,POSITIVE_LENGTH_MEASURE(0.1),#13827);
#17202 = DRAUGHTING_PRE_DEFINED_CURVE_FONT('continuous');
#17203 = STYLED_ITEM('color',(#17204),#9698);
#17204 = PRESENTATION_STYLE_ASSIGNMENT((#17205,#17210));
#17205 = SURFACE_STYLE_USAGE(.BOTH.,#17206);
#17206 = SURFACE_SIDE_STYLE('',(#17207));
#17207 = SURFACE_STYLE_FILL_AREA(#17208);
#17208 = FILL_AREA_STYLE('',(#17209));
#17209 = FILL_AREA_STYLE_COLOUR('',#13827);
#17210 = CURVE_STYLE('',#17211,POSITIVE_LENGTH_MEASURE(0.1),#13827);
#17211 = DRAUGHTING_PRE_DEFINED_CURVE_FONT('continuous');
#17212 = STYLED_ITEM('color',(#17213),#9710);
#17213 = PRESENTATION_STYLE_ASSIGNMENT((#17214,#17219));
#17214 = SURFACE_STYLE_USAGE(.BOTH.,#17215);
#17215 = SURFACE_SIDE_STYLE('',(#17216));
#17216 = SURFACE_STYLE_FILL_AREA(#17217);
#17217 = FILL_AREA_STYLE('',(#17218));
#17218 = FILL_AREA_STYLE_COLOUR('',#13827);
#17219 = CURVE_STYLE('',#17220,POSITIVE_LENGTH_MEASURE(0.1),#13827);
#17220 = DRAUGHTING_PRE_DEFINED_CURVE_FONT('continuous');
#17221 = STYLED_ITEM('color',(#17222),#9727);
#17222 = PRESENTATION_STYLE_ASSIGNMENT((#17223,#17228));
#17223 = SURFACE_STYLE_USAGE(.BOTH.,#17224);
#17224 = SURFACE_SIDE_STYLE('',(#17225));
#17225 = SURFACE_STYLE_FILL_AREA(#17226);
#17226 = FILL_AREA_STYLE('',(#17227));
#17227 = FILL_AREA_STYLE_COLOUR('',#13827);
#17228 = CURVE_STYLE('',#17229,POSITIVE_LENGTH_MEASURE(0.1),#13827);
#17229 = DRAUGHTING_PRE_DEFINED_CURVE_FONT('continuous');
#17230 = STYLED_ITEM('color',(#17231),#9744);
#17231 = PRESENTATION_STYLE_ASSIGNMENT((#17232,#17237));
#17232 = SURFACE_STYLE_USAGE(.BOTH.,#17233);
#17233 = SURFACE_SIDE_STYLE('',(#17234));
#17234 = SURFACE_STYLE_FILL_AREA(#17235);
#17235 = FILL_AREA_STYLE('',(#17236));
#17236 = FILL_AREA_STYLE_COLOUR('',#13827);
#17237 = CURVE_STYLE('',#17238,POSITIVE_LENGTH_MEASURE(0.1),#13827);
#17238 = DRAUGHTING_PRE_DEFINED_CURVE_FONT('continuous');
#17239 = STYLED_ITEM('color',(#17240),#9761);
#17240 = PRESENTATION_STYLE_ASSIGNMENT((#17241,#17246));
#17241 = SURFACE_STYLE_USAGE(.BOTH.,#17242);
#17242 = SURFACE_SIDE_STYLE('',(#17243));
#17243 = SURFACE_STYLE_FILL_AREA(#17244);
#17244 = FILL_AREA_STYLE('',(#17245));
#17245 = FILL_AREA_STYLE_COLOUR('',#13827);
#17246 = CURVE_STYLE('',#17247,POSITIVE_LENGTH_MEASURE(0.1),#13827);
#17247 = DRAUGHTING_PRE_DEFINED_CURVE_FONT('continuous');
#17248 = STYLED_ITEM('color',(#17249),#9778);
#17249 = PRESENTATION_STYLE_ASSIGNMENT((#17250,#17255));
#17250 = SURFACE_STYLE_USAGE(.BOTH.,#17251);
#17251 = SURFACE_SIDE_STYLE('',(#17252));
#17252 = SURFACE_STYLE_FILL_AREA(#17253);
#17253 = FILL_AREA_STYLE('',(#17254));
#17254 = FILL_AREA_STYLE_COLOUR('',#13827);
#17255 = CURVE_STYLE('',#17256,POSITIVE_LENGTH_MEASURE(0.1),#13827);
#17256 = DRAUGHTING_PRE_DEFINED_CURVE_FONT('continuous');
#17257 = STYLED_ITEM('color',(#17258),#9795);
#17258 = PRESENTATION_STYLE_ASSIGNMENT((#17259,#17264));
#17259 = SURFACE_STYLE_USAGE(.BOTH.,#17260);
#17260 = SURFACE_SIDE_STYLE('',(#17261));
#17261 = SURFACE_STYLE_FILL_AREA(#17262);
#17262 = FILL_AREA_STYLE('',(#17263));
#17263 = FILL_AREA_STYLE_COLOUR('',#13827);
#17264 = CURVE_STYLE('',#17265,POSITIVE_LENGTH_MEASURE(0.1),#13827);
#17265 = DRAUGHTING_PRE_DEFINED_CURVE_FONT('continuous');
#17266 = STYLED_ITEM('color',(#17267),#9812);
#17267 = PRESENTATION_STYLE_ASSIGNMENT((#17268,#17273));
#17268 = SURFACE_STYLE_USAGE(.BOTH.,#17269);
#17269 = SURFACE_SIDE_STYLE('',(#17270));
#17270 = SURFACE_STYLE_FILL_AREA(#17271);
#17271 = FILL_AREA_STYLE('',(#17272));
#17272 = FILL_AREA_STYLE_COLOUR('',#13827);
#17273 = CURVE_STYLE('',#17274,POSITIVE_LENGTH_MEASURE(0.1),#13827);
#17274 = DRAUGHTING_PRE_DEFINED_CURVE_FONT('continuous');
#17275 = STYLED_ITEM('color',(#17276),#9829);
#17276 = PRESENTATION_STYLE_ASSIGNMENT((#17277,#17282));
#17277 = SURFACE_STYLE_USAGE(.BOTH.,#17278);
#17278 = SURFACE_SIDE_STYLE('',(#17279));
#17279 = SURFACE_STYLE_FILL_AREA(#17280);
#17280 = FILL_AREA_STYLE('',(#17281));
#17281 = FILL_AREA_STYLE_COLOUR('',#13827);
#17282 = CURVE_STYLE('',#17283,POSITIVE_LENGTH_MEASURE(0.1),#13827);
#17283 = DRAUGHTING_PRE_DEFINED_CURVE_FONT('continuous');
#17284 = STYLED_ITEM('color',(#17285),#9841);
#17285 = PRESENTATION_STYLE_ASSIGNMENT((#17286,#17291));
#17286 = SURFACE_STYLE_USAGE(.BOTH.,#17287);
#17287 = SURFACE_SIDE_STYLE('',(#17288));
#17288 = SURFACE_STYLE_FILL_AREA(#17289);
#17289 = FILL_AREA_STYLE('',(#17290));
#17290 = FILL_AREA_STYLE_COLOUR('',#13827);
#17291 = CURVE_STYLE('',#17292,POSITIVE_LENGTH_MEASURE(0.1),#13827);
#17292 = DRAUGHTING_PRE_DEFINED_CURVE_FONT('continuous');
#17293 = STYLED_ITEM('color',(#17294),#9858);
#17294 = PRESENTATION_STYLE_ASSIGNMENT((#17295,#17300));
#17295 = SURFACE_STYLE_USAGE(.BOTH.,#17296);
#17296 = SURFACE_SIDE_STYLE('',(#17297));
#17297 = SURFACE_STYLE_FILL_AREA(#17298);
#17298 = FILL_AREA_STYLE('',(#17299));
#17299 = FILL_AREA_STYLE_COLOUR('',#13827);
#17300 = CURVE_STYLE('',#17301,POSITIVE_LENGTH_MEASURE(0.1),#13827);
#17301 = DRAUGHTING_PRE_DEFINED_CURVE_FONT('continuous');
#17302 = STYLED_ITEM('color',(#17303),#9875);
#17303 = PRESENTATION_STYLE_ASSIGNMENT((#17304,#17309));
#17304 = SURFACE_STYLE_USAGE(.BOTH.,#17305);
#17305 = SURFACE_SIDE_STYLE('',(#17306));
#17306 = SURFACE_STYLE_FILL_AREA(#17307);
#17307 = FILL_AREA_STYLE('',(#17308));
#17308 = FILL_AREA_STYLE_COLOUR('',#13827);
#17309 = CURVE_STYLE('',#17310,POSITIVE_LENGTH_MEASURE(0.1),#13827);
#17310 = DRAUGHTING_PRE_DEFINED_CURVE_FONT('continuous');
#17311 = STYLED_ITEM('color',(#17312),#9892);
#17312 = PRESENTATION_STYLE_ASSIGNMENT((#17313,#17318));
#17313 = SURFACE_STYLE_USAGE(.BOTH.,#17314);
#17314 = SURFACE_SIDE_STYLE('',(#17315));
#17315 = SURFACE_STYLE_FILL_AREA(#17316);
#17316 = FILL_AREA_STYLE('',(#17317));
#17317 = FILL_AREA_STYLE_COLOUR('',#13827);
#17318 = CURVE_STYLE('',#17319,POSITIVE_LENGTH_MEASURE(0.1),#13827);
#17319 = DRAUGHTING_PRE_DEFINED_CURVE_FONT('continuous');
#17320 = STYLED_ITEM('color',(#17321),#9909);
#17321 = PRESENTATION_STYLE_ASSIGNMENT((#17322,#17327));
#17322 = SURFACE_STYLE_USAGE(.BOTH.,#17323);
#17323 = SURFACE_SIDE_STYLE('',(#17324));
#17324 = SURFACE_STYLE_FILL_AREA(#17325);
#17325 = FILL_AREA_STYLE('',(#17326));
#17326 = FILL_AREA_STYLE_COLOUR('',#13827);
#17327 = CURVE_STYLE('',#17328,POSITIVE_LENGTH_MEASURE(0.1),#13827);
#17328 = DRAUGHTING_PRE_DEFINED_CURVE_FONT('continuous');
#17329 = STYLED_ITEM('color',(#17330),#9926);
#17330 = PRESENTATION_STYLE_ASSIGNMENT((#17331,#17336));
#17331 = SURFACE_STYLE_USAGE(.BOTH.,#17332);
#17332 = SURFACE_SIDE_STYLE('',(#17333));
#17333 = SURFACE_STYLE_FILL_AREA(#17334);
#17334 = FILL_AREA_STYLE('',(#17335));
#17335 = FILL_AREA_STYLE_COLOUR('',#13827);
#17336 = CURVE_STYLE('',#17337,POSITIVE_LENGTH_MEASURE(0.1),#13827);
#17337 = DRAUGHTING_PRE_DEFINED_CURVE_FONT('continuous');
#17338 = STYLED_ITEM('color',(#17339),#9943);
#17339 = PRESENTATION_STYLE_ASSIGNMENT((#17340,#17345));
#17340 = SURFACE_STYLE_USAGE(.BOTH.,#17341);
#17341 = SURFACE_SIDE_STYLE('',(#17342));
#17342 = SURFACE_STYLE_FILL_AREA(#17343);
#17343 = FILL_AREA_STYLE('',(#17344));
#17344 = FILL_AREA_STYLE_COLOUR('',#13827);
#17345 = CURVE_STYLE('',#17346,POSITIVE_LENGTH_MEASURE(0.1),#13827);
#17346 = DRAUGHTING_PRE_DEFINED_CURVE_FONT('continuous');
#17347 = STYLED_ITEM('color',(#17348),#9960);
#17348 = PRESENTATION_STYLE_ASSIGNMENT((#17349,#17354));
#17349 = SURFACE_STYLE_USAGE(.BOTH.,#17350);
#17350 = SURFACE_SIDE_STYLE('',(#17351));
#17351 = SURFACE_STYLE_FILL_AREA(#17352);
#17352 = FILL_AREA_STYLE('',(#17353));
#17353 = FILL_AREA_STYLE_COLOUR('',#13827);
#17354 = CURVE_STYLE('',#17355,POSITIVE_LENGTH_MEASURE(0.1),#13827);
#17355 = DRAUGHTING_PRE_DEFINED_CURVE_FONT('continuous');
#17356 = STYLED_ITEM('color',(#17357),#9972);
#17357 = PRESENTATION_STYLE_ASSIGNMENT((#17358,#17364));
#17358 = SURFACE_STYLE_USAGE(.BOTH.,#17359);
#17359 = SURFACE_SIDE_STYLE('',(#17360));
#17360 = SURFACE_STYLE_FILL_AREA(#17361);
#17361 = FILL_AREA_STYLE('',(#17362));
#17362 = FILL_AREA_STYLE_COLOUR('',#17363);
#17363 = COLOUR_RGB('',0.690999998585,0.664000007176,0.597999987832);
#17364 = CURVE_STYLE('',#17365,POSITIVE_LENGTH_MEASURE(0.1),#17363);
#17365 = DRAUGHTING_PRE_DEFINED_CURVE_FONT('continuous');
#17366 = MECHANICAL_DESIGN_GEOMETRIC_PRESENTATION_REPRESENTATION('',(
    #17367,#17374,#17381,#17388,#17395,#17402,#17409,#17416,#17423,
    #17430,#17437,#17444,#17451,#17458,#17465,#17472,#17479,#17486,
    #17493,#17500,#17507,#17514,#17521,#17528,#17535,#17542,#17549,
    #17556),#934);
#17367 = STYLED_ITEM('color',(#17368),#82);
#17368 = PRESENTATION_STYLE_ASSIGNMENT((#17369));
#17369 = SURFACE_STYLE_USAGE(.BOTH.,#17370);
#17370 = SURFACE_SIDE_STYLE('',(#17371));
#17371 = SURFACE_STYLE_FILL_AREA(#17372);
#17372 = FILL_AREA_STYLE('',(#17373));
#17373 = FILL_AREA_STYLE_COLOUR('',#13827);
#17374 = STYLED_ITEM('color',(#17375),#158);
#17375 = PRESENTATION_STYLE_ASSIGNMENT((#17376));
#17376 = SURFACE_STYLE_USAGE(.BOTH.,#17377);
#17377 = SURFACE_SIDE_STYLE('',(#17378));
#17378 = SURFACE_STYLE_FILL_AREA(#17379);
#17379 = FILL_AREA_STYLE('',(#17380));
#17380 = FILL_AREA_STYLE_COLOUR('',#13827);
#17381 = STYLED_ITEM('color',(#17382),#189);
#17382 = PRESENTATION_STYLE_ASSIGNMENT((#17383));
#17383 = SURFACE_STYLE_USAGE(.BOTH.,#17384);
#17384 = SURFACE_SIDE_STYLE('',(#17385));
#17385 = SURFACE_STYLE_FILL_AREA(#17386);
#17386 = FILL_AREA_STYLE('',(#17387));
#17387 = FILL_AREA_STYLE_COLOUR('',#13827);
#17388 = STYLED_ITEM('color',(#17389),#214);
#17389 = PRESENTATION_STYLE_ASSIGNMENT((#17390));
#17390 = SURFACE_STYLE_USAGE(.BOTH.,#17391);
#17391 = SURFACE_SIDE_STYLE('',(#17392));
#17392 = SURFACE_STYLE_FILL_AREA(#17393);
#17393 = FILL_AREA_STYLE('',(#17394));
#17394 = FILL_AREA_STYLE_COLOUR('',#13827);
#17395 = STYLED_ITEM('color',(#17396),#239);
#17396 = PRESENTATION_STYLE_ASSIGNMENT((#17397));
#17397 = SURFACE_STYLE_USAGE(.BOTH.,#17398);
#17398 = SURFACE_SIDE_STYLE('',(#17399));
#17399 = SURFACE_STYLE_FILL_AREA(#17400);
#17400 = FILL_AREA_STYLE('',(#17401));
#17401 = FILL_AREA_STYLE_COLOUR('',#13827);
#17402 = STYLED_ITEM('color',(#17403),#263);
#17403 = PRESENTATION_STYLE_ASSIGNMENT((#17404));
#17404 = SURFACE_STYLE_USAGE(.BOTH.,#17405);
#17405 = SURFACE_SIDE_STYLE('',(#17406));
#17406 = SURFACE_STYLE_FILL_AREA(#17407);
#17407 = FILL_AREA_STYLE('',(#17408));
#17408 = FILL_AREA_STYLE_COLOUR('',#13827);
#17409 = STYLED_ITEM('color',(#17410),#287);
#17410 = PRESENTATION_STYLE_ASSIGNMENT((#17411));
#17411 = SURFACE_STYLE_USAGE(.BOTH.,#17412);
#17412 = SURFACE_SIDE_STYLE('',(#17413));
#17413 = SURFACE_STYLE_FILL_AREA(#17414);
#17414 = FILL_AREA_STYLE('',(#17415));
#17415 = FILL_AREA_STYLE_COLOUR('',#13827);
#17416 = STYLED_ITEM('color',(#17417),#312);
#17417 = PRESENTATION_STYLE_ASSIGNMENT((#17418));
#17418 = SURFACE_STYLE_USAGE(.BOTH.,#17419);
#17419 = SURFACE_SIDE_STYLE('',(#17420));
#17420 = SURFACE_STYLE_FILL_AREA(#17421);
#17421 = FILL_AREA_STYLE('',(#17422));
#17422 = FILL_AREA_STYLE_COLOUR('',#13827);
#17423 = STYLED_ITEM('color',(#17424),#337);
#17424 = PRESENTATION_STYLE_ASSIGNMENT((#17425));
#17425 = SURFACE_STYLE_USAGE(.BOTH.,#17426);
#17426 = SURFACE_SIDE_STYLE('',(#17427));
#17427 = SURFACE_STYLE_FILL_AREA(#17428);
#17428 = FILL_AREA_STYLE('',(#17429));
#17429 = FILL_AREA_STYLE_COLOUR('',#13827);
#17430 = STYLED_ITEM('color',(#17431),#354);
#17431 = PRESENTATION_STYLE_ASSIGNMENT((#17432));
#17432 = SURFACE_STYLE_USAGE(.BOTH.,#17433);
#17433 = SURFACE_SIDE_STYLE('',(#17434));
#17434 = SURFACE_STYLE_FILL_AREA(#17435);
#17435 = FILL_AREA_STYLE('',(#17436));
#17436 = FILL_AREA_STYLE_COLOUR('',#13827);
#17437 = STYLED_ITEM('color',(#17438),#440);
#17438 = PRESENTATION_STYLE_ASSIGNMENT((#17439));
#17439 = SURFACE_STYLE_USAGE(.BOTH.,#17440);
#17440 = SURFACE_SIDE_STYLE('',(#17441));
#17441 = SURFACE_STYLE_FILL_AREA(#17442);
#17442 = FILL_AREA_STYLE('',(#17443));
#17443 = FILL_AREA_STYLE_COLOUR('',#13898);
#17444 = STYLED_ITEM('color',(#17445),#472);
#17445 = PRESENTATION_STYLE_ASSIGNMENT((#17446));
#17446 = SURFACE_STYLE_USAGE(.BOTH.,#17447);
#17447 = SURFACE_SIDE_STYLE('',(#17448));
#17448 = SURFACE_STYLE_FILL_AREA(#17449);
#17449 = FILL_AREA_STYLE('',(#17450));
#17450 = FILL_AREA_STYLE_COLOUR('',#13898);
#17451 = STYLED_ITEM('color',(#17452),#496);
#17452 = PRESENTATION_STYLE_ASSIGNMENT((#17453));
#17453 = SURFACE_STYLE_USAGE(.BOTH.,#17454);
#17454 = SURFACE_SIDE_STYLE('',(#17455));
#17455 = SURFACE_STYLE_FILL_AREA(#17456);
#17456 = FILL_AREA_STYLE('',(#17457));
#17457 = FILL_AREA_STYLE_COLOUR('',#13898);
#17458 = STYLED_ITEM('color',(#17459),#521);
#17459 = PRESENTATION_STYLE_ASSIGNMENT((#17460));
#17460 = SURFACE_STYLE_USAGE(.BOTH.,#17461);
#17461 = SURFACE_SIDE_STYLE('',(#17462));
#17462 = SURFACE_STYLE_FILL_AREA(#17463);
#17463 = FILL_AREA_STYLE('',(#17464));
#17464 = FILL_AREA_STYLE_COLOUR('',#13898);
#17465 = STYLED_ITEM('color',(#17466),#545);
#17466 = PRESENTATION_STYLE_ASSIGNMENT((#17467));
#17467 = SURFACE_STYLE_USAGE(.BOTH.,#17468);
#17468 = SURFACE_SIDE_STYLE('',(#17469));
#17469 = SURFACE_STYLE_FILL_AREA(#17470);
#17470 = FILL_AREA_STYLE('',(#17471));
#17471 = FILL_AREA_STYLE_COLOUR('',#13898);
#17472 = STYLED_ITEM('color',(#17473),#570);
#17473 = PRESENTATION_STYLE_ASSIGNMENT((#17474));
#17474 = SURFACE_STYLE_USAGE(.BOTH.,#17475);
#17475 = SURFACE_SIDE_STYLE('',(#17476));
#17476 = SURFACE_STYLE_FILL_AREA(#17477);
#17477 = FILL_AREA_STYLE('',(#17478));
#17478 = FILL_AREA_STYLE_COLOUR('',#13898);
#17479 = STYLED_ITEM('color',(#17480),#594);
#17480 = PRESENTATION_STYLE_ASSIGNMENT((#17481));
#17481 = SURFACE_STYLE_USAGE(.BOTH.,#17482);
#17482 = SURFACE_SIDE_STYLE('',(#17483));
#17483 = SURFACE_STYLE_FILL_AREA(#17484);
#17484 = FILL_AREA_STYLE('',(#17485));
#17485 = FILL_AREA_STYLE_COLOUR('',#13898);
#17486 = STYLED_ITEM('color',(#17487),#619);
#17487 = PRESENTATION_STYLE_ASSIGNMENT((#17488));
#17488 = SURFACE_STYLE_USAGE(.BOTH.,#17489);
#17489 = SURFACE_SIDE_STYLE('',(#17490));
#17490 = SURFACE_STYLE_FILL_AREA(#17491);
#17491 = FILL_AREA_STYLE('',(#17492));
#17492 = FILL_AREA_STYLE_COLOUR('',#13898);
#17493 = STYLED_ITEM('color',(#17494),#636);
#17494 = PRESENTATION_STYLE_ASSIGNMENT((#17495));
#17495 = SURFACE_STYLE_USAGE(.BOTH.,#17496);
#17496 = SURFACE_SIDE_STYLE('',(#17497));
#17497 = SURFACE_STYLE_FILL_AREA(#17498);
#17498 = FILL_AREA_STYLE('',(#17499));
#17499 = FILL_AREA_STYLE_COLOUR('',#13827);
#17500 = STYLED_ITEM('color',(#17501),#722);
#17501 = PRESENTATION_STYLE_ASSIGNMENT((#17502));
#17502 = SURFACE_STYLE_USAGE(.BOTH.,#17503);
#17503 = SURFACE_SIDE_STYLE('',(#17504));
#17504 = SURFACE_STYLE_FILL_AREA(#17505);
#17505 = FILL_AREA_STYLE('',(#17506));
#17506 = FILL_AREA_STYLE_COLOUR('',#13827);
#17507 = STYLED_ITEM('color',(#17508),#753);
#17508 = PRESENTATION_STYLE_ASSIGNMENT((#17509));
#17509 = SURFACE_STYLE_USAGE(.BOTH.,#17510);
#17510 = SURFACE_SIDE_STYLE('',(#17511));
#17511 = SURFACE_STYLE_FILL_AREA(#17512);
#17512 = FILL_AREA_STYLE('',(#17513));
#17513 = FILL_AREA_STYLE_COLOUR('',#13827);
#17514 = STYLED_ITEM('color',(#17515),#778);
#17515 = PRESENTATION_STYLE_ASSIGNMENT((#17516));
#17516 = SURFACE_STYLE_USAGE(.BOTH.,#17517);
#17517 = SURFACE_SIDE_STYLE('',(#17518));
#17518 = SURFACE_STYLE_FILL_AREA(#17519);
#17519 = FILL_AREA_STYLE('',(#17520));
#17520 = FILL_AREA_STYLE_COLOUR('',#13827);
#17521 = STYLED_ITEM('color',(#17522),#803);
#17522 = PRESENTATION_STYLE_ASSIGNMENT((#17523));
#17523 = SURFACE_STYLE_USAGE(.BOTH.,#17524);
#17524 = SURFACE_SIDE_STYLE('',(#17525));
#17525 = SURFACE_STYLE_FILL_AREA(#17526);
#17526 = FILL_AREA_STYLE('',(#17527));
#17527 = FILL_AREA_STYLE_COLOUR('',#13827);
#17528 = STYLED_ITEM('color',(#17529),#827);
#17529 = PRESENTATION_STYLE_ASSIGNMENT((#17530));
#17530 = SURFACE_STYLE_USAGE(.BOTH.,#17531);
#17531 = SURFACE_SIDE_STYLE('',(#17532));
#17532 = SURFACE_STYLE_FILL_AREA(#17533);
#17533 = FILL_AREA_STYLE('',(#17534));
#17534 = FILL_AREA_STYLE_COLOUR('',#13827);
#17535 = STYLED_ITEM('color',(#17536),#851);
#17536 = PRESENTATION_STYLE_ASSIGNMENT((#17537));
#17537 = SURFACE_STYLE_USAGE(.BOTH.,#17538);
#17538 = SURFACE_SIDE_STYLE('',(#17539));
#17539 = SURFACE_STYLE_FILL_AREA(#17540);
#17540 = FILL_AREA_STYLE('',(#17541));
#17541 = FILL_AREA_STYLE_COLOUR('',#13827);
#17542 = STYLED_ITEM('color',(#17543),#876);
#17543 = PRESENTATION_STYLE_ASSIGNMENT((#17544));
#17544 = SURFACE_STYLE_USAGE(.BOTH.,#17545);
#17545 = SURFACE_SIDE_STYLE('',(#17546));
#17546 = SURFACE_STYLE_FILL_AREA(#17547);
#17547 = FILL_AREA_STYLE('',(#17548));
#17548 = FILL_AREA_STYLE_COLOUR('',#13827);
#17549 = STYLED_ITEM('color',(#17550),#901);
#17550 = PRESENTATION_STYLE_ASSIGNMENT((#17551));
#17551 = SURFACE_STYLE_USAGE(.BOTH.,#17552);
#17552 = SURFACE_SIDE_STYLE('',(#17553));
#17553 = SURFACE_STYLE_FILL_AREA(#17554);
#17554 = FILL_AREA_STYLE('',(#17555));
#17555 = FILL_AREA_STYLE_COLOUR('',#13827);
#17556 = STYLED_ITEM('color',(#17557),#918);
#17557 = PRESENTATION_STYLE_ASSIGNMENT((#17558));
#17558 = SURFACE_STYLE_USAGE(.BOTH.,#17559);
#17559 = SURFACE_SIDE_STYLE('',(#17560));
#17560 = SURFACE_STYLE_FILL_AREA(#17561);
#17561 = FILL_AREA_STYLE('',(#17562));
#17562 = FILL_AREA_STYLE_COLOUR('',#13827);
ENDSEC;
END-ISO-10303-21;
